ॐ	oː m
ॐ	o m
ॐ	õ m
ॐ	o ũ m
ॐ	oː m
ॐ	o m
ॐ	õ m
ॐ	o m
ॐ	o u̯ m
ং	ŋ
ং	ŋ
অঁকোল	ɔ̃ k o l
অঁকোল	ɔ k o l
অংকন	ɔ ŋ k ɔ n
অংকন	ɔ ŋ k ɔ n
অংগুস্তানা	ɔ ŋ ɡ u s t̪ a n aˑ
অংগুস্তানা	ɔ ŋ ɡ u s t̪ a n aˑ
অংশ	ɔ ŋ ʃ oˑ
অংশ	ɔ ŋ ʃ oˑ
অংশক	ɔ ŋ ʃ ɔ k
অংশক	ɔ ŋ ʃ ɔ k
অংশমান	ɔ ŋ ʃ ɔ m a n
অংশমান	ɔ ŋ ʃ ɔ m a n
অংশল	ɔ ŋ ʃ ɔ l
অংশল	ɔ ŋ ʃ ɔ l
অংশাংশি	ɔ ŋ ʃ a ŋ ʃ iˑ
অংশাংশি	ɔ ŋ ʃ a ŋ ʃ iˑ
অংশাবতার	ɔ ŋ ʃ a b o t̪ a ɾ
অংশাবতার	ɔ ŋ ʃ a b o t̪ a ɹ
অংশু	ɔ ŋ ʃ uˑ
অংশু	ɔ ŋ ʃ uˑ
অংশুক	ɔ ŋ ʃ u k
অংশুক	ɔ ŋ ʃ u k
অংশুপট্ট	ɔ ŋ ʃ u p ɔ ʈː oˑ
অংশুপট্ট	ɔ ŋ ʃ u p ɔ tː oˑ
অংশুল	ɔ ŋ ʃ u l
অংশুল	ɔ ŋ ʃ u l
অংশুশিরা	ɔ ŋ ʃ u ʃ i ɾ aˑ
অংশুশিরা	ɔ ŋ ʃ u ʃ i ɹ aˑ
অংহ	ɔ ŋ h oˑ
অংহ	ɔ ŋ h oˑ
অই	o i̯
অই	o i̯
অইলদা	ɔ i l d̪ aˑ
অইলদা	ɔ i l d̪ aˑ
অওরত	ɔ o̯ ɾ ɔ t̪
অওরত	ɔ ʊ ɾ ɔ t̪
অওরত	ɔ u ɾ ɔ t̪
অওরত	ɔ o̯ ɹ ɔ t̪
অওরত	ɔ ʊ ɹ ɔ t̪
অওরত	ɔ u ɹ ɔ t̪
অওসত	ɔ o̯ ʃ ɔ t̪
অওসত	ɔ o̯ ʃ ɔ t̪
অওসৎ	ɔ o̯ s ɔ t̪
অওসৎ	ɔ o̯ ʃ ɔ t̪
অওসৎ	ɔ o̯ s ɔ t̪
অওসৎ	ɔ o̯ ʃ ɔ t̪
অকচ	ɔ k ɔ t͡ʃ
অকচ	ɔ k ɔ t ɕ
অকচা	ɔ k ɔ t͡ʃ aˑ
অকচা	ɔ k ɔ t ɕ aˑ
অকঠোর	ɔ k ɔ ʈʰ o ɾ
অকঠোর	ɔ k ɔ tʰ o ɹ
অকথা	ɔ k ɔ t̪ʰ aˑ
অকথা	ɔ k ɔ t̪ʰ aˑ
অকপটচিত্তে	ɔ k ɔ p ɔ ʈ t͡ʃ i t̪ː eˑ
অকপটচিত্তে	ɔ k ɔ p ɔ tː ɕ i t̪ː eˑ
অকমনীয়	ɔ k ɔ m o n i̯ oˑ
অকমনীয়	ɔ k ɔ m o n i̯ oˑ
অকম্পিত	ɔ k ɔ m p i t̪ oˑ
অকম্পিত	ɔ k ɔ m p i t̪ oˑ
অকরণ	ɔ k ɾ o n
অকরণ	ɔ k ɹ o n
অকরুণ	ɔ k o ɾ u n
অকরুণ	ɔ k o ɹ u n
অকর্ণ	ɔ k ɔ ɾ n oˑ
অকর্ণ	ɔ k ɔ ɹ n oˑ
অকর্তা	ɔ k ɔ ɾ t̪ aˑ
অকর্তা	ɔ k ɔ ɹ t̪ aˑ
অকর্মণ্য	ɔ k ɔ ɾ m ɔ nː oˑ
অকর্মণ্য	ɔ k ɔ ɹ m ɔ nː oˑ
অকর্মা	ɔ k ɔ ɾ m aˑ
অকর্মা	ɔ k ɔ ɹ m aˑ
অকর্ষিত	ɔ k ɔ ɾ ʃ i t̪ oˑ
অকর্ষিত	ɔ k ɔ ɹ ʃ i t̪ oˑ
অকল	ɔ k ɔ l
অকল	ɔ k ɔ l
অকলঙ্ক	ɔ k ɔ l o ŋ k oˑ
অকলঙ্ক	ɔ k ɔ l o ŋ k oˑ
অকলঙ্কিত	ɔ k ɔ l o ŋ k i t̪ oˑ
অকলঙ্কিত	ɔ k ɔ l o ŋ k i t̪ oˑ
অকলঙ্কী	ɔ k ɔ l o ŋ k iˑ
অকলঙ্কী	ɔ k ɔ l o ŋ k iˑ
অকলমন্দ	ɔ k o l m ɔ n d̪ oˑ
অকলমন্দ	ɔ k o l m ɔ n d̪
অকলমন্দ	ɔ k o l m ɔ n d̪ oˑ
অকলমন্দ	ɔ k o l m ɔ n d̪
অকল্ক	ɔ k ɔ l k ɔˑ
অকল্ক	ɔ k ɔ l k ɔˑ
অকল্কা	ɔ k ɔ l k aˑ
অকল্কা	ɔ k ɔ l k aˑ
অকল্পনা	ɔ k ɔ l p ɔ n aˑ
অকল্পনা	ɔ k ɔ l p ɔ n aˑ
অকল্পনীয়	ɔ k ɔ l p o n i̯ oˑ
অকল্পনীয়	ɔ k ɔ l p o n i̯ oˑ
অকল্মষ	ɔ k ɔ l m ɔ ʃ
অকল্মষ	ɔ k ɔ l m ɔ ʃ
অকল্যাণ	ɔ k ɔ l l a n
অকল্যাণ	ɔ k ɔ l l a n
অকল্যাণকর	ɔ k ɔ lː a n k ɔ ɾ
অকল্যাণকর	ɔ k ɔ lː a n k ɔ ɹ
অকল্যাণকারিণী	ɔ k ɔ lː a n k a ɾ i n iˑ
অকল্যাণকারিণী	ɔ k ɔ lː a n k a ɹ i n iˑ
অকস্মাৎ	ɔ k ɔ ʃː a t̪
অকস্মাৎ	ɔ k ɔ ʃː a t̪
অকাজ	ɔ k a d͡ʒ
অকাজ	ɔ k a d ʑ
অকাট	ɔ k a ʈ
অকাট	ɔ k a t
অকাট্য	ɔ k a ʈː oˑ
অকাট্য	ɔ k a tː oˑ
অকাঠা	ɔ k a ʈʰ aˑ
অকাঠা	ɔ k a tʰ aˑ
অকাণ্ড	ɔ k a n ɖ ɔˑ
অকাণ্ড	ɔ k a n d ɔˑ
অকাণ্ডে	ɔ k a ɳ ɖ eˑ
অকাণ্ডে	ɔ k a n d eˑ
অকাতর	ɔ k a t̪ ɔ ɾ
অকাতর	ɔ k a t̪ ɔ ɹ
অকাতরে	ɔ k a t̪ ɔ ɾ eˑ
অকাতরে	ɔ k a t̪ ɔ ɹ eˑ
অকাম	ɔ k a m
অকাম	ɔ k a m
অকাম্য	ɔ k a mː oˑ
অকাম্য	ɔ k a mː oˑ
অকার	ɔ k a ɾ
অকার	ɔ k a ɹ
অকারণ	ɔ k a ɾ o n
অকারণ	ɔ k a ɹ o n
অকারণে	ɔ k a ɾ ɔ n eˑ
অকারণে	ɔ k a ɹ ɔ n eˑ
অকারত	ɔ k a ɾ ɔ t̪
অকারত	ɔ k a ɹ ɔ t̪
অকারাদি	ɔ k a ɾ a d̪ iˑ
অকারাদি	ɔ k a ɹ a d̪ iˑ
অকারান্ত	ɔ k a ɾ a n t̪ oˑ
অকারান্ত	ɔ k a ɹ a n t̪ oˑ
অকার্য	ɔ k a ɾ d͡ʒ oˑ
অকার্য	ɔ k a ɹ d ʑ oˑ
অকার্যকরী	ɔ k a ɾ d͡ʒ ɔ k o ɾ iˑ
অকার্যকরী	ɔ k a ɹ d ʑ ɔ k o ɹ iˑ
অকাল	ɔ k a l
অকাল	ɔ k a l
অকালপক্ব	ɔ k a l p ɔ kː oˑ
অকালপক্ব	ɔ k a l p ɔ kː oˑ
অকালপক্বতা	ɔ k a l p ɔ kː ɔ t̪ aˑ
অকালপক্বতা	ɔ k a l p ɔ kː ɔ t̪ aˑ
অকালবর্ষণ	ɔ k a l b ɔ ɾ ʃ ɔ n
অকালবর্ষণ	ɔ k a l b ɔ ɹ ʃ ɔ n
অকালবার্ধক্য	ɔ k a l b a ɾ d̪ʱ ɔ kː oˑ
অকালবার্ধক্য	ɔ k a l b a ɹ d̪ʱ ɔ kː oˑ
অকালবোধন	ɔ k a l b o d̪ʱ ɔ n
অকালবোধন	ɔ k a l b o d̪ʱ ɔ n
অকালমৃত্যু	ɔ k a l m ɾ i t̪ː uˑ
অকালমৃত্যু	ɔ k a l m ɹ i t̪ː uˑ
অকালসন্ধ্যা	ɔ k a l ɔ ʃ ɔ n d̪ʱ aˑ
অকালসন্ধ্যা	ɔ k a l ɔ ʃ ɔ n d̪ʱ aˑ
অকালে	ɔ k a l eˑ
অকালে	ɔ k a l eˑ
অকিঞ্চনতা	ɔ k i n t͡ʃ ɔ n o t̪ aˑ
অকিঞ্চনতা	ɔ k i n t ɕ ɔ n o t̪ aˑ
অকিঞ্চনত্ব	ɔ k i n t͡ʃ ɔ n o t̪ː oˑ
অকিঞ্চনত্ব	ɔ k i n t ɕ ɔ n o t̪ː oˑ
অকিঞ্চিৎ	ɔ k i n t͡ʃ i t̪
অকিঞ্চিৎ	ɔ k i n t ɕ i t̪
অকিঞ্চিৎকরতা	ɔ k i n t͡ʃ i t̪ k ɔ ɾ o t̪ aˑ
অকিঞ্চিৎকরতা	ɔ k i n t ɕ i t̪ k ɔ ɹ o t̪ aˑ
অকীর্ত	ɔ k i ɾ t̪ oˑ
অকীর্ত	ɔ k i ɹ t̪ oˑ
অকীর্তিকর	ɔ k i ɾ t̪ i k ɔ ɾ
অকীর্তিকর	ɔ k i ɹ t̪ i k ɔ ɹ
অকুটিলতা	ɔ k u ʈ i l ɔ t̪ aˑ
অকুটিলতা	ɔ k u t i l ɔ t̪ aˑ
অকুণ্ঠিতচিত্ত	ɔ k u ɳ ʈʰ i t̪ ɔ t͡ʃ i t̪ː oˑ
অকুণ্ঠিতচিত্ত	ɔ k u n tʰ i t̪ ɔ t ɕ i t̪ː oˑ
অকুণ্ঠিতচিত্তে	ɔ k u ɳ ʈʰ i t̪ ɔ t͡ʃ i t̪ː eˑ
অকুণ্ঠিতচিত্তে	ɔ k u n tʰ i t̪ ɔ t ɕ i t̪ː eˑ
অকৃতকার্যতা	ɔ k ŕ t̪ ɔ k a ɾ d͡ʒ ɔ t̪ aˑ
অকৃতকার্যতা	ɔ k ŕ t̪ ɔ k a ɹ d ʑ ɔ t̪ aˑ
অকৃপ	ɔ k ɾ i p
অকৃপ	ɔ k ɹ i p
অকৃষ্ণ	ɔ k ɾ i ʃ n oˑ
অকৃষ্ণ	ɔ k ɹ i ʃ n oˑ
অকেজো	ɔ k e d͡ʒ oˑ
অকেজো	ɔ k e d ʑ oˑ
অকেশ	ɔ k e ʃ
অকেশ	ɔ k e ʃ
অকোবিদ	ɔ k o b i d̪
অকোবিদ	ɔ k o b i d̪
অকৌশল	ɔ k o u̯ ʃ ɔ l
অকৌশল	ɔ k o u̯ ʃ ɔ l
অক্কা	ɔ kː aˑ
অক্কা	ɔ kː aˑ
অক্টোপাস	ɔ k ʈ o p a ʃ
অক্টোপাস	ɔ k t o p a ʃ
অক্টোবর	ɔ k ʈ o b ɔ ɾ
অক্টোবর	ɔ k t o b ɔ ɹ
অক্ত	ɔ k t̪ oˑ
অক্ত	ɔ k t̪ oˑ
অক্রিয়	ɔ k ɾ i̯ oˑ
অক্রিয়	ɔ k ɹ i̯ oˑ
অক্রিয়কর্মা	ɔ k ɾ i̯ o k ɔ ɾ m aˑ
অক্রিয়কর্মা	ɔ k ɹ i̯ o k ɔ ɹ m aˑ
অক্রিয়তা	ɔ k ɾ i̯ o t̪ aˑ
অক্রিয়তা	ɔ k ɹ i̯ o t̪ aˑ
অক্রিয়া	ɔ kː ɾ i̯ aˑ
অক্রিয়া	ɔ kː ɹ i̯ aˑ
অক্রিয়াচরণ	ɔ kː ɾ i̯ a t͡ʃ ɔ ɾ o n
অক্রিয়াচরণ	ɔ kː ɹ i̯ a t ɕ ɔ ɹ o n
অক্রিয়ানিষ্ঠ	ɔ kː ɾ i̯ a n i ʂ ʈʰ oˑ
অক্রিয়ানিষ্ঠ	ɔ kː ɹ i̯ a n i ʃ tʰ oˑ
অক্রিয়ানিষ্ঠ	ɔ kː ɹ i̯ a n i s tʰ oˑ
অক্রিয়ান্বিত	ɔ kː ɾ i̯ a nː i t̪ oˑ
অক্রিয়ান্বিত	ɔ kː ɹ i̯ a nː i t̪ oˑ
অক্রিয়ারত	ɔ kː ɾ i̯ a ɾ ɔ t̪ oˑ
অক্রিয়ারত	ɔ kː ɹ i̯ a ɹ ɔ t̪ oˑ
অক্রিয়াসক্ত	ɔ kː ɾ i̯ a ʃ ɔ k t̪ oˑ
অক্রিয়াসক্ত	ɔ kː ɹ i̯ a ʃ ɔ k t̪ oˑ
অক্ষ	ɔ kʰː oˑ
অক্ষ	ɔ kʰː oˑ
অক্ষটি	ɔ kʰː o ʈ iˑ
অক্ষটি	ɔ kʰː o t iˑ
অক্ষত	ɔ kʰː ɔ t̪ oˑ
অক্ষত	ɔ kʰː ɔ t̪ oˑ
অক্ষবৃত্ত	ɔ kʰː ɔ b ɾ i t̪ː oˑ
অক্ষবৃত্ত	ɔ kʰː ɔ b ɹ i t̪ː oˑ
অক্ষয়	ɔ kʰː ɔ e̯
অক্ষয়	ɔ kʰː ɔ e̯
অক্ষয়কীর্তি	ɔ kʰː ɔ e̯ k i ɾ t̪ iˑ
অক্ষয়কীর্তি	ɔ kʰː ɔ e̯ k i ɹ t̪ iˑ
অক্ষরডম্বর	ɔ kʰː ɔ ɾ o ɖ ɔ m b ɔ ɾ
অক্ষরডম্বর	ɔ kʰː ɔ ɹ o d ɔ m b ɔ ɹ
অক্ষরবৃত্ত	ɔ k kʰ ɔ ɾ b ɾ i t̪ t̪ oˑ
অক্ষরবৃত্ত	ɔ k kʰ ɔ ɹ b ɹ i t̪ t̪ oˑ
অক্ষরমালা	ɔ kʰː ɔ ɾ m a l aˑ
অক্ষরমালা	ɔ kʰː ɔ ɹ m a l aˑ
অক্ষরেখা	ɔ kʰː ɔ ɾ e kʰ aˑ
অক্ষরেখা	ɔ kʰː ɔ ɹ e kʰ aˑ
অক্ষশক্তি	ɔ kʰː ɔ ʃ ɔ k t̪ iˑ
অক্ষশক্তি	ɔ kʰː ɔ ʃ ɔ k t̪ iˑ
অক্ষি	o kʰː iˑ
অক্ষি	ɔ kʰː iˑ
অক্ষি	o kʰː iˑ
অক্ষি	ɔ kʰː iˑ
অক্ষিলোম	ɔ kʰː i l o m
অক্ষিলোম	ɔ kʰː i l o m
অক্ষিশালাক্য	ɔ kʰː i ʃ a l a kː oˑ
অক্ষিশালাক্য	ɔ kʰː i ʃ a l a kː oˑ
অক্ষীয়	ɔ kʰː i̯ oˑ
অক্ষীয়	ɔ kʰː i̯ oˑ
অক্ষুণ্ণ	ɔ kʰː u nː oˑ
অক্ষুণ্ণ	ɔ kʰː u nː oˑ
অক্ষুণ্ণচিত্ত	ɔ kʰː u nː ɔ t͡ʃ i t̪ː oˑ
অক্ষুণ্ণচিত্ত	ɔ kʰː u nː ɔ t ɕ i t̪ː oˑ
অক্ষুণ্ণচিত্তে	ɔ kʰː u nː ɔ t͡ʃ i t̪ː eˑ
অক্ষুণ্ণচিত্তে	ɔ kʰː u nː ɔ t ɕ i t̪ː eˑ
অখণ্ড	ɔ kʰ ɔ ɳ ɖ oˑ
অখণ্ড	ɔ kʰ ɔ n d oˑ
অখণ্ডিত	ɔ kʰ o ɳ ɖ i t̪ oˑ
অখণ্ডিত	ɔ kʰ o n d i t̪ oˑ
অখিল	ɔ kʰ i l
অখিল	ɔ kʰ i l
অখিলেশ	ɔ kʰ i l e ʃ
অখিলেশ	ɔ kʰ i l e ʃ
অগচ্ছিত	ɔ ɡ ɔ t͡ʃʰː i t̪ oˑ
অগচ্ছিত	ɔ ɡ ɔ t ɕʰː i t̪ oˑ
অগম্য	ɔ ɡ ɔ mː oˑ
অগম্য	ɔ ɡ ɔ mː oˑ
অগস্ট	ɔ ɡ ɔ s ʈ
অগস্ট	ɔ ɡ ɔ ʂ ʈ
অগস্ট	ɔ ɡ ɔ s ʈ oˑ
অগস্ট	ɔ ɡ ɔ ʂ ʈ oˑ
অগস্ট	ɔ ɡ ɔ s t
অগস্ট	ɔ ɡ ɔ s t
অগস্ট	ɔ ɡ ɔ s t oˑ
অগস্ট	ɔ ɡ ɔ s t oˑ
অগাষ্ট	ɔ ɡ a s ʈ
অগাষ্ট	ɔ ɡ a ʂ ʈ
অগাষ্ট	ɔ ɡ a s t
অগাষ্ট	ɔ ɡ a s t
অগুরু	ɔ ɡ u ɾ uˑ
অগুরু	ɔ ɡ u ɹ uˑ
অগোছালো	ɔ ɡ o t͡ʃʰ a l oˑ
অগোছালো	ɔ ɡ o t ɕʰ a l oˑ
অগোপনীয়	ɔ ɡ o p o n i̯ oˑ
অগোপনীয়	ɔ ɡ o p o n i̯ oˑ
অগ্নি	o ɡ n iˑ
অগ্নি	o ɡ n iˑ
অগ্নিকাণ্ড	ɔ ɡ n i k a ɳ ɖ oˑ
অগ্নিকাণ্ড	ɔ ɡ n i k a n d oˑ
অগ্নিকুণ্ড	ɔ ɡ n i k u ɳ ɖ oˑ
অগ্নিকুণ্ড	ɔ ɡ n i k u n d oˑ
অগ্নিদাহ্য	ɔ ɡ n i d̪ a z̪̪ d͡ʒʱ oˑ
অগ্নিদাহ্য	ɔ ɡ n i d̪ a d͡ʒ d͡ʒʱ oˑ
অগ্নিদাহ্য	ɔ ɡ n i d̪ a d ʑʱː oˑ
অগ্নিমূল্য	ɔ ɡ n i m u l l ɔˑ
অগ্নিমূল্য	ɔ ɡ n i m u l l ɔˑ
অগ্ন্যস্ত্র	ɔ ɡ nː ɔ s t̪ː ɾ oˑ
অগ্ন্যস্ত্র	ɔ ɡ nː ɔ s t̪ː ɹ oˑ
অগ্র	ɔ ɡ ɾ oˑ
অগ্র	ɔ ɡ ɹ oˑ
অগ্রজ	ɔ ɡ ɾ ɔ d͡ʒ
অগ্রজ	ɔ ɡ ɹ ɔ d ʑ
অগ্রজিহ্বা	ɔ ɡ ɾ ɔ d͡ʒ i u̯ bʱ aˑ
অগ্রজিহ্বা	ɔ ɡ ɾ ɔ d͡ʒ i u̯ v aˑ
অগ্রজিহ্বা	ɔ ɡ ɹ ɔ d ʑ i u̯ bʱ aˑ
অগ্রজিহ্বা	ɔ ɡ ɹ ɔ d ʑ i u̯ v aˑ
অগ্রসূচনা	ɔ ɡ ɡ ɾ ɔ ʃ u t͡ʃ ɔ n aˑ
অগ্রসূচনা	ɔ ɡ ɡ ɹ ɔ ʃ u t ɕ ɔ n aˑ
অগ্রহায়ণ	ɔ ɡ ɾ o h a e̯ o n
অগ্রহায়ণ	ɔ ɡ ɹ o h a e̯ o n
অগ্র্য	ɔ ɡ ɾ d͡ʒ oˑ
অগ্র্য	ɔ ɡ ɹ d ʑ oˑ
অঘ	ɔ ɡ
অঘ	ɔ ɡ
অঘ্রান	ɔ ɡʱ ɾ a n
অঘ্রান	ɔ ɡ ɾ a n
অঘ্রান	ɔ ɡʱ ɹ a n
অঘ্রান	ɔ ɡ ɹ a n
অঙ্গ	ɔ ŋ ɡ oˑ
অঙ্গ	ɔ ŋ ɡ oˑ
অঙ্গন	ɔ ŋ ɡ o n
অঙ্গন	ɔ ŋ ɡ o n
অঙ্গার	ɔ ŋ ɡ a ɾ
অঙ্গার	ɔ ŋ ɡ a ɹ
অঙ্গুষ্ঠ	ɔ ŋ ɡ u ʂ ʈʰ oˑ
অঙ্গুষ্ঠ	ɔ ŋ ɡ u ʃ tʰ oˑ
অঙ্গুষ্ঠ	ɔ ŋ ɡ u s tʰ oˑ
অচেনা	ɔ t͡ʃ e n aˑ
অচেনা	ɔ t ɕ e n aˑ
অছি	ɔ t͡ʃʰ iˑ
অছি	ɔ t ɕʰ iˑ
অছি	ɔ s iˑ
অছি	ɔ s iˑ
অজগর	ɔ d͡ʒ o ɡ ɔ ɾ
অজগর	ɔ d ʑ o ɡ ɔ ɹ
অজুহাত	ɔ d͡ʒ u h a t̪
অজুহাত	ɔ d ʑ u h a t̪
অজুহাত	ɔ d̪ z u h a t̪
অজুহাত	ɔ z u h a t̪
অজ্ঞাত	ɔ ɡː æ t̪ oˑ
অজ্ঞাত	ɔ ɡː ɛ t̪ oˑ
অজ্ঞাতনামা	ɔ ɡː æ t̪ o n a m aˑ
অজ্ঞাতনামা	ɔ ɡː æ t̪ o n a m aˑ
অঞ্চল	ɔ n t͡ʃ ɔ l
অঞ্চল	ɔ n t ɕ ɔ l
অঞ্জলি	ɔ n d͡ʒ o l iˑ
অঞ্জলি	ɔ n d ʑ o l iˑ
অটল	ɔ ʈ ɔ l
অটল	ɔ t ɔ l
অড়হর	ɔ ɽ h ɔ ɾ
অড়হর	ɔ ɾ h ɔ ɾ
অড়হর	ɔ ɽ o h ɔ ɾ
অড়হর	ɔ ɾ o h ɔ ɾ
অড়হর	ɔ ɹ h ɔ ɹ
অড়হর	ɔ ɹ o h ɔ ɹ
অণু	o n uˑ
অণু	o n uˑ
অণুবীক্ষণ	o n u b i kʰː ɔ n
অণুবীক্ষণ	o n u b i kʰː ɔ n
অণ্ড	ɔ ɳ ɖ oˑ
অণ্ড	ɔ n d oˑ
অণ্ডজ	ɔ ɳ ɖ o d͡ʒ
অণ্ডজ	ɔ n d o d ʑ
অতএব	ɔ t̪ o e b
অতএব	ɔ t̪ o e b
অতিথি	o t̪ i t̪ʰ iˑ
অতিথি	o t̪ i t̪ʰ iˑ
অতিরিক্ত	o t̪ i ɾ i k t̪ oˑ
অতিরিক্ত	o t̪ i ɹ i k t̪ oˑ
অতীত	o t̪ i t̪
অতীত	o t̪ i t̪
অত্যাচার	o t̪ː a t͡ʃ a ɾ
অত্যাচার	o t̪ː a t ɕ a ɹ
অথবা	ɔ t̪ʰ o b aˑ
অথবা	ɔ t̪ʰ o b aˑ
অদৃশ্য	ɔ d̪ː ɾ i ʃː oˑ
অদৃশ্য	ɔ d̪ː ɹ i ʃː oˑ
অদ্বিতীয়	ɔ d̪ː i t̪ i̯ oˑ
অদ্বিতীয়	ɔ d̪ː i t̪ i̯ oˑ
অদ্ভুত	ɔ d̪ bʱ u t̪
অদ্ভুত	ɔ d̪ v u t̪
অদ্ভুত	ɔ d̪ bʱ u t̪
অদ্ভুত	ɔ d̪ v u t̪
অধঃপতন	ɔ d̪ʱ ɔ h p ɔ t̪ o n
অধঃপতন	ɔ d̪ʱ ɔ h p ɔ t̪ o n
অধর্ম	ɔ d̪ʱ ɔ ɾ m ɔˑ
অধর্ম	ɔ d̪ʱ ɔ ɹ m ɔˑ
অধিকার	o d̪ʱ i k a ɾ
অধিকার	ɔ d̪ʱ i k a ɾ
অধিকার	o d̪ʱ i k a ɹ
অধিকার	ɔ d̪ʱ i k a ɹ
অধীর	ɔ d̪ʱ i ɹ
অধীর	ɔ d̪ʱ i ɹ
অধীশ্বর	ɔ d̪ʱ i ʃː ɔ ɾ
অধীশ্বর	ɔ d̪ʱ i ʃː ɔ ɹ
অধৈর্য	ɔ dʱ o i̯ r d͡ʒː o
অধ্যয়ন	ɔ d̪ʱː ɔ e̯ o n
অধ্যয়ন	ɔ d̪ʱː ɔ e̯ o n
অধ্যাদেশ	ɔ d̪ʱː a d̪ e ʃ
অধ্যাদেশ	ɔ d̪ʱː a d̪ e ʃ
অধ্যায়	ɔ d̪ʱː a e̯
অধ্যায়	ɔ d̪ʱː a e̯
অনন্ত	ɔ n ɔ n t̪ oˑ
অনন্ত	ɔ n ɔ n t̪ oˑ
অনন্যসাধারণ	ɔ n o nː ɔ s a d̪ʱ a ɾ o n
অনন্যসাধারণ	ɔ n o nː ɔ s a d̪ʱ a ɹ o n
অনন্যা	ɔ n o nː aˑ
অনন্যা	ɔ n o nː aˑ
অনভিপ্রেত	ɔ n bʱ i p ɾ e t̪
অনভিপ্রেত	ɔ n v i p ɾ e t̪
অনভিপ্রেত	ɔ n bʱ i p ɹ e t̪
অনভিপ্রেত	ɔ n v i p ɹ e t̪
অনল	ɔ n o l
অনল	ɔ n o l
অনলাইন	ɔ n l a i̯ n
অনলাইন	ɔ n l a i̯ n
অনস্বীকার্য	ɔ n ɔ ʃː i k a ɾ d̪͡ʒ oˑ
অনস্বীকার্য	ɔ n ɔ ʃː i k a ɾ d̪͡ʒ oˑ
অনার্য	ɔ n a ɾ d͡ʒ oˑ
অনার্য	ɔ n a ɹ d ʑ oˑ
অনাশ্চর্যজনক	ɔ n a ʃ t͡ʃ ɔ ɾ d͡ʒ ɔ d͡ʒ ɔ n o k
অনাশ্চর্যজনক	ɔ n a s t͡ʃ ɔ ɾ d͡ʒ ɔ d͡ʒ ɔ n o k
অনাশ্চর্যজনক	ɔ n a ʃ t ɕ ɔ ɹ d ʑ ɔ d ʑ ɔ n o k
অনাশ্চর্যজনক	ɔ n a s t ɕ ɔ ɹ d ʑ ɔ d ʑ ɔ n o k
অনাস্থা	ɔ n a s t̪ʰ aˑ
অনাস্থা	ɔ n a s t̪ʰ aˑ
অনিল	o n i l
অনিল	o n i l
অনিষ্ট	ɔ n i ʂ ʈ oˑ
অনিষ্ট	ɔ n i ʃ t oˑ
অনিষ্ট	ɔ n i s t oˑ
অনুগত	o n u ɡ ɔ t̪ oˑ
অনুগত	o n u ɡ ɔ t̪ oˑ
অনুতপ্ত	o n u t̪ ɔ p t̪ oˑ
অনুতপ্ত	o n u t̪ ɔ p t̪ oˑ
অনুধাবন	o n u d̪ʱ a b o n
অনুধাবন	o n u d̪ʱ a b o n
অনুনাসিক	o n u n a ʃ i k
অনুনাসিক	o n u n a ʃ i k
অনুবাদ	o n u b a d̪
অনুবাদ	o n u b a d̪
অনুবাদক	o n u b a d̪ ɔ k
অনুবাদক	o n u b a d̪ ɔ k
অনুভব	o n u bʱ ɔ b
অনুভব	o n u v ɔ b
অনুভব	o n u bʱ ɔ b
অনুভব	o n u v ɔ b
অনুভূতি	o n u bʱ u t̪ iˑ
অনুভূতি	o n u v u t̪ iˑ
অনুভূতি	o n u bʱ u t̪ iˑ
অনুভূতি	o n u v u t̪ iˑ
অনুমতি	o n u m o t̪ iˑ
অনুমতি	o n u m o t̪ iˑ
অনুযায়ী	o n u d͡ʒ a i̯
অনুযায়ী	o n u d ʑ a i̯
অনুরাগ	o n u ɾ a ɡ
অনুরাগ	o n u ɹ a ɡ
অনুরোধ	o n u ɾ o d̪
অনুরোধ	o n u ɹ o d̪
অনুরোধে	o n u ɾ o d̪ʱ eˑ
অনুরোধে	o n u ɹ o d̪ʱ eˑ
অনুষ্ঠান	o n u ʂ ʈʰ a n
অনুষ্ঠান	o n u ʃ tʰ a n
অনুষ্ঠান	o n u s tʰ a n
অনুসার	o n u ʃ a ɾ
অনুসার	o n u ʃ a ɹ
অনুস্বর	o n u ʃː ɔ ɾ
অনুস্বর	o n u ʃː ɔ ɹ
অনুস্বার	o n u ʃː a ɾ
অনুস্বার	o n u ʃː a ɹ
অনেক	ɔ n e k
অনেক	ɔ n e k
অন্টারিও	ɔ ɳ ʈ a ɾ i̯ oˑ
অন্টারিও	ɔ n t a ɹ i̯ oˑ
অন্ত	ɔ n t̪ oˑ
অন্ত	ɔ n t̪ oˑ
অন্তঃস্থ	ɔ n t̪ ɔ h s t̪ʰ oˑ
অন্তঃস্থ	ɔ n t̪ ɔ h s t̪ʰ oˑ
অন্তর	ɔ n t̪ ɔ ɾ
অন্তর	ɔ n t̪ ɔ ɹ
অন্ধ	ɔ n d̪ʱ oˑ
অন্ধ	ɔ n d̪ʱ oˑ
অন্ধ	ɔ n d̪ʱ ɔˑ
অন্ধ	ɔ n d̪ ɔ́ˑ
অন্ধ	ɔ n d̪ʱ ɔˑ
অন্ধকার	ɔ n d̪ʱ o k a ɾ
অন্ধকার	ɔ n d̪ʱ o k a ɹ
অন্ধপ্রায়	ɔ n d̪ʱ ɔ p ɾ a e̯
অন্ধপ্রায়	ɔ n d̪ʱ ɔ p ɹ a e̯
অন্ধ্র	ɔ n d̪ʱ ɾ ɔˑ
অন্ধ্র	ɔ n d̪ʱ ɹ ɔˑ
অন্ধ্রপ্রদেশ	ɔ n d̪ʱ ɾ o p ɾ o d̪ e ʃ
অন্ধ্রপ্রদেশ	ɔ n d̪ʱ o ɾ p ɾ o d̪ e ʃ
অন্ধ্রপ্রদেশ	ɔ n d̪ʱ ɹ o p ɹ o d̪ e ʃ
অন্ধ্রপ্রদেশ	ɔ n d̪ʱ o ɹ p ɹ o d̪ e ʃ
অন্ন	ɔ nː oˑ
অন্ন	ɔ nː oˑ
অন্বেষণ	ɔ nː e ʃ ɔ n
অন্বেষণ	ɔ nː e ʃ ɔ n
অন্য	o nː oˑ
অন্য	o nː oˑ
অন্যতম	o nː o t̪ ɔ m oˑ
অন্যতম	o nː o t̪ ɔ m oˑ
অন্যথায়	ɔ nː ɔ t̪ʰ a e̯
অন্যথায়	ɔ nː ɔ t̪ʰ a e̯
অন্যায়াচরণ	ɔ nː a e̯ a t͡ʃ ɔ ɾ o n
অন্যায়াচরণ	ɔ nː a e̯ a t ɕ ɔ ɹ o n
অন্যূন	ɔ nː u n oˑ
অন্যূন	ɔ nː u n oˑ
অন্যোঢ়া	ɔ nː o ɽʱ aˑ
অন্যোঢ়া	ɔ nː o ɽ aˑ
অন্যোঢ়া	ɔ nː o ɾ h aˑ
অন্যোঢ়া	ɔ nː o ɹ aˑ
অপ	ɔː p
অপ	ɔ p
অপ	ɔː p
অপ	ɔ p
অপকার	ɔ p o k a ɾ
অপকার	ɔ p o k a ɹ
অপদেবতা	ɔ p o d̪ e b o t̪ aˑ
অপদেবতা	ɔ p o d̪ e b o t̪ aˑ
অপবিজ্ঞান	ɔ p b i ɡː æ n
অপবিজ্ঞান	ɔ p b i ɡː ɛ n
অপব্যাখ্যা	ɔ p ɔ bː a kʰː aˑ
অপব্যাখ্যা	ɔ p ɔ bː a kʰː aˑ
অপমান	ɔ p o m a n
অপমান	ɔ p o m a n
অপমানিত	ɔ p m a n i t̪ oˑ
অপমানিত	ɔ p m a n i t̪ oˑ
অপরাধ	ɔ p o ɾ a d̪
অপরাধ	ɔ p o ɹ a d̪
অপরাহ্ণ	ɔ p ɔ ɾ a n h oˑ
অপরাহ্ণ	ɔ p ɔ ɾ a nː oˑ
অপরাহ্ণ	ɔ p ɔ ɹ a n h oˑ
অপরাহ্ণ	ɔ p ɔ ɹ a nː oˑ
অপরিচিত	ɔ p ɔ ɾ i t͡ʃ i t̪ oˑ
অপরিচিত	ɔ p ɔ ɹ i t ɕ i t̪ oˑ
অপরিবর্তনীয়	ɔ p o ɾ i b ɔ ɾ t̪ o n i̯ oˑ
অপরিবর্তনীয়	ɔ p o ɹ i b ɔ ɹ t̪ o n i̯ oˑ
অপরিমেয়	ɔ p o ɾ i m e oˑ
অপরিমেয়	ɔ p o ɹ i m e oˑ
অপহরণ	ɔ p o h ɔ ɾ o n
অপহরণ	ɔ p o h ɔ ɹ o n
অপারেশন	ɔ p a ɾ e ʃ o n
অপারেশন	ɔ p a ɹ e ʃ o n
অপিনিহিতি	ɔ p i n i h i t̪ iˑ
অপিনিহিতি	ɔ p i n i h i t̪ iˑ
অপেক্ষা	ɔ p e kʰː aˑ
অপেক্ষা	ɔ p e kʰː aˑ
অপেক্ষাকৃত	ɔ p e kʰː a k ɾ i t̪ oˑ
অপেক্ষাকৃত	ɔ p e kʰː a k ɹ i t̪ oˑ
অপ্সরা	ɔ p ʃ ɔ ɾ aˑ
অপ্সরা	ɔ p ʃ ɔ ɹ aˑ
অফিস	ɔ f i ʃ
অফিস	ɔ f i s
অফিস	ɔ p h i s
অফিস	ɔ f i ʃ
অফিস	ɔ f i s
অফিস	ɔ p h i s
অবগুন্ঠন	ɔ b o ɡ u ɳ ʈʰ o n
অবগুন্ঠন	ɔ b o ɡ u n tʰ o n
অবগ্রহ	ɔ b o ɡ ɾ ɔ h oˑ
অবগ্রহ	ɔ b o ɡ ɹ ɔ h oˑ
অবতার	ɔ b o t̪ a ɾ
অবতার	ɔ b o t̪ a ɹ
অবলম্বন	ɔ b o l ɔ m b o n
অবলম্বন	ɔ b o l ɔ m b o n
অবশ্য	ɔ b o ʃː oˑ
অবশ্য	ɔ b o ʃː oˑ
অবসাদ	ɔ b ʃ a d̪
অবসাদ	ɔ b ʃ a d̪
অবস্থা	ɔ b o s t̪ʰ aˑ
অবস্থা	ɔ b o s t̪ aˑ
অবস্থা	ɔ b o s t̪ʰ aˑ
অবস্থা	ɔ b o s t̪ aˑ
অবাক	ɔ b ä k
অবাক	ɔ b äː k
অবিচার	ɔ b i t͡ʃ a ɾ
অবিচার	ɔ b i t ɕ a ɹ
অবৈজ্ঞানিক	ɔ b o i̯ ɡː æ n i k
অবৈজ্ঞানিক	ɔ b o i̯ ɡː ɛ n i k
অবৈধ	ɔ b o i̯ d̪ʱ oˑ
অবৈধ	ɔ b o i̯ d̪ʱ oˑ
অব্জ	ɔ b d͡ʒ oˑ
অব্জ	ɔ b d ʑ oˑ
অব্দ	ɔ b d̪ oˑ
অব্দ	ɔ b d̪ oˑ
অভিজ্ঞ	o bʱ i ɡː õˑ
অভিজ্ঞ	o v i ɡː õˑ
অভিজ্ঞ	o bʱ i ɡː õˑ
অভিজ্ঞ	o v i ɡː oˑ
অভিজ্ঞতা	o bʱ i ɡː ɔ t̪ aˑ
অভিজ্ঞতা	o v i ɡː ɔ t̪ aˑ
অভিজ্ঞতা	o bʱ i ɡː ɔ t̪ aˑ
অভিজ্ঞতা	o v i ɡː ɔ t̪ aˑ
অভিধান	o bʱ i d̪ʱ a n
অভিধান	o v i d̪ʱ a n
অভিধান	o b i d̪ʱ a n
অভিধান	o bʱ i d̪ʱ a n
অভিধান	o v i d̪ʱ a n
অভিধান	o b i d̪ʱ a n
অভিনেতা	ɔ bʱ i n e t̪ aˑ
অভিনেতা	ɔ v i n e t̪ aˑ
অভিনেতা	ɔ bʱ i n e t̪ aˑ
অভিনেতা	ɔ v i n e t̪ aˑ
অভিনেত্রী	ɔ bʱ i n e t̪ː ɾ iˑ
অভিনেত্রী	ɔ v i n e t̪ː ɾ iˑ
অভিনেত্রী	ɔ bʱ i n e t̪ː ɹ iˑ
অভিনেত্রী	ɔ v i n e t̪ː ɹ iˑ
অভিপ্রায়	o bʱ i p ɾ a e̯
অভিপ্রায়	o v i p ɾ a e̯
অভিপ্রায়	o bʱ i p ɹ a e̯
অভিপ্রায়	o v i p ɹ a e̯
অভিমত	o bʱ i m ɔ t̪
অভিমত	o v i m ɔ t̪
অভিমত	o bʱ i m ɔ t̪
অভিমত	o v i m ɔ t̪
অভিমত	o bʱ i m ɔ t̪ oˑ
অভিমত	o v i m ɔ t̪ oˑ
অভিমত	o bʱ i m ɔ t̪ oˑ
অভিমত	o v i m ɔ t̪ oˑ
অভিমন্যু	ɔ bʱ i m ɔ nː uˑ
অভিমন্যু	ɔ v i m ɔ nː uˑ
অভিমন্যু	ɔ bʱ i m ɔ nː uˑ
অভিমন্যু	ɔ v i m ɔ nː uˑ
অভিযুক্ত	o bʱ i d͡ʒ u k t̪ oˑ
অভিযুক্ত	o v i d͡ʒ u k t̪ oˑ
অভিযুক্ত	o bʱ i d ʑ u k t̪ oˑ
অভিযুক্ত	o v i d ʑ u k t̪ oˑ
অভিযোগ	o bʱ i d͡ʒ o ɡ
অভিযোগ	o v i d͡ʒ o ɡ
অভিযোগ	o bʱ i d ʑ o ɡ
অভিযোগ	o v i d ʑ o ɡ
অভিশ্রুতি	ɔ bʱ i s ɾ u t̪ iˑ
অভিশ্রুতি	ɔ v i s ɾ u t̪ iˑ
অভিশ্রুতি	ɔ bʱ i s ɹ u t̪ iˑ
অভিশ্রুতি	ɔ v i s ɹ u t̪ iˑ
অভিষিক্ত	ɔ bʱ i ʃ i k t̪ oˑ
অভিষিক্ত	ɔ v i ʃ i k t̪ oˑ
অভিষিক্ত	ɔ bʱ i ʃ i k t̪ oˑ
অভিষিক্ত	ɔ v i ʃ i k t̪ oˑ
অভিষেক	ɔ bʱ i ʃ e k
অভিষেক	ɔ v i ʃ e k
অভিষেক	ɔ bʱ i ʃ e k
অভিষেক	ɔ v i ʃ e k
অভিস্রবণ	ɔ bʱ i s ɾ ɔ b o n
অভিস্রবণ	ɔ v i s ɾ ɔ b o n
অভিস্রবণ	ɔ bʱ i s ɹ ɔ b o n
অভিস্রবণ	ɔ v i s ɹ ɔ b o n
অভীষ্ট	ɔ bʱ i ʂ ʈ oˑ
অভীষ্ট	ɔ v i ʂ ʈ oˑ
অভীষ্ট	ɔ bʱ i ʃ t oˑ
অভীষ্ট	ɔ v i s t oˑ
অভ্যাস	ɔ bʱː a ʃ
অভ্যাস	ɔ vː a ʃ
অভ্যাস	ɔ bʱː a ʃ
অভ্যাস	ɔ vː a ʃ
অভ্যুত্থান	ɔ bʱː u t̪ʰː a n
অভ্যুত্থান	ɔ vː u t̪ʰː a n
অভ্যুত্থান	ɔ bʱː u t̪ʰː a n
অভ্যুত্থান	ɔ vː u t̪ʰː a n
অভ্র	ɔ bʱ ɾ oˑ
অভ্র	ɔ v ɾ oˑ
অভ্র	ɔ bʱ ɹ oˑ
অভ্র	ɔ v ɹ oˑ
অমন	ɔ m o n
অমন	ɔ m o n
অমিত	o m i t̪
অমিত	o m i t̪
অমিতাভ	ɔ m i t̪ a b
অমিতাভ	ɔ m i t̪ a v
অমিতাভ	ɔ m i t̪ a b
অমিতাভ	ɔ m i t̪ a v
অমূল্য	ɔ m u lː oˑ
অমূল্য	ɔ m u lː oˑ
অম্বর	ɔ m b ɔ ɾ
অম্বর	ɔ m b ɔ ɹ
অম্বর	ɔ m b ɔ ɾ
অম্বর	ɔ m b ɔ ɹ
অম্লান	ɔ m l a n
অম্লান	ɔ m l a n
অয়ন	ɔ e̯ o n
অয়ন	ɔ e̯ o n
অয়স্কান্ত	ɔ e̯ o s k a n t̪ oˑ
অয়স্কান্ত	ɔ e̯ o s k a n t̪ oˑ
অযোধ্যা	ɔ d͡ʒ o d̪ʱː aˑ
অযোধ্যা	ɔ d ʑ o d̪ʱː aˑ
অরণ্য	ɔ ɾ o nː oˑ
অরণ্য	ɔ ɹ o nː oˑ
অরিজিনাল	ɔ ɾ i d͡ʒ i n a l
অরিজিনাল	ɔ ɹ i d ʑ i n a l
অরিত্র	ɔ ɾ i t̪ː ɾ oˑ
অরিত্র	ɔ ɾ i t̪ː ɾ oˑ
অরুণ	o ɾ u n
অরুণ	o ɾ u n
অর্ঘ্য	ɔ ɾ ɡʱː oˑ
অর্ঘ্য	ɔ ɹ ɡʱː oˑ
অর্ণব	ɔ ɾ n o b
অর্ণব	ɔ ɹ n o b
অর্থ	ɔ ɾ t̪ʰ oˑ
অর্থ	ɔ ɹ t̪ʰ oˑ
অর্থহীন	ɔ ɾ t̪ʰ o h i n
অর্থহীন	ɔ ɹ t̪ʰ o h i n
অর্থাৎ	ɔ ɾ t̪ʰ a t̪
অর্থাৎ	ɔ ɹ t̪ʰ a t̪
অর্ধমৃত	ɔ ɾ d̪ʱ o m ɾ i t̪ oˑ
অর্ধমৃত	ɔ ɹ d̪ʱ o m ɹ i t̪ oˑ
অর্পিতা	ɔ ɾ p i t̪ aˑ
অর্পিতা	ɔ ɹ p i t̪ aˑ
অল	ɔː l
অল	ɔ l
অল	ɔː l
অল	ɔ l
অলইদ	ɔ l ɔ i d̪
অলইদ	ɔ l ɔ i d̪
অলঙ্ঘ্য	ɔ l o ŋ ɡʱ oˑ
অলঙ্ঘ্য	ɔ l o ŋ ɡʱ oˑ
অলস	ɔ l o ʃ
অলস	ɔ l o ʃ
অলাত	ɔ l a t̪
অলাত	ɔ l a t̪
অলি	o l iˑ
অলি	o l iˑ
অলৌকিক	ɔ l o u̯ k i k
অলৌকিক	ɔ l o u̯ k i k
অশিক্ষিত	ɔ ʃ i kʰː i t̪ oˑ
অশিক্ষিত	ɔ ʃ i kʰː i t̪ oˑ
অশুচি	ɔ ʃ u t͡ʃ iˑ
অশুচি	ɔ ʃ u t ɕ iˑ
অশ্বগন্ধা	ɔ ʃː ɔ ɡ ɔ n d̪ʱ aˑ
অশ্বগন্ধা	ɔ ʃː ɔ ɡ ɔ n d̪ʱ aˑ
অশ্বেত	ɔ ʃː e t̪
অশ্বেত	ɔ ʃː e t̪
অশ্ম	ɔ ʃː oˑ
অশ্ম	ɔ ʃː oˑ
অশ্মমণ্ডল	ɔ ʃː ɔ m ɔ ɳ ɖ ɔ l
অশ্মমণ্ডল	ɔ ʃː ɔ m ɔ n d ɔ l
অশ্রু	o s ɾ uˑ
অশ্রু	o s ɹ uˑ
অষ্টম	ɔ ʂ ʈ ɔ m
অষ্টম	ɔ ʃ t ɔ m
অষ্টম	ɔ s t ɔ m
অষ্টাদশ	ɔ ʂ ʈ a d̪ ɔ ʃ
অষ্টাদশ	ɔ ʃ t a d̪ ɔ ʃ
অষ্টাদশ	ɔ s t a d̪ ɔ ʃ
অষ্টাশি	ɔ ʂ ʈ a ʃ iˑ
অষ্টাশি	ɔ ʃ t a ʃ iˑ
অষ্টাশি	ɔ s t a ʃ iˑ
অসভ্য	ɔ ʃ o bʱː oˑ
অসভ্য	ɔ ʃ o vː oˑ
অসভ্য	ɔ ʃ o bʱː oˑ
অসভ্য	ɔ ʃ o vː oˑ
অসমীয়া	ɔ ʃ o m i̯ aˑ
অসমীয়া	ɔ ʃ o m i̯ aˑ
অসাধারণ	ɔ ʃ a d̪ʱ a ɾ o n
অসাধারণ	ɔ ʃ a d̪ʱ a ɹ o n
অসি	ɔ ʃ iˑ
অসি	ɔ ʃ iˑ
অসিদ্ধ	ɔ ʃ i d̪ʱː oˑ
অসিদ্ধ	ɔ ʃ i d̪ʱː oˑ
অসিয়ত	ɔ s i̯ ɔ t̪
অসিয়ত	ɔ s i̯ ɔ t̪
অসীমা	ɔ ʃ i m aˑ
অসীমা	ɔ ʃ i m aˑ
অসুখ	ɔ ʃ uː k
অসুখ	ɔ ʃ uː kʰ
অসুস্থ	ɔ ʃ u s t̪ʰ oˑ
অসুস্থ	ɔ ʃ u s t̪ʰ oˑ
অস্ট্রিয়া	ɔ s ʈː ɾ i̯ aˑ
অস্ট্রিয়া	ɔ ʂ ʈː ɾ i̯ aˑ
অস্ট্রিয়া	ɔ s tː ɹ i̯ aˑ
অস্ট্রিয়া	ɔ s tː ɹ i̯ aˑ
অস্ট্রেলিয়া	ɔ s ʈː ɾ e l i̯ aˑ
অস্ট্রেলিয়া	ɔ ʂ ʈː ɾ e l i̯ aˑ
অস্ট্রেলিয়া	ɔ s tː ɹ e l i̯ aˑ
অস্ট্রেলিয়া	ɔ s tː ɹ e l i̯ aˑ
অস্ত্র	ɔ s t̪ː ɾ oˑ
অস্ত্র	ɔ s t̪ː ɹ oˑ
অস্ত্রচিকিৎসা	ɔ s t̪ː ɾ o t͡ʃ i k i t̪ ʃ aˑ
অস্ত্রচিকিৎসা	ɔ s t̪ː ɹ o t ɕ i k i t̪ ʃ aˑ
অস্ত্রোপচার	ɔ s t̪ː ɾ o p o t͡ʃ a ɾ
অস্ত্রোপচার	ɔ s t̪ː ɹ o p o t ɕ a ɹ
অস্থি	o s t̪ʰ iˑ
অস্থি	o s t̪ʰ iˑ
অস্থির	ɔ s t̪ʰ i ɾ
অস্থির	ɔ s t̪ʰ i ɹ
অস্পষ্ট	ɔ ʃ p ɔ ʂ ʈ oˑ
অস্পষ্ট	ɔ s p ɔ ʂ ʈ oˑ
অস্পষ্ট	ɔ ʃ p ɔ ʃ t oˑ
অস্পষ্ট	ɔ ʃ p ɔ s t oˑ
অস্পষ্ট	ɔ s p ɔ ʃ t oˑ
অস্পষ্ট	ɔ s p ɔ s t oˑ
অস্পৃশ্যতা	ɔ ʃ p ɾ i ʃː ɔ t̪ aˑ
অস্পৃশ্যতা	ɔ ʃ p ɹ i ʃː ɔ t̪ aˑ
অস্বস্তি	ɔ ʃː ɔ s t̪ iˑ
অস্বস্তি	ɔ ʃː ɔ s t̪ iˑ
অস্বস্তিকর	ɔ s h s h ɔ s t̪ i k ɔ ɾ
অস্বস্তিকর	ɔ s h s h ɔ s t̪ i k ɔ ɹ
অহংকার	ɔ h o ŋ k a ɾ
অহংকার	ɔ h o ŋ k a ɹ
অহরহ	ɔ h o ɾ ɔ h oˑ
অহরহ	ɔ h o ɹ ɔ h oˑ
অহর্নিশি	ɔ h o ɾ n i ʃ iˑ
অহর্নিশি	ɔ h o ɹ n i ʃ iˑ
অহিংসা	o h i ŋ ʃ aˑ
অহিংসা	o h i ŋ ʃ aˑ
অ্যাদ্দিন	æ d̪ː i n
অ্যাদ্দিন	æ d̪ː i n
অ্যানথ্রাক্স	æ n t̪ʰ ɾ a k s
অ্যানথ্রাক্স	æ n t̪ʰ ɹ a k s
অ্যানিমে	æ n i m eˑ
অ্যানিমে	æ n i m eˑ
অ্যানিমেশন	æ n i m e ʃ ɔ n
অ্যানিমেশন	æ n i m e ʃ ɔ n
অ্যান্টার্কটিকা	æ ɳ ʈ a ɾ k ʈ i k aˑ
অ্যান্টার্কটিকা	ɛ n t a ɹ k t i k aˑ
অ্যাপোলো	æ p o l oˑ
অ্যাপোলো	ɛ p o l oˑ
অ্যামেরিকা	æ m e ɾ i k aˑ
অ্যামেরিকা	æ m e ɹ i k aˑ
অ্যাম্বার	æ m b a ɾ
অ্যাম্বার	ɛ m b a ɹ
অ্যারিজোনা	æ ɾ i z o n aˑ
অ্যারিজোনা	æ ɹ i z o n aˑ
অ্যালগরিদম	æ l ɡ o ɾ i d̪ o m
অ্যালগরিদম	ɛ l ɡ o ɹ i d̪ o m
অ্যালগরিদম	æ l ɡ o ɾ i d̪ m
অ্যালগরিদম	ɛ l ɡ o ɹ i d̪ m
অ্যালবার্টা	æ l b a ɾ ʈ aˑ
অ্যালবার্টা	æ l b a ɹ t aˑ
আঁকড়া	ã k ɽ aˑ
আঁকড়া	ã k ɾ aˑ
আঁকড়া	a k ɹ aˑ
আঁকা	ã k aˑ
আঁকা	a k aˑ
আঁকাবাঁকা	ã k a b ã k aˑ
আঁকাবাঁকা	a k a b a k aˑ
আঁখ	ãː k
আঁখ	ã x
আঁখ	aː k
আঁখ	a x
আঁখি	ã kʰ iˑ
আঁখি	a kʰ iˑ
আঁচল	ã t͡ʃ o l
আঁচল	a t͡ʃ o l
আঁচল	a t ɕ o l
আঁচল	a t ɕ o l
আঁজলা	ã d͡ʒ ɔ l aˑ
আঁজলা	a d ʑ ɔ l aˑ
আঁটা	ã ʈ̟ a
আঁড়	ã ɽ
আঁড়	ãː ɽ
আঁড়	ã ɾ
আঁড়	ãː ɾ
আঁড়	a ɾ
আঁড়	aː ɾ
আঁতাত	ã t̪ a t̪
আঁতাত	a t̪ a t̪
আঁতেল	ã t̪ e l
আঁতেল	a t̪ e l
আঁধার	ã d̪ʱ a ɾ
আঁধার	a d̪ʱ a ɹ
আংটি	a ŋ ʈ iˑ
আংটি	a ɳ ʈ iˑ
আংটি	a ŋ t iˑ
আংটি	a n t iˑ
আংশিক	a ŋ ʃ i k
আংশিক	a ŋ ʃ i k
আইচ	a i̯ t͡ʃ
আইচ	a i̯ t ɕ
আইন	a i̯ n
আইন	a i̯ n
আইয়ুব	a i̯ u b
আইয়ুব	a i̯ː u b
আইয়ুব	a i̯ u b
আইয়ুব	a i̯ː u b
আইসক্রিম	a i̯ s k ɾ i m
আইসক্রিম	a i̯ s k ɹ i m
আইসল্যান্ড	a i̯ s l æ ɳ ɖ
আইসল্যান্ড	a i̯ s l æ n d
আউয়াল	a u̯ a l
আউয়াল	a u̯ a l
আউলিয়া	a u̯ l i̯ aˑ
আউলিয়া	a u̯ l i̯ aˑ
আওতা	a o̯ t̪ aˑ
আওতা	a o̯ t̪ aˑ
আওয়াজ	a o̯ a d͡ʒ
আওয়াজ	a o̯ a d ʑ
আওয়াম	a o̯ a m
আওয়াম	a o̯ aː m
আওয়াম	a o̯ a m
আওয়াম	a o̯ aː m
আওরঙ্গজেব	a o̯ ɾ ɔ ŋ d͡ʒ e b
আওরঙ্গজেব	a o̯ ɾ ɔ ŋ z e b
আওরঙ্গজেব	ɔ o̯ ɾ ɔ ŋ d͡ʒ e b
আওরঙ্গজেব	ɔ o̯ ɾ ɔ ŋ z e b
আওরঙ্গজেব	a o̯ ɹ ɔ ŋ d ʑ e b
আওরঙ্গজেব	a o̯ ɹ ɔ ŋ z e b
আওরঙ্গজেব	ɔ o̯ ɹ ɔ ŋ d ʑ e b
আওরঙ্গজেব	ɔ o̯ ɹ ɔ ŋ z e b
আকবর	a k b ɔ ɾ
আকবর	a k b ɔ ɹ
আকর্ষণ	a k o ɾ ʃ o n
আকর্ষণ	a k ɔ ɾ ʃ o n
আকর্ষণ	a k o ɹ ʃ o n
আকর্ষণ	a k ɔ ɹ ʃ o n
আকসার	a k s a ɾ
আকসার	a k s a ɹ
আকাদেমি	a k a d̪ e m iˑ
আকাদেমি	a k a d̪ e m iˑ
আকাম	a k a m
আকাম	a k a m
আকাশ	a k a ʃ
আকাশ	a k a ʃ
আকুল	a k u l
আকুল	a k u l
আক্কল	a kː ɔ l
আক্কল	a kː ɔ l
আক্রান্ত	a k ɾ a n t̪ oˑ
আক্রান্ত	a k ɹ a n t̪ oˑ
আখ	aː k
আখ	a x
আখ	aː k
আখ	a x
আখতার	a k t̪ a ɾ
আখতার	a x t̪ a ɾ
আখতার	a k t̪ a ɹ
আখতার	a x t̪ a ɹ
আখবার	a kʰ b a ɾ
আখবার	a kʰ b a ɹ
আখরোট	a kʰ ɔ ɾ o ʈ
আখরোট	a kʰ ɔ ɹ o t
আখরোট	a kʰ ɔ ɾ o t
আখরোট	a x ɔ ɹ o t
আখলাক	a kʰ l a k
আখলাক	a kʰ l a k
আখের	a kʰ e ɾ
আখের	a kʰ e ɹ
আখেরাত	a kʰ e ɾ a t̪
আখেরাত	a kʰ e ɹ a t̪
আগ	a ɡ
আগ	a ɡ
আগন	a ɡ o n
আগরতলা	a ɡ ɔ ɾ t̪ ɔ l aˑ
আগরতলা	a ɡ ɔ ɹ t̪ ɔ l aˑ
আগলানো	a ɡ l a n oˑ
আগলানো	a ɡ l a n oˑ
আগস্ট	a ɡ o s ʈ
আগস্ট	a ɡ o ʂ ʈ
আগস্ট	a ɡ o s t
আগস্ট	a ɡ o s t
আগা	a ɡ aˑ
আগা	a ɡ aˑ
আগাজ	a ɡ a d͡ʒ
আগাজ	a ɡ a d ʑ
আগাজ	a ɡ a d̪ z
আগাজ	a ɡ a z
আগানো	a ɡ a n oˑ
আগানো	a ɡ a n oˑ
আগার	a ɡ a ɾ
আগার	a ɡ a ɹ
আগুন	a ɡ u n
আগুন	a ɡ u n
আগে	aː ɡ eˑ
আগে	a ɡ eˑ
আগে	aː ɡ eˑ
আগে	a ɡ eˑ
আগের	a ɡ e ɾ
আগের	a ɡ e ɹ
আগ্নেয়গিরি	a ɡ n e e̯ ɡ i ɾ iˑ
আগ্নেয়গিরি	a ɡ n e e̯ ɡ i ɹ iˑ
আগ্রহ	a ɡː ɾ o h oˑ
আগ্রহ	a ɡː ɹ o h oˑ
আঘণ	a ɡʱ o n
আঘাত	a ɡʱ a t̪
আঘাত	a ɡʱ a t̪
আঙিনা	a ŋ i n aˑ
আঙিনা	a ŋ i n aˑ
আঙুর	a ŋ u ɾ
আঙুর	a ŋ u ɹ
আঙুল	a ŋ u l
আঙ্গুল	a ŋ ɡ u l
আঙ্গুল	a ŋ ɡ u l
আচ	a t͡ʃ
আচ	a t ɕ
আচমকা	a t͡ʃ o m k aˑ
আচমকা	a t ɕ o m k aˑ
আচাভুয়া	a t͡ʃ a bʱ u̯ aˑ
আচাভুয়া	a t͡ʃ a v u̯ aˑ
আচাভুয়া	a t ɕ a bʱ u̯ aˑ
আচাভুয়া	a t ɕ a v u̯ aˑ
আচাভুয়া	a t̪ s a β u̯ aˑ
আচাভুয়া	a s a β u̯ aˑ
আচার	a t͡ʃ a ɾ
আচার	a t ɕ a ɹ
আচ্ছা	a t͡ʃʰː aˑ
আচ্ছা	a t ɕʰː aˑ
আছে	ɑ t͡ʃʰ eˑ
আছে	ɑ t ɕʰ eˑ
আছে	ɑ s eˑ
আজ	a d͡ʒ
আজ	aː d͡ʒ
আজ	a d ʑ
আজ	aː d ʑ
আজকে	a d͡ʒ
আজকে	aː d͡ʒ
আজকে	a d ʑ
আজকে	aː d ʑ
আজব	a d͡ʒ o b
আজব	a d ʑ o b
আজম	a z o m
আজম	a d͡ʒ o m
আজম	a z o m
আজম	a d ʑ o m
আজমায়েশ	a z m a e̯ ʃ
আজমায়েশ	a d͡ʒ m a e̯ ʃ
আজমায়েশ	a z m a e̯ ʃ
আজমায়েশ	a d ʑ m a e̯ ʃ
আজহার	a d͡ʒ h a ɾ
আজহার	a d ʑ h a ɹ
আজহারউদ্দিন	a z h a ɾ u d̪ː i n
আজহারউদ্দিন	a z h a ɹ u d̪ː i n
আজাড়ে	a d͡ʒ a ɽ eˑ
আজাড়ে	a d͡ʒ a ɾ eˑ
আজাদ	a d͡ʒ a d̪
আজাদ	a d ʑ a d̪
আজাব	a d͡ʒ a b
আজাব	a d ʑ a b
আজার	a d͡ʒ a ɾ
আজার	a d ʑ a ɾ
আজার	a d̪ z a ɾ
আজার	a z a ɾ
আজিজ	a z i z
আজিজ	a z i z
আজিজা	a z i z aˑ
আজিজা	a z i z aˑ
আজুড়ে	a d͡ʒ u ɽ eˑ
আজুড়ে	a d͡ʒ u ɾ eˑ
আজ্ঞা	a ɡː aˑ
আজ্ঞা	a ɡː aˑ
আজ্ঞে	a ɡː eˑ
আঞ্জুমান	a n d͡ʒ u m a n
আঞ্জুমান	a n d ʑ u m a n
আট	aː ʈ
আট	a ʈ
আট	aː t
আট	a t
আটকাল	a ʈ k a l
আটকাল	a t k a l
আটচল্লিশ	a ʈ ɔ t͡ʃ ɔ lː i ʃ
আটচল্লিশ	a t ɔ t ɕ ɔ lː i ʃ
আটা	ä ʈ̟ äˑ
আটানব্বই	a ʈ a n ɔ bː o i̯
আটানব্বই	a t a n ɔ bː o i̯
আটানব্বইতম	a ʈ a n ɔ bː o i̯ t̪ ɔ m oˑ
আটানব্বইতম	a t a n ɔ bː o i̯ t̪ ɔ m oˑ
আঠা	a ʈ̟ʰ a
আড়াই	a ɽ a i̯
আড়াই	a ɾ a i̯
আড়াই	a ɹ a i̯
আড়াল	a ɽ a l
আড়াল	a ɾ a l
আড়াল	a ɹ a l
আড্ডা	a ɖː aˑ
আড্ডা	a dː aˑ
আঢ্য	a ɖʱː oˑ
আঢ্য	a dʱː oˑ
আণ	ä n oˑ
আণ্ডা	a ɳ ɖ aˑ
আণ্ডা	a n d aˑ
আতর	a t̪ o ɾ
আতর	a t̪ o ɾ
আতশ	a t̪ o ʃ
আতশ	a t̪ o ʃ
আতশকাচ	a t̪ ɔ ʃ k a t͡ʃ
আতশকাচ	a t̪ ɔ ʃ k a t ɕ
আতশবাজি	a t̪ ɔ ʃ b a z iˑ
আতশবাজি	a t̪ ɔ ʃ b a z iˑ
আতস	a t̪ o ʃ
আতস	a t̪ o ʃ
আতা	a t̪ aˑ
আতা	a t̪ aˑ
আতাতুর্ক	a t̪ a t̪ u ɾ k
আতাতুর্ক	a t̪ a t̪ u ɹ k
আত্মসংযম	a t̪ː ɔ ʃ ɔ ŋ d͡ʒ ɔ m
আত্মসংযম	a t̪ː ɔ ʃ ɔ ŋ d ʑ ɔ m
আত্মহনন	a t̪ː ɔ h o n ɔ n
আত্মহনন	a t̪ː ɔ h o n ɔ n
আত্মা	a t̪ː aˑ
আত্মা	a t̪ː ãˑ
আত্মা	a t̪ː aˑ
আত্মা	a t̪ː aˑ
আত্মীয়	a t̪ː i̯ oˑ
আত্মীয়	a t̪ː i̯ oˑ
আদত	a d̪ ɔ t̪
আদত	a d̪ ɔ t̪
আদম	a d̪ o m
আদম	a d̪ o m
আদমশুমার	ä d̪ ɔ̝ m s̠ u m äˑ ɾ
আদমী	a d̪ o m iˑ
আদমী	a d̪ o m iˑ
আদর	a d̪ o ɾ
আদর	a d̪ o ɹ
আদর্শ	a d̪ o ɾ ʃ oˑ
আদর্শ	a d̪ o ɹ ʃ oˑ
আদা	a d̪ aˑ
আদা	a d̪ aˑ
আদাব	a d̪ a b
আদাব	a d̪ a b
আদালত	a d̪ a l ɔ t̪
আদালত	a d̪ a l ɔ t̪
আদিত্য	a d̪ i t̪ː oˑ
আদিত্য	a d̪ i t̪ː oˑ
আদিপুস্তক	a d̪ i p u s t̪ ɔ k
আদিপুস্তক	a d̪ i p u s t̪ ɔ k
আদিবাসী	a d̪ i b a ʃ iˑ
আদিবাসী	a d̪ i b a ʃ iˑ
আদেশ	a d̪ e ʃ
আদেশ	a d̪ e ʃ
আধ	a d̪
আধ	a d̪
আধিকারিক	a d̪ʱ i k a ɾ i k
আধিকারিক	a d̪ʱ i k a ɹ i k
আধিপত্যবাদ	a d̪ʱ i p ɔ t̪ː ɔ b a d̪
আধিপত্যবাদ	a d̪ʱ i p ɔ t̪ː ɔ b a d̪
আধুনিক	a d̪ʱ u n i k
আধুনিক	a d̪ʱ u n i k
আনখা	a n ɔ kʰ aˑ
আনখা	a n ɔ kʰ aˑ
আনন্দ	a n o n d̪ oˑ
আনন্দ	a n o n d̪ oˑ
আনন্দিত	a n ɔ n d̪ i t̪ oˑ
আনন্দিত	a n ɔ n d̪ i t̪ oˑ
আনা	a n aˑ
আনা	a n aˑ
আনাড়	a n a ɽ
আনাড়	a n a ɾ
আনাড়	a n a ɹ
আনাড়	a n a ɾ
আনাড়	a n a ɹ
আনাড়ি	a n a ɽ iˑ
আনাড়ি	a n a ɾ iˑ
আনাড়ি	a n a ɹ iˑ
আনার	a n a ɾ
আনার	a n a ɹ
আনারস	a n a ɾ ɔ ʃ
আনারস	a n a ɹ ɔ ʃ
আনোয়ার	a n o̯ a ɾ
আনোয়ার	a n o̯ a ɹ
আনোয়ারউদ্দিন	a n o̯ a ɾ u d̪ː i n
আনোয়ারউদ্দিন	a n o̯ a ɹ u d̪ː i n
আন্টার্কটিকা	a ɳ ʈ a ɾ k ʈ i k aˑ
আন্টার্কটিকা	a n t a ɹ k t i k aˑ
আন্তঃনগর	a n t̪ ɔ n o ɡ ɔ ɾ
আন্তঃনগর	a n t̪ ɔ n o ɡ ɔ ɹ
আন্তর্জাতিক	a n t̪ ɔ ɾ d͡ʒ a t̪ i k
আন্তর্জাতিক	a n t̪ ɔ ɹ d ʑ a t̪ i k
আন্তর্জাল	a n t̪ ɔ ɾ d͡ʒ a l
আন্তর্জাল	a n t̪ ɔ ɹ d ʑ a l
আন্দাজ	a n d̪ a d͡ʒ
আন্দাজ	a n d̪ a d ʑ
আন্দোলন	a n d̪ o l ɔ n
আন্দোলন	a n d̪ o l o n
আন্দোলন	a n d̪ o l ɔ n
আন্দোলন	a n d̪ o l o n
আপকাওয়াস্তে	a p k a o̯ a s t̪ eˑ
আপকাওয়াস্তে	a p k a o̯ a s t̪ eˑ
আপত্তি	a p ɔ t̪ː iˑ
আপত্তি	a p ɔ t̪ː iˑ
আপন	a p o n
আপন	a p o n
আপনাকে	a p n a k eˑ
আপনাকে	a p n a k eˑ
আপনাদের	a p n a d̪ e ɾ
আপনাদের	a p n a d̪ e ɹ
আপনার	a p n a ɾ
আপনার	a p n a ɹ
আপনারা	a p n a ɾ aˑ
আপনারা	a p n a ɹ aˑ
আপনি	a p n iˑ
আপনি	a p n iˑ
আপা	a p aˑ
আপা	a p aˑ
আপু	a p uˑ
আপু	a p uˑ
আপেল	a p e l
আপেল	a p e l
আফজল	a f d͡ʒ ɔ l
আফজল	a f d ʑ ɔ l
আফতাব	a f t̪ a b
আফতাব	a f t̪ a b
আফসোস	a f s o s
আফসোস	a f s o s
আফসোস	a ɸ s o s
আফসোস	a ɸ s o s
আফসোস	a f s o s
আফিম	a f i m
আফিম	a f i m
আফ্রিকা	a f ɾ i k aˑ
আফ্রিকা	a f ɹ i k aˑ
আফ্রোদিতি	a f ɾ o d̪ i t̪ iˑ
আফ্রোদিতি	a f ɹ o d̪ i t̪ iˑ
আব	aː b
আব	a b
আব	aː b
আব	a b
আবছা	a b ɔ t͡ʃʰ aˑ
আবছা	a b ɔ t ɕʰ aˑ
আবছায়া	a b t͡ʃʰ a e̯ aˑ
আবছায়া	a b t ɕʰ a e̯ aˑ
আবশ্যকীয়	a b ɔ ʃː ɔ k i̯ oˑ
আবশ্যকীয়	a b ɔ ʃː ɔ k i̯ oˑ
আবহাওয়া	a b o h a o̯ aˑ
আবহাওয়া	a b h a o̯ aˑ
আবহাওয়া	a b o h a o̯ aˑ
আবহাওয়া	a b h a o̯ aˑ
আবাদ	a b a d̪
আবাদ	a b a d̪
আবার	a b a ɾ
আবার	a b a ɹ
আবাস	a b a ʃ
আবাস	a b a ʃ
আবির	ä b iˑ ɾ
আবিষ্কার	a b i ʃ k a ɾ
আবিষ্কার	a b i ʃ k a ɹ
আবেগ	a b e ɡ
আবেগ	a b e ɡ
আবেগাপ্লুত	a b e ɡ a p l u t̪ oˑ
আবেগাপ্লুত	a b e ɡ a p l u t̪ oˑ
আবেদ	a b e d̪
আবেদ	a b e d̪
আব্দুল	a b d̪ u l
আব্দুল	a b d̪ u l
আব্দুল্লাহ	a b d̪ u lː aˑ
আব্দুল্লাহ	a b d̪ u lː aˑ
আব্বা	a bː aˑ
আব্বা	a bː aˑ
আব্বু	a bː uˑ
আব্বু	a bː uˑ
আম	aː m
আম	a m
আম	aː m
আম	a m
আমন্ত্রণ	a m o n t̪ː ɾ o n
আমন্ত্রণ	a m o n t̪ː ɾ ɔ n
আমন্ত্রণ	a m o n t̪ː ɹ o n
আমন্ত্রণ	a m o n t̪ː ɹ ɔ n
আমপারা	a m p a ɾ aˑ
আমপারা	a m p a ɾ aˑ
আমরা	a m ɾ aˑ
আমরা	a m ɾ aˑ
আমল	a m o l
আমল	a m o l
আমাগর	ä m ä ɡ ɔ ɾ
আমাগর	ä m ä ɡ ɔ
আমাগর	ä m ɡ ɔ ɾ
আমাগর	ä m ɡ ɔ
আমাদের	a m a d̪ e ɾ
আমাদের	a m a d̪ e ɹ
আমানত	a m a n ɔ t̪
আমানত	a m a n ɔ t̪
আমার	a m a ɾ
আমার	a m a ɾ
আমারে	a m a ɾ eˑ
আমারে	a m a ɹ eˑ
আমাশয়	a m a ʃ ɔ e̯
আমাশয়	a m a ʃ ɔ e̯
আমি	ɑ m iˑ
আমি	ɑ m iˑ
আমীর	a m i ɾ
আমীর	a m i ɹ
আমেজ	a m e z
আমেজ	a m e d͡ʒ
আমেজ	a m e z
আমেজ	a m e d ʑ
আমেরিকা	a m e ɾ i k aˑ
আমেরিকা	a m e ɹ i k aˑ
আম্মা	a mː aˑ
আম্মা	a mː aˑ
আযহার	a z h a ɾ
আযহার	a z h a ɹ
আয়কর	a e̯ k ɔ ɾ
আয়কর	a e̯ k ɔ ɹ
আয়না	a e̯ n aˑ
আয়না	a e̯ n aˑ
আয়াতুল্লাহ	a e̯ a t̪ u lː a h
আয়াতুল্লাহ	a e̯ a t̪ u lː a
আয়াতুল্লাহ	a e̯ a t̪ o lː a h
আয়াতুল্লাহ	a e̯ a t̪ o lː a
আয়াতুল্লাহ	a e̯ a t̪ u lː a h
আয়াতুল্লাহ	a e̯ a t̪ u lː a
আয়াতুল্লাহ	a e̯ a t̪ o lː a h
আয়াতুল্লাহ	a e̯ a t̪ o lː a
আয়ারল্যান্ড	a e̯ a ɾ l æ ɳ ɖ
আয়ারল্যান্ড	a e̯ a ɹ l ɛ n d
আয়ু	a i̯ uˑ
আয়ু	a i̯ uˑ
আয়েশা	a e̯ ʃ aˑ
আয়েশা	a e̯ ʃ aˑ
আযাদ	a d͡ʒ a d̪
আযাদ	a d ʑ a d̪
আযান	a d͡ʒ a n
আযান	a d ʑ a n
আযাব	a d͡ʒ a b
আযাব	a d ʑ a b
আর	a ɹ
আর	a ɹ
আরও	a ɾ oˑ
আরও	a ɹ oˑ
আরক	a ɾ ɔ k
আরক	a ɹ ɔ k
আরজ	a ɾ o d͡ʒ
আরজ	a ɹ o d ʑ
আরজু	a ɾ d͡ʒ uˑ
আরজু	a ɹ d ʑ uˑ
আরজুমান্দ	a ɾ d͡ʒ u m a n d̪
আরজুমান্দ	a ɾ d͡ʒ u m a n
আরজুমান্দ	a ɹ d ʑ u m a n d̪
আরজুমান্দ	a ɹ d ʑ u m a n
আরতি	a ɾ o t̪ iˑ
আরতি	a ɹ o t̪ iˑ
আরব	a ɾ ɔ b
আরব	a ɹ ɔ b
আরম্ভ	a ɾ ɔ m bʱ oˑ
আরম্ভ	a ɾ ɔ m v oˑ
আরম্ভ	a ɹ ɔ m bʱ oˑ
আরম্ভ	a ɹ ɔ m v oˑ
আরম্ভ	a ɾ ɔ m β ɔˑ
আরম্ভ	a ɹ ɔ m β ɔˑ
আরশি	a ɾ ʃ iˑ
আরশি	a ɹ ʃ iˑ
আরাফাত	a ɾ a f a t̪
আরাফাত	a ɾ a f a t̪
আরাম	a ɾ a m
আরাম	a ɹ a m
আরিফ	a ɾ i f
আরিফ	a ɾ i f
আরে	a ɾ eˑ
আরে	a ɹ eˑ
আরেক	a ɾ æ k
আরেক	a ɹ ɛ k
আরোগ্য	a ɾ o ɡː oˑ
আরোগ্য	a ɹ o ɡː oˑ
আর্জি	a ɾ d͡ʒ iˑ
আর্জি	a ɹ d ʑ iˑ
আর্জেণ্টিনা	a ɾ d͡ʒ e ɳ ʈ i n aˑ
আর্জেণ্টিনা	a ɹ d ʑ e n t i n aˑ
আর্জেন্টিনা	a ɾ d͡ʒ e ɳ ʈ i n aˑ
আর্জেন্টিনা	a ɹ d ʑ e n t i n aˑ
আর্জেন্তিনা	a ɾ d͡ʒ e n t̪ i n aˑ
আর্জেন্তিনা	a ɹ d ʑ e n t̪ i n aˑ
আর্তব	ä ɾ t̪ oˑ b̥
আর্দ্র	a ɾ d̪ː ɾ oˑ
আর্দ্র	a ɹ d̪ː ɹ oˑ
আর্মেনিয়া	a ɾ m e n i̯ aˑ
আর্মেনিয়া	a ɹ m e n i̯ aˑ
আর্য	a ɾ d͡ʒ oˑ
আর্য	a ɹ d ʑ oˑ
আল	aː l
আল	a l
আল	aː l
আল	a l
আলকাতরা	a l k a t̪ː ɾ aˑ
আলকাতরা	a l k a t̪ː ɹ aˑ
আলগা	a l ɡ aˑ
আলগা	a l ɡ aˑ
আলপনা	a l p o n aˑ
আলপনা	a l p o n aˑ
আলবেনিয়া	a l b e n i̯ aˑ
আলবেনিয়া	a l b e n i̯ aˑ
আলভী	ɐ l bʱ iˑ
আলভী	ɐ l β iˑ
আলভী	ɐ l v iˑ
আলভী	ɐ lᵊ bʱ iˑ
আলভী	ɐ lᵊ β iˑ
আলভী	ɐ lᵊ v iˑ
আলম	a l o m
আলম	a l o m
আলমগীর	a l o m ɡ i ɾ
আলমগীর	a l o m ɡ i ɹ
আলমারি	a l m a ɾ iˑ
আলমারি	a l m a ɹ iˑ
আলয়	a l ɔ e̯
আলয়	a l ɔ e̯
আলহামদুলিল্লাহ	a l h a m d̪ u l i lː aˑ
আলহামদুলিল্লাহ	a l h a m d̪ u l i lː aˑ
আলাদা	a l a d̪ aˑ
আলাদা	a l a d̪ aˑ
আলামত	a l a m ɔ t̪
আলামত	a l a m o t̪
আলামত	a l a m ɔ t̪
আলামত	a l a m o t̪
আলামিন	a l a m i n
আলামিন	a l a m i n
আলী	a l iˑ
আলী	a l iˑ
আলু	a l uˑ
আলু	a l uˑ
আলেকজান্ডার	a l e ɡ d͡ʒ a ɳ ɖ a ɾ
আলেকজান্ডার	a l e ɡ z a ɳ ɖ a ɾ
আলেকজান্ডার	a l e ɡ d ʑ a n d a ɹ
আলেকজান্ডার	a l e ɡ z a n d a ɹ
আলেম	a l e m
আলেম	a l e m
আলেয়া	a l e aˑ
আলেয়া	a l e aˑ
আলো	a l oˑ
আলো	a l oˑ
আলোক	a l o k
আলোক	a l o k
আলোচনা	a l o t͡ʃ ɔ n aˑ
আলোচনা	a l o t ɕ ɔ n aˑ
আল্লাহ	a lː aˑ
আল্লাহ	a lː aˑ
আল্লাহ্	a lː aˑ
আল্লাহ্	a lː aˑ
আশমান	a ʃ m a n
আশমান	a s m a n
আশমান	a ʃ m a n
আশমান	a s m a n
আশরাফ	a ʃ ɾ a f
আশরাফ	a ʃ ɹ a f
আশা	a ʃ aˑ
আশা	a ʃ aˑ
আশাহীন	a ʃ a h i n
আশাহীন	a ʃ a h i n
আশিক	a ʃ i q
আশিক	a ʃ i k
আশিক	a ʃ i q
আশিক	a ʃ i k
আশিকী	a ʃ i k iˑ
আশিকী	a ʃ i k iˑ
আশিন	a ʃ i n
আশিষ	a ʃ i ʃ
আশিষ	a ʃ i ʃ
আশীর্বাদ	a ʃ i ɾ b a d̪
আশীর্বাদ	a ʃ i ɹ b a d̪
আশীর্ব্বাদ	a ʃ i ɾ bː a d̪
আশীর্ব্বাদ	a ʃ i ɹ bː a d̪
আশুতোষ	a ʃ u t̪ o ʃ
আশুতোষ	a ʃ u t̪ o ʃ
আশুরা	a ʃ u ɾ aˑ
আশুরা	a ʃ u ɹ aˑ
আশেক	a ʃ e k
আশেক	a ʃ e k
আশোত	a ʃ o t̪
আশোত	a ʃ o t̪
আশ্চর্য	a ʃ t͡ʃ ɔ ɾ d͡ʒ oˑ
আশ্চর্য	a s t͡ʃ ɔ ɾ d͡ʒ oˑ
আশ্চর্য	a ʃ t ɕ ɔ ɹ d ʑ oˑ
আশ্চর্য	a s t ɕ ɔ ɹ d ʑ oˑ
আশ্চর্যজনক	a ʃ t͡ʃ ɔ ɾ d͡ʒ ɔ d͡ʒ ɔ n o k
আশ্চর্যজনক	a s t͡ʃ ɔ ɾ d͡ʒ ɔ d͡ʒ ɔ n o k
আশ্চর্যজনক	a ʃ t ɕ ɔ ɹ d ʑ ɔ d ʑ ɔ n o k
আশ্চর্যজনক	a s t ɕ ɔ ɹ d ʑ ɔ d ʑ ɔ n o k
আশ্চর্যজনকভাবে	a ʃ t͡ʃ o ɾ d͡ʒ o d͡ʒ ɔ n o k bʱ a b eˑ
আশ্চর্যজনকভাবে	a s t͡ʃ o ɾ d͡ʒ o d͡ʒ ɔ n o k v a b eˑ
আশ্চর্যজনকভাবে	a ʃ t ɕ o ɹ d ʑ o d ʑ ɔ n o k bʱ a b eˑ
আশ্চর্যজনকভাবে	a s t ɕ o ɹ d ʑ o d ʑ ɔ n o k v a b eˑ
আশ্বাস	a ʃː a ʃ
আশ্বাস	a ʃː a ʃ
আশ্বিন	a ʃː i n
আশ্বিন	a ʃː i n
আশ্রম	a s ɾ ɔ m
আশ্রম	a s ɹ ɔ m
আশ্রয়	a s ɾ ɔ e̯
আশ্রয়	a s ɹ ɔ e̯
আষাঢ়	a ʃ a ɽʱ
আষাঢ়	a ʃ a ɽ
আষাঢ়	a ʃ a ɾ h
আষাঢ়	a ʃ a ɹ
আসগর	a s ɡ ɔ ɾ
আসগর	a s ɡ ɔ ɹ
আসবাব	a ʃ b a b
আসবাব	a ʒ b a b
আসবাব	a ʃ b a b
আসবাব	a ʒ b a b
আসমা	a s m aˑ
আসমা	a s m aˑ
আসমান	a s m a n
আসমান	a s m a n
আসর	a s o ɾ
আসর	a s o ɹ
আসর	a ʃ o ɾ
আসর	a ʃ o ɹ
আসর	a s o ɾ
আসর	a s o ɹ
আসল	a ʃ o l
আসল	a ʃ o l
আসলে	a ʃ o l eˑ
আসলে	a ʃ o l eˑ
আসলে	a s l eˑ
আসলে	a s l eˑ
আসা	a ʃ aˑ
আসা	a ʃ aˑ
আসান	a ʃ a n
আসান	a ʃ a n
আসানী	a ʃ a n iˑ
আসানী	a ʃ a n iˑ
আসাম	a ʃ a m
আসাম	a ʃ a m
আসিয়া	a s i̯ aˑ
আসিয়া	a s i̯ aˑ
আসিয়া	a ʃ i̯ aˑ
আসিয়া	a ʃ i̯ aˑ
আসে	a ʃ eˑ
আসে	a ʃ eˑ
আস্তাবল	a s t̪ a b o l
আস্তাবল	a s t̪ a b o l
আস্তে	a s t̪ eˑ
আস্তে	a s t̪ eˑ
আস্থা	a s t̪ʰ aˑ
আস্থা	a s t̪ʰ aˑ
আস্পদ্দা	a ʃ p ɔ d̪ː aˑ
আস্পদ্দা	a ʃ p ɔ d̪ː aˑ
আহনাফ	a h n a f
আহনাফ	a h n a f
আহমদ	a ɦ m o d̪
আহমদ	a ɦ m ɔ d̪
আহমদ	a ɦ ɔ mː ɔ d̪
আহমদ	a ɦ a mː ɔ d̪
আহমদ	a ɦ m o d̪
আহমদ	a ɦ m ɔ d̪
আহমদ	a ɦ ɔ mː ɔ d̪
আহমদ	a ɦ a mː ɔ d̪
আহসান	a h s a n
আহসান	a h s a n
ইঁদুর	ĩ d̪ u ɾ
ইঁদুর	i d̪ u ɹ
ইংরাজ	i ŋ ɾ a d͡ʒ
ইংরাজ	i ŋ ɾ a d ʑ
ইংরাজ	i ŋ ɾ a d̪ z
ইংরাজ	i ŋ ɾ a z
ইংরাজি	i ŋ ɾ a d͡ʒ iˑ
ইংরাজি	i ŋ ɾ a d ʑ iˑ
ইংরাজি	i ŋ ɾ a d̪ z iˑ
ইংরাজি	i ŋ ɹ a z iˑ
ইংরেজ	i ŋ ɾ e d͡ʒ
ইংরেজ	i ŋ ɾ e d ʑ
ইংরেজ	i ŋ ɾ ɛ d̪ z
ইংরেজ	i ŋ ɾ ɛ z
ইংরেজি	i ŋ ɾ e d͡ʒ iˑ
ইংরেজি	i ŋ ɾ e d ʑ iˑ
ইংরেজি	i ŋ ɾ ɛ d̪ z iˑ
ইংরেজি	i ŋ ɹ ɛ z iˑ
ইংল্যান্ড	i ŋ l æ ɳ ɖ
ইংল্যান্ড	i ŋ l ɛ n d
ইউক্রেন	i u̯ k ɾ eˑ n
ইউনান	i u̯ n a n
ইউনান	i u̯ n a n
ইউনানি	i u̯ n a n iˑ
ইউনানি	i u̯ n a n iˑ
ইউনিয়ন	i u̯ n i̯ ɔ n
ইউনিয়ন	i u̯ n i̯ o n
ইউনিয়ন	i u̯ n i̯ ɔ n
ইউনিয়ন	i u̯ n i̯ o n
ইউনুস	i̯ u n u s
ইউনুস	i u̯ n u s
ইউনুস	i̯ u n u s
ইউনুস	i u̯ n u s
ইউরেনাস	i u̯ ɾ e n a ʃ
ইউরেনাস	i u̯ ɹ e n a ʃ
ইউরেশিয়া	i u̯ ɾ e ʃ i̯ aˑ
ইউরেশিয়া	i u̯ ɹ e ʃ i̯ aˑ
ইউরোপ	i u̯ ɾ o p
ইউরোপ	i u̯ ɹ o p
ইউসুফ	i̯ u s u f
ইউসুফ	i u̯ s u f
ইউসুফ	i̯ u s u f
ইউসুফ	i u̯ s u f
ইকুয়েডর	i k u̯ e ɖ ɔ ɾ
ইকুয়েডর	i k u̯ e d ɔ ɹ
ইচলা	i t͡ʃ l aˑ
ইচলা	i t ɕ l aˑ
ইচ্ছা	i t͡ʃʰː aˑ
ইচ্ছা	i t ɕʰː aˑ
ইজতেমা	i d͡ʒ t̪ e m aˑ
ইজতেমা	i d z t̪ e m aˑ
ইজতেমা	i z t̪ e m aˑ
ইজরায়েল	i d͡ʒ ɾ a e̯ l
ইজরায়েল	i z ɾ a e̯ l
ইজরায়েল	i d ʑ ɹ a e̯ l
ইজরায়েল	i z ɹ a e̯ l
ইজাজত	i d͡ʒ a d͡ʒ o t̪
ইজাজত	i d ʑ a d ʑ o t̪
ইজাফা	i z a f aˑ
ইজাফা	i z a f aˑ
ইজ্জত	i z̪̪ d͡ʒ ɔ t̪
ইজ্জত	i d͡ʒ d͡ʒ ɔ t̪
ইজ্জত	i z̪̪ d͡ʒ o t̪
ইজ্জত	i d͡ʒ d͡ʒ o t̪
ইজ্জত	i d ʑː ɔ t̪
ইজ্জত	i d ʑː o t̪
ইজ্জত	i z z ɔ t̪
ইজ্জত	i z z ɔ t̪
ইজ্জত	i z z o t̪
ইজ্জত	i z z o t̪
ইঞ্জিল	i n d͡ʒ i l
ইঞ্জিল	i n d ʑ i l
ইট	i ʈ
ইতর	i t̪ ɔ ɾ
ইতর	i t̪ ɔ ɾ
ইতস্তত	i t̪ ɔ s t̪ ɔ t̪ oˑ
ইতস্তত	i t̪ o s t̪ o t̪ oˑ
ইতস্তত	i t̪ ɔ s t̪ ɔ t̪ oˑ
ইতস্তত	i t̪ o s t̪ o t̪ oˑ
ইতিমধ্যে	i t̪ i m o d̪ʱː eˑ
ইতিমধ্যে	i t̪ i m o d̪ʱː eˑ
ইতিহাস	i t̪ i h a ʃ
ইতিহাস	i t̪ i h a ʃ
ইতোমধ্যে	i t̪ o m o d̪ʱː eˑ
ইতোমধ্যে	i t̪ o m o d̪ʱː eˑ
ইত্তেফাক	i t̪ː e f a k
ইত্তেফাক	i t̪ː e f a k
ইত্যাদি	i t̪ː a d̪ iˑ
ইত্যাদি	i t̪ː a d̪ iˑ
ইদানীং	i d̪ a n i ŋ
ইদানীং	i d̪ a n i ŋ
ইনকার	i ŋ k a ɾ
ইনকার	i ŋ k a ɹ
ইনকিলাব	i n k i l a b
ইনকিলাব	i ŋ k i l a b
ইনকিলাব	i n k i l a b
ইনকিলাব	i ŋ k i l a b
ইনকিলাব	i n k i l a b
ইনকিলাব	i n x i l a b
ইনকিলাব	i ŋ k i l a b
ইনকিলাব	i ŋ x i l a b
ইনকিলাব	i n k i l a b
ইনকিলাব	i ŋ k i l a b
ইনকিলাবি	i n k i l a b iˑ
ইনকিলাবি	i n k i l a b iˑ
ইনকিলাবী	i n k i l a b iˑ
ইনকিলাবী	i ŋ k i l a b iˑ
ইনকিলাবী	i n k i l a b iˑ
ইনকিলাবী	i ŋ k i l a b iˑ
ইনফ্লুয়েঞ্জা	i n f l u̯ e n d͡ʒ aˑ
ইনফ্লুয়েঞ্জা	i n f l u̯ e n z aˑ
ইনফ্লুয়েঞ্জা	i n f l u̯ e n d ʑ aˑ
ইনফ্লুয়েঞ্জা	i n f l u̯ e n z aˑ
ইনশাআল্লাহ	i n ʃ a lː aˑ
ইনশাআল্লাহ	i n ʃ a lː aˑ
ইনসান	i n s a n
ইনসান	i n s a n
ইনসাফ	i n s a f
ইনসাফ	i n s a f
ইনাম	i n a m
ইনাম	i n a m
ইনি	i n iˑ
ইনি	i n iˑ
ইন্টারনেটভিত্তিক	i ɳ ʈ a ɾ n e ʈ bʱ i t̪ː i k
ইন্টারনেটভিত্তিক	i ɳ ʈ a ɾ n e ʈ v i t̪ː i k
ইন্টারনেটভিত্তিক	i n t a ɹ n e t bʱ i t̪ː i k
ইন্টারনেটভিত্তিক	i n t a ɹ n e t v i t̪ː i k
ইন্ডিয়া	i ɳ ɖ i̯ aˑ
ইন্ডিয়া	i n d i̯ aˑ
ইন্তিখাব	i n t̪ i kʰ a b
ইন্তিখাব	i n t̪ ɪ kʰ a b
ইন্তিখাব	ɪ n t̪ ɪ kʰ a b
ইন্তিখাব	i n t̪ i kʰ a b
ইন্তিখাব	i n t̪ ɪ kʰ a b
ইন্তিখাব	ɪ n t̪ ɪ kʰ a b
ইন্তিফাদা	i n t̪ i f a d̪ aˑ
ইন্তিফাদা	i n t̪ i f a d̪ aˑ
ইন্তেকাল	i n t̪ e k a l
ইন্তেকাল	i n t̪ e k a l
ইন্তেখাব	i n t̪ e kʰ a b
ইন্তেখাব	i n t̪ e x a b
ইন্তেখাব	i n t̪ e kʰ a b
ইন্তেখাব	i n t̪ e x a b
ইন্তেজার	i n t̪ e d͡ʒ a ɾ
ইন্তেজার	i n t̪ e d ʑ a ɹ
ইন্তেজারি	i n t̪ e d͡ʒ a ɾ iˑ
ইন্তেজারি	i n t̪ e d ʑ a ɹ iˑ
ইন্দু	í n d̪ uˑ
ইন্দু	í n d̪ uˑ
ইন্দ্র	i n d̪ː ɾ oˑ
ইন্দ্র	i n d̪ː ɾ oˑ
ইন্ধন	i n d̪ʱ o n
ইন্ধন	i n d̪ʱ ɔ n
ইন্ধন	i n d̪ʱ o n
ইন্ধন	i n d̪ʱ ɔ n
ইন্সাফ	i n s a f
ইন্সাফ	i n s a f
ইফতার	i f t̪ a ɾ
ইফতার	i f t̪ a ɾ
ইফতেখার	i f t̪ e kʰ a ɾ
ইফতেখার	i f t̪ e kʰ a ɹ
ইব্রাহীম	i b ɾ a h i m
ইব্রাহীম	i b ɹ a h i m
ইব্রীয়	i b ɾ i̯ oˑ
ইব্রীয়	i b ɹ i̯ oˑ
ইমতেহান	i m t̪ e h a n
ইমতেহান	i m t̪ e h a n
ইমরান	i m ɾ a n
ইমরান	i m ɹ a n
ইমাম	i m a m
ইমাম	i m a m
ইয়াকুব	i̯ a k u b
ইয়াকুব	i̯ a k u b
ইয়াদ	i̯ a d̪
ইয়াদ	i̯ a d̪
ইয়াসমিন	i̯ a s m i n
ইয়াসমিন	i̯ a s m i n
ইয়াসিন	i̯ a s i n
ইয়াসিন	i̯ a s i n
ইয়াহিয়া	i̯ a h i̯ aˑ
ইয়াহিয়া	i̯ a h i̯ aˑ
ইয়েমেন	i̯ e m e n
ইয়েমেন	i̯ e m e n
ইয়োরোপ	i̯ o ɾ o p
ইয়োরোপ	i̯ o ɹ o p
ইরফান	i ɾ f a n
ইরফান	i ɾ f a n
ইরাক	i ɾ a k
ইরাক	i ɹ a k
ইরান	i ɾ a n
ইরান	i ɹ a n
ইরিত্রিয়া	i ɾ i t̪ː ɾ i̯ aˑ
ইরিত্রিয়া	i ɹ i t̪ː ɹ i̯ aˑ
ইলিয়াস	i l i̯ a s
ইলিয়াস	i l i̯ a s
ইলিশ	i l i ʃ
ইলিশ	i l i ʃ
ইলু	i l uˑ
ইলু	i l uˑ
ইলেয়াম	i l e a m
ইলেয়াম	i l e a m
ইশক	i ʃ ɔ k
ইশক	i ʃ o k
ইশক	i ʃ k
ইশক	i ʃ ɔ k
ইশক	i ʃ o k
ইশক	i ʃ k
ইস	iː ʃ
ইস	i ʃ
ইস	iː ʃ
ইস	i ʃ
ইসবগুল	i s ɔ b ɡ u l
ইসবগুল	i ʃ ɔ b ɡ u l
ইসবগুল	i s ɔ b ɡ u l
ইসবগুল	i ʃ ɔ b ɡ u l
ইসম	i ʃ o m
ইসম	i ʃ o m
ইসমাইল	i s m a i̯ l
ইসমাইল	i s m a i̯ l
ইসরায়েল	i z ɾ a e̯ l
ইসরায়েল	i z ɹ a e̯ l
ইসলাম	i s l a m
ইসলাম	i s l a m
ইসলামপন্থা	i s l a m p ɔ n t̪ʰ aˑ
ইসলামপন্থা	i s l a m p ɔ n t̪ʰ aˑ
ইসলামাবাদ	i s l a m a b a d̪
ইসলামাবাদ	i s l a m a b a d̪
ইসহাক	i s h a k
ইসহাক	i ʃ h a k
ইসহাক	i s h a k
ইসহাক	i ʃ h a k
ইস্কান্দর	i s k a n d̪ ɔ ɾ
ইস্কান্দর	i s k a n d̪ a ɾ
ইস্কান্দর	i s k a n d̪ ɔ ɹ
ইস্কান্দর	i s k a n d̪ a ɹ
ইস্কান্দার	i s k a n d̪ a ɾ
ইস্কান্দার	i s k a n d̪ a ɾ
ইস্কান্দার	i s k a n d̪ a ɹ
ইস্কান্দার	i s k a n d̪ a ɹ
ইস্কুল	i ʃ k u l
ইস্কুল	i s k u l
ইস্কুল	i ʃ k u l
ইস্কুল	i s k u l
ইস্তাম্বুল	i s t̪ a m b u l
ইস্তাম্বুল	i s t̪ a m b u l
ইস্তোনিয়া	i s t̪ o n i̯ aˑ
ইস্তোনিয়া	i s t̪ o n i̯ aˑ
ইস্পাত	i ʃ p a t̪
ইস্পাত	i ʃ p a t̪
ইহা	i h aˑ
ইহা	i h aˑ
ঈগল	i ɡ ɔ l
ঈগল	i ɡ ɔ l
ঈদ	i d̪
ঈদ	i d̪
ঈদ	i d̪
ঈদ	i d̪
ঈদগাহ	i d̪ ɡ aˑ
ঈদগাহ	i d̪ ɡ aˑ
ঈমান	i m a n
ঈমান	i m a n
ঈশপ	i ʃ ɔ p
ঈশপ	i ʃ ɔ p
ঈশানী	i ʃ a n iˑ
ঈশানী	i ʃ a n iˑ
ঈশ্বর	i ʃː ɔ ɾ
ঈশ্বর	i ʃː ɔ ɹ
ঈসা	i s aˑ
ঈসা	i ʃ aˑ
ঈসা	i s aˑ
ঈসা	i ʃ aˑ
ঈস্ট	i s ʈ
ঈস্ট	i ʂ ʈ
ঈস্ট	i s t
ঈস্ট	i s t
উইকিঅভিধান	u̯ i k i̯ ɔ bʱ i d̪ʱ a n
উইকিঅভিধান	u̯ i k i̯ ɔ v i d̪ʱ a n
উইকিঅভিধান	u̯ i k i̯ ɔ bʱ i d̪ʱ a n
উইকিঅভিধান	u̯ i k i̯ ɔ v i d̪ʱ a n
উইকিপিডিয়া	u̯ i k i p i ɖ i̯ aˑ
উইকিপিডিয়া	u̯ i k i p i d i̯ aˑ
উইকিভয়েজ	u̯ i k i bʱ ɔ e d͡ʒ
উইকিভয়েজ	u̯ i k i v ɔ e d͡ʒ
উইকিভয়েজ	u̯ i k i bʱ ɔ e d ʑ
উইকিভয়েজ	u̯ i k i v ɔ e d ʑ
উইল	u̯ i l
উইল	u̯ i l
উইলিয়াম	u̯ i l i̯ a m
উইলিয়াম	u̯ i l i̯ a m
উইসকনসিন	u̯ i s k ɔ n s i n
উইসকনসিন	u̯ i s k ɔ n s i n
উকিল	u k i l
উকিল	u k i l
উকুন	u k u n
উকুন	u k u n
উখড়ানো	u kʰ ɽ a n oˑ
উখড়ানো	u kʰ ɾ a n oˑ
উখড়ানো	u kʰ ɹ a n oˑ
উচিত	u t͡ʃ i t̪
উচিত	u t ɕ i t̪
উচ্চ	u t͡ʃː oˑ
উচ্চ	u t ɕː oˑ
উচ্চভূমি	u t͡ʃː ɔ bʱ u m iˑ
উচ্চভূমি	u t͡ʃː ɔ v u m iˑ
উচ্চভূমি	u t ɕː ɔ bʱ u m iˑ
উচ্চভূমি	u t ɕː ɔ v u m iˑ
উচ্চাকাঙ্ক্ষী	u t͡ʃː a k a ŋ kʰ iˑ
উচ্চাকাঙ্ক্ষী	u t ɕː a k a ŋ kʰ iˑ
উচ্চার	u t͡ʃː a ɾ
উচ্চার	u t ɕː a ɹ
উচ্চারণ	u t͡ʃʰː a ɾ o n
উচ্চারণ	u t ɕʰː a ɹ o n
উচ্ছব	u t͡ʃʰː ɔ b
উচ্ছব	u t ɕʰː ɔ b
উচ্ছিষ্ট	u t͡ʃʰː i ʂ ʈ oˑ
উচ্ছিষ্ট	u t ɕʰː i ʃ t oˑ
উচ্ছিষ্ট	u t ɕʰː i s t oˑ
উচ্ছিষ্ট	u t̪ sː i ʃ t ɔˑ
উচ্ছিষ্ট	u sː i ʃ t ɔˑ
উচ্ছেদ	u t͡ʃʰː e d̪
উচ্ছেদ	u t ɕʰː e d̪
উচ্ছেদকারী	u t̪͡ʃʰː e d̪ k a ɾ iˑ
উচ্ছেদকারী	u t̪͡ʃʰː e d̪ k a ɾ iˑ
উচ্ছেদন	u t͡ʃʰː e d̪ ɔ n
উচ্ছেদন	u t ɕʰː e d̪ ɔ n
উচ্ছ্বাস	u t͡ʃː t͡ʃʰ a ʃ
উচ্ছ্বাস	u t ɕː t ɕʰ a ʃ
উচ্ছ্বাস	u t̪ s t̪ sː a ʃ
উচ্ছ্বাস	u sː s a ʃ
উছব	u t͡ʃʰ ɔ b
উছব	u t ɕʰ ɔ b
উছব	u s ɔ b
উছব	u s ɔ b
উছব	u t̪ s̪ ɔ b
উজির	u z i ɾ
উজির	u d͡ʒ i ɾ
উজির	u z i ɹ
উজির	u d ʑ i ɹ
উজ্জ্বল	u z̪̪ d͡ʒ ɔ l
উজ্জ্বল	u d͡ʒ d͡ʒ ɔ l
উজ্জ্বল	u d ʑː ɔ l
উট	uː ʈ
উট	u ʈ
উট	uː t
উট	u t
উঠান	u ʈʰ a n
উঠান	u tʰ a n
উড়া	u ɽ aˑ
উড়া	u ɾ aˑ
উড়া	u ɹ aˑ
উড়িষ্যা	u ɽ i ʃː aˑ
উড়িষ্যা	u ɾ i ʃː aˑ
উড়িষ্যা	u ɹ i ʃː aˑ
উড়োজাহাজ	u ɽ o d͡ʒ a h a d͡ʒ
উড়োজাহাজ	u ɾ o d͡ʒ a h a d͡ʒ
উড়োজাহাজ	u ɽ o d͡ʒ a h a z
উড়োজাহাজ	u ɾ o d͡ʒ a h a z
উড়োজাহাজ	u ɹ o d ʑ a h a d ʑ
উড়োজাহাজ	u ɹ o d ʑ a h a z
উতরানো	u t̪ː ɾ a n oˑ
উতরানো	u t̪ː ɹ a n oˑ
উত্তম	u t̪ː ɔ m
উত্তম	u t̪ː ɔ m
উত্তর	u t̪ː ɔ ɾ
উত্তর	u t̪ː ɔ ɹ
উত্তরাখণ্ড	u t̪ː ɔ ɾ a kʰ ɔ ɳ ɖ oˑ
উত্তরাখণ্ড	u t̪ː ɔ ɹ a kʰ ɔ n d oˑ
উত্স	u t̪ ʃ oˑ
উত্স	u t̪ ʃ oˑ
উদজান	u d̪ d͡ʒ a n
উদজান	u d̪ d ʑ a n
উদজান	u d̪ː z a n
উদজান	u d̪ z a n
উদজান	u d̪ z̪ a n
উদবিড়াল	u d̪ b i ɽ a l
উদবিড়াল	u d̪ b i ɾ a l
উদবিড়াল	u d̪ b i ɹ a l
উদয়	u d̪ ɔ e̯
উদয়	u d̪ ɔ e̯
উদাম	u d̪ a m
উদাম	u d̪ a m
উদাহরণ	u d̪ a h ɔ ɾ o n
উদাহরণ	u d̪ a h ɾ o n
উদাহরণ	u d̪ a h ɔ ɹ o n
উদাহরণ	u d̪ a h ɹ o n
উদ্দেশ্য	u d̪ː e ʃː oˑ
উদ্দেশ্য	u d̪ː e ʃː oˑ
উদ্বোধন	u d̪ b o d̪ʱ ɔ n
উদ্বোধন	u d̪ b o d̪ʱ ɔ n
উদ্ভিদ	u d̪ bʱ i d̪
উদ্ভিদ	u d̪ v i d̪
উদ্ভিদ	u d̪ bʱ i d̪
উদ্ভিদ	u d̪ v i d̪
উদ্যোগ	u d̪ː o ɡ
উদ্যোগ	u d̪ː o ɡ
উধাও	u d̪ʱ a o̯
উধাও	u d̪ʱ a o̯
উনআশি	u n a ʃ iˑ
উনআশি	u n a ʃ iˑ
উনি	u n iˑ
উনি	u n iˑ
উন্নত	u nː ɔ t̪ oˑ
উন্নত	u nː ɔ t̪ oˑ
উন্মত্ততা	u n m ɔ t̪ː ɔ t̪ aˑ
উন্মত্ততা	u n m ɔ t̪ː ɔ t̪ aˑ
উপকরণ	u p o k ɔ ɾ o n
উপকরণ	u p o k ɔ ɹ o n
উপকার	u p o k a ɾ
উপকার	u p o k a ɹ
উপচানো	u p t͡ʃ a n oˑ
উপচানো	u p t ɕ a n oˑ
উপজেলা	u p o d͡ʒ e l aˑ
উপজেলা	u p o d ʑ e l aˑ
উপড়ানো	u p ɽ a n oˑ
উপড়ানো	u p ɾ a n oˑ
উপড়ানো	u p ɹ a n oˑ
উপত্যকা	u p ɔ t̪ː ɔ k aˑ
উপত্যকা	u p ɔ t̪ː ɔ k aˑ
উপদেশ	u p o d̪ e ʃ
উপদেশ	u p o d̪ e ʃ
উপদ্বীপ	u p ɔ d̪ː i p
উপদ্বীপ	u p ɔ d̪ː i p
উপনয়ন	u p ɔ n o e̯ ɔ n
উপনয়ন	u p ɔ n o e̯ ɔ n
উপনিষদ	u p o n i ʃ ɔ d̪
উপনিষদ	u p o n i ʃ ɔ d̪
উপনীত	u p o n i t̪ oˑ
উপনীত	u p o n i t̪ oˑ
উপন্যাস	u p o nː a ʃ
উপন্যাস	u p o nː a ʃ
উপবাস	u p o b a ʃ
উপবাস	u p o b a ʃ
উপমহাদেশ	u p ɔ m ɔ h a d̪ e ʃ
উপমহাদেশ	u p ɔ m ɔ h a d̪ e ʃ
উপযুক্ত	u p ɔ d͡ʒ u k t̪ oˑ
উপযুক্ত	u p ɔ d ʑ u k t̪ oˑ
উপর	u p o ɾ
উপর	u p o ɹ
উপরিভাগ	u p o ɾ i bʱ a ɡ
উপরিভাগ	u p o ɾ i v a ɡ
উপরিভাগ	u p o ɹ i bʱ a ɡ
উপরিভাগ	u p o ɹ i v a ɡ
উপলব্ধি	u p ɔ l o b d̪ʱ iˑ
উপলব্ধি	u p ɔ l o b d̪ʱ iˑ
উপাধ্যায়	u p a d̪ʱː a e̯
উপাধ্যায়	u p a d̪ʱː a e̯
উপায়	u p a e̯
উপায়	u p a e̯
উপায়হীন	u p a e̯ o h i n
উপায়হীন	u p a e̯ o h i n
উপাসক	u p a ʃ ɔ k
উপাসক	u p a ʃ ɔ k
উপাসনা	u p a ʃ ɔ n aˑ
উপাসনা	u p a ʃ ɔ n aˑ
উপেক্ষা	u p e kʰː aˑ
উপেক্ষা	u p e kʰː aˑ
উভ	u bʱ oˑ
উভ	u v oˑ
উভ	u bʱ oˑ
উভ	u v oˑ
উভকামী	u bʱ ɔ k a m iˑ
উভকামী	u v ɔ k a m iˑ
উভকামী	u bʱ ɔ k a m iˑ
উভকামী	u v ɔ k a m iˑ
উমদা	u m ɔ d̪ aˑ
উমদা	u m ɔ d̪ aˑ
উমেদ	u m e d̪
উমেদ	u m e d̪
উম্মত	u mː ɔ t̪
উম্মত	u mː ɔ t̪
উরশ্ছদ	u ɾ ɔ ʃ t͡ʃʰ ɔ d̪
উরশ্ছদ	u ɾ ɔ s t͡ʃʰ ɔ d̪
উরশ্ছদ	u ɹ ɔ ʃ t ɕʰ ɔ d̪
উরশ্ছদ	u ɹ ɔ s t ɕʰ ɔ d̪
উর্দু	u ɾ d̪ uˑ
উর্দু	u ɹ d̪ uˑ
উল	uː l
উল	u l
উল	uː l
উল	u l
উলঙ্গ	u l ɔ ŋ ɡ oˑ
উলঙ্গ	u l ɔ ŋ ɡ oˑ
উলু	u l uˑ
উলু	u l uˑ
উলুখাগড়া	u l u kʰ a ɡ ɽ aˑ
উলুখাগড়া	u l u kʰ a ɡ ɾ aˑ
উলুখাগড়া	u l u kʰ a ɡ ɹ aˑ
উলুধ্বনি	u l u d̪ʱː o n iˑ
উলুধ্বনি	u l u d̪ʱː o n iˑ
উলুবন	u l u b o n
উলুবন	u l u b o n
উল্লেখযোগ্য	u lː e kʰ ɔ d͡ʒ o ɡː oˑ
উল্লেখযোগ্য	u lː e kʰ ɔ d ʑ o ɡː oˑ
উল্লেখযোগ্যভাবে	u lː e kʰ d̪͡ʒ ɔ ɡː ɔ bʱ a b eˑ
উল্লেখযোগ্যভাবে	u lː e kʰ d̪͡ʒ ɔ ɡː ɔ v a b eˑ
উল্লেখযোগ্যভাবে	u lː e kʰ d̪͡ʒ ɔ ɡː ɔ bʱ a b eˑ
উল্লেখযোগ্যভাবে	u lː e kʰ d̪͡ʒ ɔ ɡː ɔ v a b eˑ
উশাস	u ʃ a ʃ
উশাস	u ʃ a ʃ
উষ্ট্র	u ʂ ʈː ɾ oˑ
উষ্ট্র	u ʃ tː ɹ oˑ
উষ্ট্র	u s tː ɹ oˑ
উষ্ণ	u ʃ n oˑ
উষ্ণ	u ʃ n oˑ
উৎপল	u t̪ p ɔˑ l
উৎপাদ	u t̪ p a d̪
উৎপাদ	u t̪ p a d̪
উৎপাদক	u t̪ p a d̪ ɔ k
উৎপাদক	u t̪ p a d̪ ɔ k
উৎপাদন	u t̪ p a d̪ o n
উৎপাদন	u t̪ p a d̪ o n
উৎপাদিত	u t̪ p a d̪ i t̪ oˑ
উৎপাদিত	u t̪ p a d̪ i t̪ oˑ
উৎস	u t̪ ʃ oˑ
উৎস	u t̪ ʃ oˑ
উৎসব	u t̪ ʃ ɔ b
উৎসব	u t̪ ʃ ɔ b
উৎসর্গ	u t̪ ʃ ɔ ɾ ɡ oˑ
উৎসর্গ	u t̪ ʃ ɔ ɹ ɡ oˑ
উৎসাহ	u t̪ ʃ a h o
উৎসাহহীনতা	u t̪ ʃ a h o h i n o t̪ aˑ
উৎসাহহীনতা	u t̪ ʃ a h o h i n o t̪ aˑ
উৎসাহিত	u t̪ ʃ a h i t̪ oˑ
উৎসাহিত	u t̪ ʃ a h i t̪ oˑ
ঊ	uˑ
ঊ	uˑ
ঊণ	uː n
ঊণ	u n
ঊণ	uː n
ঊণ	u n
ঊনবিংশ	u n b i ŋ ʃ oˑ
ঊনবিংশ	u n b i ŋ ʃ oˑ
ঊরু	u ɾ uˑ
ঊরু	u ɹ uˑ
ঊর্ণা	u ɾ n aˑ
ঊর্ণা	u ɹ n aˑ
ঊর্ধ্ব	u ɾ d̪ʱ oˑ
ঊর্ধ্ব	u ɾ d̪ʱ oˑ
ঊর্ধ্বতন	u ɾ d̪ʱː ɔ t̪ o n
ঊর্ধ্বতন	u ɹ d̪ʱː ɔ t̪ o n
ঋক্ষ	r i kʰː oˑ
ঋক্ষ	ɹ i kʰː oˑ
ঋণ	r iː n
ঋণ	r i n
ঋণ	ɹ i n
ঋতু	r i t̪ uˑ
ঋতু	ɹ i t̪ uˑ
ঋষি	r i ʃ iˑ
ঋষি	ɹ i ʃ iˑ
এঁকে	ẽ k eˑ
এঁকে	e k eˑ
এঁদের	ẽ d̪ e ɾ
এঁদের	e d̪ e ɹ
এই	e i̯
এই	e i̯
এইখানে	e i̯ kʰ a n e
এইরকম	e i̯ ɾ ɔ k o m
এইরকম	e i̯ ɹ ɔ k o m
এক	æː k
এক	æ k
এক	æː k
এক	æ k
একইভাবে	æ k i bʱ a b eˑ
একইভাবে	æ k i v a b eˑ
একইভাবে	æ k i bʱ a b eˑ
একইভাবে	æ k i v a b eˑ
একগুঁয়ে	ɛ k ɡ ũ eˑ
একগুঁয়ে	ɛ k ɡ u̯ eˑ
একচল্লিশ	e k t͡ʃ ɔ lː i ʃ
একচল্লিশ	e k t ɕ ɔ lː i ʃ
একজন	æ ɡ d͡ʒ ɔ n
একজন	æ ɡ d ʑ ɔ n
একজিবিশন	e ɡ z i b i ʃ ɔ n
একজিবিশন	e k z i b i ʃ ɔ n
একজিবিশন	e ɡ z i b i ʃ ɔ n
একজিবিশন	e k z i b i ʃ ɔ n
একটু	e k ʈ uˑ
একটু	i k ʈ uˑ
একটু	e k t uˑ
একটু	i k t uˑ
একতা	æ k o t̪ aˑ
একতা	æ k o t̪ aˑ
একত্রিশ	e k t̪ː ɾ i ʃ
একত্রিশ	e k t̪ː ɹ i ʃ
একদম	æ k d̪ ɔ m
একদম	ɛ k d̪ ɔ m
একবার	e k b a ɾ
একবার	e k b a ɹ
একলব্য	æ k l o bː oˑ
একলব্য	æ k l o bː oˑ
একলা	æ k l aˑ
একলা	ɛ k l aˑ
একশগুণ	e k ʃ ɔ ɡ u n
একশগুণ	e k ʃ ɔ ɡ u n
একাকী	e k a k iˑ
একাকী	e k a k iˑ
একাডেমি	æ k a ɖ e m iˑ
একাডেমি	ɛ k a d e m iˑ
একাত্তর	e k a t̪ː ɔ ɾ
একাত্তর	e k a t̪ː ɔ ɹ
একাদশ	æ k a d̪ ɔ ʃ
একাদশ	æ k a d̪ ɔ ʃ
একাধিপত্য	e k a d̪ʱ i p ɔ t̪ː oˑ
একাধিপত্য	e k a d̪ʱ i p ɔ t̪ː oˑ
একামত	e k a m ɔ t̪
একামত	i k a m ɔ t̪
একামত	e k a m ɔ t̪
একামত	i k a m ɔ t̪
একুশে	e k u ʃ eˑ
একুশে	e k u ʃ eˑ
একে	e k e
একেবারে	e k e b a ɾ eˑ
একেবারে	e k e b a ɹ eˑ
এখতিয়ার	e k t̪ i̯ a ɾ
এখতিয়ার	e x t̪ i̯ a ɾ
এখতিয়ার	e k t̪ i̯ a ɹ
এখতিয়ার	e x t̪ i̯ a ɹ
এখন	æ kʰ ɔ n
এখন	æ kʰ ɔ n
এখান	e kʰ a n
এখান	e kʰ a n
এখানে	e kʰ a n e
এগারো	æ ɡ a ɹ oˑ
এগারো	æ ɡ a ɹ oˑ
এগুলা	e ɡ u l aˑ
এগুলা	e ɡ u l aˑ
এগোনো	e ɡ o n oˑ
এগোনো	e ɡ o n oˑ
এজাজতনামা	e d͡ʒ a z ɔ t̪ n a m aˑ
এজাজতনামা	e d ʑ a z ɔ t̪ n a m aˑ
এটা	e ʈ aˑ
এটা	e t aˑ
এটি	e ʈ iˑ
এটি	e t iˑ
এডমন্টন	e ɖ ɔ m ɔ ɳ ʈ ɔ n
এডমন্টন	e d ɔ m ɔ n t ɔ n
এত	æ t̪ oˑ
এত	æ t̪ oˑ
এতে	e t̪ eˑ
এতে	e t̪ eˑ
এদের	e d̪ e ɾ
এদের	e d̪ e ɹ
এনসাফ	i n s a f
এনসাফ	e n s a f
এনসাফ	i n s a f
এনসাফ	e n s a f
এন্ড্রু	æ ɳ ɖ ɻ uˑ
এন্ড্রু	æ n dː ɹ uˑ
এন্তেখাব	e n t̪ e kʰ a b
এন্তেখাব	ɪ n t̪ e kʰ a b
এন্তেখাব	e n t̪ e kʰ a b
এন্তেখাব	ɪ n t̪ e kʰ a b
এন্তেজার	e n t̪ e z a ɾ
এন্তেজার	e n t̪ e d͡ʒ a ɾ
এন্তেজার	i n t̪ e z a ɾ
এন্তেজার	i n t̪ e d͡ʒ a ɾ
এন্তেজার	e n t̪ e z a ɹ
এন্তেজার	e n t̪ e d ʑ a ɹ
এন্তেজার	i n t̪ e z a ɹ
এন্তেজার	i n t̪ e d ʑ a ɹ
এন্তেজার	ɛ n t̪ ɛ d̪ z a ɾ
এন্তেজার	ɛ n t̪ ɛ z a ɹ
এন্তেজার	i n t̪ ɛ d̪ z a ɾ
এন্তেজার	i n t̪ ɛ z a ɹ
এন্তেজারি	e n t̪ e d͡ʒ a ɾ iˑ
এন্তেজারি	e n t̪ e d ʑ a ɹ iˑ
এন্থনি	æ n t̪ʰ o n iˑ
এন্থনি	ɛ n t̪ʰ o n iˑ
এপ্রিল	e p ɾ i l
এপ্রিল	e p ɹ i l
এবং	e b ɔ ŋ
এবং	e b o ŋ
এবার	e b a r
এমন	æ m o n
এমন	æ m o n
এমনকী	æ m ɔ n k iˑ
এমনকী	ɛ m ɔ n k iˑ
এমেরিকা	æ m e ɾ i k aˑ
এমেরিকা	e m e ɾ i k aˑ
এমেরিকা	ɛ m e ɹ i k aˑ
এমেরিকা	e m e ɹ i k aˑ
এর	eː ɾ
এর	e ɾ
এর	e ɹ
এরশাদ	e ɾ ʃ a d̪
এরশাদ	e ɹ ʃ a d̪
এরা	e ɾ aˑ
এরা	e ɹ aˑ
এলজাম	e l̪ d͡ʒ a m
এলজাম	e l z a m
এলজাম	e l̪ d ʑ a m
এলজাম	e l z a m
এলজিবিটি	e l̪ d͡ʒ i b i ʈ iˑ
এলজিবিটি	e l̪ d ʑ i b i t iˑ
এলা	e l aˑ
এলা	e l aˑ
এলাকা	e l a k aˑ
এলাকা	e l a k aˑ
এলাচ	e l a t͡ʃ
এলাচ	e l a t ɕ
এলাহাবাদ	e l a h a b a d̪
এলাহাবাদ	e l a h a b a d̪
এলে	e l eˑ
এলে	e l eˑ
এলেম	e l e m
এলেম	e l e m
এলেমান	e l e m a n
এলেমান	e l e m a n
এলোহিম	e l o h i m
এলোহিম	e l o h i m
এশক	e ʃ k
এশক	e ʃ q
এশক	e ʃ o k
এশক	e ʃ o q
এশক	e ʃ k
এশক	e ʃ q
এশক	e ʃ o k
এশক	e ʃ o q
এশট্রে	e ʃ ɔ ʈː ɾ eˑ
এশট্রে	e ʃ ɔ tː ɹ eˑ
এশিয়া	e ʃ i̯ aˑ
এশিয়া	e ʃ i̯ aˑ
এস্তেমাল	e s t̪ e m a l
এস্তেমাল	e s t̪ e m a l
এস্রাজ	e s ɾ a d͡ʒ
এস্রাজ	e s ɹ a d ʑ
ঐতিহাসিক	o i̯ t̪ i h a ʃ i k
ঐতিহাসিক	o i̯ t̪ i h a ʃ i k
ঐনকা	o i̯ n ɔ k aˑ
ওঁ	õ m
ওঁ	o ũ m
ওঁ	õ m
ওঁ	o m
ওঁ	o u̯ m
ওঁম	oː m
ওঁম	o m
ওঁম	õ m
ওঁম	o ũ m
ওঁম	oː m
ওঁম	o m
ওঁম	õ m
ওঁম	o m
ওঁম	o u̯ m
ওঁম্	oː m
ওঁম্	o m
ওঁম্	õ m
ওঁম্	o ũ m
ওঁম্	oː m
ওঁম্	o m
ওঁম্	õ m
ওঁম্	o m
ওঁম্	o u̯ m
ওঁর	õ ɾ
ওঁর	õ ɹ
ওঁর	o ɹ
ওঁরা	õ ɾ aˑ
ওঁরা	õ ɹ aˑ
ওঁরা	o ɹ aˑ
ওকালতি	o k a l o t̪ iˑ
ওকালতি	o k a l o t̪ iˑ
ওক্ত	o k t̪ oˑ
ওক্ত	o k t̪
ওক্ত	o k t̪ oˑ
ওক্ত	o k t̪
ওক্‌ত	o k t̪
ওক্‌ত	o k t̪
ওখান	o kʰ a n
ওখান	o kʰ a n
ওখানে	o kʰ a n eˑ
ওখানে	o kʰ a n eˑ
ওগো	o ɡ oˑ
ওগো	o ɡ oˑ
ওজন	o d͡ʒ ɔ n
ওজন	o d ʑ ɔ n
ওজন	o d͡ʒ o n
ওজন	o z o n
ওজন	o d ʑ o n
ওজন	o z o n
ওজর	o d͡ʒ ɔ ɾ
ওজর	o d ʑ ɔ ɹ
ওজু	o d͡ʒ uˑ
ওজু	o d ʑ uˑ
ওজু	o d̪ z uˑ
ওজু	o z uˑ
ওজোন	o d͡ʒ o n
ওজোন	o z o n
ওজোন	o d ʑ o n
ওজোন	o z o n
ওঝা	o d͡ʒʱ aˑ
ওঝা	o d ʑʱ aˑ
ওড়না	o ɽ n aˑ
ওড়না	o ɽ n aˑ
ওড়া	o ɽ aˑ
ওড়া	o ɾ aˑ
ওড়া	o ɹ aˑ
ওড়িশা	o ɽ i ʃ aˑ
ওড়িশা	o ɾ i ʃ aˑ
ওড়িশা	o ɹ i ʃ aˑ
ওতফ	o t̪ ɔ f ɔˑ
ওতফ	o t̪ ɔ f ɔˑ
ওদের	o d̪ e ɾ
ওদের	o d̪ e ɹ
ওফাত	ɔ f a t̪
ওফাত	ʊ f a t̪
ওফাত	ɔ f a t̪
ওফাত	ʊ f a t̪
ওম	oː m
ওম	o m
ওম	õ m
ওম	o ũ m
ওম	oː m
ওম	o m
ওম	õ m
ওম	o m
ওম	o u̯ m
ওমর	o m o ɾ
ওমর	o m o ɹ
ওম্	oː m
ওম্	o m
ওম্	õ m
ওম্	o ũ m
ওম্	oː m
ওম্	o m
ওম্	õ m
ওম্	o m
ওম্	o u̯ m
ওয়াইন	o̯ a i̯ n
ওয়াইন	o̯ a i̯ n
ওয়াকফ	o̯ a k ɔ f
ওয়াকফ	o̯ a k f
ওয়াকফ	o̯ a k ɔ f
ওয়াকফ	o̯ a k f
ওয়াকেফ	o̯ a k e f
ওয়াকেফ	o̯ a k e f
ওয়াক্ত	o̯ a k t̪ oˑ
ওয়াক্ত	o̯ a k t̪ oˑ
ওয়াক্‌ফ	o̯ a k f
ওয়াক্‌ফ	o̯ a k f
ওয়াজ	o̯ a z
ওয়াজ	o̯ a d͡ʒ
ওয়াজ	o̯ a z
ওয়াজ	o̯ a d ʑ
ওয়াজিব	o̯ a d͡ʒ i b
ওয়াজিব	o̯ a d ʑ i b
ওয়াতন	o̯ a t̪ ɔ n
ওয়াতন	o̯ a t̪ ɔ n
ওয়াদা	o̯ a d̪ aˑ
ওয়াদা	o̯ a d̪ aˑ
ওয়ারিস	o̯ a ɾ i ʃ
ওয়ারিস	o̯ a ɹ i ʃ
ওয়ালেদ	o̯ a l e d̪
ওয়ালেদ	o̯ a l e d̪
ওয়ালেদা	o̯ a l e d̪ aˑ
ওয়ালেদা	o̯ a l e d̪ aˑ
ওয়াশিংটন	o̯ a ʃ i ŋ ʈ ɔ n
ওয়াশিংটন	o̯ a ʃ i ŋ t ɔ n
ওয়াস্তা	o̯ a s t̪ aˑ
ওয়াস্তা	o̯ a s t̪ aˑ
ওয়াহেগুরু	o̯ a h e ɡ u ɾ uˑ
ওয়াহেগুরু	o̯ a h e ɡ u ɹ uˑ
ওয়েবপেজ	o̯ e b p e d͡ʒ
ওয়েবপেজ	o̯ e b p e d ʑ
ওয়েলস	o̯ e l s
ওয়েলস	o̯ e l s
ওয়েল্‌স্‌	o̯ e l s
ওয়েল্‌স্‌	o̯ e l s
ওরফে	o ɾ o pʰ eˑ
ওরফে	o ɾ o f eˑ
ওরফে	o ɾ o f eˑ
ওল	oː l
ওল	o l
ওল	oː l
ওল	o l
ওলদ	o l o d̪
ওলদ	o l o d̪
ওলন্দাজ	o l o n d̪ a d͡ʒ
ওলন্দাজ	o l o n d̪ a d ʑ
ওলি	o l iˑ
ওলি	o l iˑ
ওশেনিয়া	o ʃ e n i̯ aˑ
ওশেনিয়া	o ʃ e n i̯ aˑ
ওষুধ	o ʃ u d̪
ওষুধ	o ʃ u d̪
ওষুধ	o ʃ u d̪
ওষুধ	o ʃ u d̪ʱ
ওষ্ঠ্য	o ʂ ʈʰː oˑ
ওষ্ঠ্য	o ʃ tʰː oˑ
ওষ্ঠ্য	o s tʰː oˑ
ওসমান	o s m a n
ওসমান	o s m a n
ওস্তাদ	o s t̪ a d̪
ওস্তাদ	o s t̪ a d̪
ওহাইও	o h a i̯ oˑ
ওহাইও	o h a i̯ oˑ
ঔঁ	oː m
ঔঁ	o m
ঔঁ	õ m
ঔঁ	o ũ m
ঔঁ	oː m
ঔঁ	o m
ঔঁ	õ m
ঔঁ	o m
ঔঁ	o u̯ m
ঔষধ	o u̯ ʃ ɔ d̪
ঔষধ	o u̯ ʃ ɔ d̪
ক	k ɔː
ক	k ɔˑ
ক	k ɔː
ক	k ɔˑ
কংগ্রেস	k ɔ ŋ ɡ ɾ e s
কংগ্রেস	k ɔ ŋ ɡ ɹ e s
কই	k o i̯
কই	k o i̯
কওম	k ɔ o̯ m
কওম	k ɔ o̯ m
কওয়া	k ɔ o̯ aˑ
কওয়া	k ɔ o̯ aˑ
কক্সবাজার	k ɔ k s b a d͡ʒ a ɾ
কক্সবাজার	k ɔ ɡ z b a d͡ʒ a ɾ
কক্সবাজার	k ɔ ɡ z b a z a ɾ
কক্সবাজার	k ɔ k s e s b a d͡ʒ a ɾ
কক্সবাজার	k ɔ k s e z b a d͡ʒ a ɾ
কক্সবাজার	k ɔ k s e z b a z a ɾ
কখন	k ɔ kʰ ɔ n
কখন	k ɔ kʰ ɔ n
কখনো	k ɔ kʰ o n oˑ
কখনো	k ɔ kʰ o n oˑ
কঙ্কাল	k ɔ ŋ k a l
কঙ্কাল	k ɔ ŋ k a l
কচু	k ɔ t͡ʃ uˑ
কচু	k ɔ t ɕ uˑ
কচুয়া	k ɔ t͡ʃ u̯ aˑ
কচুয়া	k ɔ t ɕ u̯ aˑ
কচ্ছপ	k ɔ t͡ʃʰː ɔ p
কচ্ছপ	k ɔ t ɕʰː ɔ p
কটা	k ɔ ʈ a
কঠিন	k o ʈʰ i n
কঠিন	k o tʰ i n
কঠোর	k ɔ t̪ʰ o ɾ
কঠোর	k ɔ t̪ʰ o ɹ
কড়া	k ɔ ɽ aˑ
কড়া	k ɔ ɾ aˑ
কড়া	k ɔ ɹ aˑ
কড়া	k ɔ ɽ aˑ
কড়া	k ɔ ɾ aˑ
কড়া	k ɔ ɹ aˑ
কড়া	k ɔ ɽ aˑ
কড়া	k ɔ ɾ aˑ
কড়া	k ɔ ɹ aˑ
কড়াই	k ɔ ɽ a i̯
কড়াই	k ɔ ɾ a i̯
কড়াই	k ɔ ɹ a i̯
কণা	k ɔ n aˑ
কণা	k ɔ n aˑ
কণ্ঠ	k ɔ ɳ ʈʰ oˑ
কণ্ঠ	k ɔ n tʰ oˑ
কণ্ঠা	k ɔ ɳ ʈʰ aˑ
কণ্ঠা	k ɔ n tʰ aˑ
কণ্ঠ্য	k ɔ ɳ ʈʰ oˑ
কণ্ঠ্য	k ɔ n tʰ oˑ
কত	k ɔ t̪ oˑ
কত	k ɔ t̪ oˑ
কত	k ɔ t̪ ɔˑ
কত	x ɔ t̪ ɔˑ
কথন	k ɔ t̪ʰ ɔ n
কথন	k ɔ t̪ʰ ɔ n
কথা	k ɔ t̪ʰ aˑ
কথা	k ɔ t̪ʰ aˑ
কথাবার্তা	k ɔ t̪ʰ a b a ɾ t̪ aˑ
কথাবার্তা	k ɔ t̪ʰ a b a ɹ t̪ aˑ
কথ্য	k o t̪ʰː oˑ
কথ্য	k o t̪ʰː oˑ
কদবেল	k ɔ d̪ b e l
কদবেল	k ɔ d̪ b e l
কদম	k ɔ d̪ o m
কদম	k ɔ d̪ o m
কদম্ব	k ɔ d̪ o m b oˑ
কদম্ব	k ɔ d̪ o m b oˑ
কদম্বকুসুম	k ɔ d̪ o m b ɔ k u ʃ u m
কদম্বকুসুম	k ɔ d̪ o m b ɔ k u ʃ u m
কদর	k ɔ d̪ o ɾ
কদর	k ɔ d̪ o ɹ
কদাচিৎ	k ɔ d̪ a t͡ʃ i t̪
কদাচিৎ	k ɔ d̪ a t ɕ i t̪
কদু	k o d̪ uˑ
কদু	k o d̪ uˑ
কনক	k ɔ n o k
কনক	k ɔ n o k
কনকচাঁপা	k ɔ n o k t͡ʃ ã p aˑ
কনকচাঁপা	k ɔ n o k t ɕ a p aˑ
কনস্টান্টিনোপল	k ɔ n s ʈ a ɳ ʈ i n o p o l
কনস্টান্টিনোপল	k ɔ n s t a n t i n o p o l
কনুই	k o n u̯ iˑ
কনুই	k o n u̯ iˑ
কন্যা	k ɔ nː aˑ
কন্যা	k o nː aˑ
কন্যা	k ɔ nː aˑ
কন্যা	k o nː aˑ
কপাল	k ɔ p a l
কপাল	k ɔ p a l
কপি	k o p iˑ
কপি	k o p iˑ
কপিত্থ	k o p i t̪ʰː oˑ
কপিত্থ	k o p i t̪ʰː oˑ
কফ	k ɔː f
কফ	k ɔ f
কফ	k ɔː f
কফ	k ɔ f
কফি	k ɔ f iˑ
কফি	k ɔ f iˑ
কবর	k ɔ b o ɾ
কবর	q ɔ b o ɾ
কবর	k ɔ b o ɹ
কবর	q ɔ b o ɹ
কবরস্থান	k ɔ b o ɾ ɔ s t̪ʰ a n
কবরস্থান	k ɔ b o ɹ ɔ s t̪ʰ a n
কবি	k o b iˑ
কবি	k o b iˑ
কবিতা	k o b i t̪ aˑ
কবিতা	k o b i t̪ aˑ
কবুতর	k o b u t̪ ɔ ɾ
কবুতর	k o b u t̪ ɔ ɹ
কবুল	k o b u l
কবুল	k o b u l
কবে	k ɔ b eˑ
কবে	k ɔ b eˑ
কম	k ɔː m
কম	k ɔ m
কম	k ɔː m
কম	k ɔ m
কমলা	k ɔ m l aˑ
কমলা	k ɔ m o l aˑ
কমলা	k ɔ m l aˑ
কমলা	k ɔ m o l aˑ
কমা	k ɔ m a
কমানো	k ɔ m a n oˑ
কমানো	k ɔ m a n oˑ
কম্পিউটার	k ɔ m p i u̯ ʈ a ɾ
কম্পিউটার	k ɔ m p i u̯ t a ɹ
কম্পিউটিং	k ɔ m p i u̯ ʈ i ŋ
কম্পিউটিং	k ɔ m p i u̯ t i ŋ
কম্বল	k ɔ m b o l
কম্বল	k ɔ m b o l
কয়	k ɔ e̯
কয়	k ɔ e̯
কয়থ	k ɔ e̯ o t̪
কয়থ	k ɔ e̯ o t̪
কয়লা	k ɔ e̯ l aˑ
কয়লা	k ɔ e̯ l aˑ
কয়লাখনি	k ɔ e̯ l a kʰ o n iˑ
কয়লাখনি	k ɔ e̯ l a kʰ o n iˑ
কয়েক	k ɔ e k
কয়েক	k ɔ e k
কয়েক	k ɔ e̯ æ k
কয়েক	k ɔ e̯ ɛ k
কয়েতবেল	k ɔ e̯ e t̪ b e l
কয়েতবেল	k ɔ e̯ e t̪ b e l
কয়েথ	k ɔ e t̪
কয়েথ	k ɔ e t̪
কয়েদ	k ɔ e d̪
কয়েদ	k ɔ e d̪
কয়েদখানা	k ɔ e d̪ kʰ a n aˑ
কয়েদখানা	k ɔ e d̪ kʰ a n aˑ
কর	k ɔː ɾ
কর	k ɔ ɾ
কর	k ɔ ɹ
করজ	k ɔ ɾ o z
করজ	k ɔ ɹ o z
করণ	k ɔ ɾ o n
করণ	k ɔ ɹ o n
করত	k ɔ ɾ t̪ oˑ
করত	k ɔ ɹ t̪ oˑ
করতে	k o ɾ t̪ eˑ
করতে	k o ɹ t̪ eˑ
করবে	k ɔ ɾ b eˑ
করবে	k ɔ ɹ b eˑ
করবেন	k o ɾ b e n
করবেন	k o ɹ b e n
এরা	e ɾ aˑ
এরা	e ɹ aˑ
এলজাম	e l̪ d͡ʒ a m
এলজাম	e l z a m
এলজাম	e l̪ d ʑ a m
এলজাম	e l z a m
এলজিবিটি	e l̪ d͡ʒ i b i ʈ iˑ
এলজিবিটি	e l̪ d ʑ i b i t iˑ
এলা	e l aˑ
এলা	e l aˑ
এলাকা	e l a k aˑ
এলাকা	e l a k aˑ
এলাচ	e l a t͡ʃ
এলাচ	e l a t ɕ
এলাহাবাদ	e l a h a b a d̪
এলাহাবাদ	e l a h a b a d̪
এলে	e l eˑ
এলে	e l eˑ
এলেম	e l e m
এলেম	e l e m
এলেমান	e l e m a n
এলেমান	e l e m a n
এলোহিম	e l o h i m
এলোহিম	e l o h i m
এশক	e ʃ k
এশক	e ʃ q
এশক	e ʃ o k
এশক	e ʃ o q
এশক	e ʃ k
এশক	e ʃ q
এশক	e ʃ o k
এশক	e ʃ o q
এশট্রে	e ʃ ɔ ʈː ɾ eˑ
এশট্রে	e ʃ ɔ tː ɹ eˑ
এশিয়া	e ʃ i̯ aˑ
এশিয়া	e ʃ i̯ aˑ
এস্তেমাল	e s t̪ e m a l
এস্তেমাল	e s t̪ e m a l
এস্রাজ	e s ɾ a d͡ʒ
এস্রাজ	e s ɹ a d ʑ
ঐতিহাসিক	o i̯ t̪ i h a ʃ i k
ঐতিহাসিক	o i̯ t̪ i h a ʃ i k
ঐনকা	o i̯ n ɔ k aˑ
ওঁ	õ m
ওঁ	o ũ m
ওঁ	õ m
ওঁ	o m
ওঁ	o u̯ m
ওঁম	oː m
ওঁম	o m
ওঁম	õ m
ওঁম	o ũ m
ওঁম	oː m
ওঁম	o m
ওঁম	õ m
ওঁম	o m
ওঁম	o u̯ m
ওঁম্	oː m
ওঁম্	o m
ওঁম্	õ m
ওঁম্	o ũ m
ওঁম্	oː m
ওঁম্	o m
ওঁম্	õ m
ওঁম্	o m
ওঁম্	o u̯ m
ওঁর	õ ɾ
ওঁর	õ ɹ
ওঁর	o ɹ
ওঁরা	õ ɾ aˑ
ওঁরা	õ ɹ aˑ
ওঁরা	o ɹ aˑ
ওকালতি	o k a l o t̪ iˑ
ওকালতি	o k a l o t̪ iˑ
ওক্ত	o k t̪ oˑ
ওক্ত	o k t̪
ওক্ত	o k t̪ oˑ
ওক্ত	o k t̪
ওক্‌ত	o k t̪
ওক্‌ত	o k t̪
ওখান	o kʰ a n
ওখান	o kʰ a n
ওখানে	o kʰ a n eˑ
ওখানে	o kʰ a n eˑ
ওগো	o ɡ oˑ
ওগো	o ɡ oˑ
ওজন	o d͡ʒ ɔ n
ওজন	o d ʑ ɔ n
ওজন	o d͡ʒ o n
ওজন	o z o n
ওজন	o d ʑ o n
ওজন	o z o n
ওজর	o d͡ʒ ɔ ɾ
ওজর	o d ʑ ɔ ɹ
ওজু	o d͡ʒ uˑ
ওজু	o d ʑ uˑ
ওজু	o d̪ z uˑ
ওজু	o z uˑ
ওজোন	o d͡ʒ o n
ওজোন	o z o n
ওজোন	o d ʑ o n
ওজোন	o z o n
ওঝা	o d͡ʒʱ aˑ
ওঝা	o d ʑʱ aˑ
ওড়না	o ɽ n aˑ
ওড়না	o ɽ n aˑ
ওড়া	o ɽ aˑ
ওড়া	o ɾ aˑ
ওড়া	o ɹ aˑ
ওড়িশা	o ɽ i ʃ aˑ
ওড়িশা	o ɾ i ʃ aˑ
ওড়িশা	o ɹ i ʃ aˑ
ওতফ	o t̪ ɔ f ɔˑ
ওতফ	o t̪ ɔ f ɔˑ
ওদের	o d̪ e ɾ
ওদের	o d̪ e ɹ
ওফাত	ɔ f a t̪
ওফাত	ʊ f a t̪
ওফাত	ɔ f a t̪
ওফাত	ʊ f a t̪
ওম	oː m
ওম	o m
ওম	õ m
ওম	o ũ m
ওম	oː m
ওম	o m
ওম	õ m
ওম	o m
ওম	o u̯ m
ওমর	o m o ɾ
ওমর	o m o ɹ
ওম্	oː m
ওম্	o m
ওম্	õ m
ওম্	o ũ m
ওম্	oː m
ওম্	o m
ওম্	õ m
ওম্	o m
ওম্	o u̯ m
ওয়াইন	o̯ a i̯ n
ওয়াইন	o̯ a i̯ n
ওয়াকফ	o̯ a k ɔ f
ওয়াকফ	o̯ a k f
ওয়াকফ	o̯ a k ɔ f
ওয়াকফ	o̯ a k f
ওয়াকেফ	o̯ a k e f
ওয়াকেফ	o̯ a k e f
ওয়াক্ত	o̯ a k t̪ oˑ
ওয়াক্ত	o̯ a k t̪ oˑ
ওয়াক্‌ফ	o̯ a k f
ওয়াক্‌ফ	o̯ a k f
ওয়াজ	o̯ a z
ওয়াজ	o̯ a d͡ʒ
ওয়াজ	o̯ a z
ওয়াজ	o̯ a d ʑ
ওয়াজিব	o̯ a d͡ʒ i b
ওয়াজিব	o̯ a d ʑ i b
ওয়াতন	o̯ a t̪ ɔ n
ওয়াতন	o̯ a t̪ ɔ n
ওয়াদা	o̯ a d̪ aˑ
ওয়াদা	o̯ a d̪ aˑ
ওয়ারিস	o̯ a ɾ i ʃ
ওয়ারিস	o̯ a ɹ i ʃ
ওয়ালেদ	o̯ a l e d̪
ওয়ালেদ	o̯ a l e d̪
ওয়ালেদা	o̯ a l e d̪ aˑ
ওয়ালেদা	o̯ a l e d̪ aˑ
ওয়াশিংটন	o̯ a ʃ i ŋ ʈ ɔ n
ওয়াশিংটন	o̯ a ʃ i ŋ t ɔ n
ওয়াস্তা	o̯ a s t̪ aˑ
ওয়াস্তা	o̯ a s t̪ aˑ
ওয়াহেগুরু	o̯ a h e ɡ u ɾ uˑ
ওয়াহেগুরু	o̯ a h e ɡ u ɹ uˑ
ওয়েবপেজ	o̯ e b p e d͡ʒ
ওয়েবপেজ	o̯ e b p e d ʑ
ওয়েলস	o̯ e l s
ওয়েলস	o̯ e l s
ওয়েল্‌স্‌	o̯ e l s
ওয়েল্‌স্‌	o̯ e l s
ওরফে	o ɾ o pʰ eˑ
ওরফে	o ɾ o f eˑ
ওরফে	o ɾ o f eˑ
ওল	oː l
ওল	o l
ওল	oː l
ওল	o l
ওলদ	o l o d̪
ওলদ	o l o d̪
ওলন্দাজ	o l o n d̪ a d͡ʒ
ওলন্দাজ	o l o n d̪ a d ʑ
ওলি	o l iˑ
ওলি	o l iˑ
ওশেনিয়া	o ʃ e n i̯ aˑ
ওশেনিয়া	o ʃ e n i̯ aˑ
ওষুধ	o ʃ u d̪
ওষুধ	o ʃ u d̪
ওষুধ	o ʃ u d̪
ওষুধ	o ʃ u d̪ʱ
ওষ্ঠ্য	o ʂ ʈʰː oˑ
ওষ্ঠ্য	o ʃ tʰː oˑ
ওষ্ঠ্য	o s tʰː oˑ
ওসমান	o s m a n
ওসমান	o s m a n
ওস্তাদ	o s t̪ a d̪
ওস্তাদ	o s t̪ a d̪
ওহাইও	o h a i̯ oˑ
ওহাইও	o h a i̯ oˑ
ঔঁ	oː m
ঔঁ	o m
ঔঁ	õ m
ঔঁ	o ũ m
ঔঁ	oː m
ঔঁ	o m
ঔঁ	õ m
ঔঁ	o m
ঔঁ	o u̯ m
ঔষধ	o u̯ ʃ ɔ d̪
ঔষধ	o u̯ ʃ ɔ d̪
ক	k ɔː
ক	k ɔˑ
ক	k ɔː
ক	k ɔˑ
কংগ্রেস	k ɔ ŋ ɡ ɾ e s
কংগ্রেস	k ɔ ŋ ɡ ɹ e s
কই	k o i̯
কই	k o i̯
কওম	k ɔ o̯ m
কওম	k ɔ o̯ m
কওয়া	k ɔ o̯ aˑ
কওয়া	k ɔ o̯ aˑ
কক্সবাজার	k ɔ k s b a d͡ʒ a ɾ
কক্সবাজার	k ɔ ɡ z b a d͡ʒ a ɾ
কক্সবাজার	k ɔ ɡ z b a z a ɾ
কক্সবাজার	k ɔ k s e s b a d͡ʒ a ɾ
কক্সবাজার	k ɔ k s e z b a d͡ʒ a ɾ
কক্সবাজার	k ɔ k s e z b a z a ɾ
কখন	k ɔ kʰ ɔ n
কখন	k ɔ kʰ ɔ n
কখনো	k ɔ kʰ o n oˑ
কখনো	k ɔ kʰ o n oˑ
কঙ্কাল	k ɔ ŋ k a l
কঙ্কাল	k ɔ ŋ k a l
কচু	k ɔ t͡ʃ uˑ
কচু	k ɔ t ɕ uˑ
কচুয়া	k ɔ t͡ʃ u̯ aˑ
কচুয়া	k ɔ t ɕ u̯ aˑ
কচ্ছপ	k ɔ t͡ʃʰː ɔ p
কচ্ছপ	k ɔ t ɕʰː ɔ p
কটা	k ɔ ʈ a
কঠিন	k o ʈʰ i n
কঠিন	k o tʰ i n
কঠোর	k ɔ t̪ʰ o ɾ
কঠোর	k ɔ t̪ʰ o ɹ
কড়া	k ɔ ɽ aˑ
কড়া	k ɔ ɾ aˑ
কড়া	k ɔ ɹ aˑ
কড়া	k ɔ ɽ aˑ
কড়া	k ɔ ɾ aˑ
কড়া	k ɔ ɹ aˑ
কড়া	k ɔ ɽ aˑ
কড়া	k ɔ ɾ aˑ
কড়া	k ɔ ɹ aˑ
কড়াই	k ɔ ɽ a i̯
কড়াই	k ɔ ɾ a i̯
কড়াই	k ɔ ɹ a i̯
কণা	k ɔ n aˑ
কণা	k ɔ n aˑ
কণ্ঠ	k ɔ ɳ ʈʰ oˑ
কণ্ঠ	k ɔ n tʰ oˑ
কণ্ঠা	k ɔ ɳ ʈʰ aˑ
কণ্ঠা	k ɔ n tʰ aˑ
কণ্ঠ্য	k ɔ ɳ ʈʰ oˑ
কণ্ঠ্য	k ɔ n tʰ oˑ
কত	k ɔ t̪ oˑ
কত	k ɔ t̪ oˑ
কত	k ɔ t̪ ɔˑ
কত	x ɔ t̪ ɔˑ
কথন	k ɔ t̪ʰ ɔ n
কথন	k ɔ t̪ʰ ɔ n
কথা	k ɔ t̪ʰ aˑ
কথা	k ɔ t̪ʰ aˑ
কথাবার্তা	k ɔ t̪ʰ a b a ɾ t̪ aˑ
কথাবার্তা	k ɔ t̪ʰ a b a ɹ t̪ aˑ
কথ্য	k o t̪ʰː oˑ
কথ্য	k o t̪ʰː oˑ
কদবেল	k ɔ d̪ b e l
কদবেল	k ɔ d̪ b e l
কদম	k ɔ d̪ o m
কদম	k ɔ d̪ o m
কদম্ব	k ɔ d̪ o m b oˑ
কদম্ব	k ɔ d̪ o m b oˑ
কদম্বকুসুম	k ɔ d̪ o m b ɔ k u ʃ u m
কদম্বকুসুম	k ɔ d̪ o m b ɔ k u ʃ u m
কদর	k ɔ d̪ o ɾ
কদর	k ɔ d̪ o ɹ
কদাচিৎ	k ɔ d̪ a t͡ʃ i t̪
কদাচিৎ	k ɔ d̪ a t ɕ i t̪
কদু	k o d̪ uˑ
কদু	k o d̪ uˑ
কনক	k ɔ n o k
কনক	k ɔ n o k
কনকচাঁপা	k ɔ n o k t͡ʃ ã p aˑ
কনকচাঁপা	k ɔ n o k t ɕ a p aˑ
কনস্টান্টিনোপল	k ɔ n s ʈ a ɳ ʈ i n o p o l
কনস্টান্টিনোপল	k ɔ n s t a n t i n o p o l
কনুই	k o n u̯ iˑ
কনুই	k o n u̯ iˑ
কন্যা	k ɔ nː aˑ
কন্যা	k o nː aˑ
কন্যা	k ɔ nː aˑ
কন্যা	k o nː aˑ
কপাল	k ɔ p a l
কপাল	k ɔ p a l
কপি	k o p iˑ
কপি	k o p iˑ
কপিত্থ	k o p i t̪ʰː oˑ
কপিত্থ	k o p i t̪ʰː oˑ
কফ	k ɔː f
কফ	k ɔ f
কফ	k ɔː f
কফ	k ɔ f
কফি	k ɔ f iˑ
কফি	k ɔ f iˑ
কবর	k ɔ b o ɾ
কবর	q ɔ b o ɾ
কবর	k ɔ b o ɹ
কবর	q ɔ b o ɹ
কবরস্থান	k ɔ b o ɾ ɔ s t̪ʰ a n
কবরস্থান	k ɔ b o ɹ ɔ s t̪ʰ a n
কবি	k o b iˑ
কবি	k o b iˑ
কবিতা	k o b i t̪ aˑ
কবিতা	k o b i t̪ aˑ
কবুতর	k o b u t̪ ɔ ɾ
কবুতর	k o b u t̪ ɔ ɹ
কবুল	k o b u l
কবুল	k o b u l
কবে	k ɔ b eˑ
কবে	k ɔ b eˑ
কম	k ɔː m
কম	k ɔ m
কম	k ɔː m
কম	k ɔ m
কমলা	k ɔ m l aˑ
কমলা	k ɔ m o l aˑ
কমলা	k ɔ m l aˑ
কমলা	k ɔ m o l aˑ
কমা	k ɔ m a
কমানো	k ɔ m a n oˑ
কমানো	k ɔ m a n oˑ
কম্পিউটার	k ɔ m p i u̯ ʈ a ɾ
কম্পিউটার	k ɔ m p i u̯ t a ɹ
কম্পিউটিং	k ɔ m p i u̯ ʈ i ŋ
কম্পিউটিং	k ɔ m p i u̯ t i ŋ
কম্বল	k ɔ m b o l
কম্বল	k ɔ m b o l
কয়	k ɔ e̯
কয়	k ɔ e̯
কয়থ	k ɔ e̯ o t̪
কয়থ	k ɔ e̯ o t̪
কয়লা	k ɔ e̯ l aˑ
কয়লা	k ɔ e̯ l aˑ
কয়লাখনি	k ɔ e̯ l a kʰ o n iˑ
কয়লাখনি	k ɔ e̯ l a kʰ o n iˑ
কয়েক	k ɔ e k
কয়েক	k ɔ e k
কয়েক	k ɔ e̯ æ k
কয়েক	k ɔ e̯ ɛ k
কয়েতবেল	k ɔ e̯ e t̪ b e l
কয়েতবেল	k ɔ e̯ e t̪ b e l
কয়েথ	k ɔ e t̪
কয়েথ	k ɔ e t̪
কয়েদ	k ɔ e d̪
কয়েদ	k ɔ e d̪
কয়েদখানা	k ɔ e d̪ kʰ a n aˑ
কয়েদখানা	k ɔ e d̪ kʰ a n aˑ
কর	k ɔː ɾ
কর	k ɔ ɾ
কর	k ɔ ɹ
করজ	k ɔ ɾ o z
করজ	k ɔ ɹ o z
করণ	k ɔ ɾ o n
করণ	k ɔ ɹ o n
করত	k ɔ ɾ t̪ oˑ
করত	k ɔ ɹ t̪ oˑ
করতে	k o ɾ t̪ eˑ
করতে	k o ɹ t̪ eˑ
করবে	k ɔ ɾ b eˑ
করবে	k ɔ ɹ b eˑ
করবেন	k o ɾ b e n
করবেন	k o ɹ b e n
করলে	k ɔ ɾ l eˑ
করলে	k ɔ ɹ l eˑ
করা	k ɔ ɾ aˑ
করা	k ɔ ɹ aˑ
করানো	k ɔ ɾ a n oˑ
করানো	k ɔ ɹ a n oˑ
করি	k o ɾ iˑ
করি	k o ɹ iˑ
করিম	k o ɾ i m
করিম	k o ɹ i m
করুণা	k o ɾ u n aˑ
করুণা	k o ɹ u n aˑ
করুন	k o ɾ u n
করুন	k o ɹ u n
করে	k o ɾ eˑ
করে	k o ɹ eˑ
করেছিল	k ɔ ɾ e t͡ʃʰ i l oˑ
করেছিল	k ɔ ɹ e t ɕʰ i l oˑ
করেছিলেন	k ɔ ɾ e t͡ʃʰ i l e n
করেছিলেন	k ɔ ɹ e t ɕʰ i l e n
করেন	k ɔ ɾ e n
করেন	k ɔ ɹ e n
করোনা	k ɔ ɾ o n aˑ
করোনা	k ɔ ɹ o n aˑ
করোনাভাইরাস	k ɔ ɾ o n a bʱ a i̯ ɾ a s
করোনাভাইরাস	k ɔ ɾ o n a v a i̯ ɾ a s
করোনাভাইরাস	k ɔ ɹ o n a bʱ a i̯ ɹ a s
করোনাভাইরাস	k ɔ ɹ o n a v a i̯ ɹ a s
কর্কট	k ɔ ɾ k ɔ ʈ
কর্কট	k ɔ ɹ k ɔ t
কর্কট	k ɔ ɾ k ɔ t
কর্কট	x ɔ ɹ x ɔ t
কর্জ	k ɔ ɾ d͡ʒ oˑ
কর্জ	k ɔ ɹ d ʑ oˑ
কর্ণ	k ɔ ɾ n oˑ
কর্ণ	k ɔ ɹ n oˑ
কর্ণপাত	k ɔ ɾ n o p a t̪
কর্ণপাত	k ɔ ɹ n o p a t̪
কর্ণাটক	k ɔ ɾ n a ʈ ɔ k
কর্ণাটক	k ɔ ɹ n a t ɔ k
কর্তৃকারক	k ɔ ɾ t̪ː ɾ i k a ɾ ɔ k
কর্তৃকারক	k ɔ ɹ t̪ː ɹ i k a ɹ ɔ k
কর্তৃত্ব	k o ɾ t̪ː ɾ i t̪ː oˑ
কর্তৃত্ব	k o ɹ t̪ː ɹ i t̪ː oˑ
কর্পূর	k ɔ ɾ p u ɾ
কর্পূর	k ɔ ɹ p u ɹ
কর্বুর	k ɔ ɾ b u ɾ
কর্বুর	k ɔ ɹ b u ɹ
কর্ম	k ɔ ɾ m oˑ
কর্ম	k ɔ ɹ m oˑ
কর্মকর্তা	k ɔ ɾ m ɔ k ɔ ɾ t̪ aˑ
কর্মকর্তা	k ɔ ɹ m ɔ k ɔ ɹ t̪ aˑ
কর্মচারী	k ɔ ɾ m ɔ t͡ʃ a ɾ iˑ
কর্মচারী	k ɔ ɹ m ɔ t ɕ a ɹ iˑ
কর্মসূচি	k ɔ ɾ m ɔ ʃ u t͡ʃ iˑ
কর্মসূচি	k ɔ ɹ m ɔ ʃ u t ɕ iˑ
কর্মস্থল	k ɔ ɾ m ɔ s t̪ʰ ɔ l
কর্মস্থল	k ɔ ɹ m ɔ s t̪ʰ ɔ l
কর্মী	k ɔ ɾ m iˑ
কর্মী	k ɔ ɹ m iˑ
কলকাতা	k o l k a t̪ aˑ
কলকাতা	k o l k a t̪ aˑ
কলঙ্ক	k ɔ l o ŋ k oˑ
কলঙ্ক	k ɔ l o ŋ k oˑ
কলম	k ɔ l o m
কলম	k ɔ l o m
কলহ	k ɔ l o h oˑ
কলহ	k ɔ l o h oˑ
কলা	k ɔ l äˑ
কলিকাতা	k o l i k a t̪ aˑ
কলিকাতা	k o l i k a t̪ aˑ
কলিজা	k o l i d͡ʒ aˑ
কলিজা	k o l i d ʑ aˑ
কলেজ	k ɔ l e d͡ʒ
কলেজ	k ɔ l e d ʑ
কষ্ট	k ɔ ʂ ʈ oˑ
কষ্ট	k ɔ ʃ t oˑ
কষ্ট	k ɔ s t oˑ
কসম	q ɔ s o m
কসম	k ɔ s o m
কসম	q ɔ s o m
কসম	k ɔ s o m
কস্তুর	k o s t̪ u ɾ
কস্তুর	k o s t̪ u ɹ
কস্তুরী	k o s t̪ u ɾ iˑ
কস্তুরী	k o s t̪ u ɹ iˑ
কাঁকই	k ã k o i
কাঁকড়া	k ã k ɽ aˑ
কাঁকড়া	k ã k ɾ aˑ
কাঁকড়া	k a k ɹ aˑ
কাঁকন	k ã k ɔ n
কাঁকন	k a k ɔ n
কাঁকন	k a k ɔ n
কাঁকন	x a x ɔ n
কাঁকাল	k ã k a l
কাঁকাল	k a k a l
কাঁচা	k ã t͡ʃ aˑ
কাঁচা	k a t ɕ aˑ
কাঁচি	k ã t͡ʃ iˑ
কাঁচি	k a t͡ʃ iˑ
কাঁচি	k a t ɕ iˑ
কাঁটা	k ã ʈ aˑ
কাঁটা	k a t aˑ
কাঁঠাল	k ã ʈʰ a l
কাঁঠাল	k a tʰ a l
কাঁড়	k ã ɽ
কাঁড়	k ã ɾ
কাঁড়	k a ɹ
কাঁড়	k a ɾ
কাঁড়	x a ɹ
কাঁদা	k ã d̪ aˑ
কাঁদা	k a d̪ aˑ
কাঁদি	k ã d̪ iˑ
কাঁদি	k a d̪ iˑ
কাঁধ	k ã d̪
কাঁধ	k a d̪
কাঁপা	k ã p aˑ
কাউন	k a u̯ n
কাউন	k a u̯ n
কাউয়া	k a u̯ aˑ
কাউয়া	k a u̯ aˑ
কাউর	k a u̯ ɾ
কাউর	k a u̯ ɹ
কাওয়ালী	k a o̯ a l iˑ
কাওয়ালী	k a o̯ː a l iˑ
কাওয়ালী	k a o̯ a l iˑ
কাওয়ালী	k a o̯ː a l iˑ
কাওয়্যালী	k a o̯ː a l iˑ
কাওয়্যালী	k a o̯ː a l iˑ
কাক	k aː k
কাক	k a k
কাক	k aː k
কাক	k a k
কাকতালীয়	k a k t̪ a l i̯ oˑ
কাকতালীয়	k a k o t̪ a l i̯ oˑ
কাকতালীয়	k a k t̪ a l i̯ oˑ
কাকতালীয়	k a k o t̪ a l i̯ oˑ
কাকাতুয়া	k a k a t̪ u̯ aˑ
কাকাতুয়া	k a k a t̪ u̯ aˑ
কাগজ	k a ɡ o d͡ʒ
কাগজ	k a ɡ o z
কাগজ	k a ɡ o d ʑ
কাগজ	k a ɡ o z
কাচ	k a t͡ʃ
কাচ	k ã t͡ʃ
কাচ	k a t ɕ
কাচ	k a t ɕ
কাচা	k a t͡ʃ aˑ
কাচা	k a t ɕ aˑ
কাছ	k a t͡ʃ
কাছ	k a t ɕ
কাছা	k a t͡ʃʰ aˑ
কাছা	k a t ɕʰ aˑ
কাছিম	k a t͡ʃʰ i m
কাছিম	k a t ɕʰ i m
কাছে	k a t͡ʃʰ eˑ
কাছে	k a t ɕʰ eˑ
কাছে	k a s eˑ
কাছে	k a s é
কাছে	x a s é
কাজ	k a d͡ʒ
কাজ	k a d ʑ
কাজল	k a d͡ʒ o l
কাজল	k a d ʑ o l
কাজাখস্তান	k a z a kʰ s t̪ a n
কাজাখস্তান	k a z a kʰ s t̪ a n
কাজী	k a d͡ʒ iˑ
কাজী	k a d ʑ iˑ
কাটা	k a ʈ aˑ
কাটা	k a t aˑ
কাঠ	k aː ʈ
কাঠ	k a ʈ
কাঠ	k a tʰ
কাঠি	k a ʈ̟ʰ i
কাঠিপোকা	k ä ʈ̟ʰ i p o k äˑ
কাড়া	k a ɽ aˑ
কাড়া	k a ɾ aˑ
কাড়া	k a ɹ aˑ
কাণ্ড	k a ɳ ɖ oˑ
কাণ্ড	k a n d oˑ
কাতার	k a t̪ a ɾ
কাতার	k a t̪ a ɹ
কাথিয়াবাড়	k a t̪ʰ i a b a ɽ
কাথিয়াবাড়	k a t̪ʰ i a b a ɾ
কাথিয়াবাড়	k a t̪ʰ i a b a ɹ
কাদা	k a d̪ aˑ
কাদা	k a d̪ aˑ
কান	k aː n
কান	k a n
কান	k aː n
কান	k a n
কান	k a n oˑ
কান	k a n oˑ
কানন	k a n o n
কানন	k a n o n
কানিজ	k a n i d͡ʒ
কানিজ	k a n i d ʑ
কানুন	k a n u n
কানুন	k a n u n
কানুনগো	k a n u n ɡ oˑ
কানুনগো	k a n u n ɡ oˑ
কান্না	k a nː aˑ
কান্না	k a nː aˑ
কাপড়	k a p o ɽ
কাপড়	k a p o ɾ
কাপড়	k a p o ɹ
কাপাস	k a p a ʃ
কাপাস	k a p a ʃ
কাফি	k a f iˑ
কাফি	k a f iˑ
কাফের	k a f e ɾ
কাফের	k a f i ɾ
কাফের	k æ f e ɾ
কাফের	k a f e ɹ
কাফের	k a f i ɹ
কাফের	k ɛ f e ɹ
কাফেলা	k a f e l aˑ
কাফেলা	k a pʰ e l aˑ
কাফেলা	k a f e l aˑ
কাফেলা	k a pʰ e l aˑ
কাবাডি	k a b a ɖ iˑ
কাবাডি	k a b a d iˑ
কাবাড্ডি	k a b a ɖː iˑ
কাবাড্ডি	k a b a dː iˑ
কাবাব	k a b a b
কাবাব	k a b a b
কাবুল	k a b u l
কাবুল	k a b u l
কাব্বাডি	k a bː a ɖ iˑ
কাব্বাডি	k a bː a d iˑ
কাম	k aː m
কাম	k a m
কাম	k aː m
কাম	k a m
কামড়	k a m o ɽ̟
কামড়ানো	k a m ɽ̟ a n o
কামরা	k a m ɾ aˑ
কামরা	k a m ɹ aˑ
কামস্থান	k ä m ɔ s̠ t̪ʰ äˑ n
কামানো	k a m a n oˑ
কামানো	k a m a n oˑ
কামার	k a m a ɾ
কামার	k a m a ɹ
কামিজ	k a m i d͡ʒ
কামিজ	k a m i z
কামিজ	k a m i d ʑ
কামিজ	k a m i z
কামিয়াবি	k a m i̯ a b iˑ
কামিয়াবি	k a m i̯ a b iˑ
কায়দা	k a e̯ ɔ d̪ aˑ
কায়দা	k a e̯ ɔ d̪ aˑ
কায়েনাত	k a e̯ n a t̪
কায়েনাত	k a e̯ n a t̪
কায়েম	k a e̯ m
কায়েম	k a e̯ m
কার	k aː ɾ
কার	k a ɾ
কার	k a ɹ
কারওয়ান	k a ɾ o̯ a n
কারওয়ান	k a ɹ o̯ a n
কারখানা	k a ɾ kʰ a n aˑ
কারখানা	k a ɹ kʰ a n aˑ
কারণ	k a r o n
কারাগার	k a ɾ a ɡ a ɾ
কারাগার	k a ɹ a ɡ a ɹ
কারো	k a ɾ oˑ
কারো	k a ɹ oˑ
কার্ডিয়াক	k a ɾ ɖ i̯ a k
কার্ডিয়াক	k a ɹ d i̯ a k
কার্তিক	k a ɾ t̪ i k
কার্তিক	k a t̪ː i k
কার্তিক	k a ɹ t̪ i k
কার্তিক	k a t̪ː i k
কার্তুজ	k a ɾ t̪ u d͡ʒ
কার্তুজ	k a ɹ t̪ u d ʑ
কার্য	k a ɾ d͡ʒ oˑ
কার্য	k a ɹ d ʑ oˑ
কাল	k a l
কালি	k a l iˑ
কালি	k a l iˑ
কালীপ্রসন্ন	k a l i p ɾ o ʃ ɔ nː oˑ
কালীপ্রসন্ন	k a l i p ɹ o ʃ ɔ nː oˑ
কালেম	k a l e m
কালেম	k a l e m
কালো	k a l oˑ
কালো	k a l oˑ
কালোজাম	k a l o d͡ʒ a m
কালোজাম	k a l o d ʑ a m
কালোজিরা	k a l o d͡ʒ i ɾ aˑ
কালোজিরা	k a l o d ʑ i ɹ aˑ
কাল্পনিক	k a l p o n i k
কাল্পনিক	k a l p o n i k
কাশা	k a ʃ aˑ
কাশা	k a ʃ aˑ
কাশি	k a ʃ i
কাহিনি	k a h i n iˑ
কাহিনি	k a h i n iˑ
কাহিনী	k a h i n iˑ
কাহিনী	k a h i n iˑ
কাহোয়া	k a h o̯ aˑ
কাহোয়া	k a h o̯ aˑ
কি	k iː
কি	k iˑ
কি	k iː
কি	k iˑ
কিংকর্তব্যবিমূঢ়	k i ŋ k ɔ ɾ t̪ ɔ bː o b i m u ɽʱ
কিংকর্তব্যবিমূঢ়	k i ŋ k ɔ ɾ t̪ ɔ bː o b i m u ɽ
কিংকর্তব্যবিমূঢ়	k i ŋ k ɔ ɾ t̪ ɔ bː o b i m u ɾ h
কিংকর্তব্যবিমূঢ়	k i ŋ k ɔ ɹ t̪ ɔ bː o b i m u ɹ
কিংখাব	k i ŋ kʰ a b
কিংখাব	k i ŋ kʰ a b
কিংবা	k i ŋ b aˑ
কিংবা	k i ŋ b aˑ
কিছু	k i t͡ʃʰ uˑ
কিছু	k i t ɕʰ uˑ
কিছু	k i s uˑ
কিছু	k i s uˑ
কিছু	x i s uˑ
কিছু	k i s uˑ
কিছুক্ষণ	k i t͡ʃʰ u kʰː ɔ n
কিছুক্ষণ	k i t ɕʰ u kʰː ɔ n
কিডনি	k i ɖ n iˑ
কিডনি	k i d n iˑ
কিতাব	k i t̪ a b
কিতাব	k i t̪ a b
কিনা	k i n aˑ
কিনা	k i n aˑ
কিনার	k i n a ɾ
কিনার	k i n a ɹ
কিনারা	k i n a ɾ aˑ
কিনারা	k i n a ɹ aˑ
কিন্তু	k i n t̪ uˑ
কিন্তু	k i n t̪ uˑ
কিপটা	k i p ʈ aˑ
কিপটা	k i p t aˑ
কিবলা	k i b l aˑ
কিবলা	k i b l aˑ
কিবোর্ড	k iː b o ɾ ɖ
কিবোর্ড	k i b o ɾ ɖ
কিবোর্ড	k iː b o ɹ d
কিবোর্ড	k i b o ɹ d
কিবোর্ড	k i b o d
কিবোর্ড	x i b o d
কিবোর্ড	k i b o t
কিবোর্ড	x i b o t
কিমা	k i m aˑ
কিমা	k i m aˑ
কিরগিজস্তান	k i ɾ ɡ i d͡ʒ s t̪ a n
কিরগিজস্তান	k i ɾ ɡ i z s t̪ a n
কিরগিজস্তান	k i ɾ ɡ i s t̪ a n
কিরগিজস্তান	k i ɾ ɡ i s t̪ʰ a n
কিরগিজস্তান	k i ɹ ɡ i d ʑ s t̪ a n
কিরগিজস্তান	k i ɹ ɡ i z s t̪ a n
কিরগিজস্তান	k i ɹ ɡ i s t̪ a n
কিরগিজস্তান	k i ɹ ɡ i s t̪ʰ a n
কিরণ	k i ɾ o n
কিরণ	k i ɹ o n
কিরীট	k i ɾ i ʈ
কিরীট	k i ɹ i t
কিল	k iː l
কিল	k i l
কিল	k iː l
কিল	k i l
কিশমিশ	k i ʃ m i ʃ
কিশমিশ	k i s m i s
কিশমিশ	k i ʃ m i ʃ
কিশমিশ	k i s m i s
কিশোর	k i ʃ o ɾ
কিশোর	k i ʃ o ɹ
কিসমত	k i s m o t̪
কিসমত	k i s m o t̪
কিসিম	k i s i m
কিসিম	k i ʃ i m
কিসিম	k i s i m
কিসিম	k i ʃ i m
কিস্তিমাত	k i s t̪ i m a t̪
কিস্তিমাত	k i s t̪ i m a t̪
কুঁকড়া	k ũ k ɽ aˑ
কুঁকড়া	k ũ k ɾ aˑ
কুঁকড়া	k u k ɹ aˑ
কুঁচ	k ũ t͡ʃ
কুঁচ	k u t ɕ
কুঁড়ে	k ũ ɽ eˑ
কুঁড়ে	k ũ ɾ eˑ
কুঁড়ে	k u ɹ eˑ
কুঁড়ে	k u ɾ ɛˑ
কুঁড়ে	x u ɹ ɛˑ
কুঁদা	k ũ d̪ aˑ
কুঁদা	k u d̪ aˑ
কুঁদা	k u d̪ aˑ
কুঁদা	x u d̪ aˑ
কুইবেক	k u̯ i b e k
কুইবেক	k u̯ i b e k
কুউ	k u̯ uˑ
কুউ	k u̯ uˑ
কুকি	k u k iˑ
কুকি	k u k iˑ
কুকুড়া	k u k u ɽ aˑ
কুকুড়া	k u k u ɾ aˑ
কুকুড়া	k u k u ɹ aˑ
কুকুর	k u k u ɾ
কুকুর	k u k u ɹ
কুকুর	k u k u ɾ
কুকুর	k u k u ɹ
কুচকুচ	k u t͡ʃ k u t͡ʃ
কুচকুচ	k u t ɕ k u t ɕ
কুচকুচ	k u t̪ s k u t̪ s
কুচকুচ	x u s x u s
কুচকুচ	k u s k u s
কুঞ্জ	k u n d͡ʒ oˑ
কুঞ্জ	k u n d ʑ oˑ
কুঞ্জলতা	k u n d͡ʒ ɔ l o t̪ aˑ
কুঞ্জলতা	k u n d ʑ ɔ l o t̪ aˑ
কুটিলতাবর্জিত	k u ʈ i l ɔ t̪ a b ɔ ɾ d͡ʒ i t̪ oˑ
কুটিলতাবর্জিত	k u t i l ɔ t̪ a b ɔ ɹ d ʑ i t̪ oˑ
কুঠরি	k u ʈʰ o ɾ iˑ
কুঠরি	k u tʰ o ɹ iˑ
কুড়াল	k u ɽ a l
কুড়াল	k u ɾ a l
কুড়াল	k u ɹ a l
কুড়ালি	k u ɽ a l iˑ
কুড়ালি	k u ɾ a l iˑ
কুড়ালি	k u ɹ a l iˑ
কুড়ি	k u ɽ iˑ
কুড়ি	k u ɾ iˑ
কুড়ি	k u ɹ iˑ
কুড়িগ্রাম	k u ɽ i ɡ ɾ a m
কুড়িগ্রাম	k u ɾ i ɡ ɾ a m
কুড়িগ্রাম	k u ɹ i ɡ ɹ a m
কুড়ুল	k u ɽ u l
কুড়ুল	k u ɾ u l
কুড়ুল	k u ɹ u l
কুতুবখানা	k u t̪ u b kʰ a n aˑ
কুতুবখানা	k u t̪ u b kʰ a n aˑ
কুতুবখানা	k u t̪ u b kʰ a n aˑ
কুতুবখানা	x u t̪ u b x a n aˑ
কুত্তা	k u t̪ː aˑ
কুত্তা	k u t̪ː aˑ
কুদেতা	k u d̪ e t̪ aˑ
কুদেতা	k u d̪ e t̪ aˑ
কুন্দুরু	k u n d̪ u ɾ uˑ
কুন্দুরু	k u n d̪ u ɹ uˑ
কুফতা	k u f t̪ aˑ
কুফতা	k u f t̪ aˑ
কুফা	k u f aˑ
কুফা	k u f aˑ
কুবের	k u b e ɾ
কুবের	k u b e ɹ
কুমড়া	k u m ɽ aˑ
কুমড়া	k u m ɾ aˑ
কুমড়া	k u m ɹ aˑ
কুমড়ো	k u m ɽ oˑ
কুমড়ো	k u m ɾ oˑ
কুমড়ো	k u m ɹ oˑ
কুমার	k u m a ɾ
কুমার	k u m a ɹ
কুমারীত্ব	k u m a ɾ i t̪ː oˑ
কুমারীত্ব	k u m a ɹ i t̪ː oˑ
কুমির	k u m i ɾ
কুমির	k u m i ɹ
কুমীর	k u m i ɾ
কুমীর	k u m i ɹ
কুম্ভ	k u m bʱ oˑ
কুম্ভ	k u m v oˑ
কুম্ভ	k u m bʱ oˑ
কুম্ভ	k u m v oˑ
কুম্ভীর	k u m bʱ i ɾ
কুম্ভীর	k u m v i ɾ
কুম্ভীর	k u m bʱ i ɹ
কুম্ভীর	k u m v i ɹ
কুম্ভীর	k u m β i ɾ
কুম্ভীর	x u m β i ɹ
কুম্ভীলকবৃত্তি	k u m bʱ i l ɔ k b ɾ i t̪ː iˑ
কুম্ভীলকবৃত্তি	k u m v i l ɔ k b ɾ i t̪ː iˑ
কুম্ভীলকবৃত্তি	k u m bʱ i l ɔ k b ɹ i t̪ː iˑ
কুম্ভীলকবৃত্তি	k u m v i l ɔ k b ɹ i t̪ː iˑ
কুয়াশা	k u̯ a ʃ aˑ
কুয়াশা	k u̯ a ʃ aˑ
কুয়ো	k u̯ oˑ
কুয়ো	k u̯ oˑ
কুরআন	k u ɾ a n
কুরআন	k ʊ ɾ a n
কুরআন	k u ɹ a n
কুরআন	k ʊ ɹ a n
কুরসি	k u ɾ s i
কুলখানি	k u l kʰ a n iˑ
কুলখানি	k u l kʰ a n iˑ
কুলাঙ্গার	k u l a ŋ ɡ a ɾ
কুলাঙ্গার	k u l a ŋ ɡ a ɹ
কুষ্টিয়া	k u ʂ ʈ i̯ aˑ
কুষ্ঠ	k u ʂ ʈʰ oˑ
কুষ্ঠ	k u ʃ tʰ oˑ
কুষ্ঠ	k u s tʰ oˑ
কুসকুস	k u s k u s
কুসকুস	k u ʃ k u ʃ
কুসকুস	k u s k u s
কুসকুস	k u ʃ k u ʃ
কুসকুস	k u s k u s
কুসকুস	x u s x u s
কুসকুস	k u ʃ k u ʃ
কুসকুস	x u ʃ x u ʃ
কুসকুস	k u s k u s
কুসকুস	k u ʃ k u ʃ
কুসুম	k u ʃ u m
কুসুম	k u ʃ u m
কুস্তি	k u s t̪ iˑ
কুস্তি	k u s t̪ iˑ
কুস্তুন্তুনিয়া	k u s t̪ u n t̪ u n i̯ aˑ
কুস্তুন্তুনিয়া	k u s t̪ u n t̪ u n i̯ aˑ
কূপ	k uː p
কূপ	k u p
কূপ	k uː p
কূপ	k u p
কৃতজ্ঞ	k ɾ i t̪ ɔ ɡː õˑ
কৃতজ্ঞ	k ɹ i t̪ ɔ ɡː õˑ
কৃতজ্ঞ	k ɹ i t̪ ɔ ɡː oˑ
কৃতজ্ঞতা	k ɾ i t̪ ɔ ɡː ɔ̃ t̪ aˑ
কৃতজ্ঞতা	k ɹ i t̪ ɔ ɡː ɔ t̪ aˑ
কৃতজ্ঞতামূলক	k ɾ i t̪ ɔ ɡː ɔ̃ t̪ a m u l ɔ k
কৃতজ্ঞতামূলক	k ɹ i t̪ ɔ ɡː ɔ t̪ a m u l ɔ k
কৃত্রিম	k ɾ i t̪ː ɾ i m
কৃত্রিম	k ɹ i t̪ː ɹ i m
কৃশানু	k ɾ i ʃ a n uˑ
কৃশানু	k ɹ i ʃ a n uˑ
কৃষক	k ɾ i ʃ ɔ k
কৃষক	k ɹ i ʃ ɔ k
কৃষি	k ɾ i ʃ iˑ
কৃষি	k ɹ i ʃ iˑ
কৃষিকার্য	k ɾ i ʃ i k a ɾ d͡ʒ oˑ
কৃষিকার্য	k ɹ i ʃ i k a ɹ d ʑ oˑ
কৃষ্ণ	k ɾ i ʃ n oˑ
কৃষ্ণ	k ɾ i s n oˑ
কৃষ্ণ	k ɾ i ʃ n oˑ
কৃষ্ণ	k ɾ i s n oˑ
কে	k eː
কে	k eˑ
কে	k eː
কে	k eˑ
কেঁচি	k ẽ t͡ʃ iˑ
কেঁচি	k e t ɕ iˑ
কেঁচো	k ẽ t͡ʃ oˑ
কেঁচো	k e t ɕ oˑ
কেউ	k e uˑ
কেউ	k e ʊ
কেউ	k e oˑ
কেউ	k e uˑ
কেউ	k e ʊ
কেউ	k e oˑ
কেও	k e oˑ
কেও	k e ʊ
কেও	k e oˑ
কেও	k e ʊ
কেওড়া	k æ o̯ ɽ aˑ
কেওড়া	k æ o̯ ɾ aˑ
কেওড়া	k æ o̯ ɹ aˑ
কেক	k eː k
কেক	k e k
কেক	k eː k
কেক	k e k
কেচ্ছা	k e t͡ʃʰː aˑ
কেচ্ছা	k e t ɕʰː aˑ
কেচ্ছা	k ɛ t̪ sː aˑ
কেচ্ছা	x ɛ sː aˑ
কেটলি	k e ʈ l iˑ
কেটলি	k e t l iˑ
কেঠা	k e tʰ aˑ
কেঠা	k ɛ tʰ aˑ
কেতকী	k e t̪ o k iˑ
কেতকী	k e t̪ o k iˑ
কেতা	k e t̪ aˑ
কেতা	k e t̪ aˑ
কেদারা	k e d̪ a ɾ aˑ
কেদারা	k e d̪ a ɾ aˑ
কেন	k æ n oˑ
কেন	k æː n
কেন	k æ n
কেন	k æ n oˑ
কেন	k æː n
কেন	k æ n
কেন	k ɛ n ɔˑ
কেন	x ɛ n ɔˑ
কেন	k ɛ n
কেন	x ɛ n
কেনা	k e n a
কেনানো	k e n a n o
কেনে	k e n e
কেন্দ্র	k e n d̪ː ɾ oˑ
কেন্দ্র	k e n d̪ː ɾ oˑ
কেবল	k ɛ b ɔ l
কেবল	k e b ɔ l
কেবল	k ɛ b ɔ l
কেবল	k e b ɔ l
কেমন	k æ m o n
কেমন	k æ m ɔ n
কেমন	k æ m o n
কেমন	k æ m ɔ n
কেয়ামত	k e a m ɔ t̪
কেয়ামত	k e̯ a m ɔ t̪
কেয়ামত	k e a m ɔ t̪
কেয়ামত	k e̯ a m ɔ t̪
কেরল	k e ɾ ɔ l
কেরল	k e ɹ ɔ l
কেরামত	k e ɾ a m ɔ t̪
কেরামত	k e ɹ a m ɔ t̪
কেরামতি	k e ɾ a m o t̪ iˑ
কেরামতি	k e ɹ a m o t̪ iˑ
কেরালা	k e ɾ a l aˑ
কেরালা	k e ɹ a l aˑ
কেরোসিন	k e ɾ o ʃ i n
কেরোসিন	k e ɹ o ʃ i n
কেল্লা	k e lː aˑ
কেল্লা	k e lː aˑ
কেল্লাফতে	k e lː a f o t̪ eˑ
কেল্লাফতে	k e lː a f o t̪ eˑ
কেষ্ট	k e ʂ ʈ o
কেষ্টবিষ্টু	k e ʂ ʈ o b i ʂ ʈ uˑ
কৈ	k o i̯
কৈ	k o i̯
কোকিল	k o k i l
কোকিল	k o k i l
কোটি	k o ʈ̟ iˑ
কোঠা	k o ʈʰ aˑ
কোঠা	k o tʰ aˑ
কোণ	k oː n
কোণ	k o n
কোণ	k oː n
কোণ	k o n
কোত	k o t̪
কোত	k o t̪
কোতোয়াল	k o t̪ o̯ a l
কোতোয়াল	k o t̪ o̯ a l
কোতোয়াল	k o t̪ o̯ a l
কোতোয়াল	x o t̪ o̯ a l
কোতোয়াল	k o t̪ o̯ a l
কোথা	k o t̪ʰ aˑ
কোথা	k o t̪ʰ aˑ
কোথাও	k o t̪ʰ a o̯
কোথাও	k o t̪ʰ a o̯
কোথায়	k o t̪ʰ a e̯
কোথায়	k o t̪ʰ a e̯
কোদাল	k o d̪ äˑ l
কোদালি	k o d̪ a l iˑ
কোন	k oː n
কোন	k o n
কোন	k oː n
কোন	k o n
কোন	k uː n
কোন	k u n
কোনখানে	k o n kʰ a n eˑ
কোনখানে	k o n kʰ a n eˑ
কোনা	k o n a
কোনো	k o n oˑ
কোনো	k o n oˑ
কোপতা	k o p t̪ aˑ
কোপতা	k o p t̪ aˑ
কোপ্তা	k o p t̪ aˑ
কোপ্তা	k o p t̪ aˑ
কোফতা	k o f t̪ aˑ
কোফতা	k o p t̪ aˑ
কোফতা	k o pʰ t̪ aˑ
কোফতা	k o f t̪ aˑ
কোফতা	k o p t̪ aˑ
কোফতা	k o pʰ t̪ aˑ
কোমর	k o m o ɾ
কোমর	k o m o ɹ
কোমল	k o m o l
কোমল	k o m o l
কোমলাস্থি	k o m o l a s t̪ʰ iˑ
কোমলাস্থি	k o m o l a s t̪ʰ iˑ
কোল	k oː l
কোল	k o l
কোল	k oː l
কোল	k o l
কোলবালিশ	k o l b a l i ʃ
কোলবালিশ	k o l b a l i ʃ
কোশ	k oː s̠
কোশেশ	k o ʃ e ʃ
কোশেশ	k o ʃ e ʃ
কোষ	k oː ʃ
কোষ	k o ʃ
কোষ	k oː ʃ
কোষ	k o ʃ
কোষ্টা	k o ʂ ʈ aˑ
কোহিনূর	k o h i n u ɾ
কোহিনূর	k o h i n u ɹ
কৌঁসুলি	k o ũ ʃ u l iˑ
কৌঁসুলি	k o u̯ ʃ u l iˑ
কৌমুদী	k o u̯ m u d̪ iˑ
কৌমুদী	k o u̯ m u d̪ iˑ
কৌলিক	k o u̯ l iˑ k
কৌশল	k o u̯ ʃ ɔ l
কৌশল	k o u̯ ʃ ɔ l
কৌশল	k o u̯ ʃ ɔ l
কৌশল	x o u̯ ʃ ɔ l
কৌশল্যা	k o u̯ ʃ ɔ lː aˑ
কৌশল্যা	k o u̯ ʃ ɔ lː aˑ
ক্বিবলা	k i b l aˑ
ক্বিবলা	k i b l aˑ
ক্যা	k æː
ক্যা	k æˑ
ক্যা	k ɛː
ক্যা	k ɛˑ
ক্যাঁ	k æ̃ˑ
ক্যাঁ	k æ̃ˑ
ক্যাঁচাল	k æ̃ t͡ʃ a l
ক্যাঁচাল	k ɛ t ɕ a l
ক্যাঁয়চি	k æ̃ e̯ t͡ʃ iˑ
ক্যানোপাস	k æ n o p a s
ক্যানোপাস	k æ n o p a s
ক্যান্ডি	k æ ɳ ɖ iˑ
ক্যান্ডি	k ɛ n d iˑ
ক্যামেরা	k æ m e ɾ aˑ
ক্যামেরা	k æ m e ɹ aˑ
ক্যালগারি	k æ l ɡ a ɾ iˑ
ক্যালগারি	k ɛ l ɡ a ɹ iˑ
ক্যালিফর্নিয়া	k æ l i f o ɾ n i̯ aˑ
ক্যালিফর্নিয়া	k æ l i f ɔ ɾ n i̯ aˑ
ক্যালিফর্নিয়া	k ɛ l i f o ɹ n i̯ aˑ
ক্যালিফর্নিয়া	k ɛ l i f ɔ ɹ n i̯ aˑ
ক্যালিফোর্নিয়া	k æ l i f o ɾ n i̯ aˑ
ক্যালিফোর্নিয়া	k ɛ l i f o ɹ n i̯ aˑ
ক্যালিফোর্নিয়াবাসী	k æ l i f o ɾ n i̯ a b a ʃ iˑ
ক্যালিফোর্নিয়াবাসী	k ɛ l i f o ɹ n i̯ a b a ʃ iˑ
ক্রমাগত	k ɾ ɔ m a ɡ ɔ t̪ oˑ
ক্রমাগত	k ɹ ɔ m a ɡ ɔ t̪ oˑ
ক্রিকেট	k ɾ i k e ʈ
ক্রিকেট	k i k e ʈ
ক্রিকেট	k ɹ i k e t
ক্রিকেট	k i k e t
ক্রিয়া	k ɾ i̯ aˑ
ক্রিয়া	k ɹ i̯ aˑ
ক্রিয়াপদ	k ɾ i̯ a p ɔ d̪
ক্রিয়াপদ	k ɹ i̯ a p ɔ d̪
ক্রুশ	k ɾ uː ʃ
ক্রুশ	k ɾ u ʃ
ক্রুশ	k ɹ u ʃ
ক্রোধ	k ɾ o d̪
ক্রোধ	k ɹ o d̪
ক্রোশ	k ɾ oː ʃ
ক্রোশ	k ɾ o ʃ
ক্রোশ	k ɹ o ʃ
ক্লম	k l oː m
ক্লম	k l o m
ক্লম	k l oː m
ক্লম	k l o m
ক্লান্তি	k l a n t̪ iˑ
ক্লান্তি	k l a n t̪ iˑ
ক্লাসরুম	k l a ʃ o ɾ u m
ক্লাসরুম	k l a ʃ o ɹ u m
ক্ষত	kʰ ɔ t̪ oˑ
ক্ষত	kʰ ɔ t̪ oˑ
ক্ষতি	kʰ o t̪ iˑ
ক্ষতি	kʰ o t̪ iˑ
ক্ষতিকর	kʰ o t̪ i k ɔ ɾ
ক্ষতিকর	kʰ o t̪ i k ɔ ɹ
ক্ষত্রিয়	kʰ o t̪ː ɾ i̯ oˑ
ক্ষত্রিয়	kʰ o t̪ː ɹ i̯ oˑ
ক্ষমতা	kʰ ɔ m o t̪ aˑ
ক্ষমতা	kʰ ɔ m o t̪ aˑ
ক্ষমতাশালী	kʰ ɔ m o t̪ a ʃ a l iˑ
ক্ষমতাশালী	kʰ ɔ m o t̪ a ʃ a l iˑ
ক্ষমা	kʰ ɔ m aˑ
ক্ষমা	kʰ ɔ m aˑ
ক্ষমাহীন	kʰ ɔ m a h i n
ক্ষমাহীন	kʰ ɔ m a h i n
ক্ষার	kʰ aː ɾ
ক্ষার	kʰ a ɾ
ক্ষার	kʰ a ɹ
ক্ষারমৃত্তিকা	kʰ a ɾ ɔ m ɾ i t̪ː i k aˑ
ক্ষারমৃত্তিকা	kʰ a ɹ ɔ m ɹ i t̪ː i k aˑ
ক্ষীর	kʰ iː ɾ
ক্ষীর	kʰ i ɾ
ক্ষীর	kʰ i ɹ
ক্ষুদ্র	kʰ u d̪ː ɾ oˑ
ক্ষুদ্র	kʰ u d̪ː ɾ oˑ
ক্ষুধা	kʰ u d̪ʱ aˑ
ক্ষুধা	kʰ u d̪ aˑ
ক্ষুধা	kʰ u d̪ʱ aˑ
ক্ষুধা	kʰ u d̪ aˑ
ক্ষুধার্ত	kʰ u d̪ʱ a ɾ t̪ oˑ
ক্ষুধার্ত	kʰ u d̪ a ɾ t̪ oˑ
ক্ষুধার্ত	kʰ u d̪ʱ a ɾ t̪ oˑ
ক্ষুধার্ত	kʰ u d̪ a ɾ t̪ oˑ
ক্ষেত্র	kʰ e t̪ː ɾ oˑ
ক্ষেত্র	kʰ e t̪ː ɹ oˑ
ক্ষেপ	kʰ eː p
ক্ষেপ	kʰ e p
ক্ষেপ	kʰ eː p
ক্ষেপ	kʰ e p
ক্ষ্বীর	kʰ iː ɾ
ক্ষ্বীর	kʰ i ɾ
ক্ষ্বীর	kʰ i ɹ
কৎ	k ɔ t̪
কৎ	k ɔ t̪
কৎবেল	k ɔ t̪ b e l
কৎবেল	k ɔ t̪ b e l
খঞ্জর	kʰ ɔ n d͡ʒ ɔ ɾ
খঞ্জর	kʰ ɔ n d ʑ ɔ ɹ
খড়	kʰ ɔ ɽ
খড়্গ	kʰ ɔ ɽ ɡ oˑ
খড়্গ	kʰ ɔ ɾ ɡ oˑ
খড়্গ	kʰ ɔ ɖ ɡ oˑ
খড়্গ	kʰ ɔ ɹ ɡ oˑ
খড়্গ	kʰ ɔ ɾ ɡ ɔˑ
খড়্গ	x ɔ ɹ ɡ ɔˑ
খণ্ড	kʰ ɔ ɳ ɖ oˑ
খণ্ড	kʰ ɔ n d oˑ
খতম	kʰ ɔ t̪ o m
খতম	kʰ ɔ t̪ o m
খতরা	kʰ ɔ t̪ː ɾ aˑ
খতরা	kʰ ɔ t̪ː ɹ aˑ
খত্তম	kʰ ɔ t̪ː o m
খত্তম	x ɔ t̪ː o m
খত্তম	kʰ ɔ t̪ː o m
খত্তম	x ɔ t̪ː o m
খত্ম	kʰ ɔ t̪ː oˑ
খত্ম	x ɔ t̪ː oˑ
খত্ম	kʰ ɔ t̪ː oˑ
খত্ম	x ɔ t̪ː oˑ
খদ্দর	kʰ ɔ d̪ː ɔ ɾ
খদ্দর	kʰ ɔ d̪ː ɔ ɹ
খনন	kʰ ɔ n o n
খনন	kʰ ɔ n o n
খন্দকার	kʰ ɔ n d̪ o k a ɾ
খন্দকার	kʰ o n d̪ o k a ɾ
খন্দকার	kʰ ɔ n d̪ o k a ɹ
খন্দকার	kʰ o n d̪ o k a ɹ
খবর	kʰ ɔ b o ɾ
খবর	kʰ ɔ b o ɹ
খবরদার	kʰ ɔ b o ɾ d̪ a ɾ
খবরদার	kʰ ɔ b o ɹ d̪ a ɹ
খবিশ	kʰ o b i ʃ
খবিশ	kʰ o b i ʃ
খবীস	kʰ ɔ̝ b iˑ s
খয়রাত	kʰ ɔ e̯ ɾ a t̪
খয়রাত	kʰ ɔ e̯ ɹ a t̪
খয়ের	kʰ ɔ e ɾ
খয়ের	kʰ ɔ e ɹ
খরগোশ	kʰ ɔ ɾ ɡ o ʃ
খরগোশ	kʰ ɔ ɾ ɡ o s
খরগোশ	kʰ ɔ ɹ ɡ o ʃ
খরগোশ	kʰ ɔ ɹ ɡ o s
খরগোশ	kʰ ɔ ɾ ɡ o s
খরগোশ	x ɔ ɹ ɡ o s
খরচ	kʰ ɔ ɾ o t͡ʃ
খরচ	kʰ ɔ ɹ o t ɕ
খর্জুর	kʰ o ɾ d͡ʒ u ɾ
খর্জুর	kʰ o ɹ d ʑ u ɹ
খলিফা	kʰ o l i f aˑ
খলিফা	kʰ o l i f aˑ
খসড়া	kʰ ɔ ʃ ɔ ɽ aˑ
খসড়া	kʰ ɔ ʃ ɔ ɾ aˑ
খসড়া	kʰ ɔ ʃ ɔ ɹ aˑ
খসরু	kʰ o ʃ ɾ uˑ
খসরু	kʰ o s ɾ uˑ
খসরু	kʰ o ʃ ɾ uˑ
খসরু	kʰ o s ɾ uˑ
খসা	kʰ ɔ ʃ aˑ
খসা	kʰ ɔ ʃ aˑ
খাঁচা	kʰ ã t͡ʃ aˑ
খাঁচা	kʰ a t ɕ aˑ
খাঁটি	kʰ ã ʈ iˑ
খাঁটি	kʰ a ʈ iˑ
খাঁটি	kʰ a t iˑ
খাঁটি	kʰ a t iˑ
খাঁটি	kʰ a d iˑ
খাঁটি	x a d iˑ
খাঁটি	kʰ a t iˑ
খাঁটি	x a t iˑ
খাঁড়া	kʰ ã ɽ aˑ
খাঁড়া	kʰ ã ɾ aˑ
খাঁড়া	kʰ a ɹ aˑ
খাঁড়া	kʰ a ɾ aˑ
খাঁড়া	x a ɹ aˑ
খাঁড়ি	kʰ ã ɽ iˑ
খাঁড়ি	kʰ ã ɾ iˑ
খাঁড়ি	kʰ a ɹ iˑ
খাই	kʰ a i̯
খাই	kʰ a i̯
খাইশ	kʰ a i̯ ʃ
খাইশ	kʰ a i̯ ʃ
খাওয়া	kʰ a o̯ aˑ
খাওয়া	kʰ a o̯ aˑ
খাওয়ানো	kʰ a w a n o
খাগড়া	kʰ a ɡ ɽ aˑ
খাগড়া	kʰ a ɡ ɾ aˑ
খাগড়া	kʰ a ɡ ɹ aˑ
খাচ্চর	kʰ a t͡ʃː ɔ ɾ
খাচ্চর	kʰ a t ɕː ɔ ɹ
খাজনা	kʰ a d͡ʒ n aˑ
খাজনা	kʰ a z n aˑ
খাজনা	kʰ a d ʑ n aˑ
খাজনা	kʰ a z n aˑ
খাজা	kʰ a d͡ʒ aˑ
খাজা	kʰ a d ʑ aˑ
খাজা	kʰ a d̪ z aˑ
খাজা	x a z aˑ
খাট	kʰ äː ʈ̟
খাটা	kʰ a ʈ aˑ
খাটা	kʰ a t aˑ
খাটুলি	kʰ a ʈ u l iˑ
খাটুলি	kʰ a t u l iˑ
খাট্টা	kʰ a ʈː aˑ
খাট্টা	kʰ a tː aˑ
খাড়া	kʰ a ɽ aˑ
খাড়া	kʰ a ɾ aˑ
খাড়া	kʰ a ɹ aˑ
খাড়ি	kʰ a ɽ iˑ
খাড়ি	kʰ a ɾ iˑ
খাড়ি	kʰ a ɹ iˑ
খাতা	kʰ a t̪ aˑ
খাতা	kʰ a t̪ aˑ
খাতির	kʰ a t̪ i ɾ
খাতির	kʰ a t̪ i ɹ
খাদি	kʰ a d̪ iˑ
খাদি	kʰ a d̪ iˑ
খাদেম	kʰ a d̪ e m
খাদেম	kʰ a d̪ e m
খাদ্য	kʰ a d̪ː ɔˑ
খাদ্য	x a d̪ː ɔˑ
খান	kʰ aː n
খান	kʰ a n
খান	kʰ aː n
খান	kʰ a n
খানকি	kʰ a n k iˑ
খানকি	kʰ a n k iˑ
খানদান	kʰ a n d̪ a n
খানদান	kʰ a n d̪ a n
খানা	kʰ a n aˑ
খানা	kʰ a n aˑ
খাবার	kʰ a b a ɾ
খাবার	kʰ a b a ɹ
খাবার	kʰ a b a ɾ
খাবার	x a b a ɹ
খাম	kʰ aː m
খাম	kʰ a m
খাম	kʰ aː m
খাম	kʰ a m
খামচান	kʰ a m t͡ʃ a n
খামচান	kʰ a m t ɕ a n
খামাখা	kʰ a m a kʰ aˑ
খামাখা	kʰ a m a k aˑ
খামাখা	kʰ a m a kʰ aˑ
খামাখা	kʰ a m a k aˑ
খামোশ	kʰ a m o ʃ
খামোশ	kʰ a m o ʃ
খায়েশ	kʰ a e̯ ʃ
খায়েশ	kʰ a e̯ ʃ
খারাপ	kʰ a ɾ a p
খারাপ	kʰ a ɹ a p
খারাব	kʰ a ɾ a b
খারাব	kʰ a ɹ a b
খাল	kʰ aː l
খাল	kʰ a l
খাল	kʰ aː l
খাল	kʰ a l
খালা	kʰ a l aˑ
খালা	kʰ a l aˑ
খালি	kʰ a l iˑ
খালি	kʰ a l iˑ
খালি	kʰ a l iˑ
খালি	x a l iˑ
খালি	kʰ a l iˑ
খালু	kʰ a l uˑ
খালু	kʰ a l uˑ
খালেদ	kʰ a l e d̪
খালেদ	kʰ a l e d̪
খাসী	kʰ a ʃ iˑ
খাসী	kʰ a ʃ iˑ
খাহেশ	kʰ a h e ʃ
খাহেশ	kʰ a e̯ ʃ
খাহেশ	kʰ a h e ʃ
খাহেশ	kʰ a e̯ ʃ
খিচুড়ি	kʰ i t͡ʃ u ɽ iˑ
খিচুড়ি	kʰ i t͡ʃ u ɾ iˑ
খিচুড়ি	kʰ i t ɕ u ɹ iˑ
খিচুড়ি	kʰ i t̪ s u ɾ iˑ
খিচুড়ি	x i s u ɹ iˑ
খিচুড়ি	kʰ i s u ɾ iˑ
খিড়কি	kʰ i ɽ ɔ k iˑ
খিড়কি	kʰ i ɾ ɔ k iˑ
খিড়কি	kʰ i ɹ ɔ k iˑ
খিদা	kʰ i d̪ aˑ
খিদা	kʰ i d̪ aˑ
খির	kʰ iː ɾ
খির	kʰ i ɾ
খির	kʰ i ɹ
খীর	kʰ iː ɾ
খীর	kʰ i ɾ
খীর	kʰ i ɹ
খুজুটিপাড়া	kʰ u d͡ʒ u ʈ i p a ɽ aˑ
খুজুটিপাড়া	kʰ u d͡ʒ u ʈ i p a ɾ aˑ
খুজুটিপাড়া	kʰ u d ʑ u t i p a ɹ aˑ
খুব	kʰ uː b
খুব	kʰ u b
খুব	kʰ uː b
খুব	kʰ u b
খুবসুরত	kʰ u b s u ɾ ɔ t̪
খুবসুরত	kʰ u b s u ɹ ɔ t̪
খুবসুরতি	kʰ u b ʃ u ɾ o t̪ iˑ
খুবসুরতি	kʰ u b ʃ u ɹ o t̪ iˑ
খুশকি	kʰ u ʃ k iˑ
খুশকি	kʰ u ʃ k iˑ
খুশবু	kʰ u ʃ b uˑ
খুশবু	kʰ u ʃ b uˑ
খুশি	kʰ u ʃ iˑ
খুশি	kʰ u ʃ iˑ
খুষি	kʰ u ʃ i
খৃস্টানী	kʰ ɾ i s ʈ a n iˑ
খৃস্টানী	kʰ ɾ i ʂ ʈ a n iˑ
খৃস্টানী	kʰ ɹ i s t a n iˑ
খৃস্টানী	kʰ ɹ i s t a n iˑ
খেঁচা	kʰ ẽ t͡ʃ aˑ
খেঁচা	kʰ e t ɕ aˑ
খেই	kʰ e i̯
খেই	kʰ e i̯
খেজুর	kʰ e d͡ʒ u ɾ
খেজুর	kʰ e d ʑ u ɾ
খেত	kʰ e t̪
খেত	kʰ e t̪
খেদমত	kʰ e d̪ m ɔ t̪
খেদমত	kʰ e d̪ m ɔ t̪
খেদা	kʰ e d̪ aˑ
খেদা	kʰ e d̪ aˑ
খেয়া	kʰ e aˑ
খেয়া	kʰ e aˑ
খেয়ানত	kʰ e a n ɔ t̪
খেয়ানত	kʰ e a n ɔ t̪
খেয়াল	kʰ e a l
খেয়াল	kʰ ɛ a l
খেয়াল	kʰ e a l
খেয়াল	kʰ ɛ a l
খেলনা	kʰ æ l n aˑ
খেলনা	kʰ æ l n aˑ
খেলোয়াড়	kʰ æ l o̯ a ɽ
খেলোয়াড়	kʰ æ l o̯ a ɾ
খেলোয়াড়	kʰ ɛ l o̯ a ɹ
খেশী	kʰ e ʃ iˑ
খেশী	kʰ e ʃ iˑ
খেশী	kʰ ɛ ʃ iˑ
খেশী	x ɛ ʃ iˑ
খোঁজ	kʰ õ d͡ʒ
খোঁজ	kʰ õ d ʑ
খোঁজ	kʰ o d ʑ
খোঁজা	kʰ õ d͡ʒ aˑ
খোঁজা	kʰ o d͡ʒ aˑ
খোঁজা	kʰ õ d ʑ aˑ
খোঁজা	kʰ o d ʑ aˑ
খোঁড়া	kʰ o ɽ̟ a
খোঁড়ানো	kʰ o ɽ̟ a n o
খোঁপা	kʰ õ p a
খোদ	kʰ o d̪
খোদ	kʰ o d̪
খোদ	kʰ o d̪
খোদ	x o d̪
খোদা	kʰ o d̪ aˑ
খোদা	kʰ o d̪ aˑ
খোয়াব	kʰ o̯ a b
খোয়াব	x o̯ a b
খোয়াব	kʰ o̯ a b
খোয়াব	x o̯ a b
খোলা	kʰ o l a
খোলাখুলি	kʰ o l a kʰ u l iˑ
খোলাখুলি	kʰ o l a kʰ u l iˑ
খোলাখুলিভাবে	kʰ o l a kʰ u l i bʱ a b eˑ
খোলাখুলিভাবে	kʰ o l a kʰ u l i v a b eˑ
খোলাখুলিভাবে	kʰ o l a kʰ u l i bʱ a b eˑ
খোলাখুলিভাবে	kʰ o l a kʰ u l i v a b eˑ
খোশ	kʰ oː ʃ
খোশ	kʰ o ʃ
খোশ	kʰ oː ʃ
খোশ	kʰ o ʃ
খোশবিয়ান	kʰ o ʃ b i̯ a n
খোশবিয়ান	kʰ o ʃ b i̯ a n
খ্বাইশ	kʰ a i̯ ʃ
খ্বাইশ	kʰ a i̯ ʃ
খ্বাব	kʰ aː b
খ্বাব	kʰ a b
খ্বাব	kʰ aː b
খ্বাব	kʰ a b
খ্যামা	kʰ æ m aˑ
খ্যামা	kʰ ɛ m aˑ
খ্রিস্ট	kʰ ɾ i s ʈ oˑ
খ্রিস্ট	kʰ ɾ i ʂ ʈ oˑ
খ্রিস্ট	kʰ ɹ i s t oˑ
খ্রিস্ট	kʰ ɹ i s t oˑ
খ্রিস্টধর্ম	kʰ ɾ i s ʈ o d̪ʱ ɔ ɾ m oˑ
খ্রিস্টধর্ম	kʰ ɾ i ʂ ʈ o d̪ʱ ɔ ɾ m oˑ
খ্রিস্টধর্ম	kʰ ɹ i s t o d̪ʱ ɔ ɹ m oˑ
খ্রিস্টধর্ম	kʰ ɹ i s t o d̪ʱ ɔ ɹ m oˑ
খ্রিস্টপূর্ব	kʰ ɾ i s ʈ ɔ p u ɾ b oˑ
খ্রিস্টপূর্ব	kʰ ɾ i ʂ ʈ ɔ p u ɾ b oˑ
খ্রিস্টপূর্ব	kʰ ɹ i s t ɔ p u ɹ b oˑ
খ্রিস্টপূর্ব	kʰ ɹ i s t ɔ p u ɹ b oˑ
খ্রিস্টান	kʰ ɾ i ʂ ʈ a n
খ্রিস্টান	kʰ ɹ i ʃ t a n
খ্রিস্টান	kʰ ɹ i s t a n
খৎম	kʰ ɔ t̪ m oˑ
খৎম	x ɔ t̪ m oˑ
খৎম	kʰ ɔ t̪ m
খৎম	x ɔ t̪ m
খৎম	kʰ ɔ t̪ m oˑ
খৎম	x ɔ t̪ m oˑ
খৎম	kʰ ɔ t̪ m
খৎম	x ɔ t̪ m
গ	ɡ ɔˑ
গ	ɡ ɔˑ
গগন	ɡ ɔ ɡ o n
গগন	ɡ ɔ ɡ o n
গঙ্গা	ɡ ɔ ŋ ɡ aˑ
গঙ্গা	ɡ ɔ ŋ ɡ aˑ
গঙ্গোপাধ্যায়	ɡ ɔ ŋ ɡ o p a d̪ʱː a e̯
গঙ্গোপাধ্যায়	ɡ ɔ ŋ ɡ o p a d̪ʱː a e̯
গজল	ɡ ɔ z o l
গজল	ɡ ɔ d͡ʒ o l
গজল	ɡ ɔ z o l
গজল	ɡ ɔ d ʑ o l
গঞ্জ	ɡ ɔ n d͡ʒ
গঞ্জ	ɡ ɔ n d ʑ
গঠন	ɡ ɔ ʈʰ ɔ n
গঠন	ɡ ɔ tʰ ɔ n
গঠিত	ɡ ɔ ʈʰ i t̪ oˑ
গঠিত	ɡ ɔ tʰ i t̪ oˑ
গড়	ɡ ɔ ɽ
গড়	ɡ ɔ ɹ
গড়ন	ɡ ɔ ɽ o n
গড়ন	ɡ ɔ ɹ o n
গড়বড়	ɡ ɔ ɽ b ɔ ɽ
গড়বড়	ɡ ɔ ɹ b ɔ ɹ
গড়া	ɡ ɔ ɽ aˑ
গড়া	ɡ ɔ ɾ aˑ
গড়া	ɡ ɔ ɹ aˑ
গণ	ɡ ɔ n
গণ	ɡ ɔ n
গণঅভ্যুত্থান	ɡ ɔ n o bʱː u t̪ʰː a n
গণঅভ্যুত্থান	ɡ ɔ n o vː u t̪ʰː a n
গণঅভ্যুত্থান	ɡ ɔ n o bʱː u t̪ʰː a n
গণঅভ্যুত্থান	ɡ ɔ n o vː u t̪ʰː a n
গণইফতার	ɡ ɔ n o i̯ f t̪ a ɾ
গণইফতার	ɡ ɔ n o i̯ f t̪ a ɹ
গণতন্ত্র	ɡ ɔ n o t̪ ɔ n t̪ː ɾ oˑ
গণতন্ত্র	ɡ ɔ n o t̪ ɔ n t̪ː ɹ oˑ
গণতান্ত্রিক	ɡ ɔ n o t̪ a n t̪ː ɾ i k
গণতান্ত্রিক	ɡ ɔ n o t̪ a n t̪ː ɹ i k
গণনা	ɡ ɔ n o n aˑ
গণনা	ɡ ɔ n o n aˑ
গণপোস্টাতন্ত্রী	ɡ ɔ n o p o s ʈ a t̪ ɔ n t̪ː ɾ iˑ
গণপোস্টাতন্ত্রী	ɡ ɔ n o p o ʂ ʈ a t̪ ɔ n t̪ː ɾ iˑ
গণপোস্টাতন্ত্রী	ɡ ɔ n o p o s t a t̪ ɔ n t̪ː ɹ iˑ
গণপোস্টাতন্ত্রী	ɡ ɔ n o p o s t a t̪ ɔ n t̪ː ɹ iˑ
গণপ্রজাতন্ত্রী	ɡ ɔ n o p ɾ o d͡ʒ a t̪ ɔ n t̪ː ɾ iˑ
গণপ্রজাতন্ত্রী	ɡ ɔ n o p ɹ o d ʑ a t̪ ɔ n t̪ː ɹ iˑ
গণহত্যা	ɡ ɔ n o h o t̪ː aˑ
গণহত্যা	ɡ ɔ n o h o t̪ː aˑ
গণিত	ɡ o n i t̪
গণিত	ɡ o n i t̪
গণেশ	ɡ ɔ n e ʃ
গণেশ	ɡ ɔ n e ʃ
গণ্ডার	ɡ ɔ ɳ ɖ a ɾ
গণ্ডার	ɡ ɔ n d a ɹ
গণ্য	ɡ o nː oˑ
গণ্য	ɡ o nː oˑ
গতি	ɡ o t̪ iˑ
গতি	ɡ o t̪ iˑ
গতি	ɡ o t̪ iˑ
গতি	ɡ o t̪ iˑ
গতি	ɡ o t̪ iˑ
গতিবেগ	ɡ ɔ t̪ i b e ɡ
গতিবেগ	ɡ ɔ t̪ i b e ɡ
গদ্দার	ɡ ɔ d̪ː a ɾ
গদ্দার	ɡ ɔ d̪ː a ɹ
গন্ডার	ɡ ɔ ɳ ɖ a ɾ
গন্ডার	ɡ ɔ n d a ɹ
গন্ধ	ɡ ɔ n d̪ʱ oˑ
গন্ধ	ɡ ɔ n d̪ʱ oˑ
গন্ধ	ɡ ɔ n d̪ʱ ɔˑ
গন্ধ	ɡ ɔ n d̪ ɔ́ˑ
গন্ধ	ɡ ɔ n d̪ʱ ɔˑ
গন্ধক	ɡ ɔ n d̪ʱ ɔ k
গন্ধক	ɡ ɔ n d̪ʱ ɔ k
গন্ধরস	ɡ ɔ n d̪ʱ ɔ ɾ o ʃ
গন্ধরস	ɡ ɔ n d̪ʱ ɔ ɹ o ʃ
গন্ধসার	ɡ ɔ n d̪ʱ ɔ ʃ a ɾ
গন্ধসার	ɡ ɔ n d̪ʱ ɔ ʃ a ɹ
গপ	ɡ ɔ p
গবাক্ষ	ɡ ɔ b a kʰː oˑ
গবাক্ষ	ɡ ɔ b a kʰː oˑ
গভীর	ɡ o bʱ i ɾ
গভীর	ɡ o v i ɾ
গভীর	ɡ o bʱ i ɹ
গভীর	ɡ o v i ɹ
গভীরভাবে	ɡ o bʱ i ɾ bʱ a b eˑ
গভীরভাবে	ɡ o v i ɾ v a b eˑ
গভীরভাবে	ɡ o bʱ i ɹ bʱ a b eˑ
গভীরভাবে	ɡ o v i ɹ v a b eˑ
গম	ɡ ɔ m
গম	ɡ ɔ m
গয়না	ɡ ɔ e̯ n aˑ
গয়না	ɡ ɔ e̯ n aˑ
গরজ	ɡ ɔ ɾ o d͡ʒ
গরজ	ɡ ɔ ɹ o d ʑ
গরম	ɡ ɔ ɾ o m
গরম	ɡ ɔ ɹ o m
গরমকাল	ɡ ɔ ɾ o m k a l
গরমকাল	ɡ ɔ ɹ o m k a l
গরিলা	ɡ o ɾ i l aˑ
গরিলা	ɡ o ɹ i l aˑ
গরীব	ɡ o ɾ i b
গরীব	ɡ o ɹ i b
গরু	ɡ o ɾ uˑ
গরু	ɡ o ɹ uˑ
গরুড়	ɡ o ɾ u ɽ
গরুড়	ɡ o ɾ u ɹ
গর্ত	ɡ ɔ ɾ t̪ oˑ
গর্ত	ɡ ɔ ɾ t̪ oˑ
গর্দভ	ɡ ɔ ɾ d̪ o b
গর্দভ	ɡ ɔ ɾ d̪ o v
গর্দভ	ɡ ɔ ɹ d̪ o b
গর্দভ	ɡ ɔ ɹ d̪ o v
গর্দান	ɡ ɔ ɾ d̪ a n
গর্দান	ɡ ɔ ɹ d̪ a n
গর্ভসম্ভূতা	ɡ ɔ ɾ bʱ ɔ ʃ ɔ m bʱ u t̪ aˑ
গর্ভসম্ভূতা	ɡ ɔ ɾ v ɔ ʃ ɔ m v u t̪ aˑ
গর্ভসম্ভূতা	ɡ ɔ ɹ bʱ ɔ ʃ ɔ m bʱ u t̪ aˑ
গর্ভসম্ভূতা	ɡ ɔ ɹ v ɔ ʃ ɔ m v u t̪ aˑ
গলা	ɡ ɔ l aˑ
গলা	ɡ ɔ l aˑ
গলি	ɡ o l iˑ
গলি	ɡ o l iˑ
গল্প	ɡ ɔ l p oˑ
গল্প	ɡ ɔ l p oˑ
গহনা	ɡ ɔ h o n aˑ
গহনা	ɡ ɔ h o n aˑ
গা	ɡ aˑ
গা	ɡ aˑ
গাঁ	ɡ ãˑ
গাঁ	ɡ aˑ
গাঁইয়া	ɡ ã i̯ aˑ
গাঁইয়া	ɡ a i̯ aˑ
গাঁও	ɡ ã oˑ
গাঁও	ɡ a õ̯ˑ
গাঁও	ɡ a o̯
গাঁও	ɡ a õ̯ˑ
গাঁওয়ালী	ɡ ã o̯ a l iˑ
গাঁওয়ালী	ɡ a o̯ a l iˑ
গাঁজা	ɡ ã d͡ʒ aˑ
গাঁজা	ɡ a n d͡ʒ aˑ
গাঁজা	ɡ a d ʑ aˑ
গাঁজা	ɡ a n d ʑ aˑ
গাঁট	ɡ ã ʈ
গাঁট	ɡ a t
গাঁথা	ɡ ã t̪ʰ aˑ
গাঁথা	ɡ a t̪ʰ aˑ
গাই	ɡ a i̯
গাই	ɡ a i̯
গাওয়া	ɡ a o̯ aˑ
গাওয়া	ɡ a o̯ aˑ
গাঙ্গুলি	ɡ a ŋ ɡ u l iˑ
গাঙ্গুলি	ɡ a ŋ ɡ u l iˑ
গাঙ্গেয়	ɡ a ŋ ɡ e oˑ
গাঙ্গেয়	ɡ a ŋ ɡ e oˑ
গাছ	ɡ a t͡ʃ
গাছ	ɡ a t ɕ
গাছ	ɡ a s
গাছ	ɡ a s
গাজর	ɡ a d͡ʒ ɔ ɾ
গাজর	ɡ a d ʑ ɔ ɹ
গাজী	ɡ a d͡ʒ iˑ
গাজী	ɡ a d ʑ iˑ
গাড়া	ɡ a ɽ aˑ
গাড়া	ɡ a ɾ aˑ
গাড়া	ɡ a ɹ aˑ
গাড়ি	ɡ a ɽ iˑ
গাড়ি	ɡ a ɾ iˑ
গাড়ি	ɡ a ɹ iˑ
গাঢ়	ɡ a ɽʱ oˑ
গাঢ়	ɡ a ɽ oˑ
গাঢ়	ɡ a ɾ h oˑ
গাঢ়	ɡ a ɹ oˑ
গাত্র	ɡ a t̪ː ɾ oˑ
গাত্র	ɡ a t̪ː ɹ oˑ
গাত্র	ɡ a t̪ ɾ ɔˑ
গাত্র	ɡ a t̪ ɹ ɔˑ
গান	ɡ a n
গান	ɡ a n
গান্ধারী	ɡ a n d̪ʱ a ɾ iˑ
গান্ধারী	ɡ a n d̪ʱ a ɹ iˑ
গান্ধী	ɡ a n d̪ʱ iˑ
গান্ধী	ɡ a n d̪ʱ iˑ
গান্ধীনগর	ɡ a n d̪ʱ i n ɡ ɔ ɾ
গান্ধীনগর	ɡ a n d̪ʱ i n ɡ ɔ ɹ
গাব	ɡ a b
গাব	ɡ a b
গাভিন	ɡ a bʱ i n
গাভিন	ɡ a v i n
গাভিন	ɡ a bʱ i n
গাভিন	ɡ a v i n
গাভিন	ɡ a β i n
গাভিন	ɡ a β i n
গাভুর	ɡ a bʱ u ɾ
গাভুর	ɡ a v u ɾ
গাভুর	ɡ a bʱ u ɹ
গাভুর	ɡ a v u ɹ
গামছা	ɡ a m t͡ʃʰ aˑ
গামছা	ɡ a m t ɕʰ aˑ
গামলা	ɡ a m l aˑ
গামলা	ɡ a m l aˑ
গায়ক	ɡ a e̯ ɔ k
গায়ক	ɡ a e̯ ɔ k
গায়রত	ɡ a e̯ ɔ ɾ o t̪
গায়রত	ɡ a e̯ ɔ ɹ o t̪
গারবা	ɡ a ɾ b aˑ
গারবা	ɡ a ɹ b aˑ
গাল	ɡ a l
গালা	ɡ a l aˑ
গালা	ɡ a l aˑ
গালি	ɡ a l iˑ
গালি	ɡ a l iˑ
গালিচা	ɡ a l i t͡ʃ aˑ
গালিচা	ɡ a l i t ɕ aˑ
গালিব	ɡ a l i b
গালিব	ɡ a l ɪ b
গালিব	ɡ a l i b
গালিব	ɡ a l ɪ b
গালেব	ɡ a l e b
গালেব	ɡ a l ɪ b
গালেব	ɡ a l e b
গালেব	ɡ a l ɪ b
গিজার	ɡ i d̪͡ʒ a ɾ
গিজার	ɡ i z a ɾ
গিজার	ɡ i d̪͡ʒ a ɾ
গিজার	ɡ i z a ɾ
গিটার	ɡ i ʈ a ɾ
গিটার	ɡ i t a ɹ
গিয়ে	ɡ i̯ eˑ
গিয়ে	ɡ i̯ eˑ
গিয়েছিল	ɡ i̯ e t͡ʃʰ i l oˑ
গিয়েছিল	ɡ i̯ e t ɕʰ i l oˑ
গির্জা	ɡ i ɾ d͡ʒ aˑ
গির্জা	ɡ i ɹ d ʑ aˑ
গী	ɡ iˑ
গী	ɡ iˑ
গু	ɡ uˑ
গু	ɡ uˑ
গুঁড়া	ɡ ũ ɽ a
গুগগুল	ɡ u ɡː u l
গুগগুল	ɡ u ɡː u l
গুগল	ɡ u ɡ ɔ l
গুগল	ɡ u ɡ ɔ l
গুগল	ɡ u ɡ l oˑ
গুগল	ɡ u ɡ l oˑ
গুজরাট	ɡ u d͡ʒ ɾ a ʈ
গুজরাট	ɡ u d͡ʒ o ɾ a ʈ
গুজরাট	ɡ u d ʑ ɹ a t
গুজরাট	ɡ u d ʑ o ɹ a t
গুজরাটি	ɡ u d͡ʒ ɾ a ʈ iˑ
গুজরাটি	ɡ u d ʑ ɹ a t iˑ
গুজরাত	ɡ u d͡ʒ ɾ a t̪
গুজরাত	ɡ u d͡ʒ o ɾ a t̪
গুজরাত	ɡ u d ʑ ɹ a t̪
গুজরাত	ɡ u d ʑ o ɹ a t̪
গুঞ্জা	ɡ u n d͡ʒ aˑ
গুঞ্জা	ɡ u n d ʑ aˑ
গুণ	ɡ u n
গুণ	ɡ u n
গুণা	ɡ u n aˑ
গুণা	ɡ u n aˑ
গুণাবলি	ɡ u n a b o l iˑ
গুণাবলি	ɡ u n a b o l iˑ
গুদাম	ɡ u d̪ a m
গুদাম	ɡ u d̪ a m
গুন	ɡ u n
গুন	ɡ u n
গুনাগার	ɡ u n a ɡ a ɾ
গুনাগার	ɡ u n a ɡ a ɹ
গুনাহ	ɡ u n aˑ
গুনাহ	ɡ u n a ɦ
গুনাহ	ɡ u n aˑ
গুনাহ	ɡ u n a ɦ
গুপ্ত	ɡ u p t̪ oˑ
গুপ্ত	ɡ u p t̪ oˑ
গুফা	ɡ u f aˑ
গুফা	ɡ u f aˑ
গুবাক	ɡ u b a k
গুবাক	ɡ u b a k
গুম	ɡ u m
গুম	ɡ u m
গুমোট	ɡ u m o ʈ
গুমোট	ɡ u m o t
গুম্ফা	ɡ u m f aˑ
গুম্ফা	ɡ u m f aˑ
গুম্বজ	ɡ u m b ɔ d͡ʒ
গুম্বজ	ɡ u m b ɔ d ʑ
গুরু	ɡ u ɾ uˑ
গুরু	ɡ u ɹ uˑ
গুরুত্ব	ɡ u ɾ u t̪ː oˑ
গুরুত্ব	ɡ u ɹ u t̪ː oˑ
গুরুত্বপূর্ণ	ɡ u ɾ u t̪ː ɔ p u ɾ n oˑ
গুরুত্বপূর্ণ	ɡ u ɹ u t̪ː ɔ p u ɹ n oˑ
গুল	ɡ u l
গুল	ɡ u l
গুলজার	ɡ u l z a ɾ
গুলজার	ɡ u l z a ɹ
গুলদাস্তা	ɡ u l̪ d̪ a s t̪ aˑ
গুলদাস্তা	ɡ u l̪ d̪ a s t̪ aˑ
গুলবনফ্‌শা	ɡ u l b ɔ n o f ʃ aˑ
গুলবনফ্‌শা	ɡ u l b ɔ n o f ʃ aˑ
গুলশান	ɡ u l ʃ a n
গুলশান	ɡ u l ʃ a n
গুলাল	ɡ u l a l
গুলাল	ɡ u l a l
গুলি	ɡ u l iˑ
গুলি	ɡ u l iˑ
গুলিস্তাঁ	ɡ u l i s t̪ ãˑ
গুলিস্তাঁ	ɡ u l i s t̪ aˑ
গুলিস্তাঁ	ɡ u l i s t̪ aˑ
গুলিস্তাঁ	ɡ u l i s t̪ aˑ
গুলিস্তাঁ	ɡ u l i s t̪ ãˑ
গুলিস্তান	ɡ u l i s t̪ a n
গুলিস্তান	ɡ u l i s t̪ a n
গুহা	ɡ u h aˑ
গুহা	ɡ u h aˑ
গৃহ	ɡ ɾ i h oˑ
গৃহ	ɡ ɹ i h oˑ
গেঁদা	ɡ ẽ d̪ aˑ
গেঁদা	ɡ e d̪ aˑ
গেঁয়ো	ɡ ẽ e̯ oˑ
গেঁয়ো	ɡ e oˑ
গেজা	ɡ e d͡ʒ aˑ
গেজা	ɡ e d ʑ aˑ
গেঞ্জি	ɡ e n d͡ʒ iˑ
গেঞ্জি	ɡ e n z iˑ
গেঞ্জি	ɡ e n d ʑ iˑ
গেঞ্জি	ɡ e n z iˑ
গেরাম	ɡ e ɾ a m
গেরাম	ɡ e ɹ a m
গেলা	ɡ e l a
গৈরিক	ɡ o i̯ ɾ i k
গৈরিক	ɡ o i̯ ɹ i k
গোঁড়	ɡ õ ɽ
গোঁড়	ɡ õ ɹ
গোঁয়ানো	ɡ õ a n oˑ
গোঁয়ানো	ɡ õ a n oˑ
গোঁয়ানো	ɡ o̯ a n oˑ
গোঁষা	ɡ õ ʃ aˑ
গোঁষা	ɡ õ ʃ aˑ
গোঁষা	ɡ o ʃ aˑ
গোঁসা	ɡ õ ʃ aˑ
গোঁসা	ɡ õ ʃ aˑ
গোঁসা	ɡ o ʃ aˑ
গোছ	ɡ o s
গোছ	ɡ o s
গোঠ	ɡ o ʈ
গোঠ	ɡ o tʰ
গোনা	ɡ o n a
গোপন	ɡ o p ɔ n
গোপন	ɡ o p o n
গোপন	ɡ o p ɔ n
গোপন	ɡ o p o n
গোপাল	ɡ o p a l
গোপাল	ɡ o p a l
গোফা	ɡ o pʰ äˑ
গোফা	ɡ o ɸ äˑ
গোফা	ɡ o f äˑ
গোবর	ɡ ɔ b o ɾ
গোবর	ɡ ɔ b o ɹ
গোমূত্র	ɡ o m u t̪ː ɾ oˑ
গোমূত্র	ɡ o m u t̪ː ɹ oˑ
গোয়া	ɡ o̯ aˑ
গোয়া	ɡ o̯ aˑ
গোয়াল	ɡ o̯ a l
গোয়াল	ɡ o̯ a l
গোয়ালা	ɡ o̯ a l aˑ
গোয়ালা	ɡ o̯ a l aˑ
গোয়েন্দা	ɡ o e n d̪ aˑ
গোয়েন্দা	ɡ o e n d̪ aˑ
গোরু	ɡ o ɾ uˑ
গোরু	ɡ o ɹ uˑ
গোরু	ɡ o ɾ uˑ
গোরু	ɡ o ɹ uˑ
গোল	ɡ o l
গোল	ɡ o l
গোল	ɡ o l
গোল	ɡ o l
গোলন্দাজ	ɡ o l ɔ n d̪ a d͡ʒ
গোলন্দাজ	ɡ o l ɔ n d̪ a d ʑ
গোলসাগু	ɡ o l ʃ a ɡ uˑ
গোলসাগু	ɡ o l ʃ a ɡ uˑ
গোলাপ	ɡ o l a p
গোলাপ	ɡ o l a p
গোলাপজল	ɡ o l a p d͡ʒ ɔ l
গোলাপজল	ɡ o l a b d͡ʒ ɔ l
গোলাপজল	ɡ o l a p d ʑ ɔ l
গোলাপজল	ɡ o l a b d ʑ ɔ l
গোলাপজাম	ɡ o l a p d͡ʒ a m
গোলাপজাম	ɡ o l a p d ʑ a m
গোলাম	ɡ o l a m
গোলাম	ɡ o l a m
গোল্লা	ɡ o lː aˑ
গোল্লা	ɡ o lː aˑ
গোশত	ɡ o ʃ t̪
গোশত	ɡ o ʃ t̪ oˑ
গোশত	ɡ o s t̪ oˑ
গোশত	ɡ o ʃ t̪
গোশত	ɡ o ʃ t̪ oˑ
গোশত	ɡ o s t̪ oˑ
গোশালা	ɡ o ʃ a l aˑ
গোশালা	ɡ o ʃ a l aˑ
গোষ্ঠী	ɡ o ʂ ʈʰ iˑ
গোষ্ঠী	ɡ o ʃ tʰ iˑ
গোষ্ঠী	ɡ o s tʰ iˑ
গোসল	ɡ o s o l
গোসল	ɡ o s u l
গোসল	ɡ o ʃ o l
গোসল	ɡ o t͡ʃʰ o l
গোসল	ɡ o s o l
গোসল	ɡ o s u l
গোসল	ɡ o ʃ o l
গোসল	ɡ o t ɕʰ o l
গোসাঁই	ɡ o ʃ ã iˑ
গোসাঁই	ɡ o ʃ a i̯
গোস্ত	ɡ o ʃ t̪ oˑ
গোস্ত	ɡ o s t̪ oˑ
গোস্ত	ɡ o ʃ t̪ oˑ
গোস্ত	ɡ o s t̪ oˑ
গোস্বা	ɡ o ʃː ɑ
গোস্বা	ɡ o ʃː ɑ
গোস্বামী	ɡ o ʃː a m iˑ
গোস্বামী	ɡ o ʃː a m iˑ
গোস্যা	ɡ o ʃː aˑ
গোস্যা	ɡ o sː aˑ
গোস্যা	ɡ o ʃː aˑ
গোস্যা	ɡ o sː aˑ
গোস্‌সা	ɡ o ʃː aˑ
গোস্‌সা	ɡ o sː aˑ
গোস্‌সা	ɡ o ʃː aˑ
গোস্‌সা	ɡ o sː aˑ
গোহাল	ɡ o h a l
গোহাল	ɡ o h a l
গৌড়	ɡ o u̯ ɽ
গৌড়	ɡ o u̯ ɹ
গৌতম	ɡ o u̯ t̪ o m
গৌতম	ɡ o u̯ t̪ o m
গৌরব	ɡ o u̯ ɾ ɔ b
গৌরব	ɡ o u̯ ɹ ɔ b
গৌরবহীন	ɡ o u̯ ɾ ɔ b h i n
গৌরবহীন	ɡ o u̯ ɹ ɔ b h i n
গৌরাঙ্গ	ɡ o u̯ ɾ a ŋ ɡ oˑ
গৌরাঙ্গ	ɡ o u̯ ɹ a ŋ ɡ oˑ
গ্যাঞ্জাম	ɡ æ n d͡ʒ a m
গ্যাঞ্জাম	ɡ ɛ n d ʑ a m
গ্যারেজ	ɡ æ ɾ e d͡ʒ
গ্যারেজ	ɡ æ ɹ e d ʑ
গ্যালারি	ɡ æ l a ɾ iˑ
গ্যালারি	ɡ e l a ɾ iˑ
গ্যালারি	ɡ ɪ l a ɾ iˑ
গ্যালারি	ɡ ɛ l a ɹ iˑ
গ্যালারি	ɡ e l a ɹ iˑ
গ্যালারি	ɡ ɪ l a ɹ iˑ
গ্যাস	ɡ æ ʃ
গ্যাস	ɡ æ ʃ
গ্রন্থকার	ɡ ɾ o n t̪ʰ o k a ɾ
গ্রন্থকার	ɡ ɹ o n t̪ʰ o k a ɹ
গ্রন্থাগার	ɡ ɾ o n t̪ʰ a ɡ a ɾ
গ্রন্থাগার	ɡ ɹ o n t̪ʰ a ɡ a ɹ
গ্রন্থি	ɡ ɾ ɔ n t̪ʰ iˑ
গ্রন্থি	ɡ ɹ ɔ n t̪ʰ iˑ
গ্রহ	ɡ ɾ o h oˑ
গ্রহ	ɡ ɹ o h oˑ
গ্রহণ	ɡ ɾ o h o n
গ্রহণ	ɡ ɹ o h o n
গ্রাম	ɡ ɾ a m
গ্রাম	ɡ ɹ a m
গ্রামীণ	ɡ ɾ a m i n
গ্রামীণ	ɡ ɹ a m i n
গ্রিস	ɡ ɾ i s
গ্রিস	ɡ ɾ i s
গ্রীষ্ম	ɡ ɾ i ʃː oˑ
গ্রীষ্ম	ɡ ɹ i ʃː oˑ
গ্রেপ্তার	ɡ ɾ e p t̪ a ɾ
গ্রেপ্তার	ɡ ɹ e p t̪ a ɹ
গ্রেফতার	ɡ ɾ e f t̪ a ɾ
গ্রেফতার	ɡ ɹ e f t̪ a ɹ
গ্লানি	ɡ l a n iˑ
গ্লানি	ɡ l a n iˑ
গ্লাস	ɡ l a s
গ্লাস	ɡ l a ʃ
গ্লাস	ɡ l a s
গ্লাস	ɡ l a ʃ
গ্লোব	ɡ l o b
গ্লোব	ɡ l o b
ঘটা	ɡʱ ɔ ʈ a
ঘটানো	ɡʱ ɔ ʈ a n o
ঘড়ি	ɡʱ o ɽ iˑ
ঘড়ি	ɡʱ o ɾ iˑ
ঘড়ি	ɡʱ o ɹ iˑ
ঘণ্টা	ɡʱ ɔ ɳ ʈ aˑ
ঘণ্টা	ɡʱ ɔ n t aˑ
ঘনিষ্ঠ	ɡʱ o n i ʂ ʈʰ oˑ
ঘনিষ্ঠ	ɡʱ o n i ʃ tʰ oˑ
ঘনিষ্ঠ	ɡʱ o n i s tʰ oˑ
ঘর	ɡʱ ɔ ɾ
ঘর	ɡʱ ɔ ɾ
ঘষা	ɡʱ ɔ ʃ aˑ
ঘষা	ɡʱ ɔ ʃ aˑ
ঘাঁটা	ɡʱ ã ʈ̟ ɑˑ
ঘাড়	ɡʱ a ɽ
ঘাড়	ɡʱ a ɹ
ঘাবড়ান	ɡʱ a b ɽ a n oˑ
ঘাবড়ান	ɡʱ a b ɾ a n oˑ
ঘাবড়ান	ɡʱ a b ɹ a n oˑ
ঘাবড়ানো	ɡʱ a b ɽ a n oˑ
ঘাবড়ানো	ɡʱ a b ɾ a n oˑ
ঘাবড়ানো	ɡʱ a b ɹ a n oˑ
ঘাম	ɡʱ a m
ঘাম	ɡʱ a m
ঘামা	ɡʱ a m a
ঘামানো	ɡʱ a m a n o
ঘাস	ɡʱ a ʃ
ঘাস	ɡʱ a ʃ
ঘি	ɡʱ iˑ
ঘি	ɡʱ iˑ
ঘুচা	ɡʱ u t͡ʃ aˑ
ঘুচা	ɡʱ u t ɕ aˑ
ঘুড়ি	ɡʱ u ɽ iˑ
ঘুড়ি	ɡʱ u ɾ iˑ
ঘুড়ি	ɡʱ u ɹ iˑ
ঘুমানো	ɡʱ u m a n o
ঘুষ	ɡʱ u ʃ
ঘুষ	ɡʱ u ʃ
ঘৃণা	ɡʱ ɾ i n aˑ
ঘৃণা	ɡʱ ɹ i n aˑ
ঘেঁষা	ɡʱ æ̃ ʃ aˑ
ঘেঁষা	ɡʱ ɛ ʃ aˑ
ঘেরা	ɡʱ e r aˑ
ঘোঙ্গা	ɡʱ o ŋ ɡ äˑ
ঘোড়া	ɡʱ o ɽ aˑ
ঘোড়া	ɡʱ o ɾ aˑ
ঘোড়া	ɡʱ o ɹ aˑ
ঘোমটা	ɡʱ o m ʈ aˑ
ঘোমটা	ɡʱ o m t aˑ
ঘোরা	ɡʱ o r a
ঘোষ	ɡʱ o ʃ
ঘোষ	ɡʱ o ʃ
ঘোষক	ɡʱ o ʃ ɔ k
ঘোষক	ɡʱ o ʃ ɔ k
ঘোষাল	ɡʱ o ʃ a l
ঘোষাল	ɡʱ o ʃ a l
ঘোষাল	ɡʱ o s̠ äˑ l
ঙ	ŋ ɔˑ
ঙ	u m ɔˑ
ঙ	ŋ ɔˑ
ঙ	u m ɔˑ
ঙাপ্পি	n a pː i
চ	t͡ʃ ɔˑ
চ	t ɕ ɔː
চ	t ɕ ɔˑ
চওড়া	t͡ʃ ɔ o̯ ɽ aˑ
চওড়া	t͡ʃ ɔ o̯ ɾ aˑ
চওড়া	t ɕ ɔ o̯ ɹ aˑ
চকলেট	t͡ʃ ɔ k l e ʈ
চকলেট	t͡ʃ ɔ k o l e ʈ
চকলেট	t ɕ ɔ k l e t
চকলেট	t ɕ ɔ k o l e t
চক্কর	t͡ʃ ɔ kː o ɾ
চক্কর	t ɕ ɔ kː o ɹ
চক্র	t͡ʃ ɔ k ɾ oˑ
চক্র	t ɕ ɔ k ɹ oˑ
চক্রবর্তী	t͡ʃ ɔ k ɾ ɔ b o ɾ t̪ iˑ
চক্রবর্তী	t ɕ ɔ k ɹ ɔ b o ɹ t̪ iˑ
চচ্চড়ি	t͡ʃ ɔ t͡ʃː o ɽ iˑ
চচ্চড়ি	t͡ʃ ɔ t͡ʃː o ɾ iˑ
চচ্চড়ি	t ɕ ɔ t ɕː o ɹ iˑ
চঞ্চলতা	t͡ʃ ɔ n t͡ʃ ɔ l o t̪ aˑ
চঞ্চলতা	t ɕ ɔ n t ɕ ɔ l o t̪ aˑ
চট্টগ্রাম	t͡ʃ ɔ ʈː o ɡ ɾ a m
চট্টগ্রাম	t ɕ ɔ tː o ɡ ɹ a m
চট্টোপাধ্যায়	t͡ʃ ɔ ʈː o p a d̪ʱː a e̯
চট্টোপাধ্যায়	t ɕ ɔ tː o p a d̪ʱː a e̯
চড়া	t͡ʃ ɔ ɽ aˑ
চড়া	t͡ʃ ɔ ɾ aˑ
চড়া	t ɕ ɔ ɹ aˑ
চড়াই	t͡ʃ ɔ ɽ a i̯
চড়াই	t͡ʃ ɔ ɾ a i̯
চড়াই	t ɕ ɔ ɹ a i̯
চণ্ডীগড়	t͡ʃ o ɳ ɖ i ɡ ɔ ɽʱ
চণ্ডীগড়	t͡ʃ o ɳ ɖ i ɡ ɔ ɽ
চণ্ডীগড়	t͡ʃ o ɳ ɖ i ɡ ɔ ɾ h
চণ্ডীগড়	t ɕ o n d i ɡ ɔ ɹ
চতুর্দশ	t͡ʃ o t̪ u ɾ d̪ ɔ ʃ
চতুর্দশ	t ɕ o t̪ u ɹ d̪ ɔ ʃ
চন্দন	t͡ʃ ɔ n d̪ ɔ n
চন্দন	t ɕ ɔ n d̪ ɔ n
চন্দ্র	t͡ʃ ɔ n d̪ː ɾ oˑ
চন্দ্র	t ɕ ɔ n d̪ː ɾ oˑ
চন্দ্রগ্রহণ	t͡ʃ ɔ n d̪ː ɾ ɔ ɡ ɾ ɔ h o n
চন্দ্রগ্রহণ	t ɕ ɔ n d̪ː ɹ ɔ ɡ ɹ ɔ h o n
চন্দ্রবিন্দু	t͡ʃ ɔ n d̪ː ɾ o b i n d̪ uˑ
চন্দ্রবিন্দু	t ɕ ɔ n d̪ː ɾ o b i n d̪ uˑ
চন্দ্রমুখী	t̪͡s ɔ̃ n̪ d̪ ɾ ɔ m u kʰ i
চন্দ্রোদয়	t͡ʃ ɔ n d̪ː ɾ o d̪ o e̯
চন্দ্রোদয়	t ɕ ɔ n d̪ː ɹ o d̪ o e̯
চব্বিশ	t͡ʃ o bː i ʃ
চব্বিশ	t ɕ o bː i ʃ
চম্পা	t͡ʃ ɔ m p aˑ
চম্পা	t ɕ ɔ m p aˑ
চমৎকার	t͡ʃ ɔ m ɔ t̪ k a ɾ
চমৎকার	t ɕ ɔ m ɔ t̪ k a ɹ
চরকা	t͡ʃ ɔ ɾ k aˑ
চরকা	t ɕ ɔ ɹ k aˑ
চরণ	t͡ʃ ɔ ɾ o n
চরণ	t ɕ ɔ ɹ o n
চরম	t͡ʃ ɔ ɾ o m
চরম	t ɕ ɔ ɹ o m
চরানো	t͡ʃ ɔ ɾ a n oˑ
চরানো	t ɕ ɔ ɹ a n oˑ
চর্বি	t͡ʃ o ɾ b iˑ
চর্বি	t ɕ o ɹ b iˑ
চর্যাপদ	t͡ʃ ɔ ɾ d͡ʒ a p ɔ d̪
চর্যাপদ	t ɕ ɔ ɹ d ʑ a p ɔ d̪
চলচ্চিত্র	t͡ʃ ɔ l o t͡ʃː i t̪ː ɾ oˑ
চলচ্চিত্র	t͡ʃ ɔ l o t͡ʃ i t̪ː ɾ oˑ
চলচ্চিত্র	t ɕ ɔ l o t ɕː i t̪ː ɹ oˑ
চলচ্চিত্র	t ɕ ɔ l o t ɕ i t̪ː ɹ oˑ
চলচ্চিত্র	t̪ s ɔ l ɔ t̪ s t̪ s i t̪ ɾ ɔˑ
চলচ্চিত্র	s ɔ l ɔ sː i t̪ ɹ ɔˑ
চলচ্চিত্র	t̪ s ɔ l ɔ t̪ s i t̪ ɾ ɔˑ
চলচ্চিত্র	s ɔ l ɔ s i t̪ ɹ ɔˑ
চলিত	t͡ʃ o l i t̪ oˑ
চলিত	t ɕ o l i t̪ oˑ
চল্লিশ	t͡ʃ ɔ lː i ʃ
চল্লিশ	t ɕ ɔ lː i ʃ
চশম	t͡ʃ ɔ ʃ o m
চশম	t ɕ ɔ ʃ o m
চশমা	t͡ʃ ɔ ʃ m aˑ
চশমা	t ɕ ɔ ʃ m aˑ
চষা	t͡ʃ ɔ ʃ aˑ
চষা	t ɕ ɔ ʃ aˑ
চা	t͡ʃ aˑ
চা	t ɕ aː
চা	t ɕ aˑ
চাঁকা	t͡ʃ ã k aˑ
চাঁকা	t ɕ a k aˑ
চাঁছা	t͡ʃ ã t͡ʃʰ aˑ
চাঁছা	t ɕ a t ɕʰ aˑ
চাঁটগাঁ	t͡ʃ ã ʈ ɡ ãˑ
চাঁটগাঁ	t ɕ a t ɡ aˑ
চাঁটগাঁ	t̪ s a t ɡ aˑ
চাঁটগাঁ	s a t ɡ aˑ
চাঁদ	t͡ʃ ã d̪
চাঁদ	t ɕ a d̪
চাঁদনি	t͡ʃ ã d̪ n iˑ
চাঁদনি	t ɕ a d̪ n iˑ
চাঁদনী	t͡ʃ ã d̪ n iˑ
চাঁদনী	t ɕ a d̪ n iˑ
চাঁদিনী	t͡ʃ ã d̪ i n iˑ
চাঁদিনী	t ɕ a d̪ i n iˑ
চাঁদ্নী	t͡ʃ ã d̪ n iˑ
চাঁদ্নী	t ɕ a d̪ n iˑ
চাঁপা	t͡ʃ ã p aˑ
চাঁপা	t ɕ a p aˑ
চাউর	t͡ʃ a u̯ ɾ
চাউর	t ɕ a u̯ ɹ
চাউল	t͡ʃ a u̯ l
চাউল	t ɕ a u̯ l
চাউল	t̪ s a u̯ l
চাউল	s a u̯ l
চাওয়া	t͡ʃ a o̯ aˑ
চাওয়া	t ɕ a o̯ aˑ
চাওয়া	t̪ s a o̯ aˑ
চাওয়া	s a o̯ aˑ
চাকমা	t͡ʃ a k m aˑ
চাকমা	t ɕ a k m aˑ
চাকরানী	t͡ʃ a k ɾ a n iˑ
চাকরানী	t ɕ a k ɹ a n iˑ
চাকরিস্থল	t͡ʃ a k ɾ i s t̪ʰ ɔ l
চাকরিস্থল	t ɕ a k ɹ i s t̪ʰ ɔ l
চাকরী	t͡ʃ a k ɾ iˑ
চাকরী	t ɕ a k ɹ iˑ
চাকরীজীবন	t͡ʃ a k ɾ i d͡ʒ i b o n
চাকরীজীবন	t ɕ a k ɹ i d ʑ i b o n
চাকরীজীবী	t͡ʃ a k ɾ i d͡ʒ i b iˑ
চাকরীজীবী	t ɕ a k ɹ i d ʑ i b iˑ
চাকরীদাতা	t͡ʃ a k ɾ i d̪ a t̪ aˑ
চাকরীদাতা	t ɕ a k ɹ i d̪ a t̪ aˑ
চাকরীবাকরী	t͡ʃ a k ɾ i b a k ɾ iˑ
চাকরীবাকরী	t ɕ a k ɹ i b a k ɹ iˑ
চাকরীস্থল	t͡ʃ a k ɾ i s t̪ʰ ɔ l
চাকরীস্থল	t ɕ a k ɹ i s t̪ʰ ɔ l
চাকা	t͡ʃ a k aˑ
চাকা	t ɕ a k aˑ
চাকু	t͡ʃ a k uˑ
চাকু	t ɕ a k uˑ
চাখোর	t͡ʃ a kʰ o ɾ
চাখোর	t ɕ a kʰ o ɹ
চাগা	t͡ʃ a ɡ aˑ
চাগা	t ɕ a ɡ aˑ
চাচা	t͡ʃ a t͡ʃ aˑ
চাচা	t ɕ a t ɕ aˑ
চাচ্চা	t͡ʃ a t͡ʃː aˑ
চাচ্চা	t ɕ a t ɕː aˑ
চাচ্চু	t͡ʃ a t͡ʃː uˑ
চাচ্চু	t ɕ a t ɕː uˑ
চাটগাঁ	t͡ʃ a ʈ ɡ ãˑ
চাটগাঁ	t ɕ a t ɡ aˑ
চাটগাঁ	t̪ s a t ɡ aˑ
চাটগাঁ	s a t ɡ aˑ
চাটনি	t͡ʃ a ʈ n iˑ
চাটনি	t ɕ a t n iˑ
চাটা	t͡ʃ a ʈ aˑ
চাটা	t ɕ a t aˑ
চাটুজ্জে	t͡ʃ a ʈ u z̪̪ d͡ʒ eˑ
চাটুজ্জে	t͡ʃ a ʈ u d͡ʒ d͡ʒ eˑ
চাটুজ্জে	t ɕ a t u d ʑː eˑ
চাড়ি	t͡ʃ a ɽ iˑ
চাড়ি	t͡ʃ a ɾ iˑ
চাড়ি	t ɕ a ɹ iˑ
চাতক	t͡ʃ a t̪ o k
চাতক	t ɕ a t̪ o k
চাদ	t͡ʃ a d̪
চাদ	t ɕ a d̪
চাদর	t͡ʃ a d̪ o ɾ
চাদর	t ɕ a d̪ o ɹ
চান্দ্র	t͡ʃ a n d̪ː ɾ oˑ
চান্দ্র	t ɕ a n d̪ː ɹ oˑ
চাপ	t͡ʃ a p
চাপ	t ɕ aː p
চাপ	t ɕ a p
চাপাতি	t͡ʃ a p a t̪ iˑ
চাপাতি	t ɕ a p a t̪ iˑ
চাবি	t͡ʃ a b iˑ
চাবি	t ɕ a b iˑ
চাবি	t̪ s a b iˑ
চাবি	s a b iˑ
চাবুক	t͡ʃ a b u k
চাবুক	t ɕ a b u k
চামচ	t͡ʃ a m o t͡ʃ
চামচ	t͡ʃ a m u t͡ʃ
চামচ	t ɕ a m o t ɕ
চামচ	t ɕ a m u t ɕ
চামচা	t͡ʃ a m t͡ʃ aˑ
চামচা	t ɕ a m t ɕ aˑ
চামড়া	t͡ʃ a m ɽ aˑ
চামড়া	t͡ʃ a m ɾ aˑ
চামড়া	t ɕ a m ɹ aˑ
চামাটি	t͡ʃ a m a ʈ iˑ
চামাটি	t ɕ a m a t iˑ
চামাটি	t̪ s a m a t iˑ
চামাটি	s a m a t iˑ
চামাটি	s a m a ʈ iˑ
চামেলি	t͡ʃ a m e l iˑ
চামেলি	t ɕ a m e l iˑ
চায়	t͡ʃ a e̯
চায়	t ɕ a e̯
চার	t͡ʃ a ɾ
চার	t ɕ a ɹ
চারিদিক	t͡ʃ a ɾ i d̪ i k
চারিদিক	t ɕ a ɹ i d̪ i k
চার্চ	t͡ʃ a ɾ t͡ʃ
চার্চ	t ɕ a ɹ t ɕ
চার্লস	t͡ʃ a ɾ l s
চার্লস	t ɕ a ɹ l s
চাল	t͡ʃ a l
চাল	t ɕ aː l
চাল	t ɕ a l
চাল	t̪ s a l
চাল	s a l
চালকুমড়া	t͡ʃ a l k u m ɽ aˑ
চালকুমড়া	t͡ʃ a l k u m ɾ aˑ
চালকুমড়া	t ɕ a l k u m ɹ aˑ
চালকুমড়ো	t͡ʃ a l k u m ɽ oˑ
চালকুমড়ো	t͡ʃ a l k u m ɾ oˑ
চালকুমড়ো	t ɕ a l k u m ɹ oˑ
চালু	t͡ʃ a l uˑ
চালু	t ɕ a l uˑ
চাষ	t͡ʃ a ʃ
চাষ	t ɕ aː ʃ
চাষ	t ɕ a ʃ
চাহিদা	t͡ʃ a h i d̪ aˑ
চাহিদা	t ɕ a h i d̪ aˑ
চিঁড়া	t͡ʃ ĩ ɽ aˑ
চিঁড়া	t͡ʃ ĩ ɾ aˑ
চিঁড়া	t͡ʃ i ɽ aˑ
চিঁড়া	t͡ʃ i ɾ aˑ
চিঁড়া	t ɕ i ɹ aˑ
চিঁড়া	t̪ s i ɾ aˑ
চিঁড়া	s i ɹ aˑ
চিংড়ি	t͡ʃ i ŋ ɽ iˑ
চিংড়ি	t͡ʃ i ŋ ɾ iˑ
চিংড়ি	t ɕ i ŋ ɹ iˑ
চিকন	t͡ʃ i k o n
চিকন	t ɕ i k o n
চিকিত্সা	t͡ʃ i k i t̪ ʃ aˑ
চিকিত্সা	t ɕ i k i t̪ ʃ aˑ
চিকিৎসক	t͡ʃ i k i t̪ ʃ o k
চিকিৎসক	t͡ʃ i k i ʃː o k
চিকিৎসক	t ɕ i k i t̪ ʃ o k
চিকিৎসক	t ɕ i k i ʃː o k
চিকিৎসাধীন	t͡ʃ i k i t̪ ʃ a d̪ʱ i n
চিকিৎসাধীন	t ɕ i k i t̪ ʃ a d̪ʱ i n
চিকুৎকুৎ	t͡ʃ i k u t̪ k u t̪
চিকুৎকুৎ	t ɕ i k u t̪ k u t̪
চিকুৎকুৎ	t̪ s i k u t̪ k u t̪
চিকুৎকুৎ	s i x u t̪ x u t̪
চিজ	t͡ʃ i d͡ʒ
চিজ	t͡ʃ i z
চিজ	t ɕ i d ʑ
চিজ	t ɕ iː z
চিজ	t ɕ i z
চিজ	t͡ʃ i z
চিজ	t͡ʃ i d͡ʒ
চিজ	t ɕ iː z
চিজ	t ɕ i z
চিজ	t ɕ i d ʑ
চিটাগুড়	t͡ʃ i ʈ a ɡ u ɽ
চিটাগুড়	t͡ʃ i ʈ a ɡ u ɾ
চিটাগুড়	t ɕ i t a ɡ u ɹ
চিঠা	t͡ʃ i ʈʰ a
চিঠি	t͡ʃ i ʈʰ iˑ
চিঠি	t ɕ i tʰ iˑ
চিড়িয়াখানা	t͡ʃ i ɽ i̯ a kʰ a n aˑ
চিড়িয়াখানা	t͡ʃ i ɾ i̯ a kʰ a n aˑ
চিড়িয়াখানা	t ɕ i ɹ i̯ a kʰ a n aˑ
চিতল	t͡ʃ i t̪ o l
চিতল	t ɕ i t̪ o l
চিতা	t͡ʃ i t̪ aˑ
চিতা	t ɕ i t̪ aˑ
চিত্ত	t͡ʃ i t̪ː oˑ
চিত্ত	t ɕ i t̪ː oˑ
চিত্র	t͡ʃ i t̪ː ɾ oˑ
চিত্র	t ɕ i t̪ː ɾ oˑ
চিত্রগ্রীব	t͡ʃ i t̪ː ɾ ɔ ɡ ɾ i b
চিত্রগ্রীব	t ɕ i t̪ː ɹ ɔ ɡ ɹ i b
চিত্রিত	t͡ʃ i t̪ː ɾ i t̪ oˑ
চিত্রিত	t ɕ i t̪ː ɹ i t̪ oˑ
চিনি	t͡ʃ i n iˑ
চিনি	t ɕ i n iˑ
চিন্তন	t͡ʃ i n t̪ o n
চিন্তন	t͡ʃ i n t̪ ɔ n
চিন্তন	t ɕ i n t̪ o n
চিন্তন	t ɕ i n t̪ ɔ n
চিন্তা	t͡ʃ i n t̪ aˑ
চিন্তা	t ɕ i n t̪ aˑ
চিন্তাপরাধ	t͡ʃ i n t̪ a p ɔ ɾ a d̪
চিন্তাপরাধ	t ɕ i n t̪ a p ɔ ɹ a d̪
চিন্তাভাবনা	t͡ʃ i n t̪ a bʱ a b n aˑ
চিন্তাভাবনা	t͡ʃ i n t̪ a v a b n aˑ
চিন্তাভাবনা	t͡ʃ i n t̪ a bʱ a b o n aˑ
চিন্তাভাবনা	t͡ʃ i n t̪ a v a b o n aˑ
চিন্তাভাবনা	t ɕ i n t̪ a bʱ a b n aˑ
চিন্তাভাবনা	t ɕ i n t̪ a v a b n aˑ
চিন্তাভাবনা	t ɕ i n t̪ a bʱ a b o n aˑ
চিন্তাভাবনা	t ɕ i n t̪ a v a b o n aˑ
চিবানো	t͡ʃ i b a n oˑ
চিবানো	t ɕ i b a n oˑ
চিমনি	t͡ʃ i m n iˑ
চিমনি	t ɕ i m n iˑ
চির	t͡ʃ i ɾ
চির	t ɕ i ɹ
চির	t͡ʃ i ɾ oˑ
চির	t ɕ i ɹ oˑ
চিরকাল	t͡ʃ i ɾ o k a l
চিরকাল	t ɕ i ɹ o k a l
চিরন্তন	t͡ʃ i ɾ ɔ n t̪ ɔ n
চিরন্তন	t ɕ i ɹ ɔ n t̪ ɔ n
চিরপ্রতিদ্বন্দ্বী	t͡ʃ i ɾ ɔ p ɾ o t̪ i d̪ː ɔ n d̪ iˑ
চিরপ্রতিদ্বন্দ্বী	t ɕ i ɹ ɔ p ɹ o t̪ i d̪ː ɔ n d̪ iˑ
চিরস্থায়ী	t͡ʃ i ɾ ɔ s t̪ʰ a i̯
চিরস্থায়ী	t ɕ i ɹ ɔ s t̪ʰ a i̯
চিলি	t͡ʃ i l iˑ
চিলি	t ɕ i l iˑ
চিল্লাচিল্লি	t͡ʃ i lː a t͡ʃ i lː iˑ
চিল্লাচিল্লি	t ɕ i lː a t ɕ i lː iˑ
চিহ্ন	t͡ʃ i n h oˑ
চিহ্ন	t͡ʃ i nː oˑ
চিহ্ন	t ɕ i n h oˑ
চিহ্ন	t ɕ i nː oˑ
চিৎ	t͡ʃ i t̪
চিৎ	t ɕ i t̪
চীজ	t͡ʃ i d͡ʒ
চীজ	t͡ʃ i z
চীজ	t ɕ i d ʑ
চীজ	t ɕ iː z
চীজ	t ɕ i z
চীন	t͡ʃ i n
চীন	t ɕ iː n
চীন	t ɕ i n
চীন	t̪ s i n
চীন	s i n
চীন	s iː n
চীনাংশুক	t͡ʃ i n a ŋ ʃ u k
চীনাংশুক	t ɕ i n a ŋ ʃ u k
চীনামাটি	t͡ʃ i n a m a ʈ iˑ
চীনামাটি	t ɕ i n a m a t iˑ
চুঁকা	t͡ʃ ũ k aˑ
চুঁকা	t ɕ u k aˑ
চুঁচি	t͡ʃ ũ t͡ʃ iˑ
চুকিৎকিৎ	t͡ʃ u k i t̪ k i t̪
চুকিৎকিৎ	t ɕ u k i t̪ k i t̪
চুকিৎকিৎ	t̪ s u k i t̪ k i t̪
চুকিৎকিৎ	s u x i t̪ x i t̪
চুদা	t͡ʃ u d̪ aˑ
চুদা	t ɕ u d̪ aˑ
চুদি	t͡ʃ u d̪ iˑ
চুদি	t ɕ u d̪ iˑ
চুন	t͡ʃ u n
চুন	t ɕ uː n
চুন	t ɕ u n
চুরানব্বই	t͡ʃ u ɾ a n ɔ bː o i̯
চুরানব্বই	t ɕ u ɹ a n ɔ bː o i̯
চুরি	t͡ʃ u ɾ iˑ
চুরি	t ɕ u ɹ iˑ
চুরুট	t͡ʃ u ɾ u ʈ
চুরুট	t ɕ u ɹ u t
চুরুলিয়া	t͡ʃ u ɾ u l i̯ aˑ
চুরুলিয়া	t ɕ u ɹ u l i̯ aˑ
চুল	t͡ʃ u l
চুল	t ɕ uː l
চুল	t ɕ u l
চুল	t̪ s u l
চুল	s u l
চুলকানি	t͡ʃ u l k a n iˑ
চুলকানি	t ɕ u l k a n iˑ
চুলা	t͡ʃ u l aˑ
চুলা	t ɕ u l aˑ
চূড়া	t͡ʃ u ɽ aˑ
চূড়া	t͡ʃ u ɾ aˑ
চূড়া	t ɕ u ɹ aˑ
চূর্ণ	t͡ʃ u ɾ n oˑ
চূর্ণ	t ɕ u ɹ n oˑ
চেনা	t͡ʃ e n aˑ
চেনা	t ɕ e n aˑ
চেন্নাই	t͡ʃ e nː a i̯
চেন্নাই	t ɕ e nː a i̯
চেপটা	t͡ʃ e p ʈ aˑ
চেপটা	t ɕ e p t aˑ
চেয়ার	t͡ʃ e a ɾ
চেয়ার	t ɕ e a ɹ
চেয়ে	t͡ʃ eˑ
চেয়ে	t ɕ eː
চেয়ে	t ɕ eˑ
চেয়ে	t̪ s ɛˑ
চেয়ে	s ɛˑ
চেরা	t͡ʃ e ɾ aˑ
চেরা	t ɕ e ɹ aˑ
চেষ্টা	t͡ʃ e ʂ ʈ aˑ
চেষ্টা	t ɕ e ʃ t aˑ
চেষ্টা	t ɕ e s t aˑ
চেষ্টা	t̪ s ɛ ʃ t aˑ
চেষ্টা	s ɛ ʃ t aˑ
চেহারা	t͡ʃ e h a ɾ aˑ
চেহারা	t͡ʃ æ h a ɾ aˑ
চেহারা	t ɕ e h a ɹ aˑ
চেহারা	t ɕ ɛ h a ɹ aˑ
চৈতন্য	t͡ʃ o i̯ t̪ ɔ nː oˑ
চৈতন্য	t ɕ o i̯ t̪ ɔ nː oˑ
চৈত্র	t͡ʃ o i̯ t̪ː ɾ oˑ
চৈত্র	t ɕ o i̯ t̪ː ɹ oˑ
চোখ	t͡ʃ o k
চোখ	t͡ʃ o x
চোখ	t ɕ oː k
চোখ	t ɕ o x
চোদা	t͡ʃ o d̪ aˑ
চোদা	t ɕ o d̪ aˑ
চোদ্দ	t͡ʃ o d̪ː oˑ
চোদ্দ	t ɕ o d̪ː oˑ
চোদ্দো	t͡ʃ o d̪ː oˑ
চোদ্দো	t ɕ o d̪ː oˑ
চোবানো	t͡ʃ o b a n oˑ
চোবানো	t ɕ o b a n oˑ
চোর	t͡ʃ o ɾ
চোর	t ɕ o ɹ
চোষা	t͡ʃ o ʃ aˑ
চোষা	t ɕ o ʃ aˑ
চৌথ	t͡ʃ o u̯ t̪
চৌথ	t ɕ o u̯ t̪
চৌধুরি	t͡ʃ o u̯ d̪ʱ u ɾ iˑ
চৌধুরি	t ɕ o u̯ d̪ʱ u ɹ iˑ
চ্যাটার্জী	t͡ʃ æ ʈ a ɾ d͡ʒ iˑ
চ্যাটার্জী	t ɕ æ t a ɹ d ʑ iˑ
চ্যাপটা	t͡ʃ æ p ʈ aˑ
চ্যাপটা	t ɕ ɛ p t aˑ
ছক্কা	t͡ʃʰ ɔ kː aˑ
ছক্কা	t ɕʰ ɔ kː aˑ
ছটফট	t͡ʃʰ ɔ ʈ f ɔ ʈ
ছটফট	t ɕʰ ɔ t f ɔ t
ছড়ানো	t͡ʃʰ ɔ ɽ a n oˑ
ছড়ানো	t͡ʃʰ ɔ ɾ a n oˑ
ছড়ানো	t ɕʰ ɔ ɹ a n oˑ
ছড়ি	t͡ʃʰ o ɽ iˑ
ছড়ি	t͡ʃʰ o ɾ iˑ
ছড়ি	t ɕʰ o ɹ iˑ
ছত্তিশগড়	t͡ʃʰ o t̪ː i ʃ ɡ ɔ ɽ
ছত্তিশগড়	t͡ʃʰ o t̪ː i ʃ ɡ ɔ ɾ
ছত্তিশগড়	t ɕʰ o t̪ː i ʃ ɡ ɔ ɹ
ছত্তীসগঢ়	t͡ʃʰ o t̪ː i ʃ ɡ ɔ ɽʱ
ছত্তীসগঢ়	t͡ʃʰ o t̪ː i ʃ ɡ ɔ ɽ
ছত্তীসগঢ়	t͡ʃʰ o t̪ː i ʃ ɡ ɔ ɾ h
ছত্তীসগঢ়	t ɕʰ o t̪ː i ʃ ɡ ɔ ɹ
ছদ্মনাম	t͡ʃʰ ɔ d̪ː o n a m
ছদ্মনাম	t ɕʰ ɔ d̪ː o n a m
ছবি	t͡ʃʰ o b iˑ
ছবি	t ɕʰ o b iˑ
ছবি	s o b iˑ
ছবি	s o b iˑ
ছয়	t͡ʃʰ ɔ e̯
ছয়	t ɕʰ ɔ e̯
ছা	t͡ʃʰ aˑ
ছা	t ɕʰ aː
ছা	t ɕʰ aˑ
ছাই	t͡ʃʰ a i̯
ছাই	t ɕʰ a i̯
ছাওয়াল	t͡ʃʰ a o̯ a l
ছাওয়াল	t ɕʰ a o̯ a l
ছাগল	t͡ʃʰ ɑ ɡ o l
ছাড়া	t͡ʃʰ a ɽ aˑ
ছাড়া	t͡ʃʰ a ɾ aˑ
ছাড়া	t ɕʰ a ɹ aˑ
ছাড়ান	t͡ʃʰ a ɽ a n
ছাড়ান	t͡ʃʰ a ɾ a n
ছাড়ান	t ɕʰ a ɹ a n
ছাড়ান	s a ɾ a n
ছাড়ান	s a ɹ a n
ছাতা	t͡ʃʰ a t̪ aˑ
ছাতা	t ɕʰ a t̪ aˑ
ছাদ	t͡ʃʰ a d̪
ছাদ	t ɕʰ a d̪
ছানা	t͡ʃʰ a n aˑ
ছানা	t ɕʰ a n aˑ
ছানি	t͡ʃʰ a n iˑ
ছানি	t ɕʰ a n iˑ
ছাপড়ি	t͡ʃʰ a p ɾ iˑ
ছাপড়ি	t ɕʰ a p ɹ iˑ
ছাপড়িকরণ	t͡ʃʰ a p ɽ i k ɾ o n
ছাপড়িকরণ	t͡ʃʰ a p ɾ i k ɾ o n
ছাপড়িকরণ	t ɕʰ a p ɹ i k ɹ o n
ছাপা	t͡ʃʰ a p aˑ
ছাপা	t ɕʰ a p aˑ
ছাপান্ন	t͡ʃʰ a p a nː oˑ
ছাপান্ন	t ɕʰ a p a nː oˑ
ছায়াছবি	t͡ʃʰ a e̯ a t͡ʃʰ b iˑ
ছায়াছবি	t ɕʰ a e̯ a t ɕʰ b iˑ
ছাল	t͡ʃʰ a l
ছাল	t ɕʰ aː l
ছাল	t ɕʰ a l
ছি	t͡ʃʰ iˑ
ছি	t ɕʰ iː
ছি	t ɕʰ iˑ
ছি	s iˑ
ছি	s iˑ
ছিটকানো	t͡ʃʰ i ʈ k a n oˑ
ছিটকানো	t ɕʰ i t k a n oˑ
ছিটমহল	t͡ʃʰ i ʈ m ɔ h o l
ছিটমহল	t ɕʰ i t m ɔ h o l
ছিপ	t͡ʃʰ i p
ছিপ	t ɕʰ iː p
ছিপ	t ɕʰ i p
ছিপ	s i p
ছিপ	s i ɸ
ছিপ	t̪ s̪ i p
ছিয়ানব্বই	t͡ʃʰ i̯ a n ɔ bː o i̯
ছিয়ানব্বই	t ɕʰ i̯ a n ɔ bː o i̯
ছিয়ানব্বই	s i̯ a n ɔ bː o i̯
ছিয়ানব্বই	s i̯ a n ɔ bː o i̯
ছিল	t͡ʃʰ i l oˑ
ছিল	t ɕʰ i l oˑ
ছিলেন	t͡ʃʰ i l e n
ছিলেন	t ɕʰ i l e n
ছুঁচ	t͡ʃʰ ũ t͡ʃ
ছুঁচ	t ɕʰ u t ɕ
ছুঁচা	t͡ʃʰ ũ t͡ʃ aˑ
ছুঁচা	t ɕʰ u t ɕ aˑ
ছুট	t͡ʃʰ u ʈ
ছুট	t ɕʰ uː t
ছুট	t ɕʰ u t
ছুট	s u t
ছুট	s u t
ছুটি	t͡ʃʰ u ʈ iˑ
ছুটি	t ɕʰ u t iˑ
ছুটি	s u t iˑ
ছুটি	s u t iˑ
ছুড়ান	t̪͡ʃʰ u ɾ ä̃ n̪
ছুপা	t͡ʃʰ u p aˑ
ছুপা	t ɕʰ u p aˑ
ছুরি	t͡ʃʰ u ɾ iˑ
ছুরি	t ɕʰ u ɹ iˑ
ছুরি	s u ɾ iˑ
ছুরি	s u ɹ iˑ
ছুরি	t̪ s̪ u ɾ iˑ
ছেঁচকি	t͡ʃʰ ẽ t͡ʃ k iˑ
ছেঁচকি	t ɕʰ e t ɕ k iˑ
ছেচল্লিশ	t͡ʃʰ e t͡ʃ ɔ lː i ʃ
ছেচল্লিশ	t ɕʰ e t ɕ ɔ lː i ʃ
ছেদ	t̪͡ʃʰ e d̪
ছেদ	t̪͡ʃʰ e d̪
ছেদন	t͡ʃʰʰ e d̪ ɔ n
ছেদন	t ɕʰʰ e d̪ ɔ n
ছেপ	t͡ʃʰ e p
ছেপ	t ɕʰ eː p
ছেপ	t ɕʰ e p
ছেলে	t͡ʃʰ e l eˑ
ছেলে	t ɕʰ e l eˑ
ছেলেধরা	t͡ʃʰ e l e d̪ʱ ɔ ɾ aˑ
ছেলেধরা	t ɕʰ e l e d̪ʱ ɔ ɹ aˑ
ছেলেমেয়ে	t͡ʃʰ e l e m eˑ
ছেলেমেয়ে	t ɕʰ e l e m eˑ
ছোঁয়া	t͡ʃʰ õ aˑ
ছোঁয়া	t ɕʰ õ aˑ
ছোঁয়া	t ɕʰ o̯ aˑ
ছোকরা	t͡ʃʰ o k ɾ aˑ
ছোকরা	t ɕʰ o k ɹ aˑ
ছোট	t͡ʃʰ o ʈ oˑ
ছোট	t ɕʰ o t oˑ
ছোড়া	t͡ʃʰ o ɽ aˑ
ছোড়া	t͡ʃʰ o ɾ aˑ
ছোড়া	t ɕʰ o ɹ aˑ
ছোড়া	s o ɾ aˑ
ছোড়া	s o ɹ aˑ
ছোলা	t͡ʃʰ o l aˑ
ছোলা	t ɕʰ o l aˑ
ছোলা	s o l aˑ
ছোলা	s o l aˑ
ছ্যাঁচড়া	t͡ʃʰ æ̃ t͡ʃ ɔ ɽ aˑ
ছ্যাঁচড়া	t͡ʃʰ æ̃ t͡ʃ ɔ ɾ aˑ
ছ্যাঁচড়া	t ɕʰ ɛ t ɕ ɔ ɹ aˑ
ছ্যাকা	t͡ʃʰ æ k aˑ
ছ্যাকা	t ɕʰ ɛ k aˑ
জ	d͡ʒ ɔˑ
জ	d ʑ ɔː
জ	d ʑ ɔˑ
জ	z ɔˑ
জ	z ɔˑ
জংগ্লি	d͡ʒ o ŋ ɡ l iˑ
জংগ্লি	d ʑ o ŋ ɡ l iˑ
জংগ্লী	d͡ʒ o ŋ ɡ l iˑ
জংগ্লী	d ʑ o ŋ ɡ l iˑ
জংলি	d͡ʒ o ŋ l iˑ
জংলি	d ʑ o ŋ l iˑ
জংলি	d̪ z o ŋ l iˑ
জংলি	z o ŋ l iˑ
জংলী	d͡ʒ o ŋ l iˑ
জংলী	d ʑ o ŋ l iˑ
জউ	d͡ʒ o u̯
জউ	d ʑ o u̯
জউ	d̪ z ɔ uˑ
জউ	z ɔ uˑ
জওজ	d͡ʒ ɔ o̯ d͡ʒ
জওজ	d ʑ ɔ o̯ d ʑ
জওহর	d͡ʒ ɔ o̯ h o ɾ
জওহর	d ʑ ɔ o̯ h o ɹ
জখম	d͡ʒ ɔ kʰ o m
জখম	d ʑ ɔ kʰ o m
জগ	d͡ʒ ɔ ɡ
জগ	d ʑ ɔ ɡ
জগন্নাথ	d͡ʒ ɔ ɡ ɔ nː a t̪
জগন্নাথ	d ʑ ɔ ɡ ɔ nː a t̪
জগাতি	d͡ʒ ɔ ɡ a t̪ iˑ
জগাতি	d ʑ ɔ ɡ a t̪ iˑ
জগৎ	d͡ʒ ɔ ɡ o t̪
জগৎ	d ʑ ɔ ɡ o t̪
জঘন্য	d͡ʒ ɔ ɡʱ o nː oˑ
জঘন্য	d ʑ ɔ ɡʱ o nː oˑ
জঙলি	d͡ʒ o ŋ l iˑ
জঙলি	d ʑ o ŋ l iˑ
জঙলী	d͡ʒ o ŋ l iˑ
জঙলী	d ʑ o ŋ l iˑ
জঙ্গল	d͡ʒ ɔ n ɡ o l
জঙ্গল	d ʑ ɔ n ɡ o l
জঙ্গল	d̪ z ɔ n ɡ o l
জঙ্গল	z ɔ n ɡ o l
জঙ্গলি	d͡ʒ ɔ ŋ ɡ o l iˑ
জঙ্গলি	d ʑ ɔ ŋ ɡ o l iˑ
জঙ্গলী	d͡ʒ ɔ ŋ ɡ o l iˑ
জঙ্গলী	d ʑ ɔ ŋ ɡ o l iˑ
জঙ্গি	d͡ʒ ɔ ŋ ɡ iˑ
জঙ্গি	d ʑ ɔ ŋ ɡ iˑ
জঙ্ঘা	d͡ʒ ɔ ŋ ɡʱ aˑ
জঙ্ঘা	d ʑ ɔ ŋ ɡʱ aˑ
জজ	d͡ʒ ɔ d͡ʒ
জজ	d ʑ ɔ d ʑ
জটামাংসী	d͡ʒ ɔ ʈ a m a ŋ ʃ iˑ
জটামাংসী	d ʑ ɔ t a m a ŋ ʃ iˑ
জটিল	d͡ʒ o ʈ i l
জটিল	d ʑ o t i l
জঠর	d͡ʒ ɔ ʈʰ ɔ ɾ
জঠর	d ʑ ɔ tʰ ɔ ɹ
জড়িত	d͡ʒ o ɽ i t̪ oˑ
জড়িত	d͡ʒ o ɾ i t̪ oˑ
জড়িত	d ʑ o ɹ i t̪ oˑ
জড়ো	d͡ʒ ɔ ɽ oˑ
জড়ো	d͡ʒ ɔ ɾ oˑ
জড়ো	d ʑ ɔ ɹ oˑ
জন	d͡ʒ ɔ n
জন	d ʑ ɔː n
জন	d ʑ ɔ n
জনগণ	d͡ʒ ɔ n o ɡ o n
জনগণ	d ʑ ɔ n o ɡ o n
জনতা	d͡ʒ ɔ n o t̪ aˑ
জনতা	d ʑ ɔ n o t̪ aˑ
জনপ্রিয়	d͡ʒ ɔ n o p ɾ i̯ oˑ
জনপ্রিয়	d ʑ ɔ n o p ɹ i̯ oˑ
জনম	d͡ʒ ɔ n o m
জনম	d ʑ ɔ n o m
জনম	d̪ z ɔ n ɔ m
জনম	z ɔ n ɔ m
জনম	z ɔ n ɔ m
জনসংখ্যা	d͡ʒ ɔ n o ʃ ɔ ŋ kʰ aˑ
জনসংখ্যা	d ʑ ɔ n o ʃ ɔ ŋ kʰ aˑ
জনসন	d͡ʒ ɔ n s ɔ n
জনসন	d ʑ ɔ n s ɔ n
জন্তু	d͡ʒ ɔ n t̪ uˑ
জন্তু	d ʑ ɔ n t̪ uˑ
জন্ম	d͡ʒ ɔ n m oˑ
জন্ম	d͡ʒ ɔ n o m
জন্ম	d ʑ ɔ n m oˑ
জন্ম	d ʑ ɔ n o m
জন্মদিন	d͡ʒ ɔ n m o d̪ i n
জন্মদিন	d ʑ ɔ n m o d̪ i n
জন্মভূমি	d͡ʒ ɔ n m ɔ bʱ u m iˑ
জন্মভূমি	d͡ʒ ɔ n m ɔ v u m iˑ
জন্মভূমি	d ʑ ɔ n m ɔ bʱ u m iˑ
জন্মভূমি	d ʑ ɔ n m ɔ v u m iˑ
জন্মস্থান	d͡ʒ ɔ n m ɔ s t̪ʰ a n
জন্মস্থান	d ʑ ɔ n m ɔ s t̪ʰ a n
জন্য	d͡ʒ ɔ nː oˑ
জন্য	d ʑ ɔ nː oˑ
জন্যে	d͡ʒ ɔ nː eˑ
জন্যে	d ʑ ɔ nː eˑ
জপ	d͡ʒ ɔ p
জপ	d ʑ ɔː p
জপ	d ʑ ɔ p
জপা	d͡ʒ ɔ p aˑ
জপা	d ʑ ɔ p aˑ
জবা	d͡ʒ ɔ b aˑ
জবাই	d͡ʒ ɔ b a i̯
জবাই	d ʑ ɔ b a i̯
জবাই	d̪ z ɔ b a i̯
জবাই	z ɔ b a i̯
জবান	d͡ʒ ɔ b a n
জবান	z ɔ b a n
জবান	d ʑ ɔ b a n
জবান	z ɔ b a n
জবাব	d͡ʒ ɔ b a b
জবাব	d ʑ ɔ b a b
জব্দ	d͡ʒ ɔ b d̪ oˑ
জব্দ	d ʑ ɔ b d̪ oˑ
জমানা	d͡ʒ ɔ m a n aˑ
জমানা	z ɔ m a n aˑ
জমানা	d ʑ ɔ m a n aˑ
জমানা	z ɔ m a n aˑ
জমি	d͡ʒ o m iˑ
জমি	d ʑ o m iˑ
জমিদার	d͡ʒ o m i d̪ a ɾ
জমিদার	d ʑ o m i d̪ a ɹ
জমিন	d͡ʒ o m i n
জমিন	z o m i n
জমিন	d ʑ o m i n
জমিন	z o m i n
জমিনদার	d͡ʒ o m i n d̪ a ɾ
জমিনদার	d ʑ o m i n d̪ a ɹ
জমিন্দার	d͡ʒ o m i n d̪ a ɾ
জমিন্দার	d ʑ o m i n d̪ a ɹ
জমিন্দার	d̪ z o m i n d̪ a ɾ
জমিন্দার	z o m i n d̪ a ɹ
জমিন্দার	z o m i n d̪ a ɾ
জম্বি	d͡ʒ ɔ m b iˑ
জম্বি	d ʑ ɔ m b iˑ
জয়ত্রী	d͡ʒ ɔ e̯ o t̪ː ɾ iˑ
জয়ত্রী	d ʑ ɔ e̯ o t̪ː ɹ iˑ
জয়ন্ত	d͡ʒ ɔ e̯ o n t̪ oˑ
জয়ন্ত	d ʑ ɔ e̯ o n t̪ oˑ
জয়পুর	d͡ʒ ɔ e̯ o p u ɾ
জয়পুর	d ʑ ɔ e̯ o p u ɹ
জরায়ুজ	d͡ʒ ɔ ɾ a i̯ u d͡ʒ
জরায়ুজ	d ʑ ɔ ɾ a i̯ u d ʑ
জরুরত	d͡ʒ o ɾ u ɾ ɔ t̪
জরুরত	z o ɾ u ɾ ɔ t̪
জরুরত	d ʑ o ɹ u ɹ ɔ t̪
জরুরত	z o ɹ u ɹ ɔ t̪
জরুরি	d͡ʒ o ɾ u ɾ iˑ
জরুরি	d ʑ o ɹ u ɹ iˑ
জরুরী	d͡ʒ o ɾ u ɾ iˑ
জরুরী	d ʑ o ɹ u ɹ iˑ
জর্মন	d̪͡ʒ ɔ ɾ m ɔ n
জর্মন	d̪͡ʒ ɔ ɾ m ɔ n
জর্মন	d̪͡ʒ ɔ ɾ m ɔ n
জর্মন	d̪͡ʒ ɔ ɾ m ɔ n
জল	d͡ʒ ɔ l
জল	d ʑ ɔː l
জল	d ʑ ɔ l
জলদ	d͡ʒ ɔ l o d̪
জলদ	d ʑ ɔ l o d̪
জলদি	d͡ʒ o l̪ d̪ iˑ
জলদি	d ʑ o l̪ d̪ iˑ
জলপাই	d͡ʒ ɔ l p a i̯
জলপাই	d ʑ ɔ l p a i̯
জলসা	d͡ʒ ɔ l ʃ aˑ
জলসা	d ʑ ɔ l ʃ aˑ
জলহস্তী	d͡ʒ ɔ l o h o s t̪ iˑ
জলহস্তী	d ʑ ɔ l o h o s t̪ iˑ
জলাশয়	d͡ʒ ɔ l a ʃ ɔ e̯
জলাশয়	d ʑ ɔ l a ʃ ɔ e̯
জল্লাদ	d͡ʒ ɔ lː a d̪
জল্লাদ	d ʑ ɔ lː a d̪
জশন	d͡ʒ ɔ ʃ o n
জশন	d͡ʒ ɔ ʃ n oˑ
জশন	d ʑ ɔ ʃ o n
জশন	d ʑ ɔ ʃ n oˑ
জশ্ন	d͡ʒ ɔ ʃ n oˑ
জশ্ন	d ʑ ɔ ʃ n oˑ
জষ্টি	d͡ʒ o ʂ ʈ iˑ
জষ্টি	d ʑ o ʃ t iˑ
জষ্টি	d ʑ o s t iˑ
জহর	d͡ʒ ɔ h o ɾ
জহর	d͡ʒ ɔ o̯ h o ɾ
জহর	d ʑ ɔ h o ɹ
জহর	d ʑ ɔ o̯ h o ɹ
জ়ু	z uː
জ়ু	z uˑ
জ়ু	z uː
জ়ু	z uˑ
জা	d͡ʒ aˑ
জা	d ʑ aː
জা	d ʑ aˑ
জাকাত	d͡ʒ a k a t̪
জাকাত	d ʑ a k a t̪
জাকারিয়া	d͡ʒ a k a ɾ i̯ aˑ
জাকারিয়া	z a k a ɾ i̯ aˑ
জাকারিয়া	d ʑ a k a ɹ i̯ aˑ
জাকারিয়া	z a k a ɹ i̯ aˑ
জাঙ্গিয়া	d͡ʒ a ŋ i̯ aˑ
জাঙ্গিয়া	d ʑ a ŋ i̯ aˑ
জাত	d͡ʒ a t̪
জাত	d ʑ a t̪
জাতি	d͡ʒ a t̪ iˑ
জাতি	d ʑ a t̪ iˑ
জাতিভ্রংশ	d͡ʒ a t̪ i bʱ ɾ ɔ ŋ ʃ oˑ
জাতিভ্রংশ	d͡ʒ a t̪ i v ɾ ɔ ŋ ʃ oˑ
জাতিভ্রংশ	d ʑ a t̪ i bʱ ɹ ɔ ŋ ʃ oˑ
জাতিভ্রংশ	d ʑ a t̪ i v ɹ ɔ ŋ ʃ oˑ
জাতিসংঘ	d͡ʒ a t̪ i ʃ ɔ n ɡʱ oˑ
জাতিসংঘ	d ʑ a t̪ i ʃ ɔ n ɡʱ oˑ
জাতীয়	d͡ʒ a t̪ i̯ oˑ
জাতীয়	d ʑ a t̪ i̯ oˑ
জাতীয়তা	d͡ʒ a t̪ i̯ o t̪ aˑ
জাতীয়তা	d ʑ a t̪ i̯ o t̪ aˑ
জাতীয়তাবাদ	d͡ʒ a t̪ i̯ o t̪ a b a d̪
জাতীয়তাবাদ	d ʑ a t̪ i̯ o t̪ a b a d̪
জাদু	d͡ʒ a d̪ uˑ
জাদু	d ʑ a d̪ uˑ
জাদুকর	d͡ʒ a d̪ u k ɔ ɾ
জাদুকর	d͡ʒ a d̪ u ɡ ɔ ɾ
জাদুকর	d ʑ a d̪ u k ɔ ɹ
জাদুকর	d ʑ a d̪ u ɡ ɔ ɹ
জাদুঘর	d͡ʒ a d̪ u ɡʱ ɔ ɾ
জাদুঘর	d ʑ a d̪ u ɡʱ ɔ ɹ
জানবাজ	d͡ʒ a n b a d͡ʒ
জানবাজ	d ʑ a n b a d ʑ
জানলা	d͡ʒ a n l aˑ
জানলা	d ʑ a n l aˑ
জানা	d͡ʒ a n aˑ
জানা	d ʑ a n aˑ
জানানো	d͡ʒ a n a n oˑ
জানানো	d ʑ a n a n oˑ
জানালা	d͡ʒ a n a l aˑ
জানালা	d ʑ a n a l aˑ
জানুয়ারি	d͡ʒ a n u̯ a ɾ iˑ
জানুয়ারি	d ʑ a n u̯ a ɹ iˑ
জানোয়ার	d͡ʒ a n o̯ a ɾ
জানোয়ার	d ʑ a n o̯ a ɹ
জান্নাত	d͡ʒ a nː a t̪
জান্নাত	d ʑ a nː a t̪
জাপান	d͡ʒ a p a n
জাপান	d ʑ a p a n
জাফর	d͡ʒ a pʰ o ɾ
জাফর	d ʑ a pʰ o ɹ
জাফর	d ʑ a f o ɹ
জাফর	z a ɸ o ɾ
জাফর	z a ɸ o ɹ
জাফর	d͡ʒ a f o ɾ
জাফর	z a f o ɾ
জাফর	d ʑ a f o ɹ
জাফর	z a f o ɹ
জাফরান	d͡ʒ a f ɾ a n
জাফরান	z a f ɾ a n
জাফরান	d ʑ a f ɹ a n
জাফরান	z a f ɹ a n
জাবর	d͡ʒ a b ɔ ɾ
জাবর	d ʑ a b ɔ ɹ
জাভেদ	d͡ʒ a bʱ e d̪
জাভেদ	d͡ʒ a v e d̪
জাভেদ	d ʑ a bʱ e d̪
জাভেদ	d ʑ a v e d̪
জামদানী	d͡ʒ a m d̪ a n iˑ
জামদানী	d ʑ a m d̪ a n iˑ
জামদানী	d̪ z a m d̪ a n iˑ
জামদানী	z a m d̪ a n iˑ
জামা	d͡ʒ a m aˑ
জামা	d ʑ a m aˑ
জামাই	d͡ʒ a m a i̯
জামাই	d ʑ a m a i̯
জামাইকা	d͡ʒ a m a i̯ k aˑ
জামাইকা	d ʑ a m a i̯ k aˑ
জামাতা	d͡ʒ a m a t̪ aˑ
জামাতা	d ʑ a m a t̪ aˑ
জামাল	d͡ʒ a m a l
জামাল	d ʑ a m a l
জামিন	d͡ʒ a m i n
জামিন	d ʑ a m i n
জামিন	d̪ z a m i n
জামিন	z a m i n
জামিন	z a m i n
জামিনদার	d͡ʒ a m i n d̪ a ɾ
জামিনদার	d ʑ a m i n d̪ a ɹ
জামিনদার	d̪ z a m i n d̪ a ɾ
জামিনদার	z a m i n d̪ a ɹ
জামিনদার	z a m i n d̪ a ɾ
জামিন্দার	d͡ʒ a m i n d̪ a ɾ
জামিন্দার	d ʑ a m i n d̪ a ɹ
জামিন্দার	d̪ z a m i n d̪ a ɾ
জামিন্দার	z a m i n d̪ a ɹ
জামিন্দার	z a m i n d̪ a ɾ
জামেয়া	d͡ʒ a m e aˑ
জামেয়া	d ʑ a m e aˑ
জাম্বিয়া	d͡ʒ a m b i̯ aˑ
জাম্বিয়া	z a m b i̯ aˑ
জাম্বিয়া	d ʑ a m b i̯ aˑ
জাম্বিয়া	z a m b i̯ aˑ
জায়গা	d͡ʒ a e̯ ɡ aˑ
জায়গা	d ʑ a e̯ ɡ aˑ
জায়ন	z a e̯ ɔ n
জায়ন	z a e̯ ɔ n
জায়নবাদ	z a e̯ ɔ n b a d̪
জায়নবাদ	z a e̯ ɔ n b a d̪
জায়নবাদী	z a e̯ ɔ n b a d̪ iˑ
জায়নবাদী	z a e̯ ɔ n b a d̪ iˑ
জায়নামাজ	d͡ʒ a e̯ n a m a d͡ʒ
জায়নামাজ	d ʑ a e̯ n a m a d ʑ
জায়ফল	d͡ʒ a e̯ ɔ f ɔ l
জায়ফল	d ʑ a e̯ ɔ f ɔ l
জারজ	d͡ʒ a ɾ ɔ d͡ʒ
জারজ	d ʑ a ɹ ɔ d ʑ
জারি	d͡ʒ a ɾ iˑ
জারি	d ʑ a ɹ iˑ
জাল	d͡ʒ a l
জাল	d ʑ aː l
জাল	d ʑ a l
জালাল	d͡ʒ a l a l
জালাল	d ʑ a l a l
জালেম	d͡ʒ a l e m
জালেম	z a l e m
জালেম	d ʑ a l e m
জালেম	z a l e m
জাহাঁপনা	d͡ʒ a h ã p ɔ n aˑ
জাহাঁপনা	d ʑ a h a p ɔ n aˑ
জাহাঙ্গীর	d͡ʒ a h a ŋ ɡ i ɾ
জাহাঙ্গীর	d ʑ a h a ŋ ɡ i ɹ
জাহাঙ্গীর	d̪ z a h a ŋ ɡ i ɾ
জাহাঙ্গীর	z a h a ŋ ɡ i ɹ
জাহাজ	d͡ʒ a h a d͡ʒ
জাহাজ	d ʑ a h a d ʑ
জাহাজ	d̪ z a h a z
জাহাজ	z a h a z
জাহান	d͡ʒ a h a n
জাহান	d ʑ a h a n
জাহান্নাম	d͡ʒ a h a nː a m
জাহান্নাম	d ʑ a h a nː a m
জিঁদা	d͡ʒ ĩ d̪ aˑ
জিঁদা	d͡ʒ ĩː d̪ aˑ
জিঁদা	d ʑ i d̪ aˑ
জিঁদা	d ʑ iː d̪ aˑ
জিগানো	d ʑ i ɡ a n oˑ
জিগানো	z i ɡ a n ɔˑ
জিগানো	z i ɡ a n ɔˑ
জিজ্ঞাসক	d͡ʒ i ɡː ã s ɔ k
জিজ্ঞাসক	d ʑ i ɡː a s ɔ k
জিজ্ঞাসনীয়	d͡ʒ i ɡː ã s o n i̯ oˑ
জিজ্ঞাসনীয়	d ʑ i ɡː a s o n i̯ oˑ
জিজ্ঞাসা	d͡ʒ i ɡː a ʃ aˑ
জিজ্ঞাসা	d ʑ i ɡː a ʃ aˑ
জিজ্ঞাসাবাদ	d͡ʒ i ɡː ã s a b a d̪
জিজ্ঞাসাবাদ	d ʑ i ɡː a s a b a d̪
জিজ্ঞেস	d͡ʒ i ɡː e ʃ
জিজ্ঞেস	d ʑ i ɡː e ʃ
জিত	d͡ʒ iː t̪
জিত	d͡ʒ i t̪
জিত	d ʑ iː t̪
জিত	d ʑ i t̪
জিন	d͡ʒ i n
জিন	d ʑ iː n
জিন	d ʑ i n
জিনিষ	d͡ʒ i n i ʃ
জিনিষ	d ʑ i n i ʃ
জিনিস	d͡ʒ i n i ʃ
জিনিস	d ʑ i n i ʃ
জিন্দা	d͡ʒ i n d̪ aˑ
জিন্দা	z i n d̪ aˑ
জিন্দা	d ʑ i n d̪ aˑ
জিন্দা	z i n d̪ aˑ
জিন্দেগি	d͡ʒ i n d̪ e ɡ iˑ
জিন্দেগি	z i n d̪ e ɡ iˑ
জিন্দেগি	d ʑ i n d̪ e ɡ iˑ
জিন্দেগি	z i n d̪ e ɡ iˑ
জিব	d͡ʒ i b oˑ
জিব	d ʑ i b oˑ
জিভ	d͡ʒ iː b
জিভ	d͡ʒ i b
জিভ	d͡ʒ ɪ b
জিয়া	d͡ʒ i̯ aˑ
জিয়া	d ʑ i̯ aˑ
জিয়ানো	d͡ʒ i̯ o n oˑ
জিয়ানো	d͡ʒ i̯ ɔ n oˑ
জিয়ানো	d ʑ i̯ o n oˑ
জিয়ানো	d ʑ i̯ ɔ n oˑ
জিয়াফত	d͡ʒ i̯ a f ɔ t̪
জিয়াফত	d ʑ i̯ a f ɔ t̪
জিয়ারত	d͡ʒ i̯ a ɾ ɔ t̪
জিয়ারত	d ʑ i̯ a ɹ ɔ t̪
জিরা	d͡ʒ i ɾ aˑ
জিরা	d ʑ i ɹ aˑ
জিরে	d͡ʒ i ɾ eˑ
জিরে	d ʑ i ɹ eˑ
জিলাপি	d͡ʒ i l a p iˑ
জিলাপি	d ʑ i l a p iˑ
জিৎ	d͡ʒ iː t̪
জিৎ	d͡ʒ i t̪
জিৎ	d ʑ iː t̪
জিৎ	d ʑ i t̪
জিৎ	d̪ z iː t̪
জিৎ	z iː t̪
জিৎ	d̪ z i t̪
জিৎ	z i t̪
জীন	d͡ʒ i n
জীন	d ʑ iː n
জীন	d ʑ i n
জীবন	d͡ʒ i b o n
জীবন	d ʑ i b o n
জীবন	d̪ z i b o n
জীবন	z i b o n
জীবন	z i b o n
জীবনসঙ্গী	d͡ʒ i b n ɔ ʃ ɔ ŋ ɡ iˑ
জীবনসঙ্গী	d ʑ i b n ɔ ʃ ɔ ŋ ɡ iˑ
জীবন্ত	d͡ʒ i b ɔ n t̪ oˑ
জীবন্ত	d ʑ i b ɔ n t̪ oˑ
জীবাশ্ম	d͡ʒ i b a ʃː õˑ
জীবাশ্ম	d ʑ i b a ʃː õˑ
জীবাশ্ম	d ʑ i b a ʃː oˑ
জীবিত	d͡ʒ i b i t̪ oˑ
জীবিত	d ʑ i b i t̪ oˑ
জুঝা	d͡ʒ u d͡ʒʱ aˑ
জুঝা	d ʑ u d ʑʱ aˑ
জুঝানো	d͡ʒ u d͡ʒʱ a n oˑ
জুঝানো	d ʑ u d ʑʱ a n oˑ
জুতা	d͡ʒ u t̪ aˑ
জুতা	d ʑ u t̪ aˑ
জুতো	d͡ʒ u t̪ oˑ
জুতো	d ʑ u t̪ oˑ
জুন	d͡ʒ u n
জুন	d ʑ uː n
জুন	d ʑ u n
জুনায়েদ	d͡ʒ u n a e̯ d̪
জুনায়েদ	d ʑ u n a e̯ d̪
জুম্মা	d͡ʒ u mː aˑ
জুম্মা	d ʑ u mː aˑ
জুম্মাবার	d͡ʒ u mː a b a ɾ
জুম্মাবার	d ʑ u mː a b a ɹ
জুম্মারাত	d͡ʒ u mː a ɾ a t̪
জুম্মারাত	d ʑ u mː a ɹ a t̪
জুয়া	d͡ʒ u̯ aˑ
জুয়া	d ʑ u̯ aˑ
জুলফি	d͡ʒ u l f iˑ
জুলফি	z u l f iˑ
জুলফি	d ʑ u l f iˑ
জুলফি	z u l f iˑ
জুলাই	d͡ʒ u l a i̯
জুলাই	d ʑ u l a i̯
জুলুম	d͡ʒ u l u m
জুলুম	z u l u m
জুলুম	d͡ʒ u l m
জুলুম	z u l m
জুলুম	d ʑ u l u m
জুলুম	z u l u m
জুলুম	d ʑ u l m
জুলুম	z u l m
জেঁদা	d͡ʒ ẽ d̪ aˑ
জেঁদা	d͡ʒ ẽː d̪ aˑ
জেঁদা	d ʑ e d̪ aˑ
জেঁদা	d ʑ eː d̪ aˑ
জেট	d͡ʒ e ʈ
জেট	d ʑ eː t
জেট	d ʑ e t
জেড	d͡ʒ e ɖ
জেড	d ʑ eː d
জেড	d ʑ e d
জেতা	d͡ʒ e t̪ a
জেন্দা	d͡ʒ e n d̪ aˑ
জেন্দা	d ʑ e n d̪ aˑ
জেব্রা	d͡ʒ e b ɾ aˑ
জেব্রা	z e b ɾ aˑ
জেব্রা	d ʑ e b ɹ aˑ
জেব্রা	z e b ɹ aˑ
জেয়াদা	d͡ʒ e a d̪ aˑ
জেয়াদা	d ʑ e a d̪ aˑ
জেরা	d͡ʒ e ɾ aˑ
জেরা	d ʑ e ɹ aˑ
জেরাত	z e ɾ a t̪
জেরাত	z e ɹ a t̪
জেরুসালেম	d͡ʒ e ɾ u ʃ a l e m
জেরুসালেম	d͡ʒ e ɾ u s a l e m
জেরুসালেম	d ʑ e ɹ u ʃ a l e m
জেরুসালেম	d ʑ e ɹ u s a l e m
জেলা	d͡ʒ e l aˑ
জেলা	d ʑ e l aˑ
জেলেনস্কি	d͡ʒ e l e n s k iˑ
জেলেনস্কি	d ʑ e l e n s k iˑ
জেসম	d͡ʒ e s ɔ m
জেসম	d͡ʒ i s ɔ m
জেসম	d ʑ e s ɔ m
জেসম	d ʑ i s ɔ m
জেসমিন	d͡ʒ e s m i n
জেসমিন	d͡ʒ æ s m i n
জেসমিন	d ʑ e s m i n
জেসমিন	d ʑ æ s m i n
জৈঠ	d͡ʒ o i̯ ʈ
জৈঠ	d ʑ o i̯ tʰ
জৈত্রী	d͡ʒ o i̯ t̪ː ɾ iˑ
জৈত্রী	d ʑ o i̯ t̪ː ɹ iˑ
জৈন	d͡ʒ o i̯ n
জৈন	d ʑ o i̯ n
জৈষ্ঠ্য	d͡ʒ o i̯ ʂ ʈʰ oˑ
জৈষ্ঠ্য	d ʑ o i̯ ʃ tʰ oˑ
জৈষ্ঠ্য	d ʑ o i̯ s tʰ oˑ
জোঁক	d͡ʒ õ k
জোঁক	d ʑ õ k
জোঁক	d ʑ o k
জোচ্চর	d͡ʒ o t͡ʃː o ɾ
জোচ্চর	d ʑ o t ɕː o ɹ
জোছনা	d͡ʒ o t͡ʃʰ n aˑ
জোছনা	d͡ʒ o s n aˑ
জোছনা	d ʑ o t ɕʰ n aˑ
জোছনা	d ʑ o s n aˑ
জোনাকি	d͡ʒ o n a k iˑ
জোনাকি	d ʑ o n a k iˑ
জোয়ান	d͡ʒ o̯ a n
জোয়ান	d͡ʒ u̯ a n
জোয়ান	d ʑ o̯ a n
জোয়ান	d ʑ u̯ a n
জোয়ার	d͡ʒ o̯ a ɾ
জোয়ার	d ʑ o̯ a ɹ
জোয়ার	d͡ʒ o̯ a ɾ
জোয়ার	d ʑ o̯ a ɹ
জোয়াল	d͡ʒ o̯ a l
জোয়াল	d ʑ o̯ a l
জোর	d͡ʒ o ɾ
জোর	d ʑ o ɹ
জোর	d̪ z o ɾ
জোর	z o ɹ
জোরাজুরি	d͡ʒ o ɾ a d͡ʒ u ɾ iˑ
জোরাজুরি	d ʑ o ɹ a d ʑ u ɹ iˑ
জোরালো	d͡ʒ o ɾ a l oˑ
জোরালো	d ʑ o ɹ a l oˑ
জোরে	d͡ʒ o ɾ eˑ
জোরে	d ʑ o ɹ eˑ
জোরে	d̪ z o ɾ ɛˑ
জোরে	z o ɹ ɛˑ
জ্ঞান	ɡ æ̃ n
জ্ঞান	ɡ æ n
জ্ঞান	ɡ i̯ æ̃ n
জ্ঞান	ɡ i̯ æ n
জ্ঞান	ɡ æ̃ n
জ্ঞান	ɡ æ n
জ্ঞান	ɡ i̯ æ̃ n
জ্ঞান	ɡ i̯ æ n
জ্ঞানতত্ত্ব	ɡ æ n ɔ t̪ o t̪ː oˑ
জ্ঞানতত্ত্ব	ɡ ɛ n ɔ t̪ o t̪ː oˑ
জ্ঞানান্বেষণ	ɡ æ n a nː e ʃ ɔ n
জ্ঞানান্বেষণ	ɡ æ n a nː e ʃ ɔ n
জ্বর	d͡ʒ ɔ ɾ
জ্বর	d ʑ ɔ ɹ
জ্বলন	d͡ʒ ɔ l o n
জ্বলন	d ʑ ɔ l o n
জ্বলন্ত	d͡ʒ ɔ l o n t̪ oˑ
জ্বলন্ত	d ʑ ɔ l o n t̪ oˑ
জ্বাল	d͡ʒ a l
জ্বাল	d ʑ aː l
জ্বাল	d ʑ a l
জ্বালাতন	d͡ʒ a l a t̪ o n
জ্বালাতন	d ʑ a l a t̪ o n
জ্বালানি	d͡ʒ a l a n iˑ
জ্বালানি	d ʑ a l a n iˑ
জ্বালানো	d͡ʒ a l a n oˑ
জ্বালানো	d ʑ a l a n oˑ
জ্বিন	d͡ʒ i n
জ্বিন	d ʑ iː n
জ্বিন	d ʑ i n
জ্বীন	d͡ʒ i n
জ্বীন	d ʑ iː n
জ্বীন	d ʑ i n
জ্যাদা	d̪͡z ɛ d̪ aˑ
জ্যাদা	z ɛ d̪ aˑ
জ্যাম	d͡ʒ æ m
জ্যাম	d͡ʒ a m
জ্যাম	d ʑ æː m
জ্যাম	d ʑ æ m
জ্যাম	d ʑ aː m
জ্যাম	d ʑ a m
জ্যামিতি	d͡ʒ æ m i t̪ iˑ
জ্যামিতি	d͡ʒ a m i t̪ iˑ
জ্যামিতি	d͡ʒ e m i t̪ iˑ
জ্যামিতি	d ʑ ɛ m i t̪ iˑ
জ্যামিতি	d ʑ a m i t̪ iˑ
জ্যামিতি	d ʑ e m i t̪ iˑ
জ্যেষ্ঠ	d͡ʒ e ʂ ʈʰ oˑ
জ্যেষ্ঠ	d ʑ e ʃ tʰ oˑ
জ্যেষ্ঠ	d ʑ e s tʰ oˑ
জ্যেষ্ঠা	d͡ʒ e ʂ ʈʰ aˑ
জ্যেষ্ঠা	d ʑ e ʃ tʰ aˑ
জ্যেষ্ঠা	d ʑ e s tʰ aˑ
জ্যৈষ্ঠ	d͡ʒ o i̯ ʂ ʈʰ oˑ
জ্যৈষ্ঠ	d ʑ o i̯ ʃ tʰ oˑ
জ্যৈষ্ঠ	d ʑ o i̯ s tʰ oˑ
জ্যোতি	d͡ʒ o t̪ iˑ
জ্যোতি	d ʑ o t̪ iˑ
জ্যোতিষী	d͡ʒ o t̪ i ʃ iˑ
জ্যোতিষী	d ʑ o t̪ i ʃ iˑ
জ্যোৎস্না	d͡ʒ o t̪ s̪ n aˑ
জ্যোৎস্না	d͡ʒ o sː n aˑ
জ্যোৎস্না	d ʑ o t̪ s̪ n aˑ
জ্যোৎস্না	d ʑ o sː n aˑ
ঝগড়া	d͡ʒʱ ɔ ɡ ɽ aˑ
ঝগড়া	d͡ʒʱ ɔ ɡ ɾ aˑ
ঝগড়া	d ʑʱ ɔ ɡ ɹ aˑ
ঝটকা	d͡ʒʱ ɔ ʈ k aˑ
ঝটকা	d ʑʱ ɔ t k aˑ
ঝড়	d͡ʒʱ ɔ ɽ
ঝড়	d͡ʒʱ ɔ ɾ
ঝড়	d ʑʱ ɔ ɹ
ঝড়ি	zʱ ɔ ɾ iˑ
ঝড়ি	z ɔ́ ɾ iˑ
ঝড়ি	zʱ ɔ ɾ iˑ
ঝনঝন	d͡ʒʱ ɔ n d͡ʒʱ ɔ n
ঝনঝন	d ʑʱ ɔ n d ʑʱ ɔ n
ঝরনা	d͡ʒʱ ɔ ɾ n aˑ
ঝরনা	d ʑʱ ɔ ɾ n aˑ
ঝরা	d͡ʒʱ ɔ ɾ aˑ
ঝরা	d ʑʱ ɔ ɹ aˑ
ঝাঁকানো	d͡ʒʱ ã k a n oˑ
ঝাঁকানো	d ʑʱ a k a n oˑ
ঝাঁটা	d͡ʒʱ ã ʈ aˑ
ঝাঁটা	d ʑʱ a t aˑ
ঝাক্কাস	d͡ʒʱ a kː a ʃ
ঝাক্কাস	d ʑʱ a kː a ʃ
ঝাড়খণ্ড	d͡ʒʱ a ɽ kʰ ɔ ɳ ɖ
ঝাড়খণ্ড	d͡ʒʱ a ɾ kʰ ɔ ɳ ɖ
ঝাড়খণ্ড	d ʑʱ a ɹ kʰ ɔ n d
ঝাড়ু	d͡ʒʱ a ɽ uˑ
ঝাড়ু	d͡ʒʱ a ɾ uˑ
ঝাড়ু	d ʑʱ a ɹ uˑ
ঝান্ডা	d͡ʒʱ a ɳ ɖ aˑ
ঝান্ডা	d ʑʱ a n d aˑ
ঝাল	d͡ʒʱ a l
ঝাল	d ʑʱ a l
ঝালফ্রেজী	d͡ʒʱ a l f ɾ e d͡ʒ iˑ
ঝালফ্রেজী	d ʑʱ a l f ɹ e d ʑ iˑ
ঝি	d͡ʒʱ iˑ
ঝি	d ʑʱ iː
ঝি	d ʑʱ iˑ
ঝি	zʱ iˑ
ঝি	z íˑ
ঝি	zʱ iː
ঝিঙা	d͡ʒʱ i ŋ ãˑ
ঝিঙা	d ʑʱ i ŋ aˑ
ঝিঙা	zʱ i ŋ aˑ
ঝিঙা	z í ŋ aˑ
ঝিঙা	d̪ z̪ i ŋ ãˑ
ঝিনাইদহ	d͡ʒʱ i n a i̯ d̪ ɔ h oˑ
ঝিনাইদহ	d ʑʱ i n a i̯ d̪ ɔ h oˑ
ঝিনুক	d͡ʒʱ i n u k
ঝিনুক	d ʑʱ i n u k
ঝুট	d͡ʒʱ u ʈ
ঝুট	d ʑʱ u t
ঝুমকা	d͡ʒʱ u m k aˑ
ঝুমকা	d ʑʱ u m k aˑ
ঝুলা	d͡ʒʱ u l aˑ
ঝুলা	d ʑʱ u l aˑ
ঝোপ	d͡ʒʱ o p
ঝোপ	d ʑʱ o p
ঝোল	d͡ʒʱ o l
ঝোল	d ʑʱ o l
ঝোলানো	d͡ʒʱ o l a n o
টক	ʈ ɔː k
টক	ʈ ɔ k
টক	t ɔː k
টক	t ɔ k
টপকানো	ʈ ɔ p k a n oˑ
টপকানো	t ɔ p k a n oˑ
টমটম	ʈ ɔ m ʈ ɔ m
টমটম	t ɔ m t ɔ m
টমেটো	ʈ ɔ m e ʈ oˑ
টমেটো	t ɔ m e t oˑ
টম্যাটো	ʈ ɔ m æ ʈ oˑ
টম্যাটো	t ɔ m ɛ t oˑ
টরন্টো	ʈ ɔ ɾ o ɳ ʈ oˑ
টরন্টো	t ɔ ɹ o n t oˑ
টাং	ʈ̟ äː ŋ
টাং	ʈ a ŋ
টাং	t a ŋ
টাংকি	ʈ a ŋ k iˑ
টাংকি	t a ŋ k iˑ
টাউট	ʈ a u̯ ʈ
টাউট	t a u̯ t
টাক	ʈ̟ aː k
টাকলা	ʈ a k l aˑ
টাকলা	t a k l aˑ
টাকা	ʈ a k aˑ
টাকা	t a k aˑ
টাকাপয়সা	ʈ a k a p ɔ e̯ ʃ aˑ
টাকাপয়সা	t a k a p ɔ e̯ ʃ aˑ
টানা	ʈ̟ a n a
টালি	ʈ a l iˑ
টালি	t a l iˑ
টাশকি	ʈ a ʃ ɔ k iˑ
টাশকি	t a ʃ ɔ k iˑ
টাহা	ʈ̟ ä h äˑ
টিকট	ʈ̟ i k ɔˑ ʈ̟
টিকটিকি	ʈ i k ʈ i k iˑ
টিকটিকি	t i k t i k iˑ
টিকা	ʈ i k aˑ
টিকা	t i k aˑ
টিকিট	ʈ i k i ʈ
টিকিট	ʈ ɪ k ɪ ʈ
টিকিট	t i k i t
টিকিট	t ɪ k ɪ t
টিপাই	ʈ̟ i p a i̯ˑ
টিয়া	ʈ i̯ aˑ
টিয়া	t i̯ aˑ
টীকা	ʈ i k aˑ
টীকা	t i k aˑ
টুকরা	ʈ u k ɽ aˑ
টুকরা	ʈ u k ɾ aˑ
টুকরা	t u k ɹ aˑ
টুটা	ʈ u ʈ aˑ
টুটা	t u t aˑ
টুপি	ʈ u p iˑ
টুপি	t u p iˑ
টেংরা	ʈ æ ŋ ɾ aˑ
টেংরা	t ɛ ŋ ɹ aˑ
টেবিল	ʈ e b i l
টেবিল	t e b i l
টের	ʈ eː ɾ
টের	ʈ e ɾ
টের	t e ɹ
টেলিভিশন	ʈ e l i bʱ i ʃ o n
টেলিভিশন	ʈ e l i v i ʃ o n
টেলিভিশন	t e l i bʱ i ʃ o n
টেলিভিশন	t e l i v i ʃ o n
টোনি	ʈ o n iˑ
টোনি	t o n iˑ
টোপর	ʈ o p ɔ ɾ
টোপর	t o p ɔ ɹ
ট্যাক্স	ʈ æ k s
ট্যাক্স	t æ k s
ট্রাইব্যুনাল	ʈː ɾ a i̯ bː u n a l
ট্রাইব্যুনাল	tː ɹ a i̯ bː u n a l
ট্রানজিস্টার	ʈː ɾ a n d͡ʒ i s ʈ a ɾ
ট্রানজিস্টার	ʈː ɾ a n d͡ʒ i ʂ ʈ a ɾ
ট্রানজিস্টার	ʈː ɾ a n z i s ʈ a ɾ
ট্রানজিস্টার	ʈː ɾ a n z i ʂ ʈ a ɾ
ট্রানজিস্টার	tː ɹ a n d ʑ i s t a ɹ
ট্রানজিস্টার	tː ɹ a n d ʑ i s t a ɹ
ট্রানজিস্টার	tː ɹ a n z i s t a ɹ
ট্রানজিস্টার	tː ɹ a n z i s t a ɹ
ট্রাম্প	ʈː ɾ a m p
ট্রাম্প	tː ɹ a m p
ট্রেন	ʈː ɾ e n
ট্রেন	ʈ eː n
ট্রেন	tː ɹ e n
ট্রেন	t eː n
ঠগ	ʈʰ ɔ ɡ
ঠগ	tʰ ɔ ɡ
ঠনঠন	ʈʰ ɔ ɳ ʈʰ ɔ n
ঠনঠন	tʰ ɔ n tʰ ɔ n
ঠাঁই	ʈʰ ã iˑ
ঠাঁই	tʰ a i̯
ঠাকুর	ʈʰ a k u ɾ
ঠাকুর	tʰ a k u ɹ
ঠাকুরগাঁও	ʈʰ a k u ɾ ɡ ã oˑ
ঠাকুরঘর	ʈʰ a k u ɾ ɡʱ ɔ ɾ
ঠাকুরঘর	tʰ a k u ɹ ɡʱ ɔ ɹ
ঠান্ডা	ʈʰ a ɳ ɖ aˑ
ঠান্ডা	tʰ a n d aˑ
ঠিক	ʈʰ iː k
ঠিক	ʈʰ i k
ঠিক	tʰ iː k
ঠিক	tʰ i k
ঠিকানা	ʈʰ i k a n aˑ
ঠিকানা	tʰ i k a n aˑ
ঠেং	ʈʰ æ ŋ
ঠেং	tʰ æ ŋ
ঠেলা	ʈʰ æ l aˑ
ঠেলা	tʰ ɛ l aˑ
ঠোঁট	ʈ̟ʰ õ ʈ̟
ঠোঁট	ʈ̟ʰ o ʈ̟
ঠ্যাং	ʈʰ æ ŋ
ঠ্যাং	tʰ ɛ ŋ
ডগা	ɖ ɔ ɡ aˑ
ডগা	d ɔ ɡ aˑ
ডঙ্কা	ɖ ɔ ŋ k aˑ
ডঙ্কা	d ɔ ŋ k aˑ
ডজন	ɖ ɔ d͡ʒ ɔ n
ডজন	d ɔ d ʑ ɔ n
ডবল	ɖ ɔ b o l
ডবল	d ɔ b o l
ডমরু	ɖ ɔ m ɾ uˑ
ডমরু	d ɔ m ɹ uˑ
ডলফিন	ɖ ɔ l f i n
ডলফিন	d ɔ l f i n
ডলার	ɖ ɔ l a ɾ
ডলার	d ɔ l a ɹ
ডাঁট	ɖ ãː ʈ
ডাঁট	ɖ ã ʈ
ডাঁট	d aː t
ডাঁট	d a t
ডাঁট	d a t
ডাঁট	d a t
ডাঁট	ɖ ãː ʈ
ডাঁশ	ɖ ãː ʃ
ডাঁশ	ɖ ã ʃ
ডাঁশ	d aː ʃ
ডাঁশ	d a ʃ
ডাইনি	ɖ a i̯ n iˑ
ডাইনি	d a i̯ n iˑ
ডাইনি	d a i̯ n iˑ
ডাইনি	d a i̯ n iˑ
ডাকনাম	ɖ a k n a m
ডাকনাম	d a k n a m
ডাকা	ɖ a k aˑ
ডাকা	d a k aˑ
ডাকানো	ɖ a k a n oˑ
ডাকানো	d a k a n oˑ
ডাক্তার	ɖ a k t̪ a ɾ
ডাক্তার	d a k t̪ a ɹ
ডাগর	ɖ a ɡ ɔ ɾ
ডাগর	d a ɡ ɔ ɹ
ডাঙর	d a ŋ o ɾ
ডাঙর	d a ŋ o ɹ
ডাঙর	ɖ a ŋ o ɾ
ডান	ɖ aː n
ডান	ɖ a n
ডান	d aː n
ডান	d a n
ডানহাতি	ɖ a n h a t̪ iˑ
ডানহাতি	ɖ a nː a t̪ iˑ
ডানহাতি	d a n h a t̪ iˑ
ডানহাতি	d a nː a t̪ iˑ
ডানা	ɖ̟ a n a
ডান্ডা	ɖ a ɳ ɖ aˑ
ডান্ডা	d a n d aˑ
ডান্ডা	ɖ a ɳ ɖ aˑ
ডাব	ɖ aː b
ডাব	ɖ a b
ডাব	d aː b
ডাব	d a b
ডাল	ɖ aː l
ডাল	ɖ a l
ডাল	d aː l
ডাল	d a l
ডিকশনারি	ɖ i k ʃ ɔ n a ɾ iˑ
ডিকশনারি	d i k ʃ ɔ n a ɹ iˑ
ডিভিডি	ɖ i bʱ i ɖ iˑ
ডিভিডি	ɖ i v i ɖ iˑ
ডিভিডি	d i bʱ i d iˑ
ডিভিডি	d i v i d iˑ
ডিম	ɖ iː m
ডিম	ɖ i m
ডিম	d iː m
ডিম	d i m
ডিলডো	ɖ i l ɔ ɖ oˑ
ডিলডো	d i l ɔ d oˑ
ডিল্ডো	ɖ i ɭ ɖ oˑ
ডিল্ডো	d i l̪ d oˑ
ডিসেম্বর	ɖ i s e m b ɔ ɾ
ডিসেম্বর	d i s e m b ɔ ɹ
ডুওডেনাম	ɖ u̯ o ɖ e n a m
ডুওডেনাম	d u̯ o d e n a m
ডুবা	ɖ u b aˑ
ডুবা	d u b aˑ
ডুমুর	ɖ u m u ɾ
ডুমুর	d u m u ɾ
ডুরিয়ান	ɖ̟ u ɾ i äˑ n
ডেক	ɖ eː k
ডেক	ɖ e k
ডেক	d eː k
ডেক	d e k
ডেকচি	ɖ e k t͡ʃ iˑ
ডেকচি	ɖ e ɡ t͡ʃ iˑ
ডেকচি	d e k t ɕ iˑ
ডেকচি	d e ɡ t ɕ iˑ
ডেটাবেজ	ɖ e ʈ a b e d͡ʒ
ডেটাবেজ	d e t a b e d ʑ
ডেবরা	ɖ e b ɾ aˑ
ডেবরা	ɖ æ b ɾ aˑ
ডেবরা	d e b ɹ aˑ
ডেবরা	d ɛ b ɹ aˑ
ডেস্ক	ɖ e s k
ডেস্ক	ɖ e k s
ডেস্ক	d e s k
ডেস্ক	d e k s
ডেস্কটপ	ɖ e s k ʈ ɔ p
ডেস্কটপ	ɖ e s ʈ ɔ p
ডেস্কটপ	ɖ e ʂ ʈ ɔ p
ডেস্কটপ	d e s k t ɔ p
ডেস্কটপ	d e s t ɔ p
ডেস্কটপ	d e s t ɔ p
ডোবা	ɖ o b aˑ
ডোবা	d o b aˑ
ডোবানো	ɖ̟ o b a n o
ডৌল	ɖ o u̯ l
ডৌল	d o u̯ l
ড্রামাবাজ	ɖː ɾ a m a b a d͡ʒ
ড্রামাবাজ	dː ɹ a m a b a d ʑ
ঢাকনা	ɖʱ a k n aˑ
ঢাকনা	dʱ a k n aˑ
ঢাকা	ɖʱ a k aˑ
ঢাকা	dʱ a k aˑ
ঢাল	ɖʱ aː l
ঢাল	ɖʱ a l
ঢাল	dʱ aː l
ঢাল	dʱ a l
ঢালা	ɖ̟ʱ a l a
ঢিট	ɖʱ iː ʈ
ঢিট	ɖʱ i ʈ
ঢিট	dʱ iː t
ঢিট	dʱ i t
ঢিপি	ɖʱ i p iˑ
ঢিপি	dʱ i p iˑ
ঢিপি	ɗ i p iˑ
ঢিপি	d í ɸ iˑ
ঢিপি	ɖʱ i p iˑ
ঢিবি	ɖʱ i b iˑ
ঢিবি	dʱ i b iˑ
ঢিবি	ɗ i b iˑ
ঢিবি	d í b iˑ
ঢিবি	ɖʱ i b iˑ
ঢিমা	ɖʱ i m aˑ
ঢিমা	dʱ i m aˑ
ঢিল	ɖʱ iː l
ঢিল	ɖʱ i l
ঢিল	dʱ iː l
ঢিল	dʱ i l
ঢেঁড়স	ɖʱ æ̃ ɽ o ʃ
ঢেঁড়স	ɖʱ æ̃ ɾ o ʃ
ঢেউ	ɖʱ e uˑ
ঢোকা	ɖʱ o k aˑ
ঢোকা	dʱ o k aˑ
ঢোল	ɖʱ oː l
ঢোল	ɖʱ o l
ঢোল	dʱ oː l
ঢোল	dʱ o l
ণই	n o i̯
ণই	n o i̯
তওবা	t̪ ɔ o̯ b aˑ
তওবা	t̪ ɔ ʊ b aˑ
তওবা	t̪ ɔː b aˑ
তওবা	t̪ ɔ o̯ b aˑ
তওবা	t̪ ɔ ʊ b aˑ
তওবা	t̪ ɔː b aˑ
তক	t̪ ɔː k
তক	t̪ ɔ k
তক	t̪ ɔː k
তক	t̪ ɔ k
তকবীর	t̪ ɔ k b i ɾ
তকবীর	t̪ ɔ k b i ɹ
তক্তা	t̪ ɔ k t̪ aˑ
তক্তা	t̪ ɔ k t̪ aˑ
তখন	t̪ ɔ kʰ ɔ n
তখন	t̪ ɔ kʰ ɔ n
তখনই	t̪ ɔ kʰ o n iˑ
তখনই	t̪ ɔ kʰ o n iˑ
তছু	t̪ ɔ t͡ʃʰ uˑ
তছু	t̪ ɔ t ɕʰ uˑ
তটিনী	t̪ ɔ ʈ i n iˑ
তটিনী	t̪ o ʈ i n iˑ
তটিনী	t̪ ɔ t i n iˑ
তটিনী	t̪ o t i n iˑ
তড়িৎ	t̪ o ɽ i t̪
তড়িৎ	t̪ o ɾ i t̪
তড়িৎ	t̪ o ɹ i t̪
ততদিন	t̪ ɔ t̪ o d̪ i n
ততদিন	t̪ ɔ t̪ o d̪ i n
তত্ত্ব	t̪ ɔ t̪ː oˑ
তত্ত্ব	t̪ ɔ t̪ː oˑ
তথাগত	t̪ ɔ t̪ʰ a ɡ ɔ t̪ oˑ
তথাগত	t̪ ɔ t̪ʰ a ɡ ɔ t̪ oˑ
তথ্য	t̪ ɔ t̪ʰː oˑ
তথ্য	t̪ ɔ t̪ʰː oˑ
তদন্ত	t̪ ɔ d̪ o n t̪ oˑ
তদন্ত	t̪ ɔ d̪ o n t̪ oˑ
তদন্তকারী	t̪ ɔ d̪ o n t̪ ɔ k a ɾ iˑ
তদন্তকারী	t̪ ɔ d̪ o n t̪ ɔ k a ɹ iˑ
তদানীং	t̪ ɔ d̪ a n i ŋ
তদানীং	t̪ ɔ d̪ a n i ŋ
তদ্ভব	t̪ ɔ d̪ bʱ ɔ b oˑ
তদ্ভব	t̪ ɔ d̪ v ɔ b oˑ
তদ্ভব	t̪ ɔ d̪ bʱ ɔ b oˑ
তদ্ভব	t̪ ɔ d̪ v ɔ b oˑ
তনিমা	t̪ o n i m aˑ
তনিমা	t̪ o n i m aˑ
তনুকা	t̪ o n u k aˑ
তনুকা	t̪ o n u k aˑ
তন্ত্র	t̪ ɔ n t̪ː ɾ oˑ
তন্ত্র	t̪ ɔ n t̪ː ɹ oˑ
তন্দুর	t̪ ɔ n d̪ u ɾ
তন্দুর	t̪ ɔ n d̪ u ɹ
তফাত	t̪ ɔ f a t̪
তফাত	t̪ ɔ pʰ a t̪
তফাত	t̪ ɔ f a t̪
তফাত	t̪ ɔ pʰ a t̪
তবলা	t̪ ɔ b l aˑ
তবলা	t̪ ɔ b l aˑ
তবিয়ত	t̪ o b i̯ ɔ t̪
তবিয়ত	t̪ o b i̯ ɔ t̪
তবু	t̪ o b uˑ
তবু	t̪ o b uˑ
তবুও	t̪ o b u̯ oˑ
তবুও	t̪ o b u̯ oˑ
তবে	t̪ ɔ b eˑ
তবে	t̪ ɔ b eˑ
তব্দা	t̪ ɔ b d̪ aˑ
তব্দা	t̪ ɔ b d̪ aˑ
তয়	t̪ ɔ e̯
তয়	t̪ ɔ e̯
তরঙ্গ	t̪ ɔ ɾ o ŋ ɡ oˑ
তরঙ্গ	t̪ ɔ ɹ o ŋ ɡ oˑ
তরণী	t̪ ɔ ɾ o n iˑ
তরণী	t̪ ɔ ɹ o n iˑ
তরফ	t̪ ɔ ɾ o f
তরফ	t̪ ɔ ɹ o f
তরফদার	t̪ ɔ ɾ o f d̪ a ɾ
তরফদার	t̪ ɔ ɹ o f d̪ a ɹ
তরবারি	t̪ ɔ ɾ b a ɾ iˑ
তরবারি	t̪ ɔ ɹ b a ɹ iˑ
তরমুজ	t̪ o ɾ m u d͡ʒ
তরমুজ	t̪ o ɾ m u z
তরমুজ	t̪ o ɹ m u d ʑ
তরমুজ	t̪ o ɹ m u z
তরাজূ	t̪ ɔ ɾ a d͡ʒ uˑ
তরাজূ	t̪ ɔ ɹ a d ʑ uˑ
তরী	t̪ o ɾ iˑ
তরী	t̪ o ɹ iˑ
তরু	t̪ o ɾ uˑ
তরু	t̪ o ɹ uˑ
তরুণ	t̪ o ɾ u n
তরুণ	t̪ o ɾ u n
তরুণাস্থি	t̪ o ɾ u n a s t̪ʰ iˑ
তরুণাস্থি	t̪ o ɹ u n a s t̪ʰ iˑ
তরোয়াল	t̪ ɔ ɾ o̯ a l
তরোয়াল	t̪ ɔ ɹ o̯ a l
তর্জমা	t̪ ɔ ɾ d͡ʒ ɔ m aˑ
তর্জমা	t̪ ɔ ɾ d͡ʒ o m aˑ
তর্জমা	t̪ ɔ ɹ d ʑ ɔ m aˑ
তর্জমা	t̪ ɔ ɹ d ʑ o m aˑ
তলব	t̪ ɔ l o b
তলব	t̪ ɔ l o b
তলা	t̪ ɔ l aˑ
তলোয়ার	t̪ ɔ l o̯ a ɾ
তলোয়ার	t̪ ɔ l o̯ a ɹ
তশতরী	t̪ ɔ ʃ t̪ o ɾ iˑ
তশতরী	t̪ ɔ s t̪ o ɾ iˑ
তশতরী	t̪ ɔ ʃ t̪ o ɹ iˑ
তশতরী	t̪ ɔ s t̪ o ɹ iˑ
তসবির	t̪ o s b i ɾ
তসবির	t̪ o s b i ɹ
তসবীহ	t̪ o s b iˑ
তসবীহ	t̪ o s b iˑ
তসর	t̪ ɔ ʃ ɔ ɾ
তসর	t̪ ɔ ʃ ɔ ɹ
তসলিম	t̪ o s l i m
তসলিম	t̪ o s l i m
তা	t̪ aː
তা	t̪ aˑ
তা	t̪ aː
তা	t̪ aˑ
তাঁক	t̪ ãː k
তাঁক	t̪ ã k
তাঁক	t̪ aː k
তাঁক	t̪ a k
তাঁত	t̪ ã t̪
তাঁত	t̪ a t̪
তাঁহার	t̪ ã h a ɾ
তাঁহার	t̪ a h a ɹ
তাই	t̪ a i̯
তাই	t̪ a i̯
তাইওয়ান	t̪ a i̯ o̯ a n
তাইওয়ান	t̪ a i̯ o̯ a n
তাওয়া	t̪ a o̯ aˑ
তাওয়া	t̪ a o̯ aˑ
তাকানো	t̪ a k a n o
তাগাদা	t̪ a ɡ a d̪ aˑ
তাগাদা	t̪ a ɡ a d̪ aˑ
তাগিদ	t̪ a ɡ i d̪
তাগিদ	t̪ a ɡ i d̪
তাজ	t̪ a d͡ʒ
তাজ	t̪ a d ʑ
তাজদার	t̪ a z̪̪ d̪ a ɾ
তাজদার	t̪ a d͡ʒ d̪ a ɾ
তাজদার	t̪ a z̪̪ d̪ a ɹ
তাজা	t̪ a d͡ʒ aˑ
তাজা	t̪ a d ʑ aˑ
তাড়াতাড়ি	t̪ a ɽ a t̪ a ɽ iˑ
তাড়াতাড়ি	t̪ a ɾ a t̪ a ɾ iˑ
তাড়াতাড়ি	t̪ a ɹ a t̪ a ɹ iˑ
তাড়ানো	t̪ a ɽ a n oˑ
তাড়ানো	t̪ a ɾ a n oˑ
তাড়ানো	t̪ a ɹ a n oˑ
তাণ্ডব	t̪ a ɳ ɖ ɔ b
তাণ্ডব	t̪ a n d ɔ b
তাপ	t̪ aː p
তাপ	t̪ a p
তাপ	t̪ aː p
তাপ	t̪ a p
তাপগতিবিজ্ঞান	t̪ a p ɡ ɔ t̪ i b i ɡː æ̃ n
তাপগতিবিজ্ঞান	t̪ a p ɡ ɔ t̪ i b i ɡː æ̃ n
তাপগতিবিজ্ঞান	t̪ a p ɡ ɔ t̪ i b i ɡː æ̃ n
তাপগতিবিজ্ঞান	t̪ a ɸ ɡ ɔ t̪ i b i ɡː æ̃ n
তাপগতিবিজ্ঞান	t̪ a p ɡ ɔ t̪ i b i ɡː æ̃ n
তাপপ্রবাহ	t̪ a p ɔ p ɾ o b a h oˑ
তাপপ্রবাহ	t̪ a p ɔ p ɹ o b a h oˑ
তাপমাত্রা	t̪ a p m a t̪ː ɾ aˑ
তাপমাত্রা	t̪ a p m a t̪ː ɹ aˑ
তাবাসসুম	t̪ a b a sː u m
তাবাসসুম	t̪ a b a sː u m
তাবিজ	t̪ a b i d͡ʒ
তাবিজ	t̪ a b i z
তাবিজ	t̪ a b i d ʑ
তাবিজ	t̪ a b i z
তামড়ি	t̪ a m ɽ iˑ
তামড়ি	t̪ a m ɾ iˑ
তামড়ি	t̪ a m ɹ iˑ
তামলি	t̪ a m o l iˑ
তামলি	t̪ a m o l iˑ
তামা	t̪ a m aˑ
তামা	t̪ a m aˑ
তামাক	t̪ a m a k
তামাক	t̪ a m a k
তামাশা	t̪ a m a ʃ aˑ
তামাশা	t̪ a m a ʃ aˑ
তামিলনাড়ু	t̪ a m i l n a ɽ uˑ
তামিলনাড়ু	t̪ a m i l n a ɾ uˑ
তামিলনাড়ু	t̪ a m i l n a ɹ uˑ
তাম্র	t̪ a m ɾ oˑ
তাম্র	t̪ a m ɹ oˑ
তারা	t̪ a ɾ aˑ
তারা	t̪ a ɹ aˑ
তারাহীন	t̪ a ɾ a h i n
তারাহীন	t̪ a ɹ a h i n
তারিপ	t̪ ä ɾ iˑ p
তারিফ	t̪ a ɾ i f
তারিফ	t̪ a ɾ i f
তাল	t̪ aː l
তাল	t̪ a l
তাল	t̪ aː l
তাল	t̪ a l
তালব্য	t̪ a l ɔ bː oˑ
তালব্য	t̪ a l ɔ bː oˑ
তালা	t̪ ɐ l a
তালিকা	t̪ a l i k aˑ
তালিকা	t̪ a l i k aˑ
তালিব	t̪ a l i b oˑ
তালিব	t̪ a l i b oˑ
তালুকদার	t̪ a l u k d̪ a ɾ
তালুকদার	t̪ a l u k d̪ a ɹ
তাস	t̪ aː ʃ
তাস	t̪ a ʃ
তাস	t̪ aː ʃ
তাস	t̪ a ʃ
তাহা	t̪ a h aˑ
তাহা	t̪ a h aˑ
তাহার	t̪ a h a ɾ
তাহার	t̪ a h a ɹ
তিন	t̪ iː n
তিন	t̪ i n
তিন	t̪ iː n
তিন	t̪ i n
তিনি	t̪ i n iˑ
তিনি	t̪ i n iˑ
তিন্দু	t̪ i n d̪ uˑ
তিন্দু	t̪ i n d̪ uˑ
তিন্দুক	t̪ i n d̪ u k
তিন্দুক	t̪ i n d̪ u k
তিমি	t̪ i m iˑ
তিমির	t̪ i m i ɾ
তিমির	t̪ i m i ɹ
তিরুবনন্তপুরম	t̪ i ɾ u b ɔ n o n t̪ ɔ p u ɾ o m
তিরুবনন্তপুরম	t̪ i ɹ u b ɔ n o n t̪ ɔ p u ɹ o m
তিল	t̪ iː l
তিল	t̪ i l
তিল	t̪ iː l
তিল	t̪ i l
তিলক	t̪ i l ɔ k
তিলক	t̪ i l ɔ k
তিষ্টা	t̪ i ʂ ʈ aˑ
তিষ্ণা	t̪ i ʃ n aˑ
তিষ্ণা	t̪ i ʃ n aˑ
তীব্র	t̪ i b ɾ oˑ
তীব্র	t̪ i b ɹ oˑ
তীব্রতা	t̪ i b ɾ ɔ t̪ aˑ
তীব্রতা	t̪ i b ɹ ɔ t̪ aˑ
তীর	t̪ iː ɾ
তীর	t̪ i ɾ
তীর	t̪ i ɹ
তুঁত	t̪ ũ t̪
তুঁত	t̪ u t̪
তুঁতে	t̪ ũ t̪ eˑ
তুঁতে	t̪ u t̪ eˑ
তুই	t̪ u i̯
তুফান	t̪ u f a n
তুফান	t̪ u pʰ a n
তুফান	t̪ u f a n
তুফান	t̪ u pʰ a n
তুমি	t̪ u m iˑ
তুমি	t̪ u m iˑ
তুমিহীন	t̪ u m i h i n
তুমিহীন	t̪ u m i h i n
তুমিহীনতা	t̪ u m i h i n ɔ t̪ aˑ
তুমিহীনতা	t̪ u m i h i n ɔ t̪ aˑ
তুরস্ক	t̪ u ɾ o ʃ k oˑ
তুরস্ক	t̪ u ɹ o ʃ k oˑ
তুরিত	t̪ u ɾ iˑ t̪
তুরুপ	t̪ u ɾ u p
তুরুপ	t̪ u ɹ u p
তুর্কি	t̪ u ɾ k iˑ
তুর্কি	t̪ u ɹ k iˑ
তুলনা	t̪ u l o n aˑ
তুলনা	t̪ u l o n aˑ
তুলনামূলক	t̪ u l n a m u l ɔ k
তুলনামূলক	t̪ u l n a m u l ɔ k
তুলসী	t̪ u l ʃ iˑ
তুলসী	t̪ u l ʃ iˑ
তুলা	t̪ u l aˑ
তুলা	t̪ u l aˑ
তুলি	t̪ u l iˑ
তুলি	t̪ u l iˑ
তুলো	t̪ u l oˑ
তুলো	t̪ u l oˑ
তুষার	t̪ u ʃ a ɾ
তুষার	t̪ u ʃ a ɹ
তৃণ	t̪ː ɾ i n oˑ
তৃণ	t̪ː ɹ i n oˑ
তৃতীয়	t̪ː ɾ i t̪ i̯ oˑ
তৃতীয়	t̪ː ɹ i t̪ i̯ oˑ
তৃষ্ণা	t̪ː ɾ i ʃ n aˑ
তৃষ্ণা	t̪ i ʃ n aˑ
তৃষ্ণা	t̪ː ɹ i ʃ n aˑ
তৃষ্ণা	t̪ i ʃ n aˑ
তৃষ্ণাহীন	t̪ː ɾ i ʃ n a h i n
তৃষ্ণাহীন	t̪ː ɹ i ʃ n a h i n
তে	t̪ eː
তে	t̪ eˑ
তে	t̪ eː
তে	t̪ eˑ
তেঁতুল	t̪ ẽ t̪ u l
তেঁতুল	t̪ e t̪ u l
তেওড়া	t̪ æ o̯ ɽ aˑ
তেওড়া	t̪ æ o̯ ɾ aˑ
তেওড়া	t̪ æ o̯ ɹ aˑ
তেজ	t̪ e d͡ʒ
তেজ	t̪ e d ʑ
তেজপাতা	t̪ e d͡ʒ p a t̪ aˑ
তেজপাতা	t̪ e d ʑ p a t̪ aˑ
তেড়া	t̪ æ ɽ aˑ
তেড়া	t̪ æ ɾ aˑ
তেড়া	t̪ ɛ ɹ aˑ
তেপায়া	t̪ e p a j aˑ
তেরো	t̪ æ ɹ oˑ
তেরো	t̪ æ ɹ oˑ
তেলবাজ	t̪ e l b a d͡ʒ
তেলবাজ	t̪ e l b a d ʑ
তেলা	t̪ e l aˑ
তেলা	t̪ e l aˑ
তেলাকুচা	t̪ æ l a k u t͡ʃ aˑ
তেলাকুচা	t̪ ɛ l a k u t ɕ aˑ
তেলাচোরা	t̪ e l a t͡ʃ o ɾ aˑ
তেলাচোরা	t̪ e l a t ɕ o ɹ aˑ
তেলাপোকা	t̪ e l a p o k aˑ
তেলাপোকা	t̪ e l a p o k aˑ
তেলেঙ্গানা	t̪ e l e ŋ ɡ a n aˑ
তেলেঙ্গানা	t̪ e l e ŋ ɡ a n aˑ
তৈরি	t̪ o i̯ ɾ iˑ
তৈরি	t̪ o i̯ ɹ iˑ
তৈল	t̪ o i̯ l
তৈল	t̪ o i̯ l
তো	t̪ oː
তো	t̪ oˑ
তো	t̪ oː
তো	t̪ oˑ
তোকমা	t̪ o k m aˑ
তোকমা	t̪ o k m aˑ
তোমাদের	t̪ o m a d̪ e ɾ
তোমাদের	t̪ o m a d̪ e ɹ
তোমার	t̪ o m a ɾ
তোমার	t̪ o m a ɹ
তোয়াক্কা	t̪ o̯ a kː aˑ
তোয়াক্কা	t̪ o̯ a kː aˑ
তোয়ালে	t̪ o̯ a l eˑ
তোয়ালে	t̪ o̯ a l eˑ
তোলপাড়	t̪ o l p a ɽ
তোলপাড়	t̪ o l p a ɾ
তোলপাড়	t̪ o l p a ɹ
তোলা	t̪ o l aˑ
তোলা	t̪ o l aˑ
তোশক	t̪ o ʃ o k
তোশক	t̪ o ʃ o k
তোহমত	t̪ o h ɔ m ɔ t̪
তোহমত	t̪ o h ɔ m ɔ t̪
তৌরাত	t̪ o u̯ ɾ a t̪
তৌরাত	t̪ o u̯ ɹ a t̪
ত্বক	t̪ ɔː k
ত্বক	t̪ ɔ k
ত্বক	t̪ ɔː k
ত্বক	t̪ ɔ k
ত্যাগ	t̪ æ ɡ
ত্যাগ	t̪ ɛ ɡ
ত্রয়োদশ	t̪ː ɾ ɔ e̯ o d̪ o s h
ত্রয়োদশ	t̪ː ɹ ɔ e̯ o d̪ o s h
ত্রিকোণমিতি	t̪ː ɾ i k o n m i t̪ iˑ
ত্রিকোণমিতি	t̪ː ɹ i k o n m i t̪ iˑ
ত্রিচক্রযান	t̪ː ɾ i t͡ʃ ɔ k ɾ ɔ d͡ʒ a n
ত্রিচক্রযান	t̪ː ɹ i t ɕ ɔ k ɹ ɔ d ʑ a n
ত্রিপদ	t̪ː ɾ i p ɔ d̪
ত্রিপদ	t̪ː ɹ i p ɔ d̪
ত্রিপুরা	t̪ː ɾ i p u ɾ aˑ
ত্রিপুরা	t̪ː ɹ i p u ɹ aˑ
ত্রিশ	t̪ː ɾ i ʃ
ত্রিশ	t̪ː ɾ i ʃ
তৎ	t̪ ɔ t̪
তৎ	t̪ ɔ t̪
তৎসম	t̪ ɔ t̪ ʃ ɔ m oˑ
তৎসম	t̪ ɔ t̪ ʃ ɔ m oˑ
থ	t̪ʰ ɔː
থ	t̪ʰ ɔˑ
থ	t̪ʰ ɔː
থ	t̪ʰ ɔˑ
থাকব	t̪ʰ a k b oˑ
থাকব	t̪ʰ a k b oˑ
থাকানো	t̪ʰ a k a n o
থাকি	t̪ʰ a k iˑ
থাকি	t̪ʰ a k iˑ
থাকে	t̪ʰ a k eˑ
থাকে	t̪ʰ a k eˑ
থানা	t̪ʰ a n a
থামা	t̪ʰ a m a
থার্মোমিটার	t̪ʰ a ɾ m o m i ʈ a ɾ
থার্মোমিটার	t̪ʰ a ɹ m o m i t a ɹ
থালা	t̪ʰ a l aˑ
থালা	t̪ʰ a l aˑ
থিতানো	t̪ʰ i t̪ a n oˑ
থিতানো	t̪ʰ i t̪ a n oˑ
থুকা	t̪ʰ u k aˑ
থুকা	t̪ʰ u k aˑ
থুড়া	t̪ʰ u ɽ aˑ
থুড়া	t̪ʰ u ɾ aˑ
থুড়া	t̪ʰ u ɹ aˑ
থুতু	t̪ʰ u t̪ uˑ
থুতু	t̪ʰ u t̪ uˑ
থেকে	t̪ʰ e k eˑ
থেকে	t̪ʰ e k eˑ
থোকা	t̪ʰ o k aˑ
থোকা	t̪ʰ o k aˑ
থোড়া	t̪ʰ o ɽ aˑ
থোড়া	t̪ʰ o ɾ aˑ
থোড়া	t̪ʰ o ɹ aˑ
দই	d̪ o i̯
দক্ষ	d̪ ɔ kʰː oˑ
দক্ষ	d̪ ɔ kʰː oˑ
দক্ষিণ	d̪ ɔ kʰː i n
দক্ষিণ	d̪ ɔ kʰː i n
দখল	d̪ ɔ kʰ o l
দখল	d̪ ɔ kʰ o l
দগ্ধীভূত	d̪ ɔ ɡ d̪ʱ i bʱ u t̪ oˑ
দগ্ধীভূত	d̪ ɔ ɡ d̪ʱ i v u t̪ oˑ
দগ্ধীভূত	d̪ ɔ ɡ d̪ʱ i bʱ u t̪ oˑ
দগ্ধীভূত	d̪ ɔ ɡ d̪ʱ i v u t̪ oˑ
দড়ি	d̪ o ɽ̟ i
দণ্ড	d̪ ɔ ɳ ɖ oˑ
দণ্ড	d̪ ɔ n d oˑ
দত্ত	d̪ ɔ t̪ː oˑ
দত্ত	d̪ ɔ t̪ː oˑ
দন্ত	d̪ ɔ n t̪ oˑ
দন্ত	d̪ ɔ n t̪ oˑ
দন্ত্য	d̪ ɔ n t̪ː oˑ
দন্ত্য	d̪ ɔ n t̪ː oˑ
দপ্তর	d̪ ɔ p t̪ ɔ ɾ
দপ্তর	d̪ ɔ p t̪ ɔ ɹ
দফতর	d̪ ɔ f t̪ ɔ ɾ
দফতর	d̪ ɔ f t̪ ɔ ɹ
দফা	d̪ ɔ f aˑ
দফা	d̪ ɔ f aˑ
দম	d̪ ɔː m
দম	d̪ ɔ m
দম	d̪ ɔː m
দম	d̪ ɔ m
দমা	d̪ ɔ m aˑ
দমা	d̪ ɔ m aˑ
দয়া	d̪ ɔ e̯ aˑ
দয়া	d̪ ɔ e̯ aˑ
দয়াল	d̪ ɔ e̯ a l
দয়াল	d̪ ɔ e̯ a l
দয়ালু	d̪ ɔ e̯ a l uˑ
দয়ালু	d̪ ɔ e̯ a l uˑ
দয়াহীন	d̪ ɔ e̯ a h i n
দয়াহীন	d̪ ɔ e̯ a h i n
দরকার	d̪ ɔ ɾ k a ɾ
দরকার	d̪ ɔ ɹ k a ɹ
দরখাস্ত	d̪ ɔ ɾ kʰ a s t̪ oˑ
দরখাস্ত	d̪ ɔ ɹ kʰ a s t̪ oˑ
দরগাহ	d̪ ɔ ɾ ɡ aˑ
দরগাহ	d̪ ɔ ɹ ɡ aˑ
দরজা	d̪ ɔ ɾ d͡ʒ aˑ
দরজা	d̪ ɔ ɾ o d͡ʒ aˑ
দরজা	d̪ ɔ ɹ d ʑ aˑ
দরজা	d̪ ɔ ɹ o d ʑ aˑ
দরজা	d̪ ɔ ɾ d̪ z aˑ
দরজা	d̪ ɔ ɹ z aˑ
দরজা	d̪ ɔ ɾ o d̪ z aˑ
দরজা	d̪ ɔ ɹ o z aˑ
দরদ	d̪ ɔ ɾ o d̪
দরদ	d̪ ɔ ɹ o d̪
দরবার	d̪ ɔ ɾ b a ɾ
দরবার	d̪ ɔ ɹ b a ɹ
দরবেশ	d̪ ɔ ɾ b e ʃ
দরবেশ	d̪ ɔ ɹ b e ʃ
দরশন	d̪ ɔ ɾ ʃ o n
দরশন	d̪ ɔ ɹ ʃ o n
দরাজ	d̪ ɔ ɾ a d͡ʒ
দরাজ	d̪ ɔ ɹ a d ʑ
দরিদ্র	d̪ o ɾ i d̪ː ɾ oˑ
দরিদ্র	d̪ o ɹ i d̪ː ɹ oˑ
দরিয়া	d̪ o ɾ i̯ aˑ
দরিয়া	d̪ o ɾ i̯ aˑ
দরূদ	d̪ o ɾ u d̪
দরূদ	d̪ u ɾ u d̪
দরূদ	d̪ o ɾ u d̪
দরূদ	d̪ u ɾ u d̪
দর্জি	d̪ o ɾ d͡ʒ iˑ
দর্জি	d̪ o ɹ d ʑ iˑ
দর্পণ	d̪ ɔ ɾ p ɔ n
দর্পণ	d̪ ɔ ɹ p ɔ n
দর্শন	d̪ ɔ ɾ ʃ o n
দর্শন	d̪ ɔ ɹ ʃ o n
দল	d̪ ɔː l
দল	d̪ ɔ l
দল	d̪ ɔː l
দল	d̪ ɔ l
দলিত	d̪ o l iˑ t̪
দশ	d̪ ɔː ʃ
দশ	d̪ ɔ ʃ
দশ	d̪ ɔː ʃ
দশ	d̪ ɔ ʃ
দশম	d̪ ɔ ʃ o m
দশম	d̪ ɔ ʃ o m
দস্তরখান	d̪ ɔ s t̪ ɔ ɾ kʰ a n
দস্তরখান	d̪ ɔ s t̪ ɔ ɹ kʰ a n
দস্তাবেজ	d̪ ɔ s t̪ a b e d͡ʒ
দস্তাবেজ	d̪ ɔ s t̪ a b e d ʑ
দস্তাবেজ	d̪ ɔ s t̪ a b ɛ d̪ z
দস্তাবেজ	d̪ ɔ s t̪ a b ɛ z
দস্তাবেজ	d̪ ɔ s t̪ a b e z
দস্তুর	d̪ ɔ s t̪ u ɾ
দস্তুর	d̪ ɔ s t̪ u ɹ
দহ	d̪ ɔ h oˑ
দহ	d̪ ɔ h oˑ
দহন	d̪ ɔ h o n
দহন	d̪ ɔ h o n
দা	d̪ aː
দা	d̪ aˑ
দা	d̪ aː
দা	d̪ aˑ
দাঁড়	d̪ ã ɽ
দাঁড়	d̪ ã ɾ
দাঁড়	d̪ a ɹ
দাঁড়ানো	d̪ ã ɽ a n oˑ
দাঁড়ানো	d̪ ã ɾ a n oˑ
দাঁড়ানো	d̪ a ɹ a n oˑ
দাঁড়ি	d̪ ã ɽ iˑ
দাঁড়ি	d̪ ã ɾ iˑ
দাঁড়ি	d̪ a ɹ iˑ
দাঁত	d̪ ã t̪
দাঁত	d̪ a t̪
দাই	d̪ a i̯
দাই	d̪ a i̯
দাউদ	d̪ a u̯ d̪
দাউদ	d̪ a u̯ d̪
দাউদাউ	d̪ a u̯ d̪ a u̯
দাউদাউ	d̪ a u̯ d̪ a u̯
দাওয়া	d̪ a o̯ aˑ
দাওয়া	d̪ a o̯ aˑ
দাওয়াই	d̪ a o̯ a i̯
দাওয়াই	d̪ a o̯ a i̯
দাওয়াখানা	d̪ a o̯ a kʰ a n aˑ
দাওয়াখানা	d̪ a o̯ a kʰ a n aˑ
দাওয়াত	d̪ a o̯ a t̪
দাওয়াত	d̪ a o̯ a t̪
দাগ	d̪ a ɡ
দাগ	d̪ a ɡ
দাড়ি	d̪ a ɽ iˑ
দাড়ি	d̪ a ɾ iˑ
দাড়ি	d̪ a ɹ iˑ
দাতা	d̪ a t̪ aˑ
দাতা	d̪ a t̪ aˑ
দাদা	d̪ a d̪ aˑ
দাদা	d̪ a d̪ aˑ
দাদী	d̪ a d̪ iˑ
দাদী	d̪ a d̪ iˑ
দান	d̪ aː n
দান	d̪ a n
দান	d̪ aː n
দান	d̪ a n
দানা	d̪ a n a
দান্দান	d̪ a n d̪ a n
দান্দান	d̪ a n d̪ a n
দাব	d̪ aː b
দাব	d̪ a b
দাব	d̪ aː b
দাব	d̪ a b
দাবদাহ	d̪ a b o d̪ a h oˑ
দাবদাহ	d̪ a b o d̪ a h oˑ
দাবা	d̪ a b a
দাবাড়ু	d̪ a b a ɽ uˑ
দাবাড়ু	d̪ a b a ɾ uˑ
দাবাড়ু	d̪ a b a ɹ uˑ
দাবানল	d̪ a b a n ɔ l
দাবানল	d̪ a b a n ɔ l
দাম	d̪ aː m
দাম	d̪ a m
দাম	d̪ aː m
দাম	d̪ a m
দামড়া	d̪ a m ɽ aˑ
দামড়া	d̪ a m ɾ aˑ
দামড়া	d̪ a m ɹ aˑ
দায়ভার	d̪ a e̯ bʱ a ɾ
দায়ভার	d̪ a e̯ v a ɾ
দায়ভার	d̪ a e̯ bʱ a ɹ
দায়ভার	d̪ a e̯ v a ɹ
দায়িত্ব	d̪ a i̯ t̪ː oˑ
দায়িত্ব	d̪ a i̯ t̪ː oˑ
দারচিনি	d̪ a ɾ t͡ʃ i n iˑ
দারচিনি	d̪ a ɾ t ɕ i n iˑ
দারু	d̪ a ɾ uˑ
দারু	d̪ a ɹ uˑ
দারুণ	d̪ a ɾ u n
দারুণ	d̪ a ɹ u n
দারোয়ান	d̪ a ɾ o̯ a n
দারোয়ান	d̪ a ɹ o̯ a n
দার্জিলিং	d̪ a ɾ d͡ʒ i l i ŋ
দার্জিলিং	d̪ a ɹ d ʑ i l i ŋ
দার্ঢ্য	d̪ a ɾ ɖʱː oˑ
দার্ঢ্য	d̪ a ɹ dʱː oˑ
দাশগুপ্ত	d̪ a ʃ ɡ u p t̪ oˑ
দাশগুপ্ত	d̪ a ʃ ɡ u p t̪ oˑ
দাস	d̪ aː ʃ
দাস	d̪ a ʃ
দাস	d̪ aː ʃ
দাস	d̪ a ʃ
দাসানুদাস	d̪ a ʃ a n u d̪ a ʃ
দাসানুদাস	d̪ a ʃ a n u d̪ a ʃ
দাসী	d̪ a ʃ iˑ
দাসী	d̪ a ʃ iˑ
দাসীপুত্র	d̪ a ʃ i p u t̪ː ɾ oˑ
দাসীপুত্র	d̪ a ʃ i p u t̪ː ɹ oˑ
দাহ্য	d̪ a z̪̪ d͡ʒʱ oˑ
দাহ্য	d̪ a d͡ʒ d͡ʒʱ oˑ
দাহ্য	d̪ a d ʑʱː oˑ
দিওয়ান	d̪ i̯ o̯ a n
দিওয়ান	d̪ i̯ o̯ a n
দিওয়ালি	d̪ i̯ o̯ a l iˑ
দিওয়ালি	d̪ i̯ o̯ a l iˑ
দিক	d̪ iː k
দিক	d̪ i k
দিক	d̪ iː k
দিক	d̪ i k
দিকে	d̪ i k eˑ
দিকে	d̪ i k eˑ
দিগ্বিজয়	d̪ i ɡ b i d͡ʒ ɔ e̯
দিগ্বিজয়	d̪ i ɡ b i d ʑ ɔ e̯
দিঘি	d̪ i ɡʱ iˑ
দিঘি	d̪ i ɡʱ iˑ
দিদিভাই	d̪ i d̪ i bʱ a i̯
দিদিভাই	d̪ i d̪ i v a i̯
দিদিভাই	d̪ i d̪ i bʱ a i̯
দিদিভাই	d̪ i d̪ i v a i̯
দিন	d̪ iː n
দিন	d̪ i n
দিন	d̪ iː n
দিন	d̪ i n
দিনরাত	d̪ i n ɾ a t̪
দিনরাত	d̪ i n ɹ a t̪
দিবস	d̪ i b ɔ ʃ
দিবস	d̪ i b ɔ ʃ
দিবা	d̪ i b aˑ
দিবা	d̪ i b aˑ
দিবানিদ্রা	d̪ i b a n i d̪ː ɾ aˑ
দিবানিদ্রা	d̪ i b a n i d̪ː ɹ aˑ
দিবারাত্রি	d̪ i b a ɾ a t̪ː ɾ iˑ
দিবারাত্রি	d̪ i b a ɹ a t̪ː ɹ iˑ
দিব্যেন্দু	d̪ i bː e n d̪ uˑ
দিব্যেন্দু	d̪ i bː e n d̪ uˑ
দিয়েছিল	d̪ i̯ e t͡ʃʰ i l oˑ
দিয়েছিল	d̪ i̯ e t ɕʰ i l oˑ
দিয়েছিলেন	d̪ i̯ e t͡ʃʰ i l e n
দিয়েছিলেন	d̪ i̯ e t ɕʰ i l e n
দিরহাম	d̪ i ɾ h a m
দিরহাম	d̪ i ɾ h a m
দিল	d̪ iː l
দিল	d̪ i l
দিল	d̪ iː l
দিল	d̪ i l
দিলীপ	d̪ i l i p
দিলীপ	d̪ i l i p
দিল্লি	d i l l i
দিসপুর	d̪ i ʃ p u ɾ
দিসপুর	d̪ i s p u ɾ
দিসপুর	d̪ i ʃ p u ɹ
দিসপুর	d̪ i s p u ɹ
দীপান্বিতা	d̪ i p a nː i t̪ aˑ
দীপান্বিতা	d̪ i p a nː i t̪ aˑ
দীপোৎসব	d̪ i p o t̪ ʃ ɔ b
দীপোৎসব	d̪ i p o t̪ ʃ ɔ b
দীয়া	d̪ i̯ aˑ
দীয়া	d̪ i̯ aˑ
দীর্ঘ	d̪ i ɾ ɡʱ oˑ
দীর্ঘ	d̪ i ɹ ɡʱ oˑ
দু	d̪ uː
দু	d̪ uˑ
দু	d̪ uː
দু	d̪ uˑ
দুঃখ	d̪ u kʰː oˑ
দুঃখ	d̪ u h kʰ oˑ
দুঃখ	d̪ u kʰː oˑ
দুঃখ	d̪ u h kʰ oˑ
দুঃস্বপ্ন	d̪ u h ʃː ɔ p n oˑ
দুঃস্বপ্ন	d̪ u h ʃː ɔ p n oˑ
দুই	d̪ u̯ iˑ
দুই	d̪ u̯ iˑ
দুগি	d̪ u ɡ iˑ
দুগি	d̪ u ɡ iˑ
দুগ্ধ	d̪ u ɡ d̪ʱ oˑ
দুগ্ধ	d̪ u ɡ d̪ʱ oˑ
দুটো	d̪ u ʈ oˑ
দুটো	d̪ u t oˑ
দুদু	d̪ u d̪ uˑ
দুদু	d̪ u d̪ uˑ
দুধ	d̪ u d̪
দুধ	d̪ u d̪
দুনিয়া	d̪ u n i̯ aˑ
দুনিয়া	d̪ u n i̯ aˑ
দুনিয়াবী	d̪ u n i̯ a b iˑ
দুনিয়াবী	d̪ u n i̯ a b iˑ
দুপুর	d̪ u p u ɾ
দুপুর	d̪ u p u ɹ
দুম্বা	d̪ u m b aˑ
দুম্বা	d̪ u m b aˑ
দুয়ার	d̪ u̯ a ɾ
দুয়ার	d̪ o̯ a ɾ
দুয়ার	d̪ u̯ a ɹ
দুয়ার	d̪ o̯ a ɹ
দুরস্ত	d̪ u ɾ ɔ s t̪ oˑ
দুরস্ত	d̪ u ɹ ɔ s t̪ oˑ
দুরিয়ান	d̪ u ɾ i̯ a n
দুরিয়ান	d̪ u ɹ i̯ a n
দুর্গজয়	d̪ u ɾ ɡ ɔ d͡ʒ ɔ e̯
দুর্গজয়	d̪ u ɹ ɡ ɔ d ʑ ɔ e̯
দুর্গন্ধ	d̪ u ɾ ɡ ɔ n d̪ʱ oˑ
দুর্গন্ধ	d̪ u ɾ ɡ ɔ n d̪ʱ oˑ
দুর্ঘটনা	d̪ u ɾ ɡʱ ɔ ʈ o n aˑ
দুর্ঘটনা	d̪ u ɹ ɡʱ ɔ t o n aˑ
দুর্দান্ত	d̪ u ɾ d̪ a n t̪ oˑ
দুর্দান্ত	d̪ u ɹ d̪ a n t̪ oˑ
দুর্নিরীক্ষ্য	d̪ u ɾ n i ɾ i kː kʰ oˑ
দুর্নিরীক্ষ্য	d̪ u ɹ n i ɹ i kː kʰ oˑ
দুর্বল	d̪ u ɾ b ɔ l
দুর্বল	d̪ u ɹ b ɔ l
দুর্বলতা	d̪ u ɾ b ɔ l o t̪ aˑ
দুর্বলতা	d̪ u ɹ b ɔ l o t̪ aˑ
দুর্ভিক্ষ	d̪ u ɾ bʱ i kʰː oˑ
দুর্ভিক্ষ	d̪ u ɾ v i kʰː oˑ
দুর্ভিক্ষ	d̪ u ɹ bʱ i kʰː oˑ
দুর্ভিক্ষ	d̪ u ɹ v i kʰː oˑ
দুর্ভিক্ষ	d̪ u ɾ bʱ i kʰː oˑ
দুর্ভিক্ষ	d̪ u ɾ v i kʰː oˑ
দুর্ভিক্ষ	d̪ u ɹ bʱ i kʰː oˑ
দুর্ভিক্ষ	d̪ u ɹ v i kʰː oˑ
দুর্ভেদ্য	d̪ u ɾ bʱ e d̪ː oˑ
দুর্ভেদ্য	d̪ u ɾ v e d̪ː oˑ
দুর্ভেদ্য	d̪ u ɹ bʱ e d̪ː oˑ
দুর্ভেদ্য	d̪ u ɹ v e d̪ː oˑ
দুশমন	d̪ u ʃ m ɔ n
দুশমন	d̪ u ʃ m o n
দুশমন	d̪ u ʃ m ɔ n
দুশমন	d̪ u ʃ m o n
দুষ্ট	d̪ u ʂ ʈ oˑ
দুষ্ট	d̪ u ʂ ʈ uˑ
দুষ্ট	d̪ u ʃ t oˑ
দুষ্ট	d̪ u s t oˑ
দুষ্ট	d̪ u ʃ t uˑ
দুষ্ট	d̪ u s t uˑ
দুষ্টামি	d̪ u ʂ ʈ a m iˑ
দুষ্টামি	d̪ u ʃ t a m iˑ
দুষ্টামি	d̪ u s t a m iˑ
দুসরা	d̪ u ʃ o ɾ aˑ
দুসরা	d̪ u ʃ ɔ ɾ aˑ
দুসরা	d̪ u ʃ ɾ aˑ
দুসরা	d̪ u ʃ o ɹ aˑ
দুসরা	d̪ u ʃ ɔ ɹ aˑ
দুসরা	d̪ u ʃ ɹ aˑ
দুসরী	d̪ u ʃ o ɾ iˑ
দুসরী	d̪ u ʃ o ɹ iˑ
দুস্থ	d̪ u s t̪ʰ oˑ
দুস্থ	d̪ u s t̪ʰ oˑ
দুহিতা	d̪ u h i t̪ aˑ
দুহিতা	d̪ u h i t̪ aˑ
দূর	d̪ uː ɾ
দূর	d̪ u ɾ
দূর	d̪ uː ɾ
দূর	d̪ u ɾ
দূরত্ব	d̪ u ɾ ɔ t̪ː oˑ
দূরত্ব	d̪ u ɾ o t̪ː oˑ
দূরত্ব	d̪ u ɹ ɔ t̪ː oˑ
দূরত্ব	d̪ u ɹ o t̪ː oˑ
দূরদর্শন	d̪ u ɾ d̪ ɔ ɾ ʃ ɔ n
দূরদর্শন	d̪ u ɾ o d̪ ɔ ɾ ʃ ɔ n
দূরদর্শন	d̪ u ɹ d̪ ɔ ɹ ʃ ɔ n
দূরদর্শন	d̪ u ɹ o d̪ ɔ ɹ ʃ ɔ n
দূরবিন	d̪ u ɾ b i n
দূরবিন	d̪ u ɹ b i n
দূরভাষা	d̪ u ɾ bʱ a ʃ aˑ
দূরভাষা	d̪ u ɾ v a ʃ aˑ
দূরভাষা	d̪ u ɹ bʱ a ʃ aˑ
দূরভাষা	d̪ u ɹ v a ʃ aˑ
দৃঢ়	d̪ː ɾ i ɽʱ oˑ
দৃঢ়	d̪ː ɾ i ɽ oˑ
দৃঢ়	d̪ː ɾ i ɾ h oˑ
দৃঢ়	d̪ː ɾ i ɹ oˑ
দৃঢ়ভাবে	d̪ː ɾ i ɽʱ o bʱ a b eˑ
দৃঢ়ভাবে	d̪ː ɾ i ɽ o bʱ a b eˑ
দৃঢ়ভাবে	d̪ː ɾ i ɾ h o v a b eˑ
দৃঢ়ভাবে	d̪ː ɹ i ɹ o bʱ a b eˑ
দৃঢ়ভাবে	d̪ː ɹ i ɹ o v a b eˑ
দৃশ্য	d̪ r i ʃː oˑ
দৃষ্টি	d̪ː ɾ i ʂ ʈ iˑ
দৃষ্টি	d̪ː ɹ i ʃ t iˑ
দৃষ্টি	d̪ː ɹ i s t iˑ
দৃষ্টিহীন	d̪ː ɾ i ʂ ʈ i h i n
দৃষ্টিহীন	d̪ː ɹ i ʃ t i h i n
দৃষ্টিহীন	d̪ː ɹ i s t i h i n
দে	d̪ eː
দে	d̪ eˑ
দেউড়ি	d̪ e u ɽ iˑ
দেউড়ি	d̪ e u ɾ iˑ
দেউড়ি	d̪ e u ɹ iˑ
দেউড়ি	d̪ ɛ u ɾ iˑ
দেউড়ি	d̪ ɛ u ɹ iˑ
দেউড়ি	d̪ e u ɾ iˑ
দেওয়া	d̪ æ o̯ ɑ
দেওয়া	d̪ e o̯ ɑ
দেওয়া	d̪ æ o̯ ɑ
দেওয়া	d̪ e o̯ ɑ
দেওয়ান	d̪ e o̯ a n
দেওয়ান	d̪ e o̯ a n
দেওয়ানা	d̪ e o̯ a n aˑ
দেওয়ানা	d̪ e o̯ a n aˑ
দেওয়াল	d̪ e o̯ a l
দেওয়াল	d̪ e a l
দেওয়াল	d̪ e o̯ a l
দেওয়াল	d̪ e a l
দেওয়ালি	d̪ e o̯ a l iˑ
দেওয়ালি	d̪ e o̯ a l iˑ
দেখানো	d̪ æ kʰ a n o
দেখে	d̪ e kʰ eˑ
দেখে	d̪ e kʰ eˑ
দেড়	d̪ e ɽ
দেড়	d̪ e ɾ
দেড়	d̪ e ɹ
দেন	d̪ eː n
দেন	d̪ e n
দেন	d̪ eː n
দেন	d̪ e n
দেব	d̪ eː b
দেব	d̪ e b
দেব	d̪ e b oˑ
দেব	d̪ eː b
দেব	d̪ e b
দেব	d̪ e b oˑ
দেবতা	d̪ e b o t̪ aˑ
দেবতা	d̪ e b o t̪ aˑ
দেবদাস	d̪ e b d̪ a ʃ
দেবদাস	d̪ e b d̪ a ʃ
দেবদাসী	d̪ e b d̪ a ʃ iˑ
দেবদাসী	d̪ e b d̪ a ʃ iˑ
দেবদূত	d̪ e b d̪ u t̪
দেবদূত	d̪ e b d̪ u t̪
দেবনাগরী	d̪ e b n a ɡ ɾ iˑ
দেবনাগরী	d̪ e b n a ɡ ɹ iˑ
দেবী	d̪ e b iˑ
দেবী	d̪ e b iˑ
দেবেন	d̪ e b e n
দেবেন	d̪ e b e n
দেয়	d̪ æ e̯
দেয়	d̪ ɛ e̯
দেরি	d̪ e ɾ iˑ
দেরি	d̪ e ɹ iˑ
দেরেঙ্গ	d̪ e ɾ e ŋ ɡ oˑ
দেরেঙ্গ	d̪ e ɹ e ŋ ɡ oˑ
দেরেঙ্গ	d̪ ɛ ɾ ɛ ŋ ɡ ɔˑ
দেরেঙ্গ	d̪ ɛ ɹ ɛ ŋ ɡ ɔˑ
দেশপ্রেমিক	d̪ e ʃ ɔ p ɾ e m i k
দেশপ্রেমিক	d̪ e ʃ ɔ p ɹ e m i k
দেশলাই	d̪ e ʃ l a i̯
দেশলাই	d̪ e ʃ l a i̯
দেশিয়	d̪ e ʃ i̯ oˑ
দেশিয়	d̪ e ʃ i̯ oˑ
দেশীয়	d̪ e ʃ i̯ oˑ
দেশীয়	d̪ e ʃ i̯ oˑ
দেশীয়	d̪ ɛ ʃ i̯ e̯ ɔˑ
দেশীয়	d̪ ɛ ʃ i̯ e̯ ɔˑ
দেহ	d̪ e h oˑ
দেহ	d̪ e h oˑ
দৈব	d̪ o i̯ b ɔˑ
দৈব	d̪ o i̯ b ɔˑ
দৈর্ঘ্য	d̪ o i̯ ɾ ɡʱː oˑ
দৈর্ঘ্য	d̪ o i̯ ɹ ɡʱː oˑ
দো	d̪ oː
দো	d̪ oˑ
দো	d̪ oː
দো	d̪ oˑ
দোকান	d̪ o k a n
দোকানদার	d̪ o k a n d̪ a ɾ
দোকানদার	d̪ o k a n d̪ a ɹ
দোছরা	d̪ o t͡ʃʰ o ɾ aˑ
দোছরা	d̪ o t͡ʃʰ ɔ ɾ aˑ
দোছরা	d̪ o t ɕʰ o ɹ aˑ
দোছরা	d̪ o t ɕʰ ɔ ɹ aˑ
দোছরা	d̪ o s o ɾ aˑ
দোছরা	d̪ o s o ɹ aˑ
দোছরা	d̪ o s ɔ ɾ aˑ
দোছরা	d̪ o s ɔ ɹ aˑ
দোজখ	d̪ o d͡ʒ o k
দোজখ	d̪ o d͡ʒ o x
দোজখ	d̪ o z o k
দোজখ	d̪ o z o x
দোজখ	d̪ o d ʑ o k
দোজখ	d̪ o d ʑ o x
দোজখ	d̪ o z o k
দোজখ	d̪ o z o x
দোতারা	d̪ o t̪ a ɾ aˑ
দোতারা	d̪ o t̪ a ɹ aˑ
দোভাষী	d̪ o bʱ a ʃ iˑ
দোভাষী	d̪ o v a ʃ iˑ
দোভাষী	d̪ o bʱ a ʃ iˑ
দোভাষী	d̪ o v a ʃ iˑ
দোয়া	d̪ o̯ aˑ
দোয়া	d̪ ʊ aˑ
দোয়া	d̪ o̯ aˑ
দোয়া	d̪ ʊ aˑ
দোয়েল	d̪ o e l
দোয়েল	d̪ o e l
দোলনা	d̪ o l n aˑ
দোলনা	d̪ o l n aˑ
দোলা	d̪ o l aˑ
দোলা	d̪ o l aˑ
দোষ	d̪ oː ʃ
দোষ	d̪ o ʃ
দোষ	d̪ oː ʃ
দোষ	d̪ o ʃ
দোষী	d̪ o ʃ iˑ
দোষী	d̪ o ʃ iˑ
দোসরা	d̪ o ʃ o ɾ aˑ
দোসরা	d̪ o ʃ ɔ ɾ aˑ
দোসরা	d̪ o ʃ ɾ aˑ
দোসরা	d̪ o ʃ o ɹ aˑ
দোসরা	d̪ o ʃ ɔ ɹ aˑ
দোসরা	d̪ o ʃ ɹ aˑ
দোসুতি	d̪ o ʃ u t̪ iˑ
দোসুতি	d̪ o ʃ u t̪ iˑ
দোস্ত	d̪ o s t̪ oˑ
দোস্ত	d̪ o s t̪ oˑ
দোস্‌রা	d̪ o ʃ ɾ aˑ
দোস্‌রা	d̪ o ʃ ɹ aˑ
দোহাই	d̪ o h a i̯
দোহাই	d̪ o h a i̯
দৌড়ানো	d̪ o u̯ ɽ a n oˑ
দৌড়ানো	d̪ o u̯ ɾ a n oˑ
দৌড়ানো	d̪ o u̯ ɹ a n oˑ
দৌরাত্ম্য	d̪ o u̯ ɾ a t̪ː t̪ oˑ
দৌরাত্ম্য	d̪ o u̯ ɹ a t̪ː t̪ oˑ
দৌলত	d̪ o u̯ l ɔ t̪
দৌলত	d̪ o u̯ l o t̪
দৌলত	d̪ o u̯ l ɔ t̪
দৌলত	d̪ o u̯ l o t̪
দ্বাদশ	d̪ a d̪ ɔ ʃ
দ্বাদশ	d̪ a d̪ ɔ ʃ
দ্বার	d̪ aː ɾ
দ্বার	d̪ a ɾ
দ্বার	d̪ a ɹ
দ্বারা	d̪ a ɾ aˑ
দ্বারা	d̪ a ɹ aˑ
দ্বারী	d̪ u̯ a ɾ iˑ
দ্বারী	d̪ u̯ a ɹ iˑ
দ্বিতীয়	d̪ i t̪ i̯ oˑ
দ্বিতীয়	d̪ i t̪ i̯ oˑ
দ্বিরুক্তি	d̪ i ɾ u k t̪ iˑ
দ্বিরুক্তি	d̪ i ɹ u k t̪ iˑ
দ্বীপ	d̪ iː p
দ্বীপ	d̪ i p
দ্বীপ	d̪ iː p
দ্বীপ	d̪ i p
দ্বীপপুঞ্জ	d̪ i pː u n d͡ʒ oˑ
দ্বীপপুঞ্জ	d̪ i pː u n d ʑ oˑ
দ্বৈত	d̪ o i̯ t̪
দ্বৈত	d̪ o i̯ t̪
দ্ব্যর্থ	d̪ ɔ ɾ t̪ʰ oˑ
দ্ব্যর্থ	d̪ æ ɾ t̪ʰ oˑ
দ্ব্যর্থ	d̪ ɔ ɹ t̪ʰ oˑ
দ্ব্যর্থ	d̪ ɛ ɹ t̪ʰ oˑ
দ্ব্যর্থতা	d̪ ɔ ɾ t̪ʰ o t̪ aˑ
দ্ব্যর্থতা	d̪ æ ɾ t̪ʰ o t̪ aˑ
দ্ব্যর্থতা	d̪ ɔ ɹ t̪ʰ o t̪ aˑ
দ্ব্যর্থতা	d̪ ɛ ɹ t̪ʰ o t̪ aˑ
দ্রব্য	d̪ ɾ ɔ bː ɔ̝ˑ
দ্রাক্ষা	d̪ː ɾ a kʰː aˑ
দ্রাক্ষা	d̪ː ɹ a kʰː aˑ
দ্রাক্ষাকুঞ্জ	d̪ː ɾ a kʰː a k u n d͡ʒ oˑ
দ্রাক্ষাকুঞ্জ	d̪ː ɹ a kʰː a k u n d ʑ oˑ
দ্রাক্ষারস	d̪ː ɾ a kʰː a ɾ ɔ ʃ
দ্রাক্ষারস	d̪ː ɹ a kʰː a ɹ ɔ ʃ
দ্রাঘিমা	d̪ː ɾ a ɡʱ i m aˑ
দ্রাঘিমা	d̪ː ɹ a ɡʱ i m aˑ
দ্রুত	d̪ː ɾ u t̪ oˑ
দ্রুত	d̪ː ɾ u t̪ oˑ
দ্রৌপদী	d̪ː ɾ o u̯ p o d̪ iˑ
দ্রৌপদী	d̪ː ɾ o u̯ p o d̪ iˑ
ধন	d̪ʱ ɔ n
ধন	d̪ʱ ɔ n
ধনবাদ	d̪ʱ ɔ n b a d̪
ধনবাদ	d̪ʱ ɔ n b a d̪
ধনিয়া	d̪ʱ o n i̯ aˑ
ধনিয়া	d̪ʱ o n i̯ aˑ
ধনে	d̪ʱ o n eˑ
ধনে	d̪ʱ o n eˑ
ধন্যবাদ	d̪ʱ o nː o b a d̪
ধন্যবাদ	d̪ʱ o nː o b a d̪
ধমক	d̪ʱ ɔ m ɔ k
ধমক	d̪ʱ ɔ m ɔ k
ধরণী	d̪ʱ ɔ ɾ o n iˑ
ধরণী	d̪ʱ ɔ ɹ o n iˑ
ধরম	d̪ʱ ɔ ɾ o m
ধরম	d̪ʱ ɔ ɹ o m
ধরা	d̪ʱ ɔ r a
ধর্ম	d̪ʱ ɔ ɾ m oˑ
ধর্ম	d̪ʱ ɔ ɾ m oˑ
ধর্মভ্রষ্ট	d̪ʱ ɔ ɾ m ɔ bʱ ɾ ɔ ʂ ʈ oˑ
ধর্মভ্রষ্ট	d̪ʱ ɔ ɾ m ɔ v ɾ ɔ ʂ ʈ oˑ
ধর্মভ্রষ্ট	d̪ʱ ɔ ɹ m ɔ bʱ ɹ ɔ ʃ t oˑ
ধর্মভ্রষ্ট	d̪ʱ ɔ ɹ m ɔ v ɹ ɔ s t oˑ
ধর্ষণ	d̪ʱ ɔ ɾ ʃ ɔ n
ধর্ষণ	d̪ʱ ɔ ɹ ʃ ɔ n
ধাই	d̪ʱ a i̯
ধাই	d̪ʱ a i̯
ধাওয়া	d̪ʱ a o̯ aˑ
ধাওয়া	d̪ʱ a o̯ aˑ
ধাক্কা	d̪ʱ a kː aˑ
ধাক্কা	d̪ʱ a kː aˑ
ধাতু	d̪ʱ a t̪ u
ধাত্রী	d̪ʱ a t̪ː ɾ iˑ
ধাত্রী	d̪ʱ a t̪ː ɹ iˑ
ধান	d̪ʱ a n
ধান	d̪ʱ a n
ধামরাই	d̪ʱ a m ɾ a i̯
ধামরাই	d̪ʱ a m ɾ a i̯
ধামাকা	d̪ʱ a m a k aˑ
ধামাকা	d̪ʱ a m a k aˑ
ধামাচাপা	d̪ʱ a m a t͡ʃ a p aˑ
ধামাচাপা	d̪ʱ a m a t ɕ a p aˑ
ধার	d̪ʱ a ɾ
ধার	d̪ʱ a ɹ
ধারণা	d̪ʱ a ɾ o n aˑ
ধারণা	d̪ʱ a ɹ o n aˑ
ধারা	d̪ʱ a ɾ aˑ
ধারা	d̪ʱ a ɹ aˑ
ধার্মিক	d̪ʱ a ɾ m i k
ধার্মিক	d̪ʱ a ɹ m i k
ধার্মিকতা	d̪ʱ a ɾ m i k ɔ t̪ aˑ
ধার্মিকতা	d̪ʱ a ɹ m i k ɔ t̪ aˑ
ধিক্কার	d̪ʱ i kː a ɾ
ধিক্কার	d̪ʱ i kː a ɹ
ধীবর	d̪ʱ i b o ɾ
ধীবর	d̪ʱ i b o ɾ
ধীর	d̪ʱ i ɾ
ধীর	d̪ʱ i ɹ
ধুতরা	d̪ʱ u t̪ ɔ ɾ aˑ
ধুতরা	d̪ʱ u t̪ ɔ ɹ aˑ
ধুতি	d̪ʱ u t̪ iˑ
ধুতি	d̪ʱ u t̪ iˑ
ধুতুরা	d̪ʱ u t̪ u ɾ aˑ
ধুতুরা	d̪ʱ u t̪ u ɹ aˑ
ধুনা	d̪ʱ u n aˑ
ধুনা	d̪ʱ u n oˑ
ধুনা	d̪ʱ u n aˑ
ধুনা	d̪ʱ u n oˑ
ধুনা	d̪ʱ u n aˑ
ধুনা	d̪ʱ u n aˑ
ধুর	d̪ʱ u ɾ
ধুর	d̪ʱ u ɹ
ধুর	d̪ʱ u ɾ
ধুর	d̪ʱ u ɹ
ধুর	d̪ʱ u ɾ
ধুর	d̪ ú ɾ
ধুর	d̪ʱ u ɹ
ধুর	d̪ ú ɹ
ধুর	d̪ʱ u ɾ
ধুর	d̪ʱ u ɹ
ধূপ	d̪ʱ u p
ধূপ	d̪ʱ u p
ধূমকেতু	d̪ʱ u m k e t̪ uˑ
ধূমকেতু	d̪ʱ u m k e t̪ uˑ
ধূলিমলিন	d̪ʱ u l i m o l i n
ধূলিমলিন	d̪ʱ u l i m o l i n
ধেৎ	d̪ʱ æ t̪
ধেৎ	d̪ʱ ɛ t̪
ধেৎ	d̪ʱ æ t̪
ধেৎ	d̪ʱ ɛ t̪
ধেৎ	d̪ʱ æ t̪
ধেৎ	d̪ʱ ɛ t̪
ধৈর্য	dʱ o i̯ ɹ d͡ʒ o
ধৈর্য	dʱ o ɹ d͡ʒ o
ধোঁকা	d̪ʱ õ k aˑ
ধোঁকা	d̪ʱ õ k aˑ
ধোঁকা	d̪ʱ o k aˑ
ধোঁকা	d̪ʱ õ k aˑ
ধোঁকা	d̪ ó̃ x aˑ
ধোঁকাবাজ	d̪ʱ õ k a b a d͡ʒ
ধোঁকাবাজ	d̪ʱ õ k a b a d ʑ
ধোঁকাবাজ	d̪ʱ o k a b a d ʑ
ধোঁকাবাজ	d̪ʱ õ k a b a d̪ z
ধোঁকাবাজ	d̪ ó̃ x a b a z
ধোঁয়া	d̪ʱ õ aˑ
ধোঁয়া	d̪ʱ õ aˑ
ধোঁয়া	d̪ʱ o̯ aˑ
ধোঁয়াশা	d̪ʱ õ a ʃ aˑ
ধোঁয়াশা	d̪ʱ õ a ʃ aˑ
ধোঁয়াশা	d̪ʱ o̯ a ʃ aˑ
ধোয়া	d̪ʱ o̯ aˑ
ধোয়া	d̪ʱ o̯ aˑ
ধ্বংস	d̪ʱ ɔ ŋ ʃ oˑ
ধ্বংস	d̪ʱ o ŋ ʃ oˑ
ধ্বংস	d̪ʱ ɔ ŋ ʃ oˑ
ধ্বংস	d̪ʱ o ŋ ʃ oˑ
ধ্বংসযজ্ঞ	d̪ʱ ɔ ŋ ʃ ɔ d͡ʒ ɔ ɡː ɔˑ
ধ্বংসযজ্ঞ	d̪ʱ ɔ ŋ ʃ ɔ d ʑ ɔ ɡː ɔˑ
ধ্বংসলীলা	d̪ʱ ɔ ŋ ʃ ɔ l i l ā
ধ্বংসলীলা	d̪ʱ ɔ ŋ ʃ ɔ l i l ā
ধ্বজা	d̪ʱ ɔ d͡ʒ aˑ
ধ্বজা	d̪ʱ ɔ d ʑ aˑ
ধ্বজা	d̪ʱ ɔ d̪ z aˑ
ধ্বজা	d̪ ɔ́ z aˑ
ধ্যান	d̪ʱ æ n
ধ্যান	d̪ʱ ɛ n
নওকর	n ɔ o̯ k o ɾ
নওকর	n ɔ o̯ k o ɹ
নওকরি	n ɔ o̯ k ɾ iˑ
নওকরি	n ɔ o̯ k ɹ iˑ
নওগাঁ	n ɔ o̯ ɡ ãˑ
নওগাঁ	n ɔ o̯ ɡ aˑ
নওবাহার	n ɔ o̯ b a h a ɾ
নওবাহার	n ɔ o̯ b a h a ɹ
নওরোজ	n o ɾ o d͡ʒ
নওরোজ	n o ɾ o z
নওরোজ	n o ɹ o d ʑ
নওরোজ	n o ɹ o z
নকল	n ɔ k o l
নকল	n ɔ k o l
নকশা	n ɔ k ʃ aˑ
নকশা	n ɔ k ʃ aˑ
নকশাল	n ɔ k ʃ a l
নকশাল	n ɔ k ʃ a l
নক্ত	n ɔ k t̪ oˑ
নক্ত	n ɔ k t̪ oˑ
নক্ত	n ɔ k t̪ ɔˑ
নক্ত	n ɔ x t̪ ɔˑ
নখ	n ɔː k
নখ	n ɔ x
নখ	n ɔː k
নখ	n ɔ x
নগদ	n ɔ ɡ ɔ d̪
নগদ	n ɔ ɡ ɔ d̪
নগর	n ɔ ɡ o ɾ
নগর	n ɔ ɡ o ɹ
নগরী	n ɔ ɡ ɾ iˑ
নগরী	n ɔ ɡ ɹ iˑ
নগিচ	n o ɡ i t͡ʃ
নগিচ	n o ɡ i t ɕ
নগ্ন	n ɔ ɡ n oˑ
নগ্ন	n ɔ ɡ n oˑ
নজদ	n ɔ d͡ʒ ɔ d̪
নজদ	n ɔ d ʑ ɔ d̪
নজর	n ɔ d͡ʒ o ɾ
নজর	n ɔ d ʑ o ɹ
নজরানা	n ɔ d͡ʒ ɾ a n aˑ
নজরানা	n ɔ d ʑ ɹ a n aˑ
নজরুল	n o z ɾ u l
নজরুল	n o d͡ʒ ɾ u l
নজরুল	n o z ɾ u l
নজরুল	n o d ʑ ɾ u l
নঞর্থক	n ɔ ŋ ɔ ɾ t̪ʰ o k
নঞর্থক	n o ĩ ɔ ɾ t̪ʰ o k
নঞর্থক	n ɔ ŋ ɔ ɹ t̪ʰ o k
নঞর্থক	n o i̯̯ ɔ ɹ t̪ʰ o k
নড়া	n ɔ ɽ aˑ
নড়া	n ɔ ɾ aˑ
নড়া	n ɔ ɹ aˑ
নত	n ɔ t̪ oˑ
নত	n ɔ t̪ oˑ
নতীজা	n o t̪ i d͡ʒ aˑ
নতীজা	n o t̪ i d ʑ aˑ
নতুন	n o t̪ u n
নতুন	n o t̪ u n
নদিয়া	n o d̪ i̯ aˑ
নদিয়া	n o d̪ i̯ aˑ
নদী	n o d̪ iˑ
নদী	n o d̪ iˑ
নদীয়া	n a d̪ i̯ e̯ ā
নদীয়া	n a d̪ i̯ e̯ ā
ননদ	n ɔ n o d̪
ননদ	n ɔ n o d̪
নফরৎ	n ɔ f ɾ ɔ t̪
নফরৎ	n ɔ f ɹ ɔ t̪
নফরৎ	n ɔ ɸ ɾ ɔ t̪
নফরৎ	n ɔ ɸ ɹ ɔ t̪
নফসানিয়াত	n ɔ f s a n i̯ a t̪
নফসানিয়াত	n ɔ f s a n i̯ a t̪
নব	n ɔ b oˑ
নব	n ɔ b oˑ
নব	n ɔ b oˑ
নব	n ɔ b oˑ
নব	n ɔː b
নব	n ɔ b
নব	n ɔː b
নব	n ɔ b
নবডঙ্কা	n ɔ b o ɖ ɔ ŋ k aˑ
নবডঙ্কা	n ɔ b o d ɔ ŋ k aˑ
নববর্ষ	n ɔ b o b ɔ ɾ ʃ oˑ
নববর্ষ	n ɔ b o b ɔ ɹ ʃ oˑ
নবম	n ɔ b o m
নবম	n ɔ b o m
নবযুগ	n ɔ b o d͡ʒ u ɡ
নবযুগ	n ɔ b o d ʑ u ɡ
নবাব	n ɔ b a b
নবাব	n ɔ b a b
নবাবজাদা	n ɔ b a b d͡ʒ a d̪ aˑ
নবাবজাদা	n ɔ b a b d ʑ a d̪ aˑ
নবিস	n o b i ʃ
নবিস	n o b i ʃ
নবী	n o b iˑ
নবী	n o b iˑ
নবীজী	n o b i d͡ʒ iˑ
নবীজী	n o b i d ʑ iˑ
নবীত্ব	n o b i t̪ː oˑ
নবীত্ব	n o b i t̪ː oˑ
নবীন	n o b i n
নবীন	n o b i n
নবুয়ত	n o b u̯ ɔ t̪
নবুয়ত	n o b u̯ ɔ t̪
নভেম্বর	n ɔ bʱ e m b ɔ ɾ
নভেম্বর	n ɔ v e m b ɔ ɾ
নভেম্বর	n ɔ bʱ e m b ɔ ɹ
নভেম্বর	n ɔ v e m b ɔ ɹ
নভেল	n ɔ bʱ e l
নভেল	n ɔ v e l
নভেল	n ɔ bʱ e l
নভেল	n ɔ v e l
নমস্কার	n ɔ m o ʃ k a ɾ
নমস্কার	n ɔ m o ʃ k a ɹ
নমাজ	n ɔ m a d͡ʒ
নমাজ	n ɔ m a d ʑ
নমায	n ɔ m a d͡ʒ
নমায	n ɔ m a d ʑ
নমুনা	n o m u n aˑ
নমুনা	n o m u n aˑ
নম্বর	n ɔ m b o ɾ
নম্বর	n ɔ m b o ɹ
নয়	n ɔ e̯
নয়	n ɔ e̯
নয়	n ɔ e̯
নয়	n ɔ e̯
নয়ন	n ɔ e̯ o n
নয়ন	n ɔ e̯ o n
নয়া	n ɔ e̯ aˑ
নয়া	n ɔ e̯ aˑ
নয়াদিল্লি	n ɔ e̯ a d̪ i lː iˑ
নয়াদিল্লি	n ɔ e̯ a d̪ i lː iˑ
নর	n ɔː ɾ
নর	n ɔ ɾ
নর	n ɔ ɹ
নরক	n ɔ ɾ o k
নরক	n ɔ ɹ o k
নরম	n ɔ ɾ o m
নরম	n ɔ ɹ o m
নষ্ট	n ɔ ʂ ʈ oˑ
নষ্ট	n ɔ ʃ t oˑ
নষ্ট	n ɔ s t oˑ
নসিহত	n ɔ ʃ i h ɔ t̪
নসিহত	n ɔ ʃ i h ɔ t̪
নহা	n ɔ h aˑ
নহা	n ɔ h aˑ
না	n aː
না	n aˑ
না	n aː
না	n aˑ
নাংটা	n a ŋ ʈ aˑ
নাংটা	n a ŋ t aˑ
নাক	n aː k
নাক	n a k
নাক	n aː k
নাক	n a k
নাখুশ	n a kʰ u ʃ
নাখুশ	n a kʰ u ʃ
নাগপুর	n a ɡ p u ɾ
নাগপুর	n a ɡ p u ɹ
নাগরিক	n a ɡ o ɾ i k
নাগরিক	n a ɡ o ɹ i k
নাগাল্যান্ড	n a ɡ a l æ ɳ ɖ
নাগাল্যান্ড	n a ɡ a l ɛ n d
নাঙ্গল	n a ŋ ɡ ɔ l
নাঙ্গল	n a ŋ ɡ ɔ l
নাঙ্গা	n a ŋ ɡ aˑ
নাঙ্গা	n a ŋ ɡ aˑ
নাচা	n a t͡ʃ aˑ
নাচা	n a t ɕ aˑ
নাজাত	n a d͡ʒ a t̪
নাজাত	n a d ʑ a t̪
নাজিবাদ	n a z i b a d̪
নাজিবাদ	n a d͡ʒ i b a d̪
নাজিবাদ	n a z i b a d̪
নাজিবাদ	n a d ʑ i b a d̪
নাজেহাল	n a d͡ʒ e h a l
নাজেহাল	n a d ʑ e h a l
নাজ্জিবাদ	n a z̪̪ d͡ʒ i b a d̪
নাজ্জিবাদ	n a d͡ʒ d͡ʒ i b a d̪
নাজ্জিবাদ	n a d ʑː i b a d̪
নাটক	n a ʈ ɔ k
নাটক	n a t ɔ k
নাড়া	n a ɽ aˑ
নাড়া	n a ɾ aˑ
নাড়া	n a ɹ aˑ
নাতনী	n a t̪ n iˑ
নাতনী	n a t̪ n iˑ
নাতি	n a t̪ iˑ
নাতি	n a t̪ iˑ
নাতিশীতোষ্ণ	n a t̪ i ʃ i t̪ o ʃ n oˑ
নাতিশীতোষ্ণ	n a t̪ i ʃ i t̪ o ʃ n oˑ
নাথ	n a t̪
নাথ	n a t̪
নাদান	n a d̪ a n
নাদান	n a d̪ a n
নানা	n a n aˑ
নানা	n a n aˑ
নানী	n a n iˑ
নানী	n a n iˑ
নানু	n a n uˑ
নানু	n a n uˑ
নাপছন্দ	n a p ɔ t͡ʃʰ ɔ n d̪ oˑ
নাপছন্দ	n a p ɔ t ɕʰ ɔ n d̪ oˑ
নাপিত	n a p i t̪
নাপিত	n a p i t̪
নাপ্পি	n a pː iˑ
নাপ্পি	n a pː iˑ
নাবালক	n a b a l ɔ k
নাবালক	n a b a l ɔ k
নাভি	n a bʱ iˑ
নাম	n aː m
নাম	n a m
নাম	n aː m
নাম	n a m
নাম	n a m
নাম	n a m
নাম	n aː m
নামক	n a m ɔ k
নামক	n a m ɔ k
নামজাদা	n a m d͡ʒ a d̪ aˑ
নামজাদা	n a m d ʑ a d̪ aˑ
নামহীন	n a m h i n
নামহীন	n a mː i n
নামহীন	n a m h i n
নামহীন	n a mː i n
নামা	n a m aˑ
নামা	n a m aˑ
নামাজ	n a m a d͡ʒ
নামাজ	n a m a z
নামাজ	n a m a d ʑ
নামাজ	n a m a z
নামাজ	n a m a d̪ z
নামাজ	n a m a z
নামানো	n a m a n oˑ
নামানো	n a m a n oˑ
নার	n aː ɾ
নার	n a ɾ
নার	n a ɹ
নারকেল	n a ɾ k e l
নারকেল	n a ɹ k e l
নারাজ	n a ɾ a d͡ʒ
নারাজ	n a ɾ a z
নারাজ	n a ɹ a d ʑ
নারাজ	n a ɹ a z
নারায়ণ	n a ɾ a e̯ o n
নারায়ণ	n a ɾ a e̯ n
নারায়ণ	n a ɹ a e̯ o n
নারায়ণ	n a ɹ a e̯ n
নারিকেল	n a ɾ i k e l
নারিকেল	n a ɹ i k e l
নারিন্দা	n a ɾ i n d̪ aˑ
নারিন্দা	n a ɹ i n d̪ aˑ
নারী	n a ɾ iˑ
নারী	n a ɹ iˑ
নারীবাদ	n a ɾ i b a d̪
নারীবাদ	n a ɹ i b a d̪
নার্গিস	n a ɾ ɡ i s
নার্গিস	n a ɾ ɡ i s
নালিশ	n a l i ʃ
নালিশ	n a l i ʃ
নাশকতা	n a ʃ ɔ k ɔ t̪ aˑ
নাশকতা	n a ʃ ɔ k ɔ t̪ aˑ
নাশপাতি	n a ʃ p a t̪ iˑ
নাশপাতি	n a ʃ p a t̪ iˑ
নাসরিন	n a s ɾ i n
নাসরিন	n a s ɹ i n
নাস্তা	n a ʃ t̪ aˑ
নাস্তা	n a s t̪ aˑ
নাস্তা	n a ʃ t̪ aˑ
নাস্তা	n a s t̪ aˑ
নাস্তানাবুদ	n a s t̪ a n a b u d̪
নাস্তানাবুদ	n a s t̪ a n a b u d̪
নাহিয়ান	n a h i̯ a n
নাহিয়ান	n a h i̯ a n
নাৎজিবাদ	n a t̪ z̪ i b a d̪
নাৎজিবাদ	n a t̪ d͡ʒ i b a d̪
নাৎজিবাদ	n a t̪ z̪ i b a d̪
নাৎজিবাদ	n a t̪ d ʑ i b a d̪
নাৎসিবাদ	n a t̪ s̪ i b a d̪
নাৎসিবাদ	n a sː i b a d̪
নাৎসিবাদ	n a t̪ s̪ i b a d̪
নাৎসিবাদ	n a sː i b a d̪
নিঃশ্বসন	n i h ʃː ɔ ʃ ɔ n
নিঃশ্বসন	n i h ʃː ɔ ʃ ɔ n
নিউক্লিয়াস	n i u̯ k l i̯ a ʃ
নিউক্লিয়াস	n i u̯ k l i̯ a ʃ
নিকট	n i k ɔ ʈ
নিকট	n i k ɔ t
নিকটবর্তী	n i k ɔ ʈ b o ɾ t̪ iˑ
নিকটবর্তী	n i k ɔ ʈ o b o ɾ t̪ iˑ
নিকটবর্তী	n i k ɔ t b o ɹ t̪ iˑ
নিকটবর্তী	n i k ɔ t o b o ɹ t̪ iˑ
নিকড়িয়া	n i k o ɽ i̯ aˑ
নিকড়িয়া	n i k o ɾ i̯ aˑ
নিকড়িয়া	n i k o ɹ i̯ aˑ
নিকাব	n i k a b
নিকাব	n i k a b
নিকাহ	n i k aˑ
নিকাহ	n i k aˑ
নিখিল	n i kʰ i l
নিখিল	n i kʰ i l
নিখিলবিশ্ব	n i kʰ i l b i ʃː oˑ
নিখিলবিশ্ব	n i kʰ i l b i ʃː oˑ
নিখুঁত	n i kʰ ũ t̪
নিখুঁত	n i kʰ u t̪
নিধি	n i d̪ʱ iˑ
নিধি	n i d̪ʱ iˑ
নিবিড়	n i b i ɽ
নিবিড়	n i b i ɾ
নিবিড়	n i b i ɹ
নিমন্ত্রণ	n i m o n t̪ː ɾ o n
নিমন্ত্রণ	n i m o n t̪ː ɹ o n
নিমিষ	n i m i ʃ
নিমিষ	n i m i ʃ
নিমেষ	n i m e ʃ
নিমেষ	n i m e ʃ
নিম্ন	n i m n oˑ
নিম্ন	n i m n oˑ
নিম্নভূমি	n i m n ɔ bʱ u m iˑ
নিম্নভূমি	n i m n ɔ v u m iˑ
নিম্নভূমি	n i m n ɔ bʱ u m iˑ
নিম্নভূমি	n i m n ɔ v u m iˑ
নিম্নে	n i m n eˑ
নিম্নে	n i m n eˑ
নিয়ম	n i̯ o m
নিয়ম	n i̯ o m
নিয়মহীন	n i̯ ɔ m h i n
নিয়মহীন	n i̯ ɔ mː i n
নিয়মহীন	n i̯ ɔ m h i n
নিয়মহীন	n i̯ ɔ mː i n
নিয়ে	n i̯ eˑ
নিয়ে	n i̯ eˑ
নিয়োগকর্তা	n i̯ o ɡ ɔ k ɔ ɾ t̪ aˑ
নিয়োগকর্তা	n i̯ o ɡ ɔ k ɔ ɹ t̪ aˑ
নিযুক্ত	n i d͡ʒ u k t̪ oˑ
নিযুক্ত	n i d ʑ u k t̪ oˑ
নিরসন	n i ɾ ɔ ʃ o n
নিরসন	n i ɾ ɔ ʃ ɔ n
নিরসন	n i ɹ ɔ ʃ o n
নিরসন	n i ɹ ɔ ʃ ɔ n
নির্দেশ	n i ɾ d̪ e ʃ
নির্দেশ	n i ɹ d̪ e ʃ
নির্দেশনা	n i ɾ d̪ e ʃ ɔ n aˑ
নির্দেশনা	n i ɹ d̪ e ʃ ɔ n aˑ
নির্দোষ	n i ɾ d̪ o ʃ
নির্দোষ	n i ɹ d̪ o ʃ
নির্বাচন	n i ɾ b a t͡ʃ ɔ n
নির্বাচন	n i ɹ b a t ɕ ɔ n
নির্ভর	n i ɾ bʱ ɔ ɾ
নির্ভর	n i ɾ v ɔ ɾ
নির্ভর	n i ɹ bʱ ɔ ɹ
নির্ভর	n i ɹ v ɔ ɹ
নির্মল	n i ɾ m ɔ l
নির্মল	n i ɹ m ɔ l
নির্মলি	n i ɾ m o l iˑ
নির্মলি	n i ɹ m o l iˑ
নির্মূল	n i ɾ m uː l
নির্মূল	n i ɾ m uː l
নির্ম্মল	n i ɾ mː ɔ l
নির্ম্মল	n i ɹ mː ɔ l
নির্যাস	n i ɾ d͡ʒ a ʃ
নির্যাস	n i ɹ d ʑ a ʃ
নিলাম	n i l a m
নিলাম	n i l a m
নিশান	n i ʃ a n
নিশান	n i ʃ a n
নিশ্চয়	n i ʃ t͡ʃ ɔ e̯
নিশ্চয়	n i s t͡ʃ ɔ e̯
নিশ্চয়	n i ʃ t ɕ ɔ e̯
নিশ্চয়	n i s t ɕ ɔ e̯
নিশ্চিত	n i ʃ t͡ʃ i t̪ oˑ
নিশ্চিত	n i s t͡ʃ i t̪ oˑ
নিশ্চিত	n i ʃ t ɕ i t̪ oˑ
নিশ্চিত	n i s t ɕ i t̪ oˑ
নিশ্বসন	n i ʃː ɔ ʃ ɔ n
নিশ্বসন	n i ʃː ɔ ʃ ɔ n
নিশ্বাস	n i ʃː a ʃ
নিশ্বাস	n i ʃː a ʃ
নিষিদ্ধ	n i ʃ i d̪ʱː oˑ
নিষিদ্ধ	n i ʃ i d̪ʱː oˑ
নিষেধ	n i ʃ e d̪
নিষেধ	n i ʃ e d̪
নিষেধাজ্ঞা	n i ʃ e d̪ʱ a ɡː aˑ
নিষেধাজ্ঞা	n i ʃ e d̪ʱ a ɡː aˑ
নিষ্কপট	n i ʃ k ɔ p ɔ ʈ
নিষ্কপট	n i ʃ k ɔ p ɔ t
নিষ্ঠুর	n i ʂ ʈʰ u ɾ
নিষ্ঠুর	n i ʃ tʰ u ɹ
নিষ্ঠুর	n i s tʰ u ɹ
নিস্তব্ধ	n i s t̪ ɔ b d̪ʱ o
নীতি	n i t̪ iˑ
নীতি	n i t̪ iˑ
নীল	n iː l
নীল	n i l
নীল	n iː l
নীল	n i l
নীলুফার	n i l u f a ɾ
নীলুফার	n i l u f a ɹ
নীহারিকা	n i h a ɾ i k aˑ
নীহারিকা	n i h a ɾ i k aˑ
নুন	n uː n
নুন	n u n
নুন	n uː n
নুন	n u n
নুনি	n u n iˑ
নুনু	n u n uˑ
নুনু	n u n uˑ
নুসরাত	n u s ɾ a t̪
নুসরাত	n u s ɹ a t̪
নূতন	n u t̪ ɔ n
নূতন	n u t̪ ɔ n
নূরানী	n u ɾ a n iˑ
নূরানী	n u ɹ a n iˑ
নূহ	n uˑ
নূহ	n uː
নূহ	n uʱ
নূহ	n u ɦ uˑ
নূহ	n ʊ ɦ uˑ
নৃত্য	n ɾ i t̪ː oˑ
নৃত্য	n i t̪ː oˑ
নৃত্য	n ɹ i t̪ː oˑ
নৃত্য	n i t̪ː oˑ
নেউল	n e u l
নেউল	n e u l
নেওয়া	n æ o̯ ɑ
নেওয়া	n e o̯ ɑ
নেওয়া	n æ o̯ ɑ
নেওয়া	n e o̯ ɑ
নেকড়ে	n e k ɽ eˑ
নেকড়ে	n e k ɾ eˑ
নেকড়ে	n e k ɹ eˑ
নেছার	n e t͡ʃʰ a ɾ
নেছার	n e t ɕʰ a ɹ
নেটওয়ার্ক	n e ʈ o̯ a ɾ k
নেটওয়ার্ক	n e t o̯ a ɹ k
নেটো	n e ʈ oˑ
নেটো	n e t oˑ
নেড়ি	n e ɽ iˑ
নেড়ি	n e ɾ iˑ
নেড়ি	n e ɹ iˑ
নেতাজি	n e t̪ a d͡ʒ iˑ
নেতাজি	n e t̪ a d ʑ iˑ
নেতৃত্ব	n e t̪ː ɾ i t̪ː oˑ
নেতৃত্ব	n e t̪ː ɹ i t̪ː oˑ
নেন	n eː n
নেন	n e n
নেন	n eː n
নেন	n e n
নেপচুন	n e p t͡ʃ u n
নেপচুন	n e p t ɕ u n
নেপাল	n e p a l
নেপাল	n e p a l
নেপিদ	n e p i d̪ ɔ̜ˑ
নেবা	n e b aˑ
নেবা	n e b aˑ
নেবানো	n e b a n oˑ
নেবানো	n e b a n oˑ
নেভানো	n e bʱ a n oˑ
নেভানো	n e v a n oˑ
নেভানো	n e bʱ a n oˑ
নেভানো	n e v a n oˑ
নেয়ামৎ	n e a m ɔ t̪
নেয়ামৎ	n e a m ɔ t̪
নেশা	n e ʃ aˑ
নেশা	n e ʃ aˑ
নেহ	n e h oˑ
নেহ	n e h oˑ
নেহেরু	n e h e ɾ uˑ
নেহেরু	n e h e ɹ uˑ
নৈকট্য	n o i̯ k o ʈː oˑ
নৈকট্য	n o i̯ k o tː oˑ
নৈরাজ্যবাদ	n o i̯ ɾ a z̪̪ d͡ʒ ɔ b a d̪
নৈরাজ্যবাদ	n o i̯ ɾ a d͡ʒ d͡ʒ ɔ b a d̪
নৈরাজ্যবাদ	n o i̯ ɹ a d ʑː ɔ b a d̪
নৈরাশ্য	n o i̯ ɾ a ʃː oˑ
নৈরাশ্য	n o i̯ ɹ a ʃː oˑ
নৈশভোজ	n o i̯ ʃ ɔ bʱ o d͡ʒ
নৈশভোজ	n o i̯ ʃ ɔ v o d͡ʒ
নৈশভোজ	n o i̯ ʃ ɔ bʱ o d ʑ
নৈশভোজ	n o i̯ ʃ ɔ v o d ʑ
নোড়া	n o ɽ aˑ
নোড়া	n o ɾ aˑ
নোড়া	n o ɹ aˑ
নোনা	n o n aˑ
নোনা	n o n aˑ
নোনা	n o n aˑ
নোনা	n o n aˑ
নোয়াখাইল্লা	n o̯ a kʰ a i̯ lː aˑ
নোয়াখাইল্লা	n o̯ a kʰ a i̯ lː aˑ
নোয়াখালী	n o̯ a kʰ a l iˑ
নোয়াখালী	n o̯ a kʰ a l iˑ
নৌকা	n o u̯ k aˑ
নৌকা	n o u̯ k aˑ
ন্যাংটা	n æ ŋ ʈ aˑ
ন্যাংটা	n æ ŋ t aˑ
ন্যাটো	n æ ʈ oˑ
ন্যাটো	n ɛ t oˑ
ন্যায়বিচার	n æ e̯ b i t͡ʃ a ɾ
ন্যায়বিচার	n ɛ e̯ b i t ɕ a ɹ
ন্যূন	n uː n
ন্যূন	n u n
ন্যূন	n uː n
ন্যূন	n u n
ন্যূনতম	n u n o t̪ ɔ m oˑ
ন্যূনতম	n u n o t̪ ɔ m oˑ
পঁচানব্বই	p ɔ̃ t͡ʃ a n bː o i̯
পঁচানব্বই	p ɔ t ɕ a n bː o i̯
পঁয়তিরিশ	p ɔ̃ e̯ t̪ i ɾ i ʃ
পঁয়তিরিশ	p ɔ e̯ t̪ i ɹ i ʃ
পঁহাত	p ɔ̃ h a t̪
পকেট	p ɔ k e ʈ
পকেট	p ɔ k e t
পকেট	p ɔ k ɛ t
পকেট	ɸ ɔ x ɛ t
পক্ব	p ɔ kː oˑ
পক্ব	p ɔ kː oˑ
পক্ষসমর্থন	p ɔ kʰː ɔ ʃ ɔ m ɔ ɾ t̪ʰ ɔ n
পক্ষসমর্থন	p ɔ kʰː ɔ ʃ ɔ m ɔ ɹ t̪ʰ ɔ n
পক্ষী	p ɔ kʰː iˑ
পক্ষী	p ɔ kʰː iˑ
পক্ষী	p ɔ kʰː iˑ
পক্ষী	ɸ ɔ x x iˑ
পক্ষে	p ɔ kʰː eˑ
পক্ষে	p ɔ kʰː eˑ
পঙ্খী	p ɔ ŋ kʰ iˑ
পঙ্খী	p ɔ ŋ kʰ iˑ
পঙ্খী	p ɔ ŋ kʰ iˑ
পঙ্খী	ɸ ɔ ŋ x iˑ
পচা	p ɔ t͡ʃ aˑ
পচা	p ɔ t ɕ aˑ
পছন্দ	p ɔ t͡ʃʰ o n d̪ oˑ
পছন্দ	p ɔ t ɕʰ o n d̪ oˑ
পছন্দ	p ɔ s o n d̪ oˑ
পছন্দ	ɸ ɔ s o n d̪ oˑ
পঞ্চদশ	p ɔ n t͡ʃ ɔ d̪ o ʃ
পঞ্চদশ	p ɔ n t ɕ ɔ d̪ o ʃ
পঞ্চান্ন	p ɔ n t͡ʃ a nː oˑ
পঞ্চান্ন	p ɔ n t ɕ a nː oˑ
পঞ্চায়েত	p ɔ n t͡ʃ a e̯ t̪
পঞ্চায়েত	p ɔ n t ɕ a e̯ t̪
পঞ্চায়েতি	p ɔ n t͡ʃ ä e t̪ iˑ
পঞ্চাশ	p ɔ n t͡ʃ a ʃ
পঞ্চাশ	p ɔ n t ɕ a ʃ
পটেল	p ɔ ʈ e l
পটেল	p ɔ t e l
পটোল	p ɔ ʈ o l
পটোল	p ɔ t o l
পড়শী	p o ɽ ʃ iˑ
পড়শী	p o ɾ ʃ iˑ
পড়শী	p o ɹ ʃ iˑ
পড়া	p ɔ ɽ aˑ
পড়া	p ɔ ɾ aˑ
পড়া	p ɔ ɹ aˑ
পড়া	p ɔ ɾ aˑ
পড়া	ɸ ɔ ɹ aˑ
পড়ানো	p ɔ ɽ a n oˑ
পড়ানো	p ɔ ɾ a n oˑ
পড়ানো	p ɔ ɹ a n oˑ
পড়েন	p ɔ ɽ e n
পড়েন	p ɔ ɾ e n
পড়েন	p ɔ ɹ e n
পণ্ডিত	p o ɳ ɖ i t̪
পণ্ডিত	p o n d i t̪
পতন	p ɔ t̪ o n
পতন	p ɔ t̪ o n
পতাকা	p ɔ t̪ a k aˑ
পতাকা	p ɔ t̪ a k aˑ
পতাকাবিদ্যা	p ɔ t̪ a k a b i d̪ː aˑ
পতাকাবিদ্যা	p ɔ t̪ a k a b i d̪ː aˑ
পত্তর	p ɔ t̪ː ɔ ɾ
পত্তর	p ɔ t̪ː ɔ ɹ
পত্নী	p o t̪ n iˑ
পত্নী	p o t̪ n iˑ
পত্নী	p o t̪ n iˑ
পত্নী	ɸ o t̪ n iˑ
পত্র	p ɔ t̪ː ɾ oˑ
পত্র	p ɔ t̪ː ɹ oˑ
পত্ররাজি	p ɔ t̪ː ɾ ɔ ɾ a d͡ʒ iˑ
পত্ররাজি	p ɔ t̪ː ɹ ɔ ɹ a d ʑ iˑ
পত্রিকা	p ɔ t̪ː ɾ i k aˑ
পত্রিকা	p ɔ t̪ː ɹ i k aˑ
পথ	p ɔ t̪
পথ	p ɔ t̪
পদ	p ɔ d̪
পদ	p ɔ d̪
পদ্ম	p ɔ d̪ː oˑ
পদ্ম	p ɔ d̪ː oˑ
পদ্মা	p ɔ d̪ː aˑ
পদ্মা	p ɔ d̪ː aˑ
পনীর	p o n i ɾ
পনীর	p o n i ɹ
পবিত্র	p o b i t̪ː ɾ oˑ
পবিত্র	p o b i t̪ː ɾ oˑ
পয়গম্বর	p ɔ e̯ ɡ ɔ m b ɔ ɾ
পয়গম্বর	p ɔ e̯ ɡ ɔ m b ɔ ɹ
পয়গাম	p ɔ e̯ ɡ a m
পয়গাম	p ɔ e̯ ɡ a m
পয়দা	p ɔ e̯ d̪ aˑ
পয়দা	p ɔ e̯ d̪ aˑ
পয়লা	p ɔ e̯ l aˑ
পয়লা	p ɔ e̯ l aˑ
পয়সা	p ɔ e̯ ʃ aˑ
পয়সা	p ɔ e̯ ʃ aˑ
পরদা	p ɔ ɾ d̪ aˑ
পরদা	p ɔ ɾ d̪ aˑ
পরদেশ	p ɔ ɾ d̪ e ʃ
পরদেশ	p ɔ ɹ d̪ e ʃ
পরদেশী	p ɔ ɾ d̪ e ʃ iˑ
পরদেশী	p ɔ ɹ d̪ e ʃ iˑ
পরদেশী	p ɔ ɾ d̪ ɛ ʃ iˑ
পরদেশী	ɸ ɔ ɹ d̪ ɛ ʃ iˑ
পরদেশী	p ɔ ɾ d̪ e ʃ iˑ
পরম	p ɔ ɾ o m
পরম	p ɔ ɾ o m
পরমাণু	p ɔ ɾ o m a n uˑ
পরমাণু	p ɔ ɹ o m a n uˑ
পরমানন্দ	p ɔ ɾ ɔ m a n ɔ n d̪ oˑ
পরমানন্দ	p ɔ ɹ ɔ m a n ɔ n d̪ oˑ
পরশু	p o ɾ ʃ uˑ
পরশু	p o ɾ ʃ uˑ
পরশ্রীকাতরতা	p ɔ ɾ o s ɾ i k a t̪ː ɾ ɔ t̪ aˑ
পরশ্রীকাতরতা	p ɔ ɹ o s ɹ i k a t̪ː ɹ ɔ t̪ aˑ
পরস্পর	p ɔ ɾ o ʃ p ɔ ɾ
পরস্পর	p ɔ ɹ o ʃ p ɔ ɹ
পরহেজ	p ɔ ɾ h e d͡ʒ
পরহেজ	p ɔ ɾ h e d ʑ
পরহেজী	p ɔ ɾ h e d͡ʒ iˑ
পরহেজী	p ɔ ɾ h e d ʑ iˑ
পরা	p ɔ ɾ aˑ
পরা	p ɔ ɹ aˑ
পরাক্রম	p ɔ ɾ a kː ɾ o m
পরাক্রম	p ɔ ɹ a kː ɹ o m
পরাগ	p ɔ ɾ a ɡ
পরাগ	p ɔ ɹ a ɡ
পরাত	p ɔ ɾ a t̪
পরাত	p ɔ ɹ a t̪
পরানো	p ɔ ɾ a n oˑ
পরানো	p ɔ ɹ a n oˑ
পরামর্শ	p ɔ r a m ɔ r ʃ o
পরামর্শদাতা	p ɔ ɾ a m ɔ ɾ ʃ ɔ d̪ a t̪ aˑ
পরামর্শদাতা	p ɔ ɹ a m ɔ ɹ ʃ ɔ d̪ a t̪ aˑ
পরিকল্পনা	p o ɾ i k ɔ l p o n aˑ
পরিকল্পনা	p o ɹ i k ɔ l p o n aˑ
পরিক্রমা	p o ɾ i k ɾ ɔ m aˑ
পরিক্রমা	p o ɹ i k ɹ ɔ m aˑ
পরিচয়	p o ɾ i t͡ʃ ɔ e̯
পরিচয়	p o ɹ i t ɕ ɔ e̯
পরিচর্যা	p o ɾ i t͡ʃ ɔ ɾ d͡ʒ aˑ
পরিচর্যা	p o ɹ i t ɕ ɔ ɹ d ʑ aˑ
পরিচর্যাকারিণী	p o ɾ i t͡ʃ ɔ ɾ d͡ʒ a k a ɾ i n iˑ
পরিচর্যাকারিণী	p o ɹ i t ɕ ɔ ɹ d ʑ a k a ɹ i n iˑ
পরিচায়ক	p o ɾ i t͡ʃ a e̯ ɔ k
পরিচায়ক	p o ɹ i t ɕ a e̯ ɔ k
পরিচালিত	p o ɾ i t͡ʃ a l i t̪ oˑ
পরিচালিত	p o ɹ i t ɕ a l i t̪ oˑ
পরিণতি	p o ɾ i n o t̪ iˑ
পরিণতি	p o ɹ i n o t̪ iˑ
পরিত্রাণ	p o ɾ i t̪ː ɾ a n
পরিত্রাণ	p o ɹ i t̪ː ɾ a n
পরিবর্তন	p o ɾ i b ɔ ɾ t̪ o n
পরিবর্তন	p o ɹ i b ɔ ɹ t̪ o n
পরিবর্তে	p o ɾ i b ɔ ɾ t̪ eˑ
পরিবর্তে	p o ɹ i b ɔ ɹ t̪ eˑ
পরিবার	p o ɾ i b a ɾ
পরিবার	p o ɹ i b a ɹ
পরিশ্রম	p o ɾ i s ɾ ɔ m
পরিশ্রম	p o ɹ i s ɹ ɔ m
পরিষদ	p o ɾ i ʃ ɔ d̪
পরিষদ	p o ɹ i ʃ ɔ d̪
পরিস্থিতি	p o ɾ i s t̪ʰ i t̪ iˑ
পরিস্থিতি	p o ɹ i s t̪ʰ i t̪ iˑ
পরিহার	p o ɾ i h a ɾ
পরিহার	p o ɹ i h a ɹ
পরী	p o ɾ iˑ
পরী	p o ɹ iˑ
পরেন্দা	p ɔ ɾ e n d̪ aˑ
পরেন্দা	p ɔ ɾ e n d̪ aˑ
পরোয়া	p ɔ ɾ o̯ aˑ
পরোয়া	p ɔ ɾ u̯ aˑ
পরোয়া	p ɔ ɹ o̯ aˑ
পরোয়া	p ɔ ɹ u̯ aˑ
পর্তুগাল	p o ɾ t̪ u ɡ a l
পর্তুগাল	p o ɾ t̪ u ɡ a l
পর্দা	p ɔ ɾ d̪ aˑ
পর্দা	p ɔ ɹ d̪ aˑ
পর্দানশীন	p ɔ ɾ d̪ a n ɔ ʃ i n
পর্দানশীন	p ɔ ɹ d̪ a n ɔ ʃ i n
পর্নো	p ɔ ɾ n oˑ
পর্নো	p ɔ ɹ n oˑ
পর্যটন	p ɔ ɾ d͡ʒ ɔ ʈ ɔ n
পর্যটন	p ɔ ɹ d ʑ ɔ t ɔ n
পর্যন্ত	p ɔ ɾ d͡ʒ ɔ n t̪ oˑ
পর্যন্ত	p ɔ ɹ d ʑ ɔ n t̪ oˑ
পর্যুদস্ত	p ɔ ɾ d͡ʒ u d̪ ɔ s t̪ oˑ
পর্যুদস্ত	p ɔ ɹ d ʑ u d̪ ɔ s t̪ oˑ
পর্যুৎসুক	p ɔ ɾ d͡ʒ u t̪ ʃ u k
পর্যুৎসুক	p ɔ ɹ d ʑ u t̪ ʃ u k
পলিনেশিয়া	p ɔ l i n e ʃ ŷ aˑ
পলিনেশিয়া	p ɔ l i n e ʃ ŷ aˑ
পলেষ্টীয়	p ɔ l e ʂ ʈ i̯ oˑ
পলেষ্টীয়	p ɔ l e ʃ t i̯ oˑ
পলেষ্টীয়	p ɔ l e s t i̯ oˑ
পল্টন	p ɔ ɭ ʈ ɔ n
পল্টন	p ɔ l̪ t ɔ n
পল্টি	p ɔ ɭ ʈ iˑ
পল্টি	p ɔ l̪ t iˑ
পল্টিবাজ	p ɔ ɭ ʈ i b a d͡ʒ
পল্টিবাজ	p ɔ l̪ t i b a d ʑ
পল্লি	p ɔ lː iˑ
পল্লি	p ɔ lː iˑ
পল্লী	p ɔ lː iˑ
পল্লী	p ɔ lː iˑ
পশু	p ɔ ʃ uˑ
পশু	p ɔ ʃ uˑ
পশুপাল	p ɔ ʃ u p a l
পশুপাল	p ɔ ʃ u p a l
পশ্চিম	p ɔ ʃ t͡ʃ i m
পশ্চিম	p ɔ s t͡ʃ i m
পশ্চিম	p ɔ ʃ t ɕ i m
পশ্চিম	p ɔ s t ɕ i m
পশ্চিমবঙ্গ	p ɔ ʃ t͡ʃ i m b ɔ ŋ ɡ oˑ
পশ্চিমবঙ্গ	p ɔ s t͡ʃ i m b ɔ ŋ ɡ oˑ
পশ্চিমবঙ্গ	p ɔ ʃ t ɕ i m b ɔ ŋ ɡ oˑ
পশ্চিমবঙ্গ	p ɔ s t ɕ i m b ɔ ŋ ɡ oˑ
পশ্চিমবঙ্গে	p ɔ ʃ t͡ʃ i m b ɔ ŋ ɡ eˑ
পশ্চিমবঙ্গে	p ɔ s t͡ʃ i m b ɔ ŋ ɡ eˑ
পশ্চিমবঙ্গে	p ɔ ʃ t ɕ i m b ɔ ŋ ɡ eˑ
পশ্চিমবঙ্গে	p ɔ s t ɕ i m b ɔ ŋ ɡ eˑ
পশ্চিমবাংলা	p ɔ ʃ t͡ʃ i m b a ŋ l aˑ
পশ্চিমবাংলা	p ɔ s t͡ʃ i m b a ŋ l aˑ
পশ্চিমবাংলা	p ɔ ʃ t ɕ i m b a ŋ l aˑ
পশ্চিমবাংলা	p ɔ s t ɕ i m b a ŋ l aˑ
পহু	p o h uˑ
পহু	p o h uˑ
পহেলা	p ɔ h e l aˑ
পহেলা	p ɔ h e l aˑ
পা	p aː
পা	p aˑ
পা	p aː
পা	p aˑ
পাঁউরুটি	p ã u ɾ u ʈ iˑ
পাঁউরুটি	p a u̯ ɾ u ʈ iˑ
পাঁউরুটি	p a u̯ ɹ u t iˑ
পাঁক	p ãː k
পাঁক	p ã k
পাঁক	p aː k
পাঁক	p a k
পাঁচ	p ã t͡ʃ
পাঁচ	p a t ɕ
পাঁচিল	p ã t͡ʃ i l
পাঁচিল	p a t ɕ i l
পাঁজর	p ã d͡ʒ ɔ ɾ
পাঁজর	p a d ʑ ɔ ɹ
পাঁজর	p a d̪ z ɔ ɾ
পাঁজর	ɸ a z ɔ ɹ
পাঁঠা	p ã ʈʰ aˑ
পাঁঠা	p a tʰ aˑ
পাঁঠি	p ã ʈ̟ʰ i
পাঁড়ে	p ã ɽ eˑ
পাঁড়ে	p ã ɾ eˑ
পাঁড়ে	p a ɾ eˑ
পাঁতি	p ã t̪ iˑ
পাঁতি	p a t̪ iˑ
পাই	p a i̯
পাই	p a i̯
পাই	p a i̯
পাই	p a i̯
পাইখানা	p a i̯ kʰ a n aˑ
পাইথন	p ä i̯ t̪ʰ ɔ̜ˑ n
পাওয়া	p a o̯ aˑ
পাওয়া	p a o̯ aˑ
পাক	p aː k
পাক	p a k
পাক	p aː k
পাক	p a k
পাকস্থলী	p a k ɔ s t̪ʰ o l iˑ
পাকস্থলী	p a k ɔ s t̪ʰ o l iˑ
পাকা	p a k a
পাকিস্তান	p a k i s t̪ a n
পাকিস্তান	p a k i s t̪ a n
পাখ	p aː k
পাখ	p a x
পাখ	p aː k
পাখ	p a x
পাখা	p a kʰ aˑ
পাখা	p a kʰ aˑ
পাখি	p a kʰ iˑ
পাখি	p a kʰ iˑ
পাখী	p a kʰ iˑ
পাখী	p a kʰ iˑ
পাঙ্গা	p a ŋ ɡ aˑ
পাঙ্গা	p a ŋ ɡ aˑ
পাঙ্গাশ	p a ŋ ɡ a ʃ
পাঙ্গাশ	p a ŋ a ʃ
পাঙ্গাশ	p a ŋ ɡ a ʃ
পাঙ্গাশ	p a ŋ a ʃ
পাছা	p a t͡ʃʰ aˑ
পাছা	p a t ɕʰ aˑ
পাছা	p a s aˑ
পাছা	p a s aˑ
পাছা	ɸ a s aˑ
পাঞ্জা	p a n d͡ʒ aˑ
পাঞ্জা	p a n d ʑ aˑ
পাঞ্জাব	p a n d͡ʒ a b
পাঞ্জাব	p a n d ʑ a b
পাটনা	p a ʈ ɔ n aˑ
পাটনা	p a t ɔ n aˑ
পাটা	p a ʈ aˑ
পাটা	p a t aˑ
পাঠ	p aː ʈ
পাঠ	p a ʈ
পাঠ	p a tʰ
পাঠক	p a ʈʰ ɔ k
পাঠক	p a tʰ ɔ k
পাঠদান	p a t̪ʰ d̪̪ a n
পাঠদান	p a t̪ʰ d̪̪ a n
পাঠশালা	p a ʈ ʃ a l aˑ
পাঠশালা	p a t ʃ a l aˑ
পাঠা	p a ʈʰ aˑ
পাঠা	p a tʰ aˑ
পাঠান	p a ʈʰ a n
পাঠান	p a tʰ a n
পাঠানো	p a ʈʰ a n oˑ
পাঠানো	p a tʰ a n oˑ
পাড়া	p a ɽ aˑ
পাড়া	p a ɾ aˑ
পাড়া	p a ɹ aˑ
পাণ	p ɐ n
পাত	p a t̪
পাত	p a t̪
পাতক	p a t̪ ɔ k
পাতক	p a t̪ ɔ k
পাতলা	p a t̪ː l aˑ
পাতলা	p a t̪ː l aˑ
পাতা	p a t̪ a
পাতিল	p a t̪ i l
পাতিল	p a t̪ i l
পাতিহাঁস	p a t̪ i h ã ʃ
পাতিহাঁস	p a t̪ i h a ʃ
পাত্তা	p a t̪ː aˑ
পাত্তা	p a t̪ː aˑ
পাত্র	p a t̪ː ɾ oˑ
পাত্র	p a t̪ː ɹ oˑ
পাথর	p a t̪ʰ o ɾ
পাথর	p a t̪ʰ o ɾ
পাদ	p äː d̪
পাদটীকা	p a d̪ o ʈ i k aˑ
পাদটীকা	p a d̪ o t i k aˑ
পাদা	p ä d̪ äˑ
পাদ্রি	p a d̪ː ɾ iˑ
পাদ্রি	p a d̪ː ɹ iˑ
পান	p aː n
পান	p a n
পান	p aː n
পান	p a n
পানি	p a n iˑ
পানি	p a n iˑ
পানিফল	p a n i f ɔ l
পানিফল	p a n i f ɔ l
পানু	p ä n uˑ
পান্ডা	p a ɳ ɖ aˑ
পান্ডা	p a n d aˑ
পাপ	p aː p
পাপ	p a p
পাপ	p aː p
পাপ	p a p
পাপকর্ম	p a p o k ɔ ɾ m oˑ
পাপকর্ম	p a p o k ɔ ɹ m oˑ
পাপড়ি	p a p ɽ iˑ
পাপড়ি	p a p ɾ iˑ
পাপড়ি	p a p ɹ iˑ
পাপী	p a p iˑ
পাপী	p a p iˑ
পাবনা	p a b n aˑ
পাবনা	p a b n aˑ
পাবনাইয়া	p a b n a i̯ aˑ
পাবনাইয়া	p a b n a i̯ aˑ
পায়খানা	p a e̯ kʰ a n aˑ
পায়খানা	p a e̯ kʰ a n aˑ
পায়খানা	p a e̯ kʰ a n aˑ
পায়খানা	ɸ a e̯ x a n aˑ
পায়স	p a eˑ s̠
পায়ু	p ä e̯ uˑ
পারদ	p ä ɾ oˑ d̪
পারপত্র	p a ɾ p ɔ t̪ː ɾ oˑ
পারপত্র	p a ɹ p ɔ t̪ː ɹ oˑ
পারভেজ	p a ɾ bʱ e d͡ʒ
পারভেজ	p a ɾ v e d͡ʒ
পারভেজ	p a ɾ bʱ e z
পারভেজ	p a ɾ v e z
পারভেজ	p a ɹ bʱ e d ʑ
পারভেজ	p a ɹ v e d ʑ
পারভেজ	p a ɹ bʱ e z
পারভেজ	p a ɹ v e z
পারমাণবিক	p a ɾ o m a n o b i k
পারমাণবিক	p a ɹ o m a n o b i k
পারা	p a ɾ aˑ
পারা	p a ɾ aˑ
পারিজাত	p a ɾ i d͡ʒ a t̪
পারিজাত	p a ɹ i d ʑ a t̪
পারিবারিক	p a ɾ i b a ɾ i k
পারিবারিক	p a ɹ i b a ɹ i k
পারেন	p a ɾ e n
পারেন	p a ɹ e n
পার্কিং	p a ɾ k i ŋ
পার্কিং	p a ɹ k i ŋ
পার্থ	p a ɾ t̪ʰ oˑ
পার্থ	p a ɹ t̪ʰ oˑ
পার্থক্য	p a ɾ t̪ʰ o kː oˑ
পার্থক্য	p a ɾ t̪ʰ o kː oˑ
পার্বতী	p a ɾ b o t̪ iˑ
পার্বতী	p a ɹ b o t̪ iˑ
পালং	p a l ɔ ŋ
পালং	p a l ɔ ŋ
পালক	p a l o k
পালন	p a l o n
পালন	p a l o n
পালাউ	p a l a u̯
পালাউ	p a l a u̯
পালানো	p a l a n oˑ
পালানো	p a l a n oˑ
পাশাপাশি	p a ʃ a p a ʃ iˑ
পাশাপাশি	p a ʃ a p a ʃ iˑ
পাসপোর্ট	p a s p o ɹ ʈ
পাসপোর্ট	p a ʃ p o ɹ ʈ
পাসপোর্ট	p a s p o ɹ t
পাসপোর্ট	p a ʃ p o ɹ t
পাহাড়	p a h a ɽ
পাহারা	p a h a ɾ aˑ
পাহারা	p a h a ɹ aˑ
পিঁপড়া	p ĩ p ɔ ɽ aˑ
পিঁপড়া	p ĩ p ɔ ɾ aˑ
পিঁপড়া	p i p ɔ ɹ aˑ
পিছনে	p i t͡ʃʰ o n eˑ
পিছনে	p i t ɕʰ o n eˑ
পিছলা	p i t͡ʃʰ l aˑ
পিছলা	p i s l aˑ
পিছা	p i t͡ʃʰ aˑ
পিছা	p i t ɕʰ aˑ
পিছা	p i t͡ʃʰ aˑ
পিছা	p i t ɕʰ aˑ
পিঞ্জর	p i n d͡ʒ ɔ ɾ
পিঞ্জর	p i n d ʑ ɔ ɹ
পিঠ	p iː ʈ
পিঠ	p i ʈ
পিঠ	p i tʰ
পিণ্ড	p i ɳ ɖ oˑ
পিণ্ড	p i n d oˑ
পিতা	p i t̪ aˑ
পিতা	p i t̪ aˑ
পিথাগোরাস	p i t̪ʰ a ɡ o ɾ a s
পিথাগোরাস	p i t̪ʰ a ɡ o ɹ a s
পিনাকী	p i n a k iˑ
পিনাকী	p i n a k iˑ
পিন্ডি	p i ɳ ɖ iˑ
পিন্ডি	p i n d iˑ
পিপাসু	p i p a ʃ uˑ
পিপাসু	p i p a ʃ uˑ
পিপুল	p i p uˑ l
পিপ্পল	p i pː ɔ l
পিপ্পল	p i pː ɔ l
পিয়ন	p i̯ o n
পিয়ন	p i̯ o n
পিয়া	p i̯ aˑ
পিয়া	p i̯ aˑ
পিয়াদা	p i̯ a d̪ aˑ
পিয়াদা	p i̯ a d̪ aˑ
পিয়াস	p i̯ a ʃ
পিয়াস	p i̯ a ʃ
পিরিচ	p i ɾ i t͡ʃ
পিরিচ	p i ɹ i t ɕ
পিরিচ	p i ɾ i t̪ s
পিরিচ	ɸ i ɹ i s
পিরিতি	p i ɾ i t̪ iˑ
পিরিতি	p i ɹ i t̪ iˑ
পিরিতি	p i ɾ i t̪ iˑ
পিরিতি	ɸ i ɹ i t̪ iˑ
পিষা	p i ʃ aˑ
পিষা	p i ʃ aˑ
পিসি	p i ʃ iˑ
পিসি	p i ʃ iˑ
পিস্তল	p i s t̪ ɔ l
পিস্তল	p i s t̪ ɔ l
পীড়া	p i ɽ aˑ
পীড়া	p i ɾ aˑ
পীড়া	p i ɹ aˑ
পীড়িত	p i ɽ i t̪ oˑ
পীড়িত	p i ɾ i t̪ oˑ
পীড়িত	p i ɹ i t̪ oˑ
পুঁজিবাদ	p ũ d͡ʒ i b a d̪
পুঁজিবাদ	p u d ʑ i b a d̪
পুঁটি	p ũ ʈ iˑ
পুঁটি	p u t iˑ
পুঁথি	p ũ t̪ʰ iˑ
পুঁথি	p u t̪ʰ iˑ
পুকুর	p u k u ɾ
পুকুর	p u k u ɹ
পুঙ্খানুপুঙ্খ	p u ŋ kʰ a n u p u ŋ kʰ oˑ
পুঙ্খানুপুঙ্খ	p u ŋ kʰ a n u p u ŋ kʰ oˑ
পুচ্ছ	p u t͡ʃʰː oˑ
পুচ্ছ	p u t ɕʰː oˑ
পুচ্ছ	p u t̪ sː ɔˑ
পুচ্ছ	ɸ u sː ɔˑ
পুছা	p u t͡ʃʰ aˑ
পুছা	p u t ɕʰ aˑ
পুজো	p u d͡ʒ oˑ
পুঞ্জ	p u n d͡ʒ oˑ
পুঞ্জ	p u n d ʑ oˑ
পুটকিচোদা	p u ʈ k i t͡ʃ o d̪ aˑ
পুটকিচোদা	p u t k i t ɕ o d̪ aˑ
পুত	p u t̪
পুত	p u t̪
পুতুল	p u t̪ u l
পুতুল	p u t̪ u l
পুত্র	p u t̪ː ɾ oˑ
পুত্র	p u t̪ː ɹ oˑ
পুদিনা	p u d̪ i n aˑ
পুদিনা	p u d̪ i n aˑ
পুনঃ	p u n ɔ h
পুনঃ	p u n ɔ h
পুনরায়	p u n ɔ ɾ a e̯
পুনরায়	p u n ɔ ɹ a e̯
পুনরুত্থান	p u n o ɾ u t̪ʰː a n
পুনরুত্থান	p u n o ɹ u t̪ʰː a n
পুনরুত্থিত	p u n o ɾ u t̪ʰː i t̪ oˑ
পুনরুত্থিত	p u n o ɹ u t̪ʰː i t̪ oˑ
পুনর্নবা	p u n o ɾ n ɔ b aˑ
পুনর্নবা	p u n o ɹ n ɔ b aˑ
পুব	p uː b
পুব	p u b
পুব	p uː b
পুব	p u b
পুরনো	p u ɾ ɔ n oˑ
পুরনো	p u ɹ ɔ n oˑ
পুরস্কার	p u ɾ o ʃ k a ɾ
পুরস্কার	p u ɹ o ʃ k a ɹ
পুরা	p u ɾ aˑ
পুরা	p u ɹ aˑ
পুরাণ	p u ɾ a n
পুরাণ	p u ɹ a n
পুরাতত্ত্ব	p u ɾ a t̪ ɔ t̪ː oˑ
পুরাতত্ত্ব	p u ɹ a t̪ ɔ t̪ː oˑ
পুরানো	p u ɾ a n oˑ
পুরানো	p u ɹ a n oˑ
পুরাপুরি	p u ɾ a p u ɾ iˑ
পুরাপুরি	p u ɹ a p u ɹ iˑ
পুরুষ	p u ɾ u ʃ
পুরুষ	p u ɾ u ʃ
পুরুষাঙ্গ	p u ɾ u ʃ a ŋ ɡ oˑ
পুরুষাঙ্গ	p u ɹ u ʃ a ŋ ɡ oˑ
পুরুষালি	p u ɾ u ʃ a l iˑ
পুরুষালি	p u ɹ u ʃ a l iˑ
পুরোনো	p u ɾ o n oˑ
পুরোনো	p u ɹ o n oˑ
পুরোপুরি	p u ɾ o p u ɾ iˑ
পুরোপুরি	p u ɹ o p u ɹ iˑ
পুল	p uː l
পুল	p u l
পুল	p uː l
পুল	p u l
পুলিশ	p u l i ʃ
পুলিশ	p u l i ʃ
পুষ্প	p u ʃ p oˑ
পুষ্প	p u ʃ p oˑ
পুস্তক	p u s t̪ ɔ k
পুস্তক	p u s t̪ ɔ k
পূজা	p u d͡ʒ äˑ
পূজারী	p u d͡ʒ a ɾ iˑ
পূজারী	p u d ʑ a ɹ iˑ
পূরণ	p u ɾ o n
পূরণ	p u ɹ o n
পূর্ণ	p u ɾ n oˑ
পূর্ণ	p u nː oˑ
পূর্ণ	p u ɹ n oˑ
পূর্ণ	p u nː oˑ
পূর্ণসময়	p u ɾ n ɔ ʃ ɔ m ɔ e̯
পূর্ণসময়	p u ɹ n ɔ ʃ ɔ m ɔ e̯
পূর্ব	p u ɾ b oˑ
পূর্ব	p u ɹ b oˑ
পূর্বধারণা	p u ɾ b ɔ d̪ʱ a ɾ ɔ n aˑ
পূর্বধারণা	p u ɹ b ɔ d̪ʱ a ɹ ɔ n aˑ
পূর্ববাংলা	p u ɾ b ɔ b a ŋ l aˑ
পূর্ববাংলা	p u ɹ b ɔ b a ŋ l aˑ
পূর্বানুমান	p u ɾ b a n u m a n
পূর্বানুমান	p u ɹ b a n u m a n
পৃথকীকরণ	p ɾ i t̪ʰ k i k ɾ o n
পৃথকীকরণ	p ɹ i t̪ʰ k i k ɹ o n
পৃথিবী	p ɾ i t̪ʰ i b iˑ
পৃথিবী	p ɹ i t̪ʰ i b iˑ
পৃথিবী	p ɾ i t̪ʰ i b iˑ
পৃথিবী	p ɹ i t̪ʰ i b iˑ
পৃথ্বী	p ɾ i t̪ʰː iˑ
পৃথ্বী	p ɹ i t̪ʰː iˑ
পেঁচ	p æ̃ t͡ʃ
পেঁচ	p ɛ t ɕ
পেঁচা	p ẽ t͡ʃ aˑ
পেঁচা	p e t ɕ aˑ
পেঁড়া	p æ̃ ɽ aˑ
পেঁড়া	p æ̃ ɾ aˑ
পেঁড়া	p ɛ ɹ aˑ
পেঁপে	p ẽ p eˑ
পেঁপে	p e p eˑ
পেঁয়াজ	p ẽ a d͡ʒ
পেঁয়াজ	p ẽ a z
পেঁয়াজ	p e a d ʑ
পেঁয়াজ	p e a z
পেচ্ছাপ	p e t͡ʃːʰ äˑ p
পেটা	p e ʈ̟ a
পেনিস	p e n i ʃ
পেনিস	p e n i ʃ
পেয়ারা	p e a ɾ aˑ
পেয়ারা	p e a ɹ aˑ
পেয়ালা	p e a l aˑ
পেয়ালা	p e a l aˑ
পেরু	p e ɾ uˑ
পেরু	p e ɹ uˑ
পেরেক	p e ɾ e k
পেরেক	p e ɹ e k
পেরেশান	p e ɾ e ʃ a n
পেরেশান	p æ ɾ e ʃ a n
পেরেশান	p e ɹ e ʃ a n
পেরেশান	p æ ɹ e ʃ a n
পেল	p eː l
পেল	p e l
পেল	p eː l
পেল	p e l
পেশোয়া	p e ʃ o̯ aˑ
পেশোয়া	p e ʃ o̯ aˑ
পেস্তা	p e s t̪ aˑ
পেস্তা	p e s t̪ aˑ
পোঁছা	p õ t͡ʃʰ aˑ
পোঁছা	p õ t ɕʰ aˑ
পোঁছা	p o t ɕʰ aˑ
পোঁতা	p õ t̪ aˑ
পোঁতা	p õ t̪ aˑ
পোঁতা	p o t̪ aˑ
পোকা	p o k a
পোছা	p o t͡ʃʰ aˑ
পোছা	p o t ɕʰ aˑ
পোড়া	p o ɽ̟ aˑ
পোড়ানো	p o ɽ̟ a n o
পোনা	p o n aˑ
পোনা	p o n aˑ
পোরা	p o ɾ aˑ
পোরা	p o ɹ aˑ
পোলা	p o l ɑ
পোলা	p o l ɑ
পোলা	p o l ä
পোলা	p u l ä
পোলা	ɸ u l ä
পোলাও	p o l a o̯
পোলাও	p o l a o̯
পোশাক	p o ʃ a k
পোশাক	p o ʃ a k
পোষণকারী	p o ʃ ɔ n k a ɾ iˑ
পোষণকারী	p o ʃ ɔ n k a ɹ iˑ
পোস্ট	p o s ʈ
পোস্ট	p o ʂ ʈ
পোস্ট	p o s t
পোস্ট	p o s t
পৌঁছনো	p o ũ t͡ʃʰ ɔ n oˑ
পৌঁছনো	p o ũ t͡ʃʰ o n oˑ
পৌঁছা	p o ũ t͡ʃʰ aˑ
পৌঁছা	p o u̯ t ɕʰ aˑ
পৌঁছানো	p o ũ t͡ʃʰ a n oˑ
পৌঁছানো	p o u̯ t ɕʰ a n oˑ
পৌনে	p o u̯ n eˑ
পৌনে	p o u̯ n eˑ
পৌনে	p o n eˑ
পৌষ	p o u̯ ʃ
পৌষ	p o u̯ ʃ
প্যাঁচ	p æ̃ t͡ʃ
প্যাঁচ	p ɛ t ɕ
প্যাঁচা	p æ̃ t͡ʃ aˑ
প্যাঁচা	p ɛ t ɕ aˑ
প্যাঁচাল	p æ̃ t͡ʃ a l
প্যাঁচাল	p ɛ t ɕ a l
প্যান্ডেল	p æ ɳ ɖ e l
প্যান্ডেল	p æ n d e l
প্যারা	p æ ɹ aˑ
প্যারিস	p æ ɾ i s
প্যারিস	p æ ɹ i s
প্যালেস্টাইন	p æ l e s ʈ a i̯ n
প্যালেস্টাইন	p æ l e ʂ ʈ a i̯ n
প্যালেস্টাইন	p ɛ l e s t a i̯ n
প্যালেস্টাইন	p ɛ l e s t a i̯ n
প্রকাশ	p ɾ o k a ʃ
প্রকাশ	p ɹ o k a ʃ
প্রকাশনা	p ɾ o k a ʃ o n aˑ
প্রকাশনা	p ɹ o k a ʃ o n aˑ
প্রকাশনা	p o k a ʃ o n aˑ
প্রকাশনা	ɸ o x a ʃ o n aˑ
প্রকাশিত	p ɾ o k a ʃ i t̪ oˑ
প্রকাশিত	p ɹ o k a ʃ i t̪ oˑ
প্রকৃত	p ɾ o kː i t̪ oˑ
প্রকৃত	p ɾ o k ɾ i t̪ oˑ
প্রকৃত	p ɹ o k ɹ i t̪ oˑ
প্রকৃতি	p ɾ o kː i t̪ iˑ
প্রকৃতি	p ɾ o k ɾ i t̪ iˑ
প্রকৃতি	p ɹ o k ɹ i t̪ iˑ
প্রকৃষ্ট	p ɾ ɔ kː i ʂ ʈ ɔˑ
প্রকৃষ্ট	p ɾ ɔ k ɾ i ʂ ʈ ɔˑ
প্রকৃষ্ট	p ɹ ɔ k ɹ i ʃ t ɔˑ
প্রকৃষ্ট	p ɹ ɔ k ɹ i s t ɔˑ
প্রকৃষ্টতা	p ɾ o kː i ʂ ʈ ɔ t̪ aˑ
প্রকৃষ্টতা	p ɾ o k ɾ i ʂ ʈ ɔ t̪ aˑ
প্রকৃষ্টতা	p ɹ o k ɹ i ʃ t ɔ t̪ aˑ
প্রকৃষ্টতা	p ɹ o k ɹ i s t ɔ t̪ aˑ
প্রচণ্ড	p ɾ o t͡ʃ o ɳ ɖ oˑ
প্রচণ্ড	p ɹ o t ɕ o n d oˑ
প্রচার	p ɾ o t͡ʃ a ɾ
প্রচার	p ɹ o t ɕ a ɹ
প্রচুর	p ɾ o t͡ʃ u ɾ
প্রচুর	p ɹ o t ɕ u ɹ
প্রজাপতি	p ɾ o d͡ʒ a p o t̪ iˑ
প্রজাপতি	p ɹ o d ʑ a p o t̪ iˑ
প্রজেক্ট	p ɾ ɔ d͡ʒ e k ʈ
প্রজেক্ট	p ɹ ɔ d ʑ e k t
প্রজ্ঞা	p ɾ o ɡː aˑ
প্রজ্ঞা	p ɹ o ɡː aˑ
প্রণালীবিদ্যা	p ɾ o n a l i b i d̪ː aˑ
প্রণালীবিদ্যা	p ɹ o n a l i b i d̪ː aˑ
প্রতিজ্ঞা	p ɾ o t̪ i ɡː aˑ
প্রতিজ্ঞা	p ɹ o t̪ i ɡː aˑ
প্রতিধ্বনি	p ɾ o t̪ i d̪ʱː o n iˑ
প্রতিধ্বনি	p ɹ o t̪ i d̪ʱː o n iˑ
প্রতিপাদন	p ɾ o t̪ i p a d̪ ɔ n
প্রতিপাদন	p ɹ o t̪ i p a d̪ ɔ n
প্রতিপাদনকারী	p ɾ o t̪ i p a d̪ ɔ n k a ɾ iˑ
প্রতিপাদনকারী	p ɹ o t̪ i p a d̪ ɔ n k a ɹ iˑ
প্রতিমা	p ɾ o t̪ i m aˑ
প্রতিমা	p ɾ o t̪ i m aˑ
প্রতিমাচূর্ণকারী	p ɾ o t̪ i m a t͡ʃ u ɾ n ɔ k a ɾ iˑ
প্রতিমাচূর্ণকারী	p ɹ o t̪ i m a t ɕ u ɹ n ɔ k a ɹ iˑ
প্রতিশোধ	p r o t̪ i ʃ o d̪ʱ
প্রতিশ্রুতি	p ɾ o t̪ i s ɾ u t̪ iˑ
প্রতিশ্রুতি	p ɹ o t̪ i s ɹ u t̪ iˑ
প্রতিষ্ঠা	p ɾ o t̪ i ʂ ʈʰ aˑ
প্রতিষ্ঠা	p ɹ o t̪ i ʃ tʰ aˑ
প্রতিষ্ঠা	p ɹ o t̪ i s tʰ aˑ
প্রতিষ্ঠা	p ɾ ɔ t̪ i ʃ tʰ aˑ
প্রতিষ্ঠা	ɸ ɹ ɔ t̪ i ʃ t áˑ
প্রতিষ্ঠিত	p ɾ o t̪ i ʂ ʈʰ i t̪ oˑ
প্রতিষ্ঠিত	p ɹ o t̪ i ʃ tʰ i t̪ oˑ
প্রতিষ্ঠিত	p ɹ o t̪ i s tʰ i t̪ oˑ
প্রতিষ্ঠিত	p ɾ ɔ t̪ i ʃ tʰ i t̪ ɔˑ
প্রতিষ্ঠিত	ɸ ɹ ɔ t̪ i ʃ t í t̪ ɔˑ
প্রত্ন	p ɾ o t̪ n oˑ
প্রত্ন	p ɹ o t̪ n oˑ
প্রত্যক্ষ	p ɾ o t̪ː o kʰː oˑ
প্রত্যক্ষ	p ɹ o t̪ː o kʰː oˑ
প্রত্যবায়	p ɾ o t̪ː o b a e̯
প্রত্যবায়	p ɹ o t̪ː o b a e̯
প্রত্যাশা	p ɾ o t̪ː a ʃ aˑ
প্রত্যাশা	p ɹ o t̪ː a ʃ aˑ
প্রত্যেক	p ɾ o t̪ː e k
প্রত্যেক	p ɹ o t̪ː e k
প্রথম	p ɾ o t̪ʰ ɔ m
প্রথম	p ɹ o t̪ʰ ɔ m
প্রদর্শন	p ɾ o d̪ o ɾ ʃ o n
প্রদর্শন	p ɾ o d̪ ɔ ɾ ʃ o n
প্রদর্শন	p ɹ o d̪ o ɹ ʃ o n
প্রদর্শন	p ɹ o d̪ ɔ ɹ ʃ o n
প্রদেশ	p ɾ o d̪ e ʃ
প্রদেশ	p ɹ o d̪ e ʃ
প্রধান	p ɾ o d̪ʱ a n
প্রধান	p ɹ o d̪ʱ a n
প্রধানমন্ত্রী	p ɾ o d̪ʱ a n m ɔ n t̪ː ɾ iˑ
প্রধানমন্ত্রী	p ɹ o d̪ʱ a n m ɔ n t̪ː ɹ iˑ
প্রবল	p ɾ o b o l
প্রবল	p ɾ o b ɔ l
প্রবল	p ɹ o b o l
প্রবল	p ɹ o b ɔ l
প্রবাহ	p ɾ o b a h oˑ
প্রবাহ	p ɹ o b a h oˑ
প্রবেশ	p ɾ o b e ʃ
প্রবেশ	p ɹ o b e ʃ
প্রবেশ	p ɾ o b e ʃ
প্রবেশ	p ɹ o b e ʃ
প্রভাব	p ɾ o bʱ a b
প্রভাব	p ɾ o v a b
প্রভাব	p ɹ o bʱ a b
প্রভাব	p ɹ o v a b
প্রভাবিত	p ɾ o bʱ a b i t̪ oˑ
প্রভাবিত	p ɾ o v a b i t̪ oˑ
প্রভাবিত	p ɹ o bʱ a b i t̪ oˑ
প্রভাবিত	p ɹ o v a b i t̪ oˑ
প্রভৃতি	p ɾ o bʱ ɾ i t̪ iˑ
প্রভৃতি	p ɾ o v ɾ i t̪ iˑ
প্রভৃতি	p ɹ o bʱ ɹ i t̪ iˑ
প্রভৃতি	p ɹ o v ɹ i t̪ iˑ
প্রমাণ	p ɾ o m a n
প্রমাণ	p ɹ o m a n
প্রমীলা	p ɾ o m i l aˑ
প্রমীলা	p ɹ o m i l aˑ
প্রয়োজন	p ɾ o e̯ o d͡ʒ ɔ n
প্রয়োজন	p ɹ o e̯ o d ʑ ɔ n
প্রলয়	p ɾ o l o e̯
প্রলয়	p ɹ o l o e̯
প্রলোভিত	p ɾ o l o bʱ i t̪ oˑ
প্রলোভিত	p ɾ o l o v i t̪ oˑ
প্রলোভিত	p ɹ o l o bʱ i t̪ oˑ
প্রলোভিত	p ɹ o l o v i t̪ oˑ
প্রশংসা	p ɾ o ʃ ɔ ŋ ʃ aˑ
প্রশংসা	p ɹ o ʃ ɔ ŋ ʃ aˑ
প্রশিক্ষিত	p ɾ o ʃ i kʰː i t̪ oˑ
প্রশিক্ষিত	p ɹ o ʃ i kʰː i t̪ oˑ
প্রশ্ন	p ɾ o ʃ n oˑ
প্রশ্ন	p ɾ o s n oˑ
প্রশ্ন	p ɹ o ʃ n oˑ
প্রশ্ন	p ɹ o s n oˑ
প্রশ্বাস	p ɾ o ʃː a ʃ
প্রশ্বাস	p ɹ o ʃː a ʃ
প্রস্তর	p ɾ o s t̪ ɔ ɾ
প্রস্তর	p ɹ o s t̪ ɔ ɹ
প্রস্তুত	p ɾ o s t̪ u t̪
প্রস্তুত	p ɹ o s t̪ u t̪
প্রস্তুতি	p ɾ o s t̪ u t̪ iˑ
প্রস্তুতি	p ɹ o s t̪ u t̪ iˑ
প্রস্ফুটিত	p ɾ o ʃ f u ʈ i t̪ oˑ
প্রস্ফুটিত	p ɹ o ʃ f u t i t̪ oˑ
প্রহরী	p ɾ o h o ɾ iˑ
প্রহরী	p ɹ o h o ɹ iˑ
প্রাকৃত	p ɾ a kː i t̪ oˑ
প্রাকৃত	p ɾ a k ɾ i t̪ oˑ
প্রাকৃত	p ɹ a k ɹ i t̪ oˑ
প্রাকৃতিক	p ɾ a kː i t̪ i k
প্রাকৃতিক	p ɾ a k ɾ i t̪ i k
প্রাকৃতিক	p ɹ a k ɹ i t̪ i k
প্রাঙ্গণ	p ɾ a ŋ ɡ ɔ n
প্রাঙ্গণ	p ɾ a ŋ ɡ o n
প্রাঙ্গণ	p ɹ a ŋ ɡ ɔ n
প্রাঙ্গণ	p ɹ a ŋ ɡ o n
প্রাচীন	p ɾ a t͡ʃ i n
প্রাচীন	p ɹ a t ɕ i n
প্রাচীর	p ɾ a t͡ʃ i ɾ
প্রাচীর	p ɹ a t ɕ i ɹ
প্রাণ	p ɾ aː n
প্রাণ	p ɾ a n
প্রাণ	p ɹ a n
প্রাণী	p ɾ a n iˑ
প্রাণী	p ɹ a n iˑ
প্রাত	p ɾ a t̪
প্রাত	p ɹ a t̪
প্রাতরাশ	p ɾ a t̪ ɔ ɾ a ʃ
প্রাতরাশ	p ɹ a t̪ ɔ ɹ a ʃ
প্রাদেশিক	p ɾ a d̪ e ʃ i k
প্রাদেশিক	p ɹ a d̪ e ʃ i k
প্রায়	p ɾ a e̯
প্রায়	p ɹ a e̯
প্রায়	p ɾ a e̯
প্রায়	p ɹ a e̯
প্রায়শ্চিত্ত	p ɾ a e̯ ɔ ʃ t͡ʃ i t̪ː oˑ
প্রায়শ্চিত্ত	p ɾ a e̯ ɔ s t͡ʃ i t̪ː oˑ
প্রায়শ্চিত্ত	p ɹ a e̯ ɔ ʃ t ɕ i t̪ː oˑ
প্রায়শ্চিত্ত	p ɹ a e̯ ɔ s t ɕ i t̪ː oˑ
প্রারব্ধ	p ɾ a ɾ ɔ b d̪ʱ oˑ
প্রারব্ধ	p ɹ a ɹ ɔ b d̪ʱ oˑ
প্রার্থনা	p ɾ a ɾ t̪ʰ ɔ n aˑ
প্রার্থনা	p ɹ a ɹ t̪ʰ ɔ n aˑ
প্রাসঙ্গিক	p ɾ a ʃ ɔ ŋ ɡ i k
প্রাসঙ্গিক	p ɹ a ʃ ɔ ŋ ɡ i k
প্রিয়	p ɾ i̯ oˑ
প্রিয়	p ɹ i̯ oˑ
প্রিয়	p ɾ i̯ oˑ
প্রিয়	p ɹ i̯ oˑ
প্রীতম	p ɾ i t̪ o m
প্রীতম	p ɹ i t̪ o m
প্রীতম	p ɾ i t̪ o m
প্রীতম	p ɹ i t̪ o m
প্রীতি	p ɹ i t̪ iˑ
প্রীতি	p ɹ i t̪ iˑ
প্রেত	p ɾ e t̪
প্রেত	p ɹ e t̪
প্রেতাত্মা	p ɾ e t̪ a t̪ː aˑ
প্রেতাত্মা	p ɹ e t̪ a t̪ː aˑ
প্রেম	p ɾ eː m
প্রেম	p ɾ e m
প্রেম	p ɹ e m
প্রেম	p ɾ eː m
প্রেম	p ɾ e m
প্রেম	p ɹ e m
প্রেমপীড়িত	p ɾ e m p i ɽ i t̪ oˑ
প্রেমপীড়িত	p ɾ e m p i ɾ i t̪ oˑ
প্রেমপীড়িত	p ɹ e m p i ɹ i t̪ oˑ
প্রেমহীন	p ɾ e m h i n
প্রেমহীন	p ɾ e mː i n
প্রেমহীন	p ɹ e m h i n
প্রেমহীন	p ɹ e mː i n
প্রেমিক	p ɾ e m i k
প্রেমিক	p ɹ e m i k
প্রেমিক	p ɾ e m i k
প্রেমিক	p ɹ e m i k
প্রেমিকা	p ɾ e m i k aˑ
প্রেমিকা	p ɹ e m i k aˑ
প্রেমিকা	p ɾ e m i k aˑ
প্রেমিকা	p ɹ e m i k aˑ
প্রেরিত	p ɾ e ɾ i t̪ oˑ
প্রেরিত	p ɾ e ɾ i t̪ oˑ
প্রৌঢ়	p ɾ o u̯ ɽʱ oˑ
প্রৌঢ়	p ɾ o u̯ ɽ oˑ
প্রৌঢ়	p ɾ o u̯ ɾ h oˑ
প্রৌঢ়	p ɾ o u̯ ɹ oˑ
প্লাটিনাম	p l a ʈ i n a m
প্লাটিনাম	p l a t i n a m
প্লিজ	p l i d͡ʒ
প্লিজ	p l i d ʑ
প্লীজ	p l iː z
প্লীজ	p l i z
প্লীজ	p l i d͡ʒ
প্লীজ	p l iː z
প্লীজ	p l i z
প্লীজ	p l i d ʑ
প্লুটো	p l u ʈ oˑ
প্লুটো	p l u t oˑ
প্লেটিনাম	p l e ʈ i n a m
প্লেটিনাম	p l e t i n a m
প্ল্যাটিনাম	p l æ ʈ i n a m
প্ল্যাটিনাম	p l ɛ t i n a m
ফকিন্নি	f ɔ k i nː iˑ
ফকিন্নি	f ɔ k i nː iˑ
ফকির	f o k i ɾ
ফকির	f o k i ɹ
ফকীর	f o k i ɾ
ফকীর	f o k i ɹ
ফখরুদ্দিন	pʰ ɔ kʰ ɾ u d̪ː i n
ফখরুদ্দিন	pʰ ɔ k ɾ u d̪ː i n
ফখরুদ্দিন	ɸ ɔ kʰ ɾ u d̪ː i n
ফখরুদ্দিন	ɸ ɔ k ɾ u d̪ː i n
ফখরুদ্দিন	f ɔ kʰ ɾ u d̪ː i n
ফখরুদ্দিন	f ɔ k ɾ u d̪ː i n
ফখরুদ্দিন	f ɔ x ɾ u d̪ː i n
ফজর	f ɔ d͡ʒ o ɾ
ফজর	f ɔ d ʑ o ɹ
ফজল	f ɔ d͡ʒ o l
ফজল	f ɔ z o l
ফজল	f ɔ d ʑ o l
ফজল	f ɔ z o l
ফটো	f ɔ ʈ̟ o
ফটো	f ɔ ʈ̟ o
ফটো	f ɔ ʈ̟ o
ফটোগ্রাফ	f ɔ ʈ o ɡ ɾ a f
ফটোগ্রাফ	f ɔ t o ɡ ɹ a f
ফড়িং	pʰ o ɽ i ŋ
ফড়িং	pʰ o ɾ i ŋ
ফড়িং	f o ɽ i ŋ
ফড়িং	f o ɾ i ŋ
ফড়িং	pʰ o ɹ i ŋ
ফড়িং	f o ɹ i ŋ
ফণা	f ɔ n aˑ
ফণা	f ɔ n aˑ
ফণী	f o n iˑ
ফণী	f o n iˑ
ফতুর	f o t̪ u ɾ
ফতুর	f o t̪ u ɹ
ফতে	f o t̪ eˑ
ফতে	f o t̪ eˑ
ফতোয়া	f ɔ t̪ o̯ aˑ
ফতোয়া	f ɔ t̪ o̯ aˑ
ফয়সালা	f ɔ e̯ s a l aˑ
ফয়সালা	f ɔ e̯ s a l aˑ
ফয়েজ	f ɔ e z
ফয়েজ	f ɔ e z
ফরজ	f ɔ ɾ o z
ফরজ	f ɔ ɾ o d͡ʒ
ফরজ	f ɔ ɾ z
ফরজ	f ɔ ɾ d͡ʒ
ফরজ	f ɔ ɹ o z
ফরজ	f ɔ ɹ o d ʑ
ফরজ	f ɔ ɹ z
ফরজ	f ɔ ɹ d ʑ
ফরজন্দ	f ɔ ɾ d͡ʒ ɔ n d̪
ফরজন্দ	f ɾ ɔ d͡ʒ ɔ n d̪
ফরজন্দ	f ɔ ɹ d ʑ ɔ n d̪
ফরজন্দ	f ɹ ɔ d ʑ ɔ n d̪
ফরজন্দ	ɸ ɔ ɾ d̪ z ɔ n d̪
ফরজন্দ	ɸ ɔ ɹ z ɔ n d̪
ফরজন্দ	ɸ ɾ ɔ d̪ z ɔ n d̪
ফরজন্দ	ɸ ɹ ɔ z ɔ n d̪
ফরজন্দ	f ɔ ɾ z ɔ n d̪
ফরজন্দ	f ɾ ɔ z ɔ n d̪
ফরমান	f o ɾ m a n
ফরমান	f o ɹ m a n
ফরমানো	f ɔ ɾ m a n oˑ
ফরমানো	f ɔ ɹ m a n oˑ
ফরমায়েশ	pʰ ɔ ɾ m a e̯ ʃ
ফরমায়েশ	f ɔ ɾ m a e̯ ʃ
ফরমায়েশ	pʰ ɔ ɹ m a e̯ ʃ
ফরমায়েশ	f ɔ ɹ m a e̯ ʃ
ফরযন্দ	f ɔ ɾ d͡ʒ ɔ n d̪
ফরযন্দ	f ɾ ɔ d͡ʒ ɔ n d̪
ফরযন্দ	f ɔ ɹ d ʑ ɔ n d̪
ফরযন্দ	f ɹ ɔ d ʑ ɔ n d̪
ফরযন্দ	ɸ ɔ ɾ d̪ z ɔ n d̪
ফরযন্দ	ɸ ɔ ɹ z ɔ n d̪
ফরযন্দ	ɸ ɾ ɔ d̪ z ɔ n d̪
ফরযন্দ	ɸ ɹ ɔ z ɔ n d̪
ফরযন্দ	f ɔ ɾ z ɔ n d̪
ফরযন্দ	f ɾ ɔ z ɔ n d̪
ফরাসি	f ɔ ɾ a ʃ iˑ
ফরাসি	f ɔ ɹ a ʃ iˑ
ফরিয়াদ	f o ɾ i̯ a d̪
ফরিয়াদ	f o ɹ i̯ a d̪
ফর্জন্দ	f ɔ ɾ d͡ʒ ɔ n d̪
ফর্জন্দ	f ɾ ɔ d͡ʒ ɔ n d̪
ফর্জন্দ	f ɔ ɹ d ʑ ɔ n d̪
ফর্জন্দ	f ɹ ɔ d ʑ ɔ n d̪
ফর্যন্দ	f ɔ ɾ d͡ʒ ɔ n d̪
ফর্যন্দ	f ɾ ɔ d͡ʒ ɔ n d̪
ফর্যন্দ	f ɔ ɹ d ʑ ɔ n d̪
ফর্যন্দ	f ɹ ɔ d ʑ ɔ n d̪
ফলসা	f ɔ l ʃ aˑ
ফলসা	f ɔ l ʃ aˑ
ফলা	pʰ ɔ l aˑ
ফলা	ɸ ɔ l aˑ
ফলা	f ɔ l aˑ
ফলা	pʰ ɔ l aˑ
ফলা	ɸ ɔ l aˑ
ফলা	f ɔ l aˑ
ফলা	pʰ ɔ l aˑ
ফলা	ɸ ɔ l aˑ
ফলা	f ɔ l aˑ
ফলা	pʰ ɔ l aˑ
ফলা	ɸ ɔ l aˑ
ফলা	f ɔ l aˑ
ফলাফল	f ɔ l a f ɔ l
ফলাফল	f ɔ l a f ɔ l
ফাঁসি	f ã ʃ iˑ
ফাঁসি	f a ʃ iˑ
ফাইরুজ	f a i̯ ɾ u z
ফাইরুজ	f a i̯ ɹ u z
ফাজিল	f a d͡ʒ i l
ফাজিল	f a z i l
ফাজিল	f a d ʑ i l
ফাজিল	f a z i l
ফাজিল	ɸ a d̪ z i l
ফাজিল	ɸ a z i l
ফাটা	pʰ ɑ ʈ ɑ
ফাটা	ɸ ɑ ʈ ɑ
ফাটা	f ɑ ʈ ɑ
ফাটাফাটি	pʰ a ʈ a pʰ a ʈ iˑ
ফাটাফাটি	f a ʈ a f a ʈ iˑ
ফাটাফাটি	pʰ a t a pʰ a t iˑ
ফাটাফাটি	f a t a f a t iˑ
ফাতেমা	f a t̪ e m aˑ
ফাতেমা	f a t̪ e m aˑ
ফানা	f a n aˑ
ফানা	pʰ a n aˑ
ফানা	f a n aˑ
ফানা	pʰ a n aˑ
ফানুস	f a n u ʃ
ফানুস	f a n u ʃ
ফায়দা	f a e̯ d̪ aˑ
ফায়দা	f a e̯ d̪ aˑ
ফারজানা	f a ɾ z a n aˑ
ফারজানা	f a ɾ d͡ʒ a n aˑ
ফারজানা	f a ɹ z a n aˑ
ফারজানা	f a ɹ d ʑ a n aˑ
ফারহান	f a ɾ h a n
ফারহান	f a ɾ h a n
ফারহানা	f a ɾ h a n aˑ
ফারহানা	f a ɾ h a n aˑ
ফারাক	f a ɾ a k
ফারাক	pʰ a ɾ a k
ফারাক	f a ɹ a k
ফারাক	pʰ a ɹ a k
ফারাহ	f a ɾ aˑ
ফারাহ	f a ɹ aˑ
ফাল	f aː l
ফাল	f a l
ফাল	f aː l
ফাল	f a l
ফাল	ɸ a l
ফাল	ɸ a l
ফাল	f aː l
ফালতু	pʰ a l̪ t̪ uˑ
ফালতু	f a l̪ t̪ uˑ
ফালতু	f a l̪ t̪ uˑ
ফালতু	ɸ a l t̪ uˑ
ফালতু	ɸ a l t̪ uˑ
ফালুদা	f a l u d̪ aˑ
ফালুদা	f a l u d̪ aˑ
ফাল্গুন	f a l ɡ u n
ফাল্গুন	f a l ɡ u n
ফাস	f aː s
ফাস	f a s
ফাস	f aː s
ফাস	f a s
ফাহাদ	f a h a d̪
ফাহাদ	f a h a d̪
ফাহ্মী	f a h m iˑ
ফাহ্মী	f a h a m iˑ
ফাহ্মী	f a h m iˑ
ফাহ্মী	f a h a m iˑ
ফিজি	f i d͡ʒ iˑ
ফিজি	f i d ʑ iˑ
ফিতা	f i t̪ aˑ
ফিতা	f i t̪ aˑ
ফিতুর	f i t̪ u ɾ
ফিতুর	f i t̪ u ɹ
ফিদা	f i d̪ aˑ
ফিদা	f i d̪ aˑ
ফিনল্যান্ড	f i n l æ ɳ ɖ
ফিনল্যান্ড	f i n l æ n d
ফিনিক্স	f i n i k s
ফিনিক্স	f i n i k s
ফিরানো	f i ɾ a n oˑ
ফিরানো	f i ɹ a n oˑ
ফিরিঙ্গি	f i ɾ i ŋ ɡ iˑ
ফিরিঙ্গি	f i ɹ i ŋ ɡ iˑ
ফিরে	f i ɾ eˑ
ফিরে	f i ɹ eˑ
ফিরেবার	f i ɾ e b a ɾ
ফিরেবার	f i ɹ e b a ɹ
ফিরেবার	ɸ i ɾ ɛ b a ɾ
ফিরেবার	ɸ i ɹ ɛ b a ɹ
ফিরোজ	f i ɾ o z
ফিরোজ	f i ɹ o z
ফিরোজা	f i ɾ o z aˑ
ফিরোজা	f i ɹ o z aˑ
ফিলিপাইন	f i l i p a i̯ n
ফিলিপাইন	f i l i p a i̯ n
ফিলিস্তিন	f i l i s t̪ i n
ফিলিস্তিন	f i l i s t̪ i n
ফুচকা	f u t͡ʃ ɔ k aˑ
ফুচকা	f u t ɕ ɔ k aˑ
ফুটপাত	f u ʈ p a t̪
ফুটপাত	f u t p a t̪
ফুটপাথ	f u ʈ p a t̪
ফুটপাথ	f u t p a t̪
ফুটপোথ	f u ʈ p o t̪
ফুটপোথ	f u t p o t̪
ফুফু	f u f uˑ
ফুফু	f u f uˑ
ফুফু	ɸ u ɸ uˑ
ফুফু	ɸ u ɸ uˑ
ফুফু	f u f uˑ
ফুয়েল	f u̯ e l
ফুয়েল	f u̯ e l
ফুরসত	f u ɾ ʃ ɔ t̪
ফুরসত	f u ɹ ʃ ɔ t̪
ফুর্তি	f u ɾ t̪ iˑ
ফুর্তি	f u ɾ t̪ iˑ
ফুলকপি	f u l k o p iˑ
ফুলকপি	f u l k o p iˑ
ফুসকুড়ি	f u ʃ k u ɽ iˑ
ফুসকুড়ি	f u ʃ k u ɾ iˑ
ফুসকুড়ি	f u ʃ k u ɹ iˑ
ফুসফুস	pʰ u ʃ pʰ u ʃ
ফুসফুস	pʰ u ʃ pʰ u ʃ
ফুসফুসীয়	f u ʃ f u ʃ i̯ oˑ
ফুসফুসীয়	f u ʃ f u ʃ i̯ oˑ
ফুস্কুড়ি	f u s k u ɽ iˑ
ফুস্কুড়ি	f u s k u ɾ iˑ
ফুস্কুড়ি	f u s k u ɹ iˑ
ফেন	f eː n
ফেন	f e n
ফেন	f eː n
ফেন	f e n
ফেনা	f æ n aˑ
ফেনা	f ɛ n aˑ
ফেব্রুয়ারি	f e b ɾ u̯ a ɾ iˑ
ফেব্রুয়ারি	f e b ɹ u̯ a ɹ iˑ
ফেরদৌস	f e ɾ d̪ o u̯ s
ফেরদৌস	f e ɾ d̪ o u̯ s
ফেরদৌস	f e ɾ d̪ o s
ফেরা	pʰ e ɾ aˑ
ফেরা	f e ɹ aˑ
ফেরানো	f e ɾ a n oˑ
ফেরানো	f e ɹ a n oˑ
ফেরেশতা	f e ɾ e ʃ t̪ aˑ
ফেরেশতা	f e ɾ e s t̪ aˑ
ফেরেশতা	pʰ e ɾ e ʃ t̪ aˑ
ফেরেশতা	pʰ e ɾ e s t̪ aˑ
ফেরেশতা	f e ɹ e ʃ t̪ aˑ
ফেরেশতা	f e ɹ e s t̪ aˑ
ফেরেশতা	pʰ e ɹ e ʃ t̪ aˑ
ফেরেশতা	pʰ e ɹ e s t̪ aˑ
ফেরেশ্তা	f e ɾ e ʃ t̪ aˑ
ফেরেশ্তা	f e ɾ e s t̪ aˑ
ফেরেশ্তা	f e ɹ e ʃ t̪ aˑ
ফেরেশ্তা	f e ɹ e s t̪ aˑ
ফেরেসতা	f e ɾ e ʃ t̪ aˑ
ফেরেসতা	f e ɾ e s t̪ aˑ
ফেরেসতা	f e ɹ e ʃ t̪ aˑ
ফেরেসতা	f e ɹ e s t̪ aˑ
ফেরেস্তা	f e ɾ e s t̪ aˑ
ফেরেস্তা	f e ɹ e s t̪ aˑ
ফেলা	f æ l aˑ
ফেলা	f ɛ l aˑ
ফেসবুক	f e s b u k
ফেসবুক	f e s b u k
ফোঁটা	pʰ õ ʈ aˑ
ফোঁটা	f õ ʈ aˑ
ফোঁটা	f õ t aˑ
ফোঁটা	f o t aˑ
ফোঁটা	ɸ õ t aˑ
ফোঁটা	ɸ õ t aˑ
ফোঁসা	f õ ʃ aˑ
ফোঁসা	f õ ʃ aˑ
ফোঁসা	f o ʃ aˑ
ফোকট	f o k ɔ ʈ
ফোকট	f o k ɔ t
ফোটা	pʰ o ʈ aˑ
ফোটা	f o ʈ aˑ
ফোটা	f o t aˑ
ফোটা	ɸ o t aˑ
ফোটা	ɸ o t aˑ
ফোটানো	pʰ o ʈ a n oˑ
ফোটানো	f o ʈ a n oˑ
ফোটানো	f o t a n oˑ
ফোটানো	ɸ o t a n oˑ
ফোটানো	ɸ o t a n oˑ
ফোড়া	f o ɽ aˑ
ফোড়া	f o ɾ aˑ
ফোড়া	f o ɹ aˑ
ফোন	f oː n
ফোন	f o n
ফোন	f oː n
ফোন	f o n
ফোপরা	f o p ɔ ɾ aˑ
ফোপরা	f o p ɔ ɹ aˑ
ফোরাত	f o ɾ a t̪
ফোরাত	f o ɹ a t̪
ফোলা	pʰ o l aˑ
ফোলা	ɸ o l aˑ
ফোলা	f o l aˑ
ফোলা	pʰ o l aˑ
ফোলা	ɸ o l aˑ
ফোলা	f o l aˑ
ফৌজ	f o u̯ d͡ʒ
ফৌজ	f o u̯ z
ফৌজ	f o u̯ d ʑ
ফৌজ	f o u̯ z
ফৌজদার	f o u̯ d͡ʒ ɔ d̪ a ɾ
ফৌজদার	f o u̯ d ʑ ɔ d̪ a ɹ
ফৌজি	f o u̯ d͡ʒ iˑ
ফৌজি	f o u̯ z iˑ
ফৌজি	f o u̯ d ʑ iˑ
ফৌজি	f o u̯ z iˑ
ফ্যান	f æː n
ফ্যান	f æ n
ফ্যান	f ɛː n
ফ্যান	f ɛ n
ফ্যাসিবাদ	f æ s i b a d̪
ফ্যাসিবাদ	f ɛ s i b a d̪
ফ্রজন্দ	f ɾ ɔ d͡ʒ ɔ n d̪
ফ্রজন্দ	f ɔ ɾ d͡ʒ ɔ n d̪
ফ্রজন্দ	f ɹ ɔ d ʑ ɔ n d̪
ফ্রজন্দ	f ɔ ɹ d ʑ ɔ n d̪
ফ্রযন্দ	f ɾ ɔ d͡ʒ ɔ n d̪
ফ্রযন্দ	f ɔ ɾ d͡ʒ ɔ n d̪
ফ্রযন্দ	f ɹ ɔ d ʑ ɔ n d̪
ফ্রযন্দ	f ɔ ɹ d ʑ ɔ n d̪
ফ্রান্স	f ɾ a n s
ফ্রান্স	f ɹ a n s
ফ্রিজ	f ɾ i d͡ʒ
ফ্রিজ	f ɾ iː z
ফ্রিজ	f ɾ i z
ফ্রিজ	f ɹ i d ʑ
ফ্রিজ	f ɹ i z
ফ্রেশ	f ɾ eː ʃ
ফ্রেশ	f ɾ e ʃ
ফ্রেশ	f ɹ e ʃ
ফ্লপি	f l ɔ p iˑ
ফ্লপি	f l ɔ p iˑ
ফ্লাক্স	f l a k s
ফ্লাক্স	f l a k s
ফ্ল্যাগ	f l æ ɡ
ফ্ল্যাগ	f l ɛ ɡ
বঁধু	b ɔ̃ d̪ʱ uˑ
বঁধু	b ɔ d̪ʱ uˑ
বংশ	b ɔ ŋ ʃ oˑ
বংশ	b ɔ ŋ ʃ oˑ
বংশধর	b ɔ ŋ ʃ o d̪ʱ ɔ ɾ
বংশধর	b ɔ ŋ ʃ o d̪ʱ ɔ ɹ
বই	b o i̯
বই	b o i̯
বউ	b o u̯
বউ	b o u̯
বক	b ɔː k
বক	b ɔ k
বক	b ɔː k
বক	b ɔ k
বকশিশ	b o k ʃ i ʃ
বকশিশ	b o k ʃ i ʃ
বকুল	b ɔ k u l
বকুল	b ɔ k u l
বক্তৃতা	b o k t̪ː ɾ i t̪ aˑ
বক্তৃতা	b o k t̪ː ɹ i t̪ aˑ
বগ	b ɔ ɡ
বগ	b ɔ ɡ
বগদাদ	b ɔ ɡ d̪ a d̪
বগদাদ	b ɔ ɡ d̪ a d̪
বগল	b ɔ ɡ o l
বগল	b o ɡ o l
বগল	b ɔ ɡ o l
বগল	b o ɡ o l
বগা	b ɔ ɡ aˑ
বগা	b ɔ ɡ aˑ
বগী	b o ɡ iˑ
বগী	b o ɡ iˑ
বগুড়া	b o ɡ u ɾ aˑ
বগুড়া	b o ɡ u ɾ aˑ
বঙ্গ	b ɔ ŋ ɡ oˑ
বঙ্গ	b ɔ ŋ ɡ oˑ
বঙ্গবিদ্যা	b ɔ n ɡ o b i d̪ː aˑ
বঙ্গবিদ্যা	b ɔ n ɡ o b i d̪ː aˑ
বঙ্গভঙ্গ	b ɔ ŋ ɡ ɔ bʱ ɔ ŋ ɡ oˑ
বঙ্গভঙ্গ	b ɔ ŋ ɡ ɔ v ɔ ŋ ɡ oˑ
বঙ্গভঙ্গ	b ɔ ŋ ɡ ɔ bʱ ɔ ŋ ɡ oˑ
বঙ্গভঙ্গ	b ɔ ŋ ɡ ɔ v ɔ ŋ ɡ oˑ
বঙ্গাব্দ	b ɔ ŋ ɡ a b d̪ oˑ
বঙ্গাব্দ	b ɔ ŋ ɡ a b d̪ oˑ
বঙ্গালী	b ɔ ŋ ɡ a l iˑ
বঙ্গালী	b ɔ ŋ ɡ a l iˑ
বছর	b ɔ t͡ʃʰ o ɾ
বছর	b ɔ t ɕʰ o ɹ
বজায়	b ɔ d͡ʒ a e̯
বজায়	b ɔ d ʑ a e̯
বজ্র	b ɔ d͡ʒ ɾ oˑ
বজ্র	b ɔ d ʑ ɹ oˑ
বজ্রধ্বনি	b ɔ d͡ʒ ɾ ɔ d̪ʱ ɔ n iˑ
বজ্রধ্বনি	b ɔ d ʑ ɹ ɔ d̪ʱ ɔ n iˑ
বট	b ɔː ʈ
বট	b ɔ ʈ
বট	b ɔː t
বট	b ɔ t
বড	b ɔː ɖ
বড	b ɔ ɖ
বড	b ɔː d
বড	b ɔ d
বড়	b ɔ ɽ oˑ
বড়	b ɔ ɾ oˑ
বড়	b ɔ ɹ oˑ
বড়	b ɔ ɽ
বড়	b ɔ ɾ
বড়	b ɔ ɹ
বড়দিন	b ɔ ɽ o d̪ i n
বড়দিন	b ɔ ɾ o d̪ i n
বড়দিন	b ɔ ɹ o d̪ i n
বড়ি	b o ɽ iˑ
বড়ি	b o ɾ iˑ
বড়ি	b o ɹ iˑ
বড়ুয়া	b o ɽ u̯ aˑ
বড়ুয়া	b o ɾ u̯ aˑ
বড়ুয়া	b o ɹ u̯ aˑ
বত্ব	b ɔ t̪ː oˑ
বত্ব	b ɔ t̪ː oˑ
বদ	b ɔ d̪
বদ	b ɔ d̪
বদদোয়া	b ɔ d̪ d̪ o̯ aˑ
বদদোয়া	b ɔ d̪ d̪ ʊ aˑ
বদদোয়া	b ɔ d̪ d̪ o̯ aˑ
বদদোয়া	b ɔ d̪ d̪ ʊ aˑ
বদভ্যাস	b ɔ d̪ o bʱː a ʃ
বদভ্যাস	b ɔ d̪ o vː a ʃ
বদভ্যাস	b ɔ d̪ o bʱː a ʃ
বদভ্যাস	b ɔ d̪ o vː a ʃ
বদমাইশ	b ɔ d̪ m a i̯ ʃ
বদমাইশ	b ɔ d̪ m a i̯ ʃ
বদরী	b ɔ d̪ o ɾ iˑ
বদরী	b ɔ d̪ o ɹ iˑ
বদ্ধ	b ɔ d̪ʱː oˑ
বদ্ধ	b ɔ d̪ʱː oˑ
বদ্ধ	b ɔ d̪ʱː ɔˑ
বদ্ধ	b ɔ d̪ː ɔ́ˑ
বন	b oː n
বন	b o n
বন	b oː n
বন	b o n
বন	b ɔː n
বন	b ɔ n
বন	b ɔː n
বন	b ɔ n
বনশ্রী	b o n o s ɾ iˑ
বনশ্রী	b o n o s ɹ iˑ
বনানী	b ɔ n a n iˑ
বনানী	b ɔ n a n iˑ
বন্দর	b ɔ n d̪ ɔ ɾ
বন্দর	b ɔ n d̪ ɔ ɹ
বন্দুকিয়া	b ɔ n d̪ u k i̯ aˑ
বন্দুকিয়া	b ɔ n d̪ u k i̯ aˑ
বন্দোবস্ত	b ɔ n d̪ o b ɔ s t̪ oˑ
বন্দোবস্ত	b ɔ n d̪ o b ɔ s t̪ oˑ
বন্দ্যোপাধ্যায়	b ɔ n d̪ o p a d̪ʱː a e̯
বন্দ্যোপাধ্যায়	b ɔ n d̪ o p a d̪ʱː a e̯
বন্ধ	b ɔ n d̪ʱ oˑ
বন্ধ	b ɔ n d̪ʱ oˑ
বন্ধন	b ɔ n d̪ʱ ɔ n
বন্ধন	b ɔ n d̪ʱ o n
বন্ধন	b ɔ n d̪ʱ ɔ n
বন্ধন	b ɔ n d̪ʱ o n
বন্ধু	b o n d̪ʱ uˑ
বন্ধু	b o n d̪ʱ uˑ
বন্ধুত্ব	b o n d̪ʱ u t̪ː oˑ
বন্ধুত্ব	b o n d̪ʱ u t̪ː oˑ
বন্ধুহীন	b ɔ n d̪ʱ u h i n
বন্ধুহীন	b ɔ n d̪ʱ u h i n
বন্‌ধ	b ɔ n d̪
বন্‌ধ	b ɔ n d̪
বম্বে	b ɔ m b eˑ
বম্বে	b o m b eˑ
বম্বে	b ɔ m b eˑ
বম্বে	b o m b eˑ
বয়জা	b ɔ e̯ d͡ʒ aˑ
বয়জা	b ɔ e̯ d ʑ aˑ
বয়স	b ɔ e̯ o ʃ
বয়স	b ɔ e̯ ʃ
বয়স	b ɔ e̯ o ʃ
বয়স	b ɔ e̯ ʃ
বয়স্ক	b ɔ e̯ o s k oˑ
বয়স্ক	b ɔ e̯ o s k oˑ
বয়ান	b ɔ e̯ a n
বয়ান	b ɔ e̯ a n
বর	b ɔː ɾ
বর	b ɔ ɾ
বর	b ɔ ɹ
বরং	b ɔ ɾ o ŋ
বরং	b ɔ ɹ o ŋ
বরকত	b ɔ ɾ k o t̪
বরকত	b ɔ ɹ k o t̪
বরকন্দাজ	b ɔ ɾ k ɔ n d̪ a d͡ʒ
বরকন্দাজ	b ɔ ɹ k ɔ n d̪ a d ʑ
বরফ	b ɔ ɾ o p
বরফ	b ɔ ɾ o pʰ
বরফ	b ɔ ɹ o f
বরফ	b ɔ ɾ o ɸ
বরফ	b ɔ ɹ o ɸ
বরবাদ	b ɔ ɾ b a d̪
বরবাদ	b ɔ ɹ b a d̪
বরাবর	b ɔ ɾ a b ɔ ɾ
বরাবর	b ɔ ɹ a b ɔ ɹ
বরেন্দ্র	b ɔ ɾ e n d̪ː ɾ oˑ
বরেন্দ্র	b ɔ ɹ e n d̪ː ɹ oˑ
বরেন্দ্রী	b ɔ ɾ e n d̪ː ɾ iˑ
বরেন্দ্রী	b ɔ ɹ e n d̪ː ɹ iˑ
বর্গ	b ɔ ɾ ɡ oˑ
বর্গ	b ɔ ɹ ɡ oˑ
বর্গি	b o ɾ ɡ iˑ
বর্গি	b o ɹ ɡ iˑ
বর্গীয়	b ɔ ɾ ɡ i̯ oˑ
বর্গীয়	b ɔ ɹ ɡ i̯ oˑ
বর্ণ	b ɔ ɾ n oˑ
বর্ণ	b ɔ ɹ n oˑ
বর্ণনা	b ɔ ɾ n o n aˑ
বর্ণনা	b ɔ ɹ n o n aˑ
বর্ণমালা	b ɔ ɾ n o m a l aˑ
বর্ণমালা	b ɔ ɹ n o m a l aˑ
বর্তমান	b ɔ ɾ t̪ o m a n
বর্তমান	b ɔ ɹ t̪ o m a n
বর্ধমান	b ɔ ɾ d̪ʱ o m a n
বর্ধমান	b ɔ ɹ d̪ʱ o m a n
বর্ষণ	b ɔ ɾ ʃ o n
বর্ষণ	b ɔ ɹ ʃ o n
বর্ষণবিধৌত	b ɔ ɾ ʃ ɔ n b i d̪ʱ o u̯ t̪
বর্ষণবিধৌত	b ɔ ɹ ʃ ɔ n b i d̪ʱ o u̯ t̪
বর্ষপঞ্জি	b ɔ ɾ ʃ o p o n d͡ʒ iˑ
বর্ষপঞ্জি	b ɔ ɹ ʃ o p o n d ʑ iˑ
বর্ষা	b ɔ ɾ ʃ aˑ
বর্ষা	b ɔ ɹ ʃ aˑ
বল	b ɔː l
বল	b ɔ l
বল	b ɔː l
বল	b ɔ l
বল	b ɔː l
বল	b ɔ l
বল	b ɔː l
বল	b ɔ l
বল	b ɔ l oˑ
বল	b ɔ l oˑ
বলকান	b ɔ l k a n
বলকান	b ɔ l k a n
বলদ	b ɔ l o d̪
বলদ	b ɔ l o d̪
বলা	b ɔ l aˑ
বলা	b ɔ l aˑ
বলিউড	b o l i u̯ ɖ
বলিউড	b o l i u̯ d
বলিদান	b o l i d̪ a n
বলিদান	b o l i d̪ a n
বলেন	b ɔ l e n
বলেন	b ɔ l e n
বল্টু	b ɔ ɭ ʈ uˑ
বল্টু	b ɔ l̪ t uˑ
বশির	b o ʃ i ɾ
বশির	b o ʃ i ɹ
বস	b ɔː s
বস	b ɔ s
বস	b ɔː ʃ
বস	b ɔ ʃ
বস	b ɔː s
বস	b ɔ s
বস	b ɔː ʃ
বস	b ɔ ʃ
বসন্ত	b ɔ ʃ o n t̪ oˑ
বসন্ত	b ɔ ʃ o n t̪ oˑ
বসবাস	b ɔ s o b a ʃ
বসবাস	b ɔ s o b a ʃ
বসবাসকারী	b ɔ s o b a ʃ k a ɾ iˑ
বসবাসকারী	b ɔ s o b a ʃ k a ɹ iˑ
বসা	b ɔ ʃ aˑ
বসা	b ɔ ʃ aˑ
বসু	b o s̠ uˑ
বসুন্ধরা	b o ʃ u n d̪ʱ ɔ ɾ aˑ
বসুন্ধরা	b o ʃ u n d̪ʱ ɔ ɹ aˑ
বস্তা	b ɔ s t̪ aˑ
বস্তা	b ɔ s t̪ aˑ
বহিষ্কার	b o h i ʃ k a ɾ
বহিষ্কার	b o h i ʃ k a ɹ
বহিষ্কারাদেশ	b o h i ʃ k a ɾ a d̪ e ʃ
বহিষ্কারাদেশ	b o h i ʃ k a ɹ a d̪ e ʃ
বহু	b o h uˑ
বহু	b o h uˑ
বহু	b o h uˑ
বহু	b o h uˑ
বহুব্রীহি	b o h u b ɾ i h iˑ
বহুব্রীহি	b o h u b ɹ i h iˑ
বহেড়া	b ɔ h e ɽ aˑ
বহেড়া	b ɔ h e ɾ aˑ
বহেড়া	b ɔ h e ɹ aˑ
বা	b aː
বা	b aˑ
বা	b aː
বা	b aˑ
বাঁ	b ãː
বাঁ	b ãˑ
বাঁ	b aː
বাঁ	b aˑ
বাঁওড়	b ã o ɽ
বাঁওড়	b ã o ɾ
বাঁওড়	b a o̯ ɹ
বাঁকা	b ã k aˑ
বাঁকা	b a k aˑ
বাঁচন	b ã t͡ʃ ɔ n
বাঁচন	b a t ɕ ɔ n
বাঁচা	b ã t͡ʃ aˑ
বাঁচা	b a t ɕ aˑ
বাঁচানো	b ã t͡ʃ a n o
বাঁজা	b ã d͡ʒ aˑ
বাঁজা	b a d ʑ aˑ
বাঁজা	b a d̪ z aˑ
বাঁজা	b a z aˑ
বাঁড়া	b ã ɽ aˑ
বাঁড়া	b ã ɾ aˑ
বাঁড়া	b a ɹ aˑ
বাঁড়ুজ্জে	b ã ɽ u z̪̪ d͡ʒ eˑ
বাঁড়ুজ্জে	b ã ɾ u d͡ʒ d͡ʒ eˑ
বাঁড়ুজ্জে	b a ɹ u d ʑː eˑ
বাঁদর	b ã d̪ o ɾ
বাঁদর	b a d̪ o ɹ
বাঁধ	b ã d̪
বাঁধ	b a d̪
বাঁধা	b ã d̪ʱ a
বাঁধানো	b ã d̪ʱ a n o
বাঁশরি	b ã ʃ o ɾ iˑ
বাঁশরি	b a ʃ o ɹ iˑ
বাঁশরী	b ã ʃ o ɾ iˑ
বাঁশরী	b a ʃ o ɹ iˑ
বাঁশি	b ã ʃ iˑ
বাঁশি	b a ʃ iˑ
বাংলা	b a ŋ l aˑ
বাংলা	b a ŋ l aˑ
বাংলাদেশ	b a ŋ l a d̪ e ʃ
বাংলাদেশ	b a ŋ l a d̪ e ʃ
বাংলাদেশী	b a ŋ l a d̪ e ʃ iˑ
বাংলাদেশী	b a ŋ l a d̪ e ʃ iˑ
বাংলাদেশে	b a ŋ l a d̪ e ʃ eˑ
বাংলাদেশে	b a ŋ l a d̪ e ʃ eˑ
বাংলাদেশের	b a ŋ l a d̪ e ʃ e ɾ
বাংলাদেশের	b a ŋ l a d̪ e ʃ e ɹ
বাংলায়	b a ŋ l a e̯
বাংলায়	b a ŋ l a e̯
বাইচ	b a i̯ t͡ʃ
বাইচ	b a i̯ t ɕ
বাইচ	b a i̯ t̪ s
বাইচ	b a i̯ s
বাইট	b a i̯ ʈ
বাইট	b a i̯ t
বাইবেল	b a i̯ b e l
বাইবেল	b a i̯ b e l
বাউল	b a u̯ l
বাউল	b a u̯ l
বাকি	b a k iˑ
বাকি	b a k iˑ
বাক্য	b a kː oˑ
বাক্য	b a kː oˑ
বাক্স	b a k ʃ oˑ
বাক্স	b a k ʃ oˑ
বাগ	b a ɡ
বাগ	b a ɡ
বাগড়ী	b a ɡ o ɽ iˑ
বাগড়ী	b a ɡ o ɾ iˑ
বাগড়ী	b a ɡ o ɹ iˑ
বাগধারা	b a ɡ d̪ʱ a ɾ aˑ
বাগধারা	b a ɡ d̪ʱ a ɹ aˑ
বাগান	b a ɡ a n
বাগান	b a ɡ a n
বাগার	b a ɡ a ɾ
বাগার	b a ɡ a ɹ
বাগিচা	b a ɡ i t͡ʃ aˑ
বাগিচা	b a ɡ i t ɕ aˑ
বাগেরহাট	b a ɡ e ɾ h a ʈ
বাগেরহাট	b a ɡ e ɾ h a t
বাঘ	b a ɡ
বাঘ	b a ɡ
বাঘিনি	b a ɡʱ i n iˑ
বাঘিনি	b a ɡʱ i n iˑ
বাঙালি	b a ŋ a l iˑ
বাঙালি	b a ŋ a l iˑ
বাঙ্গালী	b a ŋ ɡ a l iˑ
বাঙ্গালী	b a ŋ ɡ a l iˑ
বাচাল	b a t͡ʃ a l
বাচাল	b a t ɕ a l
বাচ্চা	b a t͡ʃː aˑ
বাচ্চা	b a t ɕː aˑ
বাছা	b a t͡ʃʰ aˑ
বাছাই	b a t͡ʃʰ a i̯
বাছাই	b a t ɕʰ a i̯
বাছুর	b a t͡ʃʰ u ɾ
বাছুর	b a t ɕʰ u ɹ
বাছুর	b a s u ɹ
বাছুর	b a s u ɾ
বাছুর	b a s u ɹ
বাজ	b a d͡ʒ
বাজ	b a d ʑ
বাজ	b a d̪ z
বাজ	b a z
বাজা	b a d͡ʒ aˑ
বাজা	b a d ʑ aˑ
বাজানো	b a d͡ʒ a n oˑ
বাজানো	b a d ʑ a n oˑ
বাজার	b a d͡ʒ a ɾ
বাজার	b a z a ɾ
বাজার	b a d ʑ a ɹ
বাজার	b a z a ɹ
বাজার	b a d̪ z a ɾ
বাজার	b a z a ɹ
বাজার	b a z a ɾ
বাজার	b a z a ɹ
বাজার	b a z a ɾ
বাজার	b a z a ɾ
বাজে	b a d͡ʒ eˑ
বাজে	b a d ʑ eˑ
বাঞ্ছা	b ɑ n t͡ʃʰ ɑˑ
বাট	b aː ʈ̟
বাটপাড়	b a ʈ p a ɽ
বাটপাড়	b a ʈ p a ɾ
বাটপাড়	b a t p a ɹ
বাটি	b a ʈ iˑ
বাটি	b a t iˑ
বাড়	b a ɽ
বাড়	b a ɾ
বাড়	b a ɹ
বাড়বকুণ্ড	b a ɽ ɔ b k u ɳ ɖ oˑ
বাড়বকুণ্ড	b a ɾ ɔ b k u ɳ ɖ oˑ
বাড়বকুণ্ড	b a ɹ ɔ b k u n d oˑ
বাড়া	b a ɽ aˑ
বাড়া	b a ɾ aˑ
বাড়া	b a ɹ aˑ
বাড়ানো	b a ɽ a n oˑ
বাড়ানো	b a ɾ a n oˑ
বাড়ানো	b a ɹ a n oˑ
বাড়াবাড়ি	b a ɽ a b a ɽ iˑ
বাড়াবাড়ি	b a ɾ a b a ɾ iˑ
বাড়াবাড়ি	b a ɹ a b a ɹ iˑ
বাড়ি	b a ɽ iˑ
বাড়ি	b a ɾ iˑ
বাড়ি	b a ɹ iˑ
বাড্ডা	b a ɖː aˑ
বাড্ডা	b a dː aˑ
বাণিজ্য	b a n i z̪̪ d͡ʒ oˑ
বাণিজ্য	b a n i d͡ʒ d͡ʒ oˑ
বাণিজ্য	b a n i d ʑː oˑ
বাত	b a t̪
বাত	b a t̪
বাতা	b a t̪ aˑ
বাতা	b a t̪ aˑ
বাতায়ন	b a t̪ a e̯ o n
বাতায়ন	b a t̪ a e̯ o n
বাতাস	b a t̪ a ʃ
বাতাস	b a t̪ a ʃ
বাতিল	b a t̪ i l
বাতিল	b a t̪ i l
বাদ	b a d̪
বাদ	b a d̪
বাদক	b a d̪ ɔ k
বাদক	b a d̪ ɔ k
বাদশাজাদা	b a d̪ ʃ a d͡ʒ a d̪ aˑ
বাদশাজাদা	b a d̪ ʃ a d ʑ a d̪ aˑ
বাদশাহ	b a d̪ ʃ aˑ
বাদশাহ	b a t̪ ʃ aˑ
বাদশাহ	b a d̪ ʃ aˑ
বাদশাহ	b a t̪ ʃ aˑ
বাদাম	b a d̪ a m
বাদাম	b a d̪ a m
বাদামী	b a d a m i
বাদুড়	b a d̪ u ɽ
বাদুড়	b a d̪ u ɾ
বাদুড়	b a d̪ u ɹ
বাদে	b a d̪ eˑ
বাদে	b a d̪ eˑ
বাধা	b a d̪ʱ aˑ
বাধা	b a d̪ʱ aˑ
বাধ্যতামূলক	b a d̪ʱː ɔ t̪ a m u l ɔ k
বাধ্যতামূলক	b a d̪ʱː ɔ t̪ a m u l ɔ k
বান	b aː n
বান	b a n
বান	b aː n
বান	b a n
বানর	b a n o ɾ
বানর	b a n o ɾ
বানান	b a n a n
বানান	b a n a n
বানানো	b a n a n o
বানিয়া	b a n i̯ aˑ
বানিয়া	b a n i̯ aˑ
বান্দর	b a n d̪ o ɾ
বান্দর	b a n d̪ o ɹ
বান্দরবান	b a n d̪ o ɾ b a n
বান্দরবান	b a n d̪ o ɾ b a n
বান্দরবান	b a n d̪ o ɾ b ɔ n
বান্ধবী	b a n d̪ʱ o b iˑ
বান্ধবী	b a n d̪ʱ o b iˑ
বাপ্তিস্ম	b a p t̪ i s m oˑ
বাপ্তিস্ম	b a p t̪ i ʃ m oˑ
বাপ্তিস্ম	b a p t̪ i s m oˑ
বাপ্তিস্ম	b a p t̪ i ʃ m oˑ
বাবলা	b a b l aˑ
বাবলা	b a b l aˑ
বাবা	b a b aˑ
বাবা	b a b aˑ
বাবু	b a b uˑ
বাবুই	b a b u̯ iˑ
বাবুই	b a b u̯ iˑ
বাবুর্চি	b a b u ɾ t͡ʃ iˑ
বাবুর্চি	b a b u ɹ t ɕ iˑ
বাম	b aː m
বাম	b a m
বাম	b aː m
বাম	b a m
বামপন্থা	b a m p ɔ n t̪ʰ aˑ
বামপন্থা	b a m p ɔ n t̪ʰ aˑ
বামপন্থী	b a m p ɔ n t̪ʰ iˑ
বামপন্থী	b a m p ɔ n t̪ʰ iˑ
বামহাত	b a m ɔ h a t̪
বামহাত	b a m ɔ h a t̪
বায়ুমণ্ডল	b a e̯ u m ɔ ɳ ɖ o l
বায়ুমণ্ডল	b a e̯ u m ɔ n d o l
বার	b aː ɾ
বার	b a ɾ
বার	b a ɹ
বারংবার	b a ɾ ɔ ŋ b a ɾ
বারংবার	b a ɾ o ŋ b a ɾ
বারংবার	b a ɹ ɔ ŋ b a ɹ
বারংবার	b a ɹ o ŋ b a ɹ
বারণ	b a r o n
বারাণসী	b a ɾ a n o ʃ iˑ
বারাণসী	b a ɾ a n o ʃ iˑ
বারান্দা	b a ɾ a n d̪ aˑ
বারান্দা	b a ɹ a n d̪ aˑ
বারি	b a ɾ iˑ
বারি	b a ɹ iˑ
বারিধারা	b a ɾ i d̪ʱ a ɾ aˑ
বারিধারা	b a ɹ i d̪ʱ a ɹ aˑ
বারুশ	b a ɾ u ʃ
বারুশ	b a ɹ u ʃ
বারো	b a ɹ oˑ
বারো	b a ɹ oˑ
বার্তাকু	b a ɾ t̪ a k uˑ
বার্তাকু	b a ɾ t̪ a k uˑ
বাল	b a l
বালতি	b a l̪ t̪ iˑ
বালতি	b a l̪ t̪ iˑ
বালি	b a l i
বালিশ	b a l i ʃ
বালিশ	b a l i ʃ
বালিহাঁস	b a l i h ã ʃ
বালিহাঁস	b a l i h a ʃ
বাল্যবিবাহ	b a lː o b i b a h oˑ
বাল্যবিবাহ	b a lː o b i b a h oˑ
বাষ্প	b a ʃ p oˑ
বাষ্প	b a ʂ p oˑ
বাষ্প	b a ʃ p oˑ
বাষ্প	b a ʂ p oˑ
বাষ্প	b a ʃ p oˑ
বাষ্প	b a ʃ ɸ oˑ
বাস	b aː ʃ
বাস	b a ʃ
বাস	b aː ʃ
বাস	b a ʃ
বাস	b aː s
বাস	b a s
বাস	b aː s
বাস	b a s
বাস	b aː s
বাস	b a s
বাস	b aː s
বাস	b a s
বাসনা	b a ʃ o n aˑ
বাসনা	b a ʃ o n aˑ
বাসনা	b a ʃ n aˑ
বাসনা	b a ʃ n aˑ
বাসন্তী	b a ʃ o n t̪ iˑ
বাসন্তী	b a ʃ o n t̪ iˑ
বাসমতী	b a ʃ m ɔ t̪ iˑ
বাসমতী	b a ʃ m ɔ t̪ iˑ
বাসস্থান	b a ʃ ɔ s t̪ʰ a n
বাসস্থান	b a ʃ ɔ s t̪ʰ a n
বাসা	b a ʃ aˑ
বাসা	b a ʃ aˑ
বাসিন্দা	b a ʃ i n d̪ aˑ
বাসিন্দা	b a ʃ i n d̪ aˑ
বাস্তব	b a s t̪ ɔ b
বাস্তব	b a s t̪ ɔ b
বাহাউদ্দিন	b a h a u̯ d̪ː i n
বাহাউদ্দিন	b a h a u̯ d̪ː i n
বাহাদুর	b a h a d̪ u ɾ
বাহাদুর	b a h a d̪ u ɹ
বাহানা	b a h a n aˑ
বাহানা	b a h a n aˑ
বাহার	b a h a ɾ
বাহার	b a h a ɹ
বাহারা	b a h a ɾ aˑ
বাহারা	b a h a ɾ ãˑ
বাহারা	b a h a ɾ aˑ
বাহারা	b a h a ɹ aˑ
বাহারা	b a h a ɾ aˑ
বাহারা	b a h a ɹ aˑ
বাহারা	b a a ɾ aˑ
বাহারা	b a a ɹ aˑ
বাহারা	b a h a ɾ aˑ
বাহারা	b a h a ɾ ãˑ
বাহারাঁ	b a h a ɾ ãˑ
বাহারাঁ	b a h a ɹ aˑ
বাহারাঁ	b a h a ɾ aˑ
বাহারাঁ	b a h a ɹ aˑ
বাহারাঁ	b a h a ɾ ãˑ
বাহিনী	b a h i n iˑ
বাহিনী	b a h i n iˑ
বাহিনীগণ	b a h i n i ɡ ɔ n
বাহিনীগণ	b a h i n i ɡ ɔ n
বাহির	b a h i ɾ
বাহির	b a h i ɹ
বাহু	b a h uˑ
বাহু	b a h uˑ
বিংশ	b i ŋ ʃ oˑ
বিংশ	b i ŋ ʃ oˑ
বিকাল	b i k a l
বিকাল	b i k a l
বিক্রয়	b i k ɾ ɔ e̯
বিক্রয়	b i k ɹ ɔ e̯
বিক্রি	b i k ɾ iˑ
বিক্রি	b i k ɹ iˑ
বিচার	b i t͡ʃ a ɾ
বিচার	b i t ɕ a ɹ
বিচারক	b i t͡ʃ a ɾ o k
বিচারক	b i t ɕ a ɹ o k
বিচারালয়	b i t͡ʃ a ɾ a l o eˑ
বিচারালয়	b i t ɕ a ɹ a l o eˑ
বিচ্ছিরি	b i t͡ʃʰː i ɾ iˑ
বিচ্ছিরি	b i t ɕʰː i ɹ iˑ
বিছনা	b i s n aˑ
বিছনা	b i s n aˑ
বিছনা	b i t̪ s̪ n aˑ
বিছনা	b i s n aˑ
বিছানা	b i t͡ʃʰ a n aˑ
বিছানা	b i t ɕʰ a n aˑ
বিছানো	b i t͡ʃʰ a n oˑ
বিছানো	b i t ɕʰ a n oˑ
বিজয়	b i d͡ʒ ɔ e̯
বিজয়	b i d ʑ ɔ e̯
বিজলী	b i d͡ʒ l iˑ
বিজলী	b i d ʑ l iˑ
বিজেপি	b i d͡ʒ e p iˑ
বিজ্ঞ	b i ɡː õˑ
বিজ্ঞ	b i ɡː õˑ
বিজ্ঞ	b i ɡː oˑ
বিজ্ঞান	b i ɡː æ n
বিজ্ঞান	b i ɡː a n
বিজ্ঞান	b i ɡː æ n
বিজ্ঞান	b i ɡː a n
বিজ্ঞানী	b i ɡː æ n iˑ
বিজ্ঞানী	b i ɡː a n iˑ
বিজ্ঞানী	b i ɡː æ n iˑ
বিজ্ঞানী	b i ɡː a n iˑ
বিজ্ঞাপন	b i ɡː a p o n
বিজ্ঞাপন	b i ɡː a p o n
বিড়াল	b i ɽ a l
বিড়াল	b i ɾ a l
বিড়াল	b i ɾ a l
বিড়াল	b i ɹ a l
বিড়াল	b i ɾ a l
বিড়াল	b i ɹ a l
বিড়াল	b i ɾ a l
বিড়ি	b i ɽ iˑ
বিড়ি	b i ɾ iˑ
বিড়ি	b i ɹ iˑ
বিতাড়ন	b i t̪̪ a ɽ ɔ n
বিতাড়ন	b i t̪̪ a ɽ ɔ n
বিদায়	b i d̪ a e̯
বিদায়	b i d̪ a e̯
বিদেশ	b i d̪ e ʃ
বিদেশ	b i d̪ e ʃ
বিদেশি	b i d̪ e ʃ iˑ
বিদেশি	b i d̪ e ʃ iˑ
বিদেশিনী	b i d̪ e ʃ i n iˑ
বিদেশিনী	b i d̪ e ʃ i n iˑ
বিদ্যা	b i d̪ː aˑ
বিদ্যা	b i d̪ː aˑ
বিদ্যাবত্তা	b i d̪ː a b ɔ t̪ː aˑ
বিদ্যাবত্তা	b i d̪ː a b ɔ t̪ː aˑ
বিদ্যালয়	b i d̪ː a l ɔ e̯
বিদ্যালয়	b i d̪ː a l ɔ e̯
বিদ্রোহ	b i d̪ː ɾ o h oˑ
বিদ্রোহ	b i d̪ː ɹ o h oˑ
বিধবা	b i d̪ʱ o b aˑ
বিধবা	b i d̪ʱ o b aˑ
বিধা	b i d̪ʱ aˑ
বিধা	b i d̪ʱ aˑ
বিধান	b i d̪ʱ a n
বিধান	b i d̪ʱ a n
বিধানাবলি	b i d̪ʱ a n a b o l iˑ
বিধানাবলি	b i d̪ʱ a n a b o l iˑ
বিধ্বংস	b i d̪̪ʱ ɔ ŋ ʃ ɔˑ
বিধ্বংস	b i d̪̪ʱ ɔ ŋ ʃ ɔˑ
বিধ্বংসকারী	b i d̪̪ʱ ɔ ŋ ʃ ɔ k a ɾ iˑ
বিধ্বংসকারী	b i d̪̪ʱ ɔ ŋ ʃ ɔ k a ɹ iˑ
বিধ্বংসী	b i d̪̪ʱ ɔ ŋ ʃ iˑ
বিধ্বংসী	b i d̪̪ʱ ɔ ŋ ʃ iˑ
বিধ্বস্ত	b i d̪ʱː ɔ s t̪ oˑ
বিধ্বস্ত	b i d̪ʱː ɔ s t̪ oˑ
বিনষ্ট	b i n ɔ ʂ ʈ oˑ
বিনষ্ট	b i n ɔ ʃ t oˑ
বিনষ্ট	b i n ɔ s t oˑ
বিনাশ	b i n a ʃ
বিনাশ	b i n a ʃ
বিন্দাস	b i n d̪ a s
বিন্দাস	b i n d̪ a ʃ
বিন্দাস	b i n d̪ a s
বিন্দাস	b i n d̪ a ʃ
বিন্দাস	b i n d̪ a s
বিন্দাস	b i n d̪ a s
বিন্দু	b i n d̪ uˑ
বিন্দু	b i n d̪ uˑ
বিপথ	b i p ɔ t̪
বিপথ	b i p ɔ t̪
বিপদ	b i p ɔ d̪
বিপদ	b i p ɔ d̪
বিপরীতকামী	b i p o ɾ i t̪ k a m iˑ
বিপরীতকামী	b i p o ɹ i t̪ k a m iˑ
বিপর্যায়	b i p ɔ ɾ d͡ʒ a e̯
বিপর্যায়	b i p ɔ ɹ d ʑ a e̯
বিপাশা	b i p a ʃ aˑ
বিপাশা	b i p a ʃ aˑ
বিপুল	b i p u l
বিপুল	b i p u l
বিপ্লব	b i p l ɔ b
বিপ্লব	b i p l ɔ b
বিবরণ	b i b ɔ ɾ o n
বিবরণ	b i b ɔ ɹ o n
বিবাদ	b i b a d̪
বিবাদ	b i b a d̪
বিবাহ	b i b a h oˑ
বিবাহ	b i b a oˑ
বিবাহ	b i b a h oˑ
বিবাহ	b i b a oˑ
বিবেক	b i b e k
বিবেক	b i b e k
বিভাগ	b i bʱ a ɡ
বিভাগ	b i v a ɡ
বিভাগ	b i bʱ a ɡ
বিভাগ	b i v a ɡ
বিভাজন	b i bʱ a d͡ʒ ɔ n
বিভাজন	b i v a d͡ʒ ɔ n
বিভাজন	b i bʱ a d ʑ ɔ n
বিভাজন	b i v a d ʑ ɔ n
বিভিন্ন	b i bʱ i nː oˑ
বিভিন্ন	b i v i nː oˑ
বিভিন্ন	b i bʱ i nː oˑ
বিভিন্ন	b i v i nː oˑ
বিভিন্নতা	b i bʱ i nː ɔ t̪ aˑ
বিভিন্নতা	b i v i nː ɔ t̪ aˑ
বিভিন্নতা	b i bʱ i nː ɔ t̪ aˑ
বিভিন্নতা	b i v i nː ɔ t̪ aˑ
বিভিন্নতা	b i bʱ i nː o t̪ aˑ
বিভিন্নতা	b i v i nː o t̪ aˑ
বিভিন্নতা	b i bʱ i nː o t̪ aˑ
বিভিন্নতা	b i v i nː o t̪ aˑ
বিভীষণ	b i bʱ i ʃ ɔ n
বিভীষণ	b i v i ʃ ɔ n
বিভীষণ	b i bʱ i ʃ ɔ n
বিভীষণ	b i v i ʃ ɔ n
বিভীষণ	b i β i ʃ ɔ n
বিভীষণ	b i β i ʃ ɔ n
বিভ্রান্ত	b i bʱ ɾ a n t̪ oˑ
বিভ্রান্ত	b i v ɾ a n t̪ oˑ
বিভ্রান্ত	b i bʱ ɹ a n t̪ oˑ
বিভ্রান্ত	b i v ɹ a n t̪ oˑ
বিমল	b i m ɔ l
বিমল	b i m ɔ l
বিমা	b i m aˑ
বিমা	b i m aˑ
বিমান	b i m a n
বিমান	b i m a n
বিমানবন্দর	b i m a n b ɔ n d̪ ɔ ɾ
বিমানবন্দর	b i m a n b ɔ n d̪ ɔ ɹ
বিয়াই	b i̯ a i̯
বিয়াই	b i̯ a i̯
বিয়ান	b i̯ a n
বিয়ান	b i̯ a n
বিয়ে	b i̯ eˑ
বিয়ে	b i̯ eˑ
বিরল	b i ɾ ɔ l
বিরল	b i ɹ ɔ l
বিরান	b i ɾ a n
বিরান	b i ɹ a n
বিরানব্বই	b i ɾ a n ɔ bː o i̯
বিরানব্বই	b i ɹ a n ɔ bː o i̯
বিরানী	b i ɾ a n iˑ
বিরানী	b i ɹ a n iˑ
বিরানী	b i ɾ a n iˑ
বিরানী	b i ɹ a n iˑ
বিরানী	b i ɾ a n iˑ
বিরামহীন	b i ɾ a m o h i n
বিরামহীন	b i ɹ a m o h i n
বিরিয়ানি	b i ɾ i̯ a n iˑ
বিরিয়ানি	b i ɹ i̯ a n iˑ
বিরিয়ানী	b i ɾ i̯ a n iˑ
বিরিয়ানী	b i ɹ i̯ a n iˑ
বিরিয়ানী	b i ɾ i̯ a n iˑ
বিরিয়ানী	b i ɹ i̯ a n iˑ
বিরিয়ানী	b i ɾ i̯ a n iˑ
বিরুদ্ধে	b i ɾ u d̪ʱː eˑ
বিরুদ্ধে	b i ɾ u d̪ʱː eˑ
বিরেনী	b i ɾ e n iˑ
বিরেনী	b i ɹ e n iˑ
বিরেনী	b i ɾ ɛ n iˑ
বিরেনী	b i ɹ ɛ n iˑ
বিরেনী	b i ɾ e n iˑ
বিরেয়ানী	b i ɾ e a n iˑ
বিরেয়ানী	b i ɹ e a n iˑ
বিরোধ	b i ɾ o d̪
বিরোধ	b i ɹ o d̪
বিরোধী	b i ɾ o d̪ʱ iˑ
বিরোধী	b i ɹ o d̪ʱ iˑ
বিল	b iː l
বিল	b i l
বিল	b iː l
বিল	b i l
বিল	b iː l
বিল	b i l
বিল	b iː l
বিল	b i l
বিলাই	b i l a i̯
বিলাই	b i l a i̯
বিলাতি	b i l a t̪ iˑ
বিলাতি	b i l a t̪ iˑ
বিলাসিতা	b i l a ʃ i t̪ aˑ
বিলাসিতা	b i l a ʃ i t̪ aˑ
বিলিতি	b i l i t̪ iˑ
বিলিতি	b i l i t̪ iˑ
বিলেতি	b i l e t̪ iˑ
বিলেতি	b i l e t̪ iˑ
বিলোপ	b i l ɔ p
বিলোপ	b i l ɔ p
বিশ	b iː ʃ
বিশ	b i ʃ
বিশ	b iː ʃ
বিশ	b i ʃ
বিশাল	b i ʃ a l
বিশাল	b i ʃ a l
বিশেষ	b i ʃ e ʃ
বিশেষ	b i ʃ e ʃ
বিশেষণ	b i ʃ e ʃ ɔ n
বিশেষণ	b i ʃ e ʃ ɔ n
বিশেষ্য	b i ʃ e ʃː oˑ
বিশেষ্য	b i ʃ e ʃː oˑ
বিশ্ব	b i ʃː oˑ
বিশ্ব	b i ʃː oˑ
বিশ্বকোষ	b i ʃː ɔ k o ʃ
বিশ্বকোষ	b i ʃː ɔ k o ʃ
বিশ্বপরিক্রমা	b i ʃː ɔ p o ɾ i k ɾ ɔ m aˑ
বিশ্বপরিক্রমা	b i ʃː ɔ p o ɹ i k ɹ ɔ m aˑ
বিশ্ববিদ্যালয়	b i ʃː o b i d̪ː a l ɔ e̯
বিশ্ববিদ্যালয়	b i ʃː o b i d̪ː a l ɔ e̯
বিশ্বযুদ্ধ	b i ʃː ɔ d͡ʒ u d̪ʱː oˑ
বিশ্বযুদ্ধ	b i ʃː ɔ d ʑ u d̪ʱː oˑ
বিশ্বশক্তি	b i ʃː ɔ ʃ ɔ k t̪ iˑ
বিশ্বশক্তি	b i ʃː ɔ ʃ ɔ k t̪ iˑ
বিশ্বস্ত	b i ʃː ɔ s t̪ oˑ
বিশ্বস্ত	b i ʃː ɔ s t̪ oˑ
বিশ্বাস	b i ʃː a ʃ
বিশ্বাস	b i ʃː a ʃ
বিশ্বাসঘাতক	b i s h s h a s h ɡʱ a t̪ ɔ k
বিশ্বাসঘাতক	b i s h s h a s h ɡʱ a t̪ ɔ k
বিশ্বাসঘাতকতা	b i s h s h a s h ɡʱ a t̪ ɔ k ɔ t̪ aˑ
বিশ্বাসঘাতকতা	b i s h s h a s h ɡʱ a t̪ ɔ k ɔ t̪ aˑ
বিশ্রী	b i s ɾ iˑ
বিশ্রী	b i s ɹ iˑ
বিশ্লেষণ	b i s l e ʃ ɔ n
বিশ্লেষণ	b i s l e ʃ o n
বিশ্লেষণ	b i s l e ʃ ɔ n
বিশ্লেষণ	b i s l e ʃ o n
বিশ্লেষণস্বরূপ	b i ʃ l e s h ɔ n ʃ o ɾ u p
বিশ্লেষণস্বরূপ	b i ʃ l e s h ɔ n ʃ o ɹ u p
বিষ	b iː ʃ
বিষ	b i ʃ
বিষ	b iː ʃ
বিষ	b i ʃ
বিষয়	b i ʃ ɔ e̯
বিষয়	b i ʃ ɔ e̯
বিষয়ে	b i ʃ ɔ eˑ
বিষয়ে	b i ʃ ɔ eˑ
বিষ্টু	b i ʂ ʈ uˑ
বিষ্যুদবার	b i ʃː u d̪ b a ɾ
বিষ্যুদবার	b i ʃː u d̪ b a ɾ
বিসমিল্লাহ	b i s m i lː aˑ
বিসমিল্লাহ	b i s m i lː aˑ
বিস্কুট	b i s k u ʈ
বিস্কুট	b i s k u t
বিস্তারিত	b i s t̪ a ɾ i t̪ oˑ
বিস্তারিত	b i s t̪ a ɹ i t̪ oˑ
বিহঙ্গম	b i h ɔ ŋ ɡ ɔ m
বিহঙ্গম	b i h ɔ ŋ ɡ ɔ m
বিহনে	b i h ɔ n eˑ
বিহার	b i h a ɾ
বিহার	b i h a ɹ
বীচি	b i t͡ʃ iˑ
বীচি	b i t ɕ iˑ
বীজ	b i d͡ʒ
বীজ	b i d ʑ
বীজগণিত	b i d͡ʒ ɡ o n i t̪ oˑ
বীজগণিত	b i d ʑ ɡ o n i t̪ oˑ
বীজঘ্ন	b i d͡ʒ ɔ ɡʱ n oˑ
বীজঘ্ন	b i d ʑ ɔ ɡʱ n oˑ
বীজাণু	b i d͡ʒ a n uˑ
বীজাণু	b i d ʑ a n uˑ
বীণা	b i n aˑ
বীণা	b i n aˑ
বীর	b iː ɾ
বীর	b i ɾ
বীর	b i ɹ
বুক	b uː k
বুক	b u k
বুক	b uː k
বুক	b u k
বুকপাটা	b u k p a ʈ aˑ
বুকপাটা	b u k p a t aˑ
বুঝ	b u d͡ʒ
বুঝ	b u d ʑ
বুঝতে	b u z̪̪ t̪ eˑ
বুঝতে	b u d͡ʒʱ t̪ eˑ
বুঝতে	b u z̪̪ t̪ eˑ
বুত	b u t̪
বুত	b u t̪
বুদাপেস্ট	b u d̪ a p e s ʈ
বুদাপেস্ট	b u d̪ a p e ʂ ʈ
বুদাপেস্ট	b u d̪ a p e s t
বুদাপেস্ট	b u d̪ a p e s t
বুদ্ধ	b u d̪ʱː oˑ
বুদ্ধ	b u d̪ʱː oˑ
বুদ্ধি	b u d̪ʱː iˑ
বুদ্ধি	bʱ u d̪ː iˑ
বুদ্ধি	v u d̪ː iˑ
বুদ্ধি	b u d̪ʱː iˑ
বুদ্ধি	bʱ u d̪ː iˑ
বুদ্ধি	v u d̪ː iˑ
বুদ্ধিবৃত্তিক	b u d̪ d̪ʱ i b ɾ i t̪ t̪ i k
বুদ্ধিবৃত্তিক	b u d̪ d̪ʱ i b ɹ i t̪ t̪ i k
বুধবার	b u d̪ʱ b a ɾ
বুধবার	b u d̪ b a ɾ
বুধবার	b u d̪ʱ b a ɹ
বুধবার	b u d̪ b a ɹ
বুন্দিয়া	b u n d̪ i̯ aˑ
বুন্দিয়া	b u n d̪ i̯ aˑ
বুভুক্ষা	b u bʱ u kːʰ äˑ
বুরজ	b u ɾ o d͡ʒ
বুরজ	b u ɾ ɔ d͡ʒ
বুরজ	b u ɹ o d ʑ
বুরজ	b u ɹ ɔ d ʑ
বুর্সা	b u ɾ s aˑ
বুর্সা	b u ɹ s aˑ
বুলবুল	b u l b u l
বুলবুল	b u l b u l
বুশরা	b u ʃ ɾ aˑ
বুশরা	b u ʃ ɹ aˑ
বুসান	b u s a n
বুসান	b u s a n
বৃক্ক	b ɾ i kː oˑ
বৃক্ক	b ɹ i kː oˑ
বৃক্ষরোপণ	b ɾ i kʰː ɔ ɾ o p ɔ n
বৃক্ষরোপণ	b ɹ i kʰː ɔ ɹ o p ɔ n
বৃদ্ধি	b ɾ i d̪ʱː iˑ
বৃদ্ধি	b ɹ i d̪ʱː iˑ
বৃশ্চিক	b ɾ i ʃ t͡ʃ i k
বৃশ্চিক	b ɾ i s t͡ʃ i k
বৃশ্চিক	b ɹ i ʃ t ɕ i k
বৃশ্চিক	b ɹ i s t ɕ i k
বৃশ্চিকদংশন	b ɾ i ʃ t͡ʃ i k ɔ d̪ o ŋ ʃ ɔ n
বৃশ্চিকদংশন	b ɾ i s t͡ʃ i k ɔ d̪ o ŋ ʃ ɔ n
বৃশ্চিকদংশন	b ɹ i ʃ t ɕ i k ɔ d̪ o ŋ ʃ ɔ n
বৃশ্চিকদংশন	b ɹ i s t ɕ i k ɔ d̪ o ŋ ʃ ɔ n
বৃষ্টি	b ɾ i ʂ ʈ iˑ
বৃষ্টি	b ɹ i ʃ t iˑ
বৃষ্টি	b ɹ i s t iˑ
বৃহত্তম	b ɾ i h ɔ t̪ː ɔ m
বৃহত্তম	b ɹ i h ɔ t̪ː ɔ m
বৃহদান্ত্র	b ɾ i h ɔ d̪ a n t̪ː ɾ oˑ
বৃহদান্ত্র	b ɹ i h ɔ d̪ a n t̪ː ɹ oˑ
বৃহস্পতি	b ɾ i h ɔ ʃ p o t̪ iˑ
বৃহস্পতি	b ɹ i h ɔ ʃ p o t̪ iˑ
বৃহস্পতিবার	b ɾ i ɦ o ʃ p o t̪ i b a ɾ
বৃহস্পতিবার	b ɾ i ɦ o ʃ p o t̪ i b a ɾ
বেআইনি	b e a i̯ n iˑ
বেআইনি	b e a i̯ n iˑ
বেওয়াকেফ	b e o̯ a k e f
বেওয়াকেফ	b e o̯ a k e f
বেকুব	b e k u b
বেকুব	b e k u b
বেগ	b e ɡ
বেগ	b e ɡ
বেগম	b e ɡ o m
বেগম	b e ɡ o m
বেগায়রত	b e ɡ a e̯ ɔ ɾ o t̪
বেগায়রত	b e ɡ a e̯ ɔ ɹ o t̪
বেগুন	b e ɡ u n
বেগুন	b e ɡ u n
বেঙ্গালুরু	b e ŋ ɡ a l u ɾ uˑ
বেঙ্গালুরু	b e ŋ ɡ a l u ɹ uˑ
বেচারা	b e t͡ʃ a ɾ aˑ
বেচারা	b e t ɕ a ɹ aˑ
বেটা	b æ ʈ aˑ
বেটা	b æ t aˑ
বেড়	b e ɽ
বেড়	b e ɾ
বেড়	b e ɹ
বেড়া	b æ ɽ ɑ
বেড়া	b æ ɾ ɑ
বেড়া	b æ ɹ ɑ
বেড়ানো	b e ɽ a n oˑ
বেড়ানো	b e ɾ a n oˑ
বেড়ানো	b e ɹ a n oˑ
বেড়াল	b e ɽ a l
বেড়াল	b e ɾ a l
বেড়াল	b e ɾ a l
বেড়াল	b e ɹ a l
বেড়াল	b ɛ ɾ a l
বেড়াল	b ɛ ɹ a l
বেড়াল	b e ɾ a l
বেদ	b e d̪
বেদ	b e d̪
বেদনা	b e d̪ o n ɑ
বেদনা	b e d̪ o n ɑ
বেদানা	b e d̪ a n a
বেদে	b e d̪ eˑ
বেদে	b e d̪ eˑ
বেনারস	b e n a ɾ ɔ ʃ
বেনারস	b e n a ɾ ɔ ʃ
বেপরোয়া	b e p ɔ ɾ o̯ aˑ
বেপরোয়া	b e p ɔ ɹ o̯ aˑ
বের	b eː ɾ
বের	b e ɾ
বের	b e ɹ
বেরাদর	b e ɾ ɑ d̪ ɒ ɾ
বেরাদর	b e ɾ ɑ d̪ ɑ ɾ
বেরাদর	b e ɾ ɑ d̪ ɒ ɾ
বেরাদর	b e ɾ ɑ d̪ ɑ ɾ
বেরানী	b e ɾ a n iˑ
বেরানী	b e ɹ a n iˑ
বেরানী	b ɛ ɾ a n iˑ
বেরানী	b ɛ ɹ a n iˑ
বেরানী	b e ɾ a n iˑ
বেরেয়ানী	b e ɾ e a n iˑ
বেরেয়ানী	b e ɹ e a n iˑ
বেরোনো	b e r o n o
বেলফাস্ট	b e l f a s ʈ
বেলফাস্ট	b e l f a ʂ ʈ
বেলফাস্ট	b e l f a s t
বেলফাস্ট	b e l f a s t
বেলা	b æ l aˑ
বেলা	b æ l aˑ
বেলারুশ	b e l a ɾ u ʃ
বেলারুশ	b e l a ɹ u ʃ
বেলি	b e l iˑ
বেলি	b e l iˑ
বেলুন	b e l u n
বেলেল্লাপনা	b e l e lː a p ɔ n aˑ
বেলেল্লাপনা	b e l e lː a p ɔ n aˑ
বেশী	b e ʃ iˑ
বেশী	b e ʃ iˑ
বেশুমার	b e ʃ u m a ɾ
বেশুমার	b e ʃ u m a ɹ
বেশ্যা	b e ʃː aˑ
বেশ্যা	b e ʃː aˑ
বেষ্ট	b e ʂ ʈ oˑ
বেষ্ট	b e ʃ t oˑ
বেষ্ট	b e s t oˑ
বেসন	b æ ʃ o n
বেসন	b ɛ ʃ o n
বেহেশ্ত	b e h e ʃ t̪ oˑ
বেহেশ্ত	b e h e s t̪ oˑ
বেহেশ্ত	b e h e ʃ t̪
বেহেশ্ত	b e h e s t̪
বেহেশ্ত	b e h e s t̪ oˑ
বেহেশ্ত	b e h e s t̪
বেহেশ্ত	b e h e ʃ t̪ oˑ
বেহেশ্ত	b e h e s t̪ oˑ
বেহেশ্ত	b e h e ʃ t̪
বেহেশ্ত	b e h e s t̪
বেহেশ্ত	b e h e s t̪ oˑ
বেহেশ্ত	b e h e s t̪
বৈঠা	b o i̯ ʈʰ aˑ
বৈঠা	b o i̯ tʰ aˑ
বৈদ্য	b o i̯ d̪ː oˑ
বৈদ্য	b o i̯ d̪ː oˑ
বৈদ্য	b o i̯ d̪ː ɔˑ
বৈদ্য	b o i̯ d̪ː ɔˑ
বৈপ্লবিক	b o i̯ p l o b i k
বৈপ্লবিক	b o i̯ p l o b i k
বৈশাখ	b o i̯ ʃ a k
বৈশাখ	b o i̯ ʃ a x
বৈশাখ	b o i̯ ʃ a k
বৈশাখ	b o i̯ ʃ a x
বৈশিষ্ট্য	b o i̯ ʃ i ʂ ʈː oˑ
বৈশিষ্ট্য	b o i̯ ʃ i ʃ tː oˑ
বৈশিষ্ট্য	b o i̯ ʃ i s tː oˑ
বৈষ্ণব	b o i̯ ʃ n ɔ b
বৈষ্ণব	b o i̯ ʃ n ɔ b
বোকা	b o k aˑ
বোকা	b o k aˑ
বোকাচোদা	b o k ä t͡ʃ o d̪ äˑ
বোজা	b o d͡ʒ aˑ
বোজা	b o d ʑ aˑ
বোঝা	b o d͡ʒʱ aˑ
বোতল	b o t̪ o l
বোতল	b o t̪ o l
বোতাম	b o t̪ a m
বোতাম	b o t̪ a m
বোধ	b o d̪
বোধ	b o d̪
বোধোদিত	b o d̪ʱ o d̪ i t̪ oˑ
বোধোদিত	b o d̪ʱ o d̪ i t̪ oˑ
বোন	b oː n
বোন	b o n
বোন	b oː n
বোন	b o n
বোবা	b o b aˑ
বোবা	b o b aˑ
বোমা	b o m aˑ
বোমা	b o m aˑ
বোম্বাই	b o m b a i̯
বোম্বাই	b o m b a i̯
বোরকা	b o ɾ k aˑ
বোরকা	b o ɾ kʰ aˑ
বোরকা	b o ɹ k aˑ
বোরকা	b o ɹ kʰ aˑ
বোলানো	b o l a n oˑ
বোলানো	b o l a n oˑ
বোষ্টম	b o ʂ ʈ ɔ m
বোষ্টম	b o ʃ t ɔ m
বোষ্টম	b o s t ɔ m
বৌদ্ধ	b o u̯ d̪ʱː oˑ
বৌদ্ধ	b o u̯ d̪ʱː oˑ
বৌদ্ধধর্ম	b o u̯ d̪ʱː ɔ d̪ʱ ɔ ɾ m oˑ
বৌদ্ধধর্ম	b o u̯ d̪ʱː ɔ d̪ʱ ɔ ɹ m oˑ
ব্যক্তি	b e k t̪ iˑ
ব্যক্তি	b e k t̪ iˑ
ব্যঞ্জন	b æ n d͡ʒ ɔ n
ব্যঞ্জন	b ɛ n d ʑ ɔ n
ব্যঞ্জনধ্বনি	b æ n d͡ʒ ɔ n d̪ʱ o n iˑ
ব্যঞ্জনধ্বনি	b ɛ n d ʑ ɔ n d̪ʱ o n iˑ
ব্যথা	b æ t̪ʰ ɑ
ব্যথা	b æ t̪ʰ ɑ
ব্যবসা	b æ b ʃ aˑ
ব্যবসা	b ɛ b ʃ aˑ
ব্যবস্থা	b æ b o s t̪ʰ aˑ
ব্যবস্থা	b ɛ b o s t̪ʰ aˑ
ব্যবহার	b æ b ɔ h a ɾ
ব্যবহার	b æ b ɔ h a ɹ
ব্যস	b æː s
ব্যস	b æ s
ব্যস	b ɛː s
ব্যস	b ɛ s
ব্যস্ত	b æ s t̪ oˑ
ব্যস্ত	b ɛ s t̪ oˑ
ব্যাং	b æ ŋ
ব্যাং	b ɛ ŋ
ব্যাকরণ	b æ k ɔ ɾ o n
ব্যাকরণ	b æ k o ɾ o n
ব্যাকরণ	b ɛ k ɔ ɹ o n
ব্যাকরণ	b ɛ k o ɹ o n
ব্যাখ্যা	b æ kʰː aˑ
ব্যাখ্যা	b ɛ kʰː aˑ
ব্যাগ	b æ ɡ
ব্যাগ	b æ ɡ
ব্যাগ	b æ ɡ
ব্যাঘ্র	b æ ɡʱ ɾ oˑ
ব্যাঘ্র	b ɛ ɡʱ ɹ oˑ
ব্যাঙ	b æ ŋ
ব্যাঙ	b ɛ ŋ
ব্যাঙ্ক	b æ ŋ k
ব্যাঙ্ক	b æ ŋ k
ব্যাটারি	b æ ʈ̟ ä ɾ iˑ
ব্যাদ	b æ d̪
ব্যাদ	b æ d̪
ব্যাপক	b æ p ɔ k
ব্যাপক	b ɛ p ɔ k
ব্যাপার	b æ p a ɾ
ব্যাপার	b ɛ p a ɹ
ব্যাবসা	b æ b o ʃ aˑ
ব্যাবসা	b æ b ʃ aˑ
ব্যাবসা	b ɛ b o ʃ aˑ
ব্যাবসা	b ɛ b ʃ aˑ
ব্যায়াম	b æ ɑ m
ব্যায়াম	b e ɑ m
ব্যায়াম	b æ ɑ m
ব্যায়াম	b e ɑ m
ব্যাস	b æː s
ব্যাস	b æ s
ব্যাস	b ɛː s
ব্যাস	b ɛ s
ব্রণ	b ɾ ɔː n
ব্রণ	b ɾ ɔ n
ব্রণ	b ɹ ɔ n
ব্রত	b ɾ o t̪ oˑ
ব্রত	b ɹ o t̪ oˑ
ব্রাজিল	b ɾ a z i l
ব্রাজিল	b ɹ a z i l
ব্রাহ্ম	b ɾ a m h oˑ
ব্রাহ্ম	b ɾ a mː oˑ
ব্রাহ্ম	b ɹ a m h oˑ
ব্রাহ্ম	b ɹ a mː oˑ
ব্রাহ্ম	b ɾ a i̯ mː ɔˑ
ব্রাহ্ম	b ɹ a i̯ mː ɔˑ
ব্রাহ্মণবাড়িয়া	b ɾ a mː o n b a ɽ i̯ aˑ
ব্রাহ্মণবাড়িয়া	b ɾ a mː o n b a ɾ i̯ aˑ
ব্রাহ্মণবাড়িয়া	b ɾ a m ɦ o n b a ɽ i̯ aˑ
ব্রাহ্মণবাড়িয়া	b ɾ a m ɦ o n b a ɾ i̯ aˑ
ব্রাহ্মণবাড়িয়া	b ɾ a mː o n b a ɹ i̯ aˑ
ব্রাহ্মণবাড়িয়া	b ɾ a m ɦ o n b a ɹ i̯ aˑ
ব্রিটেন	b ɾ i ʈ e n
ব্রিটেন	b ɹ i t e n
ব্লগ	b l ɔ ɡ
ব্লগ	b l ɔ ɡ
ব্ল্যাকহোল	b l æ k h oˑ l
বৎসর	b ɔ t̪ ʃ o ɾ
বৎসর	b ɔ t̪ ʃ o ɹ
ভ	bʱ oː
ভ	v oˑ
ভ	bʱ oː
ভ	v oˑ
ভইড়	ɓ o i̯ ɾ
ভইড়	b ó i̯ ɹ
ভইড়	bʱ o i̯ ɾ
ভগবদ্গীতা	bʱ ɔ ɡ b ɔ d̪ ɡ i t̪ aˑ
ভগবদ্গীতা	v ɔ ɡ b ɔ d̪ ɡ i t̪ aˑ
ভগবদ্গীতা	bʱ ɔ ɡ b ɔ d̪ ɡ i t̪ aˑ
ভগবদ্গীতা	v ɔ ɡ b ɔ d̪ ɡ i t̪ aˑ
ভগবান	bʱ ɔ ɡ o b a n
ভগবান	v ɔ ɡ o b a n
ভগবান	bʱ ɔ ɡ o b a n
ভগবান	v ɔ ɡ o b a n
ভগিনী	bʱ o ɡ i n iˑ
ভজন	bʱ ɔ d͡ʒ o n
ভজন	v ɔ d͡ʒ o n
ভজন	bʱ ɔ d ʑ o n
ভজন	v ɔ d ʑ o n
ভট্টাচার্য	bʱ ɔ ʈː a t͡ʃ a ɾ d͡ʒ oˑ
ভট্টাচার্য	v ɔ ʈː a t͡ʃ a ɾ d͡ʒ oˑ
ভট্টাচার্য	bʱ ɔ tː a t ɕ a ɹ d ʑ oˑ
ভট্টাচার্য	v ɔ tː a t ɕ a ɹ d ʑ oˑ
ভড়	bʱ ɔː ɾ
ভণ্ড	bʱ ɔ ɳ ɖ oˑ
ভণ্ড	v ɔ ɳ ɖ oˑ
ভণ্ড	bʱ ɔ n d oˑ
ভণ্ড	v ɔ n d oˑ
ভদকা	bʱ ɔ d̪ o k aˑ
ভদকা	v ɔ d̪ o k aˑ
ভদকা	bʱ ɔ d̪ o k aˑ
ভদকা	v ɔ d̪ o k aˑ
ভদ্রকালী	bʱ ɔ d̪ː ɾ ɔ k a l iˑ
ভদ্রকালী	v ɔ d̪ː ɾ ɔ k a l iˑ
ভদ্রকালী	bʱ ɔ d̪ː ɹ ɔ k a l iˑ
ভদ্রকালী	v ɔ d̪ː ɹ ɔ k a l iˑ
ভদ্রলোক	bʱ ɔ d̪ː ɾ o l o k
ভদ্রলোক	v ɔ d̪ː ɾ o l o k
ভদ্রলোক	bʱ ɔ d̪ː ɾ o l o k
ভদ্রলোক	v ɔ d̪ː ɾ o l o k
ভনভন	bʱ ɔ n bʱ ɔ n
ভনভন	v ɔ n v ɔ n
ভনভন	bʱ ɔ n bʱ ɔ n
ভনভন	v ɔ n v ɔ n
ভব	bʱ ɔ b oˑ
ভব	v ɔ b oˑ
ভব	bʱ ɔ b oˑ
ভব	v ɔ b oˑ
ভবন	bʱ ɔ b o n
ভবন	v ɔ b o n
ভবন	bʱ ɔ b o n
ভবন	v ɔ b o n
ভবিষ্যতে	bʱ o b i ʃː ɔ t̪ eˑ
ভবিষ্যতে	v o b i ʃː ɔ t̪ eˑ
ভবিষ্যতে	bʱ o b i ʃː ɔ t̪ eˑ
ভবিষ্যতে	v o b i ʃː ɔ t̪ eˑ
ভবিষ্যদ্বাণী	bʱ o b i ʃː ɔ d̪ b a n iˑ
ভবিষ্যৎ	bʱ o b i ʃː ɔ t̪
ভয়	bʱ ɔ e̯
ভয়	v ɔ e̯
ভয়	bʱ ɔ e̯
ভয়	v ɔ e̯
ভয়ংকর	bʱ ɔ e̯ o ŋ k ɔ ɾ
ভয়ংকর	v ɔ e̯ o ŋ k ɔ ɾ
ভয়ংকর	bʱ ɔ e̯ o ŋ k ɔ ɹ
ভয়ংকর	v ɔ e̯ o ŋ k ɔ ɹ
ভর	bʱ ɔː ɾ
ভর	v ɔ ɾ
ভর	bʱ ɔ ɹ
ভর	v ɔ ɹ
ভরতনাট্যম	bʱ ɔ ɾ t̪ n a ʈː o m
ভরতনাট্যম	v ɔ ɾ t̪ n a ʈː o m
ভরতনাট্যম	bʱ ɔ ɹ t̪ n a tː o m
ভরতনাট্যম	v ɔ ɹ t̪ n a tː o m
ভরসা	bʱ ɔ ɾ o ʃ aˑ
ভরসা	v ɔ ɾ o ʃ aˑ
ভরসা	bʱ ɔ ɾ ʃ aˑ
ভরসা	v ɔ ɾ ʃ aˑ
ভরসা	bʱ ɔ ɹ o ʃ aˑ
ভরসা	v ɔ ɹ o ʃ aˑ
ভরসা	bʱ ɔ ɹ ʃ aˑ
ভরসা	v ɔ ɹ ʃ aˑ
ভরা	bʱ ɔ r a
ভর্তা	bʱ ɔ ɾ t̪ aˑ
ভর্তা	v ɔ ɾ t̪ aˑ
ভর্তা	bʱ ɔ ɹ t̪ aˑ
ভর্তা	v ɔ ɹ t̪ aˑ
ভাঁপ	bʱ ãː p
ভাঁপ	v ã p
ভাঁপ	bʱ aː p
ভাঁপ	v a p
ভাং	bʱ a ŋ
ভাং	v a ŋ
ভাং	bʱ a ŋ
ভাং	v a ŋ
ভাই	bʱ a i̯
ভাই	v a i̯
ভাই	bʱ a i̯
ভাই	v a i̯
ভাইয়া	bʱ a i̯ aˑ
ভাইয়া	v a i̯ aˑ
ভাইয়া	bʱ a i̯ː aˑ
ভাইয়া	v a i̯ː aˑ
ভাইয়া	bʱ a i̯ aˑ
ভাইয়া	v a i̯ aˑ
ভাইয়া	bʱ a i̯ː aˑ
ভাইয়া	v a i̯ː aˑ
ভাইরাস	bʱ a i̯ ɾ a s
ভাইরাস	v a i̯ ɾ a s
ভাইরাস	bʱ a i̯ ɹ a s
ভাইরাস	v a i̯ ɹ a s
ভাগ	bʱ a ɡ
ভাগ	v a ɡ
ভাগ	bʱ a ɡ
ভাগ	v a ɡ
ভাগা	bʱ a ɡ a
ভাগানো	bʱ a ɡ a n o
ভাগ্য	bʱ a ɡː oˑ
ভাগ্য	v a ɡː oˑ
ভাগ্য	bʱ a ɡː oˑ
ভাগ্য	v a ɡː oˑ
ভাঙা	bʱ a ŋ aˑ
ভাঙা	v a ŋ aˑ
ভাঙা	bʱ a ŋ aˑ
ভাঙা	v a ŋ aˑ
ভাজ	bʱ a d͡ʒ
ভাজ	v a d͡ʒ
ভাজ	bʱ a d ʑ
ভাজ	v a d ʑ
ভাজ	ɓ a d̪ z
ভাজ	b á z
ভাজন	bʱ a d͡ʒ ɔ n
ভাজন	v a d͡ʒ ɔ n
ভাজন	bʱ a d ʑ ɔ n
ভাজন	v a d ʑ ɔ n
ভাজা	bʱ a d͡ʒ aˑ
ভাজা	v a d͡ʒ aˑ
ভাজা	bʱ a d ʑ aˑ
ভাজা	v a d ʑ aˑ
ভাটা	bʱ a ʈ aˑ
ভাটা	v a ʈ aˑ
ভাটা	bʱ a t aˑ
ভাটা	v a t aˑ
ভাটি	bʱ a ʈ iˑ
ভাটি	v a ʈ iˑ
ভাটি	bʱ a t iˑ
ভাটি	v a t iˑ
ভাড়া	bʱ a ɽ aˑ
ভাড়া	v a ɾ aˑ
ভাড়া	bʱ a ɹ aˑ
ভাড়া	v a ɹ aˑ
ভাড়াইট্যা	ɓ a ɾ a i̯ tː aˑ
ভাড়াইট্যা	b á ɹ a i̯ tː aˑ
ভাড়াটে	bʱ a ɽ a ʈ eˑ
ভাড়াটে	v a ɾ a ʈ eˑ
ভাড়াটে	bʱ a ɹ a t eˑ
ভাড়াটে	v a ɹ a t eˑ
ভাণ্ডার	bʱ a ɳ ɖ a ɾ
ভাণ্ডার	v a ɳ ɖ a ɾ
ভাণ্ডার	bʱ a n d a ɹ
ভাণ্ডার	v a n d a ɹ
ভাত	bʱ a t̪
ভাত	v a t̪
ভাত	bʱ a t̪
ভাত	v a t̪
ভাতার	bʱ a t̪ a ɾ
ভাতার	v a t̪ a ɾ
ভাতার	bʱ a t̪ a ɹ
ভাতার	v a t̪ a ɹ
ভাদর	bʱ a d̪ ɔ ɾ
ভাদর	v a d̪ ɔ ɾ
ভাদর	bʱ a d̪ ɔ ɹ
ভাদর	v a d̪ ɔ ɹ
ভাদ্র	bʱ a d̪ː ɾ oˑ
ভাদ্র	v a d̪ː ɾ oˑ
ভাদ্র	bʱ a d̪ː ɹ oˑ
ভাদ্র	v a d̪ː ɹ oˑ
ভাব	bʱ aː b
ভাব	v a b
ভাব	bʱ aː b
ভাব	v a b
ভাবনা	bʱ a b n aˑ
ভাবনা	v a b n aˑ
ভাবনা	bʱ a b o n aˑ
ভাবনা	v a b o n aˑ
ভাবনা	bʱ a b n aˑ
ভাবনা	v a b n aˑ
ভাবনা	bʱ a b o n aˑ
ভাবনা	v a b o n aˑ
ভাবে	bʱ a b eˑ
ভাবে	v a b eˑ
ভাবে	bʱ a b eˑ
ভাবে	v a b eˑ
ভাবে	bʱ a b eˑ
ভাবে	v a b eˑ
ভাবে	bʱ a b eˑ
ভাবে	v a b eˑ
ভারত	bʱ a ɾ o t̪
ভারত	v a ɾ o t̪
ভারত	bʱ a ɹ o t̪
ভারত	v a ɹ o t̪
ভারতে	bʱ a ɾ ɔ t̪ eˑ
ভারতে	v a ɾ ɔ t̪ eˑ
ভারতে	bʱ a ɹ ɔ t̪ eˑ
ভারতে	v a ɹ ɔ t̪ eˑ
ভার্চুয়াল	bʱ a ɾ t͡ʃ u̯ a l
ভার্চুয়াল	v a ɾ t͡ʃ u̯ a l
ভার্চুয়াল	bʱ a ɹ t ɕ u̯ a l
ভার্চুয়াল	v a ɹ t ɕ u̯ a l
ভার্যা	bʱ a ɾ d͡ʒ aˑ
ভার্যা	v a ɾ d͡ʒ aˑ
ভার্যা	bʱ a ɹ d ʑ aˑ
ভার্যা	v a ɹ d ʑ aˑ
ভার্যা	ɓ a ɾ d̪ z aˑ
ভার্যা	b á ɹ z aˑ
ভাল	bʱ a l oˑ
ভাল	bʱ aː l oˑ
ভাল	bʱ a l
ভালবাসা	bʱ a l o b a ʃ aˑ
ভালবাসা	v a l o b a ʃ aˑ
ভালবাসা	bʱ a l o b a ʃ aˑ
ভালবাসা	v a l o b a ʃ aˑ
ভালভা	bʱ a l bʱ aˑ
ভালভা	v a l v aˑ
ভালভা	bʱ a l bʱ aˑ
ভালভা	v a l v aˑ
ভালাপাওয়া	bʱ a l a p a o̯ aˑ
ভালাপাওয়া	b á l a p a o̯ aˑ
ভালাপাওয়া	b á l a ɸ a o̯ aˑ
ভালোনাম	bʱ a l o n a m
ভালোনাম	v a l o n a m
ভালোনাম	bʱ a l o n a m
ভালোনাম	v a l o n a m
ভালোবাসা	bʱ a l o b a ʃ aˑ
ভালোবাসা	v a l o b a ʃ aˑ
ভালোবাসা	bʱ a l o b a ʃ aˑ
ভালোবাসা	v a l o b a ʃ aˑ
ভালোভাবে	bʱ a l o bʱ a b eˑ
ভালোভাবে	v a l o v a b eˑ
ভালোভাবে	bʱ a l o bʱ a b eˑ
ভালোভাবে	v a l o v a b eˑ
ভাল্লুক	bʱ a lː u k
ভাল্লুক	v a lː u k
ভাল্লুক	bʱ a lː u k
ভাল্লুক	v a lː u k
ভাশুর	bʱ a ʃ u ɾ
ভাশুর	v a ʃ u ɾ
ভাশুর	bʱ a ʃ u ɹ
ভাশুর	v a ʃ u ɹ
ভাষা	bʱ a ʃ aˑ
ভাষা	v a ʃ aˑ
ভাষা	bʱ a ʃ aˑ
ভাষা	v a ʃ aˑ
ভাসা	bʱ a ʃ aˑ
ভাসা	v a ʃ aˑ
ভাসা	bʱ a ʃ aˑ
ভাসা	v a ʃ aˑ
ভাসুর	bʱ a ʃ u ɾ
ভাসুর	v a ʃ u ɾ
ভাসুর	bʱ a ʃ u ɹ
ভাসুর	v a ʃ u ɹ
ভাস্বর	bʱ a ʃː ɔ ɾ
ভাস্বর	v a ʃː ɔ ɾ
ভাস্বর	bʱ a ʃː ɔ ɹ
ভাস্বর	v a ʃː ɔ ɹ
ভিজা	bʱ i d͡ʒ aˑ
ভিজা	v i d͡ʒ aˑ
ভিজা	bʱ i d ʑ aˑ
ভিজা	v i d ʑ aˑ
ভিজা	ɓ i d̪ z aˑ
ভিজা	b í z aˑ
ভিডিও	bʱ i ɖ i̯ oˑ
ভিডিও	v i ɖ i̯ oˑ
ভিডিও	bʱ i d i̯ oˑ
ভিডিও	v i d i̯ oˑ
ভিত	bʱ i t̪ oˑ
ভিত	v i t̪ oˑ
ভিত	bʱ i t̪ oˑ
ভিত	v i t̪ oˑ
ভিতর	bʱ i t̪ ɔ ɾ
ভিতর	v i t̪ ɔ ɾ
ভিতর	bʱ i t̪ ɔ ɹ
ভিতর	v i t̪ ɔ ɹ
ভিতরে	bʱ i t̪ ɔ ɾ eˑ
ভিতরে	v i t̪ ɔ ɾ eˑ
ভিতরে	bʱ i t̪ ɔ ɹ eˑ
ভিতরে	v i t̪ ɔ ɹ eˑ
ভিত্তি	bʱ i t̪ː iˑ
ভিত্তি	v i t̪ː iˑ
ভিত্তি	bʱ i t̪ː iˑ
ভিত্তি	v i t̪ː iˑ
ভিত্তিপ্রস্তর	bʱ i t̪ː i p ɾ o s t̪ ɔ ɾ
ভিত্তিপ্রস্তর	v i t̪ː i p ɾ o s t̪ ɔ ɾ
ভিত্তিপ্রস্তর	bʱ i t̪ː i p ɹ o s t̪ ɔ ɹ
ভিত্তিপ্রস্তর	v i t̪ː i p ɹ o s t̪ ɔ ɹ
ভিন	bʱ iː n
ভিন	v i n
ভিন	bʱ iː n
ভিন	v i n
ভিন	ɓ i n
ভিন	b í n
ভিন্ন	bʱ i nː oˑ
ভিন্ন	v i nː oˑ
ভিন্ন	bʱ i nː oˑ
ভিন্ন	v i nː oˑ
ভিন্ন	ɓ i nː ɔˑ
ভিন্ন	b í nː ɔˑ
ভিন্নমতাবলম্বী	bʱ i nː ɔ m t̪ a b ɔ l o m b iˑ
ভিন্নমতাবলম্বী	v i nː ɔ m t̪ a b ɔ l o m b iˑ
ভিন্নমতাবলম্বী	bʱ i nː ɔ m t̪ a b ɔ l o m b iˑ
ভিন্নমতাবলম্বী	v i nː ɔ m t̪ a b ɔ l o m b iˑ
ভিসা	bʱ i s aˑ
ভিসা	v i s aˑ
ভিসা	bʱ i z aˑ
ভিসা	v i z aˑ
ভিসা	bʱ i s aˑ
ভিসা	v i s aˑ
ভিসা	bʱ i z aˑ
ভিসা	v i z aˑ
ভিসি	bʱ i s̠ iˑ
ভিসি	β i s̠ iˑ
ভিসি	v i s̠ iˑ
ভীমরুল	bʱ i m ɾ u l
ভীমরুল	v i m ɾ u l
ভীমরুল	bʱ i m ɹ u l
ভীমরুল	v i m ɹ u l
ভুঁই	bʱ ũ iˑ
ভুঁই	v ũ iˑ
ভুঁই	bʱ u̯ iˑ
ভুঁই	v u̯ iˑ
ভুঁড়ি	bʱ ũ ɽ iˑ
ভুঁড়ি	v ũ ɾ iˑ
ভুঁড়ি	ɓ u ɾ iˑ
ভুঁড়ি	b ú ɹ iˑ
ভুঁড়ি	ɓ u ɾ iˑ
ভুঁড়ি	b ú ɹ iˑ
ভুঁড়ি	bʱ u ɹ iˑ
ভুঁড়ি	v u ɹ iˑ
ভুঁড়ি	bʱ u ɹ iˑ
ভুঁড়ি	v u ɹ iˑ
ভুক্তভোগী	bʱ u k t̪ ɔ bʱ o ɡ iˑ
ভুক্তভোগী	v u k t̪ ɔ v o ɡ iˑ
ভুক্তভোগী	bʱ u k t̪ ɔ bʱ o ɡ iˑ
ভুক্তভোগী	v u k t̪ ɔ v o ɡ iˑ
ভুখ	bʱ uː k
ভুখ	v u x
ভুখ	bʱ uː k
ভুখ	v u x
ভুটান	bʱ u ʈ a n
ভুটান	v u ʈ a n
ভুটান	bʱ u t a n
ভুটান	v u t a n
ভুট্টা	bʱ u ʈː aˑ
ভুট্টা	v u ʈː aˑ
ভুট্টা	bʱ u tː aˑ
ভুট্টা	v u tː aˑ
ভুবন	bʱ u b o n
ভুবন	v u b o n
ভুবন	bʱ u b o n
ভুবন	v u b o n
ভুয়া	bʱ u̯ aˑ
ভুয়া	v u̯ aˑ
ভুয়া	bʱ u̯ aˑ
ভুয়া	v u̯ aˑ
ভুল	bʱ uː l
ভুল	v u l
ভুল	bʱ uː l
ভুল	v u l
ভুসি	bʱ u ʃ iˑ
ভুসি	v u ʃ iˑ
ভুসি	bʱ u ʃ iˑ
ভুসি	v u ʃ iˑ
ভূ	bʱ uː
ভূ	v uˑ
ভূ	bʱ uː
ভূ	v uˑ
ভূত	bʱ u t̪
ভূত	v u t̪
ভূত	bʱ u t̪
ভূত	v u t̪
ভূমি	bʱ u m iˑ
ভূমি	v u m iˑ
ভূমি	bʱ u m iˑ
ভূমি	v u m iˑ
ভূমিকম্প	bʱ u m i k ɔ m p oˑ
ভূমিকম্প	v u m i k ɔ m p oˑ
ভূমিকম্প	bʱ u m i k ɔ m p oˑ
ভূমিকম্প	v u m i k ɔ m p oˑ
ভূমিকম্প	ɓ u m i k ɔ m p ɔˑ
ভূমিকম্প	b ú m i x ɔ m ɸ ɔˑ
ভূমিকম্প	bʱ u m i k ɔ m p ɔˑ
ভূমিপুত্র	bʱ u m i p u t̪ː ɾ oˑ
ভূমিপুত্র	v u m i p u t̪ː ɾ oˑ
ভূমিপুত্র	bʱ u m i p u t̪ː ɹ oˑ
ভূমিপুত্র	v u m i p u t̪ː ɹ oˑ
ভৃত্য	bʱ ɾ i t̪ː oˑ
ভৃত্য	v ɾ i t̪ː oˑ
ভৃত্য	bʱ ɹ i t̪ː oˑ
ভৃত্য	v ɹ i t̪ː oˑ
ভেক	bʱ eː k
ভেক	v e k
ভেক	bʱ eː k
ভেক	v e k
ভেটা	bʱ e ʈ aˑ
ভেটা	v e ʈ aˑ
ভেটা	bʱ e t aˑ
ভেটা	v e t aˑ
ভেড়া	bʱ æ ɽ aˑ
ভেড়া	bʱ æ ɾ aˑ
ভেড়া	bʱ æ̃ ɽ aˑ
ভেড়া	bʱ æ̃ ɾ aˑ
ভেতরে	bʱ e t̪ ɔ ɾ eˑ
ভেতরে	v e t̪ ɔ ɾ eˑ
ভেতরে	bʱ e t̪ ɔ ɹ eˑ
ভেতরে	v e t̪ ɔ ɹ eˑ
ভেলপুরী	bʱ e l p u ɾ iˑ
ভেলপুরী	v e l p u ɾ iˑ
ভেলপুরী	bʱ e l p u ɹ iˑ
ভেলপুরী	v e l p u ɹ iˑ
ভেলপুরী	ɓ ɛ l p u ɾ iˑ
ভেলপুরী	b ɛ́ l ɸ u ɹ iˑ
ভেলপুরী	b ɛ l p u ɾ iˑ
ভেলপুরী	b ɛ l ɸ u ɹ iˑ
ভেলপুরী	bʱ e l p u ɾ iˑ
ভেস্তা	bʱ e s̠ t̪ äˑ
ভেস্তা	β e s̠ t̪ äˑ
ভেস্তা	v e s̠ t̪ äˑ
ভোগ	bʱ o ɡ
ভোগ	v o ɡ
ভোগ	bʱ o ɡ
ভোগ	v o ɡ
ভোগা	bʱ o ɡ aˑ
ভোগা	v o ɡ aˑ
ভোগা	bʱ o ɡ aˑ
ভোগা	v o ɡ aˑ
ভোজপুর	bʱ o d͡ʒ p u ɾ
ভোজপুর	v o d͡ʒ p u ɾ
ভোজপুর	bʱ o d ʑ p u ɹ
ভোজপুর	v o d ʑ p u ɹ
ভোর	bʱ oː ɾ
ভোর	v o ɾ
ভোর	bʱ o ɹ
ভোর	v o ɹ
ভোলা	bʱ o l a
ভৌম	bʱ o u̯ m oˑ
ভৌম	v o u̯ m oˑ
ভৌম	bʱ o u̯ m oˑ
ভৌম	v o u̯ m oˑ
ভৌমিক	bʱ o u̯ m i k
ভৌমিক	v o u̯ m i k
ভৌমিক	bʱ o u̯ m i k
ভৌমিক	v o u̯ m i k
ভ্যাঙানো	bʱ æ ŋ a n oˑ
ভ্যাঙানো	v æ ŋ a n oˑ
ভ্যাঙানো	bʱ ɛ ŋ a n oˑ
ভ্যাঙানো	v ɛ ŋ a n oˑ
ভ্যাট	bʱ æː ʈ
ভ্যাট	v æ ʈ
ভ্যাট	bʱ ɛː t
ভ্যাট	v ɛ t
ভ্রমণ	bʱ ɹ o m o n
ভ্রমণ	bʱ ɹ o m o n
ভ্রমণ	v ɹ o m o n
ভ্রষ্ট	bʱ ɾ o ʂ ʈ oˑ
ভ্রষ্ট	v ɾ o ʂ ʈ oˑ
ভ্রষ্ট	bʱ ɹ o ʃ t oˑ
ভ্রষ্ট	v ɹ o s t oˑ
ভ্রাতা	bʱ ɾ a t̪ aˑ
ভ্রাতা	v ɾ a t̪ aˑ
ভ্রাতা	bʱ ɹ a t̪ aˑ
ভ্রাতা	v ɹ a t̪ aˑ
ভ্রাতৃ	bʱ ɾ a t̪ː ɾ iˑ
ভ্রাতৃ	v ɾ a t̪ː ɾ iˑ
ভ্রাতৃ	bʱ ɹ a t̪ː ɹ iˑ
ভ্রাতৃ	v ɹ a t̪ː ɹ iˑ
ভ্রাতৃ	ɓ ɾ a t̪ ɾ iˑ
ভ্রাতৃ	bʱ ɹ a t̪ ɹ iˑ
ভ্রান্ত	bʱ ɾ a n t̪ oˑ
ভ্রান্ত	v ɾ a n t̪ oˑ
ভ্রান্ত	bʱ ɹ a n t̪ oˑ
ভ্রান্ত	v ɹ a n t̪ oˑ
ভ্লাদিমির	bʱ l a d̪ i m i ɾ
ভ্লাদিমির	v l a d̪ i m i ɾ
ভ্লাদিমির	bʱ l a d̪ i m i ɹ
ভ্লাদিমির	v l a d̪ i m i ɹ
মই	m o i̯
মই	m o i̯
মউত	m ɔ u t̪
মউত	m ɔ ʊ t̪
মউত	m ɔ o̯ t̪
মউত	m ɔː t̪
মউত	m ɔ u t̪
মউত	m ɔ ʊ t̪
মউত	m ɔ o̯ t̪
মউত	m ɔː t̪
মউসম	m o u̯ ʃ o m
মউসম	m o u̯ ʃ o m
মউসুম	m o u̯ ʃ u m
মউসুম	m o u̯ ʃ u m
মওকা	m ɔ o̯ k aˑ
মওকা	m ɔ o̯ k aˑ
মওত	m ɔ o̯ t̪
মওত	m ɔ ʊ t̪
মওত	m ɔː t̪
মওত	m ɔ o̯ t̪
মওত	m ɔ ʊ t̪
মওত	m ɔː t̪
মওলা	m ɔ o̯ l aˑ
মওলা	m ɔ o̯ l aˑ
মওলানা	m ɔ o̯ l a n aˑ
মওলানা	m ɔ o̯ l a n aˑ
মকতব	m ɔ k t̪ ɔ b
মকতব	m ɔ k t̪ o b
মকতব	m ɔ k t̪ ɔ b
মকতব	m ɔ k t̪ o b
মগ	m ɔ ɡ
মগ	m ɔ ɡ
মগজ	m ɔ ɡ o d͡ʒ
মগজ	m ɔ ɡ o d ʑ
মঙ্গল	m ɔ ŋ ɡ ɔ l
মঙ্গল	m ɔ ŋ ɡ ɔ l
মঙ্গলবার	m o ŋ ɡ o l b a ɾ
মঙ্গলবার	m o ŋ ɡ o l b a ɹ
মঙ্গল্য	m ɔ ŋ ɡ ɔ lː oˑ
মঙ্গল্য	m ɔ ŋ ɡ ɔ lː oˑ
মচমচে	m ɔ t͡ʃ m ɔ t͡ʃ eˑ
মচমচে	m ɔ t ɕ m ɔ t ɕ eˑ
মজদুর	m o z̪̪ d̪ u ɾ
মজদুর	m o d͡ʒ d̪ u ɾ
মজদুর	m o z d̪ u ɾ
মজদুর	m o z̪̪ d̪ u ɹ
মজদুর	m o z d̪ u ɹ
মজনু	m o d͡ʒ n uˑ
মজনু	m o d͡ʒ n ũˑ
মজনু	m o d ʑ n uˑ
মজনু	m o d ʑ n uˑ
মজনুঁ	m o d͡ʒ n ũˑ
মজনুঁ	m o d ʑ n uˑ
মজনুন	m o d͡ʒ n u n
মজনুন	m o d ʑ n u n
মজনূঁ	m o d͡ʒ n ũˑ
মজনূঁ	m o d ʑ n uˑ
মজনূন	m o d͡ʒ n u n
মজনূন	m o d ʑ n u n
মজবুত	m ɔ d͡ʒ b u t̪
মজবুত	m ɔ d ʑ b u t̪
মজলিস	m o d͡ʒ l i ʃ
মজলিস	m o d͡ʒ l i s
মজলিস	m o d ʑ l i ʃ
মজলিস	m o d ʑ l i s
মজলুম	m o d͡ʒ l u m
মজলুম	m o z l u m
মজলুম	m o d ʑ l u m
মজলুম	m o z l u m
মজা	m ɔ d͡ʒ aˑ
মজা	m ɔ d ʑ aˑ
মজা	m ɔ d̪ z aˑ
মজা	m ɔ z aˑ
মজুমদার	m o d͡ʒ u m d̪ a ɾ
মজুমদার	m o d ʑ u m d̪ a ɹ
মজুর	m ɔ d͡ʒ u ɾ
মজুর	m ɔ d ʑ u ɹ
মজ্জা	m ɔ d̚ d͡ʒ a
মঞ্জিল	m o n d͡ʒ i l
মঞ্জিল	m o n d ʑ i l
মঞ্জিলা	m o n d͡ʒ i l aˑ
মঞ্জিলা	m o n d ʑ i l aˑ
মঞ্জুঘোষ	m ɔ n d͡ʒ u ɡʱ o ʃ
মঞ্জুঘোষ	m ɔ n d ʑ u ɡʱ o ʃ
মটর	m ɔ ʈ ɔ ɾ
মটর	m ɔ ʈ o ɾ
মটর	m o ʈ o ɾ
মটর	m ɔ t ɔ ɹ
মটর	m ɔ t o ɹ
মটর	m o t o ɹ
মটরসাইকেল	m ɔ t̪ o ɾ s a i̯ k e l
মটরসাইকেল	m o t̪ o ɾ s a i̯ k e l
মটরসাইকেল	m ɔ t̪ o ɹ s a i̯ k e l
মটরসাইকেল	m o t̪ o ɹ s a i̯ k e l
মড়া	m ɔ ɽ aˑ
মড়া	m ɔ ɾ aˑ
মড়া	m ɔ ɹ aˑ
মণ	m ɔː n
মণ	m ɔ n
মণ	m ɔː n
মণ	m ɔ n
মণি	m o n iˑ
মণি	m o n iˑ
মণিপুর	m o n i p u ɾ
মণিপুর	m o n i p u ɹ
মণীশ	m o n i ʃ
মণীশ	m o n i ʃ
মণ্ডল	m ɔ ɳ ɖ ɔ l
মণ্ডল	m ɔ n d ɔ l
মত	m ɔ t̪
মত	m ɔ t̪
মত	m ɔ t̪ ɔˑ
মত	m ɔ t̪ oˑ
মত	m ɔ t̪ ɔˑ
মত	m ɔ t̪ oˑ
মত	m ɔ t̪ ɔˑ
মত	m ɔ t̪ ɔˑ
মতামত	m ɔ t̪ a m ɔ t̪
মতামত	m ɔ t̪ a m ɔ t̪
মতি	m o t̪ iˑ
মতি	m o t̪ iˑ
মতো	m ɔ t̪ oˑ
মতো	m ɔ t̪ oˑ
মথুরা	m ɔ t̪ʰ u ɾ aˑ
মথুরা	m ɔ t̪ʰ u ɹ aˑ
মদ	m ɔ d̪
মদ	m ɔ d̪
মদত	m ɔ d̪ o t̪
মদত	m ɔ d̪ o t̪
মধু	m o d̪ʱ uˑ
মধু	m o d̪ʱ uˑ
মধুর	m o d̪ʱ u ɾ
মধুর	m o d̪ʱ u ɾ
মধ্য	m o d̪ʱː oˑ
মধ্য	m o d̪ʱː oˑ
মধ্যাহ্ন	m o d̪ʱː a nː oˑ
মধ্যাহ্ন	m o d̪ʱː a n h oˑ
মধ্যাহ্ন	m o d̪ʱː a nː oˑ
মধ্যাহ্ন	m o d̪ʱː a nː oˑ
মধ্যাহ্ন	m o d̪ʱː a n h oˑ
মধ্যাহ্ন	m o d̪ʱː a nː oˑ
মধ্যে	m o d̪ʱː eˑ
মধ্যে	m o d̪ʱː eˑ
মন	m oː n
মন	m o n
মন	m oː n
মন	m o n
মনজিল	m o n d͡ʒ i l
মনজিল	m o n d ʑ i l
মনপ্রাণ	m ɔ n p ɾ a n
মনপ্রাণ	m ɔ n p ɹ a n
মনমোহন	m ɔ n m ɔ h ɔ n
মনমোহন	m ɔ n m ɔ h ɔ n
মনসা	m ɔ n o ʃ aˑ
মনসা	m ɔ n o ʃ aˑ
মনিব	m o n i b
মনিব	m o n i b
মনির	m o n i ɾ
মনির	m o n i ɹ
মনিষ	m o n i ʃ
মনিষ	m o n i ʃ
মনুষ্য	m o n u ʃː oˑ
মনুষ্য	m o n u ʃː oˑ
মনোনীত	m o n o n i t̪ oˑ
মনোনীত	m ɔ n o n i t̪ oˑ
মনোনীত	m o n o n i t̪ oˑ
মনোনীত	m ɔ n o n i t̪ oˑ
মনোবল	m ɔ n o b ɔ l
মনোবল	m ɔ n o b ɔ l
মনোবিজ্ঞান	m ɔ n o b i ɡː æ n
মনোবিজ্ঞান	m ɔ n o b i ɡː ɛ n
মনোব্যথা	m o n o b æ t̪ʰ aˑ
মনোব্যথা	m o n o b ɛ t̪ʰ aˑ
মনোভাব	m o n o bʱ a b
মনোভাব	m o n o v a b
মনোভাব	m o n o bʱ a b
মনোভাব	m o n o v a b
মনোয়ার	m o n o̯ a ɾ
মনোয়ার	m o n o̯ a ɹ
মনোয়ারা	m o n o̯ a ɾ aˑ
মনোয়ারা	m o n o̯ a ɹ aˑ
মনোরমা	m o n o ɾ ɔ m aˑ
মনোরমা	m o n o ɹ ɔ m aˑ
মন্ত্র	m ɔ n t̪ː ɾ oˑ
মন্ত্র	m ɔ n t̪ː ɹ oˑ
মন্ত্রী	m o n t̪ː ɾ iˑ
মন্ত্রী	m o n t̪ː ɹ iˑ
মন্দতা	m ɔ n d̪ ɔ t̪ aˑ
মন্দতা	m ɔ n d̪ ɔ t̪ aˑ
মন্দির	m ɔ n d̪ i ɾ
মন্দির	m ɔ n d̪ i ɹ
মফস্বল	m ɔ f o ʃː ɔ l
মফস্বল	m ɔ f o ʃː ɔ l
মফস্বলীয়	m ɔ f ɔ ʃː o l i̯ oˑ
মফস্বলীয়	m ɔ f ɔ ʃː o l i̯ oˑ
মব	m ɔ b oˑ
মব	m ɔ b oˑ
মম	m ɔ m oˑ
মম	m ɔ m oˑ
মমতাজ	m ɔ m t̪ a d͡ʒ
মমতাজ	m ɔ m o t̪ a d͡ʒ
মমতাজ	m ɔ m t̪ a d ʑ
মমতাজ	m ɔ m o t̪ a d ʑ
ময়দা	m ɔ e̯ d̪ aˑ
ময়দা	m ɔ e̯ d̪ aˑ
ময়দান	m ɔ e̯ d̪ a n
ময়দান	m ɔ e̯ d̪ a n
ময়না	m ɔ e̯ n aˑ
ময়না	m ɔ e̯ n aˑ
ময়মনসিংহ	m ɔ e̯ m o n ʃ i ŋ h o
ময়মনসিংহ	m ɔ e̯ m o n ʃ i ŋ
ময়মনসিংহ	m ɔ e̯ m o n ʃ i ŋ h o
ময়মনসিংহ	m ɔ e̯ m o n ʃ i ŋ
মরজি	m o ɾ d͡ʒ iˑ
মরজি	m o ɹ d ʑ iˑ
মরণ	m ɔ ɾ o n
মরণ	m ɔ ɾ o n
মরদ	m ɔ ɾ o d̪
মরদ	m ɔ ɹ o d̪
মরহুম	m o ɾ h u m
মরহুম	m o ɾ h u m
মরহুমা	m o ɾ h u m aˑ
মরহুমা	m o ɾ h u m aˑ
মরা	m ɔ ɾ aˑ
মরা	m ɔ ɹ aˑ
মরামাস	m ɔ ɾ a m a ʃ
মরামাস	m ɔ ɹ a m a ʃ
মরিচ	m o ɾ i t͡ʃ
মরিচ	m o ɹ i t ɕ
মরিয়ম	m o ɾ i̯ o m
মরিয়ম	m o ɹ i̯ o m
মরিশাস	m ɔ ɾ i ʃ a s
মরিশাস	m ɔ ɹ i ʃ a s
মরুভূমি	m o ɾ u bʱ u m iˑ
মরুভূমি	m o ɾ u v u m iˑ
মরুভূমি	m o ɹ u bʱ u m iˑ
মরুভূমি	m o ɹ u v u m iˑ
মরে	m ɔ ɾ eˑ
মরে	m ɔ ɹ eˑ
মর্ত	m ɔ ɾ t̪ oˑ
মর্ত	m ɔ ɹ t̪ oˑ
মর্ত্ত্য	m ɔ ɾ t̪ː t̪ oˑ
মর্ত্ত্য	m ɔ ɹ t̪ː t̪ oˑ
মর্ত্য	m ɔ ɾ t̪ː oˑ
মর্ত্য	m ɔ ɹ t̪ː oˑ
মর্দ	m ɔ ɾ d̪ oˑ
মর্দ	m ɔ ɹ d̪ oˑ
মর্দনী	m ɔ ɾ d̪ ɔ n i
মর্যাদা	m ɔ ɾ d͡ʒ a d̪ aˑ
মর্যাদা	m ɔ ɹ d ʑ a d̪ aˑ
মর্যাদা	m ɔ ɾ d̪ z a d̪ aˑ
মর্যাদা	m ɔ ɹ z a d̪ aˑ
মল	m ɔː l
মল	m ɔ l
মল	m ɔː l
মল	m ɔ l
মল	m ɔː l
মল	m ɔ l
মল	m ɔː l
মল	m ɔ l
মলম	m ɔ l o m
মলম	m ɔ l o m
মলাট	m ɔ l a ʈ
মলাট	m ɔ l a t
মল্লিকা	m o lː i k aˑ
মল্লিকা	m o lː i k aˑ
মশলা	m ɔ ʃ l aˑ
মশলা	m ɔ ʃ o l aˑ
মশলা	m ɔ ʃ l aˑ
মশলা	m ɔ ʃ o l aˑ
মশাই	m ɔ ʃ a i̯
মশাই	m ɔ ʃ a i̯
মশারি	m ɔ ʃ a ɾ iˑ
মশারি	m ɔ ʃ a ɹ iˑ
মশাল	m ɔ ʃ a l
মশাল	m ɔ ʃ a l
মসজিদ	m o ʃ d͡ʒ i d̪
মসজিদ	m o s d͡ʒ i d̪
মসজিদ	m o ʃ d ʑ i d̪
মসজিদ	m o s d ʑ i d̪
মসলা	m ɔ ʃ l aˑ
মসলা	m ɔ ʃ o l aˑ
মসলা	m ɔ ʃ l aˑ
মসলা	m ɔ ʃ o l aˑ
মসলা	m ɔ ʃ o l aˑ
মসলা	m ɔ ʃ o l aˑ
মস্করা	m ɔ ʃ k ɔ ɾ aˑ
মস্করা	m ɔ ʃ k ɔ ɹ aˑ
মস্তিষ্ক	m o s t̪ i ʃ k oˑ
মস্তিষ্ক	m o s t̪ i ʃ k oˑ
মস্তিষ্কহীন	m ɔ s t̪ i ʃ k o h i n
মস্তিষ্কহীন	m ɔ s t̪ i ʃ k o h i n
মহকুমা	m ɔ h o k u m äˑ
মহঙ্গা	m ɔ h ɔ ŋ ɡ aˑ
মহব্বত	m o h ɔ bː ɔ t̪
মহব্বত	m ɔ h ɔ bː ɔ t̪
মহব্বত	m o h ɔ bː ɔ t̪
মহব্বত	m ɔ h ɔ bː ɔ t̪
মহরম	m ɔ h o ɾ ɔ m
মহরম	m ɔ h o ɾ ɾ ɔ m
মহরম	m ɔ h o ɹ ɔ m
মহরম	m ɔ h o ɹ ɹ ɔ m
মহল্লা	m ɔ h o lː aˑ
মহল্লা	m ɔ h o lː aˑ
মহা	m ɔ h aˑ
মহা	m ɔ h aˑ
মহাজাগতিক	m ɔ h a d͡ʒ a ɡ o t̪ i k
মহাজাগতিক	m ɔ h a d ʑ a ɡ o t̪ i k
মহাদয়া	m ɔ h a d̪ ɔ e̯ aˑ
মহাদয়া	m ɔ h a d̪ ɔ e̯ aˑ
মহাদেশ	m ɔ h a d̪ e ʃ
মহাদেশ	m ɔ h a d̪ e ʃ
মহাপরিদর্শক	m ɔ h a p ɔ ɾ i d̪ ɔ ɾ ʃ ɔ k
মহাপরিদর্শক	m ɔ h a p ɔ ɾ i d̪ ɔ ɾ ɕ ɔ k
মহাপরিদর্শক	m ɔ h a p ɔ ɹ i d̪ ɔ ɹ ʃ ɔ k
মহাপরিদর্শক	m ɔ h a p ɔ ɹ i d̪ ɔ ɹ ɕ ɔ k
মহাবিশ্ব	m ɔ h a b i ʃː oˑ
মহাবিশ্ব	m ɔ h a b i ʃː oˑ
মহামান্য	m ɔ h a m a nː oˑ
মহামান্য	m ɔ h a m a nː oˑ
মহারাষ্ট্র	m ɔ h a ɾ a ʂ ʈː ɾ oˑ
মহারাষ্ট্র	m ɔ h a ɾ a ʂ ʈ oˑ
মহারাষ্ট্র	m ɔ h a ɹ a ʃ tː ɹ oˑ
মহারাষ্ট্র	m ɔ h a ɹ a s tː ɹ oˑ
মহারাষ্ট্র	m ɔ h a ɹ a ʃ t oˑ
মহারাষ্ট্র	m ɔ h a ɹ a s t oˑ
মহাসাগর	m ɔ h a ʃ a ɡ ɔ ɾ
মহাসাগর	m ɔ h a ʃ a ɡ ɔ ɹ
মহাসিন্ধু	m ɔ h a ʃ i n d̪ʱ uˑ
মহাসিন্ধু	m ɔ h a ʃ i n d̪ʱ uˑ
মহিলা	m o h i l aˑ
মহিলা	m o h i l aˑ
মহিষ	m o h i ʃ
মহিষ	m o h i ʃ
মহীশূর	m o h i ʃ u ɾ
মহীশূর	m o h i ʃ u ɹ
মহেন্দ্র	m ɔ h e n d̪ː ɾ oˑ
মহেন্দ্র	m ɔ h e n d̪ː ɹ oˑ
মহোৎসব	m ɔ h o t̪ ʃ ɔ b
মহোৎসব	m ɔ h o t̪ ʃ ɔ b
মা	m aː
মা	m aˑ
মা	m aː
মা	m aˑ
মাং	m a ŋ
মাং	m a ŋ
মাংস	m a ŋ ʃ oˑ
মাংস	m a ŋ ʃ oˑ
মাংসিক	m a ŋ ʃ i k
মাংসিক	m a ŋ ʃ i k
মাইক	m a i̯ k
মাইক	m a i̯ k
মাইক্রোনেশিয়া	m a i̯ k ɾ o n e ʃ i̯ aˑ
মাইক্রোনেশিয়া	m a i̯ k ɹ o n e ʃ i̯ aˑ
মাইনাস	m a i̯ n a ʃ
মাইনাস	m a i̯ n a ʃ
মাইয়া	m a i̯ aˑ
মাইয়া	m a i̯ː aˑ
মাইয়া	m a i̯ aˑ
মাইয়া	m a i̯ː aˑ
মাকড়শা	m a k o ɽ ʃ aˑ
মাকড়শা	m a k o ɾ ʃ aˑ
মাকড়শা	m a k ɽ o ʃ aˑ
মাকড়শা	m a k ɾ o ʃ aˑ
মাকড়শা	m a k o ɹ ʃ aˑ
মাকড়শা	m a k ɹ o ʃ aˑ
মাকড়সা	m a k o ɽ ʃ aˑ
মাকড়সা	m a k o ɾ ʃ aˑ
মাকড়সা	m a k ɽ o ʃ aˑ
মাকড়সা	m a k ɾ o ʃ aˑ
মাকড়সা	m a k o ɹ ʃ aˑ
মাকড়সা	m a k ɹ o ʃ aˑ
মাখন	m a kʰ o n
মাখন	m a kʰ o n
মাখা	m a kʰ aˑ
মাখা	m a kʰ aˑ
মাগ	m a ɡ
মাগ	m a ɡ
মাগফিরাত	m a ɡ f i ɾ a t̪
মাগফিরাত	m a ɡ f i ɹ a t̪
মাগরিব	m a ɡ ɾ i b
মাগরিব	m a ɡ ɹ i b
মাগরেবী	m a ɡ ɾ e b iˑ
মাগরেবী	m a ɡ ɹ e b iˑ
মাগা	m a ɡ aˑ
মাগা	m a ɡ aˑ
মাগার	m a ɡ a ɾ
মাগার	m a ɡ a ɹ
মাগী	m a ɡ iˑ
মাগী	m a ɡ iˑ
মাগুর	m a ɡ u ɾ
মাগুর	m a ɡ u ɹ
মাঘ	m a ɡ
মাঘ	m a ɡ
মাঙ্গা	m a ŋ ɡ aˑ
মাঙ্গা	m a ŋ ɡ aˑ
মাচান	m a t͡ʃ a n
মাচান	m a t ɕ a n
মাছ	m a t͡ʃ
মাছ	m a t ɕ
মাছ	m aː s
মাছ	m a s
মাছ	m a s
মাছ	m a s
মাছি	m a t͡ʃʰ iˑ
মাছি	m a t ɕʰ iˑ
মাছি	m a s iˑ
মাছি	m a s iˑ
মাছি	m a s iˑ
মাজা	m a d͡ʒ aˑ
মাজা	m a d ʑ aˑ
মাজার	m a d͡ʒ a ɾ
মাজার	m a d ʑ a ɹ
মাঝ	m a d͡ʒ
মাঝ	m a d ʑ
মাঝে	m a d͡ʒʱ eˑ
মাঝে	m a d ʑʱ eˑ
মাটি	m a ʈ̟ i
মাঠ	m a ʈ̟ʰ
মাড়	m a ɽ
মাড়	m a ɾ
মাড়	m a ɹ
মাড়া	m a ɽ aˑ
মাড়া	m a ɾ aˑ
মাড়া	m a ɹ aˑ
মাড়ান	m a ɽ a n
মাড়ান	m a ɾ a n
মাড়ান	m a ɹ a n
মাড়ি	m a ɽ i
মাণিক্য	m a n i kː oˑ
মাণিক্য	m a n i kː oˑ
মাত	m a t̪
মাত	m a t̪
মাতা	m a t̪ aˑ
মাতা	m a t̪ aˑ
মাতাল	m a t̪ a l
মাতাল	m a t̪ a l
মাতৃ	m a t̪ː ɾ iˑ
মাতৃ	m a t̪ː ɾ iˑ
মাতৃত্ব	m a t̪ː ɾ i t̪ː oˑ
মাতৃত্ব	m a t̪ː ɹ i t̪ː oˑ
মাতৃভাষা	m ä t̪ː ɾ i bʱ ä s̠ äˑ
মাতৃভূমি	m a t̪ː ɾ i bʱ u m iˑ
মাতৃভূমি	m a t̪ː ɾ i v u m iˑ
মাতৃভূমি	m a t̪ː ɹ i bʱ u m iˑ
মাতৃভূমি	m a t̪ː ɹ i v u m iˑ
মাত্র	m a t̪ː ɾ oˑ
মাত্র	m a t̪ː ɹ oˑ
মাত্রা	m a t̪ː ɾ aˑ
মাত্রা	m a t̪ː ɹ aˑ
মাত্রাতত্ত্ব	m a t̪ː ɾ a t̪ ɔ t̪ː oˑ
মাত্রাতত্ত্ব	m a t̪ː ɹ a t̪ ɔ t̪ː oˑ
মাথা	m a t̪ʰ aˑ
মাথা	m a t̪ʰ aˑ
মাদখালি	m a d̪ kʰ a l iˑ
মাদখালি	m a d̪ kʰ a l iˑ
মাদল	m a d̪ ɔ l
মাদল	m a d̪ ɔ l
মাদারবোর্ড	m a d̪ a ɾ b o ɾ ɖ
মাদারবোর্ড	m a d̪ a ɹ b o ɹ d
মাদ্রাজ	m a d̪ː ɾ a z
মাদ্রাজ	m a d̪ː ɾ a d͡ʒ
মাদ্রাজ	m a d̪ː ɹ a z
মাদ্রাজ	m a d̪ː ɹ a d ʑ
মাধ্যমে	m a d̪ʱː ɔ m eˑ
মাধ্যমে	m a d̪ʱː ɔ m eˑ
মান	m aː n
মান	m a n
মান	m aː n
মান	m a n
মান	m aː n
মান	m a n
মান	m aː n
মান	m a n
মাননীয়	m a n o n i̯ oˑ
মাননীয়	m a n o n i̯ oˑ
মাননীয়া	m a n o n i̯ aˑ
মাননীয়া	m a n o n i̯ aˑ
মানবজাতি	m a n o b d͡ʒ a t̪ iˑ
মানবজাতি	m a n o b d ʑ a t̪ iˑ
মানবাত্মা	m a n o b a t̪ː ãˑ
মানবাত্মা	m a n o b a t̪ː aˑ
মানবাধিকার	m a n ɔ b a d̪ʱ i k a ɾ
মানবাধিকার	m a n ɔ b a d̪ʱ i k a ɹ
মানা	m a n aˑ
মানা	m a n aˑ
মানিক	m a n i k
মানিক	m a n i k
মানুষ	m a n u ʃ
মানুষ	m a n u ʃ
মানুহ	m a n uˑ
মানুহ	m a n uˑ
মানে	m a n eˑ
মানে	m a n eˑ
মান্দার	m a n d̪ a ɾ
মান্দার	m a n d̪ a ɹ
মাপা	m a p a
মাফ	m aː f
মাফ	m a f
মাফ	m aː f
মাফ	m a f
মামড়ি	m a m ɽ iˑ
মামড়ি	m a m ɾ iˑ
মামড়ি	m a m ɹ iˑ
মামলা	m a m l aˑ
মামলা	m a m l aˑ
মামা	m a m a
মামুলী	m a m u l iˑ
মামুলী	m a m u l iˑ
মায়া	m a e̯ aˑ
মায়া	m a e̯ aˑ
মায়ানমার	m a e̯ a n m a ɾ
মায়ানমার	m a e̯ a n m a ɹ
মারা	m a ɾ aˑ
মারা	m a ɾ aˑ
মারাঠী	m a ɾ a ʈʰ iˑ
মারাঠী	m a ɹ a tʰ iˑ
মারুফ	m a ɾ u f
মারুফ	m a ɾ u f
মার্কসবাদ	m a ɾ k s b a d̪
মার্কসবাদ	m a ɾ k ʃ b a d̪
মার্কসবাদ	m a ɹ k s b a d̪
মার্কসবাদ	m a ɹ k ʃ b a d̪
মার্কা	m a ɾ k aˑ
মার্কা	m a ɹ k aˑ
মার্কিন	m a ɾ k i n
মার্কিন	m a ɹ k i n
মার্চ	m a ɾ t͡ʃ
মার্চ	m a ɹ t ɕ
মার্জার	m a ɾ d͡ʒ a ɾ
মার্জার	m a ɹ d ʑ a ɹ
মার্জার	m a ɾ d̪ z a ɾ
মার্জার	m a ɹ z a ɹ
মাল	m aː l
মাল	m a l
মাল	m aː l
মাল	m a l
মালদা	m a l̪ d̪ aˑ
মালদা	m a l̪ d̪ aˑ
মালদ্বীপ	m a l̪ d̪ i p
মালদ্বীপ	m a l̪ d̪ i p
মালা	m a l a
মালাউন	m a l a u̯ n
মালাউন	m a l a u̯ n
মালিক	m a l i k
মালিক	m a l i k
মালিকানা	m a l i k a n aˑ
মালিকানা	m a l i k a n aˑ
মাশাআল্লাহ	m a ʃ a lː aˑ
মাশাআল্লাহ	m a ʃ a lː aˑ
মাশোয়ারা	m a ʃ o̯ a ɾ aˑ
মাশোয়ারা	m a ʃ o̯ a ɹ aˑ
মাস	m aː ʃ
মাস	m a ʃ
মাস	m aː ʃ
মাস	m a ʃ
মাসকালাই	m a s k a l a i̯
মাসকালাই	m a s k a l a i̯
মাসি	m a ʃ iˑ
মাসি	m a ʃ iˑ
মাসুদ	m a s u d̪
মাসুদ	m a s u d̪
মাহ	m a h oˑ
মাহ	m a h oˑ
মাহতাব	m a h t̪ a b
মাহতাব	m a h t̪ a b
মাহদি	m a h d̪ iˑ
মাহদি	m a h a d̪ iˑ
মাহদি	m a h d̪ iˑ
মাহদি	m a h a d̪ iˑ
মাহদি	m e h d̪ iˑ
মাহদি	m e h e d̪ iˑ
মাহদি	m e h d̪ iˑ
মাহদি	m e h e d̪ iˑ
মাহফিল	m a h f i l
মাহফিল	m a h f i l
মাহফুজ	m a h f u z
মাহফুজ	m a h f u z
মাহমূদ	m a h m u d̪
মাহমূদ	m a h a m u d̪
মাহমূদ	m a h m u d̪
মাহমূদ	m a h a m u d̪
মাহমূদা	m a h m u d̪ aˑ
মাহমূদা	m a h a m u d̪ aˑ
মাহমূদা	m a h m u d̪ aˑ
মাহমূদা	m a h a m u d̪ aˑ
মাহাত্ম্য	m a h a t̪ː t̪ oˑ
মাহাত্ম্য	m a h a t̪ː t̪ oˑ
মাহির	m a h i ɾ
মাহির	m a h i ɹ
মাহীন	m a h i n
মাহীন	m a h i n
মাহুত	m a h u t̪
মাহুত	m a h u t̪
মিউজিয়াম	m i u̯ z i̯ a m
মিউজিয়াম	m i u̯ z i̯ a m
মিউনিখ	m i u n̪ i kʰ
মিছা	m i t͡ʃʰ aˑ
মিছা	m i t ɕʰ aˑ
মিছা	m i s aˑ
মিছিল	m i t͡ʃʰ i l
মিছিল	m i t ɕʰ i l
মিজান	m i d͡ʒ a n
মিজান	m i d ʑ a n
মিঞা	m i̯ ãˑ
মিঞা	m i̯ aˑ
মিঞা	m i̯ ãˑ
মিঞাজী	m i̯ ã d͡ʒ iˑ
মিঞাজী	m i̯ a d ʑ iˑ
মিটা	m i ʈ aˑ
মিটা	m i t aˑ
মিঠা	m i ʈʰ aˑ
মিঠা	m i tʰ aˑ
মিঠাই	m i ʈʰ a i̯
মিঠাই	m i ʈʰ a i̯ː
মিঠাই	m i tʰ a i̯
মিঠাই	m i tʰ a i̯ː
মিতা	m i t̪ aˑ
মিতা	m i t̪ aˑ
মিত্র	m i t̪ː ɾ oˑ
মিত্র	m i t̪ː ɾ oˑ
মিথেন	m i t̪ʰ e n
মিথেন	m i t̪ʰ e n
মিথ্যা	m i t̪ʰː aˑ
মিথ্যা	m i t̪ʰː aˑ
মিথ্যুক	m i t̪ʰː u k
মিথ্যুক	m i t̪ʰː u k
মিথ্যে	m i t̪ʰː eˑ
মিথ্যে	m i t̪ʰː eˑ
মিনসা	m i n ʃ aˑ
মিনসা	m i n ʃ aˑ
মিনার	m i n a ɾ
মিনার	m i n a ɹ
মিনিট	m i n i ʈ
মিনিট	m i n i t
মিনেসোটা	m i n e s o ʈ aˑ
মিনেসোটা	m i n e s o t aˑ
মিয়া	m i̯ aˑ
মিয়া	m i̯ aˑ
মিয়ানমার	m i̯ a n m a ɾ
মিয়ানমার	m i̯ a n m a ɹ
মিশর	m i ʃ ɔ ɾ
মিশর	m i ʃ o ɾ
মিশর	m i ʃ ɔ ɹ
মিশর	m i ʃ o ɹ
মিশর	m i ʃ ɔ ɾ
মিশর	m i ʃ ɔ ɹ
মিশর	m i ʃ o ɾ
মিশর	m i ʃ o ɹ
মিশর	m i ʃ ɔ ɾ
মিশর	m i ʃ o ɾ
মিশরীয়	m i ʃ ɔ ɾ i oˑ
মিশরীয়	m i ʃ ɔ ɾ i oˑ
মিষ্টান্ন	m i ʂ ʈ a nː oˑ
মিষ্টান্ন	m i ʃ t a nː oˑ
মিষ্টান্ন	m i s t a nː oˑ
মিষ্টি	m i ʂ ʈ iˑ
মিষ্টি	m i ʃ t iˑ
মিষ্টি	m i s t iˑ
মিসকিন	m i s k i n
মিসকিন	m i s k i n
মিস্ত্রী	m i s t̪ː ɾ iˑ
মিস্ত্রী	m i s t̪ː ɹ iˑ
মীনাক্ষী	m i n a kʰː iˑ
মীনাক্ষী	m i n a kʰː iˑ
মীর	m iː ɾ
মীর	m i ɾ
মীর	m i ɹ
মীরসরাই	m i ɾ ʃ ɔ ɾ a i̯
মীরসরাই	m i ɹ ʃ ɔ ɹ a i̯
মীরা	m i ɾ aˑ
মীরা	m i ɹ aˑ
মুই	m u i̯
মুই	m ũ i̯
মুকুট	m u k u ʈ
মুকুট	m u k u t
মুকেরি	m u k e ɾ iˑ
মুক্ত	m u k t̪ oˑ
মুক্ত	m u k t̪ oˑ
মুক্তমুখ	m u k t̪ o m u k
মুক্তমুখ	m u k t̪ o m u x
মুক্তমুখ	m u k t̪ o m u k
মুক্তমুখ	m u k t̪ o m u x
মুক্তা	m u k t̪ aˑ
মুক্তা	m u k t̪ aˑ
মুক্তি	m u k t̪ iˑ
মুক্তি	m u k t̪ iˑ
মুক্তিযুদ্ধ	m u k t̪ i d͡ʒ u d̪ʱː oˑ
মুক্তিযুদ্ধ	m u k t̪ i d ʑ u d̪ʱː oˑ
মুক্তো	m u k t̪ oˑ
মুক্তো	m u k t̪ oˑ
মুখতসর	m u k t̪ ɔ ʃ ɔ ɾ
মুখতসর	m u x t̪ ɔ ʃ ɔ ɾ
মুখতসর	m u k t̪ ɔ ʃ ɔ ɹ
মুখতসর	m u x t̪ ɔ ʃ ɔ ɹ
মুখপাত্র	m u kʰ o p a t̪ː ɾ oˑ
মুখপাত্র	m u kʰ o p a t̪ː ɹ oˑ
মুখপাত্র	m u kʰ o p ä t̪ː ɾ o
মুখর	m u kʰ ɔ ɾ
মুখর	m u kʰ ɔ ɹ
মুখস্থ	m u kʰ o s t̪ʰ oˑ
মুখস্থ	m u kʰ o s t̪ oˑ
মুখস্থ	m u k o s t̪ʰ oˑ
মুখস্থ	m u kʰ o s t̪ʰ oˑ
মুখস্থ	m u kʰ o s t̪ oˑ
মুখস্থ	m u k o s t̪ʰ oˑ
মুখার্জি	m u kʰ a ɾ d͡ʒ iˑ
মুখার্জি	m u kʰ a ɹ d ʑ iˑ
মুখুজ্জে	m u kʰ u z̪̪ d͡ʒ eˑ
মুখুজ্জে	m u kʰ u d͡ʒ d͡ʒ eˑ
মুখুজ্জে	m u kʰ u d ʑː eˑ
মুখোপাধ্যায়	m u kʰ o p a d̪ʱː a e̯
মুখোপাধ্যায়	m u kʰ o p a d̪ʱː a e̯
মুখোশ	m u kʰ o ʃ
মুখোশ	m u kʰ o ʃ
মুখ্য	m u kʰː oˑ
মুখ্য	m u kʰː oˑ
মুগ	m u ɡ
মুগ	m u ɡ
মুগ্ধ	m u ɡ d̪ʱ oˑ
মুগ্ধ	m u ɡ d̪ʱ oˑ
মুঘল	m u ɡʱ o l
মুঘল	m u ɡʱ o l
মুচি	m u t͡ʃ iˑ
মুচি	m u t ɕ iˑ
মুছনি	m u t͡ʃʰ o n iˑ
মুছনি	m u t ɕʰ o n iˑ
মুছা	m u t͡ʃʰ aˑ
মুছা	m u t ɕʰ aˑ
মুজিব	m u d͡ʒ i b
মুজিব	m u d ʑ i b
মুড়ি	m u ɽ iˑ
মুড়ি	m u ɾ iˑ
মুড়ি	m u ɹ iˑ
মুড়ো	m u ɽ oˑ
মুড়ো	m u ɾ oˑ
মুড়ো	m u ɹ oˑ
মুড়ো	m u ɾ oˑ
মুড়ো	m u ɹ oˑ
মুড়ো	m u ɾ oˑ
মুত	m uː t̪
মুতা	m u t̪ äˑ
মুতাজ	m u t̪ a d͡ʒ
মুতাজ	m u t̪ a d ʑ
মুদি	m u d̪ iˑ
মুদ্রা	m u d̪ː ɾ aˑ
মুদ্রা	m u d̪ː ɹ aˑ
মুন্ডা	m u ɳ ɖ aˑ
মুন্ডা	m u n d aˑ
মুফত	m u f ɔ t̪
মুফত	m u f ɔ t̪
মুবারক	m u b a ɾ o k
মুবারক	m ʊ b a ɾ o k
মুবারক	m o b a ɾ o k
মুবারক	m u b a ɹ o k
মুবারক	m ʊ b a ɹ o k
মুবারক	m o b a ɹ o k
মুবারাক	m u b a ɾ a k
মুবারাক	m u b a ɹ a k
মুবাশশির	m u b a ʃː i ɾ
মুবাশশির	m u b a ʃː i ɹ
মুভি	m u bʱ iˑ
মুভি	m u v iˑ
মুভি	m u bʱ iˑ
মুভি	m u v iˑ
মুম্বই	m u m b o i̯
মুম্বই	m u m b o i̯
মুয়াজ্জিন	m u̯ a z̪̪ d͡ʒ i n
মুয়াজ্জিন	m u̯ a d͡ʒ d͡ʒ i n
মুয়াজ্জিন	m u̯ a d ʑː i n
মুয়াবিয়া	m u̯ a b i̯ aˑ
মুয়াবিয়া	m u̯ a b i̯ aˑ
মুরগি	m u ɾ ɡ iˑ
মুরগি	m u ɹ ɡ iˑ
মুরগী	m u ɾ ɡ iˑ
মুরগী	m u ɹ ɡ iˑ
মুরলি	m u ɾ o l iˑ
মুরলি	m u ɾ o l iˑ
মুরাদ	m u ɾ a d̪
মুরাদ	m u ɹ a d̪
মুরুব্বি	m u ɾ u bː iˑ
মুরুব্বি	m u ɹ u bː iˑ
মুরোদ	m u ɾ o d̪
মুরোদ	m u ɹ o d̪
মুর্শিদ	m u ɾ ʃ i d̪
মুর্শিদ	m u ɹ ʃ i d̪
মুর্শিদাবাদ	m u ɾ ʃ i d̪ a b a d̪
মুর্শিদাবাদ	m u ɹ ʃ i d̪ a b a d̪
মুশকিল	m u ʃ k i l
মুশকিল	m u ʃ k i l
মুষল	m u ʃ o l
মুষল	m u ʃ o l
মুষলধার	m u ʃ o l̪ d̪ʱ a ɾ
মুষলধার	m u ʃ o l̪ d̪ʱ a ɹ
মুষ্টি	m u ʂ ʈ iˑ
মুষ্টি	m u ʃ t iˑ
মুষ্টি	m u s t iˑ
মুসলমান	m u s o l m a n
মুসলমান	m u s o l m a n
মুসলিম	m u s l i m
মুসলিম	m u s l i m
মুসল্লি	m u s o lː iˑ
মুসল্লি	m u s o lː iˑ
মুসাফির	m u s a f i ɾ
মুসাফির	m u s a f i ɹ
মুসাবিদা	m u ʃ a b i d̪ aˑ
মুসাবিদা	m u ʃ a b i d̪ aˑ
মুসিবত	m u s i b ɔ t̪
মুসিবত	m u s i b ɔ t̪
মুস্কান	m u s k a n
মুস্কান	m u s k a n
মুহাজির	m u h a d͡ʒ i ɾ
মুহাজির	m u h a d ʑ i ɹ
মুহাম্মদ	m u h a mː ɔ d̪
মুহাম্মদ	m u h ɔ mː ɔ d̪
মুহাম্মদ	m o h a mː ɔ d̪
মুহাম্মদ	m o h ɔ mː ɔ d̪
মুহাম্মদ	m u h a mː ɔ d̪
মুহাম্মদ	m u h ɔ mː ɔ d̪
মুহাম্মদ	m o h a mː ɔ d̪
মুহাম্মদ	m o h ɔ mː ɔ d̪
মূঢ়	m u ɽʱ oˑ
মূঢ়	m u ɽ oˑ
মূঢ়	m u ɾ h oˑ
মূঢ়	m u ɹ oˑ
মূত্র	m u t̪ː ɾ ɔ̝ˑ
মূত্রনালি	m u t̪ː ɾ ɔ n a l iˑ
মূত্রনালি	m u t̪ː ɹ ɔ n a l iˑ
মূর্খ	m u r kʰ o
মূর্খতা	m u ɾ kʰ ɔ t̪ aˑ
মূর্খতা	m u ɹ kʰ ɔ t̪ aˑ
মূর্তি	m u ɾ t̪ iˑ
মূর্তি	m u ɾ t̪ iˑ
মূর্ধন্য	m u ɾ d̪ʱ ɔ nː oˑ
মূর্ধন্য	m u ɹ d̪ʱ ɔ nː oˑ
মূল	m uː l
মূল	m u l
মূল	m uː l
মূল	m u l
মূল্য	m u lː oˑ
মূল্য	m u lː oˑ
মূসক	m u ʃ ɔ k
মূসক	m u ʃ ɔ k
মৃগ	m ɾ i ɡ
মৃগ	m ɹ i ɡ
মৃগ	m ɾ i ɡ
মৃগ	m ɹ i ɡ
মৃণ্ময়	m ɾ i n m ɔ e̯
মৃণ্ময়	m ɹ i n m ɔ e̯
মৃত	m ɾ i t̪ oˑ
মৃত	m ɹ i t̪ oˑ
মৃতদেহ	m ɾ i t̪ ɔ d̪ e h oˑ
মৃতদেহ	m ɹ i t̪ ɔ d̪ e h oˑ
মৃত্তিকা	m ɾ i t̪ː i k aˑ
মৃত্তিকা	m ɹ i t̪ː i k aˑ
মৃত্যু	m ɾ i t̪ː uˑ
মৃত্যু	m ɹ i t̪ː uˑ
মৃত্যুঞ্জয়	m ɾ i t̪ː u n d͡ʒ ɔ e̯
মৃত্যুঞ্জয়	m ɹ i t̪ː u n d ʑ ɔ e̯
মৃত্যুবার্ষিকী	m ɾ i t̪ː u b a ɾ ʃ i k iˑ
মৃত্যুবার্ষিকী	m ɹ i t̪ː u b a ɹ ʃ i k iˑ
মৃদু	m ɾ i d̪ uˑ
মৃদু	m ɹ i d̪ uˑ
মৃদুতা	m ɾ i d̪ u t̪ aˑ
মৃদুতা	m ɹ i d̪ u t̪ aˑ
মে	m eː
মে	m eˑ
মে	m eː
মে	m eˑ
মেক্সিকো	m e k ʃ i k oˑ
মেক্সিকো	m e k s i k oˑ
মেক্সিকো	m e k ʃ i k oˑ
মেক্সিকো	m e k s i k oˑ
মেঘ	m e ɡ
মেঘ	m e ɡ
মেঘনা	m e ɡʱ ɔ n̪ a
মেঘালয়	m e ɡʱ a l ɔ e̯
মেঘালয়	m e ɡʱ a l ɔ e̯
মেচ	m e t͡ʃ
মেচ	m e t ɕ
মেজ	m e d͡ʒ oˑ
মেজ	m e d ʑ oˑ
মেজ	m e d͡ʒ
মেজ	m e d ʑ
মেজদা	m e z̪̪ d̪ aˑ
মেজদা	m e d͡ʒ d̪ aˑ
মেজদা	m e z̪̪ d̪ aˑ
মেজবান	m e d͡ʒ b a n
মেজবান	m e z b a n
মেজবান	m e d ʑ b a n
মেজবান	m e z b a n
মেজাজ	m e d͡ʒ a d͡ʒ
মেজাজ	m e z a d͡ʒ
মেজাজ	m e d͡ʒ a z
মেজাজ	m e d ʑ a d ʑ
মেজাজ	m e z a d ʑ
মেজাজ	m e d ʑ a z
মেজাজ	m ɛ z a z
মেজাজ	m ɛ z a z
মেজাজ	m e z a z
মেজো	m e d͡ʒ oˑ
মেজো	m e d ʑ oˑ
মেঝ	m e d͡ʒʱ oˑ
মেঝ	m e d ʑʱ oˑ
মেঝে	m e d͡ʒʱ eˑ
মেঝে	m e d ʑʱ eˑ
মেঝো	m e d͡ʒʱ oˑ
মেঝো	m e d ʑʱ oˑ
মেটে	m e ʈ eˑ
মেটে	m e t eˑ
মেট্রোরেল	m e ʈː ɾ o ɾ e l
মেট্রোরেল	m e tː ɹ o ɹ e l
মেড়া	m e ɽ aˑ
মেড়া	m e ɾ aˑ
মেড়া	m e ɹ aˑ
মেধাশূন্য	m e d̪ʱ a ʃ u nː oˑ
মেধাশূন্য	m e d̪ʱ a ʃ u nː oˑ
মেম	m eː m
মেম	m e m
মেম	m æː m
মেম	m æ m
মেম	m eː m
মেম	m e m
মেম	m æː m
মেম	m æ m
মেয়াদ	m e a d̪
মেয়াদ	m e a d̪
মেয়ে	m eː
মেয়ে	m eˑ
মেয়ে	m eː
মেয়ে	m eˑ
মেয়েবাজ	m e e̯ e b a d͡ʒ
মেয়েবাজ	m e e̯ e b a d ʑ
মেয়েমানুষ	m e e̯ e m a n u ʃ
মেয়েমানুষ	m e e̯ e m a n u ʃ
মেরা	m e ɾ aˑ
মেরা	m e ɹ aˑ
মেরামত	m e ɾ a m ɔ t̪
মেরামত	m e ɹ a m ɔ t̪
মেরু	m e ɾ uˑ
মেরু	m e ɹ uˑ
মেলানেশিয়া	m e l a n e ʃ i̯ aˑ
মেলানেশিয়া	m e l a n e ʃ i̯ aˑ
মেলামেশা	m æ l a m e ʃ aˑ
মেলামেশা	m ɛ l a m e ʃ aˑ
মেলে	m e l eˑ
মেলে	m e l eˑ
মেলে	m æ l eˑ
মেলে	m ɛ l eˑ
মেলে	m e l eˑ
মেলে	m e l eˑ
মেষ	m eː ʃ
মেষ	m e ʃ
মেষ	m eː ʃ
মেষ	m e ʃ
মেষশাবক	m e ʃː a b ɔ k
মেষশাবক	m e ʃː a b ɔ k
মেস	m eː s̠
মেসো	m e ʃ oˑ
মেসো	m e ʃ oˑ
মেহজাবিন	m e h d͡ʒ a b i n
মেহজাবিন	m a h d͡ʒ a b i n
মেহজাবিন	m e h z a b i n
মেহজাবিন	m a h z a b i n
মেহজাবিন	m e h d ʑ a b i n
মেহজাবিন	m a h d ʑ a b i n
মেহজাবিন	m e h z a b i n
মেহজাবিন	m a h z a b i n
মেহনত	m e h ɔ n o t̪
মেহনত	m e h ɔ n o t̪
মেহমান	m æ h ɔ m a n
মেহমান	m æ h ɔ m a n
মেহমানী	m æ h ɔ m a n iˑ
মেহমানী	m æ h ɔ m a n iˑ
মেহেরবানি	m e h e ɾ b a n iˑ
মেহেরবানি	m e h e ɹ b a n iˑ
মেহেরুন্নেসা	m e h e ɾ u nː e s aˑ
মেহেরুন্নেসা	m e h ɾ u nː e s aˑ
মেহেরুন্নেসা	m e h e ɹ u nː e s aˑ
মেহেরুন্নেসা	m e h ɹ u nː e s aˑ
মোকাবেলা	m o k a b e l aˑ
মোকাবেলা	m o k a b e l aˑ
মোকাম	m o k a m
মোকাম	m o k a m
মোগল	m o ɡ ɔ l
মোগল	m o ɡ ɔ l
মোছা	m o t͡ʃʰ aˑ
মোছা	m o t ɕʰ aˑ
মোজা	m o d͡ʒ aˑ
মোজা	m o d ʑ aˑ
মোজা	m o d̪ z aˑ
মোজা	m o z aˑ
মোজেজা	m o d͡ʒ e z aˑ
মোজেজা	m o d ʑ e z aˑ
মোজেজা	m o d̪ z ɛ d̪ z aˑ
মোজেজা	m o z ɛ z aˑ
মোটর	m o ʈ o ɾ
মোটর	m ɔ ʈ o ɾ
মোটর	m o t o ɹ
মোটর	m ɔ t o ɹ
মোটরসাইকেল	m o ʈ o ɾ s a i̯ k e l
মোটরসাইকেল	m ɔ ʈ o ɾ s a i̯ k e l
মোটরসাইকেল	m o t o ɹ s a i̯ k e l
মোটরসাইকেল	m ɔ t o ɹ s a i̯ k e l
মোটা	m o ʈ aˑ
মোটা	m o t aˑ
মোড়	m o ɽ
মোড়	m o ɾ
মোড়	m o ɹ
মোড়ল	m o ɽ o l
মোড়ল	m o ɾ o l
মোড়ল	m o ɹ o l
মোতা	m o t̪ äˑ
মোতি	m o t̪ iˑ
মোতি	m o t̪ iˑ
মোদী	m o d̪ iˑ
মোদী	m o d̪ iˑ
মোদী	m o d̪ iˑ
মোদী	m o d̪ iˑ
মোদী	m o d̪ iˑ
মোনাজাত	m o n a d͡ʒ a t̪
মোনাজাত	m o n a d ʑ a t̪
মোবাইল	m o b a i̯ l
মোবাইল	m o b a i̯ l
মোবারক	m o b a ɾ ɔ k
মোবারক	m o b a ɾ o k
মোবারক	m o b a ɹ ɔ k
মোবারক	m o b a ɹ o k
মোবারকবাদ	m o b a ɾ k ɔ b a d̪
মোবারকবাদ	m o b a ɹ k ɔ b a d̪
মোবারাক	m o b a ɾ a k
মোবারাক	m o b a ɹ a k
মোমবাতি	m o m b a t̪ iˑ
মোমবাতি	m o m b a t̪ iˑ
মোরগ	m o ɾ o d̪
মোরগ	m o ɹ o d̪
মোরব্বা	m o ɾ ɔ bː aˑ
মোরব্বা	m o ɹ ɔ bː aˑ
মোলাকাত	m o l a k a t̪
মোলাকাত	m o l a k a t̪
মোলায়েম	m o l a e̯ m
মোলায়েম	m o l a e̯ m
মোল্লা	m o lː aˑ
মোল্লা	m ʊ lː aˑ
মোল্লা	m u lː aˑ
মোল্লা	m o lː aˑ
মোল্লা	m ʊ lː aˑ
মোল্লা	m u lː aˑ
মোস্তফা	m o s t̪ ɔ f aˑ
মোস্তফা	m o s t̪ ɔ f aˑ
মোহর	m o h ɔ ɾ
মোহর	m o h ɔ ɹ
মোহান্ধকারাচ্ছন্ন	m o h a n d̪ʱ ɔ k a ɾ a t͡ʃʰː ɔ nː oˑ
মোহান্ধকারাচ্ছন্ন	m o h a n d̪ʱ ɔ k a ɹ a t ɕʰː ɔ nː oˑ
মোহাম্মদ	m o h a mː ɔ d̪
মোহাম্মদ	m o h a mː ɔ d̪
মৌ	m o u̯
মৌ	m o u̯
মৌত	m o u̯ t̪
মৌত	m o u̯ t̪
মৌলবী	m o u̯ l o b iˑ
মৌলবী	m o u̯ l o b iˑ
মৌসম	m o u̯ ʃ o m
মৌসম	m o u̯ ʃ o m
মৌসুম	m o u̯ ʃ u m
মৌসুম	m o u̯ s u m
মৌসুম	m o u̯ ʃ u m
মৌসুম	m o u̯ ʃ u m
মৌসুম	m o u̯ ʃ u m
মৌসুম	m o u̯ s u m
মৌসুম	m o u̯ s u m
মৌসুমি	m o u̯ ʃ u m iˑ
মৌসুমি	m o u̯ ʃ u m iˑ
ম্যাজেন্টা	m æ d͡ʒ e ɳ ʈ aˑ
ম্যাজেন্টা	m ɛ d ʑ e n t aˑ
ম্যাডাম	m æ ɖ a m
ম্যাডাম	m æ d a m
ম্যালা	m æ l aˑ
ম্যালা	m ɛ l aˑ
ম্লেচ্ছ	m l e t͡ʃʰː oˑ
ম্লেচ্ছ	m i l e t͡ʃʰː oˑ
ম্লেচ্ছ	m l e t ɕʰː oˑ
ম্লেচ্ছ	m i l e t ɕʰː oˑ
য	d͡ʒ ɔˑ
য	d ʑ ɔː
য	d ʑ ɔˑ
য	z ɔˑ
য	z ɔˑ
যক্ষ্মা	d͡ʒ ɔ kʰː aˑ
যক্ষ্মা	d ʑ ɔ kʰː aˑ
যখন	d͡ʒ ɔ kʰ ɔ n
যখন	d ʑ ɔ kʰ ɔ n
যজ্ঞ	d͡ʒ o ɡː oˑ
যজ্ঞ	d ʑ o ɡː oˑ
যজ্ঞ	d̪ z o ɡː ɔˑ
যজ্ঞ	z o ɡː ɔˑ
যজ্ঞ	z o ɡː ɔˑ
যতন	d͡ʒ ɔ t̪ o n
যতন	d ʑ ɔ t̪ o n
যত্ন	d͡ʒ ɔ t̪ n oˑ
যত্ন	d ʑ ɔ t̪ n oˑ
যথা	d͡ʒ ɔ t̪ʰ aˑ
যথা	d ʑ ɔ t̪ʰ aˑ
যথা	d̪ z ɔ t̪ʰ aˑ
যথা	z ɔ t̪ áˑ
যথেষ্ট	d͡ʒ ɔ t̪ʰ e ʂ ʈ oˑ
যথেষ্ট	d ʑ ɔ t̪ʰ e ʃ t oˑ
যথেষ্ট	d ʑ ɔ t̪ʰ e s t oˑ
যদি	d͡ʒ o d̪ iˑ
যদি	d ʑ o d̪ iˑ
যদিও	d͡ʒ o d̪ i̯ oˑ
যদিও	d ʑ o d̪ i̯ oˑ
যদ্দিন	d͡ʒ ɔ d̪ː i n
যদ্দিন	d ʑ ɔ d̪ː i n
যদ্দিন	d̪ z ɔ d̪ː i n
যদ্দিন	z ɔ d̪ː i n
যন্ত্রণা	d͡ʒ ɔ n t̪ː ɾ ɔ n aˑ
যন্ত্রণা	d ʑ ɔ n t̪ː ɹ ɔ n aˑ
যন্ত্রণাদায়ক	d͡ʒ ɔ n t̪ː ɾ o n a d̪ a e̯ o k
যন্ত্রণাদায়ক	d ʑ ɔ n t̪ː ɹ o n a d̪ a e̯ o k
যন্ত্রমানব	d͡ʒ ɔ n t̪ː ɾ o m a n o b
যন্ত্রমানব	d ʑ ɔ n t̪ː ɹ o m a n o b
যফলা	d͡ʒ ɔ f ɔ l aˑ
যফলা	d ʑ ɔ f ɔ l aˑ
যবন	d͡ʒ ɔ b o n
যবন	d ʑ ɔ b o n
যম	d͡ʒ ɔ m
যম	d ʑ ɔː m
যম	d ʑ ɔ m
যমজ	d͡ʒ ɔ m o d͡ʒ
যমজ	d ʑ ɔ m o d ʑ
যশোর	d͡ʒ ɔ ʃ o ɾ
যশোর	d ʑ ɔ ʃ o ɾ
য়	ɔ n t̪ o s t̪ʰ o e̯ ɔˑ
য়	ɔ n t̪ o s t̪ʰ o e̯ ɔˑ
যা	d͡ʒ aˑ
যা	d ʑ aː
যা	d ʑ aˑ
যাই	d͡ʒ a i̯
যাই	d ʑ a i̯
যাও	d͡ʒ a o̯
যাও	d ʑ a o̯
যাওয়া	d͡ʒ a o̯ aˑ
যাওয়া	d ʑ a o̯ aˑ
যাক	d͡ʒ a k
যাক	d ʑ aː k
যাক	d ʑ a k
যাকাত	d͡ʒ a k a t̪
যাকাত	z a k a t̪
যাকাত	d ʑ a k a t̪
যাকাত	z a k a t̪
যাচ্ছিল	d͡ʒ a t͡ʃʰː i l oˑ
যাচ্ছিল	d ʑ a t ɕʰː i l oˑ
যাচ্ছেতাই	d͡ʒ a t͡ʃʰː e t̪ a i̯
যাচ্ছেতাই	d ʑ a t ɕʰː e t̪ a i̯
যাচ্ঞা	d͡ʒ a t͡ʃ n aˑ
যাচ্ঞা	d ʑ a t ɕ n aˑ
যাতনা	d͡ʒ a t̪ o n aˑ
যাতনা	d ʑ a t̪ o n aˑ
যাতে	d͡ʒ a t̪ eˑ
যাতে	d ʑ a t̪ eˑ
যাত্রা	d͡ʒ a t̪ː ɾ aˑ
যাত্রা	d ʑ a t̪ː ɹ aˑ
যাদুঘর	d͡ʒ a d̪ u ɡʱ ɔ ɾ
যাদুঘর	d ʑ a d̪ u ɡʱ ɔ ɹ
যান	d͡ʒ a n
যান	d ʑ aː n
যান	d ʑ a n
যান্ত্রিক	d͡ʒ a n t̪ː ɾ i k
যান্ত্রিক	d ʑ a n t̪ː ɹ i k
যাপন	d͡ʒ a p o n
যাপন	d ʑ a p o n
যাব	d͡ʒ a b oˑ
যাব	d ʑ a b oˑ
যায়	d͡ʒ a e̯
যায়	d ʑ a e̯
যায়নাব	d͡ʒ a e̯ n a b
যায়নাব	d ʑ a e̯ n a b
যারা	d͡ʒ a ɾ aˑ
যারা	d ʑ a ɹ aˑ
যাস	d͡ʒ a ʃ
যাস	d ʑ aː ʃ
যাস	d ʑ a ʃ
যাহা	d͡ʒ a h aˑ
যাহা	d ʑ a h aˑ
যিনা	d͡ʒ i n aˑ
যিনা	d ʑ i n aˑ
যিনি	d͡ʒ i n iˑ
যিনি	d ʑ i n iˑ
যিশু	d͡ʒ i ʃ uˑ
যিশু	d ʑ i ʃ uˑ
যিহোবা	d͡ʒ i h o b aˑ
যিহোবা	d ʑ i h o b aˑ
যুক্ত	d͡ʒ u k t̪ oˑ
যুক্ত	d ʑ u k t̪ oˑ
যুক্তরাজ্য	d͡ʒ u k t̪ ɔ ɾ a z̪̪ d͡ʒ oˑ
যুক্তরাজ্য	d͡ʒ u k t̪ ɔ ɾ a d͡ʒ d͡ʒ oˑ
যুক্তরাজ্য	d ʑ u k t̪ ɔ ɹ a d ʑː oˑ
যুক্তরাষ্ট্র	d͡ʒ u k t̪ o ɾ a ʂ ʈː ɾ oˑ
যুক্তরাষ্ট্র	d ʑ u k t̪ o ɹ a ʃ tː ɹ oˑ
যুক্তরাষ্ট্র	d ʑ u k t̪ o ɹ a s tː ɹ oˑ
যুক্তি	d͡ʒ u k t̪ iˑ
যুক্তি	d ʑ u k t̪ iˑ
যুক্তিবাদিতা	d͡ʒ u k t̪ i b a d̪ i t̪ aˑ
যুক্তিবাদিতা	d ʑ u k t̪ i b a d̪ i t̪ aˑ
যুক্তিবাদী	d͡ʒ u k t̪ i b a d̪ iˑ
যুক্তিবাদী	d ʑ u k t̪ i b a d̪ iˑ
যুক্তিহীন	d͡ʒ u k t̪ i h i n
যুক্তিহীন	d ʑ u k t̪ i h i n
যুগ	d͡ʒ u ɡ
যুগ	d ʑ u ɡ
যুগল	d͡ʒ u ɡ ɔ l
যুগল	d ʑ u ɡ ɔ l
যুগোস্লাভিয়া	d͡ʒ u ɡ o s l a bʱ i̯ aˑ
যুগোস্লাভিয়া	d͡ʒ u ɡ o s l a v i̯ aˑ
যুগোস্লাভিয়া	d ʑ u ɡ o s l a bʱ i̯ aˑ
যুগোস্লাভিয়া	d ʑ u ɡ o s l a v i̯ aˑ
যুদ্ধ	d͡ʒ u d̪ʱː oˑ
যুদ্ধ	d ʑ u d̪ʱː oˑ
যুধিষ্ঠির	d͡ʒ u d̪ʱ i ʂ ʈʰ i ɾ
যুধিষ্ঠির	d ʑ u d̪ʱ i ʃ tʰ i ɹ
যুধিষ্ঠির	d ʑ u d̪ʱ i s tʰ i ɹ
যুবতী	d͡ʒ u b o t̪ iˑ
যুবতী	d ʑ u b o t̪ iˑ
যুবতী	d̪ z u b ɔ t̪ iˑ
যুবতী	z u b ɔ t̪ iˑ
যুবতী	z u b ɔ t̪ iˑ
যুযু	d͡ʒ u d͡ʒ uˑ
যুযু	d ʑ u d ʑ uˑ
যুলফিকার	z u l f i k a ɾ
যুলফিকার	d͡ʒ u l f i k a ɾ
যুলফিকার	z u l f i k a ɾ
যুলফিকার	d ʑ u l f i k a ɾ
যে	d͡ʒ eˑ
যে	d ʑ eː
যে	d ʑ eˑ
যেখান	d͡ʒ e kʰ a n
যেখান	d ʑ e kʰ a n
যেতে	d͡ʒ e t̪ eˑ
যেতে	d ʑ e t̪ eˑ
যেথা	d͡ʒ e t̪ʰ aˑ
যেথা	d ʑ e t̪ʰ aˑ
যেন	d͡ʒ æ n oˑ
যেন	d ʑ æ n oˑ
যেন	d̪ z ɛ n ɔˑ
যেন	z ɛ n ɔˑ
যেন	d̪ z ɛ n
যেন	z ɛ n
যেমন	d͡ʒ æ m o n
যেমন	d ʑ æ m o n
যেয়ে	d͡ʒ e e̯ eˑ
যেয়ে	d ʑ e e̯ eˑ
যেহেতু	d͡ʒ e h e t̪ uˑ
যেহেতু	d ʑ e h e t̪ uˑ
যোগ	d͡ʒ o ɡ
যোগ	d ʑ o ɡ
যোগিনী	d͡ʒ o ɡ i n iˑ
যোগিনী	d ʑ o ɡ i n iˑ
যোগী	d͡ʒ o ɡ iˑ
যোগী	d ʑ o ɡ iˑ
যোগ্য	d͡ʒ o ɡː oˑ
যোগ্য	d ʑ o ɡː oˑ
যোগ্য	d̪ z o ɡː oˑ
যোগ্য	z o ɡː oˑ
যোনি	d͡ʒ o n iˑ
যোনি	d ʑ o n iˑ
যৌনকর্মী	d͡ʒ o u̯ n ɔ k ɔ ɾ m iˑ
যৌনকর্মী	d ʑ o u̯ n ɔ k ɔ ɹ m iˑ
যৎন	d͡ʒ ɔ t̪ n oˑ
যৎন	d ʑ ɔ t̪ n oˑ
রং	r ɔ ŋ
রং	ɹ ɔ ŋ
রংধনু	r ɔ ŋ d̪ʱ o n uˑ
রংধনু	ɹ ɔ ŋ d̪ʱ o n uˑ
রংপুর	r ɔ ŋ p u ɾ
রংপুর	ɹ ɔ ŋ p u ɹ
রংপুরী	r ɔ ŋ p u ɾ iˑ
রংপুরী	ɹ ɔ ŋ p u ɹ iˑ
রইদ	r ɔ i d̪
রইদ	ɹ ɔ i d̪
রওনা	r ɔ o̯ n aˑ
রওনা	r ɔ ʊ n aˑ
রওনা	r ɔː n aˑ
রওনা	ɹ ɔ o̯ n aˑ
রওনা	ɹ ɔ ʊ n aˑ
রওনা	ɹ ɔː n aˑ
রওয়া	r ɔ o̯ aˑ
রওয়া	ɹ ɔ o̯ aˑ
রওয়ানা	r ɔ o̯ a n aˑ
রওয়ানা	r ɔ ʊ a n aˑ
রওয়ানা	r ɔː a n aˑ
রওয়ানা	ɹ ɔ o̯ a n aˑ
রওয়ানা	ɹ ɔ ʊ a n aˑ
রওয়ানা	ɹ ɔː a n aˑ
রওশন	r ɔ o̯ ʃ ɔ n
রওশন	ɹ ɔ o̯ ʃ ɔ n
রকম	r ɔ k o m
রকম	ɹ ɔ k o m
রক্তক্ষয়	r ɔ k t̪ ɔ kʰː ɔ e̯
রক্তক্ষয়	ɹ ɔ k t̪ ɔ kʰː ɔ e̯
রক্তপাত	r ɔ k t̪ ɔ p a t̪
রক্তপাত	ɹ ɔ k t̪ ɔ p a t̪
রক্তপাতহীন	r ɔ k t̪ ɔ p a t̪ h i n
রক্তপাতহীন	ɹ ɔ k t̪ ɔ p a t̪ h i n
রক্তপিপাসু	r ɔ k t̪ ɔ p i p a ʃ uˑ
রক্তপিপাসু	ɹ ɔ k t̪ ɔ p i p a ʃ uˑ
রক্তহীন	r ɔ k t̪ o h i n
রক্তহীন	ɹ ɔ k t̪ o h i n
রক্ষা	r o kʰː aˑ
রক্ষা	ɹ o kʰː aˑ
রচনা	r ɔ t͡ʃ o n aˑ
রচনা	ɹ ɔ t ɕ o n aˑ
রজত	r ɔ d͡ʒ ɔ t̪
রজত	ɹ ɔ d ʑ ɔ t̪
রজনীগন্ধা	r ɔ d͡ʒ o n i ɡ ɔ n d̪ʱ aˑ
রজনীগন্ধা	ɹ ɔ d ʑ o n i ɡ ɔ n d̪ʱ aˑ
রতন	r ɔ t̪ o n
রতন	ɹ ɔ t̪ o n
রত্ন	r ɔ t̪ n oˑ
রত্ন	ɹ ɔ t̪ n oˑ
রথ	r ɔ t̪
রথ	ɹ ɔ t̪
রদ	r ɔ d̪
রদ	ɹ ɔ d̪
রদবদল	r ɔ d̪ b ɔ d̪ o l
রদবদল	ɹ ɔ d̪ b ɔ d̪ o l
রপ্তানি	r ɔ p t̪ a n iˑ
রপ্তানি	ɹ ɔ p t̪ a n iˑ
রব	r ɔː b
রব	r ɔ b
রব	ɹ ɔ b
রবানা	r ɔ b a n aˑ
রবানা	ɹ ɔ b a n aˑ
রবি	r o b iˑ
রবি	ɹ o b iˑ
রবিবার	r o b i b a ɾ
রবিবার	ɹ o b i b a ɹ
রবীন্দ্র	r o b i n d̪ː ɾ oˑ
রবীন্দ্র	ɹ o b i n d̪ː ɹ oˑ
রবীন্দ্রনাথ	ɾ o b i n d̪ː ɾ o n ä t̪
রবীন্দ্রনাথ	ɾ o b i n d̪ ɾ o n äː t̪ʰ
রম	r ɔː m
রম	r ɔ m
রম	ɹ ɔ m
রমজান	r ɔ m d͡ʒ a n
রমজান	r ɔ m z a n
রমজান	ɹ ɔ m d ʑ a n
রমজান	ɹ ɔ m z a n
রশিদ	r o ʃ i d̪
রশিদ	ɹ o ʃ i d̪
রস	r ɔː ʃ
রস	r ɔ ʃ
রস	ɹ ɔ ʃ
রসগোল্লা	r ɔ ʃ o ɡ o lː aˑ
রসগোল্লা	ɹ ɔ ʃ o ɡ o lː aˑ
রসম	r ɔ ʃ o m
রসম	ɹ ɔ ʃ o m
রসায়ন	r ɔ ʃ a e̯ ɔ n
রসায়ন	ɹ ɔ ʃ a e̯ ɔ n
রসুইয়া	r ɔ ʃ u̯ i̯ aˑ
রসুইয়া	ɹ ɔ ʃ u̯ i̯ aˑ
রসুন	r ɔ ʃ u n
রসুন	ɹ ɔ ʃ u n
রসুল	r o s u l
রসুল	ɹ o s u l
রহমত	r ɔ h m ɔ t̪
রহমত	r ɔ h o m ɔ t̪
রহমত	ɹ ɔ h m ɔ t̪
রহমত	ɹ ɔ h o m ɔ t̪
রহমান	r ɔ h m a n
রহমান	r ɔ h o m a n
রহমান	ɹ ɔ h m a n
রহমান	ɹ ɔ h o m a n
রহস্য	r ɔ h o ʃː oˑ
রহস্য	ɹ ɔ h o ʃː oˑ
রহিম	r o h i m
রহিম	ɹ o h i m
রহিমা	r o h i m aˑ
রহিমা	ɹ o h i m aˑ
রাঁধন	r ã d̪ʱ ɔ n
রাঁধন	ɹ a d̪ʱ ɔ n
রাঁধা	r ã d̪ʱ aˑ
রাঁধা	ɹ a d̪ʱ aˑ
রাঁধা	r a n d̪ʱ aˑ
রাঁধা	r a d̪ʱ aˑ
রাঁধা	ɹ a n d̪ áˑ
রাঁধা	ɹ a d̪ áˑ
রাঁধুনি	r ã d̪ʱ u n iˑ
রাঁধুনি	ɹ a d̪ʱ u n iˑ
রাং	r a ŋ
রাং	ɹ a ŋ
রাইনল্যান্ড	r a i̯ n l æ ɳ ɖ
রাইনল্যান্ড	ɹ a i̯ n l ɛ n d
রাইয়ান	r a i̯ː a n
রাইয়ান	r a e̯ a n
রাইয়ান	r a i̯ː a n
রাইয়ান	r a e̯ a n
রাউজান	r a u̯ d͡ʒ a n
রাউজান	ɹ a u̯ d ʑ a n
রাও	r a o̯
রাও	ɹ a o̯
রাক্ষস	r a kʰː ɔ ʃ
রাক্ষস	ɹ a kʰː ɔ ʃ
রাখা	r a kʰ aˑ
রাখা	ɹ a kʰ aˑ
রাখাল	r a kʰ a l
রাখাল	ɹ a kʰ a l
রাগ	r a ɡ
রাগ	ɹ a ɡ
রাগী	r a ɡ iˑ
রাগী	ɹ a ɡ iˑ
রাঙা	r a ŋ aˑ
রাঙা	ɹ a ŋ aˑ
রাঙ্গুনিয়া	r a ŋ ɡ u n i̯ aˑ
রাঙ্গুনিয়া	ɹ a ŋ ɡ u n i̯ aˑ
রাজ	r a d͡ʒ
রাজ	ɹ a d ʑ
রাজ	r a d̪ z
রাজ	ɹ a z
রাজ	r aː z
রাজকীয়	r a d͡ʒ ɔ k i̯ oˑ
রাজকীয়	ɹ a d ʑ ɔ k i̯ oˑ
রাজকুমার	r a d͡ʒ k u m a ɾ
রাজকুমার	ɹ a d ʑ k u m a ɹ
রাজপুত	r a d͡ʒ p u t̪
রাজপুত	ɹ a d ʑ p u t̪
রাজস্থান	r a d͡ʒ ɔ s t̪ʰ a n
রাজস্থান	ɹ a d ʑ ɔ s t̪ʰ a n
রাজাই	r a d͡ʒ a i̯
রাজাই	ɹ a d ʑ a i̯
রাজাকার	r a d͡ʒ a k a ɾ
রাজাকার	r a z a k a ɾ
রাজাকার	ɹ a d ʑ a k a ɹ
রাজাকার	ɹ a z a k a ɹ
রাজি	r a d͡ʒ iˑ
রাজি	ɹ a d ʑ iˑ
রাজি	r a d̪ z iˑ
রাজি	ɹ a z iˑ
রাজি	r a z iˑ
রাজিয়া	r a d͡ʒ i̯ aˑ
রাজিয়া	ɹ a d ʑ i̯ aˑ
রাজী	r a d͡ʒ iˑ
রাজী	ɹ a d ʑ iˑ
রাজী	r a d̪ z iˑ
রাজী	ɹ a z iˑ
রাজী	r a z iˑ
রাজ্যপাল	r a z̪̪ d͡ʒ ɔ p a l
রাজ্যপাল	r a d͡ʒ d͡ʒ ɔ p a l
রাজ্যপাল	ɹ a d ʑː ɔ p a l
রাঢ়	r a ɽ
রাঢ়	r a ɾ
রাঢ়	ɹ a ɹ
রাণা	r a n aˑ
রাণা	ɹ a n aˑ
রাণী	r a n iˑ
রাণী	ɹ a n iˑ
রাত	r a t̪
রাত	ɹ a t̪
রাতারাতি	r a t̪ a ɾ a t̪ iˑ
রাতারাতি	ɹ a t̪ a ɹ a t̪ iˑ
রাধা	r a d̪ʱ aˑ
রাধা	ɹ a d̪ʱ aˑ
রান্না	r a nː aˑ
রান্না	ɹ a nː aˑ
রান্নাঘর	r a nː a ɡʱ ɔ ɾ
রান্নাঘর	ɹ a nː a ɡʱ ɔ ɹ
রাবড়ি	r a b ɽ iˑ
রাবড়ি	r a b ɾ iˑ
রাবড়ি	r a b o ɽ iˑ
রাবড়ি	r a b o ɾ iˑ
রাবড়ি	ɹ a b ɹ iˑ
রাবড়ি	ɹ a b o ɹ iˑ
রাবণ	r a b o n
রাবণ	ɹ a b o n
রামচন্দ্র	r a m t͡ʃ ɔ n d̪ː ɾ oˑ
রামচন্দ্র	ɹ a m t ɕ ɔ n d̪ː ɹ oˑ
রামধনু	r a m d̪ʱ o n uˑ
রামধনু	ɹ a m d̪ʱ o n uˑ
রামপত্রী	r a m p ɔ t̪ː ɾ iˑ
রামপত্রী	ɹ a m p ɔ t̪ː ɹ iˑ
রায়	r a e̯
রায়	ɹ a e̯
রাশি	r a ʃ iˑ
রাশি	ɹ a ʃ iˑ
রাশিয়া	r a ʃ i̯ aˑ
রাশিয়া	ɹ a ʃ i̯ aˑ
রাশেদ	r a ʃ e d̪
রাশেদ	ɹ a ʃ e d̪
রাষ্ট্র	r a ʂ ʈ ɻ oˑ
রাষ্ট্র	r a ʃ tː ɹ oˑ
রাষ্ট্র	r a s tː ɹ oˑ
রাষ্ট্রপতি	r a ʂ ʈ ɻ o p o t̪ iˑ
রাষ্ট্রপতি	r a ʃ tː ɹ o p o t̪ iˑ
রাষ্ট্রপতি	r a s tː ɹ o p o t̪ iˑ
রাসেল	r a s e l
রাসেল	ɹ a s e l
রাস্তা	r a s t̪ aˑ
রাস্তা	ɹ a s t̪ aˑ
রাহা	r a h aˑ
রাহা	ɹ a h aˑ
রাহু	r a h uˑ
রাহু	ɹ a h uˑ
রাহুল	r a h u l
রাহুল	ɹ a h u l
রিকর্ড	r i k ɔ ɹ ɖ
রিকর্ড	r i k o ɹ ɖ
রিকর্ড	ɹ i k ɔ ɹ d
রিকর্ড	ɹ i k o ɹ d
রিকশা	r i k ʃ aˑ
রিকশা	ɹ i k ʃ aˑ
রিজ়	r i d͡ʒ
রিজ়	ɹ i d ʑ
রিজিক	r i d͡ʒ i k
রিজিক	r i z i k
রিজিক	ɹ i d ʑ i k
রিজিক	ɹ i z i k
রিমঝিম	r i m d͡ʒʱ i m
রিমঝিম	ɹ i m d ʑʱ i m
রিশকা	r i ʃ k aˑ
রিশকা	ɹ i ʃ k aˑ
রিষ্ট	r i ʂ ʈ oˑ
রিষ্ট	ɹ i ʃ t oˑ
রিষ্ট	ɹ i s t oˑ
রিসালত	r i ʃ a l ɔ t̪
রিসালত	ɹ i ʃ a l ɔ t̪
রীতি	r i t̪ iˑ
রীতি	ɹ i t̪ iˑ
রুজি	r u d͡ʒ iˑ
রুজি	ɹ u d ʑ iˑ
রুট	r uː ʈ
রুট	r u ʈ
রুট	ɹ u t
রুটি	r u ʈ iˑ
রুটি	ɹ u t iˑ
রুদ্র	r u d̪ː ɾ oˑ
রুদ্র	ɹ u d̪ː ɹ oˑ
রুদ্রাক্ষ	r u d̪ː ɾ a kʰː oˑ
রুদ্রাক্ষ	ɹ u d̪ː ɹ a kʰː oˑ
রুদ্রাক্ষ	r u d̪ ɾ a kʰː ɔˑ
রুদ্রাক্ষ	ɹ u d̪ ɹ a x x ɔˑ
রুধির	r u d̪ʱ i ɾ
রুধির	ɹ u d̪ʱ i ɹ
রুধির	r u d̪ʱ i ɾ
রুধির	ɹ u d̪ʱ i ɹ
রুপা	r u p aˑ
রুপা	ɹ u p aˑ
রুবাঈ	r u b a i̯
রুবাঈ	ɹ u b a i̯
রুমাল	r u m a l
রুমাল	ɹ u m a l
রুশ	r uː ʃ
রুশ	r u ʃ
রুশ	ɹ u ʃ
রূপ	r uː p
রূপ	r u p
রূপ	ɹ u p
রূপকথা	r u p k ɔ t̪ʰ aˑ
রূপকথা	ɹ u p k ɔ t̪ʰ aˑ
রূমী	r u m iˑ
রূমী	ɹ u m iˑ
রূহ	r uː
রূহ	r uˑ
রূহ	ɹ uˑ
রেওয়াজ	r e o̯ a d͡ʒ
রেওয়াজ	ɹ e o̯ a d ʑ
রেওয়াজী	r e o̯ a d͡ʒ iˑ
রেওয়াজী	ɹ e o̯ a d ʑ iˑ
রেওয়ায়ৎ	r e o̯ a e̯ ɔ t̪
রেওয়ায়ৎ	ɹ e o̯ a e̯ ɔ t̪
রেকর্ড	r e k ɔ ɹ ɖ
রেকর্ড	r e k o ɹ ɖ
রেকর্ড	ɹ e k ɔ ɹ d
রেকর্ড	ɹ e k o ɹ d
রেগে	r e ɡ eˑ
রেগে	ɹ e ɡ eˑ
রেজা	r e d͡ʒ aˑ
রেজা	ɹ e d ʑ aˑ
রেজোয়ান	ɾ e z o o̯ a n
রেজোয়ান	ɾ e d͡ʒ o o̯ a n
রেটিনা	r e ʈ i n aˑ
রেটিনা	ɹ e t i n aˑ
রেডিও	r e ɖ i̯ oˑ
রেডিও	ɹ e d i̯ oˑ
রেণু	r e n uˑ
রেণু	ɹ e n uˑ
রেদোয়ান	r e d̪ o̯ a n
রেদোয়ান	ɹ e d̪ o̯ a n
রেনেসাঁ	r e n e ʃ ãˑ
রেনেসাঁ	ɹ e n e ʃ aˑ
রেফ	r eː f
রেফ	r e f
রেফ	ɹ e f
রেবেকা	r e b e k aˑ
রেবেকা	ɹ e b e k aˑ
রেল	r eː l
রেল	r e l
রেল	ɹ e l
রেলগাড়ি	r e l ɡ a ɽ iˑ
রেলগাড়ি	r e l ɡ a ɾ iˑ
রেলগাড়ি	ɹ e l ɡ a ɹ iˑ
রেলগাড়ী	r e l ɡ a ɽ iˑ
রেলগাড়ী	r e l ɡ a ɾ iˑ
রেলগাড়ী	ɹ e l ɡ a ɹ iˑ
রেশম	r e ʃ o m
রেশম	ɹ e ʃ o m
রেশমি	r e ʃ m iˑ
রেশমি	ɹ e ʃ m iˑ
রেস্তোরাঁ	r e s t̪ o ɾ ãˑ
রেস্তোরাঁ	ɹ e s t̪ o ɹ aˑ
রেহাই	r e h a i̯
রেহাই	ɹ e h a i̯
রোক	r oː k
রোক	r o k
রোক	ɹ o k
রোকড়	r o k ɔ ɽ
রোকড়	r o k ɔ ɾ
রোকড়	ɹ o k ɔ ɹ
রোকন	r o k ɔ n
রোকন	ɹ o k ɔ n
রোকসানা	r o k s a n aˑ
রোকসানা	ɹ o k s a n aˑ
রোগী	r o ɡ iˑ
রোগী	r u ɡ iˑ
রোজ	r o d͡ʒ
রোজ	r oː z
রোজ	r o z
রোজ	ɹ o d ʑ
রোজ	ɹ o z
রোজগার	r o d͡ʒ ɡ a ɾ
রোজগার	ɹ o d ʑ ɡ a ɹ
রোজগার	r o d̪ z ɡ a ɾ
রোজগার	ɹ o z ɡ a ɹ
রোজনামা	r o d͡ʒ n a m aˑ
রোজনামা	ɹ o d ʑ n a m aˑ
রোজা	r o d͡ʒ aˑ
রোজা	r o z aˑ
রোজা	ɹ o d ʑ aˑ
রোজা	ɹ o z aˑ
রোজানা	r o d͡ʒ a n aˑ
রোজানা	ɹ o d ʑ a n aˑ
রোদ	r o d̪
রোদ	ɹ o d̪
রোবট	r o b ɔ ʈ
রোবট	r o b o ʈ
রোবট	ɹ o b ɔ t
রোবট	ɹ o b o t
রোম	r oː m
রোম	r o m
রোম	ɹ o m
রোমান	r o m a n
রোমান	ɹ o m a n
রোয়াইঙ্গা	r o̯ a i̯ ŋ ɡ aˑ
রোয়াইঙ্গা	ɹ o̯ a i̯ ŋ ɡ aˑ
রোহিত	r o h i t̪ oˑ
রোহিত	ɹ o h i t̪ oˑ
রৌশনী	r o u̯ ʃ ɔ n iˑ
রৌশনী	r ɔ u ʃ ɔ n iˑ
রৌশনী	r oː ʃ ɔ n iˑ
রৌশনী	ɹ o u̯ ʃ ɔ n iˑ
রৌশনী	ɹ ɔ u ʃ ɔ n iˑ
রৌশনী	ɹ oː ʃ ɔ n iˑ
লওয়া	l ɔ o̯ aˑ
লওয়া	l ɔ o̯ aˑ
লক্ষ	l ɔ kʰː oˑ
লক্ষ	l ɔ kʰː oˑ
লক্ষণ	l ɔ kʰː ɔ n
লক্ষণ	l ɔ kʰː ɔ n
লক্ষ্মণ	l ɔ kʰː ɔ n
লক্ষ্মণ	l ɔ kʰː ɔ n
লক্ষ্মী	l o kʰː iˑ
লক্ষ্মী	l o kʰː iˑ
লক্ষ্মীপেঁচা	l ɔ kʰː i p ẽ t͡ʃ aˑ
লক্ষ্মীপেঁচা	l ɔ kʰː i p e t ɕ aˑ
লক্ষ্মীফল	l ɔ kʰː i f ɔ l
লক্ষ্মীফল	l ɔ kʰː i f ɔ l
লক্ষ্যবস্তু	l ɔ k kʰ ɔ b o s t̪ uˑ
লক্ষ্যবস্তু	l ɔ k kʰ ɔ b o s t̪ uˑ
লখনউ	l ɔ kʰ o n uˑ
লখনউ	l ɔ kʰ o n uˑ
লখা	l ɔ kʰ aˑ
লখা	l ɔ kʰ aˑ
লঙ্কা	l ɔ ŋ k aˑ
লঙ্কা	l ɔ ŋ k aˑ
লড়া	l ɔ ɽ aˑ
লড়া	l ɔ ɾ aˑ
লড়া	l ɔ ɹ aˑ
লড়াই	l ɔ ɽ a i̯
লড়াই	l ɔ ɾ a i̯
লড়াই	l ɔ ɹ a i̯
লতা	l ɔ t̪ aˑ
লতা	l ɔ t̪ aˑ
লতিফ	l o t̪ i f
লতিফ	l o t̪ i f
লন্ঠন	l ɔ ɳ ʈʰ ɔ n
লন্ঠন	l ɔ n tʰ ɔ n
লন্ডন	l ɔ ɳ ɖ ɔ n
লন্ডন	l ɔ n d ɔ n
লপ্জ	l ɔ p d͡ʒ oˑ
লপ্জ	l ɔ p d ʑ oˑ
লফজ	l ɔ f d͡ʒ oˑ
লফজ	l ɔ f d ʑ oˑ
লবঙ্গ	l ɔ b o ŋ ɡ oˑ
লবঙ্গ	l ɔ b o ŋ ɡ oˑ
লবডঙ্কা	l ɔ b o ɖ ɔ ŋ k aˑ
লবডঙ্কা	l ɔ b o d ɔ ŋ k aˑ
লব্জ	l ɔ b d͡ʒ oˑ
লব্জ	l ɔ b d ʑ oˑ
লব্ধ	l ɔ b d̪ʱ oˑ
লব্ধ	l ɔ b d̪ʱ oˑ
লব্ধ	l ɔ b d̪ʱ ɔˑ
লব্ধ	l ɔ b d̪ ɔ́ˑ
লম্বা	l ɔ m b aˑ
লম্বা	l ɔ m b aˑ
ললিতা	l o l i t̪ aˑ
ললিতা	l o l i t̪ aˑ
লস্কর	l ɔ ʃ k ɔ ɾ
লস্কর	l ɔ ʃ k ɔ ɹ
লস্যি	l ɔ sː iˑ
লস্যি	l ɔ sː iˑ
লহর	l ɔ h o ɾ
লহর	l ɔ h o ɹ
লাইটার	l a i̯ ʈ a ɾ
লাইটার	l a i̯ t a ɹ
লাইব্রেরি	l a i̯ b ɾ e ɾ iˑ
লাইব্রেরি	l a i̯ b ɹ e ɹ iˑ
লাউ	l a u̯
লাউ	l a u̯
লাক্ষাদ্বীপ	l a kʰː a d̪ː i p
লাক্ষাদ্বীপ	l a kʰː a d̪ː i p
লাগা	l ä ɡ ä
লাগানো	l a ɡ a n oˑ
লাগানো	l a ɡ a n oˑ
লাগাম	l a ɡ a m
লাগাম	l a ɡ a m
লাগিয়া	l a ɡ i̯ aˑ
লাগিয়া	l a ɡ i̯ aˑ
লাঙল	l a ŋ ɔ l
লাঙল	l a ŋ ɔ l
লাচ্ছি	l a t͡ʃʰː iˑ
লাচ্ছি	l a sː iˑ
লাচ্ছি	l a t ɕʰː iˑ
লাচ্ছি	l a sː iˑ
লাঞ্চ	l a n t͡ʃ
লাঞ্চ	l a n t ɕ
লাঞ্ছিত	l a n t͡ʃʰ i t̪ oˑ
লাঞ্ছিত	l a n t ɕʰ i t̪ oˑ
লাট	l aː ʈ
লাঠি	l a ʈʰ iˑ
লাড়কা	l a ɽ k aˑ
লাড়কা	l a ɾ k aˑ
লাড়কা	l a ɹ k aˑ
লাড়কী	l a ɽ k iˑ
লাড়কী	l a ɾ k iˑ
লাড়কী	l a ɹ k iˑ
লাথি	l a t̪ʰ i
লাফ	l aː f
লাফ	l a f
লাফ	l aː p
লাফ	l a p
লাফ	l aː f
লাফ	l a f
লাফ	l aː p
লাফ	l a p
লাফ	l a ɸ
লাফ	l a ɸ
লাফ	l a p
লাফ	l a ɸ
লাফ	l aː f
লাফ	l aː p
লাফানো	l a pʰ a n o
লাফানো	l a ɸ a n o
লাভ	l aː b
লাভ	l a v
লাভ	l aː b
লাভ	l a v
লাভা	l a bʱ aˑ
লাভা	l a v aˑ
লাভা	l a bʱ aˑ
লাভা	l a v aˑ
লায়লা	l a e̯ l aˑ
লায়লা	l a e̯ l aˑ
লাল	l aː l
লাল	l a l
লাল	l aː l
লাল	l a l
লালন	l a l o n
লালন	l a l o n
লালা	l a l aˑ
লালা	l a l aˑ
লাশ	l aː ʃ
লাশ	l a ʃ
লাশ	l aː ʃ
লাশ	l a ʃ
লাস্যি	l a sː iˑ
লাস্যি	l a sː iˑ
লিংকনশায়ার	l i ŋ k ɔ n ʃ a e̯ a ɾ
লিংকনশায়ার	l i ŋ k ɔ n ʃ a e̯ a ɹ
লিঙ্কনশায়ার	l i ŋ k ɔ n ʃ a e̯ a ɾ
লিঙ্কনশায়ার	l i ŋ k ɔ n ʃ a e̯ a ɹ
লিঙ্গ	l i ŋ ɡ oˑ
লিঙ্গ	l i ŋ ɡ oˑ
লিচু	l i t͡ʃ uˑ
লিচু	l i t ɕ uˑ
লিপস্টিক	l i p s ʈ i k
লিপস্টিক	l i p ʂ ʈ i k
লিপস্টিক	l i p s t i k
লিপস্টিক	l i p s t i k
লিফট	l i f ʈ
লিফট	l i f t
লিভারপুল	l i bʱ a ɾ p u l
লিভারপুল	l i v a ɾ p u l
লিভারপুল	l i bʱ a ɹ p u l
লিভারপুল	l i v a ɹ p u l
লিসবন	l i s b o n
লিসবন	l i s b o n
লীগ	l iː ɡ
লীগ	l iː ɡ
লুকোচুরি	l u k o t͡ʃ u ɾ iˑ
লুকোচুরি	l u k o t ɕ u ɹ iˑ
লুঙ্গি	l u ŋ ɡ iˑ
লুঙ্গি	l u ŋ ɡ iˑ
লুৎফুর	l u t̪ f u ɾ
লুৎফুর	l u t̪ f u ɹ
লূত	l u t̪
লূত	l u t̪
লেওড়া	l æ o̯ ɽ aˑ
লেওড়া	l æ o̯ ɾ aˑ
লেওড়া	l æ o̯ ɹ aˑ
লেখনী	l e kʰ o n iˑ
লেখনী	l e kʰ o n iˑ
লেখা	l ɛ kʰ aˑ
লেখা	l ɛ kʰ aˑ
লেখানো	l e kʰ a n oˑ
লেখানো	l e kʰ a n oˑ
লেজ	l e d͡ʒ
লেজ	l ɛ d͡ʒ
লেজ	l e d ʑ
লেজ	l ɛ d ʑ
লেপটানো	l e p ʈ a n oˑ
লেপটানো	l e p t a n oˑ
লেফাফা	l e f a f aˑ
লেফাফা	l e f a f aˑ
লেবু	l e b u
লেমনেড	l e m ɔ n e ɖ
লেমনেড	l e m ɔ n e d
লোকমা	l o k m aˑ
লোকমা	l o k m aˑ
লোকসান	l o k s a n
লোকসান	l o k s a n
লোচন	l o t͡ʃ ɔ n
লোচন	l o t ɕ ɔ n
লোধ্র	l o d̪ʱ ɾ oˑ
লোধ্র	l o d̪ʱ ɹ oˑ
লোপ	l oː p
লোপ	l o p
লোপ	l oː p
লোপ	l o p
লোবান	l o b a n
লোবান	l o b a n
লোহা	l o h aˑ
লোহা	l o h aˑ
লোহিত	l o h i t̪ oˑ
লোহিত	l o h i t̪ oˑ
লৌহ	l o u̯ h oˑ
লৌহ	l o u̯ h oˑ
ল্যাজ	l æ d͡ʒ
ল্যাজ	l ɛ d ʑ
ল্যাপটপ	l æ p ʈ ɔ p
ল্যাপটপ	l ɛ p t ɔ p
শ	ʃ ɔː
শ	ʃ ɔˑ
শ	ʃ ɔː
শ	ʃ ɔˑ
শউর	ʃ o d͡ʒ u ɾ
শউর	ʃ o d ʑ u ɹ
শওহর	ʃ ɔ o̯ h ɔ ɾ
শওহর	ʃ ɔ o̯ h ɔ ɹ
শক্ত	ʃ ɔ k t̪ oˑ
শক্ত	ʃ ɔ k t̪ oˑ
শক্তি	ʃ ɔ k t̪ iˑ
শক্তি	ʃ ɔ k t̪ iˑ
শক্তিহীন	ʃ ɔ k t̪ i h i n
শক্তিহীন	ʃ ɔ k t̪ i h i n
শখ	ʃ ɔː k
শখ	ʃ ɔ x
শখ	ʃ ɔː k
শখ	ʃ ɔ x
শখ্‌স	ʃ ɔ k ʃ oˑ
শখ্‌স	ʃ ɔ k ʃ
শখ্‌স	ʃ ɔ k s oˑ
শখ্‌স	ʃ ɔ k s
শখ্‌স	ʃ ɔ kʰ ʃ oˑ
শখ্‌স	ʃ ɔ kʰ ʃ
শখ্‌স	ʃ ɔ kʰ s oˑ
শখ্‌স	ʃ ɔ kʰ s
শখ্‌স	ʃ ɔ k ʃ oˑ
শখ্‌স	ʃ ɔ k ʃ
শখ্‌স	ʃ ɔ k s oˑ
শখ্‌স	ʃ ɔ k s
শখ্‌স	ʃ ɔ kʰ ʃ oˑ
শখ্‌স	ʃ ɔ kʰ ʃ
শখ্‌স	ʃ ɔ kʰ s oˑ
শখ্‌স	ʃ ɔ kʰ s
শঙ্খচূড়	ʃ ɔ ŋ kʰ ɔ t͡ʃ u ɽ
শঙ্খচূড়	ʃ ɔ ŋ kʰ ɔ t͡ʃ u ɾ
শঙ্খচূড়	ʃ ɔ ŋ kʰ ɔ t ɕ u ɹ
শজারু	ʃ ɔ d͡ʒ a ɾ uˑ
শজারু	ʃ ɔ d ʑ a ɹ uˑ
শণ	ʃ ɔː n
শণ	ʃ ɔ n
শণ	ʃ ɔː n
শণ	ʃ ɔ n
শত	ʃ ɔ t̪ ɔˑ
শত	ʃ ɔ t̪ ɔˑ
শতরকম	s̠ ɔ̜ t̪ o ɾ ɔ̜ k oˑ m
শত্রু	ʃ o t̪ː ɾ uˑ
শত্রু	ʃ o t̪ː ɾ uˑ
শত্রুতা	ʃ o t̪ː ɾ u t̪ aˑ
শত্রুতা	ʃ o t̪ː ɾ u t̪ aˑ
শনাক্ত	ʃ ɔ n a k t̪ oˑ
শনাক্ত	ʃ ɔ n a k t̪ oˑ
শনি	ʃ o n iˑ
শনি	ʃ o n iˑ
শনিবার	ʃ o n i b a ɾ
শনিবার	ʃ o n i b a ɹ
শপথ	ʃ ɔ p ɔ t̪
শপথ	ʃ ɔ p ɔ t̪
শপথ	ʃ ɔ p ɔ t̪
শপথ	ʃ ɔ ɸ ɔ t̪ʰ
শব	ʃ ɔ b oˑ
শব	ʃ ɔ b oˑ
শবনম	ʃ ɔ b n ɔ m
শবনম	ʃ ɔ b n ɔ m
শব্দ	ʃ ɔ b d̪ oˑ
শব্দ	ʃ ɔ b d̪ oˑ
শব্দহীন	ʃ ɔ b d̪ o h i n
শব্দহীন	ʃ ɔ b d̪ o h i n
শম	ʃ ɔː m
শম	ʃ ɔ m
শম	ʃ ɔː m
শম	ʃ ɔ m
শমশের	ʃ ɔ m ɔ ʃ e ɾ
শমশের	ʃ ɔ m ɔ ʃ e ɹ
শয়তান	ʃ ɔ e t̪ a n
শয়তান	ʃ ɔ e t̪ a n
শরণ	ʃ ɔ ɾ o n
শরণ	ʃ ɔ ɹ o n
শরবত	ʃ ɔ ɾ b o t̪
শরবত	s ɔ ɾ b o t̪
শরবত	ʃ ɔ ɹ b o t̪
শরবত	s ɔ ɹ b o t̪
শরম	ʃ ɔ ɾ o m
শরম	ʃ ɔ ɹ o m
শরমানো	ʃ ɔ ɾ m a n oˑ
শরমানো	ʃ ɔ ɹ m a n oˑ
শরিক	ʃ o ɾ i k
শরিক	ʃ o ɹ i k
শরিকানা	ʃ o ɾ i k a n aˑ
শরিকানা	ʃ o ɹ i k a n aˑ
শরীফ	ʃ o ɾ i f
শরীফ	ʃ o ɾ i f
শরীর	ʃ o ɾ i ɾ
শরীর	ʃ o ɹ i ɹ
শরীর	ʃ o ɾ i ɾ
শরীর	ʃ o ɹ i ɾ
শরীর	ʃ o ɾ i l
শরীর	ʃ o ɹ i l
শর্করা	ʃ ɔ ɾ k ɔ ɾ aˑ
শর্করা	ʃ ɔ ɹ k ɔ ɹ aˑ
শর্বত	ʃ ɔ ɾ b o t̪
শর্বত	s ɔ ɾ b o t̪
শর্বত	ʃ ɔ ɹ b o t̪
শর্বত	s ɔ ɹ b o t̪
শর্মিষ্ঠা	ʃ o ɾ m i ʂ ʈʰ aˑ
শর্মিষ্ঠা	ʃ o ɹ m i ʃ tʰ aˑ
শর্মিষ্ঠা	ʃ o ɹ m i s tʰ aˑ
শরৎ	ʃ ɔ ɾ o t̪
শরৎ	ʃ ɔ ɹ o t̪
শল্যচিকিৎসা	ʃ ɔ lː o t͡ʃ i k i t̪ s̪ aˑ
শল্যচিকিৎসা	ʃ ɔ lː o t ɕ i k i t̪ s̪ aˑ
শসা	ʃ ɔ ʃ aˑ
শসা	ʃ ɔ ʃ aˑ
শহর	ʃ ɔ h o ɾ
শহর	ʃ ɔ h o ɹ
শহীদ	ʃ o h i d̪
শহীদ	ʃ o h i d̪
শহুরে	ʃ o h u ɾ eˑ
শহুরে	ʃ o h u ɹ eˑ
শাঁখ	ʃ ãː k
শাঁখ	ʃ ã x
শাঁখ	ʃ aː k
শাঁখ	ʃ a x
শাঁখ	ʃ a k
শাঁখ	ʃ a x
শাঁখা	ʃ ã kʰ aˑ
শাঁখা	ʃ a kʰ aˑ
শাক	ʃ aː k
শাক	ʃ a k
শাক	ʃ aː k
শাক	ʃ a k
শাখা	ʃ a kʰ aˑ
শাখা	ʃ a kʰ aˑ
শাগ	ʃ a ɡ
শাগ	ʃ a ɡ
শাগরেদ	ʃ a ɡ ɾ e d̪
শাগরেদ	ʃ a ɡ ɹ e d̪
শাড়ি	ʃ a ɽ iˑ
শাড়ি	ʃ a ɾ iˑ
শাড়ি	ʃ a ɹ iˑ
শাড়ি	ʃ a ɾ iˑ
শাড়ি	ʃ a ɹ iˑ
শাড়ি	ʃ a ɾ iˑ
শানাই	ʃ a n a i̯
শানাই	ʃ a n a i̯
শান্ত	ʃ a n t̪ oˑ
শান্ত	ʃ a n t̪ oˑ
শান্তভাব	ʃ a n t̪ ɔ bʱ a b
শান্তভাব	ʃ a n t̪ ɔ v a b
শান্তভাব	ʃ a n t̪ ɔ bʱ a b
শান্তভাব	ʃ a n t̪ ɔ v a b
শান্তি	ʃ a n t̪ iˑ
শান্তি	ʃ a n t̪ iˑ
শান্তিনিকেতন	ʃ a n t̪ i n i k e t̪ ɔ n
শান্তিনিকেতন	ʃ a n t̪ i n i k e t̪ ɔ n
শাফা	ʃ a f aˑ
শাফা	ʃ a f aˑ
শাবক	ʃ a b ɔ k
শাবক	ʃ a b ɔ k
শাবাশ	ʃ a b a ʃ
শাবাশ	ʃ a bː a ʃ
শাবাশ	ʃ a b a ʃ
শাবাশ	ʃ a bː a ʃ
শাম	ʃ aː m
শাম	ʃ a m
শাম	ʃ aː m
শাম	ʃ a m
শামসুজ্জামান	ʃ a m ɔ ʃ u z̪̪ d͡ʒ a m a n
শামসুজ্জামান	ʃ a m ɔ ʃ u d͡ʒ d͡ʒ a m a n
শামসুজ্জামান	ʃ a m ɔ ʃ u d ʑː a m a n
শামা	ʃ a m aˑ
শামা	ʃ a m aˑ
শামিয়ানা	ʃ a m i̯ a n aˑ
শামিয়ানা	ʃ a m i̯ a n aˑ
শামুক	ʃ a m u k
শামুক	ʃ a m u k
শায়া	ʃ a e̯ aˑ
শায়া	ʃ a e̯ aˑ
শারমেন্দাগী	ʃ a ɾ ɔ m e n d̪ a ɡ iˑ
শারমেন্দাগী	ʃ a ɹ ɔ m e n d̪ a ɡ iˑ
শারমেন্দাগী	ʃ a ɾ ɔ m ɛ n d̪ a ɡ iˑ
শারমেন্দাগী	ʃ a ɹ ɔ m ɛ n d̪ a ɡ iˑ
শার্ট	ʃ a ɹ ʈ
শার্ট	ʃ a ɹ t
শাল	ʃ aː l
শাল	ʃ a l
শাল	ʃ aː l
শাল	ʃ a l
শালগম	ʃ a l ɡ ɔ m
শালগম	ʃ a l ɡ ɔ m
শালা	ʃ a l aˑ
শালা	ʃ a l aˑ
শালি	ʃ a l iˑ
শালি	ʃ a l iˑ
শালিক	ʃ a l i k
শালিক	ʃ a l i k
শালী	ʃ a l iˑ
শালী	ʃ a l iˑ
শাশুড়ি	ʃ a ʃ u ɽ iˑ
শাশুড়ি	ʃ a ʃ u ɾ iˑ
শাশুড়ি	ʃ a ʃ u ɹ iˑ
শাসন	ʃ a ʃ ɔ n
শাসন	ʃ a ʃ ɔ n
শাস্তি	ʃ a s t̪ iˑ
শাস্তি	ʃ a s t̪ iˑ
শাস্ত্র	ʃ a s t̪ː ɾ oˑ
শাস্ত্র	ʃ a s t̪ː ɹ oˑ
শাস্ত্রী	ʃ a s t̪ː ɾ iˑ
শাস্ত্রী	ʃ a s t̪ː ɹ iˑ
শাহ	ʃ aː
শাহ	ʃ aˑ
শাহ	ʃ aː
শাহ	ʃ aˑ
শাহতাজ	ʃ a h t̪ a d͡ʒ
শাহতাজ	ʃ e h t̪ a d͡ʒ
শাহতাজ	ʃ a h t̪ a d ʑ
শাহতাজ	ʃ e h t̪ a d ʑ
শাহবাগ	ʃ a h ɔ b a ɡ
শাহবাগ	ʃ a h ɔ b a ɡ
শাহবাগীতা	ʃ a h b a ɡ i t̪ aˑ
শাহবাগীতা	ʃ a h b a ɡ i t̪ aˑ
শাহরুখ	ʃ a h o ɾ u k
শাহরুখ	ʃ a h o ɾ u x
শাহরুখ	ʃ a h o ɹ u k
শাহরুখ	ʃ a h o ɹ u x
শাহাদাত	ʃ a h a d̪ a t̪
শাহাদাত	ʃ a h a d̪ a t̪
শাহানা	ʃ a h a n aˑ
শাহানা	ʃ a h a n aˑ
শাহীন	ʃ a h i n
শাহীন	ʃ a h i n
শিং	ʃ i ŋ
শিং	ʃ i ŋ
শিউলি	ʃ i u̯ l iˑ
শিউলি	ʃ i u̯ l iˑ
শিকার	ʃ i k a ɾ
শিকার	ʃ i k a ɹ
শিকারি	ʃ i k a ɾ iˑ
শিকারি	ʃ i k a ɹ iˑ
শিক্ষক	ʃ i kʰː ɔ k
শিক্ষক	ʃ i kʰː ɔ k
শিক্ষা	ʃ i kʰː aˑ
শিক্ষা	ʃ i kʰː aˑ
শিক্ষামন্ত্রক	ʃ i kʰː a m ɔ n t̪ː ɾ ɔ k
শিক্ষামন্ত্রক	ʃ i kʰː a m ɔ n t̪ː ɹ ɔ k
শিক্ষামূলক	ʃ i kʰː a m u l ɔ k
শিক্ষামূলক	ʃ i kʰː a m u l ɔ k
শিক্ষিত	ʃ i kʰː i t̪ oˑ
শিক্ষিত	ʃ i kʰː i t̪ oˑ
শিখ	ʃ iː k
শিখ	ʃ i x
শিখ	ʃ iː k
শিখ	ʃ i x
শিখতে	ʃ i k t̪ eˑ
শিখতে	ʃ i x t̪ eˑ
শিখতে	ʃ i k t̪ eˑ
শিখতে	ʃ i x t̪ eˑ
শিখা	ʃ i kʰ aˑ
শিখা	ʃ i kʰ aˑ
শিগ্গির	ʃ i ɡː i ɾ
শিগ্গির	ʃ i ɡː i ɾ
শিঙাড়া	ʃ i ŋ a ɽ aˑ
শিঙাড়া	ʃ i ŋ a ɾ aˑ
শিঙাড়া	ʃ i ŋ a ɹ aˑ
শিঙ্গাড়া	ʃ i ŋ ɡ a ɽ aˑ
শিঙ্গাড়া	ʃ i ŋ ɡ a ɾ aˑ
শিঙ্গাড়া	ʃ i ŋ ɡ a ɹ aˑ
শিডিউল	ʃ i ɖ i u̯ l
শিডিউল	ʃ i d i u̯ l
শিবির	ʃ i b i ɾ
শিবির	ʃ i b i ɹ
শিয়াল	ʃ i a l
শিরক	ʃ i ɾ ɔ k
শিরক	ʃ i ɹ ɔ k
শিরস্ত্রাণ	ʃ i ɾ ɔ s t̪ː ɾ a n
শিরস্ত্রাণ	ʃ i ɹ ɔ s t̪ː ɹ a n
শিরিন	ʃ i ɾ i n
শিরিন	ʃ i ɾ i n
শিরোনাম	ʃ i ɾ o n a m
শিরোনাম	ʃ i ɹ o n a m
শিল	ʃ iː l
শিল	ʃ i l
শিল	ʃ iː l
শিল	ʃ i l
শিলনোড়া	ʃ i l n o ɽ aˑ
শিলনোড়া	ʃ i l n o ɾ aˑ
শিলনোড়া	ʃ i l n o ɹ aˑ
শিশু	ʃ i ʃ uˑ
শিশু	ʃ i ʃ uˑ
শিশ্ন	ʃ i ʃ n oˑ
শিশ্ন	ʃ i ʃ n oˑ
শিষ্য	ʃ i ʃː oˑ
শিষ্য	ʃ i ʃː oˑ
শীঘ্র	ʃ i ɡʱ ɾ oˑ
শীঘ্র	ʃ i ɡʱ ɹ oˑ
শীত	ʃ i t̪
শীত	ʃ i t̪
শীততাপ	ʃ i t̪ ɔ t̪ a p
শীততাপ	ʃ i t̪ ɔ t̪ a p
শীতল	ʃ i t̪ ɔ l
শীতল	ʃ i t̪ ɔ l
শীতাতপ	ʃ i t̪ a t̪ ɔ p
শীতাতপ	ʃ i t̪ a t̪ ɔ p
শীষ	ʃ iː ʃ
শীষ	ʃ i ʃ
শীষ	ʃ iː ʃ
শীষ	ʃ i ʃ
শুঁটকি	ʃ ũ ʈ k iˑ
শুঁটকি	ʃ u t k iˑ
শুকানো	ʃ u k a n oˑ
শুকানো	ʃ u k a n oˑ
শুক্র	ʃ u k ɾ oˑ
শুক্র	ʃ u k ɾ oˑ
শুক্রবার	ʃ u k ɾ o b a ɾ
শুক্রবার	ʃ u k ɹ o b a ɹ
শুক্রাশয়	ʃ u k ɾ a ʃ ɔ e̯
শুক্রাশয়	ʃ u k ɾ a ʃ ɔ e̯
শুদ্ধ	ʃ u d̪ʱː oˑ
শুদ্ধ	ʃ u d̪ʱː oˑ
শুদ্ধমতি	ʃ u d̪ʱː ɔ m o t̪ iˑ
শুদ্ধমতি	ʃ u d̪ʱː ɔ m o t̪ iˑ
শুধু	ʃ u d̪ʱ uˑ
শুধু	ʃ u d̪ʱ uˑ
শুনি	ʃ u n iˑ
শুনি	ʃ u n iˑ
শুনিস	ʃ u n i ʃ
শুনিস	ʃ u n i ʃ
শুনে	ʃ u n eˑ
শুনে	ʃ u n eˑ
শুভ	ʃ u bʱ oˑ
শুভ	ʃ u v oˑ
শুভ	ʃ u bʱ oˑ
শুভ	ʃ u v oˑ
শুভেচ্ছা	ʃ u bʱ e t͡ʃʰː aˑ
শুভেচ্ছা	ʃ u v e t͡ʃʰː aˑ
শুভেচ্ছা	ʃ u bʱ e t ɕʰː aˑ
শুভেচ্ছা	ʃ u v e t ɕʰː aˑ
শুভেচ্ছাদূত	ʃ u bʱ e t͡ʃʰː a d̪ u t̪
শুভেচ্ছাদূত	ʃ u v e t͡ʃʰː a d̪ u t̪
শুভেচ্ছাদূত	ʃ u bʱ e t ɕʰː a d̪ u t̪
শুভেচ্ছাদূত	ʃ u v e t ɕʰː a d̪ u t̪
শুমার	s̠ u m äˑ ɾ
শুয়াইব	ʃ u̯ a i̯ b
শুয়াইব	ʃ u̯ a i̯ b
শুয়ার	ʃ u̯ a ɾ
শুয়ার	ʃ u̯ a ɹ
শুয়োর	ʃ u̯ o ɾ
শুয়োর	ʃ u̯ o ɹ
শুরু	ʃ u ɾ uˑ
শুরু	ʃ u ɹ uˑ
শুলফা	ʃ u l f aˑ
শুলফা	ʃ u l f aˑ
শুষ্ক	ʃ u ʃ k oˑ
শুষ্ক	ʃ u ʃ k oˑ
শূকর	ʃ u k ɔ ɾ
শূকর	ʃ u k ɔ ɹ
শূন্য	ʃ u nː oˑ
শূন্য	ʃ u nː oˑ
শেওড়া	ʃ æ o̯ ɽ aˑ
শেওড়া	ʃ æ o̯ ɾ aˑ
শেওড়া	ʃ æ o̯ ɹ aˑ
শেখ	ʃ eː k
শেখ	ʃ e x
শেখ	ʃ eː k
শেখ	ʃ e x
শেখানো	ʃ e kʰ a n oˑ
শেখানো	ʃ e kʰ a n oˑ
শেঠ	ʃ eː ʈ
শেঠ	ʃ e ʈ
শেঠ	ʃ e tʰ
শেয়াল	ʃ e a l
শেষ	ʃ eː ʃ
শেষ	ʃ e ʃ
শেষ	ʃ eː ʃ
শেষ	ʃ e ʃ
শৈব	ʃ o i̯ b
শৈব	ʃ o i̯ b
শৈশব	ʃ o i̯ ʃ ɔ b
শৈশব	ʃ o i̯ ʃ ɔ b
শোক	ʃ oː k
শোক	ʃ o k
শোক	ʃ oː k
শোক	ʃ o k
শোনা	ʃ o n aˑ
শোনা	ʃ o n aˑ
শোনে	ʃ o n eˑ
শোনে	ʃ o n eˑ
শোনেন	ʃ o n e n
শোনেন	ʃ o n e n
শোনো	ʃ o n oˑ
শোনো	ʃ o n oˑ
শোয়া	ʃ o̯ aˑ
শোয়া	ʃ o̯ aˑ
শোয়াইব	ʃ o̯ a i̯ b
শোয়াইব	ʃ o̯ a i̯ b
শোয়াস	ʃ o̯ a ʃ
শোয়াস	ʃ o̯ a ʃ
শোয়েব	ʃ o e b
শোয়েব	ʃ o e b
শোষণ	ʃ o ʃ ɔ n
শোষণ	ʃ o ʃ ɔ n
শোহরৎ	ʃ ɔ h ɔ ɾ ɔ t̪
শোহরৎ	ʃ ɔ h ɔ ɹ ɔ t̪
শ্বউর	ʃ o u̯ ɾ
শ্বউর	ʃ o u̯ ɹ
শ্বশুর	ʃ o ʃ u ɾ
শ্বশুর	ʃ o ʃ u ɹ
শ্বাস	ʃ aː ʃ
শ্বাস	ʃ a ʃ
শ্বাস	ʃ aː ʃ
শ্বাস	ʃ a ʃ
শ্বাসাঘাত	ʃ a ʃ a ɡʱ a t̪
শ্বাসাঘাত	ʃ a ʃ a ɡʱ a t̪
শ্বেত	ʃ e t̪
শ্বেত	ʃ e t̪
শ্মশান	ʃ ɔ ʃ a n
শ্মশান	ʃ ɔ ʃ a n
শ্যাম	ʃ æː m
শ্যাম	ʃ æ m
শ্যাম	ʃ æː m
শ্যাম	ʃ æ m
শ্যামদেশ	ʃ æ m d̪ e ʃ
শ্যামদেশ	ʃ æ m d̪ e ʃ
শ্যাম্পু	ʃ æ m p uˑ
শ্যাম্পু	ʃ æ m p uˑ
শ্যালক	ʃ æ l ɔ k
শ্যালক	ʃ ɛ l ɔ k
শ্রদ্ধা	s ɾ ɔ d̪ʱː aˑ
শ্রদ্ধা	s ɹ ɔ d̪ʱː aˑ
শ্রবণ	s ɾ ɔ b o n
শ্রবণ	s ɹ ɔ b o n
শ্রম	s ɾ ɔː m
শ্রম	s ɾ ɔ m
শ্রম	s ɹ ɔ m
শ্রান্তি	s ɾ a n t̪ iˑ
শ্রান্তি	s ɹ a n t̪ iˑ
শ্রাবণ	s ɾ a b o n
শ্রাবণ	s ɾ a b o n
শ্রী	s ɾ iː
শ্রী	s ɾ iˑ
শ্রী	s ɹ iˑ
শ্রীচৈতন্য	s ɾ i t͡ʃ o i̯ t̪ ɔ nː oˑ
শ্রীচৈতন্য	s ɹ i t ɕ o i̯ t̪ ɔ nː oˑ
শ্রীনগর	s ɾ i n ɡ ɔ ɾ
শ্রীনগর	s ɹ i n ɡ ɔ ɹ
শ্রীফল	s ɾ i f ɔ l
শ্রীফল	s ɹ i f ɔ l
শ্রুতি	s ɾ u t̪ iˑ
শ্রুতি	s ɹ u t̪ iˑ
শ্রেণিকক্ষ	s ɾ e n i k ɔ kʰː oˑ
শ্রেণিকক্ষ	s ɹ e n i k ɔ kʰː oˑ
শ্রেণিকক্ষভিত্তিক	s ɾ e n i k ɔ kʰː ɔ bʱ i t̪ː i k
শ্রেণিকক্ষভিত্তিক	s ɾ e n i k ɔ kʰː ɔ v i t̪ː i k
শ্রেণিকক্ষভিত্তিক	s ɹ e n i k ɔ kʰː ɔ bʱ i t̪ː i k
শ্রেণিকক্ষভিত্তিক	s ɹ e n i k ɔ kʰː ɔ v i t̪ː i k
শ্রেণী	s ɾ e n iˑ
শ্রেণী	s ɹ e n iˑ
শ্লেষ্মা	s l e ʃː ãˑ
শ্লেষ্মা	s l e ʃː aˑ
ষড়ঋতু	ʃ ɔ ɽ o ɾ i t̪ uˑ
ষড়ঋতু	ʃ ɔ ɾ o ɾ i t̪ uˑ
ষড়ঋতু	ʃ ɔ ɽ o ɾ i t̪ uˑ
ষড়ঋতু	ʃ ɔ ɾ o ɾ i t̪ uˑ
ষড়বিংশতিতম	ʃ ɔ ɽ o b i ŋ ʃ o t̪ i t̪ ɔ m oˑ
ষড়বিংশতিতম	ʃ ɔ ɾ o b i ŋ ʃ o t̪ i t̪ ɔ m oˑ
ষড়বিংশতিতম	ʃ ɔ ɹ o b i ŋ ʃ o t̪ i t̪ ɔ m oˑ
ষড়ভুজ	ʃ ɔ ɽ o bʱ u d͡ʒ
ষড়ভুজ	ʃ ɔ ɽ o v u d͡ʒ
ষড়ভুজ	ʃ ɔ ɾ o bʱ u d͡ʒ
ষড়ভুজ	ʃ ɔ ɾ o v u d͡ʒ
ষড়ভুজ	ʃ ɔ ɽ o bʱ u d ʑ
ষড়ভুজ	ʃ ɔ ɽ o v u d ʑ
ষড়ভুজ	ʃ ɔ ɾ o bʱ u d ʑ
ষড়ভুজ	ʃ ɔ ɾ o v u d ʑ
ষড়যন্ত্র	ʃ ɔ ɽ o d͡ʒ ɔ n t̪ː ɾ oˑ
ষড়যন্ত্র	ʃ ɔ ɾ o d͡ʒ ɔ n t̪ː ɾ oˑ
ষড়যন্ত্র	ʃ ɔ ɽ o d ʑ ɔ n t̪ː ɾ oˑ
ষড়যন্ত্র	ʃ ɔ ɾ o d ʑ ɔ n t̪ː ɾ oˑ
ষাঁড়	ʃ ã ɽ
ষাঁড়	ʃ ã ɾ
ষাঁড়	ʃ a ɹ
ষোড়শ	ʃ o ɽ ɔ ʃ
ষোড়শ	ʃ o ɾ ɔ ʃ
ষোড়শ	ʃ o ɹ ɔ ʃ
স	ʃ ɔː
স	ʃ ɔˑ
স	s ɔː
স	s ɔˑ
স	ʃ ɔː
স	ʃ ɔˑ
স	s ɔː
স	s ɔˑ
সং	s ɔ ŋ
সং	s ɔ ŋ
সংক্ষেপ	ʃ ɔ ŋ kʰ e p
সংক্ষেপ	ʃ ɔ ŋ kʰ e p
সংগঠন	ʃ ɔ ŋ ɡ ɔ ʈʰ ɔ n
সংগঠন	ʃ ɔ ŋ ɡ ɔ tʰ ɔ n
সংগঠনঠন	ʃ ɔ ŋ ɡ ɔ ʈʰ ɔ ɳ ʈʰ ɔ n
সংগঠনঠন	ʃ ɔ ŋ ɡ ɔ tʰ ɔ n tʰ ɔ n
সংগণক	s a ŋ ɡ a n a k
সংগণক	s a ŋ ɡ a n a k
সংগ্রাম	ʃ ɔ ŋ ɡ ɾ a m
সংগ্রাম	ʃ ɔ ŋ ɾ a m
সংগ্রাম	ʃ ɔ ŋ ɡ ɹ a m
সংগ্রাম	ʃ ɔ ŋ ɹ a m
সংঘর্ষ	ʃ ɔ ŋ ɡʱ ɔ ɾ ʃ oˑ
সংঘর্ষ	ʃ ɔ ŋ ɡʱ ɔ ɹ ʃ oˑ
সংবাদ	ʃ ɔ ŋ b a d̪
সংবাদ	ʃ ɔ ŋ b a d̪
সংবিধান	ʃ ɔ ŋ b i d̪ʱ a n
সংবিধান	ʃ ɔ ŋ b i d̪ʱ a n
সংবেদনশীল	s ɔ ŋ b e d̪ ɔ n ʃ i l
সংবেদনশীল	s ɔ ŋ b e d̪ ɔ n ʃ i l
সংশোধন	ʃ ɔ ŋ ʃ o d̪ʱ o n
সংশোধন	ʃ ɔ ŋ ʃ o d̪ʱ o n
সংসদ	ʃ ɔ ŋ ʃ ɔ d̪
সংসদ	ʃ ɔ ŋ ʃ ɔ d̪
সংসার	ʃ ɔ ŋ ʃ a ɾ
সংসার	ʃ ɔ ŋ ʃ a ɹ
সংস্কৃত	ʃ ɔ ŋ s k ɾ i t̪ oˑ
সংস্কৃত	ʃ ɔ ŋ s k ɾ i t̪
সংস্কৃত	ʃ ɔ ŋ s k ɹ i t̪ oˑ
সংস্কৃত	ʃ ɔ ŋ s k ɹ i t̪
সংস্কৃতি	ʃ ɔ ŋ s k ɾ i t̪ iˑ
সংস্কৃতি	ʃ ɔ ŋ s k ɹ i t̪ iˑ
সই	ʃ o i̯
সই	ʃ o i̯
সওদা	ʃ ɔ o̯ d̪ aˑ
সওদা	ʃ ɔ o̯ d̪ aˑ
সওয়া	ʃ ɔ o̯ aˑ
সওয়া	ʃ ɔ o̯ aˑ
সওয়া	ʃ o̯ aˑ
সওয়াব	s ɔ o̯ a b
সওয়াব	s ɔ o̯ a b
সওয়ার	ʃ ɔ o̯ a ɾ
সওয়ার	ʃ ɔ o̯ a ɹ
সওয়াল	ʃ ɔ o̯ a l
সওয়াল	ʃ ɔ a l
সওয়াল	ʃ ɔ o̯ a l
সওয়াল	ʃ ɔ a l
সকল	ʃ ɔ k o l
সকল	ʃ ɔ k o l
সকাল	ʃ ɔ k a l
সকাল	ʃ ɔ k a l
সখা	ʃ ɔ kʰ aˑ
সখা	ʃ ɔ kʰ aˑ
সখী	ʃ o kʰ iˑ
সখী	ʃ o kʰ iˑ
সঙ্গম	ʃ ɔ ŋ ɡ ɔ m
সঙ্গম	ʃ ɔ ŋ ɡ ɔ m
সঙ্গী	ʃ ɔ ŋ ɡ iˑ
সঙ্গী	ʃ ɔ ŋ ɡ iˑ
সঙ্গীত	ʃ ɔ ŋ ɡ i t̪
সঙ্গীত	ʃ ɔ ŋ ɡ i t̪
সঙ্গে	ʃ ɔ ŋ ɡ eˑ
সঙ্গে	ʃ ɔ ŋ ɡ eˑ
সঙ্গেসঙ্গে	ʃ ɔ ŋ ɡ e ʃ ɔ ŋ ɡ eˑ
সঙ্গেসঙ্গে	ʃ ɔ ŋ ɡ e ʃ ɔ ŋ ɡ eˑ
সঙ্ঘ	ʃ ɔ ŋ ɡʱ oˑ
সঙ্ঘ	ʃ ɔ ŋ ɡʱ oˑ
সজারু	ʃ ɔ d͡ʒ a ɾ uˑ
সজারু	ʃ ɔ d ʑ a ɹ uˑ
সটান	ʃ ɔ ʈ a n
সটান	ʃ ɔ t a n
সঠিক	ʃ ɔ ʈʰ i k
সঠিক	ʃ ɔ tʰ i k
সড়ক	ʃ ɔ ɽ o k
সড়ক	ʃ ɔ ɾ o k
সড়ক	ʃ ɔ ɹ o k
সতর্ক	ʃ ɔ t̪ o ɾ k
সতর্ক	ʃ ɔ t̪ o ɹ k
সত্তা	ʃ ɔ t̪ː aˑ
সত্তা	ʃ ɔ t̪ː aˑ
সত্ত্ব	ʃ ɔ t̪ː oˑ
সত্ত্ব	ʃ ɔ t̪ː oˑ
সত্ত্বেও	ʃ ɔ t̪ː e o̯
সত্য	ʃ o t̪ː oˑ
সত্য	ʃ o t̪ː oˑ
সত্যায়ন	ʃ ɔ t̪ː a e̯ ɔ n
সত্যায়ন	ʃ ɔ t̪ː a e̯ ɔ n
সত্যি	ʃ ɔ t̪ː iˑ
সত্যি	ʃ ɔ t̪ː iˑ
সত্যেন্দ্রনাথ	ʃ ɔ t̪ː e n d̪ː ɾ ɔ n a t̪
সত্যেন্দ্রনাথ	ʃ ɔ t̪ː e n d̪ː ɹ ɔ n a t̪
সদকা	s ɔ d̪ k aˑ
সদকা	s ɔ d̪ k aˑ
সদয়	s ɔ d̪ ɔ e̯
সদয়	s ɔ d̪ ɔ e̯
সদয়ভাবে	ʃ ɔ d̪ o e̯ bʱ a b eˑ
সদয়ভাবে	ʃ ɔ d̪ o e̯ v a b eˑ
সদয়ভাবে	ʃ ɔ d̪ o e̯ bʱ a b eˑ
সদয়ভাবে	ʃ ɔ d̪ o e̯ v a b eˑ
সদর	ʃ ɔ d̪ o ɾ
সদর	ʃ ɔ d̪ o ɹ
সদরদপ্তর	ʃ ɔ d̪ o ɾ d̪ ɔ p t̪ ɔ ɾ
সদরদপ্তর	ʃ ɔ d̪ o ɹ d̪ ɔ p t̪ ɔ ɹ
সদরদপ্তর	ʃ ɔ d̪ ɔ ɾ d̪ ɔ p t̪ ɔ ɾ
সদরদপ্তর	ʃ ɔ d̪ ɔ ɹ d̪ ɔ ɸ t̪ ɔ ɹ
সদরদপ্তর	ʃ ɔ d̪ ɔ ɾ d̪ ɔ p t̪ ɔ ɾ
সদরদফতর	ʃ ɔ d̪ o ɾ d̪ ɔ f t̪ ɔ ɾ
সদরদফতর	ʃ ɔ d̪ o ɹ d̪ ɔ f t̪ ɔ ɹ
সদরদফতর	ʃ ɔ d̪ ɔ ɾ d̪ ɔ ɸ t̪ ɔ ɾ
সদরদফতর	ʃ ɔ d̪ ɔ ɹ d̪ ɔ ɸ t̪ ɔ ɹ
সদরদফতর	ʃ ɔ d̪ ɔ ɾ d̪ ɔ f t̪ ɔ ɾ
সদা	ʃ ɔ d̪ aˑ
সদা	ʃ ɔ d̪ aˑ
সদাপ্রভু	ʃ ɔ d̪ a p ɾ o bʱ uˑ
সদাপ্রভু	ʃ ɔ d̪ a p ɾ o v uˑ
সদাপ্রভু	ʃ ɔ d̪ a p ɹ o bʱ uˑ
সদাপ্রভু	ʃ ɔ d̪ a p ɹ o v uˑ
সদাশিব	ʃ ɔ d̪ a ʃ i b
সদাশিব	ʃ ɔ d̪ a ʃ i b
সদৃশ	ʃ ɔ d̪ː ɾ i ʃ
সদৃশ	ʃ ɔ d̪ː ɹ i ʃ
সন	ʃ ɔː n
সন	ʃ ɔ n
সন	ʃ ɔː n
সন	ʃ ɔ n
সনদ	ʃ ɔ n o d̪
সনদ	ʃ ɔ n o d̪
সনে	ʃ ɔ n eˑ
সনে	ʃ ɔ n eˑ
সন্ত	ʃ ɔ n t̪ oˑ
সন্ত	ʃ ɔ n t̪ oˑ
সন্তান	ʃ ɔ n t̪ a n
সন্তান	ʃ ɔ n t̪ a n
সন্তুষ্ট	ʃ ɔ n t̪ u ʂ ʈ oˑ
সন্তুষ্ট	ʃ ɔ n t̪ u ʃ t oˑ
সন্তুষ্ট	ʃ ɔ n t̪ u s t oˑ
সন্তোষ	ʃ ɔ n t̪ o ʃ
সন্তোষ	ʃ ɔ n t̪ o ʃ
সন্দেহ	ʃ ɔ n d̪ e h oˑ
সন্দেহ	ʃ ɔ n d̪ e h oˑ
সন্ধ্যা	ʃ o n d̪ʱ aˑ
সন্ধ্যা	ʃ ɔ n d̪ʱ aˑ
সন্ধ্যা	ʃ o n d̪ʱ aˑ
সন্ধ্যা	ʃ ɔ n d̪ʱ aˑ
সপ্তদশ	ʃ ɔ p t̪ ɔ d̪ o ʃ
সপ্তদশ	ʃ ɔ p t̪ ɔ d̪ o ʃ
সপ্তম	ʃ ɔ p t̪ ɔ m
সপ্তম	ʃ ɔ p t̪ ɔ m
সপ্তাহ	ʃ ɔ p t̪ a h oˑ
সপ্তাহ	ʃ ɔ p t̪ aˑ
সপ্তাহ	ʃ ɔ p t̪ a h oˑ
সপ্তাহ	ʃ ɔ p t̪ aˑ
সফর	s ɔ pʰ o ɾ
সফর	s ɔ f o ɾ
সফর	s ɔ pʰ o ɹ
সফর	s ɔ f o ɹ
সফল	ʃ ɔ f ɔ l
সফল	ʃ ɔ f ɔ l
সফেদ	ʃ ɔ f e d̪
সফেদ	ʃ ɔ f e d̪
সব	ʃ ɔː b
সব	ʃ ɔ b
সব	ʃ ɔː b
সব	ʃ ɔ b
সবই	ʃ ɔ b o i̯
সবই	ʃ ɔ b o i̯
সবকিছু	ʃ ɔ b k i t͡ʃʰ uˑ
সবকিছু	ʃ ɔ b k i t ɕʰ uˑ
সবচেয়ে	ʃ ɔ b t͡ʃ eˑ
সবচেয়ে	ʃ ɔ b t ɕ eˑ
সবজজ	s ɔ b d͡ʒ ɔ d͡ʒ
সবজজ	s ɔ b d ʑ ɔ d ʑ
সবজা	ʃ ɔ b d͡ʒ aˑ
সবজা	ʃ ɔ b d ʑ aˑ
সবজি	ʃ o b d͡ʒ iˑ
সবজি	ʃ ɔ b d͡ʒ iˑ
সবজি	ʃ o b d ʑ iˑ
সবজি	ʃ ɔ b d ʑ iˑ
সবজি	ʃ o b z iˑ
সবজি	ʃ o b z iˑ
সবজি	ʃ ɔ b z iˑ
সবজি	ʃ ɔ b z iˑ
সবজি	ʃ o b z iˑ
সবজি	ʃ ɔ b z iˑ
সবর	s ɔ b o ɾ
সবর	ʃ ɔ b o ɾ
সবর	s ɔ b o ɹ
সবর	ʃ ɔ b o ɹ
সবসময়	ʃ ɔ b ʃ ɔ m ɔ e̯
সবসময়	ʃ ɔ b ʃ ɔ m ɔ e̯
সবাই	ʃ ɔ b a i̯
সবাই	ʃ ɔ b a i̯
সবার	ʃ ɔ b a ɾ
সবার	ʃ ɔ b a ɹ
সবুজ	ʃ o b u d͡ʒ
সবুজ	ʃ o b u d ʑ
সবুজ	ʃ o b u z
সবুজ	ʃ o b u z
সব্যসাচী	ʃ ɔ bː ɔ ʃ a t͡ʃ iˑ
সব্যসাচী	ʃ ɔ bː ɔ ʃ a t ɕ iˑ
সভা	ʃ ɔ bʱ aˑ
সভা	ʃ ɔ v aˑ
সভা	ʃ ɔ bʱ aˑ
সভা	ʃ ɔ v aˑ
সভ্য	ʃ ɔ bʱː oˑ
সভ্য	ʃ ɔ vː oˑ
সভ্য	ʃ ɔ bʱː oˑ
সভ্য	ʃ ɔ vː oˑ
সম	ʃ ɔ m oˑ
সম	ʃ ɔ m oˑ
সমকামিতা	ʃ ɔ m ɔ k a m i t̪ aˑ
সমকামিতা	ʃ ɔ m ɔ k a m i t̪ aˑ
সমকামী	ʃ ɔ m o k a m iˑ
সমকামী	ʃ ɔ m o k a m iˑ
সমকে	ʃ ɔ m k ɛˑ
সমকে	ʃ ɔ m x ɛˑ
সমকে	ʃ ɔ ŋ k ɛˑ
সমকে	ʃ ɔ ŋ x ɛˑ
সমন্বয়হীন	ʃ ɔ m ɔ nː ɔ o̯ h i n
সমন্বয়হীন	ʃ ɔ m ɔ nː ɔ o̯ h i n
সমবেদনা	ʃ ɔ m b e d̪ ɔ n aˑ
সমবেদনা	ʃ ɔ m b e d̪ ɔ n aˑ
সময়	ʃ o m ɔ e̯
সময়	ʃ o m o e̯
সময়	ʃ o m ɔ e̯
সময়	ʃ o m o e̯
সময়কাল	ʃ ɔ m ɔ e̯ k a l
সময়কাল	ʃ ɔ m ɔ e̯ k a l
সমর্থন	ʃ ɔ m ɔ ɾ t̪ʰ ɔ n
সমর্থন	ʃ ɔ m o ɾ t̪ʰ o n
সমর্থন	ʃ ɔ m ɔ ɹ t̪ʰ ɔ n
সমর্থন	ʃ ɔ m o ɹ t̪ʰ o n
সমস্ত	ʃ ɔ m o s t̪ oˑ
সমস্ত	ʃ ɔ m o s t̪ oˑ
সমস্যা	ʃ ɔ m o ʃː aˑ
সমস্যা	ʃ ɔ m o ʃː aˑ
সমাজ	ʃ ɔ m a d͡ʒ
সমাজ	ʃ ɔ m a d ʑ
সমাজতন্ত্র	ʃ ɔ m a z̪̪ t̪ ɔ n t̪ː ɾ oˑ
সমাজতন্ত্র	ʃ ɔ m a d͡ʒ t̪ ɔ n t̪ː ɾ oˑ
সমাজতন্ত্র	ʃ ɔ m a z̪̪ t̪ ɔ n t̪ː ɹ oˑ
সমাজতান্ত্রিক	ʃ ɔ m a z̪̪ t̪ a n t̪ː ɾ i k
সমাজতান্ত্রিক	ʃ ɔ m a d͡ʒ t̪ a n t̪ː ɾ i k
সমাজতান্ত্রিক	ʃ ɔ m a z̪̪ t̪ a n t̪ː ɹ i k
সমাদর	ʃ ɔ m a d̪ ɔ ɾ
সমাদর	ʃ ɔ m a d̪ o ɾ
সমাদর	ʃ ɔ m a d̪ ɔ ɹ
সমাদর	ʃ ɔ m a d̪ o ɹ
সমাধান	ʃ ɔ m a d̪ʱ a n
সমাধান	ʃ ɔ m a d̪ʱ a n
সমাধি	ʃ ɔ m a d̪ʱ iˑ
সমাধি	ʃ ɔ m a d̪ʱ iˑ
সমালোচনা	ʃ ɔ m a l o t͡ʃ ɔ n aˑ
সমালোচনা	ʃ ɔ m a l o t͡ʃ o n aˑ
সমালোচনা	ʃ ɔ m a l o t ɕ ɔ n aˑ
সমালোচনা	ʃ ɔ m a l o t ɕ o n aˑ
সমীরণ	ʃ o m i ɾ o n
সমীরণ	ʃ o m i ɹ o n
সমুদ্র	ʃ o m u d̪ː ɾ oˑ
সমুদ্র	ʃ o m u d̪ː ɹ oˑ
সম্পত্তি	ʃ ɔ m p ɔ t̪ː iˑ
সম্পত্তি	ʃ ɔ m p ɔ t̪ː iˑ
সম্পর্ক	ʃ ɔ m p ɔ ɾ k oˑ
সম্পর্ক	ʃ ɔ m p ɔ ɹ k oˑ
সম্পর্কে	ʃ ɔ m p ɔ ɾ k eˑ
সম্পর্কে	ʃ ɔ m p ɔ ɹ k eˑ
সম্পাদিকা	ʃ ɔ m p a d̪ i k aˑ
সম্পাদিকা	ʃ ɔ m p a d̪ i k aˑ
সম্পূর্ণ	ʃ ɔ m p u ɾ n oˑ
সম্পূর্ণ	ʃ ɔ m p u ɹ n oˑ
সম্পূর্ণ	ʃ ɔ m p u ɾ n oˑ
সম্পূর্ণ	ʃ ɔ m p u ɹ n oˑ
সম্বন্ধে	ʃ ɔ m b ɔ n d̪ʱ eˑ
সম্বন্ধে	ʃ ɔ m b ɔ n d̪ʱ eˑ
সম্বরা	ʃ ɔ m b ɔ ɾ aˑ
সম্বরা	ʃ ɔ m b o ɾ aˑ
সম্বরা	ʃ ɔ m b ɔ ɹ aˑ
সম্বরা	ʃ ɔ m b o ɹ aˑ
সম্ভব	ʃ ɔ m bʱ ɔ b
সম্ভব	ʃ ɔ m v ɔ b
সম্ভব	ʃ ɔ m bʱ ɔ b
সম্ভব	ʃ ɔ m v ɔ b
সম্ভার	ʃ ɔ m bʱ a ɾ
সম্ভার	ʃ ɔ m v a ɾ
সম্ভার	ʃ ɔ m bʱ a ɹ
সম্ভার	ʃ ɔ m v a ɹ
সম্মান	ʃ ɔ mː a n
সম্মান	ʃ ɔ mː a n
সম্মানী	ʃ ɔ mː a n iˑ
সম্মানী	ʃ ɔ mː a n iˑ
সম্মিলিত	ʃ ɔ mː i l i t̪ oˑ
সম্মিলিত	ʃ ɔ mː i l i t̪ oˑ
সম্মেলন	ʃ ɔ mː e l ɔ n
সম্মেলন	ʃ ɔ mː e l ɔ n
সর	ʃ ɔː ɾ
সর	ʃ ɔ ɾ
সর	ʃ ɔ ɹ
সরকান্দা	ʃ ɔ ɾ k a n d̪ aˑ
সরকান্দা	ʃ ɔ ɹ k a n d̪ aˑ
সরকার	ʃ ɔ ɾ k a ɾ
সরকার	ʃ ɔ ɹ k a ɹ
সরকার	ʃ ɔ ɾ k a ɾ
সরকার	ʃ ɔ ɹ k a ɹ
সরপুরিয়া	ʃ ɔ ɾ p u ɾ i̯ aˑ
সরপুরিয়া	ʃ ɔ ɹ p u ɹ i̯ aˑ
সরফরাজ	ʃ ɔ ɾ o f ɾ a d͡ʒ
সরফরাজ	ʃ ɔ ɹ o f ɹ a d ʑ
সরবত	ʃ ɔ ɾ b o t̪
সরবত	s ɔ ɾ b o t̪
সরবত	ʃ ɔ ɹ b o t̪
সরবত	s ɔ ɹ b o t̪
সরবরাহ	ʃ ɔ ɾ b o ɾ a h oˑ
সরবরাহ	ʃ ɔ ɹ b o ɹ a h oˑ
সরভাজা	ʃ ɔ ɾ bʱ a d͡ʒ aˑ
সরভাজা	ʃ ɔ ɾ v a d͡ʒ aˑ
সরভাজা	ʃ ɔ ɹ bʱ a d ʑ aˑ
সরভাজা	ʃ ɔ ɹ v a d ʑ aˑ
সরল	ʃ ɔ ɾ o l
সরল	ʃ ɔ ɾ o l
সরষে	ʃ o ɾ ʃ eˑ
সরষে	ʃ o ɹ ʃ eˑ
সরস	ʃ ɔ ɾ o ʃ
সরস	ʃ ɔ ɹ o ʃ
সরস্বতী	ʃ ɔ ɾ o ʃː o t̪ iˑ
সরস্বতী	ʃ ɔ ɹ o ʃː o t̪ iˑ
সরা	ʃ ɔ r a
সরানো	ʃ ɔ r a n o
সরাসরি	ʃ ɔ ɾ a ʃ o ɾ iˑ
সরাসরি	ʃ ɔ ɹ a ʃ o ɹ iˑ
সরিষা	ʃ o ɾ i ʃ aˑ
সরিষা	ʃ o ɹ i ʃ aˑ
সরীসৃপ	s̠ ɔ̝ ɾ i s̠ː ɾ iˑ p
সরোজ	ʃ ɔ ɾ o d͡ʒ
সরোজ	ʃ ɔ ɹ o d ʑ
সর্জি	ʃ ɔ ɾ d͡ʒ iˑ
সর্জি	ʃ ɔ ɹ d ʑ iˑ
সর্জিকা	ʃ ɔ ɾ d͡ʒ i k aˑ
সর্জিকা	ʃ ɔ ɹ d ʑ i k aˑ
সর্দি	ʃ o ɾ d̪ iˑ
সর্দি	ʃ o ɹ d̪ iˑ
সর্প	ʃ ɔ ɾ p oˑ
সর্প	ʃ ɔ ɹ p oˑ
সর্ব	ʃ ɔ ɾ b oˑ
সর্ব	ʃ ɔ ɹ b oˑ
সর্ব	ʃ ɔ ɾ b oˑ
সর্ব	ʃ ɔ ɹ b oˑ
সর্বকামী	ʃ ɔ ɾ b ɔ k a m iˑ
সর্বকামী	ʃ ɔ ɹ b ɔ k a m iˑ
সর্বত	ʃ ɔ ɾ b o t̪
সর্বত	s ɔ ɾ b o t̪
সর্বত	ʃ ɔ ɹ b o t̪
সর্বত	s ɔ ɹ b o t̪
সর্বদা	ʃ ɔ ɾ b o d̪ aˑ
সর্বদা	ʃ ɔ ɹ b o d̪ aˑ
সর্বনাম	ʃ ɔ ɾ b o n a m
সর্বনাম	ʃ ɔ ɹ b o n a m
সর্বোচ্চ	ʃ ɔ ɾ b o t͡ʃː oˑ
সর্বোচ্চ	ʃ ɔ ɹ b o t ɕː oˑ
সর্বোত্তম	ʃ ɔ ɾ b o t̪ː ɔ m
সর্বোত্তম	ʃ ɔ ɹ b o t̪ː ɔ m
সর্ব্বসময়	ʃ ɔ ɾ bː ɔ ʃ ɔ m ɔ e̯
সর্ব্বসময়	ʃ ɔ ɹ bː ɔ ʃ ɔ m ɔ e̯
সলতনত	s ɔ l̪ t̪ ɔ n ɔ t̪
সলতনত	s ɔ l̪ t̪ ɔ n ɔ t̪
সলতনৎ	s ɔ l̪ t̪ ɔ n ɔ t̪
সলতনৎ	s ɔ l̪ t̪ ɔ n ɔ t̪
সস	ʃ ɔː s
সস	ʃ ɔ s
সস	ʃ ɔː s
সস	ʃ ɔ s
সস্তা	ʃ ɔ s t̪ aˑ
সস্তা	ʃ ɔ s t̪ aˑ
সহকার	ʃ ɔ h o k a ɾ
সহকার	ʃ ɔ h o k a ɹ
সহগ	ʃ ɔ h o ɡ
সহগ	ʃ ɔ h o ɡ
সহচর	ʃ ɔ h o t͡ʃ ɔ ɾ
সহচর	ʃ ɔ h o t ɕ ɔ ɹ
সহজ	ʃ ɔ h o d͡ʒ
সহজ	ʃ ɔ h o d ʑ
সহনাগরিক	ʃ ɔ n h a ɡ ɾ i k
সহনাগরিক	ʃ ɔ nː a ɡ ɾ i k
সহনাগরিক	ʃ ɔ n h a ɡ ɹ i k
সহনাগরিক	ʃ ɔ nː a ɡ ɹ i k
সহযোগিতা	ʃ ɔ h ɔ d͡ʒ o ɡ i t̪ aˑ
সহযোগিতা	ʃ ɔ h ɔ d ʑ o ɡ i t̪ aˑ
সহস্র	ʃ ɔ h o s ɾ oˑ
সহস্র	ʃ ɔ h o s ɹ oˑ
সহস্রাব্দ	ʃ ɔ h o s ɾ a b d̪ oˑ
সহস্রাব্দ	ʃ ɔ h o s ɹ a b d̪ oˑ
সহানুভূতি	ʃ ɔ h a n u bʱ u t̪ iˑ
সহানুভূতি	ʃ ɔ h a n u v u t̪ iˑ
সহানুভূতি	ʃ ɔ h a n u bʱ u t̪ iˑ
সহানুভূতি	ʃ ɔ h a n u v u t̪ iˑ
সহানুভূতিশীল	ʃ ɔ h a n u bʱ u t̪ i ʃ i l
সহানুভূতিশীল	ʃ ɔ h a n u v u t̪ i ʃ i l
সহানুভূতিশীল	ʃ ɔ h a n u bʱ u t̪ i ʃ i l
সহানুভূতিশীল	ʃ ɔ h a n u v u t̪ i ʃ i l
সহোদর	ʃ ɔ h o d̪ ɔ ɾ
সহোদর	ʃ ɔ h o d̪ ɔ ɹ
সহ্য	ʃ o z̪̪ d͡ʒʱ oˑ
সহ্য	ʃ o d͡ʒ d͡ʒʱ oˑ
সহ্য	ʃ o z̪̪ d͡ʒ oˑ
সহ্য	ʃ o d͡ʒ d͡ʒ oˑ
সহ্য	ʃ o d ʑʱː oˑ
সহ্য	ʃ o d ʑː oˑ
সাঁই	ʃ ã iˑ
সাঁই	ʃ a i̯
সাঁইতিরিশ	ʃ ã i t̪ i ɾ i ʃ
সাঁইতিরিশ	ʃ a i̯ t̪ i ɹ i ʃ
সাঁওতাল	ʃ ã o t̪ a l
সাঁওতাল	ʃ a o̯ t̪ a l
সাঁওতালি	ʃ ã o t̪ a l iˑ
সাঁওতালি	ʃ a o̯ t̪ a l iˑ
সাঁচ্চা	ʃ ã t͡ʃː aˑ
সাঁচ্চা	ʃ a t ɕː aˑ
সাঁঝ	ʃ ã d͡ʒ
সাঁঝ	ʃ a d ʑ
সাঁতরানো	ʃ ã t̪ r a n o
সাঁতার	ʃ ã t̪ a ɾ
সাঁতার	ʃ a t̪ a ɹ
সাংস্কৃতিক	ʃ a ŋ s k ɾ i t̪ i k
সাংস্কৃতিক	ʃ a ŋ s k ɹ i t̪ i k
সাইকিল	s a i̯ k i l
সাইকিল	s a e̯ k i l
সাইকিল	s a i̯ k i l
সাইকিল	s a e̯ k i l
সাইকেল	s a i̯ k e l
সাইকেল	s a e̯ k e l
সাইকেল	s a i̯ k e l
সাইকেল	s a e̯ k e l
সাইক্লোন	s a i̯ k l o n
সাইক্লোন	s a i̯ k l o n
সাইফ	s a i̯ f
সাইফ	s a i̯ f
সাঈদ	s a i̯ d̪
সাঈদ	s a i̯ d̪
সাওয়াব	s a o̯ a b
সাওয়াব	s a o̯ a b
সাকিব	s a k i b
সাকিব	ʃ a k i b
সাকিব	s a k i b
সাকিব	ʃ a k i b
সাক্ষি	ʃ a kʰː iˑ
সাক্ষি	ʃ a kʰː iˑ
সাক্ষী	ʃ a kʰː iˑ
সাক্ষী	ʃ a kʰː iˑ
সাক্ষ্য	s a kʰː oˑ
সাক্ষ্য	s a kʰː oˑ
সাখী	ʃ a kʰ iˑ
সাখী	ʃ a kʰ iˑ
সাগর	ʃ a ɡ o ɾ
সাগর	ʃ a ɡ o ɹ
সাগু	ʃ a ɡ uˑ
সাগু	ʃ a ɡ uˑ
সাচা	ʃ a t͡ʃ aˑ
সাচা	ʃ a t ɕ aˑ
সাচ্চা	ʃ a t͡ʃː aˑ
সাচ্চা	s a t͡ʃː aˑ
সাচ্চা	ʃ a t ɕː aˑ
সাচ্চা	s a t ɕː aˑ
সাজদা	ʃ a z̪̪ d̪ aˑ
সাজদা	ʃ a d͡ʒ d̪ aˑ
সাজদা	ʃ a z̪̪ d̪ aˑ
সাজা	ʃ a d͡ʒ aˑ
সাজা	ʃ a d ʑ aˑ
সাজা	ʃ a d͡ʒ aˑ
সাজা	ʃ a d ʑ aˑ
সাড়ে	ʃ a ɽ eˑ
সাড়ে	ʃ a ɾ eˑ
সাড়ে	ʃ a ɹ eˑ
সাত	ʃ a t̪
সাত	ʃ a t̪
সাতক্ষীরা	ʃ a t̪ kʰ i ɾ aˑ
সাতক্ষীরা	ʃ a t̪ kʰ i ɾ aˑ
সাতানব্বই	ʃ a t̪ a n ɔ bː o i̯
সাতানব্বই	ʃ a t̪ a n ɔ bː o i̯
সাথে	ʃ a t̪ʰ eˑ
সাথে	ʃ a t̪ʰ eˑ
সাদ	ʃ a d̪
সাদ	ʃ a d̪
সাদমান	s a d̪ m a n
সাদমান	s a d̪ m a n
সাদা	ʃ a d̪ aˑ
সাদা	ʃ a d̪ aˑ
সাদাসিধা	ʃ a d̪ a ʃ i d̪ʱ aˑ
সাদাসিধা	ʃ a d̪ a ʃ i d̪ʱ aˑ
সাদাসিধে	ʃ a d̪ a ʃ i d̪ʱ eˑ
সাদাসিধে	ʃ a d̪ a ʃ i d̪ʱ eˑ
সাদিয়া	s a d̪ i̯ aˑ
সাদিয়া	s a d̪ i̯ aˑ
সাধ	ʃ a d̪
সাধ	ʃ a d̪
সাধা	ʃ a d̪ʱ aˑ
সাধা	ʃ a d̪ʱ aˑ
সাধারণ	ʃ a d̪ʱ a ɾ o n
সাধারণ	ʃ a d̪ʱ a ɹ o n
সাধু	ʃ a d̪ʱ uˑ
সাধু	ʃ a d̪ʱ uˑ
সাধুভাষা	ʃ a d̪ʱ u bʱ a ʃ aˑ
সাধুভাষা	ʃ a d̪ʱ u v a ʃ aˑ
সাধুভাষা	ʃ a d̪ʱ u bʱ a ʃ aˑ
সাধুভাষা	ʃ a d̪ʱ u v a ʃ aˑ
সানা	s a n aˑ
সানা	s a n aˑ
সানাই	ʃ a n a i̯
সানাই	ʃ a n a i̯
সান্ত্বনা	ʃ a n t̪ o n aˑ
সান্ত্বনা	ʃ a n t̪ o n aˑ
সাপ	ʃ aː p
সাপ	ʃ a p
সাপ	ʃ aː p
সাপ	ʃ a p
সাফ	s aː f
সাফ	s a f
সাফ	s aː f
সাফ	s a f
সাফারি	ʃ a f a ɾ iˑ
সাফারি	ʃ a f a ɹ iˑ
সাবধান	ʃ a b d̪ʱ a n
সাবধান	ʃ a b d̪ʱ a n
সাবধানতা	ʃ a b d̪ʱ a n o t̪ aˑ
সাবধানতা	ʃ a b d̪ʱ a n o t̪ aˑ
সাবরিনা	s a b ɾ i n aˑ
সাবরিনা	s a b ɹ i n aˑ
সাবরিনা	s a b ɾ i n aˑ
সাবরিনা	s a b ɹ i n aˑ
সাবান	ʃ a b a n
সাবান	ʃ a b a n
সাবিত	s a b i t̪
সাবিত	s a b i t̪
সাব্যস্ত	ʃ a bː o s t̪ oˑ
সাব্যস্ত	ʃ a bː o s t̪ oˑ
সাভার	ʃ a bʱ a ɾ
সাভার	ʃ a v a ɾ
সাভার	ʃ a bʱ a ɹ
সাভার	ʃ a v a ɹ
সামনে	ʃ a m n eˑ
সামনে	ʃ a m n eˑ
সামান	s a m a n
সামান	s a m a n
সামিয়া	s a m i̯ aˑ
সামিয়া	s a m i̯ aˑ
সামী	s a m iˑ
সামী	s a m iˑ
সাম্যবাদ	ʃ a mː ɔ b a d̪
সাম্যবাদ	ʃ a mː ɔ b a d̪
সায়া	ʃ a e̯ aˑ
সায়া	ʃ a e̯ aˑ
সায়াহ্ন	ʃ a e̯ a nː h oˑ
সায়াহ্ন	ʃ a e̯ a nː n oˑ
সায়াহ্ন	ʃ a e̯ a nː oˑ
সায়াহ্ন	ʃ a e̯ a nː h oˑ
সায়াহ্ন	ʃ a e̯ a nː n oˑ
সায়াহ্ন	ʃ a e̯ a nː oˑ
সার	ʃ aː ɾ
সার	ʃ a ɾ
সার	ʃ a ɹ
সার	s aː ɾ
সার	s a ɾ
সার	s a ɹ
সারা	ʃ a ɾ aˑ
সারা	ʃ a ɹ aˑ
সারি	ʃ a ɾ iˑ
সারি	ʃ a ɹ iˑ
সার্জারি	s a ɾ d͡ʒ a ɾ iˑ
সার্জারি	s a ɾ d͡ʒ e ɾ iˑ
সার্জারি	s a ɹ d ʑ a ɹ iˑ
সার্জারি	s a ɹ d ʑ e ɹ iˑ
সাল	ʃ aː l
সাল	ʃ a l
সাল	ʃ aː l
সাল	ʃ a l
সালতানাত	s a l̪ t̪ a n a t̪
সালতানাত	s a l̪ t̪ a n a t̪
সালমান	s a l m a n
সালমান	s a l m a n
সালাত	s a l a t̪
সালাত	s a l a t̪
সালাদ	s a l a d̪
সালাদ	s a l a d̪
সালাম	s a l a m
সালাম	s a l a m
সালোকসংশ্লেষ	ʃ a l o k ʃ ɔ ŋ s l e ʃ
সালোকসংশ্লেষ	ʃ a l o k ʃ ɔ ŋ s l e ʃ
সালোকসংশ্লেষণ	ʃ a l o k ʃ ɔ ŋ s l e ʃ o n
সালোকসংশ্লেষণ	ʃ a l o k ʃ ɔ ŋ s l e ʃ o n
সাহস	ʃ a h o ʃ
সাহস	ʃ a h o ʃ
সাহা	ʃ a h aˑ
সাহা	ʃ a h aˑ
সাহায্য	ʃ a h a z̪̪ d͡ʒ oˑ
সাহায্য	ʃ a h a d͡ʒ d͡ʒ oˑ
সাহায্য	ʃ a h a d ʑː oˑ
সাহিত্য	ʃ a h i t̪ː oˑ
সাহিত্য	ʃ a h i t̪ː oˑ
সাহেব	ʃ a h e b
সাহেব	ʃ a e̯ b
সাহেব	ʃ a h e b
সাহেব	ʃ a e̯ b
সাহ্নাই	ʃ a n a i̯
সাহ্নাই	ʃ a h n a i̯
সাহ্নাই	ʃ a n a i̯
সাহ্নাই	ʃ a h n a i̯
সিঁড়ি	ʃ ĩ ɽ iˑ
সিঁড়ি	ʃ ĩ ɾ iˑ
সিঁড়ি	ʃ i ɽ iˑ
সিঁড়ি	ʃ i ɾ iˑ
সিঁড়ি	ʃ i ɾ iˑ
সিঁড়ি	ʃ i ɹ iˑ
সিঁড়ী	ʃ ĩ ɽ iˑ
সিঁড়ী	ʃ ĩ ɾ iˑ
সিঁড়ী	ʃ i ɹ iˑ
সিঁথি	ʃ ĩ t̪ʰ iˑ
সিঁথি	ʃ i t̪ʰ iˑ
সিঁদুর	ʃ ĩ d̪ u ɾ
সিঁদুর	ʃ i d̪ u ɹ
সিঁদুরে	ʃ ĩ d̪ u ɾ eˑ
সিঁদুরে	ʃ i d̪ u ɹ eˑ
সিংহ	ʃ i ŋ h oˑ
সিংহ	ʃ i ŋ h oˑ
সিংহাসন	ʃ i ŋ h a ʃ o n
সিংহাসন	ʃ i ŋ h a ʃ o n
সিএনজি	s i̯ e n d͡ʒ iˑ
সিএনজি	s i̯ e n d ʑ iˑ
সিকান্দর	s i k a n d̪ ɔ ɾ
সিকান্দর	s i k a n d̪ a ɾ
সিকান্দর	s i k a n d̪ ɔ ɹ
সিকান্দর	s i k a n d̪ a ɹ
সিকি	ʃ i k iˑ
সিকি	ʃ i k iˑ
সিকিম	ʃ i k i m
সিকিম	s i k i m
সিকিম	ʃ i k i m
সিকিম	s i k i m
সিকিম	s i k i m
সিকিম	s i x i m
সিক্কিম	s i kː i m
সিক্কিম	ʃ i kː i m
সিক্কিম	s i kː i m
সিক্কিম	ʃ i kː i m
সিক্কিম	s i kː i m
সিক্কিম	s i x x i m
সিগারেট	s i ɡ a ɾ e ʈ
সিগারেট	s i ɡ a ɹ e t
সিঙাড়া	ʃ i ŋ a ɽ aˑ
সিঙাড়া	ʃ i ŋ a ɾ aˑ
সিঙাড়া	ʃ i ŋ a ɹ aˑ
সিঙ্গাড়া	ʃ i ŋ ɡ a ɽ aˑ
সিঙ্গাড়া	ʃ i ŋ ɡ a ɾ aˑ
সিঙ্গাড়া	ʃ i ŋ ɡ a ɹ aˑ
সিঙ্গাপুর	ʃ i ŋ ɡ a p u ɾ
সিঙ্গাপুর	ʃ i ŋ ɡ a p u ɹ
সিজদা	ʃ i z̪̪ d̪ aˑ
সিজদা	ʃ i d͡ʒ d̪ aˑ
সিজদা	ʃ i z̪̪ d̪ aˑ
সিট	s iː ʈ
সিট	s i ʈ
সিট	s iː t
সিট	s i t
সিড়ি	ʃ i ɽ iˑ
সিড়ি	ʃ i ɾ iˑ
সিড়ি	ʃ i ɹ iˑ
সিড়ী	ʃ i ɽ iˑ
সিড়ী	ʃ i ɾ iˑ
সিড়ী	ʃ i ɹ iˑ
সিডি	s i ɖ iˑ
সিডি	s i d iˑ
সিদ্ধ	ʃ i d̪ʱː oˑ
সিদ্ধ	ʃ i d̪ʱː oˑ
সিদ্ধান্ত	ʃ i d̪ʱː a n t̪ oˑ
সিদ্ধান্ত	ʃ i d̪ʱː a n t̪ oˑ
সিধা	ʃ i d̪ʱ aˑ
সিধা	ʃ i d̪ʱ aˑ
সিধে	ʃ i d̪ʱ eˑ
সিধে	ʃ i d̪ʱ eˑ
সিন্দুক	ʃ i n d̪ u k
সিন্দুক	ʃ i n d̪ u k
সিন্দূর	ʃ i n d̪ u ɾ
সিন্দূর	ʃ i n d̪ u ɹ
সিন্ধু	ʃ i n d̪ʱ uˑ
সিন্ধু	ʃ i n d̪ʱ uˑ
সিন্ধুঘোটক	ʃ i n d̪ʱ u ɡʱ o ʈ ɔ k
সিন্ধুঘোটক	ʃ i n d̪ʱ u ɡʱ o t ɔ k
সিপাহী	ʃ i p a h iˑ
সিপাহী	ʃ i p a i̯
সিপাহী	ʃ i p a h iˑ
সিপাহী	ʃ i p a i̯
সিয়াম	s i̯ a m
সিয়াম	s i̯ a m
সির্কা	ʃ i ɾ k aˑ
সির্কা	ʃ i ɹ k aˑ
সিলেট	s i l e ʈ
সিলেট	ʃ i l e ʈ
সিলেট	s i l e t
সিলেট	ʃ i l e t
সিলেটি	ʃ i l e ʈ iˑ
সিলেটি	ʃ i l e t iˑ
সীতা	ʃ i t̪ aˑ
সীতা	ʃ i t̪ aˑ
সীতাকুণ্ড	ʃ i t̪ a k u ɳ ɖ oˑ
সীতাকুণ্ড	ʃ i t̪ a k u n d oˑ
সীমা	ʃ i m a
সীমানা	ʃ i m a n aˑ
সীমানা	ʃ i m a n aˑ
সুই	ʃ u̯ iˑ
সুই	ʃ u̯ iˑ
সুইজারল্যান্ড	s u̯ i z a ɾ l æ ɳ ɖ
সুইজারল্যান্ড	s u̯ i z a ɹ l ɛ n d
সুখ	ʃ uː k
সুখ	ʃ u x
সুখ	ʃ uː k
সুখ	ʃ u x
সুগার	ʃ u ɡ a ɾ
সুগার	s u ɡ a ɾ
সুগার	ʃ u ɡ a ɹ
সুগার	s u ɡ a ɹ
সুজি	ʃ u d͡ʒ iˑ
সুজি	ʃ u d ʑ iˑ
সুজুদ	ʃ u d͡ʒ u d̪
সুজুদ	s u d͡ʒ u d̪
সুজুদ	ʃ u d ʑ u d̪
সুজুদ	s u d ʑ u d̪
সুজূদ	ʃ u d͡ʒ u d̪
সুজূদ	s u d͡ʒ u d̪
সুজূদ	ʃ u d ʑ u d̪
সুজূদ	s u d ʑ u d̪
সুড়ঙ্গ	ʃ u ɽ ɔ ŋ ɡ oˑ
সুড়ঙ্গ	ʃ u ɾ ɔ ŋ ɡ oˑ
সুড়ঙ্গ	ʃ u ɹ ɔ ŋ ɡ oˑ
সুড়ঙ্গ	ʃ u ɾ ɔ ŋ ɡ oˑ
সুড়ঙ্গ	ʃ u ɹ ɔ ŋ ɡ oˑ
সুড়ঙ্গ	ʃ u ɾ ɔ ŋ ɡ oˑ
সুদ	ʃ u d̪
সুদ	ʃ u d̪
সুনামি	ʃ u n a m iˑ
সুনামি	ʃ u n a m iˑ
সুনিধি	ʃ u n i d̪ʱ iˑ
সুনিধি	ʃ u n i d̪ʱ iˑ
সুন্দর	ʃ u n d̪ ɔ ɾ
সুন্দর	ʃ u n d̪ ɔ ɹ
সুন্দরবন	ʃ u n d̪ ɔ ɾ b o n
সুন্দরবন	ʃ u n d̪ ɔ ɹ b o n
সুপারিশ	ʃ u p a ɾ i ʃ
সুপারিশ	ʃ u p a ɹ i ʃ
সুপ্রভাত	ʃ u p ɾ o bʱ a t̪
সুপ্রভাত	ʃ u p ɾ o v a t̪
সুপ্রভাত	ʃ u p ɹ o bʱ a t̪
সুপ্রভাত	ʃ u p ɹ o v a t̪
সুবর্ণ	ʃ u b ɔ ɾ n oˑ
সুবর্ণ	ʃ u b ɔ ɹ n oˑ
সুবর্ণা	ʃ u b ɔ ɾ n aˑ
সুবর্ণা	ʃ u b ɔ ɹ n aˑ
সুবহানাল্লাহ	ʃ u b h a n a lː aˑ
সুবহানাল্লাহ	ʃ u v a n a lː aˑ
সুবহানাল্লাহ	ʃ u b h a n a lː aˑ
সুমন	ʃ u m o n
সুমন	ʃ u m ɔ n
সুমন	ʃ u m o n
সুমন	ʃ u m ɔ n
সুমাত্রা	ʃ u m a t̪ː ɾ aˑ
সুমাত্রা	s u m a t̪ː ɾ aˑ
সুমাত্রা	ʃ u m a t̪ː ɹ aˑ
সুমাত্রা	s u m a t̪ː ɹ aˑ
সুরক্ষিত	ʃ u ɾ ɔ kʰː i t̪ oˑ
সুরক্ষিত	ʃ u ɹ ɔ kʰː i t̪ oˑ
সুরত	s u ɾ ɔ t̪
সুরত	s u ɹ ɔ t̪
সুরা	s̠ u ɾ aˑ
সুরিনাম	ʃ u ɾ i n a m
সুরিনাম	ʃ u ɹ i n a m
সুলতান	s u l̪ t̪ a n
সুলতান	s u l̪ t̪ a n
সুলতানা	s u l̪ t̪ a n aˑ
সুলতানা	s u l̪ t̪ a n aˑ
সুলায়মান	s u l a e̯ m a n
সুলায়মান	s u l a e̯ m a n
সুলুপ	s̠ u l uˑ p
সুস্থ	ʃ u s t̪ʰ oˑ
সুস্থ	ʃ u s t̪ʰ oˑ
সুস্বাদু	ʃ u ʃː a d̪ uˑ
সুস্বাদু	ʃ u ʃː a d̪ uˑ
সূচী	ʃ u t͡ʃ iˑ
সূচী	ʃ u t ɕ iˑ
সূরা	ʃ u ɾ aˑ
সূরা	s u ɾ aˑ
সূরা	ʃ u ɹ aˑ
সূরা	s u ɹ aˑ
সূর্য	ʃ u ɹ d͡ʒ oˑ
সূর্য	ʃ u ɹ d ʑ oˑ
সূর্য্য	ʃ u ɾ d͡ʒ oˑ
সূর্য্য	ʃ u ɹ d ʑ oˑ
সৃষ্টি	s ɾ i ʂ ʈ iˑ
সৃষ্টি	s ɹ i ʃ t iˑ
সৃষ্টি	s ɹ i s t iˑ
সে	ʃ eː
সে	ʃ eˑ
সে	ʃ eː
সে	ʃ eˑ
সেঁজা	ʃ ẽ d͡ʒ aˑ
সেঁজা	ʃ e d ʑ aˑ
সেকেন্ড	s e k e ɳ ɖ
সেকেন্ড	s e k e n d
সেখান	ʃ e kʰ a n
সেখান	ʃ e kʰ a n
সেখানকার	ʃ e kʰ a n k a ɾ
সেখানকার	ʃ e kʰ a n k a ɹ
সেখানে	ʃ e kʰ a n e
সেজদা	ʃ e z̪̪ d̪ aˑ
সেজদা	ʃ e d͡ʒ d̪ aˑ
সেজদা	ʃ e z̪̪ d̪ aˑ
সেন	s eː n
সেন	s e n
সেন	s eː n
সেন	s e n
সেনগুপ্ত	ʃ e n ɡ u p t̪ oˑ
সেনগুপ্ত	ʃ e n ɡ u p t̪ oˑ
সেনা	ʃ e n aˑ
সেনা	ʃ e n aˑ
সেন্সস	s̠ e n s̠ ɔˑ s̠
সেপ্টেম্বর	s e p ʈ e m b ɔ ɾ
সেপ্টেম্বর	s e p t e m b ɔ ɹ
সেবক	ʃ e b ɔ k
সেবক	ʃ e b ɔ k
সেবা	ʃ e b aˑ
সেবা	ʃ e b aˑ
সেবাদাসী	ʃ e b a d̪ a ʃ iˑ
সেবাদাসী	ʃ e b a d̪ a ʃ iˑ
সেবায়েত	ʃ e b a e̯ t̪
সেবায়েত	ʃ e b a e̯ t̪
সেব্য	ʃ e bː oˑ
সেব্য	ʃ e bː oˑ
সেরা	ʃ e ɾ aˑ
সেরা	ʃ e ɹ aˑ
সেলাম	s e l a m
সেলাম	s e l a m
সেলুন	s e l u n
সেলুন	s e l u n
সেহরী	s e h ɾ iˑ
সেহরী	s e h e ɾ iˑ
সেহরী	s e h ɹ iˑ
সেহরী	s e h e ɹ iˑ
সেহেতু	s e h e t̪ uˑ
সেহেতু	s e h e t̪ uˑ
সৈন্য	ʃ o i̯ nː oˑ
সৈন্য	ʃ o i̯ nː oˑ
সৈয়দ	s o e̯ o d̪
সৈয়দ	s o e̯ o d̪
সোজা	ʃ o d͡ʒ aˑ
সোজা	ʃ o d ʑ aˑ
সোনা	ʃ o n aˑ
সোনা	ʃ o n aˑ
সোনারগাঁও	ʃ o n a ɾ ɡ ã oˑ
সোনারগাঁও	ʃ o n a ɹ ɡ a o̯
সোফা	s o f aˑ
সোফা	s o f aˑ
সোভিয়েত	ʃ o bʱ i̯ e t̪
সোভিয়েত	ʃ o v i̯ e t̪
সোভিয়েত	ʃ o bʱ i̯ e t̪
সোভিয়েত	ʃ o v i̯ e t̪
সোমবার	ʃ o m b a ɾ
সোমবার	ʃ o m b a ɹ
সোয়াদ	s o̯ a d̪
সোয়াদ	s o̯ a d̪
সোয়াদ	s o̯ a d̪
সোয়াদ	s o̯ a d̪
সোয়াদ	ʃ o̯ a d̪
সোয়াদ	ʃ o̯ a d̪
সোয়ামি	ʃ o̯ a m iˑ
সোয়ামি	ʃ o̯ a m iˑ
সোহরাওয়ার্দী	s o ɦ ɾ ə o̯ ɑ ɾ d̪ iˑ
সোহরাওয়ার্দী	s o ɾ ə o̯ ɑ ɾ d̪ iˑ
সোহরাওয়ার্দী	s o ɾ ɔ o̯ ɑ ɾ d̪ iˑ
সোহরাওয়ার্দী	s ɔ ɾ o̯ ɑ ɾ d̪ iˑ
সোহাগ	ʃ o h a ɡ
সোহাগ	ʃ o h a ɡ
সোহেল	s o h e l
সোহেল	ʃ o h e l
সোহেল	s o h e l
সোহেল	ʃ o h e l
সৌন্দর্য	ʃ o u̯ n d̪ ɔ ɾ d͡ʒ oˑ
সৌন্দর্য	ʃ u n d̪ ɔ ɾ d͡ʒ oˑ
সৌন্দর্য	ʃ o u̯ n d̪ ɔ ɹ d ʑ oˑ
সৌন্দর্য	ʃ u n d̪ ɔ ɹ d ʑ oˑ
সৌভাগ্য	ʃ o u̯ bʱ a ɡː oˑ
সৌভাগ্য	ʃ o u̯ v a ɡː oˑ
সৌভাগ্য	ʃ o u̯ bʱ a ɡː oˑ
সৌভাগ্য	ʃ o u̯ v a ɡː oˑ
সৌরজগৎ	ʃ o u̯ ɾ o d͡ʒ ɔ ɡ o t̪
সৌরজগৎ	ʃ o u̯ ɹ o d ʑ ɔ ɡ o t̪
সৌরাষ্ট্র	ʃ o u̯ ɾ a ʂ ʈː ɾ oˑ
সৌরাষ্ট্র	ʃ o u̯ ɹ a ʃ tː ɹ oˑ
সৌরাষ্ট্র	ʃ o u̯ ɹ a s tː ɹ oˑ
স্কুটার	s k u ʈ a ɾ
স্কুটার	s k u t a ɹ
স্কুল	s k uː l
স্কুল	s k u l
স্কুল	s k uː l
স্কুল	s k u l
স্খলন	s kʰ ɔ l o n
স্খলন	s kʰ ɔ l o n
স্ট্রিট	s ʈː ɾ i ʈ
স্ট্রিট	ʂ ʈː ɾ i ʈ
স্ট্রিট	s tː ɹ i t
স্ট্রিট	s tː ɹ i t
স্তর	s t̪ ɔ ɾ
স্তর	s t̪ ɔ ɾ
স্তালিন	s t̪ a l i n
স্তালিন	s t̪ a l i n
স্তূপ	s t̪ u p
স্তূপ	s t̪ u p
স্ত্রী	s t̪ː ɾ iˑ
স্ত্রী	s t̪ː ɾ iˑ
স্থল	s t̪ʰ ɔ l
স্থল	s t̪ʰ ɔ l
স্থান	s t̪ʰ a n
স্থান	s t̪ʰ a n
স্থাপত্য	s t̪ʰ a p o t̪ː oˑ
স্থাপত্য	s t̪ʰ a p o t̪ː oˑ
স্থাপন	s t̪ʰ a p ɔ n
স্থাপন	s t̪ʰ a p ɔ n
স্থায়ী	s t̪ʰ a i̯
স্থায়ী	s t̪ʰ a i̯
স্থিত	s t̪ʰ i t̪
স্থিত	s t̪ʰ i t̪
স্থৈর্য	s t̪ʰ o i̯ ɾ d͡ʒ oˑ
স্থৈর্য	s t̪ʰ o i̯ ɹ d ʑ oˑ
স্নান	s n aː n
স্নান	s n a n
স্নান	s n aː n
স্নান	s n a n
স্নায়ুচিকিৎসাবিজ্ঞান	s n a e̯ u t͡ʃ i k i t̪ s̪ a b i ɡː æ̃ n
স্নায়ুচিকিৎসাবিজ্ঞান	s n a e̯ u t ɕ i k i t̪ s̪ a b i ɡː æ̃ n
স্নায়ুতত্ত্ব	s n a e̯ u t̪ ɔ t̪ː oˑ
স্নায়ুতত্ত্ব	s n a e̯ u t̪ ɔ t̪ː oˑ
স্নায়ুবিদ্যা	s n a e̯ u b i d̪ː aˑ
স্নায়ুবিদ্যা	s n a e̯ u b i d̪ː aˑ
স্নিগ্ধ	s n i ɡ d̪ʱ oˑ
স্নিগ্ধ	s n i ɡ d̪ʱ oˑ
স্নিগ্ধা	s n i ɡ d̪ʱ aˑ
স্নিগ্ধা	s n i ɡ d̪ʱ aˑ
স্নেহ	s n e ɦ oˑ
স্নেহ	s n e ɦ oˑ
স্পর্শ	s p ɔ ɾ ʃ oˑ
স্পর্শ	s p ɔ ɹ ʃ oˑ
স্পষ্ট	s p ɔ ʂ ʈ oˑ
স্পষ্ট	s p ɔ ʃ t oˑ
স্পষ্ট	s p ɔ s t oˑ
স্ফটিক	s pʰ o ʈ i k
স্বচ্ছ	ʃ ɔ t͡ʃʰː oˑ
স্বচ্ছ	ʃ ɔ t ɕʰː oˑ
স্বদেশ	ʃ ɔ d̪ e ʃ
স্বদেশ	ʃ ɔ d̪ e ʃ
স্বপন	ʃ ɔ p ɔ n
স্বপন	ʃ ɔ p ɔ n
স্বপ্ন	ʃ ɔ p n oˑ
স্বপ্ন	ʃ ɔ p n oˑ
স্বভাবজাত	s h ɔ bʱ ā b d͡ʒ ā t̪
স্বভাবজাত	s h ɔ v ā b d͡ʒ ā t̪
স্বভাবজাত	s h ɔ bʱ ā b d ʑ ā t̪
স্বভাবজাত	s h ɔ v ā b d ʑ ā t̪
স্বর	ʃ ɔː ɾ
স্বর	ʃ ɔ ɾ
স্বর	ʃ ɔ ɹ
স্বরধ্বনি	ʃ ɔ ɾ o d̪ʱː o n iˑ
স্বরধ্বনি	ʃ ɔ ɹ o d̪ʱː o n iˑ
স্বরবর্ণ	ʃ ɔ ɾ o b ɔ ɾ n oˑ
স্বরবর্ণ	ʃ ɔ ɹ o b ɔ ɹ n oˑ
স্বর্গ	ʃ ɔ ɾ ɡ oˑ
স্বর্গ	ʃ o̯ ɔ ɾ ɡ oˑ
স্বর্গ	ʃ ɔ ɹ ɡ oˑ
স্বর্গ	ʃ o̯ ɔ ɹ ɡ oˑ
স্বর্গদূত	ʃ ɔ ɾ ɡ o d̪ u t̪
স্বর্গদূত	ʃ ɔ ɹ ɡ o d̪ u t̪
স্বর্গপুরী	ʃ ɔ ɾ ɡ ɔ p u ɾ iˑ
স্বর্গপুরী	ʃ ɔ ɹ ɡ ɔ p u ɹ iˑ
স্বর্গরাজ্য	ʃ ɔ ɾ ɡ ɔ ɾ a z̪̪ d͡ʒ oˑ
স্বর্গরাজ্য	ʃ ɔ ɾ ɡ ɔ ɾ a d͡ʒ d͡ʒ oˑ
স্বর্গরাজ্য	ʃ ɔ ɹ ɡ ɔ ɹ a d ʑː oˑ
স্বর্গসুখ	ʃ ɔ ɾ ɡ ɔ ʃ u k
স্বর্গসুখ	ʃ ɔ ɾ ɡ ɔ ʃ u x
স্বর্গসুখ	ʃ ɔ ɹ ɡ ɔ ʃ u k
স্বর্গসুখ	ʃ ɔ ɹ ɡ ɔ ʃ u x
স্বর্গীয়	ʃ ɔ ɾ ɡ i̯ oˑ
স্বর্গীয়	ʃ ɔ ɹ ɡ i̯ oˑ
স্বর্ণ	ʃ ɔ ɾ n oˑ
স্বর্ণ	ʃ ɔ ɹ n oˑ
স্বসা	ʃ ɔ ʃ aˑ
স্বসা	ʃ ɔ ʃ aˑ
স্বস্তি	ʃ o s t̪ iˑ
স্বস্তি	ʃ o s t̪ iˑ
স্বস্তিকা	ʃ ɔ s t̪ i k aˑ
স্বস্তিকা	ʃ ɔ s t̪ i k aˑ
স্বাগতম	ʃ a ɡ ɔ t̪ o m
স্বাগতম	ʃ a ɡ ɔ t̪ o m
স্বাদ	ʃ a d̪
স্বাদ	ʃ a d̪
স্বাধীনতা	ʃ a d̪ʱ i n ɔ t̪ aˑ
স্বাধীনতা	ʃ a d̪ʱ i n ɔ t̪ aˑ
স্বামিনী	ʃ a m i n iˑ
স্বামিনী	ʃ a m i n iˑ
স্বামী	ʃ a m iˑ
স্বামী	ʃ a m iˑ
স্বামীস্ত্রী	ʃ a m i s t̪ː ɾ iˑ
স্বামীস্ত্রী	ʃ a m i s t̪ː ɹ iˑ
স্বার্থপরতা	ʃ a ɾ t̪ʰ ɔ p ɾ o t̪ aˑ
স্বার্থপরতা	ʃ a ɹ t̪ʰ ɔ p ɹ o t̪ aˑ
স্বাস্থ্য	ʃ a s t̪ʰː oˑ
স্বাস্থ্য	ʃ a s t̪ʰː oˑ
স্বীকার	ʃ i k a r
স্বীকার্য	ʃ i k a ɾ d͡ʒ oˑ
স্বীকার্য	ʃ i k a ɹ d ʑ oˑ
স্বীকৃত	ʃ i k ɾ i t̪ oˑ
স্বীকৃত	ʃ i k ɹ i t̪ oˑ
স্বীকৃতি	ʃ i k ɾ i t̪ iˑ
স্বীকৃতি	ʃ i k ɹ i t̪ iˑ
স্মরণ	ʃ ɔ̃ ɾ o n
স্মরণ	ʃ ɔ ɹ o n
স্মরণার্থ	ʃ ɔ̃ ɾ ɔ n a ɾ t̪ʰ oˑ
স্মরণার্থ	ʃ ɔ ɹ ɔ n a ɹ t̪ʰ oˑ
স্মৃতি	s ɾ ĩ t̪ iˑ
স্মৃতি	s ɹ i t̪ iˑ
স্মৃতিচারণ	s m ɾ i t̪ i t͡ʃ a ɾ o n
স্মৃতিচারণ	s m ɹ i t̪ i t ɕ a ɹ o n
স্মৃতিহীন	s m ɾ i t̪ i h i n
স্মৃতিহীন	s m ɹ i t̪ i h i n
স্যর	s æː ɾ
স্যর	s æ ɾ
স্যর	s ɛ ɹ
স্যার	s aː ɾ
স্যার	s a ɾ
স্যার	s a ɹ
স্রেফ	s ɾ eː f
স্রেফ	s ɾ e f
স্রেফ	s ɹ e f
স্রোত	s ɾ o t̪
স্রোত	s ɾ o t̪ oˑ
স্রোত	s ɹ o t̪
স্রোত	s ɹ o t̪ oˑ
সৎ	ʃ ɔ t̪
সৎ	ʃ ɔ t̪
হংকং	h ɔ ŋ k ɔ ŋ
হংকং	h ɔ ŋ k ɔ ŋ
হই	h o i̯
হই	h o i̯
হইতে	h o i̯ t̪ eˑ
হইতে	h o i̯ t̪ eˑ
হউর	h o u̯ ɾ
হউর	h o u̯ ɹ
হওয়া	h ɔ o̯ aˑ
হওয়া	h ɔ o̯ aˑ
হক	h ɔ k
হক	h ɔ k
হকি	h ɔ k iˑ
হকিকত	h o k i k ɔ t̪
হকিকত	h o k i k ɔ t̪
হকিকৎ	h o k i k ɔ t̪
হকিকৎ	h o k i k ɔ t̪
হকীকত	h o k i k ɔ t̪
হকীকত	h o k i k ɔ t̪
হকীকৎ	h o k i k ɔ t̪
হকীকৎ	h o k i k ɔ t̪
হজ	h ɔ z̪̪ d͡ʒ
হজ	h ɔ d͡ʒ d͡ʒ
হজ	h ɔ d͡ʒ
হজ	h ɔ d ʑː
হজ	h ɔ d ʑ
হজরত	h ɔ d͡ʒ ɾ o t̪
হজরত	h ɔ z ɾ o t̪
হজরত	h ɔ d ʑ ɹ o t̪
হজরত	h ɔ z ɹ o t̪
হজ্জ	h ɔ d͡ʒ
হজ্জ	h ɔ z̪̪ d͡ʒ oˑ
হজ্জ	h ɔ d͡ʒ d͡ʒ oˑ
হজ্জ	h ɔ d ʑ
হজ্জ	h ɔ d ʑː oˑ
হজ্জ্ব	h ɔ z̪̪ d͡ʒ
হজ্জ্ব	h ɔ d͡ʒ d͡ʒ
হজ্জ্ব	h ɔ d͡ʒ
হজ্জ্ব	h ɔ d ʑː
হজ্জ্ব	h ɔ d ʑ
হজ্ব	h ɔ z̪̪ d͡ʒ
হজ্ব	h ɔ d͡ʒ d͡ʒ
হজ্ব	h ɔ d͡ʒ
হজ্ব	h ɔ d ʑː
হজ্ব	h ɔ d ʑ
হজ্য	h ɔ z̪̪ d͡ʒ
হজ্য	h ɔ d͡ʒ d͡ʒ
হজ্য	h ɔ d͡ʒ
হজ্য	h ɔ d ʑː
হজ্য	h ɔ d ʑ
হঠাৎ	h ɔ ʈʰ a t̪
হড়কানো	h ɔ ɽ k a n oˑ
হড়কানো	h ɔ ɾ k a n oˑ
হড়কানো	h ɔ ɹ k a n oˑ
হত	h ɔ t̪ oˑ
হত	h ɔ t̪ oˑ
হত	h ɔ t̪ oˑ
হত	h ɔ t̪ oˑ
হতাশা	h ɔ t̪ a ʃ aˑ
হতাশা	h ɔ t̪ a ʃ aˑ
হতে	h ɔ t̪ eˑ
হতে	h ɔ t̪ eˑ
হত্যা	h ɔ t̪ː aˑ
হত্যা	h ɔ t̪ː aˑ
হদিস	h o d̪ i s
হদিস	h o d̪ i ʃ
হদিস	h o d̪ i s
হদিস	h o d̪ i ʃ
হদ্দ	h ɔ d̪ː oˑ
হদ্দ	h ɔ d̪ː oˑ
হন	h ɔ n
হন	h ɔ n
হনুমান	h o n u m a n
হনুমান	h o n u m a n
হন্দর	h ɔ n d̪ o ɾ
হন্দর	h ɔ n d̪ o ɹ
হপ্তা	h ɔ p t̪ aˑ
হপ্তা	h ɔ p t̪ aˑ
হপ্তা	h ɔ p t̪ aˑ
হপ্তা	h ɔ ɸ t̪ aˑ
হমকে	h ɔ m k ɛˑ
হমকে	h ɔ m x ɛˑ
হমকে	h ɔ ŋ k ɛˑ
হমকে	h ɔ ŋ x ɛˑ
হয়	h ɔ e̯
হয়	h ɔ e̯
হয়তো	h ɔ e̯ t̪ oˑ
হয়তো	h ɔ e̯ t̪ oˑ
হয়রান	h ɔ e ɾ a n
হয়রান	h ɔ e ɾ a n
হয়রানি	h ɔ e̯ ɾ a n iˑ
হয়রানি	h ɔ e̯ ɹ a n iˑ
হয়ে	h ɔ eˑ
হয়ে	h ɔ eˑ
হয়েছিল	h ɔ e t͡ʃʰ i l oˑ
হয়েছিল	h ɔ e t ɕʰ i l oˑ
হয়েছিলেন	h ɔ e t͡ʃʰ i l e n
হয়েছিলেন	h ɔ e t ɕʰ i l e n
হরকত	h ɔ ɾ k ɔ t̪
হরকত	h ɔ ɹ k ɔ t̪
হরতাল	h ɔ ɽ t̪ a l
হরতাল	h ɔ ɾ t̪ a l
হরফ	h ɔ ɾ o p
হরফ	h ɔ ɾ o pʰ
হরফ	h ɔ ɹ o f
হরি	h o ɾ iˑ
হরি	h o ɹ iˑ
হরিজন	h ɔ ɾ i d͡ʒ ɔ n
হরিজন	h ɔ ɹ i d ʑ ɔ n
হরিজন	h o ɾ i d͡ʒ oˑ n
হরিণ	h o ɾ i n
হরিণ	h o ɹ i n
হরিয়ানা	h ɔ ɾ i j a n a
হরীতকী	h o ɾ i t̪ ɔ k iˑ
হরীতকী	h o ɹ i t̪ ɔ k iˑ
হর্ম্য	h ɔ ɾ mː oˑ
হর্ম্য	h ɔ ɹ mː oˑ
হর্ষ	h ɔ ɾ ʃ oˑ
হর্ষ	h ɔ ɹ ʃ oˑ
হল	h o l oˑ
হল	h o l oˑ
হল	h ɔ l
হল	h ɔ l
হল	h ɔ l
হল	h ɔ l
হল	h ɔ l
হল	h ɔ l
হলদে	h ɔ l̪ d̪ eˑ
হলদে	h ɔ l̪ d̪ eˑ
হলুদ	h o l u d̪
হলুদ	h o l u d̪
হলে	h ɔ l eˑ
হলে	h ɔ l eˑ
হসচিহ্ন	h ɔ s t͡ʃ i n h oˑ
হসচিহ্ন	h ɔ s t͡ʃ i nː oˑ
হসচিহ্ন	h ɔ s t ɕ i n h oˑ
হসচিহ্ন	h ɔ s t ɕ i nː oˑ
হসন্ত	h ɔ ʃ ɔ n t̪ oˑ
হসন্ত	h ɔ ʃ ɔ n t̪ oˑ
হসপিটাল	h ɔ s p i ʈ a l
হসপিটাল	h ɔ s p i t a l
হস্তমৈথুন	h ɔ s t̪ o m o i̯ t̪ʰ u n
হস্তমৈথুন	h ɔ s t̪ o m o i̯ t̪ʰ u n
হাঁচা	h ã t͡ʃ aˑ
হাঁচা	h a t ɕ aˑ
হাঁচা	h a t̪ s aˑ
হাঁচা	h a s aˑ
হাঁচি	h ã t͡ʃ iˑ
হাঁচি	h a t ɕ iˑ
হাঁটা	h ã ʈ̟ a
হাঁটু	h ã ʈ uˑ
হাঁটু	h a t uˑ
হাঁড়িয়া	h ã ɽ i̯ aˑ
হাঁড়িয়া	h ã ɾ i̯ aˑ
হাঁড়িয়া	h a ɹ i̯ aˑ
হাঁড়ী	h ã ɽ iˑ
হাঁড়ী	h ã ɾ iˑ
হাঁড়ী	h a ɹ iˑ
হাঁড়ী	h a ɾ iˑ
হাঁড়ী	h a ɹ iˑ
হাঁড়ী	h ã ɾ iˑ
হাঁস	h ã ʃ
হাঁস	h a ʃ
হাইপোথ্যালামাস	h a i̯ p o t̪ʰ æ l a m a s
হাইপোথ্যালামাস	h a i̯ p o t̪ʰ ɛ l a m a s
হাওড়	h ä o̯ ɽ̟
হাওড়াবাসী	h a o̯ ɽ a b a ʃ iˑ
হাওড়াবাসী	h a o̯ ɾ a b a ʃ iˑ
হাওড়াবাসী	h a o̯ ɹ a b a ʃ iˑ
হাওড়াবী	h a o̯ ɽ a b iˑ
হাওড়াবী	h a o̯ ɾ a b iˑ
হাওড়াবী	h a o̯ ɹ a b iˑ
হাওর	h ä o̯ ɾ
হাগা	h a ɡ aˑ
হাগা	h a ɡ aˑ
হাঙ্গামা	h a ŋ ɡ a m aˑ
হাঙ্গামা	h a ŋ ɡ a m aˑ
হাজং	h a d͡ʒ ɔ ŋ
হাজং	h a d ʑ ɔ ŋ
হাজার	h a d͡ʒ a ɾ
হাজার	h a d ʑ a ɹ
হাজারী	h a z a ɾ iˑ
হাজারী	h a z a ɹ iˑ
হাজির	h a d͡ʒ i ɾ
হাজির	h a d ʑ i ɾ
হাজ্জোড়	h a z̪̪ d͡ʒ o ɽ
হাজ্জোড়	h a d ʑː o ɹ
হাট	h a ʈ
হাট	h a t
হাড়	h a ɽ
হাড়	h a ɹ
হাডুডু	h a ɖ u ɖ uˑ
হাডুডু	h a d u d uˑ
হাণ্ডি	h a ɳ ɖ iˑ
হাণ্ডি	h a n d iˑ
হাণ্ডিয়া	h a ɳ ɖ i̯ aˑ
হাণ্ডিয়া	h a n d i̯ aˑ
হাত	h a t̪
হাত	h a t̪
হাতি	h a t̪ iˑ
হাতি	h a t̪ iˑ
হাতিয়ার	h a t̪ i̯ a ɾ
হাতিয়ার	h a t̪ i̯ a ɹ
হাতুড়ি	h a t̪ u ɽ iˑ
হাতুড়ি	h a t̪ u ɾ iˑ
হাতুড়ি	h a t̪ u ɹ iˑ
হাতুড়ী	h a t̪ u ɽ iˑ
হাতুড়ী	h a t̪ u ɾ iˑ
হাতুড়ী	h a t̪ u ɹ iˑ
হাদিয়া	h a d̪ i̯ aˑ
হাদিয়া	h a d̪ i̯ aˑ
হাদিস	h a d̪ i s
হাদিস	h a d̪ i s
হানা	h a n aˑ
হানা	h a n aˑ
হানাফী	h a n a f iˑ
হানাফী	h a n a f iˑ
হানিফ	h a n i f
হানিফ	h a n i f
হানুক্কা	h a n u kː aˑ
হানুক্কা	h a n u kː aˑ
হাফসা	h a f s aˑ
হাফসা	h a f s aˑ
হাফেজ	h a f e z
হাফেজ	h a f e z
হাবশি	h a b ʃ iˑ
হাবশি	h a b ʃ iˑ
হাবীব	h a b i b
হাবীব	h a b i b
হাভেলি	h a bʱ e l iˑ
হাভেলি	h a v e l iˑ
হাভেলি	h a bʱ e l iˑ
হাভেলি	h a v e l iˑ
হামছায়া	h a m t͡ʃʰ a e̯ aˑ
হামছায়া	h a m t ɕʰ a e̯ aˑ
হামদ	h a m d̪
হামদ	h a m d̪ oˑ
হামদ	h a m d̪
হামদ	h a m d̪ oˑ
হামদম	h a m ɔ d̪ o m
হামদম	h a m ɔ d̪ o m
হামদান	h a m d̪ a n
হামদান	h a m d̪ a n
হামলা	h a m l aˑ
হামলা	h a m l aˑ
হামসফর	h a m ʃ ɔ f ɔ ɾ
হামসফর	h a m ʃ ɔ f ɔ ɹ
হামসুরত	h a m ʃ u ɾ ɔ t̪
হামসুরত	h a m ʃ u ɹ ɔ t̪
হামানদিস্তা	h a m a n d̪ i s t̪ aˑ
হামানদিস্তা	h a m a n d̪ i s t̪ aˑ
হামানো	h a m a n oˑ
হামানো	h a m a n oˑ
হামিদ	h a m i d̪
হামিদ	h a m i d̪
হামিদা	h a m i d̪ aˑ
হামিদা	h a m i d̪ aˑ
হামেশা	h a m e ʃ aˑ
হামেশা	h a m e ʃ aˑ
হায়	h a e̯
হায়	h a e̯
হায়	h a e̯
হায়ওয়ান	h a e̯ o̯ a n
হায়ওয়ান	h a e̯ o̯ a n
হায়দরাবাদ	h a e̯ d̪ ɔ ɾ a b a d̪
হায়দরাবাদ	h a e̯ d̪ ɔ ɹ a b a d̪
হায়দ্রাবাদ	h a e̯ d̪ː ɾ a b a d̪
হায়দ্রাবাদ	h a e̯ d̪ː ɹ a b a d̪
হায়েনা	h a e̯ n aˑ
হায়েনা	h a e̯ n aˑ
হার	h aː ɾ
হার	h a ɾ
হার	h aː ɹ
হার	h a ɹ
হারা	h a r a
হারানো	h a r a n o
হারাম	h a ɾ a m
হারাম	h a ɹ a m
হারামজাদা	h a ɾ a m d͡ʒ a d̪ aˑ
হারামজাদা	h a ɹ a m d ʑ a d̪ aˑ
হারামী	h a ɾ a m iˑ
হারামী	h a ɹ a m iˑ
হারিকেন	h a ɾ i k e n
হারিকেন	h a ɹ i k e n
হারূন	h a ɾ u n
হারূন	h a ɹ u n
হার্মাদ	h a ɾ m a d̪
হার্মাদ	h a ɹ m a d̪
হাল	h a l
হাল	h a l
হালকা	h a l k aˑ
হালকা	h a l k aˑ
হালাক	h a l a k
হালাক	h a l a k
হালাল	h a l a l
হালাল	h a l a l
হালুয়া	h a l u̯ aˑ
হালুয়া	h a l u̯ aˑ
হাশি	h a ʃ iˑ
হাশি	h a ʃ iˑ
হাসন	h a s ɔ n
হাসন	h a ʃ ɔ n
হাসন	h a s ɔ n
হাসন	h a ʃ ɔ n
হাসপাতাল	h a ʃ p a t̪ a l
হাসপাতাল	h a ʃ p a t̪ a l
হাসা	h a ʃ aˑ
হাসা	h a ʃ aˑ
হাসান	h a s a n
হাসান	h a ʃ a n
হাসান	h a s a n
হাসান	h a ʃ a n
হাসানো	h a ʃ a n oˑ
হাসানো	h a ʃ a n oˑ
হাসি	h a ʃ iˑ
হাসি	h a ʃ iˑ
হাসিন	h a s i n
হাসিন	h a s i n
হিং	h i ŋ
হিং	h i ŋ
হিংসা	h i ŋ ʃ aˑ
হিংসা	h i ŋ ʃ aˑ
হিঙ	h i ŋ
হিঙ	h i ŋ
হিজড়া	h i d͡ʒ ɽ aˑ
হিজড়া	h i d͡ʒ ɾ aˑ
হিজড়া	h i d ʑ ɹ aˑ
হিটলার	h i ʈː l a ɾ
হিটলার	h i tː l a ɹ
হিড়িক	h i ɽ i k
হিড়িক	h i ɹ i k
হিতৈষী	h i t̪ o i̯ ʃ iˑ
হিতৈষী	h i t̪ o i̯ ʃ iˑ
হিতোপদেশ	h i t̪ o p o d̪ e ʃ
হিতোপদেশ	h i t̪ o p o d̪ e ʃ
হিন্দ	h i n d̪
হিন্দ	h i n d̪ oˑ
হিন্দ	h i n d̪
হিন্দ	h i n d̪ oˑ
হিন্দকী	h i n d̪ k iˑ
হিন্দকী	h i n d̪ k iˑ
হিন্দি	h i n d̪ iˑ
হিন্দি	h i n d̪ iˑ
হিন্দী	h i n d̪ iˑ
হিন্দী	h i n d̪ iˑ
হিন্দীয়া	h i n d̪ i̯ aˑ
হিন্দীয়া	h i n d̪ i̯ aˑ
হিন্দু	h i n d̪ uˑ
হিন্দু	h i n d̪ uˑ
হিন্দুত্ব	h i n d̪ u t̪ː oˑ
হিন্দুত্ব	h i n d̪ u t̪ː oˑ
হিন্দুধর্ম	h i n d̪ u d̪ʱ ɔ ɾ m oˑ
হিন্দুধর্ম	h i n d̪ u d̪ʱ ɔ ɹ m oˑ
হিন্দুস্তান	h i n d̪ u s t̪ a n
হিন্দুস্তান	h i n d̪ u s t̪ a n
হিব্রু	h i b ɾ uˑ
হিব্রু	h i b ɹ uˑ
হিম	h i m
হিম	h i m
হিমড়া	h i m ɾ aˑ
হিমড়া	h i m ɹ aˑ
হিমাচল	h i m a t͡ʃ ɔ l
হিমাচল	h i m a t ɕ ɔ l
হিমালয়	h i m ä l ɔ̜ e̯
হিয়া	h i̯ aˑ
হিয়া	h i̯ aˑ
হিয়ান	h i̯ a n
হিয়ান	h i̯ a n
হিসাব	h i ʃ a b
হিসাব	h i ʃ a b
হিসেব	h i ʃ e b
হিস্যা	h i s ʃ aˑ
হিস্যা	h i s ʃ aˑ
হিস্সা	h i s ʃ aˑ
হিস্সা	h i s ʃ aˑ
হীরা	h i ɾ aˑ
হীরা	h i ɹ aˑ
হুকুমত	h u k u m ɔ t̪
হুকুমত	h u k u m ɔ t̪
হুক্কা	h u kː aˑ
হুক্কা	h u kː aˑ
হুজুর	h u d͡ʒ u ɾ
হুজুর	h u d ʑ u ɹ
হুজুর	h u d̪ z u ɾ
হুজুর	h u z u ɹ
হুটকি	h u t k iˑ
হুটকি	h u t x iˑ
হুণ্ডি	h u ɳ ɖ iˑ
হুণ্ডি	h u n d iˑ
হুতাশন	h u t̪ a ʃ ɔ n
হুতাশন	h u t̪ a ʃ ɔ n
হুদা	h u d̪ aˑ
হুদা	h u d̪ aˑ
হুমকি	h u m k iˑ
হুমকি	h u m k iˑ
হুমায়রা	h u m a e̯ ɾ aˑ
হুমায়রা	h u m a e̯ ɹ aˑ
হুরইন	h u ɾ o i̯ n
হুরইন	h u ɹ o i̯ n
হুরইন	h u ɾ ɔ i n
হুরইন	h u ɹ ɔ i n
হুরইন	h u ɾ ɔ i n
হূদ	h u d̪
হূদ	h u d̪
হৃদপিণ্ড	h ɾ i d̪ p i ɳ ɖ oˑ
হৃদপিণ্ড	r i d̪ p i ɳ ɖ oˑ
হৃদপিণ্ড	h ɹ i d̪ p i n d oˑ
হৃদপিণ্ড	ɹ i d̪ p i n d oˑ
হৃদপিন্ড	h ɾ i d̪ p i ɳ ɖ oˑ
হৃদপিন্ড	r i d̪ p i ɳ ɖ oˑ
হৃদপিন্ড	h ɹ i d̪ p i n d oˑ
হৃদপিন্ড	ɹ i d̪ p i n d oˑ
হৃদয়	r i d̪ ɔ e̯
হৃদয়	ɦ ɾ i d̪ ɔ e̯
হৃদয়	r i d̪ ɔ e̯
হৃদয়	ɦ ɾ i d̪ ɔ e̯
হৃৎপিণ্ড	h ɾ i t̪ p i ɳ ɖ oˑ
হৃৎপিণ্ড	r i t̪ p i ɳ ɖ oˑ
হৃৎপিণ্ড	h ɹ i t̪ p i n d oˑ
হৃৎপিণ্ড	ɹ i t̪ p i n d oˑ
হৃৎপিন্ড	h ɾ i t̪ p i ɳ ɖ oˑ
হৃৎপিন্ড	r i t̪ p i ɳ ɖ oˑ
হৃৎপিন্ড	h ɹ i t̪ p i n d oˑ
হৃৎপিন্ড	ɹ i t̪ p i n d oˑ
হেঁচকা	h ẽ t͡ʃ k aˑ
হেঁচকা	h e t ɕ k aˑ
হেঁচকা	h ɛ t̪ s k aˑ
হেঁচকা	h ɛ s x aˑ
হেঁচকা	h ẽ s k aˑ
হেঁচকি	h ẽ t͡ʃ k iˑ
হেঁচকি	h e t ɕ k iˑ
হেঁচকি	h ɛ t̪ s k iˑ
হেঁচকি	h ɛ s x iˑ
হেঁচকি	h ẽ s k iˑ
হেঁতাল	h ẽ t̪ a l
হেঁতাল	h e t̪ a l
হেঁয়ালি	h e e̯ a l iˑ
হেঁয়ালি	h ẽ e̯ a l iˑ
হেঁয়ালি	h e e̯ a l iˑ
হেঁয়ালি	h e e̯ a l iˑ
হেকারত	h e k a ɾ ɔ t̪
হেকারত	h e k a ɹ ɔ t̪
হেজাজ	h e d͡ʒ a z
হেজাজ	h e d ʑ a z
হেদায়েত	h e d̪ a e̯ t̪
হেদায়েত	h e d̪ a e̯ t̪
হেনা	h e n aˑ
হেনা	h e n aˑ
হেফাজত	h e f a z o t̪
হেফাজত	h e f a z o t̪
হেবা	h e b aˑ
হেবা	h e b aˑ
হেমন্ত	h e m o n t̪ oˑ
হেমন্ত	h e m o n t̪ oˑ
হেরিকেন	h e ɾ i k e n
হেরিকেন	h æ ɾ i k e n
হেরিকেন	h e ɹ i k e n
হেরিকেন	h ɛ ɹ i k e n
হোক	h o k
হোক	h o k
হোটেল	h o ʈ e l
হোটেল	h o t e l
হোম	h o m
হোম	h o m
হোয়াটসঅ্যাপ	h o̯ a ʈ s e̯ a p
হোয়াটসঅ্যাপ	h o̯ a t s e̯ a p
হোরা	h o ɾ aˑ
হোরা	h o ɹ aˑ
হোল	h o l
হোল	h o l
হোলি	h o l iˑ
হোলি	h o l iˑ
হোসেন	h o s e n
হোসেন	h o ʃ e n
হোসেন	h o s e n
হোসেন	h o ʃ e n
হ্ব	h oˑ
হ্ব	h oˑ
হ্যাঁ	h æ̃ˑ
হ্যাঁ	h æ̃ˑ
হ্যাঁ	h æ̃ˑ
হ্যাঁ	h æ̃ˑ
হ্যাঁ	h æ̃ˑ
হ্যাডম	h æ ɖ o m
হ্যাডম	h ɛ d o m
হ্যানয়	h æ n ɔ e̯
হ্যানয়	h ɛ n ɔ e̯
হ্যারিকেন	h æ ɾ i k e n
হ্যারিকেন	h e ɾ i k e n
হ্যারিকেন	h ɛ ɹ i k e n
হ্যারিকেন	h e ɹ i k e n
হ্যালো	h æ l oˑ
হ্যালো	h æ l ɔˑ
হ্যালো	h æ l oˑ
হ্যালো	h æ l ɔˑ
হ্যালো	h æ l oˑ
হ্যালো	h æ l ɔˑ
হ্রদ	h ɾ ɔ d̪
হ্রদ	h ɹ ɔ d̪
হ্রস্ব	h ɾ ɔ ʃː oˑ
হ্রস্ব	h ɹ ɔ ʃː oˑ
হ্রস্বীকরণ	h ɾ ɔ ʃː i k ɾ o n
হ্রস্বীকরণ	h ɹ ɔ ʃː i k ɹ o n
