'türlich	t ʏ l ɪ ç
'türlich	tʰ yː ɐ̯ l ɪ ç
'türlich	tʰ ʏ l ɪ ç
AE	aː eː
ASEAN	æ s ɪ æ n
Aach	aː χ
Aachen	ʔ aː χ n̩
Aak	aː k
Aal	ʔ aː l
Aalbeere	aː l b eː r ə
Aalbeere	aː l b eː ʁ ə
Aalener	aː l ə n ɐ
Aalenerin	aː l ə n ə ʁ ɪ n
Aalenerinnen	aː l ə n ə ʁ ɪ n ə n
Aalmutter	ʔ aː l m ʊ tʰ ɐ
Aalmuttern	ʔ aː l m ʊ tʰ ɐ n
Aare	aː ʁ ə
Aargauer	aː ɐ̯ ɡ a ʊ̯ ɐ
Aargauerin	aː ɐ̯ ɡ a ʊ̯ ə ʁ ɪ n
Aargauerinnen	aː ʁ ɡ a ʊ̯ ə ʁ ɪ n ə n
Aaron	aː ʁ ɔ n
Aaron	ʔ aː ʀ ɔ n
Aasfliege	aː s f l iː ɡ ə
Abakus	a b a k ʊ s
Abalone	a b a l oː n ə
Abart	a p ʔ aː ɐ̯ tʰ
Abart	a p ʔ aː ʁ tʰ
Abartigkeit	a p aː ɐ̯ t ɪ ç k a ɪ̯ t
Abasie	a b a z iː
Abbaggerung	ʔ a p b a ɡ ə ʀ ʊ ŋ
Abbau	a p b a ʊ̯
Abbauen	ʔ a p b a ʊ̯ ə n
Abbaugeschwindigkeit	ʔ a p b a ʊ̯ ɡ ə ʃ v ɪ n d ɪ k k a ɪ̯ t
Abbaugeschwindigkeit	ʔ a p b a ʊ̯ ɡ ə ʃ v ɪ n d ɪ ç k a ɪ̯ t
Abbaugeschwindigkeiten	ʔ a p b a ʊ̯ ɡ ə ʃ v ɪ n d ɪ k k a ɪ̯ t ə n
Abbaugeschwindigkeiten	ʔ a p b a ʊ̯ ɡ ə ʃ v ɪ n d ɪ ç k a ɪ̯ t ə n
Abbauort	a p b a ʊ̯ ʔ ɔ ʁ t
Abbauprozess	a p b a ʊ̯ p ʁ o t͡s ɛ s
Abbestellen	ʔ a p b̥ ə ʃ t ɛ l̩ n
Abbesteller	ʔ a p b ə ʃ t ɛ l ɐ
Abbestellerin	ʔ a p b ə ʃ t ɛ l ə ʀ ɪ n
Abbiegen	a p b iː ɡ n̩
Abbiegen	a p b iː ɡ ŋ̩
Abbiegens	a p b iː ɡ n̩ s
Abbiegens	a p b iː ɡ ŋ̩ s
Abbild	a p b ɪ l t
Abbildung	ʔ a p̚ b̥ ɪ l d ʊ ŋ
Abbildungsfreiheit	a p b ɪ l d ʊ ŋ s f ʁ a ɪ̯ h a ɪ̯ t
Abbildungstechnologie	ʔ a p̚ b̥ ɪ l d ʊ ŋ s tʰ ɛ ç n o l o ɡ iː
Abbindegeschwindigkeit	ʔ a p b ɪ n d ə ɡ ə ʃ v ɪ n d ɪ k k a ɪ̯ t
Abbindegeschwindigkeit	ʔ a p b ɪ n d ə ɡ ə ʃ v ɪ n d ɪ ç k a ɪ̯ t
Abbindegeschwindigkeiten	ʔ a p b ɪ n d ə ɡ ə ʃ v ɪ n d ɪ k k a ɪ̯ t ə n
Abbindegeschwindigkeiten	ʔ a p b ɪ n d ə ɡ ə ʃ v ɪ n d ɪ ç k a ɪ̯ t ə n
Abbinden	ʔ a p b ɪ n d n̩
Abbitte	ʔ a p b ɪ tʰ ə
Abbitten	ʔ a p b ɪ tʰ n̩
Abbitten	ʔ a p b ɪ tʰ ə n
Abbitten	ʔ a p b ɪ ʔ n̩
Abblitzen	a p b l ɪ t͡s n̩
Abblocken	a p b l ɔ k n̩
Abblocken	a p b l ɔ k ŋ̩
Abblockens	a p b l ɔ k n̩ s
Abblockens	a p b l ɔ k ŋ̩ s
Abbrecherin	ʔ a p b ʁ ɛ ç ə ʀ ɪ n
Abbrecherinnen	ʔ a p b ʁ ɛ ç ə ʁ ɪ n ə n
Abbremsen	a p b ʁ ɛ m z n̩
Abbremsens	a p b ʁ ɛ m z n̩ s
Abbuchung	a p b uː x ʊ ŋ
Abdach	a p d a x
Abdaches	a p d a x ə s
Abdachs	a p d a x s
Abdanken	a p d a ŋ k n̩
Abdanken	a p d a ŋ k ŋ̩
Abdankens	a p d a ŋ k n̩ s
Abdankens	a p d a ŋ k ŋ̩ s
Abdankung	ʔ a p d a ŋ k ʊ ŋ
Abdecken	a p d ɛ k n̩
Abdecken	a p d ɛ k ŋ̩
Abdeckens	a p d ɛ k n̩ s
Abdeckens	a p d ɛ k ŋ̩ s
Abdeckungen	a p d ɛ k ʊ ŋ ə n
Abdichten	a p d ɪ ç t n̩
Abdichtens	a p d ɪ ç t n̩ s
Abdrehen	a p d r eː ə n
Abdruck	ʔ a p d ʁ ʊ kʰ
Abdrucken	a p d ʁ ʊ k n̩
Abdrucken	a p d ʁ ʊ k ŋ̩
Abdruckens	a p d ʁ ʊ k n̩ s
Abdruckens	a p d ʁ ʊ k ŋ̩ s
Abdrücken	a p d ʁ ʏ k n̩
Abdächer	a p d ɛ ç ɐ
Abendblatt	aː b n̩ t b l a t
Abendessen	ʔ aː b ə n t ʔ ɛ s n̩
Abendgebet	aː b n̩ t ɡ ə b eː t
Abendkleid	aː b n̩ t k l a ɪ̯ t
Abendland	aː b n̩ t l a n t
Abendlichts	a b n̩ t l ɪ ç t͡s
Abendliedes	aː b n̩ t l iː d ə s
Abendmahlzeit	aː b ə n t m aː l t͡s a ɪ̯ t
Abendrot	aː b ə n d̥ r oː t
Abendrunde	aː b m̩̩ t ʁ ʊ n d ə
Abendrunde	aː b n̩ t ʁ ʊ n d ə
Abendstern	aː b n̩ t ʃ t ɛ ʁ n
Abendvorstellung	aː b n̩ t f oː ɐ̯ ʃ t ɛ l ʊ ŋ
Abenteuer	aː b m̩ t ɔ ʏ̯ ɐ
Abenteuer	aː b ə n t ɔ ʏ̯ ɐ
Abernten	a p ʔ ɛ ʁ n t n̩
Abernter	ʔ a p ʔ ɛ ʁ n t ɐ
Abfahrt	ʔ a p f aː t
Abfahrt	ʔ a p f aː ɐ̯ t
Abfahrtstafel	a p f aː ɐ̯ t͡s t aː f l̩
Abfall	a p f a l
Abfasserin	ʔ a p f a s ə ʀ ɪ n
Abfasserinnen	ʔ a p f a s ə ʀ ɪ n ə n
Abfertigen	a p f ɛ ʁ t ɪ ɡ n̩
Abfertigen	a p f ɛ ʁ t ɪ ɡ ŋ̩
Abfertigens	a p f ɛ ʁ t ɪ ɡ n̩ s
Abfertigens	a p f ɛ ʁ t ɪ ɡ ŋ̩ s
Abfertigung	ʔ a p f ɛ ɐ̯ tʰ i ɡ ʊ ŋ
Abfeuerung	ʔ a p f ɔ ʏ̯ ɐ ʁ ʊ ŋ
Abfindung	ʔ a p f ɪ n d ʊ ŋ
Abfliegen	a p f l iː ɡ n̩
Abfliegen	a p f l iː ɡ ŋ̩
Abfliegens	a p f l iː ɡ n̩ s
Abfliegens	a p f l iː ɡ ŋ̩ s
Abflugbereich	ʔ a p f l uː k b ə ʁ a ɪ̯ ç
Abflugbereiche	ʔ a p f l uː k b ə ʁ a ɪ̯ ç ə
Abflugbereiches	ʔ a p f l uː k b ə ʁ a ɪ̯ ç ə s
Abflugbereichs	ʔ a p f l uː k b ə ʁ a ɪ̯ ç s
Abfluggeschwindigkeit	ʔ a p f l uː k ɡ ə ʃ v ɪ n d ɪ k k a ɪ̯ t
Abfluggeschwindigkeit	ʔ a p f l uː k ɡ ə ʃ v ɪ n d ɪ ç k a ɪ̯ t
Abfluggeschwindigkeiten	ʔ a p f l uː k ɡ ə ʃ v ɪ n d ɪ k k a ɪ̯ t ə n
Abfluggeschwindigkeiten	ʔ a p f l uː k ɡ ə ʃ v ɪ n d ɪ ç k a ɪ̯ t ə n
Abflugzeit	ʔ a p f l uː k t s a ɪ̯ tʰ
Abfluss	ʔ a p f l ʊ s
Abfolge	ʔ a p f ɔ l ɡ ə
Abfrager	a p f ʁ aː ɡ ɐ
Abfragerin	a p f ʁ aː ɡ ə ʀ ɪ n
Abfärben	a p f ɛ ʁ b n̩
Abführung	a p f yː ʁ ʊ ŋ
Abgabe	ʔ a p ɡ aː b ə
Abgang	ʔ a p ɡ a ŋ
Abgas	a p ɡ aː s
Abgasfahne	a p ɡ aː s f aː n ə
Abgasstrahl	a p ɡ aː s ʃ t r aː l
Abgeben	a p ɡ eː b m̩̩
Abgeben	a p ɡ eː b n̩
Abgebens	a p ɡ eː b m̩̩ s
Abgebens	a p ɡ eː b n̩ s
Abgott	ʔ a p ɡ ɔ tʰ
Abgraben	ʔ a p ɡ ʁ aː b n̩
Abgrenzung	ʔ a p ɡ ʁ ɛ n t s ʊ ŋ
Abhalten	ʔ a p h a l t n̩
Abhalten	ʔ a p h a l t ə n
Abhang	a p h a ŋ
Abheben	ʔ a p h eː b m̩
Abheberin	ʔ a p h eː b ə ʀ ɪ n
Abholen	ʔ a p h oː l n̩
Abholer	ʔ a p h oː l ɐ
Abholerin	ʔ a p h oː l ə ʀ ɪ n
Abholerinnen	a p h oː l ə ʁ ɪ n ə n
Abholzung	ʔ a p h ɔ l t s ʊ ŋ
Abhören	ʔ a p h œ ɐ̯ n
Abhörerin	ʔ a p h øː r ə ʀ ɪ n
Abhörerinnen	a p h øː r ə ʁ ɪ n ə n
Abitur	a b i t uː ɐ̯
Abkehr	a p k eː ɐ̯
Abklatsch	a p k l a t ʃ
Abklingen	ʔ a p k l ɪ ŋ n̩
Abklärerin	ʔ a p k l ɛː ʁ ə ʀ ɪ n
Abklärungen	ʔ a p k l ɛː ʁ ʊ ŋ ə n
Ablader	ʔ a p l aː d ɐ
Ablauf	ʔ a p l a ʊ̯ f
Ablaufdatum	a p l a ʊ̯ f d aː t ʊ m
Ablaut	ʔ a p l a ʊ̯ tʰ
Ablehnung	ʔ a p l eː n ʊ ŋ
Ableiten	ʔ a p l a ɪ̯ t n̩
Ableiten	ʔ a p l a ɪ̯ t ə n
Ableiter	ʔ a p l a ɪ̯ t ɐ
Ablöse	a p l øː z ə
Abmachung	ʔ a p m a χ ʊ ŋ
Abmessen	ʔ a p m ɛ s n̩
Abmischen	a p m ɪ ʃ n̩
Abmäher	ʔ a p m ɛː ɐ
Abmäherin	ʔ a p m ɛː ə ʀ ɪ n
Abmäherinnen	ʔ a p m ɛː ə ʀ ɪ n ə n
Abnahme	ʔ a p n aː m ə
Abnippeln	a p n ɪ p l̩ n
Abnutzung	ʔ a p n ʊ t s ʊ ŋ
Abnutzungskrieg	ʔ a p n ʊ t s ʊ ŋ s k ʁ iː k
Abonnement	a b ɔ n m ɑ̃ː
Abonnement	a b ɔ n ə m ɑ̃ː
Abonnement	a b ɔ n ə m ɛ n t
Abonnierer	a b ɔ n iː ʁ ɐ
Abonniererin	a b ɔ n iː ʁ ə ʁ ɪ n
Abonniererinnen	a b ɔ n iː ʁ ə ʁ ɪ n ə n
Abpressen	ʔ ɛ a p p ʁ ɛ s n̩
Abputzen	ʔ a p p ʊ t s ə n
Abputzer	ʔ a p p ʊ t s ɐ
Abputzerin	ʔ a p p ʊ t s ə ʀ ɪ n
Abregen	ʔ a p ʁ eː ɡ n̩
Abreibung	a p ʀ a ɪ̯ b ʊ ŋ
Abreißerin	ʔ a p ʁ a ɪ̯ s ə ʀ ɪ n
Abreißerinnen	ʔ a p ʁ a ɪ̯ s ə ʁ ɪ n ə n
Abreißkalender	a p ʁ a ɪ̯ s k a l ɛ n d ɐ
Abruf	a p ʁ uː f
Abrufe	a p ʁ uː f ə
Abrunden	ʔ a p ʁ ʊ n d n̩
Abruzzen	ʔ a b ʁ ʊ t͡s n̩
Abräumer	ʔ a p ʁ ɔ ʏ̯ m ɐ
Abräumerin	ʔ a p ʁ ɔ ʏ̯ m ə ʀ ɪ n
Abrücken	a p ʁ ʏ k n̩
Absage	ʔ a p s aː ɡ ə
Absatzerwartung	a p z a t͡s ʔ ɛ ɐ̯ v a ʁ t ʊ ŋ
Absatzstrategie	a p z a t͡s s t ʁ a t ə ɡ iː
Absatzzusage	a p z a t͡s t͡s uː z aː ɡ ə
Abschaffung	ʔ a p ʃ a f ʊ ŋ
Abschattung	ʔ a p ʃ a t ʊ ŋ
Abscheiden	a p ʃ a ɪ̯ d n̩
Abschiedsbrief	a p ʃ iː t͡s b ʀ iː f
Abschiedsgeschenk	a p ʃ iː t͡s ɡ ə ʃ ɛ ŋ k
Abschiedsvorstellung	a p ʃ iː t s f oː ɐ̯ ʃ t ɛ l ʊ ŋ
Abschiessen	ʔ a p ʃ iː s n̩
Abschiesser	ʔ a p ʃ iː s ɐ
Abschießen	a p ʃ iː s n̩
Abschießer	ʔ a p ʃ iː s ɐ
Abschießerin	ʔ a p ʃ iː s ə ʀ ɪ n
Abschießerinnen	ʔ a p ʃ iː s ə ʁ ɪ n ə n
Abschirmung	ʔ a p ʃ ɪ ɐ̯ m ʊ ŋ
Abschlag	ʔ a p ʃ l aː kʰ
Abschleifen	a p ʃ l a ɪ̯ f n̩
Abschleifer	a p ʃ l a ɪ̯ f ɐ
Abschleiferin	a p ʃ l a ɪ̯ f ə ʀ ɪ n
Abschleppwagen	ʔ a p ʃ l ɛ p v aː ɡ ŋ̩
Abschliesser	ʔ a p ʃ l iː s ɐ
Abschliesserin	ʔ a p ʃ l iː s ə ʀ ɪ n
Abschließer	ʔ a p ʃ l iː s ɐ
Abschließerin	ʔ a p ʃ l iː s ə ʀ ɪ n
Abschließerinnen	ʔ a p ʃ l iː s ə ʀ ɪ n ə n
Abschluss	ʔ a p ʃ l ʊ s
Abschlusskundgebung	ʔ a p ʃ l ʊ s k ʊ n t ɡ eː b ʊ ŋ
Abschlusskundgebungen	ʔ a p ʃ l ʊ s k ʊ n t ɡ eː b ʊ ŋ ə n
Abschlußkundgebung	ʔ a p ʃ l ʊ s k ʊ n t ɡ eː b ʊ ŋ
Abschnitt	ʔ a p ʃ n ɪ tʰ
Abschottung	ʔ a p ʃ ɔ tʰ ʊ ŋ
Abschrauben	a p ʃ ʁ a ʊ̯ b m̩
Abschrauben	a p ʃ ʁ a ʊ̯ b n̩
Abschreckungswaffe	a p ʃ ʁ ɛ k ʊ ŋ s v a f ə
Abschreckungswaffen	a p ʃ ʁ ɛ k ʊ ŋ s v a f n̩
Abschreckungswaffen	a p ʃ ʁ ɛ k ʊ ŋ s v a f ɱ̩
Abschreibung	ʔ a p ʃ ʁ a ɪ̯ b ʊ ŋ
Abschussrampe	a p ʃ ʊ s ʁ a m p ə
Abschussrampen	a p ʃ ʊ s ʁ a m p ə n
Abschwung	ʔ a p ʃ v ʊ ŋ
Abschätzen	a p ʃ ɛ t͡s n̩
Abschätzung	a p ʃ ɛ t͡s ʊ ŋ
Abschätzungen	a p ʃ ɛ t͡s ʊ ŋ ə n
Abschöpfen	ʔ a p ʃ œ p͡f n̩
Absenden	a p z ɛ n d n̩
Absenkung	a p z ɛ ŋ k ʊ ŋ
Absetzbetrag	a p z ɛ t͡s b ə t ʀ aː k
Absetzbetrages	a p z ɛ t͡s b ə t ʁ aː ɡ ə s
Absetzbetrags	a p z ɛ t͡s b ə t ʁ aː k s
Absetzbeträge	a p z ɛ t͡s b ə t ʁ ɛː ɡ ə
Absetzung	a p z ɛ t͡s ʊ ŋ
Absetzungen	a p z ɛ t͡s ʊ ŋ ə n
Absicherer	ʔ a p z ɪ ç ə ʁ ɐ
Absicherung	a p z ɪ ç ə ʁ ʊ ŋ
Absicherungsstrategie	a p z ɪ ç ə ʁ ʊ ŋ s ʃ t ʁ a t e ɡ iː
Absicht	a p z̥ ɪ ç t
Absichtlichkeit	a p z ɪ ç t l ɪ ç k a ɪ̯ t
Absichtlichkeiten	a p z ɪ ç t l ɪ ç k a ɪ̯ t n̩
Absiedeln	ʔ a p z iː d l̩ n
Absolutismus	a p z o l u t ɪ s m ʊ s
Abspielen	ʔ a p ʃ p iː l n̩
Abspielen	ʔ a p ʃ p iː l ə n
Abspieler	ʔ a p ʃ p iː l ɐ
Abspielgerät	a p ʃ p iː l ɡ ə ʁ ɛː t
Abspielgeschwindigkeit	a p ʃ p iː l ɡ ə ʃ v ɪ n d ɪ ç k a ɪ t
Abspielgeschwindigkeiten	a p ʃ p iː l ɡ ə ʃ v ɪ n d ɪ ç k a ɪ t ə n
Abspringen	ʔ a p ʃ p ʁ ɪ ŋ n̩
Abspringer	a p ʃ p ʁ ɪ ŋ ɐ
Abstimmungsverhalten	a p ʃ t ɪ m ʊ ŋ s f ɛ ɐ̯ h a l t n̩
Abstoßer	ʔ a p ʃ t oː s ɐ
Abstrafung	a p ʃ t ʀ aː f ʊ ŋ
Abstraktum	a p s t ʀ a k t ʊ m
Abstreitbarkeit	a p ʃ t ʁ a ɪ̯ t b aː ɐ̯ k a ɪ̯ t
Absturz	ʔ a p ʃ t ʊ ɐ̯ t s
Absuchen	ʔ a p z uː x n̩
Absucherin	ʔ a p z uː x ə ʁ ɪ n
Absucherinnen	ʔ a p z uː x ə ʁ ɪ n ə n
Abszisse	a p s t͡s ɪ s ə
Abtragen	ʔ a p t ʁ aː ɡ ŋ̩
Abtragen	ʔ a p t ʁ aː ɡ ə n
Abtreibungsbefürworterin	a p t ʀ a ɪ̯ b ʊ ŋ s b ə f yː ɐ̯ v ɔ ʁ ə ʁ ɪ n
Abtreibungsgegnerin	a p t ʁ a ɪ̯ b ʊ ŋ s ɡ eː ɡ n ə ʁ ɪ n
Abtreibungsgesetz	a p t ʁ a ɪ̯ b ʊ ŋ s ɡ ə z ɛ t͡s
Abtreibungsrecht	a p t ʁ a ɪ̯ b ʊ ŋ s ʁ ɛ ç t
Abtrennung	ʔ a p t ʁ ɛ n ʊ ŋ
Abtretung	a p t ʁ eː t ʊ ŋ
Abtun	ʔ a p t uː n
Abwanderung	ʔ a p v a n d ɐ ʁ ʊ ŋ
Abwasser	ʔ a p v a s ɐ
Abwasseranlage	ʔ a p v a s ɐ ʔ a n l aː ɡ ə
Abwehr	a p v eː ɐ̯
Abweichung	ʔ a p v a ɪ̯ ç ʊ ŋ
Abwracken	ʔ a p v ʁ a k ŋ̍
Abwärtstrend	a p v ɛ ʁ t͡s t ʁ ɛ n t
Abwürgen	a p v ʏ r ɡ n̩
Abwürger	a p v ʏ r ɡ ɐ
Abzeichner	ʔ a p t͡s a ɪ̯ ç n ɐ
Abzählen	a p t͡s ɛː l ə n
Abzähler	a p t͡s ɛː l ɐ
Abzäunen	a p t͡s ɔ ɪ̯ n ə n
Abzäuner	a p t͡s ɔ ɪ̯ n ɐ
Abänderungsklage	a p ʔ ɛ n d ə ʁ ʊ ŋ s k l aː ɡ ə
Accise	a k t͡s iː z ə
Acetat	a t͡s e t aː t
Aceton	a t͡s ə t oː n
Acetyl	a t͡s e t yː l
Acetylcholin	a t͡s e t yː l k o l iː n
Acetylcholin	a t͡s e t yː l ç o l iː n
Acetylcholins	a t͡s e t yː l k o l iː n s
Acetylcholins	a t͡s e t yː l ç o l iː n s
Acetylen	a t͡s e t y l eː n
Acetylgruppe	a t͡s e t y l ɡ ʁ ʊ p ə
Acetyls	a t͡s e t yː l s
Acetylsäure	a t͡s e t yː l z ɔ ɪ̯ ʁ ə
Achat	a x aː t
Achenbach	a ç n̩ b a χ
Achenbacher	a ç n̩ b a x ɐ
Achenbacherin	a ç n̩ b a x ə ʁ ɪ n
Achenbacherinnen	a ç n̩ b a x ə ʁ ɪ n ə n
Achenbachers	a ç n̩ b a x ɐ s
Achenbachs	a ç n̩ b a χ s
Achill	a x ɪ l
Achilleus	a x ɪ l ɔ ɪ̯ s
Achse	ʔ a k s ə
Acht	ʔ a χ t
Achtel	a x t l̩
Achtelfinale	ʔ a χ t l̩ f i n aː l ə
Achterl	a x t ɐ l
Achterteil	ʔ a χ t ɐ t a ɪ̯ l
Achtfüßer	a x t f yː s ɐ
Achtfüßers	a x t f yː s ɐ s
Achtjährigen	a x t j ɛː ʁ ɪ ɡ n̩
Achtjähriger	a x t j ɛː ʁ ɪ ɡ ɐ
Achttausendstel	ɑ x t t a ʊ z n̩ t͡s t ɮ̩̻
Achtunddreißigjährige	a x t ʊ n t d ʁ a ɪ̯ s ɪ ç j ɛː ʁ ɪ ɡ ə
Achtunddreißigjährigen	a x t ʊ n t d ʁ a ɪ̯ s ɪ ç j ɛː ʁ ɪ ɡ ə n
Achtunddreißigjähriger	a x t ʊ n t d ʁ a ɪ̯ s ɪ ç j ɛː ʁ ɪ ɡ ɐ
Achtundvierzigjährigen	a x t ʊ n t f ɪ ɐ̯ t͡s ɪ ç j ɛː ʁ ɪ ɡ ə n
Achtundzwanzigjährige	a x t ʊ n t͡s v a n t͡s ɪ ç j ɛː ʁ ɪ ɡ ə
Achtundzwanzigjährigen	a x t ʊ n t͡s v a n t͡s ɪ ç j ɛː ʁ ɪ ɡ ə n
Achtundzwanzigjähriger	a x t ʊ n t͡s v a n t͡s ɪ ç j ɛː ʁ ɪ ɡ ɐ
Achtung	ʔ a χ t ʊ ŋ
Achtung	ʔ a χ t ʊ ŋ k
Achtungserfolg	ʔ a χ t ʊ ŋ k s ʔ ɛ ɐ̯ f ɔ l k
Achtungserfolg	ʔ a χ t ʊ ŋ s ʔ ɛ ɐ̯ f ɔ l k
Achtungserfolgen	a x t ʊ ŋ s ʔ ɛ ɐ̯ f ɔ l ɡ n̩
Achtungserfolgen	a x t ʊ ŋ s ʔ ɛ ɐ̯ f ɔ l ɡ ŋ̩
Achtzehnjährige	a x t͡s eː n j ɛː ʁ ɪ ɡ ə
Achtzehnjährigen	a x t͡s eː n j ɛː ʁ ɪ ɡ n̩
Achtzehnjährigen	a x t͡s eː n j ɛː ʁ ɪ ɡ ə n
Achtzehnjähriger	a x t͡s eː n j ɛː ʁ ɪ ɡ ɐ
Achtzehntel	a x t͡s eː n t l̩
Achtzehntels	a x t͡s eː n t l̩ s
Achtzigtausendstel	ɑ x t s ɪ k t a ʊ z n̩ t͡s t ɮ̩
Achtzigtausendstel	ɑ x t s ɪ k t a ʊ z n̩ t͡s t ɮ̩̻
Achtzigtausendstel	ɑ x t s ɪ ç t a ʊ z n̩ t͡s t ɮ̩̻
Ackerland	a k ɐ l a n t
Ackerschachtelhalm	a k ɐ ʃ a x t l̩ h a l m
Ade	a d eː
Adel	aː d l̩
Adelsheimer	aː d l̩ s h a ɪ̯ m ɐ
Adelsheimerin	aː d l̩ s h a ɪ̯ m ə ʁ ɪ n
Adelsheimerinnen	aː d l̩ s h a ɪ̯ m ə ʁ ɪ n ə n
Adelsheimers	aː d l̩ s h a ɪ̯ m ɐ s
Adelsheims	aː d l̩ s h a ɪ̯ m s
Adelsname	ʔ aː d l̩ s n aː m ə
Adelsname	ʔ aː d l̩ t s n aː m ə
Adelsnamen	aː d l̩ s n aː m ə n
Adelsnamens	aː d l̩ s n aː m ə n s
Adenau	aː d ə n a ʊ̯
Adenauer	aː d ə n a ʊ̯ ɐ
Adenauerin	aː d ə n a ʊ̯ ə ʁ ɪ n
Adenauers	aː d ə n a ʊ̯ ɐ s
Adenaus	aː d ə n a ʊ̯ s
Adige	aː d i d͡ʒ e
Adler	ʔ aː d l ɐ
Adler	ʔ aː t l ɐ
Adlerfarn	aː d l ɐ f a ɐ̯ n
Adlerfarn	aː d l ɐ f a ʁ n
Adlerfarne	aː d l ɐ f a ʁ n ə
Adlerfarnes	aː d l ɐ f a ʁ n ə s
Adlerfarns	aː d l ɐ f a ʁ n s
Adlerhorst	aː d l ɐ h ɔ ʁ s t
Adlerjunges	ʔ aː d l ɐ j ʊ ŋ ə s
Adlernest	ʔ aː d l ɐ n ɛ s t
Adlernester	ʔ aː d l ɐ n ɛ s t ɐ
Adlernestes	ʔ aː d l ɐ n ɛ s t ə s
Adlernests	ʔ aː d l ɐ n ɛ s t s
Adlwang	aː d l̩ v a ŋ
Adlwanger	ʔ aː d l̩ v a ŋ ɐ
Adlwangerin	ʔ aː d l̩ v a ŋ ə ʁ ɪ n
Adlwangerinnen	ʔ aː d l̩ v a ŋ ə ʁ ɪ n ə n
Adlwangers	ʔ aː d l̩ v a ŋ ɐ s
Adlwangs	aː d l̩ v a ŋ s
Adrian	ʔ aː d ʁ i aː n
Adriane	ʔ a d ʁ i aː n ə
Adrianen	ʔ a d ʁ i aː n ə n
Adrians	ʔ a d ʁ i aː n s
Adstrat	a t s t ʁ aː t
Adstringens	a t s t r ɪ ŋ ɡ ɛ n s
Adventismus	a t v ɛ n t ɪ s m ʊ s
Adverbs	a t v ɛ ʁ p s
Aerobic	ɛ ʀ oː b ɪ k
Aerophobie	a e ʀ o f o b iː
Aerosolbombe	a e ʁ o z oː l b ɔ m b ə
Affe	a f ə
Affen	a f n̩
Affenjacke	ʔ a f ə n j a k ə
Affäre	ʔ a f ɛː ʁ ə
Agathe	a ɡ aː t ə
Agentin	a ɡ ɛ n t ɪ n
Agentinnen	a ɡ ɛ n t ɪ n ə n
Agio	aː d͡ʒ o
Agio	aː ʒ i̯ o
Agioteur	a ɡ i o t øː ɐ̯
Agrargesellschaft	a ɡ ʁ aː ɐ̯ ɡ ə z ɛ l ʃ a f t
Ahle	aː l ə
Ahndung	ʔ aː n d ʊ ŋ
Ahnin	aː n ɪ n
Ahornblatt	aː h ɔ ʁ n b l a t
Ahornblättchen	aː h ɔ ʁ n b l ɛ t ç n̩
Ahornblättchens	aː h ɔ ʁ n b l ɛ t ç n̩ s
Ahr	ʔ aː
Ahr	ʔ aː ɐ̯
Ahr	ʔ aː ʁ
Ahrdorf	aː ɐ̯ d ɔ ɐ̯ f
Ahrdorfer	aː ɐ̯ d ɔ ɐ̯ f ɐ
Ahrdorferin	aː ɐ̯ d ɔ ɐ̯ f ə ʁ ɪ n
Ahrdorferinnen	aː ɐ̯ d ɔ ɐ̯ f ə ʁ ɪ n ə n
Ahrdorfers	aː ɐ̯ d ɔ ɐ̯ f ɐ s
Ahrdorfs	aː ɐ̯ d ɔ ɐ̯ f s
Ahrensburger	aː ʁ ə n s b ʊ ʁ ɡ ɐ
Ahrensburgerin	aː ʁ ə n s b ʊ ʁ ɡ ə ʁ ɪ n
Ahrensburgerinnen	aː ʁ ə n s b ʊ ʁ ɡ ə ʁ ɪ n ə n
Ahrensburgers	aː ʁ ə n s b ʊ ʁ ɡ ɐ s
Ahrweilerin	aː ɐ̯ v a ɪ̯ l ə ʁ ɪ n
Aiblinger	a ɪ̯ b l ɪ ŋ ɐ
Aiblingerin	a ɪ̯ b l ɪ ŋ ə ʁ ɪ n
Aiblingerinnen	a ɪ̯ b l ɪ ŋ ə ʁ ɪ n ə n
Aiblingers	a ɪ̯ b l ɪ ŋ ɐ s
Aichacher	a ɪ̯ ç a x ɐ
Aichacherin	a ɪ̯ ç a x ə ʁ ɪ n
Aichacherinnen	a ɪ̯ ç a x ə ʁ ɪ n ə n
Aichachers	a ɪ̯ ç a x ɐ s
Airbag	ʔ ɛ ɐ̯ b ɛ k
Airbag	ʔ ɛː ɐ̯ b ɛ k
Akademieausgabe	a k a d e m iː a ʊ̯ s ɡ aː b ə
Akademiker	a k a d eː m ɪ k ɐ
Akkord	a k ɔ ʁ t
Akkreditierung	a k ʁ e d i t iː ʁ ʊ ŋ
Akrolekt	a k ʀ o l ɛ k t
Aktenkoffer	ʔ ä k t n̩ k ɔ f ɐ
Aktenordner	a k t n̩ ʔ ɔ ʁ d n ɐ
Aktentasche	ʔ ä k t n̩ t ä ʃ ə
Aktie	ʔ a k t͡s i ə
Aktie	ʔ a k t͡s j ə
Aktienanlagefonds	a k t͡s i̯ ə n a n l aː ɡ ə f ɔ̃ː
Aktienanteil	a k t͡s i̯ ə n ʔ a n t a ɪ̯ l
Aktienbeteiligung	a k t͡s i̯ ə n b ə t a ɪ̯ l ɪ ɡ ʊ ŋ
Aktienfonds	a k t͡s i̯ ə n f ɔ̃ː
Aktienhändlerin	a k t͡s i̯ ə n h ɛ n d l ə ʁ ɪ n
Aktienoption	a k t͡s i̯ ə n n o p t͡s i̯ oː n
Aktiensplit	a k t͡s i̯ ə n s p l ɪ t
Aktienzusammenlegung	a k t͡s i̯ ə n t͡s u z a m ə n l eː ɡ ʊ ŋ
Aktion	ʔ a k t͡s j oː n
Aktionsart	a k t͡s i̯ oː n s ʔ aː ɐ̯ t
Aktivierer	ʔ a k t i v iː ʁ ɐ̯
Aktualisieren	a k t u a l i z iː ʁ ə n
Akzentuierung	a k t͡s ɛ n t u iː ʁ ʊ ŋ
Akzise	a k t͡s iː z ə
Akzisen	a k t͡s iː z ə n
Alarm	a l a ɐ̯ m
Alarmanlage	a l a ʁ m ʔ a n l aː ɡ ə
Alarmanlagen	a l a ʁ m ʔ a n l aː ɡ n̩
Alarmanlagen	a l a ʁ m ʔ a n l aː ɡ ə n
Alaska	ʔ ä l ä s k ä
Alaska	ʔ ɐ l ä s k ɐ
Alaunstein	a l a ʊ̯ n ʃ t a ɪ̯ n
Albanisch	a l b aː n ɪ ʃ
Albrecht	a l b ʁ ɛ ç t
Albrechts	a l b ʁ ɛ ç t s
Albulapass	a l b uː l a p a s
Albulapasses	a l b uː l a p a s ə s
Aldebaran	a l d e b a ʁ aː n
Aldebaran	a l d e b aː ʁ a n
Aldehyd	a l d e h yː t
Aleppiner	a l ɛ p iː n ɐ
Aleppinerin	a l ɛ p iː n ə ʁ ɪ n
Alexander	a l ɛ k s a n d ɐ
Alexandria	a l ɛ k s a n d ʁ i a
Alexandria	a l ɛ k s a n d ʁ iː a
Alexandrinerin	a l ɛ k s a n d ʁ iː n ə ʁ ɪ n
Alexie	a l ɛ k s iː
Alexin	a l ɛ k s iː n
Alexin	a l ɛ k s ɪ n
Algenkundler	a l ɡ n̩ k ʊ n d l ɐ
Algenkundlerin	a l ɡ n̩ k ʊ n d l ə ʁ ɪ n
Algenkundlers	a l ɡ n̩ k ʊ n d l ɐ s
Algier	ʔ a l d ʒ i ɐ̯
Algier	ʔ a l t ʃ i ɐ̯
Algier	ʔ a l ʃ i ɐ̯
Algier	ʔ a l ʒ i ɐ̯
Algonkin	a l ɡ ɔ ŋ k ɪ n
Algorithmus	a l ɡ o ʀ ɪ t m ʊ s
Alibi	ʔ aː l i b i
Alice	ʔ a l iː s ə
Alina	a l iː n a
Alkanal	a l k a n aː l
Alkanals	a l k a n aː l s
Alkanol	a l k a n oː l
Alken	a l k eː n
Alkylgruppe	a l k yː l ɡ ʁ ʊ p ə
All	ʔ a l
Allee	a l eː
Alleen	a l eː ə n
Alleineigentum	a l a ɪ̯ n ʔ a ɪ̯ ɡ n̩ t uː m
Alleinherrscher	a l a ɪ̯ n h ɛ ʁ ʃ ɐ
Alleinherrscherin	a l a ɪ̯ n h ɛ ʁ ʃ ə ʁ ɪ n
Alleinherrscherinnen	a l a ɪ̯ n h ɛ ʁ ʃ ə ʁ ɪ n ə n
Allerheiligstes	a l ɐ h a ɪ̯ l ɪ k s t ə s
Allerheiligstes	a l ɐ h a ɪ̯ l ɪ ç s t ə s
Allesmitmacher	ʔ a l ə s m ɪ t m a χ ɐ
Allgäu	a l ɡ ɔ ɪ̯
Allgäuer	a l ɡ ɔ ɪ̯ ɐ
Allgäuerin	a l ɡ ɔ ɪ̯ ə ʁ ɪ n
Allgäuers	a l ɡ ɔ ɪ̯ ɐ s
Allgäus	a l ɡ ɔ ɪ s̯
Alligator	ʔ a l i ɡ aː t oː ɐ̯
Allmacht	a l m a χ t
Allmenden	a l m ɛ n d ə n
Allmächtigkeit	a l m ɛ ç t ɪ ç k a ɪ̯ t
Alls	ʔ a l s
Alltag	a l t aː ɡ̊
Alltag	ʔ a l tʰ a χ
Alltag	ʔ a l tʰ aː kʰ
Alltagstrott	ʔ a l t aː k s t ʁ ɔ t
Alm	ʔ a l m
Almanach	a l m a n a χ
Almen	ʔ a l m ə n
Almhütte	ʔ a l m h ʏ t ə
Almhütten	ʔ a l m h ʏ t n̩
Aloe	a l oː ə
Aloe	aː l o e
Alpen	ʔ a l p m̩
Alpenhauptkamm	a l p m̩ h a ʊ̯ p t k a m
Alpenhauptkamm	a l p n̩ h a ʊ̯ p t k a m
Alpenpass	a l p n̩ p a s
Alpenrepublik	a l p n̩ ʁ e p u b l iː k
Alpental	a l p m̩ t aː l
Alpentales	a l p m̩ t aː l ə s
Alpentals	a l p m̩ t aː l s
Alpentäler	a l p m̩ t ɛː l ɐ
Alpenverein	ʔ a l p m̩ f ɛ ɐ̯ ʔ a ɪ̯ n
Alpenverein	ʔ a l p ə n f ɛ ɐ̯ ʔ a ɪ̯ n
Alpha	a l f a
Alphabet	ʔ a l f a b eː t
Alphastrahlung	a l f a ʃ t ʁ aː l ʊ ŋ
Alphazerfall	a l f a t͡s ɛ ɐ̯ f a l
Alphorn	a l p h ɔ ɐ̯ n
Alphorn	a l p h ɔ ʁ n
Alsdorf	a l s d ɔ ɐ̯ f
Alsdorfer	a l s d ɔ ʁ f ɐ
Alsdorferin	a l s d ɔ ɐ̯ f ə ʁ ɪ n
Alsdorferinnen	a l s d ɔ ɐ̯ f ə ʁ ɪ n ə n
Alsdorfers	a l s d ɔ ʁ f ɐ s
Alsdorfs	a l s d ɔ ɐ̯ f s
Alslebener	a l s l eː b n̩ ɐ
Alslebenerin	a l s l eː b n̩ ə ʁ ɪ n
Alslebenerinnen	a l s l eː b n̩ ə ʁ ɪ n ə n
Alslebeners	a l s l eː b n̩ ɐ s
Altarm	ʔ a l t ʔ a ʁ m
Altbürgermeister	a l t b ʏ ʁ ɡ ɐ m a ɪ̯ s t ɐ
Altdorferin	a l t d ɔ ʁ f ə ʁ ɪ n
Altdorferinnen	a l t d ɔ ʁ f ə ʁ ɪ n ə n
Altdorfs	a l t d ɔ ʁ f s
Altenberger	a l t n̩ b ɛ ʁ ɡ ɐ
Altenbergerin	a l t n̩ b ɛ ʁ ɡ ə ʁ ɪ n
Altenbergerinnen	a l t n̩ b ɛ ʁ ɡ ə ʁ ɪ n ə n
Altenbergers	a l t n̩ b ɛ ʁ ɡ ɐ s
Altenbergs	a l t n̩ b ɛ ʁ k s
Altenburgerin	a l t n̩ b ʊ ʁ ɡ ə ʁ ɪ n
Altendorf	a l t n̩ d ɔ ʁ f
Altendorfer	a l t n̩ d ɔ ʁ f ɐ
Altendorferin	a l t n̩ d ɔ ʁ f ə ʁ ɪ n
Altendorferinnen	a l t n̩ d ɔ ʁ f ə ʁ ɪ n ə n
Altendorfers	a l t n̩ d ɔ ʁ f ɐ s
Altendorfs	a l t n̩ d ɔ ʁ f s
Altenfelden	a l t n̩ f ɛ l d ə n
Altenfeldener	a l t n̩ f ɛ l d ə n ɐ
Altenfeldenerin	a l t n̩ f ɛ l d ə n ə ʁ ɪ n
Altenfeldenerinnen	a l t n̩ f ɛ l d ə n ə ʁ ɪ n ə n
Altenfeldeners	a l t n̩ f ɛ l d ə n ɐ s
Altenfeldens	a l t n̩ f ɛ l d ə n s
Altenkirchener	a l t n̩ k ɪ ʁ ç n̩ ɐ
Altenkirchenerin	a l t n̩ k ɪ ʁ ç n̩ ə ʁ ɪ n
Altenkirchenerinnen	a l t n̩ k ɪ ʁ ç n̩ ə ʁ ɪ n ə n
Altenkircheners	a l t n̩ k ɪ ʁ ç n̩ ɐ s
Altenkirchens	a l t n̩ k ɪ ʁ ç n̩
Altenkirchens	a l t n̩ k ɪ ʁ ç n̩ s
Alter	ʔ a l t ɐ
Alter	ʔ a l t ə r
Alterserscheinung	a l t ɐ s ʔ ɛ ɐ̯ ʃ a ɪ̯ n ʊ ŋ
Alterserscheinungen	a l t ɐ s ʔ ɛ ɐ̯ ʃ a ɪ̯ n ʊ ŋ ə n
Alterspräsident	a l t ɐ s p ʁ ɛ z i d ɛ n t
Alterspräsidentin	a l t ɐ s p ʁ ɛ z i d ɛ n t ɪ n
Altersunterschied	a l t ɐ s ʊ n tʰ ɐ ʃ iː t
Altertum	ʔ a l t ɐ t uː m
Altertums	ʔ a l t ɐ t uː m s
Altertumskundler	a l t ɐ t uː m s k ʊ n d l ɐ
Altertümelei	ʔ a l t ɐ t y m ə l a ɪ̯
Altertümer	ʔ a l t ɐ t yː m ɐ
Altertümler	ʔ a l t ɐ t yː m l ɐ
Alterungsprozess	a l t ə ʁ ʊ ŋ s p ʁ o t͡s ɛ s
Altheim	ʔ a l t h a ɪ̯ m
Altheimer	ʔ a l t h a ɪ̯ m ɐ
Altheimerin	a l t h a ɪ̯ m ə ʁ ɪ n
Altheimerinnen	a l t h a ɪ̯ m ə ʁ ɪ n ə n
Altheimers	ʔ a l t h a ɪ̯ m ɐ s
Altheims	ʔ a l t h a ɪ̯ m s
Althochdeutsch	a l t h oː x d ɔ ɪ̯ t͡ʃ
Altlast	a l t l a s t
Altleininger	a l t l a ɪ̯ n ɪ ŋ ɐ
Altleiningerin	a l t l a ɪ̯ n ɪ ŋ ə ʁ ɪ n
Altleiningerinnen	a l t l a ɪ̯ n ɪ ŋ ə ʁ ɪ n ə n
Altleiningers	a l t l a ɪ̯ n ɪ ŋ ɐ s
Altneubau	a l t n ɔ ɪ̯ b a ʊ̯
Altpartei	ʔ a l t p a ʁ t a ɪ̯
Altparteien	ʔ a l t p a ʁ t a ɪ̯ ə n
Altposaune	a l t p o z a ʊ̯ n ə
Altsteinzeit	a l t ʃ t a ɪ̯ n t͡s a ɪ̯ t
Altwarenhändler	a l t v aː ʁ ə n h ɛ n d l ɐ
Altwarenhändlerin	a l t v aː ʁ ə n h ɛ n d l ə ʁ ɪ n
Altwarenhändlerinnen	a l t v aː ʁ ə n h ɛ n d l ə ʁ ɪ n ə n
Altwasser	ʔ a l t v a s ɐ
Altwassern	ʔ a l t v a s ɐ n
Altwassers	ʔ a l t v a s ɐ s
Altweibermühle	a l t v a ɪ̯ b ɐ m yː l ə
Altweltaffe	a l t v ɛ l t ʔ a f ə
Altweltaffen	a l t v ɛ l t ʔ a f n̩
Altweltpapagei	a l t v ɛ l t p a p a ɡ a ɪ̯
Altweltpapageie	a l t v ɛ l t p a p a ɡ a ɪ̯ ə
Altweltpapageien	a l t v ɛ l t p a p a ɡ a ɪ̯ ə n
Altweltpapageis	a l t v ɛ l t p a p a ɡ a ɪ̯ s
Altöttinger	a l t ʔ œ t ɪ ŋ ɐ
Altöttingerin	a l t ʔ œ t ɪ ŋ ə ʁ ɪ n
Altöttingerinnen	a l t ʔ œ t ɪ ŋ ə ʁ ɪ n ə n
Altöttingers	a l t ʔ œ t ɪ ŋ ɐ s
Altöttings	a l t ʔ œ t ɪ ŋ s
Alveolar	a l v e o l aː ɐ̯
Alveolare	a l v e o l aː ʀ ə
Alzeyer	a l t͡s a i̯ ɐ
Alzeyerin	a l t͡s a i̯ ə ʁ ɪ n
Alzeyerinnen	a l t͡s a i̯ ə ʁ ɪ n ə n
Alzeyers	a l t͡s a i̯ ɐ s
Alzheimer	ʔ a l t͡s a ɪ̯ m ɐ
Alzheimer	ʔ a l t͡s h a ɪ̯ m ɐ
Amateur	a m a t øː ɐ̯
Amateurboxer	a m a t øː ɐ̯ b ɔ k s ɐ
Amateurmusiker	a m a t øː ɐ̯ m uː z ɪ k ɐ
Amazone	a m a t͡s oː n ə
Amazonenpapagei	a m a t͡s oː n ə n p a p a ɡ a ɪ̯
Amazonenpapageie	a m a t͡s oː n ə n p a p a ɡ a ɪ̯ ə
Amazonenpapageien	a m a t͡s oː n ə n p a p a ɡ a ɪ̯ ə n
Amazonenpapageis	a m a t͡s oː n ə n p a p a ɡ a ɪ̯ s
Amberger	a m b ɛ ʁ ɡ ɐ
Ambergerin	a m b ɛ ʁ ɡ ə ʁ ɪ n
Ambergerinnen	a m b ɛ ʁ ɡ ə ʁ ɪ n ə n
Ambergers	a m b ɛ ʁ ɡ ɐ s
Ambergs	a m b ɛ ʁ k s
Ambiance	ɑ̃ b i̯ ɑ̃ː s
Ambivalenz	a m b i v a l ɛ n t s
Amblyopie	a m b l y o p iː
Ameisenalgorithmus	aː m a ɪ̯ z n̩ ʔ a l ɡ o ʀ ɪ t m ʊ s
Ameisenstaat	aː m a ɪ̯ z n̩ ʃ t aː t
Ameisenstaaten	aː m a ɪ̯ z n̩ ʃ t aː t n̩
Ameisenstaates	aː m a ɪ̯ z n̩ ʃ t aː t ə s
Ameisenstaats	aː m a ɪ̯ z n̩ ʃ t aː t s
Ameisenwürger	ʔ a m a ɪ z n̩ v ʏ ɐ̯ ɡ ɐ
Ameisenwürger	ʔ a m a ɪ z n̩ v ʏ ʁ ɡ ɐ
Amelie	a m eː l iː
Amelinghausen	ʔ aː m ə l ɪ ŋ h a ʊ̯ z n̩
Amelinghausener	ʔ aː m ə l ɪ ŋ h a ʊ̯ z n̩ ɐ
Amelinghausenerin	ʔ aː m ə l ɪ ŋ h a ʊ̯ z n̩ ə ʁ ɪ n
Amelinghausenerinnen	ʔ aː m ə l ɪ ŋ h a ʊ̯ z n̩ ə ʁ ɪ n ə n
Amelinghauseners	ʔ aː m ə l ɪ ŋ h a ʊ̯ z n̩ ɐ s
Amelinghausens	aː m ə l ɪ ŋ h a ʊ̯ z n̩ s
Amen	ʔ aː m ə n
Amerikanisieren	a m eː ʁ i k a n i z iː ʁ ə n
Amerikanistik	ʔ a m e ʁ i kʰ a n ɪ s t ɪ kʰ
Amharisch	ʔ a m h aː ʁ ɪ ʃ
Amid	a m iː t
Ampelblitzer	ʔ a m p l̩ b l ɪ t͡s ɐ
Ampelblitzers	ʔ a m p l̩ b l ɪ t͡s ɐ s
Ampelmännchen	ʔ a m p l̩ m ɛ n ç n̩
Amphiktyonie	a m f ɪ k t y o n iː
Amphitheater	a m f iː t e ʔ aː t ɐ
Amsterdamer	a m s t ɐ d a m ɐ
Amsterdamerin	a m s t ɐ d a m ə ʁ ɪ n
Amt	a m p t
Amt	a m t
Amtskollege	a m t s k ɔ l eː ɡ ə
Amtskollegin	a m t s k ɔ l eː ɡ ɪ n
Amtsniederlegung	a m t͡s n iː d ɐ l eː ɡ ʊ ŋ
Amtsniederlegungen	a m t͡s n iː d ɐ l eː ɡ ʊ ŋ ə n
Amtsstube	a m t͡s ʃ t uː b ə
Amtsverzicht	a m t s f ɛ ɐ̯ t s ɪ ç t
Amtszeit	a m t͡s t͡s a ɪ̯ t
Amylacetat	a m yː l ʔ a t͡s ə t aː t
Amylacetats	a m yː l ʔ a t͡s ə t aː t͡s
Amylalkohol	a m yː l ʔ a l k o h oː l
Amylazetat	a m yː l ʔ a t͡s ə t aː t
Amylazetats	a m yː l ʔ a t͡s ə t aː t͡s
Amylen	a m y l eː n
Amylens	a m y l eː n s
Anakoluth	a n a k o l uː t
Anakonda	a n a k ɔ n d a
Analogie	a n a l o ɡ iː
Analyse	ʔ a n a l yː z ə
Anathema	a n aː t e m a
Anbau	ʔ a n b a ʊ̯
Anbieten	ʔ a n b iː t n̩
Anbieterin	a n b iː t ə ʁ ɪ n
Anbieterinnen	a n b iː t ə ʁ ɪ n ə n
Anbraten	a n b ʁ aː t n̩
Anciennität	ɑ̃ s i̯ ɛː n i t ɛː t
Anciennitäten	ɑ̃ s i̯ ɛː n i t ɛː t n̩
Andenken	a n d ɛ ŋ k ŋ̍
Andenken	a n d ɛ ŋ k ə n
Anderkonto	a n d ɐ k ɔ n t o
Andorfer	a n d ɔ ʁ f ɐ
Andorfers	a n d ɔ ʁ f ɐ s
Andrang	a n d ʁ a ŋ
Andreas	a n d ʁ eː a s
Andreasberger	a n d ʁ eː a s b ɛ ʁ ɡ ɐ
Andreasbergerin	a n d ʁ eː a s b ɛ ʁ ɡ ə ʁ ɪ n
Andreasbergerinnen	a n d ʁ eː a s b ɛ ʁ ɡ ə ʁ ɪ n ə n
Andreasbergers	a n d ʁ eː a s b ɛ ʁ ɡ ɐ s
Andrehen	a n d ʁ eː ə n
Andrücken	a n d ʁ ʏ k n̩
Andrücken	a n d ʁ ʏ k ŋ̩
Andrückens	a n d ʁ ʏ k n̩ s
Andrückens	a n d ʁ ʏ k ŋ̩ s
Anecken	a n ʔ ɛ k n̩
Aneinanderhalten	a n a ɪ̯ n a n d ɐ h a l t n̩
Aneinanderschlagen	a n ɑ ɛ̯ n a n d ɐ ʃ l aː ɡ ŋ
Aneinanderschlagen	a n ʔ a ɪ̯ n a n d ɐ ʃ l aː ɡ ŋ
Aneis	ʔ ɑ̈ n a ɪ̯ s
Aneisen	ʔ a n ʔ a ɪ̯ z n̩
Anfahrt	ʔ a n f aː ɐ̯ t
Anfahrten	ʔ a n f aː ɐ̯ t n̩
Anfahrten	ʔ a n f aː ɐ̯ t ə n
Anfangswort	a n f a ŋ s v ɔ ʁ t
Anforderer	ʔ a n f ɔ ʁ d ə ʁ ɐ
Anforderin	ʔ a n f ɔ ʁ d ə ʁ ɪ n
Anforderinnen	ʔ a n f ɔ ʁ d ə ʁ ɪ n ə n
Anfordern	ʔ a n f ɔ ʁ d ɐ n
Anforderung	ʔ a n f ɔ ʁ d ə ʁ ʊ ŋ
Anführerin	ä n f yː ʁ ə ʁ ɪ n
Anfüttern	a n f ʏ t ɐ n
Angabe	ʔ a n ɡ aː b ə
Angebot	ʔ a n ɡ ə b oː t
Angebotsknappheit	a ŋ ɡ ə b oː t s k n a p h a i t
Angebotsüberhang	a ŋ ɡ ə b oː t s ʔ yː b ɐ h a ŋ
Angel	ʔ a ŋ l̩
Angelausflug	a ŋ l̩ ʔ a ʊ̯ s f l uː k
Angelausfluges	a ŋ l̩ ʔ a ʊ̯ s f l uː ɡ ə s
Angelausflugs	a ŋ l̩ ʔ a ʊ̯ s f l uː k s
Angelausflüge	a ŋ l̩ ʔ a ʊ̯ s f l yː ɡ ə
Angeliter	a ŋ ə l iː t ɐ
Angeliter	a ŋ ɡ e l iː t ɐ
Angelleine	a ŋ l̩ l a ɪ̯ n ə
Angeln	ʔ a ŋ l̩ n
Angelner	a ŋ ə l n ɐ
Angelrute	a ŋ l̩ ʁ uː t ə
Angelschnur	ʔ a ŋ l̩ ʃ n u ɐ̯
Angelschnur	ʔ a ŋ l̩ ʃ n uː ɐ̯
Angelzapfen	a ŋ l̩ t͡s a p͡f n̩
Angelzubehör	a ŋ l̩ t͡s uː b ə h øː ɐ̯
Anger	ʔ a ŋ ɐ
Angerberg	a ŋ ɐ b ɛ r k
Angerberger	a ŋ ɐ b ɛ r ɡ ɐ
Angerbergerin	a ŋ ɐ b ɛ r ɡ ə ʁ ɪ n
Angerbergers	a ŋ ɐ b ɛ r ɡ ɐ s
Angerbergs	a ŋ ɐ b ɛ r k s
Angermaier	a ŋ ɐ m a ɪ̯ ɐ
Angermaiers	a ŋ ɐ m a ɪ̯ ɐ s
Angermair	a ŋ ɐ m a ɪ̯ ɐ
Angermairs	a ŋ ɐ m a ɪ̯ ɐ s
Angermayer	a ŋ ɐ m a ɪ̯ ɐ
Angermayr	a ŋ ɐ m a ɪ̯ ɐ
Angermeier	a ŋ ɐ m a ɪ̯ ɐ
Angermeiers	a ŋ ɐ m a ɪ̯ ɐ s
Angermeir	a ŋ ɐ m a ɪ̯ ɐ
Angermeyer	a ŋ ɐ m a ɪ̯ ɐ
Angesicht	ʔ a n ɡ ə z ɪ ç t
Anglikaner	ʔ a ŋ ɡ l i k aː n ɐ
Anglikanerin	ʔ a ŋ ɡ l i k aː n ə ʁ ɪ n
Anglistik	ʔ a ŋ ɡ l ɪ s t ɪ kʰ
Angloamerikaner	a ŋ l o ʔ a m e ʁ i k aː n ɐ
Angloamerikanerin	a ŋ l o ʔ a m e ʁ i k aː n ə ʁ ɪ n
Angloamerikanerinnen	a ŋ l o ʔ a m e ʁ i k aː n ə ʁ ɪ n ə n
Angreifen	a n ɡ ʁ a ɪ̯ f n̩
Angst	ʔ a ŋ k s t
Angst	ʔ a ŋ s t
Angstmacherei	a ŋ s t m a x ə ʁ a ɪ̯
Angstschweiß	a ŋ s t ʃ v a ɪ̯ s
Anhalterin	a n h a l t ə ʀ ɪ n
Anhaltiner	a n h a l t iː n ɐ
Anhang	ʔ a n h a ŋ
Anika	a n i k a
Anime	a n i m e
Anime	a n i m eː
Anion	a n i̯ oː n
Anion	a n ʔ i oː n
Anis	ʔ ä n iː s
Anis	ʔ ä n ɪ s
Anis	ʔ äː n ɪ s
Anja	a n j a
Ankathete	a n k a t eː t ə
Ankersplint	ʔ a ŋ k ɐ ʃ p l ɪ n t
Ankersplinte	ʔ a ŋ k ɐ ʃ p l ɪ n t ə
Ankersplintes	ʔ a ŋ k ɐ ʃ p l ɪ n t ə s
Ankersplints	ʔ a ŋ k ɐ ʃ p l ɪ n t s
Anklagebank	a n k l aː ɡ ə b a ŋ k
Anklagender	b ə f ʁ aː ɡ n̩ d ɐ
Anklammern	a n k l a m ɐ n
Ankleben	a n k l eː b n̩
Ankleber	a n k l eː b ɐ
Ankleidekabine	a n k l a ɪ̯ d ə k a b iː n ə
Anklingen	ʔ a n k l ɪ ŋ n̩
Ankunft	ʔ a n kʰ ʊ n f tʰ
Ankunftsbereich	a n k ʊ n f t͡s b ə ʁ a ɪ̯ ç
Ankunftsbereiche	a n k ʊ n f t͡s b ə ʁ a ɪ̯ ç ə
Ankunftsbereiches	a n k ʊ n f t͡s b ə ʁ a ɪ̯ ç ə s
Ankunftsbereichs	a n k ʊ n f t͡s b ə ʁ a ɪ̯ ç s
Ankunftstafel	ʔ a n k ʊ n f t s t aː f l̩
Ankunftstafeln	a n k ʊ n f t͡s t aː f l̩ n
Ankunftszeit	ʔ a n k ʊ n f t s t s a ɪ̯ tʰ
Ankurbelung	a n k ʊ ʁ b ə l ʊ ŋ
Ankurbelungen	a n k ʊ ʁ b ə l ʊ ŋ ə n
Ankurblung	a n k ʊ ʁ b l ʊ ŋ
Ankurblungen	a n k ʊ ʁ b l ʊ ŋ ə n
Ankömmling	a n k œ m l ɪ ŋ
Ankündiger	a n k ʏ n d ɪ ɡ ɐ
Ankündigerin	a n k ʏ n d ɪ ɡ ɐ ʁ ɪ n
Anlage	ʔ a n l aː ɡ ə
Anlagehorizont	a n l aː ɡ ə h o ʁ i t͡s ɔ n t
Anlagenverwaltung	a n l aː ɡ n̩ f ɛ ɐ̯ v a l t ʊ ŋ
Anlageparameter	a n l aː ɡ ə p a ʁ aː m eː t ɐ
Anlagevermögen	ʔ a n l aː ɡ ə f ɛ ɐ̯ m øː ɡ n̩
Anlagevermögens	ʔ a n l aː ɡ ə f ɛ ɐ̯ m øː ɡ n̩ s
Anlagevolumen	a n l aː ɡ ə v o l uː m ə n
Anlagezeitraum	a n l aː ɡ ə t͡s a ɪ̯ t ʁ a ʊ̯ m
Anlass	ʔ a n l a s
Anlegergeld	a n l eː ɡ ɐ ɡ ɛ l t
Anleihefonds	a n l a ɪ̯ ə f ɔ̃ː
Anleihenanteil	a n l a ɪ̯ ə n ʔ a n t a ɪ̯ l
Anleiter	a n l a ɪ̯ t ɐ
Anleiterin	a n l a ɪ̯ t ə ʁ ɪ n
Anlieger	a n l iː ɡ ɐ
Anliegerin	a n l iː ɡ ə ʀ ɪ n
Anlächeln	a n l ɛ ç l̩ n
Anmache	a n m a x ə
Anmachspruch	a n m a x ʃ p ʁ ʊ x
Anmischen	a n m ɪ ʃ n̩
Anmuten	a n m uː t n̩
Anna	ʔ a n a
Annaberger	a n a b ɛ ʁ ɡ ɐ
Annabergerin	a n a b ɛ ʁ ɡ ə ʁ ɪ n
Annabergerinnen	a n a b ɛ ʁ ɡ ə ʁ ɪ n ə n
Annabergers	a n a b ɛ ʁ ɡ ɐ s
Annahme	ʔ a n aː m ə
Annahme	ʔ a n n aː m ə
Annalen	a n aː l ə n
Anne	ʔ a n ə
Annehmlichkeit	a n n eː m l ɪ ç k a ɪ̯ t
Annika	a n i k a
Annoncieren	a n ɔ ŋ s iː ʁ ə n
Annoncieren	a n ɔ̃ s iː ʁ ə n
Annullierung	ʔ a n ʊ l iː ʁ ʊ ŋ
Annweilerin	a n v a ɪ̯ l ə ʁ ɪ n
Annäherung	ʔ a n n ɛː ɐ ʁ ʊ ŋ
Anonymisierer	a n o n y m i z iː ʁ ɐ
Anordnung	a n ʔ ɔ ʁ d n ʊ ŋ
Anreißen	a n ʁ a ɪ̯ s n̩
Anrennen	a n ʁ ɛ n ə n
Anrufer	a n ʀ uː f ɐ
Anruferin	a n ʀ uː f ə ʀ ɪ n
Anruferinnen	a n ʀ uː f ə ʀ ɪ n ə n
Anrufern	a n ʀ uː f ɐ n
Anrufers	a n ʀ uː f ɐ s
Anräumen	ʔ a n ʁ ɔ ɛ̯ m ɛ n
Anrücken	a n ʁ ʏ k n̩
Anschauungen	ʔ a n ʃ a ʊ̯ ʊ ŋ ə n
Anscheisser	a n ʃ a ɪ̯ s ɐ
Anscheißen	a n ʃ a ɪ̯ s n̩
Anscheißer	a n ʃ a ɪ̯ s ɐ
Anschiessen	ʔ a n ʃ iː s n̩
Anschiesser	ʔ a n ʃ iː s ɐ
Anschießen	ʔ a n ʃ iː s n̩
Anschießer	ʔ a n ʃ iː s ɐ
Anschleichen	a n ʃ l a ɪ̯ ç n̩
Anschleicher	a n ʃ l a ɪ̯ ç ɐ
Anschleicherin	a n ʃ l a ɪ̯ ç ə ʁ ɪ n
Anschliesser	ʔ a n ʃ l iː s ɐ
Anschliesserin	ʔ a n ʃ l iː s ə ʀ ɪ n
Anschließer	ʔ a n ʃ l iː s ɐ
Anschließerin	ʔ a n ʃ l iː s ə ʁ ɪ n
Anschließerinnen	ʔ a n ʃ l iː s ə ʀ ɪ n ə n
Anschlussflug	a n ʃ l ʊ s f l uː k
Anschlussfluges	a n ʃ l ʊ s f l uː ɡ ə s
Anschlussflugs	a n ʃ l ʊ s f l uː k s
Anschlussflüge	a n ʃ l ʊ s f l yː ɡ ə
Anschlußflug	a n ʃ l ʊ s f l uː k
Anschreien	a n ʃ ʁ a ɪ̯ ə n
Anschwärzen	a n ʃ v ɛ r t͜s n̩
Anschwärzer	a n ʃ v ɛ r t͜s ɐ
Anschwärzerin	a n ʃ v ɛ r t͜s ə ʁ ɪ n
Ansehen	a n s eː n
Ansehen	a n z eː n
Ansiedeln	ʔ a n z iː d l̩ n
Ansiedler	ʔ a n z iː d l ɐ
Ansiedlerin	ʔ a n z iː d l ə ʁ ɪ n
Ansiedlerinnen	ʔ a n z iː d l ə ʁ ɪ n ə n
Ansiedlung	ʔ a n z iː t l ʊ ŋ
Anspielen	ʔ a n ʃ p iː l n̩
Anspielen	ʔ a n ʃ p iː l ə n
Anspieler	ʔ a n ʃ p iː l ɐ
Anspielerin	ʔ a n ʃ p iː l ɐ ʁ ɪ n
Anspornen	a n ʃ p ɔ ʁ n ə n
Ansporner	a n ʃ p ɔ ʁ n ɐ
Anspornerin	a n ʃ p ɔ ʁ n ɐ ʁ ɪ n
Anspruch	a n ʃ p ʀ ʊ χ
Anspruchsberühmer	ʔ a n ʃ p ʁ ʊ χ s b ə r yː m ɐ
Anstacheln	a n ʃ t a χ l̩ n
Anstachler	a n ʃ t a χ l̩ ɐ
Anstachlerin	a n ʃ t a χ l̩ ɐ ʁ ɪ n
Anstalten	ʔ a n ʃ t a l t n̩
Anstalten	ʔ a n ʃ t a l t ə n
Anstauben	a n ʃ t a ʊ̯ b n̩
Ansteckungsgefahr	a n ʃ t ɛ k ʊ ŋ s ɡ ə f aː ɐ̯
Anstossen	a n ʃ t oː s n̩
Anstoß	a n ʃ t oː s
Anstoßen	ʔ a n ʃ t oː s n̩
Anstoßer	ʔ a n ʃ t oː s ɐ
Anständigkeit	a n ʃ t ɛ n d ɪ ç k a ɪ̯ t
Ansucherin	ʔ a n z uː x ə ʁ ɪ n
Ansucherinnen	ʔ a n z uː x ə ʁ ɪ n ə n
Anteile	a n t a ɪ̯ l ə
Anteilveräußerung	a n t a ɪ̯ l f ɛ ɐ̯ ʔ ɔ ɪ̯ s ə ʁ ʊ ŋ
Anthologie	a n t o l o ɡ iː
Antiheld	a n t i h ɛ l t
Antipersonenmine	a n t i p ɛ ʁ z oː n ə n m iː n ə
Antiquitätenhändlerin	a n t i k v i t ɛː t n̩ h ɛ n d l ə ʁ ɪ n
Antiquitätenhändlerinnen	a n t i k v i t ɛː t n̩ h ɛ n d l ə ʁ ɪ n ə n
Antiziganismus	a n t i t͡s i ɡ a n ɪ s m ʊ s
Antrag	ʔ a n t ʁ aː k
Antragen	ʔ a n t ʁ aː ɡ n̩
Antragsdelikt	ʔ a n t ʁ aː k s d e l ɪ k t
Antriebswellen	a n t ʁ iː p s v ɛ l ə n
Antwerpener	a n t v ɛ ʁ p ə n ɐ
Antwerpenerin	a n t v ɛ ʁ p ə n ə ʁ ɪ n
Anwalt	ʔ a n v a l t
Anwenderin	a n v ɛ n d ə ʁ ɪ n
Anwesen	a n v eː z n̩
Anwesende	a n v eː z n̩ d ə
Anwesender	a n v eː z n̩ d ɐ
Anwohnerin	a n v oː n ə ʀ ɪ n
Anwohnerparkplatz	a n v oː n ɐ p a ɐ̯ k p l a t͡s
Anwohnerparkplatzes	a n v oː n ɐ p a ɐ̯ k p l a t͡s ə s
Anwohnerparkplätze	a n v oː n ɐ p a ɐ̯ k p l ɛ t͡s ə
Anzahlung	ʔ a n t s aː l ʊ ŋ
Anzeigenkunde	a n t͡s a ɪ̯ ɡ ə n k ʊ n d ə
Anzeiger	ʔ a n t s a ɪ̯ ɡ ɐ
Anzeigetafel	ʔ a n t s a ɪ̯ ɡ ə t aː f l̩
Anziehen	a n t͡s iː ə n
Anzählen	a n t͡s ɛː l ə n
Anzähler	a n t͡s ɛː l ɐ
Aostatal	a ɔ s t a t aː l
Aostatalerinnen	a ɔ s t a t aː l ə ʁ ɪ n ə n
Aostatals	a ɔ s t a t aː l s
Apfel	ʔ a p f l̩
Apfel	ʔ a p f ə l
Apfel	ʔ a p ɸ l̩
Apfel	ʔ a p ɸ ə l
Apfelauflauf	a p͡f l̩ ʔ a ʊ̯ f l a ʊ̯ f
Apfelbäckchen	ʔ a p͡f l̩ b ɛ k ç ə n
Apfelentkerner	a p f l̩ ʔ ɛ n t k ɛ ʁ n ɐ
Apfelessig	a p͡f l̩ ʔ ɛ s ɪ k
Apfelessig	a p͡f l̩ ʔ ɛ s ɪ ç
Apfelkorn	ʔ a p͡f l k ɔ ʁ n
Apfelkorn	ʔ a p͡f ə l k ɔ ʁ n
Apfelpfannkuchen	a p͡f l̩ f a n k uː x n̩
Apfelpfannkuchen	a p͡f l̩ p f a n k uː x n̩
Apfelsaft	a p f l̩ z a f t
Apfelschale	a p͡f l̩ ʃ aː l ə
Apfelsine	a p f ə l z iː n ə
Apfelstrudel	a p f l̩ ʃ t ʀ uː d l̩
Aplomb	a p l ɔ ŋ
Aplomb	a p l ɔ̃
Apograf	a p o ɡ ʁ aː f
Apografe	a p o ɡ ʁ aː f ə
Apografs	a p o ɡ ʁ aː f s
Apograph	a p o ɡ ʁ aː f
Apographe	a p o ɡ ʁ aː f ə
Apographs	a p o ɡ ʁ aː f s
Apokryph	a p o k ʁ yː f
Apokryphs	a p o k ʁ yː f s
Appellationsgericht	a p ɛ l a t͡s i̯ oː n s ɡ ə ʁ ɪ ç t
Appellationsgerichte	a p ɛ l a t͡s i̯ oː n s ɡ ə ʀ ɪ ç t ə
Appellationsgerichtes	a p ɛ l a t͡s i̯ oː n s ɡ ə ʀ ɪ ç t ə s
Appellationsgerichts	a p ɛ l a t͡s i̯ oː n s ɡ ə ʀ ɪ ç t͡s
Appellieren	a p ɛ l iː ʁ ə n
Aprikose	a p ʁ i k oː z ə
Aprikosenkern	a p ʁ i k oː z n̩ k ɛ ʁ n
Aprikosenkonfitüre	a p ʀ i k oː z n̩ k ɔ n f i t yː ʀ ə
Aprikosenmarmelade	a p ʀ i k oː z n̩ m a ʁ m ə l aː d ə
Aprikosensaft	a p r i k oː z n̩ z a f t
Aprikosensäfte	a p ʁ i k oː z n̩ z ɛ f t ə
Apulien	a p uː l i̯ ə n
Apuliens	a p uː l i̯ ə n s
Arabistik	ʔ a ʁ a b ɪ s t ɪ kʰ
Arachidonsäure	a ʁ a ç i d oː n z ɔ ɪ̯ ʁ ə
Arakanga	aː ʁ a k a ŋ ɡ a
Arakangas	aː ʁ a k a ŋ ɡ a s
Araraunas	aː ʁ a ʁ a uː n a s
Arasittich	aː ʁ a s ɪ t ɪ ç
Arbeit	a r b a ɪ̯ t
Arbeit	a r b e̞ ɪ̯ t
Arbeit	a ɐ̯ b a ɪ̯ t
Arbeit	a ʁ b a ɪ̯ t
Arbeitenden	a ʁ b a ɪ̯ t ə n d n̩
Arbeitender	a ʁ b a ɪ̯ t n̩ d ɐ
Arbeiterinnen	a ʁ b a ɪ̯ t ə ʀ ɪ n ə n
Arbeiterpartei	a ʁ b a ɪ̯ t ɐ p a ʁ t a ɪ̯
Arbeiters	a ʁ b a ɪ̯ t ɐ s
Arbeiterviertel	a r b a ɪ̯ t ɐ f ɪ r t l̩
Arbeitsablauf	ʔ a ʁ b a ɪ̯ t͡s ʔ a p l a ʊ̯ f
Arbeitsbereich	a ʁ b a ɪ̯ t s ʔ b ə ʁ a ɪ̯ ç
Arbeitsbericht	a ʁ b a ɪ̯ t͡s b ə ʁ ɪ ç t
Arbeitseinstellung	ʔ a ɐ̯ b a ɪ̯ t s ʔ a ɪ̯ n ʃ t ɛ l ʊ ŋ
Arbeitseinstellung	ʔ a ʁ b a ɪ̯ t s ʔ a ɪ̯ n ʃ t ɛ l ʊ ŋ
Arbeitseinstellungen	ʔ a ɐ̯ b a ɪ̯ t s ʔ a ɪ̯ n ʃ t ɛ l ʊ ŋ ə n
Arbeitseinstellungen	ʔ a ʁ b a ɪ̯ t s ʔ a ɪ̯ n ʃ t ɛ l ʊ ŋ ə n
Arbeitsfeld	ʔ a ɐ̯ b a ɪ̯ t s f ɛ l t
Arbeitsfeld	ʔ a ʁ b a ɪ̯ t s f ɛ l t
Arbeitsfelde	ʔ a ɐ̯ b a ɪ̯ t s f ɛ l d ə
Arbeitsfelde	ʔ a ʁ b a ɪ̯ t s f ɛ l d ə
Arbeitsfelder	ʔ a ɐ̯ b a ɪ̯ t s f ɛ l d ɐ
Arbeitsfelder	ʔ a ʁ b a ɪ̯ t s f ɛ l d ɐ
Arbeitsfeldern	ʔ a ɐ̯ b a ɪ̯ t s f ɛ l d ɐ n
Arbeitsfeldern	ʔ a ʁ b a ɪ̯ t s f ɛ l d ɐ n
Arbeitsfeldes	ʔ a ɐ̯ b a ɪ̯ t s f ɛ l d ə s
Arbeitsfeldes	ʔ a ʁ b a ɪ̯ t s f ɛ l d ə s
Arbeitsfelds	ʔ a ɐ̯ b a ɪ̯ t s f ɛ l t s
Arbeitsfelds	ʔ a ʁ b a ɪ̯ t s f ɛ l t s
Arbeitsfläche	a ʁ b a ɪ̯ t s ʔ f l ɛ ç ə
Arbeitsgemeinschaft	a ʁ b a ɪ̯ t s ɡ ə m a ɪ̯ n ʃ a f t
Arbeitsgericht	a ʁ b a ɪ̯ t͡s ɡ ə ʁ ɪ ç t
Arbeitsgerichte	a ʁ b a ɪ̯ t͡s ɡ ə ʁ ɪ ç t ə
Arbeitsgerichtes	a ʁ b a ɪ̯ t͡s ɡ ə ʁ ɪ ç t ə s
Arbeitslager	ʔ a ɐ̯ b a ɪ̯ t s l aː ɡ ɐ
Arbeitslager	ʔ a ʁ b a ɪ̯ t s l aː ɡ ɐ
Arbeitslagern	ʔ a ɐ̯ b a ɪ̯ t s l aː ɡ ɐ n
Arbeitslagern	ʔ a ʁ b a ɪ̯ t s l aː ɡ ɐ n
Arbeitslagers	ʔ a ɐ̯ b a ɪ̯ t s l aː ɡ ɐ s
Arbeitslagers	ʔ a ʁ b a ɪ̯ t s l aː ɡ ɐ s
Arbeitsleistung	ʔ a ɐ̯ b a ɪ̯ t s l a ɪ̯ s t ʊ ŋ
Arbeitsleistung	ʔ a ʁ b a ɪ̯ t s l a ɪ̯ s t ʊ ŋ
Arbeitsleistungen	ʔ a ɐ̯ b a ɪ̯ t s l a ɪ̯ s t ʊ ŋ ə n
Arbeitsleistungen	ʔ a ʁ b a ɪ̯ t s l a ɪ̯ s t ʊ ŋ ə n
Arbeitslohn	ʔ a ɐ̯ b a ɪ̯ t s l oː n
Arbeitslohn	ʔ a ʁ b a ɪ̯ t s l oː n
Arbeitslohne	ʔ a ɐ̯ b a ɪ̯ t s l oː n ə
Arbeitslohne	ʔ a ʁ b a ɪ̯ t s l oː n ə
Arbeitslohnes	ʔ a ɐ̯ b a ɪ̯ t s l oː n ə s
Arbeitslohnes	ʔ a ʁ b a ɪ̯ t s l oː n ə s
Arbeitslohns	ʔ a ɐ̯ b a ɪ̯ t s l oː n s
Arbeitslohns	ʔ a ʁ b a ɪ̯ t s l oː n s
Arbeitslosigkeit	ʔ a ʁ b a ɪ̯ t s l oː z ɪ ç kʰ a ɪ̯ tʰ
Arbeitslöhne	ʔ a ɐ̯ b a ɪ̯ t s l øː n ə
Arbeitslöhne	ʔ a ʁ b a ɪ̯ t s l øː n ə
Arbeitslöhnen	ʔ a ɐ̯ b a ɪ̯ t s l øː n ə n
Arbeitslöhnen	ʔ a ʁ b a ɪ̯ t s l øː n ə n
Arbeitsministerium	a ʁ b a ɪ̯ t͡s m i n ɪ s t eː ʀ i̯ ʊ m
Arbeitsniederlegung	a ʁ b a ɪ̯ t s n iː d ɐ l eː ɡ ʊ ŋ
Arbeitsplatzabbau	v ɪ ʁ t ʃ a f t͡s t͡s yː k l ʊ s
Arbeitsschluss	a ʁ b a ɪ̯ t͡s ʃ l ʊ s
Arbeitsschlusses	a ʁ b a ɪ̯ t͡s ʃ l ʊ s ə s
Arbeitsschlüsse	a ʁ b a ɪ̯ t͡s ʃ l ʏ s ə
Arbeitssuchender	a ʁ b a ɪ̯ t͡s z uː x n̩ d ɐ
Arbeitstier	ʔ a ʁ b a ɪ̯ t͡s t i ɐ̯
Arbeitstier	ʔ a ʁ b a ɪ̯ t͡s t iː ɐ̯
Arbeitsuchender	a ʁ b a ɪ̯ t z uː x n̩ d ɐ
Arbeitsunfähigkeit	a ʁ b a ɪ̯ t͡s ʊ n f ɛː ɪ ç k a ɪ̯ t
Arbeitsunfähigkeitsbescheinigung	a ʁ b a ɪ̯ t͡s ʔ ʊ n f ɛː ɪ k k a ɪ̯ t͡s b ə ʃ a ɪ̯ n ɪ ɡ ʊ ŋ
Arbeitsunfähigkeitsbescheinigung	a ʁ b a ɪ̯ t͡s ʔ ʊ n f ɛː ɪ ç k a ɪ̯ t͡s b ə ʃ a ɪ̯ n ɪ ɡ ʊ ŋ
Arbeitsverweigerung	a ʁ b a ɪ̯ t͡s f ɛ ɐ̯ v a ɪ̯ ɡ ə ʁ ʊ ŋ
Arbeitszeitverkürzung	a ʁ b a ɪ̯ t͡s t͡s a ɪ̯ t f ɛ ɐ̯ k ʏ ʁ t͡s ʊ ŋ
Arche	ʔ a ɐ̯ ç ə
Arche	ʔ a ʁ ç ə
Arche	ʔ aː ç ə
Architrav	a ʁ ç i t ʁ aː f
Ardennenoffensive	a ʁ d ɛ n ə n ʔ ɔ f ɛ n z iː v ə
Arenberg	aː ʁ ə n b ɛ r ç
Arenberg	aː ʁ ə n b ɛ ʁ k
Arenberger	aː ʁ ə n b ɛ ʁ ɡ ɐ
Arenbergerin	aː ʁ ə n b ɛ ʁ ɡ ə ʁ ɪ n
Arenbergerinnen	aː ʁ ə n b ɛ ʁ ɡ ə ʁ ɪ n ə n
Arenbergers	aː ʁ ə n b ɛ ʁ ɡ ɐ s
Arenbergs	aː ʁ ə n b ɛ r ç s
Arenbergs	aː ʁ ə n b ɛ ʁ k s
Arglosigkeit	a ʁ k l oː z ɪ ç k a ɪ̯ t
Argwohn	ʔ a ʁ k v oː n
Arisch	ʔ aː ʁ ɪ ʃ
Arkade	a ʁ k aː d ə
Arkaden	a ʁ k aː d n̩
Arkadenhof	ʔ a ʁ k aː d n̩ h oː f
Arkadenhofes	ʔ a ʁ k aː d n̩ h oː f ə s
Arkadenhofs	ʔ a ʁ k aː d n̩ h oː f s
Arkadenhöfe	ʔ a ʁ k aː d n̩ h øː f ə
Arlbergerin	ʔ a ʁ l b ɛ ʁ ɡ ə ʁ ɪ n
Arlbergerinnen	ʔ a ʁ l b ɛ ʁ ɡ ə ʁ ɪ n ə n
Arm	ʔ a ɐ̯ m
Arm	ʔ a ʁ m
Arm	ʔ aː m
Armatur	a m a t uː ɐ̯
Armatur	a ʁ m a t uː ɐ̯
Armband	ʔ ɑ ʁ̞ m b a n t
Armbruch	a ʁ m b ʁ ʊ x
Armdrücken	ʔ a ʁ m d ʁ ʏ k ŋ̍
Armee	a m eː
Armee	a ɐ̯ m eː
Armee	a ʁ m eː
Armin	a ʁ m iː n
Armine	ʔ ä ɐ̯ m iː n ə
Arminianer	ʔ ä ɐ̯ m i n i aː n ɐ
Armleuchter	ʔ a ʁ m l ɔ ʏ̯ ç t ɐ
Armutsgesellschaft	a ʁ m uː t͡s ɡ ə z ɛ l ʃ a f t
Arnheim	ʔ a ʁ n a ɪ̯ m
Arnheim	ʔ a ʁ n h a ɪ̯ m
Arnoldstein	a ʁ n ɔ l t ʃ t a ɪ̯ n
Arnoldsteiner	a ʁ n ɔ l t ʃ t a ɪ̯ n ɐ
Arnoldsteinerin	a ʁ n ɔ l t ʃ t a ɪ n ə ʁ ɪ n
Arnoldsteinerinnen	a ʁ n ɔ l t ʃ t a ɪ n ə ʁ ɪ n ə n
Arnoldsteiners	a ʁ n ɔ l t ʃ t a ɪ̯ n ɐ s
Arnoldsteins	a ʁ n ɔ l t ʃ t a ɪ̯ n s
Arnoldsweiler	a ʁ n ɔ l t s v a ɪ̯ l ɐ
Arnoldsweilerin	a ʁ n ɔ l t s v a ɪ̯ l ə ʁ ɪ n
Arnoldsweilerinnen	a ʁ n ɔ l t s v a ɪ̯ l ə ʁ ɪ n ə n
Arnoldsweilers	a ʁ n ɔ l t s v a ɪ̯ l ɐ s
Arnsberg	a ʁ n s b ɛ r ç
Arnsberg	a ʁ n s b ɛ ʁ k
Arnsberger	aː ʁ n s b ɛ ʁ ɡ ɐ
Arnsbergerin	aː ʁ n s b ɛ ʁ ɡ ə ʁ ɪ n
Arnsbergers	aː ʁ n s b ɛ ʁ ɡ ɐ s
Arnsbergs	a ʁ n s b ɛ r ç s
Arnsbergs	a ʁ n s b ɛ ʁ k s
Arnstein	a ʁ n ʃ t a ɪ̯ n
Arnsteiner	a ʁ n ʃ t a ɪ̯ n ɐ
Arnsteinerin	a ʁ n ʃ t a ɪ n ə ʁ ɪ n
Arnsteinerinnen	a ʁ n ʃ t a ɪ n ə ʁ ɪ n ə n
Arnsteiners	a ʁ n ʃ t a ɪ̯ n ɐ s
Arnsteins	a ʁ n ʃ t a ɪ̯ n s
Arnstädter	a ʁ n ʃ t ɛ t ɐ
Arnstädterin	a ʁ n ʃ t ɛ t ə ʁ ɪ n
Arnstädters	a ʁ n ʃ t ɛ t ɐ s
Aronstabgewächs	aː ʁ ɔ n ʃ t aː p ɡ ə v ɛ k s
Aronstabgewächse	aː ʁ ɔ n ʃ t aː p ɡ ə v ɛ k s ə
Aronstabgewächses	aː ʁ ɔ n ʃ t aː p ɡ ə v ɛ k s ə s
Arpeggio	a ʁ p ɛ d͡ʒ o
Arrangement	a ʁ a ŋ ʃ ə m ɑ̃ː
Arrangement	a ʁ a ŋ ʒ ə m ɑ̃ː
Arrangement	a ʁ ɑ̃ ʃ ə m ɑ̃ː
Arrangement	a ʁ ɑ̃ ʒ ə m ɑ̃ː
Arsch	ʔ a ɐ̯ ʃ
Arsch	ʔ a ʁ ʃ
Arsch	ʔ aː ʃ
Arschrunzeln	a r ʃ r ʊ n t s l̩ n
Arsenikesser	a ʁ z eː n ɪ k ɛ s ɐ
Art	ʔ aː t
Art	ʔ aː ɐ̯ t
Art	ʔ aː ʁ t
Artenreichtum	aː ɐ̯ t n̩ ʁ a ɪ̯ ç t uː m
Artepithet	aː ɐ̯ t ʔ e p iː t e t
Artikels	a ʁ t iː k l̩ s
Artillerie	a ʁ t ɪ l ə ʁ iː
Artischocke	a ʁ t i ʃ ɔ k ə
Artischocken	a ʁ t i ʃ ɔ k n̩
Artischocken	a ʁ t i ʃ ɔ k ŋ̩
Arzneibaldrian	aː ɐ̯ t͡s n a ɪ̯ b a l d ʁ i aː n
Arzneibaldriane	aː ɐ̯ t͡s n a ɪ̯ b a l d ʁ i aː n ə
Arzneibaldrians	aː ɐ̯ t͡s n a ɪ̯ b a l d ʁ i aː n s
Arzt	a ʁ t͡s t
Arzt	aː t s
Arzt	aː t s t
Arzt	aː ɐ̯ t s t
Arztkittel	aː ɐ̯ t͡s t k ɪ t l̩
Aschaffenburger	a ʃ a f n̩ b ʊ ʁ ɡ ɐ
Aschaffenburgerin	a ʃ a f n̩ b ʊ ʁ ɡ ə ʁ ɪ n
Aschaffenburgerinnen	a ʃ a f n̩ b ʊ ʁ ɡ ə ʁ ɪ n ə n
Aschaffenburgers	a ʃ a f n̩ b ʊ ʁ ɡ ɐ s
Asche	a ʃ ə
Aschenbecher	ʔ a ʃ n̩ b ɛ ç ɐ
Aschenbecher	ʔ a ʒ ə b ɛ ʒ ɛ
Ascherslebener	a ʃ ɐ s l eː b n̩ ɐ
Ascherslebenerin	a ʃ ɐ s l eː b n̩ ə ʁ ɪ n
Ascherslebenerinnen	a ʃ ɐ s l eː b n̩ ə ʁ ɪ n ə n
Ascherslebeners	a ʃ ɐ s l eː b n̩ ɐ s
Ascherslebens	a ʃ ɐ s l eː b n̩ s
Ascospore	a s k o ʃ p oː ʁ ə
Ascosporen	a s k o ʃ p oː ʁ ə n
Asemissen	ʔ aː z ə m ɪ s ə n
Aserbaidschan	ʔ a z ɛ ʁ b a ɪ̯ d͡ʒ aː n
Asiate	a z i̯ aː t ə
Asien	aː z i̯ ə n
Asoziale	a z o t͡s i̯ aː l ə
Asozialer	a z o t͡s i̯ aː l ɐ
Asparaginsäure	a s p a ʁ a ɡ iː n z ɔ ɪ̯ ʁ ə
Aspartam	ʔ ä s pʰ ä ʁ tʰ ä m
Aspartame	ʔ ä s pʰ ä ʁ tʰ ä m ə
Aspartamen	ʔ ä s pʰ ä ʁ tʰ ä m ə n
Aspartams	ʔ ä s pʰ ä ʁ tʰ ä m s
Assassine	a s a s iː n ə
Assekuranz	a s e k u ʁ a n t͡s
Assekuranz	a s ɛ k u ʁ a n t͡s
Asservatenkammer	a s ɛ ʁ v aː t n̩ k a m ɐ
Assikuranz	a s i k u ʁ a n t͡s
Assikuranz	a s ɪ k u ʁ a n t͡s
Assyriologie	ʔ a s y ʁ i o l o ɡ iː
Asternstrauß	a s t ɐ n ʃ t r a ʊ̯ s
Asternsträußchen	a s t ɐ n ʃ t ʁ ɔ ɪ̯ s ç ə n
Asthma	a s t m a
Astloch	a s t l ɔ x
Astloches	a s t l ɔ x ə s
Astlochs	a s t l ɔ x s
Astlöcher	a s t l œ ç ɐ
Astlöchern	a s t l œ ç ɐ n
Astronomie	ʔ a s t ʁ o n o m iː
Astrophysiker	a s t ʁ o f yː z ɪ k ɐ
Astrophysikerin	a s t ʁ o f yː z ɪ k ə ʁ ɪ n
Asylantrag	a z yː l ʔ a n t ʁ aː k
Asylrecht	ʔ a z yː l ʁ ɛ ç tʰ
Ataman	a t a m aː n
Atemweg	aː t ə m v eː k
Atemwegsverengung	aː t ə m v eː k s f ɛ ɐ̯ ɛ ŋ ʊ ŋ
Atemwegsverlegung	aː t ə m v eː k s f ɛ ɐ̯ l eː ɡ ʊ ŋ
Atmosphärendrücken	a t m o s f ɛː ʁ ə n d ʁ ʏ k n̩
Atmosphärendrücken	a t m o s f ɛː ʁ ə n d ʁ ʏ k ŋ̩
Atomangriff	a t oː m ʔ a n ɡ ʁ ɪ f
Atomangriffs	a t oː m ʔ a n ɡ ʁ ɪ f s
Atombombe	a t oː m b ɔ m b ə
Atombombenexplosion	a t oː m b ɔ m b n̩ ʔ ɛ k s p l o z i̯ oː n
Atombunker	a t oː m b ʊ ŋ k ɐ
Atomisierer	ʔ a t o m i z iː ʁ ɐ
Atomsprengkopf	a t oː m ʃ p ʁ ɛ ŋ k ɔ p͡f
Atomsprengkopfes	a t oː m ʃ p ʁ ɛ ŋ k ɔ p͡f ə s
Atomsprengkopfs	a t oː m ʃ p ʁ ɛ ŋ k ɔ p͡f s
Atomsprengköpfe	a t oː m ʃ p ʁ ɛ ŋ k œ p͡f ə
Atomunterseeboot	a t oː m ʔ ʊ n t ɐ z eː b oː t
Atomunterseeboote	a t oː m ʔ ʊ n t ɐ z eː b oː t ə
Atomunterseebootes	a t oː m ʔ ʊ n t ɐ z eː b oː t ə s
Atomunterseeboots	a t oː m ʔ ʊ n t ɐ z eː b oː t s
Atomwaffe	a t oː m v a f ə
Atomwaffentest	a t oː m v a f n̩ t ɛ s t
Attentäter	ʔ a t n̩ t ɛː t ɐ
Attika	a t i k a
Aubergine	o b ɛ ʁ ʒ iː n ə
Audiodatei	ʔ a ʊ̯ d i o d a tʰ a ɪ̯
Auditorium	a ʊ̯ d i t oː ʁ i ʊ m
Auerbach	a ʊ̯ ɐ b a x
Auerbacher	a ʊ̯ ɐ b a x ɐ
Auerbacherin	a ʊ̯ ɐ b a x ə ʁ ɪ n
Auerbachers	a ʊ̯ ɐ b a x ɐ s
Auerbachs	a ʊ̯ ɐ b a x s
Auerochse	ʔ a ʊ ɐ ʔ ɔ k s ə
Auerrind	ʔ a ʊ ɐ ʁ ɪ n t
Aufarbeitung	a ʊ̯ f ʔ a ʁ b a ɪ̯ t ʊ ŋ
Aufbauschen	ʔ a ʊ̯ f b a ʊ̯ ʃ n̩
Aufbauscher	ʔ a ʊ̯ f b a ʊ̯ ʃ ɐ
Aufbauscherin	ʔ a ʊ̯ f b a ʊ̯ ʃ ə ʁ ɪ n
Aufbereitung	a ʊ̯ f b ə ʁ a ɪ̯ t ʊ ŋ
Aufbieter	a ʊ̯ f b iː t ɐ
Aufbieterin	a ʊ̯ f b iː t ə ʁ ɪ n
Aufbieterinnen	a ʊ̯ f b iː t ə ʁ ɪ n ə n
Aufbietung	a ʊ̯ f b iː t ʊ ŋ
Aufblicken	ʔ a ʊ̯ f b l ɪ k n̩
Aufblähungen	a ʊ̯ f b l ɛː ʊ ŋ ə n
Aufdatieren	a ʊ̯ f d a t iː ʁ ə n
Aufdrehen	a ʊ̯ f d ʁ eː ə n
Aufeinanderstossen	a ʊ̯ f ʔ a ɪ̯ n a n d ɐ ʃ t oː s n̩
Aufeinanderstoßen	a ʊ̯ f ʔ a ɪ̯ n a n d ɐ ʃ t oː s n̩
Aufenthaltserlaubnis	a ʊ̯ f ʔ ɛ n t h a l t͡s ʔ ɛ ɐ̯ l a ʊ̯ p n ɪ s
Aufenthaltsgenehmigung	a ʊ̯ f ʔ ɛ n t h a l t s ɡ ə n eː m ɪ ɡ ʊ ŋ
Aufenthaltsraum	a ʊ̯ f ʔ ɛ n t h a l t͡s ʁ a ʊ̯ m
Aufenthaltstitel	a ʊ̯ f ʔ ɛ n t h a l t s t iː t l
Auferstehung	ʔ a ʊ̯ f ʔ ɛ ʁ ʃ t eː ʊ ŋ
Auffahrt	ʔ a ʊ̯ f f aː ɐ̯ t
Auffallen	ʔ a ʊ̯ f f a l ə n
Auffassen	ʔ a ʊ̯ f f a s n̩
Auffassungsgabe	a ʊ̯ f f a s ʊ ŋ s ɡ aː b ə
Aufforderer	ʔ a u f f ɔ ʁ d ə ʁ ɐ
Auffordern	ʔ a u f f ɔ ʁ d ɐ n
Aufführung	a ʊ̯ f f yː ʀ ʊ ŋ
Aufgabe	ʔ a ʊ̯ f ɡ aː b ə
Aufgeblähtheit	ʔ a ʊ̯ f ɡ ə b l ɛː t h a ɪ̯ t
Aufgedunsenheit	ʔ a ʊ̯ f ɡ ə d ʊ n z n̩ h a ɪ̯ t
Aufgehen	ʔ a ʊ̯ f ɡ eː ə n
Aufgreifen	a ʊ̯ f ɡ ʁ a ɪ̯ f n̩
Aufhalten	a ʊ̯ f h a l t n̩
Aufhauser	a ʊ̯ f h a ʊ̯ z s
Aufhausers	a ʊ̯ f h a ʊ̯ z ɐ s
Aufheben	ʔ a ʊ̯ f h eː b m̩
Aufholer	a ʊ̯ f h oː l ɐ
Aufhängen	ʔ a ʊ f h ɛ ŋ ə n
Aufhören	ʔ a ʊ̯ f h øː ʁ ə n
Aufklauben	a ʊ̯ f k l a ʊ̯ b n̩
Aufkleben	a ʊ̯ f k l eː b m̩
Aufklingen	ʔ a ʊ̯ f k l ɪ ŋ n̩
Aufklärungsdrohne	a ʊ̯ f k l ɛː ʁ ʊ ŋ s d ʁ oː n ə
Aufkommen	ʔ a ʊ̯ f k ɔ m ə n
Aufkündigen	a ʊ̯ f k ʏ n d ɪ ɡ n̩
Aufkündiger	a ʊ̯ f k ʏ n d ɪ ɡ ɐ
Auflader	ʔ a ʊ̯ f l aː d ɐ
Auflösungszeichen	a ʊ̯ f l øː z ʊ ŋ s t͡s a ɪ̯ ç n̩
Aufmachen	ʔ a ʊ̯ f m a x n̩
Aufmerksamkeit	ʔ a ʊ̯ f m ɛ ʁ k z aː m kʰ a ɪ̯ tʰ
Aufmerksamkeiten	ʔ a ʊ̯ f m ɛ ʁ k z aː m kʰ a ɪ̯ tʰ ə n
Aufmischen	a ʊ̯ f m ɪ ʃ n̩
Aufpecken	a ʊ̯ f p ɛ k n̩
Aufpicken	a ʊ̯ f p ɪ k n̩
Aufraffen	a ʊ̯ f ʁ a f n̩
Aufregen	ʔ a ʊ̯ f ʁ eː ɡ n̩
Aufreißen	ʔ a ʊ̯ f ʁ a ɪ̯ s n̩
Aufrunden	ʔ a ʊ̯ f ʁ ʊ n d n̩
Aufrunden	ʔ a ʊ̯ f ʁ ʊ n d ə n
Aufrücken	a ʊ̯ f ʁ ʏ k n̩
Aufrücken	a ʊ̯ f ʁ ʏ k ŋ̩
Aufrückens	a ʊ̯ f ʁ ʏ k n̩ s
Aufrückens	a ʊ̯ f ʁ ʏ k ŋ̩ s
Aufschauen	a ʊ̯ f ʃ a ʊ̯ n
Aufschießen	ʔ a ʊ̯ f ʃ iː s n̩
Aufschlagen	ʔ a ʊ̯ f ʃ l aː ɡ ŋ̩
Aufschliesserin	ʔ a ʊ̯ f ʃ l iː s ə ʀ ɪ n
Aufschließen	ʔ a ʊ̯ f ʃ l iː s n̩
Aufschließerin	a ʊ̯ f ʃ l iː s ə ʁ ɪ n
Aufschließerinnen	ʔ a ʊ̯ f ʃ l iː s ə ʀ ɪ n ə n
Aufschluss	a ʊ̯ f ʃ l ʊ s
Aufschneider	a ʊ̯ f ʃ n a ɪ̯ d ɐ
Aufschrauben	ʔ a u f ʃ ʁ a ʊ̯ b m̩
Aufschrauben	ʔ a u f ʃ ʁ a ʊ̯ b n̩
Aufschrecken	a ʊ̯ f ʃ ʁ e k n̩
Aufschreien	a ʊ̯ f ʃ ʁ a ɪ̯ ə n
Aufsetzen	a ʊ̯ f z ɛ t͡s n̩
Aufspielen	a ʊ̯ f ʃ p iː l ə n
Aufspielerin	a ʊ̯ f ʃ p iː l ɐ ʁ ɪ n
Aufsteiger	ʔ a ʊ̯ f ʃ t a ɪ̯ ɡ ɐ
Aufstellen	ʔ a u f ʃ t ɛ l ə n
Aufstellung	a ʊ̯ f ʃ t ɛ l ʊ ŋ
Aufstossen	a ʊ̯ f ʃ t oː s n̩
Aufstosser	ʔ a ʊ̯ f ʃ t oː s ɐ
Aufstoßen	a ʊ̯ f ʃ t oː s n̩
Aufstoßer	ʔ a ʊ̯ f ʃ t oː s ɐ
Aufstrich	ʔ a ʊ̯ f ʃ t ʁ ɪ ç
Aufsucherin	ʔ a ʊ f z uː x ə ʁ ɪ n
Aufsucherinnen	ʔ a ʊ f z uː x ə ʁ ɪ n ə n
Auftragsarbeit	a ʊ̯ f t ʁ aː k s ʔ a ʁ b a ɪ̯ t
Auftragsbestätigung	a ʊ̯ f t ʁ aː k s b ə ʃ t ɛː t i ɡ ʊ ŋ
Auftragslage	a ʊ̯ f t ʁ aː k s l aː ɡ ə
Auftragsreichweite	a ʊ̯ f t ʁ aː k s ʁ a ɪ̯ ç v a ɪ̯ t ə
Auftreten	ʔ a ʊ̯ f t ʁ eː t n̩
Auftreten	ʔ a ʊ̯ f t ʁ eː t ə n
Auftretens	ʔ a ʊ̯ f t ʁ eː t n̩ s
Auftretens	ʔ a ʊ̯ f t ʁ eː t ə n s
Auftun	ʔ a ʊ̯ f t uː n
Auftunken	ʔ a ʊ̯ f t ʊ ŋ k n̩
Aufwandes	a ʊ̯ f v a n d ə s
Aufwartung	a ʊ̯ f v a ʁ t ʊ ŋ
Aufwerten	a ʊ̯ f v eː ɐ̯ t n̩
Aufwiegelung	a ʊ̯ f v iː ɡ ə l ʊ ŋ
Aufwischen	ʔ a ʊ̯ f v ɪ ʃ n̩
Aufwuchs	ʔ a ʊ̯ f v uː k s
Aufwärtstrend	a ʊ̯ f v ɛ ʁ t͡s t ʁ ɛ n t
Aufzeichnen	ʔ a ʊ̯ f t͡s a ɪ̯ ç n ə n
Aufzeichner	ʔ a ʊ̯ f t͡s a ɪ̯ ç n ɐ
Aufziehen	ʔ a ʊ̯ f t s iː ə n
Aufzählen	ʔ a ʊ̯ f t s ɛː l n̩
Aufzähler	ʔ a ʊ̯ f t s ɛː l ɐ
Aufzählerin	ʔ a ʊ̯ f t s ɛː l ə ʁ ɪ n
Augenbrauen	b ʁ ä ʊ̯ n
Augenbrauen	ʔ ä ʊ̯ ɡ ə n b ʁ ä ʊ̯ ə n
Augenentzündung	ʔ a ʊ̯ ɡ n̩ ʔ ɛ n t t s ʏ n d ʊ ŋ
Augeninnendruck	a ʊ̯ ɡ n̩ ɪ n ə n d ʀ ʊ k
Augenkrankheit	ʔ a ʊ̯ ɡ n̩ k ʁ a ŋ k h a ɪ̯ t
Augenmerk	ʔ a ʊ̯ ɡ ə n m ɛ ʁ k
Augenreim	a ʊ̯ ɡ n̩ ʁ a ɪ̯ m
Augenwinkel	a ʊ̯ ɡ n̩ v ɪ ŋ k l̩
Augsburger	a ʊ̯ k s b ʊ ʁ ɡ ɐ
Augsburgerin	a ʊ̯ k s b ʊ ʁ ɡ ə ʁ ɪ n
Augsburgerinnen	a ʊ̯ k s b ʊ ʁ ɡ ə ʁ ɪ n ə n
Augsburgs	a ʊ̯ k s b ʊ ʁ k s
Aula	ʔ a ʊ̯ l a
Aulendorfer	a ʊ̯ l ə n d ɔ ʁ f ɐ
Aulendorferin	a ʊ̯ l ə n d ɔ ʁ f ə ʁ ɪ n
Aulendorferinnen	a ʊ̯ l ə n d ɔ ʁ f ə ʁ ɪ n ə n
Aulendorfers	a ʊ̯ l ə n d ɔ ʁ f ɐ s
Aura	a ʊ̯ ʁ a
Ausarbeiten	a ʊ̯ s ʔ a ʁ b a ɪ̯ t n̩
Ausbedingen	ʔ a ʊ s b ə d ɪ ŋ ə n
Ausbessern	a ʊ̯ s b ɛ s ɐ n
Ausbeuter	a ʊ̯ s b ɔ ɪ̯ t ɐ
Ausbeuterei	a ʊ̯ s b ɔ ɪ̯ t ə ʀ a ɪ̯
Ausbeuterin	a ʊ̯ s b ɔ ɪ̯ t ə ʀ ɪ n
Ausbilderin	a ʊ̯ s b ɪ l d ə ʁ ɪ n
Ausbleichen	ʔ a ʊ s b l a ɪ̯ ç ə n
Ausblühen	ʔ a ʊ̯ s b l yː ə n
Ausbrechen	ʔ a ʊ̯ s b ʁ ɛ ç n̩
Ausbrechen	ʔ a ʊ̯ s b ʁ ɛ ç ə n
Ausbrecher	a ʊ̯ s b ʁ ɛ ç ɐ
Ausbrecherin	a ʊ̯ s b ʁ ɛ ç ə ʁ ɪ n
Ausbrecherinnen	a ʊ̯ s b ʁ ɛ ç ə ʁ ɪ n ə n
Ausbrecherkönig	a ʊ̯ s b r ɛ ç ɐ k øː n ɪ ç
Ausbrecherkönig	a ʊ̯ s b ʁ ɛ ç ɐ k øː n ɪ k
Ausbrecherkönige	ʔ a ʊ̯ s b ʁ ɛ ç ɐ k øː n ɪ ɡ ə
Ausbrecherkönigs	a ʊ̯ s b r ɛ ç ɐ k øː n ɪ ç s
Ausbrecherkönigs	a ʊ̯ s b ʁ ɛ ç ɐ k øː n ɪ k s
Ausbreiten	ʔ a ʊ s b ʁ a ɪ̯ t n̩
Ausbuchtung	a ʊ̯ s b ʊ x t ʊ ŋ
Auschwitz	ʔ a ʊ̯ ʃ v ɪ t͡s
Auschwitz	ʔ a ʊ̯ ʃ ʋ ɪ t͡s
Ausdehnung	ʔ a ʊ̯ s d eː n ʊ ŋ
Ausdruck	ʔ a ʊ̯ s d ʁ ʊ k
Ausdrucken	ʔ a ʊ̯ s d ʁ ʊ k n̩
Ausdrücken	ʔ a ʊ̯ s d ʁ ʏ k ŋ̩
Ausdrücken	ʔ a ʊ̯ s d ʁ ʏ k ə n
Ausdrücker	a ʊ̯ s d r ʏ k ɐ
Ausdrückerin	a ʊ̯ s d r ʏ k ə ʀ ɪ n
Auseinanderfallen	a ʊ̯ s ʔ a ɪ̯ n a n d ɐ f a l ə n
Auseinandergehen	a ʊ̯ s ʔ a ɪ̯ n a n d ɐ ɡ eː ə n
Auseinanderhalten	a ʊ̯ s ʔ a ɪ̯ n a n d ɐ h a l t n̩
Auserwählen	ʔ a ʊ̯ s ɛ ɐ̯ v ɛ l n̩
Ausfall	ʔ a ʊ̯ s f a l
Ausfallereignis	a ʊ̯ s f a l ʔ ɛ ɐ̯ ʔ a ɪ̯ ɡ n ɪ s
Ausfallrisiko	a ʊ̯ s f a l ʁ iː z i k o
Ausfallserscheinung	a ʊ̯ s f a l s ɛ ɐ̯ ʃ a ɪ̯ n ʊ ŋ
Ausflippen	a ʊ̯ s f l ɪ p n̩
Ausfragen	a ʊ̯ s f ʁ aː ɡ n̩
Ausfrager	a ʊ̯ s f ʁ aː ɡ ɐ
Ausfragerin	a ʊ̯ s f ʁ aː ɡ ə ʀ ɪ n
Ausfressen	a ʊ̯ s f ʁ ɛ s n̩
Ausfüllen	ʔ ä o̯ s f ʏ l ə n
Ausgaben	a ʊ̯ s ɡ aː b n̩
Ausgangsimpedanz	ʔ a ʊ̯ s ɡ a ŋ s ɪ m p e d a n t͡s
Ausgangsimpedanzen	ʔ a ʊ̯ s ɡ a ŋ s ɪ m p e d a n t͡s n̩
Ausgangssituation	a ʊ̯ s ɡ a ŋ s z i t u a t͡s i̯ oː n
Ausgereiftheit	a ʊ̯ s ɡ ə ʁ a ɪ̯ f t h a ɪ̯ t
Ausgleichsmandat	a ʊ̯ s ɡ l a ɪ̯ ç s m a n d aː t
Ausgleichszahlung	a ʊ̯ s ɡ l a ɪ̯ ç s t s aː l ʊ ŋ
Ausgraben	ʔ a ʊ̯ s ɡ ʁ aː b n̩
Aushalten	a ʊ̯ s h a l t n̩
Ausheben	ʔ a ʊ̯ s h eː b n̩
Ausheberin	a ʊ̯ s h eː b ə ʁ ɪ n
Aushelfer	a ʊ̯ s h ɛ l f ɐ
Aushelferin	a ʊ̯ s h ɛ l f ɛ ʀ ɪ n
Aushängeschild	a ʊ̯ s h ɛ ŋ ə ʃ ɪ l t
Aushöhlen	a ʊ̯ s h øː l ə n
Auskaufen	ʔ a ʊ s k a ʊ̯ f n̩
Ausklammern	a ʊ̯ s k l a m ɐ n
Auskundschaften	a ʊ̯ s k ʊ n t ʃ a f t n̩
Auskundschafter	a ʊ̯ s k ʊ n t ʃ a f t ɐ
Auslachen	ʔ a ʊ̯ s l a x n̩
Auslader	ʔ a ʊ̯ s l aː d ɐ
Ausladung	a ʊ̯ s l aː d ʊ ŋ
Ausladungen	a ʊ̯ s l aː d ʊ ŋ ə n
Auslagerung	ʔ a ʊ̯ s l aː ɡ ə ʁ ʊ ŋ
Auslandsflug	a ʊ̯ s l a n t͡s f l uː k
Auslandsfluges	a ʊ̯ s l a n t͡s f l uː ɡ ə s
Auslandsflugs	a ʊ̯ s l a n t͡s f l uː k s
Auslandsflüge	a ʊ̯ s l a n t͡s f l yː ɡ ə
Auslandskaufkraft	a ʊ̯ s l a n t͡s k a ʊ̯ f k ʁ a f t
Auslandskonto	a ʊ̯ s l a n t s k ɔ n t o
Auslautgesetz	a ʊ̯ s l a ʊ̯ t ɡ ə z ɛ t͡s
Ausleiten	a ʊ s l a ɪ̯ t n̩
Ausloben	ʔ a ʊ̯ s l oː b n̩
Ausländer	ʔ a ʊ̯ s l ɛ n d ɐ
Ausländerin	ʔ a ʊ̯ s l ɛ n d ə ʁ ɪ n
Ausläufer	a ʊ̯ s l ɔ ɪ̯ f ɐ
Auslösungen	ʔ a ʊ̯ s l øː z ʊ ŋ ə n
Ausmessen	a ʊ̯ s m ɛ s n̩
Ausnahme	ʔ a ʊ̯ s n aː m ə
Ausnahmesituation	a ʊ̯ s n aː m ə z i t u a t͡s i̯ oː n
Ausnutzung	ʔ a ʊ̯ s n ʊ t s ʊ ŋ
Ausparken	a ʊ s p a ʁ k n̩
Ausparker	a ʊ̯ s p a ʁ k ɐ
Ausplaudern	a ʊ̯ s p l a ʊ̯ d ɐ n
Auspressen	a ʊ̯ s p ʁ ɛ s n̩
Auspresser	a ʊ̯ s p ʁ ɛ s ɐ
Auspresserin	a ʊ̯ s p ʁ ɛ s ə ʁ ɪ n
Ausquellen	ʔ a ʊ̯ s k v ɛ l n̩
Ausquetschen	a ʊ̯ s k v ɛ t ʃ n̩
Ausquetscher	a ʊ̯ s k v ɛ t͡ʃ ɐ
Ausquetscherin	a ʊ̯ s k v ɛ t͡ʃ ə ʀ ɪ n
Ausrasten	a ʊ̯ s ʁ a s t n̩
Ausrauben	a ʊ̯ s ʁ a ʊ̯ b n̩
Ausreise	a ʊ̯ s ʀ a ɪ̯ z ə
Ausreiseerlaubnis	a ʊ̯ s ʀ a ɪ̯ z ə ʔ ɛ ɐ̯ l a ʊ̯ p n ɪ s
Ausreisevisum	a ʊ̯ s ʀ a ɪ̯ z ə v iː z ʊ m
Ausreiten	ʔ a ʊ̯ s ʁ a ɪ̯ t n̩
Ausrottungen	a ʊ̯ s ʁ ɔ t ʊ ŋ ə n
Ausrutscher	a ʊ̯ s ʀ ʊ t͡ʃ ɐ
Ausrücken	a ʊ̯ s ʁ ʏ k n̩
Aussage	ʔ a ʊ̯ s z aː ɡ ə
Ausschalten	ʔ a ʊ̯ s ʃ a l t n̩
Ausscheiden	a ʊ̯ s ʃ a ɪ̯ d n̩
Ausscheider	a ʊ̯ s ʃ a ɪ̯ d ɐ
Ausschlagen	ʔ a ʊ̯ s ʃ l aː ɡ ŋ̩
Ausschliesser	ʔ a ʊ̯ s ʃ l iː s ɐ
Ausschliesserin	ʔ a ʊ̯ s ʃ l iː s ə ʀ ɪ n
Ausschließen	ʔ a ʊ̯ s ʃ l iː s n̩
Ausschließer	ʔ a ʊ̯ s ʃ l iː s ɐ
Ausschließerin	a ʊ̯ s ʃ l iː s ə ʁ ɪ n
Ausschließerinnen	ʔ a ʊ̯ s ʃ l iː s ə ʀ ɪ n ə n
Ausschließung	ʔ a ʊ̯ s ʃ l iː s ʊ ŋ
Ausschluss	ʔ a ʊ̯ s ʃ l ʊ s
Ausschlussverfahren	ʔ a ʊ̯ s ʃ l ʊ s f ɛ ɐ̯ f aː ɐ̯ n
Ausschlussverfahren	ʔ a ʊ̯ s ʃ l ʊ s f ɛ ɐ̯ f aː ʁ ə n
Ausschlussverfahrens	ʔ a ʊ̯ s ʃ l ʊ s f ɛ ɐ̯ f aː ɐ̯ n s
Ausschlussverfahrens	ʔ a ʊ̯ s ʃ l ʊ s f ɛ ɐ̯ f aː ʁ ə n s
Ausschweifen	a ʊ̯ s ʃ v a ɪ̯ f n̩
Ausschöpfen	ʔ a ʊ̯ s ʃ œ p͡f n̩
Ausschüttungsintervall	a ʊ̯ s ʃ ʏ t ʊ ŋ s ʔ ɪ n t ɐ v a l
Ausschüttungsquote	a ʊ̯ s ʃ ʏ t ʊ ŋ s k v oː t ə
Ausschüttungsrendite	a ʊ̯ s ʃ ʏ t ʊ ŋ s ʁ ɛ n d iː t ə
Aussichtsturm	a ʊ̯ s z ɪ ç t͡s t ʊ ʁ m
Aussichtsturmes	a ʊ̯ s z ɪ ç t͡s t ʊ ʁ m ə s
Aussichtstürme	a ʊ̯ s z ɪ ç t͡s t ʏ ʁ m ə
Aussiedeln	ʔ a ʊ̯ s z iː d l̩ n
Ausspracheregel	a ʊ̯ s ʃ p ʁ aː x ə ʁ eː ɡ l̩
Ausspruch	a ʊ̯ s ʃ p ʀ ʊ χ
Ausspäherin	ʔ a ʊ̯ s ʃ p ɛː ə ʀ ɪ n
Ausspäherinnen	ʔ a ʊ̯ s ʃ p ɛː ə ʀ ɪ n ə n
Ausspähung	ʔ a ʊ̯ s ʃ p ɛː ʊ ŋ
Ausstand	a ʊ̯ s ʃ t a n t
Aussteigen	a ʊ̯ s ʃ t a ɪ̯ ɡ n̩
Aussteigen	ʔ a ʊ̯ s ʃ t a ɪ̯ ɡ ŋ̩
Ausstellen	ʔ a ʊ̯ s ʃ t ɛ l n̩
Ausstellungsraum	a ʊ̯ s ʃ t ɛ l ʊ ŋ s ʁ a ʊ̯ m
Ausstossen	a ʊ̯ s ʃ t oː s n̩
Ausstosser	ʔ a ʊ̯ s ʃ t oː s ɐ
Ausstoßen	a ʊ̯ s ʃ t oː s n̩
Ausstoßer	ʔ a ʊ̯ s ʃ t oː s ɐ
Aussucherin	ʔ a ʊ s z uː x ə ʁ ɪ n
Aussucherinnen	ʔ a ʊ s z uː x ə ʁ ɪ n ə n
Austeilerin	a ʊ̯ s t a ɪ̯ l ə ʁ ɪ n
Austernfischer	a ʊ̯ s t ɐ n f ɪ ʃ ɐ
Austicken	a ʊ̯ s t ɪ k n̩
Austragen	ʔ a ʊ s t ʁ aː ɡ ŋ̩
Austragungsort	a ʊ̯ s t ʁ aː ɡ ʊ ŋ s ʔ ɔ ʁ t
Austritt	ʔ a ʊ̯ s t ʁ ɪ t
Austrittszahlen	ʔ a ʊ̯ s t ʁ ɪ t s t s aː l n̩
Austrittszahlen	ʔ a ʊ̯ s t ʁ ɪ t s t s aː l ə n
Ausverkaufen	ʔ a ʊ s f ɛ ʁ k a ʊ f ə n
Auswanderung	ʔ a ʊ̯ s v a n d ə ʁ ʊ ŋ
Auswendiglernen	a ʊ̯ s v ɛ n d ɪ k l ɛ ɐ n ə n
Auswendiglernen	a ʊ̯ s v ɛ n d ɪ ç l ɛ ɐ n ə n
Auswringen	a ʊ̯ s v ʁ ɪ ŋ ə n
Auswringer	a ʊ̯ s v ʁ ɪ ŋ ɐ
Auswringerin	a ʊ̯ s v ʁ ɪ ŋ ə ʀ ɪ n
Auswärtsspiel	a ʊ̯ s v ɛ ʁ t͡s ʃ p iː l
Auszahlung	a ʊ̯ s t s aː l ʊ ŋ
Auszeichnen	ʔ a ʊ̯ s t͡s a ɪ̯ ç n ə n
Auszeichner	ʔ a ʊ̯ s t͡s a ɪ̯ ç n ɐ
Auszeichnungssprache	a ʊ̯ s t s a ɪ̯ ç n ʊ ŋ ʃ p ʁ aː x ə
Auszug	a ʊ̯ s t͡s uː k
Autarkie	ʔ a ʊ̯ t a ʁ k iː
Auto	ʔ a ʊ̯ tʰ oˑ
Autobahn	ʔ a ʊ̯ t o b aː n
Autobahnknoten	ʔ a ʊ̯ t o b aː n k n oː t n̩
Autobahnknoten	ʔ a ʊ̯ t o b aː n k n oː t ə n
Autobahnknotens	ʔ a ʊ̯ t o b aː n k n oː t n̩ s
Autobahnknotens	ʔ a ʊ̯ t o b aː n k n oː t ə n s
Autobahnraststätten	ʔ a ʊ̯ t o b aː n ʁ a s t ʃ t ɛ t n̩
Autobahnraststätten	ʔ a ʊ̯ t o b aː n ʁ a s t ʃ t ɛ t ə n
Autodieb	a ʊ̯ t o d iː p
Autodiebin	a ʊ̯ t o d iː b ɪ n
Autodiebinnen	a ʊ̯ t o d iː b ɪ n ə n
Autofluoreszenz	a ʊ̯ t oː f l u o ʁ ɛ s t͡s ɛ n t͡s
Autografe	a ʊ̯ t o ɡ ʁ aː f ə
Autografs	a ʊ̯ t o ɡ ʁ aː f s
Autograph	a ʊ̯ t o ɡ ʁ aː f
Autographe	a ʊ̯ t o ɡ ʁ aː f ə
Autographs	a ʊ̯ t o ɡ ʁ aː f s
Autohof	ʔ a ʊ̯ t o h oː f
Autohändlerin	a ʊ̯ t o h ɛ n d l ə ʁ ɪ n
Autohändlerinnen	a ʊ̯ t o h ɛ n d l ə ʁ ɪ n ə n
Automatensalon	a ʊ̯ t o m aː t ə n z a l ɔ ŋ
Automatensalon	ʊ̯ t o m aː t ə n z a l õ
Automatik	a ʊ̯ t o m aː t ɪ k
Automatisierer	a ʊ̯ t o m a t i z iː ʁ ɐ
Automatisierung	a ʊ̯ t o m a t i z iː ʁ ʊ ŋ
Automodell	a ʊ̯ t o m o d ɛ l
Autoradio	a ʊ̯ t o ʁ aː d i̯ o
Autorisierung	a ʊ̯ t o ʁ i z iː ʁ ʊ ŋ
Autospengler	a ʊ̯ t o ʃ p ɛ ŋ l ɐ
Autospenglerin	a ʊ̯ t o ʃ p ɛ ŋ l ə ʁ ɪ n
Autospenglerinnen	a ʊ̯ t o ʃ p ɛ ŋ l ə ʁ ɪ n ə n
Außenbeauftragte	a ʊ̯ s n̩ b ə ʔ a ʊ̯ f t ʀ aː k t ə
Außenbeauftragter	a ʊ̯ s n̩ b ə ʔ a ʊ̯ f t ʁ aː k t ɐ
Außenborder	ʔ a ʊ̯ s n̩ b ɔ ɐ̯ d ɐ
Außenborder	ʔ a ʊ̯ s n̩ b ɔ ʁ d ɐ
Außenborder	ʔ a ʊ̯ s ə n b ɔ ɐ̯ d ɐ
Außenborder	ʔ a ʊ̯ s ə n b ɔ ʁ d ɐ
Außenhandelsbilanz	h a n d l̩ s b i l a n t͡s
Außenhandelsquote	a ʊ̯ s n̩ h a n d l̩ s k v oː t ə
Außenhandelsvolumen	a ʊ̯ s n̩ h a n d l̩ s v o l uː m ə n
Außenkaufkraft	a ʊ̯ s n̩ k a ʊ̯ f k ʁ a f t
Außenminister	ʔ a ʊ̯ s n̩ m i n ɪ s t ɐ
Außenminister	ʔ a ʊ̯ s ə n m i n ɪ s t ɐ
Außenpolitik	ʔ a ʊ̯ s n̩ p o l i t iː k
Außenpolitik	ʔ a ʊ̯ s n̩ p o l i t ɪ k
Außenpolitik	ʔ a ʊ̯ s ə n p o l i t iː k
Außenpolitik	ʔ a ʊ̯ s ə n p o l i t ɪ k
Außenstelle	a ʊ̯ s n̩ ʃ t ɛ l ə
Außenstellen	a ʊ̯ s n̩ ʃ t ɛ l ə n
Außenwand	ʔ a ʊ̯ s n̩ v a n t
Außenwand	ʔ a ʊ̯ s ə n v a n t
Außenwert	a ʊ̯ s n̩ v eː ɐ̯ t
Außenwände	ʔ a ʊ̯ s n̩ v ɛ n d ə
Außenwände	ʔ a ʊ̯ s ə n v ɛ n d ə
Außenwänden	ʔ a ʊ̯ s n̩ v ɛ n d n̩
Außenwänden	ʔ a ʊ̯ s ə n v ɛ n d ə n
Außergewöhnlichkeit	ʔ a ʊ̯ s ɐ ɡ ə v øː n l ɪ ç k a ɪ̯ t
Außerkraftsetzen	a ʊ̯ s ɐ k ʁ a f t z ɛ t s n̩
Außerkraftsetzung	a ʊ̯ s ɐ k ʁ a f t z ɛ t s ʊ ŋ
Außerkraftsetzungen	a ʊ̯ s ɐ k ʁ a f t z ɛ t s ʊ ŋ ə n
Avis	a v iː
Avis	a v iː s
Aviso	a v iː s o
Avocadosaft	a v o k aː d o z a f t
Aware	ʔ a v aː ʁ ə
Awarin	ʔ a v aː ʁ ɪ n
Awarisch	ʔ a v aː ʁ ɪ ʃ
Axtstiel	a k s t ʃ t iː l
Azetaldehyd	a t͡s eː t ʔ a l d e h yː t
Azetat	a t͡s e t aː t
Azetats	a t͡s e t aː t͡s
Azetyl	a t͡s e t yː l
Azetylcholin	a t͡s e t yː l k o l iː n
Azetylcholin	a t͡s e t yː l ç o l iː n
Azetylcholins	a t͡s e t yː l k o l iː n s
Azetylcholins	a t͡s e t yː l ç o l iː n s
Azetylen	a t͡s e t y l eː n
Azetylgruppe	a t͡s e t y l ɡ ʁ ʊ p ə
Azetyls	a t͡s e t yː l s
Azetylsäure	a t͡s e t yː l z ɔ ɪ̯ ʁ ə
Azimut	a t͡s i m uː t
BGB	b eː ɡ eː b eː
BGS	b eː ɡ eː ʔ ɛ s
Baba	b aː b a
Bach	b a χ
Bach	b̥ ɑ x
Bache	b a χ ə
Bachforelle	b a χ f o ʁ ɛ l ə
Bachhuber	b a x h uː b ɐ
Bachhubers	b a x h uː b ɐ s
Bachmaier	b a x m a ɪ̯ ɐ
Bachmair	b a x m a ɪ̯ ɐ
Bachmann	b a x m a n
Bachmanns	b a x m a n s
Bachmayer	b a x m a ɪ̯ ɐ
Bachmayr	b a x m a ɪ̯ ɐ
Bachmeier	b a x m a ɪ̯ ɐ
Bachmeiers	b a x m a ɪ̯ ɐ s
Bachmeir	b a x m a ɪ̯ ɐ
Bachmeyer	b a x m a ɪ̯ ɐ
Bachmeyr	b a x m a ɪ̯ ɐ
Bachminze	b a χ m ɪ n t͡s ə
Bachminzen	b a χ m ɪ n t͡s ə n
Backfett	b a k f ɛ t
Backfette	b a k f ɛ t ə
Backfettes	b a k f ɛ t ə s
Backfetts	b a k f ɛ t s
Backfisch	b a k f ɪ ʃ
Backform	b a k f ɔ ʁ m
Backrezept	b a k ʁ e t͡s ɛ p t
Backrezepte	b a k ʁ e t͡s ɛ p t ə
Backrezeptes	b a k ʁ e t͡s ɛ p t ə s
Backrezepts	b a k ʁ e t͡s ɛ p t͡s
Backtriebmittel	b a k t ʁ iː p m ɪ t l̩
Backup	b ɛ k ʔ a p
Backwaren	b a k v aː ɐ̯ n
Backwaren	b a k v aː ɐ̯ ə n
Backwaren	b a k v aː ʁ ə n
Bademantel	b aː d ə m a n t l̩
Baden	b aː d n̩
Badenheim	b aː d n̩ h a ɪ̯ m
Badenheimer	b aː d n̩ h a ɪ̯ m ɐ
Badenheimerin	b aː d n̩ h a ɪ̯ m ə ʁ ɪ n
Badenheimers	b aː d n̩ h a ɪ̯ m ɐ s
Badenheims	b aː d n̩ h a ɪ̯ m s
Badeort	b aː d ə ʔ ɔ ʁ t
Bades	b aː d ə s
Badesachen	b aː d ə z a χ n̩
Badmintonspieler	b ɛ t m ɪ n t n̩ ʃ p iː l ɐ
Bads	b a t s
Baesweiler	b aː s v a ɪ̯ l ɐ
Baesweilerin	b aː s v a ɪ̯ l ə ʁ ɪ n
Baesweilers	b aː s v a ɪ̯ l ɐ s
Bafög	b aː f œ k
Bagatellisieren	b a ɡ a t ɛ l i z iː ʁ ə n
Bagatellisierer	b a ɡ a t ɛ l i z iː ʁ ɐ
Bagatellisiererinnen	b a ɡ a t ɛ l i z iː ʁ ə ʁ ɪ n ə n
Bagatellschaden	b a ɡ a t ɛ l ʃ aː d n̩
Bagel	b eː ɡ l̩
Bahnen	b aː n ə n
Bahnhofes	b aː n h oː f ə s
Bahnhofs	b aː n h oː f s
Bahnwärter	b aː n v ɛ ʁ t ɐ
Bahnwärters	b aː n v ɛ ʁ t ɐ s
Bahren	b aː n
Bahren	b aː ɐ̯ n
Bahren	b aː ʁ ə n
Bajonett	b a j o n ɛ tʰ
Bakkie	b a k i
Bakterienkunde	b a k t eː ʁ i̯ ə n k ʊ n d ə
Bakterienkundler	b a k t eː ʁ i̯ ə n k ʊ n d l ɐ
Bakterienkundlerin	b a k t eː ʁ i̯ ə n k ʊ n d l ə ʁ ɪ n
Bakterienkundlerinnen	b a k t eː ʁ i̯ ə n k ʊ n d l ə ʁ ɪ n ə n
Bakterienkundlers	b a k t eː ʁ i̯ ə n k ʊ n d l ɐ s
Balalaika	b a l a l a ɪ̯ k a
Baldrianextrakt	b a l d ʁ i aː n ʔ ɛ k s t ʁ a k t
Baldrianextrakte	b a l d ʁ i aː n ʔ ɛ k s t ʁ a k t ə
Baldrianextraktes	b a l d ʁ i aː n ʔ ɛ k s t ʁ a k t ə s
Baldrianextrakts	b a l d ʁ i aː n ʔ ɛ k s t ʁ a k t s
Baldrianwurzel	b a l d ʁ i aː n v ʊ ʁ t͡s l̩
Baldrianwurzeln	b a l d ʁ i aː n v ʊ ʁ t͡s l̩ n
Balinger	b aː l ɪ ŋ ɐ
Balingerin	b aː l ɪ ŋ ə ʁ ɪ n
Balingerinnen	b aː l ɪ ŋ ə ʁ ɪ n ə n
Balingers	b aː l ɪ ŋ ɐ s
Balkenspiralgalaxie	b a l k ə n ʃ p i ʀ aː l ɡ a l a k s iː
Ballei	b a l a ɪ̯
Ballspieler	b a l ʃ p iː l ɐ
Ballungsgebieten	b a l ʊ ŋ s ɡ ə b iː t n̩
Balte	b a l t ə
Bamberger	b a m b ɛ ʁ ɡ ɐ
Bambergerin	b a m b ɛ ʁ ɡ ə ʁ ɪ n
Bambergers	b a m b ɛ ʁ ɡ ɐ s
Bambergs	b a m b ɛ ʁ k s
Bamme	b a m ə
Bananensaft	b a n aː n ə n z a f t
Bandbreite	b a n t b ʁ a ɪ̯ t ə
Banderole	b a n d ə ʁ oː l ə
Bandspitze	b a n t ʃ p ɪ t s ə
Bandspitzen	b a n t ʃ p ɪ t s ə n
Bandwurmsatz	b a n t v ʊ ʁ m z a t͡s
Banken	b a ŋ k n̩
Bankkaufleute	b a ŋ k k a ʊ̯ f l ɔ ɪ̯ t ə
Bankkaufmann	b a ŋ k k a ʊ̯ f m a n
Bankkaufmänner	b a ŋ k k a ʊ̯ f m ɛ n ɐ
Bankkunde	b a ŋ k k ʊ n d ə
Bankschalter	b a ŋ k ʃ a l t ɐ
Bankwesen	b a ŋ k v eː z n̩
Bannstrahl	b a n ʃ t r aː l
Bar	b aː ɐ
Barausgleichszahlung	b aː ɐ̯ a ʊ̯ s ɡ l a ɪ̯ ç s t͡s aː l ʊ ŋ
Barausgleichszahlungen	b aː ɐ̯ a ʊ̯ s ɡ l a ɪ̯ ç s t͡s aː l ʊ ŋ ə n
Barbara	b a ʁ b ɐ ʁ a
Barceloner	b a ʁ s e l oː n ɐ
Bardel	b aː d l̩
Bardel	b aː ɐ̯ d l̩
Bargel	b aː ɐ̯ ɡ l̩
Bargel	b aː ɡ l̩
Barhocker	b aː ɐ̯ h ɔ k ɐ
Barhockern	b aː ɐ̯ h ɔ k ɐ n
Barhockers	b aː ɐ̯ h ɔ k ɐ s
Bariton	b a ʁ i t ɔ n
Bariton	b aː ʁ i t ɔ n
Barkasse	b a ɐ̯ k a s ə
Barkasse	b a ʁ k a s ə
Barkasse	b aː ɐ̯ k a s ə
Barke	b a ʁ k ə
Barkeeper	b aː k iː p ɐ
Barkeeper	b aː ɐ̯ k iː p ɐ
Barmann	b aː m a n
Barmann	b aː ɐ̯ m a n
Barntrup	b a ɐ̯ n t ʁ ʊ p
Barockarchitektur	b a r ɔ k ʔ a ʁ ç i t ɛ k t uː ɐ̯
Barockkünstlerin	b a r ɔ k k ʏ n s t l ə ʁ ɪ n
Barockmusik	b a r ɔ k m u z iː k
Baron	b a ʁ oː n
Barrel	b ɛ ɹ ə l
Barrel	b ɛ ʀ ə l
Barren	b a ʁ ə n
Barren	b a ʁ ɴ̩
Barren	b aː n
Barren	b aː ɐ̯ n
Barsch	b a ʁ ʃ
Barsch	b aː ɐ̯ ʃ
Barsch	b aː ʁ ʃ
Barsch	b aː ʃ
Barsch	b̥ ɑ r ʃ
Barsch	b̥ ɑː ʃ
Barstuhl	b aː ɐ̯ ʃ t uː l
Barstuhles	b aː ɐ̯ ʃ t uː l ə s
Barstuhls	b aː ɐ̯ ʃ t uː l s
Barstühle	b aː ɐ̯ ʃ t yː l ə
Barstühlen	b aː ɐ̯ ʃ t yː l ə n
Bart	b aː t
Bart	b aː ɐ̯ t
Bart	b aː ʁ t
Bart	b̥ ɑ r t
Bart	b̥ ɑː t
Barte	b a ɐ̯ t ə
Barte	b a ʁ t ə
Barte	b aː t ə
Barte	b aː ɐ̯ t ə
Barte	b aː ʁ t ə
Bartel	b aː t l̩
Bartel	b aː ɐ̯ t l̩
Barterl	b̥ a ɐ̯ t ɐ l
Bartflechten	b aː ʁ t f l ɛ ç t n̩
Barthold	b a ʁ t h ɔ l t
Barthold	b aː ɐ̯ t h ɔ l t
Bartholdi	b a ʁ t h ɔ l d i
Bartholdi	b aː ɐ̯ t h ɔ l d i
Bartholdis	b a ʁ t h ɔ l d i s
Bartholdis	b aː ɐ̯ t h ɔ l d i s
Bartholdy	b a ʁ t h ɔ l d i
Bartholdy	b aː ɐ̯ t h ɔ l d i
Bartholdys	b a ʁ t h ɔ l d i s
Bartholdys	b aː ɐ̯ t h ɔ l d i s
Basaltfelsen	b a z a l t f ɛ l z n̩
Baseler	b aː z ə l ɐ
Baselerin	b aː z ə l ə ʁ ɪ n
Basen	b aː z n̩
Basilekt	b a z i l ɛ k t
Basilikata	b a z i l i k aː t a
Basiskonto	b aː z ɪ s k ɔ n t o
Basiswert	b aː z ɪ s v eː ɐ̯ t
Baskenmütze	b a s k ŋ̍ m ʏ t͡s ə
Basketballmannschaft	b a s k ə t b a l m a n ʃ a f t
Basketballmannschaft	b aː s k ə t b a l m a n ʃ a f t
Basketballspieler	b a s k ə t b a l ʃ p iː l ɐ
Basler	b aː z l ɐ
Basrelief	b a ʁ e l i̯ ɛ f
Bassgeige	b a s ɡ a ɪ̯ ɡ ə
Bassposaune	b a s p o z a ʊ̯ n ə
Basstölpel	b a s t œ l p l̩
Bastard	b a s t a ʁ t
Batiken	b aː t ɪ k n̩
Batiks	b aː t ɪ k s
Bauchfellentzündung	b a ʊ̯ x f ɛ l ʔ ɛ n t t͡s ʏ n d ʊ ŋ
Bauchfleck	b a ʊ̯ x f l ɛ k
Bauchkrampf	b a ʊ̯ x k ʁ a m p͡f
Bauchmuskel	b a ʊ̯ x m ʊ s k l̩
Bauchspeichel	b a ʊ χ ʃ p a ɪ ç ə l
Baueinheit	b a ʊ̯ ʔ a ɪ̯ n h a ɪ̯̯ t
Bauerfeind	b a ʊ̯ ɐ f a ɪ̯ n t
Bauerfeinds	b a ʊ̯ ɐ f a ɪ̯ n t s
Bauernfrühstück	b a ʊ̯ ɐ n f ʁ yː ʃ t ʏ k
Bauersachs	b a ʊ̯ ɐ z a k s
Bauersachs'	b a ʊ̯ ɐ z a k s
Bauhausarchitektur	b a ʊ̯ h a ʊ̯ s ʔ a ʁ ç i t ɛ k t uː ɐ̯
Bauholz	b a ʊ̯ h ɔ l t s
Bauindustrie	b a ʊ̯ ʔ ɪ n d ʊ s t ʁ iː
Baum	b a ʊ̯ m
Baumart	b a ʊ̯ m ʔ a r t
Baumarten	b a ʊ̯ m ʔ aː ɐ̯ t n̩
Baumbach	b a ʊ̯ m b a x
Baumbacher	b a ʊ̯ m b a x ɐ
Baumbacherin	b a ʊ̯ m b a x ə ʁ ɪ n
Baumbacherinnen	b a ʊ̯ m b a x ə ʁ ɪ n ə n
Baumbachers	b a ʊ̯ m b a x ɐ s
Baumbachs	b a ʊ̯ m b a x s
Baumbast	b a ʊ̯ m b a s t
Baumeister	b a ʊ̯ m a ɪ̯ s t ɐ
Baumgartner	b a ʊ̯ m ɡ a ʁ t n ɐ
Baumharz	b a ʊ̯ m h a ʁ t͡s
Baumharze	b a ʊ̯ m h a ʁ t͡s ə
Baumharzes	b a ʊ̯ m h a ʁ t͡s ə s
Baumkronenpfad	b a ʊ̯ m k r oː n ə n p f aː t
Baumkundler	b a ʊ̯ m k ʊ n d l ɐ
Baumkundlerin	b a ʊ̯ m k ʊ n d l ə ʁ ɪ n
Baumkundlerinnen	b a ʊ̯ m k ʊ n d l ə ʁ ɪ n ə n
Baumkundlers	b a ʊ̯ m k ʊ n d l ɐ s
Baumstumpf	b a ʊ̯ m ʃ t ʊ m p͡f
Baumwipfelpfad	b a ʊ̯ m v ɪ p f l̩ p f aː t
Baumwollmänteln	b a ʊ̯ m v ɔ l m ɛ n t l̩ n
Bausoldat	b a ʊ̯ z ɔ l d aː t
Bauträger	b a ʊ̯ t ʁ ɛː ɡ ɐ
Bautzen	b a ʊ̯ t͡s n̩
Bautzener	b a ʊ̯ t͡s n̩ ɐ
Bautzenerin	b a ʊ̯ t͡s n̩ ɐ ʁ ɪ n
Bautzenerinnen	b a ʊ̯ t͡s n̩ ɐ ʁ ɪ n ə n
Bautzeners	b a ʊ̯ t͡s n̩ ɐ s
Bauvorhaben	f oː ɐ̯ h aː b m̩
Bayreutherin	b a ɪ̯ ʁ ɔ ʏ̯ t ə ʁ ɪ n
Bayreutherinnen	b a ɪ̯ ʁ ɔ ʏ̯ t ə ʁ ɪ n ə n
Bayreuthers	b a ɪ̯ ʁ ɔ ʏ̯ t ɐ s
Bayreuths	b a ɪ̯ ʁ ɔ ʏ̯ t s
Baßbariton	b a s b a ʁ i t ɔ n
Baßbariton	b a s b aː ʁ i t ɔ n
Baßflöte	b a s f l øː t ə
Baßsänger	b a s z ɛ ŋ ɐ
Baßtuba	b a s t uː b a
Beantrager	b ə ʔ a n t ʁ aː ɡ ɐ
Beauftragender	b ə ʔ a ʊ̯ f t ʁ aː ɡ n̩ d ɐ
Beauftragung	b ə ʔ a ʊ f t ʁ aː ɡ ʊ ŋ
Beben	b eː b m̩
Beben	b eː b ə n
Beckenbauers	b ɛ k n̩ b a ʊ̯ ɐ s
Beckenbruche	b ɛ k n̩ b ʁ ʊ x ə
Beckenbruches	b ɛ k n̩ b ʁ ʊ x ə s
Beckenbruchs	b ɛ k n̩ b ʁ ʊ x s
Beckenbrüche	b ɛ k n̩ b ʁ ʏ ç ə
Beckenbrüchen	b ɛ k n̩ b ʁ ʏ ç n̩
Bedarfsaufstellung	b ə d a ʁ f s a ʊ̯ f ʃ t ɛ l ʊ ŋ
Bedarfsdeckungswirtschaft	b ə d a ʁ f s d ɛ k ʊ ŋ s v ɪ ʁ t ʃ a f t
Bedeckungen	b ə d ɛ k ʊ ŋ ə n
Bedeutungserklärung	b ə d ɔ ʏ̯ t ʊ ŋ s ʔ ɛ ɐ̯ k l ɛː ʁ ʊ ŋ
Bedeutungserklärungen	b ə d ɔ ʏ̯ t ʊ ŋ s ʔ ɛ ɐ̯ k l ɛː ʁ ʊ ŋ ə n
Bedeutungslosigkeit	b ə d ɔ ɪ̯ t ʊ ŋ s l oː z ɪ ç k a ɪ̯ t
Bedeutungswandel	b ə d ɔ ɪ̯ t ʊ ŋ s v a n d l̩
Bedienung	b ə d iː n ʊ ŋ
Bedingungslage	b ə d ɪ ŋ ʊ ŋ s l aː ɡ ə
Bedrängen	b ə d ʁ ɛ ŋ ə n
Beeinspruchung	b̥ e ɑ ɛ̯ n ʃ p r ʊ x ʊ ŋ
Beenden	b ə ʔ ɛ n d n̩
Beengen	b ə ɛ ŋ ə n
Beerchen	b eː ɐ̯ ç ə n
Beerenauslese	b eː ʀ ə n ʔ a ʊ̯ s l eː z ə
Befehl	b ə f eː l
Befehligen	b ə f eː l ɪ ɡ n̩
Befleckung	b ə f l ɛ k ʊ ŋ
Befragender	b ə f ʁ aː ɡ n̩ d ɐ
Befrager	b ə f ʁ aː ɡ ɐ
Befragerin	b ə f ʁ aː ɡ ə ʀ ɪ n
Befriedigung	b ə f ʁ iː d ɪ ɡ ʊ ŋ
Befriedigungen	b ə f ʁ iː d ɪ ɡ ʊ ŋ ə n
Beförderer	b ə f œ ʁ d ə ʁ ɐ
Beförderin	b ə f œ ʁ d ə ʁ ɪ n
Begabte	b ə ɡ aː p t ə
Begeisterer	b ə ɡ a ɪ̯ s t ɐ ʁ ɐ
Beglaubigen	b ə ɡ l a ʊ̯ b ɪ ɡ n̩
Beglaubigen	b ə ɡ l a ʊ̯ b ɪ ɡ ŋ̩
Beglaubigung	b ə ɡ l a ʊ̯ b ɪ ɡ ʊ ŋ
Begleichung	b ə ɡ l a ɪ̯ ç ʊ ŋ
Begleitfahrzeug	b ə ɡ l a ɪ̯ t f aː ɐ̯ t͡s ɔ ɪ̯ k
Begründung	b ə ɡ ʁ ʏ n d ʊ ŋ
Begrünungen	b ə ɡ ʁ yː n ʊ ŋ ə n
Begutachtung	b ə ɡ uː t ʔ a χ t ʊ ŋ
Begutachtungsausschuss	b ə ɡ uː t ʔ a χ t ʊ ŋ s ʔ a ʊ̯ s ʃ ʊ s
Begutachtungsausschusses	b ə ɡ uː t ʔ a χ t ʊ ŋ s ʔ a ʊ̯ s ʃ ʊ s ə s
Begutachtungsausschuß	b ə ɡ uː t ʔ a χ t ʊ ŋ s ʔ a ʊ̯ s ʃ ʊ s
Begutachtungsausschüsse	b ə ɡ uː t ʔ a χ t ʊ ŋ s ʔ a ʊ̯ s ʃ ʏ s ə
Begünstigen	b ə ɡ ʏ n s t ɪ ɡ ŋ̩
Begünstiger	b ə ɡ ʏ n s t ɪ ɡ ɐ
Begünstigerin	b ə ɡ ʏ n s t ɪ ɡ ɐ ʁ ɪ n
Begünstigte	b ə ɡ ʏ n s t ɪ ç t ə
Begünstigten	b ə ɡ ʏ n s t ɪ ç t n̩
Begünstigter	b ə ɡ ʏ n s t ɪ k t ɐ
Begünstigter	b ə ɡ ʏ n s t ɪ ç t ɐ
Behalten	b ə h a l t n̩
Behalten	b ə h a l t ə n
Beherrschten	b ə h ɛ ɐ̯ ʃ t n̩
Beherrschten	b ə h ɛ ɐ̯ ʃ t ə n
Beherrschten	b ə h ɛ ʁ ʃ t n̩
Beherrschten	b ə h ɛ ʁ ʃ t ə n
Behringer	b eː ʁ ɪ ŋ ɐ
Behringers	b eː ʁ ɪ ŋ ɐ s
Behängen	b ə h ɛ ŋ ə n
Behüter	b ə h yː t ɐ
Behütern	b ə h yː t ɐ n
Behüters	b ə h yː t ɐ s
Beiblatt	b a ɪ̯ b l a t
Beidrehen	b a ɪ̯ d ʁ eː ə n
Beieinanderhalten	b a ɪ̯ ʔ a ɪ̯ n a n d ɐ h a l t n̩
Beifahrersitz	b a ɪ̯ f aː ʁ ɐ z ɪ t͡s
Beifahrersitze	b a ɪ̯ f aː ʁ ɐ z ɪ t͡s ə
Beifahrersitzes	b a ɪ̯ f aː ʁ ɐ z ɪ t͡s ə s
Beifang	b a ɪ̯ f a ŋ
Beifanges	b a ɪ̯ f a ŋ ə s
Beifangs	b a ɪ̯ f a ŋ s
Beifänge	b a ɪ̯ f ɛ ŋ ə
Beifügen	b a ɪ̯ f yː ɡ n̩
Beihelfen	b a ɪ̯ h ɛ l f n̩
Beihilfeleistender	b a ɪ̯ h ɪ l f ə l a ɪ̯ s t n̩ d ɐ
Beilegen	b a ɪ̯ l eː ɡ ŋ̩
Beilegen	b a ɪ̯ l eː ɡ ə n
Beileger	b a ɪ̯ l eː ɡ ɐ
Beiname	b a ɪ̯ n aː m ə
Beinhalten	b ə ʔ ɪ n h a l t n̩
Beinhalten	b ə ʔ ɪ n h a l t ə n
Beiruter	b a ɪ̯ ʀ uː t ɐ
Beischlafdiebstahle	b a ɪ̯ ʃ l aː f d iː p ʃ t aː l ə
Beiseitehalten	b a ɪ̯ z a ɪ̯ t ə h a l t n̩
Beisitzen	b a ɪ̯ z ɪ t s n̩
Beispringen	b a ɪ̯ ʃ p ʁ ɪ ŋ ə n
Beispringer	b a ɪ̯ ʃ p ʁ ɪ ŋ ɐ
Beispringerin	b a ɪ̯ ʃ p ʁ ɪ ŋ ə ʁ ɪ n
Beistand	b a ɪ̯ ʃ t a n t
Beistelltisch	b a ɪ̯ ʃ t ɛ l t ɪ ʃ
Beitel	b a ɪ̯ t l̩
Beitel	b a ɪ̯ t ə l
Beitragen	b a ɪ̯ t ʁ aː ɡ ŋ̩
Beitragen	b a ɪ̯ t ʁ aː ɡ ə n
Beißreflex	b a ɪ̯ s ʀ e f l ɛ k s
Bekannte	b ə k a n t ə
Bekannten	b ə k a n t n̩
Bekannten	b ə k a n t ə n
Bekannter	b ə k a n t ɐ
Bekennerschreiben	b ə k ɛ n ɐ ʃ ʁ a ɪ̯ b n̩
Beklagen	b ə k l aː ɡ n̩
Bekleidungsgeschäft	b ə k l a ɪ̯ d ʊ ŋ s ɡ ə ʃ ɛ f t
Bekleidungsgeschäfte	b ə k l a ɪ̯ d ʊ ŋ s ɡ ə ʃ ɛ f t ə
Bekleidungsgeschäftes	b ə k l a ɪ̯ d ʊ ŋ s ɡ ə ʃ ɛ f t ə s
Bekleidungsgeschäfts	b ə k l a ɪ̯ d ʊ ŋ s ɡ ə ʃ ɛ f t͡s
Bekunder	b ə k ʊ n d ɐ
Bekundung	b ə k ʊ n d ʊ ŋ
Belagerer	b ə l aː ɡ ə ʁ ɐ
Belegen	b ə l eː ɡ ŋ̍
Belegschaftsaktie	b e l eː k ʃ a f t͡s a k t͡s i ə
Beleuchten	b ə l ɔ ɪ̯ ç t n̩
Belgorod	b ɛ l ɡ ɔ ʁ ɔ t
Belgoroder	b ɛ l ɡ ɔ ʁ ɔ d ɐ
Belgoroderin	b ɛ l ɡ ɔ ʁ ɔ d ə ʁ ɪ n ə n
Belgoroderinnen	b ɛ l ɡ ɔ ʁ ɔ d ə ʁ ɪ n ə n
Belgoroders	b ɛ l ɡ ɔ ʁ ɔ d ɐ s
Belgraderin	b ɛ l ɡ ʁ aː d ə ʁ ɪ n ə n
Belgraderinnen	b ɛ l ɡ ʁ aː d ə ʁ ɪ n ə n
Belichten	b ə l ɪ ç t n̩
Belichtung	b ə l ɪ ç t ʊ ŋ
Belichtungskorrektur	b ə l ɪ ç t ʊ ŋ s k ɔ ʁ ɛ k t uː ɐ̯
Belichtungskorrekturen	b ə l ɪ ç t ʊ ŋ s k ɔ ʁ ɛ k t uː ʁ ə n
Belichtungsmesser	b ə l ɪ ç t ʊ ŋ s m ɛ s ɐ
Belling	b ɛ l ɪ ŋ
Bellinger	b ɛ l ɪ ŋ ɐ
Bellingers	b ɛ l ɪ ŋ ɐ s
Bellings	b ɛ l ɪ ŋ s
Bellmann	b ɛ l m a n
Bellmanns	b ɛ l m a n s
Belächler	b ə l ɛ ç l̩ ɐ
Beläge	b ə l ɛː ɡ ə
Belägen	b ə l ɛː ɡ ŋ̍
Bemerkung	b ə m ɛ ɐ̯ kʰ ʊ ŋ
Bemessen	b ə m ɛ s n̩
Bemme	b ɛ m ə
Ben	b ɛ n
Benachrichtigung	b ə n aː x ʁ ɪ ç t ɪ ɡ ʊ ŋ
Benediktinerkloster	b e n ə d ɪ k t iː n ɐ k l oː s t ɐ
Benediktinerorden	b e n ə d ɪ k t iː n ɐ ʔ ɔ ʁ d n̩
Bennings	b ɛ n ɪ ŋ s
Benommenheit	b ə n ɔ m ə n h a ɪ̯ t
Bensberg	b eː n s b ɛ r ç
Bensberg	b eː n s b ɛ ʁ k
Bensberger	b eː n s b ɛ ʁ ɡ ɐ
Bensbergerin	b ɛ n s b ɛ ʁ ɡ ə ʁ ɪ n
Bensbergerinnen	b ɛ n s b ɛ ʁ ɡ ə ʁ ɪ n ə n
Bensbergers	b eː n s b ɛ ʁ ɡ ɐ s
Bensbergs	b eː n s b ɛ r ç s
Bensbergs	b eː n s b ɛ ʁ k s
Bensheimer	b ɛ n s h a ɪ̯ m ɐ
Bensheimerin	b ɛ n s h a ɪ̯ m ə ʁ ɪ n
Bensheimerinnen	b ɛ n s h a ɪ̯ m ə ʁ ɪ n ə n
Bensheimers	b ɛ n s h a ɪ̯ m ɐ s
Benutzer	b ə n ʊ t s ɐ
Benutzerkonto	b ə n ʊ t͡s ɐ k ɔ n t o
Benutzeroberfläche	b ə n ʊ t s ɐ ʔ oː b ɐ f l ɛ ç ə
Benutzerpasswort	b ə n ʊ t͡s ɐ p a s v ɔ ʁ t
Benutzerpasswortes	b ə n ʊ t͡s ɐ p a s v ɔ ʁ t ə s
Benutzerpassworts	b ə n ʊ t͡s ɐ p a s v ɔ ʁ t s
Benutzerpasswörter	b ə n ʊ t͡s ɐ p a s v œ ʁ t ɐ
Benutzerschnittstelle	b ə n ʊ t s ɐ ʃ n ɪ t ʃ t ɛ l ə
Benz'	b ɛ n t s
Beobachterin	b ə ʔ oː b a x t ə ʁ ɪ n
Beobachtungsposten	b ə ʔ oː b a x t ʊ ŋ s p ɔ s t n̩
Beobachtungsstand	b ə ʔ oː b a χ t ʊ ŋ s ʃ t a n t
Beobachtungsstudie	b ə ʔ oː b a x t ʊ ŋ s ʃ t uː d i̯ ə
Beobachtungsstudien	b ə ʔ oː b a x t ʊ ŋ s ʃ t uː d i̯ ə n
Beraten	b ə ʁ aː t n̩
Beraten	b ə ʁ aː t ə n
Berauben	b ə ʁ a ʊ̯ b n̩
Berber	b ɛ ʁ b ɐ
Berechnen	b ə ʁ ɛ ç n n̩
Beredsamkeit	b ə ʁ eː t z aː m k a ɪ̯ t
Beredung	b ə ʀ eː d ʊ ŋ
Beredungen	b ə ʀ eː d ʊ ŋ ə n
Bereithalten	b ə ʁ a ɪ̯ t h a l t n̩
Berg	b ɛ ɐ̯ k
Berg	b ɛ ɐ̯ ç
Bergdorf	b ɛ ʁ k d ɔ ʁ f
Bergdorfes	b ɛ ʁ k d ɔ ʁ f ə s
Bergdorfs	b ɛ ʁ k d ɔ ʁ f s
Bergdörfer	b ɛ ʁ k d œ ʁ f ɐ
Bergentrückung	b ɛ ʁ k ʔ ɛ n t ʀ ʏ k ʊ ŋ
Bergers	b ɛ ʁ ɡ ɐ s
Berggipfel	b ɛ ʁ k ɡ ɪ p͡f l̩
Berggorilla	b ɛ ʁ k ɡ o ʁ ɪ l a
Bergheimer	b ɛ ʁ k h a ɪ̯ m ɐ
Bergheimerin	b ɛ ʁ k h a ɪ̯ m ə ʁ ɪ n
Bergheimerinnen	b ɛ ʁ k h a ɪ̯ m ə ʁ ɪ n ə n
Bergheimers	b ɛ ʁ k h a ɪ̯ m ɐ s
Bergheims	b ɛ ʁ k h a ɪ̯ m s
Berghuber	b ɛ ʁ k h uː b ɐ
Berghubers	b ɛ ʁ k h uː b ɐ s
Bergmaier	b ɛ ʁ k m a ɪ̯ ɐ
Bergmaiers	b ɛ ʁ k m a ɪ̯ ɐ s
Bergmair	b ɛ ʁ k m a ɪ̯ ɐ
Bergmairs	b ɛ ʁ k m a ɪ̯ ɐ s
Bergmeier	b ɛ ʁ k m a ɪ̯ ɐ
Bergmeiers	b ɛ ʁ k m a ɪ̯ ɐ s
Bergmeir	b ɛ ʁ k m a ɪ̯ ɐ
Bergmeirs	b ɛ ʁ k m a ɪ̯ ɐ s
Bergmeyer	b ɛ ʁ k m a ɪ̯ ɐ
Bergmeyers	b ɛ ʁ k m a ɪ̯ ɐ s
Bergminze	b ɛ ɐ̯ k m ɪ n t͡s ə
Bergpredigt	b ɛ ʁ k p ʀ eː d ɪ ç t
Bergrücken	b ɛ ʁ k ʁ ʏ k n̩
Bergrücken	b ɛ ʁ k ʁ ʏ k ŋ̍
Bergstein	b ɛ r ç ʃ t a ɪ̯ n
Bergstein	b ɛ ʁ k ʃ t a ɪ̯ n
Bergsteiner	b ɛ ʁ k ʃ t a ɪ̯ n ɐ
Bergsteinerin	b ɛ ʁ k ʃ t a ɪ n ə ʁ ɪ n
Bergsteinerinnen	b ɛ ʁ k ʃ t a ɪ n ə ʁ ɪ n ə n
Bergsteiners	b ɛ ʁ k ʃ t a ɪ̯ n ɐ s
Bergsteins	b ɛ r ç ʃ t a ɪ̯ n s
Bergsteins	b ɛ ʁ k ʃ t a ɪ̯ n s
Bergstraße	b ɛ ʁ k ʃ t ʀ aː s ə
Bergstraßen	b ɛ ʁ k ʃ t ʀ aː s ə n
Bergthaler	b ɛ ʁ k t aː l ɐ
Bergthalerin	b ɛ ʁ k t aː l ə ʁ ɪ n
Bergthalers	b ɛ ʁ k t aː l ɐ s
Bergthales	b ɛ ʁ k t aː l ə s
Bergthals	b ɛ ʁ k t aː l s
Bergtäler	b ɛ ʁ k t ɛː l ɐ
Bergweissling	b ɛ ʁ k v a ɪ̯ s l ɪ ŋ
Bergweißling	b ɛ ʁ k v a ɪ̯ s l ɪ ŋ
Bergweißlinge	b ɛ ʁ k v a ɪ̯ s l ɪ ŋ ə
Bergweißlings	b ɛ ʁ k v a ɪ̯ s l ɪ ŋ s
Bergwerk	b ɛ ɐ̯ k v ɛ ɐ̯ k
Bergwerk	b ɛ ʁ k v ɛ ʁ k
Bergwiese	b ɛ ʁ k v iː z ə
Berichterstatter	b ə ʁ ɪ ç tʰ ʔ ɛ ɐ̯ ʃ t a tʰ ɐ
Berichterstatterin	b ə ʁ ɪ ç tʰ ʔ ɛ ɐ̯ ʃ t a tʰ ɐ ʁ ɪ n
Berichterstattung	b ə ʁ ɪ ç t ʔ ɛ ɐ̯ ʃ t a t ʊ ŋ
Berichtiger	b ə ʁ ɪ ç t ɪ ɡ ɐ
Berichtsformel	b ə r ɪ ç t͡s f ɔ r m l̩
Berichtsformel	b ə ʁ ɪ ç t͡s f ɔ ɐ̯ m l̩
Berichtsformeln	b ə r ɪ ç t͡s f ɔ r m l̩ n
Berichtsformeln	b ə ʁ ɪ ç t͡s f ɔ ɐ̯ m l̩ n
Berlin	b ɐ̠ l iː n
Berlin	b ɐ̠ l iː ə n
Berlin	b ɛ ɐ̯ l iː n
Berlin	b ɛ ʁ l iː n
Berlinern	b ɛ ʁ l iː n ɐ n
Berlinisch	b ɛ ʁ l iː n ɪ ʃ
Berlinische	b ɛ ʁ l iː n ɪ ʃ ə
Berlinischen	b ɛ ʁ l iː n ɪ ʃ ə n
Berlinischs	b ɛ ʁ l iː n ɪ ʃ s
Bern	b ɛ ʁ n
Bernau	b ɛ ʁ n a ʊ̯
Bernauer	b ɛ ʁ n a ʊ̯ ɐ
Bernauerin	b ɛ ʁ n a ʊ̯ ə ʁ ɪ n
Bernauers	b ɛ ʁ n a ʊ̯ ɐ s
Bernaus	b ɛ ʁ n a ʊ̯ s
Bernd	b ɛ ɐ̯ n t
Bernd	b ɛ ʁ n t
Bernerin	b ɛ ʁ n ə ʁ ɪ n
Bernerinnen	b ɛ ʁ n ə ʁ ɪ n ə n
Bernhardiner	b ɛ ʁ n h a ʁ d iː n ɐ
Berninapass	b ɛ ʁ n iː n a p a s
Berninapasses	b ɛ ʁ n iː n a p a s ə s
Berns	b ɛ ʁ n s
Bernsdorfer	b ɛ ʁ n s d ɔ ʁ f ɐ
Bernsdorferin	b ɛ ʁ n s d ɔ ʁ f ə ʁ ɪ n
Bernsdorferinnen	b ɛ ʁ n s d ɔ ʁ f ə ʁ ɪ n ə n
Bernsdorfers	b ɛ ʁ n s d ɔ ʁ f ɐ s
Bernstein	b ɛ ɐ̯ n ʃ t a ɪ̯ n
Bernsteiner	b ɛ ɐ̯ n ʃ t a ɪ̯ n ɐ
Bernsteinerin	b ɛ ɐ̯ n ʃ t a ɪ̯ n ə ʁ ɪ n
Bernsteinerinnen	b ɛ ɐ̯ n ʃ t a ɪ̯ n ə ʁ ɪ n ə n
Bernsteiners	b ɛ ɐ̯ n ʃ t a ɪ̯ n ɐ s
Bernsteinsäure	b ɛ ʁ n ʃ t a ɪ̯ n z ɔ ɪ̯ ʁ ə
Berthold	b ɛ ʁ t h ɔ l t
Bertram	b ɛ ʁ t ʁ a m
Bertrams	b ɛ ʁ t ʁ a m s
Berufkraut	b ə ʁ uː f k r a ʊ̯ t
Berufsabschluss	b ə ʁ uː f s ʔ a p ʃ l ʊ s
Berufsabschlusses	b ə ʁ uː f s ʔ a p ʃ l ə s
Berufsabschlüsse	b ə ʁ uː f s ʔ a p ʃ l ʏ s ə
Berufsjäger	b ə ʁ uː f s j ɛː ɡ ɐ
Berufsmusiker	b ə ʁ uː f s m uː z ɪ k ɐ
Berufungsgericht	b ə ʀ uː f ʊ ŋ s ɡ ə ʀ ɪ ç t
Berufungsgerichte	b ə ʀ uː f ʊ ŋ s ɡ ə ʀ ɪ ç t ə
Beruhigen	b ə ʁ uː i ɡ ŋ
Beryllium	b e ʀ ʏ l i̯ ʊ m
Berylliumacetat	b e ʀ ʏ l i̯ ʊ m ʔ a t͡s ə t aː t
Berylliumacetats	b e ʀ ʏ l i̯ ʊ m ʔ a t͡s ə t aː t͡s
Berylliumazetat	b e ʀ ʏ l i̯ ʊ m ʔ a t͡s ə t aː t
Besatzung	b ə z a t͡s ʊ ŋ
Beschaffen	b ə ʃ a f n̩
Beschaffungsstrategie	b ə ʃ a f ʊ ŋ s s t ʁ a t ə ɡ iː
Beschauen	b ə ʃ a ʊ̯ ə n
Beschauer	b ə ʃ a ʊ̯ ɐ
Bescheidenheit	b ə ʃ a ɪ̯ d n̩ h a ɪ̯ t
Bescheidenheit	b ə ʃ a ɪ̯ d ə n h a ɪ̯ t
Bescheisser	b ə ʃ a ɪ̯ s ɐ
Bescheißer	b ə ʃ a ɪ̯ s ɐ
Bescherung	b ə ʃ eː ʁ ʊ ŋ
Beschiesser	b ə ʃ iː s ɐ
Beschießer	b ə ʃ iː s ɐ
Beschlagnahme	b ə ʃ l aː k n aː m ə
Beschleunigerin	b ə ʃ l ɔ ɪ̯ n ɪ ɡ ɐ ʁ ɪ n
Beschliesserin	b ɘ ʃ l iː s ə ʀ ɪ n
Beschließer	b ɘ ʃ l iː s ɐ
Beschließerin	b ɘ ʃ l iː s ə ʁ ɪ n
Beschließerinnen	b ɘ ʃ l iː s ə ʀ ɪ n ə n
Beschreibung	b ə ʃ ʁ a ɪ̯ b ʊ ŋ
Beschränkungen	b ə ʃ ʀ ɛ ŋ k ʊ ŋ ə n
Beschuß	b ə ʃ ʊ s
Beschwerde	b ə ʃ v eː ɐ̯ d ə
Beschäftigen	b ə ʃ ɛ f t ɪ ɡ ŋ̍
Beschäftiger	b ə ʃ ɛ f t ɪ ɡ ɐ
Beschäftigerin	b ə ʃ ɛ f t ɪ ɡ ɐ ʁ ɪ n
Beschäftigter	b ə ʃ ɛ f t ɪ ç t ɐ
Beschäftigungsrückgang	b ə ʃ ɛ f t ɪ ɡ ʊ ŋ s ʁ ʏ k ɡ a ŋ
Beschäftigungswachstum	b ə ʃ ɛ f t ɪ ɡ ʊ ŋ s v a k s t uː m
Beschönigen	b ə ʃ øː n ɪ ɡ n̩
Beschützer	b ə ʃ ʏ t͡s ɐ
Besenginster	b eː z ə n ɡ ɪ n s t ɐ
Besenstiel	b eː z n̩ ʃ t iː l
Besicherung	b ə z ɪ ç ə ʁ ʊ ŋ
Besichtiger	b ə z ɪ ç t ɪ ɡ ɐ
Besiedeln	b ə z iː d l̩ n
Besiedler	b ə z iː d l ɐ
Besiedlerin	b ə z iː d l ə ʁ ɪ n
Besiedlerinnen	b ə z iː d l ə ʁ ɪ n ə n
Besiedlung	b ə z iː t l ʊ ŋ
Besieger	b ə z iː ɡ ɐ
Besiegerin	b ə z iː ɡ ɐ ʁ ɪ n
Besigheimer	b eː z ɪ ç h a ɪ̯ m ɐ
Besigheimerin	b eː z ɪ ç h a ɪ̯ m ə ʁ ɪ n
Besigheimerinnen	b eː z ɪ ç h a ɪ̯ m ə ʁ ɪ n ə n
Besigheimers	b eː z ɪ ç h a ɪ̯ m ɐ s
Besitzdenken	b ə z ɪ t s d ɛ ŋ k n̩
Besonnenheit	b ə z ɔ n ə n h a ɪ̯ t
Besprengen	b ə ʃ p ʁ ɛ ŋ ə n
Bespritzen	b ə ʃ p ʁ ɪ t͡s n̩
Bestandshaltung	b ə ʃ t a n t͡s h a l t ʊ ŋ
Bestatterin	b ə ʃ t a t ə ʀ ɪ n
Bestattung	b ə ʃ t a t ʊ ŋ
Bestechungsversuch	b ə ʃ t ɛ ç ʊ ŋ s f ɛ ɐ̯ z uː x
Bestellnummer	b ə ʃ t ɛ l n ʊ m ɐ
Bestie	b ɛ s t i ə
Bestie	b ɛ s t j ə
Bestimmungsort	b ə ʃ t ɪ m ʊ ŋ s ʔ ɔ ʁ t
Bestseller	b ɛ s t s ɛ l ɐ
Bestseller	b ɛ s t z ɛ l ɐ
Bestwiger	b ɛ s t v ɪ ɡ ɐ
Bestwigerin	b ɛ s t v ɪ ɡ ə ʁ ɪ n
Bestwigerinnen	b ɛ s t v ɪ ɡ ə ʁ ɪ n ə n
Bestwigers	b ɛ s t v ɪ ɡ ɐ s
Besucherin	b ə z uː x ə ʁ ɪ n
Besucherinnen	b ə z uː x ə ʁ ɪ n ə n
Betastrahlung	b eː t a ʃ t ʁ aː l ʊ ŋ
Betazerfall	b eː t a t͡s ɛ ɐ̯ f a l
Betel	b eː t l̩
Beterin	b eː t ə ʀ ɪ n
Beterinnen	b eː t ə ʀ ɪ n ə n
Beton	b e t ɔ ŋ
Beton	ŋ
Betonieren	b e t o n iː ʁ ə n
Betonkopf	b e t ɔ ŋ k ɔ p͡f
Betonmischer	b e t ɔ ŋ m ɪ ʃ ɐ
Betonmischer	b e t ɔ̃ː m ɪ ʃ ɐ
Betonungszeichen	b ə t oː n ʊ ŋ s t s a ɪ̯ ç n̩
Betrauern	b ə t ʁ a ʊ̯ ɐ n
Betreff	b ə t ʁ ɛ f
Betreiben	b ə t ʁ a ɪ̯ b m̩
Betreiberin	b ə t ʁ a ɪ̯ b ə ʁ ɪ n
Betriebsaufwand	b ə t ʁ iː p s a ʊ̯ f v a n t
Betriebsausgabe	b ə t ʁ iː p s ʔ a ʊ̯ s ɡ aː b ə
Betriebseinnahme	b ə t ʁ iː p s a ɪ̯ n n aː m ə
Betriebsführung	b ə t ʁ iː p s f yː ʁ ʊ ŋ
Betriebsmeisterin	b ə t ʁ iː p s m a ɪ̯ s t ə ʁ ɪ n
Betriebsmittelverwaltung	b ə t ʁ iː p s m ɪ t l̩ f ɛ ɐ̯ v a l t ʊ ŋ
Betriebsunfall	b ə t ʁ iː p s ʔ ʊ n f a l
Betriebsvereinbarung	b ə t ʁ iː p s f ɛ ɐ̯ ʔ a ɪ̯ n b aː ʁ ʊ ŋ
Betroffenheit	b ə t ʀ ɔ f n̩ h a ɪ̯ t
Betrügen	b ə tʰ ʀ yː ɡ n̩
Betrügen	b ə tʰ ʀ yː ɡ ŋ̍
Betrügerin	b ə t ʀ yː ɡ ə ʀ ɪ n
Betteln	b ɛ t l̩ n
Bettelorden	b ɛ t l̩ ʔ ɔ ʁ d n̩
Bettelruf	b ɛ t l̩ ʁ uː f
Bettelstab	b ɛ t l̩ ʃ t aː p
Bettendorf	b ɛ t n̩ d ɔ ʁ f
Bettendorfer	b ɛ t n̩ d ɔ ʁ f ɐ
Bettendorferin	b ɛ t n̩ d ɔ ʁ f ə ʁ ɪ n
Bettendorferinnen	b ɛ t n̩ d ɔ ʁ f ə ʁ ɪ n ə n
Bettendorfers	b ɛ t n̩ d ɔ ʁ f ɐ s
Bettendorfs	b ɛ t n̩ d ɔ ʁ f s
Bettenhausen	b ɛ t n̩ h a ʊ̯ z n̩
Bettenhausener	b ɛ t n̩ h a ʊ̯ z n̩ ɐ
Bettenhausenerin	b ɛ t n̩ h a ʊ̯ z n̩ ə ʁ ɪ n
Bettenhausenerinnen	b ɛ t n̩ h a ʊ̯ z n̩ ə ʁ ɪ n ə n
Bettenhauseners	b ɛ t n̩ h a ʊ̯ z n̩ ɐ s
Bettenhausens	b ɛ t n̩ h a ʊ̯ z n̩ s
Bettwanze	b ɛ t v a n t s ə
Betäubungsmittelgesetz	b ə t ɔ ɪ̯ b ʊ ŋ s m ɪ t l̩ ɡ ə z ɛ t͡s
Betäubungsmittelgesetze	b ə t ɔ ɪ̯ b ʊ ŋ s m ɪ t l̩ ɡ ə z ɛ t͡s ə
Betäubungsmittelgesetzes	b ə t ɔ ɪ̯ b ʊ ŋ s m ɪ t l̩ ɡ ə z ɛ t͡s ə s
Beugewinkel	b ɔ ʏ̯ ɡ ə v ɪ ŋ k l̩
Beugfall	b ɔ ɪ̯ k f a l
Beugungsformen	b ɔ ʏ̯ ɡ ʊ ŋ s f ɔ ʁ m ə n
Beugungswinkel	b ɔ ʏ̯ ɡ ʊ ŋ s v ɪ ŋ k l̩
Beule	b ɔ ɪ̯ l ə
Beurkunden	b ə ʔ uː ɐ̯ k ʊ n d n̩
Beurkunder	b ə ʔ uː ɐ̯ k ʊ n d ɐ
Beurteilen	b ə ʔ ʊ ʁ t a ɪ̯ l ə n
Beurteiler	b ə ʔ ʊ ʁ t a ɪ̯ l ɐ
Beutegreifer	b ɔ ɪ̯ t ə ɡ ʁ a ɪ̯ f ɐ
Beutekunst	b ɔ ɪ̯ t ə kʰ ʊ n s t
Beutel	b ɔ ø̯ t l̩
Beutelratte	b ɔ ʏ̯ t l̩ ʁ a t ə
Beuteltier	b ɔ ɪ̯ t l̩ t iː ɐ̯
Beutetier	b ɔ ɪ̯ t ə t iː ɐ̯
Beutetiere	b ɔ ɪ̯ t ə t iː ʁ ə
Beutetieres	b ɔ ɪ̯ t ə t iː ʁ ə s
Beutetiers	b ɔ ɪ̯ t ə t iː ɐ̯ s
Bevollmächtigte	b ə f ɔ l m ɛ ç t ɪ ç t ə
Bevollmächtigten	b ə f ɔ l m ɛ ç t ɪ ç t n̩
Bevollmächtigter	b ə f ɔ l m ɛ ç t ɪ ç t ɐ
Bevölkerungsregister	b ə f œ l k ə ʁ ʊ ŋ s ʁ e ɡ ɪ s t ɐ
Bevölkerungsregisters	b ə f œ l k ə ʁ ʊ ŋ s ɡ ɪ s t ɐ s
Beweggrundes	b ə v eː k ɡ ʁ ʊ n d ə s
Beweggrunds	b ə v eː k ɡ ʁ ʊ n t͡s
Beweggründe	b ə v eː k ɡ ʁ ʏ n d ə
Bewegungsstörung	b ə v eː ɡ ʊ ŋ s ʃ t øː ʀ ʊ ŋ
Beweihräucherer	b ə v a ɪ̯ ʁ ɔ ɪ̯ ç ɐ ʁ ɐ
Beweihräuchern	b ə v a ɪ̯ ʁ ɔ ɪ̯ ç ɐ n
Beweisbarkeit	b ə v a ɪ̯ s b aː ɐ̯ k a ɪ̯ t
Bewerben	b ə v ɛ ɐ̯ b m̩
Bewerberin	b ə v ɛ ʁ b ə ʀ ɪ n
Bewerberinnen	b ə v ɛ ʁ b ə ʀ ɪ n ə n
Bewerten	b ə v eː ɐ̯ t n̩
Bewerter	b ə v eː ɐ̯ t ɐ
Bewertungsgesetz	b ə v eː ɐ̯ t ʊ ŋ s ɡ ə z ɛ t͡s
Bewertungsgesetzes	b ə v eː ɐ̯ t ʊ ŋ s ɡ ə z ɛ t͡s ə s
Bewirtschaftung	b ə v ɪ ʁ t ʃ a f t ʊ ŋ
Bewusstseinsverlust	b ə v ʊ s t z a ɪ̯ n s l ʊ s t
Bezahlschranke	b ə t s aː l ʃ ʀ a ŋ k ə
Bezahlschranken	b ə t s aː l ʃ ʀ a ŋ k ŋ̍
Bezieherin	b ə t͡s iː ə ʀ ɪ n
Bezirksregierung	b ə t͡s ɪ ʁ k s ʁ e ɡ iː ʁ ʊ ŋ
Bezwecken	b ə t͡s v ɛ k n̩
Bibel	b iː b l̩
Bibel	b iː b ə l
Bibelabschnitt	b iː b l̩ ʔ a p ʃ n ɪ t
Bibelforscher	b iː b l̩ f ɔ ʁ ʃ ɐ
Biber	b iː b ɐ
Biberacher	b iː b ə ʁ a x ɐ
Biberacherin	b iː b ə ʁ a x ə ʁ ɪ n
Biberacherinnen	b iː b ə ʁ a x ə ʁ ɪ n ə n
Biberachers	b iː b ə ʁ a x ɐ s
Biberburg	b iː b ɐ b ʊ ʁ k
Biberburgen	b iː b ɐ b ʊ ʁ ɡ n̩
Biberdamm	b iː b ɐ d a m
Biberdammes	b iː b ɐ d a m ə s
Biberdamms	b iː b ɐ d a m s
Biberdämme	b iː b ɐ d ɛ m ə
Biberfell	b iː b ɐ f ɛ l
Bibergeil	b iː b ɐ ɡ a ɪ̯ l
Biberschwanz	b iː b ɐ ʃ v a n z
Bieber	b iː b ɐ
Biegungen	b iː ɡ ʊ ŋ ə n
Biegungswinkel	b iː ɡ ʊ ŋ s v ɪ ŋ k l̩
Biel	b iː l
Bielefeld	b iː l ə f ɛ l t
Bielefelderin	b iː l ə f ɛ l d ə ʁ ɪ n
Bielefelderinnen	b iː l ə f ɛ l d ə ʁ ɪ n ə n
Bieler	b iː l ɐ
Bielerin	b iː l ə ʁ ɪ n
Bielerinnen	b iː l ə ʁ ɪ n ə n
Bienenharz	b iː n n̩ h aː ɐ̯ t s
Bierfass	b iː ɐ̯ f a s
Bierfaß	b iː ɐ̯ f a s
Bierfässchen	b iː ɐ̯ f ɛ s ç n̩
Bierglas	b i ɐ̯ ɡ l aː s
Bierglas	b iː ɐ̯ ɡ l aː s
Bierkasten	b i ɐ̯ k a s t n̩
Bierkasten	b iː ɐ̯ k a s t n̩
Bierkeller	b iː ɐ̯ k ɛ l ɐ
Bieten	b iː t n̩
Bilanzierung	b i l a n t͡s iː ʁ ʊ ŋ
Bildaufzeichnung	b ɪ l t ʔ a ʊ̯ f t s a ɪ̯ ç n ʊ ŋ
Bildberichterstatter	b ɪ l t b ə ʁ ɪ ç t ʔ ɛ ɐ̯ ʃ t a t ɐ
Bildberichterstatterin	b ɪ l t b ə ʁ ɪ ç t ʔ ɛ ɐ̯ ʃ t a t ə ʁ ɪ n
Bildberichterstattung	b ɪ l t b ə ʁ ɪ ç t ʔ ɛ ɐ̯ ʃ t a t ʊ ŋ
Bilden	b ɪ l d n̩
Bilderbuch	b ɪ l d ɐ b uː χ
Bildergeschichte	b ɪ l d ɐ ɡ ə ʃ ɪ ç t ə
Bildkonserve	b ɪ l t k ɔ n z ɛ ɐ̯ v ə
Bildreporter	b ɪ l t ʁ e pʰ ɔ ɐ̯ tʰ ɐ
Bildteppich	b ɪ l t t ɛ p ɪ ç
Bildungsfernsehen	b ɪ l d ʊ ŋ s f ɛ ʁ n z eː ə n
Bildungsministerium	b ɪ l d ʊ ŋ s m i n ɪ s t eː ʀ i ʊ m
Bildungsroman	b ɪ l d ʊ ŋ s ʁ o m aː n
Bildungssprache	b ɪ l d ʊ ŋ s ʃ p ʀ aː χ ə
Billard	b ɪ l j a ʁ t
Billeteur	b i j ɛ t øː ɐ̯
Billeteur	b ɪ l j ɛ t øː ɐ̯
Bimetallmünze	b i m e t a l m ʏ n t͡s ə
Bimmeln	b ɪ m ə l n
Bindeglied	b ɪ n d ə ɡ l iː t
Binden	b ɪ n d n̩
Bingelkraut	b ɪ ŋ l̩ k r a ʊ̯ t
Bingelkraut	b ɪ ŋ l̩ k ʁ a ʊ̯ t
Bingelkraut	b ɪ ŋ ə l k r a ʊ̯ t
Bingelkraut	b ɪ ŋ ə l k ʁ a ʊ̯ t
Bingen	b ɪ ŋ ə n
Bingens	b ɪ ŋ ə n s
Binnenhandel	b ɪ n ə n h a n d l̩
Binnenhandelsvolumen	b ɪ n ə n h a n d l̩ s v o l uː m ə n
Binnenkaufkraft	b ɪ n ə n k a ʊ̯ f k ʁ a f t
Binnenland	b ɪ n ə n l a n t
Binnenländer	b ɪ n ə n l ɛ n d ɐ
Binnenländerin	b ɪ n ə n l ɛ n d ə ʀ ɪ n
Binnennachfrage	b ɪ n ə n n aː x f ʁ aː ɡ ə
Binnenwert	b ɪ n ə n v eː ɐ̯ t
Biochemikerin	b i o ç eː m ɪ k ə ʁ ɪ n
Biochemikerin	b iː o ç eː m ɪ k ə ʁ ɪ n
Biologie	b i o l o ɡ iː
Biologie	b iː o l o ɡ iː
Biologismus	b i o l o ɡ ɪ s m ʊ s
Biopsie	b i ɔ p s iː
Biopsien	b i ɔ p s iː ə n
Birke	b ɪ ɐ̯ k ə
Birke	b ɪ ʁ k ə
Birkenast	b ɪ ʁ k n̩ ʔ a s t
Birkenastes	b ɪ ʁ k n̩ ʔ a s t ə s
Birkenasts	b ɪ ʁ k n̩ ʔ a s t s
Birkenwaldes	b ɪ ʁ k n̩ v a l d ə s
Birkenwalds	b ɪ ʁ k n̩ v a l t s
Birkenwälder	b ɪ ʁ k n̩ v ɛ l d ɐ
Birkenäste	b ɪ ʁ k n̩ ʔ ɛ s t ə
Birne	b ɪ r n ə
Birne	b ɪ ɐ̯ n ə
Birne	b ɪ ʁ n ə
Birnenmus	b ɪ ɐ̯ n n̩ m uː s
Birnensäfte	b ɪ ʁ n ə n z ɛ f t ə
Biskuitrolle	b ɪ s k v iː t ʁ ɔ l ə
Bismarck	b ɪ s m a ɐ̯ k
Bitburger	b ɪ t b ʊ ʁ ɡ ɐ
Bitburgerin	b ɪ t b ʊ ʁ ɡ ə ʁ ɪ n
Bitburgerinnen	b ɪ t b ʊ ʁ ɡ ə ʁ ɪ n ə n
Bitburgs	b ɪ t b ʊ ʁ k s
Bitternis	b ɪ t ɐ n ɪ s
Bittsteller	b ɪ t ʃ t ɛ l ɐ
Bizarrerie	b i t͡s a ʁ ə ʁ iː
Blache	b l a χ ə
Blackout	b l ɛ k ʔ a ʊ̯ t
Blankenheim	b l a ŋ k n̩ h a ɪ m
Blankenheimer	b l a ŋ k n̩ h a ɪ m ɐ
Blankenheimerin	b l a ŋ k n̩ h a ɪ m ə ʁ ɪ n
Blankenheimerinnen	b l a ŋ k n̩ h a ɪ m ə ʁ ɪ n ə n
Blankenheimers	b l a ŋ k n̩ h a ɪ m ɐ s
Blankenheims	b l a ŋ k n̩ h a ɪ m s
Blankenstein	b l a ŋ k n̩ ʃ t a ɪ̯ n
Blankensteins	b l a ŋ k n̩ ʃ t a ɪ̯ n s
Blankoscheck	b l a ŋ k o ʃ ɛ k
Blaskapelle	b l aː s k a p ɛ l ə
Blasmusik	b l aː s m u z iː k
Blasmusikkapelle	b l aː s m u z iː k k a p ɛ l ə
Blasrohre	b l aː s ʁ oː ʁ ə
Blasrohres	b l aː s ʁ oː ʁ ə s
Blatt	b l ä t
Blattader	b l a t ʔ aː d ɐ
Blattadern	b l a t ʔ aː d ɐ n
Blatter	b l a t ɐ
Blattschuß	b l a t ʃ ʊ s
Blattspreite	b l a t ʃ p ʁ a ɪ̯ t ə
Blattzikade	b l a t t͡s i k aː d ə
Blattzikaden	b l a t t͡s i k aː d ə n
Blau	b l a ʊ̯
Blaubart	b l a ʊ̯ b a ɐ̯ t
Blaubart	b l a ʊ̯ b a ʁ t
Blaufuchs	b l a ʊ̯ f ʊ k s
Blaufuchsfell	b l a ʊ̯ f ʊ k s f ɛ l
Blaukehlara	b l a ʊ̯ k eː l aː ʁ a
Blaukehlaras	b l a ʊ̯ k eː l aː ʁ a s
Blaukopfara	b l a ʊ̯ k ɔ p͡f aː ʁ a
Blaukopfaras	b l a ʊ̯ k ɔ p͡f aː ʁ a s
Blaukopfsittich	b l a ʊ̯ k ɔ p͡f s ɪ t ɪ ç
Blaulatzara	b l a ʊ̯ l a t s aː ʁ a
Blaulatzaras	b l a ʊ̯ l a t s aː ʁ a s
Blaulatzsittich	b l a ʊ̯ l a t s s ɪ t ɪ ç
Blaulichts	b l a ʊ̯ l ɪ ç t͡s
Blaupause	b l a ʊ̯ p a ʊ̯ z ə
Blauracke	b l a ʊ̯ ʁ a k ə
Blaurackenflügel	b l a ʊ̯ ʁ a k n̩ f l yː ɡ l̩
Blausteiner	b l a ʊ̯ ʃ t a ɪ̯ n ɐ
Blausteinerin	b l a ʊ̯ ʃ t a ɪ̯ n ə ʁ ɪ n
Blausteinerinnen	b l a ʊ̯ ʃ t a ɪ̯ n ə ʁ ɪ n ə n
Blausteiners	b l a ʊ̯ ʃ t a ɪ̯ n ɐ s
Blaustirnamazone	b l a ʊ̯ ʃ t ɪ ʁ n ʔ a m a t͡s oː n ə
Blaustirnamazonen	b l a ʊ̯ ʃ t ɪ ʁ n ʔ a m a t͡s oː n ə n
Blausäure	b l a ʊ̯ z ɔ ʏ̯ ʀ ə
Blechlawine	b l ɛ ç l a v iː n ə
Blechnapf	b l ɛ ç n a p f
Blechschmied	b l ɛ ç ʃ m iː t
Blechschmiede	b l ɛ ç ʃ m iː d ə
Blechschmiedes	b l ɛ ç ʃ m iː d ə s
Blechschmiedin	b l ɛ ç ʃ m iː d ɪ n
Blechschmiedinnen	b l ɛ ç ʃ m iː d ɪ n ə n
Blechschmieds	b l ɛ ç ʃ m iː t s
Blechschüssel	b l ɛ ç ʃ ʏ s l̩
Blechwanne	b l ɛ ç v a n ə
Bleiacetat	b l a ɪ̯ ʔ a t͡s ə t aː t
Bleiacetats	b l a ɪ̯ ʔ a t͡s ə t aː t͡s
Bleiazetat	b l a ɪ̯ ʔ a t͡s ə t aː t
Bleibenlassen	b l a ɪ̯ b n̩ l a s n̩
Bleiburg	b l a ɪ̯ b ʊ ʁ k
Bleiburger	b l a ɪ̯ b ʊ ʁ ɡ ɐ
Bleiburgerin	b l a ɪ̯ b ʊ ʁ ɡ ə ʁ ɪ n
Bleiburgers	b l a ɪ̯ b ʊ ʁ ɡ ɐ s
Bleiburgs	b l a ɪ̯ b ʊ ʁ k s
Bleichmittel	b l a ɪ̯ ç m ɪ t l̩
Bleifuß	b l a ɪ̯ f uː s
Bleigeschoss	b l a ɪ̯ ɡ ə ʃ ɔ s
Bleigeschosse	b l a ɪ̯ ɡ ə ʃ ɔ s ə
Bleigeschosses	b l a ɪ̯ ɡ ə ʃ ɔ s ə s
Bleiplatte	b l a ɪ̯ p l a t ə
Bleiprojektil	b l a ɪ̯ p ʁ o j ɛ k t iː l
Bleiprojektile	b l a ɪ̯ p ʁ o j ɛ k t iː l ə
Bleiprojektils	b l a ɪ̯ p ʁ o j ɛ k t iː l s
Bleistiftspitze	b l a ɪ̯ ʃ t ɪ f t ʃ p ɪ t s ə
Bleistiftspitzen	b l a ɪ̯ ʃ t ɪ f t ʃ p ɪ t s ə n
Blende	b l ɛ n d ə
Blick	b l ɪ k
Blickwinkel	b l ɪ k v ɪ ŋ k l̩
Blinddarmentzündung	b l ɪ n t d a ʁ m ʔ ɛ n t t s ʏ n d ʊ ŋ
Blindenführhund	b l ɪ n d n̩ f yː ɐ̯ h ʊ n t
Blindheim	b l ɪ n t h a ɪ̯ m
Blindheimer	b l ɪ n t h a ɪ̯ m ɐ
Blindheimerin	b l ɪ n t h a ɪ̯ m ə ʁ ɪ n
Blindheimers	b l ɪ n t h a ɪ̯ m ɐ s
Blindheims	b l ɪ n t h a ɪ̯ m s
Blindschleiche	b l ɪ n t ʃ l a ɪ̯ ç ə
Blinker	b l ɪ ŋ k ɐ
Blockade	b l ɔ k aː d ə
Blockpartei	b l ɔ k p a ʁ t a ɪ̯
Blockparteien	b l ɔ k p a ʁ t a ɪ ə n
Blocksatz	b l ɔ k z a t͡s
Blockwart	b l ɔ k v a ʁ t
Blockwarte	b l ɔ k v a ʁ t ə
Blockwartes	b l ɔ k v a ʁ t ə s
Blockwarts	b l ɔ k v a ʁ t s
Blogger	b l ɔ ɡ ɐ
Blomberg	b l ɔ m b ɛ ɐ̯ k
Blondschopf	b l ɔ n t ʃ ɔ p͡f
Bloßlegen	b l oː s l eː ɡ n̩
Bloßstellen	b l oː s ʃ t ɛ l n̩
Bludenzer	b l uː d ɛ n t͡s ɐ
Bludenzerin	b l uː d ɛ n t͡s ə ʁ ɪ n
Bludenzerinnen	b l uː d ɛ n t͡s ə ʁ ɪ n ə n
Bludenzers	b l uː d ɛ n t͡s ɐ s
Blumenhändler	b l uː m ə n h ɛ n d l ɐ
Blumenhändlerin	b l uː m ə n h ɛ n d l ə ʁ ɪ n
Blumenhändlerinnen	b l uː m ə n h ɛ n d l ə ʁ ɪ n ə n
Blumenvase	b l uː m ə n v aː z ə
Blumenvasen	b l uː m ə n v aː z ə n
Blunt	b l a n t
Bluse	b̥ l uː s ɛ
Blutader	b l uː t ʔ aː d ɐ
Blutdruckes	b l uː t d ʁ ʊ k ə s
Blutdruckmessgerät	b l uː t d ʁ ʊ k m ɛ s ɡ ə ʁ ɛː t
Bluten	b l uː t n̩
Blutfehde	b l uː t f eː d ə
Blutkonserve	b l uː t k ɔ n z ɛ ʁ v ə
Blutmangel	b l uː t m a ŋ l̩
Blutpirol	b l uː t p i ʁ oː l
Blutrache	b l uː t ʁ a χ ə
Blutsbruder	b l uː t͡s b ʁ uː d ɐ
Blutsbrüderschaft	b l uː t͡s b ʁ yː d ɐ ʃ a f t
Blutspenden	b l uː t ʃ p ɛ n d n̩
Blutzelle	b l uː t t͡s ɛ l ə
Blähungen	b l ɛː ʊ ŋ ə n
Blätterteige	b l ɛ t ɐ t a ɪ̯ ɡ ə
Blätterteighülle	b l ɛ t ɐ t a ɪ k h ʏ l ə
Blätterteighüllen	b l ɛ t ɐ t a ɪ k h ʏ l ə n
Bläue	b l ɔ ɪ̯ ə
Blümchen	b l yː m ç ə n
Blütenbesuch	b l yː t ə n b ə z uː χ
Blütenbesucher	b l yː t ə n b ə z uː x ɐ
Bobinger	b oː b ɪ ŋ ɐ
Bobingerin	b oː b ɪ ŋ ɪ ŋ ə ʁ ɪ n
Bobingerinnen	b oː b ɪ ŋ ə ʁ ɪ n ə n
Bobingers	b oː b ɪ ŋ ɐ s
Bocher	b ɔ x ɐ
Bock	b ɔ k
Bockshorn	b ɔ k s h ɔ ɐ̯ n
Bockshorn	b ɔ k s h ɔ ʁ n
Bockshorne	b ɔ k s h ɔ ɐ̯ n ə
Bockshorne	b ɔ k s h ɔ ʁ n ə
Bockshornes	b ɔ k s h ɔ ɐ̯ n ə s
Bockshornes	b ɔ k s h ɔ ʁ n ə s
Bockshornklee	b ɔ k s h ɔ ɐ̯ n k l eː
Bockshornklee	b ɔ k s h ɔ ʁ n k l eː
Bockshorns	b ɔ k s h ɔ ɐ̯ n s
Bockshorns	b ɔ k s h ɔ ʁ n s
Bockshörner	b ɔ k s h œ ɐ̯ n ɐ
Bockshörner	b ɔ k s h œ ʁ n ɐ
Bockshörnern	b ɔ k s h œ ɐ̯ n ɐ n
Bockshörnern	b ɔ k s h œ ʁ n ɐ n
Bodden	b ɔ d n̩
Bodden	b ɔ d ə n
Bodenfliese	b oː d n̩ f l iː z ə
Bodenheim	b oː d n̩ h a ɪ̯ m
Bodenheimer	b oː d n̩ h a ɪ̯ m ɐ
Bodenheimerin	b oː d n̩ h a ɪ̯ m ə ʁ ɪ n
Bodenheimers	b oː d n̩ h a ɪ̯ m ɐ s
Bodenheims	b oː d n̩ h a ɪ̯ m s
Bodenoffensive	b oː d n̩ ʔ ɔ f ɛ n z iː v ə
Bodenrente	b oː d n̩ ʁ ɛ n t ə
Bodensee	b oː d n̩ z eː
Bodenseer	b oː d n̩ z eː ɐ
Bodenseerin	b oː d n̩ z eː ə ʁ ɪ n
Bodenseers	b oː d n̩ z eː ɐ s
Bodensees	b oː d n̩ z eː s
Boeing	b oː i ŋ
Boeing	b oː i ŋ k
Bogenbündel	b oː ɡ ŋ̩ b ʏ n d l̩
Bogenfenster	b oː ɡ n̩ f ɛ n s t ɐ
Bogenlinie	b oː ɡ ŋ̩ l iː n i̯ ə
Bogenlinie	b oː ɡ ə n l iː n i̯ ə
Bogenlinien	b oː ɡ ŋ̩ l iː n i̯ ə n
Bogenlinien	b oː ɡ ə n l iː n i̯ ə n
Bohemistik	b o h e m ɪ s t ɪ kʰ
Bohnenkraut	b oː n n̩ k ʁ ä o̯ t
Bohnensalat	b oː n ə n z a l aː t
Bohnensalat	b̥ oː n ɛ n s a l aː t
Boizenburger	b ɔ ɪ̯ t͡s n̩ b ʊ ʁ ɡ ɐ
Boizenburgerin	b ɔ ɪ̯ t͡s n̩ b ʊ ʁ ɡ ə ʁ ɪ n
Boizenburgerinnen	b ɔ ɪ̯ t͡s n̩ b ʊ ʁ ɡ ə ʁ ɪ n ə n
Boizenburgers	b ɔ ɪ̯ t͡s n̩ b ʊ ʁ ɡ ɐ s
Boizenburgs	b ɔ ɪ̯ t͡s n̩ b ʊ ʁ k s
Bolde	b ɔ l d ə
Bolivianer	b o l iː v i̯ aː n ɐ
Bolivianerin	b o l iː v i̯ aː n ə ʀ ɪ n
Bolivien	b o l iː v i̯ ə n
Bollerwagen	b ɔ l ɐ v aː ɡ ŋ
Bollerwagen	b ɔ l ɐ v aː ɡ ə n
Bollinger	b ɔ l ɪ ŋ ɐ
Bollingers	b ɔ l ɪ ŋ ɐ s
Bollmann	b ɔ l m a n
Bollmanns	b ɔ l m a n s
Bolzen	b ɔ l t͡s n̩
Bolzenschuß	b ɔ l t͡s n̩ ʃ ʊ s
Bolzplatz	b ɔ l t s p l a t s
Bombardement	b ɔ m b a ʁ d ə m ãː
Bombardieren	b ɔ m b a ʁ d iː ʁ ə n
Bombardierung	b ɔ m b a ʁ d iː ʁ ʊ ŋ
Bombendrohung	b ɔ m b n̩ d ʁ oː ʊ ŋ
Bombenkrater	b ɔ m b n̩ k ʁ aː t ɐ
Bomber	b ɔ m b ɐ
Bombers	b ɔ m b ɐ s
Bon	b ɔ ŋ
Bon	b ɔ̃ː
Bonbon	b ɔ ŋ b ɔ ŋ
Bonbon	b ɔ̃ b ɔ̃ː
Bonbons	b ɔ ŋ b ɔ ŋ s
Bonbons	b ɔ̃ b ɔ̃ː s
Bonhoff	b ɔ n h ɔ f
Bonmot	b ɔ ŋ m oː
Bonmot	b ɔ̃ m oː
Bonner	b ɔ n ɐ
Bonnerin	b ɔ n ə ʁ ɪ n
Bonnerinnen	b ɔ n ə ʁ ɪ n ə n
Booten	b oː t n̩
Bootsflüchtling	b oː t s f l ʏ ç t l ɪ ŋ
Bootsflüchtlinge	b oː t s f l ʏ ç t l ɪ ŋ ə
Bootshaken	b oː t͡s h aː k ŋ̩
Bootshaken	b oː t͡s h aː k ə n
Bootsverleih	b oː t s f ɛ ɐ̯ l a ɪ̯
Bootsverleihe	b oː t s f ɛ ɐ̯ l a ɪ̯ ə
Bootsverleiher	b oː t s f ɛ ɐ̯ l a ɪ̯ ɐ
Bootsverleihers	b oː t s f ɛ ɐ̯ l a ɪ̯ ɐ s
Bootsverleihes	b oː t s f ɛ ɐ̯ l a ɪ̯ ə s
Bootsverleihs	b oː t s f ɛ ɐ̯ l a ɪ̯ s
Bopfinger	b ɔ p͡f ɪ ŋ ɐ
Bopfingerin	b ɔ p͡f ɪ ŋ ə ʁ ɪ n
Bopfingerinnen	b ɔ p͡f ɪ ŋ ə ʁ ɪ n ə n
Bopfingers	b ɔ p͡f ɪ ŋ ɐ s
Bor	b oː ɐ̯
Bor	b ɔ ɐ̯
Bord	b ɔ ɐ̯ t
Bord	b ɔ ʁ t
Bordküchen	b ɔ ʁ t k ʏ ç n̩
Bordüre	b ɔ ʁ d yː ʁ ə
Borg	b ɔ ɐ̯ k
Borg	b ɔ ʁ k
Borg	b ɔː k
Borgentreicher	b ɔ ʁ ɡ n̩ t ʁ a ɪ̯ ç ɐ
Borgentreicherin	b ɔ ʁ ɡ n̩ t ʁ a ɪ̯ ç ə ʁ ɪ n
Borgentreicherinnen	b ɔ ʁ ɡ n̩ t ʁ a ɪ̯ ç ə ʁ ɪ n ə n
Borgentreichers	b ɔ ʁ ɡ n̩ t ʁ a ɪ̯ ç ɐ s
Borgholzhausener	b ɔ ʁ k h ɔ l t͡s h a ʊ̯ z n̩ ɐ
Borgholzhausenerin	b ɔ ʁ k h ɔ l t͡s h a ʊ̯ z n̩ ə ʁ ɪ n
Borgholzhausenerinnen	b ɔ ʁ k h ɔ l t͡s h a ʊ̯ z n̩ ə ʁ ɪ n ə n
Borgholzhauseners	b ɔ ʁ k h ɔ l t͡s h a ʊ̯ z n̩ ɐ s
Borke	b ɔ ʁ k ə
Borkenkäfer	b ɔ ʁ k ŋ̍ k ɛː f ɐ
Borkumer	b ɔ ʁ k ʊ m ɐ
Borkumerin	b ɔ ʁ k ʊ m ə ʁ ɪ n
Borkumerinnen	b ɔ ʁ k ʊ m ə ʁ ɪ n ə n
Borkumers	b ɔ ʁ k ʊ m ɐ s
Borkums	b ɔ ʁ k ʊ m s
Born	b ɔ ɐ̯ n
Born	b ɔ ʁ n
Born	b ɔː n
Borste	b ɔ ɐ̯ s t ə
Borste	b ɔ ʁ s t ə
Borstenschwanz	b ɔ ʁ s t n̩ ʃ v a n t͡s
Borstenschwanzes	b ɔ ʁ s t n̩ ʃ v a n t͡s
Borstenschwänze	b ɔ ʁ s t n̩ ʃ v ɛ n t͡s ə
Borussia	b o ʁ ʊ s i̯ a
Bosnien	b ɔ s n i ə n
Bosnien	b ɔ z n i ə n
Bosnier	b ɔ s n i ɐ
Bosnier	b ɔ z n i ɐ
Bosnierin	b ɔ s n i ə r ɪ n
Bosnierin	b ɔ s n i ə ʁ ɪ n
Bosnierin	b ɔ z n i ə ʁ ɪ n
Boten	b oː t n̩
Botenlohn	b oː tʰ ə n l oː n
Botenlohne	b oː tʰ ə n l oː n ə
Botenlohnes	b oː tʰ n̩ l oː n ə s
Botenlohnes	b oː tʰ ə n l oː n ə s
Botenlohnes	b oː ʔ n̩ l oː n ə s
Botenlohns	b oː tʰ ə n l oː n s
Botenlöhne	b oː tʰ ə n l øː n ə
Botenlöhnen	b oː tʰ ə n l øː n n̩
Botenlöhnen	b oː tʰ ə n l øː n ə n
Botschaft	b oː t ʃ a f t
Botten	b ɔ t n̩
Bottrop	b o t χ o p
Boulevard	b u l ə v aː
Boulevard	b u l ə v aː ɐ̯
Boykott	b ɔ ɪ̯ k ɔ t
Bozen	b oː t͡s n̩
Bozener	b oː t͡s n̩ ɐ
Bozenerin	b oː t͡s n̩ ə ʁ ɪ n
Bozenerinnen	b oː t͡s n̩ ə ʁ ɪ n ə n
Bozeners	b oː t͡s n̩ ɐ s
Bozens	b oː t͡s n̩ s
Bozner	b oː t͡s n̩ ɐ
Boznerin	b oː t͡s n̩ ə ʁ ɪ n
Bozners	b oː t͡s n̩ ɐ s
Brackenheimer	b ʁ a k n̩ h a ɪ̯ m ɐ
Brackenheimerin	b ʁ a k n̩ h a ɪ̯ m ə ʁ ɪ n
Brackenheimerinnen	b ʁ a k n̩ h a ɪ̯ m ə ʁ ɪ n ə n
Brackenheimers	b ʁ a k n̩ h a ɪ̯ m ɐ s
Brackenheims	b ʁ a k n̩ h a ɪ̯ m s
Brackwasser	b ʁ a k v a s ɐ
Bramsegels	b ʁ aː m z̥ eː ɡ l̩ s
Branche	b ʁ a ŋ ʃ ə
Branche	b ʁ ãː ʃ ə
Branche	b ʁ ɔ ŋ ʃ ə
Branche	b ʁ ɔ̃ː ʃ ə
Brand	b ɹ æ n d
Brand	b ɹ æ n t
Brandanschlag	b ʀ a n t ʔ a n ʃ l aː k
Brandbrief	b ʁ a n t b ʁ iː f
Brandeisen	b ʁ a n t ʔ a ɪ̯ z n̩
Brandenberg	b ʁ a n d n̩ b ɛ ʁ k
Brandenberger	b ʁ a n d n̩ b ɛ ʁ ɡ ɐ
Brandenbergerin	b ʁ a n d n̩ b ɛ ʁ ɡ ə ʁ ɪ n
Brandenbergerinnen	b ʁ a n d n̩ b ɛ ʁ ɡ ə ʁ ɪ n ə n
Brandenbergers	b ʁ a n d n̩ b ɛ ʁ ɡ ɐ s
Brandenberges	b ʁ a n d n̩ b ɛ ʁ ɡ ə s
Brandenbergs	b ʁ a n d n̩ b ɛ ʁ k s
Brandenburg	b ʁ a n d n̩ b ʊ ʁ k
Brandenburgs	b ʁ a n d n̩ b ʊ ʁ k s
Brandflasche	b ʁ a n t f l a ʃ ə
Brandmarkung	b ʁ a n t m a ʁ k ʊ ŋ
Brandmauer	b ʁ a n t m a ʊ̯ ɐ
Brandopfer	b ʁ a n t ʔ ɔ p͡f ɐ
Brandschaden	b ʁ a n t ʃ aː d n̩
Brandstifter	b ʁ a n t ʃ t ɪ f t ɐ
Brandstifter	b ʁ a n ʃ t ɪ f t ɐ
Brandstifterin	b ʁ a n t ʃ t ɪ f t ə ʁ ɪ n
Brandstifterinnen	b ʁ a n t ʃ t ɪ f t ə ʁ ɪ n ə n
Brandstiftung	b ʁ a n t ʃ t ɪ f t ʊ ŋ
Brandstiftung	b ʁ a n t ʃ t ɪ f t ʊ ŋ k
Brandstiftung	b ʁ a n ʃ t ɪ f t ʊ ŋ
Brandstiftung	b ʁ a n ʃ t ɪ f t ʊ ŋ k
Brandstiftungen	b ʁ a n t ʃ t ɪ f t ʊ ŋ ə n
Brandungswelle	b ʀ a n d ʊ ŋ s v ɛ l ə
Brantental	b ʁ a n t n̩ t aː l
Brantentaler	b ʁ a n t n̩ t aː l ɐ
Brantentalerin	b ʁ a n t n̩ t aː l ə ʁ ɪ n
Brantentalers	b ʁ a n t n̩ t aː l ɐ s
Brantentales	b ʁ a n t n̩ t aː l ə s
Brantentals	b ʁ a n t n̩ t aː l s
Brasilianer	b ʁ a z i l i aː n ɐ
Brasilianer	b ʁ a z ɪ l j aː n ɐ
Brasilien	b ʁ a z iː l i ə n
Brasilien	b ʁ a z iː l j ə n
Brass	b ʁ a s
Bratbutter	b ʁ aː t b ʊ t ɐ
Brater	b ʁ äː t ɐ
Brathering	b ʁ aː t h eː ʁ ɪ ŋ
Bratkartoffeln	b ʁ äː t kʰ ä ʁ tʰ ɔ f ə l n
Bratkartoffeln	b ʁ ɑː t kʰ a ɐ̯ tʰ ɔ f ə l n
Braunbär	b ʁ a ʊ̯ n b ɛ ɐ̯
Braunbär	b ʁ a ʊ̯ n b ɛː ɐ̯
Braunfelser	b ʁ a ʊ̯ n f ɛ l z ɐ
Braunfelserin	b ʁ a ʊ̯ n f ɛ l z ə ʁ ɪ n
Braunfelsers	b ʁ a ʊ̯ n f ɛ l z ɐ s
Braunhemd	b ʁ a ʊ̯ n h ɛ m tʰ
Braunlagerin	b ʁ a ʊ̯ n l aː ɡ ə ʁ ɪ n
Braunlagerinnen	b ʁ a ʊ̯ n l aː ɡ ə ʁ ɪ n ə n
Braunohrpapagei	b ʁ a ʊ̯ n ʔ oː ɐ̯ p a p a ɡ a ɪ̯
Braunsbedraerin	b ʁ a ʊ̯ n s b eː d ʁ a ə ʁ ɪ n
Braunsbedraerinnen	b ʁ a ʊ̯ n s b eː d ʁ a ə ʁ ɪ n ə n
Braunschweiger	b ʀ a ʊ̯ n ʃ v a ɪ̯ ɡ ɐ
Brausepulver	b ʀ a ʊ̯ z ə p ʊ l f ɐ
Brausepulver	b ʁ a ʊ̯ z ə p ʊ l v ɐ
Brausepulvers	b ʁ a ʊ̯ z ə p ʊ l v ɐ s
Brausetablette	b ʁ a ʊ̯ z ə t a b l ɛ t ə
Brausetabletten	b ʁ a ʊ̯ z ə t a b l ɛ t n̩
Brautschatze	b ʁ a ʊ̯ t ʃ a t͡s ə
Brautschatzes	b ʁ a ʊ̯ t ʃ a t͡s ə s
Brautschätze	b ʁ a ʊ̯ t ʃ ɛ t͡s ə
Brautschätzen	b ʁ a ʊ̯ t ʃ ɛ t͡s n̩
Brautstrauß	b ʁ a ʊ̯ t ʃ t r a ʊ̯ s
Brauweiler	b ʁ a ʊ̯ v a ɪ̯ l ɐ
Brauweilerin	b ʁ a ʊ̯ v a ɪ̯ l ə ʁ ɪ n
Brauweilers	b ʁ a ʊ̯ v a ɪ̯ l ɐ s
Brecher	b ʀ ɛ ç ɐ
Brechmittel	b ʁ ɛ ç m ɪ t l̩
Brechung	b ʁ ɛ ç ʊ ŋ
Brechwurzel	b ʁ ɛ ç v ʊ ʁ t͡s l̩
Brechwurzeln	b ʁ ɛ ç v ʊ ʁ t͡s l̩ n
Breckerfelderin	b ʁ ɛ k ɐ f ɛ l d ə ʁ ɪ n
Breckerfelderinnen	b ʁ ɛ k ɐ f ɛ l d ə ʁ ɪ n ə n
Bredstedterin	b ʁ eː t ʃ t ɛ t ə ʁ ɪ n
Bredstedterinnen	b ʁ eː t ʃ t ɛ t ə ʁ ɪ n ə n
Bregen	b ʁ eː ɡ n̩
Bregen	b ʁ eː ɡ ŋ̍
Bregen	b ʁ eː ɡ ə n
Bregenwurst	b ʁ eː ɡ ə n v ʊ ʁ s t
Bregenzer	b ʁ eː ɡ ɛ n t͡s ɐ
Bregenzerin	b ʁ eː ɡ ɛ n t͡s ə ʁ ɪ n
Bregenzerinnen	b ʁ eː ɡ ɛ n t͡s ə ʁ ɪ n ə n
Bregenzers	b ʁ eː ɡ ɛ n t͡s ɐ s
Breitbach	b ʁ a ɪ̯ t b a x
Breitbacher	b ʁ a ɪ̯ t b a x ɐ
Breitbacherin	b ʁ a ɪ̯ t b a x ə ʁ ɪ n
Breitbacherinnen	b ʁ a ɪ̯ t b a x ə ʁ ɪ n ə n
Breitbachers	b ʁ a ɪ̯ t b a x ɐ s
Breitbachs	b ʁ a ɪ̯ t b a x s
Breitenbacher	b ʁ a ɪ̯ t n̩ b a x ɐ
Breitenbacherin	b ʁ a ɪ̯ t n̩ b a x ə ʁ ɪ n
Breitenbacherinnen	b ʁ a ɪ̯ t n̩ b a x ə ʁ ɪ n ə n
Breitenbachers	b ʁ a ɪ̯ t n̩ b a x ɐ s
Breitengrad	b ʀ a ɪ̯ t n̩ ɡ ʀ aː t
Breitenkreis	b ʀ a ɪ̯ t n̩ k ʀ a ɪ̯ s
Breitensteiner	b ʁ a ɪ̯ t n̩ ʃ t a ɪ n ɐ
Breitensteinerin	b ʁ a ɪ̯ t n̩ ʃ t a ɪ n ə ʁ ɪ n
Breitensteinerinnen	b ʁ a ɪ̯ t n̩ ʃ t a ɪ n ə ʁ ɪ n ə n
Breitensteiners	b ʁ a ɪ̯ t n̩ ʃ t a ɪ n ɐ s
Breitnasenaffe	b ʁ a ɪ̯ t n aː z n̩ ʔ a f ə
Breitnasenaffen	b ʁ a ɪ̯ t n aː z n̩ ʔ a f n̩
Breitscheid	b ʁ a ɪ̯ t ʃ a ɪ̯ t
Breitscheider	b ʁ a ɪ̯ t ʃ a ɪ̯ d ɐ
Breitscheiderin	b ʁ a ɪ̯ t ʃ a ɪ̯ d ə ʁ ɪ n
Breitscheiderinnen	b ʁ a ɪ̯ t ʃ a ɪ̯ d ə ʁ ɪ n ə n
Breitscheiders	b ʁ a ɪ̯ t ʃ a ɪ̯ d ɐ s
Breitscheids	b ʁ a ɪ̯ t ʃ a ɪ̯ t s
Breitspur	b ʁ a ɪ̯ t ʃ p u ɐ̯
Breitspur	b ʁ a ɪ̯ t ʃ p uː ɐ̯
Breitspurbahn	b ʁ a ɪ̯ t ʃ p u ɐ̯ b aː n
Breitspurbahn	b ʁ a ɪ̯ t ʃ p uː ɐ̯ b aː n
Breitwegerich	b ʁ a ɪ̯ t v eː ɡ ə ʁ ɪ ç
Breitwegeriche	b ʁ a ɪ̯ t v eː ɡ ə ʁ ɪ ç ə
Breitwegerichs	b ʁ a ɪ̯ t v eː ɡ ə ʁ ɪ ç s
Bremerhaven	b ʁ eː m ɐ h aː f n̩
Bremerhavenerin	b ʁ eː m ə ʁ h aː f ə n ə ʁ ɪ n
Bremerhavenerinnen	b ʁ eː m ə ʁ h aː f ə n ə ʁ ɪ n ə n
Bremerhavens	b ʁ eː m ɐ h aː f n̩ s
Bremervörde	b ʁ eː m ɐ f øː ɐ̯ d ə
Bremskraft	b ʀ ɛ m s k ʀ a f t
Bremskräfte	b ʀ ɛ m s k ʀ ɛ f t ə
Bremsschikane	b ʀ ɛ m s ʃ i k aː n ə
Brennerpass	b ʁ ɛ n ɐ p a s
Brennessel	b ʁ ɛ n n ɛ s l̩
Brennmaterial	b ʁ ɛ n m a t e ʁ i̯ aː l
Brennnessel	b ʁ ɛ n n ɛ s l̩
Brennnessel	b ʁ ɛ n ɛ s l̩
Brennnesseln	b ʁ ɛ n n ɛ s l̩ n
Brennofen	b ʁ ɛ n ʔ oː f n̩
Bretagne	b ʁ e t a n j ə
Bretone	b ʁ e t oː n ə
Brezel	b ʁ eː t͡s l̩
Briefkasten	b ʁ iː f k a s t n̩
Briefkastenfirmen	b ʀ iː f k a s t n̩ f ɪ ʁ m ə n
Briefmarke	b ʀ iː f m a ʁ k ə
Briefwechsel	b ʀ iː f v ɛ k s l̩
Brillenputztuch	b ʁ ɪ l ə n p ʊ t͡s t uː χ
Brillenschlange	b ʁ ɪ l n̩ ʃ l a ŋ ə
Brinkhaus	b ʁ ɪ ŋ k h a ʊ̯ s
Brinkhaus'	b ʁ ɪ ŋ k h a ʊ̯ s
Brinkmanns	b ʁ ɪ ŋ k m a n s
Britannien	b ʁ i t a n j ə n
Britannier	b ʁ i t a n j ɐ
Brixen	b ʁ ɪ k s n̩
Brixen	b̥ ʀ̥ i k s n̩
Brixener	b ʁ ɪ k s n̩ ɐ
Brixenerin	b ʁ ɪ k s n̩ ə ʁ ɪ n
Brixenerinnen	b ʁ ɪ k s n̩ ə ʁ ɪ n ə n
Brixeners	b ʁ ɪ k s n̩ ɐ s
Brixens	b ʁ ɪ k s n̩ s
Brixner	b ʁ ɪ k s n̩ ɐ
Brixnerin	b ʁ ɪ k s n̩ ə ʁ ɪ n
Brjansk	b ɪ ʁ j a n s k
Brjansk	b ɪ ʁ j a n t s k
Brjansk	b ʁ i a n s k
Brjansk	b ʁ i a n t͡s k
Brjansk	b ʁ j a n s k
Brjansk	b ʁ j a n t s k
Brombeerhecke	b ʁ ɔ m b eː ɐ̯ h ɛ k ə
Brombeerhecken	b ʁ ɔ m b eː ɐ̯ h ɛ k ə n
Bronchie	b ʀ ɔ n ç i̯ ə
Bronze	b ʁ ɔ ŋ s ə
Bronze	b ʁ ɔ̃ː s ə
Bronzemedaille	b ʁ ɔ̃ː s ə m e d a l j ə
Bronzeschüssel	b ʁ ɔ ŋ s ə ʃ ʏ s l̩
Bronzeschüsseln	b ʁ ɔ ŋ s ə ʃ ʏ s l n̩
Broschüre	b ʁ o ʃ yː ʁ ə
Broschüre	b ʁ ɔ ʃ yː ʁ ə
Brotbackautomat	b ʀ oː t b a k ʔ a ʊ̯ t o m aː t
Brotbäcker	b ʁ oː t b ɛ k ɐ
Brotbäckerin	b ʁ oː t b ɛ k ə ʁ ɪ n
Brotbäckerinnen	b ʁ oː t b ɛ k ə ʁ ɪ n ə n
Brotbäckern	b ʁ oː t b ɛ k ɐ n
Brotbäckers	b ʁ oː t b ɛ k ɐ s
Brothändlerin	b ʁ oː t h ɛ n d l ə ʁ ɪ n
Brotkrume	b ʁ oː t k ʁ uː m ə
Brotschnitte	b ʁ oː t ʃ n ɪ t ə
Brotschnitten	b ʁ oː t ʃ n ɪ t n̩
Brotschnitten	b ʁ oː t ʃ n ɪ t ə n
Brotschrift	b ʀ oː t ʃ ʀ ɪ f t
Brotsuppen	b ʁ oː t z ʊ p m̩
Brotsuppen	b ʁ oː t z ʊ p ə n
Brownie	b ʁ a ʊ̯ n i
Brownies	b ʁ a ʊ̯ n i s
Bruchköbeler	b ʁ ʊ x k øː b l̩ ɐ
Bruchköbelerin	b ʁ ʊ x k øː b l̩ ə ʁ ɪ n
Bruchköbelerinnen	b ʁ ʊ x k øː b l̩ ə ʁ ɪ n ə n
Bruchköbelers	b ʁ ʊ x k øː b l̩ ɐ s
Bruchlinie	b ʁ ʊ x l iː n i̯ ə
Bruchpilot	b ʁ ʊ x p i l oː t
Bruchpilotin	b ʁ ʊ x p i l oː t ɪ n
Bruchsaler	b ʁ ʊ x z aː l ɐ
Bruchsalerin	b ʁ ʊ x z aː l ə ʁ ɪ n
Bruchsalerinnen	b ʁ ʊ x z aː l ə ʁ ɪ n ə n
Bruchsalers	b ʁ ʊ x z aː l ɐ s
Bruchzahl	b ʁ ʊ x t͡s aː l
Bruderhofes	b r uː d ɐ h oː f ə s
Bruderhofs	b r uː d ɐ h oː f s
Bruderhöfe	b r uː d ɐ h øː f ə
Brunch	b ʁ a n t͡ʃ
Brunch	b ʁ a n ʃ
Brunei	b ʁ uː n a ɪ̯
Brunnen	b ʁ ʊ n n̩
Brunnen	b ʁ ʊ n ə n
Brunnenschacht	b ʁ ʊ n ə n ʃ a x t
Brunnenschachtes	b ʁ ʊ n ə n ʃ a x t ə s
Brunnenschachts	b ʁ ʊ n ə n ʃ a x t s
Brunnenschächte	b ʁ ʊ n ə n ʃ ɛ ç t ə
Brustannahme	b ʁ ʊ s t ʔ a n aː m ə
Brustannahme	b ʁ ʊ s t ʔ a n n aː m ə
Brustimplantat	b ʁ ʊ s t ʔ ɪ m p l a n t aː t
Brustkorb	b ʁ ʊ s t k ɔ ʁ p
Bruststern	b ʁ ʊ s t ʃ t ɛ ʁ n
Brustvergrößerung	b ʁ ʊ s t f ɛ ɐ̯ ɡ ʁ øː s ə ʁ ʊ ŋ
Brustwarze	b ʁ ʊ s t v a ʁ t͡s ə
Bruttogewinnmarge	b ʁ ʊ t o ɡ ə v ɪ n m a ʁ ʒ ə
Bruttolohn	b ʁ ʊ t o l oː n
Bruttomarge	b ʁ ʊ t o m a ʁ ʒ ə
Bruttoumsatz	b ʁ ʊ t o ʔ ʊ m z a t͡s
Brutzwiebel	b ʁ uː t t͡s v iː b l̩
Brutzwiebeln	b ʁ uː t t͡s v iː b l̩ n
Bräunlinger	b ʁ ɔ ɪ̯ n l ɪ ŋ ɐ
Bräunlingerin	b ʁ ɔ ɪ̯ n l ɪ ŋ ə ʁ ɪ n
Bräunlingerinnen	b ʁ ɔ ɪ̯ n l ɪ ŋ ə ʁ ɪ n ə n
Bräunlingers	b ʁ ɔ ɪ̯ n l ɪ ŋ ɐ s
Bräunung	b ʁ ɔ ʏ̯ n ʊ ŋ
Bräunungsprozess	b ʁ ɔ ʏ̯ n ʊ ŋ s p ʁ o t͡s ɛ s
Bräunungsprozesse	b ʁ ɔ ɪ̯ n ʊ ŋ s p ʁ o t s ɛ s ə
Bräunungsprozessen	b ʁ ɔ ɪ̯ n ʊ ŋ s p ʁ o t s ɛ s n̩
Bräunungsprozessen	b ʁ ɔ ɪ̯ n ʊ ŋ s p ʁ o t s ɛ s ə n
Bräunungsprozesses	b ʁ ɔ ɪ̯ n ʊ ŋ s p ʁ o t s ɛ s ə s
Brösel	b ʁ øː z l̩
Brückenkopf	b ʁ ʏ k ŋ̍ k ɔ p͡f
Brückenpfeiler	b ʁ ʏ k ŋ̍ p f a ɪ̯ l ɐ
Brüderlichkeit	b ʁ yː d ɐ l ɪ ç kʰ a ɪ̯ tʰ
Brügge	b r ʏ ɡ ə
Brüggen	b r ʏ ɡ ə n
Brüggener	b r ʏ ɡ ə n ɐ
Brüggenerin	b r ʏ ɡ ə n ə ʁ ɪ n
Brüggeners	b r ʏ ɡ ə n ɐ s
Brüggens	b ʁ ʏ ɡ ŋ̩ s
Brügger	b ʁ ʏ ɡ ɐ
Brüggerin	b r ʏ ɡ ə ʁ ɪ n
Brüggers	b ʁ ʏ ɡ ɐ s
Brühe	b ʀ yː ə
Brüssel	b ʁ ʏ s l̩
Brüsselerin	b ʁ ʏ s ə l ə ʁ ɪ n
Brüssels	b ʁ ʏ s l̩ s
Brüsten	b ʁ ʏ s t ə n
Bub	b̥ ʊ b̥
Bubatz	b ʊ b a t͡s
Bubenheim	b uː b n̩ h a ɪ̯ m
Bubenheimer	b uː b n̩ h a ɪ̯ m ɐ
Bubenheimerin	b uː b n̩ h a ɪ̯ m ə ʁ ɪ n
Bubenheimers	b uː b n̩ h a ɪ̯ m ɐ s
Bubenheims	b uː b n̩ h a ɪ̯ m s
Bubenreuth	b uː b n̩ ʁ ɔ ʏ̯ t
Bubenreuther	b uː b n̩ ʁ ɔ ʏ̯ t ɐ
Bubenreutherin	b uː b n̩ ʁ ɔ ʏ̯ t ə ʁ ɪ n
Bubenreutherinnen	b uː b n̩ ʁ ɔ ʏ̯ t ə ʁ ɪ n ə n
Bubenreuthers	b uː b n̩ ʁ ɔ ʏ̯ t ɐ s
Bubenreuths	b uː b n̩ ʁ ɔ ʏ̯ t s
Buchenart	b uː x n̩ ʔ aː ɐ̯ t
Buchenarten	b uː x n̩ ʔ aː ɐ̯ t n̩
Buchhalter	b uː x h a l t ɐ
Buchheimer	b uː x h a ɪ̯ m ɐ
Buchheimerin	b uː x h a ɪ̯ m ə ʁ ɪ n
Buchheimerinnen	b uː x h a ɪ̯ m ə ʁ ɪ n ə n
Buchheimers	b uː x h a ɪ̯ m ɐ s
Buchheims	b uː x h a ɪ̯ m s
Buchholz	b uː x h ɔ l t͡s
Buchholz	b uː x ɔ l t͡s
Buchmacherinnen	b uː x m a x ə ʁ ɪ n ə n
Buchstabenkombination	b uː x ʃ t aː b n̩ k ɔ m b i n a t͡s i̯ oː n
Buchstabierung	b uː x ʃ t a b iː ʁ ʊ ŋ
Bucht	b ʊ x t
Bucht	b ʊ χ t
Buchumschlag	b uː x ʔ ʊ m ʃ l aː k
Buchverkäuferin	b uː x f ɛ ɐ̯ k ɔ ɪ̯ f ə ʁ ɪ n
Buchvorstellung	b uː χ f oː ɐ̯ ʃ t ɛ l ʊ ŋ
Buckelwal	b ʊ k l̩ v aː l
Budapest	b uː d a p ɛ s t
Budapester	b uː d a p ɛ s t ɐ
Budapesterin	b uː d a p ɛ s t ə ʁ ɪ n
Budenheim	b uː d n̩ h a ɪ̯ m
Budenheimer	b uː d n̩ h a ɪ̯ m ɐ
Budenheimerin	b uː d n̩ h a ɪ̯ m ə ʁ ɪ n
Budenheimers	b uː d n̩ h a ɪ̯ m ɐ s
Budenheims	b uː d n̩ h a ɪ̯ m s
Buer	b u ɐ̯
Buer	b uː ɐ̯
Buhfrau	b uː f ʀ a ʊ̯
Buhmann	b uː m a n
Bukett	b u k ɛ t
Bullenhausen	b ʊ l ə n h a ʊ̯ z n̩
Bullenhausener	b ʊ l ə n h a ʊ̯ z n̩ ɐ
Bullenhausenerin	b ʊ l ə n h a ʊ̯ z n̩ ə ʁ ɪ n
Bullenhausenerinnen	b ʊ l ə n h a ʊ̯ z n̩ ə ʁ ɪ n ə n
Bullenhauseners	b ʊ l ə n h a ʊ̯ z n̩ ɐ s
Bullenhausens	b ʊ l ə n h a ʊ̯ z n̩ s
Bullenmarkt	b ʊ l ə n m a ʁ k t
Bumerang	b uː m ə ʁ a ŋ
Bumerang	b ʊ m ə ʁ a ŋ
Bummel	b ʊ m l̩
Bummelantentum	b ʊ m ə l a n t n̩ t uː m
Bummeln	b ʊ m l̩ n
Bummeln	b ʊ m ə l n
Bummels	b ʊ m l̩ s
Bummels	b ʊ m ə l s
Bundesbank	b ʊ n d ə s b a ŋ k
Bundesbürger	b ʊ n d ə s b ʏ ʁ ɡ ɐ
Bundesdorf	b ʊ n d ə s d ɔ ɐ̯ f
Bundesdorfes	b ʊ n d ə s d ɔ ɐ̯ f ə s
Bundesdorfes	b ʊ n d ə s d ɔ ʁ f ə s
Bundesdorfs	b ʊ n d ə s d ɔ ɐ̯ f s
Bundesdorfs	b ʊ n d ə s d ɔ ʁ f s
Bundesrechnungshof	b ʊ n d ə s ʁ ɛ ç n ʊ ŋ s h oː f
Bundesrechnungshofes	b ʊ n d ə s ʁ ɛ ç n ʊ ŋ s h h oː f ə s
Bundesrechnungshofs	b ʊ n d ə s ʁ ɛ ç n ʊ ŋ s h h oː f s
Bundesrecht	b ʊ n d ə s ʁ ɛ ç t
Bundesrechte	b ʊ n d ə s ʁ ɛ ç t ə
Bundesrechten	b ʊ n d ə s ʁ ɛ ç t n̩
Bundesrechtes	b ʊ n d ə s ʁ ɛ ç t ə s
Bundesrechts	b ʊ n d ə s ʁ ɛ ç t͡s
Bundesregierung	b ʊ n d ə s ʀ e ɡ iː ʀ ʊ ŋ
Bundesstaat	b ʊ n d ə s ʃ t aː t
Bundesstaaten	b ʊ n d ə s ʃ t aː t n̩
Bundesstadt	b ʊ n d ə s ʃ t a t
Bundesstraße	b ʊ n d ə s ʃ t ʀ aː s ə
Bundestagswahlergebnis	b ʊ n d ə s t aː k s v aː l ʔ ɛ ɐ̯ ɡ eː p n ɪ s
Bundestagswahlergebnisse	b ʊ n d ə s t aː k s v aː l ʔ ɛ ɐ̯ ɡ eː p n ɪ s ə
Bundestagswahlergebnisses	b ʊ n d ə s t aː k s v aː l ʔ ɛ ɐ̯ ɡ eː p n ɪ s ə s
Bungert	b ʊ ŋ ɐ t
Buntmetalle	b ʊ n t m e t a l ə
Buntmetalles	b ʊ n t m e t a l ə s
Buntmetalls	b ʊ n t m e t a l s
Buntschwanzpapagei	b ʊ n t ʃ v a n s p a p a ɡ a ɪ̯
Buntschwanzpapagei	b ʊ n t ʃ v a n t s p a p a ɡ a ɪ̯
Buntschwanzpapageien	b ʊ n t ʃ v a n s p a p a ɡ a ɪ̯ ə n
Buntschwanzpapageien	b ʊ n t ʃ v a n t s p a p a ɡ a ɪ̯ ə n
Buntschwanzpapageis	b ʊ n t ʃ v a n s p a p a ɡ a ɪ̯ s
Buntschwanzpapageis	b ʊ n t ʃ v a n t s p a p a ɡ a ɪ̯ s
Burbach	b ʊ ʁ b a x
Burbacher	b ʊ ʁ b a x ɐ
Burbacherin	b ʊ ʁ b a x ə ʁ ɪ n
Burbacherinnen	b ʊ ʁ b a x ə ʁ ɪ n ə n
Burbachers	b ʊ ʁ b a x ɐ s
Burg	b ʊ ɐ̯ k
Burg	b ʊ ɪ̯ ç
Burg	b ʊ ʁ k
Burganlagen	b ʊ ʁ k ʔ a n l aː ɡ n̩
Burgauer	b ʊ ʁ ɡ a ʊ̯ ɐ
Burgauerin	b ʊ ʁ ɡ a ʊ̯ ə ʁ ɪ n
Burgauers	b ʊ ʁ ɡ a ʊ̯ ɐ s
Burgbernheimerin	b ʊ ʁ k b ɛ ɐ̯ n h a ɪ̯ m ə ʁ ɪ n
Burgbernheimerinnen	b ʊ ʁ k b ɛ ɐ̯ n h a ɪ̯ m ə ʁ ɪ n ə n
Burgenlandes	b ʊ ʁ ɡ n̩ l a n d ə s
Burgenlands	b ʊ ʁ ɡ n̩ l a n t s
Burgenländer	b ʊ ʁ ɡ n̩ l ɛ n d ɐ
Burgenländerin	b ʊ ʁ ɡ n̩ l ɛ n d ə ʁ ɪ n
Burgenländerinnen	b ʊ ʁ ɡ n̩ l ɛ n d ə ʁ ɪ n ə n
Burgenländers	b ʊ ʁ ɡ n̩ l ɛ n d ɐ s
Burgfrieden	b ʊ ʁ k f ʁ iː d n̩
Burgfrieden	b ʊ ʁ k f ʁ iː d ə n
Burggraf	b ʊ r k ɡ r aː f
Burggräfin	b ʊ r k ɡ r ɛː f ɪ n
Burgkunstädterin	b ʊ ʁ k k ʊ n ʃ t ɛ t ə ʁ ɪ n
Burgkunstädterinnen	b ʊ ʁ k k ʊ n ʃ t ɛ t ə ʁ ɪ n ə n
Burglengenfelderin	b ʊ ʁ k l ɛ ŋ ə n f ɛ l d ə ʁ ɪ n
Burglengenfelderinnen	b ʊ ʁ k l ɛ ŋ ə n f ɛ l d ə ʁ ɪ n ə n
Burscheid	b uː ɐ̯ ʃ a ɪ̯ t
Burscheid	b ʊ ʁ ʃ a ɪ̯ t
Burscheider	b ʊ ʁ ʃ a ɪ̯ d ɐ
Burscheiderin	b ʊ ʁ ʃ a ɪ̯ d ə ʁ ɪ n
Burscheiderinnen	b ʊ ʁ ʃ a ɪ̯ d ə ʁ ɪ n ə n
Burscheiders	b ʊ ʁ ʃ a ɪ̯ d ɐ s
Burscheids	b uː ɐ̯ ʃ a ɪ̯ t s
Burtscheid	b uː ɐ̯ t ʃ a ɪ̯ t
Burtscheid	b ʊ ʁ t ʃ a ɪ̯ t
Burtscheider	b ʊ ʁ t ʃ a ɪ̯ d ɐ
Burtscheiderin	b ʊ ʁ t ʃ a ɪ̯ d ə ʁ ɪ n
Burtscheiderinnen	b ʊ ʁ t ʃ a ɪ̯ d ə ʁ ɪ n ə n
Burtscheiders	b ʊ ʁ t ʃ a ɪ̯ d ɐ s
Burtscheids	b uː ɐ̯ t ʃ a ɪ̯ t s
Burtscheids	b ʊ ʁ t ʃ a ɪ̯ t s
Busch	b ʊ ʃ
Buschbohne	b ʊ ʃ b oː n ə
Buschhaus	b ʊ ʃ h a ʊ̯ s
Buschhaus'	b ʊ ʃ h a ʊ̯ s
Buschhausen	b ʊ ʃ h a ʊ̯ z n̩
Buschhausener	b ʊ ʃ h a ʊ̯ z n̩ ɐ
Buschhausenerin	b ʊ ʃ h a ʊ̯ z n̩ ə ʁ ɪ n
Buschhausenerinnen	b ʊ ʃ h a ʊ̯ z n̩ ə ʁ ɪ n ə n
Buschhauseners	b ʊ ʃ h a ʊ̯ z n̩ ɐ s
Buschhausens	b ʊ ʃ h a ʊ̯ z n̩ s
Buschhauser	b ʊ ʃ h a ʊ̯ z ɐ
Buschhauserin	b ʊ ʃ h a ʊ̯ z ə ʁ ɪ n
Buschhauserinnen	b ʊ ʃ h a ʊ̯ z ə ʁ ɪ n ə n
Buschhausers	b ʊ ʃ h a ʊ̯ z ɐ s
Buschmann	b ʊ ʃ m a n
Buschmannhasen	b ʊ ʃ m a n h aː z n̩
Buschmanns	b ʊ ʃ m a n s
Busenfreund	b uː z n̩ f ʀ ɔ ɪ̯ n t
Bushaltestelle	b ʊ s h a l t ə ʃ t ɛ l ə
Busserl	b ʊ s ɐ l
Butanal	b u t a n aː l
Butanals	b u t a n aː l s
Butanol	b u t a n oː l
Butanon	b u t a n oː n
Butansäure	b u t aː n z ɔ ɪ̯ ʁ ə
Butch	b ʊ t͡ʃ
Buten	b u t eː n
Butene	b u t eː n ə
Butens	b u t eː n s
Butterblümchen	b ʊ t ɐ b l yː m ç ə n
Butterblümchens	b ʊ t ɐ b l yː m ç ə n s
Butterfass	b ʊ t ɐ f a s
Butterfaß	b ʊ t ɐ f a s
Butterschmalz	b ʊ t ɐ ʃ m a l t͡s
Butyl	b u t yː l
Butylacetat	b u t yː l ʔ a t͡s ə t aː t
Butylacetate	b u t yː l ʔ a t͡s ə t aː t ə
Butylacetats	b u t yː l ʔ a t͡s ə t aː t͡s
Butylalkohol	b u t yː l ʔ a l k o h oː l
Butylazetat	b u t yː l ʔ a t͡s ə t aː t
Butylen	b u t y l eː n
Butylene	b u t y l eː n ə
Butylgruppe	b u t yː l ɡ ʁ ʊ p ə
Butyraldehyd	b u t y ʁ ʔ a l d ə h ʏ t
Butz	b ʊ t͡s
Butzemann	b ʊ t͡s ə m a n
Buxtehuderin	b ʊ k s t ə h uː d ə ʁ ɪ n
Buxtehuderinnen	b ʊ k s t ə h uː d ə ʁ ɪ n ə n
Buße	b uː s ə
Bäckchen	b ɛ k ç ə n
Bäckermeisterin	b ɛ k ɐ m a ɪ̯ s t ə ʁ ɪ n
Bäckers	b ɛ k ɐ s
Bäder	b ɛː d ɐ
Bähnler	b ɛː n l ɐ
Bähringers	b eː ʁ ɪ ŋ ɐ s
Bänkler	b ɛ ŋ k l ɐ
Bär	b eː ɐ̯
Bär	b ɛ ɐ̯
Bär	b ɛː ɐ̯
Bärchen	b ɛ ɐ̯ ç ə n
Bärchen	b ɛː ɐ̯ ç ə n
Bären	b eː ɐ̯ n
Bären	b eː ʁ ə n
Bären	b ɛː ɐ̯ n
Bärenkopfes	b ɛː ʁ ə n k ɔ p͡f ə s
Bärenkopfs	b ɛː ʁ ə n k ɔ p͡f s
Bärenköpfe	b ɛː ʁ ə n k œ p͡f ə
Bärenmarkt	b ɛː ʁ ə n m a ʁ k t
Bärenmarktrally	b ɛː ʁ ə n m a ʁ k t ʁ ɛ l i
Bärenstein	b ɛː ʁ ə n ʃ t a ɪ̯ n
Bärensteiner	b ɛː ʁ ə n ʃ t a ɪ̯ n ɐ
Bärensteinerin	b ɛː ʁ ə n ʃ t a ɪ̯ n ə ʁ ɪ n
Bärensteinerinnen	b ɛː ʁ ə n ʃ t a ɪ̯ n ə ʁ ɪ n ə n
Bärensteiners	b ɛː ʁ ə n ʃ t a ɪ̯ n ɐ s
Bärensteins	b ɛː ʁ ə n ʃ t a ɪ̯ n s
Bärte	b ɛ ɐ̯ t ə
Bärte	b ɛː ɐ̯ t ə
Böblinger	b øː b l ɪ ŋ ɐ
Böblingerin	b øː b l ɪ ŋ ə ʁ ɪ n
Böblingerinnen	b øː b l ɪ ŋ ə ʁ ɪ n ə n
Böblingers	b øː b l ɪ ŋ ɐ s
Böhmen	b øː m ə n
Böhmerland	b øː m ɐ l a n t
Böhmerwald	b øː m ɐ v a l t
Böhmerwäldler	b øː m ɐ v ɛ l t l ɐ
Böllingers	b œ l ɪ ŋ ɐ s
Böllings	b œ l ɪ ŋ s
Börde	b œ ɐ̯ d ə
Börde	b œ ʁ d ə
Börsenaufschwung	b œ ʁ z n̩ ʔ a ʊ̯ f ʃ v ʊ ŋ
Börsengang	b œ ɐ̯ z ə n ɡ a ŋ
Börsenhandel	b œ ʁ z n̩ h a n d l̩
Börsennotierung	b œ ʁ z n̩ n o t iː ʁ ʊ ŋ
Börsenparkett	b œ ʁ z n̩ p a ʁ k ɛ t
Börsenpause	b œ ʁ z n̩ p a ʊ̯ z ə
Börsenumsatz	b œ ʁ z n̩ ʔ ʊ m z a t͡s
Börsianer	b œ ɐ̯ z i̯ aː n ɐ
Börsianer	b œ ʁ z i̯ aː n ɐ
Büchelchen	b yː ç l̩ ç ə n
Bücherstapel	b yː ç ɐ ʃ t aː p l̩
Bücherverbrennung	b yː ç ɐ f ɛ ɐ̯ b ʀ ɛ n ʊ ŋ
Büchsenlauf	b ʏ k s n̩ l a ʊ̯ f
Büchsenmacher	b ʏ k s n̩ m a x ɐ
Büchsennahrung	b ʏ k s n̩ n aː ʁ ʊ ŋ
Büchsenöffner	b ʏ k s n̩ ʔ œ f n ɐ
Büdelsdorferin	b yː d l̩ s d ɔ ʁ f ə ʁ ɪ n
Büdelsdorferinnen	b yː d l̩ s d ɔ ʁ f ə ʁ ɪ n ə n
Büdinger	b yː d ɪ ŋ ɐ
Büdingerin	b yː d ɪ ŋ ə ʁ ɪ n
Büdingerinnen	b yː d ɪ ŋ ə ʁ ɪ n ə n
Büdingers	b yː d ɪ ŋ ɐ s
Büffelfleisch	b ʏ f l̩ f l a ɪ̯ ʃ
Büffelherde	b ʏ f l̩ h eː ɐ̯ d ə
Büffeljagd	b ʏ f l̩ j aː k t
Büffelkäse	b ʏ f l̩ k ɛː z ə
Bügel	b yː ɡ l̩
Bügeleisen	b yː ɡ l̩ ʔ a ɪ̯ z n̩
Bügelkrone	b yː ɡ ə l k ʁ oː n ə
Bügelverschluss	b yː ɡ l̩ f ɛ ɐ̯ ʃ l ʊ s
Bügelverschluss	b yː ɡ ə l f ɛ ɐ̯ ʃ l ʊ s
Bügelverschlusses	b yː ɡ l̩ f ɛ ɐ̯ ʃ l ʊ s ə s
Bügelverschlusses	b yː ɡ ə l f ɛ ɐ̯ ʃ l ʊ s ə s
Bügelverschlüsse	b yː ɡ l̩ f ɛ ɐ̯ ʃ l ʏ s ə
Bügelverschlüsse	b yː ɡ ə l f ɛ ɐ̯ ʃ l ʏ s ə
Bügelverschlüssen	b yː ɡ l̩ f ɛ ɐ̯ ʃ l ʏ s n̩
Bügelverschlüssen	b yː ɡ ə l f ɛ ɐ̯ ʃ l ʏ s ə n
Bühl	b yː l
Bühnenmusik	b yː n ə n m u z iː k
Bühnenvorhängen	b yː n ə n f oː ɐ̯ h ɛ ŋ ə n
Büllinger	b y l ɪ ŋ ɐ
Büllingerin	b y l ɪ ŋ ə ʁ ɪ n
Büllingerinnen	b y l ɪ ŋ ə ʁ ɪ n ə n
Büllingers	b y l ɪ ŋ ɐ s
Bündel	b ʏ n d l̩
Bündelung	b ʏ n d ə l ʊ ŋ
Bündner	b ʏ n d n ɐ
Bürde	b ʏ ɐ̯ d ə
Bürde	b ʏ ʁ d ə
Bürgergeldempfänger	b ʏ ɐ̯ ɡ ɐ ɡ ɛ l t ɛ m p͡f ɛ ŋ ɐ
Bürgergeldempfänger	b ʏ ɐ̯ ɡ ɐ ɡ ɛ l t ʔ ɛ m p͡f ɛ ŋ ɐ
Bürgerkonto	b ʏ ɐ̯ ɡ ɐ k ɔ n t o
Bürgermeister	b ʏ ʁ ɡ ɐ m a ɪ̯ s t ɐ
Bürgersteig	b ʏ ʁ ɡ ɐ ʃ t a ɪ̯ k
Bürgertum	b ʏ ʁ ɡ ɐ t uː m
Bürgerwehr	b ʏ ʁ ɡ ɐ v eː ɐ̯
Büro	b y ʁ oː
Büstenhalter	b ʏ s t n̩ h a l t ɐ
Bütgenbach	b yː t ç ə n b a x
Bütgenbacher	b yː t ç ə n b a x ɐ
Bütgenbacherin	b yː t ç ə n b a x ə ʁ ɪ n
Bütgenbacherinnen	b yː t ç ə n b a x ə ʁ ɪ n ə n
Bütgenbachers	b yː t ç ə n b a x ɐ s
Bütgenbachs	b yː t ç ə n b a x s
Bütt	b ʏ t
Büttel	b ʏ t l̩
Caban	k a b ɑ̃ː
Caciocavallo	k a t͡ʃ o k a v a l o
Caesar	t͡s eː z a ʁ
Caesar	t͡s ɛː z a ʁ
Cafeteria	k a f e t e ʀ iː a
Caisson	k ɛ s õː
Caissonkrankheit	k ɛ s õː k ʀ a ŋ k h a ɪ̯ t
Caissons	k ɛ s õː s
Calciumacetat	k a l t͡s i̯ ʊ m ʔ a t͡s ə t aː t
Calciumacetats	k a l t͡s i̯ ʊ m ʔ a t͡s ə t aː t͡s
Calciumcarbonat	k a l t͡s i̯ ʊ m k a ʁ b o n aː t
Californium	k a l i f ɔ ʁ n i̯ ʊ m
Camembert	k a m ɑ̃ b ɛː ɐ̯
Camembert	k a m ə m b eː ɐ̯
Camembert	k a m ə m b ɛː ɐ̯
Campingplatz	k ɛ m p ɪ ŋ p l a t s
Caprinsäure	k a p ʁ iː n z ɔ ɪ̯ ʁ ə
Caprinsäuren	k a p ʁ iː n z ɔ ɪ̯ ʁ ə n
Capronalkohol	k a p ʁ oː n ʔ a l k o h oː l
Capronalkohols	k a p ʁ oː n ʔ a l k o h oː l s
Capronsäure	k a p ʁ oː n z ɔ ɪ̯ ʁ ə
Caprylalkohol	k a p ʁ yː l ʔ a l k o h oː l
Caprylalkohols	k a p ʁ yː l ʔ a l k o h oː l s
Caprylsäure	k a p ʁ yː l z ɔ ɪ̯ ʁ ə
Caprylsäuren	k a p ʁ yː l z ɔ ɪ̯ ʁ ə n
Caravan	k a ʁ a v aː n
Carbonates	k a ʁ b o n aː t ə s
Carbonats	k a ʁ b o n aː t͡s
Carbonsäure	k a ʁ b oː n z ɔ ɪ̯ ʁ ə
Carbonylgruppe	k a ʁ b o n yː l ɡ ʁ ʊ p ə
Carboxygruppe	k a ʁ b ɔ k s i ɡ ʁ ʊ p ə
Cartesius	k a ʁ t eː z ɪ ʊ s
Cartesius'	k a ʁ t eː z ɪ ʊ s
Cashflow	k ɛ ʃ f l o ʊ̯
Cashflow	k ɛ ʃ f l oː
Cashflows	k ɛ ʃ f l o ʊ̯ s
Cashflows	k ɛ ʃ f l oː s
Catarina	k a t a ʀ iː n a
Catharina	k a t a ʀ iː n a
Cellist	t͡ʃ ɛ l ɪ s t
Cellistinnen	t͡ʃ ɛ l ɪ s t ɪ n ə n
Centmünze	s ɛ n t m ʏ n t͡s ə
Centmünze	t͡s ɛ n t m ʏ n t͡s ə
Centstück	s ɛ n t ʃ t ʏ k
Centstück	t͡s ɛ n t ʃ t ʏ k
Chaiselongue	ʃ ɛː z ə l ɔ ŋ
Cham	x aː m
Champagne	ʃ a m p a n j ə
Champagner	ʃ a m p a n j ɐ
Champagners	ʃ a m p a n j ɐ s
Chanukkia	x a n ʊ k i a
Chanukkias	x a n ʊ k i a s
Chanukkiot	x a n ʊ k i̯ ɔ t
Chaos	k aː ɔ s
Chaostheorien	k aː ɔ s t e o ʀ iː ə n
Chapeau	ʃ a p oː
Charakter	k a ʁ a k t eː ɐ̯
Charakter	k a ʁ a k t ɐ
Charakteristik	k a ʁ a k t e ʁ ɪ s t ɪ k
Charakteristika	k a ʁ a k t e ʁ ɪ s t i k a
Charakteristikum	k a ʁ a k t e ʁ ɪ s t i k ʊ m
Charakterzuges	k a ʁ a k t ɐ t͡s uː ɡ ə s
Charakterzugs	k a ʁ a k t ɐ t͡s uː k s
Charakterzüge	k a ʁ a k t ɐ t͡s yː ɡ ə
Charm	t͡ʃ a ɐ̯ m
Charm	t͡ʃ a ʁ m
Charm	t͡ʃ aː m
Charme	ʃ a ɐ̯ m
Charme	ʃ a ʁ m
Charme	ʃ aː m
Charmeoffensive	ʃ a ʁ m ʔ ɔ f ɛ n z iː v ə
Charmeur	ʃ a ʁ m øː ɐ̯
Chassis	ʃ a s i
Chassis	ʃ a s iː
Chauffeur	ʃ o f øː ɐ̯
Chauffeurin	ʃ ɔ f øː ʁ ɪ n
Cheerleader	t͡ʃ i ɐ̯ l iː d ɐ
Cheerleader	t͡ʃ iː ɐ̯ l iː d ɐ
Cheerleaderin	t ʃ iː ɐ̯ l iː d ə ʁ ɪ n
Chef	ʃ ɛ f
Chefarzt	ʃ ɛ f ʔ a ʁ t͡s t
Chefarzt	ʃ ɛ f ʔ aː ɐ̯ t͡s t
Chefkoch	ʃ ɛ f k ɔ x
Chefkoches	ʃ ɛ f k ɔ x ə s
Chefkochs	ʃ ɛ f k ɔ x s
Chefköche	ʃ ɛ f k œ ç ə
Chefredakteurin	ʃ ɛ f r e d a k t øː r ɪ n
Chefredaktor	ʃ ɛ f ʁ e d a k t oː ɐ̯
Chefredaktorin	ʃ ɛ f r e d a k t oː r ɪ n
Chefstratege	ʃ ɛ f ʃ t ʁ a t eː ɡ ə
Chefstrategen	ʃ ɛ f ʃ t ʁ a t eː ɡ n̩
Chefterrorist	ʃ ɛ f t ɛ ʁ o ʁ ɪ s t
Chefterroristin	ʃ ɛ f t ɛ ʁ o ʁ ɪ s t ɪ n
Chemikalie	ç e m i k aː l i̯ ə
Chemnitzens	k ɛ m n ɪ t͡s ə n s
Chemnitzer	k ɛ m n ɪ t͡s ɐ
Chemnitzerin	k ɛ m n ɪ t͡s ə ʁ ɪ n
Chemnitzerinnen	k ɛ m n ɪ t͡s ə ʁ ɪ n ə n
Chemnitzers	k ɛ m n ɪ t͡s ɐ s
Chemnitzes	k ɛ m n ɪ t͡s ə s
Chemokine	ç e m o k iː n ə
Chicken	t ʃ ɪ k ŋ̩
Chicken	t ʃ ɪ k ə n
Chicken	ʃ ɪ k ŋ̩
Chicken	ʃ ɪ k ə n
Chicorée	ʃ i k o ʁ eː
Chicorée	ʃ ɪ k o ʁ e
China	k iː n a
China	x iː n a
China	ʃ iː n a
Chinaschilf	ç iː n a ʃ ɪ l f
Chirurg	ç i ʁ ʊ ʁ k
Chirurgie	ç i ʁ ʊ ɐ̯ ɡ iː
Chlor	k l oː ɐ̯
Chlor	k l ɔ ɐ̯
Cholesterin	k o l ɛ s t e ʁ iː n
Chor	k oː ɐ̯
Chor	k ɔ ɐ̯
Chor	k ɔː
Chorknaben	k oː ɐ̯ k n aː b n̩
Chose	ʃ oː z ə
Christian	k ʀ ɪ s t i̯ a n
Christina	k ʀ ɪ s t iː n a
Christoph	k ʁ̥ ɪ s t ɔ f
Christophs	k ʁ̥ ɪ s t ɔ f s
Chromosomensatz	k ʁ o m o z oː m ə n z a t͡s
Churcölln	k uː ɐ̯ k œ l n
Churfürst	k uː ɐ̯ f ʏ ʁ s t
Churfürsts	k uː ɐ̯ f ʏ ʁ s t s
Churtrier	k uː ɐ̯ t ʁ iː ɐ̯
Chuzpe	x ʊ t͡s p ə
Chuzpe	χ ʊ t͡s p ə
Chöre	k øː ʁ ə
Cider	s a ɪ̯ d ɐ
Cidre	s iː d ʁ ə
Clara	k l aː ʀ a
Clausewitz'	k l a ʊ z ə v ɪ t s
Clausewitzes	k l a ʊ z ə v ɪ t s ə s
Clemens	k l eː m ɛ n s
Cliffhanger	k l ɪ f h ɛ ŋ ɐ
Cloppenburg	k l ɔ p n̩ b ʊ ʁ k
Cloppenburger	k l ɔ p ə n b ʊ ʁ ɡ ɐ
Cloppenburgerin	k l ɔ p ə n b ʊ ʁ ɡ ə ʁ ɪ n
Cloppenburgerinnen	k l ɔ p ə n b ʊ ʁ ɡ ə ʁ ɪ n ə n
Cloppenburgers	k l ɔ p ə n b ʊ ʁ ɡ ɐ s
Cloppenburgs	k l ɔ p n̩ b ʊ ʁ k s
Cloud	k l a ʊ̯ d
Cloud	k l a ʊ̯ t
Cluster	k l a s t ɐ
Cochemer	k ɔ x ə m ɐ
Cochemerin	k ɔ x ə m ə ʁ ɪ n
Cochemerinnen	k ɔ x ə m ə ʁ ɪ n ə n
Cochemers	k ɔ x ə m ɐ s
Code	k oː t
Code	k ɔ ʊ̯ t
Codeblöcken	k oː t b l œ k n̩
Codeblöcken	k oː t b l œ k ŋ̩
Codes	k oː t͡s
Codes	k ɔ ʊ̯ t͡s
Coiffeur	k o a f øː ɐ̯
Coiffure	k o̯ a f yː ɐ̯
Collagen	k ɔ l a ɡ eː n
Collagen	k ɔ l aː ʒ n̩
Collegeblockes	k ɔ l ɪ t ʃ b l ɔ k ə s
Collegeblocks	k ɔ l ɪ t ʃ b l ɔ k s
Collegeblöcke	k ɔ l ɪ t ʃ b l œ k ə
Comicliteratur	k ɔ m ɪ k l ɪ t ə ʁ a t uː ɐ̯
Computerbildschirm	k ɔ m p j uː t ɐ b ɪ l t ʃ ɪ ʁ m
Computermaus	k ɔ m p j uː t ɐ m a ʊ̯ s
Computersicherheitsexperte	k ɔ m p j uː t ɐ z ɪ ç ɐ h a ɪ̯ t͡s ʔ ɛ k s p ɛ ʁ t ə
Computersicherheitsexperten	k ɔ m p j uː t ɐ z ɪ ç ɐ h a ɪ̯ t͡s ʔ ɛ k s p ɛ ʁ t ə n
Computersicherheitsexpertin	k ɔ m p j uː t ɐ z ɪ ç ɐ h a ɪ̯ t͡s ʔ ɛ k s p ɛ ʁ t ɪ n
Computersicherheitsexpertinnen	k ɔ m p j uː t ɐ z ɪ ç ɐ h a ɪ̯ t͡s ʔ ɛ k s p ɛ ʁ t ɪ n ə n
Computertomographie	k ɔ m p j uː t ɐ t o m o ɡ ʁ a f iː
Containerhafen	k ɔ n t ɛ ɪ̯ n ɐ h aː f n̩
Containerterminal	k ɔ n t eː n ɐ t œː ɐ̯ m i n l̩
Containerterminals	k ɔ n t eː n ɐ t œː ɐ̯ m i n l s̩
Coppenbrügge	k ɔ p ə n b ʁ ʏ ɡ ə
Coppenbrügger	k ɔ p ə n b ʁ ʏ ɡ ɐ
Coppenbrüggerin	k ɔ p ə n b ʁ ʏ ɡ ə ʁ ɪ n
Coppenbrüggers	k ɔ p ə n b ʁ ʏ ɡ ɐ s
Coppenbrügges	k ɔ p n̩ b ʁ ʏ ɡ ə s
Corbacher	k ɔ ʁ b a x ɐ
Corbachers	k ɔ ʁ b a x ɐ s
Cornflakes	k oː ɐ̯ n f l eː k s
Cornflakes	k ɔ ʁ n f l eː k s
Coronaviren	k o ʁ oː n a v iː ʁ ə n
Corps	k oː ɐ̯
Corps	k oː ɐ̯ s
Corps	k ɔ ɐ̯
Corps	k ɔ ɐ̯ s
Corps	k ɔː
Corps	k ɔː s
Countdown	k a ʊ̯ n t d a ʊ̯ n
Courage	k u ʁ aː ʒ ə
Cover	k a v ɐ
Crailsheimer	k ʁ a ɪ̯ l s h a ɪ̯ m ɐ
Crailsheimerin	k ʁ a ɪ̯ l s h a ɪ̯ m ə ʁ ɪ n
Crailsheimerinnen	k ʁ a ɪ̯ l s h a ɪ̯ m ə ʁ ɪ n ə n
Crailsheimers	k ʁ a ɪ̯ l s h a ɪ̯ m ɐ s
Crailsheims	k ʁ a ɪ̯ l s h a ɪ̯ m s
Crashkurs	k ʀ ɛ ʃ k ʊ ʁ s
Creme	k ʁ eː m
Creme	k ʁ eː m ə
Creme	k ʁ ɛː m
Creme	k ʁ ɛː m ə
Crescendo	k ʁ ɛ ʃ ɛ n d o
Croupier	k ʁ u p i̯ eː
Crowdfunding	k r a ʊ̯ d f a n d ɪ ŋ
Cumulus	k uː m u l ʊ s
Currysoße	k œ ʁ i z oː s ə
Cursor	k œ ɐ̯ z ɐ
Cuxhaven	k ʊ k s h aː f n̩
Cuxhavenerin	k ʊ k s h aː f n̩ ə ʁ ɪ n
Cuxhavenerinnen	k ʊ k s h aː f n̩ ə ʁ ɪ n ə n
Cuxhavens	k ʊ k s h aː f n̩ s
Cyberabwehr	s a ɪ̯ b ɐ ʔ a p v eː ɐ̯
Cypern	t͡s yː p ɐ n
Cytokine	t͡s y t o k iː n ə
Cytokins	t͡s y t o k iː n s
Cytologie	t͡s y t o l o ɡ iː
Cäcilie	t͡s ɛ t͡s iː l i̯ ə
Cöllen	k œ l n
Cölln	k œ l n
DACH	d ä χ
DACHs	d a x s
DNA	d eː ʔ ɛ n ʔ aː
Dach	d ä χ
Dachboden	d a χ b oː d n̩
Dachboden	d a χ b oː d ə n
Dachfonds	d a x f ɔ̃ː
Dachform	d a x f ɔ ʁ m
Dachhase	d ä χ h äː z ə
Dachhase	d ä χ äː z ə
Dachs	d a x s
Dachswelpe	d a k s v ɛ l p ə
Dachüberstandes	d a x ʔ yː b ɐ ʃ t a n d ə s
Dachüberstände	d a x ʔ yː b ɐ ʃ t ɛ n d ə
Dacke	d̥ ɑ ɡ̥ː ɛ
Dafürhalten	d a f yː ɐ̯ h a l t n̩
Dagegenhalten	d a ɡ eː ɡ ŋ̩ h a l t n̩
Dagga	d a x a
Dahinraffen	d a h ɪ n ʁ a f n̩
Dahinterhalten	d a h ɪ n t ɐ h a l t n̩
Dalbke	d a l p kʰ ə
Dallinger	d a l ɪ ŋ ɐ
Dallingers	d a l ɪ ŋ ɐ s
Dallmaier	d a l m a ɪ̯ ɐ
Dallmair	d a l m a ɪ̯ ɐ
Dallmayer	d a l m a ɪ̯ ɐ
Dallmayr	d a l m a ɪ̯ ɐ
Dallmayrs	d a l m a ɪ̯ ɐ s
Dallmeier	d a l m a ɪ̯ ɐ
Dallmeiers	d a l m a ɪ̯ ɐ s
Dallmeir	d a l m a ɪ̯ ɐ
Dallmeyer	d a l m a ɪ̯ ɐ
Dallmeyers	d a l m a ɪ̯ ɐ s
Dallmeyr	d a l m a ɪ̯ ɐ
Damastgewebe	d a m a s t ɡ ə v eː b ə
Damastgeweben	d a m a s t ɡ ə v eː b m̩
Damastgeweben	d a m a s t ɡ ə v eː b ə n
Damastgewebes	d a m a s t ɡ ə v eː b ə s
Dambach	d a m b a x
Dambacher	d a m b a x ɐ
Dambacherin	d a m b a x ə ʁ ɪ n
Dambacherinnen	d a m b a x ə ʁ ɪ n ə n
Dambachers	d a m b a x ɐ s
Dambachs	d a m b a x s
Damenbesuch	d aː m ə n b ə z uː x
Damentoilette	d aː m ə n t o l ɛ t ə
Damentoilette	d aː m ə n t o̯ a l ɛ t ə
Damhirsch	d a m h ɪ ɐ̯ ʃ
Damhirsch	d a m h ɪ ʁ ʃ
Dammbach	d a m b a x
Dammbacher	d a m b a x ɐ
Dammbacherin	d a m b a x ə ʁ ɪ n
Dammbacherinnen	d a m b a x ə ʁ ɪ n ə n
Dammbachers	d a m b a x ɐ s
Dammbachs	d a m b a x s
Dammbruch	d a m b ʁ ʊ x
Dampf	d a m f
Dampf	d a m p f
Dampfdruckkochtopf	d a m p f d ʁ ʊ k k ɔ χ t ɔ p f
Dampfkochtopf	d a m p f k ɔ χ t ɔ p f
Dampfplauderer	d a m p f p l a ʊ̯ d ə ʁ ɐ
Dampfschifffahrt	d a m p͡f ʃ ɪ f f aː ɐ̯ t
Dampfwalze	d a m p͡f v a l t͡s ə
Danebenhalten	d a n eː b m̩ h a l t n̩
Danebenschießen	d a n eː b m̩̩ ʃ iː s n̩
Danebenschießen	d a n eː b n̩ ʃ iː s n̩
Daniel	d aː n i ɛ l
Daniel	d aː n j ɛ l
Daniel	d aː ɲ ɛ l
Danken	d a ŋ k ŋ̩
Danken	d a ŋ k ə n
Dankesrede	d a n k ə s r eː d ə
Dansweiler	d a n t͡s v a ɪ̯ l ɐ
Dansweilerin	d a n t͡s v a ɪ̯ l ə ʁ ɪ n
Dansweilers	d a n t͡s v a ɪ̯ l ɐ s
Daranhalten	d a ʁ a n h a l t n̩
Daraufhalten	d a ʁ a ʊ̯ f h a l t n̩
Darbieten	d aː ɐ̯ b iː t n̩
Darbieter	d aː ɐ̯ b iː t ɐ
Darbieterin	d aː ɐ̯ b iː t ə ʁ ɪ n
Darbieterinnen	d aː ɐ̯ b iː t ə ʁ ɪ n ə n
Darlegung	d aː ɐ̯ l eː ɡ ʊ ŋ
Darm	d a ɐ̯ m
Darm	d a ʁ m
Darm	d aː m
Darmentzündung	d a ʁ m ʔ ɛ n t t s ʏ n d ʊ ŋ
Darmkrankheit	d a ʁ m k ʁ a ŋ k h a ɪ̯ t
Dars	d a ɾ s
Dart	d a ɐ̯ t
Dart	d a ʁ t
Dart	d aː t
Darts	d a ɐ̯ t͡s
Darts	d a ʁ t͡s
Darts	d aː t͡s
Darunterhalten	d a ʁ ʊ n t ɐ h a l t n̩
Darüberhalten	d a ʁ yː b ɐ h a l t n̩
Darüberlegen	d a ʁ yː b ɐ l eː ɡ ə n
Darüberliegen	d a ʁ yː b ɐ l iː ɡ ə n
Daten	d aː t n̩
Datenautobahn	d aː t n̩ ʔ a ʊ̯ t o b aː n
Datenbankmodell	d aː t ə n b a ŋ k m o d ɛ l
Datenlager	d aː t n l aː ɡ ɐ
Datenträgers	d aː t n̩ t ʀ ɛː ɡ ɐ s
Datenverschlüsselung	d aː t n̩ f ɛ ɐ̯ ʃ l ʏ s ə l ʊ ŋ
Datenverschlüsselungen	d aː t n̩ f ɛ ɐ̯ ʃ l ʏ s ə l ʊ ŋ ə n
Datieren	d a t iː ʁ ə n
Dattel	d a t l̩
Datteln	d a t l̩ n
Dattelner	d a t l̩ n ɐ
Dattelpalme	d a t l̩ p a l m ə
Dattelpalmen	d a t l̩ p a l m ə n
Dauerbackware	d a ʊ̯ ɐ b a k v aː ʁ ə
Dauerbackwaren	d a ʊ̯ ɐ b a k v aː ʁ ə n
Dauergeschwindigkeit	d a ʊ̯ ɐ ɡ ə ʃ v ɪ n d ɪ k k a ɪ̯ t
Dauergeschwindigkeit	d a ʊ̯ ɐ ɡ ə ʃ v ɪ n d ɪ ç k a ɪ̯ t
Dauergeschwindigkeiten	d a ʊ̯ ɐ ɡ ə ʃ v ɪ n d ɪ k k a ɪ̯ t ə n
Dauergeschwindigkeiten	d a ʊ̯ ɐ ɡ ə ʃ v ɪ n d ɪ ç k a ɪ̯ t ə n
Dauerleihgabe	d a ʊ̯ ɐ l a ɪ̯ ɡ aː b ə
Dauerleihgaben	d a ʊ̯ ɐ l a ɪ̯ ɡ aː b n̩
Daumenregel	d a ʊ̯ m ə n ʁ eː ɡ l̩
Dauphin	d o f ɛ ŋ
Dauphin	d o f ɛ̃ː
David	d äː v i t
David	d äː v ɪ t
Davidstern	d aː v ɪ t ʃ t ɛ ʁ n
Davorhalten	d a f oː ɐ̯ h a l t n̩
Deaktivieren	d e ʔ a k t i v iː ʁ ə n
Deaktivierer	d e ʔ a k t i v iː ʁ ɐ̯
Deamerikanisieren	d e a m e ʁ i k a n i z iː ʁ ə n
Debitorenkonto	d e b i t oː ɐ̯ n k ɔ n t o
Debuggen	d i b a ɡ n̩
Debugging	d iː b ʌ ɡ ɪ ŋ
Deca	d eː k a
Deckenlicht	d ɛ k n̩ l ɪ ç t
Deckenlicht	d ɛ k ŋ̩ l ɪ ç t
Deckenlichts	d ɛ k n̩ l ɪ ç t͡s
Decknamen	d ɛ k n aː m ə n
Defensive	d e f ɛ n z iː v ə
Definition	d eː f i n i t͡s j oː n
Deflationsdruck	d e f l a t͡s j oː n s d ʁ ʊ k
Deformationsgeschoss	d e f ɔ ʁ m a t͡s i̯ oː n s ɡ ə ʃ ɔ s
Deformationsgeschosse	d e f ɔ ʁ m a t͡s i̯ oː n s ɡ ə ʃ ɔ s ə
Deformationsgeschosses	d e f ɔ ʁ m a t͡s i̯ oː n s ɡ ə ʃ ɔ s ə s
Degen	d eː ɡ ŋ̍
Deichbruch	d a ɪ̯ ç b ʁ ʊ x
Deidesheimer	d a ɪ̯ d ə s h a ɪ̯ m ɐ
Deidesheimerin	d a ɪ̯ d ə s h a ɪ̯ m ə ʁ ɪ n
Deidesheimers	d a ɪ̯ d ə s h a ɪ̯ m ɐ s
Deidesheims	d a ɪ̯ d ə s h a ɪ̯ m s
Deindustrialisierung	d e ʔ ɪ n d ʊ s t ʁ i̯ a l i z iː ʁ ʊ ŋ
Dekagramm	d ɛ k ɐ ɡ ʁ a m
Deklaration	d e k l a ʀ a t͡s i̯ oː n
Deklarieren	d e kʰ l a ʁ iː ɐ̯ n
Dekolleté	d e k ɔ l t eː
Dekompression	d e k ɔ m p ʀ ɛ s i̯ oː n
Dekompressionskrankheit	d e k ɔ m p ʀ ɛ s i̯ oː n s k ʀ a ŋ k h a ɪ̯ t
Delbrücker	d ɛ l b ʁ ʏ k ɐ
Delbrückerin	d ɛ l b ʁ ʏ k ə ʁ ɪ n
Delbrückerinnen	d ɛ l b ʁ ʏ k ə ʁ ɪ n ə n
Delbrückers	d ɛ l b ʁ ʏ k ɐ s
Delegierter	d e l e ɡ iː ɐ̯ t ɐ
Delikt	d e l ɪ k t
Delling	d ɛ l ɪ ŋ
Dellinger	d ɛ l ɪ ŋ ɐ
Dellingers	d ɛ l ɪ ŋ ɐ s
Dellings	d ɛ l ɪ ŋ s
Dellmann	d ɛ l m a n
Dellmanns	d ɛ l m a n s
Demagoge	d e m a ɡ oː ɡ ə
Demagogen	d e m a ɡ oː ɡ n̩
Demagogen	d e m a ɡ oː ɡ ə n
Demagogin	d e m a ɡ oː ɡ ɪ n
Demagoginnen	d e m a ɡ oː ɡ ɪ n ə n
Demilitarisierung	d e m i l i t a ʁ i z iː ʁ ʊ ŋ
Demiurg	d e m i ʊ ʁ k
Demokratieanhängerin	d e m o k ʁ a t iː ʔ a n h ɛ ŋ ə ʁ ɪ n
Demokratieanhängerinnen	d e m o k ʁ a t iː ʔ a n h ɛ ŋ ə ʁ ɪ n ə n
Demonstration	d e m ɔ n s t ʁ a t͡s i̯ oː n
Demonstrativpronomen	d e m ɔ n s t r a t iː f p ʀ o n oː m ə n
Dendrochronologie	d ɛ n d ʁ o k ʁ o n o l o ɡ iː
Denkansatz	d ɛ ŋ k a n z a t͡s
Denkansatzes	d ɛ ŋ k a n z a t͡s ə s
Denkansätze	d ɛ ŋ k a n z ɛ t͡s ə
Denken	d ɛ ŋ k n̩
Denkmünze	d ɛ ŋ k m ʏ n t͡s ə
Denunziererin	d e n ʊ n t s iː ʁ ə ʁ ɪ n
Denunziererinnen	d e n ʊ n t s iː ʁ ə ʁ ɪ n ə n
Departementsrat	d eː p a r t ə m ɛ n t s ʁ aː t
Department	d i p aː ɐ̯ t m ə n t
Departments	d i p aː ɐ̯ t m ə n t s
Deponieren	d e p o n iː ʁ ə n
Deponierer	d e p o n iː ʁ ɐ
Depot	d e p oː
Derichsweiler	d eː ʁ ɪ ç s v a ɪ̯ l ɐ
Derichsweilerin	d eː ʁ ɪ ç s v a ɪ̯ l ə ʁ ɪ n
Derichsweilers	d eː ʁ ɪ ç s v a ɪ̯ l ɐ s
Derivatehändler	d e ʁ i v aː t ə h ɛ n d l ɐ
Derivatehändlers	d e ʁ i v aː t ə h ɛ n d l ɐ s
Derivatemarkt	d e ʁ i v aː t ə m a ʁ k t
Dernau	d ɛ ʁ n a ʊ̯
Dernauer	d ɛ ʁ n a ʊ̯ ɐ
Dernauerin	d ɛ ʁ n a ʊ̯ ə ʁ ɪ n
Dernauers	d ɛ ʁ n a ʊ̯ ɐ s
Dernaus	d ɛ ʁ n a ʊ̯ s
Desaster	d e z aː s t ɐ
Desinformationskampagne	d ɛ s ʔ ɪ n f ɔ ʁ m a t͡s i̯ oː n s k a m p a n j ə
Desinformationskampagnen	d ɛ s ʔ ɪ n f ɔ ʁ m a t͡s i̯ oː n s k a m p a n j ə n
Desinvestition	d eː s ʔ i n v ɛ s t i t͡s i̯ oː n
Detailhandel	d eː t a ɪ̯ l h a n d ə l
Detailhändler	d eː t a ɪ̯ l h ɛ n d l ə r
Determinativkompositum	d e t ɛ ʁ m i n a t iː f k ɔ m p oː z i t ʊ m
Determinieren	d e t ɛ ʁ m i n iː ʁ ə n
Determinierer	d e t ɛ ʁ m i n iː ʁ ɐ
Detmolderin	d ɛ t m ɔ l d ə ʁ ɪ n
Detmolderinnen	d ɛ t m ɔ l d ə ʁ ɪ n ə n
Detmolders	d ɛ t m ɔ l d ɐ s
Detonieren	d e t o n iː ʁ ə n
Detonierer	d e t o n iː ʁ ɐ
Deutsch	d ɔ ɪ̯ t͡ʃ
Deutschamerikanerin	d ɔ ʏ̯ t ʃ a m e ʁ i k aː n ə ʁ ɪ n
Deutschamerikanerinnen	d ɔ ʏ̯ t ʃ a m e ʁ i k aː n ə ʁ ɪ n ə n
Deutschfeistritzer	d ɔ ɪ̯ t ʃ f a ɪ̯ s t ʁ ɪ t͡s ɐ
Deutschfeistritzerin	d ɔ ɪ̯ t ʃ f a ɪ̯ s t ʁ ɪ t͡s ə ʁ ɪ n
Deutschfeistritzerinnen	d ɔ ɪ̯ t ʃ f a ɪ̯ s t ʁ ɪ t͡s ə ʁ ɪ n ə n
Deutschfeistritzers	d ɔ ɪ̯ t ʃ f a ɪ̯ s t ʁ ɪ t͡s ɐ s
Deutschkreutzer	d ɔ ɪ̯ t ʃ n̩ k ʁ ɔ ʏ̯ t s ɐ
Deutschkreutzerin	d ɔ ɪ̯ t ʃ n̩ k ʁ ɔ ʏ̯ t͡s ə ʁ ɪ n
Deutschkreutzerinnen	d ɔ ɪ̯ t ʃ n̩ k ʁ ɔ ʏ̯ t͡s ə ʁ ɪ n ə n
Deutschkreutzers	d ɔ ɪ̯ t ʃ n̩ k ʁ ɔ ʏ̯ t s ɐ s
Deutschland	d ɔ ʏ̯ t͡ʃ l a n t
Deutschnofen	d ɔ ɪ̯ t ʃ n̩ oˑ f n̩
Deutschnofens	d ɔ ɪ̯ t ʃ n̩ oˑ f n̩ s
Deutschnofner	d ɔ ɪ̯ t ʃ n̩ oˑ f n̩ ɐ
Deutschnofnerin	d ɔ ɪ̯ t ʃ n̩ oˑ f n̩ ə ʁ ɪ n
Deutschnofnerinnen	d ɔ ɪ̯ t ʃ n̩ oˑ f n̩ ə ʁ ɪ n ə n
Deutschnofners	d ɔ ɪ̯ t ʃ n̩ oˑ f n̩ ɐ s
Deutschordensritter	d ɔ ɪ̯ t͡ʃ ɔ ʁ d n̩ s ʁ ɪ t ɐ
Deutschschweiz	d ɔ ɪ̯ t͡ʃ ʃ v a ɪ̯ t͡s
Deutschschweizer	d ɔ ɪ̯ t͡ʃ ʃ v a ɪ̯ t͡s ɐ
Deutschtümelei	d ɔ ɪ̯ t͡ʃ t yː m ə l a ɪ̯
Deutung	d ɔ ʏ̯ t ʊ ŋ
Deutung	d ɔ ʏ̯ t ʊ ŋ k
Deutungen	d ɔ ʏ̯ t ʊ ŋ ə n
Devalvation	d e v a l v a t͡s i̯ oː n
Devisenabfluss	d e v iː z n̩ a p f l ʊ s
Devisenabflusses	d e v iː z n̩ a p f l ʊ s e s
Devisenabflüsse	d e v iː z n̩ a p f l ʏ s ə
Devisenausgabe	d e v iː z n̩ ʔ a ʊ̯ s ɡ aː b ə
Deviseneinnahme	d e v iː z n̩ ʔ a ɪ̯ n n aː m ə
Devisenkurs	d e v iː z n̩ k ʊ ʁ s
Devisenmarkt	d e v iː z n̩ m a ʁ k t
Devisenspekulation	d e v iː z n̩ s p e k u l a t͡s j oː n
Devisenzufluss	d e v iː z n̩ t͡s uː f l ʊ s
Devisenzuflusses	d e v iː z n̩ t͡s uː f l ʊ s e s
Devisenzuflüsse	d e v iː z n̩ t͡s uː f l ʏ s ə
Dezimalsystem	d e t͡s i m aː l z ʏ s t eː m
Diakonie	d i a k o n iː
Dialektkontinuum	d i a l ɛ k t k ɔ n t iː n u ʊ m
Diamant	d i a m a n t
Diamant	d i ɐ̯ m a n t
Diamant	d iː a m a n t
Diamant	d j a m a n t
Diastole	d i a s t oː l ə
Dichtband	d ɪ ç t b a n t
Dichtbandes	d ɪ ç t b a n d ə s
Dichtbands	d ɪ ç t b a n t s
Dichtbänder	d ɪ ç t b ɛ n d ɐ
Dichtbändern	d ɪ ç t b ɛ n d ɐ n
Dichte	d ɪ ç t ə
Dichthalten	d ɪ ç t h a l t n̩
Dickblattgewächs	d ɪ k b l a t ɡ ə v ɛ k s
Dickblattgewächse	d ɪ k b l a t ɡ ə v ɛ k s ə
Dickblattgewächses	d ɪ k b l a t ɡ ə v ɛ k s ə s
Dickicht	d ɪ k ɪ ç t
Dickkopf	d ɪ k k ɔ p͡f
Dickkopf	d ɪ k ɔ p͡f
Dickköpfigkeit	d ɪ k k ø p͡f i k k a ɪ̯ t
Dickköpfigkeit	d ɪ k k ø p͡f i ç k a ɪ̯ t
Diebe	d iː b ə
Dieben	d iː b m̩
Dieben	d iː b n̩
Diebes	d iː b ə s
Diebesbande	d iː b ə s b a n d ə
Diener	d iː n ɐ
Dienerin	d iː n ə ʁ ɪ n
Dienst	d iː n s t
Dienstagabend	d iː n s t aː k ʔ a b n̩ t
Dienstagmittag	d iː n s t aː k m ɪ t aː k
Dienstagnachmittag	d iː n s t aː k n aː χ m ɪ t aː k
Dienstagvormittag	d iː n s t aː k f oː ɐ̯ m ɪ t aː k
Dienstleistungsgewerbe	d iː n s t l a ɪ̯ s t ʊ ŋ s ɡ ə v ɛ ʁ b ə
Dienstleistungssektor	d iː n s t l a ɪ̯ s t ʊ ŋ s z ɛ k t oː ɐ̯
Dienstmarke	d iː n s t m a ʁ k ə
Dienstvergehen	d iː n s t f ɛ ɐ̯ ɡ eː ə n
Dienstverweigerungsangriff	d iː n s t f ɛ ɐ̯ v a ɪ̯ ɡ ə ʁ ʊ ŋ s ʔ a n ɡ ʁ ɪ f
Dienstverweigerungsangriffe	d iː n s t f ɛ ɐ̯ v a ɪ̯ ɡ ə ʁ ʊ ŋ s ʔ a n ɡ ʁ ɪ f ə
Dienstverweigerungsangriffes	d iː n s t f ɛ ɐ̯ v a ɪ̯ ɡ ə ʁ ʊ ŋ s ʔ a n ɡ ʁ ɪ f ə s
Dienstverweigerungsangriffs	d iː n s t f ɛ ɐ̯ v a ɪ̯ ɡ ə ʁ ʊ ŋ s ʔ a n ɡ ʁ ɪ f s
Dienstwagen	d iː n s t v aː ɡ n̩
Dienstwagen	d iː n s t v aː ɡ ŋ̩
Diesel	d iː z l̩
Diesels	d iː z l̩ s
Diesseits	d iː s a ɪ̯ t͡s
Diesseits	d iː s z̥ a ɪ̯ t͡s
Dietenheimer	d iː t n̩ h a ɪ̯ m ɐ
Dietenheimerin	d iː t n̩ h a ɪ̯ m ə ʁ ɪ n
Dietenheimerinnen	d iː t n̩ h a ɪ̯ m ə ʁ ɪ n ə n
Dietenheimers	d iː t n̩ h a ɪ̯ m ɐ s
Diffamiererin	d ɪ f a m iː ʁ ə ʁ ɪ n
Diffundieren	d ɪ f ʊ n d iː ʁ ə n
Digitalisat	d i ɡ i t a l i z aː t
Digitalisate	d i ɡ i t a l i z aː t ə
Digitaluhr	d i ɡ i t aː l ʔ uː ɐ̯
Diktatfrieden	d ɪ k t aː t f ʁ iː d n̩
Diktatfriedens	d ɪ k t aː t f ʁ iː d n̩ s
Diktieren	d ɪ k t iː ʁ ə n
Dilettant	d i l ɛ t a n t
Dillinger	d ɪ l ɪ ŋ ə ɐ
Dillingerin	d ɪ l ɪ ŋ ə ʁ ɪ n
Dillingerinnen	d ɪ l ɪ ŋ ə ʁ ɪ n ə n
Dillingers	d ɪ l ɪ ŋ ɐ s
Diplomatie	d i p l o m a t iː
Diplomingenieur	d i p l oː m ʔ ɪ n ʒ e n i̯ øː ɐ̯
Diplomingenieurin	d i p l oː m ʔ ɪ n ʒ e n i̯ øː ʀ ɪ n
Dippoldiswalde	d ɪ p ɔ l d ɪ s v a l d ə
Dippoldiswalder	d ɪ p ɔ l d ɪ s v a l d ɐ
Dippoldiswalderin	d ɪ p ɔ l d ɪ s v a l d ə ʁ ɪ n
Dippoldiswalders	d ɪ p ɔ l d ɪ s v a l d ɐ s
Dippoldiswaldes	d ɪ p ɔ l d ɪ s v a l d ə s
Direktinvestition	d i ʁ ɛ k t ʔ i n v ɛ s t i t͡s i̯ oː n
Direktion	d i ʁ ɛ k t͡s i̯ oː n
Direktoren	d ʁ ɛ k i t oː ʁ ə n
Direktrice	d i r ɛ k t ʁ iː s
Direktrice	d i r ɛ k t ʁ iː s ə
Dirigat	d i ʁ i ɡ aː t
Dirne	d ɪ r n ə
Dirne	d ɪ ɐ̯ n ə
Dirne	d ɪ ʁ n ə
Discount	d ɪ s k a ʊ̯ n t
Discounts	d ɪ s k a ʊ̯ n t s
Disibodenberg	d i z i b oː d n̩ b ɛ ʁ k
Diskreditieren	d ɪ s k ʁ e d i t iː ʁ ə n
Diskreditierer	d ɪ s k ʁ e d i t iː ʁ ɐ
Diskreditiererin	d ɪ s k ʁ e d i t iː ʁ ə ʁ ɪ n
Diskreditiererinnen	d ɪ s k ʁ e d i t iː ʁ ə ʁ ɪ n ə n
Diskuswerfer	d ɪ s k ʊ s v ɛ ʁ f ɐ
Diskuswerferin	d ɪ s k ʊ s v ɛ ʁ f ə ʁ ɪ n
Diskutieren	d ɪ s k u t iː ʁ ə n
Diskutierer	d ɪ s k u t iː ʁ ɐ
Diskutiererin	d ɪ s k u t iː ʁ ə ʁ ɪ n
Diskutiererinnen	d ɪ s k u t iː ʁ ə ʁ ɪ n ə n
Disponent	d ɪ s p o n ɛ n t
Disponenten	d ɪ s p o n ɛ n t n̩
Disponieren	d ɪ s p o n iː ʁ ə n
Disponierer	d ɪ s p o n iː ʁ ɐ
Dispositiv	d ɪ s p o z i t iː f
Distanziertheit	d ɪ s t a n t͡s iː ɐ̯ t h a ɪ̯ t
Distel	d ɪ s t l̩
Distelfalter	d ɪ s t l̩ f a l t ɐ
Distickstoffmonoxyd	d iː ʃ t ɪ k ʃ t ɔ f m o n ʔ ɔ k s iː t
Distickstoffmonoxyd	d iː ʃ t ɪ k ʃ t ɔ f m o n ʔ ɔ k s yː t
Distickstoffoxyd	d iː ʃ t ɪ k ʃ t ɔ f ʔ ɔ k s iː t
Distickstoffoxyd	d iː ʃ t ɪ k ʃ t ɔ f ʔ ɔ k s yː t
Distickstofftetroxyd	d iː ʃ t ɪ k ʃ t ɔ f t e t ʁ ɔ k s iː t
Distickstofftetroxyd	d iː ʃ t ɪ k ʃ t ɔ f t e t ʁ ɔ k s yː t
Diuretikum	d i u ʁ eː t i k ʊ m
Diuretikum	d i ʊ ʁ eː t ɪ k ʊ m
Diversifikation	d i v ɛ ʁ s i f i k a t͡s j oː n
Dividendenanspruch	d i v i d ɛ n d n̩ ʔ a n ʃ p ʁ ʊ x
Dividendenrendite	d i v i d ɛ n d n̩ ʁ ɛ n d iː t ə
Dividierer	d i v i d iː ʁ ɐ
Division	d i v i z i̯ oː n
Dneprfluss	d n j ɛ p ʁ f l ʊ s
Dneprfluß	d n j ɛ p ʁ f l ʊ s
Dnister	d n ɪ s t ɐ
Dnjeprfluss	d n j ɛ p ʁ f l ʊ s
Dohne	d oː n ə
Doktor	d ɔ k t oː ɐ̯
Doktor	d ɔ k t ɐ
Doktorandin	d o k t o ʀ a n d ɪ n
Doktorarbeit	d ɔ k t oː ɐ̯ ʔ a ʁ b a ɪ̯ t
Doktorwürde	d ɔ k t oː ɐ̯ v ʏ ɐ̯ d ə
Dolch	d ɔ l ç
Dolchstoßlegende	d ɔ l ç ʃ t oː s l e ɡ ɛ n d ə
Dollar	d ɔ l a ɐ̯
Dollar	d ɔ l a ʁ
Dolle	d ɔ l ə
Dollinger	d ɔ l ɪ ŋ ɐ
Dollingers	d ɔ l ɪ ŋ ɐ s
Dolmetscher	d ɔ l m ɛ t͡ʃ ɐ
Domestizieren	d o m ɛ s t i t s iː ɐ̯ n
Domestizierer	d o m ɛ s t i t s iː ʁ ɐ
Dominic	d ɔ m i n ɪ k
Dominieren	d o m i n iː ʁ ə n
Dominierer	d o m i n iː ʁ ɐ
Dominik	d ɔ m i n ɪ k
Dominikaner	d o m i n i k aː n ɐ
Dominikanermöwe	d o m i n i k aː n ɐ m øː v ə
Dominikanermöwen	d o m i n i k aː n ɐ m øː v ə n
Dominikanerorden	d o m i n i k aː n ɐ ʔ ɔ ʁ d n̩
Domkirchen	d oː m k ɪ ʁ ç n̩
Dompfaff	d oː m p͡f a f
Dompteur	d ɔ m t øː ɐ̯
Donation	d o n a t͡s i̯ oː n
Donaudampfschifffahrtsgesellschaftskapitän	d oː n a ʊ̯ d a m p f ʃ ɪ f f aː ɐ̯ t͡s ɡ ə z ɛ l ʃ a f t͡s k a p i t ɛː n
Donaueschinger	d oː n a ʊ̯ ʔ ɛ ʃ ɪ ŋ ə n ɐ
Donaueschingerin	d oː n a ʊ̯ ʔ ɛ ʃ ɪ ŋ ə n ə ʁ ɪ n
Donaueschingers	d oː n a ʊ̯ ʔ ɛ ʃ ɪ ŋ ə n ɐ s
Donauschwabe	d oː n a ʊ̯ ʃ v aː b ə
Donaustädter	d oː n a ʊ̯ ʃ t ɛ t ɐ
Donaustädterin	d oː n a ʊ̯ ʃ t ɛ t ə ʁ ɪ n
Donaustädters	d oː n a ʊ̯ ʃ t ɛ t ɐ s
Donautal	d oː n a ʊ̯ t aː l
Donautales	d oː n a ʊ̯ t aː l ə s
Donautals	d oː n a ʊ̯ t aː l s
Donauwörther	d oː n a ʊ̯ v øː ɐ̯ t ɐ
Donauwörtherin	d oː n a ʊ̯ v øː ɐ̯ t ə ʁ ɪ n
Donauwörthers	d oː n a ʊ̯ v øː ɐ̯ t ɐ s
Donauwörths	d oː n a ʊ̯ v øː ɐ̯ t͡s
Donnern	d ɔ n ɐ n
Donnerstagabend	d ɔ n ɐ s t aː k ʔ a b n̩ t
Donnerstagmittag	d ɔ n ɐ s t aː k m ɪ t aː k
Donnerstagnachmittag	d ɔ n ɐ s t aː k n aː χ m ɪ t aː k
Donnerstagvormittag	d ɔ n ɐ s t aː k f oː ɐ̯ m ɪ t aː k
Donnerwetter	d ɔ n ɐ v ɛ t ɐ
Donnerwettern	d ɔ n ɐ v ɛ t ɐ n
Donnerwetters	d ɔ n ɐ v ɛ t ɐ s
Doppelagentin	d ɔ p l̩ ʔ a ɡ ɛ n t ɪ n
Doppelbuchstabe	d ɔ p l̩ b uː x ʃ t aː b ə
Doppelbuchstaben	d ɔ p l̩ b uː x ʃ t aː b n̩
Doppelbuchstabens	d ɔ p l̩ b uː x ʃ t aː b n̩ s
Doppelbüchse	d ɔ p l̩ b ʏ k s ə
Doppelbüchsen	d ɔ p l̩ b ʏ k s ə n
Doppelflinte	d ɔ p l̩ f l ɪ n t ə
Doppelflinten	d ɔ p l̩ f l ɪ n t n̩
Doppelfüßer	d ɔ p l̩ f yː s ɐ
Doppelfüßers	d ɔ p l̩ f yː s ɐ s
Doppelgänger	d ɔ p l̩ ɡ ɛ ŋ ɐ
Doppelhaushalt	d ɔ p l̩ h a ʊ̯ s h a l t
Doppelkreuz	d ɔ p l̩ k ʁ ɔ ɪ̯ t͡s
Doppelkreuze	d ɔ p l̩ k ʁ ɔ ɪ̯ t͡s ə
Doppelkreuzes	d ɔ p l̩ k ʁ ɔ ɪ̯ t͡s ə s
Doppelschleifern	d ɔ p l̩ ʃ l a ɪ̯ f ɐ n
Doppelschleifers	d ɔ p l̩ ʃ l a ɪ̯ f ɐ s
Doppelschleifmaschinen	d ɔ p l̩ ʃ l a ɪ̯ f m a ʃ iː n ə n
Doppelschwanz	d ɔ p l̩ ʃ v a n t͡s
Doppelstaatsbürgerschaft	d ɔ p l̩ ʃ t aː t͡s b ʏ ʁ ɡ ɐ ʃ a f t
Doppelstunde	d ɔ p l̩ ʃ t ʊ n d ə
Doppelverabredung	d ɔ p l̩ f ɛ ɐ̯ ʔ a p ʁ eː d ʊ ŋ
Doppelverabredung	d ɔ p ə l f ɛ ɐ̯ ʔ a p ʁ eː d ʊ ŋ
Doppelwohnhaus	d ɔ p l̩ v oː n h a ʊ̯ s
Dorf	d ɔ r f
Dorf	d ɔ ɐ̯ f
Dorf	d ɔ ʁ f
Dorf	d ɔː f
Dorfkirche	d ɔ ɐ̯ f k ɪ ɐ̯ ç ə
Dorfkirche	d ɔ ʁ f k ɪ ʁ ç ə
Dorfplatz	d ɔ ʁ f p l a t͡s
Dorftrottel	d ɔ ʁ f t ʁ ɔ t l̩
Dorn	d ɔ ɐ̯ n
Dorn	d ɔ ʁ n
Dornbusch	d ɔ ʁ n b ʊ ʃ
Dornbusches	d ɔ ʁ n b ʊ ʃ ə s
Dornbuschs	d ɔ ʁ n b ʊ ʃ s
Dornbüsche	d ɔ ʁ n b ʏ ʃ ə
Dornenhecke	d ɔ ʁ n ə n h ɛ k ə
Dornenkrone	d ɔ ʁ n ə n k ʁ oː n ə
Dornfelder	d ɔ ʁ n f ɛ l d ɐ
Dorngesträuch	d ɔ ɐ̯ n ɡ ə ʃ t ʁ ɔ ɪ̯ ç
Dorngesträuche	d ɔ ɐ̯ n ɡ ə ʃ t ʁ ɔ ɪ̯ ç ə
Dorngesträuchen	d ɔ ɐ̯ n ɡ ə ʃ t ʁ ɔ ɪ̯ ç n̩
Dorngesträuchen	d ɔ ɐ̯ n ɡ ə ʃ t ʁ ɔ ɪ̯ ç ə n
Dorngesträuches	d ɔ ɐ̯ n ɡ ə ʃ t ʁ ɔ ɪ̯ ç ə s
Dorngesträuchs	d ɔ ɐ̯ n ɡ ə ʃ t ʁ ɔ ɪ̯ ç s
Dorsch	d ɔ ɐ̯ ʃ
Dorsch	d ɔ ʁ ʃ
Dorsch	d ɔː ʃ
Dortmund	d ɔ ʁ t m ʊ n t
Dortmunderin	d ɔ ʁ t m ʊ n d ə ʁ ɪ n
Dortmunderinnen	d ɔ ʁ t m ʊ n d ə ʁ ɪ n ə n
Dosennahrung	d oː z n̩ n aː ʁ ʊ ŋ
Dosenöffner	d oː z n̩ ʔ œ f n ɐ
Dosierer	d o z iː ʁ ɐ
Dosis	d oː z ɪ s
Dotieren	d o t iː ʁ ə n
Downer	d a ʊ̯ n ɐ
Downern	d a ʊ̯ n ɐ n
Drache	d ʁ ä χ ə
Drachen	d ʁ a χ n̩
Drachen	d ʁ a χ ə n
Drachenviereck	d ʁ a x n̩ f iː ɐ̯ ʔ ɛ k
Drahtseilakt	d ʀ aː t z a ɪ̯ l ʔ a k t
Drahtsieb	d ʁ aː t z iː p
Dramatisiererin	d ʁ a m a t i z iː ʁ ə ʁ ɪ n
Dramatisiererinnen	d ʁ a m a t i z iː ʁ ə ʁ ɪ n ə n
Dramaturg	d ʁ a m a t ʊ ʁ k
Dramaturgen	d ʁ a m a t ʊ ʁ ɡ n̩
Dramaturgie	d ʁ a m a t ʊ ʁ ɡ iː
Drangsal	d ʁ a ŋ z aː l
Draufgängertum	d ʁ a ʊ̯ f ɡ ɛ ŋ ɐ t uː m
Draufhalten	d ʁ a ʊ̯ f h a l t n̩
Drecksarbeit	d ʀ ɛ k s ʔ a ʁ b a ɪ̯ t
Drehbuch	d ʀ eː b uː χ
Drehbuchautor	d ʁ eː b uː x ʔ a ʊ̯ t oː ɐ̯
Drehbuchautoren	d ʁ eː b uː x ʔ a ʊ̯ t oː ʁ ə n
Drehbuchautors	d ʁ eː b uː x ʔ a ʊ̯ t oː ɐ̯ s
Drehgeschwindigkeit	d ʁ eː ɡ ə ʃ v ɪ n d ɪ k k a ɪ̯ t
Drehgeschwindigkeit	d ʁ eː ɡ ə ʃ v ɪ n d ɪ ç k a ɪ̯ t
Drehgeschwindigkeiten	d ʁ eː ɡ ə ʃ v ɪ n d ɪ k k a ɪ̯ t ə n
Drehgeschwindigkeiten	d ʁ eː ɡ ə ʃ v ɪ n d ɪ ç k a ɪ̯ t ə n
Drehimpuls	d ʀ eː ʔ ɪ m p ʊ l s
Drehort	d ʀ eː ʔ ɔ ʁ t
Drehscheibe	d ʁ eː ʃ a ɪ̯ b ə
Dreieck	d ʁ a ɪ̯ ʔ ɛ kʰ
Dreijährigen	d ʁ a ɪ̯ j ɛː ʁ ɪ ɡ n̩
Dreijähriger	d ʁ a ɪ̯ j ɛː ʁ ɪ ɡ ɐ
Dreikäsehochs	d ʁ a ɪ̯ k ɛː z ə h oː x s
Dreikönigstage	d ʁ a ɪ̯ k øː n ɪ k s t aː ɡ ə
Dreikönigstage	d ʁ a ɪ̯ k øː n ɪ ç s t aː ɡ ə
Dreikönigstages	d ʁ a ɪ̯ k øː n ɪ k s t aː ɡ ə s
Dreikönigstages	d ʁ a ɪ̯ k øː n ɪ ç s t aː ɡ ə s
Dreikönigstags	d ʁ a ɪ̯ k øː n ɪ k s t aː k s
Dreikönigstags	d ʁ a ɪ̯ k øː n ɪ ç s t aː k s
Dreiländereck	d ʁ a ɪ̯ l ɛ n d ɐ ʔ ɛ k
Dreipass	d ʁ a ɪ̯ p a s
Dreipaß	d ʁ a ɪ̯ p a s
Dreipersonenhaushalt	d ʁ a ɪ̯ p ɛ ʁ z oː n ə n h a ʊ̯ s h a l t
Dreipersonenhaushalte	d ʁ a ɪ̯ p ɛ ʁ z oː n ə n h a ʊ̯ s h a l t ə
Dreipersonenhaushaltes	d ʁ a ɪ̯ p ɛ ʁ z oː n ə n h a ʊ̯ s h a l t ə s
Dreipersonenhaushalts	d ʁ a ɪ̯ p ɛ ʁ z oː n ə n h a ʊ̯ s h a l t s
Dreisatz	d ʁ a ɪ̯ z a t͡s
Dreispitz	d ʁ a ɪ̯ ʃ p ɪ t͡s
Dreissigtausendstel	d ʁ a ɪ̯ s ɪ k t a ʊ z n̩ t t͡s t l̩
Dreitagebart	d r a i t aː ɡ ə b aː ɐ t
Dreitausendstel	d ʁ a ɪ̯ t a ʊ z n̩ t͡s t ɮ̩̻
Dreiunddreißigjährige	d ʁ a ɪ̯ ʊ n t d ʁ a ɪ̯ s ɪ ç j ɛː ʁ ɪ ɡ ə
Dreiunddreißigjährigen	d ʁ a ɪ̯ ʊ n t d ʁ a ɪ̯ s ɪ ç j ɛː ʁ ɪ ɡ ə n
Dreiunddreißigjähriger	d ʁ a ɪ̯ ʊ n t d ʁ a ɪ̯ s ɪ ç j ɛː ʁ ɪ ɡ ɐ
Dreiundfünfzigjährigen	d ʁ a ɪ̯ ʊ n t f ʏ n f t͡s ɪ ç j ɛː ʁ ɪ ɡ ə n
Dreiundfünfzigstels	d ʁ a ɪ̯ ʊ n t f y n f t͡s ɪ ç s t l̩ s
Dreiundvierzigjährige	d ʁ a ɪ̯ ʊ n t f ɪ ɐ̯ t͡s ɪ ç j ɛː ʁ ɪ ɡ ə
Dreiundvierzigjährigen	d ʁ a ɪ̯ ʊ n t f ɪ ɐ̯ t͡s ɪ ç j ɛː ʁ ɪ ɡ ə n
Dreiundvierzigjähriger	d ʁ a ɪ̯ ʊ n t f ɪ ɐ̯ t͡s ɪ ç j ɛː ʁ ɪ ɡ ɐ
Dreiundzwanzigjährige	d ʁ a ɪ̯ ʊ n t͡s v a n t͡s ɪ ç j ɛː ʁ ɪ ɡ ə
Dreiundzwanzigjährigen	d ʁ a ɪ̯ ʊ n t͡s v a n t͡s ɪ ç j ɛː ʁ ɪ ɡ ə n
Dreiundzwanzigjähriger	d ʁ a ɪ̯ ʊ n t͡s v a n t͡s ɪ ç j ɛː ʁ ɪ ɡ ɐ
Dreizehnjähriger	d ʁ a ɪ̯ t͡s eː n j ɛː ʁ ɪ ɡ ɐ
Dreizehntel	d ʁ a ɪ̯ t͡s eː n t l̩
Dreizehntels	d ʁ a ɪ̯ t͡s eː n t l̩ s
Dreißigjährige	d ʁ a ɪ̯ s ɪ ç j ɛː ʁ ɪ ɡ ə
Dreißigjährigen	d ʁ a ɪ̯ s ɪ ç j ɛː ʁ ɪ ɡ ə n
Dreißigjähriger	d ʁ a ɪ̯ s ɪ ç j ɛː ʁ ɪ ɡ ɐ
Dreißigtausendstel	d ʁ a ɪ̯ s ɪ k t a ʊ z n̩ t͡s t ɮ̩
Dreißigtausendstel	d ʁ a ɪ̯ s ɪ k t a ʊ z n̩ t͡s t ɮ̩̻
Dreißigtausendstel	d ʁ a ɪ̯ s ɪ ç t a ʊ z n̩ t͡s t ɮ̩̻
Drempel	d r ɛ m p l̩
Drempel	d r ɛ m p ə l
Drempel	d ʁ ɛ m p l̩
Drempel	d ʁ ɛ m p ə l
Dresdens	d ʁ eː s d n̩ s
Dress	d ʁ ɛ s
Droge	d ʁ oː ɡ ə
Drogenbande	d ʁ oː ɡ n̩ b a n d ə
Drogenbeauftragter	d ʁ oː ɡ ŋ̩ b ə ʔ a ʊ̯ f t ʁ aː k t ɐ
Drogenberater	d ʁ oː ɡ ŋ̩ b ə ʁ aː t ɐ
Drogenberater	d ʁ oː ɡ ə n b ə ʁ aː t ɐ
Drogenberatern	d ʁ oː ɡ ŋ̩ b ə ʁ aː t ɐ n
Drogenberatern	d ʁ oː ɡ ə n b ə ʁ aː t ɐ n
Drogenberaters	d ʁ oː ɡ ŋ̩ b ə ʁ aː t ɐ s
Drogenberaters	d ʁ oː ɡ ə n b ə ʁ aː t ɐ s
Drogenfalle	d ʁ oː ɡ ŋ̩ f a l ə
Drogenfalle	d ʁ oː ɡ ə n f a l ə
Drogenhändlerinnen	d ʁ oː ɡ n̩ h ɛ n d l ə ʁ ʁ ɪ n ə n
Drogenhändlerinnen	d ʁ oː ɡ ŋ̩ h ɛ n d l ə ʁ ɪ n ə n
Drogenkonsum	d ʁ oː ɡ n̩ k ɔ n z uː m
Drogenkriminalität	d ʁ oː ɡ n̩ k ʁ i m i n a l i t ɛː t
Drogensucht	d ʁ oː ɡ n̩ z ʊ x t
Drogenwirtschaft	d ʁ oː ɡ n̩ v ɪ ʁ t ʃ a f t
Drohbrief	d ʀ oː b ʀ iː f
Drohnenpilot	d ʁ oː n ə n p i l oː t
Drossel	d ʁ ɔ s l̩
Drossel	d ʁ ɔ s ə l
Druckerei	d ʀ ʊ k ə ʀ a ɪ̯
Druckknopfe	d ʁ ʊ k k n ɔ p͡f ə
Druckknopfes	d ʁ ʊ k k n ɔ p͡f ə s
Druckknopfs	d ʁ ʊ k k n ɔ p͡f s
Druckknöpfe	d ʁ ʊ k k n œ p͡f ə
Druckknöpfen	d ʁ ʊ k k n œ p͡f n̩
Druckmittel	d ʀ ʊ k m ɪ t l̩
Drucksache	d ʀ ʊ k s a χ ɛ
Drucksache	d ʀ ʊ k z a χ ə
Drucktype	d r ʊ k t yː p ə
Druckwesen	d ʁ ʊ k v eː z n̩
Drunterhalten	d ʁ ʊ n t ɐ h a l t n̩
Drüberhalten	d ʁ yː b ɐ h a l t n̩
Drücken	d ʁ ʏ k n̩
Drücken	d ʁ ʏ k ŋ̩
Dschihadist	d͡ʒ i h aː d ɪ s t
Dschihadistin	d͡ʒ i h aː d ɪ s t ɪ n
Dschinn	d͡ʒ ɪ n
Dschinn	t͡ʃ ɪ n
Dschinn	ʒ ɪ n
Dschungel	d͡ʒ ʊ ŋ l̩
Dschungel	d͡ʒ ʊ ŋ ə l
Dualsystem	d u aː l z ʏ s t eː m
Dualsystems	d u aː l z ʏ s t eː m s
Duckmäuser	d ʊ k m ɔ ɪ̯ z ɐ
Duckmäusern	d ʊ k m ɔ ɪ̯ z ɐ n
Duckmäusers	d ʊ k m ɔ ɪ̯ z ɐ s
Dudelsackspieler	d uː d l̩ z a k ʃ p iː l ɐ
Dudelsackspielers	d uː d l̩ z a k ʃ p iː l ɐ s
Duden	d uː d̚ n̩
Duderstädter	d uː d ɐ ʃ t ɛ t ɐ
Duderstädters	d uː d ɐ ʃ t ɛ t ɐ s
Dudweilerin	d ʊ t v a ɪ̯ l ə ʁ ɪ n
Duisburg	d yː s b u ɪ̯ ç
Duisburg	d yː s b ʊ ʁ k
Dumpfheit	d ʊ m p f h a ɪ̯ t
Dunkelelben	d ʊ ŋ k l̩ ɛ l b n̩
Duplizieren	d u p l i t͡s iː ʁ ə n
Durchbraten	d ʊ ʁ ç b ʁ aː t n̩
Durchbrechen	d ʊ ʁ ç b ʁ ɛ ç ə n
Durchbringen	d ʊ ʁ ç b ʁ ɪ ŋ ə n
Durchbruch	d ʊ ʁ ç b ʁ ʊ x
Durchdenken	d ʊ ʁ ç d ɛ ŋ k n̩
Durchdrehen	d ʊ ʁ ç d ʁ eː ə n
Durchdringen	d ʊ ʁ ç d ʁ ɪ ŋ ə n
Durchfahren	d ʊ ɐ̯ ç f aː ɐ̯ n
Durchforsten	d ʊ ʁ ç f ɔ ʁ s t n̩
Durchfärben	d ʊ ʁ ç f ɛ ʁ b n̩
Durchführen	d ʊ ʁ ç f yː ʁ ə n
Durchführung	d ʊ ɐ̯ ç f yː ʁ ʊ ŋ
Durchführungsverordnung	d ʊ ʁ ç f yː ʀ ʊ ŋ s f ɛ ʁ ɔ ʁ t n ʊ ŋ
Durchgang	d ʊ ʁ ç ɡ a ŋ
Durchgangszuge	d ʊ ʁ ç ɡ a ŋ s t͡s uː ɡ ə
Durchgangszuges	d ʊ ʁ ç ɡ a ŋ s t͡s uː ɡ ə s
Durchgangszugs	d ʊ ʁ ç ɡ a ŋ s t͡s uː k s
Durchgangszüge	d ʊ ʁ ç ɡ a ŋ s t͡s yː ɡ ə
Durchgangszügen	d ʊ ʁ ç ɡ a ŋ s t͡s yː ɡ n̩
Durchgraben	d ʊ ɐ̯ ç ɡ ʁ aː b m̩
Durchhalten	d ʊ ʁ ç h a l t n̩
Durchhängen	d ʊ ʁ ç h ɛ ŋ ə n
Durchklingen	d ʊ ɐ̯ ç k l ɪ ŋ n̩
Durchkämmen	d ʊ ɐ̯ ç k ɛ m n̩
Durchkämmen	d ʊ ʁ ç k ɛ m ə n
Durchlüften	d ʊ ʁ ç l ʏ f t n̩
Durchmachen	d ʊ ʁ ç m a χ n̩
Durchreisende	d ʊ ʁ ç ʁ a ɪ̯ z n̩ d ə
Durchreisenden	d ʊ ʁ ç ʁ a ɪ̯ z n̩ d ə n
Durchreisender	d ʊ ʁ ç ʁ a ɪ̯ z n̩ d ɐ
Durchsage	d ʊ ʁ ç z aː ɡ ə
Durchsagen	d ʊ ʁ ç z aː ɡ n̩
Durchsagen	d ʊ ʁ ç z aː ɡ ŋ̩
Durchschlagen	d ʊ ʁ ç ʃ l aː ɡ n̩
Durchseuchung	d ʊ ʁ ç z ɔ ɪ̯ ç ʊ ŋ
Durchsichtigkeit	d ʊ ʁ ç z ɪ ç t ɪ ç k a ɪ̯ t
Durchsuchen	d ʊ ɐ̯ ç z uː χ n̩
Durchsuchung	d ʊ ɐ̯ ç z uː χ ʊ ŋ
Durchsuchungsbefehl	d ʊ ʁ ç z uː χ ʊ ŋ s b ə f eː l
Durchwaten	d ʊ ʁ ç v aː t n̩
Durchzug	d ʊ ɐ̯ ç t͡s uː kʰ
Durchzug	d ʊ ɐ̯ ç t͡s uː χ
Durchzug	d ʊ ɐ̯ ç t͡s ʊ kʰ
Durchzug	d ʊ ɐ̯ ç t͡s ʊ χ
Durchzug	d ʊ ʁ ç t͡s uː kʰ
Durst	d ʊ ɐ̯ s t
Durst	d ʊ ʁ s t
Durstigkeit	d ʊ ʁ s t ɪ ç k a ɪ̯ t
Durtonart	d uː ɐ̯ t oː n ʔ aː ɐ̯ t
Dysfunktion	d ʏ s f ʊ ŋ k t͡s i̯ oː n
Dämchen	d ɛː m ç ə n
Dämlack	d ɛː m l a k
Dämme	d ɛ m ə
Dämonisierer	d ɛ m o n i z iː ʁ ɐ
Dämonisiererin	d ɛ m o n i z iː ʁ ə ʁ ɪ n
Dämonisiererinnen	d ɛ m o n i z iː ʁ ə ʁ ɪ n ə n
Däne	d eː n ə
Däne	d ɛː n ə
Dänen	d ɛː n ə n
Döllingers	d œ l ɪ ŋ ɐ s
Dörentrup	d ø ʁ ə n t ʁ ʊ p
Döschen	d øː s j ə n
Döschen	d øː s ç ə n
Düdelinger	d yː d ə l ɪ ŋ ɐ
Düdelingerin	d yː d ə l ɪ ŋ ə ʁ ɪ n
Düdelingerinnen	d yː d ə l ɪ ŋ ə ʁ ɪ n ə n
Düdelingers	d yː d ə l ɪ ŋ ɐ s
Düdinger	d yː d ɪ ŋ ɐ
Düdingers	d yː d ɪ ŋ ɐ s
Düker	d yː k ɐ
Dümmlichkeit	d ʏ m l ɪ ç k a ɪ̯ t
Dünkel	d ʏ ŋ k l̩
Dürenerin	d yː ʁ ə n ə ʁ ɪ n
Dürenerinnen	d yː ʁ ə n ə ʁ ɪ n ə n
Dürlinger	d yː ɐ̯ l ɪ ŋ ɐ
Dürlingers	d yː ɐ̯ l ɪ ŋ ɐ s
Dürninger	d yː ɐ̯ n ɪ ŋ ɐ
Dürningers	d yː ɐ̯ n ɪ ŋ ɐ s
Dürreschaden	d ʏ ʁ ə ʃ aː d n̩
Düse	d yː z ə
Düsen	d yː z n̩
Düsseldorf	d ʏ s ə l d ɔ ʁ f
Düsseldorferin	d ʏ s ə l d ɔ ʁ f ə ʁ ɪ n
Düsseldorferinnen	d ʏ s ə l d ɔ ʁ f ə ʁ ɪ n ə n
EU	eː ʔ uː
Easteregg	iː s t ɐ ʔ ɛ k
Ebenbild	eː b m̩ b ɪ l t
Ebenbild	eː b n̩ b ɪ l t
Ebenmass	eː b n̩ m aː s
Ebenmaß	eː b n̩ m aː s
Ebenmaßes	eː b n̩ m aː s ə s
Eberbach	eː b ɐ b a x
Eberbacher	eː b ɐ b a x ɐ
Eberbacherin	eː b ɐ b a x ə ʁ ɪ n
Eberbachers	eː b ɐ b a x ɐ s
Eberbachs	eː b ɐ b a x s
Ebersbach	eː b ɐ s b a x
Ebersbacher	eː b ɐ s b a x ɐ
Ebersbacherin	eː b ɐ s b a x ə ʁ ɪ n
Ebersbachers	eː b ɐ s b a x ɐ s
Ebersbachs	eː b ɐ s b a x s
Ebersberger	eː b ɐ s b ɛ ʁ ɡ ɐ
Ebersbergerin	eː b ɐ s b ɛ ʁ ɡ ə ʁ ɪ n
Ebersbergers	eː b ɐ s b ɛ ʁ ɡ ɐ s
Ebersbergs	eː b ɐ s b ɛ ʁ k s
Ebersdorf	eː b ɐ s d ɔ ʁ f
Ebersdorfer	eː b ɐ s d ɔ ʁ f ɐ
Ebersdorferin	eː b ɐ s d ɔ ʁ f ə ʁ ɪ n
Ebersdorfers	eː b ɐ s d ɔ ʁ f ɐ s
Ebersdorfs	eː b ɐ s d ɔ ʁ f s
Eberswalder	eː b ɐ s v a l d ɐ
Eberswalderin	eː b ɐ s v a l d ə ʁ ɪ n
Eberswalders	eː b ɐ s v a l d ɐ s
Eberswaldes	eː b ɐ s v a l d ə s
Echokammer	ɛ ç o k a m ɐ
Echse	ɛ k s ə
Echtzeit	ʔ ɛ ç t t s a ɪ̯ t
Eckensteher	ʔ ɛ k ŋ̩ ʃ t eː ɐ
Eckigkeit	ʔ ɛ k ɪ ç k a ɪ̯ t
Eckladen	ɛ k l aː d n̩
Eckladens	ɛ k l aː d n̩ s
Eckläden	ɛ k l ɛː d n̩
Ecuador	e k ʋ a d oː ɐ̯
Ecuador	ʔ e k ʋ a d oː ɐ̯
Ecuador	ʔ ɛ k ʋ a d oː ɐ̯
Edamer	eː d a m ɐ
Edelfalter	eː d l̩ f a l t ɐ
Edelfalters	eː d l̩ f a l t ɐ s
Edelfrau	eː d l̩ f ʁ a ʊ̯
Edelsteinhändlerin	eː d l̩ ʃ t a ɪ̯ n h ɛ n d l ə ʁ ɪ n
Edelsteinhändlerinnen	eː d l̩ ʃ t a ɪ̯ n h ɛ n d l ə ʁ ɪ n ə n
Eden	ʔ eː d n̩
Edgar	ʔ ɛ t ɡ̊ aː ɐ̯
Edgars	ʔ ɛ t ɡ̊ aː ɐ̯ s
Edikt	e d ɪ k t
Eduard	ʔ eː d u aː ʁ t
Eduard	ʔ eː d ʋ aː ʁ t
Effekt	ʔ ɛ f ɛ k t
Effekten	ʔ ɛ f ɛ k t n̩
Effektenmarkt	ɛ f ɛ k t n̩ m a ʁ k t
Effizienzmaß	ɛ f ɪ t͡s i̯ ɛ n t͡s m aː s
Effizienzsteigerung	ɛ f i t͡s i̯ ɛ n t͡s ʃ t a ɪ̯ ɡ ə ʁ ʊ ŋ
Egalisieren	e ɡ a l i z iː ʁ ə n
Egalisierer	e ɡ a l i z iː ʁ ɐ
Eggenfelden	ɛ ɡ n̩ f ɛ l d n̩
Eggenfelden	ɛ ɡ ŋ̩ f ɛ l d n̩
Ehe	ʔ eː ə
Ehepartner	eː ə p a ʁ t n ɐ
Ehepartnerin	eː ə p a ʁ t n ə ʁ ɪ n
Ehren	ʔ eː ɐ n
Ehren	ʔ eː ʁ ə n
Ehrenbach	eː ʁ ə n b a x
Ehrenbacher	eː ʁ ə n b a x ɐ
Ehrenbacherin	eː ʁ ə n b a x ə ʁ ɪ n
Ehrenbacherinnen	eː ʁ ə n b a x ə ʁ ɪ n ə n
Ehrenbachers	eː ʁ ə n b a x ɐ s
Ehrenbachs	eː ʁ ə n b a x s
Ehrenberger	eː ʁ ə n b ɛ ɐ̯ ɡ ɐ
Ehrenbergerin	eː ʁ ə n b ɛ ɐ̯ ɡ ə ʁ ɪ n
Ehrenbergerinnen	eː ʁ ə n b ɛ ɐ̯ ɡ ə ʁ ɪ n ə n
Ehrenbergers	eː ʁ ə n b ɛ ɐ̯ ɡ ɐ s
Ehrenfeld	eː ʁ ə n f ɛ l t
Ehrenfelder	eː ʁ ə n f ɛ l d ɐ
Ehrenfelderin	eː ʁ ə n f ɛ l d ə ʁ ɪ n
Ehrenfelderinnen	eː ʁ ə n f ɛ l d ə ʁ ɪ n ə n
Ehrenfelders	eː ʁ ə n f ɛ l d ɐ s
Ehrenfelds	eː ʁ ə n f ɛ l t s
Ehrenfrau	eː ʁ ə n f ʁ a ʊ̯
Ehrenkirchen	eː ʁ ə n k ɪ ʁ ç n̩
Ehrenkirchener	eː ʁ ə n k ɪ ʁ ç n̩ ɐ
Ehrenkirchenerin	eː ʁ ə n k ɪ ʁ ç n̩ ə ʁ ɪ n
Ehrenkirchenerinnen	eː ʁ ə n k ɪ ʁ ç n̩ ə ʁ ɪ n ə n
Ehrenkircheners	eː ʁ ə n k ɪ ʁ ç n̩ ɐ s
Ehrenkirchens	eː ʁ ə n k ɪ ʁ ç n̩ s
Ehrenmann	eː ʁ ə n m a n
Ehrenmanns	eː ʁ ə n m a n s
Ehrenmänner	eː ʁ ə n m ɛ n ɐ
Eibenart	a ɪ̯ b n̩ ʔ aː ɐ̯ t
Eibenarten	a ɪ̯ b n̩ ʔ aː ɐ̯ t n̩
Eibenhecke	a ɪ̯ b n̩ h ɛ k ə
Eichelhäher	ʔ a ɪ̯ ç l̩ h ɛː ɐ
Eichen	ʔ a ɪ̯ ç n̩
Eichen	ʔ a ɪ̯ ç ə n
Eichen	ʔ a ɪ̯ ç ɪ n
Eichenart	a ɪ̯ ç n̩ ʔ aː ɐ̯ t
Eichenarten	a ɪ̯ ç n̩ ʔ aː ɐ̯ t n̩
Eichenast	a ɪ̯ ç n̩ ʔ a s t
Eichenastes	a ɪ̯ ç n̩ ʔ a s t ə s
Eichenasts	a ɪ̯ ç n̩ ʔ a s t s
Eichenblättchen	a ɪ̯ ç n̩ b l ɛ t ç n̩
Eichenblättchens	a ɪ̯ ç n̩ b l ɛ t ç n̩ s
Eichenhain	a ɪ̯ ç n̩ h a ɪ̯ n
Eichenwald	a ɪ̯ ç n̩ v a l t
Eichenwaldes	a ɪ̯ ç n̩ v a l d ɐ s
Eichenwalds	a ɪ̯ ç n̩ v a l t s
Eichenwäldchen	a ɪ̯ ç n̩ v ɛ l t ç ə n
Eichenwälder	a ɪ̯ ç n̩ v ɛ l d ɐ
Eichenzweig	a ɪ̯ ç n̩ t͡s v a ɪ̯ k
Eichenäste	a ɪ̯ ç n̩ ʔ ɛ s t ə
Eichstrich	ʔ a ɪ̯ ç ʃ t ʁ ɪ ç
Eicosapentaensäure	a ɪ̯ k o z a p ɛ n t a ʔ eː n z ɔ ɪ̯ ʁ ə
Eid	ʔ ä e̯ t
Eide	ʔ a ɪ̯ d ə
Eider	ʔ a ɪ̯ d ɐ
Eier	ʔ a ɪ̯ ɐ
Eierkopf	a ɪ̯ ɐ k ɔ p͡f
Eierkopfes	a ɪ̯ ɐ k ɔ p͡f ə s
Eierkopfs	a ɪ̯ ɐ k ɔ p͡f s
Eierkuchen	ʔ a ɪ̯ ɐ k uː x ə n
Eierkuchens	ʔ a ɪ̯ ɐ k uː x ə n s
Eierköpfe	a ɪ̯ ɐ k œ p͡f ə
Eierköpfen	a ɪ̯ ɐ k œ p͡f n̩
Eierlikör	a ɪ̯ ɐ l i k øː ɐ̯
Eierloch	ʔ a ɪ̯ ɐ l ɔ x
Eierpfannkuchen	a ɪ̯ ɐ f a n k uː x n̩
Eierpfannkuchen	a ɪ̯ ɐ p f a n k uː x n̩
Eierpfannkuchens	a ɪ̯ ɐ f a n k uː x n̩ s
Eierpfannkuchens	a ɪ̯ ɐ p f a n k uː x n̩ s
Eierplätzchen	a ɪ̯ ɐ p l ɛ t͡s ç ə n
Eierplätzchens	a ɪ̯ ɐ p l ɛ t͡s ç ə n s
Eierschale	a ɪ̯ ɐ ʃ aː l ə
Eiertanz	a ɪ̯ ɐ t a n t͡s
Eifel	ʔ a ɪ̯ f l̩
Eifeler	ʔ a ɪ̯ f ə l ɐ
Eifelerin	ʔ a ɪ̯ f ə l ə ʁ ɪ n
Eifer	ʔ a ɪ̯ f ɐ
Eiferer	ʔ a ɪ̯ f ə ʁ ɐ
Eiferers	a ɪ̯ f ə ʁ ɐ s
Eiferertum	a ɪ̯ f ə ʁ ɐ t uː m
Eiferertums	a ɪ̯ f ə ʁ ɐ t uː m s
Eifern	a ɪ̯ f ɐ n
Eifler	ʔ a ɪ̯ f l ɐ
Eigen	ʔ a ɪ̯ ɡ ŋ̍
Eigenbrötelei	a ɪ̯ ɡ n̩ b ʀ øː t ə l a ɪ̯
Eigenbrötler	ʔ a ɪ̯ ɡ ŋ̍ b ʁ øː t l ɐ
Eigenbrötlerei	a ɪ̯ ɡ n̩ b ʀ øː t l ə ʀ a ɪ̯
Eigenbrötlerei	a ɪ̯ ɡ ŋ̩ b ʀ øː t l ə ʀ a ɪ̯
Eigenbrötlerin	a ɪ̯ ɡ n̩ b ʀ øː t l ə ʀ ɪ n
Eigenbrötlerin	a ɪ̯ ɡ ŋ̩ b ʀ øː t l ə ʀ ɪ n
Eigenkapital	a ɪ̯ ɡ n̩ k a p i t aː l
Eigennutz	a ɪ̯ ɡ n̩ n ʊ t͡s
Eigentor	ʔ a ɪ̯ ɡ ŋ̍ t oː ɐ̯
Eigentumsdelikt	a ɪ̯ ɡ n̩ t uː m s d e l ɪ k t
Eigenverantwortlichkeit	a ɪ̯ ɡ n̩ f ɛ ɐ̯ ʔ a n t v ɔ ʁ t l ɪ ç k a ɪ̯ t
Eignung	a ɪ̯ ɡ n ʊ ŋ
Eihülle	a ɪ̯ h ʏ l ə
Einarbeiten	a ɪ̯ n ʔ a ʁ b a ɪ̯ t n̩
Einatmen	a ɪ̯ n ʔ aː t m ə n
Einbecker	a ɪ̯ n b ɛ k ɐ
Einbeckerin	a ɪ̯ n b ɛ k ə ʁ ɪ n
Einbeckerinnen	a ɪ̯ n b ɛ k ə ʁ ɪ n ə n
Einbeckers	a ɪ̯ n b ɛ k ɐ s
Einbilden	a ɪ̯ n b ɪ l d n̩
Einblick	ʔ a ɪ̯ n b l ɪ kʰ
Einblicke	ʔ a ɪ̯ n b l ɪ kʰ ə
Einblicken	ʔ a ɪ̯ n b l ɪ k ŋ̩
Einblicken	ʔ a ɪ̯ n b l ɪ k ə n
Einblickes	ʔ a ɪ̯ n b l ɪ kʰ ə s
Einbrecherin	a ɪ̯ n b ʁ ɛ ç ə ʁ ɪ n
Einbrecherinnen	a ɪ̯ n b ʁ ɛ ç ə ʁ ɪ n ə n
Eincentmünze	a ɪ̯ n s ɛ n t m ʏ n t͡s ə
Eincentmünze	a ɪ̯ n t͡s ɛ n t m ʏ n t͡s ə
Eincentmünzen	a ɪ̯ n s ɛ n t m ʏ n t͡s ə n
Eincentmünzen	a ɪ̯ n t͡s ɛ n t m ʏ n t͡s ə n
Eincentstück	a ɪ̯ n s ɛ n t ʃ t ʏ k
Eincentstück	a ɪ̯ n t͡s ɛ n t ʃ t ʏ k
Eindeutigkeit	ʔ a ɪ̯ n d ɔ ɪ̯ t ɪ k k a ɪ̯ t
Eindeutigkeit	ʔ a ɪ̯ n d ɔ ɪ̯ t ɪ ç k a ɪ̯ t
Eindrücken	a ɪ̯ n d ʁ ʏ k n̩
Eindämmungsfeld	a ɪ̯ n d ɛ m ʊ ŋ s f ɛ l t
Einernten	ʔ a ɪ̯ n ʔ ɛ ʁ n t n̩
Eineuromünze	a ɪ̯ n ʔ ɔ ɪ̯ ʁ o m ʏ n t͡s ə
Eineuromünzen	a ɪ̯ n ʔ ɔ ɪ̯ ʁ o m ʏ n t͡s ə n
Einfallen	ʔ a ɪ̯ n f a l n̩
Einfassen	ʔ a ɪ̯ n f a s n̩
Einfuhrabhängigkeit	a ɪ̯ n f uː ɐ̯ ʔ a p h ɛ ŋ ɪ ç k a ɪ̯ t
Einfältigkeit	ʔ a ɪ̯ n f ɛ l t ɪ ç k a ɪ̯ t
Einfärber	ʔ a ɪ̯ n f ɛ ɐ̯ b ɐ
Einfärberin	ʔ a ɪ̯ n f ɛ ɐ̯ b ə ʁ ɪ n
Einfärberinnen	ʔ a ɪ̯ n f ɛ ɐ̯ b ə ʀ ɪ n ə n
Einfärbers	ʔ a ɪ̯ n f ɛ ɐ̯ b ɐ s
Einführung	ʔ a ɪ̯ n f yː ʁ ʊ ŋ
Eingabe	ʔ a ɪ̯ n ɡ aː b ə
Eingang	ʔ a ɪ̯ ŋ ɡ a ŋ
Eingangsimpedanz	ʔ a ɪ̯ n ɡ a ŋ s ɪ m p e d a n t͡s
Eingangsimpedanzen	ʔ a ɪ̯ n ɡ a ŋ s ɪ m p e d a n t͡s n̩
Eingangsplädoyer	ʔ a ɪ̯ n ɡ a ŋ s p l ɛ d o̯ a j eː
Eingangsplädoyers	ʔ a ɪ̯ n ɡ a ŋ s p l ɛ d o̯ a j eː s
Einguss	ʔ a ɪ̯ n ɡ ʊ s
Einhalten	ʔ a ɪ n h a l t n̩
Einheben	ʔ a ɪ̯ n h eː b m̩
Einhegung	a ɪ̯ n h eː ɡ ʊ ŋ
Einheit	ʔ a ɪ̯ n h a ɪ̯ t
Einheiten	ʔ a ɪ̯ n h a ɪ̯ t n̩
Einheiten	ʔ a ɪ̯ n h a ɪ̯ t ə n
Einheiten	ʔ a ɪ̯ n h a ɪ̯ ʔ n
Einholen	ʔ a ɪ̯ n h oː l n̩
Einhorn	ʔ a ɪ̯ n h ɔ ʁ n
Einhörner	ʔ a ɪ̯ n h œ ʁ n ɐ
Einjähriger	a ɪ̯ n j ɛː ʁ ɪ ɡ ɐ
Einkalkulieren	a ɪ̯ n k a l k u l iː ʁ ə n
Einkalkulierer	a ɪ̯ n k a l k u l iː ʁ ɐ̯
Einkauf	ʔ a ɪ̯ n k a ʊ̯ f
Einkaufen	ʔ a ɪ̯ n kʰ a ʊ̯ f n̩
Einkaufsbeuteln	a ɪ̯ n k a ʊ̯ f s b ɔ ɪ̯ t l̩ n
Einkaufsbummel	ʔ a ɪ̯ n k a ʊ̯ f s b ʊ m l̩
Einkaufsbummel	ʔ a ɪ̯ n k a ʊ̯ f s b ʊ m ə l
Einkaufsstrategie	a ɪ̯ n k a ʊ̯ f s s t ʁ a t ə ɡ iː
Einkaufszentren	a ɪ̯ n k a ʊ̯ f s t͡s ɛ n t ʁ ə n
Einkellern	a ɪ̯ n k ɛ l ɐ n
Einkellerung	a ɪ̯ n k ɛ l ə ʁ ʊ ŋ
Einkommensverhältnisse	a ɪ̯ n k ɔ m ə n s f ɛ ɐ̯ h ɛ l t n ɪ s ə
Einladen	ʔ a ɪ̯ n l aː d n̩
Einlader	ʔ a ɪ̯ n l aː d ɐ
Einladung	a ɪ̯ n l aː d ʊ ŋ
Einlagen	a ɪ̯ n l aː ɡ n̩
Einleiter	a ɪ̯ n l a ɪ̯ t ɐ
Einleuchten	a ɪ̯ n l ɔ ɪ̯ ç t n̩
Einmachen	ʔ a ɪ̯ n m a χ n̩
Einmalpasswort	a ɪ̯ n m aː l p a s v ɔ ʁ t
Einmalpasswortes	a ɪ̯ n m aː l p a s v ɔ ʁ t ə s
Einmalpassworts	a ɪ̯ n m aː l p a s v ɔ ʁ t s
Einmalpasswörter	a ɪ̯ n m aː l p a s v œ ʁ t ɐ
Einmarkmünze	a ɪ̯ n m a ʁ k m ʏ n t͡s ə
Einmarkmünzen	a ɪ̯ n m a ʁ k m ʏ n t͡s ə n
Einmarkstück	a ɪ̯ n m a ʁ k ʃ t ʏ k
Einmischen	a ɪ n m ɪ ʃ ə n
Einnahmenüberschussrechnung	a ɪ̯ n n aː m ə n ʔ yː b ɐ ʃ ʊ s ʁ ɛ ç n ʊ ŋ
Einparken	a ɪ̯ n p a ʁ k n̩
Einparker	a ɪ̯ n p a ʁ k ɐ
Einpersonenhaushalt	a ɪ̯ n p ɛ ʁ z oː n ə n h a ʊ̯ s h a l t
Einpersonenhaushaltes	a ɪ̯ n p ɛ ʁ z oː n ə n h a ʊ̯ s h a l t ə s
Einpfennigmünze	a ɪ̯ n p͡f ɛ n ɪ ç m ʏ n t͡s ə
Einpfennigmünzen	a ɪ̯ n p͡f ɛ n ɪ ç m ʏ n t͡s ə n
Einpfennigstück	a ɪ̯ n p͡f ɛ n ɪ k ʃ t ʏ k
Einpfennigstück	a ɪ̯ n p͡f ɛ n ɪ ç ʃ t ʏ k
Einpfennigstücke	a ɪ̯ n p͡f ɛ n ɪ k ʃ t ʏ k ə
Einpfennigstücke	a ɪ̯ n p͡f ɛ n ɪ ç ʃ t ʏ k ə
Einpfennigstückes	a ɪ̯ n p͡f ɛ n ɪ k ʃ t ʏ k ə s
Einpfennigstückes	a ɪ̯ n p͡f ɛ n ɪ ç ʃ t ʏ k ə s
Einpfennigstücks	a ɪ̯ n p͡f ɛ n ɪ k ʃ t ʏ k s
Einpfennigstücks	a ɪ̯ n p͡f ɛ n ɪ ç ʃ t ʏ k s
Einreise	a ɪ̯ n ʀ a ɪ̯ z ə
Einreisser	ʔ a ɪ̯ n ʁ a ɪ̯ s ɐ
Einreißen	a ɪ̯ n ʁ a ɪ̯ s n̩
Einrichtungsgegenstand	a ɪ̯ n r ɪ ç t ʊ ŋ s ɡ eː ɡ n̩ ʃ t a n t
Einräumen	ʔ a ɪ n ʁ ɔ ʏ m ə n
Einsamkeiten	ʔ a ɪ̯ n z aː m kʰ a ɪ̯ tʰ ə n
Einsatzmittel	a ɪ̯ n z a t s m ɪ t l̩
Einsatzort	a ɪ̯ n z a t͡s ʔ ɔ ʁ t
Einsatzverbande	a ɪ̯ n z a t s f ɛ ɐ̯ b a n d ə
Einsatzverbänden	a ɪ̯ n z a t s f ɛ ɐ̯ b ɛ n d n̩
Einschalten	ʔ a ɪ̯ n ʃ a l t n̩
Einschießen	ʔ a ɪ̯ n ʃ iː s n̩
Einschlagen	a ɪ̯ n ʃ l aː ɡ ŋ̩
Einschleichen	a ɪ̯ n ʃ l a ɪ̯ ç n̩
Einschliesser	ʔ a ɪ̯ n ʃ l iː s ɐ
Einschließen	ʔ a ɪ̯ n ʃ l iː s n̩
Einschließer	ʔ a ɪ̯ n ʃ l iː s ɐ
Einschließung	ʔ a ɪ̯ n ʃ l iː s ʊ ŋ
Einschulungsuntersuchung	ʔ a ɪ̯ n ʃ uː l ʊ ŋ s ʔ ʊ n t ɐ z uː x ʊ ŋ
Einschulungsuntersuchungen	ʔ a ɪ̯ n ʃ uː l ʊ ŋ s ʔ ʊ n t ɐ z uː x ʊ ŋ ə n
Einschussloch	a ɪ̯ n ʃ ʊ s l ɔ x
Einschussloches	a ɪ̯ n ʃ ʊ s l ɔ x ə s
Einschusslochs	a ɪ̯ n ʃ ʊ s l ɔ x s
Einschusslöcher	a ɪ̯ n ʃ ʊ s l œ ç ɐ
Einschwören	a ɪ̯ n ʃ v øː ʁ ə n
Einschätzen	ʔ a ɪ̯ n ʃ ɛ t s n̩
Einschätzens	ʔ a ɪ̯ n ʃ ɛ t s n̩ s
Einschätzung	ʔ a ɪ̯ n ʃ ɛ t s ʊ ŋ
Einschüchtern	a ɪ̯ n ʃ ʏ ç t ɐ n
Einsendeschluss	a ɪ̯ n z ɛ n d ə ʃ l ʊ s
Einsiedler	a ɪ̯ n z iː d l ɐ
Einsiedlerkrebs	a ɪ̯ n z iː d l ɐ k ʁ eː p s
Einsprengsel	ʔ a ɪ̯ n ʃ p ʁ ɛ ŋ z l̩
Einsprengsel	ʔ a ɪ̯ n ʃ p ʁ ɛ ŋ z ə l
Einspringen	a ɪ̯ n ʃ p ʁ ɪ ŋ ə n
Einspringer	a ɪ̯ n ʃ p ʁ ɪ ŋ ɐ
Einspritzen	ʔ a ɪ̯ n ʃ p ʁ ɪ t s n̩
Einsteigen	a ɪ̯ n ʃ t a ɪ̯ ɡ n̩
Einsteigen	a ɪ̯ n ʃ t a ɪ̯ ɡ ŋ̩
Einstellungsstopp	a ɪ̯ n ʃ t ɛ l ʊ ŋ s ʃ t ɔ p
Einstellungswelle	a ɪ̯ n ʃ t ɛ l ʊ ŋ s v ɛ l ə
Einstossen	a ɪ̯ n ʃ t oː s n̩
Einstoßen	a ɪ̯ n ʃ t oː s n̩
Einstufung	ʔ a ɪ̯ n ʃ t uː f ʊ ŋ
Eintracht	a ɪ̯ n t ʁ a χ t
Eintragen	ʔ a ɪ̯ n t ʁ aː ɡ ŋ̍
Eintritt	ʔ ä ɪ̯ n t ʁ ɪ t
Eintritte	ʔ a ɪ̯ n t ʁ ɪ tʰ ə
Eintritten	ʔ a ɪ̯ n t ʁ ɪ t n̩
Eintritten	ʔ a ɪ̯ n t ʁ ɪ t ə n
Eintrittes	ʔ a ɪ̯ n t ʁ ɪ tʰ ə s
Einträchtigkeit	a ɪ̯ n t ʀ ɛ ç t ɪ ç k a ɪ̯ t
Eintunken	a ɪ̯ n t ʊ ŋ k n̩
Einunddreißigjährige	a ɪ̯ n ʊ n t d ʁ a ɪ̯ s ɪ ç j ɛː ʁ ɪ ɡ ə
Einunddreißigjährigen	a ɪ̯ n ʊ n t d ʁ a ɪ̯ s ɪ ç j ɛː ʁ ɪ ɡ ə n
Einunddreißigjähriger	a ɪ̯ n ʊ n t d ʁ a ɪ̯ s ɪ ç j ɛː ʁ ɪ ɡ ɐ
Einundfünfzigjährigen	a ɪ̯ n ʊ n t f ʏ n f t͡s ɪ ç j ɛː ʁ ɪ ɡ ə n
Einundfünfzigstels	a ɪ̯ n ʊ n t f y n f t͡s ɪ ç s t l̩ s
Einundvierzigjährige	a ɪ̯ n ʊ n t f ɪ ɐ̯ t͡s ɪ ç j ɛː ʁ ɪ ɡ ə
Einundvierzigjährigen	a ɪ̯ n ʊ n t f ɪ ɐ̯ t͡s ɪ ç j ɛː ʁ ɪ ɡ ə n
Einundvierzigjähriger	a ɪ̯ n ʊ n t f ɪ ɐ̯ t͡s ɪ ç j ɛː ʁ ɪ ɡ ɐ
Einundzwanzigjährige	a ɪ̯ n ʊ n t͡s v a n t͡s ɪ ç j ɛː ʁ ɪ ɡ ə
Einundzwanzigjährigen	a ɪ̯ n ʊ n t͡s v a n t͡s ɪ ç j ɛː ʁ ɪ ɡ ə n
Einundzwanzigjähriger	a ɪ̯ n ʊ n t͡s v a n t͡s ɪ ç j ɛː ʁ ɪ ɡ ɐ
Einwegbecher	a ɪ̯ n v eː k b ɛ ç ɐ
Einwegbechers	a ɪ̯ n v eː k b ɛ ç ɐ s
Einwegbestecken	a ɪ̯ n v eː k b ə ʃ t ɛ k n̩
Einweihungsparty	a ɪ̯ n v a ɪ̯ ʊ ŋ s p aː ɐ̯ t i
Einweisung	ʔ a ɪ̯ n v a ɪ̯ z ʊ ŋ
Einwirkung	a ɪ̯ n v ɪ ʁ k ʊ ŋ
Einwohner	ʔ a ɪ̯ n v oː n ɐ
Einwohnermeldeamt	a ɪ̯ n v oː n ɐ m ɛ l d ə ʔ a m t
Einzahlungsschein	a ɪ̯ n t͡s aː l ʊ ŋ s ʃ a ɪ n
Einzelanfertigung	a ɪ̯ n t͡s l̩ ʔ a n f ɛ ɐ̯ t ɪ ɡ ʊ ŋ
Einzelauge	ʔ a ɪ̯ n t͡s l̩ ʔ a ʊ̯ ɡ ə
Einzelbilde	a ɪ̯ n t͡s l̩̩ b ɪ l d ə
Einzelbilder	a ɪ̯ n t͡s l̩̩ b ɪ l d ɐ
Einzelbildern	a ɪ̯ n t͡s l̩̩ b ɪ l d ɐ n
Einzelbildes	a ɪ̯ n t͡s l̩̩ b ɪ l d ə s
Einzelbilds	a ɪ̯ n t͡s l̩̩ b ɪ l t͡s
Einzelgespräch	a ɪ̯ n t͡s l̩ ɡ ə ʃ p ʁ ɛː ç
Einzelhändler	a ɪ̯ n t͡s ə l h ɛ n t l ɐ
Einzelhändlerin	a ɪ̯ n t͡s ə l h ɛ n t l ə ʁ ɪ n
Einzelstück	a ɪ̯ n t͡s l̩ ʃ t ʏ k
Einzelteil	a ɪ̯ n t͡s l̩ t a ɪ̯ l
Einzelverkauf	a ɪ̯ n t͡s l̩ f ɐ k a ʊ̯ f
Einzelverkauf	ʔ a ɪ̯ n t͡s l̩ f ɐ k a ʊ̯ f
Einzäunen	a ɪ̯ n t͡s ɔ ɪ̯ n ə n
Einzäuner	a ɪ̯ n t͡s ɔ ɪ̯ n ɐ
Eis	a ɪ̯ s
Eisberg	ʔ a ɪ̯ s b ɛ ɐ̯ k
Eisberg	ʔ a ɪ̯ s b ɛ ʁ k
Eisbär	ʔ a ɪ̯ s b ɛ ɐ̯
Eisbär	ʔ a ɪ̯ s b ɛː ɐ̯
Eisenacher	a ɪ̯ z ə n a x ɐ
Eisenacherin	a ɪ̯ z ə n a x ə ʁ ɪ n
Eisenachers	a ɪ̯ z ə n a x ɐ
Eisenbacher	a ɪ̯ z ə n b a x ɐ
Eisenbacherin	a ɪ̯ z ə n b a x ə ʁ ɪ n
Eisenbachers	a ɪ̯ z ə n b a x ɐ s
Eisenbahn	a ɪ̯ z n̩ b aː n
Eisenbahn	a ɪ̯ z ə n b aː n
Eisenbahnwagen	a ɪ̯ z n̩ b aː n v aː ɡ ŋ̩
Eisenberger	a ɪ̯ z ə n b ɛ ʁ ɡ ɐ
Eisenbergerin	a ɪ̯ z n̩ b ɛ ʁ ɡ ə ʁ ɪ n
Eisenbergers	a ɪ̯ z ə n b ɛ ʁ ɡ ɐ s
Eisenbergs	a ɪ̯ z n̩ b ɛ ʁ k s
Eisenhauer	ʔ a ɪ̯ z n̩ h a ʊ̯ ɐ
Eisenhut	a ɪ̯ z n̩ h uː t
Eisenhüttenstädter	a ɪ̯ z n̩ h ʏ t n̩ ʃ t ɛ t ɐ
Eisenhüttenstädterin	a ɪ̯ z n̩ h ʏ t n̩ ʃ t ɛ t ə ʁ ɪ n
Eisenhüttenstädters	a ɪ̯ z n̩ h ʏ t n̩ ʃ t ɛ t ɐ s
Eisenplatte	a ɪ̯ z n̩ p l a t ə
Eisenstadt	a ɪ̯ z n̩ ʃ t a t
Eisenstein	a ɪ̯ z n̩ ʃ t a ɪ n
Eisenstädter	a ɪ̯ z n̩ ʃ t ɛ t ɐ
Eisenstädterin	a ɪ̯ z n̩ ʃ t ɛ t ə ʁ ɪ n
Eisenstädterinnen	a ɪ̯ z n̩ ʃ t ɛ t ə ʁ ɪ n ə n
Eisenstädters	a ɪ̯ s n̩ ʃ t ɛ t ɐ s
Eisentreppe	a ɪ̯ z n̩ t ʀ ɛ p ə
Eiseskälte	a ɪ̯ z ə s k ɛ l t ə
Eisessig	a ɪ̯ s ʔ ɛ s ɪ k
Eisessig	a ɪ̯ s ʔ ɛ s ɪ ç
Eiskunstläuferin	a ɪ̯ s k ʊ n s t l ɔ ɪ̯ f ə ʁ ɪ n
Eislebener	a ɪ̯ s l eː b n̩ ɐ
Eislebenerin	a ɪ̯ s l eː b n̩ ə ʁ ɪ n
Eislebenerinnen	a ɪ̯ s l eː b n̩ ə ʁ ɪ n ə n
Eislebeners	a ɪ̯ s l eː b n̩ ɐ s
Eisläufer	a ɪ̯ s l ɔ ɪ̯ f ɐ
Eisläuferin	a ɪ̯ s l ɔ ɪ̯ f ə ʁ ɪ n
Eisschnellläuferin	a ɪ̯ s ʃ n ɛ l l ɔ ɪ̯ f ə ʁ ɪ n
Eisstein	a ɪ̯ s ʃ t a ɪ n
Eisverkäuferin	a ɪ̯ s f ɛ ɐ̯ k ɔ ɪ̯ f ə ʁ ɪ n
Eiterbeule	a͜i t ɐ b ɔ͜y l ə
Eiß	a ɪ̯ s
Ekel	eː k l̩
Ekel	eː k ə l
Eklipse	e k l ɪ p s ə
Eklipse	ɛ k l ɪ p s ə
Elbbrücke	ɛ l p b ʁ ʏ k ə
Elbbrücken	ɛ l p b ʁ ʏ k n̩
Elben	ɛ l b n̩
Elbenhügel	ɛ l b n̩ h yː ɡ l̩
Elbenjungfrau	ɛ l b n̩ j ʊ ŋ f ʁ a ʊ̯
Elbenjungfrauen	ɛ l b n̩ j ʊ ŋ f ʁ a ʊ̯ n
Elbenkönig	ɛ l b n̩ k øː n ɪ ç
Elbenkönigin	ɛ l b n̩ k øː n ɪ ɡ ɪ n
Elbenland	ɛ l b n̩ l a n t
Elberfeld	ɛ l b ɐ f ɛ l t
Elberfelder	ɛ l b ɐ f ɛ l d ɐ
Elberfelderin	ɛ l b ɐ f ɛ l d ə ʁ ɪ n
Elberfelderinnen	ɛ l b ɐ f ɛ l d ə ʁ ɪ n ə n
Elberfelders	ɛ l b ɐ f ɛ l d ɐ s
Elberfelds	ɛ l b ɐ f ɛ l t s
Elbtal	ɛ l p t aː l
Elbtaler	ɛ l p t aː l ɐ
Elbtalerin	ɛ l p t aː l ə ʁ ɪ n
Elbtalers	ɛ l p t aː l ɐ s
Elbtales	ɛ l p t aː l ə s
Elbtals	ɛ l p t aː l s
Elch	ʔ ɛ l tʲ ç
Elch	ʔ ɛ lʲ ç
Elch	ʔ ɛ ɪ̯ ç
Elchgeweih	ɛ l ç ɡ ə v a ɪ̯
Elefant	ʔ e l ə f a n t
Elefantenhochzeit	e l e f a n t n̩ h ɔ χ t͡s a ɪ̯ t
Elefantenlaus	ʔ e l e f a n t ə n l a ʊ̯ s
Elefantenrüssel	ʔ e l ə f a n t n̩ ʁ ʏ s l̩
Elefantenrüsselfisch	ʔ e l ə f a n t n̩ ʁ ʏ s l̩ f ɪ ʃ
Elefantenrüsselfische	ʔ e l ə f a n t n̩ ʁ ʏ s l̩ f ɪ ʃ ə
Elefantenrüsselfisches	ʔ e l ə f a n t n̩ ʁ ʏ s l̩ f ɪ ʃ ə s
Elefantenrüsselfischs	ʔ e l ə f a n t n̩ ʁ ʏ s l̩ f ɪ ʃ s
Elefantenrüsselnebel	ʔ e l ə f a n t n̩ ʁ ʏ s l̩ n eː b l̩
Elefantenrüssels	ʔ e l ə f a n t n̩ ʁ ʏ s l̩ s
Elektroantrieb	e l ɛ k t ʁ o ʔ a n t ʁ iː p
Elektroimpulswaffe	e l ɛ k t ʁ o ɪ m p ʊ l s v a f ə
Elektroimpulswaffen	e l ɛ k t ʁ o ɪ m p ʊ l s v a f n̩
Elektroinstallation	ʔ e l ɛ k t ʁ o ʔ ɪ n s t a l a t͡s i̯ oː n
Elektronenmikroskopie	e l ɛ k t ʁ oː n ə n m i k ʁ o s k o p iː
Elektrorasierer	e l ɛ k t ʁ o ʁ a z iː ʁ ɐ
Elektroschock	e l ɛ k t ʁ o ʃ ɔ k
Elektroschocke	e l ɛ k t ʁ o ʃ ɔ k ə
Elektroschrott	e l ɛ k t ʀ o ʃ ʀ ɔ t
Elementarteilchenphysik	e l e m ɛ n t aː ɐ̯ t a ɪ̯ l ç ə n f y z iː k
Elementarteilchenphysik	e l ə m ɛ n t aː ɐ̯ t a ɪ̯ l ç ə n f y z iː k
Elfen	ʔ ɛ l f ə n
Elfen	ʔ ɛ l f ɱ̩
Elfenbein	ʔ ɛ l f m̩ b a ɪ̯ n
Elfenbeinküste	ʔ ɛ l f m̩ b a ɪ̯ n k ʏ s t ə
Elfjähriger	ɛ l f j ɛː ʁ ɪ ɡ ɐ
Elftel	ʔ ɛ l f t l̩
Elftels	ʔ ɛ l f t l̩ s
Elias	e l iː a s
Ellhofen	ɛ l h oː f n̩
Ellhofener	ɛ l h oː f n̩ ɐ
Ellhofenerin	ɛ l h oː f n̩ ə ʁ ɪ n
Ellhofenerinnen	ɛ l h oː f n̩ ə ʁ ɪ n ə n
Ellhofeners	ɛ l h oː f n̩ ɐ s
Ellhofens	ɛ l h oː f n̩ s
Ellwangerin	ɛ l v a ŋ ə ʁ ɪ n
Ellwangerinnen	ɛ l v a ŋ ə ʁ ɪ n ə n
Elmshorn	ɛ l m s h ɔ ʁ n
Elmshorner	ɛ l m s h ɔ ʁ n ɐ
Elmshornerin	ɛ l m s h ɔ ʁ n ə ʁ ɪ n
Elmshornerinnen	ɛ l m s h ɔ ʁ n ə ʁ ɪ n ə n
Elmshorners	ɛ l m s h ɔ ʁ n ɐ s
Elmshorns	ɛ l m s h ɔ ʁ n s
Elsdorf	ɛ l s d ɔ ʁ f
Elsdorfer	ɛ l s d ɔ ʁ f ɐ
Elsdorferin	ɛ l s d ɔ ɐ̯ f ə ʁ ɪ n
Elsdorferinnen	ɛ l s d ɔ ɐ̯ f ə ʁ ɪ n ə n
Elsdorfers	ɛ l s d ɔ ʁ f ɐ s
Elsdorfs	ɛ l s d ɔ ʁ f s
Elsfleth	ɛ l s f l eː t
Elsflether	ɛ l s f l eː t ɐ
Elsfletherin	ɛ l s f l eː t ə ʁ ɪ n
Elsfletherinnen	ɛ l s f l eː t ə ʁ ɪ n ə n
Elsflethers	ɛ l s f l eː t ɐ s
Elsfleths	ɛ l s f l eː t s
Elsässer	ɛ l z ɛ s ɐ
Eltern	ʔ ɛ l t ɐ n
Elternabend	ɛ l t ɐ n ʔ aː b n̩ t
Emaillefarbe	e m a l j ə f a ɐ̯ b ə
Emaillefarbe	e m a l j ə f aː b ə
Emely	ɛ m ɛ l ɪ
Emerit	eː m e ʁ iː t
Emil	eː m iː l
Emily	ɛ m ɪ l ɪ
Eminenz	e m i n ɛ n t͡s
Emissionsgeschäft	e m ɪ s i̯ oː n s ɡ ə ʃ ɛ f t
Emissionsmarkt	e m i s i̯ oː n s m a ʁ k t
Emissionsübernahme	e m ɪ s i̯ oː n s ʔ yː b ɐ n aː m ə
Emittent	e m i t ɛ n t
Emmendinger	ɛ m ə n d ɪ ŋ ɐ
Emmendingerin	ɛ m ə n d ɪ ŋ ə ʁ ɪ n
Emmendingerinnen	ɛ m ə n d ɪ ŋ ə ʁ ɪ n ə n
Emmendingers	ɛ m ə n d ɪ ŋ ɐ s
Emmental	ɛ m ə n t aː l
Emmentalerin	ɛ m ə n t aː l ə ʁ ɪ n
Emmentalerinnen	ɛ m ə n t aː l ə ʁ ɪ n ə n
Emmentales	ɛ m ə n t aː l ə s
Emmentals	ɛ m ə n t aː l s
Empfang	ʔ ɛ m p͡f a ŋ
Empfangsdame	ʔ ɛ m p f a ŋ s d aː m ə
Empfangsherr	ʔ ɛ m p f a ŋ s h ɛ ɐ̯
Empfangsherr	ʔ ɛ m p f a ŋ s h ɛ ʁ
Empfinden	ɛ m p f ɪ n d n̩
Empfindlichkeit	ɛ m p͡f ɪ n t l ɪ ç k a ɪ̯ t
Empfindsamkeit	ɛ m p͡f ɪ n t z aː m k a ɪ̯ t
Empfängnisverhütungsmittel	ɛ m p͡f ɛ ŋ n ɪ s f ɛ ɐ̯ h yː t ʊ ŋ s m ɪ t l̩
Emporhalten	ɛ m p oː ɐ̯ h a l t n̩
Emporheben	ʔ ɛ m p oː ɐ̯ h eː b m̩
Emporkommen	ɛ m p oː ɐ̯ k ɔ m ə n
Emser	ɛ m z ɐ
Emserinnen	ɛ m z ə ʁ ɪ n ə n
Emsers	ɛ m z ɐ s
Endbetrag	ɛ n t b ə t ʀ aː k
Endeffekt	ɛ n t ʔ ɛ f ɛ k t
Endlagerung	ɛ n t l aː ɡ ə ʀ ʊ ŋ
Endsieg	ɛ n t z iː k
Energie	ʔ e n ɐ ɡ iː
Energiegetränk	e n ɛ ʁ ɡ iː ɡ ə t ʁ ɛ ŋ k
Energieministerium	e n ɛ ʁ ɡ iː m i n ɪ s t eː ʀ i̯ ʊ m
Energiepreis	e n ɛ ʁ ɡ iː p ʁ a ɪ̯ s
Energiepreisbremse	eː n ɛ ʁ ɡ iː p ʁ a ɪ̯ s b ʁ ɛ m z ə
Energiezufuhr	ʔ e n ɛ ɐ̯ ɡ iː t s uː f uː ɐ̯
Energiezufuhr	ʔ e n ɛ ʁ ɡ iː t s uː f uː ɐ̯
Energy	ʔ ɛ n ɐ d͡ʒ i
Energy	ʔ ɛ n ɛ ɐ̯ d͡ʒ i
Engadin	ɛ ŋ ɡ a d iː n
Engadiner	ɛ ŋ ɡ a d iː n ɐ
Engadinerin	ɛ ŋ ɡ a d iː n ə ʁ ɪ n
Engadinerinnen	ɛ ŋ ɡ a d iː n ə ʁ ɪ n ə n
Engadiners	ɛ ŋ ɡ a d iː n ɐ s
Engadins	ɛ ŋ ɡ a d iː n s
Engelbert	ɛ ŋ l̩ b ɛ ɐ̯ t
Engelmacher	ɛ ŋ l̩ m a x ɐ
Engelmacherinnen	ɛ ŋ l̩ m a x ə ʁ ɪ n ə n
Engelszunge	ɛ ŋ l̩ s t͡s ʊ ŋ ə
Enger	ʔ ɛ ŋ ɐ
Engerling	ʔ ɛ ŋ ɐ l ɪ ŋ
Englisch	ʔ ɛ ŋ l ɪ ʃ
Enkel	ɛ ŋ k l̩
Enkelin	ɛ ŋ k ə l ɪ n
Enquete	ã k ɛː t ə
Ensinger	ɛ n z ɪ ŋ ɐ
Ensingers	ɛ n z ɪ ŋ ɐ s
Entamerikanisieren	ɛ n t a m e ʁ i k a n i z iː ʁ ə n
Entblößen	ɛ n t b l øː s n̩
Entdeckung	ʔ ɛ n t d ɛ k ʊ ŋ
Entdeckung	ʔ ɛ n t d ɛ k ʊ ŋ k
Entengrütze	ʔ ɛ n t n̩ ɡ ʁ ʏ t͡s ə
Entenhausen	ʔ ɛ n t n̩ h a ʊ̯ z n̩
Entenkeule	ɛ n t n̩ k ɔ ɪ̯ l ə
Entenschnabel	ɛ n t n̩ ʃ n aː b l̩
Entenschnabels	ɛ n t n̩ ʃ n aː b l̩ s
Entenschnäbel	ɛ n t n̩ ʃ n ɛː b l̩
Entfernen	ɛ n t f ɛ ɐ̯ n ə n
Entfernungsmesser	ɛ n t f ɛ ʁ n ʊ ŋ s m ɛ s ɐ
Entfernungsmessers	ɛ n t f ɛ ʁ n ʊ ŋ s m ɛ s ɐ s
Entfernungspauschale	ɛ n t f ɛ ʁ n ʊ ŋ s p a ʊ̯ ʃ aː l ə
Entfernungspauschalen	ɛ n t f ɛ ʁ n ʊ ŋ s p a ʊ̯ ʃ aː l ə n
Entfeuchten	ɛ n t f ɔ ɪ̯ ç t n̩
Entfremden	ʔ ɛ n t f ʁ ɛ m d n̩
Entfremden	ʔ ɛ n t f ʁ ɛ m d ə n
Entfärben	ʔ ɛ n t f ɛ ɐ̯ b m̩
Entfärben	ʔ ɛ n t f ɛ ɐ̯ b ə n
Entfärben	ʔ ɛ n t f ɛ ʁ b m̩
Entfärben	ʔ ɛ n t f ɛ ʁ b ə n
Entfärber	ʔ ɛ n t f ɛ ʁ b ɐ
Entfärberin	ʔ ɛ n t f ɛ ʁ b ə ʁ ɪ n
Entfärberinnen	ʔ ɛ n t f ɛ ʁ b ə ʁ ɪ n ə n
Entführen	ʔ ɛ n t f yː ɐ̯ n
Entführen	ʔ ɛ n t f yː ʁ ə n
Entführung	ʔ ɛ n t f yː ʁ ʊ ŋ
Entgegenhalten	ɛ n t ɡ eː ɡ ŋ̩ h a l t n̩
Entgegenkommen	ʔ ɛ n t ɡ eː ɡ ə n k ɔ m ə n
Entgegenkommen	ʔ ɛ n t ɡ eː ɡ ɛ n k ɔ m ɛ n
Entgelt	ɛ n t ɡ ɛ l t
Enthalten	ʔ ɛ n t h a l t n̩
Entheben	ʔ ɛ n t h eː b m̩
Enthusiasmus	ɛ n t u z i̯ a s m ʊ s
Enthusiast	ɛ n t u z i̯ a s t
Entkerner	ɛ n t k ɛ ʁ n ɐ
Entknoten	ʔ ɛ n t k n oː t n̩
Entkommen	ʔ ɛ n t k ɔ m ə n
Entkommens	ʔ ɛ n t k ɔ m ə n s
Entlassungswelle	ɛ n t l a s ʊ ŋ s v ɛ l ə
Entlauben	ɛ n t l a ʊ̯ b n̩
Entlehnung	ɛ n t l eː n ʊ ŋ
Entlüftung	ʔ ɛ n t l ʏ f t ʊ ŋ
Entmachtung	ɛ n t m a χ t ʊ ŋ
Entmutigung	ʔ ɛ n t m uː tʰ ɪ ɡ ʊ ŋ
Entnazifizieren	ɛ n t n a t͡s i f i t͡s iː ʁ ə n
Entourage	ã t u ʀ aː ʒ ə
Entouragen	ã t u ʀ aː ʒ n̩
Entreißen	ɛ n t ʁ a ɪ̯ s n̩
Entrückung	ɛ n t ʀ ʏ k ʊ ŋ
Entrümpelung	ɛ n t ʀ ʏ m p ə l ʊ ŋ
Entrümplung	ɛ n t ʀ ʏ m p l ʊ ŋ
Entsalzungsanlage	ʔ ɛ n t z a l t͡s ʊ ŋ k s ʔ a n l aː ɡ ə
Entsalzungsanlage	ʔ ɛ n t z a l t͡s ʊ ŋ s ʔ a n l aː ɡ ə
Entsatz	ɛ n t z a t͡s
Entsatzheer	ɛ n t z a t͡s h eː ɐ̯
Entsatztruppe	ɛ n t z a t s t ʀ ʊ p ə
Entsatztruppen	ɛ n t z a t s t ʀ ʊ p n̩
Entscheider	ɛ n t ʃ a ɪ̯ d ɐ
Entscheidungsfindung	ɛ n t ʃ a ɪ̯ d ʊ ŋ s f ɪ n d ʊ ŋ
Entscheidungsträger	ɛ n t ʃ a ɪ̯ d ʊ ŋ s t ʁ ɛː ɡ ɐ
Entschliesser	ʔ ɛ n t ʃ l iː s ɐ
Entschliessungsantrag	ɛ n t ʃ l iː s ʊ ŋ s ʔ a n t ʁ aː k
Entschließen	ɛ n t ʃ l iː s n̩
Entschließen	ɛ n t ʃ l iː s ə n
Entschließer	ʔ ɛ n t ʃ l iː s ɐ
Entschließungsantrag	ɛ n t ʃ l iː s ʊ ŋ s ʔ a n t ʁ aː k
Entschärfung	ʔ ɛ n t ʃ ɛ ɐ̯ f ʊ ŋ
Entschärfung	ʔ ɛ n t ʃ ɛ ʁ f ʊ ŋ
Entspringen	ʔ ɛ n t ʃ p ʁ ɪ ŋ ə n
Entstauben	ɛ n t ʃ t a ʊ̯ b n̩
Entstehung	ʔ ɛ n t ʃ t eː ʊ ŋ
Entsteiner	ɛ n t ʃ t a ɪ̯ n ɐ
Entsumpfen	ɛ n t z ʊ m p͡f n̩
Enttarnung	ɛ n t t a ʁ n ʊ ŋ
Entwenden	ʔ ɛ n t v ɛ n d n̩
Entwerfen	ɛ n t v ɛ ʁ f n̩
Entwerten	ʔ ɛ n t v eː ɐ̯ t n̩
Entwickler	ʔ ɛ n t v ɪ k l ə ʀ
Entwicklerin	ʔ ɛ n t v ɪ k l ə ʀ ɪ n
Entwicklungsumgebung	ɛ n t v ɪ k l ʊ ŋ s ʔ ʊ m ɡ eː b ʊ ŋ
Entwicklungsverlauf	ɛ n t v ɪ k l ʊ ŋ s f ɛ ɐ̯ l a ʊ̯ f
Entwurmen	ɛ n t v ʊ ʁ m ə n
Entwässern	ɛ n t v ɛ s ɐ n
Entwässerung	ɛ n t v ɛ s ə ʁ ʊ ŋ
Entwässerungen	ɛ n t v ɛ s ə ʁ ʊ ŋ ə n
Entzweigehen	ɛ n t t͡s v a ɪ̯ ɡ eː ə n
Entzündlichkeit	ʔ ɛ n t t s ʏ n t l ɪ ç k a ɪ̯ t
Entzündung	ʔ ɛ n t t s ʏ n d ʊ ŋ
Enzianextrakt	ɛ n t͡s i aː n ʔ ɛ k s t ʁ a k t
Enzianextrakte	ɛ n t͡s i aː n ʔ ɛ k s t ʁ a k t ə
Enzianextraktes	ɛ n t͡s i aː n ʔ ɛ k s t ʁ a k t ə s
Enzianextrakts	ɛ n t͡s i aː n ʔ ɛ k s t ʁ a k t s
Enzianwurzel	ɛ n t͡s i aː n v ʊ ʁ t͡s l̩
Enzianwurzeln	ɛ n t͡s i aː n v ʊ ʁ t͡s l̩ n
Enzym	ɛ n t͡s yː m
Enzymklasse	ɛ n t͡s yː m k l a s ə
Enzymklassen	ɛ n t͡s yː m k l a s n̩
Enzymreiniger	ɛ n t͡s yː m ʁ a ɪ̯ n ɪ ɡ ɐ
Enzymreinigers	ɛ n t͡s yː m ʁ a ɪ̯ n ɪ ɡ ɐ s
Eozän	e o t͡s ɛː n
Epistemologie	e p ɪ s t eː m o l o ɡ iː
Epithelzelle	e p i t eː l t͡s ɛ l ə
Epithelzellen	e p i t eː l t͡s ɛ l ə n
Epos	eː p ɔ s
Eppelheimer	ɛ p l̩ h a ɪ̯ m ɐ
Eppelheimerin	ɛ p l̩ h a ɪ̯ m ə ʁ ɪ n
Eppelheimerinnen	ɛ p l̩ h a ɪ̯ m ə ʁ ɪ n ə n
Eppelheimers	ɛ p l̩ h a ɪ̯ m ɐ s
Eppelheims	ɛ p l̩ h a ɪ̯ m s
Eppich	ɛ p ɪ ç
Erarbeiten	ʔ ɛ ʁ ʔ a ʁ b a ɪ̯ t n̩
Erbacher	ɛ ʁ b a x ɐ
Erbacherin	ɛ ʁ b a x ə ʁ ɪ n
Erbachers	ɛ ʁ b a x ɐ s
Erbachs	ɛ ʁ b a x s
Erbe	ʔ ɛ ɐ̯ b ə
Erbe	ʔ ɛ ʁ b ə
Erbfolge	ʔ ɛ ɐ̯ p f ɔ l ɡ ə
Erbfolgen	ʔ ɛ ɐ̯ p f ɔ l ɡ ŋ̩
Erbfolgen	ʔ ɛ ɐ̯ p f ɔ l ɡ ə n
Erblasser	ɛ ʁ b l a s ɐ
Erblasser	ɛ ʁ p l a s ɐ
Erblassers	ɛ ʁ p l a s ɐ s
Erblühen	ɛ ɐ̯ b l yː ə n
Erbobergespan	ʔ ɛ ɐ̯ b ʔ oː b ɐ ɡ ə ʃ p aː n
Erbobergespann	ʔ ɛ ɐ̯ b ʔ oː b ɐ ɡ ə ʃ p aː n
Erbonkel	ɛ ʁ p ʔ ɔ ŋ k l̩
Erbpacht	ɛ ʁ p p a χ t
Erbrütung	ɛ ɐ̯ b ʁ yː t ʊ ŋ
Erbse	ʔ ɛ ɐ̯ p s ə
Erbse	ʔ ɛ ʁ p s ə
Erbsensuppe	ʔ ɛ ʁ p s n̩ z ʊ p ə
Erbsenzähler	ɛ ʁ p s n̩ t͡s ɛː l ɐ
Erbtante	ɛ ʁ p t a n t ə
Erbteil	ɛ ʁ p t a ɪ̯ l
Erdbewohnerin	eː ɐ̯ t b ə v oː n ɐ ʁ ɪ n
Erde	ʔ eː ɐ̯ d ə
Erde	ʔ ɛ ɐ̯ d ə
Erderwärmung	eː ɐ̯ t ʔ ɛ ɐ̯ v ɛ ʁ m ʊ ŋ
Erderwärmungen	eː ɐ̯ t ʔ ɛ ɐ̯ v ɛ ʁ m ʊ ŋ n̩
Erderwärmungen	eː ɐ̯ t ʔ ɛ ɐ̯ v ɛ ʁ m ʊ ŋ ə n
Erdferkel	ʔ eː ɐ̯ t f ɛ ʁ k l̩
Erdferkel	ʔ ɛ ɐ̯ t f ɛ ɐ̯ k l̩
Erdgas	eː ɐ̯ t ɡ aː s
Erdhörnchen	eː ɐ̯ t h œ ɐ̯ n ç n̩
Erdinger	eː ɐ̯ d ɪ ŋ ɐ
Erdingerin	eː ɐ̯ d ɪ ŋ ə ʁ ɪ n
Erdingerinnen	eː ɐ̯ d ɪ ŋ ə ʁ ɪ n ə n
Erdingers	eː ɐ̯ d ɪ ŋ ɐ s
Erdkern	ʔ eː ɐ̯ t k ɛ ɐ̯ n
Erdkern	ʔ ɛ ɐ̯ t k ɛ ɐ̯ n
Erdkunde	ʔ eː ɐ̯ t k ʊ n d ə
Erdmännchen	ʔ eː ɐ̯ t m ɛ n ç ə n
Erdnussschale	eː ɐ̯ t n ʊ s ʃ aː l ə
Erdnussschalen	eː ɐ̯ t n ʊ s ʃ aː l ə n
Erdnussöl	eː ɐ̯ t n ʊ s ʔ øː l
Erdoberfläche	eː ɐ̯ t ʔ oː b ɐ f l ɛ ç ə
Erdrauches	eː ɐ̯ t ʁ a ʊ̯ x ə s
Erdrauchs	eː ɐ̯ t ʁ a ʊ̯ x s
Erdschatten	eː ɐ̯ t ʃ a t n̩
Erdumfang	eː ɐ̯ t ʔ ʊ m f a ŋ
Erdzeitalter	eː ɐ̯ t t͡s a ɪ̯ t ʔ a l t ɐ
Erdöl	ʔ eː ɐ̯ t ʔ øː l
Ereifern	ɛ ɐ̯ ʔ a ɪ̯ f ɐ n
Ereignis	ʔ ɛ ɐ̯ ʔ a ɪ̯ ɡ n ɪ s
Ereignisablauf	ʔ ɛ ɐ̯ ʔ a ɪ̯ ɡ n ɪ s ʔ a p l a ʊ̯ f
Erfassen	ʔ ɛ ɐ̯ f a s n̩
Erfassen	ʔ ɛ ɐ̯ f a s ə n
Erfinden	ʔ ɛ ɐ̯ f ɪ n d n̩
Erfinderin	ʔ ɛ ɐ̯ f ɪ n d ɐ ʁ ɪ n
Erfolgsrezept	ɛ ɐ̯ f ɔ l k s ʀ e t͡s ɛ p t
Erfordernis	ʔ ɛ ɐ̯ f ɔ ɐ̯ d ɐ n ɪ s
Erfrischungsgetränk	ɛ ɐ̯ f ʁ ɪ ʃ ʊ ŋ s ɡ ə t ʁ ɛ ŋ k
Erfurter	ɛ ʁ f ʊ ʁ t ɐ
Erfurterin	ɛ ʁ f ʊ ʁ t ə ʁ ɪ n
Erfurterinnen	ɛ ʁ f ʊ ʁ t ə ʁ ɪ n ə n
Erfüllung	ɛ ɐ̯ f ʏ l ʊ ŋ
Ergebnis	ɛ ɐ̯ ɡ eː p n ɪ s
Ergebnisabführungsvertrag	ɛ ɐ̯ ɡ eː p n ɪ s a p f yː ʁ ʊ ŋ s f ɛ ɐ̯ t ʁ aː k
Erhalten	ʔ ɛ ɐ̯ h a l t n̩
Erhaschen	ɛ ɐ̯ h a ʃ n̩
Erheben	ʔ ɛ ʁ h eː b n̩
Erheber	ʔ ɛ ʁ h eː b ɐ
Erhitzung	ɛ ɐ̯ h ɪ t͡s ʊ ŋ
Erhitzungen	ɛ ɐ̯ h ɪ t͡s ʊ ŋ ə n
Erhängen	ɛ ɐ̯ h ɛ ŋ ə n
Erhöhung	ʔ ɛ ɐ̯ h øː ʊ ŋ
Erich	eː ʁ ɪ ç
Eriesee	iː ʁ i z eː
Erinnern	ʔ ɛ ɐ̯ ʁ ɪ n ɐ n
Erinnern	ʔ ɛ ɐ̯ ʔ ɪ n ɐ n
Erinnerungslücke	ɛ ɐ̯ ʔ i n ə ʁ ʊ ŋ s l ʏ k ə
Erinnerungsstück	ɛ ɐ̯ ʔ ɪ n ə ʀ ʊ ŋ s ʃ t ʏ k
Erkenntlichkeit	ɛ ɐ̯ k ɛ n t l ɪ ç k a ɪ̯ t
Erkennungsmelodie	ɛ ɐ̯ k ɛ n ʊ ŋ s m e l o d iː
Erklärung	ʔ ɛ ɐ̯ k l ɛː ʁ ʊ ŋ
Erkrankung	ʔ ɛ ɐ̯ k ʁ a ŋ k ʊ ŋ
Erkunden	ɛ ɐ̯ k ʊ n d n̩
Erkunder	ɛ ɐ̯ k ʊ n d ɐ
Erkundung	ɛ ɐ̯ k ʊ n d u ŋ
Erkältung	ɛ ɐ̯ k ɛ l t ʊ ŋ
Erlagschein	ɛ ɐ̯ l aː k ʃ a ɪ n
Erlangen	ɛ r l a ŋ ə n
Erlangen	ɛ ɐ̯ l a ŋ ə n
Erlanger	ɛ ʁ l a ŋ ɐ
Erlangerin	ɛ ʁ l a ŋ ə ʁ ɪ n
Erlangerinnen	ɛ ʁ l a ŋ ə ʁ ɪ n ə n
Erlangers	ɛ ʁ l a ŋ ɐ s
Erlass	ɛ ɐ̯ l a s
Erlauben	ʔ ɛ ɐ̯ l a ʊ̯ b n̩
Erledigen	ʔ ɛ ɐ̯ l eː d ɪ ɡ ŋ̩
Erleuchten	ɛ ɐ̯ l ɔ ɪ̯ ç t n̩
Erlkönig	ɛ ʁ l k øː n ɪ ç
Erlös	ʔ ɛ ɐ̯ l øː s
Ermangelung	ɛ ɐ̯ m a ŋ ə l ʊ ŋ
Ermessen	ʔ ɛ ɐ̯ m ɛ s n̩
Ermessensfreiheit	ɛ ɐ̯ m ɛ s n̩ s f ʁ a ɪ̯ h a ɪ̯ t
Ermutigungen	ɛ ɐ̯ m uː t ɪ ɡ ʊ ŋ ə n
Ermöglichen	ɛ ɐ̯ m øː k l ɪ ç n̩
Ermöglichens	ɛ ɐ̯ m øː k l ɪ ç n̩ s
Ermöglichung	ɛ ɐ̯ m øː k l ɪ ç ʊ ŋ
Ermöglichungen	ɛ ɐ̯ m øː k l ɪ ç ʊ ŋ ə n
Ernstfall	ɛ ʁ n s t f a l
Ernsthaftigkeit	ɛ ʁ n s t h a f t ɪ ç k a ɪ̯ t
Ernte	ʔ ɛ ʁ n t ə
Erntehelfer	ɛ ʁ n t ə h ɛ l f ɐ
Erntemenge	ʔ ɛ ʁ n t ə m ɛ ŋ ə
Ernten	ʔ ɛ ʁ n t n̩
Ernter	ʔ ɛ ʁ n t ɐ
Ernährungsfaktor	ɛ ɐ̯ n ɛː ʁ ʊ ŋ s f a k t oː ɐ̯
Ernährungssouveränität	ɛ ɐ̯ n ɛː ʁ ʊ ŋ s z u v ɛ ʁ ɛ n i t ɛː t
Eroberungszug	ɛ ɐ̯ ʔ oː b ə ʀ ʊ ŋ s t͡s uː k
Eroberungszüge	ɛ ɐ̯ ʔ oː b ə ʀ ʊ ŋ s t͡s yː ɡ ə
Erpel	ʔ ɛ ʁ p l̩
Erpressen	ʔ ɛ ɐ̯ p ʁ ɛ s n̩
Erpressen	ʔ ɛ ɐ̯ p ʁ ɛ s ə n
Erpressungsversuch	ɛ ɐ̯ p r ɛ s ʊ ŋ s f ɛ ɐ̯ z uː x
Erprobung	ʔ ɛ ɐ̯ p ʁ oː b ʊ ŋ
Erraten	ʔ ɛ ɐ̯ ʁ aː t n̩
Erregen	ʔ ɛ ʁ eː ɡ ŋ̍
Erregung	ʔ ɛ ʁ eː ɡ ʊ ŋ
Errungenschaft	ɛ ɐ̯ ʀ ʊ ŋ ə n ʃ a f t
Ersatzfrau	ɛ ɐ̯ z a t s f ʀ a ʊ̯
Ersatzmann	ɛ ɐ̯ z a t s m a n
Erschiesser	ʔ ɛ ɐ̯ ʃ iː s ɐ
Erschießen	ʔ ɛ ɐ̯ ʃ iː s n̩
Erschießer	ʔ ɛ ɐ̯ ʃ iː s ɐ
Erschießungskommando	ɛ ɐ̯ ʃ iː s ʊ ŋ s k ɔ m a n d o
Erschlagen	ɛ ɐ̯ ʃ l aː ɡ n̩
Erschleichen	ɛ ɐ̯ ʃ l a ɪ̯ ç n̩
Erschleicher	ɛ ɐ̯ ʃ l a ɪ̯ ç ɐ
Erschliesserin	ʔ ɛ ɐ̯ ʃ l iː s ə ʀ ɪ n
Erschließerin	ʔ ɛ ɐ̯ ʃ l iː s ə ʁ ɪ n
Erschließerinnen	ʔ ɛ ɐ̯ ʃ l iː s ə ʀ ɪ n ə n
Erschließung	ɛ ɐ̯ ʃ l iː s ʊ ŋ
Erschöpfen	ʔ ɛ ɐ̯ ʃ œ p f n̩
Erschütterung	ɛ ɐ̯ ʃ ʏ t ə ʁ ʊ ŋ
Ersitzen	ʔ ɛ ɐ̯ z ɪ t s n̩
Ersparnis	ʔ ɛ ɐ̯ ʃ p aː ʁ n ɪ s
Erspähung	ʔ ɛ ɐ̯ ʃ p ɛː ʊ ŋ
Erspähungen	ʔ ɛ ɐ̯ ʃ p ɛː ʊ ŋ ə n
Erste	ʔ eː ɐ̯ s t ə
Erstgebot	ʔ eː ɐ̯ s t
Erstgebot	ʔ ɛ ɐ̯ s t
Erstgebäralter	ʔ ɛ ɐ̯ s t ɡ ə b ɛː ɐ̯ ʔ a l t ɐ
Erstickung	ʔ ɛ ɐ̯ ʃ t ɪ k ʊ ŋ
Erstickungsgefahr	ɛ ɐ̯ ʃ t ɪ k ʊ ŋ s ɡ ə f aː ɐ̯
Erstickungsgefahren	ɛ ɐ̯ ʃ t ɪ k ʊ ŋ s ɡ ə f aː ʁ ə n
Erstklässler	ʔ ɛ ɐ̯ s t k l ɛ s l ɐ
Erststimme	eː ɐ̯ s t ʃ t ɪ m ə
Erteilerin	ɛ ɐ̯ t a ɪ̯ l ə ʁ ɪ n
Ertragslage	ɛ ɐ̯ t ʁ aː k s l aː ɡ ə
Ertzbischof	eː ɐ̯ t͡s b ɪ ʃ ɔ f
Ertzbischof	ɛ ʁ t͡s b ɪ ʃ ɔ f
Ertzbischoff	eː ɐ̯ t͡s b ɪ ʃ ɔ f
Ertzbischoff	ɛ ʁ t͡s b ɪ ʃ ɔ f
Ertzkantzler	ʔ ɛ ɐ̯ t s k a n t͡s l ɐ
Ertzkantzler	ʔ ɛ ʁ t͡s k a n t͡s l ɐ
Erwartungsangst	ɛ ɐ̯ v a ʁ t ʊ ŋ s ʔ a ŋ s t
Erweiterung	ɛ ɐ̯ v a ɪ̯ t ə ʁ ʊ ŋ
Erwerbsbeteiligung	ɛ ɐ̯ v ɛ ʁ p s b ə t a ɪ̯ l ɪ ɡ ʊ ŋ
Erwerbsquelle	ɛ ɐ̯ v ɛ ʁ p s k v ɛ l ə
Erwerbsquote	ɛ ɐ̯ v ɛ ʁ p s k v oː t ə
Erwin	ɛ ɐ̯ v ɪ n
Erz	ʔ eː ɐ̯ t͡s
Erz	ʔ ɛ ɐ̯ t͡s
Erzberger	eː ɐ̯ t͡s b ɛ ʁ ɡ ɐ
Erzberger	ɛ ʁ t͡s b ɛ ʁ ɡ ɐ
Erzbergers	eː ɐ̯ t͡s b ɛ ʁ ɡ ɐ s
Erzbergers	ɛ ʁ t͡s b ɛ ʁ ɡ ɐ s
Erzbischof	eː ɐ̯ t͡s b ɪ ʃ ɔ f
Erzbischof	ɛ ʁ t͡s b ɪ ʃ ɔ f
Erzbisthum	eː ɐ̯ t͡s b ɪ s t uː m
Erzbistum	eː ɐ̯ t͡s b ɪ s t uː m
Erzeugen	ʔ ɛ ɐ̯ t s ɔ ʏ̯ ɡ ŋ̩
Erzeugen	ʔ ɛ ɐ̯ t s ɔ ʏ̯ ɡ ə n
Erzgebirger	eː ɐ̯ t͡s ɡ ə b ɪ ʁ ɡ ɐ
Erzgebirger	ɛ ʁ t͡s ɡ ə b ɪ ʁ ɡ ɐ
Erzgebirgerin	ɛ ʁ t͡s ɡ ə b ɪ ʁ ɡ ə ʁ ɪ n
Erzgebirgerinnen	ɛ ʁ t͡s ɡ ə b ɪ ʁ ɡ ə ʁ ɪ n ə n
Erzgebirgers	ɛ ʁ t͡s ɡ ə b ɪ ʁ ɡ ɐ s
Erzherzog	eː ɐ̯ t͡s h ɛ ɐ̯ t͡s oː k
Erzherzog	ɛ ʁ t͡s h ɛ ʁ t͡s oː k
Erzherzoge	eː ɐ̯ t͡s h ɛ ɐ̯ t͡s oː ɡ ə
Erzherzoge	ɛ ʁ t͡s h ɛ ʁ t͡s oː ɡ ə
Erzherzoges	eː ɐ̯ t͡s h ɛ ɐ̯ t͡s oː ɡ ə s
Erzherzoges	ɛ ʁ t͡s h ɛ ʁ t͡s oː ɡ ə s
Erzherzogs	eː ɐ̯ t͡s h ɛ ɐ̯ t͡s oː k s
Erzherzogs	ɛ ʁ t͡s h ɛ ʁ t͡s oː k s
Erziehen	ʔ ɛ ɐ̯ t s iː n
Erziehen	ʔ ɛ ɐ̯ t s iː ə n
Erzkanzler	ʔ ɛ ɐ̯ t s k a n t͡s l ɐ
Erzkanzler	ʔ ɛ ʁ t͡s k a n t͡s l ɐ
Erzpriester	ʔ ɛ ɐ̯ t s p ʁ iː s t ɐ
Erzpriester	ʔ ɛ ʁ t s p ʁ iː s t ɐ
Erzstift	ɛ ʁ t͡s ʃ t ɪ f t
Erzstifte	ɛ ʁ t͡s ʃ t ɪ f t ə
Erzstifter	ɛ ʁ t͡s ʃ t ɪ f t ɐ
Erzstiftes	ɛ ʁ t͡s ʃ t ɪ f t ə s
Erzstifts	ɛ ʁ t͡s ʃ t ɪ f t s
Erzähler	ʔ ɛ ɐ̯ t s ɛː l ɐ
Erzählerin	ʔ ɛ ɐ̯ t s ɛː l ɐ ʁ ɪ n
Erzürnen	ɛ ɐ̯ t͡s ʏ ʁ n ə n
Eröffnung	ʔ ɛ ɐ̯ ʔ œ f n ʊ ŋ
Eschborners	ɛ ʃ b ɔ ʁ n ɐ s
Eschborns	ɛ ʃ b ɔ ʁ n s
Eschweger	ɛ ʃ v eː ɡ ɐ
Eschwegerin	ɛ ʃ v eː ɡ ə ʁ ɪ n
Eschwegers	ɛ ʃ v eː ɡ ɐ s
Eschweiler	ɛ ʃ v a ɪ̯ l ɐ
Eschweilerin	ɛ ʃ v a ɪ̯ l ə ʁ ɪ n
Eschweilers	ɛ ʃ v a ɪ̯ l ɐ s
Esel	ʔ eː s l̩
Esel	ʔ eː z l̩
Eselhaftigkeit	ʔ eː z l̩ h a f t ɪ ç k a ɪ̯ t
Eselhaftigkeit	ʔ eː z ə l h a f t ɪ ç k a ɪ̯ t
Eselsmilch	eː z l̩ s m ɪ l ç
Eskapismus	ɛ s k a p ɪ s m ʊ s
Essen	ʔ ɛ s n̩
Essensmarke	ɛ s n̩ s m a ʁ k ə
Esslinger	ɛ s l ɪ ŋ ɐ
Esslingerin	ɛ s l ɪ ŋ ə ʁ ɪ n
Esslingerinnen	ɛ s l ɪ ŋ ə ʁ ɪ n ə n
Esslingers	ɛ s l ɪ ŋ ɐ s
Esszeug	ʔ ɛ s t͡s ɔ ʏ̯ k
Estouffade	ɛ s t u f aː d
Estouffade	ɛ s t u f aː d ə
Etablissement	e t a b l ɪ s m ɑ̃ː
Etablissement	e t a b l ɪ s m ɛ n t
Etablissement	e t a b l ɪ s ə m ɑ̃ː
Etablissement	e t a b l ɪ s ə m ɛ n t
Etagere	e t a ʒ eː ɐ̯
Etalon	e t a l ɔ̃ː
Etesien	e t eː z i̯ ə n
Ethansäure	e t aː n z ɔ ɪ̯ ʁ ə
Ether	ʔ eː t ɐ
Ethnographie	ɛ t n o ɡ ʁ a f iː
Ethnosexismus	ʔ ɛ t n o s ɛ k͡s ɪ s m ʊ s
Ethnosexismus	ʔ ɛ t n o z ɛ k͡s ɪ s m ʊ s
Ethyl	ɛ t yː l
Ethylgruppe	e t yː l ɡ ʁ ʊ p ə
Etikett	ʔ e t i k ɛ t
Etikettenschwindel	e t i k ɛ t n̩ ʃ v ɪ n d l̩
Etsch	ɛ t ʃ
Etschtal	ɛ t ʃ t aː l
Etschtaler	ɛ t ʃ t aː l ɐ
Etschtalerin	ɛ t ʃ t aː l ə ʁ ɪ n
Etschtalers	ɛ t ʃ t aː l ɐ s
Etschtales	ɛ t ʃ t aː l ə s
Etschtals	ɛ t ʃ t aː l s
Ettelbrücker	ɛ t l̩ b ʁ ʏ k ɐ
Ettelbrückerin	ɛ t l̩ b ʁ ʏ k ə ʁ ɪ n
Ettelbrückerinnen	ɛ t l̩ b ʁ ʏ k ə ʁ ɪ n ə n
Ettelbrückers	ɛ t l̩ b ʁ ʏ k ɐ s
Ettenheimer	ɛ t n̩ h a ɪ̯ m ɐ
Ettenheimerin	ɛ t n̩ h a ɪ̯ m ə ʁ ɪ n
Ettenheimerinnen	ɛ t n̩ h a ɪ̯ m ə ʁ ɪ n ə n
Ettenheimers	ɛ t n̩ h a ɪ̯ m ɐ s
Ettenheims	ɛ t n̩ h a ɪ̯ m s
Etter	ɛ tʰ ɐ
Ettlinger	ɛ t l ɪ ŋ ɐ
Ettlingerin	ɛ t l ɪ ŋ ə ʁ ɪ n
Ettlingerinnen	ɛ t l ɪ ŋ ə ʁ ɪ n ə n
Ettlingers	ɛ t l ɪ ŋ ɐ s
Etui	e t u iː
Etui	e t y iː
Etymologie	e t y m o l o ɡ iː
Etymologie	ɛ t y m o l o ɡ iː
Etymologisieren	ɛ t y m o l o ɡ i z iː ʁ ə n
Etymologisierer	ɛ t y m o l o ɡ i z iː ʁ ɐ
EuGH	ʔ ɔ ʏ̯ ɡ eː h aː
Eulenspiegelei	ɔ ɪ̯ l ə n ʃ p iː ɡ ə l a ɪ̯
Euler	œ y̯ l ə ʁ
Eupener	ɔ ʏ̯ p ə n ɐ
Eupenerin	ɔ ʏ̯ p ə n ə ʁ ɪ n
Eupenerinnen	ɔ ʏ̯ p ə n ə ʁ ɪ n ə n
Eupeners	ɔ ʏ̯ p ə n ɐ s
Euro	ʔ ɔ ʏ̯ ʁ o
Eurobanknote	ʔ ɔ ɪ̯ ʁ o b a ŋ k n oː t ə
Eurobanknoten	ʔ ɔ ɪ̯ ʁ o b a ŋ k n oː t ə n
Euromünze	ɔ ɪ̯ ʁ o m ʏ n t͡s ə
Euronen	ʔ ɔ ʏ̯ ʁ oː n ə n
Europarat	ɔ ɪ̯ ʁ oː p a ʁ aː t
Europäerinnen	ɔ ɪ̯ ʁ o p ɛː ə ʁ ɪ n ə n
Euros	ʔ ɔ ʏ̯ ʁ oˑ s
Euroschein	ʔ ɔ ɪ̯ ʁ o ʃ a ɪ̯ n
Euskirchener	ʔ ɔ ɪ̯ s k ɪ ʁ ç n̩ ɐ
Euskirchenerin	ʔ ɔ ɪ̯ s k ɪ ʁ ç n̩ ə ʁ ɪ n
Euskirchenerinnen	ʔ ɔ ɪ̯ s k ɪ ʁ ç n̩ ə ʁ ɪ n ə n
Euskircheners	ʔ ɔ ɪ̯ s k ɪ ʁ ç n̩ ɐ s
Euskirchens	ʔ ɔ ɪ̯ s k ɪ ʁ ç n̩ s
Eußenheim	ɔ ɪ̯ s n̩ h a ɪ̯ m
Eußenheimer	ɔ ɪ̯ s n̩ h a ɪ̯ m ɐ
Eußenheimerin	ɔ ɪ̯ s n̩ h a ɪ̯ m ə ʁ ɪ n
Eußenheimers	ɔ ɪ̯ s n̩ h a ɪ̯ m ɐ s
Eußenheims	ɔ ɪ̯ s n̩ h a ɪ̯ m s
Ewigkeit	eː v ɪ ç k a ɪ̯ t
Exbummel	ʔ ɛ k s b ʊ m l̩
Exbummel	ʔ ɛ k s b ʊ m ə l
Exekution	ɛ k s e k u t͡s i̯ oː n
Exemplar	ɛ k s ɛ m p l aː ɐ̯
Exerzierplatz	ɛ k s ɛ ʁ t͡s iː ɐ̯ p l a t͡s
Exerzierplatzes	ɛ k s ɛ ʁ t͡s iː ɐ̯ p l a t͡s ə s
Exerzierplätze	ɛ k s ɛ ʁ t͡s iː ɐ̯ p l ɛ t͡s ə
Exfrau	ɛ k s f ʀ a ʊ̯
Exfreund	ɛ k s f ʀ ɔ ɪ̯ n t
Exfreundin	ɛ k s f ʀ ɔ ɪ̯ n d ɪ n
Exhumierung	ɛ k s h u m iː ʁ ʊ ŋ
Exklusivbericht	ɛ k s k l u z iː f b ə ʁ ɪ ç t
Exklusivinterview	ɛ k s k l u z iː f ɪ n t ɐ v j uː
Exklusivmeldung	ɛ k s k l u z iː f m ɛ l d ʊ ŋ
Exministerin	ɛ k s m i n ɪ s t ə ʁ ɪ n
Exministerinnen	ɛ k s m i n ɪ s t ə ʀ ɪ n ə n
Expertise	ɛ k s p ɛ ʁ t iː z ə
Exploration	ɛ k s p l o ʁ a t͡s i̯ oː n
Export	ʔ ɛ k s p ɔ ʁ t
Externat	ɛ k s t ɛ ʁ n aː t
Extertal	ɛ k s t ɐ t aː l
Extrablatt	ɛ k s t ʁ a b l a t
Extrakt	ɛ k s t ʁ a k t
Ezechiel	e t͡s eː ç i̯ eː l
F	ʔ ɛ f
FH	ʔ ɛ f h aː
Fabel	f aː b l̩
Fabio	f aː b i̯ o
Fabrikat	f a b ʁ i k aː t
Fabrikationsfehler	f a b ʁ i k a t͡s i̯ oː n s f eː l ɐ
Fabriken	f a b ʁ iː k ŋ̍
Facebooks	f eː s b̥ ʊ k s
Facettenauge	f a s ɛ t n̩ ʔ a ʊ̯ ɡ ə
Facettenaugen	f a s ɛ t n̩ ʔ a ʊ̯ ɡ ə n
Facettenauges	f a s ɛ t n̩ ʔ a ʊ̯ ɡ ə s
Fach	f ä χ
Facharzt	f a x ʔ a ʁ t͡s t
Facharzt	f a x ʔ aː ɐ̯ t͡s t
Fachexperte	f a x ʔ ɛ k s p ɛ ʁ t ə
Fachexpertin	f a x ʔ ɛ k s p ɛ ʁ t ɪ n
Fachexpertinnen	f a x ʔ ɛ k s p ɛ ʁ t ɪ n ə n
Fachexpertise	f a x ʔ ɛ k s p ɛ ʁ t iː z ə
Fachgeschäft	f a x ɡ ə ʃ ɛ f t
Fachgeschäfte	f a x ɡ ə ʃ ɛ f t ə
Fachgeschäften	f a x ɡ ə ʃ ɛ f t ə n
Fachgeschäftes	f a x ɡ ə ʃ ɛ f t ə s
Fachgeschäfts	f a x ɡ ə ʃ ɛ f t s
Fachgutachten	f a x ɡ uː t ʔ a x t n̩
Fachgutachtens	f a x ɡ uː t ʔ a x t n̩ s
Fachhochschule	f a x h oː x ʃ uː l ə
Fachidiot	f a χ i d i̯ oː t
Fachidiot	f a χ ʔ i d i̯ oː t
Fachmarkt	f a x m a ɐ̯ k t
Fachmarkt	f a x m a ʁ k t
Fachwissen	f a x v ɪ s n̩
Fachärztin	f a x ʔ ɛ ʁ t͡s t ɪ n
Fachärztin	f a x ʔ ɛː ɐ̯ t͡s t ɪ n
Fackel	f a k l̩
Fadenkreuz	f aː d n̩ k ʁ ɔ ɪ̯ t͡s
Fadenwurm	f aː d n̩ v ʊ ʁ m
Fahndungsliste	f aː n d ʊ ŋ s l ɪ s t ə
Fahnen	f aː n ə n
Fahrdamm	f aː ɐ̯ d a m
Fahrerflucht	f aː ʁ ɐ f l ʊ x t
Fahrersitz	f aː ʁ ɐ z ɪ t͡s
Fahrersitze	f aː ʁ ɐ z ɪ t͡s ə
Fahrersitzes	f aː ʁ ɐ z ɪ t͡s ə s
Fahrgestell	f aː ɐ̯ ɡ ə ʃ t ɛ l
Fahrkarte	f aː ɐ̯ k a ʁ t ə
Fahrkartenautomat	f aː k a ʁ t n̩ ʔ a ʊ t o m aː t
Fahrkartenentwerter	f aː k a ʁ t n̩ ʔ ɛ n t v eː ɐ̯ t ɐ
Fahrkartenschalter	f aː ɐ̯ k a ʁ t n̩ ʃ a l t ɐ
Fahrrad	f a ʁ a t
Fahrrad	f aː ɐ̯ ʁ aː t
Fahrraddieb	f aː ɐ̯ ʁ aː t d iː p
Fahrraddiebin	f aː ɐ̯ ʁ aː t d iː b ɪ n
Fahrraddiebinnen	f aː ɐ̯ ʁ aː t d iː b ɪ n ə n
Fahrradfahren	f aː ɐ̯ ʁ aː t f aː ʁ ə n
Fahrradsattel	f aː ɐ̯ ʁ aː t z a t l̩
Fahrradverleiher	f aː ɐ̯ ʁ aː t f ɛ ɐ̯ l a ɪ̯ ɐ
Fahrradverleihers	f aː ɐ̯ ʁ aː t f ɛ ɐ̯ l a ɪ̯ ɐ s
Fahrschein	f aː ʃ a ɪ n
Fahrscheinautomat	f aː ʃ a ɪ n ʔ a ʊ t o m aː t
Fahrscheinentwerter	f aː ʃ a ɪ n ʔ ɛ n t v eː ɐ̯ t ɐ
Fahrstreifen	f aː ɐ̯ ʃ t ʁ a ɪ̯ f n̩
Fahrt	f a ɐ̯ t
Fahrt	f a ʁ t
Fahrt	f aː t
Fahrt	f aː ɐ̯ t
Fahrt	f aː ʁ t
Fahrtwind	f aː t v ɪ n t
Fahrtwind	f aː ɐ̯ t v ɪ n t
Fahrvergnügen	f aː ɐ̯ f ɛ ɐ̯ ɡ n yː ɡ ŋ̍
Fahrwerk	f aː ɐ̯ v ɛ ʁ k
Fahrzeug	f aː t s ɔ ʏ̯ k
Fahrzeug	f aː ɐ̯ t s ɔ ʏ̯ k
Fahrzeugbatterie	f aː ɐ̯ t͡s ɔ ɪ̯ k b a t ə ʁ iː
Fahrzeugbatterien	f aː ɐ̯ t͡s ɔ ɪ̯ k b a t ə ʁ iː n
Fahrzeugführer	f aː t͡s ɔ ʏ̯ k f yː ʁ ɐ
Fahrzeugführer	f aː ɐ̯ t͡s ɔ ʏ̯ k f yː ʁ ɐ
Fahrzeuglenker	f aː t͡s ɔ ʏ̯ k l ɛ ŋ k ɐ
Fahrzeuglenker	f aː ɐ̯ t͡s ɔ ʏ̯ k l ɛ ŋ k ɐ
Falkenberger	f a l k n̩ b ɛ ʁ ɡ ɐ
Falkenbergerin	f a l k n̩ b ɛ ʁ ɡ ə ʁ ɪ n
Falkenbergers	f a l k n̩ b ɛ ʁ ɡ ɐ s
Falkenburger	f a l k n̩ b ʊ ʁ ɡ ɐ
Falkenburgerin	f a l k n̩ b ʊ ʁ ɡ ə ʁ ɪ n
Falkenburgers	f a l k n̩ b ʊ ʁ ɡ ɐ s
Falkenseer	f a l k n̩ z eː ɐ
Falkenseerin	f a l k n̩ z eː ə ʁ ɪ n
Falkenseers	f a l k n̩ z eː ɐ s
Falkensteiner	f a l k n̩ ʃ t a ɪ̯ n ɐ
Falkensteinerin	f a l k n̩ ʃ t a ɪ̯ n ə ʁ ɪ n
Falkensteiners	f a l k n̩ ʃ t a ɪ̯ n ɐ s
Falkensteins	f a l k n̩ ʃ t a ɪ̯ n s
Falkner	f a l k n ɐ
Falknerei	f a l k n ə ʁ a ɪ̯
Falknerin	f a l k n ə ʁ ɪ n
Fallenlassen	f a l ə n l a s n̩
Fallgrube	f a l ɡ ʀ uː b ə
Fallrückzieher	f a l ʁ ʏ k t͡s iː ɐ
Fallschirmspringen	f a l ʃ ɪ ʁ m ʃ p ʁ ɪ ŋ ə n
Falschfahrerin	f a l ʃ f aː ʁ ə ʁ ɪ n
Falschmeldung	f a l ʃ m ɛ l d ʊ ŋ
Falschparken	f a l ʃ p a ʁ k n̩
Falschparker	f a l ʃ p a ʁ k ɐ
Falschparkerin	f a l ʃ p a ʁ k ə ʁ ɪ n
Falschspielen	f a l ʃ ʃ p iː l ə n
Falschspieler	f a l ʃ ʃ p iː l ɐ
Falschspielerin	f a l ʃ ʃ p iː l ɐ ʁ ɪ n
Falsifikation	f a l z i f i k a t͡s i̯ oː n
Falten	f a l t n̩
Familien	f a m iː l i̯ ə n
Familienangelegenheit	f a m iː l i̯ ə n ʔ a n ɡ ə l eː ɡ n̩ h a ɪ̯ t
Familienstand	f a m iː l i̯ ə n ʃ t a n t
Familienstande	f a m iː l i ə n ʃ t a n d ə
Familienstandes	f a m iː l i ə n ʃ t a n d ə s
Familienstandsänderung	f a m iː l i̯ ə n ʃ t a n t͡s ɛ n d ə ʁ ʊ ŋ
Familienstandsänderungen	f a m iː l i̯ ə n ʃ t a n t͡s ɛ n d ə ʁ ʊ ŋ ə n
Familienstände	f a m iː l i ə n ʃ t ɛ n d ə
Familienständen	f a m iː l i ə n ʃ t ɛ n d n̩
Fan	f ɛ n
Fanal	f a n aː l
Fangen	f a ŋ ŋ̍
Fangen	f a ŋ ə n
Fangfrage	f a ŋ f ʀ aː ɡ ə
Fantast	f a n t a s t
Fantasterei	f a n t a s t ə ʁ a ɪ̯
Fantastereien	f a n t a s t ə ʁ a ɪ̯ ə n
Fantasyroman	f ɛ n t ə z i ʁ o m aː n
Fantasyromane	f ɛ n t ə z i ʁ o m aː n ə
Fantasyromanen	f ɛ n t ə z i ʁ o m aː n ə n
Farbe	f a ɐ̯ b ə
Farbe	f a ʁ b ə
Farbe	f aː b ə
Farbkorrektur	f a ʁ p k ɔ ʁ ɛ k t uː ɐ̯
Farbkorrekturen	f a ʁ p k ɔ ʁ ɛ k t uː ʁ ə n
Farm	f a ɐ̯ m
Farm	f a ʁ m
Farm	f aː m
Farmer	f a ʁ m ɐ
Farmersalat	f a ʁ m ɐ z a l aː t
Farn	f a ɐ̯ n
Farn	f a ʁ n
Farn	f aː n
Farnes	f a ʁ n ə s
Farns	f a ʁ n s
Fasanenhahn	f a z aː n ə n h aː n
Fasanenhenne	f a z aː n ə n h ɛ n ə
Fasanerie	f a z a n ə ʁ iː
Fasche	f a ʃ ə
Faser	f aː z ɐ
Faserlaser	f aː z ɐ l ɛ ɪ̯ z ɐ
Fassadenbegrünung	f a s aː d ə n b ə ɡ ʁ yː n ʊ ŋ
Fassadenbegrünungen	f a s aː d ə n b ə ɡ ʁ yː n ʊ ŋ ə n
Fassbombe	f a s b ɔ m b ə
Fassen	f a s n̩
Fasson	f a s ɔ ŋ
Fasson	f a s ɔ̃ː
Fasten	f a s t n̩
Fastenbier	f a s t n̩ b i ɐ̯
Fastenbier	f a s t n̩ b iː ɐ̯
Faszikel	f a s t͡s iː k l̩
Faszikel	f a s t͡s ɪ k l̩
Faustballer	f a ʊ̯ s t b a l ɐ
Faustregel	f a ʊ̯ s t ʁ eː ɡ l̩
Fazialisparesen	f a t͡s i̯ aː l ɪ s p a ʁ eː z n̩
Faßbombe	f a s b ɔ m b ə
Februar	f eː b ʁ u aː
Februar	f eː b ʁ u aː ɐ̯
Februar	f eː b ʁ ʊ ɐ̯
Fechter	f ɛ ç t ɐ
Fechterschnecke	f ɛ ç t ɐ ʃ n ɛ k ə
Feder	f eː d ɐ
Federbusch	f eː d ɐ b ʊ ʃ
Federhalter	f eː d ɐ h a l t ɐ
Federkern	f eː d ɐ k ɛ ɐ̯ n
Federkleid	f eː d ɐ k l a ɪ̯ t
Federungen	f eː d ə ʁ ʊ ŋ ə n
Federweiß	f eː d ɐ v a ɪ̯ s
Federweißer	f eː d ɐ v a ɪ̯ s ɐ
Fehldeutung	f eː l d ɔ ɪ̯ t ʊ ŋ
Fehlerfreiheit	f eː l ɐ f ʀ a ɪ̯ h a ɪ̯ t
Fehlerkorrektur	f eː l ɐ k ɔ ʁ ɛ k t uː ɐ̯
Fehlerkorrekturen	f eː l ɐ k ɔ ʁ ɛ k t uː ʁ ə n
Fehlermeldung	f eː l ɐ m ɛ l d ʊ ŋ
Fehlgeburt	f eː l ɡ ə b uː ɐ̯ t
Fehlleiten	f eː l l a ɪ̯ t n̩
Fehlschluss	f eː l ʃ l ʊ s
Fehlschlüsse	f eː l ʃ l ʏ s ə
Fehlschuß	f eː l ʃ ʊ s
Fehlurteil	f eː l ʔ ʊ ʁ t a ɪ̯ l
Fehlverhalten	f eː l f ɛ ɐ̯ h a l t n̩
Fehrbellin	f eː ɐ̯ b ɛ l iː n
Feierabend	f a ɪ̯ ɐ ʔ aː b ə n t
Feigenpirol	f a ɪ̯ ɡ n̩ p i ʁ oː l
Feigenpirole	f a ɪ̯ ɡ n̩ p i ʁ oː l ə
Feigenpirols	f a ɪ̯ ɡ n̩ p i ʁ oː l s
Feilbieten	f a ɪ̯ l b iː t n̩
Feilbieter	f a ɪ̯ l b iː t ɐ
Feilbieterin	f a ɪ̯ l b iː t ə ʁ ɪ n
Feilbieterinnen	f a ɪ̯ l b iː t ə ʁ ɪ n ə n
Feilhalten	f a ɪ̯ l h a l t n̩
Feilhalter	f a ɪ̯ l h a l t ɐ
Feinbackware	f a ɪ̯ n b a k v aː ʁ ə
Feinbackwaren	f a ɪ̯ n b a k v aː ʁ ə n
Feinbäcker	f a ɪ̯ n b ɛ k ɐ
Feinbäckerin	f a ɪ̯ n b ɛ k ə ʁ ɪ n
Feinbäckerinnen	f a ɪ̯ n b ɛ k ə ʁ ɪ n ə n
Feinbäckern	f a ɪ̯ n b ɛ k ɐ n
Feinbäckers	f a ɪ̯ n b ɛ k ɐ s
Feindbild	f a ɪ̯ n t b ɪ l t
Feindesliste	f a ɪ̯ n d ə s l ɪ s t ə
Feindeslisten	f a ɪ̯ n d ə s l ɪ s t ə n
Feindstaat	f a ɪ̯ n t ʃ t aː t
Feingefühl	f a ɪ̯ n ɡ ə f yː l
Feinschmeckerlokal	f a ɪ n ʃ m ɛ k ɐ l o k aː l
Feinstaub	f a ɪ̯ n ʃ t a ʊ̯ p
Feitel	f a ɪ̯ t l̩
Feldbach	f ɛ l t b a x
Feldbacher	f ɛ l t b a x ɐ
Feldbacherin	f ɛ l t b a x ə ʁ ɪ n
Feldbacherinnen	f ɛ l t b a x ə ʁ ɪ n ə n
Feldbachers	f ɛ l t b a x ɐ s
Feldbachs	f ɛ l t b a x s
Feldbusch	f ɛ l t b ʊ ʃ
Feldbuschs	f ɛ l t b ʊ ʃ s
Feldforschung	f ɛ l t f ɔ ʁ ʃ ʊ ŋ
Feldgrau	f ɛ l t ɡ ʁ a ʊ̯
Feldhaus	f ɛ l t h a ʊ̯ s
Feldhaus'	f ɛ l t h a ʊ̯ s
Feldhausen	f ɛ l t h a ʊ̯ z n̩
Feldhausener	f ɛ l t h a ʊ̯ z n̩ ɐ
Feldhausenerin	f ɛ l t h a ʊ̯ z n̩ ə ʁ ɪ n
Feldhausenerinnen	f ɛ l t h a ʊ̯ z n̩ ə ʁ ɪ n ə n
Feldhauseners	f ɛ l t h a ʊ̯ z n̩ ɐ s
Feldhausens	f ɛ l t h a ʊ z ə n s
Feldhauser	f ɛ l t h a ʊ̯ z ɐ
Feldhauserin	f ɛ l t h a ʊ̯ z ə ʁ ɪ n
Feldhauserinnen	f ɛ l t h a ʊ̯ z ə ʁ ɪ n ə n
Feldhausers	f ɛ l t h a ʊ̯ z ɐ s
Feldhoff	f ɛ l t h ɔ f
Feldhoffs	f ɛ l t h ɔ f s
Feldkirch	f ɛ l t k ɪ ʁ ç
Feldkircher	f ɛ l t k ɪ ʁ ç ɐ
Feldkircherin	f ɛ l t k ɪ ʁ ç ə ʁ ɪ n
Feldkircherinnen	f ɛ l t k ɪ ʁ ç ə ʁ ɪ n ə n
Feldkirchers	f ɛ l t k ɪ ʁ ç ɐ s
Feldkirchs	f ɛ l t k ɪ ʁ ç s
Feldmann	f ɛ l t m a n
Feldmanns	f ɛ l t m a n s
Feldrain	f ɛ l t ʁ a ɪ̯ n
Feldrand	f ɛ l t ʁ a n t
Feldwies	f ɛ l t v iː s
Feldwies'	f ɛ l t v iː s
Feldwieser	f ɛ l t v iː z ɐ
Feldwiesers	f ɛ l t v iː z ɐ s
Felgaufschwung	f ɛ l k ʔ a ʊ̯ f ʃ v ʊ ŋ
Felgen	f ɛ l ɡ n̩
Felgen	f ɛ l ɡ ŋ̩
Felgenbremse	f ɛ l ɡ ə n b ʁ ɛ m z ə
Fellaffe	f ɛ l ʔ a f ə
Felsenbirne	f ɛ l z n̩ b ɪ ʁ n ə
Felsendom	f ɛ l z n̩ d oː m
Felsendomes	f ɛ l z n̩ d oː m ə s
Felsendoms	f ɛ l z n̩ d oː m s
Felsensittich	f ɛ l z n̩ s ɪ t ɪ ç
Felsensittiche	f ɛ l z n̩ s ɪ t ɪ ç ə
Felsensittiches	f ɛ l z n̩ s ɪ t ɪ ç ə s
Felsenzaunkönig	f ɛ l z n̩ t͡s a ʊ̯ n k øː n ɪ k
Felsenzaunkönig	f ɛ l z n̩ t͡s a ʊ̯ n k øː n ɪ ç
Felsenzaunköniges	f ɛ l z n̩ t͡s a ʊ̯ n k øː n ɪ ɡ ə s
Fensterflügel	f ɛ n s t ɐ f l yː ɡ l̩
Fensterhaken	f ɛ n s t ɐ h aː k n̩
Fensterladen	f ɛ n s t ɐ l aː d n̩
Fensterplatz	f ɛ n s t ɐ p l a t͡s
Fenstersturz	f ɛ n s t ɐ ʃ t ʊ ʁ t͡s
Ferge	f ɛ ɐ̯ ɡ ə
Ferge	f ɛ ʁ ɡ ə
Ferien	f eː ɐ̯ j ə n
Ferien	f eː ʁ i ə n
Feriendorf	f eː ʁ i ə n d ɔ ʁ f
Feriendorfes	f eː ʁ i ə n d ɔ ʁ f ə s
Feriendorfs	f eː ʁ i ə n d ɔ ʁ f s
Ferienort	f eː ʁ i ə n ʔ ɔ ʁ t
Feriensiedlung	f eː ʁ i ə n z iː d l ʊ ŋ
Ferkel	f ɛ ʁ k l̩
Ferment	f ɛ ɐ̯ m ɛ n t
Ferment	f ɛ ʁ m ɛ n t
Fernbedienung	f ɛ ʁ n b ə d iː n ʊ ŋ
Fernsehempfänger	f ɛ ʁ n z eː ʔ ɛ m p͡f ɛ ŋ ɐ
Fernsehen	f ɛ ɐ̯ n z eː n
Fernsehen	f ɛ ʁ n z eː n
Fernsehfernbedienung	f ɛ ʁ n z eː f ɛ ʁ n b ə d iː n ʊ ŋ
Fernsehfernbedienungen	f ɛ ʁ n z eː f ɛ ʁ n b ə d iː n ʊ ŋ ə n
Fernsehmoderator	f ɛ ʁ n z eː m o d e ʁ aː t oː ɐ̯
Fernsehmoderatorin	f ɛ ʁ n z eː m o d e ʁ a t oː ʁ ɪ n
Fernsehmoderatorinnen	f ɛ ʁ n z eː m o d e ʁ a t oː ʁ ɪ n ə n
Fernsehprediger	f ɛ ɐ̯ n z eː p ʁ eː d ɪ ɡ ɐ
Fernsehredakteur	f ɛ ʁ n z eː ʁ e d a k t øː ɐ̯
Fernsehredaktor	f ɛ ʁ n z eː ʁ e d a k t oː ɐ̯
Fernsehsendung	f ɛ ʁ n z eː z ɛ n d ʊ ŋ
Fernsehturm	f ɛ ʁ n z eː t ʊ ʁ m
Fernsehtürme	f ɛ ʁ n z eː t ʏ ʁ m ə
Fernsehzuschauer	f ɛ ʁ n z eː t͡s uː ʃ a ʊ̯ ɐ
Fernsehzuschauerin	f ɛ ʁ n z eː t͡s uː ʃ a ʊ̯ ə ʁ ɪ n
Fernwirkung	f ɛ ʁ n v ɪ ʁ k ʊ ŋ
Fernwirkungen	f ɛ ʁ n v ɪ ʁ k ʊ ŋ ə n
Fertigkeit	f ɛ ʁ t ɪ k k a ɪ̯ t
Fertigkeit	f ɛ ʁ t ɪ ç k a ɪ̯ t
Fertigmachen	f ɛ ʁ t ɪ ç m a x n̩
Fertigware	f ɛ ɐ̯ t ɪ ç v aː ʁ ə
Fesselballon	f ɛ s l̩ b a l ɔ ŋ
Fesselspiel	f ɛ s l̩ ʃ p iː l
Fesselspiel	f ɛ s ə l ʃ p iː l
Fesselspiele	f ɛ s l̩ ʃ p iː l ə
Fesselspiele	f ɛ s ə l ʃ p iː l ə
Fesselspielen	f ɛ s l̩ ʃ p iː l n̩
Fesselspielen	f ɛ s ə l ʃ p iː l ə n
Festbacken	f ɛ s t b a k n̩
Festhalten	f ɛ s t h a l t n̩
Festhalter	f ɛ s t h a l t ɐ
Festhaltung	f ɛ s t h a l t ʊ ŋ
Festhängen	f ɛ s t h ɛ ŋ ə n
Festketten	f ɛ s t k ɛ t n̩
Festklammern	f ɛ s t k l a m ɐ n
Festübernahme	f ɛ s t ʔ yː b ɐ n aː m ə
Fettflecke	f ɛ t f l ɛ k ə
Fetthenne	f ɛ t h ɛ n ə
Fetts	f ɛ t s
Fettsack	f ɛ t z a k
Feuchtigkeitsverlust	f ɔ ɪ̯ ç t ɪ ç k a ɪ̯ t s f ɛ ɐ̯ l ʊ s t
Feuchtphase	f ɔ ʏ̯ ç t f aː z ə
Feuer	f ɔ ʏ̯ ɐ
Feuergefecht	f ɔ ɪ̯ ɐ ɡ ə f ɛ ç t
Feuergefechte	f ɔ ɪ̯ ɐ ɡ ə f ɛ ç t ə
Feuerschutz	f ɔ ɪ̯ ɐ ʃ ʊ t͡s
Feuerstahl	f ɔ ɪ̯ ɐ ʃ t aː l
Feuerstahles	f ɔ ɪ̯ ɐ ʃ t aː l ə s
Feuerstahls	f ɔ ɪ̯ ɐ ʃ t aː l s
Feuerstuhl	f ɔ ɪ̯ ɐ ʃ t uː l
Feuerstähle	f ɔ ɪ̯ ɐ ʃ t ɛː l ə
Feuerteufel	f ɔ ʏ̯ ɐ tʰ ɔ ʏ̯ f l̩
Feuerturm	f ɔ ʏ ɐ t ʊ ʁ m
Feuerwerk	f ɔ ʏ̯ ɐ v ɛ ʁ k
Feuerwerksrakete	f ɔ ɪ̯ ɐ v ɛ ʁ k s ʁ a k eː t ə
Feuerwerksraketen	f ɔ ɪ̯ ɐ v ɛ ʁ k s ʁ a k eː t n̩
Fiasko	f i a s k o
Fiasko	f j a s k o
Fibel	f iː b l̩
Fiber	f iː b ɐ
Fiberglas	f iː b ɐ ɡ l aː s
Fichtenammer	f i ç t n̩ ʔ a m ɐ
Fichtenammern	f i ç t n̩ ʔ a m ɐ n
Fichtenporling	f i ç t n̩ p oː ɐ̯ l ɪ ŋ
Fichtenporlinge	f i ç t n̩ p oː ɐ̯ l ɪ ŋ ə
Fichtenporlings	f i ç t n̩ p oː ɐ̯ l ɪ ŋ s
Ficks	f ɪ k s
Fidel	f iː d l̩
Fieber	f iː b ɐ
Fiebertraum	f iː b ɐ t ʁ a ʊ̯ m
Fieberwahn	f iː b ɐ v aː n
Fieder	f iː d ɐ
Fiederpalme	f iː d ɐ p a l m ə
Fiederpalmen	f iː d ɐ p a l m ə n
Fiedler	f iː d l ɐ
Figuration	f i ɡ u r a t s i oː n
Figurationen	f i ɡ u r a t s i oː n ə n
Filmadaption	f ɪ l m ʔ a d a p t͡s i̯ oː n
Filmkunst	f ɪ l m k ʊ n s t
Filmmusik	f ɪ l m m u z iː k
Filmstar	f ɪ l m s t aː ɐ̯
Filmstar	f ɪ l m ʃ t aː ɐ̯
Filmstars	f ɪ l m s t aː ɐ̯ s
Filmstars	f ɪ l m ʃ t aː ɐ̯ s
Finanzexperte	f i n a n t͡s ʔ ɛ k s p ɛ ʁ t ə
Finanzexpertin	f i n a n t͡s ʔ ɛ k s p ɛ ʁ t ɪ n
Finanzierungsvorgang	f i n a n t͡s iː ʁ ʊ ŋ s f oː ɐ̯ ɡ a ŋ
Finanzmanagement	f i n a n t͡s m a n a d͡ʒ m ə n t
Finanzminister	f i n a n t͡s m i n ɪ s t ɐ
Finanzministerin	f i n a n t͡s m i n ɪ s t ə ʁ ɪ n
Finanzministerinnen	f i n a n t͡s m i n ɪ s t ə ʀ ɪ n ə n
Findelkind	f ɪ n d l̩ k ɪ n t
Fingerbreit	f ɪ ŋ ɐ b ʁ a ɪ̯ t
Fingerfertigkeiten	f ɪ ŋ ɐ f ɛ ʁ t ɪ ç k a ɪ̯ t n̩
Fingernagel	f ɪ ŋ ɐ n aː ɡ l̩
Fingerspitze	f ɪ ŋ ɐ ʃ p ɪ t s ə
Fingerspitzengefühl	f ɪ ŋ ɐ ʃ p ɪ t s n̩ ɡ ə f yː l
Fingerspitzengefühl	f ɪ ŋ ɐ ʃ p ɪ t s ə n ɡ ə f yː l
Fingerspitzengefühle	f ɪ ŋ ɐ ʃ p ɪ t s n̩ ɡ ə f yː l ə
Fingerspitzengefühle	f ɪ ŋ ɐ ʃ p ɪ t s ə n ɡ ə f yː l ə
Fingerspitzengefühles	f ɪ ŋ ɐ ʃ p ɪ t s n̩ ɡ ə f yː l ə s
Fingerspitzengefühles	f ɪ ŋ ɐ ʃ p ɪ t s ə n ɡ ə f yː l ə s
Fingerspitzengefühls	f ɪ ŋ ɐ ʃ p ɪ t s n̩ ɡ ə f yː l s
Fingerspitzengefühls	f ɪ ŋ ɐ ʃ p ɪ t s ə n ɡ ə f yː l s
Fingerzitrone	f ɪ ŋ ɐ t͡s i t ʁ oː n ə
Finn	f ɪ n
Finte	f ɪ n t ə
Firma	f ɪ ɐ̯ m ä
Firma	f ɪ ʁ m ä
Firmament	f ɪ ɐ̯ m a m ɛ n t
Firmament	f ɪ ʁ m a m ɛ n t
Firmenleitung	f ɪ ʁ m ə n l a ɪ̯ t ʊ ŋ
Firmenleitungen	f ɪ ʁ m ə n l a ɪ̯ t ʊ ŋ ə n
Firnament	f ɪ ɐ̯ n a m ɛ n t
Firnament	f ɪ ʁ n a m ɛ n t
Firne	f ɪ r n ə
Firne	f ɪ ɐ̯ n ə
Firne	f ɪ ʁ n ə
Firstbalken	f ɪ ʁ s t b a l k n̩
Fis	f ɪ s
Fischbacher	f ɪ ʃ b a x ɐ
Fischbacherin	f ɪ ʃ b a x ə ʁ ɪ n
Fischbacherinnen	f ɪ ʃ b a x ə ʁ ɪ n ə n
Fischbachers	f ɪ ʃ b a x ɐ s
Fischbecken	f ɪ ʃ b ɛ k n̩
Fischbecken	f ɪ ʃ b ɛ k ŋ̩
Fische	f ɪ ʃ ə
Fischerei	f ɪ ʃ ə ʁ a ɪ̯
Fischereiministerium	f ɪ ʃ ə ʀ a ɪ̯ m i n ɪ s t eː ʀ i̯ ʊ m
Fischerin	f ɪ ʃ ə ʁ ɪ n
Fischgeschäften	f ɪ ʃ ɡ ə ʃ ɛ f t n̩
Fischhandel	f ɪ ʃ h a n d l̩
Fischhändlerin	f ɪ ʃ h ɛ n d l ə ʁ ɪ n
Fischhändlerinnen	f ɪ ʃ h ɛ n d l ə ʁ ɪ n ə n
Fischkutter	f ɪ ʃ k ʊ t ɐ
Fischlein	f ɪ ʃ l a ɪ̯ n
Fitzel	f ɪ t͡s l̩
Fixkostendegression	f ɪ k s k ɔ s t n̩ d e ɡ ʁ ɛ s i̯ oː n
Flachdach	f l a x d a x
Flachdaches	f l a x d a x ə s
Flachdächer	f l a x d ɛ ç ɐ
Flachmacher	f l a χ m a χ ɐ
Flachmann	f l a χ m a n
Flachpfeife	f l a x f a ɪ̯ f ə
Flachpfeife	f l a x p f a ɪ̯ f ə
Flachrelief	f l a x ʁ e l i̯ ɛ f
Flachwurzler	f l a x v uː ɐ̯ t͡s l ɐ
Fladen	f l aː d n̩
Fladen	f l aː d ə n
Fladenbrot	f l aː d n̩ b ʁ oː tʰ
Fladenbrot	f l aː d ə n b ʁ oː tʰ
Fladenbrote	f l aː d n̩ b ʁ oː tʰ ə
Fladenbrote	f l aː d ə n b ʁ oː tʰ ə
Fladenbroten	f l aː d n̩ b ʁ oː t n̩
Fladenbroten	f l aː d ə n b ʁ oː t ə n
Fladenbrotes	f l aː d n̩ b ʁ oː tʰ ə s
Fladenbrotes	f l aː d ə n b ʁ oː tʰ ə s
Fladenbrots	f l aː d n̩ b ʁ oː t s
Fladenbrots	f l aː d ə n b ʁ oː t s
Flaggenkunde	f l a ɡ n̩ k ʊ n d ə
Flaggenträgers	f l a ɡ n̩ t ʁ ɛː ɡ ɐ s
Flammpunkt	f l a m p ʊ ŋ k t
Flaneur	f l a n øː ɐ̯
Flappe	f l a p ə
Flaschenhals	f l a ʃ n̩ h a l s
Flaschenhals	f l a ʃ n̩ h a l t s
Flaschenkürbis	f l a ʃ n̩ k ʏ ʁ b ɪ s
Flaschenzug	f l a ʃ n̩ t͡s uː k
Flaschenzuges	f l a ʃ n̩ t͡s uː ɡ ə s
Flaschenzugs	f l a ʃ n̩ t͡s uː k s
Flaschenzüge	f l a ʃ n̩ t͡s yː ɡ ə
Flaumer	f l a ʊ̯ m ɐ
Flechte	f l ɛ ç t ə
Flechtwerk	f l ɛ ç t v ɛ ʁ k
Flecken	f l ɛ k ŋ̍
Fleckfieber	f l ɛ k f iː b ɐ
Flederhund	f l eː d ɐ h ʊ n t
Fledertier	f l eː d ɐ t iː ɐ̯
Fleece	f l iː s
Fleischbrühe	f l a ɪ̯ ʃ b ʁ yː ə
Fleischeimer	f l a ɪ̯ ʃ a ɪ̯ m ɐ
Fleischerin	f l a ɪ̯ ʃ ə ʁ ɪ n
Fleischerinnen	f l a ɪ̯ ʃ ə ʀ ɪ n ə n
Fleischextrakt	f l a ɪ̯ ʃ ʔ ɛ k s t ʁ a k t
Fleischfresser	f l a ɪ̯ ʃ f ʁ ɛ s ɐ
Fleischmessern	f l a ɪ̯ ʃ m ɛ s ɐ n
Fleischwurst	f l a ɪ̯ ʃ v ʊ ʁ s t
Flensburg	f l ɛ n s b ʊ ʁ k
Flensburger	f l ɛ n s b ʊ ʁ ɡ ɐ
Flensburgerin	f l ɛ n s b ʊ ʁ ɡ ə ʁ ɪ n
Flensburgerinnen	f l ɛ n s b ʊ ʁ ɡ ə ʁ ɪ n ə n
Flensburgers	f l ɛ n s b ʊ ʁ ɡ ɐ s
Flensburgs	f l ɛ n s b ʊ ʁ k s
Fleppe	f l ɛ p ə
Flevoland	f l eː v o l a n t
Flickwerk	f l ɪ k v ɛ ʁ k
Flieder	f l iː d ɐ
Fliegenklatsche	f l iː ɡ n̩ k l a t͡ʃ ə
Fliegenklatsche	f l iː ɡ ŋ̩ k l a t͡ʃ ə
Fliegenklatschen	f l iː ɡ n̩ k l a t͡ʃ n̩
Fliegenklatschen	f l iː ɡ ŋ̩ k l a t͡ʃ n̩
Fliegenpilz	f l iː ɡ ŋ̩ p ɪ l t͡s
Fliesentisch	f l iː z n̩ t ɪ ʃ
Fließmittel	f l iː s m ɪ t l̩
Flirt	f l œ ʁ t
Flirt	f l ɪ ʁ t
Flitterwochen	f l ɪ t ɐ v ɔ χ n̩
Flitzkacke	f l ɪ t s k a k ə
Flohmarkt	f l oː m a ʁ k t
Flohs	f l oː s
Flore	f l oː ʁ ə
Florentiner	f l o ʀ ɛ n t iː n ɐ
Fluggasts	f l uː k ɡ a s t͡s
Fluggeschwindigkeit	f l uː k ɡ ə ʃ v ɪ n d ɪ k k a ɪ̯ t
Fluggeschwindigkeit	f l uː k ɡ ə ʃ v ɪ n d ɪ ç k a ɪ̯ t
Fluggeschwindigkeiten	f l uː k ɡ ə ʃ v ɪ n d ɪ k k a ɪ̯ t ə n
Fluggeschwindigkeiten	f l uː k ɡ ə ʃ v ɪ n d ɪ ç k a ɪ̯ t ə n
Flughafenabfertigungsgebäude	f l uː k h aː f n̩ ʔ a p f ɛ ʁ t i ɡ ʊ ŋ s ɡ ə b ɔ ɪ̯ d ə
Flughafenparkplatzes	f l uː k h aː f ə n p a ɐ̯ k p l a t͡s ə s
Flughafenparkplätze	f l uː k h aː f ə n p a ɐ̯ k p l ɛ t͡s ə
Flughafenterminal	f l uː k h aː f n̩ t øː ɐ̯ m i n l̩
Flughafenterminals	f l uː k h aː f n̩ t øː ɐ̯ m i n l̩ s
Flughund	f l uː k h ʊ n t
Flugkorridor	f l uː k k ɔ ʀ i d oː ɐ̯
Flugkörpern	f l uː k k œ ʁ p ɐ n
Fluglinie	f l uː k l iː n i̯ ə
Fluglinien	f l uː k l iː n i̯ ə n
Flugnummer	f l uː k n ʊ m ɐ
Flugschreiber	f l uː k ʃ ʀ a ɪ̯ b ɐ
Flugschreibers	f l uː k ʃ ʀ a ɪ̯ b ɐ s
Flugsteig	f l uː k ʃ t a ɪ̯ k
Flugtauglichkeit	f l uː k t a ʊ̯ k l ɪ ç k a ɪ̯ t
Flugticket	f l uː k t ɪ k ə t
Flugwaffe	f l uː k v a f ə
Flugzeuggeschwindigkeit	f l uː k t s ɔ ʏ̯ k ɡ ə ʃ v ɪ n d ɪ k k a ɪ̯ t
Flugzeuggeschwindigkeit	f l uː k t s ɔ ʏ̯ ç ɡ ə ʃ v ɪ n d ɪ ç k a ɪ̯ t
Flugzeuggeschwindigkeiten	f l uː k t s ɔ ʏ̯ k ɡ ə ʃ v ɪ n d ɪ k k a ɪ̯ t ə n
Flugzeuggeschwindigkeiten	f l uː k t s ɔ ʏ̯ ç ɡ ə ʃ v ɪ n d ɪ ç k a ɪ̯ t ə n
Flunder	f l ʊ n d ɐ
Fluorapatit	f l u o ʁ a p a t iː t
Fluoreszenz	f l u o ʁ ɛ s t͡s ɛ n t͡s
Fluorit	f l u o ʁ iː tʰ
Flur	f l u ɐ̯
Flur	f l uː ɐ̯
Fluren	f l uː ʁ ə n
Flus	f l uː s
Flussbarsch	f l ʊ s b a ʁ ʃ
Flusslaufes	f l ʊ s l a ʊ̯ f ə s
Flussspat	f l ʊ s ʃ p aː tʰ
Flusstal	f l ʊ s t aː l
Flusstales	f l ʊ s t aː l ə s
Flusstals	f l ʊ s t aː l s
Flusstäler	f l ʊ s t ɛː l ɐ
Flutkatastrophe	f l uː t k a t a s t ʁ oː f ə
Fluttor	f l uː t t oː ɐ̯
Flußbarsch	f l ʊ s b a ʁ ʃ
Flächenbrand	f l ɛ ç n̩ b ʁ a n t
Flächenbrandes	f l ɛ ç n̩ b ʁ a n d ə s
Flächenbrands	f l ɛ ç n̩ b ʁ a n t s
Flächenbrände	f l ɛ ç n̩ b ʁ ɛ n d ə
Flöhe	f l øː ə
Flüchtigkeitsfehler	f l ʏ ç t ɪ ç k a ɪ̯ t s f eː l ɐ
Flüchtling	f l ʏ ç t l ɪ ŋ
Flüchtlingslager	f l ʏ ç t l ɪ ŋ s l aː ɡ ɐ
Flügel	f l yː ɡ l̩
Flügelaltar	f l yː ɡ l̩ ʔ a l t aː ɐ̯
Flügels	f l yː ɡ ə l s
Flügelspannweite	f l yː ɡ l̩ ʃ p a n v a ɪ̯ t ə
Flüssigbatterie	f l ʏ s ɪ ç b a t ə ʁ iː
Flüssigbatterien	f l ʏ s ɪ ç b a t ə ʁ iː n
Flüssiggas	f l ʏ s ɪ ç ɡ aː s
Flüssiggastank	f l ʏ s ɪ k ɡ aː s t a ŋ k
Flüssiggastank	f l ʏ s ɪ ç ɡ aː s t a ŋ k
Flüssigkeit	f l ʏ s ɪ ç k a ɪ̯ t
Flüsterwitz	f l ʏ s t ɐ v ɪ t͡s
Fohlen	f oː l ə n
Fohlen	f oː l̩ n
Folgejahr	f ɔ l ɡ ə j aː ɐ̯
Folgerung	f ɔ l ɡ ə ʀ ʊ ŋ
Fondsgesellschaft	f ɔ̃ː s ɡ ə z ɛ l ʃ a f t
Fondsmanagement	f ɔ̃ː m a n a d͡ʒ m ə n t
Forderer	f ɔ ʁ d ə ʁ ɐ
Forderin	f ɔ ʁ d ə ʁ ɪ n
Forderinnen	f ɔ ʁ d ə ʁ ɪ n ə n
Fordern	f ɔ ɐ̯ d ɐ n
Forderung	f ɔ ɐ̯ d ɐ ʁ ʊ ŋ
Forelle	f o ʁ ɛ l ə
Forellenteiche	f o ʁ ɛ l ə n t a ɪ̯ ç ə
Forellenteichen	f o ʁ ɛ l ə n t a ɪ̯ ç n̩
Forke	f ɔ ɐ̯ k ə
Forke	f ɔ ʁ k ə
Forke	f ɔː k ə
Formalisieren	f ɔ ʁ m a l i z iː ʁ ə n
Formans	f ɔ ʁ m a n s
Formant	f ɔ ʁ m a n t
Formatierung	f ɔ ɐ̯ m a tʰ iː ʁ ʊ ŋ
Formen	f ɔ ʁ m ə n
Formulierung	f ɔ ʁ m u l iː ʁ ʊ ŋ
Forschungsinstitut	f ɔ ʁ ʃ ʊ ŋ s ʔ ɪ n s t i t uː t
Forschungsminister	f ɔ ʁ ʃ ʊ ŋ s m i n ɪ s t ɐ
Forschungsministerin	f ɔ ʁ ʃ ʊ ŋ s m i n ɪ s t ə ʁ ɪ n
Forschungsministerinnen	f ɔ ʁ ʃ ʊ ŋ s m i n ɪ s t ə ʀ ɪ n ə n
Forschungsministers	f ɔ ʁ ʃ ʊ ŋ s m i n ɪ s t ɐ s
Forschungsreisende	f ɔ ʁ ʃ ʊ ŋ s ʁ a ɪ̯ z n̩ d ə
Forschungsreisenden	f ɔ ʁ ʃ ʊ ŋ s ʁ a ɪ̯ z n̩ d ə n
Forschungsreisender	f ɔ ʁ ʃ ʊ ŋ s ʁ a ɪ̯ z n̩ d ɐ
Forst	f ɔ ɐ̯ s t
Forst	f ɔ ʁ s t
Forst	f ɔː s t
Fort	f oː ɐ̯
Fortgeben	f ɔ ʁ t ɡ eː b ə n
Fortkommen	f ɔ ɐ̯ t k ɔ m ə n
Fortkommens	f ɔ ɐ̯ t k ɔ m ə n s
Fortpflanzung	f ɔ ʁ t p͡f l a n t͡s ʊ ŋ
Forträumen	f ɔ ɐ̯ t ʁ ɔ ɪ̯ m ə n
Forträumen	f ɔ ɐ̯ t ʁ ɔ ɪ̯ m ɛ n
Fortschleifen	f ɔ ʁ t ʃ l a ɪ̯ f n̩
Fortschleifer	f ɔ ʁ t ʃ l a ɪ̯ f ɐ
Fotograf	f o t o ɡ ʀ aː f
Foulspiel	f a ʊ̯ l ʃ p iː l
Fourgon	f ʊ ʀ ɡ ɔ̃ː
Foyer	f o a j eː
Foyer	f ɔ j eː
Fracht	f ʁ ä χ t
Fracksausen	f ʁ a k z a ʊ̯ z n̩
Fragefürwort	f ʁ aː ɡ ə f yː ɐ̯ v ɔ ʁ t
Fragefürworts	f ʁ aː ɡ ə f yː ɐ̯ v ɔ ʁ t s
Fragment	f ʁ a k m ɛ n t
Fragment	f ʁ a ɡ m ɛ n t
Fragment	f ʁ a χ m ɛ n t
Fraktionsstärke	f ʁ a k t͡s i̯ oː n s ʃ t ɛ ʁ k ə
Fraktionsvorsitzender	f ʁ a k t͡s i̯ oː n s f oː ɐ̯ z ɪ t͡s n̩ d ɐ
Frambach	f ʁ a m b a x
Frambachs	f ʁ a m b a x s
Franken	f r ɑ ŋ k ŋ̍
Franken	f ʀ a ŋ k n̩
Franken	f ʀ a ŋ k ŋ̍
Franken	f ʁ a ŋ k ŋ̩
Frankenberger	f ʁ a ŋ k n̩ b ɛ ɐ̯ ɡ ɐ
Frankenbergerin	f ʁ a ŋ k n̩ b ɛ ɐ̯ ɡ ə ʁ ɪ n
Frankenbergers	f ʁ a ŋ k n̩ b ɛ ɐ̯ ɡ ɐ s
Frankenfeld	f ʁ a ŋ k n̩ f ɛ l t
Frankenfelder	f ʁ a ŋ k n̩ f ɛ l d ɐ
Frankenfelderin	f ʁ a ŋ k n̩ f ɛ l d ə ʁ ɪ n
Frankenfelderinnen	f ʁ a ŋ k n̩ f ɛ l d ə ʁ ɪ n ə n
Frankenfelders	f ʁ a ŋ k n̩ f ɛ l d ɐ s
Frankenfelds	f ʁ a ŋ k n̩ f ɛ l t s
Frankenfels	f ʁ a ŋ k n̩ f ɛ l s
Frankenfelser	f ʁ a ŋ k n̩ f ɛ l z ɐ
Frankenfelserin	f ʁ a ŋ k n̩ f ɛ l z ə ʁ ɪ n
Frankenfelserinnen	f ʁ a ŋ k n̩ f ɛ l z ə ʁ ɪ n ə n
Frankenfelsers	f ʁ a ŋ k n̩ f ɛ l z ɐ s
Frankenstein	f ʁ a ŋ k n̩ ʃ t a ɪ̯ n
Frankenstein	f ʁ a ŋ k ŋ̩ ʃ t a ɪ̯ n
Frankensteiner	f ʁ a ŋ k n̩ ʃ t a ɪ̯ n ɐ
Frankensteinerin	f ʁ a ŋ k n̩ ʃ t a ɪ̯ n ə ʁ ɪ n
Frankensteinerinnen	f ʁ a ŋ k n̩ ʃ t a ɪ̯ n ə ʁ ɪ n ə n
Frankensteiners	f ʁ a ŋ k n̩ ʃ t a ɪ̯ n ɐ s
Frankensteins	f ʁ a ŋ k n̩ ʃ t a ɪ̯ n s
Frankensteins	f ʁ a ŋ k ŋ̩ ʃ t a ɪ̯ n s
Frankenthaler	f ʁ a ŋ k n̩ t aː l ɐ
Frankenthalerin	f ʁ a ŋ k n̩ t aː l ə ʁ ɪ n
Frankenthalerinnen	f ʁ a ŋ k n̩ t aː l ə ʁ ɪ n ə n
Frankenthalers	f ʁ a ŋ k n̩ t aː l ɐ s
Frankfurt	f ʁ̞ a ŋ k f ʊ ɐ t
Frankfurterin	f ʁ a ŋ k f ʊ ʁ t ə ʁ ɪ n
Franzensbad	f r a n t s n̩ s b aː t
Franzensbader	f r a n t s n̩ s b aː d ɐ
Franzensbaderin	f r a n t s n̩ s b aː d ə ʁ ɪ n
Franzensbaderinnen	f r a n t s n̩ s b aː d ə ʁ ɪ n ə n
Franzensbaders	f r a n t s n̩ s b aː d ɐ s
Franzensbads	f r a n t s n̩ s b aː t s
Franzensfeste	f r a n t s n̩ s f ɛ s t ə
Franzensfester	f r a n t s n̩ s f ɛ s t ɐ
Franzensfesterin	f r a n t s n̩ s f ɛ s t ə ʁ ɪ n
Franzensfesterinnen	f r a n t s n̩ s f ɛ s t ə ʁ ɪ n ə n
Franzensfesters	f r a n t s n̩ s f ɛ s t ɐ s
Franzensfestes	f r a n t s n̩ s f ɛ s t ə s
Franziskanerkloster	f ʁ a n t͡s ɪ s k aː n ɐ k l oː s t ɐ
Franziskanerorden	f ʁ a n t͡s ɪ s k aː n ɐ ʔ ɔ ʁ d n̩
Franzosen	f ʀ a n t s oː z n̩
Französin	f ʀ a n t s øː z ɪ n
Französistik	f ʀ a n t͡s ø z ɪ s t ɪ kʰ
Frater	f ʁ aː t ɐ
Frauenfeld	f ʁ a ʊ̯ ə n f ɛ l t
Frauenfuße	f ʁ a ʊ̯ ə n f uː s ə
Frauenrechtler	f ʀ a ʊ̯ ə n ʀ ɛ ç t l ɐ
Frauenzimmer	f ʁ a ʊ̯ ə n t s ɪ m ɐ
Freak	f ɹ iː k
Freaks	f r iː k s
Freibad	f ʁ a ɪ b a t
Freibeträgen	f ʁ a ɪ̯ b ə t ʁ ɛː ɡ n̩
Freibeträgen	f ʁ a ɪ̯ b ə t ʁ ɛː ɡ ŋ̩
Freiburgerin	f ʁ a ɪ̯ b ʊ ʁ ɡ ə ʁ ɪ n
Freiburgs	f ʁ a ɪ̯ b ʊ ʁ k s
Freigeben	f ʁ a ɪ̯ ɡ eː b m̩
Freigelassener	f ʁ a ɪ̯ ɡ ə l a s n̩ ɐ
Freihalten	f ʁ a ɪ̯ h a l t n̩
Freihalter	f ʁ a ɪ̯ h a l t ɐ
Freihandel	f ʀ a ɪ̯ h a n d l̩
Freiheitsgrad	f ʁ a ɪ̯ h a ɪ̯ t͡s ɡ ʁ aː t
Freiheitsgrade	f ʁ a ɪ̯ h a ɪ̯ t͡s ɡ ʁ aː d ə
Freiheitsgrades	f ʁ a ɪ̯ h a ɪ̯ t͡s ɡ ʁ aː d ə s
Freiheitsgrads	f ʁ a ɪ̯ h a ɪ̯ t͡s ɡ ʁ aː t͡s
Freiheitskampf	f ʁ a ɪ̯ h a ɪ̯ t͡s k a m p͡f
Freiin	f ʀ a ɪ̯ ɪ n
Freiinnen	f ʀ a ɪ̯ ɪ n n̩
Freiinnen	f ʀ a ɪ̯ ɪ n ə n
Freikirchen	f ʁ a ɪ̯ k ɪ ʁ ç n
Freikommen	f ʁ a ɪ̯ k ɔ m ə n
Freilandstraße	f ʁ a ɪ̯ l a n t ʃ t ʁ aː s ə
Freimaurerei	f ʁ a ɪ̯ m a ʊ̯ ʁ ə ʁ a ɪ̯
Freimut	f ʀ a ɪ̯ m uː t
Freiraumes	f ʁ a ɪ̯ ʁ a ʊ̯ m ə s
Freiraums	f ʁ a ɪ̯ ʁ a ʊ̯ m s
Freiräume	f ʁ a ɪ̯ ʁ ɔ ɪ̯ m ə
Freischwinger	f ʁ a ɪ̯ ʃ v ɪ ŋ ɐ
Freischärler	f ʁ a ɪ̯ ʃ ɛː ɐ̯ l ɐ
Freitagabend	f ʀ a ɪ̯ t aː k ʔ aː b n̩ t
Freitagmittag	f ʀ a ɪ̯ t aː k m ɪ t aː k
Freitagnachmittag	f ʀ a ɪ̯ t aː k n aː χ m ɪ t aː k
Freitagvormittag	f ʀ a ɪ̯ t aː k f oː ɐ̯ m ɪ t aː k
Freiwild	f ʁ a ɪ̯ v ɪ l t
Freiwillige	f ʁ a ɪ̯ v ɪ l ɪ ɡ ə
Freiwilligen	f ʁ a ɪ̯ v ɪ l ɪ ɡ ə n
Freiwilliger	f ʁ a ɪ̯ v ɪ l ɪ ɡ ɐ
Fremdgeldkonto	f ʁ ɛ m t ɡ ɛ l t k ɔ n t o
Fremdherrschaft	f r ɛ m t h ɛ r ʃ a f t
Fremdkapital	f ʀ ɛ m t k a p i t aː l
Fremdscham	f ʁ ɛ m t ʃ aː m
Fremdwort	f ʁ ɛ m t v ɔ ɐ̯ t
Fremdwort	f ʁ ɛ m t v ɔ ʁ t
Frequenz	f ʁ e k v ɛ n t͡s
Freudenmädchen	f ʁ ɔ ɪ̯ d n̩ m ɛː t ç ə n
Freund	f ʁ ɔ ʏ̯ n t
Freundinnen	f ʁ ɔ ʏ̯ n d ɪ n n̩
Freundinnen	f ʁ ɔ ʏ̯ n d ɪ n ə n
Freundlichkeit	f ʀ ɔ ɪ̯ n t l ɪ ç k a ɪ̯ t
Freundschaftsvertrag	f ʀ ɔ ɪ̯ n t ʃ a f t͡s f ɛ ɐ̯ t ʀ aː k
Frevler	f ʁ eː f l ɐ
Friede	f ʁ iː d ə
Friedens	f ʁ iː d n̩ s
Friedens	f ʁ iː d ə n s
Friedensbewegung	f ʁ iː d n̩ s b ə v eː ɡ ʊ ŋ
Friedensforscher	f ʀ iː d n̩ s f ɔ r ʃ ɐ
Friedensforscherin	f ʀ iː d n̩ s f ɔ r ʃ ə ʀ ɪ n
Friedensforschung	f ʀ iː d n̩ s f ɔ r ʃ ʊ ŋ
Friedensnobelpreis	f ʁ iː d n̩ s n o b ɛ l p ʁ a ɪ̯ s
Friedensnobelpreis	f ʁ iː d ə n s n o b ɛ l p ʁ a ɪ̯ s
Friedensschluss	f ʁ iː d n̩ s ʃ l ʊ s
Friedenssicherung	f ʀ iː d n̩ s z ɪ ç ə ʁ ʊ ŋ
Friedenssicherungseinsatz	f ʀ iː d n̩ s z ɪ ç ə ʁ ʊ ŋ s ʔ a ɪ̯ n z a t͡s
Friedenssicherungseinsatzes	f ʀ iː d n̩ s z ɪ ç ə ʁ ʊ ŋ s ʔ a ɪ̯ n z a t͡s ə s
Friedenssicherungseinsätze	f ʀ iː d n̩ s z ɪ ç ə ʁ ʊ ŋ s ʔ a ɪ̯ n z ɛ t͡s ə
Friedenstauben	f ʁ iː d n̩ s t a ʊ̯ b m̩
Friedenstauben	f ʁ iː d n̩ s t a ʊ̯ b n̩
Friedensvertrag	f ʀ iː d n̩ s f ɛ ɐ̯ t ʀ aː k
Friedfertigkeit	f ʀ iː t f ɛ ʁ t ɪ ç k a ɪ̯ t
Friedrichshafener	f ʁ iː d ʁ ɪ ç s h aː f n̩ ɐ
Friedrichshafenerin	f ʁ iː d ʁ ɪ ç s h aː f n̩ ə ʁ ɪ n
Friedrichshafenerinnen	f ʁ iː d ʁ ɪ ç s h aː f n̩ ə ʁ ɪ n ə n
Friedrichshafeners	f ʁ iː d ʁ ɪ ç s h aː f n̩ ɐ s
Friedrichshain	f ʁ iː d ʁ ɪ ç s h a ɪ̯ n
Friedrichshainer	f ʁ iː d ʁ ɪ ç s h a ɪ̯ n ɐ
Friedrichshainers	f ʁ iː d ʁ ɪ ç s h a ɪ̯ n ɐ s
Friedrichshains	f ʁ iː d ʁ ɪ ç s h a ɪ̯ n s
Friedrichshall	f ʁ iː d ʁ ɪ ç s h a l
Friedrichshaller	f ʁ iː d ʁ ɪ ç s h a l ɐ
Friedrichshallerin	f ʁ iː d ʁ ɪ ç s h a l ə ʁ ɪ n
Friedrichshallerinnen	f ʁ iː d ʁ ɪ ç s h a l ə ʁ ɪ n ə n
Friedrichshallers	f ʁ iː d ʁ ɪ ç s h a l ɐ s
Friedrichshalls	f ʁ iː d ʁ ɪ ç s h a l s
Friesländer	f ʁ iː s l ɛ n d ɐ
Frikadelle	f ʁ i k a d ɛ l ə
Frikadellen	f ʁ i k a d ɛ l ə n
Frischhaltefolie	f ʁ ɪ ʃ h a l t ə f oː l i̯ ə
Friseur	f ʁ i z øː ɐ̯
Frisur	f ʁ i z u ɐ̯
Frisur	f ʁ i z uː ɐ̯
Fritten	f ʁ ɪ t n̩
Fritten	f ʁ ɪ t ə n
Frohsinn	f ʀ oː z ɪ n
Frontalzusammenstoß	f ʁ ɔ n t aː l t͡s u z a m ə n ʃ t oː s
Frontispiz	f ʁ ɔ n t i s p iː t͡s
Froschkönig	f ʁ ɔ ʃ k øː n ɪ k
Froschlaich	f ʁ ɔ ʃ l a ɪ̯ ç
Froschlaichen	f ʁ ɔ ʃ l a ɪ̯ ç n̩
Froschlöffel	f ʁ ɔ ʃ l œ f l̩
Froschperspektive	f ʀ ɔ ʃ p ɛ ʁ s p ɛ k t iː v ə
Froschteich	f ʁ ɔ ʃ t a ɪ̯ ç
Frost	f r ɔ s t
Frost	f ʁ ɔ s t
Frotteestoff	f ʁ ɔ t e ʃ t ɔ f
Frotteestoff	f ʁ ɔ t eː ʃ t ɔ f
Frotzelei	f ʁ ɔ t͡s ə l a ɪ̯
Frucht	f ʁ ʊ x t
Frucht	f ʁ ʊ χ t
Fruchtknoten	f ʁ ʊ x t k n oː t n̩
Fruchtmus	f ʀ ʊ χ t m uː s
Fruchtmuse	f ʀ ʊ χ t m uː z ə
Fruchtmuses	f ʀ ʊ χ t m uː z ə s
Fruchtschale	f ʁ ʊ x t ʃ aː l ə
Fränkisch	f ʁ ɛ ŋ k ɪ ʃ
Fröbelstern	f ʁ øː b ə l ʃ t ɛ ʁ n
Fröschchen	f ʁ œ ʃ ç ə n
Frühchens	f ʁ yː ç ə n s
Frühe	f r yː ə
Frühe	f ʁ yː ə
Frühgeborene	f ʁ yː ɡ ə b oː ʁ ə n ə
Frühgeborener	f ʁ yː ɡ ə b oː ʁ ə n ɐ
Frühgeborenes	f ʁ yː ɡ ə b oː ʁ ə n ə s
Frühindikator	f ʁ yː ʔ ɪ n d i k aː t oː ɐ̯
Frühjahr	f ʁ yː j aː
Frühjahr	f ʁ yː j aː ɐ̯
Frühjahrsfeldzug	f ʁ yː j aː s f ɛ l t t͡s uː k
Frühjahrsfeldzuges	f ʁ yː j aː s f ɛ l t t͡s uː ɡ ə s
Frühjahrsfeldzugs	f ʁ yː j aː s f ɛ l t t͡s uː k s
Frühjahrsfeldzüge	f ʁ yː j aː s f ɛ l t t͡s yː ɡ ə
Frühjahrsoffensive	f ʁ yː j aː ɐ̯ s ʔ ɔ f ɛ n z iː v ə
Frühlingsblumenstrauß	f ʁ yː l ɪ ŋ s b l uː m ə n ʃ t ʁ a ʊ̯ s
Frühlingsblumenstraußes	f ʁ yː l ɪ ŋ s b l uː m ə n ʃ t ʁ a ʊ̯ s ə s
Frühlingsblumensträußchen	f ʁ yː l ɪ ŋ s b l uː m ə n ʃ t ʁ ɔ ɪ̯ s ç ə n
Frühlingsblumensträuße	f ʁ yː l ɪ ŋ s b l uː m ə n ʃ t ʁ ɔ ɪ̯ s ə
Frühlingsferien	f ʁ yː l ɪ ŋ s f eː ʁ i ə n
Frühlingsfingerkraut	f ʁ yː l ɪ ŋ s f ɪ ŋ ɐ k ʁ a ʊ̯ t
Frühlingsfingerkrautes	f ʁ yː l ɪ ŋ s f ɪ ŋ ɐ k ʁ a ʊ̯ t ɐ s
Frühlingsfingerkrauts	f ʁ yː l ɪ ŋ s f ɪ ŋ ɐ k ʁ a ʊ̯ t s
Frühlingsfingerkräuter	f ʁ yː l ɪ ŋ s f ɪ ŋ ɐ k ʁ ɔ ɪ̯ t ɐ
Frühlingsoffensive	f ʁ yː l ɪ ŋ s ʔ ɔ f ɛ n z iː v ə
Frühlingsrolle	f yː ʀ ʊ ŋ s ʀ ɔ l ə
Frühlingsstrauß	f ʁ yː l ɪ ŋ s ʃ t ʁ a ʊ̯ s
Frühlingsstraußes	f ʁ yː l ɪ ŋ s ʃ t ʁ a ʊ̯ s ə s
Frühlingssträußchen	f ʁ yː l ɪ ŋ s ʃ t ʁ ɔ ɪ̯ s ç ə n
Frühlingssträuße	f ʁ yː l ɪ ŋ s ʃ t ʁ ɔ ɪ̯ s ə
Frühmittelhochdeutsch	f ʁ yː m ɪ t l̩ h oː x d ɔ ɪ̯ t͡ʃ
Frühneuhochdeutsch	f ʁ yː n ɔ ɪ̯ h oː x d ɔ ɪ̯ t͡ʃ
Frühsexualisierung	f r yː s ɛ k s u a l i z iː r ʊ ŋ
Frühsport	f ʀ yː ʃ p ɔ ʁ t
Frühstücksdirektoren	f ʁ yː ʃ t ʏ k s d ʁ ɛ k i t oː ʁ ə n
Frühzündung	f ʁ yː t s ʏ n d ʊ ŋ
Frühzündungen	f ʁ yː t s ʏ n d ʊ ŋ ə n
Fuchsbeere	f ʊ k͡s b eː r ə
Fuchsbergerin	f ʊ k s b ɛ ʁ ɡ ə ʁ ɪ n
Fuchsbergerinnen	f ʊ k s b ɛ ʁ ɡ ə ʁ ɪ n ə n
Fuchsbergers	f ʊ k s b ɛ ʁ ɡ ɐ s
Fuchsbergs	f ʊ k s b ɛ ʁ k s
Fuchsschwanzes	f ʊ k s ʃ v a n t͡s ə s
Fuchsschwänze	f ʊ k s ʃ v ɛ n t͡s ə
Fuffi	f ʊ f i
Fuge	f uː ɡ ə
Fugenelement	f uː ɡ n̩ ʔ e l e m ɛ n t
Fugenlaut	f uː ɡ n̩ l a ʊ̯ t
Fuhrmann	f uː ɐ̯ m a n
Fuhrwerk	f uː ɐ̯ v ɛ ɐ̯ k
Fuhrwerk	f uː ɐ̯ v ɛ ʁ k
Fundamentalismus	f ʊ n d a m ɛ n t a l ɪ s m ʊ s
Fundamentalist	f ʊ n d a m ɛ n t a l ɪ s t
Fundi	f ʊ n d i
Fundis	f ʊ n d iː s
Fundort	f ʊ n t ʔ ɔ ʁ t
Funkeln	f ʊ ŋ k l̩ n
Funksteuerung	f u ŋ k ʃ t ɔ ɪ̯ ə ʁ ʊ ŋ
Funksteuerungen	f u ŋ k ʃ t ɔ ɪ̯ ə ʁ ʊ ŋ ə n
Funktion	f ʊ ŋ k t͡s i̯ oː n
Funktionen	f ʊ ŋ k t͡s i̯ oː n n̩
Funktionen	f ʊ ŋ k t͡s i̯ oː n ə n
Funktionsfähigkeit	f ʊ ŋ k t͡s i̯ oː n s f ɛː ɪ k k a ɪ̯ t
Funktionsfähigkeit	f ʊ ŋ k t͡s i̯ oː n s f ɛː ɪ ç k a ɪ̯ t
Funktionswort	f ʊ ŋ k t s i̯ oː n s v ɔ ɐ̯ t
Funktionswort	f ʊ ŋ k t s i̯ oː n s v ɔ ʁ t
Funktionswörter	f ʊ ŋ k t s i̯ oː n s v œ ɐ̯ t ɐ
Funktionswörter	f ʊ ŋ k t s i̯ oː n s v œ ʁ t ɐ
Funkverkehr	f ʊ ŋ k f ɛ ɐ̯ k eː ɐ̯
Funzel	f ʊ n t͡s l̩
Furcht	f u ɐ̯ ç t
Furcht	f ʊ ɐ̯ ç t
Furcht	f ʊ ɪ̯ ç t
Furcht	f ʊ ʁ ç t
Furie	f uː ʁ i ə
Furien	f uː ʀ i̯ ə n
Furt	f ʊ ɐ̯ t
Furt	f ʊ ʁ t
Furunkel	f u ʁ ʊ ŋ k l̩
Fussballanhängerin	f uː s b a l ʔ a n h ɛ ŋ ə ʁ ɪ n
Fussel	f ʊ s l̩
Fussel	f ʊ s ə l
Fussel	f ʊ z l̩
Fussel	f ʊ z ə l
Futur	f u t u ɐ̯
Futur	f u t uː ɐ̯
Futur	f uː t ʊ ʁ
Future	f j uː t͡ʃ ɐ
Futures	f j uː t͡ʃ ɐ s
Fußabtreter	f uː s ʔ a p t ʁ eː t ɐ
Fußballanhängerin	f uː s b a l ʔ a n h ɛ ŋ ə ʁ ɪ n
Fußballbundesliga	f uː s b a l b ʊ n d ə s l iː ɡ a
Fußballgott	f uː s b a l ɡ ɔ t
Fußballgottes	f uː s b a l ɡ ɔ t ə s
Fußballgotts	f uː s b a l ɡ ɔ t s
Fußballgötter	f uː s b a l ɡ œ t ɐ
Fußballmannschaft	f uː s b a l m a n ʃ a f t
Fußgeher	f uː s ɡ eː ɐ
Fußgängerstraße	f uː s ɡ ɛ ŋ ɐ ʃ t ʁ aː s ə
Fußgängerstraßen	f uː s ɡ ɛ ŋ ɐ ʃ t ʁ aː s n̩
Fußkrankheit	f uː s k ʁ a ŋ k h a ɪ̯ t
Fußnote	f uː s n oː t ə
Fußschweiß	f uː s ʃ v a ɪ̯ s
Fußstapfen	f uː s ʃ t a p͡f n̩
Fußweg	f uː s v eː k
Fächer	f ɛ ç ɐ
Fächerpalme	f ɛ ç ɐ p a l m ə
Fächerpalmen	f ɛ ç ɐ p a l m ə n
Fädchen	f ɛː t ç ə n
Fährdienst	f eː r d iː n s t
Fährdienst	f ɛː r d iː n s t
Fährdiensten	f ɛː ɐ̯ d iː n s t n̩
Fähre	f ɛː ʁ ə
Fährmann	f ɛ ɐ̯ m a n
Fährmann	f ɛː ɐ̯ m a n
Fährte	f eː ɐ̯ t ə
Fährte	f ɛː ɐ̯ t ə
Färöer	f ɛ ʁ øː ɐ
Färöer	f ɛː ʁ øː ɐ
Fässchen	f ɛ s ç n̩
Fässchen	f ɛ s ç ə n
Fäule	f ɔ ɪ̯ l ə
Fäulnis	f ɔ ɪ̯ l n ɪ s
Föhre	f øː r ə
Föhre	f øː ʁ ə
Förde	f øː ɐ̯ d ə
Förderer	f œ ʁ d ə ʁ ɐ
Förderin	f œ ʁ d ə ʁ ɪ n
Fördern	f œ ɐ̯ d ɐ n
Förtchen	f œ ʁ t ç ə n
Führerhauptquartiere	f yː ʁ ɐ h a ʊ̯ p t k v a ʁ t iː ʁ ə
Führerhauptquartieren	f yː ʁ ɐ h a ʊ̯ p t k v a ʁ t iː ɐ̯ n
Führerhauptquartieren	f yː ʁ ɐ h a ʊ̯ p t k v a ʁ t iː ʁ ə n
Führerhauptquartiers	f yː ʁ ɐ h a ʊ̯ p t k v a ʁ t iː ɐ̯ s
Führerschein	f yː r ə r ʃ a ɪ̯ n
Führerschein	f yː ʁ ɐ ʃ a ɪ̯ n
Führerstandsmitfahrt	f yː ʀ ɐ ʃ t a n t͡s m ɪ t f aː ɐ̯ t
Führungsrolle	f yː ʀ ʊ ŋ s ʀ ɔ l ə
Füllen	f ʏ l ə n
Füllen	f ʏ l̩ n
Füllfeder	f ʏ l f eː d ɐ
Fünen	f yː n n̩
Fünen	f yː n ə n
Fünfcentmünze	f ʏ n f s ɛ n t m ʏ n t͡s ə
Fünfcentmünze	f ʏ n f t͡s ɛ n t m ʏ n t͡s ə
Fünfcentmünzen	f ʏ n f s ɛ n t m ʏ n t͡s ə n
Fünfcentmünzen	f ʏ n f t͡s ɛ n t m ʏ n t͡s ə n
Fünfcentstück	f ʏ n f s ɛ n t ʃ t ʏ k
Fünfcentstück	f ʏ n f t͡s ɛ n t ʃ t ʏ k
Fünfeuroschein	f ʏ n f ʔ ɔ ɪ̯ ʁ o ʃ a ɪ̯ n
Fünffingerkraut	f ʏ n f f ɪ ŋ ɐ k ʁ a ʊ̯ t
Fünffingerkrautes	f ʏ n f f ɪ ŋ ɐ k ʁ a ʊ̯ t ɐ s
Fünffingerkrauts	f ʏ n f f ɪ ŋ ɐ k ʁ a ʊ̯ t s
Fünffingerkräuter	f ʏ n f f ɪ ŋ ɐ k ʁ ɔ ɪ̯ t ɐ
Fünfhunderteuroschein	f ʏ n f h ʊ n d ɐ t ʔ ɔ ɪ̯ ʁ o ʃ a ɪ̯ n
Fünfhundertmarkschein	f ʏ n f h ʊ n d ɐ t m a ʁ k ʃ a ɪ̯ n
Fünfjährigen	f ʏ n f j ɛː ʁ ɪ ɡ n̩
Fünfjähriger	f ʏ n f j ɛː ʁ ɪ ɡ ɐ
Fünfmarkmünze	f ʏ n f m a ʁ k m ʏ n t͡s ə
Fünfmarkmünzen	f ʏ n f m a ʁ k m ʏ n t͡s ə n
Fünfmarkschein	f ʏ n f m a ʁ k ʃ a ɪ̯ n
Fünfmarkstück	f ʏ n f m a ʁ k ʃ t ʏ k
Fünfpfennigmünze	f ʏ n f p͡f ɛ n ɪ ç m ʏ n t͡s ə
Fünfpfennigmünzen	f ʏ n f p͡f ɛ n ɪ ç m ʏ n t͡s ə n
Fünfpfennigstück	f ʏ n f p͡f ɛ n ɪ k ʃ t ʏ k
Fünfpfennigstück	f ʏ n f p͡f ɛ n ɪ ç ʃ t ʏ k
Fünfprozenthürde	f ʏ n f p ʁ o t͡s ɛ n t h ʏ ʁ d ə
Fünfprozenthürden	f ʏ n f p ʁ o t͡s ɛ n t h ʏ ʁ d ə n
Fünfprozentklausel	f ʏ n f p ʁ o t͡s ɛ n t k l a ʊ̯ z l̩
Fünfprozentklauseln	f ʏ n f p ʁ o t͡s ɛ n t k l a ʊ̯ z l̩ n
Fünfstromland	f ʏ n f ʃ t ʁ oː m l a n t
Fünfstromlandes	f ʏ n f ʃ t ʁ oː m l a n d ə s
Fünfstromlands	f ʏ n f ʃ t ʁ oː m l a n t s
Fünftausendstel	f ʏ n f t a ʊ z n̩ t͡s t ɮ̩̻
Fünfunddreißigjährige	f ʏ n f ʊ n t d ʁ a ɪ̯ s ɪ ç j ɛː ʁ ɪ ɡ ə
Fünfunddreißigjährigen	f ʏ n f ʊ n t d ʁ a ɪ̯ s ɪ ç j ɛː ʁ ɪ ɡ ə n
Fünfunddreißigjähriger	f ʏ n f ʊ n t d ʁ a ɪ̯ s ɪ ç j ɛː ʁ ɪ ɡ ɐ
Fünfundfünfzigjährigen	f ʏ n f ʊ n t f ʏ n f t͡s ɪ ç j ɛː ʁ ɪ ɡ ə n
Fünfundvierzigjährigen	f ʏ n f ʊ n t f ɪ ɐ̯ t͡s ɪ ç j ɛː ʁ ɪ ɡ ə n
Fünfundzwanzigjährige	f ʏ n f ʊ n t͡s v a n t͡s ɪ ç j ɛː ʁ ɪ ɡ ə
Fünfundzwanzigjährigen	f ʏ n f ʊ n t͡s v a n t͡s ɪ ç j ɛː ʁ ɪ ɡ ə n
Fünfundzwanzigjähriger	f ʏ n f ʊ n t͡s v a n t͡s ɪ ç j ɛː ʁ ɪ ɡ ɐ
Fünfzehnjährige	f ʏ n f t͡s eː n j ɛː ʁ ɪ ɡ ə
Fünfzehnjährigen	f ʏ n f t͡s eː n j ɛː ʁ ɪ ɡ n̩
Fünfzehnjährigen	f ʏ n f t͡s eː n j ɛː ʁ ɪ ɡ ə n
Fünfzehnjähriger	f ʏ n f t͡s eː n j ɛː ʁ ɪ ɡ ɐ
Fünfzehntel	f ʏ n f t͡s eː n t l̩
Fünfzehntels	f ʏ n f t͡s eː n t l̩ s
Fünfzigcentmünze	f ʏ n f t s ɪ ç s ɛ n t m ʏ n t͡s ə
Fünfzigcentmünze	f ʏ n f t s ɪ ç t͡s ɛ n t m ʏ n t͡s ə
Fünfzigcentmünzen	f ʏ n f t s ɪ ç s ɛ n t m ʏ n t͡s ə n
Fünfzigcentmünzen	f ʏ n f t s ɪ ç t͡s ɛ n t m ʏ n t͡s ə n
Fünfzigcentstück	f ʏ n f t͡s ɪ ç s ɛ n t ʃ t ʏ k
Fünfzigcentstück	f ʏ n f t͡s ɪ ç t͡s ɛ n t ʃ t ʏ k
Fünfziger	f ʏ n f t͡s ɪ ɡ ɐ
Fünfzigeuroschein	f ʏ n f t s ɪ ç ʔ ɔ ɪ̯ ʁ o ʃ a ɪ̯ n
Fünfzigjährigen	f ʏ n f t͡s ɪ ç j ɛː ʁ ɪ ɡ ə n
Fünfzigmarkschein	f ʏ n f t͡s ɪ ç m a ʁ k ʃ a ɪ̯ n
Fünfzigpfennigmünze	f ʏ n f t s ɪ ç p͡f ɛ n ɪ ç m ʏ n t͡s ə
Fünfzigpfennigmünzen	f ʏ n f t s ɪ ç p͡f ɛ n ɪ ç m ʏ n t͡s ə n
Fünfzigpfennigstück	f ʏ n f p͡f ɛ n ɪ k ʃ t ʏ k
Fünfzigpfennigstück	f ʏ n f t s ɪ ç p͡f ɛ n ɪ ç ʃ t ʏ k
Fünfzigpfennigstücke	f ʏ n f p͡f ɛ n ɪ k ʃ t ʏ k ə
Fünfzigpfennigstücke	f ʏ n f p͡f ɛ n ɪ ç ʃ t ʏ k ə
Fünfzigpfennigstückes	f ʏ n f p͡f ɛ n ɪ k ʃ t ʏ k ə s
Fünfzigpfennigstückes	f ʏ n f p͡f ɛ n ɪ ç ʃ t ʏ k ə
Fünfzigpfennigstücks	f ʏ n f p͡f ɛ n ɪ k ʃ t ʏ k s
Fünfzigpfennigstücks	f ʏ n f p͡f ɛ n ɪ ç ʃ t ʏ k ə
Fünfzigstel	f y n f t͡s ɪ ç s t l̩
Fünfzigstels	f y n f t͡s ɪ ç s t l̩ s
Fünfzigtausendstel	f ʏ n f s ɪ k t a ʊ z n̩ t͡s t ɮ̩
Fünfzigtausendstel	f ʏ n f s ɪ k t a ʊ z n̩ t͡s t ɮ̩̻
Fünfzigtausendstel	f ʏ n f s ɪ ç t a ʊ z n̩ t͡s t ɮ̩̻
Fürsprache	f y ɐ̯ ʃ p ʁ äː χ ə
Fürsprecher	f yː ɐ̯ ʃ p ʁ ɛ ç ɐ
Fürsprecherin	f yː ɐ̯ ʃ p ʁ ɛ ç ə ʁ ɪ n
Fürsprecherinnen	f yː ɐ̯ ʃ p ʁ ɛ ç ə ʁ ɪ n ə n
Fürstabt	f ʏ ɐ̯ s tˀ a p t
Fürstabtes	f ʏ ʁ s t a p t ə s
Fürstabts	f ʏ ʁ s t a p t s
Fürstbischof	f ʏ ɐ̯ s t b ɪ ʃ ɔ f
Fürstbistum	f ʏ ɐ̯ s t b ɪ s t uː m
Fürstbistums	f ʏ ɐ̯ s t b ɪ s t uː m s
Fürstbistümer	f ʏ ɐ̯ s t b ɪ s t yː m ɐ
Fürstenbank	f ʏ ʁ s t n̩ b a ŋ k
Fürstenkrone	f ʏ ʁ s t n̩ k ʁ oː n ə
Fürstenkronen	f ʏ ʁ s t n̩ k ʁ oː n ə n
Fürstenwalde	f ʏ ʁ s t n̩ v a l d ə
Fürstenwaldes	f ʏ ʁ s t n̩ v a l d ə s
Fürstäbte	f ʏ ʁ s t ɛ p t ə
Fürth	f ʏ ɐ̯ t
Fürth	f ʏ ʁ t
G	j ~ ʝ ~ ʒ
G	k
G	x ~ ɣ ~ ʁ
G	ç ~ x ~ χ
G	ɪ k
G	ɪ ç
GEZ	ɡ eː ʔ eː t͡s ɛ t
GSG	ɡ eː ʔ ɛ s ɡ eː
Gabel	ɡ aː b l̩
Gabione	ɡ a b i̯ oː n ə
Gabriel	ɡ aː b ʁ i eː l
Gadem	ɡ aː d ə m
Gadem	ɡ aː d ɱ̩
Gaden	ɡ aː d n̩
Gaden	ɡ aː d ə n
Gadse	ɡ a d͡z ə
Gagelstrauch	ɡ aː ɡ l̩ ʃ t ʁ a ʊ̯ x
Gagelstrauches	ɡ aː ɡ l̩ ʃ t ʁ a ʊ̯ x ə s
Gagelstrauchs	ɡ aː ɡ l̩ ʃ t ʁ a ʊ̯ x s
Gagelsträucher	ɡ aː ɡ l̩ ʃ t ʁ ɔ ɪ̯ ç ɐ
Galeere	ɡ a l eː ʀ ə
Galgen	ɡ a l ɡ ŋ̍
Galgenhumor	ɡ a l ɡ n̩ h u m oː ɐ̯
Galgenhumor	ɡ a l ɡ ŋ̩ h u m oː ɐ̯
Galgenvogel	ɡ a l ɡ n̩ f oː ɡ l̩
Galionsfigur	ɡ a l i̯ oː n s f i ɡ uː ɐ̯
Gallert	ɡ a l ɐ t
Gallseife	ɡ a l z a ɪ̯ f ə
Gallwespe	ɡ a l v ɛ s p ə
Gamba	ɡ ä m b ɐ
Gambit	ɡ a m b ɪ t
Gamet	ɡ a m eː t
Gameten	ɡ a m eː t n̩
Gammastrahlung	b eː t a ʃ t ʁ aː l ʊ ŋ
Gandersheim	ɡ a n d ɐ s h a ɪ̯ m
Gandersheimer	ɡ a n d ɐ s h a ɪ̯ m ɐ
Gandersheimerin	ɡ a n d ɐ s h a ɪ̯ m ə ʁ ɪ n
Gandersheimerinnen	ɡ a n d ɐ s h a ɪ̯ m ə ʁ ɪ n ə n
Gandersheimers	ɡ a n d ɐ s h a ɪ̯ m ɐ s
Gandersheims	ɡ a n d ɐ s h a ɪ̯ m s
Ganeff	ɡ a n ɛ f
Gang	ɡ a ŋ
Gang	ɡ a ŋ k
Gangbeleuchtung	ɡ a ŋ b ə l ɔ ɪ̯ ç t ʊ ŋ
Ganghebel	ɡ a ŋ h eː b l̩
Ganghofer	ɡ a ŋ h oː f ɐ
Ganghofers	ɡ a ŋ h oː f ɐ s
Gangklo	ɡ a ŋ k l oː
Gangklosett	ɡ a ŋ k l o s ɛ t
Gangklosett	ɡ a ŋ k l o z ɛ t
Ganglicht	ɡ a ŋ l ɪ ç t
Gangschaltung	ɡ a ŋ ʃ a l t ʊ ŋ
Gangschaltungshebel	ɡ a ŋ ʃ a l t ʊ ŋ s h eː b l̩
Gangschaltungshebels	ɡ a ŋ ʃ a l t ʊ ŋ s h eː b l̩ s
Gangster	ɡ ɛ ŋ s t ɐ
Gans	ɡ a n s
Gans	ɡ a n t͡s
Garagentor	ɡ a ʀ aː ʒ n̩ t oː ɐ̯
Garaus	ɡ aː ɐ̯ ʔ a ʊ̯ s
Garbe	ɡ a ɐ̯ b ə
Garbe	ɡ a ʁ b ə
Garbe	ɡ aː b ə
Gardasees	ɡ a ʁ d a z eː s
Gardelegen	ɡ a ʁ d ə l eː ɡ n̩
Gardelegens	ɡ a ʁ d ə l eː ɡ n̩ s
Garn	ɡ a ɐ̯ n
Garn	ɡ a ʁ n
Garn	ɡ aː n
Garten	ɡ a ʁ t ə n
Gartenbohne	ɡ a ʁ t n̩ b oː n ə
Gaslieferung	ɡ aː s l iː f ə ʁ ʊ ŋ
Gaspreisbremse	ɡ aː s p ʁ a ɪ̯ s b ʁ ɛ m z ə
Gasse	ɡ a s ə
Gast	ɡ a s t
Gastank	ɡ aː s t a ŋ k
Gastarbeiter	ɡ a s t ʔ a ʁ b a ɪ̯ t ɐ
Gastgeberin	ɡ a s t ɡ eː b ə ʁ ɪ n
Gastgeberinnen	ɡ a s t ɡ eː b ə ʁ ɪ n ə n
Gasthofe	ɡ a s t h oː f ə
Gasthofes	ɡ a s t h oː f ə s
Gasthofs	ɡ a s t h oː f s
Gasthöfe	ɡ a s t h øː f ə
Gasthöfen	ɡ a s t h øː f ə n
Gasthöfen	ɡ a s t h øː f ɱ̩
Gatter	ɡ a t ɐ
Gaullismus	ɡ o l ɪ s m ʊ s
Gaumen	ɡ a ʊ̯ m m̩
Gaumen	ɡ a ʊ̯ m ə n
Gauner	ɡ a ʊ̯ n ɐ
Gaunerei	ɡ a ʊ̯ n ə ʁ a ɪ̯
Gaußsch	ɡ a ʊ̯ s ʃ
Geberin	ɡ eː b ə ʁ ɪ n
Geberinnen	ɡ eː b ə ʁ ɪ n ə n
Gebersreuth	ɡ eː b ɐ s ʁ ɔ ʏ̯ t
Gebersreuths	ɡ eː b ɐ s ʁ ɔ ʏ̯ t s
Gebildbrot	ɡ ə b ɪ l t b ʁ oː t
Gebirge	ɡ ə b ɪ ɐ̯ ɡ ə
Gebirgsara	ɡ ə b ɪ ʁ k s aː ʁ a
Gebirgsaras	ɡ ə b ɪ ʁ k s aː ʁ a s
Gebirgskette	ɡ ə b ɪ ʁ k s k ɛ t ə
Gebirgspass	ɡ ə b ɪ ʁ k s p a s
Geborgenheit	ɡ ə b ɔ ʁ ɡ n̩ h a ɪ̯ t
Geborgenheit	ɡ ə b ɔ ʁ ɡ ŋ̩ h a ɪ̯ t
Gebrammel	ɡ ə b r a m l̩
Gebrammel	ɡ ə b r a m ə l
Gebrauchtwagenhandel	ɡ ə b ʁ a ʊ̯ x t v aː ɡ n̩ h a n d l̩
Gebresten	ɡ ə b ʁ ɛ s t n̩
Geburt	ɡ ə b uː ɐ̯ t
Geburt	ɡ ə b ʊ ʁ t
Geburtenkontrolle	ɡ ə b uː ɐ̯ t n̩ k ɔ n t ʁ ɔ l ə
Geburtenkontrolle	ɡ ə b ʊ ʁ t n̩ k ɔ n t ʁ ɔ l ə
Geburtsdatum	ɡ ə b uː ɐ̯ t͡s d aː t ʊ m
Geburtshelfer	ɡ ə b ʊ ʁ t͡s h ɛ l f ɐ
Geburtshelferin	ɡ ə b ʊ ɐ̯ t͡s h ɛ l f ə ʁ ɪ n
Gebälk	ɡ ə b ɛ l k
Gebälk	ɡ̊ e b̥ ɛ l k
Gebäralter	ɡ ə b ɛː ɐ̯ ʔ a l t ɐ
Gebärde	ɡ ə b ɛ ɐ̯ d ə
Gebärde	ɡ ə b ɛː ɐ̯ d ə
Gebärmutter	ɡ ə b ɛː ɐ̯ m ʊ t ɐ
Gebühreneinzugszentrale	ɡ ə b yː ʁ ə n ʔ a ɪ̯ n t͡s uː k s t͡s ɛ n t ʁ aː l ə
Geck	ɡ ɛ kʰ
Geckonen	ɡ ɛ k oː n ə n
Gedanken	ɡ ə d a ŋ k n̩
Gedenkmünze	ɡ ə d ɛ ŋ k m ʏ n t͡s ə
Gedächtnisloch	ɡ ə d ɛ ç n ɪ s l ɔ x
Gedächtnisloch	ɡ ə d ɛ ç t n ɪ s l ɔ x
Gedächtnisprotokoll	ɡ ə d ɛ ç t n ɪ s p ʁ o t o k ɔ l
Gedärm	ɡ ə d ɛ ʁ m
Geek	ɡ iː k
Gefangenenlager	ɡ ə f a ŋ ə n ə n l aː ɡ ɐ
Gefangener	ɡ ə f a ŋ ə n ɐ
Gefangenschaft	ɡ ə f a ŋ ə n ʃ a f t
Gefangenschaften	ɡ ə f a ŋ ə n ʃ a f t n̩
Gefechtskopf	ɡ ə f ɛ ç t͡s k ɔ p͡f
Geflirre	ɡ ə f l ɪ r e
Geflirre	ɡ ə f l ɪ ʁ e
Gefrierbeutel	ɡ ə f ʁ iː ɐ̯ b ɔ ø̯ t l̩
Gefährder	ɡ ə f ɛː ɐ̯ d ɐ
Gefährte	ɡ ə f ɛ ɐ̯ t ə
Gefährte	ɡ ə f ɛː ɐ̯ t ə
Gefährten	ɡ ə f ɛː ɐ̯ t ə n
Gefälligkeit	ɡ ə f ɛ l ɪ ç k a ɪ̯ t
Gefängniszelle	ɡ ə f ɛ ŋ n ɪ s t s ɛ l ə
Gefügen	ɡ ə f yː ɡ ŋ̩
Gefügen	ɡ ə f yː ɡ ə n
Gefüges	ɡ ə f yː ɡ ə s
Gefühlsduselei	ɡ ə f yː l s d uː z ə l a ɪ̯
Gegenexpertise	ɡ eː ɡ n̩ ʔ ɛ k s p ɛ ʁ t iː z ə
Gegengutachten	ɡ eː ɡ n̩ ɡ uː t ʔ a x t n̩
Gegengutachtens	ɡ eː ɡ n̩ ɡ uː t ʔ a x t n̩ s
Gegenkultur	ɡ eː ɡ n̩ k ʊ l t uː ɐ̯
Gegenleistung	ɡ eː ɡ n̩ l a ɪ̯ s t ʊ ŋ
Gegenleistungen	ɡ eː ɡ n̩ l a ɪ̯ s t ʊ ŋ ə n
Gegenoffensive	ɡ eː ɡ n̩ ʔ ɔ f ɛ n z iː v ə
Gegenrichtung	ɡ eː ɡ ŋ̩ ʀ ɪ ç t ʊ ŋ
Gegenrichtungen	ɡ eː ɡ ŋ̩ ʀ ɪ ç t ʊ ŋ ə n
Gegenseitigkeit	ɡ eː ɡ n̩ z a ɪ̯ t ɪ ç k a ɪ̯ t
Gegensinn	ɡ eː ɡ n̩ z ɪ n
Gegenstand	ɡ eː ɡ ŋ̩ ʃ t a n t
Gegenstand	ɡ eː ɡ ə n ʃ t a n t
Gegenstände	ɡ eː ɡ ŋ̩ ʃ t ɛ n d ə
Gegenstände	ɡ eː ɡ ə n ʃ t ɛ n d ə
Gegenständen	ɡ eː ɡ ŋ̩ ʃ t ɛ n d n̩
Gegenständen	ɡ eː ɡ ə n ʃ t ɛ n d ə n
Gehaltskonto	ɡ ə h a l t s k ɔ n t o
Gehaltsvorstellung	ɡ ə h a l t s f oː ɐ̯ ʃ t ɛ l ʊ ŋ
Geheimnisverrat	ɡ ə h a ɪ m n ɪ s f ɛ ɐ̯ ʁ aː t
Gehen	ɡ eː ə n
Gehilfe	ɡ ə h ɪ l f ə
Gehilfin	ɡ ə h ɪ l f ɪ n
Gehirnerschütterung	ɡ ə h ɪ ʁ n ʔ ɛ ɐ̯ ʃ ʏ t ə ʁ ʊ ŋ
Gehirnerschütterungen	ɡ ə h ɪ ʁ n ʔ ɛ ɐ̯ ʃ ʏ t ə ʁ ʊ ŋ ə n
Gehirnschmalz	ɡ ə h ɪ ɐ̯ n ʃ m a l t͡s
Gehirnzelle	ɡ ə h ɪ r n t s ɛ l ə
Gehorsamsverweigerung	ɡ e h oː ɐ̯ z aː m s f ɛ ɐ̯ v a ɪ̯ ɡ ə ʁ ʊ ŋ
Gehsteig	ɡ eː ʃ t a ɪ̯ k
Gehstock	ɡ eː ʃ t ɔ k
Gehäusen	ɡ ə h ɔ ɪ̯ z n̩
Gehäuses	ɡ ə h ɔ ɪ̯ z ə s
Gehör	ɡ ə h øː ɐ̯
Geifer	ɡ a ɪ̯ f ɐ
Geigenbauerin	ɡ a ɪ̯ ɡ n̩ b a ʊ̯ ə ʁ ɪ n
Geiger	ɡ a ɪ̯ ɡ ɐ
Geigerin	ɡ a ɪ̯ ɡ ə ʁ ɪ n
Geilenkirchen	ɡ a ɪ̯ l ə n k ɪ ʁ ç n̩
Geilenkirchener	ɡ a ɪ̯ l ə n k ɪ ʁ ç n̩ ɐ
Geilenkirchenerin	ɡ a ɪ̯ l ə n k ɪ ʁ ç ə n ə ʁ ɪ n
Geilenkirchenerinnen	ɡ a ɪ̯ l ə n k ɪ ʁ ç ə n ə ʁ ɪ n ə n
Geilenkircheners	ɡ a ɪ̯ l ə n k ɪ ʁ ç n̩ ɐ s
Geilspecht	ɡ a ɪ̯ l ʃ p ɛ ç t
Geilspechte	ɡ a ɪ̯ l ʃ p ɛ ç t ə
Geilspechtes	ɡ a ɪ̯ l ʃ p ɛ ç t ə s
Geilspechts	ɡ a ɪ̯ l ʃ p ɛ ç t s
Geimpfter	ɡ ə ʔ ɪ m p͡f t ɐ
Geiser	ɡ a ɪ̯ z ɐ
Geislingen	ɡ a ɪ̯ s l ɪ ŋ ə n
Geislingens	ɡ a ɪ̯ s l ɪ ŋ ə n s
Geislinger	ɡ a ɪ̯ s l ɪ ŋ ɐ
Geislingerin	ɡ a ɪ̯ s l ɪ ŋ ə ʁ ɪ n
Geislingerinnen	ɡ a ɪ̯ s l ɪ ŋ ə ʁ ɪ n ə n
Geislingers	ɡ a ɪ̯ s l ɪ ŋ ɐ s
Geisterdorf	ɡ a ɪ̯ s t ɐ d ɔ ʁ f
Geisterdorfes	ɡ a ɪ̯ s t ɐ d ɔ ʁ f ə s
Geisterdorfs	ɡ a ɪ̯ s t ɐ d ɔ ʁ f s
Geisterdörfer	ɡ a ɪ̯ s t ɐ d œ ʁ f ɐ
Geisterfahrerin	ɡ a ɪ̯ s t ɐ f aː ʁ ə ʁ ɪ n
Geistesverwandte	ɡ a ɪ̯ s t ə s f ɛ ɐ̯ v a n t ə
Geistesverwandten	ɡ a ɪ̯ s t ə s f ɛ ɐ̯ v a n t ə n
Geistesverwandter	ɡ a ɪ̯ s t ə s f ɛ ɐ̯ v a n t ɐ
Geißraute	ɡ a ɪ̯ s ʁ a ʊ̯ t ə
Geißrauten	ɡ a ɪ̯ s ʁ a ʊ̯ t n̩
Geklapper	ɡ ə k l a p ɐ
Gekritzel	ɡ ə k ʁ ɪ t͡s l̩
Gekritzels	ɡ ə k ʁ ɪ t͡s l̩ s
Gelassenheit	ɡ ə l a s n̩ h a ɪ̯ t
Gelbbrustara	ɡ ɛ l p b ʁ ʊ s t aː ʁ a
Gelbbrustaras	ɡ ɛ l p b ʁ ʊ s t aː ʁ a s
Gelbbugamazone	ɡ ɛ l p b uː k ʔ a m a t͡s oː n ə
Gelbflügelamazone	ɡ ɛ l p f l yː ɡ l̩ ʔ a m a t͡s oː n ə
Gelbkopfamazone	ɡ ɛ l p k ɔ p͡f ʔ a m a t͡s oː n ə
Gelbschulteramazone	ɡ ɛ l p ʃ ʊ l t ɐ ʔ a m a t͡s oː n ə
Geldabfluss	ɡ ɛ l t a p f l ʊ s
Geldabflusses	ɡ ɛ l t a p f l ʊ s e s
Geldabflüsse	ɡ ɛ l t a p f l ʏ s ə
Geldangelegenheit	ɡ ɛ l t ʔ a n ɡ ə l eː ɡ n̩ h a ɪ̯ t
Geldaufwertung	ɡ ɛ l t ʔ a ʊ̯ f v eː ɐ̯ t ʊ ŋ
Geldautomatensprengung	ɡ ɛ l t ʔ a ʊ̯ t o m aː t ə n ʃ p ʁ ɛ ŋ ʊ ŋ
Geldbetrag	ɡ ɛ l t b ə t ʁ aː k
Geldentwertung	ɡ ɛ l t ʔ ɛ n t v eː ɐ̯ t ʊ ŋ
Gelderland	ɡ ɛ l d ɐ l a n t
Geldern	ɡ ɛ l d ɐ n
Gelderns	ɡ ɛ l d ɐ n s
Geldgier	ɡ ɛ l t ɡ iː ɐ̯
Geldscheinbündel	ɡ ɛ l t ʃ a ɪ̯ n b ʏ n d l̩
Geldspende	ɡ ɛ l t ʃ p ɛ n d ə
Geldspenden	ɡ ɛ l t ʃ p ɛ n d n̩
Geldverleiher	ɡ ɛ l t f ɛ ɐ̯ l a ɪ̯ ɐ
Geldverleihers	ɡ ɛ l t f ɛ ɐ̯ l a ɪ̯ ɐ s
Geldwertstabilität	ɡ ɛ l t v eː ɐ̯ t ʃ t a b i l i t ɛː t
Geldzufluss	ɡ ɛ l t t͡s uː f l ʊ s
Geldzuflusses	ɡ ɛ l t t͡s uː f l ʊ s e s
Geldzuflüsse	ɡ ɛ l t t͡s uː f l ʏ s ə
Gelee	ʒ e l eː
Gelegenheit	ɡ ə l eː ɡ ŋ̩ h a ɪ̯ t
Gelegenheit	ɡ ə l eː ɡ ə n h a ɪ̯ t
Geleitschutz	ɡ ə l a ɪ̯ t ʃ ʊ t͡s
Gelenk	ɡ ə l ɛ ŋ kʰ
Gelingen	ɡ ə ʃ l ɪ ŋ ŋ̩
Gellershagen	ɡ ɛ l ɐ s h äː ɡ ŋ
Gellershagen	ɡ ɛ l ɐ s h äː ɡ ə n
Gelsenkirchen	ɡ e l z ŋ̍ k i ɐ̯ ç n̩
Gelsenkirchen	ɡ ɛ l z n̩ k ɪ ɐ̯ ç n̩
Gelsenkirchener	ɡ ɛ l z n̩ k ɪ ʁ ç ə n ɐ
Gelsenkirchenerin	ɡ ɛ l z n̩ k ɪ ʁ ç n̩ ə ʁ ɪ n
Gelsenkirchenerinnen	ɡ ɛ l z n̩ k ɪ ʁ ç n̩ ə ʁ ɪ n ə n
Gelsenkircheners	ɡ ɛ l z n̩ k ɪ ʁ ç ə n ɐ s
Geltung	ɡ ɛ l t ʊ ŋ
Gemeinderates	ɡ ə m a ɪ̯ n d ə ʁ aː t ə s
Gemeinderats	ɡ ə m a ɪ̯ n d ə ʁ aː t s
Gemeinderäte	ɡ ə m a ɪ̯ n d ə ʁ ɛː t ə
Gemeinderätin	ɡ ə m a ɪ̯ n d ə ʁ ɛː t ɪ n
Gemeinderätinnen	ɡ ə m a ɪ̯ n d ə ʁ ɛː t ɪ n ə n
Gemeindeverwaltung	ɡ ə m a ɪ̯ n d ə f ɛ ɐ̯ v a l t ʊ ŋ
Gemeinplatz	ɡ ə m a ɪ̯ n p l a t͡s
Gemeinschaftskunde	ɡ ə m a ɪ̯ n ʃ a f t s k ʊ n d ə
Gemeinschaftsraum	ɡ ə m a ɪ̯ n ʃ a f t͡s ʁ a ʊ̯ m
Gemeinwohl	ɡ ə m a ɪ̯ n v oː l
Gemälde	ɡ ə m ɛː l d ə
Gemüsebeet	ɡ ə m yː z ə b eː t
Gemüsegarten	ɡ ə m yː z ə ɡ a ʁ t n̩
Gemüsegartens	ɡ ə m yː z ə ɡ a ʁ t n̩ s
Gemüsegärten	ɡ ə m yː z ə ɡ ɛ ʁ t n̩
Gemüsehändlerinnen	ɡ ə m yː z ə h ɛ n d l ə ʁ ɪ n ə n
Gemüsesaftes	ɡ ə m yː z ə z a f t ə s
Gemüsesäfte	ɡ ə m yː z ə z ɛ f t ə
Generalbass	ɡ e n ə ʁ aː l b a s
Generalgouvernement	ɡ e n ə ʁ aː l ɡ u v ɛ ʁ n ə m ɑ̃ː
Generalgouverneur	ɡ e n ə ʁ aː l ɡ u v ɛ ʁ n øː ɐ̯
Generalgouverneurin	ɡ e n ə ʁ aː l ɡ u v ɛ ʁ n øː ʁ ɪ n
Generalgouverneurinnen	ɡ e n ə ʁ aː l ɡ u v ɛ ʁ n øː ʁ ɪ n ə n
Generalmajor	ɡ e n ə ʁ aː l m a j oː ɐ̯
Generation	ɡ eː n ə ʁ a t͡s j oː n
Genfer	ɡ ɛ n f ɐ
Genferin	ɡ ɛ n f ə ʁ ɪ n
Genfersee	ɡ ɛ n f ɐ z eː
Genießerin	ɡ ə n iː s ɐ ʁ ɪ n
Genom	ɡ e n oː m
Genter	ɡ ɛ n t ɐ
Genterin	ɡ ɛ n t ə ʁ ɪ n
Genterinnen	ɡ ɛ n t ə ʁ ɪ n ə n
Genters	ɡ ɛ n t ɐ s
Genugtuung	ɡ ə n uː k t uː ʊ ŋ
Genugtuungen	ɡ ə n uː k t uː ʊ ŋ ə n
Genügsamkeit	ɡ ə n yː k z a m k a ɪ̯ t
Geophysiker	ɡ e o f yː z ɪ k ɐ
Geophysiker	ɡ eː o f yː z ɪ k ɐ
Geophysikerin	ɡ e o f yː z ɪ k ə ʁ ɪ n
Geophysikerin	ɡ eː o f yː z ɪ k ə ʁ ɪ n
Geophysikerinnen	ɡ e o f yː z ɪ k ə ʁ ɪ n ə n
Geophysikerinnen	ɡ eː o f yː z ɪ k ə ʁ ɪ n ə n
Geophysikern	ɡ e o f yː z ɪ k ɐ n
Geophysikern	ɡ eː o f yː z ɪ k ɐ n
Geophysikers	ɡ e o f yː z ɪ k ɐ s
Geophysikers	ɡ eː o f yː z ɪ k ɐ s
Georgenthal	ɡ eː ɔ ʁ ɡ ə n t aː l
Georgenthaler	ɡ eː ɔ ʁ ɡ ə n t aː l ɐ
Georgenthalerin	ɡ eː ɔ ʁ ɡ ə n t aː l ə ʁ ɪ n
Georgenthalerinnen	ɡ eː ɔ ʁ ɡ ə n t aː l ə ʁ ɪ n ə n
Georgenthalers	ɡ eː ɔ ʁ ɡ ə n t aː l ɐ s
Georgenthals	ɡ eː ɔ ʁ ɡ ə n t aː l s
Georgsmarienhütte	ɡ eː ɔ ʁ k s m a ʁ iː ə n h ʏ t ə
Georgsmarienhütter	ɡ eː ɔ ʁ k s m a ʁ iː ə n h ʏ t ɐ
Georgsmarienhütterin	ɡ eː ɔ ʁ k s m a ʁ iː ə n h ʏ t ə ʁ ɪ n
Georgsmarienhütterinnen	ɡ eː ɔ ʁ k s m a ʁ iː ə n h ʏ t ə ʁ ɪ n ə n
Georgsmarienhütters	ɡ eː ɔ ʁ k s m a ʁ iː ə n h ʏ t ɐ s
Georgsmarienhüttes	ɡ eː ɔ ʁ k s m a ʁ iː ə n h ʏ t ə s
Gepäckschließfach	ɡ ə p ɛ k ʃ l iː s f a χ
Gepäckschließfächer	ɡ ə p ɛ k ʃ l iː s f ɛ ç ɐ
Gerben	ɡ ɛ ɐ̯ b m̩
Gereonsweiler	ɡ e ʁ e ɔ n v a ɪ̯ l ɐ
Gereonsweilerin	ɡ e ʁ e ɔ n v a ɪ̯ l ə ʁ ɪ n
Gereonsweilers	ɡ e ʁ e ɔ n v a ɪ̯ l ɐ s
Gerichtsbarkeit	ɡ ə ʀ ɪ ç t͡s b aː ɐ̯ k a ɪ̯ t
Gerichtsbeamtin	ɡ ə ʁ ɪ ç t͡s b ə ʔ a m t ɪ n
Gerichtsgebäude	ɡ ə ʁ ɪ ç t͡s ɡ ə b ɔ ɪ̯ d ə
Gerichtssaal	ɡ ə ʁ ɪ ç t͡s z aː l
Geringhalten	ɡ ə ʁ ɪ ŋ h a l t n̩
Germans	ɡ ɛ ʁ m aː n s
Germoney	d͡ʒ œ ɐ̯ m a n i
Gernsbacher	ɡ ɛ ʁ n s b a x ɐ
Gernsbacherin	ɡ ɛ ʁ n s b a x ə ʁ ɪ n
Gernsbacherinnen	ɡ ɛ ʁ n s b a x ə ʁ ɪ n ə n
Gernsbachers	ɡ ɛ ʁ n s b a x ɐ s
Gernsbachs	ɡ ɛ ʁ n s b a x s
Gernsheim	ɡ ɛ ʁ n s h a ɪ̯ m
Gernsheimer	ɡ ɛ ʁ n s h a ɪ̯ m ɐ
Gernsheimerin	ɡ ɛ ʁ n s h a ɪ̯ m ə ʁ ɪ n
Gernsheimerinnen	ɡ ɛ ʁ n s h a ɪ̯ m ə ʁ ɪ n ə n
Gernsheimers	ɡ ɛ ʁ n s h a ɪ̯ m ɐ s
Gernsheims	ɡ ɛ ʁ n s h a ɪ̯ m s
Geroldsgrün	ɡ eː ʁ ɔ l t͡s ɡ ʁ yː n
Geroldsgrüner	ɡ eː ʁ ɔ l t͡s ɡ ʁ yː n ɐ
Geroldsgrünerin	ɡ eː ʁ ɔ l t͡s ɡ ʁ yː n ə ʁ ɪ n
Geroldsgrünerinnen	ɡ eː ʁ ɔ l t͡s ɡ ʁ yː n ə ʁ ɪ n ə n
Geroldsgrüners	ɡ eː ʁ ɔ l t͡s ɡ ʁ yː n ɐ s
Geroldsgrüns	ɡ eː ʁ ɔ l t͡s ɡ ʁ yː n s
Geroldshausen	ɡ eː ʁ ɔ l t͡s h a ʊ̯ z n̩
Geroldshausener	ɡ eː ʁ ɔ l t͡s h a ʊ̯ z n̩ ɐ
Geroldshausenerin	ɡ eː ʁ ɔ l t͡s h a ʊ̯ z n̩ ə ʁ ɪ n
Geroldshausenerinnen	ɡ eː ʁ ɔ l t͡s h a ʊ̯ z n̩ ə ʁ ɪ n ə n
Geroldshauseners	ɡ eː ʁ ɔ l t͡s h a ʊ̯ z n̩ ɐ s
Geroldshausens	ɡ eː ʁ ɔ l t͡s h a ʊ̯ z n̩ s
Gerolsbach	ɡ eː ʁ ɔ l s b a x
Gerolsbacher	ɡ eː ʁ ɔ l s b a x ɐ
Gerolsbacherin	ɡ eː ʁ ɔ l s b a x ə ʁ ɪ n
Gerolsbacherinnen	ɡ eː ʁ ɔ l s b a x ə ʁ ɪ n ə n
Gerolsbachers	ɡ eː ʁ ɔ l s b a x ɐ s
Gerolsbachs	ɡ eː ʁ ɔ l s b a x s
Gerolsheim	ɡ eː ʁ ɔ l s h a ɪ̯ m
Gerolsheimer	ɡ eː ʁ ɔ l s h a ɪ̯ m ɐ
Gerolsheimerin	ɡ eː ʁ ɔ l s h a ɪ̯ m ə ʁ ɪ n
Gerolsheimerinnen	ɡ eː ʁ ɔ l s h a ɪ̯ m ə ʁ ɪ n ə n
Gerolsheimers	ɡ eː ʁ ɔ l s h a ɪ̯ m ɐ s
Gerolsheims	ɡ eː ʁ ɔ l s h a ɪ̯ m s
Gerolsteiner	ɡ eː ʁ ɔ l ʃ t a ɪ̯ n ɐ
Gerolsteinerin	ɡ eː ʁ ɔ l ʃ t a ɪ̯ n ə ʁ ɪ n
Gerolsteinerinnen	ɡ eː ʁ ɔ l ʃ t a ɪ̯ n ə ʁ ɪ n ə n
Gerolsteiners	ɡ eː ʁ ɔ l ʃ t a ɪ̯ n ɐ s
Gerolzhofen	ɡ eː ʁ ɔ l t͡s h oː f n̩
Gerolzhofener	ɡ eː ʁ ɔ l t͡s h oː f n̩ ɐ
Gerolzhofenerin	ɡ eː ʁ ɔ l t͡s h oː f n̩ ə ʁ ɪ n
Gerolzhofenerinnen	ɡ eː ʁ ɔ l t͡s h oː f n̩ ə ʁ ɪ n ə n
Gerolzhofeners	ɡ eː ʁ ɔ l t͡s h oː f n̩ ɐ s
Gerolzhofens	ɡ eː ʁ ɔ l t͡s h oː f n̩ s
Gersbacher	ɡ ɛ ʁ s b a x ɐ
Gersbacherin	ɡ ɛ ʁ s b a x ə ʁ ɪ n
Gersbacherinnen	ɡ ɛ ʁ s b a x ə ʁ ɪ n ə n
Gersbachers	ɡ ɛ ʁ s b a x ɐ s
Gersbachs	ɡ ɛ ʁ s b a x s
Gersfelder	ɡ ɛ ʁ s f ɛ l d ɐ
Gersfelderin	ɡ ɛ ʁ s f ɛ l d ə ʁ ɪ n
Gersfelderinnen	ɡ ɛ ʁ s f ɛ l d ə ʁ ɪ n ə n
Gersfelders	ɡ ɛ ʁ s f ɛ l d ɐ s
Gersfelds	ɡ ɛ ʁ s f ɛ l t s
Gersheim	ɡ ɛ ʁ s h a ɪ̯ m
Gersheimer	ɡ ɛ ʁ s h a ɪ̯ m ɐ
Gersheimerin	ɡ ɛ ʁ s h a ɪ̯ m ə ʁ ɪ n
Gersheimerinnen	ɡ ɛ ʁ s h a ɪ̯ m ə ʁ ɪ n ə n
Gersheimers	ɡ ɛ ʁ s h a ɪ̯ m ɐ s
Gersheims	ɡ ɛ ʁ s h a ɪ̯ m s
Gerste	ɡ ɛ ɐ̯ s t ə
Gerste	ɡ ɛ ʁ s t ə
Gerstenbütteler	ɡ ɛ ʁ s t n̩ b ʏ t l̩ ɐ
Gerstenbüttelerin	ɡ ɛ ʁ s t n̩ b ʏ t l̩ ə ʁ ɪ n
Gerstenbüttelerinnen	ɡ ɛ ʁ s t n̩ b ʏ t l̩ ə ʁ ɪ n ə n
Gerstenbüttelers	ɡ ɛ ʁ s t n̩ b ʏ t l̩ ɐ s
Gerstenfeld	ɡ ɛ ʁ s t n̩ f ɛ l t
Gerstengrütze	ɡ ɛ ʁ s t n̩ ɡ ʁ ʏ t͡s ə
Gerstengrützen	ɡ ɛ ʁ s t n̩ ɡ ʁ ʏ t͡s n̩
Gerstensäfte	ɡ ɛ r s t ə n z ɛ f t ə
Gersthofen	ɡ ɛ ʁ s t h oː f n̩
Gersthofener	ɡ ɛ ʁ s t h oː f n̩ ɐ
Gersthofenerin	ɡ ɛ ʁ s t h oː f n̩ ə ʁ ɪ n
Gersthofenerinnen	ɡ ɛ ʁ s t h oː f n̩ ə ʁ ɪ n ə n
Gersthofeners	ɡ ɛ ʁ s t h oː f n̩ ɐ s
Gersthofens	ɡ ɛ ʁ s t h oː f n̩ s
Gerstunger	ɡ ɛ ʁ s t ʊ ŋ ɐ
Gerstungerin	ɡ ɛ ʁ s t ʊ ŋ ə ʁ ɪ n
Gerstungerinnen	ɡ ɛ ʁ s t ʊ ŋ ə ʁ ɪ n ə n
Gerstungers	ɡ ɛ ʁ s t ʊ ŋ ɐ s
Gerät	ɡ ə ʁ ɛː t
Gesamtbild	ɡ ə z a m t b ɪ l t
Gesamtherstellung	ɡ ə z a m t h ɛ ɐ̯ ʃ t ɛ l ʊ ŋ
Gesamtkapital	ɡ ə z a m t k a p i t aː l
Gesamtkapitalien	ɡ ə z a m t k a p i t aː l i̯ ə n
Gesamtproduktionen	ɡ ə z a m t p ʁ o d ʊ k t͡s i̯ oː n ə n
Gesamtsiegen	ɡ ə z a m t z iː ɡ n̩
Gesamtsiegen	ɡ ə z a m t z iː ɡ ŋ̩
Gesamtumsatz	ɡ ə z a m t ʔ ʊ m z a t͡s
Geschichtsbuch	ɡ ə ʃ ɪ ç t s b uː x
Geschichtsfälschung	ɡ ə ʃ ɪ ç t s f ɛ l ʃ ʊ ŋ
Geschichtsquelle	ɡ ə ʃ ɪ ç t s k v ɛ l ə
Geschichtsschreiber	ɡ ə ʃ ɪ ç t͡s ʃ ʀ a ɪ̯ b ɐ
Geschichtsschreibung	ɡ ə ʃ ɪ ç t͡s ʃ ʁ a ɪ̯ b ʊ ŋ
Geschichtswissenschaft	ɡ ə ʃ ɪ ç t͡s v ɪ s n̩ ʃ a f t
Geschirr	ɡ ɛ ʃ ɪ ɐ̯
Geschirrspüler	ɡ ə ʃ ɪ ʁ ʃ p yː l ɐ
Geschlechtschromosom	ɡ ə ʃ l ɛ ç t s k ʁ o m o z oː m
Geschlechtschromosomen	ɡ ə ʃ l ɛ ç t s k ʁ o m o z oː m ə n
Geschlechtschromosoms	ɡ ə ʃ l ɛ ç t s k ʁ o m o z oː m s
Geschlechtsmerkmal	ɡ ə ʃ l ɛ ç t͡s m ɛ ʁ k m aː l
Geschmackes	ɡ ə ʃ m a k ə s
Geschmackshorizont	ɡ ə ʃ m a k s h o ʁ i t͡s ɔ n t
Geschmackshorizont	ɡ ə ʃ m a k s h ɔ ʁ i t͡s ɔ n t
Geschmacksrichtung	ɡ ə ʃ m a k s ʀ ɪ ç t ʊ ŋ
Geschmacksverstärker	ɡ ə ʃ m a k s f ɛ ɐ̯ ʃ t ɛ ʁ k ɐ
Geschmeiß	ɡ ə ʃ m a ɪ̯ s
Geschwader	ɡ ə ʃ ʋ aː d ɐ
Geschwindigkeitsmessers	ɡ ə ʃ v ɪ n d ɪ ç kʰ a ɪ̯ t s m ɛ s ɐ s
Geschwister	ɡ ə ʃ ʋ ɪ s t ɐ
Geschwisterkind	ɡ ə ʃ ʋ ɪ s t ɐ k ɪ n t
Geschwurbel	ɡ ə ʃ v ʊ ɐ̯ b l̩
Geschwurbel	ɡ ə ʃ v ʊ ʁ b ə l
Geschäft	ɡ ə ʃ eː f t
Geschäft	ɡ ə ʃ ɛː f t
Geschäftes	ɡ ə ʃ ɛ f t ə s
Geschäftsabschluss	ɡ ə ʃ ɛ f t͡s ʔ a p ʃ l ʊ s
Geschäftsabschlusses	ɡ ə ʃ ɛ f t͡s ʔ a p ʃ l ə s
Geschäftsabschlüsse	ɡ ə ʃ ɛ f t͡s ʔ a p ʃ l ʏ s ə
Geschäftsausgabe	ɡ ə ʃ ɛ f t͡s a ʊ̯ s ɡ aː b ə
Geschäftsklima	ɡ ə ʃ ɛ f t s k l iː m a
Geschäftslage	ɡ ə ʃ ɛ f t͡s l aː ɡ ə
Geschäftspartner	ɡ ə ʃ ɛ f t͡s p a ʁ t n ɐ
Geschäftspartnerin	ɡ ə ʃ ɛ f t͡s p a ʁ t n ə ʁ ɪ n
Geschäftspartnerinnen	ɡ ə ʃ ɛ f t͡s p a ʁ t n ə ʁ ɪ n ə n
Geschäftspartners	ɡ ə ʃ ɛ f t͡s p a ʁ t n ɐ s
Geschäftsviertel	ɡ ə ʃ ɛ f t͡s f ɪ ʁ t l̩
Geschütz	ɡ ə ʃ ʏ t͡s
Geschützrohre	ɡ ə ʃ ʏ t͡s ʁ oː ʁ ə
Geschützrohres	ɡ ə ʃ ʏ t͡s ʁ oː ʁ ə s
Geschützrohrs	ɡ ə ʃ ʏ t͡s ʁ oː ɐ̯ s
Geselligkeit	ɡ ə z ɛ l ɪ ç k a ɪ̯ t
Gesellschafter	ɡ ə z ɛ l ʃ a f t ɐ
Gesellschafterin	ɡ ə z ɛ l ʃ a f t ə ʁ ɪ n
Gesichten	ɡ ə z ɪ ç t n̩
Gesichten	ɡ ə z ɪ ç t ə n
Gesichtsausdruck	ɡ ə z ɪ ç t͡s ʔ a ʊ̯ s d ʀ ʊ k
Gesichtskreis	ɡ ə z ɪ ç t͡s k ʁ a ɪ̯ s
Gesichtsnerv	ɡ ə z ɪ ç t s n ɛ ʁ f
Gesichtsnerven	ɡ ə z ɪ ç t s n ɛ ʁ f n̩
Gesichtsnerves	ɡ ə z ɪ ç t s n ɛ ʁ f ə s
Gesichtsnervs	ɡ ə z ɪ ç t s n ɛ ʁ f s
Gesner	ɡ ɛ s n ɐ
Gespan	ɡ ə ʃ p aː n
Gespanntheit	ɡ ə ʃ p a n t h a ɪ̯ t
Gespiebenes	ɡ̥ ɛ ʃ b̥ iː b̥ ɛ n e s
Gesprächspartnerin	ɡ ə ʃ p ʁ ɛː ç s p a ʁ t n ə ʁ ɪ n
Gessner	ɡ ɛ s n ɐ
Gestapo	ɡ e s t aː p o
Gestapo	ɡ ɛ s t aː p o
Gesteinskunde	ɡ ə ʃ t a ɪ̯ n s k ʊ n d ə
Gesteinskundler	ɡ ə ʃ t a ɪ̯ n s k ʊ n d l ɐ
Gesteinskundlerin	ɡ ə ʃ t a ɪ̯ n s k ʊ n d l ə ʁ ɪ n
Gesteinskundlers	ɡ ə ʃ t a ɪ̯ n s k ʊ n d l ɐ s
Gestik	ɡ eː s t ɪ k
Gestik	ɡ ɛ s t ɪ k
Gestöhne	ɡ ə ʃ t øː n ə
Gestöhnes	ɡ ə ʃ t øː n ə s
Gestöhns	ɡ ə ʃ t øː n s
Gesuchsteller	ɡ ə z uː x ʃ t ɛ l ɐ
Gesundheit	ɡ ə z ʊ n t a ɪ̯ t
Gesundheit	ɡ ə z ʊ n t h a ɪ̯ t
Gesundheitsexperte	ɡ ə z ʊ n t h a ɪ̯ t͡s ʔ ɛ k s p ɛ ʁ t ə
Gesundheitsexpertin	ɡ ə z ʊ n t h a ɪ̯ t͡s ʔ ɛ k s p ɛ ʁ t ɪ n
Gesundheitsministerium	ɡ ə z ʊ n t h a ɪ̯ t͡s m i n ɪ s t eː ʀ i ʊ m
Getreideexport	ɡ ə t ʁ a ɪ̯ d ə ʔ ɛ k s p ɔ ʁ t
Getreideexporte	ɡ ə t ʁ a ɪ̯ d ə ʔ ɛ k s p ɔ ʁ t ə
Getreideexportes	ɡ ə t ʁ a ɪ̯ d ə ʔ ɛ k s p ɔ ʁ t ə s
Getreideexports	ɡ ə t ʁ a ɪ̯ d ə ʔ ɛ k s p ɔ ʁ t s
Getreidesack	ɡ ə t ʁ a ɪ̯ d ə z a k
Getränk	ɡ ə t r ɛ ŋ k
Getränkeautomat	ɡ ə t ʁ ɛ ŋ k ə ʔ a ʊ̯ t o m aː t
Getränkekiste	ɡ ə t ʁ ɛ ŋ k ə k ɪ s t ə
Getränkeladen	ɡ ə t ʁ ɛ ŋ k ə l aː d n̩
Getränkeladens	ɡ ə t ʁ ɛ ŋ k ə l aː d n̩ s
Getränkelieferant	ɡ ə t ʁ ɛ ŋ k ə l iː f ə ʁ a n t
Getränkelieferanten	ɡ ə t ʁ ɛ ŋ k ə l iː f ə ʁ a n t n̩
Getränkeläden	ɡ ə t ʁ ɛ ŋ k ə l ɛː d n̩
Getto	ɡ ɛ t o
Getümmel	ɡ ə t ʏ m l̩
Gevatter	ɡ ə f a t ɐ
Gevelsberg	ɡ eː f l̩ s b ɛ ʁ k
Gevelsberg	ɡ eː v l̩ s b ɛ ʁ k
Gevelsberger	ɡ eː v l̩ s b ɛ ʁ ɡ ɐ
Gevelsbergerin	ɡ eː v l̩ s b ɛ ʁ ɡ ə ʁ ɪ n
Gevelsbergers	ɡ eː v l̩ s b ɛ ʁ ɡ ɐ s
Gevelsbergs	ɡ eː f l̩ s b ɛ ʁ k s
Gevelsbergs	ɡ eː v l̩ s b ɛ ʁ k s
Geviert	ɡ ə f iː ɐ̯ t
Geviertstrich	ɡ ə f iː ɐ̯ t ʃ t ʁ ɪ ç
Gewalt	ɡ ə v a l t
Gewalttäterinnen	ɡ ə v a l t t ɛː t ə ʀ ɪ n ə n
Gewalttätern	ɡ ə v a l t t ɛː t ɐ n
Gewalttäters	ɡ ə v a l t t ɛː t ɐ s
Gewaltverbrechen	ɡ ə v a l t f ɛ ɐ̯ b ʁ ɛ ç n̩
Gewebeklebeband	ɡ ə v eː b ə k l eː b ə b a n t
Gewebeklebebandes	ɡ ə v eː b ə k l eː b ə b a n d e s
Gewebeklebebands	ɡ ə v eː b ə k l eː b ə b a n t s
Gewebeklebebänder	ɡ ə v eː b ə k l eː b ə b ɛ n d ɐ
Gewehrabzuges	ɡ ə v eː ɐ̯ a p t͡s uː ɡ ə s
Gewehrabzugs	ɡ ə v eː ɐ̯ a p t͡s uː ɡ ə s
Gewehrabzüge	ɡ ə v eː ɐ̯ a p t͡s yː ɡ ə
Gewehrlauf	ɡ ə v eː ɐ̯ l a ʊ̯ f
Gewerbe	ɡ ə v ɛ ʁ b ə
Gewerben	ɡ ə v ɛ ʁ b m̩̩
Gewerben	ɡ ə v ɛ ʁ b n̩
Gewerk	ɡ ə v ɛ ʁ k
Gewerke	ɡ ə v ɛ ʁ k ə
Gewindestift	ɡ ə v ɪ n d ə ʃ t ɪ f t
Gewinnabführung	ɡ ə v ɪ n a p f yː ʁ ʊ ŋ
Gewinnausschüttung	ɡ ə v ɪ n ʔ a ʊ̯ s ʃ ʏ t ʊ ŋ
Gewinnerwartung	ɡ ə v ɪ n ʔ ɛ ɐ̯ v a ʁ t ʊ ŋ
Gewinnler	ɡ ə v ɪ n l ɐ
Gewinnmarge	ɡ ə v ɪ n m a ʁ ʒ ə
Gewinnmitnahme	ɡ ə v ɪ n m ɪ t n aː m ə
Gewinnrealisierung	ɡ ə v ɪ n ʁ e a l i z iː ʁ ʊ ŋ
Gewinnsteuer	ɡ ə v ɪ n ʃ t ɔ ɪ̯ ɐ
Gewinnthesaurierung	ɡ ə v ɪ n t e z a ʊ̯ ʁ iː ʁ ʊ ŋ
Gewinnverwendung	ɡ ə v ɪ n v ɛ ɐ̯ v ɛ n d ʊ ŋ
Gewinnverwendungsbeschluss	ɡ ə v ɪ n v ɛ ɐ̯ v ɛ n d ʊ ŋ s b e ʃ l ʊ s
Gewinnvortrag	ɡ ə v ɪ n f oː ɐ̯ t ʁ aː k
Gewissenhaftigkeit	ɡ ə v ɪ s ə n h a f t ɪ ç k a ɪ̯ t
Gewissenserforschung	ɡ ə v ɪ s n̩ s ʔ ɛ ɐ̯ f ɔ ʁ ʃ ʊ ŋ
Gewissensfreiheit	ɡ ə v ɪ s ə n s f ʁ a ɪ̯ h a ɪ̯ t
Gewissensprüfung	ɡ ə v ɪ s n̩ s p ʁ yː f ʊ ŋ
Gewitterfront	ɡ ə v ɪ t ɐ f ʁ ɔ n t
Gewitterfronten	ɡ ə v ɪ t ɐ f ʁ ɔ n t n̩
Gewittern	ɡ ə v ɪ t ɐ n
Gewoge	ɡ ə v oː ɡ ə
Gewohnheit	ɡ ə v oː n h a ɪ̯ t
Gewohnheitsrecht	ɡ ə v oː n h a ɪ̯ t͡s ʁ ɛ ç t
Gewährleistung	ɡ ə v eː ɐ̯ l a ɪ̯ s t ʊ ŋ
Gewährleistung	ɡ ə v ɛː ɐ̯ l a ɪ̯ s t ʊ ŋ
Gewäsch	ɡ ə v ɛ ʃ
Gewürz	ɡ ə v ʏ r t͡s
Gewürz	ɡ ə v ʏ ɐ̯ t͡s
Gewürz	ɡ ə v ʏ ʁ t͡s
Gewürzhändler	ɡ ə v ʏ ɐ̯ t͡s h ɛ n d l ɐ
Gewürzkraut	ɡ ə v ʏ r t s k r a ʊ̯ t
Gewürzkraute	ɡ ə v ʏ ʁ t͡s̩ k ʀ a ʊ̯ t ə
Gewürzkrautes	ɡ ə v ʏ ʁ t͡s̩ k ʀ a ʊ̯ t ə s
Gewürzkrauts	ɡ ə v ʏ ʁ t͡s̩ k ʀ a ʊ̯ t͡s
Gewürzkräutern	ɡ ə v ʏ ʁ t͡s̩ k ʀ ɔ ɪ̯ t ɐ n̩
Gewürzmühle	ɡ ə v ʏ ʁ t͡s m yː l ə
Gewürznelke	ɡ ə v ʏ ʁ t͡s n ɛ l k ə
Gewürzpflanze	ɡ ə v ʏ r t s p f l a n t s ə
Gewürztraminer	ɡ ə v ʏ ɐ̯ t s t ʀ a m iː n ɐ
Geysir	ɡ a ɪ̯ z i ɐ̯
Geysir	ɡ a ɪ̯ z iː ɐ̯
Gezeiten	ɡ ə t s a ɪ̯ t n̩
Gezeiten	ɡ ə t s a ɪ̯ t ə n
Geßner	ɡ ɛ s n ɐ
Geäst	ɡ ə ʔ ɛ s t
Gfrast	ɡ̥ f r ɑ s t
Ghetto	ɡ ɛ t o
Ghettoblaster	ɡ ɛ t o b l a s t ɐ
Ghostwriter	ɡ oː s t ʀ a ɪ̯ t ɐ
Ghusl	ʁ ʊ s l̩
Gibraltar	ɡ i b ʁ a l t a ʁ
Giebeldach	ɡ iː b l̩ d a x
Giebeldaches	ɡ iː b l̩ d a x ə s
Giebeldachs	ɡ iː b l̩ d a x s
Giersch	ɡ i ɐ̯ ʃ
Giersch	ɡ iː ɐ̯ ʃ
Gießen	ɡ iː s n̩
Gießkanne	ɡ iː s k a n ə
Giftanschlag	ɡ ɪ f t ʔ a n ʃ l aː k
Giftpflanze	ɡ ɪ f t p͡f l a n t͡s ə
Giftspritze	ɡ ɪ f t ʃ p r i t͡s ə
Gigant	ɡ i ɡ a n t
Gimpel	ɡ ɪ m p l̩
Gin	d͡ʒ ɪ n
Gin	t͡ʃ ɪ n
Gin	ʒ ɪ n
Gingivitis	ɡ ɪ ŋ ɡ i v iː t ɪ s
Girant	ʒ i ʁ a n t
Girl	ɡ œ ɐ̯ l
Girlitz	ɡ ɪ r l ɪ t͡s
Giselbrecht	ɡ iː z l̩ b ʁ ɛ ç t
Giselbrechts	ɡ iː z l̩ b ʁ ɛ ç t s
Gitarre	ɡ i t a ʁ ə
Gitarrenbauer	ɡ i t a ʁ ə n b a ʊ̯ ɐ
Gitarrenbauerin	ɡ i t a ʁ ə n b a ʊ̯ ə ʁ ɪ n
Gitarrenbauern	ɡ i t a ʁ ə n b a ʊ̯ ɐ n
Gitarrenbauers	ɡ i t a ʁ ə n b a ʊ̯ ɐ s
Gitarrenriff	ɡ i t a ʁ ə n ʁ ɪ f
Gitarrenriffe	ɡ i t a ʁ ə n ʁ ɪ f ə
Gitarrenriffes	ɡ i t a ʁ ə n ʁ ɪ f ə s
Gitarrenriffs	ɡ i t a ʁ ə n ʁ ɪ f s
Gitarrensaite	ɡ i t a ʁ ə n z a ɪ̯ t ə
Gitarrenspiel	ɡ i t a ʁ ə n ʃ p iː l
Gitarrist	ɡ i t a ʁ ɪ s t
Gitarristin	ɡ i t a ʁ ɪ s t ɪ n
Gladbacher	ɡ l a t b a x ɐ
Gladbacherin	ɡ l a t b a x ə ʁ ɪ n
Gladbacherinnen	ɡ l a t b a x ə ʁ ɪ n ə n
Gladbachers	ɡ l a t b a x ɐ s
Gladbecker	ɡ l a t b ɛ k ɐ
Gladbeckerin	ɡ l a t b ɛ k ə ʁ ɪ n
Gladbeckerinnen	ɡ l a t b ɛ k ə ʁ ɪ n ə n
Gladbeckers	ɡ l a t b ɛ k ɐ s
Glarus	ɡ l a r ɪ s
Glarus	ɡ l a r ʊ s
Glasblume	ɡ l aː s b l uː m ə
Glasblumen	ɡ l aː s b l uː m ə n
Glasblumenstrauß	ɡ l aː s b l uː m ə n ʃ t ʁ a ʊ̯ s
Glasgebäude	ɡ l aː s ɡ ə b ɔ ɪ̯ d ə
Glashütten	ɡ l aː s h ʏ t n̩
Glashüttener	ɡ l aː s h ʏ t n̩ ɐ
Glashüttenerin	ɡ l aː s h ʏ t n̩ ə ʁ ɪ n
Glashütteners	ɡ l aː s h ʏ t n̩ ɐ s
Glashüttens	ɡ l aː s h ʏ t n̩ s
Glashütter	ɡ l aː s h ʏ t ɐ
Glashütterin	ɡ l aː s h ʏ t ə ʁ ɪ n
Glashütters	ɡ l aː s h ʏ t ɐ s
Glashüttes	ɡ l aː s h ʏ t ə s
Glaspass	ɡ l aː s p a s
Glaspasses	ɡ l aː s p a s ə s
Glasperle	ɡ l aː s p ɛ ʁ l ə
Glasschüssel	ɡ l aː s ʃ ʏ s l̩
Glasware	ɡ l aː s v aː ʁ ə
Glattstellung	ɡ l a t ʃ t ɛ l ʊ ŋ
Glatze	ɡ l a t͡s ə
Glauben	ɡ l a ʊ̯ b m̩
Glauben	ɡ l a ʊ̯ b ə n
Glaubens	ɡ l a ʊ̯ b m̩ s
Glaubens	ɡ l a ʊ̯ b n̩ s
Glazialzeit	ɡ l a t s i̯ aː l t s a ɪ̯ t
Glaziologie	ɡ l a t͡s i̯ o l o ɡ iː
Gleichgesinnten	ɡ l a ɪ̯ ç ɡ ə z ɪ n t n̩
Gleichgesinnter	ɡ l a ɪ̯ ç ɡ ə z ɪ n t ɐ
Gleichmut	ɡ l a ɪ̯ ç m uː t
Gleitbeutler	ɡ l a ɪ̯ t b ɔ ʏ̯ t l ɐ
Gletscherfalter	ɡ l ɛ t ʃ ɐ f a l t ɐ
Gletscherfalters	ɡ l ɛ t ʃ ɐ f a l t ɐ s
Gliede	ɡ l iː d ə
Gliederreißen	ɡ l iː d ɐ ʁ a ɪ̯ s n̩
Gliederreißen	ɡ l iː d ɐ ʁ a ɪ̯ s ə n
Gliederreißens	ɡ l iː d ɐ ʁ a ɪ̯ s n̩ s
Gliederreißens	ɡ l iː d ɐ ʁ a ɪ̯ s ə n s
Gliederschmerz	ɡ l iː d ɐ ʃ m ɛ ɐ̯ t s
Gliederschmerz	ɡ l iː d ɐ ʃ m ɛ ʁ t s
Gliederschmerze	ɡ l iː d ɐ ʃ m ɛ ɐ̯ t s ə
Gliederschmerze	ɡ l iː d ɐ ʃ m ɛ ʁ t s ə
Gliederschmerzen	ɡ l iː d ɐ ʃ m ɛ ɐ̯ t s n̩
Gliederschmerzen	ɡ l iː d ɐ ʃ m ɛ ɐ̯ t s ə n
Gliederschmerzen	ɡ l iː d ɐ ʃ m ɛ ʁ t s n̩
Gliederschmerzen	ɡ l iː d ɐ ʃ m ɛ ʁ t s ə n
Gliederschmerzes	ɡ l iː d ɐ ʃ m ɛ ɐ̯ t s ə s
Gliederschmerzes	ɡ l iː d ɐ ʃ m ɛ ʁ t s ə s
Globulin	ɡ l o b u l iː n
Glockenbecher	ɡ l ɔ k ŋ̩ b ɛ ç ɐ
Glockengießer	ɡ l ɔ k ŋ̩ ɡ iː s ɐ
Glockengießer	ɡ l ɔ k ə n ɡ iː s ɐ
Glockenspiel	ɡ l ɔ k ŋ̍ ʃ p iː l
Glockenärmel	ɡ l ɔ k ŋ̩ ʔ ɛ ʁ m l̩
Glockenärmels	ɡ l ɔ k ŋ̩ ʔ ɛ ʁ m l̩ s
Glucksen	ɡ l ʊ k s n̩
Glycolsäure	ɡ l y k oː l z ɔ ɪ̯ ʁ ə
Glykolsäure	ɡ l y k oː l z ɔ ɪ̯ ʁ ə
Glyzerin	ɡ l y t͡s e ʁ iː n
Glückseligkeit	ɡ l ʏ k z eː l ɪ ç k a ɪ̯ t
Glücksklee	ɡ l ʏ k s k l eː
Glückskäfer	ɡ l ʏ k s k ɛː f ɐ
Glücksritter	ɡ l ʏ k s ʁ ɪ t ɐ
Glückstag	ɡ l ʏ k s t aː k
Glückstage	ɡ l ʏ k s t aː ɡ ə
Glühbirnen	ɡ l yː b ɪ ʁ n ə n
Gneis	ɡ n a ɪ̯ s
Gneise	ɡ n a ɪ̯ z ə
Gneisen	ɡ n a ɪ̯ z n̩
Gneisen	ɡ n a ɪ̯ z ə n
Gneises	ɡ n a ɪ̯ z ə s
Goldammer	ɡ ɔ l t ʔ a m ɐ
Goldbach	ɡ ɔ l t b a x
Goldbacher	ɡ ɔ l t b a x ɐ
Goldbacherin	ɡ ɔ l t b a x ə ʁ ɪ n
Goldbacherinnen	ɡ ɔ l t b a x ə ʁ ɪ n ə n
Goldbachers	ɡ ɔ l t b a x ɐ s
Goldbachs	ɡ ɔ l t b a x s
Goldberger	ɡ ɔ l t b ɛ ʁ ɡ ɐ
Goldbergerin	ɡ ɔ l t b ɛ ʁ ɡ ə ʁ ɪ n
Goldbergerinnen	ɡ ɔ l t b ɛ ʁ ɡ ə ʁ ɪ n ə n
Goldbergers	ɡ ɔ l t b ɛ ʁ ɡ ɐ s
Goldbergs	ɡ ɔ l t b ɛ ʁ k s
Goldbugpapagei	ɡ ɔ l t b uː k p a p a ɡ a ɪ̯
Goldbugpapageien	ɡ ɔ l t b uː k p a p a ɡ a ɪ ə n
Goldbugpapageis	ɡ ɔ l t b uː k p a p a ɡ a ɪ s̯
Goldfisch	ɡ ɔ l t f ɪ ʃ
Goldfischchen	ɡ ɔ l t f ɪ ʃ ç ə n
Goldfischlein	ɡ ɔ l t f ɪ ʃ l a ɪ̯ n
Goldmann	ɡ ɔ l t m a n
Goldmanns	ɡ ɔ l t m a n s
Goldnackenara	ɡ ɔ l t n a k ŋ̍ aː ʁ a
Goldnackenaras	ɡ ɔ l t n a k ŋ̍ aː ʁ a s
Goldring	ɡ ɔ l t ʁ ɪ ŋ
Goldringe	ɡ ɔ l t ʁ ɪ ŋ ə
Goldringes	ɡ ɔ l t ʁ ɪ ŋ ə s
Goldschmidt	ɡ ɔ l t ʃ m ɪ t
Goldschmidts	ɡ ɔ l t ʃ m ɪ t s
Goldschmiedekunst	ɡ ɔ l t ʃ m iː d ə kʰ ʊ n s t
Goldschmitt	ɡ ɔ l t ʃ m ɪ t
Goldschmitts	ɡ ɔ l t ʃ m ɪ t s
Goldstein	ɡ ɔ l t ʃ t a ɪ n
Goldsteiner	ɡ ɔ l t ʃ t a ɪ̯ n ɐ
Goldsteinerin	ɡ ɔ l t ʃ t a ɪ̯ n ə ʁ ɪ n
Goldsteinerinnen	ɡ ɔ l t ʃ t a ɪ̯ n ə ʁ ɪ n ə n
Goldsteiners	ɡ ɔ l t ʃ t a ɪ̯ n ɐ s
Goldsteins	ɡ ɔ l t ʃ t a ɪ n s
Goldstickerei	ɡ ɔ l t ʃ t ɪ k ə ʁ a ɪ̯
Goldzügelamazone	ɡ ɔ l t t͡s yː ɡ ə l ʔ a m a t͡s oː n ə
Golfer	ɡ ɔ l f ɐ
Golferin	ɡ ɔ l f ə ʀ ɪ n
Golfkriegen	ɡ ɔ l f k ʁ iː ɡ n̩
Golfkriegen	ɡ ɔ l f k ʁ iː ɡ ŋ̩
Golfplatz	ɡ ɔ l f p l a t͡s
Golfspieler	ɡ ɔ l f ʃ p iː l ɐ
Golfstrom	ɡ ɔ l f ʃ t ʀ oː m
Gonsenheim	ɡ ɔ n z n̩ h a ɪ̯ m
Gonsenheimer	ɡ ɔ n z n̩ h a ɪ̯ m ɐ
Gonsenheimerin	ɡ ɔ n z n̩ h a ɪ̯ m ə ʁ ɪ n
Gonsenheimers	ɡ ɔ n z n̩ h a ɪ̯ m ɐ s
Gonsenheims	ɡ ɔ n z n̩ h a ɪ̯ m s
Gonzenheim	ɡ ɔ n t͡s n̩ h a ɪ̯ m
Gonzenheimer	ɡ ɔ n t͡s n̩ h a ɪ̯ m ɐ
Gonzenheimerin	ɡ ɔ n t͡s n̩ h a ɪ̯ m ə ʁ ɪ n
Gonzenheimers	ɡ ɔ n t͡s n̩ h a ɪ̯ m ɐ s
Gonzenheims	ɡ ɔ n t͡s n̩ h a ɪ̯ m s
Google	ɡ uː ɡ l̩
Google	ɡ uː ɡ ə l
Gorgonzola	ɡ ɔ ʁ ɡ ɔ n t͡s oː l a
Gotisch	ɡ oː t i ʃ
Gotisch	ɡ oː t ɪ ʃ
Gottesfurcht	ɡ ɔ t ə s f ʊ ʁ ç t
Gottesleugner	ɡ ɔ t ə s l ɔ ɪ̯ ɡ n ɐ
Gottesleugners	ɡ ɔ t ə s l ɔ ɪ̯ ɡ n ɐ s
Gottesmord	ɡ ɔ t ə s m ɔ ʁ t
Gotthardpass	ɡ ɔ t h a ʁ t p a s
Gotthardpasses	ɡ ɔ t h a ʁ t p a s ə s
Gottseibeiuns	ɡ ɔ t z a ɪ̯ b a ɪ̯ ʔ ʊ n s
Grabenkrieg	ɡ ʁ aː b n̩ k ʁ iː k
Grabenkriege	ɡ ʁ aː b n̩ k ʁ iː ɡ ə
Grabenkrieges	ɡ ʁ aː b n̩ k ʁ iː ɡ ə s
Grabenkriegs	ɡ ʁ aː b n̩ k ʁ iː k s
Grabens	ɡ ʁ aː b n̩ s
Grabeskirche	ɡ ʁ aː b ə s k ɪ r ç ə
Grabesritter	ɡ ʁ aː b ə s ʁ ɪ t ɐ
Grabhügel	ɡ ʁ aː p h yː ɡ l̩
Grabhügels	ɡ ʁ aː p h yː ɡ l̩ s
Gracht	ɡ ʁ ä χ t
Graf	ɡ r äː f
Graf	ɡ ʁ äː f
Grafenegger	ɡ ʁ aː f n̩ ɛ ɡ ɐ
Grafeneggerin	ɡ ʁ aː f n̩ ɛ ɡ ə ʁ ɪ n
Grafeneggerinnen	ɡ ʁ aː f n̩ ɛ ɡ ə ʁ ɪ n ə n
Grafeneggers	ɡ ʁ aː f n̩ ɛ ɡ ɐ s
Grafenwörths	ɡ ʁ aː f ə n v øː ɐ̯ t͡s
Graffito	ɡ ʁ a f ɪ t o
Graka	ɡ ʁ aː k a
Grakas	ɡ ʁ aː k a s
Grales	ɡ ʀ aː l ə s
Grals	ɡ ʀ aː l s
Granat	ɡ ʁ a n aː t
Granatapfel	ɡ ʁ a n aː t ʔ a p f l̩
Granate	ɡ ʁ a n aː t ə
Granatwerfer	ɡ ʁ a n aː t v ɛ ʁ f ɐ
Granitfelsen	ɡ ʁ a n iː t f ɛ l z n̩
Grasdaches	ɡ ʁ aː s d a x ə s
Grasdachs	ɡ ʁ aː s d a x s
Grasdächer	ɡ ʁ aː s d ɛ ç ɐ
Grasnatter	ɡ ʁ aː s n a t ɐ
Grasnattern	ɡ ʁ aː s n a t ɐ n
Graswurzelbewegung	ɡ ʁ aː s v ʊ ʁ t͡s l̩ b ə v eː ɡ ʊ ŋ
Graswurzelbewegungen	ɡ ʁ aː s v ʊ ʁ t͡s l̩ b ə v eː ɡ ʊ ŋ ə n
Grauammer	ɡ ʁ a ʊ̯ ʔ a m ɐ
Graubündens	ɡ ʁ a ʊ̯ b ʏ n d ə n s
Graubündner	ɡ ʁ a ʊ̯ b ʏ n d n ɐ
Graubündnerin	ɡ ʁ a ʊ̯ b ʏ n d n ə ʁ ɪ n
Graubündnerinnen	ɡ ʁ a ʊ̯ b ʏ n d n ə ʁ ɪ n ə n
Graubündners	ɡ ʁ a ʊ̯ b ʏ n d n ɐ s
Graudenz	ɡ ʁ a ʊ̯ d ɛ n t͡s
Graudenz'	ɡ ʁ a ʊ̯ d ɛ n t͡s
Graudenzens	ɡ ʁ a ʊ̯ d ɛ n t͡s ə n s
Graudenzer	ɡ ʁ a ʊ̯ d ɛ n t͡s ɐ
Graudenzerin	ɡ ʁ a ʊ̯ d ɛ n t͡s ə ʁ ɪ n
Graudenzerinnen	ɡ ʁ a ʊ̯ d ɛ n t͡s ə ʁ ɪ n ə n
Graudenzers	ɡ ʁ a ʊ̯ d ɛ n t͡s ɐ s
Graudenzes	ɡ ʁ a ʊ̯ d ɛ n t͡s ə s
Grauelben	ɡ ʁ a ʊ̯ ɛ l b n̩
Graufuchses	ɡ ʁ a ʊ̯ f ʊ k s ə s
Graufüchse	ɡ ʁ a ʊ̯ f ʏ k s ə
Graugans	ɡ ʁ a ʊ̯ ɡ a n s
Graugans	ɡ ʁ a ʊ̯ ɡ a n t s
Graupapagei	ɡ ʁ a ʊ̯ p a p a ɡ a ɪ̯
Graupapageie	ɡ ʁ a ʊ̯ p a p a ɡ a ɪ̯ ə
Graupapageien	ɡ ʁ a ʊ̯ p a p a ɡ a ɪ̯ ə n
Graupapageis	ɡ ʁ a ʊ̯ p a p a ɡ a ɪ̯ s
Graus	ɡ ʁ a ʊ̯ s
Grause	ɡ ʁ a ʊ̯ z ə
Grauses	ɡ ʁ a ʊ̯ z ə s
Gravitationswelle	ɡ ʀ a v i t a t s i̯ oː n s v ɛ l ə
Grazer	ɡ ʁ aː t s ɐ
Greifswalder	ɡ ʁ a ɪ̯ f s v a l d ɐ
Greifswalders	ɡ ʁ a ɪ̯ f s v a l d ɐ s
Greifswalds	ɡ ʁ a ɪ̯ f s v a l t s
Greifvogel	ɡ ʁ a ɪ̯ f f oː ɡ l̩
Greifvogel	ɡ ʁ a ɪ̯ f oː ɡ l̩
Greis	ɡ ʀ a ɪ̯ s
Grenze	ɡ ʁ ɛ n t͡s ə
Grenzfall	ɡ ʁ ɛ n t s f a l
Grenzkontrolle	ɡ ʁ ɛ n t͡s k ɔ n t ʁ ɔ l ə
Grenzpendler	ɡ ʁ ɛ n t s p ɛ n d l ɐ
Grenzschließung	ɡ ʁ ɛ n t s ʃ l iː s ʊ ŋ
Grenzschutz	ɡ ʁ ɛ n t s ʃ ʊ t s
Greven	ɡ ʁ eː v n̩
Grevenbroich	ɡ ʁ eː v n̩ b ʁ oː χ
Grevener	ɡ ʁ eː v n̩ ɐ
Greveners	ɡ ʁ eː v n̩ ɐ s
Grevens	ɡ ʁ eː v n̩ s
Grieche	ɡ ʁ iː ç ə
Griechenland	ɡ ʁ iː ç n̩ l a n tʰ
Grieskirchen	ɡ ʁ iː s k ɪ ʁ ç n̩
Grieskirchener	ɡ ʁ iː s k ɪ ʁ ç n ɐ
Grieskirchenerin	ɡ ʁ iː s k ɪ ʁ ç n ə ʁ ɪ n
Grieskirchenerinnen	ɡ ʁ iː s k ɪ ʁ ç n ə ʁ ɪ n ə n
Grieskircheners	ɡ ʁ iː s k ɪ ʁ ç n ɐ s
Grieskirchens	ɡ ʁ iː s k ɪ ʁ ç n̩ s
Grieskirchner	ɡ ʁ iː s k ɪ ʁ ç n ɐ
Grieskirchnerin	ɡ ʁ iː s k ɪ ʁ ç n ə ʁ ɪ n
Grieskirchnerinnen	ɡ ʁ iː s k ɪ ʁ ç n ə ʁ ɪ n ə n
Grieskirchners	ɡ ʁ iː s k ɪ ʁ ç n ɐ s
Grießkloßes	ɡ ʁ iː s k l oː s ə s
Grießklöße	ɡ ʁ iː s k l øː s ə
Grießnockerl	ɡ ʁ iː s n ɔ k ɐ l
Griffbrett	ɡ ʁ ɪ f b ʁ ɛ t
Grillparty	ɡ ʁ ɪ l p aː ɐ̯ t i
Grippeimpfung	ɡ ʁ ɪ p ə ʔ ɪ m p͡f ʊ ŋ
Grobheit	ɡ r oː p h a ɪ̯ t
Grobian	ɡ ʁ oː b i aː n
Grobian	ɡ ʁ oː b j aː n
Grobschmied	ɡ ʁ oː p ʃ m iː t
Groitzsch	ɡ ʁ ɔ ɪ̯ t͡ʃ
Groninger	ɡ ʁ oː n ɪ ŋ ɐ
Groningerin	ɡ ʁ oː n ɪ ŋ ə ʁ ɪ n
Groningerinnen	ɡ ʁ oː n ɪ ŋ ə ʁ ɪ n ə n
Groningers	ɡ ʁ oː n ɪ ŋ ɐ s
Groschen	ɡ ʁ ɔ ʃ ə n
Grossdemonstration	ɡ r oː s d e m ɔ n s t r a t s i̯ oː n
Grosselfingen	ɡ ʁ ɔ s l̩ f ɪ ŋ ə n
Grosselfingens	ɡ ʁ ɔ s l̩ f ɪ ŋ ə n s
Grotius	ɡ ʁ oː t ɪ ʊ s
Großbauer	ɡ ʁ oː s b a ʊ̯ ɐ
Großbetrieb	ɡ ʁ oː s b ə t ʁ iː p
Großdemo	ɡ r oː s d e m ɔ
Großdemonstration	ɡ r oː s d e m ɔ n s t r a t s i̯ oː n
Großdeutschland	ɡ ʁ oː s d ɔ ɪ̯ t͡ʃ l a n t
Großfürsten	ɡ ʁ oː s f ʏ ɐ̯ s t n̩
Großfürsten	ɡ ʁ oː s f ʏ ʁ s t n̩
Großfürstentum	ɡ ʁ oː s f ʏ ʁ s t n̩ t uː m
Großfürstentumes	ɡ ʁ oː s f ʏ ʁ s t n̩ t uː m ə s
Großfürstentums	ɡ ʁ oː s f ʏ ʁ s t n̩ t uː m s
Großfürstentümer	ɡ ʁ oː s f ʏ ʁ s t n̩ t yː m ɐ
Großfürstin	ɡ ʁ oː s f ʏ ʁ s t ɪ n
Großhändler	ɡ ʁ oː s h ɛ n d l ɐ
Großhändlerin	ɡ ʁ oː s h ɛ n t l ə ʁ ɪ n
Großkirchener	ɡ ʁ oː s k ɪ ʁ ç n ɐ
Großkirchenerin	ɡ ʁ oː s k ɪ ʁ ç n ə ʁ ɪ n
Großkirchenerinnen	ɡ ʁ oː s k ɪ ʁ ç n ə ʁ ɪ n ə n
Großkircheners	ɡ ʁ oː s k ɪ ʁ ç n ɐ s
Großkirchens	ɡ ʁ oː s k ɪ ʁ ç n̩ s
Großkirchner	ɡ ʁ oː s k ɪ ʁ ç n ɐ
Großkirchnerin	ɡ ʁ oː s k ɪ ʁ ç n ə ʁ ɪ n
Großkirchnerinnen	ɡ ʁ oː s k ɪ ʁ ç n ə ʁ ɪ n ə n
Großkirchners	ɡ ʁ oː s k ɪ ʁ ç n ɐ s
Großkonzern	ɡ ʁ oː s k ɔ n t͡s ɛ ʁ n
Großmütterchen	ɡ ʁ oː s m ʏ t ɐ ç ə n
Großoffensive	ɡ ʁ oː s ɔ f ɛ n z iː v ə
Großschreiben	ɡ ʁ oː s ʃ ʁ a ɪ̯ b n̩
Großstädterin	ɡ ʁ oː s ʃ t ɛ t ə ʁ ɪ n
Großtante	ɡ ʁ oː s t a n t ə
Großteil	ɡ ʁ oː s t a ɪ̯ l
Großvieheinheit	ɡ ʁ oː s f iː ʔ a ɪ̯ n h a ɪ̯ t
Großväter	ɡ ʁ oː s f ɛː t ɐ
Großväterchen	ɡ ʁ oː s f ɛː t ɐ ç ə n
Großwetterlage	ɡ ʁ oː s v ɛ t ɐ l aː ɡ ə
Gruben	ɡ ʁ uː b n̩
Grubenunglück	ɡ ʁ uː b n̩ ʊ n ɡ l ʏ k
Gruber	ɡ ʁ uː b ɐ
Grubers	ɡ ʁ uː b ɐ s
Grundbesitz	ɡ ʁ ʊ n t b ə z ɪ t͡s
Grundbuch	ɡ ʁ ʊ n t b uː χ
Grundel	ɡ ʁ ʊ n d l̩
Grundfarbe	ɡ ʁ ʊ n t f a ʁ b ə
Grundgebirge	ɡ ʁ ʊ n t ɡ ə b ɪ ɐ̯ ɡ ə
Grundherr	ɡ ʁ ʊ n t h ɛ ʁ
Grundherrschaften	ɡ ʁ ʊ n t h ɛ ʁ ʃ a f t n̩
Grundkenntnis	ɡ ʁ ʊ n t k ɛ n t n ɪ s
Grundlagenvertrag	ɡ ʁ ʊ n t l aː ɡ n̩ f ɛ ɐ̯ t ʁ aː k
Grundrechten	ɡ ʁ ʊ n t ʁ ɛ ç t n̩
Grundregel	ɡ ʁ ʊ n t ʀ eː ɡ l̩
Grundsprache	ɡ ʁ ʊ n t ʃ p ʁ aː χ ə
Grundstücksverkehrsgenehmigungszuständigkeitsübertragungsverordnung	ɡ ʁ ʊ n t ʃ t ʏ k s f ɛ ɐ̯ k eː ɐ̯ s ɡ ə n eː m ɪ ɡ ʊ ŋ s t͡s uː ʃ t ɛ n d ɪ ç k a ɪ̯ t͡s ʔ yː b ɐ t ʁ aː ɡ ʊ ŋ s f ɛ ɐ̯ ʔ ɔ ʁ d n ʊ ŋ
Grundstückszubehör	ɡ ʁ ʊ n t ʃ t ʏ k s t͡s uː b ə h øː ɐ̯
Grundstückszubehöres	ɡ ʁ ʊ n t ʃ t ʏ k s t͡s uː b ə h øː ʁ ə s
Grundstückszubehörs	ɡ ʁ ʊ n t ʃ t ʏ k s t͡s uː b ə h øː ɐ̯ s
Grundton	ɡ ʁ ʊ n t t oː n
Grundtones	ɡ ʁ ʊ n t t oː n ə s
Grundtons	ɡ ʁ ʊ n t t oː n s
Grundtöne	ɡ ʁ ʊ n t t øː n ə
Grundvoraussetzung	ɡ ʁ ʊ n t f o ʁ a ʊ̯ s z ɛ t͡s ʊ ŋ
Gruppendenken	ɡ ʁ ʊ p ə n d ɛ ŋ k n̩
Gruppendenkens	ɡ ʁ ʊ p ə n d ɛ ŋ k n s̩
Gruppendruck	ɡ ʁ ʊ p ə n d ʁ ʊ k
Gruppendruckes	ɡ ʁ ʊ p ə n d ʁ ʊ k ə s
Gruppendrucks	ɡ ʁ ʊ p ə n d ʁ ʊ k s
Gruppenführer	ɡ ʁ ʊ p ə n f yː ʁ ɐ
Gruppenführers	ɡ ʁ ʊ p ə n f yː ʁ ɐ s
Gruppenzwang	ɡ ʁ ʊ p ə n t͡s v a ŋ
Gruselroman	ɡ ʁ uː z l̩ ʁ o m aː n
Gräben	ɡ ʁ ɛː b n̩
Grätzel	ɡ ʁ ɛ t͡s l̩
Gräueltat	ɡ ʁ ɔ ɪ̯ ə l t aː t
Grölen	ɡ ʁ øː l ə n
Grölen	ɡ ʁ øː l̩ n
Größenersparnis	ɡ ʁ øː s n̩ ʔ ɛ ɐ̯ ʃ p aː ɐ̯ n ɪ s
Größenvorteil	ɡ ʁ øː s n̩ f oː ɐ̯ t a ɪ̯ l
Grübchen	ɡ ʁ yː p ç ə n
Grün	ɡ r yː n
Grün	ɡ ʁ yː n
Grünanlage	ɡ ʁ yː n ʔ a n l aː ɡ ə
Grünbrücke	ɡ ʁ yː n b ʁ ʏ k ə
Grünbrücken	ɡ ʁ yː n b ʁ ʏ k n
Gründerin	ɡ ʁ ʏ n d ə ʁ ɪ n
Gründervater	ɡ ʁ ʏ n d ɐ f aː t ɐ
Gründungsprivileg	ɡ ʁ ʏ n d ʊ ŋ s p ʁ i v i l eː k
Gründünger	ɡ ʁ yː n d ʏ ŋ ɐ
Grünelben	ɡ ʁ yː n ɛ l b n̩
Grünenberger	ɡ ʁ yː n ə n b ɛ ʁ ɡ ɐ
Grünenbergerin	ɡ ʁ yː n ə n b ɛ ʁ ɡ ə ʁ ɪ n
Grünenbergerinnen	ɡ ʁ yː n ə n b ɛ ʁ ɡ ə ʁ ɪ n ə n
Grünenbergers	ɡ ʁ yː n ə n b ɛ ʁ ɡ ɐ s
Grünenbergs	ɡ ʁ yː n ə n b ɛ ʁ k s
Grünfink	ɡ ʁ yː n f ɪ ŋ k
Grünflügelara	ɡ ʁ yː n f l yː ɡ l̩ aː ʁ a
Grünflügelaras	ɡ ʁ yː n f l yː ɡ l̩ aː ʁ a s
Grünflügelsittich	ɡ ʁ yː n f l yː ɡ l̩ s ɪ t ɪ ç
Grünflügelsittiche	ɡ ʁ yː n f l yː ɡ l̩ s ɪ t ɪ ç ə
Grünflügelsittiches	ɡ ʁ yː n f l yː ɡ l̩ s ɪ t ɪ ç ə s
Grünflügelsittichs	ɡ ʁ yː n f l yː ɡ l̩ s ɪ t ɪ ç s
Grünlilie	ɡ ʁ yː n l iː l i̯ ə
Grünling	ɡ r yː n l ɪ ŋ
Grünling	ɡ ʁ yː n l ɪ ŋ
Grünpfeil	ɡ ʁ yː n p͡f a ɪ̯ l
Grünwangenamazone	ɡ ʁ yː n v a ŋ ə n ʔ a m a t͡s oː n ə
Grüßaugust	ɡ ʁ yː s ʔ a ʊ̯ ɡ ʊ s t
Grüßen	ɡ ʁ yː s n̩
Guckloch	k ʊ k l ɔ χ
Guckloch	ɡ ʊ k l ɔ χ
Guckloches	ɡ ʊ k l ɔ x ə s
Gucklochs	ɡ ʊ k l ɔ x s
Gucklöcher	ɡ ʊ k l œ ç ɐ
Guerillakrieg	ɡ e ʁ ɪ l j a k ʁ iː k
Gulaschkanonen	ɡ uː l a ʃ k a n oː n ə n
Gulden	ɡ ʊ l d n̩
Gulden	ɡ ʊ l d ə n
Gummiente	ɡ ʊ m i ʔ ɛ n t ə
Gunzenbach	ɡ ʊ n t͡s n̩ b a x
Gunzenbacher	ɡ ʊ n t͡s n̩ b a x ɐ
Gunzenbacherin	ɡ ʊ n t s n̩ b a x ə ʁ ɪ n
Gunzenbachers	ɡ ʊ n t͡s n̩ b a x ɐ s
Gunzenbachs	ɡ ʊ n t͡s n̩ b a x s
Gunzendorf	ɡ ʊ n t͡s n̩ d ɔ ʁ f
Gunzendorfer	ɡ ʊ n t͡s n̩ d ɔ ʁ f ɐ
Gunzendorferin	ɡ ʊ n t͡s n̩ d ɔ ʁ f ə ʁ ɪ n
Gunzendorfers	ɡ ʊ n t͡s n̩ d ɔ ʁ f ɐ s
Gunzendorfs	ɡ ʊ n t͡s n̩ d ɔ ʁ f s
Gunzenheim	ɡ ʊ n t͡s n̩ h a ɪ̯ m
Gunzenheimer	ɡ ʊ n t͡s n̩ h a ɪ̯ m ɐ
Gunzenheimerin	ɡ ʊ n t͡s n̩ h a ɪ̯ m ə ʁ ɪ n
Gunzenheimers	ɡ ʊ n t͡s n̩ h a ɪ̯ m ɐ s
Gunzenheims	ɡ ʊ n t͡s n̩ h a ɪ̯ m s
Guppy	ɡ ʊ p i
Gur	ɡ u ɐ̯
Gur	ɡ uː ɐ̯
Gurgel	ɡ ʊ ʁ ɡ l̩
Gurke	ɡ ʊ ɐ̯ k ə
Gurke	ɡ ʊ ɐ̯ k ɛ
Gurke	ɡ ʊ ʁ k ə
Gurke	ɡ ʊ ʁ k ɛ
Gurkenbeet	b̥ eː t
Gurkenkraut	k ʁ a ɔ̯ t
Gurkenscheibe	ɡ ʊ ʁ k n̩ ʃ a ɪ̯ b ə
Gusseisensäule	ɡ ʊ s ʔ a ɪ̯ z n̩ z ɔ ɪ̯ l ə
Gusseisensäulen	ɡ ʊ s ʔ a ɪ̯ z n̩ z ɔ ɪ̯ l n̩
Gusseisensäulen	ɡ ʊ s ʔ a ɪ̯ z n̩ z ɔ ɪ̯ l ə n
Gutachten	ɡ uː t ʔ a χ t n̩
Gutedel	ɡ uː t ʔ eː d l̩
Gutenachtgeschichte	ɡ uː t ə n a x t ɡ ə ʃ ɪ ç t ə
Gutenberg	ɡ uː t ə n b ɛ ʁ k
Gutenberger	ɡ uː t ə n b ɛ ʁ ɡ ɐ
Gutenbergerin	ɡ uː t ə n b ɛ ʁ ɡ ə ʁ ɪ n
Gutenbergerinnen	ɡ uː t ə n b ɛ ʁ ɡ ə ʁ ɪ n ə n
Gutenbergers	ɡ uː t ə n b ɛ ʁ ɡ ɐ s
Gutenbergs	ɡ uː t ə n b ɛ ʁ k s
Gutenbrunn	ɡ uː t ə n b ʁ ʊ n
Gutenbrunner	ɡ uː t ə n b ʁ ʊ n ɐ
Gutenbrunnerin	ɡ uː t ə n b ʁ ʊ n ə ʁ ɪ n
Gutenbrunnerinnen	ɡ uː t ə n b ʁ ʊ n ə ʁ ɪ n ə n
Gutenbrunners	ɡ uː t ə n b ʁ ʊ n ɐ s
Gutenbrunns	ɡ uː t ə n b ʁ ʊ n s
Gutenstein	ɡ uː t ə n ʃ t a ɪ̯ n
Gutensteiner	ɡ uː t ə n ʃ t a ɪ̯ n ɐ
Gutensteinerin	ɡ uː t ə n ʃ t a ɪ̯ n ə ʁ ɪ n
Gutensteinerinnen	ɡ uː t ə n ʃ t a ɪ̯ n ə ʁ ɪ n ə n
Gutensteiners	ɡ uː t ə n ʃ t a ɪ̯ n ɐ s
Gutensteins	ɡ uː t ə n ʃ t a ɪ̯ n s
Gutgläubigkeit	ɡ uː t ɡ l ɔ ɪ̯ b ɪ k k a ɪ̯ t
Gutgläubigkeit	ɡ uː t ɡ l ɔ ɪ̯ b ɪ ç k a ɪ̯ t
Guthknecht	ɡ uː t k n ɛ ç t
Gutknecht	ɡ uː t k n ɛ ç t
Gutschrift	ɡ uː t ʃ ʁ ɪ f t
Guttun	ɡ uː t t uː n
Gwop	ɡ v ɔ p
Gwop	ɡ w ɔ p
Gwop	ɡ ʊ̯ ɔ p
Gäbelein	ɡ ɛː b ə l a ɪ̯ n
Gänsefingerkraut	ɡ ɛ n z ə f ɪ ŋ ɐ k ʁ a ʊ̯ t
Gänsefingerkrautes	ɡ ɛ n z ə f ɪ ŋ ɐ k ʁ a ʊ̯ t ɐ s
Gänsefingerkrauts	ɡ ɛ n z ə f ɪ ŋ ɐ k ʁ a ʊ̯ t s
Gänsefingerkräuter	ɡ ɛ n z ə f ɪ ŋ ɐ k ʁ ɔ ɪ̯ t ɐ
Gänsefüßchen	ɡ ɛ n z ə f yː s ç ə n
Gänsemast	ɡ ɛ n z ə m a s t
Gänsemasten	ɡ ɛ n z ə m a s t n̩
Gärling	ɡ ɛː ɐ̯ l ɪ ŋ
Gärtnerei	ɡ ɛ ɐ̯ t n ə ʁ a ɪ̯
Gäule	ɡ ɔ ɪ̯ l ə
Gödel	ɡ øː d l̩
Gönnen	ɡ œ n ə n
Göppinger	ɡ œ p ɪ ŋ ɐ
Göppingerin	ɡ œ p ɪ ŋ ə ʁ ɪ n
Göppingerinnen	ɡ œ p ɪ ŋ ə ʁ ɪ n ə n
Göppingers	ɡ œ p ɪ ŋ ɐ s
Gössel	ɡ œ s l̩
Göteborger	ɡ øː t ə b ɔ ʁ ɡ ɐ
Göteborgerin	ɡ øː t ə b ɔ ʁ ɡ ə ʁ ɪ n
Göteborgerinnen	ɡ øː t ə b ɔ ʁ ɡ ə ʁ ɪ n ə n
Göteborgers	ɡ øː t ə b ɔ ʁ ɡ ɐ s
Götterbild	ɡ œ t ɐ b ɪ l t
Götterdämmerung	ɡ œ t ɐ d ɛ m ə ʁ ʊ ŋ
Göttibub	ɡ œ t ɪ b uː p
Gürtel	ɡ ʏ ɐ̯ t l̩
Gürtellinie	ɡ ʏ ʁ t l̩ l iː n i̯ ə
Güterbahnhof	ɡ yː t ɐ b aː n h oː f
Gütern	ɡ yː t ɐ n
Güterwagen	ɡ yː t ɐ v aː ɡ n̩
HU	h aː ʔ uː
Haar	h aː
Haar	h aː ɐ̯
Haar	h aː ʁ
Haaren	h aː n
Haaren	h aː ɐ n
Haaren	h aː ɐ̯ n
Haaren	h aː ʁ ə n
Haarknoten	h aː ɐ̯ k n oː t n̩
Haarknoten	k n oː t ə n
Haarshampoo	h aː ɐ̯ ʃ a m p u
Haarshampoo	h aː ʁ ʃ a m p u
Haartrockner	h aː t ʁ ɔ k n ɐ
Haartrockner	h aː ɐ̯ t ʁ ɔ k n ɐ
Haarwirbel	h aː ɐ̯ v ɪ ʁ b l̩
Haben	h aː b m̩
Haben	h aː b n̩
Haben	h aː b ə n
Habens	h aː b n̩ s
Habsburg	h aː p s b ʊ ʁ k
Hackschnitzel	h a k ʃ n ɪ t͡s l̩
Hackschnitzels	h a k ʃ n ɪ t͡s l̩ s
Hafenanlage	h aː f ə n ʔ a n l aː ɡ ə
Hafenbecken	h aː f ə n b ɛ k n̩
Hafenmeister	h aː f n̩ m a ɪ̯ s t ɐ
Hafenmeisterin	h aː f n̩ m a ɪ̯ s t ə ʁ ɪ n
Hafergrützen	h aː f ɐ ɡ ʁ ʏ t͡s n̩
Haffner	h a f n ɐ
Hafner	h aː f n ɐ
Haftentlassung	h a f t ʔ ɛ n t l a s ʊ ŋ
Haftschale	h a f t ʃ aː l ə
Haftschalen	h a f t ʃ aː l ə n
Haftungsausschluss	h a f t ʊ ŋ s a ʊ̯ s ʃ l ʊ s
Hagebuttentees	h aː ɡ ə b ʊ t n̩ t eː s
Hagen	h aː ɡ ŋ̩
Hagener	h aː ɡ ə n ɐ
Hagenerin	h aː ɡ ə n ə ʁ ɪ n
Hagenerinnen	h aː ɡ ə n ə ʁ ɪ n ə n
Hageners	h aː ɡ ə n ɐ s
Hahnenkamm	h aː n ə n k a m
Haidlmayr	h a ɪ̯ d l̩ m a ɪ̯ ɐ̯
Hainbuche	h a ɪ̯ m b uː x ə
Hainbuche	h a ɪ̯ n b uː x ə
Hainbuchen	h a ɪ̯ n b uː x n̩
Halbbruder	h a l p b ʁ uː d ɐ
Halbbruders	h a l p b ʁ uː d ɐ s
Halbbrüder	h a l p b ʁ yː d ɐ
Halbe	h a l b ə
Halbelben	h a l p ɛ l b n̩
Halbfinale	h a l p f i n aː l ə
Halbgeviertstrich	h a l p ɡ ə f iː ɐ̯ t ʃ t ʁ ɪ ç
Halbgotisch	h a l p ɡ oː t i ʃ
Halbleitertechnik	h a l p l a ɪ̯ t ɐ t ɛ ç n ɪ k
Halbleitertechniken	h a l p l a ɪ̯ t ɐ t ɛ ç n ɪ k n̩
Halbleitertechniken	h a l p l a ɪ̯ t ɐ t ɛ ç n ɪ k ŋ̩
Halblicht	h a l p l ɪ ç t
Halbschlaf	h a l p ʃ l aː f
Halbwertszeit	h a l p v eː ɐ̯ t͡s t͡s a ɪ̯ t
Halfter	h a l f t ɐ
Hallenser	h a l ɛ n z ɐ
Hallenserin	h a l ɛ n z ə ʁ ɪ n
Hallensers	h a l ɛ n z ɐ s
Hallstattzeit	h a l ʃ t a t t͡s a ɪ̯ t
Halo	h aː l o
Halogen	h a l o ɡ eː n
Halogenlampe	h a l o ɡ eː n l a m p ə
Halonen	h a l oː n ə n
Halos	h aː l o s
Hals	h a l s
Hals	h a l t s
Halsausschnitt	h a l s ʔ a ʊ̯ s ʃ n ɪ t
Halsband	h a l t͡s b a n t
Halsbandes	h a l s b a n d ə s
Halsbands	h a l s b a n t s
Halsbandsittich	h a l t͡s b a n t s ɪ t ɪ ç
Halsbänder	h a l s b ɛ n d ɐ
Halskrausen	k ʁ a ʊ̯ z n̩
Halskrausen	k ʁ a ʊ̯ z ə n
Halten	h a l t n̩
Haltepunkt	h a l t ə p ʊ ŋ k t
Halter	h a l t ɐ
Halters	h a l t ɐ s
Haltung	h a l t ʊ ŋ
Haltungsjournalismus	h a l t ʊ ŋ s ʒ ʊ ɐ̯ n a l ɪ s m ʊ s
Hamburg	h a m b ʊ ɪ̯ ç
Hamburgs	h a m b ʊ ʁ k s
Hamen	h aː m ə n
Hammerwerfen	h a m ɐ v ɛ ʁ f n̩
Hammerwerfer	h a m ɐ v ɛ ʁ f ɐ
Hammerwurf	h a m ɐ v ʊ ʁ f
Hamsterrad	h a m s t ɐ ʁ aː t
Hanauer	h aː n a ʊ̯ ɐ
Hanauerin	h aː n a ʊ̯ ə ʁ ɪ n
Hanauers	h aː n a ʊ̯ ɐ s
Hand	h ɑ n d̥
Handeln	h a n d l̩ n
Handelsbeschränkung	h a n d l̩ s b ə ʃ ʁ ɛ ŋ k ʊ ŋ
Handelsbeziehung	h a n d l̩ s b e t͡s iː ʊ ŋ
Handelsbilanz	h a n d l̩ s b i l a n t͡s
Handelsgewinn	h a n d l̩ s ɡ ə v ɪ n
Handelskonflikt	h a n d l̩ s k ɔ n f l ɪ k t
Handelskrieg	h a n d l̩ s k ʁ iː k
Handelsliquidität	h a n d l̩ s l i k v i d i t ɛː t
Handelspartner	h a n d l̩ s p a ʁ t n ɐ
Handelsplattform	h a n d l s p l a t f ɔ ʁ m
Handelsrecht	h a n d l̩ s ʁ ɛ ç t
Handelsrechte	h a n d l̩ s ʁ ɛ ç t ə
Handelsrechtes	h a n d l̩ s ʁ ɛ ç t ə s
Handelsrechtler	h a n d l̩ s ʁ ɛ ç t l ɐ
Handelsrechtlerin	h a n d l̩ s ʁ ɛ ç t l ə ʁ ɪ n
Handelsrechtlerinnen	h a n d l̩ s ʁ ɛ ç t l ə ʁ ɪ n ə n
Handelsrechtlers	h a n d l̩ s ʁ ɛ ç t l ɐ s
Handelsrechts	h a n d l̩ s ʁ ɛ ç f t͡s
Handelsreisende	h a n d l̩ s ʁ a ɪ̯ z n̩ d ə
Handelsreisenden	h a n d l̩ s ʁ a ɪ̯ z n̩ d ə n
Handelsreisender	h a n d l̩ s ʁ a ɪ̯ z n̩ d ɐ
Handelsspanne	h a n d l̩ s ʃ p a n ə
Handelsstopp	h a n d l̩ s t ɔ p
Handelsvolumen	h a n d l̩ s v o l uː m ə n
Handelsweg	h a n d l̩ s v eː k
Handelswege	h a n d l̩ s v eː ɡ ə
Handelsweges	h a n d l̩ s v eː ɡ ə s
Handelswegs	h a n d l̩ s v eː k s
Handfeuerwaffe	h a n t f ɔ ʏ̯ ɐ v a f ə
Handhaben	h a n t h aː b n̩
Handhaber	h a n t h aː b ɐ
Handhaberin	h a n t h aː b ə ʁ ɪ n
Handhabers	h a n t h aː b ɐ s
Handlangerin	h a n t l a ŋ ə ʁ ɪ n
Handlungsbedarf	h a n d l ʊ ŋ s b ə d a ʁ f
Handlungsbevollmächtigte	h a n d l ʊ ŋ s b ə f ɔ l m ɛ ç t ɪ ç t ə
Handlungsbevollmächtigten	h a n d l ʊ ŋ s b ə f ɔ l m ɛ ç t ɪ ç t n̩
Handlungsbevollmächtigter	h a n d l ʊ ŋ s b ə f ɔ l m ɛ ç t ɪ ç t ɐ
Handlungsreisende	h a n d l ʊ ŋ s ʀ a ɪ̯ z n̩ d ə
Handlungsreisenden	h a n d l ʊ ŋ s ʁ a ɪ̯ z n̩ d ə n
Handlungsreisender	h a n d l ʊ ŋ s ʀ a ɪ̯ z n̩ d ɐ
Handlungsweise	h a n d l ʊ ŋ s v a ɪ̯ z ə
Handschar	h a n d͡ʒ a
Handschar	h a n d͡ʒ a ɐ̯
Handschar	h a n d͡ʒ a ʁ
Handschar	h a n t ʃ aː
Handschar	h a n t ʃ aː ɐ̯
Handschellen	h a n t ʃ ɛ l n̩
Handschellen	h a n t ʃ ɛ l ə n
Handseife	h a n t z a ɪ̯ f ə
Handstützüberschlag	h a n t ʃ t ʏ t͡s yː b ɐ ʃ l aː k
Handstützüberschlages	h a n t ʃ t ʏ t͡s yː b ɐ ʃ l aː ɡ ə s
Handstützüberschlags	h a n t ʃ t ʏ t͡s yː b ɐ ʃ l aː k s
Handstützüberschläge	h a n t ʃ t ʏ t͡s yː b ɐ ʃ l ɛː ɡ ə
Handtasche	h a n t t a ʃ ə
Handwerkskunst	h a n t v ɛ ʁ k s kʰ ʊ n s t
Handwerksmeisterin	h a n t v ɛ ʁ k s m a ɪ̯ s t ə ʁ ɪ n
Handyspiele	h ɛ n d i ʃ p iː l ə
Handyspielen	h ɛ n d i ʃ p iː l ə n
Handyspieles	h ɛ n d i ʃ p iː l ə s
Handyspiels	h ɛ n d i ʃ p iː l s
Handzettels	h a n t t͡s ɛ t l̩ s
Hanf	h a ɱ f
Hanna	h a n a
Hansestadt	h a n z ə ʃ t a t
Hansestädte	h a n z ə ʃ t ɛ t ə
Hanswurst	h a n s v ʊ ʁ s t
Happen	h a p m̩
Happen	h a p ə n
Hapsburg	h aː p s b ʊ ʁ k
Hardwareentwickler	h aː ɐ̯ t v ɛː ɐ̯ ʔ ɛ n t v ɪ k l ə ʁ ɪ n
Hardwareentwicklerin	h aː ɐ̯ t v ɛː ɐ̯ ʔ ɛ n t v ɪ k l ə ʁ ɪ n
Hardwares	h aː ɐ̯ t w ɛː ɐ̯ s
Harfe	h a ɐ̯ f ə
Harfe	h a ʁ f ə
Harfe	h aː f ə
Harfenspiel	h a r f n̩ ʃ p iː l
Harmonika	h a ʁ m oː n i k a
Harn	h a ɐ̯ n
Harn	h a ʁ n
Harn	h aː n
Harnisch	h a ʁ n ɪ ʃ
Harpunier	h a ʁ p u n iː ɐ̯
Harsewinkel	h a ɐ̯ z ə v ɪ ŋ k l
Hartheim	h a ʁ t h a ɪ̯ m
Hartheimer	h a ʁ t h a ɪ̯ m ɐ
Hartheimerin	h a ʁ t h a ɪ̯ m ə ʁ ɪ n
Hartheimers	h a ʁ t h a ɪ̯ m ɐ s
Hartheims	h a ʁ t h a ɪ̯ m s
Hartkaramelle	h a ɐ̯ t k a ʁ a m ɛ l ə
Hartnäckigkeit	h a ʁ t n ɛ k i k k a ɪ̯ t
Hartnäckigkeit	h a ʁ t n ɛ k i ç k a ɪ̯ t
Hartriegel	h a ʁ t ʁ iː ɡ l̩
Harz	h a ɐ̯ t͡s
Harz	h a ʁ t͡s
Harz	h aː t͡s
Harz	h aː ɐ̯ t͡s
Harz	h aː ʁ t͡s
Haschen	h a ʃ n̩
Haselhuhn	h aː z l̩ h uː n
Haselnuss	h aː z l̩ n ʊ s
Haselnusskern	h aː z l̩ n ʊ s k ɛ ʁ n
Haselnusskerne	h aː z l̩ n ʊ s k ɛ ʁ n ə
Haselnusskernes	h aː z l̩ n ʊ s k ɛ ʁ n ə s
Haselnusskerns	h aː z l̩ n ʊ s k ɛ ʁ n s
Haselnussschale	h aː z l̩ n ʊ s ʃ aː l ə
Haselnussschalen	h aː z l̩ n ʊ s ʃ aː l ə n
Haselnussöl	h aː z l̩ n ʊ s ʔ øː l
Haselnussöle	h aː z l̩ n ʊ s ʔ øː l ə
Haselnussöles	h aː z l̩ n ʊ s ʔ øː l ə s
Haselnussöls	h aː z l̩ n ʊ s ʔ øː l s
Haselnußöl	h aː z l̩ n ʊ s ʔ øː l
Haselnüsschen	h aː z l̩ n ʏ s ç ə n
Hasenfüße	h aː z ə n f ʏː s ə
Hasenscharte	h aː z n̩ ʃ a ʁ t ə
Haspe	h a s p ə
Hass	h a s
Hasser	h a s ɐ
Hasserin	h a s ə ʁ ɪ n
Hattingen	h a t ɪ ŋ ə n
Hattrick	h ɛ t ʁ ɪ k
Haubenammer	h a ʊ̯ b n̩ ʔ a m ɐ
Haubenammern	h a ʊ̯ b n̩ ʔ a m ɐ n
Haubentaucher	h a ʊ̯ b n̩ t a ʊ̯ x ɐ
Haue	h a ʊ̯ ə
Hauers	h a ʊ̯ ɐ s
Haufenwolke	h a ʊ̯ f n̩ v ɔ l k ə
Haufenwolken	h a ʊ̯ f n̩ v ɔ l k ə n
Hauptakkord	h a ʊ̯ p t ʔ a k ɔ ʁ t
Hauptakkorde	h a ʊ̯ p t ʔ a k ɔ ʁ d ə
Hauptakkordes	h a ʊ̯ p t ʔ a k ɔ ʁ d ə s
Hauptakkords	h a ʊ̯ p t ʔ a k ɔ ʁ t s
Hauptbetonungszeichen	h a ʊ̯ p t b ə t oː n ʊ ŋ s t͡s a ɪ̯ ç n̩
Haupteingang	h a ʊ̯ p t ʔ a ɪ̯ n ɡ a ŋ
Hauptfrau	h a ʊ̯ p t f ʁ a ʊ̯
Hauptgang	h a ʊ̯ p t ɡ a ŋ
Hauptgange	h a ʊ̯ p t ɡ a ŋ ə
Hauptganges	h a ʊ̯ p t ɡ a ŋ ə s
Hauptgangs	h a ʊ̯ p t ɡ a ŋ s
Hauptgegenstand	h a ʊ̯ p t ɡ eː ɡ n̩ ʃ t a n t
Hauptgänge	h a ʊ̯ p t ɡ ɛ ŋ ə
Hauptgängen	h a ʊ̯ p t ɡ ɛ ŋ ə n
Haupthaar	h a ʊ̯ p t h aː ɐ̯
Hauptklage	h a ʊ̯ p t k l aː ɡ ə
Hauptprozessor	h a ʊ̯ p t p ʁ o t͡s ɛ s oː ɐ̯
Hauptpunkt	h a ʊ̯ p t p ʊ ŋ k t
Hauptpunkte	h a ʊ̯ p t p ʊ ŋ k t ə
Hauptpunktes	h a ʊ̯ p t p ʊ ŋ k t ə s
Hauptpunkts	h a ʊ̯ p t p ʊ ŋ k t s
Hauptquartier	h a ʊ̯ p t k v a ʁ t iː ɐ̯
Hauptrefinanzierungsinstrument	h a ʊ̯ p t ʁ e f i n a n t͡s iː ʁ ʊ ŋ s ʔ ɪ n s t ʁ u m ɛ n t
Hauptregel	h a ʊ̯ p t r eː ɡ l̩
Hauptschiff	h a ʊ̯ p t ʃ ɪ f
Hauptschriftleiter	h a ʊ̯ p t ʃ r ɪ f t l a ɪ̯ t ɐ
Hauptschriftleiterin	h a ʊ̯ p t ʃ r ɪ f t l a ɪ̯ t ə ʁ ɪ n
Hauptschriftleitern	h a ʊ̯ p t ʃ r ɪ f t l a ɪ̯ t ɐ n
Hauptschriftleiters	h a ʊ̯ p t ʃ r ɪ f t l a ɪ̯ t ɐ s
Hauptstück	h a ʊ̯ p t ʃ t ʏ k
Hauptstücke	h a ʊ̯ p t ʃ t ʏ k ə
Hauptstückes	h a ʊ̯ p t ʃ t ʏ k ə s
Hauptstücks	h a ʊ̯ p t ʃ t ʏ k s
Hauptthemas	h a ʊ̯ p t t eː m a s
Hauptthemen	h a ʊ̯ p t t eː m ə n
Hauptton	h a ʊ̯ p t t oː n
Hauptverkehrszeit	h a ʊ̯ p t f ɛ ɐ̯ k eː ɐ̯ s t͡s a ɪ̯ t
Haus	h a ʊ̯ s
Hausanteilen	h a ʊ̯ s ʔ a n t a ɪ̯ l ə n
Hausarrest	h a ʊ̯ s a ʁ ɛ s t
Hausarrest	h a ʊ̯ s ʔ a ʁ ɛ s t
Hause	h a ʊ̯ z ə
Hauseingang	h a ʊ̯ s ʔ a ɪ̯ n ɡ a ŋ
Hausente	h a ʊ̯ s ʔ ɛ n t ə
Hausfrauenpanzer	h a ʊ̯ s f ʁ a ʊ n̩ p a n t͡s ɐ
Hausfronten	h a ʊ̯ s f ʁ ɔ n t n̩
Hausgang	h a ʊ̯ s ɡ a ŋ
Haushalten	h a ʊ̯ s h a l t n̩
Haushalter	h a ʊ̯ s h a l t ɐ
Haushaltsausschüsse	h a ʊ̯ s h a l t͡s ʔ a ʊ̯ s ʃ ʏ s ə
Haushaltsjahres	h a ʊ̯ s h a l t͡s j aː ʁ ə s
Hauskaninchen	h a ʊ̯ s k a n iː n ç ə n
Hausmeier	h a ʊ̯ s m a ɪ̯ ɐ
Hausmusik	h a ʊ̯ s m u z iː k
Hausnummer	h a ʊ̯ s n ʊ m ɐ
Hausrezept	h a ʊ̯ s ʁ e t͡s ɛ p t
Hausrezepte	h a ʊ̯ s ʁ e t͡s ɛ p t ə
Hausrezeptes	h a ʊ̯ s ʁ e t͡s ɛ p t ə s
Hausrezepts	h a ʊ̯ s ʁ e t͡s ɛ p t͡s
Hausstaub	h a ʊ̯ s ʃ t a ʊ̯ p
Haustier	h a ʊ̯ s t iː ɐ̯
Haustürgriff	h a ʊ̯ s t yː ɐ̯ ɡ ʁ ɪ f
Haustürgriffe	h a ʊ̯ s t yː ɐ̯ ɡ ʁ ɪ f ə
Haustürgriffes	h a ʊ̯ s t yː ɐ̯ ɡ ʁ ɪ f ə s
Haustürgriffs	h a ʊ̯ s t yː ɐ̯ ɡ ʁ ɪ f s
Hausunterricht	h a ʊ̯ s ʔ ʊ n t ɐ r ɪ ç t
Hauswanze	h a ʊ̯ s v a n t s ə
Hauswurtz	h a ʊ̯ s v ʊ ʁ t͡s
Hauswurz	h a ʊ̯ s v ʊ ʁ t͡s
Hauswurzen	h a ʊ̯ s v ʊ ʁ t͡s n̩
Hautentzündung	h a ʊ t ʔ ɛ n t t s ʏ n d ʊ ŋ
Havemann	h aː v ə m a n
Havemanns	h aː v ə m a n s
Hawemann	h aː v ə m a n
Haßberger	h a s b ɛ ʁ ɡ ɐ
Haßbergerin	h a s b ɛ ʁ ɡ ə ʁ ɪ n
Haßbergers	h a s b ɛ ʁ ɡ ɐ s
Haßberges	h a s b ɛ ʁ ɡ ə s
Haßfurter	h a s f ʊ ʁ t ɐ
Haßfurterin	h a s f ʊ ʁ t ə ʁ ɪ n
Haßfurters	h a s f ʊ ʁ t ɐ s
Hebel	h eː b l̩
Hebelwirkung	h eː b l̩ v ɪ ʁ k ʊ ŋ
Hebraistik	h e b ʁ a ɪ s t ɪ kʰ
Hecke	h ɛ kʰ ə
Heddinghausen	h ɛ d ɪ ŋ h a ʊ̯ z ə n
Heddinghausener	h ɛ d ɪ ŋ h a ʊ̯ z n̩ ɐ
Heddinghausenerin	h ɛ d ɪ ŋ h a ʊ̯ z n̩ ə ʁ ɪ n
Heddinghausenerinnen	h ɛ d ɪ ŋ h a ʊ̯ z n̩ ə ʁ ɪ n ə n
Heddinghauseners	h ɛ d ɪ ŋ h a ʊ̯ z n̩ ɐ s
Heddinghausens	h ɛ d ɪ ŋ h a ʊ̯ z ə n s
Hedgefonds	h ɛ d ʒ f ɔ̃ː
Hedging	h ɛ d͡ʒ ɪ ŋ
Heepen	h eː p m̩
Heepen	h eː p ə n
Heer	h eː ɐ̯
Heer	h ɛ ɐ̯
Hefeextrakt	h eː f ə ʔ ɛ k s t ʁ a k t
Hefen	h eː f ɱ̍
Hefeteig	h eː f ə t a ɪ̯ k
Heftklammer	h ɛ f t k l a m ɐ
Hegen	h eː ɡ ŋ
Heidekraut	h a ɪ̯ d ə k ʁ a ʊ̯ t
Heidekrautes	h a ɪ̯ d ə k ʁ a ʊ̯ t ə s
Heidekrauts	h a ɪ̯ d ə k ʁ a ʊ̯ t s
Heidekräuter	h a ɪ̯ d ə k ʁ ɔ ɪ̯ t ɐ
Heidelberger	h a ɪ̯ d l̩ b ɛ ʁ ɡ ɐ
Heidelbergerin	h a ɪ̯ d l̩ b ɛ ʁ ɡ ə ʁ ɪ n
Heidelbergerinnen	h a ɪ̯ d l̩ b ɛ ʁ ɡ ə ʁ ɪ n ə n
Heidelbergs	h a ɪ̯ d l̩ b ɛ ʁ k s
Heidenheimer	h a ɪ̯ d n̩ h a ɪ̯ m ɐ
Heidenheimerin	h a ɪ̯ d n̩ h a ɪ̯ m ə ʁ ɪ n
Heidenheimers	h a ɪ̯ d n̩ h a ɪ̯ m ɐ s
Heidenheims	h a ɪ̯ d n̩ h a ɪ̯ m s
Heidenreichstein	h a ɪ̯ d n̩ ʁ a ɪ̯ ç ʃ t a ɪ̯ n
Heidenreichsteiner	h a ɪ̯ d n̩ ʁ a ɪ̯ ç ʃ t a ɪ̯ n ɐ
Heidenreichsteinerin	h a ɪ̯ d n̩ ʁ a ɪ̯ ç ʃ t a ɪ̯ n ə ʁ ɪ n
Heidenreichsteinerinnen	h a ɪ̯ d n̩ ʁ a ɪ̯ ç ʃ t a ɪ̯ n ə ʁ ɪ n ə n
Heidenreichsteiners	h a ɪ̯ d n̩ ʁ a ɪ̯ ç ʃ t a ɪ̯ n ɐ s
Heidenreichsteins	h a ɪ̯ d n̩ ʁ a ɪ̯ ç ʃ t a ɪ̯ n s
Heidesheimer	h a ɪ̯ d ə s h a ɪ̯ m ɐ
Heidesheimerin	h a ɪ̯ d ə s h a ɪ̯ m ə ʁ ɪ n
Heidesheimers	h a ɪ̯ d ə s h a ɪ̯ m ɐ s
Heidesheims	h a ɪ̯ d ə s h a ɪ̯ m s
Heidfeld	h a ɪ t f ɛ l t
Heidfelds	h a ɪ t f ɛ l t s
Heidmann	h a ɪ t m a n
Heidmanns	h a ɪ̯ t m a n s
Heiermann	h a ɪ̯ ɐ m a n
Heilbronner	h a ɪ̯ l b ʁ ɔ n ɐ
Heilbronnerin	h a ɪ̯ l b ʁ ɔ n ə ʁ ɪ n
Heilbronnerinnen	h a ɪ̯ l b ʁ ɔ n ə ʁ ɪ n ə n
Heilbronners	h a ɪ̯ l b ʁ ɔ n ɐ s
Heilemann	h a ɪ̯ l ə m a n
Heilemanns	h a ɪ̯ l ə m a n s
Heilige	h a ɪ̯ l ɪ ɡ ə
Heiligenberg	h a ɪ l ɪ ɡ ŋ̍ b ɛ r k
Heiligenberger	h a ɪ l ɪ ɡ ŋ̍ b ɛ ʁ ɡ ɐ
Heiligenbergerin	h a ɪ l ɪ ɡ ŋ̍ b ɛ ʁ ɡ ə ʁ ɪ n
Heiligenbergerinnen	h a ɪ l ɪ ɡ ŋ̍ b ɛ ʁ ɡ ə ʁ ɪ n ə n
Heiligenbergers	h a ɪ l ɪ ɡ ŋ̍ b ɛ ʁ ɡ ɐ s
Heiligenbergs	h a ɪ l ɪ ɡ ŋ̍ b ɛ r k s
Heilkundler	h a ɪ̯ l k ʊ n d l ɐ
Heilkundlerin	h a ɪ̯ l k ʊ n d l ə ʁ ɪ n
Heilkundlerinnen	h a ɪ̯ l k ʊ n d l ə ʁ ɪ n ə n
Heilkundlers	h a ɪ̯ l k ʊ n d l ɐ s
Heilmann	h a ɪ̯ l m a n
Heilmanns	h a ɪ̯ l m a n s
Heimatdichter	h a ɪ̯ m a t d ɪ ç t ɐ
Heimatfilm	h a ɪ̯ m a t f ɪ l m
Heimatkunde	h a ɪ̯ m aː t k ʊ n d ə
Heimatort	h a ɪ̯ m a t ʔ ɔ ʁ t
Heimatorte	h a ɪ̯ m a t ʔ ɔ ʁ t ə
Heimatorten	h a ɪ̯ m a t ʔ ɔ ʁ t n̩
Heimatortes	h a ɪ̯ m a t ʔ ɔ ʁ t ə s
Heimatorts	h a ɪ̯ m a t ʔ ɔ ʁ t s
Heimatvertriebener	h a ɪ̯ m a t f ɐ t ʁ iː b ə n ɐ
Heimatvertriebener	h a ɪ̯ m aː t f ɐ t ʁ iː b ə n ɐ
Heimcomputer	h a ɪ̯ m k ɔ m p j uː t ɐ
Heimerdinger	h a ɪ̯ m ɐ d ɪ ŋ ɐ
Heimerdingerin	h a ɪ̯ m ɐ d ɪ ŋ ə ʁ ɪ n
Heimerdingerinnen	h a ɪ̯ m ɐ d ɪ ŋ ə ʁ ɪ n ə n
Heimerdingers	h a ɪ̯ m ɐ d ɪ ŋ ɐ s
Heimertinger	h a ɪ̯ m ɐ t ɪ ŋ ɐ
Heimertingerin	h a ɪ̯ m ɐ t ɪ ŋ ə ʁ ɪ n
Heimertingerinnen	h a ɪ̯ m ɐ t ɪ ŋ ə ʁ ɪ n ə n
Heimertingers	h a ɪ̯ m ɐ t ɪ ŋ ɐ s
Heimerzheimer	h a ɪ̯ m ə t s a ɪ̯ m ɐ
Heimerzheimerin	h a ɪ̯ m ə t s a ɪ̯ m ə ʁ ɪ n
Heimerzheimerinnen	h a ɪ̯ m ə t s a ɪ̯ m ə ʁ ɪ n ə n
Heimerzheimers	h a ɪ̯ m ə t s a ɪ̯ m ɐ s
Heimsheimer	h a ɪ̯ m s h a ɪ̯ m ɐ
Heimsheimerin	h a ɪ̯ m s h a ɪ̯ m ə ʁ ɪ n
Heimsheimerinnen	h a ɪ̯ m s h a ɪ̯ m ə ʁ ɪ n ə n
Heimsheimers	h a ɪ̯ m s h a ɪ̯ m ɐ s
Heimsuchen	h a ɪ̯ m z uː χ n̩
Heimsucher	h a ɪ̯ m z uː χ ɐ
Heimsucherin	h a ɪ̯ m z uː χ ə ʁ ɪ n
Heimsucherinnen	h a ɪ̯ m z uː χ ə ʁ ɪ n ə n
Heimweg	h a ɪ̯ m v eː k
Heinemann	h a ɪ̯ n ə m a n
Heinrich	h a ɪ n ʁ ɪ ç
Heinsberger	h a ɪ̯ n s b ɛ ʁ ɡ ɐ
Heinsbergerin	h a ɪ̯ n s b ɛ ʁ ɡ ə ʁ ɪ n
Heinsbergers	h a ɪ̯ n s b ɛ ʁ ɡ ɐ s
Heinzelmann	h a ɪ̯ n t͡s l̩ m a n
Heinzelmanns	h a ɪ̯ n t͡s l̩ m a n s
Heiratsschwindler	h a ɪ̯ ʁ aː t͡s ʃ v ɪ n d l ɐ
Heiratsvermittler	h a ɪ̯ r aː t s f ɛ ɐ̯ m ɪ t l ɐ
Heisenberg	h a ɪ̯ z n̩ b ɛ ʁ k
Heisenbergs	h a ɪ̯ z n̩ b ɛ ʁ k s
Heister	h a ɪ̯ s t ɐ
Heizapparat	h a ɪ t s a p a ʁ aː t
Heizgerät	h a ɪ t s ɡ ə ʁ ɛː t
Heizhauben	h a ɪ̯ t s h a ʊ̯ b n̩
Heizlüfter	h a ɪ t s l ʏ f t ɐ
Heizstrahler	h a ɪ t s ʃ t ʁ aː l ɐ
Heizung	h a ɪ̯ t͡s ʊ ŋ
Heißgetränk	h a ɪ̯ s ɡ ə t ʁ ɛ ŋ k
Heißgetränkeautomat	h a ɪ̯ s ɡ ə t ʁ ɛ ŋ k ə ʔ a ʊ̯ t o m aː t
Heißluft	h a ɪ̯ s l ʊ f t
Heißluftballon	h a ɪ̯ s l ʊ f t b a l ɔ ŋ
Heißluftfritteuse	h a ɪ̯ s l ʊ f t f ʀ i t øː z ə
Hekatombe	h e k a t ɔ m b ə
Heldenberg	h ɛ l d n̩ b ɛ ʁ k
Heldenberger	h ɛ l d n̩ b ɛ ʁ ɡ ɐ
Heldenbergerin	h ɛ l d n̩ b ɛ ʁ ɡ ə ʁ ɪ n
Heldenbergerinnen	h ɛ l d n̩ b ɛ ʁ ɡ ə ʁ ɪ n ə n
Heldenbergers	h ɛ l d n̩ b ɛ ʁ ɡ ɐ s
Heldenbergs	h ɛ l d n̩ b ɛ ʁ k s
Heldentat	h ɛ l d n̩ t aː t
Heldrunger	h ɛ l d ʁ ʊ ŋ ɐ
Heldrungerin	h ɛ l d ʁ ʊ ŋ ə ʁ ɪ n
Heldrungerinnen	h ɛ l d ʁ ʊ ŋ ə ʁ ɪ n ə n
Heldrungers	h ɛ l d ʁ ʊ ŋ ɐ s
Helena	h ɛ l e n a
Helena	h ɛ l ə n a
Helge	h ɛ l ɡ ə
Helgoländer	h ɛ l ɡ o l ɛ n d ɐ
Helikopter	h e l i k ɔ p t ɐ
Hellinger	h ɛ l ɪ ŋ ɐ
Hellingers	h ɛ l ɪ ŋ ɐ s
Helmdach	h ɛ l m d a x
Helmdaches	h ɛ l m d a x ə s
Helmdachs	h ɛ l m d a x s
Helmdächer	h ɛ l m d ɛ ç ɐ
Helmkleinod	h ɛ l m k l a ɪ̯ n ʔ oː t
Helmkleinode	h ɛ l m k l a ɪ̯ n ʔ oː d ə
Helmkleinodes	h ɛ l m k l a ɪ̯ n ʔ oː d ə s
Helmkleinods	h ɛ l m k l a ɪ̯ n ʔ oː t s
Helmwulst	h ɛ l m v ʊ l s t
Helmwulste	h ɛ l m v ʊ l s t ə
Helmwulstes	h ɛ l m v ʊ l s t ə s
Helmwulsts	h ɛ l m v ʊ l s t s
Helsingborger	h ɛ l z ɪ ŋ b ɔ r ɡ ɐ
Helsingborgerin	h ɛ l z ɪ ŋ b ɔ ʁ ɡ ə ʁ ɪ n
Helsingborgerinnen	h ɛ l z ɪ ŋ b ɔ ʁ ɡ ə ʁ ɪ n ə n
Helsingborgers	h ɛ l z ɪ ŋ b ɔ r ɡ ɐ s
Hemd	h ɛ m p t
Hemd	h ɛ m t
Hemdknopfes	h ɛ m t k n ɔ p͡f ə s
Hemdknopfs	h ɛ m t k n ɔ p͡f s
Hemdknöpfe	h ɛ m t k n œ p͡f ə
Hemmschuh	h ɛ m ʃ uː
Hemmschwelle	h ɛ m ʃ v ɛ l ə
Hendl	h e̞ n d̥ l̩
Henkelbecher	h ɛ ŋ k l̩ b ɛ ç ɐ
Henkelkrug	h ɛ ŋ k l̩ k ʁ uː k
Henkelmann	h ɛ ŋ k l̩ m a n
Henker	h ɛ ŋ k ɐ
Hepner	h ɛ p n ɐ
Heppner	h ɛ p n ɐ
Heppners	h ɛ p n ɐ s
Heptanol	h ɛ p t a n oː l
Heptanole	h ɛ p t a n oː l ə
Heptanols	h ɛ p t a n oː l s
Heptylalkohol	h ɛ p t yː l ʔ a l k o h oː l
Herablassen	h ɛ ʁ a p l a s n̩
Heranbilden	h ɛ ʁ a n b ɪ l d ə n
Herangehen	h ɛ ʁ a n ɡ eː ə n
Herangehensweise	h ɛ ʁ a n ɡ eː ə n s v a ɪ̯ z ə
Heranhalten	h ɛ ʁ a n h a l t n̩
Herausbrechen	h ɛ ʁ a u s b ʁ ɛ ç n̩
Herausfordern	h ɛ ʁ a u s f ɔ ʁ d ɐ n
Herausforderung	h ɛ ʁ a ʊ̯ s f ɔ ɐ̯ d ə ʁ ʊ ŋ
Herausforderung	h ɛ ʁ a ʊ̯ s f ɔ ɐ̯ d ə ʁ ʊ ŋ k
Herausgeben	h ɛ ʁ a ʊ̯ s ɡ eː b m̩
Herausgehen	h ɛ ʁ a ʊ̯ s ɡ eː ə n
Herausheben	h ɛ ʁ a ʊ̯ s h eː b m̩
Herausputzen	h ɛ ʁ a ʊ̯ s p ʊ t s ə n
Herausputzer	h ɛ ʁ a ʊ̯ s p ʊ t s ɐ
Herausreißen	h ɛ ʁ a ʊ̯ s ʁ a ɪ̯ s n̩
Herausschmeissen	h ɛ ʁ a ʊ̯ s ʃ m a ɪ̯ s n̩
Herausschmeißen	h ɛ ʁ a ʊ̯ s ʃ m a ɪ̯ s n̩
Herausschreien	h ɛ ʁ a ʊ̯ s ʃ ʁ a ɪ̯ ə n
Heraussuchen	h ɛ ʁ a ʊ̯ s z uː x n̩
Herbeiführen	h ɛ ɐ̯ b a ɪ̯ f yː ɐ̯ n
Herbolzheimer	h ɛ ʁ b ɔ l t͡s h a ɪ̯ m ɐ
Herbolzheimerin	h ɛ ʁ b ɔ l t͡s h a ɪ̯ m ə ʁ ɪ n
Herbolzheimerinnen	h ɛ ʁ b ɔ l t͡s h a ɪ̯ m ə ʁ ɪ n ə n
Herbolzheimers	h ɛ ʁ b ɔ l t͡s h a ɪ̯ m ɐ s
Herbst	h ɛ ɐ̯ p s t
Herbst	h ɛ ʁ p s t
Herbstblume	h ɛ ʁ p s t b l uː m ə
Herbstblumen	h ɛ ʁ p s t b l uː m ə n
Herbstblumenstrauß	h ɛ ʁ p s t b l uː m ə n ʃ t ʁ a ʊ̯ s
Herbstblümchen	h ɛ ʁ p s t b l yː m ç ə n
Herbstblümchens	h ɛ ʁ p s t b l yː m ç ə n s
Herbstfeldzug	h ɛ ɐ̯ p s t f ɛ l t t͡s uː k
Herbstfeldzuges	h ɛ ɐ̯ p s t f ɛ l t t͡s uː ɡ ə s
Herbstfeldzugs	h ɛ ɐ̯ p s t f ɛ l t t͡s uː k s
Herbstfeldzüge	h ɛ ɐ̯ p s t f ɛ l t t͡s yː ɡ ə
Herbstoffensive	h ɛ ʁ p s t ʔ ɔ f ɛ n z iː v ə
Herbststrauß	h ɛ ʁ p s t ʃ t ʁ a ʊ̯ s
Herd	h eː ɐ̯ t
Herd	h ɛ ɐ̯ t
Herde	h eː ɐ̯ d ə
Herde	h ɛ ɐ̯ d ə
Herdecke	h ɛ ɐ̯ d ə k ə
Herdentier	h eː ɐ̯ d n̩ t iː ɐ̯
Herdentiere	h eː ɐ̯ d n̩ t iː ʁ ə
Herdentieres	h eː ɐ̯ d n̩ t iː ʁ ə s
Herdentiers	h eː ɐ̯ d n̩ t iː ɐ̯ s
Hereinlassen	h ɛ ʁ a ɪ̯ n l a s n̩
Herforder	h ɛ ʁ f ɔ ʁ d ɐ
Herforderin	h ɛ ʁ f ɔ ʁ d ə ʁ ɪ n
Herforderinnen	h ɛ ʁ f ɔ ʁ d ə ʁ ɪ n ə n
Herforders	h ɛ ʁ f ɔ ʁ d ɐ s
Heringssalat	h e ɐ̯ ʁ ɪ ŋ sˑ a l aː t
Heringssalat	h eː ʁ ɪ ŋ s z a l aː t
Heringssalates	h eː ʁ ɪ ŋ s z a l aː t ə s
Heringsschwarm	h eː ʁ ɪ ŋ s ʃ v a ʁ m
Herkunft	h eː ɐ̯ k ʊ n f t
Herkunftsort	h eː ɐ̯ k ʊ n f t͡s ʔ ɔ ʁ t
Herleiten	h eː ɐ̯ l a ɪ̯ t n̩
Herleiter	h eː ɐ̯ l a ɪ̯ t ɐ
Herling	h eː ɐ̯ l ɪ ŋ
Heroen	h ɛ ʁ oː ə n
Heroine	h e ʁ o iː n ə
Heroinen	h ɛ ʁ o iː n ə n
Heroinnen	h ɛ ʁ oː i n ə n
Heroinsucht	h e ʁ o iː n z ʊ x t
Heroisieren	h e ʁ o i z iː ʁ ə n
Heroisierer	h e ʁ o i z iː ʁ ɐ
Herold	h eː ʁ ɔ l t
Herr	h ɛ r
Herr	h ɛ ɐ̯
Herr	h ɛ ʁ
Herrchen	h ɛ ʁ ç ə n
Herrenbesuch	h ɛ ʁ ə n b ə z uː x
Herrendiener	h ɛ ʁ ə n d iː n ɐ
Herrenhaus	h ɛ ʁ ə n h a ʊ̯ s
Herrenmoral	h ɛ ʁ ə n m o ʁ aː l
Herrentoilette	h ɛ ʁ ə n t o l ɛ t ə
Herrentoilette	h ɛ ʁ ə n t o̯ a l ɛ t ə
Herrgott	h ɛ ʁ ɡ ɔ t
Herrlichkeit	h ɛ ɐ̯ l ɪ ç kʰ a ɪ̯ tʰ
Herrlichkeiten	h ɛ ɐ̯ l ɪ ç kʰ a ɪ̯ tʰ ə n
Herrschen	h ɛ ɐ̯ ʃ n̩
Herrschen	h ɛ ɐ̯ ʃ ə n
Herrschen	h ɛ ʁ ʃ n̩
Herrscher	h ɛ ɐ̯ ʃ ɐ
Herrscherpersönlichkeit	h ɛ ɐ̯ ʃ ɐ pʰ ɛ ɐ̯ z øː n l ɪ ç kʰ a ɪ̯ tʰ
Herrscherpersönlichkeiten	h ɛ ɐ̯ ʃ ɐ pʰ ɛ ɐ̯ z øː n l ɪ ç kʰ a ɪ̯ tʰ ə n
Herrscherrolle	h ɛ ʁ ʃ ɐ ʁ ɔ l ə
Hersfeld	h ɛ ʁ s f ɛ l t
Hersfelder	h ɛ ʁ s f ɛ l d ɐ
Hersfelderin	h ɛ ʁ s f ɛ l d ə ʁ ɪ n
Hersfelderinnen	h ɛ ʁ s f ɛ l d ə ʁ ɪ n ə n
Hersfelders	h ɛ ʁ s f ɛ l d ɐ s
Hersfelds	h ɛ ʁ s f ɛ l t s
Herstellung	h eː ɐ̯ ʃ t ɛ l ʊ ŋ
Herstellung	h ɛ ɐ̯ ʃ t ɛ l ʊ ŋ
Hertogenwald	h ɛ ʁ t oː ɡ n̩ v a l t
Hertogenwaldes	h ɛ ʁ t oː ɡ n̩ v a l d ə s
Hertogenwalds	h ɛ ʁ t oː ɡ n̩ v a l t s
Herumdrehen	h ɛ ʁ ʊ m d ʁ eː n
Herumdrehen	h ɛ ʁ ʊ m d ʁ eː ə n
Herumfahren	h ɛ ʁ ʊ m f aː ʁ ə n
Herumfahrer	h ɛ ʁ ʊ m f aː ʁ ɐ
Herumgammeln	h ɛ ʁ ʊ m ɡ a m l̩ n
Herumgeistern	h ɛ ʁ ʊ m ɡ a ɪ̯ s t ɐ n
Herumhängen	h ɛ ʁ ʊ m h ɛ ŋ ə n
Herumlaufen	h ɛ ʁ ʊ m l a ʊ̯ f n̩
Herumlungern	h ɛ ʁ ʊ m l ʊ ŋ ɐ n
Herumspuken	h ɛ ʁ ʊ m ʃ p uː k n̩
Herunterfallen	h ɛ ʁ ʊ n t ɐ f a l ə n
Herunterlassen	h ɛ ʁ ʊ n t ɐ l a s n̩
Herunterspielen	h ɛ ʁ ʊ n t ɐ ʃ p iː l n̩
Herunterstossen	h ɛ ʁ ʊ n t ɐ ʃ t oː s n̩
Herunterstoßen	h ɛ ʁ ʊ n t ɐ ʃ t oː s n̩
Hervorrufen	h ɛ ʁ f oː ɐ̯ ʁ uː f n̩
Herz	h ɛ ɐ̯ t͡s
Herz	h ɛ ʁ t͡s
Herzblut	h ɛ ʁ t͡s b l uː t
Herzebrock	h ɛ ɐ̯ t͡s ə b ʁ ɔ k
Herzensgüte	h ɛ ʁ t͡s n̩ s ɡ yː t ə
Herzlosigkeit	h ɛ ʁ t͡s l oː s ɪ ç k a ɪ̯ t
Herzmuskel	h ɛ ʁ t͡s m ʊ s k l̩
Herzmuskelschaden	h ɛ ʁ t͡s m ʊ s k l̩ ʃ aː d n̩
Herzmuskelschadens	h ɛ ʁ t͡s m ʊ s k l̩ ʃ aː d n̩ s
Herzmuskelschäden	h ɛ ʁ t͡s m ʊ s k l̩ ʃ ɛː d n̩
Herzog	h ɛ ɐ̯ t͡s oː k
Herzog	h ɛ ʁ t͡s oː k
Herzogenauracher	h ɛ ʁ t͡s oː ɡ n̩ ʔ a ʊ̯ ʁ a x ɐ
Herzogenauracherin	h ɛ ʁ t͡s oː ɡ n̩ ʔ a ʊ̯ ʁ a x ə ʁ ɪ n
Herzogenauracherinnen	h ɛ ʁ t͡s oː ɡ n̩ ʔ a ʊ̯ ʁ a x ə ʁ ɪ n ə n
Herzogenaurachers	h ɛ ʁ t͡s oː ɡ n̩ ʔ a ʊ̯ ʁ a x ɐ s
Herzogenaurachs	h ɛ ʁ t͡s oː ɡ n̩ ʔ a ʊ̯ ʁ a x s
Herzogenrather	h ɛ ʁ t͡s oː ɡ n̩ ʁ aː t ɐ
Herzogenratherin	h ɛ ʁ t͡s oː ɡ n̩ ʁ aː t ə ʁ ɪ n
Herzogenratherinnen	h ɛ ʁ t͡s oː ɡ n̩ ʁ aː t ə ʁ ɪ n ə n
Herzogenrathers	h ɛ ʁ t͡s oː ɡ n̩ ʁ aː t ɐ s
Herzogskrone	h ɛ ʁ t͡s oː k s k ʁ oː n ə
Herzogskronen	h ɛ ʁ t͡s oː k s k ʁ oː n ə n
Herzschlag	h ɛ ʁ t͡s ʃ l aː k
Herüberkommen	h ɛ ʁ yː b ɐ k ɔ m ə n
Hesperien	h ɛ s p eː ʁ i̯ ə n
Hessen	h ɛ s n̩
Hessen	h ɛ s ə n
Hessin	h ɛ s ɪ n
Hethitologie	h e tʰ i tʰ o l o ɡ iː
Hetz	h e̞ t s
Hetzkampagnen	h ɛ t͡s k a m p a n j ə n
Heu	h ɔ ɛ̯
Heuert	h ɔ ʏ̯ ɐ tʰ
Heuschnupfen	h ɔ ʏ̯ ʃ n ʊ p͡f ɱ̍
Heuschreckenplage	h ɔ ɪ̯ ʃ ʁ ɛ k n̩ p l aː ɡ ə
Heuschreckenschwarm	h ɔ ɪ̯ ʃ ʁ ɛ k n̩ ʃ v a ʁ m
Hexadezimalzahl	h ɛ k s a d e t s i m aː l t͡s aː l
Hexaederstumpf	h e k s a ʔ eː d ɐ ʃ t ʊ m f
Hexaederstumpf	h e k s a ʔ eː d ɐ ʃ t ʊ m p f
Hexagesimalsystem	h ɛ k s a ɡ e z i m aː l z ʏ s t eː m
Hexagesimalsystems	h ɛ k s a ɡ e z i m aː l z ʏ s t eː m s
Hexameters	h ɛ k s aː m e t ɐ s
Hexanol	h ɛ k s a n oː l
Hexanole	h ɛ k s a n oː l ə
Hexanols	h ɛ k s a n oː l s
Hexansäure	h ɛ k s aː n z ɔ ɪ̯ ʁ ə
Hexapoden	h ɛ k s a p oː d n̩
Hexenschuß	h ɛ k s n̩ ʃ ʊ s
Hexenverfolgung	h ɛ k s n̩ f ɛ ɐ̯ f ɔ l ɡ ʊ ŋ
Hexylaldehyd	h ɛ k s yː l ʔ a l d ə h ʏ t
Hexylaldehyds	h ɛ k s yː l ʔ a l d ə h ʏ t s
Hexylalkohol	h ɛ k s yː l ʔ a l k o h oː l
Hexylgruppe	h ɛ k s yː l ɡ ʁ ʊ p ə
Hicksen	h ɪ k s n̩
Hiddenhausen	h ɪ d n̩ h a ʊ̯ z n̩
Hiddenhausen	h ɪ d ə n h a ʊ̯ z ə n
Hiddenhausener	h ɪ d n̩ h a ʊ̯ z n̩ ɐ
Hiddenhauseners	h ɪ d n̩ h a ʊ̯ z n̩ ɐ s
Hiddenhausens	h ɪ d n̩ h a ʊ̯ z n̩ s
Hiebwaffen	h iː p v a f n̩
Hildburghausener	h ɪ l t b ʊ ʁ k h a ʊ̯ z n̩ ɐ
Hildburghausenerin	h ɪ l t b ʊ ʁ k h a ʊ̯ z n̩ ə ʁ ɪ n
Hildburghausenerinnen	h ɪ l t b ʊ ʁ k h a ʊ̯ z n̩ ə ʁ ɪ n ə n
Hildburghauseners	h ɪ l t b ʊ ʁ k h a ʊ̯ z n̩ ɐ s
Hildesheimer	h ɪ l d ə s h a ɪ̯ m ɐ
Hildesheimerin	h ɪ l d ə s h a ɪ̯ m ə ʁ ɪ n
Hildesheimerinnen	h ɪ l d ə s h a ɪ̯ m ə ʁ ɪ n ə n
Hildesheimers	h ɪ l d ə s h a ɪ̯ m ɐ s
Hildesheims	h ɪ l d ə s h a ɪ̯ m s
Hilfeleistung	h ɪ l f ə l a ɪ̯ s t ʊ ŋ
Hilferuf	h ɪ l f ə ʁ uː f
Hilfsklage	h ɪ l f s k l aː ɡ ə
Hilfskräften	h ɪ l f s k ʁ ɛ f t n̩
Hilfsorganisation	h ɪ l f s ʔ ɔ ʁ ɡ a n i z a t͡s i̯ oː n
Hilfsorganisationen	h ɪ l f s ʔ ɔ ʁ ɡ a n i z a t͡s i̯ oː n ə n
Hilfswilliger	h ɪ l f s v ɪ l ɪ ɡ ɐ
Hillesheimer	h ɪ l ə s h a ɪ̯ m ɐ
Hillesheimerin	h ɪ l ə s h a ɪ̯ m ə ʁ ɪ n
Hillesheimerinnen	h ɪ l ə s h a ɪ̯ m ə ʁ ɪ n ə n
Hillesheimers	h ɪ l ə s h a ɪ̯ m ɐ s
Himbeere	h ɪ m b eː ʁ ə
Himmel	h ɪ m l̩
Himmel	h ɪ m ə l
Himmelfahrt	h ɪ m l̩ f aː ɐ̯ t
Himmelfahrtskommando	h ɪ m ə l f aː ɐ̯ t͡s k ɔ m a n d o
Himmelsachse	h ɪ m l̩ s ʔ a k s ə
Himmelsachse	h ɪ m ə l s ʔ a k s ə
Himmelsachsen	h ɪ m l̩ s ʔ a k s n̩
Himmelsachsen	h ɪ m ə l s ʔ a k s ə n
Himmelsbläue	h ɪ m l̩ s b l ɔ ɪ̯ ə
Himmelskunde	h ɪ m l̩ s k ʊ n d ə
Himmelskunde	h ɪ m ə l s k ʊ n d ə
Himmelskundler	h ɪ m l̩ s k ʊ n d l ɐ
Himmelskundlers	h ɪ m l̩ s k ʊ n d l ɐ s
Himmelslicht	h ɪ m l̩ s l ɪ ç t
Himmelslicht	h ɪ m ə l s l ɪ ç t
Hinarbeiten	h ɪ n ʔ a ʁ b a ɪ̯ t n̩
Hinausgehen	h ɪ n a ʊ̯ s ɡ eː ə n
Hinde	h ɪ n d ə
Hineinmischen	h ɪ n a ɪ n m ɪ ʃ n̩
Hineinspielen	h ɪ n a ɪ̯ n ʃ p iː l n̩
Hingabe	h ɪ n ɡ aː b ə
Hinhalten	h ɪ n h a l t n̩
Hinhören	h ɪ n h øː ʁ ə n
Hinreißen	h ɪ n ʁ a ɪ̯ s n̩
Hinterbliebene	h ɪ n t ɐ b l iː b ə n ə
Hinterbliebener	h ɪ n t ɐ b l iː b ə n ɐ
Hinterbänkler	h ɪ n t ɐ b ɛ ŋ k l ɐ
Hinterbänklerin	h ɪ n t ɐ b ɛ ŋ k l ə ʁ ɪ n
Hintergedanke	h ɪ n t ɐ ɡ ə d a ŋ k ə
Hintergrund	h ɪ n t ɐ ɡ ʁ ʊ n t
Hintergrundstrahlung	h ɪ n t ɐ ɡ ʁ ʊ n t ʃ t ʁ aː l ʊ ŋ
Hinterherpfeifen	h ɪ n t ɐ h eː ɐ̯ p͡f a ɪ̯ f n̩
Hinterherräumen	h ɪ n t ɐ h ɛ ɐ̯ ʁ ɔ ɪ̯ m ə n
Hinterherräumen	h ɪ n t ɐ h ɛ ɐ̯ ʁ ɔ ɪ̯ m ɛ n
Hinterherräumerei	h ɪ n t ɐ h ɛ ɐ̯ ʁ ɔ ɪ̯ m ɐ ʁ a ɪ̯
Hinterherräumerei	h ɪ n t ɐ h ɛ ɐ̯ ʁ ɔ ɪ̯ m ə ʁ a ɪ̯
Hinterhuber	h ɪ n t ɐ h uː b ɐ
Hinterhubers	h ɪ n t ɐ h uː b ɐ s
Hinterland	h ɪ n t ɐ l a n t
Hinterlist	h ɪ n t ɐ l ɪ s t
Hinterlistigkeit	h ɪ n t ɐ l ɪ s t ɪ ç k a ɪ̯ t
Hintermann	h ɪ n t ɐ m a n
Hintermeier	h ɪ n t ɐ m a ɪ̯ ɐ
Hintern	h ɪ n t ɐ n
Hinterpommern	h ɪ n t ɐ p ɔ m ɐ n
Hinterstube	h ɪ n t ɐ ʃ t uː b ə
Hinwegraffen	h ɪ n v ɛ k ʁ a f n̩
Hinweise	h ɪ n v a ɪ̯ z ə
Hinweisschild	h ɪ n v a ɪ̯ s ʃ ɪ l t
Hinz	h ɪ n t͡s
Hinzufügung	h ɪ n t͡s uː f yː ɡ ʊ ŋ
Hirn	h ɪ ɐ̯ n
Hirn	h ɪ ʁ n
Hirngespinst	h ɪ ʁ n ɡ ə ʃ p ɪ n s t
Hirnkoralle	h ɪ ʁ n k o ʁ a l ə
Hirnschaden	h ɪ ʁ n ʃ aː d n̩
Hirnschmalz	h ɪ ɐ̯ n ʃ m a l t͡s
Hirnzelle	h ɪ r n t s ɛ l ə
Hirsch	h ɪ ɐ̯ ʃ
Hirsch	h ɪ ʁ ʃ
Hirschau	h ɪ ʁ ʃ a ʊ̯
Hirschauer	h ɪ ʁ ʃ a ʊ̯ ɐ
Hirschauerin	h ɪ ʁ ʃ a ʊ̯ ə ʁ ɪ n
Hirschauers	h ɪ ʁ ʃ a ʊ̯ ɐ s
Hirschaus	h ɪ ʁ ʃ a ʊ̯ s
Hirschbach	h ɪ ʁ ʃ b a x
Hirschbacher	h ɪ ʁ ʃ b a x ɐ
Hirschbacherin	h ɪ ʁ ʃ b a x ə ʁ ɪ n
Hirschbacherinnen	h ɪ ʁ ʃ b a x ə ʁ ɪ n ə n
Hirschbachers	h ɪ ʁ ʃ b a x ɐ s
Hirschbachs	h ɪ ʁ ʃ b a x s
Hirschberg	h ɪ ʁ ʃ b ɛ ʁ k
Hirschberger	h ɪ ʁ ʃ b ɛ ʁ ɡ ɐ
Hirschbergerin	h ɪ ʁ ʃ b ɛ ʁ ɡ ə ʁ ɪ n
Hirschbergerinnen	h ɪ ʁ ʃ b ɛ ʁ ɡ ə ʁ ɪ n ə n
Hirschbergers	h ɪ ʁ ʃ b ɛ ʁ ɡ ɐ s
Hirschbergs	h ɪ ʁ ʃ b ɛ ʁ k s
Hirschfeld	h ɪ ʁ ʃ f ɛ l t
Hirschfelden	h ɪ ʁ ʃ f ɛ l d ə n
Hirschfeldener	h ɪ ʁ ʃ f ɛ l d ə n ɐ
Hirschfeldenerin	h ɪ ʁ ʃ f ɛ l d ə n ə ʁ ɪ n
Hirschfeldenerinnen	h ɪ ʁ ʃ f ɛ l d ə n ə ʁ ɪ n ə n
Hirschfeldeners	h ɪ ʁ ʃ f ɛ l d ə n ɐ s
Hirschfeldens	h ɪ ʁ ʃ f ɛ l d ə n s
Hirschfelder	h ɪ ʁ ʃ f ɛ l d ɐ
Hirschfelderin	h ɪ ʁ ʃ f ɛ l d ə ʁ ɪ n
Hirschfelderinnen	h ɪ ʁ ʃ f ɛ l d ə ʁ ɪ n ə n
Hirschfelders	h ɪ ʁ ʃ f ɛ l d ɐ s
Hirschfelds	h ɪ ʁ ʃ f ɛ l t s
Hirschgeweih	h ɪ ʁ ʃ ɡ ə v a ɪ̯
Hirschhorn	h ɪ ʁ ʃ h ɔ ʁ n
Hirschhorner	h ɪ ʁ ʃ h ɔ ʁ n ɐ
Hirschhornerin	h ɪ ʁ ʃ h ɔ ʁ n ə ʁ ɪ n
Hirschhornerinnen	h ɪ ʁ ʃ h ɔ ʁ n ə ʁ ɪ n ə n
Hirschhorners	h ɪ ʁ ʃ h ɔ ʁ n ɐ s
Hirschhorns	h ɪ ʁ ʃ h ɔ ʁ n s
Hirschkopf	h ɪ ʁ ʃ k ɔ p͡f
Hirschkopfes	h ɪ ʁ ʃ k ɔ p͡f ə s
Hirschkopfs	h ɪ ʁ ʃ k ɔ p͡f s
Hirschkuh	h ɪ ʁ ʃ k uː
Hirschköpfe	h ɪ ʁ ʃ k œ p͡f ə
Hirschs	h ɪ ʁ ʃ s
Hirte	h ɪ ɐ̯ t ə
Hirte	h ɪ ʁ t ə
Hirten	h ɪ ʁ t n̩
Hirtensalat	h ɪ ʁ t n̩ z a l aː t
Hirtensalate	h ɪ ʁ t n̩ z a l aː t ə
Hirtensalates	h ɪ ʁ t n̩ z a l aː t ə s
Hirtensalats	h ɪ ʁ t n̩ z a l aː t s
Hirtentäschel	h ɪ ʁ t n̩ t ɛ ʃ l̩
Hirtin	h ɪ ɐ̯ tʰ ɪ n
Hispanistik	h ɪ s p a n ɪ s t ɪ kʰ
Historismus	h ɪ s t o ʁ ɪ s m ʊ s
Hit	h ɪ t
Hitler	h ɪ t l ɐ
Hits	h ɪ t s
Hitzschlag	h ɪ t͡s ʃ l aː k
Hitzschlages	h ɪ t͡s ʃ l aː ɡ ə s
Hitzschlags	h ɪ t͡s ʃ l aː k s
Hitzschläge	h ɪ t͡s ʃ l ɛː ɡ ə
Hiwi	h iː v i
Hobbykeller	h ɔ b i k ɛ l ɐ
Hobbykellers	h ɔ b i k ɛ l ɐ s
Hobbymusiker	h ɔ b i m uː z ɪ k ɐ
Hobbymusikern	h ɔ b i m uː z ɪ k ɐ n
Hoch	h oː x
Hochaltar	h oː χ ʔ a l t aː ɐ̯
Hocharbeiten	h oː x ʔ a ʁ b a ɪ̯ t n̩
Hochdrehen	h oː x d ʁ eː ə n
Hochjazzen	h oː x j a t s n̩
Hochmaier	h oː x m a ɪ̯ ɐ
Hochmaiers	h oː x m a ɪ̯ ɐ s
Hochmair	h oː x m a ɪ̯ ɐ
Hochmairs	h oː x m a ɪ̯ ɐ s
Hochmayer	h oː x m a ɪ̯ ɐ
Hochmayers	h oː x m a ɪ̯ ɐ s
Hochmayr	h oː x m a ɪ̯ ɐ
Hochmayrs	h oː x m a ɪ̯ ɐ s
Hochmeier	h oː x m a ɪ̯ ɐ
Hochmeiers	h oː x m a ɪ̯ ɐ s
Hochofenprozess	h oː χ oː f ə n p ʁ o t͡s ɛ s
Hochrechnen	h oː χ ʁ ɛ ç n ə n
Hochrechnung	h oː χ ʁ ɛ ç n ʊ ŋ
Hochschulbildung	h oː x ʃ uː l b ɪ l d ʊ ŋ
Hochsee	h oː χ z eː
Hochseefischerei	h oː χ z eː f ɪ ʃ ə ʁ a ɪ̯
Hochspielen	h oː χ ʃ p iː l ə n
Hochspielerin	h oː χ ʃ p iː l ɐ ʁ ɪ n
Hochära	h oː χ ʔ ɛː ʁ a
Hoefel	h øː f l̩
Hoefelmann	h øː f l̩ m a n
Hoefer	h øː f ɐ
Hoeffner	h œ f n ɐ
Hoefner	h œ f n ɐ
Hoefners	h øː f n ɐ s
Hoepfner	h œ p f n ɐ
Hoepfners	h œ p f n ɐ s
Hoeppner	h œ p n ɐ
Hoesch	h œ ʃ
Hoeschs	h œ ʃ s
Hoevel	h øː v l̩
Hoeveler	h øː v ə l ɐ
Hoevelers	h øː v ə l ɐ s
Hoevels	h øː v l̩ s
Hoevermann	h øː v ɐ m a n
Hoevermanns	h øː v ɐ m a n s
Hofbauer	h oː f b a ʊ̯ ɐ
Hofbauers	h oː f b a ʊ̯ ɐ s
Hofbaur	h oː f b a ʊ̯ ɐ
Hofberichterstattung	h oː f b ə ʁ ɪ ç t ʔ ɛ ɐ̯ ʃ t a t ʊ ŋ
Hofberichterstattungen	h oː f b ə ʁ ɪ ç t ʔ ɛ ɐ̯ ʃ t a t ʊ ŋ ə n
Hofburg	h oː f b ʊ ʁ k
Hofdame	h oː f d aː m ə
Hofeingang	h oː f ʔ a ɪ̯ n ɡ a ŋ
Hofeingange	h oː f ʔ a ɪ̯ n ɡ a ŋ ə
Hofeinganges	h oː f ʔ a ɪ̯ n ɡ a ŋ ə s
Hofeingangs	h oː f ʔ a ɪ̯ n ɡ a ŋ s
Hofeingänge	h oː f ʔ a ɪ̯ n ɡ ɛ ŋ ə
Hofeingängen	h oː f ʔ a ɪ̯ n ɡ ɛ ŋ ə n
Hofer	h oː f ɐ
Hoferin	h oː f ə ʁ ɪ n
Hoferinnen	h oː f ə ʁ ɪ n ə n
Hofers	h oː f ɐ s
Hoffen	h ɔ f ə n
Hoffenheim	h ɔ f n̩ h a ɪ̯ m
Hoffenheimer	h ɔ f n̩ h a ɪ̯ m ɐ
Hoffenheimerin	h ɔ f n̩ h a ɪ̯ m ə ʁ ɪ n
Hoffenheimers	h ɔ f n̩ h a ɪ̯ m ɐ s
Hoffenheims	h ɔ f n̩ h a ɪ̯ m s
Hoffens	h ɔ f ə n s
Hoffmanns	h ɔ f m a n s
Hoffmeister	h ɔ f m a ɪ̯ s t ɐ
Hoffmeisters	h ɔ f m a ɪ̯ s t ɐ s
Hofhalten	h oː f h a l t n̩
Hofheimer	h oː f h a ɪ̯ m ɐ
Hofheimerin	h oː f h a ɪ̯ m ə ʁ ɪ n
Hofheimerinnen	h oː f h a ɪ̯ m ə ʁ ɪ n ə n
Hofheimers	h oː f h a ɪ̯ m ɐ s
Hofkapelle	h oː f k a p ɛ l ə
Hofkapellen	h oː f k a p ɛ l ə n
Hofkirchen	h oː f k ɪ ʁ ç n̩
Hofmaler	h oː f m aː l ɐ
Hofmann	h oː f m a n
Hofmanns	h oː f m a n s
Hofmeister	h oː f m a ɪ̯ s t ɐ
Hofmeisters	h oː f m a ɪ̯ s t ɐ s
Hofstaat	h oː f ʃ t aː t
Hoheitsgebiet	h oː h a ɪ̯ t͡s ɡ ə b iː t
Hoheitszeichen	h oː h a ɪ̯ t͡s t͡s a ɪ̯ ç n̩
Hohenberg	h oː ə n b ɛ ʁ k
Hohenberger	h oː ə n b ɛ ʁ ɡ ɐ
Hohenbergerin	h oː ə n b ɛ ʁ ɡ ə ʁ ɪ n
Hohenbergerinnen	h oː ə n b ɛ ʁ ɡ ə ʁ ɪ n ə n
Hohenbergers	h oː ə n b ɛ ʁ ɡ ɐ s
Hohenbergs	h oː ə n b ɛ ʁ k s
Hohenstein	h oː ə n ʃ t a ɪ̯ n
Hohensteiner	h oː ə n ʃ t a ɪ̯ n ɐ
Hohensteinerin	h oː ə n ʃ t a ɪ̯ n ə ʁ ɪ n
Hohensteinerinnen	h oː ə n ʃ t a ɪ̯ n ə ʁ ɪ n ə n
Hohensteiners	h oː ə n ʃ t a ɪ̯ n ɐ s
Hohensteins	h oː ə n ʃ t a ɪ̯ n s
Hohlladung	h oː l l aː d ʊ ŋ
Hohlleiter	h oː l a ɪ̯ t ɐ
Hohlspitzgeschoss	h oː l ʃ p ɪ t͡s ɡ ə ʃ ɔ s
Hohlspitzgeschosse	h oː l ʃ p ɪ t͡s ɡ ə ʃ ɔ s ə
Hohlspitzgeschosses	h oː l ʃ p ɪ t͡s ɡ ə ʃ ɔ s ə s
Hohlspitzpatrone	h oː l ʃ p ɪ t͡s p a t ʁ oː n ə
Hohlspitzpatronen	h oː l ʃ p ɪ t͡s p a t ʁ oː n ə n
Hohltier	h oː l t iː ɐ̯
Hollandfahrrade	h ɔ l a n t f aː ɐ̯ ʁ aː d ə
Hollandrade	h ɔ l a n t ʁ aː d ə
Holozän	h o l o t͡s ɛː n
Holunder	h o l ʊ n d ɐ
Holz	h ɔ l s
Holz	h ɔ l t͡s
Holzbauer	h ɔ l t͡s b a ʊ̯ ɐ
Holzbauers	h ɔ l t͡s b a ʊ̯ ɐ s
Holzbrink	h ɔ l t͡s b ʁ ɪ ŋ k
Holzbrinks	h ɔ l t͡s b ʁ ɪ ŋ k s
Holzfaser	h ɔ l t͡s f aː z ɐ
Holzfasern	h ɔ l t͡s f aː z ɐ n
Holzfaserplatte	h ɔ l t͡s f aː z ɐ p l a t ə
Holzfaserplatten	h ɔ l t͡s f aː z ɐ p l a t ə n
Holzfass	h ɔ l t͡s f a s
Holzfaß	h ɔ l t͡s f a s
Holzfässchen	h ɔ l t͡s f ɛ s ç n̩
Holzfässer	h ɔ l t͡s f ɛ s ɐ
Holzgebäude	h ɔ l t͡s ɡ ə b ɔ ɪ̯ d ə
Holzhackschnitzel	h ɔ l t͡s h a k ʃ n ɪ t͡s l̩
Holzhackschnitzels	h ɔ l t͡s h a k ʃ n ɪ t͡s l̩ s
Holzhauer	h ɔ l t͡s h a ʊ̯ ɐ
Holzhausen	h ɔ l t͡s h a ʊ̯ z n̩
Holzhausener	h ɔ l t͡s h a ʊ̯ z n̩ ɐ
Holzhausenerin	h ɔ l t͡s h a ʊ̯ z n̩ ə ʁ ɪ n
Holzhausenerinnen	h ɔ l t͡s h a ʊ̯ z n̩ ə ʁ ɪ n ə n
Holzhauseners	h ɔ l t͡s h a ʊ̯ z n̩ ɐ s
Holzhausens	h ɔ l t͡s h a ʊ̯ z n̩ s
Holzhäusers	h ɔ l s h ɔ ʏ̯ z ɐ s
Holzhäusers	h ɔ l t s h ɔ ʏ̯ z ɐ s
Holzlöffelchen	h ɔ l t͡s l œ f l̩ ç ə n
Holzmeister	h ɔ l t͡s m a ɪ̯ s t ɐ
Holzmeisters	h ɔ l t͡s m a ɪ̯ s t ɐ s
Holzplatz	h ɔ l t͡s p l a t s
Holzquirl	h ɔ l t s k v ɪ ɐ̯ l
Holzquirl	h ɔ l t s k v ɪ ʁ l
Holzschnitzel	h ɔ l t͡s ʃ n ɪ t͡s l̩
Holzschnitzels	h ɔ l t͡s ʃ n ɪ t͡s l̩ s
Holzschraube	h ɔ l t͡s ʃ ʁ a ʊ̯ b ə
Holzschrauben	h ɔ l t͡s ʃ ʁ a ʊ̯ b ə n
Holzwolle	h ɔ l t͡s v ɔ l ə
Hombach	h ɔ m b a x
Hombacher	h ɔ m b a x ɐ
Hombacherin	h ɔ m b a x ə ʁ ɪ n
Hombachers	h ɔ m b a x ɐ s
Hombachs	h ɔ m b a x s
Homberger	h ɔ m b ɛ ʁ ɡ ɐ
Hombergerin	h ɔ m b ɛ ʁ ɡ ə ʁ ɪ n
Hombergers	h ɔ m b ɛ ʁ ɡ ɐ s
Hombergs	h ɔ m b ɛ ʁ k s
Homburger	h ɔ m b ʊ ʁ ɡ ɐ
Homburgerin	h ɔ m b ʊ ʁ ɡ ə ʁ ɪ n
Homburgerinnen	h ɔ m b ʊ ʁ ɡ ə ʁ ɪ n ə n
Homburgers	h ɔ m b ʊ ʁ ɡ ɐ s
Homburgs	h ɔ m b ʊ ʁ k s
Homs	h ɔ m s
Homöostase	h o m ø o s t aː z ə
Honduras	h ɔ n d uː ʁ a s
Hongkong	h ɔ ŋ k ɔ ŋ
Honigtopf	h oː n ɪ k t ɔ p͡f
Honigtopf	h oː n ɪ ç t ɔ p͡f
Hopfen	h ɔ p f n̩
Hopfen	h ɔ p ɸ n̩
Hopfen	h ɔ p ɸ ə n
Hopfenkaltschale	h ɔ p f n̩ k a l t ʃ aː l ə
Horch	h ɔ ʁ ç
Horde	h ɔ ɐ̯ d ə
Horn	h ɔ ɐ̯ n
Horn	h ɔ ʁ n
Horn	h ɔː n
Hornburgs	h ɔ ʁ n b ʊ ʁ k s
Hornisse	h ɔ ʁ n ɪ s ə
Hornissennest	h ɔ ʁ n ɪ s n̩ n ɛ s t
Hornissenschwebfliege	h ɔ ʁ n ɪ s ə n ʃ v eː p f l iː ɡ ə
Hornung	h ɔ ʁ n ʊ ŋ
Horst	h ɔ ɐ̯ s t
Horst	h ɔ ʁ s t
Hort	h ɔ ɐ̯ t
Hort	h ɔ ʁ t
Hort	h ɔː t
Horten	h ɔ ɐ̯ t n̩
Hosenanzug	h oː z n̩ ʔ a n t͡s uː k
Hosenbandorden	h oː z n̩ b a n t ʔ ɔ ʁ d n̩
Hosensack	h oː s n̩ s a k
Hosensack	h oː z n̩ z a k
Hospitation	h ɔ s p i t a t s i̯ oː n
Hospitationen	h ɔ s p i t a t s i̯ oː n ə n
Hotdogs	h ɔ t d ɔ k s
Hotelgast	h o t ɛ l ɡ a s t
Hotelier	h o t ɛ l j eː
Hotellerie	h o t ɛ l ə ʁ iː
Houston	j uː s t n̩
Huan	h uː ɐ n
Huben	h uː b n̩
Hubener	h uː b n̩ ɐ
Hubeners	h uː b n̩ ɐ s
Hubens	h uː b n̩ s
Huber	h uː b ɐ
Hubers	h uː b ɐ s
Hubschrauber	h uː p ʃ ʁ a o̯ b ɐ
Hubschrauberpilot	h uː p ʃ ʁ a o̯ b ɐ p i l oː t
Hubschrauberpilotin	h uː p ʃ ʁ a o̯ b ɐ p i l oː t ɪ n
Huebener	h yː b n ɐ
Huebener	h yː b ə n ɐ
Huebeners	h yː b n ɐ s
Huebeners	h yː b ə n ɐ s
Huebner	h yː b n ɐ
Huebners	h yː b n ɐ s
Hufeisen	h uː f a ɪ̯ z n
Hufeisen	h uː f a ɪ̯ z ə n
Hufeisen	h uː f ʔ a ɪ̯ z n̩
Hufeisen	h uː v a ɪ̯ z n
Hufeisen	h uː v a ɪ̯ z ə n
Hufendorf	h uː f ə n d ɔ ʁ f
Hufendorfes	h uː f ə n d ɔ ʁ f ə s
Hufendorfs	h uː f ə n d ɔ ʁ f s
Hufendörfer	h uː f ə n d œ ʁ f ɐ
Hufschmiedin	h uː f ʃ m iː d ɪ n
Hufschmiedinnen	h uː f ʃ m iː d ɪ n ə n
Huldigen	h ʊ l d ɪ ɡ n̩
Humanität	h ʊ m a n i t ɛː t
Humor	h u m oː ɐ̯
Humpen	h ʊ m p m̩
Humpen	h ʊ m p ə n
Hundebiss	h ʊ n d ə b ɪ s
Hundefreund	f ʁ ɔ ɛ̯ n t
Hundefutter	h ʊ n d ə f ʊ t ɐ
Hundeleben	h ʊ n d ə l eː b m̩
Hundenapf	h ʊ n d ə n a p f
Hundert	h ʊ n d ɐ t
Hunderten	h ʊ n d ɐ t n̩
Hunderteuroschein	h ʊ n d ɐ t ʔ ɔ ɪ̯ ʁ o ʃ a ɪ̯ n
Hundertfüßer	h ʊ n d ɐ t f yː s ɐ
Hundertfüßers	h ʊ n d ɐ t f yː s ɐ s
Hundertmarkschein	h ʊ n d ɐ t m a ʁ k ʃ a ɪ̯ n
Hundertstel	h ʊ n d ɐ t͡s t l̩
Hundezunge	h ʊ n d ə t͡s ʊ ŋ ə
Hundskamille	h ʊ n t s k a m ɪ l ə
Hundskamillen	h ʊ n t s k a m ɪ l ə n
Hundsrose	h ʊ n t͡s ʁ oː z ə
Hundszunge	h ʊ n t͡s t͡s ʊ ŋ ə
Hungerhaken	h ʊ ŋ ɐ h aː k ŋ̩
Hungerharke	h ʊ ŋ ɐ h a ʁ k ə
Hungertod	h ʊ ŋ ɐ t oː t
Hunsrück	h ʊ n s ʁ ʏ k
Hunsrücker	h ʊ n s ʁ ʏ k ɐ
Hunsrückerin	h ʊ n s ʁ ʏ k ə ʁ ɪ n
Hunsrückers	h ʊ n s ʁ ʏ k ɐ s
Hunsrücks	h ʊ n s ʁ ʏ k s
Hupe	h uː p ə
Hurenkind	h uː ɐ n k ɪ n t
Hurenkind	h uː ʁ ə n k ɪ n t
Hurensohn	h uː ɐ̯ n z oː n
Hurensohn	h uː ʁ n̩ z oː n
Hurentochter	h uː ɐ̯ n t ɔ x t ɐ
Hurentochter	h uː ʁ n̩ t ɔ x t ɐ
Hurra	h u ʁ aː
Hurra	h ʊ ʁ aː
Hurrapatriotismus	h ʊ ʁ aː p a t ʁ i o t ɪ s m ʊ s
Huschen	h ʊ ʃ n̩
Hustenanfall	h uː s t n̩ ʔ a n f a l
Hustenanfalles	h uː s t n̩ ʔ a n f a l ə s
Hustenanfalls	h uː s t n̩ ʔ a n f a l s
Hustenanfälle	h uː s t n̩ ʔ a n f ɛ l ə
Hustenkrampf	h uː s t n̩ k ʁ a m p͡f
Hustenkrampfes	h uː s t n̩ k ʁ a m p͡f ə s
Hustenkrampfs	h uː s t n̩ k ʁ a m p͡f s
Hustenkrämpfe	h uː s t n̩ k ʁ ɛ m p͡f ə
Hustensäfte	h uː s t n̩ z ɛ f t ə
Hutmacherinnen	h uː t m a x ə ʁ ɪ n ə n
Hutterer	h ʊ t ə ʁ ɐ
Hutterers	h ʊ t ə ʁ ɐ s
Hydroxygruppe	h y d ʁ ɔ k s i ɡ ʁ ʊ p ə
Hydroxylgruppe	h y d ʁ ɔ k s yː l ɡ ʁ ʊ p ə
Hyperglykämie	h yː p ɐ ɡ l y k ɛ m iː
Hyperkorrektur	h yː p ɐ k ɔ ʁ ɛ k t uː ɐ̯
Hyperlink	h a ɪ̯ p ɐ l ɪ ŋ k
Hyperoxyd	h y p ɐ ɔ k s iː t
Hyperoxyd	h y p ɐ ɔ k s yː t
Hyperwürfel	h yː p ɐ v ʏ ʁ f l̩
Hypostasen	h y p o s t aː z n̩
Hyäne	h y j ɛː n ə
Hyäne	h y ɛː n ə
Hyäne	h y ʔ ɛː n ə
Häfen	h eː f ɱ̍
Häfen	h ɛː f ɱ̍
Häher	h eː ɐ
Häher	h eː ɐ̯
Häher	h ɛ ɐ̯
Häher	h ɛː ɐ
Häher	h ɛː ɐ̯
Hähnchen	h ɛː n ç ə n
Hähnchenkeule	h ɛː n ç ɛ n k ɔ ɪ̯ l ə
Hähnchenkeulen	h ɛː n ç ɛ n k ɔ ɪ̯ l ə n
Häkelei	h eː k ɛ l a ɪ̯
Hämatom	h ɛ m a t oː m
Hämorrhoide	h ɛ m ɔ ʁ o iː d ə
Hämorrhoide	h ɛ m ɔ ʁ o ʔ iː d ə
Hämorrhoiden	h ɛ m ɔ ʁ o iː d n̩
Hämorrhoiden	h ɛ m ɔ ʁ o ʔ iː d n̩
Händewaschen	h ɛ n d ə v a ʃ n̩
Händlerin	h ɛ n d l ə ʁ ɪ n
Hängen	h ɛ ŋ ə n
Hänselei	h ɛ n s ɛ l a ɪ̯
Hänselei	h ɛ n z ə l a ɪ̯
Härchen	h ɛ ɐ̯ ç ə n
Härchen	h ɛː ɐ̯ ç ə n
Häresie	h ɛ ʁ e z iː
Häretiker	h ɛ ʁ eː t ɪ k ɐ
Härte	h ɛ ɐ̯ t ə
Härte	h ɛ ʁ t ə
Härtefalle	h ɛ ʁ t ə f a l ə
Härtefalles	h ɛ ʁ t ə f a l ə s
Härtefalls	h ɛ ʁ t ə f a l s
Härtefälle	h ɛ ʁ t ə f ɛ l ə
Härtefällen	h ɛ ʁ t ə f ɛ l ə n
Häschenwitz	h ɛː s ç ə n v ɪ t͡s
Häufigkeit	h ɔ ʏ̯ f ɪ ç k a ɪ̯ t
Häuserblock	h ɔ ɪ̯ z ɐ b l ɔ k
Häuserblockes	h ɔ ɪ̯ z ɐ b l ɔ k ə s
Häuserblocks	h ɔ ɪ̯ z ɐ b l ɔ k s
Häuserblöcke	h ɔ ɪ̯ z ɐ b l œ k ə
Häusern	h ɔ ʏ̯ z ɐ n
Höfel	h øː f l̩
Höfelmann	h øː f l̩ m a n
Höfelmanns	h øː f l̩ m a n s
Höfels	h øː f l s̩
Höfer	h øː f ɐ
Höfers	h øː f ɐ s
Höffner	h œ f n ɐ
Höffners	h œ f n ɐ s
Höfler	h øː f l ɐ
Höflers	h øː f l ɐ s
Höflichkeit	h øː f l ɪ ç k a ɪ̯ t
Höfner	h øː f n ɐ
Höfners	h øː f n ɐ s
Höhenangst	h øː ə n ʔ a ŋ s t
Höhenburgen	h øː ə n b ʊ ʁ ɡ n̩
Höhenkrankheit	h øː ə n k ʁ a ŋ k h a ɪ̯ t
Höhenlinie	h øː ə n l iː n i̯ ə
Höhlen	h øː l ə n
Höhlenbewohner	h øː l ə n b ə v oː n ɐ
Höhlenbewohnerin	h øː l ə n b ə v oː n ə ʁ ɪ n
Höhlenbewohnerinnen	h øː l ə n b ə v oː n ə ʁ ɪ n ə n
Höhlenkunde	h øː l ə n k ʊ n d ə
Höhlenkundler	h øː l ə n k ʊ n d l ɐ
Höhlenkundlerin	h øː l ə n k ʊ n d l ə ʁ ɪ n
Höhlenkundlerinnen	h øː l ə n k ʊ n d l ə ʁ ɪ n ə n
Höhlenkundlers	h øː l ə n k ʊ n d l ɐ s
Höpfner	h œ p f n ɐ
Höpfners	h œ p f n ɐ s
Höppner	h œ p n ɐ
Höppners	h œ p n ɐ s
Hörensagen	h øː ʁ ə n z aː ɡ ŋ̍
Hörfunk	h øː ɐ̯ f ʊ ŋ k
Hörfunk	h œ ɐ̯ f ʊ ŋ k
Hörgerät	h øː ɐ̯ ɡ ə ʁ ɛː t
Hörschaden	h øː ɐ̯ ʃ aː d n̩
Hörschnecke	n a p f ʃ n ɛ k ə
Hösch	h œ ʃ
Höschs	h œ ʃ s
Hövel	h øː v l̩
Höveler	h øː v ə l ɐ
Hövelers	h øː v ə l ɐ s
Hövelhof	h ø v ə l h oː f
Hövelmann	h øː v l̩ m a n
Hövelmanns	h øː v l̩ m a n s
Hövels	h øː v l s̩
Hövermann	h øː v ɐ m a n
Hövermanns	h øː v ɐ m a n s
Höwel	h øː v l̩
Höweler	h øː v ə l ɐ
Höwelmann	h øː v l̩ m a n
Höwelmanns	h øː v l̩ m a n s
Höwels	h øː v l̩ s
Hübener	h yː b n ɐ
Hübener	h yː b ə n ɐ
Hübeners	h yː b n ɐ s
Hübeners	h yː b ə n ɐ s
Hübner	h yː b n ɐ
Hübners	h yː b n ɐ s
Hüftknochen	h ʏ f t k n ɔ x n̩
Hügelbeete	h yː ɡ l̩ b eː t ə
Hügelbeetes	h yː ɡ l̩ b eː t ə s
Hügelbeets	h yː ɡ l̩ b eː t s
Hügelkuppe	h yː ɡ l̩ k ʊ p ə
Hügelkuppen	h yː ɡ l̩ k ʊ p n̩
Hügelland	h yː ɡ l̩ l a n t
Hügellandschaft	h yː ɡ l̩ l a n t ʃ a f t
Hühnerbrühe	h yː n ɐ b ʁ yː ə
Hühnerdieb	h yː n ɐ d iː p
Hühnerdiebe	h yː n ɐ d iː b ə
Hühnerdiebes	h yː n ɐ d iː b ə s
Hühnerdiebin	h yː n ɐ d iː b ɪ n
Hühnerdiebinnen	h yː n ɐ d iː b ɪ n ə n
Hühnerdiebs	h yː n ɐ d iː p s
Hühnergott	h yː n ɐ ɡ ɔ t
Hühnergottes	h yː n ɐ ɡ ɔ t ə s
Hühnergotts	h yː n ɐ ɡ ɔ t͡s
Hühnergötter	h yː n ɐ ɡ œ t ɐ
Hühnergöttern	h yː n ɐ ɡ œ t ɐ n
Hühnervogel	h yː n ɐ f oː ɡ l̩
Hühnervogels	h yː n ɐ f oː ɡ l̩ s
Hühnervögel	h yː n ɐ f øː ɡ l̩
Hülkenberg	h ʏ l k ə n b ɛ ɐ̯ k
Hülle	h ʏ l ə
Hüllhorst	h ʏ l h ɔ ɐ̯ s t
Hülsenfrüchtler	h ʏ l z n̩ f ʁ ʏ ç t l ɐ
Hürde	h ʏ ɐ̯ d ə
Hürde	h ʏ ʁ d ə
Hürdenläufer	h ʏ ʁ d n̩ l ɔ ɪ̯ f ɐ
Hürtgenwald	h ʏ ʁ t ɡ ə n v a l t
Hürtgenwalder	h ʏ ʁ t ɡ ə n v a l d ɐ
Hürtgenwalderin	h ʏ ʁ t ɡ ə n v a l d ə ʁ ɪ n
Hürtgenwalderinnen	h ʏ ʁ t ɡ ə n v a l d ə ʁ ɪ n ə n
Hürtgenwalders	h ʏ ʁ t ɡ ə n v a l d ɐ s
Hürtgenwaldes	h ʏ ʁ t ɡ ə n v a l d ə s
Hürtgenwalds	h ʏ ʁ t ɡ ə n v a l t s
Hüten	h yː t n̩
Hüttenkäse	h ʏ t n̩ k ɛː z ə
I	ʔ iː
IM	ʔ i ʔ ɛ m
IM	ʔ iː ʔ ɛ m
IOK	iː oː k aː
IPR	ʔ iː p eː ʔ ɛ ɐ̯
IPRs	ʔ iː p eː ʔ ɛ ɐ̯ s
Iberer	ʔ i b eː ʁ ɐ
Ibererin	ʔ i b eː ʁ ɐ ʁ ɪ n
Iberien	i b eː ʁ i ə n
Iberisch	ʔ i b eː ʁ ɪ ʃ
Ibis	iː b ɪ s
Icon	a ɪ̯ k n̩
Idealisieren	i d e a l i z iː ʁ ə n
Idealisierer	i d e a l i z iː ʁ ɐ
Idee	ʔ i d eː
Idee	ʔ ɪ d eː
Ideen	ʔ i d eː ə n
Ideenschrift	i d eː ə n ʃ ʁ ɪ f t
Ideenwettbewerb	i d eː ə n v ɛ t b e v ɛ ʁ p
Idiot	ʔ i d j oː t
Igel	ʔ iː ɡ l̩
Iglu	iː ɡ l u
Ihnen	ʔ iː n ə n
Ihre	ʔ iː ʁ ə
Ikterus	ɪ k t e ʁ ʊ s
Illustration	ɪ l u s t ʁ a t͡s i̯ oː n
Illustrator	ɪ l ʊ s t ʁ aː t oː ɐ̯
Illyrer	ʔ ɪ l yː ʁ ɐ
Illyrerin	ʔ ɪ l yː ʁ ɐ ʁ ɪ n
Illyrien	ʔ ɪ l yː ʁ i̯ ə n
Illyrisch	ʔ ɪ l yː ʁ ɪ ʃ
Ilshofener	ɪ l s h oː f n̩ ɐ
Ilshofenerin	ɪ l s h oː f n̩ ə ʁ ɪ n
Ilshofenerinnen	ɪ l s h oː f n̩ ə ʁ ɪ n ə n
Ilshofeners	ɪ l s h oː f n̩ ɐ s
Ilshofens	ɪ l s h oː f n̩ s
Imbiss	ɪ m b ɪ s
Imbissbude	ɪ m b ɪ s b uː d ə
Imbissstube	ɪ m b ɪ s ʃ t uː b ə
Imbisswagen	ɪ m b ɪ s v aː ɡ n̩
Imbisswagens	ɪ m b ɪ s v aː ɡ n̩ s
Imhoff	ɪ m h ɔ f
Imhoffs	ɪ m h ɔ f s
Imitation	ʔ i m i tʰ a t s j oː n
Imitieren	ʔ i m i tʰ iː ɐ̯ n
Immanuel	ɪ m aː n u eː l
Immanuel	ɪ m aː n u ʔ eː l
Immergrün	ʔ ɪ m ɐ ɡ r yː n
Immergrün	ʔ ɪ m ɐ ɡ ʁ yː n
Immergrün	ʔ ɪ m ə r ɡ r yː n
Immobilienfonds	ɪ m o b iː l i̯ ə n f ɔ̃ː
Immunglobulin	ɪ m uː n ɡ l o b u l iː n
Immunglobuline	ɪ m uː n ɡ l o b u l iː n ə
Immunglobulins	ɪ m uː n ɡ l o b u l iː n s
Impakt	ɪ m p a k t
Impedanz	ɪ m p e d a n t͡s
Impedanzen	ɪ m p e d a n t͡s n̩
Imperator	ɪ m p e ʁ a t oː ɐ̯
Impfen	ɪ m p͡f n̩
Impfling	ɪ m p͡f l ɪ ŋ
Impfnebenwirkung	ɪ m p͡f n eː b n̩ v ɪ ʁ k ʊ ŋ
Impfschaden	ʔ ɪ m p f ʃ aː d n̩
Implementierung	ʔ ɪ m p l ə m ɛ n tʰ iː ʁ ʊ ŋ
Implosion	ʔ ɪ m pʰ l o z i̯ oː n
Import	ʔ ɪ m p ɔ ʁ t
Importabhängigkeit	ɪ m p ɔ ʁ t ʔ a p h ɛ ŋ ɪ ç k a ɪ̯ t
Importeur	ʔ ɪ m p ɔ ʁ t øː ɐ̯
Importquote	ɪ m p ɔ ʁ t k v oː t ə
Importzoll	ɪ m p ɔ ʁ t t͡s ɔ l
Inaktivieren	ɪ n ʔ a k t i v iː ʁ ə n
Inaktivierer	ɪ n ʔ a k t i v iː ʁ ɐ̯
Inbusschlüssel	ɪ n b ʊ s ʃ l ʏ s l̩
Inbusschraube	ɪ n b ʊ s ʃ ʁ a ʊ̯ b ə
Indexfonds	ɪ n d ɛ k s f ɔ̃ː
Indiz	ɪ n d iː t͡s
Indizienbeweis	ɪ n d iː t͡s i̯ ə n b ə v a ɪ̯ s
Indogermanisch	ɪ n d o ɡ ɛ ʁ m aː n ɪ ʃ
Indogermanistik	ʔ ɪ n d o ɡ e ʁ m a n ɪ s t ɪ kʰ
Indoiranisch	ɪ n d o ʔ i ʁ aː n ɪ ʃ
Indoktrinieren	ɪ n d ɔ k t ʁ i n iː ʁ ə n
Indologie	ʔ ɪ n d o l o ɡ iː
Industriegesellschaft	ɪ n d ʊ s t ʁ iː ɡ ə z ɛ l ʃ a f t
Industriestaat	ɪ n d ʊ s t ʁ iː ʃ t aː t
Infanterist	ɪ n f a n t ə ʁ ɪ s t
Infektionsausbreitung	ɪ n f ɛ k t s i̯ oː n s a ʊ̯ s b ʁ a ɪ̯ t ʊ ŋ
Inflation	ɪ n f l a t͡s i̯ oː n
Inflationsausgleich	ɪ n f l a t͡s j oː n s ʔ a ʊ̯ s ɡ l a ɪ̯ ç
Inflationsdruck	ɪ n f l a t͡s j oː n s d ʁ ʊ k
Inflationsrate	ɪ n f l a t͡s i̯ oː n s ʁ aː t ə
Informant	ɪ n f o ɐ̯ m a n t
Informant	ɪ n f o ʁ m a n t
Information	ʔ ɪ n f ɔ ɐ̯ m a t s j oː n
Informationsgesellschaft	ɪ n f ɔ ʁ m a t͡s i̯ oː n s ɡ ə z ɛ l ʃ a f t
Informationssektor	ɪ n f ɔ ʁ m a t͡s i̯ oː n s z ɛ k t oː ɐ̯
Infraschall	ɪ n f ʁ a ʃ a l
Ingelheimer	ɪ ŋ ə l h a ɪ̯ m ɐ
Ingelheimerin	ɪ ŋ ə l h a ɪ̯ m ə ʁ ɪ n
Ingelheimers	ɪ ŋ ə l h a ɪ̯ m ɐ s
Ingenieure	ɪ n ʒ e n i̯ øː ʁ ə
Ingenieurinnen	ɪ n ʒ e n j øː ʁ ɪ n ə n
Ingenieurwissenschaft	ɪ n ʒ e n j øː ɐ̯ v ɪ s n̩ ʃ a f t
Ingolstädter	ɪ ŋ ɡ ɔ l ʃ t ɛ t ɐ
Ingolstädterin	ɪ ŋ ɡ ɔ l ʃ t ɛ t ə ʁ ɪ n
Ingolstädters	ɪ ŋ ɡ ɔ l ʃ t ɛ t ɐ s
Ingwer	ʔ ɪ ŋ v ɐ
Ingwerwurzel	ʔ ɪ ŋ v ɐ v ʊ ʁ t͡s l̩
Ingwerwurzeln	ʔ ɪ ŋ v ɐ v ʊ ʁ t͡s l̩ n
Inhalation	ʔ ɪ n h a l a t͡s j oː n
Inhalt	ʔ ɪ n h a l t
Inhaltsangabe	ɪ n h a l t͡s ʔ a n ɡ aː b ə
Initialisierung	ʔ ɪ n ɪ t s i̯ a l i z iː ʁ ʊ ŋ
Inkraftsetzen	ɪ n k ʁ a f t z ɛ t s n̩
Inkraftsetzung	ɪ n k ʁ a f t z ɛ t s ʊ ŋ
Inkraftsetzungen	ɪ n k ʁ a f t z ɛ t s ʊ ŋ ə n
Inkrafttreten	ɪ n k ʁ a f t t ʁ eː t n̩
Inkrafttretung	ɪ n k ʁ a f t t ʁ eː t ʊ ŋ
Inkrafttretungen	ɪ n k ʁ a f t t ʁ eː t ʊ ŋ ə n
Inkreis	ɪ n k ʁ a ɪ̯ s
Inkreisradius	ɪ n k ʁ a ɪ̯ s ʁ aː d i̯ ʊ s
Inkrementalismus	ɪ n k ʁ e m ɛ n t aː l ɪ s m ʊ s
Inlandsflug	ɪ n l a n t͡s f l uː k
Inlandsfluges	ɪ n l a n t͡s f l uː ɡ ə s
Inlandsflugs	ɪ n l a n t͡s f l uː k s
Inlandsflüge	ɪ n l a n t͡s f l yː ɡ ə
Inlandskaufkraft	ɪ n l a n t͡s k a ʊ̯ f k ʁ a f t
Inländer	ʔ ɪ n l ɛ n d ɐ
Inländerin	ʔ ɪ n l ɛ n d ə ʁ ɪ n
Innehaben	ɪ n ə h aː b n̩
Innehalten	ʔ ɪ n ə h a l t ə n
Innenministerin	ʔ ɪ n ə n m i n ɪ s t ə ʁ ɪ n
Innenministerinnen	ʔ ɪ n ə n m i n ɪ s t ə ʀ ɪ n ə n
Innenschau	ɪ n ə n ʃ a ʊ̯
Innentasche	ɪ n ə n t a ʃ ə
Innentasche	ɪ n ə n tʰ a ʃ ə
Innerlichkeit	ɪ n ɐ l ɪ ç k a ɪ̯ t
Innovationskraft	ɪ n o v a t͡s i̯ oː n s k ʁ a f t
Innovationszwang	ɪ n o v a t͡s j oː n s t͡s v a ŋ
Innung	ʔ ɪ n ʊ ŋ
Insassen	ɪ n z a s n̩
Insassen	ɪ n z a s ə n
Insektenflügel	ɪ n z ɛ k t n̩ f l yː ɡ l̩
Insektenkundler	ɪ n z ɛ k t ə n k ʊ n d l ɐ
Insektenkundlerin	ɪ n z ɛ k t ə n k ʊ n d l ə ʁ ɪ n
Insektenkundlerinnen	ɪ n z ɛ k t ə n k ʊ n d l ə ʁ ɪ n ə n
Insektenkundlers	ɪ n z ɛ k t ə n k ʊ n d l ɐ s
Insel	ʔ ɪ n z l̩
Insel	ʔ ɪ n z ə l
Inselbewohnerin	ɪ n z l̩ b ə v oː n ə ʁ ɪ n
Inselbogen	ɪ n z l̩ b oː ɡ n̩
Inselbogens	ɪ n z l̩ b oː ɡ n̩ s
Inselbögen	ɪ n z l̩ b øː ɡ n̩
Inselkette	ɪ n z l̩ k ɛ t ə
Inselketten	ɪ n z l̩ k ɛ t n̩
Inserat	ɪ n z e ʁ aː t
Inserieren	ɪ n z ə ʁ iː ʁ ə n
Inserierer	ɪ n z ə ʁ iː ʁ ɐ
Insiderhandel	ʔ ɪ n s a ɪ̯ d ɐ h a n d l̩
Insiderhandel	ʔ ɪ n t s a ɪ̯ d ɐ h a n d l̩
Insinuation	ɪ n z i n u a t͡s i̯ oː n
Insolvenzverwalter	ɪ n z ɔ l v ɛ n t͡s f ɛ ɐ̯ v a l t ɐ
Inspektion	ʔ ɪ n s p ɛ k t͡s j oː n
Instabilität	ʔ ɪ n ʃ t a b i l i t ɛː t
Installateurin	ɪ n s t a l a t øː ʁ ɪ n
Installateurinnen	ɪ n s t a l a t øː ʁ ɪ n ə n
Instandsetzung	ɪ n ʃ t a n t z ɛ t͡s ʊ ŋ
Instinkt	ɪ n s t ɪ ŋ k t
Instinktverhalten	ɪ n s t ɪ ŋ k t f ɛ ɐ̯ h a l t n̩
Institution	ʔ ɪ n s t i t u t s i̯ oː n
Institutionen	ʔ ɪ n s t i t u t s i̯ oː n ə n
Instrument	ɪ n s t ʁ u m ɛ n t
Instrumentalisieren	ʔ ɪ n s t ʁ u m ɛ n t a l i z iː ʁ ə n
Instrumentalisierer	ʔ ɪ n s t ʁ u m ɛ n t a l i z iː ʁ ɐ
Instrumententafel	ɪ n s t ʁ u m ɛ n t n̩ t aː f ə l
Instrumententafeln	ɪ n s t ʁ u m ɛ n t n̩ t aː f ə l n
Intensivstationen	ɪ n t ɛ n z iː f ʃ t a t͡s i̯ oː n ə n
Interaktom	ɪ n t ɐ ʔ a k t oː m
Interaktom	ɪ n t ə r a k t oː m
Interessen	ɪ n t ə ʁ ɛ s n̩
Interessen	ɪ n t ʁ ɛ s n̩
Interessengruppe	ɪ n t ə ʁ ɛ s n̩ ɡ ʁ ʊ p ə
Interessenvertretung	ɪ n t ə ʁ ɛ s n̩ f ɛ ɐ̯ t ʁ eː t ʊ ŋ
Interferon	ɪ n t ɐ f e ʁ oː n
Interferone	ɪ n t ɐ f e ʁ oː n ə
Interferons	ɪ n t ɐ f e ʁ oː n s
Interkalation	ɪ n t ɐ k a l a t͡s i̯ oː n
Interkalationen	ɪ n t ɐ k a l a t͡s i̯ oː n ə n
Interkalationsjahr	ɪ n t ɐ k a l a t͡s i̯ oː n s j aː ɐ̯
Interkalationsjahre	ɪ n t ɐ k a l a t͡s i̯ oː n s j aː ʁ ə
Interkalationsjahres	ɪ n t ɐ k a l a t͡s i̯ oː n s j aː ʁ ə s
Interkalationsjahrs	ɪ n t ɐ k a l a t͡s i̯ oː n s j aː ɐ̯ s
Interkontinentalflug	ɪ n t ɐ k ɔ n t i n ɛ n t aː l f l uː k
Interkontinentalrakete	ɪ n t ɐ k ɔ n t i n ɛ n t aː l ʁ a k eː t ə
Intermezzo	ɪ n t ɐ m ɛ t͡s o
Internat	ɪ n t ɐ n aː t
Internationalisieren	ɪ n t ɐ n a t͡s i̯ o n a l i z iː ʁ ə n
Internationalisierer	ɪ n t ɐ n a t͡s i̯ o n a l i z iː ʁ ɐ
Internationalisierung	ɪ n t ɐ n a t͡s i̯ o n a l i z iː ʁ ʊ ŋ
Internationalprozessrecht	ɪ n t ɐ n a t͡s i̯ o n aː l p ʁ o t͡s ɛ s ʁ ɛ ç t
Internationalprozessrechtes	ɪ n t ɐ n a t͡s i̯ o n aː l p ʁ o t͡s ɛ s ʁ ɛ ç t ə s
Internationalprozessrechts	ɪ n t ɐ n a t͡s i̯ o n aː l p ʁ o t͡s ɛ s ʁ ɛ ç t s
Interpret	ʔ ɪ n t ɐ p ʁ eː t
Interrogativpronomen	ɪ n t ɐ ʁ o ɡ a t iː f p ʁ o n oː m ə n
Intervall	ɪ n t ɐ v a l
Intervalle	ɪ n t ɐ v a l ə
Intervention	ɪ n t ɐ v ɛ n t͡s i̯ oː n
Interventionsstudie	ɪ n t ɐ v ɛ n t͡s i̯ oː n s ʃ t uː d i̯ ə
Interventionsstudien	ɪ n t ɐ v ɛ n t͡s i̯ oː n s ʃ t uː d i̯ ə n
Invektive	ʔ ɪ n v ɛ k t iː v ə
Invektiven	ʔ ɪ n v ɛ k t iː v ə n
Investitionsklima	ɪ n v ɛ s t i t͡s i̯ oː n s k l iː m a
Investitionsoffensive	ɪ n v ɛ s t ɪ t͡s j oː n s ʔ o f ɛ n z iː v ə
Investitionsstau	ɪ n v ɛ s t ɪ t͡s j oː n s ʃ t a ʊ̯
Investmentfonds	ɪ n v ɛ s t m ə n t f ɔ̃ː
Inzucht	ɪ n t͡s ʊ χ tʰ
Iowa	a ɪ̯ o v a
Iranistik	ʔ i ʁ a n ɪ s t ɪ kʰ
Irland	ʔ ɪ ʁ l a n t
Irregularisieren	ɪ ʁ e ɡ u l a l i z iː ʁ ə n
Irrfahrt	ɪ ʁ f aː ɐ̯ t
Irrgang	ɪ ʁ ɡ a ŋ
Irrgangs	ɪ ʁ ɡ a ŋ s
Irrwitz	ɪ ʁ v ɪ t͡s
Isabel	i z a b ɛ l
Islamisieren	ɪ s l a m i z iː ʁ ə n
Islamistin	ɪ s l a m ɪ s t ɪ n
Islamistinnen	ɪ s l a m ɪ s t ɪ n ə n
Islamwissenschaft	ʔ ɪ s l aː m v ɪ s n̩ ʃ a f tʰ
Isländerin	ʔ iː s l ɛ n d ə ʁ ɪ n
Isolani	i z o l aː n i
Isolieren	ʔ i z o l iː ɐ̯ n
Isoliermatte	i z o l iː ʁ m a t ə
Isoliermatten	i z o l iː ʁ m a t n̩
Isomatte	iː z o m a t ə
Isomatten	iː z o m a t n̩
Isomer	i z o m eː ɐ̯
Isomerisieren	i z o m e ʁ i z iː ʁ ə n
Israel	iː s ʁ a ʔ eː l
Israel	ɪ s ʁ a ʔ eː l
Italianistik	ʔ i tʰ a l i a n ɪ s t ɪ kʰ
Ixel	ɪ k s l̩
Jacht	j a χ t
Jacken	j a k n̩
Jacken	j a k ŋ̩
Jacob	j aː k ɔ p
Jagden	j aː k d̥ ə n
Jagden	j aː k t n̩
Jagdschloss	j aː k t ʃ l ɔ s
Jagdschlosses	j aː k t ʃ l ɔ s ə s
Jagdzeit	j aː k t t͡s a ɪ̯ t
Jagel	j a ɡ l̩
Jagel	j a ɡ ɐ̯ l̩
Jaguar	j aː ɡ u aː
Jaguar	j aː ɡ u aː ɐ̯
Jaguar	j aː ɡ u ɐ̯
Jaguar	j aː ɡ ʋ aː
Jaguar	j aː ɡ ʋ aː ɐ̯
Jahr	j aː
Jahr	j aː ɐ̯
Jahr	j aː ʁ
Jahresabschluss	j aː ʁ ə s ʔ a p ʃ l ʊ s
Jahresbeginn	j aː ʁ ə s b ə ɡ ɪ n
Jahresendrally	j aː ʁ ə s ʔ ɛ n t ʁ ɛ l i
Jahresfehlbetrag	j aː ʁ ə s f eː l b ə t ʁ aː k
Jahresrückblick	j aː ʁ ə s ʁ ʏ k b l ɪ k
Jahreszeiten	j aː ʀ ə s t s a ɪ̯ t n̩
Jahrhunderthochwasser	j aː h ʊ n d ɐ t h oː x v a s ɐ
Jahrhunderthochwasser	j aː ɐ̯ h ʊ n d ɐ t h oː x v a s ɐ
Jahrtausend	j aː ɐ tʰ a ʊ̯ z n̩ t
Jammergeschrei	j a m ɐ ɡ ə ʃ ʀ a ɪ̯
Jana	j aː n a
Janker	j a n k ɐ
Januar	j a n u aː
Januar	j a n u aː ɐ̯
Januar	j a n ʊ ɐ̯
Januar	j aː n ʊ ɐ̯
Janusgesicht	j aː n ʊ s ɡ ə z ɪ ç t
Januskopf	j aː n ʊ s k ɔ p͡f
Japanisch	j a pʰ aː n ɪ ʃ
Japanologie	j a pʰ a n o l o ɡ iː
Japsen	j a p s n̩
Jargon	ʒ a ʁ ɡ ɔ̃ː
Jaunde	j a ʊ n d ə
Jaunde	j a ʔ ʊ n d ə
Jause	j a ʊ̯ z ə
Jeans	d͡ʒ iː n s
Jeans	d͡ʒ iː n t s
Jeans	ʒ iː n s
Jeans	ʒ iː n t s
Jekaterinburg	j ɛ k a t ə ʁ iː n b ʊ ʁ k
Jeremia	j e ʁ e m iː a
Jeremias	j e ʁ e m iː a s
Jesuit	j e z u iː t
Jesuit	j e z u ʔ iː t
Joachimsthal	j oː a x ɪ m s t aː l
Joachimsthal	j oː ʔ a x ɪ m s t aː l
Joachimsthalerin	j oː a x ɪ m s t aː l t aː l ə ʁ ɪ n
Joachimsthalerin	j oː ʔ a x ɪ m s t aː l t aː l ə ʁ ɪ n
Joachimsthals	j oː a x ɪ m s t aː l s
Joachimsthals	j oː ʔ a x ɪ m s t aː l s
Jobeljahr	j o b eː l j aː ɐ̯
Joch	j ɔ χ
Jochen	j ɔ χ n̩
Joghurt	j oː ɡ ʊ ɐ̯ t
Joghurt	j oː ɡ ʊ ʁ t
Johannisbrotbaum	j o h a n ɪ s b ʁ oː t b a ʊ̯ m
Joker	d͡ʒ oː k ɐ
Joker	j oː k ɐ
Jonathan	j oː n a t aː n
Jorts	d͡ʒ ɔ ɐ̯ t͡s
Jorts	d͡ʒ ɔ ʁ t͡s
Joscha	j oː ʃ a
Joscha	j ɔ ʃ a
Journal	ʒ ʊ ʁ n aː l
Journalismus	ʒ ʊ ɐ̯ n a l ɪ s m ʊ s
Journalismus	ʒ ʊ ʁ n a l ɪ s m ʊ s
Joystick	d ʒ ɔ ɪ̯ s t ɪ k
Jubel	j uː b l̩
Jubeljahr	j uː b l̩ j aː ɐ̯
Jubelperser	j uː b l̩ p ɛ ʁ z ɐ
Juchten	j ʊ x t n̩
Judaistik	j u d a ɪ s t ɪ kʰ
Judas	j uː d a s
Judas	j uː d aː s
Judas	j uː d aˑ s
Judenhasses	j uː d n̩ h a s ə s
Judenhasses	j uː d ə n h a s ə s
Judenhetze	j uː d n̩ h ɛ t͡s ə
Judenrat	j uː d n̩ ʁ aː t
Judenrat	j uː d ə n ʁ aː t
Judensau	j uː d n̩ z a ʊ̯
Judenstern	j uː d n̩ ʃ t ɛ ʁ n
Jugend	j uː ɡ ŋ̍ t
Jugendgästehause	j uː ɡ n̩ t ɡ ɛ s t ə h a ʊ̯ z ə
Jugendgästehäusern	j uː ɡ n̩ t ɡ ɛ s t ə h a ɔ ɪ̯ z ɐ n
Jugendherberge	j uː ɡ ə n t h ɛ ʁ b ɛ ʁ ɡ ə
Jugendlicher	j uː ɡ ŋ̩ t l ɪ ç ɐ
Jugendlicher	j uː ɡ ə n t l ɪ ç ɐ
Jugendorchester	j uː ɡ ŋ̍ t ʔ ɔ ʁ k ɛ s t ɐ
Jugendorchesters	j uː ɡ ŋ̍ t ʔ ɔ ʁ k ɛ s t ɐ s
Julia	j uː l i a
Julia	j uː l j a
Juliane	j u l i aː n ə
Juliane	j u l j aː n ə
Juliane	j uː l i aː n ə
Juliane	j ʊ l j aː n ə
Julierpass	j uː l i̯ ɐ p a s
Jundel	j uː d l̩
Jundel	j uː ɐ̯ d l̩
Jungen	j ʊ ŋ ə n
Junges	j ʊ ŋ ə s
Jungfernfahrt	j ʊ ŋ f ɐ n f aː ɐ̯ t
Jungfernflug	j ʊ ŋ f ɐ n f l uː k
Jungfernkranz	j ʊ ŋ f ɐ n k ʁ a n t͡s
Jungholzer	j ʊ ŋ h ɔ l t͡s ɐ
Jungholzerin	j ʊ ŋ h ɔ l t͡s ə ʁ ɪ n
Jungholzers	j ʊ ŋ h ɔ l t͡s ɐ s
Jungneolithikum	j ʊ ŋ n e o l iː t i k ʊ m
Jungneolithikum	j ʊ ŋ n e o l ɪ t i k ʊ m
Jungneolithikums	j ʊ ŋ n e o l iː t i k ʊ m s
Jungneolithikums	j ʊ ŋ n e o l ɪ t i k ʊ m s
Jungpaläolithikum	j ʊ ŋ p a l ɛ o l iː t i k ʊ m
Jungpaläolithikum	j ʊ ŋ p a l ɛ o l ɪ t i k ʊ m
Jungpaläolithikums	j ʊ ŋ p a l ɛ o l iː t i k ʊ m s
Jungpaläolithikums	j ʊ ŋ p a l ɛ o l ɪ t i k ʊ m s
Junta	χ ʊ n t a
Jura	j uː r ɑː
Jura	j uː ʀ aː
Jurassier	j u ʁ a s i̯ ɐ
Jurek	j u ʁ ɛ k
Jurte	j ʊ ɐ̯ t ə
Jurte	j ʊ ʁ t ə
Justizirrtum	j ʊ s t iː t͡s ʔ ɪ ʁ t uː m
Justizministerium	j ʊ s t iː t͡s m i n ɪ s t eː ʁ i̯ ʊ m
Juwelierarbeit	j ʊ v ə l iː ɐ̯ ʔ a ʁ b a ɪ̯ t
Juwelierkunst	j ʊ v ə l iː ɐ̯ kʰ ʊ n s t
Juwelierskunst	j ʊ v ə l iː ɐ̯ s kʰ ʊ n s t
Jülicherin	j yː l ɪ ç ə ʁ ɪ n
Jülicherinnen	j yː l ɪ ç ə ʁ ɪ n ə n
Jürgen	j ʏ ʁ ɡ ŋ̍
Kabache	kʰ a b a χ ə
Kabacke	kʰ a b a kʰ ə
Kabel	k aː b l̩
Kabel	k aː b ə l
Kabine	k a b iː n ə
Kabinettskrieg	k a b i n ɛ t͡s k ʁ iː k
Kachel	k a χ l̩
Kachel	k a χ ə l
Kackbratze	k a k b ʁ a t͡s ə
Kacke	kʰ a kʰ ə
Kacke	kʰ a kʰ ɛ
Kadaver	k a d aː v ɐ
Kadenz	k a d ɛ n t͡s
Kaffeebohne	k a f e b oː n ə
Kaffeeersatzes	k a f eː ʔ ɛ ɐ̯ z a t͡s ə s
Kaffeesatzleserei	k a f e z a t͡s l eː z ə r a ɪ̯
Kaffeesatzleserei	k a f eː z a t͡s l eː z ə r a ɪ̯
Kaffer	k a f ɐ
Kahba	k a ħ b ɐ
Kahlkopfes	k aː l kʰ ɔ p f ə s
Kahlkopfs	k aː l kʰ ɔ p f s
Kahlköpfe	k aː l k œ p f ə
Kahlschlag	k aː l ʃ l aː k
Kaiser	k a ɪ̯ z ɐ
Kaiseramazone	k a ɪ̯ z ɐ ʔ a m a t͡s oː n ə
Kaisergranat	k a ɪ̯ z ɐ ɡ ʁ a n aː t
Kaiserpfalz	k a ɪ̯ z ɐ p͡f a l t͡s
Kaiserpfalzen	k a ɪ̯ z ɐ p͡f a l t͡s n̩
Kaiserreich	kʰ a ɪ z ɐ ʁ a ɪ ç
Kaisers	kʰ a ɪ̯ z ɐ s
Kaiserslauterer	k a ɪ z ɐ s l a ʊ t ə ʁ ɐ
Kaiserslautern	k a ɪ̯ z ɐ s l a ʊ̯ t ɐ n
Kaiserslauterner	k a ɪ z ɐ s l a ʊ t ɐ n ɐ
Kaiserslauternerin	k a ɪ z ɐ s l a ʊ t ɐ n ə ʁ ɪ n
Kaiserslauterners	k a ɪ z ɐ s l a ʊ t ɐ n ɐ s
Kaiserswerth	k a ɪ z ɐ s v ɛ ɐ̯ t
Kaiserswerther	k a ɪ z ɐ s v ɛ ɐ̯ t ɐ
Kaiserswertherin	k a ɪ z ɐ s v ɛ ɐ̯ t ə ʁ ɪ n
Kaiserswerthers	k a ɪ z ɐ s v ɛ ɐ̯ t ɐ s
Kaiserswerths	k a ɪ z ɐ s v ɛ ɐ̯ t s
Kaiserthum	kʰ a ɪ̯ z ɐ tʰ uː m
Kaisertum	kʰ a ɪ̯ z ɐ tʰ uː m
Kaiserwetter	k a ɪ̯ z ɐ v ɛ t ɐ
Kaiserzeit	k a ɪ̯ z ɐ t͡s a ɪ̯ t
Kajakfahrer	k aː j a k f aː ʁ ɐ
Kakaomilch	k a k a ʊ̯ m ɪ l ç
Kakaomilch	k a k aː o m ɪ l ç
Kalabrien	k a l aː b ʁ i ə n
Kalabriens	k a l aː b ʁ i ə n s
Kalabrier	k a l aː b ʁ i ɐ
Kalabrierin	k a l aː b ʁ i ə ʁ ɪ n
Kalabrierinnen	k a l aː b ʁ i ə ʁ ɪ n ə n
Kalabriers	k a l aː b ʁ i ɐ s
Kalbsmilch	k a l p s m ɪ l ç
Kalenderblatt	k a l ɛ n d ɐ b l a t
Kalenderwoche	k a l ɛ n d ɐ v ɔ χ ə
Kalenderwochen	k a l ɛ n d ɐ v ɔ χ n̩
Kalifornien	k a l i f ɔ ʁ n j ə n
Kalifornierinnen	k a l i f ɔ ʁ n i̯ ə ʁ ɪ n ə n
Kaliumkarbonat	k aː l i̯ ʊ m k a ʁ b o n aː t
Kalkalpen	k a l k ʔ a l p m̩
Kalkmilch	k a l k m ɪ l ç
Kalkulieren	k a l k u l iː ʁ ə n
Kalkulierer	k a l k u l iː ʁ ɐ̯
Kalkwasser	k a l k v a s ɐ
Kalletal	kʰ a l ə tʰ aː l
Kalmuswurzel	k a l m ʊ s v ʊ ʁ t͡s l̩
Kalmuswurzeln	k a l m ʊ s v ʊ ʁ t͡s l̩ n
Kaltenbach	k a l t n̩ b a χ
Kaltenbacher	k a l t n̩ b a χ ɐ
Kaltenbacherin	k a l t n̩ b a x ə ʁ ɪ n
Kaltenbacherinnen	k a l t n̩ b a x ə ʁ ɪ n ə n
Kaltenbachers	k a l t n̩ b a χ ɐ s
Kaltenberg	k a l t n̩ b̥ ɛ r ɡ̊
Kaltenberger	k a l t n̩ b ɛ ʁ ɡ ɐ
Kaltenbergerin	k a l t n̩ b ɛ ʁ ɡ ə ʁ ɪ n
Kaltenbergerinnen	k a l t n̩ b ɛ ʁ ɡ ə ʁ ɪ n ə n
Kaltenbergers	k a l t n̩ b ɛ ʁ ɡ ɐ s
Kaltenbergs	k a l t n̩ b̥ ɛ r ɡ̊ s
Kaltental	k a l t n̩ t aː l
Kaltentaler	k a l t n̩ t aː l ɐ
Kaltentalerin	k a l t n̩ t aː l ə ʁ ɪ n
Kaltentalerinnen	k a l t n̩ t aː l ə ʁ ɪ n ə n
Kaltentalers	k a l t n̩ t aː l ɐ s
Kaltentals	k a l t n̩ t aː l s
Kaltschale	k a l t ʃ aː l ə
Kalziumazetat	k a l t͡s i̯ ʊ m ʔ a t͡s ə t aː t
Kalziumazetats	k a l t͡s i̯ ʊ m ʔ a t͡s ə t aː t͡s
Kalziumkarbonat	k a l t͡s i̯ ʊ m k a ʁ b o n aː t
Kamelmilch	k a m eː l m ɪ l ç
Kamenzer	k aː m ɛ n t͡s ɐ
Kamenzerin	k aː m ɛ n t͡s ə ʁ ɪ n
Kamenzers	k aː m ɛ n t͡s ɐ s
Kamera	k a m ə ʁ a
Kameraperspektive	k a m ə ʁ a p ɛ ʁ s p ɛ k t iː v ə
Kammeropern	k a m ɐ ʔ oː p ɐ n
Kampaner	k a m p aː n ɐ
Kampanerinnen	k a m p aː n ə ʁ ɪ n ə n
Kampaners	k a m p aː n ɐ s
Kampanien	k a m p aː n i̯ ə n
Kampaniens	k a m p aː n i̯ ə n s
Kampf	k a m p f
Kampf	k a m ɸ
Kampf	k a ɱ f
Kampfdrohne	k a m p f d ʁ oː n ə
Kampfer	k a m p͡f ɐ
Kampfer	k a ɱ f ɐ
Kampffahrzeug	k a m p f f aː ɐ̯ t s ɔ ɪ̯ k
Kampfkunst	k a m p f k ʊ n s t
Kampfpilot	k a m p͡f p i l oː t
Kampfpilotin	k a m p͡f p i l oː t ɪ n
Kampfverbande	k a m p͡f f ɛ ɐ̯ b a n d ə
Kampfverbänden	k a m p͡f f ɛ ɐ̯ b ɛ n d n̩
Kamtschatka	k a m t ʃ a t k aː
Kamurke	k a m ʊ r k ə
Kamurke	k a m ʊ ʁ k ə
Kandidieren	k a n d i d iː ʁ ə n
Kandidierenden	k a n d i d iː ʁ ə n d n̩
Kandidierender	k a n d i d iː ʁ ə n d ɐ
Kaninchenbau	k a n iː n ç ə n b a ʊ̯
Kaninchenplage	k a n iː n ç ə n p l aː ɡ ə
Kanonenwagen	k a n oː n ə n v aː ɡ n̩
Kant	k a n t
Kante	kʰ a n t ə
Kantilene	k a n t i l eː n ə
Kantonesisch	k a n t o n eː z ɪ ʃ
Kantor	k a n t oː ɐ̯
Kants	k a n t s
Kantzler	k a n t͡s l ɐ
Kanzleisprache	k a n t͡s l a ɪ̯ ʃ p ʁ aː x ə
Kanzler	k a n t͡s l ɐ
Kapazitätsausweitung	k a p a t͡s i t ɛː t͡s a ʊ̯ s v a ɪ̯ t ʊ ŋ
Kapellan	k a p ɛ l aː n
Kapelle	k a p ɛ l ə
Kapellmeisterin	k a p ɛ l m a ɪ̯ s t ə ʁ ɪ n
Kapitalabfluss	k a p i t aː l a p f l ʊ s
Kapitalbeschaffung	k a p i t aː l b ə ʃ a f ʊ ŋ
Kapitalbeteiligung	k a p i t aː l s b e t a ɪ̯ l ɪ ɡ ʊ ŋ
Kapitalbindung	k a p i t aː l b ɪ n d ʊ ŋ
Kapitalentsperrung	k a p i t aː l ʔ ɛ n t ʃ p ɛ ʁ ʊ ŋ
Kapitalfestlegung	k a p i t aː l f ɛ s t l eː ɡ ʊ ŋ
Kapitalfreisetzung	k a p i t aː l f ʁ a ɪ̯ z ɛ t͡s ʊ ŋ
Kapitalmaßnahme	k a p i t aː l m aː s n aː m ə
Kapitalumschlag	k a p i t aː l ʔ ʊ m ʃ l aː k
Kapitalumschlagshäufigkeit	k a p i t aː l ʔ ʊ m ʃ l aː k s h ɔ ɪ̯ f ɪ ç k a ɪ̯ t
Kapitalverkehr	k a p i t aː l f ɛ ɐ̯ k eː ɐ̯
Kapitalverkehrskontrolle	k a p i t aː l f ɛ ɐ̯ k eː ɐ̯ s k ɔ n t ʁ ɔ l ə
Kapitalverwaltung	k a p i t aː l f ɛ ɐ̯ v a l t ʊ ŋ
Kapitalverwässerung	k a p i t aː l f ɛ ɐ̯ v ɛ s ə ʁ ʊ ŋ
Kapitalzufluss	k a p i t aː l t͡s uː f l ʊ s
Kapitän	k a p i t ɛː n
Kaplan	k a p l aː n
Kappapagei	k a p p a p a ɡ a ɪ̯
Kappapageie	k a p p a p a ɡ a ɪ̯ ə
Kappapageien	k a p p a p a ɡ a ɪ̯ ə n
Kappapageis	k a p p a p a ɡ a ɪ̯ s
Kappelhoff	k a p l̩ h ɔ f
Kappelhoffs	k a p l̩ h ɔ f s
Kappelmann	k a p l̩ m a n
Kappelmanns	k a p l̩ m a n s
Kaprun	k a p r uː n
Kapruner	k a p r uː n ɐ
Kaprunerin	k a p r uː n ə ʁ ɪ n
Kaprunerinnen	k a p r uː n ə ʁ ɪ n ə n
Kapruners	k a p r uː n ɐ s
Kapruns	k a p r uː n s
Kaputtmacher	k a p ʊ t m a x ɐ
Kaputtmachers	k a p ʊ t m a x ɐ s
Kapuzinerkaffee	k a p u t͡s iː n ɐ k a f eː
Kapuzinerkaffees	k a p u t͡s iː n ɐ k a f eː s
Kapuzinerkloster	k a p u t͡s iː n ɐ k l oː s t ɐ
Kapuzinerklosters	k a p u t͡s iː n ɐ k l oː s t ɐ s
Kapuzinerklösterchen	k a p u t͡s iː n ɐ k l øː s t ɐ ç ə n
Kapuzinerkresse	k a p u t͡s iː n ɐ k ʁ ɛ s ə
Karabach	k a ʁ a b a χ
Karabach	k aː ʁ a b a χ
Karabinier	k a ʁ a b i n i̯ eː
Karacho	k a ʁ a χ o
Karaffen	k a ʁ a f n̩
Karaffen	k a ʁ a f ə n
Karamelle	k a ʁ a m ɛ l ə
Karawanenstraße	k a ʁ a v aː n ə n ʃ t ʁ aː s ə
Karawanken	k a ʁ a v a ŋ k n̩
Karbonsäure	k a ʁ b oː n z ɔ ɪ̯ ʁ ə
Kardiologe	kʰ a ɐ̯ d i̯ o l oː ɡ ə
Kardiologen	kʰ a ɐ̯ d i̯ o l oː ɡ ŋ̍
Kardiologen	kʰ a ɐ̯ d i̯ o l oː ɡ ə n
Kardiologin	kʰ a ɐ̯ d i̯ o l oː ɡ ɪ n
Kardiologinnen	kʰ a ɐ̯ d i̯ o l oː ɡ ɪ n n̩
Kardiologinnen	kʰ a ɐ̯ d i̯ o l oː ɡ ɪ n ə n
Karer	kʰ aː ʁ ɐ
Karerin	kʰ aː ʁ ɐ ʁ ɪ n
Karien	kʰ aː ʁ i̯ ə n
Karikaturen	k a ʁ i k a t uː ʁ ə n
Karl	k a ɐ̯ l
Karl	k a ʁ l
Karl	k aː l
Karlsbaderin	k a ʁ l s b aː d ə ʁ ɪ n
Karlshafen	k a ʁ l s h aː f n̩
Karlshafenerin	k a ʁ l s h aː f n̩ ə ʁ ɪ n
Karlshafenerinnen	k a ʁ l s h aː f n̩ ə ʁ ɪ n ə n
Karlshafens	k a ʁ l s h aː f n̩ s
Karlsruherin	k a ʁ l s ʁ uː ə ʁ ɪ n
Karlstädter	k a ʁ l ʃ t ɛ t ɐ
Karlstädterin	k a ʁ l ʃ t ɛ t ə ʁ ɪ n
Karlstädters	k a ʁ l ʃ t ɛ t ɐ s
Karmingimpel	k a ʁ m iː n ɡ ɪ m p ə l
Karnickel	k a ʁ n ɪ k l̩
Karnickel	k aː n ɪ k l̩
Karolinasittich	k a r ɔ lʲ i n a s ɪ t ɪ ç
Karottensalate	k a r ɔ t ə n z a l aː t ə
Karottensalates	k a r ɔ t ə n z a l aː t ə s
Karottensalats	k a r ɔ t ə n z a l aː t s
Karottensäfte	k a ʁ ɔ t n̩ z ɛ f t ə
Karpfen	k a ʁ p f ə n
Karren	k a ʁ ə n
Karren	k a ʁ ɴ̩
Karren	k aː n
Karren	k aː ɐ̯ n
Karriere	k a j eː ʁ ə
Karriere	k a ɐ̯ j eː ʁ ə
Karriere	k a ʁ i eː ʁ ə
Karriere	k a ʁ j eː ʁ ə
Karriereleiter	k a ʁ i̯ eː ʁ ə l a ɪ̯ t ɐ
Karsten	k a ɐ̯ s t n̩
Karsten	k a ʁ s t n̩
Karsten	k aː s t n̩
Karte	k a ʁ t ə
Kartenhaus	k a ʁ t n̩ h a ʊ̯ s
Kartenspieler	k a ʁ t n̩ ʃ p iː l ɐ
Kartenspielerin	k a ʁ t n̩ ʃ p iː l ə ʁ ɪ n
Kartoffel	k a ʁ t ɔ f l̩
Kartoffelacker	k a ʁ t ɔ f l̩ ʔ a k ɐ
Kartoffelschäler	k a ʁ t ɔ f l̩ ʃ ɛː l ɐ
Kartoffelteig	k a ʁ t ɔ f l̩ t a ɪ̯ k
Kartograf	kʰ a ʁ tʰ o ɡ ʁ aː f
Kartografin	kʰ a ʁ tʰ o ɡ ʁ aː f ɪ n
Karton	k a ʁ t ɔ̃ː
Karyatide	k a ʁ y a t iː d ə
Karyatiden	k a ʁ y a t iː d n̩
Kasache	k a z a χ ə
Kasachstan	k a z a x s t aː n
Kasachstan	k aː z a x s t a n
Kasachstan	k aː z a x s t aː n
Kaschemme	k a ʃ ɛ m ə
Kaskade	k a s k aː d ə
Kaskadenschaltung	k a s k aː d n̩ ʃ a l t ʊ ŋ
Kassa	k a s a
Kassamarkt	k a s a m a ʁ k t
Kassation	k a s a t͡s i̯ oː n
Kasse	kʰ a s ə
Kassel	k a s l̩
Kasselerin	k a s ə l ə ʁ ɪ n
Kassels	k a s l̩ s
Kassen	k a s n̩
Kassenpatient	k a s n̩ p a t͡s i̯ ɛ n t
Kassenpatienten	k a s n̩ p a t͡s i̯ ɛ n t n̩
Kassenpatientin	k a s n̩ p a t͡s i̯ ɛ n t ɪ n
Kassenpatientinnen	k a s n̩ p a t͡s i̯ ɛ n t ɪ n ə n
Kassettenrekorder	k a s ɛ t n̩ ʁ e k ɔ ʁ d ɐ
Kassier	k a s iː ɐ̯
Kastilien	k a s t iː l i̯ ə n
Kat	k a t
Katapultpost	k a t a p ʊ l t p ɔ s t
Katarer	k a t aː ʁ ɐ
Katarina	k a t a ʁ iː n a
Katarrh	k a t a ʁ
Katastrophe	k a t a s t ʁ oː f ə
Katastrophenmedizin	k a t a s t ʁ oː f ə n m e d i t s iː n
Katatonie	kʰ a tʰ a tʰ o n iː
Katerfrühstück	k aː t ɐ f ʁ yː ʃ t ʏ k
Katharina	k a t a ʁ iː n a
Katheder	k a t eː d ɐ
Kathedrale	k a t e d ʁ aː l ə
Kathete	k a t eː t ə
Kation	k a t i̯ oː n
Kation	k a t ʔ i oː n
Kats	k a t s
Katz	k a t͡s
Katzenbaldrian	k a t͡s n̩ b a l d ʁ i aː n
Katzenbaldriane	k a t͡s n̩ b a l d ʁ i aː n ə
Katzenbaldrians	k a t͡s n̩ b a l d ʁ i aː n s
Katzenbuckel	k a t͡s n̩ b ʊ k l̩
Katzenfutter	k a t͡s n̩ f ʊ t ɐ
Katzenhaie	k a t͡s n̩ h a ɪ̯ ə
Katzenhaies	k a t͡s n̩ h a ɪ̯ ə s
Katzenhais	k a t͡s n̩ h a ɪ̯ s
Katzenjunges	k a t s n̩ j ʊ ŋ ə s
Katzenjunges	k a t s ə n j ʊ ŋ ə s
Katzenminze	k a t͡s n̩ m ɪ n t͡s ə
Katzentrockenfutter	k a t͡s n̩ t ʁ ɔ k n̩ f ʊ t ɐ
Katzentrockennahrung	k a t͡s n̩ t ʁ ɔ k n̩ n aː ʁ ʊ ŋ
Katzenwelpe	k a t s n̩ v ɛ l p ə
Katzenwelpe	k a t s ə n v ɛ l p ə
Katzenwelpen	k a t s n̩ v ɛ l p m̩
Katzenwelpen	k a t s ə n v ɛ l p ə n
Kauderwelsch	k a ʊ̯ d ɐ v ɛ l ʃ
Kaufhaus	k a ʊ̯ f h a ʊ̯ s
Kaufkraftausgleich	k a ʊ̯ f k ʁ a f t ʔ a ʊ̯ s ɡ l a ɪ̯ ç
Kaufkraftgewinn	k a ʊ̯ f k ʁ a f t ɡ ə v ɪ n
Kaufkraftindex	k a ʊ̯ f k ʁ a f t ʔ ɪ n d ɛ k s
Kaufkraftparität	k a ʊ̯ f k ʁ a f t p a ʁ i t ɛː t
Kaufkraftverlust	k a ʊ̯ f k ʁ a f t f ɛ ɐ̯ l ʊ s t
Kaufoption	k a ʊ̯ f ʔ o p t͡s i̯ oː n
Kaufpreis	k a ʊ̯ f p ʁ a ɪ̯ s
Kebsweib	k eː p s v a ɪ̯ p
Kegeldach	k eː ɡ l̩ d a x
Kegeldaches	k eː ɡ l̩ d a x ə s
Kegeldachs	k eː ɡ l̩ d a x s
Kegeldächer	k eː ɡ l̩ d ɛ ç ɐ
Kehrblech	k eː ɐ̯ b l ɛ ç
Kehrer	k eː ʁ ɐ
Kehrichtkübel	k eː ʁ ɪ ç t k yː b l̩
Kehrichtsack	k eː ʀ ɪ ç t z a k
Kehrreim	k eː ɐ̯ ʁ a ɪ̯ m
Kehrtwende	k eː ɐ̯ t v ɛ n d ə
Kehrtwenden	k eː ɐ̯ t v ɛ n d n̩
Keim	kʰ a ɪ̯ m
Keimblatt	k a ɪ̯ m b l a t
Keimblattes	k a ɪ̯ m b l a t ə s
Keimblatts	k a ɪ̯ m b l a t͡s
Keimblätter	k a ɪ̯ m b l ɛ t ɐ
Keimzelle	k a ɪ̯ m t͡s ɛ l ə
Kelch	k ɛ l t ç
Kelch	k ɛ l ç
Kelch	k ɛ ʎ c ç
Kelch	k ɛ ʎ ç
Kellerassel	k ɛ l ɐ ʔ a s l̩
Kellinghausen	k ɛ l ɪ ŋ h a ʊ̯ z n̩
Kellinghausener	k ɛ l ɪ ŋ h a ʊ̯ z n̩ ɐ
Kellinghausenerin	k ɛ l ɪ ŋ h a ʊ̯ z n̩ ə ʁ ɪ n
Kellinghausenerinnen	k ɛ l ɪ ŋ h a ʊ̯ z n̩ ə ʁ ɪ n ə n
Kellinghauseners	k ɛ l ɪ ŋ h a ʊ̯ z n̩ ɐ s
Kellinghausens	k ɛ l ɪ ŋ h a ʊ̯ z n̩ s
Kelter	k ɛ l t ɐ
Keltiberer	kʰ ɛ l tʰ i b eː ʁ ɐ
Keltibererin	kʰ ɛ l tʰ i b eː ʁ ɐ ʁ ɪ n
Keltiberisch	kʰ ɛ l tʰ i b eː ʁ ɪ ʃ
Kempen	k ɛ m p m̩
Kenia	k eː n i a
Kenia	k eː n j a
Kennenlerngespräch	kʰ ɛ n n̩ l ɛ ɐ̯ n ɡ ə ʃ p ʁ ɛː ç
Kennenlerngespräch	kʰ ɛ n ə n l ɛ ɐ̯ n ɡ ə ʃ p ʁ ɛː ç
Kennlerngespräch	kʰ ɛ n l ɛ ɐ̯ n ɡ ə ʃ p ʁ ɛː ç
Kennzahl	k ɛ n t͡s aː l
Ker	k e a̯
Ker	k ɛ ɐ̯
Ker	kʲ e a̯
Keramikfigur	k e ʁ aː m ɪ k f i ɡ uː ɐ̯
Keramikfliese	k e ʁ aː m ɪ k f l iː z ə
Kerker	k ɛ ɐ̯ k ɐ
Kerker	k ɛ ʁ k ɐ
Kerl	k ɛ ɐ̯ l
Kerl	k ɛ ʁ l
Kerlchen	k ɛ ʁ l ç ə n
Kerlchens	k ɛ ʁ l ç ə n s
Kern	k ɛ ɐ̯ n
Kern	k ɛ ʁ n
Kernaussagen	k ɛ ʁ n ʔ a ʊ̯ s z aː ɡ n̩
Kernaussagen	k ɛ ʁ n ʔ a ʊ̯ s z aː ɡ ŋ̩
Kerngehäuse	k ɛ ʁ n ɡ ə h ɔ ʏ̯ z ə
Kernikterus	k ɛ ʁ n ɪ k t e ʁ ʊ s
Kernphysiker	k ɛ r n f yː z ɪ k ɐ
Kernphysikerin	k ɛ r n f yː z ɪ k ə r ɪ n
Kernpunkte	k ɛ ʁ n p ʊ ŋ k t ə
Kernschussweite	k ɛ ʁ n ʃ ʊ s v a ɪ̯ t ə
Kerntechnik	k ɛ ʁ n t ɛ ç n ɪ k
Kerpen	k ɛ ʁ p m̩
Kerpener	k ɛ ʁ p n̩ ɐ
Kerpeners	k ɛ ʁ p n̩ ɐ s
Kerpens	k ɛ ʁ p m̩ s
Kerze	k ɛ ɐ̯ t͡s ə
Kerze	k ɛ ʁ t͡s ə
Kerzenständer	k ɛ ʁ t͡s n̩ ʃ t ɛ n d ɐ
Kesselhause	k ɛ s l̩ h a ʊ̯ z ə
Kesselhäusern	k ɛ s l̩ h a ɔ ɪ̯ z ɐ n
Kettenhemd	k ɛ t n̩ h ɛ m t
Ketwurst	kʰ ɛ t v ʊ ɐ̯ s t
Ketzer	k ɛ t s ɐ
Keule	k ɔ ɪ̯ l ə
Keyboarder	k iː b ɔ ɐ̯ d ɐ
Khmer	k m eː ɐ̯
Khmer	k m ɛ ɐ̯
Kiba	k iː b aː
Kicker	k ɪ k ɐ
Kiefer	kʰ iː f ɐ
Kiefernart	k iː f ɐ n ʔ aː ɐ̯ t
Kiefernarten	k iː f ɐ n ʔ aː ɐ̯ t n̩
Kiefernast	k iː f ɐ n ʔ a s t
Kiefernastes	k iː f ɐ n ʔ a s t ə s
Kiefernasts	k iː f ɐ n ʔ a s t s
Kieferngewächs	k iː f ɐ n ɡ ə v ɛ k s
Kieferngewächse	k iː f ɐ n ɡ ə v ɛ k s ə
Kieferngewächses	k iː f ɐ n ɡ ə v ɛ k s ə s
Kiefernäste	k iː f ɐ n ʔ ɛ s t ə
Kieler	k iː l ɐ
Kielerin	k iː l ə ʁ ɪ n
Kielerinnen	k iː l ə ʁ ɪ n ə n
Kien	kʰ iː n
Kienes	k iː n ə s
Kiens	k iː n s
Kienspan	k iː n ʃ p aː n
Kienspanes	k iː n ʃ p aː n ə s
Kienspans	k iː n ʃ p aː n s
Kiesinger	k iː z ɪ ŋ ɐ
Kiesingers	k iː z ɪ ŋ ɐ s
Killinger	k ɪ l ɪ ŋ ɐ
Kilobyte	k i l o b a ɪ̯ t
Kilobytes	k i l o b a ɪ̯ t͡s
Kilometergelde	k i l o m eː t ɐ ɡ ɛ l d ə
Kilometergeldern	k i l o m eː t ɐ ɡ ɛ l d ɐ n
Kilometerpauschale	k i l o m eː t ɐ p a ʊ̯ ʃ aː l ə
Kilometerpauschalen	k i l o m eː t ɐ p a ʊ̯ ʃ aː l ə n
Kindbett	k ɪ n t b ɛ t
Kinderbetreuung	k ɪ n d ɐ b ə t ʁ ɔ ɪ̯ ʊ ŋ
Kinderbuch	k ɪ n d ɐ b uː x
Kinderbuchautor	k ɪ n d ɐ b uː x ʔ a ʊ̯ t oː ɐ̯
Kinderbuchautoren	k ɪ n d ɐ b uː x ʔ a ʊ̯ t oː ʁ ə
Kinderbuchautors	k ɪ n d ɐ b uː x ʔ a ʊ̯ t oː ɐ̯ s
Kindergarten	k ɪ n d ɐ ɡ a ʁ t n̩
Kindermorde	k ɪ n d ɐ m ɔ ʁ d ə
Kindermund	k ɪ n d ɐ m ʊ n t
Kinders	k ɪ n ɐ s
Kinderstube	kʰ ɪ n d ɐ ʃ t uː b ə
Kindeskind	k ɪ n d ə s k ɪ n t
Kindheit	k ɪ n t a ɪ̯ t
Kindheit	k ɪ n t h a ɪ̯ t
Kinematograph	k i n e m a t o ɡ ʁ aː f
Kinners	k ɪ n ɐ s
Kinofassung	kʰ iː n oː f a s ʊ ŋ
Kinos	kʰ iː n oː s
Kippflügel	kʰ ɪ p f l yː ɡ l̩
Kipppunkt	k ɪ p p ʊ ŋ k t
Kirche	k iː ɐ̯ ç ə
Kirche	k ɪ ɐ̯ x ə
Kirche	kʰ ɪ ɐ̯ ç ɘ
Kirche	kʰ ɪ ʁ ç ɘ
Kirchenbänke	k ɪ ʁ ç ə n b ɛ ŋ k ə
Kirchendächer	k ɪ ʁ ç n̩ d ɛ ç ɐ
Kirchenfenster	k ɪ ʁ ç n̩ f ɛ n s t ɐ
Kirchengebäude	k ɪ ʁ ç n̩ ɡ ə b ɔ ɪ̯ d ə
Kirchenlied	k ɪ ʁ ç n̩ l iː t
Kirchenmaus	k ɪ ʁ ç n̩ m a ʊ̯ s
Kirchenmusiker	k ɪ ʁ ç n̩ m uː z ɪ k ɐ
Kirchenorgel	k ɪ ʁ ç n̩ ʔ ɔ ʁ ɡ l̩
Kirchenschiff	k ɪ ʁ ç n̩ ʃ ɪ f
Kirchentür	k ɪ r ç n̩ t yː ɐ̯
Kirchenuhr	k ɪ r ç n̩ ʔ uː ɐ̯
Kirchturm	k ɪ ʁ ç t ʊ ʁ m
Kirchturmuhr	k ɪ ʁ ç t ʊ ʁ m uː ɐ̯
Kirmes	k ɪ r m ə s
Kirmes	k ɪ ɐ̯ m ə s
Kirmes	k ɪ ʁ m ə s
Kirne	k ɪ ɐ̯ n ə
Kirne	k ɪ ʁ n ə
Kirsch	k ɪ ɐ̯ ʃ
Kirsch	k ɪ ʁ ʃ
Kirschbaumer	k ɪ ʁ ʃ b a ʊ̯ m ɐ
Kirschbaumerin	k ɪ ʁ ʃ b a ʊ̯ m ə ʁ ɪ n
Kirschbaumerinnen	k ɪ ʁ ʃ b a ʊ̯ m ə ʁ ɪ n ə n
Kirschbaumers	k ɪ ʁ ʃ b a ʊ̯ m ɐ s
Kirschblüte	k ɪ ʁ ʃ b l yː t ə
Kirschblütenfest	k ɪ ʁ ʃ b l yː t n̩ f ɛ s t
Kirschblütenfeste	k ɪ ʁ ʃ b l yː t n̩ f ɛ s t ə
Kirschblütenfestes	k ɪ ʁ ʃ b l yː t n̩ f ɛ s t ə s
Kirschblütenfests	k ɪ ʁ ʃ b l yː t n̩ f ɛ s t s
Kirsche	k i ɐ̯ ʃ ə
Kirsche	k iː ɐ̯ ʃ ə
Kirsche	k ɘː ʃ ə
Kirsche	k ɪ r ʃ ə
Kirsche	k ɪ ɐ̯ ʃ ə
Kirsche	k ɪ ʁ ʃ ə
Kirschen	k ɪ ʁ ʃ n̩
Kirsches	k ɪ ʁ ʃ ə s
Kirschgarten	k ɪ ʁ ʃ ɡ a ʁ t n̩
Kirschgartens	k ɪ ʁ ʃ ɡ a ʁ t n̩ s
Kirschgärten	k ɪ ʁ ʃ ɡ ɛ ʁ t n̩
Kirschs	k ɪ ʁ ʃ s
Kirschtomate	k ɪ ʁ ʃ t o m aː t ə
Kirschtomaten	k ɪ ʁ ʃ t o m aː t n̩
Kissenschlacht	k ɪ s n̩ ʃ l a χ t
Kissingen	k ɪ s ɪ ŋ ə n
Kissingens	k ɪ s ɪ ŋ ə n s
Kissinger	k ɪ s ɪ ŋ ɐ
Kissingerin	k ɪ s ɪ ŋ ə ʁ ɪ n
Kissingerinnen	k ɪ s ɪ ŋ ə ʁ ɪ n ə n
Kissingers	k ɪ s ɪ ŋ ɐ s
Kitastrophe	k iː t a s t ʁ oː f ə
Kittel	k ɪ t l̩
Kittelschürze	k ɪ t l̩ ʃ ʏ ʁ t s ə
Kitts	k ɪ t s
Kitz	k ɪ t͡s
Kitzbühel	k ɪ t͡s b yː ə l
Kitzbüheler	k ɪ t͡s b yː ə l ɐ
Kitzbühelerin	k ɪ t͡s b yː ə l ə ʁ ɪ n
Kitzbühels	k ɪ t͡s b yː ə l s
Kitzinger	k ɪ t͡s ɪ ŋ ɐ
Kitzingerin	k ɪ t͡s ɪ ŋ ə ʁ ɪ n
Kitzingerinnen	k ɪ t͡s ɪ ŋ ə ʁ ɪ n ə n
Kitzingers	k ɪ t͡s ɪ ŋ ɐ s
Klagen	k l aː ɡ ŋ̩
Klappbrücke	k l a p b ʁ ʏ k ə
Klappbrücken	k l a p b ʁ ʏ k n̩
Klappern	k l a p ɐ n
Klappstuhl	k l a p ʃ t uː l
Klapse	k l a p s ə
Klara	k l aː ʁ a
Klarheit	k l aː ɐ̯ h a ɪ̯ t
Klarinettenkonzert	k l a ʁ i n ɛ t n̩ k ɔ n t͡s ɛ ʁ t
Klartext	k l aː ɐ̯ t ɛ k s t
Klassen	k l a s n̩
Klassen	k l a s ə n
Klassenerhalt	k l a s n̩ ɐ h a l t
Klassenerhalt	k l a s n̩ ʔ ɛ ɐ̯ h a l t
Klassenkamerad	k l a s n̩ k a m ə ʁ aː t
Klassenkameraden	k l a s n̩ k a m ə ʁ aː d n̩
Klassenkameradin	k l a s n̩ k a m e ʁ aː d ɪ n
Klassenkameradinnen	k l a s n̩ k a m e ʁ aː d ɪ n ə n
Klassensprecher	k l a s n̩ ʃ p ʁ ɛ ç ɐ
Klassentreffen	k l a s n̩ t ʁ ɛ f n̩
Klassifizierung	k l a s i f i t s iː ʁ ʊ ŋ
Klassismus	k l a s ɪ s m ʊ s
Klauben	k l a ʊ̯ b n̩
Klaubholz	k l a ʊ̯ p h ɔ l t s
Klaus	k l̥ ä o̯ s
Klaus	k ɫ̥ ɑ ɔ̯ s
Klausur	k l a ʊ̯ z uː ɐ̯
Klavierkonzert	k l a v iː ɐ̯ k ɔ n t͡s ɛ ʁ t
Klebeband	k l eː b ə b a n t
Kleben	k l eː b n̩
Kleberand	k l eː b ə ʁ a n t
Klebrand	k l eː p ʁ a n t
Kleeblatt	k l eː b l a t
Kleidergeschäften	k l a ɪ̯ d ɐ ɡ ə ʃ ɛ f t n̩
Kleinbauer	k l a ɪ̯ n b a ʊ̯ ɐ
Kleinbürgerin	k l a ɪ̯ n b ʏ ʁ ɡ ə ʁ ɪ n
Kleinbürgerinnen	k l a ɪ̯ n b ʏ ʁ ɡ ə ʀ ɪ n ə n
Kleinfeld	k l a ɪ̯ n f ɛ l t
Kleinfelds	k l a ɪ̯ n f ɛ l t s
Kleingeld	k l a ɪ̯ n ɡ ɛ l t
Kleingeld	k l a ɪ̯ ŋ ɡ ɛ l t
Kleinkrieg	k l a ɪ̯ n k ʁ iː k
Kleinlibelle	k l a ɪ̯ n l i b ɛ l ə
Kleinpartei	k l a ɪ̯ n p a ʁ t a ɪ̯
Kleinparteien	k l a ɪ̯ n p a ʁ t a ɪ̯ ə n
Kleinplanet	k l a ɪ̯ n p l a n eː t
Kleinplaneten	k l a ɪ̯ n p l a n eː t n
Kleinschreiben	k l a ɪ̯ n ʃ ʁ a ɪ̯ b n̩
Kleinstpartei	k l a ɪ̯ n s t p a ʁ t a ɪ̯
Kleinstparteien	k l a ɪ̯ n s t p a ʁ t a ɪ̯ ə n
Kleinstädtchen	k l a ɪ̯ n ʃ t ɛ t ç ə n
Klemens	k l eː m ɛ n s
Klescher	ɡ̥ l e̞ ʃ ɐ
Kletterbaum	k l ɛ t ɐ b a ʊ̯ m
Kletterpflanze	k l ɛ t ɐ p͡f l a n t͡s ə
Kletterpflanzen	k l ɛ t ɐ p͡f l a n t͡s ə n
Klimaleugner	k l iː m a l ɔ ɪ̯ ɡ n ɐ
Klinge	k l ɪ ŋ ə
Klingeln	k l ɪ ŋ l̩ n
Klingelton	k l ɪ ŋ l̩ t oː n
Klingen	k l ɪ ŋ ə n
Klingenthaler	k l ɪ ŋ ə n t aː l ɐ
Klingenthalerin	k l ɪ ŋ ə n t aː l ə ʁ ɪ n
Klingenthalerinnen	k l ɪ ŋ ə n t aː l ə ʁ ɪ n ə n
Klingenthalers	k l ɪ ŋ ə n t aː l ɐ s
Klinik	k l iː n ɪ k
Klippenmöwe	k l ɪ p n̩ m øː v ə
Klodeckel	k l oː d ɛ k l̩
Klopfen	k l ɔ p f n̩
Klopfen	k l ɔ p ɸ n̩
Kloßbrühe	k l oː s b ʁ yː ə
Klumpen	k l ʊ m p ə n
Klumpenrisiko	k l ʊ m p n̩ ʁ iː z i k o
Klumpsack	k l ʊ m p z a k
Klunte	k l ʊ n t ə
Klärwerk	k l ɛː ɐ̯ v ɛ ʁ k
Klöppelspitze	k l œ p l̩ ʃ p ɪ t s ə
Klöppelspitzen	k l œ p l̩ ʃ p ɪ t s ə n
Knaben	k n aː b n̩
Knallbonbon	k n a l b ɔ ŋ b ɔ ŋ
Knallbonbon	k n a l b ɔ̃ b ɔ̃ː
Knallbonbons	k n a l b ɔ ŋ b ɔ ŋ s
Knallbonbons	k n a l b ɔ̃ b ɔ̃ː s
Knallfolie	k n a l f oː l ɪ̯ ə
Knappsack	k n a p z a k
Knattern	k n a t ɐ n
Knebel	k n eː b l̩
Knebelvertrag	k n eː b l̩ f ɐ t ʁ aː k
Kneipenhocker	k n a ɪ̯ p m̩ h ɔ k ɐ
Kneipensterben	k n a ɪ̯ p m̩ ʃ t ɛ ʁ b m̩
Kneipensterben	k n a ɪ̯ p ə n ʃ t ɛ ʁ b ə n
Knie	k n iː
Knie	k n iː ə
Kniescheibe	k n iː ʃ a ɪ̯ b ə
Knitter	k n ɪ t ɐ
Knittern	k n ɪ t ɐ n
Knoblauchbutter	k n oː p l a ʊ̯ x b ʊ t ɐ
Knoblauchbutter	k n ɔ p l a ʊ̯ x b ʊ t ɐ
Knochen	k n ɔ χ n̩
Knochen	k n ɔ χ ŋ̍
Knochen	k n ɔ χ ə n
Knochenmühle	k n ɔ x n̩ m yː l ə
Knopf	k n ɔ p f
Knopf	k n ɔ p ɸ
Knorpelfisch	k n ɔ ʁ p l̩ f ɪ ʃ
Knoten	k n oː t n̩
Knoten	k n oː t ə n
Knotenpunkt	k n oː t n̩ p ʊ ŋ k t
Knuddeln	k n ʊ d l̩ n
Knuddeln	k n ʊ d ə l n
Knurren	kʰ n ʊ ʁ n
Knäckebrot	k n ɛ k ə b ʁ oː t
Knüddeln	k n ʏ d l̩ n
Knüddeln	k n ʏ d ə l n
Knüpfen	k n ʏ p f n̩
Koben	k oː b m̩
Koben	k oː b ə n
Koblenz'	k oː b l ɛ n t͡s
Koblenzer	k oː b l ɛ n t͡s ɐ
Koblenzerin	k oː b l ɛ n t͡s ə ʁ ɪ n
Koblenzerinnen	k oː b l ɛ n t͡s ɐ ʁ ɪ n ə n
Kochfeld	k ɔ x f ɛ l t
Kochnische	k ɔ x n iː ʃ ə
Kochsalzlösung	k ɔ x z a l t͡s l øː z ʊ ŋ
Kochtopf	k ɔ χ t ɔ p f
Kochzeit	k ɔ χ t͡s a ɪ̯ t
Kodierungsrichtlinie	k o d iː ʁ ʊ ŋ s ʁ ɪ ç t l iː n i̯ ə
Kodierungsrichtlinien	k o d iː ʁ ʊ ŋ s ʁ ɪ ç t l iː n i̯ ə n
Koedukation	k o ʔ e d u k a t͡s i̯ oː n
Koffein	k ɔ f e iː n
Koffein	k ɔ f e ʔ iː n
Kofferradio	k ɔ f ɐ ʁ aː d i̯ o
Kofferraumdeckel	k ɔ f ɐ ʁ a ʊ̯ m d ɛ k l̩
Kofferraumdeckels	k ɔ f ɐ ʁ a ʊ̯ m d ɛ k l̩ s
Kogel	kʰ oː ɡ l̩
Kogel	kʰ oː ɡ ə l
Kognitionswissenschaft	k ɔ ɡ n i t͡s i̯ oː n s v ɪ s n̩ ʃ a f t
Kohle	kʰ oː l ə
Kohlebergwerk	k oː l ə b ɛ ʁ k v ɛ ʁ k
Kohlendioxidausstoß	k oː l ə n d iː ʔ ɔ k s iː t ʔ a ʊ̯ s ʃ t oː s
Kohlendioxydausstoß	k oː l ə n d iː ʔ ɔ k s yː t ʔ a ʊ̯ s ʃ t oː s
Kohlensäure	kʰ oː l ə n z ɔ ʏ̯ ʁ ə
Kohlenzeche	k oː l ə n t͡s ɛ ç ə
Kohlkopf	k oː l k ɔ p͡f
Kohlrolle	k oː l ʀ ɔ l ə
Kohlrollen	k oː l ʀ ɔ l ə n
Kohlrübe	k oː l ʁ yː b ə
Kohlweissling	k oː l v a ɪ̯ s l ɪ ŋ
Kohlweißling	k oː l v a ɪ̯ s l ɪ ŋ
Kohortenstudie	k o h ɔ ʁ t n̩ ʃ t uː d i̯ ə
Kohortenstudien	k o h ɔ ʁ t n̩ ʃ t uː d i̯ ə n
Kokain	k o k a iː n
Kokon	k o k ɔ̃ː
Kokos	k oː k oˑ s
Kokos	o
Kokosmilch	k oː k o s m ɪ l ç
Kokosnusspalme	k oː k ʊ s n ʊ s p a l m ə
Kokosnussöl	k oː k ɔ s n ʊ s ʔ øː l
Kokosnussöle	k oː k ɔ s n ʊ s ʔ øː l ə
Kokosnussöles	k oː k ɔ s n ʊ s ʔ øː l ə s
Kokosnussöls	k oː k ɔ s n ʊ s ʔ øː l s
Kokoswasser	k oː k o s v a s ɐ
Kolben	k ɔ l b m̩
Kolben	k ɔ l b n̩
Kolbens	k ɔ l b m̩ s
Kolbens	k ɔ l b n̩ s
Kolbens	k ɔ l b ə n s
Kollateralschaden	k ɔ l a t e ʁ aː l ʃ aː d n̩
Kollateralschäden	k ɔ l a t e ʁ aː l ʃ ɛː d n̩
Kollegien	k ɔ l eː ɡ i̯ ə n
Kolonialwarenladen	k o l o n i̯ aː l v aː ʁ ə n l aː d n̩
Kolonialwarenladens	k o l o n i̯ aː l v aː ʁ ə n l aː d n̩ s
Kolonialwarenläden	k o l o n i̯ aː l v aː ʁ ə n l eː d n̩
Kolonialwarenläden	k o l o n i̯ aː l v aː ʁ ə n l ɛː d n̩
Kolonie	k o l o n iː
Kolonisieren	k o l o n i z iː ʁ ə n
Kolonisierer	k o l o n i z iː ʁ ɐ
Kolonisierung	k o l o n i z iː ʁ ʊ ŋ
Koloratursopranstimme	k o l o ʁ a t uː ɐ̯ z o p ʁ aː n ʃ t ɪ m ə
Kolportieren	k ɔ l p ɔ ɐ̯ t iː ɐ̯ n
Kolter	k ɔ l t ɐ
Kolumbien	kʰ o l ʊ m b i ə n
Kolumnist	kʰ o l ʊ m n ɪ s t
Kolumnistin	kʰ o l ʊ m n ɪ s t ɪ n
Kombinat	k ɔ m b i n aː t
Kombinationszangen	k ɔ m b i n a t͡s i̯ oː n s t͡s a ŋ n̩
Kombizangen	k ɔ m b i t͡s a ŋ n̩
Komfort	k ɔ ɱ f oː ɐ̯
Komfortzone	k ɔ m f oː ɐ̯ t͡s oː n ə
Kommen	k ɔ m ə n
Kommendatarabt	k ɔ m ɛ n d a t aː ɐ̯ˀ a p t
Kommendatarabtes	k ɔ m ɛ n d a t aː ɐ̯ˀ a p t ə s
Kommendatarabts	k ɔ m ɛ n d a t aː ɐ̯ˀ a p t s
Kommendataräbte	k ɔ m ɛ n d a t aː ɐ̯ˀ ɛ p t ə
Kommende	k ɔ m ɛ n d ə
Kommenden	k ɔ m ɛ n d ə n
Kommentare	k ɔ m ɛ n t aː ʁ ə
Kommentator	k ɔ m ɛ n t aː t oː ɐ̯
Kommentieren	k ɔ m ɛ n t iː ʁ ə n
Kommentur	k ɔ m ɛ n t uː ɐ̯
Kommenture	k ɔ m ɛ n t uː ʁ ə
Kommenturei	k ɔ m ɛ n t u ʁ a ɪ̯
Kommentureien	k ɔ m ɛ n t u ʁ a ɪ̯ ə n
Kommenturs	k ɔ m ɛ n t uː ɐ̯ s
Kommers	kʰ o m ɛ r s
Kommilitone	k ɔ m i l i t oː n ə
Kommilitonin	k ɔ m i l i t oː n ɪ n
Kommis	k ɔ m iː
Kommis	k ɔ m iː s
Kommiss	k ɔ m ɪ s
Kommodität	k ɔ m o d i t ɛː t
Kommoditäten	k ɔ m o d i t ɛː t ə n
Kommunikationsanlage	k ɔ m u n i k a t͡s i̯ oː n s ʔ a n l aː ɡ ə
Kommunikationsanlagen	k ɔ m u n i k a t͡s i̯ oː n s ʔ a n l aː ɡ n̩
Kommunikationsanlagen	k ɔ m u n i k a t͡s i̯ oː n s ʔ a n l aː ɡ ŋ̩
Kommunion	k ɔ m i oː n
Kommunion	k ɔ m j oː n
Kommunion	k ɔ m u n j oː n
Komplex	kʰ ɔ m p l ɛ k s
Komposition	k ɔ m p o z i t s i̯ oː n
Kompositionsglied	k ɔ m p o z i t͡s i̯ oː n s ɡ l iː t
Kompromat	k ɔ m p ʁ o m a t
Kompromats	k ɔ m p ʁ o m a t s
Komtur	k ɔ m t uː ɐ̯
Komture	k ɔ m t uː ʁ ə
Komturei	k ɔ m t u ʁ a ɪ̯
Komturs	k ɔ m t uː ɐ̯ s
Komurke	k o m ʊ r k ə
Komurke	k o m ʊ ʁ k ə
Komurke	k ɔ m ʊ r k ə
Komurke	k ɔ m ʊ ʁ k ə
Kon	kʰ oː n
Kondenswasser	k ɔ n d ɛ n s v a s ɐ
Kondiktion	k ɔ n d i k t͡s i̯ oː n
Kondition	k ɔ n d i t͡s i̯ oː n
Konditor	k ɔ n d iː t oː ɐ̯
Konditorei	k ɔ n d i t o ʁ a ɪ̯
Kondominium	k ɔ n d o m iː n i̯ ʊ m
Konfidenzintervall	k ɔ n f i d ɛ n t͡s ʔ ɪ n t ɐ v a l
Konfidenzintervalle	k ɔ n f i d ɛ n t͡s ʔ ɪ n t ɐ v a l ə
Konfrontation	k ɔ n f ʁ ɔ n t a t s i̯ oː n
Konfrontationskurs	k ɔ n f ʁ ɔ n t a t͡s i̯ oː n s k ʊ ʁ s
Konföderation	k ɔ n f ø d e ʁ a t͡s i̯ oː n
Kongobecken	k ɔ ŋ ɡ o b ɛ k n̩
Kongofluss	k ɔ ŋ ɡ o f l ʊ s
Kongoflusses	k ɔ ŋ ɡ o f l ʊ s ə s
Kongopapagei	k ɔ ŋ ɡ ʊ p a p a ɡ a ɪ̯
Kongopapageie	k ɔ ŋ ɡ ʊ p a p a ɡ a ɪ̯ ə
Kongopapageien	k ɔ ŋ ɡ ʊ p a p a ɡ a ɪ̯ ə n
Kongopapageis	k ɔ ŋ ɡ ʊ p a p a ɡ a ɪ̯ s
Konjunktion	k ɔ n j ʊ ŋ k t͡s i̯ oː n
Konjunktur	k ɔ n j ʊ ŋ k t uː ɐ̯
Konjunkturabschwung	k ɔ n j ʊ ŋ k t uː ɐ̯ ʔ a p ʃ v ʁ ʊ ŋ
Konjunkturaufschwung	k ɔ n j ʊ ŋ k t uː ɐ̯ ʔ a ʊ̯ f ʃ v ʁ ʊ ŋ
Konjunkturkrise	k ɔ n j ʊ ŋ k t uː ɐ̯ k ʁ iː z ə
Konjunkturrückgang	k ɔ n j ʊ ŋ k t uː ɐ̯ ʁ ʏ k ɡ a ŋ
Konjunkturzyklus	k ɔ n j ʊ ŋ k t uː ɐ̯ t͡s yː k l ʊ s
Konklave	k ɔ n k l aː v ə
Konkretisieren	k ɔ ŋ k ʁ e t i z iː ʁ ə n
Konkubinat	k ɔ n k u b i n aː t
Konradsreuth	k ɔ n ʁ aː t s ʁ ɔ ʏ̯ t
Konradsreuther	k ɔ n ʁ aː t s ʁ ɔ ʏ̯ t ɐ
Konradsreutherin	k ɔ n ʁ aː t s ʁ ɔ ʏ̯ t ə ʁ ɪ n
Konradsreutherinnen	k ɔ n ʁ aː t s ʁ ɔ ʏ̯ t ə ʁ ɪ n ə n
Konradsreuthers	k ɔ n ʁ aː t s ʁ ɔ ʏ̯ t ɐ s
Konradsreuths	k ɔ n ʁ aː t s ʁ ɔ ʏ̯ t s
Konservenbüchse	k ɔ n z ɛ ʁ v n̩ b ʏ k s ə
Konsonant	k ɔ n z o n a n t
Konstruiererin	k ɔ n s t ʁ u iː ʁ ə ʁ ɪ n
Konstruiererinnen	k ɔ n s t ʁ u iː ʁ ə ʁ ɪ n ə n
Konsum	kʰ ɔ n s uː m
Konsum	kʰ ɔ n z uː m
Konsumgesellschaft	k ɔ n z uː m ɡ ə z ɛ l ʃ a f t
Konsumklima	k ɔ n z uː m k l iː m a
Konsumzurückhaltung	k ɔ n z uː m t͡s u ʁ ʏ k h a l t ʊ ŋ
Kontaktanzeige	k ɔ n t a k t ʔ a n t͡s a ɪ̯ ɡ ə
Konten	k ɔ n t n̩
Konten	k ɔ n t ə n
Konten	k ɔ n ʔ n̩
Konterbatterie	k ɔ n t ɐ b a t ə ʁ iː
Konterbatterien	k ɔ n t ɐ b a t ə ʁ iː n
Kontinentalsperre	k ɔ n t i n ɛ n t aː l ʃ p ɛ ʁ ə
Kontingenztabelle	k ɔ n t ɪ ŋ ɡ ɛ n t͡s t a b ɛ l ə
Kontinua	k ɔ n t iː n u a
Kontinuen	k ɔ n t iː n u ə n
Kontinuum	k ɔ n t iː n u ʊ m
Kontinuums	k ɔ n t iː n u ʊ m s
Kontoauszug	k ɔ n t o ʔ a ʊ̯ s t͡s uː k
Kontodeckungen	k ɔ n t o d ɛ k ʊ ŋ ə n
Kontokorrentkonto	k ɔ n t o k ɔ ʁ ɛ n t k ɔ n t o
Kontor	k ɔ n t oː ɐ̯
Kontore	k ɔ n t oː ʁ ə
Kontoren	k ɔ n t oː ɐ̯ n
Kontoren	k ɔ n t oː ʁ ə n
Kontors	k ɔ n t oː ɐ̯ s
Kontrahierungszwang	k ɔ n t ʁ a h iː ʁ ʊ ŋ s t͡s v a ŋ
Kontrakt	k ɔ n t ʁ a k t
Kontrollraum	k ɔ n t ʁ ɔ l ʁ a ʊ̯ m
Kontrollstelle	k ɔ n t ʁ ɔ l ʃ t ɛ l ə
Kontrolluhr	k ɔ n t ʁ ɔ l ʔ u ɐ̯
Kontrolluhr	k ɔ n t ʁ ɔ l ʔ uː ɐ̯
Kontur	k ɔ n t u ɐ̯
Kontur	k ɔ n t uː ɐ̯
Konversation	k ɔ n v ɛ ʁ z a t s i̯ oː n
Konversion	k ɔ n v ɛ ɐ̯ z i̯ oː n
Konversion	k ɔ n v ɛ ʁ z i̯ oː n
Konzept	k ɔ n t s ɛ p t
Konzertflügel	k ɔ n t s ɛ ɐ̯ t f l yː ɡ l̩
Konzertmeisterin	k ɔ n t s ɛ ɐ̯ t m a ɪ̯ s t ə ʁ ɪ n
Konzertsaal	k ɔ n t s ɛ ʁ t z aː l
Konzipiererin	k ɔ n t͡s i p iː ʁ ə ʁ ɪ n
Konzipiererinnen	k ɔ n t͡s i p iː ʁ ə ʁ ɪ n ə n
Koordinatenachse	k o ʔ ɔ ʁ d i n aː t n̩ a k s ə
Koordinatenachsen	k o ʔ ɔ ʁ d i n aː t n̩ a k s n̩
Koordinatensystem	k o ʔ ɔ ʁ d i n aː t n̩ z ʏ s t eː m
Kopenhagen	k o p m̩ h aː ɡ ŋ̍
Kopenhagener	k o p m̩ h aː ɡ ə n ɐ
Kopenhagenerin	k o p m̩ h aː ɡ ə n ə ʁ ɪ n
Kopenhagenerinnen	k o p m̩ h aː ɡ ə n ə ʁ ɪ n ə n
Kopenhageners	k o p m̩ h aː ɡ ə n ɐ s
Kopenhagens	k o p m̩ h aː ɡ ŋ̍ s
Kopf	k ɔ p͡f
Kopf	k ɔ p͡ɸ
Kopfbahnhofes	k ɔ p͡f b aː n h oː f ə s
Kopfbahnhofs	k ɔ p͡f b aː n h oː f s
Kopfbahnhöfe	k ɔ p͡f b aː n h øː f ə
Kopfballungeheuer	k ɔ p͡f b a l ʔ ʊ n ɡ ə h ɔ ʏ̯ ɐ
Kopffüßlers	k ɔ p͡f f yː s l ɐ s
Kopfputz	kʰ ɔ p͡f p ʊ t͡s
Kopfschmerzen	k ɔ p͡f ʃ m ɛ ʁ t͡s ə n
Kopfsteinpflaster	k ɔ p͡f ʃ t a ɪ̯ n p͡f l a s t ɐ
Kopfsteinpflasterstraße	k ɔ p͡f ʃ t a ɪ̯ n p͡f l a s t ɐ ʃ t r aː s ə
Kopfsteinpflasterstraßen	k ɔ p͡f ʃ t a ɪ̯ n p͡f l a s t ɐ ʃ t r aː s ə n
Kopfsteinpflastersträßchen	k ɔ p͡f ʃ t a ɪ̯ n p͡f l a s t ɐ ʃ t r ɛː s ç ə n
Kopfsteinstraße	k ɔ p͡f ʃ t a ɪ̯ n ʃ t r aː s ə
Kopfsteinsträßchen	k ɔ p͡f ʃ t a ɪ̯ n ʃ t r ɛː s ç ə n
Kopierer	kʰ o pʰ iː ʁ ɐ
Kopp	k ɔ p
Koppe	k ʊ p ə
Koppelfenster	k ɔ p l̩ f ɛ n s t ɐ
Kopplung	kʰ ɔ p l ʊ ŋ
Koproduktion	k oː p ʁ o d ʊ k t͡s i̯ oː n
Koproduzent	k oː p ʁ o d u t͡s ɛ n t
Koprozessor	k o p ʁ o t͡s ɛ s oː ɐ̯
Kopulation	kʰ ɔ p ʊ l aː t͡s ɪ oː n
Kopulativkompositum	k o p u l a t iː f k ɔ m p oː z i t ʊ m
Kor	k oː ɐ̯
Koranismus	k o ʁ a n ɪ s m ʊ s
Korb	k ɔ ɐ̯ p
Korb	k ɔ ʁ p
Korb	k ɔː p
Korbacher	k ɔ ʁ b a x ɐ
Korbacherin	k ɔ ʁ b a x ə ʁ ɪ n
Korbachers	k ɔ ʁ b a x ɐ s
Korber	k ɔ ʁ b ɐ
Korbflechterinnen	k ɔ r p f l ɛ ç t ə ʁ ɪ n ə n
Korbmacherinnen	k ɔ r p m a x ə ʁ ɪ n ə n
Koreanistik	kʰ o ʁ e a n ɪ s t ɪ kʰ
Koriander	k o ʁ i a n d ɐ
Koriander	k ɔ ʁ j a n d ɐ
Kork	k ɔ ɐ̯ k
Kork	k ɔ ʁ k
Korn	k ɔ ɐ̯ n
Korn	k ɔ ʁ n
Korn	k ɔː n
Kornelimünsters	k ɔ ʁ n eː l i m ʏ n s t ɐ s
Kornfeld	k ɔ ʁ n f ɛ l t
Kornisch	kʰ ɔ ɐ̯ n ɪ ʃ
Kornkammer	k ɔ ʁ n k a m ɐ
Kornnatter	k ɔ ʁ n n a t ɐ
Kornnattern	k ɔ ʁ n n a t ɐ n
Kornwestheimer	k ɔ ʁ n v ɛ s t h a ɪ̯ m ɐ
Kornwestheimerin	k ɔ ʁ n v ɛ s t h a ɪ̯ m ə ʁ ɪ n
Kornwestheimerinnen	k ɔ ʁ n v ɛ s t h a ɪ̯ m ə ʁ ɪ n ə n
Kornwestheimers	k ɔ ʁ n v ɛ s t h a ɪ̯ m ɐ s
Korps	k oː r
Korps	k oː r s
Korps	k oː ɐ̯
Korps	k oː ɐ̯ s
Korps	k ɔ ɐ̯
Korps	k ɔ ɐ̯ s
Korps	k ɔː
Korps	k ɔː s
Korrektur	k ɔ ʁ ɛ k t u ɐ̯
Korrektur	k ɔ ʁ ɛ k t uː ɐ̯
Korrekturen	k ɔ ʁ ɛ k t uː ʁ ə n
Korrespondent	kʰ ɔ ʁ ɛ s p ɔ n d ɛ n tʰ
Korrespondentin	kʰ ɔ ʁ ɛ s p ɔ n d ɛ n tʰ ɪ n
Korse	k ɔ ʁ z ə
Korsika	k ɔ ʁ z i k a
Koseform	k oː z ə f ɔ ʁ m
Kosmetiker	k ɔ s m eː t ɪ k ɐ
Kosmetikerin	k ɔ s m eː t ɪ k ə ʁ ɪ n
Kosmetikerinnen	k ɔ s m eː t ɪ k ə ʁ ɪ n ə n
Kosmetikers	k ɔ s m eː t ɪ k ɐ s
Kosmetikindustrie	k ɔ s m eː t ɪ k ʔ ɪ n d ʊ s t ʁ iː
Kostbarkeit	k ɔ s t b aː ɐ̯ k a ɪ̯ t
Kosteneffizienz	k ɔ s t n̩ ɛ f i t͡s i̯ ɛ n t͡s
Kostenfolge	kʰ ɔ s t ə n f ɔ l ɡ ə
Kotter	kʰ ɔ t ɐ
Krabben	k ʁ a b m̩
Krabben	k ʁ a b n̩
Krabbenfresser	k ʁ a b m̩ f ʁ ɛ s ɐ
Krabbenfresser	k ʁ a b n̩ f ʁ ɛ s ɐ
Krabbenfressers	k ʁ a b m̩ f ʁ ɛ s ɐ s
Krach	k ʁ ä χ
Krachen	k ʁ a χ ŋ̍
Kradschütze	k ʁ aː t ʃ ʏ t͡s ə
Kraftstoff	k ʁ a f t ʃ t ɔ f
Kraftstoffe	k ʁ a f t ʃ t ɔ f ə
Krafttank	k ʁ a f t t a ŋ k
Kraftwagen	k ʁ a f t v aː ɡ ə n
Kragen	k ʁ aː ɡ ŋ̍
Kragenspiegel	k ʁ aː ɡ n̩ ʃ p iː ɡ l̩
Krakauer	k ʁ aː k a ʊ̯ ɐ
Kranke	k ʁ a ŋ k ə
Kranken	k ʁ a ŋ k ŋ̩
Krankenbericht	k ʁ a ŋ k n̩ b ə ʁ ɪ ç t
Krankenbericht	k ʁ a ŋ k ŋ̩ b ə ʁ ɪ ç t
Krankenkasse	k ʁ a ŋ k ə n k a s ə
Krankenpfleger	k ʁ a ŋ k n̩ p f l eː ɡ ɐ
Krankenschein	k ʁ a ŋ k n̩ ʃ a ɪ̯ n
Krankenstand	k ʁ a ŋ k n̩ ʃ t a n t
Krankenträger	k ʁ a ŋ k n̩ t ʁ ɛː ɡ ɐ
Krankenwagen	k ʁ a ŋ k n̩ v aː ɡ n̩
Krankenwärter	k r a ŋ k ə n v ɛ r t ə r
Krankenwärter	k r a ŋ k ə n v ɛ ɐ̯ t ɐ
Krankenwärter	k ʁ a ŋ k ŋ̩ v ɛ ɐ̯ t ɐ
Krankenwärterin	k r a ŋ k ə n v ɛ r t ə r ɪ n
Krankenwärterin	k r a ŋ k ə n v ɛ ɐ̯ t ə r ɪ n
Krankenwärterin	k ʁ a ŋ k ŋ̩ v ɛ ɐ̯ t ə ʁ ɪ n
Kranker	k ʁ a ŋ k ɐ
Krankheit	k ʁ a ŋ k h a ɪ̯ t
Krankheitsausbreitung	k ʁ a ŋ k h a ɪ̯ t s a ʊ̯ s b ʁ a ɪ̯ t ʊ ŋ
Krankheitsdauer	k ʁ a ŋ k h a ɪ̯ t s d a ʊ̯ ɐ
Krankheitserreger	k ʁ a ŋ k h a ɪ̯ t͡s ʔ ɛ ɐ̯ ʁ eː ɡ ɐ
Krapfen	k ʁ̥ a p͡f ɱ̩
Kraterrand	k ʁ aː t ɐ ʁ a n t
Kratzer	k ʁ a t s ɐ
Krautkopf	k ʁ a ʊ̯ t k ɔ p͡f
Krautkopfes	k ʁ a ʊ̯ t k ɔ p͡f ə s
Krautkopfs	k ʁ a ʊ̯ t k ɔ p͡f s
Krautköpfe	k ʁ a ʊ̯ t k œ p͡f ə
Krebsnebel	k ʁ ɛ p s n eː b l̩
Kreditausfallswap	k ʁ e d iː t ʔ a ʊ̯ s f a l s v ɔ p
Kreditorenkonto	k ʁ e d i t oː ɐ̯ n k ɔ n t o
Kreditrisiko	k ʁ e d ɪ t ʁ iː z i k o
Krefelderin	k ʁ eː f ɛ l d ə ʁ ɪ n
Krefelderinnen	k ʁ eː f ɛ l d ə ʁ ɪ n ə n
Kreidefelsen	k ʁ a ɪ̯ d ə f ɛ l z n̩
Kreisabschnitt	k ʁ a ɪ̯ s ʔ a p ʃ n ɪ t
Kreisbogen	k r a ɪ̯ s b oː ɡ ŋ̍
Kreisgraben	k ʁ a ɪ̯ s ɡ ʁ aː b n̩
Kreisgrabenanlage	k ʁ a ɪ̯ s ɡ ʁ aː b n̩ a n l aː ɡ ə
Kreisgrabenanlagen	k ʁ a ɪ̯ s ɡ ʁ aː b n̩ a n l aː ɡ n̩
Kreisgrabens	k ʁ a ɪ̯ s ɡ ʁ aː b n̩ s
Kreisgräben	k ʁ a ɪ̯ s ɡ ʁ ɛː b n̩
Kreislaufstörung	k ʁ a ɪ̯ s l a ʊ̯ f ʃ t øː ʁ ʊ ŋ
Kreislaufstörungen	k ʁ a ɪ̯ s l a ʊ̯ f ʃ t øː ʁ ʊ ŋ ə n
Kreisläuferin	k ʁ a ɪ̯ s l ɔ ɪ̯ f ə ʁ ɪ n
Kreissektor	k ʁ a ɪ̯ s z ɛ k t oː ɐ̯
Kreiswehrersatzamt	k ʁ a ɪ̯ s v eː ɐ̯ ʔ ɛ ɐ̯ z a t͡s ʔ a m t
Kreiswinkel	k r a ɪ̯ s v ɪ ŋ k l̩
Kreiswinkeln	k ʁ a ɪ̯ s v ɪ ŋ k l̩ n
Kreiswinkels	k r a ɪ̯ s v ɪ ŋ k l̩ s
Kreml	k ʁ ɛ m l̩
Kreuzdame	k ʁ ɔ ɪ̯ t͡s d aː m ə
Kreuzschlitzschraube	k ʁ ɔ ɪ̯ t͡s ʃ l ɪ t͡s ʃ ʁ a ʊ̯ b ə
Kreuzschlitzschrauben	k ʁ ɔ ɪ̯ t͡s ʃ l ɪ t͡s ʃ ʁ a ʊ̯ b m̩
Kreuzschlitzschrauben	k ʁ ɔ ɪ̯ t͡s ʃ l ɪ t͡s ʃ ʁ a ʊ̯ b n̩
Kreuzschlitzschraubendreher	k ʁ ɔ ɪ̯ t͡s ʃ l ɪ t͡s ʃ ʁ a ʊ̯ b n̩ d ʁ eː ɐ
Kreuzschlitzschraubenzieher	k ʁ ɔ ɪ̯ t͡s ʃ l ɪ t͡s ʃ ʁ a ʊ̯ b n̩ t͡s iː ɐ
Kreuztaler	k ʁ ɔ ɪ̯ t͡s t aː l ɐ
Kreuztalerin	k ʁ ɔ ɪ̯ t͡s t aː l ə ʁ ɪ n
Kreuztalerinnen	k ʁ ɔ ɪ̯ t͡s t aː l ə ʁ ɪ n ə n
Kreuztalers	k ʁ ɔ ɪ̯ t͡s t aː l ɐ s
Kreuztals	k ʁ ɔ ɪ̯ t͡s t aː l s
Kreuzungen	k ʁ ɔ ɪ̯ t͡s ʊ ŋ ə n
Krickente	k ʁ ɪ k ʔ ɛ n t ə
Krieche	k r iː ç ə
Krieche	k ʁ iː ç ə
Krieg	k r iː ç
Krieg	k ʁ iː k
Kriegen	k ʁ iː ɡ n̩
Kriegen	k ʁ iː ɡ ŋ̩
Kriegsausbruch	k ʁ iː k s ʔ a ʊ̯ s b ʁ ʊ χ
Kriegsbeginn	k ʁ iː k s b ə ɡ ɪ n
Kriegsberichterstatter	k ʁ iː k s b ə ʁ ɪ ç t ʔ ɛ ɐ̯ ʃ t a t ɐ
Kriegsberichterstatterin	k ʁ iː k s b ə ʁ ɪ ç t ʔ ɛ ɐ̯ ʃ t a t ə ʁ ɪ n
Kriegsberichterstattung	k ʁ iː k s b ə ʁ ɪ ç t ʔ ɛ ɐ̯ ʃ t a t ʊ ŋ
Kriegsdenkmünze	k ʁ iː k s d ɛ ŋ k m ʏ n t͡s ə
Kriegserklärung	k ʁ iː k s ʔ ɛ ɐ̯ k l ɛː ʁ ʊ ŋ
Kriegsgefangenenlager	k ʁ iː k s ɡ ə f a ŋ ə n ə n l aː ɡ ɐ
Kriegsgeheul	k ʁ iː k s ɡ ə h ɔ ɪ̯ l
Kriegsgericht	k ʁ iː k s ɡ ə ʁ ɪ ç t
Kriegsgeschrei	k ʁ iː k s ɡ ə ʃ ʁ a ɪ̯
Kriegsgewinnler	k ʁ iː k s ɡ ə v ɪ n l ɐ
Kriegsmarine	k ʁ iː k s m a ʁ iː n ə
Kriegsminister	k ʁ iː k s m i n ɪ s t ɐ
Kriegsministerin	k ʁ iː k s m i n ɪ s t ə ʁ ɪ n
Kriegsministerinnen	k ʁ iː k s m i n ɪ s t ə ʀ ɪ n ə n
Kriegsministerium	k ʁ iː k s m i n ɪ s t eː ʁ i̯ ʊ m
Kriegsopfer	k ʁ iː k s ʔ ɔ p͡f ɐ
Kriegspartei	k ʁ iː k s p a ʁ t a ɪ̯
Kriegsrat	k ʁ iː k s ʁ aː t
Kriegsspiel	k ʁ iː k s ʃ p iː l
Kriegstreiber	k ʁ iː k s t ʁ a ɪ̯ b ɐ
Kriegstreiberei	k ʁ iː k s t ʁ a ɪ̯ b ə ʁ a ɪ̯
Kriegstreiberin	k ʁ iː k s t ʁ a ɪ̯ b ɐ ʁ ɪ n
Kriegstüchtigkeit	k ʁ iː k s t ʏ ç t ɪ ç k a ɪ̯ t
Kriegsverbrecher	k ʁ iː k s f ɛ ɐ̯ b ʁ ɛ ç ɐ
Kriegsverbrechers	k ʁ iː k s f ɛ ɐ̯ b ʁ ɛ ç ɐ s
Kriegswaffe	k ʁ iː k s v a f ə
Kriegswaffen	k ʁ iː k s v a f n̩
Kriegswaffenkontrollgesetz	k ʁ iː k s v a f n̩ k ɔ n t ʁ ɔ l ɡ ə z ɛ t͡s
Kriegswaffenkontrollgesetze	k ʁ iː k s v a f n̩ k ɔ n t ʁ ɔ l ɡ ə z ɛ t͡s ə
Kriegswaffenkontrollgesetzes	k ʁ iː k s v a f n̩ k ɔ n t ʁ ɔ l ɡ ə z ɛ t͡s ə s
Kriegszustand	k ʁ iː k s t͡s uː ʃ t a n t
Kriminalitätsrate	k ʁ i m i n a l i t ɛː t͡s ʁ aː t ə
Kristallisieren	k ʁ ɪ s t a l i z iː ɐ̯ n
Kristallisieren	k ʁ ɪ s t a l i z iː ʁ ə n
Kristallografie	k ʁ ɪ s t a l o ɡ ʁ a f iː
Kristallographie	k ʁ ɪ s t a l o ɡ ʁ a f iː
Kristina	k ʁ ɪ s t iː n a
Kritisieren	k ʁ i t i z iː ʁ ə n
Kritisierer	k ʁ i t i z iː ʁ ɐ
Kroatien	k ʁ o aː t s i̯ ə n
Krokette	k ʁ o k ɛ t ə
Kronacher	k ʁ oː n a x ɐ
Kronacherin	k ʁ oː n a x ə ʁ ɪ n
Kronachers	k ʁ oː n a x ɐ s
Kronstädter	k ʁ oː n ʃ t ɛ t ɐ
Kronstädterin	k ʁ oː n ʃ t ɛ t ə ʁ ɪ n
Kronstädters	k ʁ oː n ʃ t ɛ t ɐ s
Kropf	k ʁ ɔ p͡f
Kropf	k ʁ ɔ p͡ɸ
Kropfhofer	k ʁ ɔ p͡f h oː f ɐ
Kropfhofers	k ʁ ɔ p͡f h oː f ɐ s
Krusenstern	k ʁ uː z n̩ ʃ t ɛ ʁ n
Krusensterns	k ʁ uː z n̩ ʃ t ɛ ʁ n s
Kräuter	k ʁ ɔ ɪ̯ t ɐ
Kräuterbutter	k ʁ ɔ ɪ̯ t ɐ b ʊ t ɐ
Kräutergarten	k ʁ ɔ ɪ̯ t ɐ ɡ a ʁ t n̩
Kräuterheilkunde	k ʁ ɔ ɪ̯ t ɐ h a ɪ̯ l k ʊ n d ə
Krösus	k ʁ øː z u s
Krötenwanderung	k ʁ øː t n̩ v a n d ə ʁ ʊ ŋ
Krückstock	k ʁ ʏ k ʃ t ɔ k
Kuchen	k uː x n̩
Kuchen	k uː χ n̩
Kuchenstück	k uː x n̩ ʃ t ʏ k
Kuckucksei	k ʊ k ʊ k s ʔ a ɪ̯
Kuder	k uː d ɐ
Kufsteiner	k uː f ʃ t a ɪ̯ n ɐ
Kufsteiner	k ʊ f ʃ t a ɪ̯ n ɐ
Kufsteinerin	k uː f ʃ t a ɪ̯ n ə ʁ ɪ n
Kufsteinerin	k ʊ f ʃ t a ɪ̯ n ə ʁ ɪ n
Kufsteiners	k uː f ʃ t a ɪ̯ n ɐ s
Kufsteiners	k ʊ f ʃ t a ɪ̯ n ɐ s
Kugelkoordinatensystem	k uː ɡ ə l k o ʔ ɔ ʁ d i n aː t n̩ z ʏ s t eː m
Kugelschreiber	k uː ɡ l̩ ʃ ʁ a ɪ̯ b ɐ
Kugelstoßen	kʰ uː ɡ l̩ ʃ t oː s n̩
Kugelstoßer	k uː ɡ l̩ ʃ t oː s ɐ
Kugelstoßpendel	k uː ɡ l̩ ʃ t oː s p ɛ n d l̩
Kugelzieher	kʰ uː ɡ l̩ t͡s iː ɐ
Kuhhaut	k uː h a ʊ̯ t
Kuhhirte	k uː h ɪ ʁ t ə
Kuhhirten	k uː h ɪ ʁ t n̩
Kuhhirten	k uː h ɪ ʁ t ə n
Kulanz	k u l a n t s
Kulturbranche	k ʊ l t uː ɐ̯ b ʁ a ŋ ʃ ə
Kulturförderung	k ʊ l t uː ɐ̯ f œ ʁ d ə ʁ ʊ ŋ ʃ ə
Kulturgutes	k ʊ l t uː ɐ̯ ɡ uː t ə s
Kulturguts	k ʊ l t uː ɐ̯ ɡ uː t s
Kulturland	k ʊ l t uː ɐ̯ l a n t
Kulturlande	k ʊ l t uː ɐ̯ l a n d ə
Kulturlandes	k ʊ l t uː ɐ̯ l a n d ə s
Kulturlands	k ʊ l t uː ɐ̯ l a n t͡s
Kulturländer	k ʊ l t uː ɐ̯ l ɛ n d ɐ
Kulturländern	k ʊ l t uː ɐ̯ l ɛ n d ɐ n
Kulturschock	k ʊ l t uː ɐ̯ ʃ ɔ k
Kumane	kʰ u m aː n ə
Kumanien	kʰ u m aː n i̯ ə n
Kumanin	kʰ u m aː n ɪ n
Kumanisch	kʰ u m aː n ɪ ʃ
Kummerbund	k ʊ m ɐ b ʊ n t
Kumpan	k ʊ m p aː n
Kumpel	k ʊ m p l̩
Kunden	kʰ ʊ n d n̩
Kunden	kʰ ʊ n d ə n
Kundenservice	k ʊ n d n̩ s œː ɐ̯ v ɪ s
Kundtun	k ʊ n t t uː n
Kunst	kʰ ʊ n s t
Kunstharz	k ʊ n s t h a ʁ t͡s
Kunsthändlerin	k ʊ n s t h ɛ n d l ə ʁ ɪ n
Kunstraub	k ʊ n s t ʁ a ʊ̯ p
Kunstspringen	k ʊ n s t ʃ p ʁ ɪ ŋ ə n
Kunstspringens	k ʊ n s t ʃ p ʁ ɪ ŋ ə n s
Kunstverständiger	kʰ ʊ n s t f ɛ ɐ̯ ʃ t ɛ n d ɪ k ɐ
Kunstverständiger	kʰ ʊ n s t f ɛ ɐ̯ ʃ t ɛ n d ɪ ç ɐ
Kupferacetat	k ʊ p͡f ɐ ʔ a t͡s ə t aː t
Kupferacetats	k ʊ p͡f ɐ ʔ a t͡s ə t aː t͡s
Kupferazetat	k ʊ p͡f ɐ ʔ a t͡s ə t aː t
Kupferazetats	k ʊ p͡f ɐ ʔ a t͡s ə t aː t͡s
Kupferprojektil	k ʊ p͡f ɐ p ʁ o j ɛ k t iː l
Kupferprojektile	k ʊ p͡f ɐ p ʁ o j ɛ k t iː l ə
Kupferprojektils	k ʊ p͡f ɐ p ʁ o j ɛ k t iː l s
Kupferschmied	k ʊ p͡f ɐ ʃ m iː t
Kupferschmiede	k ʊ p͡f ɐ ʃ m iː d ə
Kupferschmiedes	k ʊ p͡f ɐ ʃ m iː d ə s
Kupferschmiedin	k ʊ p͡f ɐ ʃ m iː d ɪ n
Kupferschmiedinnen	k ʊ p͡f ɐ ʃ m iː d ɪ n ə n
Kupferschmieds	k ʊ p͡f ɐ ʃ m iː t s
Kupfersteinzeit	k ʊ p͡f ɐ ʃ t a ɪ̯ n t͡s a ɪ̯ t
Kupfersulfat	k ʊ p͡f ɐ z ʊ l f aː t
Kuppenheimer	k ʊ p n̩ h a ɪ̯ m ɐ
Kuppenheimerin	k ʊ p n̩ h a ɪ̯ m ə ʁ ɪ n
Kuppenheimerinnen	k ʊ p n̩ h a ɪ̯ m ə ʁ ɪ n ə n
Kuppenheimers	k ʊ p n̩ h a ɪ̯ m ɐ s
Kuppenheims	k ʊ p n̩ h a ɪ̯ m s
Kur	k uː ɐ̯
Kurbeln	k ʊ ʁ b l̩ n
Kurbrandenburg	k uː ɐ̯ b ʁ a n d n̩ b ʊ ʁ k
Kurde	k ʊ ʁ d ə
Kurdin	k ʊ ʁ d ɪ n
Kurfürst	k uː ɐ̯ f ʏ ʁ s t
Kurfürstenkollegium	k uː ɐ̯ f ʏ ʁ s t n̩ k ɔ l eː ɡ i̯ ʊ m
Kurfürstenkollegiums	k uː ɐ̯ f ʏ ʁ s t n̩ k ɔ l eː ɡ i̯ ʊ m s
Kurier	k u ʁ iː ɐ̯
Kurisch	kʰ uː ʁ ɪ ʃ
Kurkollegium	k uː ɐ̯ k ɔ l eː ɡ i̯ ʊ m
Kurkollegiums	k uː ɐ̯ k ɔ l eː ɡ i̯ ʊ m s
Kurkonzerte	k uː ɐ̯ k ɔ n t͡s ɛ ʁ t ə
Kurkuma	k ʊ ʁ k u m a
Kurkuma	k ʊ ʁ k uː m a
Kurköln	k uː ɐ̯ k œ l n
Kurkölns	k uː ɐ̯ k œ l n s
Kurmainz	k uː ɐ̯ m a ɪ̯ n t͡s
Kurmainz'	k uː ɐ̯ m a ɪ̯ n t͡s
Kurpfalz	k uː ɐ̯ p͡f a l t͡s
Kurpfuscher	k u ɐ̯ p͡f ʊ ʃ ɐ
Kurpfuscher	k uː ɐ̯ p͡f ʊ ʃ ɐ
Kurs	k ʊ ɐ̯ s
Kurs	k ʊ ʁ s
Kursanstieg	k ʊ ʁ s ʔ a n ʃ t iː k
Kursbuch	k ʊ ɐ̯ s b uː x
Kursbuch	k ʊ ʁ s b uː x
Kurschatten	k u ɐ̯ ʃ a t n̩
Kurschatten	k uː ɐ̯ ʃ a t n̩
Kurseinbruch	k ʊ ʁ s ʔ a ɪ̯ n b ʁ ʊ x
Kurserholung	k ʊ ʁ s ʔ ɛ ɐ̯ h oː l ʊ ŋ
Kursrally	k ʊ ʁ s ʁ ɛ l i
Kursrutsch	k ʊ ʁ s ʁ ʊ t͡ʃ
Kursrückgang	k ʊ ʁ s ʁ ʏ k ɡ a ŋ
Kursschwankung	k ʊ ʁ s ʃ v a ŋ k ʊ ŋ
Kurssprung	k ʊ ʁ s ʃ p ʁ ʊ ŋ
Kursstabilisierung	k ʊ ʁ s ʃ t a b i l i z iː ʁ ʊ ŋ
Kurssturz	k ʊ ʁ s ʃ t ʊ ʁ t͡s
Kurswechsel	k ʊ ʁ s v ɛ k s l̩
Kurszuwachs	k ʊ ʁ s t͡s uː v a k s
Kurtrier	k uː ɐ̯ t ʁ iː ɐ̯
Kurtriers	k uː ɐ̯ t ʁ iː ɐ̯ s
Kurzarbeiten	k ʊ ʁ t͡s ʔ a ʁ b a ɪ̯ t n̩
Kurzatmigkeit	k ʊ ʁ t͡s ʔ aː t m ɪ ç k a ɪ̯ t
Kurzmitteilung	k ʊ ʁ t s m ɪ t t a ɪ̯ l ʊ ŋ
Kurzstrecke	k ʊ ʁ t s ʃ t ʁ ɛ k ə
Kurzstreckenlauf	kʰ ʊ ɐ̯ t s ʃ t ʁ ɛ k n̩ l a ʊ̯ f
Kurzstreckenrakete	k ʊ ʁ t s ʃ t ʁ ɛ k n̩ ʁ a k eː t ə
Kurzurlaub	k ʊ ʁ t͡s ʔ uː ɐ̯ l a ʊ̯ p
Kurzurlaube	k ʊ ʁ t͡s ʔ uː ɐ̯ l a ʊ̯ b ə
Kurzurlaubes	k ʊ ʁ t͡s ʔ uː ɐ̯ l a ʊ̯ b ə s
Kurzurlaubs	k ʊ ʁ t͡s ʔ uː ɐ̯ l a ʊ̯ p s
Kurzwaffe	kʰ ʊ ɐ̯ t͡s v a f ə
Kurzwaffen	kʰ ʊ ɐ̯ t͡s v a f n̩
Kurzwahlprogramm	k ʊ ʁ t͡s v aː l p ʁ o ɡ ʁ a m
Kurzwarenhändlerin	k ʊ ʁ t͡s v aː ʁ ə n h ɛ n d l ə ʁ ɪ n
Kurzwarenhändlerinnen	k ʊ ʁ t͡s v aː ʁ ə n h ɛ n d l ə ʁ ɪ n ə n
Kurzweil	k ʊ ʁ t͡s v a ɪ̯ l
Kurzzeitgedächtnis	k ʊ ʁ t͡s t͡s a ɪ̯ t ɡ ə d ɛ ç t n ɪ s
Kurzzug	k ʊ ʁ t͡s t͡s uː k
Kuss	kʰ ʊ s
Kybernetik	k y b ɛ ʁ n eː t ɪ k
Kymrisch	k ʏ m ʁ ɪ ʃ
Käfter	kʰ ɛ f t ɐ
Käfter	kʰ ɛ f t ə r
Kälbermast	k ɛ l b ɐ m a s t
Kälbermasten	k ɛ l b ɐ m a s t n̩
Kämpfer	k ɛ m p͡f ɐ
Kämpfer	k ɛ ɱ f ɐ
Känguru	k ɛ ŋ ɡ u ʁ u
Kärnten	k ɛ ʁ n t n̩
Käseigel	k eː z ə ʔ iː ɡ l̩
Käseigel	k eː z ə ʔ iː ɡ ə l
Käseigel	k ɛː z ə ʔ iː ɡ l̩
Käseigel	k ɛː z ə ʔ iː ɡ ə l
Käsemessern	k ɛː z ə m ɛ s ɐ n
Käserei	k ɛː z ə ʁ a ɪ̯
Käsescheibe	k ɛː z ə ʃ a ɪ̯ b ə
Käsespätzle	k ɛː z ə ʃ p ɛ t͡s l ə
Köcher	k œ ç ɐ
Köfferchen	k œ f ɐ ç ə n
Kölns	k œ l n s
Könige	kʰ øː n ɪ ɡ ə
Königes	kʰ øː n ɪ ɡ ə s
Königinwitwen	k øː n ɪ ɡ ɪ n v ɪ t v n̩
Königs	kʰ øː n ɪ ç s
Königsbergerin	k øː n ɪ ç s b ɛ ɐ̯ ɡ ə ʁ ɪ n
Königsbergers	k øː n ɪ ç s b ɛ ɐ̯ ɡ ɐ s
Königsbrücker	k øː n ɪ k s b ʁ ʏ k ɐ
Königsbrücker	k øː n ɪ ç s b ʁ ʏ k ɐ
Königsbrückers	k øː n ɪ k s b ʁ ʏ k ɐ s
Königsbrückers	k øː n ɪ ç s b ʁ ʏ k ɐ s
Königsdorf	k øː n ɪ k s d ɔ ʁ f
Königsdorf	k øː n ɪ ç s d ɔ ʁ f
Königsdorfer	k øː n ɪ k s d ɔ ʁ f ɐ
Königsdorferin	k øː n ɪ k s d ɔ ʁ f ə ʁ ɪ n
Königsdorferinnen	k øː n ɪ k s d ɔ ʁ f ə ʁ ɪ n ə n
Königsdorfers	k øː n ɪ k s d ɔ ʁ f ɐ s
Königsdorfs	k øː n ɪ ç s d ɔ ʁ f s
Königsfamilie	k øː n ɪ ç s f a m iː l i̯ ə
Königsgelb	k øː n ɪ ç s ɡ ɛ l p
Königskrone	k øː n ɪ ç s k ʁ oː n ə
Königskronen	k øː n ɪ ç s k ʁ oː n ə n
Königsmord	k øː n ɪ ç s m ɔ ʁ t
Königspfalz	k øː n ɪ ç s p͡f a l t͡s
Königspfalzen	k øː n ɪ ç s p͡f a l t͡s n̩
Königssohn	k øː n ɪ ç s z oː n
Königstein	k øː n ɪ k ʃ t a ɪ̯ n
Königstein	k øː n ɪ ç ʃ t a ɪ̯ n
Königsteiner	k øː n ɪ k ʃ t a ɪ̯ n ɐ
Königsteiner	k øː n ɪ ç ʃ t a ɪ̯ n ɐ
Königsteinerin	k øː n ɪ k ʃ t a ɪ̯ n ə ʁ ɪ n
Königsteinerin	k øː n ɪ ç ʃ t a ɪ̯ n ə ʁ ɪ n
Königsteinerinnen	k øː n ɪ k ʃ t a ɪ̯ n ə ʁ ɪ n ə n
Königsteinerinnen	k øː n ɪ ç ʃ t a ɪ̯ n ə ʁ ɪ n ə n
Königsteiners	k øː n ɪ k ʃ t a ɪ̯ n ɐ s
Königsteiners	k øː n ɪ ç ʃ t a ɪ̯ n ɐ s
Königsteins	k øː n ɪ k ʃ t a ɪ̯ n s
Königsteins	k øː n ɪ ç ʃ t a ɪ̯ n s
Königswahl	k øː n ɪ ç s v aː l
Körndl	k ø ɐ̯ n d̥ l̩
Körndlbrot	k ø ɐ̯ n d̥ l̩
Körper	k œ ʁ p ɐ
Körper	kʰ œ ɐ̯ pʰ ɐ
Körpergeruch	k œ ʁ p ɐ ɡ ə ʁ ʊ χ
Körpergröße	k œ ʁ p ɐ ɡ ʁ øː s ə
Körpergrößen	k œ ʁ p ɐ ɡ ʁ øː s n̩
Körperhaltung	k œ ɐ̯ p ɐ h a l t ʊ ŋ
Körperhaltung	k œ ʁ p ɐ h a l t ʊ ŋ
Körperzelle	k œ ʁ p ɐ t͡s ɛ l ə
Köter	kʰ øː t ɐ
Kühltruhe	k yː l t ʁ uː ə
Kühltürme	k yː l t ʏ ʁ m ə
Kühlwasser	kʰ yː l v a s ɐ
Küken	k yː k ŋ̩
Küken	k yː k ə n
Kündiger	k ʏ n d ɪ ɡ ɐ
Kündigungswelle	b ə ʃ ɛ f t ɪ ɡ ʊ ŋ s v a x s t ʊ m
Kür	kʰ yː ɐ̯
Kürbis	k ʏ ʁ b ɪ s
Kürbisgewächse	k ʏ ʁ b ɪ s ɡ ə v ɛ k s ə
Kürbisgewächses	k ʏ ʁ b ɪ s ɡ ə v ɛ k s ə s
Kürbiskern	k ʏ ʁ b ɪ s k ɛ ʁ n
Kürbiskernöl	k ʏ ʁ b ɪ s k ɛ ʁ n ʔ øː l
Küren	kʰ yː ʁ ə n
Kürschner	k ʏ ɐ̯ ʃ n ɐ
Kürschnerin	kʰ ʏ ɐ̯ ʃ n ɐ ʁ ɪ n
Kürze	kʰ ʏ ɐ̯ t͡s ə
Küsschen	k ʏ s ç ə n
Küsschens	k ʏ s ç ə n s
Küstenfischerei	k ʏ s t n̩ f ɪ ʃ ə ʁ a ɪ̯
Küstennebeln	k ʏ s t n̩ n eː b l̩ n
Küstenwache	k ʏ s t n̩ v a χ ə
Labmagen	l aː p m aː ɡ ŋ̩
Labmagen	l aː p m aː ɡ ə n
Labor	l a b oː ɐ̯
Labor	l aː b oː ɐ̯
Labor	l aː b oː ʁ
Laborant	l a b o ʁ a n t
Laborkittel	l a b oː ɐ̯ k ɪ t l̩
Labormaßstab	l a b oː ɐ̯ m aː s ʃ t aː p
Labskaus	l a p s k a ʊ̯ s
Labung	l aː b ʊ ŋ
Lache	l ä χ ə
Lache	l äː χ ə
Lachgas	l a x ɡ aː s
Lachgas	l a χ ɡ aː s
Lachkrampf	l a x k ʁ a m p͡f
Lachshai	l a k s h a ɪ̯
Lachshaie	l a k s h a ɪ̯ ə
Lachshaies	l a k s h a ɪ̯ ə s
Lachshais	l a k s h a ɪ̯ s
Lackieren	l a kʰ iː ɐ̯ n
Lackierung	l a kʰ iː ɐ̯ ʁ ʊ ŋ
Lackleder	l a k l eː d ɐ
Lackstock	l ä k ʃ͡t ɔ k
Laden	l äː d n̩
Laden	l äː d ə n
Ladenburgerin	l aː d n̩ b ʊ ʁ ɡ ə ʁ ɪ n
Ladenburgerinnen	l aː d n̩ b ʊ ʁ ɡ ə ʁ ɪ n ə n
Ladendieb	l aː d n̩ d iː p
Ladendiebin	l aː d n̩ d iː b ɪ n
Ladendiebinnen	l aː d n̩ d iː b ɪ n ə n
Ladezeit	l aː d ə t͡s a ɪ̯ t
Laer	l aː
Laer	l aː ɐ̯
Lag	l a k
Lag	l a ɡ
Lag	l æ k
Lag	l æ ɡ
Lag	l ɛ k
Lag	l ɛ ɡ
Lagen	l aː ɡ ŋ̩
Lagenschwimmen	l aː ɡ n̩ ʃ v ɪ m ə n
Lagenschwimmens	l aː ɡ n̩ ʃ v ɪ m ə n s
Lagerfeuer	l aː ɡ ɐ f ɔ ɪ̯ ɐ
Lagergeld	l aː ɡ ɐ ɡ ɛ l t
Lagerkoller	l aː ɡ ɐ k ɔ l ɐ
Lagerplatzes	l aː ɡ ɐ p l a t s ə s
Lagerplätze	l aː ɡ ɐ p l ɛ t s ə
Lagerregal	l aː ɡ ɐ ʁ e ɡ aː l
Laienabt	l a ɪ̯ ə nˀ a p t
Laienabtes	l a ɪ̯ ə nˀ a p t ə s
Laienabts	l a ɪ̯ ə nˀ a p t s
Laienäbte	l a ɪ̯ ə nˀ ɛ p t ə
Laken	l aː k ŋ̩
Laken	l aː k ə n
Lakritzschnecke	l a k r ɪ t s ʃ n ɛ k ə
Lambers	l a m b ɐ s
Lambers'	l a m b ɐ s
Lamberts	l a m b ɛ ʁ t͡s
Lamberts'	l a m b ɛ ʁ t͡s
Lambertz	l a m b ɛ ʁ t͡s
Lambertz'	l a m b ɛ ʁ t͡s
Lambrecht	l a m b ʁ ɛ ç t
Lambrechts	l a m b ʁ ɛ ç t͡s
Laminatboden	l a m i n aː t b oː d n̩
Laminatbodens	l a m i n aː t b oː d n̩ s
Laminatböden	l a m i n aː t b øː d n̩
Laminatfußboden	l a m i n aː t f uː s b oː d n̩
Laminatfußbodens	l a m i n aː t f uː s b oː d n̩ s
Laminatfußböden	l a m i n aː t f uː s b øː d n̩
Lammers	l a m ɐ s
Lammers'	l a m ɐ s
Lammert	l a m ɐ t
Lammerts	l a m ɐ t s
Lampen	l a m ʔ m̩
Lampenschirm	l a m ʔ m̩ ʃ ɪ ɐ̯ m
Lamprecht	l a m p ʁ ɛ ç t
Lamprechts	l a m p ʁ ɛ ç t͡s
Landauerin	l a n d a ʊ̯ ə ʁ ɪ n
Landauers	l a n d a ʊ̯ ɐ s
Landecker	l a n d ɛ k ɐ
Landeplatz	l a n d ə p l a t͡s
Landeshauptfrau	l a n d ə s h a ʊ̯ p t f ʁ a ʊ̯
Landeshauptmann	l a n d ə s h a ʊ̯ p t m a n
Landesherr	l a n d ə s h ɛ ʁ
Landeshoheit	l a n d ə s h oː h a ɪ t
Landesinneres	l a n d ə s ʔ ɪ n ə ʁ ə s
Landeskunde	l a n d ə s k ʊ n d ə
Landesrecht	l a n d ə s ʁ ɛ ç t
Landesrechte	l a n d ə s ʁ ɛ ç t ə
Landesrechtes	l a n d ə s ʁ ɛ ç t ə s
Landesrechts	l a n d ə s ʁ ɛ ç t͡s
Landessprache	l a n d ə s ʃ p ʁ aː χ ə
Landesvater	l a n d ə s f aː t ɐ
Landesverrat	l a n d ə s f ɛ ɐ̯ ʁ aː t
Landesverräter	l a n d ə s f ɛ ɐ̯ ʁ eː t ɐ
Landesverräter	l a n d ə s f ɛ ɐ̯ ʁ ɛː t ɐ
Landesverräterin	l a n d ə s f ɛ ɐ̯ ʁ ɛː t ə ʁ ɪ n
Landgasthofes	l a n t ɡ a s t h oː f ə s
Landgasthofs	l a n t ɡ a s t h oː f s
Landgasthöfe	l a n t ɡ a s t h øː f ə
Landgraf	l a n t ɡ ʁ aː f
Landgrafen	l a n t ɡ ʁ aː f ɱ̩
Landjäger	l a n t j ɛː ɡ ɐ
Landkomturei	l a n t k ɔ m t u ʁ a ɪ̯
Landkomtureien	l a n t k ɔ m t u ʁ a ɪ̯ ə n
Landmine	l a n t m iː n ə
Landratte	l ä n t ʁ ä t ə
Landratte	l æ n t ɾ æ d̥ ë
Landsberger	l a n t͡s b ɛ ʁ ɡ ɐ
Landsbergers	l a n t͡s b ɛ ʁ ɡ ɐ s
Landschaft	l a n t ʃ a f t
Landschaft	l a n t͡ʃ a f t
Landschaft	l a n ʃ a f t
Landschaften	l a n t ʃ a f t n̩
Landschaften	l a n t ʃ a f t ə n
Landschaftsverband	l a n t ʃ a f t͡s f ɐ b a n t
Landschaftsverband	l a n ʃ a f t͡s f ɐ b a n t
Landshuter	l a n t͡s h uː t ɐ
Landshuters	l a n t͡s h uː t ɐ s
Landstraße	l a n t ʃ t ʁ aː s ə
Landstreicher	l a n t ʃ t ʁ a ɪ̯ ç ɐ
Landstreicherei	l a n t ʃ t ʁ a ɪ̯ ç ə ʁ a ɪ̯
Landstreicherin	l a n t ʃ t ʁ a ɪ̯ ç ə ʁ ɪ n
Landtagsgebäude	l a n t t aː k s ɡ ə b ɔ ʏ̯ d ə
Landung	l a n d ʊ ŋ
Landungsfahrzeug	l a n d ʊ ŋ s f aː ɐ̯ t͡s ɔ ɪ̯ k
Landwirt	l a n t ʋ ɪ ɐ̯ t
Landwirt	l a n t ʋ ɪ ʁ t
Lange	l a ŋ ə
Langenberger	l a ŋ ə n b ɛ ʁ ɡ ɐ
Langenbergerin	l a ŋ ə n b ɛ ʁ ɡ ə ʁ ɪ n
Langenbergerinnen	l a ŋ ə n b ɛ ʁ ɡ ə ʁ ɪ n ə n
Langenbergers	l a ŋ ə n b ɛ ʁ ɡ ɐ s
Langenfelder	l a ŋ ə n f ɛ l d ɐ
Langenfelderin	l a ŋ ə n f ɛ l d ə ʁ ɪ n
Langenfelderinnen	l a ŋ ə n f ɛ l d ə ʁ ɪ n ə n
Langenfelders	l a ŋ ə n f ɛ l d ɐ s
Langenhagen	l a ŋ ə n h aː ɡ n̩
Langenhagener	l a ŋ ə n h aː ɡ n̩ ɐ
Langenhagenerin	l a ŋ ə n h aː ɡ ə n ə ʁ ɪ n
Langenhagenerinnen	l a ŋ ə n h aː ɡ ə n ə ʁ ɪ n ə n
Langenhageners	l a ŋ ə n h aː ɡ n̩ ɐ s
Langenhagens	l a ŋ ə n h aː ɡ n̩ s
Langflügelpapagei	l a ŋ f l yː ɡ l̩ p a p a ɡ a ɪ̯
Langflügelpapageie	l a ŋ f l yː ɡ l̩ p a p a ɡ a ɪ̯ ə
Langflügelpapageien	l a ŋ f l yː ɡ l̩ p a p a ɡ a ɪ̯ ə n
Langflügelpapageis	l a ŋ f l yː ɡ l̩ p a p a ɡ a ɪ̯ s
Langleine	l a ŋ l a ɪ̯ n ə
Langleinenfischerei	l a ŋ l a ɪ̯ n ə n f ɪ ʃ ə ʁ a ɪ̯
Langohr	l a ŋ ʔ oː ɐ̯
Langsamkeit	l a ŋ z aː m kʰ a ɪ̯ tʰ
Langschwein	l a ŋ ʃ v a ɪ̯ n
Langstrecke	l a ŋ ʃ t ʁ ɛ k ə
Langstreckenrakete	l a ŋ ʃ t ʁ ɛ k n̩ ʁ a k eː t ə
Langwaffe	l a ŋ v a f ə
Langwaffen	l a ŋ v a f n̩
Langzeitgedächtnis	l a ŋ t͡s a ɪ̯ t ɡ ə d ɛ ç t n ɪ s
Lanzen	l a n t͡s n̩
Lanzenberg	l a n t͡s n̩ b ɛ ʁ k
Lanzenberger	l a n t͡s n̩ b ɛ ʁ ɡ ɐ
Lanzenbergerin	l a n t͡s n̩ b ɛ ʁ ɡ ə ʁ ɪ n
Lanzenbergerinnen	l a n t͡s n̩ b ɛ ʁ ɡ ə ʁ ɪ n ə n
Lanzenbergers	l a n t͡s n̩ b ɛ ʁ ɡ ɐ s
Lanzenbergs	l a n t͡s n̩ b ɛ ʁ k s
Lanzendorf	l a n t͡s n̩ d ɔ ʁ f
Lanzendorfer	l a n t͡s n̩ d ɔ ʁ f ɐ
Lanzendorferin	l a n t͡s n̩ d ɔ ʁ f ə ʁ ɪ n
Lanzendorferinnen	l a n t͡s n̩ d ɔ ʁ f ə ʁ ɪ n ə n
Lanzendorfers	l a n t͡s n̩ d ɔ ʁ f ɐ s
Lanzendorfs	l a n t͡s n̩ d ɔ ʁ f s
Lanzenkirchen	l a n t͡s n̩ k ɪ ʁ ç n̩
Lanzenkirchener	l a n t͡s n̩ k ɪ ʁ ç ə n ɐ
Lanzenkirchenerin	l a n t͡s n̩ k ɪ ʁ ç ə n ə ʁ ɪ n
Lanzenkirchenerinnen	l a n t͡s n̩ k ɪ ʁ ç ə n ə ʁ ɪ n ə n
Lanzenkircheners	l a n t͡s n̩ k ɪ ʁ ç ə n ɐ s
Lanzenkirchens	l a n t͡s n̩ k ɪ ʁ ç n̩ s
Lanzette	l a n t͡s ɛ t ə
Lanzettfenster	l a n t͡s ɛ t f ɛ n s t ɐ
Lanzettfensters	l a n t͡s ɛ t f ɛ n s t ɐ s
Lappalie	l a p aː l i̯ ə
Lappen	l a̝ m̩
Lappen	l a̝ ʔ m̩
Lappen	l ä p m̩
Lappen	l ä p ə n
Lappen	l ɑ p p ə n
Larissa	l a ʁ ɪ s a
Larve	l a ʁ f ə
Laser	l eː z ɐ
Laser	l ɛ ɪ̯ z ɐ
Lasten	l a s t n̩
Lasten	l a s t ə n
Lastschrift	l a s t ʃ ʁ ɪ f t
Lastwagenfahrer	l a s t v aː ɡ n̩ f aː ʁ ɐ
Lastwagenfahrerin	l a s t v aː ɡ n̩ f aː ʁ ə ʁ ɪ n
Lat	l a t
Lateinamerikaner	l a t a ɪ̯ n ʔ a m e ʁ i k aː n ɐ
Lateinamerikanerin	l a t a ɪ̯ n ʔ a m e ʁ i k aː n ə ʁ ɪ n
Lateinamerikanerinnen	l a t a ɪ̯ n ʔ a m e ʁ i k aː n ə ʁ ɪ n ə n
Lateiner	l a t a ɪ̯ n ɐ
Latiner	l a t iː n ɐ
Latium	l aː t͡s i ʊ m
Latium	l aː t͡s j ʊ m
Lattenzaun	l a t n̩ t͡s a ʊ̯ n
Latènezeit	l a t ɛː n t͡s a ɪ̯ t
Latüchte	l a tʰ ʏ ç t ə
Laubach	l a ʊ̯ b a x
Laubacher	l a ʊ̯ b a x ɐ
Laubacherin	l a ʊ̯ b a x ə ʁ ɪ n
Laubacherinnen	l a ʊ̯ b a x ə ʁ ɪ n ə n
Laubachers	l a ʊ̯ b a x ɐ s
Laubachs	l a ʊ̯ b a x s
Laubenheimer	l a ʊ̯ b n̩ h a ɪ̯ m ɐ
Laubenheimerin	l a ʊ̯ b n̩ h a ɪ̯ m ə ʁ ɪ n
Laubenheimerinnen	l a ʊ̯ b n̩ h a ɪ̯ m ə ʁ ɪ n ə n
Laubenheimers	l a ʊ̯ b n̩ h a ɪ̯ m ɐ s
Laubenheims	l a ʊ̯ b n̩ h a ɪ̯ m s
Laubgehölzen	l a ʊ̯ p ɡ ə h œ l t͡s n̩
Lauch	l a ʊ̯ χ
Lauchheimer	l a ʊ̯ x h a ɪ̯ m ɐ
Lauchheimerin	l a ʊ̯ x h a ɪ̯ m ə ʁ ɪ n
Lauchheimerinnen	l a ʊ̯ x h a ɪ̯ m ə ʁ ɪ n ə n
Lauchheimers	l a ʊ̯ x h a ɪ̯ m ɐ s
Lauenburger	l a ʊ̯ ə n b ʊ ʁ ɡ ɐ
Lauenburgerin	l a ʊ̯ ə n b ʊ ʁ ɡ ə ʁ ɪ n
Lauenburgerinnen	l a ʊ̯ ə n b ʊ ʁ ɡ ə ʁ ɪ n ə n
Lauenburgers	l a ʊ̯ ə n b ʊ ʁ ɡ ɐ s
Laufe	l a ʊ̯ f ə
Laufwerk	l a ʊ̯ f v ɛ r k
Laufwerk	l a ʊ̯ f v ɛ ɐ̯ k
Laufwerk	l a ʊ̯ f v ɛ ʁ k
Lauge	l a ʊ̯ ɡ ə
Laugenbrezel	l a ʊ̯ ɡ ŋ̩ b ʁ eː t͡s l̩
Laupheimer	l a ʊ̯ p h a ɪ̯ m ɐ
Laupheimerin	l a ʊ̯ p h a ɪ̯ m ə ʁ ɪ n
Laupheimerinnen	l a ʊ̯ p h a ɪ̯ m ə ʁ ɪ n ə n
Laupheimers	l a ʊ̯ p h a ɪ̯ m ɐ s
Laura	l a ʊ̯ ʁ a
Lausanne	l o z a n
Lausbuben	l a ʊ̯ s b uː b m̩
Lausbuben	l a ʊ̯ s b uː b n̩
Lauterbacher	l a ʊ̯ t ɐ b a x ɐ
Lauterbacherin	l a ʊ̯ t ɐ b a x ə ʁ ɪ n
Lauterbachers	l a ʊ̯ t ɐ b a x ɐ s
Lauterburg	l a ʊ̯ t ɐ b ʊ ʁ k
Lauterburger	l a ʊ̯ t ɐ b ʊ ʁ ɡ ɐ
Lauterburgerin	l a ʊ̯ t ɐ b ʊ ʁ ɡ ə ʁ ɪ n
Lauterburgers	l a ʊ̯ t ɐ b ʊ ʁ ɡ ɐ s
Lautschrift	l a ʊ̯ t ʃ ʁ ɪ f t
Lautverschiebung	l a ʊ̯ t f ɐ ʃ iː b ʊ ŋ
Lautwandel	l a ʊ̯ t v a n d l̩
Lavafluss	l aː v a f l ʊ s
Lavaflusses	l aː v a f l ʊ s ə s
Lawinenrucksack	l a v iː n ə n ʁ ʊ k z a k
Lawinenrucksackes	l a v iː n ə n ʁ ʊ k z a k ə s
Lawinenrucksacks	l a v iː n ə n ʁ ʊ k z a k s
Lawinenrucksäcke	l a v iː n ə n ʁ ʊ k z ɛ k ə
Lazarett	l ä t͡s ä ʁ ɛ t
Lebemann	l eː b ə m a n
Leben	l eː b m̩
Leben	l eː b n
Leben	l eː b ə n
Lebens	l eː b m̩ s
Lebens	l eː b ə n t͡s
Lebensabend	l eː b m̩ s ʔ aː b m̩ t
Lebensbereich	l eː b n̩ s b ə ʁ a ɪ̯ ç
Lebenserfahrung	l eː b n̩ s ʔ ɛ ɐ̯ f aː ʁ ʊ ŋ
Lebensgefährte	l eː ʔ m̩ s ɡ ə f ə ɑ̯ tʰ ə
Lebensgrösse	l eː b ə n s ɡ ʁ øː s ə
Lebensgröße	l eː b m̩ s ɡ ʁ øː s ə
Lebensgröße	l eː b ə n s ɡ ʁ øː s ə
Lebenskraft	l eː b m̩ s k ʁ a f t
Lebenskräfte	l eː b m̩ s k ʁ ɛ f t ə
Lebenskräfte	l eː b ə n s k ʁ ɛ f t ə
Lebenskräften	l eː b m̩ s k ʁ ɛ f t n̩
Lebenskräften	l eː b ə n s k ʁ ɛ f t ə n
Lebenskünstlerin	l eː b n̩ s k ʏ n s t l ə ʁ ɪ n
Lebensläufe	l eː b m̩ s l ɔ ɪ̯ f ə
Lebensläufe	l eː b n̩ s l ɔ ɪ̯ f ə
Lebenslügen	l eː b n̩ s l yː ɡ n̩
Lebensmittel	l eː b m̩ s m ɪ t l̩
Lebensmittel	l eː b n̩ s m ɪ t l̩
Lebensmittel	l eː b ə n s m ɪ t ə l
Lebensmittelhändlerinnen	l eː b n̩ s m ɪ t l̩ h ɛ n d l ə ʁ ɪ n ə n
Lebensmittelkunde	l eː b n̩ s m ɪ t l̩ k ʊ n d ə
Lebensmittelladens	l eː b n̩ s m ɪ t l̩ l aː d n̩ s
Lebensmittelläden	l eː b n̩ s m ɪ t l̩ l ɛː d n̩
Lebensmittelsicherheitsexperte	l eː b n̩ s m ɪ t l̩ z ɪ ç ɐ h a ɪ̯ t͡s ʔ ɛ k s p ɛ ʁ t ə
Lebensmittelsicherheitsexperten	l eː b n̩ s m ɪ t l̩ z ɪ ç ɐ h a ɪ̯ t͡s ʔ ɛ k s p ɛ ʁ t ə n
Lebensmittelsicherheitsexpertin	l eː b n̩ s m ɪ t l̩ z ɪ ç ɐ h a ɪ̯ t͡s ʔ ɛ k s p ɛ ʁ t ɪ n
Lebensmittelsicherheitsexpertinnen	l eː b n̩ s m ɪ t l̩ z ɪ ç ɐ h a ɪ̯ t͡s ʔ ɛ k s p ɛ ʁ t ɪ n ə n
Lebenstraum	l eː b n̩ s t ʁ a ʊ̯ m
Lebenswandel	l eː b ə n s v a n d l̩
Lebenswelt	l eː b m̩ s v ɛ l t
Lebenswelt	l eː b ə n s v ɛ l t
Lebenswelten	l eː b m̩ s v ɛ l t n̩
Lebenswelten	l eː b ə n s v ɛ l t ə n
Lebenswerk	l eː b n̩ s v ɛ ʁ k
Lebenszeichen	l eː b n̩ s t͡s a ɪ̯ ç n̩
Leberecht	l eː b ə ʁ ɛ ç t
Leberechts	l eː b ə ʁ ɛ ç t s
Leberkässemmel	l eː β ɐ
Lebervergrößerung	l eː b ɐ f ɛ ɐ̯ ɡ ʁ øː s ə ʁ ʊ ŋ
Lebewesen	l eː b ə v eː z n̩
Lebewohl	l eː b ə v oː l
Lebkuchen	l eː p k uː x n̩
Lebkuchenfrau	l eː p k uː x n̩ f r a ʊ̯
Lebkuchenfrauen	l eː p k uː x n̩ f ʁ a ʊ̯ ə n
Lebkuchenhaus	l eː p k uː x n̩ h a ʊ̯ s
Lebkuchenhauses	l eː p k uː x n̩ h a ʊ̯ z ə s
Lebkuchenherz	l eː p k uː x n̩ h ɛ ʁ t͡s
Lebkuchenherzen	l eː p k uː x n̩ h ɛ ʁ t͡s n̩
Lebkuchenherzens	l eː p k uː x n̩ h ɛ ʁ t͡s n̩ s
Lebkuchenhäuser	l eː p k uː x n̩ h ɔ ʏ̯ z ɐ
Lebkuchenmann	l eː p k uː x n̩ m a n
Lebkuchenmannes	l eː p k uː x n̩ m a n ə s
Lebkuchenmanns	l eː p k uː x n̩ m a n s
Lebkuchenmänner	l eː p k uː x n̩ m ɛ n ɐ
Lebrecht	l eː b ʁ ɛ ç t
Lebrechts	l eː b ʁ ɛ ç t s
Lebtag	l eː p t aː k
Lebzeiten	l eː p t͡s a ɪ̯ t n̩
Lech	l ɛ ç
Leckerei	l ɛ k ə ʁ a ɪ̯
Leder	l eː d ɐ
Lederkoffer	l eː d ɐ k ɔ f ɐ
Leergut	l eː ɐ̯ ɡ uː t
Leergutautomat	l eː ɐ̯ ɡ uː t a ʊ̯ t o m aː t
Lefzen	l ɛ f t͡s n̩
Lefzen	l ɛ f t͡s ə n
Legion	l e ɡ i oː n
Legionär	l e ɡ j o n ɛ ɐ̯
Legionär	l e ɡ j o n ɛː ɐ̯
Legislaturperiode	l e ɡ ɪ s l a t uː ɐ̯ p e ʁ i̯ oː d ə
Legitimation	l e ɡ i t i m a t͡s i̯ oː n
Lehengericht	l eː ə n ɡ ə ʁ ɪ ç t
Lehenherr	l eː ə n h ɛ ʁ
Lehenseid	l eː ə n s ʔ a ɪ̯ t
Lehensgericht	l eː ə n s ɡ ə ʁ ɪ ç t
Lehensherr	l eː ə n s h ɛ ʁ
Lehnbedeutung	l eː n b ə d ɔ ɪ̯ t ʊ ŋ
Lehnseid	l eː n s ʔ a ɪ̯ t
Lehnsgericht	l eː n s ɡ ə ʁ ɪ ç t
Lehnsgerichte	l eː n s ɡ ə ʁ ɪ ç t ə
Lehnsgerichtes	l eː n s ɡ ə ʁ ɪ ç t ə s
Lehnsgerichts	l eː n s ɡ ə ʁ ɪ ç t s
Lehnsherr	l eː n s h ɛ ʁ
Lehnsmann	l eː n s m a n
Lehnstuhl	l eː n ʃ t uː l
Lehnswesen	l eː n s v eː z n̩
Lehnswesens	l eː n s v eː z n̩ s
Lehramt	l eː ɐ̯ ʔ a m t
Lehramtsreferendar	l eː ɐ̯ ʔ a m t s ʁ e f e ʁ e n d aː ɐ̯
Lehramtsreferendare	l eː ɐ̯ ʔ a m t s ʁ e f e ʁ e n d aː ʁ ə
Lehramtsreferendarin	l eː ɐ̯ ʔ a m t s ʁ e f e ʁ e n d aː ʁ ɪ n
Lehramtsreferendarinnen	l eː ɐ̯ ʔ a m t s ʁ e f e ʁ e n d aː ʁ ɪ n ə n
Lehramtsreferendars	l eː ɐ̯ ʔ a m t s ʁ e f e ʁ e n d aː ɐ̯ s
Lehrbub	l eː ɐ̯ b uː p
Lehrbuch	l eː ɐ̯ b uː x
Lehrenden	l eː ʁ ə n d n̩
Lehrender	l eː ʁ ə n d ɐ
Lehrer	l eː ʁ ɐ
Lehrerin	l eː ʁ ə ʁ ɪ n
Lehrerin	l ɛː ə ʁ ɪ n
Lehrkraft	l eː ɐ̯ k ʁ a f t
Lehrplan	l eː ɐ̯ p l aː n
Lehrwerk	l eː ɐ̯ v ɛ ɐ̯ k
Lehrwerk	l eː ɐ̯ v ɛ ʁ k
Leibeigener	l a ɪ̯ p ʔ a ɪ̯ ɡ ŋ̍ n ɐ
Leibeigener	l a ɪ̯ p ʔ a ɪ̯ ɡ ə n ɐ
Leibeigenschaft	l a ɪ̯ p ʔ a ɪ̯ ɡ ə n ʃ a f t
Leibesfülle	l a ɪ̯ b ə s f ʏ l ə
Leibgericht	l a ɪ̯ p ɡ ə ʁ ɪ ç t
Leibspeise	l a ɪ̯ p ʃ p a ɪ̯ z ə
Leichenfledderer	l a ɪ̯ ç n̩ f l ɛ d ə ʁ ɐ
Leichenhalle	l a ɪ̯ ç n̩ h a l ə
Leichlingen	l a ɪ̯ ç l ɪ ŋ ə n
Leichlingens	l a ɪ̯ ç l ɪ ŋ ə n s
Leichlinger	l a ɪ̯ ç l ɪ ŋ ɐ
Leichlingerin	l a ɪ̯ ç l ɪ ŋ ə ʁ ɪ n
Leichlingerinnen	l a ɪ̯ ç l ɪ ŋ ə ʁ ɪ n ə n
Leichlingers	l a ɪ̯ ç l ɪ ŋ ɐ s
Leichtathlet	l a ɪ̯ ç t a t l eː t
Leichtathlet	l a ɪ̯ ç t ʔ a t l eː t
Leichtathletik	l a ɪ̯ ç t ʔ a t l eː t ɪ k
Leichtfallen	l a ɪ̯ ç t f a l ə n
Leiden	l a ɪ̯ d n̩
Leidtun	l a ɪ̯ t t uː n
Leier	l a ɪ̯ ɐ
Leierfisch	l a ɪ̯ ɐ f ɪ ʃ
Leierkasten	l a ɪ̯ ɐ k a s t n̩
Leiharbeit	l a ɪ̯ ʔ a ʁ b a ɪ̯ t
Leiharbeiter	l a ɪ̯ ʔ a ʁ b a ɪ̯ t ɐ
Leiharbeiterin	l a ɪ̯ ʔ a ʁ b a ɪ̯ t ɐ ʁ ɪ n
Leiharbeiterinnen	l a ɪ̯ ʔ a ʁ b a ɪ̯ t ɐ ʁ ɪ n ə n
Leiharbeiters	l a ɪ̯ ʔ a ʁ b a ɪ̯ t ɐ s
Leihgabe	l a ɪ̯ ɡ aː b ə
Leihgaben	l a ɪ̯ ɡ aː b n̩
Leininger	l a ɪ̯ n ɪ ŋ ɐ
Leiningerin	l a ɪ̯ n ɪ ŋ ə ʁ ɪ n
Leiningerinnen	l a ɪ̯ n ɪ ŋ ə ʁ ɪ n ə n
Leiningers	l a ɪ̯ n ɪ ŋ ɐ s
Leisten	l a ɪ̯ s t n̩
Leistungsbeschreibung	l a ɪ̯ s t ʊ ŋ s b ə ʃ ʁ a ɪ̯ b ʊ ŋ
Leistungskurs	l a ɪ̯ s t ʊ ŋ s k ʊ ɐ̯ s
Leistungskurs	l a ɪ̯ s t ʊ ŋ s k ʊ ʁ s
Leitbake	l a ɪ̯ t b aː k ə
Leite	l a ɪ̯ t ə
Leiter	l a ɪ̯ t ɐ
Leitkultur	l a ɪ̯ t k ʊ l t uː ɐ̯
Leitplanke	l a ɪ̯ t p l a ŋ k ə
Leitschiene	l a ɪ̯ t ʃ iː n ə
Leitstern	l a ɪ̯ t ʃ t ɛ ʁ n
Leitung	l a ɪ̯ t ʊ ŋ
Leitungen	l a ɪ̯ t ʊ ŋ ə n
Leitzins	l a ɪ̯ t t͡s ɪ n s
Lekt	l ɛ k t
Lektor	l ɛ k t oː ɐ̯
Lektor	l ɛ k t ɔ ɐ̯
Lemgo	l ɛ m ɡ oː
Lemniskate	l ɛ m n i s k aː t ə
Lenkungsausschusses	l ɛ ŋ k ʊ ŋ s ʔ a ʊ̯ s ʃ ʊ s ə s
Lenkungsausschüsse	l ɛ ŋ k ʊ ŋ s ʔ a ʊ̯ s ʃ ʏ s ə
Lenkwaffen	l ɛ ŋ k v a f n̩
Lenkwaffenkreuzer	l ɛ ŋ k v a f n̩ k ʁ ɔ ɪ̯ t͡s ɐ
Leo	l eː o
Leonie	l eː o n iː
Leopoldshöhe	l e o pʰ ɔ l t͡s h œ ə
Lepidopterologin	l e p i d ɔ p t e ʁ o l oː ɡ ɪ n
Lepidopterologinnen	l e p i d ɔ p t e ʁ o l oː ɡ ɪ n ə n
Lepontisch	l e p ɔ n tʰ ɪ ʃ
Lerchensporn	l ɛ ʁ ç n̩ ʃ p ɔ ʁ n
Lercherlschas	l ɛ ɐ̯ ç ɐ l ʃ aː s
Lernenden	l ɛ ʁ n ə n d n̩
Lernender	l ɛ ʁ n ə n d ɐ
Lernkarte	l ɛ ʁ n k a ʁ t ə
Lernkartei	l ɛ ʁ n k a ʁ t a ɪ̯
Lernumgebung	l ɛ ɐ n ʔ ʊ m ɡ eː b ʊ ŋ
Lesart	l eː s ʔ aː t
Lesart	l eː s ʔ aː ɐ̯ t
Lesbarkeit	l eː s b aː ɐ̯ k a ɪ̯ t
Lesekopf	l eː z ə kʰ ɔ p f
Lesestoff	l eː z ə ʃ t ɔ f
Letztere	l ɛ t s t ə ʁ ə
Leuchtkraft	l ɔ ɪ̯ ç t k ʁ a f t
Leuchtmittel	l ɔ ɪ̯ ç t m ɪ t l̩
Leugner	l ɔ ɪ̯ ɡ n ɐ
Leugnerin	l ɔ ɪ̯ ɡ n ə ʁ ɪ n
Leugnerinnen	l ɔ ɪ̯ ɡ n ə ʁ ɪ n ə n
Leugners	l ɔ ɪ̯ ɡ n ɐ s
Leukopenie	l ɔ ɪ̯ k o p e n iː
Leute	l ɔ e̠ d ə
Leute	l ɔ e̠ t ə
Leute	l ɔ e̠ tʰ ə
Leute	l ɔ e̠ ɾ ə
Leverkusen	l eː v ɐ k uː z n̩
Leviathan	l e v i̯ aː t a n
Lexiken	l ɛ k s i k n̩
Lexikographie	l ɛ k s i k o ɡ r a f iː
Libellenflügel	l i b ɛ l ə n f l yː ɡ l̩
Liberalisieren	l i b ə ʁ a l i z iː ʁ ə n
Liberalisierer	l i b ə ʁ a l i z iː ʁ ɐ
Lichtelben	l ɪ ç t ɛ l b n̩
Lichtenbergerin	l ɪ ç t n̩ b ɛ ʁ ɡ ə ʁ ɪ n
Lichtenfels'	l ɪ ç t n̩ f ɛ l s
Lichtenfelser	l ɪ ç t n̩ f ɛ l z ɐ
Lichtenfelserin	l ɪ ç t n̩ f ɛ l z ə ʁ ɪ n
Lichtenfelsers	l ɪ ç t n̩ f ɛ l z ɐ s
Lichtenstein	l ɪ ç t ə n ʃ t a ɪ̯ n
Lichtensteiner	l ɪ ç t ə n ʃ t a ɪ̯ n ɐ
Lichtensteinerin	l ɪ ç t ə n ʃ t a ɪ̯ n ə ʁ ɪ n
Lichtensteinerinnen	l ɪ ç t ə n ʃ t a ɪ̯ n ə ʁ ɪ n ə n
Lichtensteiners	l ɪ ç t ə n ʃ t a ɪ̯ n ɐ s
Lichtensteins	l ɪ ç t ə n ʃ t a ɪ̯ n s
Lichtmikroskopie	l ɪ ç t m i k ʁ o s k o p iː
Lichtverschmutzung	l ɪ ç t f ɛ ɐ̯ ʃ m ʊ t͡s ʊ ŋ
Lichtverunreinigung	l ɪ ç t f ɛ ɐ̯ ʔ ʊ n r a ɪ̯ n ɪ ɡ ʊ ŋ
Lichtverunreinigung	l ɪ ç t f ɛ ɐ̯ ʔ ʊ n ʁ a ɪ̯ n ɪ ɡ ʊ ŋ
Lidocain	l i d o k a iː n
Liebelei	l iː b ə l a ɪ̯
Liebenau	l iː b ə n a ʊ̯
Liebenauer	l iː b ə n a ʊ̯ ɐ
Liebenauerin	l iː b n̩ a ʊ̯ ə ʁ ɪ n
Liebenauers	l iː b ə n a ʊ̯ ɐ s
Liebenaus	l iː b ə n a ʊ̯ s
Liebenfels	l iː b n̩ f ɛ l s
Liebenfels'	l iː b n̩ f ɛ l s
Liebenfelser	l iː b n̩ f ɛ l z ɐ
Liebenfelserin	l iː b n̩ f ɛ l z ə ʁ ɪ n
Liebenfelsers	l iː b n̩ f ɛ l z ɐ s
Liebenstein	l iː b n̩ ʃ t a ɪ n
Liebensteiner	l iː b n̩ ʃ t a ɪ n ɐ
Liebensteinerin	l iː b n̩ ʃ t a ɪ n ə ʁ ɪ n
Liebensteinerinnen	l iː b n̩ ʃ t a ɪ n ə ʁ ɪ n ə n
Liebensteiners	l iː b n̩ ʃ t a ɪ n ɐ s
Liebensteins	l iː b n̩ ʃ t a ɪ n s
Liebenwalde	l iː b n̩ v a l d ə
Liebenwalder	l iː b n̩ v a l d ɐ
Liebenwalderin	l iː b n̩ v a l d ə ʁ ɪ n
Liebenwalders	l iː b n̩ v a l d ɐ s
Liebenwaldes	l iː b n̩ v a l d ə s
Liebesgedichts	l iː b ə s ɡ ə d ɪ ç t͡s
Liebesgras	l iː b ə s ɡ ʁ aː s
Liebesgrases	l iː b ə s ɡ ʁ aː z ə s
Liebesgräser	l iː b ə s ɡ ʁ ɛː z ɐ
Liebeskind	l iː b ə s k ɪ n t
Liebeskinds	l iː b ə s k ɪ n t s
Liebeskugel	l iː b ə s k uː ɡ l̩
Liebesnest	l iː b ə s n ɛ s t
Liebeswerben	l iː b ə s v ɛ ʁ b m̩
Liebhaberei	l iː p h aː b ə ʁ a ɪ̯
Liebhaberin	l iː p h aː b ə ʁ ɪ n
Liebhaberinnen	l iː p h aː b ə ʁ ɪ n ə n
Liebig	l iː b ɪ ç
Liebigs	l iː b ɪ ç s
Liebknecht	l iː p k n ɛ ç t
Liebknechts	l iː p k n ɛ ç t s
Lieblingsfußballmannschaft	l iː p l ɪ ŋ s f uː s b a l m a n ʃ a f t
Liebstöckel	l iː p ʃ t œ k l̩
Liechtensteins	l ɪ ç t ə n ʃ t a ɪ̯ n s
Liedermacherinnen	l iː d ɐ m a x ə ʁ ɪ n ə n
Liedgut	l iː t ɡ uː t
Lieferant	l iː f ə r a n t
Lieferant	l iː f ə ʁ a n t
Lieferkettenstörung	l iː f ɛ ʁ k ɛ t n̩ ʃ t øː ʁ ʊ ŋ
Lieferschein	l iː f ɐ ʃ a ɪ̯ n
Liegeplatz	l iː ɡ ə p l a t͡s
Ligurerinnen	l i ɡ uː ʁ ə ʁ ɪ n ə n
Liguriens	l i ɡ uː ʁ i ə n s
Lilienfeld	l iː l i̯ ə n f ɛ l t
Lilienfelder	l iː l i̯ ə n f ɛ l d ɐ
Lilienfelderin	l iː l i̯ ə n f ɛ l d ə ʁ ɪ n
Lilienfelderinnen	l iː l i̯ ə n f ɛ l d ə ʁ ɪ n ə n
Lilienfelders	l iː l i̯ ə n f ɛ l d ɐ s
Lilienfeldes	l iː l i̯ ə n f ɛ l d ə s
Lilienfelds	l iː l i̯ ə n f ɛ l t͡s
Liliengewächs	l iː l i̯ ə n ɡ ə v ɛ k s
Limbach	l ɪ m b a x
Limbacher	l ɪ m b a x ɐ
Limbacherin	l ɪ m b a x ə ʁ ɪ n
Limbacherinnen	l ɪ m b a x ə ʁ ɪ n ə n
Limbachers	l ɪ m b a x ɐ s
Limbachs	l ɪ m b a x s
Limberg	l ɪ m b ɛ ʁ k
Limberger	l ɪ m b ɛ ʁ ɡ ɐ
Limbergerin	l ɪ m b ɛ ʁ ɡ ə ʁ ɪ n
Limbergerinnen	l ɪ m b ɛ ʁ ɡ ə ʁ ɪ n ə n
Limbergers	l ɪ m b ɛ ʁ ɡ ɐ s
Limbergs	l ɪ m b ɛ ʁ k s
Limburger	l ɪ m b ʊ ʁ ɡ ɐ
Limburgerin	l ɪ m b ʊ ʁ ɡ ə ʁ ɪ n
Limburgerinnen	l ɪ m b ʊ ʁ ɡ ə ʁ ɪ n ə n
Limburgers	l ɪ m b ʊ ʁ ɡ ɐ s
Limit	l ɪ m ɪ t
Limits	l ɪ m ɪ t s
Lindauer	l ɪ n d a ʊ̯ ɐ
Lindauerin	l ɪ n d a ʊ̯ ə ʁ ɪ n
Lindaus	l ɪ n d a ʊ̯ s
Linde	l ɪ n d ə
Lindenblüte	l ɪ n d n̩ b l yː t ə
Lindenblütentee	l ɪ n d n̩ b l yː t n̩ t eː
Lineal	l i n e aː l
Lineal	l ɪ n j aː l
Linguist	l ɪ ŋ ɡ u ɪ s t
Linguist	l ɪ ŋ ɡ w ɪ s t
Linguistik	l ɪ ŋ ɡ u ɪ s t ɪ k
Linguistik	l ɪ ŋ ɡ w ɪ s t ɪ k
Linie	l iː n i ə
Linie	l iː n j ə
Linien	l iː n i̯ ə n
Linksruck	l ɪ ŋ k s ʁ ʊ k
Linksverkehr	l ɪ ŋ k s f ɛ ɐ̯ k eː ɐ̯
Linnen	l ɪ n n̩
Linnen	l ɪ n ə n
Lippen	l ɪ p m̩
Lippen	l ɪ p ə n
Lippenbekenntnis	l ɪ p m̩ b ə k ɛ n t n ɪ s
Lippenbekenntnis	l ɪ p ə n b ə k ɛ n t n ɪ s
Lippenblüte	l ɪ p n̩ b l yː t ə
Lippenblütengewächs	l ɪ p n̩ b l yː t n̩ ɡ ə v ɛ k s
Lippenblütengewächse	l ɪ p n̩ b l yː t n̩ ɡ ə v ɛ k s ə
Lippenblütengewächses	l ɪ p n̩ b l yː t n̩ ɡ ə v ɛ k s ə s
Lippenstift	l ɪ p m̩ ʃ t ɪ f t
Lippenstift	l ɪ p ə n ʃ t ɪ f t
Lippenstifts	l ɪ p m̩ ʃ t ɪ f t s
Lippenstifts	l ɪ p ə n ʃ t ɪ f t s
Lipsius	l ɪ p s ɪ ʊ s
Lipsius'	l ɪ p s ɪ ʊ s
Liquid	l i k v iː t
Liquida	l iː k v i d a
Liquiditätsengpass	l i k v i d i t ɛː t s ʔ ɛ ŋ p a s
Liquiditätsereignis	l i k v i d i t ɛː t͡s ʔ ɛ ɐ̯ ʔ a ɪ̯ ɡ n ɪ s
Liquiditätsfalle	l i k v i d i t ɛː t͡s f a l ə
Liquiditätsplanung	l i k v i d i t ɛː t͡s p l aː n ʊ ŋ
Liquiditätssteuerung	l i k v i d i t ɛː t s ʃ t ɔ ɪ̯ ə ʁ ʊ ŋ
Litanei	l i t a n a ɪ̯
Literatur	l ɪ t ə ʁ a t u ɐ̯
Literatur	l ɪ t ə ʁ a t uː ɐ̯
Literaturwissenschaft	l ɪ t ə ʁ a t uː ɐ̯ v ɪ s n̩ ʃ a f t
Litfaßsäule	l ɪ t f a s z ɔ ʏ l ə
Lithium	l iː t i̯ ʊ m
Lithium	l iː t͡s i̯ ʊ m
Livia	l iː v ɪ̯ a
Lizenz	l i t s ɛ n s
Lizenz	l i t s ɛ n t s
Lobenstein	l oː b n̩ ʃ t a ɪ n
Lobensteiner	l oː b n̩ ʃ t a ɪ n ɐ
Lobensteinerin	l oː b n̩ ʃ t a ɪ n ə ʁ ɪ n
Lobensteinerinnen	l oː b n̩ ʃ t a ɪ n ə ʁ ɪ n ə n
Lobensteiners	l oː b n̩ ʃ t a ɪ n ɐ s
Lobensteins	l oː b n̩ ʃ t a ɪ n s
Lobgesang	l oː p ɡ ə z a ŋ
Loch	l ɔ x
Loch	l ɔ χ
Locher	l ɔ x ɐ
Lockenwickler	l ɔ k ŋ̍ v ɪ k l ɐ
Lockerung	l ɔ k ə ʁ ʊ ŋ
Lockerungen	l ɔ k ə ʁ ʊ ŋ ə n
Lockruf	l ɔ k ʁ uː f
Loden	l oː d n̩
Logarithmus	l o ɡ a ʁ ɪ t m ʊ s
Lohnnebenkosten	l oː n n eː b m̩ k o s t n̩
Lohnnebenkosten	l oː n n eː b ə n k o s t ə n
Lohnniveau	l oː n n i v oː
Loibl	l ɔ ʏ̯ b l̩
Loiblpass	l ɔ ʏ̯ b l̩ p a s
Loiblpasses	l ɔ ʏ̯ b l̩ p a s ə s
Loiblpaß	l ɔ ʏ̯ b l̩ p a s
Loibls	l ɔ ʏ̯ b l̩ s
Loire	l o aː
Loire	l o aː ɐ̯
Lokalrunde	l o k aː l ʁ ʊ n d ə
Lokalteilen	l o k aː l t a ɪ̯ l ə n
Lokation	l o k a t͡s i̯ oː n
Lokomotive	t iː f ə
Lokomotive	t iː f ɛ
Lombardinnen	l ɔ m b a ʁ d ɪ n ə n
Loom	l uː m
Lorbeer	l ɔ ʁ b eː ɐ̯
Lorbeerblatt	l ɔ ʁ b eː ɐ̯ b l a t
Lorbeeren	l ɔ ʁ b eː ʁ ə n
Lorchel	l ɔ ɐ̯ ç l̩
Lord	l ɔ ɐ̯ t
Lord	l ɔ ʁ t
Lord	l ɔː t
Lorde	l ɔ ʁ d ə
Lorokonto	l oː ʁ o k ɔ n t o
Losbrechen	l oː s b ʁ ɛ ç n̩
Loseblattsammlungen	l oː z ə b l a t z a m l ʊ ŋ ə n
Losreißen	l oː s ʁ a i̯ s n̩
Losschießen	l oː s ʃ iː s n̩
Losschrauben	l oː s ʃ ʁ a ʊ̯ b m̩
Losschrauben	l oː s ʃ ʁ a ʊ̯ b n̩
Lotion	l oː ʃ ə n
Lotion	l ɔ ʊ̯ ʃ n
Lotos	l oː t ɔ s
Lotterielos	l ɔ t ə ʁ iː l oː s
Lotterielose	l ɔ t ə ʁ iː l oː z ə
Lotterieloses	l ɔ t ə ʁ iː l oː z ə s
Louisa	l u iː z a
Lucht	l ʊ x t
Lucia	l u t͡s iː a
Lucia	l uː t͡s i̯ a
Luckenbacher	l ʊ k n̩ b a x ɐ
Luckenbacherin	l ʊ k n̩ b a x ə ʁ ɪ n
Luckenbacherinnen	l ʊ k n̩ b a x ə ʁ ɪ n ə n
Luckenbachers	l ʊ k n̩ b a x ɐ s
Luckenbachs	l ʊ k n̩ b a x s
Luckenwalder	l ʊ k n̩ v a l d ɐ
Luckenwalderin	l ʊ k n̩ v a l d ə ʁ ɪ n
Luckenwalders	l ʊ k n̩ v a l d ɐ s
Luckenwaldes	l ʊ k n̩ v a l d ə s
Ludolfzahl	l uː d ɔ l f t s aː l
Ludwigshafener	l uː t v ɪ ç s h aː f n̩ ɐ
Ludwigshafenerin	l uː t v ɪ ç s h aː f n̩ ə ʁ ɪ n
Ludwigshafenerinnen	l uː t v ɪ ç s h aː f n̩ ə ʁ ɪ n ə n
Ludwigshafeners	l uː t v ɪ ç s h aː f n̩ ɐ s
Luftangriff	l ʊ f t ʔ a n ɡ ʁ ɪ f
Luftbrücke	l ʊ f t b ʁ ʏ k ə
Luftdruckes	l ʊ f t d ʁ ʊ k ə s
Luftfahrtindustrie	l ʊ f t f aː ɐ̯ t ʔ ɪ n d ʊ s t ʁ iː
Lufthauch	l ʊ f t h a ʊ̯ χ
Lufthülle	l ʊ f t h ʏ l ə
Luftmatratze	l ʊ f t m a t ʁ a t͡s ə
Luftmine	l ʊ f t m iː n ə
Luftnummer	l ʊ f t n ʊ m ɐ
Luftoffensive	l ʊ f t ʔ ɔ f ɛ n z iː v ə
Luftperspektive	l ʊ f t p ɛ ʁ s p ɛ k t iː v ə
Luftpolsterfolie	l ʊ f t p ɔ l s t ɐ f oː l ɪ̯ ə
Luftschlag	l ʊ f t ʃ l aː k
Luftschleuse	l ʊ f t ʃ l ɔ ɪ̯ z ə
Luftverschmutzung	l ʊ f t f ɛ ɐ̯ ʃ m ʊ t͡s ʊ ŋ
Luftverunreinigung	l ʊ f t f ɛ ɐ̯ ʔ ʊ n r a ɪ̯ n ɪ ɡ ʊ ŋ
Luftverunreinigung	l ʊ f t f ɛ ɐ̯ ʔ ʊ n ʁ a ɪ̯ n ɪ ɡ ʊ ŋ
Luftzerlegung	l ʊ f t t͡s ɛ ɐ̯ l eː ɡ ʊ ŋ
Luftüberlegenheit	l ʊ f t ʔ yː b ɐ l eː ɡ n̩ h a ɪ̯ t
Luisa	l u iː z a
Lukas	l uː k a s
Lummelbraten	l ʊ m ə l b ʁ aː t ə n
Lummelbratens	l ʊ m ə l b ʁ aː t ə n s
Lumpen	l ʊ m p m̩
Lumpen	l ʊ m p ə n
Lumpenhändlerin	l ʊ m p ə n h ɛ n t l ə ʁ ɪ n
Lumpenhändlerinnen	l ʊ m p ə n h ɛ n t l ə ʁ ɪ n ə n
Lumpenproletariat	l ʊ m p n̩ p ʁ o l e t a ʁ i̯ aː t
Lungen	l ʊ ŋ ə n
Lungenaufblähungen	l ʊ ŋ ə n a ʊ̯ f b l ɛː ʊ ŋ ə n
Lungenblähungen	l ʊ ŋ ə n b l ɛː ʊ ŋ ə n
Lungenbraten	l ʊ ŋ ə n b ʁ aː t ə n
Lungenentzündung	l ʊ ŋ ə n ʔ ɛ n t t͡s ʏ n d ʊ ŋ
Lungenfunktion	l ʊ ŋ ə n f ʊ ŋ k t s i̯ oː n
Lungenfunktionen	l ʊ ŋ ə n f ʊ ŋ k t s i̯ oː n n̩
Lungenfunktionen	l ʊ ŋ ə n f ʊ ŋ k t s i̯ oː n ə n
Lungenödem	l ʊ ŋ ə n ʔ ø d eː m
Lurch	l ʊ ɐ̯ ç
Lurch	l ʊ ʁ ç
Lusitaner	l u z i tʰ aː n ɐ
Lusitanerin	l u z i tʰ aː n ɐ ʁ ɪ n
Lusitanisch	l u z i tʰ aː n ɪ ʃ
Lustlosigkeit	l ʊ s t l oː z ɪ ç k a ɪ̯ t
Lustschloss	l ʊ s t ʃ l ɔ s
Lustschlosses	l ʊ s t ʃ l ɔ s ə s
Lustschlösser	l ʊ s t ʃ l œ s ɐ
Lutherbibel	l ʊ t ɐ b iː b l̩
Luxemburg	l ʊ k s m̩ b ʊ ʁ kʰ
Luxusgut	l ʊ k s ʊ s ɡ uː t
Luxuswagen	l ʊ k s ʊ s v aː ɡ n̩
Luxuswagen	l ʊ k s ʊ s v aː ɡ ŋ̩
Luxuswagens	l ʊ k s ʊ s v aː ɡ n̩ s
Luxuswägen	l ʊ k s ʊ s v ɛː ɡ n̩
Luxuszug	l ʊ k s ʊ s t͡s uː k
Luxuszuges	l ʊ k s ʊ s t͡s uː ɡ ə s
Luxuszugs	l ʊ k s ʊ s t͡s uː k s
Luxuszüge	l ʊ k s ʊ s t͡s yː ɡ ə
Luzern	l u t͡s ɛ ʁ n
Luzerner	l u t͡s ɛ ʁ n ɐ
Luzernerin	l u t͡s ɛ ʁ n ə ʁ ɪ n
Luzernerinnen	l u t͡s ɛ ʁ n ə ʁ ɪ n ə n
Luzerns	l u t͡s ɛ ʁ n s
Luzia	l u t͡s iː a
Luzia	l uː t͡s i̯ a
Lydia	l yː d i̯ a
Lyon	l i ɔ ŋ
Lyon	l i ɔ̃ː
Lächerlichkeit	l ɛ ç ɐ l ɪ ç k a ɪ̯ t
Lämmert	l ɛ m ɐ t
Lämmerts	l ɛ m ɐ t s
Längengrad	l ɛ ŋ ə n ɡ ʁ aː t
Längenkreis	l ɛ ŋ ə n k ʀ a ɪ̯ s
Längsschnittstudie	l ɛ ŋ s ʃ n ɪ t ʃ t uː d i̯ ə
Längsschnittstudien	l ɛ ŋ s ʃ n ɪ t ʃ t uː d i̯ ə n
Lärchenart	l ɛ ʁ ç n̩ ʔ aː ɐ̯ t
Lärchenarten	l ɛ ʁ ç n̩ ʔ aː ɐ̯ t n̩
Lärm	l ɛ ɐ̯ m
Lärm	l ɛː m
Läuferin	l ɔ ɪ̯ f ə ʁ ɪ n
Löffelchens	l œ f l̩ ç ə n s
Löschpapier	l œ ʃ p a p iː ɐ̯
Löslichkeit	l øː s l ɪ ç k a ɪ̯ t
Lösungsentwurfe	l øː z ʊ ŋ s ɛ n t v ʊ ʁ f ə
Lösungsentwürfen	l øː z ʊ ŋ s ɛ n t v ʏ ʁ f n̩
Lösungsmittel	l øː z ʊ ŋ s m ɪ t l̩
Löwenberg	l øː v n̩ b ɛ ɐ̯ k
Löwenberger	l øː v n̩ b ɛ ɐ̯ ɡ ɐ
Löwenbergerin	l øː v n̩ b ɛ ɐ̯ ɡ ə ʁ ɪ n
Löwenbergerinnen	l øː v n̩ b ɛ ɐ̯ ɡ ə ʁ ɪ n ə n
Löwenbergers	l øː v n̩ b ɛ ɐ̯ ɡ ɐ s
Löwenbergs	l øː v n̩ b ɛ ɐ̯ k s
Löwenburg	l øː v n̩ b ʊ ʁ k
Löwenburger	l øː v n̩ b ʊ ʁ ɡ ɐ
Löwenburgerin	l øː v n̩ b ʊ ʁ ɡ ə ʁ ɪ n
Löwenburgerinnen	l øː v n̩ b ʊ ʁ ɡ ə ʁ ɪ n ə n
Löwenburgers	l øː v n̩ b ʊ ʁ ɡ ɐ s
Löwenburgs	l øː v n̩ b ʊ ʁ k s
Löwenerin	l øː v n ə ʁ ɪ n
Löwenerinnen	l øː v n ə ʁ ɪ n ə n
Löwenkopf	l øː v n̩ kʰ ɔ p f
Löwenstein	l øː v n̩ ʃ t a ɪ n
Löwensteiner	l øː v n̩ ʃ t a ɪ n ɐ
Löwensteinerin	l øː v n̩ ʃ t a ɪ n ə ʁ ɪ n
Löwensteinerinnen	l øː v n̩ ʃ t a ɪ n ə ʁ ɪ n ə n
Löwensteiners	l øː v n̩ ʃ t a ɪ n ɐ s
Löwensteins	l øː v n̩ ʃ t a ɪ n s
Löwenzahn	l øː v n̩ t͡s aː n
Lübbecke	l ʏ b ə k ə
Lübecker	l yː b ɛ k ɐ
Lübeckerin	l yː b ɛ k ə ʁ ɪ n
Lübeckerinnen	l yː b ɛ k ə ʁ ɪ n ə n
Lücke	l ʏ k ə
Lückenbüßer	l ʏ k n̩ b yː s ɐ
Lückenfüller	l ʏ k n̩ f ʏ l ɐ
Lüdenscheider	l yː d n̩ ʃ a ɪ̯ d ɐ
Lüdenscheiderin	l yː d n̩ ʃ a ɪ̯ d ə ʁ ɪ n
Lüdenscheiderinnen	l yː d n̩ ʃ a ɪ̯ d ə ʁ ɪ n ə n
Lüdenscheiders	l yː d n̩ ʃ a ɪ̯ d ɐ s
Lüften	l ʏ f t n̩
Lügde	l ʏ ç tʰ ə
Lügen	l yː ɡ ŋ̍
Lügenbold	l yː ɡ ə n b ɔ l t
Lügendetektor	l yː ɡ ŋ̍ d e t ɛ k t oː ɐ̯
Lügenjournalismus	l yː ɡ ŋ̩ ʒ ʊ ɐ̯ n a l ɪ s m ʊ s
Lügensucht	l yː ɡ n̩ z ʊ x t
Lügner	l yː ɡ n ɐ
Lümmel	l ʏ m l̩
Lümmel	l ʏ m ə l
Lüneburger	l yː n ə b ʊ ʁ ɡ ɐ
Lüneburgerin	l yː n ə b ʊ ʁ ɡ ə ʁ ɪ n
Lüneburgerinnen	l yː n ə b ʊ ʁ ɡ ə ʁ ɪ n ə n
Lüneburgers	l yː n ə b ʊ ʁ ɡ ɐ s
Lüsterklemme	l ʏ s t ɐ k l ɛ m ə
Lütticher	l ʏ t ɪ ç ɐ
Lütticherin	l ʏ t ɪ ç ə ʁ ɪ n
Lütticherinnen	l ʏ t ɪ ç ə ʁ ɪ n ə n
Lüttichers	l ʏ t ɪ ç ɐ s
Maar	m aː
Maar	m aː ɐ̯
Maar	m aː ʁ
Maastrichterin	m aː s t r ɪ ç t ə ʁ ɪ n
Macadamianuss	m a k a d aː m i̯ a n ʊ s
Machart	m a x ʔ aː ɐ̯ t
Machbarkeit	m a x b aː ɐ̯ k a ɪ̯ t
Machbarkeitsstudie	m a x b aː ɐ̯ k a ɪ̯ t͡s ʃ t uː d i̯ ə
Machbarkeitsstudien	m a x b aː ɐ̯ k a ɪ̯ t͡s ʃ t uː d i̯ ə n
Macher	m a x ɐ
Machtdemonstration	m a χ t d e m ɔ n s t ʁ a t͡s i̯ oː n
Machthaber	m a χ t h aː b ɐ
Machthaberin	m a χ t h aː b ə ʁ ɪ n
Machtübergabe	m a χ t ʔ yː b ɐ ɡ aː b ə
Machtübernahme	m a χ t ʔ yː b ɐ n aː m ə
Madeira	m a d eː ʁ a
Madenschraube	m aː d n̩ ʃ ʁ a ʊ̯ b ə
Madrid	m ä d ʁ ɪ t
Mafia	m a f i a
Mafia	m a f j a
Mafioso	m a f i oː z o
Mafioso	m a f j oː z o
Magdeburgerin	m a k d ə b ʊ ʁ ɡ ə ʁ ɪ n
Magellanstrasse	m a ɡ ɛ l aː n ʃ t ʁ aː s ə
Magellanstraße	m a ɡ ɛ l aː n ʃ t ʁ aː s ə
Magen	m aː ɡ ŋ̩
Magen	m aː ɡ ə n
Magenentzündung	m aː ɡ ŋ̩ ʔ ɛ n t t s ʏ n d ʊ ŋ
Magengrube	m aː ɡ n̩ ɡ ʁ uː b ə
Magensaft	m aː ɡ n̩ z a f t
Magermilch	m aː ɡ ɐ m ɪ l ç
Magierin	m aː ɡ i̯ ə ʁ ɪ n
Magierinnen	m aː ɡ i̯ ə ʁ ɪ n ə n
Magistrale	m a ɡ ɪ s t ʁ aː l ə
Magistralen	m a ɡ ɪ s t ʁ aː l n̩
Magistralen	m a ɡ ɪ s t ʁ aː l ə n
Magistrat	m a ɡ ɪ s t r aː t
Magnat	m a ɡ n aː t
Magnesiumkarbonat	m a ɡ n eː z i̯ ʊ m k a ʁ b o n aː t
Magnolie	m a ɡ n oː l i̯ ə
Mahagoni	m a h a ɡ oː n i
Mahagoni	m aː ɐ ɡ oː n i
Mahagoni	m aː ɡ oː n i
Mahlstromes	m aː l ʃ t ʁ oː m ə s
Mahlstroms	m aː l ʃ t ʁ oː m s
Mahnmal	m aː n m aː l
Mailänder	m a ɪ̯ l ɛ n d ɐ
Mailänderin	m a ɪ̯ l ɛ n d ə ʁ ɪ n
Mainz	m a ɪ̯ n t͡s
Mainz'	m a ɪ̯ n t͡s
Mainzer	m a ɪ̯ n t͡s ɐ
Mainzerin	m a ɪ̯ n t͡s ə ʁ ɪ n
Mainzerinnen	m a ɪ̯ n t͡s ə ʁ ɪ n ə n
Maischbergers	m a ɪ̯ ʃ b ɛ ʁ ɡ ɐ s
Maiskolben	m a ɪ̯ s k ɔ l b m̩
Maiskolben	m a ɪ̯ s k ɔ l b n̩
Maiskolbens	m a ɪ̯ s k ɔ l b m̩ s
Maiskolbens	m a ɪ̯ s k ɔ l b n̩ s
Makel	m aː k l̩
Makel	m aː k ə l
Makramee	m a k ʁ a m eː
Makulatur	m a k u l a t u ɐ̯
Makulatur	m a k u l a t uː ɐ̯
Makulaturen	m a k u l a t uː ɐ̯ n
Makulaturen	m a k u l a t uː ʁ ə n
Malariaerreger	m a l aː ʁ i a ʔ ɛ ɐ̯ ʁ eː ɡ ɐ
Malaysia	m a l a ɪ̯ z i̯ a
Malaysier	m a l a ɪ̯ z i ɐ
Malaysierin	m a l a ɪ̯ z i ə ʁ ɪ n
Maler	m aː l ɐ
Malerklebeband	m aː l ɐ k l eː b ə b a n t
Malerklebebandes	m aː l ɐ k l eː b ə b a n d ə s
Malerklebebands	m aː l ɐ k l eː b ə b a n t s
Malerklebebänder	m aː l ɐ k l eː b ə b ɛ n d ɐ
Malheur	m a l øː ɐ̯
Malheurchen	m a l øː ɐ̯ ç ə n
Malteserorden	m a l t eː z ɐ ʔ ɔ ʁ d n̩
Malzextrakt	m a l t͡s ʔ ɛ k s t ʁ a k t
Malzextrakte	m a l t͡s ʔ ɛ k s t ʁ a k t ə
Malzextraktes	m a l t͡s ʔ ɛ k s t ʁ a k t ə s
Malzextrakts	m a l t͡s ʔ ɛ k s t ʁ a k t s
Mampf	m a m f
Mampf	m a m p͡f
Managements	m ɛ n ɪ t͡ʃ m ə n t͡s
Mandel	m a n d l̩
Mandelbaum	m a n d l̩ b a ʊ̯ m
Mandelblüte	m a n d l̩ b l yː t ə
Mandelblüten	m a n d l̩ b l yː t n̩
Mandelbrot	m a n d l̩ b ʁ oː t
Mandelkern	m a n d l̩ k ɛ ʁ n
Mandelkerne	m a n d l̩ k ɛ ʁ n ə
Mandelkernes	m a n d l̩ k ɛ ʁ n ə s
Mandelkerns	m a n d l̩ k ɛ ʁ n s
Mandelöl	m a n d l̩ ʔ øː l
Mandelöle	m a n d l̩ ʔ øː l ə
Mandelöles	m a n d l̩ ʔ øː l ə s
Manderscheid	m a n d ɐ ʃ a ɪ̯ t
Manderscheider	m a n d ɐ ʃ a ɪ̯ d ɐ
Manderscheiderin	m a n d ɐ ʃ a ɪ̯ d ə ʁ ɪ n
Manderscheiderinnen	m a n d ɐ ʃ a ɪ̯ d ə ʁ ɪ n ə n
Manderscheiders	m a n d ɐ ʃ a ɪ̯ d ɐ s
Manderscheids	m a n d ɐ ʃ a ɪ̯ t s
Mandolinenkonzert	m a n d o l iː n ə n k ɔ n t͡s ɛ ʁ t
Mandolinenkonzerte	m a n d o l iː n ə n k ɔ n t͡s ɛ ʁ t ə
Mandolinenkonzertes	m a n d o l iː n ə n k ɔ n t͡s ɛ ʁ t ə s
Mandolinenkonzerts	m a n d o l iː n ə n k ɔ n t͡s ɛ ʁ t͡s
Mandolinenorchester	m a n d o l iː n ə n ɔ ʁ k ɛ s t ɐ
Mandolinenorchesters	m a n d o l iː n ə n ɔ ʁ k ɛ s t ɐ s
Manen	m aː n ə n
Manfred	m a n f ʁ̥ eː t
Manfred	m aː n f ʁ̥ eː t
Mangel	m a ŋ l̩̩
Mangelwirtschaft	m a ŋ ə l v ɪ ʁ t ʃ a f t
Manhattan	m ɛ n h ɛ t n̩
Manier	m a n i ɐ̯
Manier	m a n iː ɐ̯
Mannen	m a n ə n
Mannes	m a n ə s
Mannheimerin	m a n h a ɪ̯ m ə ʁ ɪ n
Mannheimerinnen	m a n h a ɪ̯ m ə ʁ ɪ n ə n
Manning	m a n ɪ ŋ
Manninger	m a n ɪ ŋ ɐ
Manningers	m a n ɪ ŋ ɐ s
Mannsbild	m a n s b ɪ l t
Mannschaft	m a n ʃ a f t
Mannschaftsraume	m a n ʃ a f t͡s ʁ a ʊ̯ m ə
Mannschaftsriege	m a n ʃ a f t s ʁ iː ɡ ə
Mannschaftsräumen	m a n ʃ a f t͡s ʁ ɔ ɪ̯ m ə n
Mannweib	m a n v a ɪ̯ p
Manschettenknopf	m a n ʃ ɛ t n̩ k n ɔ p͡f
Mantel	m a n t l̩
Mantelknopf	m a n t l̩ k n ɔ p f
Mantelknopfes	m a n t l̩ k n ɔ p͡f ə s
Mantelknopfs	m a n t l̩ k n ɔ p͡f s
Mantelknöpfe	m a n t l̩ k n œ p͡f ə
Manuel	m aː n u eː l
Manuel	m aː n u ʔ eː l
Manöver	m a n øː v ɐ
Marathon	m a ʁ a tʰ ɔ n
Marathonläufer	m a ʁ a t ɔ n l ɔ ɪ̯ f ɐ
Marcel	m a ʁ s ɛ l
Marder	m a ʁ d ɐ
Mare	m aː ʁ ə
Margarete	m a ʁ ɡ a ʁ eː t ə
Margell	m a r ʝ ɛ l
Margenoptimierung	m a ʁ ʒ n̩ ʔ ɔ p t i m iː ʁ ʊ ŋ
Margerite	m a ʁ ɡ ə ʁ iː t ə
Margherita	m a ʁ ɡ ə ʁ iː t a
Marginalisieren	m a ʁ ɡ i n a l i z iː ʁ ə n
Marginalisierer	m a ʁ ɡ i n a l i z iː ʁ ɐ
Margret	m a ʁ ɡ ʁ eː t
Marianne	m a ʁ i̯ a n ə
Mariaweiler	m a ʁ iː a v a ɪ̯ l ɐ
Mariaweilerin	m a ʁ iː a v a ɪ̯ l ə ʁ ɪ n
Mariaweilers	m a ʁ iː a v a ɪ̯ l ɐ s
Marienbaderin	m a ʁ iː ə n b aː d ə ʁ ɪ n
Marienbaderinnen	m a ʁ iː ə n b aː d ə ʁ ɪ n ə n
Marienbades	m a ʁ iː ə n b aː d ə s
Marienbads	m a ʁ iː ə n b aː t s
Marienberg	m a ʁ iː ə n b ɛ ʁ k
Marienberger	m a ʁ iː ə n b ɛ ʁ ɡ ɐ
Marienbergerin	m a ʁ iː ə n b ɛ ʁ ɡ ə ʁ ɪ n
Marienbergerinnen	m a ʁ iː ə n b ɛ ʁ ɡ ə ʁ ɪ n ə n
Marienbergers	m a ʁ iː ə n b ɛ ʁ ɡ ɐ s
Marienbergs	m a ʁ iː ə n b ɛ ʁ k s
Marienbäder	m a ʁ iː ə n b ɛː d ɐ
Marienfeld	m a ʁ iː ə n f ɛ l t
Marienfelder	m a ʁ iː ə n f ɛ l d ɐ
Marienfelderin	m a ʁ iː ə n f ɛ l d ə ʁ ɪ n
Marienfelderinnen	m a ʁ iː ə n f ɛ l d ə ʁ ɪ n ə n
Marienfelders	m a ʁ iː ə n f ɛ l d ɐ s
Marienfelds	m a ʁ iː ə n f ɛ l t s
Marienthal	m a ʁ iː ə n t aː l
Marienthaler	m a ʁ iː ə n t aː l ɐ
Marienthalerin	m a ʁ iː ə n t aː l ə ʁ ɪ n
Marienthalerinnen	m a ʁ iː ə n t aː l ə ʁ ɪ n ə n
Marienthalers	m a ʁ iː ə n t aː l ɐ s
Marienthals	m a ʁ iː ə n t aː l s
Marihuana	m a ʁ i u aː n a
Marille	m a r i l ɛ
Marineinfanterist	m a ʁ iː n ə ɪ n f a n t ə ʁ ɪ s t
Marionette	m a ʁ i o n ɛ t ə
Marionettenstaat	m a ʁ i o n ɛ t n̩ ʃ t aː t
Marionettentheater	m a ʁ i o n ɛ t n̩ t e ʔ aː t ɐ
Marjell	m a r ʝ ɘ l
Mark	m a r k
Mark	m a ɐ̯ k
Mark	m a ʁ k
Mark	m aː k
Marken	m a ɐ̯ k ŋ̩
Marken	m a ɐ̯ k ə n
Marken	m a ʁ k n̩
Marken	m a ʁ k ŋ̩
Marken	m a ʁ k ə n
Markerbse	m a ɐ̯ k ʔ ɛ ɐ̯ p s ə
Marketenderin	m a ʁ k ə t ɛ n d ə ʁ ɪ n
Marketendern	m a ʁ k ə t ɛ n d ɐ n
Marketenders	m a ʁ k ə t ɛ n d ɐ s
Marketingstrategie	m a ʁ k ə t ɪ ŋ s t ʁ a t ə ɡ iː
Markgraf	m a ɐ̯ k ɡ ʁ aː f
Markgraf	m a ʁ k ɡ ʁ aː f
Markierung	m a ɐ̯ kʰ iː ʁ ʊ ŋ
Markneukirchen	m a ʁ k n ɔ ɪ̯ k ɪ ʁ ç n̩
Markneukirchener	m a ʁ k n ɔ ɪ̯ k ɪ ʁ ç n̩ ɐ
Markneukirchenerin	m a ʁ k n ɔ ɪ̯ k ɪ ʁ ç n̩ ə ʁ ɪ n
Markneukirchenerinnen	m a ʁ k n ɔ ɪ̯ k ɪ ʁ ç n̩ ə ʁ ɪ n ə n
Markneukircheners	m a ʁ k n ɔ ɪ̯ k ɪ ʁ ç n̩ ɐ s
Markneukirchens	m a ʁ k n ɔ ɪ̯ k ɪ ʁ ç n̩ s
Marks	m a ɐ̯ k s
Marks	m a ʁ k s
Markstück	m a ʁ k ʃ t ʏ k
Markt	m a ɐ̯ k t
Markt	m a ʁ k t
Markt	m aː k t
Marktabkühlung	m a ʁ k t ʔ a p k yː l ʊ ŋ
Marktabschwung	m a ʁ k t ʔ a p ʃ v ʁ ʊ ŋ
Marktanalyse	m a ʁ k t ʔ a n a l yː z ə
Marktanteil	m a ʁ k t ʔ a n t a ɪ̯ l
Marktaufschwung	m a ʁ k t a ʊ̯ f ʃ v ʁ ʊ ŋ
Marktausweitung	m a ʁ k t ʔ a ʊ̯ s v a ɪ̯ t ʊ ŋ
Marktbelebung	m a ʁ k t b ə l eː b ʊ ŋ
Marktberuhigung	m a ʁ k t b ə ʁ uː ɪ ɡ ʊ ŋ
Marktbewegung	m a ʁ k t b e v eː ɡ ʊ ŋ
Marktbürgerschaft	m a ɐ̯ k t b ʏ ɐ̯ ɡ ɐ ʃ a f t
Markteintritt	m a ʁ k t ʔ a ɪ̯ n t ʁ ɪ t
Markteintrittsbarriere	m a ʁ k t ʔ a ɪ̯ n t ʁ ɪ t͡s b a ʁ i̯ eː ʁ ə
Marktentwicklung	m a ʁ k t ʔ ɛ n t v ɪ k l ʊ ŋ
Markterschließung	m a ʁ k t ʔ ɛ ɐ̯ ʃ l iː s ʊ ŋ
Marktfragmentierung	m a ʁ k t f ʁ a ɡ m ɛ n t iː ʁ ʊ ŋ
Marktkonsolidierung	m a ʁ k t k ɔ n z o l i d iː ʁ ʊ ŋ
Marktkorrektur	m a ʁ k t k ɔ ʁ ɛ k t uː ɐ̯
Marktliquidität	m a ʁ k t l i k v i d i t ɛː t
Marktmacht	m a ʁ k t m a x t
Marktpositionierung	m a ʁ k t p o z i t͡s i̯ o n iː ʁ ʊ ŋ
Marktpotenzial	m a ʁ k t p o t ɛ n t͡s i aː l
Marktreife	m a ʁ k t ʁ a ɪ̯ f ə
Markträumungspreis	m a ʁ k t ʁ ɔ ʏ̯ m ʊ ŋ s p ʁ a ɪ̯ s
Marktschreier	m a ʁ k t ʃ ʁ a ɪ̯ ɐ
Marktschrumpfung	m a ʁ k t ʃ ʁ ʊ m p f ʊ ŋ
Marktsegmentierung	m a ʁ k t z ɛ ɡ m ɛ n t iː ʁ ʊ ŋ
Marktstagnation	m a ʁ k t ʃ t a ɡ n a t͡s j oː n
Marktstillstand	m a ʁ k t ʃ t ɪ l ʃ t a n t
Marktsättigung	m a ʁ k t z ɛ t ɪ ɡ ʊ ŋ
Marktversagen	m a ʁ k t f ɛ ɐ̯ z aː ɡ n̩
Marktversagen	m a ʁ k t f ɛ ɐ̯ z aː ɡ ŋ̩
Marktvolumen	m a ʁ k t v o l uː m ə n
Marktwachstum	m a ʁ k t v a x s t ʊ m
Marktöffnung	m a ʁ k t ʔ œ f n ʊ ŋ
Marktüberhitzung	m a ʁ k t ʔ yː b ɐ h ɪ t͡s ʊ ŋ
Marmelade	m a ʁ m ə l aː d ə
Marmorsäule	m a ʁ m oː ɐ̯ z ɔ ɪ̯ l ə
Marmorsäulen	m a ʁ m oː ɐ̯ z ɔ ɪ̯ l n̩
Marmorsäulen	m a ʁ m oː ɐ̯ z ɔ ɪ̯ l ə n
Marodeur	m a ʁ o d øː ɐ̯
Marotte	m a ʁ ɔ t ə
Marx	m a ʁ k s
Maräne	m a ʁ ɛː n ə
Maschendraht	m a ʃ n̩ d ʁ aː t
Maschendrahtes	m a ʃ n̩ d ʁ aː t ə s
Maschendrahts	m a ʃ n̩ d ʁ aː t s
Maschendrähte	m a ʃ n̩ d ʁ ɛː t ə
Maschinenfabrik	m a ʃ iː n n̩ f a b ʁ iː kʰ
Maschinenfabrik	m a ʃ iː n n̩ f a b ʁ ɪ kʰ
Maschinenfabriken	m a ʃ iː n̩ f a b ʀ iː k n̩
Maschinenraum	m a ʃ iː n ə n ʁ a ʊ̯ m
Maschinist	m a ʃ i n ɪ s t
Maskenball	m a s k n̩ b a l
Maskenbildnerin	m a s k n̩ b ɪ l d n ə ʁ ɪ n
Maskenverweigerin	m a s k n̩ f ɛ ɐ̯ v a ɪ̯ ɡ ə ʁ ɪ n
Maskenzwang	m a s k n̩ t͡s v a ŋ
Maskenzwang	m a s k ŋ̩ t͡s v a ŋ
Masochismus	m a z o x ɪ s m ʊ s
Massel	m a s l̩
Massenandrang	m a s n̩ ʔ a n d ʁ a ŋ
Massenerhaltungssatz	m a s n̩ ʔ ɛ ɐ̯ h a l t ʊ ŋ s z a t͡s
Massenerhaltungssatzes	m a s n̩ ʔ ɛ ɐ̯ h a l t ʊ ŋ s z a t͡s ə s
Massenerhaltungssätze	m a s n̩ ʔ ɛ ɐ̯ h a l t ʊ ŋ s z ɛ t͡s ə
Massenerhaltungssätzen	m a s n̩ ʔ ɛ ɐ̯ h a l t ʊ ŋ s z ɛ t͡s n̩
Massenhysterie	m a s n̩ h ʏ s t e ʁ iː
Massenmarketing	m a s n̩ m a ʁ k ə t ɪ ŋ
Massenproduktion	m a s n̩ p ʁ o d ʊ k t͡s i̯ oː n
Massentierhaltung	m a s n̩ t iː ɐ̯ h a l t ʊ ŋ
Massentierhaltungen	m a s n̩ t iː ɐ̯ h a l t ʊ ŋ ə n
Massentourismus	m a s n̩ t u ʁ ɪ s m ʊ s
Massenvernichtungswaffe	m a s n̩ f ɐ n ɪ ç t ʊ ŋ k s v a f ə
Massenvernichtungswaffe	m a s n̩ f ɐ n ɪ ç t ʊ ŋ s v a f ə
Massenzuwanderung	m a s n̩ t͡s uː v a n d ə ʁ ʊ ŋ
Massenzwangsimpfung	m a s n̩ t͡s v a ŋ s ʔ ɪ m p͡f ʊ ŋ
Massenzwangsimpfungen	m a s n̩ t͡s v a ŋ s ʔ ɪ m p͡f ʊ ŋ ə n
Masshalter	m aː s h a l t ɐ
Masten	m a s t n̩
Masturbation	m a s t ʊ ʁ b a t s i̯ oː n
Match	m ɛ t͡ʃ
Matchball	m ɛ t͡ʃ b a l
Material	m a t e ʁ i aː l
Material	m a t ɐ j aː l
Material	m a t ʁ i aː l
Materialermüdung	m a t e ʁ i̯ aː l ʔ ɛ ɐ̯ m yː d ʊ ŋ
Matthäus	m a t eː ʊ s
Matthäus	m a t ɛː ʊ s
Matts	m a t s
Matzinger	m a t͡s ɪ ŋ ɐ
Matzingers	m a t͡s ɪ ŋ ɐ s
Mauer	m a ʊ̯ ɐ
Maueranker	m a ʊ̯ ɐ a ŋ k ɐ
Mauerankers	m a ʊ̯ ɐ a ŋ k ɐ s
Mauerblümchen	m a ʊ̯ ɐ b l yː m ç ə n
Mauereidechse	m a ʊ̯ ɐ ʔ a ɪ̯ d ɛ k s ə
Mauerkrone	m a ʊ̯ ɐ k ʁ oː n ə
Mauerkronenstein	m a ʊ̯ ɐ k ʁ oː n ə n ʃ t a ɪ̯ n
Mauerlattich	m ä ʊ̯ ɐ l ä t ɪ ç
Mauerspecht	m a ʊ̯ ɐ ʃ p ɛ ç t
Mauerspechten	m a ʊ̯ ɐ ʃ p ɛ ç t n̩
Mauerspechten	m a ʊ̯ ɐ ʃ p ɛ ç t ə n
Mauerspechtes	m a ʊ̯ ɐ ʃ p ɛ ç t ə s
Maulaffe	m a ʊ̯ l ʔ a f ə
Maulbeerbaum	m a ʊ̯ l b eː ɐ̯ b a ʊ̯ m
Maultier	m a ʊ̯ l t i ɐ̯
Maultier	m a ʊ̯ l t iː ɐ̯
Maulwurfshügel	m a ʊ̯ l v ʊ ʁ f s h yː ɡ l̩
Maurerdekolleté	m a ʊ̯ ʁ ɐ d e k ɔ l t eː
Mauritius	m a ʊ̯ ʁ iː t͡s i̯ ʊ s
Mauritius	m a ʊ̯ ʁ iː t͡s j ʊ s
Mausen	m a ʊ̯ z n̩
Mauser	m a ʊ̯ z ɐ
Max	m a k s
Maximalpigmentierter	m ä k s ɪ m äː l pʰ ɪ ɡ m ɛ n tʰ iː ɐ̯ tʰ ɐ
Maximilian	m a k s i m iː l i̯ aː n
Mayakultur	m aː j a k u l t uː ɐ̯
Maybach	m a ɪ b a x
Mayener	m a ɪ̯ ə n ɐ
Mayenerin	m a ɪ̯ ə n ə ʁ ɪ n
Mayenerinnen	m a ɪ̯ ə n ə ʁ ɪ n ə n
Mayeners	m a ɪ̯ ə n ɐ s
Mayer	m a ɪ̯ ɐ
Mayr	m a ɪ̯ ɐ
Mayrs	m a ɪ̯ ɐ s
Mayschoss	m a ɪ̯ ʃ ɔ s
Mayschoss'	m a ɪ̯ ʃ ɔ s
Mayschosser	m a ɪ̯ ʃ ɔ s ɐ
Mayschosserin	m a ɪ̯ ʃ ɔ s ə ʁ ɪ n
Mayschossers	m a ɪ̯ ʃ ɔ s ɐ s
Mayschoß	m a ɪ̯ ʃ ɔ s
Mayschoß'	m a ɪ̯ ʃ ɔ s
Mayschoßer	m a ɪ̯ ʃ ɔ s ɐ
Mayschoßerin	m a ɪ̯ ʃ ɔ s ə ʁ ɪ n
Mayschoßerinnen	m a ɪ̯ ʃ ɔ s ə ʁ ɪ n ə n
Mayschoßers	m a ɪ̯ ʃ ɔ s ɐ s
Mazurkatänzer	m a z ʊ ʁ k a t ɛ n t͡s ɐ
Mazurkatänzerin	m a z ʊ ʁ k a t ɛ n t͡s ə ʁ ɪ n
Mazurkatänzers	m a z ʊ ʁ k a t ɛ n t͡s ɐ s
Maßanzuges	m aː s ʔ a n t͡s uː ɡ ə s
Maßanzugs	m aː s ʔ a n t͡s uː k s
Maßanzüge	m aː s ʔ a n t͡s yː ɡ ə
Maßeinheit	m aː s ʔ a ɪ̯ n h a ɪ̯ t
Maßhalten	m aː s h a l t n̩
Maßhalter	m aː s h a l t ɐ
Maßkolben	m aː s k ɔ l b m̩
Maßkolben	m aː s k ɔ l b n̩
Maßkolben	m aː s k ɔ l b ə n
Maßkolbens	m aː s k ɔ l b m̩ s
Maßkolbens	m aː s k ɔ l b n̩ s
Maßkolbens	m aː s k ɔ l b ə n s
Maßregel	m aː s ʁ eː ɡ l̩
Maßstab	m aː s ʃ t aː p
Maßstab	m aː ʃ t aː p
Mecklenburgerin	m eː k l ə n b ʊ ʁ ɡ ə ʁ ɪ n
Medebach	m eː d ə b a x
Medebacher	m eː d ə b a x ɐ
Medebacherin	m eː d ə b a x ə ʁ ɪ n
Medebachers	m eː d ə b a x ɐ s
Medebachs	m eː d ə b a x s
Media	m eː d i̯ a
Mediator	m e d i̯ aː t oː ɐ̯
Mediatorin	m e d i̯ aː t oː ʁ ɪ n
Medienexperte	m eː d i̯ ə n ʔ ɛ k s p ɛ ʁ t ə
Medienkampagne	m eː d i̯ ə n k a m p a n j ə
Medienrecht	m eː d i̯ ə n ʁ ɛ ç t
Medienrechte	m eː d i̯ ə n ʁ ɛ ç t ə
Medienrechtes	m eː d i̯ ə n ʁ ɛ ç t ə s
Medienrechtler	m eː d i̯ ə n ʁ ɛ ç t l ɐ
Medienrechtlerin	m eː d i̯ ə n ʁ ɛ ç t l ə ʁ ɪ n
Medienrechtlerinnen	m eː d i̯ ə n ʁ ɛ ç t l ə ʁ ɪ n ə n
Medienrechtlers	m eː d i̯ ə n ʁ ɛ ç t l ɐ s
Medienrechts	m eː d i̯ ə n ʁ ɛ ç t s
Medienwirtschaft	m eː d i̯ ə n v ɪ ʁ t ʃ a f t
Medikament	m e d i k a m ɛ n t
Meditation	m e d i t a t͡s i̯ oː n
Mediävist	m e d j ɛ v ɪ s t
Mediävist	m eː d i ɛ v ɪ s t
Mediävistik	m e d j ɛ v ɪ s t ɪ k
Mediävistik	m eː d i ɛ v ɪ s t ɪ k
Meeren	m eː ʁ ə n
Meeresstraße	m eː ʁ ə s ʃ t ʁ aː s ə
Meeresströmung	m eː ʁ ə s ʃ t ʁ øː m ʊ ŋ
Meerkatze	m eː ɐ̯ k ä t͡s ə
Meerrettich	m eː ɐ̯ ʁ ɛ t ɪ ç
Meerrettich	m eː ʁ ɛ t ɪ ç
Meeting	m iː t ɪ ŋ
Meetings	m iː t ɪ ŋ s
Megabyte	m ɛ ɡ a b a ɪ̯ t
Mehrheitsbeteiligung	m eː ɐ̯ h a ɪ̯ t͡s b e t a ɪ̯ l ɪ ɡ ʊ ŋ
Mehrheitsregierungen	m eː ɐ h a ɪ̯ t s ʁ e ɡ iː ʁ ʊ ŋ ə n
Mehrheitsverhältnisse	m eː ɐ̯ h a ɪ̯ t͡s f ɛ ɐ̯ h ɛ l t n ɪ s ə
Mehrkanalvertrieb	m eː ɐ̯ k a n a l v ɛ ɐ̯ t ʁ iː p
Mehrkosten	m eː ɐ̯ k ɔ s t n̩
Mehrwegbestecken	m eː ɐ̯ v eː k b ə ʃ t ɛ k n̩
Mehrwegfeuerzeugen	m eː ɐ̯ v eː k f ɔ ɪ̯ ɐ t͡s ɔ ɪ̯ ɡ n̩
Mehrwert	m eː ɐ̯ v eː ɐ̯ t
Mehrwortausdruck	m eː ɐ̯ v ɔ ɐ̯ t ʔ a ʊ̯ s d ʀ ʊ k
Meineid	m a ɪ̯ n ʔ a ɪ̯ t
Meininger	m a ɪ̯ n ɪ ŋ ɐ
Meiningerin	m a ɪ̯ n ɪ ŋ ə ʁ ɪ n
Meiningerinnen	m a ɪ̯ n ɪ ŋ ə ʁ ɪ n ə n
Meiningers	m a ɪ̯ n ɪ ŋ ɐ s
Meinungsbild	m a ɪ̯ n ʊ ŋ s b ɪ l t
Meinungsbilder	m a ɪ̯ n ʊ ŋ s b ɪ l d ɐ
Meinungsbildes	m a ɪ̯ n ʊ ŋ s b ɪ l d ə s
Meinungsbilds	m a ɪ̯ n ʊ ŋ s b ɪ l t͡s
Meinungskorridor	m a ɪ̯ n ʊ ŋ s k ɔ ʀ i d oː ɐ̯
Meinungskorridore	m a ɪ̯ n ʊ ŋ s k ɔ ʁ i d oː ʁ ə
Meinungskorridors	m a ɪ̯ n ʊ ŋ s k ɔ ʁ i d oː ɐ̯ s
Meisterdiebin	m a ɪ̯ s t ɐ d iː b ɪ n
Meisterdiebinnen	m a ɪ̯ s t ɐ d iː b ɪ n ə n
Meisterin	m a ɪ̯ s t ə ʁ ɪ n
Meisterstück	m a ɪ̯ s t ɐ ʃ t ʏ k
Melancholie	m e l a ŋ k o l iː
Melange	m e l ɑ̃ː ʃ
Melde	m ɛ l d ə
Meldorf	m ɛ l d ɔ ʁ f
Meldorfer	m ɛ l d ɔ ʁ f ɐ
Meldorferin	m ɛ l d ɔ ɐ̯ f ə ʁ ɪ n
Meldorferinnen	m ɛ l d ɔ ɐ̯ f ə ʁ ɪ n ə n
Meldorfers	m ɛ l d ɔ ʁ f ɐ s
Meldorfs	m ɛ l d ɔ ʁ f s
Melina	m e l iː n a
Melodie	m e l o d iː
Melone	m e l oː n ə
Memelfluss	m eː m l̩ f l ʊ s
Memleben	m ɛ m l eː b n̩
Memlebener	m ɛ m l eː b n̩ ɐ
Memlebenerin	m ɛ m l eː b n̩ ə ʁ ɪ n
Memlebenerinnen	m ɛ m l eː b n̩ ə ʁ ɪ n ə n
Memlebeners	m ɛ m l eː b n̩ ɐ s
Memme	m ɛ m ə
Menage	m e n aː ʃ
Menage	m e n aː ʒ ə
Mendach	m ɛ n d a x
Mendelsohn	m ɛ n d l̩ z oː n
Mendelssohn	m ɛ n d l̩ s z oː n
Mendelsson	m ɛ n d l̩ s z ɔ n
Menetekel	m e n e t eː k l̩
Mengenelements	m ɛ ŋ ə n ʔ e l e m ɛ n t s
Menning	m ɛ n ɪ ŋ
Menninger	m ɛ n ɪ ŋ ɐ
Menningers	m ɛ n ɪ ŋ ɐ s
Mennings	m ɛ n ɪ ŋ s
Mensch	m ɛ n t͡ʃ
Mensch	m ɛ n ʃ
Menschen	m ɛ n ʃ n̩
Menschenfreund	m ɛ n ʃ n̩ f ʁ ɔ ʏ n t
Menschenfreunde	m ɛ n ʃ n̩ f ʁ ɔ ʏ n d ə
Menschenfreundes	m ɛ n ʃ n̩ f ʁ ɔ ʏ n d ə s
Menschenfreunds	m ɛ n ʃ n̩ f ʁ ɔ ʏ n d s
Menschengeschlecht	m ɛ n ʃ n̩ ɡ ə ʃ l ɛ ç t
Menschenhandel	m ɛ n ʃ n̩ h a n d l̩
Menschenhasser	m ɛ n ʃ n̩ h a s ɐ
Menschenkenntnis	m ɛ n ʃ n̩ k ɛ n t n ɪ s
Menschenleben	m ɛ n ʃ n̩ l eː b n̩
Menschenmasse	m ɛ n ʃ n̩ m a s ə
Menschentrauben	m ɛ n ʃ n̩ t ʁ a ʊ̯ b n̩
Menschenwerk	m ɛ n ʃ n̩ v ɛ ɐ̯ k
Menschheitsbeglücker	m ɛ n ʃ h a ɪ̯ t s b ə ɡ l ʏ k ɐ
Mensinger	m ɛ n z ɪ ŋ ɐ
Mensingers	m ɛ n z ɪ ŋ ɐ s
Menzinger	m ɛ n t͡s ɪ ŋ ɐ
Menzingers	m ɛ n t͡s ɪ ŋ ɐ s
Menü	m e n yː
Menükarte	m e n yː k a ʁ t ə
Meraner	m e ʁ aː n ɐ
Meranerinnen	m e ʁ aː n ə ʁ ɪ n ə n
Meraners	m e ʁ aː n ɐ s
Merdinger	m eː ɐ̯ d ɪ ŋ ɐ
Merdingerin	m eː ɐ̯ d ɪ ŋ ə ʁ ɪ n
Merdingerinnen	m eː ɐ̯ d ɪ ŋ ə ʁ ɪ n ə n
Merdingers	m eː ɐ̯ d ɪ ŋ ɐ s
Mergentheim	m ɛ ʁ ɡ n̩ t h a ɪ̯ m
Mergentheimer	m ɛ ʁ ɡ n̩ t h a ɪ̯ m ɐ
Mergentheimerin	m ɛ ʁ ɡ n̩ t h a ɪ̯ m ə ʁ ɪ n
Mergentheimerinnen	m ɛ ʁ ɡ n̩ t h a ɪ̯ m ə ʁ ɪ n ə n
Mergentheimers	m ɛ ʁ ɡ n̩ t h a ɪ̯ m ɐ s
Mergentheims	m ɛ ʁ ɡ n̩ t h a ɪ̯ m s
Merk	m ɛ r k
Merk	m ɛ ɐ̯ k
Merk	m ɛ ʁ k
Merkel	m ɛ ʁ k l̩
Merkwürdigkeit	m ɛ ʁ k v ʏ ʁ d ɪ k k a ɪ̯ t
Merkwürdigkeit	m ɛ ʁ k v ʏ ʁ d ɪ ç k a ɪ̯ t
Merle	m ɛ ɐ̯ l ə
Merle	m ɛ ʁ l ə
Merw	m ɛ ɐ̯ f
Merw	m ɛ ʁ f
Merzbach	m ɛ ʁ t͡s b a x
Merzbachs	m ɛ ʁ t͡s b a x s
Mesmerisieren	m ɛ s m ə ʁ i z iː ʁ ə n
Mesmerisierer	m ɛ s m ə ʁ i z iː ʁ ɐ
Mesmerismus	m ɛ s m ə ʁ ɪ s m ʊ s
Mesolekt	m e z o l ɛ k t
Mesolithikum	m e z o l iː t i k ʊ m
Mesolithikum	m e z o l ɪ t i k ʊ m
Messen	m ɛ s n̩
Messenien	m ɛ s eː n i̯ ə n
Messeniens	m ɛ s eː n i̯ ə n s
Messerschmidt	m ɛ s ɐ ʃ m ɪ t
Messerschmidts	m ɛ s ɐ ʃ m ɪ t s
Messgerät	m ɛ s ɡ ə ʁ ɛː t
Messinium	m ɛ s iː n i̯ ʊ m
Messiniums	m ɛ s iː n i̯ ʊ m s
Messkolben	m ɛ s k ɔ l b m̩
Messkolben	m ɛ s k ɔ l b n̩
Messkolben	m ɛ s k ɔ l b ə n
Messkolbens	m ɛ s k ɔ l b m̩ s
Messkolbens	m ɛ s k ɔ l b n̩ s
Messkolbens	m ɛ s k ɔ l b ə n s
Messschieber	m ɛ s ʃ iː b ɐ
Messstab	m ɛ s ʃ t aː p
Messstation	m ɛ s ʃ t a t͡s i̯ oː n
Metabolit	m e t a b o l iː t
Metabolit	m e t a b o l ɪ t
Metallbearbeitung	m e t a l b ə ʔ a ʁ b a ɪ̯ t ʊ ŋ
Metallfaß	m e t a l f a s
Metallfässer	m e t a l f ɛ s ɐ
Metalloid	m e t a l o iː t
Metallquirl	m e t a l k v ɪ ɐ̯ l
Metallquirl	m e t a l k v ɪ ʁ l
Metallschrott	m e t a l ʃ ʀ ɔ t
Metallschüssel	m e t a l ʃ ʏ s l̩
Metastudie	m eː t a ʃ t uː d i̯ ə
Meteorologin	m e tʰ e o ʁ o l oː ɡ ɪ n
Methanausstoß	m e t aː n ʔ a ʊ̯ s ʃ t oː s
Methansäure	m e t aː n z ɔ ɪ̯ ʁ ə
Methyl	m ɛ tʰ yː l
Methylalkohol	m e t yː l ʔ a l k o h oː l
Methylen	m e t y l eː n
Methylens	m e t y l eː n s
Methylgruppe	m e t yː l ɡ ʁ ʊ p ə
Metonymie	m e t o n y m iː
Metonymien	m e t o n y m iː ə n
Metope	m e t oː p ə
Mettinger	m ɛ t ɪ ŋ ɐ
Mettingerin	m ɛ t ɪ ŋ ə ʁ ɪ n
Mettingerinnen	m ɛ t ɪ ŋ ə ʁ ɪ n ə n
Mettingers	m ɛ t ɪ ŋ ɐ s
Metzeln	m ɛ t͡s l̩ n
Metzger	m ɛ t͡s ɡ ɐ
Metzgerin	m ɛ t͡s ɡ ə ʁ ɪ n
Metzgerinnen	m ɛ t͡s ɡ ə ʀ ɪ n ə n
Metzinger	m ɛ t͡s ɪ ŋ ɐ
Metzingerin	m ɛ t͡s ɪ ŋ ə ʁ ɪ n
Metzingerinnen	m ɛ t͡s ɪ ŋ ə ʁ ɪ n ə n
Metzingers	m ɛ t͡s ɪ ŋ ɐ s
Meuchelmord	m ɔ ɪ̯ ç l̩ m ɔ ʁ t
Meucheln	m ɔ ʏ̯ ç l̩ n
Meuchler	m ɔ ʏ̯ ç l ɐ
Meyers	m a ɪ̯ ɐ s
Meßkircher	m ɛ s k ɪ ʁ ç ɐ
Meßkircherin	m ɛ s k ɪ ʁ ç ə ʁ ɪ n
Meßkircherinnen	m ɛ s k ɪ ʁ ç ə ʁ ɪ n ə n
Meßkirchers	m ɛ s k ɪ ʁ ç ɐ s
Mia	m iː a
Michael	m ɪ ç a eː l
Michael	m ɪ ç a ʔ eː l
Michelbach	m ɪ ç l̩ b a x
Michelbacherin	m ɪ ç l̩ b a x ə ʁ ɪ n
Michelbacherinnen	m ɪ ç l̩ b a x ə ʁ ɪ n ə n
Michelbachs	m ɪ ç l̩ b a x s
Micheldorf	m ɪ ç l̩ d ɔ ʁ f
Micheldorferin	m ɪ ç l̩ d ɔ ʁ f ə ʁ ɪ n
Micheldorferinnen	m ɪ ç l̩ d ɔ ʁ f ə ʁ ɪ n ə n
Micheldorfs	m ɪ ç l̩ d ɔ ʁ f s
Michelhausen	m ɪ ç l̩ h a ʊ̯ z n̩
Michelstädterin	m ɪ ç l̩ ʃ t ɛ t ə ʁ ɪ n
Michelstädterinnen	m ɪ ç l̩ ʃ t ɛ t ə ʁ ɪ n ə n
Mieder	m iː d ɐ
Miesmacher	m iː s m a x ɐ
Miesmuschel	m iː s m ʊ ʃ l̩
Mieten	m iː t n̩
Mietskaserne	m iː t͡s k a z ɛ ʁ n ə
Mietsoldat	m iː t z ɔ l d aː t
Mietvertrag	m iː t f ɛ ɐ̯ t ʁ aː k
Mietzahlung	m iː t t͡s aː l ʊ ŋ
Migräne	m i ɡ ʁ ɛː n ə
Mikro	m i k ʁ o
Mikrofaser	m iː k r o f aː z ɐ
Mikronation	m iː k ʁ o n a t͡s i̯ oː n
Mikroskopie	m i k ʁ o s k o p iː
Mikrowellenstrahlung	m iː k ʁ o v ɛ l ə n ʃ t ʁ aː l ʊ ŋ
Milchbauer	m ɪ lʲ ç b a ʊ̯ ɐ
Milchdieb	m ɪ l ç d iː p
Milchdiebe	m ɪ l ç d iː b ə
Milchdiebes	m ɪ l ç d iː b ə s
Milchdiebin	m ɪ l ç d iː b ɪ n
Milchdiebinnen	m ɪ l ç d iː b ɪ n ə n
Milchdiebs	m ɪ l ç d iː p s
Milchgeschäft	m ɪ l ç ɡ ə ʃ ɛ f t
Milchgeschäften	m ɪ l ç ɡ ə ʃ ɛ f t n̩
Milchkaffee	m ɪ l ç k a f eː
Milchmixgetränk	m ɪ l ç m ɪ k s ɡ ə t ʁ ɛ ŋ k
Milchmixgetränke	m ɪ l ç m ɪ k s ɡ ə t ʁ ɛ ŋ k ə
Milchmixgetränkes	m ɪ l ç m ɪ k s ɡ ə t ʁ ɛ ŋ k ə s
Milchmixgetränks	m ɪ l ç m ɪ k s ɡ ə t ʁ ɛ ŋ k s
Milchschokolade	m ɪ l ç ʃ o k o l aː d ə
Milchvieh	m ɪ l ç f iː
Mildtätigkeit	m ɪ l t t ɛː t ɪ k k a ɪ̯ t
Mildtätigkeit	m ɪ l t t ɛː t ɪ ç k a ɪ̯ t
Milieu	m i l i øː
Milieu	m ɪ l j øː
Militarisieren	m i l i t a ʁ i z iː ʁ ə n
Militarisierer	m i l i t a ʁ i z iː ʁ ɐ
Militarismus	m i l i t a ʁ ɪ s m ʊ s
Militär	m i l i t ɛ ɐ̯
Militär	m i l i t ɛː ɐ̯
Militärangehöriger	m i l i t ɛ ɐ̯ ʔ a n ɡ ə h øː ʁ ɪ ɡ ɐ
Militärangehöriger	m i l i t ɛː ɐ̯ ʔ a n ɡ ə h øː ʁ ɪ ɡ ɐ
Militärexperte	m i l i t ɛː ɐ̯ ʔ ɛ k s p ɛ ʁ t ə
Militärexpertin	m i l i t ɛː ɐ̯ ʔ ɛ k s p ɛ ʁ t ɪ n
Militärexpertinnen	m i l i t ɛː ɐ̯ ʔ ɛ k s p ɛ ʁ t ɪ n ə n
Militärfahrzeug	m i l i t ɛː ɐ̯ f aː ɐ̯ t͡s ɔ ɪ̯ k
Militärfahrzeuge	m i l i t ɛː ɐ̯ f aː ɐ̯ t͡s ɔ ɪ̯ ɡ ə
Militärfahrzeuges	m i l i t ɛː ɐ̯ f aː ɐ̯ t͡s ɔ ɪ̯ ɡ ə s
Militärfahrzeugs	m i l i t ɛː ɐ̯ f aː ɐ̯ t͡s ɔ ɪ̯ k s
Militärgeheimdienst	m i l i t ɛː ɐ̯ ɡ ə h a ɪ̯ m d iː n s t
Militärgericht	m i l i t ɛː ɐ̯ ɡ ə ʁ ɪ ç t
Militärgerichte	m i l i t ɛː ɐ̯ ɡ ə ʁ ɪ ç t ə
Militärgerichtes	m i l i t ɛː ɐ̯ ɡ ə ʁ ɪ ç t ə s
Militärgerichts	m i l i t ɛː ɐ̯ ɡ ə ʁ ɪ ç t s
Militärgouverneur	m i l i t ɛː ɐ̯ ɡ u v ɛ ʁ n øː ɐ̯
Militärgouverneurin	m i l i t ɛː ɐ̯ ɡ u v ɛ ʁ n øː ʁ ɪ n
Militärgouverneurinnen	m i l i t ɛː ɡ u v ɛ ʁ n øː ʁ ɪ n ə n
Militäroffensive	m i l i t ɛː ɐ̯ ʔ ɔ f ɛ n z iː v ə
Militäroperation	m i l i t ɛː ɐ̯ ʔ o p ə ʁ a t͡s i̯ oː n
Militärputsch	m i l i t ɛː ɐ̯ p ʊ t͡ʃ
Militärputsche	m i l i t ɛː ɐ̯ p ʊ t͡ʃ ə
Militärputsches	m i l i t ɛː ɐ̯ p ʊ t͡ʃ ə s
Militärregierung	m i l i t ɛː ɐ̯ ʁ e ɡ iː ʁ ʊ ŋ
Militärstratege	m i l i t ɛː ɐ̯ ʃ t ʁ a t eː ɡ ə
Militärstrategen	m i l i t ɛː ɐ̯ ʃ t ʁ a t eː ɡ n̩
Militärzensur	m i l i t ɛː ɐ̯ t͡s ɛ n z uː ɐ̯
Militärübung	m i l i t ɛ ɐ̯ ʔ yː b ʊ ŋ
Militärübung	m i l i t ɛː ɐ̯ ʔ yː b ʊ ŋ
Militärübungen	m i l i t ɛ ɐ̯ ʔ yː b ʊ ŋ ə n
Militärübungen	m i l i t ɛː ɐ̯ ʔ yː b ʊ ŋ ə n
Milliarde	m ɪ l i a ʁ d ə
Milliarde	m ɪ l j a ʁ d ə
Milliardenmarkte	m ɪ l i̯ a ʁ d n̩ m a ʁ k t ə
Milliardenmarktes	m ɪ l i̯ a ʁ d n̩ m a ʁ k t ə s
Milliardenmarkts	m ɪ l i̯ a ʁ d n̩ m a ʁ k t s
Milliardenmärkte	m ɪ l i̯ a ʁ d n̩ m ɛ ʁ k t ɐ
Milliardenmärkten	m ɪ l i̯ a ʁ d n̩ m ɛ ʁ k t n̩
Millimeterpapier	m ɪ l i m eː t ɐ p a p iː ɐ̯
Million	m ɪ l i oː n
Million	m ɪ l j oː n
Milliärdchen	m ɪ l i ɛ ʁ t ç ə n
Milliärdchen	m ɪ l j ɛ ʁ t ç ə n
Milliönchen	m ɪ l i øː n ç ə n
Milliönchen	m ɪ l j øː n ç ə n
Milse	m ɪ l z ə
Milz	m ɪ l s
Milz	m ɪ l t͡s
Mimik	m iː m ɪ k
Mimose	m i m oː z ə
Mindelheimer	m ɪ n d l̩ h a ɪ̯ m ɐ
Mindelheimerin	m ɪ n d l̩ h a ɪ̯ m ə ʁ ɪ n
Mindelheimerinnen	m ɪ n d l̩ h a ɪ̯ m ə ʁ ɪ n ə n
Mindelheimers	m ɪ n d l̩ h a ɪ̯ m ɐ s
Minderheitensprache	m ɪ n d ɐ h a ɪ̯ t n̩ ʃ p ʁ aː χ ə
Minderheitsbeteiligung	m ɪ n d ɐ h a ɪ̯ t͡s b e t a ɪ̯ l ɪ ɡ ʊ ŋ
Mindesthaltbarkeitsdatum	m ɪ n d ə s t h a l t b aː ɐ̯ k a ɪ̯ t͡s d aː t ʊ m
Mindestkonto	m ɪ n d ə s t k ɔ n t o
Minenwerfer	m iː n ə n v ɛ ʁ f ɐ
Miniaturporträt	m i n i̯ a t uː ɐ̯ p ɔ ʁ t ʁ ɛː
Minibildchen	m ɪ n i b ɪ l t ç n̩
Minibildchen	m ɪ n i b ɪ l t ç ə n
Minneapolis	m ɪ n i ɛː p o l ɪ s
Minneapolis	m ɪ n j ɛː p o l ɪ s
Minsk	m ɪ n t͡s k
Minuspunkt	m iː n ʊ s p ʊ ŋ k t
Miozän	m i o t͡s ɛː n
Miriam	m ɪ ʁ i̯ aː m
Mischbatterie	m ɪ ʃ b a t ə ʁ iː
Mischbatterien	m ɪ ʃ b a t ə ʁ iː n
Mischer	m ɪ ʃ ɐ
Mischerin	m ɪ ʃ ə ʁ ɪ n
Mischers	m ɪ ʃ ɐ s
Mischvolk	m ɪ ʃ f ɔ l k
Missbehagen	m ɪ s b ə h aː ɡ n̩
Missbilden	m ɪ s b ɪ l d n̩
Missbilligen	m ɪ s b ɪ l ɪ ɡ n̩
Missdeuten	m ɪ s d ɔ ʏ̯ t n̩
Misserfolg	m ɪ s ɛ ʁ f ɔ l k
Missetäterinnen	m ɪ s ə t ɛː t ə ʁ ɪ n ə n
Missglücken	m ɪ s ɡ l ʏ k n̩
Misshandeln	m ɪ s h a n d l̩ n
Missingsch	m ɪ s ɪ ŋ ʃ
Missinterpretieren	m ɪ s ʔ ɪ n t ɐ p ʁ e t iː ʁ ə n
Missionieren	m ɪ s i̯ o n iː ʁ ə n
Missionierung	m ɪ s i̯ o n iː ʁ ʊ ŋ
Missklingen	m ɪ s k l ɪ ŋ ŋ̩
Missleiten	m ɪ s l a ɪ̯ t n̩
Misslingen	m ɪ s l ɪ ŋ ŋ̩
Missraten	m ɪ s ʁ aː t n̩
Missstand	m ɪ s ʃ t a n t
Missstände	m ɪ s ʃ t ɛ n d ə
Misstrauensantrag	m ɪ s t ʁ a ʊ̯ ə n s ʔ a n t ʁ aː k
Misstrauensvotum	m ɪ s t ʁ a ʊ̯ ə n s v oː t ʊ m
Missverhältnis	m ɪ s f ɛ ɐ̯ h ɛ l t n ɪ s
Missverstehen	m ɪ s f ɛ ɐ̯ ʃ t eː ə n
Missverständnis	m ɪ s f ɛ ɐ̯ ʃ t ɛ n t n ɪ s
Mistel	m ɪ s t l̩
Mistel	m ɪ s t ə l
Mitarbeiten	m ɪ t ʔ a ʁ b a ɪ̯ t n̩
Mitarbeiter	m ɪ t a ʁ b a ɪ̯ t ɐ
Mitarbeiter	m ɪ t ʔ a ʁ b a ɪ̯ t ɐ
Mitarbeiterin	m ɪ t ʔ a ʁ b a ɪ̯ t ə ʁ ɪ n
Mitbürgerin	m ɪ t b ʏ ʁ ɡ ə ʁ ɪ n
Mitgliedsstaat	m ɪ t ɡ l iː t͡s ʃ t aː t
Mitgründerin	m ɪ t ɡ ʁ ʏ n d ə ʁ ɪ n
Mithalten	m ɪ t h a l t n̩
Mithilfe	m ɪ t h ɪ l f ə
Mithören	m ɪ t h øː ʁ ə n
Mitklingen	m ɪ t k l ɪ ŋ n̩
Mitlaut	m ɪ t l a ʊ̯ t
Mitmischen	m ɪ t m ɪ ʃ n̩
Mitorganisator	m ɪ t ʔ ɔ ʁ ɡ a n i z aː t oː ɐ̯
Mitreissen	m ɪ t ʁ a ɪ̯ s n̩
Mitreißen	m ɪ t ʁ a ɪ̯ s n̩
Mitropa	m ɪ t r oː p a
Mitropist	m ɪ t r o p ɪ s t
Mitschuld	m ɪ t ʃ ʊ l t
Mittagessen	m ɪ t a k ʔ ɛ s n̩
Mittagskreis	m ɪ t aː k s k ʀ a ɪ̯ s
Mitteilerin	m ɪ t t a ɪ̯ l ə ʁ ɪ n
Mittel	m ɪ t l̩
Mittelalter	m ɪ t l̩ ʔ a l t ɐ
Mittelamerika	m ɪ t l̩ ʔ a m eː ʁ i k a
Mittelamerikaner	m ɪ t l̩ ʔ a m e ʁ i k aː n ɐ
Mittelamerikanerin	m ɪ t l̩ ʔ a m e ʁ i k aː n ə ʁ ɪ n
Mittelamerikanerinnen	m ɪ t l̩ ʔ a m e ʁ i k aː n ə ʁ ɪ n ə n
Mittelbau	m ɪ t ə l b a ʊ̯
Mittelbindung	m ɪ t l̩ b ɪ n d ʊ ŋ
Mitteldeutsch	m ɪ t l̩ d ɔ ɪ̯ t ʃ
Mitteldeutsche	m ɪ t l̩ d ɔ ɪ̯ t͡ʃ ə
Mitteldeutschen	m ɪ t l̩ d ɔ ɪ̯ t͡ʃ n̩
Mitteldeutschs	m ɪ t l̩ d ɔ ɪ̯ t͡ʃ s
Mittelenglands	m ɪ t ə l ʔ ɛ ŋ l a n t s
Mitteleuropäer	m ɪ t l̩ ɔ ʏ̯ ʁ o p ɛː ɐ
Mitteleuropäer	m ɪ t l̩ ʔ ɔ ʏ̯ ʁ o p ɛː ɐ
Mitteleuropäerin	m ɪ t l̩ ʔ ɔ ɪ̯ ʁ o p ɛː ə ʁ ɪ n
Mittelfeld	m ɪ t l̩ f ɛ l tʰ
Mittelfränkisch	m ɪ t l̩ f ʁ ɛ ŋ k ɪ ʃ
Mittelfränkische	m ɪ t l̩ f ʁ ɛ ŋ k ɪ ʃ ə
Mittelfränkischen	m ɪ t l̩ f ʁ ɛ ŋ k ɪ ʃ n̩
Mittelfränkischs	m ɪ t l̩ f ʁ ɛ ŋ k ɪ ʃ s
Mittelgebirge	m ɪ t l̩ ɡ ə b ɪ ɐ̯ ɡ ə
Mittelgebirge	m ɪ t l̩ ɡ ə b ɪ ʁ ɡ ə
Mittelgebirge	m ɪ t ə l ɡ ə b ɪ ɐ̯ ɡ ə
Mittelgebirge	m ɪ t ə l ɡ ə b ɪ ʁ ɡ ə
Mittelitalien	m ɪ t ə l ʔ i t aː l i̯ ə n
Mittelitaliens	m ɪ t ə l ʔ i t aː l i̯ ə n s
Mittellinie	m ɪ t l̩ l iː n j ə
Mittelpaläolithikum	m ɪ t l̩ p a l ɛ o l iː t i k ʊ m
Mittelpaläolithikum	m ɪ t l̩ p a l ɛ o l ɪ t i k ʊ m
Mittelpaläolithikums	m ɪ t l̩ p a l ɛ o l iː t i k ʊ m s
Mittelpaläolithikums	m ɪ t l̩ p a l ɛ o l ɪ t i k ʊ m s
Mittelpunktswinkel	m ɪ t l̩ p ʊ ŋ k t s v ɪ ŋ k l̩
Mittelsteinzeit	m ɪ t l̩ ʃ t a ɪ̯ n t͡s a ɪ̯ t
Mittwoch	m ɪ t v ɔ χ
Mittwochabend	m ɪ t v ɔ χ ʔ aː b n̩ t
Mittwochmittag	m ɪ t v ɔ χ m ɪ t aː k
Mittwochnachmittag	m ɪ t v ɔ χ n aː χ m ɪ t aː k
Mittwochvormittag	m ɪ t v ɔ χ f oː ɐ̯ m ɪ t aː k
Mitwirkung	m ɪ t v ɪ ʁ k ʊ ŋ
Mixer	m ɪ k s ɐ
Mißbehagen	m ɪ s b ə h aː ɡ n̩
Mißbilligen	m ɪ s b ɪ l ɪ ɡ n̩
Mißdeuten	m ɪ s d ɔ ʏ̯ t n̩
Mißglücken	m ɪ s ɡ l ʏ k n̩
Mißhandeln	m ɪ s h a n d l̩ n
Mißinterpretieren	m ɪ s ʔ ɪ n t ɐ p ʁ e t iː ʁ ə n
Mißklingen	m ɪ s k l ɪ ŋ ŋ̩
Mißleiten	m ɪ s l a ɪ̯ t n̩
Mißlingen	m ɪ s l ɪ ŋ ŋ̩
Mißraten	m ɪ s ʁ aː t n̩
Mißverhältnis	m ɪ s f ɛ ɐ̯ h ɛ l t n ɪ s
Mißverstehen	m ɪ s f ɛ ɐ̯ ʃ t eː ə n
Mjölnir	m j œ l̺ n̺ ɪ ɐ̯
Mobiliar	m o b i l i aː
Mobiliar	m o b i l i aː ɐ̯
Mobiliar	m o b ɪ l j aː
Mobiliar	m o b ɪ l j aː ɐ̯
Model	m oː d l̩
Model	m ɔ d l̩
Modeschmuckring	m oː d ə ʃ m ʊ k ʁ ɪ ŋ
Modeschmuckringe	m oː d ə ʃ m ʊ k ʁ ɪ ŋ ə
Modeschmuckringes	m oː d ə ʃ m ʊ k ʁ ɪ ŋ ə s
Modeschmuckrings	m oː d ə ʃ m ʊ k ʁ ɪ ŋ s
Mogelpackung	m oː ɡ l̩ p a k ʊ ŋ
Mohammed	m ɔ ɐ̯ m ɛ t
Mohammed	m ɔː m ɛ t
Mohikanern	m o h i k aː n ɐ n
Mohnkuchen	m oː n k uː x n̩
Mohrenkopf	m oː ʁ ə n k ɔ p͡f
Mohrrübe	m oː ɐ̯ ʁ yː b ə
Mohrrübe	m oː ʁ yː b ə
Mokassin	m o k a s iː n
Molde	m ɔ l d ə
Molise	m o l iː z ə
Molkerei	m ɔ l k ə ʁ a ɪ̯
Molkereiprodukt	m ɔ l k ə ʁ a ɪ̯ p ʁ o d ʊ k t
Molkereiprodukte	m ɔ l k ə ʁ a ɪ̯ p ʁ o d ʊ k t ə
Molkereiproduktes	m ɔ l k ə ʁ a ɪ̯ p ʁ o d ʊ k t ə s
Molkereiprodukts	m ɔ l k ə ʁ a ɪ̯ p ʁ o d ʊ k t s
Molldreiklang	m ɔ l d ʀ a ɪ̯ k l a ŋ
Mollebaum	m ɔ l ə b a ʊ̯ m
Mollenbaum	m ɔ l ə n b a ʊ̯ m
Molltonart	m ɔ l t oː n ʔ aː ɐ̯ t
Molte	m ɔ l t ə
Monate	m oː n a tʰ ə
Monaten	m oː n a t n̩
Monaten	m oː n a t ə n
Monates	m oː n a tʰ ə s
Monatsbinde	m oː n a t͡s b ɪ n d ə
Monatsblutung	m oː n a t͡s b l uː t ʊ ŋ
Mondkrater	m oː n t k ʁ aː t ɐ
Mondseer	m oː n t z eː ɐ
Mondseerin	m oː n t z eː ə ʁ ɪ n
Mondseers	m oː n t z eː ɐ s
Monegasse	m o n ə ɡ a s ə
Mongolistik	m ɔ ŋ ɡ o l ɪ s t ɪ kʰ
Monitor	m oː n i t oː ɐ̯
Monopolstellung	m o n o p oː l ʃ t ɛ l ʊ ŋ
Monotonie	m oː n o t o n iː
Montagabend	m oː n t aː k ʔ aː b n̩ t
Montagmittag	m oː n t aː k m ɪ t aː k
Montagnachmittag	m oː n t aː k n aː χ m ɪ t aː k
Montagvormittag	m o n t aː k f oː ɐ̯ m ɪ t aː k
Monteur	m ɔ n t øː ɐ̯
Montreal	m ɔ n t ʁ e aː l
Moorauge	m oː ɐ̯ ʔ a ʊ̯ ɡ ə
Moorhuhnes	m oː ɐ̯ h uː n ə s
Moorhühner	m oː ɐ̯ h yː n ɐ
Moosachat	m oː s ʔ a x aː t
Moosachate	m oː s ʔ a x aː t ə
Moosachates	m oː s ʔ a x aː t ə s
Moosachats	m oː s ʔ a x aː t s
Moosbacher	m oː s b a x ɐ
Moosbacherin	m oː s b a x ə ʁ ɪ n
Moosbacherinnen	m oː s b a x ə ʁ ɪ n ə n
Moosbachers	m oː s b a x ɐ s
Moosdorfer	m oː s d ɔ r f ɐ
Moosdorferin	m oː s d ɔ ʁ f ə ʁ ɪ n
Moosdorferinnen	m oː s d ɔ ʁ f ə ʁ ɪ n ə n
Moosdorfers	m oː s d ɔ r f ɐ s
Mord	m ɔ ɐ̯ t
Mord	m ɔ ʁ t
Mord	m ɔː t
Mordbrand	m ɔ ʁ t b ʁ a n t
Morde	m ɔ ʁ d ə
Morgenkaffee	m ɔ ɐ̯ ɡ ŋ̩ k a f eː
Morgenkaffee	m ɔ ʁ ɡ ŋ̩ k a f eː
Morgenkaffee	m ɔ ʁ ɡ ə n k a f eː
Morgenlatte	m ɔ ʁ ɡ ŋ̍ l a t ə
Morgenrot	m ɔ ɐ̯ ɡ ŋ̩ ʁ oː t
Morgenrot	m ɔ ɐ̯ ɡ ə n ʁ oː t
Morgenrot	m ɔ ʁ ɡ ŋ̩ ʁ oː t
Morgenrot	m ɔ ʁ ɡ ə n ʁ oː t
Morgenröte	m ɔ ɐ̯ ɡ ŋ̩ ʁ øː t ə
Morgenröte	m ɔ ɐ̯ ɡ ə n ʁ øː t ə
Morgenröte	m ɔ ʁ ɡ ŋ̩ ʁ øː t ə
Morgenröte	m ɔ ʁ ɡ ə n ʁ øː t ə
Moritz	m oː ʁ ɪ t͡s
Morphium	m ɔ ʁ f i̯ ʊ m
Mosbacher	m oː s b a x ɐ
Mosbacherin	m oː s b a x ə ʁ ɪ n
Mosbacherinnen	m oː s b a x ə ʁ ɪ n ə n
Mosbachers	m oː s b a x ɐ s
Mosbachs	m oː s b a x s
Mosel	m oː z l̩
Moselfränkisch	m oː z l̩ f ʁ ɛ ŋ k ɪ ʃ
Moselfränkische	m oː z l̩ f ʁ ɛ ŋ k ɪ ʃ ə
Moselfränkischen	m oː z l̩ f ʁ ɛ ŋ k ɪ ʃ n̩
Moselfränkischs	m oː z l̩ f ʁ ɛ ŋ k ɪ ʃ s
Moselschleife	m oː z l̩ ʃ l a ɪ̯ f ə
Moser	m oː z ɐ
Mosers	m oː z ɐ s
Moskitonetz	m ɔ s k iː t o n ɛ t͡s
Mostert	m ɔ s t ɐ t
Motorfuchsschwanz	m oː t oː ɐ̯ f ʊ k s ʃ v a n t͡s
Motorhaube	m oː t oː ɐ̯ h a ʊ̯ b ə
Motorrad	m o t oː ɐ̯ ʁ aː t
Motorrad	m oː t o ʁ aː t
Motorrad	m oː t oː ɐ̯ ʁ aː t
Motorrad	m oː t ɔ ɐ̯ ʁ aː t
Motorrad	m ɔ t oː ʁ aː t
Mottenkugel	m ɔ t n̩ k uː ɡ l̩
Mudda	m ʊ ɾ ɐ
Muhmen	m uː m ə n
Mullebaum	m ʊ l ə b a ʊ̯ m
Multiplikationstabelle	m ʊ l t i p l i k a t͡s i̯ oː n s t a b ɛ l ə
Multiplikationstafel	m ʊ l t i p l i k a t͡s i̯ oː n s t aː f l̩
Multipliziertafel	m ʊ l t i p l i t͡s iː ɐ̯ t aː f l̩
Mumie	m uː m i ə
Mumie	m uː m j ə
Mummenschanz	m ʊ m ə n ʃ a n t͡s
Mundschenk	m ʊ n t ʃ ɛ ŋ k
Munition	m u n i t͡s i̯ oː n
Munitionskrise	m u n i t͡s i̯ oː n s k ʁ iː z ə
Munitionslager	m u n i t͡s i̯ oː n s l aː ɡ ɐ
Munzinger	m ʊ n t͡s ɪ ŋ ɐ
Munzingers	m ʊ n t͡s ɪ ŋ ɐ s
Mure	m uː ʁ ə
Muren	m uː ʁ ə n
Murmel	m ʊ ʁ m ə l
Murmeltier	m ʊ ʁ m ə l t i ɐ̯
Murmeltier	m ʊ ʁ m ə l t iː ɐ̯
Muschel	m ʊ ʃ l̩
Musik	m u z iː k
Musiker	m uː z i k ɐ
Musikgeschmackes	m u z iː k ɡ ə ʃ m a k ə s
Musikgeschäft	m u z iː k ɡ ə ʃ ɛ f t
Musikgeschäften	m u z iː k ɡ ə ʃ ɛ f t n̩
Musikorchester	m u z iː k ʔ ɔ ʁ k ɛ s t ɐ
Musikorchesters	m u z iː k ʔ ɔ ʁ k ɛ s t ɐ s
Musikpavillon	m u z iː k p a v ɪ l j ɔ ŋ
Musikpavillons	m u z iː k p a v ɪ l j ɔ ŋ s
Musizieren	m u z i t͡s iː ʁ ə n
Muskatnussbaum	m ʊ s k aː t n ʊ s b a ʊ̯ m
Muskatnussbaumes	m ʊ s k aː t n ʊ s b a ʊ̯ m ə s
Muskatnussbaums	m ʊ s k aː t n ʊ s b a ʊ̯ m s
Muskatnussbäume	m ʊ s k aː t n ʊ s b ɔ ɪ̯ m ə
Muskel	m ʊ s k l̩
Muskel	m ʊ s k ə l
Muskelfaser	m ʊ s k l̩ f aː z ɐ
Muskelkater	m ʊ s k l̩ k aː t ɐ
Muskelmasse	m ʊ s k l̩ m a s ə
Muskulatur	m ʊ s k u l a t uː ɐ̯
Mustang	m ʊ s t a ŋ
Mustangs	m ʊ s t a ŋ s
Mutmaßung	m uː t m aː s ʊ ŋ
Mutmaßungen	m uː t m aː s ʊ ŋ ə n
Mutter	m ʊ t ɐ
Mutterbruder	m ʊ t ɐ b ʁ uː d ɐ
Mutterbrüder	m ʊ t ɐ b ʁ yː d ɐ
Mutterland	m ʊ t ɐ l a n t
Mutterleib	m ʊ t ɐ l a ɪ̯ p
Muttermilch	m ʊ t ɐ m ɪ l ç
Muttermord	m ʊ t ɐ m ɔ ʁ t
Muttern	m ʊ t ɐ n
Muttersprache	m ʊ t ɐ ʃ p ʁ äː χ ə
Muttersprachen	m ʊ tʰ ɐ ʃ p ʁ aː x ə n
Muttersöhnchen	m ʊ tʰ ɐ z øː n ç n̩
Muttersöhnchen	m ʊ tʰ ɐ z øː n ç ə n
Muttersöhnchens	m ʊ tʰ ɐ z øː n ç ə n s
Mutwille	m uː t v ɪ l ə
Mutwilligkeit	m uː t v ɪ l ɪ ç k a ɪ̯ t
Myiasis	m y i aː z ɪ s
Mykoplasma	m y k o p l a s m a
Myokarditis	m y o k a ʁ d iː t ɪ s
Myriade	m y ʁ i̯ aː d ə
Mysterien	m ʏ s t eː ʁ i ə n
Mysterienspiel	m ʏ s t eː ʁ i̯ ə n ʃ p iː l
Myzel	m yː t͡s eː l
Mägde	m eː k d̥ ə
Mägde	m ɛː k d̥ ə
Mägden	m ɛː k d̥ ə n
Mägden	m ɛː k t n̩
Mähnen	m ɛː n ə n
Mähre	m eː ʁ ə
Mähre	m ɛː ʁ ə
Mähren	m ɛ ɐ̯ n
Mähren	m ɛː r ə n
Mähren	m ɛː ɐ n
Mähren	m ɛː ʁ ə n
Männerchores	m ɛ n ɐ k oː ʁ ə s
Männerchors	m ɛ n ɐ k oː ɐ̯ s
Männerchöre	m ɛ n ɐ k øː ʁ ə
Männerchören	m ɛ n ɐ k øː ʁ ə n
Männerstimmen	m ɛ n ɐ ʃ t ɪ m ə n
Mär	m eː ɐ̯
Mär	m ɛ ɐ̯
Mär	m ɛː ɐ̯
Märchenkönigin	m ɛː ɐ̯ ç n̩ k øː n ɪ ɡ ɪ n
Märchenwald	m ɛː ɐ̯ ç n̩ v a l t
Märchenwaldes	m ɛː ɐ̯ ç n̩ v a l d ə s
Märchenwalds	m ɛː ɐ̯ ç n̩ v a l t s
Märchenwäldchen	m ɛː ɐ̯ ç n̩ v ɛ l t ç ə n
Märchenwälder	m ɛː ɐ̯ ç n̩ v ɛ l d ɐ
Märtyrer	m ɛ ʁ tʰ y ʁ ɐ
Märtyrerin	m ɛ ʁ tʰ y ʁ ɐ ʁ ɪ n
März	m ɛ ɐ̯ t s
März	m ɛ ʁ t s
Mässigen	m ɛː s ɪ ɡ n̩
Mäusemelken	m ɔ ɪ̯ z ə m ɛ l k n̩
Mäusenest	m ɔ ɪ̯ z ə n ɛ s t
Mäuseplage	m ɔ ʏ̯ z ə p l aː ɡ ə
Mäuseplagen	m ɔ ʏ̯ z ə p l aː ɡ ə n
Mäßigen	m ɛː s ɪ ɡ n̩
Möbel	m øː b l̩
Möbelbauern	m øː b l̩ b a ʊ̯ ɐ n
Mödlareuth	m øː t l a ʁ ɔ ʏ̯ t
Mödlareuther	m øː t l a ʁ ɔ ʏ̯ t ɐ
Mödlareutherin	m øː t l a ʁ ɔ ʏ̯ t ə ʁ ɪ n
Mödlareutherinnen	m øː t l a ʁ ɔ ʏ̯ t ə ʁ ɪ n ə n
Mödlareuthers	m øː t l a ʁ ɔ ʏ̯ t ɐ s
Mödlareuths	m øː t l a ʁ ɔ ʏ̯ t s
Möglichkeit	m øː k l ɪ ç kʰ a ɪ̯ tʰ
Möglichkeiten	m øː k l ɪ ç kʰ a ɪ̯ tʰ n̩
Möglichkeiten	m øː k l ɪ ç kʰ a ɪ̯ tʰ ə n
Möglichkeiten	m øː k l ɪ ç kʰ a ɪ̯ ʔ n̩
Möhrensalat	m øː ʁ ə n z a l aː t
Möhrensäfte	m øː ʁ ə n z ɛ f t ə
Mönche	m œ n ç ə
Mönchengladbach	m œ n ç n̩ ɡ l a t b a χ
Mönchengladbacher	m œ n ç n̩ ɡ l a t b a x ɐ
Mönchengladbacherin	m œ n ç n̩ ɡ l a t b a x ə ʁ ɪ n
Mönchengladbacherinnen	m œ n ç n̩ ɡ l a t b a x ə ʁ ɪ n ə n
Mönchengladbachers	m œ n ç n̩ ɡ l a t b a x ɐ s
Mönchengladbachs	m œ n ç n̩ ɡ l a t b a χ s
Mönchweilerin	m œ n ç v a ɪ̯ l ə ʁ ɪ n
Mönning	m œ n ɪ ŋ
Mönninger	m œ n ɪ ŋ ɐ
Mönningers	m œ n ɪ ŋ ɐ s
Mönninghoff	m œ n ɪ ŋ h ɔ f
Mönninghoffs	m œ n ɪ ŋ h ɔ f s
Mönnings	m œ n ɪ ŋ s
Mörser	m œ ʁ z ɐ
Mörsergranate	m œ ʁ z ɐ ɡ ʁ a n aː t ə
Mörtel	m œ ʁ t l̩
Mückenplage	m ʏ k n̩ p l aː ɡ ə
Mückenplagen	m ʏ k n̩ p l aː ɡ ə n
Müdigkeit	m yː d ɪ ç k a ɪ̯ t
Müesli	m y ə̯ s l i
Müesli	m yː s l i
Mühldorfer	m yː l d ɔ ʁ f ɐ
Mühldorferin	m yː l d ɔ ʁ f ə ʁ ɪ n
Mühldorferinnen	m yː l d ɔ ʁ f ə ʁ ɪ n ə n
Mühldorfers	m yː l d ɔ ʁ f ɐ s
Mühlenbach	m yː l ə n b a x
Mühlenbacher	m yː l ə n b a x ɐ
Mühlenbacherin	m yː l ə n b a x ə ʁ ɪ n
Mühlenbacherinnen	m yː l ə n b a x ə ʁ ɪ n ə n
Mühlenbachers	m yː l ə n b a x ɐ s
Mühlenbachs	m yː l ə n b a x s
Mühlenberg	m yː l ə n b ɛ ɐ̯ k
Mühlenberg	m yː l ə n b ɛ ʁ k
Mühlenberger	m yː l ə n b ɛ ʁ ɡ ɐ
Mühlenbergerin	m yː l ə n b ɛ ʁ ɡ ə ʁ ɪ n
Mühlenbergerinnen	m yː l ə n b ɛ ʁ ɡ ə ʁ ɪ n ə n
Mühlenbergers	m yː l ə n b ɛ ʁ ɡ ɐ s
Mühlenbergs	m yː l ə n b ɛ ɐ̯ k s
Mühlenbergs	m yː l ə n b ɛ ʁ k s
Mühlenrader	m yː l ə n ʁ aː d ɐ
Mühlenraderin	m yː l ə n ʁ aː d ə ʁ ɪ n
Mühlenraderinnen	m yː l ə n ʁ aː d ə ʁ ɪ n ə n
Mühlenraders	m yː l ə n ʁ aː d ɐ s
Mühlenrades	m yː l ə n ʁ aː d ə s
Mühlhausener	m yː l h a ʊ̯ z n̩ ɐ
Mühlhausenerin	m yː l h a ʊ̯ z n̩ ə ʁ ɪ n
Mühlhausenerinnen	m yː l h a ʊ̯ z n̩ ə ʁ ɪ n ə n
Mühlhauseners	m yː l h a ʊ̯ z n̩ ɐ s
Mühlhausens	m yː l h a ʊ̯ z n̩ s
Mühlsteinkrause	m yː l ʃ t a ɪ̯ n k ʁ a u̯ z ə
Mühlsteinkrausen	m yː l ʃ t a ɪ̯ n k ʁ a u̯ z n̩
Mühsamkeit	m yː z a m k a ɪ̯ t
Mühsamkeit	m yː z aː m k a ɪ̯ t
Mühseligkeit	m yː z eː l ɪ k k a ɪ̯ t
Mühseligkeit	m yː z eː l ɪ ç k a ɪ̯ t
Mülhausenerin	m yː l h a ʊ̯ z n̩ ə ʁ ɪ n
Mülhausenerinnen	m yː l h a ʊ̯ z n̩ ə ʁ ɪ n ə n
Mülheimerin	m yː l h a ɪ̯ m ə ʁ ɪ n
Mülheimerinnen	m yː l h a ɪ̯ m ə ʁ ɪ n ə n
Müllabladeplatz	m ʏ l ʔ a p l aː d ə p l a t͡s
Müllers	m ʏ l ɐ s
Müllplatz	m ʏ l p l a t͡s
Müllverbrennung	m ʏ l f ɛ ɐ̯ b ʁ ɛ n ʊ ŋ
Müllverbrennungsanlage	m ʏ l f ɛ ɐ̯ b ʁ ɛ n ʊ ŋ s a n l aː ɡ ə
Münchner	m ʏ n ç n ɐ
Münchweilerin	m ʏ n ç v a ɪ̯ l ə ʁ ɪ n
Mündigkeit	m ʏ n d ɪ ç k a ɪ̯ t
Münning	m ʏ n ɪ ŋ
Münnings	m ʏ n ɪ ŋ s
Münsinger	m ʏ n z ɪ ŋ ɐ
Münsingerin	m ʏ n z ɪ ŋ ə ʁ ɪ n
Münsingerinnen	m ʏ n z ɪ ŋ ə ʁ ɪ n ə n
Münsingers	m ʏ n z ɪ ŋ ɐ s
Münsteraner	m ʏ n s t ə ʁ aː n ɐ
Münsteranerin	m ʏ n s t ə ʁ aː n ə ʁ ɪ n
Münsteranerinnen	m ʏ n s t ə ʁ aː n ə ʁ ɪ n ə n
Münsteraners	m ʏ n s t ə ʁ aː n ɐ s
Münsterländer	m ʏ n s t ɐ l ɛ n d ɐ
Münsterländerin	m ʏ n s t ɐ l ɛ n d ə ʁ ɪ n
Münsterländerinnen	m ʏ n s t ɐ l ɛ n d ə ʁ ɪ n ə n
Münsterländers	m ʏ n s t ɐ l ɛ n d ɐ s
Münstertal	m ʏ n s t ɐ t aː l
Münstertaler	m ʏ n s t ɐ t aː l ɐ
Münstertalerin	m ʏ n s t ɐ t aː l ə ʁ ɪ n
Münstertalers	m ʏ n s t ɐ t aː l ɐ
Münstertals	m ʏ n s t ɐ t aː l
Münzanstalt	m ʏ n t s ʔ a n ʃ t a l t
Münzanstalten	m ʏ n t s ʔ a n ʃ t a l t n̩
Münzanstalten	m ʏ n t s ʔ a n ʃ t a l t ə n
Münze	m ʏ n t͡s ə
Münze	m ʏ n t͡s ɛ
Münzenhändler	m ʏ n t͡s ə n h ɛ n t l ɐ
Münzenhändlerin	m ʏ n t͡s ə n h ɛ n t l ə ʁ ɪ n
Münzenhändlerinnen	m ʏ n t͡s ə n h ɛ n t l ə ʁ ɪ n ə n
Münzenhändlers	m ʏ n t͡s ə n h ɛ n t l ɐ s
Münzfernsprecher	m ʏ n t͡s f ɛ ʁ n ʃ p ʁ ɛ ç ɐ
Münzstempel	m ʏ n t͡s ʃ t ɛ m p l̩
Münztelefon	m ʏ n t͡s t e l e f oː n
Mürbeteigen	m ʏ ʁ b ə t a ɪ̯ ɡ n̩
Mürbeteigen	m ʏ ʁ b ə t a ɪ̯ ɡ ŋ̩
Mütter	m ʏ tʰ ɐ
Mütterlichkeit	m ʏ tʰ ɐ l ɪ ç kʰ a ɪ̯ tʰ
Müttern	m ʏ tʰ ɐ n
NTE	ɛ n t eː ʔ eː
NVA	ʔ ɛ n f a ʊ̯ ʔ aː
Naber	n aː b ɐ
Nacharbeiten	n aː x ʔ a ʁ b a ɪ̯ t n̩
Nachbar	n a χ b aː
Nachbar	n a χ b aː ɐ̯
Nachbar	n a χ b ɐ
Nachbardorf	n a x b aː ɐ̯ d ɔ ʁ f
Nachbardörfer	n a x b aː ɐ̯ d œ ʁ f ɐ
Nachbarschaft	n a χ b a ʃ a f t
Nachbarschaft	n a χ b aː ɐ̯ ʃ a f t
Nachbarshund	n a χ b aː ɐ̯ s h ʊ n t
Nachbarstaat	n a x b aː ɐ̯ ʃ t aː t
Nachbarstadt	n a x b aː ɐ̯ ʃ t a t
Nachbarstädtchen	n a x b aː ɐ̯ ʃ t ɛ t ç ə n
Nachbarstädte	n a x b aː ɐ̯ ʃ t ɛ t ə
Nachbestellen	n aː x b ə ʃ t ɛ l ə n
Nachbesteller	n aː x b ə ʃ t ɛ l ɐ
Nachdrucken	n aː x d ʁ ʊ k n̩
Nachen	n a χ n̩
Nachforschung	n aː χ f ɔ ʁ ʃ ʊ ŋ
Nachfrageanstieg	n aː x f ʁ aː ɡ ə ʔ a n ʃ t iː k
Nachfragerückgang	n aː x f ʁ aː ɡ ə ʁ ʏ k ɡ a ŋ
Nachfragesog	n aː x f ʁ aː ɡ n̩ z oː k
Nachfühlen	n aː x f yː l ə n
Nachgeben	n aː χ ɡ eː b m̩
Nachgebühr	n aː χ ɡ ə b yː ɐ̯
Nachhinein	n aː x h ɪ n a ɪ̯ n
Nachholen	n aː χ h oː l ə n
Nachholer	n aː χ h oː l ɐ
Nachhängen	n aː x h ɛ ŋ ə n
Nachkaufen	n aː x k a ʊ̯ f n̩
Nachkommaanteil	n aː χ k ɔ m a ʔ a n t a ɪ̯ l
Nachkommaanteile	n aː χ k ɔ m a ʔ a n t a ɪ̯ l ə
Nachkommaanteiles	n aː χ k ɔ m a ʔ a n t a ɪ̯ l ə s
Nachkommaanteils	n aː χ k ɔ m a ʔ a n t a ɪ̯ l s
Nachkriegsarchitektur	n aː x k ʁ iː k s ʔ a ʁ ç i t ɛ k t uː ɐ̯
Nachkriegsdeutschland	n aː x k ʁ iː k s d ɔ ɪ̯ t͡ʃ l a n t
Nachlassempfänger	n ɑː x l a s ʔ ɛ m p͡f ɛ ŋ ɐ
Nachlassempfängers	n ɑː x l a s ʔ ɛ m p͡f ɛ ŋ ɐ s
Nachlässigkeit	n aː x l ɛ s ɪ ç k a ɪ̯ t
Nachmessen	n aː x m ɛ s n̩
Nachname	n aː χ n aː m ə
Nachpfeifen	n aː x p͡f a ɪ̯ f n̩
Nachricht	n äː χ ɪ ç t
Nachricht	n äː χ ʁ ɪ ç t
Nachrichten	n äː χ ʁ ɪ ç t ə n
Nachrichtenverschlüsselung	n aː x ʁ ɪ ç t n̩ f ɛ ɐ̯ ʃ l ʏ s ə l ʊ ŋ
Nachrichter	n aː χ ʁ ɪ ç t ɐ
Nachruf	n äː χ ʁ uː f
Nachschlag	n aː x ʃ l aː k
Nachschlagen	n aː x ʃ l aː ɡ ŋ̩
Nachsinnen	n aː x z ɪ n ə n
Nachsitzen	n aː χ z ɪ t͡s n̩
Nachstellen	n aː χ ʃ t ɛ l ə n
Nachsteller	n aː χ ʃ t ɛ l ɐ
Nacht	n a χ t
Nacht	n ɑ x t
Nachtigall	n a χ t i ɡ a l
Nachtigallen	n a χ t i ɡ a l̩ n
Nachtisch	n aː χ t ɪ ʃ
Nachtportier	n a x t p ɔ ʁ t iː ɐ̯
Nachtportier	n a x t p ɔ ʁ t i̯ eː
Nachtportiere	n a x t p ɔ ʁ t iː ʁ ə
Nachtportiere	n a x t p ɔ ʁ t i̯ eː ʁ ə
Nachtportieren	n a x t p ɔ ʁ t iː ʁ ə n
Nachtportieren	n a x t p ɔ ʁ t i̯ eː ʁ ə n
Nachtportiers	n a x t p ɔ ʁ t iː ɐ̯ s
Nachtportiers	n a x t p ɔ ʁ t i̯ eː s
Nachtquartier	n a χ t k v a ʁ t iː ɐ̯
Nachtschwärmer	n a χ t ʃ ʋ ɛ ʁ m ɐ
Nachtwache	n a x t v a x ə
Nachtwacht	n a x t v a x t
Nachtwandeln	n a x t v a n d l̩ n
Nachtwächterstaat	n a x t v ɛ ç t ɐ ʃ t aː t
Nachweismaterial	n aː χ v a ɪ̯ s m a t e ʁ i̯ aː l
Nachweismaterials	n aː χ v a ɪ̯ s m a t e ʁ i̯ aː l s
Nacken	n a k ŋ̍
Nackenschlag	n a k ŋ̍ ʃ l aː k
Nadel	n äː d l̩
Nadelstich	n aː d l̩ ʃ t ɪ ç
Nadelstreifen	n aː d l̩ ʃ t ʁ a ɪ̯ f n̩
Nadelstreifenanzug	n aː d l̩ ʃ t ʁ a ɪ̯ f n̩ ʔ a n t͡s uː k
Nagel	n aː ɡ ə l
Nagelbürste	n aː ɡ l̩ b ʏ ʁ s t ə
Nagellack	n aː ɡ l̩ l a k
Nagellackentferner	n äː ɡ l̩ l ä k ʔ ɛ n t f ɛ ʁ n ɐ
Nagellackentferner	n äː ɡ ə l ä k ə n t f ɛ ɐ̯ n ɐ
Nagelschmidt	n aː ɡ l̩ ʃ m ɪ t
Nagelschmidts	n aː ɡ l̩ ʃ m ɪ t s
Nagen	n aː ɡ ŋ̩
Nagetier	n aː ɡ ə t i ɐ̯
Nagetier	n aː ɡ ə t iː ɐ̯
Nagold	n aː ɡ ɔ l t
Nagolder	n aː ɡ ɔ l d ɐ
Nagolderin	n aː ɡ ɔ l d ə ʁ ɪ n
Nagolderinnen	n aː ɡ ɔ l d ə ʁ ɪ n ə n
Nagolders	n aː ɡ ɔ l d ɐ s
Nagolds	n aː ɡ ɔ l t s
Nahrung	n aː ʁ ʊ ŋ
Nahrungsbedarf	n aː ʁ ʊ ŋ s b ə d a ʁ f
Nahrungsverweigerer	n aː ʁ ʊ ŋ s f ɛ ɐ̯ v a ɪ̯ ɡ ə ʁ ɐ
Nahrungsverweigerung	n aː ʁ ʊ ŋ s f ɛ ɐ̯ v a ɪ̯ ɡ ə ʁ ʊ ŋ
Nahtoderfahrung	n aː t oː t ʔ ɛ ɐ̯ f aː ʀ ʊ ŋ
Nahtoderfahrungen	n aː t oː t ʔ ɛ ɐ̯ f aː ʁ ʊ ŋ ə n
Nahtoderlebnis	n aː t oː t ʔ ɛ ɐ̯ l eː p n ɪ s
Nahtoderlebnisse	n aː t oː t ʔ ɛ ɐ̯ l eː p n ɪ s ə
Nahtoderlebnisses	n aː t oː t ʔ ɛ ɐ̯ l eː p n ɪ s ə s
Namenlosigkeit	n aː m ə n l oː s ɪ ç k a ɪ̯ t
Namur	n a m yː ɐ̯
Namür	n a m yː ɐ̯
Napf	n a p f
Napf	n a p ɸ
Napfkuchen	k uː x ə n
Napfschnecke	n a p f ʃ n ɛ k ə
Napfschnecken	n a p f ʃ n ɛ k n̩
Napfschnecken	n a p f ʃ n ɛ k ŋ̩
Narbe	n a ɐ̯ b ə
Narbe	n a ʁ b ə
Narbe	n aː b ə
Narben	n a ʁ b m̩
Nargell	n aː ɐ̯ ɡ l̩
Nargell	n aː ɡ l̩
Narkolepsie	n a ʁ k o l ɛ p s iː
Narkose	n a ʁ k oː z ə
Narkotika	n a ʁ k oː t i k a
Narkotikum	n a ʁ k oː t i k ʊ m
Narkotikums	n a ʁ k oː t i k ʊ m s
Narr	n aː
Narr	n ä r
Narr	n ä ɐ̯
Narr	n ɑ r
Narrenfreiheit	n a ʁ ə n f ʁ a ɪ̯ h a ɪ̯ t
Narrenfreiheiten	n a ʁ ə n f ʁ a ɪ̯ h a ɪ̯ t n̩
Narrengold	n a ʁ n̩ ɡ ɔ l t
Narrenschiff	n a ʁ ə n ʃ ɪ f
Narrenschiffe	n a ʁ ə n ʃ ɪ f ə
Narrenschiffes	n a ʁ ə n ʃ ɪ f ə s
Narrenschiffs	n a ʁ ə n ʃ ɪ f s
Narwal	n a ɐ̯ v a l
Narwal	n a ɐ̯ v aː l
Nasalierung	n a z a l iː ʁ ʊ ŋ
Nasenlippenfurche	n aː z n̩ l ɪ p m̩ f ʊ ʁ ç ə
Nasenlippenfurchen	n aː z n̩ l ɪ p m̩ f ʊ ʁ ç n̩
Nasiräer	n a z ɪ ʁ eː ɐ
Nassenhuben	n a s n̩ h uː b n̩
Nassenhubener	n a s n̩ h uː b n̩ ɐ
Nassenhubeners	n a s n̩ h uː b n̩ ɐ s
Nassenhubens	n a s n̩ h uː b n̩ s
Nastuch	n aː s t uː x
Nationalepos	n a t͡s i̯ o n aː l ʔ eː p ɔ s
Nationalmannschaft	n a t͡s i̯ o n aː l m a n ʃ a f t
Nationaltorhüter	n a t s i̯ o n aː l t oː ɐ̯ h yː t ɐ
Nationaltorhüterin	n a t s i̯ o n aː l t oː ɐ̯ h yː t ə ʁ ɪ n
Nationaltorhüterinnen	n a t s i̯ o n aː l t oː ɐ̯ h yː t ə ʁ ɪ n ə n
Nationaltorhüters	n a t s i̯ o n aː l t oː ɐ̯ h yː t ɐ s
Nationalökonomie	n a t͡s i̯ o n aː l ø k o n o m iː
Nationvergessenheit	n a t͡s i̯ oː n f ɛ ɐ̯̠ ɡ ɛ s n̩ h a ɪ̯ t
Natodraht	n aː t o d ʁ aː t
Natodrahtes	n aː t o d ʁ aː t ə s
Natodrahts	n aː t o d ʁ aː t͡s
Natodrähte	n aː t o d ʁ ɛː t ə
Natriumacetat	n aː t ʁ i̯ ʊ m ʔ a t͡s ə t aː t
Natriumacetats	n aː t ʁ i̯ ʊ m ʔ a t͡s ə t aː t͡s
Natriumcarbonat	n aː t ʁ i ʊ m k a ʁ b o n aː t
Natriumcarbonates	n aː t ʁ i ʊ m k a ʁ b o n aː t ə s
Natriumcarbonats	n aː t ʁ i ʊ m k a ʁ b o n aː t s
Natriumhydrogencarbonat	n aː t ʁ i ʊ m h y d ʁ o ɡ eː n k a ʁ b o n aː t
Natriumkarbonat	n aː t ʁ i ʊ m k a ʁ b o n aː t
Natur	n a t uː ɐ̯
Naturgeschichtler	n a t uː ɐ̯ ɡ ə ʃ ɪ ç t l ɐ
Naturgeschichtlerin	n a t uː ɐ̯ ɡ ə ʃ ɪ ç t l ə ʁ ɪ n
Naturgeschichtlerinnen	n a t uː ɐ̯ ɡ ə ʃ ɪ ç t l ə ʁ ɪ n ə n
Naturgeschichtlers	n a t uː ɐ̯ ɡ ə ʃ ɪ ç t l ɐ s
Naturgesetz	n a t uː ɐ̯ ɡ ə z ɛ t͡s
Naturkunde	n a t uː ɐ̯ k ʊ n d ə
Naturkundler	n a t uː ɐ̯ k ʊ n d l ɐ
Naturkundlerin	n a t uː ɐ̯ k ʊ n d l ə ʁ ɪ n
Naturkundlerinnen	n a t uː ɐ̯ k ʊ n d l ə ʁ ɪ n ə n
Naturkundlers	n a t uː ɐ̯ k ʊ n d l ɐ s
Naturschutz	n a t uː ɐ̯ ʃ ʊ t s
Natursekt	n a t uː ɐ̯ z ɛ k t
Naturtalent	n a t u ɐ̯ t a l ɛ n t
Naturtalent	n a t uː ɐ̯ t a l ɛ n t
Nauheimer	n a ʊ̯ h a ɪ̯ m ɐ
Nauheimerin	n a ʊ̯ h a ɪ̯ m ə ʁ ɪ n
Nauheimerinnen	n a ʊ̯ h a ɪ̯ m ə ʁ ɪ n ə n
Nauheimers	n a ʊ̯ h a ɪ̯ m ɐ s
Nazaräer	n a t s ə ʁ eː ɐ
Nazifizieren	n a t͡s i f i t͡s iː ʁ ə n
Nazoräer	n a t s o ʁ eː ɐ
Neandertalerin	n e a n d ɐ t aː l ə ʁ ɪ n
Neandertalerinnen	n e a n d ɐ t aː l ə ʁ ɪ n ə n
Neandertals	n e a n d ɐ t aː l s
Neapel	n e aː p l̩
Nebel	n eː b l̩
Nebelberg	n eː b l̩ b ɛ ʁ k
Nebelhorn	n eː b l̩ h ɔ ʁ n
Nebelkerze	n eː b l̩ k ɛ ʁ t͡s ə
Nebelstreif	n eː b l̩ ʃ t ʁ a ɪ̯ f
Nebenbetonungszeichen	n eː b n̩ b ə t oː n ʊ ŋ s t͡s a ɪ̯ ç n̩
Nebenbuhler	n eː b n̩ b uː l ɐ
Nebendarsteller	n eː b ə n d aː ɐ̯ ʃ t ɛ l ɐ
Nebeneinanderhalten	n eː b m̩ a ɪ̯ n a n d ɐ h a l t n̩
Nebeneingang	n eː b n̩ ʔ a ɪ̯ n ɡ a ŋ
Nebeneingange	n eː b n̩ ʔ a ɪ̯ n ɡ a ŋ ə
Nebeneinganges	n eː b n̩ ʔ a ɪ̯ n ɡ a ŋ ə s
Nebeneingangs	n eː b n̩ ʔ a ɪ̯ n ɡ a ŋ s
Nebeneingänge	n eː b n̩ ʔ a ɪ̯ n ɡ ɛ ŋ ə
Nebeneingängen	n eː b n̩ ʔ a ɪ̯ n ɡ ɛ ŋ ə n
Nebenform	n eː b n̩ f ɔ ʁ m
Nebengebäude	n eː b m̩ ɡ ə b ɔ ɪ̯ d ə
Nebenkläger	n eː b n̩ k l ɛː ɡ ɐ
Nebenklägers	n eː b n̩ k l ɛː ɡ ɐ s
Nebennierenmark	n eː b n̩ n iː ʁ ə n m a ʁ k
Nebennierenmarke	n eː b n̩ n iː ʁ ə n m a ʁ k ə
Nebennierenmarkes	n eː b n̩ n iː ʁ ə n m a ʁ k ə s
Nebennierenmarks	n eː b n̩ n iː ʁ ə n m a ʁ k s
Nebennierenrinde	n eː b n̩ n iː ʁ ə n ʁ ɪ n d ə
Nebennierenrinden	n eː b n̩ n iː ʁ ə n ʁ ɪ n d ə n
Nebensatz	n eː b m̩ z a t s
Nebensatz	n eː b ə n z a t s
Nebensatzkonjugation	n eː b m̩ z a t s k ɔ n j u ɡ a t s i̯ oː n
Nebensatzkonjugation	n eː b ə n z a t s k ɔ n j u ɡ a t s i̯ oː n
Nebenschaltung	n eː b m̩̩ ʃ a l t ʊ ŋ
Nebensinn	n eː b n̩ z ɪ n
Nebenstraße	n eː b n̩ ʃ t ʁ aː s ə
Nebensträßchen	n eː b n̩ ʃ t ʁ ɛː s ç ə n
Nebensächlichkeit	n eː b n̩ z ɛ ç l ɪ ç k a ɪ̯ t
Nebenton	n eː b n̩ t oː n
Nebenwirkung	n eː b n̩ v ɪ ʁ k ʊ ŋ
Nebenzimmer	n eː b n̩ t͡s ɪ m ɐ
Nebochant	n ɛ b o ç a n t
Nebochanten	n ɛ b o ç a n t n̩
Necessaire	n ɛ s ə s ɛ ɐ̯
Necessaire	n ɛ s ə s ɛː ɐ̯
Neckarsulmer	n e k a r z ʊ l m ɐ
Neckarsulmerin	n e k a r z ʊ l m ə ʁ ɪ n
Neckarsulmerinnen	n e k a r z ʊ l m ə ʁ ɪ n ə n
Neckarsulmers	n e k a r z ʊ l m ɐ s
Necken	n ɛ k ŋ
Negerkuss	n eː ɡ ɐ kʰ ʊ s
Negermusik	n eː ɡ ɐ m u z i k
Negermusik	n eː ɡ ɐ m u z iː k
Negev	n eː ɡ ɛ f
Neidbau	n a ɪ̯ t b a ʊ̯
Nelke	n ɛ l k ə
Nelkenstrauß	n ɛ l k n̩ ʃ t r a ʊ̯ s
Neonlicht	n e ɔ n l ɪ ç t
Neoprenanzug	n e o p ʁ eː n ʔ a n t͡s uː k
Neoprenanzuges	n e o p ʁ eː n ʔ a n t͡s uː ɡ ə s
Neoprenanzugs	n e o p ʁ eː n ʔ a n t͡s uː k s
Neoprenanzüge	n e o p ʁ eː n ʔ a n t͡s yː ɡ ə
Nerv	n ɛ ɐ̯ f
Nerv	n ɛ ʁ f
Nervenkitzel	n ɛ ʁ f n̩ k ɪ t s l̩
Nervenklinik	n ɛ ɐ̯ v n̩ kʰ l iː n ɪ kʰ
Nervenklinik	n ɛ ʁ v n̩ kʰ l iː n ɪ kʰ
Nervenkrieg	n ɛ ʁ f ə n k ʁ iː k
Nervensägen	n ɛ ʁ f n̩ z ɛː ɡ n̩
Nervenzelle	n ɛ ʁ f ə n t͡s ɛ l ə
Nerzjacke	n ɛ ʁ t͡s j a k ə
Nerzjacken	n ɛ ʁ t͡s j a k n̩
Nesseltier	n ɛ s l̩ t iː ɐ̯
Nesselzelle	n ɛ s l̩ t s ɛ l ə
Nestbeschmutzer	n ɛ s t b ə ʃ m ʊ t͡s ɐ
Nestbeschmutzerin	n ɛ s t b ə ʃ m ʊ t͡s ɐ ʁ ɪ n
Nestel	n ɛ s t l̩
Nesthäkchen	n ɛ s t h ɛː k ç ə n
Nettogewinnmarge	n ɛ t o ɡ ə v ɪ n m a ʁ ʒ ə
Nettolohn	n ɛ t o l oː n
Nettomarge	n ɛ t o m a ʁ ʒ ə
Nettoumsatz	n ɛ t o ʊ m z a t͡s
Nettoverdienst	n ɛ t o s f ɛ ɐ̯ d iː n s t
Netzkabel	n ɛ t s k aː b l̩
Neuanfang	n ɔ ɪ̯ a n f a ŋ
Neuankömmling	n ɔ ɪ̯ ʔ a n k œ m l ɪ ŋ
Neuankömmlinge	n ɔ ɪ̯ ʔ a n k œ m l ɪ ŋ ə
Neuankömmlingen	n ɔ ɪ̯ ʔ a n k œ m l ɪ ŋ ə n
Neuankömmlings	n ɔ ɪ̯ ʔ a n k œ m l ɪ ŋ s
Neuausgabe	n ɔ ʏ̯ a ʊ̯ s ɡ aː b ə
Neubau	n ɔ ɪ̯ b a ʊ̯
Neubauer	n ɔ ɪ̯ b a ʊ̯ ɐ
Neubauers	n ɔ ɪ̯ b a ʊ̯ ɐ s
Neubaur	n ɔ ɪ̯ b a ʊ̯ ɐ
Neuburger	n ɔ ɪ̯ b ʊ ʁ ɡ ɐ
Neuburgerin	n ɔ ɪ̯ b ʊ ʁ ɡ ə ʁ ɪ n
Neuburgerinnen	n ɔ ɪ̯ b ʊ ʁ ɡ ə ʁ ɪ n ə n
Neuburgers	n ɔ ɪ̯ b ʊ ʁ ɡ ɐ s
Neuburgs	n ɔ ɪ̯ b ʊ ʁ k s
Neudorf	n ɔ ɪ̯ d ɔ ʁ f
Neudorfer	n ɔ ɪ̯ d ɔ ʁ f ɐ
Neudorferin	n ɔ ɪ̯ d ɔ ʁ f ə ʁ ɪ n
Neudorfers	n ɔ ɪ̯ d ɔ ʁ f ɐ s
Neudorfs	n ɔ ɪ̯ d ɔ ʁ f s
Neuenburg	n ɔ ɪ̯ ə n b ʊ ʁ k
Neuenburger	n ɔ ɪ̯ ə n b ʊ ʁ ɡ ɐ
Neuenburgerin	n ɔ ɪ̯ ə n b ʊ ʁ ɡ ə ʁ ɪ n
Neuenburgerinnen	n ɔ ɪ̯ ə n b ʊ ʁ ɡ ə ʁ ɪ n ə n
Neuenburgers	n ɔ ɪ̯ ə n b ʊ ʁ ɡ ɐ s
Neuenburgersee	n ɔ ɪ̯ ə n b ʊ ʁ ɡ ɐ z eː
Neuenburgs	n ɔ ɪ̯ ə n b ʊ ʁ k s
Neuerstellung	n ɔ ʏ̯ ʔ ɛ ɐ̯ ʃ t ɛ l ʊ ŋ
Neueröffnung	n ɔ ʏ̯ ʔ ɛ ɐ̯ ʔ œ f n ʊ ŋ
Neues	n ɔ ɪ̯ ə s
Neufeld	n ɔ ʏ̯ f ɛ l t
Neufelds	n ɔ ʏ̯ f ɛ l t s
Neufrankreich	n ɔ ɪ̯ f ʁ a ŋ k ʁ a ɪ̯ ç
Neugestaltung	n ɔ ɪ̯ ɡ ə ʃ t a l t ʊ ŋ
Neuhaus	n ɔ ɪ̯ h a ʊ̯ s
Neuhaus'	n ɔ ɪ̯ h a ʊ̯ s
Neuhausener	n ɔ ɪ̯ h a ʊ̯ z n̩ ɐ
Neuhausenerin	n ɔ ɪ̯ h a ʊ̯ z n̩ ə ʁ ɪ n
Neuhausenerinnen	n ɔ ɪ̯ h a ʊ̯ z n̩ ə ʁ ɪ n ə n
Neuhauseners	n ɔ ɪ̯ h a ʊ̯ z n̩ ɐ s
Neuhausens	n ɔ ɪ̯ h a ʊ̯ z n̩ s
Neuhauser	n ɔ ɪ̯ h a ʊ̯ z ɐ
Neuhausers	n ɔ ɪ̯ h a ʊ̯ z ɐ s
Neuhoff	n ɔ ʏ̯ h ɔ f
Neuhoffs	n ɔ ʏ̯ h ɔ f s
Neujahrsansprache	n ɔ ɪ̯ j aː ɐ̯ s ʔ a n ʃ p r aː x ə
Neujahrskonzert	n ɔ ɪ̯ j aː ɐ̯ s k ɔ n t͡s ɛ ɐ̯ t
Neuleininger	n ɔ ʏ̯ l a ɪ̯ n ɪ ŋ ɐ
Neuleiningerin	n ɔ ʏ̯ l a ɪ̯ n ɪ ŋ ə ʁ ɪ n
Neuleiningerinnen	n ɔ ʏ̯ l a ɪ̯ n ɪ ŋ ə ʁ ɪ n ə n
Neuleiningers	n ɔ ʏ̯ l a ɪ̯ n ɪ ŋ ɐ s
Neumann	n ɔ ɪ̯ m a n
Neumanns	n ɔ ɪ̯ m a n s
Neumarkter	n ɔ ɪ̯ m a ʁ k t ɐ
Neumarkters	n ɔ ɪ̯ m a ʁ k t ɐ s
Neumeister	n ɔ ɪ̯ m a ɪ̯ s t ɐ
Neumeisters	n ɔ ɪ̯ m a ɪ̯ s t ɐ s
Neumünsteraner	n ɔ ɪ̯ m ʏ n s t ə ʁ aː n ɐ
Neumünsteraners	n ɔ ɪ̯ m ʏ n s t ə ʁ aː n ɐ s
Neumünsters	n ɔ ɪ̯ m ʏ n s t ɐ s
Neunhuben	n ɔ ʏ̯ n h uː b n̩
Neunhubener	n ɔ ʏ̯ n h uː b n̩ ɐ
Neunhubeners	n ɔ ʏ̯ n h uː b n̩ ɐ s
Neunhubens	n ɔ ʏ̯ n h uː b n̩ s
Neunjährigen	n ɔ ɪ̯ n j ɛː ʁ ɪ ɡ n̩
Neunjähriger	n ɔ ɪ̯ n j ɛː ʁ ɪ ɡ ɐ
Neunkirchener	n ɔ ɪ̯ n k ɪ ʁ ç n̩ ɐ
Neunkirchenerin	n ɔ ɪ̯ n k ɪ ʁ ç n̩ ə ʁ ɪ n
Neunkirchenerinnen	n ɔ ɪ̯ n k ɪ ʁ ç n̩ ə ʁ ɪ n ə n
Neunkircheners	n ɔ ɪ̯ n k ɪ ʁ ç n̩ ɐ s
Neunkirchens	n ɔ ɪ̯ n k ɪ ʁ ç n̩ s
Neuntausendstel	n ɔ ʏ̯ n t a ʊ z n̩ t͡s t ɮ̩̻
Neuntel	n ɔ ʏ̯ n t l̩
Neuntels	n ɔ ʏ̯ n t l̩ s
Neununddreißigjährige	n ɔ ɪ̯ n ʊ n d ʁ a ɪ̯ s ɪ ç j ɛː ʁ ɪ ɡ ə
Neununddreißigjährigen	n ɔ ɪ̯ n ʊ n d ʁ a ɪ̯ s ɪ ç j ɛː ʁ ɪ ɡ ə n
Neununddreißigjähriger	n ɔ ɪ̯ n ʊ n d ʁ a ɪ̯ s ɪ ç j ɛː ʁ ɪ ɡ ɐ
Neunundvierzigjährigen	n ɔ ɪ̯ n ʊ n t f ɪ ɐ̯ t͡s ɪ ç j ɛː ʁ ɪ ɡ ə n
Neunundzwanzigjährige	n ɔ ɪ̯ n ʊ n t͡s v a n t͡s ɪ ç j ɛː ʁ ɪ ɡ ə
Neunundzwanzigjährigen	n ɔ ɪ̯ n ʊ n t͡s v a n t͡s ɪ ç j ɛː ʁ ɪ ɡ ə n
Neunundzwanzigjähriger	n ɔ ɪ̯ n ʊ n t͡s v a n t͡s ɪ ç j ɛː ʁ ɪ ɡ ɐ
Neunzehnjährige	n ɔ ɪ̯ n t͡s eː n j ɛː ʁ ɪ ɡ ə
Neunzehnjährigen	n ɔ ɪ̯ n t͡s eː n j ɛː ʁ ɪ ɡ n̩
Neunzehnjährigen	n ɔ ɪ̯ n t͡s eː n j ɛː ʁ ɪ ɡ ə n
Neunzehnjähriger	n ɔ ɪ̯ n t͡s eː n j ɛː ʁ ɪ ɡ ɐ
Neunzehntel	n ɔ ɪ̯ n t͡s eː n t l̩
Neunzehntels	n ɔ ɪ̯ n t͡s eː n t l̩ s
Neunzigtausendstel	n ɔ ʏ̯ n s ɪ k t a ʊ z n̩ t͡s t ɮ̩
Neunzigtausendstel	n ɔ ʏ̯ n s ɪ k t a ʊ z n̩ t͡s t ɮ̩̻
Neunzigtausendstel	n ɔ ʏ̯ n s ɪ ç t a ʊ z n̩ t͡s t ɮ̩̻
Neustaedter	n ɔ ɪ̯ ʃ t ɛ t ɐ
Neustädter	n ɔ ɪ̯ ʃ t ɛ t ɐ
Neustädterin	n ɔ ɪ̯ ʃ t ɛ t ə ʁ ɪ n
Neustädters	n ɔ ɪ̯ ʃ t ɛ t ɐ s
Neuwagenhandel	n ɔ ʏ̯ v aː ɡ n̩ h a n d l̩
Neuweltaffe	n ɔ ɪ̯ v ɛ l t ʔ a f ə
Neuweltaffen	n ɔ ɪ̯ v ɛ l t ʔ a f n̩
Neuweltpapagei	n ɔ ɪ̯ v ɛ l t p a p a ɡ a ɪ̯
Neuweltpapageien	n ɔ ɪ̯ v ɛ l t p a p a ɡ a ɪ̯ ə n
Neuweltpapageis	n ɔ ɪ̯ v ɛ l t p a p a ɡ a ɪ̯ s
News	n j uː s
Nibelung	n iː b ə l ʊ ŋ
Nibelungentreue	n iː b ə l ʊ ŋ ə n t ʁ ɔ ɪ̯ ə
Nichtzahlung	n ɪ ç t t͡s aː l ʊ ŋ
Nickel	n ɪ k l̩
Nickelbrille	n ɪ k l̩ b ʁ ɪ l ə
Nickelbrillen	n ɪ k l̩ b ʁ ɪ l ə n
Nickerchen	n ɪ k ɐ ç ə n
Niclas	n ɪ k l a s
Nico	n iː k o
Nicolaus	n iː k o l a ʊ̯ s
Nicolaus	n ɪ k o l a ʊ̯ s
Nidation	n i d a t͡s i̯ oː n
Niederadel	n iː d ɐ ʔ aː d l̩
Niederadels	n iː d ɐ ʔ aː d l̩ s
Niederbayer	n iː d ɐ b a ɪ̯ ɐ
Niederbayerin	n iː d ɐ b a ɪ̯ ə ʁ ɪ n
Niederbayerinnen	n iː d ɐ b a ɪ̯ ə ʁ ɪ n ə n
Niederbayers	n iː d ɐ b a ɪ̯ ɐ s
Niederblicken	n iː d ɐ b l ɪ k n̩
Niederbrechen	n iː d ɐ b ʁ ɛ ç n̩
Niederdrücken	n iː d ɐ d ʁ ʏ k n̩
Niederfallen	n iː d ɐ f a l ə n
Niederfränkisch	n iː d ɐ f ʁ ɛ ŋ k ɪ ʃ
Niederfränkischs	n iː d ɐ f ʁ ɛ ŋ k ɪ ʃ s
Niederkunft	n iː d ɐ k ʊ n f t
Niederlegen	n iː d ɐ l eː ɡ n̩
Niederlegung	n iː d ɐ l eː ɡ ʊ ŋ
Niederländer	n iː d ɐ l ɛ n d ɐ
Niedermachen	n iː d ɐ m a x n̩
Niedermacher	n iː d ɐ m a x ɐ
Niedermachers	n iː d ɐ m a x ɐ s
Niedermähen	n iː d ɐ m ɛː ə n
Niederreden	n iː d ɐ ʁ eː d n̩
Niederreißen	n iː d ɐ ʁ a ɪ̯ s n̩
Niederrinnen	n iː d ɐ r ɪ n ə n
Niedersachsens	n iː d ɐ z a k s ə n
Niederschlagen	n iː d ɐ ʃ l aː ɡ ŋ
Niedersetzen	n iː d ɐ z ɛ t s n̩
Niederstossen	n iː d ɐ ʃ t oː s n̩
Niederstotzingen	n iː d ɐ ʃ t ɔ t͡s ɪ ŋ ə n
Niederstotzinger	n iː d ɐ ʃ t ɔ t͡s ɪ ŋ ɐ
Niederstotzingerin	n iː d ɐ ʃ t ɔ t͡s ɪ ŋ ə ʁ ɪ n
Niederstotzingerinnen	n iː d ɐ ʃ t ɔ t͡s ɪ ŋ ə ʁ ɪ n ə n
Niederstotzingers	n iː d ɐ ʃ t ɔ t͡s ɪ ŋ ɐ s
Niederstoßen	n iː d ɐ ʃ t oː s n̩
Niedertracht	n iː d ɐ t ʁ a χ t
Niederungsburg	n iː d ə ʁ ʊ ŋ s b ʊ ʁ k
Niederungsburgen	n iː d ə ʁ ʊ ŋ s b ʊ ʁ ɡ n̩
Niederwild	n iː d ɐ v ɪ l t
Niederösterreich	n iː d ɐ ʔ øː s t ɐ ʁ a ɪ̯ ç
Niederösterreich	n iː d ɐ ʔ øː s t ə ʁ a ɪ̯ ç
Niederösterreicher	n iː d ɐ ʔ øː s t ɐ ʁ a ɪ̯ ç ɐ
Niederösterreicher	n iː d ɐ ʔ øː s t ə ʁ a ɪ̯ ç ɐ
Niederösterreicherin	n iː d ɐ ʔ øː s t ɐ ʁ a ɪ̯ ç ɐ ʁ ɪ n
Niederösterreicherin	n iː d ɐ ʔ øː s t ə ʁ a ɪ̯ ç ə ʁ ɪ n
Niederösterreicherinnen	n iː d ɐ ʔ øː s t ə ʁ a ɪ̯ ç ə ʁ ɪ n ə n
Niednagel	n iː t n aː ɡ l̩
Niemitz	n iː m ɪ t͡s
Niemitz'	n iː m ɪ t͡s
Niemitzens	n iː m ɪ t͡s ə n s
Niemitzes	n iː m ɪ t͡s ə s
Nienhagen	n iː n h aː ɡ n̩
Nienhagener	n iː n h aː ɡ ə n ɐ
Nienhagenerin	n iː n h aː ɡ ə n ə ʁ ɪ n
Nienhagenerinnen	n iː n h aː ɡ ə n ə ʁ ɪ n ə n
Nienhageners	n iː n h aː ɡ ə n ɐ s
Nienhagens	n iː n h aː ɡ n̩ s
Niesen	n iː z n̩
Niesen	n iː z ə n
Niessen	n iː s n̩
Nießbrauch	n iː s b ʁ a ʊ̯ x
Nießbraucher	n iː s b ʁ a ʊ̯ x ɐ
Nießbraucherin	n iː s b ʁ a ʊ̯ x ɐ ʁ ɪ n
Nießen	n iː s n̩
Niger	n iː ɡ ɐ
Niklas	n ɪ k l a s
Niko	n iː k o
Nikotinsucht	n i k o t iː n z ʊ x t
Nimwegen	n ɪ m v eː ɡ ŋ̍
Nina	n iː n a
Ninja	n ɪ n d͡ʒ a
Ninja	n ɪ n j a
Nirvana	n ɪ ʁ v aː n a
Nirwana	n ɪ ʁ v aː n a
Nische	n iː ʃ ə
Nistkasten	n ɪ s t k a s t n̩
Nistkästen	n ɪ s t k ɛ s t n̩
Nitrit	n i t ʁ iː t
Nitrit	n i t ʁ ɪ t
Noah	n oː aː
Nobelpreis	n o b ɛ l p ʁ a ɪ̯ s
Nobelpreisrede	n o b ɛ l p ʁ a ɪ̯ s r eː d ə
Nockerl	n ɔ k ɐ l
Nomen	n oː m ə n
Nomenklaturen	n o m ɛ n k l a t uː ʁ ə n
Nominallohn	n o m i n aː l l oː n
Nominallohnstopp	n o m i n aː l l oː n ʃ t ɔ p
Nonanol	n o n a n oː l
Nonanole	n o n a n oː l ə
Nonanols	n o n a n oː l s
Nonchalance	n õ ʃ a l ɑ̃ː s
Nonnenfürzchen	n ɔ n ə n f ʏ ʁ t͡s ç ə n
Nonnenfürzle	n ɔ n ə n f ʏ ʁ t͡s l ə
Nonnenfürzles	n ɔ n ə n f ʏ ʁ t͡s l ə s
Nonnenkloster	n ɔ n ə n k l oː s t ɐ
Nonnweilerin	n ɔ n v a ɪ̯ l ə ʁ ɪ n
Nora	n oː ʁ a
Norbert	n ɔ ɐ̯ b ɛ ɐ̯ t
Nordafrikaner	n ɔ ʁ t ʔ a f ʁ i k aː n ə ʁ
Nordamerika	n ɔ ʁ t ʔ a m eː ʁ i k a
Nordamerikanerinnen	n ɔ ʁ t ʔ a m e ʁ i k aː n ə ʁ ɪ n ə n
Norddeutsche	n ɔ ʁ t d ɔ ɪ̯ t ʃ ə
Norddeutscher	n ɔ ʁ t d ɔ ɪ̯ t͡ʃ ɐ
Norden	n ɔ ʁ d n̩
Norderney	n ɔ ɐ̯ d ɐ n a ɪ̯
Norderneyer	n ɔ ʁ d ɐ n a ɪ̯ ɐ
Norderneyerin	n ɔ ʁ d ɐ n a ɪ̯ ə ʁ ɪ n
Norderneyerinnen	n ɔ ʁ d ɐ n a ɪ̯ ə ʁ ɪ n ə n
Norderneyers	n ɔ ʁ d ɐ n a ɪ̯ ɐ s
Nordeuropäer	n ɔ ʁ t ʔ ɔ ɪ̯ ʁ o p ɛː ɐ
Nordeuropäerin	n ɔ ʁ t ʔ ɔ ɪ̯ ʁ o p ɛː ə ʁ ɪ n
Nordhausener	n ɔ ʁ t h a ʊ̯ z n̩ ɐ
Nordhausenerin	n ɔ ʁ t h a ʊ̯ z n̩ ə ʁ ɪ n
Nordhausenerinnen	n ɔ ʁ t h a ʊ̯ z n̩ ə ʁ ɪ n ə n
Nordhauseners	n ɔ ʁ t h a ʊ̯ z n̩ ɐ s
Nordhausens	n ɔ ʁ t h a ʊ̯ z n̩ s
Norditalien	n ɔ ʁ t ʔ i t aː l i̯ ə n
Norditaliener	n ɔ ʁ t ʔ i t a l i̯ eː n ɐ
Norditalienerin	n ɔ ʁ t ʔ i t a l i̯ eː n ə ʁ ɪ n
Norditalienerinnen	n ɔ ʁ t ʔ i t a l i̯ eː n ə ʁ ɪ n ə n
Norditalieners	n ɔ ʁ t ʔ i t a l i̯ eː n ɐ s
Norditaliens	n ɔ ʁ t ʔ i t aː l i̯ ə n s
Nordkorea	n ɔ ʁ t k o ʁ eː a
Nordländer	n ɔ ʁ t l e n d ɐ
Nordländer	n ɔ ʁ t l ɛ n d ɐ
Nordseegarnele	n ɔ ʁ t z̥ eː ɡ a ʁ n eː l ə
Nordseekrabbe	n ɔ ʁ t z̥ eː k ʁ a b ə
Nordseekrabben	n ɔ ʁ t z̥ eː k ʁ a b m̩
Nordseekrabben	n ɔ ʁ t z̥ eː k ʁ a b n̩
Normaldrücken	n ɔ ʁ m aː l d ʁ ʏ k n̩
Normaldrücken	n ɔ ʁ m aː l d ʁ ʏ k ŋ̩
Normalisierung	n o ʁ m a l i z iː ʁ ʊ ŋ
Normalspur	n ɔ ʁ m aː l ʃ p u ɐ̯
Normalspur	n ɔ ʁ m aː l ʃ p uː ɐ̯
Normalspurbahn	n ɔ ʁ m aː l ʃ p u ɐ̯ b aː n
Normalspurbahn	n ɔ ʁ m aː l ʃ p uː ɐ̯ b aː n
Norne	n ɔ ɐ̯ n ə
Norwegen	n ɔ ʁ v eː ɡ ŋ̍
Norweger	n ɔ ʁ v eː ɡ ɐ
Norwegerin	n ɔ ʁ v eː ɡ ɐ ʁ ɪ n
Nostalgie	n ɔ s t a l ɡ iː
Nostrokonto	n ɔ s t ʁ o k ɔ n t o
Notepad	n ɔ ʊ̯ t p ɛ d
Notepad	n ɔ ʊ̯ t p ɛː d
Nothung	n oː t ʊ ŋ
Novelle	n o v ɛ l ə
Nudel	n uː d l̩
Nudelsiebe	n uː d l̩ z iː b ə
Nudelsiebes	n uː d l̩ z iː b ə s
Nudelteig	n uː d l̩ t a ɪ̯ k
Nudelteig	n uː d ə l t a ɪ̯ k
Nuklearsprengkopf	n u k l e aː ɐ̯ ʃ p ʁ ɛ ŋ k ɔ p͡f
Nuklearsprengkopfes	n u k l e aː ɐ̯ ʃ p ʁ ɛ ŋ k ɔ p͡f ə s
Nuklearsprengkopfs	n u k l e aː ɐ̯ ʃ p ʁ ɛ ŋ k ɔ p͡f s
Nuklearsprengköpfe	n u k l e aː ɐ̯ ʃ p ʁ ɛ ŋ k œ p͡f ə
Null	n ʊ l
Nullenergiehause	n ʊ l ʔ e n ɛ ʁ ɡ iː h a ʊ̯ z ə
Nullenergiehäusern	n ʊ l ʔ e n ɛ ʁ ɡ iː h a ɔ ɪ̯ z ɐ n
Nullwachstum	n ʊ l v a x s t ʊ m
Nummernkonto	n ʊ m ɐ n k ɔ n t o
Nummernschild	n ʊ m ɐ n ʃ ɪ l t
Nurdachhause	n uː ɐ̯ d a x h a ʊ̯ z ə
Nurdachhäusern	n uː ɐ̯ d a x h a ɔ ɪ̯ z ɐ n
Nussbäumchen	n ʊ s b ɔ ɪ̯ m ç ə n
Nussbäumlein	n ʊ s b ɔ ɪ̯ m l a ɪ̯ n
Nussfrüchte	n ʊ s f ʁ ʏ ç t ə
Nussmilch	n ʊ s m ɪ l ç
Nussschale	n ʊ s ʃ aː l ə
Nussschokolade	n ʊ s ʃ o k o l aː d ə
Nutzenzieher	n ʊ t͡s n̩ t͡s iː ɐ
Nutzer	n ʊ t s ɐ
Nutzerin	n ʊ t͡s ɐ ʁ ɪ n
Nutzerkonto	n ʊ t͡s ɐ k ɔ n t o
Nutzfahrzeug	n ʊ t͡s f aː ɐ̯ t͡s ɔ ɪ̯ k
Nutzfahrzeuge	n ʊ t͡s f aː ɐ̯ t͡s ɔ ɪ̯ ɡ ə
Nutzfahrzeuges	n ʊ t͡s f aː ɐ̯ t͡s ɔ ɪ̯ ɡ ə s
Nutzfahrzeugs	n ʊ t͡s f aː ɐ̯ t͡s ɔ ɪ̯ k s
Nutzgarten	n ʊ t͡s ɡ a ʁ t n̩
Nutzlast	n ʊ t͡s l a s t
Nutzniesser	n ʊ t͡s n iː s ɐ
Nutzniesserin	n ʊ t͡s n iː s ɐ ʁ ɪ n
Nutzniessung	n ʊ t͡s n iː s ʊ ŋ
Nutznießer	n ʊ t͡s n iː s ɐ
Nutznießerin	n ʊ t͡s n iː s ɐ ʁ ɪ n
Nutznießung	n ʊ t͡s n iː s ʊ ŋ
Nutztierhaltung	n ʊ t͡s t iː ɐ̯ h a l t ʊ ŋ
Nutztierhaltungen	n ʊ t͡s t iː ɐ̯ h a l t ʊ ŋ ə n
Nutzviecher	n ʊ t͡s f iː ç ɐ
Nutzvieh	n ʊ t͡s f iː
Nutzwert	n ʊ t͡s v eː ɐ̯ t
Nußbäumchen	n ʊ s b ɔ ɪ̯ m ç ə n
Nußfrucht	n ʊ s f ʁ ʊ x t
Nußmilch	n ʊ s m ɪ l ç
Nymphe	n ʏ m f ə
Nymphensittich	n ʏ m f n̩ s ɪ t ɪ ç
Näher	n eː ɐ
Näher	n ɛː ɐ
Nähgarn	n ɛː ɡ a ʁ n
Nähnadel	n ɛː n aː d l̩
Nähzeug	n ɛː t͡s ɔ ɪ̯ k
Nürtinger	n ʏ ʁ t ɪ ŋ ɐ
Nürtingerin	n ʏ ʁ t ɪ ŋ ə ʁ ɪ n
Nürtingerinnen	n ʏ ʁ t ɪ ŋ ə ʁ ɪ n ə n
Nürtingers	n ʏ ʁ t ɪ ŋ ɐ s
Nützlichkeitsdenken	n ʏ t͡s l ɪ ç k a ɪ̯ t s d ɛ ŋ k n̩
Nützlichkeitsdenkens	n ʏ t͡s l ɪ ç k a ɪ̯ t s d ɛ ŋ k n̩ s
OWD	ʔ oː v eː d eː
OWL	ʔ oː v eː ʔ ɛ l
OWLs	ʔ oː v eː ʔ ɛ l s
Oase	ʔ o aː z ə
Oase	ʔ o ʔ aː z ə
Obdachloser	ʔ ɔ p d a χ l oː z ɐ
Obdachlosigkeit	ɔ p d a x l oː z ɪ ç k a ɪ̯ t
Oberammergau	ʔ oː b ɐ ʔ a m ɐ ɡ a ʊ̯
Oberammergauer	ʔ oː b ɐ ʔ a m ɐ ɡ a ʊ̯ ɐ
Oberammergauerin	ʔ oː b ɐ ʔ a m ɐ ɡ a ʊ̯ ə ʁ ɪ n
Oberammergauerinnen	ʔ oː b ɐ ʔ a m ɐ ɡ a ʊ̯ ə ʁ ɪ n ə n
Oberammergauers	ʔ oː b ɐ ʔ a m ɐ ɡ a ʊ̯ ɐ s
Oberammergaus	ʔ oː b ɐ ʔ a m ɐ ɡ a ʊ̯ s
Oberarmmuskel	oː b ɐ ʔ a ʁ m m ʊ s k l̩
Oberaufseherin	ʔ oː b ɐ ʔ a ʊ̯ f z eː ə ʁ ɪ n
Oberbayer	oː b ɐ b a ɪ̯ ɐ
Oberbayerin	oː b ɐ b a ɪ̯ ə ʁ ɪ n
Oberbayerinnen	oː b ɐ b a ɪ̯ ə ʁ ɪ n ə n
Oberbayers	oː b ɐ b a ɪ̯ ɐ s
Oberbefehlshaber	oː b ɐ b ə f eː l s h aː b ɐ
Oberdorfer	oː b ɐ d ɔ ʁ f ɐ
Oberdorfers	oː b ɐ d ɔ ʁ f ɐ s
Oberengadin	oː b ɐ ʔ ɛ ŋ ɡ a d iː n
Oberengadiner	oː b ɐ ʔ ɛ ŋ ɡ a d iː n ɐ
Oberengadinerin	oː b ɐ ʔ ɛ ŋ ɡ a d iː n ə ʁ ɪ n
Oberengadinerinnen	oː b ɐ ʔ ɛ ŋ ɡ a d iː n ə ʁ ɪ n ə n
Oberengadiners	oː b ɐ ʔ ɛ ŋ ɡ a d iː n ɐ s
Oberengadins	oː b ɐ ʔ ɛ ŋ ɡ a d iː n s
Oberfläche	ʔ oː b ɐ f l ɛ ç ə
Oberfläche	ʔ oː b̥ ə r f l ɛ χ χ ə
Oberflächeneiweiß	oː b ɐ f l ɛ ç n̩ a ɪ̯ v a ɪ̯ s
Oberflächeneiweiße	oː b ɐ f l ɛ ç n̩ a ɪ̯ v a ɪ̯ s ə
Oberflächeneiweißes	oː b ɐ f l ɛ ç n̩ a ɪ̯ v a ɪ̯ s ə s
Oberfranke	oː b ɐ f ʁ a ŋ k ə
Oberfranken	oː b ɐ f ʁ a ŋ k n̩
Oberfränkin	oː b ɐ f ʁ ɛ ŋ k ɪ n
Oberfränkinnen	oː b ɐ f ʁ ɛ ŋ k ɪ n ə n
Oberfränkisch	oː b ɐ f ʁ ɛ ŋ k ɪ ʃ
Oberfränkische	oː b ɐ f ʁ ɛ ŋ k ɪ ʃ ə
Oberfränkischen	oː b ɐ f ʁ ɛ ŋ k ɪ ʃ ə n
Oberfränkischs	oː b ɐ f ʁ ɛ ŋ k ɪ ʃ s
Obergespan	ʔ oː b ɐ ɡ ə ʃ p aː n
Obergespann	ʔ oː b ɐ ɡ ə ʃ p aː n
Obergrenze	oː b ɐ ɡ ʁ ɛ n t s ə
Oberhausen	ʔ oː b ɐ h a ʊ̯ z n̩
Oberhausener	ʔ oː b ɐ h a ʊ̯ z n̩ ɐ
Oberhausenerin	ʔ oː b ɐ h a ʊ̯ z n̩ ə ʁ ɪ n
Oberhausenerinnen	ʔ oː b ɐ h a ʊ̯ z n̩ ə ʁ ɪ n ə n
Oberhauseners	ʔ oː b ɐ h a ʊ̯ z n̩ ɐ s
Oberhausens	ʔ oː b ɐ h a ʊ̯ z n̩ s
Oberhauses	oː b ɐ h a ʊ̯ z ə s
Oberhemd	ʔ oː b ɐ h ɛ m t
Oberhuber	oː b ɐ h uː b ɐ
Oberhubers	oː b ɐ h uː b ɐ s
Oberkirch	oː b ɐ k ɪ ʁ ç
Oberkircher	oː b ɐ k ɪ ʁ ç ɐ
Oberkircherin	oː b ɐ k ɪ ʁ ç ə ʁ ɪ n
Oberkircherinnen	oː b ɐ k ɪ ʁ ç ə ʁ ɪ n ə n
Oberkirchers	oː b ɐ k ɪ ʁ ç ɐ s
Oberkirchs	oː b ɐ k ɪ ʁ ç s
Oberkommando	oː b ɐ k ɔ m a n d o
Obermaier	oː b ɐ m a ɪ̯ ɐ
Obermaiers	oː b ɐ m a ɪ̯ ɐ s
Obermair	oː b ɐ m a ɪ̯ ɐ
Obermairs	oː b ɐ m a ɪ̯ ɐ s
Obermann	oː b ɐ m a n
Obermanns	oː b ɐ m a n s
Obermayer	oː b ɐ m a ɪ̯ ɐ
Obermayers	oː b ɐ m a ɪ̯ ɐ s
Obermayr	oː b ɐ m a ɪ̯ ɐ
Obermayrs	oː b ɐ m a ɪ̯ ɐ s
Obermeier	oː b ɐ m a ɪ̯ ɐ
Obermeiers	oː b ɐ m a ɪ̯ ɐ s
Obermeyer	oː b ɐ m a ɪ̯ ɐ
Obermeyers	oː b ɐ m a ɪ̯ ɐ s
Oberneukirchen	ʔ oː b ɐ n ɔ ɪ̯ k ɪ ʁ ç n̩
Oberneukirchener	ʔ oː b ɐ n ɔ ɪ̯ k ɪ ʁ ç n̩ ɐ
Oberneukirchenerin	ʔ oː b ɐ n ɔ ɪ̯ k ɪ ʁ ç n̩ ə ʁ ɪ n
Oberneukirchenerinnen	ʔ oː b ɐ n ɔ ɪ̯ k ɪ ʁ ç n̩ ə ʁ ɪ n ə n
Oberneukircheners	ʔ oː b ɐ n ɔ ɪ̯ k ɪ ʁ ç n̩ ɐ s
Oberneukirchens	ʔ oː b ɐ n ɔ ɪ̯ k ɪ ʁ ç n̩ s
Oberpfälzerin	oː b ɐ p͡f ɛ l t͡s ə ʁ ɪ n
Oberpfälzerinnen	oː b ɐ p͡f ɛ l t͡s ə ʁ ɪ n ə n
Oberradener	oː b ə ʁ ʁ aː d ə n ɐ
Oberradenerin	oː b ə ʁ ʁ aː d ə n ə ʁ ɪ n
Oberradenerinnen	oː b ə ʁ ʁ aː d ə n ə ʁ ɪ n ə n
Oberradeners	oː b ə ʁ ʁ aː d ə n ɐ s
Obersachsens	oː b ɐ z a k s n̩ s
Oberwalliser	ʔ oː b ɐ v a l ɪ z ɐ
Oberwalliserin	ʔ oː b ɐ v a l ɪ z ə ʁ ɪ n
Oberwalliserinnen	ʔ oː b ɐ v a l ɪ z ə ʁ ɪ n ə n
Oberwallisers	ʔ oː b ɐ v a l ɪ z ɐ s
Oberwang	ʔ oː b ɐ v a ŋ s
Oberwanger	ʔ oː b ɐ v a ŋ ɐ
Oberwangerin	ʔ oː b ɐ v a ŋ ə ʁ ɪ n
Oberwangerinnen	ʔ oː b ɐ v a ŋ ə ʁ ɪ n ə n
Oberwangers	ʔ oː b ɐ v a ŋ ɐ s
Oberwangs	ʔ oː b ɐ v a ŋ s
Oberösterreicher	oː b ɐ ʔ øː s t ɐ ʁ a ɪ̯ ç ɐ
Oberösterreicherin	oː b ɐ ʔ øː s t ɐ ʁ a ɪ̯ ç ə ʁ ɪ n
Oberösterreicherinnen	oː b ɐ ʔ øː s t ɐ ʁ a ɪ̯ ç ə ʁ ɪ n ə n
Obfrau	ɔ p f ʁ a ʊ̯
Obhut	ʔ oː p h uː t
Obhut	ʔ ɔ p h uː t
Obmann	ɔ p m a n
Oboist	o b o ɪ s t
Oboist	o b o ʔ ɪ s t
Obstsalat	ʔ oː p s a l aː t
Obstsalat	ʔ oː p s t z a l aː t
Obstsäfte	oː p s t z ɛ f t ə
Ochsenfurt	ɔ k s n̩ f ʊ ʁ t
Ochsenfurter	ɔ k s n̩ f ʊ ʁ t ɐ
Ochsenfurterin	ɔ k s n̩ f ʊ ʁ t ə ʁ ɪ n
Ochsenfurterinnen	ɔ k s n̩ f ʊ ʁ t ə ʁ ɪ n ə n
Ochsenfurters	ɔ k s n̩ f ʊ ʁ t ɐ s
Ochsenfurts	ɔ k s n̩ f ʊ ʁ t s
Ochsenhausen	ʔ ɔ k s n̩ h a ʊ̯ z n̩
Ochsenhausener	ʔ ɔ k s n̩ h a ʊ̯ z n̩ ɐ
Ochsenhausenerin	ʔ ɔ k s n̩ h a ʊ̯ z n̩ ə ʁ ɪ n
Ochsenhausenerinnen	ʔ ɔ k s n̩ h a ʊ̯ z n̩ ə ʁ ɪ n ə n
Ochsenhauseners	ʔ ɔ k s n̩ h a ʊ̯ z n̩ ɐ s
Ochsenhausens	ʔ ɔ k s n̩ h a ʊ̯ z n̩ s
Ochsenknecht	ʔ ɔ k s n̩ k n ɛ ç t
Ochsenknechts	ʔ ɔ k s n̩ k n ɛ ç t s
Ochsenkopf	ʔ ɔ k s n̩ k ɔ p͡f
Ochsenkopfes	ɔ k s n̩ k ɔ p͡f ə s
Ochsenkopfs	ʔ ɔ k s n̩ k ɔ p͡f s
Ochsenschlepp	ɔ k s ə n ʃ l ɛ p
Ochsenzunge	ʔ ɔ k s n̩ t͡s ʊ ŋ ə
Ochsenzunge	ʔ ɔ k s ə n t͡s ʊ ŋ ə
Octanal	ɔ k t a n aː l
Octanals	ɔ k t a n aː l s
Octanol	ɔ k t a n oː l
Octanole	ɔ k t a n oː l ə
Octanols	ɔ k t a n oː l s
Odel	oː d l̩
Oder	ʔ oː d ɐ
Oelsnitz	œ l s n ɪ t͡s
Oelsnitz'	œ l s n ɪ t͡s
Oelsnitzer	œ l s n ɪ t͡s ɐ
Oelsnitzerin	œ l s n ɪ t͡s ə ʁ ɪ n
Oelsnitzerinnen	œ l s n ɪ t͡s ə ʁ ɪ n ə n
Oelsnitzers	œ l s n ɪ t͡s ɐ s
Oerlinghausen	ʔ œ ɐ̯ l ɪ ŋ h a ʊ̯ z n̩
Oerlinghausen	ʔ œ ʁ l ɪ ŋ h a ʊ̯ z n̩
Oerlinghausener	ʔ œ ɐ̯ l ɪ ŋ h a ʊ̯ z n̩ ɐ
Oerlinghausenerin	ʔ œ ɐ̯ l ɪ ŋ h a ʊ̯ z n̩ ə ʁ ɪ n
Oerlinghausenerinnen	ʔ œ ɐ̯ l ɪ ŋ h a ʊ̯ z n̩ ə ʁ ɪ n ə n
Oerlinghauseners	ʔ œ ɐ̯ l ɪ ŋ h a ʊ̯ z n̩ ɐ s
Oerlinghausens	ʔ œ ɐ̯ l ɪ ŋ h a ʊ̯ z n̩ s
Oettingen	œ t ɪ ŋ ə n
Oettingens	œ t ɪ ŋ ə n s
Oettinger	œ t ɪ ŋ ɐ
Oettingers	œ t ɪ ŋ ɐ s
Ofen	oː f n̩
Ofen	oː f ə n
Ofenhorn	oː f n̩ h ɔ ʁ n
Ofenhornes	oː f n̩ h ɔ ʁ n ə s
Ofenhorns	oː f n̩ h ɔ ʁ n s
Ofenkartoffel	oː f n̩ k a ʁ t ɔ f l̩
Ofenpass	oː f n̩ p a s
Offenbarungseid	ʔ ɔ f n̩ b aː ʁ ʊ ŋ s ʔ a ɪ̯ t
Offenhausen	ɔ f n̩ h a ʊ̯ z n̩
Offenhausener	ɔ f n̩ h a ʊ̯ z n̩ ɐ
Offenhausenerin	ʔ ɔ f n̩ h a ʊ̯ z n̩ ə ʁ ɪ n
Offenhausenerinnen	ʔ ɔ f n̩ h a ʊ̯ z n̩ ə ʁ ɪ n ə n
Offenhauseners	ɔ f n̩ h a ʊ̯ z n̩ ɐ s
Offenhausens	ɔ f n̩ h a ʊ̯ z n̩ s
Offenlegen	ʔ ɔ f ə n l eː ɡ n̩
Offensive	ʔ ɔ f ɛ n z iː v ə
Offenstehen	ɔ f n̩ ʃ t eː ə n
Offermann	ɔ f ɐ m a n
Offermanns	ɔ f ɐ m a n s
Offizialdelikt	ɔ f i t͡s i̯ aː l d e l ɪ k t
Offizialverteidiger	ɔ f i t͡s i̯ aː l f ɛ ɐ̯ t a ɪ̯ d ɪ ɡ ɐ
Offizier	ʔ ɔ f i t͡s i ɐ̯
Offizier	ʔ ɔ f i t͡s iː ɐ̯
Ohr	ʔ oː ɐ̯
Ohr	ʔ ɔ ɐ̯
Ohrbügel	oː ɐ̯ b yː ɡ l̩
Ohrensessel	oː ʁ ə n z ɛ s l̩
Ohrenspange	oː ʁ ə n ʃ p a ŋ ə
Ohreule	ʔ oː ɐ̯ ʔ ɔ ɪ̯ l ə
Ohrloch	ʔ oː ɐ̯ l ɔ x
Ohrmuschel	ʔ oː ɐ̯ m ʊ ʃ l̩
Ohrring	ʔ oː ɐ̯ ʁ ɪ ŋ
Ohrring	ʔ oː ʁ ɪ ŋ
Ohrstecker	oː ɐ̯ ʃ t ɛ k ɐ
Ohrwaschel	ʔ oː ɐ̯ v a ʃ l̩
Ohrwurm	ʔ oː ɐ̯ v ʊ ɐ̯ m
Oktaederstumpf	ɔ k t a ʔ eː d ɐ ʃ t ʊ m f
Oktaederstumpf	ɔ k t a ʔ eː d ɐ ʃ t ʊ m p f
Oktanal	ɔ k t a n aː l
Oktanals	ɔ k t a n aː l s
Oktanol	ɔ k t a n oː l
Oktanols	ɔ k t a n oː l s
Oktopus	ɔ k t o p ʊ s
Oldenburg	ɔ l d n̩ b ʊ ʁ k
Oligarch	o l i ɡ a ʁ ç
Oligarchin	o l i ɡ a ʁ ç ɪ n
Oligopol	ɔ l i ɡ o p oː l
Oligopolisierung	ɔ l i ɡ o p oː l ɪ s iː ʁ ʊ ŋ
Oligopolist	ɔ l i ɡ o p oː l ɪ s t
Oligopolistin	ɔ l i ɡ o p oː l ɪ s t ɪ n
Olivenbaum	o l iː v n̩ b a ʊ̯ m
Olivenhain	ʔ o l iː v n̩ h a ɪ̯ n
Olivenhaine	ʔ o l iː v n̩ h a ɪ̯ n ə
Olivenhaines	ʔ o l iː v n̩ h a ɪ̯ n ə s
Olivenhains	ʔ o l iː v n̩ h a ɪ̯ n s
Olivenöl	o l iː v n̩ ʔ øː l
Olympia	o l ʏ m p j a
Olympia	ʔ o l ʏ m p j a
Olympiade	o l ʏ m p j aː d ə
Olympiade	ʔ o l ʏ m p j aː d ə
Ombudsfrau	ɔ m b ʊ t͡s f ʁ a ʊ̯
Ombudsmann	ɔ m b ʊ t͡s m a n
Omikron	oː m i k ʁ ɔ n
Omikron	ɔ m i k ʁ ɔ n
Omnipotenz	ɔ m n i p o t ɛ n t͡s
Onanie	ʔ o n a n iː
Onomatopoetikum	o n o m a t o p o eː t i k ʊ m
Opel	oː p l̩
Opels	oː p l s̩
Oper	oː p ɐ
Operand	ʔ o p ə ʁ a n t
Operationsbasen	o p ə ʁ a t͡s i̯ oː n s b aː z n̩
Operationsbasis	o p ə ʁ a t͡s i̯ oː n s b aː z ɪ s
Opernmusik	oː p ɐ n m u z iː k
Opfer	ʔ ɔ p f ɐ
Opfer	ʔ ɔ p ɸ ɐ
Ophthalmologie	ɔ f t a l m o l o ɡ iː
Opitz	oː p ɪ t s
Opitz'	oː p ɪ t s
Opitzens	oː p ɪ t s ə n s
Opitzes	oː p ɪ t s ə s
Opium	ʔ oː pʰ i ʊ m
Oppel	ɔ p l̩
Oppels	ɔ p l s̩
Oppenheim	ɔ p ə n h a ɪ̯ m
Oppenheimerin	ɔ p n̩ h a ɪ̯ m ə ʁ ɪ n
Oppenheimers	ɔ p n̩ h a ɪ̯ m ɐ s
Oppenheims	ɔ p ə n h a ɪ̯ m s
Opper	ɔ p ɐ
Oppermann	ɔ p ɐ m a n
Oppermanns	ɔ p ɐ m a n s
Oppers	ɔ p ɐ s
Oppositionspolitiker	ɔ p o z i t s i oː n s p o l iː t i k ɐ
Oppositionspolitikerin	ɔ p o z i t s i oː n s p o l iː t i k ə ʁ ɪ n
Optionsmarkt	ɔ p t͡s i̯ oː n s m a ʁ k t
Orangenhain	ʔ o ʁ ɑ̃ː ʒ n̩ h a ɪ̯ n
Orangenplantage	ʔ o ʁ ɑ̃ː ʒ n̩ p l a n t aː ʒ ə
Orangenplantagen	ʔ o ʁ ɑ̃ː ʒ n̩ p l a n t aː ʒ ə n
Orangenschale	o ʁ a ŋ ʒ n̩ ʃ aː l ə
Orangenschale	o ʁ ɑ̃ː ʒ n̩ ʃ aː l ə
Orangist	ʔ o ʁ ã ʒ ɪ s t
Oranier	ʔ o ʁ aː n i ɐ
Oranier	ʔ o ʁ aː n j ɐ
Oranierorden	ʔ o ʁ aː n j ɐ ʔ ɔ ʁ d n̩
Order	ʔ ɔ ʁ d ɐ
Ordnung	ʔ ɔ ʁ d n ʊ ŋ
Ordnung	ʔ ɔ ʁ t n ʊ ŋ
Ordnungspolitik	ɔ ʁ d n ʊ ŋ s p o l i t iː k
Ordnungswidrigkeit	ʔ ɔ ʁ d n ʊ ŋ k s v iː d ʁ ɪ ç k a ɪ̯ t
Ordnungswidrigkeit	ʔ ɔ ʁ d n ʊ ŋ s v iː d ʁ ɪ ç k a ɪ̯ t
Organell	ɔ ʁ ɡ a n ɛ l
Organisation	ʔ ɔ ɐ̯ ɡ a n i z a t s i̯ oː n
Organisation	ʔ ɔ ʁ ɡ a n i z a t s i̯ oː n
Organisationen	ɔ ʁ ɡ a n i z a t͡s i̯ oː n ə n
Organisationswut	ʔ ɔ ɐ̯ ɡ a n i z a t s i̯ oː n s v uː t
Organisationswut	ʔ ɔ ʁ ɡ a n i z a t s i̯ oː n s v uː t
Organisatorin	ɔ ʁ ɡ a n i z a t oː ʁ ɪ n
Orgelbauerin	ɔ ʁ ɡ l̩ b a ʊ̯ ə ʁ ɪ n
Orgie	ʔ ɔ ɐ̯ ɡ i̯ ə
Orgie	ʔ ɔ ʁ ɡ i̯ ə
Orkan	ɔ ɐ̯ k aː n
Orkan	ɔ ʁ k aː n
Ort	ʔ ɔ ɐ̯ t
Ort	ʔ ɔ ʁ t
Ort	ʔ ɔː t
Ortelsburg	ɔ ʁ t l̩ s b ʊ ʁ k
Ortelsburgs	ɔ ʁ t l̩ s b ʊ ʁ k s
Orthoepie	ɔ ʁ t o ʔ e p iː
Ortsausgangstafel	ɔ ʁ t͡s ʔ a ʊ̯ s ɡ a ŋ s t aː f l̩
Ortseingangstafel	ɔ ʁ t͡s ʔ a ɪ̯ n ɡ a ŋ s t aː f l̩
Ortsgruppenleiter	ɔ ʁ t͡s ɡ ʁ ʊ p n̩ l a ɪ̯ t ɐ
Os	oː s
Os	ɔ s
Oscher	ɔ ʃ ɐ
Osnabrücker	ɔ s n a b ʁ ʏ k ɐ
Osnabrückerin	ɔ s n a b ʁ ʏ k ə ʁ ɪ n
Osnabrückerinnen	ɔ s n a b ʁ ʏ k ə ʁ ɪ n ə n
Osnabrückers	ɔ s n a b ʁ ʏ k ɐ s
Osnabrücks	ɔ s n a b ʁ ʏ k s
Osnabrügges	ʔ ɔ s n a b ʁ ʏ ɡ ə s
Ossenbrügge	ʔ ɔ s n̩ b r ʏ ɡ ə
Ossenbrügges	ʔ ɔ s n̩ b r ʏ ɡ ə s
Ostafrikaner	ɔ s t ʔ a f ʁ i k aː n ɐ
Ostafrikanerin	ɔ s t ʔ a f ʁ i k aː n ə ʁ ɪ n
Ostalgie	ɔ s t a l ɡ iː
Ostalpen	ɔ s t ʔ a l p m̩
Ostasien	ɔ s t ʔ aː z i̯ ə n
Ostbelgier	ɔ s t b ɛ l ɡ i̯ ɐ
Ostbelgierinnen	ɔ s t b ɛ l ɡ i̯ ə ʁ ɪ n ə n
Ostbelgiers	ɔ s t b ɛ l ɡ i̯ ɐ s
Ostblock	ɔ s t b l ɔ k
Ostendorf	ɔ s t n̩ d ɔ ʁ f
Ostendorfer	ɔ s t n̩ d ɔ ʁ f ɐ
Ostendorferin	ɔ s t n̩ d ɔ ʁ f ə ʁ ɪ n
Ostendorferinnen	ɔ s t n̩ d ɔ ʁ f ə ʁ ɪ n ə n
Ostendorfers	ɔ s t n̩ d ɔ ʁ f ɐ s
Ostendorfs	ɔ s t n̩ d ɔ ʁ f s
Ostenfeld	ɔ s t n̩ f ɛ l t
Ostenfelder	ɔ s t n̩ f ɛ l d ɐ
Ostenfelderin	ɔ s t n̩ f ɛ l d ə ʁ ɪ n
Ostenfelders	ɔ s t n̩ f ɛ l d ɐ s
Ostenfelds	ɔ s t n̩ f ɛ l t s
Osteopathie	ɔ s t e o p a t iː
Ostereiersuche	ʔ oː s t ɐ a ɪ̯ ɐ z uː x ə
Ostereiersuche	ʔ oː s t ɐ ʔ a ɪ̯ ɐ z uː x ə
Osterfest	oː s t ɐ f ɛ s t
Osterglocke	oː s t ɐ ɡ l ɔ k ə
Osterkerze	oː s t ɐ k ɛ ʁ t͡s ə
Osterlamm	oː s t ɐ l a m
Ostermann	oː s t ɐ m a n
Ostermanns	oː s t ɐ m a n s
Osterstrauß	oː s t ɐ ʃ t r a ʊ̯ s
Osterstraußes	oː s t ɐ ʃ t ʁ a ʊ̯ s ə s
Ostersträußchen	oː s t ɐ ʃ t ʁ ɔ ɪ̯ s ç ə n
Ostersträuße	oː s t ɐ ʃ t ʁ ɔ ɪ̯ s ə
Osteuropäer	ɔ s t ʔ ɔ ɪ̯ ʁ o p ɛː ɐ
Osteuropäerin	ɔ s t ʔ ɔ ɪ̯ ʁ o p ɛː ə ʁ ɪ n
Ostflandern	ɔ s t f l a n d ɐ n
Ostfränkische	ɔ s t f ʁ ɛ ŋ k ɪ ʃ ə
Ostfränkischen	ɔ s t f ʁ ɛ ŋ k ɪ ʃ ə n
Ostheim	ɔ s t h a ɪ̯ m
Ostmark	ʔ ɔ s t m a ʁ k
Ostmitteldeutsch	ɔ s t m ɪ t l̩ d ɔ ɪ̯ t͡ʃ
Ostmitteldeutsche	ɔ s t m ɪ t l̩ d ɔ ɪ̯ t͡ʃ ə
Ostmitteldeutschen	ɔ s t m ɪ t l̩ d ɔ ɪ̯ t͡ʃ n̩
Ostmitteldeutschs	ɔ s t m ɪ t l̩ d ɔ ɪ̯ t͡ʃ s
Ostpreuße	ɔ s t p ʁ ɔ ɪ̯ s ə
Ostpreußen	ɔ s t p ʁ ɔ ɪ̯ s n̩
Ostpreußens	ɔ s t p ʁ ɔ ɪ̯ s n̩ s
Ostpreußin	ɔ s t p ʁ ɔ ɪ̯ s ɪ n
Ostpreußinnen	ɔ s t p ʁ ɔ ɪ̯ s ɪ n ə n
Ostwestfale	ɔ s t v ɛ s t f aː l ə
Ostwestfalen	ɔ s t v ɛ s t f aː l ə n
Ostwestfälin	ɔ s t v ɛ s t f ɛː l ɪ n
Ostwestfälinnen	ɔ s t v ɛ s t f ɛː l ɪ n ə n
Osweiler	ɔ s v a ɪ̯ l ɐ
Osweilerin	ɔ s v a ɪ̯ l ə ʁ ɪ n
Osweilers	ɔ s v a ɪ̯ l ɐ s
Ottweilerin	ɔ t v a ɪ̯ l ə ʁ ɪ n
Otzenhausen	ɔ t͡s n̩ h a ʊ̯ z n̩
Otzenhausener	ɔ t͡s n̩ h a ʊ̯ z n̩ ɐ
Otzenhausenerin	ɔ t͡s n̩ h a ʊ̯ z n̩ ə ʁ ɪ n
Otzenhausenerinnen	ɔ t͡s n̩ h a ʊ̯ z n̩ ə ʁ ɪ n ə n
Otzenhauseners	ɔ t͡s n̩ h a ʊ̯ z n̩ ɐ s
Otzenhausens	ɔ t͡s n̩ h a ʊ̯ z n̩ s
Otzweilerin	ɔ t s v a ɪ̯ l ə ʁ ɪ n
Out	ʔ a ʊ̯ tʰ
Overather	oː v ə ʁ aː t ɐ
Overatherin	oː v ə ʁ aː t ə ʁ ɪ n
Overatherinnen	oː v ə ʁ aː t ə ʁ ɪ n ə n
Overathers	oː v ə ʁ aː t ɐ s
Overijssel	oː v ɐ a͡ɪ s ə l
Oxford	ʔ ɔ k s f ɐ t
Oxford	ʔ ɔ k s f ɔ ɐ̯ t
Oxyd	ɔ k s iː t
Oxyd	ɔ k s yː t
Oxytonon	ɔ k s yː t o n ɔ n
Ozean	oː t͡s e aː n
Ozean	ʔ oː t͡s e aː n
Oßfurt	ɔ s f ʊ ʁ t
Oßfurts	ɔ s f ʊ ʁ t s
PCR	p eː t͡s eː ʔ ɛ ʁ
PR	p eː ʔ ɛ ɐ̯
PR	p eː ʔ ɛ ʁ
Paar	pʰ aː
Paar	pʰ aː r
Paar	pʰ aː ɐ̯
Paar	pʰ aː ʁ
Pacht	p a χ t
Packen	pʰ a k ŋ̩
Packen	pʰ a k ə n
Packungsbeilage	p a k ʊ ŋ s b a ɪ̯ l aː ɡ ə
Paderborn	p äː d ɐ b ɔ ʁ n
Paganismus	pʰ a ɡ a n ɪ s m ʊ s
Paginierung	p a ɡ i n iː ʁ ʊ ŋ
Paketboot	p a k eː t b oː t
Paketbote	p a k eː t b oː t ə
Paketklebeband	p a k eː t k l eː b ə b a n t
Palais	p a l ɛː
Palastkapelle	p a l a s t k a p ɛ l ə
Palastkapellen	p a l a s t k a p ɛ l ə n
Palisade	p a l i z aː d ə
Palmengewächs	p a l m n̩ ɡ ə v ɛ k s
Palmengewächse	p a l m ə n ɡ ə v ɛ k s ə
Palmengewächses	p a l m ə n ɡ ə v ɛ k s ə s
Palmöl	pʰ a l m ʔ øː l
Palmöle	pʰ a l m ʔ øː l ə
Palmöles	pʰ a l m ʔ øː l ə s
Palmöls	pʰ a l m ʔ øː l s
Paläolithikum	p a l ɛ o l iː t i k ʊ m
Paläolithikum	p a l ɛ o l ɪ t i k ʊ m
Paläozän	p a l ɛ o t͡s ɛː n
Panda	p a n d a
Pandabär	p a n d a b ɛ ɐ̯
Pandabär	p a n d a b ɛː ɐ̯
Pandschab	p ʌ n d͡ʒ aː b
Panel	p ɛ n l̩
Panels	p ɛ n l s
Panelstudie	p ɛ n l̩ ʃ t uː d i̯ ə
Panelstudien	p ɛ n l̩ ʃ t uː d i̯ ə n
Pangäa	p a n ɡ ɛː a
Panier	p a n iː ɐ̯
Paniken	p a n ɪ k n̩
Panikmache	p aː n ɪ k m a χ ə
Panikmacher	p aː n ɪ k m a χ ɐ
Panikmacherinnen	p aː n ɪ k m a x ə ʁ ɪ n ə n
Panikmachers	p aː n ɪ k m a χ ɐ s
Panorama	p a n o ʁ aː m a
Panoramata	p a n o ʁ aː m a t a
Panoramen	p a n o ʁ aː m ə n
Panpsychismus	p a n p s y ç ɪ s m ʊ s
Pansen	p a n z n̩
Panther	p a n t ɐ
Pantoffel	p a n t ɔ f ə l
Panzer	p a n t͡s ɐ
Panzerabwehrgeschütz	p a n t͡s ɐ ʔ a p v eː ɐ̯ ɡ ə ʃ ʏ t͡s
Panzerabwehrgeschütze	p a n t͡s ɐ ʔ a p v eː ɐ̯ ɡ ə ʃ ʏ t͡s ə
Panzerabwehrgeschützes	p a n t͡s ɐ ʔ a p v eː ɐ̯ ɡ ə ʃ ʏ t͡s ə s
Panzerbüchse	p a n t͡s ɐ b ʏ k s ə
Panzerglas	p a n t͡s ɐ ɡ l aː s
Panzergrenadier	p a n t͡s ɐ ɡ ʁ e n a d i ɐ̯
Panzergrenadier	p a n t͡s ɐ ɡ ʁ e n a d iː ɐ̯
Panzermine	p a n t͡s ɐ m iː n ə
Panzerminen	p a n t͡s ɐ m iː n ə n
Panzerschokolade	p a n t͡s ɐ ʃ o k o l aː d ə
Panzerschrank	p a n t͡s ɐ ʃ ʁ a ŋ k
Papamobil	p a p a m o b iː l
Papenburger	p aː p n̩ b ʊ ʁ ɡ ɐ
Papenburgerin	p aː p n̩ b ʊ ʁ ɡ ə ʁ ɪ n
Papenburgerinnen	p aː p n̩ b ʊ ʁ ɡ ə ʁ ɪ n ə n
Papenburgers	p aː p n̩ b ʊ ʁ ɡ ɐ s
Paper	pʰ ɛ ɪ̯ ɔ pʰ ɐ
Papierbeuteln	p a p iː ɐ̯ b ɔ ɪ̯ t l̩ n
Papierblümchen	p a p iː ɐ̯ b l yː m ç ə n
Papierblümchens	p a p iː ɐ̯ b l yː m ç ə n s
Papierschnitzel	p a p iː ɐ̯ ʃ n ɪ t͡s l̩
Papiertiger	p a p iː ɐ̯ t iː ɡ ɐ
Pappenstiel	pʰ a p ə n ʃ t iː l
Pappkartone	p a p k a ʁ t oː n ə
Pappschachtel	p a p ʃ a χ t l̩
Para	pʰ a ɾ a
Para	pʰ aː ʁ a
Paraguay	p a ʁ a ɡ ʋ a ɪ̯
Paranoia	p a ʁ a n ɔ ɪ̯ a
Paranussschale	p aː ʁ a n ʊ s ʃ aː l ə
Paranussschalen	p aː ʁ a n ʊ s ʃ aː l ə n
Paranussöl	p aː ʁ a n ʊ s ʔ øː l
Paranußöl	p aː ʁ a n ʊ s ʔ øː l
Pardon	p a ʁ d ɔ̃ː
Park	pʰ a ɐ̯ k
Park	pʰ a ʁ k
Parken	p a ʁ k n̩
Parker	p a ʁ k ɐ
Parkett	p a ʁ k ɛ t
Parkhaus	p a ʁ k h a ʊ̯ s
Parklücke	p a ʁ k l ʏ k ə
Parkplatz	p a ʁ k p l a t͡s
Parkplatzbetreiberin	p a ɐ̯ k p l a t͡s b ə t ʁ a ɪ̯ b ə ʀ ɪ n
Parkplatzbetreiberinnen	p a ɐ̯ k p l a t͡s b ə t ʁ a ɪ̯ b ə ʀ ɪ n ə n
Parkplatzes	p a ʁ k p l a t s ə s
Parkplätze	p a ʁ k p l ɛ t s ə
Parkverstoß	p a ʁ k f ɛ ɐ̯ ʃ t oː s
Parlamentsbeschluss	p a ʁ l a m ɛ n t s b ə ʃ l ʊ s
Parlamentsbeschlusses	p a ʁ l a m ɛ n t s b ə ʃ l ʊ s ə s
Parlamentsbeschlüsse	p a ʁ l a m ɛ n t s b ə ʃ l ʏ s ə
Paroxytonon	p a ʁ ɔ k s yː t o n ɔ n
Part	p a ɐ̯ t
Part	p a ʁ t
Part	p aː t
Partei	p a t a ɪ̯
Partei	p a ɐ̯ t a ɪ̯
Partei	p a ʁ t a ɪ̯
Parteiausschluss	p a ʁ t a ɪ̯ a ʊ̯ s ʃ l ʊ s
Parteigänger	p a ʁ t a ɪ̯ ɡ ɛ ŋ ɐ
Parteigängerin	p a ʁ t a ɪ̯ ɡ ɛ ŋ ə ʁ ɪ n
Parteigängerinnen	p a ʁ t a ɪ̯ ɡ ɛ ŋ ə ʁ ɪ n ə n
Parteigängers	p a ʁ t a ɪ̯ ɡ ɛ ŋ ɐ s
Parteiliste	p a ʁ t a ɪ̯ l ɪ s t ə
Parteitag	p a ʁ t a ɪ̯ t aː k
Parteitagsbeschluss	p a ʁ t a ɪ̯ t aː k s b ə ʃ l ʊ s
Parteitagsbeschlüsse	p a ʁ t a ɪ̯ t aː k s b ə ʃ l ʏ s ə
Parteivorsitzenden	p a ʁ t a ɪ̯ f oː ɐ̯ z ɪ t͡s n̩ d ə n
Parteivorsitzender	p a ʁ t a ɪ̯ f oː ɐ̯ z ɪ t͡s n̩ d ɐ
Partialdrücken	p a ʁ t͡s i̯ aː l d ʁ ʏ k n̩
Partialdrücken	p a ʁ t͡s i̯ aː l d ʁ ʏ k ŋ̩
Partieformular	p a ʁ t iː f ɔ ʁ m u l aː ɐ̯
Partieformulare	p a ʁ t iː f ɔ ʁ m u l aː ʁ ə
Partieformulars	p a ʁ t iː f ɔ ʁ m u l aː ɐ̯ s
Partizip	p a ʁ t i t͡s iː p
Partizipieren	p a ʁ t i t͡s i p iː ɐ̯ n
Partizipieren	p a ʁ t i t͡s i p iː ʁ ə n
Partizipium	p a r t ɪ t͡s i p ɪ ʊ m
Partner	p a ʁ t n ɐ
Partnerlink	p a ʁ t n ɐ l ɪ ŋ k
Partnerlinks	p a ʁ t n ɐ l ɪ ŋ k s
Partschins	p a r t ʃ ɪ n s
Partschinser	p a r t ʃ ɪ n z ɐ
Partschinserin	p a r t ʃ ɪ n z ə ʁ ɪ n
Partschinserinnen	p a r t ʃ ɪ n z ə ʁ ɪ n ə n
Partschinsers	p a r t ʃ ɪ n z ɐ s
Partyspiel	p aː ɐ̯ t i ʃ p iː l
Passafest	p a s a f ɛ s t
Passafeste	p a s a f ɛ s t ə
Passafestes	p a s a f ɛ s t ə s
Passafests	p a s a f ɛ s t s
Passahfest	p a s a f ɛ s t
Passahfeste	p a s a f ɛ s t ə
Passahfestes	p a s a f ɛ s t ə s
Passahfests	p a s a f ɛ s t s
Passendorf	p a s n̩ d ɔ ɐ̯ f
Passfoto	p a s f oː t o
Passkontrolle	p a s k ɔ n t ʁ ɔ l ə
Passwort	p a s v ɔ ʁ t
Passwortschutz	p a s v ɔ ʁ t ʃ ʊ t s
Passwortsicherheit	p a s v ɔ ʁ t z ɪ ç ɐ h a ɪ̯ t
Pastetenteige	p a s t eː t ə n t a ɪ ɡ ə
Pastetenteiges	p a s t eː t ə n t a ɪ ɡ ə s
Pastetenteigs	p a s t eː t ə n t a ɪ ɡ s
Paten	p aː t n̩
Pater	p aː t ɐ
Pathologie	p a t o l o ɡ iː
Patience	p a s j ãː s
Patienten	pʰ a t s i̯ ɛ n t n̩
Patissier	p a t i s i̯ eː
Patrontasche	p a t ʁ oː n t a ʃ ə
Patrozinium	p a t ʁ o t͡s iː n i̯ ʊ m
Patts	p a t s
Pattsituation	p a t z i t ʊ̯ a t͡s i̯ oː n
Pauker	p a ʊ̯ k ɐ
Pauperismus	p a ʊ̯ p e ʁ ɪ s m ʊ s
Pausbacke	p a ʊ̯ s b a k ə
Pauschalbetrag	p a ʊ̯ ʃ a l b ə t ʁ aː k
Pauschalbetrages	p a ʊ̯ ʃ a l b ə t ʁ aː ɡ ə s
Pauschalbetrags	p a ʊ̯ ʃ a l b ə t ʁ aː k s
Pauschalbeträge	p a ʊ̯ ʃ a l b ə t ʁ ɛː ɡ ə
Pauschalreise	p a ʊ̯ ʃ a l ʁ a ɪ̯ z ə
Pauschalreisen	p a ʊ̯ ʃ aː l ʁ a ɪ̯ z n̩
Pause	p a ʊ̯ z ə
Pausen	p a ʊ̯ z n̩
Pausen	p a ʊ̯ z ə n
Pausenraum	p a ʊ̯ z n̩ ʁ a ʊ̯ m
Pausenraumes	p a ʊ̯ z n̩ ʁ a ʊ̯ m ə s
Pausenräume	p a ʊ̯ z n̩ ʁ ɔ ɪ̯ m ə
Pavillon	p a v l̩ j ɔ ŋ
Pecannuss	p eː k aː n n ʊ s
Pecannüsse	p eː k aː n n ʏ s ə
Pecannüssen	p eː k aː n n ʏ s n̩
Pechnase	p ɛ ç n aː z ə
Pechvogel	p ɛ ç f oː ɡ l̩
Peitschenhieb	p a ɪ̯ t͡ʃ n̩ h iː p
Pekannüsse	p eː k aː n n ʏ s ə
Pekannüssen	p eː k aː n n ʏ s n̩
Pekari	p e k aː ʁ i
Peking	p eː k ɪ ŋ
Peloponnes	p ɛ l o p o n eː s
Peloton	p e l o t ɔ̃ː
Pelzhandel	p ɛ l t͡s h a n d l̩
Pelzhändlerin	p ɛ l t͡s h ɛ n t l ə ʁ ɪ n
Pelzhändlerinnen	p ɛ l t͡s h ɛ n t l ə ʁ ɪ n ə n
Pelzkappe	p ɛ l t͡s k a p ə
Pelzsingzikade	p ɛ l t͡s z ɪ ŋ t͡s i k aː d ə
Pelzsingzikaden	p ɛ l t͡s z ɪ ŋ t͡s i k aː d ə n
Pendant	p a n d a ŋ
Pendant	p ã d ãː
Pendant	p ɔ n d ɔ ŋ
Pendant	p ɔ̃ d ɔ̃ː
Pendler	p ɛ n d l ɐ
Pendlerpauschale	p ɛ n d l ɐ p a ʊ̯ ʃ aː l ə
Pendlerpauschalen	p ɛ n d l ɐ p a ʊ̯ ʃ aː l ə n
Pendlerverkehr	p ɛ n d l ɐ f ɛ ɐ̯ k eː ɐ̯
Penisvergrößerung	p eː n ɪ s f ɛ ɐ̯ ɡ ʁ øː s ə ʁ ʊ ŋ
Pennewang	p ɛ n ə v a ŋ
Pennewanger	p ɛ n ə v a ŋ ɐ
Pennewangerin	p ɛ n ə v a ŋ ə ʁ ɪ n
Pennewangerinnen	p ɛ n ə v a ŋ ə ʁ ɪ n ə n
Pennewangers	p ɛ n ə v a ŋ ɐ s
Pennewangs	p ɛ n ə v a ŋ s
Pennsylvaniens	p ɛ n z ɪ l v aː n i̯ ə n s
Pennsylvanier	p ɛ n z ɪ l v aː n i̯ ɐ
Pennsylvanierin	p ɛ n z ɪ l v aː n i̯ ə ʁ ɪ n
Pennsylvanierinnen	p ɛ n z ɪ l v aː n i̯ ə ʁ ɪ n ə n
Pennsylvaniers	p ɛ n z ɪ l v aː n i̯ ɐ s
Pennäler	p ɛ n eː l ɐ
Pennäler	p ɛ n ɛː l ɐ
Pensionist	p ɛ n s i̯ o n ɪ s t
Pentameter	p ɛ n t aː m e t ɐ
Pentameters	p ɛ n t aː m e t ɐ s
Pentanal	p ɛ n t a n aː l
Pentanals	p ɛ n t a n aː l s
Pentanol	p ɛ n t a n oː l
Pentanole	p ɛ n t a n oː l ə
Pentanols	p ɛ n t a n oː l s
Pentansäure	p ɛ n t aː n z ɔ ɪ̯ ʁ ə
Penten	p ɛ n t eː n
Pentoxyd	p ɛ n t ɔ k s iː t
Pentoxyd	p ɛ n t ɔ k s yː t
Pentylacetat	p ɛ n t yː l ʔ a t͡s ə t aː t
Pentylacetats	p ɛ n t yː l ʔ a t͡s ə t aː t͡s
Pentylalkohol	p ɛ n t yː l ʔ a l k o h oː l
Pentylazetat	p ɛ n t yː l ʔ a t͡s ə t aː t
Pentylgruppe	p ɛ n t yː l ɡ ʁ ʊ p ə
Penunze	p e n ʊ n t͡s ə
Performanz	p ɛ ɐ̯ f ɔ ɐ̯ m a n t͡s
Performanz	p ɛ ʁ f ɔ ʁ m a n t͡s
Periode	p e ʁ i oː d ə
Periode	p ɛ ɐ̯ j oː d ə
Perlenhändlerin	p ɛ ʁ l ə n h ɛ n d l ə ʁ ɪ n
Perlenhändlerinnen	p ɛ ʁ l ə n h ɛ n d l ə ʁ ɪ n ə n
Perlentaucher	p ɛ ʁ l ə n t a ʊ̯ x ɐ
Perlhuhn	pʰ ɛ ʁ l h uː n
Perlwein	p ɛ ʁ l v a ɪ̯ n
Peroxyd	p ɛ ʁ ʔ ɔ k s iː t
Peroxyd	p ɛ ʁ ʔ ɔ k s yː t
Perser	p ɛ ʁ z ɐ
Perserkatze	p ɛ ʁ z ɐ k a t s ə
Perserteppich	p ɛ ʁ z ɐ t ɛ p ɪ ç
Person	p ɛ ɐ̯ z oː n
Person	p ɛ ʁ z oː n
Personalabbau	p ɛ ɐ̯ z o n aː l ʔ a p b a ʊ̯
Personalaufbau	p ɛ ʁ z o n aː l a ʊ̯ f b a ʊ̯
Personaler	p ɛ ʁ z o n aː l ɐ
Persönlichkeit	pʰ ɛ ɐ̯ z øː n l ɪ ç kʰ a ɪ̯ tʰ
Persönlichkeiten	pʰ ɛ ɐ̯ z øː n l ɪ ç kʰ a ɪ̯ tʰ ə n
Perversion	p ɛ ʁ v ɛ ʁ z i̯ oː n
Perversionen	p ɛ ʁ v ɛ ʁ z i̯ oː n ə n
Perücke	p e ʁ ʏ k ə
Perückenmacher	p e ʁ ʏ k n̩ m a x ɐ
Pesto	p ɛ s t o
Petersburgerin	p eː t ɐ s b ʊ ʁ ɡ ə ʁ ɪ n
Petersburgerinnen	p eː t ɐ s b ʊ ʁ ɡ ə ʁ ɪ n ə n
Petrodollar	p eː t ʁ o d ɔ l a ʁ
Petrodollar	p ɛ t ʁ o d ɔ l a ʁ
Pfader	p f aː d ɐ
Pfaffenhofener	p͡f a f n̩ h oː f n̩ ɐ
Pfaffenhofenerin	p͡f a f n̩ h oː f n̩ ə ʁ ɪ n
Pfaffenhofenerinnen	p͡f a f n̩ h oː f n̩ ə ʁ ɪ n ə n
Pfaffenhofeners	p͡f a f n̩ h oː f n̩ ɐ s
Pfaffenhofens	p͡f a f n̩ h oː f n̩ s
Pfaffinger	p͡f a f ɪ ŋ ɐ
Pfaffingerin	p͡f a f ɪ ŋ ə ʁ ɪ n
Pfaffingerinnen	p͡f a f ɪ ŋ ə ʁ ɪ n ə n
Pfaffingers	p͡f a f ɪ ŋ ɐ s
Pfalz	p͡f a l t͡s
Pfalzkapelle	p͡f a l t͡s k a p ɛ l ə
Pfalzkapellen	p͡f a l t͡s k a p ɛ l ə n
Pfarrer	f a ʁ ɐ
Pfarrer	f ɑ ʁ ɐ
Pfarrer	p f ɑ r ɐ
Pfarrer	p f ɑ rː ɐ
Pfarrer	p f ɑ rː ə r
Pfarrer	p f ɑ ʁ ɐ
Pfarrkirche	p͡f a ʁ k ɪ ʁ ç ə
Pfarrkirchen	p͡f a ʁ k ɪ ʁ ç n̩
Pfarrwerfen	p͡f a ʁ v ɛ ʁ f n̩
Pfarrwerfens	p͡f a ʁ v ɛ ʁ f n̩ s
Pfauenfeder	p͡f a ʊ̯ ə n f eː d ɐ
Pfautaube	p f a ʊ̯ tʰ a ʊ̯ b ə
Pfefferkuchen	p f ɛ f ɐ k uː x n̩
Pfefferminzblatt	p f ɛ f ɐ m ɪ n t͡s b l a t
Pfefferminzblattes	p f ɛ f ɐ m ɪ n t͡s b l a t ə s
Pfefferminzblatts	p f ɛ f ɐ m ɪ n t͡s b l a t s
Pfefferminztee	p͡f ɛ f ɐ m ɪ n t͡s t eː
Pfefferminztees	p͡f ɛ f ɐ m ɪ n t͡s t eː s
Pfefferminzöl	p f ɛ f ɐ m ɪ n t͡s ʔ øː l
Pfefferminzöle	p f ɛ f ɐ m ɪ n t͡s ʔ øː l ə
Pfefferminzöles	p f ɛ f ɐ m ɪ n t͡s ʔ øː l ə s
Pfefferminzöls	p f ɛ f ɐ m ɪ n t͡s ʔ øː l s
Pfeiferl	p͡f a ɛ̯ f ɐ l
Pfeiflein	p͡f a ɪ̯ f l a ɪ̯ n
Pfeifregister	p f a ɪ̯ f ʁ e ɡ ɪ s t ɐ
Pfeifregisters	p f a ɪ̯ f ʁ e ɡ ɪ s t ɐ s
Pfeilschuß	p͡f a ɪ̯ l ʃ ʊ s
Pfennigmünze	p f ɛ n ɪ ç m ʏ n t͡s ə
Pfennigmünzen	p f ɛ n ɪ ç m ʏ n t͡s ə n
Pfennigstück	p͡f ɛ n ɪ ç ʃ t ʏ k
Pferch	f ɛ ɐ̯ ç
Pferch	f ɛ ʁ ç
Pferch	p f ɛ r x
Pferch	p f ɛ r ç
Pferch	p f ɛ ɐ̯ x
Pferch	p f ɛ ɐ̯ ç
Pferch	p f ɛ ʁ ç
Pferd	f eː ɐ̯ t
Pferd	f ɛ ɐ̯ t
Pferd	p f eː ɐ̯ t
Pferd	p f ɛ r t
Pferd	p f ɛ ɐ̯ t
Pferdeapfel	p͡f eː ɐ̯ d ə ʔ a p͡f l̩
Pferdedieb	p͡f eː ɐ̯ d ə d iː p
Pferdediebin	p͡f eː ɐ̯ d ə d iː b ɪ n
Pferdediebinnen	p͡f eː ɐ̯ d ə d iː b ɪ n ə n
Pferdefleisch	p͡f eː ɐ̯ d ə f l a ɪ̯ ʃ
Pferdegeschirr	p͡f eː ɐ̯ d ə ɡ ə ʃ ɪ ʁ
Pferdeherde	p͡f eː ɐ̯ d ə h eː ɐ̯ d ə
Pferdekuss	p͡f eː ɐ̯ d ə k ʊ s
Pferdekuss	p͡f ɛ ʁ d ə k ʊ s
Pferdeminze	p͡f eː ɐ̯ d ə m ɪ n t͡s ə
Pferdesattel	p͡f eː ɐ̯ d ə z a t l̩
Pferdesattels	p͡f eː ɐ̯ d ə z a t l̩ s
Pferdestall	p͡f eː ɐ̯ d ə ʃ t a l
Pferdesättel	p͡f eː ɐ̯ d ə z ɛ t l̩
Pfersich	p f ɛ r z ɪ ç
Pfersich	p͡f ɛ ɾ z ɪ ç
Pfingstmontag	p f ɪ ŋ s t m oː n t aː k
Pfirsich	f ɪ ɐ̯ z ɪ ç
Pfirsich	f ɪ ʁ z ɪ ç
Pfirsich	p f ɪ r z ɪ ç
Pfirsich	p f ɪ ɐ̯ z ɪ ç
Pfirsich	p f ɪ ʁ z ɪ ç
Pflanze	p f l a n s ə
Pflanze	p f l a n t s ə
Pflanzenart	p͡f l a n t͡s n̩ ʔ aː ɐ̯ t
Pflanzenfamilie	p͡f l a n t͡s n̩ f a m iː l i̯ ə
Pflanzenfett	p͡f l a n t͡s n̩ f ɛ t
Pflanzenfette	p͡f l a n t͡s n̩ f ɛ t ə
Pflanzenfettes	p͡f l a n t͡s n̩ f ɛ t ə s
Pflanzenfetts	p͡f l a n t͡s n̩ f ɛ t s
Pflanzenfresser	p͡f l a n t͡s n̩ f ʁ ɛ s ɐ
Pflanzenkundler	p f l a n t͡s n̩ k ʊ n d l ɐ
Pflanzenkundlerin	p f l a n t͡s n̩ k ʊ n d l ə ʁ ɪ n
Pflanzenkundlerinnen	p f l a n t͡s n̩ k ʊ n d l ə ʁ ɪ n ə n
Pflanzenkundlers	p f l a n t͡s n̩ k ʊ n d l ɐ s
Pflanzenspezies	p͡f l a n t͡s n̩ ʃ p eː t͡s i̯ ɛ s
Pflanzenwespe	p f l a n t s n̩ v ɛ s p ə
Pflanzenwespen	p f l a n t s n̩ v ɛ s p n̩
Pflanzenöl	p͡f l a n t͡s n̩ ʔ øː l
Pflanzholz	p͡f l a n t͡s h ɔ l t͡s
Pflanzholzes	p͡f l a n t͡s h ɔ l t͡s ə s
Pflanzhölzer	p͡f l a n t͡s h œ l t͡s ɐ
Pflanzung	p͡f l a n t͡s ʊ ŋ
Pflanzungen	p͡f l a n t͡s ʊ ŋ ə n
Pflasterstein	p͡f l a s t ɐ ʃ t a ɪ̯ n
Pflaum	p f l a ʊ̯ m
Pflegling	f l eː k l ɪ ŋ
Pflegling	p f l eː k l ɪ ŋ
Pflichtbewusstsein	p f l ɪ ç t b ə v ʊ s t z a ɪ̯ n
Pflichten	p͡f l ɪ ç t n̩
Pflichterfüllung	p f l ɪ ç t ʔ ɛ ɐ̯ f ʏ l ʊ ŋ
Pflichtfach	p͡f l ɪ ç t f a χ
Pfluges	p f l uː ɡ ə s
Pflugs	p f l uː k s
Pflänzchen	f l ɛ n t͡s ç ə n
Pflänzchen	p͡f l ɛ n t͡s ç ə n
Pflüge	p f l yː ɡ ə
Pforte	p f ɔ ɐ̯ t ə
Pforte	p f ɔ ʁ t ə
Pforzheimer	p͡f ɔ ʁ t͡s h a ɪ̯ m ɐ
Pforzheimerin	p͡f ɔ ʁ t͡s h a ɪ̯ m ə ʁ ɪ n
Pforzheimerinnen	p͡f ɔ ʁ t͡s h a ɪ̯ m ə ʁ ɪ n ə n
Pforzheimers	p͡f ɔ ʁ t͡s h a ɪ̯ m ɐ s
Pforzheims	p͡f ɔ ʁ t͡s h a ɪ̯ m s
Pfosten	p f ɔ s t n̩
Pfosten	p f ɔ s t ə n
Pfriemenkresse	p͡f ʁ iː m ə n k ʁ ɛ s ə
Pfropf	f ʁ ɔ p ɸ
Pfropfen	f ʁ ɔ p ɸ n̩
Pfropfen	p f r ɔ p f ɱ̩
Pfullinger	p͡f ʊ l ɪ ŋ ɐ
Pfullingerin	p͡f ʊ l ɪ ŋ ə ʁ ɪ n
Pfullingerinnen	p͡f ʊ l ɪ ŋ ə ʁ ɪ n ə n
Pfullingers	p͡f ʊ l ɪ ŋ ɐ s
Pfädchen	p f ɛː t ç ə n
Pfälzerwald	p͡f ɛ l t͡s ɐ v a l t
Pfälzerwaldes	p͡f ɛ l t͡s ɐ v a l d ə s
Pfälzerwalds	p͡f ɛ l t͡s ɐ v a l t͡s
Pförtchen	p͡f œ ʁ t ç ə n
Pfötchen	p f øː t ç n̩
Pfötchen	p f øː t ç ə n
Phantasterei	f a n t a s t ə ʁ a ɪ̯
Phantomaktie	f a n t o m a k t͡s i ə
Pharmaexport	f a ʁ m a ʔ ɛ k s p ɔ ʁ t
Pharmaexporte	f a ʁ m a ʔ ɛ k s p ɔ ʁ t ə
Pharmaexportes	f a ʁ m a ʔ ɛ k s p ɔ ʁ t ə s
Pharmaexports	f a ʁ m a ʔ ɛ k s p ɔ ʁ t s
Phasenraum	f aː z n̩ ʁ a ʊ̯ m
Phasenraumes	f aː z n̩ ʁ a ʊ̯ m ə s
Phasenraums	f aː z n̩ ʁ a ʊ̯ m s
Philatelistin	f i l a t e l ɪ s t ɪ n
Philatelistinnen	f i l a t e l ɪ s t ɪ n ə n
Philosophie	f ɪ l o z o f iː
Phishing	f ɪ ʃ ɪ ŋ
Phishings	f ɪ ʃ ɪ ŋ s
Phosphorbombe	f ɔ s f oː ɐ̯ b ɔ m b ə
Photograph	f o t o ɡ ʁ aː f
Phylogenie	f y l o ɡ e n iː
Physikerinnen	f yː z ɪ k ə ʁ ɪ n ə n
Pi	p iː
Pia	p iː a
Pickelhaube	p ɪ k l̩ h a ʊ̯ b ə
Pidgin	p ɪ d͡ʒ ɪ n
Piemonts	p i̯ e m ɔ n t͡s
Pieper	pʰ iː p ɐ
Pier	p i ɐ̯
Pier	p iː ɐ̯
Piercing	p iː ɐ̯ s ɪ ŋ
Pils	p ɪ l s
Pils	p ɪ l t s
Pilsbacher	p ɪ l s b a x ɐ
Pilsbacherin	p ɪ l s b a x ə ʁ ɪ n
Pilsbacherinnen	p ɪ l s b a x ə ʁ ɪ n ə n
Pilsbachers	p ɪ l s b a x ɐ s
Pilz	b̥ i l t s
Pilz	p ɪ l s
Pilz	p ɪ l t s
Pilze	pʰ ɪ l t͡s ə
Pilzes	pʰ ɪ l t͡s ə s
Pilzkundler	p ɪ l s k ʊ n d l ɐ
Pilzkundlerin	p ɪ l s k ʊ n d l ə ʁ ɪ n
Pilzkundlerinnen	p ɪ l s k ʊ n d l ə ʁ ɪ n ə n
Pilzkundlers	p ɪ l s k ʊ n d l ɐ s
Pilzwolke	p ɪ l t͡s v ɔ l k ə
Piment	p i m ɛ n t
Pinakothek	p i n a k o t eː k
Pingeligkeit	p ɪ ŋ ə l ɪ ç k a ɪ̯ t
Pinguin	p ɪ ŋ ɡ u iː n
Pinguin	p ɪ ŋ ɡ ʋ iː n
Pinie	p iː n i ə
Pinie	p iː n j ə
Pinkepinke	p ɪ ŋ k ə p ɪ ŋ k ə
Pinschers	p ɪ n ʃ ɐ s
Pinsdorfer	p ɪ n s d ɔ ʁ f ɐ
Pinsdorferin	p ɪ n s d ɔ ʁ f ə ʁ ɪ n
Pinsdorferinnen	p ɪ n s d ɔ ʁ f ə ʁ ɪ n ə n
Pinsdorfers	p ɪ n s d ɔ ʁ f ɐ s
Pinsel	p ɪ n z l̩
Pint	p ɪ n t
Pippau	p ɪ p a ʊ̯
Pirat	pʰ i ʁ aː tʰ
Piratennest	p i ʁ aː t n̩ n ɛ s t
Piratenschiff	pʰ i ʁ aː tʰ n̩ ʃ ɪ f
Piratensender	pʰ i ʁ aː t n̩ z ɛ n d ɐ
Piratin	pʰ i ʁ aː tʰ ɪ n
Pirschen	p ɪ ʁ ʃ n̩
Pis	p iː s
Pissoir	p ɪ s o̯ aː
Pissoir	p ɪ s o̯ aː r
Pissoir	p ɪ s o̯ aː ɐ̯
Pistol	p ɪ s t oː l
Pivitsheide	p i v ɪ t͡s h a ɪ̯ d ə
Pizza	p ɪ t͡s a
Pizza	p ɪ t͡s ɐ
Pizzaboten	p ɪ t͡s a b oː t n̩
Pizzabotin	p ɪ t͡s a b oː t ɪ n
Pizzabotinnen	p ɪ t͡s a b oː t ɪ n ə n
Pizzabäcker	p ɪ t͡s a b ɛ k ɐ
Pizzabäckerin	p ɪ t͡s a b ɛ k ə ʁ ɪ n
Pizzabäckerinnen	p ɪ t͡s a b ɛ k ə ʁ ɪ n ə n
Pizzabäckers	p ɪ t͡s a b ɛ k ɐ s
Pizzateig	p ɪ t s a t a ɪ̯ k
Piñata	p i n j a t a
Piñata	p i ɲ a t a
Pjotr	p j ɔ t r̩
Pjotr	p j ɔ t ɐ
Pjotr	p j ɔ t ʁ̩
Pjotr	p j ɔ t χ
Plabutsch	p l a b ʊ t͡ʃ
Plackerei	p l a k ə ʁ a ɪ̯
Plagiator	p l a ɡ i̯ a t o ʁ
Plagiatorin	p l a ɡ i̯ a t oː ʁ ɪ n
Planspiel	p l aː n ʃ p iː l
Planwagen	p l aː n v aː ɡ n̩
Plasma	p l a s m a
Plasmaspiegel	p l a s m a ʃ p iː ɡ l̩
Plasmaspiegel	p l a s m a ʃ p iː ɡ ə l
Plastikdeckel	p l a s t ɪ k d ɛ k l̩
Plastikdeckels	p l a s t ɪ k d ɛ k l̩ s
Plastikgäbelchen	p l a s t ɪ k ɡ ɛː b ə l ç ə n
Plastiklöffelchen	p l a s t ɪ k l œ f l̩ ç ə n
Plastikmesserchen	p l a s t ɪ k m ɛ s ɐ ç ə n
Plastiksäcke	p l a s t ɪ k z ɛ k ə
Platane	p l a t aː n ə
Platte	p l a t t ə
Platte	p l a t ə
Plattengeschäften	p l a t n̩ ɡ ə ʃ ɛ f t n̩
Plattenplatz	p l a t n̩ p l a t͡s
Plattensee	p l a t n̩ z eː
Plattensees	p l a t n̩ z eː s
Plattentektonik	p l a t n̩ t ɛ k t oː n ɪ k
Plattformökonomie	p l a t f ɔ ʁ m ʔ ø k o n o m iː
Platts	p l a t s
Platzhalter	p l a t͡s h a l t ɐ
Platzhalters	p l a t͡s h a l t ɐ s
Platzierungsrisiko	p l a t͡s iː ʁ ʊ ŋ s ʁ iː z i k o
Platzierungszusage	p l a t͡s iː ʁ ʊ ŋ s t͡s uː z aː ɡ ə
Platzverschwendung	p l a t͡s f ɐ ʃ ʋ ɛ n d ʊ ŋ
Plauderer	p l a ʊ̯ d ə ʁ ɐ
Plauderin	p l a ʊ̯ d ə ʁ ɪ n
Plaudern	pʰ l a ʊ̯ d ɐ n
Plauderton	p l a ʊ̯ d ɐ t oː n
Pleistozän	p l a ɪ̯ s t o t͡s ɛː n
Plenk	p l ɛ ŋ k
Plettenberg	p l ɛ t n̩ b ɛ ʁ k
Plettenberger	p l ɛ t n̩ b ɛ ʁ ɡ ɐ
Plettenbergerin	p l ɛ t n̩ b ɛ ʁ ɡ ə ʁ ɪ n
Plettenbergerinnen	p l ɛ t n̩ b ɛ ʁ ɡ ə ʁ ɪ n ə n
Plettenbergers	p l ɛ t n̩ b ɛ ʁ ɡ ɐ s
Plettenbergs	p l ɛ t n̩ b ɛ ʁ k s
Plinse	p l ɪ n z ə
Pliozän	p l i o t͡s ɛː n
Plockwurst	p l ɔ k v ʊ ʁ s t
Plumpsack	p l ʊ m p z a k
Plumpsen	p l ʊ m p s n̩
Plumpuddingmodell	p l ʌ m p ʊ d ɪ ŋ̩ m o d ɛ l
Plumpuddingmodelle	p l ʌ m p ʊ d ɪ ŋ̩ m o d ɛ l ə
Plumpuddingmodells	p l ʌ m p ʊ d ɪ ŋ̩ m o d ɛ l s
Plural	p l uː ʁ aː l
Pluraletantum	p l u ʁ aː l ə t a n t ʊ m
Pluraletantums	p l u ʁ aː l ə t a n t ʊ m s
Pluraliatantum	p l u ʁ aː l i̯ a t a n t ʊ m
Pluralwort	p l uː ʁ aː l v ɔ ʁ t
Plus	p l ʊ s
Pluspunkt	p l ʊ s p ʊ ŋ k t
Plutonium	p l u t oː n i̯ ʊ m
Plädoyer	p l ɛ d o j eː
Plädoyer	p l ɛ d o̯ a j eː
Pläne	p l eː n ə
Pläne	p l ɛː n ə
Plänen	p l ɛː n ə n
Pläsier	p l ɛ z iː ɐ̯
Plünderers	p l ʏ n d ə ʁ ɐ s
Plünderin	p l y n d ɛ ʁ i n
Plünderinnen	p l y n d ɛ ʁ i n ɛ n
Pneumaturie	p n ɔ ʏ̯ m a t u ʁ iː
Pocken	p ɔ k ŋ̩
Pocken	p ɔ k ə n
Pockenimpfung	p ɔ k n̩ ʔ ɪ m p͡f ʊ ŋ
Podiumsdiskussion	p oː d i̯ ʊ m s d ɪ s k ʊ s i̯ oː n
Podiumsgespräch	p oː d i̯ ʊ m s ɡ ə ʃ p r ɛː ç
Poet	p o eː t
Poet	p o ʔ eː t
Pokémon	p oː k e m ɔ n
Polareis	p o l aː ɐ̯ ʔ a ɪ̯ s
Polareis	p o l aː ʔ a ɪ̯ s
Polarfuchs	p o l aː ɐ̯ f ʊ k s
Polarkoordinatensystem	p o l aː ɐ̯ k o ʔ ɔ ʁ d i n aː t n̩ z ʏ s t eː m
Polarluft	p o l aː ɐ̯ l ʊ f t
Polarnacht	p o l aː ɐ̯ n a χ t
Polin	p oː l ɪ n
Politesse	p o l i t ɛ s ə
Politiken	p o l iː t i k n̩
Politiken	p o l ɪ t ɪ k n̩
Polizei	p o l i t͡s a ɪ̯
Polizeibericht	p o l i t͡s a ɪ̯ b ə ʁ ɪ ç t
Polizisten	pʰ o l i t͡s ɪ s t n̩
Polkatänzer	p ɔ l k a t ɛ n t͡s ɐ
Polkatänzerin	p ɔ l k a t ɛ n t͡s ə ʁ ɪ n
Polkatänzers	p ɔ l k a t ɛ n t͡s ɐ s
Polnisch	p ɔ l n ɪ ʃ
Polonistik	pʰ o l o n ɪ s t ɪ kʰ
Polsterschlacht	p ɔ l s t ɐ ʃ l a χ t
Polymer	pʰ o l i m eː ɐ̯
Polytheismus	p o l y t e ʔ ɪ s m ʊ s
Pomelo	p o m eː l o
Pomelo	pʰ ɔ m eː l o
Pommdöner	pʰ ɔ m d øː n ɐ
Pommer	p ɔ m ɐ
Pommern	p ɔ m ɐ n
Pommesarm	pʰ ɔ m ə s ʔ a ɐ̯ m
Pommesärmchen	pʰ ɔ m ə s ʔ ɛ ɐ̯ m ç ə n
Pomologe	p o m o l oː ɡ ə
Pomologie	p o m o l o ɡ iː
Pomologin	p o m o l oː ɡ ɪ n
Pomorane	p o m o ʁ aː n ə
Popsch	b̥ o̞ b̥ ʃ
Popstar	p ɔ p s t aː ɐ̯
Popstar	p ɔ p ʃ t aː ɐ̯
Porsche	b̥ ɔ ɐ̯ ʃ ɛ
Porsche	p ɔ r ʃ ɛ
Porsche	p ɔ ɐ̯ ʃ ɛ
Porsche	p ɔ ʁ ʃ ə
Porst	p ɔ ɐ̯ s t
Port	p ɔ ɐ̯ t
Port	p ɔ ʁ t
Port	p ɔː t
Porta	pʰ ɔ ɐ̯ t a
Portaner	pʰ ɔ ɐ̯ tʰ äː n ɐ
Portefeuille	p ɔ ʁ t f œ ɪ̯
Portefeuille	p ɔ ʁ t ə f œ ɪ̯
Portfolio	p o ɐ̯ t f oː l i̯ o
Portfolio	p o ʁ t f oː l i̯ o
Portfoliomanagement	p ɔ ʁ t f oː l i o m ɛ n ə d͡ʒ m ə n t
Portfoliostruktur	p ɔ ʁ t f oː l i̯ o s t ʁ ʊ k t uː ɐ̯
Portfolioumsatz	p ɔ ʁ t f oː l i̯ o ʔ ʊ m z a t͡s
Portfolioumschlag	p ɔ ʁ t f oː l i̯ o ʔ ʊ m ʃ l aː k
Porträt	p ɔ ʁ t ʁ ɛː
Portugal	p ɔ ɐ̯ t u ɡ a l
Portulak	pʰ ɔ r t u l a k
Portulak	pʰ ɔ ɐ̯ t u l a k
Portulak	pʰ ɔ ʁ t u l a k
Porzellan	p ɔ ʁ t͡s ɛ l aː n
Porzellanfigur	p ɔ ʁ t͡s ɛ l aː n f i ɡ uː ɐ̯
Porzellanvasen	p ɔ ʁ t͡s ɛ l aː n v aː z n̩
Posaune	p o z a ʊ̯ n ə
Posaunenchor	p o z a ʊ̯ n ə n k oː ɐ̯
Posaunenklang	p o z a ʊ̯ n ə n k l a ŋ
Posaunenspiel	p o z a ʊ̯ n ə n ʃ p iː l
Posaunenspielen	p o z a ʊ̯ n ə n ʃ p iː l ə n
Posaunenspieler	p o z a ʊ̯ n ə n ʃ p iː l ɐ
Posaunenspielers	p o z a ʊ̯ n ə n ʃ p iː l ɐ s
Poseidon	p o z a ɪ̯ d ɔ n
Posse	p ɔ s ə
Possen	p ɔ s n̩
Possessivkompositum	p ɔ s ɛ s iː f k ɔ m p oː z i t ʊ m
Possessivpronomen	p ɔ s ɛ s iː f p ʁ o n oː m ə n
Postanschrift	p ɔ s t a n ʃ ʁ ɪ f t
Postchequekonto	p ɔ s t ʃ ɛ k k ɔ n t o
Poster	p oː s t ɐ
Posters	p oː s t ɐ s
Postfach	pʰ ɔ s t f a χ
Posthorn	p ɔ s t h ɔ ʁ n
Posthornschnecke	p ɔ s t h ɔ ʁ n ʃ n ɛ k ə
Postkasten	p ɔ s t k a s t n̩
Postler	pʰ ɔ s t l ɐ
Postsack	p ɔ s t z a k
Postscheckkonto	p ɔ s t ʃ ɛ k k ɔ n t o
Postschließfach	p ɔ s t ʃ l iː s f a χ
Postschließfache	p ɔ s t ʃ l iː s f a x ə
Postschließfaches	p ɔ s t ʃ l iː s f a x ə s
Postschließfachs	p ɔ s t ʃ l iː s f a x s
Postschließfächer	p ɔ s t ʃ l iː s f ɛ ç ɐ
Postschließfächern	p ɔ s t ʃ l iː s f ɛ ç ɐ n
Power	p a ʊ̯ ɐ
Prachtstaffelschwanz	p ʁ a χ t ʃ t a f l̩ ʃ v a n s
Prachtstaffelschwanz	p ʁ a χ t ʃ t a f l̩ ʃ v a n t s
Prachtstaffelschwanzes	p ʁ a χ t ʃ t a f l̩ ʃ v a n t͡s ə s
Prachtstaffelschwänze	p ʁ a χ t ʃ t a f l̩ ʃ v ɛ n t͡s ə
Pragmatik	p ʁ a ɡ m aː t ɪ k
Prahm	p r aː m
Prahm	p ʁ aː m
Praktik	p ʁ a k t i k
Praktikant	p ʁ a k t i k a n t
Praktiken	p ʁ a k t i k ə n
Pranger	p ʁ a ŋ ɐ
Pranke	p ʁ̥ ä ŋ k ə
Predigtstuhl	p ʁ eː d ɪ k t ʃ t uː l
Predigtstuhl	p ʁ eː d ɪ ç t ʃ t uː l
Predigtstuhles	p ʁ eː d ɪ k t ʃ t uː l ə s
Predigtstuhles	p ʁ eː d ɪ ç t ʃ t uː l ə s
Predigtstuhls	p ʁ eː d ɪ k t ʃ t uː l s
Predigtstuhls	p ʁ eː d ɪ ç t ʃ t uː l s
Predigtstühle	p ʁ eː d ɪ k t ʃ t yː l ə
Predigtstühle	p ʁ eː d ɪ ç t ʃ t yː l ə
Preisausschreiben	p ʁ a ɪ̯ s a ʊ̯ s ʃ ʁ a ɪ̯ b n̩
Preisauszeichnung	p ʁ a ɪ̯ s ʔ a ʊ̯ s t s a ɪ̯ ç n ʊ ŋ
Preisdeckel	p ʁ a ɪ̯ s d ɛ k l̩
Preisdeckels	p ʁ a ɪ̯ s d ɛ k l̩ s
Preiserhöhung	p ʁ a ɪ̯ s ʔ ɛ ɐ̯ h øː ʊ ŋ
Preisgeben	p ʁ a ɪ̯ s ɡ eː b m̩
Preisstabilität	p ʁ a ɪ̯ s ʃ t a b i l i t ɛː t
Preistrieb	p ʁ a ɪ̯ s t ʁ iː p
Prekarisierung	p ʁ e kʰ a ʁ i z iː ʁ ʊ ŋ
Prellung	p ʁ ɛ l ʊ ŋ
Premier	p ʁ e m j eː
Premier	p ʁ ə m j eː
Pressehause	p ʁ ɛ s ə h a ʊ̯ z ə
Pressehäusern	p ʁ ɛ s ə h a ɔ ɪ̯ z ɐ n
Presseschau	p ʁ ɛ s ə ʃ a ʊ̯
Presseverlautbarung	p ʁ ɛ s ə f ɛ ɐ̯ l a ʊ̯ t b aː ʁ ʊ ŋ
Presseverlautbarungen	p ʁ ɛ s ə f ɛ ɐ̯ l a ʊ̯ t b aː ʁ ʊ ŋ ə n
Pressluft	p ʁ ɛ s l ʊ f t
Presszange	p ʁ ɛ s t s a ŋ ə
Preuße	p ʁ ɔ ɪ̯ s ə
Preußen	p ʁ ɔ ʏ̯ s n̩
Preußens	p ʁ ɔ ɪ̯ s n̩ s
Preußin	p ʁ ɔ ɪ̯ s ɪ n
Preußinnen	p ʁ ɔ ɪ̯ s ɪ n ə n
Priester	p ʁ iː s t ɐ
Primat	p ʁ i m aː t
Primfaktorzerlegung	p ʁ iː m f a k t oː ɐ̯ t͡s ɛ ɐ̯ l eː ɡ ʊ ŋ
Primärmarkt	p ʁ i m ɛː ɐ̯ m a ʁ k t
Primärsektor	p ʁ i m ɛː ɐ̯ z ɛ k t oː ɐ̯
Prinzess	p ʁ ɪ n t͡s ɛ s
Prinzeß	p ʁ ɪ n t͡s ɛ s
Priorat	p ʁ i o ʁ aː t
Privatbesitz	p r i v aː t b ə z ɪ t͡s
Privateigentum	p ʁ i v aː t ʔ a ɪ̯ ɡ n̩ t uː m
Privatpatient	p ʁ i v aː t p a t͡s i̯ ɛ n t
Privatpatienten	p ʁ i v aː t p a t͡s i̯ ɛ n t n̩
Privatpatientin	p ʁ i v aː t p a t͡s i̯ ɛ n t ɪ n
Privatpatientinnen	p ʁ i v aː t p a t͡s i̯ ɛ n t ɪ n ə n
Privatrecht	p ʁ i v aː t ʁ ɛ ç t
Privatrechtes	p ʁ i v aː t ʁ ɛ ç t ə s
Privatrechts	p ʁ i v aː t ʁ ɛ ç t͡s
Probefahrt	p ʁ oː b ə f aː ɐ̯ t
Problemlösung	p ʁ o b l eː m l øː z ʊ ŋ
Procedere	p ʁ o t͡s eː d ə ʁ ə
Produkt	p ʁ o d ʊ k t
Produktionsanlagen	p ʁ o d ʊ k t͡s i̯ oː n s ʔ a n l aː ɡ n̩
Produktionsanlagen	p ʁ o d ʊ k t͡s i̯ oː n s ʔ a n l aː ɡ ŋ̩
Produktlebenszyklus	p ʁ o d ʊ k t s l eː b n̩ s t͡s yː k l ʊ s
Profitänzern	p ʁ oː f i t ɛ n t͡s ɐ n
Programm	p ʁ o ɡ ʁ ä m
Programmierschnittstelle	p ʁ o ɡ ʁ a m iː ɐ̯ ʃ n ɪ t ʃ t ɛ l ə
Programmiersprache	p ʁ o ɡ ʁ a m iː ɐ̯ ʃ p ʁ aː x ə
Projekte	p ʁ o j ɛ k t ə
Projektil	p ʁ o j ɛ k t iː l
Prolet	p ʁ o l eː t
Promoter	p r o m oː t ɐ
Promoter	p r o m ɔ ʊ̯ t ɐ
Propaganda	p ʁ o p a ɡ a n d a
Propanal	p ʁ o p a n aː l
Propanals	p ʁ o p a n aː l s
Propanol	p ʁ o p a n oː l
Propanon	p ʁ o p a n oː n
Propansäure	p ʁ o p aː n z ɔ ɪ̯ ʁ ə
Proparoxytonon	p ʁ o p a ʁ ɔ k s yː t o n ɔ n
Propeller	p ʁ o p ɛ l ɐ
Propellerflugzeug	p ʁ o p ɛ l ɐ f l uː k t͡s ɔ ɪ̯ k
Propellerflügel	p ʁ o p ɛ l ɐ f l yː ɡ l̩
Propen	p ʁ o p eː n
Prophetengefährte	p ʁ o f eː t n̩ ɡ ə f ɛ ɐ̯ t ə
Prophetengefährte	p ʁ o f eː t n̩ ɡ ə f ɛː ɐ̯ t ə
Prophezeiung	p ʁ o f e t͡s a ɪ̯ ʊ ŋ
Propionaldehyd	p ʁ o p i oː n ʔ a l d ə h ʏ t
Propionsäure	p ʁ o p i̯ oː n z ɔ ɪ̯ ʁ ə
Proportion	p ʁ o p ɔ ʁ t͡s i̯ oː n
Proposition	p ʁ o p o z i t͡s i̯ oː n
Proppen	p ʁ ɔ p m̩
Proppen	p ʁ ɔ p ə n
Propylacetat	p ʁ o p yː l ʔ a t͡s ə t aː t
Propylacetate	p ʁ o p yː l ʔ a t͡s ə t aː t ə
Propylacetats	p ʁ o p yː l ʔ a t͡s ə t aː t͡s
Propylaldehyd	p ʁ o p y l ʔ a l d ə h ʏ t
Propylaldehyds	p ʁ o p y l ʔ a l d ə h ʏ t s
Propylalkohol	p ʁ o p yː l ʔ a l k o h oː l
Propylen	p ʁ o p y l eː n
Propylgruppe	p ʁ o p yː l ɡ ʁ ʊ p ə
Prostata	p ʁ ɔ s t a t a
Protektionismus	p ʁ o t ɛ k t͡s i̯ o n ɪ s m ʊ s
Protest	p ʁ o t ɛ s t
Protokollant	p ʁ o t o k ɔ l a n t
Provinznest	p ʁ o v ɪ n t͡s n ɛ s t
Provokateur	p ʁ o v o kʰ a tʰ øː ɐ̯
Provokateurin	p ʁ o v o kʰ a tʰ øː ɐ̯ ʁ ɪ n
Prozedere	p ʁ o t͡s eː d ə ʁ ə
Prozedur	p ʁ o t͡s e d uː ɐ̯
Prozessor	p ʁ o t͡s ɛ s oː ɐ̯
Prunk	p ʁ ʊ ŋ k
Prußisch	p ʁ uː s ɪ ʃ
Prußische	p ʁ uː s ɪ ʃ ə
Prußischen	p ʁ uː s ɪ ʃ n̩
Prußischs	p ʁ uː s ɪ ʃ s
Prädisponieren	p ʁ ɛ d ɪ s p o n iː ʁ ə n
Prädisponierer	p ʁ ɛ d ɪ s p o n iː ʁ ɐ
Präfiguration	p ʁ ɛ f i ɡ u r a t͡s i̯ oː n
Präfigurationen	p ʁ ɛ f i ɡ u r a t͡s i̯ oː n ə n
Präsent	p ʁ ɛ z ɛ n t
Präsident	p ʁ e z i d ɛ n t
Präsident	p ʁ ɛ z i d ɛ n t
Prätendent	p ʁ ɛ t ɛ n d ɛ n t
Prätendent	p ʁ ɛː t ɛ n d ɛ n t
Präteritum	p ʁ ɛ t eː ʁ i t ʊ m
Präteritumperfekt	p ʁ ɛ t eː ʁ i t ʊ m p ɛ ʁ f ɛ k t
Prüfbericht	p ʁ yː f b ə ʁ ɪ ç t
Prüfstand	p ʁ yː f ʃ t a n t
Prüfstande	p ʁ yː f ʃ t a n d ə
Prüfstandes	p ʁ yː f ʃ t a n d ə s
Prüfstands	p ʁ yː f ʃ t a n t͡s
Prüfstände	p ʁ yː f ʃ t ɛ n d ə
Prüfständen	p ʁ yː f ʃ t ɛ n d n̩
Prügel	p ʁ yː ɡ ə l
Psalter	p s a l t ɐ
Psyche	p s yː ç ə
Psychiater	p s y ç aː t ɐ
Psychiatrie	p s y ç a t ʁ iː
Psychopath	p s y ç o p aː t
Psychopathie	p s y ç o p aː t iː
Psychopathin	p s y ç o p aː t ɪ n
Psychose	p s y ç oː z ə
Psychosen	p s y ç oː z n̩
Psychothriller	p s yː ç o θ r ɪ l ɐ
Ptosis	p t oː z ɪ s
Pudelmütze	p uː d l̩ m ʏ t͡s ə
Pudelmützen	p uː d l̩ m ʏ t͡s n̩
Puerperium	p u ɛ ʁ p eː ʁ i ʊ m
Puff	pʰ ʊ f
Pullis	p ʊ l iː s
Pultdach	p ʊ l t d a x
Pultdaches	p ʊ l t d a x ə s
Pultdachs	p ʊ l t d a x s
Pultdächer	p ʊ l t d ɛ ç ɐ
Pump	p ʊ m p
Pumpernickel	p ʊ m p ɐ n ɪ k l̩
Punkt	p ʊ ŋ k t
Punkt	p ʊ ŋ t
Punkten	p ʊ ŋ k t n̩
Pustel	p ʊ s t l̩
Putsche	p ʊ t͡ʃ ə
Putschversuch	p ʊ t͡ʃ f ɛ ɐ̯ z uː x
Putts	p ʊ t s
Putzen	p ʊ t s ə n
Putzlumpen	p ʊ t͡s l ʊ m p m̩
Putzlumpens	p ʊ t͡s l ʊ m p m̩ s
Putztuch	p ʊ t s t uː χ
Pyramide	p y ʁ a m iː d ə
Pyrenäen	p y ʁ e n ɛː ə n
Pächter	p ɛ ç t ɐ
Pächterin	p ɛ ç t ə r ɪ n
Pädagogik	p ɛ d a ɡ oː ɡ ɪ k
Pädophiler	p ɛ d o f iː l ɐ
Pädophilie	p eː d o f i l iː
Pädophilie	p ɛː d o f i l iː
Pöbelherrschaft	p øː b l̩ h ɛ ʁ ʃ a f t
Pöbels	p øː b l̩ s
Pöter	p øː t ɐ
Pöttinger	p œ t ɪ ŋ ɐ
Pöttingerin	p œ t ɪ ŋ ə ʁ ɪ n
Pöttingerinnen	p œ t ɪ ŋ ə ʁ ɪ n ə n
Pöttingers	p œ t ɪ ŋ ɐ s
Pümpel	p ʏ m p l̩
Pümpeln	p ʏ m p l̩ n
Pümpels	p ʏ m p l̩ s
Püppchen	p ʏ p ç ə n
Püppchens	p ʏ p ç ə n s
Püttlingen	p ʏ t l ɪ ŋ ə n
Püttlingens	p ʏ t l ɪ ŋ ə n s
Püttlinger	p ʏ t l ɪ ŋ ɐ
Püttlingerin	p ʏ t l ɪ ŋ ə ʁ ɪ n
Püttlingerinnen	p ʏ t l ɪ ŋ ə ʁ ɪ n ə n
Püttlingers	p ʏ t l ɪ ŋ ɐ s
Quacksalber	k ʋ a k z a l b ɐ
Quadrath	k ʋ aː t ʁ aː t
Quadratwurzel	k v a d ʁ aː t v ʊ ʁ t͡s l̩
Quadriga	k v a d ʁ iː ɡ a
Qual	kʰ ʋ äː l
Qualität	k ʋ a l i t ɛː t
Qualitäten	k v a l i t ɛː t n̩
Qualm	k v̥ a l m
Qualm	k ʋ a l m
Quantencomputer	k v a n t n̩ k ɔ m p j uː t ɐ
Quantencomputers	k v a n t n̩ k ɔ m p j uː t ɐ s
Quark	k v ɔ ʁ k
Quark	k ʋ a ɐ̯ k
Quark	k ʋ a ʁ k
Quark	k ʋ aː k
Quartal	k f aː tʰ ɑː l
Quartal	k ʋ ɑ r t ɑː l
Quartal	k ʋ ɑː tʰ ɑː l
Quartärsektor	k v a ʁ t ɛː ɐ̯ z ɛ k t oː ɐ̯
Quarz	k ʋ aː t͡s
Quarz	k ʋ aː ɐ̯ t s
Quarz	k ʋ aː ʁ t͡s
Quebec	k e b ɛ k
Quecke	k v ɛ k ə
Quelle	k ʋ ɛ l ə
Queller	k ʋ ɛ l ɐ
Quendel	k v ɛ n d l̩
Quendel	k v ɛ n d ə l
Querbalken	k v eː ɐ̯ b a l k n̩
Querbalken	k ʋ eː ɐ̯ b a l k ŋ̍
Quere	k v eː ʁ ə
Quereinsteiger	k v eː ɐ̯ ʔ a ɪ̯ n ʃ t a ɪ̯ ɡ ɐ
Querfront	k ʋ eː ɐ̯ f ʁ ɔ n t
Querfurts	k v eː ɐ̯ f ʊ ɐ̯ t s
Querholz	k v eː ɐ̯ h ɔ l t͡s
Querschiesser	k v eː ɐ̯ ʃ iː s ɐ
Querschießer	k v eː ɐ̯ ʃ iː s ɐ
Querschläger	k v eː ɐ̯ ʃ l ɛː ɡ ɐ
Querschnittstudie	k v eː ɐ̯ ʃ n ɪ t ʃ t uː d i̯ ə
Querschnittstudien	k v eː ɐ̯ ʃ n ɪ t ʃ t uː d i̯ ə n
Querstrichen	k v eː ɐ̯ ʃ t ʁ ɪ ç n̩
Quetsche	k v ɛ t͡ʃ ə
Quetschung	k v ɛ t͡ʃ ʊ ŋ
Quetzal	k ɛ t s a l
Quickborn	k ʋ ɪ k b ɔ ʁ n
Quickborners	k ʋ ɪ k b ɔ ʁ n ɐ s
Quieken	k v iː k n̩
Quintenzirkel	k v ɪ n t n̩ t͡s ɪ ʁ k l̩
Quirl	k v ɪ ɐ̯ l
Quirl	k v ɪ ʁ l
Quitte	k ʋ ɪ t ə
Quittung	kʰ v ɪ tʰ ʊ ŋ
Quote	kʰ w oː tʰ ə
Quote	kʰ ʋ̥ oː tʰ ə
Quotenschwarzer	k v oː t n̩ ʃ v a ʁ t͡s ɐ
Quälerei	k v ɛː l ə ʁ a ɪ̯
Quälereien	k v ɛː l ə ʁ a ɪ̯ ə n
Québec	k e b ɛ k
R	ɐ̯
R	ɾ
R	ʁ
R	ʔ ɛ ɐ̯
R	ʔ ɛ ʁ
R	ː
RNA	ʔ ɛ ʁ ʔ ɛ n ʔ aː
RNS	ʔ ɛ ʁ ʔ ɛ n ʔ ɛ s
Rache	ʁ ä χ ə
Rachen	ʁ a χ ə n
Rachen	ʁ ä χ n̩
Rachen	ʁ ä χ ŋ̍
Radar	ʁ a d aː
Radar	ʁ a d aː ɐ̯
Radar	ʁ aː d aː
Radar	ʁ aː d aː ɐ̯
Radeberger	ʁ aː d ə b ɛ ɐ̯ ɡ ɐ
Radebergerin	ʁ aː d ə b ɛ ɐ̯ ɡ ə ʁ ɪ n
Radebergerinnen	ʁ aː d ə b ɛ ɐ̯ ɡ ə ʁ ɪ n ə n
Radebergers	ʁ aː d ə b ɛ ɐ̯ ɡ ɐ s
Radebergs	ʁ aː d ə b ɛ ʁ k s
Radebeuler	ʁ aː d ə b ɔ ɪ̯ l ɐ
Radebeulerin	ʁ aː d ə b ɔ ɪ̯ l ə ʁ ɪ n
Radebeulerinnen	ʁ aː d ə b ɔ ɪ̯ l ə ʁ ɪ n ə n
Radebeulers	ʁ aː d ə b ɔ ɪ̯ l ɐ s
Radeburg	ʁ aː d ə b ʊ ʁ k
Radeburger	ʁ aː d ə b ʊ ʁ ɡ ɐ
Radeburgerin	ʁ aː d ə b ʊ ʁ ɡ ə ʁ ɪ n
Radeburgerinnen	ʁ aː d ə b ʊ ʁ ɡ ə ʁ ɪ n ə n
Radeburgers	ʁ aː d ə b ʊ ʁ ɡ ɐ s
Radeburgs	ʁ aː d ə b ʊ ʁ k s
Radevormwalder	ʁ aː d ə f oː ɐ̯ m v a l d ɐ
Radevormwalderin	ʁ aː d ə f oː ɐ̯ m v a l d ə ʁ ɪ n
Radevormwalderinnen	ʁ aː d ə f oː ɐ̯ m v a l d ə ʁ ɪ n ə n
Radevormwalders	ʁ aː d ə f oː ɐ̯ m v a l d ɐ s
Radio	ʁ aː d i o
Radio	ʁ aː d j o
Radiogerät	ʁ aː d i̯ o ɡ ə ʁ ɛː t
Radiorekorder	ʁ aː d i̯ o ʁ e k ɔ ʁ d ɐ
Radl	ʁ aː d l̩
Radrennen	ʁ aː t ʁ ɛ n ə n
Radrennfahrer	ʁ aː t ʁ ɛ n f aː ʁ ɐ
Radschlag	ʁ aː t ʃ l aː k
Radweg	ʁ aː t v eː k
Raffgier	ʁ a f ɡ iː ɐ̯
Raffzahn	ʁ a f t͡s aː n
Raffzahnes	ʁ a f t͡s aː n ə s
Raffzahns	ʁ a f t͡s aː n s
Raffzähne	ʁ a f t͡s eː n ə
Raffzähne	ʁ a f t͡s ɛː n ə
Raffzähnen	ʁ a f t͡s eː n ə n
Raffzähnen	ʁ a f t͡s ɛː n ə n
Ragwurz	ʁ aː k v ʊ ʁ t͡s
Ragwurzen	ʁ aː k v ʊ ʁ t͡s n̩
Rah	ʁ aː
Rahden	ʀ aː d n̩
Rahnen	ʁ aː n ə n
Raketenabschussrampe	ʁ a k eː t n̩ ʔ a p ʃ ʊ s ʁ a m p ə
Raketenabschussrampen	ʁ a k eː t n̩ ʔ a p ʃ ʊ s ʁ a m p ə n
Raketenrucksack	ʁ a k eː t n̩ ʁ ʊ k z a k
Raketenrucksackes	ʁ a k eː t n̩ ʁ ʊ k z a k ə s
Raketenrucksacks	ʁ a k eː t n̩ ʁ ʊ k z a k s
Raketenrucksäcke	ʁ a k eː t n̩ ʁ ʊ k z ɛ k ə
Raketenstart	ʁ a k eː t n̩ ʃ t a ʁ t
Raketenstartrampe	ʁ a k eː t n̩ ʃ t a ʁ t ʁ a m p ə
Raketenstartrampen	ʁ a k eː t n̩ ʃ t a ʁ t ʁ a m p ə n
Raketentestgelände	ʁ a k eː t n̩ t ɛ s t ɡ ə l ɛ n d ə
Raketentestgeländes	ʁ a k eː t n̩ t ɛ s t ɡ ə l ɛ n d ə s
Raketenwaffe	ʁ a k eː t n̩ v a f ə
Raketenwerfer	ʁ a k eː t n̩ v ɛ ʁ f ɐ
Rally	ʁ ɛ l i
Rampe	ʁ a m p ə
Ramschtisch	ʁ a m ʃ t ɪ ʃ
Randbemerkung	ʁ a n t b ə m ɛ ʁ k ʊ ŋ
Randthema	ʁ a n t t eː m a
Rang	ʁ a ŋ
Rang	ʁ a ŋ k
Ranke	ʁ a ŋ k ə
Ranken	ʁ a ŋ k ŋ̩
Ranken	ʁ a ŋ k ə n
Ranzen	r a n t͡s n̩
Ranzen	r a n t͡s ə n
Ranzen	ʁ a n t͡s n̩
Ranzen	ʁ a n t͡s ə n
Ranzigkeit	ʁ a n t͡s ɪ ç k a ɪ̯ t
Rappeln	ʁ a p l̩ n
Rapport	ʁ a p oː ɐ̯
Rapport	ʁ a p ɔ ʁ t
Rapunzel	ʁ a p ʊ n t͡s l̩
Rascheln	ʁ a ʃ l̩ n
Rasen	ʁ äː z n̩
Rasen	ʁ äː z ə n
Rasenfläche	r ɑ z ə n f l ɛ ç ə
Rasenfläche	ʁ aː z n̩ f l ɛ ç ə
Rasenstück	r aː z n̩ ʃ t ʏ k
Rasierapparat	ʁ a z iː ɐ̯ ʔ a p a ʁ aː t
Rasierer	ʁ a z iː ʁ ɐ
Rasierklinge	ʁ a z iː ɐ̯ k l ɪ ŋ ə
Rasierklingen	ʁ a z iː ɐ̯ k l ɪ ŋ ə n
Rasiermesser	ʁ a z i ɐ̯ m ɛ s ɐ
Rasiermesser	ʁ a z iː ɐ̯ m ɛ s ɐ
Rasierschaum	ʁ a z iː ɐ̯ ʃ a ʊ̯ m
Rasierschäume	ʁ a z iː ɐ̯ ʃ ɔ ɪ̯ m ə
Rasierwasser	ʁ a z i ɐ̯ v a s ɐ
Rasierwasser	ʁ a z iː ɐ̯ v a s ɐ
Rasierwässer	ʁ a z iː ɐ̯ v ɛ s ɐ
Rasputiza	ʁ a s p u t i t͡s a
Rasputizas	ʁ a s p u t i t͡s a s
Rassel	ʁ a s l̩
Rasseln	ʁ a s l̩ n
Rassenhygiene	ʁ a s n̩ h y ɡ i̯ eː n ə
Rassismus	ʁ a s ɪ s m ʊ s
Rastanlage	ʁ a s t ʔ a n l aː ɡ ə
Rastplatz	ʁ a s t p l a t s
Rasuren	ʁ a z uː ʁ ə n
Rat	ʁ aː t
Ratgeberin	ʁ aː t ɡ eː b ə ʁ ɪ n
Rathaus	ʁ aː t h a ʊ̯ s
Rathaustreppe	ʁ aː t h a ʊ̯ s t ʁ ɛ p ə
Ratingen	ʁ aː t ɪ ŋ ə n
Ratingens	ʁ aː t ɪ ŋ ə n s
Ratingerin	ʁ aː t ɪ ŋ ə ʁ ɪ n
Ratingerinnen	ʁ aː t ɪ ŋ ə ʁ ɪ n ə n
Ratschings	r a t ʃ ɪ ŋ s
Ratschingser	r a t ʃ ɪ ŋ z ɐ
Ratschingserin	r a t ʃ ɪ ŋ z ə ʁ ɪ n
Ratschingserinnen	r a t ʃ ɪ ŋ z ə ʁ ɪ n ə n
Ratschingsers	r a t ʃ ɪ ŋ z ɐ s
Rattenfänger	ʁ a t n̩ f ɛ ŋ ɐ
Rattern	ʁ a t ɐ n
Ratzeburgerin	ʁ a t͡s ə b ʊ ʁ ɡ ə ʁ ɪ n
Ratzeburgerinnen	ʁ a t͡s ə b ʊ ʁ ɡ ə ʁ ɪ n ə n
Ratzinger	ʁ a t͡s ɪ ŋ ɐ
Ratzingers	ʁ a t͡s ɪ ŋ ɐ s
Rauben	ʁ a ʊ̯ b n̩
Raubkopie	ʁ a ʊ̯ p k o p iː
Raubritter	ʁ a ʊ̯ p ʁ ɪ t ɐ
Raubwanze	ʁ a ʊ̯ p v a n t s ə
Raubzug	ʁ a ʊ̯ p t͡s uː k
Raubüberfall	ʁ a ʊ̯ p ʔ yː b ɐ f a l
Rauchbier	ʁ a ʊ̯ x b iː ɐ̯
Rauchfahne	ʁ a ʊ̯ x f aː n ə
Rauchfangkehrer	ʁ a ʊ̯ x f a ŋ k eː ʁ ɐ
Rauchwolke	ʁ a ʊ̯ χ v ɔ l k ə
Raufbold	ʁ a ʊ̯ f b ɔ l t
Rauferei	ʁ a ʊ̯ f ɐ ʁ a ɪ̯
Raufußhuhn	ʁ a ʊ̯ f uː s h uː n
Raufußhuhnes	ʁ a ʊ̯ f uː s h uː n ə s
Raufußhuhns	ʁ a ʊ̯ f uː s h uː n s
Raufußhühner	ʁ a ʊ̯ f uː s h yː n ɐ
Raunen	ʁ a ʊ̯ n ə n
Rauschen	ʁ a ʊ̯ ʃ n̩
Rauschgiftsüchtige	ʁ a ʊ ʃ ɡ ɪ f t z ʏ ç t ɪ ɡ ə
Rauschgiftsüchtiger	ʁ a ʊ ʃ ɡ ɪ f t z ʏ ç t ɪ ɡ ɐ
Rausschmeisserin	ʁ a ʊ̯ s ʃ m a ɪ̯ s ə ʁ ɪ n
Rausschmeißerin	ʁ a ʊ̯ s ʃ m a ɪ̯ s ə ʁ ɪ n
Rausschmeißerinnen	ʁ a ʊ̯ s ʃ m a ɪ̯ s ə ʁ ɪ n ə n
Raute	ʁ a ʊ̯ t ə
Rautenzeichen	ʁ a ʊ̯ t n̩ t͡s a ɪ̯ ç n̩
Rautezeichen	ʁ a ʊ̯ t ə t͡s a ɪ̯ ç n̩
Ravennaschlucht	ʁ a v ɛ n a ʃ l ʊ x t
Ravensburg	ʁ aː f n̩ s b ʊ ʁ k
Ravensburg	ʁ aː v n̩ s b ʊ ʁ k
Ravensburger	ʁ aː v n̩ s b ʊ ʁ ɡ ɐ
Ravensburgerin	ʁ aː v n̩ s b ʊ ʁ ɡ ə ʁ ɪ n
Ravensburgerinnen	ʁ aː v n̩ s b ʊ ʁ ɡ ə ʁ ɪ n ə n
Ravensburgers	ʁ aː v n̩ s b ʊ ʁ ɡ ɐ s
Ravensburgs	ʁ aː v n̩ s b ʊ ʁ k s
Rayon	ʁ ɛ j ɔ̃ː
Razzia	ʁ a t͡s i a
Razzia	ʁ a t͡s j a
Reactiviren	ʁ e ʔ a k t i v iː ʁ ə n
Reaktivieren	ʁ e ʔ a k t i v iː ʁ ə n
Reaktivierer	ʁ e ʔ a k t i v iː ʁ ɐ̯
Realien	ʁ e aː l i̯ ə n
Realität	ʁ e a̯ l i tʰ ɛː tʰ
Realitäten	ʁ e a̯ l i tʰ ɛː tʰ n̩
Realitäten	ʁ e a̯ l i tʰ ɛː tʰ ə n
Realitäten	ʁ e a̯ l i tʰ ɛː ʔ n̩
Realitätsverweigerung	ʁ e a l i t ɛː t͡s f ɛ ɐ̯ v a ɪ̯ ɡ ə ʁ ʊ ŋ
Reallohn	ʁ e aː l l oː n
Reallohnsenkung	ʁ e aː l l oː n z ɛ ŋ k ʊ ŋ
Reallohnsteigerung	ʁ e aː l l oː n ʃ t a ɪ̯ ɡ ə ʁ ʊ ŋ
Reallohnverlust	ʁ e aː l l oː n f ɛ ɐ̯ l ʊ s t
Reallohnzuwachs	ʁ e aː l l oː n t͡s uː v a k s
Realo	ʁ e aː l o
Realos	ʁ e aː l oː s
Rebbau	ʁ eː p b a ʊ̯
Rebe	ʁ eː b ə
Rebell	ʁ e b ɛ l
Rebellin	ʁ e b ɛ l ɪ n
Rechenaufgabe	ʁ ɛ ç n̩ ʔ a ʊ̯ f ɡ aː b ə
Rechenfehler	ʁ ɛ ç n̩ f eː l ɐ
Rechenkunst	ʁ ɛ ç n̩ k ʊ n s t
Rechenoperation	ʁ ɛ ç n̩ ʔ o p ə ʁ a t͡s i̯ oː n
Rechenschieber	ʁ ɛ ç n̩ ʃ iː b ɐ
Rechenunterricht	ʁ ɛ ç n̩ ʔ ʊ n t ɐ ʁ ɪ ç t
Rechenverfahren	ʁ ɛ ç n̩ f ɛ ɐ̯ f aː ʁ ə n
Recherche	ʁ e ʃ ɛ ʁ ʃ ə
Rechnerbildschirm	ʁ ɛ ç n ɐ b ɪ l t ʃ ɪ ʁ m
Rechnerbildschirme	ʁ ɛ ç n ɐ b ɪ l t ʃ ɪ ʁ m ə
Rechnerbildschirmes	ʁ ɛ ç n ɐ b ɪ l t ʃ ɪ ʁ m ə s
Rechnerbildschirms	ʁ ɛ ç n ɐ b ɪ l t ʃ ɪ ʁ m s
Rechte	ʁ ɛ ç t ə
Rechtfertigung	ʁ ɛ ç tʰ f ɛ ɐ̯ tʰ i ɡ ʊ ŋ
Rechthabers	r ɛ ç t h aː b ɐ s
Rechtmässigkeit	ʁ ɛ ç t m ɛː s ɪ k k a ɪ̯ t
Rechtmässigkeit	ʁ ɛ ç t m ɛː s ɪ ç k a ɪ̯ t
Rechtsanspruch	r ɛ ç t s ʔ a n ʃ p ʁ ʊ χ
Rechtsbruch	ʁ ɛ ç t s b ʁ ʊ χ
Rechtschreibfehler	ʁ ɛ ç t ʃ ʁ a ɪ̯ p f eː l ɐ
Rechtsfolge	ʁ ɛ ç t͡s f ɔ l ɡ ə
Rechtsgelehrte	ʁ ɛ ç t͡s ɡ ə l eː ɐ̯ t ə
Rechtslage	ʁ ɛ ç t͡s l aː ɡ ə
Rechtsprechung	ʁ ɛ ç t ʃ p ʁ ɛ ç ʊ ŋ
Rechtsreferendar	ʁ ɛ ç t s ʁ e f e ʁ e n d aː ɐ̯
Rechtsreferendare	ʁ ɛ ç t s ʁ e f e ʁ e n d aː ʁ ə
Rechtsreferendariat	ʁ ɛ ç t s ʁ e f e ʁ e n d a ʁ i aː t
Rechtsreferendariate	r ɛ ç t s ʁ e f e ʁ e n d a ʁ i aː t ə
Rechtsreferendariates	ʁ ɛ ç t s ʁ e f e ʁ e n d a ʁ i aː t ə s
Rechtsreferendariats	ʁ ɛ ç t s ʁ e f e ʁ e n d a ʁ i aː t s
Rechtsreferendarin	ʁ ɛ ç t s ʁ e f e ʁ e n d aː ʁ ɪ n
Rechtsreferendarinnen	ʁ ɛ ç t s ʁ e f e ʁ e n d aː ʁ ɪ n ə n
Rechtsreferendars	ʁ ɛ ç t s ʁ e f e ʁ e n d aː ɐ̯ s
Rechtsruck	ʁ ɛ ç t s ʁ ʊ k
Rechtsstreit	ʁ ɛ ç t s ʃ t ʁ a ɪ̯ t
Rechtsverhältnis	ʁ ɛ ç t͡s f ɛ ɐ̯ h ɛ l t n ɪ s
Rechtsverkehr	r ɛ ç t͜s f ɛ ɐ̯ k eː ɐ̯
Recke	ʁ ɛ k ə
Redaktionsschluss	ʁ e d a k t͡s i̯ oː n s ʃ l ʊ s
Redaktor	ʁ e d a k t oː ɐ̯
Redaktorin	ʁ e d a k t oː r ɪ n
Rede	ʁ eː d ə
Redepult	ʁ eː d ə p ʊ l t
Redepulte	ʁ eː d ə p ʊ l t ə
Redepultes	ʁ eː d ə p ʊ l t ə s
Redepults	ʁ eː d ə p ʊ l t͡s
Redeteil	ʁ eː d ə t a ɪ̯ l
Redner	ʁ eː d n ɐ
Redner	ʁ eː t n ɐ
Reduzierung	ʁ e d u t͡s iː ʁ ʊ ŋ
Reede	ʁ eː d ə
Ref	ʁ ɛ f
Referat	ʁ e f e ʁ aː t
Referendar	ʁ e f e ʁ e n d aː ɐ̯
Referendariat	ʁ e f e ʁ e n d a ʁ i aː t
Referendariat	ʁ e f ə ʁ ɛ n d a ʁ i̯ aː t
Referendariat	ʁ ɛ f ə ʁ ə n d a ʁ i aː t
Referendariat	ʁ ɛ f ə̆ ʁ ə n d a ɐ̯ j aː t
Referendariate	ʁ e f e ʁ e n d a ʁ i aː t ə
Referenzschuldner	ʁ e f ə ʁ ɛ n t͡s ʃ ʊ l d n ɐ
Referenzzinssatz	ʁ e f ə ʁ ɛ n t͡s t͡s ɪ n s z a t͡s
Reff	ʁ ɛ f
Reflexe	ʁ e f l ɛ k s ə
Reflexes	ʁ e f l ɛ k s ə s
Refrain	ʁ e f ʁ ɛ̃ː
Regalbretter	ʁ e ɡ aː l b ʁ ɛ t ɐ
Regel	ʁ eː ɡ l̩
Regelverstoß	ʁ eː ɡ l̩ f ɛ ɐ̯ ʃ t oː s
Regen	ʁ eː ɡ ŋ̍
Regenbogeneffekten	ʁ eː ɡ n̩ b oː ɡ n̩ ʔ̩ ɛ f ɛ k t n̩
Regenbogeneffekten	ʁ eː ɡ ŋ̩ b oː ɡ ŋ̩ ʔ̩ ɛ f ɛ k t n̩
Regenbogeneffektes	ʁ eː ɡ n̩ b oː ɡ n̩ ʔ̩ ɛ f ɛ k t ə s
Regenbogeneffektes	ʁ eː ɡ ŋ̩ b oː ɡ ŋ̩ ʔ̩ ɛ f ɛ k t ə s
Regenbogeneffekts	ʁ eː ɡ n̩ b oː ɡ n̩ ʔ̩ ɛ f ɛ k t͡s
Regenbogeneffekts	ʁ eː ɡ ŋ̩ b oː ɡ ŋ̩ ʔ̩ ɛ f ɛ k t͡s
Regenfront	r eː ɡ n̩ f ʁ ɔ n t
Regenfronten	r eː ɡ n̩ f ʁ ɔ n t n̩
Regenjacke	ʁ eː ɡ n̩ j a k ə
Regenmacher	ʁ eː ɡ ŋ̩ m a χ ɐ
Regenpfeifer	ʁ eː ɡ ŋ̍ p f a ɪ̯ f ɐ
Regensburg	ʁ eː ɡ n̩ s b ʊ ʁ k
Regensburger	ʁ eː ɡ n̩ s b ʊ ʁ ɡ ɐ
Regensburgerin	ʁ eː ɡ n̩ s b ʊ ʁ ɡ ə ʁ ɪ n
Regensburgerinnen	ʁ eː ɡ n̩ s b ʊ ʁ ɡ ə ʁ ɪ n ə n
Regensburgs	ʁ eː ɡ n̩ s b ʊ ʁ k s
Regenschatten	ʁ eː ɡ ŋ̍ ʃ a t n̩
Regenschirm	ʁ eː ɡ n̩ ʃ ɪ ɐ̯ m
Regenwasserfass	ʁ eː ɡ n̩ v a s ɐ f a s
Regenwasserfasses	ʁ eː ɡ n̩ v a s ɐ f a s ə s
Regenwasserfaß	ʁ eː ɡ n̩ v a s ɐ f a s
Regenwasserfässer	ʁ eː ɡ n̩ v a s ɐ f ɛ s ɐ
Regenwurm	ʁ eː ɡ ŋ̍ ʋ ʊ ɐ̯ m
Regenzeit	ʁ eː ɡ n̩ t͡s a ɪ̯ t
Regenzeiten	ʁ eː ɡ n̩ t͡s a ɪ̯ t n̩
Regierung	ʁ e ɡ iː ʁ ʊ ŋ
Regierungen	ʁ e ɡ iː ʁ ʊ ŋ ə n
Regierungsbeschluss	ʁ e ɡ iː ʁ ʊ ŋ s b ə ʃ l ʊ s
Regierungsbeschlusses	ʁ e ɡ iː ʁ ʊ ŋ s b ə ʃ l ʊ s ə s
Regierungsbeschlüsse	ʁ e ɡ iː ʁ ʊ ŋ s b ə ʃ l ʏ s ə
Regierungsbezirk	ʁ e ɡ iː ʁ ʊ ŋ s b ə t͡s ɪ ʁ k
Regierungsbezirke	ʁ e ɡ iː ʁ ʊ ŋ s b ə t͡s ɪ ʁ k ə
Regierungsbezirkes	ʁ e ɡ iː ʁ ʊ ŋ s b ə t͡s ɪ ʁ k ə s
Regierungsbezirks	ʁ e ɡ iː ʁ ʊ ŋ s b ə t͡s ɪ ʁ k s
Regierungschefin	ʁ e ɡ iː ʁ ʊ ŋ s ʃ ɛ f ɪ n
Regierungsfahrzeug	ʁ e ɡ iː ʁ ʊ ŋ s f aː ɐ̯ t͡s ɔ ɪ̯ k
Regierungsfahrzeuge	ʁ e ɡ iː ʁ ʊ ŋ s f aː ɐ̯ t͡s ɔ ɪ̯ ɡ ə
Regierungsfahrzeuges	ʁ e ɡ iː ʁ ʊ ŋ s f aː ɐ̯ t͡s ɔ ɪ̯ ɡ ə s
Regierungsfahrzeugs	ʁ e ɡ iː ʁ ʊ ŋ s f aː ɐ̯ t͡s ɔ ɪ̯ k s
Regierungsform	ʁ e ɡ iː ʁ ʊ ŋ s f ɔ ʁ m
Regierungspräsident	ʁ e ɡ iː ʁ ʊ ŋ s p ʁ ɛ z i d ɛ n t
Regierungssitz	ʁ e ɡ iː ʁ ʊ ŋ s z ɪ t͡s
Regierungssitze	ʁ e ɡ iː ʁ ʊ ŋ s z ɪ t͡s ə
Regierungssitzes	ʁ e ɡ iː ʁ ʊ ŋ s z ɪ t͡s ə s
Regierungsvertreter	ʁ e ɡ iː ʁ ʊ ŋ s f ɐ t ʁ eː t ɐ
Regierungsvertreterin	ʁ e ɡ iː ʁ ʊ ŋ s f ɐ t ʁ eː t ə ʁ ɪ n
Regiment	ʁ e ɡ i m ɛ n t
Regionalbahn	ʁ e ɡ i̯ o n aː l b aː n
Regionalbahnen	ʁ e ɡ i̯ o n aː l b aː n ə n
Regisseur	ʁ e ʒ ɪ s øː ɐ̯
Register	ʁ e ɡ ɪ s t ɐ
Registerwechsel	ʁ e ɡ ɪ s t ɐ v ɛ k s l̩
Rehchen	r eː ç ə n
Reibe	ʁ a ɪ̯ b ə
Reibelaut	ʁ a ɪ̯ b ə l a ʊ̯ t
Reibung	ʁ a ɪ̯ b ʊ ŋ
Reichenau	ʁ a ɪ̯ ç ə n a ʊ̯
Reichenauer	ʁ a ɪ̯ ç ə n a ʊ̯ ɐ
Reichenauerin	ʁ a ɪ̯ ç ə n a ʊ̯ ə ʁ ɪ n
Reichenauers	ʁ a ɪ̯ ç ə n a ʊ̯ ɐ s
Reichenaus	ʁ a ɪ̯ ç ə n a ʊ̯ s
Reichenbacher	ʁ a ɪ̯ ç n̩ b a χ ɐ
Reichenbacherin	ʁ a ɪ̯ ç n̩ b a χ ə ʁ ɪ n
Reichenbacherinnen	ʁ a ɪ̯ ç n̩ b a χ ə ʁ ɪ n ə n
Reichenbachers	ʁ a ɪ̯ ç n̩ b a χ ɐ s
Reichenberg	ʁ a ɪ̯ ç n̩ b ɛ ʁ k
Reichenberger	ʁ a ɪ̯ ç n̩ b ɛ ʁ ɡ ɐ
Reichenbergerin	ʁ a ɪ̯ ç n̩ b ɛ ʁ ɡ ə ʁ ɪ n
Reichenbergers	ʁ a ɪ̯ ç n̩ b ɛ ʁ ɡ ɐ s
Reichenbergs	ʁ a ɪ̯ ç n̩ b ɛ ʁ k s
Reichenfels	ʁ a ɪ̯ ç n̩ f ɛ l s
Reichenfelser	ʁ a ɪ̯ ç n̩ f ɛ l z ɐ
Reichenfelserin	ʁ a ɪ̯ ç n̩ f ɛ l z ə ʁ ɪ n
Reichenfelserinnen	ʁ a ɪ̯ ç n̩ f ɛ l z ə ʁ ɪ n ə n
Reichenfelsers	ʁ a ɪ̯ ç n̩ f ɛ l z ɐ s
Reichenhall	ʁ a ɪ̯ ç n̩ h a l
Reichenhaller	ʁ a ɪ̯ ç n̩ h a l ɐ
Reichenhallerin	ʁ a ɪ̯ ç n̩ h a l ə ʁ ɪ n
Reichenhallerinnen	ʁ a ɪ̯ ç n̩ h a l ə ʁ ɪ n ə n
Reichenhallers	ʁ a ɪ̯ ç n̩ h a l ɐ s
Reichenhalls	ʁ a ɪ̯ ç n̩ h a l s
Reichenstein	ʁ a ɪ̯ ç n̩ ʃ t a ɪ̯ n
Reichensteiner	ʁ a ɪ̯ ç n̩ ʃ t a ɪ̯ n ɐ
Reichensteinerin	ʁ a ɪ̯ ç n̩ ʃ t a ɪ̯ n ə ʁ ɪ n
Reichensteiners	ʁ a ɪ̯ ç n̩ ʃ t a ɪ̯ n ɐ s
Reichensteins	ʁ a ɪ̯ ç n̩ ʃ t a ɪ̯ n s
Reichenthaler	ʁ a ɪ̯ ç n̩ t aː l ɐ
Reichenthalerin	ʁ a ɪ̯ ç n̩ t aː l ə ʁ ɪ n
Reichenthalerinnen	ʁ a ɪ̯ ç n̩ t aː l ə ʁ ɪ n ə n
Reichenthalers	ʁ a ɪ̯ ç n̩ t aː l ɐ s
Reichersberger	ʁ a ɪ̯ ç ɐ s b ɛ ʁ ɡ ɐ
Reichersbergerin	ʁ a ɪ̯ ç ɐ s b ɛ ʁ ɡ ə ʁ ɪ n
Reichersbergerinnen	ʁ a ɪ̯ ç ɐ s b ɛ ʁ ɡ ə ʁ ɪ n ə n
Reichersbergers	ʁ a ɪ̯ ç ɐ s b ɛ ʁ ɡ ɐ s
Reichersbergs	ʁ a ɪ̯ ç ɐ s b ɛ ʁ k s
Reichskammergericht	ʁ a ɪ̯ ç s k a m ɐ ɡ ə ʁ ɪ ç t
Reichskantzler	ʁ a ɪ̯ ç s k a n t s l ɐ
Reichsmarschall	ʁ a ɪ̯ ç s m a ʁ ʃ a l
Reichspfennig	ʁ a ɪ̯ ç s p f ɛ n ɪ ç
Reichstagscollegien	ʁ a ɪ̯ ç s t aː k s k ɔ l eː ɡ i̯ ə n
Reichstagscollegium	ʁ a ɪ̯ ç s t aː k s k ɔ l eː ɡ i̯ ʊ m
Reichstagskollegien	ʁ a ɪ̯ ç s t aː k s k ɔ l eː ɡ i̯ ə n
Reichstagskollegium	ʁ a ɪ̯ ç s t aː k s k ɔ l eː ɡ i̯ ʊ m
Reichstagskollegiums	ʁ a ɪ̯ ç s t aː k s k ɔ l eː ɡ i̯ ʊ m s
Reifen	ʁ a ɪ̯ f n̩
Reifenwechsel	ʀ a ɪ̯ f n̩ v ɛ k s l̩
Reihendorf	ʁ a ɪ̯ ə n d ɔ ʁ f
Reihendorfes	ʁ a ɪ̯ ə n d ɔ ʁ f ə s
Reihendorfs	ʁ a ɪ̯ ə n d ɔ ʁ f s
Reihendörfer	ʁ a ɪ̯ ə n d œ ʁ f ɐ
Reims	ʁ ɛ ŋ s
Reims	ʁ ɛ̃ː s
Reinheit	ʁ a ɪ̯ n h a ɪ̯ t
Reinheitsgebot	ʁ a ɪ̯ n h a ɪ̯ t͡s ɡ ə b oː t
Reinhängen	ʁ a ɪ̯ n h ɛ ŋ ə n
Reinigen	ʁ a ɪ̯ n i ɡ ŋ̍
Reiseaufwendung	ʁ a ɪ̯ z ə ʔ a ʊ̯ f v ɛ n d ʊ ŋ
Reisebüro	ʁ a ɪ̯ z ə b y ʁ oː
Reiseführer	ʁ a ɪ̯ z ə f yː ʁ ɐ
Reisegepäckversicherung	ʁ a ɪ̯ z ə ɡ ə p ɛ k f ɛ ɐ̯ z ɪ ç ə ʁ ʊ ŋ
Reiseleiter	ʁ a ɪ̯ z ə l a ɪ̯ t ɐ
Reisende	ʁ a ɪ̯ z n̩ d ə
Reisenden	ʁ a ɪ̯ z n̩ d n̩
Reisender	ʁ a ɪ̯ z n̩ d ɐ
Reisener	ʁ a ɪ̯ z n̩ ɐ
Reiseners	ʁ a ɪ̯ z n̩ ɐ s
Reiser	ʁ a ɪ̯ z ɐ
Reisers	ʁ a ɪ̯ z ɐ s
Reisewagen	ʁ a ɪ̯ z ə v aː ɡ n̩
Reisezeit	ʁ a ɪ̯ z ə t͡s a ɪ̯ t
Reisig	ʁ a ɪ̯ z ɪ k
Reisig	ʁ a ɪ̯ z ɪ ç
Reisinger	ʁ a ɪ̯ z ɪ ŋ ɐ
Reisingers	ʁ a ɪ̯ z ɪ ŋ ɐ s
Reismilch	ʁ a ɪ̯ s m ɪ l ç
Reisschüssel	ʁ a ɪ̯ s ʃ ʏ s l̩
Reisschüsseln	ʁ a ɪ̯ s ʃ ʏ s l̩ n
Reittier	ʁ a ɪ̯ t i ɐ̯
Reittier	ʁ a ɪ̯ t iː ɐ̯
Reittier	ʁ a ɪ̯ t t i ɐ̯
Reittier	ʁ a ɪ̯ t t iː ɐ̯
Reizfaktor	ʁ a ɪ̯ t͡s f a k t oː ɐ̯
Reißen	ʁ a ɪ̯ s n̩
Rekonstruiererin	ʁ e k ɔ n s t ʁ u iː ʁ ə ʁ ɪ n
Rekonstruiererinnen	ʁ e k ɔ n s t ʁ u iː ʁ ə ʁ ɪ n ə n
Rekorder	ʁ e k ɔ ʁ d ɐ
Rekrutierungsbüro	ʁ e k ʁ u t iː ʁ ʊ ŋ s b y ʁ oː
Rekrutierungsbüros	ʁ e k ʁ u t iː ʁ ʊ ŋ s b y ʁ oː s
Rekrutierungszentrum	ʁ e k ʁ u t iː ʁ ʊ ŋ s t͡s ɛ n t ʁ ʊ m
Rektionskompositum	ʁ ɛ k t͡s i̯ oː n s k ɔ m p oː z i t ʊ m
Rektor	ʁ ɛ k t oː ɐ̯
Rektorat	ʁ ɛ k t o ʁ aː t
Rektum	ʁ ɛ k t ʊ m
Relativieren	ʁ ɛ l a t i v iː ʁ ə n
Relativierer	ʁ ɛ l a t i v iː ʁ ɐ̯
Relegation	ʁ eː l e ɡ a t͡s j oː n
Relevieren	ʁ e l e v iː ʁ ə n
Relief	ʁ e l j ɛ f
Relief	ʁ ɛ l i ɛ f
Relief	ʁ ɛ l j ɛ f
Reliquiar	ʁ e l i k v i aː ɐ̯
Reliquienschrein	ʁ e l iː k v i ə n ʃ ʁ a ɪ̯ n
Remis	ʁ e m iː
Remise	ʁ e m iː z ə
Remscheider	ʁ ɛ m ʃ a ɪ̯ d ɐ
Remscheiderin	ʁ ɛ m ʃ a ɪ̯ d ə ʁ ɪ n
Remscheiderinnen	ʁ ɛ m ʃ a ɪ̯ d ə ʁ ɪ n ə n
Remscheiders	ʁ ɛ m ʃ a ɪ̯ d ɐ s
Renegat	ʁ e n e ɡ aː t
Rennen	ʁ ɛ n ə n
Rennfahrer	ʁ ɛ n f aː ʁ ɐ
Rennpferd	ʁ ɛ n p f eː ɐ̯ t
Rentenexperte	ʁ ɛ n t n̩ ʔ ɛ k s p ɛ ʁ t ə
Rentenexpertin	ʁ ɛ n t n̩ ʔ ɛ k s p ɛ ʁ t ɪ n
Rentenexpertinnen	ʁ ɛ n t n̩ ʔ ɛ k s p ɛ ʁ t ɪ n ə n
Rentenfonds	ʁ ɛ n t n̩ f ɔ̃ː
Rentier	ʁ eː n t i ɐ̯
Rentier	ʁ eː n t iː ɐ̯
Rentier	ʁ ã t j eː
Rentier	ʁ ɛ n t i ɐ̯
Rentier	ʁ ɛ n t iː ɐ̯
Rentier	ʁ ɛ n t j eː
Rentiergeweih	ʁ eː n t iː ɐ̯ ɡ ə v a ɪ̯
Rentiergeweih	ʁ ɛ n t iː ɐ̯ ɡ ə v a ɪ̯
Rentiergeweihe	ʁ eː n t iː ɐ̯ ɡ ə v a ɪ̯ ə
Rentiergeweihe	ʁ ɛ n t iː ɐ̯ ɡ ə v a ɪ̯ ə
Rentiergeweihes	ʁ eː n t iː ɐ̯ ɡ ə v a ɪ̯ ə s
Rentiergeweihes	ʁ ɛ n t iː ɐ̯ ɡ ə v a ɪ̯ ə s
Rentiergeweihs	ʁ eː n t iː ɐ̯ ɡ ə v a ɪ̯ s
Rentiergeweihs	ʁ ɛ n t iː ɐ̯ ɡ ə v a ɪ̯ s
Rentière	ʁ ã t j ɛː ʁ ə
Rentière	ʁ ɛ n t j ɛː ʁ ə
Rentner	ʁ ɛ n t n ɐ
Rentnerin	ʁ ɛ n t n ə ʁ ɪ n
Reportage	ʁ e p ɔ t aː ʒ ə
Reportage	ʁ e p ɔ ɐ̯ t aː ʒ ə
Reporter	ʁ e pʰ ɔ ɐ̯ tʰ ɐ
Reporterin	ʁ e pʰ ɔ ɐ̯ tʰ ɐ ʁ ɪ n
Repräsentant	ʁ eː p ʁ ɛ z ɛ n t a n t
Republik	ʁ e p u b l iː k
Republik	ʁ e p u b l ɪ k
Republikflucht	ʁ e p u b l iː k f l ʊ x t
Republikflucht	ʁ e p u b l ɪ k f l ʊ x t
Republikflüchtling	ʁ e p u b l iː k f l ʏ ç t l ɪ ŋ
Republikflüchtling	ʁ e p u b l ɪ k f l ʏ ç t l ɪ ŋ
Requirierung	ʁ e k v i ʁ iː ʁ ʊ ŋ
Requisit	ʁ e k v i z iː t
Requisite	ʁ e k v i z iː t ə
Requisition	ʁ e k v i s i t͡s i̯ oː n
Reservat	ʁ e z ɛ ʁ v aː t
Reservist	ʁ e z ɛ ʁ v ɪ s t
Reservistin	ʁ e z ɛ ʁ v ɪ s t ɪ n
Reservistinnen	ʁ e z ɛ ʁ v ɪ s t ɪ n ə n
Reservoir	ʁ e z ɛ ʁ v ʋ aː
Reservoir	ʁ e z ɛ ʁ v ʋ aː ɐ̯
Resignieren	ʁ e z i ɡ n iː ʁ ə n
Ressentiment	ʁ ə s ɑ̃ t i m ɑ̃ː
Ressentiment	ʁ ɛ s ɑ̃ t i m ɑ̃ː
Ressource	ʁ e s ʊ ʁ s ə
Ressourcenknappheit	ʁ ɛ s ʊ ʁ s n̩ k n a p h a ɪ̯ t
Ressourcenmanagement	ʁ ɛ s ʊ ʁ s n̩ m ɛ n ə d͡ʒ m ə n t
Ressourcensicherheit	ʁ ɛ s ʊ ʁ s n̩ z ɪ ç ɐ h a ɪ̯ t
Restaurant	ʁ ɛ s t o ʁ a ŋ
Restaurant	ʁ ɛ s t o ʁ ãː
Restaurant	ʁ ɛ s t o ʁ ɔ ŋ
Restaurant	ʁ ɛ s t o ʁ ɔ̃ː
Restaurants	ʁ ɛ s t o ʁ a ŋ s
Restaurants	ʁ ɛ s t o ʁ ɑ̃ː s
Restmüll	ʁ ɛ s t m ʏ l
Resultat	ʁ e z ʊ l tʰ aː tʰ
Resümee	ʁ e z y m eː
Retardierung	ʁ e t a ʁ d iː ʁ ʊ ŋ
Retourkutsche	ʁ e t uː ɐ̯ k ʊ t͡ʃ ə
Rettungsversuch	ʁ ɛ t ʊ ŋ s f ɛ ɐ̯ z uː x
Reuse	ʁ ɔ ʏ̯ z ə
Reutlingen	ʁ ɔ ɪ̯ t l ɪ ŋ n̩
Reutlinger	ʁ ɔ ɪ̯ t l ɪ ŋ ɐ
Reutlingerin	ʁ ɔ ɪ̯ t l ɪ ŋ ə ʁ ɪ n
Reutlingerinnen	ʁ ɔ ɪ̯ t l ɪ ŋ ə ʁ ɪ n ə n
Reutlingers	ʁ ɔ ɪ̯ t l ɪ ŋ ɐ s
Reutter	ʁ ɔ ɪ̯ t ɐ
Revers	ʁ ə v ɛ ɐ̯
Revers	ʁ ə v ɛ ɐ̯ s
Revers	ʁ ə v ɛː ɐ̯
Revers	ʁ ə v ɛː ɐ̯ s
Revier	ʁ e v i ɐ̯
Revier	ʁ e v iː ɐ̯
Revirement	ʁ e v iː ʁ ə m ãː
Revolverheld	ʁ e v ɔ l v ɐ h ɛ l t
Revolverheldin	ʁ e v ɔ l v ɐ h ɛ l d ɪ n
Reykjaviker	ʁ ɛ ɪ̯ k j a v ɪ k ɐ
Rezepte	ʁ e t͡s ɛ p t ə
Rezeptes	ʁ e t͡s ɛ p t ə s
Rezidiv	ʁ e t͡s i d iː f
Rezitativ	ʁ e t s i t a t iː f
Rhapsodie	ʁ a p s o d iː
Rheinbach	ʁ a ɪ̯ n b a x
Rheinbacher	ʁ a ɪ̯ n b a x ɐ
Rheinbacherin	ʁ a ɪ̯ n b a x ə ʁ ɪ n
Rheinbacherinnen	ʁ a ɪ̯ n b a x ə ʁ ɪ n ə n
Rheinbachers	ʁ a ɪ̯ n b a x ɐ s
Rheinbachs	ʁ a ɪ̯ n b a x s
Rheinberger	ʁ a ɪ̯ n b ɛ ʁ ɡ ɐ
Rheinbergers	ʁ a ɪ̯ n b ɛ ʁ ɡ ɐ s
Rheinbrücke	ʁ a ɪ̯ n b ʁ ʏ k ə
Rheinfränkisch	ʁ a ɪ̯ n f ʁ ɛ ŋ k ɪ ʃ
Rheinfränkische	ʁ a ɪ̯ n f ʁ ɛ ŋ k ɪ ʃ ə
Rheinfränkischen	ʁ a ɪ̯ n f ʁ ɛ ŋ k ɪ ʃ n̩
Rheinfränkischs	ʁ a ɪ̯ n f ʁ ɛ ŋ k ɪ ʃ s
Rheinländer	ʁ a ɪ̯ n l ɛ n d ɐ
Rheinländerin	ʁ a ɪ̯ n l ɛ n d ə ʁ ɪ n
Rheinländers	ʁ a ɪ̯ n l ɛ n d ɐ s
Rheintal	ʁ a ɪ̯ n t aː l
Rheintales	ʁ a ɪ̯ n t aː l ə s
Rheintals	ʁ a ɪ̯ n t aː l s
Rhesusfaktor	ʁ eː z ʊ s f a k t oː ɐ̯
Rhetorik	ʁ e t oː ʁ ɪ k
Rhetoriker	ʁ e t oː ʁ ɪ k ɐ
Rhetorikerinnen	ʁ e t oː ʁ ɪ k ɐ ʁ ɪ n ə n
Rhetorikers	ʁ e t oː ʁ ɪ k ɐ s
Rheurdt	ʁ øː ɐ̯ t
Rheurdt	ʁ œ ɐ̯ t
Rhinitis	ʁ i n iː tʰ ɪ s
Rhododendren	ʁ o d o d ɛ n d ʁ ə n
Rhododendron	ʁ o d o d ɛ n d ʁ ɔ n
Rhomboeder	ʁ ɔ m b o ʔ eː d ɐ
Rhomboid	ʁ ɔ m b o ʔ iː t
Rhythmik	ʁ ʏ tʰ m ɪ kʰ
Ribiselkuchen	k uː x n̩
Ribiselkuchen	k uː χ n̩
Ribonukleinsäure	ʁ i b o n u k l e iː n z ɔ ɪ̯ ʁ ə
Richtigstellen	ʁ ɪ ç t ɪ ç ʃ t ɛ l ə n
Richtigstellung	ʁ ɪ ç t ɪ ç ʃ t ɛ l ʊ ŋ
Richtschnur	ʁ ɪ ç t ʃ n uː ɐ̯
Richtung	ʁ ɪ ç tʰ ʊ ŋ
Richtungen	ʁ ɪ ç tʰ ʊ ŋ
Rickenbacher	ʁ ɪ k n̩ b a x ɐ
Rickenbacherin	ʁ ɪ k n̩ b a x ə ʁ ɪ n
Rickenbacherinnen	ʁ ɪ k n̩ b a x ə ʁ ɪ n ə n
Rickenbachers	ʁ ɪ k n̩ b a x ɐ s
Rickenbachs	ʁ ɪ k n̩ b a χ s
Riechkolben	ʁ iː ç k ɔ l b n̩
Riege	ʁ iː ɡ ə
Ries	ʁ iː s
Riesengarnele	ʀ iː z n̩ ɡ a ʁ n eː l ə
Riesenschirmpilz	ʁ iː z n̩ ʃ ɪ ʁ m p ɪ l t͡s
Riesentorlauf	ʁ iː z n̩ t oː ɐ̯ l a ʊ̯ f
Riesentorlaufs	ʁ iː z n̩ t oː ɐ̯ l a ʊ̯ f s
Riesinger	ʁ iː z ɪ ŋ ɐ
Riesingers	ʁ iː z ɪ ŋ ɐ
Rilke	ʁ ɪ l k ə
Rinderbrühe	ʁ ɪ n d ɐ b ʁ yː ə
Rinderdieb	ʁ ɪ n d ɐ d iː p
Rinderdiebe	ʁ ɪ n d ɐ d iː b ə
Rinderdiebes	ʁ ɪ n d ɐ d iː b ə s
Rinderdiebin	ʁ ɪ n d ɐ d iː b ɪ n
Rinderdiebinnen	ʁ ɪ n d ɐ d iː b ɪ n ə n
Rinderdiebs	ʁ ɪ n d ɐ d iː p s
Rinderherde	ʁ ɪ n d ɐ h eː ɐ̯ d ə
Rindermast	ʁ ɪ n d ɐ m a s t
Rindermasten	ʁ ɪ n d ɐ m a s t n̩
Rinderpest	ʁ ɪ n d ɐ p ɛ s t
Rinderzucht	ʁ ɪ n d ɐ t͡s ʊ x t
Rindsbrühe	ʁ ɪ n t s b ʁ yː ə
Ringdrossel	ʁ ɪ ŋ d ʁ ɔ s l̩
Ringschiene	ʁ ɪ ŋ ʃ iː n ə
Ringschienen	ʁ ɪ ŋ ʃ iː n ə n
Ringverein	ʁ ɪ ŋ f ɛ ɐ̯ ʔ a ɪ̯ n
Ringwall	ʁ ɪ ŋ v a l
Rinnsal	ʁ ɪ n z aː l
Rinnsales	ʁ ɪ n z aː l ə s
Rippenfraktur	ʁ ɪ p m̩̩ f ʁ a k t uː ɐ̯
Rippenfraktur	ʁ ɪ p n̩ f ʁ a k t uː ɐ̯
Risikoabsicherung	ʁ iː z i k o a p z ɪ ç ə ʁ ʊ ŋ
Risikoanalyse	ʁ iː z i k o a n a l yː z ə
Risikoexposition	ʁ iː z i k o ɛ k s p o z i t͡s i̯ oː n
Risikostreuung	ʁ iː z i k o ʃ t ʁ ɔ ɪ̯ ʊ ŋ
Ritte	ʁ ɪ t ə
Ritterburgen	ʁ ɪ t ɐ b ʊ ʁ ɡ n̩
Ritterkrieg	ʁ ɪ t ɐ k ʁ iː k
Ritterorden	ʁ ɪ t ɐ ʔ ɔ ʁ d n̩
Rittersitze	ʁ ɪ t ɐ z ɪ t͡s ə
Rittersitzes	ʁ ɪ t ɐ z ɪ t͡s ə s
Ritterstand	ʁ ɪ t ɐ ʃ t a n t
Rittertum	ʁ ɪ t ɐ t uː m
Rittertumes	ʁ ɪ t ɐ t uː m ə s
Rittertums	ʁ ɪ t ɐ t uː m s
Ritts	ʁ ɪ t s
Ritual	ʁ i t u aː l
Rizin	ʁ i t͡s iː n
Rizinus	ʁ iː t͡s i n ʊ s
Rocken	ʁ ɔ k ŋ̩
Rogen	ʁ oː ɡ ŋ̍
Roggenmehl	ʁ ɔ ɡ n̩ m eː l
Rohrammer	ʁ oː ɐ̯ ʔ a m ɐ
Rohrbacher	ʁ oː ɐ̯ b a x ɐ
Rohrbacherin	ʁ oː ɐ̯ b a x ə ʁ ɪ n
Rohrbacherinnen	ʁ oː ɐ̯ b a x ə ʁ ɪ n ə n
Rohrbachers	ʁ oː ɐ̯ b a x ɐ s
Rohrbachs	ʁ oː ɐ̯ b a x s
Rohrkolben	ʁ oː ɐ̯ k ɔ l b m̩
Rohrkolben	ʁ oː ɐ̯ k ɔ l b n̩
Rohrkolbens	ʁ oː ɐ̯ k ɔ l b m̩ s
Rohrkolbens	ʁ oː ɐ̯ k ɔ l b n̩ s
Rohrmoser	ʁ oː ɐ̯ m o x ɐ
Rohrmosers	ʁ oː ɐ̯ m o x ɐ
Rohrschneidern	ʁ oː ɐ̯ ʃ n a ɪ̯ d ɐ n
Rohrschneiders	ʁ oː ɐ̯ ʃ n a ɪ̯ d ɐ s
Rohstoffanteil	ʁ oː ʃ t ɔ f ʔ a n t a ɪ̯ l
Rohstofffonds	ʁ oː ʃ t ɔ f f ɔ̃ː
Rohstoffgewinnung	ʁ oː ʃ t ɔ f ɡ ə v ɪ n ʊ ŋ
Rohstoffmarkt	ʁ oː ʃ t ɔ f m a ʁ k t
Rohstoffsektor	ʁ oː ʃ t ɔ f z ɛ k t oː ɐ̯
Rohstoffsicherheit	ʁ oː ʃ t ɔ f z ɪ ç ɛ ɐ̯ h a ɪ̯ t
Rohstoffverarbeitung	ʁ oː ʃ t ɔ f f ɛ ɐ̯ ʔ a ʁ b a ɪ̯ t ʊ ŋ
Rohstoffversorgung	ʁ oː ʃ t ɔ f f ɛ ɐ̯ z ɔ ʁ ɡ ʊ ŋ
Rokokoschlosses	r ɔ k o k o ʃ l ɔ s ə s
Rokokoschlösser	r ɔ k o k o ʃ l œ s ɐ
Rollassel	ʁ ɔ l ʔ a s l̩
Rollator	ʁ ɔ l aː t oː ɐ̯
Rollatoren	ʁ ɔ l a t oː ʁ ə n
Rollators	ʁ ɔ l aː t oː ɐ̯ s
Rollladens	ʁ ɔ l l aː d n̩ s
Rollmops	ʁ ɔ l m ɔ p s
Romanes	ʁ o m a n ɛ s
Romanistik	ʁ o m a n ɪ s t ɪ kʰ
Rommel	ʁ ɔ m ə l
Rosenbauer	ʁ oː z n̩ b a ʊ̯ ɐ
Rosenbauers	ʁ oː z n̩ b a ʊ̯ ɐ s
Rosenberg	ʁ oː z n̩ b ɛ ʁ k
Rosenberger	ʁ oː z n̩ b ɛ ɐ̯ ɡ ɐ
Rosenbergerin	ʁ oː z n̩ b ɛ ɐ̯ ɡ ə ʁ ɪ n
Rosenbergerinnen	ʁ oː z n̩ b ɛ ɐ̯ ɡ ə ʁ ɪ n ə n
Rosenbergers	ʁ oː z n̩ b ɛ ɐ̯ ɡ ɐ s
Rosenbusch	ʁ oː z n̩ b ʊ ʃ
Rosenbuschs	ʁ oː z n̩ b ʊ ʃ s
Rosenfelder	ʁ oː z n̩ f ɛ l d ɐ
Rosenfelderin	ʁ oː z n̩ f ɛ l d ə ʁ ɪ n
Rosenfelderinnen	ʁ oː z n̩ f ɛ l d ə ʁ ɪ n ə n
Rosenfelders	ʁ oː z n̩ f ɛ l d ɐ s
Rosengewächs	ʁ oː z n̩ ɡ ə v ɛ k s
Rosengewächse	ʁ oː z n̩ ɡ ə v ɛ k s ə
Rosengewächsen	ʁ oː z n̩ ɡ ə v ɛ k s n̩
Rosengewächses	ʁ oː z n̩ ɡ ə v ɛ k s ə s
Rosenheimer	ʁ oː z n̩ h a ɪ̯ m ɐ
Rosenheimerin	ʁ oː z n̩ h a ɪ̯ m ə ʁ ɪ n
Rosenheimerinnen	ʁ oː z n̩ h a ɪ̯ m ə ʁ ɪ n ə n
Rosenheimers	ʁ oː z n̩ h a ɪ̯ m ɐ s
Rosenheims	ʁ oː z n̩ h a ɪ̯ m s
Rosenkopfpapagei	ʁ oː z n̩ k ɔ p͡f p a p a ɡ a ɪ̯
Rosenkopfpapageie	ʁ oː z n̩ k ɔ p͡f p a p a ɡ a ɪ̯ ə
Rosenkopfpapageien	ʁ oː z n̩ k ɔ p͡f p a p a ɡ a ɪ̯ ə n
Rosenkopfpapageis	ʁ oː z n̩ k ɔ p͡f p a p a ɡ a ɪ̯ s
Rosenstein	ʁ oː z n̩ ʃ t a ɪ n
Rosensteins	ʁ oː z n̩ ʃ t a ɪ n s
Rosenstrauß	ʁ oː z n̩ ʃ t r a ʊ̯ s
Rosenthal	ʁ oː z n̩ t aː l
Rosenthaler	ʁ oː z n̩ t aː l ɐ
Rosenthalerin	ʁ oː z n̩ t aː l ə ʁ ɪ n
Rosenthalerinnen	ʁ oː z n̩ t aː l ə ʁ ɪ n ə n
Rosenthalers	ʁ oː z n̩ t aː l ɐ s
Rosenthals	ʁ oː z n̩ t aː l s
Rosinen	ʁ o z iː n ə n
Rosinenbomber	ʁ o z iː n ə n b ɔ m b ɐ
Rosinenbombern	ʁ o z iː n ə n b ɔ m b ɐ n
Rosinenbombers	ʁ o z iː n ə n b ɔ m b ɐ s
Rosinenkuchen	ʁ o z iː n ə n k uː x n̩
Rosinenkuchenmodell	ʁ o z iː n ə n k uː x n̩ m o d ɛ l
Rosinenkuchenmodelle	ʁ o z iː n ə n k uː x n̩ m o d ɛ l ə
Rosinenkuchenmodells	ʁ o z iː n ə n k uː x n̩ m o d ɛ l s
Rosinenkuchenrezept	ʁ o z iː n ə n k uː x n̩ ʁ e t͡s ɛ p t
Rosinenkuchenrezepte	ʁ o z iː n ə n k uː x n̩ ʁ e t͡s ɛ p t ə
Rosinenkuchenrezeptes	ʁ o z iː n ə n k uː x n̩ ʁ e t͡s ɛ p t ə s
Rosinenkuchenrezepts	ʁ o z iː n ə n k uː x n̩ ʁ e t͡s ɛ p t s
Rosinenkuchens	ʁ o z iː n ə n k uː x n s
Rosinenpickerei	ʁ o z iː n ə n p ɪ k ə ʁ a ɪ̯
Rostock	ʁ̞ ɔ s t ɔ k
Rostock	χ ɒ s t ɔ k
Rostocker	ʁ ɔ s t ɔ k ɐ
Rostockerin	ʁ ɔ s t ɔ k ə ʁ ɪ n
Rostockerinnen	ʁ ɔ s t ɔ k ə ʁ ɪ n ə n
Rostockers	ʁ ɔ s t ɔ k ɐ s
Rot	ʁ oː t
Rotaprint	ʀ oː t a p ʀ ɪ n t
Rotbarsch	ʁ oː t b a ʁ ʃ
Rotbauchara	r oː t b a ʊ̯ x aː ʁ a
Rotbaucharas	r oː t b a ʊ̯ x aː ʁ a s
Rotbauchmeise	ʁ oː t b a ʊ̯ x m a ɪ z ə
Rotbauchsittich	ʁ oː t b a ʊ̯ x s ɪ t ɪ ç
Rotbauchsittiche	ʁ oː t b a ʊ̯ x s ɪ t ɪ ç ə
Rotbauchsittiches	ʁ oː t b a ʊ̯ x s ɪ t ɪ ç ə s
Rotbauchsittichs	ʁ oː t b a ʊ̯ x s ɪ t ɪ ç s
Rotbrustmeise	ʁ oː t b ʁ ʊ s t m a ɪ z ə
Rotbugara	r oː t b uː k aː ʁ a
Rotbugaras	r oː t b uː k aː ʁ a s
Rotdrossel	ʁ oː t d ʁ ɔ s ə l
Roteisenstein	ʁ oː t a ɪ̯ z n̩ ʃ t a ɪ̯ n
Rotenberg	ʁ oː t n̩ b ɛ ʁ k
Rotenberger	ʁ oː t n̩ b ɛ ʁ ɡ ɐ
Rotenbergerin	ʁ oː t n̩ b ɛ ʁ ɡ ə ʁ ɪ n
Rotenbergerinnen	ʁ oː t n̩ b ɛ ʁ ɡ ə ʁ ɪ n ə n
Rotenbergers	ʁ oː t n̩ b ɛ ʁ ɡ ɐ s
Rotenbergs	ʁ oː t n̩ b ɛ ʁ k s
Rotenburger	ʁ oː t n̩ b ʊ ʁ ɡ ɐ
Rotenburgerin	ʁ oː t n̩ b ʊ ʁ ɡ ə ʁ ɪ n
Rotenburgerinnen	ʁ oː t n̩ b ʊ ʁ ɡ ə ʁ ɪ n ə n
Rotenburgers	ʁ oː t n̩ b ʊ ʁ ɡ ɐ s
Rotenburgs	ʁ oː t n̩ b ʊ ʁ k s
Rothenberger	ʁ oː t n̩ b ɛ ʁ ɡ ɐ
Rothenbergers	ʁ oː t n̩ b ɛ ʁ ɡ ɐ s
Rothenburger	ʁ oː t n̩ b ʊ ʁ ɡ ɐ
Rothenburgerin	ʁ oː t n̩ b ʊ ʁ ɡ ə ʁ ɪ n
Rothenburgerinnen	ʁ oː t n̩ b ʊ ʁ ɡ ə ʁ ɪ n ə n
Rothenburgers	ʁ oː t n̩ b ʊ ʁ ɡ ɐ s
Rothenburgs	ʁ oː t n̩ b ʊ ʁ k s
Rotkardinal	ʁ oː t k a ʁ d i n aː l
Rotkardinals	ʁ oː t k a ʁ d i n aː l s
Rotkardinäle	ʁ oː t k a ʁ d i n ɛː l ə
Rotohrara	r oː t ʔ oː ɐ̯ aː ʁ a
Rotohraras	r oː t ʔ oː ɐ̯ aː ʁ a s
Rotrückenara	r oː t ʁ ʏ k n̩ aː ʁ a
Rotrückenaras	r oː t ʁ ʏ k n̩ aː ʁ a s
Rotrückenmeise	ʁ oː t ʁ ʏ k n̩ m a ɪ z ə
Rotschwanzsittich	ʁ oː t ʃ v a n s s ɪ t ɪ ç
Rotschwanzsittich	ʁ oː t ʃ v a n t s s ɪ t ɪ ç
Rotschwanzsittiche	ʁ oː t ʃ v a n s s ɪ t ɪ ç ə
Rotschwanzsittiche	ʁ oː t ʃ v a n t s s ɪ t ɪ ç ə
Rotschwanzsittiches	ʁ oː t ʃ v a n s s ɪ t ɪ ç ə s
Rotschwanzsittiches	ʁ oː t ʃ v a n t s s ɪ t ɪ ç ə s
Rotschwanzsittichs	ʁ oː t ʃ v a n s s ɪ t ɪ ç s
Rotschwanzsittichs	ʁ oː t ʃ v a n t s s ɪ t ɪ ç s
Rotspiegelamazone	ʁ oː t ʃ p iː ɡ l̩ ʔ a m a t͡s oː n ə
Rotstirnpapagei	ʁ oː t ʃ t ɪ ʁ n p a p a ɡ a ɪ̯
Rotstirnpapageie	ʁ oː t ʃ t ɪ ʁ n p a p a ɡ a ɪ̯ ə
Rotstirnpapageien	ʁ oː t ʃ t ɪ ʁ n p a p a ɡ a ɪ̯ ə n
Rotstirnpapageis	ʁ oː t ʃ t ɪ ʁ n p a p a ɡ a ɪ s̯
Rottenburg	ʁ ɔ t n̩ b ʊ ʁ k
Rottenburger	ʁ ɔ t n̩ b ʊ ʁ ɡ ɐ
Rottenburgerin	ʁ ɔ t n̩ b ʊ ʁ ɡ ə ʁ ɪ n
Rottenburgerinnen	ʁ ɔ t n̩ b ʊ ʁ ɡ ə ʁ ɪ n ə n
Rottenburgers	ʁ ɔ t n̩ b ʊ ʁ ɡ ɐ s
Rottenburgs	ʁ ɔ t n̩ b ʊ ʁ k s
Rotterdamer	ʁ ɔ t ɐ d a m ɐ
Rotterdamerin	ʁ ɔ t ɐ d a m ə ʁ ɪ n
Rotterdamers	ʁ ɔ t ɐ d a m ɐ s
Rottweilerin	ʁ ɔ t v a ɪ̯ l ə ʁ ɪ n
Rotwild	ʁ oː t v ɪ l t
Rotzigkeit	ʁ ɔ t͡s ɪ ç k a ɪ̯ t
Rotznase	ʁ ɔ t͡s n aː z ə
Rotzügelsittich	ʁ oː t t͡s yː ɡ ə l s ɪ t ɪ ç
Routinebeförderung	ʁ u t iː n ə b ə f œ r d ə r ʊ ŋ
Rowdy	ʁ a ʊ̯ d i
Roßlebener	ʁ ɔ s l eː b n̩ ɐ
Roßlebenerin	ʁ ɔ s l eː b n̩ ə ʁ ɪ n
Roßlebenerinnen	ʁ ɔ s l eː b n̩ ə ʁ ɪ n ə n
Roßlebeners	ʁ ɔ s l eː b n̩ ɐ s
Rubbellos	ʁ ʊ b l̩ l oː s
Rubel	ʁ uː b l̩
Ruder	ʁ uː d ɐ
Rudolf	ʁ uː d ɔ l f
Rufmord	ʁ uː f m ɔ ʁ t
Ruhepol	ʁ uː ə p oː l
Ruhrpott	ʁ u ɐ̯ p ɔ t
Ruhrpott	ʁ uː ɐ̯ p ɔ t
Ruin	ʁ u iː n
Rumgammeln	ʁ ʊ m ɡ a m l̩ n
Rumhängen	ʁ ʊ m h ɛ ŋ ə n
Rumlungern	ʁ ʊ m l ʊ ŋ ɐ n
Rummachen	ʁ ʊ m m a x n̩
Rumpeln	ʁ ʊ m p l̩ n
Rumpf	ʁ ʊ m f
Rumpf	ʁ ʊ m p f
Rumschmeisserin	ʁ ʊ m ʃ m a ɪ̯ s ə ʁ ɪ n
Rumschmeisserinnen	ʁ ʊ m ʃ m a ɪ̯ s ə ʁ ɪ n ə n
Rumschmeißer	ʁ ʊ m ʃ m a ɪ̯ s ɐ
Rumschmeißerin	ʁ ʊ m ʃ m a ɪ̯ s ə ʁ ɪ n
Rumschmeißerinnen	ʁ ʊ m ʃ m a ɪ̯ s ə ʁ ɪ n ə n
Rumschmeißers	ʁ ʊ m ʃ m a ɪ̯ s ɐ s
Rumtürkisch	r uː m t ʏ r k ɪ ʃ
Rumtürkisch	r uː m t ʏ ɐ̯ k ɪ ʃ
Rumtürkisch	ʁ uː m t ʏ ɐ̯ k ɪ ʃ
Rumtürkisch	ʁ uː m t ʏ ʁ k ɪ ʃ
Rumänien	ʁ u m ɛː n j ə n
Rundbogen	r ʊ n t b oː ɡ n̩
Runde	ʁ ʊ n d ə
Rundfahrt	ʁ ʊ n t f aː ɐ̯ t
Rundflug	ʁ ʊ n t f l uː k
Rundfunkberichterstatter	ʁ ʊ n t f ʊ ŋ k b ə ʁ ɪ ç t ʔ ɛ ɐ̯ ʃ t a t ɐ
Rundfunkberichterstatterin	ʁ ʊ n t f ʊ ŋ k b ə ʁ ɪ ç t ʔ ɛ ɐ̯ ʃ t a t ə ʁ ɪ n
Rundfunkberichterstattung	ʁ ʊ n t f ʊ ŋ k b ə ʁ ɪ ç t ʔ ɛ ɐ̯ ʃ t a t ʊ ŋ
Rundfunkberichterstattungen	ʁ ʊ n t f ʊ ŋ k b ə ʁ ɪ ç t ʔ ɛ ɐ̯ ʃ t a t ʊ ŋ ə n
Rundgotisch	ʁ ʊ n t ɡ oː t i ʃ
Rundiste	ʁ ʊ n d ɪ s t ə
Runenstein	ʁ uː n ə n ʃ t a ɪ̯ n
Runkelrübe	ʁ ʊ ŋ k l̩ ʁ yː b ə
Runterwürgen	r ʊ n t ɐ v ʏ r ɡ n̩
Runzelerbse	r ʊ n t͡s ə l ʔ ɛ ɐ̯ p s ə
Rur	ʁ u ɐ̯
Rur	ʁ uː ɐ̯
Russenhasser	ʁ ʊ s n̩ h a s ɐ
Russenhassers	ʁ ʊ s n̩ h a s ɐ s
Russistik	ʁ ʊ s ɪ s t ɪ kʰ
Russland	ʀ ʊ s l a n t
Russland	ʁ ʊ s l a n t
Russländer	ʁ ʊ s l ɛ n d ɐ
Ruth	ʁ uː t
Rutsch	ʁ ʊ t͡ʃ
Rädchen	ʁ ɛ t ç ə n
Rätsel	ʁ eː t͡s l̩
Rätsel	ʁ ɛː t͡s l̩
Räuberbande	ʁ ɔ ɪ̯ b ɐ b a n d ə
Räuberhöhle	ʁ ɔ ɪ̯ b ɐ h øː l ə
Räucherwerk	ʁ ɔ ʏ̯ ç ɐ v ɛ ʁ k
Röhrchen	ʁ øː ɐ̯ ç ə n
Röhrchen	ʁ œ ɐ̯ ç ə n
Römer	ʁ øː m ɐ
Römertopf	ʁ øː m ɐ t ɔ p f
Römhild	ʁ øː m h ɪ l t
Römhilder	ʁ øː m h ɪ l d ɐ
Römhilderin	ʁ øː m h ɪ l d ə ʁ ɪ n
Römhilderinnen	ʁ øː m h ɪ l d ə ʁ ɪ n ə n
Römhilders	ʁ øː m h ɪ l d ɐ s
Römhilds	ʁ øː m h ɪ l t s
Röntgenbild	ʁ œ n t ɡ n̩ b ɪ l t
Röntgenfluoreszenz	ʁ œ n t ɡ n̩ f l u o ʁ ɛ s t͡s ɛ n t͡s
Röntgengerät	ʁ œ n t ɡ n̩ ɡ ə ʁ ɛː t
Röntgengeräte	ʁ œ n t ɡ n̩ ɡ ə ʁ ɛː t ə
Röntgengerätes	ʁ œ n t ɡ n̩ ɡ ə ʁ ɛː t ə s
Röntgengeräts	ʁ œ n t ɡ n̩ ɡ ə ʁ ɛː t s
Röntgenpraxis	ʁ œ n t ɡ n̩ p ʁ a k s ɪ s
Röntgenuntersuchung	ʁ œ n t ɡ n̩ ʔ ʊ n t ɐ z uː x ʊ ŋ
Röte	ʁ øː t ə
Rübenkraut	ʁ yː b m̩ k ʁ ä o̯ t
Rübenkraut	ʁ yː b ə n k ʁ ä o̯ t
Rückbesinnung	ʁ ʏ k b ə z ɪ n ʊ ŋ
Rückbildung	ʁ ʏ k b ɪ l d ʊ ŋ
Rückendeckungen	ʁ ʏ k n̩ d ɛ k ʊ ŋ ə n
Rückenstrecker	ʁ ʏ k ŋ̍ ʃ t ʁ ɛ k ɐ
Rückeroberung	ʁ ʏ k ɛ ɐ̯ ʔ oː b ə ʁ ʊ ŋ
Rückeroberungen	ʁ ʏ k ɛ ɐ̯ ʔ oː b ə ʁ ʊ ŋ ə n
Rückfahrkarte	ʁ ʏ kʰ f aː ɐ̯ kʰ a ɐ̯ tʰ ə
Rückgang	ʁ ʏ k a ŋ
Rückgeld	ʁ ʏ k ɡ ɛ l t
Rückgrat	ʁ ʏ k ʁ aː tʰ
Rückhalt	ʁ ʏ k h a l t
Rückkopplung	ʁ y kʰ ɔ p l ʊ ŋ
Rückkopplungseffekt	ʁ ʏ k k ɔ p l ʊ ŋ s ʔ ɛ f ɛ k t
Rückkopplungseffekte	ʁ ʏ k k ɔ p l ʊ ŋ s ʔ ɛ f ɛ k t ə
Rückkopplungseffektes	ʁ ʏ k k ɔ p l ʊ ŋ s ʔ ɛ f ɛ k t s
Rückkopplungseffekts	ʁ ʏ k k ɔ p l ʊ ŋ s ʔ ɛ f ɛ k t ə s
Rücklagenbildung	ʁ ʏ k l aː ɡ n̩ b ɪ l d ʊ ŋ
Rückmeldung	ʁ ʏ kʰ m ɛ l d ʊ ŋ
Rücknahme	ʁ ʏ k n aː m ə
Rückruf	ʁ ʏ k ʁ uː f
Rückschlag	ʁ ʏ kʰ ʃ l aː kʰ
Rückseite	ʁ ʏ k s a ɪ̯ tʰ ə
Rücksitz	ʁ ʏ k z ɪ t͡s
Rücksitze	ʁ ʏ k z ɪ t͡s ə
Rücksitzes	ʁ ʏ k z ɪ t͡s ə s
Rückspiegel	ʁ ʏ k ʃ p iː ɡ l̩
Rücksprache	ʁ ʏ k ʃ p ʁ aː χ ə
Rückstrahler	ʁ ʏ k ʃ t ʁ aː l ɐ
Rücktritt	ʁ ʏ kʰ t ʁ ɪ tʰ
Rückumlaut	ʁ ʏ k ʔ ʊ m l a ʊ̯ t
Rückumschlag	ʁ ʏ kʰ ʔ ʊ m ʃ l aː kʰ
Rückversicherer	ʁ ʏ k f ɛ ɐ̯ z ɪ ç ə ʁ ɐ
Rückwurf	ʁ ʏ k v ʊ ʁ f
Rückwurfe	ʁ ʏ k v ʊ ʁ f ə
Rückwärtsfahren	ʁ ʏ k v ɛ ʁ t s f aː ʁ ə n
Rückwärtsfahrer	ʁ ʏ k v ɛ ʁ t s f aː ʁ ɐ
Rückwärtsgang	ʁ ʏ k v ɛ ʁ t s ɡ a ŋ
Rückwürfen	ʁ ʏ k v ʏ ʁ f n̩
Rückzug	ʁ ʏ kʰ t sʰ uː kʰ
Rückzugsort	ʁ ʏ k t͡s uː k s ʔ ɔ ʁ t
Rücküberweisung	ʁ ʏ k yː b ɐ v a ɪ̯ z ʊ ŋ
Rüdesheimer	ʁ yː d ə s h a ɪ̯ m ɐ
Rüdesheimerin	ʁ yː d ə s h a ɪ̯ m ə ʁ ɪ n
Rüdesheimerinnen	ʁ yː d ə s h a ɪ̯ m ə ʁ ɪ n ə n
Rüdesheimers	ʁ yː d ə s h a ɪ̯ m ɐ s
Rüganer	ʁ yː ɡʰ äː n ɐ
Rügener	ʁ yː ɡ ə n ɐ
Rührei	ʁ yː ɐ̯ ʔ a ɪ̯
Rülpsen	ʁ ʏ l p s n̩
Rüssel	ʁ ʏ s l̩
Rüssel	ʁ ʏ s ə l
Rüstung	ʁ ʏ s t ʊ ŋ
Rüstungsindustrie	ʁ ʏ s t ʊ ŋ s ʔ ɪ n d ʊ s t ʁ iː
S	ʔ ɛ s
SS	ɛ s ʔ ɛ s
Saar	z aː
Saar	z aː ɐ̯
Saar	z aː ʁ
Saat	s aː d̥
Saatkornes	z aː t k ɔ ʁ n ə s
Saatkorns	z aː t k ɔ ʁ n s
Saatkörner	z aː t k œ ʁ n ɐ
Saatkörnern	z aː t k œ ʁ n ɐ n
Sabbat	z a b a t
Sabbat	z a b ɐ t
Sabbatjahrs	z a b a t j aː ɐ̯ s
Sachausschüttung	z a x a ʊ̯ s ʃ ʏ t ʊ ŋ
Sachdividende	z a x d i v i d ɛ n d ə
Sache	z ä χ ə
Sachertorte	s a χ ɐ d̥ ɔ ɐ d̥ ɛ
Sachertorte	z a χ ɐ t ɔ ʁ t ə
Sachliteratur	z a χ l ɪ t ə ʁ a t uː ɐ̯
Sachschaden	z a x ʃ aː d n̩
Sachsen	z a k s ə n
Sachsens	z a k s n̩ s
Sachsenschlächter	z a k s n̩ ʃ l ɛ ç t ɐ
Sachverstand	z a x f ɛ ɐ̯ ʃ t a n t
Sachverständige	z a x f ɛ ɐ̯ ʃ t ɛ n d ɪ ɡ ə
Sachverständiger	z a x f ɛ ɐ̯ ʃ t ɛ n d ɪ ɡ ɐ
Sachwalter	s a x v a l t ɐ
Sachwalter	z a x v a l t ɐ
Sack	s a k
Sackbahnhofes	z a k b aː n h oː f ə s
Sackbahnhofs	z a k b aː n h oː f s
Sackbahnhöfe	z a k b aː n h øː f ə
Sadismus	z a d ɪ s m ʊ s
Saerbeck	z aː b ɛ k
Saerbeck	z aː ɐ̯ b ɛ k
Saitenspiel	z a ɪ̯ t n̩ ʃ p iː l
Sakralisieren	z a k ʁ a l i z iː ʁ ə n
Sakristei	z a k ʁ ɪ s t a ɪ̯
Salamischeibe	z a l aː m i ʃ a ɪ̯ b ə
Salatschüssel	z a l aː t ʃ ʏ s l̩
Salatteller	z a l aː t t ɛ l ɐ
Salatöl	z a l aː t ʔ øː l
Salbeiblatt	z a l b a ɪ̯ b l a t
Salbeitee	z a l b a ɪ̯ t eː
Salben	s a l b m̩
Salben	z a l b m̩
Salden	z a l d n̩
Salden	z a l d ə n
Saldieren	z a l d iː ʁ ə n
Saldierung	z a l d iː ʁ ʊ ŋ
Salicylsäure	z a l i t͡s yː l z ɔ ɪ̯ ʁ ə
Sallinger	z a l ɪ ŋ ɐ
Sallingers	z a l ɪ ŋ ɐ s
Salmannsweilerin	z a l m a n s v a ɪ̯ l ə ʁ ɪ n
Salon	s a l oː n
Salon	z a l õː
Salon	z a l ɔ ŋ
Salutieren	z a l u tʰ iː ɐ̯ n
Salzamt	s a l t͡s a m t
Salzamt	z a l t͡s a m t
Salzburger	z a l t͡s b ʊ ʁ ɡ ɐ
Salzburgerin	z a l t͡s b ʊ ʁ ɡ ə ʁ ɪ n ə n
Salzburgerinnen	z a l t͡s b ʊ ʁ ɡ ə ʁ ɪ n ə n
Salzen	z a l t͡s n̩
Salzinger	z a l t͡s ɪ ŋ ɐ
Salzingers	z a l t͡s ɪ ŋ ɐ s
Salzkartoffel	z a l t͡s k a ʁ t ɔ f l̩
Salär	z a l ɛ ɐ̯
Salär	z a l ɛː ɐ̯
Samenschale	z aː m ə n ʃ aː l ə
Samenschalen	z aː m ə n ʃ aː l ə n
Samenzelle	z aː m ə n t͡s ɛ l ə
Sammelfrucht	z a m l̩ f ʁ ʊ x t
Sammelfrüchte	z a m l̩ f ʁ ʏ ç t ə
Sammelklage	z a m l̩ k l aː ɡ ə
Sammelwut	z a m l̩ v uː t
Samstag	s ɑ m s d̥ ɑ ɡ̥
Samstagabend	z a m s t aː k ʔ aː b n̩ t
Samstagmittag	z a m s t aː k m ɪ t aː k
Samstagnachmittag	z a m s t aː k n aː χ m ɪ t aː k
Samstagvormittag	z a m s t aː k f oː ɐ̯ m ɪ t aː k
Sandbrink	z a n t b ʁ ɪ ŋ k
Sandbrinks	z a n t b ʁ ɪ ŋ k s
Sander	z a n d ɐ
Sandkastenfreund	z a n t k a s t n̩ f ʁ ɔ ɪ̯ n t
Sandweilerin	z a n t v a ɪ̯ l ə ʁ ɪ n
Sanftmut	z a n f t m uː t
Sangerhausener	z a ŋ ɐ h a ʊ̯ z n̩ ɐ
Sangerhausenerin	z a ŋ ɐ h a ʊ̯ z n̩ ə ʁ ɪ n
Sangerhausenerinnen	z a ŋ ɐ h a ʊ̯ z n̩ ə ʁ ɪ n ə n
Sangerhauseners	z a ŋ ɐ h a ʊ̯ z n̩ ɐ s
Sanieren	z a n iː ʁ ə n
Sanitätsfahrzeugen	z a n i t ɛː t͡s f aː ɐ̯ t͡s ɔ ɪ̯ ɡ n̩
Sankra	z a ŋ k ʁ a
Sankt	s a ŋ k t
Sankt	z a ŋ k t
Sanktion	z a ŋ k t͡s i̯ oː n
Sanktionsbeschluss	z a ŋ k t͡s i̯ oː n s b ə ʃ l ʊ s
Sanktionsbeschlusses	z a ŋ k t͡s i̯ oː n s b ə ʃ l ʊ s ə s
Sanktionsbeschlüsse	z a ŋ k t͡s i̯ oː n s b ə ʃ l ʏ s ə
Sanktionspaket	z a ŋ k t͡s i̯ oː n s p a k eː t
Saphir	z a f iː ɐ̯
Saphir	z aː f iː ɐ̯
Saphir	z aː f ɪ ʁ
Sara	z aː ʁ a
Sarah	z aː ʁ a
Sardiniens	z a ʁ d iː n i̯ ə n s
Sarin	z a ʁ iː n
Satansbraten	z aː t a n s b ʁ aː t n̩
Satteldaches	z a t l̩ d a x ə s
Satteldachs	z a t l̩ d a x s
Satteldächer	z a t l̩ d ɛ ç ɐ
Sattelgurt	z a t l̩ ɡ ʊ r t
Satteln	z a t l̩ n
Sattelschlepper	z a t l̩ ʃ l ɛ p ɐ
Sattelzugmaschine	z a t l̩ t͡s uː k m a ʃ iː n ə
Satthaben	z a t h aː b n̩
Satyr	z aː t ʏ ʁ
Satzanfang	z a t s ʔ a n f a ŋ
Satzbau	z a t s b a ʊ̯
Satzbauplan	z a t s b a ʊ̯ p l aː n
Satzbruch	z a t s b ʁ ʊ χ
Satzende	z a t s ɛ n d ə
Satzlehre	z a t s l eː ʁ ə
Satzmitte	z a t s m ɪ t ə
Satzmuster	z a t͡s m ʊ s t ɐ
Satzzeichen	z a t s t s a ɪ̯ ç n̩
Sau	s a ɔ̯
Sau	z a ʊ̯
Sauberfrau	z a ʊ̯ b ɐ f ʁ a ʊ̯
Saubermachen	z a ʊ̯ b ɐ m a χ n̩
Saubermann	z a ʊ̯ b ɐ m a n
Sauerei	z a ʊ̯ ə ʁ a ɪ̯
Sauerkirsche	z a ʊ̯ ɐ k ɪ ʁ ʃ ə
Sauerländer	z a ʊ̯ ɐ l ɛ n d ɐ
Sauerländerin	z a ʊ̯ ɐ l ɛ n d ə ʁ ɪ n
Sauerländerinnen	z a ʊ̯ ɐ l ɛ n d ə ʁ ɪ n ə n
Sauerländers	z a ʊ̯ ɐ l ɛ n d ɐ s
Sauerstoffmaske	z a ʊ̯ ɐ ʃ t ɔ f m a s k ə
Sauerstofftank	z a ʊ̯ ɐ ʃ t ɔ f t a ŋ k
Saufbold	s a ʊ̯ f b ɔ l t
Saufbold	z a ʊ̯ f b ɔ l t
Saufen	z ä o̯ f n̩
Saugen	z a ʊ̯ ɡ n̩
Saugglocke	z a ʊ̯ k ɡ l ɔ k ə
Saugglocken	z a ʊ̯ k ɡ l ɔ k n̩
Saugnapf	z a ʊ̯ k n a p͡f
Saugstelle	z a ʊ̯ k ʃ t ɛ l ə
Saugstellen	z a ʊ̯ k ʃ t ɛ l ə n
Saugwurm	z a ʊ̯ k v ʊ ʁ m
Sauhaufen	z a ʊ̯ h a ʊ̯ f n̩
Saumsattel	z a ʊ̯ m z a t l̩
Saumsattels	z a ʊ̯ m z a t l̩ s
Saumsättel	z a ʊ̯ m z ɛ t l̩
Saunen	z ä o̯ n n̩
Saunen	z ä o̯ n ə n
Saunieren	z a ʊ̯ n iː ʁ ə n
Sausen	z a ʊ̯ z n̩
Sautieren	z o tʰ iː ɐ̯ n
Saven	s ɛ ɪ̯ v n̩
Schaan	ʃ aː n
Schabens	ʃ aː b n̩ s
Schabernack	ʃ aː b ɐ n a k
Schachspieler	ʃ a χ ʃ p iː l ɐ
Schachtel	ʃ a χ t l̩
Schachtelsatz	ʃ a x t l̩ z a t͡s
Schachtschneider	ʃ a x t ʃ n a ɪ̯ d ɐ
Schachtschneiders	ʃ a x t ʃ n a ɪ̯ d ɐ s
Schadstoffausstoß	ʃ aː t ʃ t ɔ f ʔ a ʊ̯ s ʃ t oː s
Schadstoffausstoßes	ʃ aː t ʃ t ɔ f ʔ a ʊ̯ s ʃ t oː s ə s
Schadstoffausstöße	ʃ aː t ʃ t ɔ f ʔ a ʊ̯ s ʃ t øː s ə
Schafe	ʃ aː f ə
Schafehüten	ʃ aː f ə h yː t n̩
Schafen	ʃ aː f n̩
Schafes	ʃ aː f ə s
Schaffhausen	ʃ a f h a ʊ̯ z n̩
Schaffner	ʃ a f n ɐ
Schafherde	ʃ aː f h eː ɐ̯ d ə
Schafhirte	ʃ aː f h ɪ ʁ t ə
Schafhirten	ʃ aː f h ɪ ʁ t n̩
Schafhirten	ʃ aː f h ɪ ʁ t ə n
Schafs	ʃ aː f s
Schaft	ʃ a f t
Schafzucht	ʃ aː f t͡s ʊ x t
Schalerbse	ʃ äː l ʔ ɛ ɐ̯ p s ə
Schalldichte	ʃ a l d ɪ ç t ə
Schalten	ʃ a l t n̩
Schalthebel	ʃ a l t h eː b l̩
Schaltknüppel	ʃ a l t k n ʏ p l̩
Schaltzentrale	ʃ a l t t͡s ɛ n t ʁ aː l ə
Schamane	ʃ a m aː n ə
Schamanismus	ʃ a m a n ɪ s m ʊ s
Schamentzündung	ʃ aː m ʔ ɛ n t t s ʏ n d ʊ ŋ
Schamgefühl	ʃ aː m ɡ ə f yː l
Schamhaar	ʃ aː m h aː ɐ̯
Schamhügel	ʃ aː m h yː ɡ l̩
Schandtat	ʃ a n tˑ aː t
Schankraum	ʃ a ŋ k ʁ a ʊ̯ m
Schanktisch	ʃ a ŋ k t ɪ ʃ
Schar	ʃ aː
Schar	ʃ aː r
Schar	ʃ aː ɐ̯
Scharbock	ʃ aː b ɔ k
Scharbock	ʃ aː ɐ̯ b ɔ k
Scharbockskraut	ʃ aː b ɔ k s k ʁ a ʊ̯ t
Scharbockskraut	ʃ aː ɐ̯ b ɔ k s k ʁ a ʊ̯ t
Scharen	ʃ aː n
Scharen	ʃ aː ɐ n
Scharen	ʃ aː ɐ̯ n
Scharen	ʃ aː ʁ ə n
Scharfrichter	ʃ a ɐ̯ f ʁ ɪ ç t ɐ
Scharfrichter	ʃ a ʁ f ʁ ɪ ç t ɐ
Scharlachara	ʃ a ʁ l a x aː ʁ a
Scharlacharas	ʃ a ʁ l a x aː ʁ a s
Scharlachkardinal	ʃ a ʁ l a x k a ʁ d i n aː l
Scharlachkardinals	ʃ a ʁ l a x k a ʁ d i n aː l s
Scharlachkardinäle	ʃ a ʁ l a x k a ʁ d i n ɛː l ə
Scharmützel	ʃ a ʁ m ʏ t͡s l̩
Scharnier	ʃ a ʁ n i ɐ̯
Scharnier	ʃ a ʁ n iː ɐ̯
Schattenspiel	ʃ a tʰ ə n ʃ p iː l
Schattenspiele	ʃ a t n̩ ʃ p iː l ə
Schattenspiele	ʃ a t ə n ʃ p iː l ə
Schattenspieles	ʃ a tʰ ə n ʃ p iː l ə s
Schattenspiels	ʃ a tʰ ə n ʃ p iː l s
Schauer	ʃ a ʊ̯ ɐ
Schaufel	ʃ a ʊ̯ f l̩
Schaufel	ʃ a ʊ̯ f ə l
Schaufensterfigur	ʃ a ʊ̯ f ɛ n s t ɐ f i ɡ uː ɐ̯
Schaukel	ʃ a ʊ̯ k l̩
Schaumfestiger	ʃ a ʊ̯ m f ɛ s t ɪ ɡ ɐ
Schaumkrone	ʃ a ʊ̯ m k ʁ oː n ə
Schaumwein	ʃ a ʊ̯ m v a ɪ̯ n
Schauspieler	ʃ a ʊ̯ ʃ p iː l ɐ
Schauspielerei	ʃ a ʊ̯ ʃ p iː l ə ʁ a ɪ̯
Schauspielereien	ʃ a ʊ̯ ʃ p iː l ə ʁ a ɪ̯ ə n
Schauspielerin	ʃ a ʊ̯ ʃ p iː l ə ʁ ɪ n
Schauspielern	ʃ a ʊ̯ ʃ p iː l ɐ n
Scheibchens	ʃ a ɪ̯ b ç ə n s
Scheiben	ʃ a ɪ̯ b n̩
Scheibenberg	ʃ a ɪ̯ b n̩ b ɛ ʁ k
Scheibenberger	ʃ a ɪ̯ b n̩ b ɛ ʁ ɡ ɐ
Scheibenbergerin	ʃ a ɪ̯ b n̩ b ɛ ʁ ɡ ə ʁ ɪ n
Scheibenbergerinnen	ʃ a ɪ̯ b n̩ b ɛ ʁ ɡ ə ʁ ɪ n ə n
Scheibenbergers	ʃ a ɪ̯ b n̩ b ɛ ʁ ɡ ɐ s
Scheibenbergs	ʃ a ɪ̯ b n̩ b ɛ ʁ k s
Scheibenkleister	ʃ a ɪ̯ b m̩ k l a ɪ̯ s t ɐ
Scheinehe	ʃ a ɪ̯ n ʔ eː ə
Scheinfrucht	ʃ a ɪ̯ n f ʁ ʊ x t
Scheingericht	ʃ a ɪ̯ n ɡ ə ʁ ɪ ç t
Scheingerichte	ʃ a ɪ̯ n ɡ ə ʁ ɪ ç t ə
Scheingerichtes	ʃ a ɪ̯ n ɡ ə ʁ ɪ ç t ə s
Scheingerichts	ʃ a ɪ̯ n ɡ ə ʁ ɪ ç t s
Scheiß	ʃ a ɪ̯ s
Scheißdreck	ʃ a ɪ̯ s d ʁ ɛ k
Scheißen	ʃ a ɪ̯ s n̩
Scheißhaus	ʃ a ɪ̯ s h a ʊ s
Schekel	ʃ eː k l̩
Schelling	ʃ ɛ l ɪ ŋ
Schellinger	ʃ ɛ l ɪ ŋ ɐ
Schellingers	ʃ ɛ l ɪ ŋ ɐ s
Schellings	ʃ ɛ l ɪ ŋ s
Schema	ʃ eː m a
Schembeis	ʃ ɛ m b a ɪ̯ s
Schemel	ʃ eː m l̩
Schemm	ʃ ɛ m
Scherbe	ʃ ɛ ɐ̯ b ə
Scherbengericht	ʃ ɛ ʁ b n̩ ɡ ə ʁ ɪ ç t
Scherbenhaufen	ʃ ɛ ʁ b n̩ h a ʊ̯ f n̩
Schere	ʃ eː ʁ ə
Scherenflügel	ʃ eː ɐ̯ n f l yː ɡ l̩
Schermodul	ʃ eː ɐ̯ m o d uː l
Scherzartikel	ʃ ɛ ʁ t͡s ʔ a ʁ t iː k l̩
Scherzartikel	ʃ ɛ ʁ t͡s ʔ a ʁ t ɪ k l̩
Scherzbold	ʃ ɛ ʁ t͡s b ɔ l t
Scherzbolde	ʃ ɛ ʁ t͡s b ɔ l d ə
Scherzboldes	ʃ ɛ ʁ t͡s b ɔ l d ə s
Scherzboldin	ʃ ɛ ʁ t͡s b ɔ l d ɪ n
Scherzbolds	ʃ ɛ ʁ t͡s b ɔ l t s
Scheunentor	ʃ ɔ ɪ̯ n ə n t oː ɐ̯
Schibboleth	ʃ iː b o l ɛ t
Schibboleth	ʃ ɪ b oː l ɛ t
Schichtvulkan	ʃ ɪ ç t v ʊ l k aː n
Schiechtl	ʃ iː ç t l̩
Schiedsgericht	ʃ iː t͡s ɡ ə ʁ ɪ ç t
Schiedsgerichte	ʃ iː t͡s ɡ ə ʁ ɪ ç t ə
Schiedsgerichtes	ʃ iː t͡s ɡ ə ʁ ɪ ç t ə s
Schiedsgerichts	ʃ iː t͡s ɡ ə ʁ ɪ ç t͡s
Schiefergas	ʃ iː f ɐ ɡ aː s
Schienenersatzverkehr	ʃ iː n ə n ʔ ɛ ɐ̯ z a t͡s f ɛ ɐ̯ k eː ɐ̯
Schier	ʃ iː ɐ
Schierling	ʃ i ɐ̯ l ɪ ŋ
Schierling	ʃ i ɐ̯ l ɪ ŋ k
Schierling	ʃ iː ɐ̯ l ɪ ŋ
Schierling	ʃ iː ɐ̯ l ɪ ŋ k
Schiern	ʃ iː ɐ n
Schiesser	ʃ iː s ɐ
Schießbefehl	ʃ iː s b ə f eː l
Schießen	ʃ iː s n̩
Schießen	ʃ iː s ə n
Schießer	ʃ iː s ɐ
Schießpulver	ʃ iː s p ʊ l f ɐ
Schießpulver	ʃ iː s p ʊ l v ɐ
Schießwesen	ʃ iː s v eː z n̩
Schiffbarkeit	ʃ ɪ f b aː ɐ̯ k a ɪ̯ t
Schiffbarkeitsgrenze	ʃ ɪ f b aː ɐ̯ k a ɪ̯ t s ɡ ʁ ɛ n t͡s ə
Schiffbrüchiger	ʃ ɪ f b ʁ ʏ ç ɪ ɡ ɐ
Schiffchen	ʃ ɪ f ç ə n
Schifferstädter	ʃ ɪ f ɐ ʃ t ɛ t ɐ
Schifferstädterin	ʃ ɪ f ɐ ʃ t ɛ t ə ʁ ɪ n
Schifferstädterinnen	ʃ ɪ f ɐ ʃ t ɛ t ə ʁ ɪ n ə n
Schifferstädters	ʃ ɪ f ɐ ʃ t ɛ t ɐ s
Schifffahrt	ʃ ɪ f f aː ɐ̯ t
Schiffshebewerk	ʃ ɪ f s h eː b ə v ɛ ɐ̯ k
Schiffshebewerk	ʃ ɪ f s h eː b ə v ɛ ʁ k
Schiffsheck	ʃ ɪ f s h ɛ k
Schiffsverkehr	ʃ ɪ f s f ɛ ɐ̯ k eː ɐ̯
Schigebiet	ʃ iː ɡ ə b iː t
Schikoree	ʃ i k o ʁ eː
Schikoree	ʃ ɪ k o ʁ e
Schildbürger	ʃ ɪ l t b ʏ ʁ ɡ ɐ
Schilde	ʃ ɪ l d ə
Schildesche	ʃ ɪ l d ə ʃ ə
Schildknecht	ʃ ɪ l t k n ɛ ç t
Schildknechte	ʃ ɪ l t k n ɛ ç t ə
Schildknechtes	ʃ ɪ l t k n ɛ ç t ə s
Schildknechts	ʃ ɪ l t k n ɛ ç t s
Schildvulkan	ʃ ɪ l t v ʊ l k aː n
Schildwache	ʃ ɪ l t v a x ə
Schilfrohr	ʃ ɪ l f ʁ oː ɐ̯
Schillerfalter	ʃ ɪ l ɐ f a l t ɐ
Schillerfalters	ʃ ɪ l ɐ f a l t ɐ s
Schinken	ʃ ɪ ŋ k ŋ̩
Schinkenbrot	ʃ ɪ ŋ k n̩ b ʁ oː t
Schinkenbrote	ʃ ɪ ŋ k n̩ b ʁ oː t ə
Schinkenbrotes	ʃ ɪ ŋ k n̩ b ʁ oː t ə s
Schinkenbrots	ʃ ɪ ŋ k n̩ b ʁ oː t s
Schinkenscheibe	ʃ ɪ ŋ k ŋ̩ ʃ a ɪ̯ b ə
Schirmmütze	ʃ ɪ ʁ m m ʏ t͡s ə
Schirmmützen	ʃ ɪ ʁ m m ʏ t͡s ə n
Schischke	ʃ ɪ ʃ k ə
Schisma	s ç ɪ s m a
Schisma	ʃ ɪ s m a
Schlachtplan	ʃ l a χ t p l aː n
Schlackenlosigkeit	ʃ l a k n l oː z ɪ ç k a e̯ tʰ
Schlackenlosigkeit	ʃ l a k ə n l oː z ɪ ç k a e̯ tʰ
Schlackenlosigkeit	ʃ l a ʔ ŋ̩ l oː z ɪ ç k a e̯ tʰ
Schlackenlosigkeit	ʃ l ä k n l oː s ɪ k k a ɪ̯ t
Schlackenlosigkeit	ʃ l ä k ə n l oː s ɪ k k a ɪ̯ t
Schladminger	ʃ l aː t m ɪ ŋ ɐ
Schladmingerin	ʃ l aː t m ɪ ŋ ə ʁ ɪ n
Schladmingerinnen	ʃ l aː t m ɪ ŋ ə ʁ ɪ n ə n
Schladmingers	ʃ l aː t m ɪ ŋ ɐ s
Schlafenszeit	ʃ l aː f n̩ s t͡s a ɪ̯ t
Schlafentzug	ʃ l aː f ɛ n t͡s uː k
Schlafentzug	ʃ l aː f ʔ ɛ n t t͡s uː k
Schlafkrankheit	ʃ l aː f k ʁ a ŋ k h a ɪ̯ t
Schlaflosigkeit	ʃ l aː f l oː z ɪ ç k a ɪ̯ t
Schlafstörung	ʃ l aː f ʃ t øː ʁ ʊ ŋ
Schlagabtausch	ʃ l aː k ʔ a p t a ʊ̯ ʃ
Schlagobers	ʃ l aː ɡ̥ oː b ɐ s
Schlagzeuger	ʃ l aː k t͡s ɔ ʏ̯ ɡ ɐ
Schlamassel	ʃ l a m a s ə l
Schlammschlacht	ʃ l a m ʃ l a χ t
Schlamperei	ʃ l a m p ə ʁ a ɪ̯
Schlangen	ʃ l a ŋ n̩
Schlangengurke	ʃ l ä ŋ ə n ɡ ʊ r k ə
Schlangengurke	ʃ l ä ŋ ə n ɡ ʊ ɐ̯ k ə
Schlangengurke	ʃ l ä ŋ ə n ɡ ʊ ʁ k ə
Schlangennest	ʃ l a ŋ ə n n ɛ s t
Schlapbach	ʃ l a p b a x
Schlapbachs	ʃ l a p b a x s
Schlapfen	ʃ l a p f n̩
Schlappen	ʃ l a p n̩
Schlaraffe	ʃ l a ʁ a f ə
Schlaufe	ʃ l a ʊ̯ f ə
Schlechtmachen	ʃ l ɛ ç t m a x n̩
Schlechtmachers	ʃ l ɛ ç t m a x ɐ s
Schlechtreden	ʃ l ɛ ç t ʁ eː d n̩
Schlechtreder	ʃ l ɛ ç t ʁ eː d ɐ
Schlehe	ʃ l eː ə
Schleichen	ʃ l a ɪ̯ ç n̩
Schleichwerbung	ʃ l a ɪ̯ ç v ɛ ʁ b ʊ ŋ
Schleifenblume	ʃ l a ɪ̯ f ə n b l uː m ə
Schleifenblumen	ʃ l a ɪ̯ f ə n b l uː m ə n
Schleifenimpedanz	ʃ l a ɪ̯ f ə n ɪ m p e d a n t͡s
Schleifenimpedanzen	ʃ l a ɪ̯ f ə n ɪ m p e d a n t͡s n̩
Schleimfisch	ʃ l a ɪ̯ m f ɪ ʃ
Schleimfischchen	ʃ l a ɪ̯ m f ɪ ʃ ç ə n
Schleimfische	ʃ l a ɪ̯ m f ɪ ʃ ə
Schleimfisches	ʃ l a ɪ̯ m f ɪ ʃ ə s
Schleimfischlein	ʃ l a ɪ̯ m f ɪ ʃ l a ɪ̯ n
Schleimfischs	ʃ l a ɪ̯ m f ɪ ʃ s
Schlepperbande	ʃ l ɛ p ɐ b a n d ə
Schlesierin	ʃ l eː z i̯ ə ʁ ɪ n
Schleuse	ʃ l ɔ ɛ̯ s ɛ
Schleuse	ʃ l ɔ ɪ̯ z ə
Schleusentor	ʃ l ɔ ɪ̯ z n̩ t oː ɐ̯
Schleusentore	ʃ l ɔ ɪ̯ z n̩ t oː ʁ ə
Schleusentores	ʃ l ɔ ɪ̯ z n̩ t oː ʁ ə s
Schleusentors	ʃ l ɔ ɪ̯ z n̩ t oː ɐ̯ s
Schleusenwärter	ʃ l ɔ ɪ̯ z n̩ v ɛ ʁ t ɐ
Schleuserbande	ʃ l ɔ ɪ̯ z ɐ b a n d ə
Schliessen	ʃ l iː s ə n
Schließen	ʃ l iː s n̩
Schließen	ʃ l iː s ə n
Schließfach	ʃ l iː s f a χ
Schliffe	ʃ l ɪ f ə
Schliffes	ʃ l ɪ f ə s
Schliffs	ʃ l ɪ f s
Schlittschuhläufer	ʃ l ɪ t ʃ uː l ɔ ɪ̯ f ɐ
Schlitzen	ʃ l ɪ t͡s n̩
Schlitzohr	ʃ l ɪ t͡s ʔ oː ɐ̯
Schlosskapelle	ʃ l ɔ s k a p ɛ l ə
Schlosskapellen	ʃ l ɔ s k a p ɛ l ə n
Schlosskirchen	ʃ l ɔ s k ɪ ʁ ç n̩
Schluchzen	ʃ l ʊ x t͡s n̩
Schluchzens	ʃ l ʊ x t͡s n̩ s
Schludernser	ʃ l uː d ɛ ʁ n z ɐ
Schludernserin	ʃ l uː d ɛ ʁ n z ə ʁ ɪ n
Schludernserinnen	ʃ l uː d ɛ ʁ n z ə ʁ ɪ n ə n
Schludernsers	ʃ l uː d ɛ ʁ n z ɐ s
Schlumpf	ʃ l ʊ m f
Schlumpf	ʃ l ʊ m p͡f
Schlumpfen	ʃ l ʊ m p͡f n̩
Schlumpfhausen	ʃ l ʊ m p͡f h a ʊ̯ z n̩
Schlumpfhausens	ʃ l ʊ m p͡f h a ʊ̯ z n̩ s
Schlumpfine	ʃ l ʊ m f iː n ə
Schlumpfine	ʃ l ʊ m p͡f iː n ə
Schlupfloch	ʃ l ʊ p f l ɔ χ
Schlupfwespe	ʃ l ʊ p͡f v ɛ s p ə
Schlupfwespen	ʃ l ʊ p͡f v ɛ s p n̩
Schlupfwespenartige	ʃ l ʊ p͡f v ɛ s p ə n ʔ a ʁ t ɪ ɡ ə
Schluss	ʃ l ʊ s
Schlussakkord	ʃ l ʊ s ʔ a k ɔ ʁ t
Schlusses	ʃ l ʊ s ə s
Schlussfolge	ʃ l ʊ s f ɔ l ɡ ə
Schlussfolgerung	ʃ l ʊ s f ɔ l ɡ ə ʁ ʊ ŋ
Schlusslicht	ʃ l ʊ s l ɪ ç t
Schlussmachen	ʃ l ʊ s m a χ n̩
Schlussrechnung	ʃ l ʊ s ʁ ɛ ç n ʊ ŋ
Schlussstrich	ʃ l ʊ s ʃ t ʁ ɪ ç
Schlusswort	ʃ l ʊ s v ɔ ʁ t
Schlußfolge	ʃ l ʊ s f ɔ l ɡ ə
Schläue	ʃ l ɔ ɪ̯ ə
Schlümpfin	ʃ l ʏ m f ɪ n
Schlümpfin	ʃ l ʏ m p͡f ɪ n
Schlüsse	ʃ l ʏ s ə
Schlüsselbund	ʃ l ʏ s l̩ b ʊ n t
Schlüsselvoraussetzung	ʃ l ʏ s l̩ f o ʁ a ʊ̯ s z ɛ t͡s ʊ ŋ
Schlüsselvoraussetzungen	ʃ l ʏ s l̩ f o ʁ a ʊ̯ s z ɛ t͡s ʊ ŋ ə n
Schlüsselwort	ʃ l ʏ s l̩ v ɔ ʁ t
Schmackofatz	ʃ m a k o f a t͡s
Schmalnasenaffe	ʃ m aː l n aː z n̩ ʔ a f ə
Schmalnasenaffen	ʃ m aː l n aː z n̩ ʔ a f n̩
Schmalspur	ʃ m aː l ʃ p u ɐ̯
Schmalspur	ʃ m aː l ʃ p uː ɐ̯
Schmalspurbahn	ʃ m aː l ʃ p u ɐ̯ b aː n
Schmalspurbahn	ʃ m aː l ʃ p uː ɐ̯ b aː n
Schmalz	ʃ m a l t͡s
Schmauchspur	ʃ m a ʊ̯ x ʃ p u ɐ̯
Schmauchspur	ʃ m a ʊ̯ x ʃ p uː ɐ̯
Schmeicheln	ʃ m a ɪ̯ ç l̩ n
Schmeißfliege	ʃ m a ɪ̯ s f l iː ɡ ə
Schmelz	ʃ m ɛ l t͡s
Schmelzfluss	ʃ m ɛ l t͡s f l ʊ s
Schmelzflusses	ʃ m ɛ l t͡s f l ʊ s ə s
Schmelzofen	ʃ m ɛ l t͡s oː f n̩
Schmelzofen	ʃ m ɛ l t͡s oː f ə n
Schmelztopf	ʃ m ɛ l t͡s t o p f
Schmelzwärme	ʃ m ɛ l t s v ɛ ɐ̯ m ə
Schmer	ʃ m eː ɐ̯
Schmer	ʃ m ɛ ɐ̯
Schmerbauch	ʃ m eː ɐ̯ b a ʊ̯ x
Schmerbauches	ʃ m eː ɐ̯ b a ʊ̯ x ə s
Schmerbauchs	ʃ m eː ɐ̯ b a ʊ̯ x s
Schmerbäuche	ʃ m eː ɐ̯ b ɔ ʏ̯ ç ə
Schmerz	ʃ m ɛ ɐ̯ t s
Schmerzen	ʃ m ɛ ɐ̯ t s ə n
Schmetterling	ʃ m ɛ t ɐ l ɪ ŋ
Schmetterlinge	ʃ m ɛ t ɐ l ɪ ŋ ə
Schmetterlingsdach	ʃ m ɛ t ɐ l ɪ ŋ s d a x
Schmetterlingsdaches	ʃ m ɛ t ɐ l ɪ ŋ s d a x ə s
Schmetterlingsdachs	ʃ m ɛ t ɐ l ɪ ŋ s d a x s
Schmetterlingsdächer	ʃ m ɛ t ɐ l ɪ ŋ s d ɛ ç ɐ
Schmetterlingsflügel	ʃ m ɛ t ɐ l ɪ ŋ s f l yː ɡ l̩
Schmetterlingskundler	ʃ m ɛ t ɐ l ɪ ŋ s k ʊ n d l ɐ
Schmetterlingskundlerin	ʃ m ɛ t ɐ l ɪ ŋ s k ʊ n d l ə ʁ ɪ n
Schmetterlingskundlerinnen	ʃ m ɛ t ɐ l ɪ ŋ s k ʊ n d l ə ʁ ɪ n ə n
Schmetterlingskundlers	ʃ m ɛ t ɐ l ɪ ŋ s k ʊ n d l ɐ s
Schmidhuber	ʃ m iː t h uː b ɐ
Schmidhubers	ʃ m iː t h uː b ɐ s
Schmierentheater	ʃ m iː ʁ ə n t e ʔ aː t ɐ
Schmierfett	ʃ m iː ɐ̯ f ɛ t
Schmierlappen	ʃ m iː ɐ̯ l ä p m̩
Schmierlappen	ʃ m iː ɐ̯ l ä p ə n
Schmierseife	ʃ m iː ɐ̯ z a ɪ̯ f ə
Schmollen	ʃ m ɔ l ə n
Schmuckherstellung	ʃ m ʊ kʰ h ɛ ɐ̯ ʃ t ɛ l ʊ ŋ
Schmuckherstellungen	ʃ m ʊ kʰ h ɛ ɐ̯ ʃ t ɛ l ʊ ŋ ə n
Schmuckindustrie	ʃ m ʊ k ʔ ɪ n d ʊ s t ʁ iː
Schmuckstück	ʃ m ʊ k ʃ t ʏ k
Schmuggelgut	ʃ m ʊ ɡ l̩ ɡ uː t
Schmuggelgutes	ʃ m ʊ ɡ l̩ ɡ uː t ə s
Schmuggelguts	ʃ m ʊ ɡ l̩ ɡ uː t s
Schmuggelgüter	ʃ m ʊ ɡ l̩ ɡ yː t ɐ
Schmuggelware	ʃ m ʊ ɡ l̩ v aː ʁ ə
Schmutzfink	ʃ m ʊ t͡s f ɪ ŋ k
Schmutzkampagne	ʃ m ʊ t͡s k a m p a n j ə
Schnalle	ʃ n a l ə
Schnapsleiche	ʃ n a p s l a ɪ̯ ç ə
Schnarchen	ʃ n a ɐ̯ ç n̩
Schnauben	ʃ n a ʊ̯ b n̩
Schnaufen	ʃ n a ʊ̯ f ə n
Schneckentempo	ʃ n ɛ k n̩ t ɛ m p o
Schneckentempos	ʃ n ɛ k n̩ t ɛ m p o s
Schneeammer	ʃ n eː ʔ a m ɐ
Schneefuchs	ʃ n eː f ʊ k s
Schneekristall	ʃ n eː k ʁ ɪ s t a l
Schneekristalle	ʃ n eː k ʁ ɪ s t a l ə
Schneekristalles	ʃ n eː k ʁ ɪ s t a l ə s
Schneekristalls	ʃ n eː k ʁ ɪ s t a l s
Schneeregen	ʃ n eː ʁ eː ɡ ŋ̍
Schneeregens	ʃ n eː ʁ eː ɡ n̩ s
Schneeregens	ʃ n eː ʁ eː ɡ ŋ̩ s
Schneeräumer	ʃ n eː ʁ ɔ ʏ̯ m ɐ
Schnegel	ʃ n eː ɡ l̩
Schneiderin	ʃ n a ɪ̯ d ə ʁ ɪ n
Schneiders	ʃ n a ɪ̯ d ɐ s
Schnellboot	ʃ n ɛ l b oː t
Schnelling	ʃ n ɛ l ɪ ŋ
Schnellinger	ʃ n ɛ l ɪ ŋ ɐ
Schnellingers	ʃ n ɛ l ɪ ŋ ɐ s
Schnellings	ʃ n ɛ l ɪ ŋ s
Schnellkochtopf	ʃ n ɛ l k ɔ χ t ɔ p f
Schnellläufer	ʃ n ɛ l l ɔ ɪ̯ f ɐ
Schnellläuferin	ʃ n ɛ l l ɔ ɪ̯ f ə ʁ ɪ n
Schnellläufers	ʃ n ɛ l l ɔ ɪ̯ f ɐ s
Schnellmann	ʃ n ɛ l m a n
Schnellmanns	ʃ n ɛ l m a n s
Schnellspanner	ʃ n ɛ l ʃ p a n ɐ
Schnellstraße	ʃ n ɛ l ʃ t ʁ aː s ə
Schnellstraßen	ʃ n ɛ l ʃ t ʁ aː s n̩
Schniblotag	ʃ n ɪ b l ə ʊ t aː k
Schnirkelschnecke	ʃ n ɪ ʁ k l̩ ʃ n ɛ k ə
Schnirkelschnecken	ʃ n ɪ ʁ k l̩ ʃ n ɛ k n̩
Schnitter	ʃ n ɪ t ɐ
Schnittfläche	ʃ n ɪ t f l ɛ ç ə
Schnittstelle	ʃ n ɪ t ʃ t ɛ l ə
Schnitzel	ʃ n ɪ t s l̩
Schnitzel	ʃ n ɪ t s ə l
Schnodder	ʃ n ɔ d ɐ
Schnodderdeutsch	ʃ n ɔ d ɐ d ɔ ɪ̯ t͡ʃ
Schnorchel	ʃ n ɔ ʁ ç l̩
Schnorrerin	ʃ n ɔ ʁ ɐ ə ʁ ɪ n
Schnupftabak	ʃ n ʊ p͡f t a b a k
Schnur	ʃ n u ɐ̯
Schnur	ʃ n uː ɐ̯
Schnäppchen	ʃ n ɛ p ç n̩
Schnörkellosigkeit	ʃ n œ ɐ̯ k l̩ l oː z ɪ ç k a ɪ̯ t
Schnörkellosigkeit	ʃ n œ ʁ k l̩ l oː z ɪ ç k a ɪ̯ t
Schnörre	ʃ n œ ʁ ə
Schnösel	ʃ n øː z l̩
Schnüffeln	ʃ n ʏ f l̩ n
Schnüffler	ʃ n ʏ f l ɐ
Schoah	ʃ o ʔ aː
Schoah	ʃ oː a
Schokokuss	ʃ oː k o k ʊ s
Schokoladenkuchen	ʃ o k o l aː d n̩ k uː x n̩
Schoner	ʃ oː n ɐ
Schongau	ʃ oː n ɡ a ʊ̯
Schongauer	ʃ oː n ɡ a ʊ̯ ɐ
Schongauerin	ʃ oː n ɡ a ʊ̯ ə ʁ ɪ n
Schongauerinnen	ʃ oː n ɡ a ʊ̯ ə ʁ ɪ n ə n
Schongauers	ʃ oː n ɡ a ʊ̯ ɐ s
Schongaus	ʃ oː n ɡ a ʊ̯ s
Schonungslosigkeit	ʃ oː n ʊ ŋ s l oː z ɪ ç k a ɪ̯ t
Schopfheim	ʃ ɔ p͡f h a ɪ̯ m
Schopfheimer	ʃ ɔ p͡f h a ɪ̯ m ɐ
Schopfheimerin	ʃ ɔ p͡f h a ɪ̯ m ə ʁ ɪ n
Schopfheimerinnen	ʃ ɔ p͡f h a ɪ̯ m ə ʁ ɪ n ə n
Schopfheimers	ʃ ɔ p͡f h a ɪ̯ m ɐ s
Schopfheims	ʃ ɔ p͡f h a ɪ̯ m s
Schottenkönigin	ʃ ɔ t n̩ k øː n ɪ ɡ ɪ n
Schottergarten	ʃ ɔ t ɐ ɡ a ʁ t n̩
Schotterstraßen	ʃ ɔ t ɐ ʃ t ʁ aː s n̩
Schottersträßchen	ʃ ɔ t ɐ ʃ t ʁ ɛː s ç ə n
Schoßhündchen	ʃ oː s h ʏ n t ç ə n
Schrankenwärter	ʃ ʁ a ŋ k n̩ v ɛ ʁ t ɐ
Schrankenwärters	ʃ ʁ a ŋ k n̩ v ɛ ʁ t ɐ s
Schrauben	ʃ ʁ a ʊ̯ b m̩
Schrauben	ʃ ʁ a ʊ̯ b n̩
Schrebergarten	ʃ ʁ eː b ɐ ɡ a ʁ t n̩
Schrecke	ʃ ʁ ɛ kʰ ə
Schreckensherrschaft	ʃ ʁ ɛ k n̩ s h ɛ ʁ ʃ a f t
Schreckgespenst	ʃ ʁ ɛ k ɡ ə ʃ p ɛ n s t
Schreckschuß	ʃ ʁ ɛ k ʃ ʊ s
Schredder	ʃ ʁ ɛ d ɐ
Schreibe	ʃ ʁ a ɪ̯ b ə
Schreibtischlampe	ʃ ʁ a ɪ̯ p t ɪ ʃ l a m p ə
Schreinerei	ʃ ʁ a ɪ̯ n ə ʁ a ɪ̯
Schriftleiter	ʃ r ɪ f t l a ɪ̯ t ɐ
Schriftleitung	ʃ r ɪ f t l a ɪ̯ t ʊ ŋ
Schrifttumes	ʃ ʁ ɪ f t t uː m ə s
Schrifttums	ʃ ʁ ɪ f t t uː m s
Schritt	ʃ r ɪ tʰ
Schritt	ʃ ʁ ɪ tʰ
Schrotthändler	ʃ ʁ ɔ t h ɛ n d l ɐ
Schrotthändlerin	ʃ ʁ ɔ t h ɛ n d l ə ʁ ɪ n
Schrotthändlerinnen	ʃ ʁ ɔ t h ɛ n d l ə ʁ ɪ n ə n
Schrottplatz	ʃ ʁ ɔ t p l a t͡s
Schrottplatzes	ʃ ʁ ɔ t p l a t͡s ə s
Schrottplätze	ʃ ʁ ɔ t p l ɛ t͡s ə
Schrumpeln	ʃ ʁ ʊ m p l̩ n
Schrumpeln	ʃ ʁ ʊ m p ə l n
Schrumpfen	ʃ ʁ ʊ m p f n̩
Schrumpfgermane	ʃ ʁ ʊ m p͡f ɡ ɛ ʁ m aː n ə
Schrägbalken	ʃ ʁ ɛː k b a l k n̩
Schrägbalkens	ʃ ʁ ɛː k b a l k n̩ s
Schräglinksbalken	ʃ ʁ ɛː k l ɪ ŋ k s b a l k n̩
Schräglinksbalkens	ʃ ʁ ɛː k l ɪ ŋ k s b a l k n̩ s
Schrägrechtsbalken	ʃ ʁ ɛː k ʁ ɛ ç t͡s b a l k n̩
Schrägrechtsbalkens	ʃ ʁ ɛː k ʁ ɛ ç t͡s b a l k n̩ s
Schröder	ʃ ʁ øː d ɐ
Schröttinghausen	ʃ ʁ œ t ɪ ŋ h a ʊ̯ z n̩
Schröttinghausen	ʃ ʁ œ t ɪ ŋ h a ʊ̯ z ə n
Schuft	ʃ ʊ f t
Schuhkarton	ʃ uː k a ʁ t ɔ ŋ
Schuhkartone	ʃ uː k a ʁ t oː n ə
Schuhputzer	ʃ uː p ʊ t͡s ɐ
Schuhschachtel	ʃ uː ʃ a χ t l̩
Schuhschnabel	ʃ uː ʃ n aː b l̩
Schuhschnäbel	ʃ uː ʃ n ɛː b l̩
Schularbeit	ʃ uː l a ʁ b a ɪ̯ t
Schularbeit	ʃ uː l ʔ a ʁ b a ɪ̯ t
Schulaufgabe	ʃ uː l ʔ a ʊ̯ f ɡ aː b ə
Schulausflug	ʃ uː l ʔ a ʊ̯ s f l uː k
Schulbeginn	ʃ uː l b ə ɡ ɪ n
Schulbibliothek	ʃ uː l b i b l i o t eː k
Schulbub	ʃ uː l b uː p
Schuldenorgie	ʃ ʊ l d n̩ ɔ ɐ̯ ɡ i̯ ə
Schuldenschnitt	ʃ ʊ l d n̩ ʃ n ɪ t
Schuldenverwaltung	ʃ ʊ l d n̩ f ɛ ɐ̯ v a l t ʊ ŋ
Schuldgefühl	ʃ ʊ l t ɡ ə f yː l
Schuldiger	ʃ ʊ l d ɪ ɡ ɐ
Schuldverschreibung	ʃ ʊ l t f ɛ ɐ̯ ʃ ʁ a ɪ̯ b ʊ ŋ
Schuleingang	ʃ uː l ʔ a ɪ̯ n ɡ a ŋ
Schuljunge	ʃ uː l j ʊ ŋ ə
Schulpolitik	ʃ uː l p o l i t iː k
Schulsache	ʃ uː l z a x ə
Schulsack	ʃ uː l z a k
Schulschließungsorgie	ʃ uː l ʃ l iː s ʊ ŋ s ɔ ɐ̯ ɡ i̯ ə
Schulschluss	ʃ uː l ʃ l ʊ s
Schulschwänzer	ʃ uː l ʃ v ɛ n t͡s ɐ
Schulschwänzers	ʃ uː l ʃ v ɛ n t͡s ɐ s
Schulterhalfter	ʃ ʊ l t ɐ h a l f t ɐ
Schulterzucken	ʃ ʊ l t ɐ t͡s ʊ k n̩
Schulze	ʃ ʊ l t͡s ə
Schulzes	ʃ ʊ l t͡s ə s
Schummelei	ʃ ʊ m ə l a ɪ̯
Schummeleien	ʃ ʊ m ə l a ɪ̯ ə n
Schupfnudel	ʃ ʊ p͡f n uː d l̩
Schupfnudeln	ʃ ʊ p͡f n uː d l̩ n
Schupo	ʃ uː p o
Schuppenflechte	ʃ ʊ p n̩ f l ɛ ç t ə
Schuppenflechten	ʃ ʊ p n̩ f l ɛ ç t n̩
Schuppenpanzer	ʃ ʊ p n̩ p a n t͡s ɐ
Schuppenzwergspecht	ʃ ʊ p n̩ t͡s v ɛ ʁ k ʃ p ɛ ç t
Schuppenzwergspechte	ʃ ʊ p n̩ t͡s v ɛ ʁ k ʃ p ɛ ç t ə
Schuppenzwergspechtes	ʃ ʊ p n̩ t͡s v ɛ ʁ k ʃ p ɛ ç t ə s
Schuppenzwergspechts	ʃ ʊ p n̩ t͡s v ɛ ʁ k ʃ p ɛ ç t͡s
Schurke	ʃ ʊ ɐ̯ k ə
Schurke	ʃ ʊ ʁ k ə
Schussfaden	ʃ ʊ s f aː d n̩
Schusswechsel	ʃ ʊ s v ɛ k s l̩
Schussweite	ʃ ʊ s v a ɪ̯ t ə
Schuster	ʃ uː s t ɐ
Schutts	ʃ ʊ t͡s
Schutzgebiet	ʃ ʊ t͡s ɡ ə b iː t
Schutzgelderpressung	ʃ ʊ t s ɡ ɛ l t ʔ ɛ ʁ p ʁ ɛ s ʊ ŋ
Schutzhaft	ʃ ʊ t͡s h a f t
Schutzmacht	ʃ ʊ t͡s m a x t
Schutzmaske	ʃ ʊ t͡s m a s k ə
Schutzstaffel	ʃ ʊ t͡s ʃ t a f l̩
Schutzwall	ʃ ʊ t͡s v a l
Schutzweste	ʃ ʊ t͡s v ɛ s t ə
Schußfaden	ʃ ʊ s f aː d n̩
Schwa	ʃ ʋ aː
Schwaben	ʃ v aː b n̩
Schwabens	ʃ v aː b n̩ s
Schwachpunkt	ʃ ʋ a χ p ʊ ŋ k t
Schwachpunkte	ʃ ʋ a χ p ʊ ŋ k t ə
Schwachpunktes	ʃ ʋ a χ p ʊ ŋ k t ə s
Schwachpunkts	ʃ ʋ a χ p ʊ ŋ k t s
Schwaden	ʃ ʋ aː d n̩
Schwager	ʃ ʋ aː ɡ ɐ
Schwagerehe	ʃ v aː ɡ ɐ ʔ eː ə
Schwalbe	ʃ ʋ ä l b ə
Schwalbensittich	ʃ v a l b ə n s ɪ t ɪ ç
Schwalbensittiche	ʃ v a l b ə n s ɪ t ɪ ç ə
Schwalbensittiches	ʃ v a l b ə n s ɪ t ɪ ç ə s
Schwalbensittichs	ʃ v a l b ə n s ɪ t ɪ ç s
Schwan	ʃ ʋ äː n
Schwanken	ʃ v a ŋ k n̩
Schwanz	ʃ ʋ ä n t͡s
Schwanzwedeln	ʃ v a n t͡s v eː d l̩ n
Schwarm	ʃ ʋ a ɐ̯ m
Schwarm	ʃ ʋ a ʁ m
Schwarm	ʃ ʋ aː m
Schwarmverhalten	ʃ ʋ a ɐ̯ m f ɛ ɐ̯ h a l t n̩
Schwarte	ʃ ʋ a ʁ t ə
Schwarzbau	ʃ v a ʁ t͡s b a ʊ̯
Schwarzbrennerei	ʃ v a ʁ t͡s b ʁ ɛ n ə r a ɪ̯
Schwarzdrossel	ʃ ʋ a ʁ t s d ʁ ɔ s ə l
Schwarzenau	ʃ v a ʁ t͡s n̩ a ʊ̯
Schwarzenauer	ʃ v a ʁ t͡s n̩ a ʊ̯ ɐ
Schwarzenauerin	ʃ v a ʁ t͡s n̩ a ʊ̯ ə ʁ ɪ n
Schwarzenauers	ʃ v a ʁ t͡s n̩ a ʊ̯ ɐ s
Schwarzenaus	ʃ v a ʁ t͡s n̩ a ʊ̯ s
Schwarzenbach	ʃ v a ʁ t͡s n̩ b a x
Schwarzenbacher	ʃ v a ʁ t͡s n̩ b a x ɐ
Schwarzenbacherin	ʃ v a ʁ t͡s n̩ b a x ə ʁ ɪ n
Schwarzenbachers	ʃ v a ʁ t͡s n̩ b a x ɐ s
Schwarzenbachs	ʃ v a ʁ t͡s n̩ b a x s
Schwarzenberger	ʃ v a ʁ t͡s n̩ b ɛ ʁ ɡ ɐ
Schwarzenbergerin	ʃ v a ʁ t͡s n̩ b ɛ ʁ ɡ ə ʁ ɪ n
Schwarzenbergers	ʃ v a ʁ t͡s n̩ b ɛ ʁ ɡ ɐ s
Schwarzenbergs	ʃ v a ʁ t͡s n̩ b ɛ ʁ k s
Schwarzenborn	ʃ v a ʁ t͡s n̩ b ɔ ʁ n
Schwarzenborner	ʃ v a ʁ t͡s n̩ b ɔ ʁ n ɐ
Schwarzenbornerin	ʃ v a ʁ t͡s n̩ b ɔ ʁ n ə ʁ ɪ n
Schwarzenborners	ʃ v a ʁ t͡s n̩ b ɔ ʁ n ɐ s
Schwarzenborns	ʃ v a ʁ t͡s n̩ b ɔ ʁ n s
Schwarzenburg	ʃ v a ʁ t͡s n̩ b ʊ ʁ k
Schwarzenburger	ʃ v a ʁ t͡s n̩ b ʊ ʁ ɡ ɐ
Schwarzenburgerin	ʃ v a ʁ t͡s n̩ b ʊ ʁ ɡ ə ʁ ɪ n
Schwarzenburgerinnen	ʃ v a ʁ t͡s n̩ b ʊ ʁ ɡ ə ʁ ɪ n ə n
Schwarzenburgers	ʃ v a ʁ t͡s n̩ b ʊ ʁ ɡ ɐ s
Schwarzenburgs	ʃ v a ʁ t͡s n̩ b ʊ ʁ k s
Schwarzenegger	ʃ v a ɐ̯ t s n̩ ʔ ɛ ɡ ɐ
Schwarzeneggers	ʃ v a ɐ̯ t s n̩ ɛ ɡ ɐ s
Schwarzenfels	ʃ v a ʁ t͡s n̩ f ɛ l s
Schwarzenfels'	ʃ v a ʁ t͡s n̩ f ɛ l s
Schwarzenfelser	ʃ v a ʁ t͡s n̩ f ɛ l z ɐ
Schwarzenfelserin	ʃ v a ʁ t͡s n̩ f ɛ l z ə ʁ ɪ n
Schwarzentruber	ʃ v a ɐ̯ t s n̩ t ʁ uː b ɐ
Schwarzentrubers	ʃ v a ɐ̯ t s n̩ t ʁ uː b ɐ s
Schwarzfahrerei	ʃ v a ʁ t͡s f aː ʁ ə r a ɪ̯
Schwarzflügelpapagei	ʃ ʋ a ʁ t s f l yː ɡ l̩ p a p a ɡ a ɪ̯
Schwarzflügelpapageie	ʃ ʋ a ʁ t s f l yː ɡ l̩ p a p a ɡ a ɪ̯ ə
Schwarzflügelpapageien	ʃ ʋ a ʁ t s f l yː ɡ l̩ p a p a ɡ a ɪ̯ ə n
Schwarzflügelpapageis	ʃ ʋ a ʁ t s f l yː ɡ l̩ p a p a ɡ a ɪ̯ s
Schwarzhaupt	ʃ v a r t͡s h a ʊ̯ p t
Schwarzhaupt	ʃ ʋ a ɐ̯ t͡s h a ʊ̯ p t
Schwarzhaupt	ʃ ʋ a ʁ t͡s h a ʊ̯ p t
Schwarzhaupts	ʃ ʋ a ʁ t͡s h a ʊ̯ p t s
Schwarzkappler	ʃ v a ɐ̯ t͡s k a p l ɐ
Schwarzkehlbraunelle	ʃ ʋ a ɐ̯ t s k eː l b ʀ a ʊ̯ n ɛ l ə
Schwarzkehlbraunellen	ʃ ʋ a ɐ̯ t s k eː l b ʀ a ʊ̯ n ɛ l ə n
Schwarzkittel	ʃ v a ʁ t͡s k ɪ t l̩
Schwarzkopf	ʃ v a r t s k ɔ p͡f
Schwarzkopf	ʃ ʋ a ɐ̯ t s k ɔ p͡f
Schwarzkopf	ʃ ʋ a ʁ t s k ɔ p͡f
Schwarzmaler	ʃ v a ʁ t͡s m aː l ɐ
Schwarzpulver	ʃ v a ʁ t͡s p ʊ l v ɐ
Schwarzsehen	ʃ v a ʁ t͡s z eː ə n
Schwarzseher	ʃ v a ʁ t͡s z eː ɐ
Schwarzseherei	ʃ v a ɐ̯ t s z eː ə r a ɪ̯
Schwarzseherei	ʃ v a ʁ t s z eː ə r a ɪ̯
Schwarzseherin	ʃ v a ʁ t͡s z eː ə ʁ ɪ n
Schwarzwasser	ʃ ʋ a ʁ t͡s v a s ɐ
Schwarzweißdenken	ʃ v a ʁ t͡s v a ɪ̯ s d ɛ ŋ k n̩
Schwarzweißfilm	ʃ v a ʁ t͡s v a ɪ̯ s f ɪ l m
Schwarzweißfotografie	ʃ v a ʁ t͡s v a ɪ̯ s f o t o ɡ ʁ a f iː
Schwarzweißmalerei	ʃ v a ʁ t͡s v a ɪ̯ s m aː l ə ʁ a ɪ̯
Schwebeablaut	ʃ v eː b ə ʔ a p l a ʊ̯ tʰ
Schwebfliege	ʃ v eː p f l iː ɡ ə
Schweden	ʃ v eː d n̩
Schwefel	ʃ ʋ eː f l̩
Schwefeldioxidausstoß	ʃ v eː f l̩ d iː ʔ ɔ k s iː t ʔ a ʊ̯ s ʃ t oː s
Schwefeldioxyd	ʃ v eː f l̩ d iː ʔ ɔ k s iː t
Schwefeldioxyd	ʃ v eː f l̩ d iː ʔ ɔ k s yː t
Schwefeldioxydausstoß	ʃ v eː f l̩ d iː ʔ ɔ k s yː t ʔ a ʊ̯ s ʃ t oː s
Schwefelmonoxyd	ʃ v eː f l̩ m o n ʔ ɔ k s iː t
Schwefelmonoxyd	ʃ v eː f l̩ m o n ʔ ɔ k s yː t
Schwefelporling	ʃ v eː f l̩ p oː ɐ̯ l ɪ ŋ
Schwefeltrioxyd	ʃ v eː f l̩ t r iː ʔ ɔ k s iː t
Schwefeltrioxyd	ʃ v eː f l̩ t r iː ʔ ɔ k s yː t
Schweidnitz	ʃ v a ɪ̯ d n ɪ t͡s
Schweidnitz'	ʃ v a ɪ̯ d n ɪ t͡s
Schweidnitzens	ʃ v a ɪ̯ d n ɪ t͡s ə n s
Schweidnitzes	ʃ v a ɪ̯ d n ɪ t͡s ə s
Schweif	ʃ v a ɪ̯ f
Schweigeminute	ʃ v a ɪ̯ ɡ ə m i n uː t ə
Schwein	ʃ ʋ a ɪ̯ n
Schwein	ʃ ʋ ä e̯ n
Schwein	ʃ ʋ ɑ e̯ n
Schweinchen	ʃ v a ɪ̯ n ç ə n
Schweinchens	ʃ v a ɪ̯ n ç ə n s
Schweinderl	ʃ v a ɪ̯ n d ɐ l
Schweinefett	ʃ v a ɪ̯ n ə f ɛ t
Schweinefette	ʃ v a ɪ̯ n ə f ɛ t ə
Schweinefettes	ʃ v a ɪ̯ n ə f ɛ t ə s
Schweinefetts	ʃ v a ɪ̯ n ə f ɛ t s
Schweinehirte	ʃ v a ɪ̯ n ə h ɪ ʁ t ə
Schweinehirten	ʃ v a ɪ̯ n ə h ɪ ʁ t ə n
Schweinekotelett	ʃ v a ɪ̯ n ə k ɔ t l ɛ t
Schweinemasten	ʃ v a ɪ̯ n ə m a s t n̩
Schweinepriester	ʃ v a ɪ̯ n ə p ʁ iː s t ɐ
Schweinezucht	ʃ v a ɪ̯ n ə t͡s ʊ x t
Schweinfurterin	ɛ ʁ f ʊ ʁ t ə ʁ ɪ n
Schweinfurterinnen	ʃ v a ɪ̯ n f ʊ ʁ t ə ʁ ɪ n ə n
Schweinsfisch	ʃ ʋ a ɪ̯ n t͡s f ɪ ʃ
Schweißhund	ʃ v a ɪ̯ s h ʊ n t
Schweißtechnik	ʃ v a ɪ̯ s t ɛ ç n ɪ k
Schwelen	ʃ ʋ eː l ə n
Schwenninger	ʃ v ɛ n ɪ ŋ ɐ
Schwenningerin	ʃ v ɛ n ɪ ŋ ə ʁ ɪ n
Schwenningerinnen	ʃ v ɛ n ɪ ŋ ə ʁ ɪ n ə n
Schwenningers	ʃ v ɛ n ɪ ŋ ɐ s
Schwerfallen	ʃ v eː ɐ̯ f a l ə n
Schwergewicht	ʃ v eː ɐ̯ ɡ ə v ɪ ç t
Schweriner	ʃ v e ʁ iː n ɐ
Schwerinerin	ʃ v e ʁ iː n ə ʁ ɪ n
Schwerinerinnen	ʃ v e ʁ iː n ə ʁ ɪ n ə n
Schweriners	ʃ v e ʁ iː n ɐ s
Schwerpunkt	ʃ ʋ eː ɐ̯ p ʊ ŋ k t
Schwert	ʃ ʋ eː ɐ̯ t
Schwert	ʃ ʋ ɛ ɐ̯ t
Schwerterträger	ʃ ʋ eː ɐ̯ t ɐ t ʁ ɛː ɡ ɐ
Schwertkampf	ʃ v eː ɐ̯ t k a m p f
Schwertlilie	ʃ v eː ɐ̯ t l iː l i̯ ə
Schwertliliengewächs	ʃ v eː ɐ̯ t l iː l i̯ ə n ɡ ə v ɛ k s
Schwertmuschel	ʃ ʋ ɛ ɐ̯ t m ʊ ʃ l̩
Schwertmuscheln	ʃ ʋ ɛ ɐ̯ t m ʊ ʃ l̩ n
Schwertträger	ʃ ʋ eː ɐ̯ t t ʁ ɛː ɡ ɐ
Schwertträger	ʃ ʋ eː ɐ̯ t ʁ ɛː ɡ ɐ
Schwertträgers	ʃ ʋ eː ɐ̯ t t ʁ ɛː ɡ ɐ s
Schwertträgers	ʃ ʋ eː ɐ̯ t ʁ ɛː ɡ ɐ s
Schwerverbrecher	ʃ v eː ɐ̯ f ɛ ɐ̯ b ʁ ɛ ç ɐ
Schwerverbrechers	ʃ v eː ɐ̯ f ɛ ɐ̯ b ʁ ɛ ç ɐ s
Schwester	ʃ ʋ ɛ s t ɐ
Schwierigkeitsgrad	ʃ v iː ʁ ɪ ç k a ɪ̯ t͡s ɡ ʁ aː t
Schwierigkeitsgrade	ʃ v iː ʁ ɪ ç k a ɪ̯ t͡s ɡ ʁ aː d ə
Schwierigkeitsgrades	ʃ v iː ʁ ɪ ç k a ɪ̯ t͡s ɡ ʁ aː d ə s
Schwierigkeitsgrads	ʃ v iː ʁ ɪ ç k a ɪ̯ t͡s ɡ ʁ aː t͡s
Schwimmblase	ʃ v ɪ m b l aː z ə
Schwimmen	ʃ v ɪ m ə n
Schwimmfarngewächs	ʃ v ɪ m f a ʁ n ɡ ə v ɛ k s
Schwimmfarngewächse	ʃ v ɪ m f a ʁ n ɡ ə v ɛ k s ə
Schwimmfarngewächses	ʃ v ɪ m f a ʁ n ɡ ə v ɛ k s ə s
Schwindeln	ʃ v ɪ n d l̩ n
Schwindler	ʃ v ɪ n t l ɐ
Schwinge	ʃ v ɪ ŋ ə
Schwingtür	ʃ v ɪ ŋ t yː ɐ̯
Schwippschwager	ʃ ʋ ɪ p ʃ ʋ aː ɡ ɐ
Schwippschwäger	ʃ ʋ ɪ p ʃ ʋ ɛː ɡ ɐ
Schwirrgerät	ʃ v ɪ ʁ ɡ ə ʁ eː t
Schwirrgerät	ʃ v ɪ ʁ ɡ ə ʁ ɛː t
Schwirrholz	ʃ v ɪ ʁ h ɔ l t s
Schwirrvogel	ʃ v ɪ ʁ f oː ɡ l̩
Schwitzkasten	ʃ ʋ ɪ t͡s k a s t n̩
Schwuchtel	ʃ v ʊ x t l̩
Schwuchtel	ʃ ʋ ʊ x t l̩
Schwuchtel	ʃ ʋ ʊ x t ə l
Schwung	ʃ ʋ ʊ ŋ
Schwung	ʃ ʋ ʊ ŋ k
Schwur	ʃ ʋ u ɐ̯
Schwur	ʃ ʋ uː ɐ̯
Schwurgericht	ʃ ʋ u ɐ̯ ɡ ə ʁ ɪ ç t
Schwurgericht	ʃ ʋ uː ɐ̯ ɡ ə ʁ ɪ ç t
Schwäre	ʃ v eː ʁ ə
Schwäre	ʃ v ɛː ʁ ə
Schwärmer	ʃ v ɛ ɐ̯ m ɐ
Schwärmerei	ʃ v e ɐ̯ m ɐ ʁ a ɪ̯
Schwärmerin	ʃ v ɛ ɐ̯ m ɐ ʁ ɪ n
Schwätzer	ʃ v ɛ t͜s ɐ
Schwätzerin	ʃ v ɛ t͜s ə r ɪ n
Schwüre	ʃ v yː ʁ ə
Schächer	ʃ ɛ ç ɐ
Schädel	ʃ ɛː d l̩
Schädel	ʃ ɛː d ə l
Schädelbruch	ʃ eː d l̩ b ʁ ʊ x
Schädelbruch	ʃ ɛː d l̩ b ʁ ʊ x
Schädelknochen	ʃ ɛː d l̩ k n ɔ x n̩
Schäfer	ʃ eː f ɐ
Schäfer	ʃ ɛː f ɐ
Schäferhund	ʃ ɛː f ɐ h ʊ n t
Schäler	ʃ eː l ɐ
Schäler	ʃ ɛː l ɐ
Schärdinger	ʃ ɛː ʁ d ɪ ŋ ɐ
Schärdingerin	ʃ ɛː ʁ d ɪ ŋ ə ʁ ɪ n
Schärdingerinnen	ʃ ɛː ʁ d ɪ ŋ ə ʁ ɪ n ə n
Schärdingers	ʃ ɛː ʁ d ɪ ŋ ɐ s
Schäre	ʃ eː ʁ ə
Schäre	ʃ ɛː ʁ ə
Schätzen	ʃ ɛ t s n̩
Schöffengericht	ʃ œ f n̩ ɡ ə ʁ ɪ ç t
Schöffengerichte	ʃ œ f n̩ ɡ ə ʁ ɪ ç t ə
Schöffengerichtes	ʃ œ f n̩ ɡ ə ʁ ɪ ç t ə s
Schöffengerichts	ʃ œ f n̩ ɡ ə ʁ ɪ ç t s
Schön	ʃ øː n
Schönau	ʃ øː n a ʊ̯
Schönauer	ʃ øː n a ʊ̯ ɐ
Schönauerin	ʃ øː n a ʊ̯ ə ʁ ɪ n
Schönauers	ʃ øː n a ʊ̯ ɐ s
Schönaus	ʃ øː n a ʊ̯ s
Schönbach	ʃ øː n b a x
Schönbacher	ʃ øː n b a x ɐ
Schönbacherin	ʃ øː n b a x ə ʁ ɪ n
Schönbacherinnen	ʃ øː n b a x ə ʁ ɪ n ə n
Schönbachers	ʃ øː n b a x ɐ s
Schönbachs	ʃ øː n b a x s
Schönberg	ʃ øː n b ɛ r ç
Schönberg	ʃ øː n b ɛ ʁ k
Schönberger	ʃ øː n b ɛ ʁ ɡ ɐ
Schönbergerin	ʃ øː n b ɛ ʁ ɡ ə ʁ ɪ n
Schönbergers	ʃ øː n b ɛ ʁ ɡ ɐ s
Schönbergs	ʃ øː n b ɛ r ç s
Schönbergs	ʃ øː n b ɛ ʁ k s
Schöneberg	ʃ øː n ə b ɛ r ç
Schöneberg	ʃ øː n ə b ɛ ʁ k
Schöneberger	ʃ øː n ə b ɛ ʁ ɡ ɐ
Schönebergerin	ʃ øː n ə b ɛ ʁ ɡ ə ʁ ɪ n
Schönebergers	ʃ øː n ə b ɛ ʁ ɡ ɐ s
Schönebergs	ʃ øː n ə b ɛ r ç s
Schönebergs	ʃ øː n ə b ɛ ʁ k s
Schönefeld	ʃ øː n ə f ɛ l t
Schönefelder	ʃ øː n ə f ɛ l d ɐ
Schönefelderin	ʃ øː n ə f ɛ l d ə ʁ ɪ n
Schönefelderinnen	ʃ øː n ə f ɛ l d ə ʁ ɪ n ə n
Schönefelders	ʃ øː n ə f ɛ l d ɐ s
Schönefelds	ʃ øː n ə f ɛ l t s
Schönegg	ʃ øː n ɛ k
Schönegger	ʃ øː n ɛ ɡ ɐ
Schöneggerin	ʃ øː n ɛ ɡ ə ʁ ɪ n
Schöneggerinnen	ʃ øː n ɛ ɡ ə ʁ ɪ n ə n
Schöneggers	ʃ øː n ɛ ɡ ɐ s
Schöneggs	ʃ øː n ɛ k s
Schönemann	ʃ øː n ə m a n
Schönemanns	ʃ øː n ə m a n s
Schöner	ʃ øː n ɐ
Schönerin	ʃ øː n ə ʁ ɪ n
Schönerinnen	ʃ øː n ə ʁ ɪ n ə n
Schöners	ʃ øː n ɐ s
Schönes	ʃ øː n ə s
Schönfeld	ʃ øː n f ɛ l t
Schönfelder	ʃ øː n f ɛ l d ɐ
Schönfelderin	ʃ øː n f ɛ l d ə ʁ ɪ n
Schönfelderinnen	ʃ øː n f ɛ l d ə ʁ ɪ n ə n
Schönfelders	ʃ øː n f ɛ l d ɐ s
Schönfelds	ʃ øː n f ɛ l t s
Schönfärber	ʃ øː n f ɛ ʁ b ɐ
Schönfärberin	ʃ øː n f ɛ ʁ b ə ʁ ɪ n
Schönfärberinnen	ʃ øː n f ɛ ʁ b ə ʀ ɪ n ə n
Schönfärbers	ʃ øː n f ɛ ʁ b ɐ s
Schönheit	ʃ øː n a ɪ̯ t
Schönheit	ʃ øː n h a ɪ̯ t
Schönheitsfehler	ʃ øː n h a ɪ̯ t͡s f eː l ɐ
Schönheitskönigin	ʃ øː n h a ɪ̯ t͡s k øː n ɪ ɡ ɪ n
Schönheitssalon	ʃ øː n h a ɪ̯ t͡s z a l ɔ ŋ
Schönhuber	ʃ øː n h uː b ɐ
Schönhubers	ʃ øː n h uː b ɐ s
Schönreden	ʃ øː n ʁ eː d n̩
Schönredner	ʃ øː n ʁ eː d n ɐ
Schönrednerin	ʃ øː n ʁ eː d n ə ʁ ɪ n
Schönrednerinnen	ʃ øː n ʁ eː d n ə ʀ ɪ n ə n
Schöns	ʃ øː n s
Schönthal	ʃ øː n t aː l
Schönthaler	ʃ øː n t aː l ɐ
Schönthalerin	ʃ øː n t aː l ə ʁ ɪ n
Schönthalerinnen	ʃ øː n t aː l ə ʁ ɪ n ə n
Schönthalers	ʃ øː n t aː l ɐ s
Schönthals	ʃ øː n t aː l s
Schönwalde	ʃ øː n v a l d ə
Schönwalder	ʃ øː n v a l d ɐ
Schönwalderin	ʃ øː n v a l d ə ʁ ɪ n
Schönwalders	ʃ øː n v a l d ɐ s
Schönwaldes	ʃ øː n v a l d ə s
Schönwetterfreunds	ʃ øː n v ɛ t ɐ f ʁ ɔ ɪ̯ n t͡s
Schönwies	ʃ øː n v iː s
Schönwies'	ʃ øː n v iː s
Schönwieser	ʃ øː n v iː z ɐ
Schönwieserin	ʃ øː n v iː z ə ʁ ɪ n
Schönwieserinnen	ʃ øː n v iː z ə ʁ ɪ n ə n
Schönwiesers	ʃ øː n v iː z ɐ s
Schöpfung	ʃ œ p f ʊ ŋ
Schöpfungsgeschichte	ʃ œ p f ʊ ŋ s ɡ ə ʃ ɪ ç t ə
Schöpfungstag	ʃ œ p f ʊ ŋ s t aː k
Schürze	ʃ ʏ ɐ̯ t s ə
Schürzenjäger	ʃ ʏ ʁ t͡s n̩ j ɛː ɡ ɐ
Schüttellähmung	ʃ ʏ t l̩ l ɛː m ʊ ŋ
Schützenpanzer	ʃ ʏ t͡s n̩ p a n t͡s ɐ
Scoop	s k uː p
Screencast	s k r iː n k ɑː s t
Screencasts	s k r iː n k ɑː s t s
Sebnitz	z eː b n ɪ t͡s
Sebnitz'	z eː b n ɪ t͡s
Sebnitzer	z eː b n ɪ t͡s ɐ
Sebnitzerin	z eː b n ɪ t͡s ə ʁ ɪ n
Sebnitzerinnen	z eː b n ɪ t͡s ə ʁ ɪ n ə n
Sebnitzers	z eː b n ɪ t͡s ɐ s
Sechsfüßer	z ɛ k s f yː s ɐ
Sechsfüßers	z ɛ k s f yː s ɐ s
Sechsjährigen	z ɛ k s j ɛː ʁ ɪ ɡ n̩
Sechsjähriger	z ɛ k s j ɛː ʁ ɪ ɡ ɐ
Sechstausendstel	z ɛ k s t a ʊ z n̩ t͡s t ɮ̩̻
Sechsunddreißigjährige	z ɛ k s ʊ n t d ʁ a ɪ̯ s ɪ ç j ɛː ʁ ɪ ɡ ə
Sechsunddreißigjährigen	z ɛ k s ʊ n t d ʁ a ɪ̯ s ɪ ç j ɛː ʁ ɪ ɡ ə n
Sechsunddreißigjähriger	z ɛ k s ʊ n t d ʁ a ɪ̯ s ɪ ç j ɛː ʁ ɪ ɡ ɐ
Sechsundvierzigjährigen	z ɛ k s ʊ n t f ɪ ɐ̯ t͡s ɪ ç j ɛː ʁ ɪ ɡ ə n
Sechsundzwanzigjährige	z ɛ k s ʊ n t͡s v a n t͡s ɪ ç j ɛː ʁ ɪ ɡ ɐ
Sechsundzwanzigjährigen	z ɛ k s ʊ n t͡s v a n t͡s ɪ ç j ɛː ʁ ɪ ɡ ə n
Sechsundzwanzigjähriger	z ɛ k s ʊ n t͡s v a n t͡s ɪ ç j ɛː ʁ ɪ ɡ ɐ
Sechzehnjährige	z ɛ ç t͡s eː n j ɛː ʁ ɪ ɡ ə
Sechzehnjährigen	z ɛ ç t͡s eː n j ɛː ʁ ɪ ɡ n̩
Sechzehnjährigen	z ɛ ç t͡s eː n j ɛː ʁ ɪ ɡ ə n
Sechzehnjähriger	z ɛ ç t͡s eː n j ɛː ʁ ɪ ɡ ɐ
Sechzehntel	z ɛ ç t͡s eː n t l̩
Sechzehntels	z ɛ ç t͡s eː n t l̩ s
Sechzigstel	z ɛ ç t s ɪ ç s t l̩
Sechzigstels	z ɛ ç t s ɪ ç s t l̩ s
Sechzigtausendstel	z ɛ k s ɪ k t a ʊ z n̩ t͡s t ɮ̩
Sechzigtausendstel	z ɛ k s ɪ k t a ʊ z n̩ t͡s t ɮ̩̻
Sechzigtausendstel	z ɛ k s ɪ ç t a ʊ z n̩ t͡s t ɮ̩̻
Sedelmaier	z eː d l̩ m a ɪ̯ ɐ
Sedelmeier	z eː d l̩ m a ɪ̯ ɐ
Sedelmeiers	z eː d l̩ m a ɪ̯ ɐ s
Sedlmaier	z eː d l̩ m a ɪ̯ ɐ
Sedlmair	z eː d l̩ m a ɪ̯ ɐ
Sedlmayer	z eː d l̩ m a ɪ̯ ɐ
Sedlmayr	z eː d l̩ m a ɪ̯ ɐ
Sedlmeier	z eː d l̩ m a ɪ̯ ɐ
Sedlmeiers	z eː d l̩ m a ɪ̯ ɐ s
Sedlmeir	z eː d l̩ m a ɪ̯ ɐ
Seebach	z eː b a x
Seebacher	z eː b a x ɐ
Seebacherin	z eː b a x ə ʁ ɪ n
Seebacherinnen	z eː b a x ə ʁ ɪ n ə n
Seebachers	z eː b a x ɐ s
Seebachs	z eː b a x s
Seebad	z eː b aː t
Seeberg	z eː b ɛ ʁ k
Seeberger	z eː b ɛ ʁ ɡ ɐ
Seebergers	z eː b ɛ ʁ ɡ ɐ s
Seebergs	z eː b ɛ r ç s
Seebergs	z eː b ɛ ʁ k s
Seebergsattel	z eː b ɛ r k z a t l̩
Seebergsattels	z eː b ɛ r k z a t l̩ s
Seeburg	z eː b ʊ ʁ k
Seeburger	z eː b ɛ ʁ ɡ ɐ
Seeburgers	z eː b ɛ ʁ ɡ ɐ s
Seeburgs	z eː b ʊ ʁ k s
Seebären	z eː b ɛː ʁ ə n
Seefelderin	z eː f ɛ l d ə ʁ ɪ n
Seefelderinnen	z eː f ɛ l d ə ʁ ɪ n ə n
Seefelders	z eː f ɛ l d ɐ s
Seeheim	z eː h a ɪ̯ m
Seeheimer	z eː h a ɪ̯ m ɐ
Seeheimerin	z eː h a ɪ̯ m ə ʁ ɪ n
Seeheimerinnen	z eː h a ɪ̯ m ə ʁ ɪ n ə n
Seeheimers	z eː h a ɪ̯ m ɐ s
Seeheims	z eː h a ɪ̯ m s
Seehofer	z eː h oː f ɐ
Seehofers	z eː h oː f ɐ s
Seehund	z eː h ʊ n t
Seekarte	z eː k a ʁ t ə
Seekrankheit	z eː k ʁ a ŋ k h a ɪ̯ t
Seelenfrieden	z eː l ə n f ʁ iː d n̩
Seelentröster	z eː l ə n t ʁ øː s t ɐ
Seemacht	z eː m a χ t
Seeohr	z eː ʔ oː ɐ̯
Seerechtes	z eː ʁ ɛ ç t ə s
Seerechtler	z eː ʁ ɛ ç t l ɐ
Seerechtlerin	z eː ʁ ɛ ç t l ə ʁ ɪ n
Seerechtlerinnen	z eː ʁ ɛ ç t l ə ʁ ɪ n ə n
Seerechtlers	z eː ʁ ɛ ç t l ɐ s
Seerechts	z eː ʁ ɛ ç t͡s
Segelohr	z eː ɡ l̩ ʔ oː ɐ̯
Segelohres	z eː ɡ l̩ ʔ oː ʁ ə s
Segelohrs	z eː ɡ l̩ ʔ oː ɐ̯ s
Segeltuch	z eː ɡ l̩ t uː χ
Segen	s eː ɡ̥ ŋ̍
Segen	z eː ɡ ŋ̍
Segen	z eː ɡ ə n
Seher	z eː ɐ
Sehne	z eː n ə
Sehnsucht	z eː n z ʊ χ t
Sehstärke	z eː ʃ t ɛ ɐ̯ k ə
Sehstärke	z eː ʃ t ɛ ʁ k ə
Seichte	s a ɛ̯ ç t ɛ
Seichtes	s a ɛ̯ ç t ɛ s
Seichtheit	s a ɛ̯ ç t h a ɛ̯ t
Seichtigkeit	s a ɛ̯ ç t ɪ k a ɛ̯ t
Seidel	z a ɪ̯ d l̩
Seidelbast	z a ɪ̯ d l̩ b a s t
Seidenblume	z a ɪ̯ d n̩ b l uː m ə
Seidenblumen	z a ɪ̯ d n̩ b l uː m ə n
Seidenblumenstrauß	z a ɪ̯ d n̩ b l uː m ə n ʃ t ʁ a ʊ̯ s
Seidenblümchen	z a ɪ̯ d n̩ b l yː m ç ə n
Seidenblümchens	z a ɪ̯ d n̩ b l yː m ç ə n s
Seidenreihern	z a ɪ̯ d ə n ʁ a ɪ̯ ɐ n
Seidensiebdruck	z a ɪ̯ d n̩ z iː p d ʁ ʊ k
Seidenstrumpf	z a ɪ̯ d n̩ ʃ t ʁ ʊ m p͡f
Seidenweber	z a ɪ̯ d n̩ v eː b ɐ
Seifenkiste	z a ɪ̯ f n̩ k ɪ s t ə
Seifenkrautes	z a ɪ̯ f n̩ k ʁ a ʊ̯ t ə s
Seifenkrauts	z a ɪ̯ f n̩ k ʁ a ʊ̯ t s
Seifenkräuter	z a ɪ̯ f n̩ k ʁ ɔ ɪ̯ t ɐ
Sein	s a ɛ̯ n
Seipenbusch	z a ɪ̯ p ɱ̩ b ʊ ʃ
Seipenbuschs	z a ɪ̯ p ɱ̩ b ʊ ʃ s
Seismologin	z a ɪ̯ s m o l oː ɡ ɪ n
Seismologinnen	z a ɪ̯ s m o l oː ɡ ɪ n ə n
Seiten	z a ɪ̯ ʔ n̩
Seitenschiff	z a ɪ̯ t n̩ ʃ ɪ f
Seitenschneider	z a ɪ̯ t n̩ ʃ n a ɪ̯ d ɐ
Seitwärtstrend	z a ɪ̯ t v ɛ ʁ t͡s t ʁ ɛ n t
Sekel	z eː k l̩
Sektorwandel	z ɛ k t oː ɐ̯ v a n d l̩
Sekundant	z e k ʊ n d a n t
Sekundenschlaf	z e k ʊ n d n̩ ʃ l aː f
Sekundenschlaf	z e k ʊ n d ə n ʃ l aː f
Sekundierens	z e k ʊ n d iː ʁ ə n s
Sekundärmarkt	z e k ʊ n d ɛː ɐ̯ m a ʁ k t
Sekundärsektor	z e k ʊ n d ɛː ɐ̯ z ɛ k t oː ɐ̯
Selbstachtung	z ɛ l p s t ʔ a χ t ʊ ŋ
Selbstanzeige	z ɛ l p s t ʔ a n t s a ɪ̯ ɡ ə
Selbstanzeigen	z ɛ l p s t ʔ a n t s a ɪ̯ ɡ n̩
Selbstauskunft	z ɛ l p s t ʔ a ʊ̯ s k ʊ n f t
Selbstbedienungskassen	z ɛ l p s t b ə d iː n ʊ ŋ s k a s n̩
Selbstbildnis	z ɛ l p s t b ɪ l t n ɪ s
Selbstgenügsamkeit	z ɛ l p s t ɡ ə n yː k z aː m k a ɪ̯ t
Selbstgespräch	z ɛ l p s t ɡ ə ʃ p ʁ ɛː ç
Selbstporträt	z ɛ l p s t p ɔ ʁ t ʁ ɛː
Selbstverbrennung	z ɛ l p s t f ɛ ɐ̯ b ʁ ɛ n ʊ ŋ
Selbstverletzungen	z ɛ l p s t f ɛ ɐ̯ l ɛ t͡s ʊ ŋ ə n
Selbstversorgung	z ɛ l p s t f ɛ ɐ̯ z ɔ ʁ ɡ ʊ ŋ
Selbstversorgungsgrad	z ɛ l p s t f ɛ ɐ̯ z ɔ ʁ ɡ ʊ ŋ s ɡ ʁ aː t
Selbstverständlichkeit	z ɛ l p s t f ɛ ɐ̯ ʃ t ɛ n t l ɪ ç kʰ a ɪ̯ tʰ
Selen	z e l eː n
Seligsprechung	z eː l ɪ ç ʃ p ʁ ɛ ç ʊ ŋ
Seltenerde	z ɛ l t n̩ ʔ ɛ ɐ̯ d ə
Seltenerdmetall	z ɛ l t n̩ ʔ eː ɐ̯ t m e t a l
Selterswasser	z ɛ l t ɐ s v a s ɐ
Semantik	z e m a n t ɪ k
Seminar	z e m i n aː
Seminar	z e m i n aː ɐ̯
Semit	z e m iː t
Semitistik	z e m i tʰ ɪ s t ɪ kʰ
Sendeschluss	z ɛ n d ə ʃ l ʊ s
Sendling	z ɛ n t l ɪ ŋ
Senegalfluss	z eː n e ɡ a l f l ʊ s
Senegalflusses	z eː n e ɡ a l f l ʊ s ə s
Senegalpapagei	z eː n e ɡ a l p a p a ɡ a ɪ̯
Senegalpapageie	z eː n e ɡ a l p a p a ɡ a ɪ̯ ə
Senegalpapageien	z eː n e ɡ a l p a p a ɡ a ɪ̯ ə n
Senegalpapageis	z eː n e ɡ a l p a p a ɡ a ɪ̯ s
Senf	z ɛ m p f
Senf	z ɛ n f
Senf	z ɛ ɱ f
Senftenbacher	z ɛ n f t n̩ b a x ɐ
Senftenbacherin	z ɛ n f t n̩ b a x ə ʁ ɪ n
Senftenbacherinnen	z ɛ n f t n̩ b a x ə ʁ ɪ n ə n
Senftenbachers	z ɛ n f t n̩ b a x ɐ s
Senftenberger	z ɛ n f t n̩ b ɛ ʁ ɡ ɐ
Senftenbergerin	z ɛ n f t n̩ b ɛ ʁ ɡ ə ʁ ɪ n
Senftenbergerinnen	z ɛ n f t n̩ b ɛ ʁ ɡ ə ʁ ɪ n ə n
Senftenbergers	z ɛ n f t n̩ b ɛ ʁ ɡ ɐ s
Senftube	s ɛ n f t uː b̥ ə
Senftube	z ɛ n f t uː b ə
Senfweissling	z ɛ n f v a ɪ̯ s l ɪ ŋ
Senfweißling	z ɛ n f v a ɪ̯ s l ɪ ŋ
Senfweißlinge	z ɛ n f v a ɪ̯ s l ɪ ŋ ə
Senfweißlings	z ɛ n f v a ɪ̯ s l ɪ ŋ s
Sengen	z ɛ ŋ ə n
Senior	z eː n i oː ɐ̯
Senior	z eː n j oː ɐ̯
Senken	z ɛ ŋ k ŋ
Senkkasten	z ɛ ŋ k k a s t n̩
Senkung	z ɛ ŋ kʰ ʊ ŋ
Sennestadt	z ɛ n ə ʃ t a t
Sensation	z ɛ n z a t͡s i̯ oː n
Sense	s ɛ n s ə
Sense	z ɛ n z ə
Separatistin	z e p a ʁ a t ɪ s t ɪ n
Seppuku	z ɛ p ʊ k u
Serialisierung	s ɛ ʁ ɪ a l ɪ s iː ʁ u ŋ
Serialisierungen	s ɛ ʁ ɪ a l ɪ s iː ʁ u ɡ ə n
Serie	z eː ɐ̯ j ə
Serie	z eː ʁ i ə
Serie	z ɛ ɐ̯ j ə
Serienbrandstifter	z eː ʁ i ə n b ʁ a n t ʃ t ɪ f t ɐ
Serienbrandstifterin	z eː ʁ i ə n b ʁ a n t ʃ t ɪ f t ə ʁ ɪ n
Serienbrandstifterinnen	z eː ʁ i ə n b ʁ a n t ʃ t ɪ f t ə ʁ ɪ n ə n
Serienbrandstifters	z eː ʁ i ə n b ʁ a n t ʃ t ɪ f t ɐ s
Serienbrandstiftung	z eː ʁ i ə n b ʁ a n t ʃ t ɪ f t ʊ ŋ
Serienbrandstiftungen	z eː ʁ i ə n b ʁ a n t ʃ t ɪ f t ʊ ŋ ə n
Server	s œː v ə
Server	s œː v ə r
Server	s œː ɐ̯ v ɐ
Serverlandschaft	s œː v ə l a n t ʃ a f t
Serverlandschaft	s œː v ə r l a n t ʃ a f t
Serverlandschaft	s œː ɐ̯ v ɐ l a n t ʃ a f t
Serverlandschaften	s œː v ə l a n t ʃ a f t n̩
Serverlandschaften	s œː v ə l a n t ʃ a f t ə n
Serverlandschaften	s œː v ə r l a n t ʃ a f t n̩
Serverlandschaften	s œː v ə r l a n t ʃ a f t ə n
Serverzugriff	s œː v ə r t͡s uː ɡ ʁ ɪ f
Serverzugriff	s œː v ə t͡s uː ɡ ʁ ɪ f
Serverzugriff	s œː ɐ̯ v ɐ t͡s uː ɡ ʁ ɪ f
Servicewellen	s œː ɐ̯ v ɪ s v ɛ l ə n
Servicewerkzeugen	s œː ɐ̯ v ɪ s v ɛ ʁ k t͡s ɔ ɪ̯ ɡ n̩
Servicewerkzeugen	s œː ɐ̯ v ɪ s v ɛ ʁ k t͡s ɔ ɪ̯ ɡ ŋ̩
Serviertablett	z ɛ ʁ v iː ɐ̯ t a b l ɛ t
Serviertablette	z ɛ ʁ v iː ɐ̯ t a b l ɛ t ə
Serviertablettes	z ɛ ʁ v iː ɐ̯ t a b l ɛ t ə s
Serviertabletts	z ɛ ʁ v iː ɐ̯ t a b l ɛ t͡s
Serviervorschlag	z ɛ ʁ v iː ɐ̯ f oː ɐ̯ ʃ l aː k
Serviette	s ɛ ɐ̯ vʲ ɛ t ɛ
Serviette	z ɛ ɐ̯ v i ɐ̯ t ə
Serviette	z ɛ ɐ̯ v iː ɐ̯ t ə
Serviette	z ɛ ʁ v j ɛ t ə
Sessel	s ɛ s l̩
Sessel	z ɛ s l̩
Sesselfurzer	z ɛ s l̩ f ʊ ʁ t͡s ɐ
Setzen	z ɛ t s n̩
Setzer	z ɛ t͡s ɐ
Seufzen	z ɔ ø̯ f t͡s n̩
Seufzer	z ɔ ø̯ f t͡s ɐ
Sexagesimalsystem	z ɛ k s a ɡ e z i m aː l z ʏ s t eː m
Sexagesimalsystems	z ɛ k s a ɡ e z i m aː l z ʏ s t eː m s
Sexappeal	s ɛ k s e p iː l
Sexappeal	s ɛ k s ʔ ɛ p iː l
Sexismus	s ɛ k͡s ɪ s m ʊ s
Sexismus	z ɛ k͡s ɪ s m ʊ s
Sexualisierung	s ɛ k s u a l i z iː r ʊ ŋ
Sexualwissenschaft	z ɛ k s u̯ aː l v ɪ s n̩ ʃ a f t
Sezession	z e t͡s ɛ s i̯ oː n
Sezessionen	z e t͡s ɛ s i̯ oː n ə n
Sezessionskrieg	z e t͡s ɛ s i̯ oː n s k ʁ iː k
Sfax	s ʋ a k s
Shampoo	ʃ a m p u
Shitstorm	ʃ ɪ t s t oː ɐ̯ m
Shitstorms	ʃ ɪ t s t oː ɐ̯ m s
Shop	ʃ ɔ p
Shopping	ʃ ɔ p ɪ ŋ
Shoppingcenter	ʃ ɔ p ɪ ŋ s ɛ n t ɐ
Shorts	ʃ ɔ ɐ̯ t͡s
Shorts	ʃ ɔ ʁ t͡s
Siam	z iː a m
Siamese	z i̯ a m e z ə
Siamkatze	z iː a m k a t͡s ə
Sicheln	z ɪ ç l̩ n
Sicherheitsdienst	z ɪ ç ɐ h a ɪ̯ t s d iː n s t
Sicherheitsexperte	z ɪ ç ɐ h a ɪ̯ t͡s ʔ ɛ k s p ɛ ʁ t ə
Sicherheitsexpertin	z ɪ ç ɐ h a ɪ̯ t͡s ʔ ɛ k s p ɛ ʁ t ɪ n
Sicherheitskontrolle	z ɪ ç ɐ h a ɪ̯ t͡s k ɔ n t ʁ ɔ l ə
Sicherheitslücke	z ɪ ç ɐ h a ɪ̯ t s l ʏ k ə
Sicherheitslücken	z ɪ ç ɐ h a ɪ̯ t s l ʏ k n̩
Sicherheitsprüfung	z ɪ ç ɐ h a ɪ̯ t s p ʀ yː f ʊ ŋ
Sicherheitsrat	z ɪ ç ɐ h a ɪ̯ t͡s ʁ aː t
Sicherheitsstrategie	z ɪ ç ɛ ɐ̯ h a ɪ̯ t͡s ʃ t ʁ a t e ɡ iː
Sicherheitsventil	z ɪ ç ɐ h a ɪ̯ t s v ɛ n t iː l
Sicherheitsvertrauensperson	z ɪ ç ɐ h a ɪ̯ t s f ɛ ɐ̯ t ʁ a ʊ̯ ə n s p ɛ ʁ z oː n
Sicherungsgeber	z ɪ ç ə ʁ ʊ ŋ s ɡ eː b ɐ
Sicherungsnehmer	z ɪ ç ə ʁ ʊ ŋ s n eː m ɐ
Sichtbarkeit	z ɪ ç tʰ b aː ɐ̯ kʰ a ɪ̯ tʰ
Sichtkontakt	z ɪ ç t k ɔ n t a k t
Sichtlinie	z ɪ ç t l iː n i̯ ə
Sideropenie	z i d ə ʁ o p e n iː
Siebdruck	z iː p d ʁ ʊ k
Siebenbürgener	z iː b m̩ b ʏ ʁ ɡ n̩ ɐ
Siebenbürgeners	z iː b m̩ b ʏ ʁ ɡ n̩ ɐ s
Siebenbürger	z iː b m̩ b ʏ ʁ ɡ ɐ
Siebenbürgerin	z iː b m̩ b ʏ ʁ ɡ ə ʁ ɪ n
Siebenbürgerinnen	z iː b m̩ b ʏ ʁ ɡ ə ʁ ɪ n ə n
Siebenbürgers	z iː b m̩ b ʏ ʁ ɡ ɐ s
Siebenhuben	z iː b m̩ h uː b n̩
Siebenhubener	z iː b m̩ h uː b n̩ ɐ
Siebenhubenerin	z iː b m̩ h uː b n̩ ə ʁ ɪ n
Siebenhubenerinnen	z iː b m̩ h uː b n̩ ə ʁ ɪ n ə n
Siebenhubeners	z iː b m̩ h uː b n̩ ɐ s
Siebenhubens	z iː b m̩ h uː b n̩ s
Siebenjährigen	z ɛ k s j ɛː ʁ ɪ ɡ n̩
Siebenjähriger	z iː b n̩ j ɛː ʁ ɪ ɡ ɐ
Siebenschläfer	z iː b m̩ ʃ l ɛː f ɐ
Siebentausendstel	z iː b e n t a ʊ z n̩ t͡s t ɮ̩̻
Siebenunddreißigjährige	z iː b ə n ʊ n t d ʁ a ɪ̯ s ɪ ç j ɛː ʁ ɪ ɡ ə
Siebenunddreißigjährigen	z iː b ə n ʊ n t d ʁ a ɪ̯ s ɪ ç j ɛː ʁ ɪ ɡ ə n
Siebenunddreißigjähriger	z iː b ə n ʊ n t d ʁ a ɪ̯ s ɪ ç j ɛː ʁ ɪ ɡ ɐ
Siebenundvierzigjährigen	z iː b n̩ ʊ n t f ɪ ɐ̯ t͡s ɪ ç j ɛː ʁ ɪ ɡ ə n
Siebenundzwanzigjährige	z iː b ə n ʊ n t͡s v a n t͡s ɪ ç j ɛː ʁ ɪ ɡ ə
Siebenundzwanzigjährigen	z iː b ə n ʊ n t͡s v a n t͡s ɪ ç j ɛː ʁ ɪ ɡ ə n
Siebenundzwanzigjähriger	z iː b ə n ʊ n t͡s v a n t͡s ɪ ç j ɛː ʁ ɪ ɡ ɐ
Siebtel	z iː p t l̩
Siebtels	z iː p t l̩ s
Siebzehnjährige	z iː p t͡s eː n j ɛː ʁ ɪ ɡ ə
Siebzehnjährigen	z iː p t͡s eː n j ɛː ʁ ɪ ɡ n̩
Siebzehnjährigen	z iː p t͡s eː n j ɛː ʁ ɪ ɡ ɐ n
Siebzehnjähriger	z iː p t͡s eː n j ɛː ʁ ɪ ɡ ɐ
Siebzehntel	z iː p t͡s eː n t l̩
Siebzehntels	z iː p t͡s eː n t l̩ s
Siebzigtausendstel	z iː b s ɪ k t a ʊ z n̩ t͡s t ɮ̩
Siebzigtausendstel	z iː b s ɪ k t a ʊ z n̩ t͡s t ɮ̩̻
Siebzigtausendstel	z iː b s ɪ ç t a ʊ z n̩ t͡s t ɮ̩̻
Sieden	z iː d n̩
Sieder	z iː d ɐ
Siederin	z iː d ə ʁ ɪ n
Siederinnen	z iː d ə ʁ ɪ n ə n
Sieders	z iː d ɐ s
Siedler	z iː d l ɐ
Siedler	z iː t l ɐ
Siedlerin	z iː d l ə ʁ ɪ n
Siedlerinnen	z iː d l ə ʁ ɪ n ə n
Siedlung	z iː d l ʊ ŋ
Siedlung	z iː t l ʊ ŋ
Siegesgewissheit	z iː ɡ ə s ɡ ə v ɪ s h a ɪ̯ t
Siegfrieden	z iː k f ʁ iː d n̩
Siegfrieden	z iː k f ʁ iː d ə n
Siegtorschütze	z iː k t oː ɐ̯ ʃ ʏ t s ə
Sieker	z iː kʰ ɐ
Siggi	z ɪ ɡ i
Signalprotein	z ɪ ɡ n aː l p ʁ o t e iː n
Signalprotein	z ɪ ɡ n aː l p ʁ o t e ʔ iː n
Silberbach	z ɪ l b ɐ b a x
Silberbacher	z ɪ l b ɐ b a x ɐ
Silberbacherin	z ɪ l b ɐ b a x ə ʁ ɪ n
Silberbacherinnen	z ɪ l b ɐ b a x ə ʁ ɪ n ə n
Silberbachers	z ɪ l b ɐ b a x ɐ s
Silberbachs	z ɪ l b ɐ b a x a
Silbermann	z ɪ l b ɐ m a n
Silbermanns	z ɪ l b ɐ m a n s
Silbermöwe	z ɪ l b ɐ m øː v ə
Silberrotbarsche	z ɪ l b ɐ ʁ oː t b a ʁ ʃ ə
Silberrotbarsches	z ɪ l b ɐ ʁ oː t b a ʁ ʃ ə s
Silberrotbarschs	z ɪ l b ɐ ʁ oː t b a ʁ ʃ s
Silberschmied	z ɪ l b ɐ ʃ m iː t
Silberschmiede	z ɪ l b ɐ ʃ m iː d ə
Silberschmiedes	z ɪ l b ɐ ʃ m iː d ə s
Silberschmiedin	z ɪ l b ɐ ʃ m iː d ɪ n
Silberschmiedinnen	z ɪ l b ɐ ʃ m iː d ɪ n ə n
Silberschmieds	z ɪ l b ɐ ʃ m iː t s
Silberstater	z ɪ l b ɐ ʃ t aː t ɐ
Silberstatere	z ɪ l b ɐ ʃ t aː t ə ʁ ə
Silberstaters	z ɪ l b ɐ ʃ t aː t ɐ s
Silberstein	z ɪ l b ɐ ʃ t a ɪ n
Silbersteiner	z ɪ l b ɐ ʃ t a ɪ̯ n ɐ
Silbersteinerin	z ɪ l b ɐ ʃ t a ɪ̯ n ə ʁ ɪ n
Silbersteinerinnen	z ɪ l b ɐ ʃ t a ɪ̯ n ə ʁ ɪ n ə n
Silbersteiners	z ɪ l b ɐ ʃ t a ɪ̯ n ɐ s
Silbersteins	z ɪ l b ɐ ʃ t a ɪ n s
Silhouette	z i l ʊ̯ ɛ t ə
Silur	z i l uː ɐ̯
Silvaner	z ɪ l v aː n ɐ
Silvesterrakete	z ɪ l v ɛ s t ɐ ʁ a k eː t ə
Silvesterraketen	z ɪ l v ɛ s t ɐ ʁ a k eː t n̩
Simmental	z ɪ m ə n t aː l
Simmentalerin	z ɪ m ə n t aː l ə ʁ ɪ n
Simmentalerinnen	z ɪ m ə n t aː l ə ʁ ɪ n ə n
Simmentales	z ɪ m ə n t aː l ə s
Simmentals	z ɪ m ə n t aː l s
Sindel	z i n d e
Sindelfinger	z ɪ n d l̩ f ɪ ŋ ɐ
Sindelfingerin	z ɪ n d l̩ f ɪ ŋ ə ʁ ɪ n
Sindelfingerinnen	z ɪ n d l̩ f ɪ ŋ ə ʁ ɪ n ə n
Sindelfingers	z ɪ n d l̩ f ɪ ŋ ɐ s
Singapur	z ɪ ŋ ɡ a p uː ɐ̯
Singdrossel	z ɪ ŋ d ʁ ɔ s ə l
Singen	z ɪ ŋ ŋ̩
Single	s ɪ ŋ l̩
Singrün	z ɪ n ɡ r yː n
Singrün	z ɪ n ɡ ʁ yː n
Singularetantum	z ɪ ŋ ɡ u l aː ʁ ə t a n t ʊ m
Singularetantums	z ɪ ŋ ɡ u l aː ʁ ə t a n t ʊ m s
Singzikade	z ɪ ŋ t͡s i k aː d ə
Singzikaden	z ɪ ŋ t͡s i k aː d ə n
Sinken	z ɪ ŋ k ŋ̍
Sinkflug	z ɪ ŋ k f l uː k
Sinnesnerv	z ɪ n ə s n ɛ ɐ̯ f
Sinnesnerv	z ɪ n ə s n ɛ ʁ f
Sinnhaftigkeit	z ɪ n h a f t ɪ ç k a ɪ̯ t
Sinologie	z i n o l o ɡ iː
Sinsheim	z ɪ n t͡s h a ɪ̯ m
Sinsheimer	z ɪ n s h a ɪ̯ m ɐ
Sinsheimerin	z ɪ n s h a ɪ̯ m ə ʁ ɪ n
Sinsheimerinnen	z ɪ n s h a ɪ̯ m ə ʁ ɪ n ə n
Sinsheimers	z ɪ n s h a ɪ̯ m ɐ s
Sinsheims	z ɪ n s h a ɪ̯ m s
Sinzheim	z ɪ n t͡s h a ɪ̯ m
Sinzheims	z ɪ n t͡s h a ɪ̯ m s
Sittenstrolch	z ɪ t n̩ ʃ t ʁ ɔ l ç
Situation	z i t ʊ̯ a t͡s i̯ oː n
Situationen	z i t ʊ̯ a t͡s i̯ oː n ə n
Sitzverteilung	z ɪ t͡s f ɛ ɐ̯ t a ɪ̯ l ʊ ŋ
Sizilianer	z i t͡s i l i̯ aː n ɐ
Sizilianerin	z i t͡s i l i̯ aː n ə ʁ ɪ n
Sizilien	z i t͡s iː l i ə n
Siziliens	z i t͡s iː l i ə n s
Skaleneffekt	s k aː l ə n ʔ ɛ f ɛ k t
Skandalartikels	s k a n d aː l a ʁ t iː k l̩ s
Skandalon	s k a n d a l ɔ n
Skarabäus	s k a ʁ a b eː ʊ s
Skarabäus	s k a ʁ a b ɛː ʊ s
Skier	ʃ iː ɐ
Skiern	ʃ iː ɐ n
Skigebiet	ʃ iː ɡ ə b iː t
Skipass	ʃ iː p a s
Skistock	ʃ iː ʃ t ɔ k
Sklavenmoral	s k l aː v ə n m o ʁ aː l
Sklaventreiber	s k l aː v n̩ t ʁ a ɪ̯ b ɐ
Skorbut	s k ɔ ʁ b uː t
Skorpion	s k ɔ ʁ p j oː n
Skriptorien	s k ʁ ɪ p t oː ʁ i̯ ə n
Skrupel	s k ʁ uː p l̩
Skrupellosigkeit	s k ʁ uː p l̩ l oː z ɪ k k a ɪ̯ t
Skrupellosigkeit	s k ʁ uː p l̩ l oː z ɪ ç k a ɪ̯ t
Skyline	s k a ɪ̯ l a ɪ̯ n
Skyr	s k iː ɐ̯
Skyr	s k iː ʁ
Slavist	s l a v ɪ s t
Slavistik	s l a v ɪ s t ɪ kʰ
Slawin	s l aː v ɪ n
Slawist	s l a v ɪ s t
Slawistik	s l a v ɪ s t ɪ kʰ
Smaragde	s m a ʁ a k d̥ ə
Smartphone	s m aː t f oː n
Smartphone	s m aː ɐ̯ t f oː n
Smoothie	s m uː ð i
Smoothies	s m uː ð i s
Sockel	z ɔ k l̩
Sofi	z oː f i
Sofia	z o f iː a
Sofis	z oː f i s
Software	s ɔ f t v ɛː ɐ̯
Softwareentwickler	z ɔ f t v ɛː ɐ̯ ʔ ɛ n t v ɪ k l ɐ
Softwareentwicklerin	z ɔ f t v ɛː ɐ̯ ʔ ɛ n t v ɪ k l ə ʁ ɪ n
Sohlen	z oː l ə n
Solarium	z o l aː j ʊ m
Solarium	z o l aː ɐ̯ j ʊ m
Solarium	z o l aː ʁ i ʊ m
Solarium	z o l aː ʁ j ʊ m
Soldanelle	z ɔ l d a n ɛ l ə
Soldat	s ɔ l d̥ ɑː t
Soldatensprache	z ɔ l d aː t n̩ ʃ p ʁ aː χ ə
Solen	z oː l ə n
Solfeggio	z ɔ l f ɛ d͡ʒ o
Solidaritätsbekundung	z o l i d a ʁ i t ɛː t͡s b ə k ʊ n d ʊ ŋ
Solidaritätsbekundungen	z o l i d a ʁ i t ɛː t͡s b ə k ʊ n d ʊ ŋ ə n
Solidaritätskundgebung	z o l i d a ʁ i t ɛː t͡s k ʊ n t ɡ eː b ʊ ŋ
Solidaritätskundgebungen	z o l i d a ʁ i t ɛː t͡s k ʊ n t ɡ eː b ʊ ŋ ə n
Solidaritätssteuer	z o l i d a ʁ i t ɛː t͡s ʃ t ɔ ʏ̯ ɐ
Solidaritätssteuern	z o l i d a ʁ i t ɛː t͡s ʃ t ɔ ʏ̯ ɐ n
Solidaritätsveranstaltung	z o l i d a ʁ i t ɛː t͡s f ɛ ɐ̯ a n ʃ t a l t ʊ ŋ
Solidaritätsveranstaltungen	z o l i d a ʁ i t ɛː t͡s f ɛ ɐ̯ a n ʃ t a l t ʊ ŋ ə n
Solinger	z oː l ɪ ŋ ɐ
Solingerin	z oː l ɪ ŋ ə ʁ ɪ n
Solingerinnen	z oː l ɪ ŋ ə ʁ ɪ n ə n
Solingers	z oː l ɪ ŋ ɐ s
Solothurn	z oː l o t ʊ ʁ n
Solothurner	z oː l o t ʊ ʁ n ɐ
Solözismus	z o l ø t͡s ɪ s m ʊ s
Sommerblume	z ɔ m ɐ b l uː m ə
Sommerblumen	z ɔ m ɐ b l uː m ə n
Sommerblumenstrauß	z ɔ m ɐ b l uː m ə n ʃ t ʁ a ʊ̯ s
Sommerblümchen	z ɔ m ɐ b l yː m ç ə n
Sommerblümchens	z ɔ m ɐ b l yː m ç ə n s
Sommerfeld	z ɔ m ɐ f ɛ l t
Sommerfelder	z ɔ m ɐ f ɛ l d ɐ
Sommerfelderin	z ɔ m ɐ f ɛ l d ə ʁ ɪ n
Sommerfelderinnen	z ɔ m ɐ f ɛ l d ə ʁ ɪ n ə n
Sommerfelders	z ɔ m ɐ f ɛ l d ɐ s
Sommerfelds	z ɔ m ɐ f ɛ l t s
Sommerfeldzug	z ɔ m ɐ f ɛ l t t͡s uː k
Sommerfeldzuges	z ɔ m ɐ f ɛ l t t͡s uː ɡ ə s
Sommerfeldzugs	z ɔ m ɐ f ɛ l t t͡s uː k s
Sommerfeldzüge	z ɔ m ɐ f ɛ l t t͡s yː ɡ ə
Sommerferien	z ɔ m ɐ f eː ʁ i ə n
Sommerflieder	z ɔ m ɐ f l iː d ɐ
Sommerflieders	z ɔ m ɐ f l iː d ɐ s
Sommerkleid	z ɔ m ɐ k l a ɪ̯ t
Sommeroffensive	z ɔ m ɐ ʔ ɔ f ɛ n z iː v ə
Sommersprosse	z ɔ m ɐ ʃ p ʁ ɔ s ə
Sommerstrauß	z ɔ m ɐ ʃ t ʁ a ʊ̯ s
Sommerurlaub	z ɔ m ɐ ʔ uː ɐ̯ l a ʊ̯ p
Sommerwurz	z ɔ m ɐ v ʊ ʁ t͡s
Sommerwurzen	z ɔ m ɐ v ʊ ʁ t͡s n̩
Sonderausschusses	z ɔ n d ɐ ʔ a ʊ̯ s ʃ ʊ s ə s
Sonderausschüsse	z ɔ n d ɐ ʔ a ʊ̯ s ʃ ʏ s ə
Sonderbeauftragte	z ɔ n d ɐ b ə ʔ a ʊ̯ f t ʁ aː k t ə
Sonderbeauftragten	z ɔ n d ɐ b ə ʔ a ʊ̯ f t ʁ aː k t n̩
Sonderbeauftragter	z ɔ n d ɐ b ə ʔ a ʊ̯ f t ʁ aː k t ɐ
Sonderberichterstatter	z ɔ n d ɐ b ə ʁ ɪ ç t ʔ ɛ ɐ̯ ʃ t a t ɐ
Sonderdividende	z ɔ n d ɐ d i v i d ɛ n d ə
Sondershausener	z ɔ n d ɐ s h a ʊ̯ z n̩ ɐ
Sondershausenerin	z ɔ n d ɐ s h a ʊ̯ z n̩ ə ʁ ɪ n
Sondershausenerinnen	z ɔ n d ɐ s h a ʊ̯ z n̩ ə ʁ ɪ n ə n
Sondershauseners	z ɔ n d ɐ s h a ʊ̯ z n̩ ɐ s
Sondersprache	z ɔ n d ɐ ʃ p ʁ aː χ ə
Sonderzug	z ɔ n d ɐ t͡s uː k
Sonnabendmittag	z ɔ n ʔ aː b n̩ t m ɪ t aː k
Sonnabendnachmittag	z ɔ n ʔ aː b n̩ t n aː χ m ɪ t aː k
Sonnabendvormittag	z ɔ n ʔ aː b n̩ t f oː ɐ̯ m ɪ t aː k
Sonnen	z ɔ n ə n
Sonnenbaden	z ɔ n ə n b aː d n̩
Sonnenblume	z ɔ n ə n b l uː m ə
Sonnenblumenkern	z ɔ n ə n b l uː m ə n k ɛ ʁ n
Sonnenblumenöl	z ɔ n ə n b l uː m ə n ʔ øː l
Sonnenbrand	z ɔ n n̩ b ʁ a n t
Sonnenstunde	z ɔ n ə n ʃ t ʊ n d ə
Sonnenstunden	z ɔ n ə n ʃ t ʊ n d ə n
Sonntag	z ɔ n tʰ aˑ kʰ
Sonntagabend	z ɔ n t aː k ʔ a b n̩ t
Sonntagmittag	z ɔ n t aː k m ɪ t aː k
Sonntagnachmittag	z ɔ n t aː k n aː χ m ɪ t aː k
Sonntagvormittag	z ɔ n t aː k f oː ɐ̯ m ɪ t aː k
Sonthofener	z ɔ n t h oː f n̩ ɐ
Sonthofenerin	z ɔ n t h oː f n̩ ə ʁ ɪ n
Sonthofenerinnen	z ɔ n t h oː f n̩ ə ʁ ɪ n ə n
Sonthofeners	z ɔ n t h oː f n̩ ɐ s
Sonthofens	z ɔ n t h oː f n̩ s
Sophia	z o f iː a
Sorge	z ɔ ʁ ɡ ə
Sorgfältigkeit	z ɔ ʁ k f ɛ l t ɪ ç k a ɪ̯ t
Sorte	z ɔ ɐ̯ t ə
Sorte	z ɔ ʁ t ə
Sorte	z ɔː t ə
Sortenplural	z ɔ ʁ t n̩ p l uː ʁ a l
Sortenplural	z ɔ ʁ t n̩ p l uː ʁ aː l
Sottise	z ɔ t iː z ə
Soundso	z oː ʊ n t z̥ oː
Souvenirlädchen	z u v ə n iː ɐ̯ l ɛː t ç ə n
Souverän	z u v ə ʁ ɛː n
Sozialdemokrat	z o t͡s i̯ aː l d e m o k ʁ aː t
Sozialversicherungsnummer	z o t͡s i̯ aː l f ɛ ɐ̯ z ɪ ç ə ʁ ʊ ŋ s n ʊ m ɐ
Soziopath	z o t͡s i̯ o p aː t
Soziopathie	z o t͡s i̯ o p aː t iː
Soziopathin	z o t͡s i̯ o p aː t ɪ n
Spacken	ʃ p a k ŋ̩
Spacken	ʃ p a k ə n
Spalier	ʃ p a l iː ɐ̯
Spalten	ʃ p a l t n̩
Spaltung	ʃ p a l tʰ ʊ ŋ
Spanien	ʃ p aː n i ə n
Spanien	ʃ p aː n j ə n
Spanier	ʃ p aː n i ɐ
Spanier	ʃ p aː n j ɐ
Spanierin	ʃ p aː n i ə ʁ ɪ n
Spanierin	ʃ p aː n j ə ʁ ɪ n
Spannweite	ʃ p a n v a ɪ̯ t ə
Spareinlage	ʃ p aː ɐ̯ a ɪ̯ n l aː ɡ ə
Sparer	ʃ p aː ʁ ɐ
Sparerin	ʃ p aː ʁ ə ʁ ɪ n
Spargel	ʃ p a ʁ ɡ l̩
Sparneigung	ʃ p aː ɐ̯ n a ɪ̯ ɡ ʊ ŋ
Sparschwein	ʃ p aː ɐ̯ ʃ ʋ a ɪ̯ n
Sparschwein	ʃ p aː ʃ ʋ a ɪ̯ n
Sparta	ʃ p a ɐ̯ t a
Sparta	ʃ p a ʁ t a
Sparten	ʃ p a ʁ t n̩
Spatzennest	ʃ p a t͡s n̩ n ɛ s t
Spaßbremse	ʃ p aː s b ʁ ɛ m z ə
Spaßmacherinnen	ʃ p aː s m a x ə ʁ ɪ n ə n
Spaßvogel	ʃ p aː s f oː ɡ l̩
Spaßvögel	ʃ p aː s f øː ɡ l̩
Spechte	ʃ p ɛ ç t ə
Speer	ʃ p eː ɐ̯
Speer	ʃ p ɛ ɐ̯
Speerspitze	ʃ p eː ɐ̯ ʃ p ɪ t͡s ə
Speerwerfer	ʃ p eː ɐ̯ v ɛ ʁ f ɐ
Speerwerferin	ʃ p eː ɐ̯ v ɛ ʁ f ə ʁ ɪ n
Speerwurf	ʃ p eː ɐ̯ v ʊ ʁ f
Speibe	ʃ p a ɛ̯ b̥ ə
Speichel	ʃ p a ɪ̯ ç l̩
Speichereiweiß	ʃ p a ɪ̯ ç ɐ a ɪ̯ v a ɪ̯ s
Speisekarte	ʃ p a ɪ̯ z ə k a ʁ t ə
Speisekürbis	ʃ p a ɪ̯ z ə k ʏ ʁ b ɪ s
Speisekürbisse	ʃ p a ɪ̯ z ə k ʏ ʁ b ɪ s ə
Speisekürbisses	ʃ p a ɪ̯ z ə k ʏ ʁ b ɪ s ə s
Speiseplan	ʃ p a ɪ̯ z ə p l aː n
Speisesaal	ʃ p a ɪ̯ z ə z aː l
Spektra	s p ɛ k t ʁ a
Spektra	ʃ p ɛ k t ʁ a
Spektren	s p ɛ k t ʁ ə n
Spektren	ʃ p ɛ k t ʁ ə n
Spektrum	s p ɛ k t ʁ ʊ m
Spektrum	ʃ p ɛ k t ʁ ʊ m
Spektrums	s p ɛ k t ʁ ʊ m s
Spektrums	ʃ p ɛ k t ʁ ʊ m s
Spekulant	ʃ p e k u l a n t
Spekulationsblase	ʃ p e k u l a t͡s j oː n s b l aː z ə
Spekulationsfrist	ʃ p e k v l a t͡s i̯ oː n s f ʁ ɪ s t
Speläologe	s p e l ɛ o l oː ɡ ə
Speläologe	ʃ p e l ɛ o l oː ɡ ə
Speläologen	s p e l ɛ o l oː ɡ ə n
Speläologen	ʃ p e l ɛ o l oː ɡ ə n
Speläologin	s p e l ɛ o l oː ɡ ɪ n
Speläologin	ʃ p e l ɛ o l oː ɡ ɪ n
Spendengeld	ʃ p ɛ n d n̩ ɡ ɛ l t
Spendenkonto	ʃ p ɛ n d n̩ k ɔ n t o
Spenge	ʃ p ɛ ŋ ə
Spengler	ʃ p ɛ ŋ l ɐ
Spenglerin	ʃ p ɛ ŋ l ə ʁ ɪ n
Spenglerinnen	ʃ p ɛ ŋ l ə ʁ ɪ n ə n
Sperber	ʃ p ɛ ɐ̯ b ɐ
Sperber	ʃ p ɛ ʁ b ɐ
Sperlingskauz	ʃ p ɛ ʁ l ɪ ŋ s k a ʊ̯ t͡s
Sperrfrist	ʃ p ɛ ʁ f ʁ ɪ s t
Sperrgebiet	ʃ p ɛ ɐ̯ ɡ ə b iː t
Sperrgebiet	ʃ p ɛ ʁ ɡ ə b iː t
Sperrklausel	ʃ p ɛ ʁ k l a ʊ̯ z l̩
Sperrklauseln	ʃ p ɛ ʁ k l a ʊ̯ z l̩ n
Sperrminorität	ʃ p ɛ ʁ m i n o ʁ i t ɛː t
Sperrschrift	ʃ p ɛ ʁ ʃ ʁ ɪ f t
Sperrung	ʃ p ɛ r ʊ ŋ
Sperrzone	ʃ p ɛ ʁ t͡s oː n ə
Spesen	ʃ p eː z n̩
Speyerin	ʃ p a ɪ̯ ə ʁ ɪ n
Speyerinnen	ʃ p a ɪ̯ ə ʁ ɪ n ə n
Speyrerin	ʃ p a ɪ̯ ʁ ə ʁ ɪ n
Speyrerinnen	ʃ p a ɪ̯ ʁ ə ʁ ɪ n ə n
Spezialgeschäft	ʃ p e t͡s i̯ aː l ɡ ə ʃ ɛ f t
Spezialgeschäfte	ʃ p e t͡s i̯ aː l ɡ ə ʃ ɛ f t ə
Spezialgeschäften	ʃ p e t͡s i̯ aː l ɡ ə ʃ ɛ f t ə n
Spezialgeschäftes	ʃ p e t͡s i̯ aː l ɡ ə ʃ ɛ f t ə s
Spezialgeschäfts	ʃ p e t͡s i̯ aː l ɡ ə ʃ ɛ f t s
Speziesismus	s p eː t͡s i̯ ɛ z ɪ s m ʊ s
Speziesismus	ʃ p eː t͡s i̯ ɛ z ɪ s m ʊ s
Spickzettel	ʃ p ɪ k t͡s ɛ t l̩
Spielart	ʃ p iː l ʔ a ʁ t
Spielautomat	ʃ p iː l a ʊ̯ t o m aː t
Spielautomat	ʃ p iː l ʔ a ʊ̯ t o m aː t
Spielautomatensalon	ʃ p iː l a ʊ̯ t o m aː t ə n z a l õ
Spielautomatensalon	ʃ p iː l a ʊ̯ t o m aː t ə n z a l ɔ ŋ
Spieler	ʃ pʰ iː l ɐ
Spielerin	ʃ p iː l ə ʁ ɪ n
Spielfigur	ʃ p iː l f i ɡ uː ɐ̯
Spielfilm	ʃ p iː l f ɪ l m
Spielstraßen	ʃ p iː l ʃ t ʁ aː s n̩
Spielzeugen	ʃ p iː l t s ɔ ʏ ɡ ŋ̩
Spiessbürgerin	ʃ p iː s b ʏ ʁ ɡ ə ʁ ɪ n
Spiesserin	ʃ p iː s ə ʁ ɪ n
Spiessgeselle	ʃ p iː s ɡ ə z ɛ l ə
Spießbürgerin	ʃ p iː s b ʏ ʁ ɡ ə ʁ ɪ n
Spießbürgerinnen	ʃ p iː s b ʏ ʁ ɡ ə ʀ ɪ n ə n
Spießerin	ʃ p iː s ə ʁ ɪ n
Spießerinnen	ʃ p iː s ə ʀ ɪ n ə n
Spießgeselle	ʃ p iː s ɡ ə z ɛ l ə
Spilling	ʃ p ɪ l ɪ ŋ
Spinat	ʃ p i n aː t
Spindelstrauch	ʃ p ɪ n d l̩ ʃ t ʁ a ʊ̯ x
Spindelstrauches	ʃ p ɪ n d l̩ ʃ t ʁ a ʊ̯ x ə s
Spindelstrauchs	ʃ p ɪ n d l̩ ʃ t ʁ a ʊ̯ x s
Spindelsträucher	ʃ p ɪ n d l̩ ʃ t ʁ ɔ ɪ̯ ç ɐ
Spindlermühle	ʃ p ɪ n t l ɐ m yː l ə
Spionage	ʃ p i o n aː ʒ ə
Spionage	ʃ p i o n ɑː ʒ ə
Spionageflugzeug	ʃ p i o n aː ʒ ə f l uː k t͡s ɔ ɪ̯ k
Spionageflugzeuge	ʃ p i o n aː ʒ ə f l uː k t͡s ɔ ɪ̯ ɡ ə
Spionageflugzeuges	ʃ p i o n aː ʒ ə f l uː k t͡s ɔ ɪ̯ ɡ ə s
Spirale	ʃ p i ʁ aː l ə
Spiralgalaxie	ʃ p i ʁ aː l ɡ a l a k s iː
Spital	ʃ p i t aː l
Spitzbogen	ʃ p ɪ t s b oː ɡ n̩
Spitzbogenfenster	ʃ p ɪ t s b oː ɡ n̩ f ɛ n s t ɐ
Spitzbogenfensters	ʃ p ɪ t s b oː ɡ n̩ f ɛ n s t ɐ s
Spitzengeschwindigkeit	ʃ p ɪ t͡s n̩ ɡ ə ʃ v ɪ n d ɪ k k a ɪ̯ t
Spitzengeschwindigkeit	ʃ p ɪ t͡s n̩ ɡ ə ʃ v ɪ n d ɪ ç k a ɪ̯ t
Spitzengeschwindigkeiten	ʃ p ɪ t͡s n̩ ɡ ə ʃ v ɪ n d ɪ k k a ɪ̯ t ə n
Spitzengeschwindigkeiten	ʃ p ɪ t͡s n̩ ɡ ə ʃ v ɪ n d ɪ ç k a ɪ̯ t ə n
Spitzenkragen	ʃ p ɪ t͡s n̩ k ʁ aː ɡ n̩
Spitzenkragens	ʃ p ɪ t͡s n̩ k ʁ aː ɡ n̩ s
Spitzenkrause	ʃ p ɪ t͡s n̩ k ʁ a u̯ z ə
Spitzenkrausen	ʃ p ɪ t͡s n̩ k ʁ a u̯ z n̩
Spitzenärmel	ʃ p ɪ t͡s n̩ ʔ ɛ ʁ m l̩
Spitzenärmels	ʃ p ɪ t͡s n̩ ʔ ɛ ʁ m l̩ s
Spitzfindigkeit	ʃ p ɪ t͡s f ɪ n d ɪ k k a ɪ̯ t
Spitzfindigkeit	ʃ p ɪ t͡s f ɪ n d ɪ ç k a ɪ̯ t
Spitzname	ʃ p ɪ t͡s n aː m ə
Spitzschwanzsittich	ʃ p ɪ t͡s ʃ ʋ ä n t͡s s ɪ t ɪ ç
Spitzturmes	ʃ p ɪ t͡s t ʊ ʁ m ə s
Spitzturms	ʃ p ɪ t͡s t ʊ ʁ m s
Spitztürme	ʃ p ɪ t͡s t ʏ ʁ m ə
Spitzwegerich	ʃ p ɪ t͡s v eː ɡ ə ʁ ɪ ç
Splint	ʃ p l ɪ n t
Splinte	ʃ p l ɪ n t ə
Splintes	ʃ p l ɪ n t ə s
Splints	ʃ p l ɪ n t s
Splitterpartei	ʃ p l ɪ t ɐ p a ʁ t a ɪ̯
Splitterparteien	ʃ p l ɪ t ɐ p a ʁ t a ɪ ə n
Splügen	ʃ p l yː ɡ ə n
Splügenpass	ʃ p l yː ɡ ə n p a s
Splügenpasses	ʃ p l yː ɡ ə n p a s ə s
Spoiler	s p ɔ ɪ̯ l ɐ
Spoiler	ʃ p ɔ ɪ̯ l ɐ
Sporn	ʃ p ɔ ɐ̯ n
Sporn	ʃ p ɔ ʁ n
Sporn	ʃ p ɔː n
Spornammer	ʃ p ɔ ʁ n ʔ a m ɐ
Spornammern	ʃ p ɔ ʁ n ʔ a m ɐ n
Sport	ʃ p ɔ ɐ̯ t
Sport	ʃ p ɔ ʁ t
Sport	ʃ p ɔː t
Sportart	ʃ p ɔ ʁ t ʔ aː ɐ̯ t
Sportbekleidung	ʃ p ɔ ʁ t b ə k l a ɪ̯ d ʊ ŋ
Sportbekleidungen	ʃ p ɔ ʁ t b ə k l a ɪ̯ d ʊ ŋ ə n
Sportberichterstatter	ʃ p ɔ ɐ̯ t b ə ʁ ɪ ç t ʔ ɛ ɐ̯ ʃ t a t ɐ
Sportberichterstatterin	ʃ p ɔ ɐ̯ t b ə ʁ ɪ ç t ʔ ɛ ɐ̯ ʃ t a t ə ʁ ɪ n
Sportberichterstattung	ʃ p ɔ ʁ t b ə ʁ ɪ ç t ʔ ɛ ɐ̯ ʃ t a t ʊ ŋ
Sportclub	s p ɔ ɐ̯ tʰ k l ʊ pʰ
Sportclub	ʃ p ɔ ɐ̯ tʰ k l ʊ pʰ
Sportherz	ʃ p ɔ ʁ t h ɛ ʁ t s
Sportklub	s p ɔ ɐ̯ tʰ k l ʊ pʰ
Sportklub	ʃ p ɔ ɐ̯ tʰ k l ʊ pʰ
Sportmedizin	ʃ p o ʁ t m e d i t s iː n
Sportreporterin	ʃ p ɔ ɐ̯ t ʁ e pʰ ɔ ɐ̯ tʰ ɐ ʁ ɪ n
Spot	s p ɔ t
Spot	ʃ p ɔ t
Spots	s p ɔ t s
Spots	ʃ p ɔ t s
Spott	ʃ p ɔ tʰ
Spottdrossel	ʃ p ɔ t d ʁ ɔ s l̩
Spottname	ʃ p ɔ t n aː m ə
Sprachbund	ʃ p ʁ aː χ b ʊ n t
Sprache	ʃ p r ɑː x ə
Sprache	ʃ p ʁ äː χ ə
Sprache	ʃ p ʁ ɑː χ ə
Sprachgebrauch	ʃ p ʁ aː x ɡ ə b ʁ a ʊ̯ x
Sprachgebrauchs	ʃ p ʁ aː x ɡ ə b ʁ a ʊ̯ x s
Sprachteil	ʃ p ʁ aː χ t a ɪ̯ l
Sprachtheil	ʃ p ʁ aː χ t a ɪ̯ l
Sprachzweig	ʃ p ʁ aː x t͡s v a ɪ̯ k
Sprechen	ʃ p ʁ ɛ ç n̩
Sprecher	ʃ p ʁ ɛ ç ɐ
Sprechweise	ʃ p ʁ ɛ ç v a ɪ̯ z ə
Spreewald	ʃ p ʁ eː v a l t
Sprengel	ʃ p ʁ ɛ ŋ l̩
Sprengen	ʃ p ʁ ɛ ŋ ə n
Sprengkopf	ʃ p ʁ ɛ ŋ k ɔ p͡f
Sprengstoffweste	ʃ p ʁ ɛ ŋ ʃ t ɔ f v ɛ s t ə
Sprengung	ʃ p ʁ ɛ ŋ ʊ ŋ
Sprichwort	ʃ p ʁ ɪ ç v ɔ ʁ t
Springen	ʔ ʃ p ʁ ɪ ŋ n̩
Springer	ʃ p ʁ ɪ ŋ ɐ
Springinsfeld	ʃ p ʁ ɪ ŋ ɪ n t͡s f ɛ l t
Springinsfeld	ʃ p ʁ ɪ ŋ ʔ ɪ n t͡s f ɛ l t
Springreiten	ʃ p ʁ ɪ ŋ ʁ a ɪ̯ t n̩
Springspinne	ʃ p ʁ ɪ ŋ ʃ p ɪ n ə
Sprinkler	ʃ p ʁ ɪ ŋ k l ɐ
Sprinter	ʃ p ʁ ɪ n t ɐ
Spritzkuchen	ʃ p ʁ ɪ t͡s k uː x n̩
Spritzkuchens	ʃ p ʁ ɪ t͡s k uː x n̩ s
Spritztour	ʃ p ʁ ɪ t͡s t uː ɐ̯
Spross	ʃ p ʁ ɔ s
Sprossenkohl	ʃ p ʁ ɔ s n̩ k oː l
Spruchband	ʃ p ʁ ʊ x b a n t
Sprudel	ʃ p r uː d l̩
Sprudel	ʃ p r uː d ə l
Sprudel	ʃ p ʁ uː d l̩
Sprudel	ʃ p ʁ uː d ə l
Sprudelwasser	ʃ p r uː d l̩ v a s ɐ
Sprudelwasser	ʃ p r uː d l̩ v a s ə r
Sprudelwasser	ʃ p r uː d ə l v a s ɐ
Sprudelwasser	ʃ p r uː d ə l v a s ə r
Sprudelwasser	ʃ p ʁ uː d l̩ v a s ɐ
Sprudelwasser	ʃ p ʁ uː d ə l v a s ɐ
Sprungfeder	ʃ p r ʊ ŋ f eː d ɐ
Sprunggelenk	ʃ p ʁ ʊ ŋ ɡ ə l ɛ ŋ k
Sprungturm	ʃ p ʁ ʊ ŋ t ʊ ʁ m
Sprungturmes	ʃ p ʁ ʊ ŋ t ʊ ʁ m ə s
Sprungturms	ʃ p ʁ ʊ ŋ t ʊ ʁ m s
Sprungtürme	ʃ p ʁ ʊ ŋ t ʏ ʁ m ə
Sprühstoßes	ʃ p ʀ yː ʃ t oː s ə s
Sprühstöße	ʃ p ʀ yː ʃ t øː s ə
Spulwurm	ʃ p uː l v ʊ ʁ m
Spur	ʃ p u ɐ̯
Spur	ʃ p uː ɐ̯
Spurenelement	ʃ p uː ʁ ə n ʔ e l e m ɛ n t
Spurenelemente	ʃ p uː ʁ ə n ʔ e l e m ɛ n t ə
Spurenelements	ʃ p uː ʁ ə n ʔ e l e m ɛ n t s
Spurensicherung	ʃ p uː ʁ ə n z ɪ ç ə ʁ ʊ ŋ
Spätburgundertraube	ʃ p ɛː t b ʊ ʁ ɡ ʊ n d ɐ t ʁ a ʊ̯ b ə
Spätfolge	ʃ p ɛː t f ɔ l ɡ ə
Spätlatein	ʃ p ɛː t l a t a ɪ̯ n
Spätmittelhochdeutsch	ʃ p ɛː t m ɪ t l̩ h oː x d ɔ ɪ̯ t͡ʃ
Spätneolithikum	ʃ p ɛː t n e o l iː t i k ʊ m
Spätneolithikum	ʃ p ɛː t n e o l ɪ t i k ʊ m
Spätneolithikums	ʃ p ɛː t n e o l iː t i k ʊ m s
Spätneolithikums	ʃ p ɛː t n e o l ɪ t i k ʊ m s
Späßchen	ʃ p ɛː s ç ə n
Späßchens	ʃ p ɛː s ç ə n s
Spöttelei	ʃ p œ t ə l a ɪ̯
Spötteleien	ʃ p œ t ə l a ɪ̯ ə n
Spüllappen	ʃ p yː l l a p n̩
Spültuch	ʃ p yː l t uː χ
Spürhund	ʃ p yː ɐ̯ h ʊ n t
Spürnase	ʃ p yː ɐ̯ n aː z ə
StVO	ɛ s t eː f a ʊ̯ ʔ oː
Staatenbund	ʃ t aː t n̩ b ʊ n t
Staatenlose	ʃ t aː t n̩ l oː z ə
Staatenloser	ʃ t aː t n̩ l oː z ɐ
Staatsangehörigkeit	ʃ t aː t͡s ʔ a n ɡ ə h øː ʁ ɪ ç k a ɪ̯ t
Staatsbesuch	ʃ t aː t͡s b ə z uː χ
Staatsbesuche	ʃ t aː t͡s b ə z uː χ ə
Staatsbesuches	ʃ t aː t͡s b ə z uː χ ə s
Staatsbesuchs	ʃ t aː t͡s b ə z uː χ s
Staatsbürgerschaft	ʃ t aː t͡s b ʏ ʁ ɡ ɐ ʃ a f t
Staatsgebiet	ʃ t aː t s ɡ ə b iː t
Staatskirchen	ʃ t aː t s k ɪ ʁ ç n̩
Staatspräsidentin	ʃ t aː t͡s p ʁ ɛ z i d ɛ n t ɪ n
Staatspräsidentinnen	ʃ t aː t͡s p ʁ ɛ z i d ɛ n t ɪ n ə n
Staatsrecht	ʃ t aː t͡s ʁ ɛ ç t
Staatsrechtler	ʃ t aː t͡s ʁ ɛ ç t l ɐ
Staatsrechtlerin	ʃ t aː t͡s ʁ ɛ ç t l ə ʁ ɪ n
Staatsrechtlerinnen	ʃ t aː t͡s ʁ ɛ ç t l ə ʁ ɪ n ə n
Staatsrechtlers	ʃ t aː t͡s ʁ ɛ ç t l ɐ s
Staatsschuld	ʃ t aː t͡s ʃ ʊ l t
Staatsschutzdelikt	ʃ t aː t͡s ʃ ʊ t͡s d e l ɪ k t
Staatsschützer	ʃ t aː t͡s ʃ ʏ t͡s ɐ
Staatsverschuldung	ʃ t aː t͡s f ɛ ɐ̯ ʃ ʊ l d ʊ ŋ
Staatswesen	ʃ t aː t͡s v eː z n̩
Stabilität	ʃ t a b i l i t ɛː t
Stabkirchen	ʃ t aː p k ɪ ʁ ç n̩
Stachel	ʃ t a χ l̩
Stacheldrahtes	ʃ t a x l̩ d ʁ aː t ə s
Stacheldrähte	ʃ t a x l̩ d ʁ ɛː t ə
Stachelgurke	ʃ t a x l̩ ɡ ʊ ɐ̯ k ə
Stachelschwein	ʃ t a χ l̩ ʃ ʋ a ɪ̯ n
Stadtbezirk	ʃ t a t b ə t s ɪ ʁ k
Stadtbibliothek	ʃ t a t b i b l i o t eː k
Stadtbild	ʃ t a t b ɪ l t
Stadtbilder	ʃ t a t b ɪ l d ɐ
Stadtbildes	ʃ t a t b ɪ l d ə s
Stadtbilds	ʃ t a t b ɪ l t s
Stadtgebiet	ʃ t a t ɡ ə b iː t
Stadthagen	ʃ t a t h aː ɡ n̩
Stadthagener	ʃ t a t h aː ɡ ə n ɐ
Stadthagenerin	ʃ t a t h aː ɡ ə n ə ʁ ɪ n
Stadthagenerinnen	ʃ t a t h aː ɡ ə n ə ʁ ɪ n ə n
Stadthageners	ʃ t a t h aː ɡ ə n ɐ s
Stadtmitte	ʃ t a t m ɪ t ə
Stadtplan	ʃ t a t p l aː n
Stadtrat	ʃ t a t ʁ aː t
Stadtrundfahrt	ʃ t a t ʁ ʊ n t f aː ɐ̯ t
Stadträtin	ʃ t a t ʁ ɛ t ɪ n
Stadtschloss	ʃ t a t ʃ l ɔ s
Stadtzentren	ʃ t a t t͡s ɛ n t ʁ ə n
Staffelschwanz	ʃ t a f l̩ ʃ v a n s
Staffelschwanz	ʃ t a f l̩ ʃ v a n t s
Staffelschwanzes	ʃ t a f l̩ ʃ v a n t͡s ə s
Staffelschwänze	ʃ t a f l̩ ʃ v ɛ n t͡s ə
Stahlfaß	ʃ t aː l f a s
Stahlindustrie	ʃ t aː l ʔ ɪ n d ʊ s t ʁ iː
Stahlplatte	ʃ t aː l p l a t ə
Stahltreppe	ʃ t aː l t ʁ ɛ p ə
Stahlträger	ʃ t aː l t ʁ ɛː ɡ ɐ
Stalagmit	s t a l a ɡ m iː t
Stalagmit	ʃ t a l a ɡ m iː t
Stalaktit	s t a l a k t iː t
Stalaktit	ʃ t a l a k t iː t
Stalinist	ʃ t a l i n ɪ s t
Stallfeind	ʃ t a l f a ɪ̯ n t
Stallgeruches	ʃ t a l ɡ ə ʁ uː x ə s
Stallgeruches	ʃ t a l ɡ ə ʁ ʊ x ə s
Stallgeruchs	ʃ t a l ɡ ə ʁ uː x s
Stallgeruchs	ʃ t a l ɡ ə ʁ ʊ x s
Stallgerüche	ʃ t a l ɡ ə ʁ yː ç ə
Stallgerüche	ʃ t a l ɡ ə ʁ ʏ ç ə
Stammbaumtheorie	ʃ t a m b a ʊ̯ m t e o ʁ iː
Stammesbewusstsein	ʃ t a m ə s b ə v ʊ s t z a ɪ̯ n
Stammesbewusstseins	ʃ t a m ə s b ə v ʊ s t z a ɪ̯ n s
Stammsilbe	ʃ t a m z ɪ l b ə
Stampede	s t a m p eː d ə
Stampede	s t æ m p iː d
Stampede	s t ɛ m p iː d
Stampede	s t ɛ m p iː t
Stampede	ʃ t a m p eː d ə
Stampfer	ʃ t a m p f ɐ
Standard	ʃ t a n d a ʁ t
Standardsprache	ʃ t a n d a ʁ t ʃ p ʁ aː χ ə
Standardtanz	ʃ t a n d a ʁ t t a n t͡s
Standarte	ʃ t a n d a ʁ t ə
Standbein	ʃ t a n t b a ɪ̯ n
Standbetreiberin	ʃ t a n t b ə t ʁ a ɪ̯ b ə ʀ ɪ n
Standbetreiberinnen	ʃ t a n t b ə t ʁ a ɪ̯ b ə ʀ ɪ n ə n
Standesdünkel	ʃ t a n d ə s d ʏ ŋ k l̩
Standort	ʃ t a n t ʔ ɔ ʁ t
Standortfaktor	ʃ t a n t ʔ ɔ ʁ t f a k t ɔ ʁ
Standortwettbewerb	ʃ t a n t ʔ ɔ ʁ t v ɛ t b e v ɛ ʁ p
Standseilbahn	ʃ t a n t z a ɪ̯ l b aː n
Standvogel	ʃ t a n t f oː ɡ l̩
Stangenbohne	ʃ t a ŋ ə n b oː n ə
Stangenbohnen	ʃ t a ŋ ə n b oː n ə n
Stapfen	ʃ t a p͡f n̩
Stapfer	ʃ t a p͡f ɐ
Star	s t aː
Star	s t aː ɐ̯
Star	s t aː ʁ
Star	ʃ t aː
Star	ʃ t aː ɐ̯
Star	ʃ t aː ʁ
Staren	ʃ t a ʁ ə n
Staren	ʃ t aː n
Staren	ʃ t aː ɐ̯ n
Starenkästen	ʃ t aː ʁ ə n k ɛ s t n̩
Stargard	ʃ t aː ɐ̯ ɡ a ʁ t
Stargard	ʃ t aː ɡ a ʁ t
Starrsinn	ʃ t a ʁ z ɪ n
Starthilfe	ʃ t a ʁ t h ɪ l f ə
Startnummer	ʃ t a ʁ t n ʊ m ɐ
Startrampe	ʃ t a ʁ t ʁ a m p ə
Startrampen	ʃ t a ʁ t ʁ a m p ə n
Startschuss	ʃ t a ʁ t ʃ ʊ s
Stater	ʃ t aː t ɐ
Statere	ʃ t aː t ə ʁ ə
Staters	ʃ t aː t ɐ s
Stationierung	ʃ t a t s i̯ o n iː ʁ ʊ ŋ
Statistik	ʃ t a t ɪ s t ɪ k
Stauben	ʃ t a ʊ̯ b n̩
Staubschicht	ʃ t a ʊ̯ p ʃ ɪ ç t
Staubwedel	ʃ t a ʊ̯ p v eː d l̩
Staubwolke	ʃ t a ʊ̯ p v ɔ l k ə
Staubzucker	ʃ t a ʊ̯ pʰ t s ʊ kʰ ɐ
Stauschlauch	ʃ t a ʊ̯ ʃ l a ʊ̯ x
Stearin	s t e a ʁ iː n
Stearin	ʃ t e a ʁ iː n
Stearinkerze	ʃ t e a ʁ iː n k ɛ ʁ t͡s ə
Stearinkerzen	ʃ t e a ʁ iː n k ɛ ʁ t͡s ə n
Stechbeitel	ʃ t ɛ ç b a ɪ̯ t l̩
Stechbeitels	ʃ t ɛ ç b a ɪ̯ t l̩ s
Stechmücke	ʃ t ɛ ç m ʏ k ə
Stechuhr	ʃ t ɛ ç ʔ u ɐ̯
Stechuhr	ʃ t ɛ ç ʔ uː ɐ̯
Stecker	ʃ t ɛ k ɐ
Stefan	ʃ t ɛ f a n
Stefanie	ʃ t ɛ f a n i
Steffen	ʃ t ɛ f n̩
Steg	ʃ t eː kʰ
Stehlampe	ʃ t eː l a m p ə
Steigbügel	ʃ t a ɪ̯ k b yː ɡ l̩
Steigbügelhalter	ʃ t a ɪ̯ k b yː ɡ l̩ h a l t ɐ
Steigbügelhalterin	ʃ t a ɪ̯ k b yː ɡ l̩ h a l t ə ʁ ɪ n
Steigbügelhalterinnen	ʃ t a ɪ̯ k b yː ɡ l̩ h a l t ə ʁ ɪ n ə n
Steigerliedes	ʃ t a ɪ̯ ɡ ɐ l iː d ə s
Steigerlieds	ʃ t a ɪ̯ ɡ ɐ l iː t s
Steigflug	ʃ t a ɪ̯ k f l uː k
Steiggeschwindigkeit	ʃ t a ɪ̯ k ɡ ə ʃ v ɪ n d ɪ k k a ɪ̯ t
Steiggeschwindigkeit	ʃ t a ɪ̯ k ɡ ə ʃ v ɪ n d ɪ ç k a ɪ̯ t
Steiggeschwindigkeiten	ʃ t a ɪ̯ k ɡ ə ʃ v ɪ n d ɪ k k a ɪ̯ t ə n
Steiggeschwindigkeiten	ʃ t a ɪ̯ k ɡ ə ʃ v ɪ n d ɪ ç k a ɪ̯ t ə n
Steilklippe	ʃ t a ɪ̯ l k l ɪ p ə
Steilklippen	ʃ t a ɪ̯ l k l ɪ p m̩
Steilküste	ʃ t a ɪ̯ l k ʏ s t ə
Steilküsten	ʃ t a ɪ̯ l k ʏ s t n̩
Steinau	ʃ t a ɪ̯ n a ʊ̯
Steinauer	ʃ t a ɪ̯ n a ʊ̯ ɐ
Steinauerin	ʃ t a ɪ̯ n a ʊ̯ ə ʁ ɪ n
Steinauers	ʃ t a ɪ̯ n a ʊ̯ ɐ s
Steinaus	ʃ t a ɪ̯ n a ʊ̯ s
Steinbach	ʃ t a ɪ̯ n b a x
Steinbacher	ʃ t a ɪ̯ n b a x ɐ
Steinbacherin	ʃ t a ɪ̯ n b a x ə ʁ ɪ n
Steinbacherinnen	ʃ t a ɪ̯ n b a x ə ʁ ɪ n ə n
Steinbachers	ʃ t a ɪ̯ n b a x ɐ s
Steinbachs	ʃ t a ɪ̯ n b a x s
Steinbeißer	ʃ t a ɪ̯ n b a ɪ̯ s ɐ
Steinberg	ʃ t a ɪ̯ n b ɛ r ç
Steinberg	ʃ t a ɪ̯ n b ɛ ʁ k
Steinberger	ʃ t a ɪ̯ n b ɛ ʁ ɡ ɐ
Steinbergerin	ʃ t a ɪ̯ n b ɛ ʁ ɡ ə ʁ ɪ n
Steinbergerinnen	ʃ t a ɪ̯ n b ɛ ʁ ɡ ə ʁ ɪ n ə n
Steinbergers	ʃ t a ɪ̯ n b ɛ ʁ ɡ ɐ s
Steinbergs	ʃ t a ɪ̯ n b ɛ r ç s
Steinbergs	ʃ t a ɪ̯ n b ɛ ʁ k s
Steinbock	ʃ t a ɪ̯ n b ɔ k
Steinbrink	ʃ t a ɪ n b ʁ ɪ ŋ k
Steinbrinks	ʃ t a ɪ n b ʁ ɪ ŋ k s
Steinbrücke	ʃ t a ɪ̯ n b ʁ ʏ k ə
Steinburger	ʃ t a ɪ̯ n b ʊ ʁ ɡ ɐ
Steinburgerin	ʃ t a ɪ̯ n b ʊ ʁ ɡ ə ʁ ɪ n
Steinburgerinnen	ʃ t a ɪ̯ n b ʊ ʁ ɡ ə ʁ ɪ n ə n
Steinburgers	ʃ t a ɪ̯ n b ʊ ʁ ɡ ɐ s
Steinburgs	ʃ t a ɪ̯ n b ʊ ʁ k s
Steinbusch	ʃ t a ɪ̯ n b ʊ ʃ
Steinbuschs	ʃ t a ɪ̯ n b ʊ ʃ s
Steiner	ʃ t a ɪ̯ n ɐ
Steinfeld	ʃ t a ɪ̯ n f ɛ l t
Steinfelder	ʃ t a ɪ̯ n f ɛ l d ɐ
Steinfelderin	ʃ t a ɪ̯ n f ɛ l d ə ʁ ɪ n
Steinfelders	ʃ t a ɪ̯ n f ɛ l d ɐ s
Steinfelds	ʃ t a ɪ̯ n f ɛ l t s
Steinfeldt	ʃ t a ɪ̯ n f ɛ l t
Steinfels	ʃ t a ɪ n f ɛ l s
Steinfels'	ʃ t a ɪ n f ɛ l s
Steinfelser	ʃ t a ɪ n f ɛ l z ɐ
Steinfelserin	ʃ t a ɪ n f ɛ l z ə ʁ ɪ n
Steinfrüchte	ʃ t a ɪ̯ n f ʁ ʏ ç t ə
Steingebäude	ʃ t a ɪ n ɡ ə b ɔ ɪ̯ d ə
Steingebäudes	ʃ t a ɪ n ɡ ə b ɔ ɪ̯ d ə s
Steingutteller	ʃ t a ɪ̯ n ɡ uː t t ɛ l ɐ
Steinguttellers	ʃ t a ɪ̯ n ɡ uː t t ɛ l ɐ s
Steinhagen	ʃ t a ɪ n h aː ɡ n̩
Steinhagener	ʃ t a ɪ n h aː ɡ ə n ɐ
Steinhagenerin	ʃ t a ɪ n h aː ɡ ə n ə ʁ ɪ n
Steinhagenerinnen	ʃ t a ɪ n h aː ɡ ə n ə ʁ ɪ n ə n
Steinhageners	ʃ t a ɪ n h aː ɡ ə n ɐ s
Steinhagens	ʃ t a ɪ n h aː ɡ n̩ s
Steinhauer	ʃ t a ɪ̯ n h a ʊ̯ ɐ
Steinhaus'	ʃ t a ɪ̯ n h a ʊ̯ s
Steinhauser	ʃ t a ɪ̯ n h a ʊ̯ z ɐ
Steinhauserin	ʃ t a ɪ̯ n h a ʊ̯ z ə ʁ ɪ n
Steinhauserinnen	ʃ t a ɪ̯ n h a ʊ̯ z ə ʁ ɪ n ə n
Steinhausers	ʃ t a ɪ̯ n h a ʊ̯ z ɐ s
Steinheim	ʃ t a ɪ̯ n h a ɪ̯ m
Steinheimer	ʃ t a ɪ̯ n h a ɪ̯ m ɐ
Steinheimerin	ʃ t a ɪ̯ n h a ɪ̯ m ə ʁ ɪ n
Steinheimers	ʃ t a ɪ̯ n h a ɪ̯ m ɐ s
Steinheims	ʃ t a ɪ̯ n h a ɪ̯ m s
Steinhoff	ʃ t a ɪ̯ n h ɔ f
Steinhoffs	ʃ t a ɪ̯ n h ɔ f s
Steinhäuser	ʃ t a ɪ̯ n h ɔ ɪ̯ z ɐ
Steinhöfel	ʃ t a ɪ̯ n h øː f l̩
Steinhöfels	ʃ t a ɪ̯ n h øː f l̩ s
Steinkirche	ʃ t a ɪ̯ n k ɪ ʁ ç ə
Steinkirchen	ʃ t a ɪ̯ n k ɪ ʁ ç n̩
Steinlinde	ʃ t a ɪ̯ n l ɪ n d ə
Steinmaier	ʃ t a ɪ̯ n m a ɪ̯ ɐ
Steinmair	ʃ t a ɪ̯ n m a ɪ̯ ɐ
Steinmann	ʃ t a ɪ n m a n
Steinmanns	ʃ t a ɪ n m a n s
Steinmayer	ʃ t a ɪ̯ n m a ɪ̯ ɐ
Steinmayr	ʃ t a ɪ̯ n m a ɪ̯ ɐ
Steinmeier	ʃ t a ɪ̯ n m a ɪ̯ ɐ
Steinmeiers	ʃ t a ɪ̯ n m a ɪ̯ ɐ s
Steinmeyer	ʃ t a ɪ̯ n m a ɪ̯ ɐ
Steinpilz	ʃ t a ɪ̯ n p ɪ l t͡s
Steinschloss	ʃ t a ɪ̯ n ʃ l ɔ s
Steinschlösser	ʃ t a ɪ̯ n ʃ l œ s ɐ
Steinschmätzer	ʃ t a ɪ̯ n ʃ m ɛ t͡s ɐ
Steinsäule	ʃ t a ɪ̯ n z ɔ ɪ̯ l ə
Steinsäulen	ʃ t a ɪ̯ n z ɔ ɪ̯ l n̩
Steinsäulen	ʃ t a ɪ̯ n z ɔ ɪ̯ l ə n
Steintreppe	ʃ t a ɪ n t ʁ ɛ p ə
Steinwälzer	ʃ t a ɪ̯ n v ɛ l t͡s ɐ
Steinzeitkeramiken	ʃ t a ɪ n t s a ɪ̯ t k e ʁ aː m ɪ k n̩
Steinzeitmensch	ʃ t a ɪ̯ n t͡s a ɪ̯ t m ɛ n ʃ
Stelen	s t eː l ə
Stelen	ʃ t eː l ə n
Stellenanwärterinnen	ʃ t ɛ l ə n a n v ɛ ʁ t ə ʁ ɪ n ə n
Stellenwertsystem	ʃ t ɛ l ə n v eː ɐ̯ t z ʏ s t eː m
Stellenwertsysteme	ʃ t ɛ l ə n v eː ɐ̯ t z ʏ s t eː m ə
Stellenwertsystems	ʃ t ɛ l ə n v eː ɐ̯ t z ʏ s t eː m s
Stellenzuwachs	ʃ t ɛ l ə n t͡s uː v a k s
Stellmesser	ʃ t ɛ l m ɛ s ɐ
Stellvertreter	ʃ t ɛ l f ɐ t ʁ eː t ɐ
Stellvertreterin	ʃ t ɛ l f ɐ t ʁ eː t ə ʁ ɪ n
Stellwerkes	ʃ t ɛ l v ɛ ʁ k ə s
Stelze	ʃ t ɛ l s ə
Stelze	ʃ t ɛ l t s ə
Stempeluhr	ʃ t ɛ m p l̩ ʔ u ɐ̯
Stempeluhr	ʃ t ɛ m p l̩ ʔ uː ɐ̯
Stemwede	ʃ t ɛ m v eː d ə
Stephan	ʃ t ɛ f a n
Steppenbewohner	ʃ t ɛ p n̩ b ə v oː n ɐ
Steppenbewohnerin	ʃ t ɛ p n̩ b ə v oː n ɐ ʁ ɪ n
Steppenwolf	ʃ t ɛ p n̩ v ɔ l f
Sterbliche	ʃ t ɛ ʁ p l ɪ ç ə
Sterblicher	ʃ t ɛ ʁ p l ɪ ç ɐ
Stereotyp	s t e ʁ e o t yː p
Stereotyp	ʃ t e ʁ e o t yː p
Stern	ʃ t ɛ ɐ̯ n
Stern	ʃ t ɛ ʁ n
Sternanis	ʃ t ɛ r n ʔ ä n iː s
Sternanis	ʃ t ɛ r n ʔ ä n ɪ s
Sternanis	ʃ t ɛ r n ʔ äː n ɪ s
Sternblume	ʃ t ɛ ʁ n b l uː m ə
Sternblumen	ʃ t ɛ ʁ n b l uː m ə n
Sternenhimmel	ʃ t ɛ ʁ n ə n h ɪ m ə l
Sternenkunde	ʃ t ɛ ʁ n ə n k ʊ n d ə
Sternenlicht	ʃ t ɛ ʁ n ə n l ɪ ç t
Sternennacht	ʃ t ɛ ʁ n ə n n a x t
Sternenstaub	ʃ t ɛ ʁ n ə n ʃ t a ʊ̯ p
Sternkunde	ʃ t ɛ ʁ n k ʊ n d ə
Sternkundler	ʃ t ɛ ʁ n k ʊ n d l ɐ
Sternkundlerin	ʃ t ɛ ʁ n k ʊ n d l ə ʁ ɪ n
Sternkundlerinnen	ʃ t ɛ ʁ n k ʊ n d l ə ʁ ɪ n ə n
Sternkundlers	ʃ t ɛ ʁ n k ʊ n d l ɐ s
Sternum	s t ɛ ʁ n ʊ m
Sternwurz	ʃ t ɛ ʁ n v ʊ ʁ t͡s
Sternwurzen	ʃ t ɛ ʁ n v ʊ ʁ t͡s n̩
Sternzeichen	ʃ t ɛ ʁ n t͡s a ɪ̯ ç n̩
Sterz	ʃ t ɛ ɐ̯ t s
Steuer	ʃ t ɔ ʏ̯ ɐ
Steuerberater	ʃ t ɔ ɪ̯ ɐ b ə ʁ aː t ɐ
Steuerbord	ʃ t ɔ ɪ̯ ɐ b ɔ ʁ tʰ
Steuerelement	ʃ t ɔ ʏ̯ ɐ e l e m ɛ n t
Steuergerät	ʃ t ɔ ɪ̯ ɐ ɡ ə ʁ ɛː t
Steuergeräte	ʃ t ɔ ɪ̯ ɐ ɡ ə ʁ ɛː t ə
Steuergerätes	ʃ t ɔ ɪ̯ ɐ ɡ ə ʁ ɛː t ə s
Steuergeräts	ʃ t ɔ ɪ̯ ɐ ɡ ə ʁ ɛː t͡s
Steuerrecht	ʃ t ɔ ɪ̯ ɐ ʁ ɛ ç t
Steuerrechtler	ʃ t ɔ ɪ̯ ɐ ʁ ɛ ç t l ɐ
Steuerrechtlerin	ʃ t ɔ ɪ̯ ɐ ʁ ɛ ç t l ə ʁ ɪ n
Steuerrechtlerinnen	ʃ t ɔ ɪ̯ ɐ ʁ ɛ ç t l ə ʁ ɪ n ə n
Steuerrechtlers	ʃ t ɔ ɪ̯ ɐ ʁ ɛ ç t l ɐ s
Steuersenkung	ʃ t ɔ ɪ̯ ɐ z ɛ ŋ k ʊ ŋ
Steuerverbrater	ʃ t ɔ ɪ̯ ɐ f ɛ ɐ̯ b ʁ aː t ɐ
Steuerwagen	ʃ t ɔ ɪ̯ ɐ v aː ɡ ŋ̩
Stewardess	s t j uː ɐ d ɛ s
Stichproben	ʃ t ɪ ç p ʁ oː b n̩
Stichschutzweste	ʃ t ɪ ç ʃ ʊ t͡s v ɛ s t ə
Stichschutzwesten	ʃ t ɪ ç ʃ ʊ t͡s v ɛ s t ə n
Stickerei	ʃ t ɪ k ə ʁ a ɪ̯
Stickoxidausstoß	ʃ t ɪ k ʔ ɔ k s iː t ʔ a ʊ̯ s ʃ t oː s
Stickoxyd	ʃ t ɪ k ʔ ɔ k s iː t
Stickoxyd	ʃ t ɪ k ʔ ɔ k s yː t
Stickoxydausstoß	ʃ t ɪ k ʔ ɔ k s yː t ʔ a ʊ̯ s ʃ t oː s
Stickstoffdioxid	ʃ t ɪ k ʃ t ɔ f d iː ʔ ɔ k s iː t
Stickstoffdioxyd	ʃ t ɪ k ʃ t ɔ f d iː ʔ ɔ k s iː t
Stickstoffdioxyd	ʃ t ɪ k ʃ t ɔ f d iː ʔ ɔ k s yː t
Stickstoffmonoxyd	ʃ t ɪ k ʃ t ɔ f m o n ʔ ɔ k s iː t
Stickstoffmonoxyd	ʃ t ɪ k ʃ t ɔ f m o n ʔ ɔ k s yː t
Stickstoffoxidausstoß	ʃ t ɪ k ʃ t ɔ f ʔ ɔ k s iː t ʔ a ʊ̯ s ʃ t oː s
Stickstoffoxyd	ʃ t ɪ k ʃ t ɔ f ʔ ɔ k s iː t
Stickstoffoxyd	ʃ t ɪ k ʃ t ɔ f ʔ ɔ k s yː t
Stickstoffoxydausstoß	ʃ t ɪ k ʃ t ɔ f ʔ ɔ k s yː t ʔ a ʊ̯ s ʃ t oː s
Stiefelschlaufe	ʃ t iː f l̩ ʃ l a ʊ̯ f ə
Stiefschwester	ʃ t iː f ʃ v ɛ s t ɐ
Stieler	ʃ t iː l ɐ
Stielers	ʃ t iː l ɐ s
Stieltopf	ʃ t iː l t ɔ p f
Stieltopfes	ʃ t iː l t ɔ p͡f ə s
Stieltopfs	ʃ t iː l t ɔ p͡f s
Stieltöpfe	ʃ t iː l t œ p͡f ə
Stiftshütte	ʃ t ɪ f t͡s h ʏ t ə
Stiftungsvermögen	ʃ t ɪ f t ʊ ŋ s f ɛ ɐ̯ m øː ɡ n̩
Stiftungsvermögens	ʃ t ɪ f t ʊ ŋ s f ɛ ɐ̯ m øː ɡ n̩ s
Stillstand	ʃ t ɪ l ʃ t a n t
Stillwein	ʃ t ɪ l v a ɪ̯ n
Stimmabgabe	ʃ t ɪ m ʔ a p ɡ aː b ə
Stimmen	ʃ t ɪ m ə n
Stimmengewirr	ʃ t ɪ m ə n ɡ ə v ɪ ʁ
Stimmensplitting	ʃ t ɪ m ə n s p l ɪ t ɪ ŋ
Stimmfach	ʃ t ɪ m f a χ
Stimmhöhe	ʃ t ɪ m h øː ə
Stimmrecht	ʃ t ɪ m ʁ ɛ ç t
Stimmregister	ʃ t ɪ m ʁ e ɡ ɪ s t ɐ
Stimmregisters	ʃ t ɪ m ʁ e ɡ ɪ s t ɐ s
Stimmungsbarometer	ʃ t ɪ m ʊ ŋ s b a ʁ o m eː t ɐ
Stimmvolk	ʃ t ɪ m f ɔ l k
Stimulieren	ʃ t i m u l iː ʁ ə n
Stimulierer	ʃ t i m u l iː ʁ ɐ̯
Stinktier	ʃ t ɪ ŋ k t iː ɐ̯
Stirn	ʃ t ɪ ɐ̯ n
Stirn	ʃ t ɪ ʁ n
Stirnband	ʃ t ɪ ʁ n b a n t
Stirnbandes	ʃ t ɪ ʁ n b a n d ə s
Stirnbands	ʃ t ɪ ʁ n b a n t s
Stirnbänder	ʃ t ɪ ʁ n b ɛ n d ɐ
Stirnlampe	ʃ t ɪ ʁ n l a m p ə
Stockdividende	s t ɔ k d ɪ v i d ɛ n d ə
Stockwerk	ʃ t ɔ k v ɛ ʁ k
Stoffel	ʃ t ɔ f l̩
Stoffhändlerin	ʃ t ɔ f h ɛ n d l ə ʁ ɪ n
Stoffhändlerinnen	ʃ t ɔ f h ɛ n d l ə ʁ ɪ n ə n
Stolperdraht	ʃ t ɔ l p ɐ d ʁ aː t
Stolperdrahts	ʃ t ɔ l p ɐ d ʁ aː t s
Stolperdrähte	ʃ t ɔ l p ɐ d ʁ ɛː t ə
Stopfen	ʃ t ɔ p f ŋ̩
Storch	ʃ t ɔ ɐ̯ ç
Storch	ʃ t ɔ ʁ ç
Storch	ʃ t ɔː ç
Store	s t ɔː ɐ̯
Stossen	ʃ t oː s n̩
Stosser	ʃ t oː s ɐ
Stoßer	ʃ t oː s ɐ
Stoßlüften	ʃ t oː s l ʏ f t n̩
Stoßlüftung	ʃ t oː s l ʏ f t ʊ ŋ
Stoßzeit	ʃ t oː s t͡s a ɪ̯ t
Strafantrag	ʃ t ʁ aː f ʔ a n t ʁ aː k
Strafantrages	ʃ t ʁ aː f ʔ a n t ʁ aː ɡ ə s
Strafantrags	ʃ t ʁ aː f ʔ a n t ʁ aː k s
Strafanträge	ʃ t ʁ aː f ʔ a n t ʁ ɛː ɡ ə
Strafanträgen	ʃ t ʁ aː f ʔ a n t ʁ ɛː ɡ n̩
Strafanzeige	ʃ t ʁ aː f ʔ a n t͡s a ɪ̯ ɡ ə
Strafanzeigen	ʃ t ʁ aː f ʔ a n t͡s a ɪ̯ ɡ n̩
Strafen	ʃ t ʁ aː f ə n
Strafen	ʃ t ʁ aː f ɱ̩
Strafgesetzbuches	ʃ t ʁ aː f ɡ ə z ɛ t͡s b uː x ə s
Strafgesetzbuchs	ʃ t ʁ aː f ɡ ə z ɛ t͡s b uː x s
Strafgesetzbücher	ʃ t ʁ aː f ɡ ə z ɛ t͡s b yː ç ɐ
Strafmaßnahme	ʃ t r aː f m aː s n aː m ə
Strafrechtler	ʃ t ʁ aː f ʁ ɛ ç t l ɐ
Strafrechtlerin	ʃ t ʁ aː f ʁ ɛ ç t l ə ʁ ɪ n
Strafrechtlerinnen	ʃ t ʁ aː f ʁ ɛ ç t l ə ʁ ɪ n ə n
Strafregisters	ʃ t r aː f ʁ e ɡ ɪ s t ɐ s
Straftäterin	ʃ t ʁ aː f t ɛː t ə ʁ ɪ n
Straftäterinnen	ʃ t ʁ aː f t ɛː t ə ʁ ɪ n ə n
Strafvereitelung	ʃ t ʁ aː f f ɐ ʔ a ɪ̯ t ə l ʊ ŋ
Strahltriebwerk	ʃ t ʁ aː l t ʁ iː p v ɛ ʁ k
Stralsunder	ʃ t ʁ aː l z ʊ n d ɐ
Stralsunderin	ʃ t ʁ aː l z ʊ n d ə ʁ ɪ n
Stralsunders	ʃ t ʁ aː l z ʊ n d ɐ s
Strandbad	ʃ t ʁ a n t b a t
Strandbades	ʃ t ʁ a n t b a d ə s
Strandbads	ʃ t ʁ a n t b a t s
Strandbäder	ʃ t ʁ a n t b ɛː d ɐ
Strandkamille	ʃ t ʁ a n t k a m ɪ l ə
Strandkamillen	ʃ t ʁ a n t k a m ɪ l ə n
Strassenkämpfer	ʃ t ʁ aː s n̩ k ɛ m p͡f ɐ
Strassenkämpferin	ʃ t ʁ aː s n̩ k ɛ m p͡f ə ʁ ɪ n
Strassenräuber	ʃ t ʁ aː s n̩ ʁ ɔ ɪ̯ b ɐ
Strassenwischer	ʃ t ʁ aː s n̩ v ɪ ʃ ɐ
Strassenzustand	ʃ t ʁ aː s n̩ t͡s uː ʃ t a n t
Stratege	ʃ t ʁ a t eː ɡ ə
Strategem	s t ʁ a t e ɡ eː m
Strategem	ʃ t ʁ a t e ɡ eː m
Strauchdiebin	ʃ t r a ʊ̯ x d iː b ɪ n
Strauchdiebinnen	ʃ t r a ʊ̯ x d iː b ɪ n ə n
Straßburg	ʃ t ʁ aː s b ʊ ʁ k
Straßenbahn	ʃ t r aː s n̩ b aː n
Straßenbahn	ʃ t r aː s ə n b aː n
Straßenbahn	ʃ t ʀ aː s n̩ b aː n
Straßenbahn	ʃ t ʀ aː s ə n b aː n
Straßenbande	ʃ t r aː s n̩ b a n d ə
Straßenbild	ʃ t ʁ aː s n̩ b ɪ l t
Straßendorf	ʃ t ʁ aː s n̩ d ɔ ʁ f
Straßendorfes	ʃ t ʁ aː s n̩ d ɔ ʁ f ə s
Straßendorfs	ʃ t ʁ aː s n̩ d ɔ ʁ f s
Straßendörfer	ʃ t ʁ aː s n̩ d œ ʁ f ɐ
Straßenecken	ʃ t ʁ aː s n̩ ʔ ɛ k n̩
Straßenfeger	ʃ t ʁ aː s n̩ f eː ɡ ɐ
Straßenkehrer	ʃ t ʁ aː s n̩ k eː ʁ ɐ
Straßenkunst	ʃ t ʁ aː s n̩ k ʊ n s t
Straßenkämpfer	ʃ t ʁ aː s n̩ k ɛ m p͡f ɐ
Straßenmalerei	ʃ t ʁ aː s n̩ m aː l ə ʁ a ɪ
Straßenmeisterei	ʃ t ʁ aː s n̩ m a ɪ̯ s t ə ʁ a ɪ̯
Straßenmusiker	ʃ t ʁ aː s n̩ m uː z ɪ k ɐ
Straßenpflaster	ʃ t ʁ aː s n̩ p͡f l a s t ɐ
Straßenräuber	ʃ t ʁ aː s n̩ ʁ ɔ ɪ̯ b ɐ
Straßensperre	ʃ t ʁ aː s n̩ ʃ p ɛ ʁ ə
Straßenverengung	ʃ t r aː s n̩ f ɛ ɐ̯ ɛ ŋ ʊ ŋ
Straßenverkehr	ʃ t ʁ aː s n̩ f ɛ ɐ̯ k eː ɐ̯
Straßenverkehr	ʃ t ʁ aː s ə n f ɛ ɐ̯ k eː ɐ̯
Straßenwischer	ʃ t ʁ aː s n̩ v ɪ ʃ ɐ
Straßenwischerin	ʃ t ʁ aː s n̩ v ɪ ʃ ə ʁ ɪ n
Straßenwischers	ʃ t ʁ aː s n̩ v ɪ ʃ ɐ s
Straßenzuges	ʃ t ʁ aː s n̩ t͡s uː ɡ ə s
Straßenzustand	ʃ t ʁ aː s n̩ t͡s uː ʃ t a n t
Straßenzüge	ʃ t ʁ aː s n̩ t͡s yː ɡ ə
Strebebogen	ʃ t ʁ eː b ə b oː ɡ n̩
Strebebogens	ʃ t ʁ eː b ə b oː ɡ n̩ s
Strebebögen	ʃ t ʁ eː b ə b øː ɡ n̩
Strebepfeiler	ʃ t ʁ eː b ə p͡f a ɪ̯ l ɐ
Strebepfeilers	ʃ t ʁ eː b ə p͡f a ɪ̯ l ɐ s
Strebewerk	ʃ t ʁ eː b ə v ɛ ʁ k
Strebewerke	ʃ t ʁ eː b ə v ɛ ʁ k ə
Strebewerkes	ʃ t ʁ eː b ə v ɛ ʁ k ə s
Strebewerks	ʃ t ʁ eː b ə v ɛ ʁ k s
Streckenwärter	ʃ t ʁ ɛ k n̩ v ɛ ʁ t ɐ
Streckenwärters	ʃ t ʁ ɛ k n̩ v ɛ ʁ t ɐ s
Streckenzug	ʃ t ʁ ɛ k n̩ t͡s uː k
Streckenzuges	ʃ t ʁ ɛ k n̩ t͡s uː ɡ ə s
Streckenzugs	ʃ t ʁ ɛ k n̩ t͡s uː k s
Streckenzüge	ʃ t ʁ ɛ k n̩ t͡s yː ɡ ə
Streichkäse	ʃ t ʁ a ɪ̯ ç k ɛː z ə
Streichorchester	ʃ t ʁ a ɪ̯ ç ʔ ɔ ʁ k ɛ s t ɐ
Streichorchesters	ʃ t ʁ a ɪ̯ ç ʔ ɔ ʁ k ɛ s t ɐ s
Streifenhörnchen	ʃ t ʁ a ɪ̯ f n̩ h œ ɐ̯ n ç n̩
Streikgeld	ʃ t ʁ a ɪ̯ k ɡ ɛ l t
Streiterei	ʃ t ʁ a ɪ̯ t ə ʁ a ɪ̯
Streitkolben	ʃ t ʁ a ɪ̯ t k ɔ l b m̩
Streitkolben	ʃ t ʁ a ɪ̯ t k ɔ l b n̩
Streitkraft	ʃ t ʁ ä e̯ t k ʁ ä f t
Streubombe	ʃ t ʁ ɔ ɪ̯ b ɔ m b ə
Streumunition	ʃ t ʁ ɔ ɪ̯ m u n i t͡s i̯ oː n
Streunerkatze	ʃ t ʁ ɔ ɪ̯ n ɐ k a t͡s ə
Streuners	ʃ t ʁ ɔ ɪ̯ n ɐ s
Streusel	ʃ t r ɔ ɪ z ə l
Streusiedlung	ʃ t ʁ ɔ ɪ̯ z iː d l ʊ ŋ
Strichjunge	ʃ t ʁ ɪ ç j ʊ ŋ ə
Strichjungen	ʃ t ʁ ɪ ç j ʊ ŋ ə n
Strichvogel	ʃ t ʁ ɪ ç f oː ɡ l̩
Strickmütze	ʃ t ʁ ɪ k m ʏ t͡s ə
Stricknadel	ʃ t ʁ ɪ k n aː d l̩
Strippenzieher	ʃ t ʁ ɪ p m̩ t͡s iː ɐ
Stripper	s t ʁ ɪ p ɐ
Stripper	ʃ t ʁ ɪ p ɐ
Stripperin	s t ʁ ɪ p ə ʁ ɪ n
Stripperin	ʃ t ʁ ɪ p ə ʁ ɪ n
Strohmannbieter	ʃ t ʁ oː m a n b iː t ɐ
Strohwitwen	ʃ t ʁ oː v ɪ t v n̩
Strohwitwen	ʃ t ʁ oː v ɪ t v ə n
Stromanbieter	ʃ t ʁ oː m ʔ a n b iː t ɐ
Stromausfall	ʃ t ʁ oː m ʔ a ʊ̯ s f a l
Stromkabel	ʃ t r oː m k aː b l̩
Strompreisbremse	ʃ t ʁ oː m p ʁ a ɪ̯ s b ʁ ɛ m z ə
Stromschlag	ʃ t ʁ oː m ʃ l aː k
Stromsperre	ʃ t ʁ oː m ʃ p ɛ ʁ ə
Stromtrasse	ʃ t ʁ oː m t ʁ a s ə
Strukturwandel	ʃ t ʁ ʊ k t uː ɐ̯ v a n d l̩
Strumpf	ʃ t ʁ ʊ m f
Strumpf	ʃ t ʁ ʊ m p f
Strähne	ʃ t ʁ eː n ə
Strähne	ʃ t ʁ ɛː n ə
Sträucher	ʃ t ʁ ɔ ɪ̯ ç ɐ
Sträußchen	ʃ t ʁ ɔ ɪ̯ s ç ə n
Stubben	ʃ t ʊ b m̩
Stubentiger	ʃ t uː b n̩ t iː ɡ ɐ
Studienergebnis	ʃ t uː d i̯ ə n ɛ ɐ̯ ɡ eː p n ɪ s
Studienteilnehmer	ʃ t uː d i̯ ə n t a ɪ̯ l n eː m ɐ
Studienzeit	ʃ t uː d i̯ ə n t͡s a ɪ̯ t
Studierzimmer	ʃ t u d iː ɐ̯ t͡s ɪ m ɐ
Studio	ʃ t uː d i̯ o
Studios	ʃ t uː d i̯ oː s
Stukenbrock	ʃ t uː k ŋ b ʁ ɔ k
Stumpen	ʃ t ʊ m p m̩
Stumpen	ʃ t ʊ m p ə n
Stundenbuch	ʃ t ʊ n d n̩ b uː x
Stundengebet	ʃ t ʊ n d n̩ ɡ ə b eː t
Stunt	s t a n t
Stupa	s t uː p a
Stupa	ʃ t uː p a
Stupas	s t uː p a s
Stupas	ʃ t uː p a s
Sturm	ʃ t ʊ ɐ̯ m
Sturm	ʃ t ʊ ʁ m
Sturmfront	ʃ t ʊ ʁ m f ʁ ɔ n t
Sturmfronten	ʃ t ʊ ʁ m f ʁ ɔ n t n̩
Sturmgeschütz	ʃ t ʊ ʁ m ɡ ə ʃ ʏ t͡s
Sturmgeschütze	ʃ t ʊ ʁ m ɡ ə ʃ ʏ t͡s ə
Sturmgeschützes	ʃ t ʊ ʁ m ɡ ə ʃ ʏ t͡s ə s
Sturmgewehr	ʃ t ʊ ʁ m ɡ ə v eː ɐ̯
Sturmhaube	ʃ t ʊ ʁ m h a ʊ̯ b ə
Sturmhauben	ʃ t ʊ ʁ m h a ʊ̯ b n̩
Sturmtaucher	ʃ t u ʁ m t a ʊ̯ x ɐ
Sturz	ʃ t ʊ ɐ̯ t s
Sturzbach	ʃ t ʊ ʁ t͡s b a x
Sturzbaches	ʃ t ʊ ʁ t͡s b a x ə s
Sturzbachs	ʃ t ʊ ʁ t͡s b a x s
Sturzbalken	ʃ t ʊ ʁ t͡s b a l k n̩
Sturzbalkens	ʃ t ʊ ʁ t͡s b a l k n̩ s
Sturzbäche	ʃ t ʊ ʁ t͡s b ɛ ç ə
Sturzenbecher	ʃ t ʊ ʁ t s n̩ b ɛ ç ɐ
Sturzenbechers	ʃ t ʊ ʁ t s n̩ b ɛ ç ɐ s
Sturzenegger	ʃ t ʊ ʁ t s n̩ ɛ ɡ ɐ
Sturzeneggers	ʃ t ʊ ʁ t s n̩ ɛ ɡ ɐ s
Stutenmilch	ʃ t uː t n̩ m ɪ l ç
Stuttgarter	ʃ t ʊ t ɡ a ʁ t ɐ
Stuttgarterin	ʃ t ʊ t ɡ a ʁ t ə ʁ ɪ n
Stuttgarterinnen	ʃ t ʊ t ɡ a ʁ t ə ʁ ɪ n ə n
Stutzen	ʃ t ʊ t͡s n̩
Stutzen	ʃ t ʊ t͡s ə n
Stutzuhr	ʃ t ʊ t͡s ʔ uː ɐ̯
Stutzuhren	ʃ t ʊ t͡s ʔ uː ʁ ə n
Städtchen	ʃ t ɛ t ç ə n
Städtchen	ʃ t ɛː t ç ə n
Ständerat	ʃ t ɛ n d ə ʀ aː t
Ständerates	ʃ t ɛ n d ə ʁ aː t ə s
Ständerats	ʃ t ɛ n d ə ʁ aː t s
Ständeräte	ʃ t ɛ n d ə ʁ ɛː t ə
Ständerätin	ʃ t ɛ n d ə ʁ ɛ t ɪ n
Stärke	ʃ t ɛ ɐ̯ k ə
Stärke	ʃ t ɛ ʁ k ə
Stöckelschuh	ʃ t œ k l̩ ʃ uː
Stör	ʃ t øː ɐ̯
Stör	ʃ t œ ɐ̯
Störche	ʃ t œ ʁ ç ə
Störenfried	ʃ t øː ʁ ə n f ʁ iː t
Störung	ʃ t øː ʁ ʊ ŋ
Stössel	ʃ t øː s l̩
Stößel	ʃ t øː s l̩
Stüchmann	ʃ t ʏ ç m a n
Stückaktie	ʃ t ʏ k a k t s i̯ ə
Stückchen	ʃ t ʏ k ç ə n
Stückchens	ʃ t ʏ k ç ə n s
Stürmen	ʃ t ʏ ʁ m ə n
Stürmer	ʃ t ʏ ɐ̯ m ɐ
Stürmer	ʃ t ʏ ʁ m ɐ
Stürzenbecher	ʃ t y ʁ t s n̩ b ɛ ç ɐ
Stürzenbechers	ʃ t y ʁ t s n̩ b ɛ ç ɐ s
Stürzenberger	ʃ t y ʁ t s n̩ b ɛ ʁ ɡ ɐ
Stürzenbergers	ʃ t y ʁ t s n̩ b ɛ ʁ ɡ ɐ s
Stütze	ʃ t ʏ t͡s ə
Stützpfeiler	ʃ t ʏ t͡s p͡f a ɪ̯ l ɐ
Stützpfeilers	ʃ t ʏ t͡s p͡f a ɪ̯ l ɐ s
Stützpunkt	ʃ t ʏ t͡s p ʊ ŋ k t
Stützpunkt	ʃ t ʏ t͡s p ʊ ŋ t
Sub	s ʊ b
Sub	s ʊ p
Sub	s ʌ b
Sub	s ʌ p
Subjunktion	z ʊ p j ʊ ŋ k t͡s i̯ oː n
Subsistenzwirtschaft	z ʊ p z i s t ɛ n t͡s v ɪ ʁ t ʃ a f t
Subsumption	s ʊ p s u m p t͡s i̯ oː n
Subsumption	z ʊ b z u m p t͡s i̯ oː n
Subwoofer	s a p w ʊ f ɐ
Suchalgorithmus	z uː x ʔ a l ɡ o ʁ ɪ t m ʊ s
Suchbaum	z uː χ b a ʊ̯ m
Suchmannschaft	z uː χ m a n ʃ a f t
Sucht	z ʊ x t
Sucht	z ʊ χ t
Suite	s ʋ iː t
Suite	s ʋ iː t ə
Sultanat	z ʊ l t a n aː t
Sulz	z ʊ l t͡s
Sumpf	z ʊ m f
Sumpf	z ʊ m p f
Sumpfdotterblume	z ʊ m p͡f d ɔ t ɐ b l uː m ə
Sumpfdotterblumen	z ʊ m p͡f d ɔ t ɐ b l uː m ə n
Sumpfkresse	z ʊ m p f k ʁ ɛ s ə
Sumpfohreule	z ʊ m p͡f ʔ oː ɐ̯ ʔ ɔ ɪ̯ l ə
Sumpfpflanze	z ʊ m p͡f p͡f l a n t͡s ə
Sumpfrohrsänger	z ʊ m p͡f ʁ oː ɐ̯ z ɛ ŋ ɐ
Sumpfrohrsängers	z ʊ m p͡f ʁ oː ɐ̯ z ɛ ŋ ɐ s
Sumpfwiese	z ʊ m p͡f v iː z ə
Sup	s ʊ p
Sup	s ʌ p
Supermond	z uː p ɐ m oː n t
Supermonde	z uː p ɐ m oː n d ə
Supermondes	z uː p ɐ m oː n d ə s
Supermonds	z uː p ɐ m oː n t s
Supernova	z uː p ɐ n oː v a
Superoxyd	z uː p ɐ ʔ ɔ k s iː t
Superoxyd	z uː p ɐ ʔ ɔ k s yː t
Superspezies	z uː p ɐ ʃ p eː t͡s i̯ ɛ s
Superstrat	z u p ɐ s t ʁ aː t
Suppe	s u p ɛ
Suspendierung	z ʊ s p ɛ n d iː ʁ ʊ ŋ
Suzeränität	z u t͡s e ʁ ɛ n i t ɛː t
Svalbard	s ʋ aː l b a ʁ t
Swinemünde	s v̥ iː n ə m ʏ n d ə
Swist	s ʋ ɪ s t
Sylbe	z ʏ l b ə
Synagoge	z y n a ɡ oː ɡ ə
Synchronizität	z ʏ n k ʁ o n i t s i tʰ ɛː tʰ
Syndrom	z ʏ n d ʁ oː m
Synkretismus	s y n k ʁ ɛ t ɪ s m u s
Synonym	s y n o n yː m
Synonym	z y n o n yː m
Synopse	z y n ɔ p s ə
Synopse	z ʏ n ʔ ɔ p s ə
Synästhesie	z y n ɛ s t e z iː
Systemwettbewerb	z ʏ s t eː m v ɛ t b e v ɛ ʁ p
Systole	z ʏ s t oː l ə
Szintigrafie	s t͡s i n t i ɡ ʁ a f iː
Säbelschnäbler	z ɛː b l̩ ʃ n ɛː b l ɐ
Sächseln	z ɛ k s l̩ n
Sächsisch	z ɛ k s ɪ ʃ
Säen	z eː ə n
Säen	z ɛː ə n
Sämann	z eː m a n
Sämann	z ɛː m a n
Sängerfest	z ɛ ŋ ɐ f ɛ s t
Sättigen	z ɛ t ɪ ɡ n̩
Sättigen	z ɛ t ɪ ɡ ŋ̩
Sättigkeit	z ɛ t ɪ ç k a ɪ̯ t
Sättigungsbeilage	z ɛ t ɪ ɡ ʊ n ɡ s b a ɪ l aː ɡ ə
Sättigungsgrenze	z ɛ t ɪ ɡ ʊ ŋ s ɡ ʁ ɛ n t͡s ə
Säubern	z ɔ ʏ̯ b ɐ n
Säugen	z ɔ ʏ̯ ɡ ŋ̍
Säugling	z ɔ ʏ̯ k l ɪ ŋ
Säuglingssterblichkeit	z ɔ ɪ̯ k l ɪ ŋ s ʃ t ɛ ɐ̯ p l ɪ ç k a ɪ̯ tʰ
Säulenbasen	z ɔ ʏ̯ l ə n b aː z n̩
Säulenbasis	z ɔ ʏ̯ l ə n b aː z ɪ s
Säulendiagramm	z ɔ ɪ̯ l ə n d i a ɡ ʁ a m
Säumen	z ɔ ɪ̯ m ə n
Säuseln	z ɔ ʏ̯ z l̩ n
Söldner	z œ l d n ɐ
Söldner	z œ l t n ɐ
Söller	z œ l ɐ
Südamerika	z yː t ʔ a m eː ʁ i k a
Südamerikanerinnen	z yː t ʔ a m e ʁ i k aː n ə ʁ ɪ n ə n
Süddeutsche	z yː t d ɔ ɪ̯ t ʃ ə
Süddeutscher	z yː t d ɔ ɪ̯ t͡ʃ ɐ
Südeuropa	z yː t ʔ ɔ ɪ̯ ʁ oː p a
Südeuropäer	z yː t ʔ ɔ ɪ̯ ʁ o p ɛː ɐ
Südeuropäerin	z yː t ʔ ɔ ɪ̯ ʁ o p ɛː ə ʁ ɪ n
Süditalien	z yː t ʔ i t aː l i̯ ə n
Süditaliener	z yː t ʔ i t a l i̯ eː n ɐ
Süditalienerin	z yː t ʔ i t a l i̯ eː n ə ʁ ɪ n
Süditalienerinnen	z yː t ʔ i t a l i̯ eː n ə ʁ ɪ n ə n
Süditalieners	z yː t ʔ i t a l i̯ eː n ɐ s
Süditaliens	z yː t ʔ i t aː l i̯ ə n s
Südkorea	z yː tʰ kʰ o ʁ eː a
Südkoreaner	z yː tʰ kʰ o ʁ e aː n ɐ
Südkoreanerin	z yː tʰ kʰ o ʁ e a n ɐ ʁ ɪ n
Südland	s yː t l a n t
Südland	z yː t l a n t
Südländer	s yː t l e n d ɐ
Südländer	z yː t l ɛ n d ɐ
Südsahara	z yː t z a h aː ʁ a
Südstaates	z yː t ʃ t aː t ə s
Südstaats	z yː t ʃ t aː t s
Südtiroler	z yː t t i ʁ oː l ɐ
Südtirolerinnen	z yː t t i ʁ oː l ə ʁ ɪ n ə n
Sülze	z ʏ l t s ə
Sümmchens	z ʏ m ç ə n s
Sündenfalles	z ʏ n d n̩ f a l ə s
Sündenfalls	z ʏ n d n̩ f a l s
Sündenfälle	z ʏ n d n̩ f ɛ l ə
Sündenpfuhl	z ʏ n d n̩ p͡f uː l
Süßholzraspeln	z yː s h ɔ l t͡s ʁ a s p l̩ n
Süßholzraspler	z yː s h ɔ l t͡s ʁ a s p l̩ ɐ
Tabake	tʰ a b a kʰ ə
Tabake	tʰ aː b a kʰ ə
Tabaken	tʰ a b a k ŋ̍
Tabaken	tʰ a b a kʰ ə n
Tabaken	tʰ aː b a k ŋ̍
Tabaken	tʰ aː b a kʰ ə n
Tabaks	tʰ a b a k s
Tabaks	tʰ aː b a k s
Tabernakel	t a b ɐ n aː k l̩
Tableau	t a b l oː
Tabubruch	t a b uː b ʁ ʊ x
Tabuisieren	t a b u i z iː ʁ ə n
Tabuthema	t a b uː t eː m a
Tacho	tʰ a x o
Tachometer	tʰ a x o m eː tʰ ɐ
Tachometers	tʰ a x o m eː tʰ ɐ s
Tachos	tʰ a x o s
Tachyon	t a x y ɔ n
Tacke	d̥ ɑ ɡ̥ː ɛ
Tacken	tʰ a kʰ n
Tacken	tʰ a kʰ ə n
Tacken	tʰ a ʔ ŋ
Tadeln	t aː d l̩ n
Taekwondo	t ɛ k v ɔ n d o
Taekwondo	t ɛ k v ɔ n d oː
Tafeln	t aː f l̩ n
Tafelwein	t aː f l̩ v a ɪ̯ n
Tag	d̥ ɑː ɡ̊
Tag	tʰ aː kʰ
Tagebuch	t aː ɡ ə b uː χ
Tagen	t aː ɡ ŋ̩
Tagesbeginn	t aː ɡ ə s b ə ɡ ɪ n
Tagesende	t aː ɡ ə s ɛ n d ə
Tageshandel	t aː ɡ ə s h a n d l̩
Tagesmutter	t aː ɡ ə s m ʊ t ɐ
Tagesreise	t aː ɡ ə s ʁ a ɪ̯ z ə
Tagestourist	t aː ɡ ə s t u ʁ ɪ s t
Tagestouristin	t aː ɡ ə s t u ʁ ɪ s t ɪ n
Taggen	t ɛ ɡ n̩
Tahiti	t a h iː t i
Taikonaut	t a ɪ̯ k o n a ʊ̯ t
Taiwaner	t a ɪ̯ v aː n ɐ
Taktgefühl	t a k t ɡ ə f yː l
Taktieren	t a k t iː ʁ ə n
Tal	tʰ äː l
Tale	tʰ aː l ə
Tales	tʰ aː l ə s
Talmi	tʰ ä l m i
Talmiplatt	tʰ ä l m i p l a t
Tals	tʰ aː l s
Tangieren	t a ŋ ɡ iː ʁ ə n
Tango	t a ŋ ɡ o
Tanken	t a ŋ k n̩
Tanken	t a ŋ k ŋ̩
Tanken	t a ŋ k ə n
Tankstelle	t a ŋ k ʃ t ɛ l ə
Tankwart	t a ŋ k v a ʁ t
Tankwartes	t a ŋ k v a ʁ t ə s
Tannenbaum	t a n n̩ b a ʊ̯ m
Tannhausen	t a n h a ʊ̯ z n̩
Tannhausener	t a n h a ʊ̯ z n̩ ɐ
Tannhausenerin	t a n h a ʊ̯ z n̩ ə ʁ ɪ n
Tannhausenerinnen	t a n h a ʊ̯ z n̩ ə ʁ ɪ n ə n
Tannhauseners	t a n h a ʊ̯ z n̩ ɐ s
Tannhausens	t a n h a ʊ̯ z n̩ s
Tansania	tʰ a n z a n iː a
Tanz	t a n s
Tanz	t a n t͡s
Tanzball	tʰ a n t͡s b a l
Tanzes	tʰ a n t͡s ə s
Tanzmusiker	t a n t͡s m uː z ɪ k ɐ
Tanzsaal	t a n t͡s z aː l
Tanzverbot	t a n t͡s f ɐ b oː t
Taoismus	t a o ɪ s m ʊ s
Tapir	t aː p i ɐ̯
Tappert	t a p ɐ t
Tapsen	t a p s n̩
Taragewichten	t aː ʁ aː ɡ ə v ɪ ç t n̩
Tarantel	t a ʁ a n t l̩
Tarbusch	t a ʁ b uː ʃ
Tarnen	t a ʁ n ə n
Tarte	t a ʁ t
Tarte	t a ʁ t ə
Tasche	t ä ʃ ə
Taschendiebin	t a ʃ n̩ d iː b ɪ n
Taschenlampen	tʰ a ʃ n̩ l a m p m̩
Tastaturbelegung	tʰ a s tʰ a tʰ uː ɐ̯ b ə l eː ɡ ʊ ŋ
Tastenanschlag	t a s t n̩ ʔ a n ʃ l aː k
Tastenanschlages	t a s t n̩ ʔ a n ʃ l aː ɡ ə s
Tastenanschlags	t a s t n̩ ʔ a n ʃ l aː k s
Tastenanschläge	t a s t n̩ ʔ a n ʃ l ɛː ɡ ə
Tastenbelegung	tʰ a s t n̩ b ə l eː ɡ ʊ ŋ
Tatendrang	t aː t n̩ d ʁ a ŋ
Tatenlosigkeit	t aː t n̩ l oː z ɪ ç k a ɪ̯ t
Tatjana	t a t j aː n a
Tatsachenverdreherin	t aː t z a x n̩ f ɛ ɐ̯ d ʁ eː ɛ ʁ ɪ n
Tatsachenverdreherinnen	t aː t z a x n̩ f ɛ ɐ̯ d ʁ eː ɛ ʀ ɪ n ə n
Tattergreis	t a t ɐ ɡ ʁ a ɪ̯ s
Tattergreisin	t a t ɐ ɡ ʁ a ɪ̯ z ɪ n
Tatterich	t a t ə ʁ ɪ ç
Tattern	t a t ɐ n
Tatverdacht	t aː t f ɛ ɐ̯ d a χ t
Tau	tʰ a ʊ̯
Taube	tʰ a ʊ̯ b ə
Tauben	tʰ a ʊ̯ b ə n
Taubenhäuser	t a ʊ̯ b ə n h ɔ ʏ̯ z ɐ
Taubenhäusern	t a ʊ̯ b ə n h ɔ ʏ̯ z ɐ n
Taubennest	t a ʊ̯ b n̩ n ɛ s t
Tauber	tʰ a ʊ̯ b ɐ
Tauberbischofsheimer	t a ʊ̯ b ɐ b ɪ ʃ ɔ f s h a ɪ̯ m ɐ
Tauberbischofsheimerin	t a ʊ̯ b ɐ b ɪ ʃ ɔ f s h a ɪ̯ m ə ʁ ɪ n
Tauberbischofsheimerinnen	t a ʊ̯ b ɐ b ɪ ʃ ɔ f s h a ɪ̯ m ə ʁ ɪ n ə n
Tauberbischofsheimers	t a ʊ̯ b ɐ b ɪ ʃ ɔ f s h a ɪ̯ m ɐ s
Taucherglocke	t a ʊ̯ χ ɐ ɡ l ɔ k ə
Taucherkrankheit	t a ʊ̯ χ ɐ k ʁ a ŋ k h a ɪ̯ t
Tauen	t a ʊ̯ n̩
Taufen	t a ʊ̯ f n̩
Taufen	t a ʊ̯ f ɱ̩
Taugen	t a ʊ̯ ɡ n̩
Tauschen	tʰ a ʊ̯ ʃ n̩
Tausend	t a ʊ̯ z n̩ t
Tausenden	t a ʊ̯ z n̩ d n
Tausenden	t a ʊ̯ z n̩ d ə n
Tausendgüldenkraut	t a ʊ̯ z n̩ t ɡ ʏ l d n̩ k ʀ a ʊ̯ t
Tausendmarkschein	t a ʊ̯ z n̩ t m a ʁ k ʃ a ɪ̯ n
Tausendstel	t a ʊ̯ z n̩ t͡s t l̩
Tauwerk	t a ʊ̯ v ɛ ʁ k
Tauwetter	t a ʊ̯ v ɛ t ɐ
Taxieren	t a k s iː ʁ ə n
Taxifahrer	tʰ a k s i f aː ʁ ɐ
Technologie	tʰ ɛ ç n o l o ɡ iː
Techtelmechtel	t ɛ ç t ə l m ɛ ç t ə l
Teebeutel	t eː b ɔ ø̯ t l̩
Teeblatt	t eː b l a t
Tees	tʰ eː s
Tees	tʰ iː s
Teestube	t eː ʃ t uː b ə
Teewärmer	t eː v ɛ ʁ m ɐ
Teheran	t eː h e ʁ aː n
Teheran	t eː ə ʁ aː n
Teige	t a ɪ̯ ɡ ə
Teighülle	t a ɪ k h ʏ l ə
Teighüllen	t a ɪ k h ʏ l ə n
Teil	d̥ ɛ ɪ̯ l
Teil	tʰ a e̯ l
Teil	tʰ a ɪ̯ l
Teilchen	t a ɪ̯ l ç ə n
Teilchenphysik	t a ɪ̯ l ç ə n f y z iː k
Teilchens	t a ɪ̯ l ç ə n s
Teilgebiet	t a ɪ̯ l ɡ ə b iː t
Teilhaben	t a ɪ̯ l h aː b n̩
Teilmantelgeschoss	t a ɪ̯ l m a n t l̩ ɡ ə ʃ ɔ s
Teilmantelgeschosse	t a ɪ̯ l m a n t l̩ ɡ ə ʃ ɔ s ə
Teilmantelgeschosses	t a ɪ̯ l m a n t l̩ ɡ ə ʃ ɔ s ə s
Teilnehmen	t a ɪ̯ l n eː m ə n
Teilnehmer	tʰ a ɪ̯ l n eː m ɐ
Teilnehmerin	t a ɪ̯ l n eː m ə ʁ ɪ n
Teilnehmerinnen	t a ɪ̯ l n eː m ə ʁ ɪ n ə n
Teilnehmern	t a ɪ̯ l n eː m ɐ n
Teilstreitkraft	t a ɪ̯ l ʃ t ʁ a ɪ̯ t k ʁ a f t
Tektonik	t ɛ k t oː n ɪ k
Telefonanruf	t e l ə f oː n ʔ a n ʁ uː f
Telefonhörer	t e l ə f oː n h øː ʁ ɐ
Telefonieren	tʰ e l e f o n iː ɐ̯ n
Telefonleitung	t eː l ə f oː n l a ɪ̯ t ʊ ŋ
Telefonverbindung	t eː l ə f oː n f ɛ ɐ̯ b ɪ n d ʊ ŋ
Telefonverschlüsselung	t e l e f oː n ɛ ɐ̯ ʃ l ʏ s ə l ʊ ŋ
Telefonzelle	t e l e f oː n t s ɛ l ə
Telefonzelle	t eː l ə f oː n t s ɛ l ə
Telefonüberwachung	t e l e f oː n ʔ yː b ɐ v a x ʊ ŋ
Telemedizin	t eː l ə m e d i t͡s iː n
Telepathie	t e l e p a t iː
Telephonieren	tʰ e l e f o n iː ɐ̯ n
Tellerwäscher	t ɛ l ɐ v ɛ ʃ ɐ
Tempo	tʰ ɛ m pʰ o
Tempus	t ɛ m p ʊ s
Tendenz	tʰ ɛ n d ɛ n s
Tendieren	t ɛ n d iː ʁ ə n
Teninger	t eː n ɪ ŋ ɐ
Teningerin	t eː n ɪ ŋ ə ʁ ɪ n
Teningerinnen	t eː n ɪ ŋ ə ʁ ɪ n ə n
Teningers	t eː n ɪ ŋ ɐ s
Tennisplatz	t ɛ n ɪ s p l a t s
Tennisspieler	t ɛ n ɪ s ʃ p iː l ɐ
Tenor	t e n oː ɐ̯
Tenor	t eː n oː ɐ̯
Tenorposaune	t e n oː r p o z a ʊ̯ n ə
Tenorschlüssel	t e n oː ɐ̯ ʃ l ʏ s l̩
Tenuis	t eː n u ɪ s
Teppichknüpfen	t ɛ p ɪ ç k n ʏ p f n̩
Teresa	t e ʁ eː z a
Terminal	t œː ɐ̯ m i n l̩
Termineinlage	t ɛ ʁ m iː n a ɪ̯ n l aː ɡ ə
Termingeld	t ɛ ʁ m iː n ɡ ɛ l t
Termingeschäft	t ɛ ʁ m iː n ɡ ə ʃ ɛ f t
Termingeschäfte	t ɛ ʁ m iː n ɡ ə ʃ ɛ f t ə
Termingeschäftes	t ɛ ʁ m iː n ɡ ə ʃ ɛ f t ə s
Termingeschäfts	t ɛ ʁ m iː n ɡ ə ʃ ɛ f t s
Terminkalender	t ɛ ʁ m iː n k a l ɛ n d ɐ
Terminmarkt	t ɛ ʁ m iː n m a ʁ k t
Terpen	t ɛ ʁ p eː n
Terpene	t ɛ ʁ p eː n ə
Terpens	t ɛ ʁ p eː n s
Terpentin	t ɛ ʁ p ɛ n t iː n
Terrorangriff	t ɛ ʁ oː ɐ̯ a n ɡ ʁ ɪ f
Terrorgruppe	t ɛ ʁ oː ɐ̯ ɡ ʁ ʊ p ə
Terrorherrschaft	t ɛ ʁ oː ɐ̯ h ɛ ʁ ʃ a f t
Terrorisieren	t ɛ ʁ o ʁ i z iː ʁ ə n
Terroristenzelle	t ɛ ʁ o ʁ ɪ s t n̩ t s ɛ l ə
Terroristin	t ɛ ʁ o ʁ ɪ s t ɪ n
Terrorstaat	t ɛ ʁ oː ɐ̯ ʃ t aː t
Terrorzelle	t ɛ ʁ oː ɐ̯ t s ɛ l ə
Tertiärisierung	t ɛ ʁ t͡s i̯ ɛ ʁ iː z ʊ ŋ
Tertiärsektor	t ɛ ʁ t͡s i̯ ɛː ɐ̯ z ɛ k t oː ɐ̯
Tessiner	t ɛ s iː n ɐ
Tessinerin	t ɛ s iː n ə ʁ ɪ n
Test	t ɛ s t
Testen	t ɛ s t n̩
Testieren	t ɛ s t iː ʁ ə n
Tests	tʰ ɛ s t s
Tetanusimpfung	t eː t a n ʊ s ʔ ɪ m p͡f ʊ ŋ
Tetanusimpfung	t ɛ t a n ʊ s ʔ ɪ m p͡f ʊ ŋ
Tetraederstumpf	t e t ʁ a ʔ eː d ɐ ʃ t ʊ m f
Tetraederstumpf	t e t ʁ a ʔ eː d ɐ ʃ t ʊ m p f
Tetroxid	t e t ʁ ɔ k s iː t
Tetroxyd	t e t ʁ ɔ k s iː t
Tetroxyd	t e t ʁ ɔ k s yː t
Teubner	t ɔ ɪ̯ b n ɐ
Teuerungszulage	t ɔ ɪ̯ ə ʁ ʊ ŋ s t͡s uː l aː ɡ ə
Teuto	tʰ ɔ ʏ̯ t o
Texterkennung	t ɛ k s t ɛ ɐ̯ k ɛ n ʊ ŋ
Textnachricht	t ɛ k s t n aː x ʁ ɪ ç t
Thannhausen	t a n h a ʊ̯ z n̩
Thannhausener	t a n h a ʊ̯ z n̩ ɐ
Thannhausenerin	t a n h a ʊ̯ z n̩ ə ʁ ɪ n
Thannhausenerinnen	t a n h a ʊ̯ z n̩ ə ʁ ɪ n ə n
Thannhauseners	t a n h a ʊ̯ z n̩ ɐ s
Thannhausens	t a n h a ʊ̯ z n̩ s
Theateradaption	t e ʔ aː t ɐ ʔ a d a p t͡s i̯ oː n
Theatergebäude	t e ʔ aː t ɐ ɡ ə b ɔ ɪ̯ d ə
Theatervorstellung	t e aː t ɐ f oː ɐ̯ ʃ t ɛ l ʊ ŋ
Theben	t eː b m̩
Theilhaben	t a ɪ̯ l h aː b n̩
Theilnehmen	t a ɪ̯ l n eː m ə n
Theilnehmer	tʰ a ɪ̯ l n eː m ɐ
Thematisieren	t e m a t i z iː ʁ ə n
Theologie	t e o l o ɡ iː
Theologien	t e o l o ɡ iː ə n
Therapeutinnen	t e ʁ a p ɔ ɪ̯ t ɪ n ə n
Thermoskanne	t ɛ ʁ m ɔ s k a n ə
Thesaurierung	t e z a ʊ̯ ʁ iː ʁ ʊ ŋ
Thor	t oː ɐ̯
Thor	t ɔ ɐ̯
Thrombopenie	t ʁ ɔ m b o p e n iː
Thrombozyt	t ʁ ɔ m b o t͡s yː t
Thrombozytopenie	t ʁ ɔ m b o t͡s y t o p e n iː
Thron	t ʁ oː n
Thurgau	t uː ɐ̯ ɡ a ʊ̯
Thurgauer	t uː ɐ̯ ɡ a ʊ̯ ɐ
Thurgauerin	t uː ɐ̯ ɡ a ʊ̯ ə ʁ ɪ n
Thurgauerinnen	t uː ɐ̯ ɡ a ʊ̯ ə ʁ ɪ n ə n
Thurgauers	t uː ɐ̯ ɡ a ʊ̯ ɐ s
Thurgaues	t uː ɐ̯ ɡ a ʊ̯ ə s
Thurgaus	t uː ɐ̯ ɡ a ʊ̯ s
Thymian	t yː m i aː n
Thymian	t yː m j aː n
Thüringens	t yː ʁ ɪ ŋ ə n s
Thüringer	tʰ yː ʁ ɪ ŋ ɐ
Thüringerin	tʰ yː ʁ ɪ ŋ ɐ ʁ ɪ n
Ticken	t ɪ k ŋ̩
Ticken	t ɪ k ə n
Tiefdruck	t iː f d ʁ ʊ k
Tiefebene	t iː f ʔ eː b ə n ə
Tieffluggebiet	t iː f f l uː k ɡ ə b iː t
Tieffluggebiete	t iː f f l uː k ɡ ə b iː t ə
Tieffluggebietes	t iː f f l uː k ɡ ə b iː t ə s
Tieffluggebiets	t iː f f l uː k ɡ ə b iː t s
Tiefgang	t iː f ɡ a ŋ
Tiefganges	t iː f ɡ a ŋ ə s
Tiefgangs	t iː f ɡ a ŋ s
Tiefgänge	t iː f ɡ ɛ ŋ ə
Tiefkühlen	t iː f k yː l ə n
Tiefkühlpizza	t iː f k yː l p ɪ t͡s a
Tiefseefischerei	t iː f z eː f ɪ ʃ ə ʁ a ɪ̯
Tiefseesaibling	t iː f z eː z a ɪ̯ b l ɪ ŋ
Tiefseesaibling	t iː f z eː z a ɪ̯ p l ɪ ŋ
Tier	tʰ iː ɐ̯
Tiere	t iː ʁ ə
Tieren	t iː ɐ̯ n
Tieren	t iː ʁ ə n
Tierfett	t iː ɐ f ɛ t
Tierfette	t iː ɐ f ɛ t ə
Tierfettes	t iː ɐ f ɛ t ə s
Tierfetts	t iː ɐ f ɛ t s
Tiergattung	t iː ɐ̯ ɡ a t ʊ ŋ
Tiergattungen	t iː ɐ̯ ɡ a t ʊ ŋ ə n
Tierhaut	t iː ɐ̯ h a ʊ̯ t
Tierkunde	t iː ɐ̯ k ʊ n d ə
Tierkundler	t iː ɐ̯ k ʊ n d l ɐ
Tierkundlerin	t iː ɐ̯ k ʊ n d l ə ʁ ɪ n
Tierkundlerinnen	t iː ɐ̯ k ʊ n d l ə ʁ ɪ n ə n
Tierkundlers	t iː ɐ̯ k ʊ n d l ɐ s
Tierquälerei	t iː ɐ̯ k v ɛː l ə ʁ a ɪ̯
Tierquälereien	t iː ɐ̯ k v ɛ l ə ʁ a ɪ̯ ə n
Tierschutz	t iː ɐ̯ ʃ ʊ t s
Tierspezies	t iː ɐ̯ ʃ p eː t͡s i̯ ɛ s
Tigerauge	t iː ɡ ɐ ʔ a ʊ̯ ɡ ə
Tikitaka	t i k i t a k a
Tilgen	t ɪ l ɡ n̩
Tilgung	t ɪ l ɡ ʊ ŋ
Tilgungen	t ɪ l ɡ ʊ ŋ ə n
Tim	t ɪ m
Timbre	t ɛ m b ɐ
Timbre	t ɛ m b ʁ ə
Timbre	t ɛ̃ː b ɐ
Timbre	t ɛ̃ː b ʁ ə
Timen	t a ɪ̯ m ə n
Timeout	t a ɪ̯ m a ʊ̯ t
Timeouts	t ɑ e m a ʊ t s
Timing	t a ɪ̯ m ɪ ŋ
Timings	t a ɪ̯ m ɪ ŋ s
Tintenfässchen	t ɪ n t n̩ f ɛ s ç n̩
Tintenstrahl	t ɪ n t n̩ ʃ t ʁ aː l
Tintenstrahlen	t ɪ n t n̩ ʃ t ʁ aː l ə n
Tintenstrahles	t ɪ n t n̩ ʃ t ʁ aː l ə s
Tintenstrahls	t ɪ n t n̩ ʃ t ʁ aː l s
Tipp	t ɪ p
Tipps	t ɪ p s
Tiroler	t i ʁ oː l ɐ
Tirschenreuther	t ɪ ʁ ʃ n̩ ʁ ɔ ɪ̯ t ɐ
Tirschenreutherin	t ɪ ʁ ʃ n̩ ʁ ɔ ɪ̯ t ə ʁ ɪ n
Tirschenreutherinnen	t ɪ ʁ ʃ n̩ ʁ ɔ ɪ̯ t ə ʁ ɪ n ə n
Tirschenreuthers	t ɪ ʁ ʃ n̩ ʁ ɔ ɪ̯ t ɐ s
Tirschenreuths	t ɪ ʁ ʃ n̩ ʁ ɔ ɪ̯ t s
Tischchen	t ɪ ʃ ç ə n
Tischecke	t ɪ ʃ ʔ ɛ k ə
Tischecken	t ɪ ʃ ʔ ɛ k ŋ̩
Tischlein	t ɪ ʃ l a ɪ̯ n
Tischler	t ɪ ʃ l ɐ
Tischlermeister	t ɪ ʃ l ɐ m a ɪ̯ s t ɐ
Tischlermeisters	t ɪ ʃ l ɐ m a ɪ̯ s t ɐ s
Tischläufer	t ɪ ʃ l ɔ ɪ̯ f ɐ
Tischplatte	t ɪ ʃ p l a t ə
Tischtennisspieler	t ɪ ʃ t ɛ n ɪ s ʃ p iː l ɐ
Titrieren	t i t ʁ iː ʁ ə n
Toasten	t oː s t n̩
Toasten	t ɔ ʊ̯ s t n̩
Tobake	tʰ oː b a kʰ ə
Tobaks	tʰ oː b a k s
Tochter	t ɔ x t ɐ
Tochter	t ɔ χ t ɐ
Tochtergesellschaft	t ɔ x t ɐ ɡ ə z ɛ l ʃ a f t
Tochtersprache	t ɔ x t ɐ ʃ p ʁ aː x ə
Tocktail	tʰ ɔ k t ɛ ɪ̯ l
Todesdatum	t oː d ə s d aː t ʊ m
Todesgefahr	t oː d ə s ɡ ə f aː ɐ̯
Todesgefahren	t oː d ə s ɡ ə f aː ʁ ə n
Todeskampf	t oː d ə s k a m p f
Toilette	t o a l ɛ t ə
Toilette	t ɔ l ɛ t ə
Tokio	t oː k i o
Tokyo	t oː k i o
Tolle	tʰ ɔ l ə
Tollen	t ɔ l ə n
Tomatenextrakt	t o m aː t n̩ ɛ k s t ʁ a k t
Tomatenmark	t o m aː t n̩ m a ʁ k
Tomatenscheibe	t o m aː t n̩ ʃ a ɪ̯ b ə
Tombolen	t ɔ m b o l ə n
Tombolen	t ɔ m b o l̩ n
Tonalität	t o n a l i t ɛː t
Tonart	t oː n ʔ aː ɐ̯ t
Tonaufzeichnung	t oː n ʔ a ʊ̯ f t s a ɪ̯ ç n ʊ ŋ
Tonaufzeichnungsgerät	t oː n ʔ a ʊ̯ f t s a ɪ̯ ç n ʊ ŋ s ɡ ə ʁ ɛː t
Tonaufzeichnungsgeräte	t oː n ʔ a ʊ̯ f t s a ɪ̯ ç n ʊ ŋ s ɡ ə ʁ ɛː t ə
Tonaufzeichnungsgerätes	t oː n ʔ a ʊ̯ f t s a ɪ̯ ç n ʊ ŋ s ɡ ə ʁ ɛː t ə s
Tonaufzeichnungsgeräts	t oː n ʔ a ʊ̯ f t s a ɪ̯ ç n ʊ ŋ s ɡ ə ʁ ɛː t s
Tonbandgerät	t oː n b a n t ɡ ə ʁ ɛː t
Tonbereich	t oː n b ə ʁ a ɪ̯ ç
Tonerde	tʰ oː n ʔ eː ɐ̯ d ə
Tongerer	t ɔ ŋ ə ʁ ɐ
Tongerers	t ɔ ŋ ə ʁ ɐ s
Tonhöhe	t oː n h øː ə
Tonicwasser	t ɔ n ɪ k v a s ɐ
Tontechniker	t oː n t ɛ ç n ɪ k ɐ
Tooltip	t uː l t ɪ p
Tooltips	t uː l t ɪ p s
Topf	t ɔ p͡f
Topf	t ɔ p͡ɸ
Toppen	t ɔ p n̩
Torbogen	t oː ɐ̯ b oː ɡ n̩
Torero	t o ʁ eː ʁ o
Torfmoor	t ɔ ʁ f m oː ɐ̯
Torhüter	t oː ɐ̯ h yː t ɐ
Torkeln	t ɔ ʁ k l̩ n
Torlauf	t oː ɐ̯ l a ʊ̯ f
Torlaufs	t oː ɐ̯ l a ʊ̯ f s
Tornado	t ɔ ʁ n aː d o
Tornister	t ɔ ʁ n ɪ s t ɐ
Torpedieren	tʰ ɔ ʁ p e d iː ɐ̯ n
Torpedo	tʰ ɔ ʁ pʰ eː d o
Torschussvorlage	t oː ɐ̯ ʃ ʊ s f oː ɐ̯ l aː ɡ ə
Torte	t ɔ ɐ̯ t ə
Torte	t ɔ ɐ̯ t ɛ
Torte	t ɔ ʁ t ə
Torte	t ɔ ʁ t ɛ
Torte	t ɔː t ə
Torvorlage	t oː ɐ̯ f oː ɐ̯ l aː ɡ ə
Torwart	t oː ɐ̯ v a ʁ t
Toskaner	t ɔ s k aː n ɐ
Toskanerin	t ɔ s k aː n ə ʁ ɪ n
Toskanerinnen	t ɔ s k aː n ə ʁ ɪ n ə n
Totalitarismus	t o t a l i t a ʁ ɪ s m ʊ s
Toten	t oː t n̩
Toten	t oː t ə n
Totenklage	t oː t n̩ k l aː ɡ ə
Totenlade	t oː t n̩ l aː d ə
Totenmesse	tʰ oː t n̩ m ɛ s ə
Totgeburt	t oː t ɡ ə b uː ɐ̯ t
Totlachen	t oː t l a x n̩
Totlaufen	t oː t l a ʊ̯ f n̩
Totmachen	t oː t m a x n̩
Totprügeln	t oː t p ʁ yː ɡ l̩ n
Totquetschen	t oː t k v ɛ t ʃ n̩
Totreden	t oː t ʁ eː d n̩
Totsagen	t oː t z a ɡ n̩
Totsaufen	t oː t z a ʊ̯ f n̩
Totschiesser	t oː t ʃ iː s ɐ
Totschießen	t oː t ʃ iː s n̩
Totschießer	t oː t ʃ iː s ɐ
Totschlagargument	t oː t ʃ l aː k ʔ a ʁ ɡ u m ɛ n t
Totschlagen	t oː t ʃ l aː ɡ n̩
Totstechen	t oː t ʃ t ɛ ç n̩
Tottenham	t ɔ t n̩ h ɛ m
Tottenham	t ɔ t n̩ ə m
Tottrinken	t oː t t ʁ ɪ ŋ k n̩
Touchieren	t ʊ ʃ iː ʁ ə n
Tour	t u ɐ̯
Tour	t uː ɐ̯
Touri	tʰ uː ʁ i
Tourismusbilanz	t u ʁ ɪ s m ʊ s b iː l a n t͡s
Toxizität	tʰ ɔ k s i t͡s i tʰ ɛː tʰ
Traben	tʰ ʁ aː b m̩
Tracht	t ʁ a χ t
Trachten	tʰ ʁ a χ t n̩
Trachtenkleid	t ʁ a x t n̩ k l a ɪ̯ t
Trachtenverein	t ʁ a x t n̩ f ɛ ɐ̯ ʔ a ɪ̯ n
Tragetasche	t ʁ aː ɡ ə t a ʃ ə
Tragflächenprofil	t ʁ aː k f l ɛ ç ə n p ʁ o f iː l
Trainieren	t ʁ ɛ n iː ɐ̯ n
Trainingsanzug	t ʁ eː n ɪ ŋ s ʔ a n t͡s uː k
Trainingsanzug	t ʁ ɛ ɪ̯ n ɪ ŋ s ʔ a n t͡s uː k
Trainingsanzug	t ʁ ɛː n ɪ ŋ s ʔ a n t͡s uː k
Traktieren	t ʁ a k t iː ʁ ə n
Traktor	t ʁ a k t oː ɐ̯
Trampeln	t ʁ a m p l̩ n
Trampeln	t ʁ a m p ə l n
Trampen	t ʁ a m p m̩
Trampen	t ʁ a m p ə n
Trampolinturnen	t ʁ a m p o l iː n t ʊ ʁ n ə n
Trampolinturner	t ʁ a m p o l iː n t ʊ ʁ n ɐ
Tran	t ʁ aː n
Tranchieren	t ʁ ɔ ŋ ʃ iː ɐ̯ n
Trankopfer	t ʁ a ŋ k ʔ ɔ p͡f ɐ
Transchieren	t ʁ ɔ ŋ ʃ iː ɐ̯ n
Transfer	t ʁ a n t͡s f eː ɐ̯
Transferfenster	t ʁ a n t͡s f eː ɐ̯ f ɛ n s t ɐ
Transgenderideologie	t ʁ a n s d͡ʒ ɛ n d ɐ ʔ i d e o l o ɡ iː
Transistor	t ʁ a n z ɪ s t oː ɐ̯
Transistoren	t ʁ a n z ɪ s t oː ʁ ə n
Transistorradio	t ʁ a n z ɪ s t oː ɐ̯ ʁ aː d i̯ o
Transistorradios	t ʁ a n z ɪ s t oː ɐ̯ ʁ aː d i̯ o s
Transistors	t ʁ a n z ɪ s t oː ɐ̯ s
Translator	t ʁ a n s l aː t oː ɐ̯
Transliterieren	t ʁ a n s l ɪ t ə ʁ iː ʁ ə n
Transnistrien	t ʁ a n s n ɪ s t ʁ i ə n
Transparentpapier	t ʁ a n s p a ʁ ɛ n t p a p i ɐ̯
Transparentpapier	t ʁ a n s p a ʁ ɛ n t p a p iː ɐ̯
Transphobie	t ʁ a n s f o b iː
Transponieren	t ʁ a n s p o n iː ʁ ə n
Transponierung	t ʁ a n s p o n iː ʁ ʊ ŋ
Transport	t ʁ a n s p ɔ ʁ t
Transporte	t ʁ a n s p ɔ ʁ t ə
Transporter	t ʁ a n s p ɔ ʁ t ɐ
Transportieren	t ʁ a n s p ɔ ʁ t iː ʁ ə n
Transportiererin	t ʁ a n s p ɔ ʁ t iː ʁ ə ʁ ɪ n
Transportiererinnen	t ʁ a n s p ɔ ʁ t iː ʁ ə ʁ ɪ n ə n
Transportierung	t ʁ a n s p ɔ ʁ t iː ʁ ʊ ŋ
Transsilvaner	t ʁ a n s z ɪ l v aː n ɐ
Transsilvanerin	t ʁ a n s z ɪ l v aː n ə ʁ ɪ n
Transsilvanerinnen	t ʁ a n s z ɪ l v aː n ə ʁ ɪ n ə n
Transsilvaners	t ʁ a n s z ɪ l v aː n ɐ s
Transsilvanien	t ʁ a n s z ɪ l v aː n i̯ ə n
Transsilvaniens	t ʁ a n s z ɪ l v aː n i̯ ə n s
Transsumpt	t ʁ a n s z ʊ m t
Transsumpte	t ʁ a n s z ʊ m t ə
Transsumptes	t ʁ a n s z ʊ m t ə s
Transsumpts	t ʁ a n s z ʊ m t s
Transsylvanien	t ʁ a n s z ɪ l v aː n i̯ ə n
Trapez	t ʁ a p eː t s
Trauben	t ʁ a ʊ̯ b m̩
Trauben	t ʁ a ʊ̯ b n̩
Traubenmost	t ʁ a ʊ̯ b n̩ m ɔ s t
Traubensaftes	t ʁ a ʊ̯ b ə n z a f t ə s
Traubensafts	t ʁ a ʊ̯ b ə n z a f t s
Traubensäfte	t ʁ a ʊ̯ b ə n z ɛ f t ə
Trauerfeier	t ʁ a ʊ̯ ɐ f a ɪ̯ ɐ
Trauerfeiern	t ʁ a ʊ̯ ɐ f a ɪ̯ ɐ n
Trauerflor	t ʁ a ʊ̯ ɐ f l oː ɐ̯
Trauerjahr	t ʁ a ʊ̯ ɐ j aː
Trauerjahr	t ʁ a ʊ̯ ɐ j aː ɐ̯
Trauerspiel	t ʁ a ʊ̯ ɐ ʃ p iː l
Traufstreifen	t ʁ a ʊ̯ f ʃ t ʁ a ɪ̯ f n̩
Traumatisieren	t ʁ a ʊ̯ m a t i z iː ʁ ə n
Traumwandeln	t ʁ a ʊ̯ m v a n d l̩ n
Travestie	t ʁ a v ɛ s t iː
Treber	t r eː b ɐ
Treber	t r eː b ə r
Treber	t ʁ eː b ɐ
Trecker	t ʁ ɛ k ɐ
Trecker	t χ ɛ ɡ æ
Treibhausgas	t ʁ a ɪ̯ p h a ʊ̯ s ɡ aː s
Treibhausgasausstoß	t ʁ a ɪ̯ p h a ʊ̯ s ɡ aː s ʔ a ʊ̯ s ʃ t oː s
Treibhausgasausstoßes	t ʁ a ɪ̯ p h a ʊ̯ s ɡ aː s ʔ a ʊ̯ s ʃ t oː s ə s
Treibhausgasausstöße	t ʁ a ɪ̯ p h a ʊ̯ s ɡ aː s ʔ a ʊ̯ s ʃ t øː s ə
Treideln	t ʁ a ɪ̯ d l̩ n
Trend	t ʁ ɛ n t
Trennlinie	t ʁ ɛ n l iː n i̯ ə
Trennschleifern	t ʁ ɛ n ʃ l a ɪ̯ f ɐ n
Trennschleifers	t ʁ ɛ n ʃ l a ɪ̯ f ɐ s
Trentiner	t ʁ e n t iː n ɐ
Trentinerin	t ʁ e n t iː n ə ʁ ɪ n
Trentinerinnen	t ʁ e n t iː n ə ʁ ɪ n ə n
Trentiners	t ʁ e n t iː n ɐ s
Tresen	t ʁ eː z n̩
Tresor	t ʁ e z oː ɐ̯
Trester	t r ɛ s t ɐ
Trester	t r ɛ s t ə r
Trester	t ʁ ɛ s t ɐ
Treten	t ʁ eː t n̩
Treten	t ʁ eː t ə n
Tretroller	t ʁ eː t ʁ ɔ l ɐ
Treuepflicht	t ʁ ɔ ɪ̯ ə p͡f l ɪ ç t
Treuhandkonto	t ʁ ɔ ɪ̯ h a n t k ɔ n t o
Treuhandschaft	t ʁ ɔ ɪ̯ h a n t ʃ a f t
Treuhandwesen	t ʁ ɔ ɪ̯ h a n t v eː z n̩
Treuhänder	t ʁ ɔ ɪ̯ h ɛ n d ɐ
Triangulieren	t ʁ i a ŋ ɡ u l iː ʁ ə n
Trichterbecher	t ʁ ɪ ç t ɐ b ɛ ç ɐ
Trichterbechers	t ʁ ɪ ç t ɐ b ɛ ç ɐ s
Trickdieb	t ʁ ɪ k d iː p
Trickdiebin	t ʁ ɪ k d iː b ɪ n
Trickdiebinnen	t ʁ ɪ k d iː b ɪ n ə n
Trickfilm	t ʁ ɪ k f ɪ l m
Trickfilme	t ʁ ɪ k f ɪ l m ə
Trickfilmes	t ʁ ɪ k f ɪ l m ə s
Trickfilms	t ʁ ɪ k f ɪ l m s
Trickfilmzeichner	t ʁ ɪ k f ɪ l m t͡s a ɪ̯ ç n ɐ
Trickfilmzeichnerin	t ʁ ɪ k f ɪ l m t͡s a ɪ̯ ç n ə ʁ ɪ n
Trickfilmzeichners	t ʁ ɪ k f ɪ l m t͡s a ɪ̯ ç n ɐ s
Tricksen	t ʁ ɪ k s n̩
Triefen	t ʁ iː f n̩
Triesenberg	t ʁ iː z n̩ b ɛ ʁ k
Triesenberger	t ʁ iː z n̩ b ɛ ʁ ɡ ɐ
Triesenbergerin	t ʁ iː z n̩ b ɛ ʁ ɡ ə ʁ ɪ n
Triesenbergerinnen	t ʁ iː z n̩ b ɛ ʁ ɡ ə ʁ ɪ n ə n
Triesenbergers	t ʁ iː z n̩ b ɛ ʁ ɡ ɐ s
Triesenbergs	t ʁ iː z n̩ b ɛ ʁ k s
Triest	t ʁ i j ɛ s t
Triest	t ʁ i ɛ s t
Triglyphe	t ʁ i ɡ l yː f ə
Trinkgeld	t ʁ ɪ ŋ k ɡ̊ ɛ l t
Trinkgeld	t ʁ ɪ ŋ ɡ̊ ɛ l t
Trinkhalm	t ʁ ɪ ŋ k h a l m
Trinkhalme	t ʁ ɪ ŋ k h a l m ə
Trinkhalmes	t ʁ ɪ ŋ k h a l m ə s
Trinkhalms	t ʁ ɪ ŋ k h a l m s
Trioxid	t ʁ iː ɔ k s iː t
Trioxyd	t ʁ iː ɔ k s iː t
Trioxyd	t ʁ iː ɔ k s yː t
Trippeln	t ʁ ɪ p l̩ n
Trittbrettfahrerei	t ʁ ɪ t b ʁ ɛ t f aː ʁ ə r a ɪ̯
Trittleiter	t ʁ ɪ t l a ɪ̯ t ɐ
Triumph	t ʁ i ʊ m p f
Triumphbogen	t ʁ i ʊ m f b oː ɡ ŋ̩
Trockenbeerenauslese	t ʁ ɔ k n̩ b eː ʁ ə n ʔ a ʊ̯ s l eː z ə
Trockenblume	t ʁ ɔ k n̩ b l uː m ə
Trockenblume	t ʁ ɔ k ŋ̍ b l uː m ə
Trockenblumen	t ʁ ɔ k n̩ b l uː m ə n
Trockenblumen	t ʁ ɔ k ŋ̍ b l uː m ə n
Trockenblumenstrauß	t ʁ ɔ k n̩ b l uː m ə n ʃ t ʁ a ʊ̯ s
Trockenblümchen	t ʁ ɔ k n̩ b l yː m ç ə n
Trockenblümchens	t ʁ ɔ k n̩ b l yː m ç ə n s
Trockendock	t ʁ ɔ k ŋ̩ d ɔ k
Trockendock	t ʁ ɔ k ə n d ɔ k
Trockeneis	t ʁ ɔ k n̩ ʔ a ɪ̯ s
Trockenobst	t ʁ ɔ k n̩ ʔ oː p s t
Trockenschrank	t ʁ ɔ k n̩ ʃ ʁ a ŋ k
Trockner	t ʁ ɔ k n ɐ
Troll	t ʁ ɔ l
Trommelfeuer	t ʁ ɔ m l̩ f ɔ ɪ̯ ɐ
Trommeln	t ʁ ɔ m l̩ n
Trommelwirbel	t ʁ ɔ m l̩ v ɪ ʁ b l̩
Tropen	t ʁ oː p m̩
Tropenfrucht	t ʁ oː p m̩ f ʁ ʊ x t
Tropfen	t ʁ ɔ p f ə n
Tropfen	t ʁ ɔ p f ɱ̩
Tropfen	t ʁ ɔ p ɸ n̩
Tropfstein	t ʁ ɔ p f ʃ t a ɪ̯ n
Tropfsteinhöhle	t ʁ ɔ p f ʃ t a ɪ̯ n h øː l ə
Troposphäre	t ʁ̥ o p o s f ɛː ʁ ə
Trossinger	t ʁ ɔ s ɪ ŋ ɐ
Trossingerin	t ʁ ɔ s ɪ ŋ ə ʁ ɪ n
Trossingerinnen	t ʁ ɔ s ɪ ŋ ə ʁ ɪ n ə n
Trossingers	t ʁ ɔ s ɪ ŋ ɐ s
Trostpreis	t ʁ oː s t p ʁ a ɪ̯ s
Trottel	t ʁ ɔ t l̩
Trottoir	t ʁ ɔ t o̯ aː
Trottoir	t ʁ ɔ t o̯ aː r
Trottoir	t ʁ ɔ t o̯ aː ɐ̯
Trotts	t ʁ ɔ t s
Trubel	t ʁ uː b l̩
Trugbild	t ʁ uː k b ɪ l t
Trugschluss	t ʁ uː k ʃ l ʊ s
Trulla	t ʁ ʊ l a
Trumpf	t ʁ ʊ m f
Trumpf	t ʁ ʊ m p f
Truppenabzuges	t ʁ ʊ p ə n a p t͡s uː ɡ ə s
Truppenabzugs	t ʁ ʊ p ə n a p t͡s uː k s
Truppenabzüge	t ʁ ʊ p ə n a p t͡s yː ɡ ə
Truppenverbande	t ʁ ʊ p n̩ f ɛ ɐ̯ b a n d ə
Truppenverbänden	t ʁ ʊ p n̩ f ɛ ɐ̯ b ɛ n d n̩
Truthahnbraten	t ʁ uː t h aː n b ʁ aː t n̩
Truthahnbrust	t ʁ uː t h aː n b ʁ ʊ s t
Truthahnbrüste	t ʁ uː t h aː n b ʁ ʏ s t ə
Truthahnflügel	t ʁ uː t h aː n f l yː ɡ l̩
Truthahnflügels	t ʁ uː t h aː n f l yː ɡ l̩ s
Träber	t r eː b ɐ
Träber	t r ɛː b ɐ
Trägerschaft	t ʁ ɛː ɡ ɐ ʃ a f t
Tränengas	t r ɛː n ə n ɡ aː s
Träufeln	t ʁ ɔ ɪ̯ f l̩ n
Tröpfcheninfektion	t ʁ œ p f ç ə n ɪ n f ɛ k t s i̯ oː n
Trösten	t r øː s t n̩
Tröte	t ʁ øː t ə
Tröten	t ʁ øː t n̩
Trüffel	t ʁ ʏ f l̩
Trümmer	t ʁ ʏ m ɐ
Tschechisch	t ʃ ɛ ç ɪ ʃ
Tschuwaschien	t ʃ u v a ʃ i ə n
Tuberkel	t u b ɛ ʁ k l̩
Tuchel	t uː x l̩
Tuchels	t uː x l̩ s
Tuchhändlerin	t uː x h ɛ n d l ə ʁ ɪ n
Tuchhändlerinnen	t uː x h ɛ n d l ə ʁ ɪ n ə n
Tuchmacher	t uː x m a x ɐ
Tuchmacherinnen	t uː x m a x ə ʁ ɪ n ə n
Tuchmachers	t uː x m a x ɐ s
Tuchwarenhändlerin	t uː x v aː ʁ ə n h ɛ n d l ə ʁ ɪ n
Tuchwarenhändlerinnen	t uː x v aː ʁ ə n h ɛ n d l ə ʁ ɪ n ə n
Tugendhaftigkeit	t uː ɡ n̩ t h a f t ɪ ç k a ɪ̯ t
Tulpenstrauß	t ʊ l p m̩ ʃ t r a ʊ̯ s
Tumultuant	t u m ʊ l t u̯ a n t
Tundra	t ʊ n d ʁ a
Tunesien	t u n eː z j ə n
Tungerer	t ʊ ŋ ə ʁ ɐ
Tungerers	t ʊ ŋ ə ʁ ɐ s
Tunichtgut	t uː n i ç t ɡ uː t
Tunken	t ʊ ŋ k n̩
Tunnel	t ʊ n l̩
Tunnel	t ʊ n ə l
Tupfer	t ʊ p͡f ɐ
Tupfer	t ʊ p͡ɸ ɐ
Turban	t ʊ ʁ b aː n
Turkologie	tʰ u ʁ kʰ o l o ɡ iː
Turmfalke	t ʊ ʁ m f a l k ə
Turner	t ʊ ʁ n ɐ
Turnier	t ʊ ʁ n i ɐ̯
Turnier	t ʊ ʁ n iː ɐ̯
Turnierbaum	t ʊ ɐ̯ n iː ɐ̯ b a ʊ̯ m
Tutanchamun	t uː t a n ç a m uː n
Tutanchamun	t uː t ʔ a n ç ʔ a m uː n
Tutenchamun	t uː t ɛ n ç a m uː n
Tutenchamun	t uː t ʔ ɛ n ç ʔ a m uː n
Tuttlinger	t ʊ t l ɪ ŋ ɐ
Tuttlingerin	t ʊ t l ɪ ŋ ə ʁ ɪ n
Tuttlingerinnen	t ʊ t l ɪ ŋ ə ʁ ɪ n ə n
Tuttlingers	t ʊ t l ɪ ŋ ɐ s
Tweet	t ʋ iː t
Twenhöfel	t v ɛ n h øː f l̩
Twenhöfels	t v ɛ n h øː f l̩ s
Twink	t ʋ ɪ ŋ k
Twitter	t ʋ ɪ t ɐ
Typ	t yː p
Tyrann	t y ʁ a n
Tyrannenmord	t y ʁ a n ə n m œ ʁ d
Tyrannenmörder	t y ʁ a n ə n m œ ʁ d ɐ
Täler	tʰ eː l ɐ
Täler	tʰ ɛː l ɐ
Tänze	tʰ ɛ n t͡s ə
Täter	t eː t ɐ
Täter	t ɛː t ɐ
Tätigkeit	tʰ eː tʰ ɪ ç kʰ a ɪ̯ tʰ
Tätigkeit	tʰ ɛː tʰ ɪ ç kʰ a ɪ̯ tʰ
Tätigkeiten	tʰ ɛː tʰ ɪ ç kʰ a ɪ̯ tʰ ə n
Täuber	tʰ ɔ ʏ̯ b ɐ
Täubin	tʰ ɔ ʏ̯ b ɪ n
Täuschen	tʰ ɔ ɪ̯ ʃ n̩
Täuschung	tʰ ɔ ɪ̯ ʃ ʊ ŋ
Tölpel	t œ l p l̩
Tölpel	t œ l p ə l
Tölzer	t œ l t͡s ɐ
Tölzerin	t œ l t͡s ə ʁ ɪ n
Tölzerinnen	t œ l t͡s ə ʁ ɪ n ə n
Tölzers	t œ l t͡s ɐ s
Töten	t øː t n̩
Tübingen	t yː b ɪ ŋ n̩
Tübinger	t yː b ɪ ŋ ɐ
Tübingerin	t yː b ɪ ŋ ə ʁ ɪ n
Tübingerinnen	t yː b ɪ ŋ ə ʁ ɪ n ə n
Tür	tʰ yː ɐ̯
Türblatt	t yː ɐ̯ b l a t
Türen	t yː ɐ n
Türen	t yː ʁ ə n
Türke	t ʏ ɐ̯ k ə
Türke	t ʏ ʁ k ə
Türkei	t ʏ ʁ k a ɪ̯
Türkenkoffer	t ʏ ʁ k ŋ̍ k ɔ f ɐ
Türklingel	t yː ɐ̯ k l ɪ ŋ l̩
Türklingeln	t yː ɐ̯ k l ɪ ŋ l̩ n
Türklinke	t y ɐ̯ k l ɪ ŋ k ə
Türklinke	t yː ɐ̯ k l ɪ ŋ k ə
Türme	t ʏ ʁ m ə
Türzarge	t y ɐ̯ t͡s a ʁ ɡ ə
Türzarge	t yː ɐ̯ t͡s a ʁ ɡ ə
Türöffnung	t yː ɐ̯ ʔ œ f n ʊ ŋ
USA	ʔ uː ɛ s ʔ aː
USA	ʔ uː ʔ ɛ s ʔ aː
Ud	uː t
Uhr	ʔ uː ɐ̯
Uhrenindustrie	uː ʁ ə n ʔ ɪ n d ʊ s t ʁ iː
Uhrenturm	uː ʁ ə n t ʊ ʁ m
Ukraine	u k ʁ a iː n ə
Ukraine	u k ʁ a ɪ̯ n ə
Ukraine	u k ʁ a ʔ iː n ə
Ulab	ʔ uː l a p
Ulknudel	ʊ l k n uː d l̩
Ulknudel	ʊ l k n uː d ə l
Ulmerin	ʊ l m ə ʁ ɪ n
Ulmerinnen	ʊ l m ə ʁ ɪ n ə n
Ultimatum	ʊ l t i m aː t ʊ m
Ultraleichtflugzeug	ʊ l t ʁ a l a ɪ̯ ç t f l uː k t͡s ɔ ɪ̯ k
Ultraschallmikroskopie	ʊ l t ʁ a ʃ a l m i k ʁ o s k o p iː
Ultraviolettlicht	ʊ l t ʁ a v i o l ɛ t l ɪ ç t
Umarbeiten	ʊ m a ʁ b a ɪ̯ t n̩
Umarmung	ʔ ʊ m ʔ a ɐ̯ m ʊ ŋ
Umarmung	ʔ ʊ m ʔ aː m ʊ ŋ
Umbilden	ʊ m b ɪ l d n̩
Umbildung	ʔ ʊ m b ɪ l d ʊ ŋ
Umblicken	ʊ m b l ɪ k n̩
Umblätterer	ʊ m b l ɛ t ə ʁ ɐ
Umblätterers	ʊ m b l ɛ t ə ʁ ɐ s
Umblättern	ʊ m b l ɛ t ɐ n
Umbrailpass	ʊ m b ʁ a ɪ̯ l p a s
Umbrailpasses	ʊ m b ʁ a ɪ̯ l p a s ə s
Umbrien	ʊ m b ʁ i ə n
Umbriens	ʊ m b ʁ i ə n s
Umbringerin	ʊ m b ʁ ɪ ŋ ə ʁ ɪ n
Umbringerinnen	ʊ m b ʁ ɪ ŋ ə ʁ ɪ n ə n
Umdenkens	ʊ m d ɛ ŋ k n̩ s
Umdenkens	ʊ m d ɛ ŋ k ŋ̩ s
Umdeutung	ʊ m d ɔ ɪ̯ t ʊ ŋ
Umdisponierer	ʊ m d ɪ s p o n iː ʁ ɐ
Umdreherin	ʊ m d ʁ eː ə ʁ ɪ n
Umdreherinnen	ʊ m d ʁ eː ə ʁ ɪ n ə n
Umdrehung	ʊ m d r eː ʊ ŋ
Umdrehung	ʊ m d ʁ eː ʊ ŋ
Umerzieher	ʊ m ʔ ɛ ɐ̯ t͡s iː ɐ
Umerzieherin	ʊ m ʔ ɛ ɐ̯ t͡s iː ə ʁ ɪ n
Umerzieherinnen	ʊ m ʔ ɛ ɐ̯ t͡s iː ə ʁ ɪ n ə n
Umerziehers	ʊ m ʔ ɛ ɐ̯ t͡s iː ɐ s
Umfahren	ʊ m f aː ʁ ə n
Umfahrer	ʊ m f aː ʁ ɐ
Umfallerin	ʊ m f a l ə ʁ ɪ n
Umfallerinnen	ʊ m f a l ə ʁ ɪ n ə n
Umfangswinkel	ʊ m f a ŋ s v ɪ ŋ k l̩
Umfließen	ʊ m f l iː s n̩
Umformulieren	ʊ m f ɔ ʁ m u l iː ʁ ə n
Umformulierung	ʊ m f ɔ ʁ m u l iː ʁ ʊ ŋ
Umgang	ʔ ʊ m ɡ a ŋ
Umgarnen	ʊ m ɡ a ʁ n ə n
Umgeben	ʔ ʊ m ɡ eː b m̩
Umgeben	ʔ ʊ m ɡ eː b ə n
Umgeber	ʔ ʊ m ɡ eː b ɐ
Umgebers	ʔ ʊ m ɡ eː b ɐ s
Umgehers	ʊ m ɡ eː ɐ s
Umgehers	ʊ m ɡ eː ɐ ɐ s
Umgekehrte	ʊ m ɡ ə k eː ɐ̯ t ə
Umgekehrtes	ʊ m ɡ ə k eː ɐ̯ t ə s
Umgraben	ʔ ʊ m ɡ ʁ aː b m̩
Umhaben	ʊ m h aː b n̩
Umhauen	ʊ m h a ʊ̯ n
Umhausen	ʊ m h a ʊ̯ z n̩
Umhausener	ʊ m h a ʊ̯ z n̩ ɐ
Umhauseners	ʊ m h a ʊ̯ z n̩ ɐ s
Umhausens	ʊ m h a ʊ̯ z n̩ s
Umherbewegen	ʊ m h eː ɐ̯ b ə v eː ɡ n̩
Umhinkönnen	ʊ m h ɪ n k œ n ə n
Umhängetasche	ʊ m h ɛ ŋ ə t a ʃ ə
Umhüllen	ʔ ʊ m h ʏ l n
Umkehren	ʊ m k eː ʁ ə n
Umkehrschluss	ʊ m k eː ɐ̯ ʃ l ʊ s
Umkehrschlusse	ʊ m k eː ɐ̯ ʃ l ʊ s ə
Umkehrschlusses	ʊ m k eː ɐ̯ ʃ l ʊ s ə s
Umkehrschlüsse	ʊ m k eː ɐ̯ ʃ l ʏ s ə
Umkehrschlüssen	ʊ m k eː ɐ̯ ʃ l ʏ s n̩
Umklammerer	ʊ̯ m k l a m ɐ ʁ ɐ
Umklammern	ʊ̯ m k l a m ɐ n
Umkleidekabine	ʊ m k l a ɪ̯ d ə k a b iː n ə
Umkommen	ʔ ʊ m k ɔ m m̩
Umkommen	ʔ ʊ m k ɔ m ə n
Umlaufmarkt	ʊ m l a ʊ f m a ʁ k t
Umlaufvermögen	ʔ ʊ m l a ʊ̯ f ɛ ɐ̯ m øː ɡ n̩
Umlaufvermögens	ʔ ʊ m l a ʊ̯ f ɛ ɐ̯ m øː ɡ n̩ s
Umlautung	ʊ m l a ʊ̯ t ʊ ŋ
Umleger	ʊ m l eː ɡ ɐ
Umleiten	ʊ m l a ɪ̯ t n̩
Umleiter	ʊ m l a ɪ̯ t ɐ
Umlügen	ʔ ʊ m l yː ɡ n
Umlügen	ʔ ʊ m l yː ɡ ŋ̍
Umlügen	ʔ ʊ m l yː ɡ ə n
Ummauern	ʊ m m a ʊ̯ ɐ n
Ummeln	ʔ ʊ m l̩ n
Umnutzen	ʔ ʊ m n ʊ t͡s n̩
Umnutzung	ʔ ʊ m n ʊ t͡s ʊ ŋ
Umparken	ʊ m p a ʁ k n̩
Umparker	ʊ m p a ʁ k ɐ
Umparkung	ʊ m p a ʁ k ʊ ŋ
Umparkungen	ʊ m p a ʁ k ʊ ŋ ə n
Umriss	ʊ m ʁ ɪ s
Umräumen	ʊ m ʁ ɔ ɛ̯ m ɛ n
Umräumen	ʊ m ʁ ɔ ɪ̯ m ə n
Umrüsten	ʊ m ʁ ʏ s t n̩
Umsatz	ʔ ʊ m z a t s
Umsatzeinbuße	ʊ m z a t͡s ʔ a ɪ̯ n b uː s ə
Umsatzerwartung	ʊ m z a t͡s ʔ ɛ ɐ̯ v a ʁ t ʊ ŋ
Umsatzrendite	ʊ m z a t͡s ʁ ɛ n d iː t ə
Umsatzrückgang	ʊ m z a t͡s ʁ ʏ k ɡ a ŋ
Umsatzsteuer	ʊ m z a t͡s ʃ t ɔ ɪ̯ ɐ
Umsatzsteuergesetz	ʊ m z a t͡s ʃ t ɔ ɪ̯ ɐ ɡ ə z ɛ t s
Umsatzwachstum	ʊ m z a t͡s v a k s t uː m
Umschichten	ʊ m ʃ ɪ ç t n̩
Umschiffen	ʊ m ʃ ɪ f n̩
Umschlagplatz	ʊ m ʃ l aː k p l a t͡s
Umschlagshäufigkeit	ʊ m ʃ l aː k s h ɔ ɪ̯ f ɪ ç k a ɪ̯ t
Umschliesserin	ʔ ʊ m ʃ l iː s ə ʀ ɪ n
Umschließerin	ʔ ʊ m ʃ l iː s ə ʁ ɪ n
Umschließerinnen	ʔ ʊ m ʃ l iː s ə ʀ ɪ n ə n
Umschlägen	ʊ m ʃ l ɛː ɡ n̩
Umschlägen	ʊ m ʃ l ɛː ɡ ŋ̩
Umschmeicheln	ʊ m ʃ m a ɪ̯ ç l̩ n
Umschmelzen	ʊ m ʃ m ɛ l t͡s n̩
Umschreiben	ʔ ʊ m ʃ ʁ a ɪ̯ b m̩
Umschrift	ʊ m ʃ ʁ ɪ f t
Umschulden	ʊ m ʃ ʊ l d n̩
Umschuldung	ʊ m ʃ ʊ l d ʊ ŋ
Umschuldungen	ʊ m ʃ ʊ l d ʊ ŋ ə n
Umschulen	ʊ m ʃ uː l ə n
Umschwung	ʔ ʊ m ʃ v ʊ ŋ
Umsehen	ʊ m z eː ə n
Umsiedler	ʔ ʊ m z iː d l ɐ
Umsiedlerin	ʔ ʊ m z iː d l ə ʁ ɪ n
Umsiedlerinnen	ʔ ʊ m z iː d l ə ʁ ɪ n ə n
Umsorgen	ʊ m z ɔ ʁ ɡ ə n
Umstimmen	ʊ m ʃ t ɪ m ə n
Umstimmung	ʊ m ʃ t ɪ m ʊ ŋ
Umstossen	ʊ m ʃ t oː s n̩
Umstosser	ʔ ʊ m ʃ t oː s ɐ
Umstoßen	ʊ m ʃ t oː s n̩
Umstoßer	ʔ ʊ m ʃ t oː s ɐ
Umstrukturieren	ʔ ʊ m ʃ t ʁ ʊ k tʰ u ʁ iː ʁ n̩
Umstürzen	ʊ m ʃ t ʏ ʁ t͡s n̩
Umstürzler	ʊ m ʃ t ʏ ʁ t͡s l ɐ
Umtauschen	ʊ m t a ʊ̯ ʃ n̩
Umtreiben	ʊ m t ʁ a ɪ̯ b n̩
Umverteilerin	ʊ m f ɛ ɐ̯ t a ɪ̯ l ə ʁ ɪ n
Umwandeln	ʔ ʊ m v a n d ə l n
Umwelten	ʊ m v ɛ l t n̩
Umwelten	ʊ m v ɛ l t ə n
Umweltrecht	ʔ ʊ m v ɛ l t ʁ ɛ ç t
Umweltrechtes	ʔ ʊ m v ɛ l t ʁ ɛ ç t ə s
Umweltrechtler	ʔ ʊ m v ɛ l t ʁ ɛ ç t l ɐ
Umweltrechtlerin	ʔ ʊ m v ɛ l t ʁ ɛ ç t l ə ʁ ɪ n
Umweltrechtlerinnen	ʔ ʊ m v ɛ l t ʁ ɛ ç t l ə ʁ ɪ n n ə n
Umweltrechtlers	ʔ ʊ m v ɛ l t ʁ ɛ ç t l ɐ s
Umweltverbrecher	ʊ m v ɛ l t f ɛ ɐ̯ b ʁ ɛ ç ɐ
Umweltverbrecherin	ʊ m v ɛ l t f ɛ ɐ̯ b ʁ ɛ ç ə ʁ ɪ n
Umweltverbrecherinnen	ʊ m v ɛ l t f ɛ ɐ̯ b ʁ ɛ ç ə ʁ ɪ n ə n
Umweltverbrechers	ʊ m v ɛ l t f ɛ ɐ̯ b ʁ ɛ ç ɐ s
Umwenden	ʔ ʊ m v ɛ n d n̩
Umwälzen	ʔ ʊ m v ɛ l t͡s n̩
Umwälzung	ʔ ʊ m v ɛ l t s ʊ ŋ
Umziehen	ʊ m t͡s iː ə n
Umzingelung	ʊ m t s ɪ ŋ ə l ʊ ŋ
Umzinglung	ʊ m t s ɪ ŋ l ʊ ŋ
Umzäuner	ʊ m t͡s ɔ ɪ̯ n ɐ
Unaufrichtigkeit	ʊ n ʔ a ʊ̯ f ʁ ɪ ç t ɪ ç k a ɪ̯ t
Unbedarftheit	ʊ n b ə d a ʁ f t h a ɪ̯ t
Unbefriedigtsein	ʔ ʊ n b ə f ʁ iː d ɪ ç t z a ɪ̯ n
Unbeherrschtheit	ʊ n b ə h ɛ ʁ ʃ t h a ɪ̯ t
Unbescholtenheit	ʊ n b ə ʃ ɔ l t n̩ h a ɪ̯ t
Unbesiegbarkeit	ʊ n b ə z iː ɡ b aː ɐ̯ k a ɪ̯ t
Unbeweisbarkeit	ʊ n b ə v a ɪ̯ s b aː ɐ̯ k a ɪ̯ t
Undurchsichtigkeit	ʊ n d ʊ ʁ ç z ɪ ç t ɪ ç k a ɪ̯ t
Unebenheit	ʊ n ʔ eː b n̩ h a ɪ̯ t
Unehrlichkeit	ʊ n ʔ eː ɐ̯ l ɪ ç k a ɪ̯ t
Unentschlossener	ʊ n ʔ ɛ n t ʃ l ɔ s n̩ ɐ
Unersättlichkeit	ʊ n ɛ ɐ̯ z ɛ t l ɪ ç k a ɪ̯ t
Unfallstelle	ʊ n f a l ʃ t ɛ l ə
Unfreundlichkeit	ʔ ʊ n f ʁ ɔ ɪ̯ n t l ɪ ç k a ɪ̯ t
Unfug	ʔ ʊ n f uː k
Ungar	ʔ ʊ ŋ ɡ a ʁ
Ungarisch	ʊ ŋ ɡ a r ɪ ʃ
Ungeimpfte	ʊ n ɡ ə ʔ ɪ m p͡f t ə
Ungeimpften	ʊ n ɡ ə ʔ ɪ m p͡f t ə n
Ungeimpfter	ʊ n ɡ ə ʔ ɪ m p͡f t ɐ
Ungenauigkeit	ʊ n ɡ ə n a ʊ̯ ɪ ç k a ɪ̯ t
Ungerechtigkeit	ʊ n ɡ ə ʁ ɛ ç t ɪ ç k a ɪ̯ t
Ungestüm	ʔ ʊ n ɡ ə ʃ t yː m
Ungetüm	ʊ n ɡ ə t yː m
Unglimpf	ʔ ʊ n ɡ l ɪ m p͡f
Unglückshäher	ʊ n ɡ l ʏ k s h ɛː ɐ
Ungustl	u ŋ ɡ ʊ s t l̩
Unhöflichkeit	ʔ ʊ n h øː f l ɪ ç k a ɪ̯ t
Uniformitäten	u n i f ɔ ʁ m i t ɛː t n̩
Union	ʔ u n̪ j oː n̪
Unis	ʔ ʊ n iː s
Universalgelehrte	u n i v ɛ ʁ z aː l ɡ ə l eː ɐ̯ t ə
Universalgelehrter	u n i v ɛ ʁ z aː l ɡ ə l eː ɐ̯ t ɐ
Unkosten	ʔ ʊ n k ɔ s t n̩
Unlesbarkeit	ʊ n l eː s b aː ɐ̯ k a ɪ̯ t
Unleserlichkeit	ʊ n l eː z ɐ l ɪ ç k a ɪ̯ t
Unlöslichkeit	ʔ ʊ n l øː s l ɪ ç k a ɪ̯ t
Unmöglichkeit	ʊ n m øː k l ɪ ç k a ɪ̯ t
Unnahbarkeit	ʊ n n aː b aː ɐ̯ k a ɪ̯ t
Unruhe	ʊ n r uː ə
Unruhe	ʊ n ʁ uː ə
Unserdeutsch	ʊ n z ɐ d ɔ ɪ̯ t͡ʃ
Unsinn	ʔ ʊ n z ɪ n
Unsitte	ʔ ʊ n z ɪ t ə
Unsterblichkeit	ʔ ʊ n ʃ t ɛ ɐ̯ p l ɪ ç k a ɪ̯ tʰ
Unterarm	ʊ n t ɐ ʔ a ʁ m
Unterarmmuskel	ʊ n t ɐ ʔ a ʁ m m ʊ s k l̩
Unterausschusses	ʊ n t ɐ ʔ a ʊ̯ s ʃ ʏ s ə s
Unterausschüsse	ʊ n t ɐ ʔ a ʊ̯ s ʃ ʏ s ə
Unterbelichten	ʊ n t ɐ b ə l ɪ ç t n̩
Unterbelichtung	ʊ n t ɐ b ə l ɪ ç t ʊ ŋ
Unterbewerten	ʊ n t ɐ b ə v eː ɐ̯ t n̩
Unterbewertung	ʊ n t ɐ b ə v ɛ ʁ t ʊ ŋ
Unterbinden	ʊ n t ɐ b ɪ n d n̩
Unterbrechen	ʔ ʊ n t ɐ b ʁ ɛ ç n̩
Unterbreiten	ʊ n t ɐ b ʁ a ɪ̯ t n̩
Unterbringen	ʔ ʊ n t ɐ b ʁ ɪ ŋ ə n
Unterbruch	ʔ u n t ə r b̥ r u χ
Unterbruch	ʔ ʊ n t ɐ b ʁ ʊ x
Unterbuttern	ʊ n t ɐ b ʊ t ɐ n
Unterdrücken	ʔ ʊ n tʰ ɐ d ʁ ʏ k ŋ
Unterengadin	ʊ n t ɐ ʔ ɛ ŋ ɡ a d iː n
Unterengadiner	ʊ n t ɐ ʔ ɛ ŋ ɡ a d iː n ɐ
Unterengadinerin	ʊ n t ɐ ʔ ɛ ŋ ɡ a d iː n ə ʁ ɪ n
Unterengadinerinnen	ʊ n t ɐ ʔ ɛ ŋ ɡ a d iː n ə ʁ ɪ n ə n
Unterengadiners	ʊ n t ɐ ʔ ɛ ŋ ɡ a d iː n ɐ s
Unterengadins	ʊ n t ɐ ʔ ɛ ŋ ɡ a d iː n s
Unterfinanzieren	ʊ n t ɐ f i n a n t͡s iː ʁ ə n
Unterfranke	ʊ n t ɐ f ʁ a ŋ k ə
Unterfranken	ʊ n t ɐ f ʁ a ŋ k n̩
Unterfränkin	ʊ n t ɐ f ʁ ɛ ŋ k ɪ n
Unterfränkinnen	ʊ n t ɐ f ʁ ɛ ŋ k ɪ n ə n
Untergehen	ʔ ʊ n t ɐ ɡ eː ə n
Untergraben	ʊ n t ɐ ɡ ʁ aː b n̩
Unterhalt	ʊ n t ɐ h a l t
Unterhalten	ʔ ʊ n t ɐ h a l t n̩
Unterhaltungsindustrie	ʊ n t ɐ h a l t ʊ ŋ s ʔ ɪ n d ʊ s t ʁ iː
Unterholz	ʔ ʊ n t ɐ h ɔ l t s
Unterhändler	ʊ n t ɐ h ɛ n d l ɐ
Unterhändlerin	ʊ n t ɐ h ɛ n d l ə ʁ ɪ n
Unterjochen	ʊ n t ɐ j ɔ x n̩
Unterjubeln	ʊ n t ɐ j uː b l̩ n
Unterklassen	ʊ n t ɐ k l a s n̩
Unterkriegen	ʊ n t ɐ k ʁ iː ɡ n̩
Unterlage	ʔ ʊ n t ɐ l aː ɡ ə
Unterlassen	ʔ ʊ n t ɐ l a s n̩
Unterlaufen	ʊ n t ɐ l a ʊ̯ f n̩
Unterlegen	ʊ n t ɐ l eː ɡ n̩
Unterliegen	ʊ n t ɐ l iː ɡ n̩
Untermauern	ʊ n t ɐ m a ʊ̯ ɐ n
Untermensch	ʔ ʊ n t ɐ m ɛ n ʃ
Untermenüs	ʊ n t ɐ m e n yː s
Untermischen	ʊ n t ɐ m ɪ ʃ n̩
Unternehmensbeteiligung	ʊ n t ɐ n eː m ə n s k ə n b e t a ɪ̯ l ɪ ɡ ʊ ŋ
Unternehmensführung	ʊ n t ɐ n eː m ə n s s f yː ʁ ʊ ŋ
Unternehmensplanung	ʊ n t ɐ n eː m ə n s s p l aː n ʊ ŋ
Unternehmenssteuerung	ʊ n t ɐ n eː m ə n s s t ɔ ɪ̯ ə ʁ ʊ ŋ
Unternehmensstrategie	ʊ n t ɐ n eː m ə n s ʃ t ʁ a t e ɡ iː
Unteroffizier	ʊ n t ɐ ʔ ɔ f i t͡s iː ɐ̯
Unteroffizierin	ʊ n t ɐ ʔ ɔ f i t͡s iː ʁ ɪ n
Unterpfand	ʊ n t ɐ p f a n t
Unterreden	ʊ n t ɐ ʁ eː d n̩
Unterrichten	ʊ n t ɐ ʁ ɪ ç t n̩
Untersagen	ʔ ʊ n t ɐ z aː ɡ n̩
Unterscheiden	ʔ ʊ n t ɐ ʃ a ɪ̯ d n̩
Unterschieben	ʊ n t ɐ ʃ iː b n̩
Unterschlupf	ʊ n t ɐ ʃ l ʊ p͡f
Unterschreiben	ʔ ʊ n t ɐ ʃ ʁ a ɪ̯ b m̩
Unterschreiten	ʔ ʊ n t ɐ ʃ ʁ a ɪ̯ t n̩
Unterschriftenaktion	ʊ n t ɐ ʃ ʁ ɪ f t n̩ ʔ a k t͡s i̯ oː n
Unterschriftenautomat	ʊ n t ɐ ʃ ʁ ɪ f t n̩ ʔ a ʊ̯ t o m aː t
Unterschriftenautomaten	ʊ n t ɐ ʃ ʁ ɪ f t n̩ ʔ a ʊ̯ t o m aː t n̩
Unterschätzen	ʊ n t ɐ ʃ ɛ t s n̩
Untersetzen	ʊ n t ɐ z ɛ t͡s n̩
Untersetzer	ʊ n t ɐ z ɛ t͡s ɐ
Untersinken	ʊ n t ɐ z ɪ ŋ k n̩
Unterstehen	ʊ n t ɐ ʃ t eː ə n
Untersteuern	ʊ n t ɐ ʃ t ɔ ɪ̯ ɐ n
Unterstreichen	ʔ ʊ n t ɐ ʃ t ʁ a ɪ̯ ç ə n
Unterstrich	ʊ n t ɐ ʃ t ʁ ɪ ç
Untersuchen	ʔ ʊ n t ɐ z uː x n̩
Untersuchung	ʔ ʊ n t ɐ z uː x ʊ ŋ
Untertauchen	ʊ n t ɐ t a ʊ̯ χ n̩
Untertauern	ʊ n t ɐ t a ʊ̯ ɐ n
Untertauerns	ʊ n t ɐ t a ʊ̯ ɐ n s
Unterwalliser	ʔ ʊ n t ɐ v a l ɪ z ɐ
Unterwalliserin	ʔ ʊ n t ɐ v a l ɪ z ə ʁ ɪ n
Unterwalliserinnen	ʔ ʊ n t ɐ v a l ɪ z ə ʁ ɪ n ə n
Unterwallisers	ʔ ʊ n t ɐ v a l ɪ z ɐ s
Unterwasserdrohne	ʔ ʊ n t ɐ v a s ɐ d ʁ oː n ə
Unterweisen	ʊ n t ɐ v a ɪ̯ z n̩
Unterweißenbach	ʊ n t ɐ v a ɪ̯ s n̩ b a x
Unterweißenbacher	ʔ ʊ n t ɐ v a ɪ̯ s n̩ b a x ɐ
Unterweißenbacherin	ʔ ʊ n t ɐ v a ɪ̯ s n̩ b a x ə ʁ ɪ n
Unterweißenbacherinnen	ʔ ʊ n t ɐ v a ɪ̯ s n̩ b a x ə ʁ ɪ n ə n
Unterweißenbachers	ʔ ʊ n t ɐ v a ɪ̯ s n̩ b a x ɐ s
Unterweißenbachs	ʊ n t ɐ v a ɪ̯ s n̩ b a x s
Unterwelt	ʔ ʊ n t ɐ v ɛ l t
Unterwerfung	ʊ n t ɐ v ɛ ʁ f ʊ ŋ
Unterwinden	ʊ n t ɐ v ɪ n d n̩
Unterwuchs	ʔ ʊ n t ɐ v uː k s
Unterwuchses	ʔ ʊ n t ɐ v uː k s ə s
Unterwältigen	ʊ n t ɐ v ɛ l t ɪ ɡ n̩
Unterwüchse	ʔ ʊ n t ɐ v yː k s ə
Unterzeichnen	ʔ ʊ n t ɐ t s a ɪ̯ ç n ə n
Unterzeichner	ʔ ʊ n t ɐ t͡s a ɪ̯ ç n ɐ
Unterzeichnerin	ʔ ʊ n t ɐ t͡s a ɪ̯ ç n ə ʁ ɪ n
Unterzeichnung	ʔ ʊ n t ɐ t s a ɪ̯ ç n ʊ ŋ
Unterziehen	ʊ n t ɐ t s iː n
Untugend	ʊ n t uː ɡ ɛ n t
Unversehrtheit	ʊ n f ɛ ɐ̯ s eː ɐ̯ t h a ɪ̯ t
Unverträglichkeit	ʊ n f ɛ ɐ̯ t ʁ ɛː k l ɪ ç k a ɪ̯ t
Unwiderlegbarkeit	ʊ n v iː d ɐ l eː k b aː ɐ̯ k a ɪ̯ t
Unwissenheit	ʊ n v ɪ s n̩ h a ɪ̯ t
Unwohlsein	ʊ n v oː l z a ɪ̯ n
Unwörter	ʊ n v œ ʁ t ɐ
Unzahl	ʊ n t͡s aː l
Unzufriedenheit	ʔ ʊ n t͡s u f ʁ iː d n̩ h a ɪ̯ t
Unzweideutigkeit	ʊ n t͡s v a ɪ̯ d ɔ ɪ̯ t ɪ k k a ɪ̯ t
Unzweideutigkeit	ʊ n t͡s v a ɪ̯ d ɔ ɪ̯ t ɪ ç k a ɪ̯ t
Upselling	a p s ɛ l ɪ ŋ
Ur	ʔ u ɐ̯
Ur	ʔ uː ɐ̯
Uraufführung	uː ɐ̯ ʔ a ʊ̯ f f yː ʁ ʊ ŋ
Urchrist	uː ɐ̯ k ʁ ɪ s t
Urd	ʊ ɐ̯ t
Ureinwohner	ʔ uː ɐ̯ ʔ a ɪ̯ n v oː n ɐ
Urgenz	ʊ ʁ ɡ ɛ n t͡s
Urgeschichte	ʔ uː ɐ̯ ɡ ə ʃ ɪ ç tʰ ə
Uri	uː ʁ i
Urinieren	ʔ u ʁ i n iː ɐ̯ n
Urinstinkt	uː ɐ̯ ʔ ɪ n s t ɪ ŋ k t
Urknall	ʔ uː ɐ̯ kʰ n a l
Urkundenfälschung	uː ɐ̯ k ʊ n d n̩ f ɛ l ʃ ʊ ŋ
Urkundenschreiber	uː ɐ̯ k ʊ n d n̩ ʃ ʁ a ɪ̯ b ɐ
Urkundenschreibers	uː ɐ̯ k ʊ n d n̩ ʃ ʁ a ɪ̯ b ɐ s
Urner	ʊ ʁ n ɐ
Uropa	uː ɐ̯ ʔ oː p a
Urproduktion	uː ɐ̯ p ʁ o d ʊ k t͡s i̯ oː n
Urs	ʔ u r s
Urs	ʔ u ɐ̯ s
Urs	ʔ uː r s
Urs	ʔ uː ɐ̯ s
Urs	ʔ ʊ ɐ̯ s
Urs	ʔ ʊ ʁ s
Ursel	ʔ ʊ ɐ̯ z l̩
Ursprung	ʔ uː ɐ̯ ʃ p ʁ ʊ ŋ
Ursprungsort	uː ɐ̯ ʃ p ʁ ʊ ŋ s ʔ ɔ ʁ t
Urteil	ʊ ɐ̯ t a ɪ̯ l
Urteil	ʊ ʁ t a ɪ̯ l
Urteilen	ʔ ʊ ɐ̯ tʰ a ɪ̯ l n
Urteiler	ʔ uː ɐ̯ t a ɪ̯ l ɐ
Urteilsdispositiv	ʊ ʁ t a ɪ̯ l s d ɪ s p o z i t iː f
Urteilskraft	uː ɐ̯ t a ɪ̯ l s k r a f t
Urteilsvermögen	ʊ ʁ t a ɪ̯ l s f ɛ ɐ̯ m øː ɡ n̩
Urtheilen	ʔ ʊ ɐ̯ tʰ a ɪ̯ l n
Urvertrauen	uː ɐ̯ f ɛ ɐ̯ t ʁ a ʊ̯ ə n
Urvogel	ʔ uː ɐ̯ f oː ɡ l̩
Urwald	ʔ u ɐ̯ v a l t
Urwald	ʔ uː ɐ̯ v a l t
Urzeit	ʔ u ɐ̯ t͡s a ɪ̯ t
Urzeit	ʔ uː ɐ̯ t͡s a ɪ̯ t
Utensil	u t ɛ n z iː l
Utrechter	yː t ʁ ɛ ç t ɐ
Utrechterin	yː t ʁ ɛ ç t ə ʁ ɪ n
Utrechterinnen	yː t ʁ ɛ ç t ə ʁ ɪ n ə n
Utrechters	yː t ʁ ɛ ç t ɐ s
VO	f a ʊ̯ ʔ oː
VSA	f a ʊ̯ ɛ s ʔ aː
VSA	f a ʊ̯ ʔ ɛ s ʔ aː
Vabanquespiel	v a b a ŋ k ʃ p iː l
Vabanquespiel	v a b ɑ̃ː k ʃ p iː l
Vadda	f ɐ ɾ ɐ
Vaduz'	f a d ʊ t͡s
Vaduzer	f a d ʊ t͡s ɐ
Vaduzerin	f a d ʊ t͡s ə ʁ ɪ n
Vaduzerinnen	f a d ʊ t͡s ə ʁ ɪ n ə n
Vaduzers	f a d ʊ t͡s ɐ s
Vakuumbombe	v aː k u ʊ m b ɔ m b ə
Valentina	v aː l ɛ n t iː n a
Valentinstag	v a l ə n t iː n s t aː k
Valeriansäure	v a l e ʁ i̯ aː n z ɔ ɪ̯ ʁ ə
Valerie	v a l ə ʁ i
Valkenburg	f a l k n̩ b ʊ ʁ k
Valkenburger	f a l k n̩ b ʊ ʁ ɡ ɐ
Valkenburgerin	f a l k n̩ b ʊ ʁ ɡ ə ʁ ɪ n
Valkenburgerinnen	f a l k n̩ b ʊ ʁ ɡ ə ʁ ɪ n ə n
Valkenburgers	f a l k n̩ b ʊ ʁ ɡ ɐ s
Valkenburgs	f a l k n̩ b ʊ ʁ k s
Vanessa	v a n ɛ s a
Vanillecreme	v a n ɪ l ə k ʁ eː m
Vater	f ɑː tʰ ɐ
Vaterbruder	f aː t ɐ b ʁ uː d ɐ
Vaterbrüder	f aː t ɐ b ʁ yː d ɐ
Vaterland	f aː tʰ ɐ l a n tʰ
Vaterlands	f aː tʰ ɐ l a n t s
Vaterlandsverräter	f aː t ɐ l a n t͡s f ɛ ɐ̯ ʁ ɛː t ɐ
Vaterländer	f aː tʰ ɐ l ɛ n d ɐ
Vatermord	f aː t ɐ m ɔ ʁ t
Vaterschaftsgutachten	f aː t ɐ ʃ a f t s ɡ uː t ʔ a χ t n̩
Vaterschwester	f aː t ɐ ʃ v ɛ s t ɐ
Veilchen	f a ɪ̯ l ç ə n
Veilchenstrauß	f a ɪ̯ l ç ə n ʃ t ʁ a ʊ̯ s
Veitstanz	f a ɪ̯ t͡s t a n t͡s
Vektor	v ɛ k t oː ɐ̯
Veltmann	f ɛ l t m a n
Veltmanns	f ɛ l t m a n s
Venetien	v e n eː t͡s i̯ ə n
Venetiens	v e n eː t͡s i̯ ə n s
Venezuela	v eː n e t͡s u eː l a
Venezuela	v eː n e t͡s u ʔ eː l a
Ventil	v ɛ n t iː l
Ventilator	v ɛ n t i l aː t oː ɐ̯
Ventildeckel	v ɛ n t iː l d ɛ k l̩
Ventildeckels	v ɛ n t iː l d ɛ k l̩ s
Venusberg	v eː n ʊ s b ɛ ʁ k
Venusfliegenfalle	v eː n ʊ s f l iː ɡ ŋ̍ f a l ə
Verabredung	f ɛ ɐ̯ ʔ a p ʁ eː d ʊ ŋ
Veralten	f ɛ ɐ̯ ʔ a l t n̩
Veranstalten	f ɛ ʁ ʔ a n ʃ t a l t n̩
Veranstalterin	f ɛ ɐ̯ ʔ a n ʃ t a l t ə ʁ ɪ n
Verarbeiter	f ɛ ɐ̯ ʔ a ʁ b a ɪ̯ t ɐ
Verarbeitungsbetrieb	f ɛ ɐ̯ ʔ a ʁ b a ɪ̯ t ʊ ŋ s b ə t ʁ iː p
Verarbeitungsbetriebe	f ɛ ɐ̯ ʔ a ʁ b a ɪ̯ t ʊ ŋ s b ə t ʁ iː b ə
Verarbeitungsbetriebes	f ɛ ɐ̯ ʔ a ʁ b a ɪ̯ t ʊ ŋ s b ə t ʁ iː b ə s
Verarbeitungsbetriebs	f ɛ ɐ̯ ʔ a ʁ b a ɪ̯ t ʊ ŋ s b ə t ʁ iː p s
Verballhornung	f ɛ ɐ̯ b a l h ɔ ʁ n ʊ ŋ
Verband	f ɐ b a n t
Verbandsgemeinde	f ɛ ɐ̯ b a n t s ɡ ə m a ɪ n d ə
Verbeissen	f ɛ ɐ̯ b a ɪ̯ s n̩
Verbeißen	f ɛ ɐ̯ b a ɪ̯ s n̩
Verbleib	f ɛ ɐ̯ b l a ɪ̯ pʰ
Verbleiben	f ɛ ʁ b l a ɪ̯ b ə n
Verblühen	f ɛ ɐ̯ b l yː ə n
Verbrauch	f ɛ ɐ̯ b ʁ a ʊ̯ χ
Verbraucher	f ɛ ʁ b ʁ a ʊ̯ χ ɐ
Verbraucherin	f ɛ ʁ b ʁ a ʊ̯ χ ɐ ʁ ɪ n
Verbrechen	f ɐ b ʁ ɛ ç n̩
Verbrechensbekämpfung	f ɛ ɐ̯ b ʁ ɛ ç n̩ s b ə k ɛ m p͡f ʊ ŋ
Verbrechensrate	f ɛ ɐ̯ b r ɛ ç ə n s ʁ aː t ə
Verbrechensraten	f ɛ ɐ̯ b r ɛ ç ə n s ʁ aː t n̩
Verbrecherbande	f ɛ ɐ̯ b ʁ ɛ ç ɐ b a n d ə
Verbrecherjagd	f ɐ b ʁ ɛ ç ɐ j aː k t
Verbrecherorganisation	f ɛ ɐ̯ b ʁ ɛ ç ɐ ʔ ɔ ʁ ɡ a n i z a t͡s i̯ oː n
Verbreitung	f ɛ ɐ̯ b ʁ a ɪ̯ t ʊ ŋ
Verbrämung	f ɛ ɐ̯ b ʁ ɛː m ʊ ŋ
Vercingetorix	v ɛ ʁ t͡s ɪ ŋ ɡ eː t o ʁ ɪ k s
Verdachtsberichterstattung	f ɛ ɐ̯ d a x t͡s b ə ʁ ɪ ç t ʔ ɛ ɐ̯ ʃ t a t ʊ ŋ
Verdachtsberichterstattungen	f ɛ ɐ̯ d a x t͡s b ə ʁ ɪ ç t ʔ ɛ ɐ̯ ʃ t a t ʊ ŋ ə n
Verdampfung	f ɛ ɐ̯ d a m p f ʊ ŋ
Verden	f eː ɐ̯ d n̩
Verdenken	f ɛ ɐ̯ d ɛ n k ə n
Verderben	f ɛ ɐ̯ d ɛ ʁ b ə n
Verderbtheit	f ɛ ɐ̯ d ɛ ʁ p t h a ɪ̯ t
Verdicken	f ɛ ɐ̯ d ɪ k n̩
Verdoppelung	f ɛ ɐ̯ d ɔ p ə l ʊ ŋ
Verdorbenheit	f ɛ ɐ̯ d ɔ ʁ b n̩ h a ɪ̯ t
Verdreifachung	f ɛ ɐ̯ d ʁ a ɪ̯ f a χ ʊ ŋ
Verdriessen	f ɛ ɐ̯ d ʁ iː s n̩
Verdrießen	f ɛ ɐ̯ d ʁ iː s n̩
Verdrucken	f ɛ ɐ̯ d ʁ ʊ k n̩
Verdrängungswettbewerb	f ɛ ɐ̯ d ʁ ɛ ŋ ʊ ŋ s v ɛ t b e v ɛ ʁ p
Verdünnung	f ɛ ɐ̯ d ʏ n ʊ ŋ
Verehrer	f ɛ ɐ̯ ʔ eː ʁ ɐ
Verehrerin	f ɛ ɐ̯ ʔ eː ʁ ə ʁ ɪ n
Vereinfachen	f ɛ ɐ̯ ʔ a ɪ̯ n f a χ n̩
Vereinswesen	f ɛ ɐ̯ ʔ a ɪ̯ n s v eː z n̩
Verelendungen	f ɛ ɐ̯ ʔ eː l ɛ n d ʊ ŋ ə n
Verenden	f ɛ ɐ̯ ʔ ɛ n d n̩
Verfahren	f ɛ ɐ̯ f aː ʁ ə n
Verfahrensrecht	f ɛ ɐ̯ f aː ʁ ə n s ʁ ɛ ç t
Verfahrensrechte	f ɛ ɐ̯ f aː ʁ ə n s ʁ ɛ ç t ə
Verfahrensrechtes	f ɛ ɐ̯ f aː ʁ ə n s ʁ ɛ ç t ə s
Verfahrensrechts	f ɛ ɐ̯ f aː ʁ ə n s ʁ ɛ ç t s
Verfall	f ɛ ɐ̯ f a l
Verfallsdatum	f ɛ ɐ̯ f a l s d aː t ʊ m
Verfassungsgericht	f ɛ ɐ̯ f a s ʊ ŋ s ɡ ə ʁ ɪ ç t
Verfassungsordnung	f ɛ ɐ̯ f a s ʊ ŋ s ʔ ɔ ʁ d n ʊ ŋ
Verfassungsordnungen	f ɛ ɐ̯ f a s ʊ ŋ s ʔ ɔ ʁ d n ʊ ŋ ə n
Verfassungsrecht	f ɛ ɐ̯ f a s ʊ ŋ s ʁ ɛ ç t
Verfassungsrechte	f ɛ ɐ̯ f a s ʊ ŋ s ʁ ɛ ç t ə
Verfassungsrechtler	f ɛ ɐ̯ f a s ʊ ŋ s ʁ ɛ ç t l ɐ
Verfassungsrechtlerin	f ɛ ɐ̯ f a s ʊ ŋ s ʁ ɛ ç t l ə ʁ ɪ n
Verfassungsrechtlerinnen	f ɛ ɐ̯ f a s ʊ ŋ s ʁ ɛ ç t l ə ʁ ɪ n ə n
Verfassungsrechtlers	f ɛ ɐ̯ f a s ʊ ŋ s ʁ ɛ ç t l ɐ s
Verfassungstheorie	f ɛ ɐ̯ f a s ʊ ŋ s t e o ʁ iː
Verflechten	f ɛ ɐ̯ f l ɛ ç t n̩
Verflüssigung	f ɛ ɐ̯ f l ʏ s ɪ ɡ ʊ ŋ
Verfolgen	f ɛ ɐ̯ f ɔ l ɡ ŋ̩
Verführer	f ɛ ɐ̯ f yː ʁ ɐ
Verführerin	f ɛ ɐ̯ f yː ʁ ɐ ʁ ɪ n
Vergangenheitsbewältigung	f ɛ ɐ̯ ɡ a ŋ ə n h a ɪ̯ t͡s b ə v ɛ l t ɪ ɡ ʊ ŋ
Vergehen	f ɛ ɐ̯ ɡ eː ə n
Vergehens	f ɛ ɐ̯ ɡ eː ə n s
Vergeltung	f ɐ ɡ ɛ l t ʊ ŋ
Vergeltungsangriff	f ɛ ɐ̯ ɡ ɛ l t ʊ ŋ s ʔ a n ɡ ʁ ɪ f
Vergeltungsmaßnahme	f ɛ ɐ̯ ɡ ɛ l t ʊ ŋ s m aː s n aː m ə
Vergeltungsschlag	f ɛ ɐ̯ ɡ ɛ l t ʊ ŋ s ʃ l aː k
Vergessenheit	f ɛ ɐ̯ ɡ ɛ s n̩ h a ɪ̯ t
Vergewaltiger	f ɛ ɐ̯ ɡ ə v a l t ɪ ɡ ɐ
Vergewaltigerin	f ɛ ɐ̯ ɡ ə v a l t ɪ ɡ ə ʁ ɪ n
Vergewaltigerinnen	f ɛ ɐ̯ ɡ ə v a l t ɪ ɡ ə ʁ ɪ n ə n
Vergewaltigers	f ɛ ɐ̯ ɡ ə v a l t ɪ ɡ ɐ s
Vergewaltigung	f ɛ ɐ̯ ɡ ə v a l tʰ i ɡ ʊ ŋ
Vergissmeinnicht	f ɐ ɡ ɪ s m a ɪ̯ n ɪ ç t
Vergleichung	f ɛ ɐ̯ ɡ l a ɪ̯ ç ʊ ŋ
Verglühen	f ɛ ɐ̯ ɡ l yː ə n
Vergnügen	f ɛ ɐ̯ ɡ n yː ɡ ŋ̍
Vergnügen	f ɛ ɐ̯ ɡ n yː ɡ ə n
Vergrämer	f ɛ ɐ̯ ɡ ʁ ɛː m ɐ
Vergrößerungsglas	f ɐ ɡ ʁ øː s ə ʁ ʊ ŋ s ɡ l aː s
Verhafteter	f ɛ ɐ̯ h a f t ə t ɐ
Verhandlung	f ɛ ɐ̯ h a n d l ʊ ŋ
Verhandlungsbasis	f ɛ ɐ̯ h a n d l ʊ ŋ s b aː z ɪ s
Verhandlungsfrieden	f ɛ ɐ̯ h a n d l ʊ ŋ s f ʁ iː d n̩
Verhandlungsfriedens	f ɛ ɐ̯ h a n d l ʊ ŋ s f ʁ iː d n̩ s
Verhandlungsmacht	f ɛ ɐ̯ h a n d l ʊ ŋ s m a x t
Verhandlungsmasse	f ɛ ɐ̯ h a n d l ʊ ŋ s m a s ə
Verheben	f ɛ ɐ̯ h eː b n̩
Verheimlichung	f ɛ ɐ̯ h a ɪ̯ m l ɪ ç ʊ ŋ
Verhältniswort	f ɛ ɐ̯ h ɛ l t n ɪ s v ɔ ɐ̯ t
Verhütungsmittel	f ɛ ɐ̯ h yː t ʊ ŋ s m ɪ t l̩
Verjus	v ɛ ʁ ʒ yː
Verkalkulieren	f ɛ ɐ̯ k a l k u l iː ʁ ə n
Verkalkulierer	f ɛ ɐ̯ k a l k u l iː ʁ ɐ̯
Verkapselung	f ɛ ɐ̯ k a p s l̩ ʊ ŋ
Verkaufsoption	f ɛ ɐ̯ k a ʊ̯ f s ʔ o p t͡s i̯ oː n
Verkaufspreis	f ɛ ɐ̯ k a ʊ̯ f s p ʁ a ɪ̯ s
Verkaufsstrategie	f ɛ ɐ̯ k a ʊ̯ f s s t ʁ a t ə ɡ iː
Verkaufsvertretung	f ɛ ɐ̯ k a ʊ̯ f s f ɛ ɐ̯ t ʁ eː t ʊ ŋ
Verkehr	f ɛ ɐ̯ k eː ɐ̯
Verkehr	f ɛ ɐ̯ k ɛ ɐ̯
Verkehr	f ɛ ʁ k eː ʁ
Verkehrsampel	f ɛ ɐ̯ k eː ɐ̯ s ʔ a m p l̩
Verkehrsminister	f ɛ ɐ̯ k eː ɐ̯ s m i n ɪ s t ɐ
Verkehrsministerin	f ɛ ɐ̯ k eː ɐ̯ s m i n ɪ s t ə ʁ ɪ n
Verkehrsministerinnen	f ɛ ɐ̯ k eː ɐ̯ s m i n ɪ s t ə ʀ ɪ n ə n
Verkehrsmittel	f ɛ ɐ̯ k eː ɐ̯ s m ɪ t l̩
Verkehrsregel	f ɛ ɐ̯ k eː ɐ̯ s ʁ eː ɡ l̩
Verkehrsregeln	f ɛ ɐ̯ k eː ɐ̯ s ʁ eː ɡ l̩ n
Verkehrsschild	f ɛ ɐ̯ k eː ɐ̯ s ʃ ɪ l t
Verkehrssprache	f ɛ ɐ̯ k eː ɐ̯ s ʃ p ʁ aː χ ə
Verkehrsstau	f ɐ k eː ɐ̯ s ʃ t a ʊ̯
Verkehrsverbunden	f ɛ ɐ̯ k eː ɐ̯ s f ɛ ɐ̯ b ʊ n d n̩
Verkehrszeichen	f ɛ ɐ̯ k eː ɐ̯ s t͡s a ɪ̯ ç n̩
Verkehrsüberwachung	f ɛ ɐ̯ k eː ɐ̯ s ʔ yː b ɐ v a x ʊ ŋ
Verkleben	f ɛ ɐ̯ k l eː b n̩
Verkleidungen	f ɐ k l a ɪ̯ d ʊ ŋ ə n
Verknalltheit	f ɛ ɐ̯ k n a l t h a ɪ̯ t
Verknallung	f ɛ ɐ̯ k n a l ʊ ŋ
Verkoster	f ɛ ɐ̯ k ɔ s t ɐ
Verkosters	f ɛ ɐ̯ k ɔ s t ɐ s
Verkostung	f ɛ ɐ̯ k ɔ s t ʊ ŋ
Verkostungen	f ɛ ɐ̯ k ɔ s t ʊ ŋ ə n
Verkrümeln	f ɛ ɐ̯ k ʁ yː m l̩ n
Verkäufe	f ɛ ɐ̯ k ɔ ɪ̯ f ə
Verkünden	f ɛ ɐ̯ k ʏ n d n̩
Verkünder	f ɛ ɐ̯ k ʏ n d ɐ
Verkündiger	f ɛ ɐ̯ k ʏ n d ɪ ɡ ɐ
Verlader	f ɛ ɐ̯ l aː d ɐ
Verlagsleiter	f ɛ ɐ̯ l aː k s l a ɪ̯ t ɐ
Verlagsleitung	f ɛ ɐ̯ l aː k s l a ɪ̯ t ʊ ŋ
Verlagswesen	f ɛ ɐ̯ l aː k s v eː z n̩
Verlandung	f ɛ ɐ̯ l a n d ʊ ŋ
Verlassenheit	f ɛ ɐ̯ l a s n̩ h a ɪ̯ t
Verlautbarungen	f ɛ ɐ̯ l a ʊ̯ t b aː ʁ ʊ ŋ ə n
Verleger	f ɛ ɐ̯ l eː ɡ ɐ
Verlegung	f ɛ ɐ̯ l eː ɡ ʊ ŋ
Verlegungsbericht	f ɛ ɐ̯ l eː ɡ ʊ ŋ s b ə ʁ ɪ ç t
Verlegungsberichte	f ɛ ɐ̯ l eː ɡ ʊ ŋ s b ə ʁ ɪ ç t ə
Verlegungsberichten	f ɛ ɐ̯ l eː ɡ ʊ ŋ s b ə ʁ ɪ ç t n̩
Verlegungsberichtes	f ɛ ɐ̯ l eː ɡ ʊ ŋ s b ə ʁ ɪ ç t ə s
Verlegungsberichts	f ɛ ɐ̯ l eː ɡ ʊ ŋ s b ə ʁ ɪ ç t s
Verleihe	f ɛ ɐ̯ l a ɪ̯ ə
Verleiher	f ɛ ɐ̯ l a ɪ̯ ɐ
Verleihers	f ɛ ɐ̯ l a ɪ̯ ɐ s
Verleihes	f ɛ ɐ̯ l a ɪ̯ ə s
Verleihs	f ɛ ɐ̯ l a ɪ̯ s
Verletzungsbericht	f ɛ ɐ̯ l ɛ t͡s ʊ ŋ s b ə ʁ ɪ ç t
Verletzungsberichte	f ɛ ɐ̯ l ɛ t͡s ʊ ŋ s b ə ʁ ɪ ç t ə
Verletzungsberichten	f ɛ ɐ̯ l ɛ t͡s ʊ ŋ s b ə ʁ ɪ ç t n̩
Verletzungsberichtes	f ɛ ɐ̯ l ɛ t͡s ʊ ŋ s b ə ʁ ɪ ç t ə s
Verletzungsberichts	f ɛ ɐ̯ l ɛ t͡s ʊ ŋ s b ə ʁ ɪ ç t s
Verleumden	f ɐ l ɔ ʏ̯ m d n̩
Verleumderin	f ə r l ɔ ʏ̯ m d ə ʁ ɪ n
Verleumdungsklage	f ɛ ɐ̯ l ɔ ɪ̯ m d ʊ ŋ s k l aː ɡ ə
Verlobungsring	f ɛ ɐ̯ l oː b ʊ ŋ s ʁ ɪ ŋ
Verlust	f ɛ ɐ̯ l ʊ s t
Verlustkonto	f ɛ ɐ̯ l ʊ s t k ɔ n t o
Verlustmarge	f ɛ ɐ̯ l ʊ s t m a ʁ ʒ ə
Verlustrücktrag	f ɛ ɐ̯ l ʊ s t ʁ ʏ k t ʁ aː k
Verlustvortrag	f ɛ ɐ̯ l ʊ s t f oː ɐ̯ t ʁ aː k
Vermachen	f ɛ ɐ̯ m a x n̩
Vermaisung	f ɛ ɐ̯ m a ɪ̯ z ʊ ŋ
Vermarktung	f ɛ ɐ̯ m a ʁ k t ʊ ŋ
Vermelden	f ɛ ɐ̯ m ɛ l d n̩
Vermenschlichung	f ɛ ɐ̯ m ɛ n ʃ l ɪ ç ʊ ŋ
Vermessen	f ɛ ɐ̯ m ɛ s n̩
Vermieterin	f ɛ ɐ̯ m iː tʰ ɐ ʁ ɪ n
Vermischung	f ɛ ɐ̯ m ɪ ʃ ʊ ŋ
Vermischungen	f ɛ ɐ̯ m ɪ ʃ ʊ ŋ ə n
Vermittlerin	f ɛ ɐ̯ m ɪ t l ə ʁ ɪ n
Vermittlung	f ɛ ɐ̯ m ɪ t l ʊ ŋ
Vermutung	f ɛ ɐ̯ m uː t ʊ ŋ
Vermächtnis	f ɐ m ɛ ç t n ɪ s
Vermächtnis	f ɐ m ɛː ç t n ɪ s
Vermächtnis	f ɛ ɐ̯ m ɛ ç t n ɪ s
Vermächtnis	f ɛ ɐ̯ m ɛː ç t n ɪ s
Vermögensangelegenheit	f ɛ ɐ̯ m øː ɡ n̩ s ʔ a n ɡ ə l eː ɡ n̩ h a ɪ̯ t
Vermögensangelegenheit	f ɛ ɐ̯ m øː ɡ ŋ̩ s ʔ a n ɡ ə l eː ɡ ŋ̩ h a ɪ̯ t
Vermögensaufteilung	f ɛ ɐ̯ m øː ɡ n̩ s ʔ a ʊ̯ f t e ɪ̯ l ʊ ŋ
Vermögensverwaltung	f ɛ ɐ̯ m øː ɡ n̩ s f ɛ ɐ̯ v a l t ʊ ŋ
Vernegerung	f ɛ ɐ̯ n eː ɡ ə ʁ ʊ ŋ
Vernichtungskrieg	f ɐ n ɪ ç t ʊ ŋ k s k ʁ iː k
Vernichtungskrieg	f ɐ n ɪ ç t ʊ ŋ s k ʁ iː k
Vernichtungslager	f ɐ n ɪ ç t ʊ ŋ k s l aː ɡ ɐ
Vernichtungslager	f ɐ n ɪ ç t ʊ ŋ s l aː ɡ ɐ
Vernunftehe	f ɐ n ʊ ɱ f t ʔ eː ə
Verordnung	f ɛ ɐ̯ ɔ ʁ t n ʊ ŋ
Verpackungsindustrie	f ɛ ɐ̯ p a k ʊ ŋ s ʔ ɪ n d ʊ s t ʁ iː
Verpfeifen	f ɛ ɐ̯ p f a ɪ̯ f n̩
Verpflegung	f ɐ p͡f l eː ɡ ʊ ŋ
Verproviantierung	f ɛ ɐ̯ p ʁ o v i̯ a n t iː ʁ ʊ ŋ
Verrat	f ɐ ʁ aː t
Verrat	f ɛ ɐ̯ ʁ aː t
Verrechnung	f ɛ ɐ̯ r ɛ ç n ʊ ŋ
Verrechnungskonto	f ɛ ɐ̯ ʁ ɛ ç n ʊ ŋ s k ɔ n t o
Verreibungsfaktor	f ɛ ɐ̯ ʀ a ɪ̯ b ʊ ŋ s f a k t oː ɐ̯
Verrennen	f ɛ ɐ̯ ʁ ɛ n ə n
Verrichtungsgehilfe	f ɛ ɐ̯ ʁ ɪ ç t ʊ ŋ s ɡ ə h ɪ l f ə
Verriegelungen	f ɛ ɐ̯ ʁ iː ɡ ə l ʊ ŋ ə n
Verräumen	f ɛ ɐ̯ ʁ ɔ ɛ̯ m ɛ n
Verräumen	f ɛ ɐ̯ ʁ ɔ ɪ̯ m ə n
Vers	f ɛ ɐ̯ s
Vers	f ɛ ʁ s
Versailler	v ɛ ʁ s a ɪ̯ ɐ
Versailles	v ɛ ʁ s a ɪ̯
Versal	v ɛ ʁ z aː l
Versammlungshalle	f ɛ ɐ̯ z a m l ʊ ŋ s h a l ə
Versammlungshallen	f ɛ ɐ̯ z a m l ʊ ŋ s h a l ə n
Versand	f ɐ z a n t
Versandkosten	f ɛ ɐ̯ z a n t k ɔ s t n̩
Versandverkauf	f ɛ ɐ̯ z a n t f ɛ ɐ̯ k a ʊ̯ f
Versandverkaufes	f ɛ ɐ̯ z a n t f ɛ ɐ̯ k a ʊ̯ f ə s
Versandverkaufs	f ɛ ɐ̯ z a n t f ɛ ɐ̯ k a ʊ̯ f s
Versandverkäufe	f ɛ ɐ̯ z a n t f ɛ ɐ̯ k ɔ ɪ̯ f ə
Verschissmus	f ɐ ʃ ɪ s m ʊ s
Verschlagen	f ɛ ɐ̯ ʃ l aː ɡ n̩
Verschleiern	f ɛ ɐ̯ ʃ l a ɪ̯ ɐ n
Verschleierung	f ɛ ɐ̯ ʃ l a ɪ̯ ə ʁ ʊ ŋ
Verschleiß	f ɛ ɐ̯ ʃ l a ɪ̯ s
Verschliesser	f ɛ ɐ̯ ʃ l iː s ɐ
Verschliesserin	f ɛ ɐ̯ ʃ l iː s ə ʀ ɪ n
Verschließen	f ɛ ɐ̯ ʃ l iː s n̩
Verschließen	f ɛ ɐ̯ ʃ l iː s ə n
Verschließer	f ɛ ɐ̯ ʃ l iː s ɐ
Verschließerin	f ɛ ɐ̯ ʃ l iː s ə ʁ ɪ n
Verschließerinnen	f ɛ ɐ̯ ʃ l iː s ə ʀ ɪ n ə n
Verschließung	f ɛ ɐ̯ ʃ l iː s ʊ ŋ
Verschlingen	f ɛ ɐ̯ ʃ l ɪ ŋ ə n
Verschlussreibelaut	f ɛ ɐ̯ ʃ l ʊ s ʁ a ɪ̯ b ə l a ʊ̯ t
Verschlusssache	f ɛ ɐ̯ ʃ l ʊ s z a x ə
Verschlüsselungsalgorithmen	f ɛ ɐ̯ ʃ l ʏ s ə l ʊ ŋ s ʔ a l ɡ o ʁ ɪ t m ə n
Verschlüsselungsalgorithmus	f ɛ ɐ̯ ʃ l ʏ s ə l ʊ ŋ s ʔ a l ɡ o ʁ ɪ t m ʊ s
Verschlüsselungstechnik	f ɛ ɐ̯ ʃ l ʏ s ə l ʊ ŋ s t ɛ ç n ɪ k
Verschmutzung	f ɛ ɐ̯ ʃ m ʊ t͡s ʊ ŋ
Verschmutzungen	f ɛ ɐ̯ ʃ m ʊ t͡s ʊ ŋ ə n
Verschollenheit	f ɛ ɐ̯ ʃ ɔ l ə n h a ɪ̯ t
Verschrauben	f ɛ ɐ̯ ʃ ʁ a ʊ̯ b n̩
Verschrotten	f ɛ ɐ̯ ʃ ʁ ɔ t n̩
Verschrottung	f ɛ ɐ̯ ʃ ʁ ɔ t ʊ ŋ
Verschuldungsgrad	f ɛ ɐ̯ ʃ ʊ l d ʊ ŋ s ɡ ʀ aː t
Verschuldungsgrade	f ɛ ɐ̯ ʃ ʊ l d ʊ ŋ s ɡ ʀ aː d ə
Verschuldungsgrades	f ɛ ɐ̯ ʃ ʊ l d ʊ ŋ s ɡ ʀ aː d ə s
Verschuldungsgrads	f ɛ ɐ̯ ʃ ʊ l d ʊ ŋ s ɡ ʀ aː t s
Verschwendung	f ɛ ɐ̯ ʃ v ɛ n d ʊ ŋ
Verschüttung	f ɛ ɐ̯ ʃ ʏ t ʊ ŋ
Versendung	f ɛ ɐ̯ z ɛ n d ʊ ŋ
Versetzung	f ɛ ɐ̯ z ɛ t͡s ʊ ŋ
Versetzungen	f ɛ ɐ̯ z ɛ t͡s ʊ ŋ ə n
Versfuß	f ɛ ʁ s f uː s
Versicherungsrecht	f ɛ ɐ̯ z ɪ ç ə ʁ ʊ ŋ s ʁ ɛ ç t
Versicherungsrechtes	f ɛ ɐ̯ z ɪ ç ə ʁ ʊ ŋ s ʁ ɛ ç t ə s
Versicherungsrechtler	f ɛ ɐ̯ z ɪ ç ə ʁ ʊ ŋ s ʁ ɛ ç t l ɐ
Versicherungsrechtlerin	f ɛ ɐ̯ z ɪ ç ə ʁ ʊ ŋ s ʁ ɛ ç t l ə ʁ ɪ n
Versicherungsrechtlerinnen	f ɛ ɐ̯ z ɪ ç ə ʁ ʊ ŋ s ʁ ɛ ç t l ə ʁ ɪ n ə n
Versicherungsrechtlers	f ɛ ɐ̯ z ɪ ç ə ʁ ʊ ŋ s ʁ ɛ ç t l ɐ s
Versicherungsrechts	f ɛ ɐ̯ z ɪ ç ə ʁ ʊ ŋ s ʁ ɛ ç t͡s
Versicherungsvertreterin	f ɛ ɐ̯ z ɪ ç ə ʁ ʊ ŋ s f ɐ t ʁ eː t ə ʁ ɪ n
Versilberung	f ɛ ɐ̯ z ɪ l b ɘ ʁ ʊ ŋ
Version	v ɛ ɐ̯ z i̯ oː n
Versionen	v ɛ ɐ̯ z i̯ oː n ə n
Versklavung	f ɛ ɐ̯ s k l aː v ʊ ŋ
Verslehre	f ɛ ʁ s l eː ʁ ə
Versmaß	f ɛ ʁ s m aː s
Versorgung	f ɛ ɐ̯ z ɔ ʁ ɡ ʊ ŋ
Versorgungsengpass	f ɛ ɐ̯ z ɔ ʁ ɡ ʊ ŋ s ʔ ɛ ŋ p a s
Versorgungslücke	f ɛ ɐ̯ z ɔ ʁ ɡ ʊ ŋ s l ʏ k ə
Versorgungssicherheit	f ɛ ɐ̯ z ɔ ʁ ɡ ʊ ŋ s z ɪ ç ɛ ɐ̯ h a ɪ̯ t
Verspotten	f ɛ ɐ̯ ʃ p ɔ t n̩
Verspritzen	f ɛ ɐ̯ ʃ p ʁ ɪ t s n̩
Verstaatlichung	f ɛ ɐ̯ ʃ t aː t l ɪ ç ʊ ŋ
Verstauben	f ɛ ɐ̯ ʃ t a ʊ̯ b n̩
Verstauchen	f ɛ ɐ̯ ʃ t a ʊ̯ x n̩
Verstauen	f ɛ ɐ̯ ʃ t a ʊ̯ n̩
Verstecken	f ɐ ʃ t ɛ k ŋ̍
Verstehen	f ɛ ɐ̯ ʃ t eː ə n
Versteifen	f ɛ ɐ̯ ʃ t a ɪ̯ f n̩
Versteinerung	f ɛ ɐ̯ ʃ t a ɪ̯ n ɐ ʁ ʊ ŋ
Verstellung	f ɛ ʁ ʃ t ɛ l ʊ ŋ
Verstorbenen	f ɛ ɐ̯ ʃ t ɔ ʁ b ə n ə n
Verstorbener	f ɛ ɐ̯ ʃ t ɔ ʁ b ə n ɐ
Verstossen	f ɛ ɐ̯ ʃ t oː s n̩
Verstosser	f ɛ ɐ̯ ʃ t oː s ɐ
Verstoßer	f ɛ ɐ̯ ʃ t oː s ɐ
Verstrahlung	f ɛ ɐ̯ ʃ t ʁ aː l ʊ ŋ
Verständigung	f ɛ ɐ̯ ʃ t ɛ n d ɪ ɡ ʊ ŋ
Verständlichkeit	f ɛ ɐ̯ ʃ t ɛ n t l ɪ ç k a ɪ̯ t
Verstärker	f ɛ ɐ̯ ʃ t ɛ ʁ k ɐ
Verstäuben	f ɛ ɐ̯ ʃ t ɔ ɪ̯ b n̩
Versuchskaninchen	f ɛ ɐ̯ z uː χ s k a n iː n ç ə n
Verteidigungsfähigkeit	f ɛ ɐ̯ t a ɪ̯ d ɪ ɡ ʊ ŋ s f ɛː ɪ ç k a ɪ̯ t
Verteidigungsminister	f ɛ ɐ̯ t a ɪ̯ d ɪ ɡ ʊ ŋ s m i n ɪ s t ɐ
Verteidigungsministerin	f ɛ ɐ̯ t a ɪ̯ d ɪ ɡ ʊ ŋ s m i n ɪ s t ə ʁ ɪ n
Verteidigungspolitik	f ɛ ɐ̯ t a ɪ̯ d ɪ ɡ ʊ ŋ s p oː l i t iː k
Verteidigungswall	f ɛ ɐ̯ t a ɪ̯ d ɪ ɡ ʊ ŋ s v a l
Verteilen	f ɛ ɐ̯ tʰ a ɪ̯ l n
Vertelefonieren	f ɛ ɐ̯ t e l ə f o n iː ʁ ə n
Verteufelung	f ɛ ɐ̯ t ɔ ɪ̯ f ə l ʊ ŋ
Verticken	f ɛ ɐ̯ t ɪ k ŋ̩
Vertiefung	f ɐ t iː f ʊ ŋ
Vertilgen	f ɛ ɐ̯ t ɪ l ɡ n̩
Vertonen	f ɛ ɐ̯ t oː n ə n
Vertrag	f ɐ t ʁ aː k
Vertrag	f ɛ ɐ̯ t ʁ aː k
Vertragsbruch	f ɛ ɐ̯ t ʁ aː k s b ʁ ʊ x
Vertrauensfrage	f ɛ ɐ̯ t ʁ a ʊ̯ ə n s f ʁ aː ɡ ə
Vertrauensfragen	f ɛ ɐ̯ t ʁ a ʊ̯ ə n s f ʁ aː ɡ n̩
Vertrauensperson	f ɛ ɐ̯ t ʁ a ʊ̯ ə n s p ɛ ʁ z oː n
Vertrauensvorschuss	f ɛ ɐ̯ t ʁ a ʊ̯ ə n s f oː ɐ̯ ʃ ʊ s
Vertrautheit	f ɛ ɐ̯ t ʁ a ʊ̯ t h a ɪ̯ t
Vertreiben	f ɛ ʁ t ʁ a ɪ̯ b m̩
Vertreterin	f ɐ t ʁ eː t ə ʁ ɪ n
Vertretung	f ɐ t ʁ eː t ʊ ŋ
Vertretungsauftrag	f ɐ t ʁ eː t ʊ ŋ s ʔ a ʊ̯ f t ʁ aː k
Vertretungsauftrages	f ɐ t ʁ eː t ʊ ŋ s ʔ a ʊ̯ f t ʁ aː ɡ ə s
Vertretungsauftrags	f ɐ t ʁ eː t ʊ ŋ s ʔ a ʊ̯ f t ʁ aː k s
Vertretungsaufträge	f ɐ t ʁ eː t ʊ ŋ s ʔ a ʊ̯ f t ʁ ɛː ɡ ə
Vertretungsberechtigter	f ɛ ɐ̯ t ʁ eː t ʊ ŋ s b ə ʁ ɛ ç t ɪ ç t ɐ
Vertrieb	f ɛ ɐ̯ t ʁ iː p
Vertriebsstrategie	f ɛ ɐ̯ t ʁ iː p s s t ʁ a t ə ɡ iː
Verträglichkeit	f ɛ ɐ̯ t ʁ ɛː k l ɪ ç k a ɪ̯ t
Vertrösten	f ɛ ɐ̯ t r øː s t n̩
Vertun	f ɛ ɐ̯ t uː n
Vertuschen	f ɛ ɐ̯ t ʊ ʃ n̩
Vertuschung	f ɛ ɐ̯ t ʊ ʃ ʊ ŋ
Verunglimpfen	f ɛ ɐ̯ ʔ ʊ n ɡ l ɪ m p͡f n̩
Verunreinigen	f ɛ ɐ̯ ʔ ʊ n ʁ a ɪ̯ n ɪ ɡ n̩
Verunreinigung	f ɛ ɐ̯ ʔ ʊ n r a ɪ̯ n ɪ ɡ ʊ ŋ
Verunreinigung	f ɛ ɐ̯ ʔ ʊ n ʁ a ɪ̯ n ɪ ɡ ʊ ŋ
Verunreinigungen	f ɛ ɐ̯ ʔ ʊ n ʁ a ɪ̯ n ɪ ɡ ʊ ŋ ə n
Verurteiler	f ɐ ʔ uː ɐ̯ t a ɪ̯ l ɐ
Verurteilung	f ɛ ɐ̯ ʔ ʊ ʁ t a ɪ̯ l ʊ ŋ
Vervierfachung	f ɛ ɐ̯ f iː ɐ̯ f a χ ʊ ŋ
Vervollkommnen	f ɛ ɐ̯ f ɔ l k ɔ m n ə n
Verwahrer	f ɛ ɐ̯ v aː ʁ ɐ
Verwahrlosung	f ɛ ɐ̯ v aː ɐ̯ l oː z ʊ ŋ
Verwaltung	f ɛ ɐ̯ v a l tʰ ʊ ŋ
Verwaltungsbezirk	f ɛ ɐ̯ v a l tʰ ʊ ŋ s b ə t s ɪ ʁ k
Verwaltungsbezirke	f ɛ ɐ̯ v a l tʰ ʊ ŋ s b ə t s ɪ ʁ k ə
Verwaltungsbezirkes	f ɛ ɐ̯ v a l tʰ ʊ ŋ s b ə t s ɪ ʁ k ə s
Verwaltungsbezirks	f ɛ ɐ̯ v a l tʰ ʊ ŋ s b ə t s ɪ ʁ k s
Verwaltungsgebiet	f ɛ ɐ̯ v a l t ʊ ŋ s ɡ ə b iː t
Verwaltungsgebäude	f ɛ ɐ̯ v a l t ʊ ŋ s ɡ ə b ɔ ɪ̯ d ə
Verwaltungsgebäudes	f ɛ ɐ̯ v a l t ʊ ŋ s ɡ ə b ɔ ɪ̯ d ə s
Verwaltungsgebühr	f ɛ ɐ̯ v a l t ʊ ŋ s ɡ ə b yː ɐ̯
Verwaltungsrat	f ɛ ɐ̯ v a l t ʊ ŋ s ʁ aː t
Verwaltungsrecht	f ɛ ɐ̯ v a l t ʊ ŋ s ʁ ɛ ç t
Verwaltungsrechtler	f ɛ ɐ̯ v a l t ʊ ŋ s ʁ ɛ ç t l ɐ
Verwaltungsrechtlers	f ɛ ɐ̯ v a l t ʊ ŋ s ʁ ɛ ç t l ɐ s
Verwandtschaft	f ɐ v a n t ʃ a f t
Verwanzen	f ɛ ɐ̯ v a n t s n̩
Verwanzen	f ɛ ɐ̯ v a n t s ə n
Verweben	f ɛ ɐ̯ v eː b n̩
Verwechseln	f ɛ ɐ̯ v ɛ k s l̩ n
Verwechseln	f ɛ ɐ̯ v ɛ k s ə l n
Verwechselung	f ɛ ɐ̯ v ɛ k s ə l ʊ ŋ
Verwechselungen	f ɛ ɐ̯ v ɛ k s ə l ʊ ŋ ə n
Verwechslungen	f ɛ ɐ̯ v ɛ k s l ʊ ŋ ə n
Verwechslungskomödien	f ɛ ɐ̯ v ɛ k s l ʊ ŋ s k o m øː d i̯ ə n
Verwehren	f ɛ ʁ v eː ʁ ə n
Verweigern	f ɛ ɐ̯ v a ɪ̯ ɡ ɐ n
Verweigerung	f ɛ ɐ̯ v a ɪ̯ ɡ ə ʁ ʊ ŋ
Verwertungsrisiko	f ɛ ɐ̯ v eː ɐ̯ t ʊ ŋ s ʁ iː z i k o
Verwetten	f ɛ ɐ̯ v ɛ t n̩
Verwichsen	f ɛ ɐ̯ v ɪ k s n̩
Verwinden	f ɐ v ɪ n d n̩
Verwirken	f ɛ ɐ̯ v ɪ ʁ k n̩
Verwirklichen	f ɛ ɐ̯ v ɪ ɐ̯ k l ɪ ç n̩
Verwirklichen	f ɛ ɐ̯ v ɪ ɐ̯ k l ɪ ç ə n
Verwirklichen	f ɛ ɐ̯ v ɪ ʁ k l ɪ ç n̩
Verwirklichen	f ɛ ɐ̯ v ɪ ʁ k l ɪ ç ə n
Verwittern	f ɛ ɐ̯ v ɪ t ɛ ɐ̯ n
Verwittern	f ɛ ʁ v ɪ t ɛ ʁ n
Verwringen	f e ʁ v ʁ ɪ ŋ ə n
Verwunden	f ɐ v ʊ n d n̩
Verwundern	f ɛ ɐ̯ v ʊ n d ɐ n
Verwöhnen	f ɛ ɐ̯ v øː n ə n
Verwünschen	f ɛ ɐ̯ v ʏ n ʃ n̩
Verwüsten	f ɛ ɐ̯ v yː s t n̩
Verwüstung	f ɛ ɐ̯ v yː s t ʊ ŋ
Verzapfen	f ɛ ɐ̯ t͡s a p͡f n̩
Verzaubern	f ɛ ɐ̯ t s a ʊ̯ b ɐ n
Verzehren	f ɛ ɐ̯ t s eː ɐ̯ n
Verzeichnen	f ɛ ʁ t s a ɪ ç n ə n
Verzeichnis	f ɛ ɐ̯ t͡s a ɪ̯ ç n ɪ s
Verzerren	f ɛ ɐ̯ t͡s ɛ ʁ ə n
Verzichten	f ɛ ɐ̯ t͡s ɪ ç t n̩
Verzinken	f ɛ ɐ̯ t s ɪ ŋ k ə n
Verzocken	f ɛ ɐ̯ t͡s ɔ k n̩
Verzollen	f ɛ ɐ̯ t͡s ɔ l ə n
Verzählen	f ɛ ɐ̯ t s ɛː l ə n
Verzählen	f ɛ ɐ̯ t s ɛː l̩ n
Verzäuner	f ɛ ɐ̯ t͡s ɔ ɪ̯ n ɐ
Verzögern	f ɛ ɐ̯ t͜s øː ɡ ɐ n
Verzögerungstaktik	f ɛ ɐ̯ t͡s øː ɡ ə ʁ ʊ ŋ s t a k t ɪ k
Veräußerungsgewinn	f ɛ ɐ̯ ʔ ɔ ɪ̯ s ə ʁ ʊ ŋ s ɡ ə v ɪ n
Vesper	f ɛ s p ɐ
Vespers	f ɛ s p ɐ s
Veterinärmedizin	v e t ə ʁ i n ɛː ɐ̯ m e d i t͡s iː n
Veto	v eː t o
Vetter	f ɛ t ɐ
Vibrieren	v i b ʁ iː ʁ ə n
Viceadmiral	f iː t͡s ə ʔ a t m i ʁ aː l
Vicedirector	f iː t͡s ə d i ʁ ɛ k t oː ɐ̯
Vicekanzler	f iː t͡s ə k a n t͡s l ɐ
Vicekanzler	v iː t͡s ə k a n t͡s l ɐ
Vicepräsident	f iː t͡s ə p ʁ ɛ z i d ɛ n t
Vicepräsident	f iː t͡s ə p ʁ ɛː z i d ɛ n t
Victoria	v ɪ k t oː ʁ i a
Video	v iː d e o
Video	v iː d j o
Videoaufzeichnung	v iː d j o ʔ a ʊ̯ f t s a ɪ̯ ç n ʊ ŋ
Videorekorder	v iː d j o ʁ e k ɔ ʁ d ɐ
Viehdieb	f iː d iː p
Viehdiebin	f iː d iː b ɪ n
Viehdiebinnen	f iː d iː b ɪ n ə n
Viehhändlerin	f iː h ɛ n t l ə ʁ ɪ n
Viehhändlerinnen	f iː h ɛ n t l ə ʁ ɪ n ə n
Viehzucht	f iː t͡s ʊ x t
Vieleck	f iː l ʔ ɛ kʰ
Vielflach	f iː l f l a χ
Vielflache	f iː l f l a χ ə
Vielflaches	f iː l f l a χ ə s
Vielflachs	f iː l f l a χ s
Vielgötterei	f iː l ɡ œ t ə ʁ a ɪ̯
Vielweiberei	f iː l v a ɪ̯ b ə ʁ a ɪ̯
Vielzahl	f iː l t͡s aː l
Viereck	f iː ɐ̯ ʔ ɛ kʰ
Vierfüßer	f iː ɐ̯ f yː s ɐ
Vierfüßers	f iː ɐ̯ f yː s ɐ s
Vierfüßler	f iː ɐ̯ f yː s l ɐ
Vierfüßlers	f iː ɐ̯ f yː s l ɐ s
Vierjährigen	f iː ɐ̯ j ɛː ʁ ɪ ɡ n̩
Vierjähriger	f iː ɐ̯ j ɛː ʁ ɪ ɡ ɐ
Viernheimer	f ɪ ʁ n h a ɪ̯ m ɐ
Viernheimerin	f ɪ ʁ n h a ɪ̯ m ə ʁ ɪ n
Viernheimerinnen	f ɪ ʁ n h a ɪ̯ m ə ʁ ɪ n ə n
Viernheimers	f ɪ ʁ n h a ɪ̯ m ɐ s
Viernheims	f ɪ ʁ n h a ɪ̯ m s
Vierpersonenhaushalt	f iː r p ɛ r z oː n ə n h a ʊ̯ s h a l t
Vierpersonenhaushalte	f iː r p ɛ r z oː n ə n h a ʊ̯ s h a l t ə
Vierpersonenhaushaltes	f iː r p ɛ r z oː n ə n h a ʊ̯ s h a l t ə s
Vierpersonenhaushalts	f iː r p ɛ r z oː n ə n h a ʊ̯ s h a l t s
Viersen	f i ɐ̯ z n̩
Viersen	f iː ɐ̯ z n̩
Viertausendstel	f iː ɐ̯ t a ʊ z n̩ t͡s t ɮ̩̻
Viertel	f ɪ ɐ̯ t l̩
Viertel	f ɪ ɐ̯ t ə l
Viertel	f ɪ ʁ t l̩
Viertel	f ɪ ʁ t ə l
Vierteljahrhundert	f ɪ ʁ t l̩ j aː ɐ̯ h ʊ n d ɐ t
Viertelnote	f ɪ ʁ t l̩ n oː t ə
Vierterl	f iː ɐ t ɐ l
Vierunddreißigjährige	f iː ɐ̯ ʊ n t d ʁ a ɪ̯ s ɪ ç j ɛː ʁ ɪ ɡ ə
Vierunddreißigjährigen	f iː ɐ̯ ʊ n t d ʁ a ɪ̯ s ɪ ç j ɛː ʁ ɪ ɡ ə n
Vierunddreißigjähriger	f iː ɐ̯ ʊ n t d ʁ a ɪ̯ s ɪ ç j ɛː ʁ ɪ ɡ ɐ
Vierundfünfzigjährigen	f ɪ ɐ̯ ʊ n t f ʏ n f t͡s ɪ ç j ɛː ʁ ɪ ɡ ə n
Vierundvierzigjährige	f ɪ ɐ̯ ʊ n t f ɪ ɐ̯ t͡s ɪ ç j ɛː ʁ ɪ ɡ ə
Vierundvierzigjährigen	f ɪ ɐ̯ ʊ n t f ɪ ɐ̯ t͡s ɪ ç j ɛː ʁ ɪ ɡ ə n
Vierundvierzigjähriger	f ɪ ɐ̯ ʊ n t f ɪ ɐ̯ t͡s ɪ ç j ɛː ʁ ɪ ɡ ɐ
Vierundzwanzigjährige	f iː ɐ̯ ʊ n t͡s v a n t͡s ɪ ç j ɛː ʁ ɪ ɡ ə
Vierundzwanzigjährigen	f iː ɐ̯ ʊ n t͡s v a n t͡s ɪ ç j ɛː ʁ ɪ ɡ ə n
Vierundzwanzigjähriger	f iː ɐ̯ ʊ n t͡s v a n t͡s ɪ ç j ɛː ʁ ɪ ɡ ɐ
Vierwaldstättersee	f iː ɐ̯ v a l t ʃ t ɛ t ɐ z eː
Vierwaldstättersees	f iː ɐ̯ v a l t ʃ t ɛ t ɐ z eː s
Vierzehnjährige	f ɪ ʁ t͡s eː n j ɛː ʁ ɪ ɡ ə
Vierzehnjährigen	f ɪ ʁ t͡s eː n j ɛː ʁ ɪ ɡ n̩
Vierzehnjährigen	f ɪ ʁ t͡s eː n j ɛː ʁ ɪ ɡ ɐ n
Vierzehnjähriger	f ɪ ʁ t͡s eː n j ɛː ʁ ɪ ɡ ɐ
Vierzehntel	f ɪ ɐ̯ t͡s eː n t l̩
Vierzehntels	f ɪ ʁ t͡s eː n t l̩ s
Vierzighuben	f ɪ ɐ̯ t͡s ɪ ç h uː b n̩
Vierzighubener	f ɪ ɐ̯ t͡s ɪ ç h uː b n̩ ɐ
Vierzighubeners	f ɪ ɐ̯ t͡s ɪ ç h uː b n̩ ɐ s
Vierzighubens	f ɪ ɐ̯ t͡s ɪ ç h uː b n̩ s
Vierzigjährige	f ɪ ɐ̯ t͡s ɪ ç j ɛː ʁ ɪ ɡ ə
Vierzigjährigen	f ɪ ɐ̯ t͡s ɪ ç j ɛː ʁ ɪ ɡ ə n
Vierzigjähriger	f ɪ ɐ̯ t͡s ɪ ç j ɛː ʁ ɪ ɡ ɐ
Vierzigstel	f ɪ ʁ t͡s ɪ ç s t l̩
Vierzigtausendstel	f iː ɐ̯ s ɪ k t a ʊ z n̩ t͡s t ɮ̩
Vierzigtausendstel	f iː ɐ̯ s ɪ k t a ʊ z n̩ t͡s t ɮ̩̻
Vierzigtausendstel	f iː ɐ̯ s ɪ ç t a ʊ z n̩ t͡s t ɮ̩̻
Vietnam	v i ɐ̯ t n a m
Vietnamesin	v i̯ ɛ t n a m eː z ɪ n
Vietnamisieren	v i̯ ɛ t n a m i z iː ʁ ə n
Vietnams	v i ɐ̯ t n a m s
Vigilantismus	v i ɡ i l a n t ɪ s m ʊ s
Vignette	v i ɲ ɛ t ə
Vignette	v ɪ n j ɛ t ə
Viktoria	v ɪ k t oː ʁ i a
Villinger	f ɪ l ɪ ŋ ɐ
Villingerin	f ɪ l ɪ ŋ ə ʁ ɪ n
Villingerinnen	f ɪ l ɪ ŋ ə ʁ ɪ n ə n
Villingers	f ɪ l ɪ ŋ ɐ s
Vilshofen	f ɪ l s h oː f n̩
Vilshofener	f ɪ l s h oː f n̩ ɐ
Vilshofenerin	f ɪ l s h oː f n̩ ə ʁ ɪ n
Vilshofenerinnen	f ɪ l s h oː f n̩ ə ʁ ɪ n ə n
Vilshofeners	f ɪ l s h oː f n̩ ɐ s
Vilshofens	p͡f a f n̩ h oː f n̩ s
Vincent	v ɪ n t s ɛ n t
Viola	v i oː l a
Viola	v j oː l a
Viole	v i oː l ə
Viole	v j oː l ə
Violett	v i̯ o l ɛ t
Viper	f iː p ɐ
Viper	v iː p ɐ
Viren	v iː ɐ n
Viren	v iː ʁ ə n
Virtualisieren	v ɪ ʁ t u a l i z iː ʁ ə n
Viruslast	v iː ʁ ʊ s l a s t
Visier	v i z i ɐ̯
Visier	v i z iː ɐ̯
Vitus	v iː t ʊ s
Vizeadmiral	f iː t͡s ə ʔ a t m i ʁ aː l
Vizechefin	f iː t͡s ə ʃ ɛ f ɪ n
Vizechefinnen	f iː t͡s ə ʃ ɛ f ɪ n ə n
Vizedirektor	f iː t͡s ə d i ʁ ɛ k t oː ɐ̯
Vizedirektorin	f iː t͡s ə d i ʁ ɛ k t oː ʁ ɪ n
Vizedirektorinnen	f iː t͡s ə d i ʁ ɛ k t oː ʁ ɪ n ə n
Vizekanzler	f iː t͡s ə k a n t͡s l ɐ
Vizekönig	f iː t͡s ə k øː n ɪ k
Vizekönig	f iː t͡s ə k øː n ɪ ç
Vizekönigreich	f iː t͡s ə k øː n ɪ k ʁ a i̯ ç
Vizekönigreiche	f iː t͡s ə k øː n ɪ k ʁ a i̯ ç ə
Vizekönigs	f iː t͡s ə k øː n ɪ k s
Vizekönigs	f iː t͡s ə k øː n ɪ ç s
Vizepremier	f iː t͡s ə p ʁ ə m i̯ eː
Vizepremierminister	f iː t͡s ə p ʁ ə m i̯ eː m i n ɪ s t ɐ
Vizerektorin	f iː t͡s ə d i ʁ ɛ k t oː ʁ ɪ n
Vizerektorinnen	f iː t͡s ə d i ʁ ɛ k t oː ʁ ɪ n ə n
Vogel	f oː ɡ l̩
Vogel	f oː ɡ ə l
Vogelfeder	f oː ɡ l̩ f eː d ɐ
Vogelfänger	f oː ɡ ə l f ɛ ŋ ɐ
Vogelhaus	f oː ɡ l̩ h a ʊ̯ s
Vogelnest	f oː ɡ l̩ n ɛ s t
Vogelschiss	f oː ɡ l̩ ʃ ɪ s
Vogelschutz	f oː ɡ l̩ ʃ ʊ t͡s
Vogelschutzgebiet	f oː ɡ l̩ ʃ ʊ t͡s ɡ ə b iː t
Vogelschwarm	f oː ɡ l̩ ʃ v a ʁ m
Vogelspinne	f oː ɡ l̩ ʃ p ɪ n ə
Vogelzug	f oː ɡ l̩ t͡s uː k
Vokabular	v oː k a b u l aː
Vokabular	v oː k a b u l aː ɐ̯
Vokal	v o k aː l
Volatilitätsrückgang	v o l a t i l i t ɛː t͡s ʁ ʏ k ɡ a ŋ
Volendamer	v oː l ə n d a m ɐ
Volendamers	v oː l ə n d a m ɐ s
Volker	f ɔ l k ɐ
Volksdeutscher	f ɔ l k s d ɔ ʏ̯ t ʃ ɐ
Volksempfänger	f ɔ l k s ʔ ɛ m p͡f ɛ ŋ ɐ
Volksetymologie	f ɔ l k s ʔ e t y m o l o ɡ iː
Volksgruppe	f ɔ l k s ɡ ʁ ʊ p ə
Volksparteien	f ɔ l k s p a ʁ t a ɪ̯ ə n
Volksverhetzung	f ɔ l k s f ɛ ɐ̯ h ɛ t͡s ʊ ŋ
Volksverräter	f ɔ l k s f ɛ ɐ̯ ʁ ɛː t ɐ
Volksverräterin	f ɔ l k s f ɛ ɐ̯ ʁ ɛː t ə ʁ ɪ n
Volksvertretung	f ɔ l k s f ɛ ɐ̯ t ʁ eː t ʊ ŋ
Volkswagen	f ɔ l k s v aː ɡ ŋ̍
Vollakademiker	f ɔ l a k a d eː m ɪ k ɐ
Vollbeschäftigung	f ɔ l b ə ʃ ɛ f t ɪ ɡ ʊ ŋ
Vollbeteiligung	f ɔ l b ə t a ɪ̯ l ɪ ɡ ʊ ŋ
Vollenden	f ɔ l ɛ n d ə n
Volleyballspieler	v ɔ l i b a l ʃ p iː l ɐ
Volleyballspielerin	v ɔ l e b a l ʃ p iː l ə ʁ ɪ n
Volleyballspielerin	v ɔ l i b a l ʃ p iː l ə ʁ ɪ n
Volleyballspielerin	v ɔ l ɛ ɪ̯ b a l ʃ p iː l ə ʁ ɪ n
Vollidiot	f ɔ l i d j oː t
Vollidiot	f ɔ l ʔ i d i oː t
Volljurist	f ɔ l j u ʁ ɪ s t
Vollkorndöner	f ɔ l k ɔ ɐ̯ n d øː n ɐ
Volllaufen	f ɔ l l a ʊ̯ f n̩
Vollmantelgeschoss	f ɔ l m a n t l̩ ɡ ə ʃ ɔ s
Vollmantelgeschosse	f ɔ l m a n t l̩ ɡ ə ʃ ɔ s ə
Vollmantelgeschosses	f ɔ l m a n t l̩ ɡ ə ʃ ɔ s ə s
Vollmantelpatrone	f ɔ l m a n t l̩ p a t ʁ oː n ə
Vollmantelpatronen	f ɔ l m a n t l̩ p a t ʁ oː n ə n
Vollname	f ɔ l n aː m ə
Vollnarkose	f ɔ l n a ʁ k oː z ə
Vollstopfen	f ɔ l ʃ t ɔ p f n̩
Vollstrecken	f ɔ l ʃ t ʁ ɛ k n̩
Vollstreckungen	f ɔ l ʃ t ʁ ɛ k ʊ ŋ ə n
Volltrottel	f ɔ l t ʁ ɔ t l̩
Vollwaschmittel	f ɔ l v a ʃ m ɪ t l̩
Vollwaschmittel	f ɔ l v a ʃ m ɪ t ə l
Vorabdruck	f oː ɐ̯ ʔ a p d ʁ ʊ k
Vorabdrucke	f oː ɐ̯ ʔ a p d ʁ ʊ k ə
Vorabdrucken	f oː ɐ̯ ʔ a p d ʁ ʊ k n̩
Vorabdrucken	f oː ɐ̯ ʔ a p d ʁ ʊ k ŋ̩
Vorabdruckes	f oː ɐ̯ ʔ a p d ʁ ʊ k ə s
Vorabdrucks	f oː ɐ̯ ʔ a p d ʁ ʊ k s
Vorahnungen	f oː ɐ̯ ʔ aː n ʊ ŋ ə n
Vorankommen	f oː ʁ a n k ɔ m ə n
Voranstellen	f o ʁ a n ʃ t ɛ l ə n
Vorantreiben	f oː ʁ a n t ʁ a ɪ̯ b m̩
Vorantreiben	f oː ʁ a n t ʁ a ɪ̯ b n̩
Vorarbeit	f oː ɐ̯ ʔ a ʁ b a ɪ̯ t
Vorarlberger	f oː ɐ̯ ʔ a ʁ l b ɛ ʁ ɡ ɐ
Vorarlbergerinnen	f oː ɐ̯ ʔ a ʁ l b ɛ ʁ ɡ ə ʁ ɪ n ə n
Vorausahnung	f o ʁ a ʊ̯ s ʔ aː n ʊ ŋ
Vorausahnungen	f o ʁ a ʊ̯ s ʔ aː n ʊ ŋ ə n
Vorausdeutung	f o ʀ a ʊ̯ s d ɔ ɪ̯ t ʊ ŋ
Vorausdeutungen	f o ʀ a ʊ̯ s d ɔ ɪ̯ t ʊ ŋ ə n
Vorauseilen	f oː ʁ a ʊ̯ s a ɪ̯ l ə n
Voraussage	f oː ʁ a ʊ̯ s z aː ɡ ə
Voraussagung	f oː ʁ a ʊ̯ s z aː ɡ ʊ ŋ
Voraussetzen	f o ʁ a ʊ̯ s z ɛ t s n̩
Voraussetzung	f o ɐ̯ ʁ a ʊ̯ s s ɛ t͡s ʊ ŋ
Vorbeifahren	f oː ɐ̯ b a ɪ̯ f aː ʁ ə n
Vorbeifahrer	f oː ɐ̯ b a ɪ̯ f aː ʁ ɐ
Vorbeiflug	f oː ɐ̯ b a ɪ̯ f l uː k
Vorbeifluges	f oː ɐ̯ b a ɪ̯ f l uː ɡ ə s
Vorbeiflugs	f oː ɐ̯ b a ɪ̯ f l uː ɡ s
Vorbeiflüge	f oː ɐ̯ b a ɪ̯ f l yː ɡ ə
Vorbereitungsdienst	f oː ɐ̯ b ə ʁ a ɪ̯ t ʊ ŋ s d iː n s t
Vorbestellen	f oː ɐ̯ b ə ʃ t ɛ l ə n
Vorbesteller	f oː ɐ̯ b ə ʃ t ɛ l ɐ
Vorbestellung	f oː ɐ̯ b ə ʃ t ɛ l ə n
Vorbeugung	f oː ɐ̯ b ɔ ɪ̯ ɡ ʊ ŋ
Vorbilden	f oː ɐ̯ b ɪ l d n̩
Vordach	f oː ɐ̯ d a x
Vordenker	f oː ɐ̯ d ɛ ŋ k ɐ
Vordenkerin	f oː ɐ̯ d ɛ ŋ k ə ʁ ɪ n
Vordermann	f ɔ ʁ d ɐ m a n
Vorderradantrieb	f ɔ ʁ d ɐ ʁ aː t ʔ a n t ʁ iː p
Voreinstellung	f oː ɐ̯ a ɪ̯ n ʃ t ɛ l ʊ ŋ
Voreinstellung	f ɔ ɐ̯ a ɪ̯ n ʃ t ɛ l ʊ ŋ
Vorendsilbe	f oː ɐ̯ ʔ ɛ n t z ɪ l b ə
Vorfahrin	f oː ɐ̯ f aː ʁ ɪ n
Vorführeffekt	f oː ɐ̯ f yː ɐ̯ ʔ ɛ f ɛ k t
Vorgreifen	f oː ɐ̯ ɡ ʁ a ɪ̯ f n̩
Vorgängerin	f oː ɐ̯ ɡ ɛ ŋ ə ʁ ɪ n
Vorhaben	f oː ɐ̯ h aː b m̩
Vorhalten	f oː ɐ̯ h a l t n̩
Vorherrschen	f oː ɐ̯ h ɛ ɐ̯ ʃ n̩
Vorhersage	f oː ɐ̯ h eː ɐ̯ z aː ɡ ə
Vorhersagung	f oː ɐ̯ h eː ɐ̯ z aː ɡ ʊ ŋ
Vorhinein	f oː ɐ̯ h ɪ n a ɪ̯ n
Vorhängen	f oː ɐ̯ h ɛ ŋ ə n
Vorhängeschloss	f oː ɐ̯ h ɛ ŋ ə ʃ l ɔ s
Vorhäute	f o ɐ̯ h ɔ ɪ̯ t ə
Vorjahr	f oː ɐ̯ j aː
Vorjahr	f oː ɐ̯ j aː ɐ̯
Vorjahresquartal	f oː ɐ̯ j aː ʁ ə s k v a ʁ t aː l
Vorkasse	f oː ɐ̯ k a s ə
Vorkommen	f oː ɐ̯ k ɔ m ə n
Vorkoster	f oː ɐ̯ k ɔ s t ɐ
Vorladen	f oː ɐ̯ l aː d n̩
Vorlage	f oː ɐ̯ l aː ɡ ə
Vorleser	f oː ɐ̯ l eː z ɐ
Vormachen	f oː ɐ̯ m a x n̩
Vormacht	f oː ɐ̯ m a χ t
Vormarsch	f oː ɐ̯ m a ʁ ʃ
Vormonat	f oː ɐ̯ m oː n a tʰ
Vormonate	f oː ɐ̯ m oː n a tʰ ə
Vormonaten	f oː ɐ̯ m oː n a tʰ ə n
Vormonates	f oː ɐ̯ m oː n a tʰ ə s
Vormund	f oː ɐ̯ m ʊ n t
Vormärz	f oː ɐ̯ m ɛ ɐ̯ t͡s
Vormärz	f oː ʁ m ɛ ʁ t͡s
Vorname	f oː ɐ̯ n aː m ə
Vorpommer	f oː ɐ̯ p ɔ m ɐ
Vorpommern	f oː ɐ̯ p ɔ m ɐ n
Vorpommers	f oː ɐ̯ p ɔ m ɐ s
Vorquartal	f oː ɐ̯ k v a ʁ t aː l
Vorrat	f oː ɐ̯ ʁ aː t
Vorrat	f oː ʁ aː t
Vorrecht	f oː ɐ̯ ʁ ɛ ç t
Vorschein	f oː ɐ̯ ʃ a ɪ̯ n
Vorschlag	f oː ɐ̯ ʃ l aː k
Vorschlaghammer	f oː ɐ̯ ʃ l aː k h a m ɐ
Vorschrift	f oː ɐ̯ ʃ ʁ ɪ f tʰ
Vorschusslorbeer	f oː ɐ̯ ʃ ʊ s l ɔ ʁ b eː ɐ̯
Vorschusslorbeeren	f oː ɐ̯ ʃ ʊ s l ɔ ʁ b eː ʁ ə n
Vorschusslorbeeres	f oː ɐ̯ ʃ ʊ s l ɔ ʁ b eː ʁ ə s
Vorschusslorbeers	f oː ɐ̯ ʃ ʊ s l ɔ ʁ b eː ɐ̯ s
Vorsehung	f oː ɐ̯ z eː ʊ ŋ
Vorsicht	f oː ɐ̯ z ɪ ç t
Vorstand	f oː ɐ̯ ʃ t a n t
Vorstandsvorsitzender	f oː ɐ̯ ʃ t a n t͡s f oː ɐ̯ z ɪ t͡s n̩ d ɐ
Vorstellungsgespräch	f oː ɐ̯ ʃ t ɛ l ʊ ŋ s ɡ ə ʃ p ʁ ɛː ç
Vorstellungskraft	f oː ɐ̯ ʃ t ɛ l ʊ ŋ s k ʁ a f t
Vorstoßen	f oː ɐ̯ ʃ t oː s n̩
Vorsätzlichkeit	f oː ɐ̯ z ɛ t͡s l ɪ ç k a ɪ̯ t
Vorteil	f oː ɐ̯ t a ɪ̯ l
Vorurteil	f oː ɐ̯ ʊ ʁ t a ɪ̯ l
Vorurteil	f oː ɐ̯ ʔ ʊ ʁ t a ɪ̯ l
Vorvergangenheit	f oː ɐ̯ f ɛ ɐ̯ ɡ a ŋ n h a ɪ̯ t
Vorvergangenheit	f oː ɐ̯ f ɛ ɐ̯ ɡ a ŋ ə n h a ɪ̯ t
Vorvertrag	f oː ɐ̯ f ɛ ɐ̯ t ʁ aː k
Vorwurf	f oː ɐ̯ v ʊ ɐ̯ f
Vorwärtsdrall	f ɔ ʁ v ɛ ʁ t s d ʁ a l
Vorzeichen	f oː ɐ̯ t͡s a ɪ̯ ç n̩
Vorziehen	f oː ɐ̯ t s iː n
Vorzieher	f oː ɐ̯ t s iː ɐ
Vulkankegel	v ʊ l k aː n k eː ɡ l̩
Vulkankrater	v ʊ l k aː n k ʁ aː t ɐ
Väterlichkeit	f ɛː tʰ ɐ l ɪ ç kʰ a ɪ̯ tʰ
Vöcklabruck	f œ k l a b ʁ ʊ k
Vöcklabrucker	f œ k l a b ʁ ʊ k ɐ
Vöcklabruckers	f œ k l a b ʁ ʊ k ɐ s
Vöcklabrucks	f œ k l a b ʁ ʊ k s
Völkerfrühling	f œ̠ l k ə r f r y̠ː l ɪ̟ ŋ
Völkerfrühling	f œ̠ l kʰ ɐ f ʁ y̠ː l ɪ̟ ŋ
Völkerfrühlings	f œ̠ l k ə r f r y̠ː l ɪ̟ ŋ k s
Völkerfrühlings	f œ̠ l k ə r f r y̠ː l ɪ̟ ŋ s
Völkerfrühlings	f œ̠ l kʰ ɐ f ʁ y̠ː l ɪ̟ ŋ k s
Völkerfrühlings	f œ̠ l kʰ ɐ f ʁ y̠ː l ɪ̟ ŋ s
Völkerkundler	f œ l k ɐ k ʊ n d l ɐ
Völkerkundlers	f œ l k ɐ k ʊ n d l ɐ s
Völkermarkt	f œ l k ɐ m a ʁ k t
Völkermarkter	f œ l k ɐ m a ʁ k t ɐ
Völkermarkters	f œ l k ɐ m a ʁ k t ɐ s
Völkermarkts	f œ l k ɐ m a ʁ k t s
Völkermord	f œ l k ɐ m ɔ ʁ t
Völkerrechtes	f œ l k ɐ ʁ ɛ ç t ə s
Völkerrechtler	f œ l k ɐ ʁ ɛ ç t l ɐ
Völkerrechtlerin	f œ l k ɐ ʁ ɛ ç t l ə ʁ ɪ n
Völkerrechtlerinnen	f œ l k ɐ ʁ ɛ ç t l ə ʁ ɪ n ə n
Völkerrechtlers	f œ l k ɐ ʁ ɛ ç t l ɐ s
Völklinger	f œ l k l ɪ ŋ ɐ
Völklingerin	f œ l k l ɪ ŋ ə ʁ ɪ n
Völklingerinnen	f œ l k l ɪ ŋ ə ʁ ɪ n ə n
Völklingers	f œ l k l ɪ ŋ ɐ s
W	v
W	ʋ
Waadtland	v a t l a n t
Waadtland	v aː t l a n t
Waadtländer	v aː t l ɛ n d ɐ
Waagen	v aː ɡ ŋ̍
Wachhalten	v a x h a l t n̩
Wachhund	v a χ h ʊ n t
Wacholderbusch	v a x ɔ l d ɐ b ʊ ʃ
Wacholderbusches	v a x ɔ l d ɐ b ʊ ʃ ə s
Wacholderbuschs	v a x ɔ l d ɐ b ʊ ʃ s
Wacholderbüsche	v a x ɔ l d ɐ b ʏ ʃ ə
Wachskerze	v a k s k ɛ ʁ t͡s ə
Wachstumsstrategie	v a k s t uː m s s t ʁ a t e ɡ iː
Wachtel	v a χ t l̩
Wachtel	v a χ t ə l
Wadenkrampf	v aː d n̩ k ʁ a m p͡f
Wadenkrampfes	v aː d n̩ k ʁ a m p͡f ə s
Wadenkrampfs	v aː d n̩ k ʁ a m p͡f s
Wadenkrämpfe	v aː d n̩ k ʁ ɛ m p͡f ə
Waffenbesitz	v a f n̩ b ə z ɪ t͡s
Waffenbruder	v a f ɱ̩ b ʁ uː d ɐ
Waffenbruders	v a f ɱ̩ b ʁ uː d ɐ s
Waffenbrüder	v a f ɱ̩ b ʁ yː d ɐ
Waffenexperte	v a f n̩ ʔ ɛ k s p ɛ ʁ t ə
Waffenexpertin	v a f n̩ ʔ ɛ k s p ɛ ʁ t ɪ n
Waffenexpertinnen	v a f n̩ ʔ ɛ k s p ɛ ʁ t ɪ n ə n
Waffenindustrie	v a f n̩ ʔ ɪ n d ʊ s t ʁ iː
Waffenlager	v a f n̩ l aː ɡ ɐ
Waffenmix	v a f ɱ̍ m ɪ k s
Waffennarr	v a f n̩ n a ʁ
Waffenschmied	v a f ə n ʃ m iː t
Waffenschmiede	v a f n̩ ʃ m iː d ə
Waffenschmiedin	v a f ə n ʃ m iː d ɪ n
Waffenschmiedinnen	v a f ə n ʃ m iː d ɪ n ə n
Waffenschrank	v a f n̩ ʃ ʁ a ŋ k
Waffenstillstandsabkommens	v a f n̩ ʃ t ɪ l ʃ t a n t s ʔ a p k ɔ m ə n s
Waffenstillstandslinien	v a f n̩ ʃ t ɪ l ʃ t a n t s l iː n i̯ ə n
Wagen	v aː ɡ ŋ̍
Wagenknecht	v aː ɡ ŋ̍ k n ɛ ç t
Wagenknechts	v aː ɡ ŋ̍ k n ɛ ç t s
Wagner	v aː k n ɐ
Wagner	v aː ɡ n ɐ
Wagner	v aː χ n ɐ
Wahlen	v aː l̩ n
Wahlergebnis	v aː l ʔ ɛ ɐ̯ ɡ eː p n ɪ s
Wahlkampagne	v aː l k a m p a n j ə
Wahlkampagnen	v aː l k a m p a n j ə n
Wahlkreis	v aː l k ʁ a ɪ̯ s
Wahlkreisbewohner	v aː l k ʁ a ɪ̯ s b ə v oː n ɐ
Wahlkämpfer	v aː l k ɛ m p f ɐ
Wahlkämpferin	v aː l k ɛ m p f ə ʁ ɪ n
Wahlmännerkollegien	v aː l m ɛ n ɐ k ɔ l eː ɡ i̯ ə n
Wahlmännerkollegium	v aː l m ɛ n ɐ k ɔ l eː ɡ i̯ ʊ m
Wahlmännerkollegiums	v aː l m ɛ n ɐ k ɔ l eː ɡ i̯ ʊ m s
Wahlprogramm	v aː l p ʁ o ɡ ʁ a m
Wahlrechtsausschluss	v aː l ʁ ɛ ç t s ʔ a ʊ̯ s ʃ l ʊ s
Wahlrechtsausschlusses	v aː l ʁ ɛ ç t s ʔ a ʊ̯ s ʃ l ʊ s ə s
Wahlrechtsausschlüsse	v aː l ʁ ɛ ç t s ʔ a ʊ̯ s ʃ l y s ə
Wahlrechtsentzug	v aː l ʁ ɛ ç t s ʔ ɛ n t t s uː k
Wahlrechtsentzuges	v aː l ʁ ɛ ç t s ʔ ɛ n t t s uː ɡ ə s
Wahlrechtsentzüge	v aː l ʁ ɛ ç t s ʔ ɛ n t t s yː ɡ ə
Wahlsprengel	v aː l ʃ p ʁ ɛ ŋ l̩
Wahn	v aː n
Wahn	ʋ aː n
Wahrscheinlichkeit	v aː ɐ̯ ʃ a ɪ̯ n l ɪ ç kʰ a ɪ̯ tʰ
Wahrscheinlichkeiten	v aː ɐ̯ ʃ a ɪ̯ n l ɪ ç kʰ a ɪ̯ tʰ ə n
Wahrung	v aː ʁ ʊ ŋ
Waiblinger	v a ɪ̯ b l ɪ ŋ ɐ
Waiblingerin	v a ɪ̯ b l ɪ ŋ ə ʁ ɪ n
Waiblingerinnen	v a ɪ̯ b l ɪ ŋ ə ʁ ɪ n ə n
Waiblingers	v a ɪ̯ b l ɪ ŋ ɐ s
Waidbruck	v a ɪ̯ t b r ʊ k
Waidbrucker	v a ɪ̯ t b r ʊ k ɐ
Waidbruckerin	v a ɪ̯ t b r ʊ k ə ʁ ɪ n
Waidbruckerinnen	v a ɪ̯ t b r ʊ k ə ʁ ɪ n ə n
Waidbruckers	v a ɪ̯ t b r ʊ k ɐ s
Waidbrucks	v a ɪ̯ t b r ʊ k s
Waidhofener	v a ɪ̯ t h oː f n̩ ɐ
Waidhofenerin	v a ɪ̯ t h oː f n̩ ə ʁ ɪ n
Waidhofenerinnen	v a ɪ̯ t h oː f n̩ ə ʁ ɪ n ə n
Waidhofeners	v a ɪ̯ t h oː f n̩ ɐ s
Waidler	w a i d l à
Waldbauer	v a l t b a ʊ̯ ɐ
Waldbauers	v a l t b a ʊ̯ ɐ s
Waldbaur	v a l t b a ʊ̯ ɐ
Waldberg	v a l t b ɛ ʁ k
Waldbergs	v a l t b ɛ ʁ k s
Waldecker	v a l d ɛ k ɐ
Waldeckerin	v a l d ɛ k ə ʁ ɪ n
Waldeckerinnen	v a l d ɛ k ə ʁ ɪ n ə n
Waldeckers	v a l d ɛ k ɐ s
Waldeinsamkeit	v a l t ʔ a ɪ̯ n z aː m k a ɪ̯ t
Waldelben	v a l t ɛ l b n̩
Waldenberger	v a l d n̩ b ɛ ʁ ɡ ɐ
Waldenbergers	v a l d n̩ b ɛ ʁ ɡ ɐ s
Waldenburg	v a l d n̩ b ʊ ʁ k
Waldenburger	v a l d n̩ b ʊ ʁ ɡ ɐ
Waldenburgerin	v a l d n̩ b ʊ ʁ ɡ ə ʁ ɪ n
Waldenburgerinnen	v a l d n̩ b ʊ ʁ ɡ ə ʁ ɪ n ə n
Waldenburgers	v a l d n̩ b ʊ ʁ ɡ ɐ s
Waldenburgs	v a l d n̩ b ʊ ʁ k s
Waldesrand	v a l d ə s ʁ a n tʰ
Waldhaus	v a l t h a ʊ̯ s
Waldhaus'	v a l t h a ʊ̯ s
Waldhausen	v a l t h a ʊ̯ z n̩
Waldhausener	v a l t h a ʊ̯ z n̩ ɐ
Waldhausenerin	v a l t h a ʊ̯ z n̩ ə ʁ ɪ n
Waldhausenerinnen	v a l t h a ʊ̯ z n̩ ə ʁ ɪ n ə n
Waldhauseners	v a l t h a ʊ̯ z n̩ ɐ s
Waldhausens	v a l t h a ʊ̯ z n̩ s
Waldhauser	v a l t h a ʊ̯ z ɐ
Waldhauserin	v a l t h a ʊ̯ z ə ʁ ɪ n
Waldhauserinnen	v a l t h a ʊ̯ z ə ʁ ɪ n ə n
Waldhausers	v a l t h a ʊ̯ z ɐ s
Waldheimer	v a l t h a ɪ̯ m ɐ
Waldheimerin	v a l t h a ɪ̯ m ə ʁ ɪ n
Waldheimerinnen	v a l t h a ɪ̯ m ə ʁ ɪ n ə n
Waldheimers	v a l t h a ɪ̯ m ɐ s
Waldheims	v a l t h a ɪ̯ m s
Waldhelms	v a l t h ɛ l m s
Waldmair	v a l t m a ɪ̯ ɐ
Waldmann	v a l t m a n
Waldmanns	v a l t m a n s
Waldmayer	v a l t m a ɪ̯ ɐ
Waldmayr	v a l t m a ɪ̯ ɐ
Waldmeier	v a l t m a ɪ̯ ɐ
Waldmeiers	v a l t m a ɪ̯ ɐ s
Waldmeir	v a l t m a ɪ̯ ɐ
Waldmeistersaft	v a l t m a i s t ɐ z a f t
Waldmeyer	v a l t m a ɪ̯ ɐ
Waldmurmeltier	v a l t m ʊ ʁ m l̩ t iː ɐ̯
Waldner	v a l t n ɐ
Waldners	v a l t n ɐ s
Waldohreule	v ɑ l t ʔ oː ɐ̯ ʔ ɔ ɪ̯ l ə
Waldorfsalat	v a l d ɔ ʁ f z a l aː t
Waldorfsalate	v a l d ɔ ʁ f z a l aː t ə
Waldorfsalates	v a l d ɔ ʁ f z a l aː t ə s
Waldorfsalats	v a l d ɔ ʁ f z a l aː t s
Waldschwebfliege	v a l t ʃ v eː p f l iː ɡ ə
Waldsterben	v a l t ʃ t ɛ ʁ b n̩
Walhai	v aː l h a ɪ̯
Walisisch	v a l iː z ɪ ʃ
Wallberg	v a l b ɛ r ç
Wallberg	v a l b ɛ ʁ k
Wallbergs	v a l b ɛ r ç s
Wallbergs	v a l b ɛ ʁ k s
Wallburg	v a l b ʊ ʁ k
Walldorf	v a l d ɔ ʁ f
Walldorfer	v a l d ɔ ʁ f ɐ
Walldorferin	v a l d ɔ ʁ f ə ʁ ɪ n
Walldorfers	v a l d ɔ ʁ f ɐ s
Walldorfs	v a l d ɔ ʁ f s
Wallenstein	v a l ə n ʃ t a ɪ̯ n
Wallensteins	v a l ə n ʃ t a ɪ̯ n s
Waller	v a l ɐ
Wallerin	v a l ə ʁ ɪ n
Wallhausen	v a l h a ʊ̯ z n̩
Wallhausener	v a l h a ʊ̯ z n̩ ɐ
Wallhausenerin	v a l h a ʊ̯ z n̩ ə ʁ ɪ n
Wallhausenerinnen	v a l h a ʊ̯ z n̩ ə ʁ ɪ n ə n
Wallhauseners	v a l h a ʊ̯ z n̩ ɐ s
Wallhausens	v a l h a ʊ̯ z n̩ s
Wallinger	v a l ɪ ŋ ɐ
Wallingers	v a l ɪ ŋ ɐ s
Walliser	v a l i z ɐ
Wallmanns	v a l m a n s
Wallner	v a l n ɐ
Wallners	v a l n ɐ s
Walnussbaum	v a l n ʊ s b a ʊ̯ m
Walnussbäumchen	v a l n ʊ s b ɔ ɪ̯ m ç ə n
Walnussbäumlein	v a l n ʊ s b ɔ ɪ̯ m l a ɪ̯ n
Walnussschale	v a l n ʊ s ʃ aː l ə
Walnussschalen	v a l n ʊ s ʃ aː l ə n
Walnußbäumchen	v a l n ʊ s b ɔ ɪ̯ m ç ə n
Walter	v a l t ɐ
Waltner	v a l t n ɐ
Waltners	v a l t n ɐ s
Wams	v a m s
Wams	ʋ a m s
Wand	v a n t
Wand	ʋ a n t
Wandelschuldverschreibung	v a n d l̩ ʃ ʊ l t f ɛ ɐ̯ ʃ ʁ a ɪ̯ b ʊ ŋ
Wanderfalke	v a n d ɐ f a l k ə
Wanderpokal	v a n d ɐ p o k aː l
Wanderprediger	v a n d ɐ p ʁ eː d ɪ ɡ ɐ
Wanderwitz	v a n d ɐ v ɪ t͡s
Wanderwitz'	v a n d ɐ v ɪ t͡s
Wanderwitzens	v a n d ɐ v ɪ t͡s ə n s
Wanderwitzes	v a n d ɐ v ɪ t͡s ə s
Wanderwort	v a n d ɐ v ɔː t
Wandlitz	v a n t l ɪ t͡s
Wandlitz'	v a n t l ɪ t͡s
Wandlitzer	v a n t l ɪ t͡s ɐ
Wandlitzerin	v a n t l ɪ t͡s ə ʁ ɪ n
Wandlitzerinnen	v a n t l ɪ t͡s ə ʁ ɪ n ə n
Wandlitzers	v a n t l ɪ t͡s ɐ s
Wandlungsfähigkeit	v a n d l ʊ ŋ s f ɛː ɪ ç k a ɪ̯ t
Wandteppich	v a n t t ɛ p ɪ ç
Wangenklappe	v a ŋ ə n k l a p ə
Wangenklappen	v a ŋ ə n k l a p ə n
Wangenknochen	v a ŋ ə n k n ɔ x n̩
Wangenschutz	v a ŋ ə n ʃ ʊ t͡s
Wangenschutze	v a ŋ ə n ʃ ʊ t͡s ə
Wangenschutzes	v a ŋ ə n ʃ ʊ t͡s ə s
Wangerberg	v a ŋ ɐ b ɛ ʁ k
Wangerberger	v a ŋ ɐ b ɛ ʁ ɡ ɐ
Wangerbergerin	v a ŋ ɐ b ɛ ʁ ɡ ə ʁ ɪ n
Wangerbergerinnen	v a ŋ ɐ b ɛ ʁ ɡ ə ʁ ɪ n ə n
Wangerbergers	v a ŋ ɐ b ɛ ʁ ɡ ɐ s
Wangerbergs	v a ŋ ɐ b ɛ ʁ k s
Wanninger	v a n i ŋ ɐ
Wanningers	v a n i ŋ ɐ s
Wapiti	v a p iː t i
Wappen	v a p m̩
Wappen	v a p ə n
Wappenbuch	v a p m̩ b uː x
Wappenbuches	v a p m̩ b uː x ə s
Wappenbuchs	v a p m̩ b uː x s
Wappenbücher	v a p m̩ b yː ç ɐ
Wappenbüchlein	v a p m̩ b yː ç l a ɪ̯ n
Wappenfigur	v a p m̩ f i ɡ uː ɐ̯
Wappenkunde	v a p n̩ k ʊ n d ə
Wappenlehre	v a p m̩ l eː ʁ ə
Wappler	v ɑ b̥ː l ɐ
Waran	v a r a n
Waran	v a r aː n
Waran	v a ʁ aː n
Warburg	v aː ɐ̯ b ʊ ʁ k
Warburger	v aː ɐ̯ b ʊ ʁ ɡ ɐ
Warburgerin	v aː ɐ̯ b ʊ ʁ ɡ ə ʁ ɪ n
Warburgers	v aː ɐ̯ b ʊ ʁ ɡ ɐ s
Warburgs	v aː ɐ̯ b ʊ ʁ k s
Waren	v aː n
Waren	v aː ɐ̯ n
Waren	v aː ʁ ə n
Warendorfer	v aː ʁ ə n d ɔ ʁ f ɐ
Warendorferin	v aː ʁ ə n d ɔ ʁ f ə ʁ ɪ n
Wareneinsatz	v aː ʁ ə n a ɪ̯ n z a t͡s
Wareneinsatzes	v aː ʁ ə n a ɪ̯ n z a t͡s ə s
Wareneinsätze	v aː ʁ ə n a ɪ̯ n z ɛ t͡s ə
Warenhaus	v aː ʁ ə n h a ʊ̯ s
Warenkorb	v aː ʁ ə n k ɔ ʁ p
Warenlager	v a ɐ̯ n̩ l aː ɡ ɐ
Warenlager	v a ʁ ŋ̍ l aː ɡ ɐ
Warennomenklaturen	v aː ʁ ə n n o m ɛ n k l a t uː ʁ ə n
Warenverkehr	v aː ʁ ə n f ɛ ɐ̯ k eː ɐ̯
Warmfronten	v a ʁ m f ʁ ɔ n t n̩
Warner	v aː n ɐ
Warnung	v a ɐ̯ n ʊ ŋ
Warnung	v a ɐ̯ n ʊ ŋ k
Warnung	v a ʁ n ʊ ŋ
Warnung	v a ʁ n ʊ ŋ k
Warschauer	v a ʁ ʃ a ʊ̯ ɐ
Wart	v a ɐ̯ t
Wart	v a ʁ t
Wart	v aː t
Warte	v a ɐ̯ t ə
Warte	v a ʁ t ə
Warten	v a ʁ t n̩
Waräger	v a ʁ ɛː ɡ ɐ
Wasabi	v a s a b i
Wasabi	v a s aː b i
Waschanlage	v a ʃ ʔ a n l aː ɡ ə
Waschbrett	v a ʃ b ʁ ɛ t
Waschbrettbauch	v a ʃ b ʁ ɛ t b a ʊ x
Waschmittel	v a ʃ m ɪ t l̩
Waschmittel	v a ʃ m ɪ t ə l
Waschpulver	v a ʃ p ʊ l f ɐ
Waschpulver	v a ʃ p ʊ l v ɐ
Waschsalon	v a ʃ z a l ɔ ŋ
Waschung	v a ʃ ʊ ŋ
Waschwanne	v a ʃ v a n ə
Waserl	v aː z ɐ l
Wasser	v a s ɐ
Wasser	v a s ə ʁ
Wasserabfluss	v a s ɐ a p f l ʊ s
Wasserabflusses	v a s ɐ a p f l ʊ s e s
Wasserabflüsse	v a s ɐ a p f l ʏ s ə
Wasserballer	v a s ɐ b a l ɐ
Wasserballspieler	v a s ɐ b a l ʃ p iː l ɐ
Wasserbedarf	v a s ɐ b ə d a ʁ f
Wasserburg	v a s ɐ b ʊ ʁ k
Wasserburgen	v a s ɐ b ʊ ʁ ɡ n̩
Wasserdruckes	v a s ɐ d ʁ ʊ k ə s
Wasserflohes	v a s ɐ f l oː ə s
Wasserflöhe	v a s ɐ f l øː ə
Wasserfässchen	v a s ɐ f ɛ s ç n̩
Wasserglas	v a s ɐ ɡ l aː s
Wassergraben	v a s ɐ ɡ ʁ aː b n̩
Wasserlinse	v a s ɐ l ɪ n z ə
Wasserlinsen	v a s ɐ l ɪ n z n̩
Wasserlinsengewächs	v a s ɐ l ɪ n z n̩ ɡ ə v ɛ k s
Wasserlinsengewächse	v a s ɐ l ɪ n z n̩ ɡ ə v ɛ k s ə
Wasserlinsengewächses	v a s ɐ l ɪ n z n̩ ɡ ə v ɛ k s ə s
Wasserloch	v a s ɐ l ɔ x
Wassermann	v a s ɐ m a n
Wasseroberflächendrohne	v a s ɐ ʔ oː b ɐ f l ɛ ç ə n d ʁ oː n ə
Wasserpflanze	v a s ɐ p͡f l a n t͡s ə
Wasserpistole	v a s ɐ p ɪ s t oː l ə
Wasserschaden	v a s ɐ ʃ aː d n̩
Wasserschlange	v a s ɐ ʃ l a ŋ ə
Wasserschloss	v a s ɐ ʃ l ɔ s
Wasserski	v a s ɐ ʃ iː
Wasserstoffperoxyd	v a s ɐ ʃ t ɔ f p ɛ ʁ ʔ ɔ k s iː t
Wasserstoffperoxyd	v a s ɐ ʃ t ɔ f p ɛ ʁ ʔ ɔ k s yː t
Wasserstoffsuperoxyd	v a s ɐ ʃ t ɔ f z uː p ɛ ʁ ʔ ɔ k s iː t
Wasserstoffsuperoxyd	v a s ɐ ʃ t ɔ f z uː p ɛ ʁ ʔ ɔ k s yː t
Wasserstrahl	v a s ɐ ʃ t ʁ aː l
Wasserstrahlen	v a s ɐ ʃ t ʁ aː l ə n
Wassersäule	v a s ɐ z ɔ ɪ̯ l ə
Wassertank	v a s ɐ t a ŋ k
Wasserversorgung	v a s ɐ f ɛ ɐ̯ z ɔ ʁ ɡ ʊ ŋ
Wasservogel	v a s ɐ f oː ɡ l̩
Wasserzufluss	v a s ɐ t͡s uː f l ʊ s
Wasserzuflusses	v a s ɐ t͡s uː f l ʊ s e s
Wasserzuflüsse	v a s ɐ t͡s uː f l ʏ s ə
Waterloo	v aː t ɐ l oː
Wattebällchen	v a t ə b ɛ l ç ə n
Wattenscheid	v a t n̩ ʃ a ɪ̯ t
Wattenscheider	v a t n̩ ʃ a ɪ̯ d ɐ
Wattenscheiderin	v a t n̩ ʃ a ɪ̯ d ə ʁ ɪ n
Wattenscheiderinnen	v a t n̩ ʃ a ɪ̯ d ə ʁ ɪ n ə n
Wattenscheiders	v a t n̩ ʃ a ɪ̯ d ɐ s
Wattenscheids	v a t n̩ ʃ a ɪ̯ t s
Watvogel	v aː t f oː ɡ l̩
Watzinger	v a t͡s ɪ ŋ ɐ
Watzingers	v a t͡s ɪ ŋ ɐ s
Weben	v eː b m̩
Weberknecht	v eː b ɐ k n ɛ ç t
Website	v ɛ p s a ɪ̯ t
Website	w ɛ b s a͜i d
Website	w ɛ p s a͜i d
Website	w ɛ p s a͜i t
Wechselspiel	v ɛ k s l̩ ʃ p iː l
Wechselstube	v ɛ k s l̩ ʃ t uː b ə
Weg	v eː k
Weg	v eː ç
Wegbeförderer	v ɛ k b ə f œ ʁ d ə ʁ ɐ
Wegdrücken	v ɛ k d ʁ ʏ k n̩
Wegelagerer	v eː ɡ ə l aː ɡ ə ʁ ɐ
Wegemarke	v eː ɡ ə m a ɐ̯ k ə
Weghalten	v ɛ k h a l t n̩
Wegmarke	v eː k m a ɐ̯ k ə
Wegräumen	v ɛ k ʁ ɔ ɪ̯ m ə n
Wegräumen	v ɛ k ʁ ɔ ɪ̯ m ɛ n
Wegräumer	v ɛ k ʁ ɔ ɪ̯ m ɐ
Wegräumerin	v ɛ k ʁ ɔ ɪ̯ m ə ʀ ɪ n
Wegschiessen	v ɛ k ʃ iː s n̩
Wegschiesser	v ɛ k ʃ iː s ɐ
Wegschießen	v ɛ k ʃ iː s n̩
Wegschießer	v ɛ k ʃ iː s ɐ
Wegschleifen	v ɛ k ʃ l a ɪ̯ f n̩
Wegschleifer	v ɛ k ʃ l a ɪ̯ f ɐ
Wegschmeisserin	v ɛ k ʃ m a ɪ̯ s ə ʁ ɪ n
Wegschmeisserinnen	v ɛ k ʃ m a ɪ̯ s ə ʁ ɪ n ə n
Wegschmeißer	v ɛ k ʃ m a ɪ̯ s ɐ
Wegschmeißerin	v ɛ k ʃ m a ɪ̯ s ə ʁ ɪ n
Wegschmeißerinnen	v ɛ k ʃ m a ɪ̯ s ə ʁ ɪ n ə n
Wegschmeißers	v ɛ k ʃ m a ɪ̯ s ɐ s
Wegstunde	v eː k ʃ t ʊ n d ə
Wegwerferin	v ɛ k v ɛ ʁ f ə ʁ ɪ n
Wegwerferinnen	v ɛ k v ɛ ʁ f ə ʁ ɪ n ə n
Wegzehrungen	v eː k t͡s eː ʁ u ŋ ə n
Wehgeschrei	v eː ɡ ə ʃ ʁ a ɪ̯
Wehklagen	v eː k l aː ɡ n̩
Wehrdienstverweigerer	v eː ɐ̯ d iː n s t f ɛ ɐ̯ v a ɪ̯ ɡ ə ʁ ɐ
Wehrersatzamt	v eː ɐ̯ ʔ ɛ ɐ̯ z a t͡s ʔ a m t
Wehrersatzamtes	v eː ɐ̯ ʔ ɛ ɐ̯ z a t͡s ʔ a m t ə s
Wehrersatzamts	v eː ɐ̯ ʔ ɛ ɐ̯ z a t͡s ʔ a m t͡s
Wehrersatzämter	v eː ɐ̯ ʔ ɛ ɐ̯ z a t͡s ʔ ɛ m t ɐ
Wehrhaftigkeit	v eː ɐ̯ h a f t ɪ ç k a ɪ̯ t
Wehrkraftzersetzer	v eː ɐ̯ k ʁ a f t t͡s ɛ ɐ̯ z ɛ t͡s ɐ
Wehrkraftzersetzung	v eː ɐ̯ k ʁ a f t t͡s ɛ ɐ̯ z ɛ t͡s ʊ ŋ
Wehrkraftzersetzungen	v eː ɐ̯ k ʁ a f t t͡s ɛ ɐ̯ z ɛ t͡s ʊ ŋ ə n
Weib	v ä ɪ̯ p
Weib	ʋ ä ɪ̯ p
Weichbilder	v a ɪ̯ ç b ɪ l d ɐ
Weichteile	v a ɪ̯ ç t a ɪ̯ l ə
Weideland	v a ɪ̯ d ə l a n t
Weiher	v a ɪ̯ ɐ
Weiher	ʋ a ɪ̯ ɐ
Weihnacht	v ä ɪ̯ n ä χ t
Weihnachten	v ä ɪ̯ n ä χ t ə n
Weihnachtsgebäck	v a ɪ̯ n a x t͡s ɡ ə b ɛ k
Weihnachtsgebäcken	v a ɪ̯ n a x t͡s ɡ ə b ɛ k n̩
Weihnachtsgebäcken	v a ɪ̯ n a x t͡s ɡ ə b ɛ k ŋ̩
Weihnachtsinsel	v a ɪ̯ n a x t͡s ʔ ɪ n z l̩
Weihnachtskeks	v a ɪ̯ n a x t͡s k eː k s
Weihnachtskerze	v a ɪ̯ n a x t͡s k ɛ ʁ t͡s ə
Weihnachtskonzerte	v a ɪ̯ n a x t͡s k ɔ n t͡s ɛ ʁ t ə
Weihnachtsstern	v a ɪ̯ n a x t͡s ʃ t ɛ ʁ n
Weihrauch	v a ɪ̯ r a ʊ̯ χ
Weihrauches	v a ɪ̯ ʁ a ʊ̯ x ə s
Weihrauchschiffchen	v a ɪ̯ ʁ a ʊ̯ x ʃ ɪ f ç ə n
Weikersheim	v a ɪ̯ k ɐ s h a ɪ̯ m
Weikersheimer	v a ɪ̯ k ɐ s h a ɪ̯ m ɐ
Weikersheimerin	v a ɪ̯ k ɐ s h a ɪ̯ m ə ʁ ɪ n
Weikersheimerinnen	v a ɪ̯ k ɐ s h a ɪ̯ m ə ʁ ɪ n ə n
Weikersheimers	v a ɪ̯ k ɐ s h a ɪ̯ m ɐ s
Weikersheims	v a ɪ̯ k ɐ s h a ɪ̯ m s
Weiler	v a ɪ̯ l ɐ
Weilheimer	v a ɪ̯ l h a ɪ̯ m ɐ
Weilheimerin	v a ɪ̯ l h a ɪ̯ m ə ʁ ɪ n
Weilheimerinnen	v a ɪ̯ l h a ɪ̯ m ə ʁ ɪ n ə n
Weilheimers	v a ɪ̯ l h a ɪ̯ m ɐ s
Weimar	v a ɪ̯ m a ɐ̯
Weinbach	v a ɪ̯ n b a x
Weinbacher	v a ɪ̯ n b a x ɐ
Weinbachers	v a ɪ̯ n b a x ɐ s
Weinbachs	v a ɪ̯ n b a x s
Weinbau	v a ɪ̯ n b a ʊ̯
Weinberger	v a ɪ̯ n b ɛ ʁ ɡ ɐ
Weinbergerin	v a ɪ̯ n b ɛ ʁ ɡ ə ʁ ɪ n
Weinbergerinnen	v a ɪ̯ n b ɛ ʁ ɡ ə ʁ ɪ n ə n
Weinbergers	v a ɪ̯ n b ɛ ʁ ɡ ɐ s
Weinfaß	v a ɪ̯ n f a s
Weinfeld	v a ɪ̯ n f ɛ l t
Weinfelds	v a ɪ̯ n f ɛ l t s
Weinfässchen	v a ɪ̯ n f ɛ s ç n̩
Weingartener	v a ɪ̯ n ɡ a ʁ t ə n ɐ
Weingartenerin	v a ɪ̯ n ɡ a ʁ t ə n ə ʁ ɪ n
Weingarteners	v a ɪ̯ n ɡ a ʁ t ə n ɐ s
Weingut	v a ɪ̯ n ɡ uː t
Weinheim	v a ɪ̯ n h a ɪ̯ m
Weinheimer	v a ɪ̯ n h a ɪ̯ m ɐ
Weinheimerin	v a ɪ̯ n h a ɪ̯ m ə ʁ ɪ n
Weinheimers	v a ɪ̯ n h a ɪ̯ m ɐ s
Weinheims	v a ɪ̯ n h a ɪ̯ m s
Weinhändler	v a ɪ̯ n h ɛ n d l ɐ
Weinhändlerin	v a ɪ̯ n h ɛ n d l ə ʁ ɪ n
Weinhändlerinnen	v a ɪ̯ n h ɛ n d l ə ʁ ɪ n ə n
Weininger	v a ɪ̯ n ɪ ŋ ɐ
Weiningerin	v a ɪ̯ n ɪ ŋ ə ʁ ɪ n
Weiningerinnen	v a ɪ̯ n ɪ ŋ ə ʁ ɪ n ə n
Weiningers	v a ɪ̯ n ɪ ŋ ɐ s
Weinkarte	v a ɪ̯ n k a ʁ t ə
Weinkellner	v a ɪ̯ n k ɛ l n ɐ
Weinkönigin	v a ɪ̯ n k øː n ɪ ɡ ɪ n
Weinsberger	v a ɪ̯ n s b ɛ ʁ ɡ ɐ
Weinsbergerin	v a ɪ̯ n s b ɛ ʁ ɡ ə ʁ ɪ n
Weinsbergers	v a ɪ̯ n s b ɛ ʁ ɡ ɐ s
Weinsbergs	v a ɪ̯ n s b ɛ ʁ k s
Weinstube	v a ɪ̯ n ʃ t uː b ə
Weinstädter	v a ɪ̯ n ʃ t ɛ t ɐ
Weinstädterin	v a ɪ̯ n ʃ t ɛ t ə ʁ ɪ n
Weinstädters	v a ɪ̯ n ʃ t ɛ t ɐ s
Weinsäure	v a ɪ̯ n z ɔ ɪ̯ ʁ ə
Weintrauben	v a ɪ̯ n t ʁ a ʊ̯ b m̩
Weintrauben	v a ɪ̯ n t ʁ a ʊ̯ b n̩
Weinverkoster	v a ɪ̯ n f ɛ ɐ̯ k ɔ s t ɐ
Weinverkosters	v a ɪ̯ n f ɛ ɐ̯ k ɔ s t ɐ s
Weinverkostung	v a ɪ̯ n f ɛ ɐ̯ k ɔ s t ʊ ŋ
Weinverkostungen	v a ɪ̯ n f ɛ ɐ̯ k ɔ s t ʊ ŋ ə n
Weinzierl	v a ɪ̯ n t͡s iː ɐ̯ l
Weinzierls	v a ɪ̯ n t͡s iː ɐ̯ l s
Weisel	v a ɪ̯ z l̩
Weissenbergerin	v a ɪ̯ s n̩ b ɛ ʁ ɡ ə ʁ ɪ n
Weissenbornerin	v a ɪ̯ s n̩ b ɔ ʁ n ə ʁ ɪ n
Weissenburgerin	v a ɪ̯ s n̩ b ʊ ʁ ɡ ə ʁ ɪ n
Weissenfelderin	v a ɪ̯ s n̩ f ɛ l d ə ʁ ɪ n
Weissenfelserin	v a ɪ̯ s n̩ f ɛ l z ə ʁ ɪ n
Weissenhornerin	v a ɪ̯ s n̩ h ɔ ʁ n ə ʁ ɪ n
Weissensteinerin	v a ɪ̯ s n̩ ʃ t a ɪ n ə ʁ ɪ n
Weissensteinerinnen	v a ɪ̯ s n̩ ʃ t a ɪ n ə ʁ ɪ n ə n
Weisshorn	v a ɪ̯ s h ɔ ʁ n
Weisshornes	v a ɪ̯ s h ɔ ʁ n ə s
Weisshorns	v a ɪ̯ s h ɔ ʁ n s
Weissling	v a ɪ̯ s l ɪ ŋ
Weisweiler	v a ɪ̯ s v a ɪ̯ l ɐ
Weisweilerin	v a ɪ̯ s v a ɪ̯ l ə ʁ ɪ n
Weisweilers	v a ɪ̯ s v a ɪ̯ l ɐ s
Weitergeben	v a ɪ̯ t ɐ ɡ eː b m̩
Weitergeber	v a ɪ̯ t ɐ ɡ eː b ɐ
Weitergeberin	v a ɪ̯ t ɐ ɡ eː b ə ʀ ɪ n
Weiterleiten	v a ɪ̯ t ɐ l a ɪ̯ t n̩
Weiterleiter	v a ɪ̯ t ɐ l a ɪ̯ t ɐ
Weitsicht	v a ɪ̯ t z ɪ ç t
Weizen	v ä ɪ̯ t͡s ə n
Weizenbrot	v a ɪ̯ t͡s n̩ b ʁ oː t
Weizenkeimöl	v a ɪ̯ t͡s n̩ k a ɪ̯ m ʔ øː l
Weiß	v a ɪ s
Weißdornhecke	v a ɪ̯ s d ɔ ʁ n h ɛ k ə
Weißdornhecken	v a ɪ̯ s d ɔ ʁ n h ɛ k ə n
Weißenbach	v a ɪ̯ s n̩ b a x
Weißenbacher	v a ɪ̯ s n̩ b a x ɐ
Weißenbacherin	v a ɪ̯ s n̩ b a x ə ʁ ɪ n
Weißenbachers	v a ɪ̯ s n̩ b a x ɐ s
Weißenbachs	v a ɪ̯ s n̩ b a x s
Weißenberg	v a ɪ̯ s n̩ b ɛ ʁ k
Weißenberger	v a ɪ̯ s n̩ b ɛ ʁ ɡ ɐ
Weißenbergerin	v a ɪ̯ s n̩ b ɛ ʁ ɡ ə ʁ ɪ n
Weißenbergers	v a ɪ̯ s n̩ b ɛ ʁ ɡ ɐ s
Weißenbergs	v a ɪ̯ s n̩ b ɛ ʁ k s
Weißenborn	v a ɪ̯ s n̩ b ɔ ʁ n
Weißenborner	v a ɪ̯ s n̩ b ɔ ʁ n ɐ
Weißenbornerin	v a ɪ̯ s n̩ b ɔ ʁ n ə ʁ ɪ n
Weißenborners	v a ɪ̯ s n̩ b ɔ ʁ n ɐ
Weißenborns	v a ɪ̯ s n̩ b ɔ ʁ n s
Weißenburg	v a ɪ̯ s n̩ b ʊ ʁ k
Weißenburger	v a ɪ̯ s n̩ b ʊ ʁ ɡ ɐ
Weißenburgerin	v a ɪ̯ s n̩ b ʊ ʁ ɡ ə ʁ ɪ n
Weißenburgers	v a ɪ̯ s n̩ b ʊ ʁ ɡ ɐ s
Weißenburgs	v a ɪ̯ s n̩ b ʊ ʁ k s
Weißenfeld	v a ɪ̯ s n̩ f ɛ l t
Weißenfelder	v a ɪ̯ s n̩ f ɛ l d ɐ
Weißenfelderin	v a ɪ̯ s n̩ f ɛ l d ə ʁ ɪ n
Weißenfelders	v a ɪ̯ s n̩ f ɛ l d ɐ s
Weißenfelds	v a ɪ̯ s n̩ f ɛ l t s
Weißenfels	v a ɪ̯ s n̩ f ɛ l s
Weißenfels'	v a ɪ̯ s n̩ f ɛ l s
Weißenfelser	v a ɪ̯ s n̩ f ɛ l z ɐ
Weißenfelserin	v a ɪ̯ s n̩ f ɛ l z ə ʁ ɪ n
Weißenfelsers	v a ɪ̯ s n̩ f ɛ l z ɐ s
Weißenhorner	v a ɪ̯ s n̩ h ɔ ʁ n ɐ
Weißenhornerin	v a ɪ̯ s n̩ h ɔ ʁ n ə ʁ ɪ n
Weißenhorners	v a ɪ̯ s n̩ h ɔ ʁ n ɐ
Weißenhorns	v a ɪ̯ s n̩ h ɔ ʁ n s
Weißenstadts	v a ɪ̯ s n̩ ʃ t a t s
Weißenstein	v a ɪ̯ s n̩ ʃ t a ɪ n
Weißensteiner	v a ɪ̯ s n̩ ʃ t a ɪ n ɐ
Weißensteinerin	v a ɪ̯ s n̩ ʃ t a ɪ n ə ʁ ɪ n
Weißensteinerinnen	v a ɪ̯ s n̩ ʃ t a ɪ n ə ʁ ɪ n ə n
Weißensteiners	v a ɪ̯ s n̩ ʃ t a ɪ n ɐ s
Weißensteins	v a ɪ̯ s n̩ ʃ t a ɪ n s
Weißenstädter	v a ɪ̯ s n̩ ʃ t ɛ t ɐ
Weißenstädterin	v a ɪ̯ s ə n ʃ t ɛ t ə ʁ ɪ n
Weißenstädterinnen	v a ɪ̯ s ə n ʃ t ɛ t ə ʁ ɪ n ə n
Weißenstädters	v a ɪ̯ s n̩ ʃ t ɛ t ɐ s
Weißenthurmer	v a ɪ̯ s ə n t ʊ ʁ m ɐ
Weißenthurmerin	v a ɪ̯ s ə n t ʊ ʁ m ə ʁ ɪ n
Weißenthurmerinnen	v a ɪ̯ s ə n t ʊ ʁ m ə ʁ ɪ n ə n
Weißenthurmers	v a ɪ̯ s ə n t ʊ ʁ m ɐ s
Weißfleckenkrankheit	v a ɪ̯ s f l ɛ k n̩ k ʁ a ŋ k h a ɪ̯ t
Weißflügelgimpel	v a ɪ̯ s f l yː ɡ l̩ ɡ ɪ m p l̩
Weißflügelgimpels	v a ɪ̯ s f l yː ɡ l̩ ɡ ɪ m p l̩ s
Weißling	v a ɪ̯ s l ɪ ŋ
Weißlinge	v a ɪ̯ s l ɪ ŋ ə
Weißlings	v a ɪ̯ s l ɪ ŋ s
Weißpunktbuntbarsch	v a ɪ s p ʊ ŋ k t b ʊ n t b aː ɐ̯ ʃ
Weißpunktbuntbarsch	v a ɪ s p ʊ ŋ t b ʊ n t b aː ɐ̯ ʃ
Weißstirnamazone	v a ɪ̯ s ʃ t ɪ ʁ n ʔ a m a t͡s oː n ə
Weißwurstäquator	v a ɪ̯ s v ʊ ʁ s t ʔ ɛ k v aː t oː ɐ̯
Wellblechdächer	v ɛ l b l ɛ ç d ɛ ç ɐ
Wellen	v ɛ l ə n
Wellhornschnecke	v ɛ l h ɔ ʁ n ʃ n ɛ k ə
Wellmanns	v ɛ l m a n s
Wellpappe	v ɛ l p a p ə
Wellpappen	v ɛ l p a p ə n
Welpchen	v ɛ l p ç n̩
Welpchen	v ɛ l p ç ə n
Welscher	v ɛ l ʃ ɐ
Welschnofen	v ɛ l ʃ n̩ oˑ f n̩
Welschnofens	v ɛ l ʃ n̩ oˑ f n̩ s
Welschnofner	v ɛ l ʃ n̩ oˑ f n̩ ɐ
Welschnofnerin	v ɛ l ʃ n̩ oˑ f n̩ ə ʁ ɪ n
Welschnofnerinnen	v ɛ l ʃ n̩ oˑ f n̩ ə ʁ ɪ n ə n
Welschnofners	v ɛ l ʃ n̩ oˑ f n̩ ɐ s
Welschschweizer	v ɛ l ʃ ʃ v a ɪ̯ t͡s ɐ
Weltall	v ɛ l t a l
Weltalls	v ɛ l t ʔ a l s
Weltanschauung	v ɛ l t ʔ a n ʃ a ʊ̯ ʊ ŋ
Weltanschauungen	v ɛ l t ʔ a n ʃ a ʊ̯ ʊ ŋ ə n
Weltansicht	v ɛ l t ʔ ä n z ɪ ç t
Weltberühmtheit	v ɛ l t b ə ʁ yː m t h a ɪ̯ t
Weltbild	v ɛ l tʰ b ɪ l tʰ
Weltbürgertum	v ɛ l t b ʏ ʁ ɡ ɐ t uː m
Welten	v ɛ l t n̩
Welten	v ɛ l t ə n
Weltfrieden	v ɛ l t f ʁ iː d n̩
Weltfrieden	v ɛ l t f ʁ iː d ə n
Weltgeltung	v ɛ l t ɡ ɛ l t ʊ ŋ
Weltgesundheitsorganisation	v ɛ l t ɡ ə z ʊ n t h a ɪ̯ t͡s ʔ ɔ ʁ ɡ a n i z a t͡s i̯ oː n
Welthandel	v ɛ l t h a n d l̩
Weltherrschaft	v ɛ l t h ɛ ʁ ʃ a f t
Weltkugel	v ɛ l t k uː ɡ l̩
Weltordnung	v ɛ l t ʔ ɔ ʁ d n ʊ ŋ
Weltraumbahnhof	v ɛ l t ʁ a ʊ̯ m b aː n h oː f
Weltraumes	v ɛ l t ʁ a ʊ̯ m ə s
Weltreservewährung	v ɛ l t ʁ e z ɛ ʁ v ə v eː ʁ ʊ ŋ
Weltreservewährung	v ɛ l t ʁ e z ɛ ʁ v ə v ɛː ʁ ʊ ŋ
Weltumsegler	v ɛ l t ʔ ʊ m z eː ɡ l ɐ
Weltuntergang	v ɛ l t ʊ n t ɐ ɡ a ŋ
Weltwirtschaft	v ɛ l t v ɪ ʁ t ʃ a f t
Weltwirtschaftskrise	v ɛ l t v ɪ ʁ t ʃ a f t͡s k ʁ iː z ə
Weltwunder	v ɛ l t v ʊ n d ɐ
Wendelring	v ɛ n d l̩ ʁ ɪ ŋ
Wendelringe	v ɛ n d l̩ ʁ ɪ ŋ ə
Wendelringes	v ɛ n d l̩ ʁ ɪ ŋ ə s
Wendelrings	v ɛ n d l̩ ʁ ɪ ŋ s
Wendepunkt	v ɛ n d ə p ʊ ŋ k t
Wendlinger	v ɛ n t l ɪ ŋ ɐ
Wendlingerin	v ɛ n t l ɪ ŋ ə ʁ ɪ n
Wendlingerinnen	v ɛ n t l ɪ ŋ ə ʁ ɪ n ə n
Wendlingers	v ɛ n t l ɪ ŋ ɐ s
Wenigkeit	v eː n ɪ ç k a ɪ̯ t
Wenn	v ɛ n
Werbeeinnahme	v ɛ ʁ b ə ʔ a ɪ̯ n n aː m ə
Werbekampagne	v ɛ ʁ b ə k a m p a n j ə
Werbekampagnen	v ɛ ʁ b ə k a m p a n j ə n
Werbespot	v ɛ ʁ b ə s p ɔ t
Werbung	v ɛ ɐ̯ b ʊ ŋ
Werdandi	v ɛ ɐ̯ d a n d i
Werdegang	v eː ɐ̯ d ə ɡ a ŋ
Werderaner	v ɛ ɐ̯ d ə ʁ aː n ɐ
Werfens	v ɛ ʁ f n̩ s
Werfenweng	v ɛ ʁ f n̩ v ɛ ŋ
Werfenwengs	v ɛ ʁ f n̩ v ɛ ŋ s
Werferin	v ɛ ʁ f ə ʁ ɪ n
Werferinnen	v ɛ ʁ f ə ʁ ɪ n ə n
Werg	v ɛ ɐ̯ k
Werg	v ɛ ʁ k
Werk	v ɛ ɐ̯ k
Werk	v ɛ ʁ k
Werkeverzeichnis	v ɛ ʁ k ə f ɛ ɐ̯ t͡s a ɪ̯ ç n ɪ s
Werkverzeichnis	v ɛ ʁ k f ɛ ɐ̯ t͡s a ɪ̯ ç n ɪ s
Werkzeug	v ɛ ɐ̯ k t s ɔ ɛ̯ k
Werkzeug	v ɛ ɐ̯ k t s ɔ ʏ̯ k
Werkzeug	v ɛ ɐ̯ k t s ɔ ʏ̯ ç
Werkzeuggebrauch	v ɛ ɐ̯ k t s ɔ ʏ̯ k ɡ ə b ʁ a ʊ̯ x
Werkzeugmacher	v ɛ ɐ̯ k t s ɔ ʏ̯ ç m a χ ɐ
Werkzeugmacher	v ɛ ʁ k t s ɔ ʏ̯ k m a χ ɐ
Wermelskirchen	v ɛ ʁ m l̩ s k ɪ ʁ ç n̩
Wermelskirchener	v e ɐ m ə l s k i ɐ ç ə n ɐ
Wermelskirchener	v e ɐ m ə l s k ɪ ʁ ç n̩ ɐ
Wermelskirchenerin	v e ɐ m ə l s k ɪ ʁ ç n̩ ə ʁ ɪ n
Wermelskirchenerinnen	v e ɐ m ə l s k ɪ ʁ ç n̩ ə ʁ ɪ n ə n
Wermelskircheners	v e ɐ m ə l s k i ɐ ç ə n ɐ s
Wermelskircheners	v e ɐ m ə l s k ɪ ʁ ç n̩ ɐ s
Wermelskirchens	v e ɐ m ə l s k i ɐ ç ə n s
Wermut	v eː ɐ̯ m uː t
Werst	v ɛ ɐ̯ s t
Werst	v ɛ ʁ s t
Wert	v eː ɐ̯ t
Wert	v ɛ ɐ̯ t
Wertaufholung	v eː ɐ̯ t ʔ a ʊ̯ f h oː l ʊ ŋ
Wertempfinden	v ɛ ɐ̯ t ɛ m p f ɪ n d n̩
Werthaltigkeit	v eː ɐ̯ t h a l t ɪ ç k a ɪ̯ t
Wertheimer	v eː ɐ̯ t h a ɪ̯ m ɐ
Wertheimerin	v eː ɐ̯ t h a ɪ̯ m ə ʁ ɪ n
Wertheimerinnen	v eː ɐ̯ t h a ɪ̯ m ə ʁ ɪ n ə n
Wertheimers	v eː ɐ̯ t h a ɪ̯ m ɐ s
Wertheims	v eː ɐ̯ t h a ɪ̯ m s
Wertheranerin	v ɛ ɐ̯ t ə ʁ aː n ə ʁ ɪ n
Wertheranerinnen	v ɛ ɐ̯ t ə ʁ aː n ə ʁ ɪ n ə n
Wertinger	v ɛ ʁ t ɪ ŋ ə ɐ
Wertingerin	v ɛ ʁ t ɪ ŋ ə ʁ ɪ n
Wertingerinnen	v ɛ ʁ t ɪ ŋ ə ʁ ɪ n ə n
Wertingers	v ɛ ʁ t ɪ ŋ ɐ s
Wertminderung	v eː ɐ̯ t m ɪ n d ə ʁ ʊ ŋ
Wertpapierfonds	v eː ɐ̯ t p a p iː ɐ̯ f ɔ̃ː
Wertpapierhandel	v eː ɐ̯ t p a p iː ɐ̯ h a n d l̩
Wertpapiermarkt	v eː ɐ̯ t p a p iː ɐ̯ m a ʁ k t
Wertschrift	v eː ɐ̯ t ʃ ʁ ɪ f t
Wertsteuern	v eː ɐ̯ t ʃ t ɔ ɪ̯ ɐ n
Wesen	v eː s n̩
Wesen	v eː z n̩
Wespennest	v ɛ s p n̩ n ɛ s t
Wespenschwarm	v ɛ s p n̩ ʃ v a ʁ m
Westafrikaner	v ɛ s t ʔ a f ʁ i k aː n ɐ
Westalpen	v ɛ s t ʔ a l p m̩
Westasien	v ɛ s t ʔ aː z i̯ ə n
Westdeutschland	v ɛ s t d ɔ ɪ̯ t͡ʃ l a n t
Westermann	v ɛ s t ɐ m a n
Westermanns	v ɛ s t ɐ m a n s
Westerwelle	v ɛ s t ɐ v ɛ l ə
Westerwelles	v ɛ s t ɐ v ɛ l ə s
Westeuropäer	v ɛ s t ʔ ɔ ɪ̯ ʁ o p ɛː ɐ
Westeuropäerin	v ɛ s t ʔ ɔ ɪ̯ ʁ o p ɛː ə ʁ ɪ n
Westfale	v ɛ s t f aː l ə
Westflandern	v ɛ s t f l a n d ɐ n
Westfront	v ɛ s t f ʁ ɔ n t
Westfronten	v ɛ s t f ʁ ɔ n t n̩
Westfälin	v ɛ s t f ɛː l ɪ n
Westfälinnen	v ɛ s t f ɛː l ɪ n ə n
Westheimer	v ɛ s t h a ɪ̯ m ɐ
Westheimerin	v ɛ s t h a ɪ̯ m ə ʁ ɪ n
Westheimerinnen	v ɛ s t h a ɪ̯ m ə ʁ ɪ n ə n
Westheimers	v ɛ s t h a ɪ̯ m ɐ s
Westheims	v ɛ s t h a ɪ̯ m s
Westhoff	v ɛ s t h ɔ f
Westhoffs	v ɛ s t h ɔ f s
Westmitteldeutsch	v ɛ s t m ɪ t l̩ d ɔ ɪ̯ t͡ʃ
Westmitteldeutsche	v ɛ s t m ɪ t l̩ d ɔ ɪ̯ t͡ʃ ə
Westmitteldeutschen	v ɛ s t m ɪ t l̩ d ɔ ɪ̯ t͡ʃ n̩
Westmitteldeutschs	v ɛ s t m ɪ t l̩ d ɔ ɪ̯ t͡ʃ s
Westpreuße	v ɛ s t p ʁ ɔ ɪ̯ s ə
Westpreußen	v ɛ s t p ʁ ɔ ɪ̯ s n̩
Westpreußens	v ɛ s t p ʁ ɔ ɪ̯ s n̩ s
Westpreußin	v ɛ s t p ʁ ɔ ɪ̯ s ɪ n
Westpreußinnen	v ɛ s t p ʁ ɔ ɪ̯ s ɪ n ə n
Wettbewerbsdruck	v ɛ t b ə v ɛ ʁ p s d ʁ ʊ k
Wettbewerbsfaktor	v ɛ t b ə v ɛ ʁ p s f a k t oː ɐ̯
Wettbewerbsintensität	v ɛ t b ə v ɛ ʁ p s ʔ ɪ n t ɛ n z i t ɛː t
Wettbewerbsvorteil	v ɛ t b ə v ɛ ʁ p s f oː ɐ̯ t a ɪ̯ l
Wetterfronten	v ɛ t ɐ f ʁ ɔ n t n̩
Wetterfrosch	v ɛ t ɐ f ʁ ɔ ʃ
Wetterleuchten	v ɛ t ɐ l ɔ ʏ̯ ç t n̩
Wetterleuchten	v ɛ t ɐ l ɔ ʏ̯ ç t ə n
Wettervorhersage	v ɛ t ɐ f oː ɐ̯ h eː ɐ̯ z aː ɡ ə
Wettinger	v ɛ t ɪ ŋ ɐ
Wettingerin	v ɛ t ɪ ŋ ə ʁ ɪ n
Wettingerinnen	v ɛ t ɪ ŋ ə ʁ ɪ n ə n
Wettingers	v ɛ t ɪ ŋ ɐ s
Whiteboard	v a ɪ̯ t b ɔː d
Wiborg	v iː b ɔ r k
Wiborger	v iː b ɔ r ɡ ɐ
Wiborgerin	v iː b ɔ ʁ ɡ ə ʁ ɪ n
Wiborgerinnen	v iː b ɔ ʁ ɡ ə ʁ ɪ n ə n
Wiborgers	v iː b ɔ r ɡ ɐ s
Wichse	v ɪ k s ə
Wichse	ʋ ɪ k s ə
Wichsvorlage	v ɪ k s f oː ɐ̯ l aː ɡ ə
Wichtigmacherin	v ɪ ç t ɪ ç m a x ə ʁ ɪ n
Wichtigtuerin	v ɪ ç t ɪ ç t uː ə ʁ ɪ n
Wickel	v ɪ k l̩
Wickelraum	v ɪ k l̩ ʁ a ʊ̯ m
Wickelraumes	v ɪ k l̩ ʁ a ʊ̯ m ə s
Wickelraums	v ɪ k l̩ ʁ a ʊ̯ m s
Wickelräume	v ɪ k l̩ ʁ ɔ ɪ̯ m ə
Wickelräumen	v ɪ k l̩ ʁ ɔ ɪ̯ m ə n
Wickeltisch	v ɪ k l̩ t ɪ ʃ
Wickeltische	v ɪ k l̩ t ɪ ʃ ə
Wickeltischen	v ɪ k l̩ t ɪ ʃ n̩
Wickeltisches	v ɪ k l̩ t ɪ ʃ ə s
Wickeltischs	v ɪ k l̩ t ɪ ʃ s
Widder	v ɪ d ɐ
Widerklage	v iː d ɐ k l aː ɡ ə
Widerlegbarkeit	v iː d ɐ l eː k b aː ɐ̯ k a ɪ̯ t
Widerpart	v iː d ɐ p a ʁ t
Widerrist	v iː d ɐ ʁ ɪ s t
Widersetzung	v iː d ɐ z ɛ t͡s ʊ ŋ
Widersinn	v iː d ɐ z ɪ n
Widerwille	v iː d ɐ v ɪ l ə
Widrigkeit	v iː d ʁ ɪ ç k a ɪ̯ t
Wiederansteckung	v iː d ɐ ʔ a n ʃ t ɛ k ʊ ŋ
Wiederauferstehung	v iː d ɐ ʔ a ʊ̯ f ʔ ɛ ɐ̯ ʃ t eː ə n
Wiederbewaffnung	v iː d ɐ b ə v a f n ʊ ŋ
Wiedererlangen	v iː d ɐ ʔ ɛ ɐ̯ l a ŋ ə n
Wiedererlangung	v iː d ɐ ʔ ɛ ɐ̯ l a ŋ ʊ ŋ
Wiedergewinnen	v iː d ɐ ɡ ə v ɪ n ə n
Wiedergewinnung	v iː d ɐ ɡ ə v ɪ n ʊ ŋ
Wiedergutmachung	v iː d ɐ ɡ uː tʰ m a χ ʊ ŋ
Wiederholer	v iː d ɐ h oː l ɐ
Wiederholung	v iː d ɐ h oː l ʊ ŋ
Wiederkäuen	v iː d ɐ k ɔ ʏ̯ ə n
Wiegendruck	v iː ɡ n̩ d ʁ ʊ k
Wiegendruck	v iː ɡ ŋ̩ d ʁ ʊ k
Wiegendrucke	v iː ɡ n̩ d ʁ ʊ k ə
Wiegendrucke	v iː ɡ ŋ̩ d ʁ ʊ k ə
Wiegendrucken	v iː ɡ n̩ d ʁ ʊ k n̩
Wiegendrucken	v iː ɡ ŋ̩ d ʁ ʊ k ŋ̩
Wiegendruckes	v iː ɡ n̩ d ʁ ʊ k ə s
Wiegendruckes	v iː ɡ ŋ̩ d ʁ ʊ k ə s
Wiegendrucks	v iː ɡ n̩ d ʁ ʊ k s
Wiegendrucks	v iː ɡ ŋ̩ d ʁ ʊ k s
Wiegenlied	v iː ɡ ŋ̍ l iː t
Wiehler	v iː l ɐ
Wieler	v iː l ɐ
Wielers	v iː l ɐ s
Wies	v iː s
Wies'	v iː s
Wiesenblume	v iː z n̩ b l uː m ə
Wiesenblümchen	v iː z n̩ b l yː m ç ə n
Wiesenblümchens	v iː z n̩ b l yː m ç ə n s
Wiesengras	v iː z n̩ ɡ ʁ aː s
Wikipedia	v ɪ k i p eː d i a
Wikipedia	v ɪ k ɪ pʰ eː d j a
Wilddieb	v ɪ l t d iː p
Wilddiebe	v ɪ l t d iː b ə
Wilddiebes	v ɪ l t d iː b ə s
Wilddiebin	v ɪ l t d iː b ɪ n
Wilddiebinnen	v ɪ l t d iː b ɪ n ə n
Wilddiebs	v ɪ l t d iː p s
Wildente	v ɪ l t ʔ ɛ n t ə
Wildgans	v ɪ l t ɡ a n s
Wildgans	v ɪ l t ɡ a n t s
Wildheiten	v ɪ l t h a ɪ̯ t n̩
Wildkaninchen	v ɪ l t k a n iː n ç ə n
Wildkürbis	v ɪ l t k ʏ ʁ b ɪ s
Wildkürbisse	v ɪ l t k ʏ ʁ b ɪ s ə
Wildkürbisses	v ɪ l t k ʏ ʁ b ɪ s ə s
Wildpflanze	v ɪ l t p f l a n t s ə
Wildschweinplage	v ɪ l t ʃ v a ɪ̯ n p l aː ɡ ə
Wildschweinplagen	v ɪ l t ʃ v a ɪ̯ n p l aː ɡ ə n
Wildvogel	v ɪ l t f oː ɡ l̩
Wildvogels	v ɪ l t f oː ɡ l̩ s
Wildvögel	v ɪ l t f øː ɡ l̩
Wilhelmshavenerin	v ɪ l h ɛ l m s h aː f ə n ə ʁ ɪ n
Wilhelmshavenerinnen	v ɪ l h ɛ l m s h aː f ə n ə ʁ ɪ n ə n
Willenlosigkeit	v ɪ l ə n l oː s ɪ ç k a ɪ̯ t
Willigkeit	v ɪ l ɪ ç kʰ a ɪ̯ tʰ
Willinger	v ɪ l ɪ ŋ ɐ
Willkürlichkeit	v ɪ l k yː ɐ̯ l ɪ ç k a ɪ̯ t
Willmanns	v ɪ l m a n s
Wimmelbild	v ɪ m l̩ b ɪ l t
Wimmelbilderbuch	v ɪ m l̩ b ɪ l d ɐ b uː χ
Wimmelbuch	v ɪ m l̩ b uː χ
Wimpel	v ɪ m p l̩
Wimpern	v ɪ m p ɐ n
Wimperntusche	v ɪ m p ɐ n t ʊ ʃ ə
Wimpertierchen	v ɪ m p ɐ t iː ɐ̯ ç n̩
Wimpertierchen	v ɪ m p ɐ t iː ɐ̯ ç ə n
Windgeschwindigkeit	v ɪ n t ɡ ə ʃ v ɪ n d ɪ ç k a ɪ̯ t
Windhaus	v ɪ n t h a ʊ̯ s
Windhaus'	v ɪ n t h a ʊ̯ s
Windhoff	v ɪ n t h ɔ f
Windhoffs	v ɪ n t h ɔ f s
Windhose	v ɪ n t h oː z ə
Windmühle	v ɪ n t m yː l ə
Windpocken	v ɪ n t p ɔ k ə n
Winkel	v ɪ ŋ k l̩
Winkelschleifern	v ɪ ŋ k l̩ ʃ l a ɪ̯ f ɐ n
Winkelschleifers	v ɪ ŋ k l̩ ʃ l a ɪ̯ f ɐ s
Winkelzug	v ɪ ŋ k l̩ t͡s uː k
Winkler	v ɪ ŋ k l ɐ
Winsen	v ɪ n z n̩
Winterdienst	v ɪ n t ɐ d iː n s t
Winterfeld	v ɪ n t ɐ f ɛ l t
Winterfelder	v ɪ n t ɐ f ɛ l d ɐ
Winterfelderin	v ɪ n t ɐ f ɛ l d ə ʁ ɪ n
Winterfelderinnen	v ɪ n t ɐ f ɛ l d ə ʁ ɪ n ə n
Winterfelders	v ɪ n t ɐ f ɛ l d ɐ s
Winterfelds	v ɪ n t ɐ f ɛ l t s
Winterfeldzug	v ɪ n t ɐ f ɛ l t t͡s uː k
Winterfeldzuges	v ɪ n t ɐ f ɛ l t t͡s uː ɡ ə s
Winterfeldzugs	v ɪ n t ɐ f ɛ l t t͡s uː k s
Winterfeldzüge	v ɪ n t ɐ f ɛ l t t͡s yː ɡ ə
Winterling	v ɪ n t ɐ l ɪ ŋ
Winterlinge	v ɪ n t ɐ l ɪ ŋ ə
Winterlings	v ɪ n t ɐ l ɪ ŋ s
Winteroffensive	v ɪ n t ɐ ʔ ɔ f ɛ n z iː v ə
Winterzauber	v ɪ n t ɐ t s a ʊ̯ b ɐ
Winzer	v ɪ n t͡s ɐ
Wipfel	v ɪ p͡f l̩
Wirkfaktor	v ɪ ʁ k f a k t oː ɐ̯
Wirklichkeit	v ɪ ɐ̯ kʰ l ɪ ç kʰ a ɪ̯ tʰ
Wirklichkeiten	v ɪ ɐ̯ kʰ l ɪ ç kʰ a ɪ̯ tʰ ə n
Wirkung	v ɪ ʁ k ʊ ŋ
Wirkungen	v ɪ ʁ k ʊ ŋ ə n
Wirkungsfähigkeit	v ɪ ʁ k ʊ ŋ s f ɛː ɪ k k a ɪ̯ t
Wirkungsfähigkeit	v ɪ ʁ k ʊ ŋ s f ɛː ɪ ç k a ɪ̯ t
Wirrwarr	v ɪ ɐ̯ v a
Wirrwarr	v ɪ ɐ̯ v a ɐ̯
Wirrwarr	v ɪ ʁ v a ʁ
Wirrwarr	ʋ ʋ
Wirt	v ɪ ɐ̯ t
Wirt	v ɪ ʁ t
Wirtschaftsabschwung	v ɪ ʁ t ʃ a f t s ʔ a p ʃ v ʁ ʊ ŋ
Wirtschaftsaufschwung	v ɪ ʁ t ʃ a f t s ʔ a ʊ̯ f ʃ v ʁ ʊ ŋ
Wirtschaftsbeziehung	v ɪ ʁ t ʃ a f t͡s b e t͡s iː ʊ ŋ
Wirtschaftsblase	v ɪ ʁ t ʃ a f t͡s b l aː z ə
Wirtschaftsboom	v ɪ ʁ t ʃ a f t s b uː m
Wirtschaftsexperte	v ɪ ʁ t ʃ a f t͡s ʔ ɛ k s p ɛ ʁ t ə
Wirtschaftsexpertin	v ɪ ʁ t ʃ a f t͡s ʔ ɛ k s p ɛ ʁ t ɪ n
Wirtschaftsflüchtling	v ɪ ʁ t ʃ a f t͡s f l ʏ ç t l ɪ ŋ
Wirtschaftsklima	v ɪ ʁ t ʃ a f t s k l iː m a
Wirtschaftskraft	v ɪ ʁ t ʃ a f t͡s k ʁ a f t
Wirtschaftsleben	v ɪ ʁ t ʃ a f t͡s l eː b n̩
Wirtschaftsleistung	v ɪ ʁ t ʃ a f t s l a ɪ̯ s t ʊ ŋ
Wirtschaftsministerin	v ɪ ʁ t ʃ a f t s m i n ɪ s t ə ʁ ɪ n
Wirtschaftsministerinnen	v ɪ ʁ t ʃ a f t s m i n ɪ s t ə ʀ ɪ n ə n
Wirtschaftsrecht	v ɪ ʁ t ʃ a f t͡s ʁ ɛ ç t
Wirtschaftsrechtes	v ɪ ʁ t ʃ a f t͡s ʁ ɛ ç t ə s
Wirtschaftsrechtler	v ɪ ʁ t ʃ a f t͡s ʁ ɛ ç t l ɐ
Wirtschaftsrechtlerin	v ɪ ʁ t ʃ a f t͡s ʁ ɛ ç t l ə ʁ ɪ n
Wirtschaftsrechtlerinnen	v ɪ ʁ t ʃ a f t͡s ʁ ɛ ç t l ə ʁ ɪ n ə n
Wirtschaftsrechtlers	v ɪ ʁ t ʃ a f t͡s ʁ ɛ ç t l ɐ s
Wirtschaftsrechts	v ɪ ʁ t ʃ a f t͡s ʁ ɛ ç f t͡s
Wirtschaftssanktion	v ɪ ʁ t ʃ a f t͡s z a ŋ k t͡s i̯ oː n
Wirtschaftszweigen	v ɪ ʁ t ʃ a f t͡s t͡s v a ɪ̯ ɡ n̩
Wirtschaftszweigen	v ɪ ʁ t ʃ a f t͡s t͡s v a ɪ̯ ɡ ŋ̩
Wischer	v ɪ ʃ ɐ
Wischerin	v ɪ ʃ ə ʁ ɪ n
Wissenschaft	v ɪ s n̩ ʃ a f t
Wissensgesellschaft	v ɪ s n̩ s ɡ ə z ɛ l ʃ a f t
Wissenssektor	v ɪ s n̩ s z ɛ k t oː ɐ̯
Wissensstand	v ɪ s n̩ s ʃ t a n t
Witten	v ɪ tʰ ə n
Wittenberger	v ɪ t n̩ b ɛ ʁ ɡ ɐ
Wittenbergerin	v ɪ t n̩ b ɛ ʁ ɡ ə ʁ ɪ n
Wittenbergerinnen	v ɪ t n̩ b ɛ ʁ ɡ ə ʁ ɪ n ə n
Wittenbergs	v ɪ t n̩ b ɛ ʁ k s
Witwe	v ɪ t ʋ ə
Witwe	ʋ ɪ t ʋ ə
Witzbold	v ɪ t͡s b ɔ l t
Witzboldin	v ɪ t͡s b ɔ l d ɪ n
Witzenhausener	v ɪ t͡s n̩ h a ʊ̯ z n̩ ɐ
Witzenhausenerin	v ɪ t͡s n̩ h a ʊ̯ z n̩ ə ʁ ɪ n
Witzenhausenerinnen	v ɪ t͡s n̩ h a ʊ̯ z n̩ ə ʁ ɪ n ə n
Witzenhauseners	v ɪ t͡s n̩ h a ʊ̯ z n̩ ɐ s
Witzleben	v ɪ t͡s l eː b n̩
Witzlebener	v ɪ t͡s l eː b n̩ ɐ
Witzlebenerin	v ɪ t͡s l eː b n̩ ə ʁ ɪ n
Witzlebenerinnen	v ɪ t͡s l eː b n̩ ə ʁ ɪ n ə n
Witzlebeners	v ɪ t͡s l eː b n̩ ɐ s
Witzlebens	v ɪ t͡s l eː b n̩ s
Wladimir	v l aː d i m iː ɐ̯
Wochenaufenthalter	v ɔ χ n̩ ʔ a ʊ̯ f ʔ ɛ n t h a l t ɐ
Wochenbett	v ɔ x n̩ b ɛ t
Wochenendausflug	v ɔ x n̩ ʔ ɛ n t ʔ a ʊ̯ s f l uː k
Wochenendbesuch	v ɔ χ n̩ ʔ ɛ n d b ə z uː χ
Wochenende	v ɔ χ n̩ ʔ ɛ n d ə
Wochenendpendler	v ɔ x n̩ ʔ ɛ n t p ɛ n d l ɐ
Wohlfahrtsmarke	v oː l f aː ɐ̯ t͡s m a ʁ k ə
Wohlstandsgesellschaft	v oː l ʃ t a n t͡s ɡ ə z ɛ l ʃ a f t
Wohltäterinnen	v oː l t ɛː t ə ʁ ɪ n ə n
Wohltäters	v oː l t ɛː t ɐ s
Wohltätigkeitsbasar	v oː l t ɛː t ɪ k k a ɪ̯ t͡s b a z aː ɐ̯
Wohltätigkeitsbasar	v oː l t ɛː t ɪ ç k a ɪ̯ t͡s b a z aː ɐ̯
Wohltätigkeitsbasare	v oː l t ɛː t ɪ ç k a ɪ̯ t͡s b a z aː ʁ ə
Wohltätigkeitsbasars	v oː l t ɛː t ɪ k k a ɪ̯ t͡s b a z aː ɐ̯ s
Wohltätigkeitsbasars	v oː l t ɛː t ɪ ç k a ɪ̯ t͡s b a z aː ɐ̯ s
Wohltätigkeitsbazar	v oː l t ɛː t ɪ k k a ɪ̯ t͡s b a z aː ɐ̯
Wohltätigkeitsbazar	v oː l t ɛː t ɪ ç k a ɪ̯ t͡s b a z aː ɐ̯
Wohltätigkeitskonzert	v oː l t ɛː t ɪ k k a ɪ̯ t͡s k ɔ n t͡s ɛ ʁ t
Wohltätigkeitskonzert	v oː l t ɛː t ɪ ç k a ɪ̯ t͡s k ɔ n t͡s ɛ ʁ t
Wohltätigkeitskonzerte	v oː l t ɛː t ɪ k k a ɪ̯ t͡s k ɔ n t͡s ɛ ʁ t ə
Wohltätigkeitskonzerte	v oː l t ɛː t ɪ ç k a ɪ̯ t͡s k ɔ n t͡s ɛ ʁ t ə
Wohltätigkeitskonzertes	v oː l t ɛː t ɪ k k a ɪ̯ t͡s k ɔ n t͡s ɛ ʁ t ə s
Wohltätigkeitskonzertes	v oː l t ɛː t ɪ ç k a ɪ̯ t͡s k ɔ n t͡s ɛ ʁ t ə s
Wohltätigkeitskonzerts	v oː l t ɛː t ɪ k k a ɪ̯ t͡s k ɔ n t͡s ɛ ʁ t͡s
Wohltätigkeitskonzerts	v oː l t ɛː t ɪ ç k a ɪ̯ t͡s k ɔ n t͡s ɛ ʁ t͡s
Wohnhaus	v oː n h a ʊ̯ s
Wohnheim	v oː n h a ɪ̯ m
Wohnort	v oː n ʔ ɔ ʁ t
Wohnsiedlung	v oː n z iː d l ʊ ŋ
Wohnungsbesichtigung	v oː n ʊ ŋ s b ə z ɪ ç t ɪ ɡ ʊ ŋ
Wohnungslosigkeit	v oː n ʊ ŋ s l oː z ɪ ç k a ɪ̯ t
Wohnungstür	v oː n ʊ ŋ s t yː ɐ̯
Wohnungstüren	v oː n ʊ ŋ s t yː ʁ ə n
Wohnwagen	v oː n v aː ɡ ŋ̍
Woilach	v ɔ ɪ̯ l a x
Wolfenbütteler	v ɔ l f n̩ b ʏ t l̩ ɐ
Wolfenbüttelerin	v ɔ l f n̩ b ʏ t l̩ ə ʁ ɪ n
Wolfenbüttelerinnen	v ɔ l f n̩ b ʏ t l̩ ə ʁ ɪ n ə n
Wolfenbüttelers	v ɔ l f n̩ b ʏ t l̩ ɐ s
Wolfesgrube	v ɔ l f ə s ɡ ʁ uː b ə
Wolfhagen	v ʊ l f h aː ɡ n̩
Wolfhagener	v ʊ l f h aː ɡ ə n ɐ
Wolfhagenerin	v ʊ l f h aː ɡ ə n ə ʁ ɪ n
Wolfhagenerinnen	v ʊ l f h aː ɡ ə n ə ʁ ɪ n ə n
Wolfhageners	v ʊ l f h aː ɡ ə n ɐ s
Wolfhagens	w ʊ l f h aː ɡ n̩ s
Wolfsangel	v ɔ l f s ʔ a ŋ l̩
Wolfsbarsch	v ɔ l f s b a ʁ ʃ
Wolfsburg	v ɔ l f s b ʊ ʁ k
Wolfsburger	v ɔ l f s b ʊ r ɡ ɐ
Wolfsburgerin	v ɔ l f s b ʊ r ɡ ə ʁ ɪ n
Wolfsburgerinnen	v ɔ l f s b ʊ r ɡ ə ʁ ɪ n ə n
Wolfsburgers	v ɔ l f s b ʊ r ɡ ɐ s
Wolfsgrube	v ɔ l f s ɡ ʁ uː b ə
Wolfstrapp	v ɔ l f s t ʁ a p
Wolfstrappe	v ɔ l f s t ʁ a p ə
Wolfstrapps	v ɔ l f s t ʁ a p s
Wolken	v ɔ l k n̩
Wolken	v ɔ l k ŋ̍
Wolkenbruch	v ɔ l k n̩ b ʁ ʊ χ
Wollhaarmammut	v ɔ l h aː ɐ̯ m a m uː t
Wollhaarmammute	v ɔ l h aː ɐ̯ m a m uː t ə
Wollhaarmammuts	v ɔ l h aː ɐ̯ m a m uː t s
Wollknäuel	v ɔ l k n ɔ ɪ̯ ə l
Wollmaus	v ɔ l m a ʊ̯ s
Wollmütze	v ɔ l m ʏ t͡s ə
Wollschal	v ɔ l ʃ aː l
Wollüste	v ɔ l ʏ s t ə
Word	v œ ɐ̯ t
Word	v œ ʁ t
Workshop	v œ ɐ̯ k ʃ ɔ p
Workshop	w œ ɐ̯ k ʃ ɔ p
Workshops	v œ ɐ̯ k ʃ ɔ p s
Workshops	w œ ɐ̯ k ʃ ɔ p s
Workstation	v œː ɐ̯ k s t ɛ ɪ̯ ʃ n̩
Workstation	w œː ɐ̯ k s t ɛ ɪ̯ ʃ n̩
Worms'	v ɔ ʁ m s
Worringerin	v ɔ ʁ ɪ ŋ ə ʁ ɪ n
Worringerinnen	v ɔ ʁ ɪ ŋ ə ʁ ɪ n ə n
Wort	v ɔ ʁ t
Wortanfang	v ɔ ʁ t ʔ a n f a ŋ
Wortbildung	v ɔ ʁ t b ɪ l d ʊ ŋ
Wortbildungen	v ɔ ʁ t b ɪ l d ʊ ŋ ə n
Wortgefechte	v ɔ ʁ t ɡ ə f ɛ ç t ə
Wortmarke	v ɔ ʁ t m a ʁ k ə
Wortmarken	v ɔ ʁ t m a ʁ k n̩
Wortneuschöpfung	v ɔ ʁ t n ɔ ɪ̯ ʃ œ p͡f ʊ ŋ
Wortschöpfer	v ɔ ʁ t ʃ œ p f ɐ
Wortschöpferin	v ɔ ʁ t ʃ œ p f ə ʁ ɪ n
Wortschöpferinnen	v ɔ ʁ t ʃ œ p f ə ʁ ɪ n ə n
Wortwiederholung	v ɔ ʁ t v iː d ɐ h oː l ʊ ŋ
Wrangel	v ʁ a ŋ l̩
Wringen	v ʁ ɪ ŋ ŋ̩
Wringen	v ʁ ɪ ŋ ə n
Wucher	v uː x ɐ
Wucht	v ʊ x t
Wucht	v ʊ χ t
Wunder	v ʊ n d ɐ
Wunderkind	v ʊ n d ɐ k ɪ n t
Wundertüte	v ʊ n d ɐ t yː t ə
Wunderwaffe	v ʊ n d ɐ v a f ə
Wunderwaffe	ʋ ʊ n d ɐ ʋ a f ə
Wunsch	v ʊ n t ʃ
Wunsch	v ʊ n ʃ
Wunscherfüllung	v ʊ n t ʃ ɛ ɐ̯ f ʏ l ʊ ŋ
Wunschtraum	v ʊ n ʃ t ʁ a ʊ̯ m
Wunstorfer	v ʊ n s t ɔ ʁ f ɐ
Wunstorferin	v ʊ n s t ɔ ʁ f ə ʁ ɪ n
Wunstorferinnen	v ʊ n s t ɔ ʁ f ə ʁ ɪ n ə n
Wunstorfers	v ʊ n s t ɔ ʁ f ɐ s
Wuppertal	v ʊ p ɐ t aː l
Wuppertaler	v ʊ p ɐ t aː l ɐ
Wuppertalerin	v ʊ p ɐ t aː l ə ʁ ɪ n
Wuppertalerinnen	v ʊ p ɐ t aː l ə ʁ ɪ n ə n
Wuppertals	v ʊ p ɐ t aː l s
Wurm	v ʊ ɐ̯ m
Wurm	v ʊ ʁ m
Wurmloch	v ʊ ʁ m l ɔ x
Wurmschraube	v ʊ ʁ m ʃ ʁ a ʊ̯ b ə
Wurstebrei	v ʊ ɐ̯ s t ə b ʁ a ɪ̯
Wurstebrot	v ʊ ɐ̯ s t ə b ʁ oː t
Wurstscheibe	v ʊ ʁ s t ʃ a ɪ̯ b ə
Wurt	v ʊ ɐ̯ t
Wurt	v ʊ ʁ t
Wurzen	v ʊ ʁ t͡s n̩
Wurzenpass	v ʊ ʁ t͡s n̩ p a s
Wurzenpasses	v ʊ ʁ t͡s n̩ p a s ə s
Wut	v uː t
Wut	ʋ uː t
Wutanfall	v uː t ʔ a n f a l
Wählerverzeichnis	v ɛː l ɐ f ɛ ɐ̯ t͡s a ɪ̯ ç n ɪ s
Wählhebel	v ɛː l h eː b l̩
Wählscheibe	v ɛː l ʃ a ɪ̯ b ə
Währungsabsicherung	v ɛː ʁ ʊ ŋ s ʃ p e k u l a t͡s j oː n
Währungsabwertung	v ɛː ʁ ʊ ŋ s ʔ a b v eː ɐ̯ t ʊ ŋ
Währungsaufwertung	v ɛː ʁ ʊ ŋ s ʔ a ʊ̯ f v eː ɐ̯ t ʊ ŋ
Währungseinheit	v ɛː ʁ ʊ ŋ s ʔ a ɪ̯ n h a ɪ̯ t
Währungseinheiten	v ɛː ʁ ʊ ŋ s ʔ a ɪ̯ n h a ɪ̯ t n̩
Währungseinheiten	v ɛː ʁ ʊ ŋ s ʔ a ɪ̯ n h a ɪ̯ t ə n
Währungsmarkt	v ɛː ʁ ʊ ŋ s m a ʁ k t
Währungsspekulation	v ɛː ʁ ʊ ŋ s ʃ p e k u l a t͡s j oː n
Währungsstabilität	v ɛː ʁ ʊ ŋ s ʃ t a b i l i t ɛː t
Wärmepreisbremse	v ɛ ʁ m e p ʁ a ɪ̯ s b ʁ ɛ m z ə
Wärmer	v ɛ ʁ m ɐ
Wärmeverlust	v ɛ ʁ m ə f ɛ ɐ̯ l ʊ s t
Wärmflasche	v ɛ ʁ m f l a ʃ ə
Wäscheleine	v ɛ ʃ ə l a ɪ̯ n ə
Wäscherei	v ɛ ʃ ə ʁ a ɪ̯
Wörterbuch	v œ ɐ̯ t ɐ b uː x
Wörthersee	v œ ʁ t ɐ z eː
Wünschelrutengänger	v ʏ n ʃ l̩ ʁ uː t n̩ ɡ ɛ ŋ ɐ
Wünschelrutengängerin	v ʏ n ʃ l̩ ʁ uː t n̩ ɡ ɛ ŋ ə ʁ ɪ n
Würde	v ʏ ɐ̯ d ə
Würde	v ʏ ʁ d ə
Würdigung	v ʏ ʁ d ɪ ɡ ʊ ŋ
Würfel	v ʏ ʁ f l̩
Würfelspieler	v ʏ ʁ f l̩ ʃ p iː l ɐ
Würfelspielerin	v ʏ ʁ f l̩ ʃ p iː l ə ʁ ɪ n
Würfelspielerinnen	v ʏ ʁ f l̩ ʃ p iː l ə ʁ ɪ n ə n
Würfelspielers	v ʏ ʁ f l̩ ʃ p iː l ɐ s
Würgen	v ʏ ʁ ɡ ŋ̍
Würselenerin	v ʏ ʁ z ə l ə n ə ʁ ɪ n
Würselenerinnen	v ʏ ʁ z ə l ə n ə ʁ ɪ n ə n
Würstchen	v ʏ ɐ̯ s t ç ə n
Würstchen	v ʏ ʁ s t ç ə n
Württemberger	v ʏ ʁ t ə m b ɛ ʁ ɡ ɐ
Württembergerin	v ʏ ʁ t ə m b ɛ ʁ ɡ ə ʁ ɪ n
Württembergers	v ʏ ʁ t ə m b ɛ ʁ ɡ ɐ s
Würtzburger	v ʏ ʁ t͡s b ʊ ʁ ɡ ɐ
Würzburger	v ʏ ʁ t͡s b ʊ ʁ ɡ ɐ
Würzburgerin	v ʏ ʁ t͡s b ʊ ʁ ɡ ə ʁ ɪ n
Würzburgerinnen	v ʏ ʁ t͡s b ʊ ʁ ɡ ə ʁ ɪ n ə n
Würzburgs	v ʏ ɐ̯ t s b ʊ ɐ̯ k s
Würzbutter	v ʏ ʁ t͡s b ʊ t ɐ
Würzmittel	v ʏ ʁ t͡s m ɪ t l̩
Wüstenei	v yː s t ə n a ɪ̯
Wüstenschiff	v yː s t n̩ ʃ ɪ f
Wüstenschiffe	v yː s t n̩ ʃ ɪ f ə
Wüstenschiffes	v yː s t n̩ ʃ ɪ f ə s
Xaver	k s aː v ɐ
Yang	j a ŋ
Yard	j a ɐ̯ t
Yard	j a ʁ t
Yard	j aː t
Ypern	ʔ yː p ɐ n
Ypernschlacht	ʔ yː p ɐ n ʃ l a χ t
Ysop	ʔ iː z ɔ p
Yuan	j uː a n
Zabel	t͡s aː b l̩
Zackenbarsch	t͡s a k n̩ b a ʁ ʃ
Zackenbarsche	t͡s a k n̩ b a ʁ ʃ ə
Zackenbarsches	t͡s a k n̩ b a ʁ ʃ ə s
Zackenbarschs	t͡s a k n̩ b a ʁ ʃ s
Zahlen	t s aː l n̩
Zahlen	t s aː l ə n
Zahlenschloss	t͡s aː l ə n ʃ l ɔ s
Zahlenschlösser	t͡s aː l ə n ʃ l œ s ɐ
Zahlschein	t͡s aː l ʃ a ɪ n
Zahlung	t͡s aː l ʊ ŋ
Zahlungsfähigkeit	t͡s aː l ʊ ŋ s f ɛː ɪ ç k a ɪ̯ t
Zahlungskraft	t͡s aː l ʊ ŋ s k ʁ a f t
Zahlungsmittel	t͡s aː l ʊ ŋ s m ɪ t l̩
Zahlungsunfähigkeit	t͡s aː l ʊ ŋ s ʊ n f ɛː ɪ ç k a ɪ̯ t
Zahnbürsten	t͡s aː n b ʏ ʁ s t n̩
Zahnfleischentzündung	t s aː n f l a ɪ̯ ʃ ʔ ɛ n t t s ʏ n d ʊ ŋ
Zahnfäule	t͡s aː n f ɔ ɪ̯ l ə
Zahnimplantat	t͡s aː n ʔ ɪ m p l a n t aː t
Zahnschmelz	t s aː n ʃ m ɛ l t s
Zahnstocher	t͡s aː n ʃ t ɔ χ ɐ
Zapfen	t s a p f ə n
Zapfen	t s a p f ɱ̩
Zapfenverbindung	t͡s a p͡f n̩ f ɛ ɐ̯ b ɪ n d ʊ ŋ
Zapfer	t͡s a p͡f ɐ
Zappen	t s a p m̩
Zappen	t s a p ə n
Zar	t͡s aː
Zar	t͡s aː ɐ̯
Zarg	t͡s ɑ χ ɕ
Zarge	t͡s a ʁ ɡ ə
Zauber	t͡s a ʊ̯ b ɐ
Zauberbuch	t͡s a ʊ̯ b ɐ b uː x
Zauberbuche	t͡s a ʊ̯ b ɐ b uː x ə
Zauberbuches	t͡s a ʊ̯ b ɐ b uː x ə s
Zauberbuchs	t͡s a ʊ̯ b ɐ b uː x s
Zauberbücher	t͡s a ʊ̯ b ɐ b yː ç ɐ
Zauberbüchern	t͡s a ʊ̯ b ɐ b yː ç ɐ n
Zauberkraft	t s a ʊ̯ b ɐ k ʁ a f t
Zaubermacht	t s a ʊ̯ b ɐ m a x t
Zauberspruch	t s a ʊ̯ b ɐ ʃ p ʁ ʊ χ
Zauberstab	t͡s a ʊ̯ b ɐ ʃ t aː p
Zauberwälder	t͡s a ʊ̯ b ɐ v ɛ l d ɐ
Zaun	t͡s a ʊ̯ n
Zauneidechse	t͡s a ʊ̯ n ʔ a ɪ̯ d ɛ k s ə
Zaunkönig	t͡s a ʊ̯ n k øː n ɪ k
Zaunkönig	t͡s a ʊ̯ n k øː n ɪ ç
Zebaoth	t͡s eː b a ɔ t
Zechenschließung	t͡s ɛ ç n̩ ʃ l iː s ʊ ŋ
Zechensiedlung	t͡s ɛ ç n̩ z iː d l ʊ ŋ
Zeder	t s eː d ɐ
Zehetmaier	t͡s eː ə t m a ɪ̯ ɐ
Zehetmaiers	t͡s eː ə t m a ɪ̯ ɐ s
Zehetmair	t͡s eː ə t m a ɪ̯ ɐ
Zehetmairs	t͡s eː ə t m a ɪ̯ ɐ s
Zehetmayer	t͡s eː ə t m a ɪ̯ ɐ
Zehetmayers	t͡s eː ə t m a ɪ̯ ɐ s
Zehetmeier	t͡s eː ə t m a ɪ̯ ɐ
Zehetmeiers	t͡s eː ə t m a ɪ̯ ɐ s
Zehncentmünze	t͡s eː n s ɛ n t m ʏ n t͡s ə
Zehncentmünze	t͡s eː n t͡s ɛ n t m ʏ n t͡s ə
Zehncentmünzen	t͡s eː n s ɛ n t m ʏ n t͡s ə n
Zehncentmünzen	t͡s eː n t͡s ɛ n t m ʏ n t͡s ə n
Zehncentstück	t͡s eː n s ɛ n t ʃ t ʏ k
Zehncentstück	t͡s eː n t͡s ɛ n t ʃ t ʏ k
Zehnersystem	t͡s eː n ɐ z ʏ s t eː m
Zehneuroschein	t͡s eː n ʔ ɔ ɪ̯ ʁ o ʃ a ɪ̯ n
Zehnjähriger	t͡s eː n j ɛː ʁ ɪ ɡ ɐ
Zehnmarkschein	t͡s eː n m a ʁ k ʃ a ɪ̯ n
Zehnpfennigmünze	t͡s eː n p͡f ɛ n ɪ ç m ʏ n t͡s ə
Zehnpfennigmünzen	t͡s eː n p͡f ɛ n ɪ ç m ʏ n t͡s ə n
Zehnpfennigstück	t͡s eː n p͡f ɛ n ɪ k ʃ t ʏ k
Zehnpfennigstück	t͡s eː n p͡f ɛ n ɪ ç ʃ t ʏ k
Zehnt	t s eː n tʰ
Zehntel	t͡s eː n t l̩
Zehrung	t͡s eː ʁ u ŋ
Zeichenerkennung	t͡s a ɪ̯ ç n̩ ɛ ɐ̯ k ɛ n ʊ ŋ
Zeichentrick	t͡s a ɪ̯ ç n̩ t ʁ ɪ k
Zeichentrickadaption	t͡s a ɪ̯ ç n̩ t ʁ ɪ k ʔ a d a p t͡s i̯ oː n
Zeichentrickadaptionen	t͡s a ɪ̯ ç n̩ t ʁ ɪ k ʔ a d a p t͡s i̯ oː n ə n
Zeichentrickfilm	t͡s a ɪ̯ ç n̩ t ʁ ɪ k f ɪ l m
Zeichentricks	t͡s a ɪ̯ ç n̩ t ʁ ɪ k s
Zeiger	t͡s a ɪ̯ ɡ ɐ
Zeilensprung	t͡s a ɪ̯ l ə n ʃ p ʁ ʊ ŋ
Zeilenumbruch	t͡s a ɪ̯ l ə n ʔ ʊ m b ʁ ʊ x
Zeisinge	t͡s a ɪ z ɪ ŋ ə
Zeit	t͡s a ɪ̯ t
Zeitanzeige	t͡s a ɪ̯ t a n t͡s a ɪ̯ ɡ ə
Zeitaufwand	t͡s a ɪ̯ t ʔ a ʊ̯ f v a n t
Zeitaufwandes	t͡s a ɪ̯ t ʔ a ʊ̯ f v a n d ə s
Zeitaufwands	t͡s a ɪ̯ t ʔ a ʊ̯ f v a n t s
Zeitbeschränkung	t s a ɪ̯ t b ə ʃ ʁ ɛ ŋ k ʊ ŋ
Zeitbeschränkungen	t s a ɪ̯ t b ə ʃ ʁ ɛ ŋ k ʊ ŋ ə n
Zeitgefühl	t͡s a ɛ̯ t
Zeitgeschehen	t͡s a ɪ̯ t ɡ ə ʃ eː ə n
Zeitlang	t͡s a ɪ̯ t l a ŋ
Zeitpunkt	t s a ɪ̯ tʰ pʰ ʊ ŋ k tʰ
Zeitrahmen	t s a ɪ̯ t r aː m ə n
Zeitreisende	t͡s a ɪ̯ t ʁ a ɪ̯ z n̩ d ə
Zeitreisenden	t͡s a ɪ̯ t ʁ a ɪ̯ z n̩ d n̩
Zeitreisender	t͡s a ɪ̯ t ʁ a ɪ̯ z n̩ d ɐ
Zeitschaltuhr	t͡s a ɪ̯ t ʃ a l t ʔ uː ɐ̯
Zeitschaltuhren	t͡s a ɪ̯ t ʃ a l t ʔ uː ʁ ə n
Zeitscheibe	t͡s a ɪ̯ t ʃ a ɪ̯ b ə
Zeitscheiben	t͡s a ɪ̯ t ʃ a ɪ̯ b n̩
Zeitschlitz	t͡s a ɪ̯ t ʃ l ɪ t͡s
Zeitschlitze	t͡s a ɪ̯ t ʃ l ɪ t͡s ə
Zeitschlitzes	t͡s a ɪ̯ t ʃ l ɪ t͡s ə s
Zeitsoldat	t͡s a ɪ̯ t z ɔ l d aː t
Zeitsoldatin	t͡s a ɪ̯ t z ɔ l d aː t ɪ n
Zeitsoldatinnen	t͡s a ɪ̯ t z ɔ l d aː t ɪ n ə n
Zeitstempel	t͡s a ɪ̯ t ʃ t ɛ m p l̩
Zeittafel	t͡s a ɪ̯ t t aː f l̩
Zeitumstellung	t͡s a ɪ̯ t ʊ m ʃ t ɛ l ʊ ŋ
Zeitumstellungen	t͡s a ɪ̯ t ʊ m ʃ t ɛ l ʊ ŋ ə n
Zeitungen	t͡s a ɪ̯ tʰ ʊ ŋ ə n
Zeitungsausträgerin	t͡s a ɪ̯ t ʊ ŋ s a ʊ s t ʁ ɛː ɡ ɐ r ɪ n
Zeitungsberichterstatter	t͡s a ɪ̯ t ʊ ŋ k s b ə ʁ ɪ ç t ʔ ɛ ɐ̯ ʃ t a t ɐ
Zeitungsberichterstatters	t͡s a ɪ̯ t ʊ ŋ k s b ə ʁ ɪ ç t ʔ ɛ ɐ̯ ʃ t a t ɐ s
Zeitungsredakteur	t͡s a ɪ̯ t ʊ ŋ s r e d a k t øː r
Zeitungsredakteurin	t͡s a ɪ̯ t ʊ ŋ s r e d a k t øː r ɪ n
Zeitungsredaktor	t͡s a ɪ̯ t ʊ ŋ s ʁ e d a k t oː ɐ̯
Zeitungsverkäuferin	t͡s a ɪ̯ t ʊ ŋ s f ɛ ɐ̯ k ɔ ɪ̯ f ɐ r ɪ n
Zeitungsverlag	t s a ɪ̯ t ʊ ŋ s f ɛ ɐ̯ l aː k
Zeitungsverträger	t͡s a ɪ̯ t ʊ ŋ s f ɛ ɐ̯ t ʀ ɛː ɡ ɐ
Zeitverzögerung	t͡s a ɪ̯ t f ɛ ɐ̯ t͡s øː ɡ ə ʁ ʊ ŋ
Zeitüberschreitung	t s a ɪ̯ t yː b ɐ ʃ ʁ a ɪ̯ t ʊ ŋ
Zeitüberschreitungen	t s a ɪ̯ t yː b ɐ ʃ ʁ a ɪ̯ t ʊ ŋ ə n
Zellaufschluss	t͡s ɛ l ʔ a ʊ̯ f ʃ l ʊ s
Zellaufschlusses	t͡s ɛ l ʔ a ʊ̯ f ʃ l ʊ s ə s
Zellaufschlüsse	t͡s ɛ l ʔ a ʊ̯ f ʃ l ʏ s ə
Zelot	t͡s e l oː t
Zeltdach	t͡s ɛ l t d a x
Zeltdaches	t͡s ɛ l t d a x ə s
Zeltdachs	t͡s ɛ l t d a x s
Zeltdächer	t͡s ɛ l t d ɛ ç ɐ
Zelter	t͡s ɛ l t ɐ
Zement	t͡s e m ɛ n t
Zenit	t͡s e n iː t
Zentaur	t͡s ɛ n t a ʊ̯ ɐ
Zentrale	t͡s ɛ n t ʁ aː l ə
Zentralverwaltungswirtschaft	t͡s ɛ n t ʁ aː l f ɛ ɐ̯ v a l t ʊ ŋ s v ɪ ʁ t ʃ a f t
Zentriwinkel	t͡s ɛ n t ʁ i v ɪ ŋ k l̩
Zerdrücker	t͡s ɛ ɐ̯ d ʁ ʏ k ʃ ɐ
Zerfließen	t͡s ɛ ɐ̯ f l iː s n̩
Zerfurchen	t͡s ɛ ɐ̯ f u ɐ̯ x ŋ̩
Zerkrümeln	t͡s ɛ ɐ̯ k ʁ yː m l̩ n
Zerkugeln	t͡s ɛ ɐ̯ k uː ɡ l̩ n
Zerlegung	t͡s ɛ ɐ̯ l eː ɡ ʊ ŋ
Zermanschen	t͡s ɛ ɐ̯ m a n ʃ n̩
Zernagen	t͡s ɛ ɐ̯ n aː ɡ n̩
Zerquetscher	t͡s ɛ ʁ k v ɛ t͡ʃ ɐ
Zerquetscherin	t͡s ɛ ʁ k v ɛ t͡ʃ ə ʀ ɪ n
Zerquetscherinnen	t͡s ɛ ʁ k v ɛ t͡ʃ ə ʁ ɪ n ə n
Zerschiessen	t͡s ɛ ɐ̯ ʃ iː s n̩
Zerschießen	t͡s ɛ ɐ̯ ʃ iː s n̩
Zerschlitzen	t͡s ɛ ɐ̯ ʃ l ɪ t͡s n̩
Zerschmeisserin	t͡s ɛ ɐ̯ ʃ m a ɪ̯ s ə ʁ ɪ n
Zerschmeisserinnen	t͡s ɛ ɐ̯ ʃ m a ɪ̯ s ə ʁ ɪ n ə n
Zerschmeißer	t͡s ɛ ɐ̯ ʃ m a ɪ̯ s ɐ
Zerschmeißerin	t͡s ɛ ɐ̯ ʃ m a ɪ̯ s ə ʁ ɪ n
Zerschmeißerinnen	t͡s ɛ ɐ̯ ʃ m a ɪ̯ s ə ʁ ɪ n ə n
Zerschmeißers	t͡s ɛ ɐ̯ ʃ m a ɪ̯ s ɐ s
Zersetzung	t͡s ɛ ɐ̯ z ɛ t͡s ʊ ŋ
Zersiedelung	t͡s ɛ ɐ̯ z iː d ə l ʊ ŋ
Zerspalten	t͡s ɛ ɐ̯ ʃ p a l t n̩
Zerstechen	t͡s ɛ ɐ̯ ʃ t ɛ ç n̩
Zerstossen	t͡s ɛ ɐ̯ ʃ t oː s n̩
Zerstreiten	t͡s ɛ ɐ̯ ʃ t ʁ a ɪ̯ t n̩
Zerstückelung	t͡s ɛ ɐ̯ ʃ t ʏ k ə l ʊ ŋ
Zerstücklung	t͡s ɛ ɐ̯ ʃ t ʏ k l̩ ʊ ŋ
Zertifizieren	t͡s ɛ ʁ t i f i t͡s iː ʁ ə n
Zertifizierung	t͡s ɛ ʁ t i f i t͡s iː ʁ ʊ ŋ
Zetergeschrei	t͡s eː t ɐ ɡ ə ʃ ʁ a ɪ̯
Zettel	t͡s ɛ t l̩
Zettelkasten	t͡s ɛ t l̩ k a s t n̩
Zeugenaussage	t͡s ɔ ɪ̯ ɡ ə n a ʊ̯ s z aː ɡ ə
Zeugnisverweigerungsrechte	t͡s ɔ ɪ̯ ɡ n ɪ s f ɛ ɐ̯ v a ɪ̯ ɡ ə ʁ ʊ ŋ s ʁ ɛ ç t ə
Zeugnisverweigerungsrechtes	t͡s ɔ ɪ̯ ɡ n ɪ s f ɛ ɐ̯ v a ɪ̯ ɡ ə ʁ ʊ ŋ s ʁ ɛ ç t ə s
Zeugnisverweigerungsrechts	t͡s ɔ ɪ̯ ɡ n ɪ s f ɛ ɐ̯ v a ɪ̯ ɡ ə ʁ ʊ ŋ s ʁ ɛ ç t͡s
Zeugwart	t͡s ɔ ʏ̯ k v a ʁ t
Zeugwartes	t͡s ɔ ɪ̯ k v a ʁ t ə s
Zickzack	t͡s ɪ k t͡s a k
Zider	t͡s iː d ɐ
Ziegeldach	t͡s iː ɡ l̩ d a x
Ziegeldaches	t͡s iː ɡ l̩ d a x ə s
Ziegeldachs	t͡s iː ɡ l̩ d a x s
Ziegeldächer	t͡s iː ɡ l̩ d ɛ ç ɐ
Ziegelstein	t͡s iː ɡ l̩ ʃ t a ɪ̯ n
Ziegensittich	t͡s iː ɡ n̩ s ɪ t ɪ ç
Ziegler	t͡s iː ɡ l ɐ
Ziele	t͡s iː l ə
Zielstrebigkeit	t͡s iː l ʃ t ʁ eː b ɪ ç k a ɪ̯ t
Zierbuchstabe	t͡s iː ɐ̯ b uː χ ʃ t aː b ə
Zierde	t͡s i ɐ̯ d ə
Zierde	t͡s iː ɐ̯ d ə
Zierfisch	t͡s iː ɐ̯ f ɪ ʃ
Ziergras	t͡s iː ɐ̯ ɡ ʁ aː s
Zierkirsche	t͡s iː ɐ̯ k ɪ ʁ ʃ ə
Zierkürbis	t͡s iː ɐ̯ k ʏ ʁ b ɪ s
Zierkürbisses	t͡s iː ɐ̯ k ʏ ʁ b ɪ s ə s
Zierpflanze	t͡s iː ɐ̯ p͡f l a n t͡s ə
Zierstrauch	t͡s iː ɐ̯ ʃ t ʁ a ʊ̯ x
Ziervogel	t͡s iː ɐ̯ f oː ɡ l̩
Ziervogels	t͡s iː ɐ̯ f oː ɡ l̩ s
Ziervögel	t͡s iː ɐ̯ f øː ɡ l̩
Zigarettenblättchen	t͡s i ɡ a ʁ ɛ t n̩ b l ɛ t ç ə n
Zigarettenblättchens	t͡s i ɡ a ʁ ɛ t n̩ b l ɛ t ç ə n s
Zigarettenetui	t͡s i ɡ a ʁ ɛ t n̩ ʔ e t y̯ iː
Zigarettenetui	t͡s i ɡ a ʁ ɛ t n̩ ʔ ɛ t v iː
Zillertal	t͡s ɪ l ɐ t aː l
Zillertaler	t͡s ɪ l ɐ t aː l ɐ
Zillertalerin	t͡s ɪ l ɐ t aː l ə ʁ ɪ n
Zillertalers	t͡s ɪ l ɐ t aː l ɐ s
Zillertales	t͡s ɪ l ɐ t aː l ə s
Zillertals	t͡s ɪ l ɐ t aː l s
Zimmermannshammer	t͡s ɪ m ɐ m a n s h a m ɐ
Zimmernummer	t s ɪ m ɐ n ʊ m ɐ
Zimmerpflanze	t͡s ɪ m ɐ p͡f l a n t͡s ə
Zimmerschlüssel	t s ɪ m ɐ ʃ l ʏ s l̩
Zimmerservice	t͡s ɪ m ɐ z øː ɐ̰ v ɪ s
Zimperlichkeit	t͡s ɪ m p ɐ l ɪ ç k a ɪ̯ t
Zimtschnecke	t͡s ɪ m t ʃ n ɛ k ə
Zimtstern	t͡s ɪ m t ʃ t ɛ ʁ n
Zimtzucker	t͡s ɪ m t t s ʊ k ɐ
Zindel	t͡s ɪ n d l̩
Zindels	t͡s ɪ n d l̩ s
Zinkblende	t͡s ɪ ŋ k b l ɛ n d ə
Zinkcarbonat	t͡s ɪ ŋ k k a ʁ b o n aː t
Zinkcarbonats	t͡s ɪ ŋ k k a ʁ b o n aː t͡s
Zinkerz	t͡s ɪ ŋ k ʔ eː ɐ̯ t͡s
Zinkerz	t͡s ɪ ŋ k ʔ ɛ ʁ t͡s
Zinkspat	t͡s ɪ ŋ k ʃ p aː t
Zinkwanne	t͡s ɪ ŋ k v a n ə
Zinserhöhung	t͡s ɪ n s ʔ ɛ ɐ̯ h øː ʊ ŋ
Zipfelmütze	t͡s ɪ p͡f l̩ m ʏ t͡s ə
Zirbelkiefer	t͡s ɪ ʁ b l̩ k iː f ɐ
Zirbelnuss	t͡s ɪ ʁ b l̩ n ʊ s
Zirkel	t͡s ɪ ʁ k l̩
Zirkelbeweis	t s ɪ ʁ k l̩ b ə v a ɪ̯ s
Zirkelschluss	t͡s ɪ ʁ k l̩ ʃ l ʊ s
Zirkusvorstellung	t͡s ɪ ʁ k ʊ s f oː ɐ̯ ʃ t ɛ l ʊ ŋ
Zisterzienser	t͡s ɪ s t ɐ t͡s i̯ ɛ n z ɐ
Zisterzienserkloster	t͡s ɪ s t ɛ ʁ t͡s i̯ ɛ n z ɐ k l oː s t ɐ
Zitadelle	t͡s i t a d ɛ l ə
Zithersaite	t͡s ɪ t ɐ z a ɪ̯ t ə
Zitronatzitrone	t͡s i t ʁ o n aː t t͡s i t ʁ oː n ə
Zitronenfalter	t͡s i t ʁ oː n ə n f a l t ɐ
Zitronenplantage	t͡s i t ʁ oː n ə n p l a n t aː ʒ ə
Zitronenplantagen	t͡s i t ʁ oː n ə n p l a n t aː ʒ ə n
Zitronenschale	t͡s i t ʁ oː n ə n ʃ aː l ə
Zitronensäure	t͡s i t ʁ oː n ə n z ɔ ɪ̯ ʁ ə
Zitronenzeisig	t͡s i t ʁ oː n ə n t͡s a ɪ̯ z ɪ k
Zitronenzeisig	t͡s i t ʁ oː n ə n t͡s a ɪ̯ z ɪ ç
Zitrusfrucht	t͡s iː t ʁ ʊ s f ʁ ʊ x t
Zitrusfrüchte	t͡s iː t ʁ ʊ s f ʁ ʏ ç t ə
Zitruspflanze	t͡s iː t ʁ ʊ s p f l a n s ə
Zitruspflanze	t͡s iː t ʁ ʊ s p f l a n t s ə
Zitruspflanzen	t͡s iː t ʁ ʊ s p f l a n s n̩
Zitruspflanzen	t͡s iː t ʁ ʊ s p f l a n t s n̩
Zitteraal	t͡s ɪ t ɐ ʔ aː l
Zivilcourage	t͡s i v iː l k u ʁ aː ʃ
Zivilcourage	t͡s i v iː l k u ʁ aː ʒ ə
Zivilklausel	t͡s i v iː l k l a ʊ̯ z l̩
Zivilklauseln	t͡s i v iː l k l a ʊ̯ z l̩ n
Zivilputsch	t͡s i v iː l p ʊ t͡ʃ
Zivilputsche	t͡s i v iː l p ʊ t͡ʃ ə
Zivilputsches	t͡s i v iː l p ʊ t͡ʃ ə s
Zmittag	t͡s m ɪ t aː k
Zobel	t͡s oː b l̩
Zoch	t s o x
Zock	t͡s ɔ k
Zoff	t s ɔ f
Zollausschlussgebiet	t͡s ɔ l ʔ a ʊ̯ s ʃ l ʊ s ɡ ə b iː t
Zollausschlussgebiete	t͡s ɔ l ʔ a ʊ̯ s ʃ l ʊ s ɡ ə b iː t ə
Zollausschlussgebietes	t͡s ɔ l ʔ a ʊ̯ s ʃ l ʊ s ɡ ə b iː t ə s
Zollausschlussgebiets	t͡s ɔ l ʔ a ʊ̯ s ʃ l ʊ s ɡ ə b iː t͡s
Zollfreiheit	t͡s ɔ l f ʁ a ɪ̯ h a ɪ̯ t
Zollstock	t͡s ɔ l ʃ t ɔ k
Zollstocker	t͡s ɔ l ʃ t ɔ k ɐ
Zollstockerin	t͡s ɔ l ʃ t ɔ k ə ʁ ɪ n
Zollstockerinnen	t͡s ɔ l ʃ t ɔ k ə ʁ ɪ n ə n
Zollstockers	t͡s ɔ l ʃ t ɔ k ɐ s
Zollstocks	t͡s ɔ l ʃ t ɔ k s
Zolltarif	t͡s ɔ l t a ʁ iː f
Zoo	t͡s oː
Zoo	t͡s oː o
Zopf	t s ɔ p f
Zopf	t s ɔ p ɸ
Zorn	t s ɔ ɐ̯ n
Zorn	t s ɔ ʁ n
Zorn	t s ɔː n
Zuarbeiten	t s uː ʔ ä ʁ b ä ɪ̯ t ə n
Zubau	t͡s uː b a ʊ̯
Zubauen	t͡s uː b a ʊ̯ n
Zubauen	t͡s uː b a ʊ̯ ə n
Zubehör	t͡s uː b ə h øː ɐ̯
Zubeissen	t͡s uː b a ɪ̯ s n̩
Zubeißen	t͡s uː b a ɪ̯ s n̩
Zuber	t͡s uː b ɐ
Zubereitung	t͡s uː b ə ʁ a ɪ̯ t ʊ ŋ
Zubinden	t͡s uː b ɪ n d n̩
Zubrötchen	t s uː b r̺ øː t ç ə n
Zucht	t͡s ʊ x t
Zucken	t͡s ʊ k n̩
Zuckerbäcker	t s ʊ k ɐ b ɛ k ɐ
Zuckerbäckerin	t s ʊ k ɐ b ɛ k ə ʁ ɪ n
Zuckererbse	t͡s ʊ k ɐ ʔ ɛ ɐ̯ p s ə
Zuckerhut	t͡s ʊ k ɐ h uː t
Zuckerhutes	t͡s ʊ k ɐ h uː t ə s
Zuckerhuts	t͡s ʊ k ɐ h uː t͡s
Zuckerhüte	t͡s ʊ k ɐ h yː t ə
Zuckerhüten	t͡s ʊ k ɐ h yː t n̩
Zuckerlösung	t͡s ʊ k ɐ l øː z ʊ ŋ
Zuckerrohrpflanzung	t͡s ʊ k ɐ ʁ oː ɐ̯ p͡f l a n t͡s ʊ ŋ
Zuckerrohrpflanzungen	t͡s ʊ k ɐ ʁ oː ɐ̯ p͡f l a n t͡s ʊ ŋ ə n
Zuckerschlecken	t͡s ʊ k ɐ ʃ l ɛ k n̩
Zuckerschlecken	t͡s ʊ k ɐ ʃ l ɛ k ŋ̩
Zuckerschleckens	t͡s ʊ k ɐ ʃ l ɛ k n̩ s
Zuckerschleckens	t͡s ʊ k ɐ ʃ l ɛ k ŋ̩ s
Zudrehen	t͡s uː d ʁ eː ə n
Zudringen	t͡s uː d ʁ ɪ ŋ ə n
Zueinanderhalten	t͡s uː ʔ a ɪ̯ n a n d ɐ h a l t n̩
Zuerteilen	t͡s uː ɛ ɐ̯ t a ɪ̯ l ə n
Zuflucht	t͜s uː f l ʊ χ t
Zufluchtsort	t͡s uː f l ʊ x t͡s ʔ ɔ ʁ t
Zufluss	t͡s uː f l ʊ s
Zufriedenheit	t s u f ʁ iː d n̩ h a ɪ̯ t
Zugabe	t͡s uː ɡ aː b ə
Zuge	t͡s uː ɡ ə
Zugehörigkeit	t͡s uː ɡ ə h øː ʁ ɪ ç k a ɪ̯ t
Zugehörigkeitsgefühl	t͡s uː ɡ ə h øː ʁ ɪ ç k a ɪ̯ t s ɡ ə f yː l
Zuger	t͡s uː ɡ ɐ
Zugeständnis	t͡s uː ɡ ə ʃ t ɛ n t n ɪ s
Zugführer	t͡s uː k f yː ʁ ɐ
Zugluft	t͡s uː k l ʊ f t
Zugriff	t͡s uː ɡ ʁ ɪ f
Zugticket	t͡s uː k t ɪ k ə t
Zugtier	t s uː k t iː ɐ̯
Zugunruhe	t s uː k ʔ ʊ n ʁ uː ə
Zugzwang	t͡s uː k t͡s ʋ a ŋ
Zuhalten	t͡s uː h a l t n̩
Zukaufen	t͡s uː k a ʊ̯ f n̩
Zukleben	t s uː k l eː b m̩
Zukleber	t͡s uː k l eː b ɐ
Zukunftsfähigkeit	t͡s uː k ʊ n f t s f ɛː ɪ ç k a ɪ̯ t
Zuladen	t͡s uː l aː d n̩
Zulassungsverfahren	t͡s uː l a s ʊ ŋ s f ɛ ɐ̯ f aː ʁ ə n
Zuleiten	t͡s uː l a ɪ̯ t n̩
Zulieferer	t͡s uː l iː f ə ʁ ɐ
Zulieferin	t͡s uː l iː f ə ʁ ɪ n
Zumessen	t͡s uː m ɛ s n̩
Zund	t͡s u n d̥
Zunähen	t s uː n ɛː ə n
Zupflastern	t͡s uː p f l a s t ɐ n
Zupicken	t͡s uː p i k n̩
Zurrgurt	t͡s ʊ ɐ̯ ɡ ʊ ɐ̯ t
Zurschaustellen	t s uː ɐ̯ ʃ a ʊ̯ ʃ t ɛ l ə n
Zurschaustellung	t s uː ɐ̯ ʃ a ʊ̯ ʃ t ɛ l ʊ ŋ
Zurverfügungstellen	t͡s ʊ ɐ̯ f ɛ ɐ̯ f yː ɡ ʊ ŋ ʃ t ɛ l̩ n
Zurückbilden	t͡s u ʁ ʏ k b ɪ l d n̩
Zurückdrehen	t͡s u ʁ ʏ k d ʁ eː ə n
Zurückdrängen	t͡s u ʁ ʏ k d ʁ ɛ ŋ ə n
Zurückforderung	t͡s u ʁ ʏ k f ɔ ʁ d ə ʁ ʊ ŋ
Zurückhalten	t s u ʁ ʏ k h a l t n̩
Zurückholen	t͡s u ʁ ʏ k h oː l ə n
Zurückholer	t͡s u ʁ ʏ k h oː l ɐ
Zurückkaufen	t͡s u ʁ ʏ k k a ʊ̯ f n̩
Zurückkehr	t͡s u ʁ ʏ k k eː ɐ̯
Zurückkehren	t͡s u ʁ ʏ k k eː ʁ ə n
Zurückkehrer	t͡s u ʁ ʏ k k eː ʁ ɐ
Zurücklassen	t͡s u ʁ ʏ k l a s n̩
Zurücklaufen	t͡s u ʁ ʏ k l a ʊ̯ f m̩
Zurücklaufen	t͡s u ʁ ʏ k l a ʊ̯ f n̩
Zurücklächeln	t͡s u ʁ ʏ k l ɛ ç l̩ n
Zurückräumen	t s u ʁ ʏ k ʁ ɔ ɪ̯ m ə n
Zurückräumen	t s u ʁ ʏ k ʁ ɔ ɪ̯ m ɛ n
Zurückschrecken	t͡s u ʁ ʏ k ʃ ʁ ɛ k n̩
Zurückschreiben	t s u ʁ ʏ k ʃ ʁ a i͡b ə n
Zurückschreibens	t s u ʁ ʏ k ʃ ʁ a i͡b ə n s
Zurückstellen	t͡s u ʁ ʏ k ʃ t ɛ l ə n
Zurücksteller	t͡s u ʁ ʏ k ʃ t ɛ l ɐ
Zurücktreten	t s u ʁ ʏ kʰ t ʁ eː t n̩
Zurückzahlung	t͡s u ʁ ʏ k t͡s aː l ʊ ŋ
Zusammenarbeiten	t͡s u z a m ə n ʔ a ʁ b a ɪ̯ t n̩
Zusammenfallen	t͡s u z a m ə n f a l̩ n
Zusammenfließen	t͡s u z a m ə n f l iː s n̩
Zusammenfügung	t͡s u z a m ə n f yː ɡ ʊ ŋ
Zusammenhalten	t s u z a m ə n h a l t n̩
Zusammenhanglosigkeit	t͡s u z a m ə n h a ŋ l oː z ɪ k k a ɪ̯ t
Zusammenhanglosigkeit	t͡s u z a m ə n h a ŋ l oː z ɪ ç k a ɪ̯ t
Zusammenkleben	t͡s u z a m ə n k l eː b n̩
Zusammenreißen	t͡s u z a m ə n ʁ a ɪ̯ s n̩
Zusammenrotten	t͡s u z a m ə n ʁ ɔ t n̩
Zusammenräumen	t s u s a m ɛ n ʁ ɔ ɛ̯ m ɛ n
Zusammenräumen	t s u z a m ə n ʁ ɔ ɪ̯ m ə n
Zusammenschrumpfen	t͡s u z a m ə n ʃ ʁ ʊ m p͡f n̩
Zusammensinken	t͡s u z a m ə n z ɪ ŋ k n̩
Zusammenstauchen	t͡s u z a m ə n ʃ t a ʊ̯ x n̩
Zusammenstossen	t͡s u z a m ə n ʃ t oː s n̩
Zusammenstoßen	t͡s u z a m ə n ʃ t oː s n̩
Zuschauerin	t͡s uː ʃ a ʊ̯ ə ʁ ɪ n
Zuscheissen	t͡s uː ʃ a ɪ̯ s n̩
Zuscheißen	t͡s uː ʃ a ɪ̯ s n̩
Zuspitzung	t͡s uː ʃ p ɪ t͡s ʊ ŋ
Zustandekommen	t͡s u ʃ t a n d ə k ɔ m ə n
Zustimmungsgesetz	z uː ʃ t ɪ m u ŋ s ɡ ə z ɛ t͡s
Zustossen	t s uː ʃ t oː s n̩
Zustoßen	t s uː ʃ t oː s n̩
Zuständigkeit	t͡s uː ʃ t ɛ n d ɪ ç k a ɪ̯ t
Zuständigkeitsbereich	t͡s uː ʃ t ɛ n d ɪ ç k a ɪ̯ t͡s b ə ʁ a ɪ̯ ç
Zuteilen	t͡s uː t a ɪ̯ l ə n
Zuteiler	t͡s uː t a ɪ̯ l ɐ
Zuteilerin	t͡s uː t a ɪ̯ l ə ʁ ɪ n
Zutragen	t͡s uː t ʁ aː ɡ n̩
Zutragen	t͡s uː t ʁ aː ɡ ŋ̍
Zutrauen	t͡s uː t ʁ a ʊ̯ ə n
Zuwachs	t s uː v a k s
Zuwanderung	t͡s uː v a n d ə ʁ ʊ ŋ
Zuwuchern	t͡s uː v uː x ɐ n
Zwangsarbeiter	t͡s v a ŋ s ʔ a ʁ b a ɪ̯ t ɐ
Zwangsarbeiterin	t͡s v a ŋ s ʔ a ʁ b a ɪ̯ t ə ʁ ɪ n
Zwangsarbeiterinnen	t͡s v a ŋ s ʔ a ʁ b a ɪ̯ t ɐ ʁ ɪ n ə n
Zwangsarbeiters	t͡s v a ŋ s ʔ a ʁ b a ɪ̯ t ɐ s
Zwangsimpfung	t͡s v a ŋ s ʔ ɪ m p͡f ʊ ŋ
Zwangskollektivierung	t͡s v a ŋ s k ɔ l ɛ k t i v iː ʁ ʊ ŋ
Zwangskollektivierungen	t͡s v a ŋ s k ɔ l ɛ k t i v iː ʁ ʊ ŋ ə n
Zwangslage	t͡s v a ŋ s l aː ɡ ə
Zwangsversteigerung	t͡s v a ŋ s f ɛ ɐ̯ ʃ t a ɪ̯ ɡ ə ʁ ʊ ŋ
Zwangsvollstreckungen	t͡s v a ŋ s f ɔ l ʃ t ʁ ɛ k ʊ ŋ ə n
Zwangsvorstellung	t͡s v a ŋ s f oː ɐ̯ ʃ t ɛ l ʊ ŋ
Zwanzigcentmünze	t͡s v a n t͡s ɪ ç s ɛ n t m ʏ n t͡s ə
Zwanzigcentmünze	t͡s v a n t͡s ɪ ç t͡s ɛ n t m ʏ n t͡s ə
Zwanzigcentmünzen	t͡s v a n t͡s ɪ ç s ɛ n t m ʏ n t͡s ə n
Zwanzigcentmünzen	t͡s v a n t͡s ɪ ç t͡s ɛ n t m ʏ n t͡s ə n
Zwanzigcentstück	t͡s v a n t͡s ɪ ç s ɛ n t ʃ t ʏ k
Zwanzigcentstück	t͡s v a n t͡s ɪ ç t͡s ɛ n t ʃ t ʏ k
Zwanziger	t͡s v a n t͡s ɪ ɡ ɐ
Zwanzigeuroschein	t͡s v a n t͡s ɪ ç ʔ ɔ ɪ̯ ʁ o ʃ a ɪ̯ n
Zwanzigjährige	t͡s v a n t͡s ɪ ç j ɛː ʁ ɪ ɡ ə
Zwanzigjährigen	t͡s v a n t͡s ɪ ç j ɛː ʁ ɪ ɡ ə n
Zwanzigjähriger	t͡s v a n t͡s ɪ ç j ɛː ʁ ɪ ɡ ɐ
Zwanzigmarkschein	t͡s v a n t͡s ɪ ç m a ʁ k ʃ a ɪ̯ n
Zwanzigstel	t͡s ʋ ä n t͡s ɪ ç s t l̩
Zwanzigtausendstel	t͡s v a n t s ɪ k t a ʊ z n̩ t͡s t ɮ̩
Zwanzigtausendstel	t͡s v a n t s ɪ k t a ʊ z n̩ t͡s t ɮ̩̻
Zwanzigtausendstel	t͡s v a n t s ɪ ç t a ʊ z n̩ t͡s t ɮ̩̻
Zweckehe	t͡s ʋ ɛ k ʔ eː ə
Zweckentfremdung	t͡s ʋ ɛ k ʔ ɛ n t f r ɛ m d ʊ ŋ
Zweckoptimismus	t s v ɛ k ɔ p t i m ɪ s m ʊ s
Zweibrücken	t͡s v a ɪ̯ b ʁ ʏ k n̩
Zweibrückens	t͡s v a ɪ̯ b ʁ ʏ k n̩ s
Zweibrücker	t͡s v a ɪ̯ b ʁ ʏ k ɐ
Zweibrückerin	t͡s v a ɪ̯ b ʁ ʏ k ə ʁ ɪ n
Zweibrückers	t͡s v a ɪ̯ b ʁ ʏ k ɐ s
Zweicentmünze	t͡s v a ɪ̯ s ɛ n t m ʏ n t͡s ə
Zweicentmünze	t͡s v a ɪ̯ t͡s ɛ n t m ʏ n t͡s ə
Zweicentmünzen	t͡s v a ɪ̯ s ɛ n t m ʏ n t͡s ə n
Zweicentmünzen	t͡s v a ɪ̯ t͡s ɛ n t m ʏ n t͡s ə n
Zweicentstück	t͡s v a ɪ̯ s ɛ n t ʃ t ʏ k
Zweicentstück	t͡s v a ɪ̯ t͡s ɛ n t ʃ t ʏ k
Zweideutigkeit	t͡s v a ɪ̯ d ɔ ɪ̯ t ɪ k k a ɪ̯ t
Zweideutigkeit	t͡s v a ɪ̯ d ɔ ɪ̯ t ɪ ç k a ɪ̯ t
Zweier	t s v a i ɐ
Zweieuromünze	t͡s v a ɪ̯ ʔ ɔ ɪ̯ ʁ o m ʏ n t͡s ə
Zweieuromünzen	t͡s v a ɪ̯ ʔ ɔ ɪ̯ ʁ o m ʏ n t͡s ə n
Zweifel	t͡s ʋ a ɪ̯ f l̩
Zweiflügler	t͡s v a ɪ f l yː ɡ l ɐ
Zweiflüglers	t͡s v a ɪ f l yː ɡ l ɐ s
Zweifüßer	t͡s v a ɪ f yː s ɐ
Zweifüßers	t͡s v a ɪ f yː s ɐ s
Zweifüßler	t͡s v a ɪ f yː s l ɐ
Zweifüßlers	t͡s v a ɪ f yː s l ɐ s
Zweig	t͡s ʋ a ɪ̯ k
Zweihunderteuroschein	t͡s v a ɪ̯ h ʊ n d ɐ t ʔ ɔ ɪ̯ ʁ o ʃ a ɪ̯ n
Zweijährigen	t͡s v a ɪ̯ j ɛː ʁ ɪ ɡ n̩
Zweijähriger	t͡s v a ɪ̯ j ɛː ʁ ɪ ɡ ɐ
Zweimarkmünze	t͡s v a ɪ̯ m a ʁ k m ʏ n t͡s ə
Zweimarkmünzen	t͡s v a ɪ̯ m a ʁ k m ʏ n t͡s ə n
Zweimarkstück	t͡s v a ɪ̯ m a ʁ k ʃ t ʏ k
Zweipersonenhaushalt	t͡s v a ɪ̯ p ɛ ʁ z oː n ə n h a ʊ̯ s h a l t
Zweipersonenhaushalte	t͡s v a ɪ̯ p ɛ ʁ z oː n ə n h a ʊ̯ s h a l t ə
Zweipersonenhaushaltes	t͡s v a ɪ̯ p ɛ ʁ z oː n ə n h a ʊ̯ s h a l t ə s
Zweipersonenhaushalts	t͡s v a ɪ̯ p ɛ ʁ z oː n ə n h a ʊ̯ s h a l t͡s
Zweipfennigmünze	t͡s v a ɪ̯ p͡f ɛ n ɪ ç m ʏ n t͡s ə
Zweipfennigmünzen	t͡s v a ɪ̯ p͡f ɛ n ɪ ç m ʏ n t͡s ə n
Zweipfennigstück	t͡s v a ɪ̯ p͡f ɛ n ɪ k ʃ t ʏ k
Zweipfennigstück	t͡s v a ɪ̯ p͡f ɛ n ɪ ç ʃ t ʏ k
Zweispitz	t͡s v a ɪ̯ ʃ p ɪ t͡s
Zweistromland	t͡s v a ɪ̯ ʃ t ʁ oː m l a n t
Zweistromlandes	t͡s v a ɪ̯ ʃ t ʁ oː m l a n d ə s
Zweistromlands	t͡s v a ɪ̯ ʃ t ʁ oː m l a n t s
Zweitausendstel	t͡s v a ɪ̯ t a ʊ z n̩ t͡s t ɮ̩̻
Zweiteiler	t͡s v a ɪ̯ t a ɪ̯ l ɐ
Zweitstimme	t͡s v a ɪ̯ t ʃ t ɪ m ə
Zweitwohnung	t͡s ʋ ä e̯ t v oː n ʊ ŋ
Zweitwohnung	t͡s ʋ ä e̯ t v oː n ʊ ŋ k
Zweiunddreißigjährige	t͡s v a ɪ̯ ʊ n t d ʁ a ɪ̯ s ɪ ç j ɛː ʁ ɪ ɡ ə
Zweiunddreißigjährigen	t͡s v a ɪ̯ ʊ n t d ʁ a ɪ̯ s ɪ ç j ɛː ʁ ɪ ɡ ə n
Zweiunddreißigjähriger	t͡s v a ɪ̯ ʊ n t d ʁ a ɪ̯ s ɪ ç j ɛː ʁ ɪ ɡ ɐ
Zweiundfünfzigjährigen	t͡s v a ɪ̯ ʊ n t f ʏ n f t͡s ɪ ç j ɛː ʁ ɪ ɡ ə n
Zweiundfünfzigstels	t͡s v a ɪ̯ ʊ n t f y n f t͡s ɪ ç s t l̩ s
Zweiundvierzigjährige	t͡s v a ɪ̯ ʊ n t f ɪ ɐ̯ t͡s ɪ ç j ɛː ʁ ɪ ɡ ə
Zweiundvierzigjährigen	t͡s v a ɪ̯ ʊ n t f ɪ ɐ̯ t͡s ɪ ç j ɛː ʁ ɪ ɡ ə n
Zweiundvierzigjähriger	t͡s v a ɪ̯ ʊ n t f ɪ ɐ̯ t͡s ɪ ç j ɛː ʁ ɪ ɡ ɐ
Zweiundzwanzigjährige	t͡s v a ɪ̯ ʊ n t͡s v a n t͡s ɪ ç j ɛː ʁ ɪ ɡ ə
Zweiundzwanzigjährigen	t͡s v a ɪ̯ ʊ n t͡s v a n t͡s ɪ ç j ɛː ʁ ɪ ɡ ə n
Zweiundzwanzigjähriger	t͡s v a ɪ̯ ʊ n t͡s v a n t͡s ɪ ç j ɛː ʁ ɪ ɡ ɐ
Zwerchfell	t͡s ʋ ɛ ɐ̯ x f ɛ l
Zwerchfell	t͡s ʋ ɛ ʁ x f ɛ l
Zwerchfellriss	t͡s ʋ ɛ ɐ̯ x f ɛ l ʁ ɪ s
Zwergara	t͡s v ɛ ʁ k aː ʁ a
Zwergaras	t͡s v ɛ ʁ k aː ʁ a s
Zwergspecht	t͡s v ɛ ʁ k ʃ p ɛ ç t
Zwergspechte	t͡s v ɛ ʁ k ʃ p ɛ ç t ə
Zwergspechtes	t͡s v ɛ ʁ k ʃ p ɛ ç t ə s
Zwergspechts	t͡s v ɛ ʁ k ʃ p ɛ ç t͡s
Zwergzikade	t͡s v ɛ ʁ k t͡s i k aː d ə
Zwergzikaden	t͡s v ɛ ʁ k t͡s i k aː d ə n
Zwetsche	t s v ɛ t ʃ ə
Zwetschge	t s v ɛ t ʃ ɡ ə
Zwicken	t͡s v ɪ k ŋ̩
Zwickmühle	t͡s ʋ ɪ k m yː l ə
Zwiebelsuppe	t͜s v iː b l̩ z ʊ p ə
Zwiespalt	t s v iː ʃ p a l t
Zwietracht	t s ʋ iː t ʁ a χ t
Zwille	t͡s ʋ ɪ l ə
Zwillingsschwester	t͡s v ɪ l ɪ ŋ s ʃ v ɛ s t ɐ
Zwirn	t͡s ʋ ɪ ɐ̯ n
Zwirn	t͡s ʋ ɪ ʁ n
Zwischenlagern	t͡s v ɪ ʃ n̩ l aː ɡ ɐ n
Zwist	t͡s ʋ ɪ s t
Zwitter	t͡s ʋ ɪ t ɐ
Zwitterblüte	t͡s ʋ ɪ t ɐ b l yː t ə
Zwitterion	t͡s ʋ ɪ t ɐ i oː n
Zwitterion	t͡s ʋ ɪ t ɐ i̯ oː n
Zwittrigkeit	t͡s v ɪ t ʁ ɪ ç k a ɪ̯ t
Zwölfersystem	t͡s v œ l f ɐ z ʏ s t eː m
Zwölfjähriger	t͡s v œ l f j ɛː ʁ ɪ ɡ ɐ
Zwölftel	t͡s ʋ œ l f t l̩
Zwölftels	t͡s ʋ œ l f t l̩ s
Zylinderkoordinatensystem	t͡s i l ɪ n d ɐ k o ʔ ɔ ʁ d i n aː t n̩ z ʏ s t eː m
Zylinderkoordinatensysteme	t͡s i l ɪ n d ɐ k o ʔ ɔ ʁ d i n aː t n̩ z ʏ s t eː m ə
Zylinderkoordinatensystems	t͡s i l ɪ n d ɐ k o ʔ ɔ ʁ d i n aː t n̩ z ʏ s t eː m s
Zylinderkopf	t͡s i l ɪ n d ɐ k ɔ p͡f
Zylinderkopf	t͡s y l ɪ n d ɐ k ɔ p͡f
Zylinderkopfdeckel	t͡s i l ɪ n d ɐ k ɔ p͡f d ɛ k l̩
Zylinderkopfdeckel	t͡s y l ɪ n d ɐ k ɔ p͡f d ɛ k l̩
Zylinderkopfdeckels	t͡s i l ɪ n d ɐ k ɔ p͡f d ɛ k l̩ s
Zylinderkopfdeckels	t͡s y l ɪ n d ɐ k ɔ p͡f d ɛ k l̩ s
Zyprer	t s yː p ʁ ɐ
Zyprerin	t s yː p ʁ ɐ ʁ ɪ n
Zytokine	t͡s y t o k iː n ə
Zytokins	t͡s y t o k iː n s
Zytologie	t͡s y t o l o ɡ iː
Zytopenie	t͡s y t o p e n iː
Zytoskelett	t͡s y t o s k e l ɛ t
Zytoskopie	t͡s y t o s k o p iː
Zytostom	t͡s y t o s t oː m
Zytotoxizität	t͡s y t o t ɔ k s i t͡s i t ɛː t
Zytozentrum	t͡s y t o t͡s ɛ n t ʁ ʊ m
Zytozym	t͡s y t o t͡s yː m
Zöch	t s ø ɕ
Züchter	t͡s ʏ ç t ɐ
Züchtern	t͡s ʏ ç t ɐ n
Züchters	t͡s ʏ ç t ɐ s
Züge	t s yː ɡ ə
Zügellosigkeit	t͡s yː ɡ l̩ l oː z ɪ ç k a ɪ̯ t
Zündung	t s ʏ n d ʊ ŋ
Zürbel	t͡s ʏ r b l̩
Zürbel	t͡s ʏ r b ə l
Zürbel	t͡s ʏ ɐ̯ b l̩
Zürbel	t͡s ʏ ɐ̯ b ə l
Zürbel	t͡s ʏ ʁ b l̩
Zürbel	t͡s ʏ ʁ b ə l
Zürbelbaum	t͡s ʏ r b l̩ b a ʊ̯ m
Zürbelbaum	t͡s ʏ r b ə l b a ʊ̯ m
Zürbelbaum	t͡s ʏ ɐ̯ b l̩ b a ʊ̯ m
Zürbelbaum	t͡s ʏ ɐ̯ b ə l b a ʊ̯ m
Zürbelbaum	t͡s ʏ ʁ b l̩ b a ʊ̯ m
Zürbelbaum	t͡s ʏ ʁ b ə l b a ʊ̯ m
Zürgel	t͡s ʏ r ɡ l̩
Zürgel	t͡s ʏ r ɡ ə l
Zürgel	t͡s ʏ ɐ̯ ɡ l̩
Zürgel	t͡s ʏ ɐ̯ ɡ ə l
Zürgel	t͡s ʏ ʁ ɡ l̩
Zürgel	t͡s ʏ ʁ ɡ ə l
Zürgelbaum	t͡s ʏ r ɡ l̩ b a ʊ̯ m
Zürgelbaum	t͡s ʏ r ɡ ə l b a ʊ̯ m
Zürgelbaum	t͡s ʏ ɐ̯ ɡ l̩ b a ʊ̯ m
Zürgelbaum	t͡s ʏ ɐ̯ ɡ ə l b a ʊ̯ m
Zürgelbaum	t͡s ʏ ʁ ɡ l̩ b a ʊ̯ m
Zürgelbaum	t͡s ʏ ʁ ɡ ə l b a ʊ̯ m
Zürich	t͡s y r i χ
Zürich	t͡s yː ʁ ɪ ç
Zürnen	t͡s ʏ ʁ n ə n
aalen	aː l ə n
aargauisch	aː ɐ̯ ɡ a ʊ̯ ɪ ʃ
aasen	ʔ aː z n̩
abalienieren	a p ʔ a l i̯ e n iː ʁ ə n
abandonnieren	a b a n d ɔ n iː ʁ ə n
abarbeiten	ʔ a p ʔ a ʁ b a ɪ̯ t n̩
abarbeiten	ʔ a p ʔ a ʁ b a ɪ̯ t ə n
abarbeiten	ʔ a p ʔ a ʁ b a ɪ̯ ʔ n̩
abarten	a p ʔ aː ɐ̯ t n̩
abballern	a p b a l ɐ n
abbaubar	ʔ a p b a ʊ̯ b aː ɐ̯
abbauen	ʔ a b̥ a ʊ̯ ə n
abbauen	ʔ a p b a ʊ̯ ə n
abbehalten	a p b ə h a l t n̩
abberufen	a p b ə ʁ uː f ə n
abbestellen	ʔ a p b̥ ə ʃ t ɛ l̩ n
abbestellt	a p b ə ʃ t ɛ l t
abbeuteln	a p b ɔ ɪ̯ t l̩ n
abbezahlen	ʔ a p b ə t s aː l n̩
abbezahlt	ʔ a b ə t s aː l t
abbiegen	a p b iː ɡ n̩
abbilden	ʔ a p̚ b̥ ɪ l d ə n
abblassen	a p b l a s n̩
abblitzen	a p b l ɪ t͡s n̩
abblocken	ʔ a b l ɔ k ŋ̍
abblühen	a p b l yː ə n
abblühend	a p b l yː ə n t
abbrechen	ʔ a p b ʁ ɛ ç n̩
abbrechen	ʔ a p b ʁ ɛ ç ə n
abbremsen	ʔ a b ʁ ɛ m z n̩
abbrennen	ʔ a b ʁ ɛ n n̩
abbruchreif	a p b ʁ ʊ x ʁ a ɪ̯ f
abbröckeln	ʔ a p b ʁ œ k ə l n
abbuchen	ʔ a b uː χ n̩
abbügeln	a p b yː ɡ l̩ n
abbüßen	a p b yː s n̩
abdecken	ʔ a p d ɛ k ə n
abdestilliert	ʔ a b d ɛ s t i l iː ʁ t
abdrehen	a p d r eː ə n
abdreschen	a p d ʁ ɛ ʃ n̩
abdriften	a p d ʁ ɪ f t n̩
abdriftend	a p d ʁ ɪ f t n̩ t
abdrängen	a p d ʁ ɛ ŋ ə n
abeisen	ɑ p ʔ a ɪ̯ z n̩
abeisen	ɑ p ʔ a ɪ̯ z ə n
abendessen	ʔ aː b n̩ t ʔ ɛ s n̩
abends	ʔ aː b m̩ s
abends	ʔ aː b n t͡s
abends	ʔ aː b ə n t͡s
aberkennen	a p ʔ ɛ ɐ̯ k ɛ n ə n
abernten	a p ʔ ɛ ʁ n t n̩
abessen	a p ʔ ɛ s n̩
abessinisch	a b ɛ s iː n ɪ ʃ
abfackeln	ʔ a p f a k l̩ n
abfahrbereit	a p f aː ɐ̯ b ə ʁ a ɪ̯ t
abfahren	a p f aː r ə n
abfahrtbereit	a p f aː ɐ̯ t b ə ʁ a ɪ̯ t
abfallend	a p f a l ə n t
abfedern	ʔ a p f eː d ɐ n
abfertigen	ʔ a p f ɛ ɐ̯ tʰ i ɡ ŋ̍
abfinden	a p f ɪ n d n̩
abfinden	a p f ɪ n d ə n
abflachen	ʔ a p f l a χ n̩
abfließen	ʔ a p f l iː s n̩
abfließen	ʔ a p f l iː s ə n
abfordern	ʔ a p f ɔ ʁ d ɐ n
abfragen	ʔ a p f ʁ aː ɡ ŋ̍
abfärben	a p f ɛ ʁ b n̩
abführen	a p f yː ʁ ə n
abfüllen	a p f ʏ l ə n
abgearbeitet	ʔ a p ɡ ə ʔ a ʁ b a ɪ̯ t ə t
abgeben	a p ɡ eː b m̩
abgeben	a p ɡ eː b n̩
abgebissen	ʔ a p ɡ ə b i s n̩
abgeblasen	ʔ a p ɡ ə b l aː z n̩
abgeblendet	a b ɡ ə b l ɛ n d ə t
abgeblättert	ʔ a p ɡ ə b l ɛ t ɐ t
abgeblättert	ʔ a p ɡ ə b l ɛ t ə ʁ t
abgedriftet	a p ɡ ə d ʁ ɪ f t ə t
abgeerntet	a p ɡ ə ʔ ɛ ʁ n t ə t
abgegriffen	a p ɡ ə ɡ ʁ ɪ f n̩
abgehackt	a p ɡ ə h a k t
abgehackter	a p ɡ ə h a k t ɐ
abgehacktesten	a p ɡ ə h a k t ə s t n̩
abgehacktesten	a p ɡ ə h a k t ə s t ə n
abgekühlt	a p ɡ ə k yː l t
abgemagert	a p ɡ ə m aː ɡ ɐ t
abgenutzt	a p ɡ e n ʊ t͡s t
abgepackt	a p ɡ ə p a k t
abgeschrägt	a p ɡ ə ʃ ʁ ɛː k t
abgeschrägtes	a p ɡ ə ʃ ʁ ɛː k t ə s
abgeschöpft	a p ɡ ə ʃ œ p͡f t
abgesehen	a p ɡ ə z eː ə n
abgestaubt	a p ɡ ə ʃ t a ʊ̯ p t
abgestempelt	a b ɡ ə ʃ t ɛ m p e l t
abgewinnen	a p ɡ ə v ɪ n ə n
abgewöhnen	a p ɡ ə v øː n ə n
abgleichen	a p ɡ l a ɪ̯ ç n̩
abgleiten	ʔ a p ɡ l a ɪ̯ t n̩
abgleiten	ʔ a p ɡ l a ɪ̯ t ə n
abgrenzen	ʔ a p ɡ ʁ ɛ n t s n̩
abgöttisch	ʔ a p ɡ œ t ɪ ʃ
abhalten	ʔ a p h a l t n̩
abhalten	ʔ a p h a l t ə n
abhandeln	a p h a n d l̩ n
abhobeln	a p h oː b l̩ n
abholzen	ʔ a p h ɔ l t s n̩
abhören	ʔ a p h øː ʁ ə n
abkapseln	ʔ a p k a p s l̩ n
abkapseln	ʔ a p k a p s ə l n
abkarten	a p k a ʁ t n̩
abklappern	a p k l a p ɐ n
abklatschen	a p k l a t ʃ n̩
abklingen	ʔ a p k l ɪ ŋ n̩
abknallen	a p k n a l ə n
abknicken	a p k n ɪ k ə n
abkämmen	ʔ a p k ɛ m n̩
abkömmlich	ʔ a p k œ m l ɪ ç
abkühlen	ʔ a p k yː l n
abkürzen	ʔ a p k ʏ ɐ̯ t s n̩
abkürzen	ʔ a p k ʏ ɐ̯ t s ə n
abkürzen	ʔ a p k ʏ ʁ t s n̩
abkürzen	ʔ a p k ʏ ʁ t s ə n
abladen	ʔ a p l aː d n̩
ablegen	ʔ a p l eː ɡ ŋ̩
ablegen	ʔ a p l eː ɡ ə n
ableisten	a b̥ l a ɪ̯ s t n̩
ableiten	ʔ a p l a ɪ̯ t n̩
ableiten	ʔ a p l a ɪ̯ t ə n
ablenken	ʔ a p l ɛ ŋ k ŋ̩
ablösen	ʔ a p l øː z n̩
abmahnen	a p m aː n ə n
abmeiern	ʔ a p m a ɪ̯ ɐ n
abmelden	ʔ a p m ɛ l d n̩
abnehmen	ʔ a p n eː m m̩
abnibbeln	a p n ɪ b l̩ n
abnicken	a p n ɪ k ə n
abnippeln	a p n ɪ p l̩ n
abonnieren	ʔ a b ɔ n iː ɐ̯ n
abpfeifen	ʔ a p p͡f a ɪ̯ f n̩
abpressen	ʔ a p p ʁ ɛ s n̩
abputzen	ʔ a p p ʊ t s ə n
abquatschen	a p k v a t͡ʃ n̩
abraten	a p ʁ aː t ə n
abregen	ʔ a p ʁ eː ɡ n̩
abreichern	ʔ a p ʁ a ɪ̯ ç ɐ n
abreisen	ʔ a p ʁ a ɪ̯ s n̩
abreisen	ʔ a p ʁ a ɪ̯ z n̩
abriegeln	a p ʁ iː ɡ l̩ n
abrufen	ʔ a p ʁ uː f n̩
abrunden	ʔ a p ʁ ʊ n d n̩
abräumen	ʔ a p ʁ ɔ ʏ̯ m ə n
abrücken	a p ʁ ʏ k n̩
absatzweise	a p z a t͜s v a͜i z ə
absaugen	ʔ a p s a ʊ̯ ɡ ŋ̩
abschaffen	ʔ a p ʃ a f n̩
abschaßeln	a p ʃ aː s l̩ n
abscheiden	a p ʃ a ɪ̯ d n̩
abscheulichsten	ʔ a p ʃ ɔ ɪ̯ l ɪ ç s t n̩
abschichten	ʔ a p ʃ t ɔ k ə n
abschießen	a p ʃ iː s n̩
abschießend	a p ʃ iː s n̩ t
abschirmen	ʔ a p ʃ ɪ ɐ̯ m n̩
abschlachten	ʔ a p ʃ l a χ t n̩
abschleifen	a p ʃ l a ɪ̯ f n̩
abschmettern	a p ʃ m ɛ t ɐ n
abschminken	a p ʃ m ɪ ŋ k n̩
abschrauben	a p ʃ ʁ a ʊ̯ b m̩
abschrauben	a p ʃ ʁ a ʊ̯ b n̩
abschreiten	ʔ ä p ʃ ʁ ä ɪ̯ t n̩
abschweifen	ʔ a p ʃ v a ɪ̯ f n̩
abschöpfen	a p ʃ œ p͡f n̩
abschütteln	a p ʃ ʏ t l̩ n
absehen	ä p z eː n
absehen	ä p z eː ə n
absenden	a p z ɛ n d n̩
absentieren	a p z̥ ɛ n t iː ʁ ə n
absichern	ʔ a p z ɪ ç ɐ n
absichtlich	a p z ɪ ç t l ɪ ç
absiedeln	ʔ a p z iː d l̩ n
absinken	ʔ a p z ɪ ŋ k ŋ̩
absinken	ʔ a p z ɪ ŋ k ə n
abspannen	a p ʃ p a n ə n
abspecken	ʔ a p ʃ p ɛ k ŋ̍
abspielen	ʔ a p ʃ p iː l n̩
abspielen	ʔ a p ʃ p iː l ə n
abspringen	ʔ a p ʃ p ʁ ɪ ŋ n̩
abspritzen	ʔ a p ʃ p ʁ ɪ t s n̩
abspulen	a p ʃ p uː l ə n
abspülen	a p ʃ p yː l ə n
abstauben	a p ʃ t a ʊ̯ b n̩
abstauen	ʔ a p ʃ t a ʊ̯ ə n
abstechen	ʔ a p ʃ t ɛ ç n̩
abstechen	ʔ a p ʃ t ɛ ç ə n
abstecken	ʔ a p ʃ t ɛ k ŋ̩
abstempeln	a p ʃ t ɛ m p l̩ n
absterben	ʔ a p ʃ t ɛ ɐ̯ b m̩
abstimmen	ʔ a p ʃ t ɪ m n̩
abstocken	ʔ a p ʃ t ɔ k ə n
abstrafen	a p ʃ t ʁ aː f n̩
abstrahieren	ʔ a p s t ʁ a h iː ɐ̯ n
abstreichen	a p ʃ t ʁ a ɪ̯ ç n̩
abstreifen	ʔ a p ʃ t ʁ a ɪ̯ f n̩
abstreitbare	a p ʃ t ʁ a ɪ̯ t b aː ʁ ə
abstreitbarem	a p ʃ t ʁ a ɪ̯ t b aː ʁ ə m
abstreitbaren	a p ʃ t ʁ a ɪ̯ t b aː ʁ ə n
abstreitbarer	a p ʃ t ʁ a ɪ̯ t b aː ʁ ɐ
abstreitbares	a p ʃ t ʁ a ɪ̯ t b aː ʁ ə s
abstreiten	a p ʃ t ʁ a ɪ̯ t n̩
abstrus	a p s t ʁ uː s
abstürzen	ʔ a p ʃ t ʏ ʁ t s n̩
abstürzen	ʔ a p ʃ t ʏ ʁ t s ə n
absägen	ʔ a p z ɛː ɡ ŋ̍
absättigen	ʔ a p z ɛ t ɪ ɡ n̩
absättigen	ʔ a p z ɛ t ɪ ɡ ŋ̩
abtauschen	a p t a ʊ̯ ʃ n̩
abteilen	a p tʰ a ɪ̯ l n
abtragen	ʔ a p t ʁ aː ɡ ŋ̩
abtragen	ʔ a p t ʁ aː ɡ ə n
abtreiben	ʔ a p t ʁ a ɪ̯ b m̩
abtrennen	ʔ a p t ʁ ɛ n̩
abtuend	ʔ a p t uː ə n t
abtun	ʔ a p t uː n
abtörnen	a p t œ ʁ n ə n
abtöten	ʔ a p t øː t n̩
abwarten	ʔ a p v a ɐ̯ t n̩
abwaschen	ʔ a p v a ʃ n̩
abwechseln	a p v ɛ k s l̩ n
abwehrbereit	a p v eː ɐ̯ b ə ʁ a ɪ̯ t
abwehren	ʔ a p v eː ɐ̯ n
abweichen	ʔ a p v a ɪ ç ə n
abweisen	ʔ a p v a ɪ̯ z n̩
abwerben	ʔ a p v ɛ ɐ̯ b m̩
abwerfen	ʔ a p v ɛ ɐ̯ f ə n
abwerfen	ʔ a p v ɛ ɐ̯ f ɱ̩
abwerfen	ʔ a p v ɛ ʁ f ə n
abwerfen	ʔ a p v ɛ ʁ f ɱ̩
abwesend	a p v eː s n̩ t
abwesend	a p v eː z n̩ t
abwesend	a p v eː z ə n t
abwiegen	ʔ a p v iː ɡ ŋ̍
abwimmeln	ʔ a p v ɪ m l̩ n
abwinken	a p v ɪ ŋ k ə n
abwischen	a p v ɪ ʃ n̩
abwracken	ʔ a p v ʁ a k ŋ̍
abwürgen	ʔ ä p ʋ ʏ ɐ̯ ɡ ŋ̍
abzureichern	ʔ a p t s u ʁ a ɪ̯ ç ɐ n
abzählen	a p t͡s eː l ə n
abzählen	a p t͡s ɛː l ə n
abzäunen	a p t͡s ɔ ɪ̯ n ə n
abänderbar	ʔ a p ɛ n d ɐ b aː ɐ̯
abänderlich	a p ʔ ɛ n d ɐ l ɪ ç
abändern	ʔ a p ʔ ɛ n d ɐ n
abätzen	ʔ ɛ t s n̩
abätzen	ʔ ɛ t s ə n
acht	ʔ a x t
achte	ʔ a χ t ə
achteckig	ʔ a χ t ɛ kʰ ɪ ç
achten	ʔ a x t n̩
achten	ʔ a x t ə n
achtern	a χ t ɐ n
achtkantig	ʔ a χ t k a n t ɪ ç
achtundfünfzigfacher	a x t ʊ n t f ʏ n f t͡s ɪ ç f a x ɐ
achtundfünfzigjähriger	a x t ʊ n t f ʏ n f t͡s ɪ ç j ɛː ʁ ɪ ɡ ɐ
achtundvierzigfacher	a x t ʊ n t f ɪ ɐ̯ t͡s ɪ ç f a x ɐ
achtundvierzigjähriger	a x t ʊ n t f ɪ ɐ̯ t͡s ɪ ç j ɛː ʁ ɪ ɡ ɐ
achtzehnfacher	a x t͡s eː n f a x ɐ
achtzigfacher	a x t s ɪ ç f a x ɐ
achtzigtausend	ɑ x t s ɪ k t a ʊ z n̩ t
achtzigtausendfach	ɑ x t s ɪ k t a ʊ z n̩ t f a χ
achtzigtausendmal	ɑ x t s ɪ k t a ʊ z n̩ t m aː ɮ̩
adaptieren	a d a p t iː ʁ ə n
adipös	a d i p øː s
adoptieren	a d ɔ p t iː ʁ ə n
adrett	ʔ a d ʁ ɛ t
adriatische	a d ʁ i aː t ɪ ʃ ə
adriatischem	a d ʁ i aː t ɪ ʃ m̩
adriatischen	a d ʁ i aː t ɪ ʃ n̩
adriatischer	a d ʁ i aː t ɪ ʃ ɐ
adriatisches	a d ʁ i aː t ɪ ʃ ə s
adsorbieren	ʔ a t z ɔ ɐ̯ b iː ɐ̯ n
adsorbieren	ʔ a t z ɔ ɐ̯ b iː ʁ ə n
adsorbieren	ʔ a t z ɔ ʁ b iː ɐ̯ n
adsorbieren	ʔ a t z ɔ ʁ b iː ʁ ə n
adäquat	ʔ a d ɛ k v aː tʰ
affektiv	a f ɛ k t iː f
affin	a f iː n
afrikaans	a f ʁ i k aː n s
agil	ʔ a ɡ iː l
agile	a ɡ iː l ə
agnostisch	ʔ ä ɡ n ɔ s t ɪ ʃ
agonal	a ɡ o n aː l
ah	ʔ äː
akquirieren	ʔ a kʰ v i ʁ iː ɐ̯ n
aktiv	a k t iː f
aktualisieren	ʔ a k tʰ u a l i z iː ɐ̯ n
aktuell	ʔ ä k t u ɛ l
aktuell	ʔ ä k t ʋ ɛ l
akut	ʔ a kʰ uː tʰ
akzentuieren	a k t͡s ɛ n t u iː ʁ ə n
akzeptabel	a k t s ɛ p t aː b l̩
alarmieren	ʔ a l a ɐ̯ m iː ɐ̯ n
albern	ʔ a l b ɐ n
albern	ʔ ä l b̥ ɐ n
albern	ʔ ä l b̥ ə r n
albern	ʔ ä l b̥ ɛ r n
albern	ʔ ɑ l b̥ ə r n
alert	a l ɛ ʁ t
algerisch	ʔ a l ɡ eː ʁ ɪ ʃ
alimentieren	a l i m ɛ n t iː ʁ ə n
aliquant	a l i k v a n t
alkoholhaltig	ʔ a l kʰ o h oː l h a l tʰ ɪ ç
alldieweil	a l d iː v a ɪ̯ l
alleine	a l a ɪ̯ n ə
allenthalben	a l ə n t h a l b m̩
allenthalben	a l ə n t h a l b n̩
allergewöhnlichst	ʔ a l ɐ ɡ ə v øː n l ɪ ç s t n̩
allergewöhnlichst	ʔ a l ɐ ɡ ə v øː n l ɪ ç s t ə n
allerseits	a l ɐ z a ɪ̯ t s
allwissend	ʔ a l v ɪ s n̩ t
allwissend	ʔ a l v ɪ s ə n t
allzeit	a l t͡s a ɪ̯ t
alphabetisch	ʔ a l f a b eː tʰ ɪ ʃ
alphabetisieren	a l f a b e t i z iː ʁ ə n
als	a l s
als	a l t s
alt	ʔ a l t
altbacken	ʔ a l t b a k ŋ̍
alte	a l t ə
alten	ʔ a l ʔ n̩
alternierend	ʔ a l t ɐ n iː ɐ̯ n t
alternierend	ʔ a l t ɐ n iː ʁ ə n t
alternierenden	ʔ a l t ɐ n iː ɐ̯ n d n̩
alternierenden	ʔ a l t ɐ n iː ɐ̯ n d ə n
alternierenden	ʔ a l t ɐ n iː ʁ ə n d n̩
alternierenden	ʔ a l t ɐ n iː ʁ ə n d ə n
altersbedingt	a l t ɐ s b ə d ɪ ŋ t
altertumskundlich	a l t ɐ t uː m s k ʊ n t l ɪ ç
altertumskundlicher	a l t ɐ t uː m s k ʊ n t l ɪ ç ɐ
altertümeln	ʔ a l t ɐ t yː m l̩ n
althochdeutsch	a l t h oː x d ɔ ɪ̯ t͡ʃ
altsteinzeitlich	a l t ʃ t a ɪ̯ n t͡s a ɪ̯ t l ɪ ç
altweltlich	a l t v ɛ l t l ɪ ç
altweltlicher	a l t v ɛ l t l ɪ ç ɐ
alveolar	a l v e o l aː ɐ̯
amateurhaft	a m a t øː ɐ̯ h a f t
amen	ʔ aː m ə n
amourös	ʔ a m u ʁ øː s
amtlich	ʔ a m p t l ɪ ç
amtlich	ʔ a m t l ɪ ç
amtsbekannt	ʔ a m t s b ə k a n t
amtshandeln	ʔ a m t s h a n d l̩ n
amtshandeln	ʔ a m t s h a n d ə l n
amüsieren	ʔ a m y z iː ɐ̯ n
an	ʔ a n
analen	a n aː l ə n
anbaggern	a n b a ɡ ɐ n
anbahnen	a n b aː n ə n
anbauen	a n b a ʊ̯ ə n
anbehalten	a n b ə h a l t n̩
anbellen	a n b ɛ l ə n
anberaumen	a n b ə ʁ a ʊ̯ m ə n
anbeten	ʔ a n b eː t n̩
anbetreffen	a n b ə t ʁ ɛ f ə n
anbetreffen	a n b ə t ʁ ɛ f ɱ̩
anbraten	a n b ʁ aː t n̩
anbrennen	a n b ʁ ɛ n ə n
andenken	a n d ɛ ŋ k n̩
ander	ʔ a n d ɐ
ander	ʔ ä n d ɐ
ander	ʔ ä n d ə r
ander	ʔ ä n d ɛ r
ander	ʔ ɑ n d ə r
anderem	ʔ a n d ə ʁ ə m
anderen	ʔ a n d ə ʁ ə n
anderer	a n d ə ʁ ɐ
anderer	a n d ʁ ɐ
anderer	ä n d r a
anderer	ä n d r ə r
anderer	ä n d r ɛ r
anderer	ä n d ə r a
anderer	ä n d ə r ə r
anderer	ä n d ə ʁ ɐ
anderer	ä n d ɛ r ɛ r
anderer	ä n d ʁ ɐ
anderer	ɑ n d r ə r
anderer	ɑ n d ə r ə r
andererseits	a n d ə ʁ ɐ z a ɪ̯ t͡s
anderes	ʔ a n d ə ʁ ə s
andernorts	a n d ɐ n ɔ ɐ̯ t s
andernorts	a n d ɐ n ɔ ʁ t s
andernorts	a n d ɐ n ʔ ɔ ɐ̯ t s
andernorts	a n d ɐ n ʔ ɔ ʁ t s
andersrum	a n d ɐ s ʁ ʊ m
anderthalb	a n d ɐ tʰ h a l pʰ
anderthalb	ɑ n d ɐ tʰ h ɑ l pʰ
anderthalb	ɑ n d̥ ə r t h ɑ l b̥
anderthalbte	ɑ n d ɐ tʰ h ä l pʰ tʰ ə
anderwärts	a n d ɐ v ɛ ɐ̯ t s
anderwärts	a n d ɐ v ɛ ʁ t s
andocken	a n d ɔ k n̩
andres	ʔ a n d ʁ ə s
anecken	a n ʔ ɛ k n̩
aneinandergehalten	a n a ɪ̯ n a n d ɐ ɡ ə h a l t n̩
aneinanderhalten	a n a ɪ̯ n a n d ɐ h a l t n̩
aneinanderschlagen	a n ɑ ɛ̯ n a n d ɐ ʃ l aː ɡ ŋ
aneinanderschlagen	a n ʔ a ɪ̯ n a n d ɐ ʃ l aː ɡ ŋ
aneisen	ʔ a n ʔ a ɪ̯ z n̩
anerkannt	a n ʔ ɛ ɐ̯ k a n t
anerkennen	ʔ ä n ɐ k ɛ n n̩
anerkennen	ʔ ä n ʔ ɛ ɐ̯ k ɛ n n̩
anfangen	a n f a ŋ ŋ̩
anfangen	a n f a ŋ ə n
anfangs	a n f a ŋ s
anfassen	ʔ a n f a s n̩
anfechten	ʔ a n f ɛ ç t n̩
anfertigen	a n f ɛ ʁ t ɪ ɡ ə n
anfeuern	a n f ɔ ɪ̯ ɐ n
anfordern	ʔ a n f ɔ ʁ d ɐ n
anfreunden	a n f ʁ ɔ ɪ̯ n d n̩
anfänglich	ʔ a n f ɛ ŋ l ɪ ç
anfügen	ʔ a n f yː ɡ ŋ̍
anfühlen	a n f yː l ə n
anfüllen	a n f ʏ l ə n
anfüttern	a n f ʏ t ɐ n
angebaut	a n ɡ ə b a ʊ̯ t
angeben	ʔ a n ɡ eː b m̩
angebunden	ʔ a n ɡ ə b ʊ n d n̩
angedacht	ʔ a n ɡ ə d a x t
angedachten	ʔ a n ɡ ə d a x t n̩
angedachten	ʔ a n ɡ ə d a x t ə n
angeheftet	ʔ a n ɡ ə h ɛ f t ə t
angehefteten	ʔ a n ɡ ə h ɛ f t ə t n̩
angehefteten	ʔ a n ɡ ə h ɛ f t ə t ə n
angehen	ʔ a n ɡ eː ə n
angehängt	a n ɡ ə h ɛ ŋ t
angehören	ʔ a n ɡ ə h øː ʁ ə n
angenehm	ʔ a ŋ ɡ ə n eː m
angesammelt	a n ɡ ə z a m l̩ t
angeschlagen	ʔ a n ʃ l aː ɡ ŋ̩
angetan	a n ɡ ə t aː n
anglikanisch	ʔ a ŋ ɡ l i k aː n ɪ ʃ
angreifen	a n ɡ ʁ a ɪ̯ f n̩
angucken	a n k ʊ k n̩
angucken	a n ɡ ʊ k n̩
angurten	ʔ a n ɡ ʊ ɐ̯ t n̩
anhaften	ʔ a n h a f t n̩
anhand	ʔ a n h a n t
anheben	ʔ a n h eː b m̩
anheften	ʔ a n h ɛ f t n̩
anheften	ʔ a n h ɛ f t ə n
anheimfallen	a n h a ɪ̯ m f a l ə n
anheizen	a n h a ɪ̯ t͡s ə n
anheuern	a n h ɔ ɪ̯ ɐ n
anhängend	a n h ɛ ŋ ə n t
anhäufend	a n h ɔ ɪ̯ f n̩ t
anketten	a n k ɛ t n̩
anklagen	ʔ a n kʰ l aː ɡ ŋ̍
ankleben	a n k l eː b n̩
ankleiden	a n k l a ɪ̯ d n̩
anklicken	a n k l ɪ k n̩
anklingen	ʔ a n k l ɪ ŋ n̩
ankohlen	ʔ a n k oː l ə n
ankotzen	a n k ɔ t͡s n̩
ankratzen	ʔ a n k ʁ a t s n̩
ankreiden	ʔ a n k ʁ a ɪ̯ d n̩
ankucken	a n k ʊ k n̩
ankurbeln	a n k ʊ ʁ b l̩ n
anlagern	ʔ a n l aː ɡ ɐ n
anlassen	ʔ a n l a s n̩
anlehnen	a n l eː n ə n
anlesen	a n l eː z n̩
anliegen	ʔ a n l iː ɡ ŋ̍
anlocken	ʔ a n l ɔ k ŋ̍
anlächeln	a n l ɛ ç l̩ n
anlügen	a n l yː ɡ n̩
anmischen	a n m ɪ ʃ n̩
annektieren	ʔ a n ɛ k t iː ʁ ə n
annoncieren	a n ɔ ŋ s iː ʁ ə n
annoncieren	a n ɔ̃ s iː ʁ ə n
annullieren	ʔ a n ʊ l iː ɐ̯ n
annähern	a n eː ɐ n
annähern	a n ɛː ɐ n
annähernd	a n n ɛː ɐ n t
anonym	a n o n yː m
anonymisieren	a n o n y m i z iː ʁ ə n
anpfeifen	ʔ a n p͡f a ɪ̯ f n̩
anpflaumen	a n p͡f l a ʊ̯ m ə n
anpissen	a n pʰ ɪ s n̩
anprangern	ʔ a n p ʁ a ŋ ɐ n
anpreisen	a n p ʁ a ɪ̯ z n̩
anrechenbare	a n ʁ ɛ ç n̩ b aː ʁ ə
anrechenbarem	a n ʁ ɛ ç n̩ b aː ʁ ə m
anrechenbaren	a n ʁ ɛ ç n̩ b aː ʁ ə n
anrechenbarer	a n ʁ ɛ ç n̩ b aː ʁ ɐ
anrechenbares	a n ʁ ɛ ç n̩ b aː ʁ ə s
anreden	ʔ a n ʁ eː d n̩
anregen	a n ʁ eː ɡ n̩
anrufen	ʔ a n ʁ uː f ə n
anrufen	ʔ a n ʁ uː f ɱ̩
anräumen	ʔ a n ʁ ɔ ɛ̯ m ɛ n
anrücken	a n ʁ ʏ k n̩
ansatzweise	a n z a t͡s v a ɪ̯ z ə
anschaffen	ʔ a n ʃ a f n̩
anschaulich	ʔ a n ʃ a ʊ̯ l ɪ ç
anschicken	a n ʃ ɪ k n̩
anschießend	ʔ a n ʃ iː s n̩ t
anschlagen	ʔ a n ʃ l aː ɡ ŋ
anschlagen	ʔ a n ʃ l aː ɡ ə n
anschleichen	a n ʃ l a ɪ̯ ç n̩
anschmiegen	ʔ a n ʃ m iː ɡ ŋ̍
anschnallen	ʔ ä n ʃ n ä l̩ n
anschrauben	a n ʃ ʁ a ʊ̯ b n̩
anschwärzen	a n ʃ v ɛ r t͜s n̩
ansehen	a n s eː n
ansehen	a n z eː n
ansehnlich	ʔ a n z eː n l ɪ ç
ansehnlicher	ʔ a n z eː n l ɪ ç ɐ
ansehnlichsten	ʔ a n z eː n l ɪ ç s t ə n
ansengen	ʔ a n z ɛ ŋ ə n
ansetzen	ʔ a n z ɛ t s n̩
ansiedeln	ʔ a n z iː d l̩ n
ansinnen	a n z ɪ n n̩
anspruchsberechtigt	a n ʃ p ʀ ʊ χ s b ə ʁ ɛ ç t ɪ ç t
anspülen	ʔ a n ʃ p yː l ə n
anstacheln	a n ʃ t a χ l̩ n
ansteuern	ʔ a n ʃ t ɔ ʏ ɐ n
anstreichen	a n ʃ t r a ɪ̯ ç n̩
anstrengen	ʔ a n ʃ t ʁ ɛ ŋ n̩
ansäuern	ʔ a n z ɔ ʏ̯ ɐ n
antanzen	ʔ a n t a n t͡s n̩
anteilig	ʔ a n tʰ a ɪ̯ l ɪ k
anteilig	ʔ a n tʰ a ɪ̯ l ɪ ç
anteiligen	a n t a ɪ̯ l ɪ ɡ n̩
anteiligen	a n t a ɪ̯ l ɪ ɡ ŋ̩
anthropomorphisieren	a n t ʁ o p o m ɔ ʁ f i z iː ʁ ə n
antikisieren	a n t i k i z iː r ə n
antikisieren	a n t i k i z iː ɐ̯ n
antikisieren	a n t i k i z iː ʁ ə n
antisemitisch	a n t i z e m iː t ɪ ʃ
antizipieren	ʔ a n tʰ i t s i pʰ iː ɐ̯ n
antragen	ʔ a n t ʁ aː ɡ n̩
antreffen	a n t ʁ ɛ f n̩
antrinken	ʔ a n t ʁ ɪ ŋ k ŋ̍
antuend	ʔ a n t uː ə n t
antörnen	a n t œ ʁ n ə n
anvertrauen	ʔ a n f ɛ ɐ̯ t ʁ a ʊ̯ n
anwachsen	ʔ a n v a k s n̩
anwachsen	ʔ a n v a k s ə n
anwidern	a n v iː d ɐ n
anwärmen	a n v ɛ ʁ m ə n
anzeigen	ʔ a n t s a ɪ̯ ɡ ŋ̩
anzeigen	ʔ a n t s a ɪ̯ ɡ ə n
anzeigend	ʔ a n t s a ɪ̯ ɡ ŋ̩ t
anzeigend	ʔ a n t s a ɪ̯ ɡ ə n t
anzeigenden	ʔ a n t s a ɪ̯ ɡ ŋ̩ d n̩
anzeigenden	ʔ a n t s a ɪ̯ ɡ ə n d ə n
anzählen	a n t͡s ɛː l ə n
anöden	a n ʔ øː d n̩
aper	ʔ aː p ɐ
apfelgrün	ʔ a p f l̩ ɡ ʁ yː n
apodiktisch	a p o d ɪ k t ɪ ʃ
apostelgleich	a p ɔ s t l̩ ɡ l a ɪ̯ ç
apothekenfreie	a p o t eː k n̩ f ʁ a ɪ̯ ə
apothekenfreiem	a p o t eː k n̩ f ʁ a ɪ̯ ə m
apothekenfreien	a p o t eː k n̩ f ʁ a ɪ̯ ə n
apothekenfreier	a p o t eː k n̩ f ʁ a ɪ̯ ɐ
apothekenfreies	a p o t eː k n̩ f ʁ a ɪ̯ ə s
appellieren	a p ɛ l iː ʁ ə n
apropos	a p ʁ o p oː
arational	a ʁ a t͡s i̯ o n aː l
arbeiten	ʔ ä ʁ b ä ɪ̯ t ə n
arbeitender	a ʁ b a ɪ̯ t n̩ d ɐ
arbeitsaufwändig	a ʁ b a ɪ̯ t͡s ʔ a ʊ̯ f v ɛ n d ɪ k
arbeitsaufwändig	a ʁ b a ɪ̯ t͡s ʔ a ʊ̯ f v ɛ n d ɪ ç
arbeitsaufwändigen	a ʁ b a ɪ̯ t͡s ʔ a ʊ̯ f v ɛ n d ɪ ɡ n̩
arbeitsaufwändigen	a ʁ b a ɪ̯ t͡s ʔ a ʊ̯ f v ɛ n d ɪ ɡ ŋ̩
arbeitsaufwändigste	a ʁ b a ɪ̯ t͡s ʔ a ʊ̯ f v ɛ n d ɪ k s t e
arbeitsaufwändigste	a ʁ b a ɪ̯ t͡s ʔ a ʊ̯ f v ɛ n d ɪ ç s t e
arbeitsaufwändigstem	a ʁ b a ɪ̯ t͡s ʔ a ʊ̯ f v ɛ n d ɪ k s t e m
arbeitsaufwändigstem	a ʁ b a ɪ̯ t͡s ʔ a ʊ̯ f v ɛ n d ɪ ç s t e m
arbeitsaufwändigsten	a ʁ b a ɪ̯ t͡s ʔ a ʊ̯ f v ɛ n d ɪ k s t n̩
arbeitsaufwändigsten	a ʁ b a ɪ̯ t͡s ʔ a ʊ̯ f v ɛ n d ɪ ç s t n̩
arbeitsaufwändigster	a ʁ b a ɪ̯ t͡s ʔ a ʊ̯ f v ɛ n d ɪ k s t ɐ
arbeitsaufwändigster	a ʁ b a ɪ̯ t͡s ʔ a ʊ̯ f v ɛ n d ɪ ç s t ɐ
arbeitsaufwändigstes	a ʁ b a ɪ̯ t͡s ʔ a ʊ̯ f v ɛ n d ɪ k s t e s
arbeitsaufwändigstes	a ʁ b a ɪ̯ t͡s ʔ a ʊ̯ f v ɛ n d ɪ ç s t e s
arbeitsrechtlich	a ʁ b a ɪ̯ t͡s ʁ ɛ ç t l ɪ ç
arbeitssuchend	a ʁ b a ɪ̯ t͡s z uː x n̩ t
arbeitssuchender	a ʁ b a ɪ̯ t͡s z uː x n̩ d ɐ
arbeitstätig	a ʁ b a ɪ̯ t s t ɛː t ɪ k
arbeitstätig	a ʁ b a ɪ̯ t s t ɛː t ɪ ç
arbeitstätiger	a ʁ b a ɪ̯ t s t ɛː t ɪ ɡ ɐ
arbeitsuchend	a ʁ b a ɪ̯ t z uː x n̩ t
archaisch	ʔ a ç aː ɪ ʃ
archaisch	ʔ a ɐ̯ ç aː ɪ ʃ
archaisch	ʔ a ʁ ç aː ɪ ʃ
arisch	ʔ aː ʁ ɪ ʃ
arkan	a ʁ k aː n
arm	a ʁ m
armieren	ʔ a ɐ̯ m iː ʁ ə n
arrangieren	ʔ a ʁ ã ʒ iː ɐ̯ n
arten	ʔ aː ɐ̯ t n̩
artig	aː ɐ̯ t ɪ k
artig	aː ɐ̯ t ɪ ç
asiatisch	a z i̯ aː t ɪ ʃ
aspergertypisch	ʔ a s p ɛ ɐ̯ ɡ ɐ t yː p ɪ ʃ
assistieren	a s ɪ s t iː ʁ ə n
asturianisch	ʔ a s t u ʁ i aː n ɪ ʃ
asturianische	ʔ a s t u ʁ i aː n ɪ ʃ ə
asturisch	ʔ a s t uː ʁ ɪ ʃ
atembar	ʔ aː t ə m b aː
atembar	ʔ aː t ə m b aː ɐ̯
atemlos	ʔ aː t ə m l oː s
atmen	ʔ aː t m ə n
atomar	a t o m aː ɐ̯
atomgetrieben	a t oː m ɡ ə t ʁ iː b n̩
atomisieren	ʔ a t o m i z iː ʁ ə n
attackieren	ʔ a tʰ a kʰ iː ɐ̯ n
auf	ʔ a ʊ̯ f
aufarbeiten	a ʊ̯ f ʔ a ʁ b a ɪ̯ t n̩
aufatmen	ʔ a ʊ̯ f ʔ aː t m ə n
aufbauschen	ʔ a ʊ̯ f b a ʊ̯ ʃ n̩
aufbessern	ʔ a ʊ̯ f b ɛ s ɐ n
aufbetten	a ʊ̯ f b ɛ t n̩
aufbewahren	ʔ a ʊ̯ f b ə v aː ɐ̯ n
aufbiegen	a u̯ f b iː ɡ n̩
aufbleiben	a ʊ̯ f b l a ɪ̯ b m̩
aufbleiben	a ʊ̯ f b l a ɪ̯ b ə n
aufblähen	ʔ a o̯ f b l ɛː ə n
aufbrauchen	a ʊ̯ f b ʁ a ʊ̯ χ n̩
aufbrechen	ʔ a ʊ̯ f b ʁ ɛ ç n̩
aufbrechen	ʔ a ʊ̯ f b ʁ ɛ ç ə n
aufbürden	ʔ a u f b ʏ ʁ d n̩
aufdecken	a ʊ̯ f d ɛ k n̩
aufdrehen	a ʊ̯ f d ʁ eː ə n
aufdrängen	a ʊ̯ f d ʁ ɛ ŋ ə n
aufdröseln	a ʊ̯ f d ʁ øː z l̩ n
aufdröseln	a ʊ̯ f d ʁ øː z ə l n
aufeinanderfolgen	a ʊ̯ f ʔ a ɪ̯ n a n d ɐ f ɔ l ɡ n̩
aufeinanderfolgend	a ʊ̯ f ʔ a ɪ̯ n a n d ɐ f ɔ l ɡ n̩ t
aufeinandergestoßen	a ʊ̯ f ʔ a ɪ̯ n a n d ɐ ɡ ə ʃ t oː s n̩
aufeinanderstoßen	a ʊ̯ f ʔ a ɪ̯ n a n d ɐ ʃ t oː s n̩
aufeinanderstoßend	a ʊ̯ f ʔ a ɪ̯ n a n d ɐ ʃ t oː s n t̩
auferstehen	ʔ a ʊ̯ f ɛ ɐ̯ ʃ t eː n̩
auferstehen	ʔ a ʊ̯ f ʔ ɛ ɐ̯ ʃ t eː n̩
aufessen	a ʊ̯ f ʔ ɛ s n̩
auffallen	ʔ a ʊ̯ f f a l ə n
auffallenderweise	ʔ a ʊ f f a l ɛ n d ɐ v a ɪ̯ s ɛ
auffallenderweise	ʔ a ʊ̯ f f a l ə n d ɐ v a ɪ̯ z ə
auffassen	ʔ a ʊ̯ f f a s n̩
auffinden	ʔ a ʊ̯ f f ɪ n d n̩
auffordern	ʔ a u f f ɔ ʁ d ɐ n
aufforsten	a ʊ̯ f f ɔ ʁ s t n̩
auffrischen	ʔ a ʊ̯ f f ʁ ɪ ʃ n̩
auffädeln	a u̯ f f eː d l̩ n
auffädeln	a u̯ f f ɛː d l̩ n
auffällig	ʔ a ʊ f f ɛ l ɪ k
auffällig	ʔ a ʊ f f ɛ l ɪ ç
auffälligerweise	ʔ a ʊ f f ɛ l ɪ ç ɐ v a ɪ̯ z ə
auffälligerweise	ʔ a ʊ f f ɛ l ɪ ɡ ɐ v a ɪ̯ s ɛ
auffüllen	ʔ a ʊ̯ f f ʏ l n̩
auffüllen	ʔ a ʊ̯ f f ʏ l ə n
aufgebläht	a ʊ̯ f ɡ ə b l ɛː t
aufgedunsen	ʔ a ʊ̯ f ɡ ə d ʊ n z n̩
aufgefunden	ʔ a ʊ̯ f ɡ ə f ʊ n d n̩
aufgefunden	ʔ a ʊ̯ f ɡ ə f ʊ n d ə n
aufgefundene	ʔ a ʊ̯ f ɡ ə f ʊ n d ə n ə
aufgefundenen	ʔ a ʊ̯ f ɡ ə f ʊ n d ə n ə n
aufgeilen	a ʊ̯ f ɡ a ɪ̯ l̩ n
aufgeregt	a ʊ̯ f ɡ ə ʁ eː k t
aufgerichtet	ʔ a ʊ̯ f ɡ ə ʁ ɪ ç t ə t
aufgerichtetem	ʔ a ʊ̯ f ɡ ə ʁ ɪ ç t ə t m̩
aufgerichtetem	ʔ a ʊ̯ f ɡ ə ʁ ɪ ç t ə t ə m
aufgeschwollen	a ʊ̯ f ɡ ə ʃ v ɔ l ə n
aufgesetzt	a ʊ̯ f ɡ ə z ɛ t͡s t
aufgewischt	a ʊ̯ f ɡ ə v ɪ ʃ t
aufhaben	ʔ a ʊ̯ f h aː b m̩
aufheben	ʔ a ʊ̯ f h eː b m̩
aufhellst	ʔ a ʊ̯ f h ɛ l t͡s t
aufhältst	ʔ a ʊ̯ f h ɛ l t͡s t
aufhängen	ʔ a ʊ f h ɛ ŋ ə n
aufhören	ʔ a ʊ̯ f h øː ʁ ə n
aufkleben	a ʊ̯ f k l eː b n̩
aufklingen	ʔ a ʊ̯ f k l ɪ ŋ n̩
aufknöpfen	ʔ a ʊ̯ f k n œ p f n̩
aufknüpfen	ʔ a ʊ f k n ʏ p f ə n
aufkochen	ʔ a ʊ̯ f k ɔ χ n̩
aufkommen	ʔ a ʊ̯ f k ɔ m ə n
auflachen	a ʊ̯ f l a x n̩
auflachen	a ʊ̯ f l a x ə n
auflachen	a ʊ̯ f l a χ n̩
auflachen	a ʊ̯ f l a χ ə n
aufladen	ʔ a ʊ̯ f l aː d n̩
auflassen	a ʊ̯ f l a s n̩
auflauern	a ʊ̯ f l a ʊ̯ ɐ n
auflaufen	a ʊ̯ f l a ʊ̯ f n̩
auflegen	ʔ a u f l eː ɡ ə n
auflehnen	a ʊ̯ f l eː n ə n
auflesen	a ʊ̯ f l eː z n̩
aufmachen	ʔ ä o̯ f m ä χ ə n
aufmerksam	a ʊ̯ f m ɛ ʁ k z a m
aufmerksam	a ʊ̯ f m ɛ ʁ k z aː m
aufmerksam	ʔ a ʊ̯ f m ɛ ɐ̯ k z a m
aufmerksam	ʔ a ʊ̯ f m ɛ ɐ̯ k z aː m
aufmerksamkeitsgeil	ʔ a ʊ̯ f m ɛ ɐ̯ k z a m k a ɪ̯ t s ɡ a ɪ̯ l
aufpassen	a ʊ̯ f p a s n̩
aufpassen	a ʊ̯ f p a s ə n
aufpecken	a ʊ̯ f p ɛ k n̩
aufpicken	a ʊ̯ f p ɪ k n̩
aufpumpen	ʔ a ʊ̯ f p ʊ m p m̩
aufpumpen	ʔ a ʊ̯ f p ʊ m p ə n
aufreiben	a ʊ̯ f ʁ a ɪ̯ b ə n
aufreißen	ʔ a ʊ̯ f ʁ a ɪ̯ s n̩
aufrichten	ʔ a ʊ̯ f ʁ ɪ ç t n̩
aufrichten	ʔ a ʊ̯ f ʁ ɪ ç t ə n
aufrufen	ʔ a ʊ̯ f ʁ uː f n̩
aufrunden	ʔ a ʊ̯ f ʁ ʊ n d n̩
aufrunden	ʔ a ʊ̯ f ʁ ʊ n d ə n
aufräumen	ʔ a ʊ̯ f ʁ ɔ ʏ̯ m ə n
aufrüsten	ʔ a ʊ̯ f ʁ ʏ s t n̩
aufs	ʔ a ʊ̯ f s
aufsaugen	ʔ a ʊ̯ f z a ʊ̯ ɡ ŋ̩
aufsaugen	ʔ a ʊ̯ f z a ʊ̯ ɡ ə n
aufschauen	a ʊ̯ f ʃ a ʊ̯ ə n
aufscheinen	ʔ a ʊ̯ f ʃ a ɪ̯ n ə n
aufscheuchen	a ʊ̯ f ʃ ɔ ɪ̯ ç n̩
aufschiebbar	ʔ a ʊ̯ f ʃ iː p b aː ɐ̯
aufschlitzen	a ʊ̯ f ʃ l ɪ t͡s n̩
aufschreien	a ʊ̯ f ʃ ʁ a ɪ̯ ə n
aufschweißen	a ʊ̯ f ʃ v a ɪ̯ s n̩
aufsitzen	a ʊ̯ f z ɪ t͡s n̩
aufspalten	ʔ a ʊ̯ f ʃ p a l t n̩
aufspeichern	a ʊ̯ f ʃ p a ɪ̯ ç ɐ n
aufsperren	ʔ a ʊ̯ f ʃ p ɛ ʁ ə n
aufspielen	a ʊ̯ f ʃ p iː l ə n
aufspießen	a ʊ̯ f ʃ p iː s n̩
aufspringen	ʔ a ʊ̯ f ʃ p ʁ ɪ ŋ ə n
aufspüren	ʔ a ʊ̯ f ʃ p yː ɐ̯ n
aufspüren	ʔ a ʊ̯ f ʃ p yː ʁ ə n
aufstacheln	a ʊ̯ f ʃ t a x l̩ n
aufstocken	ʔ a ʊ f ʃ t ɔ k ə n
aufstoßen	ʔ a ʊ̯ f ʃ t oː s n̩
aufständisch	a ʊ̯ f ʃ t ɛ n d ɪ ʃ
aufständischer	a ʊ̯ f ʃ t ɛ n d ɪ ʃ ɐ
aufstören	ʔ a ʊ̯ f ʃ t øː ɐ̯ n
aufstören	ʔ a ʊ̯ f ʃ t øː ʁ ə n
aufsuchen	ʔ a ʊ f z uː χ n̩
aufsuchen	ʔ a ʊ f z uː χ ə n
auftauchen	ʔ a ʊ̯ f t a ʊ̯ χ n̩
auftauchen	ʔ a ʊ̯ f t a ʊ̯ χ ə n
auftauen	ʔ a ʊ̯ f t a ʊ̯ ə n
auftischen	a ʊ̯ f t ɪ ʃ n̩
auftreffen	a ʊ̯ f t ʁ ɛ f n̩
auftreiben	a ʊ̯ f t ʁ a ɪ̯ b n̩
auftrennen	ʔ a u f t ʁ ɛ n ə n
auftrennen	ʔ a u f t ʁ ɛ n̩
auftreten	ʔ a ʊ̯ f t ʁ eː t n̩
auftürmen	a ʊ̯ f t ʏ ʁ m ə n
aufwachen	ʔ a ʊ f v a x ə n
aufwaschen	a ʊ̯ f v a ʃ n̩
aufweisen	ʔ a ʊ̯ f v a ɪ̯ z n̩
aufweisen	ʔ a ʊ̯ f v a ɪ̯ z ə n
aufwenden	ʔ a ʊ̯ f v ɛ n d n̩
aufwenden	ʔ a ʊ̯ f v ɛ n d ə n
aufwendig	ʔ a ʊ̯ f v ɛ n d ɪ k
aufwendig	ʔ a ʊ̯ f v ɛ n d ɪ ç
aufwerfen	a ʊ̯ f v ɛ ʁ f n̩
aufwiegeln	a ʊ̯ f v iː ɡ l̩ n
aufwiegen	a ʊ̯ f v iː ɡ n̩
aufwirbeln	a ʊ̯ f v ɪ ʁ b l̩ n
aufwischen	a ʊ̯ f v ɪ ʃ n̩
aufwühlen	a ʊ f v yː l ə n
aufzeichnen	ʔ a ʊ̯ f t͡s a ɪ̯ ç n ə n
aufzeigen	ʔ a u f t s a ɪ̯ ɡ ŋ̩
aufzeigen	ʔ a u f t s a ɪ̯ ɡ ə n
aufziehen	ʔ a ʊ̯ f t s iː ə n
aufzählen	ʔ a ʊ̯ f t s ɛː l n̩
aufzählen	ʔ a ʊ̯ f t s ɛː l ə n
aufächzen	a ʊ̯ f ɛ ç t͡s ə n
ausarbeiten	a ʊ̯ s ʔ a ʁ b a ɪ̯ t n̩
ausarten	a ʊ̯ s ʔ aː ɐ̯ t n̩
ausatmen	ʔ a ʊ̯ s ʔ aː t m ə n
ausbaldowern	ʔ a ʊ̯ s b a l d oː v ɐ n
ausbedingen	ʔ a ʊ s b ə d ɪ ŋ ə n
ausbeinen	ʔ a u s b a ɪ n ə n
ausbessern	a ʊ̯ s b ɛ s ɐ n
ausbeuten	a ʊ̯ s b ɔ ɪ̯ t n̩
ausbleiben	a ʊ̯ s b l a ɪ̯ b n̩
ausbleichen	ʔ a ʊ s b l a ɪ̯ ç ə n
ausbluten	a ʊ̯ s b l uː t n̩
ausbrechen	ʔ a ʊ̯ s b ʁ ɛ ç n̩
ausbrechen	ʔ a ʊ̯ s b ʁ ɛ ç ə n
ausdenken	ʔ a ʊ̯ s d ɛ ŋ k ŋ̍
ausdrucken	ʔ a ʊ̯ s d ʁ ʊ k ŋ̩
ausdrucken	ʔ a ʊ̯ s d ʁ ʊ k ə n
ausdruckslos	ʔ a ʊ̯ s d ʁ ʊ k s l oː s
ausdrücken	ʔ a ʊ̯ s d ʁ ʏ k ŋ̍
auseinander	a ʊ̯ s ʔ a ɪ̯ n a n d ɐ
auseinanderfallen	a ʊ̯ s ʔ a ɪ̯ n a n d ɐ f a l ə n
auseinandergehen	a ʊ̯ s ʔ a ɪ̯ n a n d ɐ ɡ eː ə n
auseinanderhalten	a ʊ̯ s ʔ a ɪ̯ n a n d ɐ h a l t n̩
auseinanderklaffen	a ʊ̯ s a ɪ̯ n a n d ɐ k l a f n̩
auseinandernehmen	a ʊ̯ s ʔ a ɪ̯ n a n d ɐ n eː m ə n
ausfolgen	a ʊ̯ s f ɔ l ɡ ŋ̩
ausfragen	a ʊ̯ s f ʁ aː ɡ n̩
ausfragen	a ʊ̯ s f ʁ aː ɡ ŋ̩
ausfädeln	a ʊ̯ s f eː d l̩ n
ausfädeln	a ʊ̯ s f ɛː d l̩ n
ausfällig	ʔ a ʊ s f ɛ l ɪ k
ausfällig	ʔ a ʊ s f ɛ l ɪ ç
ausführen	ʔ a ʊ̯ s f yː ʁ ə n
ausführlich	ʔ a ʊ̯ s f yː ɐ̯ l ɪ ç
ausfüllen	ʔ ä o̯ s f ʏ l ə n
ausgeben	ʔ a ʊ̯ s ɡ eː b m̩
ausgefeilt	ʔ a ʊ̯ s ɡ ə f a ɪ̯ l t
ausgelacht	a ʊ̯ s ɡ ə l a x t
ausgelutscht	a ʊ̯ s ɡ ə l ʊ t͡ʃ t
ausgelöscht	a ʊ̯ s ɡ ə l œ ʃ t
ausgeprägt	ʔ a ʊ̯ s ɡ ə p ʁ ɛː k t
ausgereift	a ʊ̯ s ɡ ə ʁ a ɪ̯ f t
ausgereiftesten	a ʊ̯ s ɡ ə ʁ a ɪ̯ f t ə s t n̩
ausgerodet	a ʊ̯ s ɡ ə ʁ oː d ə t
ausgeschweift	a ʊ̯ s ɡ ə ʃ v a ɪ̯ f t
ausgesprochen	a ʊ̯ s ɡ ə ʃ p ʁ ɔ χ n̩
ausgesprochen	a ʊ̯ s ɡ ə ʃ p ʁ ɔ χ ə n
ausgewaschen	ʔ a ʊ̯ s ɡ ə v a ʃ n̩
ausgezeichnet	a ʊ̯ s ɡ ə t s a ɪ̯̯ ç n ə t
ausgießen	a ʊ̯ s ɡ iː s n̩
ausharren	a ʊ̯ s h a ʁ ə n
ausheben	ʔ a ʊ̯ s h eː b n̩
ausholen	ʔ a ʊ̯ s h oː l n̩
aushungern	a ʊ̯ s h ʊ ŋ ɐ n
aushändigen	a ʊ̯ s h ɛ n d ɪ ɡ ŋ̍
aushärten	ʔ a ʊ̯ s h ɛ ɐ̯ t n̩
aushärten	ʔ a ʊ̯ s h ɛ ɐ̯ t ə n
aushärten	ʔ a ʊ̯ s h ɛ ʁ t n̩
aushärten	ʔ a ʊ̯ s h ɛ ʁ t ə n
auskippen	a ʊ̯ s k ɪ p m̩
auskippen	a ʊ̯ s k ɪ p n̩
auskippen	a ʊ̯ s k ɪ p ə n
ausklammern	a ʊ̯ s k l a m m ɐ n
ausklammern	a ʊ̯ s k l a m m ɛ ɐ̯ n
ausklammern	ʔ a ʊ̯ s k l a m m ɐ n
ausklammern	ʔ a ʊ̯ s k l a m m ɛ ɐ̯ n
ausklammernd	a ʊ̯ s k l a m ɐ n t
auskundschaften	a ʊ̯ s k ʊ n t ʃ a f t n̩
auslachen	ʔ a ʊ̯ s l a x n̩
auslachen	ʔ a ʊ̯ s l a x ə n
auslasten	ʔ a ʊ̯ s l a s t n̩
auslasten	ʔ a ʊ̯ s l a s t ə n
auslegen	ʔ a ʊ s l eː ɡ ə n
ausleiten	a ʊ s l a ɪ̯ t n̩
ausloben	ʔ a ʊ̯ s l oː b n̩
ausloggen	a ʊ̯ s l ɔ ɡ n̩
ausloggen	a ʊ̯ s l ɔ ɡ ŋ̩
ausloggend	a ʊ̯ s l ɔ ɡ n̩ t
ausloggend	a ʊ̯ s l ɔ ɡ ŋ̩ t
auslöffeln	a ʊ̯ s l œ f l̩ n
auslöschen	ʔ a ʊ s l œ ʃ ə n
auslösen	ʔ a ʊ̯ s l øː z n̩
auslösen	ʔ a ʊ̯ s l øː z ə n
ausmerzen	ʔ a ʊ̯ s m ɛ ʁ t͡s n̩
ausnahmslos	ʔ a ʊ̯ s n aː m s l oː s
ausnehmen	ʔ a ʊ s n eː m ə n
ausnutzen	a ʊ̯ s n ʊ t s n̩
ausparken	a ʊ̯ s p a ʁ k n̩
ausplaudern	a ʊ̯ s p l a ʊ̯ d ɐ n
auspowern	a ʊ̯ s p a ʊ̯ ɐ n
auspowern	a ʊ̯ s p oː v ɐ n
ausprägen	a ʊ̯ s p ʁ eː ɡ n̩
ausprägen	a ʊ̯ s p ʁ ɛː ɡ n̩
auspusten	a ʊ̯ s p uː s t n̩
ausradieren	ʔ a ʊ̯ s ʁ a d iː ʁ ə n
ausrauben	a ʊ̯ s ʁ a ʊ̯ b n̩
ausrechnen	ʔ a ʊ̯ s ʁ ɛ ç n ə n
ausreichen	ʔ a ʊ̯ s ʁ a ɪ̯ ç n̩
ausreichen	ʔ a ʊ̯ s ʁ a ɪ̯ ç ə n
ausreichend	ʔ a ʊ̯ s ʁ a ɪ̯ ç n̩ t
ausreisen	a ʊ̯ s ʁ a ɪ̯ z n̩
ausreizen	ʔ a ʊ̯ s r a ɪ̯ t s n̩
ausrichten	ʔ a ʊ̯ s ʁ ɪ ç t n̩
ausrichten	ʔ a ʊ̯ s ʁ ɪ ç t ə n
ausräumen	a ʊ̯ s ʁ ɔ ɪ̯ m ə n
ausrücken	a ʊ̯ s ʁ ʏ k n̩
ausrüsten	a ʊ̯ s ʁ ʏ s t n̩
ausschauen	a ʊ̯ s ʃ a ʊ̯ ə n
ausschildern	ʔ a ʊ̯ s ʃ ɪ l d ɐ n
ausschlaggebend	ʔ a ʊ̯ s ʃ l aː k ɡ eː b m̩ t
ausschlaggebend	ʔ a ʊ̯ s ʃ l aː k ɡ eː b ə n t
ausschleichen	ʔ a ʊ̯ s ʃ l a ɪ̯ ç n̩
ausschleichen	ʔ a ʊ̯ s ʃ l a ɪ̯ ç ə n
ausschließen	ʔ a ʊ̯ s ʃ l iː s n̩
ausschließen	ʔ a ʊ̯ s ʃ l iː s ə n
ausschmieden	ʔ a ʊ̯ s ʃ m iː d n̩
ausschmücken	a ʊ̯ s ʃ m ʏ k n̩
ausschweifen	a ʊ̯ s ʃ v a ɪ̯ f n̩
aussehen	ʔ a ʊ̯ s z eː n̩
aussehen	ʔ a ʊ̯ s z eː ə n
aussichtslos	a ʊ̯ s z ɪ ç t s l oː s
aussiedeln	ʔ a ʊ̯ s z iː d l̩ n
aussitzen	a ʊ̯ s ɪ t͡s n̩
ausspeichern	a ʊ̯ s ʃ p a ɪ̯ ç ɐ n
aussprechen	ʔ ä o̯ s ʃ p ʁ ɛ ç n̩
aussprechen	ʔ ä o̯ ʃ p ʁ ɛ ç n̩
ausspucken	a ʊ̯ s ʃ p ʊ k n̩
ausstatten	ʔ a ʊ̯ s ʃ t a t n̩
ausstatten	ʔ a ʊ̯ s ʃ t a t ə n
ausstechen	a ʊ̯ s ʃ t ɛ ç n̩
aussterben	ʔ a ʊ̯ s ʃ t ɛ ɐ̯ b m̩
aussterben	ʔ a ʊ̯ s ʃ t ɛ ɐ̯ b ə n
aussterben	ʔ a ʊ̯ s ʃ t ɛ ʁ b m̩
aussterben	ʔ a ʊ̯ s ʃ t ɛ ʁ b ə n
aussteuern	a ʊ̯ s ʃ t ɔ ɪ̯ ɐ n
ausstoßen	a ʊ̯ s ʃ t oː s n̩
ausstrahlen	a ʊ̯ s ʃ t ʁ aː l n̩
ausstrecken	ʔ a ʊ̯ s ʃ t ʁ ɛ k ŋ̩
ausstrecken	ʔ a ʊ̯ s ʃ t ʁ ɛ k ə n
aussäen	ʔ a ʊ̯ s z ɛː ə n
austauschen	a ʊ̯ s t a ʊ̯ ʃ n̩
austicken	a ʊ̯ s t ɪ k n̩
austicken	a ʊ̯ s t ɪ k ə n
austragen	a ʊ s t ʁ aː ɡ ə n
austral	a ʊ̯ s t ʁ aː l
austreten	ʔ a u s t ʁ eː t n̩
austricksen	a ʊ̯ s t ʁ ɪ k s n̩
ausverkaufen	ʔ a ʊ s f ɛ ʁ k a ʊ f ə n
auswachsen	ʔ a ʊ̯ s v a k s n̩
auswachsen	ʔ a ʊ̯ s v a k s ə n
ausweglos	a ʊ̯ s v eː k l oː s
auswegslos	a ʊ̯ s v eː k s l oː s
ausweichen	a ʊ̯ s v a ɪ̯ ç n̩
ausweiten	a ʊ s v a ɪ t n̩
auswiegen	ʔ a ʊ̯ s v iː ɡ ŋ̍
auswirken	a ʊ s v ɪ ʁ k ə n
auswischen	a ʊ̯ s v ɪ ʃ n̩
auswringen	a ʊ̯ s v ʁ ɪ ŋ ə n
auswählbar	a ʊ̯ s v eː l b aː ɐ̯
auswählbar	a ʊ̯ s v ɛː l b aː ɐ̯
auswärts	ʔ ä o̯ s v ɛ ʁ t͡s
auszahlen	ʔ a ʊ̯ s t s aː l n
auszeichnen	ʔ a ʊ s t s a ɪ ç n ə n
auszählen	a ʊ̯ s t͡s ɛː l ə n
autark	ʔ a ʊ̯ t a ʁ k
autochthon	a ʊ̯ t ɔ x t oː n
automatisieren	a ʊ̯ t o m a t i z iː ʁ ə n
automobil	a ʊ̯ t o m o b iː l
automorph	a ʊ̯ t o m ɔ ʁ f
autonym	a ʊ̯ t o n yː m
autorisieren	a ʊ̯ t o ʁ i z iː ʁ ə n
autoritativ	a ʊ̯ t o ʁ i t a t iː f
autsch	ʔ a ʊ̯ t͡ʃ
autumnal	a ʊ̯ t ʊ m n aː l
auweia	ʔ a ʊ v a ɪ̯ a
auxiliar	a ʊ̯ k s i l i̯ aː ɐ̯
auxotroph	a ʊ̯ k s o t ʁ oː f
außer	ʔ a ʊ̯ s ɐ
außerdem	a ʊ̯ s ɐ d eː m
außerehelich	a ʊ̯ s ɐ ʔ eː ə l ɪ ç
außergewöhnlich	ʔ a ʊ̯ s ɐ ɡ ə v øː n l ɪ ç
außerordentlich	a ʊ̯ s ɐ ʔ ɔ ʁ d ɛ n t l ɪ ç
außersinnlich	a ʊ̯ s ɐ z ɪ n l ɪ ç
average	æ v ə ɹ ɪ d͡ʒ
average	ɛ v ə ʁ ɪ t ʃ
averbal	a v ɛ ʁ b aː l
avirulent	a v i ʁ u l ɛ n t
awarisch	ʔ a v aː ʁ ɪ ʃ
axillar	a k s ɪ l aː ɐ̯
azimutal	a t͡s i m u t aː l
azonal	a t͡s o n aː l
aß	ʔ aː s
baba	b̥ a b̥ aː
backen	b a k ŋ̩
backen	b a k ə n
bagatellisieren	b a ɡ a t ɛ l i z iː ʁ ə n
bahn	b aː n
bahnbrechend	b aː n b ʁ ɛ ç n̩ t
bahnbrechend	b aː n b ʁ ɛ ç ə n t
bahnen	b aː n ə n
bahntest	b aː n t ə s t
bakterienverseucht	b a k t eː ʁ i ə n f ɛ ɐ̯ z ɔ ɪ̯ ç t
bandenartig	b a n d n̩ ʔ aː ɐ̯ t ɪ k
bandenartig	b a n d n̩ ʔ aː ɐ̯ t ɪ ç
bankrott	b a ŋ k ʁ ɔ t
bannig	b a n ɪ ç
barbieren	b a ʁ b iː ʁ ə n
barg	b a ɐ̯ k
barg	b a ʁ k
barg	b aː k
barhäuptig	b aː ɐ̯ h ɔ ʏ̯ p tʰ ɪ ç
barsch	b a ɐ̯ ʃ
barsch	b a ʁ ʃ
barsch	b aː ʃ
basteln	b a s t l̩ n
batiken	b aː t ɪ k n̩
bauchoben	b a ʊ̯ χ ʔ oː b m̩
bauen	b a ʊ̯ ə n
bautechnische	b a ʊ̯ t ɛ ç n ɪ ʃ ə
beabsichtigen	b ə ʔ a p s ɪ ç tʰ ɪ ɡ ŋ
beachtet	b ə ʔ a x t ə t
beamtshandeln	b ə ʔ a m t s h a n d l̩ n
beamtshandeln	b ə ʔ a m t s h a n d ə l n
beamtshandelt	b ə ʔ a m t s h a n d l̩ t
beamtshandelt	b ə ʔ a m t s h a n d ə l t
beanspruchen	b ə ʔ a n ʃ p r ʊ x n̩
beanstanden	b ə ʔ a n ʃ t a n d ə n
beantragen	b ə ʔ a n t ʁ aː ɡ ŋ̩
beantragen	b ə ʔ a n t ʁ aː ɡ ə n
beauftragen	b ə ʔ a ʊ f t ʁ aː ɡ ə n
bebauen	b ə b a ʊ̯ ə n
beben	b eː b m̩
beben	b eː b ə n
bechern	b ɛ ç ɐ n
bedachten	b ə d a x t n̩
bedachten	b ə d a x t ə n
bedenk	b ə d ɛ ŋ k
bedenke	b ə d ɛ ŋ k ə
bedenkt	b ə d ɛ ŋ k t
bedienen	b ə d iː n ə n
bedrucken	b ə d ʁ ʊ k ŋ̩
bedrucken	b ə d ʁ ʊ k ə n
bedruckt	b ə d ʁ ʊ k t
bedrängen	b ə d ʁ ɛ ŋ ə n
bedrücken	b ə d ʁ y k ŋ̩
bedrücken	b ə d ʁ y k ə n
bedürfen	b ə d ʏ ʁ f ə n
beeinspruchen	b̥ e ɑ ɛ̯ n ʃ p r ʊ x n̩
beeltern	b ə ʔ ɛ l t ɐ n
beende	b ə ʔ ɛ n d ə
beenden	b ə ʔ ɛ n d n̩
beenden	b ə ʔ ɛ n d ə n
befallt	b ə f a l t
befehligen	b ə f eː l ɪ ɡ n̩
befeuern	b ə f ɔ ɪ̯ ɐ n
befielen	b ə f iː l ə n
befleck	b ə f l ɛ k
befleckbar	b ə f l ɛ k b aː ɐ̯
beflecke	b ə f l ɛ k ə
beflecken	b ə f l ɛ k n̩
befleckend	b ə f l ɛ k n̩ t
befleckest	b ə f l ɛ k ə s t
beflecket	b ə f l ɛ k ə t
befleckst	b ə f l ɛ k s t
befleckt	b ə f l ɛ k t
befleckte	b ə f l ɛ k t ə
befleckten	b ə f l ɛ k t n̩
beflecktest	b ə f l ɛ k t ə s t
beflecktet	b ə f l ɛ k t ə t
beflegeln	b ə f l eː ɡ l̩ n
beflegeln	b̥ e f l eː ɡ l̩ n
befleißen	b ə f l a ɪ̯ s n̩
befragen	b ə f ʁ aː ɡ ŋ
befreunden	b ə f ʁ ɔ ɪ̯ n d n̩
befrieden	b ə f ʁ iː d n̩
befriedigen	b ə f ʁ iː d ɪ ɡ ŋ̩
befriedigen	b ə f ʁ iː d ɪ ɡ ə n
befruchten	b ə f ʁ ʊ χ t n̩
befugen	b ə f uː ɡ n̩
befähigen	b ə f eː ɪ ɡ ŋ̍
befähigen	b ə f ɛː ɪ ɡ ŋ̍
befördern	b ə f œ ʁ d ɐ n
befürchten	b ə f ʏ ʁ ç t n̩
begaben	b ə ɡ aː b m̩
begaben	b ə ɡ aː b n̩
begegnet	b ə ɡ eː ɡ n ə t
beging	b ə ɡ ɪ ŋ
beginge	b ə ɡ ɪ ŋ ə
beginnen	b ə ɡ ɪ n n̩
beginnen	b ə ɡ ɪ n ə n
beglaubigen	b ə ɡ l a ʊ̯ b ɪ ɡ n̩
begleichen	b ə ɡ l a ɪ̯ ç n̩
begnügen	b ə ɡ n yː ɡ ŋ̩
begnügen	b ə ɡ n yː ɡ ə n
begrapschen	b ə ɡ ʁ a p ʃ n̩
begriffen	b ɛ ɡ ʁ ɪ f n̩
begriffen	b ɛ ɡ ʁ ɪ f ə n
begründen	b ə ɡ ʁ ʏ n d n
begründen	b ə ɡ ʁ ʏ n d n̩
begründen	b ə ɡ ʁ ʏ n d ə n
begründen	b ə ɡ ʁ ʏ n n̩
begründet	b ə ɡ ʁ ʏ n d ə t
begrünen	b e ɡ ʁ yː n ɛ n
begrünen	b ə ɡ ʁ yː n ə n̩
begrünen	ɡ̥ ʁ yː n ɛ n
begrüßen	b ə ɡ ʁ yː s n̩
begünstigen	b ə ɡ ʏ n s t ɪ ɡ ŋ̩
begünstigen	b ə ɡ ʏ n s t ɪ ɡ ə n
behaaren	b ə h aː ʁ ə n
behaart	b ə h aː ʁ t
behaben	b ə h aː b n̩
behacken	b ə h a k n̩
behalten	b ə h a l t n̩
behalten	b ə h a l t ə n
behalten	b̥ e h a l t n̩
behandel	b ə h a n d l̩
behandel	b ə h a n d ə l
behandele	b ə h a n d ə l ə
behandeln	b ə h a n d l̩ n
behandeln	b ə h a n d ə l n
behandelt	b ə h a n d l̩ t
behandelt	b ə h a n d ə l t
beheimaten	b ə h a ɪ̯ m aː t n̩
behelligen	b ə h ɛ l ɪ ɡ n̩
beherrschen	b ə h ɛ ɐ̯ ʃ n̩
beherrschen	b ə h ɛ ɐ̯ ʃ ə n
beherrschen	b ə h ɛ ʁ ʃ n̩
beherrschen	b ə h ɛ ʁ ʃ ə n
beherrscht	b ə h ɛ ɐ̯ ʃ t
beherrscht	b ə h ɛ ʁ ʃ t
beherrschten	b ə h ɛ ɐ̯ ʃ t n̩
beherrschten	b ə h ɛ ɐ̯ ʃ t ə n
beherrschten	b ə h ɛ ʁ ʃ t n̩
beherrschten	b ə h ɛ ʁ ʃ t ə n
beherzigenswert	b ə h ɛ ɐ̯ t s ɪ ɡ n̩ s v eː ɐ̯ t
beherzigenswert	b ə h ɛ ɐ̯ t͡s ɪ ɡ ŋ̩ s v eː ɐ̯ t
behirnen	b̥ e h ɪ ʁ n ɛ n
behuft	b ə h uː f t
behüten	b ə h yː t n̩
behüten	b ə h yː t ə n
beibehalten	b a ɪ b ə h a l t n̩
beibleiben	b a ɪ̯ b l a ɪ̯ b n̩
beidhändig	b a ɪ̯ t h ɛ n d ɪ ç
beidrehen	b a ɪ̯ d ʁ eː ə n
beieinandergehalten	b a ɪ̯ ʔ a ɪ̯ n a n d ɐ ɡ ə h a l t n̩
beieinanderhalten	b a ɪ̯ ʔ a ɪ̯ n a n d ɐ h a l t n̩
beifügen	b a ɪ̯ f yː ɡ n̩
beigegeben	b a ɪ̯ ɡ ə ɡ eː b m̩
beigegeben	b a ɪ̯ ɡ ə ɡ eː b ə n
beigehen	b a ɪ̯ ɡ eː ə n
beihelfen	b a ɪ̯ h ɛ l f n̩
beilegen	b a ɪ̯ l eː ɡ ŋ̩
beilegen	b a ɪ̯ l eː ɡ ə n
beiliegen	b a ɪ̯ l iː ɡ n̩
beineben	b a ɪ̯ n eː b ə n
beinebens	b a ɪ̯ n eː b ə n s
beinebenst	b a ɪ̯ n eː b ə n s t
beinhalten	b ə ʔ ɪ n h a l t n̩
beinhalten	b ə ʔ ɪ n h a l t ə n
beipflichten	b a ɪ̯ p͡f l ɪ ç t n̩
beiseitegelegt	b a ɪ̯ z a ɪ̯ t ə ɡ ə l eː k t
beiseitehalten	b a ɪ̯ z a ɪ̯ t ə h a l t n̩
beiseitelassen	b a ɪ̯ z a ɪ̯ t ə l a s n̩
beiseiteschieben	b a ɪ̯ z a ɪ̯ t ə ʃ iː b n̩
beisetzen	b a ɪ̯ z ɛ t͡s n̩
beisitzen	b a ɛ̯ s i t s n̩
beisitzen	b a ɪ̯ z ɪ t s n̩
beispiellos	b a ɪ̯ ʃ p iː l l oː s
beispringen	b a ɪ̯ ʃ p ʁ ɪ ŋ ə n
beissen	b ä e̯ s n̩
beistellen	b a ɪ̯ ʃ t ɛ l ə n
beisteuern	b a ɪ̯ ʃ t ɔ ɪ̯ ɐ n
beistimmen	b a ɪ̯ ʃ t ɪ m ə n
beitragen	b a ɪ̯ t ʁ aː ɡ ŋ̩
beitragen	b a ɪ̯ t ʁ aː ɡ ə n
beitreten	b a ɪ̯ t ʁ eː t n̩
beißen	b ä e̯ s n̩
bejahrt	b ə j aː t
bejahrt	b ə j aː ɐ̯ t
bejahrt	b ə j aː ʁ t
bejahte	b ə j aː t ə
bejubeln	b ə j uː b l̩ n
bekannten	b ə k a n t n̩
bekannten	b ə k a n t ə n
bekannter	b ə k a n t ɐ
bekanntermaßen	b ə k a n t ɐ m aː s n̩
bekanntgeben	b ə k a n t ɡ eː b n̩
bekenne	b ə k ɛ n ə
bekennen	b ə k ɛ n ə n
bekennen	b̥ e k ɛ n ɛ n
bekennend	b ə k ɛ n ə n t
bekennt	b ə k ɛ n t
bekifft	b ə k ɪ f t
beklagen	b ə k l aː ɡ n̩
beklagend	b ə k l aː ɡ ə n t
beklagenswert	b ə k l aː ɡ n̩ s v eː ɐ̯ t
bekleckern	b ə k l ɛ k ɐ n
bekleiden	b ə k l a ɪ̯ d n̩
beklemmen	b ə k l ɛ m ə n
beknien	b ə k n iː n
beknien	b ə k n iː ə n
bekochen	b ə k ɔ x n̩
bekreuzen	b ə k ʁ ɔ ɪ̯ t͡s n̩
bekräftigen	b ə k ʁ ɛ f t ɪ ɡ ə n
bekränzen	b ə k ʁ ɛ n t s n̩
bekränzen	b ə k ʁ ɛ n t s ə n
bekränzt	b ə k ʁ ɛ n t s t
belass	b ə l a s
belasten	b ə l a s t n̩
belaufen	b ə l a u f ə n
beleben	b ə l eː b n̩
belebt	b ə l eː p t
belehren	b ə l eː ʁ ə n
belichten	b ə l ɪ ç t n̩
belichtet	b ə l ɪ ç t ə t
belief	b ə l iː f
belieft	b ə l iː f t
belobigen	b ə l oː b ɪ ɡ n̩
belohnen	b ə l oː n̩
belorussisch	b eː l o ʀ ʊ s ɪ ʃ
belüften	b ə l ʏ f t ə n
belügen	b ə l yː ɡ n̩
bemerken	b ə m ɛ ɐ̯ k ŋ
bemitleiden	b ə m ɪ t l a ɪ̯ d n̩
bemänteln	b ə m ɛ n t l̩ n
benachrichtigen	b ə n aː χ ʁ ɪ ç tʰ ɪ ɡ ŋ̍
benamsen	b ə n aː m z n̩
benebeln	b ə n eː b l̩ n
beneben	b ə n eː b ə n
benebens	b ə n eː b ə n s
benebenst	b ə n eː b ə n s t
benigne	b e n ɪ ɡ n ə
benote	b ə n oː t ə
benthal	b ɛ n t aː l
benutzen	b ə n ʊ t s n̩
benutzen	b ə n ʊ t s ə n
benötigen	b ə n øː tʰ ɪ ɡ ŋ̍
beobachten	b ə ʔ oː b a χ t n̩
beobachten	b ə ʔ oː p ʔ a χ t n̩
beordern	b ə ʔ ɔ ʁ d ɐ n
bepflanzen	b ə p f l a n t s n̩
bepflanzen	b ə p f l a n t s ə n
bepissen	b ə pʰ ɪ s n̩
bequem	b ə k ʋ eː m
beraten	b ə ʁ aː t n̩
beraten	b ə ʁ aː t ə n
berauschen	b ə ʁ a ʊ̯ ʃ n̩
berechnen	b ə ʁ ɛ ç n n̩
berechtigt	b ə ʁ ɛ ç t ɪ k t
berechtigt	b ə ʁ ɛ ç t ɪ ç t
berechtigte	b ə ʁ ɛ ç t ɪ ç t ə
berechtigten	b ə ʁ ɛ ç t ɪ ç t n̩
berechtigten	b ə ʁ ɛ ç t ɪ ç t ə n
bereden	b ə ʁ eː d n̩
beredt	b ə ʁ eː t
beregen	b ə ʁ eː ɡ ŋ̍
bereichern	b ə ʁ a ɪ̯ ç ɐ n
bereithalten	b ə ʁ a ɪ̯ t h a l t n̩
bereits	b ə ʁ a ɪ̯ t s
bereitstellen	b ə ʁ a ɪ̯ t ʃ t ɛ l n̩
bereitstellen	b ə ʁ a ɪ̯ t ʃ t ɛ l ə n
bereitzustellen	b ə ʁ a ɪ̯ t t s u ʃ t ɛ l n̩
bereitzustellen	b ə ʁ a ɪ̯ t t s u ʃ t ɛ l ə n
bereuen	b ə ʁ ɔ ʏ̯ n
bergen	b ɛ ʁ ɡ ŋ̍
bergischer	b ɛ ɐ̯ ɡ ɪ ʃ ɐ
berichten	b ə ʁ ɪ ç t n̩
beringen	b ə ʁ ɪ ŋ ə n
bernisch	b ɛ ʁ n ɪ ʃ
bersten	b ɛ ʁ s t ə n
berufen	b ə ʁ uː f n̩
beruhigen	b ə ʁ uː i ɡ ŋ
beruhigend	b ə ʁ uː ɪ ɡ n̩ t
berußen	b ə ʁ uː s n̩
berußen	b ə ʁ uː s ə n
berücksichtigen	b ə ʁ ʏ k z ɪ ç t ɪ ɡ n̩
berücksichtigen	b ə ʁ ʏ k z ɪ ç t ɪ ɡ ŋ̩
berühmt	b e ʁ yː m p tʰ
berühmt	b ə ʁ yː m tʰ
berühren	b ə ʁ y ɐ̯ n
berühren	b ə ʁ yː ɐ n
berühren	b ə ʁ yː ʁ ə n
besamen	z aː mː
beschauen	b ə ʃ a ʊ̯ ə n
bescheren	b ə ʃ eː ʁ ə n
beschießen	b ə ʃ iː s ə n
beschissen	b ə ʃ ɪ s n̩
beschissen	b ə ʃ ɪ s ə n
beschlagnahmen	b ə ʃ l aː k n aː m ə n
beschließen	b ɘ ʃ l iː s n̩
beschmutzt	b ə ʃ m ʊ t͡s t
beschränkt	b ə ʃ ʁ ɛ ŋ k t
beschulen	b ə ʃ uː l ə n
beschwatzen	b ə ʃ v a t͡s n̩
beschweigen	b ə ʃ v a ɪ̯ ɡ n̩
beschwichtigen	b ə ʃ ʋ ɪ ç t ɪ ɡ ə n
beschwichtigend	b ə ʃ v ɪ ç t ɪ ɡ n̩ t
beschäftigen	b ə ʃ ɛ f t ɪ ɡ ŋ̍
beschäftigen	b ə ʃ ɛ f t ɪ ɡ ə n
beschützen	b ə ʃ ʏ t͡s n̩
besetzen	b ə z ɛ t s n̩
besetzen	b̥ e s ɛ t s n̩
besetzt	b ə z ɛ t s t
besitzanzeigend	b ə z ɪ t s ʔ a n t s a ɪ̯ ɡ ŋ̩ t
besitzanzeigenden	b ə z ɪ t͡s ʔ a n t͡s a ɪ̯ ɡ n̩ d ə n
besitzen	b e s i t s n̩
besitzen	b ə z ɪ t s n̩
besonders	b ə z ɔ n d ɐ s
besonnen	b ə z ɔ n ə n
bespaßen	b ə ʃ p aː s n̩
besprechen	b ə ʃ p ʁ ɛ ç n̩
besprengen	b ə ʃ p ʁ ɛ ŋ ə n
besprenkeln	b ə ʃ p ʁ ɛ ŋ k l̩ n
bespritzen	b ə ʃ p ʁ ɪ t͡s n̩
bespritzt	b ə ʃ p ʁ ɪ t͡s t
bespritzte	b ə ʃ p ʁ ɪ t͡s t ə
besprühen	b ə ʃ p ʁ yː ə n
bespülen	b ə ʃ p yː l ə n
besseres	b ɛ s ə ʁ ə s
besserstellen	b ɛ s ɐ ʃ t ɛ l ə n
bestauben	b ə ʃ t a ʊ̯ b n̩
bestecken	b ə ʃ t ɛ k n̩
bestehenbleiben	b ə ʃ t eː ə n b l a ɪ̯ b n̩
bestehlen	b ə ʃ t eː l ə n
besteigen	b ə ʃ t a ɪ̯ ɡ ŋ̍
bestellen	b ə ʃ t ɛ l ə n
bestimmen	b ə ʃ t ɪ m n̩
bestimmt	b ə ʃ t ɪ m t
bestimmte	b ə ʃ t ɪ m t ə
bestimmten	b ə ʃ t ɪ m t n̩
bestimmten	b ə ʃ t ɪ m t ə n
bestreiten	b ə ʃ t ʁ a ɪ t n̩
bestreuen	b ə ʃ r ɔ y ɘ n
bestätigen	b ə ʃ t eː t ɪ ɡ ŋ̍
bestätigen	b ə ʃ t ɛː t ɪ ɡ ŋ̍
bestücken	b ə ʃ t ʏ k n̩
bestürmen	b ə ʃ t ʏ ʁ m ə n
bestürzen	b ə ʃ t ʏ ʁ t͡s n̩
betagt	b ə t aː k t
betanken	b ə t a ŋ k n̩
betanken	b ə t a ŋ k ŋ̩
bete	b eː t ə
beteuern	b ə t ɔ ʏ ɐ n
betonieren	b e t o n iː ʁ ə n
betrachten	b ə tʰ ʁ a x t n̩
betragend	b ə t ʁ aː ɡ n̩ t
betrauern	b ə t ʁ a ʊ̯ ɐ n
betreffe	b ə t ʁ ɛ f ə
betreffen	b ə t ʁ ɛ f ə n
betreffen	b ə t ʁ ɛ f ɱ̩
betreffend	b ə t ʁ ɛ f n̩ t
betreffend	b ə t ʁ ɛ f ə n t
betreiben	b ə t ʁ a ɪ̯ b ə n
betreten	b ə t ʁ eː t n̩
betriebsam	b ə t ʁ iː p z a m
betriebsam	b ə t ʁ iː p z aː m
betroffen	b ə t ʁ ɔ f ɱ̩
betrüben	b ə t ʁ yː b m̩
betrügen	b ə t ʁ yː ɡ ŋ̍
betteln	b ɛ t l̩ n
betten	b ɛ t n̩
betulich	b ə t uː l ɪ ç
betulicher	b ə t uː l ɪ ç ɐ
betulichsten	b ə t uː l ɪ ç s t n̩
betulichsten	b ə t uː l ɪ ç s t ə n
betupfen	b ə t ʊ p f n̩
betäuben	b ə t ɔ ʏ̯ b m̩
betäubt	b ə t ɔ ɪ̯ p t
betören	b ə t øː ʁ ə n
betüddeln	b ə t ʏ d l̩ n
betüdeln	b ə t yː d l̩ n
beulen	b ɔ ɪ̯ l ə n
beunruhigen	b ə ʔ ʊ n ʁ u i ɡ ŋ
beurkunden	b ə ʔ uː ɐ̯ k ʊ n d n̩
beurteilen	b ə ʔ ʊ ʁ t a ɪ̯ l ə n
bevor	b ə f oː ɐ̯
bevorstehen	b ə f oː ɐ̯ ʃ t eː ə n
bewehren	b ə v eː ʁ ə n
beweibt	b ə v a ɪ̯ p t
beweihräuchern	b ə v a ɪ̯ ʁ ɔ ɪ̯ ç ɐ n
beweinend	b ə v a ɪ̯ n ə n t
beweint	b ə v a ɪ̯ n t
beweisen	b ə v a ɪ̯ z n̩
bewenden	b ə v ɛ n d n̩
bewerben	b ə v ɛ ɐ̯ b m̩
bewerfen	b ə v ɛ ʁ f n̩
bewerkstelligen	b ə v ɛ ʁ k ʃ t ɛ l i ɡ n̩
bewerten	b ə v eː ɐ̯ t n̩
bewiesen	b ə v iː z n̩
bewiesener	b ə v iː z ə n ɐ
bewirken	b ə v ɪ ʁ k ŋ̩
bewölkt	b ə v œ l k t
beyneben	b a ɪ̯ n eː b ə n
beynebens	b a ɪ̯ n eː b ə n s
beynebenst	b a ɪ̯ n eː b ə n s t
bezahlen	b ə t͡s aː l ə n
bezeichnend	b ə t s a ɪ̯ ç n ə n t
bezeichnenderweise	b ə t s a ɪ̯ ç n ə n d ɐ v a ɪ̯ z ə
bezeichnet	b ə t s a ɪ̯ ç n ə t
bezeugen	b ə t͡s ɔ ʏ̯ ɡ n̩
bezeugen	b ə t͡s ɔ ʏ̯ ɡ ŋ̍
bezeugen	b ə t͡s ɔ ʏ̯ ɡ ə n
bezichtigen	b ə t͡s ɪ ç t ɪ ɡ ŋ̍
bezirzen	b ə t͡s ɪ ʁ t͡s n̩
bezwecken	b ə t͡s v ɛ k n̩
bezähmen	b ə t͡s eː m ə n
bezähmen	b ə t͡s ɛː m ə n
beängstigend	b ə ʔ ɛ ŋ s t ɪ ɡ n̩ t
beäugen	b ə ʔ ɔ ʏ̯ ɡ ŋ̍
bi	b iː
bibbern	b ɪ b ɐ n
bibliophil	b i b l i o f iː l
biblisch	b iː b l ɪ ʃ
biblischen	b iː b l ɪ ʃ n̩
biblischen	b iː b l ɪ ʃ ə n
bilateral	b iː l a t ə ʁ aː l
bilden	b ɪ l d n̩
bildlich	b ɪ l t l ɪ ç
bildungsfern	b ɪ l d ʊ ŋ s f ɛ ɐ̯ n
bildungsnah	b ɪ l d ʊ ŋ s n aː
bildungssprachlich	b ɪ l d ʊ ŋ s ʃ p ʀ aː χ l ɪ ç
billig	b ɪ l ɪ kʰ
billig	b ɪ l ɪ ç
bimmeln	b ɪ m l̩ n
bimmeln	b ɪ m ə l n
binational	b i n a t͡s i̯ o n aː l
binden	b ɪ n d n̩
bingen	b ɪ n d͡ʒ n̩
bingt	b ɪ n t͡ʃ t
bingte	b ɪ n t͡ʃ t ə
biologistisch	b i o l o ɡ ɪ s t ɪ ʃ
bitterlich	b ɪ t ɐ l ɪ ç
bivalent	b iː v a l ɛ n t
bizarr	b i t͡s a ʁ
blaken	b l aː k ŋ̩
blaken	b l aː k ə n
blas	b l aː s
blasiert	b l a z i ɐ̯ t
blasiert	b l a z iː ɐ̯ t
blauen	b l a ʊ̯ ə n
blaumachen	b l a ʊ̯ m a x n̩
blecken	b l ɛ k n̩
bleiben	b l a ɪ̯ b m̩
bleiben	b l a ɪ̯ b ə n
bleiburgisch	b l a ɪ̯ b ʊ ʁ ɡ ɪ ʃ
bleiburgischer	b l a ɪ̯ b ʊ ʁ ɡ ɪ ʃ ɐ
bleischwer	b l a ɪ̯ ʃ ʋ eː ɐ̯
bleischwer	b l a ɪ̯ ʃ ʋ ɛ ɐ̯
blenden	b l ɛ n d n̩
blicken	b l ɪ k ŋ̩
blickt	b l ɪ k t
blieben	b l iː b m̩
blinken	b l ɪ ŋ k ŋ̩
blinken	b l ɪ ŋ k ə n
blockieren	b l ɔ k iː r ə n
bloßgelegt	b l oː s ɡ ə l eː k t
bloßlegen	b l oː s l eː ɡ n̩
bloßstellen	b l oː s ʃ t ɛ l n̩
bluten	b l uː t n̩
blutähnlich	b l uː t ʔ ɛː n l ɪ ç
blutähnlicher	b l uː t ʔ ɛː n l ɪ ç ɐ
blutähnlichsten	b l uː t ʔ ɛː n l ɪ ç s t n̩
blutähnlichsten	b l uː t ʔ ɛː n l ɪ ç s t ə n
blähen	b l eː ə n
blähen	b l ɛː ə n
blödsinnig	b l øː t z ɪ n ɪ k
blödsinnig	b l øː t z ɪ n ɪ ç
blödsinnigen	b l øː t z ɪ n ɪ ɡ n̩
blödsinnigen	b l øː t z ɪ n ɪ ɡ ŋ̩
blödsinnigerweise	b l øː t z ɪ n ɪ ɡ ɐ v a ɪ̯ z ə
blödsinnigste	b l øː t z ɪ n ɪ k s t ə
blödsinnigste	b l øː t z ɪ n ɪ ç s t ə
blödsinnigstem	b l øː t z ɪ n ɪ k s t ə m
blödsinnigstem	b l øː t z ɪ n ɪ ç s t ə m
blödsinnigsten	b l øː t z ɪ n ɪ k s t n̩
blödsinnigsten	b l øː t z ɪ n ɪ ç s t n̩
blödsinnigster	b l øː t z ɪ n ɪ k s t ɐ
blödsinnigster	b l øː t z ɪ n ɪ ç s t ɐ
blödsinnigstes	b l øː t z ɪ n ɪ k s t ə s
blödsinnigstes	b l øː t z ɪ n ɪ ç s t ə s
blöken	b l øː k ŋ̩
blöken	b l øː k ə n
blümerant	b l y m ə ʁ a n t
boer	b oː ɐ
boer	b oː ʀ
boer	b oˑ ə̯
bog	b oː k
bohren	b oː ɐ n
bohren	b oː ɐ̯ n
bohren	b oː ʁ ə n
bohren	b ɔ ɐ̯ n
bolivianisch	b o l i v i̯ aː n ɪ ʃ
bombardieren	b ɔ m b a ʁ d iː ʁ ə n
bomben	b ɔ m b m̩
booten	b uː t n̩
bot	b oː t
boten	b oː t n̩
bourgeois	b ʊ ʁ ʒ u aː
bourgeois	b ʊ ʁ ʒ ʋ aː
boustrophedon	b ʊ s t ʁ o f e d ɔ n
boykottieren	b ɔ ɪ̯ k ɔ t iː ʁ ə n
boßeln	b oː s l̩ n
brach	b ʁ aː χ
brachial	b ʁ a χ j aː l
brainstormen	b ʁ ɛ ɪ̯ n s t ɔː m ə n
brammeln	b r a m l̩ n
brammeln	b r a m ə l n
brammeln	b ʁ a m l̩ n
brammeln	b ʁ a m ə l n
branchenübergreifend	b ʁ ɑ̃ː ʃ n̩ ʔ yː b ɐ ɡ ʁ a ɪ̯ f n̩ t
branchenüblich	b ʁ a ŋ ʃ n̩ ʔ yː p l ɪ ç
branchenüblich	b ʁ ɑ̃ː ʃ n̩ ʔ yː p l ɪ ç
brasilianisch	b ʁ a z i l i aː n ɪ ʃ
brasilianisch	b ʁ a z ɪ l j aː n ɪ ʃ
braten	b ʁ äː t n̩
braten	b ʁ äː t ə n
brauen	b ʁ a ʊ̯ n̩
brauen	b ʁ a ʊ̯ ə n
braunäugig	b ʁ a ʊ̯ n ʔ ɔ ʏ̯ ɡ ɪ k
braunäugig	b ʁ a ʊ̯ n ʔ ɔ ʏ̯ ɡ ɪ ç
braust	b ʁ a ʊ̯ s t
bravieren	b ʁ a f iː ʁ ə n
bravieren	b ʁ a v iː ʁ ə n
brechen	b ʁ ɛ x n̩
brechen	b ʁ ɛ ç n̩
breiig	b ʁ a ɪ̯ ɪ k
breiig	b ʁ a ɪ̯ ɪ ç
breiten	b ʁ a ɪ̯ t n̩
brettleben	b ʀ ɛ t l̩ ʔ eː b n̩
brich	b ʁ ɪ ç
bringen	b ʁ ɪ ŋ ə n
bringen	b̥ r i ŋ ə n
bringen	b̥ r i ŋ ɛ n
bringen	b̥ r i ŋː ə n
bringen	b̥ r i ŋː ɛ n
bringen	b̥ ʁ ɪ ŋ ŋ̍
britannisch	b ʁ i t a n ɪ ʃ
brocken	b ʁ ɔ k n̩
brodeln	b ʁ oː d l̩ n
bromieren	b ʁ o m iː ʁ ə n
bronchial	b ʁ ɔ n ç i̯ aː l
brr	b ʀ̩
brutzeln	b r ʊ t s l̩ n
bröckeln	b ʁ œ k l̩ n
brühen	b ʁ yː ə n
brünieren	b ʁ y n iː ʁ ə n
brünstigen	b ʁ ʏ n s t ɪ ɡ n̩
brünstigen	b ʁ ʏ n s t ɪ ɡ ŋ̩
brünstigste	b ʁ ʏ n s t ɪ k s t ə
brünstigste	b ʁ ʏ n s t ɪ ç s t ə
brünstigstem	b ʁ ʏ n s t ɪ k s t ə m
brünstigstem	b ʁ ʏ n s t ɪ ç s t ə m
brünstigsten	b ʁ ʏ n s t ɪ k s t n̩
brünstigsten	b ʁ ʏ n s t ɪ ç s t n̩
brünstigster	b ʁ ʏ n s t ɪ k s t ɐ
brünstigster	b ʁ ʏ n s t ɪ ç s t ɐ
brünstigstes	b ʁ ʏ n s t ɪ k s t ə s
brünstigstes	b ʁ ʏ n s t ɪ ç s t ə s
brüten	b ʁ yː t n̩
buch	b u x
buchstabiere	b uː x ʃ t a b iː ʁ ə
bugsieren	k s i ɐ̯ n
bugsieren	k s iː ɐ n
bugsieren	k s iː ɐ̯ n
bummel	b ʊ m l̩
bummel	b ʊ m ə l
bummeln	b ʊ m l̩ n
bummeln	b ʊ m ə l n
bums	b ʊ m s
bumsen	b ʊ m s n̩
bumsen	b ʊ m s ə n
bumsen	b ʊ m z n̩
bumsen	b ʊ m z ə n
bumsfidel	b ʊ m s f i d eː l
bundesrechtlich	b ʊ n d ə s ʁ ɛ ç t l ɪ ç
bunkern	b ʊ ŋ k ɐ n
bunte	b ʊ n t ə
bunter	b ʊ n t ɐ
bunteste	b ʊ n t ə s t ə
burgunderrote	b ʊ ʁ ɡ ʊ n d ɐ ʁ oː t ə
burgunderrotem	b ʊ ʁ ɡ ʊ n d ɐ ʁ oː t ə m
burgunderroten	b ʊ ʁ ɡ ʊ n d ɐ ʁ oː t n̩
burgunderroter	b ʊ ʁ ɡ ʊ n d ɐ ʁ oː t ɐ
burgunderrotes	b ʊ ʁ ɡ ʊ n d ɐ ʁ oː t ə s
burlesk	b ʊ ʁ l ɛ s k
burschikos	b ʊ ʁ ʃ i k oː s
butch	b ʊ t͡ʃ
buttern	b ʊ t ɐ n
bändigen	b ɛ n d ɪ ɡ ŋ̍
bänger	b ɛ ŋ ɐ
bärge	b ɛ ɐ̯ ɡ ə
bärge	b ɛ ʁ ɡ ə
bäumen	b ɔ ɪ̯ m ə n
böigen	b øː ɪ ɡ n̩
böigen	b øː ɪ ɡ ŋ̩
böigste	b øː ɪ k s t ə
böigste	b øː ɪ ç s t ə
böigstem	b øː ɪ k s t ə m
böigstem	b øː ɪ ç s t ə m
böigsten	b øː ɪ k s t n̩
böigsten	b øː ɪ ç s t n̩
böigster	b øː ɪ k s t ɐ
böigster	b øː ɪ ç s t ɐ
böigstes	b øː ɪ k s t ə s
böigstes	b øː ɪ ç s t ə s
bölken	b œ l k ŋ̩
bölken	b œ l k ə n
bösartig	b øː s ʔ aː ɐ̯ t ɪ ç
bügeln	b yː ɡ l̩ n
bürgerlich	b ʏ ɐ̯ ɡ ɐ l ɪ ç
bürgerlich	b ʏ ʁ ɡ ɐ l ɪ ç
bützen	b ʏ t s n̩
cadmiumhaltigen	k a t m i ʊ m h a l t ɪ ɡ n̩
cadmiumhaltigen	k a t m i ʊ m h a l t ɪ ɡ ŋ̩
cadmiumhaltigste	k a t m i ʊ m h a l t ɪ k s t ə
cadmiumhaltigste	k a t m i ʊ m h a l t ɪ ç s t ə
cadmiumhaltigstem	k a t m i ʊ m h a l t ɪ k s t ə m
cadmiumhaltigstem	k a t m i ʊ m h a l t ɪ ç s t ə m
cadmiumhaltigsten	k a t m i ʊ m h a l t ɪ k s t n̩
cadmiumhaltigsten	k a t m i ʊ m h a l t ɪ ç s t n̩
cadmiumhaltigster	k a t m i ʊ m h a l t ɪ k s t ɐ
cadmiumhaltigster	k a t m i ʊ m h a l t ɪ ç s t ɐ
cadmiumhaltigstes	k a t m i ʊ m h a l t ɪ k s t ə s
cadmiumhaltigstes	k a t m i ʊ m h a l t ɪ ç s t ə s
campen	k ɛ m p m̩
canceln	k ɛ n s l̩ n
cartesisch	k a ʁ t eː z ɪ ʃ
charakterisieren	k a ʁ a k t e ʁ i z iː ʁ ə n
charakterlich	k a ʀ a k t ɐ l ɪ ç
checken	t ʃ ɛ k ŋ̩
christlich	k ʁ ɪ s t l ɪ ç
christlichen	k ʁ ɪ s t l ɪ ç n̩
christlichen	k ʁ ɪ s t l ɪ ç ə n
ciao	t͡ʃ a ʊ̯
circa	t͡s ɪ ʁ k a
cisalpin	t͡s ɪ s ʔ a l p iː n
claviform	k l aː v i f ɔ ʁ m
clean	k l iː n
clever	k l ɛ v ɐ
couragiert	k u ʁ a ʒ i ɐ̯ t
couragiert	k u ʁ a ʒ iː ɐ̯ t
creme	k ʁ eː m
creme	k ʁ eː m ə
creme	k ʁ ɛː m
cremefarben	k ʁ eː m f a ʁ b m̩
cremefarben	k ʁ ɛː m f a ʁ b m̩
crèmefarben	k ʁ eː m f a ʁ b m̩
crèmefarben	k ʁ ɛː m f a ʁ b m̩
curricular	k ʊ ʁ i k u l aː ɐ̯
da	d äː
dachte	d a χ t ə
daddeln	d a d l̩ n
dafür	d a f yː ɐ̯
dafürhalten	d a f yː ɐ̯ h a l t n̩
dagegen	d a ɡ eː ɡ ŋ̩
dagegen	d a ɡ eː ɡ ə n
dagegen	d aː ɡ eː ɡ ŋ̩
dagegen	d aː ɡ eː ɡ ə n
dagegenhalten	d a ɡ eː ɡ ŋ̩ h a l t n̩
dahaben	d aː h aː b m̩
dahaben	d aː h aː b ə n
dahergelaufen	d a h eː ɐ̯ ɡ ə l a ʊ̯ f n̩
dahingehend	d aː h ɪ n ɡ eː ə n t
dahinraffen	d a h ɪ n ʁ a f n̩
dahinsiechen	d a h ɪ n z iː ç n̩
dahinten	d aː h ɪ n t n̩
dahinter	d a h ɪ n tʰ ɐ
dahinterhalten	d a h ɪ n t ɐ h a l t n̩
dalassen	d aː l a s n̩
damalig	d aː m aː l ɪ ç
damalige	d aː m aː l ɪ ɣ ə
dampfen	d a m f n̩
dampfen	d a m p f n̩
danebengehalten	d a n eː b m̩ ɡ ə h a l t n̩
danebengeschossen	d a n eː b n̩ ɡ ə ʃ ɔ s n̩
danebenhalten	d a n eː b m̩ h a l t n̩
danebenschießen	d a n eː b n̩ ʃ iː s n̩
danebenschießend	d a n eː b n̩ ʃ iː s n̩ t
danke	d a ŋ k ə
danken	d a ŋ k n̩
danken	d a ŋ k ŋ̩
danken	d a ŋ k ə n
daranhalten	d a ʁ a n h a l t n̩
daraufgehalten	d a ʁ a ʊ̯ f ɡ ə h a l t n̩
daraufhalten	d a ʁ a ʊ̯ f h a l t n̩
daraus	d a r a ʊ̯ s
daraus	d aː r a ʊ̯ s
darbieten	d aː ɐ̯ b iː t n̩
darbringen	d aː ɐ̯ b ʁ ɪ ŋ ə n
darniederliegen	d a ʁ n iː d ɐ l iː ɡ n̩
darstellen	d aː ɐ̯ ʃ t ɛ l n
darunter	d a ʁ ʊ n t ɐ
darunterhalten	d a ʁ ʊ n t ɐ h a l t n̩
darübergehalten	d a ʁ yː b ɐ ɡ ə h a l t n̩
darüberhalten	d a ʁ yː b ɐ h a l t n̩
darüberliegen	d a ʁ yː b ɐ l iː ɡ ə n
daten	d eː t n̩
dato	d aː t o
davoneilen	d a f ɔ n a ɪ̯ l ə n
davonkommen	d a f ɔ n k ɔ m ə n
davonstehlen	d a f ɔ n ʃ t eː l ə n
davor	d a f oː ɐ̯
davorhalten	d a f oː ɐ̯ h a l t n̩
dealen	d iː l̩ n
debattieren	d e b a tʰ iː ɐ̯ n
debuggen	d i b a ɡ n̩
debütieren	d e b y tʰ iː ɐ̯ n
deck	d ɛ k
deckeln	d ɛ k l̩ n
definitiv	d eː f i n i t iː f
degenerieren	d e ɡ e n ə ʁ iː ɐ̯ n
dehnen	d eː n n̩
dehnen	d eː n ə n
deinen	d a ɪ̯ n n̩
deinen	d a ɪ̯ n ə n
deinerseits	d a ɪ̯ n ɐ z a ɪ̯ t͡s
deinesgleichen	d a ɪ̯ n ə s ɡ l a ɪ̯ ç ə n
deklamieren	d e k l a m iː ɐ̯ n
deklamieren	d e k l a m iː ʁ ə n
deklarieren	d e kʰ l a ʁ iː ɐ̯ n
deklinierbar	d e k l i n iː ɐ̯ b aː ɐ̯
demgegenüber	d eː m ɡ eː ɡ ŋ̍ ʔ yː b ɐ
demilitarisieren	d e m i l i t a ʁ i z iː ʁ ə n
demzufolge	d eː m t s u f ɔ l ɡ ə
demütigend	d eː m yː t ɪ ɡ n̩ t
den	d eː n
denkbar	d ɛ ŋ k b aː ɐ̯
denken	d ɛ ŋ k ə n
denken	d ɛ ŋ ʔ ŋ̍
denkend	d ɛ ŋ k n̩ t
denkend	d ɛ ŋ k ŋ̩ t
denn	d ɛ n
dennoch	d ɛ n ɔ x
deplorabel	d e p l o ʁ aː b l̩
deponieren	d e p o n iː ʁ ə n
der	d eː ɐ̯
der	d ɐ
der	d ɛ ɐ̯
derb	d ɛ ɐ̯ p
derb	d ɛ ʁ p
derentwegen	d eː ʁ ə n t v eː ɡ ŋ̍
dergleichen	d eː ɐ̯ ɡ l a ɪ̯ ç n̩
dermaßen	d eː ɐ̯ m aː s n̩
deroutieren	d e r u t iː r ə n
desaströs	d e z a s t ʁ øː s
desavouieren	d ɛ s ʔ a v u iː ɐ̯ n
desgleichen	d ɛ s ɡ l a ɪ̯ ç n̩
desiderat	d e z i d e ʁ aː t
designieren	d e s i ɡ n iː ɐ̯ n
designieren	d e z i ɡ n iː ɐ̯ n
dessen	d ɛ s n̩
dessen	d ɛ s ə n
detonieren	d e t o n iː ʁ ə n
deuteln	d ɔ y t l̩ n
deuten	d ɔ ʏ̯ t n̩
deviant	d e v i̯ a n t
dextral	d ɛ k s t ʁ aː l
dezimieren	d e t͡s i m iː ʁ ə n
dialektal	d i a l ɛ k t aː l
diametral	d i a m e t ʁ aː l
dichten	d ɪ ç t n̩
dichten	d ɪ ç t ə n
dichtend	d ɪ ç t n̩ t
dichtend	d ɪ ç t ə n t
dichthalten	d ɪ ç t h a l t n̩
dichtmachen	d ɪ ç t m a χ n̩
dickbäuchig	d ɪ k b ɔ ɪ̯ ç ɪ k
dickbäuchig	d ɪ k b ɔ ɪ̯ ç ɪ ç
dickstielig	d ɪ k ʃ t iː l ɪ k
dickstielig	d ɪ k ʃ t iː l ɪ ç
dien	d iː n
dienen	d iː n ə n
dies	d iː s
diesbezüglich	d iː s b ə t͡s yː k l ɪ ç
diese	d iː z ə
diesem	d iː z m̩
diesem	d iː z ə m
diesen	d iː z n̩
diesen	d iː z ə n
dieser	d iː z ɐ
dieser	d ɪ z ɐ
dieser	d̥ iː z̥ ɐ
dieser	d̥ iː z̥ ə r
dieses	d iː z ə s
diesseits	d iː s z a ɪ̯ t͡s
dieweil	d iː v a ɪ̯ l
different	d ɪ f ə ʁ ɛ n t
differenzieren	d ɪ f ə ʁ ɛ n t s iː ɐ̯ n
diffundieren	d ɪ f ʊ n d iː ʁ ə n
dimmen	d ɪ m m̩
dimmen	d ɪ m n̩
dingen	d ɪ ŋ ŋ̩
dingen	d ɪ ŋ ə n
diploid	d i p l o iː t
direktiv	d i ʁ ɛ k t iː f
diskreditieren	d ɪ s k ʁ e d i t iː ʁ ə n
distich	d ɪ s t ɪ ç
divergent	d i v ɛ ʁ ɡ ɛ n t
dividieren	d i v i d iː ʁ ə n
dividual	d i v i d u̯ aː l
docken	d ɔ k n̩
doktrinäre	d ɔ k t ʁ iː n ɛː ʁ ə
doktrinärem	d ɔ k t ʁ iː n ɛː ʁ ə m
doktrinären	d ɔ k t ʁ iː n ɛː ʁ ə n
doktrinärer	d ɔ k t ʁ iː n ɛː ʁ ɐ
doktrinäres	d ɔ k t ʁ iː n ɛː ʁ ə s
dolent	d o l ɛ n t
dolos	d o l oː s
domanial	d o m a n i̯ aː l
domestizieren	d o m ɛ s t i t s iː ɐ̯ n
dominieren	d o m i n iː ɐ̯ n
donnern	d ɔ n ɐ n
dope	d oː p ə
doppeln	d ɔ p ə l n
dorren	d ɔ ʁ ə n
dort	d ɔ ɐ̯ t
dort	d ɔ ʁ t
dort	d ɔː t
drakonisch	d ʁ a k oː n ɪ ʃ
dramatisieren	d ʁ a m a t i z iː ʁ ə n
drangehen	d ʁ a n ɡ eː ə n
drauf	d ʁ a ʊ̯ f
draufdrücken	d ʁ a ʊ̯ f d ʁ ʏ k ŋ̩
draufdrücken	d ʁ a ʊ̯ f d ʁ ʏ k ə n
draufdrückt	d ʁ a ʊ̯ f d ʁ ʏ k t
draufhalten	d ʁ a ʊ̯ f h a l t n̩
drauflosarbeiten	d ʁ a ʊ̯ f l oː s ʔ a ʁ b a ɪ̯ t n̩
draußen	d ʁ a ʊ̯ s n̩
drehen	d ʁ e n̩
drehen	d ʁ eː n
drehen	d ʁ eː ə n
drei	d ʁ a ɪ̯
dreieckig	d ʁ a ɪ̯ ɛ kʰ ɪ ç
dreifüßig	d ʁ a ɪ̯ f yː s ɪ ç
dreissigstens	d ʁ a ɪ̯ s ɪ k s t n̩ s
dreissigtausend	d ʁ a ɪ̯ s ɪ k t a ʊ z n̩ t
dreissigtausendfach	d ʁ a ɪ̯ s ɪ k t a ʊ z n̩ t f a χ
dreissigtausendmal	d ʁ a ɪ̯ s ɪ k t a ʊ z n̩ t m aː ɮ̩
dreissigtausendste	d ʁ a ɪ̯ s ɪ k t a ʊ z n̩ t͡s t ə
dreiunddreißigfacher	d ʁ a ɪ̯ ʊ n t d ʁ a ɪ̯ s ɪ ç f a x ɐ
dreiunddreißigjähriger	d ʁ a ɪ̯ ʊ n t d ʁ a ɪ̯ s ɪ ç j ɛː ʁ ɪ ɡ ɐ
dreiundfünfzigfacher	d ʁ a ɪ̯ ʊ n t f ʏ n f t͡s ɪ ç f a x ɐ
dreiundfünfzigjähriger	d ʁ a ɪ̯ ʊ n t f ʏ n f t͡s ɪ ç j ɛː ʁ ɪ ɡ ɐ
dreiundsechzigjähriger	d ʁ a ɪ̯ ʊ n t z ɛ ç t͡s ɪ ç j ɛː ʁ ɪ ɡ ɐ
dreiundvierzigfacher	d ʁ a ɪ̯ ʊ n t f ɪ ɐ̯ t͡s ɪ ç f a x ɐ
dreiundvierzigjähriger	d ʁ a ɪ̯ ʊ n t f ɪ ɐ̯ t͡s ɪ ç j ɛː ʁ ɪ ɡ ɐ
dreiundzwanzigfacher	d ʁ a ɪ̯ ʊ n t͡s v a n t͡s ɪ ç f a x ɐ
dreiundzwanzigjähriger	d ʁ a ɪ̯ ʊ n t͡s v a n t͡s ɪ ç j ɛː ʁ ɪ ɡ ɐ
dreizehnfacher	d ʁ a ɪ̯ t͡s eː n f a x ɐ
dreißigstens	d ʁ a ɪ̯ s ɪ k s t n̩ s
dreißigtausend	d ʁ a ɪ̯ s ɪ k t a ʊ z n̩ t
dreißigtausendfach	d ʁ a ɪ̯ s ɪ k t a ʊ z n̩ t f a χ
dreißigtausendmal	d ʁ a ɪ̯ s ɪ k t a ʊ z n̩ t m aː ɮ̩
dreißigtägige	d ʁ a ɪ̯ s ɪ k t ɛː ɡ ɪ ɡ ə
dreißigtägige	d ʁ a ɪ̯ s ɪ ç t ɛː ɡ ɪ ɡ ə
dreißigtägigem	d ʁ a ɪ̯ s ɪ k t ɛː ɡ ɪ ɡ ə m
dreißigtägigem	d ʁ a ɪ̯ s ɪ ç t ɛː ɡ ɪ ɡ ə m
dreißigtägigen	d ʁ a ɪ̯ s ɪ k t ɛː ɡ ɪ ɡ n̩
dreißigtägigen	d ʁ a ɪ̯ s ɪ k t ɛː ɡ ɪ ɡ ŋ̩
dreißigtägigen	d ʁ a ɪ̯ s ɪ ç t ɛː ɡ ɪ ɡ n̩
dreißigtägigen	d ʁ a ɪ̯ s ɪ ç t ɛː ɡ ɪ ɡ ŋ̩
dreißigtägiger	d ʁ a ɪ̯ s ɪ k t ɛː ɡ ɪ ɡ ɐ
dreißigtägiger	d ʁ a ɪ̯ s ɪ ç t ɛː ɡ ɪ ɡ ɐ
dreißigtägiges	d ʁ a ɪ̯ s ɪ k t ɛː ɡ ɪ ɡ ə s
dreißigtägiges	d ʁ a ɪ̯ s ɪ ç t ɛː ɡ ɪ ɡ ə s
dressieren	d ʁ ɛ s iː ɐ̯ n
dribbeln	d ʁ ɪ b l̩ n
drillen	d ʁ ɪ l ə n
drillen	d ʁ ɪ l̩ n
drogenverseucht	d ʁ oː ɡ n̩ f ɛ ɐ̯ z ɔ ɪ̯ ç t
drucken	d ʁ ʊ k ŋ̍
drunter	d ʁ ʊ n t ɐ
drunterhalten	d ʁ ʊ n t ɐ h a l t n̩
drängeln	d ʁ ɛ ŋ l̩ n
dräuen	d ʁ ɔ ɪ̯ ə n
dröhnen	d ʁ øː n n̩
dröhnen	d ʁ øː n ə n
drölf	d ʁ œ l f
drüben	d ʁ yː b m̩
drüberhalten	d ʁ yː b ɐ h a l t n̩
drücken	d ʁ ʏ k ŋ̍
drüsig	d ʁ yː z ɪ k
drüsig	d ʁ yː z ɪ ç
dual	d u aː l
ducken	d ʊ k ŋ̩
ducken	d ʊ k ə n
duckmäusern	d ʊ k m ɔ ɪ̯ z ɐ n
dudeln	d uː d l̩ n
duftend	d ʊ f t ə n t
dulden	d ʊ l d n̩
dulden	d ʊ l d ə n
dumpf	d ʊ m p f
dunkel	d ʊ ŋ k l̩
dunkel	d ʊ ŋ k ə l
durch	d ʊ ɐ̯ x
durch	d ʊ ɪ̯ ç
durchackern	d ʊ ʁ ç ʔ a k ɐ n
durchatmen	d ʊ ʁ ç aː t m ə n
durchaus	d ʊ ʁ ç a ʊ̯ s
durchaus	d ʊ ʁ ç ʔ a ʊ̯ s
durchbohren	d ʊ ɐ̯ ç b oː ʁ ə n
durchbringen	d ʊ ʁ ç b ʁ ɪ ŋ ə n
durchdrehen	d ʊ ʁ ç d ʁ eː ə n
durchdringen	d ʊ ʁ ç d ʁ ɪ ŋ ə n
durcheinanderbringen	d ʊ ʁ ç ʔ a ɪ̯ n a n d ɐ b ʁ ɪ ŋ ə n
durcheinanderkommen	d ʊ ʁ ç ʔ a ɪ̯ n a n d ɐ k ɔ m ə n
durcheinanderwürfeln	d ʊ ʁ ç ʔ a ɪ̯ n a n d ɐ v ʏ ʁ f l̩ n
durchessen	d ʊ ʁ ç ʔ ɛ s n̩
durchfahren	d ʊ ɐ̯ ç f aː ɐ̯ n
durchfragen	d ʊ ʁ ç f ʁ aː ɡ ŋ̩
durchfädeln	a u̯ f f eː d l̩ n
durchfädeln	a u̯ f f ɛː d l̩ n
durchfärben	d ʊ ʁ ç f ɛ ʁ b m̩
durchführen	d ʊ ʁ ç f yː ʁ ə n
durchgebrannt	d ʊ ʁ ç ɡ ə b ʁ a n t
durchgehen	d ʊ ʁ ç ɡ eː ə n
durchhängen	d ʊ ʁ ç h ɛ ŋ ə n
durchklingen	d ʊ ɐ̯ ç k l ɪ ŋ n̩
durchkommen	d ʊ ʁ ç k ɔ m ə n
durchkoppeln	d ʊ ʁ ç k ɔ p l̩ n
durchkämmen	d ʊ ɐ̯ ç k ɛ m n̩
durchlaufen	d ʊ ʁ ç l a ʊ̯ f n̩
durchleben	d ʊ ʁ ç l eː b n̩
durchliegen	d ʊ ʁ ç l iː ɡ n̩
durchmischen	d ʊ ɐ̯ ç m ɪ ʃ n̩
durchnehmen	d ʊ ʁ ç n eː m ə n
durchputzen	d ʊ ʁ ç p ʊ t͡s n̩
durchqueren	d ʊ ɐ̯ ç kʰ v eː ɐ̯ n
durchrasseln	d ʊ ʁ ç ʁ a s l̩ n
durchrütteln	d ʊ ʁ ç ʁ ʏ t ə l n
durchsage	d ʊ ʁ ç z aː ɡ ə
durchsagen	d ʊ ʁ ç z aː ɡ ŋ̩
durchschlagen	d ʊ ɐ̯ ç ʃ l aː ɡ ŋ̩
durchschlagen	d ʊ ʁ ç ʃ l aː ɡ n̩
durchschreiten	d ʊ ʁ ç ʃ ʁ a ɪ̯ t n̩
durchsetzen	d ʊ ʁ ç z ɛ t͡s ə n
durchsickern	d ʊ ʁ ç z ɪ k ɐ n
durchstellen	d ʊ ʁ ç ʃ t ɛ l ə n
durchströmen	d ʊ ʁ ç ʃ t ʁ øː m ə n
durchsuchen	d ʊ ɐ̯ ç z uː χ n̩
durchsäge	d ʊ ʁ ç z ɛː ɡ ə
durchwachen	d ʊ ʁ ç v a χ n̩
durchwandern	d ʊ ɐ̯ ç v a n d ɐ n
durchwühlen	d ʊ ɐ̯ ç v yː l n
durchziehen	d ʊ ɐ̯ ç t s iː n
durchziehen	d ʊ ɐ̯ ç t s iː ə n
durchzucken	d ʊ ʁ ç t͡s ʊ k n̩
durchzählen	d ʊ ʁ ç t s ɛː l n̩
dursten	d ʊ r s t n
dursten	d ʊ r s t ə n
dursten	d ʊ ɐ̯ s t n
dursten	d ʊ ɐ̯ s t ə n
dursten	d ʊ ʁ s t n
dursten	d ʊ ʁ s t ə n
durstig	d ʊ ɐ̯ s t ɪ ç
duseln	d uː z l̩ n
dämmen	d ɛ m m̩
dämmen	d ɛ m ə n
dämonisieren	d ɛ m o n i z iː ʁ ə n
dämpfen	d ɛ m p f n̩
dübeln	d yː b l̩ n
düngen	d ʏ ŋ ŋ̩
düngen	d ʏ ŋ ə n
dünken	d ʏ ŋ k n
dünken	d ʏ ŋ k n̩
dürfen	d ʏ ɐ̯ f n
dürfen	d ʏ ɐ̯ f ə n
dürfen	d ʏ ʁ f n
dürfen	d ʏ ʁ f ə n
dürfen	d̥ ʏ r f ə n
dürfen	d̥ ʏ r f ɛ n
dürfen	d̥ ʏ ɐ̯ f n̩
dürsten	d ʏ ʁ s t n̩
düsen	d yː z n̩
düsend	d yː z n̩ t
düster	d yː s t ɐ
eben	eː b m̩
eben	eː b m̩ t
eben	eː b ə n
eben	eː m̩ t
ebenda	ʔ eː b m̩ d aː
ebenda	ʔ eː b ə n d aː
ebendort	ʔ eː b m̩ d ɔ ʁ t
ebendort	ʔ eː b ə n d ɔ ʁ t
ebene	ʔ eː b ə n ə
ebenmässig	eː b n̩ m ɛː s ɪ ç
ebnen	ʔ eː b n ə n
ebnen	ʔ eː p n ə n
echauffieren	ʔ e ʃ o f iː ɐ̯ n
echte	ʔ ɛ ç t ə
echter	ʔ ɛ ç t ɐ
echtere	ʔ ɛ ç t ə ʁ ə
eckig	ʔ ɛ k ɪ k
eckig	ʔ ɛ k ɪ ç
edle	ʔ eː d l ə
edle	ʔ eː t l ə
effizient	ə f i t͡s i̯ ə n t
effizient	ə fː i t͡s i̯ ə n t
effizient	ɛ f i t͡s i̯ ə n t
effizient	ɛ fː i t͡s i̯ ə n t
egalisieren	e ɡ a l i z iː ʁ ə n
egoistisch	e ɡ o ɪ s t ɪ ʃ
ehebrechen	eː ə b ʁ ɛ ç n̩
eher	ʔ eː ɐ
ehern	ʔ eː ɐ n
ehrabschneidend	eː ʁ a p ʃ n a ɪ̯ d ə n d
ehrlich	ʔ eː ɐ̯ l ɪ ç
ehrlich	ʔ ɛ ɐ̯ l ɪ ç
ehrpusselig	eː ɐ̯ p ʊ s ə l ɪ k
ehrpusselig	eː ɐ̯ p ʊ s ə l ɪ ç
eiben	a ɪ̯ b m̩
eichen	ʔ a ɪ̯ ç n̩
eichen	ʔ a ɪ̯ ç ə n
eidetisch	a ɪ̯ d eː t ɪ ʃ
eidgenössisch	ʔ a ɪ̯ t ɡ ə n œ s ɪ ʃ
eier	a ɪ̯ ɐ
eifern	a ɪ̯ f ɐ n
eigen	ʔ a ɪ̯ ɡ ŋ̍
eigen	ʔ a ɪ̯ ɡ ə n
eigenbrötlerisch	a ɪ̯ ɡ n̩ b ʁ øː t l ə ʁ ɪ ʃ
eigene	ʔ a ɪ̯ ɡ ə n ə
eigenen	ʔ a ɪ ɡ n̩ ə n
eigens	a ɪ̯ ɡ ŋ̩ s
eigens	a ɪ̯ ɡ ə n s
eigentlich	ʔ a ɪ̯ ŋ̍ t l ɪ ç
eigentlich	ʔ a ɪ̯ ɡ n t l ɪ ç
eigentlich	ʔ a ɪ̯ ɡ ŋ̍ t l ɪ ç
eigentlich	ʔ a ɪ̯ ɡ ə n t l ɪ ç
eigentlichen	ʔ a ɪ̯ ɡ ŋ̩ t l ɪ ç n̩
eigentlichen	ʔ a ɪ̯ ɡ ə n t l ɪ ç ə n
eigenverantwortlich	a ɪ̯ ɡ n̩ f ɛ ɐ̯ ʔ a n t v ɔ ʁ t l ɪ ç
eilen	a ɪ̯ l ə n
einarbeiten	a ɪ̯ n ʔ a ʁ b a ɪ̯ t n̩
einarmig	ʔ a ɪ̯ n ʔ a ʁ m ɪ ç
einatmen	a ɪ̯ n aː t m ə n
einbauen	ʔ a ɪ̯ n b a ʊ̯ n
einbekennen	a ɪ̯ n b ə k ɛ n ə n
einbetten	ʔ a ɪ̯ n b ɛ t n̩
einbeziehen	ʔ a ɪ n b ə t s iː ə n
einbiegen	a ɪ̯ n b iː ɡ n̩
einbilden	a ɪ̯ n b ɪ l d n̩
einblasen	a ɪ̯ n b l aː z n̩
einblenden	a ɪ̯ n b l ɛ n d n̩
einbrechen	ʔ a ɪ̯ n b ʁ ɛ ç n̩
einbrechen	ʔ a ɪ̯ n b ʁ ɛ ç ə n
einbremsen	ʔ a ɪ̯ n b ʁ ɛ m s n̩
einbrennen	ʔ a j n b ʁ ɛ n ɘ n
eindecken	a ɪ̯ n d ɛ k n̩
eindenken	a ɪ̯ n d ɛ ŋ k n̩
eindeutig	a ɪ̯ n d ɔ ɪ̯ t ɪ k
eindeutig	a ɪ̯ n d ɔ ɪ̯ t ɪ ç
eindeutschen	ʔ a ɪ n d ɔ ʏ t ʃ n̩
eindosen	ʔ a ɪ̯ n d oː z n̩
eindrücken	a ɪ̯ n d ʁ ʏ k n̩
eineiig	ʔ a ɪ̯ n a ɪ̯ ɪ ç
eineiig	ʔ a ɪ̯ n ʔ a ɪ̯ ɪ ç
einem	ɑ ɛ̯ m
einem	ɑ ɛ̯ n ɛ m
einen	a n
einen	ɑ ɛ̯ n n̩
einen	ɑ ɛ̯ n ɛ n
einengen	a ɪ̯ n ʔ ɛ ŋ ə n
einenglischen	a ɪ̯ n ʔ ɛ ŋ l ɪ ʃ n̩
einer	ʔ a ɪ̯ n ɐ
einernten	ʔ a ɪ̯ n ʔ ɛ ʁ n t n̩
einerseits	ʔ a ɪ̯ n ɐ z a ɪ̯ t s
einesteils	ʔ a ɪ̯ n ə s t a ɪ̯ l s
einfachlogarithmisch	ʔ a ɪ̯ n f a x l o ɡ a ʁ ɪ t m ɪ ʃ
einfachlogarithmischer	ʔ a ɪ̯ n f a x l o ɡ a ʁ ɪ t m ɪ ʃ ɐ
einfachlogarithmisches	ʔ a ɪ̯ n f a x l o ɡ a ʁ ɪ t m ɪ ʃ ə s
einfallen	ʔ a ɪ̯ n f a l n̩
einfinden	ʔ a ɪ̯ n f ɪ n d n̩
einfinden	ʔ a ɪ̯ n f ɪ n d ə n
einflüstern	a ɪ̯ n f l ʏ s t ɐ n
einfädeln	a ɪ̯ n f eː d l̩ n
einfädeln	a ɪ̯ n f ɛː d l̩ n
einfältig	ʔ a ɪ̯ n f ɛ l t ɪ k
einfältig	ʔ a ɪ̯ n f ɛ l t ɪ ç
einfärben	ʔ a ɪ̯ n f ɛ ɐ̯ b m̩
einfügen	ʔ a ɪ̯ n f yː ɡ ŋ̍
einfühlend	a ɪ̯ n f yː l ə n t
einfühlendsten	a ɪ̯ n f yː l ə n t͡s t n̩
einführen	ʔ a ɪ̯ n f yː ɐ̯ n
einführen	ʔ a ɪ̯ n f yː ʁ ə n
einfüllen	a ɪ̯ n f ʏ l ə n
eingeerntet	ʔ a ɪ̯ n ɡ ə ʔ ɛ ʁ n t ə t
eingefallen	ʔ a ɪ̯ n ɡ ə f a l̩ n
eingehen	ʔ a ɪ̯ n ɡ eː ə n
eingeschränkt	a ɪ̯ n ɡ ə ʃ ʁ ɛ ŋ k t
eingraben	ɡ ʁ aː b m̩
eingraben	ɡ ʁ aː b ɱ̩
eingreifen	ʔ a ɪ̯ n ɡ ʁ a ɪ̯ f n̩
einhalten	ʔ a ɪ n h a l t n̩
einheitlich	ʔ a ɪ n h a ɪ t l ɪ ç
einhergeht	a ɪ̯ n h eː ʁ ɡ eː t
einhunderttausendfach	a ɪ̯ n h ʊ n d ɐ t t a ʊ z n̩ t f a χ
einhunderttausendmal	a ɪ̯ n h ʊ n d ɐ t t a ʊ z n̩ t m aː l
einhunderttausendste	a ɪ̯ n h ʊ n d ɐ t t a ʊ z n̩ t͡s t ə
einigeln	a ɪ̯ n ʔ iː ɡ l̩ n
einigen	ʔ a ɪ̯ n ɪ ɡ ə n
einkapseln	ʔ a ɪ̯ n kʰ a p s l̩ n
einkaufen	ʔ a ɪ̯ n kʰ a ʊ̯ f n̩
einkellern	a ɪ̯ n k ɛ l ɐ n
einkriegen	a ɪ̯ n k ʁ iː ɡ n̩
einladen	ʔ a ɪ̯ n l aː d n̩
einlassen	ʔ ä e̯ n l ä s n̩
einlaufen	ʔ a ɪ̯ n l a ʊ̯ f ə n
einlaufen	ʔ a ɪ̯ n l a ʊ̯ f ɱ̩
einlegen	ʔ a ɪ̯ n l eː ɡ ŋ̍
einlenken	a ɪ̯ n l ɛ ŋ k n̩
einleuchten	a ɪ̯ n l ɔ ɪ̯ ç t n̩
einlullen	a ɪ̯ n l ʊ l ə n
einmachen	ʔ a ɪ̯ n m a χ n̩
einmotten	a ɪ̯ n m ɔ t n̩
einmummen	a ɪ̯ n m ʊ m ə n
einnehmen	ʔ a ɪ̯ n eː m n
einnehmen	ʔ a ɪ̯ n eː m ə n
einnehmen	ʔ a ɪ̯ n n eː m n
einnehmen	ʔ a ɪ̯ n n eː m ə n
einnicken	a ɪ̯ n n ɪ k n̩
einnisten	a ɪ̯ n n ɪ s t n̩
einnorden	ʔ a ɪ̯ n n ɔ ʁ d n̩
einnorden	ʔ a ɪ̯ n ɔ ʁ d n̩
einnässen	a ɪ̯ n n ɛ s n̩
einordnen	ʔ a ɪ̯ n ɔ ʁ d n ə n
einparken	a ɪ̯ n p a ʁ k n̩
einprogrammieren	a ɪ̯ n p ʁ o ɡ ʁ a m iː ʁ ə n
einreichen	ʔ a ɪ̯ n ʁ a ɪ̯ ç n̩
einreisen	a ɪ̯ n ʁ a ɪ̯ z n̩
einräumen	ʔ a ɪ n ʁ ɔ ʏ m ə n
eins	ʔ a ɪ̯ n t͡s
einsargen	ʔ a ɪ̯ n z a ɐ̯ ɡ ŋ̍
einsatzbereit	a ɪ̯ n z a t s b ə ʁ a ɪ̯ t
einschieben	a ɪ̯ n ʃ iː b n̩
einschießen	ʔ a ɪ̯ n ʃ iː s n̩
einschießend	ʔ a ɪ̯ n ʃ iː s n̩ t
einschlafen	ʔ a ɪ̯ n ʃ l aː f ɱ̍
einschleichen	a ɪ̯ n ʃ l a ɪ̯ ç n̩
einschleppen	a ɪ̯ n ʃ l ɛ p n̩
einschleusen	a ɪ̯ n ʃ l ɔ ɪ̯ z n̩
einschläfern	a ɪ̯ n ʃ l eː f ɐ n
einschläfern	a ɪ̯ n ʃ l ɛː f ɐ n
einschmeicheln	ʔ a ɪ̯ n ʃ m a ɪ̯ ç l̩ n
einschneien	a ɪ̯ n ʃ n a ɪ̯ ə n
einschreiten	ʔ a ɪ̯ n ʃ ʁ a ɪ̯ t n̩
einschränken	a ɪ̯ n ʃ ʁ ɛ ŋ k n̩
einschränken	a ɪ̯ n ʃ ʁ ɛ ŋ k ŋ̩
einschärfen	a ɪ̯ n ʃ ɛ ʁ f n̩
einschätzen	ʔ a ɪ̯ n ʃ ɛ t s n̩
einschüchtern	a ɪ̯ n ʃ ʏ ç t ɐ n
einseifen	ʔ a ɪ̯ n z a ɪ̯ f n̩
einsitzen	a ɪ̯ n z ɪ t͡s n̩
einsparen	ʔ a ɪ n ʃ p aː ʁ ə n
einspringen	a ɪ̯ n ʃ p ʁ ɪ ŋ ə n
einst	ʔ a ɪ̯ n s t
einstecken	a ɪ̯ n ʃ t ɛ k n̩
einstellen	ʔ a ɪ̯ n ʃ t ɛ l n̩
einstellen	ʔ a ɪ̯ n ʃ t ɛ l ə n
einstens	ʔ a ɪ̯ n s t n̩ s
einstens	ʔ a ɪ̯ n s t ə n s
einstimmig	ʔ a ɪ̯ n ʃ t ɪ m ɪ ç
einstoßen	a ɪ̯ n ʃ t oː s n̩
einstufen	a ɪ̯ n ʃ t uː f ə n
eintragen	ʔ a ɪ̯ n t ʁ aː ɡ ŋ̍
eintreffen	ʔ a ɪ̯ n t ʁ ɛ f ə n
eintreffen	ʔ a ɪ̯ n t ʁ ɛ f ɱ̩
eintreten	ʔ a ɪ̯ n tʰ ʁ eː t ə n
eintritt	ʔ a ɪ̯ n t ʁ ɪ t
eintrudeln	ʔ a ɪ̯ n t ʁ uː d l̩ n
eintrudeln	ʔ a ɪ̯ n t ʁ uː d ə l n
einträchtig	a ɪ̯ n t ʁ ɛ ç t ɪ k
einträchtig	a ɪ̯ n t ʁ ɛ ç t ɪ ç
einunddreißigfacher	a ɪ̯ n ʊ n t d ʁ a ɪ̯ s ɪ ç f a x ɐ
einunddreißigjähriger	a ɪ̯ n ʊ n t d ʁ a ɪ̯ s ɪ ç j ɛː ʁ ɪ ɡ ɐ
einundfünfzigfacher	a ɪ̯ n ʊ n t f ʏ n f t͡s ɪ ç f a x ɐ
einundfünfzigjähriger	a ɪ̯ n ʊ n t f ʏ n f t͡s ɪ ç j ɛː ʁ ɪ ɡ ɐ
einundsechzigfacher	a ɪ̯ n ʊ n t z ɛ ç t͡s ɪ ç f a x ɐ
einundsechzigjähriger	a ɪ̯ n ʊ n t z ɛ ç t͡s ɪ ç j ɛː ʁ ɪ ɡ ɐ
einundvierzigfacher	a ɪ̯ n ʊ n t f ɪ ɐ̯ t͡s ɪ ç f a x ɐ
einundvierzigjähriger	a ɪ̯ n ʊ n t f ɪ ɐ̯ t͡s ɪ ç j ɛː ʁ ɪ ɡ ɐ
einundzwanzigfacher	a ɪ̯ n ʊ n t t͡s v a n t͡s ɪ ç f a x ɐ
einundzwanzigjähriger	a ɪ̯ n ʊ n t t͡s v a n t͡s ɪ ç j ɛː ʁ ɪ ɡ ɐ
einverleiben	a ɪ̯ n f ɛ ɐ̯ l a ɪ̯ b n̩
einwecken	ʔ a ɪ̯ n v ɛ k ŋ̍
einweihen	ʔ a ɪ̯ n v a ɪ̯ n
einweisen	ʔ a ɪ̯ n v a ɪ̯ z n̩
einweisen	ʔ a ɪ̯ n v a ɪ̯ z ə n
einwerfen	ʔ a ɪ̯ n v ɛ ʁ f n̩
einzeln	a ɪ̯ n t͡s ə l n
einzelnd	ʔ a ɪ̯ n t͡s l̩ n t
einziehen	ʔ a ɪ̯ n t͡s iː n
einziehen	ʔ a ɪ̯ n t͡s iː ə̯ n
einzigartig	ʔ a ɪ̯ n t͡s ɪ k ʔ aː ɐ̯ tʰ ɪ k
einzigartig	ʔ a ɪ̯ n t͡s ɪ ç ʔ aː ɐ̯ tʰ ɪ ç
einzige	ʔ a ɪ n t s ɪ ɡ ə
einzugehen	ʔ a ɪ̯ n t s u ɡ eː ə n
einzuschätzen	ʔ a ɪ̯ n t͡s u ʃ ɛ t s n̩
einzäunen	a ɪ̯ n t͡s ɔ ɪ̯ n ə n
einölen	ʔ a ɪ̯ n ʔ øː l n̩
eisen	ʔ a ɪ̯ z n̩
eitel	ʔ a ɪ̯ t l̩
eitel	ʔ a ɪ̯ t ə l
eiweißreich	a ɪ̯ v a ɪ̯ s ʁ a ɪ̯ ç
ekeln	eː k l̩ n
ekeln	eː k ə l n
elendig	eː l ɛ n d ɪ k
elendig	eː l ɛ n d ɪ ç
elendige	eː l ɛ n d ɪ ɡ ə
elendigem	eː l ɛ n d ɪ ɡ ə m
elendigen	eː l ɛ n d ɪ ɡ n̩
elendigen	eː l ɛ n d ɪ ɡ ŋ̩
elendiger	eː l ɛ n d ɪ ɡ ɐ
elendiges	eː l ɛ n d ɪ ɡ ə s
elf	ʔ ɛ l f
emaillieren	ʔ e m a j iː ɐ̯ n
emergent	e m ɛ ʁ ɡ ɛ n t
emeritus	e m eː ʁ i t ʊ s
eminent	e m i n ɛ n t
empathogen	ɛ m p a t o ɡ eː n
empor	ʔ ɛ m p oː ɐ̯
emporfahren	ɛ m p oː ɐ̯ f aː ʁ ə n
emporhalten	ɛ m p oː ɐ̯ h a l t n̩
emporsteigen	ɛ m p oː ɐ̯ ʃ t a ɪ̯ ɡ n̩
emporwachsen	ɛ m p oː ɐ̯ v a k s n̩
enden	ʔ ɛ n d n̩
endlagern	ɛ n t l aː ɡ ɐ n
endogen	ɛ n d o ɡ eː n
endokrin	ɛ n d o k r iː n
enervieren	ʔ e n ɛ ʁ v iː ʁ ə n
enervieren	ʔ eː n ɛ ʁ v iː ʁ ə n
engelsgleich	ɛ ŋ l̩ s ɡ l a ɪ̯ ç
entblöden	ɛ n t b l øː d n̩
entblößen	ɛ n t b l øː s n̩
entdecken	ɛ n d ɛ k ŋ̍
entdecken	ɛ n d̥ ɛ k ŋ̍
entdecken	ɛ n t d̥ ɛ k ŋ̍
entdärmen	ɛ n t d ɛ ʁ m ə n
entehren	ɛ n t ʔ eː ʁ ə n
enteignen	ɛ n t ʔ a ɪ̯ ɡ n ə n
entfallen	ʔ ɛ n t f a l ə n
entfernen	ɛ n t f ɛ ɐ̯ n ə n
entfesseln	ʔ ɛ n t f ɛ s l̩ n
entfesseln	ʔ ɛ n t f ɛ s ə l n
entfeuchten	ɛ n t f ɔ ʏ̯ ç t ə n
entfeuchtet	ɛ n t f ɔ ɪ̯ ç t ə t
entfliehen	ʔ ɛ n t f l iː ə n
entfremden	ʔ ɛ n t f ʁ ɛ m d n̩
entfremden	ʔ ɛ n t f ʁ ɛ m d ə n
entfärben	ʔ ɛ n t f ɛ ɐ̯ b m̩
entfärben	ʔ ɛ n t f ɛ ɐ̯ b ə n
entfärben	ʔ ɛ n t f ɛ ʁ b m̩
entfärben	ʔ ɛ n t f ɛ ʁ b ə n
entführen	ʔ ɛ n t f yː ʁ ə n
entgegen	ʔ ɛ n t ɡ eː ɡ ŋ̩
entgegen	ʔ ɛ n t ɡ eː ɡ ə n
entgegenfiebern	ʔ ɛ n t ɡ eː ɡ n̩ f iː b ɐ n
entgegengehen	ʔ ɛ n t ɡ eː ɡ ə n ɡ eː n
entgegenhalten	ɛ n t ɡ eː ɡ ŋ̩ h a l t n̩
entgegenkommen	ʔ ɛ n t ɡ eː ɡ ə n k ɔ m ə n
entgegenkommen	ʔ ɛ n t ɡ eː ɡ ɛ n k ɔ m ɛ n
entgegennehmen	ʔ ɛ n t ɡ eː ɡ ŋ̩ n eː m ə n
entgegennehmen	ʔ ɛ n t ɡ eː ɡ ə n n eː m ə n
entgegenrufen	ʔ ɛ n t ɡ eː ɡ ə n ʁ uː f n̩
entgegenschlagen	ʔ ɛ n t ɡ eː ɡ ŋ̩ ʃ l aː ɡ ŋ̩
entgegenschlagen	ʔ ɛ n t ɡ eː ɡ ə n ʃ l aː ɡ ə n
entgegenschleudern	ʔ ɛ n t ɡ eː ɡ ŋ̩ ʃ l ɔ ɪ̯ d ɐ n
entgegenschlägt	ʔ ɛ n t ɡ eː ɡ ŋ̩ ʃ l ɛː k t
entgegenschlägt	ʔ ɛ n t ɡ eː ɡ ə n ʃ l ɛː k t
entgegenstellen	ɛ n t ɡ eː ɡ n̩ ʃ t ɛ l ə n
entgegenstellen	ɛ n t ɡ eː ɡ ŋ ʃ t ɛ l ə n
entgehen	ʔ ɛ n t ɡ eː n
entgeistert	ɛ n t ɡ a ɪ̯ s t ɐ t
entgelten	ɛ n t ɡ ɛ l t n̩
entgeltlich	ʔ ɛ n t ɡ ɛ l t l ɪ ç
entgleiten	ɛ n t ɡ l a ɪ̯ t n̩
enthalten	ʔ ɛ n t h a l t n̩
enthalten	ʔ ɛ n t h a l t ə n
enthemmen	ɛ n t h ɛ m ə n
enthemmt	ɛ n t h ɛ m t
enthüllen	ʔ ɛ n t h ʏ l n̩
enthüllen	ʔ ɛ n t h ʏ l ə n
entkalken	ɛ n t k a l k n̩
entkalken	ɛ n t k a l k ə n
entkernen	ɛ n t k ɛ ʁ n ə n
entkleiden	ɛ n t k l a ɪ̯ d n̩
entkolonisieren	ɛ n t k o l o n i z iː ʁ ə n
entkommen	ʔ ɛ n t k ɔ m ə n
entkoppeln	ɛ n t k ɔ p l̩ n
entkreuzigen	ɛ n t k ʁ ɔ ʏ t͡s ɪ ɡ n̩
entkräften	ɛ n t k ʁ ɛ f t n̩
entlanggehen	ɛ n t l a ŋ ɡ eː ə n
entlarven	ɛ n t l a ʁ f n̩
entlasten	ʔ ɛ n t l a s t ə n
entlauben	ɛ n t l a ʊ̯ b n̩
entlieben	ʔ ɛ n t l iː b ə n
entmachten	ɛ n t m a χ t n̩
entmagnetisieren	ɛ n t m a ɡ n e t i z iː ʁ ə n
entmilitarisieren	ɛ n t m i l i t a ʁ i z iː ʁ ə n
entmutigen	ʔ ɛ n t m uː tʰ ɪ ɡ ŋ̍
entnazifizieren	ɛ n t n a t͡s i f i t͡s iː ʁ ə n
entnehmen	ʔ ɛ n t n eː m ə n
entnerven	ʔ ɛ n t n ɛ ʁ f n̩
entomologisch	ɛ n t o m o l oː ɡ ɪ ʃ
entrichten	ʔ ɛ n tʰ ʁ ɪ ç t n̩
entrichten	ʔ ɛ n tʰ ʁ ɪ ç tʰ ə n
entriegeln	ɛ n t ʁ iː ɡ l̩ n
entrinnen	ɛ n t ʁ ɪ n ə n
entrümpeln	ɛ n t ʁ ʏ m p l̩ n
entrüsten	ɛ n t ʁ ʏ s t n̩
entsagen	ʔ ɛ n t z aː ɡ ŋ̩
entschleiern	ʔ ɛ n t ʃ l a ɪ̯ ɐ n
entschlussfreudigen	ɛ n t ʃ l ʊ s f ʁ ɔ ɪ̯ d ɪ ɡ n̩
entschlussfreudigen	ɛ n t ʃ l ʊ s f ʁ ɔ ɪ̯ d ɪ ɡ ŋ̩
entschlussfreudigste	ɛ n t ʃ l ʊ s f ʁ ɔ ɪ̯ d ɪ k s t ə
entschlussfreudigste	ɛ n t ʃ l ʊ s f ʁ ɔ ɪ̯ d ɪ ç s t ə
entschlussfreudigstem	ɛ n t ʃ l ʊ s f ʁ ɔ ɪ̯ d ɪ k s t ə m
entschlussfreudigstem	ɛ n t ʃ l ʊ s f ʁ ɔ ɪ̯ d ɪ ç s t ə m
entschlussfreudigsten	ɛ n t ʃ l ʊ s f ʁ ɔ ɪ̯ d ɪ k s t n̩
entschlussfreudigsten	ɛ n t ʃ l ʊ s f ʁ ɔ ɪ̯ d ɪ ç s t n̩
entschlussfreudigster	ɛ n t ʃ l ʊ s f ʁ ɔ ɪ̯ d ɪ k s t ɐ
entschlussfreudigster	ɛ n t ʃ l ʊ s f ʁ ɔ ɪ̯ d ɪ ç s t ɐ
entschlussfreudigstes	ɛ n t ʃ l ʊ s f ʁ ɔ ɪ̯ d ɪ k s t ə s
entschlussfreudigstes	ɛ n t ʃ l ʊ s f ʁ ɔ ɪ̯ d ɪ ç s t ə s
entschuldigen	ʔ ɛ n t ʃ ʊ l d ɪ ɡ n
entschuldigen	ʔ ɛ n t ʃ ʊ l d ɪ ɡ ə n
entschärfen	ʔ ɛ n t ʃ ɛ ɐ̯ f ə n
entschärfen	ʔ ɛ n t ʃ ɛ ɐ̯ f ɱ̩
entschärfen	ʔ ɛ n t ʃ ɛ ʁ f ə n
entschärfen	ʔ ɛ n t ʃ ɛ ʁ f ɱ̩
entsenden	ʔ ɛ n t z ɛ n d n̩
entsetzen	ʔ ɛ n t s ɛ t͡s n̩
entsetzen	ʔ ɛ n t z ɛ t͡s n̩
entsichern	ɛ n t z ɪ ç ɐ n
entsorgen	ɛ n t z ɔ ɐ̯ ɡ ŋ̩
entsorgen	ɛ n t z ɔ ʁ ɡ n̩
entspiegeln	ɛ n t ʃ p iː ɡ l̩ n
entsprechen	ʔ ɛ n t ʃ p ʁ ɛ ç ə n
entsprießen	ɛ n t ʃ p ʁ iː s n̩
entspringen	ʔ ɛ n t ʃ p ʁ ɪ ŋ ə n
entstaatlichen	ɛ n t ʃ t aː t l ɪ ç n̩
entstielen	ɛ n t ʃ t iː l ə n
entstören	ɛ n t ʃ t øː ʁ ə n
entsumpfen	ɛ n t z ʊ m p͡f n̩
enttarnen	ɛ n t t a ʁ n ə n
entwalden	ɛ n t v a l d n̩
entweichen	ʔ ɛ n t v a ɪ̯ ç n̩
entweichen	ʔ ɛ n t v a ɪ̯ ç ə n
entweihen	ɛ n t v a ɪ̯ ə n
entwerfen	ɛ n t v ɛ ʁ f n̩
entwerten	ʔ ɛ n t v eː ɐ̯ t n̩
entwinden	ɛ n t v ɪ n d n̩
entwurmen	ɛ n t v ʊ ʁ m ə n
entwurzelt	ɛ n t v ʊ ʁ t͡s l̩ t
entwässern	ɛ n t v ɛ s ɐ n
entwöhnen	ɛ n t v øː n ə n
entzaubern	ɛ n t t͡s a ʊ̯ b ɐ n
entzaubert	ɛ n t t͡s a ʊ̯ b ɐ t
entziehen	ʔ ɛ n t t s iː ə n
entzweibrechen	ɛ n t t͡s v a ɪ̯ b ʁ ɛ ç n̩
entzweigehen	ɛ n t t͡s v a ɪ̯ ɡ eː ə n
entzünden	ʔ ɛ n t t s ʏ n d n̩
entzünden	ʔ ɛ n t t s ʏ n d ə n
entäußern	ɛ n t ʔ ɔ ɪ̯ s ɐ n
enzymatisch	ɛ n t͡s y m aː t ɪ ʃ
epidemiologisch	e p i d e m i̯ o l oː ɡ ɪ ʃ
epigonal	e p i ɡ o n aː l
epilieren	ʔ e pʰ i l iː ɐ̯ n
epistemisch	e p ɪ s t eː m ɪ ʃ
epithelial	e p i t eː l i̯ aː l
er	ʔ eː ɐ̯
er	ʔ ɛ ɐ̯
erahnen	ʔ ɛ ɐ̯ ʔ aː n n
erahnen	ʔ ɛ ɐ̯ ʔ aː n ə n
erahnen	ʔ ɛ ʁ aː n n
erahnen	ʔ ɛ ʁ aː n ə n
erarbeiten	ʔ ɛ ʁ ʔ a ʁ b a ɪ̯ t n̩
erbeben	ɛ ɐ̯ b eː b n̩
erbetteln	ɛ ɐ̯ b ɛ t l̩ n
erbeuten	ɛ ɐ̯ b ɔ ɪ̯ t n̩
erbleichen	ɛ ɐ̯ b l a ɪ̯ ç n̩
erblicken	ɛ ɐ̯ b l ɪ k n̩
erblonden	ɛ ɐ̯ b l ɔ n d n̩
erblühen	ɛ ɐ̯ b l yː ə n
erbosen	ɛ ɐ̯ b oː z n̩
erbracht	e ɐ̯ b r a x t
erbracht	e ɐ̯ b r aː x t
erbrechen	ɛ ɐ̯ b ʁ ɛ ç n̩
erbrechen	ɛ ɐ̯ b ʁ ɛ ç ə n
erbringen	ʔ ɛ ɐ̯ b ʁ ɪ ŋ ə n
erbrüten	ʔ ɛ ɐ̯ b ʁ yː t n̩
erbrüten	ʔ ɛ ɐ̯ b ʁ yː t ə n
erbrütet	ʔ ɛ ɐ̯ b ʁ yː t ə t
erden	ʔ eː ɐ̯ d n̩
erdig	ʔ eː ɐ̯ d ɪ k
erdig	ʔ eː ɐ̯ d ɪ ç
erdreisten	ɛ ɐ̯ d ʁ a ɪ̯ s t n̩
ereignen	ʔ ɛ ɐ̯ ʔ a ɪ̯ ɡ n ə n
ereignisorientiert	ɛ ɐ̯ ʔ a ɪ̯ ɡ n ɪ s ʔ o ʁ i̯ ɛ n t iː ɐ̯ t
ereignisorientiert	ɛ ɐ̯ ʔ a ɪ̯ ɡ n ɪ s ʔ ɔ ʁ i̯ ɛ n t iː ɐ̯ t
ereignisorientierte	ɛ ɐ̯ ʔ a ɪ̯ ɡ n ɪ s ʔ o ʁ i̯ ɛ n t iː ɐ̯ t ə
ereignisorientierte	ɛ ɐ̯ ʔ a ɪ̯ ɡ n ɪ s ʔ ɔ ʁ i̯ ɛ n t iː ɐ̯ t ə
ereignisorientiertem	ɛ ɐ̯ ʔ a ɪ̯ ɡ n ɪ s ʔ o ʁ i̯ ɛ n t iː ɐ̯ t ə m
ereignisorientiertem	ɛ ɐ̯ ʔ a ɪ̯ ɡ n ɪ s ʔ ɔ ʁ i̯ ɛ n t iː ɐ̯ t ə m
ereignisorientierten	ɛ ɐ̯ ʔ a ɪ̯ ɡ n ɪ s ʔ o ʁ i̯ ɛ n t iː ɐ̯ t n̩
ereignisorientierten	ɛ ɐ̯ ʔ a ɪ̯ ɡ n ɪ s ʔ ɔ ʁ i̯ ɛ n t iː ɐ̯ t n̩
ereignisorientierter	ɛ ɐ̯ ʔ a ɪ̯ ɡ n ɪ s ʔ o ʁ i̯ ɛ n t iː ɐ̯ t ɐ
ereignisorientierter	ɛ ɐ̯ ʔ a ɪ̯ ɡ n ɪ s ʔ ɔ ʁ i̯ ɛ n t iː ɐ̯ t ɐ
ereignisorientiertes	ɛ ɐ̯ ʔ a ɪ̯ ɡ n ɪ s ʔ o ʁ i̯ ɛ n t iː ɐ̯ t ə s
ereignisorientiertes	ɛ ɐ̯ ʔ a ɪ̯ ɡ n ɪ s ʔ ɔ ʁ i̯ ɛ n t iː ɐ̯ t ə s
ererbt	ʔ ɛ ɐ̯ ʔ ɛ ɐ̯ p t
erfassen	ʔ ɛ ɐ̯ f a s n̩
erfassen	ʔ ɛ ɐ̯ f a s ə n
erfasst	ʔ ɛ ɐ̯ f a s t
erfinden	ʔ ɛ ɐ̯ f ɪ n d n̩
erflehen	ɛ ɐ̯ f l eː ə n
erfließen	ɛ ɐ̯ f l iː s n̩
erfolgen	ʔ ɛ ɐ̯ f ɔ l ɡ ŋ̩
erfolgen	ʔ ɛ ɐ̯ f ɔ l ɡ ə n
erfordert	ʔ ɛ ɐ̯ f ɔ ɐ̯ d ɐ t
erforderte	ʔ ɛ ɐ̯ f ɔ ɐ̯ d ɐ t ə
erfreuen	ʔ ɛ ɐ̯ f ʁ ɔ ʏ̯ n
erfrieren	ɛ ɐ̯ f ʁ iː ʁ ə n
erfrischen	ɛ ɐ̯ f ʁ ɪ ʃ n̩
erfüllen	ʔ ɛ ɐ̯ f ʏ l ə n
ergriffen	ɛ ɐ̯ ɡ ʁ ɪ f n̩
ergriffen	ɛ ʁ ɡ ʁ ɪ f ə n
ergründen	ɛ ɐ̯ ɡ ʁ ʏ n d n̩
ergänzen	ɛ ɐ̯ ɡ ɛ n t s ə n
ergötzen	ʔ ɛ ɐ̯ ɡ œ t͡s n̩
erhaben	ʔ ɛ ɐ̯ h aː b m̩
erhalten	ʔ ɛ ɐ̯ h a l t n̩
erheben	ʔ ɛ ʁ h eː b n̩
erheischen	ɛ ɐ̯ h a ɪ̯ ʃ n̩
erheitern	ɛ ɐ̯ h a ɪ̯ t ɐ n
erhellen	ʔ ɛ ɐ̯ h ɛ l n̩
erhitzen	ʔ ɛ ɐ̯ h ɪ t s n̩
erhitzen	ʔ ɛ ɐ̯ h ɪ t s ə n
erhoffen	ʔ ɛ ʁ h ɔ f ə n
erholen	ʔ ɛ ɐ̯ h oː l n̩
erholen	ʔ ɛ ɐ̯ h oː l ə n
erhorchen	ɛ ɐ̯ h ɔ ʁ ç n̩
erhärten	ʔ ɛ ʁ h ɛ ʁ t n̩
erhöhen	ʔ ɛ ʁ h øː ə n
erinnern	ʔ ɛ ɐ̯ ʁ ɪ n ɐ n
erinnern	ʔ ɛ ɐ̯ ʔ ɪ n ɐ n
erkalten	ʔ ɛ ɐ̯ k a l t n̩
erkenntlich	ɛ ɐ̯ k ɛ n t l ɪ ç
erklimmen	ʔ ɛ ɐ̯ k l ɪ m n̩
erklärend	ɛ ɐ̯ k l ɛː ʁ ə n t
erklärender	ɛ ɐ̯ k l ɛː ʁ n̩ d ɐ
erklärendsten	ɛ ɐ̯ k l ɛː ʁ n̩ t͡s t ə n
erkranken	ʔ ɛ ɐ̯ k ʁ a ŋ k n̩
erkranken	ʔ ɛ ɐ̯ k ʁ a ŋ k ŋ̩
erkranken	ʔ ɛ ɐ̯ k ʁ a ŋ k ə n
erkunden	ɛ ɐ̯ k ʊ n d n̩
erkälten	ʔ ɛ ɐ̯ k ɛ l t ə n
erkämpfen	ɛ ɐ̯ k ɛ m p͡f n̩
erküren	ɛ ɐ̯ k yː ʁ ə n
erlahmen	ɛ ɐ̯ l aː m ə n
erlahmen	ɛ ɐ̯ l aː mː
erlauben	ʔ æ ɫ ɑ ɔ b m̩
erlauben	ʔ ɛ ɐ̯ l a ʊ̯ b m̩
erlauben	ʔ ɛ ɐ̯ l a ʊ̯ b n̩
erlauben	ʔ ɛ ɐ̯ l a ʊ̯ b ə n
erlaubt	ɛ ɐ̯ l a ʊ̯ p t
erledigen	ʔ ɛ ɐ̯ l eː d ɪ ɡ ŋ̩
erledigen	ʔ ɛ ɐ̯ l eː d ɪ ɡ ə n
erledigt	ɛ ɐ̯ l eː d ɪ k t
erledigt	ɛ ɐ̯ l eː d ɪ ç t
erleiden	ɛ ɐ̯ l a ɪ̯ d n̩
erlernen	ɛ ɐ̯ l ɛ ʁ n ə n
erleschen	ɛ ɐ̯ l ɛ ʃ n̩
erliegen	ʔ ɛ ɐ̯ l iː ɡ ə n
erlitt	ɛ ɐ̯ l ɪ t
erläutern	ʔ ɛ ɐ̯ l ɔ ʏ̯ tʰ ɐ n
erlöschen	ɛ ɐ̯ l œ ʃ n̩
erlösen	ʔ ɛ ɐ̯ l øː z n̩
erlösen	ʔ ɛ ɐ̯ l øː z ə n
erlügen	ɛ ɐ̯ l yː ɡ n̩
ermahnen	ɛ ɐ̯ m aː n ə n
ermangeln	ɛ ɐ̯ m a ŋ l̩ n
ermannen	ɛ ɐ̯ m a n ə n
ermatten	ɛ ɐ̯ m a t n̩
ermitteln	ʔ ɛ ʁ m ɪ t ə l n
ermittlungsgegenständlich	ʔ ɛ ɐ̯ m ɪ t l ʊ ŋ s ɡ eː ɡ ŋ̩ ʃ t ɛ n t l ɪ ç
ermuntern	ɛ ɐ̯ m ʊ n t ɐ n
ermutigen	ʔ ɛ ɐ̯ m uː tʰ i ɡ ŋ̍
ermöglichen	ɛ ɐ̯ m øː k l ɪ ç n̩
ermüden	ɛ ɐ̯ m yː d n̩
ernten	ʔ ɛ ʁ n t n̩
erobern	ʔ ɛ ɐ̯ ʔ oː b ɐ n
erogen	e ʁ o ɡ eː n
erpressen	ʔ ɛ ɐ̯ p ʁ ɛ s n̩
erproben	ʔ ɛ ʁ p ʁ oː b ə n
erraten	ʔ ɛ ɐ̯ ʁ aː t n̩
erregen	ʔ ɛ ʁ eː ɡ ŋ̍
erreichen	ʔ ɛ ɐ̯ ʁ a ɪ̯ ç ə n
errichten	ʔ ɛ ʁ ɪ ç t n̩
errungen	ɛ ɐ̯ ʁ ʊ ŋ ə n
ers	ʔ eː ɐ̯ s
ers	ʔ ɛ ɐ̯ s
ersaufen	ɛ ɐ̯ z a ʊ̯ f n̩
erschaffen	ʔ ɛ ɐ̯ ʃ a f n̩
erschallen	ʔ ɛ ɐ̯ ʃ a l n̩
erschallen	ʔ ɛ ɐ̯ ʃ a l ə n
erschleichen	ɛ ɐ̯ ʃ l a ɪ̯ ç n̩
erschließen	ʔ ɛ ɐ̯ ʃ l iː s n̩
erschließen	ʔ ɛ ɐ̯ ʃ l iː s ə n
erschrecken	ɛ ɐ̯ ʃ ʁ ɛ k ŋ̍
erschrecken	ɛ ɐ̯ ʃ ʁ ɛ k ə n
erschwindelt	ɛ ɐ̯ ʃ v ɪ n d l̩ t
erschwindelte	ɛ ɐ̯ ʃ v ɪ n d l̩ t ə
erschöpfen	ʔ ɛ ɐ̯ ʃ œ p f n̩
erschüttern	ɛ ɐ̯ ʃ ʏ t ɐ n
ersehen	ɛ ɐ̯ z eː ə n
ersehnen	ɛ ɐ̯ z eː n ə n
ersitzen	ɛ ɐ̯ s i t s n̩
ersitzen	ɛ ɐ̯ z ɪ t s n̩
ersparen	ɛ ɐ̯ ʃ p aː ʁ ə n
erst	ʔ eː ɐ̯ s t
erst	ʔ ɛ ɐ̯ s t
erstarren	ʔ ɛ ɐ̯ ʃ t a ʁ ə n
erstaunen	ʔ ɛ ɐ̯ ʃ t a ʊ̯ n ə n
erste	ʔ eː ɐ̯ s t ə
erste	ʔ ɛ ɐ̯ s t ə
erstellen	ʔ ɛ ɐ̯ ʃ t ɛ l n̩
erster	ʔ ɛ ɐ̯ s t ɐ
ersterben	ɛ ɐ̯ ʃ t ɛ ʁ b n̩
erstere	ʔ ɛ ɐ̯ s t ə ʁ ɐ
ersticken	ʔ ɛ ɐ̯ ʃ t ɪ k ŋ̍
erstinken	ɛ ɐ̯ ʃ t ɪ ŋ k n̩
erstürmen	ɛ ɐ̯ ʃ t ʏ ʁ m ə n
ersäufen	ɛ ɐ̯ z ɔ ɪ̯ f n̩
ertanzen	ɛ ɐ̯ t a n t͡s n̩
erteilen	ɛ ɐ̯ t a ɪ̯ l ə n
ertragen	ʔ ɛ ɐ̯ t ʁ aː ɡ ŋ̩
ertränken	ɛ r t r ɛ ŋ k n̩
ertränken	ɛ r t r ɛ ŋ k ə n
ertränken	ɛ ɐ̯ t r ɛ ŋ k n̩
ertränken	ɛ ɐ̯ t r ɛ ŋ k ə n
ertränken	ɛ ɐ̯ t ʁ ɛ ŋ k n̩
ertränken	ɛ ɐ̯ t ʁ ɛ ŋ k ə n
ertränken	ɛ ʁ t ʁ ɛ ŋ k n̩
ertränken	ɛ ʁ t ʁ ɛ ŋ k ə n
erträumen	ɛ ɐ̯ t ʁ ɔ ɪ̯ m ə n
ertüchtigen	ɛ ɐ̯ t ʏ ç t ɪ ɡ n̩
eruieren	e ʁ u iː ʁ ə n
erwecken	ʔ ɛ ɐ̯ v ɛ k ŋ̍
erwehren	ɛ ɐ̯ v eː ʁ ə n
erweichen	ɛ ɐ̯ v a ɪ̯ ç n̩
erwerben	ɛ ɐ̯ v ɛ ɐ̯ b m̩
erwerben	ɛ ɐ̯ v ɛ ɐ̯ b ə n
erwerben	ɛ ɐ̯ v ɛ ʁ b ə n
erwerbstätig	ɛ ɐ̯ v ɛ ʁ p s t ɛː t ɪ ç
erwerbsunfähig	ɛ ɐ̯ v ɛ ʁ p s ʔ ʊ n f ɛː ɪ k
erwerbsunfähig	ɛ ɐ̯ v ɛ ʁ p s ʔ ʊ n f ɛː ɪ ç
erwidern	ʔ ɛ ɐ̯ v iː d ɐ n
erwidert	ɛ ɐ̯ v iː d ɐ t
erwirtschaften	ʔ ɛ ʁ v ɪ ʁ t ʃ a f t n̩
erwischen	ɛ ɐ̯ v ɪ ʃ n̩
erwischen	ɛ ʁ v ɪ ʃ ə n
erwähnen	ʔ ɛ ɐ̯ v ɛː n ə n
erwärmen	ʔ ɛ ɐ̯ v ɛ ɐ̯ m n̩
erwünschen	ɛ ɐ̯ v ʏ n ʃ n̩
erwürgen	ʔ ɛ ɐ̯ v ʏ ɐ̯ ɡ ŋ̍
erzeugen	ʔ ɛ ɐ̯ t s ɔ ʏ̯ ɡ ŋ̩
erzeugen	ʔ ɛ ɐ̯ t s ɔ ʏ̯ ɡ ə n
erziehen	ʔ ɛ ɐ̯ t s iː n
erziehen	ʔ ɛ ɐ̯ t s iː ə n
erzwingen	ʔ ɛ ɐ̯ t s v ɪ ŋ ə n
erzählende	ɛ ɐ̯ t͡s ɛː l ə n d ə
erzürnen	ɛ ɐ̯ t͡s ʏ ʁ n ə n
erzürnt	ɛ ɐ̯ t͡s ʏ ʁ n t
espen	ʔ ɛ s p m̩
espen	ʔ ɛ s p ə n
essen	ʔ ɛ s n̩
essigsaure	ɛ s ɪ k z a ʊ̯ ʁ ə
essigsaure	ɛ s ɪ ç z a ʊ̯ ʁ ə
essigsaurem	ɛ s ɪ k z a ʊ̯ ʁ ə m
essigsaurem	ɛ s ɪ ç z a ʊ̯ ʁ ə m
essigsauren	ɛ s ɪ k z a ʊ̯ ʁ ə n
essigsauren	ɛ s ɪ ç z a ʊ̯ ʁ ə n
essigsaurer	ɛ s ɪ k z a ʊ̯ ʁ ɐ
essigsaurer	ɛ s ɪ ç z a ʊ̯ ʁ ɐ
essigsaures	ɛ s ɪ k z a ʊ̯ ʁ ə s
essigsaures	ɛ s ɪ ç z a ʊ̯ ʁ ə s
etablieren	ʔ e t a b l iː ʁ ə n
etliche	ɛ t l ɪ ç ə
etruskisch	e t ʁ ʊ s k ɪ ʃ
etwaig	ɛ t v a ɪ̯ k
etwaig	ɛ t v a ɪ̯ ç
etwaig	ɛ t v aː ɪ̯ k
etwaig	ɛ t v aː ɪ̯ ç
etymologisieren	ɛ t y m o l o ɡ i z iː ʁ ə n
euersgleichen	o ɪ̯ ɐ s ɡ l a ɪ̯ ç ə n
euersgleichen	o ɪ̯ ə ʁ s ɡ l a ɪ̯ ç ə n
euploid	ɔ ɪ̯ p l o ʔ iː t
eurasisch	ɔ ʏ̯ ʁ aː z ɪ ʃ
eurerseits	ɔ ɪ̯ ʁ ɐ z a ɪ̯ t͡s
euresgleichen	o ɪ̯ ɐ s ɡ l a ɪ̯ ç ə n
euresgleichen	o ɪ̯ ʁ ə s ɡ l a ɪ̯ ç ə n
europäisch	ʔ ɔ ʏ̯ ʁ o pʰ ɛː ɪ̯ ʃ
eurytherm	ɔ ɪ̯ ʁ y t ɛ ʁ m
evident	e v i d ɛ n t
exaktesten	ɛ k s a k t ə s t n̩
exen	ʔ ɛ k s n̩
exhumieren	ɛ k s h u m iː ʁ ə n
exogam	ɛ k s o ɡ aː m
exogen	ɛ k s o ɡ eː n
expert	ɛ k s p ɛ ʁ t
explizit	ʔ ɛ k s p l i t s ɪ tʰ
explosionsfähigen	ɛ k s p l o z i̯ oː n s f ɛː ɪ ɡ n̩
explosionsfähigen	ɛ k s p l o z i̯ oː n s f ɛː ɪ ɡ ŋ̩
exponieren	ɛ k s p o n iː ʁ ə n
exportieren	ʔ ɛ k s p ɔ ɐ̯ tʰ iː ɐ̯ n
extemporieren	ʔ ɛ k s t ɛ m p o ʁ iː ɐ̯ n
extensiv	ɛ k s t ɛ n z iː f
exterritorial	ɛ k s t ɛ ʁ i t o ʁ i̯ aː l
extratemporal	ɛ k s t ʁ a t ɛ m p o ʁ aː l
exzessiv	ɛ k s t͡s ɛ s iː f
fabelhaft	f aː b l̩ h a f tʰ
fachsimpeln	f a χ z ɪ m p l̩ n
fackeln	f a k l̩ n
fahnenflüchtig	f aː n ə n f l ʏ ç t ɪ k
fahnenflüchtig	f aː n ə n f l ʏ ç t ɪ ç
fahnenflüchtiger	f aː n ə n f l ʏ ç t ɪ ɡ ɐ
fahrbar	f aː ɐ̯ b aː ɐ̯
fahren	f aː n
fahren	f aː ɐ̯ n
fahren	f aː ɐ̯ ə n
fahren	f aː ʁ ə n
fahrend	f äː n t
fahrend	f äː ɐ n t
fahrend	f äː ʁ ə n t
fahrt	f aː t
fahrt	f aː ɐ̯ t
fahrt	f aː ʁ t
fair	f eː ɐ̯
fair	f ɛ ɐ̯
fair	f ɛː ɐ̯
fallweise	f a l v a ɪ̯ z ə
falsch	f ä l t ʃ
falsch	f ä l ʃ
falschspielen	f a l ʃ ʃ p iː l ə n
falzen	f a l t s n̩
fangen	f a ŋ ŋ̩
fangen	f a ŋ ə n
fantastisch	f a n t a s t ɪ ʃ
farbig	f a ɐ̯ b ɪ ç
fasennackend	f aː z n̩ n a k n̩ t
fasennackend	f aː z ə n n a k ə n t
fasste	f a s t ə
fassten	f a s t n̩
fasstest	f a s t ə s t
fasstet	f a s t ə t
fauchen	f a ʊ̯ x n̩
fauchen	f a ʊ̯ x ə n
faulenzen	f a ʊ̯ l ɛ n t s ə n
faustdick	f a ʊ̯ s t d ɪ k
fegen	f eː ɡ ŋ̍
fehlen	f eː l n̩
fehlerhaft	f eː l ɐ h a f t
fehlleiten	f eː l l a ɪ̯ t n̩
fehlsam	f eː l z a m
fehlsam	f eː l z aː m
fehlschlagen	f eː l ʃ l aː ɡ n̩
feiern	f a ɪ̯ ɐ n
feil	f a ɪ̯ l
feilen	f a ɪ̯ l ə n
feilhalten	f a ɪ̯ l h a l t n̩
feilschen	f a ɪ̯ l ʃ n̩
feixen	f a ɪ̯ k s n̩
feldgrau	f ɛ l t ɡ ʁ a ʊ̯
ferial	f e ʁ i̯ aː l
fernab	f ɛ ʁ n ʔ a p
fernsehen	f ɛ ɐ̯ n z eː n
fernsehen	f ɛ ʁ n z eː n
fertig	f ɛ d ɪ ç
fertig	f ɛ r t i k
fertig	f ɛ ɐ̯ t i k
fertig	f ɛ ɐ̯ t ɪ ç
fertig	f ɛ ɾ ɪ ç
fertig	f ɛ ʁ t ɪ ç
fertig	f ɛː d ɪ ç
fertiggestellt	f ɛ ʁ t ɪ ç ɡ ə ʃ t ɛ l t
fertigstellen	f ɛ ʁ t ɪ ç ʃ t ɛ l ə n
fesch	f ɛ ʃ
fesseln	f ɛ s l̩ n
fesseln	f ɛ s ə l n
festbacken	f ɛ s t b a k n̩
festen	f ɛ s t n̩
festfahren	f ɛ s t f aː ʁ ə n
festfragen	f ɛ s t f r̺ aː ɡ ŋ̩
festgebacken	f ɛ s t ɡ ə b a k n̩
festgefahren	f ɛ s t ɡ ə f aː ʁ ə n
festgefahrene	f ɛ s t ɡ ə f aː ʁ ə n ə
festgefahrener	f ɛ s t ɡ ə f aː ʁ ə n ɐ
festgefahrensten	f ɛ s t ɡ ə f aː ʁ ə n s t n̩
festgekettet	f ɛ s t ɡ ə k ɛ t ə t
festhalten	f ɛ s t h a l t n̩
festhalten	f ɛ s t h a l t ə n
festketten	f ɛ s t k ɛ t n̩
festklammern	f ɛ s t k l a m ɐ n
festklammernd	f ɛ s t k l a m ɐ n t
festnageln	f ɛ s t n aː ɡ l̩ n
festnehmen	f ɛ s t n eː m ə n
festquatschen	f ɛ s t k v a t͡ʃ n̩
festschrauben	f ɛ s t ʃ ʁ a ʊ̯ b n̩
festschreiben	f ɛ s t ʃ ʁ a ɪ̯ b ə n
feststehen	f ɛ s t ʃ t eː ə n
feststellen	f ɛ s t ʃ t ɛ l n
fetal	f e t aː l
fetter	f ɛ t ɐ
fettleibig	f ɛ t l a ɪ̯ b ɪ k
fettleibig	f ɛ t l a ɪ̯ b ɪ ç
fetz	f ɛ t s
fetzen	f ɛ t s n̩
ficken	f ɪ k ŋ̩
ficken	f ɪ k ə n
fidele	f i d eː l ə
fidelem	f i d eː l ə m
fideles	f i d eː l ə s
fiedeln	f iː d l̩ n
fiktiv	f ɪ k t iː f
finden	f ɪ n d n̩
finden	f ɪ n d ə n
fingerbreit	f ɪ ŋ ɐ b ʁ a ɪ̯ t
fingerfertigen	f ɪ ŋ ɐ f ɛ ʁ t ɪ ɡ n̩
fingerfertigen	f ɪ ŋ ɐ f ɛ ʁ t ɪ ɡ ŋ̩
fingerfertigste	f ɪ ŋ ɐ f ɛ ʁ t ɪ k s t ə
fingerfertigste	f ɪ ŋ ɐ f ɛ ʁ t ɪ ç s t ə
fingerfertigstem	f ɪ ŋ ɐ f ɛ ʁ t ɪ k s t ə m
fingerfertigstem	f ɪ ŋ ɐ f ɛ ʁ t ɪ ç s t ə m
fingerfertigsten	f ɪ ŋ ɐ f ɛ ʁ t ɪ k s t n̩
fingerfertigsten	f ɪ ŋ ɐ f ɛ ʁ t ɪ ç s t n̩
fingerfertigster	f ɪ ŋ ɐ f ɛ ʁ t ɪ k s t ɐ
fingerfertigster	f ɪ ŋ ɐ f ɛ ʁ t ɪ ç s t ɐ
fingerfertigstes	f ɪ ŋ ɐ f ɛ ʁ t ɪ k s t ə s
fingerfertigstes	f ɪ ŋ ɐ f ɛ ʁ t ɪ ç s t ə s
fingern	f ɪ ŋ ɐ n
fingieren	f ɪ ŋ ɡ iː ɐ̯ n
firn	f ɪ ʁ n
fischartig	f ɪ ʃ aː ɐ̯ tʰ ɪ k
fischartig	f ɪ ʃ aː ɐ̯ tʰ ɪ ç
fischen	f ɪ ʃ n̩
fisseln	f ɪ z l̩ n
fisseln	f ɪ z ə l n
fisten	f ɪ s t n̩
fix	f ɪ k s
fixe	f ɪ k s ə
fixem	f ɪ k s m̩
fixem	f ɪ k s ə m
fixen	f ɪ k s n̩
fixen	f ɪ k s ə n
fixer	f ɪ k s ɐ
fixere	f ɪ k s ə ʁ ə
fixeren	f ɪ k s ə ʁ ə n
fixeres	f ɪ k s ə ʁ ə s
fixes	f ɪ k s ə s
fixestes	f ɪ k s ɛ s t ə s
flachlegen	f l a χ l eː ɡ n̩
flachlegen	f l a χ l eː ɡ ŋ̩
flagrant	f l a ɡ ʁ a n t
flamboyant	f l ã b o̯ a j a n t
flanellen	f l a n ɛ l ə n
flanieren	f l a n iː ɐ̯ n
flankieren	f l a ŋ kʰ iː ɐ̯ n
fleischfressend	f l a ɪ̯ ʃ f ʁ ɛ s n̩ t
flennen	f l ɛ n ə n
fleuchen	f l ɔ ɪ̯ ç n̩
fleuchen	f l ɔ ɪ̯ ç ə n
flicken	f l ɪ k ə n
fliederfarben	f l iː d ɐ f a ʁ b n̩
fließ	f l iː s
fließe	f l iː s ə
flinke	f l ɪ ŋ k ə
flippen	f l ɪ p m̩
flippen	f l ɪ p n
flippen	f l ɪ p ə n
flirten	f l œ ʁ t n̩
flockigen	f l ɔ k ɪ ɡ n̩
flockigen	f l ɔ k ɪ ɡ ŋ̩
flockigste	f l ɔ k ɪ k s t ə
flockigste	f l ɔ k ɪ ç s t ə
flockigstem	f l ɔ k ɪ k s t ə m
flockigstem	f l ɔ k ɪ ç s t ə m
flockigster	f l ɔ k ɪ k s t ɐ
flockigster	f l ɔ k ɪ ç s t ɐ
flockigstes	f l ɔ k ɪ k s t ə s
flockigstes	f l ɔ k ɪ ç s t ə s
florid	f l o ʁ iː t
flugtauglich	f l uː k t a ʊ̯ k l ɪ ç
fluppen	f l ʊ p m̩
fluppen	f l ʊ p ə n
fluvial	f l u v i̯ aː l
flächengleich	f l ɛ ç ə n ɡ l a ɪ̯ ç
flächenmäßig	f l ɛ ç n̩ m ɛː s ɪ ç
flächsern	f l ɛ k s ɐ n
flöten	f l øː t n̩
flöten	f l øː t ə n
flößen	f l øː s n̩
flüchten	f l ʏ ç t n̩
flügeln	f l yː ɡ l̩ n
flüssig	f l ʏ s ɪ k
flüssig	f l ʏ s ɪ ç
fokussieren	f o kʰ ʊ s iː ɐ̯ n
folgenschwer	f ɔ l ɡ n̩ ʃ v eː ɐ̯
folgenschwer	f ɔ l ɡ ŋ̩ ʃ v eː ɐ̯
folgenschwerer	f ɔ l ɡ n̩ ʃ v eː ʁ ɐ
folgenschwersten	f ɔ l ɡ n̩ ʃ v eː ɐ̯ s t n̩
foltern	f ɔ l t ɐ n
foppen	f ɔ p m̩
foppen	f ɔ p ə n
forcieren	f ɔ ɐ̯ s iː ɐ̯ n
fordern	f ɔ ɐ̯ d ɐ n
fordert	f ɔ ɐ̯ d ɐ t
forderte	f ɔ ɐ̯ d ɐ t ə
formalisierte	f ɔ ʁ m a l i z iː ɐ̯ t ə
formatieren	f ɔ ɐ̯ m a t iː ɐ̯ n
formen	f ɔ ʁ m n̩
formidabel	f ɔ ʁ m i d aː b l̩
forsch	f ɔ ɐ̯ ʃ
forsch	f ɔ ʁ ʃ
fort	f ɔ ɐ̯ t
fortbestehen	f ɔ ʁ t b ə ʃ t eː ə n
fortbewegen	f ɔ ʁ t b ə v eː ɡ n̩
fortbewegt	f ɔ ʁ t b ə v eː ɡ t
fortbilden	f ɔ ʁ t b ɪ l d n̩
fortgeben	f ɔ ʁ t ɡ eː b ə n
fortgefahren	f ɔ ʁ t ɡ ə f aː ʁ ə n
fortgeschrieben	f ɔ ʁ t ɡ ə ʃ ʁ iː b ə n
fortgeschritten	f ɔ ɐ̯ t ɡ ə ʃ ʁ ɪ t n̩
fortkommen	f ɔ ɐ̯ t k ɔ m ə n
fortleben	f ɔ ʁ t l eː b n̩
forträumen	f ɔ ɐ̯ t ʁ ɔ ɪ̯ m ə n
forträumen	f ɔ ɐ̯ t ʁ ɔ ɪ̯ m ɛ n
fortschleifen	f ɔ ʁ t ʃ l a ɪ̯ f n̩
fortschreiben	f ɔ ʁ t ʃ ʁ a ɪ̯ b ə n
fortsetzen	f ɔ ʁ t z ɛ t͡s n̩
fortspülen	f ɔ ʁ t ʃ p yː l ə n
fortwerfen	f ɔ ʁ t v ɛ ʁ f n̩
foudroyant	f u d r o̯ a j a n t
fragen	f ʁ aː ɡ ŋ̩
frankiert	f ʁ a ŋ k iː ɐ̯ t
französisieren	f ʁ a n t͡s ø z i z iː ʁ ə n
frauenfeindlich	f ʁ a ʊ̯ ə n f a ɪ̯ n t l ɪ ç
fraß	f ʁ aː s
freakig	f ʁ iː k ɪ k
freakig	f ʁ iː k ɪ ç
freakigen	f ʁ iː k ɪ ɡ n̩
freakigen	f ʁ iː k ɪ ɡ ŋ̩
freakigste	f ʁ iː k ɪ k s t ə
freakigste	f ʁ iː k ɪ ç s t ə
freakigstem	f ʁ iː k ɪ k s t ə m
freakigstem	f ʁ iː k ɪ ç s t ə m
freakigsten	f ʁ iː k ɪ k s t n̩
freakigsten	f ʁ iː k ɪ ç s t n̩
freakigster	f ʁ iː k ɪ k s t ɐ
freakigster	f ʁ iː k ɪ ç s s t ɐ
freakigstes	f ʁ iː k ɪ k s t ə s
freakigstes	f ʁ iː k ɪ ç s t ə s
freiburgisch	f ʁ a ɪ̯ b ʊ ʁ ɡ ɪ ʃ
freie	f ʁ a ɪ̯ ə
freien	f ʁ a ɪ̯ n̩
freien	f ʁ a ɪ̯ ə n
freigeben	f ʁ a ɪ ɡ eː b ə n
freigetestet	f ʁ a ɪ̯ ɡ ɛ t ɛ s t ə t
freihaben	f r a ɪ̯ h aː b n̩
freikommen	f ʁ a ɪ̯ k ɔ m ə n
freilassen	f ʁ a ɪ̯ l a s n̩
freisetzen	f ʁ a ɪ̯ z ɛ t s n̩
freisprechen	f ʁ a ɪ ʃ p ʁ ɛ ç ə n
freistellen	f ʁ a ɪ̯ ʃ t ɛ l ə n
fremdeln	f r ɛ m d l̩ n
fremdeln	f r ɛ m d ə l n
frequent	f ʁ e k v ɛ n t
freundlicherweise	f ʁ ɔ ɪ̯ n t l ɪ ç ɐ v a ɪ̯ z ə
friedensbewegt	f ʁ iː d n̩ s b ə v eː k t
friedensbewegt	f ʁ iː d n̩ s b ə v eː ç t
friemeln	f ʁ iː m l̩ n
frieren	f ʁ i ɐ̯ n
frieren	f ʁ iː ɐ n
frieren	f ʁ iː ɐ̯ n
frieren	f ʁ iː ʁ ə n
frigid	f ʁ i ɡ iː t
frigide	f ʁ i ɡ iː d ə
frikativ	f ʁ i k a t iː f
frischen	f ʁ ɪ ʃ n̩
frittieren	f ʁ ɪ tʰ iː ɐ̯ n
frohe	f ʁ oː ə
frohsinnig	f ʁ oː z ɪ n ɪ k
frohsinnig	f ʁ oː z ɪ n ɪ ç
frohsinnigen	f ʁ oː z ɪ n ɪ ɡ n̩
frohsinnigen	f ʁ oː z ɪ n ɪ ɡ ŋ̩
frohsinnigste	f ʁ oː z ɪ n ɪ k s t ə
frohsinnigste	f ʁ oː z ɪ n ɪ ç s t ə
frohsinnigstem	f ʁ oː z ɪ n ɪ k s t ə m
frohsinnigstem	f ʁ oː z ɪ n ɪ ç s t ə m
frohsinnigsten	f ʁ oː z ɪ n ɪ k s t n̩
frohsinnigsten	f ʁ oː z ɪ n ɪ ç s t n̩
frohsinnigster	f ʁ oː z ɪ n ɪ k s t ɐ
frohsinnigster	f ʁ oː z ɪ n ɪ ç s t ɐ
frohsinnigstes	f ʁ oː z ɪ n ɪ k s t ə s
frohsinnigstes	f ʁ oː z ɪ n ɪ ç s t ə s
frugal	f ʁ u ɡ aː l
frustrieren	f ʁ ʊ s t ʁ iː ʁ ə n
fräsen	f ʁ eː z n̩
fräsen	f ʁ ɛː z n̩
frömmeln	f r œ m l̩ n
frömmeln	f r œ m ə l n
frömmeln	f ʁ œ m l̩ n
frömmeln	f ʁ œ m ə l n
frösteln	f ʁ œ s t l̩ n
früh	f r yː
früh	f ʁ̥ yː
frühneuhochdeutsch	f ʁ yː n ɔ ɪ̯ h oː x d ɔ ɪ̯ t͡ʃ
frühzeitigen	f ʁ yː t͡s a ɪ̯ t ɪ ɡ n̩
frühzeitigen	f ʁ yː t͡s a ɪ̯ t ɪ ɡ ŋ̩
fuhrt	f u ɐ̯ t
fuhrt	f uː ɐ̯ t
fulminant	f ʊ l m ɪ n a n t
fummeln	f ʊ m l̩ n
fummeln	f ʊ m ə l n
funkeln	f ʊ ŋ k l̩ n
funken	f ʊ ŋ k n̩
funkgesteuert	f ʊ ŋ k ɡ ə ʃ t ɔ ɪ̯ ɐ t
furchtbar	f u ɐ̯ ç t b aː ɐ̯
furchtbar	f u ʁ ç t b aː ɐ̯
furze	f ʊ ɐ̯ t s ə
furze	f ʊ ʁ t s ə
furzen	f ʊ ɐ̯ t s n̩
futtern	f ʊ t ɐ n
fächeln	f ɛ ç l̩ n
fährt	f eː ɐ̯ t
fährt	f ɛ ɐ̯ t
fährt	f ɛː ɐ̯ t
färben	f ɛ ɐ̯ b m̩
fördern	f œ ɐ̯ d ɐ n
fördern	f œ ʁ d ɐ n
förmlich	f œ ɐ̯ m l ɪ ç
fühlen	f yː l n̩
fühlen	f yː l ə n
führen	f yː ɐ n
führen	f yː ʁ ə n
führt	f y ɐ̯ t
führt	f yː ɐ̯ t
fündigen	f ʏ n d ɪ ɡ n̩
fündigen	f ʏ n d ɪ ɡ ŋ̩
fünfeckig	f ʏ n f ʔ ɛ kʰ ɪ ç
fünfhundertjähriger	f ʏ n f h ʊ n d ɐ t j ɛː ʁ ɪ ɡ ɐ
fünfmonatlich	f ʏ n f m oː n a t l ɪ ç
fünfter	f ʏ n f t ɐ
fünfunddreißigjähriger	f ʏ n f ʊ n t d ʁ a ɪ̯ s ɪ ç j ɛː ʁ ɪ ɡ ɐ
fünfundfünfzigfacher	f ʏ n f ʊ n t f ʏ n f t͡s ɪ ç f a x ɐ
fünfundfünfzigjähriger	f ʏ n f ʊ n t f ʏ n f t͡s ɪ ç j ɛː ʁ ɪ ɡ ɐ
fünfundvierzigfacher	f ʏ n f ʊ n t f ɪ ɐ̯ t͡s ɪ ç f a x ɐ
fünfundvierzigjähriger	f ʏ n f ʊ n t f ɪ ɐ̯ t͡s ɪ ç j ɛː ʁ ɪ ɡ ɐ
fünfundzwanzigfacher	f ʏ n f ʊ n t͡s v a n t͡s ɪ ç f a x ɐ
fünfzehnfacher	f ʏ n f t͡s eː n f a x ɐ
fünfzigjähriger	f ʏ n f t s ɪ ç j ɛː ʁ ɪ ɡ ɐ
fünfzigmal	f ʏ n f t͡s ɪ ç m aː l
fünfzigstens	f y n f t͡s ɪ k s t n̩ s
fünfzigstens	f y n f t͡s ɪ ç s t n̩ s
fünfzigtausend	f ʏ n f s ɪ k t a ʊ z n̩ t
fünfzigtausendfach	f ʏ n f s ɪ k t a ʊ z n̩ t f a χ
fünfzigtausendmal	f ʏ n f s ɪ k t a ʊ z n̩ t m aː ɮ̩
fürbass	f y ɐ̯ b a s
fürbass	f yː ɐ̯ b a s
fürchten	f ʏ ɐ̯ ç t n̩
fürderhin	f ʏ ɐ̯ d ɐ h ɪ n
fürderhin	f ʏ ʁ d ɐ h ɪ n
füsilieren	f y z i l iː ʁ ə n
füttern	f ʏ t ɐ n
füßeln	f yː s l̩ n
gaben	ɡ aː b n̩
gaga	ɡ a ɡ a
galaktisch	ɡ a l a k t ɪ ʃ
galaktischer	ɡ a l a k t ɪ ʃ ɐ
galaktisches	ɡ a l a k t ɪ ʃ ə s
gallertartig	ɡ a l ə t aː tʰ ɪ ç
gallertartig	ɡ ä l ɐ tʰ äː tʰ i k
gallertartig	ɡ ä l ɐ tʰ äː ɐ̯ tʰ ɪ ç
gammeln	ɡ a m l̩ n
gammeln	ɡ a m ə l n
ganz	ɡ a n t͡s
ganzseitigen	ɡ a n t͡s z a ɪ̯ t ɪ ɡ n̩
ganzseitigen	ɡ a n t͡s z a ɪ̯ t ɪ ɡ ŋ̩
gar	ɡ aː
gar	ɡ aː ɐ̯
gar	ɡ aː ʁ
gastfrei	ɡ a s t f ʁ a ɪ̯
gastral	ɡ a s t ʁ aː l
gastrointestinal	ɡ a s t ʁ o ʔ ɪ n t ɛ s t i n aː l
gaunern	ɡ a ʊ̯ n ɐ n
gay	ɡ ɛ ɪ̯
gebalkt	ɡ ə b a l k t
geben	ɡ eː b m̩
geben	ɡ eː b n
geben	ɡ eː b ə n
gebildet	ɡ ə b ɪ l d ə t
geborgen	ɡ ə b ɔ ʁ ɡ ə n
gebrauchen	ɡ ə b ʁ a ʊ̯ x n̩
gebrauchen	ɡ ə b ʁ a ʊ̯ x ə n
gebrauchsfertigen	ɡ ə b ʁ a ʊ̯ x s f ɛ ʁ t ɪ ɡ n̩
gebrauchsfertigen	ɡ ə b ʁ a ʊ̯ x s f ɛ ʁ t ɪ ɡ ŋ̩
gebraucht	ɡ ə b ʁ a ʊ̯ x t
gebrechen	ɡ ə b ʁ ɛ ç n̩
gebräuchlich	ɡ ə b ʁ ɔ ʏ̯ ç l ɪ ç
gebräuchliche	ɡ ə b ʁ ɔ ʏ̯ ç l ɪ ç ə
gebärd	ɡ ə b ɛ ɐ̯ t
gebärd	ɡ ə b ɛː ɐ̯ t
gebärden	ɡ ə b ɛ ɐ̯ d n̩
gebärden	ɡ ə b ɛː ɐ̯ d n̩
gebärfreudigen	ɡ ə b ɛː ɐ̯ f ʁ ɔ ɪ̯ d ɪ ɡ n̩
gebärfreudigen	ɡ ə b ɛː ɐ̯ f ʁ ɔ ɪ̯ d ɪ ɡ ŋ̩
gebärfreudigste	ɡ ə b ɛː ɐ̯ f ʁ ɔ ɪ̯ d ɪ k s t ə
gebärfreudigste	ɡ ə b ɛː ɐ̯ f ʁ ɔ ɪ̯ d ɪ ç s t ə
gebärfreudigstem	ɡ ə b ɛː ɐ̯ f ʁ ɔ ɪ̯ d ɪ k s t ə m
gebärfreudigstem	ɡ ə b ɛː ɐ̯ f ʁ ɔ ɪ̯ d ɪ ç s t ə m
gebärfreudigsten	ɡ ə b ɛː ɐ̯ f ʁ ɔ ɪ̯ d ɪ k s t n̩
gebärfreudigsten	ɡ ə b ɛː ɐ̯ f ʁ ɔ ɪ̯ d ɪ ç s t n̩
gebärfreudigster	ɡ ə b ɛː ɐ̯ f ʁ ɔ ɪ̯ d ɪ k s t ɐ
gebärfreudigster	ɡ ə b ɛː ɐ̯ f ʁ ɔ ɪ̯ d ɪ ç s t ɐ
gebärfreudigstes	ɡ ə b ɛː ɐ̯ f ʁ ɔ ɪ̯ d ɪ k s t ə s
gebärfreudigstes	ɡ ə b ɛː ɐ̯ f ʁ ɔ ɪ̯ d ɪ ç s t ə s
gebärfähigen	ɡ ə b ɛː ɐ̯ f ɛː ɪ ɡ n̩
gebärfähigen	ɡ ə b ɛː ɐ̯ f ɛː ɪ ɡ ŋ̩
gebärt	ɡ ə b ɛ ɐ̯ t
gebärt	ɡ ə b ɛː ɐ̯ t
gebühren	ɡ ə b yː ʁ ə n
gedacht	ɡ ə d a x t
gedeihen	ɡ ə d a ɪ n
gedeihen	ɡ ə d a ɪ ə n
gedreiteilt	ɡ ə d ʁ a ɪ̯ t a ɪ̯ l t
geehrt	ɡ ə ʔ eː ɐ̯ t
gefasst	ɡ ə f a s t
gefeiert	ɡ ə f a ɪ̯ ɐ t
gefunden	ɡ ə f ʊ n d n̩
gefällig	ɡ e f ɛ l ɪ k
gefällig	ɡ ə f ɛ l ɪ ç
gegen	ɡ eː ɡ n̩
gegen	ɡ eː ɡ ŋ̍
gegenständlich	ɡ eː ɡ ŋ̩ ʃ t ɛ n t l ɪ ç
gegenständlich	ɡ eː ɡ ə n ʃ t ɛ n t l ɪ ç
gegenständlicher	ɡ eː ɡ ŋ̩ ʃ t ɛ n t l ɪ ç ɐ
gegenständlicher	ɡ eː ɡ ə n ʃ t ɛ n t l ɪ ç ɐ
gegenwartsbezogene	ɡ eː ɡ n̩ v a ʁ t͡s b ə t͡s oː ɡ ə n ə
gegenwartsbezogenem	ɡ eː ɡ n̩ v a ʁ t͡s b ə t͡s oː ɡ ə n ə m
gegenwartsbezogenen	ɡ eː ɡ n̩ v a ʁ t͡s b ə t͡s oː ɡ ə n ə n
gegenwartsbezogener	ɡ eː ɡ n̩ v a ʁ t͡s b ə t͡s oː ɡ ə n ɐ
gegenwartsbezogenes	ɡ eː ɡ n̩ v a ʁ t͡s b ə t͡s oː ɡ ə n ə s
gegenüber	ɡ eː ɡ ŋ̍ ʔ yː b ɐ
gegenüberstehen	ɡ eː ɡ n̩ ʔ yː b ɐ ʃ t eː ə n
gegenüberstehen	ɡ eː ɡ ŋ̩ ʔ yː b ɐ ʃ t eː ə n
gehaben	ɡ ə h äː b m̩
gehaben	ɡ ə h äː b n̩
gehaben	ɡ ə h äː b ə n
gehen	ɡ eː n
gehen	ɡ eː ə n
gehoben	ɡ ə h oː b m̩
gehoben	ɡ ə h oː b ə n
gehorchen	ɡ e h ɔ ɐ̯ ç n̩
gehren	ɡ eː ʁ ə n
geimpft	ɡ ə ʔ ɪ m p͡f t
geistlich	ɡ a ɪ s t l ɪ ç
geistreich	ɡ a ɪ s t ʁ a ɪ ç
geizen	ɡ a i t s n̩
gekleidet	ɡ ə k l a ɪ̯ d ə t
gekommen	ɡ ə k ɔ m ə n
gelang	ɡ ə l a ŋ
gelangen	ɡ ə l a ŋ ə n
gelangst	ɡ ə l a ŋ s t
gelangt	ɡ ə l a ŋ t
gelaufen	ɡ ə l a u f n̩
geldgierig	ɡ ɛ l t ɡ iː r ɪ ç
gelegen	ɡ ə l eː ɡ ŋ̩
gelegen	ɡ ə l eː ɡ ə n
gelegentlich	ɡ ə l eː ɡ n̩ t l ɪ ç
gelegt	ɡ ə l eː k t
gelingen	ɡ ə l ɪ ŋ ŋ̩
gelogen	ɡ ə l oː ɡ ŋ̍
gelogen	ɡ ə l oː ɡ ə n
gelungen	ɡ ə l ʊ ŋ n̩
gelungen	ɡ ə l ʊ ŋ ə n
gemacht	ɡ ə m a χ t
gemeine	ɡ ə m a ɪ̯ n ə
genannt	ɡ ə n a n t
genannte	ɡ ə n a n t ə
genannten	ɡ ə n a n t n̩
genannten	ɡ ə n a n t ə n
genant	ʒ ə n a n t
genehmigen	ɡ ə n eː m ɪ ɡ ŋ̍
genehmigt	ɡ ə n eː m ɪ k t
genehmigt	ɡ ə n eː m ɪ ç t
generell	ɡ e n ə ʁ ɛ l
generieren	ɡ e n ə ʁ iː ɐ̯ n
genital	ɡ e n i t aː l
genossen	ɡ ə n ɔ s n̩
gentil	ʒ ã n t iː l
gentil	ʒ ɛ n t iː l
genugsam	ɡ ə n uː k z a m
genugsam	ɡ ə n uː k z aː m
genäht	ɡ ə n ɛː t
genügen	ɡ ə n yː ɡ ŋ̍
geothermisch	ɡ e o t ɛ ʁ m ɪ ʃ
geoutet	ɡ ə ʔ a ʊ̯ t ə t
gepeinigt	ɡ ə p a ɪ̯ n ɪ ç t
gepflegt	ɡ ə p f l eː k t
gepflügt	ɡ ə p͡f l yː k t
gepfropfte	ɡ ə p͡f ʁ ɔ p͡f t ə
geplant	ɡ ə pʰ l aː n tʰ
geplanten	ɡ ə p l aː n t n̩
gepolstert	ɡ ə p ɔ l s t ɐ t
gequirlt	ɡ ə k v ɪ ɐ̯ l t
gequirlt	ɡ ə k v ɪ ʁ l t
geradezu	ɡ ə ʁ aː d ə t͡s uː
gerannt	ɡ ə ʁ a n t
gerben	ɡ ɛ ɐ̯ b m̩
geringgradig	ɡ ə ʁ ɪ ŋ ɡ ʁ aː d ɪ ç
geringhalten	ɡ e ʁ ɪ ŋ h a l t n̩
geringhalten	ɡ ə ʁ ɪ ŋ h a l t n̩
gern	ɡ ɛ ɐ̯ n
gern	ɡ ɛ ʁ n
gerne	ɡ ɛ ɐ̯ n ə
gerne	ɡ ɛ ʁ n ə
gernhaben	ɡ ɛ ʁ n h aː b n̩
geruchfrei	ɡ ə ʁ ʊ χ f ʁ a ɪ̯
geruhen	ɡ ə ʁ uː ə n
gerät	ɡ ə ʁ ɛː t
geröntgt	ɡ ə ʁ œ n t ç t
geröntgt	ɡ ə ʁ œ ŋ ɡ t
gesamt	ɡ ə z a m t
gescheckt	ɡ ə ʃ ɛ k t
geschlechtsreif	ɡ ə ʃ l ɛ ç t͡s ʁ a ɪ̯ f
geschlumpft	ɡ ə ʃ l ʊ m p͡f t
geschriebener	ɡ ə ʃ ʁ iː b ə n ɐ
geschrieen	ɡ ə ʃ ʁ iː ə n
geschweift	ɡ ə ʃ v a ɪ̯ f t
geschweifte	ɡ ə ʃ v a ɪ̯ f t ə
geschweifter	ɡ ə ʃ v a ɪ̯ f t ɐ
geschwollen	ɡ ə ʃ ʋ ɔ l̩ n
gesellig	ɡ ə z ɛ l ɪ k
gesellig	ɡ ə z ɛ l ɪ ç
geskypt	ɡ ə s k a ɪ̯ p t
gespannt	ɡ ə ʃ p a n t
gestalten	ɡ ə ʃ t a l t n̩
gestanden	ɡ ə ʃ t a n d n̩
gestanden	ɡ ə ʃ t a n d ə n
gestelzt	ɡ ə ʃ t ɛ l t͡s t
gestische	ɡ eː s t ɪ ʃ ə
gestischem	ɡ eː s t ɪ ʃ m̩
gestischen	ɡ eː s t ɪ ʃ n̩
gestischer	ɡ eː s t ɪ ʃ ɐ
gestisches	ɡ eː s t ɪ ʃ ə s
gestrichen	ɡ ə ʃ t ʁ ɪ ç n̩
gestrichen	ɡ ə ʃ t ʁ ɪ ç ə n
gestrig	ɡ ɛ s t ʁ ɪ k
gestrig	ɡ ɛ s t ʁ ɪ ç
gestürzt	ɡ ə ʃ t ʏ ʁ t͡s t
getauft	ɡ ə t a ʊ̯ f t
getrippelt	ɡ ə t ʁ ɪ p l̩ t
getroffen	ɡ ə t ʁ ɔ f n̩
getrunken	ɡ ə t ʁ ʊ ŋ k n̩
gewesen	ɡ ə v eː z n̩
gewirbelt	ɡ ə v ɪ ʁ b l̩ t
gewittern	ɡ ə v ɪ t ɐ n
gewohnt	ɡ ə v oː n t
gewohntermaßen	ɡ ə v oː n t ɐ m aː s n̩
geworfen	ɡ ə v ɔ ʁ f n̩
gewähren	ɡ ə v eː ʁ ə n
gewähren	ɡ ə v ɛː ʁ ə n
gewährleisten	ɡ ə v eː ɐ̯ l a ɪ̯ s t n̩
gewährleisten	ɡ ə v ɛː ɐ̯ l a ɪ̯ s t n̩
gewärtigen	ɡ ə v ɛ ɐ̯ t ɪ ɡ ŋ̩
gewärtigen	ɡ ə v ɛ ɐ̯ t ɪ ɡ ə n
gewöhn	ɡ ə v øː n
gezeichnet	ɡ ə t s a ɪ̯ ç n ə t
gezeichnete	ɡ ə t͡s a ɪ̯ ç n ə t ə
gezweiteilt	ɡ ə t͡s v a ɪ̯ t a ɪ̯ l t
geäußert	ɡ ə ɔ ʏ̯ s ɐ t
gieren	ɡ iː ɐ n
gieren	ɡ iː ʁ ə n
gießen	ɡ iː s n̩
gießen	ɡ iː s ə n
gifteln	ɡ ɪ f t l n̩
giften	ɡ ɪ f t n̩
glasklar	ɡ l aː s k l aː
glasklar	ɡ l aː s k l aː ɐ̯
glatt	ɡ l a t
glattbügeln	ɡ l a t b yː ɡ l̩ n
glattflächig	ɡ l a t f l ɛ ç ɪ ç
glattstellen	ɡ l a t ʃ t ɛ l ə n
glauben	ɡ l a ʊ̯ b m̩
gleichen	ɡ l a ɪ̯ ç n̩
gleichmütig	ɡ l a ɪ̯ ç m yː t ɪ ç
gleichtun	ɡ l a ɪ̯ ç t uː n
gleichursprünglich	ɡ l a ɪ̯ ç uː ɐ̯ ʃ p ʁ ʏ ŋ l ɪ ç
gleichzeitig	ɡ l a ɪ̯ ç t s a ɪ̯ t ɪ ç
gleiten	ɡ l a ɪ̯ t n̩
gliedern	ɡ l iː d ɐ n
glimmen	ɡ l ɪ m n̩
glosen	ɡ l oː z n̩
glosen	ɡ l oː z ə n
glottal	ɡ l ɔ t aː l
glucksen	ɡ l ʊ k s n̩
glänzen	ɡ l ɛ n t͡s n̩
glätten	ɡ l ɛ t n̩
gnadenlos	ɡ n aː d n̩ l oː s
golfen	ɡ ɔ l f n̩
gotisch	ɡ oː t i ʃ
gotisch	ɡ oː t ɪ ʃ
gottgläubig	ɡ ɔ t ɡ l ɔ ɪ̯ b ɪ k
gottgläubig	ɡ ɔ t ɡ l ɔ ɪ̯ b ɪ ç
gottgläubige	ɡ ɔ t ɡ l ɔ ɪ̯ b ɪ ɡ ə
gottgläubigem	ɡ ɔ t ɡ l ɔ ɪ̯ b ɪ ɡ ə m
gottgläubigen	ɡ ɔ t ɡ l ɔ ɪ̯ b ɪ ɡ n̩
gottgläubigen	ɡ ɔ t ɡ l ɔ ɪ̯ b ɪ ɡ ŋ̩
gottgläubiger	ɡ ɔ t ɡ l ɔ ɪ̯ b ɪ ɡ ɐ
gottgläubiges	ɡ ɔ t ɡ l ɔ ɪ̯ b ɪ ɡ ə s
graben	ɡ ʁ aː b m̩
graben	ɡ ʁ aː b ɱ̩
graduell	ɡ ʁ a d u ɛ l
graduell	ɡ ʁ a d ʋ ɛ l
graduieren	ɡ r a d u iː r ə n
grafisch	ɡ ʁ aː f ɪ ʃ
grammatikalisieren	ɡ ʁ a m a t ɪ k a l i z iː ʁ ə n
gramvoll	ɡ ʁ aː m f ɔ l
graphisch	ɡ ʁ aː f ɪ ʃ
grassieren	ɡ ʁ a s iː ʁ ə n
grausen	ɡ ʁ a ɔ̯ s n̩
grausen	ɡ ʁ a ɔ̯ s ɛ n
grausen	ɡ ʁ a ʊ̯ z n̩
grausen	ɡ ʁ a ʊ̯ z ə n
greifbar	ɡ ʁ a ɪ̯ f b aː ɐ̯
greifen	ɡ ʁ a ɪ̯ f n̩
greifen	ɡ ʁ a ɪ̯ f ə n
greifen	ɡ ʁ a ɪ̯ f ɱ̩
grenzen	ɡ ʁ ɛ n t s n̩
griechisch	ɡ ʁ iː ç ɪ ʃ
griechischen	ɡ ʁ iː ç ɪ ʃ n̩
griechischen	ɡ ʁ iː ç ɪ ʃ ə n
grienen	ɡ ʁ iː n n̩
grienen	ɡ ʁ iː n ə n
grinsen	ɡ ʁ ɪ n z n̩
grobem	ɡ ʁ oː b m̩
grobem	ɡ ʁ oː b ə m
groben	ɡ ʁ oː b m̩
groben	ɡ ʁ oː b ə n
großflächig	ɡ ʁ oː s f l ɛ ç ɪ ç
großfürstlichsten	ɡ ʁ oː s f ʏ ɐ̯ s t l ɪ ç s t n̩
großherzoglichsten	ɡ ʁ oː s h ɛ ʁ t͡s oː k l ɪ ç s t n̩
großschreiben	ɡ ʁ oː s ʃ ʁ a ɪ̯ b n̩
grrr	ɡ ʁ̩
grummeln	ɡ ʁ ʊ m l̩ n
grunz	ɡ ʁ ʊ n t͡s
gräfliche	ɡ ʁ ɛː f l ɪ ç ə
gräflichem	ɡ ʁ ɛː f l ɪ ç m̩
gräflichen	ɡ ʁ ɛː f l ɪ ç n̩
gräflicher	ɡ ʁ ɛː f l ɪ ç ɐ
gräfliches	ɡ ʁ ɛː f l ɪ ç ə s
grölen	ɡ ʁ øː l ə n
grölen	ɡ ʁ øː l̩ n
gurgeln	ɡ ʊ ʁ ɡ l̩ n
guter	ɡ uː t ɐ
gutheißen	ɡ uː t h a ɪ̯ s n̩
gutmütiger	ɡ uː t m yː t i ɡ ɐ
gutmütigsten	ɡ uː t m yː t i ɡ s t e n
guttuend	ɡ uː t t uː ə n t
guttun	ɡ uː t t uː n
gängeln	ɡ ɛ ŋ ɛ l̩ n
gängiger	ɡ ɛ ŋ ɪ ɡ ɐ
gären	ɡ ɛ ɐ̯ n
gären	ɡ ɛː ɐ̯ n
gären	ɡ ɛː ʁ ə n
gärte	ɡ ɛ ɐ̯ t ə
gürten	ɡ ʏ ʁ t n̩
haaren	h aː ʁ ə n
haarkleine	h aː ɐ̯ k l a ɪ̯ n ə
haarkleinem	h aː ɐ̯ k l a ɪ̯ n ə m
haarkleinen	h aː ɐ̯ k l a ɪ̯ n ə n
haarkleiner	h aː ɐ̯ k l a ɪ̯ n ɐ
haarkleines	h aː ɐ̯ k l a ɪ̯ n ə s
haart	h aː t
haart	h aː ɐ̯ t
haart	h aː ʁ t
haben	h a m
haben	h aː b ə n
hadern	h aː d ɐ n
haken	h aː k ŋ
halber	h a l b ɐ
halbgar	ɡ aː
halbgar	ɡ aː ɐ̯
halbgar	ɡ aː ʁ
halbieren	h a l b iː ʁ ə n
halbkreisförmig	h a l p k ʁ a ɪ̯ s f œ ʁ m ɪ k
halbkreisförmig	h a l p k ʁ a ɪ̯ s f œ ʁ m ɪ ç
halblogarithmisch	h a l p l o ɡ a ʁ ɪ t m ɪ ʃ
halblogarithmischer	h a l p l o ɡ a ʁ ɪ t m ɪ ʃ ɐ
halblogarithmisches	h a l p l o ɡ a ʁ ɪ t m ɪ ʃ ə s
hallisch	h a l ɪ ʃ
haltbar	h a l t b aː
haltbar	h a l t b aː ɐ̯
hamburgern	h a m b ʊ ʁ ɡ ɐ n
hamburgisch	h a m b ʊ ʁ ɡ ɪ ʃ
hamstern	h a m s t ɐ n
handeln	h a n d l̩ n
handelnd	h a n d l̩ n t
handelnde	h a n d l̩ n d ə
handelnder	h a n d l̩ n d ɐ
handelsrechtlich	h a n d l̩ s ʁ ɛ ç t l ɪ ç
handelsrechtlicher	h a n d l̩ s ʁ ɛ ç t l ɪ ç ɐ
handzahm	h a n t t s aː m
hangeln	h a ŋ l̩ n
harren	h a ʁ ə n
harren	h aː n
harren	h aː ɐ̯ n
harrt	h a ɐ̯ t
harrt	h a ʁ t
harrt	h aː t
harrte	h a ɐ̯ t ə
harrte	h a ʁ t ə
harrte	h aː t ə
hart	h a ɐ̯ t
hart	h a ʁ t
hart	h aː t
harte	h a ɐ̯ t ə
harte	h a ʁ t ə
harte	h aː t ə
hartzen	h a ʁ t͡s n̩
hasste	h a s t ə
hassten	h a s t n̩
hasstest	h a s t ə s t
hasstet	h a s t ə t
hasten	h a s t n̩
hastest	h a s t ə s t
hastet	h a s t ə t
haten	h ɛ ɪ̯ t n̩
haten	h ɛ ɪ̯ t ə n
hauchdünn	h a ʊ̯ χ d ʏ n
hauen	h a ʊ̯ n
hauen	h a ʊ̯ ə n
haufenweise	h a ʊ̯ f n̩ v a ɪ̯ z ə
hause	h a ʊ̯ z ə
hausen	h a ʊ̯ z n̩
hausen	h a ʊ̯ z ə n
haushaltlich	h a ʊ̯ s h a l t l ɪ ç
hauste	h a ʊ̯ s t ə
hausten	h a ʊ̯ s t n̩
hausten	h a ʊ̯ s t ə n
heben	h eː b m̩
hechten	h ɛ ç t n̩
hecken	h ɛ k ŋ̍
heften	h ɛ f t n̩
heften	h ɛ f t ə n
heftig	h ɛ f tʰ ɪ k
heftig	h ɛ f tʰ ɪ ç
hegen	h eː ɡ ŋ
hehr	h eː ɐ̯
heidnisch	h a ɪ̯ t n ɪ ʃ
heilen	h a ɪ̯ l n̩
heilkundlich	h a ɪ̯ l k ʊ n t l ɪ ç
heilkundlicher	h a ɪ̯ l k ʊ n t l ɪ ç ɐ
heimatkundlich	h a ɪ̯ m aː t k ʊ n t l ɪ ç
heimatkundlicher	h a ɪ̯ m aː t k ʊ n t l ɪ ç ɐ
heimdürfen	h a ɪ̯ m d ʏ ɐ̯ f n̩
heimfahren	h a ɪ̯ m f aː r ə n
heimkehren	h a ɪ̯ m k eː ʁ ə n
heimreisen	h a ɪ̯ m ʁ a ɪ̯ z n̩
heimsuchen	h a ɪ̯ m z uː χ n̩
heimtrauen	h a ɪ̯ m t ʁ a ʊ̯ n̩
heiraten	h a ɪ̯ ʁ a t n̩
heiraten	h a ɪ̯ ʁ aː t n̩
heißen	h a ɪ̯ s n̩
hellhörig	h ɛ l h øː ʁ ɪ k
hellhörig	h ɛ l h øː ʁ ɪ ç
henken	h ɛ ŋ k ŋ̍
henken	h ɛ ŋ k ə n
her	h eː ɐ̯
her	h ɛ ɐ̯
herab	h ɛ ʁ a p
herabblicken	h ɛ ʁ a p b l ɪ k n̩
herabstufen	h ɛ ʁ a p ʃ t uː f n̩
herabwürdigen	h ɛ ʁ a p v ʏ ʁ d ɪ ɡ n̩
heran	h ɛ ʁ a n
heranbilden	h ɛ ʁ a n b ɪ l d ə n
heranführen	h ɛ ʁ a n f yː ɐ̯ n
heranführen	h ɛ ʁ a n f yː ʁ ə n
herangehen	h ɛ ʁ a n ɡ eː ə n
herankommen	h ɛ ʁ a n k ɔ m ə n
heranlassen	h ɛ ʁ a n l a s n̩
heranreichen	h ɛ ʁ a n ʁ a ɪ̯ ç n̩
heraufbeschwören	h ɛ ʁ a ʊ̯ f b ə ʃ v øː ʁ ə n
herauffahren	h ɛ ʁ a ʊ̯ f f aː ʁ ə n
heraufkommen	h ɛ ʁ a ʊ̯ f k ɔ m ə n
heraufstufen	h ɛ ʁ a ʊ̯ f ʃ t uː f n̩
heraus	h ɛ ʁ a u s
herausbrechen	h ɛ ʁ a u s b ʁ ɛ ç n̩
herausbringen	h ɛ ʁ a ʊ̯ s b ʁ ɪ ŋ ə n
herausdringen	h ɛ ʁ a ʊ̯ s d ʁ ɪ ŋ ə n
herausfordern	h ɛ ʁ a u s f ɔ ʁ d ɐ n
herausgehen	h ɛ ʁ a ʊ̯ s ɡ eː ə n
herauskommen	h ɛ ʁ a ʊ̯ s k ɔ m ə n
herauslösen	h ɛ ʁ a ʊ̯ s l øː z n̩
herauslösen	h ɛ ʁ a ʊ̯ s l øː z ə n
herausprusten	h ɛ ʁ a ʊ̯ s p ʁ uː s t n̩
herausprusten	h ɛ ʁ a ʊ̯ s p ʁ uː s t ə n
herausputzen	h ɛ ʁ a ʊ̯ s p ʊ t s ə n
herausschaffen	h ɛ ʁ a ʊ̯ s ʃ a f n̩
herausschreien	h ɛ ʁ a ʊ̯ s ʃ ʁ a ɪ̯ ə n
herausschöpfen	h ɛ ʁ a u s ʃ œ p͡f n̩
herausstechen	h ɛ ʁ a u s ʃ t ɛ ç n̩
herausstellen	h ɛ ʁ a u s ʃ t ɛ l ə n
heraussuchen	h ɛ ʁ a ʊ̯ s z uː x n̩
herauszulösen	h ɛ ʁ a ʊ̯ s t s u l øː z n̩
herauszulösen	h ɛ ʁ a ʊ̯ s t s u l øː z ə n
herb	h ɛ ɐ̯ p
herb	h ɛ ʁ p
herbeieilen	h ɛ ʁ b a ɪ a ɪ̯ l ə n
herbeiführen	h ɛ ɐ̯ b a ɪ̯ f yː ɐ̯ n
herbeigeführt	h ɛ ɐ̯ b a ɪ̯ ɡ ə f yː ɐ̯ t
herbeigeführten	h ɛ ɐ̯ b a ɪ̯ ɡ ə f yː ɐ̯ t n̩
herbeigeführten	h ɛ ɐ̯ b a ɪ̯ ɡ ə f yː ɐ̯ t ə n
herbringen	h eː ɐ̯ b ʁ ɪ ŋ ə n
hercheln	h ɛ ɐ̯ ç l̩ n
herein	h ɛ ʁ a ɪ̯ n
hereingehen	h ɛ ʁ a ɪ̯ n ɡ eː ə n
hereinlassen	h ɛ ʁ a ɪ̯ n l a s n̩
hergehen	h eː ɐ̯ ɡ eː ə n
hergerissen	h eː ɐ̯ ɡ ə ʁ ɪ s n̩
hergeworfen	h eː ɐ̯ ɡ ə v ɔ ʁ f n̩
herhalten	h eː ɐ̯ h a l t n̩
herhören	h eː ɐ̯ h øː ʁ ə n
herkommen	h eː ɐ̯ k ɔ m ə n
herleiten	h eː ɐ̯ l a ɪ̯ t n̩
heroisieren	h e ʁ o i z iː ʁ ə n
heroisierend	h e ʁ o i z iː ʁ ə n t
heroisiert	h e ʁ o i z iː ɐ̯ t
heroisierte	h e ʁ o i z iː ɐ̯ t ə
herreißen	h eː ɐ̯ ʁ a ɪ̯ s n̩
herrichten	h eː ɐ̯ ʁ ɪ ç t n̩
herrje	h ɛ ʁ j eː
herrlich	h ɛ ɐ̯ l ɪ ç
herrschen	h ɛ ɐ̯ ʃ n̩
herrschen	h ɛ ɐ̯ ʃ ə n
herrschen	h ɛ ʁ ʃ n̩
herrscht	h ɛ ɐ̯ ʃ t
herrühren	h eː ɐ̯ ʁ yː ʁ ə n
herstellen	h ɛ ɐ̯ ʃ t ɛ l n̩
herstellen	h ɛ ɐ̯ ʃ t ɛ l ə n
herumballern	h ɛ ʁ ʊ m b a l ɐ n
herumbewegen	h ɛ ʁ ʊ m b ə v eː ɡ n̩
herumdrehen	h ɛ ʁ ʊ m d ʁ eː n
herumdrehen	h ɛ ʁ ʊ m d ʁ eː ə n
herumfahren	h ɛ ʁ ʊ m f aː ʁ ə n
herumfliegen	h ɛ ʁ ʊ m f l iː ɡ n̩
herumfragen	h ɛ ʁ ʊ m f ʁ aː ɡ n̩
herumgammeln	h ɛ ʁ ʊ m ɡ a m l̩ n
herumgeflogen	h ɛ ʁ ʊ m ɡ ə f l oː ɡ n̩
herumgegeistert	h ɛ ʁ ʊ m ɡ ə ɡ a ɪ̯ s t ɐ t
herumgeistern	h ɛ ʁ ʊ m ɡ a ɪ̯ s t ɐ n
herumgeisternd	h ɛ ʁ ʊ m ɡ a ɪ̯ s t ɐ n t
herumgelaufen	h ɛ ʁ ʊ m ɡ ə l a ʊ̯ f n̩
herumgespukt	h ɛ ʁ ʊ m ɡ ə ʃ p uː k t
herumgewirbelt	h ɛ ʁ ʊ m ɡ ə v ɪ ʁ b l̩ t
herumlaufen	h ɛ ʁ ʊ m l a ʊ̯ f n̩
herumlungern	h ɛ ʁ ʊ m l ʊ ŋ ɐ n
herumsitzen	h ɛ ʁ ʊ m z ɪ t͡s n
herumsitzen	h ɛ ʁ ʊ m z ɪ t͡s ə n
herumspuken	h ɛ ʁ ʊ m ʃ p uː k n̩
herumspukend	h ɛ ʁ ʊ m ʃ p uː k n̩ t
herumtappend	h ɛ ʁ ʊ m t a p n̩ t
herumtreiben	h ɛ ʁ ʊ m t ʁ a ɪ̯ b m̩
herumtreiben	h ɛ ʁ ʊ m t ʁ a ɪ̯ b n̩
herumwirbeln	h ɛ ʁ ʊ m v ɪ ʁ b l̩ n
herumzicken	h ɛ ʁ ʊ m t͡s ɪ k n̩
herumzicken	h ɛ ʁ ʊ m t͡s ɪ k ŋ̩
herumzickend	h ɛ ʁ ʊ m t͡s ɪ k n̩ t
herumzickend	h ɛ ʁ ʊ m t͡s ɪ k ŋ̩ t
herunterfallen	h ɛ ʁ ʊ n t ɐ f a l ə n
herunterhandeln	h ɛ ʁ ʊ n t ɐ h a n d l̩ n
herunterlassen	h ɛ ʁ ʊ n t ɐ l a s n̩
herunterlassen	h ɛ ʁ ʊ n t ɐ l a s ə n
heruntersetzen	h ɛ ʁ ʊ n t ɐ z ɛ t s n̩
herunterspielen	h ɛ ʁ ʊ n t ɐ ʃ p iː l n̩
herunterstufen	h ɛ ʁ ʊ n t ɐ ʃ t uː f n̩
hervor	h ɛ ɐ̯ f oː ɐ̯
hervorbrechen	h ɛ ɐ̯ f oː ɐ̯ b ʁ ɛ ç n̩
hervorrufen	h ɛ ʁ f oː ɐ̯ ʁ uː f n̩
hervortauchen	h ɛ ʁ f oː ɐ̯ t a ʊ̯ x n̩
hervortauchen	h ɛ ʁ f oː ɐ̯ t a ʊ̯ x ə n
herzhaft	h ɛ ɐ t͡s h a f t
herziehen	h eː ɐ̯ t͡s iː ə n
herzig	h ɛ ʁ t s ɪ k
herzig	h ɛ ʁ t s ɪ ç
herzlos	h ɛ ʁ t͡s l oː s
herzoglichsten	h ɛ ʁ t͡s oː k l ɪ ç s t n̩
herzzerreißend	h ɛ ʁ t͡s t͡s ɛ ɐ̯ ʁ a ɪ̯ s ə n t
herüber	h ɛ ʁ yː b ɐ
heterogen	h eː t ə ʁ o ɡ eː n
heuchlerisch	h ɔ ɪ̯ ç l ə ʁ ɪ ʃ
heuchlerischen	h ɔ ɪ̯ ç l ə ʁ ɪ ʃ n̩
heuchlerischen	h ɔ ɪ̯ ç l ə ʁ ɪ ʃ ə n
heuen	h ɔ ɪ̯ ə n
hexen	h ɛ k s ə n
hielt	h iː l t
hier	h iː ɐ̯
hierfür	h iː ɐ̯ f yː ɐ̯
hiergegen	h iː ɐ̯ ɡ eː ɡ ŋ̩
hiergegen	h iː ɐ̯ ɡ eː ɡ ə n
hierokratisch	h i e ʁ o k ʁ aː t ɪ ʃ
hilft	h yː f t
hilft	h ə ɪ̯ f t
hilft	h ɪ i̯ f t
hilft	h ɪ l f t
hilft	h ʊ i̯ f t
himmelschreiend	h ɪ m l̩ ʃ ʁ a ɪ̯ ə n t
himmelschreiend	h ɪ m ə l ʃ ʁ a ɪ̯ ə n t
himmelskundlich	h ɪ m l̩ s k ʊ n t l ɪ ç
himmelskundlicher	h ɪ m l̩ s k ʊ n t l ɪ ç ɐ
himmelweit	h ɪ m l̩ v a ɪ̯ t
himmelweit	h ɪ m ə l v a ɪ̯ t
himmlisch	h ɪ m l ɪ ʃ
hinarbeiten	h ɪ n ʔ a ʁ b a ɪ̯ t n̩
hinaufgehen	h ɪ n a ʊ̯ f ɡ eː ə n
hinausgehen	h ɪ n a ʊ̯ s ɡ eː ə n
hinauskommen	h ɪ n a ʊ̯ s k ɔ m ə n
hinauslehnen	h i n a ʊ̯ s l eː n ə n
hinausschiebbar	h i n ɑ u s ʃ iː b b aː ɐ̯
hinauszögern	h ɪ n a ʊ̯ s t͡s øː ɡ ɐ n
hinbekommen	h ɪ n b ə k ɔ m ə n
hinein	h ɪ n a ɪ̯ n
hineinkommen	h ɪ n a ɪ̯ n k ɔ m ə n
hineinoptieren	h ɪ n ä ɪ̯ n ɔ p t iː ɐ̯ n
hineinspielen	h ɪ n a ɪ̯ n ʃ p iː l n̩
hinfort	h ɪ n f ɔ ʁ t
hingegen	h ɪ n ɡ eː ɡ ŋ̩
hingegen	h ɪ n ɡ eː ɡ ə n
hingestreckt	h ɪ n ɡ ə ʃ t ʁ ɛ k t
hinhalten	h ɪ n h a l t n̩
hinken	h ɪ ŋ k n̩
hinkommen	h ɪ n k ɔ m ə n
hinnehmen	h ɪ n n eː m ə n
hinreißen	h ɪ n ʁ a ɪ̯ s n̩
hinschreiben	h ɪ n ʃ ʁ a ɪ̯ b n̩
hinsetzen	h ɪ n z ɛ t s n̩
hinstarren	h ɪ n ʃ t a ʁ ə n
hinstrecken	h ɪ n ʃ t ʁ ɛ k ŋ̩
hinstrecken	h ɪ n ʃ t ʁ ɛ k ə n
hintanhalten	h ɪ n t ʔ a n h a l t n̩
hintanhalten	h ɪ n t ʔ a n h a l t ə n
hintanlegen	h ɪ n t ʔ a n l eː ɡ ŋ̩̩
hintanlegen	h ɪ n t ʔ a n l eː ɡ ə n
hintansetzen	h ɪ n t ʔ a n z ɛ t͡s n̩
hintansetzen	h ɪ n t ʔ a n z ɛ t͡s ə n
hintanstellen	h ɪ n t ʔ a n ʃ t ɛ l n̩
hintanstellen	h ɪ n t ʔ a n ʃ t ɛ l ə n
hinten	h ɪ n t n̩
hinten	h ɪ n t ə n
hinten	h ɪ n ʔ n̩
hinterblieben	h ɪ n t ɐ b l iː b n̩
hintergehbar	h ɪ n t ɐ ɡ eː b aː ɐ̯
hintergehen	h ɪ n t ɐ ɡ eː ə n
hinterherpfeifen	h ɪ n t ɐ h eː ɐ̯ p͡f a ɪ̯ f n̩
hinterherräumen	h ɪ n t ɐ h ɛ ɐ̯ ʁ ɔ ɪ̯ m ə n
hinterherräumen	h ɪ n t ɐ h ɛ ɐ̯ ʁ ɔ ɪ̯ m ɛ n
hinterherspionieren	h ɪ n t ɐ h eː ɐ̯ ʃ p i̯ o n iː ʁ ə n
hinterhertelefonieren	h ɪ n t ɐ h eː ɐ̯ t e l ə f o n iː ʁ ə n
hinterlegen	h ɪ n t ɐ l eː ɡ ə n
hinterlistig	h ɪ n t ɐ l ɪ s t ɪ ç
hinunterdrücken	h ɪ n ʊ n t ɐ d ʁ ʏ k n̩
hinunterklettern	h ɪ n ʊ n t ɐ k l ɛ t ɐ n
hinunterschauen	h ɪ n ʊ n t ɐ ʃ a ʊ̯ ə n
hinunterspülen	h ɪ n ʊ n t ɐ ʃ p yː l ə n
hinwegschauen	h ɪ n v ɛ k ʃ a ʊ̯ ə n
hinwegsehen	h ɪ n v ɛ k z eː ə n
hinwegtäuschen	h ɪ n v ɛ k tʰ ɔ ʏ̯ ʃ n̩
hinweisen	h ɪ n v a ɪ̯ z n̩
hinzu	h ɪ n t͡s uː
hinzubekommen	h ɪ n t͡s uː b ə k ɔ m ə n
hinüber	h ɪ n yː b ɐ
hircheln	h ɪ ɐ̯ ç l̩ n
hitzen	h ɪ t͡s n̩
hocharbeiten	h oː x ʔ a ʁ b a ɪ̯ t n̩
hochdeutsch	h oː x d ɔ ɪ̯ t͡ʃ
hochdrehen	h oː x d ʁ eː ə n
hochfahren	h oː x f aː ʁ ə n
hochgebildet	h oː x ɡ ə b ɪ l d ə t
hochgespielt	h oː x ɡ ə ʃ p iː l t
hochkommen	h oː x k ɔ m ə n
hochkrempeln	h oː χ k ʁ ɛ m p l̩ n
hochnehmen	h oː χ n eː m ə n
hochrechnen	h oː χ ʁ ɛ ç n ə n
hochspielen	h oː χ ʃ p iː l ə n
hochspielend	h oː χ ʃ p iː l ə n t
hochzeitlich	h ɔ x t͡s a ɪ̯ t l ɪ ç
hoffen	h ɔ f ə n
hoffender	h ɔ f n̩ d ɐ
hofieren	h o f iː ʁ ə n
holen	h oː l ə n
holen	h oː l̩ n
homerisch	h o m eː ʁ ɪ ʃ
hoppeln	h ɔ p l̩ n
horchen	h ɔ ɐ̯ ç n̩
hordenweise	h ɔ ʁ d n̩ v a ɪ̯ z ə
horrend	h ɔ ʁ ɛ n t
horten	h ɔ ɐ̯ t n̩
huch	h ʊ χ
huldigen	h ʊ l d ɪ ɡ n̩
hundertjähriger	h ʊ n d ɐ t j ɛː ʁ ɪ ɡ ɐ
hungern	h ʊ ŋ ɐ n
hupen	h uː p m̩
hurra	h u ʁ aː
hurra	h ʊ ʁ aː
huschen	h ʊ ʃ n̩
hutschen	h ʊ t͡ʃ n̩
hängen	h ɛ ŋ ŋ̩
hängen	h ɛ ŋ ə n
härten	h ɛ ɐ̯ t n̩
härten	h ɛ ʁ t n̩
häufig	h ɔ ɪ̯ f ɪ k
häufig	h ɔ ɪ̯ f ɪ ç
häute	h ɔ ʏ t ə
höchsten	h øː k s t n̩
höchsten	h øː ç s t n̩
höhlenkundlich	h øː l ə n k ʊ n t l ɪ ç
höhlenkundlicher	h øː l ə n k ʊ n t l ɪ ç ɐ
hökern	h øː k ɐ n
hörbar	h øː ɐ̯ b aː ɐ̯
hörcheln	h œ ɐ̯ ç l̩ n
hören	h øː r ə n
hören	h øː ʁ ə n
hüllen	h ʏ l n̩
hüllen	h ʏ l ə n
hüpfen	h ʏ p f ə n
hüppen	h ʏ p m̩
hüppen	h ʏ p ə n
hüsteln	h yː s t l̩ n
hüten	h yː t n̩
iberisch	ʔ i b eː ʁ ɪ ʃ
ich	ʔ ɪ ç
idealerweise	i d e aː l ɐ v a ɪ̯ z ə
idealisieren	i d e a l i z iː ʁ ə n
identifizierend	ʔ i d ɛ n t i f i t s iː ɐ̯ n t
identifizierend	ʔ i d ɛ n t i f i t s iː ʁ ə n t
identifizierendes	ʔ i d ɛ n t i f i t s iː ʁ ə n d ə s
ihnen	ʔ iː n ə n
ihr	iː ɐ̯
ihr	ɐ
ihrerseits	iː ʁ ɐ z a ɪ̯ t͡s
ihrzen	ʔ i ɐ̯ t͡s n̩
ihrzen	ʔ iː ɐ̯ t͡s n̩
ikonografisch	i k o n o ɡ ʁ aː f ɪ ʃ
illoyal	ʔ ɪ l o a j aː l
illoyal	ʔ ɪ l ɔ j aː l
illustrieren	ɪ l ʊ s t ʁ iː ʁ ə n
illyrisch	ʔ ɪ l yː ʁ ɪ ʃ
imitieren	ʔ i m i tʰ iː ɐ̯ n
imkern	ʔ ɪ m k ɐ n
immateriell	ɪ m a t e ʁ i̯ ɛ l
immens	ʔ ɪ m ɛ n s
immens	ʔ ɪ m ɛ n t s
immerdar	ɪ m ɐ d aː ɐ̯
immergleich	ɪ m ɐ ɡ l a ɪ̯ ç
immerhin	ɪ m ɐ h ɪ n
immerzu	ɪ m ɐ t͡s u
impfen	ʔ ɪ m p f ɱ̩
impfend	ɪ m p͡f n̩ t
implementieren	ʔ ɪ m p l ə m ɛ n tʰ iː ɐ̯ n
implizieren	ʔ ɪ m p l i t s iː ɐ̯ n
implizit	ʔ ɪ m p l i t s iː tʰ
implodieren	ʔ ɪ m pʰ l o d iː ɐ̯ n
importieren	ʔ ɪ m p ɔ ʁ t iː ʁ ə n
imstande	ɪ m ʃ t a n d ə
inaktivieren	ɪ n ʔ a k t i v iː ʁ ə n
indes	ʔ ɪ n d ɛ s
indoktrinieren	ɪ n d ɔ k t ʁ i n iː ʁ ə n
ineffizient	ɪ n ə f i t͡s j ə n t
ineffizient	ɪ n ɛ f i t͡s j ə n t
ineffizient	ɪ nː ə f i t͡s j ə n t
ineffizient	ɪ nː ɛ f i t͡s j ə n t
infektionsverstärkend	ɪ n f ɛ k t s i̯ oː n s f ɛ ɐ̯ ʃ t ɛ ʁ k n̩ d
infektionsverstärkende	ɪ n f ɛ k t s i̯ oː n s f ɛ ɐ̯ ʃ t ɛ ʁ k n̩ d ə
infektionsverstärkenden	ɪ n f ɛ k t s i̯ oː n s f ɛ ɐ̯ ʃ t ɛ ʁ k n̩ d ə n
infektionsverstärkender	ɪ n f ɛ k t s i̯ oː n s f ɛ ɐ̯ ʃ t ɛ ʁ k n̩ d ɐ
inferiore	ɪ n f e ʁ i̯ oː ʁ ə
inferiorem	ɪ n f e ʁ i̯ oː ʁ ə m
inferioren	ɪ n f e ʁ i̯ oː ʁ ə n
inferiorer	ɪ n f e ʁ i̯ oː ʁ ɐ
inferiores	ɪ n f e ʁ i̯ oː ʁ ə s
informell	ɪ n f ɔ ʁ m ɛ l
informieren	ʔ ɪ n f o ʁ m iː ɐ̯ n
inhalieren	ʔ ɪ n h a l iː ʁ ə n
inhaltslos	ʔ ɪ n h a l t͡s l oː s
initialisieren	ʔ ɪ n ɪ t s i̯ a l i z iː ɐ̯ n
initiieren	ʔ ɪ n i t͡s i iː ʁ ə n
initiieren	ʔ ɪ n i t͡s i ʔ iː ʁ ə n
innehaben	ɪ n ə h aː b n̩
innerster	ɪ n ɐ s t ɐ
innerstes	ɪ n ɐ s t ə s
innert	ʔ ɪ n ɐ t
ins	ʔ ɪ n s
insektenkundlich	ɪ n z ɛ k t n̩ k ʊ n t l ɪ ç
insektenkundlicher	ɪ n z ɛ k t n̩ k ʊ n t l ɪ ç ɐ
inserieren	ɪ n z ə ʁ iː ʁ ə n
inskribieren	ʔ ɪ n s k ʁ i b iː ʁ ə n
installieren	ʔ ɪ n s t a l ɪː ɐ̯ n
instrumentalisieren	ʔ ɪ n s t ʁ u m ɛ n t a l i z iː ʁ ə n
integrieren	ʔ ɪ n tʰ ə ɡ ʁ iː ɐ̯ n
internationalisieren	ɪ n t ɐ n a t͡s i̯ o n a l i z iː ʁ ə n
internieren	ʔ ɪ n tʰ ə n iː ɐ̯ n
intervenieren	ɪ n t ɐ v e n iː ʁ ə n
irden	ʔ ɪ ʁ d n̩
irdisch	ʔ ɪ ɐ̯ d ɪ ʃ
irdisch	ʔ ɪ ʁ d ɪ ʃ
irgendein	ɪ ɐ̯ ŋ̍ t a e̯ n
irgendein	ɪ ɐ̯ ŋ̍ t ʔ a e̯ n
irgendein	ɪ ɐ̯ ɡ ŋ̍ t a e̯ n
irgendein	ɪ ɐ̯ ɡ ŋ̍ t ʔ a e̯ n
irgendwo	ɪ ɐ̯ ŋ̩ t v oː
irgendwo	ɪ ɐ̯ ɡ ə n t v oː
irgendwo	ɪ ʁ ŋ̩ t v oː
irgendwo	ɪ ʁ ɡ ə n t v oː
irrsinnig	ɪ ʁ z ɪ n ɪ k
irrsinnig	ɪ ʁ z ɪ n ɪ ç
irrsinnigerweise	ɪ ʁ z ɪ n ɪ ɡ ɐ v a ɪ̯ z ə
irrwitzig	ɪ ʁ v ɪ t͡s ɪ k
irrwitzig	ɪ ʁ v ɪ t͡s ɪ ç
islamisieren	ɪ s l a m i z iː ʁ ə n
isolieren	ʔ i z o l iː ɐ̯ n
italienischen	i t a l i̯ eː n ɪ ʃ n̩
italisch	ʔ i tʰ aː l ɪ ʃ
ja	j äː
ja	j ɑː
ja	j ɒ ~ j ɔ
ja	ʝ äː
jagdbar	j aː k t b aː
jagdbar	j aː k t b aː ɐ̯
jagen	j aː ɡ ŋ̩
jagten	j aː k t n̩
jagten	j aː k t ə n
jahreszeitlich	j aː ʁ ə s t͡s a ɪ̯ t l ɪ ç
jammern	j a m ɐ n
jappen	j a p m̩
jappen	j a p ə n
jaulen	j a ʊ̯ l ə n
jaulen	j a ʊ̯ l̩ n
jedweder	j eː t v eː d ɐ
jeher	j eː h eː ɐ̯
jemenitisch	j e m e n iː t ɪ ʃ
jetten	d ʒ ɛ t n̩
joa	j oː a
joa	j ɔː
joa	j ɔː a
joggen	d͡ʒ ɔ ɡ ŋ̍
jubeln	j uː b l̩ n
jubilieren	j u b i l iː r ə n
juchten	j ʊ x t n̩
jucken	j ʊ k ŋ̍
jugendfrei	j uː ɡ ŋ̩ t f ʁ a ɪ̯
jugendfrei	j uː ɡ ə n t f ʁ a ɪ̯
jugendfreie	j uː ɡ ŋ̩ t f ʁ a ɪ̯ ə
jugendfreie	j uː ɡ ə n t f ʁ a ɪ̯ ə
jungsteinzeitlicher	j ʊ ŋ ʃ t a ɪ̯ n t͡s a ɪ̯ t l ɪ ç ɐ
jäten	j eː t n̩
jäten	j ɛː t n̩
kacken	kʰ a k ŋ̩
kacken	kʰ a k ə n
kafkaesk	k a f k a ɛ s k
kalibrieren	kʰ a l i b ʁ iː ɐ̯ n
kaltherzig	k a l t h ɛ r t s ɪ k
kaltherzig	k a l t h ɛ r t s ɪ ç
kaltmachen	k a l t m a x n̩
kam	k aː m
kandidierend	k a n d i d iː ʁ ə n t
kandidierende	k a n d i d iː ʁ ə n d ə
kandidierender	k a n d i d iː ʁ ə n d ɐ
kandieren	kʰ a n d iː ɐ̯ n
kanzellieren	k a n t͡s ɛ l iː ʁ ə n
kapern	k aː p ɐ n
kapitalisieren	k a p i t a l i z iː ʁ ə n
kappen	k a p m̩
kappen	k a p ə n
kaprizieren	k a p ʁ i t͡s iː ʁ ə n
kapseln	kʰ a p s l̩ n
kaputtsparen	k a p ʊ t ʃ p aː ʁ ə n
kardiologisch	k a ʁ d i̯ o l o ɡ ɪ ʃ
karmisch	k aː m ɪ ʃ
karren	k a ʁ ə n
kasachisch	k a z a x ɪ ʃ
kassieren	k a s iː ɐ̯ n
kassieren	k a s iː ʁ ə n
kastriertes	k a s t ʁ iː ɐ̯ t ə s
kathartisch	k a t a ʁ t ɪ ʃ
katzbuckeln	k a t͡s b ʊ k l̩ n
kauderwelsch	k a ʊ̯ d ɐ v ɛ l ʃ
kaufen	k a ʊ̯ f n̩
kaufen	k a ʊ̯ f ə n
kaum	kʰ a ʊ̯ m
kehren	k eː ɐ n
kehren	k eː ɐ̯ n
kehren	k eː ʁ ə n
kehren	k ɛ ɐ̯ n
kehrtmachen	k eː ɐ̯ t m a χ n̩
keimen	kʰ a ɪ̯ m n̩
keinen	k a ɪ̯ n n̩
keinen	k a ɪ̯ n ə n
keltiberisch	kʰ ɛ l tʰ i b eː ʁ ɪ ʃ
kennenlernen	k ɛ n ə n l ɛ ɐ̯ n ə n
keramischen	k e ʁ aː m ɪ ʃ n̩
keramischen	k e ʁ aː m ɪ ʃ ə n
ketten	k ɛ t n̩
keuchen	k ɔ ʏ̯ ç n̩
kick	k ɪ k
kicken	k ɪ k ŋ̩
kicken	k ɪ k ə n
kiebitzen	k iː b ɪ t͡s n̩
kiefeln	k iː f l̩ n
kieken	k iː k ŋ̩
kieken	k iː k ə n
kiffen	kʰ ɪ f n̩
kikeriki	k ɪ k ə ʁ ɪ k iː
kill	k ɪ l
killen	k ɪ l ə n
kinderreich	k ɪ n d ɐ ʁ a ɪ̯ ç
kippeln	k ɪ p l̩ n
kippen	k ɪ p m̩
kippen	k ɪ p n̩
kitschig	k ɪ t ʃ ɪ k
kitschig	k ɪ t ʃ ɪ ç
kitten	k ɪ t n̩
kitzeln	k ɪ t͡s l̩ n
klack	k l a k
klacken	k l a k n̩
klagen	k l aː ɡ ŋ̩
klapp	k l a p
klappen	k l a p m̩
klappen	k l a p ə n
klappern	k l a p ɐ n
klapsen	k l a p s n̩
klar	k l äː
klar	k l äː ɐ̯
klar	k ɫ ɑː
klarmachen	k l aː m a χ ɴ̩
klarmachen	k l aː ɐ̯ m a χ ɴ̩
klatschen	k l a t ʃ n̩
kleben	k l eː b m̩
kleben	k l eː b ə n
kleckern	k l ɛ k ɐ n
kleiden	k l a ɪ̯ d n̩
kleiden	k l a ɪ̯ d ə n
kleinhalten	k l a ɪ̯ n h a l t n̩
kleinkriegen	k l a ɪ̯ n k ʁ iː ɡ n̩
kleinreden	k l a ɪ̯ n ʁ eː d n̩
kleinschreiben	k l a ɪ̯ n ʃ ʁ a ɪ̯ b n̩
klemmen	k l ɛ m m̩
klemmen	k l ɛ m ə n
klettert	k l ɛ t ɐ t
klicken	k l ɪ k ŋ̍
klimmen	k l ɪ m m̩
klimmen	k l ɪ m n̩
klirren	k l ɪ ʁ n̩
klobig	kʰ l oː b ɪ k
klobig	kʰ l oː b ɪ ç
klopfen	k l ɔ p f n̩
klopfen	k l ɔ p ɸ n̩
kloppen	k l ɔ p m̩
kloppen	k l ɔ p ə n
klumpen	k l ʊ m p m̩
klumpen	k l ʊ m p n̩
klären	kʰ l eː ɐ̯ n
klären	kʰ l ɛː ɐ̯ n
klötern	k l øː t ɐ n
knacken	k n a k n̩
knallen	kʰ n a l n̩
knapp	k n a p
knattern	k n a t ɐ n
knicken	k n ɪ k ŋ̩
knicken	k n ɪ k ə n
knie	k n iː
knie	k n iː ə
knittern	k n ɪ t ɐ n
knuddeln	k n ʊ d l̩ n
knuddeln	k n ʊ d ə l n
knurren	kʰ n ʊ ʁ n
knöpfen	k n œ p f n̩
knüddelnd	k n ʏ d l̩ n t
knüddelnd	k n ʏ d ə l n t
knüllen	k n ʏ l ə n
knüpfen	k n ʏ p f n̩
koagulieren	k o ʔ a ɡ u l iː ɐ̯ n
koagulieren	k o ʔ a ɡ u l iː ʁ ə n
kokett	kʰ o kʰ ɛ tʰ
kokettieren	k o k ɛ t iː ʁ ə n
kollabieren	k ɔ l a b iː ʁ ə n
kollationieren	k ɔ l a t͡s i̯ o n iː ʁ ə n
kollern	k ɔ l ɐ n
kollern	k ɔ l ə r n
kolonisieren	k o l o n i z iː ʁ ə n
kolportieren	k ɔ l p ɔ ɐ̯ t iː ɐ̯ n
kommen	k ɔ m ə n
kommenden	k ɔ m ə n d n̩
kommentieren	k ɔ m ɛ n t iː ʁ ə n
kommersieren	kʰ ɔ m ɛ r z iː r ə n
kommutativ	k ɔ m u t a t iː f
kompilieren	k ɔ m p i l iː ɐ̯ n
komplexieren	k ɔ m p l ɛ k s iː ʁ ə n
kondizieren	k ɔ n d i t͡s iː ɐ̯ n
kondizieren	k ɔ n d i t͡s iː ʁ ə n
konfigurieren	kʰ ɔ n f i ɡ u ʁ iː ɐ̯ n
konkret	k ɔ ŋ k ʁ eː t
konkretisieren	k ɔ ŋ k ʁ e t i z iː ʁ ə n
konkurrenzlos	kʰ ɔ ŋ kʰ ʊ ʁ ɛ n t s l oː s
konnten	k ɔ n t n̩
konnten	k ɔ n t ə n
konnten	k ɔ n ʔ n̩
konstatierend	k ɔ n s t a t iː ʁ ɛ n t
konstituieren	k ɔ n s t i t u iː ʁ ə n
konstruieren	k ɔ n s t ʁ u iː ʁ ə n
konterkarieren	kʰ ɔ n tʰ ɐ kʰ a ʁ iː ɐ̯ n
kontern	k ɔ n t ɐ n
kontinuierlich	k ɔ n t i n u iː ɐ̯ l ɪ ç
konzeptuell	k ɔ n t s ɛ p t u ɛ l
konzeptueller	k ɔ n t s ɛ p t u ɛ l ɐ
kopfüber	k ɔ p͡f ʔ yː b ɐ
koppeln	kʰ ɔ p l̩ n
koproduzieren	k oː p ʁ o d u t͡s iː ʁ ə n
korporatistisch	k ɔ ɐ̯ p o ʁ a t ɪ s t ɪ ʃ
korrelieren	k ɔ ʁ e l iː ʁ ə n
korrespondieren	kʰ ɔ ʁ ɛ s p ɔ n d iː ɐ̯ n
korrodieren	k ɔ ʁ o d iː ʁ ə n
korsisch	k ɔ ʁ z ɪ ʃ
koscher	k oː ʃ ɐ
koscher	k oː ʃ ə r
kosen	kʰ oː z n̩
koten	kʰ oː t n̩
kotzen	k ɔ t s n̩
kotzen	k ɔ t s ə n
krabbeln	k ʁ a b l̩ n
krabbeln	k ʁ a b ə l n
krachen	k ʁ a χ n̩
krakeelen	k ʁ a k eː l ə n
krakeelen	k ʁ a k eː l̩ n
kranken	k ʁ a ŋ k ŋ̩
krankenhausreif	k ʁ a ŋ k n̩ h a ʊ̯ s ʁ a ɪ̯ f
krankfeiern	k ʁ a ŋ k f a ɪ̯ ɐ n
krankmachen	k ʁ a ŋ k m a x n̩
krauchen	k ʁ a ʊ̯ x n̩
kraul	k ʁ a ʊ̯ l
kraulen	k ʁ a ʊ̯ l ə n
kraulen	k ʁ a ʊ̯ l̩ n
krebskrank	k ʁ eː p s k ʁ a ŋ k
kreischen	k ʁ a ɪ̯ ʃ n̩
krempeln	k ʁ ɛ m p l̩ n
kriegen	k r i ɐ ɡ̊ ɐ n
kriegen	k ʁ̞̊ i ɛ ɡ ɐ
kriegen	k ʁ̞̊ i ɛ ɡ ɐ n
kriegen	kʰ ʁ̞̊ iː ŋ̍
kriegen	kʰ ʁ̞̊ iː ɡ n
kriegen	kʰ ʁ̞̊ iː ɡ ə n
kriegsgeschädigt	k ʁ iː k s ɡ ə ʃ ɛː d ɪ k t
kriegsgeschädigt	k ʁ iː ç s ɡ ə ʃ ɛː d ɪ ç t
krisenerschüttert	k ʁ iː z n̩ ɛ ɐ̯ ʃ ʏ t ɐ t
kristallisieren	k ʁ ɪ s t a l i z iː ɐ̯ n
kristallisieren	k ʁ ɪ s t a l i z iː ʁ ə n
kristallografisch	k ʁ ɪ s t a l o ɡ ʁ aː f ɪ ʃ
kristallographisch	k ʁ ɪ s t a l o ɡ ʁ aː f ɪ ʃ
kritische	k ʁ iː t ɪ ʃ ə
kritische	k ʁ ɪ t ɪ ʃ ə
kritteln	k ʁ ɪ t l̩ n
krähen	k ʁ eː ə n
krähen	k ʁ ɛː ə n
kränkeln	k ʁ ɛ ŋ k l̩ n
kröpfen	k ʁ œ p͡f n̩
ksch	k ʃ̩
kulturgeschichtlich	kʰ ʊ l t uː ɐ̯ ɡ ə ʃ ɪ ç t l ɪ ç
kumanisch	kʰ u m aː n ɪ ʃ
kumulieren	k u m u l iː ʁ ə n
kundgeben	k ʊ n t ɡ eː b n
kundtuend	k ʊ n t t uː ə n t
kundtun	k ʊ n t t uː n
kupfern	kʰ ʊ p f ɐ n
kupfersteinzeitlich	k ʊ p͡f ɐ ʃ t a ɪ̯ n t͡s a ɪ̯ t l ɪ ç
kupfersteinzeitlicher	k ʊ p͡f ɐ ʃ t a ɪ̯ n t͡s a ɪ̯ t l ɪ ç ɐ
kuppeln	k ʊ p l̩ n
kurbeln	k ʊ ʁ b l̩ n
kurisch	kʰ uː ʁ ɪ ʃ
kurländisch	kʰ uː ɐ̯ l ɛ n d ɪ ʃ
kurz	kʰ ʊ ɐ̯ t͡s
kurzgeschlossen	k ʊ ʁ t͡s ɡ ə ʃ l ɔ s n̩
kusch	ɡ̊ uː ʃ
kutschieren	k ʊ t͡ʃ iː ʁ ə n
kälteempfindlich	k ɛ l t ə ʔ ɛ m p͡f ɪ n t l ɪ ç
kämmen	k ɛ m ə n
kämpfen	k ɛ m f ə n
kämpfen	k ɛ m p͡f n̩
kämpfen	k ɛ m p͡f ə n
käuflich	k ɔ ɪ̯ f l ɪ ç
können	k œ n n̩
können	k œ n ə n
köpfen	k œ p f n̩
köpfen	k œ p ɸ m̩
körpernah	kʰ œ ɐ̯ p ɐ n aː
körpernah	kʰ œ ʁ p ɐ n aː
kübeln	k yː b l̩ n
kühlen	kʰ yː l n
kündbar	k ʏ n t b aː
kündbar	k ʏ n t b aː ɐ̯
kündigen	k ʏ n d ɪ ɡ n̩
kündigen	k ʏ n d ɪ ɡ ŋ̩
kündigen	k ʏ n d ɪ ɡ ə n
küren	k yː ɐ n
küren	k yː ʁ ə n
kürzen	kʰ ʏ ɐ̯ t s n̩
kürzesten	kʰ ʏ ɐ̯ t͡s ə s t ə n
küssen	kʰ ʏ s n̩
laben	l aː b m̩
laben	l aː b n̩
laben	l aː b ə n
laborieren	l a b o ʁ iː ʁ ə n
lachen	l a x n̩
lachen	l a x ə n
lachen	l a χ n̩
lachen	l a χ ə n
lacht	l a x t
lackieren	l a kʰ iː ɐ̯ n
lagen	l aː ɡ ŋ̩
lager	l aː ɡ ɐ
laggen	l a ɡ ŋ̩
laggen	l æ ɡ ŋ̩
laggen	l ɛ ɡ ŋ̩
lahmen	l aː mː
lahmlegen	l aː m l eː ɡ ŋ
lakonisch	l a k oː n ɪ ʃ
lancieren	l ã s iː ɐ̯ n
landen	l a n d ŋ̩
landesrechtlich	l a n d ə s ʁ ɛ ç t l ɪ ç
landesverräterisch	l a n d ə s f ɛ ɐ̯ ʁ ɛː t ə ʁ ɪ ʃ
lang	l a ŋ
lang	l a ŋ k
lange	l a ŋ ə
langest	l a ŋ ə s t
langet	l a ŋ ə t
langgehen	l a ŋ ɡ eː ə n
langst	l a ŋ s t
langt	l a ŋ t
langweilen	l a ŋ v a ɪ l ə n
lapidar	l a p i d aː
lapidar	l a p i d aː ɐ̯
lassen	l a s n̩
lassen	l a s ə n
laste	l a s t ə
lasten	l a s t n̩
lasten	l a s t ə n
lastete	l a s t ə t ə
lasziv	l a s t͜s iː f
lateinischen	l a t a ɪ̯ n ɪ ʃ n̩
lateinischen	l a t a ɪ̯ n ɪ ʃ ə n
laufen	l a ʊ̯ f n̩
laufen	l a ʊ̯ f ɱ̩
laufend	l a ʊ̯ f m̩ t
laufend	l a ʊ̯ f n̩ t
lauterburgisch	l a ʊ̯ t ɐ b ʊ ʁ ɡ ɪ ʃ
lauterburgischer	l a ʊ̯ t ɐ b ʊ ʁ ɡ ɪ ʃ ɐ
lautieren	l a ʊ̯ t iː ɐ̯ n
lautieren	l a ʊ̯ t iː ʁ ə n
lautmalend	l a ʊ̯ t m aː l ə n t
lavieren	l a v iː ɐ n
lavieren	l a v iː ʁ ə n
leben	l eː b m̩
leben	l eː b n
leben	l eː b ə n
lebendgebärend	l eː b m̩ t ɡ ə b ɛː ʀ ə n t
lebenslänglich	l eː b m̩ s l ɛ ŋ l ɪ ç
lebensmittelkundlich	l eː b n̩ s m ɪ t l̩ k ʊ n t l ɪ ç
lebensmittelkundlicher	l eː b n̩ s m ɪ t l̩ k ʊ n t l ɪ ç ɐ
lebensmüde	l eː b m̩ s m yː d ə
lebhaft	l eː p h a f t
ledern	l eː d ɐ n
leeressen	l eː ɐ̯ ʔ ɛ s n̩
legal	l eː ɡ aː l
legen	l eː ŋ̍
legende	l eː ɡ e n d ə
leger	l e ʒ ɛ ɐ̯
leger	l e ʒ ɛː ɐ̯
legitimieren	l e ɡ i t i m iː ʁ ə n
legitimierend	l e ɡ i t i m iː ʁ ə n t
legitimiert	l e ɡ i t i m iː ɐ̯ t
legitimierte	l e ɡ i t i m iː ɐ̯ t ə
lehrend	l eː ʁ ə n t
lehrender	l eː ʁ ə n d ɐ
lehrreich	l eː ɐ̯ ʁ a ɪ̯ ç
leibeigen	l a ɪ̯ p ʔ a ɪ̯ ɡ ə n
leichtflüssigen	l a ɪ̯ ç t f l ʏ s ɪ ɡ n̩
leichtflüssigen	l a ɪ̯ ç t f l ʏ s ɪ ɡ ŋ̩
leichtlebig	l a ɪ̯ ç t l eː b ɪ k
leichtlebig	l a ɪ̯ ç t l eː b ɪ ç
leichtlebige	l a ɪ̯ ç t l eː b ɪ ɡ ə
leichtlebigem	l a ɪ̯ ç t l eː b ɪ ɡ ə m
leichtlebigen	l a ɪ̯ ç t l eː b ɪ ɡ n̩
leichtlebigen	l a ɪ̯ ç t l eː b ɪ ɡ ŋ̩
leichtlebiger	l a ɪ̯ ç t l eː b ɪ ɡ ɐ
leichtlebiges	l a ɪ̯ ç t l eː b ɪ ɡ ə s
leiden	l a ɪ̯ d n̩
leidenschaftslos	l a ɪ̯ d n̩ ʃ a f t͡s l oː s
leidtuend	l a ɪ̯ t t uː ə n t
leidtun	l a ɪ̯ t t uː n
leihweise	l a͜i v a͜i z ə
leise	l a ɪ̯ z ə
leisten	l a ɪ̯ s t ə n
leiten	l a ɪ̯ t n̩
lenken	l ɛ ŋ k ŋ̍
lenzen	l ɛ n t͡s n̩
lepontisch	l e p ɔ n tʰ ɪ ʃ
lernend	l ɛ ʁ n ə n t
lernender	l ɛ ʁ n ə n d ɐ
lesbar	l eː s b aː ɐ̯
letztere	l ɛ t s t ə ʁ ə
leuchten	l ɔ ʏ̯ ç t n̩
leugbar	l ɔ ʏ̯ k b aː
leugbar	l ɔ ʏ̯ k b aː ɐ̯
liberalisieren	l i b ə ʁ a l i z iː ʁ ə n
lichtecht	l ɪ ç t ʔ ɛ ç t
lichtensteinisch	l ɪ ç t ə n ʃ t a ɪ̯ n ɪ ʃ
lichter	l ɪ ç tʰ ɐ
lichtfunkelnd	l ɪ ç t f ʊ ŋ k l̩ n t
lichtfunkelnd	l ɪ ç t f ʊ ŋ k ə l n t
lichtfunkelnde	l ɪ ç t f ʊ ŋ k l̩ n d ə
lichtfunkelnde	l ɪ ç t f ʊ ŋ k ə l n d ə
liebem	l iː b m̩
liebem	l iː b ə m
lieben	l iː b m̩
lieben	l iː b ə n
liebkosen	l iː p k oː z n̩
liebäugeln	l iː p ʔ ɔ ɪ̯ ɡ l̩ n
lief	l iː f
liegen	l iː ɡ ŋ̍
liegen	l iː ɡ ə n
liegengeblieben	l iː ɡ n̩ ɡ ə b l iː b n̩
liegengeblieben	l iː ɡ ŋ̩ ɡ ə b l iː b m̩
liegenlassen	l iː ɡ ŋ̩ l a s n̩
liegenlassen	l iː ɡ ə n l a s ə n
lies	l iː s
ligurisch	l i ɡ uː ʁ ɪ ʃ
ligurischer	l i ɡ uː ʁ ɪ ʃ ɐ
linienflüchtig	l iː n i̯ ə n f l ʏ ç t ɪ k
linienflüchtig	l iː n i̯ ə n f l ʏ ç t ɪ ç
linienflüchtiger	l iː n i̯ ə n f l ʏ ç t ɪ ɡ ɐ
linken	l ɪ ŋ k n̩
linken	l ɪ ŋ ʔ ŋ̩
linker	l ɪ ŋ k ɐ
listen	l ɪ s t n̩
lizenzieren	l i t s ɛ n d z iː ʁ ə n
lizenzieren	l i t s ɛ n z iː ʁ ə n
lobhudeln	l oː p h uː d l̩ n
lochen	l ɔ χ n̩
locken	l ɔ k n̩
locken	l ɔ k ŋ̩
lockig	l ɔ k ɪ ç
logarithmisch	l o ɡ a ʁ ɪ t m ɪ ʃ
logarithmische	l o ɡ a ʁ ɪ t m ɪ ʃ ə
logarithmischen	l o ɡ a ʁ ɪ t m ɪ ʃ ə n
logarithmischer	l o ɡ a ʁ ɪ t m ɪ ʃ ɐ
logarithmisches	l o ɡ a ʁ ɪ t m ɪ ʃ ə s
logisch	l oː ɡ ɪ ʃ
logische	l oː ɡ ɪ ʃ ə
logo	l oː ɡ o
lohnen	l oː n ə n
losbrechen	l oː s b ʁ ɛ ç n̩
loseisen	l oː s ʔ a ɪ̯ z n̩
loseisen	l oː s ʔ a ɪ̯ z ə n
losgekettet	l oː s ɡ ə k ɛ t ə t
losketten	l oː s k ɛ t n̩
loslassen	l oː s l a s n̩
losprügeln	l oː s p ʁ yː ɡ l̩ n
losprügeln	l oː s p ʁ yː ɡ ə l n
losschiessen	l oː s ʃ iː s n̩
losschießen	l oː s ʃ iː s n̩
losschießend	l oː s ʃ iː s n̩ t
loten	l oː t n̩
lotsen	l oː t͡s n̩
loyal	l o a j aː l
loyal	l ɔ j aː l
lozieren	l o t͡s iː r ə n
lozieren	l o t͡s iː ɐ̯ n
lozieren	l o t͡s iː ʁ ə n
lud	l uː t
lugen	l uː ɡ n̩
lunchen	l a n t͡ʃ n̩
lunchen	l a n ʃ n̩
lungenkrank	l ʊ ŋ ə n k r a ŋ k
lusitanisch	l u z i tʰ aː n ɪ ʃ
lutschen	l uː t͡ʃ n̩
lutschen	l ʊ t͡ʃ n̩
luvwärts	l uː f v ɛ ɐ t s
lyrisch	l yː ʁ ɪ ʃ
längerlebig	l ɛ ŋ ɐ l eː b ɪ ç
längsten	l ɛ ŋ s t n̩
längsten	l ɛ ŋ s t ə n
läppern	l ɛ p ɐ n
lärmen	l ɛ ʁ m ə n
läufst	l ɔ y f s t
läuft	l ɔ ʏ̯ f t
löffeln	l œ f l̩ n
löschen	l œ ʃ n̩
löschen	l œ ʃ ə n
löse	l øː z ə
lösen	l øː z n̩
lösen	l øː z ə n
löwenbergisch	l øː v n̩ b ɛ ɐ̯ ɡ ɪ ʃ
löwenbergischer	l øː v n̩ b ɛ ɐ̯ ɡ ɪ ʃ ɐ
löwenburgisch	l øː v n̩ b ʊ ɐ̯ ɡ ɪ ʃ
löwenburgischer	l øː v n̩ b ʊ ɐ̯ ɡ ɪ ʃ ɐ
löwensteinisch	l øː v n̩ ʃ t a ɪ n ɪ ʃ
löwensteinischer	l øː v n̩ ʃ t a ɪ n ɪ ʃ ɐ
lückenlos	l ʏ kʰ n̩ l oː s
lüge	l yː ɡ ə
lügen	l yː ɡ ə n
lüpfen	l ʏ p f n̩
lüpfen	l ʏ p f ə n
lüpfen	l ʏ p ɸ ə n
lüpfen	l ʏ p ɸ ɱ̍
lüstern	l ʏ s t ɐ n
ma	m ä
ma	m ɐ
machen	m ä x ɛ n
machen	m ä χ n̩
machen	m ä χ ə n
machen	m ɑ χ ə n
macht	m a x t
machtpolitisch	m a x t p o l iː t ɪ ʃ
mafios	m a f i oː s
mafios	m a f j oː s
mafiös	m a f i øː s
mafiös	m a f j øː s
mahlen	m aː l̩ n
mahnen	m aː n ə n
makabrer	m a k aː b ʁ ɐ
malaysisch	m a l a ɪ̯ z ɪ ʃ
maledeien	m a l ə d a ɪ̯ ə n
malen	m aː l̩ n
malnehmen	m aː l n eː m n̩
malträtieren	m a l t ʁ ɛ t iː ʁ ə n
manch	m a n ç
manuell	m a n u ɛ l
manuell	m a n w ɛ l
manövrierfähige	m a n øː v ʁ iː ɐ̯ f ɛː ɪ ɡ ə
manövrierfähigem	m a n øː v ʁ iː ɐ̯ f ɛː ɪ ɡ ə m
manövrierfähigen	m a n øː v ʁ iː ɐ̯ f ɛː ɪ ɡ n̩
manövrierfähiger	m a n øː v ʁ iː ɐ̯ f ɛː ɪ ɡ ɐ
manövrierfähiges	m a n øː v ʁ iː ɐ̯ f ɛː ɪ ɡ ə s
markant	m a ɐ̯ k a n t
markant	m a ʁ k a n t
marketendern	m a ʁ k ə t ɛ n d ɐ n
marketendernd	m a ʁ k ə t ɛ n d ɐ n t
marketendert	m a ʁ k ə t ɛ n d ɐ t
marketenderte	m a ʁ k ə t ɛ n d ɐ t ə
markieren	m a ɐ̯ kʰ iː ɐ̯ n
markten	m a ɐ̯ k t ə n
marodieren	m a ʁ o d iː ɐ̯ n
martern	m a ɐ̯ t ɐ n
martern	m a ʁ t ɐ n
martre	m a ʁ t ʁ ə
martret	m a ɐ̯ t ʁ ə t
martret	m a ʁ t ʁ ə t
maschinenschriftlich	m a ʃ iː n ə n ʃ ʁ ɪ f t l ɪ ç
massenhaft	m a s n̩ h a f t
massieren	m a s iː ʁ ə n
massive	m a s iː v ə
masturbieren	m a s t ʊ ʁ b iː ɐ̯ n
masturbieren	m a s t ʊ ʁ b iː ʁ ə n
mauen	m a ʊ̯ ə n
maunzen	m a ʊ̯ n t͡s n̩
mausen	m a ʊ̯ z n̩
mausern	m a ʊ̯ z ɐ n
mauzen	m a ʊ̯ t͡s n̩
maximieren	m a k s i m iː ɐ̯ n
maß	m aː s
maßgeblich	m aː s ɡ eː p l ɪ ç
maßschneidernd	m aː s ʃ n a ɪ̯ d ɐ n t
maßstabgerecht	m aː s ʃ t aː p ɡ ə ʁ ɛ ç t
maßstabgetreu	m aː s ʃ t aː p ɡ ə t ʁ ɔ ɪ̯
maßstabsgerecht	m aː s ʃ t aː p s ɡ ə ʁ ɛ ç t
maßstabsgetreu	m aː s ʃ t aː p s ɡ ə t ʁ ɔ ɪ̯
mediatorisch	m e d i̯ aː t oː ʁ ɪ ʃ
medienrechtlich	m eː d i̯ ə n ʁ ɛ ç t l ɪ ç
medienrechtlicher	m eː d i̯ ə n ʁ ɛ ç t l ɪ ç ɐ
medizinisch	m e d i t s iː n ɪ ʃ
meiden	m a ɪ̯ d n̩
meinen	m a ɪ̯ n n̩
meinen	m a ɪ̯ n ə n
meinerseits	m a ɪ̯ n ɐ z a ɪ̯ t͡s
meinethalben	m a ɪ̯ n ə t h a l b n̩
meins	m a ɪ̯ n t͡s
melancholisch	m e l a ŋ k oː l ɪ ʃ
melden	m ɛ l d n̩
meldetet	m ɛ l d ə t ə t
melierten	m e l iː ɐ̯ t n̩
melken	m ɛ l k ŋ̩
melken	m ɛ l k ə n
melodiös	m e l o d i̯ øː s
mensch	m ɛ n t ʃ
mensch	m ɛ n ʃ
menscheln	m ɛ n ʃ l̩ n
menscheln	m ɛ n ʃ ə l n
mental	m ɛ n t aː l
mentale	m ɛ n t aː l ə
mentalem	m ɛ n t aː l ə m
mentales	m ɛ n t aː l ə s
merkt	m ɛ r k t
mesalliieren	m ɛ s a l i iː ʁ ə n
mesmerisieren	m ɛ s m ə ʁ i z iː ʁ ə n
mesolithisch	m e z o l iː t ɪ ʃ
mesolithisch	m e z o l ɪ t ɪ ʃ
messingummantelt	m ɛ s ɪ ŋ ʊ m m a n t l̩ t
messingummantelte	m ɛ s ɪ ŋ ʊ m m a n t l̩ t ə
messingummantelter	m ɛ s ɪ ŋ ʊ m m a n t l̩ t ɐ
messingummanteltes	m ɛ s ɪ ŋ ʊ m m a n t l̩ t ə s
methodistisch	m e t o d ɪ s t ɪ ʃ
meucheln	m ɔ ʏ̯ ç l̩ n
meutern	m ɔ ʏ̯ t ɐ n
miau	m i a ʊ̯
miau	m j a ʊ̯
miauen	m i a ʊ̯ n̩
miauen	m j a ʊ̯ n̩
militarisieren	m i l i t a ʁ i z iː ʁ ə n
milliardenschwer	m ɪ l i̯ a ʁ d n̩ ʃ v eː ɐ̯
minder	m ɪ n d ɐ
minderbemittelt	m ɪ n d ɐ b ə m ɪ t l̩ t
minen	m a ɪ̯ n n̩
minen	m a ɪ̯ n ə n
minen	m iː n n̩
minen	m iː n ə n
minimieren	m i n i m iː ɐ̯ n
minus	m iː n ʊ s
mischerbig	m ɪ ʃ ʔ ɛ ʁ b ɪ k
mischerbig	m ɪ ʃ ʔ ɛ ʁ b ɪ ç
missbrauchen	m ɪ s b ʁ a ʊ x ə n
missdeuten	m ɪ s d ɔ ʏ̯ t n̩
misshandeln	m ɪ s h a n d l̩ n
missionieren	m ɪ s i̯ o n iː ʁ ə n
missleiten	m ɪ s l a ɪ̯ t n̩
missleitend	m ɪ s l a ɪ̯ t n̩ t
missleitet	m ɪ s l a ɪ̯ t ə t
misslingen	m ɪ s l ɪ ŋ ŋ̩
missraten	m ɪ s ʁ aː t n̩
missverstehen	m ɪ s f ɛ ɐ̯ ʃ t eː ə n
missverständlich	m ɪ s f ɛ ɐ̯ ʃ t ɛ n t l ɪ ç
mitarbeiten	m ɪ t ʔ a ʁ b a ɪ̯ t n̩
mitbringen	m ɪ tʰ b ʁ ɪ ŋ n̩
miteinander	m ɪ t ə n a n d ɐ
mitessen	m ɪ t ʔ ɛ s n̩
mitfühlendsten	m ɪ t f yː l ə n t͡s t n̩
mitgehen	m ɪ t ɡ eː ə n
mithalten	m ɪ t h a l t n̩
mithören	m ɪ t h øː ʁ ə n
mitklingen	m ɪ t k l ɪ ŋ n̩
mitleiden	m ɪ t l a ɪ̯ d n̩
mitmischen	m ɪ t m ɪ ʃ n̩
mitreden	m ɪ t ʁ eː d n̩
mitschuldig	m ɪ t ʃ ʊ l d ɪ k
mitschuldig	m ɪ t ʃ ʊ l d ɪ ç
mittel	m ɪ t l̩
mittel	m ɪ t ə l
mittelalterlich	m ɪ t l̩ ʔ a l t ɐ l ɪ ç
mittelaltrig	m ɪ t l̩ ʔ a l t ʁ ɪ ç
mittelgroß	m ɪ t l̩ ɡ ʁ oː s
mittellos	m ɪ tʰ ə l oː s
mittelsteinzeitlich	m ɪ t l̩ ʃ t a ɪ̯ n t͡s a ɪ̯ t l ɪ ç
mittelsteinzeitlicher	m ɪ t l̩ ʃ t a ɪ̯ n t͡s a ɪ̯ t l ɪ ç ɐ
mittelständig	m ɪ t l̩ ʃ t ɛ n d ɪ k
mittelständig	m ɪ t l̩ ʃ t ɛ n d ɪ ç
mittschiffs	m ɪ t ʃ ɪ f s
mitunter	m ɪ tʰ ʔ ʊ n tʰ ɐ
mixen	m ɪ k s n̩
mixen	m ɪ k s ə n
mobben	m ɔ b m̩
modeln	m ɔ d l̩ n
modernisieren	m o d ɛ ʁ n i z iː ʁ ə n
momentan	m o m ɛ n t aː n
monatelang	m oː n a tʰ ə l a ŋ
monegassisch	m o n ə ɡ a s ɪ ʃ
monetär	m o n e t ɛ ɐ̯
monetär	m o n e t ɛː ɐ̯
monokausal	m oː n o k a ʊ̯ z aː l
monoklonal	m o n o k l ɔ n aː l
monoton	m o n o t oː n
montieren	m ɔ n tʰ iː ɐ̯ n
morden	m ɔ ʁ d n̩
morgenrötlich	m ɔ ɐ̯ ɡ ŋ̩ ʁ øː t l ɪ ç
morgenrötlich	m ɔ ɐ̯ ɡ ə n ʁ øː t l ɪ ç
morgenrötlich	m ɔ ʁ ɡ ŋ̩ ʁ øː t l ɪ ç
morgenrötlich	m ɔ ʁ ɡ ə n ʁ øː t l ɪ ç
motzen	m ɔ t͡s n̩
mucken	m ʊ k ŋ̍
mucken	m ʊ k ə n
muff	m ʊ f
muffe	m ʊ f ə
muffen	m ʊ f ɱ̩
munden	m ʊ n d n̩
munkeln	m ʊ ŋ k l̩ n
munkeln	m ʊ ŋ k ə l n
musizieren	m u z i t͡s iː ʁ ə n
muskulär	m ʊ s k u l ɛ ɐ̯
muskulär	m ʊ s k u l ɛː ɐ̯
muten	m j uː t n̩
muten	m uː t n̩
mutmaßen	m uː t m aː s n̩
mutwillig	m uː t v ɪ l ɪ ç
muß	m ʊ s
mähen	m eː n
mähen	m eː ə n
mähen	m ɛː n
mähen	m ɛː ə n
mästen	m ɛ s t n̩
mäßigen	m ɛː s ɪ ɡ n̩
mäßigend	m ɛː s ɪ ɡ n̩ t
mäßigt	m ɛː s ɪ ç t
mäßigte	m ɛː s ɪ ç t ə
möblieren	m ø b l iː ɐ̯ n
möbliert	m ø b l iː ɐ̯ tʰ
mögen	m øː ɡ ŋ̩
mögen	m øː ɡ ə n
möglich	m øː k l ɪ ç
müllen	m ʏ l n̩
mürrisch	m ʏ ʁ ɪ ʃ
müssen	m ʏ s n̩
müssen	m ʏ s ə n
mütterlich	m ʏ tʰ ɐ l ɪ ç
nachahmen	n aː x ʔ aː m ə n
nacharten	n aː x ʔ a ʁ t n̩
nachbauen	n aː χ b a ʊ̯ ə n
nachbehandeln	n aː x b ə h a n d l̩ n
nachbestellen	n aː x b ə ʃ t ɛ l ə n
nachbestellt	n aː x b ə ʃ t ɛ l t
nachbeten	n aː x b eː t n̩
nachbilden	n aː x b ɪ l d n̩
nachbilden	n aː x b ɪ l d ə n
nachdrucken	n aː x d ʁ ʊ k n̩
nacheifern	n aː χ ʔ a ɪ̯ f ɐ n
nachempfinden	n aː x ʔ ɛ m p͡f ɪ n d n̩
nachfolgen	n aː χ f ɔ l ɡ ŋ
nachforschen	n aː χ f ɔ ʁ ʃ n̩
nachfühlen	n aː x f yː l ə n
nachfüllen	n aː x f ʏ l ə n
nachgeben	n aː χ ɡ eː b m̩
nachgefüllt	n aː x ɡ ə f ʏ l t
nachgehen	n aː χ ɡ̊ eː ə n
nachgeraten	n aː χ ɡ ə ʁ aː t n̩
nachgießen	n aː x ɡ iː s n̩
nachhaken	n aː χ h aː k n̩
nachhaltig	n äː x h ä l tʰ i k
nachhaltig	n äː x h ä l tʰ ɪ ç
nachhaltig	n äː χ h ä l tʰ ɪ ç
nachhaltig	n ɑː x h a l tʰ ɪ ç
nachhaltig	n ɑː χ h a l tʰ ɪ ç
nachhaltig	n ɑː χ h ɑ l t i ɡ̊
nachhaltiger	n aː χ h a l t ɪ ɡ ɐ
nachhaltigsten	n aː χ h a l t ɪ ç s t n̩
nachhaltigsten	n aː χ h a l t ɪ ç s t ə n
nachholen	n aː χ h oː l ə n
nachhängen	n aː x h ɛ ŋ ə n
nachkaufen	n aː χ k a ʊ̯ f n̩
nachklingen	n aː x k l ɪ ŋ n̩
nachlassen	n aː χ l a s n̩
nachleisten	n aː χ l a ɪ̯ s t n̩
nachmachen	n aː x m a x n̩
nachmittags	n aː χ m ɪ t aː k s
nachpfeifen	n aː x p͡f a ɪ̯ f n̩
nachplappern	n aː χ p l a p ɐ n
nachsagen	n aː χ z aː ɡ ŋ̍
nachsichtig	n a χ z ɪ ç t ɪ k
nachsichtig	n a χ z ɪ ç t ɪ ç
nachsinnen	n aː x z ɪ n ə n
nachsitzen	n aː χ z ɪ t͡s n̩
nachsprechen	n aː x ʃ p ʁ ɛ ç n̩
nachsteigen	n aː χ ʃ t a i̯ ɡ n̩
nachstellen	n aː χ ʃ t ɛ l ə n
nachtragen	n aː χ t ʁ aː ɡ n̩
nachts	n a χ t s
nachvollziehbar	n aː χ f ɔ l t s iː b aː ɐ̯
nachzählen	n aː χ t s ɛː l n̩
nagen	n aː ɡ ŋ̩
naheliegen	n aː ə l iː ɡ n̩
nahen	n aː ə n
nahestehen	n aː ə ʃ t eː ə n
namenlos	n aː m ə n l oː s
naschen	n a ʃ n̩
nasführen	n aː s f yː ʁ ə n
naszierend	n a s t͡s iː ʁ ə n t
national	n a t s j o n aː l
natriumhaltigen	n aː t ʁ i ʊ m h a l t ɪ ɡ n̩
natriumhaltigen	n aː t ʁ i ʊ m h a l t ɪ ɡ ŋ̩
naturgeschichtlich	n a t uː ɐ̯ ɡ ə ʃ ɪ ç t l ɪ ç
naturkundlich	n a t uː ɐ̯ k ʊ n t l ɪ ç
naturkundlicher	n a t uː ɐ̯ k ʊ n t l ɪ ç ɐ
naturnah	n a t uː ɐ̯ n aː
naturverbunden	n a t uː ɐ̯ f ɛ ɐ̯ b ʊ n d n̩
natürlich	n a tʰ yː ɐ̯ l ɪ ç
navigieren	n a v i ɡ iː ʁ ə n
nazifizieren	n a t͡s i f i t͡s iː ʁ ə n
nebeln	n eː b l̩ n
nebeln	n eː b ə l n
nebenan	n eː b m̩ ʔ a n
nebeneinanderhalten	n eː b m̩ a ɪ̯ n a n d ɐ h a l t n̩
nebenher	n eː b n̩ h eː ɐ̯
nebensächlich	n eː b n̩ z ɛ ç l ɪ ç
necken	n ɛ k ŋ
necksen	n ɛ k s n̩
necksen	n ɛ k s ə n
neigen	n a ɪ̯ ɡ ŋ̍
nein	n a ɛ̯ n
nein	n ä e̯ n
nein	n ä ɪ̯ n
nein	n ɛ ɪ̯ n
neoliberal	n e o l i b e ʁ aː l
nerdigen	n œː ɐ̯ d ɪ ɡ n̩
nerdigen	n œː ɐ̯ d ɪ ɡ ŋ̩
nerdigste	n œː ɐ̯ d ɪ k s t ə
nerdigste	n œː ɐ̯ d ɪ ç s t ə
nerdigstem	n œː ɐ̯ d ɪ k s t ə m
nerdigstem	n œː ɐ̯ d ɪ ç s t ə m
nerdigsten	n œː ɐ̯ d ɪ k s t n̩
nerdigsten	n œː ɐ̯ d ɪ ç s t n̩
nerdigster	n œː ɐ̯ d ɪ k s t ɐ
nerdigster	n œː ɐ̯ d ɪ ç s t ɐ
nerdigstes	n œː ɐ̯ d ɪ k s t ə s
nerdigstes	n œː ɐ̯ d ɪ ç s t ə s
nerven	n ɛ ʁ f ə n
nervenaufreibend	n ɛ ʁ f n̩ a ʊ̯ f ʁ a ɪ̯ b n̩ t
nervig	n ɛ ʁ f ɪ k
nervig	n ɛ ʁ f ɪ ç
nervös	n ɛ ɐ̯ v øː s
nesteln	n ɛ s t l̩ n
netzen	n ɛ t s ə n
neuartig	n ɔ ʏ̯ a ɐ̯ tʰ ɪ k
neuartig	n ɔ ʏ̯ a ɐ̯ tʰ ɪ ç
neuenburgisch	n ɔ ɪ̯ ə n b ʊ ʁ ɡ ɪ ʃ
neunhundertjähriger	n ɔ ɪ̯ n h ʊ n d ɐ t j ɛː ʁ ɪ ɡ ɐ
neuntausendneunhundertneunundneunzig	n ɔ ɪ̯ n t a ʊ̯ z n̩ t n ɔ ɪ̯ n h ʊ n d ɐ t n ɔ ɪ̯ n ʊ n t n ɔ ɪ̯ n t s ɪ ç
neunundfünfzigfacher	n ɔ ɪ̯ n ʊ n t f ʏ n f t͡s ɪ ç f a x ɐ
neunundfünfzigjähriger	n ɔ ɪ̯ n ʊ n t f ʏ n f t͡s ɪ ç j ɛː ʁ ɪ ɡ ɐ
neunundvierzigfacher	n ɔ ɪ̯ n ʊ n t f ɪ ɐ̯ t͡s ɪ ç f a x ɐ
neunundvierzigjähriger	n ɔ ɪ̯ n ʊ n t f ɪ ɐ̯ t͡s ɪ ç j ɛː ʁ ɪ ɡ ɐ
neunzehnfacher	n ɔ ɪ̯ n t͡s eː n f a x ɐ
neunzehnjähriger	n ɔ ɪ̯ n t͡s eː n j ɛː ʁ ɪ ɡ ɐ
neunzigtausend	n ɔ ʏ̯ n s ɪ k t a ʊ z n̩ t
neunzigtausendfach	n ɔ ʏ̯ n s ɪ k t a ʊ z n̩ t f a χ
neunzigtausendmal	n ɔ ʏ̯ n s ɪ k t a ʊ z n̩ t m aː ɮ̩
neupersisch	n ɔ ɪ̯ p ɛ ʁ z ɪ ʃ
neupersischer	n ɔ ɪ̯ p ɛ ʁ z ɪ ʃ ɐ
neuweltlich	n ɔ ɪ̯ v ɛ l t l ɪ ç
neuweltlicher	n ɔ ɪ̯ v ɛ l t l ɪ ç ɐ
nicht	n i x t
nicht	n i ç t
nicht	n ə ɕ t
nicht	n ɪ x t
nicht	n ɪ ç t
nicht	n ɪ ɕ t
nichts	n ɪ ç t͡s
nicken	n ɪ k ŋ̍
niederblicken	n iː d ɐ b l ɪ k n̩
niederblickend	n iː d ɐ b l ɪ k n̩ t
niedergerissen	n iː d ɐ ɡ ə ʁ ɪ s n̩
niederknien	n iː d ɐ kʰ n iː ə n
niederkommen	n iː d ɐ k ɔ m ə n
niederlassen	n iː d ɐ l a s n̩
niederlassen	n iː d ɐ l a s ə n
niederlegen	n iː d ɐ l eː ɡ n̩
niedermachen	n iː d ɐ m a x n̩
niedermetzeln	n iː d ɐ m ɛ t͡s l̩ n
niedermähen	n iː d ɐ m ɛː ə n
niederprügeln	n iː d ɐ p ʁ yː ɡ l̩ n
niederreden	n iː d ɐ ʁ eː d n̩
niederreißen	n iː d ɐ ʁ a ɪ̯ s n̩
niederreißend	n iː d ɐ ʁ a ɪ̯ s n̩ t
niederringen	n iː d ɐ ʁ ɪ ŋ ə n
niederrinnen	n iː d ɐ r ɪ n ə n
niederschauen	n iː d ɐ ʃ a ʊ̯ ə n
niederschießen	n iː d ɐ ʃ iː s n̩
niederschlagen	n iː d ɐ ʃ l aː ɡ ŋ
niederstechen	n iː d ɐ ʃ t ɛ ç n̩
niederstoßen	n iː d ɐ ʃ t oː s n̩
niederstrecken	n iː d ɐ ʃ t ʁ ɛ k ŋ̩
niedlich	n iː t l ɪ ç
niesen	n iː z n̩
niesen	n iː z ə n
niessen	n iː s n̩
nimmer	n i m ɐ
nimmer	n ɪ m ɐ
nimmt	n ɪ m t
nippen	n ɪ p m̩
nippen	n ɪ p n
nippen	n ɪ p ə n
njoa	ɲ j ɔ a
njoa	ɲ j ɔː
njoa	ɲ j ɔ̃ː
nonchalant	n ɔ̃ ʃ a l a n t
nonchalant	n ɔ̃ ʃ a l ɑ̃ː
normal	n ɔ ʁ m aː l
notieren	n o t iː ɐ̯ n
notiert	n o t iː ɐ̯ t
nottun	n oː t t uː n
notwendigerweise	n oː t v ɛ n d ɪ ɡ ɐ v a ɪ̯ z ə
nu	n ɵ
nullwertigen	n ʊ l v eː ɐ̯ t ɪ ɡ n̩
nullwertigen	n ʊ l v eː ɐ̯ t ɪ ɡ ŋ̩
nussartig	n ʊ s ʔ a ʁ t ɪ k
nussartig	n ʊ s ʔ a ʁ t ɪ ç
nussartiger	n ʊ s ʔ a ʁ t ɪ ɡ ɐ
nussartigsten	n ʊ s ʔ a ʁ t ɪ k s t n̩
nussartigsten	n ʊ s ʔ a ʁ t ɪ ç s t n̩
nussigen	n ʊ s ɪ ɡ n̩
nussigen	n ʊ s ɪ ɡ ŋ̩
nussigste	n ʊ s ɪ k s t ə
nussigste	n ʊ s ɪ ç s t ə
nussigstem	n ʊ s ɪ k s t ə m
nussigstem	n ʊ s ɪ ç s t ə m
nussigsten	n ʊ s ɪ k s t n̩
nussigsten	n ʊ s ɪ ç s t n̩
nussigster	n ʊ s ɪ k s t ɐ
nussigster	n ʊ s ɪ ç s t ɐ
nussigstes	n ʊ s ɪ k s t ə s
nussigstes	n ʊ s ɪ ç s t ə s
nutzen	n ʊ t s n̩
nutzen	n ʊ t s ə n
nutzniesserisch	n ʊ t͡s n iː s ə ʁ ɪ ʃ
nutznießerisch	n ʊ t͡s n iː s ə ʁ ɪ ʃ
nächsten	n ɛː ç s t ə n
nähen	n eː n
näher	n eː ɐ
näher	n ɛː ɐ
näherkommen	n eː ɐ k ɔ m ə n
näherkommen	n ɛː ɐ k ɔ m ə n
nähern	n eː ɐ n
nähern	n ɛː ɐ n
nähren	n ɛː ʁ ə n
näseln	n eː z l̩ n
näseln	n ɛː z l̩ n
nässen	n ɛ s n̩
nö	n øː
nölen	n øː l̩ n
nützen	n ʏ t s n̩
nützen	n ʏ t s ə n
nützten	n ʏ t s t ə n
obduzieren	ɔ p d u t͡s iː ʁ ə n
oben	oː b m̩
oberfränkisch	oː b ɐ f ʁ ɛ ŋ k ɪ ʃ
oberpfälzisch	oː b ɐ p f ɛ l t͡s ɪ ʃ
oberpfälzischer	oː b ɐ p f ɛ l t͡s ɪ ʃ ɐ
obliegen	ɔ p l iː ɡ n̩
obsen	ʔ ɔ p s n̩
observieren	ʔ ɔ p z ɛ ʁ v iː ʁ ə n
observieren	ʔ ɔ p z̥ ɛ ʁ v iː ʁ ə n
obsiegen	ɔ p z iː ɡ n̩
oder	ʔ oː d ɐ
offen	ʔ ɔ f ə n
offen	ʔ ɔ f ɱ̩
offenlegen	ʔ ɔ f ə n l eː ɡ ə n
offenstehend	ɔ f n̩ ʃ t eː ə n t
offenstehende	ɔ f n̩ ʃ t eː ə n d ə
offenstehender	ɔ f n̩ ʃ t eː ə n d ɐ
offenstehendes	ɔ f n̩ ʃ t eː ə n d ə s
oktroyieren	ʔ ɔ k t ʁ o̯ a j iː ɐ̯ n
oligopolistisch	ɔ l i ɡ o p oː l ɪ s t ɪ ʃ
omnipotent	ɔ m n i p o t ɛ n t
onanier	ʔ o n a n iː ɐ̯
onanieren	ʔ o n a n iː ɐ̯ n
onanieren	ʔ o n a n iː ʁ ə n
ondulieren	ʔ ɔ n d u l iː ɐ̯ n
operativ	o p ə ʁ a t iː f
operativ	ɔ p ə ʁ a t iː f
operative	o p ə ʁ a t iː v ə
operative	ɔ p ə ʁ a t iː v ə
optimieren	ʔ ɔ pʰ tʰ i m iː ɐ̯ n
ordentlich	ʔ ɔ ɐ̯ d n̩ t l ɪ ç
ordentlich	ʔ ɔ ʁ d n̩ t l ɪ ç
ordern	ʔ ɔ ʁ d ɐ n
ordinär	ʔ ɔ ʁ d i n ɛ ɐ̯
ordinär	ʔ ɔ ʁ d i n ɛː ɐ̯
ordnen	ʔ ɔ ʁ d n ə n
organologisch	ʔ ɔ ɐ̯ ɡ a n o l oː ɡ ɪ ʃ
organologisch	ʔ ɔ ʁ ɡ a n o l oː ɡ ɪ ʃ
orgeln	ʔ ɔ r ɡ l̩ n
orgeln	ʔ ɔ r ɡ ə l n
orgeln	ʔ ɔ ɐ̯ ɡ l̩ n
orgeln	ʔ ɔ ɐ̯ ɡ ə l n
orgeln	ʔ ɔ ʁ ɡ l̩ n
orgeln	ʔ ɔ ʁ ɡ ə l n
orientieren	ʔ o ʁ i ɛ n tʰ iː ɐ̯ n
out	ʔ a ʊ̯ tʰ
outen	ʔ a ʊ̯ t n̩
outet	ʔ a ʊ̯ t ə t
outete	ʔ a ʊ̯ t ə t ə
paar	p aː
paar	p aː ɐ̯
paar	p aː ʁ
paaren	pʰ aː ʁ n̩
packen	p a k ŋ̩
packen	p a k ə n
paddeln	p a d l̩ n
paginieren	p a ɡ i n iː ɐ̯ n
paginieren	p a ɡ i n iː ʁ ə n
paktieren	p a k t iː ʁ ə n
paläolithisch	p a l ɛ o l iː t ɪ ʃ
paläolithisch	p a l ɛ o l ɪ t ɪ ʃ
panaschieren	pʰ a n a ʃ iː ɐ̯ n
pantheistisch	p a n t e ʔ ɪ s t ɪ ʃ
panzern	p a n t͡s ɐ n
papierlos	p a p iː ɐ̯ l oː s
pappen	p a p m̩
parametrisieren	pʰ a ʁ a m e t ʁ i z iː ɐ̯ n
paranoid	p a ʁ a n o ʔ iː t
pardauz	p a ʁ d a ʊ̯ t͡s
pardonieren	p a ʁ d o n iː ʁ ə n
parentifizieren	p a ʁ e n t i f i t͡s iː ɐ n
partout	p a t uː
partout	p a ɐ̯ t uː
partout	p a ʁ t uː
passen	pʰ a s n̩
passé	p a s eː
patent	p a t ɛ n t
patentieren	pʰ a tʰ ɛ n tʰ iː ɐ̯ n
pathologisch	p a t o l oː ɡ ɪ ʃ
patz	p a t͡s
pauschalisieren	p a ʊ̯ ʃ a l i z iː ʁ ə n
pechschwarz	p ɛ ç ʃ v a ʁ t͡s
pecken	b̥ ɛ k n̩
pecken	pʰ ɛ k n̩
peinigen	p a ɪ̯ n ɪ ɡ n̩
pekuniär	p e k u n j ɛ ɐ̯
pekuniär	p e k u n j ɛː ɐ̯
pekzieren	p ɛ k t s iː ɐ̯ n
pekzieren	p ɛ k t s iː ʁ ə n
pempern	b̥ ɛ m p ɐ n
penetrant	p e n e t ʁ a n t
peng	p ɛ ŋ
per	p ɛ ɐ̯
per	p ɛ ʁ
perfide	p ɛ ʁ f iː d ə
perlmuttern	p ɛ ʁ l m ʊ t ɐ n
personifizieren	p ɛ r z o n i f i t s iː r ə n
persönlich	pʰ ɛ ɐ̯ z øː n l ɪ ç
pexieren	p ɛ k s iː ɐ̯ n
pexieren	p ɛ k s iː ʁ ə n
pfau	p f ɒ
pfau	p f ɒː
pfeffern	p͡f ɛ f ɐ n
pfeifen	p f a ɪ̯ f ə n
pfeifen	p f a ɪ̯ f ɱ̩
pflanzen	p͡f l a n t͡s n̩
pflanzenkundlich	p f l a n t͡s n̩ k ʊ n t l ɪ ç
pflanzenkundlicher	p f l a n t͡s n̩ k ʊ n t l ɪ ç ɐ
pflegen	p f l eː ɡ ŋ̩
pflegen	p f l eː ɡ ə n
pflichten	p͡f l ɪ ç t n̩
pflücken	p f l ʏ k ə n
pflügen	p f l yː ɡ ŋ̩
pflügen	p f l yː ɡ ə n
pflügtest	p f l yː k t ə s t
pfropfen	f ʁ ɔ p ɸ n̩
philiströs	f i l ɪ s t ʁ øː s
phosphorhaltigen	f ɔ s f oː ɐ̯ h a l t ɪ ɡ n̩
phosphorhaltigen	f ɔ s f oː ɐ̯ h a l t ɪ ɡ ŋ̩
phytophag	f y t o f aː k
pichen	p ɪ ç n̩
picken	b̥ i ɡ̥ ŋ
pickig	b̥ i ɡ̥ i k
pickligen	p ɪ k l ɪ ɡ n̩
pickligen	p ɪ k l ɪ ɡ ŋ̩
pickligste	p ɪ k l ɪ k s t ə
pickligste	p ɪ k l ɪ ç s t ə
pickligstem	p ɪ k l ɪ k s t ə m
pickligstem	p ɪ k l ɪ ç s t ə m
pickligsten	p ɪ k l ɪ k s t n̩
pickligsten	p ɪ k l ɪ ç s t n̩
pickligster	p ɪ k l ɪ k s t ɐ
pickligster	p ɪ k l ɪ ç s t ɐ
pickligstes	p ɪ k l ɪ k s t ə s
pickligstes	p ɪ k l ɪ ç s t ə s
pieksen	p iː k s n̩
pieksen	p iː k s ə n
piepen	p iː p m̩
piepsen	p iː p s n̩
pieseln	p iː z l̩ n
piken	p iː k ŋ̩
piken	p iː k ə n
piksen	p iː k s n̩
piksen	p iː k s ə n
pilzkundlich	p ɪ l t͡s k ʊ n t l ɪ ç
pilzkundlicher	p ɪ l t͡s k ʊ n t l ɪ ç ɐ
pimpern	pʰ ɪ m p ɐ n
pissen	p ɪ s n̩
placieren	p l a s iː ʁ ə n
pladdern	p l a d ɐ n
plagen	p l aː ɡ n̩
planlos	pʰ l aː n l oː s
planschen	p l a n t ʃ n̩
planschen	p l a n ʃ n̩
plappern	p l a p ɐ n
plappernd	p l a p ɐ n t
platzen	p l a t s n̩
platzen	p l a t s ə n
plaudern	pʰ l a ʊ̯ d ɐ n
ploppen	p l ɔ p ə n
plumpfen	p l ʊ m f ə n
plumpfen	p l ʊ m f ɱ̩
plumpfen	p l ʊ m p f ə n
plumpfen	p l ʊ m p f ɱ̩
plumps	p l ʊ m p s
plumpsen	p l ʊ m p s n̩
plumpsen	p l ʊ m s n̩
plärren	p l ɛ ʁ ə n
plärren	p l ɛː ɐ n
pläsierlich	p l ɛ z iː ɐ̯ l ɪ ç
plästern	p l ɛː s t ɐ n
plätten	p l ɛ t n̩
plötzlich	pʰ l̥ œ t͡s l ɪ ç
polstern	p ɔ l s t ɐ n
poltre	p ɔ l t ʁ ə
polygonal	p o l i ɡ o n aː l
polytheistisch	p o l i t e ʔ ɪ s t ɪ ʃ
pomologisch	p o m o l oː ɡ ɪ ʃ
poplig	pʰ oː pʰ l ɪ kʰ
poplig	pʰ oː pʰ l ɪ ç
poppen	p ɔ p m̩
poppen	p ɔ p ə n
porigen	p oː ʁ ɪ ɡ n̩
porigen	p oː ʁ ɪ ɡ ŋ̩
porträtieren	p ɔ ʁ t ʁ ɛ t iː ʁ ə n
power	p a ʊ̯ ɐ
power	p oː v ɐ
prahlen	p ʁ aː l n
praktischerweise	p ʁ a k t ɪ ʃ ɐ v a ɛ̯ s ɛ
praktischerweise	p ʁ a k t ɪ ʃ ɐ v a ɪ̯ z ə
prangen	p ʁ a ŋ ŋ̍
prangen	p ʁ a ŋ ə n
prasseln	p ʁ a s l̩ n
prassen	p ʁ a s ə n
preisgeben	p ʁ a ɪ̯ s ɡ eː b m̩
preisgeben	p ʁ a ɪ̯ s ɡ eː b ə n
preisverdächtigen	p ʁ a ɪ̯ s f ɛ ɐ̯ d ɛ ç t ɪ ɡ n̩
preisverdächtigen	p ʁ a ɪ̯ s f ɛ ɐ̯ d ɛ ç t ɪ ɡ ŋ̩
preschen	p ʁ ɛ ʃ n̩
prima	p ʁ iː m a
primitiv	p ʁ i m i t iː f
primär	p ʁ i m ɛ ɐ̯
primär	p ʁ i m ɛː ɐ̯
privatisieren	p ʁ i v a t i z iː ʁ ə n
privatrechtlich	p ʁ i v aː t ʁ ɛ ç t l ɪ ç
produktiv	p ʁ o d ʊ k t iː f
prominent	p ʁ o m i n ɛ n t
prophetisch	p ʁ o f eː t ɪ ʃ
protokollieren	p ʁ o t o k ɔ l iː ʁ ə n
protzen	p ʁ ɔ t͡s n̩
prudentiell	p ʁ u d ɛ n t͡s i̯ ɛ l
prusten	p ʁ uː s t n̩
präg	p ʁ ɛː k
prägen	p ʁ eː ɡ ŋ̩
prägen	p ʁ eː ɡ ə n
prägen	p ʁ ɛː ɡ ŋ̩
prägen	p ʁ ɛː ɡ ə n
prügeln	p ʁ yː ɡ l̩ n
prügeln	p ʁ yː ɡ ə l n
prütteln	p ʁ ʏ t l̩ n
pseudonym	p s ɔ ɪ̯ d o n yː m
psychedelisch	p s y ç ə d eː l ɪ ʃ
psychiatrisch	p s y ç aː t ʁ ɪ ʃ
psychopharmakologisch	p s yː ç o f a ɐ̯ m a k o l oː ɡ ɪ ʃ
pueril	p u̯ e ʁ iː l
puffen	p ʊ f n̩
pumpen	p ʊ m p m̩
punkten	p ʊ ŋ k t n̩
punkten	p ʊ ŋ k t ə n
pupen	p uː p m̩
pupen	p uː p n̩
pupsen	p uː p s n̩
pur	p u ɐ̯
pur	p uː ɐ̯
pusselig	p ʊ s ə l ɪ k
pusselig	p ʊ s ə l ɪ ç
pusten	p uː s t n̩
pusten	p uː s t ə n
putzen	pʰ ʊ t s ə n
putzig	p ʊ t s ɪ ç
päppeln	p ɛ p l̩ n
pöbeln	p øː b l̩ n
quadrieren	kʰ v a d ʁ iː ɐ̯ n
quaken	kʰ v aː k ŋ
qualifizieren	kʰ v a l i f i t s iː ɐ̯ n
qualmen	k ʋ a l m m̩
qualmen	k ʋ a l m ə n
quantisieren	kʰ v a n tʰ i z iː ɐ̯ n
quartalsmäßig	k v a ʁ t aː l s m ɛː s ɪ ç
quartalsmäßigen	k v a ʁ t aː l s m ɛː s ɪ ɡ n̩
quartalsmäßigen	k v a ʁ t aː l s m ɛː s ɪ ɡ ŋ̩
quarzen	kʰ v a ɐ̯ t s n̩
quasi	k ʋ aː z i
quengeln	k ʋ ɛ ŋ l̩ n
queren	kʰ v eː ɐ̯ n
quetsche	k v ɛ t ʃ ə
quetschen	kʰ v ɛ t ʃ n̩
quick	k ʋ ɪ k
quirlen	k v ɪ ɐ̯ l n̩
quirlen	k v ɪ ʁ l n̩
quirlen	k v ɪ ʁ l ə n
quitten	k ʋ ɪ t n̩
quäken	k v eː k n̩
quäken	k v ɛː k n̩
quälen	k ʋ ɛː l ə n
quälen	k ʋ ɛː l̩ n
rabenschwarz	ʁ aː b n̩ ʃ v a ʁ t͡s
rabiat	ʁ ɑ b i æˀ d
radieren	ʁ a d iː ɐ n
radieren	ʁ a d iː ʁ ə n
ragen	ʁ aː ɡ ŋ̩
raiden	ʁ e ɪ d n̩
ramponieren	ʁ ä m p o n iː ʁ ə n
ran	ʁ a n
rang	ʁ a ŋ k
ranken	ʁ a ŋ k ŋ̩
ranker	ʁ a ŋ k ɐ
rankommen	ʁ a n k ɔ m ə n
ranlassen	ʁ a n l a s n̩
rannte	ʁ a n t ə
rar	ʁ aː
rar	ʁ aː ɐ̯
rar	ʁ aː ʁ
rasieren	ʁ a z iː ʁ ə n
raspeln	ʁ a s p l̩ n
rasseln	ʁ a s l̩ n
raten	ɣ ɑː ʔ n̩
rational	ʁ a t͡s i̯ o n aː l
ratzen	ʁ a t͡s n̩
rauben	ʁ a ʊ̯ b m̩
rauben	ʁ a ʊ̯ b ə n
rauch	ʁ a ʊ̯ x
raufen	ʁ a ʊ̯ f n̩
raunen	ʁ a ʊ̯ n ə n
rauscharm	ʁ a ʊ̯ ʃ ʔ a ʁ m
rauschen	ʁ a ʊ̯ ʃ n̩
rausfliegen	ʁ a ʊ̯ s f l iː ɡ ŋ̩
rausfliegen	ʁ a ʊ̯ s f l iː ɡ ə n
rausgehen	ʁ a ʊ̯ s ɡ eː ə n
rauskommen	ʁ a ʊ̯ s k ɔ m ə n
rausschöpfen	ʁ a u s ʃ œ p͡f n̩
reagieren	ʁ e a ɡ iː ɐ̯ n
reaktivieren	ʁ e ʔ a k t i v iː ʁ ə n
rebellieren	ʁ e b ɛ l iː ɐ̯ n
recherchieren	ʁ e ʃ ɛ ʁ ʃ iː ʁ ə n
recht	r ɛ ç tʰ
recht	ʁ ɛ ç tʰ
rechten	ʁ ɛ ç t n̩
rechtens	ʁ ɛ ç t ə n s
rechtens	ʁ ɛ ç t ə n t s
rechtfertigen	ʁ ɛ ç tʰ f ɛ ɐ̯ tʰ i ɡ ŋ̍
rechtlich	ʁ ɛ ç t l ɪ ç
rechtschaffen	ʁ ɛ ç t ʃ a f n̩
recken	ʁ ɛ k ŋ
rede	ʁ eː d ə
reden	ʁ eː d n̩
reden	ʁ eː d ə n
regenarm	r eː ɡ n̩ ʔ a r m
regenarm	ʁ eː ɡ ŋ̩ ʔ a ʁ m
regenerieren	ʁ e ɡ e n ə ʁ iː ɐ̯ n
regensburgisch	ʁ eː ɡ n̩ s b ʊ ʁ ɡ ɪ ʃ
reges	ʁ eː ɡ ə s
regierungsnah	ʁ e ɡ iː ʁ ʊ ŋ s n aː
registrieren	ʁ e ɡ ɪ s t ʁ iː ɐ̯ n
reglementieren	ʁ e ɡ l ə m ɛ n tʰ iː ɐ̯ n
regulieren	ʁ e ɡ u l iː ɐ̯ n
reihern	ʁ a ɪ̯ ɐ n
reinerbig	ʁ a ɪ̯ n ʔ ɛ ʁ b ɪ k
reinerbig	ʁ a ɪ̯ n ʔ ɛ ʁ b ɪ ç
reingefallen	ʁ a ɪ̯ n ɡ ə f a l̩ n
reinigen	ʁ a ɪ̯ n i ɡ ŋ̍
reinplatzen	ʁ a ɪ̯ n p l a t͡s n̩
reinwaschen	ʁ a ɪ̯ n v a ʃ n̩
reisen	ʁ a ɪ̯ z n̩
reisen	ʁ a ɪ̯ z ə n
reist	ʁ a ɪ̯ s t
reizen	ʁ a ɪ̯ t s n̩
reizen	ʁ a ɪ̯ t s ə n
rekonstruieren	ʁ e k ɔ n s t ʁ u iː ʁ ə n
relativieren	ʁ ɛ l a t i v iː ʁ ə n
relevieren	ʁ e l e v iː ʁ ə n
relevierend	ʁ e l e v iː ʁ ə n t
releviert	ʁ e l e v iː ɐ̯ t
relevierte	ʁ ɛ l e v iː ɐ̯ t ə
remis	ʁ e m iː
renitent	ʁ e n i t ɛ n t
rennen	ʁ ɛ n ə n
renommieren	ʁ e n o m iː ɐ̯ n
renovieren	ʁ e n o v iː ɐ̯ n
replizieren	ʁ e p l i t͡s iː ɐ̯ n
replizieren	ʁ e p l i t͡s iː ʁ ə n
requirieren	ʁ e k v i ʁ iː ʁ ə n
resignieren	ʁ e z i ɡ n iː ʁ ə n
resigniert	ʁ e z i ɡ n i ɐ̯ t
resigniert	ʁ e z i ɡ n iː ɐ̯ t
resonieren	ʁ ə z o n iː ʁ ə n
retardiert	ʁ e t a ʁ d iː ɐ̯ t
retournieren	ʁ e t ʊ ʁ n iː ʁ ə n
reuen	ʁ ɔ ʏ̯ n
revidieren	ʁ e v i d iː ɐ̯ n
reviewen	r i v j uː ə n
reüssieren	ʁ e ʔ ʏ s iː ɐ̯ n
rhomboedrisch	ʁ ɔ m b o ʔ eː d ʁ ɪ ɪ ʃ
richten	ʁ ɪ ç t n̩
richten	ʁ ɪ ç t ə n
richtete	ʁ ɪ ç t ə t ə
richtigstellen	ʁ ɪ ç t ɪ ç ʃ t ɛ l ə n
richtungsweisend	ʁ ɪ ç tʰ ʊ ŋ s v a ɪ̯ z n̩ t
rieben	ʁ iː b m̩
riechbar	ʁ iː ç b aː ɐ̯
riecht	ʁ iː ç t
ring	ʁ ɪ ŋ
ringen	ʁ ɪ ŋ ŋ̩
ringen	ʁ ɪ ŋ ə n
ringsum	ʁ ɪ ŋ s ʔ ʊ m
ringsumher	ʁ ɪ ŋ s ʔ ʊ m h eː ɐ̯
rituell	ʁ i t u ɛ l
ritz	ʁ ɪ t s
ritzen	ʁ ɪ t͡s n̩
rival	ʁ i v aː l
rivalisieren	ʁ i v aː l i z iː ʁ ə n
rivalisierend	ʁ i v aː l i z iː ʁ ə n t
robben	r o b n
robben	r o b ə n
robben	ʁ ɔ b b ə n
robben	ʁ ɔ b n
robben	ʁ ɔ b ə
robben	ʁ ɔ b ə n
robben	ʁ ɔ m̩
roden	ʁ oː d n̩
roden	ʁ oː d ə n
rollen	ʁ ɔ l n̩
romanisieren	ʁ o m a n i z iː ʁ ə n
rosten	ʁ ɔ s t n̩
rot	r oː t
rot	ɣ oː tʰ
rot	ʁ oː t
rot	ʁ oː tʰ
rotbraun	ʁ oː t b ʁ a ʊ̯ n
rotten	ʁ ɔ t n̩
rotten	ʁ ɔ t ə n
rotzig	ʁ ɔ t͡s ɪ k
rotzig	ʁ ɔ t͡s ɪ ç
royal	ʁ ɔ j aː l
ruchlos	ʁ uː x l oː s
ruckartig	ʁ ʊ k ʔ aː ɐ̯ t ɪ k
ruckartig	ʁ ʊ k ʔ aː ɐ̯ t ɪ ç
ruckeln	ʁ ʊ k l̩ n
rucken	ʁ ʊ k n̩
rucken	ʁ ʊ k ŋ̩
ruinieren	ʁ u i n iː ɐ̯ n
rumgelungert	ʁ ʊ m ɡ ə l ʊ ŋ ɐ t
rummachen	ʁ ʊ m a χ n̩
rummachen	ʁ ʊ m m a χ n̩
rumpeln	ʁ ʊ m p l̩ n
rumschmeißen	ʁ ʊ m ʃ m a ɪ̯ s n̩
rumsen	ʁ ʊ m s n̩
rumsen	ʁ ʊ m z n̩
rumsitzen	ʁ ʊ m z ɪ t͡s n
rumsitzen	ʁ ʊ m z ɪ t͡s ə n
rumzicken	ʁ ʊ m t͡s ɪ k n̩
rumzicken	ʁ ʊ m t͡s ɪ k ŋ̩
rumzickend	ʁ ʊ m t͡s ɪ k n̩ t
rumzickend	ʁ ʊ m t͡s ɪ k ŋ̩ t
runden	ʁ ʊ n d n̩
runterfallen	ʁ ʊ n t ɐ f a l ə n
runtergeladen	ʁ ʊ n t ɐ ɡ ə l aː d n̩
runtermachen	ʀ ʊ n t ɐ m a χ n̩
rupfen	ʁ ʊ p f ə n
ruppig	ʁ ʊ p ɪ ç
rutschig	ʁ ʊ t ʃ ɪ k
rutschig	ʁ ʊ t ʃ ɪ ç
rädern	ʁ eː d ɐ n
rädern	ʁ ɛː d ɐ n
rät	ʁ eː t
rät	ʁ ɛː t
räuspern	ʁ ɔ ɪ̯ s p ɐ n
röcheln	ʁ œ ç l̩ n
rötlicher	r øː t l ɪ ç ɐ
rötlichsten	r øː t l ɪ ç s t ə n
rückbesinnen	ʁ ʏ k b ə z ɪ n n̩
rückblickend	ʁ ʏ kʰ b l ɪ k n̩ tʰ
rücken	ʁ ʏ k ŋ̍
rückwirkend	ʁ ʏ kʰ v ɪ ʁ kʰ n̩ tʰ
rückwärts	ʁ ʏ kʰ v ɛ ɐ̯ t s
rückwärtsfahren	ʁ ʏ k v ɛ ʁ t s f aː ʁ ə n
rückwärtsfahrend	ʁ ʏ k v ɛ ʁ t s f aː ʁ ə n t
rückwärtsgefahren	ʁ ʏ k v ɛ ʁ t s ɡ ə f aː ʁ ə n
rückwärtsgewandt	ʁ ʏ k v ɛ ʁ t s ɡ ə v a n t
rückzahlen	ʁ ʏ k t͡s aː l n
rücküberweisen	ʁ ʏ k yː b ɐ v a ɪ̯ z n̩
rügen	ʁ yː ɡ ŋ
rühmen	ʁ yː m ə n
rühren	ʁ y ɐ̯ n
rühren	ʁ yː ɐ n
rühren	ʁ yː ʁ ə n
rümpfen	ʁ ʏ m p͡f n̩
rüsten	ʁ ʏ s t n̩
rütteln	ʁ ʏ t l̩ n
sachgemäße	z a x ɡ ə m ɛː s ə
sachgemäßem	z a x ɡ ə m ɛː s m̩
sachgemäßen	z a x ɡ ə m ɛː s n̩
sachgemäßer	z a x ɡ ə m ɛː s ɐ
sachgemäßere	z a x ɡ ə m ɛː s ə ʁ ə
sachgemäßerem	z a x ɡ ə m ɛː s ə ʁ ə m
sachgemäßeren	z a x ɡ ə m ɛː s ə ʁ ə n
sachgemäßerer	z a x ɡ ə m ɛː s ə ʁ ɐ
sachgemäßeres	z a x ɡ ə m ɛː s ə ʁ ə s
sachgemäßes	z a x ɡ ə m ɛː s ə s
sachgemäßeste	z a x ɡ ə m ɛː s ə s t ə
sachgemäßestem	z a x ɡ ə m ɛː s ə s t ə m
sachgemäßesten	z a x ɡ ə m ɛː s ə s t n̩
sachgemäßester	z a x ɡ ə m ɛː s ə s t ɐ
sachgemäßestes	z a x ɡ ə m ɛː s ə s t ə s
sacht	z a χ t
sachte	s a χ t ɛ
sachte	z a χ t ə
sagen	s ɑː ʔ ŋ̩
saisonal	z ɛ z o n aː l
sakralisieren	z a k ʁ a l i z iː ʁ ə n
salben	s a l b m̩
salben	z a l b m̩
saldieren	z a l d iː ʁ ə n
salutieren	z a l u tʰ iː ɐ̯ n
salzartigen	z a l t͡s ʔ aː ɐ̯ t ɪ ɡ n̩
salzartigen	z a l t͡s ʔ aː ɐ̯ t ɪ ɡ ŋ̩
salzen	z a l t͡s n̩
sandig	z a n d ɪ k
sandig	z a n d ɪ ç
sanft	z a ɱ f t
sanieren	z a n iː ʁ ə n
saphirblau	z a f iː ɐ̯ b l a ʊ̯
saphirblau	z aː f iː ɐ̯ b l a ʊ̯
saphirblau	z aː f ɪ ʁ b l a ʊ̯
satteln	s a t l̩ n
satteln	z a t l̩ n
satthaben	z a t h aː b n̩
sauer	z a ʊ̯ ɐ
saufen	z ä o̯ f n̩
saugen	z a ʊ̯ ɡ n̩
saunen	z ä o̯ n n̩
saunen	z ä o̯ n ə n
saunieren	z a ʊ̯ n iː ʁ ə n
sausen	s ɑ ɔ̯ s n̩
sausen	z a ʊ̯ z n̩
sautieren	z o tʰ iː ɐ̯ n
saven	s ɛ ɪ̯ v n̩
schaben	ʃ aː b m̩
schachern	ʃ a χ ɐ n
schachteln	ʃ a x t l̩ n
schaffen	ʃ a f ɱ̍
schafft	ʃ a f t
schalldicht	ʃ a l d ɪ ç t
schallen	ʃ a l n̩
schalten	ʃ a l t n̩
schalten	ʃ a l t ə n
scharf	ʃ a ɐ̯ f
scharf	ʃ a ɾ f
scharf	ʃ a ʁ f
scharf	ʃ aː f
schassen	ʃ a s n̩
schattenspendend	ʃ a t n̩ ʃ p ɛ n d n̩ t
schauspielern	ʃ a ʊ̯ ʃ p iː l ɐ n
scheiden	ʃ a ɪ̯ d n̩
scheiden	ʃ a ɪ̯ d ə n
schelmisch	ʃ ɛ l m ɪ ʃ
schelten	ʃ ɛ l t n̩
schenken	ʃ ɛ ŋ k ŋ̍
scheppern	ʃ ɛ p ɐ n
scheren	ʃ eː ɐ n
scheren	ʃ eː ɐ̯ n
scheren	ʃ eː ʁ ə n
scheren	ʃ ɛ ɐ̯ n
scheren	ʃ ɛː ɐ̯ n
scheuern	ʃ ɔ ʏ̯ ɐ n
scheußlich	ʃ ɔ ʏ̯ s l ɪ ç
schicken	ʃ ɪ k ŋ̩
schickt	ʃ ɪ k t
schieben	ʃ iː b m̩
schiefgehen	ʃ iː f ɡ eː ə n
schieflachen	ʃ iː f l a x n̩
schiefliegen	ʃ iː f l iː ɡ n̩
schießen	ʃ iː s n̩
schießen	ʃ iː s ə n
schimpfen	ʃʷ ɪ m p͡f ɱ̩
schinden	ʃ ɪ n d n̩
schippen	ʃ ɪ p m̩
schippen	ʃ ɪ p ə n
schlabbern	ʃ l a b ɐ n
schlachten	ʃ l a χ t n̩
schlackern	ʃ l a k ɐ n
schlafen	ʃ l aː f n̩
schlafen	ʃ l aː f ə n
schlafen	ʃ l aː f ɱ̩
schlafmützige	ʃ l aː f m ʏ t s ɪ ɡ ə
schlafmützigem	ʃ l aː f m ʏ t s ɪ ɡ ə m
schlafmützigen	ʃ l aː f m ʏ t s ɪ ɡ n̩
schlafmützigen	ʃ l aː f m ʏ t s ɪ ɡ ŋ̩
schlafmütziger	ʃ l aː f m ʏ t s ɪ ɡ ɐ
schlafmütziges	ʃ l aː f m ʏ t s ɪ ɡ ə s
schlagzeilen	ʃ l aː k t͡s a ɪ̯ l ə n
schlauchen	ʃ l a ʊ̯ χ n̩
schlechtmachen	ʃ l ɛ ç t m a x n̩
schlechtreden	ʃ l ɛ ç t ʁ eː d n̩
schleifen	ʃ l a ɪ̯ f ɱ̍
schlemmen	ʃ l e m ə n
schleusen	ʃ l ɔ ɪ̯ z n̩
schlichtweg	ʃ l ɪ ç t v ɛ k
schließen	ʃ l iː s n̩
schließen	ʃ l iː s ə n
schließen	ʃ l iː s ɛ n
schlimmstenfalls	ʃ l ɪ m s t n̩ f a l s
schlingen	ʃ l ɪ ŋ ŋ̩
schlingen	ʃ l ɪ ŋ ə n
schlittern	ʃ l ɪ t ɐ n
schlitzen	ʃ l ɪ t͡s n̩
schlohweiß	ʃ l oː v a ɪ̯ s
schlucken	ʃ l ʊ k ŋ̍
schluderige	ʃ l uː d ə ʁ ɪ ɡ ə
schluderigem	ʃ l uː d ə ʁ ɪ ɡ ə m
schluderigen	ʃ l uː d ə ʁ ɪ ɡ n̩
schluderigen	ʃ l uː d ə ʁ ɪ ɡ ŋ̩
schluderiger	ʃ l uː d ə ʁ ɪ ɡ ɐ
schluderigere	ʃ l uː d ə ʁ ɪ ɡ ə ʁ ə
schluderigerem	ʃ l uː d ə ʁ ɪ ɡ ə ʁ ə m
schluderigeren	ʃ l uː d ə ʁ ɪ ɡ ə ʁ ə n
schluderigerer	ʃ l uː d ə ʁ ɪ ɡ ə ʁ ɐ
schluderigeres	ʃ l uː d ə ʁ ɪ ɡ ə ʁ ə s
schluderiges	ʃ l uː d ə ʁ ɪ ɡ ə s
schluderigste	ʃ l uː d ə ʁ ɪ k s t ə
schluderigste	ʃ l uː d ə ʁ ɪ ç s t ə
schluderigstem	ʃ l uː d ə ʁ ɪ k s t ə m
schluderigstem	ʃ l uː d ə ʁ ɪ ç s t ə m
schluderigsten	ʃ l uː d ə ʁ ɪ k s t n̩
schluderigsten	ʃ l uː d ə ʁ ɪ ç s t n̩
schluderigster	ʃ l uː d ə ʁ ɪ k s t ɐ
schluderigster	ʃ l uː d ə ʁ ɪ ç s t ɐ
schluderigstes	ʃ l uː d ə ʁ ɪ k s t ə s
schluderigstes	ʃ l uː d ə ʁ ɪ ç s t ə s
schlug	ʃ l uː k
schlumpfen	ʃ l ʊ m p͡f n̩
schlumpft	ʃ l ʊ m p͡f t
schlumpfte	ʃ l ʊ m p͡f t ə
schlurfen	ʃ l ʊ ɐ̯ f n̩
schlussfolgern	ʃ l ʊ s f ɔ l ɡ ɐ n
schlägern	ʃ l eː ɡ ɐ n
schlägern	ʃ l ɛː ɡ ɐ n
schlägt	ʃ l eː k t
schlägt	ʃ l ɛː k t
schlämmen	ʃ l e m ə n
schlämmen	ʃ l ɛ m ə n
schmachten	ʃ m a χ t n̩
schmachvoll	ʃ m aː x f ɔ l
schmarotzen	ʃ m a ʁ ɔ t͡s n̩
schmausen	ʃ m a ʊ̯ z n̩
schmecken	ʃ m ɛ k n̩
schmecken	ʃ m ɛ k ŋ̩
schmeicheln	ʃ m a ɪ̯ ç l̩ n
schmeichelnd	ʃ m a ɪ̯ ç l̩ n t
schmeißen	ʃ m ä ɪ̯ s n̩
schmerbäuchig	ʃ m eː ɐ̯ b ɔ ɪ̯ ç ɪ k
schmerbäuchig	ʃ m eː ɐ̯ b ɔ ɪ̯ ç ɪ ç
schmerbäuchiger	ʃ m eː ɐ̯ b ɔ ɪ̯ ç ɪ ɡ ɐ
schmerzstillend	ʃ m ɛ ʁ t͡s ʃ t ɪ l ə n t
schmetterlingskundlich	ʃ m ɛ t ɐ l ɪ ŋ s k ʊ n t l ɪ ç
schmetterlingskundlicher	ʃ m ɛ t ɐ l ɪ ŋ s k ʊ n t l ɪ ç ɐ
schmieden	ʃ m iː d n̩
schmoren	ʃ m oː ɐ n
schmoren	ʃ m oː ɐ̯ n
schmoren	ʃ m oː ʁ ə n
schmoren	ʃ m ɔ ɐ̯ n
schmulen	ʃ m uː l ə n
schmunzeln	ʃ m ʊ n t͡s l̩ n
schnacken	ʃ n a k ŋ̩
schnacken	ʃ n a k ə n
schnallen	ʃ n a l n̩
schnallen	ʃ n a l ə n
schnappen	ʃ n a p m̩
schnappen	ʃ n a p ə n
schnapsen	ʃ n a p s n̩
schnarchen	ʃ n a ɐ̯ ç n̩
schnauben	ʃ n a ʊ̯ b m̩
schnauben	ʃ n a ʊ̯ b ə n
schneien	ʃ n a ɪ ə n
schniegeln	ʃ n iː ɡ l̩ n
schnippisch	ʃ n ɪ p ɪ ʃ
schnurlos	ʃ n uː ɐ̯ l oː s
schnäuzen	ʃ n ɔ ɪ̯ t͡s n̩
schnäuzen	ʃ n ɔ ɪ̯ t͡s ə n
schnüren	ʃ n y ɐ̯ n
schnüren	ʃ n yː ɐ n
schnüren	ʃ n yː ɐ̯ n
schnüren	ʃ n yː ʁ ə n
schockieren	ʃ ɔ k iː ʁ ə n
schonmal	ʃ oː n m aː l
schoppen	ʃ ɔ p m̩
schoss	ʃ ɔ s
schraffieren	ʃ ʁ a f iː ɐ̯ n
schrappen	ʃ ʁ a p m̩
schrauben	ʃ r a ʊ̯ b m̩
schrauben	ʃ r a ʊ̯ b ə n
schrauben	ʃ ʁ a ʊ̯ b m̩
schrauben	ʃ ʁ a ʊ̯ b ə n
schrecken	ʃ ʁ ɛ k ŋ̍
schreiben	ʃ ʁ a ɪ̯ b m̩
schreibgeschützt	ʃ ʁ a ɪ̯ b ɡ ə ʃ ʏ t s t
schrie	ʃ ʁ iː
schrie	ʃ ʁ iː ə
schrieben	ʃ ʁ iː b m̩
schriftstellerisch	ʃ ʁ ɪ f t ʃ t ɛ l ə ʁ ɪ ʃ
schroten	ʃ ʁ oː t n̩
schrotten	ʃ ʁ ɔ t n̩
schrottend	ʃ ʁ ɔ t n̩ t
schrumpeln	ʃ ʁ ʊ m p l̩ n
schrumpeln	ʃ ʁ ʊ m p ə l n
schrumpfen	ʃ ʁ ʊ m p f n̩
schröpfen	ʃ ʁ œ p͡f ɱ̍
schubsen	ʃ ʊ p s n̩
schuft	ʃ uː f t
schuft	ʃ ʊ f t
schulden	ʃ ʊ l d n̩
schuldgeplagt	ʃ ʊ l t ɡ ə p l aː k t
schultern	ʃ ʊ l tʰ ɐ n
schunkeln	ʃ ʊ ŋ k l̩ n
schwabbelig	ʃ v a b ə l ɪ k
schwabbelig	ʃ v a b ə l ɪ ç
schwach	ʃ ʋ a χ
schwachsinnig	ʃ v a x z ɪ n ɪ k
schwachsinnig	ʃ v a x z ɪ n ɪ ç
schwanger	ʃ ʋ ä ŋ ɐ
schwappen	ʃ v a p m̩
schwappen	ʃ v a p ə n
schwarz	ʃ ʋ a ɐ̯ t s
schwarz	ʃ ʋ a ʁ t s
schwarz	ʃ ʋ a χ t s
schwarz	ʃ ʋ aː t s
schwarzarbeiten	ʔ ä ʁ b ä ɪ̯ t ə n
schwarzbraun	ʃ ʋ a ʁ t͡s b ʁ a ʊ̯ n
schwarzfahren	ʃ v a ʁ t͡s f aː ʁ ə n
schwarzsehen	ʃ v a ʁ t͡s z eː ə n
schwatt	ʃ ʋ ä t
schwatzen	ʃ ʋ ä t͡s n̩
schwatzen	ʃ ʋ ä t͡s ə n
schweben	ʃ v eː b m̩
schweifen	ʃ v a ɪ̯ f n̩
schweigen	ʃ ʋ a ɪ̯ ɡ ŋ̍
schweigen	ʃ ʋ a ɪ̯ ɡ ə n
schwelen	ʃ ʋ eː l ə n
schwellen	ʃ ʋ ɛ l̩ n
schwemmen	ʃ ʋ ɛ m ə n
schweren	ʃ ʋ eː ɐ n
schweren	ʃ ʋ eː ɐ̯ n
schweren	ʃ ʋ eː ʁ ə n
schweren	ʃ ʋ ɛ ɐ̯ n
schwerfallen	ʃ v eː ɐ̯ f a l ə n
schwerlich	ʃ v eː ɐ̯ l ɪ ç
schwerpunktmäßig	ʃ v eː ɐ̯ p ʊ ŋ k t m ɛː s ɪ ç
schwierig	ʃ ʋ iː ʁ ɪ ç
schwimmen	ʃ ʋ ɪ m ə n
schwinden	ʃ v ɪ n d n̩
schwing	ʃ v ɪ ŋ
schwingen	ʃ v ɪ ŋ ə n
schwirren	ʃ v ɪ ʁ ə n
schwitzen	ʃ ʋ ɪ t s n̩
schwitzen	ʃ ʋ ɪ t s ə n
schwäbeln	ʃ v eː b l̩ n
schwäbeln	ʃ v ɛː b l̩ n
schwänge	ʃ v ɛ ŋ ə
schwängern	ʃ ʋ ɛ ŋ ɐ n
schwären	ʃ ʋ eː ɐ̯ n
schwären	ʃ ʋ ɛ ɐ̯ n
schwären	ʃ ʋ ɛː ɐ̯ n
schwären	ʃ ʋ ɛː ʁ ə n
schwärmerisch	ʃ v ɛ ʁ m ə ʁ ɪ ʃ
schwärt	ʃ ʋ eː ɐ̯ t
schwärt	ʃ ʋ ɛ ɐ̯ t
schwärt	ʃ ʋ ɛː ɐ̯ t
schwätzen	ʃ ʋ ɛ t͡s n̩
schäbig	ʃ eː b ɪ ç
schäbig	ʃ ɛː b ɪ ç
schämen	ʃ ɛː m ə n
schändlich	ʃ ɛ n t l ɪ ç
schönreden	ʃ øː n ʁ eː d n̩
schöpfen	ʃ œ p͡f ɱ̍
schüren	ʃ yː ɐ̯ n
schüren	ʃ yː ʁ ə n
schütten	ʃ ʏ t n̩
schütten	ʃ ʏ t ə n
schütter	ʃ ʏ t ɐ
sechs	z̥ ɛ ɡ̥ s
sechsflächig	z ɛ k s f l ɛ ç ɪ k
sechsflächig	z ɛ k s f l ɛ ç ɪ ç
sechshundertjähriger	z ɛ k s h ʊ n d ɐ t j ɛː ʁ ɪ ɡ ɐ
sechsundfünfzigfacher	z ɛ k s ʊ n t f ʏ n f t͡s ɪ ç f a x ɐ
sechsundfünfzigjähriger	z ɛ k s ʊ n t f ʏ n f t͡s ɪ ç j ɛː ʁ ɪ ɡ ɐ
sechsundvierzigfacher	z ɛ k s ʊ n t f ɪ ɐ̯ t͡s ɪ ç f a x ɐ
sechsundvierzigjähriger	z ɛ k s ʊ n t f ɪ ɐ̯ t͡s ɪ ç j ɛː ʁ ɪ ɡ ɐ
sechsundzwanzigfacher	z ɛ k s ʊ n t͡s v a n t͡s ɪ ç f a x ɐ
sechzehnfacher	z ɛ ç t͡s eː n f a x ɐ
sechzigjähriger	z ɛ ç t͡s ɪ ç j ɛː ʁ ɪ ɡ ɐ
sechzigtausend	z ɛ k s s ɪ k t a ʊ z n̩ t
sechzigtausendfach	z ɛ k s ɪ k t a ʊ z n̩ t f a χ
sechzigtausendmal	z ɛ k s ɪ k t a ʊ z n̩ t m aː ɮ̩
secondhand	s ɛ k ŋ̍ t h ɛ n t
seelenlos	z eː l n̩ l oː s
seelenlos	z eː l ə n l oː s
seelenlose	z eː l n̩ l oː z ə
seelenlose	z eː l ə n l oː z ə
seerechtlich	z eː ʁ ɛ ç t l ɪ ç
segnen	s eː ɡ̥ n ɛ n
sehnen	z eː n ə n
sehr	z eː ɐ̯
sehr	z ɛ ɐ̯
seicht	s a ɛ̯ ç t
seihen	z a ɪ̯ ə n
sein	s a ɛ̯ n
seinen	z a ɪ̯ n n̩
seinen	z a ɪ̯ n ə n
seinerseits	z a ɪ̯ n ɐ z a ɪ̯ t͡s
seit	s a ɛ̯ t
sekundär	z e k ʊ n d ɛ ɐ̯
sekundär	z e k ʊ n d ɛː ɐ̯
selbe	z ɛ l b ə
selber	z ɛ l b ɐ
selbig	z ɛ l b ɪ ç
selbstbeweihräuchernd	z ɛ l p s t b ə v a ɪ̯ ʁ ɔ ɪ̯ ç ɐ n t
selbstmörderisch	z ɛ l p s m œ ɐ d ə ʁ ɪ ʃ
selbstmörderisch	z ɛ l p s t m œ ɐ d ə ʁ ɪ ʃ
selten	z ɛ l t n̩
selten	z ɛ l t ə n
semantisch	z e m a n t ɪ ʃ
semantische	z e m a n t ɪ ʃ ə
senden	z ɛ n d n̩
senden	z ɛ n d ə n
senken	z ɛ ŋ k ŋ
separatistische	z e p a ʁ a t ɪ s t ɪ ʃ ə
separatistischem	z e p a ʁ a t ɪ s t ɪ ʃ m̩
separatistischen	z e p a ʁ a t ɪ s t ɪ ʃ n̩
separatistischer	z e p a ʁ a t ɪ s t ɪ ʃ ɐ
separatistisches	z e p a ʁ a t ɪ s t ɪ ʃ ə s
seriös	z e ʁ i øː s
seriös	z ɛ ʁ j øː s
servieren	z ɛ ʁ v iː ʁ ə n
servierte	z ɛ ɐ̯ v i ɐ̯ t ə
servierte	z ɛ ɐ̯ v iː ɐ̯ t ə
servus	s ɛ ɐ̯ ʋ u s
setzen	s ɛ t s n̩
setzen	z ɛ t s n̩
seufzen	z ɔ ø̯ f t͡s n̩
sexagesimal	z ɛ k s a ɡ e z i m aː l
sey	z a ɪ̯
sezieren	z e t s iː ɐ̯ n
shoppen	ʃ ɔ p m̩
sicher	s i ç ɐ
sicher	s i χ ə r
sicher	z i j a
sicher	z i ç a
sicher	z ɪ ç ɐ
sicher	z ɪ ɕ ɐ
sicher	z ɪ ʃ ɐ
sichtbar	z ɪ ç tʰ b aː ɐ̯
sickern	s ɪ k ɐ n
sickern	z ɪ k ɐ n
sieben	s iː b m̩
sieben	s iː m
sieben	z iː b m̩
sieben	z iː b n̩
siebenhundertjähriger	z iː b m̩ h ʊ n d ɐ t j ɛː ʁ ɪ ɡ ɐ
siebenmonatlich	z iː b n̩ m oː n a t l ɪ ç
siebenundfünfzigfacher	z iː b n̩ ʊ n t f ʏ n f t͡s ɪ ç f a x ɐ
siebenundfünfzigjähriger	z iː b n̩ ʊ n t f ʏ n f t͡s ɪ ç j ɛː ʁ ɪ ɡ ɐ
siebenundvierzigfacher	z iː b n̩ ʊ n t f ɪ ɐ̯ t͡s ɪ ç f a x ɐ
siebenundvierzigjähriger	z iː b n̩ ʊ n t f ɪ ɐ̯ t͡s ɪ ç j ɛː ʁ ɪ ɡ ɐ
siebzehnfacher	z iː b t͡s eː n f a x ɐ
siebzigfacher	z iː p t s ɪ ç f a x ɐ
siebzigjähriger	z iː p t s ɪ ç j ɛː ʁ ɪ ɡ ɐ
siebzigtausend	z iː b e n s ɪ k t a ʊ z n̩ t
siebzigtausendfach	z iː b s ɪ k t a ʊ z n̩ t f a χ
siebzigtausendmal	z iː b s ɪ k t a ʊ z n̩ t m aː ɮ̩
sieden	s iː d n̩
sieden	z iː d n̩
siehe	z iː ə
sieht	z iː t
silbieren	z ɪ l b iː ɐ̯ n
silbieren	z ɪ l b iː ʁ ə n
sind	s ɪ n t
sind	z ɪ n t
singen	z ɪ ŋ ŋ̩
singt	z ɪ ŋ k t
singt	z ɪ ŋ t
sinistral	z i n ɪ s t ʁ aː l
sinken	z ɪ ŋ k ŋ̍
sinkt	z ɪ ŋ k t
sinkt	z ɪ ŋ t
sinnhaft	z ɪ n h a f t
skizzieren	s k ɪ t s iː ɐ̯ n
skrupulös	s k ʁ u p u l øː s
skypen	s k a ɪ̯ p m̩
skypen	s k a ɪ̯ p n̩
smaragden	s m a ʁ a k d̥ ə n
smaragden	s m a ʁ a k t n̩
snöben	s n øː b m̩
snöben	s n øː b n̩
snöben	s n øː b ə n
sohin	z o h ɪ n
solch	z ɔ l ç
solch	z ɔ ʎ̞ ç
sollen	s ɔ l n̩
sollen	z ɔ l n̩
somatoform	z o m a t o f ɔ ɐ̯ m
sommersprossig	z ɔ m ɐ ʃ p ʁ ɔ s ɪ ç
sonderbar	s ɔ n d ɐ b aː ɐ̯
sonderbar	z ɔ n d ɐ b aː ɐ̯
sondergleichen	z ɔ n d ɐ ɡ l a ɪ̯ ç n̩
sondergleichen	z ɔ n d ɐ ɡ l a ɪ̯ ç ə n
sondergleichen	z ɔ n d ə r ɡ l a ɪ̯ ç ə n
sonderlich	s ɔ n d ɐ l i ç
sonderlich	z ɔ n d ɐ l i ç
sondern	z ɔ n d ɐ n
sonnen	z ɔ n ə n
sonnenbaden	z ɔ n ə n b aː d n̩
sonnenreich	z ɔ n ə n ʁ a ɪ̯ ç
sonstig	z ɔ n s t ɪ k
sonstig	z ɔ n s t ɪ ç
souverän	z u v ə ʁ ɛː n
soweit	z o v a ɪ̯ t
sowie	s o v iː
sowie	z o v iː
sozialistischem	z o t͡s i̯ a l ɪ s t ɪ ʃ m̩
spack	ʃ p a kʰ
spannen	ʃ p a n n̩
spar	ʃ p aː ɐ̯
sparen	ʃ p aː n
sparen	ʃ p aː ɐ̯ n
sparen	ʃ p aː ʁ ə n
sparten	ʃ p aː t n̩
sparten	ʃ p aː ɐ̯ t n̩
spechteln	ʃ b̥ e̞ ç d̥ l̩ n
speiben	ʃ p a e̯ b m̩
speicheln	ʃ p a ɪ̯ ç l n̩
speisen	ʃ p a ɪ̯ z n̩
speläologisch	s p e l ɛ o l oː ɡ ɪ ʃ
speläologisch	ʃ p e l ɛ o l oː ɡ ɪ ʃ
sperren	ʃ p ɛ ʁ n
spicken	ʃ p ɪ k n̩
spiegelbildlich	ʃ p iː ɡ l̩ b ɪ l t l ɪ ç
spiegeln	ʃ p iː ɡ l̩ n
spießen	ʃ p iː s n̩
spillerig	ʃ p ɪ l ə ʁ ɪ ç
spornen	ʃ p ɔ ʁ n ə n
sprachlich	ʃ p ʁ aː x l ɪ ç
sprachlichen	ʃ p ʁ aː x l ɪ ç n̩
sprachlichen	ʃ p ʁ aː x l ɪ ç ə n
sprachmächtig	ʃ p ʁ aː χ
sprenkeln	ʃ p ʁ ɛ ŋ k l̩ n
sprichwörtlich	ʃ p ʁ ɪ ç v œ ʁ t l ɪ ç
sprießen	ʃ p ʁ iː s n̩
spritzen	ʃ p ʁ ɪ t͡s n̩
sprudeln	ʃ p ʁ uː d l̩ n
spucken	ʃ p ʊ k ŋ̍
spulen	ʃ p uː l ə n
spurlos	ʃ p uː ɐ̯ l oː s
spätestens	ʃ p ɛː t ə s t n̩ s
spätlateinisch	ʃ p ɛː t l a t a ɪ̯ n ɪ ʃ
spötteln	ʃ p œ t l̩ n
spüren	ʃ p yː ɐ n
spüren	ʃ p yː ʁ ə n
staatenlos	ʃ t aː t n̩ l oː s
staatsrechtlich	ʃ t aː t͡s ʁ ɛ ç t l i ç
stabil	ʃ t a b iː l
stagnieren	ʃ t a ɡ n iː ʁ ə n
stammen	ʃ t a m n̩
standardisieren	ʃ t ä n d ä ɐ̯ d i z i ʁ ə n
standardisieren	ʃ t ä n d ä ɐ̯ t ʔ i z i ʁ ə n
stanzen	ʃ t a n t͡s n̩
stapfen	ʃ t a p͡f n̩
starb	ʃ t a ɐ̯ p
starb	ʃ t a ʁ p
starb	ʃ t aː p
stark	ʃ t a ɐ̯ k
stark	ʃ t a ʁ k
stark	ʃ t aː k
starkmachen	ʃ t a ʁ k m a x n̩
starr	ʃ t a ɐ̯
starr	ʃ t a ʁ
starr	ʃ t aː
starren	ʃ t a ʁ ə n
starren	ʃ t aː n
starren	ʃ t aː ɐ̯ n
starten	ʃ t a ʁ t n̩
startklar	ʃ t a ʁ t k l aː ɐ̯
stationieren	ʃ t a t s i̯ o n iː ʁ ə n
statistisch	ʃ t a t ɪ s t ɪ ʃ
stattfinden	ʃ t a t f ɪ n d n̩
stattgeben	ʃ t a t ɡ eː b n̩
stattlich	ʃ t a t l ɪ ç
staubsaugen	ʃ t a ʊ̯ p z a ʊ̯ ɡ n̩
stauchen	ʃ t a ʊ̯ x n̩
stauen	ʃ t a ʊ̯ n̩
stecken	ʃ t ɛ k ŋ
stecken	ʃ t ɛ k ə n
steckenbleiben	ʃ t ɛ k n̩ b l a ɪ̯ b n̩
stehenbleiben	ʃ t eː ə n b l a ɪ̯ b n̩
steht	ʃ t eː t
steigen	ʃ t a ɪ̯ ɡ n̩
steigen	ʃ t a ɪ̯ ɡ ŋ̩
steigen	ʃ t a ɪ̯ ɡ ə n
steinigen	ʃ t a ɪ̯ n ɪ ɡ ŋ̩
stellen	ʃ t ɛ l̩ n
stellenweise	ʃ t ɛ l ə n v a ɪ̯ z ə
stellt	ʃ t ɛ l t
sterben	ʃ t ɛ ʁ b m̩
sternenhell	ʃ t ɛ r n ə n h ɛ l
sternenklar	ʃ t ɛ ʁ n ə n k l aː
sternenklar	ʃ t ɛ ʁ n ə n k l aː ɐ̯
sternkundlich	ʃ t ɛ ʁ n k ʊ n t l ɪ ç
sternkundlicher	ʃ t ɛ ʁ n k ʊ n t l ɪ ç ɐ
steuerbord	ʃ t ɔ ɪ̯ ɐ b ɔ ʁ tʰ
steuerpflichtig	ʃ t ɔ ɪ̯ ɐ p f l ɪ ç t ɪ ç
sticheln	ʃ t ɪ ç l̩ n
stichpunktartig	ʃ t ɪ ç p ʊ ŋ k t ʔ aː ɐ̯ t ɪ ç
sticken	ʃ t ɪ k ŋ̩
sticken	ʃ t ɪ k ə n
stieben	ʃ t iː b n̩
stiefeln	ʃ t iː f l̩ n
stier	ʃ t iː ɐ̯
stillsitzen	ʃ t ɪ l z ɪ t͡s n̩
stillstehen	ʃ t ɪ l ʃ t eː ə n
stimmen	ʃ t i m ɛ n
stimmen	ʃ t ɪ m n̩
stochern	ʃ t ɔ χ ɐ n
stocken	ʃ t ɔ k n̩
stocken	ʃ t ɔ k ŋ̍
stoffen	ʃ t ɔ f n̩
stoffen	ʃ t ɔ f ə n
stoffen	ʃ t ɔ f ɱ̩
stolpern	ʃ t ɔ l p ɐ n
stoppen	ʃ t ɔ p m̩
stoppen	ʃ t ɔ p ə n
straf	ʃ t ʁ aː f
strafen	ʃ t ʁ aː f n̩
straffrei	ʃ t ʁ aː f f ʁ a ɪ̯
strahlen	ʃ t ʁ aː l ə n
strahlen	ʃ t ʁ aː l̩ n
strahlend	ʃ t ʁ aː l ə n t
strapazieren	ʃ t ʁ a p a t͡s iː ʁ ə n
streamen	s t ʁ iː m ə n
strecken	ʃ t ʁ ɛ k ŋ̍
strecken	ʃ t ʁ ɛ k ə n
streifen	ʃ t ʁ a ɪ̯ f n̩
streiten	ʃ t ʁ a ɪ̯ t n̩
stricken	ʃ t ʁ ɪ k ŋ̍
stricken	ʃ t ʁ ɪ k ə n
striegeln	ʃ t ʁ iː ɡ l̩ n
strippen	s t ʁ ɪ p m̩
strippen	s t ʁ ɪ p ə n
strotzen	ʃ t ʁ ɔ t͡s n̩
strukturieren	ʃ t ʁ ʊ k tʰ u ʁ iː ʁ n̩
strukturiert	ʃ t ʁ ʊ k tʰ u ʁ iː ɐ̯ tʰ
struppig	ʃ t ʁ ʊ p ɪ k
struppig	ʃ t ʁ ʊ p ɪ ç
struppiger	ʃ t ʁ ʊ p ɪ ɡ ɐ
struppigsten	ʃ t ʁ ʊ p ɪ ç s t ə n
sträuben	ʃ t ʁ ɔ ɪ̯ b n̩
stummschalten	ʃ t ʊ m ʃ a l t n̩
stundenlang	ʃ t ʊ n d n̩ l a ŋ
stupsen	ʃ t ʊ p s n̩
stur	ʃ t uː ɐ̯
stählen	ʃ t ɛː l ə n
stärken	ʃ t ɛ ʁ k n̩
stärken	ʃ t ɛ ʁ k ŋ̩
stöckeln	ʃ t œ k l̩ n
stückchenweise	ʃ t ʏ k ç ə n v a ɪ̯ z ə
stückeln	ʃ t ʏ k l̩ n
stückweise	ʃ t ʏ k v a ɪ̯ z ə
stürmen	ʃ t ʏ ʁ m ə n
stürzen	ʃ t ʏ ɐ t s n̩
sublim	z ʊ p l iː m
sublimieren	z ʊ p l i m iː ɐ̯ n
subsumieren	s ʊ p s u m iː ʁ ə n
subsumieren	z ʊ b z u m iː ʁ ə n
subtrahieren	z ʊ p t ʁ a h iː ɐ̯ n
suchen	z uː x n̩
suppen	z ʊ p m̩
suppen	z ʊ p ə n
surre	z ʊ ʁ ə
surret	z ʊ ʁ ə t
synchronisieren	z ʏ n k ʁ o n i z iː ʁ ə n
synkretistisch	s y n k ʁ ɛ t ɪ s t ɪ ʃ
synkretistischer	s y n k ʁ ɛ t ɪ s t ɪ ʃ ɐ
synkretistischer	s y n k ʁ ɛ t ɪ s t ɪ ʃ ɛ ʁ
synkretistischsten	s y n k ʁ ɛ t ɪ s t ɪ ʃ s t ɛ n
systematisch	z ʏ s tʰ e m äː tʰ ɪ ʃ
szintigrafisch	s t͡s i n t i ɡ ʁ aː f ɪ ʃ
szintigraphisch	s t͡s i n t i ɡ ʁ aː f ɪ ʃ
sächseln	z ɛ k s l̩ n
sächsisch	z ɛ k s ɪ ʃ
säen	s eː n
säen	z eː ə n
säen	z ɛː ə n
sägen	s eː ɡ ŋ̍
sägen	z ɛː ɡ ŋ̍
sägt	z eː k t
sägt	z ɛː k t
sättigen	z ɛ t ɪ ɡ n̩
sättigen	z ɛ t ɪ ɡ ŋ̩
säubern	z ɔ ʏ̯ b ɐ n
säugen	z ɔ ʏ̯ ɡ ŋ̍
säumen	z ɔ ɪ̯ m ə n
säuseln	z ɔ ʏ̯ z l̩ n
süddeutsch	z yː t d ɔ ʏ̯ t͡ʃ
süddeutsch	z yː t ɔ ʏ̯ t͡ʃ
sühnen	z yː n ə n
sündig	z ʏ n d ɪ k
sündig	z ʏ n d ɪ ç
süßsauer	z yː s z a ʊ̯ ɐ
tabuisieren	t a b u i z iː ʁ ə n
tadeln	t aː d l̩ n
tafeln	t aː f l̩ n
tagen	t aː ɡ ŋ̩
taggen	t ɛ ɡ n̩
taktieren	t a k t iː ʁ ə n
tangieren	t a ŋ ɡ iː ʁ ə n
tanken	t a ŋ k n̩
tanken	t a ŋ k ŋ̍
tanken	t a ŋ k ə n
tapfer	t ä p f ɐ
tapfer	t ä p ɸ ɐ
tappen	t a p m̩
tapsen	t a p s n̩
tarnen	t a ʁ n ə n
tat	t aː t
tatschen	t a t͡ʃ n̩
tatsächlich	t aː d͡z ɛ ç l ɪ ç
tatterig	t a t ə ʁ ɪ k
tatterig	t a t ə ʁ ɪ ç
tattern	t a t ɐ n
tatverdächtig	t aː t f ɛ ɐ̯ d ɛ ç t ɪ ç
tatverdächtigen	t aː t f ɛ ɐ̯ d ɛ ç t ɪ ɡ n̩
tatverdächtigen	t aː t f ɛ ɐ̯ d ɛ ç t ɪ ɡ ŋ̩
tauchen	t a ʊ̯ x n̩
tauchen	t a ʊ̯ x ə n
tauen	t ä ʊ̯ n̩
tauen	t ä ʊ̯ ə n
taugen	t a ʊ̯ ɡ n̩
tauschen	tʰ a ʊ̯ ʃ n̩
tausend	tʰ a ʊ̯ z n̩ t
taxieren	t a k s iː ʁ ə n
taxonomisch	t a k s o n oː m ɪ ʃ
technisch	t ɛ ç n ɪ ʃ
teilbar	t a ɪ̯ l b aː ɐ̯
teilen	tʰ a ɪ̯ l n
teilhaben	t a ɪ̯ l h aː b n̩
teilnehmen	t a ɪ̯ l n eː m ə n
telefonieren	tʰ e l e f o n iː ɐ̯ n
teleskopartig	t e l e s k oː p ʔ aː ɐ̯ tʰ ɪ ç
tendieren	t ɛ n d iː ʁ ə n
territorial	t ɛ ʁ i t o ʁ i̯ aː l
terrorisieren	t ɛ ʁ o ʁ i z iː ʁ ə n
tessinisch	t ɛ s iː n ɪ ʃ
teste	t ɛ s t ə
testen	t ɛ s t n̩
testieren	t ɛ s t iː ʁ ə n
testierend	t ɛ s t iː ʁ ə n t
teuflisch	tʰ ɔ ʏ̯ f l ɪ ʃ
textuell	t ɛ k s t u ɛ l
thematisieren	t e m a t i z iː ʁ ə n
thurgauisch	t uː ɐ̯ ɡ a ʊ̯ ɪ ʃ
thüringisch	tʰ yː ʁ ɪ ŋ ɪ ʃ
ticken	t ɪ k ŋ̩
ticken	t ɪ k ə n
tiefkühlen	t iː f k yː l ə n
tierkundlich	t iː ɐ̯ k ʊ n t l ɪ ç
tierkundlicher	t iː ɐ̯ k ʊ n t l ɪ ç ɐ
tilgen	t ɪ l ɡ n̩
timen	t a ɪ̯ m ə n
tintenschwarz	t ɪ n t n̩ ʃ v a ʁ t͡s
tippen	t ɪ p m̩
tippen	t ɪ p n
tippen	t ɪ p ə n
titrieren	t i t ʁ iː ʁ ə n
toasten	t oː s t n̩
toasten	t ɔ ʊ̯ s t n̩
toben	tʰ oː b m̩
toben	tʰ oː b n̩
toll	tʰ ɔ l
tollen	t ɔ l ə n
tollpatschig	t ɔ l p a t ʃ ɪ k
tollpatschig	t ɔ l p a t ʃ ɪ ç
toppen	t ɔ p n̩
torkeln	t ɔ ʁ k l̩ n
torpedieren	tʰ ɔ ʁ p e d iː ɐ̯ n
toten	t oː t n̩
toten	t oː t ə n
totlachen	t oː t l a x n̩
totlaufen	t oː t l a ʊ̯ f n̩
totmachen	t oː t m a x n̩
totprügeln	t oː t p ʁ yː ɡ l̩ n
totquetschen	t oː t k v ɛ t ʃ n̩
totreden	t oː t ʁ eː d n̩
totsagen	t oː t z a ɡ n̩
totsaufen	t oː t z a ʊ̯ f n̩
totschiessen	t oː t ʃ iː s n̩
totschießend	t oː t ʃ iː s n̩ t
totschlagen	t oː t ʃ l aː ɡ n̩
totstechen	t oː t ʃ t ɛ ç n̩
tottrinken	t oː t t ʁ ɪ ŋ k n̩
touchieren	t ʊ ʃ iː ʁ ə n
traben	tʰ ʁ aː b m̩
trachten	t ʁ a χ t n̩
traditionell	t ʁ a d i t s i̯ o n ɛ l
traditionelle	t ʁ a d i t s i̯ o n ɛ l ə
traditionellen	t ʁ a d i t s i̯ o n ɛ l n̩
traditionellen	t ʁ a d i t s i̯ o n ɛ l ə n
tragen	tʰ ʁ̥ aː ɡ ŋ̩
trainieren	t ʁ ɛ n iː ɐ̯ n
traktieren	t ʁ a k t iː ʁ ə n
trampeln	t ʁ a m p l̩ n
trampeln	t ʁ a m p ə l n
trampen	t ʁ a m p m̩
trampen	t ʁ a m p ə n
trank	t ʁ a ŋ k
transatlantischer	t ʁ a n s ʔ a t l a n t ɪ ʃ ɐ
transchieren	t ʁ ɔ ŋ ʃ iː ɐ̯ n
transferieren	t ʁ a n t͡s f e ʁ iː ʁ ə n
transkribieren	t ʁ a n t͡s k ʁ i b iː ʁ ə n
transliterieren	t ʁ a n s l ɪ t ə ʁ iː ʁ ə n
transponieren	t ʁ a n s p o n iː ʁ ə n
transportieren	t ʁ a n s p ɔ ʁ t iː ʁ ə n
transsibirisch	t ʁ a n s z i b iː ʁ ɪ ʃ
transsibirischer	t ʁ a n s z i b iː ʁ ɪ ʃ ɐ
transsilvanisch	t ʁ a n s z ɪ l v aː n ɪ ʃ
transsilvanischer	t ʁ a n s z ɪ l v aː n ɪ ʃ ɐ
traumatisieren	t ʁ a ʊ̯ m a t i z iː ʁ ə n
traumgewandelt	t ʁ a ʊ̯ m ɡ ə v a n d l̩ t
treffe	t ʁ ɛ f ə
treffen	tʰ ʁ̥ ɛ f ɱ̩
trefft	t ʁ ɛ f t
treideln	t ʁ a ɪ̯ d l̩ n
trennen	t ʁ ɛ n ɛ n
trennen	t ʁ ɛ nː
treten	tʰ ʁ̥ eː t n̩
treten	tʰ ʁ̥ eː t ə n
treten	tʰ ʁ̥ eː ʔ̩ n
treuhänderisch	t ʁ ɔ ɪ̯ h ɛ n d ə ʁ ɪ ʃ
treulos	t ʁ ɔ ʏ l oː s
triangulieren	t ʁ i a ŋ ɡ u l iː ʁ ə n
tricksen	t ʁ ɪ k s n̩
trieben	t ʁ iː b m̩
triefen	t ʁ iː f n̩
triffst	t ʁ ɪ f s t
trifft	t ʁ ɪ f t
triften	t ʁ ɪ f t n̩
trinken	tʰ r̥ ɪ ŋ k ŋ̩
trinken	tʰ r̥ ɪ ŋ k ə n
trinken	tʰ ʁ̥ ɪ ŋ k ŋ̩
trinken	tʰ ʁ̥ ɪ ŋ ʔ ŋ̩
trinkt	t ʁ ɪ ŋ k t
trippeln	t ʁ ɪ p l̩ n
trocken	t ʁ ɔ k ŋ̩
trocken	t ʁ ɔ k ə n
trotten	t ʁ ɔ t n̩
trotz	t r o t s
trotz	tʰ ʁ̞̊ ɔ t͡sʰ
trudeln	t ʁ uː d l̩ n
trug	t ʁ uː k
trägt	t ʁ eː k t
trägt	t ʁ ɛː k t
tränken	t ʁ ɛ ŋ k ə n
trösten	t r øː s t n
trösten	t r øː s t ə n
trösten	tʰ ʁ øː s t n
trösten	tʰ ʁ øː s t ə n
trüben	t ʁ yː b m̩
trüber	t ʁ yː b ɐ
trügen	t ʁ yː ɡ ŋ̍
trügen	t ʁ yː ɡ ə n
tschechern	t ʃ ɛ ç ɐ n
tschechern	t ʃ ɛ ç ə ʁ n
tuckern	t ʊ k ɐ n
tummeln	t ʊ m l̩ n
tun	t uː n
tunen	t j uː n n̩
tunen	t j uː n ə n
tunneln	t ʊ n l̩ n
tupfen	t ʊ p f n
tupfen	t ʊ p f ə n
tupfen	t ʊ p ɸ n
tupfen	t ʊ p ɸ ə n
turnen	tʰ ʊ ʁ n ə n
tuscheln	t ʊ ʃ l̩ n
twerken	t ʋ ɛ ʁ k n̩
twerken	t ʋ ɛ ʁ k ŋ̩
twittern	t ʋ ɪ t ɐ n
täuschen	tʰ ɔ ɪ̯ ʃ n̩
tönen	t øː n n̩
tönen	t øː n ə n
törichterweise	t øː ʁ ɪ ç t ɐ v a ɪ̯ z ə
töten	t øː t n̩
tüchtig	t ʏ ç t ɪ ç
tünchen	t ʏ n ç n̩
türkis	t ʏ ɐ̯ k iː s
türkis	t ʏ ʁ k iː s
ukrainisch	u k ʁ a ɪ̯ n ɪ ʃ
ukrainisch	u k ʁ a ʔ iː n ɪ ʃ
ukrainisch	u k ʁ aˑ iː n ɪ ʃ
umarbeiten	ʊ m a ʁ b a ɪ̯ t n̩
umbauen	ʔ ʊ m b a ʊ̯ ə n
umbilden	ʊ m b ɪ l d n̩
umblicken	ʊ m b l ɪ k n̩
umblättern	ʊ m b l ɛ t ɐ n
umfahren	ʊ m f aː ʁ ə n
umfließen	ʊ m f l iː s n̩
umfloren	ʔ ʊ m f l oː ʁ ə n
umformulieren	ʊ m f ɔ ʁ m u l iː ʁ ə n
umgangssprachlich	ʔ ʊ m ɡ a ŋ s ʃ p ʁ aː χ l ɪ ç
umgarnen	ʊ m ɡ a ʁ n ə n
umgeben	ʔ ʊ m ɡ eː b m̩
umgeben	ʔ ʊ m ɡ eː b ə n
umgebucht	ʊ m ɡ ə b uː x t
umgehauen	ʊ m ɡ ə h a ʊ̯ ə n
umgekehrt	ʊ m ɡ ə k eː ɐ̯ t
umgenutzt	ʔ ʊ m ɡ ə n ʊ t͡s t
umgerissen	ʊ m ɡ ə ʁ ɪ s n̩
umgerüstet	ʊ m ɡ ə ʁ ʏ s t ə t
umhaben	ʊ m h aː b n̩
umhauen	ʊ m h a ʊ̯ n
umherbewegen	ʊ m h eː ɐ̯ b ə v eː ɡ n̩
umherbewegt	ʊ m h eː ɐ̯ b ə v eː ɡ t
umhüllen	ʔ ʊ m h ʏ l n
umkehren	ʊ m k eː ʁ ə n
umklammernd	ʊ̯ m k l a m ɐ n t
umklammert	ʊ m k l a m ɐ t
umkommen	ʔ ʊ m k ɔ m m̩
umkommen	ʔ ʊ m k ɔ m ə n
umleiten	ʊ m l a ɪ̯ t n̩
umlügen	ʔ ʊ m l yː ɡ n
umlügen	ʔ ʊ m l yː ɡ ŋ̍
umlügen	ʔ ʊ m l yː ɡ ə n
ummauern	ʊ m m a ʊ̯ ɐ n
umnutzen	ʔ ʊ m n ʊ t͡s n̩
umparken	ʊ m p a ʁ k n̩
umräumen	ʊ m ʁ ɔ ɛ̯ m ɛ n
umräumen	ʊ m ʁ ɔ ɪ̯ m ə n
umrühren	ʊ m ʁ yː ʁ ə n
umrüsten	ʊ m ʁ ʏ s t n̩
umrüstend	ʊ m ʁ ʏ s t n̩ t
umschichten	ʊ m ʃ ɪ ç t n̩
umschmeicheln	ʊ m ʃ m a ɪ̯ ç l̩ n
umschmeichelnd	ʊ m ʃ m a ɪ̯ ç l̩ n t
umschmeichelt	ʊ m ʃ m a ɪ̯ ç l̩ t
umschmeichelte	ʊ m ʃ m a ɪ̯ ç l̩ t ə
umschmelzen	ʊ m ʃ m ɛ l t͡s n̩
umschreiben	ʔ ʊ m ʃ ʁ a ɪ̯ b m̩
umschränkt	ʊ m ʃ ʁ ɛ ŋ k t
umschulden	ʊ m ʃ ʊ l d n̩
umschulen	ʊ m ʃ uː l ə n
umsehen	ʊ m z eː ə n
umsetzen	ʔ ʊ m z ɛ t s n̩
umsetzen	ʔ ʊ m z ɛ t s ə n
umso	ʊ m z oː
umsorgen	ʊ m z ɔ ʁ ɡ ə n
umstimmen	ʊ m ʃ t ɪ m ə n
umstoßen	ʊ m ʃ t oː s n̩
umstrukturieren	ʔ ʊ m ʃ t ʁ ʊ k tʰ u ʁ iː ʁ n̩
umtauschen	ʊ m t a ʊ̯ ʃ n̩
umtreiben	ʊ m t ʁ a ɪ̯ b n̩
umwandeln	ʔ ʊ m v a n d ə l n
umweltrechtlich	ʔ ʊ m v ɛ l t ʁ ɛ ç t l i ç
umwerben	ʊ m v ɛ ɐ̯ b m̩
umwerben	ʊ m v ɛ ɐ̯ b n̩
umwerben	ʊ m v ɛ ʁ b n̩
umwerfen	ʊ m v ɛ ʁ f n̩
umwälzen	ʊ m v ɛ l t͡s n̩
umziehen	ʊ m t͡s iː ə n
umzingeln	ʊ m t͡s ɪ ŋ l̩ n
unabhängig	ʔ ʊ n ʔ a p h ɛ ŋ ɪ ç
unangebracht	ʊ n a n ɡ ə b ʁ a χ t
unangenehm	ʔ ʊ n ʔ a n ɡ ə n eː m
unausgegoren	ʔ ʊ n ʔ a ʊ̯ s ɡ ə ɡ oː ʁ ə n
unausgewogen	ʊ n ʔ a ʊ̯ s ɡ ə v oː ɡ n̩
unaussprechbar	ʔ ʊ n ʔ a ʊ̯ s ʃ p ʁ ɛ ç b aː ɐ̯
unbeabsichtigte	ʊ n b ə ʔ a p z ɪ ç t ɪ ç t ə
unbeachtlich	ʔ ʊ n b ə ʔ a x t l ɪ ç
unbeantwortet	ʊ n b ə ʔ a n t v ɔ ʁ t ə t
unbedarft	ʊ n b ə d a ʁ f t
unbeherrscht	ʊ n b ə h ɛ ʁ ʃ t
unbelebt	ʔ ʊ n b ə l eː p t
unbelebtes	ʔ ʊ n b ə l eː p t ə s
unbescholten	ʊ n b ə ʃ ɔ l t n̩
unbestimmt	ʊ n b ə ʃ t ɪ m t
unbestätigt	ʊ n b ə ʃ t ɛː t ɪ k t
unbestätigt	ʊ n b ə ʃ t ɛː t ɪ ç t
unbewiesen	ʊ n b ə v iː z n̩
unbewiesene	ʊ n b ə v iː z ə n ə
unbewiesener	ʊ n b ə v iː z ə n ɐ
und	n̩
und	ʊ n
und	ʊ n t
und	ʔ ʊ n
und	ʔ ʊ n t
undenkbar	ʊ n d ɛ ŋ k b aː ɐ̯
unentgeltlich	ʔ ʊ n ʔ ɛ n t ɡ ɛ l t l ɪ ç
unentschlossen	ʊ n ʔ ɛ n t ʃ l ɔ s n̩
unentschlossener	ʊ n ʔ ɛ n t ʃ l ɔ s ə n ɐ
unentschlossensten	ʊ n ʔ ɛ n t ʃ l ɔ s n̩ s t ə n
unentwegt	ʊ n ʔ ɛ n t v eː k t
unentwegter	ʊ n ʔ ɛ n t v eː k t ɐ
unerfahren	ʔ ʊ n ʔ ɛ ɐ̯ f aː ʁ ə n
unersättlich	ʊ n ɛ ɐ̯ z ɛ t l ɪ ç
unerwidert	ʊ n ʔ ɛ ɐ̯ v iː d ɐ t
unfassbar	ʊ n f a s b aː ɐ̯
unfreundlicherweise	ʔ ʊ n f ʁ ɔ ɪ̯ n t l ɪ ç ɐ v a ɪ̯ z ə
ungar	ʔ ʊ n ɡ aː ʁ
ungefreut	ʊ n ɡ ə f ʁ ɔ ʏ̯ t
ungemacht	ʊ n ɡ ə m a χ t
ungepflegt	ʊ n ɡ ə p f l eː k t
ungepflügt	ʊ n ɡ ə p͡f l yː k t
ungerade	ʔ ʊ n ɡ ə ʁ aː d ə
ungerechtfertigt	ʊ n ɡ ə ʁ ɛ ç t f ɛ ʁ t ɪ k t
ungerechtfertigt	ʊ n ɡ ə ʁ ɛ ç t f ɛ ʁ t ɪ ç t
ungerechtfertigterweise	ʊ n ɡ ə ʁ ɛ ç t ɐ f ɛ ʁ t ɪ ɡ t ɐ v a ɪ̯ z ə
ungesattelt	ʊ n ɡ ə z a t l̩ t
ungeschickt	ʊ n ɡ ə ʃ ɪ k t
ungeschlechtliche	ʊ n ɡ ə ʃ l ɛ ç t l ɪ ç ə
ungeschlechtlichem	ʊ n ɡ ə ʃ l ɛ ç t l ɪ ç ə m
ungeschlechtlichen	ʊ n ɡ ə ʃ l ɛ ç t l ɪ ç n̩
ungeschlechtlicher	ʊ n ɡ ə ʃ l ɛ ç t l ɪ ç ɐ
ungeschlechtliches	ʊ n ɡ ə ʃ l ɛ ç t l ɪ ç ə s
ungesäumt	ʊ n ɡ ə z ɔ ɪ̯ m t
ungewiss	ʔ ʊ n ɡ ə v ɪ s
ungewohnt	ʊ n ɡ ə v oː n t
ungut	ʔ ʊ n ɡ uː t
ungünstig	ʔ ʊ n ɡ ʏ n s t ɪ k
ungünstig	ʔ ʊ n ɡ ʏ n s t ɪ ç
unhaltbar	ʔ ʊ n h a l t b aː
unhaltbar	ʔ ʊ n h a l t b aː ɐ̯
unhintergehbar	ʔ ʊ n h ɪ n t ɐ ɡ eː b aː ɐ̯
unhöflicherweise	ʔ ʊ n h øː f l ɪ ç ɐ v a ɪ̯ z ə
unhörbar	ʊ n h øː ɐ̯ b aː ɐ̯
unken	ʊ ŋ k n̩
unken	ʊ ŋ k ŋ̍
unkonkret	ʊ n k ɔ ŋ k ʁ eː t
unkonkreter	ʊ n k ɔ ŋ k ʁ eː t ɐ
unkonkretesten	ʊ n k ɔ ŋ k ʁ eː t ə s t n̩
unkrautartig	ʔ ʊ n k ʁ a ʊ̯ t ʔ aː ɐ̯ t ɪ ç
unkrautartigen	ʊ n k ʁ a ʊ̯ t ʔ aː ɐ̯ t ɪ ɡ n̩
unlesbarer	l eː s b aː ʁ ɐ
unlesbarsten	l eː s b aː ɐ̯ s t n̩
unmöglich	ʔ ʊ m m øː k l ɪ ç
unnachgiebig	ʔ ʊ n aː χ ɡ iː b ɪ ç
unnötig	ʔ ʊ n øː tʰ ɪ k
unnötig	ʔ ʊ n øː tʰ ɪ ç
unretardiert	ʊ n ʁ e t a ʁ d iː ɐ̯ t
unromantisch	ʊ n ʁ o m a n t ɪ ʃ
unschlagbar	ʔ ʊ n ʃ l aː k b aː
unschlagbar	ʔ ʊ n ʃ l aː k b aː ɐ̯
unschön	ʊ n ʃ øː n
unsere	ʔ ʊ n z ə ʁ ə
unsere	ʔ ʊ n z ʁ ə
unseren	ʔ ʊ n z ə ʁ ə n
unsererseits	ʊ n z ə ʁ ɐ z a ɪ̯ t͡s
unserseits	ʊ n z ɐ z a ɪ̯ t͡s
unsrerseits	ʊ n z ʁ ɐ z a ɪ̯ t͡s
unstatthaft	ʊ n ʃ t a t h a f t
unstrukturiert	ʔ ʊ n ʃ t ʁ ʊ k tʰ u ʁ iː ɐ̯ tʰ
unterbelichten	ʊ n t ɐ b ə l ɪ ç t n̩
unterbewerten	ʊ n t ɐ b ə v eː ɐ̯ t n̩
unterbewertend	ʊ n t ɐ b ə v eː ɐ̯ t n̩ t
unterbinden	ʊ n t ɐ b ɪ n d n̩
unterbrechen	ʔ ʊ n t ɐ b ʁ ɛ ç n̩
unterbreiten	ʊ n t ɐ b ʁ a ɪ̯ t n̩
unterbringen	ʔ ʊ n t ɐ b ʁ ɪ ŋ ə n
unterbunden	ʊ n t ɐ b ʊ n d n̩
unterdessen	ʊ n t ɐ d ɛ s n̩
unterdrücken	ʔ ʊ n tʰ ɐ d ʁ ʏ k ŋ
unterdöppen	ʔ ʊ n t ɐ d œ p m̩
untereinander	ʔ ʊ n t ɐ ʔ a ɪ̯ n a n d ɐ
unterfordern	ʊ n t ɐ f ɔ ʁ d ɐ n
unterfränkisch	ʊ n t ɐ f ʁ ɛ ŋ k ɪ ʃ
untergraben	ʊ n t ɐ ɡ ʁ aː b n̩
unterhalten	ʔ ʊ n t ɐ h a l t n̩
unterheben	ʔ ʊ n t ɐ h eː b ɱ̩
unterhopft	ʔ ʊ n t ɐ h ɔ p͡f t
unterjochen	ʊ n t ɐ j ɔ x n̩
unterjubeln	ʊ n t ɐ j uː b l̩ n
unterkriegen	ʊ n t ɐ k ʁ iː ɡ n̩
unterlassen	ʔ ʊ n t ɐ l a s n̩
unterlaufen	ʔ ʊ n t ɐ l a ʊ̯ f n̩
unterlegen	ʊ n t ɐ l eː ɡ n̩
unterliegen	ʊ n t ɐ l iː ɡ n̩
untermauern	ʊ n t ɐ m a ʊ̯ ɐ n
unterreden	ʊ n t ɐ ʁ eː d n̩
unterrichten	ʊ n t ɐ ʁ ɪ ç t n̩
untersagen	ʔ ʊ n t ɐ z aː ɡ ə n
unterscheiden	ʔ ʊ n t ɐ ʃ a ɪ̯ d n̩
unterschieben	ʊ n t ɐ ʃ iː b n̩
unterschlagen	ʊ n tʰ ɐ ʃ l äː ŋ̩
unterschlagen	ʊ n tʰ ɐ ʃ l äː ɡ ə n
unterschreiben	ʊ n t ɐ ʃ ʁ a ɪ̯ b n̩
unterschreiben	ʔ ʊ n t ɐ ʃ ʁ a ɪ̯ b ə n
unterschreiten	ʔ ʊ n tʰ ɐ ʃ ʁ a ɪ̯ t n̩
unterschätzen	ʊ n t ɐ ʃ ɛ t s n̩
untersetzen	ʊ n t ɐ z ɛ t͡s n̩
untersinken	ʊ n t ɐ z ɪ ŋ k n̩
unterstehen	ʊ n t ɐ ʃ t eː ə n
untersteuern	ʊ n t ɐ ʃ t ɔ ɪ̯ ɐ n
unterstreichen	ʔ ʊ n t ɐ ʃ t ʁ a ɪ̯ ç ə n
untersuchen	ʔ ʊ n t ɐ s uː x n̩
untersuchen	ʔ ʊ n t ɐ z uː x n̩
untertan	ʊ n t ɐ t aː n
untertauchen	ʊ n t ɐ t a ʊ̯ χ n̩
unterteilt	ʊ n t ɐ t a ɪ̯ l t
untertreiben	ʊ n t ɐ t ʁ a ɪ̯ b n̩
untertunneln	ʔ ʊ n t ɐ t ʊ n l̩ n
untertänig	ʊ n t ɐ t eː n ɪ ç
untertänig	ʊ n t ɐ t ɛː n ɪ k
untertänig	ʊ n t ɐ t ɛː n ɪ ç
untervermieten	ʔ ʊ n t ɐ f ɐ m iː t n̩
unterwegs	ʔ ʊ n t ɐ v eː k s
unterweisen	ʊ n t ɐ v a ɪ̯ z n̩
unterwinden	ʊ n t ɐ v ɪ n d n̩
unterwältigen	ʊ n t ɐ v ɛ l t ɪ ɡ n̩
unterzeichnen	ʔ ʊ n t ɐ t s a ɪ̯ ç n ə n
unterziehen	ʊ n t ɐ t s iː n
unumschränkt	ʊ n ʔ ʊ m ʃ ʁ ɛ ŋ k t
ununterbrochen	ʔ ʊ n ʔ ʊ n t ɐ b ʁ ɔ χ n̩
unverantwortlich	ʊ n f ɛ ɐ̯ ʔ a n t v ɔ ʁ t l ɪ ç
unverbindlich	ʊ n f ɛ ɐ̯ b ɪ n t l ɪ ç
unversehrt	ʊ n f ɛ ɐ̯ z eː ɐ̯ t
unverwandelbar	ʔ ʊ n f ɛ ɐ̯ w a n d l̩ b aː ɐ̯
unverzeihlich	ʊ n f ɛ ɐ̯ t͡s a ɪ̯ l ɪ ç
unverzollt	ʔ ʊ n f ɛ ɐ̯ t͡s ɔ l t
unwahrheitlich	ʔ ʊ n v aː ɐ̯ h a ɪ̯ t l ɪ ç
unwillentlich	ʊ n v ɪ l ə n t l ɪ ç
unwissentlich	ʊ n v ɪ s n̩ t l ɪ ç
unwohl	ʊ n v oː l
unzufrieden	ʔ ʊ n t s u f ʁ iː d n̩
unzufrieden	ʔ ʊ n t s u f ʁ iː d ə n
unzugänglich	ʔ ʊ n t s u ɡ ɛ ŋ l ɪ ç
unzureichend	ʔ ʊ n t͡s uː ʁ a ɪ̯ ç n̩ t
urassen	uː r a s n̩
urassen	ʊ r a s n̩
urban	ʊ ɐ̯ b aː n
urbar	ʔ u ɐ̯ b aː
urbar	ʔ u ɐ̯ b aː ɐ̯
urbar	ʔ uː ɐ̯ b aː
urbar	ʔ uː ɐ̯ b aː ɐ̯
ursprünglich	ʔ u ɐ̯ ʃ p ʁ ʏ ŋ l ɪ ç
ursprünglich	ʔ uː ɐ̯ ʃ p ʁ ʏ ŋ l ɪ ç
urteilen	ʔ ʊ ɐ̯ tʰ a ɪ̯ l n
ventilieren	v ɛ n t i l iː ʁ ə n
verabreichen	f ɛ ɐ̯ ʔ a p ʁ a ɪ̯ ç n̩
verabscheuungswürdig	f ɛ ɐ̯ a p ʃ ɔ͜y ʊ ŋ s v ʏ ʁ d ɪ ç
verabschieden	f ɛ ʁ ʔ a p ʃ iː d n̩
veralbern	f ɛ ɐ̯ ʔ a l b ɐ n
verallgemeinern	f ɛ ɐ̯ ʔ a l ɡ ə m a ɪ̯ n ɐ n
veralten	f ɛ ɐ̯ ʔ a l t n̩
verankern	f ɛ ɐ ʔ a ŋ k ɐ n
veranlagen	f ɛ ɐ̯ ʔ a n l aː ɡ n̩
veranlassen	f ɛ ɐ̯ ʔ a n l a s n̩
veranlassen	f ɛ ɐ̯ ʔ a n l a s ə n
veranschlagen	f ɛ ʁ ʔ a n ʃ l aː ɡ ə n
veranstalten	f ɛ ʁ ʔ a n ʃ t a l t n̩
verantwortlich	f ɛ ɐ̯ ʔ a n t v ɔ ʁ t l ɪ ç
verarbeiten	f ɛ ɐ̯ ʔ a ʁ b a ɪ̯ t n̩
verbacken	f ɛ ɐ̯ b a k ŋ̩
verbacken	f ɛ ɐ̯ b a k ə n
verballern	f ɛ ɐ̯ b a l ɐ n
verbaseln	f ɐ b aː z l̩ n
verbeugen	f ɛ ɐ̯ b ɔ ɪ̯ ɡ ŋ̩
verbeulen	f ɛ ɐ̯ b ɔ ɪ̯ l ə n
verbinden	f ɛ ɐ̯ b ɪ n d n̩
verbinden	f ɛ ɐ̯ b ɪ n d ə n
verblassen	f ɛ ɐ̯ b l a s n̩
verbleiben	f ɛ ʁ b l a ɪ̯ b ə n
verblenden	f ɛ ɐ̯ b l ɛ n d n̩
verbluten	f ɛ ɐ̯ b l uː t n̩
verblöden	f ɛ a̯ b l øː d n̩
verblühen	f ɛ ɐ̯ b l yː ə n
verbocken	f ɛ ɐ̯ b ɔ k n̩
verbraucht	f ɐ b ʁ a ʊ x t
verbrechen	f ɐ b ʁ ɛ ç n̩
verbringen	f ɛ ɐ̯ b ʁ ɪ ŋ ə n
verbrämen	f ɐ b ʁ ɛː m ə n
verbuchen	f ɛ ʁ b uː x ə n
verbuddeln	f ɛ ɐ̯ b ʊ d l̩ n
verbunden	f ɛ ɐ̯ b ʊ n d n̩
verbunden	f ɛ ɐ̯ b ʊ n d ə n
verchecken	f ɛ ɐ̯ t͡ʃ ɛ k ŋ̩
verdaddeln	f ɐ d a d l̩ n
verdampfen	f ɛ ɐ̯ d a m p f n̩
verdanken	f ɛ ɐ̯ d a ŋ k n̩
verdanken	f ɛ ɐ̯ d a ŋ k ŋ̍
verdauen	f ɐ d a ʊ̯ ə n
verdecken	f ɛ ɐ̯ d ɛ k n̩
verdenken	f ɛ ɐ̯ d ɛ ŋ k n̩
verdeutlichen	f ɛ ɐ̯ d ɔ ɪ̯ t l ɪ ç n̩
verdeutschen	f ɛ ɐ̯ d ɔ ɪ̯ t͡ʃ n̩
verdicken	f ɛ ɐ̯ d ɪ k n̩
verdien	f ɛ ɐ̯ d iː n
verdiene	f ɛ ɐ̯ d iː n ə
verdienend	f ɛ ɐ̯ d iː n ə n t
verdientermaßen	f ɛ ɐ̯ d iː n t ɐ m aː s n̩
verdonnern	f ɛ ɐ̯ d ɔ n ɐ n
verdorren	f ɛ ɐ̯ d ɔ ʁ ə n
verdorrend	f ɛ ɐ̯ d ɔ ʁ ə n t
verdorri	f ɐ d ɔ ʁ i
verdorrte	f ɛ ɐ̯ d ɔ ʁ t ə
verdreifachen	f ɛ ɐ̯ d ʁ a ɪ̯ f a χ n̩
verdriessen	f ɛ ɐ̯ d ʁ iː s n̩
verdrießen	f ɛ ɐ̯ d ʁ iː s n̩
verdrucken	f ɛ ɐ̯ d ʁ ʊ k n̩
verdunsten	f ɛ ɐ̯ d ʊ n s t n̩
verdursten	f ɛ r d ʊ r s t n
verdursten	f ɛ r d ʊ r s t ə n
verdursten	f ɛ ɐ̯ d ʊ ɐ̯ s t n
verdursten	f ɛ ɐ̯ d ʊ ɐ̯ s t ə n
verdursten	f ɛ ʁ d ʊ ʁ s t n
verdursten	f ɛ ʁ d ʊ ʁ s t ə n
verdutzt	f ɐ d ʊ t͡s t
verdämmern	f ɛ ɐ̯ d ɛ m ɐ n
verdünnen	f ɛ ɐ̯ d ʏ n ə n
verdünnisieren	f ɐ d ʏ n i z iː ʁ ə n
verebben	f ɛ ɐ̯ ʔ ɛ b n̩
vereinbaren	f ɛ ɐ̯ ʔ a ɪ̯ n b aː ɐ̯ n
vereinfachen	f ɛ ɐ̯ ʔ a ɪ̯ n f a χ n̩
vereinfachend	f ɛ ɐ̯ ʔ a ɪ̯ n f a χ n̩ t
vereinigen	f ɛ ɐ̯ ʔ a ɪ̯ n ɪ ɡ ŋ̩
vereiteln	f ɐ ʔ a ɪ̯ t l̩ n
verfahren	f ɛ ɐ̯ f aː ʁ ə n
verfahrene	f ɛ ɐ̯ f aː ʁ ə n ə
verfahrener	f ɛ ɐ̯ f aː ʁ ə n ɐ
verfahrenes	f ɛ ɐ̯ f aː ʁ ə n ə s
verfallen	f ɛ ʁ f a l ə n
verfangen	f ɐ f a ŋ ŋ̍
verfaulen	f ɛ ɐ̯ f a ʊ̯ l ə n
verfechten	f ɛ ɐ̯ f ɛ ç t n̩
verfeinern	f ɛ ɐ̯ f a ɪ̯ n ɐ n
verfemen	f ɐ f eː m ə n
verfemen	f ɛ ɐ̯ f eː m ə n
verfilzen	f ɛ ɐ̯ f ɪ l t͡s ə n
verflechten	f ɛ ɐ̯ f l ɛ ç t n̩
verflechtend	f ɛ ɐ̯ f l ɛ ç t n̩ t
verfliegen	f ɛ ɐ̯ f l iː ɡ n̩
verflocht	f ɛ ɐ̯ f l ɔ x t
verflochten	f ɛ ɐ̯ f l ɔ x t n̩
verflüchtigen	f ɛ ɐ̯ f l ʏ ç t ɪ ɡ n̩
verflüssigen	f ɛ ɐ̯ f l ʏ s ɪ ɡ n̩
verfremden	ʔ f ɛ ɐ̯ f ʁ ɛ m d n̩
verfremden	ʔ f ɛ ɐ̯ f ʁ ɛ m d ə n
verfügen	f ɛ ɐ̯ f yː ɡ n̩
verführen	f ɛ ɐ̯ f yː ɐ̯ n
vergasen	f ɛ ɐ̯ ɡ aː z n̩
vergeben	f ɐ ɡ eː b m̩
vergebens	f ɛ ɐ̯ ɡ eː b m̩ s
vergegenwärtigen	f ɛ ɐ̯ ɡ eː ɡ n̩ v ɛ ʁ t ɪ ɡ n̩
vergehen	f ɛ ɐ̯ ɡ eː ə n
vergeigen	f ɛ ɐ̯ ɡ a ɪ̯ ɡ n̩
vergelten	f ɛ ɐ̯ ɡ ɛ l t n̩
vergeuden	f ɛ ɐ̯ ɡ ɔ ʏ̯ d n̩
vergewaltigen	f ɛ ɐ̯ ɡ ə v a l tʰ ɪ ɡ ŋ̩
vergewissern	f ɛ ɐ̯ ɡ ə v ɪ s ɐ n
vergießen	f ɛ ɐ̯ ɡ iː s n̩
vergiften	f ɐ ɡ ɪ f t ə n
vergiften	f ɛ ɐ̯ ɡ ɪ f t ə n
vergleichen	f ɛ ɐ̯ ɡ l a ɪ̯ ç n̩
verglimmen	f ɛ ɐ̯ ɡ l ɪ m ə n
verglühen	f ɛ ɐ̯ ɡ l yː ə n
vergnüglich	f ɛ ɐ̯ ɡ n yː k l ɪ ç
vergolden	f ɐ ɡ ɔ l d n̩
vergraulen	f ɐ ɡ ʁ a ʊ̯ l ə n
vergreifen	f ɛ ɐ̯ ɡ ʁ a ɪ̯ f n̩
vergriffen	f ɛ ɐ̯ ɡ ʁ ɪ f n̩
vergriffen	f ɛ ʁ ɡ ʁ ɪ f ə n
vergrämen	f ɛ ɐ̯ ɡ ʁ eː m ə n
vergrämen	f ɛ ɐ̯ ɡ ʁ ɛː m ə n
vergucken	f ɛ ɐ̯ k ʊ k ŋ̍
vergällen	f ɛ ɐ̯ ɡ ɛ l ə n
vergönnen	f ɛ ɐ̯ ɡ œ n ə n
vergöttern	f ɛ ɐ̯ ɡ œ t ɐ n
vergünstigen	f ɛ ɐ̯ ɡ ʏ n s t ɪ ɡ n̩
vergünstigt	f ɛ ɐ̯ ɡ ʏ n s t ɪ ç t
vergünstigte	f ɛ ɐ̯ ɡ ʏ n s t ɪ ç t ə
verhageln	f ɛ ɐ̯ h aː ɡ l̩ n
verhangen	f ɛ ɐ̯ h ä ŋ n̩
verharmlosen	f ɛ ɐ̯ h a ʁ m l oː z n̩
verharren	f ɛ ɐ̯ h a ʁ ə n
verhauchen	f ɛ ɐ̯ h a ʊ̯ x n̩
verhauen	f ɛ ɐ̯ h a ʊ̯ ə n
verhebeln	f ɛ ɐ̯ h eː b l̩ n
verheddern	f ɐ h ɛ d ɐ n
verheeren	f ɛ ɐ̯ h eː ʁ ə n
verheimlichen	f ɛ ɐ̯ h a ɪ̯ m l ɪ ç n̩
verheiraten	f ɐ h a ɪ̯ ʁ aː t n̩
verhelfen	f ɛ ʁ h ɛ l f ə n
verherrlichen	f ɛ ɐ̯ h ɛ ʁ l ɪ ç n̩
verhuddeln	f ɐ h ʊ d l̩ n
verhungern	f ɛ ɐ̯ h ʊ ŋ ɐ
verhunzen	f ɛ ɐ̯ h ʊ n t͡s n̩
verhuschen	f ɛ ɐ̯ h ʊ ʃ n̩
verhängen	f ɛ ɐ̯ h ɛ ŋ ə n
verhärten	f ɛ ɐ̯ h ɛ ʁ t n̩
verhätscheln	f ɛ ɐ̯ h ɛ t͡ʃ l̩ n
verhätscheln	f ɛ ɐ̯ h ɛː t͡ʃ l̩ n
verhöhnen	f ɛ ɐ̯ h øː n ə n
verhökernd	f ɛ ɐ̯ h øː k ɐ n t
verhökert	f ɛ ɐ̯ h øː k ɐ t
verhüllen	f ɛ ɐ̯ h ʏ l n̩
verhüllen	f ɛ ɐ̯ h ʏ l ə n
verhütten	f ɐ h ʏ t n̩
verinnerlichen	f ɛ ɐ̯ ʔ ɪ n ɐ l ɪ ç n̩
verjubeln	f ɛ r j uː b l̩ n
verjuxen	f ɛ ɐ̯ j ʊ k͡s n̩
verjähren	f ɐ j ɛː ʁ ə n
verjüngen	f ɛ ɐ̯ j ʏ ŋ n̩
verkacken	f ɛ ɐ̯ kʰ a k ŋ
verkalken	f ɛ ɐ̯ k a l k n̩
verkehren	f ɛ r k eː r ə n
verkehren	f ɛ r k eː ʁ ə n
verkehren	f ɛ ɐ̯ k eː ɐ̯ n
verkehren	f ɛ ɐ̯ k eː ʁ ə n
verklagen	f ɛ ɐ̯ k l aː ɡ ŋ̩
verklatschen	f ɛ ɐ̯ k l a t͡ʃ n̩
verkleben	f ɛ ɐ̯ k l eː b n̩
verklemmen	f ɛ ɐ̯ k l ɛ m ə n
verknallen	f ɛ ɐ̯ k n a l ə n
verknautschen	f ɛ ɐ̯ k n a ʊ̯ t͡ʃ n̩
verkneifen	f ɛ ɐ̯ k n a ɪ̯ f n̩
verknöchern	f ɛ ɐ̯ k n œ ç ɐ n
verknöchernd	f ɛ ɐ̯ k n œ ç ɐ n t
verkochen	f ɛ ɐ̯ k ɔ χ ŋ̩
verkohlen	f ɛ ɐ̯ k oː l ə n
verkomplizieren	f ɐ k ɔ m p l i t͡s iː ʁ ə n
verkorksen	f ɐ k ɔ ɐ̯ k s n̩
verkorksend	f ɛ ɐ̯ k ɔ ʁ k s n̩ t
verkorkst	f ɛ ɐ̯ k ɔ ʁ k s t
verkosten	f ɛ ɐ̯ k ɔ s t n̩
verkraften	f ɛ ʁ k ʁ a f t n̩
verkrümeln	f ɛ ɐ̯ k ʁ yː m l̩ n
verkrüppeln	f ɛ ɐ̯ k ʁ ʏ p l̩ n
verkuppeln	f ɛ ɐ̯ k ʊ p l̩ n
verkutzen	f ɛ ɐ̯ k ʊ t͡s n̩
verkämpfen	f ɛ ɐ̯ k ɛ m p͡f ə n
verköstigen	f ɛ ɐ̯ k œ s t ɪ ɡ n̩
verkümmern	f ɛ ɐ̯ k ʏ m ɐ n
verkürzen	f ɛ ɐ̯ kʰ ʏ ɐ̯ t͡s n̩
verkürzen	f ɛ ɐ̯ kʰ ʏ ɐ̯ t͡s ə n
verlaborieren	f ɛ ɐ̯ l a b o ʁ iː ʁ ə n
verladen	f ɛ ɐ̯ l aː d n̩
verlassen	f ɐ l a s n̩
verlauten	f ɛ ʁ l a ʊ t n̩
verleben	f ɛ ɐ̯ l eː b m̩
verleben	f ɛ ɐ̯ l eː b n̩
verlegt	f ɛ ɐ̯ l eː k t
verleiben	f ɛ ɐ̯ l a ɪ̯ b n̩
verleiten	f ɐ l a ɪ̯ t n̩
verlernen	f ɐ l ɛ ɐ̯ n
verlernen	f ɐ l ɛ ɐ̯ n n̩
verleugnen	f ɛ ɐ̯ l ɔ ɪ̯ ɡ n ə n
verleumden	f ɐ l ɔ ʏ̯ m d n̩
verlieben	f ɐ l iː b m̩
verlieren	f ɛ ɐ̯ l iː ʁ ə n
verlorengehen	f ɛ ɐ̯ l oː ʁ ə n ɡ eː ə n
vermachen	f ɛ ɐ̯ m a x n̩
vermag	f ɛ ɐ̯ m aː k
vermaledeien	f ɛ ɐ̯ m a l ə d a ɪ̯ ə n
vermasselnd	f ɛ ɐ̯ m a s l̩ n t
vermenschlichen	f ɛ ɐ̯ m ɛ n ʃ l ɪ ç n̩
vermenschlichen	f ɛ ɐ̯ m ɛ n ʃ l ɪ ç ə n
vermerken	f ɛ ɐ̯ m ɛ ɐ̯ k ŋ̩
vermerken	f ɛ ɐ̯ m ɛ ʁ k ŋ̩
vermerken	f ɛ ɐ̯ m ɛ ʁ k ə n
vermiesen	f ɛ ɐ̯ m iː z n̩
vermindern	f ɛ ɐ̯ m ɪ n d ɐ n
vermischen	f ɛ ɐ̯ m ɪ ʃ n̩
vermisst	f ɐ m ɪ s t
vermisst	f ɛ ɐ̯ m ɪ s t
vermitteln	f ɛ ɐ̯ m ɪ t l̩ n
vermitteln	f ɛ ɐ̯ m ɪ t ə l n
vermocht	f ɛ ɐ̯ m ɔ x t
vermochte	f ɛ ɐ̯ m ɔ x t ə
vermochten	f ɛ ɐ̯ m ɔ x t n̩
vermochten	f ɛ ɐ̯ m ɔ x t ə n
vermummen	f ɛ ɐ̯ m ʊ m n̩
vermurksen	f ɛ ɐ̯ m ʊ ʁ k s n̩
vermurksend	f ɛ ɐ̯ m ʊ ʁ k s n̩ t
vermuten	f ɛ ɐ̯ m uː t n̩
vermögen	f ɛ ɐ̯ m øː ɡ ə n
vermögen	f ɛ ə m øː ɡ ŋ̩
vermögend	f ɛ ɐ̯ m øː ɡ ŋ̩ t
vermögend	f ɛ ɐ̯ m øː ɡ ə n t
vermüllen	f ɛ ɐ̯ m ʏ l n̩
vernachlässigen	f ɛ ɐ̯ n aː χ l ɛ s i ɡ ŋ̍
vernageln	f ɛ ɐ̯ n aː ɡ l̩ n
vernarren	f ɛ ɐ̯ n a ʁ ə n
vernebeln	f ɛ ɐ̯ n eː b l̩ n
vernebeln	f ɛ ɐ̯ n eː b ə l n
vernichten	f ɛ ɐ̯ n ɪ ç t n̩
verordnen	f ɛ ɐ̯ ɔ ɐ̯ t n ə n
verordnen	f ɛ ɐ̯ ʔ ɔ ɐ̯ t n ə n
verpennen	f ɛ ɐ̯ p ɛ n ə n
verpetzen	f ɛ ɐ̯ p ɛ t͡s n̩
verpfeifen	f ɛ ɐ̯ p f a ɪ̯ f n̩
verpfiff	f ɛ ɐ̯ p͡f ɪ f
verpfiffen	f ɛ ɐ̯ p͡f ɪ f n̩
verpflegen	f ɐ p͡f l eː ɡ ŋ̍
verpflichten	f ɛ ɐ̯ p f l ɪ ç t n̩
verpfuschend	f ɛ ɐ̯ p͡f ʊ ʃ n̩ t
verpfänden	f ɛ ɐ̯ p f ɛ n d n̩
verplappern	f ɛ ʁ p l a p ɐ n
verplappernd	f ɛ ʁ p l a p ɐ n t
verplempern	f ɛ ɐ̯ p l ɛ m p ɐ n
verprassen	f ɛ ɐ̯ p ʁ a s ə n
verprellen	f ɛ ɐ̯ p ʁ ɛ l ə n
verproviantieren	f ɛ ɐ̯ p ʁ o v i̯ a n t iː ʁ ə n
verpuffen	f ɐ p ʊ f ə n
verpuppen	f ɐ p ʊ p ə n
verramschen	f ɛ ɐ̯ ʁ a m ʃ n̩
verrannt	f ɛ ɐ̯ ʁ a n t
verrannte	f ɛ ɐ̯ ʁ a n t ə
verraten	f ɛ ɐ̯ ʁ aː t n̩
verraten	f ɛ ɐ̯ ʁ aː t ə n
verrechenbar	f e ʁ ʁ e ç e n b aː ʁ
verrecken	f ɛ ɐ̯ ʁ ɛ k n̩
verreden	f ɛ r r eː d n̩
verreden	f ɛ r r eː d ə n
verreden	f ɛ ɐ̯ r eː d n̩
verreden	f ɛ ɐ̯ r eː d ə n
verreden	f ɛ ɐ̯ ʁ eː d n̩
verreden	f ɛ ɐ̯ ʁ eː d ə n
verrenken	f ɛ ɐ̯ ʁ ɛ ŋ k n̩
verrennen	f ɛ ɐ̯ ʁ ɛ n ə n
verrennt	f ɛ ɐ̯ ʁ ɛ n t
verrichten	f ɛ ɐ̯ ʁ ɪ ç t n̩
verriegeln	f ɛ ɐ̯ ʁ iː ɡ l̩ n
verriegelt	f ɛ ɐ̯ ʁ iː ɡ l̩ t
verrosten	f ɛ ɐ̯ ʁ ɔ s t n̩
verrosten	f ɛ ɐ̯ ʁ ɔ s t ə n
verrostet	f ɛ ɐ̯ ʁ ɔ s t ə t
verrußt	f ɐ ʁ uː s t
verrußt	f ɐ ʁ ʊ s t
verräumen	f ɛ ɐ̯ ʁ ɔ ɛ̯ m ɛ n
verräumen	f ɛ ɐ̯ ʁ ɔ ɪ̯ m ə n
versagen	f ɛ ɐ̯ s aː ɡ ŋ̩
versagen	f ɛ ɐ̯ z aː ɡ n̩
versagen	f ɛ ɐ̯ z aː ɡ ŋ̩
versammeln	f ɛ ɐ̯ z a m l̩ n
versanden	f ɛ ɐ̯ z a n d n̩
versauen	f ɛ ɐ̯ z a ʊ̯ ə n
versaufen	f ɛ ɐ̯ z a ʊ̯ f n̩
verschachteln	f ɛ ɐ̯ ʃ a x t l̩ n
verschachtelnd	f ɛ ɐ̯ ʃ a x t l̩ n t
verschaffen	f ɛ ʁ ʃ a f n̩
verschallen	f ɛ ɐ̯ ʃ a l ə n
verschandeln	f ɛ ɐ̯ ʃ a n d l̩ n
verscherbelnd	f ɛ ɐ̯ ʃ ɛ ʁ b l̩ n t
verschieben	f e r ʃ iː b̥ ɛ n
verschieben	f ɛ ɐ̯ ʃ iː b m̩
verschieben	f ɛ ɐ̯ ʃ iː b n
verschieben	f ɛ ɐ̯ ʃ iː b n̩
verschieben	f ɛ ɐ̯ ʃ iː b ə n
verschieben	f ɛ ɐ̯ ʃ iː m̩
verschiffen	f ɛ ɐ̯ ʃ ɪ f n̩
verschleiern	f ɛ ɐ̯ ʃ l a ɪ̯ ɐ n
verschließen	f ɛ ɐ̯ ʃ l iː s n̩
verschließen	f ɛ ɐ̯ ʃ l iː s ə n
verschlingen	f ɛ ɐ̯ ʃ l ɪ ŋ ə n
verschlucken	f ɐ ʃ l ʊ k ŋ̍
verschmachten	f ɐ ʃ m a χ t n̩
verschmutzen	f ɛ ɐ̯ ʃ m ʊ t͡s n̩
verschnaufen	f ɛ ɐ̯ ʃ n a ʊ̯ f n̩
verschnittenes	f ɛ ɐ̯ ʃ n ɪ t ə n ə s
verschollen	f ɛ ɐ̯ ʃ ɔ l ə n
verschroten	f ɛ ɐ̯ ʃ ʁ oː t n̩
verschrotten	f ɛ ɐ̯ ʃ ʁ ɔ t n̩
verschrottend	f ɛ ɐ̯ ʃ ʁ ɔ t n̩ t
verschrottet	f ɛ ɐ̯ ʃ ʁ ɔ t ə t
verschrottete	f ɛ ɐ̯ ʃ ʁ ɔ t ə t ə
verschweigen	f ɛ ɐ̯ ʃ v a ɪ̯ ɡ ŋ̍
verschwenden	f ɛ ɐ̯ ʃ v ɛ n d n̩
verschwägert	f ɛ ɐ̯ ʃ ʋ ɛː ɡ ɐ t
verschärfen	f ɛ ʁ ʃ ɛ ʁ f ə n
verschönern	f ɛ ɐ̯ ʃ øː n ɐ n
verschütten	f ɛ ɐ̯ ʃ ʏ t n̩
versehen	f ɛ ɐ̯ s eː ɛ n
versehen	f ɛ ɐ̯ z eː ə n
versehen	s eː n
versehenes	f ɛ ɐ̯ z eː ə n ə s
versehrt	f ɛ ɐ̯ s eː ɐ̯ t
versehrt	f ɛ ɐ̯ s eː ʁ t
versehrt	f ɛ ɐ̯ z eː ɐ̯ t
versehrt	f ɛ ɐ̯ z eː ʁ t
verselbständigen	f ɐ z ɛ l p ʃ t ɛ n d ɪ ɡ ŋ̍
versenken	f ɛ ɐ̯ z ɛ ŋ k ŋ̍
versetzen	f ɐ z ɛ t͡s n̩
versichern	f ɐ z ɪ ç ɐ n
versicherungsrechtlich	f ɛ ɐ̯ z ɪ ç ə ʁ ʊ ŋ s ʁ ɛ ç t l ɪ ç
versiegelnd	f ɛ ɐ̯ z iː ɡ ə l n t
versiegend	f ɛ ɐ̯ z iː ɡ ə n t
versiffen	f ɐ z ɪ f n̩
versiffend	f ɛ ɐ̯ z ɪ f ə n t
versifizieren	f ɛ ʁ z i f i t͡s iː ʁ ə n
versinken	f ɛ ɐ̯ z ɪ ŋ k ŋ̍
versklaven	f ɛ ɐ̯ s k l aː v n̩
verslumen	f ɛ ʁ s l a m ə n
versoffen	f ɛ ɐ̯ z ɔ f n̩
versorgen	f ɛ ɐ̯ z ɔ ʁ ɡ n̩
versorgen	f ɛ ɐ̯ z ɔ ʁ ɡ ŋ̩
verspotten	f ɛ ɐ̯ ʃ p ɔ t n̩
versprechen	f ɐ ʃ p ʁ ɛ ç n̩
verspritzen	f ɛ ɐ̯ ʃ p ʁ ɪ t s n̩
verspritzend	f ɛ ɐ̯ ʃ p ʁ ɪ t s n̩ t
verspritzt	f ɛ ɐ̯ ʃ p ʁ ɪ t͡s t
verspritzte	f ɛ ɐ̯ ʃ p ʁ ɪ t͡s t ə
verspröden	f ɛ ʁ ʃ p ʁ øː d n̩
verstaatlichen	f ɛ ɐ̯ ʃ t aː t l ɪ ç n̩
verstauchen	f ɛ ɐ̯ ʃ t a ʊ̯ x n̩
verstauen	f ɛ ɐ̯ ʃ t a ʊ̯ n̩
verstehen	f ɐ ʃ t eː ə n
verstehste	f ɐ ʃ t eː s t ə
versteht	f ɛ ɐ̯ ʃ t eː tʰ
versteifen	f ɛ ɐ̯ ʃ t a ɪ̯ f n̩
versteinern	f ɛ ɐ̯ ʃ t a ɪ̯ n ɐ n
verstellen	f ɛ ʁ ʃ t ɛ l ə n
versterben	f ɐ ʃ t ɛ ʁ b m̩
verstimmen	f ɛ ɐ̯ ʃ t ɪ m ə n
verstimmend	f ɛ ɐ̯ ʃ t ɪ m ə n t
verstimmt	f ɛ ɐ̯ ʃ t ɪ m t
verstocken	f ɛ ɐ̯ ʃ t ɔ k n̩
verstocken	f ɛ ɐ̯ ʃ t ɔ k ə n
verstockend	f ɛ ɐ̯ ʃ t ɔ k ə n t
verstockt	f ɛ ɐ̯ ʃ t ɔ k t
verstopfen	f ɐ ʃ t ɔ p f ə n
verstopfend	f ɛ ɐ̯ ʃ t ɔ p f ə n t
verstrahlen	f ɛ ɐ̯ ʃ t ʁ aː l n
verstreuen	f ɛ ɐ̯ ʃ t ʁ ɔ ʏ̯ ə n
verstricken	f ɛ ɐ̯ ʃ t ʁ ɪ k ŋ̩
verstrickt	f ɛ r ʃ t ʁ ɪ k t
verstrickt	f ɛ ɐ̯ ʃ t ʁ ɪ k t
verständigen	f ɛ ʁ ʃ t ɛ n d ɪ ɡ ə n
verstärkender	f ɛ ɐ̯ ʃ t ɛ ʁ k n̩ d ɐ
verstören	f ɛ ɐ̯ ʃ t øː ʁ ə n
verstörend	f ɛ ɐ̯ ʃ t øː ʁ ə n t
versumpern	f ɛ ɐ̯ s ʊ m p ɐ n
versäumen	f ɛ ʁ z ɔ ʏ m ə n
vertagen	f ɛ ʁ t aː ɡ ə n
vertagend	f ɛ ʁ t aː ɡ ə n t
vertat	f ɛ ɐ̯ t aː t
verteidigen	f ɛ ɐ̯ t a ɪ̯ d ɪ ɡ n̩
verteidigen	f ɛ ɐ̯ t a ɪ̯ d ɪ ɡ ŋ̩
verteidigen	f ɛ ɐ̯ t a ɪ̯ d ɪ ɡ ə n
verteilen	f ɛ ɐ̯ tʰ a ɪ̯ l n
vertelefonieren	f ɛ ɐ̯ t e l ə f o n iː ʁ ə n
vertelefonierend	f ɛ ɐ̯ t e l ə f o n iː ʁ ə n t
vertelefoniert	f ɛ ɐ̯ t e l ə f o n iː ɐ̯ t
verticken	f ɛ ɐ̯ t ɪ k ŋ̩
vertickt	f ɛ ɐ̯ t ɪ k t
vertieren	f ɐ t iː ʁ ə n
vertiert	f ɐ t i ɐ̯ t
vertiert	f ɐ t iː ɐ̯ t
vertikutieren	v ɛ ɐ̯ t ɪ kʰ ʊ t iː ʁ ə n
vertilgen	f ɛ ɐ̯ t ɪ l ɡ n̩
vertilgt	f ɛ ɐ̯ t ɪ l ɡ t
vertonen	f ɛ ɐ̯ t oː n ə n
vertonend	f ɛ ɐ̯ t oː n ə n t
vertrag	f ɐ t ʁ aː k
vertrag	f ɛ ɐ̯ t ʁ aː k
vertragen	f ɐ t ʁ aː ɡ ŋ̩
vertragen	f ɛ ɐ̯ t ʁ aː ɡ ŋ̩
vertragsgemäß	f ɐ t ʁ aː k s ɡ ə m ɛː s
vertragsrechtlich	f ɐ t ʁ aː k s ʁ ɛ ç t l ɪ ç
vertragsrechtlicher	f ɐ t ʁ aː k s ʁ ɛ ç t l ɪ ç ɐ
vertragswidrig	f ɐ t ʁ aː k s v iː d ʁ ɪ ç
vertraulich	f ɛ ɐ̯ t ʁ a ʊ̯ l ɪ ç
vertreiben	f ɛ ʁ t ʁ a ɪ̯ b m̩
vertreten	f ɐ t ʁ eː t n̩
vertretungsberechtigt	f ɛ ɐ̯ t ʁ eː t ʊ ŋ s b ə ʁ ɛ ç t ɪ ç t
vertrinken	f ɐ t ʁ ɪ ŋ k ŋ̍
verträglich	f ɛ ɐ̯ t ʁ ɛː k l ɪ ç
vertrödeln	f ɛ ɐ̯ t ʁ øː d l̩ n
vertschüssen	f ɛ ʁ t͡ʃ ʏ s n̩
vertu	f ɛ ɐ̯ t uː
vertue	f ɛ ɐ̯ t uː ə
vertun	f ɛ ɐ̯ t uː n
vertuschen	f ɛ ɐ̯ t ʊ ʃ n̩
vertändeln	f ɛ ɐ̯ t ɛ n d ə l n
vertändelnd	f ɛ ɐ̯ t ɛ n d ə l n t
verunglimpfen	f ɐ ʔ ʊ n ɡ l ɪ m p͡f n̩
verunglücken	f ɛ ɐ̯ ʊ n ɡ l ʏ k ŋ̍
verunreinigen	f ɛ ɐ̯ ʔ ʊ n ʁ a ɪ̯ n ɪ ɡ n̩
verunreinigend	f ɛ ɐ̯ ʔ ʊ n ʁ a ɪ̯ n ɪ ɡ n̩ t
verunstalten	f ɛ ɐ̯ ʔ ʊ n ʃ t a l t n̩
verurteilen	f ɐ ʔ uː ɐ̯ t a ɪ̯ l ə n
vervielfältigen	f ɛ ɐ̯ f iː l f ɛ l t ɪ ɡ n̩
vervierfachen	f ɛ ɐ̯ f iː ɐ̯ f a χ n̩
vervollkommnend	f ɛ ɐ̯ f ɔ l k ɔ m n ə n t
vervollkommnet	f ɛ ɐ̯ f ɔ l k ɔ m n ə t
vervollkommnete	f ɛ ɐ̯ f ɔ l k ɔ m n ə t ə
vervollständigen	f ɛ ɐ̯ f ɔ l ʃ t ɛ n d i ɡ ŋ̍
verwachsen	f ɐ v a k s n̩
verwahren	f ɛ ɐ̯ v aː ʁ ə n
verwahrlosen	f ɛ ɐ̯ v aː a̯ l oː z n̩
verwahrlost	f ɛ ɐ̯ v aː a̯ l oː s t
verwaisen	f ɐ v a ɪ̯ z n̩
verwaist	f ɐ v a ɪ̯ s t
verwalten	f ɛ ɐ̯ v ä l t n̩
verwaltungsrechtlich	f ɛ ɐ̯ v a l t ʊ ŋ s ʁ ɛ ç t l ɪ ç
verwandelbar	f ɛ ɐ̯ v a n d l̩ b aː ɐ̯
verwandeln	f ɐ v a n d l̩ n
verwanzen	f ɛ ɐ̯ v a n t s n̩
verwanzen	f ɛ ɐ̯ v a n t s ə n
verwarnen	f ɐ v a ʁ n ə n
verweben	f ɛ ɐ̯ v eː b n̩
verwebend	f ɛ ɐ̯ v eː b n̩ t
verwechseln	f ɛ ɐ̯ v ɛ k s l̩ n
verwechseln	f ɛ ɐ̯ v ɛ k s ə l n
verwehren	f ɛ ʁ v eː ʁ ə n
verweigern	f ɛ ɐ̯ v a ɪ̯ ɡ ɐ n
verweigert	f ɛ ɐ̯ v a ɪ̯ ɡ ɐ t
verweigerte	f ɛ ɐ̯ v a ɪ̯ ɡ ɐ t ə
verweist	f ɐ v a ɪ̯ s t
verwestlichen	f ɛ ɐ̯ v ɛ s t l ɪ ç n̩
verwetten	f ɛ ɐ̯ v ɛ t n̩
verwettend	f ɛ ɐ̯ v ɛ t n̩ t
verwichsen	f ɛ ɐ̯ v ɪ k s n̩
verwichst	f ɛ ɐ̯ v ɪ k s t
verwinden	f ɐ v ɪ n d n̩
verwindend	f ɐ v ɪ n d n̩ t
verwirken	f ɛ ɐ̯ v ɪ ʁ k n̩
verwirkend	f ɛ ɐ̯ v ɪ ʁ k n̩ t
verwirklichen	f ɛ ɐ̯ v ɪ ɐ̯ k l ɪ ç n̩
verwirklichen	f ɛ ɐ̯ v ɪ ɐ̯ k l ɪ ç ə n
verwirklichen	f ɛ ɐ̯ v ɪ ʁ k l ɪ ç n̩
verwirklichen	f ɛ ɐ̯ v ɪ ʁ k l ɪ ç ə n
verwirren	f ɐ v ɪ ʁ ə n
verwischen	f ɛ ɐ̯ v ɪ ʃ n̩
verwittern	f ɛ ɐ̯ v ɪ t ɛ ɐ̯ n
verwittern	f ɛ ʁ v ɪ t ɛ ʁ n
verwitternd	f ɛ ɐ̯ v ɪ t ɛ ɐ̯ n t
verwitternd	f ɛ ʁ v ɪ t ɛ ʁ n t
verwitwen	f ɛ ɐ̯ v ɪ t v ə n
verwoben	f ɛ ɐ̯ v oː b n̩
verwrang	f e ʁ v ʁ a ŋ
verwringen	f ɐ v ʁ ɪ ŋ n
verwringen	f ɐ v ʁ ɪ ŋ ə n
verwrungen	f e ʁ v ʁ ʊ ŋ ə n
verwundbar	f ɛ ɐ̯ v ʊ n t b aː ɐ̯
verwunden	f ɐ v ʊ n d n̩
verwunderlich	f ɛ ɐ̯ v ʊ n d ɐ l ɪ ç
verwöhnen	f ɛ ɐ̯ v øː n ə n
verwünschen	f ɛ ɐ̯ v ʏ n ʃ n̩
verwüsten	f ɛ ɐ̯ v yː s t n̩
verzagt	f ɛ ɐ̯ t͡s aː k t
verzapfen	f ɛ ɐ̯ t͡s a p͡f n̩
verzaubern	f ɛ ɐ̯ t s a ʊ̯ b ɐ n
verzehren	f ɛ ɐ̯ t s eː ɐ̯ n
verzeichnen	f ɛ ʁ t s a ɪ ç n ə n
verzeigen	f ɛ ɐ̯ t͡s a ɪ̯ ɡ n̩
verzeigen	f ɛ ɐ̯ t͡s a ɪ̯ ɡ ŋ̩
verzeihlich	f ɛ ɐ̯ t͡s a ɪ̯ l ɪ ç
verzerren	f ɛ ɐ̯ t͡s ɛ ʁ ə n
verzichten	f ɐ t͡s ɪ ç t n̩
verzinken	f ɛ ɐ̯ t s ɪ ŋ k ə n
verzocken	f ɛ ɐ̯ t͡s ɔ k n̩
verzollen	f ɛ ɐ̯ t͡s ɔ l ə n
verzweifeln	f ɐ t͡s ʋ a ɪ̯ f l̩ n
verzählen	f ɐ t͡s ɛː l̩ n
verzögerest	f ɛ ɐ̯ t͜s øː ɡ ɛ ʁ ɛ s t
verzögern	f ɛ ɐ̯ t͜s øː ɡ ɐ n
veränderbar	f ɛ ɐ̯ ʔ ɛ n d ɐ b aː ɐ̯
verändern	f ɐ ʔ ɛ n d ɐ n
veräppeln	f ɛ ɐ̯ ʔ ɛ p l̩ n
veräußern	f ɛ r ʔ ɔ ɪ̯ s ə r n
veräußern	f ɛ ɐ̯ ʔ ɔ ɪ̯ s ɐ n
vibrieren	v i b ʁ iː ʁ ə n
vielen	f iː l ə n
vielflächig	f iː l f l ɛ ç ɪ ç
vielleicht	f i l a ɪ̯ ç t
vielversprechend	f iː l f ɐ ʃ p ʁ ɛ ç n̩ t
vier	f i ɐ̯
vier	f iː ɐ̯
viereckig	f iː ɐ̯ ʔ ɛ kʰ ɪ ç
vierflächig	f iː ɐ̯ f l ɛ ç ɪ ç
viermonatlich	f iː ɐ̯ m oː n a t l ɪ ç
viertel	f ɪ ɐ̯ t l̩
viertel	f ɪ ɐ̯ t ə l
viertel	f ɪ ʁ t l̩
viertel	f ɪ ʁ t ə l
vierunddreißigjähriger	f iː ɐ̯ ʊ n t d ʁ a ɪ̯ s ɪ ç j ɛː ʁ ɪ ɡ ɐ
vierunddreißigster	f iː ɐ̯ ʔ ʊ n t d ʁ a ɪ̯ s ɪ k s t ɐ
vierunddreißigster	f iː ɐ̯ ʔ ʊ n t d ʁ a ɪ̯ s ɪ ç s t ɐ
vierundfünfzigfacher	f ɪ ɐ̯ ʊ n t f ʏ n f t͡s ɪ ç f a x ɐ
vierundfünfzigjähriger	f ɪ ɐ̯ ʊ n t f ʏ n f t͡s ɪ ç j ɛː ʁ ɪ ɡ ɐ
vierundvierzigfacher	f ɪ ɐ̯ ʊ n t f ɪ ɐ̯ t͡s ɪ ç f a x ɐ
vierundvierzigjähriger	f ɪ ɐ̯ ʊ n t f ɪ ɐ̯ t͡s ɪ ç j ɛː ʁ ɪ ɡ ɐ
vierundzwanzig	f iː ɐ̯ ʊ n t͡s v a n t͡s ɪ ç
vierundzwanzigfacher	f ɪ ɐ̯ ʊ n t͡s v a n t͡s ɪ ç f a x ɐ
vierundzwanzigjähriger	f iː ɐ̯ ʊ n t t͡s v a n t͡s ɪ ç j ɛː ʁ ɪ ɡ ɐ
vierzehnfacher	f ɪ ɐ̯ t͡s eː n f a x ɐ
vierzig	f iː ɐ̯ t͡s ɪ k
vierzig	f iː ɐ̯ t͡s ɪ ç
vierzig	f ɪ ɐ̯ t͡s ɪ ç
vierzig	f ɪ ʁ t͡s ɪ k
vierzig	f ɪ ʁ t͡s ɪ ç
vierzigjähriger	f ɪ ɐ̯ t s ɪ ç j ɛː ʁ ɪ ɡ ɐ
vierzigstens	f ɪ ʁ t s ɪ k s t n̩ s
vierzigtausend	f iː ɐ̯ s ɪ k t a ʊ z n̩ t
vierzigtausendfach	f iː ɐ̯ s ɪ k t a ʊ z n̩ t f a χ
vierzigtausendmal	f iː ɐ̯ s ɪ k t a ʊ z n̩ t m aː ɮ̩
vigilant	v i ɡ i l a n t
virtualisieren	v ɪ ʁ t u a l i z iː ʁ ə n
virtuos	v ɪ ʁ t u ʔ oː s
visafrei	v iː z a f ʁ a ɪ̯
visumfrei	v iː z ʊ m f ʁ a ɪ̯
visumsfrei	v iː z ʊ m s f ʁ a ɪ̯
vitaminarm	v i t a m iː n ʔ a ʁ m
vogelfrei	f oː ɡ l̩ f ʁ a ɪ̯
vogelkundlich	f oː ɡ l̩ k ʊ n t l ɪ ç
vogelkundlicher	f oː ɡ l̩ k ʊ n t l ɪ ç ɐ
volksetymologisch	f ɔ l k s ʔ e t y m o l oː ɡ ɪ ʃ
vollbefriedigend	f ɔ l b ə f ʁ iː d ɪ ɡ ŋ̩ t
vollbringen	f ɔ l b ʁ ɪ ŋ ə n
vollbringend	f ɔ l b ʁ ɪ ŋ ə n t
volle	f ɔ l ə
vollenden	f ɔ l ʔ ɛ n d n̩
vollends	f ɔ l ɛ n t͡s
voller	f ɔ l ɐ
volljährig	f ɔ l j ɛː ʁ ɪ ç
vollschöpfen	f ɔ l ʃ œ p͡f n̩
vollstopfen	f ɔ l ʃ t ɔ p f n̩
vollstrecken	f ɔ l ʃ t ʁ ɛ k n̩
vom	f ɔ m
von	f ɔ n
vonstatten	f ɔ n ʃ t a t n̩
vonstattengehen	f ɔ n ʃ t a t n̩ ɡ eː ə n
vor	f oː ɐ̯
vor	f ɔ ɐ̯
vorankommen	f oː ʁ a n k ɔ m ə n
voranstellen	f o ʁ a n ʃ t ɛ l ə n
vorantreiben	f oː ʁ a n t ʁ a ɪ̯ b m̩
vorantreiben	f oː ʁ a n t ʁ a ɪ̯ b n̩
vorauseilen	f oː ʁ a ʊ̯ s a ɪ̯ l ə n
voraussetzen	f o ʁ a ʊ̯ s z ɛ t s n̩
vorbehalten	f oː ɐ̯ b ə h a l t n̩
vorbehalten	f oː ɐ̯ b ə h a l t ə n
vorbehandeln	f oː ɐ̯ h a n d l̩ n
vorbei	f oː ɐ̯ b a ɪ̯
vorbeifahren	f oː ɐ̯ b a ɪ̯ f aː ʁ ə n
vorbeireden	f oː ɐ̯ b a ɪ̯ r eː d n̩
vorbeischauen	f oː ɐ̯ b a ɪ̯̯ ʃ a ʊ̯ ə n
vorbereiten	f oː ɐ̯ b ə ʁ a ɪ̯ t n̩
vorbestellen	f oː ɐ̯ b ə ʃ t ɛ l ə n
vorbeten	f oː ɐ̯ b eː t n̩
vordenken	f oː ɐ̯ d ɛ ŋ k ŋ̍
vorderer	f ɔ ɐ̯ d ə ʁ ɐ
vorderer	f ɔ ʁ d ə ʁ ɐ
vorehelich	f oː ɐ̯ ʔ eː ə l ɪ ç
voreilig	f oː ɐ̯ ʔ a ɪ̯ l ɪ ç
vorfinden	f oː ɐ̯ f ɪ n d n̩
vorgeblich	f oː ɐ̯ ɡ eː p l ɪ ç
vorgehabt	f oː ɐ̯ ɡ ə h aː p t
vorgehen	f oː ɐ̯ ɡ eː ə n
vorgezogene	f oː ɐ̯ ɡ ə t͡s oː ɡ ə n ə
vorgezogener	f oː ɐ̯ ɡ ə t͡s oː ɡ ə n ɐ
vorglühen	f oː ɐ̯ ɡ l yː ə n
vorgreifen	f oː ɐ̯ ɡ ʁ a ɪ̯ f n̩
vorhaben	f oː ɐ̯ h aː b m̩
vorhalten	f oː ɐ̯ h a l t n̩
vorheizen	f oː ɐ̯ h a ɪ̯ t s n̩
vorheizen	f oː ɐ̯ h a ɪ̯ t s ə n
vorher	f oː ɐ̯ h eː ɐ̯
vorhergehen	f oː ɐ̯ h eː ɐ̯ ɡ eː ə n
vorherig	f oː ɐ̯ h eː ʁ ɪ ç
vorhero	f oː ɐ̯ h eː ʁ o
vorhero	f oː ɐ̯ h eː ʁ oː
vorherrschen	f oː ɐ̯ h ɛ ɐ̯ ʃ n̩
vorkommen	f oː ɐ̯ k ɔ m ə n
vorladen	f oː ɐ̯ l aː d n̩
vorlegen	f oː ɐ̯ l eː ɡ ŋ
vorleisten	f oː ɐ̯ l a ɪ̯ s t n̩
vorletzte	f oː ɐ̯ l ɛ t͡s t ə
vorliegen	f oː ɐ̯ l iː ɡ ŋ̩
vorliegen	f oː ɐ̯ l iː ɡ ə n
vormachen	f oː ɐ̯ m a x n̩
vormachen	f oː ɐ̯ m a x ə n
vormerken	f oː ɐ̯ m ɛ ʁ k n̩
vormerken	f oː ɐ̯ m ɛ ʁ k ə n
vornüberbeugen	f ɔ ʁ n ʔ yː b ɐ b ɔ ɪ̯ ɡ n̩
vorrätig	f oː ɐ̯ ʁ eː tʰ ɪ ç
vorrätig	f oː ɐ̯ ʁ ɛː tʰ ɪ k
vorrätig	f oː ɐ̯ ʁ ɛː tʰ ɪ ç
vors	f oː ɐ̯ s
vors	f ɔ ɐ̯ s
vors	f ɔː s
vorschieben	f oː ɐ̯ ʃ iː b n̩
vorschreiben	f oː ɐ̯ ʃ ʁ a ɪ̯ b m̩
vorschützen	f oː ɐ̯ ʃ ʏ t͡s n̩
vorsehen	f oː ɐ̯ s eː n
vorsehen	f oː ɐ̯ z eː ə n
vorspielen	f oː ɐ̯ ʃ p iː l ə n
vorstellen	f oː ɐ̯ ʃ t ɛ l n̩
vorstellen	f oː ɐ̯ ʃ t ɛ l ə n
vorteilhaft	f ɔ ɐ̯ tʰ a ɪ̯ l h a f tʰ
vortrefflich	f oː ɐ̯ t ʁ ɛ f l ɪ ç
vortäuschen	f oː ɐ̯ tʰ ɔ ʏ̯ ʃ n̩
vorverzinnen	f oː ɐ̯ f ɛ ʁ t s ɪ n ə n
vorvorletzte	f oː ɐ̯ f oː ɐ̯ l ɛ t͡s t ə
vorwarnen	f oː ɐ̯ v a ʁ n ə n
vorweg	f oː ɐ̯ v ɛ k
vorwegnehmen	f oː ɐ̯ v ɛ k n eː m ə n
vorweisen	f oː ɐ̯ v a ɪ z n̩
vorwerfen	f oː ɐ̯ v ɛ ɐ̯ f n̩
vorwiegen	ʔ f oː ɐ̯ v iː ɡ ŋ̍
vorwärts	f oː ɐ̯ v ɛ ɐ̯ t s
vorwärts	f ɔ ɐ̯ v ɛ ɐ̯ t s
vorzeigen	f oː ɐ̯ t s a ɪ̯ ɡ n̩
vorzeigen	f oː ɐ̯ t͡s a ɪ̯ ɡ ŋ̩
vorzeitig	f oː ɐ̯ t͡s a ɪ̯ t ɪ k
vorzeitig	f oː ɐ̯ t͡s a ɪ̯ t ɪ ç
vorziehen	f oː ɐ̯ t s iː n
vorüberfahren	f o ʁ yː b ɐ f aː ʁ ə n
vulgo	v ʊ l ɡ oː
väterlich	f eː tʰ ɐ l ɪ ç
väterlich	f ɛː tʰ ɐ l ɪ ç
wa	v ɐ̠
wa	ʋ h æ h
wa	ʋ æ h
waadtländisch	v a t l ɛ n d ɪ ʃ
waadtländisch	v aː t l ɛ n d ɪ ʃ
wabbeln	v a b l̩ n
wach	v a χ
wachen	v a χ n̩
wachhalten	v a x h a l t n̩
wachküssen	v a x k ʏ s n̩
wachrütteln	v a χ ʁ ʏ t l̩ n
wacker	v a k ɐ
wacker	ʋ a k ɐ
wage	v aː ɡ ə
wagen	v aː ɡ ŋ̩
wahnhaft	v aː n h a f t
wahr	v aː
wahr	v aː ɐ̯
wahr	v aː ʁ
wahren	v aː n
wahren	v aː ɐ̯ n
wahren	v aː ʁ ə n
wahrheitlich	v aː ɐ̯ h a ɪ̯ t l ɪ ç
wahrschauen	v aː ɐ̯ ʃ a ʊ̯ n̩
wahrschauen	v aː ʃ a ʊ̯ n̩
walisisch	v a l iː z ɪ ʃ
wallah	v a l a
wallah	w a l a
wallah	w a lː a h
walten	v a l t n̩
wankelnd	v a ŋ k l̩ n t
wanken	v a ŋ k ŋ̍
wankend	v a ŋ k n̩ t
warben	v a ʁ b m̩
warburgisch	v aː ɐ̯ b ʊ ʁ ɡ ɪ ʃ
warburgischer	v aː ɐ̯ b ʊ ʁ ɡ ɪ ʃ ɐ
ward	v a ɐ̯ t
ward	v a ʁ t
ward	v aː t
waren	v aː n
waren	v aː ɐ̯ n
waren	v aː ə n
waren	v aː ʁ ə n
warm	v a ɐ̯ m
warm	v a ʁ m
warm	v aː m
wart	v a ɐ̯ t
wart	v a ʁ t
wart	v aː t
wart	v aː ɐ̯ t
wart	v aː ʁ t
warte	v a ʁ t ə
warten	v a ʁ t n̩
wartend	v a ʁ t n̩ t
wartende	v a ʁ t n̩ d ɐ
wartender	v a ʁ t n̩ d ɐ
waschbar	v a ʃ b aː ɐ̯
wasserarm	v a s ɐ ʔ a ʁ m
waten	v aː t n̩
watscheln	v aː t͡ʃ l̩ n
weben	v eː b m̩
wechseln	v ɛ k s l̩ n
wechselnd	v ɛ k s l̩ n t
wechselwirken	v ɛ k s l̩ v ɪ ʁ k ə n
wegbegeben	v ɛ k b ə ɡ eː b n̩
wegblicken	v ɛ k b l ɪ k ŋ̩
wegbringen	v ɛ k b ʁ ɪ ŋ ə n
wegdenken	v ɛ k d ɛ ŋ k n̩
wegdrücken	v ɛ k d ʁ ʏ k n̩
wegelagern	v eː ɡ ə l aː ɡ ɐ n
wegfahren	v ɛ k f aː r ə n
wegfaulen	v ɛ k f a ʊ̯ l ə n
weggeben	v ɛ k ɡ eː b n̩
weggefahren	v ɛ k ɡ ə f aː ʁ ə n
weghalten	v ɛ k h a l t n̩
weghauen	v ɛ k h a ʊ̯ ə n
wegjagen	v ɛ k j aː ɡ n̩
wegkletzeln	v ɛ kˑ l ɛ t͡s l̩ n
weglaufen	v ɛ k l a ʊ̯ f ɱ̩
weglegen	v ɛ k l eː ɡ n̩
weglegen	v ɛ k l eː ɡ ŋ̩
wegpusten	v ɛ k p uː s t n̩
wegrennen	v ɛ k ʁ ɛ n ə n
wegräumen	v ɛ k ʁ ɔ ɪ̯ m ə n
wegräumen	v ɛ k ʁ ɔ ɪ̯ m ɛ n
wegschauen	v ɛ k ʃ a ʊ̯ ə n
wegschiessen	v ɛ k ʃ iː s n̩
wegschiessend	v ɛ k ʃ iː s n̩ t
wegschießen	v ɛ k ʃ iː s n̩
wegschießend	v ɛ k ʃ iː s n̩ t
wegschleifen	v ɛ k ʃ l a ɪ̯ f n̩
wegschütten	v ɛ k ʃ ʏ t n̩
wegsetzen	v ɛ k z ɛ t s n̩
wegsetzen	v ɛ k z ɛ t s ə n
wegstecken	v ɛ k ʃ t ɛ k n̩
wegtolerieren	v ɛ k t o l e ʁ iː ʁ ə n
wegtreiben	v ɛ k t ʁ a ɪ̯ b n̩
wegtreten	v e k t ʁ eː t n̩
wegweisend	v eː k v a ɪ̯ z n̩ t
wegwischen	v ɛ k v ɪ ʃ n̩
wehklagen	v eː k l aː ɡ n̩
wehren	v eː ɐ̯ n
wehren	v eː ʁ ə n
wehrst	v eː ɐ̯ s t
wehrst	v ɛ ɐ̯ s t
wehrt	v eː ɐ̯ t
wehrt	v ɛ ɐ̯ t
wehtun	v eː t uː n
weigern	v a i ɡ ɐ n
weihnachten	v a i n a χ t n
weimern	v a i̯ m ɐ n
weitab	v a ɪ̯ t ʔ a p
weiter	v a ɪ̯ t ɐ
weiterbestehen	v a ɪ̯ t ɐ b ə ʃ t eː ə n
weiteressen	v a ɪ̯ t ɐ ʔ ɛ s n̩
weiterexistieren	v a ɪ̯ t ɐ ʔ ɛ k s ɪ s t iː ʁ ə n
weiterfahren	v a ɪ̯ t ɐ f aː ʁ ə n
weitergeben	v a ɪ̯ t ɐ ɡ eː b m̩
weitergehen	v a ɪ̯ t ɐ ɡ eː ə n
weiterhin	v a ɪ̯ t ɐ h ɪ n
weiterleben	v a ɪ̯ t ɐ l eː b m̩
weiterleben	v a ɪ̯ t ɐ l eː b n̩
weiterleiten	v a ɪ̯ t ɐ l a ɪ̯ t n̩
weiterreden	v a ɪ̯ t ɐ ʁ eː d n̩
weiterreisen	v a ɪ̯ t ɐ ʁ a ɪ̯ z n̩
weiters	v a ɪ̯ t ɐ s
weitertun	v a ɪ̯ t ɐː t uː n
weitgehend	v a ɪ̯ t ɡ eː ə n t
weithin	v a ɪ̯ t h i n
weißenburgisch	v a ɪ̯ s n̩ b ʊ ɐ̯ ɡ ɪ ʃ
weißenburgischer	v a ɪ̯ s n̩ b ʊ ɐ̯ ɡ ɪ ʃ ɐ
weißensteinisch	v a ɪ̯ s n̩ ʃ t a ɪ n ɪ ʃ
weißensteinischer	v a ɪ̯ s n̩ ʃ t a ɪ n ɪ ʃ ɐ
weißgraue	v a ɪ̯ s ɡ ʁ a ʊ̯ ə
weißgrauem	v a ɪ̯ s ɡ ʁ a ʊ̯ ə m
weißgrauen	v a ɪ̯ s ɡ ʁ a ʊ̯ ə n
weißgrauer	v a ɪ̯ s ɡ ʁ a ʊ̯ ɐ
weißgraues	v a ɪ̯ s ɡ ʁ a ʊ̯ ə s
welcher	v ɛ l ç ɐ
wellen	v ɛ l ə n
welsch	v ɛ l t͡ʃ
welsch	v ɛ l ʃ
weltbekannt	v ɛ l t b ə k a n t
weltberühmt	v ɛ l t b ə ʁ yː m t
weltbürgerlich	v ɛ l t b ʏ r ɡ ɐ l ɪ ç
weltöffentlich	v ɛ l t œ f n̩ t l ɪ ç
weltöffentlich	v ɛ l t œ f ə n t l ɪ ç
wen	v eː n
wenden	v ɛ n d n̩
wenden	v ɛ n d ə n
weniger	v eː n i ɡ ɐ
wenigstens	v eː n ɪ ç s t n̩ s
wer	v eː ɐ̯
wer	v ɛ ɐ̯
werben	v ɛ ʁ b m̩
werd	v eː ɐ̯ t
werd	v ɛ ɐ̯ t
werde	v eː ɐ̯ d ə
werden	v eː ɐ̯ d n̩
werken	v ɛ ʁ k n̩
werken	v ɛ ʁ k ŋ̩
wert	v eː ɐ̯ t
wert	v ɛ ɐ̯ t
wert	v ɛ ʁ t
wertvoll	v ɛ ɐ̯ t f ɔ l
wertvolle	v ɛ ɐ̯ t f ɔ l ə
werweissen	v eː ɐ̯ v a ɪ̯ s n̩
werweissen	v eː ɐ̯ v a ɪ̯ s ə n
werweissen	v eː ʁ v a ɪ̯ sː e̝ n
werweissen	v eː ʁ v æ ɪ̯ sː e̝ n
wesensfremd	v eː z n̩ s f ʁ ɛ m t
wesensgleich	v eː z n̩ s ɡ l a ɪ̯ ç
wessen	v ɛ s n̩
westextrem	v ɛ s t ʔ ɛ k s t ʁ eː m
wetten	v ɛ t n̩
wettergegerbt	v ɛ t ɐ ɡ ə ɡ ɛ ʁ p t
wettergegerbter	v ɛ t ɐ ɡ ə ɡ ɛ ʁ p t ɐ
wettergegerbtesten	v ɛ t ɐ ɡ ə ɡ ɛ ʁ p t ə s t n̩
wetzen	v ɛ t͡s n̩
wichse	v ɪ k s ə
wichteln	v ɪ ç t l̩ n
wichtigmachen	v ɪ ç t ɪ k m a x n̩
wichtigmachen	v ɪ ç t ɪ ç m a x n̩
wickeln	v ɪ k l̩ n
wider	v iː d ɐ
wider	ʋ iː d ɐ
widerfahren	v i d ɐ f aː ʁ ə n
widerhallen	v iː d ɐ h a l ə n
widerreden	v iː d ɐ ʁ eː d n̩
widerspiegeln	v iː d ɐ ʃ p iː ɡ l̩ n
widerstehen	v iː d ɐ ʃ t eː n
widerstehen	v iː d ɐ ʃ t eː ə n
widrigenfalls	v iː d ʁ ɪ ɡ ŋ̩ f a l s
wiederauferstehen	v iː d ɐ a ʊ̯ f ɛ ɐ̯ ʃ t eː n̩
wiederauferstehen	v iː d ɐ a ʊ̯ f ʔ ɛ ɐ̯ ʃ t eː n̩
wiederauferstehen	v iː d ɐ ʔ a ʊ̯ f ɛ ɐ̯ ʃ t eː n̩
wiederauferstehen	v iː d ɐ ʔ a ʊ̯ f ʔ ɛ ɐ̯ ʃ t eː n̩
wiedererlangen	v iː d ɐ ʔ ɛ ɐ̯ l a ŋ ə n
wiedergewinnen	v iː d ɐ ɡ ə v ɪ n ə n
wiedergutmachen	v iː d ɐ ɡ uː t m a x ə n
wiederherstellen	v iː d ɐ h eː ɐ̯ ʃ t ɛ l ə n
wiederholen	v iː d ɐ h oː l n̩
wiederkäuen	v iː d ɐ k ɔ ʏ̯ ə n
wiedersehen	v iː d ɐ z eː n
wiegeln	v iː ɡ l̩ n
wiegen	v iː ɡ ŋ̍
wiehern	v iː ɐ n
wienach	v iː n aː x
wienern	v iː n ɐ n
willenlos	v ɪ l ə n l oː s
willentlich	v ɪ l ə n t l ɪ ç
willkürlich	v ɪ l k yː ɐ̯ l ɪ ç
wimmeln	v ɪ m l̩ n
wimmern	v ɪ m ɐ n
winden	v ɪ n d n̩
windschnittig	v ɪ n t ʃ n ɪ t ɪ k
windschnittig	v ɪ n t ʃ n ɪ t ɪ ç
windsurfen	v ɪ n t s œː ɐ̯ f n̩
winseln	v ɪ n z l̩ n
wippen	v ɪ p n̩
wirbeln	v ɪ ʁ b l̩ n
wirbelt	v ɪ ʁ b l̩ t
wirken	v ɪ ʁ k ŋ̍
wirklich	v ɪ ɐ̯ kʰ l ɪ ç
wirr	v i ɐ̯
wirr	v iː ɐ̯
wirr	v ɪ ɐ̯
wirr	v ɪ ʁ
wirtschaftsrechtlich	v ɪ ʁ t ʃ a f t͡s ʁ ɛ ç t l ɪ ç
wispern	v ɪ s p ɐ n
wissentlich	v ɪ s n̩ t l ɪ ç
wittenbergisch	v ɪ t n̩ b ɛ ʁ ɡ ɪ ʃ
witter	v ɪ t ɐ
witzeln	v ɪ t s l̩ n
wohlauf	v oː l ʔ a ʊ̯ f
wohltun	v oː l t uː n
wollten	v ɔ l t n̩
wonach	v oː n aː x
wringen	v ʁ ɪ ŋ ŋ̩
wringen	v ʁ ɪ ŋ ə n
wummern	v ʊ m ɐ n
wunderbar	v ʊ n d ɐ b aː ɐ̯
wunderschön	v ʊ n d ɐ ʃ øː n
wundliegen	v ʊ n t l iː ɡ n̩
wundsitzen	v ʊ n t l iː ɡ n̩
wuppen	v ʊ p m̩
wurscht	v ʊ ɐ̯ ʃ t
wurscht	v ʊ ʁ ʃ t
wurschteln	v ʊ ɐ̯ ʃ t l̩ n
wurschteln	v ʊ ɐ̯ ʃ t ə l n
wurschteln	v ʊ ʁ ʃ t l̩ n
wurschteln	v ʊ ʁ ʃ t ə l n
wursteln	v ʊ ɐ̯ s t l̩ n
wursteln	v ʊ ɐ̯ s t ə l n
wursteln	v ʊ ʁ s t l̩ n
wursteln	v ʊ ʁ s t ə l n
wuseln	v uː z l̩ n
währt	v eː ɐ̯ t
währt	v ɛ ɐ̯ t
währt	v ɛː ɐ̯ t
wär	v eː ɐ̯
wär	v ɛ ɐ̯
wär	v ɛː ɐ̯
wärst	v eː ɐ̯ s t
wärst	v ɛ ɐ̯ s t
wärst	v ɛː ɐ̯ s t
wärt	v ɛː ɐ̯ t
wölben	v œ l b m̩
wölben	v œ l b ə n
wölbt	v œ l pʰ tʰ
wörtlich	v œ ʁ t l ɪ ç
wörtlichen	v œ ɐ̯ t l ɪ ç n̩
wörtlichen	v œ ɐ̯ t l ɪ ç ə n
wühlen	v yː l̩ n
wünschen	v ʏ n ʃ n̩
würgen	v ʏ ʁ ɡ ŋ̍
würzburgisch	v ʏ ʁ t͡s b ʊ ʁ ɡ ɪ ʃ
xte	ɪ k s t e
zacken	t͡s a k ŋ̩
zacken	t͡s a k ə n
zahlreich	t s aː l ʁ a ɪ̯ ç
zahlreiche	t s aː l ʁ a ɪ̯ ç ə
zahnen	t͡s aː n ə n
zappelig	t͡s a p ə l ɪ k
zappelig	t͡s a p ə l ɪ ç
zapplig	t͡s a p l ɪ k
zapplig	t͡s a p l ɪ ç
zart	t͡s aː t
zart	t͡s aː ɐ̯ t
zart	t͡s aː ʁ t
zaubern	t s a ʊ̯ b ɐ n
zaudern	t͡s a ʊ̯ d ɐ n
zausen	t͡s a ʊ̯ z n̩
zechen	t s ɛ ç ə n
zehren	t͡s eː ɐ n
zehren	t͡s eː ɐ̯ n
zehren	t͡s eː ʁ ə n
zehren	t͡s ɛ ɐ̯ n
zeigen	t͡s a ɪ̯ ɡ ŋ̍
zeihen	t͡s a ɪ̯ n
zeihen	t͡s a ɪ̯ n̩
zeihen	t͡s a ɪ̯ ə n
zeisen	t͡s a ɪ̯ z n̩
zeitbezogen	t͡s a ɪ̯ t b ə t͡s oː ɡ n̩
zeitraubend	t͡s a ɪ̯ t ʁ a ʊ̯ b n̩ t
zelleigen	t͡s ɛ l ʔ a ɪ̯ ɡ ŋ̍
zentralisieren	t͡s ɛ n t ʁ a l i z iː ʁ ə n
zerbeißen	t͡s ɛ ɐ̯ b a ɪ̯ s n̩
zerbersten	t͡s ɛ ɐ̯ b ɛ ʁ s t n̩
zerbrechen	t s ɐ b ʁ ɛ ç n̩
zerbrechen	t s ɐ b ʁ ɛ ç ə n
zeremoniell	t s e ʁ e m o n i̯ ɛ l
zerfallen	t s ɛ ɐ̯ f a l n
zerfasern	t s ɐ f aː z ɐ n
zerfetzen	t s ɛ ɐ̯ f ɛ t s n̩
zerfleddern	t͡s ɐ f l ɛ d ɐ n
zerfleischen	t͡s ɛ ɐ̯ f l a ɪ̯ ʃ n̩
zerfließen	t͡s ɛ ɐ̯ f l iː s n̩
zerfressen	t͡s ɛ ɐ̯ f ʁ ɛ s n̩
zerfurchen	t s ɛ ɐ̯ f u ɐ̯ x ŋ̩
zergen	t͡s ɛ ʁ ɡ ŋ̍
zergliedern	t͡s ɛ ɐ̯ ɡ l iː d ɐ n
zerkauen	t͡s ɛ ɐ̯ k a ʊ̯ ə n
zerklüften	t͡s ɛ ɐ̯ k l ʏ f t n̩
zerknüllen	t͡s ɛ ɐ̯ k n ʏ l ə n
zerkratzen	t͡s ɐ k ʁ a t͡s n̩
zerkreuzen	t͡s ɛ ɐ̯ k ʁ ɔ ʏ̯ t͡s n̩
zerkrümeln	t͡s ɛ ɐ̯ k ʁ yː m l̩ n
zerlassen	t͡s ɐ l a s n̩
zerleben	t͡s ɛ ɐ̯ l eː b m̩
zerleben	t͡s ɛ ɐ̯ l eː b ə n
zerlumpt	t͡s ɛ ɐ̯ l ʊ m p t
zermanschen	t s ɛ ɐ̯ m a n ʃ n̩
zermatschen	t s ɛ ɐ̯ m a t ʃ n̩
zermürben	t͡s ɛ ɐ̯ m ʏ ʁ b n̩
zernagen	t͡s ɛ ɐ̯ n aː ɡ n̩
zerreden	t͡s ɛ ɐ̯ ʁ eː d n̩
zerren	t s ɛ ɐ̯ n
zerren	t s ɛ ʁ ə n
zerrinnen	t͡s ɛ ɐ̯ ʁ ɪ n ə n
zerrütten	t͡s ɛ ɐ̯ ʁ ʏ t n̩
zerschießen	t͡s ɛ ɐ̯ ʃ iː s n̩
zerschlagen	t͡s ɛ ɐ̯ ʃ l aː ɡ n̩
zerschlitzen	t͡s ɛ ɐ̯ ʃ l ɪ t͡s n̩
zerschmettern	t͡s ɛ ɐ̯ ʃ m ɛ t ɐ n
zerstieben	t͡s ɛ ɐ̯ ʃ t iː b n̩
zerstäuben	t s ɛ ɐ̯ ʃ t ɔ ʏ̯ b m̩
zerstäuben	t s ɛ ɐ̯ ʃ t ɔ ʏ̯ b n̩
zerteilen	t͡s ɛ ɐ̯ t a ɪ̯ l ə n
zertifizieren	t͡s ɛ ʁ t i f i t͡s iː ʁ ə n
zertrampeln	t s ɛ ʁ t ʁ a m p ə l n
zetteln	t s ɛ t l̩ n
zeugen	t͡s ɔ ʏ̯ ɡ n̩
zeugen	t͡s ɔ ʏ̯ ɡ ŋ̍
zeugen	t͡s ɔ ʏ̯ ɡ ə n
zicken	t͡s ɪ k n̩
zickzack	t͡s ɪ k t͡s a k
zieht	t s iː t
zielgerichtet	t͡s iː l ɡ ə ʁ ɪ ç t ə t
ziellos	t͡s iː l l oː s
ziellos	t͡s iː lː oː s
ziemen	t͡s iː m ə n
zierlich	t͡s i ɐ̯ l ɪ ç
zierlich	t͡s iː ɐ̯ l ɪ ç
zinken	t͡s ɪ ŋ k ŋ̩
zisalpin	t͡s ɪ s ʔ a l p iː n
zischen	t͡s ɪ ʃ n̩
zitierfähig	t͡s i t i ɐ̯ f ɛː ɪ ç
zitierfähig	t͡s i t iː ɐ̯ f ɛː ɪ ç
zivilisieren	t͡s i v i l i z iː ʁ ə n
zivilrechtlich	t͡s i v iː l ʁ ɛ ç t l ɪ ç
zocken	t s ɔ k n
zocken	t s ɔ k ŋ̍
zocken	t s ɔ k ə n
zonal	t͡s o n aː l
zottelig	t͡s ɔ t ə l ɪ ç
zuarbeiten	t s uː ʔ ä ʁ b ä ɪ̯ t ə n
zubeißen	t͡s uː b a ɪ̯ s n̩
zuckeln	t͡s ʊ k l̩ n
zucken	t͡s ʊ k n̩
zudem	t s u d eː m
zudrehen	t͡s uː d ʁ eː ə n
zudrücken	t͡s uː d ʁ ʏ k n̩
zueinanderhalten	t͡s uː ʔ a ɪ̯ n a n d ɐ h a l t n̩
zuerteilen	t͡s uː ɛ ɐ̯ t a ɪ̯ l ə n
zufeilen	f a ɪ̯ l̩ n
zufliegen	t͡s uː f l iː ɡ n̩
zufliegen	t͡s uː f l iː ɡ ŋ̩
zuflüstern	t͡s uː f l ʏ s t ɐ n
zufrieden	t͡s u f ʁ iː d n̩
zufügen	t s uː f yː ɡ ŋ
zuführen	t s uː f yː ɐ̯ n
zuführen	t s uː f yː ʁ ə n
zugeführt	t s uː ɡ ə f yː ɐ̯ t
zugeschneit	t͡s uː ɡ ə ʃ n a ɪ̯ t
zugespitzt	t͡s uː ɡ ə ʃ p ɪ t͡s t
zugestehen	t͡s uː ɡ ə ʃ t eː ə n
zugetan	t͡s uː ɡ ə t aː n
zugkräftig	t͡s uː k k ʁ ɛ f t ɪ k
zugkräftig	t͡s uː k k ʁ ɛ f t ɪ ç
zugute	t͡s u ɡ uː t ə
zuhaus	t͡s u h a ʊ̯ s
zuhüllen	t͡s uː h ʏ l ə n
zukaufen	t͡s uː k a ʊ̯ f n̩
zuklappen	t͡s uː k l a p n̩
zuknallen	t͡s uː k n a l ə n
zuknöpfen	t͡s uː k n œ p f n̩
zukommen	t s uː k ɔ m ə n
zukunftssicher	t͡s uː k ʊ n f t sˑ ɪ ç ɐ
zulaufen	t͡s uː l a ʊ̯ f n̩
zulegen	t s uː l eː ɡ ə n
zuleide	t͡s u l a ɪ̯ d ə
zulässig	t s uː l ɛ s ɪ k
zulässig	t s uː l ɛ s ɪ ç
zumachen	t s uː m a x n̩
zumal	t s u m aː l
zumüllen	t͡s uː m ʏ l ə n
zunehmen	t s uː n eː m ə n
zunichtemachen	t͡s u n ɪ ç t ə m a χ n̩
zuordnen	t͡s uː ʔ ɔ ʁ d n ə n
zupacken	t͡s uː p a k n̩
zupasskommen	t͡s u p a s k ɔ m ə n
zupflastern	t͡s uː p f l a s t ɐ n
zupicken	t͡s uː p i k n̩
zuppen	t s ʊ p m̩
zuppen	t s ʊ p ə n
zuprosten	t͡s uː p ʁ oː s t n̩
zur	t͡s u ɐ̯
zur	t͡s uː ɐ̯
zur	t͡s ɐ
zur	t͡s ʊ ɐ̯
zur	t͡s ʊ ʁ
zurechtkommen	t͡s u ʁ ɛ ç t k ɔ m ə n
zurechtweisen	t͡s u ʁ ɛ ç t v a ɪ̯ z n̩
zureden	t s uː r eː d ə n
zurren	t͡s ʊ ɐ̯ n
zurren	t͡s ʊ ʁ ə n
zurückbekommen	t͡s u ʁ ʏ k b ə k ɔ m ə n
zurückbilden	t͡s u ʁ ʏ k b ɪ l d n̩
zurückbleiben	t s u ʁ ʏ k b l a ɪ̯ b ə̯ n
zurückblicken	t͡s u ʁ ʏ k b l ɪ k n̩
zurückdrängen	t͡s u ʁ ʏ k d ʁ ɛ ŋ ə n
zurückgehen	z u ʁ ʏ k ɡ eː ə n
zurückgreifen	t s u ʁ ʏ k ɡ ʁ a ɪ f ə n
zurückholen	t͡s u ʁ ʏ k h oː l ə n
zurückkaufen	t͡s u ʁ ʏ k k a ʊ̯ f n̩
zurückkommen	t͡s u ʁ ʏ k k ɔ m ə n
zurücklaufen	t͡s u ʁ ʏ k l a ʊ̯ f m̩
zurücklaufen	t͡s u ʁ ʏ k l a ʊ̯ f n̩
zurücklegen	t͡s u ʁ ʏ k l eː ɡ n̩
zurückliegen	t͡s u ʁ ʏ k l iː ɡ n̩
zurücklächeln	t͡s u ʁ ʏ k l ɛ ç l̩ n
zurücknehmen	t s u ʁ ʏ k n eː m ə n
zurückrennen	t͡s u ʁ ʏ k ʁ ɛ n ə n
zurückräumen	t s u ʁ ʏ k ʁ ɔ ɪ̯ m ə n
zurückräumen	t s u ʁ ʏ k ʁ ɔ ɪ̯ m ɛ n
zurückschicken	t͡s u ʁ ʏ k ʃ ɪ k n̩
zurückschreiben	t s u ʁ ʏ k ʃ ʁ a i͡b ə n
zurückstellen	t͡s u ʁ ʏ k ʃ t ɛ l ə n
zurücktreten	t s u ʁ ʏ kʰ t ʁ eː t n̩
zurückwenden	t s u ʁ ʏ k v ɛ n d ə n
zurückzahlen	t͡s u ʁ ʏ k t͡s aː l ə n
zurückziehen	t s u ʁ ʏ k t s iː ə n
zusagen	s ɑː ɡ n̩
zusammen	t s u z a m m̩
zusammen	t s u z a m ə n
zusammenarbeiten	t͡s u z a m ə n ʔ a ʁ b a ɪ̯ t n̩
zusammenbrechen	t s u z a m ə n b ʁ ɛ ç n̩
zusammenbrechen	t s u z a m ə n b ʁ ɛ ç ə n
zusammenessen	t͡s u s a m ɛ n ɛ s n̩
zusammenfallen	t s u z a m ə n f a l ə n
zusammenfügen	t͡s u z a m ə n f yː ɡ n̩
zusammenfügen	t͡s u z a m ə n f yː ɡ ŋ̍
zusammengehörig	t͡s u z a m ə n ɡ ə h øː ʁ ɪ ç
zusammengestoßen	t͡s u z a m ə n ɡ ə ʃ t oː s n̩
zusammenhalten	t s u z a m ə n h a l t n̩
zusammenleeren	t͡s u s a m ɛ n l eː ɐ̯ n
zusammenleeren	t͡s u z a m ə n l eː ɐ̯ n
zusammenleimen	t͡s u z a m ə n l a ɪ̯ m ə n
zusammennehmen	t s u z a m ə n n eː m ə n
zusammenrotten	ʁ ɔ t n̩
zusammenrotten	ʁ ɔ t ə n
zusammenrotten	ʁ ɔ t ɛ n
zusammenräumen	t s u s a m ɛ n ʁ ɔ ɪ̯ m ɛ n
zusammenräumen	t s u z a m ə n ʁ ɔ ɪ̯ m ə n
zusammenschimpfen	t͡s u s a m ɛ n ʃ ɪ m p͡f ɱ̩
zusammenschütten	t͡s u s a m ɛ n ʃ ʏ t n̩
zusammenschütten	t͡s u z a m ə n ʃ ʏ t n̩
zusammensetzen	t s u z a m ə n z ɛ t s n̩
zusammenstauchen	t͡s u z a m ə n ʃ t a ʊ̯ x n̩
zusammenstoßen	t͡s u z a m ə n ʃ t oː s n̩
zusammenstürzen	t s u z a m ə n ʃ t ʏ ʁ t s n̩
zusammenstürzen	t s u z a m ə n ʃ t ʏ ʁ t s ə n
zusammenzählen	t͡s u z a m ə n t͡s ɛː l ə n
zuschießen	t͡s uː ʃ iː s n̩
zuschneiden	t͡s uː ʃ n a ɪ̯ d n̩
zuschneien	t͡s uː ʃ n a ɪ̯ ə n
zustehen	t͡s uː ʃ t eː ə n
zustossen	t s uː ʃ t oː s n̩
zustoßen	t s uː ʃ t oː s n̩
zusätzlich	t͡s uː z ɛ t͡s l ɪ ç
zutrauen	t͡s uː t ʁ a ʊ̯ ə n
zutraulich	t͡s uː t ʁ a ʊ̯ l ɪ ç
zutreffen	t͡s uː t ʁ ɛ f n̩
zutreten	t͡s uː t ʁ eː t n̩
zuträglich	t͡s uː t ʁ eː k l ɪ ç
zuträglich	t͡s uː t ʁ ɛː k l ɪ ç
zuvorkommend	t͡s u f oː ɐ̯ k ɔ m ə n t
zuwarten	t͡s uː v ä r t n̩
zuwarten	t͡s uː v ä r t ə n
zuwarten	t͡s uː v ä ɐ̯ t n̩
zuwarten	t͡s uː v ä ɐ̯ t ə n
zuweilen	t s u v a ɪ̯ l ə n
zuweisen	t s uː v a ɪ̯ z n̩
zuweisen	t s uː v a ɪ̯ z ə n
zuwider	t͡s u v iː d ɐ
zuwiderhandeln	t͡s u v iː d ɐ h a n d l̩ n
zwangsversteigern	t͡s v a ŋ s f ɛ ɐ̯ ʃ t a ɪ̯ ɡ ɐ n
zwanzig	t͡s ʋ ä n t͡s ɪ ç
zwanzigjähriger	t͡s v a n t͡s ɪ ç j ɛː ʁ ɪ ɡ ɐ
zwanzigstens	t͡s v a n t͡s ɪ k s t n̩ s
zwanzigtausend	t͡s v a n t s ɪ k t a ʊ z n̩ t
zwanzigtausendfach	t͡s v a n t s ɪ k t a ʊ z n̩ t f a χ
zwanzigtausendmal	t͡s v a n t s ɪ k t a ʊ z n̩ t m aː ɮ̩
zwar	t͡s ʋ aː
zwar	t͡s ʋ aː ɐ̯
zwar	t͡s ʋ aː ʁ
zweckdienlich	t͡s v ɛ k d iː n l ɪ ç
zweckentfremden	t͡s ʋ ɛ k ʔ ɛ n t f r ɛ m d n̩
zwei	t͡s ʋ a ɪ̯
zweieiig	t͡s ʋ a ɪ̯ a ɪ̯ ɪ ç
zweieiig	t͡s ʋ a ɪ̯ ʔ a ɪ̯ ɪ ç
zweifeln	t͡s ʋ a ɪ̯ f l̩ n
zweiköpfig	t͡s v a ɪ̯ k œ p͡f ɪ k
zweiköpfig	t͡s v a ɪ̯ k œ p͡f ɪ ç
zweirädrig	t͡s v a ɪ̯ ʁ ɛː d ʁ ɪ k
zweirädrig	t͡s v a ɪ̯ ʁ ɛː d ʁ ɪ ç
zweite	t s v a ɪ̯ t ə
zweiteilen	t͡s v a ɪ̯ t a ɪ̯ l ə n
zweiter	t s v a ɪ̯ t ɐ
zweiunddreißigfacher	t͡s v a ɪ̯ ʊ n t d ʁ a ɪ̯ s ɪ ç f a x ɐ
zweiunddreißigjähriger	t͡s v a ɪ̯ ʊ n t d ʁ a ɪ̯ s ɪ ç j ɛː ʁ ɪ ɡ ɐ
zweiundfünfzigfacher	t͡s v a ɪ̯ ʊ n t f ʏ n f t͡s ɪ ç f a x ɐ
zweiundfünfzigjähriger	t͡s v a ɪ̯ ʊ n t f ʏ n f t͡s ɪ ç j ɛː ʁ ɪ ɡ ɐ
zweiundsechzigjähriger	t͡s v a ɪ̯ ʊ n t z ɛ ç t͡s ɪ ç j ɛː ʁ ɪ ɡ ɐ
zweiundvierzigfacher	t͡s v a ɪ̯ ʊ n t f ɪ ɐ̯ t͡s ɪ ç f a x ɐ
zweiundvierzigjähriger	t͡s v a ɪ̯ ʊ n t f ɪ ɐ̯ t͡s ɪ ç j ɛː ʁ ɪ ɡ ɐ
zweiundzwanzigfacher	t͡s v a ɪ̯ ʊ n t͡s v a n t͡s ɪ ç f a x ɐ
zweiundzwanzigjähriger	t͡s v a ɪ̯ ʊ n t͡s v a n t͡s ɪ ç j ɛː ʁ ɪ ɡ ɐ
zwerchfellerschütternd	t͡s ʋ ɛ ʁ x f ɛ l ɛ ɐ̯ ʃ ʏ t ɐ n t
zwicken	t͡s v ɪ k ŋ̩
zwiebeln	t͡s ʋ iː b l̩ n
zwier	t͡s v iː r
zwingen	t s ʋ ɪ ŋ ŋ̩
zwingen	t s ʋ ɪ ŋ ə n
zwinkern	t͡s ʋ ɪ ŋ k ɐ n
zwirbeln	t͡s v ɪ ʁ b l̩ n
zwirnen	t s v ɪ ʁ n n̩
zwischen	t s ʋ ɪ ʃ n̩
zwischen	t s ʋ ɪ ʃ ə n
zwischenblenden	t͡s v ɪ ʃ n̩ b l ɛ n d n̩
zwischendurch	t͡s ʋ ɪ ʃ n̩ d ʊ ɐ̯ ç
zwischenlagern	t͡s v ɪ ʃ n̩ l aː ɡ ɐ n
zwischenmenschlich	t͡s v ɪ ʃ n̩ m ɛ n ʃ l ɪ ç
zwischenspeichern	t͡s v ɪ ʃ n̩ ʃ p a ɪ̯ ç ɐ n
zwitschern	t͡s ʋ ɪ t͡ʃ ɐ n
zwittrig	t͡s ʋ ɪ t ʁ ɪ k
zwittrig	t͡s ʋ ɪ t ʁ ɪ ç
zwo	t͡s ʋ oː
zwölf	t͡s ʋ œ l f
zwölffacher	t͡s v œ l f f a x ɐ
zwölfmonatlicher	t͡s v œ l f m oː n a t l ɪ ç ɐ
zäh	t͡s eː
zäh	t͡s ɛː
zählen	t͡s ɛː l̩ n
zähmen	t s eː m m̩
zähmen	t s ɛː m m̩
zärteln	t͡s ɛː ɐ̯ t l̩ n
zärtlich	t͡s ɛː ɐ̯ t l ɪ ç
zögern	t͡s øː ɡ ɐ n
züchtigen	t͡s ʏ ç t ɪ ɡ n̩
Ä	eː
Ä	ɛː
Ägyptisch	ʔ ɛ ɡ ʏ p t ɪ ʃ
Ägäis	ɛ ɡ ɛː ɪ s
Ähre	ʔ eː ʁ ə
Ähre	ʔ ɛː ʁ ə
Ähren	ʔ ɛː ʁ ə n
Ährenfisch	ʔ ɛː ʁ ə n f ɪ ʃ
Ährenfische	ʔ ɛː ʁ ə n f ɪ ʃ ə
Ährenfisches	ʔ ɛː ʁ ə n f ɪ ʃ ə s
Ährenfischs	ʔ ɛː ʁ ə n f ɪ ʃ s
Ämterpatronage	ɛ m t ɐ p a t ʁ o n aː ʒ ə
Änderung	ɛ n d ə ʁ ʊ ŋ
Äolus	eː o l ʊ s
Äolus	ɛː o l ʊ s
Äon	ʔ eː ɔ n
Äon	ʔ ɛ oː n
Äon	ʔ ɛː ɔ n
Äpfel	ɛ p f l̩
Äpfel	ɛ p f ə l
Äpfel	ɛ p ɸ l̩
Äpfel	ɛ p ɸ ə l
Ären	ʔ eː ʁ ə n
Ären	ʔ ɛː ʁ ə n
Ärmel	ʔ ɛ ʁ m l̩
Ärztezentren	ɛː ɐ̯ t͡s t ə t͡s ɛ n t ʁ ə n
Ärztezentrum	ɛː ɐ̯ t͡s t ə t͡s ɛ n t ʁ ʊ m
Ärztezentrums	ɛː ɐ̯ t͡s t ə t͡s ɛ n t ʁ ʊ m s
Äthanal	ɛ t a n aː l
Äthanals	ɛ t a n aː l s
Äthans	ɛ t aː n s
Äthansäure	ɛ t aː n z ɔ ɪ̯ ʁ ə
Äthen	ɛ t eː n
Äther	ʔ eː t ɐ
Äther	ʔ ɛː t ɐ
Äthyl	ɛ t yː l
Äthylalkohol	ɛ t yː l ʔ a l k o h oː l
Äthylen	ɛ t y l eː n
Äthylgruppe	ɛ t yː l ɡ ʁ ʊ p ə
Äugeln	ɔ ɪ̯ ɡ l̩ n
Äußern	ʔ ɔ ʏ̯ s ɐ n
Åland	oː l a n t
Étang	e t ɑ̃
Öfen	øː f n̩
Öfen	øː f ə n
Öhr	ʔ øː ɐ̯
Öhr	ʔ œ ɐ̯
Ökumene	ʔ ø kʰ u m eː n ə
Ölfass	øː l f a s
Ölfaß	øː l f a s
Ölflecke	øː l f l ɛ k ə
Ölmessstab	øː l m ɛ s ʃ t aː p
Ölmüller	ʔ øː l m ʏ l ɐ
Ölpreisdeckel	øː l p ʁ a ɪ̯ s d ɛ k l̩
Ölpreisdeckels	øː l p ʁ a ɪ̯ s d ɛ k l̩ s
Ölschläger	ʔ øː l ʃ l ɛː ɡ ɐ
Ölspur	øː l ʃ p uː ɐ̯
Önanthalkohol	ø n a n t ʔ a l k o h oː l
Önanthalkohols	ø n a n t ʔ a l k o h oː l s
Öse	øː z̥ ɛ
Öttinger	œ t ɪ ŋ ɐ
Öttingers	œ t ɪ ŋ ɐ s
Ötztal	œ t͡s t aː l
Ötztaler	œ t͡s t aː l ɐ
Ötztalerin	œ t͡s t aː l ə ʁ ɪ n
Ötztalers	œ t͡s t aː l ɐ s
Ötztales	œ t͡s t aː l ə s
Ötztals	œ t͡s t aː l s
Übelnehmen	yː b l̩ n eː m ə n
Übelstand	ʔ yː b l̩ ʃ t a n t
Übelstände	ʔ yː b l̩ ʃ t ɛ n d ə
Übeltäterinnen	yː b l̩ t ɛː t ə ʁ ɪ n ə n
Übelwollen	yː b l̩ v ɔ l ə n
Überabzählbarkeiten	yː b ɐ ʔ a p t͡s ɛː l b aː ɐ̯ k a ɪ̯ t n̩
Überanstrengen	yː b ɐ ʔ a n ʃ t ʁ ɛ ŋ ə n
Überantworten	yː b ɐ ʔ a n t v ɔ ʁ t n̩
Überbacken	yː b ɐ b a k n̩
Überbau	yː b ɐ b a ʊ̯
Überbeanspruchen	yː b ɐ b ə ʔ a n ʃ p r ʊ x n̩
Überbelichten	yː b ɐ b ə l ɪ ç t n̩
Überbelichtung	yː b ɐ b ə l ɪ ç t ʊ ŋ
Überbeugen	yː b ɐ b ɔ ʏ̯ ɡ n̩
Überbewerten	yː b ɐ b ə v eː ɐ̯ t n̩
Überbewertung	yː b ɐ b ə v ɛ ʁ t ʊ ŋ
Überbieten	yː b ɐ b iː t n̩
Überbleiben	yː b ɐ b l a ɪ̯ b n̩
Überbringer	yː b ɐ b ʁ ɪ ŋ ɐ
Überbringerin	yː b ɐ b ʁ ɪ ŋ ə ʁ ɪ n
Überbrücken	yː b ɐ b ʁ ʏ k n̩
Überdach	yː b ɐ d a x
Überdachen	yː b ɐ d a x n̩
Übereignen	yː b ɐ ʔ a ɪ̯ k n ə n
Übereignen	yː b ɐ ʔ a ɪ̯ ɡ n ə n
Übereile	yː b ɐ a ɪ̯ l ə
Übereilen	yː b ɐ a ɪ̯ l ə n
Übereilung	yː b ɐ a ɪ̯ l ʊ ŋ
Übereinanderhalten	yː b ɐ ʔ a ɪ̯ n a n d ɐ h a l t n̩
Übereinstimmen	ʔ yː b ɐ ʔ a ɪ̯ n ʃ t ɪ m ə n
Überfall	ʔ yː b ɐ f a l
Überfischen	yː b ɐ f ɪ ʃ n̩
Überfliegen	yː b ɐ f l iː ɡ ŋ̍
Überflussgesellschaft	yː b ɐ f l ʊ s ɡ ə z ɛ l ʃ a f t
Überfluten	ʔ yː b ɐ f l uː t n̩
Überfordern	ʔ yː b ɐ f ɔ ʁ d ɐ n
Überfrankieren	yː b ɐ f ʁ a n k iː ʁ ə n
Übergangspräsident	yː b ɐ ɡ a ŋ s p ʁ ɛ z i d ɛ n t
Übergangspräsidenten	yː b ɐ ɡ a ŋ s p ʁ ɛ z i d ɛ n t n̩
Übergeben	yː b ɐ ɡ eː b m̩
Übergeben	yː b ɐ ɡ eː b ə n
Übergehen	yː b ɐ ɡ eː ə n
Übergreifen	yː b ɐ ɡ ʁ a ɪ̯ f n̩
Überhang	yː b ɐ h a ŋ
Überhangmandat	yː b ɐ h a ŋ m a n d aː t
Überholen	ʔ yː b ɐ h oː l ə n
Überholer	ʔ yː b ɐ h oː l ɐ
Überkreuzen	yː b ɐ k ʁ ɔ ɪ̯ t͡s n̩
Überladen	y b ɐ l aː d n̩
Überlasten	yː b ɐ l a s t n̩
Überlebenskünstler	yː b ɐ l eː b n̩ s k ʏ n s t l ɐ
Überlebenskünstlerin	yː b ɐ l eː b n̩ s k ʏ n s t l ə ʁ ɪ n
Überlegenheit	yː b ɐ l eː ɡ n̩ h a ɪ̯ t
Überlieferung	ʔ y b ɐ l iː f ɐ ʁ ʊ ŋ
Überlinger	yː b ɐ l ɪ ŋ ɐ
Überlingerin	yː b ɐ l ɪ ŋ ə ʁ ɪ n
Überlingerinnen	yː b ɐ l ɪ ŋ ə ʁ ɪ n ə n
Überlingers	yː b ɐ l ɪ ŋ ɐ s
Überlisten	ʔ yː b ɐ l ɪ s t n̩
Überlänge	yː b ɐ l ɛ ŋ ə
Überlängen	yː b ɐ l ɛ ŋ ə n
Übermacht	ʔ yː b ɐ m a χ t
Übermensch	yː b ɐ m ɛ n ʃ
Übermensch	ʔ yː b ɐ m ɛ n ʃ
Übermittler	yː b ɐ m ɪ t l ɐ
Übermittlerin	yː b ɐ m ɪ t l ə ʁ ɪ n
Übermut	ʔ yː b ɐ m uː t
Übermögen	yː b ɐ m øː ɡ ŋ̩
Übermüden	yː b ɐ m yː d n̩
Übernachfrage	yː b ɐ n aː x f ʁ aː ɡ ə
Übernahmerisiko	yː b ɐ n aː m ə ʁ iː z i k o
Übername	yː b ɐ n aː m ə
Überprüfung	yː b ɐ p ʁ yː f ʊ ŋ
Überquerung	yː b ɐ k v eː ʁ ʊ ŋ
Überragen	yː b ɐ ʁ aː ɡ n̩
Überreichen	yː b ɐ ʁ a ɪ̯ ç n̩
Überrumpeln	yː b ɐ ʁ ʊ m p l̩ n
Überrumplung	yː b ɐ ʁ ʊ m p l ʊ ŋ ə n
Überrumplungen	yː b ɐ z ɛ t ɪ ɡ ʊ ŋ
Überrunden	yː b ɐ ʁ ʊ n d n̩
Überschatten	ʔ yː b ɐ ʃ a t n̩
Überschatten	ʔ yː b ɐ ʃ a t ə n
Überschießen	ʔ yː b ɐ ʃ iː s n̩
Überschlag	ʔ yː b ɐ ʃ l aː kʰ
Überschreiten	ʔ yː b a ʃ ʁ a ɪ̯ t n̩
Überschwemmen	ʔ yː b ɐ ʃ v ɛ m n̩
Überschwemmung	ʔ yː b ɐ ʃ ʋ ɛ m ʊ ŋ
Überschwänglichkeit	yː b ɐ ʃ v ɛ ŋ l ɪ ç k a ɪ̯ t
Überschätzen	ʔ yː b ɐ ʃ ɛ t s n̩
Überschätzung	yː b ɐ ʃ ɛ t s ʊ ŋ
Übersehen	ʔ y b ɐ z eː n
Übersetzen	ʔ yː b ɐ z ɛ t͡s n̩
Übersetzer	yː b ɐ z ɛ t͡s ɐ
Übersiedeln	yː b ɐ z iː d l̩ n
Übersiedler	yː b ɐ z iː d l ɐ
Übersiedlerin	yː b ɐ z iː d l ə ʁ ɪ n
Übersiedlerinnen	yː b ɐ z iː d l ə ʁ ɪ n ə n
Überspielen	yː b ɐ ʃ p iː l n̩
Überspringer	yː b ɐ ʃ p ʁ ɪ ŋ ɐ
Überspülen	yː b ɐ ʃ p yː l n̩
Überstunde	yː b ɐ ʃ t ʊ n d ə
Übersäen	yː b ɐ z ɛː ə n
Überteuern	yː b ɐ t ɔ ɪ̯ ɐ n
Überteuerung	yː b ɐ t ɔ ɪ̯ ə ʁ ʊ ŋ
Übertragungsweg	yː b ɐ t ʀ aː ɡ ʊ ŋ s v eː k
Übertreffen	ʔ yː b ɐ t ʁ ɛ f n̩
Übertünchen	yː b ɐ t ʏ n ç n̩
Übervorteilen	yː b ɐ f oː ɐ̯ t a ɪ̯ l̩ n
Überwachen	ʔ yː b ɐ v a χ n̩
Überwachsen	ʔ yː b ɐ v a k s n̩
Überwachung	ʔ yː b ɐ v a χ ʊ ŋ
Überwachungskamera	yː b ɐ v a x ʊ ŋ s k a m ə ʁ a
Überwachungsstaat	yː b ɐ v a x ʊ ŋ s ʃ t aː t
Überwechseln	yː b ɐ v ɛ k s l̩ n
Überwechsler	yː b ɐ v ɛ k s l ɐ
Überwechslers	yː b ɐ v ɛ k s l ɐ s
Überweisen	ʔ yː b ɐ v a ɪ̯ z n̩
Überweisung	ʔ yː b ɐ v a ɪ̯ z ʊ ŋ
Überweisungsformular	yː b ɐ v a ɪ̯ z ʊ ŋ s f ɔ ʁ m u l aː ɐ̯
Überweisungsformulare	yː b ɐ v a ɪ̯ z ʊ ŋ s f ɔ ʁ m u l aː ʁ ə
Überweisungsformulars	yː b ɐ v a ɪ̯ z ʊ ŋ s f ɔ ʁ m u l aː ɐ̯ s
Überwiegen	ʔ yː b ɐ v iː ɡ ə n
Überwinder	yː b ɐ v ɪ n d ɐ
Überwinders	yː b ɐ v ɪ n d ɐ s
Überwinterer	yː b ɐ v ɪ n t ə ʁ ɐ
Überwinterers	yː b ɐ v ɪ n t ə ʁ ɐ s
Überwintern	yː b ɐ v ɪ n t ɐ n
Überwältigen	yː b ɐ v ɛ l t ɪ ɡ n̩
Überzeugen	ʔ yː b ɐ t s ɔ ʏ̯ ɡ ŋ̩
Überzeugen	ʔ yː b ɐ t͡s ɔ ʏ̯ ɡ n̩
Überzeugung	ʔ yː b ɐ t s ɔ ʏ̯ ɡ ʊ ŋ
Überziehen	ʔ yː b ɐ t s iː ə n
Überzieher	ʔ yː b ɐ t s iː ɐ
Überziehers	ʔ yː b ɐ t s iː ɐ s
Übrighaben	yː b ʁ ɪ ç h aː b n̩
Übriglassen	yː b ʁ ɪ k l a s n̩
ächte	ʔ ɛ ç t ə
ächten	ʔ ɛ ç t n̩
ägyptisch	ʔ ɛ ɡ ʏ p t ɪ ʃ
ähneln	ʔ ɛː n l̩ n
ähnlich	ʔ ɛː n l ɪ ç
ähnlichsehen	ʔ ɛː n l ɪ ç z eː ə n
ängstigend	ɛ ŋ s t ɪ ɡ n̩ t
ängstlich	ʔ ɛ ŋ s t l ɪ ç
äolisch	e oː l ɪ ʃ
äolisch	ɛ oː l ɪ ʃ
äquatorial	ɛ k v a t o ʁ i̯ aː l
ärgerlich	ɛ ɐ̯ ɡ ɐ l ɪ ç
ärgerlich	ɛ ʁ ɡ ɐ l ɪ ç
ärmellos	ʔ ɛ ʁ m ə l oː s
ätherisch	ʔ ɛ t eː ʁ ɪ ʃ
ätzen	ʔ ɛ t s n̩
ätzen	ʔ ɛ t s ə n
äussern	ɔ ʏ̯ s ɐ n
äußerer	ʔ ɔ ʏ s ə ʁ ɐ
äußeres	ʔ ɔ ʏ s ə ʁ ə s
äußerlich	ʔ ɔ ʏ̯ s ɐ l ɪ ç
äußern	ʔ ɔ ʏ̯ s ɐ n
äußerst	ʔ ɔ ʏ̯ s ɐ s t
öffentlich	œ f n̩ t l ɪ ç
öfter	ʔ œ f t ɐ
ölen	ʔ øː l n
ösig	ʔ øː z ɪ ç
österlich	ʔ øː s t ɐ l ɪ ç
übel	ʔ yː b l̩
übelnehmen	yː b l̩ n eː m ə n
übelwollen	yː b l̩ v ɔ l ə n
überanstrengen	yː b ɐ ʔ a n ʃ t ʁ ɛ ŋ ə n
überantworten	yː b ɐ ʔ a n t v ɔ ʁ t n̩
überarbeitete	yː b ɐ ʔ a ʁ b a ɪ̯ t ə t ə
überbacken	yː b ɐ b a k n̩
überbeanspruchen	yː b ɐ b ə ʔ a n ʃ p r ʊ x n̩
überbelichten	yː b ɐ b ə l ɪ ç t n̩
überbelichtet	yː b ɐ b ə l ɪ ç t ə t
überbeugen	yː b ɐ b ɔ ʏ̯ ɡ n̩
überbewerten	yː b ɐ b ə v eː ɐ̯ t n̩
überbewertend	yː b ɐ b ə v eː ɐ̯ t n̩ t
überbieten	yː b ɐ b iː t n̩
überbrücken	yː b ɐ b ʁ ʏ k n̩
überdachen	yː b ɐ d a x n̩
übereignen	yː b ɐ ʔ a ɪ̯ k n ə n
übereignen	yː b ɐ ʔ a ɪ̯ ɡ n ə n
übereilen	yː b ɐ a ɪ̯ l ə n
übereilt	yː b ɐ a ɪ̯ l t
übereinanderhalten	yː b ɐ ʔ a ɪ̯ n a n d ɐ h a l t n̩
übereinstimmen	ʔ yː b ɐ ʔ a ɪ̯ n ʃ t ɪ m ə n
übereintreffen	yː b ɐ a ɪ̯ n t ʁ ɛ f n̩
überfall	ʔ yː b ɐ f a l
überfischen	yː b ɐ f ɪ ʃ n̩
überfliegen	yː b ɐ f l iː ɡ ŋ̍
überflügeln	ʔ y b ɐ f l yː ɡ l̩ n
überflügeln	ʔ yː b ɐ f l yː ɡ l̩ n
überfordern	ʔ yː b ɐ f ɔ ʁ d ɐ n
überfrachten	yː b ɐ f ʁ a x t n̩
überfrankieren	yː b ɐ f ʁ a n k iː ʁ ə n
überfreut	ʔ yː b ɐ f r̺ ɔ ɪ̯ t
überführen	ʔ yː b ɐ f yː ʁ ə n
übergeben	yː b ɐ ɡ eː b m̩
übergeben	yː b ɐ ɡ eː b ə n
übergedeckt	yː b ɐ ɡ ə d ɛ k t
übergehen	yː b ɐ ɡ eː ə n
übergeschossen	yː b ɐ ɡ ə ʃ ɔ s n̩
übergreifen	yː b ɐ ɡ ʁ a ɪ̯ f n̩
überheben	ʔ y b ɐ h eː b n̩
überholen	ʔ yː b ɐ h oː l ə n
überkandidelt	ʔ yː b ɐ k a n d iː d l̩ t
überkreuzen	yː b ɐ k ʁ ɔ ɪ̯ t͡s n̩
überladen	y b ɐ l aː d n̩
überlang	yː b ɐ l a ŋ
überlassen	ʔ yː b ɐ l a s n̩
überlasten	yː b ɐ l a s t n̩
überlaufen	ʔ yː b ɐ l a ʊ̯ f n̩
überlaufen	ʔ yː b ɐ l a ʊ̯ f ɱ̩
überlisten	ʔ yː b ɐ l ɪ s t n̩
überlisten	ʔ yː b ɐ l ɪ s t ə n
übermenschlich	ʔ yː b ɐ m ɛ n ʃ l ɪ ç
übermitteln	yː b ɐ m ɪ t l̩ n
übermögen	yː b ɐ m øː ɡ ŋ̩
übermüden	yː b ɐ m yː d n̩
übernachten	ʔ yː b ɐ n a χ t n̩
übernehmend	yː b ɐ n eː m ə n t
übernächtigt	ʔ yː b ɐ n ɛ ç t ɪ ç t
überprüfbare	yː b ɐ p ʁ yː f b aː ʁ ə
überprüfbarem	yː b ɐ p ʁ yː f b aː ʁ ə m
überprüfbaren	yː b ɐ p ʁ yː f b aː ʁ ə n
überprüfbarer	yː b ɐ p ʁ yː f b aː ʁ ɐ
überprüfbares	yː b ɐ p ʁ yː f b aː ʁ ə s
überprüfen	yː b ɐ p ʁ yː f n̩
überragen	yː b ɐ ʁ aː ɡ n̩
überreden	ʔ yː b ɐ ʁ eː d n̩
überreichen	yː b ɐ ʁ a ɪ̯ ç n̩
überrollen	yː b ɐ ʁ ɔ l ə n
überrumpeln	yː b ɐ ʁ ʊ m p l̩ n
überrunden	ʔ yː b ɐ ʁ ʊ n d n̩
überschatten	ʔ yː b ɐ ʃ a t n̩
überschatten	ʔ yː b ɐ ʃ a t ə n
überschaubar	yː b ɐ ʃ a ʊ̯ b aː ɐ̯
überschaubarer	yː b ɐ ʃ a ʊ̯ b aː ʁ ɐ
überschaubarsten	yː b ɐ ʃ a ʊ̯ b aː ɐ̯ s t ə n
überschießen	yː b ɐ ʃ iː s n̩
überschlagen	ʔ yː b ɐ ʃ l aː ɡ ŋ̍
überschreiten	ʔ yː b a ʃ ʁ a ɪ̯ t n̩
überschwemmen	ʔ yː b ɐ ʃ v ɛ m n̩
überschätzen	ʔ yː b ɐ ʃ ɛ t s n̩
übersehen	ʔ y b ɐ z eː n
übersetzen	ʔ yː b ɐ z ɛ t͡s n̩
übersiedeln	yː b ɐ z iː d l̩ n
überspielen	yː b ɐ ʃ p iː l n̩
überspülen	yː b ɐ ʃ p yː l n̩
überstellen	ʔ yː b ɐ ʃ t ɛ l n̩
übersäen	yː b ɐ z ɛː ə n
überteuern	yː b ɐ t ɔ ɪ̯ ɐ n
übertragen	ʔ yː b ɐ t ʁ aː ɡ ŋ̍
übertreffen	ʔ yː b ɐ t ʁ ɛ f n̩
übertreiben	ʔ yː b ɐ t ʁ a ɪ̯ b m̩
übertrumpfen	yː b ɐ t ʁ ʊ m p͡f n̩
übertrumpfen	yː b ɐ t ʁ ʊ m p͡f ə n
übertünchen	yː b ɐ t ʏ n ç n̩
übervorteilen	yː b ɐ f oː ɐ̯ t a ɪ̯ l̩ n
überwachen	ʔ yː b ɐ v a χ n̩
überwachsen	ʔ yː b ɐ v a k s n̩
überwechseln	yː b ɐ v ɛ k s l̩ n
überweisen	ʔ yː b ɐ v a ɪ̯ z n̩
überwerfen	ʔ yː b ɐ v ɛ ʁ f n̩
überwiegen	ʔ yː b ɐ v iː ɡ ə n
überwinden	ʔ yː b ɐ v ɪ n d n̩
überwintern	yː b ɐ v ɪ n t ɐ n
überwältigen	yː b ɐ v ɛ l t ɪ ɡ n̩
überwürzen	ʔ yː b ɐ v ʏ ʁ t͡s n̩
überzeugen	ʔ yː b ɐ t s ɔ ʏ̯ ɡ ŋ̩
überzeugen	ʔ yː b ɐ t͡s ɔ ʏ̯ ɡ n̩
überziehen	ʔ yː b ɐ t s iː ə n
üblich	yː p l ɪ ç
übrigens	yː b ʁ ɪ ɡ ŋ̩ s
übrigens	yː b ʁ ɪ ɡ ə n s
übrighaben	yː b ʁ ɪ ç h aː b n̩
übriglassen	yː b ʁ ɪ k l a s n̩
üäh	ɨ lˤː
üäh	ɨˤː ɛˤ
üäh	ɨˤːː
üäh	ʉˤː ɛˤ
