abbadís	a pː a t iː s
abbadísa	a pː a t iː s a
abbadísanna	a pː a t iː s a nː a
abbadísar	a pː a t iː s a r̥
abbadísarinnar	a pː a t iː s a r ɪ nː a r̥
abbadísin	a pː a t iː s ɪ n
abbadísina	a pː a t iː s ɪ n a
abbadísinni	a pː a t iː s ɪ nː ɪ
abbadísir	a pː a t iː s ɪ r̥
abbadísirnar	a pː a t iː s ɪ t n a r̥
abbadísum	a pː a t iː s ʏ m
abbadísunum	a pː a t iː s ʏ n ʏ m
abbaðist	a pː a ð ɪ s t
abbandist	a pː a n t ɪ s t
abbast	a pː a s t
abbastu	a pː a s t ʏ
abbist	a pː ɪ s t
abbisti	a pː ɪ s t ɪ
Ada	aː t a
adamsepli	aː d a m s ɛ h p l ɪ
adda	a tː a
adrenalín	aː t r ɛ n a l iː n
aðalakkeri	aː ð a l a h k ɛː r ɪ
aðalatriði	aː ð a l aː t r ɪː ð ɪ
aðalatriði	aː ð a l aː t r ɪ ð ɪ
aðaláhrif	aː ð aː l a uː r̥ ɪː v
aðaláhrif	aː ð a l a uː r̥ ɪː v
aðaláhugamál	aː ð aː l a uː h ʏː ɣ a m a uː l
aðalborinn	aː ð a l p ɔː r i nː
aðalból	aː ð a l p o uː l
aðalbraut	aː ð a l p r ø yː t
aðalbygging	aː ð a l p ɪ cː i ŋ k
aðalendir	aː ð a l ɛ n t ɪ r
aðalfundarstörf	aː ð a l f ʏ n t a r s t œ r f
aðalfylking	aː ð a l f ɪ l̥ c i ŋ k
aðalhaf	aː ð a l h aː v
Aðalheiður	aː ð a l h e iː ð ʏ r
aðalhending	aː ð a l h ɛ n t i ŋ k
aðalkirkja	aː ð a l cʰ ɪ r̥ c a
aðall	aː ð a t l
aðallega	aː ð a l l ɛː ɣ a
aðalmerki	aː ð a l m ɛ r̥ c ɪ
Aðalmundur	aː ð a l m ʏ n t ʏ r
aðalritning	aː ð a l r ɪ h t n i ŋ k
aðalsetning	aː ð a l s ɛ h t n i ŋ k
aðalskáli	aː ð a l s k a uː l ɪ
aðalskrifstofa	aː ð a l s k r i f s t ɔː v a
aðalsmaður	a ðː a l s m aː ð ʏ r
aðalsmerki	aː ð a l s m ɛ r̥ c ɪ
Aðalsteinn	aː ð a l s t e i t n
aðalsætt	aː ð a l s a i h t
aðalsögn	aː ð a l s œ k n
aðaltenging	aː ð a l tʰ e i ɲ c i ŋ k
aðaltré	aː ð a l tʰ r j ɛː
aðdáandi	a ð t a uː a n t ɪ
aðdáendahópur	aː ð t a uː ɛ n d a h o uː pʰ ʏ r
aðdáendaklúbbur	aː ð t a uː ɛ n d a kʰ l u pː ʏ r
aðdáun	a ð t a uː ʏ n
aðdáunaraugu	aː ð t a uː ʏ n a r ø yː ɣ ʏ
aðdáunarfullur	aː ð t a uː ʏ n a r f ʏ t ɬ ʏ r
aðdáunarverður	a ð t a u ʏ n a v ɛ r ð ʏ r
aðdragandi	a ð t r aː ɣ a n t ɪ
aðdráttarafl	a ð t r a u h t a r a p l
aðdráttur	a ð t r a u h t ʏ r
aðdróttun	a ð t r o u h t ʏ n
aðeins	aː ð e i n s
aðfangadagur	a ð f a u ŋ k a t aː ɣ ʏ r
aðfaranótt	a ð f aː r a n o u h t
aðfella	a ð f ɛ t l a
aðferð	a ð f ɛ r ð
aðferðafræði	a ð f ɛ r ð a f r a iː ð ɪ
aðgangur	a ð k a u ŋ k ʏ r
aðgát	a ð k a uː t
aðgerð	a ð c ɛ r ð
aðgerðaáætlun	a ð c ɛ r ð a uː a i h t l ʏ n
aðgætni	a ð c a i h t n ɪ
aðild	aː ð ɪ l t
aðili	aː ð ɪː l ɪ
aðili	aː ð ɪ l ɪ
aðlaðandi	a ð l aː ð a n t ɪ
aðlaðandi	a ð l a ð a n t ɪ
aðsjáll	a ð s j a u t l
aðskilinn	a ð s c ɪː l ɪ nː
aðskilinn	a ð s c ɪː l ɪ n
aðskilja	a ð s c ɪ l j a
aðskilnaðarstefna	a ð s c ɪ l n aː ð a r s t ɛ p n a
aðskilnaðarstefna	a ð s c ɪ l n a ð a r s t ɛ p n a
aðskilnaður	a ð s c ɪ l n aː ð ʏ r
aðskilnaður	a ð s c ɪ l n a ð ʏ r
aðsókn	a ð s o u h k n
aðstoð	a ð s t ɔː ð
aðstoðarforstjóri	a ð s t ɔː ð a r f ɔ r̥ s t j o uː r ɪ
aðstoðarmaður	a ð s t ɔː ð a r m aː ð ʏ r
aðstæður	a ð s t a iː ð ʏ r
aðventa	a ð v ɛ n̥ t a
aðvörun	a ð v œː r ʏ n
af	aː v
afar	aː v a r
afbaka	a v p aː k a
afbrigði	a v p r ɪ ɣ ð ɪ
afbrigðilegur	a v p r ɪ ɣ ð ɪ l ɛː ɣ ʏ r
afbrot	aː v p r ɔː t
afbrot	a v p r ɔː t
afbrýði	a v p r iː ð ɪ
afburður	a v p ʏ r ð ʏ r
afbökun	a v p œː k ʏ n
afdrep	a v t r ɛː p
afgangur	a v k a u ŋ k ʏ r
Afganistan	a v k aː n ɪ s t aː n
Afganistan	a v k aː n ɪ s t aː n
Afganistan	a v k a n ɪ s t aː n
Afganistan	a v k a n ɪ s t aː n
afgreiða	a v k r e iː ð a
afgreiðsla	a v k r e i ð s t l a
afhenda	a f h ɛ n t a
afhending	a f h ɛ n t i ŋ k
afi	aː v ɪ
afkáralegur	a v kʰ a uː r a l ɛː ɣ ʏ r
afklæða	a v kʰ l a iː ð a
afkomandi	a v kʰ ɔː m a n t ɪ
afkomandi	a v kʰ ɔː m a n t ɪ
afkvæmi	a v kʰ v a iː m ɪ
afl	a p l
afla	a p l a
afleiðing	a v l e iː ð i ŋ k
afleitur	aː v l e iː t ʏ r
afli	a p l ɪ
afmæli	a v m a iː l ɪ
afmæli	a v m a i l ɪ
afmæli	a m m a iː l ɪ
afmæli	a m m a i l ɪ
afmælisdagur	a v m a iː l ɪ s t aː ɣ ʏ r
afmælisdagur	a mː a iː l ɪ s t aː ɣ ʏ r
afmælisgjöf	a v m a iː l ɪ s c œː v
afráða	a v r a uː ð a
afrit	a v r ɪː t
Afríka	aː f r iː k a
afríkanska	aː f r iː kʰ a n s k a
afríkanskur	aː f r iː kʰ a n s k ʏ r
afríkufíll	aː f r iː k ʏ f i t l
afríkufíll	aː f r i k ʏ f i t l
afrískur	aː f r i s k ʏ r
afsaka	a f s aː k a
afskrá	a f s k r a uː
afskráning	a f s k r a uː n i ŋ k
afsláttur	a f s t l a u h t ʏ r
afstæði	a f s t a iː ð ɪ
afsökun	a f s œː k ʏ n
aftaka	a v tʰ aː k a
aftur	a f t ʏ r
aftur	a h t ʏ r
afturbatapíka	a f t ʏ r p aː t a pʰ iː k a
afturbatapíka	a f t ʏ r p aː t a pʰ iː k a
afturbati	a f t ʏ r p aː t ɪ
afturbeygður	a f t ʏ r p e i ɣ ð ʏ r
afturbeyging	a f t ʏ r p e iː j i ŋ k
afturelding	a f t ʏ r ɛ l t i ŋ k
afturfótur	a f t ʏ r f o uː t ʏ r
afturhald	a f t ʏ r h a l t
afturhaldsstefna	a f t ʏ r h a l t s s t ɛ p n a
afturkræfur	a f t ʏ r kʰ r a iː v ʏ r
aftursæti	a f t ʏ r s a iː t ɪ
afvopna	a v v ɔ h p n a
afæta	aː v a iː t a
aga	aː ɣ a
agalega	aː ɣ a l ɛː ɣ a
agalegur	aː ɣ a l ɛ ɣ ʏ r
agða	a ɣ ð a
Aggi	a cː ɪ
agi	aː j ɪ
agn	a k n
agúrka	aː k u r̥ k a
aís	aː iː s
aka	aː k a
akarn	aː kʰ a r t n
akbraut	aː k p r ø yː t
akkeri	a h k ɛː r ɪ
akkur	a h k ʏ r
akrein	aː k r e iː n
akri	aː k r ɪ
akrinum	aː k r ɪ n ʏ m
akur	aː kʰ ʏ r
akur	aː k ʏ r
akurarfi	aː k ʏ r a r v ɪ
akurinn	aː kʰ ʏ r ɪ n
akurstjarna	aː k ʏ r s t j a r t n a
ala	aː l a
Alaska	aː l a s k a
alaskavíðir	aː l a s k a v iː ð ɪ r
alaskaösp	aː l a s k a œ s p
alba	a l p a
Albanía	a l p aː n iː j a
Albanía	a l p aː n iː j a
albanska	a l p a n s k a
albanskur	a l p a n s k ʏ r
albínói	a l p iː n o uː ɪ
albínói	a l p iː n o uː ɪ
albínói	a l p i n o uː ɪ
albínói	a l p i n o uː ɪ
Alda	a l t a
alda	a l t a
aldeilis	a l t e iː l ɪ s
aldeilis	a l t e i l ɪ s
aldin	a l t ɪ n
aldin	a l t ɪ n
Aldinborg	a l t ɪ n p ɔ r k
aldinbori	a l t ɪ n p ɔː r ɪ
aldingarður	a l t ɪ n k a r ð ʏ r
Aldís	a l t iː s
aldrei	a l t r e iː
aldur	a l t ʏ r
aldursmunur	a l t ʏ r s m ʏː n ʏ r
Alexander	aː l ɛ k s a n t ɛː r
Alexander	aː l ɛ k s a n t ɛ r
algerlega	a l c ɛ r l ɛː ɣ a
algjörlega	a l c œ r l ɛː ɣ a
algyðistrú	a l c ɪ ð ɪ s tʰ r u
alheimur	aː l h e iː m ʏ r
alin	aː l ɪ n
alklæddur	aː l kʰ l a i tː ʏ r
alklæddur	a l kʰ l a i tː ʏ r
alkul	a l kʰ ʏː l
Alli	a t l ɪ
alls	a l s
allsber	a l s p ɛː r
allsber	a l s p ɛː r
allsgáður	a l s k a uː ð ʏ r
allt	a l̥ t
alltaf	a l̥ t a f
allteins	a l̥ t e i n s
allur	a t l ʏ r
almannatengsl	a l m a n n a tʰ e i ŋ k s t l
almannatengsl	a l m a n n a tʰ e i ŋ s t l
almennilegur	a l m ɛ nː ɪ l ɛː ɣ ʏ r
almennilegur	a l m ɛ n ɪ l ɛː ɣ ʏ r
almennur	a l m ɛ nː ʏ r
almætti	a l m a i h t ɪ
alnet	a l n ɛː t
alpahúfa	a l̥ p a h uː v a
alræði	a l r a iː ð ɪ
altari	a l̥ t a r ɪ
altaristafla	a l̥ t aː r ɪ s tʰ a p l a
alur	aː l ʏ r
alúðlega	aː l u ð l ɛː ɣ a
alúðlegur	aː l u ð l ɛː ɣ ʏ r
alvara	a l v aː r a
alvarlega	a l v a r l ɛː ɣ a
alvarlegur	a l v a r l ɛː ɣ ʏ r
alvitur	a l v ɪː t ʏ r
alvörulaus	a l v œː r ʏ l ø yː s
alvöruleysi	a l v œː r ʏ l e iː s ɪ
Alþingi	a l θ i ŋ c ɪ
alþjóðlegur	a l θ j o u ð l ɛː ɣ ʏ r
alþýðlegur	a l θ i ð l ɛː ɣ ʏ r
amaba	aː m aː p a
amba	a m p a
ambaga	a m p aː ɣ a
Ameríka	aː m ɛ r iː k a
Ameríka	aː m ɛ r iː k a
amerískur	aː m ɛ r i s k ʏ r
amharíska	aː m h a r i s k a
amma	a mː a
amper	a m̥ p ɛː r
amper	a m̥ p ɛ r
amöba	aː m œː p a
ananas	aː n aː n a s
ananas	aː n a n a s
anda	a n t a
andaglas	a n t a k l aː s
andardráttur	a n t a r t r a u h t ʏ r
andarnefja	a n t a r n ɛ v j a
andarungi	a n t a r u ɲ c ɪ
anddyri	a n t t ɪː r ɪ
anddyri	a n t t ɪ r ɪ
anddyri	a n t ɪː r ɪ
anddyri	a n t ɪ r ɪ
andefni	a n t ɛ p n ɪ
andeind	a n t e i n t
Andersen	a n t ɛ r s ɛ nː
Andersen	a n t ɛ r s ɛ n
andfélagslega	a n t f j ɛː l a x s l ɛː ɣ a
andfélagslegur	a n t f j ɛː l a x s l ɛː ɣ ʏ r
andheiti	a n t h e iː t ɪ
andi	a n t ɪ
andlag	a n t l aː ɣ
andlagsfall	a n t l a x s f a t l
andlangur	a n t l a u ŋ k ʏ r
andlát	a n t l a uː t
andlit	a n t l ɪː t
Andrés	a n t r j ɛː s
Andrésína	a n t r j ɛː s iː n a
Andrésína	a n t r j ɛː s iː n a
andri	a n t r ɪ
Andri	a n t r ɪ
andstyggilega	a n t s t ɪ cː ɪ l ɛː ɣ a
andstæðingur	a n t s t a iː ð i ŋ k ʏ r
andstæður	a n t s t a i ð ʏ r
andúð	a n t uː ð
andvaka	a n t v aː k a
andvari	a n t v aː r ɪ
andvarp	a n t v a r̥ p
andvirði	a n t v ɪ r ð ɪ
anemóna	aː n ɛ m o uː n a
anemóna	aː n ɛ m o uː n a
anga	a u ŋ k a
angan	a u ŋ k a n
angi	a u ɲ c ɪ
Angóla	a ŋ k o uː l a
anna	a nː a
Anna	a nː a
annar	a nː a r
annars	a nː a r̥ s
annáll	a nː a u t l
annríki	a nː r iː c ɪ
ansa	a n s a
ansi	a n s ɪ
Anúbis	aː n uː p ɪ s
apa	aː p a
apalhraun	aː p a l r̥ ø yː n
apamaður	aː p a m aː ð ʏ r
api	aː p ɪ
apótek	aː p o uː tʰ ɛː k
apótekari	aː p o uː tʰ ɛː k aː r ɪ
apótekari	aː p o uː tʰ ɛː k a r ɪ
app	a h p
appelsína	a h p ɛ l s iː n a
appelsínugulur	a h p ɛ l s iː n ʏ k ʏː l ʏ r
appelsínusafi	a h p ɛ l s iː n ʏ s aː v ɪ
Ara	aː r a
Arabía	aː r a p iː j a
arabíska	aː r a p i s k a
arabískur	aː r a p i s k ʏ r
aragrúi	aː r a k r uː ɪ
arameíska	aː r a m ɛː i s k a
arða	a r ð a
arður	a r ð ʏ r
arfi	a r v ɪ
Argentína	a r k ɛ n tʰ iː n a
argur	a r k ʏ r
Ari	aː r ɪ
ari	aː r ɪ
arinn	aː r ɪ nː
Aristóteles	aː r ɪ s t o uː tʰ ɛː l ɛː s
aría	aː r iː j a
aría	aː r i j a
ark	a r̥ k
arkitekt	a r̥ c ɪ tʰ ɛ x t
Arktúrus	a r̥ x t u r ʏ s
armband	a r m p a n t
armbandsúr	a r m p a n t s uː r
armbandsúr	a r m p a n s uː r
armenska	a r m ɛ n s k a
armur	a r m ʏ r
Arnar	a r t n aː r
Arnar	a r t n a r
Arndís	a r t n t iː s
Arndís	a r t t iː s
Arnfríður	a r t n f r iː ð ʏ r
Arngunnur	a r t n k ʏ nː ʏ r
Arnheiður	a r t n h e iː ð ʏ r
Arnmundur	a r t n m ʏ n t ʏ r
Arnór	a r t n o uː r
Arnþrúður	a r t n θ r uː ð ʏ r
Aron	aː r ɔː n
Aron	aː r ɔ n
aronsvöndur	aː r ɔ n s v œ n t ʏ r
arsen	a r̥ s ɛ n
art	a r t
as	aː s
as	aː s
asetón	aː s ɛː tʰ o uː n
asi	aː s ɪ
Asía	aː s iː j a
aska	a s k a
askur	a s k ʏ r
asna	a s t n a
asni	a s t n ɪ
aspas	a s p a s
astat	a s t aː t
astat	a s t a t
at	aː t
ata	aː t a
atarna	a tʰ a r t n a
atburður	aː t p ʏ r ð ʏ r
atferli	aː t f ɛ r t l ɪ
atgeir	aː t k e iː r
atgervi	aː t c ɛ r v ɪ
athuga	aː t h ʏː ɣ a
athugasemd	aː t h ʏː ɣ a s ɛ m t
athygli	aː t h ɪ k l ɪ
athæfi	aː t h a iː v ɪ
athöfn	aː t h œ p n
atkvæði	aː t kʰ v a iː ð ɪ
atlot	aː t l ɔː t
atorka	aː t ɔ r̥ k a
atriði	aː t r ɪː ð ɪ
atvik	aː t v ɪː k
atviksorð	aː t v ɪ k s ɔ r ð
atvikssaga	aː t v ɪ x s s aː ɣ a
atvinna	aː t v ɪ nː a
atvinnuleysi	a t v ɪ nː ʏ l œ yː s ɪ
atvinnumaður	aː t v ɪ nː ʏ m aː ð ʏ r
auðmjúkur	ø y ð m j uː k ʏ r
Auðmundur	ø y ð m ʏ n t ʏ r
auðmýking	ø y ð m iː c i ŋ k
auðmýkja	ø y ð m iː c a
auðmýkt	ø y ð m i x t
auðn	ø y ð n
auðna	ø y ð n a
auðnutittlingur	ø y ð n ʏ tʰ ɪ h t l i ŋ k ʏ r
auðugur	œ iː ð ʏ ɣ ʏ r̥
auður	ø yː ð ʏ r
Auður	ø yː ð ʏ r
auðvald	ø y ð v a l t
Auðvarður	ø yː ð v a r ð ʏ r
auðvelda	œ i ð v ɛ l t a
auðveldlega	ø y ð v ɛ l t l ɛː ɣ a
auðveldur	œ i ð v ɛ l t ʏ r
auðæfi	ø yː ð a iː v ɪ
auga	ø yː ɣ a
augabrún	ø yː ɣ a p r uː n
augljós	ø y ɣ l j o uː s
augljóslega	ø y ɣ l j o uː s l ɛː ɣ a
auglýsa	ø y ɣ l iː s a
auglýsa	ø y ɣ l i s a
auglýsing	ø y ɣ l iː s i ŋ k
augnablik	ø y k n a p l ɪː k
augnfró	ø y k n f r o uː
augnhár	ø y k n h a uː r
augnlok	ø y k n l ɔː k
augnlæknir	ø y k n l a i h k n ɪ r
augnlæknir	ø y k l a i h k n ɪ r
augntönn	ø y k n tʰ œ nː
auka	ø yː k a
aukafall	ø yː k a f a t l
aukafallsliður	ø yː k a f a l s l ɪː ð ʏ r
aukasetning	ø yː k a s ɛ h t n i ŋ k
aukaspyrna	ø yː k a s p ɪ r t n a
aukastafur	ø yː k a s t aː v ʏ r
aukatenging	ø yː k a tʰ e i ɲ c i ŋ k
auki	ø yː c ɪ
aukning	ø y h k n i ŋ k
auli	ø yː l ɪ
aumingi	ø yː m i ɲ c ɪ
aumur	ø yː m ʏ r
aur	ø yː r
ausa	ø yː s a
austur	ø y s t ʏ r
Austurey	ø y s t ʏ r e iː
Austurland	ø y s t ʏ r l a n t
Austurríki	ø y s t ʏ r r iː c ɪ
Austurríkismaður	ø y s t ʏ r r iː c ɪ s m aː ð ʏ r
ax	a x s
ax	a k s
axhæra	a x s h a iː r a
axlabönd	a x s t l a p œ n t
Aþena	aː θ ɛː n a
Aþeningur	aː θ ɛː n i ŋ k ʏ r
á	a uː
Á	a uː
ábendingarfornafn	a uː p ɛ n t i ŋ k a r f ɔ r n a p n
ábóti	a uː p o uː t ɪ
áburður	a uː p ʏ r ð ʏ r
ábyrgð	a uː p ɪ r ɣ ð
ábyrgur	a uː p ɪ r k ʏ r
áður	a uː ð ʏ r
áfall	a uː f a t l
áfangaskýrsla	a uː f a u ŋ c a s c i r̥ s t l a
áfergja	a uː f ɛ r c a
áfir	a uː v ɪ r
áflog	a uː f l ɔː ɣ
ágirnd	a uː c ɪ r n t
ágjarn	a uː c a r t n
ágóði	a uː k o uː ð ɪ
ágæti	a uː c a iː t ɪ
ágætur	a uː c a iː t ʏ r
áhersla	a uː h ɛ r̥ s t l a
áhersluatviksorð	a uː h ɛ r̥ s t l ʏ aː t v ɪ k s ɔ r ð
áheyrn	a uː h e i r t n̥
áhrif	a uː r̥ ɪː v
áhrifaríkur	a uː r̥ ɪː v a r iː k ʏ r
áhrifsfall	a uː r̥ ɪ f s f a t l
áhrifssögn	a uː r̥ i f s s œ k n̥
áhugamál	a uː h ʏː ɣ a m a uː l
áhugasamur	a u h ʏː ɣ a s aː m ʏ r
áhugi	a uː h ʏ j ɪ
áhyggja	a uː h ɪ cː a
áhætta	a uː h a i h t a
áhöfn	a uː h œ p n
ákafi	a uː kʰ aː v ɪ
ákafir	a uː k aː v ɪ r
ákaflega	a uː kʰ a v l ɛː ɣ a
ákafur	a uː k aː v ʏ r
ákavíti	a uː k a v iː t ɪ
ákefð	a uː c ɛ v ð
Áki	a uː c ɪ
ákveða	a uː kʰ v ɛː ð a
ákveðinn	a uː kʰ v ɛː ð ɪ nː
ákveðinn	a uː kʰ v ɛː ð ɪ n
ákæra	a uː cʰ a iː r a
ál	a uː l
Álaborg	a uː l a p ɔ r k
Álandseyjar	a uː l a n t s e iː j a r
álfadrottning	a u l v a t r ɔ h t n i ŋ k
Álfheiður	a u l v h e iː ð ʏ r
álfrek	a u l v r eː k
álft	a u l̥ t
álftalaukur	a u l̥ t a l ø yː k ʏ r
álfur	a u l v ʏ r
álit	a uː l ɪː t
álka	a u l̥ k a
áll	a u t l
álma	a u l m a
álmur	a u l m ʏ r
áminna	a uː m ɪ nː a
án	a uː n
án	a u n
án	a u n ð ɛ s
ánamaðkur	a uː n a m a θ k ʏ r
ánægður	a uː n a i ɣ ð ʏ r
ánægja	a uː n a iː j a
ánægjulegur	a uː n a i j ʏ l ɛː ɣ ʏ r
ár	a uː r
ár	a uː r̥
ára	a uː r a
árabátur	a uː r a p a uː t ʏ r
árangur	a uː r a u ŋ k ʏ r
árás	a uː r a uː s
árásarmaður	a uː r a uː s a r m aː ð ʏ r
Árdís	a u r t iː s
áreiðanlegur	a uː r e iː ð a n l ɛː ɣ ʏ r
áreiðanleiki	a uː r e iː ð a n l e iː c ɪ
árekstur	a uː r ɛ x s t ʏ r
áreynsla	a uː r e i n s t l a
árgangur	a u r k a u ŋ k ʏ r
ári	a uː r ɪ
árlegur	a uː r l ɛ ɣ ʏ r
Ármann	a uː r m a n
árna	a u r t n a
Árna	a u r t n a
Árni	a u r t n ɪ
Árni	a u t n ɪ
áróður	a uː r o uː ð ʏ r
árós	a uː r o uː s
Árósar	a uː r o uː s a r
árstíð	a u r s tʰ iː ð
árstími	a u r s tʰ iː m ɪ
ártíð	a uː r tʰ iː ð
áræða	a uː r a iː ð a
áræði	a uː r a iː ð ɪ
áræðinn	a uː r a iː ð ɪ nː
áræðinn	a uː r a iː ð ɪ n
ás	a uː s
ásaka	a uː s aː k a
ásamt	a uː s a m̥ t
Ásdís	a uː s t iː s
ásjálegur	a uː s j a uː l ɛː ɣ ʏ r
áskrifandi	a uː s k r ɪː v a n t ɪ
áskrift	a uː s k r ɪ f t
Áslaug	a uː s l ø yː ɣ
Ásmundur	a uː s m ʏ n t ʏ r
ásókn	a uː s o u h k n
ást	a u̯ s t
Ásta	a u s t a
ástand	a uː s t a n t
ástaróbó	a u s t a r o uː p o uː
ástfanginn	a u s t f a u ɲ c ɪ nː
ástfanginn	a u s t f a u ɲ c ɪ n
Ástfríður	a u s t f r iː ð ʏ r
Ástmundur	a u s t m ʏ n t ʏ r
Ástralía	a u s t r a l iː j a
Ástríður	a u s t r iː ð ʏ r
Ástþrúður	a u s t θ r uː ð ʏ r
ástæða	a uː s t a i ð a
ásýnd	a uː s i n t
Ásþrúður	a uː s θ r uː ð ʏ r
ásökun	a uː s œː k ʏ n
át	a uː t
átelja	a uː tʰ ɛ l j a
átján	a uː t j a u n
átrúnaður	a u tʰ r uː n a ð ʏ r
átt	a u h t
átthyrningur	a u h t h ɪ r t n i ŋ k ʏ r
átti	a u h t ɪ
áttugasti	a u h t ʏ ɣ a s t ɪ
áttundi	a u h t ʏ n t ɪ
ávallt	a uː v a l̥ t
ávalur	a uː v aː l ʏ r
ávarpa	a uː v a r̥ p a
ávarpsfall	a uː v a r̥ p s f a t l
ávinningur	a uː v ɪ nː i ŋ k ʏ r
ávísun	a uː v iː s ʏ n
ávöxtur	aː w v œ k s t ʏ r
áþján	a uː θ j a uː n
áætlun	a uː a i h t l ʏ n
b	p j ɛː
bað	p aː ð
baða	p aː ð a
baðherbergi	p aː ð h ɛ r p ɛ r c ɪ
baðherbergi	p aː ð h ɛ r p ɛ r c ɪ
baðkar	p a ð kʰ aː r
baðmullarsvunta	p a ð m ʏ t l a r s v ʏ n̥ t a
baðmur	p a ð m ʏ r
baga	p aː ɣ a
bagall	p aː ɣ a t l
baggi	p a cː ɪ
bagi	p aː j ɪ
bagi	p a iː j ɪ
bak	p aː k
baka	p aː k a
bakari	p aː k aː r ɪ
bakborði	p aː k p ɔ r ð ɪ
bakka	p a h k a
bakki	p a h c ɪ
Bakkus	p a h k ʏ s
bakpoki	p aː k pʰ ɔː c ɪ
baks	p a k s
baksa	p a k s a
baksa	p a x s a
bakskaut	p aː k s k ø yː t
bakstur	p a x s t ʏ r
bakuggi	p aː k ʏ cː ɪ
bakvörður	p aː k v œ r ð ʏ r
baldinn	p a l t ɪ nː
Baldur	p a l t ʏ r
baldursbrá	p a l t ʏ r̥ s p r a uː
bali	p aː l ɪ
ball	p a lː
balsamedik	p a l s aː m ɛː t i k
bambus	p a m p ʏ s
bana	p aː n a
banabeður	p aː n a p ɛː ð ʏ r
bananahýði	p aː n a n a h iː ð ɪ
banani	p aː n a n ɪ
banda	p a n t a
bandalag	p a n t a l aː ɣ
Bandaríkin	p a n t a r iː c ɪ n
bandarískur	p aː n t a r i s k ʏ r
bandingi	p a n t i ɲ c ɪ
bandormur	p a n t ɔ r m ʏ r
bandstrik	p a n t s t r ɪː k
bang	p a u ŋ k
banga	p a u ŋ k a
bani	p aː n ɪ
bank	p a u ŋ̊ k
banka	p a u ŋ̊ k a
bankaútibú	p a u ŋ̊ k a uː t ɪ p uː
banki	p a u ŋ̊ c ɪ
bann	p a nː
banna	p a nː a
bannfæring	p a nː f a iː r i ŋ k
bar	p aː r
barátta	p aː r a u h t a
barbari	p a r p aː r ɪ
bardagalist	p a r t aː ɣ a l ɪ s t
bardagi	p a r t aː j ɪ
barð	p a r ð
Barein	p aː r e iː n
barín	p aː r iː n
barkakýli	p a r̥ k a cʰ iː l ɪ
barki	p a r̥ c ɪ
barmmerki	p a r m m ɛ r̥ c ɪ
barmur	p a r m ʏ r
barna	p a r t n a
barnabarn	p a r t n a p a r t n
barnabarn	p a t n a p a t n
barnagæla	p a r t n a c a iː l a
barnalæknir	p a r t n a l a i h k n ɪ r
barnamosi	p a r t n a m ɔː s ɪ
barnæska	p a r t n a i s k a
barón	p aː r o uː n
barónett	p aː r o uː n ɛ h t
barónett	p aː r o u n ɛ h t
barr	p a rː
barrfinka	p a rː f i ŋ̊ k a
barrspæta	p a rː s p a iː t a
barrtré	p a rː t r j ɛː
bartar	p a r̥ t a r
barti	p a r̥ t ɪ
barþjónn	p a r θ j o u t n
basi	p aː s ɪ
baskamál	p a s k a m a uː l
baskneska	p a s k n ɛ s k a
basl	p a s t l
basla	p a s t l a
bassetthorn	p a sː ɛ h t h ɔ r t n
bassi	p a sː ɪ
bastarður	p a s t a r ð ʏ r
bati	p aː t ɪ
bauð	p ø iː ð
baugfingur	p ø y x f i ŋ k ʏ r
baugur	p ø yː ɣ ʏ r
bauja	p ø yː j a
bauk	p ø yː k
baul	p ø yː l
baula	p ø yː l a
baun	p ø yː n
bavían	p aː v iː a n
bavíani	p aː v iː aː n ɪ
bavíani	p aː v iː aː n ɪ
bavíani	p aː v i aː n ɪ
bavíani	p aː v i aː n ɪ
bábilja	p a uː p ɪ l j a
bágur	p a uː ʏ r
bákn	p a u h k n
bál	p a uː l
bálför	p a uː l f œː r
bálkur	p a u l̥ k ʏ r
Bára	p a uː r a
bára	p a uː r a
Bárður	p a u r ð ʏ r
bárujárn	p a uː r ʏ j a u r t n
básúna	p a uː s uː n a
básúnuleikari	p a uː s uː n ʏ l e iː k aː r ɪ
bátaskýli	p a uː t a s c iː l ɪ
bátsferð	p a u t s f ɛ r ð
bátur	p a uː t ʏ r
beddi	p ɛ tː ɪ
beð	p ɛː ð
beðja	p ɛ ð j a
beðmi	p ɛ ð m ɪ
beður	p ɛː ð ʏ r
beiða	p e iː ð a
beiðni	p e i ð n ɪ
beikon	p e iː kʰ ɔ n
beila	p e iː l a
bein	p e iː n
beina	p e iː n a
beinagrind	p e iː n a k r ɪ n t
beinmergur	p e iː n m ɛ r k ʏ r
beinn	p e i t n
beisla	p e i s t l a
beisli	p e i s t l ɪ
beita	p e iː t a
beiti	p e iː t ɪ
beitieski	p e iː t ɪ ɛ s c ɪ
beitiland	p e iː t ɪ l a n t
beitilyng	p e iː t ɪ l i ŋ k
beittur	p e i h t ʏ r
beitukóngur	p e iː t ʏ kʰ o u ŋ k ʏ r
bekkjarfélagi	p ɛ h c a r f j ɛː l aː j ɪ
bekkjarlalli	p ɛ h c a r l a t l ɪ
bekkur	p ɛ h k ʏ r
bel	p ɛː l
belgi	p ɛ l c ɪ
Belgi	p ɛ l c ɪ
Belgía	p ɛ l c i j a
belgja	p ɛ l c a
belgjastör	p ɛ l c a s t œː r
belgur	p ɛ l k ʏ r
belja	p ɛ l j a
belti	p ɛ l̥ t ɪ
beltisdýr	p ɛ l̥ t ɪ s t iː r
beltisstaður	p ɛ l̥ t ɪ s s t aː ð ʏ r
benda	p ɛ n t a
Bender	p ɛ n d ɛː r
Bender	p ɛ n d ɛ r
bendill	p ɛ n t ɪ t l
bending	p ɛ n t i ŋ k
bendir	p ɛ n t ɪ r
Benedikt	p ɛː n ɛː t ɪ x t
Benedikt	p ɛː n ɛː t ɪ x t
Benediktína	p ɛː n ɛː t ɪ x t iː n a
Benediktína	p ɛː n ɛː t ɪ x t iː n a
Benín	p ɛː n iː n
Benjamín	p ɛ n j a m iː n
Benjamín	p ɛ n j a m iː n
bensín	p ɛ n s iː n
bensínsala	p ɛ n s i n s aː l a
bensínstöð	p ɛ n s i n s t œː ð
ber	p ɛː r
bera	p ɛː r a
Bera	p ɛː r a
berg	p ɛ r k
Bergdís	p ɛ r k t iː s
berggrunnur	p e r kː r ʏ nː ʏ r
bergkvika	p ɛ r k kʰ v ɪː k a
Bergmann	p ɛ r k m a nː
Bergmundur	p ɛ r k m ʏ n t ʏ r
bergsóley	p ɛ r k s o uː l e iː
Bergþrúður	p ɛ r k θ r uː ð ʏ r
berja	p ɛ r j a
berklar	p ɛ r̥ k l a r
Berlín	p ɛ r l iː n
Bernharðína	p ɛ r n h a r ð iː n a
Bernharðína	p ɛ r n h a r ð iː n a
Bernharður	p ɛ r n h a r ð ʏ r
Bernhöft	p ɛ r n h œ f t
besefi	p ɛː s ɛː v ɪ
betla	p ɛ h t l a
betlari	p ɛ h t l aː r ɪ
betlari	p ɛ h t l a r ɪ
beyging	p e iː j i ŋ k
beygingardæmi	p e iː j i ŋ k a r t a iː m ɪ
beygingarlýsing	p e iː j i ŋ k a r l iː s i ŋ k
beygja	p e iː j a
beygla	p e i k l a
beyki	p e iː c ɪ
beykitré	p e iː c ɪ t r j ɛː
bé	p j ɛː
biblía	p ɪ p l iː j a
Biblía	p ɪ p l iː j a
bið	p ɪː ð
biðill	p ɪː ð ɪ t l
biðja	p ɪ ð j a
biðlari	p ɪ ð l aː r ɪ
biðlari	p ɪ ð l a r ɪ
biðminni	p ɪ ð m ɪ nː ɪ
biðröð	p ɪ ð r œː ð
biðstofa	p ɪ ð s t ɔː v a
biðstöð	p ɪ ð s t œː ð
biðtími	p ɪ ð tʰ iː m ɪ
biðukolla	p ɪː ð ʏ kʰ ɔ t l a
biðvarsla	p ɪ ð v a r s t l a
bifa	p ɪː v a
bifhjól	p ɪ v ç o uː l
bifhjól	p ɪ f ç o uː l
bifreið	p ɪ v r e iː ð
bifur	p ɪː v ʏ r
Biggi	p ɪ cː ɪ
bik	p ɪː k
bika	p ɪː k a
bikar	p ɪː k a r
bikkja	p ɪ h c a
bil	p ɪː l
bilbugur	p ɪ l p ʏː ɣ ʏ r
billjón	p ɪ l j o u n
billjónasti	p ɪ l j o u n a s t ɪ
bilun	p ɪː l ʏ n
binda	p ɪ n t a
bindi	p ɪ n t ɪ
Birgir	p ɪ r c ɪ r
birgir	p ɪ r c ɪ r
birgja	p ɪ r c a
birki	p ɪ r̥ c ɪ
birkitré	p ɪ r̥ c ɪ t r j ɛː
birna	p ɪ r t n a
Birna	p ɪ r t n a
birta	p ɪ r̥ t a
biskup	p ɪ s k ʏ p
biskupsdæmi	p ɪ s k ʏ p s t a iː m ɪ
biskupskápa	p ɪ s k ʏ p s kʰ a uː p a
bismút	p ɪ s m uː t
biti	p ɪː t ɪ
bitlaus	p ɪː t l ø yː s
bíða	p iː ð a
bílabíó	p i t l a p iː o uː
bílaflutningabíll	p iː l a f l ʏ h t n i ŋ k a p i t l
bílaleiga	p iː l a l e iː ɣ a
bílalest	p iː l a l ɛ s t
bílaverkstæði	p iː l a v ɛ r̥ k s t a iː ð ɪ
bíldrusla	p i l t r ʏ s t l a
bíll	p i t l
bílskúr	p i l s k uː r
bílstjóri	p i l s t j o uː r ɪ
bíóhús	p iː o uː h uː s
bíómynd	p iː o uː m ɪ n t
bíta	p iː t a
bíti	p iː t ɪ
bjakk	p j a h k
bjalla	p j a t l a
bjarga	p j a r k a
Bjargey	p j a r c ɛ i̯
Bjargmundur	p j a r k m ʏ n t ʏ r
Bjarki	p j a r̥ c ɪ
bjarma	p j a r m a
bjarmi	p j a r m ɪ
Bjarndís	p j a r t n t iː s
Bjarndís	p j a r t t iː s
Bjarnharður	p j a r t n h a r ð ʏ r
Bjarnheiður	p j a r t n h e iː ð ʏ r
bjartsýni	p j a r̥ t s iː n ɪ
bjartsýnn	p j a r̥ t s i t n
bjartur	p j a r̥ t ʏ r
Bjartur	p j a r̥ t ʏ r
bjálki	p j a u l̥ k ɪ
bjáni	p j a uː n ɪ
bjó	p j o u̯ː
bjóða	p j o uː ð a
Bjólan	p j o u̯ː l a n
Bjólfur	p j o uː l v ʏ r
bjór	p j o uː r
bjórvömb	p j o u r v œ m p
bjóst	p j o uː s t
bjuggu	p j ʏ ɣ ʏ
bjúga	p j uː a
bjúgaldin	p j uː ɣ a l t ɪ n
bjúgstör	p j u ɣ s t œː r
bjúgur	p j uː ʏ r
Bjöggi	p j œ cː ɪ
björg	p j œ r k
Björg	p j œ r k
Björgmundur	p j œ r k m ʏ n t ʏ r
björgunarvesti	p j œ r k ʏ n a r v e s t ɪ
Björgvin	p j œ r k v ɪ n
Björk	p j œ r̥ k
björk	p j œ r̥ k
björn	p j œ r t ⁽ʰ ⁾ n
björn	p j œ t ⁽ʰ ⁾ n
Björt	p j œ r̥ t
blað	p l aː ð
blaðamaður	p l aː ð a m aː ð ʏ r
blaðra	p l a ð r a
blaðsíða	p l a ð s iː ð a
blak	p l aː k
blakkneskur	p l a h k n ɛ s k ʏ r
bland	p l a n t
blanda	p l a n t a
blandari	p l a n t a r ɪ
blautur	p l ø yː t ʏ r
blá	p l a uː
bláber	p l a uː p ɛː r
blágreni	p l a uː k r ɛː n ɪ
blágresi	p l a uː k r ɛː s ɪ
blágrænn	p l a uː k r a i t n
bláhrafn	p l a uː r̥ a p n
blálanga	p l a uː l a u ŋ k a
blálilja	p l a uː l ɪ l j a
blámaður	p l a uː m aː ð ʏ r
blána	p l a uː n a
blár	p l a uː r
blása	p l a uː s a
blástur	p l a u s t ʏ r
blásveifgras	p l a uː s v e i v k r aː s
blásýra	p l a uː s iː r a
blátoppastör	p l a uː tʰ ɔ h p a s t œː r
blávingull	p l a uː v i ŋ k ʏ t l
bleðill	p l ɛː ð ɪ t l
bleia	p l e iː j a
bleikja	p l e iː c a
bleikur	p l e iː k ʏ r
blek	p l ɛː k
blekbytta	p l ɛː k p ɪ h t a
blekking	p l ɛ h k i ŋ k
blekkja	p l ɛ h c a
blekpenni	p l ɛː k pʰ ɛ nː ɪ
blendingur	p l ɛ n t i ŋ k ʏ r
bless	p l ɛ s
blessa	p l ɛ sː a
blessun	p l ɛ sː ʏ n
blettatígur	p l ɛ h t a tʰ iː ɣ ʏ r
blettur	p l ɛ h t ʏ r
bleyða	p l e iː ð a
bleyði	p l e iː ð ɪ
bleyta	p l e iː t a
bliða	p l ɪː ð a
blik	p l ɪː k
blika	p l ɪː k a
bliki	p l ɪː c ɪ
blinda	p l ɪ n t a
blindhæð	p l ɪ n t h a iː ð
blindur	p l ɪ n t ʏ r
blíða	p l iː ð a
blíður	p l iː ð ʏ r
blífa	p l iː v a
blífur	p l iː v ʏ r
blístra	p l i s t r a
bljúgur	p l j uː ʏ r
blogg	p l ɔ kː
blogga	p l ɔ kː a
bloggari	p l ɔ kː a r ɪ
blokkflauta	p l ɔ h k f l ø yː t a
blossi	p l ɔ sː ɪ
bloti	p l ɔː t ɪ
blotna	p l ɔ h t n a
blóð	p l o uː ð
blóðappelsína	p l o uː ð a h pʰ ɛ l s i n a
blóðarfi	p l o uː ð a r v ɪ
blóðbað	p l o u ð p aː ð
blóðbanki	b l o u ð p a u ŋ̊ c ɪ
blóðbanki	b l o u ð p a u ŋ̊ c ɪ
blóðbogi	p l o uː ð p ɔː j ɪ
blóðflaga	p l o u ð f l aː ɣ a
blóðfruma	p l o u ð f r ʏː m a
blóðfrumnamyndun	p l o u ð f r ʏ m n a m ɪ n t ʏ n
blóðfræði	p l o u ð f r a iː ð ɪ
blóðleysi	p l o u ð l e iː s ɪ
blóðmaur	p l o uː ð m ø yː r
blóðmura	p l o u ð m ʏː r a
blóðmör	p l o u ð m œː r
blóðnasir	p l o u ð n aː s ɪ r
blóðormur	p l o uː ð ɔ r m ʏ r
blóðskömm	p l o u ð s k œ mː
blóðsuga	p l o u ð s ʏː ɣ a
blóðvökvi	p l o u ð v œː k v ɪ
blóðþrýstingur	p l o u ð θ r i s t i ŋ k ʏ r
blók	p l o uː k
blóm	p l o uː m
blómavasi	p l o uː m a v aː s ɪ
blómkál	p l o u m kʰ a uː l
blómsef	p l o u m s ɛː v
blómstra	p l o u m s t r a
blómvöndur	p l o u m v œ n t ʏ r
blóraböggull	p l o uː r a p œ kː ʏ t l
blunda	p l ʏ n t a
blundur	p l ʏ n t ʏ r
blússa	p l u sː a
blygðun	p l ɪ ɣ ð ʏ n
blys	p l ɪː s
blý	p l iː
blýantur	p l iː a n t ʏ r
blýglans	p l iː k l a n s
blæðari	p l a iː ð a r ɪ
blæðing	p l a iː ð i ŋ k
blæja	p l a iː j a
blæjuber	p l a iː j ʏ p ɛː r
blær	p l a i̯ː r
blævængur	p l a iː v a i ŋ k ʏ r
blæösp	p l a iː œ s p
blöðruhálskirtill	p l œ ð r ʏ h a u l s cʰ ɪ r̥ t ɪ t l
blöðruselur	p l œ ð r ʏ s ɛː l ʏ r
Blöndal	p l œ n t aː l
Blöndal	p l œ n t a l
boð	p ɔː ð
boða	p ɔː ð a
boðberi	p ɔ ð p ɛː r ɪ
boðflenna	p ɔ ð f l ɛ nː a
boðháttur	p ɔː ð h a u h t ʏ r
boðorð	p ɔː ð ɔ r ð
boðskapur	p ɔ ð s k aː p ʏ r
bogastrengur	p ɔː ɣ a s t r e i ŋ k ʏ r
Bogga	p ɔ kː a
bogi	p ɔː j ɪ
Bogi	p ɔ iː j ɪ
bogna	p ɔ k n a
boli	p ɔː l ɪ
bolla	p ɔ lː a
bolla	p ɔ t l a
bolli	p ɔ t l ɪ
bolludagur	p ɔ lː ʏ t aː ɣ ʏ r
bollur	p ɔ lː ʏ r
bolsi	p ɔ l s ɪ
boltaíþrótt	p ɔ l̥ t a iː θ r o u h t
bolti	p ɔ l̥ t ɪ
bolur	p ɔː l ʏ r
bor	p ɔː r
bora	p ɔː r a
borð	p ɔ r ð
borða	p ɔ r ð a
borðhnífur	p ɔ r ð n̥ iː v ʏ r
borði	p ɔ r ð ɪ
borðstofa	p ɔ r ð s t ɔː v a
borðtennis	p ɔ r ð tʰ ɛ nː ɪ s
borðtölva	p ɔ r ð tʰ œ l v a
borg	p ɔ r k
borga	p ɔ r k a
borgaralegur	p ɔ r k aː r a l ɛː ɣ ʏ r
borgaralegur	p ɔ r k a r a l ɛː ɣ ʏ r
borgari	p ɔ r k aː r ɪ
borgari	p ɔ r k a r ɪ
borgarstjóri	p ɔ r k a r s t j o uː r ɪ
Borgundarhólmur	p ɔ r k ʏ n t a r h o u l m ʏ r
Bosnía	p ɔ s t n iː j a
Bosnía	p ɔ s t n i j a
bossi	p ɔ sː ɪ
botn	p ɔ h t n
botna	p ɔ h t n a
botnfall	p ɔ h t n f a t l
botnlangabólga	p ɔ h t n l a u ŋ k a p o u l k a
botnlanganám	p ɔ h t n l a u ŋ k a n a uː m
botnlangaskurður	p ɔ h t n l a u ŋ k a s k ʏ r ð ʏ r
botnlangatota	p ɔ h t n l a u ŋ k a tʰ ɔː t a
botnlangi	p ɔ h t n l a u ŋ c ɪ
box	p ɔ x s
bófi	p o uː v ɪ
bóg	p o uː
bógur	p o uː ʏ r
bók	p o uː k
bóka	p o uː k a
bókabúð	p o uː k a p uː ð
bókasafn	p o uː k a s a p n
bókasafnsfræðingur	p o uː k a s a p n s f r a iː ð i ŋ k ʏ r
bókaskápur	p o uː k a s k a uː p ʏ r
bókastoð	p o uː k a s t ɔː ð
bókaútgáfa	p o uː k a uː t k a uː v a
bókfell	p o uː k f ɛ t l
bókfinka	p o uː k f i ŋ̊ k a
bóknám	p o uː k n a uː m
bókrolla	p o uː k r ɔ t l a
bókstafur	p o uː k s t aː v ʏ r
ból	p o uː l
bóla	p o uː l a
bólga	p o u l k a
bólgna	p o u l n a
Bólivía	p o uː l ɪ v iː j a
Bólivía	p o uː l ɪ v iː j a
bólstraberg	p o u l s t r a p ɛ r k
bólstraský	p o u l s t r a s c iː
bólstur	p o u l s t ʏ r
bólusetning	p o uː l u s ɛ h t n i ŋ k
bómull	p o uː m ʏ t l
bón	p o uː n
bóndabær	p o u n t a p a iː r
bónus	p o uː n ʏ s
bór	p o uː r
bót	p o uː t
bótúlíneitrun	p o uː tʰ uː l iː n e iː t r ʏ n
bragð	p r a ɣ ð
bragðskyn	p r a ɣ ð s c ɪː n
bragfræði	p r a x f r a iː ð ɪ
braggi	p r a cː ɪ
bragliður	p r a ɣ l ɪː ð ʏ r
bragur	p r aː ɣ ʏ r
brak	p r aː k
branda	p r a n t a
brandari	p r a n t a r ɪ
brandugla	p r a n t ʏ k l a
brandur	p r a n t ʏ r
brandönd	p r a n t œ n t
bras	p r aː s
Brasilía	p r aː s ɪ l iː j a
Brasilía	p r aː s ɪ l iː j a
brass	p r a sː
brauð	p r ø yː ð
brauðhnífur	p r ø y ð n̥ iː v ʏ r
brauðmoli	p r ø y ð m ɔː l ɪ
brauðmylsna	p r ø y ð m ɪ l s t n a
brauðrist	p r ø y ð r ɪ s t
brauðterta	p r œ yː ð tʰ ɛ r̥ t a
braut	p r ø yː t
brautargengi	p r ø yː t a r c e i ɲ c ɪ
brautarstöð	p r ø yː t a r s t œː ð
brautryðjandi	p r ø yː t r ɪ ð j a n t ɪ
bravó	p r aː v o uː
bravó	p r aː v o uː
bráð	p r a uː ð
bráðna	p r a uː ð n a
bráður	p r a uː ð ʏ r
brátt	p r a u h t
bregða	p r ɛ ɣ ð a
breidd	p r e i tː
breiddargráða	p r e i tː a r k r a uː ð a
breiddarleit	p r e i tː a r l e iː t
breiða	p r e iː ð a
breiðnefur	p r e i ð n ɛː v ʏ r
breiður	p r e iː ð ʏ r
breiðþota	p r e i ð θ ɔː t a
Breki	p r ɛː c ɪ
brekka	p r ɛ h k a
brekkusnigill	p r ɛ h k ʏ s t n ɪː j ɪ t l
brekkusóley	p r ɛ h k ʏ s o uː l e iː
brella	p r ɛ t l a
bora	p ɔː r a
borð	p ɔ r ð
borða	p ɔ r ð a
borðhnífur	p ɔ r ð n̥ iː v ʏ r
borði	p ɔ r ð ɪ
borðstofa	p ɔ r ð s t ɔː v a
borðtennis	p ɔ r ð tʰ ɛ nː ɪ s
borðtölva	p ɔ r ð tʰ œ l v a
borg	p ɔ r k
borga	p ɔ r k a
borgaralegur	p ɔ r k aː r a l ɛː ɣ ʏ r
borgaralegur	p ɔ r k a r a l ɛː ɣ ʏ r
borgari	p ɔ r k aː r ɪ
borgari	p ɔ r k a r ɪ
borgarstjóri	p ɔ r k a r s t j o uː r ɪ
Borgundarhólmur	p ɔ r k ʏ n t a r h o u l m ʏ r
Bosnía	p ɔ s t n iː j a
Bosnía	p ɔ s t n i j a
bossi	p ɔ sː ɪ
botn	p ɔ h t n
botna	p ɔ h t n a
botnfall	p ɔ h t n f a t l
botnlangabólga	p ɔ h t n l a u ŋ k a p o u l k a
botnlanganám	p ɔ h t n l a u ŋ k a n a uː m
botnlangaskurður	p ɔ h t n l a u ŋ k a s k ʏ r ð ʏ r
botnlangatota	p ɔ h t n l a u ŋ k a tʰ ɔː t a
botnlangi	p ɔ h t n l a u ŋ c ɪ
box	p ɔ x s
bófi	p o uː v ɪ
bóg	p o uː
bógur	p o uː ʏ r
bók	p o uː k
bóka	p o uː k a
bókabúð	p o uː k a p uː ð
bókasafn	p o uː k a s a p n
bókasafnsfræðingur	p o uː k a s a p n s f r a iː ð i ŋ k ʏ r
bókaskápur	p o uː k a s k a uː p ʏ r
bókastoð	p o uː k a s t ɔː ð
bókaútgáfa	p o uː k a uː t k a uː v a
bókfell	p o uː k f ɛ t l
bókfinka	p o uː k f i ŋ̊ k a
bóknám	p o uː k n a uː m
bókrolla	p o uː k r ɔ t l a
bókstafur	p o uː k s t aː v ʏ r
ból	p o uː l
bóla	p o uː l a
bólga	p o u l k a
bólgna	p o u l n a
Bólivía	p o uː l ɪ v iː j a
Bólivía	p o uː l ɪ v iː j a
bólstraberg	p o u l s t r a p ɛ r k
bólstraský	p o u l s t r a s c iː
bólstur	p o u l s t ʏ r
bólusetning	p o uː l u s ɛ h t n i ŋ k
bómull	p o uː m ʏ t l
bón	p o uː n
bóndabær	p o u n t a p a iː r
bónus	p o uː n ʏ s
bór	p o uː r
bót	p o uː t
bótúlíneitrun	p o uː tʰ uː l iː n e iː t r ʏ n
bragð	p r a ɣ ð
bragðskyn	p r a ɣ ð s c ɪː n
bragfræði	p r a x f r a iː ð ɪ
braggi	p r a cː ɪ
bragliður	p r a ɣ l ɪː ð ʏ r
bragur	p r aː ɣ ʏ r
brak	p r aː k
branda	p r a n t a
brandari	p r a n t a r ɪ
brandugla	p r a n t ʏ k l a
brandur	p r a n t ʏ r
brandönd	p r a n t œ n t
bras	p r aː s
Brasilía	p r aː s ɪ l iː j a
Brasilía	p r aː s ɪ l iː j a
brass	p r a sː
brauð	p r ø yː ð
brauðhnífur	p r ø y ð n̥ iː v ʏ r
brauðmoli	p r ø y ð m ɔː l ɪ
brauðmylsna	p r ø y ð m ɪ l s t n a
brauðrist	p r ø y ð r ɪ s t
brauðterta	p r œ yː ð tʰ ɛ r̥ t a
braut	p r ø yː t
brautargengi	p r ø yː t a r c e i ɲ c ɪ
brautarstöð	p r ø yː t a r s t œː ð
brautryðjandi	p r ø yː t r ɪ ð j a n t ɪ
bravó	p r aː v o uː
bravó	p r aː v o uː
bráð	p r a uː ð
bráðna	p r a uː ð n a
bráður	p r a uː ð ʏ r
brátt	p r a u h t
bregða	p r ɛ ɣ ð a
breidd	p r e i tː
breiddargráða	p r e i tː a r k r a uː ð a
breiddarleit	p r e i tː a r l e iː t
breiða	p r e iː ð a
breiðnefur	p r e i ð n ɛː v ʏ r
breiður	p r e iː ð ʏ r
breiðþota	p r e i ð θ ɔː t a
Breki	p r ɛː c ɪ
brekka	p r ɛ h k a
brekkusnigill	p r ɛ h k ʏ s t n ɪː j ɪ t l
brekkusóley	p r ɛ h k ʏ s o uː l e iː
brella	p r ɛ t l a
brengla	p r e i ŋ l a
brenna	p r ɛ nː a
brenninetla	p r ɛ nː ɪ n ɛ h t l a
brennisóley	p r ɛ nː ɪ s o uː l e iː
brennisteinn	p r ɛ nː ɪ s t e i t n
brennivín	p r ɛ nː ɪ v iː n
brennsla	p r ɛ n s t l a
brennuvargur	p r ɛ nː ʏ v a r k ʏ r
breskur	p r ɛ s k ʏ r
bresta	p r ɛ s t a
brestur	p r ɛ s t ʏ r
Breti	p r ɛː t ɪ
Bretland	p r ɛː t l a n t
bretónska	p r ɛː tʰ o u n s k a
bretti	p r ɛ h t ɪ
breyta	p r e iː t a
breytilegur	p r e iː t ɪ l ɛː ɣ ʏ r
breyting	p r e iː t i ŋ k
breytni	p r e i h t n ɪ
bréf	p r j ɛː v
bréfaklemma	p r j ɛː v a kʰ l ɛ mː a
bréfsími	p r j ɛː v s iː m ɪ
bréfspjald	p r j ɛː v s p j a l t
Briem	p r iː m
brimill	p r ɪː m ɪ t l
bringa	p r i ŋ k a
bringubein	p r i ŋ k ʏ p e iː n
bringusund	p r i ŋ k ʏ s ʏ n t
briskirtill	p r ɪː s cʰ ɪ r̥ t ɪ t l
brjálæði	p r j a uː l a iː ð ɪ
Brjánn	p r j a u t n
brjósk	b r j o u s k
brjóst	p r j o u s t
brjóstamjólk	p r j o u s t a m j o u l̥ k
brjóstbein	p r j o u s t p e iː n
brjóstkassi	p r j o u s t kʰ a sː ɪ
brjóstsviði	p r j o u s t s v ɪː ð ɪ
brjóstvasi	p r j o u s t v aː s ɪ
brjóta	p r j o uː t a
broddfura	p r ɔ tː f ʏː r a
broddgöltur	p r ɔ tː k œ l̥ t ʏ r
broddkrækill	p r ɔ tː kʰ r a iː c ɪ t l
broddkúmen	p r ɔ tː kʰ uː m ɛː n
broddkúmen	p r ɔ tː kʰ uː m ɛ n
broddmjólk	p r ɔ tː m j o u l̥ k
broddsúla	p r ɔ tː s uː l a
broddur	p r ɔ tː ʏ r
brokk	p r ɔ h k
brokka	p r ɔ h k a
brokkolí	p r ɔ h k ɔ l i
brons	p r ɔ n s
bronsöld	p r ɔ n s œ l t
bros	p r ɔː s
brot	p r ɔː t
brotna	p r ɔ h t n a
brottfall	p r ɔ h t f a t l
brottför	p r ɔ h t f œː r
brottvísun	p r ɔ h t v iː s ʏ n
bróðir	p r o uː ð ɪ r
bróðurdóttir	p r o uː ð ʏ r t o u h t ɪ r
bróðursonur	p r o uː ð ʏ r̥ s ɔː n ʏ r
brók	p r o uː k
bróm	p r o uː m
brómber	p r o u m p ɛː r
bruðl	p r ʏ ð l
brugg	p r ʏ kː
bruggari	p r ʏ kː aː r ɪ
bruggari	p r ʏ kː a r ɪ
brugghús	p r ʏ kː h uː s
bruggun	p r ʏ kː ʏ n
brum	p r ʏː m
bruma	p r ʏː m a
bruna	p r ʏː n a
brunahani	p r ʏː n a h aː n ɪ
brundur	p r ʏ n t ʏ r
bruni	p r ʏː n ɪ
brunnur	p r ʏ nː ʏ r
Brussel	p r ʏ sː ɛ l
brú	p r uː
brúða	p r uː ð a
brúðgumi	p r u ð k ʏː m ɪ
brúðkaup	p r u ð kʰ ø yː p
brúðkaupsnótt	p r u ð kʰ ø y p s n o u h t
brúður	p r uː ð ʏ r
brúka	p r uː k a
brún	p r uː n
brúnn	p r u t n
brúsi	p r u s ɪ
brúskur	p r u s k ʏ r
brydda	p r ɪ tː a
brydding	p r ɪ tː i ŋ k
bryðja	p r ɪ ð j a
bryggja	p r ɪ cː a
brynja	p r ɪ n j a
Brynja	p r ɪ n j a
Brynjólfína	p r ɪ n j o u l v iː n a
Brynjólfína	p r ɪ n j o u l v iː n a
Brynjólfur	p r ɪ n j o u l v ʏ r
Brynjúlfur	p r ɪ n j u l v ʏ r
bryti	p r ɪː t ɪ
brýna	p r iː n a
brýni	p r iː n ɪ
bræða	p r a iː ð a
bræði	p r a iː ð ɪ
bræðsla	p r a i ð s t l a
bræla	p r a iː l a
bræt	p r a iː t
budda	p ʏ tː a
buga	p ʏː ɣ a
bugða	p ʏ ɣ ð a
bugt	p ʏ x t
bugur	p ʏː ɣ ʏ r
bull	p ʏ t l
bulla	p ʏ t l a
bumba	p ʏ m p a
bumbubúi	p ʏ m p ʏ p uː ɪ
buna	p ʏː n a
bunga	p u ŋ k a
bur	p ʏː r
burður	p ʏ r ð ʏ r
burkni	p ʏ r̥ k n ɪ
burnirót	p ʏ r t n ɪ r o uː t
burst	p ʏ r̥ s t
bursta	p ʏ r̥ s t a
burstajafni	p ʏ r̥ s t a j a p n ɪ
bursti	p ʏ r̥ s t ɪ
buski	p ʏ s c ɪ
butur	p ʏː t ʏ r
buxnadragt	p ʏ x s n a t r a x t
buxnaklauf	p ʏ x s n a k l ø yː v
buxnavasi	p ʏ k s n a v aː s ɪ
buxnavasi	p ʏ x s n a v aː s ɪ
buxur	p ʏ x s ʏ r
bú	p uː
búa	p uː a
búð	p uː ð
búðarborð	p uː ð a r p ɔ r ð
búðareigandi	p uː ð a r e iː ɣ a n t ɪ
búðarkassi	p uː ð a r kʰ a sː ɪ
búðarþjófnaður	p uː ð a r θ j o u p n aː ð ʏ r
búðarþjófur	p uː ð a r θ j o uː v ʏ r
búðingur	p uː ð i ŋ k ʏ r
búfé	p uː f j ɛː
búfræði	p uː f r a jː ð ɪ
Búi	p uː ɪ
búkur	p uː k ʏ r
Búlgaría	p u l k a r iː j a
Búlgaría	p u l k a r iː j a
búlgarska	p u l k a r̥ s k a
búmaður	p uː m aː ð ʏ r
búnaður	p uː n aː ð ʏ r
búnaður	p uː n a ð ʏ r
búningur	p uː n i ŋ k ʏ r
búnt	p u n̥ t
búr	p uː r
búralegur	p uː r a l ɛː ɣ ʏ r
búretta	p uː r ɛ h t a
búri	p uː r ɪ
búrka	p u r̥ k a
Búrma	p u r m a
bústinn	p u s t ɪ nː
bústinn	p u s t ɪ n
bútur	p uː t ʏ r
bygg	p ɪ kː
byggð	p ɪ ɣ ð
bygging	p ɪ cː i ŋ k
byggja	p ɪ cː a
bylgja	p ɪ l c a
Bylgja	p ɪ l c a
bylgjufall	p ɪ l c ʏ f a t l
bylgjulengd	p ɪ l c ʏ l e i ŋ k t
bylja	p ɪ l j a
bylta	p ɪ l̥ t a
bylting	p ɪ l̥ t i ŋ k
bylur	p ɪː l ʏ r
byrði	p ɪ r ð ɪ
byrgja	p ɪ r c a
byrja	p ɪ r j a
byrjun	p ɪ r j ʏ n
byrkningur	p ɪ r̥ k n i ŋ k ʏ r
byrstur	p ɪ r̥ s t ʏ r
byssa	p ɪ sː a
byssuhlaup	p ɪ sː ʏ l̥ ø yː p
byssukúla	p ɪ sː ʏ kʰ uː l a
byssustingur	p ɪ sː ʏ s t i ŋ k ʏ r
bytta	p ɪ h t a
bý	p iː
býfluga	p iː f l ʏː ɣ a
býfur	p iː v ʏ r
býli	p iː l ɪ
býr	p iː r̥
býsn	p i s t n
býsna	p i s t n̥ a
bæ	p a iː
bæheimskur	p a iː h e i m s k ʏ r
bæjar	p a iː j a r̥
bæjarstjóri	p a iː j a r s t j o uː r ɪ
bæjasvala	p a iː j a s v aː l a
bæklingur	p a i h k l i ŋ k ʏ r
bæla	p a iː l a
bæli	p a iː l ɪ
bæn	p a iː n
bær	p a iː r
bæra	p a iː r a
bæsa	p a iː s a
bæt	p a iː t
bæta	p a iː t a
bæti	p a iː t ɪ
bættur	p a iʰ t ʏ r
böðull	p œː ð ʏ t l
böggull	p œ kː ʏ t l
böggur	p œ kː ʏ r̥
böl	p œː l
böllur	p œ t l ʏ r
bölvun	p œ l v ʏ n
börkur	p œ r̥ k ʏ r
börn	p œ r t ⁽ʰ ⁾ n
börn	p œ t ⁽ʰ ⁾ n
börur	p œː r ʏ r
bötnun	p œ h t n ʏ n
cé	s j ɛː
cís	s iː s
Claessen	kʰ l a sː ɛ n
Clausen	kʰ l a uː s ɛː nː
Clausen	kʰ l a uː s ɛː n
Clausen	kʰ l a uː s ɛ nː
Clausen	kʰ l a uː s ɛ n
d	t j ɛː
Dabbi	t a pː ɪ
Daðey	t aː ð ɛ i̯
daðla	t a ð l a
daðra	t a ð r a
dafna	t a p n a
dagatal	t aː ɣ a tʰ aː l
dagblað	t a ɣ p l aː ð
dagblaðapappír	t a ɣ p l aː ð a p a h p iː r
dagbók	t a ɣ p o uː k
dagdraumur	t a ɣ t r ø yː m ʏ r
daggarmark	t a kː a r m a r̥ k
daglega	t a ɣ l ɛː ɣ a
dagmál	t a ɣ m a uː l
dagrenning	t a ɣ r ɛ nː i ŋ k
dagsetning	t a x s ɛ h t n i ŋ k
dagskrá	t a x s k r a uː
dagur	t aː ɣ ʏ r
dalalilja	t aː l a l ɪ l j a
Daldís	t a l t iː s
dalía	t aː l iː j a
dalla	t a t l a
Dalla	t a t l a
Dalmatía	t a l m a tʰ iː j a
dama	t aː m a
Damjan	t a m j a n
Danalög	t aː n a l œː ɣ
Dani	t aː n ɪ
Daníel	t aː n i j ɛː l
Danmörk	t a n m œ r̥ k
dans	t a n s
dansa	t a n s a
danska	t a n s k a
danskur	t a n s k ʏ r
dauðadá	t ø yː ð a t a uː
dauðadómur	t ø yː ð a t o uː m ʏ r
dauðafræði	t ø yː ð a f r a iː ð ɪ
dauðakippur	t ø yː ð a cʰ ɪ h p ʏ r
dauðarefsing	t ø yː ð a r ɛ f s i ŋ k
dauðhreinsa	d ø y ð r̥ e i n s a
dauði	t ø yː ð ɪ
dauðlegur	t ø y ð l ɛː ɣ ʏ r
dauður	t ø yː ð ʏ r
daufur	t ø yː v ʏ r
daunn	t ø y t n
daus	t ø yː s
Davíð	t aː v iː ð
dá	t a uː
dádýr	t a uː t iː r
dádýr	t a uː t iː r
dáð	t a uː ð
dáinn	t a uː ɪ nː
dáinn	t a uː ɪ n
dáleiða	t a uː l e iː ð a
dáti	t a uː t ɪ
deig	t e iː ɣ
deigja	t e iː j a
deigur	t e iː ɣ ʏ r
deila	t e iː l a
deild	t e i l t
deildarfall	t e i l t a r f a t l
deiling	t e iː l i ŋ k
deita	t e iː t a
dekka	t ɛ h k a
dekkja	t ɛ h c a
dekur	t ɛː k ʏ r
demantur	t ɛː m a n̥ t ʏ r
demba	t ɛ m p a
depill	t ɛː p ɪ t l
depla	t ɛ h p l a
depra	t ɛː p r a
derhúfa	t ɛ r h uː v a
derringur	t ɛ rː i ŋ k ʏ r
detta	t ɛ h t a
dey	t e iː
deyða	t e iː ð a
deyfa	t e iː v a
deyfð	t e i v ð
deyfing	t e iː v i ŋ k
deyja	t e iː j a
dé	t j ɛː
digur	t ɪː ɣ ʏ r
Diljá	t ɪ l j a uː
dilkur	t ɪ l̥ k ʏ r
dill	t ɪ lː
dimma	t ɪ mː a
dimmur	t ɪ mː ʏ r
dindill	t ɪ n t ɪ t l
dingl	t i ŋ l
dingla	t i ŋ l a
dingull	t i ŋ k ʏ t l
dirfð	t ɪ r v ð
dirfska	t ɪ r v s k a
disketta	t ɪ s k ɛ h t a
disklingur	t ɪ s k l i ŋ k ʏ r
diskó	t ɪ s k o uː
diskótek	t ɪ s k o uː tʰ ɛː k
diskur	t ɪ s k ʏ r
dissa	t ɪ sː a
díki	t iː c ɪ
dílaburkni	t iː l a p ʏ r̥ k n ɪ
dílaskarfur	t iː l a s k a r v ʏ r
dílaskóf	t iː l a s k o uː v
díler	t iː l ɛ r
díli	t iː l ɪ
díll	t i t l
Dína	t iː n a
dís	t iː s
Dísa	t iː s a
djamm	t j a mː
djarfur	t j a r v ʏ r
djass	t j a sː
djákni	t j a u h k n ɪ
djók	t j o uː k
djóka	t j o uː k a
djúp	t j uː p
djúprista	t j uː p r ɪ s t a
djúpur	t j uː p ʏ r
djús	t j uː s
djöfladýrkun	t j œ p l a t i r̥ k ʏ n
djöfull	t j œː v ʏ t l
djörfung	t j œ r v u ŋ k
doði	t ɔː ð ɪ
doðrantur	t ɔ ð r a n̥ t ʏ r
dofi	t ɔː v ɪ
dofinn	t ɔː v ɪ nː
dofinn	t ɔː v ɪ n
dofna	t ɔ p n a
doktor	t ɔ x t ɔ r
dollari	t ɔ lː a r ɪ
dorma	t ɔ r m a
dólgslegur	t o u l k s l ɛː ɣ ʏ r
dólgur	t o u l k ʏ r
dómari	t o uː m aː r ɪ
dómari	t o uː m a r ɪ
dómpápi	t o u m pʰ a uː p ɪ
dómstóll	t o u m s t o u t l
dómur	t o uː m ʏ r
dónalega	t o uː n a l ɛː ɣ a
Dóná	t o uː n a uː
dóni	t o uː n ɪ
Dór	t o uː r
Dóri	t o uː r ɪ
dórískur	t o uː r i s k ʏ r
dós	t o uː s
dósahnífur	t o uː s a n̥ iː v ʏ r
dósent	t o uː s ɛ n t
dótturdóttir	t o u h t ʏ r t o u h t ɪ r
draga	t r aː ɣ a
dragt	t r a x t
drama	t r aː m a
dramb	t r a m p
drangi	t r a u ɲ c ɪ
draugur	t r ø yː ɣ ʏ r
draumlaus	t r ø y m l ø yː s
draumleysi	t r ø y m l e iː s ɪ
draumsóley	t r ø y m s o uː l e iː
draumur	t r ø yː m ʏ r̥
dráp	t r a uː p
dráttartaug	t r a u h t a r tʰ ø yː ɣ
dráttarvél	t r a u h t a r v j ɛː l
dráttur	t r a u h t ʏ r
dreggjar	t r ɛ cː a r
dregill	t r e iː j ɪ t l
dreif	t r e iː v
dreifa	t r e iː v a
dreifilykill	t r e iː v ɪ l ɪː c ɪ t l
dreifing	t r e iː v i ŋ k
dreitill	t r e iː t ɪ t l
drekafluga	t r ɛː k a f l ʏː ɣ a
dreki	t r ɛː c ɪ
drekka	t r ɛ h k a
drekkja	t r ɛ h c a
drengskapur	t r e i ŋ k s k aː p ʏ r
drengur	t r e i ŋ k ʏ r
drepa	t r ɛː p a
drepsótt	t r ɛː p s o u h t
dreyma	t r e iː m a
dreymandi	t r e iː m a n t ɪ
dreypa	t r e iː p a
dreyra	t r e iː r a
dreyrasýki	t r e iː r a s iː c ɪ
dreyri	t r e iː r ɪ
drift	t r ɪ f t
dripla	t r ɪ h p l a
drit	t r ɪː t
drífa	t r iː v a
drjóli	t r j o uː l ɪ
drjúgur	t r j uː ʏ r
drjúpa	t r j uː p a
droll	t r ɔ t l
dropi	t r ɔː p ɪ
Droplaug	t r ɔː p l ø yː ɣ
drottinn	t r ɔ h t ɪ n
drottna	t r ɔ h t n a
drottnari	t r ɔ h t n a r ɪ
drottning	t r ɔ h t n i ŋ k
drottningarbiskup	t r ɔ h t n i ŋ k a r p ɪ s k ʏ p
drottningarhrókur	t r ɔ h t n i ŋ k a r r̥ o uː k ʏ r
drottningarriddari	t r ɔ h t n i ŋ k a r r ɪ tː a r ɪ
drómasýki	t r o uː m a s iː c ɪ
drómedari	t r o uː m ɛː t aː r ɪ
drómedari	t r o uː m ɛː t a r ɪ
drómedari	t r o uː m ɛː t aː r ɪ
drómedari	t r o uː m ɛː t a r ɪ
drómedari	t r o uː m ɛ t aː r ɪ
drómedari	t r o uː m ɛ t a r ɪ
drómedari	t r o uː m ɛ t aː r ɪ
drómedari	t r o uː m ɛ t a r ɪ
drukkna	t r ʏ h k n a
drumbur	t r ʏ m p ʏ r
druna	t r ʏː n a
drungi	t r u ɲ c ɪ
drusla	t r ʏ s t l a
drykkja	t r ɪ h c a
drykkjarvatn	t r ɪ h c a r v a h t n
drykkur	t r ɪ h k ʏ r
drynja	t r ɪ n j a
drýgja	t r iː j a
dröngull	t r ø y ŋ k ʏ t l
drösull	t r œː s ʏ t l
dufl	t ʏ p l
duft	t ʏ f t
duga	t ʏː ɣ a
Dugfús	t ʏ x f uː s
duggönd	t ʏ kː œ n t
duglaus	t ʏ ɣ l ø yː s
duglegur	t ʏ ɣ l ɛː ɣ ʏ r
dugleysi	t ʏ ɣ l e iː s ɪ
dugnaður	t ʏ ɣ n aː ð ʏ r
dugur	t ʏː ɣ ʏ r
dul	t ʏː l
dulargervi	t ʏː l a r c ɛ r v ɪ
duld	t ʏ l t
duna	t ʏː n a
dund	t ʏ n t
dunda	t ʏ n t a
dunkur	t u ŋ̊ k ʏ r
durgslegur	t ʏ r k s l ɛː ɣ ʏ r
durgur	t ʏ r k ʏ r
durtur	t ʏ r̥ t ʏ r
dust	t ʏ s t
duttlungafullur	t ʏ h t l u ŋ k a f ʏ t l ʏ r
duttlungur	t ʏ h t l u ŋ k ʏ r
Duus	d uː s
dúdúfugl	t uː t uː f ʏ k l
dúfa	t uː v a
dúkahnífur	t uː k a n̥ iː v ʏ r
dúkka	t u h k a
dúkkuhús	t u h k ʏ h uː s
dúkur	t uː k ʏ r
dúkönd	t uː k œ n t
dúr	t uː r
dúskur	t u s k ʏ r
dútl	t u h t l
dúx	t u x s
dvali	t v aː l ɪ
dvelja	t v ɛ l j a
dvergkráka	t v ɛ r k kʰ r a uː k a
dverglilja	t v ɛ r k l ɪ l j a
dvergsóley	t v ɛ r k s o uː l e iː
dvergtré	t v ɛ r k t r j ɛː
dvergtungljurt	t v ɛ r k tʰ u ŋ l j ʏ r̥ t
dvergur	t v ɛ r k ʏ r
dvöl	t v œː l
Dyflinn	t ɪ p l ɪ nː
Dyflinn	t ɪ p l ɪ n
dyggð	t ɪ ɣ ð
dyggur	t ɪ kː ʏ r
dylgja	t ɪ l c a
dylgjur	t ɪ l c ʏ r
dylja	t ɪ l j a
dymbildagavika	t ɪ m p ɪ l t aː ɣ a v ɪː k a
dymbilvika	t ɪ m p ɪ l v ɪː k a
dyngja	d i ɲ c a
dynja	t ɪ n j a
Dynja	t ɪ n j a
dynkur	t i ŋ̊ k ʏ r
dyntóttur	t ɪ n̥ t o u h t ʏ r
dyntur	t ɪ n̥ t ʏ r
dynur	t ɪː n ʏ r
dyr	t ɪː r
dyrgja	t ɪ r c a
dys	t ɪː s
dý	t iː
dýfa	t iː v a
dýflissa	t i p l ɪ sː a
dýjamosi	t iː j a m ɔː s ɪ
dýna	t iː n a
dýpi	t iː p ɪ
dýpt	t i f t
dýptarleit	t i f t a r l e iː t
dýr	t iː r
dýrabúð	t iː r a p uː ð
dýrafræði	t iː r a f r a iː ð ɪ
dýragarður	t iː r a k a r ð ʏ r
dýrahringur	t iː r a r̥ i ŋ k ʏ r
dýralæknir	t iː r a l a i h k n ɪ r
dýraspítali	t iː r a s p iː t aː l ɪ
dýrð	t i r ð
dýrgripur	t i r k r ɪː p ʏ r
Dýri	t iː r ɪ
dýrka	t i r̥ k a
dýrkun	t i r̥ k ʏ n
Dýrmundur	t i r m ʏ n t ʏ r
dýrslegur	t i r̥ s l ɛː ɣ ʏ r
dægurlag	t a iː ɣ ʏ r l aː ɣ
dæla	t a iː l a
dæld	t a i l t
dæma	t a iː m a
dæmi	t a i̯ː m ɪ
dæmis	t a i̯ː m ɪ s
dæmisaga	t a iː m ɪ s aː ɣ a
dæsa	t a iː s a
dögg	t œ kː
dögun	t œː ɣ ʏ n
dökk	t œ h k
dökkasef	t œ h k a s ɛː v
dökkbrúnn	t œ h k p r u t n
dökkhæra	t œ h k h a iː r a
dökkna	t œ h k n a
dökkur	t œ h k ʏ r
dökkvíðir	t œ h k v iː ð ɪ r
dömubindi	t œː m ʏ p ɪ n t ɪ
dörslag	t œ r s t l aː ɣ
e	ɛː
edik	ɛː t ɪ k
ediksýra	ɛː t ɪ k s iː r a
Edinborg	ɛː t ɪ n p ɔ r k
edrú	ɛː t r uː
eð	ɛː ð
eða	ɛː ð a
eða	ɛː ð a
eðalsteinn	ɛː ð a l s t e i t n
eðja	ɛ ð j a
eðla	ɛ ð l a
eðlilega	ɛ ð l ɪ l ɛː ɣ a
eðlilegur	ɛ ð l ɪ l ɛː ɣ ʏ r
eðlisfræði	ɛ ð l ɪ s f r a iː ð ɪ
eðlisfræðingur	ɛ ð l ɪ s f r a iː ð i ŋ k ʏ r
eðlismunur	ɛ ð l ɪ s m ʏː n ʏ r
ef	ɛː v
efa	ɛː v a
efasemd	ɛː v a s ɛ m t
efedrín	ɛː f ɛː t r iː n
eff	ɛ fː
efi	ɛː v ɪ
efja	ɛ v j a
efla	ɛ p l a
efli	ɛ p l ɪ
efna	ɛ p n a
efnafræði	ɛ p n a f r a iː ð ɪ
efnahagur	ɛ p n a h aː ɣ ʏ r
efnahvarf	ɛ p n a kʰ v a r v
efnajafna	ɛ p n a j a p n a
efnasamband	ɛ p n a s a m p a n t
efnaskipti	ɛ p n a s c ɪ f t ɪ
efnatengi	ɛ p n a tʰ e i ɲ c ɪ
efni	ɛ p n ɪ
efnilegur	ɛ p n ɪ l ɛː ɣ ʏ r
efnisyfirlit	ɛ p n ɪ s ɪː v ɪ r l ɪː t
efri	ɛ v r ɪ
eftir	ɛ f t ɪ r
eftir	ɛ h t ɪ r
eftirfarandi	ɛ f t ɪ r f aː r a n t ɪ
eftirför	ɛ f t ɪ r f œː r
eftirlaun	ɛ f t ɪ r l ø yː n
eftirlit	ɛ f t ɪ r l ɪː t
eftirlíking	ɛ f t ɪ r l iː c i ŋ k
eftirmáli	ɛ f t ɪ r m a uː l ɪ
eftirmiðdagur	ɛ f t ɪ r m ɪ ð t aː ɣ ʏ r
eftirminnilegur	ɛ f t ɪ r m ɪ nː ɪ l ɛː ɣ ʏ r
eftirminnilegur	ɛ f t ɪ r m ɪ nː ɪ l ɛ ɣ ʏ r
eftirmynd	ɛ f t ɪ r m ɪ n t
eftirsókn	ɛ f t ɪ r s o u h k n
egg	ɛ kː
Eggertína	ɛ cː ɛ r̥ t iː n a
Eggertína	ɛ cː ɛ r̥ t iː n a
eggfruma	ɛ kː f r ʏː m a
eggja	ɛ cː a
eggjarauða	ɛ cː a r ø yː ð a
eggjaskurn	ɛ cː a s k ʏ r t n
eggjastokkur	ɛ cː a s t ɔ h k ʏ r
eggjárn	ɛ kː j a u r t n
eggleg	ɛ kː l ɛː ɣ
egglos	ɛ kː l ɔː s
egna	ɛ k n a
Egyptaland	ɛː c ɪ f t a l a n t
ei	e iː
ei	ɛː ɪ
eiði	e iː ð ɪ
eiður	e iː ð ʏ r
eiga	e iː ɣ a
eigandi	e iː ɣ a n t ɪ
eigin	e iː j ɪ n
eiginhandaráritun	e iː j ɪ n h a n t a r a uː r ɪː t ʏ n
eiginkona	e iː j ɪ n kʰ ɔː n a
eiginleiki	e iː j ɪ n l e iː c ɪ
eiginmaður	e iː j ɪ n m aː ð ʏ r
eiginnafn	e iː j ɪ n n a p n
eign	e i k n
eignarfall	e i k n a r f a t l
eignarfornafn	e i k n a r f ɔ r n a p n
eignarhaldsfélag	e i k n a r h a l t s f j ɛː l aː ɣ
eigra	e i ɣ r a
eigur	e iː ɣ ʏ r
eik	e iː k
eilífð	e iː l i v ð
eimskip	e i m s c ɪː p
eimur	e iː m ʏ r
ein	e iː n
einangrari	e iː n a u ŋ k r aː r ɪ
einangrari	e iː n a u ŋ k r a r ɪ
Einar	e iː n a r
Einarína	e iː n aː r iː n a
Einarína	e iː n aː r iː n a
Einarína	e iː n a r iː n a
Einarína	e iː n a r iː n a
einasta	e iː n a s t a
einasti	e iː n a s t ɪ
einbirni	e i n p ɪ r t n ɪ
Einbjörg	e i n p j œ r k
eind	e i n t
einelti	e iː n ɛ l̥ t ɪ
einfaldlega	e i n f a l t l ɛː ɣ a
einfaldur	e i n f a l t ʏ r
eingetinn	e i n c ɛː t ɪ n
einglyrni	e i n k l ɪ r t n ɪ
eingöngu	e i n k ø y ŋ k ʏ
einhentur	e iː n h ɛ n̥ t ʏ r
einhjól	e i n ç o uː l
einhver	e i n xʷ ɛː r
einhver	e i n̥ k v ɛː r
einhver	e i h k v ɛː r
einhverfa	e i n kʰ v ɛ r v a
einhverfur	e i n kʰ v ɛ r v ʏ r
einhyrningur	e i n h ɪ r t n i ŋ k ʏ r
eining	e iː n i ŋ k
einingarfylki	e iː n i ŋ k a r f ɪ l̥ c ɪ
einir	e iː n ɪ r
Einir	e iː n ɪ r
einkalykill	e i ŋ k a l ɪː c ɪ t l
einkavæðing	e i ŋ k a v a iː ð i ŋ k
einkenna	e i n cʰ ɛ nː a
einkenni	e i n cʰ ɛ nː ɪ
einkum	e i n̥ k ʏ m
einlægni	e i n l a i k n ɪ
einmanaleiki	e i n m aː n a l e iː c ɪ
einmitt	e iː n m ɪ h t
einn	e i t n
einræða	e i n r a iː ð a
einræði	e i n r a iː ð ɪ
einrækta	e i n r a i x t a
eins	e i n s
einsemd	e i n s ɛ m t
einstaklingur	e i n s t a k l i ŋ k ʏ r
einstefnugata	e i n s t ɛ p n ʏ k aː t a
eintal	e i n tʰ aː l
eintala	e i n tʰ aː l a
einteymingur	e i n tʰ e iː m i ŋ k ʏ r
eintyngdur	e i n t i ŋ t ʏ r
einu	e iː n ʏ
einustu	e iː n ʏ s t ʏ
einvaldur	e i n v a l t ʏ r
einveldi	e i n v ɛ l t ɪ
einvetni	e i n v ɛ h t n ɪ
einvígi	e i n v iː j ɪ
einær	e iː n a iː r
eipa	e iː p a
eir	e iː r
eisa	e iː s a
eista	e i s t a
eistalyppa	e i s t a l ɪ h p a
Eisti	e i s t ɪ
Eistland	e i s t l a n t
eistneska	e i s t n ɛ s k a
eitilfruma	e iː t ɪ l f r ʏː m a
eitill	e iː t ɪ t l
eitra	e iː t r a
eitrun	e iː t r ʏ n
eitt	e i h t
eiturlyf	e iː t ʏ r l ɪː v
eiturlyfjanotandi	e iː t ʏ r l ɪ v j a n ɔː t a n t ɪ
eiturlyfjasali	e iː t ʏ r l ɪ v j a s aː l ɪ
eís	ɛː iː s
eís	ɛ iː s
ekill	ɛː c ɪ t l
ekkert	ɛ h c ɛ r̥ t
ekki	ɛ h c ɪ
ekki	ɪ cː ɪ
ekki	ɪ c ɪ
ekkill	ɛ h c ɪ t l
ekkja	ɛ h c a
ekkjumaður	ɛ h c ʏ m aː ð ʏ r
ekla	ɛ h k l a
ekta	ɛ x t a
el	ɛː l
elda	ɛ l t a
eldast	ɛ l t a s t
eldfimur	ɛ l t f ɪː m ʏ r
eldgos	ɛ l t k ɔː s
eldhús	ɛ l t h uː s
eldhúshnífur	ɛ l t h uː s n̥ iː v ʏ r
elding	ɛ l t i ŋ k
eldiviður	ɛ l t ɪ v ɪː ð ʏ r
Eldjárn	ɛ l t j a u r t n
eldlilja	ɛ l t l ɪ l j a
eldmóður	ɛ l t m o uː ð ʏ r
eldpipar	ɛ l t p ɪː p a r
eldsneyti	ɛ l t s n e iː t ɪ
eldspýta	ɛ l t s p iː t a
eldstæði	ɛ l t s t a iː ð ɪ
eldstöð	ɛ l t s t œː ð
eldsvoði	ɛ l t s v ɔː ð ɪ
eldur	ɛ l t ʏ r
eldvarpa	ɛ l t v a r̥ p a
elfa	ɛ l v a
elfting	ɛ l̥ʷ t i ŋ k
elfting	ɛ l̥ t i ŋ k
elfur	ɛ l v ʏ r
elgur	ɛ l k ʏ r
Elí	ɛː l iː
Elía	ɛː l iː j a
Elía	ɛː l i j a
Elías	ɛː l iː j a s
Elías	ɛː l i j a s
Elíasína	ɛː l i j aː s iː n a
Elíasína	ɛː l i j aː s iː n a
Elíasína	ɛː l i j a s iː n a
Elíasína	ɛː l i j a s iː n a
elja	ɛ l j a
ell	ɛ t l
ella	ɛ t l a
ellefu	ɛ t l ɛ v ʏ
elli	ɛ t l ɪ
Elli	ɛ lː ɪ
Elli	ɛ t l ɪ
Elli	ɛ t l ɛ ~ ɪ n t ʏ r
Elli	ɛ t l n t ʏ r
Elli	ɛ t l ɪ
Ellingsen	ɛ lː i ŋ k s ɛ n
Ellingsen	ɛ lː i ŋ s ɛ n
elri	ɛ l r ɪ
elska	ɛ l s k a
elta	ɛ l̥ t a
embætti	ɛ m p a i h t ɪ
emja	ɛ m j a
emm	ɛ mː
en	ɛː n
enda	ɛ n t a
endastöð	ɛ n t a s t œː ð
endaþarmsmök	ɛ n t a θ a r m s m œː k
endaþarmsop	ɛ n t a θ a r m s ɔː p
endi	ɛ n t ɪ
endilega	ɛ n t ɪ l ɛ ɣ a
ending	ɛ n t i ŋ k
endir	ɛ n t ɪ r
endur	ɛ n t ʏ r
endurlífgun	ɛ n t ʏ r l i v k ʏ n
endurreisn	ɛ n t ʏ r r e i s t n
endurreisnarstefna	ɛ n t ʏ r r e i s t n a r s t ɛ p n a
endurræsa	ɛ n t ʏ r r a iː s a
endurskoðandi	ɛ n t ʏ r s k ɔː ð a n t ɪ
endurtaka	ɛ n t ʏ r tʰ aː k a
endurvekja	ɛ n t ʏ r v ɛː c a
engi	e i ɲ c ɪ
engiferöl	e i ɲ c ɪ f ɛː r œː l
engill	e i ɲ c ɪ t l
enginn	e i ŋ c ɪ nː
enginn	e i ŋ c ɪ n
engispretta	e i ɲ c ɪ s p r ɛ h t a
englahorn	e i ŋ l a h ɔ r t n
England	e i ŋ l a n t
enn	ɛ nː
enni	ɛ nː ɪ
ennþá	ɛ n̥ː θ a u
enska	ɛ n s k a
enskan	ɛ n s k a n
ensku	ɛ n s k ʏ
enskuna	ɛ n s k ʏ n a
enskunnar	ɛ n s k ʏ nː a r
enskunni	ɛ n s k ʏ nː ɪ
enskur	ɛ n s k ʏ r
eplabaka	ɛ h p l a p aː k a
eplamauk	ɛ h p l a m ø yː k
eplamús	ɛ h p l a m uː s
eplasafi	ɛ h p l a s aː v ɪ
eplatré	ɛ h p l a t r j ɛː
er	ɛː r
erfa	ɛ r v a
erfðafræði	ɛ r v ð a f r a iː ð ɪ
erfðamengi	ɛ r v ð a m e i ɲ c ɪ
erfidrykkja	ɛ r v ɪ t r ɪ h c a
erfiða	ɛ r v ɪː ð a
erfiði	ɛ r v ɪ ð ɪ
erfiðisvinna	ɛ r v ɪː ð ɪ s v ɪ nː a
erfiður	ɛ r v ɪː ð ʏ r
erfingi	ɛ r v i ɲ c ɪ
ergilegur	ɛ r c ɪ l e ɣ u r
ergja	ɛ r c a
erill	ɛː r ɪ t l
erilsamur	ɛː r ɪ l s aː m ʏ r
erindi	ɛː r ɪ n t ɪ
Erítrea	ɛː r iː tʰ r ɛː a
Erítrea	ɛː r i tʰ r ɛː a
erítreskur	ɛː r iː tʰ r ɛ s k ʏ r
erítreskur	ɛː r i tʰ r ɛ s k ʏ r
erja	ɛ r j a
erkibiskup	ɛ r̥ c ɪ p ɪ s k ʏ p
erkiengill	ɛ r̥ c ɪ e i ɲ c ɪ t l
Erla	ɛ r t l a
erla	ɛ r t l a
Erlendína	ɛ r l ɛ n t iː n a
Erlendína	ɛ r l ɛ n t iː n a
erlendur	ɛ r l ɛ n t ʏ r
Erlendur	ɛ r l ɛ n t ʏ r
Erlendur	ɛ t l ɛ n t ʏ r
Erlendur	ɛ t l ɪ n t ʏ r
ermi	ɛ r m ɪ
ern	ɛ r t ⁽ʰ ⁾ n
ern	ɛ t ⁽ʰ ⁾ n
Ernir	ɛ r t n ɪ r
err	ɛ rː
ert	ɛ r̥ t
erta	ɛ r̥ t a
ertni	ɛ r̥ t n ɪ
ertu	ɛ r̥ t u
eruð	ɛː r ʏ ð
es	ɛː s
eski	ɛ s c ɪ
Esóp	ɛː s o uː p
ess	ɛ sː
estragon	ɛ s t r a k ɔː n
eta	ɛː t a
etja	ɛː t j a
etýða	ɛː tʰ iː ð a
Eva	ɛː v a
Evklíð	ɛ v kʰ l iː ð
evklíðskur	ɛ v kʰ l i ð s k ʏ r
evra	ɛ v r a
Evrópa	ɛ v r o uː p a
ex	ɛ k s
ex	ɛ x s
ey	e iː
Eydís	e iː t iː s
eyða	e iː ð a
eyðilegging	e iː ð ɪ l ɛ cː i ŋ k
eyðimörk	e iː ð ɪ m œ r̥ k
eyðing	ɛ i̯ː ð i ŋ k
eyðni	e i ð n ɪ
eyðsla	e i ð s t l a
eygja	e iː j a
eyja	e iː j a
Eyjaálfa	e iː j a a u l v a
Eyjafjalla	e iː j a f j a t l a
Eyjafjallajökull	e iː j a f j a t l a j œ k ʏ t l
Eyjafjöll	e iː j a f j œ t l
Eyjólfína	e iː j o u l v iː n a
Eyjólfína	e iː j o u l v iː n a
eykt	e i x t
Eyland	e iː l a n t
eymsli	e i m s t l ɪ
Eymundur	e iː m ʏ n t ʏ r
eyra	e i r a
eyrnalokkur	e i r t n a l ɔ h k ʏ r
eyrnamergur	e i r t n a m ɛ r k ʏ r
eyrnapinni	e i r t n a pʰ ɪ nː ɪ
eyrriði	ɛ iː ɾ iː j ɪ
eyrugla	e iː r ʏ k l a
Eyrún	e iː r u n
eysill	e iː s ɪ t l
eystra	e i s t r a
Eyvindína	e iː v ɪ n t iː n a
Eyvindína	e iː v ɪ n t iː n a
Eþíópía	ɛː θ j o uː pʰ iː j a
Eþíópía	ɛː θ j o u pʰ iː j a
é	j ɛː
ég	j ɛ ɣ
él	j ɛ l
éta	j ɛː t a
fabúla	f aː p uː l a
faðerni	f aː ð ɛ r t n ɪ
faðir	f aː ð ɪ r
faðirvor	f aː ð ɪ r v ɔː r
faðma	f a ð m a
faðmur	f a ð m ʏ r
faggi	f a cː ɪ
fagott	f aː k ɔ h t
fagottleikari	f aː k ɔ h t l e iː k aː r ɪ
fagur	f aː ɣ ʏ r
fagurblár	f aː ɣ ʏ r p l a uː r
fagurfífill	f aː ɣ ʏ r f iː v ɪ t l
fagurfræði	f aː ɣ ʏ r f r a iː ð ɪ
fagurgæs	f aː ɣ ʏ r c a iː s
falda	f a l t a
faldur	f a l t ʏ r
fall	f a t l
falla	f a t l a
fallbeyging	f a t l b e iː j i ŋ k
fallbyssa	f a t l p ɪ sː a
fallegur	f a t l ɛː ɣ ʏ r
fallorð	f a t l ɔ r ð
fallvatn	f a t l v a h t n
fals	f a l s
Falstur	f a l s t ʏ r
falur	f aː l ʏ r
Falur	f aː l ʏ r
fang	f a u ŋ k
fanga	f a u ŋ k a
fangaklefi	f a u ŋ k a kʰ l ɛː v ɪ
fangelsa	f a u ŋ c ɛ l s a
fangelsi	f a u ŋ c ɛ l s ɪ
fangi	f a u ɲ c ɪ
fantur	f a n̥ t ʏ r
fappa	f a h p a
far	f aː r
fara	f aː r a
faraldur	f aː r a l t ʏ r
farangur	f aː r a u ŋ k ʏ r
faraó	f aː r a o uː
farði	f a r ð ɪ
fargjald	f a r c a l t
farlama	f a r l a m a
farmiði	f a r m ɪː ð ɪ
farmur	f a r m ʏ r
farsakenndur	f a r̥ s a cʰ ɛ n t ʏ r
farseðill	f a r̥ s ɛː ð ɪ t l
farsi	f a r̥ s ɪ
farsími	f a r s iː m ɪ
farsæld	f a r̥ s a i l t
fart	f a r̥ t
farteski	f a r̥ tʰ ɛ s c ɪ
fartölva	f a r̥ tʰ œ l v a
fas	f aː s
fasani	f aː s aː n ɪ
fasismi	f aː s ɪ s m ɪ
fasta	f a s t a
fastanefnd	f a s t a n ɛ m t
fasteign	f a s t e i k n
fastmæli	f a s t m a iː l ɪ
fastur	f a s t ʏ r
fat	f aː t
fata	f aː t a
fataskápur	f aː t a s k a uː p ʏ r
fax	f a x s
fax	f a k s
faxtæki	f a k s tʰ a iː c ɪ
fá	f a uː
fága	f a uː a
fágaður	f a uː a ð ʏ r
fákur	f a uː k ʏ r
fálki	f a u l̥ c ɪ
fálm	f a u l m
fálma	f a u l m a
fána	f a uː n a
fáni	f a uː n ɪ
fár	f a uː r
fáránlegur	f a uː r a u n l ɛː ɣ ʏ r
fátækt	f a uː tʰ a i x t
fátækur	f a uː tʰ a iː k ʏ r
fáviti	f a uː v ɪː t ɪ
fáviti	f a uː v ɪ t ɪ
feðgar	f ɛ ð k a r
feðgin	f ɛ ð c ɪ n
feðraveldi	f ɛ ð r a v ɛ l t ɪ
fegra	f ɛ ɣ r a
fegurð	f ɛː ɣ ʏ r ð
feigð	f e i ɣ ð
feikn	f e i h k n
feill	f e i t l
feiti	f e iː t ɪ
feitur	f e iː t ʏ r
fela	f ɛː l a
feldur	f ɛ l t ʏ r
felga	f ɛ l k a
Felix	f ɛː l ɪ k s
Felix	f ɛː l ɪ x s
fell	f ɛ t l
fella	f ɛ t l a
fellafífill	f ɛ t l a f iː v ɪ t l
fellibylur	f ɛ t l ɪ p ɪː l ʏ r
felling	f ɛ t l i ŋ k
feluleikur	f ɛː l ʏ l e iː k ʏ r
fen	f ɛː n
fengur	f e i ŋ k ʏ r
fennika	f ɛ nː ɪː k a
fennikka	f ɛ nː ɪ h k a
fenníka	f ɛ nː iː k a
fenómen	f ɛː n o uː m ɛː n
fenómen	f ɛː n o uː m ɛː n
fenómen	f ɛː n o u m ɛː n
fenómen	f ɛː n o u m ɛː n
ferð	f ɛ r ð
ferðaáætlun	f ɛ r ð a a uː a i h t l ʏ n
ferðamaður	f ɛ r ð a m aː ð ʏ r
ferðataska	f ɛ r ð a tʰ a s k a
ferfætlingur	f ɛ r f a i h t l i ŋ k ʏ r
fergin	f ɛ r c ɪ n
fergja	f ɛ r c a
ferhyrndur	f ɛː r h ɪ r n t ʏ r
ferhyrningur	f ɛ r h ɪ r t n i ŋ k ʏ r
ferill	f ɛː r ɪ t l
ferilskrá	f ɛː r ɪ l s k r a uː
ferja	f ɛ r j a
ferjumaður	f ɛ r j ʏ m aː ð ʏ r
ferli	f ɛ r t l ɪ
ferma	f ɛ r m a
ferming	f ɛ r m i ŋ k
fern	f ɛ r t ⁽ʰ ⁾ n
fern	f ɛ t ⁽ʰ ⁾ n
ferna	f ɛ r t n a
ferningur	f ɛ r t n i ŋ k ʏ r
ferskja	f ɛ r̥ s c a
ferskjutré	f ɛ r̥ s c ʏ t r j ɛː
ferskur	f ɛ r̥ s k ʏ r
ferstrendingur	f ɛ r̥ s t r ɛ n t i ŋ k ʏ r
fertugasti	f ɛ r̥ t ʏ ɣ a s t ɪ
fes	f ɛː s
festa	f ɛ s t a
festi	f ɛ s t ɪ
festing	f ɛ s t i ŋ k
fet	f ɛː t
fetta	f ɛ h t a
feyja	f e iː j a
feykja	f e iː c a
fé	f j ɛː
félag	f j ɛː l aː ɣ
félagaskiptagluggi	f j ɛː l aː ɣ a s c ɪ f t a k l ʏ cː ɪ
félagi	f j ɛː l aː j ɪ
félagshyggja	f j ɛː l a x s h ɪ cː a
fénaður	f j ɛː n aː ð ʏ r
fés	f j ɛː s
Fésbók	f j ɛː s p o uː k
févíti	f j ɛː v iː t ɪ
fiðla	f ɪ ð l a
fiðrildi	f ɪ ð r ɪ l t ɪ
fiður	f ɪː ð ʏ r
filla	f ɪ t l a
filma	f ɪ l m a
fimbulvetur	f ɪ m p ʏ l v ɛː t ʏ r
fimleikar	f ɪ m l e iː k a r
fimm	f ɪ mː
fimma	f ɪ mː a
fimmtán	f ɪ m̥ː t a u n
fimmti	f ɪ m̥ t ɪ
fimmtudagur	f ɪ m̥ː tʰ ʏ t aː ɣ ʏ r
fimmtugasti	f ɪ m̥ː t ʏ ɣ a s t ɪ
fimur	f ɪː m ʏ r
fingur	f i ŋ k ʏ r
fingurbjargarblóm	f i ŋ k ʏ r p j a r k a r p l o uː m
fingurbjörg	f i ŋ k ʏ r p j œ r k
finka	f i ŋ̊ k a
finna	f ɪ nː a
finnast	f ɪ nː a s t
Finnbogi	f ɪ n p ɔ j ɪ
Finney	f ɪ nː ɛ i̯
Finni	f ɪ nː ɪ
Finnland	f ɪ nː l a n t
finnska	f ɪ nː s k a
finnskur	f ɪ n s k ʏ r
finnungur	f ɪ nː u ŋ k ʏ r
Finnur	f ɪ nː ʏ r
Finsen	f ɪ n s ɛː nː
Finsen	f ɪ n s ɛː n
Finsen	f ɪ n s ɛ nː
Finsen	f ɪ n s ɛ n
firð	f ɪ r ð
firring	f ɪ rː i ŋ k
fis	f ɪː s
fiseind	f ɪː s e i n t
fiski	f ɪ s c ɪ
fiskibolla	f ɪ s c ɪ p ɔ lː a
fiskifræði	f ɪ s c ɪ f r a iː ð ɪ
fiskur	f ɪ s k ʏ r
fit	f ɪː t
fita	f ɪː t a
fitfugl	f ɪ t f ʏ k l
fitjasef	f ɪː t j a s ɛː v
fitna	f ɪ h t n a
fitusýra	f ɪː t ʏ s iː r a
fífa	f iː v a
fífill	f iː v ɪ t l
fífl	f i p l
fíkill	f iː c ɪ t l
fíkinn	f iː c ɪ nː
fíkinn	f iː c ɪ n
fíkja	f iː c a
fíkn	f i h k n
Fíladelfía	f iː l a t ɛ l f iː j a
Fíladelfía	f iː l a t ɛ l f i j a
fílsbein	f i l s p e iː n
fínn	f i t n
fís	f iː s
fjall	f j a t l
fjallafinka	f j a t l a f i ŋ̊ k a
fjallafræhyrna	f j a t l a f r a iː h ɪ r t n a
fjallafura	f j a t l a f ʏː r a
fjallagrös	f j a t l a k r œː s
fjallakobbi	f j a t l a kʰ ɔ pː ɪ
fjallaljón	f j a t l a l j o uː n
fjallanóra	f j a t l a n o uː r a
fjallastör	f j a t l a s t œː r
fjallasveifgras	f j a t l a s v e i v k r aː s
fjallavíðir	f j a t l a v iː ð ɪ r
fjallaþinur	f j a t l a θ ɪː n ʏ r
fjalldalafífill	f j a t l t aː l a f iː v ɪ t l
fjalldrapi	f j a t l t r aː p ɪ
fjallganga	f j a t l̥ k a u ŋ k a
fjallgarður	f j a t l k a r ð ʏ r
fjallhæra	f j a t l h a iː r a
fjallkrækill	f j a t l kʰ r a iː c ɪ t l
fjallnykra	f j a t l n ɪː k r a
fjandi	f j a n t ɪ
fjandmaður	f j a n t m aː ð ʏ r
fjandskapur	f j a n t s k aː p ʏ r
fjara	f j aː r a
fjarki	f j a r̥ c ɪ
fjarlægja	f j a r l a iː j a
fjarski	f j a r̥ s c ɪ
fjarstýra	f j a r̥ s t iː r a
fjarstýring	f j a r̥ s t iː r i ŋ k
fjarvera	f j a r v ɛː r a
fjarverufall	f j a r v ɛː r ʏ f a t l
fjas	f j aː s
fjáður	f j a uː ð ʏ r
fjárdráttur	f j a u r t r a u h t ʏ r
fjárhundur	f j a u r h ʏ n t ʏ r
fjóla	f j o uː l a
Fjóla	f j o uː l a
Fjólmundur	f j o u l m ʏ n t ʏ r
fjólublár	f j o uː l ʏ p l a uː r
Fjón	f j o uː n
fjór	f j o uː r
fjórðapartsnóta	f j o u r ð a pʰ a r̥ t s n o uː t a
fjórði	f j o u r ð ɪ
fjórðungur	f j o u r ð u ŋ k ʏ r
fjórir	f j o uː r ɪ r
fjórtán	f j o u r̥ t a u n
fjós	f j o uː s
fjúka	f j uː k a
fjöl	f j œː l
fjölbreytni	f j œ l p r e i h t n ɪ
fjölbreyttur	f j œ l p r e i h t ʏ r
fjölbýlishús	f j œ l p iː l ɪ s h uː s
fjöldamorð	f j œ l t a m ɔ r ð
fjöldamorðingi	f j œ l t a m ɔ r ð i ŋ c ɪ
fjöldi	f j œ l t ɪ
fjölga	f j œ l k a
fjölgyðistrú	f j œ l k ɪː ð ɪ s t r uː
fjölkvæni	f j œ l kʰ v a iː n ɪ
fjölkynngi	f j œ l cʰ i ɲ c ɪ
fjöllaufungur	f j œ l l ø yː v u ŋ k ʏ r
fjölliða	f j œ l l ɪː ð a
fjölliða	f j œ l l ɪ ð a
fjölmiðlasaga	f j œ l m ɪ ð l a s aː ɣ a
fjölröddun	f j œ l r œ tː ʏ n
fjölskylda	f j œ l s c ɪ l t a
fjöltengi	f j œ l tʰ e i ɲ c ɪ
fjöltyngdur	f j œ l tʰ i ŋ t ʏ r
fjölveri	f j œ l v ɛː r ɪ
fjölær	f j œː l a iː r
fjör	f j œː r
fjörfiskur	f j œ r f ɪ s k ʏ r
fjöruarfi	f j œː r ʏ a r v ɪ
fjötra	f j œː t r a
fjötur	f j œː t ʏ r
flag	f l aː ɣ
flaga	f l aː ɣ a
flagahnoðri	f l aː ɣ a n̥ ɔ ð r ɪ
flagasef	f l aː ɣ a s ɛː v
flagasóley	f l aː ɣ a s o uː l e iː
flagg	f l a kː
flaggdúkur	f l a kː t uː k ʏ r
flaggskip	f l a kː s c ɪː p
flak	f l aː k
flaka	f l aː k a
flakka	f l a h k a
flas	f l aː s
flasa	f l aː s a
flaska	f l a s k a
flaski	f l a s c ɪ
flass	f l a sː
flatbaka	f l a t p aː k a
flauel	f l ø yː j ɛː l
flauel	f l ø yː j ɛ l
flauelsblóm	f l ø yː j ɛ l s p l o uː m
flaust	f l ø y s t
flaustur	f l ø y s t ʏ r
flauta	f l ø yː t a
flauta	f l ø yː tʰ a
flautuleikari	f l ø yː t ʏ l e iː k aː r ɪ
flá	f l a uː
flákaský	f l a uː k a s c iː
flámæli	f l a uː m a iː l ɪ
flámæli	f l a uː m a i l ɪ
fleinn	f l e i t n
fleirtala	f l e i r̥ t aː l a
fleki	f l ɛː c ɪ
flekkaður	f l ɛ h k a ð ʏ r
flekklaus	f l ɛ h k l ø yː s
flekkur	f l ɛ h k ʏ r
flengja	f l e i ɲ c a
flengur	f l e i ŋ k ʏ r
flenna	f l ɛ nː a
flensa	f l ɛ n s a
Flensborg	f l ɛ n s p ɔ r k
flesk	f l ɛ s k
fletja	f l ɛː t j a
fletta	f l ɛ h t a
fley	f l e iː
fleygja	f l e iː j a
fleygur	f l e iː ɣ ʏ r
fleyta	f l e iː t a
flétta	f l j ɛ h t a
flibbi	f l ɪ pː ɪ
flikki	f l ɪ h c ɪ
flinkur	f l i ŋ̊ k ʏ r
flipi	f l ɪː p ɪ
flissa	f l ɪ sː a
flík	f l iː k
flís	f l iː s
flísatöng	f l iː s a tʰ ø y ŋ k
fljóð	f l j o uː ð
fljót	f l j o uː t
fljóta	f l j o uː t a
fljótur	f l j o uː t ʏ r
fljúga	f l j uː a
flog	f l ɔː ɣ
flogaveiki	f l ɔː ɣ a v e iː c ɪ
flokka	f l ɔ h k a
flokkun	f l ɔ h k ʏ n
flokkur	f l ɔ h k ʏ r
flotaforingi	f l ɔː t a f ɔː r i ɲ c ɪ
floti	f l ɔː t ɪ
fló	f l o uː
flóajurt	f l o uː a j ʏ r̥ t
flóastör	f l o uː a s t œː r
flóð	f l o uː ð
flóðhestur	f l o uː ð h ɛ s t ʏ r
flói	f l o uː ɪ
flókinn	f l o uː c ɪ n
flón	f l o uː n
flónska	f l o u n s k a
flónskur	f l o u n s k ʏ r
flóra	f l o uː r a
Flórens	f l o uː r ɛ n s
flórgoði	f l o u r k ɔː ð ɪ
Flórída	f l o uː r i t a
flug	f l ʏː ɣ
fluga	f l ʏː ɣ a
flugbraut	f l ʏ ɣ p r ø yː t
flugdreki	f l ʏ ɣ t r ɛː c ɪ
flugfélag	f l ʏː ɣ f j ɛː l aː ɣ
flughöfn	f l ʏː ɣ h œ p n
flugmaður	f l ʏ ɣ m aː ð ʏ r
flugslóði	f l ʏ x s t l o uː ð ɪ
flugstjóri	f l ʏ x s t j o uː r ɪ
flugstjóri	f l ʏ x s t j o u r ɪ
flugur	f l ʏː ɣ ʏ r
flugvél	f l ʏ ɣ v j ɛː l
flugvöllur	f l ʏ ɣ v œ t l ʏ r
flundra	f l ʏ n t r a
flúr	f l uː r
flygilhorn	f l ɪ j ɪ l h ɔ r t n
flygill	f l ɪː j ɪ t l
flyksa	f l ɪ k s a
flyksa	f l ɪ x s a
flytja	f l ɪː t j a
flýja	f l iː j a
flýta	f l iː t a
flýtir	f l iː t ɪ r
flæða	f l a iː ð a
flæði	f l a iː ð ɪ
flækingur	f l a iː c i ŋ k ʏ r
flækja	f l a iː c a
flæmingi	f l a iː m i ɲ c ɪ
flæmska	f l a i m s k a
flæmskur	f l a i m s k ʏ r
flærð	f l a i r ð
flöskuskeyti	f l œ s k ʏ s c e iː t ɪ
fnykur	f n ɪː k ʏ r
fok	f ɔː k
fokk	f ɔ h k
fokking	f ɔ h k i ŋ k
folafluga	f ɔː l a f l ʏː ɣ a
folald	f ɔː l a l t
foli	f ɔː l ɪ
for	f ɔː r
fordómur	f ɔ r t o uː m ʏ r
fordrykkur	f ɔ r t r ɪ h k ʏ r
fordæmi	f ɔ r t a iː m ɪ
forða	f ɔ r ð a
forðafræði	f ɔ r ð a f r a iː ð ɪ
forði	f ɔ r ð ɪ
foreldrar	f ɔː r ɛ l t r a r
foreldri	f ɔː r ɛ l t r ɪ
forheimskun	f ɔː r h e i m s k ʏ n
forhúð	f ɔː r h uː ð
foringi	f ɔː r i ɲ c ɪ
forinta	f ɔː r ɪ n̥ t a
forjaxl	f ɔː r j a x s t l
forjaxl	f ɔː r j a k s t l
forlát	f ɔ r l a uː t
forliður	f ɔ r l ɪː ð ʏ r
forma	f ɔ r m a
formaður	f ɔ r m aː ð ʏ r
formatta	f ɔ r m a h t a
formáli	f ɔ r m a uː l ɪ
formkaka	f ɔ r m kʰ aː k a
formæling	f ɔ r m a iː l i ŋ k
forn	f ɔ r t ⁽ʰ ⁾ n
forn	f ɔ t ⁽ʰ ⁾ n
fornafn	f ɔ r n a p n
fornenska	f ɔ r t n ɛ n s k a
forneskja	f ɔ r t n ɛ s c a
forngríska	f ɔ r t n k r i s k a
fornkirkjuslavneska	f ɔ r t n cʰ ɪ r̥ c ʏ s l aː v n ɛ s k a
fornnorræna	f ɔ r t n n ɔ r r a iː n a
forréttur	f ɔ r r j ɛ h t ʏ r
forrit	f ɔ r r ɪː t
forrit	f ɔ r r ɪ t
forrita	f ɔ rː ɪː t a
forrita	f ɔ rː ɪ t a
forritari	f ɔ rː ɪ t aː r ɪ
forritari	f ɔ rː ɪ t a r ɪ
forritun	f ɔ rː ɪː t ʏ n
forritun	f ɔ rː ɪ t ʏ n
forritunarmál	f ɔ rː ɪː t ʏ n a r m a uː l
forritunarmál	f ɔ rː ɪ t ʏ n a r m a uː l
forseti	f ɔ r̥ s ɛː t ɪ
forsetning	f ɔ r̥ s ɛ h t n i ŋ k
forsetningarliður	f ɔ r̥ s ɛ h t n i ŋ k a r l ɪː ð ʏ r
forsíða	f ɔ r̥ s iː ð a
forsjá	f ɔ r̥ s j a uː
forskaut	f ɔ r̥ s k ø yː t
forskeyti	f ɔ r̥ s c e iː t ɪ
forskot	f ɔ r̥ s k ɔː t
forsprakki	f ɔ r̥ s p r a h c ɪ
forstaða	f ɔ r̥ s t aː ð a
forstjóri	f ɔ r̥ s t j o uː r ɪ
forstofa	f ɔ r̥ s t ɔː v a
forstöðumaður	f ɔ r̥ s t œ ð ʏ m aː ð ʏ r
forsæla	f ɔ r̥ s a iː l a
forsætisráðherra	f ɔ r̥ s a iː t ɪ s r a uː ð h ɛ rː a
fortíð	f ɔ r̥ tʰ iː ð
fortíðarþrá	f ɔ r̥ tʰ iː ð a r θ r a uː
forvitinn	f ɔ r v ɪ t ɪ nː
forvitni	f ɔ r v ɪ h t n ɪ
forvöð	f ɔ r v œː ð
fosfór	f ɔ s f o uː r
foss	f ɔ sː
fóarn	f o uː a r t n
fóðrun	f o u ð r ʏ n
fóður	f o uː ð ʏ r
fógeti	f o uː c ɛː t ɪ
fólínsýra	f o uː l iː n s iː r a
fólk	f o u l̥ k
fónem	f o uː n ɛː m
fórinta	f o uː r ɪ n̥ t a
fórn	f o u r t ⁽ʰ ⁾ n
fórn	f o u t ⁽ʰ ⁾ n
fórna	f o u r t n a
fórnarlamb	f o u r t n a r l a m p
fóstra	f o u s t r a
fóstri	f o u s t r ɪ
fóstur	f o u s t ʏ r
fótasár	f o uː t a s a uː r
fótboltafélag	f o uː t p ɔ l̥ t a f j ɛː l aː ɣ
fótboltaþjálfari	f o uː t p ɔ l̥ t a θ j a u l v aː r ɪ
fótboltaþjálfari	f o uː t p ɔ l̥ t a θ j a u l v a r ɪ
fótbolti	f o uː t p ɔ l̥ t ɪ
fótleggur	f o uː t l ɛ kː ʏ r
fótsnyrting	f o uː t s n ɪ r̥ t i ŋ k
fótur	f o uː t ʏ r
fótur	f o uː tʰ ʏ r
Frakkar	f r a h k aː r
Frakki	f r a h c ɪ
frakki	f r a h c ɪ
Frakkland	f r a h k l a n t
frakkneskur	f r a h k n ɛ s k ʏ r
fram	f r a mː
framan	f r aː m a n
framburður	f r a m p ʏ r ð ʏ r
framferði	f r a m f ɛ r ð ɪ
framgangur	f r a m k a u ŋ k ʏ r
framhaldsskóli	f r a m h a l s s k o uː l ɪ
framherji	f r a m h ɛ r j ɪ
framhjáhlaup	f r a m ç a uː l̥ ø yː p
framhjáhlaup	f r a m ç a u l̥ ø yː p
framhlaðningur	f r a m l̥ a ð n i ŋ k ʏ r
framkoma	f r a m kʰ ɔː m a
framkvæma	f r a m kʰ v a iː m a
framkvæmd	f r a m kʰ v a i m t
framkvæmdastjóri	f r a m kʰ v a i m t a s t j o uː r ɪ
framlag	f r a m l aː ɣ
framleiða	f r a m l e iː ð a
framleiðandi	f r a m l e iː ð a n t ɪ
framleiðsla	f r a m l e i ð s t l a
framlengja	f r a m l e i ɲ c a
frammi	f r a mː ɪ
framreiða	f r a m r e iː ð a
framreiðsla	f r a m r e i ð s t l a
framrúða	f r a m r uː ð a
framræsla	f r a m r a i s t l a
framsaga	f r a m s aː ɣ a
framsóknardanska	f r a m s o u h k n a r t a n s k a
framsöguháttur	f r a m s œː ɣ ʏ h a u h t ʏ r
framtíðarfræði	f r a m t iː ð a r f r a iː ð ɪ
framtíðarfræði	f r a m t i ð a r f r a iː ð ɪ
framvinda	f r a m v ɪ n t a
Frank	f r a ŋ̊ k
franska	f r a n s k a
franskbrauð	f r a n s k p r ø yː ð
franskur	f r a n s k ʏ r
frasi	f r aː s ɪ
frat	f r aː t
frauð	f r ø yː ð
frauðplast	f r ø yː ð pʰ l a s t
frá	f r a uː
frábending	f r a uː p ɛ n t i ŋ k
frábærlega	f r a uː p a i r l ɛː ɣ a
frádráttur	f r a u t r a u h t ʏ r
fráleitur	f r a uː l e iː t ʏ r
frár	f r a uː r
frásögn	f r a uː s œ k n
freðinn	f r ɛː ð ɪ nː
freðinn	f r ɛː ð ɪ n
freðmýri	f r ɛ ð m iː r ɪ
fregn	f r ɛ k n
fregna	f r ɛ k n a
freista	f r e i s t a
freisting	f r e i s t i ŋ k
frekna	f r ɛ h k n a
freknóttur	f r ɛ h k n o u h t ʏ r
frekur	f r ɛː k ʏ r
frelsari	f r ɛ l s aː r ɪ
frelsi	f r ɛ l s ɪ
frelsingi	f r ɛ l s i ɲ c ɪ
frelsisbarátta	f r ɛ l s ɪ s b aː r a u h t a
frelsishetja	f r ɛ l s ɪ s h ɛː t j a
Frelsisstyttan	f r ɛ l s ɪ s s t ɪ h t a n
fremja	f r ɛ m j a
freri	f r ɛː r ɪ
fress	f r ɛ sː
fresta	f r ɛ s t a
frestun	f r ɛ s t ʏ n
frestur	f r ɛ s t ʏ r
freta	f r ɛː t a
fretta	f r ɛ h t a
fretur	f r ɛː t ʏ r
Freydís	f r e iː t iː s
freyðivín	f r e iː ð ɪ v iː n
Freygerður	f r e iː c ɛ r ð ʏ r
Freyja	f r e iː j a
frétt	f r j ɛ h t
fréttablað	f r j ɛ h t a p l aː ð
fréttastofa	f r j ɛ h t a s t ɔː v a
friða	f r ɪː ð a
friðarbogi	f r ɪː ð a r p ɔː j ɪ
friðill	f r ɪː ð ɪ t l
friðlýsa	f r ɪ ð l iː s a
Friðmundur	f r ɪ ð m ʏ n t ʏ r
friður	f r ɪː ð ʏ r
friggjargras	f r ɪ cː a r k r aː s
friggjarlykill	f r ɪ cː a r l ɪː c ɪ t l
frilla	f r ɪ t l a
frí	f r iː
Fríða	f r iː ð a
fríðleiki	f r iː ð l e iː c ɪ
fríður	f r iː ð ʏ r
Frímannía	f r iː m a nː iː j a
Frímannía	f r iː m a nː iː j a
frímerki	f r iː m ɛ r̥ c ɪ
frímerkjasafnari	f r iː m ɛ r̥ c a s a p n aː r ɪ
Frímúrari	f r iː m uː r aː r ɪ
Frímúrari	f r iː m uː r a r ɪ
frískur	f r i s k ʏ r
frísneska	f r iː s n ɛ s k a
frísneskur	f r iː s n ɛ s k ʏ r
fríspark	f r iː s p a r̥ k
frjáls	f r j a u l s
frjó	f r j o uː
frjóhnappur	f r j o uː n̥ a h p ʏ r
frjókorn	f r j o uː kʰ ɔ r t n
frjór	f r j o uː r
frjósa	f r j o uː s a
frjósemi	f r j o uː s ɛː m ɪ
frjóþráður	f r j o uː θ r a uː ð ʏ r
froða	f r ɔː ð a
frosin	f r oː s ɪ n
froskdýr	f r ɔ s k t iː r
froskur	f r ɔ s k ʏ r
frost	f r ɔ s t
frostpinni	f r ɔ s t pʰ ɪ nː ɪ
fró	f r o uː
fróa	f r o uː a
Fróðný	f r o u ð n iː
Fróðný	f r o u ð n i
fróður	f r o uː ð ʏ r
Frón	f r o uː n
frón	f r o uː n
frónsk	f r o u n s k
frónskur	f r o u n s k ʏ r
fruma	f r ʏː m a
frumbyggi	f r ʏ m p ɪ cː ɪ
frumefni	f r ʏː m ɛ p n ɪ
frumeind	f r ʏː m e i n t
frumlag	f r ʏ m l aː ɣ
frumskógur	f r ʏ m s k o uː ʏ r
frumstig	f r ʏ m s t ɪː ɣ
frumufræði	f r ʏː m ʏ f r a iː ð ɪ
frumuhimna	f r ʏː m ʏ h ɪ m n a
frumulíffæri	f r ʏː m ʏ l i f f a iː r ɪ
frumuveggur	f r ʏː m ʏ v ɛ kː ʏ r
frumvarp	f r ʏ m v a r̥ p
frunti	f r ʏ n̥ t ɪ
frú	f r uː
frygð	f r ɪ ɣ ð
frymi	f r ɪː m ɪ
frysta	f r ɪ s t a
frystir	f r ɪ s t ɪ r
frystiskápur	f r ɪ s t ɪ s k a uː p ʏ r
frýgískur	f r iː c i s k ʏ r
fræ	f r a iː
fræða	f r a iː ð a
fræði	f r a iː ð ɪ
fræðigrein	f r a iː ð ɪ k r e iː n
fræðimaður	f r a iː ð ɪ m aː ð ʏ r
fræðsla	f r a i ð s t l a
fræfill	f r a iː v ɪ t l
frægð	f r a i ɣ ð
frægur	f r a iː ɣ ʏ r
frækinn	f r a iː c ɪ nː
frækinn	f r a iː c ɪ n
frændhygli	f r a i n t h ɪ k l ɪ
frændsemi	f r a i n t s ɛː m ɪ
fræni	f r a iː n ɪ
frænka	f r a i n k a
fræva	f r a iː v a
fugl	f ʏ k l
fuglabúr	f ʏ k l a p uː r
fuglafræði	f ʏ k l a f r a iː ð ɪ
fuglahræða	f ʏ k l a r̥ a iː ð a
fuglakjöt	f ʏ k l a cʰ œː t
fullkominn	f ʏ t l̥ kʰ ɔː m ɪ nː
fullkominn	f ʏ t l̥ kʰ ɔː m ɪ n
fullkomlega	f ʏ t l̥ kʰ ɔ m l ɛː ɣ a
fullnusta	f ʏ t l n ʏ s t a
fulltingi	f ʏ t l̥ tʰ i ɲ c ɪ
fulltrúi	f ʏ t l̥ tʰ r uː ɪ
fullur	f ʏ t ɬ ʏ r
fullyrða	f ʏ t l ɪ r ð a
fullyrðing	f ʏ t l ɪ r ð i ŋ k
funa	f ʏː n a
funda	f ʏ n t a
fundur	f ʏ n t ʏ r
funi	f ʏː n ɪ
fura	f ʏː r a
furða	f ʏ r ð a
furðuhlutur	f ʏ r ð ʏ l̥ ʏː t ʏ r
furðulegur	f ʏ r ð ʏ l ɛː ɣ ʏ r
fursti	f ʏ r̥ s t ɪ
fúga	f uː a
fúga	f uː k a
fúi	f uː ɪ
fúinn	f uː ɪ nː
fúll	f u t l
fúlmár	f u l m a uː r
fús	f uː s
fúx	f u x s
fyðill	f ɪː ð ɪ t l
fyl	f ɪː l
fylgd	f ɪ l t
fylgdarmaður	f ɪ l t a r m aː ð ʏ r
fylgi	f ɪ l c ɪ
fylgifiskur	f ɪ l c ɪ f ɪ s k ʏ r
fylgirit	f ɪ l c ɪ r ɪː t
fylgja	f ɪ l c a
fylgjari	f ɪ l c a r ɪ
fylgsni	f ɪ l k s t n ɪ
fylja	f ɪ l j a
fylki	f ɪ l̥ c ɪ
fylking	f ɪ l̥ c i ŋ k
fylla	f ɪ t l a
fylli	f ɪ t l ɪ
fyllilega	f ɪ t l ɪ l ɛː ɣ a
fylling	f ɪ t l i ŋ k
fyllirí	f ɪ t l ɪ r i
fyrir	f ɪː r ɪ r
fyrirferð	f ɪː r ɪ r f ɛ r ð
fyrirferðarmikill	f ɪː r ɪ r f ɛ r ð a r m ɪː c ɪ t l
fyrirgangur	f ɪː r ɪ r k a u ŋ k ʏ r
fyrirgefning	f ɪː r ɪ r c ɛ p n i ŋ k
fyrirgera	f ɪː r ɪ r c ɛː r a
fyrirgjöra	f ɪː r ɪ r c œː r a
fyrirlestur	f ɪː r ɪ r l ɛ s t ʏ r
fyrirliði	f ɪː r ɪ r l ɪː ð ɪ
fyrirlitning	f ɪː r ɪ r l ɪ h t n i ŋ k
fyrirsát	f ɪː r ɪ r s a uː t
fyrirsæta	f ɪː r ɪ r s a iː t a
fyrirtæki	f ɪː r ɪ r tʰ a iː c ɪ
fyrrverandi	f ɪ rː v ɛː r a n t ɪ
fyrstur	f ɪ r̥ s t ʏ r
fýla	f iː l a
fýldur	f i l t ʏ r
fýluferð	f iː l ʏ f ɛ r ð
fýra	f iː r a
fýsn	f i s t n
fæ	f a iː
fæða	f a iː ð a
fæðing	f a iː ð i ŋ k
fægja	f a iː j a
fæla	f a iː l a
fælast	f a iː l a s t
fælinn	f a iː l ɪ nː
fælinn	f a iː l ɪ n
fæll	f a i t l
fælni	f a i l n ɪ
fær	f a iː r
færa	f a iː r a
færeyska	f a iː r e i s k a
færeyskur	f a iː r e i s k ʏ r
færi	f a iː r ɪ
færiband	f a iː r ɪ p a n t
færni	f a i r t n ɪ
færsla	f a i̯ r s t l a
föðurbróðir	f œː ð ʏ r p r o uː ð ɪ r
föðurland	f œː ð ʏ r l a n t
föðurlandsvinur	f œː ð ʏ r l a n s v ɪː n ʏ r
föðursystir	f œː ð ʏ r s ɪ s t ɪ r
föggur	f œ kː ʏ r
föl	f œː l
fölna	f œ l n a
fölur	f œː l ʏ r
fölvi	f œ l v ɪ
fön	f œː n
föndra	f œ n t r a
föndur	f œ n t ʏ r
Fönikía	f œː n ɪ cʰ iː j a
Fönikía	f œː n ɪ cʰ iː j a
fönix	f œː n ɪ x s
fönn	f œ nː
för	f œː r
förðun	f œ r ð ʏ n
föstudagur	f œ s tʰ ʏ t aː ɣ ʏ r
föt	f œː t
g	c ɛː
gaffall	k a fː a t l
gagga	k a kː a
gagn	k a k n
gagna	k a k n a
gagnagrunnur	k a k n a k r ʏ nː ʏ r
gagnauga	k a k n ø yː ɣ a
gagnlegur	k a k n l ɛ ɣ ʏ r
gagnrýni	k a k n r iː n ɪ
gagnsemi	k a k n s ɛː m ɪ
gagntaka	k a k n tʰ aː k a
gal	k aː l
gala	k aː l a
galdra	k a l t r a
galdrakerling	k a l t r a cʰ ɛ r t l i ŋ k
galdramaður	k a l t r a m aː ð ʏ r
galdur	k a l t ʏ r
galgopi	k a l k ɔː p ɪ
Galílea	k aː l iː l ɛː a
Galílea	k aː l iː l ɛː a
gallabuxur	k a lː a p ʏ x s ʏ r
gallalaus	k a t l a l ø yː s
gallblaðra	k a t l p l a ð r a
galli	k a t l ɪ
galli	k a lː ɪ
galsi	k a l s ɪ
gamall	k aː m a t l
gaman	k aː m aː n
gaman	k aː m a n
gamansamur	k aː m a n s aː m ʏ r
gamansemi	k aː m a n s ɛː m ɪ
gambri	k a m p r ɪ
gamburmosi	k a m p ʏ r m ɔː s ɪ
Gana	k aː n a
Ganamaður	k aː n a m aː ð ʏ r
gandur	k a n t ʏ r
ganga	k a u ŋ k a
gangbraut	k a u ŋ k p r ø yː t
gangráður	k a u ŋ k r a uː ð ʏ r
gangur	k a u ŋ k ʏ r
gap	k aː p
gapa	k aː p a
garðakornblóm	k a r ð a kʰ ɔ r t n p l o uː m
garðaprjón	k a r ð a pʰ r j o uː n
Garðar	k a r ð a r
Garðaríki	k a r ð a r iː c ɪ
garðasól	k a r ð a s o uː l
garðrækt	k a r ð r a i x t
garður	k a r ð ʏ r
garðyrkja	k a r ð ɪ r̥ c a
garðyrkjumaður	k a r ð ɪ r̥ c ʏ m aː ð ʏ r
garg	k a r k
gargönd	k a r k œ n t
garmur	k a r m ʏ r
garn	k a r t ⁽ʰ ⁾ n
garn	k a t ⁽ʰ ⁾ n
garpur	k a r̥ p ʏ r
gas	k aː s
gashylki	k aː s h ɪ l̥ c ɪ
gat	k aː t
gata	k aː t a
gatari	k aː t aː r ɪ
gatari	k aː t a r ɪ
gatnamót	k a h t n a m o uː t
gauð	k ø yː ð
gaukur	k ø yː k ʏ r
Gaukur	k ø yː k ʏ r
gaul	k ø yː l
gaupa	k ø yː p a
gaur	k ø yː r
Gautaborg	k ø yː t a p ɔ r k
Gautelfur	k ø yː t ɛ l v ʏ r
Gauti	k ø yː t ɪ
gá	k a uː
gáfa	k a uː v a
gáfaður	k a uː v a ð ʏ r
gála	k a uː l a
gálaus	k a uː l ø yː s
gáleysi	k a uː l e iː s ɪ
gálgi	k a u l c ɪ
gálma	k a u l m a
gári	k a uː r ɪ
gáski	k a u s c ɪ
gát	k a uː t
gáta	k a uː t a
gátt	k a u h t
gedda	k ɛ tː a
geð	c ɛː ð
geðklofi	c ɛ ð kʰ l ɔː v ɪ
geðlæknir	c ɛ ð l a i h k n ɪ r
geðshræring	c ɛ ð s r̥ a iː r i ŋ k
geðveikur	c ɛ ð v e iː k ʏ r
gefa	c ɛː v a
gegna	c ɛ k n a
gegnvirkur	c ɛ k n v ɪ r̥ k ʏ r
geil	c e iː l
geimfar	c e i m f aː r
geimfari	c e i m f aː r ɪ
geimferð	c e i m f ɛ r ð
geimskip	c e i m s c ɪː p
geimsteinn	c ɛ i̯ m s t ɛ i̯ t n̥
geimstöð	c e i m s t œː ð
geimur	c e iː m ʏ r
geipa	c e iː p a
Geir	k e iː r
geir	k e iː r
Geirdís	c e i r t iː s
Geirfríður	c e i r̥ f r iː ð ʏ r
geirfugl	c e i r f ʏ k l
Geirharður	c e iː r h a r ð ʏ r
geiri	c e iː r ɪ
Geirmundur	c e i r m ʏ n t ʏ r
geirvarta	c e i r v a r̥ t a
Geirþrúður	c e i r̥ θ r uː ð ʏ r
geisa	c e iː s a
geisla	c e i s t l a
geislabaugur	c e i s t l a p ø yː ɣ ʏ r
geisladiskur	c e i s t l a t ɪ s k ʏ r
geislamaðra	c e i s t l a m a ð r a
geislaspilari	c e i s t l a s p ɪː l aː r ɪ
geislaspilari	c e i s t l a s p ɪː l a r ɪ
geisli	c e i s t l ɪ
geispa	c e i s p a
geispi	c e i s p ɪ
geit	c e iː t
geitungur	c e iː t u ŋ k ʏ r
gel	c ɛː l
gelda	c ɛ l t a
gelding	c ɛ l t i ŋ k
geldingahnappur	c ɛ l t i ŋ k a n̥ a h p ʏ r
geldingalauf	c ɛ l t i ŋ k a l ø yː v
gella	c ɛ lː a
gelt	c ɛ l̥ t
gelta	c ɛ l̥ t a
Genf	c ɛ n f
Genf	k ɛ n f
gengi	c e i ɲ c ɪ
gengilbeina	c e i ŋ c ɪ l p e iː n a
gengill	c e i ɲ c ɪ t l
gengismunur	c e i ŋ c ɪ s m ʏː n ʏ r
gengur	c e i ŋ k ʏ r
Georgía	c ɛː ɔ r c iː j a
Georgína	c ɛː ɔ r c iː n a
Georgína	c ɛː ɔ r c iː n a
gepill	c ɛː p ɪ t l
ger	c ɛː r
gera	c ɛː r a
gerandi	c ɛː r a n t ɪ
gerð	c ɛ r ð
gerði	c ɛ r ð ɪ
Gerður	c ɛ r ð ʏ r
gerill	c ɛː r ɪ t l
gerjun	c ɛ r j ʏ n
gerla	c ɛ r t l a
germynd	c ɛ r m ɪ n t
gersemi	c ɛ r s ɛː m ɪ
gervi	c ɛ r v ɪ
gervigígur	c ɛ r v ɪ c iː ɣ ʏ r
gervigras	c ɛ r v ɪ k r aː s
gervigreind	c ɛ r v ɪ k r e i n d
gervill	c ɛ r v ɪ t l
gervitungl	c ɛ r v ɪ tʰ u ŋ l
gervitunglamynd	c ɛ r v ɪ tʰ u ŋ l a m ɪ n t
ges	c ɛː s
gestgjafi	c ɛ s t c aː v ɪ
Gestína	c ɛ s t iː n a
Gestína	c ɛ s t i n a
gestrisni	c ɛ s t r ɪ s t n ɪ
gestur	c ɛ s t ʏ r
geta	c ɛː t a
getnaðarlimur	c ɛ h t n aː ð a r l ɪː m ʏ r
getnaður	c ɛ h t n aː ð ʏ r
geyja	ɡ e iː j a
geysa	c e iː s a
gé	c ɛː
gifs	c ɪ f s
gift	c ɪ f t
gifta	c ɪ f t a
gifting	c ɪ f t i ŋ k
giftur	c ɪ f t ʏ r
gigt	c ɪ x t
gikkja	c ɪ h c a
gikkur	c ɪ h k ʏ r
gil	c ɪː l
gildi	c ɪ l t ɪ
gildur	c ɪ l t ʏ r
Gilitrutt	c ɪː l ɪ tʰ r ʏ h t
Gils	k ɪ l s
gimbill	c ɪ m p ɪ t l
gimbur	c ɪ m p ʏ r
gimsteinn	c ɪ m s t e i t n
ginna	c ɪ nː a
ginning	c ɪ nː i ŋ k
girða	c ɪ r ð a
girðing	c ɪ r ð i ŋ k
girnd	c ɪ r n t
girni	c ɪ r t n ɪ
giska	c ɪ s k a
Gissunn	c ɪ sː ʏ nː
Gissunn	c ɪ sː ʏ n
Gissurína	c ɪ sː ʏ r iː n a
Gissurína	c ɪ sː ʏ r iː n a
gista	c ɪ s t a
gisti	c ɪ s t ɪ
gistihús	c ɪ s t ɪ h uː s
gisting	c ɪ s t i ŋ k
Gíbraltar	c iː p r a l̥ t aː r
Gíbraltar	c iː p r a l̥ t a r
gígabæti	c iː ɣ a p a i̯ː t ɪ
gígja	c iː j a
gígur	c iː ɣ ʏ r
gíll	c i t l
gína	c iː n a
gíraffi	c iː r a fː ɪ
gírstöng	c iː r̥ s t ø y ŋ k
gís	c iː s
gísl	c i s t l
Gísley	c i s t l̥ ɛ i̯
Gíslína	c i s t l iː n a
Gíslína	c i s t l i n a
gítar	c iː tʰ aː r
gjald	c a l t
gjalda	c a l t a
gjaldeyrir	c a l t e iː r ɪ r
gjaldkeri	c a l t cʰ ɛː r ɪ
gjaldmiðill	c a l t m ɪː ð ɪ t l
gjaldþrot	c a l t θ r ɔː t
gjall	c a t l
gjalla	c a t l a
gjamm	c a mː
gjamma	c a mː a
gjarn	c a r t ⁽ʰ ⁾ n
gjarn	c a t ⁽ʰ ⁾ n
gjarna	c a r t n a
gjá	c a uː
gjóður	c o uː ð ʏ r
gjóla	c o uː l a
gjósa	c o uː s a
gjóska	c o u s k a
gjóstur	c o u s t ʏ r
gjóta	c o uː t a
gjöf	c œː v
gjöfull	c œː v ʏ t l
gjögur	c œː ɣ ʏ r
gjörð	c œ r ð
gjörla	c œ r t l a
glaður	k l aː ð ʏ r
glampa	k l a m̥ p a
glampi	k l a m̥ p ɪ
glanni	k l a nː ɪ
glas	k l aː s
glata	k l aː t a
glaumgosi	k l ø y m k ɔː s ɪ
gláka	k l a uː k a
glápa	k l a uː p a
gleði	k l ɛː ð ɪ
gleðikona	k l ɛː ð ɪ kʰ ɔː n a
gleðilegur	k l ɛː ð ɪ l ɛː ɣ ʏ r
gleðispillir	k l ɛː ð ɪ s p ɪ t l ɪ r
gleðja	k l ɛ ð j a
glepja	k l ɛː p j a
gler	k l ɛː r
gleraugu	k l ɛː r ø yː ɣ ʏ
glerungur	k l ɛː r u ŋ k ʏ r
gletta	k l ɛ h t a
gleypa	k l e iː p a
glissa	k l ɪ sː a
glitfífill	k l ɪː t f iː v ɪ t l
glíma	k l iː m a
gljá	k l j a uː
gljávíðir	k l j a uː v iː ð ɪ r
gljúfra	k l̥ j u v r a
gljúfur	k l j uː v ʏ r
Gloría	k l ɔː r i a
glott	k l ɔ h t
glóbrystingur	k l o uː p r ɪ s t i ŋ k ʏ r
Glódís	k l o uː t iː s
glóð	k l o uː ð
glóðarauga	k l o uː ð a r ø yː ɣ a
glópagull	k l o uː p a k ʏ t l
glópur	k l o uː p ʏ r
glóra	k l o uː r a
glósa	k l o uː s a
glufa	k l ʏː v a
gluggatjald	k l ʏ kː a tʰ j a l t
gluggi	k l ʏ cː ɪ
glundra	k l ʏ n t r a
glundur	k l ʏ n t ʏ r
Glúmur	k l uː m ʏ r
glyðra	k l ɪ ð r a
glymja	k l ɪ m j a
glymur	k l ɪː m ʏ r
glyrna	k l ɪ r t n a
glæða	k l a iː ð a
glæpamaður	k l a iː p a m aː ð ʏ r
glæpur	k l a iː p ʏ r
glær	k l a iː r
glæra	k l a iː r a
glæruvængur	k l a iː r ʏ v a i ŋ k ʏ r
glæta	k l a iː t a
glögg	k l œ kː
glöggur	k l œ kː ʏ r
glötun	k l œː t ʏ n
Gnarr	k n a rː
gneggja	k n ɛ cː a
gnoð	k n ɔː ð
gnótt	k n o u h t
gnýja	k n iː j a
gnægð	k n a i ɣ ð
goð	k ɔː ð
goðafræði	k ɔː ð a f r a iː ð ɪ
goði	k ɔː ð ɪ
Goggi	k ɔ cː ɪ
goggur	k ɔ kː ʏ r
gola	k ɔː l a
golf	k ɔ l v
gorma	k ɔ r m a
gormstigi	k ɔ r m s t ɪ iː j ɪ
gormstigi	k ɔ r m s t ɪ i j ɪ
gormstigi	k ɔ r m s t ɪ iː j ɪ
gormstigi	k ɔ r m s t ɪ i j ɪ
gormur	k ɔ r m ʏ r
Gormur	k ɔ r m ʏ r
gort	k ɔ r̥ t
gorta	k ɔ r̥ t a
gos	k ɔː s
goshver	k ɔː s kʰ v ɛː r
gosi	k ɔː s ɪ
Goti	k ɔː t ɪ
Gotland	k ɔː t l a n t
gotneskur	k ɔ h t n ɛ s k ʏ r
gott	k ɔ h t
góa	k o uː a
góða	k o uː ð a
góður	k o uː ð ʏ r
góðæri	k o uː ð a iː r ɪ
góla	k o uː l a
gólf	k o u l v
gómfilla	k o u m f ɪ t l a
gómsætur	k o u m s a iː t ʏ r
gómur	k o uː m ʏ r
graðhestur	k r aː ð h ɛ s t ʏ r
graður	k r aː ð ʏ r
grafa	k r aː v a
grafall	k r aː v a t l
grafít	k r aː f iː t
grallari	k r a t l aː r ɪ
grallari	k r a t l a r ɪ
grameðla	k r aː m ɛ ð l a
gramm	k r a mː
gramúlfur	k r aː m u l v ʏ r
granatepli	k r aː n aː t ɛ h p l ɪ
grand	k r a n t
granda	k r a n t a
granni	k r a nː ɪ
grannur	k r a nː ʏ r
gras	k r aː s
grasafræði	k r aː s a f r a iː ð ɪ
grasasni	k r aː s a s t n ɪ
graslaukur	k r aː s l ø yː k ʏ r
graslendi	k r aː s l ɛ n t ɪ
grasnykra	k r aː s n ɪː k r a
grassnákur	k r aː s s n a uː k ʏ r
grasvíðir	k r aː s v iː ð ɪ r
grautur	k r ø yː t ʏ r
grá	k r a uː
gráblika	k r a u p l ɪː k a
gráða	k r a uː ð a
gráði	k r a uː ð ɪ
gráðostur	k r a uː ð ɔ s t ʏ r
gráðubogi	k r a uː ð ʏ p ɔː j ɪ
gráðugur	k r a uː ð ʏː ɣ ʏ r
gráelri	k r a uː ɛ l r ɪ
grágæs	k r a uː c a iː s
gráhegri	k r a uː h ɛ ɣ r ɪ
gráhvalur	k r a uː kʰ v aː l ʏ r
grákráka	k r a uː kʰ r a uː k a
grámosi	k r a uː m ɔː s ɪ
grána	k r a uː n a
grár	k r a uː r
gráspör	k r a uː s p œː r
gráta	k r a uː t a
grávíðir	k r a uː v iː ð ɪ r
grávorblóm	k r a uː v ɔ r p l o uː m
gráölur	k r a uː œː l ʏ r
gredda	k r ɛ tː a
grefill	k r ɛː v ɪ t l
greiða	k r e iː ð a
greiði	k r e iː ð ɪ
greiðsla	k r e i ð s t l a
greiðslukort	k r e i ð s t l ʏ kʰ ɔ r̥ t
greifi	k r e iː v ɪ
greifingi	k r e iː v i ɲ c ɪ
grein	k r e iː n
greina	k r e iː n a
greinargerð	k r e iː n a r c ɛ r ð
greinarmerki	k r e iː n a r m ɛ r̥ c ɪ
greinarmunur	k r e iː n a r m ʏː n ʏ r
greind	k r e i n t
greindur	k r e i n t ʏ r
greinilega	k r e iː n ɪ l ɛː ɣ a
greinilegur	k r e iː n ɪ l ɛː ɣ ʏ r
greining	k r e iː n i ŋ k
greinir	k r e iː n ɪ r
greip	k r e iː p
greipa	k r e iː p a
greipaldin	k r e iː p a l t ɪ n
gremja	k r ɛ m j a
greni	k r ɛː n ɪ
greniköngull	k r ɛː n ɪ kʰ ø y ŋ k ʏ t l
grenja	k r ɛ n j a
grennd	k r ɛ n t
gretta	k r ɛ h t a
grey	k r e iː
greypa	k r e iː p a
grið	k r ɪː ð
griffill	k r ɪ fː ɪ t l
Grikki	k r ɪ h c ɪ
Grikkland	k r ɪ h k l a n t
grikkur	k r ɪ h k ʏ r
grimmd	k r ɪ m t
grimmur	k r ɪ mː ʏ r
grind	k r ɪ n t
gripur	k r ɪː p ʏ r
gríð	k r iː ð
gríður	k r iː ð ʏ r
gríma	k r iː m a
Gríma	k r iː m a
Grímkell	k r i m cʰ ɛ t l
Grímur	k r iː m ʏ r
grín	k r iː n
grínisti	k r iː n ɪ s t ɪ
grípa	k r iː p a
grípari	k r iː p aː r ɪ
grípari	k r iː p a r ɪ
grís	k r iː s
gríska	k r i s k a
grjón	k r j o uː n
Grjóni	k r j o uː n ɪ
grobba	k r ɔ pː a
gró	k r o uː
gróði	k r o uː ð ɪ
gróður	k r o uː ð ʏ r
gróðurhús	k r o uː ð ʏ r h uː s
gróf	k r o uː v
grófur	k r o uː v ʏ r
gróp	k r o uː p
grugg	k r ʏ kː
gruna	k r ʏː n a
grund	k r ʏ n t
grunnendurlífgun	k r ʏ nː ɛ n t ʏ r l i v k ʏ n
grunnendurlífgun	k r ʏ nː ɛ n t ʏ r l i v k ʏ n
grunnli	k r ʏ nː l ɪ
grunnskóli	k r ʏ nː s k o uː l ɪ
grunnsævi	k r ʏ nː s a iː v ɪ
grunnsævi	k r ʏ nː s a iː v ɪ
grunnur	k r ʏ nː ʏ r
grunur	k r ʏː n ʏ r
grúbba	k r u pː a
grúfa	k r uː v a
grúi	k r uː ɪ
grúpa	k r uː p a
gryfja	k r ɪ v j a
grynna	k r ɪ nː a
grýla	k r iː l a
Grýla	k r iː l a
grýlukerti	k r iː l ʏ cʰ ɛ r̥ t ɪ
grýta	k r iː t a
grýttur	k r i h t ʏ r
græða	k r a iː ð a
græðgi	k r a i ð c ɪ
græja	k r a iː j a
Grænhöfðaeyjar	k r a iː n h œ v ð a e i j a r
grænkál	k r a i n kʰ a uː l
Grænland	k r a i n l a n t
grænlenska	k r a i n l ɛ n s k a
grænlenskur	k r a i n l ɛ n s k ʏ r
grænmeti	k r a i n m ɛː t ɪ
grænmeti	k r a i m ɛː t ɪ
grænmetisæta	k r a i n m ɛː t ɪ s a iː t a
grænn	k r a ɪ̯ t n̩
grænspæta	k r a i n s p a iː t a
grænukorn	k r a iː n ʏ kʰ ɔ r t n
græta	k r a iː t a
gröf	k r œː v
gröftur	k r œ f t ʏ r
grön	k r œː n
gubba	k ʏ pː a
guð	k v ʏː ð
guða	k v ʏː ð a
Guðbjörg	k v ʏ ð p j œ r k
Guðbrandína	k v ʏ ð p r a n t iː n a
Guðbrandína	k v ʏ ð p r a n t iː n a
Guðdís	k v ʏ ð t iː s
Guðfríður	k v ʏ ð f r i ð ʏ r̥
guðfræði	k v ʏ ð f r a iː ð ɪ
guðfræðingur	k v ʏ ð f r a i ð i ŋ k ʏ r
guðfræðingur	k v ʏ ð f r a i ð i ŋ k ʏ r
guðfræðingur	k v ʏ ð f r a i ð i ŋ k ʏ r
guðfræðingur	k v ʏ ð f r a i ð i ŋ k ʏ r
Guðjohnsen	k v ʏ ð j o u n s ɛː nː
Guðjohnsen	k v ʏ ð j o u n s ɛː n
Guðjohnsen	k v ʏ ð j o u n s ɛ nː
Guðjohnsen	k v ʏ ð j o u n s ɛ n
Guðjohnsen	k v ʏ ð j o u n s ɛː nː
Guðjohnsen	k v ʏ ð j o u n s ɛː n
Guðjohnsen	k v ʏ ð j o u n s ɛ nː
Guðjohnsen	k v ʏ ð j o u n s ɛ n
Guðjónína	k v ʏ ð j o uː n iː n a
Guðjónína	k v ʏ ð j o uː n iː n a
Guðjónína	k v ʏ ð j o u n iː n a
Guðjónína	k v ʏ ð j o u n iː n a
guðlast	k v ʏ ð l a s t
Guðlaug	k v ʏ ð l ø yː ɣ
Guðlaugur	k v ʏ ð l ø yː ɣ ʏ r
guðlegur	k v ʏ ð l ɛː ɣ ʏ r
guðleysi	k v ʏ ð l e iː s ɪ
guðleysingi	k v ʏ ð l e iː s i ɲ c ɪ
Guðmunda	k v ʏ ð m ʏ n t a
Guðmundína	k v ʏ ð m ʏ n t iː n a
Guðmundína	k v ʏ ð m ʏ n t iː n a
Guðmundur	k v ʏ ð m ʏ n t ʏ r
Guðríður	k v ʏ ð r iː ð ʏ r
Guðrún	k v ʏ ð r uː n
guðspjall	k v ʏ ð s p j a t l
guðspjallamaður	k v ʏ ð s p j a t l a m aː ð ʏ r
Guðvaldína	k v ʏ ð v a l t iː n a
Guðvaldína	k v ʏ ð v a l t iː n a
gufa	k ʏː v a
gula	k ʏː l a
gull	k ʏ t l
gullfiskur	k ʏ t l f ɪ s k ʏ r
gullintoppa	k ʏ t l ɪ n tʰ ɔ h p a
gullkorn	k ʏ t l kʰ ɔ r t n
gullmura	k ʏ t l m ʏː r a
gulmaðra	k ʏ l m a ð r a
gulna	k ʏ l n a
gulrófa	k ʏ l r o uː v a
gulrót	k ʏ l r o uː t
gulstör	k ʏ l s t œː r
gulur	k ʏː l ʏ r
gulvíðir	k ʏ l v iː ð ɪ r
gum	k ʏː m
guma	k ʏː m a
gumi	k ʏː m ɪ
gunga	k u ŋ k a
Gunnarína	k ʏ nː aː r iː n a
Gunnarína	k ʏ nː aː r iː n a
Gunnarína	k ʏ nː a r iː n a
Gunnarína	k ʏ nː a r iː n a
Gunndís	k ʏ nː t iː s
Gunndís	k ʏ n t iː s
Gunnlaug	k ʏ nː l ø yː ɣ
Gunnlaugur	k ʏ nː l ø yː ɣ ʏ r
Gunnólfur	k ʏ nː o u l v ʏ r
Gunnur	k ʏ nː ʏ r
gunnur	k ʏ nː ʏ r
Gunnþórunn	k ʏ n θ o uː r ʏ nː
Gunnþórunn	k ʏ n θ o uː r ʏ n
gusa	k ʏː s a
gustuk	k ʏ s t ʏ k
gustur	k ʏ s t ʏ r
gúlag	k ʏː l aː ɣ
gúlrotta	k u l r ɔ h t a
gúrka	k u r̥ k a
gúrkutíð	k u r̥ k ʏ tʰ iː ð
gvaraní	k v aː r a n i
gvaraníska	k v aː r a n i s k a
gvaranískur	k v aː r a n i s k ʏ r
Gvatemala	k v aː tʰ ɛː m aː l a
Gvatemala	k v aː t ɛː m aː l a
Gyða	c ɪː ð a
gyðingur	c ɪː ð i ŋ k ʏ r
gyðja	c ɪ ð j a
gylla	c ɪ t l a
gylta	c ɪ l̥ t a
Gyrðir	c ɪ r ð ɪ r
gýgur	c iː ɣ ʏ r
gæði	c a iː ð ɪ
gæfa	c a iː v a
gæfumunur	c a iː v ʏ m ʏː n ʏ r
gæfur	c a iː v ʏ r
gæi	k a iː j ɪ
gæla	c a iː l a
gæludýr	c a iː l ʏ t iː r
gælunafn	c a iː l ʏ n a p n
gæluverkefni	c a iː l ʏ v ɛ r̥ k ɛ p n ɪ
gæra	c a iː r a
gæruskinn	c a iː r ʏ s c ɪ nː
gæs	c a iː s
gæsa	c a iː s a
gæsahúð	c a iː s a h uː ð
gæta	c a iː t a
gætinn	c a iː t ɪ nː
gætni	c a i h t n ɪ
gætt	k a ɪ h t
göfuglyndur	k œː v ʏ ɣ l ɪ n t ʏ r
göfugur	k œː v ʏ ɣ ʏ r
göldróttur	k œ l t r o u h t ʏ r
göltur	k œ l̥ t ʏ r
göndull	k œ n t ʏ t l
göng	k ø y ŋ k
gönguferð	k ø y ŋ k ʏ f ɛ r ð
gönguleið	k ø y ŋ k ʏ l e iː ð
göngutúr	k ø y ŋ k ʏ tʰ uː r
görn	k œ r t ⁽ʰ ⁾ n
görn	k œ t ⁽ʰ ⁾ n
götun	k œː t ʏ n
h	h a uː
ha	h aː
Haarde	h ɔ r t ɛː
Haarde	h ɔ r t ɛ
Hadda	h a tː a
haddur	h a tː ʏ r
haf	h aː v
hafa	h aː v a
hafald	h aː v a l t
Hafdís	h a v t iː s
Hafliðína	h a v l ɪː ð iː n a
Hafliðína	h a v l ɪː ð iː n a
Hafliðína	h a v l ɪ ð iː n a
Hafliðína	h a v l ɪ ð iː n a
hafmey	h a v m e iː
hafna	h a p n a
hafnabolti	h a p n a p ɔ l̥ t ɪ
hafragrautur	h a v r a k r ø yː t ʏ r
haframjöl	h a v r a m j œː l
hafri	h a v r ɪ
haft	h a f t
hafur	h aː v ʏ r
haförn	h aː v œ r t n
haga	h aː ɣ a
hagfræði	h a x f r a iː ð ɪ
hagga	h a kː a
hagi	h a iː j ɪ
hagi	h aː j ɪ
hagl	h a k l
haglabyssa	h a k l a p ɪ sː a
hagnaður	h a k n a ð ʏ r
hagsbót	h a x s p o uː t
Hagskælingur	h a x s c a i l i ŋ k ʏ r
hagsæld	h a x s a i l t
hagur	h aː ɣ ʏ r
hak	h aː k
haka	h aː k a
hakakross	h aː k a kʰ r ɔ sː
haki	h aː c ɪ
hakk	h a h k
hakka	h a k k a
halakarta	h aː l a kʰ a r̥ t a
halastjarna	h aː l a s t j a r t n a
hald	h a l t
halda	h a l t a
haldinn	h a l t ɪ nː
haldinn	h a l t ɪ n
hali	h aː l ɪ
halla	h a t l a
Halla	h a t l a
hallarvirki	h a t l a r v ɪ r̥ c ɪ
Halldís	h a l t iː s
Halldór	h a l t o uː r
Halldórsdóttir	h a l t o u r̥ s t o u h t ɪ r
Hallgerður	h a t l c ɛ r ð ʏ r
Hallgrímína	h a t l k r iː m iː n a
Hallgrímína	h a t l k r iː m iː n a
Hallgrímína	h a t l k r i m iː n a
Hallgrímína	h a t l k r i m iː n a
halli	h a t l ɪ
Halli	h a t l ɪ
Hallmundur	h a t l m ʏ n t ʏ r
Hallur	h a t l ʏ r
hallur	h a t l ʏ r
haltra	h a l̥ t r a
haltur	h a l̥ t ʏ r
hamagangur	h aː m a k a u ŋ k ʏ r
hamar	h aː m a r
Hamborg	h a m p ɔ r k
hamborgari	h a m p ɔ r k a r ɪ
hamingja	h aː m i ɲ c a
hamingjusamur	h aː m i ɲ c ʏ s aː m ʏ r
hamla	h a m l a
hampjurt	h a m̥ p j ʏ r̥ t
hampur	h a m̥ p ʏ r
hamra	h a m r a
hamstur	h a m s t ʏ r
hamur	h aː m ʏ r
hana	h aː n a
handa	h a n t a
handaband	h a n t a p a n t
handahóf	h a n t a h o uː v
handarkriki	h a n t a r kʰ r ɪː c ɪ
handavinna	h a n t a v ɪ nː a
handboltaþjálfari	h a n t p ɔ l̥ t a θ j a u l v a r ɪ
handbolti	h a n t p ɔ l̥ t ɪ
handbók	h a n t p o uː k
handbremsa	h a n t p r ɛ m s a
handbremsubeygja	h a n t p r ɛ m s ʏ p e iː j a
handfylli	h a n t f ɪ t l ɪ
handklæði	h a n t kʰ l a iː ð ɪ
handknattleiksþjálfari	h a n t kʰ n a h t l e i k s θ j a u l v a r ɪ
handknattleikur	h a n t kʰ n a h t l e iː k ʏ r
handleggur	h a n t l ɛ kː ʏ r
handrið	h a n t r ɪː ð
handrit	h a n t r ɪː t
handsnyrting	h a n t s t n ɪ r̥ t i ŋ k
handsprengja	h a n t s p r e i ɲ c a
handtaka	h a n t tʰ aː k a
hanga	h a u ŋ k a
hangikjöt	h a u ŋ c ɪ cʰ œː t
hani	h aː n ɪ
hanki	h a u ɲ̊ c ɪ
hann	h a nː
hann	a nː
hann	a n
Hanna	h a nː a
hanna	h a nː a
Hannesína	h a nː ɛː s iː n a
Hannesína	h a nː ɛː s iː n a
Hannesína	h a nː ɛ s iː n a
Hannesína	h a nː ɛ s iː n a
Hansen	h a n s ɛ nː
Hansen	h a n s ɛ n
Hansi	h a n s ɪ
Hansína	h a n s iː n a
Hansína	h a n s i n a
hanskahólf	h a n s k a h o u l v
hanski	h a n s c ɪ
happ	h a h p
happdrætti	h a h p t r a i h t ɪ
Haraldína	h aː r a l t iː n a
Haraldína	h aː r a l t iː n a
Haraldur	h aː r a l t ʏ r
harðlífi	h a r ð l iː v ɪ
harðna	h a r t n a
harður	h a r ð ʏ r
hark	h a r̥ k
harka	h a r̥ k a
harma	h a r m a
harmóníum	h a r m o uː n iː j ʏ m
harmóníum	h a r m o u n iː j ʏ m
harmur	h a r m ʏ r
harpa	h a r̥ p a
hastur	h a s t ʏ r
hata	h aː t a
hattari	h a h t aː r ɪ
hattari	h a h t a r ɪ
hattur	h aʰ t ʏ r
hatur	h aː t ʏ r
haugalygi	h ø yː ɣ a l ɪː j ɪ
haugarfi	h ø yː ɣ a r v ɪ
haugur	h ø yː ɣ ʏ r
Haukur	h ø yː k ʏ r
haull	h ø y t l
haus	h ø yː s
hauskúpa	h ø yː s kʰ uː p a
haust	h ø y s t
hausta	h ø y s t a
haustlegur	h ø y s t l ɛː ɣ ʏ r
Havaí	h aː v a iː
há	h a uː
háaloft	h a uː a l ɔ f t
háband	h a uː p a n t
hádegi	h a uː t e iː j ɪ
hádegismatur	h a uː t e iː j ɪ s m aː t ʏ r
hádegisverður	h a uː t e iː j ɪ s v ɛ r ð ʏ r
háðung	h a uː ð u ŋ k
háfur	h a uː v ʏ r
háhyrningur	h a u h ɪ r t n i ŋ k ʏ r
hákarl	h aː k a r t l
hákarl	h aː k a r l
hákarl	h a uː k a r t l
hálendi	h a uː l ɛ n t ɪ
hálfbróðir	h a u l v p r o uː ð ɪ r
hálfendir	h a u l v ɛ n t ɪ r
hálfkák	h a u l v kʰ a uː k
hálfleiðari	h a u l v l e iː ð a r ɪ
hálfleikur	h a u l v l e iː k ʏ r
hálfnóta	h a u l v n o uː t a
hálfnótuþögn	h a u l v n o uː t ʏ θ œ k n
hálfsystir	h a u l v s ɪ s t ɪ r
hálfur	h a u l v ʏ r
hálfvirði	h a u l v v ɪ r ð ɪ
hálfvirði	h a u l v ɪ r ð ɪ
hálfviti	h a u l v v ɪː t ɪ
hálíngresi	h a uː l i n k r ɛː s ɪ
hálka	h a u l̥ k a
háll	h a u t l
hálmgresi	h a u l m k r ɛː s ɪ
hálmstrá	h a u l m s t r a uː
hálmur	h a u l m ʏ r
háls	h a u l s
hálsbindi	h a u l s p ɪ n t ɪ
hálsfesti	h a u l s f ɛ s t ɪ
hálskirtill	h a u l s c ɪ r t ɪ t l
hálsmen	h a u l s m ɛː n
hámark	h a uː m a r̥ k
Hámundur	h a uː m ʏ n t ʏ r
hán	h a uː n
hár	h a uː r
hárbursti	h a u r p ʏ r̥ s t ɪ
hárgreiðsla	h a u r k r e i ð s t l a
hárkolla	h a uː r kʰ ɔ t l a
hárleggjastör	h a u r l ɛ cː a s t œː r
hárlýja	h a u r l iː j a
hártogun	h a u r̥ tʰ ɔː ɣ ʏ n
hártoppur	h a u r tʰ ɔ h p ʏ r
hás	h a uː s
hása	h a uː s a
háseti	h a uː s ɛː t ɪ
háskóli	h a uː s k o uː l ɪ
háspil	h a uː s p ɪː l
hásveifgras	h a uː s v e i v k r aː s
hátalari	h a uː tʰ aː l a r ɪ
hátign	h a uː tʰ ɪ k n
hátíð	h a uː tʰ iː ð
háttaratviksorð	h a u h t a r aː t v ɪ k s ɔ r ð
háttarökfræði	h a u h t a r œ k f r a iː ð ɪ
hátterni	h a u h t ɛ r t n ɪ
háttur	h a u h t ʏ r
hávaðamaður	h a uː v aː ð a m aː ð ʏ r
hávaði	h a uː v aː ð ɪ
hávaði	h a uː v a ð ɪ
Hávamál	h a uː v a m a u l
Hávarðína	h a uː v a r ð iː n a
Hávarðína	h a uː v a r ð iː n a
hávella	h a uː v ɛ t l a
hávær	h a uː v a iː r
háþrýstingur	h a uː θ r i s t i ŋ k ʏ r
hebreska	h ɛː p r ɛ s k a
hedd	h ɛ tː
Hedda	h ɛ tː a
hefð	h ɛ v ð
hefill	h ɛː v ɪ t l
hefja	h ɛ v j a
hefla	h ɛ p l a
heflaður	h ɛ p l aː ð ʏ r
hefna	h ɛ p n a
hefnd	h ɛ m t
hefndarþorsti	h ɛ m t a r θ ɔ r̥ s t ɪ
hefta	h ɛ f t a
heftari	h ɛ f t a r ɪ
hefti	h ɛ f t ɪ
heftivír	h ɛ f t ɪ v iː r
hegða	h ɛ ɣ ð a
hegðun	h ɛ ɣ ð ʏ n
hegna	h ɛ k n a
hegning	h ɛ k n i ŋ k
hegri	h ɛ ɣ r ɪ
heiðagæs	h e iː ð a c a iː s
heiðarlegur	h e iː ð a r l ɛː ɣ ʏ r
heiðarleiki	h e iː ð a r l e iː c ɪ
Heiðdís	h e i ð t iː s
heiði	h e iː ð ɪ
heiðindómur	h e iː ð ɪ n t o uː m ʏ r
heiðingi	h e iː ð i ɲ c ɪ
heiðni	h e i ð n ɪ
heiður	h e iː ð ʏ r
Heiður	h e iː ð ʏ r
heift	h e i f t
heigull	h e iː ɣ ʏ t l
heilabólga	h e iː l a p o u l k a
heiladingull	h e iː l a t i ŋ k ʏ t l
heilagur	h e i l a ɣ ʏ r
heilalaus	h e iː l a l ø yː s
heilalömun	h e iː l a l œː m ʏ n
heilaþvottur	h e iː l a θ v ɔ h t ʏ r
heilbrigði	h e i l p r ɪ ɣ ð ɪ
heilbrigður	h e i l p r ɪ ɣ ð ʏ r
heild	h e i l t
heildi	h e i l t ɪ
heildun	h e i l t ʏ n
heili	h e iː l ɪ
heilindi	h e iː l ɪ n t ɪ
heill	h e i t l
heilla	h e i t l a
heilnóta	h e i l n o uː t a
heilsa	h e i l s a
heima	h e iː m a
heimalið	h e iː m a l ɪː ð
heimasími	h e iː m a s iː m ɪ
heimasæta	h e iː m a s a iː t a
heimaverkefni	h e iː m a v ɛ r̥ k ɛ p n ɪ
heimavinna	h e iː m a v ɪ nː a
heimboð	h e i m p ɔː ð
heimferð	h e i m f ɛ r ð
heimild	h e iː m ɪ l t
heimili	h e iː m ɪ l ɪ
heimilisfang	h e iː m ɪ l ɪ s f a u ŋ k
heimill	h e iː m ɪ t l
heimsálfa	h e i m s a u l v a
heimsendir	h e i m s ɛ n t ɪ r
heimsfriður	h e i m s f r ɪː ð ʏ r
heimska	h e i m s k a
heimskaut	h e i m s k ø yː t
heimskautanótt	h e i m s k ø yː t a n o u h t
heimskautsnótt	h e i m s k ø y t s n o u h t
heimskingi	h e i m s c i ɲ c ɪ
heimsmet	h e i m s m ɛː t
heimsmethafi	h e i m s m ɛː t h aː v ɪ
heimsmethafi	h e i m s m ɛː t h aː v ɪ
heimsókn	h e i m s o u h k n
heimspeki	h e i m s p ɛː c ɪ
heimspekingur	h e i m s p ɛː c i ŋ k ʏ r
heimsvaldastefna	h e i m s v a l t a s t ɛ p n a
heimsvísa	h e i m s v iː s a
heimsyfirráð	h e i m s ɪː v ɪ r r a uː ð
heimta	h e i m̥ t a
heimula	h e iː m ʏː l a
heimur	h e iː m ʏ r
heimþrá	h e i m θ r a uː
heit	h e iː t
heita	h e iː t a
heiti	h e iː t ɪ
heitur	h e iː t ʏ r
hekk	h ɛ h k
hekla	h ɛ h k l a
Hekla	h ɛ h k l a
hel	h ɛː l
held	h ɛ l t
helgarferð	h ɛ l k a r f ɛ r ð
helgi	h ɛ l c ɪ
Helgi	h ɛ l c ɪ
helgidagur	h ɛ l c ɪ t aː ɣ ʏ r
helgisiður	h ɛ l c ɪ s ɪː ð ʏ r
helgur	h ɛ l k ʏ r
helín	h ɛː l iː n
hella	h ɛ t l a
hellingur	h ɛ t l i ŋ k ʏ r
hellir	h ɛ t l ɪ r
helluhnoðri	h ɛ t l ʏ n̥ ɔ ð r ɪ
helluhraun	h ɛ t l ʏ r̥ ø yː n
helmingur	h ɛ l m i ŋ k ʏ r
helsingi	h ɛ l s i ɲ c ɪ
Helsingjaborg	h ɛ l s i ɲ c a p ɔ r k
Helsingjaeyri	h ɛ l s ɪ ɲ c a e iː r ɪ
helta	h ɛ l̥ t a
helvískur	h ɛ l v i s k ʏ r
helvíti	h ɛ l v iː t ɪ
hem	h ɛː m
hemill	h ɛː m ɪ t l
hemja	h ɛ m j a
hempa	h ɛ m̥ p a
henda	h ɛ n t a
hending	h ɛ n t i ŋ k
hendni	h ɛ n t n ɪ
hengi	h e i ɲ c ɪ
hengill	h e i ɲ c ɪ t l
hengistör	h e i ɲ c ɪ s t œː r
hengja	h e i ɲ c a
heppni	h ɛ h p n ɪ
her	h ɛː r
Hera	h ɛː r a
herbergi	h ɛ r p ɛ r c ɪ
Herdís	h ɛ r t iː s
herða	h ɛ r ð a
herðablað	h ɛ r ð a p l aː ð
herðar	h ɛ r ð a r
herðatré	h ɛ r ð a t r j ɛː
herfi	h ɛ r v ɪ
herfugl	h ɛː r f ʏ k l
herkinn	h ɛ r̥ c ɪ nː
herklæði	h ɛ r̥ kʰ l a iː ð ɪ
Herkúles	h ɛ r̥ k uː l ɛː s
Herkúles	h ɛ r̥ k u l ɛː s
herkvaðning	h ɛ r̥ kʰ v a ð n i ŋ k
hermaður	h ɛ r m aː ð ʏ r
hermannaskáli	h ɛ r m a nː a s k a uː l ɪ
hermari	h ɛ ɹ m a ɹ ɪ
hermd	h ɛ r m t
hermikráka	h ɛ r m ɪ kʰ r a uː k a
Hermundur	h ɛ r m ʏ n t ʏ r
herpingur	h ɛ r̥ p i ŋ k ʏ r
herra	h ɛ rː a
herramaður	h ɛ rː a m aː ð ʏ r
herri	h ɛ rː ɪ
Hersegóvína	h ɛ r̥ s ɛː k o uː v iː n a
hershöfðingi	h ɛ r̥ s h œ v ð i ɲ c ɪ
herstígvél	h ɛ r̥ s t i ɣ v j ɛː l
hersveit	h ɛ r̥ s v e i t
hertogadæmi	h ɛ r̥ tʰ ɔː ɣ a t a iː m ɪ
hertogi	h ɛ r̥ tʰ ɔ j ɪ
Hervör	h ɛ r v œː r
hes	h ɛː s
heslimús	h ɛ s l i m uː s
hespa	h ɛ s p a
hest	h ɛ s t
hesta	h ɛ s t a
hestaleiga	h ɛ s t a l e iː ɣ a
hestana	h ɛ s t a n a
hestanna	h ɛ s t a nː a
hestar	h ɛ s t a r
hestarnir	h ɛ s t a r n ɪ r
hesti	h ɛ s t ɪ
hestinn	h ɛ s t ɪ nː
hestinum	h ɛ s t ɪ n ʏ m
hests	h ɛ s t s
hestsins	h ɛ s t s ɪ n s
hestum	h ɛ s t ʏ m
hestunum	h ɛ s t ʏ n ʏ m
hestur	h ɛ s t ʏ r
hesturinn	h ɛ s t ʏ r ɪ nː
hetja	h ɛː t j a
hetta	h ɛ h t a
hettumáfur	h ɛ h t a m a uː v ʏ r
hettupeysa	h ɛ h t ʏ pʰ e iː s a
hey	h e iː
heygja	h e iː j a
heyja	h e iː j a
heyra	h e iː r a
heyrn	h e i r t ⁽ʰ ⁾ n
heyrn	h e i t ⁽ʰ ⁾ n
heyrnarlaus	h e i r t n a r l ø yː s
heyrnartól	h e i r t n a r tʰ o uː l
héðan	ç ɛː ð a n
Héðinn	ç ɛː ð ɪ nː
Héðinn	ç ɛː ð ɪ n
hégilja	ç ɛː k ɪ l j a
hégómi	ç ɛː k o uː m ɪ
hégómi	ç ɛː k o u m ɪ
héla	ç ɛː l a
hélumosi	ç ɛː l ʏ m ɔː s ɪ
hélunjóli	ç ɛː l ʏ n j o uː l ɪ
hér	ç ɛː r
hérað	ç ɛː r a ð
héri	ç ɛː r ɪ
hérmeð	ç ɛː r m ɛː ð
hérna	ç ɛ r t n a
hið	h ɪː ð
hik	h ɪː k
hika	h ɪː k a
hiksti	h ɪ x s t ɪ
Hilaríus	h ɪ l a r i j ʏ s
Hildigunnur	h ɪ l t ɪ k ʏ nː ʏ r
Hildimundur	h ɪ l t ɪ m ʏ n t ʏ r
hilla	h ɪ t l a
hilling	h ɪ t l i ŋ k
hilmir	h ɪ l m ɪː r
Hilmir	h ɪ l m ɪ r
himbrimi	h ɪ m p r ɪː m ɪ
himinn	h ɪː m ɪ nː
himna	h ɪ m n a
himnaríki	h ɪ m n a r iː c ɪ
hind	h ɪ n t
hindartré	h ɪ n t a r t r j ɛː
hindber	h ɪ n t p ɛː r
hindra	h ɪ n t r a
hindrun	h ɪ n t r ʏ n
hindurvitni	h ɪ n t ʏ r v ɪ h t n ɪ
hinn	h ɪ nː
hinstur	h ɪ n s t ʏ r
hippi	h ɪ h p ɪ
hirð	h ɪ r ð
hirða	h ɪ r ð a
hirðingi	h ɪ r ð i ɲ c ɪ
hirðir	h ɪ r ð ɪ r
hirðulaus	h ɪ r ð ʏ l ø yː s
hirðuleysi	h ɪ r ð ʏ l e iː s ɪ
hirsi	h ɪ r s ɪ
hirsla	h ɪ r̥ s t l a
hissa	h ɪ sː a
hita	h ɪː t a
hitamælir	h ɪː t a m a iː l ɪ r
hiti	h ɪː t ɪ
hitna	h ɪ h t n a
hittni	h ɪ h t n ɪ
híbýli	h iː p iː l ɪ
hís	ç iː s
hjaðna	ç a ð n a
hjakka	ç a h k a
hjal	ç aː l
hjala	ç aː l a
hjalli	ç a t l ɪ
hjallur	ç a t l ʏ r
hjalt	ç a l̥ t
Hjaltalín	ç a l̥ t a l iː n
Hjaltested	ç a l̥ t ɛː s t ɛː ð
Hjaltested	ç a l̥ t ɛ s t ɛː ð
Hjalti	ç a l̥ t ɪ
Hjaltína	ç a l̥ t iː n a
Hjaltína	ç a l̥ t i n a
Hjaltlandseyjar	ç a l̥ t l a n t s e iː j a r
hjara	ç aː r a
hjarðmaður	ç a r ð m aː ð ʏ r
hjarn	ç a r t ⁽ʰ ⁾ n
hjarn	ç a t ⁽ʰ ⁾ n
hjarna	ç a r t n a
hjarni	ç a r t n ɪ
hjarta	ç a r̥ t a
hjartafífill	ç a r̥ t a f iː v ɪ t l
hjartanykra	ç a r̥ t a n ɪː k r a
hjartarfi	ç a r̥ t a r v ɪ
hjartastillir	ç a r̥ t a s t ɪ t l ɪ r
hjá	ç a uː
hjáguð	ç a u k v ʏː ð
hjáleið	ç a uː l e iː ð
Hjálmar	ç a u l m a r
Hjálmtýr	ç a u l m tʰ iː r
hjálmur	ç a u l m ʏ r
hjálp	ç a u l̥ p
hjálpa	ç a u l̥ p a
hjálpari	ç a u l̥ p a r ɪ
hjálparsagnorð	ç a u l̥ p a r s a k n ɔ r ð
hjálparsögn	ç a u l̥ p a r s œ k n
hjátrú	ç a uː tʰ r uː
hjól	ç o uː l
hjóla	ç o uː l a
hjólabretti	ç o uː l a p r ɛ h t ɪ
hjólastóll	ç o uː l a s t o u t l
hjólasæti	ç o uː l a s a iː t ɪ
hjólbarði	ç o u l p a r ð ɪ
hjólbörur	ç o uː l p œː r ʏ r
hjólbörur	ç o u l p œː r ʏ r
hjólhýsi	ç o u l h iː s ɪ
hjólreiðabraut	ç o u l r e iː ð a p r ø yː t
hjóm	ç o uː m
hjón	ç o uː n
hjónaband	ç o uː n a p a n t
hjónaskilnaður	ç o uː n a s c ɪ l n aː ð ʏ r
hjónaskilnaður	ç o uː n a s c ɪ l n a ð ʏ r
hjú	ç uː
hjúfra	ç u v r a
hjúkka	h j u h k a
hjúkra	ç uː k r a
hjúkrun	ç uː k r ʏ n
hjúkrunarfræði	ç uː k r ʏ n a r f r a iː ð ɪ
hjúkrunarfræðingur	ç uː k r ʏ n a r f r a iː ð i ŋ k ʏ r
hjúkrunarheimili	ç uː k r ʏ n a r h e iː m ɪ l ɪ
hjúkrunarkona	ç uː kʰ r ʏ n a r kʰ ɔː n a
hjúpa	ç uː p a
hjúpur	ç uː p ʏ r
hjöðnun	ç œ ð n ʏ n
hjör	ç œː r
Hjördís	ç œ r t iː s
hjörð	ç œ r ð
Hjörtína	ç œ r̥ t iː n a
Hjörtína	ç œ r̥ t i n a
hjörtur	ç œ r̥ t ʏ r
Hjörtur	ç œ r̥ t ʏ r
hlað	l̥ aː ð
hlaða	l̥ aː ð a
hlaðborð	l̥ a ð p ɔ r ð
hlaði	l̥ aː ð ɪ
hlass	l̥ a sː
hlaup	l̥ ø yː p
hlaupa	l̥ œ i̯ː p a
hláka	l̥ a uː k a
hlána	l̥ a uː n a
hlátur	l̥ a uː t ʏ r
hleifur	l̥ e iː v ʏ r
hlein	l̥ e iː n
hlekkja	l̥ ɛ h c a
hlekkur	l̥ ɛ h k ʏ r
hlemmur	l̥ ɛ mː ʏ r
hlera	l̥ ɛː r a
hleri	l̥ ɛː r ɪ
hlessa	l̥ ɛ sː a
hleypa	l̥ e iː p a
hlé	l̥ j ɛː
hlébarði	l̥ ɛː p a r ð ɪ
Hlér	l̥ j ɛː r
Hlésey	l̥ j ɛː s e iː
hlið	l̥ ɪː ð
hliðarlína	l̥ ɪː ð a r l iː n a
hliðarvasi	l̥ ɪː ð a r v aː s ɪ
hlíð	l̥ iː ð
hlíðaburkni	l̥ iː ð a p ʏ r̥ k n ɪ
hlíf	l̥ iː v
hlífa	l̥ iː v a
hlíta	l̥ iː t a
hljóð	l̥ j o uː ð
hljóða	l̥ j o uː ð a
hljóðbók	l̥ o u ð p o uː k
hljóðeind	l̥ j o uː ð e i n t
hljóðfæri	l̥ j o u ð f a iː r ɪ
hljóðhimna	l̥ j o u ð h ɪ m n a
hljóðkerfisfræði	l̥ j o uː ð cʰ ɛ r v ɪ s f r a iː ð ɪ
hljóma	l̥ j o uː m a
hljómlist	l̥ j o uː m l ɪ s t
hljómplata	l̥ j o u m pʰ l aː t a
hljómsveit	l̥ j o u m s v e iː t
hljómur	l̥ j o uː m ʏ r
hljóta	l̥ j o uː t a
hlunkur	l̥ u ŋ̊ k ʏ r
hlust	l̥ ʏ s t
hlutgrúpa	l̥ ʏː t k r uː p a
hluti	l̥ ʏː t ɪ
hluttekning	l̥ ʏː t t ɛ h k n i ŋ k
hlutur	l̥ ʏː t ʏ r
hlutverk	l̥ ʏː t v ɛ r̥ k
hlújárn	l̥ uː j a u r t n
hlykkja	l̥ ɪ h c a
hlykkur	l̥ ɪ h k ʏ r
hlymja	l̥ ɪ m j a
hlýða	l̥ iː ð a
hlýðinn	l̥ iː ð ɪ nː
hlýðinn	l̥ iː ð ɪ n
hlýðni	l̥ i ð n ɪ
hlýja	l̥ iː j a
hlýna	l̥ iː n a
hlýr	l̥ iː r
hlýri	l̥ iː r ɪ
hlægja	l̥ a iː j a
hlæja	l̥ a iː j a
hnakki	n̥ a h c ɪ
hnakkur	n̥ a h k ʏ r
hnallur	n̥ a t l ʏ r
hnappaborð	n̥ a h p a p ɔ r ð
hnappstör	n̥ a h p s t œː r
hnappur	n̥ a h p ʏ r
hnaus	n̥ ø yː s
hnefafylli	n̥ ɛː v a f ɪ t l ɪ
hnefahögg	n̥ ɛː v a h œ kː
hnefaleikar	n̥ ɛː v a l e iː k a r
hnefaleikari	n̥ ɛː v a l e iː k a r ɪ
hnefi	n̥ ɛː v ɪ
hnegg	n̥ ɛ kː
hneggja	n̥ ɛ cː a
hneigð	n̥ e i ɣ ð
hneigja	n̥ e iː j a
hneisa	n̥ e iː s a
hneisulegur	n̥ e iː s ʏ l ɛː ɣ ʏ r
hnellinn	n̥ ɛ lː ɪ nː
hnellinn	n̥ ɛ lː ɪ n
hneppa	n̥ ɛ h p a
hneppi	n̥ ɛ h p ɪ
hnerri	n̥ ɛ rː ɪ
hneta	n̥ ɛː t a
hnetubrjótur	n̥ ɛː t ʏ p r j o uː t ʏ r
hnetusmjör	n̥ ɛː t ʏ s m j œː r
hneykja	n̥ e iː c a
hné	n̥ j ɛː
hnésbót	n̥ j ɛː s p o uː t
hnéskel	n̥ j ɛː s c ɛː l
hnigna	n̥ ɪ k n a
hnignun	n̥ ɪ k n ʏ n
hnífasmiður	n̥ iː v a s m ɪː ð ʏ r
hnífasmíði	n̥ iː v a s m iː ð ɪ
hnífur	n̥ iː v ʏ r
hníga	n̥ iː ɣ a
hnísa	n̥ iː s a
hnjóðsyrði	n̥ j o u ð s ɪ r ð ɪ
hnjóta	n̥ j o uː t a
hnjúkur	n̥ j uː k ʏ r
hnoð	n̥ ɔː ð
hnoða	n̥ ɔː ð a
hnoðafræhyrna	n̥ ɔː ð a f r a iː h ɪ r t n a
hnoðri	n̥ ɔ ð r ɪ
hnot	n̥ ɔː t
hnupl	n̥ ʏ h p l
hnupla	n̥ ʏ h p l a
hnussa	n̥ ʏ sː a
hnúðkál	n̥ u ð kʰ a uː l
hnúðkál	n̥ u ð kʰ a u l
hnúður	n̥ uː ð ʏ r
hnúðurbakur	n̥ uː ð ʏ r p aː k ʏ r
hnúfubakur	n̥ uː v ʏ p aː k ʏ r
hnúi	n̥ uː ɪ
hnúskakrækill	n̥ u s k a kʰ r a iː c ɪ t l
hnúskur	n̥ u s k ʏ r
hnútafræði	n̥ uː t a f r a iː ð ɪ
hnútur	n̥ uː t ʏ r
hnykill	n̥ ɪː c ɪ t l
hnykkja	n̥ ɪ h c a
hnykkur	n̥ ɪ h k ʏ r
hnyttinn	n̥ ɪ h t ɪ nː
hnyttinn	n̥ ɪ h t ɪ n
hnýfill	n̥ iː v ɪ t l
hnýta	n̥ iː t a
hnökri	n̥ œː k r ɪ
hobbiti	h ɔ pː ɪː t ɪ
hof	h ɔː v
hokkí	h ɔ h c iː
hola	h ɔː l a
holdsveiki	h ɔ l t s v e iː c ɪ
holdvotur	h ɔ l t v ɔː t ʏ r
Holland	h ɔ l l a n t
hollenska	h ɔ l l ɛ n s k a
hollenskur	h ɔ l l ɛ n s k ʏ r
hollur	h ɔ t l ʏ r
holt	h ɔ l̥ t
holtasóley	h ɔ l̥ t a s o uː l e iː
Holtsetaland	h ɔ l̥ t s ɛː t a l a n t
holur	h ɔː l ʏ r
holurt	h ɔː l ʏ r̥ t
hommi	h ɔ mː ɪ
honum	h ɔː n ʏ m
hopp	h ɔ h p
hoppa	h ɔ h p a
hor	h ɔː r
horaður	h ɔː r a ð ʏ r
horfa	h ɔ r v a
horfur	h ɔ r v ʏ r
hormón	h ɔ r m o uː n
horn	h ɔ r t ⁽ʰ ⁾ n
horn	h ɔ t ⁽ʰ ⁾ n
hornabolti	h ɔ r t n a p ɔ l̥ t ɪ
hornabolti	h ɔ t n a p ɔ l̥ t ɪ
hornafall	h ɔ r t n a f a t l
hornafall	h ɔ t n a f a t l
hornafræði	h ɔ r t n a f r a iː ð ɪ
hornblendi	h ɔ r t n p l ɛ n t ɪ
hornhraði	h ɔ r t n r̥ aː ð ɪ
hornspyrna	h ɔ r t n s p ɪ r t n a
hortugur	h ɔ r̥ t ʏː ɣ ʏ r
horvatn	h ɔ r v a h t n
hóf	h o uː v
hóffífill	h o u v f iː v ɪ t l
hófskegg	h o u v s c ɛ kː
hófsóley	h o u v s o uː l e iː
hófur	h o uː v ʏ r
hógvær	h o uː v a iː r
hólf	h o u l v
hólkur	h o u l̥ k ʏ r
hóll	h o u t l
Hólmfríður	h o u l m f r iː ð ʏ r
hólmganga	h o u l m k a u ŋ k a
hólmur	h o u l m ʏ r
hómófóbía	h o uː m o uː f o uː p iː j a
hópferð	h o uː p f ɛ r ð
hópkynlíf	h o uː p cʰ ɪ n l iː v
hópur	h o uː p ʏ r
hór	h o uː r
hóra	h o uː r a
hórdómur	h o u r t o uː m ʏ r
hóruhús	h o uː r ʏ h uː s
Hórus	h o uː r ʏ s
hósti	h o u s t ɪ
hót	h o uː t
hóta	h o uː t a
hótel	h o uː t ɛ l
hótfyndni	h o uː t f ɪ n t n ɪ
hraða	r̥ aː ð a
hraðahindrun	r̥ aː ð a h ɪ n t r ʏ n
hraðall	r̥ aː ð a t l
hraðbraut	r̥ a ð p r ø yː t
hraði	r̥ aː ð ɪ
hraður	r̥ aː ð ʏ r
hrafn	r̥ a p n
Hrafn	r̥ a p n
hrafnaklukka	r̥ a p n a kʰ l ʏ h k a
hrafnastör	r̥ a p n a s t œː r
Hrafndís	r̥ a p n t iː s
Hrafndís	r̥ a p t iː s
Hrafnhildur	r̥ a p n̥ h ɪ l t ʏ r
Hrafnkell	r̥ a p n cʰ ɛ t l
hrafntinna	r̥ a p n tʰ ɪ nː a
hrak	r̥ aː k
hrammur	r̥ a mː ʏ r
hranalegur	r̥ aː n a l ɛː ɣ ʏ r
hrani	r̥ aː n ɪ
hrap	r̥ aː p
hrapa	r̥ aː p a
hrappur	r̥ a h p ʏ r
hrasa	r̥ aː s a
hrat	r̥ aː t
hraukur	r̥ ø yː k ʏ r
hraun	r̥ ø yː n
hraustur	r̥ ø y s t ʏ r
hrái	r̥ a uː ɪ
hráki	r̥ a uː c ɪ
hráolía	r̥ a uː ɔː l i j a
hrár	r̥ a uː r
hreðka	r̥ ɛ θ k a
hrefna	r̥ ɛ p n a
hreiður	r̥ e iː ð ʏ r
hreimur	r̥ e iː m ʏ r
Hreindís	r̥ e i n t iː s
hreindýr	r̥ e i n t iː r
hreindýrakjöt	r̥ e i n t iː r a cʰ œː t
hreindýrakjöt	r̥ e i n t i r a cʰ œː t
hreindýramosi	r̥ e i n t iː r a m ɔː s ɪ
hreinlæti	r̥ e i n l a iː t ɪ
hreinn	r̥ e i t n̩
Hreinn	r̥ e i t n
hreinskilinn	r̥ e i n s c ɪː l ɪ nː
hreinskilinn	r̥ e i n s c ɪː l ɪ n
hreinsun	r̥ e i n s ʏ n
hreinsunareldur	r̥ e i n s ʏː n aː r ɛ l t ʏ r
hreinsunareldur	r̥ e i n s ʏ n aː r ɛ l t ʏ r
hrekja	r̥ ɛː c a
hrekkja	r̥ ɛ h c a
hrekkjalómur	r̥ ɛ h c a l o uː m ʏ r
hrekkur	r̥ ɛ h k ʏ r
hrella	r̥ ɛ t l a
hrelling	r̥ ɛ t l i ŋ k
hreppur	r̥ ɛ h p ʏ r
hress	r̥ ɛ sː
hreyfa	r̥ e iː v a
hreyfill	r̥ e iː v ɪ t l
hreyfing	r̥ e iː v i ŋ k
hreysa	r̥ e iː s a
hreysi	r̥ e iː s ɪ
hreysiköttur	r̥ e iː s ɪ kʰ œ h t ʏ r
hreyta	r̥ e iː t a
hreytir	r̥ e iː t i r
hriki	r̥ ɪː c ɪ
hrinda	r̥ ɪ n t a
hringa	r̥ i ŋ k a
hringja	r̥ i ɲ c a
hringl	r̥ i ŋ l
hringlaga	r̥ i ŋ k l aː ɣ a
hringstigi	r̥ i ŋ k s t ɪ iː j ɪ
hringstigi	r̥ i ŋ k s t ɪ i j ɪ
hringstigi	r̥ i ŋ k s t ɪ iː j ɪ
hringstigi	r̥ i ŋ k s t ɪ i j ɪ
hringtorg	r̥ i ŋ k tʰ ɔ r k
hringur	r̥ i ŋ k ʏ r
hringvöðvi	r̥ i ŋ k v œ ð v ɪ
hrista	r̥ ɪ s t a
hristingur	r̥ ɪ s t i ŋ k ʏ r
hríð	r̥ iː ð
hríðarbylur	r̥ iː ð a r p ɪː l ʏ r
hrífa	r̥ iː v a
hrím	r̥ iː m
hrímblaðka	r̥ i m p l a ð k a
hrímtittlingur	r̥ i m tʰ ɪ h t l i ŋ k ʏ r
hrína	r̥ iː n a
hrís	r̥ iː s
hrísgrjón	r̥ iː s k r j o uː n
hrísgrjónavín	r̥ iː s k r j o uː n a v iː n
hrísla	r̥ i s t l a
hríspappír	r̥ iː s pʰ a h p iː r
hrjósa	r̥ j o uː s a
hrjóta	r̥ j o uː t a
hrjúfra	r̥ j u v r a
hrjúfur	r̥ j uː v ʏ r
hrogn	r̥ ɔ k n
hrognamál	r̥ ɔ k n a m a uː l
hrokafullur	r̥ ɔː k a f ʏ t ɬ ʏ r
hroki	r̥ ɔː c ɪ
hrollur	r̥ ɔ t l ʏ r
hross	r̥ ɔ sː
hrossafluga	r̥ ɔ sː a f l ʏː ɣ a
hrossakjöt	r̥ ɔ sː a cʰ œː t
hrossanál	r̥ ɔ sː a n a uː l
hrotti	r̥ ɔ h t ɪ
Hróarskelda	r̥ o uː a r̥ s cʰ ɛ l t a
Hróðný	r̥ o u ð n iː
Hróðný	r̥ o u ð n i
hrókera	r̥ o uː k ɛ r a
hrókering	r̥ o uː c ɛ r i ŋ k
hrókur	r̥ o uː k ʏ r
Hrólfur	r̥ o u l v ʏ r
Hróný	r̥ o uː n iː
Hróný	r̥ o uː n i
hróp	r̥ o uː p
hrópa	r̥ o uː p a
hrufla	r̥ ʏ p l a
hrukka	r̥ ʏ h k a
hrukkunjóli	r̥ ʏ h k ʏ n j o uː l ɪ
hrumur	r̥ ʏː m ʏ r
hrun	r̥ ʏː n
hrúður	r̥ uː ð ʏ r
hrúga	r̥ uː a
hrútspungur	r̥ u t s pʰ u ŋ k ʏ r
hrútur	r̥ uː t ʏ r
hryðja	r̥ ɪ ð j a
hryðjuverk	r̥ ɪ ð j ʏ v ɛ r̥ k
hryðjuverkamaður	r̥ ɪ ð j ʏ v ɛ r̥ k a m aː ð ʏ r
hryggbrjóta	r̥ ɪ kː p r j o uː t a
hryggð	r̥ ɪ ɣ ð
hryggja	r̥ ɪ cː a
hryggur	r̥ ɪ kː ʏ r
hrygla	r̥ ɪ k l a
hrygna	r̥ ɪ k n a
hryndi	r̥ ɪ n t ɪ
hrynja	r̥ ɪ n j a
hrynjandi	r̥ ɪ n j a n t ɪ
hrynji	r̥ ɪ n j ɪ
hryssa	r̥ ɪ sː a
hryssingslegur	r̥ ɪ sː i ŋ k s l ɛː ɣ ʏ r
hryssingur	r̥ ɪ sː i ŋ k ʏ r
hræ	r̥ a iː
hræddur	r̥ a i tː ʏ r
hræða	r̥ a iː ð a
hræðilega	r̥ a iː ð ɪ l ɛː ɣ a
hræðilegur	r̥ a iː ð ɪ l ɛː ɣ ʏ r
hræðsla	r̥ a i ð s t l a
hrækja	r̥ a iː c a
hræla	r̥ a iː l a
hræll	r̥ a i t l
hræra	r̥ a iː r a
hræring	r̥ a iː r i ŋ k
hræsnari	r̥ a i s t n a r ɪ
hræsni	r̥ a i s t n ɪ
hræsnistár	r̥ a i s t n ɪ s tʰ a uː r
hrææta	r̥ a iː j a iː t a
hrææta	r̥ a iː a iː t a
hrökkbrauð	r̥ œ h k p r ø yː ð
hrökkva	r̥ œ h k v a
hröngl	r̥ ø y ŋ l
hrönn	r̥ œ nː
hrörnun	r̥ œ r t n ʏ n
hugaræsing	h ʏː ɣ a r a iː s i ŋ k
huggulegur	h ʏ kː ʏ l ɛː ɣ ʏ r
huggun	h ʏ kː ʏ n
hughyggja	h ʏː ɣ h ɪ cː a
hugi	h ʏ iː j ɪ
huglaus	h ʏ ɣ l ø yː s
hugleysingi	h ʏ ɣ l e iː s i ɲ c ɪ
hugmynd	h ʏ ɣ m ɪ n t
hugmyndafræði	h ʏ ɣ m ɪ n t a f r a iː ð ɪ
hugrekki	h ʏ ɣ r ɛ h k ɪ
hugsa	h ʏ k s a
hugsa	h ʏ x s a
hugsanlegur	h ʏ x s a n l ɛː ɣ ʏ r
hugsjónamaður	h ʏ x s j o uː n a m aː ð ʏ r
hugsun	h ʏ k s ʏ n
hugsun	h ʏ x s ʏ n
hugur	h ʏː ɣ ʏ r
hula	h ʏː l a
hulda	h ʏ l t a
Hulda	h ʏ l t a
hulduefni	h ʏ l t ʏ ɛ p n ɪ
humall	h ʏː m a t l
humar	h ʏː m a r
hunang	h ʏː n a u ŋ k
hunangsfluga	h ʏː n a u ŋ k s f l ʏː ɣ a
hundafangari	h ʏ n t a f a u ŋ k aː r ɪ
hundafangari	h ʏ n t a f a u ŋ k a r ɪ
hundamatur	h ʏ n t aː m aː t ʏ r
hundasúra	h ʏ n t a s uː r a
hundrað	h ʏ n t r aː ð
hundraðasti	h ʏ n t r a ð a s t ɪ
hundshaus	h ʏ n t s h ø yː s
hundur	h ʏ n t ʏ r
hungur	h u ŋ k ʏ r
hurð	h ʏ r ð
húð	h uː ð
húðflúr	h u ð f l uː r
húðsjúkdómafræði	h uː ð s j u k t o uː m a f r a iː ð ɪ
húðsjúkdómafræðingur	h uː ð s j u k t o uː m a f r a iː ð i ŋ k ʏ r
húfa	h uː v a
húfa	h uː a
húfur	h uː v ʏ r
húfur	h uː v ʏ r
húfur	h uː ʏ r
húka	h uː k a
húm	h uː m
hún	h uː n
húnn	h u t n
hús	h uː s
húsbóndi	h u s p o u n t ɪ
húsdýr	h uː s t iː r
húsfreyja	h uː s f r e iː j a
húsfrú	h uː s f r uː
húsgagn	h uː s k a k n
húsmunir	h uː s m ʏː n ɪ r
húsnæði	h uː s n a iː ð ɪ
hvað	kʰ v aː ð
hvað	xʷ aː ð
hvaða	xʷ aː ð a
hvaða	kʰ v aː ð a
hvaðan	kʰ v aː ð a n
hvaðan	xʷ aː ð a n
hvala	xʷ aː l a
hvala	kʰ v aː l a
hvalaskoðun	kʰ v aː l a s k ɔː ð ʏ n
hvalkjöt	xʷ a l cʰ œː t
hvalreki	kʰ v aː l r ɛ kʲ ɪ
hvalstöð	kʰ v a l s t œː ð
hvalur	kʰ v aː l ʏ r
hvalur	xʷ aː l ʏ r
hvalveiði	kʰ v a l v e iː ð ɪ
hvap	kʰ v aː p
hvar	kʰ v aː r
hvar	xʷ aː r
hvarfstig	xʷ a r f s t ɪː ɣ
hvarmur	kʰ v a r m ʏ r
hvarmur	xʷ a r m ʏ r
hvass	xʷ a sː
hvass	kʰ v a sː
hvatberi	kʰ v a t p ɛː r ɪ
hvati	kʰ v aː t ɪ
hvatning	kʰ v a h t n i ŋ k
hvatning	xʷ a h t n i ŋ k
hvatur	kʰ v aː t ʏ r
hvatur	xʷ aː t ʏ r
hvá	xʷ a uː
Hveðn	xʷ ɛ ð n
Hveðn	kʰ v ɛ ð n
hveiti	kʰ v e iː t ɪ
hveiti	xʷ e iː t ɪ
hveitikím	kʰ v e iː t ɪ kʰ iː m
hveitiklíð	xʷ e iː t ɪ kʰ l iː ð
hvel	kʰ v ɛː l
hvelatengsl	xʷ ɛː l a tʰ e i ŋ s t l
hvelfdur	kʰ v e l v t ʏ r
hvelfing	kʰ v ɛ l v i ŋ k
hvenær	kʰ v ɛː n a i r
hvenær	xʷ ɛː
hver	kʰ v ɛː r
hver	kʰ v ʏː r
hver	xʷ ɛː r
hver	x v ʏː r
hver	x ʏː r
hver	kʰ v œː r
hver	kʰ v ɛː r
hver	xʷ ɛː r
hverfa	kʰ v ɛ r v a
hverfi	kʰ v ɛ r v ɪ
hverfi	xʷ ɛ r v ɪ
hverfill	kʰ v ɛ r v ɪ t l
hverflyndi	kʰ v ɛ r v l ɪ n t ɪ
hverflyndur	kʰ v ɛ r v l ɪ n t ʏ r
hverfull	kʰ v ɛ r v ʏ t l
hvergi	kʰ v ɛ r c ɪ
hvernig	kʰ v ɛ r t n ɪ x
hvernig	kʰ v ɛ t n ɪ x
hvernig	kʰ v ɛ r t n ɪ j
hvernig	kʰ v ɛ t n ɪ j
hvert	xʷ ɛ r̥ t
hvert	kʰ v ɛ r̥ t
hvetja	xʷ ɛː t j a
hviða	xʷ ɪː ð a
hviða	kʰ v ɪː ð a
hvika	kʰ v ɪː k a
hviklyndi	kʰ v ɪː k l ɪ n t ɪ
hviklyndur	kʰ v ɪː k l ɪ n t ʏ r
hvikull	kʰ v ɪː k ʏ t l
hvirfilbylur	kʰ v ɪ r v ɪ l p ɪː l ʏ r
hvirfill	kʰ v ɪ r v ɪ t l
hvirfilvindur	kʰ v ɪ r v ɪ l v ɪ n t ʏ r
hví	kʰ v iː
hví	xʷ iː
hvíla	kʰ v iː l a
hvíld	xʷ i l t
hvína	xʷ iː n a
hvítabjörn	xʷ iː t a p j œ r t n
hvítasunna	xʷ iː t a s ʏ nː a
Hvítá	xʷ iː t a uː
Hvítá	kʰ v iː t a uː
hvítblæði	xʷ iː t p l a iː ð ɪ
hvítkál	xʷ iː t kʰ a uː l
hvítlauksgeiri	kʰ v iː t l ø y k s c e iː r ɪ
hvítlaukspressa	kʰ v iː t l ø y k s pʰ r ɛ sː a
hvítlaukur	xʷ iː t l ø yː k ʏ r
hvítmaðra	kʰ v iː t m a ð r a
hvítmosi	kʰ v iː t m ɔː s ɪ
hvítur	xʷ iː t ʏ r
hvítur	kʰ v iː t ʏ r
hvítvín	xʷ iː t v iː n
hvolf	kʰ v ɔ l v
hvolfa	kʰ v ɔ l v a
hvolpur	kʰ v ɔ l̥ p ʏ r
hvolpur	xʷ ɔ l̥ p ʏ r
hvor	xʷ ɔː r
hvor	kʰ v ɔː r
hvorugkyn	xʷ ɔː r ʏ ɣ cʰ ɪː n
hvæs	kʰ v a iː s
hvæsa	xʷ a iː s a
hvæsa	kʰ v a iː s a
hvörf	kʰ v œ r v
hvöt	kʰ v œː t
hvöt	xʷ œː t
hyggja	h ɪ cː a
hyggjuvit	h ɪ cː ʏ v ɪː t
hylja	h ɪ l j a
hylki	h ɪ l̥ c ɪ
hylla	h ɪ t l a
hylli	h ɪ t l ɪ
hylling	h ɪ t l i ŋ k
hylur	h ɪː l ʏ r
hyr	h ɪː r
hyrna	h ɪ r t n a
hyrnd	h ɪ r n t
hyrni	h ɪ r t n ɪ
hyski	h ɪ s c ɪ
hyskni	h ɪ s k n ɪ
hýdrat	ç iː t r aː t
hýði	h iː ð ɪ
hýðishrísgrjón	h iː ð ɪ s r̥ iː s k r j o uː n
hýena	h iː ɛ n a
hýjungur	h iː j u ŋ k ʏ r
hýr	ç iː r
hýrna	h i r t n a
hýsill	h iː s ɪ t l
hæ	h a iː
hæð	h a iː ð
hæða	h a iː ð a
hæðni	h a i ð n ɪ
hæfa	h a iː v a
hæfileiki	h a iː v ɪ l e iː c ɪ
hæfni	h a i p n ɪ
hæfur	h a iː v ʏ r
hægð	h a i ɣ ð
hægðatregða	h a i ɣ ð a tʰ r ɛ ɣ ð a
hægur	h a iː ɣ ʏ r
hæka	h a iː k a
hækill	h a i cː ɪ t l
hækja	h a iː c a
hækka	h a i h k a
hækkun	h a i h k ʏ n
hæla	h a iː l a
hæll	h a i t l
hæna	h a iː n a
hængur	h a i ŋ k ʏ r
hænsn	h a i n s t n
hænuegg	h a iː n ʏ ɛ kː
hæra	h a iː r a
hærður	h a i r ð ʏ r
hæsi	h a iː s ɪ
hæstiréttur	h a i s t ɪ r j ɛ h t ʏ r
hætta	h a i h t a
hættulegur	h a i h t ʏ l ɛː ɣ ʏ r
Höfðaborg	h œ v ð a p ɔ r k
höfði	h œ v ð ɪ
höfðingi	h œ v ð i ɲ c ɪ
höfgi	h œ v c ɪ
höfn	h œ p n
höfnun	h œ p n ʏ n
höfrungur	h œ v r u ŋ k ʏ r
höfuð	h œː v ʏ θ
höfuðborg	h œː v ʏ ð p ɔ r k
höfuðborgarsvæði	h œː v ʏ θ p ɔ r k a r s v a iː ð ɪ
Höfuðborgarsvæðið	h œː v ʏ θ p ɔ r k a r s v a iː ð ɪ ð
höfuðbúnaður	h œː v ʏ ð p uː n aː ð ʏ r
höfuðbúnaður	h œː v ʏ ð p uː n a ð ʏ r
höfuðsmaður	h œː v ʏ ð s m aː ð ʏ r
höfuðverkur	h œː v ʏ ð v ɛ r̥ k ʏ r
höfundur	h œː v ʏ n t ʏ r
högg	h œ kː
höggormur	h œ kː ɔ r m ʏ r
höggva	h œ kː v a
hökull	h œː k ʏ t l
hökutoppur	h œː k ʏ tʰ ɔ h p ʏ r
höll	h œ t l
hönd	h œ n t
hönk	h ø y ŋ̊ k
hönk	h œ ŋ̊ k
hönnun	h œ nː ʏ n
hör	h œː r
Hörðaland	h œ r ð a l a n t
Hörður	h œ r ð ʏ r
hörfinka	h œ r f i ŋ k a
hörfræ	h œ r f r a iː
hörgur	h œ r k ʏ r
Hörn	h œ r t ⁽ʰ ⁾ n
Hörn	h œ t ⁽ʰ ⁾ n
hörpudiskur	h œ r̥ p ʏ t ɪ s k ʏ r
hörpuskel	h œ r̥ p ʏ s c ɛː l
hörund	h œː r ʏ n t
höstugur	h œ s t ʏː ɣ ʏ r
i	ɪː
ið	ɪː ð
iða	ɪː ð a
Iða	ɪː ð a
iðja	ɪ ð j a
iðn	ɪ ð n
iðnaður	ɪ ð n aː ð ʏ r
iðngrein	ɪ ð n k r e iː n
iðulega	ɪː ð ʏ l ɛː ɣ a
Iðunn	ɪː ð ʏ nː
Iðunn	ɪː ð ʏ n
igla	ɪ k l a
il	ɪː l
ildi	ɪ l t ɪ
illgresi	ɪ t l k r ɛː s ɪ
illmælgi	ɪ t l m a i l c ɪ
illmæli	ɪ t l m a iː l ɪ
illska	ɪ l s k a
illska	i l s k a
illur	ɪ t l ʏ r
illur	i t l ʏ r
ilma	ɪ l m a
ilmur	ɪ l m ʏ r
Ilmur	ɪ l m ʏ r
ilmvatn	ɪ l m v a h t n
ilskór	ɪ l s k o uː r
imbakassi	ɪ m p a kʰ a sː ɪ
imbi	ɪ m p ɪ
Indland	ɪ n t l a n t
Indónesía	ɪ n t o uː n ɛː s iː j a
Indónesía	ɪ n t o uː n ɛː s i j a
Indriðason	ɪ n t r ɪː ð a s ɔː n
Indriði	ɪ n t r ɪː ð ɪ
Indriðína	ɪ n t r ɪː ð iː n a
Indriðína	ɪ n t r ɪː ð iː n a
Indriðína	ɪ n t r ɪ ð iː n a
Indriðína	ɪ n t r ɪ ð iː n a
Indverji	ɪ n t v ɛ r j ɪ
indverskur	ɪ n t v ɛ r̥ s k ʏ r
indæll	ɪ n t a i t l
Ingi	i ɲ c ɪ
Ingibjörg	i ɲ c ɪ p j œ r k
Ingimundína	i ŋ c ɪ m ʏ n t iː n a
Ingimundína	i ŋ c ɪ m ʏ n t iː n a
Ingimundur	i ɲ c ɪ m ʏ n t ʏ r
Ingólfína	i ŋ k o u l v iː n a
Ingólfína	i ŋ k o u l v iː n a
Ingólfur	i ŋ k o u l v ʏ r
Ingunn	i ŋ k ʏ nː
Ingunn	i ŋ k ʏ n
Ingvarsson	i ŋ k v a r̥ s s ɔː n
inna	ɪ nː a
innan	ɪ nː a n
innbrot	ɪ nː p r ɔː t
innbrot	ɪ n p r ɔː t
innfeldi	ɪ nː f ɛ l t ɪ
innfeldi	ɪ n f ɛ l t ɪ
innflytjandi	ɪ nː f l ɪː t j a n t ɪ
innflytjandi	ɪ n f l ɪː t j a n t ɪ
innganga	ɪ nː k a u ŋ k a
innganga	ɪ n k a u ŋ k a
inngangur	ɪ nː k a u ŋ k ʏ r
inngangur	ɪ n k a u ŋ k ʏ r
inngrip	ɪ nː k r ɪː p
inngrip	ɪ n k r ɪː p
innheimta	ɪ nː h e i m̥ t a
innihald	ɪ nː ɪ h a l t
innihalda	ɪ nː ɪ h a l t a
innkast	ɪ nː kʰ a s t
innkast	ɪ n kʰ a s t
innkaup	ɪ nː kʰ ø yː p
innkaup	ɪ n kʰ ø yː p
innlendur	ɪ nː l ɛ n t ʏ r
innlendur	ɪ n l ɛ n t ʏ r
innmatur	i nː m aː t ʏ r
innrita	ɪ nː r ɪː t a
innrita	ɪ n r ɪː t a
innritun	ɪ nː r ɪː t ʏ n
innritun	ɪ n r ɪː t ʏ n
innræting	ɪ nː r a iː t i ŋ k
innsog	ɪ nː s ɔː k
innsog	ɪ n s ɔː k
innstunga	ɪ n s t u ŋ k a
innyfli	ɪ nː ɪ p l ɪ
inséníör	ɪ n s j ɛː n i j œː r
inséníör	ɪ n s j ɛː n i œː r
inséníör	ɪ n s j ɛ n i j œː r
inséníör	ɪ n s j ɛ n i œː r
Internet	ɪ n̥ t ɛ r n ɛː t
í	iː
Í	iː
ídýfa	iː t iː v a
íferðarfall	iː f ɛ r ð a r f a t l
íhald	iː h a l t
íhaldssamur	iː h a l t s s aː m ʏ r
íhaldssamur	iː h a l t s aː m ʏ r
íhvolfur	iː kʰ v ɔ l v ʏ r
íkornabygg	iː kʰ ɔ r t n a p ɪ kː
íkorni	iː kʰ ɔ r t n ɪ
íla	iː l a
ímynd	iː m ɪ n t
Íri	iː r ɪ
Írland	i r l a n t
írónía	iː r o uː n iː j a
írónía	iː r o u n iː j a
ís	iː s
Ísakína	iː s aː k iː n a
Ísakína	iː s aː k iː n a
Ísakína	iː s a k iː n a
Ísakína	iː s a k iː n a
ísaumur	iː s ø yː m ʏ r
ísbjörn	iː s p j œ r t n
Ísey	iː s ɛ i̯
Ísis	iː s ɪ s
ískra	iː s k r a
íslam	iː s t l aː m
íslam	iː s t l a m
íslam	iː s l aː m
íslam	iː s l a m
Ísland	i s t l a n t
Ísland	i s t l a n t
Íslendingur	i s t l ɛ n t ɪ ŋ k ʏ r
íslenska	i s t l ɛ n s k a
íslenska	i s t l ɛ n s k a
íslenskan	iː s l ɛ n s k a n
íslenskan	i s t l ɛ n s k a n
íslensku	iː s l ɛ n s k ʏ
íslensku	i s t l ɛ n s k ʏ
íslenskur	i s t l ɛ n s k ʏ r
íslenskur	i s t l ɛ n s k ʏ r
Ísmael	iː s m aː ɛː l
Ísmael	iː s m aː ɛ l
Ísmael	iː s m a ɛː l
Ísmael	iː s m a ɛ l
ísmoli	iː s m ɔː l ɪ
ísópren	iː s o uː pʰ r ɛː n
íspinni	iː s pʰ ɪ nː ɪ
Ísrael	iː s r aː ɛː l
Ísrael	iː s r aː ɛː l
Ísrael	iː s r a ɛː l
Ísrael	iː s r a ɛː l
ístað	iː s t aː ð
ístra	i s t r a
Ítali	iː tʰ aː l ɪ
Ítalía	iː tʰ aː l iː j a
Ítalía	iː tʰ aː l iː j a
ítalska	iː tʰ a l s k a
ítreka	iː tʰ r ɛː k a
ítrekað	iː tʰ r ɛː k a ð
Ívar	iː v aː r
Ívar	iː v a r
ívera	iː v ɛː r a
íverufall	iː v ɛː r ʏ f a t l
íþrótt	iː θ r o u h t
íþróttahús	iː θ r o u h t a h uː s
íþætta	iː θ a iʰ t a
j	j ɔ ðː
jaðar	j aː ð a r
Jaðar	j aː ð a r
jaðarrokk	j aː ð a r r ɔ h k
jaði	j aː ð ɪ
jafn	j a p n
jafna	j a p n a
jafnaðarstefna	j a p n aː ð a r s t ɛ p n a
jafnaldri	j a p n a l t r ɪ
jafni	j a p n ɪ
jafningi	j a p n i ɲ c ɪ
jafnoki	j a p n ɔː c ɪ
jafnt	j a m̥ t
jafnt	j a f t
jafntefli	j a p n tʰ ɛ p l ɪ
jafnvægi	j a p n v a iː j ɪ
jagúar	j aː k uː a r
jaki	j aː c ɪ
jakkaföt	j a h k a f œː t
jakki	j a h c ɪ
Jakob	j aː kʰ ɔː p
Jakob	j aː kʰ ɔ p
Jakobína	j aː kʰ ɔː p iː n a
Jakobína	j aː kʰ ɔː p iː n a
Jakobína	j aː kʰ ɔ p iː n a
Jakobína	j aː kʰ ɔ p iː n a
jakobsfífill	j aː kʰ ɔ p s f iː v ɪ t l
jakuxi	j aː k ʏ x s ɪ
jakuxi	j aː k ʏ k s ɪ
Jana	j aː n a
janúar	j aː n uː aː r
janúar	j aː n uː a r
janúar	j aː n u aː r
janúar	j aː n u a r
Japan	j aː pʰ aː n
Japan	j aː pʰ a n
Japani	j aː pʰ aː n ɪ
Japani	j aː pʰ a n ɪ
japanska	j aː pʰ a n s k a
japanskur	j aː pʰ a n s k ʏ r
jarða	j a r ð a
jarðarber	j a r ð a r p ɛː r
jarðarberjasulta	j a r ð a r p ɛː r j a s ʏ l̥ t a
jarðarbúi	j a r ð a r p uː ɪ
jarðarför	j a r ð a r f œː r
jarðepli	j a r ð ɛ h p l ɪ
jarðfræði	j a r ð f r a iː ð ɪ
jarðhiti	j a r ð h ɪː t ɪ
jarðhneta	j a r ð n̥ ɛː t a
jarðlag	j a r ð l aː ɣ
jarðsaga	j a r ð s aː ɣ a
jarðskjálftafræði	j a r ð s c a u l̥ t a f r a iː ð ɪ
jarðskjálfti	j a r ð s c a u l̥ t ɪ
jarðskorpa	j a r ð s k ɔ r̥ p a
jarðsprengja	j a r ð s p r e i ɲ c a
jarðsvín	j a r ð s v iː n
jarðúlfur	j a r ð u l v ʏ r
jarðvegur	j a r ð v ɛː ɣ ʏ r
jarðyrkja	j a r ð ɪ r̥ c a
jarl	j a r t l
jarl	j a t l
jarlsfrú	j a r t l s f r uː
jarma	j a r m a
jarmur	j a r m ʏ r
Jarþrúður	j a r̥ θ r uː ð ʏ r
jaxl	j a k s t l
jaxl	j a x s t l
já	j a uː
jáeind	j a uː e i n t
jálkur	j a u l̥ k ʏ r̥
járn	j a u r t ⁽ʰ ⁾ n
járn	j a u t ⁽ʰ ⁾ n
járna	j a u r t n a
járna	j a u t n a
járnbraut	j a u r t n p r ø yː t
járnbrautarlest	j a u r t n p r ø yː t a r l ɛ s t
járnbrautarstöð	j a u r t n p r ø yː t a r s t œː ð
járning	j a u r t n i ŋ k
járningamaður	j a u r t n i ŋ k a m aː ð ʏ r
járnsmiður	j a u r t n s m ɪː ð ʏ r
járntjald	j a u r t n tʰ j a l t
járnöld	j a u r t n œ l t
játa	j a uː t a
Játvarður	j a uː t v a r ð ʏ r
Játvarður	j a u t v a r ð ʏ r
je	j ɛː
jedúddamía	j ɛː t u tː a m i a
jeminn	j ɛː m ɪ nː
jeminn	j ɛː m ɪ n
jen	j ɛː n
Jensen	j ɛ n s ɛ nː
Jensen	j ɛ n s ɛ n
Jensína	j ɛ n s iː n a
Jensína	j ɛ n s i n a
jeppi	j ɛ h p ɪ
Jerúsalem	j ɛː r uː s aː l ɛː m
Jerúsalem	j ɛː r uː s aː l ɛ m
jess	j ɛ sː
Jesús	j ɛː s uː s
Jesús	j ɛː s u s
jiddíska	j ɪ tː i s k a
joð	j ɔː ð
Johnsen	j o u n s ɛː nː
Johnsen	j o u n s ɛː n
Johnsen	j o u n s ɛ nː
Johnsen	j o u n s ɛ n
Jóakim	j o uː a cʰ ɪ m
Jóakim	j o uː a cʰ ɪ m
Jódís	j o uː t iː s
jóð	j o uː ð
jóðla	j o u ð l a
Jóhann	j o uː h a nː
Jóhann	j o uː h a n
Jóhanna	j o uː h a nː a
Jóhannes	j o uː h a nː ɛː s
Jóhannes	j o uː h a n ɛː s
Jóhannesína	j o uː h a nː ɛː s iː n a
Jóhannesína	j o uː h a nː ɛː s iː n a
Jóhannesína	j o uː h a nː ɛ s iː n a
Jóhannesína	j o uː h a nː ɛ s iː n a
Jóhannesína	j o uː h a n ɛː s iː n a
Jóhannesína	j o uː h a n ɛː s iː n a
Jóhannesína	j o uː h a n ɛ s iː n a
Jóhannesína	j o uː h a n ɛ s iː n a
jól	j o uː l
jólabókaflóð	j o uː l a p o uː k a f l o uː ð
jólabókaflóð	j o uː l a p o uː k a f l o uː ð
Jólaeyja	j o uː l a e iː j a
jólagjöf	j o uː l a c œː v
jólakúla	j o uː l a kʰ uː l a
jólaköttur	j o uː l a kʰ œ h t ʏ r
jólaljós	j o uː l a l j o uː s
Jón	j o uː n
jón	j o uː n
jóna	j o uː n a
Jónas	j o uː n aː s
Jónas	j o uː n a s
Jónasína	j o uː n aː s iː n a
Jónasína	j o uː n aː s iː n a
Jónasína	j o uː n a s iː n a
Jónasína	j o uː n a s iː n a
Jónatan	j o u̯ː n a tʰ aː n
Jóndís	j o u n t iː s
Jónheiður	j o uː n h e iː ð ʏ r
Jónína	j o uː n iː n a
Jónmundur	j o u n m ʏ n t ʏ r
Jóný	j o uː n iː
Jóný	j o uː n i
jór	j o uː r
Jórdan	j o u r t aː n
Jórdan	j o u r t a n
Jórdanía	j o u r t aː n iː j a
Jórdanía	j o u r t aː n iː j a
Jórdanía	j o u r t a n iː j a
Jórdanía	j o u r t a n iː j a
jórtra	j o u r̥ t r a
Jórunn	j o uː r ʏ nː
Jórunn	j o uː r ʏ n
Jósebína	j o uː s ɛː p iː n a
Jósebína	j o uː s ɛː p iː n a
Jósebína	j o uː s ɛ p iː n a
Jósebína	j o uː s ɛ p iː n a
Jósefína	j o uː s ɛː f iː n a
Jósefína	j o uː s ɛː f iː n a
jóskur	j o u s k ʏ r
Jótland	j o uː t l a n t
juða	j ʏː ð a
jurt	j ʏ r̥ t
jú	j uː
Júdea	j uː t ɛː a
Júdit	j uː t ɪː t
júði	j uː ð ɪ
júgur	j uː ʏ r
Júkki	j u h c ɪ
júlí	j uː l iː
júlímánuður	j uː l iː m a uː n ʏ ð ʏ r
júlímánuður	j uː l i m a uː n ʏ ð ʏ r
Júlíus	j uː l iː j ʏ s
Júlíus	j uː l i j ʏ s
júní	j uː n iː
júnímánuður	j uː n iː m a uː n ʏ ð ʏ r
júnímánuður	j uː n i m a uː n ʏ ð ʏ r
Júpíter	j uː p iː tʰ ɛː r
jæja	j a iː j a
jöfnun	j œ p n ʏ n
jöklaklukka	j œ h k l a kʰ l ʏ h k a
jöklasóley	j œ h k l a s o uː l e iː
jökulhlaup	j œː k ʏ l l̥ ø yː p
jökull	j œː k ʏ t l̥
jökulsá	j œː ɡ ʏ l s a u
jörð	j œ r ð
Jörgensen	j œ r k ɛ n s ɛː nː
Jörgensen	j œ r k ɛ n s ɛː n
Jörgensen	j œ r k ɛ n s ɛ nː
Jörgensen	j œ r k ɛ n s ɛ n
Jörgensen	j œ r k ɛ n s ɛː nː
Jörgensen	j œ r k ɛ n s ɛː n
Jörgensen	j œ r k ɛ n s ɛ nː
Jörgensen	j œ r k ɛ n s ɛ n
Jörundína	j œː r ʏ n t iː n a
Jörundína	j œː r ʏ n t iː n a
jöstur	j œ s t ʏ r
jötunn	j œː tʰ ʏ nː
jötunuxi	j œː tʰ ʏ n ʏ x s ɪ
Kaaber	kʰ ɔː p ɛ r
kaðall	kʰ aː ð a t l
kaðlari	kʰ a ð l a r ɪ
Kaðlín	kʰ a ð l iː n
kaf	kʰ aː v
kafa	kʰ aː v a
kafald	kʰ aː v a l t
kafari	kʰ aː v a r ɪ
kafbátur	kʰ a v p a uː t ʏ r
kaffi	kʰ a fː ɪ
kaffibrauð	kʰ a fː ɪ p r ø yː ð
kaffihús	kʰ a fː ɪ h uː s
kaffistofa	kʰ a fː ɪ s t ɔ v a
kaffivél	kʰ a fː ɪ v j ɛː l
kafli	kʰ a p l ɪ
kafna	kʰ a p n a
kaggi	kʰ a cː ɪ
kajak	kʰ a iː j aː k
kaka	kʰ aː k a
kakkalakki	kʰ a h k a l a h c ɪ
kakó	kʰ aː k o uː
kaktus	kʰ a x t ʏ s
kal	kʰ aː l
kala	kʰ aː l a
kaldhæðinn	kʰ a l t h a i ð ɪ n
kaldhæðni	kʰ a l t h a i ð n ɪ
kaldi	kʰ a l t ɪ
kaldur	kʰ a l t ʏ r
kaleikur	kʰ aː l e iː k ʏ r
Kalifornía	kʰ aː l ɪ f ɔ r n i j a
kalín	kʰ aː l iː n
kalk	kʰ a l̥ k
kalka	kʰ a l̥ k a
kalkspat	kʰ a l̥ k s p aː t
kalksteinn	kʰ a l̥ k s t e i t n
kalkúnn	kʰ a l̥ k u t n
kall	kʰ a t l
kalla	kʰ a t l a
kalsi	kʰ a l s ɪ
kalsín	kʰ a l s iː n
kalsít	kʰ a l s iː t
kamar	kʰ aː m a r
kambur	kʰ a m p ʏ r
kameldýr	kʰ aː m ɛ l t iː r
kamelljón	kʰ aː m ɛ l l j o uː n
kamelljón	kʰ aː m ɛ l j o uː n
kamfóra	kʰ a m f o uː r a
kampavín	kʰ a m̥ p a v iː n
kampur	kʰ a m̥ p ʏ r
Kanada	kʰ aː n aː t a
Kanada	kʰ aː n a t a
kanadagæs	kʰ aː n a t a c a iː s
kanarífugl	kʰ aː n a r iː f ʏ k l
kanill	kʰ aː n ɪ t l
kanína	kʰ aː n iː n a
kanna	kʰ a nː a
kanóna	k a n o uː n a
kanslari	kʰ a n s t l a r ɪ
Kantaraborg	kʰ a n̥ t a r a p ɔ r k
kantata	kʰ a n̥ t aː t a
kantmaður	kʰ a n̥ t m aː ð ʏ r
kantur	kʰ a n̥ t ʏ r
kapall	kʰ aː p a t l
kapari	kʰ aː p a r ɪ
kapella	kʰ aː p ɛ t l a
kapítuli	kʰ aː p i tʰ ʏː l ɪ
kapítuli	kʰ aː p i tʰ ʏ l ɪ
kaplamjólk	kʰ a h p l a m j o u l̥ k
kapp	kʰ a h p
kappi	kʰ a h p ɪ
kar	kʰ aː r
Kara	kʰ aː r a
karakter	kʰ a r a x t ɛː r
karakter	kʰ a r a x t ɛ r
karamella	kʰ aː r a m ɛ lː a
karate	kʰ aː r a t ɛː
karbónat	kʰ a r p o uː n aː t
kardináli	kʰ a r t ɪ n a uː l ɪ
Karen	kʰ aː r ɛː n
Karen	kʰ aː r ɛ n
karfa	kʰ a r v a
karkari	kʰ a r̥ k a r ɪ
karl	kʰ a r t l
karl	kʰ a t l
karlfauskur	kʰ a r t l f ø y s k ʏ r
karlfugl	kʰ a r t l f ʏ k l
karli	kʰ a r t l ɪ
karlkyn	kʰ a r t l̥ cʰ ɪː n
karlmaður	kʰ a r t l m aː ð ʏ r
karlremba	kʰ a r t l r ɛ m p a
karma	kʰ a r m a
karmur	kʰ a r m ʏ r
karp	kʰ a r̥ p
karpa	kʰ a r̥ p a
karrí	kʰ a rː iː
karrí	kʰ a rː i
karsi	kʰ a r̥ s ɪ
karst	kʰ a r̥ s t
karta	kʰ a r̥ t a
kartafla	kʰ a r̥ t a p l a
Karþagó	kʰ a r̥ θ a k o uː
Kasakstan	kʰ aː s a x s t a n
kasheitur	k aː s h e iː t ʏ r
kassi	kʰ a sː ɪ
kast	kʰ a s t
kasta	kʰ a s t a
kastali	kʰ a s t aː l ɪ
kastali	kʰ a s t a l ɪ
kastari	kʰ a s t aː r ɪ
kastari	kʰ a s t a r ɪ
kastilíska	kʰ a s t ɪ l i s k a
Katrín	kʰ aː t r iː n
kattamatur	kʰ a h t a m aː t ʏ r
kattardýr	kʰ a h t a r t iː r
kattarjurt	kʰ a h t a r j ʏ r̥ t
kaup	kʰ ø yː p
kaupa	kʰ ø yː p a
kaupandi	kʰ ø yː p a n t ɪ
kaupmaður	kʰ ø y p m aː ð ʏ r
kaupstefna	kʰ ø y p s t ɛ p n a
kaupunautur	kʰ ø yː p ʏ n ø yː t ʏ r
kaþólskur	k aː θ o u l s k ʏ r
ká	kʰ a uː
káeta	kʰ a uː ɛː t a
káfa	kʰ a uː v a
káka	kʰ a uː k a
kál	kʰ a uː l
kála	kʰ a uː l a
kálfi	kʰ a u l v ɪ
kálfur	kʰ a u l v ʏ r
kápa	kʰ a uː p a
Kára	kʰ a uː r a
Kári	kʰ a uː r ɪ
kássa	kʰ a u sː a
kátur	kʰ a uː t ʏ r
keðja	cʰ ɛ ð j a
kefja	c ɛ v j a
kefla	cʰ ɛ p l a
kefli	cʰ ɛ p l ɪ
keifa	cʰ e iː v a
keila	cʰ e iː l a
keipa	cʰ e iː p a
keipur	cʰ e iː p ʏ r
keisaraskurður	cʰ e iː s aː r a s k ʏ r ð ʏ r
keisaraviður	cʰ e iː s aː r a v ɪː ð ʏ r
keisari	cʰ e iː s aː r ɪ
kekkur	cʰ ɛ h k ʏ r
kelda	cʰ ɛ l t a
kelfa	cʰ ɛ l v a
kelfing	cʰ ɛ l v i ŋ k
kelta	cʰ ɛ l̥ t a
kempa	cʰ ɛ m̥ p a
kengur	cʰ e i ŋ k ʏ r
kengúra	cʰ e i ŋ k uː r a
kenjar	cʰ ɛ n j a r
kenjóttur	cʰ ɛ n j o u h t ʏ r
kenna	cʰ ɛ nː a
kennarasleikja	cʰ ɛ nː a r a s t l e iː c a
kennaratyggjó	cʰ ɛ nː aː r a tʰ ɪ cː o uː
kennaratyggjó	cʰ ɛ nː aː r a tʰ ɪ cː o u
kennaratyggjó	cʰ ɛ nː a r a tʰ ɪ cː o uː
kennaratyggjó	cʰ ɛ nː a r a tʰ ɪ cː o u
kennari	cʰ ɛ nː aː r ɪ
kennd	cʰ ɛ n t
kenning	cʰ ɛ nː i ŋ k
kennitala	cʰ ɛ nː ɪ tʰ aː l a
kennsla	cʰ ɛ n s t l a
kennslubók	cʰ ɛ n s t l ʏ p o uː k
kennslustund	cʰ ɛ n s t l ʏ s t ʏ n t
keppa	cʰ ɛ h p a
keppinautur	cʰ ɛ h p ɪ n ø yː t ʏ r
keppni	cʰ ɛ h p n ɪ
ker	cʰ ɛː r
kerfi	cʰ ɛ r v ɪ
kerfill	cʰ ɛ r v ɪ t l
kergja	cʰ ɛ r c a
kerling	cʰ ɛ r t l i ŋ k
kerling	cʰ ɛ t l i ŋ k
kerra	cʰ ɛ rː a
kertastjaki	cʰ ɛ r̥ t a s t j aː c ɪ
kerti	cʰ ɛ r̥ t ɪ
kerúb	cʰ ɛː r uː p
ket	cʰ ɛː t
ketill	cʰ ɛː t ɪ t l
Ketill	cʰ ɛː t ɪ t l
kettlingur	cʰ ɛ h t l i ŋ k ʏ r
kex	cʰ ɛ k s
kex	cʰ ɛ x s
keyra	cʰ e iː r a
keyta	cʰ e iː t a
kið	cʰ ɪː ð
kiðlingur	cʰ ɪ ð l i ŋ k ʏ r
kilja	cʰ ɪ l j a
Kiljan	cʰ ɪ l j a n
kind	cʰ ɪ n t
kindakjöt	cʰ ɪ n t a cʰ œː t
kindugur	cʰ ɪ n t ʏː ɣ ʏ r
kinka	cʰ i ŋ̊ k a
kinn	cʰ ɪ nː
kinnalitur	cʰ ɪ nː a l ɪː t ʏ r
kippa	cʰ ɪ h p a
kippur	cʰ ɪ h p ʏ r
kirja	cʰ ɪ r j a
Kirjálaland	cʰ ɪ r j a uː l a l a n t
kirkja	cʰ ɪ r̥ c a
Kirkjubær	cʰ ɪ r̥ c ʏ p a iː r
kirkjuendir	cʰ ɪ r̥ k j ʏ ɛ n t ɪ r
kirkjugarður	cʰ ɪ r̥ c ʏ k a r ð ʏ r
kirsuber	cʰ ɪ r̥ s ʏ p ɛː r
kirsuberjatré	cʰ ɪ r̥ s ʏ p ɛ r j a tʰ r j ɛː
kirtill	cʰ ɪ r̥ t ɪ t l
kisa	cʰ ɪː s a
kista	cʰ ɪ s t a
kistill	cʰ ɪ s t ɪ t l
kitl	cʰ ɪ h t l
kitla	cʰ ɪ h t l a
kíf	cʰ iː v
kífa	cʰ iː v a
kíghósti	kʰ iː ɣ h o u s t ɪ
kíkir	cʰ iː c ɪ r
kíll	cʰ i t l
kíló	cʰ iː l o uː
kílóbæti	cʰ iː l o u p a iː t ɪ
kím	cʰ iː m
kímblað	cʰ i m p l aː ð
Kína	cʰ iː n a
kínakál	cʰ iː n a kʰ a uː l
kínasi	cʰ iː n aː s ɪ
kínaskák	cʰ iː n a s k a uː k
kínín	cʰ iː n iː n
kínverska	cʰ i n v ɛ r̥ s k a
kísill	cʰ iː s ɪ t l
kítti	cʰ i h t ɪ
kíví	kʰ iː v i
kjaftur	cʰ a f t ʏ r
kjaftæði	cʰ a f t a iː ð ɪ
kjaga	cʰ aː ɣ a
kjallari	cʰ a t l aː r ɪ
kjallari	cʰ a t l a r ɪ
kjalta	cʰ a l̥ t a
kjammi	cʰ a mː ɪ
kjarkmikill	cʰ a r̥ k m ɪː c ɪ t l
kjarkur	cʰ a r̥ k ʏ r
kjarnahvarf	cʰ a r t n a kʰ v a r v
kjarnakorn	cʰ a r t n a kʰ ɔ r t n
kjarnavopn	cʰ a r t n a v ɔ h p n
kjarni	cʰ a r t n ɪ
kjarr	cʰ a rː
kjarrsveifgras	cʰ a rː s v e i v k r aː s
Kjartan	cʰ a r̥ t a n
Kjartanía	cʰ a r̥ t a n iː j a
Kjartanía	cʰ a r̥ t a n iː j a
kjassa	cʰ a sː a
kjálki	cʰ a u l̥ c ɪ
kjánaskapur	cʰ a uː n a s k aː p ʏ r
kjáni	cʰ a uː n ɪ
kjói	cʰ o uː ɪ
kjólföt	kʰ j o u l f œː t
kjóll	cʰ o u t l
kjósa	cʰ o uː s a
kjuði	cʰ ʏː ð ɪ
kjúka	cʰ uː k a
kjúklingur	cʰ u h k l i ŋ k ʏ r
kjökra	cʰ œː k r a
kjökur	cʰ œː k ʏ r
kjölfar	cʰ œ l f aː r
kjöltutölva	cʰ œ l̥ t ʏ tʰ œ l v a
kjölur	cʰ œː l ʏ r
kjör	cʰ œː r
kjörbúð	cʰ œ r p uː ð
kjörfursti	cʰ œ r̥ f ʏ r̥ s t ɪ
kjörgengur	cʰ œ r c e i ŋ k ʏ r
kjörlendi	cʰ œ r l ɛ n t ɪ
kjörskrá	cʰ œ r s k r a uː
kjöt	cʰ œː t
kjötbolla	cʰ œ t p ɔ lː a
kjötkveðjuhátíð	cʰ œ t kʰ v ɛ ð j ʏ h a uː tʰ iː ð
kjötæta	cʰ œː t a iː t a
klabb	kʰ l a pː
klafi	kʰ l aː v ɪ
klaga	kʰ l aː ɣ a
klak	kʰ l aː k
klaki	kʰ l aː c ɪ
klakkur	kʰ l a h k ʏ r
klapp	kʰ l a h p
klappa	k l a h p a
Klara	kʰ l aː r a
klarínett	kʰ l aː r iː n ɛ h t
klarínett	kʰ l aː r i n ɛ h t
klarínetta	kʰ l aː r iː n ɛ h t a
klarínetta	kʰ l aː r i n ɛ h t a
klauf	kʰ l ø yː v
klaufalegur	kʰ l ø yː v a l ɛː ɣ ʏ r
klaufi	kʰ l ø yː v ɪ
klausa	kʰ l ø yː s a
klaustur	kʰ l ø y s t ʏ r
kláði	kʰ l a uː ð ɪ
klám	kʰ l a uː m
klápur	kʰ l a uː p ʏ r
klár	kʰ l a uː r
klára	kʰ l a uː r a
klefi	kʰ l ɛː v ɪ
kleif	kʰ l e iː v
kleina	kʰ l e iː n a
klekja	kʰ l ɛː c a
klekkja	kʰ l ɛ h c a
Klemens	kʰ l ɛː m ɛ n s
klemma	kʰ l ɛ mː a
kleppur	kʰ l ɛ h p ʏ r
klepri	kʰ l ɛː p r ɪ
klerkdómur	kʰ l̥ ɛ r̥ k t o uː m ʏ r̥
klerkur	kʰ l ɛ r̥ k ʏ r
klessa	kʰ l ɛ sː a
klettaburkni	kʰ l ɛ h t a p ʏ r̥ k n ɪ
klettafrú	kʰ l ɛ h t a f r uː
klettasalat	kʰ l ɛ h t a s aː l a t
klettur	kʰ l ɛ h t ʏ r
klénn	kʰ l j ɛ t n
klinka	kʰ l i ŋ̊ k a
klipping	kʰ l ɪ h p i ŋ k
klippur	kʰ l ɪ h p ʏ r
klisja	kʰ l ɪː s j a
klífa	kʰ l iː v a
klíka	kʰ l iː k a
klína	kʰ l iː n a
klínískur	kʰ l iː n i s k ʏ r
klípa	kʰ l iː p a
kljúfa	kʰ l j uː v a
klof	kʰ l ɔː v
klofna	kʰ l ɔ p n a
klossi	kʰ l ɔ sː ɪ
kló	kʰ l o uː
klóelfting	kʰ l o uː ɛ l̥ʷ t i ŋ k
klóelfting	kʰ l o uː ɛ l̥ t i ŋ k
klókur	kʰ l o uː k ʏ r
klóna	kʰ l o uː n a
klór	kʰ l o uː r
klóra	kʰ l o uː r a
klórópren	kʰ l o uː r o uː pʰ r ɛː n
klósett	kʰ l o uː s ɛ h t
klósettpappír	kʰ l o uː s ɛ h t pʰ a h p iː r
klósettpappír	kʰ l o uː s ɛ h t pʰ a h p i r
klósigi	kʰ l o uː s ɪː j ɪ
klukka	kʰ l ʏ h k a
klukkustund	kʰ l ʏ h k ʏ s t ʏ n t
klukkutími	kʰ l ʏ h k ʏ tʰ iː m ɪ
klumpur	kʰ l ʏ m̥ p ʏ r
klunnalegur	kʰ l ʏ nː a l ɛː ɣ ʏ r
klunni	kʰ l ʏ nː ɪ
klúbbur	kʰ l u pː ʏ r
klúðra	kʰ l u ð r a
klúður	kʰ l uː ð ʏ r
klúr	kʰ l uː r
klútur	kʰ l uː t ʏ r
klæða	kʰ l a iː ð a
klæðaskápur	kʰ l a iː ð a s k a uː p ʏ r
klæði	kʰ l a iː ð ɪ
klæðnaður	kʰ l a i ð n aː ð ʏ r
klæðnaður	kʰ l a i ð n a ð ʏ r
klæindi	kʰ l a iː j ɪ n t ɪ
Klængur	kʰ l a i ŋ k ʏ r
klögumál	kʰ l œː ɣ ʏ m a uː l
klökkna	kʰ l œ h k n a
klökkur	kʰ l œ h k ʏ r
klöpp	kʰ l œ h p
knall	kʰ n a lː
knapi	kʰ n aː p ɪ
knattspyrna	kʰ n a h t s p ɪ r t n a
knattspyrnufélag	kʰ n a h t s p ɪ r t n ʏ f j ɛː l aː ɣ
knattspyrnukona	kʰ n a h t s p ɪ r t n ʏ kʰ ɔː n a
knattspyrnumaður	kʰ n a h t s p ɪ r t n ʏ m aː ð ʏ r
knattspyrnuþjálfari	kʰ n a h t s p ɪ r t n ʏ θ j a u l v a r ɪ
knár	kʰ n a uː r
knega	kʰ n e iː ɣ a
kné	kʰ n j ɛː
knéfiðla	kʰ n j ɛː f ɪ ð l a
knipla	kʰ n ɪ h p l a
knippi	kʰ n ɪ h p ɪ
knús	kʰ n uː s
Knútur	kʰ n uː t ʏ r
knýja	kʰ n iː j a
knæpa	kʰ n a iː p a
knörr	kʰ n œ rː
knörr	kʰ n œː r
knöttur	kʰ n œ h t ʏ r
koddaver	kʰ ɔ tː a v ɛː r
koddi	kʰ ɔ tː ɪ
kofa	kʰ ɔː v a
kofaþorp	kʰ ɔː v a θ ɔ r̥ p
koffín	kʰ ɔ fː iː n
koffort	kʰ ɔ fː ɔ r̥ t
kok	kʰ ɔː k
kokhlust	kʰ ɔː k l̥ ʏ s t
kokka	kʰ ɔ h k a
kokkteill	kʰ ɔ h k tʰ e i t l
kokkur	kʰ ɔ h k ʏ r
koks	kʰ ɔ x s
kokteill	kʰ ɔ x t e i t l̥
kol	kʰ ɔː l
kolanáma	kʰ ɔː l a n a uː m a
kolefni	kʰ ɔː l ɛ p n ɪ
koli	kʰ ɔː l ɪ
kolkrabbi	kʰ ɔ l kʰ r a pː ɪ
kolla	kʰ ɔ t l a
kollekta	kʰ ɔ lː ɛ x t a
kollhnís	kʰ ɔ t l n̥ iː s
kollur	kʰ ɔ t l ʏ r
kolsýra	kʰ ɔ l s iː r a
kolvetni	kʰ ɔ l v ɛ h t n ɪ
koma	kʰ ɔː m a
komma	kʰ ɔ mː a
kommi	kʰ ɔ mː ɪ
kommúna	kʰ ɔ mː uː n a
kommúnismi	kʰ ɔ mː uː n ɪ s m ɪ
kommúnismi	kʰ ɔ mː u n ɪ s m ɪ
kommúnisti	kʰ ɔ mː uː n ɪ s t ɪ
kommúnisti	kʰ ɔ mː u n ɪ s t ɪ
kompa	kʰ ɔ m̥ p a
komutími	kʰ ɔː m ʏ tʰ iː m ɪ
kona	kʰ ɔ n a
konar	kʰ ɔː n a r
Konráð	kʰ ɔ n r a uː ð
Konráðína	kʰ ɔ n r a uː ð iː n a
Konráðína	kʰ ɔ n r a uː ð iː n a
Konráðína	kʰ ɔ n r a u ð iː n a
Konráðína	kʰ ɔ n r a u ð iː n a
konsúll	kʰ ɔ n s u t l
kontrabassi	kʰ ɔ n̥ t r a p a sː ɪ
kontrafagott	kʰ ɔ n̥ t r a f aː k ɔ h t
kontrapunktur	kʰ ɔ n̥ t r a pʰ ʏ n̥ k t ʏ r
konum	kʰ ɔː n ʏ m
konunglegur	kʰ ɔː n u ŋ k l ɛː ɣ ʏ r
konungshöll	kʰ ɔː n u ŋ k s h œ t l
konungsríki	kʰ ɔː n u ŋ k s r iː c ɪ
konungsveldi	kʰ ɔː n u ŋ k s v ɛ l t ɪ
konur	kʰ ɔː n ʏ r
kopar	kʰ ɔː p a r
korkur	kʰ ɔ r̥ k ʏ r
korn	kʰ ɔ r t n
korn	kʰ ɔ t n
kornblóm	kʰ ɔ r t n p l o uː m
kornbreskur	kʰ ɔ r t n p r ɛ s k ʏ r
Kornbretaland	kʰ ɔ r t n p r ɛː t a l a n t
kornhæna	kʰ ɔ r t n h a iː n a
kornsúra	kʰ ɔ r t n s uː r a
korpa	kʰ ɔ r̥ p a
korpönd	kʰ ɔ r̥ p œ n t
korr	kʰ ɔ rː
korra	kʰ ɔ rː a
Korsíka	kʰ ɔ r̥ s iː k a
kort	kʰ ɔ r̥ t
kortér	kʰ ɔ r̥ t j ɛ r
kosning	kʰ ɔ s t n i ŋ k
kosningarréttur	kʰ ɔ s t n i ŋ k a r r j ɛ h t ʏ r
koss	kʰ ɔ sː
kossa	kʰ ɔ sː a
kosta	kʰ ɔ s t a
kotra	kʰ ɔː t r a
kóða	kʰ o uː ð a
kóf	kʰ o uː v
kófsveittur	kʰ o uː f s v e i h t ʏ r
kók	kʰ o uː k
kókoshneta	k o uː k ɔ s n̥ ɛː t a
kólfur	kʰ o u l v ʏ r
kólibrífugl	kʰ o uː l ɪ p r iː f ʏ k l
kólibrífugl	kʰ o uː l ɪ p r i f ʏ k l
kólna	kʰ o u l n a
kóngsbiskup	kʰ o u ŋ k s p ɪ s k ʏ p
kóngsbiskup	kʰ o u ŋ s p ɪ s k ʏ p
kóngshrókur	k o u ŋ k s r̥ o uː k ʏ r
kóngshrókur	k o u ŋ s r̥ o uː k ʏ r
kóngsriddari	k o u ŋ k s r ɪ tː a r ɪ
kóngsriddari	k o u ŋ s r ɪ tː a r ɪ
kónguló	kʰ o u ŋ k ʏ l o uː
kóngur	kʰ o u ŋ k ʏ r
kópur	kʰ o uː p ʏ r
kór	kʰ o uː r
kórall	kʰ o uː r a t l
kóraltoppur	kʰ o uː r a l tʰ ɔ h p ʏ r
Kórea	kʰ o uː r ɛː a
kóreska	kʰ o uː r ɛ s k a
kóríander	kʰ o uː r iː j a n t ɛː r
kóríander	kʰ o uː r iː j a n t ɛ r
kóróna	kʰ o uː r o uː n a
kósínus	kʰ o uː s iː n ʏ s
krabbamein	kʰ r a pː a m e iː n
krafa	kʰ r aː v a
kraftaverk	kʰ r a f t a v ɛ r̥ k
kraftur	kʰ r a f t ʏ r
Kragh	kʰ r aː ɣ
kragi	kʰ r a iː j ɪ
kragi	kʰ r aː j ɪ
Kraká	kʰ r aː k a uː
krakk	kʰ r a h k
krakkaskömm	kʰ r a h k a s k œ mː
krakki	kʰ r a h c ɪ
krampi	kʰ r a m̥ p ɪ
krani	kʰ r aː n ɪ
krankur	k r a u ŋ̥ k u r
krap	kʰ r aː p
krappur	kʰ r a h p ʏ r
krá	kʰ r a uː
kráka	kʰ r a uː k a
kreditkort	kʰ r ɛː t ɪ t kʰ ɔ r̥ t
krefja	kʰ r ɛ v j a
krefjast	kʰ r ɛ v j a s t
kreista	kʰ r e i s t a
krem	kʰ r ɛː m
kremja	kʰ r ɛ m j a
krepja	kʰ r ɛː p j a
kreppa	kʰ r ɛ h p a
krikket	kʰ r ɪ h c ɛ t
krimmi	kʰ r ɪ mː ɪ
kringja	kʰ r i ɲ c a
kringla	kʰ r i ŋ l a
kringlóttur	kʰ r i ŋ l o u h t ʏ r
kringumstæður	kʰ r i ŋ k ʏ m s t a iː ð ʏ r
krisma	kʰ r ɪ s m a
Krissa	kʰ r ɪ sː a
Krista	kʰ r ɪ s t a
kristindómur	kʰ r ɪ s t ɪ n t o uː m ʏ r
Kristinn	kʰ r ɪ s t ɪ nː
Kristinn	kʰ r ɪ s t ɪ n
Kristí	kʰ r ɪ s t iː
Kristí	kʰ r ɪ s t i
Kristín	kʰ r ɪ s t iː n
Kristjana	k r ɪ s t j aː n a
Kristján	kʰ r ɪ s t j a u̯ː n
Kristjánssandur	kʰ r ɪ s t j a u n s s a n t ʏ r
kristni	kʰ r ɪ s t n ɪ
Kristur	kʰ r ɪ s t ʏ r
kristþyrnir	kʰ r ɪ s t θ ɪ r t n ɪ r
kría	kʰ r iː j a
kríli	kʰ r iː l ɪ
krít	kʰ r iː t
krjúpa	kʰ r j uː p a
krol	kʰ r ɔː l
kroppa	kʰ r ɔ h p a
kroppur	kʰ r ɔ h p ʏ r
kross	kʰ r ɔ sː
krossfari	kʰ r ɔ sː f aː r ɪ
krossfeldi	kʰ r ɔ sː f ɛ l t ɪ
krossferð	kʰ r ɔ sː f ɛ r ð
krossfesting	kʰ r ɔ sː f ɛ s t i ŋ k
krossfiskur	kʰ r ɔ sː f ɪ s k ʏ r
krossfífill	kʰ r ɔ sː f iː v ɪ t l
krossför	kʰ r ɔ sː f œː r
krossgáta	kʰ r ɔ sː k a uː t a
krosskónguló	kʰ r ɔ sː k o u ŋ k ʏ l o uː
krossmaðra	kʰ r ɔ sː m a ð r a
kró	kʰ r o uː
Króati	kʰ r o uː aː t ɪ
krókódíll	kʰ r o uː k o u t i t l
krókódílstár	kʰ r o uː k o u t i l s tʰ a uː r
krókur	kʰ r o uː k ʏ r
krókus	kʰ r o uː k ʏ s
króm	kʰ r o uː m
króna	kʰ r o u n a
krónprins	kʰ r o u n pʰ r ɪ n s
krónprinsessa	kʰ r o u n p r ɪ n s ɛ sː a
krukka	kʰ r ʏ h k a
krumla	kʰ r ʏ m l a
krummi	k r̥ ʏ mː ɪ
krúna	kʰ r u n a
krybba	k r i pː a
krydd	kʰ r ɪ tː
krydda	kʰ r ɪ tː a
kryfja	kʰ r ɪ v j a
kryppa	kʰ r ɪ h p a
krýna	kʰ r iː n a
krýning	kʰ r iː n i ŋ k
krækill	kʰ r a iː c ɪ t l
krækja	kʰ r a iː c a
krækla	kʰ r a i h k l a
kræklingur	kʰ r a i h k l i ŋ k ʏ r
kræklóttur	kʰ r a i h k l o u h t ʏ r
kræla	kʰ r a iː l a
kröfuganga	kʰ r œː v ʏ k a u ŋ k a
kröggur	kʰ r œ kː ʏ r
kubbur	kʰ ʏ pː ʏ r
kuðungur	kʰ ʏː ð u ŋ k ʏ r
kufl	kʰ ʏ p l
kukl	kʰ ʏ h k l
kuldalegur	kʰ ʏ l t a l ɛː ɣ ʏ r
kuldi	kʰ ʏ l t ɪ
Kumbaraland	kʰ ʏ m p aː r a l a n t
kundur	kʰ ʏ n t ʏ r
kunna	kʰ ʏ nː a
kunnátta	kʰ ʏ nː a u h t a
kunnur	kʰ ʏ nː ʏ r
kunta	kʰ ʏ n̥ t a
kurr	kʰ ʏ rː
kurt	kʰ ʏ r̥ t
kurteisi	kʰ ʏ r̥ t e iː s ɪ
kusa	kʰ ʏː s a
kussari	kʰ ʏ sː a r ɪ
kuti	kʰ ʏː t ɪ
kú	kʰ uː
kúbein	kʰ uː p e iː n
kúfa	kʰ uː v a
kúfur	kʰ uː v ʏ r
kúga	k uː a
kúka	kʰ uː k a
kúkur	kʰ uː k ʏ r
kúl	kʰ uː l
kúla	kʰ uː l a
Kúld	kʰ u l t
kúlulega	kʰ uː l ʏ l ɛː ɣ a
kúlupenni	kʰ uː l ʏ pʰ ɛ nː ɪ
kúluvarp	kʰ uː l ʏ v a r̥ p
kúmen	kʰ uː m ɛː n
kúnni	kʰ u nː ɪ
kúpa	kʰ uː p a
kúpling	kʰ u h p l i ŋ k
kúptur	kʰ u f t ʏ r
kúpull	kʰ uː p ʏ t l
kúrbítur	kʰ u r p iː t ʏ r
kúrdíska	kʰ u r t i s k a
kúrín	kʰ uː r iː n
kústur	kʰ u s t ʏ r
kútur	kʰ uː t ʏ r
kvabb	kʰ v a pː
kvabba	kʰ v a pː a
kvað	kʰ v aː ð
kvaðratrót	kʰ v a ð r aː t r o uː t
kvaðratrót	kʰ v a ð r a t r o uː t
kvak	kʰ v aː k
kvaka	kʰ v aː k a
kvap	kʰ v aː p
Kvaran	kʰ v aː r a n
kvarki	kʰ v a r̥ c ɪ
kvars	kʰ v a r̥ s
kvarta	kʰ v a r̥ t a
kvartil	kʰ v a r̥ t ɪ l
kveða	kʰ v ɛː ð a
kveðja	kʰ v ɛ ð j a
kveðskapur	kʰ v ɛ ð s k aː p ʏ r
kvef	kʰ v ɛː v
kveif	kʰ v e iː v
kveikja	kʰ v e iː c a
kveikjari	kʰ v e iː c a r ɪ
kveikur	kʰ v e iː k ʏ r
kvein	kʰ v e iː n
kveina	kʰ v e iː n a
kveisa	kʰ v e iː s a
kvelja	kʰ v ɛ l j a
kvendýr	kʰ v ɛ n t iː r
kvenhatur	kʰ v ɛ n h aː t ʏ r
kvenhylli	kʰ v ɛ n h ɪ t l ɪ
kvenkyn	kʰ v ɛ n cʰ ɪː n
kvenmaður	kʰ v ɛ n m aː ð ʏ r
kvennabósi	kʰ v ɛ nː a p o uː s ɪ
kvennabúr	kʰ v ɛ nː a p uː r
kverk	kʰ v ɛ r̥ k
kverkar	kʰ v ɛ r̥ k a r
kviða	kʰ v ɪː ð a
kviðslit	kʰ v ɪ ð s t l ɪː t
kviður	kʰ v ɪː ð ʏ r
kvika	kʰ v ɪː k a
kvikasilfur	kʰ v ɪː k a s ɪ l v ʏ r
kvikmynd	kʰ v ɪː k m ɪ n t
kvikmyndahús	kʰ v ɪː k m ɪ n t a h uː s
kvikmyndaver	kʰ v ɪː k m ɪ n t a v ɛː r
kvikna	kʰ v ɪ h k n a
kvikur	kʰ v ɪː k ʏ r
kvilli	kʰ v ɪ t l ɪ
kvis	kʰ v ɪː s
kvistur	kʰ v ɪ s t ʏ r
kvittun	kʰ v ɪ h t ʏ n
kvittur	kʰ v ɪ h t ʏ r
kví	kʰ v iː
kvíða	kʰ v iː ð a
kvíði	kʰ v iː ð ɪ
kvíga	kʰ v iː ɣ a
kvísl	kʰ v i s t l
kvoða	kʰ v ɔː ð a
kvos	kʰ v ɔː s
kvæði	kʰ v a iː ð ɪ
kvæna	kʰ v a iː n a
kvöð	kʰ v œː ð
kvöl	kʰ v œː l
kvöld	kʰ v œ l t
kvöldmatur	kʰ v œ l t m aː t ʏ r
kvöldverður	kʰ v œ l t v ɛ r ð ʏ r
kvörn	kʰ v œ r t ⁽ʰ ⁾ n
kvörn	kʰ v œ t ⁽ʰ ⁾ n
kvörtun	kʰ v œ r̥ t ʏ n
kylfa	cʰ ɪ l v a
kyn	cʰ ɪː n
kynblendingur	cʰ ɪ n p l ɛ n t i ŋ k ʏ r
kynbundinn	cʰ ɪ n p ʏ n t ɪ nː
kynda	cʰ ɪ n t a
kyndill	cʰ ɪ n t ɪ t l
kyndugur	cʰ ɪ n t ʏː ɣ ʏ r
kynfruma	c ɪ n f r ʏː m a
kynfæri	cʰ ɪ n f a iː r ɪ
kyngja	cʰ i ɲ c a
kynhneigð	cʰ ɪ n n̥ e i ɣ ð
kynhvöt	cʰ ɪː n xʷ œː t
kynhvöt	cʰ ɪ n xʷ œː t
kynhvöt	cʰ ɪː n kʰ v œː t
kynhvöt	cʰ ɪ n kʰ v œː t
kynkirtill	cʰ ɪː n cʰ ɪ r̥ t ɪ t l
kynkvísl	cʰ ɪː n kʰ v i s t l
kynkvísl	cʰ ɪ n kʰ v i s t l
kynlaus	cʰ ɪ n l ø yː s
kynleysi	cʰ ɪ n l e iː s ɪ
kynna	cʰ ɪ nː a
kynngi	cʰ i ɲ c ɪ
kynni	cʰ ɪ nː ɪ
kynning	cʰ ɪ nː i ŋ k
kynnir	cʰ ɪ nː ɪ r
kynsjúkdómur	cʰ ɪ n s j uː k t o uː m ʏ r
kynskiptingur	cʰ ɪː n s c ɪ f t i ŋ k ʏ r
kynskiptingur	cʰ ɪ n s c ɪ f t i ŋ k ʏ r
kynslóð	cʰ ɪ n s t l o uː ð
kynstur	cʰ ɪ n s t ʏ r
kynþáttur	c ɪ n θ a u h t ʏ r
kyrja	cʰ ɪ r j a
kyrking	cʰ ɪ r̥ c i ŋ k
kyrkingur	cʰ ɪ r̥ c i ŋ k ʏ r
kyrkislanga	c ɪ r̥ c ɪ s t l a u ŋ k a
kyrkja	cʰ ɪ r̥ c a
kyrr	cʰ ɪ rː
kyrr	cʰ ʏː r
kyrravika	cʰ ɪ rː a v ɪː k a
kyrrð	cʰ ɪ r ð
kyrrlæti	cʰ ɪ r l a iː t ɪ
kyrrseta	cʰ ɪ r s ɛː t a
kyrrsetning	cʰ ɪ r s ɛ h t n i ŋ k
kyrrþeyr	cʰ ɪ r θ e iː r
kyrtill	cʰ ɪ r̥ t ɪ t l
kyssa	cʰ ɪ sː a
kyssilegur	cʰ ɪ sː ɪ l ɛː ɣ ʏ r
kytra	cʰ ɪː t r a
kýli	cʰ iː l ɪ
Kýpur	cʰ iː p ʏ r
kýpverskur	cʰ iː p v ɛ r̥ s k ʏ r
kýr	cʰ iː r
kýrauga	cʰ iː r ø yː ɣ a
kýta	cʰ iː t a
kæfa	cʰ a iː v a
kækur	cʰ a iː k ʏ r
kæla	cʰ a iː l a
kæliskápur	cʰ a iː l ɪ s k a uː p ʏ r
kæna	cʰ a iː n a
kænn	cʰ a i t n
kænska	cʰ a i n s k a
kæpa	cʰ a iː p a
kær	cʰ a iː r
kæra	cʰ a iː r a
kærasta	cʰ a iː r a s t a
kærasti	cʰ a iː r a s t ɪ
kærleiki	cʰ a iː r l e i c ɪ
kæró	cʰ a iː r o u
kærulaus	cʰ a iː r ʏ l ø yː s
kæruleysi	cʰ a iː r ʏ l e iː s ɪ
kæsa	cʰ a iː s a
kæta	cʰ a iː t a
kæti	cʰ a iː t ɪ
köfnun	kʰ œ p n ʏ n
köfnunarefni	kʰ œ p n ʏ n a r ɛ p n ɪ
köggull	kʰ œ kː ʏ t l
kögur	kʰ œː ɣ ʏ r
kökkur	kʰ œ h k ʏ r
kökuhnífur	kʰ œː k ʏ n̥ iː v ʏ r
kökukefli	kʰ œː k ʏ cʰ ɛ p l ɪ
köldugras	kʰ œ l t ʏ k r aː s
kölkun	kʰ œ l̥ k ʏ n
köllun	kʰ œ t l ʏ n
köngull	kʰ ø y ŋ k ʏ t l
könguló	kʰ ø y ŋ k ʏ l o uː
könguló	kʰ ø y ŋ k ʏ l o uː
kör	kʰ œː r
körfuboltaþjálfari	kʰ œ r v ʏ p ɔ l̥ t a θ j a u l v a r ɪ
körfubolti	kʰ œ r v ʏ p ɔ l̥ t ɪ
körfuknattleiksþjálfari	kʰ œ r v ʏ kʰ n a h t l e i k s θ j a u l v a r ɪ
körfuknattleikur	kʰ œ r v ʏ kʰ n a h t l e iː k ʏ r
körfuvíðir	kʰ œ r v ʏ v iː ð ɪ r
kös	kʰ œː s
kössóttur	kʰ œ sː o u h t ʏ r
köttur	kʰ œ h t ʏ r
labb	l a pː
labba	l a pː a
labbakútur	l a pː a kʰ uː t ʏ r
laða	l aː ð a
laf	l aː v
lafa	l aː v a
lafði	l a v ð ɪ
lag	l aː ɣ
laga	l aː ɣ a
lagður	l a ɣ ð ʏ r
lager	l aː ɣ ɛ r
lagga	l a kː a
laggóður	l a ɣ k o uː ð ʏ r
laginn	l a iː j ɪ nː
laginn	l a iː j ɪ n
laglína	l a ɣ l iː n a
lagni	l a k n ɪ
lak	l aː k
lakk	l a h k
lakka	l a h k a
lakkrís	l a h k r iː s
laktasi	l a x t aː s ɪ
lama	l aː m a
lamb	l a m p
lambagras	l a m p a k r aː s
lambakjöt	l a m p a cʰ œː t
lambaklukka	l a m p a kʰ l ʏ h k a
lampi	l a m̥ p ɪ
land	l a n t
landafræði	l a n t a f r a iː ð ɪ
landakort	l a n t a kʰ ɔ r̥ t
landamæri	l a n t a m a iː r ɪ
landbúnaður	l a n t p uː n aː ð ʏ r
landbúnaður	l a n t p uː n a ð ʏ r
landfræði	l a n t f r a iː ð ɪ
landi	l a n t ɪ
landnemi	l a n t n ɛː m ɪ
landráð	l a n t r a uː ð
landslag	l a n s l aː ɣ
landsvala	l a n t s v aː l a
landsvæði	l a n t s v a iː ð ɪ
langa	l a u ŋ k a
langafi	l a u ŋ k aː v ɪ
langamma	l a u̯ ŋ k a mː a
langatöng	l a u ŋ k a tʰ ø y ŋ k
Langbarðaland	l a u ŋ k p a r ð a l a n t
langhlið	l a u ŋ k l̥ ɪː ð
langkrækill	l a u ŋ k kʰ r a iː c ɪ t l
langnykra	l a u ŋ k n ɪː k r a
langreyður	l a u ŋ k r e iː ð ʏ r
langt	l a u ŋ k t
langur	l a ŋ k ʏ r
langur	l a u ŋ k ʏ r
lappi	l a h p ɪ
Lappland	l a h p l a n t
Lara	l aː r a
larfur	l a r v ʏ r
lasanja	l a s a n j a
lasinn	l aː s ɪ nː
lasinn	l aː s ɪ n
laska	l a s k a
laski	l a s c ɪ
laslegur	l aː s l ɛː ɣ ʏ r
lasna	l a s t n a
last	l a s t
latína	l aː tʰ iː n a
latínuskóli	l aː tʰ iː n ʏ s k o uː l ɪ
latur	l aː t ʏ r
lauf	l ø yː v
laufblað	l ø y v p l aː ð
Laufey	l œ y̯ː v ɛ i̯
lauftré	l ø y v t r j ɛː
laug	l ø yː ɣ
lauga	l ø yː ɣ a
laugamaðra	l ø yː ɣ a m a ð r a
laugardagur	l ø yː ɣ a r t aː ɣ ʏ r
laugasef	l ø yː ɣ a s ɛː v
Laugaskarð	l ø yː ɣ a s k a r ð
laukur	l ø yː k ʏ r
lauma	l ø yː m a
laun	l ø yː n
launahækkun	l ø yː n a h a iʰ kː ʏ n
laus	l ø yː s
lauslátur	l ø yː s l a uː t ʏ r
lauslæti	l ø yː s l a iː t ɪ
lausn	l œ i s t n
lausnarhraði	l ø y s t n a r r̥ aː ð ɪ
lausung	l ø yː s u ŋ k
laut	l ø yː t
lautinant	l ø yː tʰ ɪ n a n̥ t
laxerolía	l a x s ɛ r ɔː l i j a
lá	l a uː
ládauður	l a uː t ø yː ð ʏ r
láð	l a uː ð
Láfi	l a uː v ɪ
lágarfi	l a uː ɣ a r v ɪ
láglendi	l a u ɣ l ɛ n t ɪ
lágmark	l a u ɣ m a r̥ k
lágmynd	l a u ɣ m ɪ n t
lágnætti	l a uː ɣ n a i h t ɪ
lágur	l a uː ɣ ʏ r̥
lágur	l a uː ʏ r̥
lágur	l a uː r̥
lágþrýstingur	l a u ɣ θ r i s t i ŋ k ʏ r
Láki	l a uː c ɪ
Láland	l a uː l a n t
lán	l a uː n
lána	l a uː n a
lánsþýðing	l a u n s θ iː ð i ŋ k
Lára	l a uː r a
Lárus	l a uː r ʏ s
lás	l a uː s
lásbogi	l a uː s p ɔː j ɪ
lát	l a uː t
láta	l a uː t a
látbragð	l a uː t p r a ɣ ð
látbragðsleikur	l a uː t p r a ɣ ð s l e iː k ʏ r
látún	l a uː t uː n
látæði	l a uː t a iː ð ɪ
lávarður	l a uː v a r ð ʏ r
Lea	l ɛː a
leðja	l ɛ ð j a
leður	l ɛː ð ʏ r
leðurblaka	l ɛː ð ʏ r p l aː kʰ a
lefsa	l ɛ f s a
leg	l ɛː ɣ
lega	l ɛː ɣ a
legbólga	l ɛ ɣ p o u l k a
legging	l ɛ cː i ŋ k
leggja	l ɛ cː a
leggur	l ɛ kː ʏ r
leggöng	l ɛ ɣ k ø y ŋ k
legill	l e iː j ɪ t l
legkaka	l ɛ ɣ kʰ aː k a
legnám	l ɛ ɣ n a uː m
legunautur	l ɛː ɣ ʏ n ø yː t ʏ r
legvatn	l ɛ ɣ v a h t n
leið	l e iː ð
leiða	l e iː ð a
leiðangur	l e iː ð a u ŋ k ʏ r
leiðari	l e iː ð aː r ɪ
leiðari	l e iː ð a r ɪ
leiðarstef	l e iː ð a r s t ɛː v
leiðbeining	l e i ð p e iː n i ŋ k
leiði	l e iː ð ɪ
leiðindi	l e iː ð ɪ n t ɪ
leiðni	l e i ð n ɪ
leiðrétting	l e i ð r j ɛ h t i ŋ k
leiðsla	l e i ð s t l a
leiðsögn	l e i ð s œ k n
leiðsögumaður	l e i ð s œː ɣ ʏ m aː ð ʏ r
leiðtogi	l e i ð tʰ ɔː j ɪ
leiður	l e iː ð ʏ r
leif	l e iː v
leifa	l e iː v a
leifar	l e iː v a r
leiftur	l e i f t ʏ r
leifturstríð	l e i f t ʏ r s t r iː ð
leiga	l e iː ɣ a
leigja	l e iː j a
leigubíll	l e iː ɣ ʏ p i t l
leika	l e iː k a
leikari	l e iː k aː r ɪ
leikari	l e iː k a r ɪ
leikbrúða	l e iː k p r uː ð a
leikfang	l e iː k f a u ŋ k
leikfélag	l e iː k f j ɛː l aː ɣ
leikhús	l e iː k h uː s
leikkona	l e iː k kʰ ɔː n a
leikmaður	l e iː k m aː ð ʏ r
leikmynd	l e iː k m ɪ n t
leikrit	l e iː k r ɪː t
leikritaskáld	l e iː k r ɪː t a s k a u l t
leikskóli	l e i k s k o uː l ɪ
leikur	l e iː k ʏ r
leikvangur	l e iː k v a u ŋ k ʏ r
leikvöllur	l e iː k v œ t l ʏ r
leir	l e iː r
Leira	l e iː r a
leirburður	l e i r p ʏ r ð ʏ r
leit	l e iː t
leka	l ɛː k a
leki	l ɛː c ɪ
lekur	l ɛː k ʏ r
lemja	l ɛ m j a
lemmun	l ɛ mː ʏ n
lemúr	l ɛː m uː r
lenda	l ɛ n t a
lending	l ɛ n t i ŋ k
lengd	l e i ŋ k t
lengja	l e i ɲ c a
lengjast	l e i ɲ c a s t
lengur	l e i ŋ k ʏ r
lensa	l ɛ n s a
lensutungljurt	l ɛ n s ʏ tʰ u ŋ l j ʏ r̥ t
lepja	l ɛː p j a
Leppalúði	l ɛ h p a l uː ð ɪ
leppur	l ɛ h p ʏ r
lerki	l ɛ r̥ c ɪ
les	l ɛː s
lesa	l ɛː s a
lesandabréf	l ɛː s a n t a p r j ɛː v
lesandi	l ɛː s a n t ɪ
lesbía	l ɛ s p iː j a
lesblinda	l ɛː s p l ɪ n t a
lesblindur	l ɛː s p l ɪ n t ʏ r
lesminni	l ɛː s m ɪ nː ɪ
lessa	l ɛ sː a
lest	l ɛ s t
lesta	l ɛ s t a
lestarslys	l ɛ s t a r s t l ɪː s
lestarstjóri	l ɛ s t a r s t j o uː r ɪ
lestrarbók	l ɛ s t r a r p o uː k
lestun	l ɛ s t ʏ n
Lettland	l ɛ h t l a n t
lettneska	l ɛ h t n ɛ s k a
lettneskur	l ɛ h t n ɛ s k ʏ r
letur	l ɛː t ʏ r
leturborð	l ɛː t ʏ r p ɔ r ð
Leví	l ɛː v iː
lexía	l ɛ x s iː j a
lexía	l ɛ x s i j a
lexía	l ɛ k s iː j a
lexía	l ɛ k s i j a
leyfa	l e iː v a
leyfi	l e iː v ɪ
leyna	l e iː n a
leynd	l e i n t
leyndarmál	l e i n t a r m a uː l
leyndó	l e i n t o uː
leyni	l e iː n ɪ
leyniskytta	l e iː n ɪ s c ɪ h t a
leysa	l e iː s a
leysibóla	l e iː s ɪ p o uː l a
leysigeisli	l e iː s ɪ c e i s t l ɪ
leysingi	l e iː s i ɲ c ɪ
leysir	l e iː s ɪ r
lélegur	l j ɛː l ɛː ɣ ʏ r
lén	l j ɛː n
Lénharður	l j ɛː n h a r ð ʏ r
léreft	l j ɛː r ɛ f t
létta	l j ɛ h t a
léttir	l j ɛ h t ɪ r
léttmjólk	l j ɛ h t m j o u l̥ k
léttur	l j ɛ h t ʏ r
léttúð	l j ɛ h t uː ð
léttúðugur	l j ɛ h t uː ð ʏː ɣ ʏ r
léttvatn	l j ɛ h t v a h t n
lið	l ɪː ð
liðamót	l ɪː ð a m o uː t
liðfætla	l ɪ ð f a i h t l a
liðhlaupi	l ɪ ð l̥ ø yː p ɪ
liðsforingi	l ɪ ð s f ɔː r i ɲ c ɪ
liðugur	l ɪː ð ʏː ɣ ʏ r
liðugur	l ɪː ð ʏ ɣ ʏ r
liður	l ɪː ð ʏ r
liðveisla	l ɪ ð v e i s t l a
liðþjálfi	l ɪ θ θ j a u l v ɪ
lifa	l ɪː v a
lifandi	l ɪː v a n t ɪ
lifur	l ɪː v ʏ r
liggja	l ɪ cː a
lilja	l ɪ l j a
Limafjörður	l ɪː m a f j œ r ð ʏ r
limgerði	l ɪ m c ɛ r ð ɪ
lind	l ɪ n t
lindasef	l ɪ n t a s ɛː v
lindi	l ɪ n t ɪ
lindifura	l ɪ n t ɪ f ʏː r a
linditré	l ɪ n t ɪ tʰ r j ɛː
linka	l i ŋ̊ k a
linna	l ɪ nː a
linnur	l ɪ nː ʏ r
linsa	l ɪ n s a
linur	l ɪː n ʏ r
lipur	l ɪː p ʏ r
lipurð	l ɪː p ʏ r ð
lirfa	l ɪ r v a
list	l ɪ s t
listasafn	l ɪ s t a s a p n
listasaga	l ɪ s t a s aː ɣ a
listaskóli	l ɪ s t a s k o uː l ɪ
listmálari	l ɪ s t m a uː l a r ɪ
listsýning	l ɪ s t s iː n i ŋ k
lita	l ɪː t a
litarefni	l ɪː t a r ɛ p n ɪ
litaröð	l ɪː t a r œː ð
Litháen	l ɪː t h a uː ɛː n
Litháen	l ɪː t h a uː ɛ n
Litháen	l ɪː t h a u ɛː n
Litháen	l ɪː t h a u ɛ n
litháíska	l ɪː t h a uː i s k a
litín	l ɪː tʰ iː n
litlaus	l ɪː t l ø yː s
litningsendi	l ɪ h t n i ŋ k s ɛ n t ɪ
litningur	l ɪ h t n i ŋ k ʏ r
litunarjafni	l ɪː t ʏ n a r j a p n ɪ
litúrgískur	l ɪː tʰ u r c i s k ʏ r
liþín	l ɪː θ iː n
líða	l iː ð a
líf	l iː v
lífdagar	l i v t aː ɣ a r
lífeðlisfræði	l iː v ɛ ð l ɪ s f r a iː ð ɪ
lífefnafræði	l iː v ɛ p n a f r a iː ð ɪ
líferni	l iː v ɛ r t n ɪ
líffræði	l i f f r a iː ð ɪ
líffræðilegur	l i f f r a iː ð ɪ l ɛː ɣ ʏ r
líffræðingur	l i f f r a iː ð i ŋ k ʏ r
líffæri	l i f f a iː r ɪ
lífga	l i v k a
lífhimna	l i v h ɪ m n a
líflaus	l iː v l ø y s
lífljómun	l i v l j o uː m ʏ n
lífrænn	l i v r a i t n
lífsandi	l i f s a n t ɪ
lífsgleði	l i f s k l ɛː ð ɪ
lífsmark	l i f s m a r̥ k
lífsspursmál	l i f s s p ʏ r̥ s m a uː l
lífstykki	l i f s t ɪ h c ɪ
lífsþróttur	l i f s θ r o u h t ʏ r
líftími	l iː v tʰ iː m ɪ
lífvera	l i v v ɛː r a
lífvörður	l i v v œ r ð ʏ r
lík	l iː k
líka	l iː k a
líkami	l iː kʰ aː m ɪ
líkami	l iː kʰ a m ɪ
líkamlegur	l iː kʰ a m l ɛː ɣ ʏ r
líkamsrækt	l iː kʰ a m s r a i x t
líkamur	l iː kʰ aː m ʏ r
líkamur	l iː kʰ a m ʏ r
líkhús	l ʊ iː k h ʉ uː s
líkindi	l iː c ɪ n t ɪ
líking	l iː c i ŋ k
líkkista	l iː k cʰ ɪ s t a
líkn	l i h k n
líkna	l i h k n a
líkskurður	l iː k s k ʏ r ð ʏ r
líkur	l iː k ʏ r
lím	l iː m
líma	l iː m a
límband	l iː m p a n t
límóna	l iː m o uː n a
lín	l iː n
línarfi	l iː n a r v ɪ
língresi	l i n k r ɛː s ɪ
línulega	l iː n ʏ l ɛː ɣ a
línuleiki	l iː n ʏ l e iː c ɪ
línuskauti	l iː n ʏ s k ø yː t ɪ
líra	l iː r a
Lísa	l iː s a
líta	l iː t a
lítill	l iː t ɪ t l
lítri	l iː t r ɪ
lítt	l i h t
ljá	l j a uː
ljár	l j a uː r
ljóð	l j o uː ð
ljóðlist	l j o u ð l ɪ s t
ljóðskáld	l j o u ð s k a u l t
ljóður	l j o uː ð ʏ r
ljómi	l j o uː m ɪ
ljón	l j o uː n
ljónslappi	l j o u n s t l a h p ɪ
ljós	l j o uː s
ljósabekkur	l j o uː s a p ɛ h k ʏ r
ljósakróna	l j o uː s a kʰ r o uː n a
ljósapera	l j o uː s a pʰ ɛː r a
ljósastör	l j o uː s a s t œː r
ljósberi	l j o uː s p ɛː r ɪ
ljósbjalla	l j o uː s p j a t l a
ljóseind	l j o uː s e i n t
ljósfræði	l j o uː s f r a iː ð ɪ
ljósfælinn	l j o uː s f a iː l ɪ nː
ljóska	l j o u s k a
ljósmóðir	l j o uː s m o uː ð ɪ r
ljósmynd	l j o uː s m ɪ n t
ljósmyndavél	l j o uː s m ɪ n t a v j ɛː l
ljósta	l j o u s t a
ljóstillífun	l j o uː s t ɪ l l iː v ʏ n
ljóstýra	l j o uː s tʰ iː r a
ljósvaki	l j o uː s v aː c ɪ
Ljótunn	l j o uː t ʏ nː
Ljótunn	l j o uː t ʏ n
ljótur	l j o uː t ʏ r
ljúfra	l j u v r a
ljúga	l j uː a
ljúka	l j uː k a
loða	l ɔː ð a
loðfíll	l ɔ ð f i t l
loðinn	l ɔː ð ɪ nː
loðinn	l ɔː ð ɪ n
loðna	l ɔ ð n a
loðvíðir	l ɔ ð v iː ð ɪ r
lofa	l ɔː v a
lofðungur	l ɔ v ð u ŋ k ʏ r
loforð	l ɔː v ɔ r ð
loft	l ɔ f t
loftárás	l ɔ f t a uː r a uː s
loftpúði	l ɔ f t pʰ uː ð ɪ
loftslag	l ɔ f t s l aː ɣ
loftsteinn	l ɔ f t s t ɛ i̯ t n̥
lofttæmi	l ɔ f t tʰ a iː m ɪ
loftþrýstingur	l ɔ f t θ r i s t i ŋ k ʏ r
loga	l ɔː ɣ a
Logey	l ɔː c ɛ i̯
logi	l ɔ iː j ɪ
Logi	l ɔ iː j ɪ
logn	l ɔ k n
logri	l ɔ ɣ r ɪ
lok	l ɔː k
loka	l ɔː k a
Loki	l ɔː c ɪ
lokkur	l ɔ h k ʏ r
Long	l ɔ ŋː
lopapeysa	l ɔː p a pʰ e iː s a
loppa	l ɔ h p a
lortur	l ɔ r̥ t ʏ r
losun	l ɔː s ʏ n
lotning	l ɔ h t n i ŋ k
lotsveifgras	l ɔː t s v e i v k r aː s
lottó	l ɔ h t o uː
lotugræðgi	l ɔː t ʏ k r a i ð c ɪ
lotukerfi	l ɔː t ʏ cʰ ɛ r v ɪ
ló	l o uː
lóa	l o uː a
lóð	l o uː ð
lóða	l o uː ð a
lóðleit	l o u ð l e iː t
lófatölva	l o uː v a tʰ œ l v a
lófi	l o uː v ɪ
lófi	l o uː ɪ
lóga	l o uː a
lógresi	l o uː k r ɛː s ɪ
Lói	l o uː ɪ
lómur	l o uː m ʏ r
lón	l o uː n
lónasóley	l o uː n a s o uː l e iː
lufsa	l ʏ f s a
lugt	l ʏ x t
lukka	l ʏ h k a
lukt	l ʏ x t
luma	l ʏː m a
lumma	l ʏ mː a
lumpa	l ʏ m̥ p a
lund	l ʏ n t
lunderni	l ʏ n t ɛ r t n ɪ
lundi	l ʏ n t ɪ
lundir	l ʏ n t ɪ r
lundur	l ʏ n t ʏ r
Lundúnir	l ʏ n t uː n ɪ r
lunga	l u ŋ k a
lungnaberklar	l u ŋ k n a p ɛ r̥ k l a r
lungnabláæð	l u ŋ k n a p l a uː a iː ð
lungnabláæð	l u ŋ k n a p l a uː a i ð
lungnakrabbamein	l u ŋ k n a kʰ r a pː a m e iː n
lungnaslagæð	l u ŋ k n a s t l aː ɣ a iː ð
lungnaslagæð	l u ŋ k n a s t l aː ɣ a i ð
lungnaþemba	l u ŋ k n a θ ɛ m p a
lunti	l ʏ n̥ t ɪ
luralegur	l ʏː r a l ɛː ɣ ʏ r
luri	l ʏː r ɪ
lúða	l uː ð a
lúðalegur	l uː ð a l ɛː ɣ ʏ r
lúði	l uː ð ɪ
lúður	l uː ð ʏ r
lúga	l uː a
lúi	l uː ɪ
lúka	l uː k a
lúkk	l u h k
lús	l uː s
lúta	l uː t a
lúterskur	l uː tʰ ɛ r̥ s k ʏ r
lútur	l uː t ʏ r
Lúxemborg	l u x s ɛ m p ɔ r ɣ
lúxemborgska	l u x s ɛ m p ɔ r k s k a
lúxemborgska	l u k s ɛ m p ɔ r k s k a
lúxemborgskur	l u x s ɛ m p ɔ r k s k ʏ r
lúxemborgskur	l u k s ɛ m p ɔ r k s k ʏ r
lúxus	l u x s ʏ s
lúxus	l u k s ʏ s
lyf	l ɪː v
lyfjabúð	l ɪ v j a p uː ð
lyfjagras	l ɪ v j a k r aː s
lyfta	l ɪ f t a
lyftutónlist	l ɪ f t ʏ tʰ o u n l ɪ s t
lygari	l ɪː ɣ aː r ɪ
lygari	l ɪː ɣ a r ɪ
lygi	l ɪ iː j ɪ
lygn	l ɪ k n
lygna	l ɪ k n a
lykill	l ɪː c ɪ t l
lykja	l ɪː c a
lykkja	l ɪ h c a
lyklabarn	l ɪ h k l a p a r t n
lyklaborð	l ɪ h k l a p ɔ r ð
lykt	l ɪ x t
lykta	l ɪ x t a
lyndi	l ɪ n t ɪ
lyng	l i ŋ k
lyngjafni	l i ŋ k j a p n ɪ
Lyngvi	l i ŋ k v ɪ
lyst	l ɪ s t
lystarstol	l ɪ s t a r s t ɔː l
lystauki	l ɪ s t ø yː c ɪ
lýðnet	l i ð n ɛː t
lýðræði	l i ð r a iː ð ɪ
lýðræðisríki	l i ð r a iː ð ɪ s r iː c ɪ
lýður	l iː ð ʏ r
lýðveldi	l i ð v ɛ l t ɪ
lýja	l iː j a
lýra	l iː r a
lýsa	l iː s a
lýsi	l iː s ɪ
lýsing	l iː s i ŋ k
lýsingarháttur	l iː s i ŋ k a r h a u h t ʏ r
lýsingarorð	l iː s i ŋ k aː r ɔ r ð
læða	l a iː ð a
lægð	l a i ɣ ð
lægja	l a iː j a
lækjafræhyrna	l a iː c a f r a iː h ɪ r t n a
lækjagrýta	l a iː c a k r iː t a
lækjasef	l a iː c a s ɛː v
lækjasóley	l a iː c a s o uː l e iː
læknir	l a i h k n ɪ r
læknisfræði	l a i h k n ɪ s f r a iː ð ɪ
læknisfræðilegur	l a i h k n ɪ s f r a iː ð ɪ l ɛː ɣ ʏ r
læknisskoðun	l a i h k n ɪ s s k ɔː ð ʏ n
lækur	l a iː k ʏ r
læmingi	l a iː m i ɲ c ɪ
læra	l a iː r a
lærdómur	l a i r t o uː m ʏ r
læri	l a iː r ɪ
lærisveinn	l a iː r ɪ s v e i t n
lærleggur	l a i r l ɛ kː ʏ r
læti	l a i̯ː t ɪ
lævís	l a iː v iː s
lög	l œː ɣ
lögbrot	l œː ɣ p r ɔː t
lögfræði	l œ ɣ f r a iː ð ɪ
lögfræðingur	l œ ɣ f r a iː ð i ŋ k ʏ r
lögg	l œ kː
lögga	l œ kː a
löggjafarvald	l œ ɣ c aː v a r v a l t
löggjafarþing	l œ ɣ c aː v a r θ i ŋ k
löggjöf	l œ ɣ c œː v
lögmaður	l œ ɣ m aː ð ʏ r
lögregla	l œ ɣ r ɛ k l a
lögreglukona	l œ ɣ r ɛ k l ʏ k ɔː n a
lögreglumaður	l œ ɣ r ɛ k l ʏ m aː ð ʏ r
lögreglustjóri	l œ ɣ r ɛ k l ʏ s t j o uː r ɪ
lögreglustöð	l œ ɣ r ɛ k l ʏ s t œː ð
lögregluþjónn	l œ ɣ r ɛ k l ʏ θ j o u t n
lögur	l œː ɣ ʏ r
löm	l œː m
lömun	l œː m ʏ n
löng	l œ ŋ k
löng	l ø y ŋ k
löngun	l ø y ŋ k ʏ n
löpp	l œ h p
löskur	l œ s k ʏ r
löstur	l œ s t ʏ r
lötra	l œː t r a
m	ɛ mː
maðkur	m a θ k ʏ r
maðra	m a ð r a
maður	m aː ð ʏ r
magapína	m aː ɣ a pʰ iː n a
Maggi	m a cː ɪ
magi	m a i j ɪ
magn	m a k n
Magndís	m a k n t iː s
Magndís	m a k t iː s
Magnea	m a k n ɛː a
Magnús	m a k n uː s
Magnúsína	m a k n uː s iː n a
Magnúsína	m a k n uː s iː n a
Magnúsína	m a k n u s iː n a
Magnúsína	m a k n u s iː n a
magur	m aː ɣ ʏ r
maí	m a iː
Maídís	m a iː t iː s
maís	m aː iː s
maís	m a iː s
majór	m a j o uː r
Makedónía	m aː kʰ ɛː t o uː n iː j a
Makedónía	m aː kʰ ɛː t o uː n i j a
Makedónía	m aː kʰ ɛː t o uː n iː j a
Makedónía	m aː kʰ ɛː t o uː n i j a
maki	m aː c ɪ
makki	m a h c ɪ
mala	m aː l a
malajíska	m aː l a iː j i s k a
Malasía	m aː l a s iː j a
malbik	m a l p ɪː k
Malí	m aː l iː
malli	m a lː ɪ
Malmquist	m a l m kʰ v ɪ s t
maltur	m a l̥ t ʏ r
malurt	m aː l ʏ r̥ t
mamma	m a mː a
man	m a n
mana	m aː n a
mandla	m a n t l a
manna	m a nː a
mannasiður	m a nː a s ɪː ð ʏ r
manneskja	m a nː ɛ s c a
mannfræði	m a nː f r a iː ð ɪ
manngera	m a nː c ɛː r a
mannglöggur	m a nː k l œ kː ʏ r
manni	m a nː ɪ
mannkyn	m a nː cʰ ɪː n
mannlegur	m a nː l ɛː ɣ ʏ r
mannorð	m a nː ɔ r ð
mannréttindi	m a nː r j ɛ h t ɪ n t ɪ
mannréttindi	m a n r j ɛ h t ɪ n t ɪ
manntal	m a nː tʰ aː l
mannvirðing	m a nː v ɪ r ð i ŋ k
mannvirki	m a nː v ɪ r̥ c ɪ
mannvit	m a nː v ɪː t
mannvitsbrekka	m a nː v ɪ t s p r ɛ h k a
mappa	m a h p a
mar	m aː r
marbendill	m a r p ɛ n t ɪ t l
Mardís	m a r t iː s
Marey	m aː r ɛ i̯
margfaldur	m a r k f a l t ʏ r
margföldun	m a r k f œ l t ʏ n
marglytta	m a r k l ɪ h t a
margur	m a r k ʏ r
margþættur	m a r k θ a i h t ʏ r
margæs	m a r c a iː s
Mari	m aː r ɪ
María	m aː r iː j a
María	m aː r i j a
maríubjalla	m aː r iː j ʏ p j a t l a
maríubjalla	m aː r i j ʏ p j a t l a
maríustakkur	m aː r iː j ʏ s t a h k ʏ r
maríustakkur	m aː r i j ʏ s t a h k ʏ r
maríutása	m aː r iː j ʏ tʰ a uː s a
maríutása	m aː r i j ʏ tʰ a uː s a
mark	m a r̥ k
marka	m a r̥ k a
markaður	m a r̥ k a ð ʏ r
markalína	m a r̥ k a l iː n a
markaskrá	m a r̥ k a s k r a uː
markgreifi	m a r̥ k k r e iː v ɪ
markmaður	m a r̥ k m aː ð ʏ r
markorð	m a r̥ k ɔ r ð
markslá	m a r̥ k s t l a uː
markspyrna	m a r̥ k s p ɪ r t n a
markstöng	m a r̥ k s t ø y ŋ k
marksúla	m a r̥ k s uː l a
markteigur	m a r̥ k tʰ e iː ɣ ʏ r
Markúsartorg	m a r̥ k uː s a r tʰ ɔ r k
markvörður	m a r̥ k v œ r ð ʏ r
marmennill	m a r m ɛ nː ɪ t l
marr	m a rː
marra	m a rː a
mars	m a r̥ s
Mars	m a r̥ s
marsbúi	m a r̥ s p uː ɪ
marsera	m a r̥ s ɛː r a
marsering	m a r̥ s ɛː r i ŋ k
Marta	m a r̥ t a
Marteinn	m a r̥ t e i t n
martröð	m a r̥ tʰ r œː ð
marxismi	m a r̥ k s ɪ s m ɪ
marxisti	m a r̥ k s ɪ s t ɪ
marxískur	m a r̥ k s i s k ʏ r
mas	m aː s
masa	m aː s a
maskari	m a s k aː r i
massi	m a sː ɪ
mastur	m a s t ʏ r
mat	m aː t
mata	m aː t a
matarborð	m aː t a r p ɔ r ð
matareitrun	m aː t aː r e iː t r ʏ n
matareitrun	m aː t a r e iː t r ʏ n
matarprjónn	m aː t a r pʰ r j o u t n
matreiðsla	m aː t r e i ð s t l a
matreiðslubók	m aː t r e i ð s t l ʏ p o uː k
matseðill	m aː t s ɛː ð ɪ t l
matskeið	m aː t s c e iː ð
mattur	m a h t ʏ r
matur	m aː t ʏ r
matvara	m aː t v aː r a
mauka	m ø yː k a
maur	m ø yː r
maurasýra	m ø yː r a s iː r a
mauraþúfa	m ø yː r a θ uː v a
mauraæta	m ø yː r a a iː t a
maurildi	m œ y̯ r ɪ l t ɪ
maurígull	m ø yː r iː ɣ ʏ t l
má	m a uː
máfur	m a uː v ʏ r
mágur	m a uː ʏ r
mál	m a uː l
mála	m a uː l a
málafærslumaður	m a uː l a f a i r̥ s t l ʏ m aː ð ʏ r
málari	m a uː l aː r ɪ
málari	m a uː l a r ɪ
málband	m a u l p a n t
málbein	m a u l p e iː n
málefni	m a uː l ɛ p n ɪ
málfar	m a u l f aː r
málfrelsi	m a u l f r ɛ l s ɪ
málfræði	m a u l f r aː i ð ɪ
mállýska	m a u l l i s k a
málmblanda	m a u l m p l a n t a
málmblásturshljóðfæri	m a u l m p l a u s t ʏ r̥ s l̥ j o u ð f a iː r ɪ
Málmey	m a u l m e iː
málmur	m a u l m ʏ r
málmvinnsla	m a u l m v ɪ nː s t l a
málning	m a u l n i ŋ k
málsgrein	m a u l s k r e iː n
málsháttur	m a u l s h a u h t ʏ r
málstol	m a u l s t ɔː l
málteigur	m ɔ aː l t a iː j ʊ ɹ
máltíð	m a u l tʰ iː ð
máltækni	m a u l t a i h k n ɪ
málverk	m a u l v ɛ r̥ k
málvísindi	m a u l v iː s ɪ n t ɪ
mánajurt	m a uː n a j ʏ r̥ t
máni	m a uː n ɪ
mánudagur	m a uː n ʏ t aː ɣ ʏ r
mánuður	m a uː n ʏ ð ʏ r
már	m a uː r
Mári	m a uː r ɪ
más	m a uː s
mát	m a uː t
máta	m a uː t a
mátun	m a uː t ʏ n
mávur	m a uː v ʏ r
me	m ɛː
Meddi	m ɛ tː ɪ
Medína	m ɛː t iː n a
meðal	m ɛː ð a l
meðan	m ɛː ð a n
meðferð	m ɛ ð f ɛ r ð
meðfram	m ɛ ð f r aː m
meðleikur	m ɛ ð l e iː k ʏ r
meðlimur	m ɛ ð l ɪː m ʏ r
meðlæti	m ɛ ð l a iː t ɪ
meðstjórnandi	m ɛ ð s t j o u r t n a n t ɪ
meðstjórnendur	m ɛ ð s t j o u r t n ɛ n t ʏ r
meðtaka	m ɛː ð tʰ aː k a
meðvitaður	m ɛ ð v ɪː t aː ð ʏ r
meðvitaður	m ɛ ð v ɪː t a ð ʏ r
mega	m e iː ɣ a
megin	m e iː j ɪ n
megn	m ɛ k n
megna	m ɛ k n a
megra	m ɛ ɣ r a
meiddur	m e i tː ʏ r
meiða	m e iː ð a
meiðsl	m e i ð s t l
meiðsli	m e i ð s t l ɪ
meik	m e iː k
meina	m e iː n a
meinafræði	m e iː n a f r a iː ð ɪ
meinbugur	m e i n p ʏː ɣ ʏ r
meingjörð	m e i n c œ r ð
meinsæri	m e i n s a iː r ɪ
meirihluti	m e iː r ɪ l̥ ʏː t ɪ
meistaraverk	m e i s t aː r a v ɛ r̥ k
meistaraverk	m e i s t a r a v ɛ r̥ k
meistari	m e i s t aː r ɪ
meitill	m e iː t ɪ t l
meitla	m e i h t l a
Mekka	m ɛ h k a
melablóm	m ɛː l a p l o uː m
melanóra	m ɛː l a n o uː r a
Melaskóli	m ɛː l a s k o uː l ɪ
melasól	m ɛː l a s o uː l
melda	m ɛ l t a
melding	m ɛ l t i ŋ k
melgresi	m ɛ l k r ɛː s ɪ
Melkorka	m ɛ l kʰ ɔ r̥ k a
mella	m ɛ t l a
melludólgur	m ɛ t l ʏ t o u l k ʏ r
mellufær	m ɛ t l ʏ f a iː r
melóna	m ɛː l o uː n a
melrakki	m ɛː l r a h c ɪ
melta	m ɛ l̥ t a
melting	m ɛ l̥ t i ŋ k
melur	m ɛː l ʏ r
men	m ɛː n
menga	m e i ŋ k a
mengjafræði	m e i ɲ c a f r a iː ð ɪ
mengun	m e i ŋ k ʏ n
menning	m ɛ nː i ŋ k
mennt	m ɛ n̥ t
menntaskóli	m ɛ n̥ t a s k o uː l ɪ
menntastofnun	m ɛ n̥ t a s t ɔ p n ʏ n
menntun	m ɛ n̥ t ʏ n
mergur	m ɛ r k ʏ r
meri	m ɛː r ɪ
merja	m ɛ r j a
merki	m ɛ r̥ c ɪ
merking	m ɛ r̥ c i ŋ k
merkingarþróun	m ɛ r̥ c i ŋ k a r θ r o uː ʏ n
merkja	m ɛ r̥ c a
merkur	m ɛ r̥ k ʏ r
Merkúr	m ɛː r̥ kʰ uː r
Merkúr	m ɛː r̥ k uː r
Mesópótamía	m ɛː s o uː pʰ o uː t a m iː j a
messa	m ɛ sː a
mestur	m ɛ s t ʏ r
met	m ɛː t
meta	m ɛː t a
metan	m ɛː tʰ aː n
metanól	m ɛː tʰ aː n o uː l
metfé	m ɛː t f j ɛː
methafi	m ɛː t h aː v ɪ
methafi	m ɛː t h aː v ɪ
metnaður	m ɛ h t n aː ð ʏ r̥
metnaður	m ɛ h t n a ð ʏ r̥
metorð	m ɛː t ɔ r ð
metri	m ɛː t r ɪ
metta	m ɛ h t a
mettun	m ɛ h t ʏ n
mettur	m ɛ h t ʏ r
Mexíkó	m ɛ k s iː kʰ o uː
mey	m e iː
meyja	m e iː j a
meyjarhaft	m e iː j a r h a f t
meyr	m e iː r
mér	m j ɛː r
Michelsen	m ɪ h k ɛ l s ɛ nː
Michelsen	m ɪ h k ɛ l s ɛ n
Michelsen	m ɪ h k ɛ l s ɛ nː
Michelsen	m ɪ h k ɛ l s ɛ n
miða	m ɪː ð a
miðaftann	m ɪː ð a f t a nː
miðaldalatína	m ɪː ð a l t a l aː t iː n a
miðaldir	m ɪː ð a l t ɪ r
miðasala	m ɪː ð a s aː l a
miðbaugur	m ɪ ð p ø yː ɣ ʏ r
miðeyra	m ɪː ð e iː r a
miði	m ɪː ð ɪ
miðill	m ɪː ð ɪ t l
miðja	m ɪ ð j a
Miðjarðarhaf	m ɪ ð j a r ð a r h aː v
miðjumaður	m ɪ ð j ʏ m aː ð ʏ r
miðlari	m ɪ ð l aː r ɪ
miðlari	m ɪ ð l a r ɪ
miðmynd	m ɪ ð m ɪ n t
miðmyndarsögn	m ɪ ð m ɪ n t a r s œ k n
miðnætti	m ɪ ð n a i h t ɪ
miðstig	m ɪ ð s t ɪː ɣ
miður	m ɪː ð ʏ r
miðvikudagur	m ɪ ð v ɪː kʰ ʏ t aː ɣ ʏ r
miðvörður	m ɪ ð v œ r ð ʏ r
mig	m ɪː ɣ
miga	m ɪː ɣ a
Mikael	m ɪː kʰ aː ɛː l
Mikael	m ɪː kʰ aː ɛ l
Mikael	m ɪː kʰ a ɛː l
Mikael	m ɪː kʰ a ɛ l
mikið	m ɪː c ɪ ð
mikilmenni	m ɪː c ɪ l m ɛ nː ɪ
mikilvægi	m ɪː c ɪ l v a iː j ɪ
Mikki	m ɪ h c ɪ
mildur	m ɪ l t ʏ r
milli	m ɪ t l ɪ
milli	m ɪ lː ɪ
millibil	m ɪ t l ɪ p ɪː l
Millifljótaland	m ɪ t l ɪ f j o uː tʰ a l a n d
millifæra	m ɪ t l ɪ f a iː r a
millimetri	m ɪ lː ɪ m ɛː t r ɪ
millinafn	m ɪ t l ɪ n a p n
millipils	m ɪ t l ɪ pʰ ɪ l s
milljarður	m ɪ l j a r ð ʏ r
milljón	m ɪ l j o uː n
milljónamæringur	m ɪ l j o uː n a m a iː r i ŋ k ʏ r
milljónasti	m ɪ l j o u n a s t ɪ
milt	m ɪ l̥ t
milta	m ɪ l̥ t a
miltisbrandur	m ɪ l̥ t ɪ s p r a n t ʏ r
miltu	m ɪ l̥ t ʏ
minjagripur	m ɪ n j a k r ɪː p ʏ r
minkur	m i ŋ̊ k ʏ r
minn	m ɪ nː
minna	m ɪ nː a
minni	m ɪ nː ɪ
minnihluti	m ɪ nː ɪ l̥ ʏː t ɪ
minnimáttarkennd	m ɪ nː ɪ m a u h t a r cʰ ɛ n t
minning	m ɪ nː i ŋ k
minningargripur	m ɪ nː i ŋ k a r k r ɪː p ʏ r
minnisgóður	m ɪ nː ɪ s k o uː ð ʏ r
minnisgripur	m ɪ nː i s k r ɪː p ʏ r
minnismerki	m ɪ nː ɪ s m ɛ r̥ c ɪ
minnisspil	m ɪ nː ɪ s s p ɪː l
minnka	m i ŋ̊ k a
minnkun	m i ŋ̊ k ʏ n
misjafn	m ɪː s j a p n
miski	m ɪ s c ɪ
miskunn	m ɪ s k ʏ nː
miskunn	m ɪ s k ʏ n
miskunna	m ɪ s k ʏ nː a
mislingar	m ɪ s t l i ŋ k a r
mismikill	m ɪː s m ɪː c ɪ t l
mismunur	m ɪ s m ʏː n ʏ r
mispill	m ɪ s p ɪ t l
misræmi	m ɪː s r a iː m ɪ
missa	m ɪ sː a
missir	m ɪ sː ɪ r
mistilteinn	m ɪ s t ɪ l tʰ e i t n
mistúlka	m ɪː s tʰ u l̥ k a
misþyrming	m ɪː s θ ɪ r m i ŋ k
mitti	m ɪ h t ɪ
mí	m iː
Mía	m iː j a
míga	m iː ɣ a
míkrófónn	m iː k r o uː f o u t n
míkrófónn	m iː k r o u f o u t n
mínípils	m iː n i pʰ ɪ l s
mínus	m iː n ʏ s
mínúta	m iː n uː t a
mítur	m iː t ʏ r
mjaldur	m j a l t ʏ r
Mjallhvít	m j a h t l k v i t
mjalli	m j a t l ɪ
mjálm	m j a u l m
mjálma	m j a u l m a
mjókka	m j o u h k a
mjólk	m j o u l̥ k
mjólka	m j o u l̥ k a
mjólkurferna	m j o u l̥ k ʏ r f ɛ r t n a
mjólkurkýr	m j o u l̥ k ʏ r cʰ iː r
mjólkurmatur	m j o u l̥ k ʏ r m aː t ʏ r
mjólkursúkkulaði	m j o u l̥ k ʏ r s u h k ʏ l aː ð ɪ
mjólkursýra	m j o u l̥ k ʏ r s iː r a
mjónefur	m j o uː n ɛː v ʏ r
mjór	m j o uː r
mjúkur	m j uː k ʏ r
mjöðm	m j œ ð m
mjöður	m j œː ð ʏ r
mjög	m j œː ɣ
mjöl	m j œː l
mjöll	m j œ t l
Mjölnir	m j œ l n ɪ r
mokka	m ɔ h k a
mold	m ɔ l t
Moldavía	m ɔ l t a v iː j a
moldvarpa	m ɔ l t v a r̥ p a
moli	m ɔː l ɪ
moll	m ɔ lː
Mongóli	m o u ŋ k o u l ɪ
Mongólía	m ɔ ŋ k o uː l iː j a
Mongólía	m ɔ ŋ k o u l iː j a
mongólska	m ɔ ŋ k o u l s k a
mont	m ɔ n̥ t
monta	m ɔ n̥ t a
montinn	m ɔ n̥ t ɪ nː
montinn	m ɔ n̥ t ɪ n
moppa	m ɔ h p a
morð	m ɔ r ð
morðingi	m ɔ r ð i ɲ c ɪ
morfín	m ɔ r̥ f iː n
morgunfrú	m ɔ r k ʏ n f r uː
morgunhani	m ɔ r k ʏ n h aː n ɪ
morgunkorn	m ɔ r k ʏ n kʰ ɔ r t n
morgunmatur	m ɔ r k ʏ n m aː t ʏ r
morgunn	m ɔ r k ʏ nː
morgunn	m ɔ r k ʏ n
morgunverður	m ɔ r k ʏ n v ɛ r ð ʏ r
morkill	m ɔ r̥ c ɪ t l
mortél	m ɔ r̥ t j ɛ l
Morthens	m ɔ r̥ t ɛ n s
mosaburkni	m ɔː s a p ʏ r̥ k n ɪ
mosadýr	m ɔː s a t iː r
mosafræði	m ɔː s a f r a iː ð ɪ
mosafræðingur	m ɔː s a f r a iː ð i ŋ k ʏ r
mosagróinn	m ɔː s a k r o uː ɪ nː
mosagróinn	m ɔː s a k r o uː ɪ n
mosagrænn	m ɔː s a k r a i t n
mosajafni	m ɔː s a j a p n ɪ
mosalyng	m ɔː s a l i ŋ k
mosasteinbrjótur	m ɔː s a s t e i n p r j o uː t ʏ r
mosavaxinn	m ɔː s a v a x s ɪ nː
mosavaxinn	m ɔː s a v a x s ɪ n
mosi	m ɔː s ɪ
moska	m ɔ s k a
moskítófluga	m ɔ s c iː t o uː f l ʏː ɣ a
motta	m ɔ h t a
móanóra	m o uː a n o uː r a
móasef	m o uː a s ɛː v
móberg	m o uː p ɛ r k
móða	m o uː ð a
móðga	m o u ð k a
móðir	m o uː ð ɪ r
móður	m o uː ð ʏ r
móðurborð	m o uː ð ʏ r p ɔ r ð
móðurbróðir	m o uː ð ʏ r p r o uː ð ɪ r
móðurmál	m o uː ð ʏ r m a uː l
móðursystir	m o uː ð ʏ r s ɪ s t ɪ r
Móeiður	m o uː e iː ð ʏ r
Móheiður	m o uː h e iː ð ʏ r
mói	m o uː ɪ
mólendi	m o uː l ɛ n t ɪ
mólýbden	m o uː l i p t ɛː n
mólýbden	m o uː l i p t ɛː n
mór	m o uː r
mórauður	m o uː r ø yː ð ʏ r
mót	m o uː t
móta	m o uː t a
mótbára	m o uː t p a uː r a
mótetta	m o uː tʰ ɛ h t a
mótgerð	m o uː t c ɛ r ð
mótherji	m o uː t h ɛ r j ɪ
mótmæla	m o uː t m a iː l a
mótorhjól	m o uː t ɔ r ç o uː l
móttaka	m o uː t tʰ aː k a
mótun	m o uː t ʏ n
muldra	m ʏ l t r a
muldur	m ʏ l t ʏ r
mulningur	m ʏ l n i ŋ k ʏ r
muna	m ʏː n a
munaðarleysingi	m ʏː n aː ð a r l e iː s i ɲ c ɪ
munaðarleysingjahæli	m ʏː n aː ð a r l e iː s i ɲ c a h a iː l ɪ
munaðarleysingjahæli	m ʏː n a ð a r l e iː s i ɲ c a h a iː l ɪ
mund	m ʏ n t
munda	m ʏ n t a
munkahetta	m u ŋ̊ k a h ɛ h t a
munkur	m u ŋ̊ k ʏ r
munnharpa	m ʏ nː h a r̥ p a
munni	m ʏ nː ɪ
munnmök	m ʏ nː m œː k
munnskol	m ʏ nː s k ɔː l
munnur	m ʏ nː ʏ r
munnvatn	m ʏ nː v a h t n
munnþurrka	m ʏ nː θ ʏ r̥ k a
munstur	m ʏ n s t ʏ r
munu	m ʏː n ʏ
munur	m ʏː n ʏ r
mura	m ʏː r a
mustarður	m ʏ s t a r ð ʏ r
múgur	m uː ʏ r
múgæsing	m uː a iː s i ŋ k
Múhameð	m uː h a m ɛː ð
Múhameð	m uː h a m ɛː ð
múkki	m u h c ɪ
múli	m uː l ɪ
múr	m uː r
múrari	m uː r aː r ɪ
múrari	m uː r a r ɪ
múrbrjótur	m u r p r j o uː t ʏ r
múrhúð	m uː r h uː ð
múrhúða	m uː r h uː ð a
múrmeldýr	m u r m ɛ l t iː r
mús	m uː s
músareyra	m uː s a r e iː r a
músarmotta	m uː s a r m ɔ h t a
músarrindill	m uː s a r r ɪ n t ɪ t l
músík	m uː s iː k
músík	m uː s iː k
múskat	m u s k aː t
múslimi	m u s t l ɪː m ɪ
múslimi	m u s l ɪː m ɪ
múslístykki	m uː s l iː s t ɪ h c ɪ
músvákur	m uː s v a uː k ʏ r
múta	m uː t a
mútta	m uʰ t a
mygla	m ɪ k l a
mykja	m ɪː c a
mylja	m ɪ l j a
mylla	m ɪ lː a
mylsna	m ɪ l s t n a
mynd	m ɪ n t
mynda	m ɪ n t a
myndarlegur	m ɪ n t a r l ɛː ɣ ʏ r
myndavél	m ɪ n t a v j ɛː l
myndband	m ɪ n t p a n t
mynddiskur	m ɪ n t t ɪ s k ʏ r
myndlist	m ɪ n t l ɪ s t
mynstur	m ɪ n s t ʏ r
mynstur	m ʏ n s t ʏ r
mynt	m ɪ n̥ t
myrða	m ɪ r ð a
myrkur	m ɪ r̥ k ʏ r
myrkvi	m ɪ r̥ k v ɪ
mysa	m ɪː s a
mysu	m ɪː s ʏ
mysuostur	m ɪː s ʏ ɔ s t ʏ r
mý	m iː
mýbit	m iː p ɪː t
mýfluga	m iː f l ʏː ɣ a
mýkt	m i x t
mýmargur	m iː m a r k ʏ r
mýramaðra	m iː r a m a ð r a
mýrasauðlaukur	m iː r a s ø y ð l ø yː k ʏ r
mýrasef	m iː r a s ɛː v
mýrasóley	m iː r a s o uː l e iː
mýrastör	m iː r a s t œː r
Mýrdalína	m i r t aː l iː n a
Mýrdalína	m i r t aː l iː n a
Mýrdalína	m i r t a l iː n a
Mýrdalína	m i r t a l iː n a
Mýrdalur	m i r t aː l ʏ r
mýrelfting	m iː r ɛ l̥ʷ t i ŋ k
mýrelfting	m iː r ɛ l̥ t i ŋ k
mýri	m iː r ɪ
mýta	m iː t a
Mývatn	m iː v aʰ t n
mæðgin	m a i ð c ɪː n
mæðgin	m a i ð c ɪ n
mæðgur	m a i ð k ʏ r
mæði	m a iː ð ɪ
mæðraveldi	m a i ð r a v ɛ l t ɪ
mægðir	m a i ɣ ð ɪ r
mæla	m a iː l a
mæna	m a iː n a
mændi	m a iː n t ɪ
mænudeyfing	m a iː n ʏ t e iː v i ŋ k
mær	m a iː r
mærð	m a i r ð
Mæri	m a iː r ɪ
mærskur	m a i r̥ s k ʏ r
mæta	m a iː t a
mætur	m a iː t ʏ r
Mævill	m a iː v ɪ t l
mögulegur	m œː ɣ ʏ l ɛː ɣ ʏ r
mögur	m œː ɣ ʏ r
möl	m œː l
Möller	m œ lː ɛ r
mölur	m œː l ʏ r
mölva	m œ l v a
Mön	m œː n
möndull	m œ n t ʏ t l
möppudýr	m œ h p ʏ t iː r
mör	m œː r
Mörður	m œ r ð ʏ r
mörgæs	m œ r c a iː s
mötun	m œː t ʏ n
mötunautur	m œː t ʏ n ø yː t ʏ r
n	ɛ nː
naddur	n a tː ʏ r
naðra	n a ð r a
naður	n aː ð ʏ r
naðurtunga	n aː ð ʏ r tʰ u ŋ k a
nafar	n aː v a r
nafarsrauf	n aː v a r̥ s r ø yː v
naflagras	n a p l a k r aː s
nafli	n a p l ɪ
nafn	n a p n
nafna	n a p n a
nafnbót	n a p n p o uː t
nafnfræði	n a p n f r a iː ð ɪ
nafnháttarmerki	n a p n h a u h t a r m ɛ r̥ c ɪ
nafnháttur	n a p n h a u h t ʏ r
nafni	n a p n ɪ
nafnið	n a p n ɪ ð
nafnliður	n a p n l ɪː ð ʏ r
nafnorð	n a p n ɔ r ð
naga	n aː ɣ a
nagdýr	n a ɣ t iː r
naggrís	n a ɣ k r iː s
nagladekk	n a k l a t ɛ h k
nagli	n a k l ɪ
Namibía	n aː m ɪ p iː j a
Namibía	n aː m ɪ p iː j a
namm	n a mː
nammi	n a mː ɪ
Narfi	n a r v ɪ
narta	n a r̥ t a
nashyrningur	n aː s h ɪ r t n i ŋ k ʏ r
nashyrningur	n aː s h ɪ r t n i ŋ k ʏ r
nashyrningur	n aː s h ɪ t n i ŋ k ʏ r
nashyrningur	n aː s h ɪ t n i ŋ k ʏ r
nasismi	n aː s ɪ s m ɪ
natrín	n aː t r iː n
nauð	n ø yː ð
nauða	n ø yː ð a
nauðgari	n ø y ð k aː r ɪ
nauðgari	n ø y ð k a r ɪ
nauðgun	n ø y ð k ʏ n
nauðsyn	n ø y ð s ɪː n
nauðsynlegur	n ø y ð s ɪ n l ɛː ɣ ʏ r
naumur	n ø yː m ʏ r
naust	n ø y s t
naut	n ø yː t
nautahakk	n ø yː t a h a h k
nautakjöt	n œ i̯ː t a cʰ œː t
nautgripur	n ø yː t k r ɪː p ʏ r
nautn	n œ i h t n
nauts	n ø yː t s
nauts	n ø y t s
ná	n a uː
nábítur	n a uː p iː t ʏ r
nábrók	n a uː p r o uː k
nábúi	n a uː p uː ɪ
náð	n a uː ð
náða	n a uː ð a
náðhús	n a u ð h uː s
nágranna	n a uː k r a n a
nágranni	n a uː k r a nː ɪ
nágrenni	n a uː k r ɛ nː ɪ
náhvalur	n a uː kʰ v aː l ʏ r
nák	n a uː k
nákvæmlega	n a uː kʰ v a i m l ɛː ɣ a
nál	n a uː l
náladofi	n a uː l a t ɔː v ɪ
nálarauga	n a uː l a r ø yː ɣ a
nálgunarbann	n a u l k ʏ n a r p a nː
nálægur	n a uː l a iː ɣ ʏ r
nám	n a uː m
náma	n a uː m a
námsbraut	n a u m s p r ø yː t
námskeið	n a u m s c e iː ð
nánd	n a u n t
nár	n a uː r
Nárú	n a uː r uː
nátíð	n a uː tʰ iː ð
nátt	n a uʰ t
nátthrafn	n a u h t r̥ a p n
náttmál	n a u h t m a uː l
náttúra	n a u h t uː r a
náttúrulegur	n a u h t uː r ʏ l ɛ ɣ ʏ r
náttúruval	n a u h t uː r ʏ v aː l
náungi	n a uː u ɲ c ɪ
náæta	n a uː a iː t a
nebbi	n ɛ pː ɪ
neðanjarðarbraut	n ɛː ð a n j a r ð a r p r ø yː t
neðri	n e ð r ɪ
nef	n ɛː v
nefdýr	n ɛ v t iː r
nefna	n ɛ p n a
nefnari	n ɛ p n aː r ɪ
nefnari	n ɛ p n a r ɪ
nefnd	n ɛ m t
nefnifall	n ɛ p n ɪ f a t l̥
nefnilega	n ɛ p n ɪ l ɛ ɣ a
negri	n ɛ ɣ r ɪ
negull	n ɛː ɣ ʏ t l
nei	n e iː
neita	n e iː t a
neitun	n e iː t ʏ n
neitunarháttur	n e iː t ʏ n a r h a u h t ʏ r
neitunarvald	n e iː t ʏ n a r v a l t
nekt	n ɛ x t
nema	n ɛː m a
nemandi	n ɛː m a n t ɪ
nemi	n ɛː m ɪ
nenna	n ɛ nː a
Nenna	n ɛ nː a
Nenni	n ɛ nː ɪ
neópren	n ɛː o uː pʰ r ɛː n
Nepal	n ɛː pʰ aː l
Nepal	n ɛː pʰ a l
nepalskur	n ɛː pʰ a l s k ʏ r
nepja	n ɛː p j a
Neptúnus	n ɛ p tʰ uː n ʏ s
Neptúnus	n ɛ f tʰ uː n ʏ s
nes	n ɛː s
nesti	n ɛ s t ɪ
nestisbox	n ɛ s t ɪ s p ɔ x s
net	n ɛː t
netafræði	n ɛː t a f r a iː ð ɪ
netfang	n ɛː t f a u ŋ k
netja	n ɛː t j a
netjuský	n ɛː t j ʏ s c iː
netkorn	n ɛː t kʰ ɔ r t n
netla	n ɛ h t l a
nettóþyngd	n ɛ h t o uː θ i ŋ t
nettóþyngd	n ɛ h t o u θ i ŋ t
Nevada	n ɛː v a t a
neyða	n e iː ð a
neysla	n e i s t l a
né	n j ɛː
niðjatal	n ɪ ð j a tʰ aː l
niðji	n ɪ ð j ɪ
niður	n ɪː ð ʏ r
niðurgangur	n ɪː ð ʏ r k a u ŋ k ʏ r
niðurlæging	n ɪː ð ʏ r l a iː j i ŋ k
niðurlægja	n ɪː ð ʏ r l a iː j a
niðurlægjandi	n ɪː ð ʏ r l a iː j a n t ɪ
niðurskurður	n ɪː ð ʏ r s k ʏ r ð ʏ r
niðurstaða	n ɪː ð ʏ r s t aː ð a
Nielsen	n i l s ɛ nː
Nielsen	n i l s ɛ n
nifl	n ɪ p l
nifteind	n ɪ f t e i n t
nikkel	n ɪ h k ɛ l
Nikulás	n ɪː k ʏ l a uː s
Ninja	n ɪ n j a
nippill	n ɪ h p ɪ t l
nirfill	n ɪ r v ɪ t l
nit	n ɪː t
nía	n iː j a
níð	n iː ð
níðingur	n iː ð i ŋ k ʏ r
Níelsína	n iː j ɛ l s iː n a
Níelsína	n iː j ɛ l s iː n a
Nígería	n iː k ɛː r iː j a
Níl	n iː l
Nína	n iː n a
níska	n i s k a
nískur	n i s k ʏ r
nísta	n i s t a
nítján	n iː t j a u n
níundi	n iː j ʏ n t ɪ
níutugasti	n iː ʏ t ʏ ɣ a s t ɪ
njálgur	n j a u l k ʏ r
Njáll	n j a u t l
njóli	n j o uː l ɪ
njósna	n j o u s t n a
njósnari	n j o u s t n aː r ɪ
njósnari	n j o u s t n a r ɪ
njóta	n j o uː t a
nokkur	n ɔ h k ʏ r
nopi	n ɔː p ɪ
norðaustur	n ɔ r ð ø y s t ʏ r
Norðdahl	n ɔ r ð t aː l
Norðdahl	n ɔ r ð t a l
Norðdahl	n ɔ r t aː l
Norðdahl	n ɔ r t a l
Norðmaður	n ɔ r ð m aː ð ʏ r
Norðmaður	n ɔ r m aː ð ʏ r
Norðurland	n ɔ r ð ʏ r l a n t
norðurljós	n ɔ r ð ʏ r l j o uː s
norðvestur	n ɔ r ð v ɛ s t ʏ r
Norðymbraland	n ɔ r ð ɪ m p r a l a n t
Noregur	n ɔː r ɛː ɣ ʏ r
norn	n ɔ r t ⁽ʰ ⁾ n
norn	n ɔ t ⁽ʰ ⁾ n
norræna	n ɔ r r a iː n a
norrænn	n ɔ r r a i n
norska	n ɔ r̥ s k a
norskur	n ɔ r̥ s k ʏ r
nostalgía	n ɔ s t a l c i j a
nostalgía	n ɔ s t a l c i a
not	n ɔː t
nota	n ɔː t a
notandi	n ɔː t a n t ɪ
nothæfur	n ɔː t h a iː v ʏ r
notkun	n ɔ h t k ʏ n
notkun	n ɔː t k ʏ n
nóg	n o uː
nógur	n o uː ʏ r
Nói	n o uː ɪ
nón	n o uː n
nót	n o uː t
nóta	n o uː t a
nótt	n o uʰ t
nudd	n ʏ tː
nudda	n ʏ tː a
nú	n uː
núa	n uː a
núbbi	n u pː ɪ
núll	n u lː
númer	n uː m ɛː r
númera	n uː m ɛː r a
númers	n uː m ɛ r s
núna	n uː n a
núningur	n uː n i ŋ k ʏ r
núpur	n uː p ʏ r
nútíð	n uː tʰ iː ð
nútími	n uː tʰ iː m ɪ
núverandi	n uː v ɛː r a n t ɪ
nykra	n ɪː k r a
nyrðra	n ɪ r ð r a
nyt	n ɪː t
nytsamur	n ɪː t s aː m ʏ r
nytsemi	n ɪː t s ɛː m ɪ
ný	n iː
nýfæddur	n iː f a i tː ʏ r
nýjabrum	n iː j a p r ʏː m
nýlega	n iː l ɛː ɣ a
nýmjólk	n iː m j o u l̥ k
nýnorska	n iː n ɔ r̥ s k a
nýr	n iː r
nýra	n iː r a
nýrun	n iː r ʏ n
nýsilfur	n iː s ɪ l v ʏ r
nýsjálenskur	n iː s j a uː l ɛ n s k ʏ r
nýsnævi	n iː s n a iː v ɪ
nýta	n iː t a
nýting	n iː t i ŋ k
nýtt	n i h t
nýtur	n iː t ʏ r
nývirki	n iː v ɪ r̥ c ɪ
nýyrðasmíð	n iː ɪ r ð a s m iː ð
nýyrði	n iː ɪ r ð ɪ
næði	n a iː ð ɪ
næðingur	n a iː ð i ŋ k ʏ r
nægja	n a iː j a
næla	n a iː l a
nælon	n a iː l ɔː n
nælon	n a iː l ɔ n
næmi	n a iː m ɪ
næpa	n a iː p a
næra	n a iː r a
næring	n a iː r i ŋ k
næringarfræðingur	n a iː r i ŋ k a r f r a iː ð i ŋ k ʏ r
nærmynd	n a i r m ɪ n t
nærvera	n a i r v ɛː r a
nærverufall	n a i r v ɛː r ʏ f a t l
næs	n a iː s
næsta	n a i s t a
næstur	n a i s t ʏ r
nætur	n a iː t ʏ r
næturgali	n a iː t ʏ r k aː l ɪ
nöf	n œː v
nögl	n œ k l
Nökkvi	n œ h k v ɪ
nökkvi	n œ h k v ɪ
nöldur	n œ l t ʏ r
nörd	n œ r t
nös	n œː s
nötra	n œː t r a
obláta	ɔ p l a uː t a
oddur	ɔ tː ʏ r
Oddur	ɔ tː ʏ r
oddviti	ɔ tː v ɪ t ɪ
oddviti	ɔ t v ɪ t ɪ
of	ɔː v
ofan	ɔː v a n
ofanjarðar	oː v a n j a r ð a r
ofbeldi	ɔ v p ɛ l t ɪ
ofbirta	ɔ v p ɪ r̥ t a
offita	ɔ f f ɪː t a
ofkæling	ɔː v c a iː l ɪ ŋ k
ofn	ɔ p n
ofnæmi	ɔ v n a iː m ɪ
ofurhetja	ɔː v ʏ r h ɛː t j a
ofursti	ɔː f ʏ r̥ s t ɪ
ofurþungur	ɔː v ʏ r θ u ŋ k ʏ r
ofviðri	ɔ v v ɪ ð r ɪ
ofvæni	ɔ v v a iː n ɪ
oföndun	ɔː v œ n t ʏ n
og	ɔː ɣ
oj	ɔ iː
ok	ɔː k
okfruma	ɔː k f r ʏː m a
okkar	ɔ h k ɐ r
okkarína	ɔ h k a r iː n a
okkur	ɔ h k ʏ r
okra	ɔː k r a
oktan	ɔ x t aː n
október	ɔ x t o uː p ɛː r
október	ɔ x t o uː p ɛ r
okur	ɔː k ʏ r̥
Olga	ɔ l k a
Olgeirína	ɔ l c e iː r iː n a
Olgeirína	ɔ l c e iː r iː n a
Olgeirína	ɔ l c e i r iː n a
Olgeirína	ɔ l c e i r iː n a
olía	ɔː l iː a
olla	ɔ lː a
olnbogabót	ɔ l n p ɔː ɣ a p o uː t
olnbogi	ɔ l n p ɔː j ɪ
Olsen	o u l s ɛ nː
Olsen	o u l s ɛ n
op	ɔ p
opinberun	ɔː p ɪ n p ɛː r ʏ n
opna	ɔ h p n a
opnun	ɔ h p n ʏ n
opnunartími	ɔ h p n ʏː n aː r tʰ iː m ɪ
opnunartími	ɔ h p n ʏ n aː r tʰ iː m ɪ
orð	ɔ r ð
orða	ɔ r ð a
orðabók	ɔ r ð a p o uː k
orðaforði	ɔ r ð a f ɔ r ð ɪ
orðaleikur	ɔ r ð a l e iː k ʏ r
orðasafn	ɔ r ð a s a p n
orðasamband	ɔ r ð a s a m p a n t
orðatiltæki	ɔ r ð a tʰ ɪ l̥ tʰ a iː c ɪ
orðflokkur	ɔ r ð f l ɔ h k ʏ r
orðfræði	ɔ r ð f r a iː ð ɪ
orðfræði	ɔ r ð f r a i ð ɪ
orðhlutafræði	ɔ r ð l̥ ʏː t a f r a iː ð ɪ
orðhluti	ɔ r ð l̥ ʏː t ɪ
orðrómur	ɔ r ð r o uː m ʏ r
orðsending	ɔ r ð s ɛ n t i ŋ k
orðsifjabók	ɔ r ð s ɪ v j a p o uː k
orðsifjafræði	ɔ r ð s ɪ v j a f r a iː ð ɪ
orðsifjar	ɔ r ð s ɪ v j aː r
orðsifjar	ɔ r ð s ɪ v j a r
orðskviður	ɔ r ð s kʰ v ɪː ð ʏ r
orðstír	ɔ r ð s tʰ iː r
orðtak	ɔ r ð tʰ aː k
orf	ɔ r v
orfa	ɔ r v a
organisti	ɔ r k a n ɪ s t ɪ
orgel	ɔ r k ɛː l
orgel	ɔ r k ɛ l
orgía	ɔ r c iː j a
origami	ɔː r ɪ k a m ɪ
orka	ɔ r̥ k a
orki	ɔ r̥ c ɪ
orkídea	ɔ r̥ c iː t ɛː a
orkídea	ɔ r̥ c i t ɛː a
Orkneyjar	ɔ r̥ k n e iː j a r
orkudrykkur	ɔ r̥ k ʏ t r ɪ h k ʏ r
orkugjafi	ɔ r̥ k ʏ c aː v ɪ
orkuver	ɔ r̥ k ʏ v ɛː r
orma	ɔ r m a
ormur	ɔ r m ʏ r
Ormur	ɔ r m ʏ r
orrusta	oː r ʏ s t a
orsaka	ɔ r̥ s aː k a
orsök	ɔ r̥ s œː k
Osló	ɔ s t l o uː
Osló	ɔ s l o uː
ostabakki	ɔ s t a p a h c ɪ
ostagerð	ɔ s t a c ɛ r ð
ostahnífur	ɔ s t a n̥ iː v ʏ r
ostakaka	ɔ s t a kʰ aː k a
ostaskeri	ɔ s t a s c ɛː r ɪ
ostefni	ɔ s t ɛ p n ɪ
ostsneið	ɔ s t s t n e iː ð
otur	ɔː t ʏ r
oxíð	ɔ k s iː ð
ó	o uː
Ó	o uː
óaðlaðandi	o uː a ð l aː ð a n t ɪ
óafturkræfur	o uː a f t ʏ r kʰ r a iː v ʏ r
óákveðinn	o uː a uː kʰ v ɛː ð ɪ nː
óákveðinn	o uː a uː kʰ v ɛː ð ɪ n
óáreiðanlegur	o uː a uː r e iː ð a n l ɛː ɣ ʏ r
óáreiðanleiki	o uː a uː r e iː ð a n l e iː c ɪ
óásjálegur	o uː a uː s j a uː l ɛː ɣ ʏ r
óbeinn	o uː p e i t n
óbó	o uː p o uː
ódýr	o uː t iː r
Óðinn	o uː ð ɪ n
Óðinsvé	o uː ð ɪ n s v j ɛː
óður	o uː ð ʏ r
óendanleiki	o uː ɛ n t a n l e iː c ɪ
ófreskja	o uː f r ɛ s c a
ófullnægjandi	o uː f ʏ t l n a iː j a n t ɪ
ógeð	o uː c ɛː ð
ógeð	o uː c ɛː ð
ógeðslegur	o uː c ɛ ð s l ɛː ɣ ʏ r
ógn	o u k n
ógna	o u k n a
ógnan	o u k n a n
ógnarúlfur	o u k n a r u l v ʏ r
ógnun	o u k n ʏ n
óhapp	o uː h a h p
óheflaður	o uː h ɛ p l aː ð ʏ r
óheflaður	o uː h ɛ p l a ð ʏ r
óhlýðinn	o uː l̥ iː ð ɪ nː
óhlýðinn	o uː l̥ iː ð ɪ n
óhlýðni	o uː l̥ i ð n ɪ
óhreinindi	o uː r̥ e iː n ɪ n t ɪ
óhreinn	o uː r̥ e i t n
óhuggulegur	o uː h ʏ kː ʏ l ɛː ɣ ʏ r
óhuggulegur	o uː h ʏ k ʏ l ɛː ɣ ʏ r
ójafn	o uː j a p n
ójafna	o uː j a p n a
ók	o uː k
ól	o uː l
Ólafía	o uː l a v iː j a
Ólafía	o uː l a v iː j a
Ólafína	o uː l aː v iː n a
Ólafína	o uː l aː v iː n a
Ólafína	o uː l a v iː n a
Ólafína	o uː l a v iː n a
ólafssúra	o uː l a f s s uː r a
Ólafur	o uː l aː v ʏ r
Ólafur	o uː l a v ʏ r
ólétta	o uː l j ɛ h t a
óléttur	o uː l j ɛ h t ʏ r
ólga	o u l k a
ólífa	o uː l iː v a
ólmur	o u l m ʏ r
ólund	o uː l ʏ n t
Ólöf	o uː l œː v
ólöglega	o uː l œ ɣ l ɛː ɣ a
ólöglega	o uː l œ ɣ l ɛː ɣ a
ólöglegur	o uː l œ ɣ l ɛː ɣ ʏ r
ólöglegur	o uː l œ ɣ l ɛː ɣ ʏ r
óma	o uː m a
ómblíður	o u m p l iː ð ʏ r
ómega	o uː m ɛː k a
ómerkilegur	o u m ɛ r̥ c ɪ l ɛː ɣ ʏ r
ómerkilegur	o u m ɛ r̥ c ɪ l ɛː ɣ ʏ r
ómstríður	o u m s t r iː ð ʏ r
ómur	o uː m ʏ r
ómþýður	o u m θ iː ð ʏ r
ómægod	o u̯ː m a i̯ k a t
ómögulegur	o uː m œː ɣ ʏ l ɛː ɣ ʏ r
ónáða	o uː n a uː ð a
ónýtur	o uː n iː t ʏ r
óperuhús	o uː pʰ ɛː r ʏ h uː s
óra	o uː r a
óraddaður	o uː r a tː aː ð ʏ r
óraddaður	o uː r a tː a ð ʏ r
óraddaður	o uː r a tː aː ð ʏ r
óraddaður	o uː r a tː a ð ʏ r
órans	o uː r a n s
órar	o uː r a r
óratóría	o uː r a tʰ o uː r iː j a
óraunhæfur	o uː r œ iː n h a iː v ʏ r
óreglulegur	o uː r ɛ k l ʏ l ɛː ɣ ʏ r
óreiða	o uː r e iː ð a
órólegur	o uː r o uː l ɛː ɣ ʏ r
Órækja	o uː r a iː c a
ós	o uː s
ósannindi	o uː s a nː ɪ n t ɪ
ósannur	o uː s a nː ʏ r
Ósíris	o uː s iː r ɪ s
ósk	o u s k
óska	o u s k a
óskhyggja	o u s k h ɪ cː a
Ósló	o uː s t l o uː
Ósló	o uː s l o uː
óstöðugur	o uː s t œː ð ʏ ɣ ʏ r
ótrúr	o uː t r uː r
ótt	o u h t
óttast	o u h t a s t
ótti	o u h t ɪ
óvandaður	o uː v a n t aː ð ʏ r
óvarkár	o uː v a r̥ kʰ a u r
óvarkárni	o uː v a r̥ kʰ a u r t n ɪ
óvild	o uː v ɪ l t
óvinátta	o uː v ɪː n a u h t a
Óvína	o uː v iː n a
Óvína	o uː v i n a
óvæntur	o uː v a i n̥ t ʏ r
óþarflega	o uː θ a r v l ɛː ɣ a
óþekkt	o uː θ ɛ x t
óþekkur	o uː θ ɛ h k ʏ r
óþægindi	o uː θ a iː j ɪ n t ɪ
óþægindi	o uː θ a i j ɪ n t ɪ
óætur	o uː a iː t ʏ r
p	pʰ j ɛː
padda	pʰ a tː a
pakkhús	pʰ a h k h uː s
pakki	pʰ a h c ɪ
Palestína	pʰ aː l ɛ s t iː n a
Palestína	pʰ aː l ɛ s t iː n a
pallur	pʰ a t l ʏ r
pamfíll	pʰ a m f i t l
panda	pʰ a n t a
panna	pʰ a nː a
panta	pʰ a n̥ t a
pantur	pʰ a n̥ t ʏ r
pappír	pʰ a h p iː r
par	pʰ aː r
pardus	pʰ a r t ʏ s
pardusdýr	pʰ a r t ʏ s t iː r
París	pʰ aː r iː s
partí	pʰ a r̥ t i
partur	pʰ a r̥ t ʏ r
passa	pʰ a sː a
pasta	pʰ a s t a
pat	pʰ aː t
patína	pʰ aː tʰ iː n a
patríarki	pʰ aː tʰ r i j a r̥ c ɪ
patríarki	pʰ aː tʰ r i a r̥ c ɪ
patt	pʰ a h t
paufa	pʰ ø yː v a
paxblað	pʰ a k s p l aː ð
paxblað	pʰ a x s p l aː ð
páfagaukur	pʰ a uː v a k ø yː k ʏ r
páfi	pʰ a uː v ɪ
páfugl	pʰ a uː f ʏ k l
páhæna	pʰ a uː h a iː n a
páka	pʰ a uː k a
Páldís	p a u l t iː s
Pálína	pʰ a uː l iː n a
Páll	pʰ a u t l
Pálmar	pʰ a u l m a r
pára	pʰ a uː r a
pása	pʰ a uː s a
páskabróðir	pʰ a u s k a p r o uː ð ɪ r
páskadagur	pʰ a u s k a t aː ɣ ʏ r
páskaegg	pʰ a u s k a ɛ kː
páskalilja	pʰ a u s k a l ɪ l j a
páskar	pʰ a u s k a r
páskavika	pʰ a u s k a v ɪː k a
pedall	pʰ ɛː t a t l
peð	pʰ ɛː ð
peðra	pʰ ɛ ð r a
peli	pʰ ɛː l ɪ
pelíkani	pʰ ɛ l iː k aː n ɪ
pels	pʰ ɛ l s
pempía	pʰ ɛ m̥ p iː j a
pendúll	pʰ ɛ n t ʏ t l
peningamarkaðssjóður	pʰ ɛː n i ŋ k a m a r̥ k a ð s s j o uː ð ʏ r
peningaseðill	pʰ ɛː n i ŋ k a s ɛː ð ɪ t l
peningur	pʰ ɛː n i ŋ k ʏ r
pennahnífur	pʰ ɛ nː a n̥ iː v ʏ r
pennavinur	pʰ ɛ nː a v ɪː n ʏ r
penni	pʰ ɛ nː ɪ
pensill	pʰ ɛ n s ɪ t l
pepperóní	pʰ ɛ h p ɛ r o uː n iː
pepperóní	pʰ ɛ h p ɛ r o uː n i
pepperóní	pʰ ɛ h p ɛ r o uː n iː
pepperóní	pʰ ɛ h p ɛ r o uː n i
pepperóní	pʰ ɛ h p ɛ r o uː n iː
pepperóní	pʰ ɛ h p ɛ r o uː n i
pera	pʰ ɛː r a
perla	pʰ ɛ r t l a
Perla	pʰ ɛ r t l a
perlumóðir	pʰ ɛ r t l ʏ m o uː ð ɪ r
Persía	pʰ ɛ r̥ s iː j a
persneska	pʰ ɛ r̥ s n ɛ s k a
persóna	pʰ ɛ r̥ s o uː n a
persónufornafn	pʰ ɛ r̥ s o uː n ʏ f ɔ r n a p n
persónulega	pʰ ɛ r̥ s o uː n ʏ l ɛː ɣ a
Perú	pʰ ɛː r uː
Petersen	pʰ ɛː t ɛ r̥ s ɛ nː
Petersen	pʰ ɛː t ɛ r̥ s ɛ n
Petrína	p ɛː t r iː n a
pex	p ɛ k s
pexa	pʰ ɛ x s a
peyi	pʰ e iː j ɪ
peysa	pʰ e iː s a
pé	pʰ j ɛː
Pétti	pʰ j ɛ h t ɪ
péttneska	pʰ j ɛ h t n ɛ s k a
Pétur	p j ɛː t ʏ r
Pétursborg	pʰ j ɛː t ʏ r̥ s p ɔ r k
pils	pʰ ɪ l s
piltur	pʰ ɪ l̥ t ʏ r
pinkill	pʰ i ɲ̊ c ɪ t l
pinni	pʰ ɪ nː ɪ
pipar	pʰ ɪː p a r
piparkaka	pʰ ɪː p a r kʰ aː k a
piparkökuhús	pʰ ɪː p a r kʰ œ k u h uː s
piparrót	pʰ ɪː p a r r o uː t
piparsveinn	pʰ ɪː p a r s v e i t n
piparúði	pʰ ɪː p a r uː ð ɪ
pirra	pʰ ɪ rː a
piss	pʰ ɪ sː
pissa	pʰ ɪ sː a
pissuskál	pʰ ɪ sː ʏ s k a uː l
pistasía	pʰ ɪ s t a s iː j a
pistasía	pʰ ɪ s t a s i j a
pistill	pʰ ɪ s t ɪ t l
pizza	pʰ i t s a
pí	pʰ iː
pía	pʰ iː j a
píanó	pʰ iː j aː n o uː
píka	pʰ iː k a
píla	pʰ iː l a
pílári	pʰ iː l a uː r ɪ
pína	pʰ iː n a
píning	pʰ iː n i ŋ k
pínulítill	pʰ iː n ʏ l iː t ɪ t l
pípa	pʰ iː p a
pípetta	pʰ iː p ɛ h t a
pípuhattur	pʰ iː p ʏ h a h t ʏ r
píra	pʰ iː r a
písl	pʰ i s t l
píta	pʰ iː t a
pjatla	pʰ j a h t l a
plaga	pʰ l aː ɣ a
plampa	pʰ l a m̥ p a
plana	pʰ l aː n a
planta	pʰ l a n̥ t a
plast	pʰ l a s t
plata	pʰ l aː t a
platína	pʰ l aː tʰ iː n a
platónskur	pʰ l aː tʰ o u n s k ʏ r
plága	pʰ l a uː a
pláneta	pʰ l a uː n ɛː t a
pláss	pʰ l a u sː
plástur	pʰ l a u s t ʏ r
plebbi	pʰ l ɛ pː ɪ
plokka	pʰ l ɔ h k a
plógur	pʰ l o uː ʏ r
plóma	pʰ l o uː m a
plús	pʰ l uː s
plægja	pʰ l a iː j a
poka	pʰ ɔː k a
pokabjörn	pʰ ɔː k a p j œ r t n
pokadýr	pʰ ɔː k a t iː r
poki	pʰ ɔː c ɪ
pollagalli	pʰ ɔ t l a k a lː ɪ
polli	pʰ ɔ lː ɪ
pollur	pʰ ɔ t l ʏ r
pomp	pʰ ɔ m̥ p
popp	pʰ ɔ h p
poppa	pʰ ɔ h p a
poppkorn	pʰ ɔ h p kʰ ɔ r t n
port	pʰ ɔ r̥ t
Portúgali	pʰ ɔ r̥ t u k aː l ɪ
portúgalska	p ɔ r̥ t uː k a l s k a
posi	pʰ ɔː s ɪ
postuli	pʰ ɔ s t ʏː l ɪ
postuli	pʰ ɔ s t ʏ l ɪ
postulín	pʰ ɔ s t ʏː l iː n
postulín	pʰ ɔ s t ʏː l i n
postulín	pʰ ɔ s t ʏ l iː n
postulín	pʰ ɔ s t ʏ l i n
postullegur	pʰ ɔ s t ʏ l l ɛː ɣ ʏ r
pota	pʰ ɔː t a
pottur	pʰ ɔ h t ʏ r
pottþéttur	pʰ ɔ h t θ j ɛ h t ʏ r
póll	pʰ o u t l
Pólland	p o u l l a n t
pólska	pʰ o u l s k a
pólskur	pʰ o u l s k ʏ r
pósthólf	pʰ o u s t h o u l v
pósthús	pʰ o u s t h uː s
póstkort	pʰ o u s t kʰ ɔ r̥ t
póstmódernismi	p o u s t m o uː t ɛ r n ɪ s m ɪ
póstur	pʰ o u s t ʏ r
Prag	pʰ r aː ɣ
prakkarastrik	pʰ r a h k a r a s t r ɪː k
prakkari	pʰ r a h k aː r ɪ
prakkari	pʰ r a h k a r ɪ
prakt	pʰ r a x t
prammi	pʰ r a mː ɪ
predika	pʰ r ɛː t ɪː k a
predikari	pʰ r ɛː t ɪ k a r ɪ
predikun	pʰ r ɛː t ɪ k ʏ n
prenta	pʰ r ɛ n̥ t a
prentari	pʰ r ɛ n̥ t a r ɪ
prentduft	pʰ r ɛ n̥ t t ʏ f t
prentsmiðja	pʰ r ɛ n̥ t s m ɪ ð j a
prentun	pʰ r ɛ n̥ t ʏ n
pressa	pʰ r ɛ sː a
prestastefna	pʰ r ɛ s t a s t ɛ p n a
prestur	pʰ r ɛ s t ʏ r
prettur	pʰ r ɛ h t ʏ r
prettvísi	pʰ r ɛ h t v iː s ɪ
prik	pʰ r ɪː k
prins	pʰ r ɪ n s
prinsessa	pʰ r ɪ n s ɛ sː a
prinsipissa	pʰ r ɪ n s ɪ pʰ ɪ sː a
prímtala	pʰ r i m tʰ aː l a
prímus	pʰ r iː m ʏ s
prís	pʰ r iː s
prísund	pʰ r iː s ʏ n t
prjón	pʰ r j o uː n
prjónn	pʰ r j o u t n
próf	pʰ r o uː v
prófa	pʰ r̥ o u a
prófastur	pʰ r o uː f a s t ʏ r
prófessor	pʰ r o uː f ɛ sː ɔ r
prófsumma	pʰ r o u f s ʏ mː a
prófun	pʰ r o uː v ʏ n
própan	pʰ r o uː pʰ a n
prósenta	pʰ r o uː s ɛ n̥ t a
prótein	pʰ r o uː t e iː n
prótín	pʰ r o uː t iː n
prúðmenni	pʰ r u ð m ɛ nː ɪ
prúðmennska	pʰ r u ð m ɛ n s k a
prúður	pʰ r uː ð ʏ r
Prússland	pʰ r u s t l a n t
Prússland	pʰ r u s l a n t
prússneskur	pʰ r u sː t n ɛ s k ʏ r
prússneskur	pʰ r u sː n ɛ s k ʏ r
prússneskur	pʰ r u s t n ɛ s k ʏ r
prússneskur	pʰ r u s n ɛ s k ʏ r
prútta	pʰ r u h t a
prýði	pʰ r iː ð ɪ
puð	pʰ ʏː ð
puða	pʰ ʏː ð a
pund	pʰ ʏ n t
punda	pʰ ʏ n t a
pungbindi	pʰ u ŋ k p ɪ n t ɪ
pungur	pʰ u ŋ k ʏ r
purpuraþistill	pʰ ʏ r̥ p ʏː r a θ ɪ s t ɪ t l
putta	pʰ ʏ h t a
putti	pʰ ʏ h t ɪ
púa	pʰ uː a
púði	pʰ uː ð ɪ
púður	pʰ uː ð ʏ r
púki	pʰ uː c ɪ
púl	pʰ uː l
púla	pʰ uː l a
púls	pʰ u l s
púma	pʰ uː m a
púpa	pʰ uː p a
púra	pʰ uː r a
púrtvín	pʰ u r̥ t v iː n
púsluspil	pʰ u s t l ʏ s p ɪː l̥
pússa	pʰ u sː a
pútta	pʰ u h t a
pylsa	pʰ ɪ l s a
pynda	pʰ ɪ n t a
pyngja	pʰ i ɲ c a
pynta	pʰ ɪ n̥ t a
pynting	pʰ ɪ n̥ t i ŋ k
pysja	pʰ ɪː s j a
pyttur	pʰ ɪ h t ʏ r
pýroxen	pʰ iː r ɔ k s ɛː n
Pýþagóras	pʰ iː θ a k o uː r aː s
pækill	pʰ a iː c ɪ t l
pæla	pʰ a iː l a
pöbb	pʰ œ pː
pönk	pʰ ø y ŋ̊ k
pönkari	pʰ ø y ŋ̊ k aː r ɪ
pönkari	pʰ ø y ŋ̊ k a r ɪ
pönnukaka	pʰ œ nː ʏ kʰ aː k a
pöntun	pʰ œ n̥ t ʏ n
rabarbari	r a pː a r p aː r ɪ
rabarbari	r a pː a r p a r ɪ
rabarbari	r a pː a p aː r ɪ
rabarbari	r a pː a p a r ɪ
rabb	r a pː
rabba	r a pː a
rabítur	r aː p iː t ʏ r
rabítur	r aː p i t ʏ r
radar	r aː t a r
raddblær	r a tː p l a iː r
radísa	r aː t iː s a
raða	r aː ð a
raðtala	r a ð tʰ aː l a
raf	r aː v
rafali	r aː v aː l ɪ
rafall	r aː v a t l
rafeind	r aː v e i n t
rafeindasmásjá	r aː v e i n t a s m a uː s j a uː
rafgas	r a v k aː s
rafgeymir	r a v c e iː m ɪ r
rafgreining	r a v k r e iː n i ŋ k
rafhlaða	r a v l̥ aː ð a
raflögn	r a v l œ k n
rafmagn	r a v m a k n
rafmagn	r aː m a k n
rafpóstur	r a v pʰ o u s t ʏ r
rafstöð	r a v s t œː ð
rafsvið	r a v s v ɪː ð
raftur	r a f t ʏ r
rafvirki	r a v v ɪ r̥ c ɪ
raggeit	r a ɣ c e iː t
Ragnar	r a k n aː r
Ragnar	r a k n a r
ragnarök	r a k n a r œː k
Ragnheiður	r a k n h e iː ð ʏ r
rak	r aː k
raka	r aː k a
rakafullur	r aː k a f ʏ t l ʏ r
rakari	r aː k aː r ɪ
rakhnífur	r aː k n̥ iː v ʏ r
raki	r aː c ɪ
rakki	r a h c ɪ
rakkur	r a h k ʏ r
rakna	r a h k n a
rakstur	r a x s t ʏ r̥
rakur	r aː k ʏ r
rakvél	r aː k v j ɛː l
ramba	r a m p a
rammi	r a mː ɪ
rampur	r a m̥ p ʏ r
randa	r a n t a
rangeygður	r a u ŋ k e i ɣ ð ʏ r
rangla	r a u ŋ l a
rangstaða	r a u ŋ k s t aː ð a
rangur	r a u ŋ k ʏ r
rani	r aː n ɪ
rann	r a nː
rannsókn	r a nː s o u h k n
rannsókn	r a n s o u h k n
rannsóknarstofa	r a nː s o u h k n a r s t ɔː v a
rannsóknarstofa	r a n s o u h k n a r s t ɔː v a
rannur	r a nː ʏ r
rappa	r a h p a
rasismi	r aː s ɪ s m ɪ
raska	r a s k a
rass	r a sː
rassa	r a sː a
rassgat	r a sː k aː t
rasskinn	r a sː cʰ ɪ nː
rasssæri	r a s s a iː r ɪ
rassvasi	r a sː v aː s ɪ
rata	r aː t a
ratleikur	r aː t l e iː k ʏ r
ratsjá	r aː t s j a uː
rauðaldin	r ø yː ð a l t ɪ n
rauðgreni	r ø y ð k r ɛː n ɪ
rauðíkorni	r ø yː ð iː kʰ ɔ r t n ɪ
rauðkál	r ø y ð kʰ a uː l
rauðlaukur	r ø yː ð l ø yː k ʏ r
rauðleitur	r ø y ð l e iː t ʏ r
rauðrófa	r ø y ð r o uː v a
rauður	r ø yː ð ʏ r
rauðvingull	r ø y ð v i ŋ k ʏ t l
rauðvín	r ø y ð v iː n
rauf	r ø yː v
raul	r ø yː l
raula	r ø yː l a
raun	r ø yː n
raup	r ø yː p
raust	r ø y s t
ráð	r a uː ð
ráða	r a uː ð a
ráðabrugg	r a uː ð a p r ʏ kː
ráðgáta	r a u ð k a uː t a
ráðgjafi	r a u ð c aː v ɪ
ráðherra	r a uː ð h ɛ rː a
ráðning	r a u ð n i ŋ k
ráðríkur	r a u ð r iː k ʏ r
rák	r a uː k
rámur	r a uː m ʏ r
rán	r a uː n
rándýr	r a u n t iː r
ráp	r a uː p
rápa	r a uː p a
rás	r a uː s
redda	r ɛ tː a
reður	r ɛː ð ʏ r
refill	r ɛː v ɪ t l
refsa	r ɛ f s a
refsing	r ɛ f s i ŋ k
refur	r ɛː v ʏ r
regla	r ɛ k l a
reglugerð	r ɛ k l ʏ c ɛ r ð
reglulegur	r ɛ k l ʏ l ɛː ɣ ʏ r
reglustika	r ɛ k l ʏ s t ɪː k a
regn	r ɛ k n
regnbogi	r ɛ k n p ɔː j ɪ
regndropi	r ɛ k n t r ɔː p ɪ
regnhlíf	r ɛ k n l̥ iː v
regnkápa	r ɛ k n kʰ a uː p a
regnskógur	r ɛ k n s k o uː ʏ r
regnvatn	r ɛ k n v a h t n
regnþykkni	r ɛ k n θ ɪ h k n ɪ
reið	r e iː ð
reiða	r e iː ð a
reiði	r e iː ð ɪ
reiðubúinn	r e iː ð ʏ p uː ɪ nː
reiðubúinn	r e iː ð ʏ p uː ɪ n
reiðufé	r e iː ð ʏ f j ɛː
reiður	r e iː ð ʏ r
reigingur	r e iː j i ŋ k ʏ r
reigja	r e iː j a
reikistjarna	r e iː c ɪ s t j a r t n a
reikningur	r e i h k n i ŋ k ʏ r
reim	r e iː m
reima	r e iː m a
rein	r e iː n
reipi	r e iː p ɪ
reiprennandi	r e iː p r e nː a n t i
reisa	r e iː s a
reisn	r e i s t n
reitur	r e iː t ʏ r
reka	r ɛː k a
rekald	r ɛː k a l t
rekaviður	r ɛː k a v ɪː ð ʏ r
rekill	r ɛː c ɪ t l
rekja	r ɛː c a
rekkja	r ɛ h c a
rekstur	r ɛ k s t ʏ r
rell	r ɛ t l
rella	r ɛ t l a
rengja	r e i ɲ c a
rengla	r e i ŋ l a
renín	r ɛː n iː n
renna	r ɛ nː a
rennibekkur	r ɛ nː ɪ p ɛ h k ʏ r
rennibraut	r ɛ nː ɪ p r ø yː t
rennilás	r ɛ nː ɪ l a uː s
renta	r ɛ n̥ t a
repja	r ɛː p j a
retta	r ɛ h t a
reyður	r e iː ð ʏ r
reyfi	r e iː v ɪ
reykháfur	r e iː k h a uː v ʏ r
reykherbergi	r e iː k h ɛ r p ɛ r c ɪ
reykherbergi	r e iː k h ɛ r p ɛ r c ɪ
reykja	r e iː c a
reykur	r e iː k ʏ r
reykvískur	r e iː k v i s k ʏ r
reyna	r e iː n a
reynd	r e i n t
reyndar	r e i n t a r
reynir	r e iː n ɪ r
Reynir	r e iː n ɪ r
reynsla	r e i n s t l a
reyr	r e iː r
reyrgresi	r e i r k r ɛː s ɪ
reyta	r e iː t a
réna	r j ɛː n a
rétt	r j ɛ h t
rétta	r j ɛ h t a
réttindi	r j ɛ h t ɪ n t ɪ
réttlæti	r j ɛ h t l a iː t ɪ
réttritun	r j ɛ h t r ɪː t ʏ n
réttur	r j ɛ h t ʏ r
riddari	r ɪ tː a r ɪ
rið	r ɪː ð
riða	r ɪː ð a
riðill	r ɪː ð ɪ t l
riðla	r ɪ ð l a
rif	r ɪː v
rifa	r ɪː v a
riffill	r ɪ fː ɪ t l
riflás	r ɪ v l a uː s
rifna	r ɪ p n a
rifrildi	r ɪ v r ɪ l t ɪ
rifs	r ɪ f s
rifsber	r ɪ f s p ɛː r
rifta	r ɪ f t a
riftun	r ɪ f t ʏ n
rigna	r ɪ k n a
rigning	r ɪ k n i ŋ k
Riis	r iː s
rimill	r ɪː m ɪ t l
rimlagirðing	r ɪː m l a c ɪ r ð i ŋ k
rimma	r ɪ mː a
rindill	r ɪ n t ɪ t l
ringulreið	r i ŋ k ʏ l r e iː ð
ris	r ɪː s
risaeðla	r ɪː s a ɛ ð l a
risi	r ɪː s ɪ
rismál	r ɪː s m a uː l
risna	r ɪ s t n a
rispa	r ɪ s p a
rissa	r ɪ sː a
rist	r ɪ s t
rista	r ɪ s t a
ristill	r ɪ s t ɪ t l
rit	r ɪː t
rita	r ɪː t a
ritari	r ɪː t a r ɪ
ritgerð	r ɪː t c ɛ r ð
rithöfundur	r ɪː t h œː v ʏ n t ʏ r
rithönd	r ɪː t h œ n t
ritill	r ɪː t ɪ t l
ritkerfi	r ɪː t cʰ ɛ r v ɪ
ritröð	r ɪː t r œː ð
ríbónúkleasi	r iː p o uː n uː kʰ l ɛː aː s ɪ
ríða	r iː ð a
rífa	r iː v a
rífast	r iː v a s t
rígur	r iː ɣ ʏ r
Ríkharður	r iː k h a r ð ʏ r
ríki	r iː c ɪ
ríkidæmi	r iː c ɪ t a iː m ɪ
ríkisborgararéttur	r iː c ɪ s p ɔ r k a r a r j ɛ h t ʏ r
ríkisborgari	r iː c ɪ s p ɔ r k a r ɪ
ríkisdalur	r iː c ɪ s t aː l ʏ r
ríkisfang	r iː c ɪ s f a u ŋ k
ríkisráð	r iː c ɪ s r a uː ð
ríkja	r iː c a
ríkjafræði	r iː c a f r a iː ð ɪ
ríkur	r iː k ʏ r
rím	r iː m
Rín	r iː n
rís	r iː s
rísa	r iː s a
Ríta	r iː t a
rjátl	r j a u h t l
rjátla	r j a u h t l a
rjóður	r j o uː ð ʏ r
rjómaís	r j o uː m a iː s
rjómakaka	r j o uː m a kʰ aː k a
rjómaostur	r j o uː m a ɔ s t ʏ r
rjómi	r j o uː m ɪ
rjúfa	r j uː v a
rjúka	r j uː k a
rjúpa	r j uː p a
roð	r ɔː ð
roða	r ɔː ð a
roðasteinn	r ɔː ð a s t e i t n
roðna	r ɔ ð n a
rof	r ɔː v
rofi	r ɔː v ɪ
Rogaland	r ɔː ɣ a l a n t
rok	r ɔː k
rokk	r ɔ h k
rokkur	r ɔ h k ʏ r
rola	r ɔː l a
romm	r ɔ mː
ropi	r ɔː p ɪ
rosti	r ɔ s t ɪ
rostungur	r ɔ s t u ŋ k ʏ r
rot	r ɔː t
rota	r ɔː t a
rotinn	r ɔː t ɪ nː
rotna	r ɔ h t n a
rotnun	r ɔ h t n ʏ n
rotta	r ɔ h t a
ró	r o uː
róðukross	r o uː ð ʏ kʰ r ɔ sː
róður	r o uː ð ʏ r
rófa	r o uː v a
rófubein	r o uː v ʏ p e iː n
rógur	r o uː ʏ r
ról	r o uː l
róla	r o uː l a
rólega	r o uː l ɛː ɣ a
rólegur	r o uː l ɛː ɣ ʏ r
Róm	r o uː m
Rómaborg	r o uː m a p ɔ r k
rómur	r o uː m ʏ r
rór	r o uː r
rós	r o uː s
rósakál	r o uː s a kʰ a uː l
rósemi	r o uː s ɛː m ɪ
Rósey	r o u̯ː s ɛ i̯
rósmarín	r o uː s m a r iː n
rósmarín	r o uː s m a r iː n
rót	r o uː t
róteind	r o uː t e i n t
ruddalegur	r ʏ tː a l ɛː ɣ ʏ r
ruddi	r ʏ tː ɪ
ruðningur	r ʏ ð n i ŋ k ʏ r
rugga	r ʏ kː a
ruggustóll	r ʏ kː ʏ s t o u t l
rugl	r ʏ k l
rugla	r ʏ k l a
rukka	r ʏ h k a
runa	r ʏː n a
runnamura	r ʏ nː a m ʏː r a
runni	r ʏ nː ɪ
runnur	r ʏ nː ʏ r
Runólfína	r ʏː n o u l v iː n a
Runólfína	r ʏː n o u l v iː n a
rupl	r ʏ h p l
rupla	r ʏ h p l a
rusl	r ʏ s t l
rusla	r ʏ s t l a
rusti	r ʏ s t ɪ
Rustikus	r ʏ s t ɪ kʰ ʏ s
rúbín	r uː p iː n
rúða	r uː ð a
Rúðuborg	r uː ð ʏ p ɔ r k
rúgbrauð	r uː ɣ p r œ yː ð
rúgur	r uː ɣ ʏ r
rúgur	r uː ʏ r
rúm	r uː m
rúm	r u mː
rúm	r u m
Rúmenía	r uː m ɛː n iː j a
rúmenska	r uː m ɛ n s k a
rúmfræði	r u m f r a iː ð ɪ
rúmföt	r u m f œː t
rúmteppi	r u m tʰ ɛ h p ɪ
rúmur	r uː m ʏ r
rún	r uː n
Rúnar	r uː n aː r
Rúnar	r uː n a r
rúnna	r u nː a
Rúrik	r uː r ɪ k
rúsína	r uː s iː n a
rúsína	r uː s i n a
rússneska	r u sː n ɛ s k a
rússneskur	r u sː t n ɛ s k ʏ r
rússneskur	r u sː n ɛ s k ʏ r
rússneskur	r u s t n ɛ s k ʏ r
rússneskur	r u s n ɛ s k ʏ r
rúst	r uː s t
rúta	r uː t a
ryð	r ɪː ð
ryðfrír	r ɪ ð f r iː r
ryðja	r ɪ ð j a
ryðönd	r ɪː ð œ n t
ryk	r ɪː k
rykfalla	r ɪː k f a t l a
rykkilín	r ɪ h c ɪ l iː n
rykkja	r ɪ h c a
rykkur	r ɪ h k ʏ r
ryksuga	r ɪ k s ʏː ɣ a
rymja	r ɪ m j a
rýja	r iː j a
rými	r iː m ɪ
rýna	r iː n a
rýni	r iː n ɪ
rýr	r iː r
rýra	r iː r a
rýtingur	r iː t i ŋ k ʏ r
ræða	r a iː ð a
ræðari	r a iː ð a r ɪ
ræðinn	r a iː ð ɪ n
ræðismaður	r a iː ð ɪ s m aː ð ʏ r
ræðismannsbústaður	r a iː ð ɪ s m a n s p uː s t aː ð ʏ r
ræfill	r a iː v ɪ t l
Ræfill	r a iː v ɪ t l
rægja	r a iː j a
rækja	r a iː c a
rækt	r a i x t
rækta	r a i x t a
ræll	r a i t l
ræma	r a iː m a
ræna	r a iː n a
ræpa	r a iː p a
rætur	r a iː t ʏ r
rödd	r œ tː
röð	r œː ð
Rögnvaldína	r œ k n v a l t iː n a
Rögnvaldína	r œ k n v a l t iː n a
rök	r œː k
rökfræði	r œː k f r a iː ð ɪ
rökhenda	r œː k h ɛ n t a
rökkur	r œ h k ʏ r
Rökkvi	r œ h k v ɪ
rökkvi	r œ h k v ɪ
rölt	r œ l̥ t
rölta	r œ l̥ t a
rönd	r œ n t
rör	r œː r
röskun	r œ s k ʏ n
röskur	r œ s k ʏ r
Röskva	r œ s k v a
saddur	s a tː ʏ r
saðning	s a ð n i ŋ k
safamikill	s aː v a m ɪː c ɪ t l
saffran	s a fː r a n
safi	s aː v ɪ
safír	s aː f iː r
Safír	s aː f iː r
safírblár	s aː f iː r p l a uː r
safn	s a p n
safna	s a p n a
safnari	s a p n aː r ɪ
safnheiti	s a p n h e iː t ɪ
safnið	s a p n ɪ ð
saft	s a f t
sag	s aː ɣ
saga	s aː ɣ a
Saga	s aː ɣ a
saggi	s a cː ɪ
sagnbeyging	s a k n p e iː j i ŋ k
sagnbót	s a k n p o uː t
sagnfræði	s a k n f r a iː ð ɪ
sagnfræðingur	s a k n f r a iː ð i ŋ k ʏ r
sagnfylling	s a k n f ɪ t l i ŋ k
sagnorð	s a k n ɔ r ð
Sagreb	s aː k r ɛː p
saka	s aː k a
sakargift	s aː k a r c ɪ f t
sakaskrá	s aː k a s k r a uː
sakleysi	s aː k l e iː s ɪ
sakna	s a h k n a
sala	s aː l a
salat	s aː l aː t
salat	s aː l a t
salerni	s aː l ɛ r t n ɪ
Salka	s a l̥ k a
salt	s a l̥ t
saltaður	s a l̥ t aː ð ʏ r
saltaður	s a l̥ t a ð ʏ r
saltfiskur	s a l̥ t f ɪ s k ʏ r
saltkjöt	s a l̥ t cʰ œː t
saltsýra	s a l̥ t s iː r a
saltur	s a l̥ t ʏ r
salur	s aː l ʏ r
Salvadori	s a l v a t ɔː r ɪ
salvi	s a l v ɪ
samanburður	s aː m a n p ʏ r ð ʏ r
samband	s a m p a n t
sambland	s a m p l a n t
sameina	s aː m e iː n a
sameind	s aː m e i n t
samfélag	s a m f j ɛː l aː ɣ
samfélagsmiðill	s a m f j ɛː l aː ɣ s m ɪː ð ɪ t l
samfundur	s a m f ʏ n t ʏ r
samför	s a m f œː r
samhaldssamur	s a m h a l t s s aː m ʏ r
samheitaorðabók	s a m h e iː t a ɔ r ð a p o uː k
samheiti	s aː m h e iː t ɪ
samhengi	s a m h e i ɲ c ɪ
samhljóð	s a m l̥ j o uː ð
samhljóði	s a m l̥ j o uː ð ɪ
samhljómur	s a m l̥ j o uː m ʏ r
sami	s aː m ɪ
samkennd	s a m cʰ ɛ n t
samkeppni	s a m cʰ ɛ h p n ɪ
samkoma	s a m kʰ ɔː m a
samkomulag	s a m kʰ ɔː m ʏ l aː ɣ
samkvæmt	s a m kʰ v a i m̥ t
samkynhneigð	s a m cʰ ɪ n n̥ e i ɣ ð
samlandi	s a m l a n t ɪ
samlyndi	s a m l ɪ n t ɪ
sammiðja	s a m m ɪ ð j a
samnefndur	s a m n ɛ m t ʏ r
samningur	s a m n i ŋ k ʏ r
samræmi	s a m r a iː m ɪ
samsæta	s a m s a iː t a
samtenging	s a m tʰ e i ɲ c i ŋ k
samur	s aː m ʏ r
Samúel	s aː m uː ɛː l
Samúel	s aː m u ɛː l
Samúelína	s aː m uː ɛː l iː n a
Samúelína	s aː m uː ɛː l iː n a
Samúelína	s aː m uː ɛ l iː n a
Samúelína	s aː m uː ɛ l iː n a
Samúelína	s aː m u ɛː l iː n a
Samúelína	s aː m u ɛː l iː n a
Samúelína	s aː m u ɛ l iː n a
Samúelína	s aː m u ɛ l iː n a
samvinna	s a m v ɪ nː a
samviskusamur	s a m v ɪ s k ʏ s aː m ʏ r
samviskusemi	s a m v ɪ s k ʏ s ɛː m ɪ
samvist	s a m v ɪ s t
samvistarfall	s a m v ɪ s t a r f a t l
samþykki	s a m θ ɪ h c ɪ
samþykkja	s a m θ ɪ h c a
samþykkt	s a m θ ɪ x t
sandali	s a n t a l ɪ
sandbylur	s a n t p ɪː l ʏ r
sandfok	s a n t f ɔː k
sandkassi	s a n t kʰ a sː ɪ
sandlægja	s a n t l a iː j a
sandstormur	s a n t s t ɔ r m ʏ r
sandur	s a n t ʏ r
sannarlega	s a nː a r l ɛː ɣ a
sannfæra	s a nː f a iː r a
sannfærandi	s a nː f a iː r a n t ɪ
sannindi	s a nː ɪ n t ɪ
sannlega	s a nː l ɛː ɣ a
sannlega	s a n l ɛː ɣ a
sannleikur	s a nː l e iː k ʏ r
sannur	s a nː ʏ r
sanskrít	s a n s k r iː t
Sara	s aː r a
Sardinía	s a r t ɪ n iː j a
sarí	s aː r iː
sauðlaukur	s ø y ð l ø yː k ʏ r
sauðnaut	s ø y ð n ø yː t
sauðvingull	s ø y ð v i ŋ k ʏ t l
sauma	s ø yː m a
saumavél	s ø yː m a v j ɛː l
saumur	s ø yː m ʏ r
saur	s ø yː r
saurblað	s ø y r p l aː ð
saurugur	s ø yː r ʏː ɣ ʏ r
sautján	s œ yː t j a u n
Saxland	s a x s l a n t
sá	s a uː
sáð	s a uː ð
sáðfruma	s a u ð f r ʏː m a
sáðrás	s a u ð r a u s
sál	s a uː l
sálarfræði	s a uː l a r f r a iː ð ɪ
sálfræði	s a u l f r a iː ð ɪ
sálfræði	s a u l f r a iː ð ɪ
sálfræðilegur	s a u l f r a iː ð i l ɛː ɣ ʏ r
sálfræðilegur	s a u l f r a iː ð i l ɛː ɣ ʏ r
sálfræðingur	s a u l f r a iː ð i ŋ k ʏ r
sálgreining	s a uː l k r e iː n i ŋ k
sálmabók	s a u l m a p o uː k
sálmur	s a u l m ʏ r
sálufélagi	s a uː l u f j ɛː l aː j ɪ
sálumessa	s a uː l ʏ m ɛ sː a
Sámsey	s a u m s e iː
sáning	s a uː n i ŋ k
sápa	s a uː p a
sár	s a uː r
sárasótt	s a uː r a s o u h t
sársauki	s a u r̥ s ø yː c ɪ
sáta	s a uː t a
sáttmáli	s a u h t m a uː l ɪ
sáttur	s a u h t ʏ r
Scheving	s c ɛː v i ŋ
Schiöth	s c œ h t
Schram	s k r aː m
sebrabraut	s ɛ p r a p r ø yː t
seðill	s ɛː ð ɪ t l
seðja	s ɛ ð j a
seðlabanki	s ɛ ð l a p a u ŋ̊ c ɪ
seena	s iː n a
sef	s ɛː v
sefa	s ɛː v a
sefur	s ɛː v ʏ r
segð	s ɛ ɣ ð
segja	s e iː j a
segl	s ɛ k l
segull	s ɛː ɣ ʏ t l
segulljós	s ɛː ɣ ʏ l l j o uː s
segulsvið	s ɛː ɣ ʏ l s v ɪː ð
seiða	s e iː ð a
seiði	s e iː ð ɪ
seiður	s e iː ð ʏ r
Seifur	s e iː v ʏ r
seinn	s e i t n
seiva	s e iː v a
sekkur	s ɛ h k ʏ r
sekt	s ɛ x t
sekta	s ɛ x t a
sekur	s ɛː k ʏ r
sekúnda	s ɛː k u n t ɐ
sekvensa	s ɛː kʰ v ɛ n s a
selja	s ɛ l j a
selkjöt	s ɛ l cʰ œː t
sellerí	s ɛ lː ɛː r iː
Selma	s ɛ l m a
selur	s ɛː l ʏ r
sem	s ɛː m
sem	s ɛ m
semball	s ɛ m p a t l
semja	s ɛ m j a
senda	s ɛ n t a
sendiherra	s ɛ n t ɪ h ɛ rː a
sendill	s ɛ n t ɪ t l
sending	s ɛ n t i ŋ k
sendinn	s ɛ n t ɪ nː
sendinn	s ɛ n t ɪ n
senna	s ɛ nː a
sennilega	s ɛ nː ɪ l ɛː ɣ a
sepi	s ɛː p ɪ
Serbi	s ɛ r p ɪ
serbneskur	s ɛ r p n ɛ s k ʏ r
serbókróatíska	s ɛ r p o u kʰ r o uː a tʰ i s k a
serða	s ɛ r ð a
serótónín	s ɛː r o uː tʰ o uː n iː n
servíetta	s ɛ r v iː j ɛ h t a
servíetta	s ɛ r v j ɛ h t a
sesín	s ɛː s iː n
sess	s ɛ sː
sessa	s ɛ sː a
sessunautur	s ɛ sː ʏ n ø yː t ʏ r
setja	s ɛː t j a
setja	s ɛː t a
setning	s ɛ h t n i ŋ k
setningafræði	s ɛ h t n i ŋ k a f r a iː ð ɪ
settaug	s ɛː t tʰ ø yː ɣ
sexa	s ɛ x s a
sexa	s ɛ k s a
sextán	s ɛ k s t a u n
sextugasti	s ɛ k s t ʏ ɣ a s t ɪ
seyði	s e iː ð ɪ
seyta	s e iː t a
seytla	s e i h t l a
sé	s j ɛː
séní	s j ɛː n iː
sér	s ɛː r
séra	s j ɛː r a
sérð	s j ɛ r ð
sérhljóð	s j ɛː r l̥ j o uː ð
séríslenskur	s j ɛː r i s t l ɛ n s k ʏ r
sérstaklega	s j ɛ r̥ s t aː k l ɛː ɣ a
sérstaklega	s j ɛ r̥ s t aː k l ɛː ɣ a
sérstaklega	s j ɛ r̥ s t a k l ɛː ɣ a
sérstaklega	s j ɛ r̥ s t a k l ɛː ɣ a
sérstakur	s j ɛ r̥ s t aː k ʏ r
siða	s ɪː ð a
siður	s ɪː ð ʏ r
siðvenja	s ɪ ð v ɛ n j a
Sif	s ɪː v
sifjar	s ɪ v j a r
sifjarsóley	s ɪ v j a r s o uː l e iː
sifjaspell	s ɪ v j a s p ɛ t l
sifji	s ɪ v j ɪ
sig	s ɪː ɣ
siga	s ɪː ɣ a
Sigdís	s ɪ ɣ t iː s
sigð	s ɪ ɣ ð
Sigfús	s ɪ x f uː s
Sigfúsína	s ɪ x f uː s iː n a
Sigfúsína	s ɪ x f uː s iː n a
Sigfúsína	s ɪ x f u s iː n a
Sigfúsína	s ɪ x f u s iː n a
sigg	s ɪ kː
Siggi	s ɪ cː ɪ
sigla	s ɪ k l a
siglt	s ɪ ɬ t
siglutoppur	s ɪ k l ʏ tʰ ɔ h p ʏ r
Sigmar	s ɪ ɣ m aː r
Sigmar	s ɪ ɣ m a r
Sigmundína	s ɪ ɣ m ʏ n t iː n a
Sigmundína	s ɪ ɣ m ʏ n t iː n a
Sigmundur	s ɪ ɣ m ʏ n t ʏ r
signa	s ɪ k n a
Signa	s ɪ k n a
sigra	s ɪ ɣ r a
Sigríður	s ɪ ɣ r iː ð ʏ r
Sigríður	s ɪ ɣ r i ð ʏ r
sigur	s ɪː ɣ ʏ r
Sigurdís	s ɪː ɣ ʏ r t iː s
Sigurðína	s ɪː ɣ ʏ r ð iː n a
Sigurðína	s ɪː ɣ ʏ r ð iː n a
Sigurðsson	s ɪː ɣ ʏ r ð s s ɔː n
Sigurður	s ɪː ɣ ʏ r ð ʏ r
Sigurey	s ɪː ɣ ʏ r ɛ i̯
sigursæll	s ɪː ɣ ʏ r s a i t l̥
Sigþrúður	s ɪ x θ r uː ð ʏ r
Sikiley	s ɪː c ɪ l e iː
silfraður	s ɪ l v r aː ð ʏ r
silfur	s ɪ l v ʏ r
silfurlitaður	s ɪ l v ʏ r l ɪː t a ð ʏ r
silfursóley	s ɪ l v ʏ r s o uː l e iː
Silja	s ɪ l j a
silki	s ɪ l̥ c ɪ
silkibygg	s ɪ l̥ c ɪ p ɪ kː
silungur	s ɪː l u ŋ k ʏ r
simpansi	s ɪ m̥ p a n s ɪ
simpill	s ɪ m̥ p ɪ t l
sin	s ɪː n
sina	s ɪː n a
sinfónía	s ɪ n f o uː n iː j a
sinfóníuhljómsveit	s ɪ n f o uː n iː j ʏ l̥ j o u m s v e iː t
sinn	s ɪ nː
sinna	s ɪ nː a
sinni	s ɪ nː ɪ
sinnuleysi	s ɪ nː ʏ l e iː s ɪ
sinnuma	s ɪ nː ʏ m a
sippa	s ɪ h p a
sippuband	s ɪ h p ʏ p a n t
sirkill	s ɪ r̥ c ɪ t l
sirkon	s ɪ r̥ k ɔː n
sirkus	s ɪ r̥ k ʏ s
sitja	s ɪː t j a
sitjandi	s ɪː t j a n t ɪ
sitkagreni	s ɪː t k a k r ɛː n ɪ
sí	s iː
sía	s iː j a
Síbería	s iː p ɛ r iː j a
Síbería	s iː p ɛ r iː j a
síberíulerki	s iː p ɛː r iː j ʏ l ɛ r̥ c ɪ
síberíulerki	s iː p ɛː r i j ʏ l ɛ r̥ c ɪ
síberíulerki	s iː p ɛ r iː j ʏ l ɛ r̥ c ɪ
síberíulerki	s iː p ɛ r i j ʏ l ɛ r̥ c ɪ
sídd	s i tː
síða	s iː ð a
síðan	s iː ð a n
síður	s iː ð ʏ r
síður	s iː ð ʏ r
sífelldur	s iː f ɛ l t ʏ r
sífellt	s iː f ɛ l̥ t
síga	s iː ɣ a
sígaretta	s iː k a r ɛ h t a
síki	s iː c ɪ
síld	s i l t
síma	s iː m a
símaklefi	s iː m a kʰ l ɛː v ɪ
símasamband	s iː m a s a m p a n t
símaskrá	s iː m a s k r a uː
símbréf	s iː m p r j ɛː v
símgreiðsla	s i m k r e i ð s t l a
sími	s iː m ɪ
Símon	s iː m ɔː n
Símon	s iː m ɔ n
Símonía	s iː m ɔː n iː j a
Símonía	s iː m ɔː n iː j a
Símonía	s iː m ɔ n iː j a
Símonía	s iː m ɔ n iː j a
símtal	s i m tʰ aː l
sínus	s iː n ʏ s
síra	s iː r a
síróp	s iː r o uː p
síróp	s iː r o u p
sís	s iː s
síst	s i s t
sítar	s iː tʰ aː r
sítróna	s iː tʰ r o uː n a
sítrónusafi	s iː tʰ r o uː n ʏ s aː v ɪ
sítrónusýra	s iː tʰ r o uː n ʏ s iː r a
sívalningur	s iː v a l n i ŋ k ʏ r
sívalur	s iː v aː l ʏ r
sjal	s j aː l
sjaldan	s j a l t a n
sjaldgæfur	s j a l t c a iː v ʏ r
sjampó	s j a m̥ p o uː
sjá	s j a uː
Sjáland	s j a uː l a n t
sjálf	s j a u l v
sjálfa	s j a u l v a
sjálfhverfa	s j a u l v kʰ v ɛ r v a
sjálfsfróun	s j a u l v s f r o uː ʏ n
sjálfsfróun	s j a u l s f r o uː ʏ n
sjálfsmynd	s j a u l v s m ɪ n t
sjálfsmynd	s j a u l s m ɪ n t
sjálfur	s j a u l v ʏ r
sjár	s j a uː r
sjáumst	s j aː u ʏ m̥ s t
sjávarfugl	s j a uː v a r f ʏ k l
sjoppa	s j ɔ h p a
sjóari	s j o uː aː r ɪ
sjóari	s j o uː a r ɪ
sjóða	s j o uː ð a
sjóður	s j o uː ð ʏ r
sjófugl	s j o uː f ʏ k l
sjóher	s j o uː h ɛː r
sjóher	s j o uː h ɛː r
sjókort	s j o uː kʰ ɔ r̥ t
sjóli	s j o uː l ɪ
sjón	s j o uː n
sjónauki	s j o uː n ø yː c ɪ
sjónskertur	s j o u n s c ɛ r̥ t ʏ r
sjóntaug	s j o u n tʰ ø yː ɣ
sjónvarp	s j o u n v a r̥ p
sjór	s j o uː r
sjóveiki	s j o uː v e iː c ɪ
sjúga	s j uː a
sjúkdómafræði	s j uː k t o uː m a f r a iː ð ɪ
sjúkdómur	s j uː k t o uː m ʏ r
sjúkrabíll	s j uː k r a p i t l̥
sjúkrahús	s j uː k r a h uː s
sjúkur	s j uː k ʏ r
sjúss	s j u sː
sjöa	s j œː a
Sjöfn	s j œ p n
sjötti	s j œ h t ɪ
sjötugasti	s j œː t ʏ ɣ a s t ɪ
sjöundi	s j œː ʏ n t ɪ
skadda	s k a tː a
skaða	s k aː ð a
skaði	s k aː ð ɪ
skaðlegur	s k a ð l ɛː ɣ ʏ r
skaf	s k aː v
skafa	s k aː v a
skafl	s k a p l
skaft	s k a f t
skagi	s k aː j ɪ
skak	s k aː k
skaka	s k aː k a
skakkur	s k a h k ʏ r
skali	s k aː l ɪ
skalla	s k a t l a
skammdegi	s k a mː t ɛː j ɪ
skammdegi	s k a mː t ɛ j ɪ
skammkrækill	s k a mː kʰ r a iː c ɪ t l
skammur	s k a mː ʏ r
skandall	s k a n t a t l
skap	s k aː p
skapa	s k aː p a
skapari	s k aː p a r ɪ
skapgerð	s k aː p c ɛ r ð
skaplyndi	s k aː p l ɪ n t ɪ
skapvondur	s k aː p v ɔ n t ʏ r
skara	s k aː r a
skarð	s k a r ð
skarfakál	s k a r v a kʰ a uː l
skarfur	s k a r v ʏ r
skari	s k aː r ɪ
skarifífill	s k aː r ɪ f iː v ɪ t l
skark	s k a r̥ k
skarpur	s k a r̥ p ʏ r
skart	s k a r̥ t
skartgripasali	s k a r̥ t k r ɪː p a s aː l ɪ
skartgripur	s k a r̥ t k r ɪː p ʏ r
skata	s k aː t a
skattaskjól	s k a h tː a s c o uː l
skattur	s k a h t ʏ r
skaut	s k ø yː t
skauta	s k ø yː t a
skauti	s k ø yː t ɪ
skák	s k a uː k
skál	s k a uː l
skála	s k a uː l a
skáld	s k a u l t
skáldsaga	s k a u l t s aː ɣ a
skáldskapur	s k a u l t s k aː p ʏ r̥
skáli	s k a uː l ɪ
skálmöld	s k a u̯ l m œ l t
skán	s k a uː n
skána	s k a uː n a
Skánn	s k a u t n
skápur	s k a uː p ʏ r
skárri	s k a u rː ɪ
skáti	s k a uː t ɪ
ske	s c ɛː
skegg	s c ɛ kː
skeggburkni	s c ɛ kː p ʏ r̥ k n ɪ
skeggsandi	s c ɛ kː s a n t ɪ
skeið	s c e iː ð
skeiðklukka	s c e i ð kʰ l ʏ h k a
skeina	s c e iː n a
skekkja	s c ɛ h c a
skel	s c ɛː l
skelfa	s c ɛ l v a
skelfing	s c ɛ l v i ŋ k
skelfiskur	s c ɛː l f ɪ s k ʏ r
skeljamura	s c ɛ l j a m ʏː r a
skelkaður	s c ɛ l̥ k a ð ʏ r
skelkur	s c ɛ l̥ k ʏ r
skella	s c ɛ t l a
skellihlæja	s c ɛ t l ɪ l̥ a iː j a
skellinaðra	s k ɛ t l ɪ n a ð r a
skelmir	s c ɛ l m ɪ r
skema	s c ɛː m a
skemill	s c ɛː m ɪ t l
skemma	s c ɛ mː a
skemmd	s c ɛ m t
skemmta	s c ɛ m̥ t a
skemmtilegur	s k ɛ m̥ t ɪ l ɛː ɣ ʏ r
skepna	s c ɛ h p n a
sker	s c ɛː r
skera	s c ɛː r a
skerða	s c ɛ r ð a
skeri	s c ɛː r ɪ
skermur	s c ɛ r m ʏ r
skessa	s c ɛ sː a
skeyta	s c e iː t a
skeyti	s c e iː t ɪ
skikkja	s k ɪ h c a
skil	s c ɪː l
skila	s c ɪː l a
skilaboð	s c ɪː l a p ɔː ð
skilja	s c ɪ l j a
skiljanlega	s c ɪ l j a n l ɛː ɣ a
skiljanlegur	s c ɪ l j a n l ɛː ɣ ʏ r
skilnaður	s c ɪ l n aː ð ʏ r
skilnaður	s c ɪ l n a ð ʏ r
skilningur	s c ɪ l n i ŋ k ʏ r
skilvirkur	s c ɪː l v ɪ r̥ k ʏ r
skilvirkur	s c ɪ l v ɪ r̥ k ʏ r
skima	s c ɪː m a
skin	s c ɪː n
skinka	s c i ŋ̊ k a
skinn	s c ɪ nː
skinna	s k ɪ nː a
skipaskurður	s c ɪː p a s k ʏ r ð ʏ r
skipasmiður	s c ɪː p a s m ɪː ð ʏ r
skipasmíði	s c ɪː p a s m iː ð ɪ
skiptavinur	s k ɪ f t a v ɪː n ʏ r
skipting	s c ɪ f t i ŋ k
skipun	s c ɪː p ʏ n
skissa	s c ɪ sː a
skita	s c ɪː t a
skíða	s c iː ð a
skíðaþjálfari	s c iː ð a θ j a u l v aː r ɪ
skíðaþjálfari	s c iː ð a θ j a u l v a r ɪ
skíðhvalur	s c i ð xʷ aː l ʏ r
skíðhvalur	s c i ð kʰ v aː l ʏ r
Skíði	s c iː ð ɪ
skíði	s c iː ð ɪ
skíma	s c iː m a
skína	s c iː n a
skír	s c iː r
skíra	s c iː r a
skíri	s c iː r ɪ
Skírisskógur	s c iː r ɪ s s k o uː ʏ r
skírlífi	s c i r l iː v ɪ
skírn	s c i t n̥
skírnarfontur	s c i r t n a r f ɔ n̥ t ʏ r
skírteini	s c i r̥ t e iː n ɪ
skíta	s c iː t a
skítt	s c i h t
skítugur	s c iː t ʏː ɣ ʏ r
skítur	s c iː t ʏ r
skjal	s c aː l
skjaldarmerki	s c a l t a r m ɛ r̥ k ɪ
skjaldarmerkjafræði	s c a l t aː r m ɛ r̥ c a f r a iː ð ɪ
skjaldarmerkjafræði	s c a l t aː r m ɛ r̥ c a f r a iː ð ɪ
skjaldbaka	s c a l t p aː k a
skjaldberi	s c a l t b ɛː r ɪ
skjaldburkni	s c a l t p ʏ r̥ k n ɪ
skjall	s c a t l
skjáborð	s c a uː p ɔ r ð
skjálfa	s c a u l v a
skjálfti	s c a u l̥ t ɪ
skjár	s c a uː r
skjóða	s c o uː ð a
skjól	s c o uː l
skjóla	s c o uː l a
skjór	s c o uː r
skjóta	s c o uː t a
skjóttur	s c o u h t ʏ r
skjótur	s c o uː t ʏ r
skjöldur	s c œ l t ʏ r
skoða	s k ɔː ð a
skoðun	s k ɔː ð ʏ n
skokka	s k ɔ h k a
skola	s k ɔː l a
skolhærður	s k ɔː l h a i r ð ʏ r
skollafingur	s k ɔ t l a f i ŋ k ʏ r
skollakambur	s k ɔ t l a kʰ a m p ʏ r
skolli	s k ɔ t l ɪ
skoltur	s k ɔ l̥ t ʏ r̥
skop	s k ɔ p
skoppa	s k ɔ h p a
skopugla	s k ɔ p ʏ k l a
skora	s k ɔː r a
skordýr	s k ɔ r t iː r
skorningur	s k ɔ r t n i ŋ k ʏ r
skorpa	s k ɔ r̥ p a
skorsteinn	s k ɔ r̥ s t e i t n
skortur	s k ɔ r̥ t ʏ r
skoskur	s k ɔ s k ʏ r
skot	s k ɔː t
Skoti	s k ɔː t ɪ
Skotland	s k ɔː t l a n t
skott	s k ɔ h t
skotta	s k ɔ h t a
skotvopn	s k ɔː t v ɔ h p n
skóf	s k o uː v
skófla	s k o u p l a
skógarfura	s k o uː a r f ʏː r a
skógarkerfill	s k o uː a r cʰ ɛ r v ɪ t l
skógarsóley	s k o uː a r s o uː l e iː
skógartoppur	s k o uː a r tʰ ɔ h p ʏ r
skóglaus	s k o u ɣ l ø yː s
skógur	s k o uː ʏ r
skólaár	s k o uː l a a uː r
skólastjóri	s k o uː l a s t j o uː r ɪ
skóli	s k o uː l ɪ
skómakari	s k o uː m aː k aː r ɪ
skór	s k o uː r
skósmiður	s k o uː s m ɪː ð ʏ r
skraddari	s k r a tː a r ɪ
skraf	s k r aː v
skrafa	s k r aː v a
skran	s k r aː n
skratti	s k r a h t ɪ
skraut	s k r ø yː t
skrá	s k r a uː
skráargat	s k r a uː a r k aː t
skráning	s k r a uː n i ŋ k
skref	s k r ɛː v
skreppa	s k r ɛ h p a
skreyta	s k r e iː t a
skrið	s k r ɪː ð
skriða	s k r ɪː ð a
skriðdreki	s k r ɪ ð t r ɛː c ɪ
skriðlíngresi	s k r ɪ ð l i n k r ɛː s ɪ
skriðnablóm	s k r ɪ ð n a p l o uː m
skriðsóley	s k r ɪ ð s o uː l e iː
skriðsund	s k r ɪː s ʏ n t
skriðuhnoðri	s k r ɪː ð ʏ n̥ ɔ ð r ɪ
skrifa	s k r ɪː v a
skrifborð	s k r ɪ pː ɔ r ð
skriflegur	s k r ɪ v l ɛː ɣ ʏ r
skrifstofa	s k r ɪ f s t ɔː v a
skríða	s k r iː ð a
skríll	s k r i t l
skrímsli	s k r i m s t l ɪ
skrín	s k r iː n
skruma	s k r ʏː m a
skrun	s k r ʏː n
skruna	s k r ʏː n a
skrúðganga	s k r u ð k a u ŋ k a
skrúðhús	s k r uː ð h uː s
skrýða	s k r iː ð a
skræfa	s k r a iː v a
skræla	s k r a iː l a
skrök	s k r œː k
skuggi	s k ʏ cː ɪ
skulda	s k ʏ l t a
skuldari	s k ʏ l t aː r ɪ
skuldari	s k ʏ l t a r ɪ
skulu	s k ʏː l ʏ
skunkur	s k u ŋ̊ k ʏ r
skurðaðgerð	s k ʏ r ð a ð c ɛ r ð
skurðarborð	s k ʏ r ð a r p ɔ r ð
skurðgoð	s k ʏ r ð k ɔː d
skurðgrafa	s k ʏ r ð k r aː v a
skurðgröftur	s k ʏ r ð k r œ f t ʏ r
skurðlæknir	s k ʏ r ð l a i h k n ɪ r
skurðpunktur	s k ʏ r ð pʰ u ŋ̊ k t ʏ r
skurðpunktur	s k ʏ r ð pʰ u ŋ̊ t ʏ r
skurðstofa	s k ʏ r ð s t ɔː v a
skurður	s k ʏ r ð ʏ r
skurfa	s k ʏ r v a
skurn	s k ʏ r t ⁽ʰ ⁾ n
skurn	s k ʏ t ⁽ʰ ⁾ n
skutla	s k ʏ h t l a
skutur	s k ʏː t ʏ r
skúfur	s k uː v ʏ r
Skúli	s k uː l ɪ
Skúlína	s k uː l iː n a
skúr	s k uː r
skvass	s k v a sː
skvetta	s k v ɛ h t a
skvísa	s k v iː s a
skyggn	s c ɪ k n
skylda	s c ɪ l t a
skyn	s c ɪː n
skyndilegur	s c ɪ n t ɪ l ɛː ɣ ʏ r
skynja	s c ɪ n j a
skynjun	s c ɪ n j ʏ n
skynsemi	s c ɪ n s ɛː m ɪ
skynugur	s c ɪː n ʏː ɣ ʏ r
skyr	s c ɪː r
skyrpa	s c ɪ r̥ p a
skyrta	s c ɪ r̥ t a
skyssa	s c ɪ sː a
skytta	s c ɪ h t a
ský	s c iː
skýla	s c iː l a
skýli	s c iː l ɪ
skýr	s c iː r
skýra	s c iː r a
skýring	s c iː r i ŋ k
skýrsla	s c i r̥ s t l a
skækill	s c a iː c ɪ t l
skæla	s c a iː l a
skæni	s c a iː n ɪ
skær	s c a iː r
skæri	s c a iː r ɪ
sköddun	s k œ tː ʏ n
skömm	s k œ mː
sköp	s k œː p
skötuhjú	s k œː t ʏ ç uː
slag	s t l aː ɣ
slagharpa	s t l aː ɣ h a r̥ p a
slagsmál	s t l a x s m a uː l
slakna	s t l a h k n a
slakur	s t l aː k ʏ r
slanga	s t l a u ŋ k a
slappur	s t l a h p ʏ r
slark	s t l a r̥ k
slarka	s t l a r̥ k a
slarkari	s t l a r̥ k a r ɪ
slarkfenginn	s t l a r̥ k f e i ŋ k ɪ nː
slarkfær	s t l a r̥ k f a iː r
slarksamur	s t l a r̥ k s aː m ʏ r
slasa	s t l aː s a
slatti	s t l a h t ɪ
slá	s t l a uː
slást	s l a u̯ s t
slátra	s t l a uː t r a
sláttarstöðvun	s t l a u h t a r s t œ ð v ʏ n
sláttur	s t l a u h t ʏ r
slátur	s t l a uː t ʏ r
slef	s t l ɛː v
slefa	s t l ɛː v a
sleggja	s t l ɛ cː a
sleggjukast	s t l ɛ cː ʏ kʰ a s t
slegill	s t l e iː j ɪ t l
sleif	s t l e iː v
sleikja	s t l e iː c a
sleikur	s t l e iː k ʏ r
sleipa	s t l e iː p a
sleipur	s t l e iː p ʏ r
slenja	s t l ɛ n j a
sleppa	s t l ɛ h p a
sletta	s t l ɛ h t a
Slésvík	s t l j ɛː s v iː k
slétta	s t l j ɛ h t a
sléttlendi	s t l j ɛ h t l ɛ n t ɪ
sléttur	s t l j ɛ h t ʏ r
slit	s t l ɪː t
slitinn	s t l ɪː t i nː
slitinn	s t l ɪː t i n
slitna	s t l ɪ h t n a
slíður	s t l iː ð ʏ r
slíkur	s t l iː k ʏ r
slím	s t l iː m
slímugur	s t l iː m ʏː ɣ ʏ r
slíta	s t l iː t a
sljór	s t l j o uː r
sloj	s t l ɔ iː
slokkna	s t l ɔ h k n a
slóð	s t l o uː ð
slóra	s t l o uː r a
Slóvakía	s t l o uː v a cʰ iː j a
slóvakíska	s t l o uː v a cʰ i s k a
Slóvenía	s t l o uː v ɛː n iː j a
slóvenska	s t l o uː v ɛ n s k a
slúður	s t l uː ð ʏ r
slúta	s t l uː t a
slútta	s t l u h t a
slydda	s t l ɪ tː a
slys	s t l ɪː s
slæða	s l̥ a iː ð a
slægur	s l a iː ɣ ʏ r
slökkvibíll	s l œʰ k v ɪ p i t l
smakka	s m a h k a
smala	s m aː l a
smalamaður	s m aː l a m aː ð ʏ r
smali	s m aː l ɪ
smaragður	s m aː r a ɣ ð ʏ r
smá	s m a uː
smána	s m a uː n a
smánetla	s m a uː n ɛ h t l a
smánykra	s m a uː n ɪː k r a
smáorð	s m a uː ɔ r ð
smár	s m a uː r
smári	s m a uː r ɪ
Smári	s m a uː r ɪ
smásaga	s m a uː s aː ɣ a
smásjá	s m a uː s j a uː
smekklegur	s m ɛ h k l ɛː ɣ ʏ r
smekkur	s m ɛ h k ʏ r
smella	s m ɛ t l a
smergill	s m ɛ r c ɪ t l
smetti	s m ɛ h t ɪ
smiðja	s m ɪ ð j a
smiður	s m ɪː ð ʏ r
smit	s m ɪː t
smíð	s m iː ð
smíða	s m iː ð a
smjatt	s m j a h t
smjúga	s m j uː a
smjör	s m j œː r
smjörhnífur	s m j œ r n̥ iː v ʏ r
smjörlauf	s m j œ r l ø yː v
smokkar	s m ɔ h k a r
smokks	s m ɔ h k s
smokkur	s m ɔ h k ʏ r
smók	s m o uː k
smóking	s m o uː cʰ i ŋ k
smóking	s m o uː cʰ i ŋ
smurður	s m ʏ r ð ʏ r
smurostur	s m ʏː r ɔ s t ʏ r
smygill	s m ɪː j ɪ t l
smyrill	s m ɪː r ɪ t l
smyrja	s m ɪ r j a
smyrja	s m ʏ r j a
smyrsl	s m ɪ r̥ s t l
smæra	s m a iː r a
snar	s t n aː r
snark	s t n a r̥ k
snarka	s n a r̥ k a
snarl	s t n a r t l
snarl	s t n a t l
snarl	s n a r t l
snarl	s n a t l
snarpur	s n a r̥ p ʏ r
snákur	s t n a uː k ʏ r
sneddí	s t n ɛ tː i
snefill	s t n ɛː v ɪ t l
snekkja	s n ɛ h c a
snemma	s n ɛ mː a
snepill	s t n ɛː p ɪ t l
snerra	s n ɛ rː a
snerta	s n ɛ r̥ t a
snertill	s n ɛ r̥ t ɪ t l
snið	s t n ɪː ð
sniðill	s n ɪː ð ɪ t l
snifsi	s t n ɪ f s ɪ
snigill	s n ɪː j ɪ t l
snilld	s t n ɪ l t
snilli	s t n ɪ t l ɪ
snilli	s t n ɪ lː ɪ
snillingur	s t n ɪ t l i ŋ k ʏ r
sníð	s n iː ð
sníða	s n iː ð a
sníkill	s t n iː c ɪ t l
sníkja	s n iː c a
snípur	s t n iː p ʏ r
snjall	s t n j a t l
snjallsími	s t n j a t l s iː m ɪ
snjallur	s t n j a t l
snjallúr	s t n j a t l uː r
snjár	s t n j a uː r
snjóa	s t n j o uː a
snjór	s t n j o uː r
snjótittlingur	s n j o uː tʰ ɪ h t l i ŋ k ʏ r
snoppufríður	s t n ɔ h p ʏ f r iː ð ʏ r
snotur	s t n ɔː t ʏ r
snóker	s t n o uː k ɛ r
snóker	s n o uː k ɛ r
snuð	s t n ʏː ð
snupra	s n ʏː p r a
snurða	s t n ʏ r ð a
snurða	s n ʏ r ð a
snurðulaus	s t n ʏ r ð ʏ l ø yː s
snurðulaus	s n ʏ r ð ʏ l ø yː s
snúðugur	s t n uː ð ʏː ʏ r
snúðugur	s n uː ð ʏː ʏ r
snúður	s t n uː ð ʏ r
snúður	s n uː ð ʏ r
snyrting	s t n ɪ r̥ t i ŋ k
Snæfríður	s t n a iː f r iː ð ʏ r
snækobbi	s n a iː kʰ ɔ pː ɪ
snækrækill	s n a iː kʰ r a iː c ɪ t l
Snæland	s t n a iː l a n t
snær	s t n a iː r
snæri	s t n a iː r ɪ
snæugla	s t n a iː ʏ k l a
snöggur	s t n œ kː ʏ r
snökt	s n œ x t
snökta	s n œ x t a
snörla	s n œ r t l a
snös	s n œː s
soð	s ɔː ð
sofa	s ɔː v a
Soffía	s ɔ fː iː j a
Soffía	s ɔ fː i j a
sofi	s ɔː v ɪ
sofir	s ɔː v ɪ r
sofna	s ɔ p n a
sog	s ɔː ɣ
sokkur	s ɔ h k ʏ r
soldill	s ɔ l t ɪ t l
Solla	s ɔː l a
sonardóttir	s ɔː n a r t o u h t ɪ r
sonur	s ɔː n ʏ r
sorg	s ɔ r k
sori	s ɔː r ɪ
sorta	s ɔ r̥ t a
sorti	s ɔ r̥ t ɪ
sortna	s ɔ r̥ t n a
sortulyng	s ɔ r̥ t ʏ l i ŋ k
sófi	s oː w f ɪ
Sófókles	s o uː f o uː kʰ l ɛː s
sól	s o uː l
sólarlag	s o uː l a r l aː ɣ
sólarljós	s o uː l a r l j o uː s
sólbað	s o u l p aː ð
sólber	s o u l p ɛː r
sólblóm	s o u l p l o uː m
Sóldís	s o u l t iː s
sóldögg	s o u̯ l t œ kː
sóley	s o u̯ː l ɛ i̯
Sóley	s o u̯ː l ɛ i̯
sólhattur	s o u l h a h t ʏ r
sóli	s o uː l ɪ
Sólmundur	s o uː l m ʏ n t ʏ r̥
sólmyrkvi	s o u l m ɪ r̥ k v ɪ
Sólon	s o uː l ɔ n
sólsetur	s o u l s ɛː t ʏ r
sólskin	s o u l s k ɪː n
Sólveig	s o u l v e iː ɣ
Sómalía	s o uː m a l iː j a
Sómalía	s o uː m a l iː j a
sónata	s o uː n aː t a
sónatína	s o uː n a tʰ iː n a
sónötuform	s o uː n œː t ʏ f ɔ r m
sópa	s o uː p a
sópur	s o uː p ʏ r
sót	s o uː t
sótt	s o u h t
sótthreinsa	s o u h t r̥ e i n s a
sóttir	s o u̯ h t ɪ r
sóun	s o uː ʏ n
spað	s p aː ð
spaði	s p aː ð ɪ
spakmæli	s p aː k m a iː l ɪ
spakur	s p aː k ʏ r
Spanjóli	s p a n j o uː l ɪ
Spanjóli	s p a n j o u l ɪ
spara	s p aː r a
sparð	s p a r ð
spark	s p a r̥ k
sparka	s p a r̥ k a
sparnaður	s p a r t n aː ð ʏ r
Sparta	s p a r̥ t a
spaug	s p ø yː ɣ
spauga	s p ø yː ɣ a
spá	s p a uː
spámaður	s p a uː m aː ð ʏ r
spámaður	s p a uː m a ð ʏ r
spánarkerfill	s p a uː n a r cʰ ɛ r v ɪ t l
Spánn	s p a u t n
spánska	s p a u n s k a
spánskur	s p a u n s k ʏ r
Spánverji	s p a u n v ɛ r j ɪ
spegill	s p e iː j ɪ t l
spegla	s p e i k l a
speki	s p ɛː c ɪ
spekja	s p ɛː c a
spekt	s p ɛ x t
speli	s p ɛː l ɪ
spendýr	s p ɛ n t iː r
speni	s p ɛː n ɪ
spenna	s p ɛ nː a
spennandi	s p ɛ nː a n t ɪ
spenntur	s p ɛ n̥ t ʏ r
sperðileitrun	s p ɛ r ð ɪ l e iː t r ʏ n
spergilkál	s p ɛ r c ɪ l kʰ a uː l
spergill	s p ɛ r c ɪ t l
spik	s p ɪː k
spil	s p ɪː l
spila	s p ɪː l a
spilling	s p ɪ t l i ŋ k
spindill	s p ɪ n t ɪ t l
spinna	s p ɪ nː a
spínat	s p iː n aː t
spínat	s p iː n a t
spíra	s p iː r a
spíri	s p iː r ɪ
spítali	s p iː tʰ aː l ɪ
spítt	s p i h t
spítta	s p i h t a
spjald	s p j a l t
spjaldtölva	s p j a l t tʰ œ l v a
spjalla	s p j a t l a
spjót	s p j o uː t
spjótkast	s p j o uː t kʰ a s t
spjör	s p j œː r
sporðdreki	s p ɔ r ð t r ɛː c ɪ
sporður	s p ɔ r ð ʏ r
sporvagn	s p ɔ r v a k n
spói	s p o uː ɪ
spónn	s p o u t n
sprauta	s p r œ i̯ː t a
sprengja	s p r e i ɲ c a
spretta	s p r ɛ h t a
sprettur	s p r ɛ h t ʏ r
sprikla	s p r ɪ h k l a
springa	s p r i ŋ k a
spritt	s p r ɪ h t
sproti	s p r ɔː t ɪ
sprunga	s p r u ŋ k a
spuni	s p ʏː n ɪ
spurn	s p ʏ r t ⁽ʰ ⁾ n
spurn	s p ʏ t ⁽ʰ ⁾ n
spurnaratviksorð	s p ʏ r t n a r aː t v ɪ k s ɔ r ð
spurnarfornafn	s p ʏ r t n a r f ɔ r n a p n
spurning	s p ʏ r t n i ŋ k
spúa	s p uː a
spyrja	s p ɪ r j a
spyrja	s p ʏ r j a
spýja	s p iː j a
spæla	s p a iː l a
spæll	s p a i t l
spænska	s p a i n s k a
spænskur	s p a i n s k ʏ r
spæta	s p a iː t a
spöng	s p ø y ŋ k
spönn	s p œ nː
staða	s t aː ð a
staðall	s t aː ð a t l
staðaratviksorð	s t aː ð a r aː t v ɪ k s ɔ r ð
staðarfall	s t aː ð a r f a t l
staðfestingarskekkja	s t aː ð f ɛ s t i ŋ ɡ a r s c ɛ h c a
staðfugl	s t aː ð f ʏ k l
staðhæfa	s t a ð h a iː v a
staðhæfing	s t a ð h a iː v i ŋ k
staður	s t aː ð ʏ r
stafa	s t aː v a
stafafura	s t aː v a f ʏː r a
stafla	s t a p l a
stafli	s t a p l ɪ
stafróf	s t a v r o uː v
stafur	s t aː v ʏ r
stak	s t aː k
stakket	s t a h k ɛː t
stakur	s t aː k ʏ r
stama	s t aː m a
stampur	s t a m̥ p ʏ r
standa	s t a n t a
standpína	s t a n t pʰ iː n a
stansa	s t a n s a
stappa	s t a h p a
stara	s t aː r a
starf	s t a r v
starfa	s t a r v a
starfsemi	s t a r v s ɛː m ɪ
starfslýsing	s t a r v l iː s i ŋ k
stari	s t aː r ɪ
statistík	s t aː t ɪ s t iː k
statistík	s t aː t ɪ s t iː k
staukur	s t ø yː k ʏ r
staur	s t ø yː r
stál	s t a uː l
stálull	s t a uː l ʏ t l
stáss	s t a u sː
stát	s t a uː t
steðji	s t ɛ ð j ɪ
stef	s t ɛː v
Stefanía	s t ɛː f aː n iː j a
Stefanía	s t ɛː f a n iː j a
stefna	s t ɛ p n a
stefni	s t ɛ p n ɪ
stefnuljós	s t ɛ p n ʏ l j o uː s
steik	s t e iː k
steikarhnífur	s t e iː k a r n̥ iː v ʏ r
steikja	s t e iː c a
stein	s t e iː n
Stein	s t e iː n
steinbrjótur	s t e i n p r j o uː t ʏ r
steindafræði	s t e i n t a f r a iː ð ɪ
Steindór	s t e i n t o uː r
steinefni	s t e iː n ɛ p n ɪ
steinn	s t e i t n
Steinn	s t e i t n
steinselja	s t e i n s ɛ l j a
Steinunn	s t e iː n ʏ nː
Steinunn	s t e iː n ʏ n
Steinþór	s t e i n θ o uː r
stelkur	s t ɛ l̥ k ʏ r
stell	s t ɛ lː
stell	s t ɛ t l
Stella	s t ɛ lː a
stelling	s t ɛ t l i ŋ k
stelpa	s t ɛ l̥ p a
stemma	s t ɛ mː a
Stephensen	s t ɛː f ɛ n s ɛ n
steri	s t ɛː r ɪ
sterkur	s t ɛ r̥ k ʏ r
steypa	s t e iː p a
steypibað	s t e iː p ɪ p aː ð
steytill	s t e iː t ɪ t l
stél	s t j ɛː l
stétt	s t j ɛ h t
stig	s t ɪː ɣ
stigi	s t ɪ iː j ɪ
stika	s t ɪː k a
stikill	s t ɪː c ɪ t l
stikilsber	s t ɪː c ɪ l s p ɛː r
stikla	s t ɪ h k l a
stilkur	s t ɪ l̥ k ʏ r
stilla	s t ɪ t l a
stilling	s t ɪ t l i ŋ k
stimpill	s t ɪ m̥ p ɪ t l
stinga	s t i ŋ k a
stinnasef	s t ɪ nː a s ɛː v
stinnastör	s t ɪ nː a s t œː r
stirðlegur	s t ɪ r ð l ɛː ɣ ʏ r
stirðna	s t ɪ r t n a
stirður	s t ɪ r ð ʏ r
stirfinn	s t ɪ r v ɪ nː
stirfinn	s t ɪ r v ɪ n
stía	s t iː j a
stífa	s t iː v a
stífkrampi	s t i v kʰ r a m̥ p ɪ
stífla	s t i p l a
stífna	s t i p n a
stífni	s t i p n ɪ
stífur	s t iː v ʏ r
stíga	s t iː ɣ a
stígur	s t iː ɣ ʏ r
stígvél	s t i ɣ v j ɛː l
stíll	s t i t l
Stína	s t iː n a
stjaki	s t j aː c ɪ
stjarfi	s t j a r v ɪ
stjarfur	s t j a r v ʏ r
stjarna	s t j a r t n a
stjarneðlisfræði	s t j a r t n ɛ ð l ɪ s f r a iː ð ɪ
stjarneðlisfræðingur	s t j a r t n ɛ ð l ɪ s f r a iː ð i ŋ k ʏ r
stjóri	s t j o uː r ɪ
stjórn	s t j o u r t ⁽ʰ ⁾ n
stjórn	s t j o u t ⁽ʰ ⁾ n
stjórna	s t j o u r t n a
stjórnarbylting	s t j o u r t n a r p ɪ l̥ t i ŋ k
stjórnborð	s t j o u r t n p ɔ r ð
stjórnborði	s t j o u r t n p ɔ r ð ɪ
stjórnklefi	s t j o u r t n kʰ l ɛː v ɪ
stjórnleysi	s t j o u r t n l e iː s ɪ
stjórnmál	s t j o u r t n m a uː l
stjórnmálamaður	s t j o u r t n m a uː l a m aː ð ʏ r
stjórnpallur	s t j o u r t n pʰ a t l ʏ r
stjórnvölur	s t j o u r t n v œː l ʏ r
stjúpdóttir	s t j uː p t o u h t ɪ r
stjúpmóðir	s t j uː p m o uː ð ɪ r
stjúpsonur	s t j uː p s ɔː n ʏ r
stjörnuarfi	s t j œ r t n ʏ a r v ɪ
stjörnufræði	s t j œ r t n ʏ f r a iː ð ɪ
stjörnufræðingur	s t j œ r t n ʏ f r a iː ð i ŋ k ʏ r
stjörnuhrap	s t j œ r t n̥ ʏ r̥ aː p
stjörnumerki	s t j œ r n ʏ m ɛ r c ɪ
stjörnumerkin	s t j œ r̥ n ʏ m ɛ r̥ c ɪ n
stjörnuspá	s t j œ r t n ʏ s p a uː
stjörnuspeki	s t j œ r t n ʏ s p ɛː c ɪ
stjörnuspekingur	s t j œ r t n ʏ s p ɛː c i ŋ k ʏ r
stoða	s t ɔː ð a
stofa	s t ɔː v a
stofn	s t ɔ p n
stofna	s t ɔ p n a
stofnfélagi	s t ɔ p n f j ɛː l aː j ɪ
stofnun	s t ɔ p n ʏ n
Stokkhólmur	s t ɔ h k h o u l m ʏ r
stoppa	s t ɔ h p a
stoppun	s t ɔ h p ʏ n
storkur	s t ɔ r̥ k ʏ r
storma	s t ɔ r m a
stormur	s t ɔ r m ʏ r
stó	s t o uː
stóð	s t o uː ð
Stóðgarður	s t o u ð k a r ð ʏ r
stóla	s t o uː l a
stóll	s t o u t l
stór	s t o uː r
stórfenglegur	s t o u r̥ f e i ŋ k l ɛː ɣ ʏ r
stórhertogi	s t o uː r h ɛ r̥ tʰ ɔ j ɪ
stóriburkni	s t o uː r ɪ p ʏ r̥ k n ɪ
Stórólfur	s t o uː r o u l v ʏ r
strand	s t r a n t
stranda	s t r a n t a
strandsauðlaukur	s t r a n t s ø y ð l ø yː k ʏ r
strangi	s t r a u ɲ c ɪ
strangur	s t r a u ŋ k ʏ r
strauja	s t r ø yː j a
straumur	s t r œ yː m ʏ r̥
strá	s t r a uː
strákur	s t r a uː k ʏ r
strápils	s t r a uː pʰ ɪ l s
streð	s t r ɛː ð
streða	s t r ɛː ð a
streita	s t r e iː t a
strekkingur	s t r ɛ h c i ŋ k ʏ r
strekkja	s t r ɛ h c a
strengja	s t r e i ɲ c a
strengur	s t r e i ŋ k ʏ r
stress	s t r ɛ sː
stressa	s t r ɛ sː a
streyma	s t r e iː m a
strigaskór	s t r ɪː ɣ a s k o uː r
strigi	s t r ɪː j ɪ
strik	s t r ɪː k
strikamerki	s t r ɪː k a m ɛ r̥ c ɪ
strimill	s t r ɪː m ɪ t l
strit	s t r ɪː t
strita	s t r ɪː t a
stríð	s t r iː ð
stríða	s t r iː ð a
stríðni	s t r i ð n ɪ
strítkar	s t r iː t kʰ aː r
strjálingur	s t r j a uː l i ŋ k ʏ r
strjáll	s t r j a u t l
strjúka	s t r j uː k a
stroff	s t r ɔ fː
strokka	s t r ɔ h k a
strompur	s t r ɔ m̥ p ʏ r
strumpur	s t r ʏ m̥ p ʏ r
strútur	s t r uː t ʏ r
strý	s t r iː
strætisvagn	s t r a iː t ɪ s v a k n
stuðlun	s t ʏ ð l ʏ n
stuðningur	s t ʏ ð n i ŋ k ʏ r
stuðull	s t ʏː ð ʏ t l
stulta	s t ʏ l̥ t a
stuna	s t ʏː n a
stund	s t ʏ n t
stunda	s t ʏ n t a
stundum	s t ʏ n t ʏ m
Sturla	s t ʏ r t l a
Sturlína	s t ʏ r t l iː n a
sturta	s t ʏ r̥ t a
stutt	s t ʏ h t
stuttermabolur	s t ʏ h t ɛ r m a p ɔː l ʏ r
stuttur	s t ʏ h t ʏ r
stúlka	s t u l̥ k a
styðja	s t ɪ ð j a
styggð	s t ɪ ɣ ð
styggja	s t ɪ cː a
styggur	s t ɪ kː ʏ r
stykkja	s t ɪ h c a
stynja	s t ɪ n j a
styrja	s t ɪ r j a
styrkja	s t ɪ r̥ c a
styrkleiki	s t ɪ r̥ k l e iː c ɪ
styrkur	s t ɪ r̥ k ʏ r
Styrmir	s t ɪ r m ɪ r
stytta	s t ɪ h t a
stytting	s t ɪ h t i ŋ k
stýfa	s t iː v a
stýra	s t iː r a
stýri	s t iː r ɪ
stýrikerfi	s t iː r ɪ cʰ ɛ r v ɪ
stæði	s t a iː ð ɪ
stækja	s t a iː c a
stækka	s t a i h k a
stæla	s t a iː l a
stæll	s t a i t l
stæra	s t a iː r a
stærð	s t a i r ð
stærðfræði	s t a i r ð f r a iː ð ɪ
stöð	s t œː ð
stöðugur	s t œː ð ʏ ɣ ʏ r
stöðva	s t œ ð v a
stöðvun	s t œ ð v ʏ n
stökk	s t œ h k
stökkva	s t œ h k v a
stöng	s t ø y ŋ k
stöngull	s t ø y ŋ k ʏ t l
stör	s t œː r
suddi	s ʏ tː ɪ
suð	s ʏː ð
suðaustur	s ʏː ð ø y s t ʏ r
Suðurland	s ʏ ð ʏ r l a n t
suðurljós	s ʏː ð ʏ r l j o uː s
suðvestur	s ʏː ð v ɛ s t ʏ r
sull	s ʏ t l
sulla	s ʏ t l a
sullur	s ʏ t l ʏ r
sulta	s ʏ l̥ t a
sumar	s ʏː m aː r
sumar	s ʏː m a r
sumarhnoðri	s ʏː m a r n̥ ɔ ð r ɪ
sund	s ʏ n t
sundgleraugu	s ʏ n t k l ɛː r ø yː ɣ ʏ
Sundhnúkagígaröðin	s ʏ n t n̥ uː k a c iː ɣ a r œː ð ɪ n
sundlaug	s ʏ n t l ø yː ɣ
sundurlyndi	s ʏ n t ʏ r l ɪ n t ɪ
sunnan	s ʏ nː a n
sunnudagur	s ʏ nː ʏ t aː ɣ ʏ r
surtur	s ʏ r̥ t ʏ r
súkkulaði	s u h k ʏ l aː ð ɪ
súkkulaðiplata	s u h k ʏ l aː ð ɪ pʰ l aː t a
súkkulaðistykki	s u h k ʏ l aː ð ɪ s t ɪ h c ɪ
súld	s u l t
súpa	s uː p a
súper	s u p ɛ r
súr	s uː r
súra	s uː r a
súrkál	s u r̥ kʰ a uː l
súrmjólk	s u r m j o u l̥ k
sút	s uː t
súta	s uː t a
sútari	s uː t a r ɪ
sútun	s uː t ʏ n
svað	s v aː ð
svaf	s v aː v
svakalegur	s ʋ aː k a l ɛ ɣ ʏ r
svaladrykkur	s v aː l a t r ɪ h k ʏ r
svali	s v aː l ɪ
svalir	s v aː l ɪ r
svalur	s v aː l ʏ r
svampur	s v a m̥ p ʏ r
Svandís	s v a n t iː s
svangur	s v a u ŋ k ʏ r
svanur	s v aː n ʏ r
svar	s v aː r
svara	s v aː r a
svarðmosi	s v a r ð m ɔː s ɪ
svartburkni	s v a r̥ t p ʏ r̥ k n ɪ
Svartfjallaland	s v a r̥ t f j a t l a l a n t
svarthol	s v a r̥ t h ɔː l
svartsýnn	s v a r̥ t s i t n
svartur	s v a r̥ t ʏ r
sveðja	s v ɛ ð j a
svefn	s v ɛ p n
svefnherbergi	s v ɛ p n h ɛ r p ɛ r c ɪ
svefnherbergi	s v ɛ p n h ɛ r p ɛ r c ɪ
svefnpoki	s v ɛ p n pʰ ɔː c ɪ
sveif	s v e iː v
sveifgras	s v e i v k r aː s
sveifla	s v e i p l a
sveigja	s v e iː j a
sveigur	s v e iː ɣ ʏ r
Sveindís	s v e i n t iː s
sveinn	s v e i t n
Sveinn	s v e i t n
sveipa	s v e iː p a
sveipur	s v e iː p ʏ r
sveit	s v e iː t
sveiti	s v e iː t ɪ
sveittur	s v e i h t ʏ r
svekkja	s v ɛ h c a
svella	s v ɛ t l a
svelta	s v ɛ l̥ t a
svengd	s v e i ŋ t
svengja	s v e i ɲ c a
sveppafræði	s v ɛ h p a f r a iː ð ɪ
sveppur	s v ɛ h p ʏ r
sver	s v ɛː r
sverð	s v ɛ r ð
sverðfiskur	s v ɛ r ð f ɪ s k ʏ r
sverfa	s v ɛ r v a
sverja	s v ɛ r j a
Sverrir	s v ɛ rː ɪ r
Sverrína	s v ɛ rː iː n a
sverta	s v ɛ r̥ t a
svertingi	s v ɛ r̥ t i ɲ c ɪ
svið	s v ɪː ð
sviði	s v ɪː ð ɪ
sviftifall	s v ɪ f t ɪ f a t l
svigi	s v ɪː j ɪ
svigna	s v ɪ k n a
svik	s v ɪː k
svikalaus	s v ɪː k a l ø yː s
svikari	s v ɪː k aː r ɪ
svikari	s v ɪː k a r ɪ
svikull	s v ɪː k ʏ t l
svil	s v ɪː l
svili	s v ɪː l ɪ
svilkona	s v ɪ l kʰ ɔː n a
svindl	s v ɪ n t l
svindla	s v ɪ n t l a
svindlari	s v ɪ n t l aː r ɪ
svindlari	s v ɪ n t l a r ɪ
svipta	s v ɪ f t a
svipur	s v ɪː p ʏ r
Sviss	s v ɪ sː
sviss	s v ɪ sː
svissneskur	s v ɪ sː t n ɛ s k ʏ r
svissneskur	s v ɪ sː n ɛ s k ʏ r
svissneskur	s v ɪ s t n ɛ s k ʏ r
svissneskur	s v ɪ s n ɛ s k ʏ r
sviti	s v ɪː t ɪ
svitna	s v ɪ h t n a
svíða	s v iː ð a
svífa	s v iː v a
Svíi	s v iː ɪ
svíkja	s v iː c a
svín	s v iː n
svínakjöt	s v iː n a cʰ œː t
svíri	s v iː r ɪ
svíta	s v iː t a
svívirða	s v iː v ɪ r ð a
svo	s v ɔː
svo	s ɔː
svolítill	s v ɔː l iː t ɪ t l
svona	s v ɔː n a
svona	s ɔː n a
svunta	s v ʏ n̥ t a
svæði	s v a iː ð ɪ
svæfa	s v a iː v a
svæfi	s v a iː v ɪ
svæfill	s v a iː v ɪ t l
svæfing	s v a iː v i ŋ k
svæla	s v a iː l a
svæsinn	s v a i̯ː s ɪ nː
svöfn	s v œ p n
sygill	s ɪː j ɪ t l
sygjum	s ɪ iː j ʏ m
sykra	s ɪː k r a
sykur	s ɪː k ʏ r
sykurmoli	s ɪː k ʏ r m ɔː l ɪ
sykurpúði	s ɪː k ʏ r pʰ uː ð ɪ
sykurreyr	s ɪː k ʏ r r e iː r
sykurrófa	s ɪː k ʏ r r o uː v a
sylgja	s ɪ l c a
synd	s ɪ n t
synda	s ɪ n t a
syndga	s ɪ n t k a
syndga	s ɪ n k a
syndur	s ɪ n t ʏ r
syngja	s i ɲ c a
synja	s ɪ n j a
synjun	s ɪ n j ʏ n
syrgja	s ɪ r c a
syrja	s ɪ r j a
syrjóttur	s ɪ r j o u h t ʏ r
syrta	s ɪ r̥ t a
systir	s ɪ s t ɪ r
systkin	s ɪ s t k ɪː n
systkin	s ɪ s k ɪː n
systur	s ɪ s t ʏ r
systursonur	s ɪ s t ʏ r̥ s ɔː n ʏ r
sýki	s iː c ɪ
sýkill	s iː c ɪ t l
sýking	s iː c i ŋ k
sýkja	s iː c a
sýkn	s i h k n
sýkna	s i h k n a
sýn	s iː n
sýna	s iː n a
sýning	s iː n i ŋ k
sýnishorn	s iː n ɪ s h ɔ r t n
sýnishorn	s iː n ɪ s h ɔ t n
sýnn	s i t n
sýr	s iː r
sýra	s iː r a
sýrena	s iː r ɛː n a
Sýrland	s i r l a n t
sæbjúga	s a iː p j uː a
sæða	s a iː ð a
sæði	s a iː ð ɪ
sæfífill	s a iː f iː v ɪ t l
sækja	s a iː c a
sæl	s a i l̥
sæla	s a iː l a
sælgæti	s a i l c a iː t ɪ
sælilja	s a iː l ɪ l j a
sæll	s a i t l̥
sæma	s a iː m a
Sæmundína	s a iː m ʏ n t iː n a
Sæmundína	s a iː m ʏ n t iː n a
Sæmundur	s a iː m ʏ n t ʏ r
sæng	s a i ŋ k
sænska	s a i n s k a
sænskur	s a i n s k ʏ r
sær	s a iː r
særa	s a iː r a
sæta	s a iː t a
sæti	s a iː t ɪ
sætleiki	s a i̯ː t l e i̯ c ɪ
sætt	s a i h t
sætta	s a i h t a
sætur	s a iː t ʏ r
Sæunn	s a iː j ʏ nː
Sæunn	s a iː j ʏ n
söðull	s œː ð ʏ t l
sög	s œː ɣ
sögn	s œ k n
sögumaður	s œː ɣ ʏ m aː ð ʏ r
sögur	s œː ɣ ʏ r
söguríkur	s œː ɣ ʏ r iː k ʏ r
sögusögn	s œː ɣ ʏ s œ k n
söguöld	s œː ɣ ʏ œ l t
sök	s œː k
sökk	s œ h k
sökka	s œ h k a
sökkull	s œ h k ʏ t l
sökkva	s œ h k v a
söl	s œː l
sölt	s œ l̥ t
söluskattur	s œː l ʏ s k a h t ʏ r
Sölvi	s œ l v ɪ
söngkona	s ø y ŋ k kʰ ɔː n a
söngur	s ø y ŋ k ʏ r
söngvari	s ø y ŋ k v aː r ɪ
söngvari	s ø y ŋ k v a r ɪ
sönnun	s œ nː ʏ n
tabú	tʰ aː p uː
tað	tʰ aː ð
tafl	tʰ a p l
tafla	tʰ a p l a
tafnið	tʰ a p n ɪ ð
tagga	tʰ a kː a
tagl	tʰ a k l
Taíland	tʰ a iː l a n t
tak	tʰ aː k
taka	tʰ aː k a
takk	tʰ a h k
tal	tʰ aː l
tala	tʰ aː l a
Tala	tʰ aː l a
talenta	tʰ a l ɛ n̥ t a
talmynd	tʰ a l m ɪ n t
talning	tʰ a l n i ŋ k
talsmaður	tʰ a l s m aː ð ʏ r
tamur	tʰ aː m ʏ r
tangi	tʰ a u ɲ c ɪ
tankur	tʰ a u ŋ̊ k ʏ r
tankur	tʰ a ŋ̊ k ʏ r
tannhvalur	tʰ a nː xʷ aː l ʏ r
tannhvalur	tʰ a nː kʰ v aː l ʏ r
tanta	tʰ a n̥ t a
tap	tʰ aː p
tapa	tʰ aː p a
tappatogari	tʰ a h p a tʰ ɔː ɣ a r ɪ
tappi	tʰ a h p ɪ
Tara	tʰ aː r a
tarfur	tʰ a r v ʏ r
taska	tʰ a s k a
tattóvera	tʰ aʰ t o u v ɛ r a
tattú	tʰ a h t uː
tau	tʰ ø yː
taug	tʰ ø yː ɣ
taugafræði	tʰ ø yː ɣ a f r a iː ð ɪ
taugakerfi	tʰ ø yː ɣ a cʰ ɛ r v ɪ
taumur	tʰ ø yː m ʏ r
taut	tʰ ø yː t
tauta	tʰ ø yː t a
tá	tʰ a uː
tág	tʰ a uː
tágamura	tʰ a uː ɣ a m ʏː r a
tákn	tʰ a u h k n
táknanna	tʰ a u h k n a nː a
tákni	tʰ a u h k n ɪ
táknið	tʰ a u h k n ɪ ð
táknin	tʰ a u h k n ɪ n
tákninu	tʰ a u h k n ɪ n ʏ
tákns	tʰ a u h k n s
táknsins	tʰ a u h k n s ɪ n s
táknunum	tʰ a u h k n ʏ n ʏ m
tál	tʰ a uː l
táldraga	t a u l t r aː ɣ a
tálkn	tʰ a u l̥ k n
tálvon	tʰ a u l v ɔː n
táningur	tʰ a uː n i ŋ k ʏ r
tár	tʰ a uː r
tárakirtill	tʰ a uː r a kʰ ɪ r̥ t ɪ t l
tárvotur	tʰ a u r v ɔː t ʏ r
tása	tʰ a uː s a
te	tʰ ɛː
teðja	tʰ ɛ ð j a
tefja	tʰ ɛ v j a
tefla	tʰ ɛ p l a
tegra	tʰ ɛ ɣ r a
tegrun	tʰ ɛ ɣ r ʏ n
tegund	tʰ ɛː ɣ ʏ n t
tegur	tʰ ɛː ɣ ʏ r
teigur	tʰ e iː ɣ ʏ r
teikn	tʰ e i h k n
teikna	tʰ e i h k n a
teikning	tʰ e i h k n i ŋ k
teinóttur	tʰ e iː n o u h t ʏ r
teip	tʰ e iː p
teista	tʰ e i s t a
teknetín	tʰ ɛʰ k n̥ ɛ t iː n̥
telja	tʰ ɛ l j a
teljast	tʰ ɛ l j a s t
Telma	tʰ ɛ l m a
telpa	tʰ ɛ l̥ p a
temja	tʰ ɛ m j a
tengdadóttir	tʰ e i ŋ t a t o u h t ɪ r
tengdafaðir	tʰ e i ŋ t a f aː ð ɪ r
tengdaforeldrar	tʰ e i ŋ t a f ɔː r ɛ l t r a r
tengdafólk	tʰ e i ŋ t a f o u l̥ k
tengdamamma	tʰ e i ŋ t a m a mː a
tengdamóðir	tʰ e i ŋ t a m o uː ð ɪ r
tengdapabbi	tʰ e i ŋ t a pʰ a pː ɪ
tengdasonur	tʰ e i ŋ t a s ɔː n ʏ r
tengdir	tʰ e i ŋ t ɪ r
tengdur	tʰ e i ŋ t ʏ r
tengi	tʰ e i ɲ c ɪ
tengill	tʰ e i ɲ c ɪ t l
tenging	tʰ e i ɲ c i ŋ k
tengja	tʰ e i ɲ c a
tengsl	tʰ e i ŋ k s t l̥
tengsli	tʰ e i ŋ k s t l ɪ
teningur	tʰ ɛː n i ŋ k ʏ r
tennis	tʰ ɛ nː ɪ s
teppa	tʰ ɛ h p a
teppi	tʰ ɛ h p ɪ
tepra	tʰ ɛː p r a
terrakotta	tʰ ɛ rː a k ɔ h t a
teskeið	tʰ ɛː s k e iː ð
testósterón	tʰ ɛ s t o uː s t ɛː r o uː n
textavarp	tʰ ɛ x s t a v a r̥ p
teygja	tʰ e iː j a
teygjanlegur	tʰ e iː j a n l ɛː ɣ ʏ r
teygjanleiki	tʰ e iː j a n l e iː c ɪ
teygjubyssa	tʰ e iː j ʏ p ɪ sː a
teygjudýr	tʰ e iː j ʏ t iː r
teygjulak	tʰ e iː j ʏ l aː k
teygjustökk	tʰ e iː j ʏ s t œ h k
té	tʰ j ɛː
tékki	tʰ j ɛ h c ɪ
Tékki	tʰ j ɛ h c ɪ
Tékkland	t j ɛ h k l a n t
tékkneska	tʰ j ɛ h k n ɛ s k a
tékkneskur	tʰ j ɛ h k n ɛ s k ʏ r
Téténía	tʰ j ɛ tʰ j ɛː n iː j a
Téténía	tʰ j ɛ tʰ j ɛ n iː j a
Thorarensen	tʰ o uː r aː r ɛ n s ɛ nː
Thorarensen	tʰ o uː r aː r ɛ n s ɛ n
Thorarensen	tʰ o uː r a r ɛ n s ɛ nː
Thorarensen	tʰ o uː r a r ɛ n s ɛ n
Thorlacius	tʰ ɔ r l a s iː j ʏ s
Thoroddsen	tʰ o uː r ɔ tː s ɛ nː
Thoroddsen	tʰ o uː r ɔ tː s ɛ n
Thoroddsen	tʰ o uː r ɔ t s ɛ nː
Thoroddsen	tʰ o uː r ɔ t s ɛ n
tif	tʰ ɪː v
tiggi	tʰ ɪ cː ɪ
tigl	tʰ ɪ k l
tign	tʰ ɪ k n
tigna	tʰ ɪ k n a
tignarlegur	tʰ ɪ k n a r l ɛː ɣ ʏ r
til	tʰ ɪː l
til	tʰ ɪ l
tilbiðja	t ɪː l b ɪ ð j a
tilboð	tʰ ɪ l p ɔː ð
tilfinning	tʰ ɪ l f ɪ nː i ŋ k
tilfinningalaus	tʰ ɪ l f ɪ nː i ŋ k a l ø yː s
tilfinningalegur	tʰ ɪ l f ɪ nː i ŋ k a l ɛː ɣ ʏ r
tilfinningaleysi	tʰ ɪ l f ɪ nː i ŋ k a l e iː s ɪ
tilfinninganæmur	tʰ ɪ l f ɪ nː i ŋ k a n a iː m ʏ r
tilfinningasamur	tʰ ɪ l f ɪ nː i ŋ k a s aː m ʏ r
tilgangsfall	tʰ ɪ l k a u ŋ k s f a t l
tilgangur	tʰ ɪ l k a u ŋ k ʏ r
tilkynning	tʰ ɪ l cʰ ɪ nː i ŋ k
tilkynning	tʰ ɪ l cʰ ɪ n i ŋ k
tillit	tʰ ɪ l l ɪː t
tilraun	t ɪ l r ø yː n
tiltaka	tʰ ɪː l tʰ aː k a
tiltekinn	tʰ ɪː l tʰ ɛː c ɪ nː
tiltekinn	tʰ ɪː l tʰ ɛː c ɪ n
tiltekt	tʰ ɪː l tʰ ɛ x t
tilviljun	tʰ ɪ l v ɪ l j ʏ n
tilviljunarkenndur	tʰ ɪ l v ɪ l j ʏ n a r cʰ ɛ n t ʏ r
tilvitnun	tʰ ɪ l v ɪ h t n ʏ n
tilvísunarfornafn	tʰ ɪ l v iː s ʏː n a r f ɔ r n a p n
tilvísunarfornafn	tʰ ɪ l v iː s ʏ n a r f ɔ r n a p n
timburmaður	tʰ ɪ m p ʏ r m aː ð ʏ r
tin	tʰ ɪː n
tinda	tʰ ɪ n t a
tindur	tʰ ɪ n t ʏ r
tinna	tʰ ɪ nː a
tipla	tʰ ɪ h p l a
titrari	tʰ ɪː t r a r ɪ
titringur	tʰ ɪː t r i ŋ k ʏ r
tittlingur	tʰ ɪ h t l i ŋ k ʏ r
tittur	tʰ ɪ h t ʏ r
tí	tʰ iː
tía	tʰ iː j a
tíð	tʰ iː ð
tíðahvörf	tʰ iː ð a xʷ œ r v
tíðaratviksorð	tʰ iː ð a r aː t v ɪ k s ɔ r ð
tíðindi	tʰ iː ð ɪ n t ɪ
tíðka	tʰ i θ k a
tíðni	tʰ i ð n ɪ
tíður	tʰ iː ð ʏ r
tígrisdýr	tʰ iː k r ɪ s t iː r
tígull	tʰ iː ɣ ʏ t l
tígur	tʰ iː ɣ ʏ r
tík	tʰ iː k
tíkarsonur	tʰ iː k a r s ɔː n ʏ r
tímabelti	tʰ iː m a p ɛ l̥ t ɪ
tímarit	tʰ iː m a r ɪː t
tími	tʰ iː m ɪ
tína	tʰ iː n a
tíra	tʰ iː r a
tíska	tʰ i s k a
tískupallur	tʰ ɪ s k ʏ pʰ a t l ʏ r
tísta	tʰ i s t a
títra	tʰ iː t r a
títt	tʰ i h t
tíu	t iː ʏ
tíundi	tʰ iː j ʏ n t ɪ
tívar	tʰ iː v a r
tjakkur	tʰ j a h k ʏ r
tjald	tʰ j a l t
tjaldur	tʰ j a l t ʏ r
Tjalli	tʰ j a lː ɪ
tjara	tʰ j aː r a
tjarga	tʰ j a r k a
tjarnablaðka	tʰ j a r t n a p l a ð k a
tjarnastör	tʰ j a r t n a s t œː r
tjá	tʰ j a uː
tjákn	tʰ j a u h k n
tjáning	tʰ j a uː
tjása	tʰ j a uː s a
tjóðra	t j o uː ð r a
tjóður	t j o uː ð ʏ r
tjón	tʰ j o uː n
tjull	tʰ j ʏ lː
tjúkkari	t͡ʃʰ ʏʰ kː a ɹ ɪ
tjörn	tʰ j œ r t ⁽ʰ ⁾ n
tjörn	tʰ j œ t ⁽ʰ ⁾ n
toddi	tʰ ɔ tː ɪ
tog	tʰ ɔː ɣ
toga	tʰ ɔː ɣ a
togi	tʰ ɔː j ɪ
togna	tʰ ɔ k n a
tognun	tʰ ɔ k n ʏ n
tokkata	tʰ ɔ h k aː t a
tollera	tʰ ɔ lː ɛː r a
tollskýrsla	tʰ ɔ t l̥ s c i r̥ s t l a
tollur	tʰ ɔ t l ʏ r
tollvirði	t ɔ t l v ɪ r ð ɪ
tomma	tʰ ɔ mː a
toppur	tʰ ɔ h p ʏ r
tordýfill	tʰ ɔ r t iː v ɪ l̥
torf	tʰ ɔ r v
torfa	tʰ ɔ r v a
Torfi	tʰ ɔ r v ɪ
torg	tʰ ɔ r k
torkenna	tʰ ɔ r̥ cʰ ɛ nː a
torvelda	tʰ ɔ r v ɛ l t a
torveldi	tʰ ɔ r v ɛ l t ɪ
torveldur	tʰ ɔ r v ɛ l t ʏ r
tossa	tʰ ɔ sː a
tossi	tʰ ɔ sː ɪ
tota	tʰ ɔː t a
tó	tʰ o uː
tóbak	tʰ o uː p aː k
tóbak	tʰ o uː p a k
tófa	tʰ o uː v a
tófa	tʰ o uː a
tófugras	tʰ o uː v ʏ k r aː s
tól	tʰ o uː l
tólg	tʰ o u l k
tólúen	tʰ o uː l uː ɛː n
tólúen	tʰ o uː l uː ɛː n
tólúen	tʰ o uː l u ɛː n
tólúen	tʰ o uː l u ɛː n
tóm	tʰ o uː m
tómstundagaman	tʰ o u m s t ʏ n t a k aː m a n
tómur	tʰ o uː m ʏ r
tón	tʰ o uː n
tónfræði	tʰ o u n f r a iː ð ɪ
tónkvísl	tʰ o u n kʰ v i s t l
tónleikar	tʰ o u n l e iː k a r
tónlist	tʰ o u n l ɪ s t
tónlistarskóli	tʰ o u n l ɪ s t a r s k o uː l ɪ
tónn	tʰ o u t n
tónsproti	tʰ o u n s p r ɔː t ɪ
traf	tʰ r aː v
traktor	tʰ r a x t ɔ r
traust	tʰ r ø y s t
traustur	tʰ r ø y s t ʏ r
trefill	tʰ r ɛː v ɪ t l
trefjasóley	tʰ r ɛ v j a s o uː l e iː
trega	tʰ r ɛː ɣ a
tregða	tʰ r ɛ ɣ ð a
tregi	tʰ r e iː j ɪ
tregur	tʰ r ɛː ɣ ʏ r
trekkja	tʰ r ɛ h c a
trekt	tʰ r ɛ x t
tremmi	tʰ r ɛ mː ɪ
treyja	tʰ r e iː j a
treysta	tʰ r e i s t a
tré	tʰ r j ɛː
tréblásturshljóðfæri	tʰ r j ɛː p l a u s t ʏ r̥ s l̥ j o u ð f a iː r ɪ
trélitur	tʰ r j ɛː l ɪː t ʏ r
trésmiðja	tʰ r j ɛː s m ɪ ð j a
trésmiður	tʰ r j ɛː s m ɪː ð ʏ r
trésmíði	tʰ r j ɛː s m iː ð ɪ
tréspíri	tʰ r j ɛː s p iː r ɪ
tréspíri	tʰ r j ɛː s p iː r ɪ
trikk	tʰ r ɪ h k
trimma	tʰ r ɪ mː a
trippi	tʰ r ɪ h p ɪ
trissa	tʰ r ɪ sː a
Tristan	tʰ r ɪ s t a n
tríóla	tʰ r iː j o uː l a
tríósónata	tʰ r iː j o uː s o uː n aː t a
trjóna	tʰ r j o uː n a
troða	tʰ r ɔː ð a
trog	tʰ r ɔː ɣ
troga	tʰ r ɔː ɣ a
trommari	tʰ r ɔ mː aː r ɪ
trommuleikari	tʰ r ɔ mː ʏ l e iː k aː r ɪ
tromp	tʰ r ɔ m̥ p
trompa	tʰ r ɔ m̥ p a
trompet	tʰ r ɔ m̥ p ɛː t
trompet	tʰ r ɔ m̥ p ɛ t
trójuhestur	tʰ r o uː j ʏ h ɛ s t ʏ r
trufla	tʰ r ʏ p l a
trumba	tʰ r ʏ m p a
trunta	t r ʏ n̥ t a
trú	tʰ r̥ uː
trúa	tʰ r uː a
trúarjátning	tʰ r uː a r j a u h t n i ŋ k
trúarlegur	tʰ r uː a r l ɛː ɣ ʏ r
trúður	tʰ r uː ð ʏ r
trúfélag	tʰ r uː f j ɛː l aː ɣ
trúlegur	t r uː l ɛː ɣ ʏ r
trúlofa	tʰ r uː l ɔ v a
trúr	t r uː r
trúss	tʰ r u sː
tryggð	tʰ r ɪ ɣ ð
trygging	tʰ r ɪ cː i ŋ k
tryggja	tʰ r ɪ cː a
tryggur	tʰ r ɪ kː ʏ r
Tryggvi	tʰ r ɪ k v ɪ
Tryggvína	tʰ r ɪ k v iː n a
tryllingur	tʰ r ɪ t l i ŋ k ʏ r
trymbill	tʰ r ɪ m p ɪ t l
tryppanál	tʰ r ɪ h p a n a uː l
trýni	tʰ r iː n ɪ
tröð	tʰ r œː ð
tröll	tʰ r œ t l
tröllatré	tʰ r œ t l a tʰ r j ɛː
tröllaukinn	tʰ r œ t l ø yː c ɪ n
tröllavíðir	tʰ r œ t l a v iː ð ɪ r
tröllkona	tʰ r œ t l kʰ ɔː n a
tugabrot	tʰ ʏː ɣ a p r ɔː t
tugur	tʰ ʏː ɣ ʏ r
tuldra	tʰ ʏ l t r a
tuldur	tʰ ʏ l t ʏ r
Tumi	tʰ ʏː m ɪ
tunga	tʰ u ŋ k a
tungl	tʰ u ŋ l̥
tungljurt	tʰ u ŋ l j ʏ r̥ t
tungumál	tʰ u ŋ k ʏ m a uː l
turn	tʰ ʏ r t ⁽ʰ ⁾ n
turn	tʰ ʏ t ⁽ʰ ⁾ n
tuska	tʰ ʏ s k a
tuskulegur	tʰ ʏ s k ʏ l ɛː ɣ ʏ r
tuttugasti	tʰ ʏ h t ʏ ɣ a s t ɪ
tuttugu	tʰ ʏ h t ʏ ɣ ʏ
túba	tʰ uː p a
túli	tʰ uː l ɪ
túlkur	tʰ u l̥ k ʏ r
tún	tʰ uː n
túndra	tʰ u n t r a
túnfífill	tʰ u n f iː v ɪ t l
túnsúra	tʰ u n s uː r a
túnvingull	tʰ u n v i ŋ k ʏ t l
túnvorblóm	tʰ u n v ɔ r p l o uː m
túpa	tʰ uː p a
túr	tʰ uː r
túrbína	tʰ u r p iː n a
túrmerik	tʰ u r m ɛː r ɪ k
Túvalú	tʰ uː v a l uː
Túvalú	tʰ uː v a l uː
tvenna	tʰ v ɛ nː a
tvinna	t v ɪ nː a
tvinni	t v ɪ nː ɪ
tvistur	tʰ v ɪ s t ʏ r
tvisvar	tʰ v ɪː s v aː r
tvíbaka	tʰ v iː p aː k a
tvíburi	tʰ v iː p ʏː r ɪ
tvíhliða	tʰ v iː l̥ ɪː ð a
tvímynd	tʰ v iː m ɪ n t
tvístirni	tʰ v iː s t ɪ r t n ɪ
tvístra	tʰ v i s t r a
tvísykra	tʰ v iː s ɪː k r a
tvítyngdur	tʰ v iː tʰ i ŋ t ʏ r
tvívegis	tʰ v iː v e iː j ɪ s
tvívetni	tʰ v iː v ɛ h t n ɪ
tvíær	tʰ v iː a iː r
tygg	tʰ ɪ kː
tyggja	tʰ ɪ cː a
tyggjó	tʰ ɪ cː o uː
tyggjó	tʰ ɪ cː o u
tylft	t ɪ l̥ f t
tylla	tʰ ɪ t l a
typpi	tʰ ɪ h p ɪ
tyrðill	tʰ ɪ r ð ɪ t l
tyrkískur	tʰ ɪ r̥ c i s k ʏ r
tyrkjasól	tʰ ɪ r̥ c a s o uː l
Tyrkland	t ɪ r̥ k l a n t
tyrkneska	tʰ ɪ r̥ k n ɛ s k a
tyrkneskur	tʰ ɪ r̥ k n ɛ s k ʏ r
týna	tʰ iː n a
týndur	tʰ i n t ʏ r
týr	tʰ iː r
týra	tʰ iː r a
týsfjóla	tʰ iː s f j o uː l a
týtulíngresi	tʰ iː t ʏ l i n k r ɛː s ɪ
tæfa	tʰ a iː v a
tæki	tʰ a iː c ɪ
tækifæri	t a iː c ɪ f a iː r ɪ
tækisfall	t a iː k ɪ s f a t l
tækla	tʰ a i h k l a
tækling	tʰ a i h k l i ŋ k
tækni	tʰ a iʰ k n ɪ
tæla	tʰ a iː l a
tælenska	tʰ a iː l ɛ n s k a
tæma	tʰ a iː m a
tæpur	tʰ a iː p ʏ r
tær	tʰ a iː r
tæra	tʰ a iː r a
tæring	tʰ a iː r i ŋ k
tæta	tʰ a iː t a
tætari	tʰ a iː t aː r ɪ
tætingur	tʰ a iː t i ŋ k ʏ r
tætla	tʰ a i h t l a
töf	tʰ œː v
töff	tʰ œ fː
töfra	tʰ œ v r a
töframaður	tʰ œ v r a m aː ð ʏ r
töfrasproti	tʰ œ v r a s p r ɔː t ɪ
tögl	tʰ œ k l
tökuþýðing	tʰ œː k ʏ θ iː ð i ŋ k
tölt	tʰ œ l̥ t
tölublað	tʰ œː l ʏ p l aː ð
töluorð	tʰ œː l ʏ ɔ r ð
tölusetja	tʰ œː l ʏ s ɛː t j a
tölustafur	tʰ œː l ʏ s t aː v ʏ r
töluverður	tʰ œː l ʏ v ɛ r ð ʏ r
tölva	tʰ œ l v a
tölvu	tʰ œ l v ʏ
tölvuleikur	tʰ œ l v ʏ l e iː k ʏ r
tölvumús	tʰ œ l v ʏ m uː s
tölvupóstur	tʰ œ l v ʏ pʰ o u s t ʏ r
tölvuspil	tʰ œ l v ʏ s p ɪː l
tölvustafur	tʰ œ l v s t aː v ʏ r̥
töng	tʰ ø y ŋ k
tönn	tʰ œ nː
tötralegur	tʰ œː t r a l ɛː ɣ ʏ r
tötrar	tʰ œː t r a r
tötur	tʰ œː t ʏ r
ufsi	ʏ f s ɪ
ugga	ʏ kː a
uggla	ʏ k l a
uggur	ʏ kː ʏ r
ugla	ʏ k l a
Ugla	ʏ k l a
ull	ʏ t l
ull	ʏ lː
umbrot	ʏ m p r ɔː t
umdeildur	ʏ m t e i l t ʏ r
umdæmi	ʏ m t a iː m ɪ
umfang	ʏ m f a u ŋ k
umferð	ʏ m f ɛ r ð
umferðarmerki	ʏ m f ɛ r ð a r m ɛ r c ɪ
umgengni	ʏ m c e i ɲ c n ɪ
umhverfi	ʏ m kʰ v ɛ r v ɪ
umhyggja	ʏ m h ɪ cː a
umkringja	ʏ m kʰ r i ɲ c a
uml	ʏ m l
umla	ʏ m l a
umræða	ʏ m r a iː ð a
umskera	ʏ m s c ɛː r a
umskurður	ʏ m s k ʏ r ð ʏ r
umsókn	ʏ m s o u h k n
umtalsverður	ʏ m tʰ a l s v ɛ r ð ʏ r
una	ʏː n a
und	ʏ n t
undanfari	ʏ n t a n f aː r ɪ
undanfarinn	ʏ n t a n f aː r ɪ nː
undanfarinn	ʏ n t a n f aː r ɪ n
undarlega	ʏ n t a r l ɛː ɣ a
undirbúa	ʏ n t ɪ r p uː a
undirbúningur	ʏ n t ɪ r p uː n i ŋ k ʏ r
undirflokkur	ʏ n t ɪ r̥ f l ɔ h k ʏ r
undirforrit	ʏː n t ɪ r f ɔ r r ɪː t
undirforrit	ʏː n t ɪ r f ɔ r r ɪ t
undirfylking	ʏ n t ɪ r̥ f ɪ l̥ c i ŋ k
undirheiti	ʏ n t ɪ r h e iː t ɪ
undirlag	ʏ n t ɪ r l aː ɣ
undirlendi	ʏ n t ɪ r l ɛ n t ɪ
undirskrift	ʏ n t ɪ r s k r ɪ f t
undra	ʏ n t r a
undrabarn	ʏ n t r a p a r t n
undrun	ʏ n t r ʏ n
undur	ʏ n t ʏ r
ungi	u ŋ k ɪ
unglingur	u ŋ l i ŋ k ʏ r
unglingur	u ŋ k l i ŋ k ʏ r
ungur	u ŋ k ʏ r
ungverska	u ŋ k v ɛ r̥ s k a
unna	ʏ nː a
Unnar	ʏ nː aː r
Unnar	ʏ nː a r
Unndís	ʏ nː t iː s
Unndís	ʏ n t iː s
Unndór	ʏ n t o uː r
unnur	ʏ nː ʏ r
Unnur	ʏ nː ʏ r
unnusta	ʏ nː ʏ s t a
unnusti	ʏ nː ʏ s t ɪ
upp	ʏ h p
uppblástur	ʏ h p p l a u s t ʏ r
uppdatera	ʏ h p t a tʰ ɛː r a
uppdatera	ʏ h p t a tʰ ɛː r a
uppfæra	ʏ h p f a iː r a
uppgerð	ʏ h p c ɛ r ð
uppgjör	ʏ h p c œː r
upphaf	ʏ h p h aː v
upphæð	ʏ h p h a iː ð
uppi	ʏ h p ɪ
uppkast	ʏ h p kʰ a s t
upplifun	ʏ h p l ɪː v ʏ n
upplýsing	ʏ h p l iː s i ŋ k
Uppsalir	ʏ h p s aː l ɪ r
uppsetning	ʏ h p s ɛ h t n i ŋ k
uppskurður	ʏ h p s k ʏ r ð ʏ r
uppspretta	ʏ h p s p r ɛ h t a
uppspuni	ʏ h p s p ʏː n ɪ
upptalning	ʏ h p tʰ a l n i ŋ k
upptekinn	ʏ h p tʰ ɛ c ɪ t n̥
upptrekktur	ʏ h p tʰ r ɛ x t ʏ r
urð	ʏ r ð
urra	ʏ rː a
urt	ʏ r̥ t
uxi	ʏ k s ɪ
uxi	ʏ x s ɪ
ú	uː
Ú	uː
úð	uː ð
úði	uː ð ɪ
úff	u fː
Úkraína	uː kʰ r aː iː n a
Úkraína	uː kʰ r a iː n a
úkraínska	uː kʰ r a i n s k a
úkraínskur	uː kʰ r a i n s k ʏ r
úldinn	u l t ɪ nː
úldinn	u l t ɪ n
úldna	u l t n a
úlfaldarækt	u l v a l t a r a i x t
úlfaldi	u l v a l t ɪ
úlfur	u l v ʏ r
Úlfur	u l v ʏ r
úlnliður	u l n l ɪː ð ʏ r
úlpa	u l̥ p a
únsa	u n s a
úr	uː r
úran	uː r aː n
úreltur	uː r ɛ l̥ t ʏ r
úrferðarfall	u r̥ f ɛ r ð a r f a t l
úrvinnsla	u r v ɪ n s t l a
út	uː t
útata	uː t aː t a
útbreiddur	uː t p r e i tː ʏ r
útbreiða	uː t p r e iː ð a
útbreiðsla	uː t p r e i ð s t l a
útdauði	uː t t ø yː ð ɪ
útdráttur	uː t t r a u h t ʏ r
útför	uː t f œː r
útgáfa	uː t k a uː v a
úthaf	uː t h aː v
úti	uː t ɪ
útibú	uː t ɪ p uː
útilegumaður	uː t ɪ l ɛ ɣ ʏ m aː ð ʏ r
útiloka	uː t ɪ l ɔː k a
útlagi	uː t l a ɣ ɪ
útland	uː t l a n t
útlegð	uː t l ɛ ɣ ð
útlendur	uː t l ɛ n t ʏ r
útlenskur	uː t l ɛ n s k ʏ r
útlit	uː t l ɪː t
útlönd	uː t l œ n t
útsaumur	uː t s ø yː m ʏ r
útskolun	uː t s k ɔː l ʏ n
útskýra	uː t s c iː r a
útskýring	uː t s c iː r i ŋ k
útsýni	uː t s iː n ɪ
útvarp	uː t v a r̥ p
v	v a fː
vaða	v aː ð a
vaf	v aː v
vafagepill	v aː v a c ɛː p ɪ t l
vaff	v a fː
vafi	v aː v ɪ
vafra	v a v r a
vafri	v a v r ɪ
vafsúra	v a v s uː r a
vafur	v aː v ʏ r
vagga	v a kː a
vagn	v a k n
vaka	v aː k a
vakna	v a h k n a
vakt	v a x t
val	v aː l
vald	v a l t
valda	v a l t a
Valdimaría	v a l t ɪ m aː r iː j a
Valdimaría	v a l t ɪ m aː r i j a
Valdimaría	v a l t ɪ m aː r iː j a
Valdimaría	v a l t ɪ m aː r i j a
Valdína	v a l t iː n a
Valdís	v a l t iː s
Valey	v aː l ɛ i̯
valhnappur	v a l n̥ a h p ʏ r
valhneta	v a l n̥ ɛː t a
Valhöll	v aː l h œ t l̥
valkostur	v a l kʰ ɔ s t ʏ r
valköstur	v a l kʰ œ s t ʏ r
vallarsveifgras	v a t l a r s v e i v k r aː s
vallelfting	v a t l ɛ l̥ʷ t i ŋ k
vallelfting	v a t l ɛ l̥ t i ŋ k
vallhæra	v a t l h a iː r a
valmúi	v a l m uː ɪ
valmynd	v a l m ɪ n t
Valtýr	v a l tʰ iː r
valur	v aː l ʏ r
vana	v aː n a
vanalega	v aː n a l ɛː ɣ a
vanda	v a n t a
vandi	v a n t ɪ
vandlegur	v a n t l ɛ ɣ ʏ r
vangefinn	v a i ɲ c ɛ v ɪ nː
vangi	v a u ɲ c ɪ
vanilla	v aː n ɪ lː a
vanrækja	v a n r a iː c a
vanræksla	v a n r a i k s t l a
vansi	v a n s ɪ
vanur	v aː n ʏ r
vanöndun	v aː n œ n t ʏ n
var	v aː r
vara	v aː r a
varalitur	v aː r a l ɪː t ʏ r
varanlegur	v aː r a n l ɛː ɣ ʏ r
varða	v a r ð a
vargur	v a r k ʏ r
varkár	v a r̥ kʰ a uː r
varkárni	v a r̥ kʰ a u r t n ɪ
varla	v a r t l a
varmi	v a r m ɪ
varmur	v a r m ʏ r
varnaður	v a r t n aː ð ʏ r
varp	v a r̥ p
varpasveifgras	v a r̥ p a s v e i v k r aː s
varpi	v a r̥ p ɪ
varsla	v a r̥ s t l a
varta	v a r̥ t a
vartappi	v aː r tʰ a h p ɪ
vasabók	v aː s a p o uː k
vasadiskó	v aː s a t ɪ s k o uː
vasahnífur	v aː s a n̥ iː v ʏ r
vasaklútur	v aː s a kʰ l uː t ʏ r
vasaljós	v aː s a l j o uː s
vasaorðabók	v aː s a ɔ r ð a p o uː k
vasapeli	v aː s a pʰ ɛː l ɪ
vasapeningar	v aː s a pʰ ɛː n i ŋ k a r
vasareiknir	v aː s a r e i h k n ɪ r
vasatölva	v aː s a tʰ œ l v a
vasaúr	v aː s a uː r
vasaþjófur	v aː s a θ j o uː v ʏ r
vasi	v aː s ɪ
vaskur	v a s k ʏ r
vatn	v aʰ t n̥
vatnalilja	v a h t n a l ɪ l j a
vatns	v a s
vatnsmelóna	v a sː m ɛː l o uː n a
vatt	v a h t
vax	v a x s
vax	v a k s
vaxa	v a k s a
vaxa	v a x s a
vá	v a uː
veð	v ɛː ð
veðja	v ɛ ð j a
veður	v ɛː ð ʏ r
veðurfræði	v e ɛ̯ ð ʏ r f r a i̯ ð ɪ
veðurtungl	v ɛː ð ʏ r tʰ u ŋ l
veðurtunglamynd	v ɛː ð ʏ r tʰ u ŋ l a m ɪ n t
vefa	v ɛː v a
vefja	v ɛ v j a
vefsíða	v ɛ f s iː ð a
vefsíða	v ɛ f s i ð a
vefstóll	v ɛ f s t o u t l
vefur	v ɛː v ʏ r
vega	v ɛː ɣ a
vegarfi	v ɛː ɣ a r v ɪ
vegasalt	v ɛː ɣ a s a l̥ t
vegfarandi	v ɛ x f aː r a n t ɪ
veggur	v ɛ kː ʏ r
vegir	v eː j i r
vegna	v ɛ k n a
vegur	v ɛː ɣ ʏ r
veiða	v e iː ð a
veiði	v e iː ð ɪ
veiðimaður	v e iː ð ɪ m aː ð ʏ r
veif	v e iː v
veifa	v e iː v a
veigra	v e i ɣ r a
veigrunarorð	v e iː ɣ r ʏ n a r ɔ r ð
veiki	v e iː c ɪ
veikja	v e iː c a
veikla	v e i h k l a
veikleiki	v e iː k l e iː c ɪ
veiklun	v e i h k l ʏ n
veikur	v e iː k ʏ r
veila	v e iː l a
veill	v e i t l̥
vein	v e iː n
veina	v e iː n a
veira	v e iː r a
veisla	v e i s t l a
veita	v e iː t a
veiting	v e iː t i ŋ k
veitingahús	v e iː t i ŋ k a h uː s
veitingastaður	v e iː t i ŋ k a s t aː ð ʏ r
vekja	v ɛː c a
vel	v ɛː l
veldi	v ɛ l t ɪ
veldissproti	v ɛ l t ɪ s s p r ɔː t ɪ
velgengni	v ɛ l c e i ŋ k n ɪ
velja	v ɛ l j a
velkomandaminni	v ɛ l kʰ ɔː m a n t a m ɪ nː ɪ
vella	v ɛ t l a
velmegun	v ɛ l m ɛː ɣ ʏ n
velta	v ɛ l̥ t a
venda	v ɛ n t a
venja	v ɛ n j a
venjur	v ɛ n j ʏ r
vensl	v ɛ n s t l̥
venslaður	v ɛ n s t l a ð ʏ r
Venus	v ɛː n ʏ s
vepja	v ɛː p j a
ver	v ɛː r
vera	v ɛː r a
verð	v ɛ r ð
verða	v ɛ r ð a
verðlaun	v ɛ r ð l ø yː n
verðmæti	v ɛ r ð m a iː t ɪ
verðmætur	v ɛ r ð m a iː t ʏ r
verður	v ɛ r ð ʏ r
verja	v ɛ r j a
verk	v ɛ r̥ k
verkaskipting	v ɛ r̥ k a s c ɪ f t i ŋ k
verkefni	v ɛ r̥ k ɛ p n ɪ
verkfæri	v ɛ r̥ k f a iː r ɪ
verkfæri	v ɛ r̥ k f a i r ɪ
verkur	v ɛ r̥ k ʏ r
verma	v ɛ r m a
vernd	v ɛ r n t
vernda	v ɛ r n t a
verndari	v ɛ r n t aː r ɪ
verndari	v ɛ r n t a r ɪ
verndun	v ɛ r n t ʏ n
verpa	v ɛ r̥ p a
versla	v ɛ r̥ s t l a
verslun	v ɛ r s t l ʏ n
verufall	v ɛː r ʏ f a t l
verulega	v ɛː r ʏ l ɛː ɣ a
verulegur	v ɛː r ʏ l ɛː ɣ ʏ r
veski	v ɛ s c ɪ
vestari	v ɛ s t aː r ɪ
vestari	v ɛ s t a r ɪ
vestra	v ɛ s t r a
vestri	v ɛ s t r ɪ
vestur	v ɛ s t ʏ r
Vesturland	v ɛ s t ʏ r l a n t
vetni	v ɛ h t n ɪ
vetrarbraut	v ɛː t r a r p r ø yː t
vettlingur	v ɛ h t l i ŋ k ʏ r
vettugi	v ɛ h t ʏ j ɪ
vettvangur	v ɛ h t v a u ŋ k ʏ r
vetur	v ɛː t ʏ r
Veturliði	v ɛː t ʏ r l ɪː ð ɪ
vé	v j ɛː
Védís	v j ɛː t iː s
vél	v j ɛː l
vélbúnaður	v j ɛ l p uː n aː ð ʏ r
vélbúnaður	v j ɛ l p uː n a ð ʏ r
vélfræði	v j ɛ l f r a iː ð ɪ
vélfræði	v j ɛ l f r a iː ð ɪ
vélfræðingur	v j ɛː l f r a iː ð i ŋ k ʏ r
vélinda	v j ɛː l ɪ n t a
vélrita	v j ɛ l r ɪː t a
vér	v j ɛː r̥
við	v ɪ ð
viða	v ɪː ð a
Viðar	v ɪː ð aː r
Viðar	v ɪː ð a r
viðbragð	v ɪ ð p r a ɣ ð
viðbrögð	v ɪ ð p r œ ɣ ð
viðeigandi	v ɪː ð e iː ɣ a n t ɪ
viðja	v ɪ ð j a
viðlag	v ɪ ð l a ɣ
viðskeyti	v ɪ ð s c e iː t ɪ
viðskiptavinur	v ɪ ð s k ɪ f t a v ɪː n ʏ r
viðtal	v ɪ ð tʰ aː l
viðtengingarháttur	v ɪ ð tʰ e i ɲ c i ŋ k a r h a u h t ʏ r
viður	v ɪː ð ʏ r
viðvörun	v ɪ ð v œ r ʏ n̥
vifta	v ɪ f t a
viftureim	v ɪ f t ʏ r e iː m
Vigdís	v ɪ ɣ t iː s
Vigfús	v ɪ x f uː s
Vigfúsína	v ɪ x f uː s iː n a
Vigfúsína	v ɪ x f uː s iː n a
Vigfúsína	v ɪ x f u s iː n a
Vigfúsína	v ɪ x f u s iː n a
Vignir	v ɪ k n ɪ r
vigt	v ɪ x t
vigur	v ɪː ɣ ʏ r
vika	v ɪː k a
vikur	v ɪː k ʏ r
Vildís	v ɪ l t iː s
Vilhjálmía	v ɪ l ç a u l m iː j a
Vilhjálmía	v ɪ l ç a u l m iː j a
Vilhjálmína	v ɪ l ç a u l m iː n a
Vilhjálmína	v ɪ l ç a u l m iː n a
Vilhjálmur	v ɪ l ç a u l m ʏ r
vilja	v ɪ l j a
vilji	v ɪ l j ɪ
villa	v ɪ t l a
villa	v ɪ lː a
villa	v ɪ t l a
villigöltur	v ɪ t l ɪ k œ l̥ t ʏ r
villimaður	v ɪ t l ɪ m aː ð ʏ r
villtur	v ɪ l̥ t ʏ r
Vilma	v ɪ l m a
Vilmundur	v ɪ l m ʏ n t ʏ r
vin	v ɪː n
vinabær	v ɪː n a p a iː r
vinalegur	v ɪː n a l ɛː ɣ ʏ r
vinátta	v ɪː n a u h t a
vináttuleikur	v ɪː n a u h t ʏ l e iː k ʏ r
vinda	v ɪ n t a
vindill	v ɪ n t ɪ t l
vindmylla	v ɪ n t m ɪ lː a
vindugur	v ɪ n t ʏː ɣ ʏ r
vindur	v ɪ n t ʏ r
vindverskur	v ɪ n t v ɛ r̥ s k ʏ r
vingull	v i ŋ k ʏ t l
vinka	v i ŋ̊ k a
vinkill	v i ɲ̊ c ɪ t l
vinkona	v ɪ ŋ kʰ ɔː n a
vinkona	v i ŋ kʰ ɔː n a
vinna	v ɪ nː a
vinnukona	v ɪ nː ʏ kʰ ɔː n a
vinnumaður	v ɪ nː ʏ m aː ð ʏ r
vinstur	v ɪ n s t ʏ r
vinur	v ɪː n ʏ r
virða	v ɪ r ð a
virði	v ɪ r ð ɪ
Virginía	v ɪ r c ɪ n iː j a
Virginía	v ɪ r c ɪ n i j a
virka	v ɪ r̥ k a
virki	v ɪ r̥ c ɪ
virkja	v ɪ r̥ c a
virkjun	v ɪ r̥ c ʏ n
virkni	v ɪ r̥ k n ɪ
virkur	v ɪ r̥ k ʏ r
visk	v ɪ s k
viskí	v ɪ s c iː
visna	v ɪ s t n a
viss	v ɪ sː
vissa	v ɪ sː a
vist	v ɪ s t
vista	v ɪ s t a
vistfræði	v ɪ s t f r a iː ð ɪ
vistvænn	v ɪ s t v a i t n
vit	v ɪː t
vita	v ɪː t a
viti	v ɪː t ɪ
vitlaus	v ɪ h t l ø yː s
vitni	v ɪ h t n ɪ
vitrun	v ɪː t r ʏ n
Vídalín	v iː t a l iː n
Vídalín	v iː t a l iː n
vídd	v i tː
víða	v iː ð a
víðerni	v iː ð ɛ r t n ɪ
víðfrægur	v i ð f r a iː ɣ ʏ r
víðir	v iː ð ɪ r
Víðir	v iː ð ɪ r
víður	v iː ð ʏ r
víf	v iː v
víg	v iː ɣ
vígður	v i ɣ ð ʏ r
vígi	v iː j ɪ
vígja	v iː j a
vígvöllur	v i ɣ v œ t l ʏ r
vík	v iː k
Vík	v iː k
víkingur	v iː c i ŋ k ʏ r
víkja	v iː c a
víma	v iː m a
vín	v iː n
Vín	v iː n
vínandi	v iː n a n t ɪ
Vínarborg	v iː n a r p ɔ r k
vínber	v i n p ɛː r
vínberjalögur	v i n p ɛ r j a l œː ɣ ʏ r
víngarður	v i n k a r ð ʏ r
víns	v i n s
vínviður	v i n v ɪː ð ʏ r
víóla	v iː j o uː l a
vís	v iː s
vísa	v iː s a
vísifingur	v iː s ɪ f i ŋ k ʏ r
vísigreifi	v iː s ɪ k r e iː v ɪ
víst	v i s t
víta	v iː t a
víti	v iː t ɪ
víxl	v i x s t l
víxl	v i k s t l
vodka	v ɔ t kʰ a
vofa	v ɔː v a
voff	v ɔ fː
voffi	v ɔ fː ɪ
vog	v ɔː ɣ
voga	v ɔː ɣ a
vogunarsjóður	v ɔː ɡ ʏ n a r s j o uː ð ʏ r
vol	v ɔː l
Volga	v ɔ l k a
von	v ɔː n
vona	v ɔː n a
vonandi	v ɔː n a n t ɪ
vonbrigði	v ɔ n p r ɪ ɣ ð ɪ
vondur	v ɔ n t ʏ r
vonsvikinn	v ɔ n s v ɪː c ɪ nː
vonsvikinn	v ɔ n s v ɪː c ɪ n
vopn	v ɔ h p n
vor	v ɔː r
Vordís	v ɔ r t iː s
vorkenna	v ɔ r̥ cʰ ɛ nː a
vorlaukur	v ɔː r l ø yː k ʏ r
vos	v ɔ s
votlendi	v ɔː t l ɛ n d ɪ
votta	v ɔ h t a
vottur	v ɔ h t ʏ r
votur	v ɔː t ʏ r
væla	v a iː l a
vændi	v a i n d ɪ
vængur	v a i ŋ k ʏ r
Vænir	v a iː n ɪ r
vænn	v a i t n
vænta	v a i n̥ t a
vær	v a iː r
værð	v a i r ð
væskill	v a i s c ɪ t l
væta	v a iː t a
vætla	v a i h t l a
vöðvi	v œ ð v ɪ
vögguvísa	v œ kː ʏ v iː s a
vök	v œː k
vökva	v œː k v a
vökvi	v œː k v ɪ
völ	v œː l
völlur	v œ t l ʏ r
Völuspá	v œ l ʏ s p aː
völva	v œ l v a
völvuhnoðri	v œ l v ʏ n̥ ɔ ð r ɪ
vömb	v œ m p
vöndull	v œ n t ʏ t l
vöndur	v œ n t ʏ r
vör	v œː r
vörður	v œ r ð ʏ r
Vörður	v œ r ð ʏ r
vörn	v œ r t ⁽ʰ ⁾ n
vörn	v œ t ⁽ʰ ⁾ n
vörumerki	v œː r ʏ m ɛ r̥ c ɪ
vöttur	v œ t ʏ r
vöxtur	v œ k s t ʏ r
vöxtur	v œ x s t ʏ r
Waage	v ɔː ɣ ɛː
Wathne	v a h t n ɛː
Wathne	v a h t n ɛ
Wiium	v iː j ʏ m
Wiki	v ɪ k ɪ
x	x s
ydd	ɪ tː
ydda	ɪ tː a
yddari	ɪ tː aː r ɪ
yddari	ɪ tː a r ɪ
yðar	ɪː ð a r
yfir	ɪː v ɪ r̥
yfirdrepsskapur	ɪː v ɪ r t r ɛ p s s k aː p ʏ r
yfirgefa	ɪː v ɪ r c ɛː v a
yfirheiti	ɪː v ɪ r h e iː t ɪ
yfirlit	ɪː v ɪ r l ɪː t
yfirlæti	ɪː v ɪ r l a iː t ɪ
yfirráð	ɪː v ɪ r r a uː ð
yfirtaka	ɪː v ɪ r tʰ aː k a
yfirtónn	ɪː v ɪ r tʰ o u t n
ykkar	ɪ h k ɐ r
ykkur	ɪ h k ʏ r
yllir	ɪ t l ɪ r
ymja	ɪ m j a
yndi	ɪ n t ɪ
yngja	i ɲ c a
yppa	ɪ h p a
yrkja	ɪ r̥ c a
ysta	ɪ s t a
ý	iː
ýja	iː j a
ýla	iː l a
ýlda	i l t a
ýmis	iː m ɪ s
ýra	iː r a
Ýrar	iː r aː r
Ýrar	iː r a r
ýsa	iː s a
ýta	iː t a
ýviður	iː v ɪ ð ʏ r
zeta	s ɛː t a
Zoëga	s o uː ɛː k aː
Zoëga	s o uː ɛː k a
Zóphonías	s o uː f ɔː n iː j a s
Zóphonías	s o uː f ɔ n iː j a s
þ	θ
Þ	θ
það	θ aː ð
þaðan	θ aː ð a n
þagna	θ a k n a
þagnarheit	θ a k n a r h e iː t
þak	θ aː k
þakka	θ a h k a
þakkagjörð	θ a h k a c œ r ð
þakklátur	θ a h k l a uː t ʏ r
þakklæti	θ a h k l a iː t ɪ
þamba	θ a m p a
þang	θ a u ŋ k
þangað	θ a u ŋ k aː ð
þangað	θ a u ŋ k a ð
þankastrik	θ a u ŋ̊ k a s t r ɪː k
þanki	θ a u ɲ̊ c ɪ
þannig	θ a nː ɪ ɣ
þar	θ aː r
þaraðauki	θ aː r a ð ø yː k ɪ
þarfaþing	θ a r v a θ i ŋ k
þarfur	θ a r v ʏ r
þari	θ aː r ɪ
þarmur	θ a r m ʏ r
þarna	θ a r t n a
þarna	θ a t n a
þarna	θ a r n a
þau	θ øː y̯
þá	θ a uː
þágufall	θ a uː ʏ f a t l
þána	θ a uː n a
þátíð	θ a uː tʰ iː ð
þáttaskil	θ a u h t a s k ɪː l
þátttaka	θ a u h t tʰ aː k a
þáttur	θ a u h t ʏ r
Þeba	θ ɛː p a
þefa	θ ɛː v a
þefur	θ ɛː v ʏ r
þega	θ ɛː ɣ a
þegar	θ ɛː ɣ a r
þegja	θ e iː j a
þegn	θ ɛ k n
þeir	θ e iː r
þekja	θ ɛː c a
þekking	θ ɛ h c i ŋ k
þekkja	θ ɛ h c a
þekkur	θ ɛ h k ʏ r
þel	θ ɛː l
þema	θ ɛː m a
Þengill	θ e i ɲ c ɪ t l
þenja	θ ɛ n j a
þerna	θ ɛ r t n a
þerra	θ ɛ rː a
þess	θ ɛ sː
Þessalía	θ ɛ sː a l iː j a
Þessalía	θ ɛ sː a l iː j a
þessi	θ ɛ sː ɪ
þeta	θ ɛː t a
þeyja	θ e iː j a
þeyr	θ e iː r
þeytari	θ e iː t a r ɪ
þeytingur	θ e iː t i ŋ k ʏ r
þeyttur	θ e i h t ʏ r
þér	θ j ɛː r
þéra	θ j ɛː r a
þérun	θ j ɛː r ʏ n
þéttur	θ j ɛ h t ʏ r
þið	θ ɪ ð
þiðna	θ ɪ ð n a
þig	θ ɪː ɣ
þiggja	θ ɪ cː a
þil	θ ɪː l
þind	θ ɪ n t
þing	θ i ŋ k
þingforseti	θ i ŋ k f ɔ r̥ s ɛː t ɪ
þingkona	θ i ŋ kʰ ɔː n a
þingmaður	θ i ŋ k m aː ð ʏ r
þinn	θ ɪ nː
þinur	θ ɪː n ʏ r
þistill	θ ɪ s t ɪ t l
þit	θ ɪː t
þíða	θ iː ð a
þíður	θ iː ð ʏ r
þín	θ iː n
þjark	θ j a r̥ k
þjá	θ j a uː
þjáður	θ j a uː ð ʏ r
þjálfa	θ j a u l v a
þjálfun	θ j a u l v ʏ n
þjóð	θ j o uː ð
þjóðarbrot	θ j o uː ð a r p r ɔː t
þjóðbraut	θ j o u ð p r ø yː t
þjóðerni	θ j o uː ð ɛ r t n ɪ
þjóðernishreinsun	θ j o uː ð ɛ r t n ɪ s r̥ e i n s ʏ n
þjóðgarður	θ j o uː ð k a r ð ʏ r
þjóðhátíð	θ j o uː ð h a uː tʰ i ð
þjóðskrá	θ j o uː ð s k r a uː
þjóðsöngur	θ j o u ð s ø y ŋ k ʏ r
þjóðtrú	θ j o uː ð tʰ r̥ uː
Þjóðverji	θ j o u ð v ɛ r j ɪ
þjófnaður	θ j o u p n aː ð ʏ r
þjónusta	θ j o uː n ʏ s t a
þjónustustúlka	θ j o uː n ʏ s t ʏ s t u l̥ k a
þjóta	θ j o uː t a
þjöl	θ j œː l
þoka	θ ɔː k a
þokki	θ ɔ h c ɪ
þol	θ ɔː l
þola	θ ɔː l a
þolandi	θ ɔː l a n t ɪ
þolfall	θ ɔ l f a t l
þolinmóður	θ ɔː l ɪ n m o uː ð ʏ r
þolinmæði	θ ɔː l ɪ n m a iː ð ɪ
þor	θ ɔː r
þora	θ ɔː r a
Þorbjörg	θ ɔ r p j œ r k
Þorgeir	θ ɔ r k e iː r
Þorgerður	θ ɔ r c ɛ r ð ʏ r
Þorgilsína	θ ɔ r c ɪ l s iː n a
Þorgilsína	θ ɔ r c ɪ l s iː n a
Þorgrímur	θ ɔː r k r i m ʏ r
Þorkelína	θ ɔ r̥ cʰ ɛː l iː n a
Þorkelína	θ ɔ r̥ cʰ ɛː l iː n a
Þorkelína	θ ɔ r̥ cʰ ɛ l iː n a
Þorkelína	θ ɔ r̥ cʰ ɛ l iː n a
Þorkell	θ ɔ r̥ cʰ ɛ l t
Þorlákína	θ ɔ r l a uː c iː n a
Þorlákína	θ ɔ r l a uː c iː n a
Þorlákína	θ ɔ r l a u c iː n a
Þorlákína	θ ɔ r l a u c iː n a
Þorláksmessa	θ ɔ r l a u k s m ɛ sː a
Þorlákur	θ ɔ r l a uː k ʏ r
Þorleifína	θ ɔ r l e iː v iː n a
Þorleifína	θ ɔ r l e iː v iː n a
Þorleifína	θ ɔ r l e i v iː n a
Þorleifína	θ ɔ r l e i v iː n a
þorn	θ ɔ r t ⁽ʰ ⁾ n
þorn	θ ɔ t ⁽ʰ ⁾ n
þorna	θ ɔ r t n a
þorri	θ ɔ rː ɪ
þorskur	θ ɔ r̥ s k ʏ r
Þorsteinína	θ ɔ r̥ s t e iː n iː n a
Þorsteinína	θ ɔ r̥ s t e iː n iː n a
Þorsteinína	θ ɔ r̥ s t e i n iː n a
Þorsteinína	θ ɔ r̥ s t e i n iː n a
Þorsteinn	θ ɔ r̥ s t e i t n
þorsti	θ ɔ r̥ s t ɪ
Þorvaldína	θ ɔ r v a l t iː n a
Þorvaldína	θ ɔ r v a l t iː n a
Þorvaldur	θ ɔ r v a l t ʏ r
Þorvarðína	θ ɔ r v a r ð iː n a
Þorvarðína	θ ɔ r v a r ð iː n a
þota	θ ɔː t a
þó	θ o uː
Þór	θ o uː r
Þórdís	θ o u r t iː s
þórduna	θ o u r t ʏː n a
þórduna	θ o u r t ʏ n a
þórðargleði	θ o u r ð a r k l ɛː ð ɪ
Þórður	θ o u r ð ʏ r
Þórey	θ o u̯ː r ɛ i̯
Þórfríður	θ o u r̥ f r iː ð ʏ r
Þórgunnur	θ o u r k ʏ nː ʏ r
Þórhallur	θ o uː r h a t l ʏ r
Þórmundur	θ o u r m ʏ n t ʏ r
Þóroddur	θ o uː r ɔ tː ʏ r
Þórólfur	θ o uː r o u l v ʏ r
Þórshöfn	θ o u r̥ s h œ p n
Þórunn	θ o uː r ʏ nː
Þórunn	θ o uː r ʏ n
Þrakía	θ r aː cʰ iː j a
þras	θ r aː s
þrasa	θ r aː s a
þrauka	θ r ø yː k a
þraut	θ r ø yː t
þrá	θ r a uː
þrábeiðni	θ r a uː p e i ð n ɪ
þrábiðja	θ r a uː p ɪ ð j a
þráðlaus	θ r a u ð l ø yː s
þráðnykra	θ r a u ð n ɪː k r a
þráðsef	θ r a u ð s ɛː v
þrái	θ r a uː ɪ
Þrándheimur	θ r a u n t h e iː m ʏ r
þrár	θ r a uː r
þrátta	θ r a u h t a
þrefa	θ r ɛː v a
þreifa	θ r e iː v a
þrengja	θ r e i ɲ c a
þrenna	θ r ɛ nː a
þrennd	θ r ɛ n t
þrenning	θ r ɛ nː i ŋ k
þrenningarmaðra	θ r ɛ nː i ŋ k a r m a ð r a
þrennur	θ r ɛ nː ʏ r
þrettán	θ r ɛ h t a uː n
þrettándi	θ r ɛ h t a u n t ɪ
þreyta	θ r e iː t a
þriðji	θ r ɪ ð j ɪ
þriðjudagur	θ r ɪ ð j ʏ t aː ɣ ʏ r
þristur	θ r ɪ s t ʏ r
þrisvar	θ r ɪː s v aː r
þríeinn	θ r iː e i t n
þrífa	θ r iː v a
þríhliða	θ r iː l̥ ɪː ð a
þríhorn	θ r iː h ɔ r t n
þríhyrnuburkni	θ r iː h ɪ r t n ʏ p ʏ r̥ k n ɪ
þrílaufungur	θ r iː l ø yː v ʏ ŋ k ʏ r
þríleikur	θ r iː l e iː k ʏ r
þrímynd	θ r iː m ɪ n t
þrír	θ r iː r
þrístrendingur	θ r iː s t r ɛ n t i ŋ k ʏ r
þrítugasti	θ r iː t ʏ ɣ a s t ɪ
þrítyngdur	θ r iː tʰ i ŋ t ʏ r
þrívegis	θ r iː v e iː j ɪ s
þrjóska	θ r j o u s k a
þrjóskur	θ r j o u s k ʏ r
þrjóta	θ r j o uː t a
þroski	θ r ɔ s c ɪ
þroti	θ r ɔː t ɪ
þróa	θ r o uː a
þrugl	θ r ʏ k l
þrugla	θ r ʏ k l a
þruma	θ r ʏː m a
þrunginn	θ r u ɲ c ɪ nː
þrunginn	θ r u ɲ c ɪ n
Þrúður	θ r uː ð ʏ r
þrúga	θ r uː a
þrúga	θ r uː a
þrútna	θ r u h t n a
þrykkja	θ r ɪ h c a
þrymja	θ r ɪ m j a
Þrymskviða	θ r ɪ m s kʰ v ɪː ð a
þrýsta	θ r i s t a
þrýstihópur	θ r i s t ɪ h o uː p ʏ r
þrýstilína	θ r i s t ɪ l iː n a
þrýstiloft	θ r i s t ɪ l ɔ f t
þrýstinn	θ r i s t ɪ nː
þrýstinn	θ r i s t ɪ n
þræla	θ r a iː l a
þrældómur	θ r a i l t o uː m ʏ r
þræll	θ r a i t l
þræta	θ r a iː t a
þröng	θ r ø y ŋ k
þröngur	θ r ø y ŋ k ʏ r
þröstur	θ r œ s t ʏ r
Þröstur	θ r œ s t ʏ r
þukl	θ ʏ h k l
þukla	θ ʏ h k l a
þumalfingur	θ ʏː m a l f i ŋ k ʏ r
Þumalína	θ ʏː m aː l iː n a
Þumalína	θ ʏː m aː l iː n a
Þumalína	θ ʏː m a l iː n a
Þumalína	θ ʏː m a l iː n a
þumall	θ ʏː m a t l̥
þumalputtaregla	θ ʏː m a l pʰ ʏ h t a r ɛ k l a
þumalputti	θ ʏː m a l pʰ ʏ h t ɪ
þumbaralegur	θ ʏ m p a r a l ɛː ɣ ʏ r
þumbari	θ ʏ m p a r ɪ
þumlungur	θ ʏ m l u ŋ k ʏ r
þungaður	θ u ŋ k aː ð ʏ r
þunglamalegur	θ u ŋ k l aː m a l ɛː ɣ ʏ r
þungur	θ u ŋ k ʏ r
þunnur	θ ʏ nː ʏ r
þurfa	θ ʏ r v a
Þuríður	θ ʏː r iː ð ʏ r
þurr	θ ʏ rː
þurrka	θ ʏ r̥ k a
þurrkur	θ ʏ r̥ k ʏ r
þú	θ u
þúa	θ uː a
þúbróðir	θ uː p r o uː ð ɪ r
þúfa	θ uː v a
þúfutittlingur	θ uː v ʏ tʰ ɪ h t l i ŋ k ʏ r
þúsund	θ uː s ʏ n t
þúsundasti	θ uː s ʏ n t a s t ɪ
þúsundblaðarós	θ uː s ʏ n t p l aː ð a r o uː s
þvag	θ v aː ɣ
þvara	θ v aː r a
þvarg	θ v a r k
þvarga	θ v a r k a
þvegill	θ v e iː j ɪ t l
þvengur	θ v e i ŋ k ʏ r
þverflauta	θ v ɛ r̥ f l ø yː t a
þverhníptur	θ v ɛ r n̥ i f t ʏ r
þverra	θ v ɛ rː a
þverskurður	θ v ɛ r s k ʏ r ð ʏ r
þvinga	θ v i ŋ k a
því	θ v iː
þvo	θ v ɔː
þvottabjörn	θ v ɔ h t a p j œ r t n
þvottur	θ v ɔ h t ʏ r
þvæla	θ v a iː l a
þvælast	θ v a iː l a s t
þvættingur	θ v a i h t i ŋ k ʏ r
þybbinn	θ ɪ pː ɪ nː
þybbinn	θ ɪ pː ɪ n
þykja	θ ɪː c a
þykkja	θ ɪ h c a
þykkni	θ ɪ h k n ɪ
þykkur	θ ɪ h k ʏ r
þylja	θ ɪ l j a
þyngd	θ i ŋ t
þyngdarsvið	θ i ŋ t a r s v ɪː ð
þyngja	θ i ɲ c a
þynna	θ ɪ nː a
þynnka	θ i ŋ̊ k a
þyrla	θ ɪ r t l a
þyrluvöllur	θ ɪ r t l ʏ v œ t l ʏ r
þyrma	θ ɪ r m a
þyrnir	θ ɪ r t n ɪ r
Þyrnir	θ ɪ r t n ɪ r
þyrnóttur	θ ɪ r t n o u h t ʏ r
þyrping	θ ɪ r̥ p i ŋ k
þyrsta	θ ɪ r̥ s t a
þyrstur	θ ɪ r̥ s t ʏ r
þys	θ ɪː s
þýða	θ iː ð a
þýðing	θ iː ð i ŋ k
þýður	θ iː ð ʏ r
þýfður	θ i v ð ʏ r
þýfi	θ iː v ɪ
þýska	θ i s k a
Þýskaland	θ i s k a l a n t
þýskur	θ i s k ʏ r
þægindi	θ a iː j ɪ n t ɪ
þær	θ a iː r
þögn	θ œ k n
þögull	θ œː ɣ ʏ t l
þökk	θ œ h k
þöll	θ œː t l
þörf	θ œ r v
þörungur	θ œː r u ŋ k ʏ r
æ	a i̯
Æ	a i
æð	a iː ð
æði	a iː ð ɪ
æðri	a i ð r ɪ
æður	a iː ð ʏ r
æfa	a iː v a
æfing	a iː v i ŋ k
ægilegur	a iː j ɪ l ɛː ɣ ʏ r
ægir	a iː j ɪ r
Ægir	a iː j ɪ r
ægja	a iː j a
æja	a iː j a
æki	a iː c ɪ
æla	a iː l a
æmta	a i m̥ t a
æpa	a iː p a
ær	a iː r
æra	a iː r a
æringi	a iː r i ɲ c ɪ
ærsl	a i r s t l
æruprís	a iː r ʏ pʰ r iː s
æs	a iː s
æsa	a iː s a
æska	a i s k a
æskja	a i s c a
æstur	a i s t ʏ r
æta	a iː t a
æti	a iː t ɪ
ætiþistill	a iː t ɪ θ ɪ s t ɪ t l
ætla	a i h t l a
ætt	a i h t
ætterni	a i h t ɛ r t n ɪ
ættfróður	a i h t f r o uː ð ʏ r
ættingi	a i h t i ɲ c ɪ
ættkvísl	a i h t kʰ v i s t l
ætur	a iː t ʏ r
ævi	a iː v ɪ
æviágrip	a iː v ɪ a uː k r ɪː p
ö	œː
Ö	œː
öbbuðumst	œ pː ʏ ð ʏ m s t
öbbuðust	œ pː ʏ ð ʏ s t
öbbumst	œ pː ʏ m s t
öðlast	œ ð l a s t
öðruvísi	œ ð r ʏ v iː s ɪ
öfga	œ v k a
öfl	œ p l
öfund	œː v ʏ n t
öglir	œ k l ɪː r
Ögmunda	œ ɣ m ʏ n t a
Ögmundína	œ ɣ m ʏ n t iː n a
Ögmundína	œ ɣ m ʏ n t iː n a
ögn	œ k n
ökkli	œ h k l ɪ
ökuleyfi	œː k ʏ l e iː v ɪ
ökumaður	œː k ʏ m aː ð ʏ r
ökuskírteini	œː k ʏ s c i r̥ t e iː n ɪ
ökutæki	œː k ʏ tʰ a iː c ɪ
öl	œː l
öld	œ l t
ölgerð	œ l c ɛ r ð
ölgerðarhús	œ l c ɛ r ð a r h uː s
ölkelduvatn	œ l cʰ ɛ l t ʏ v a h t n
ölmusa	œ l m ʏː s a
ölur	œː l ʏ r
ölva	œ l v a
ölvun	œ l v ʏ n
ömurlegur	œː m ʏ r l ɛ ɣ ʏ r
önd	œ n t
öndun	œ n t ʏ n
öngull	ø y ŋ k ʏ t l
önn	œ nː
önugur	œː n ʏː ɣ ʏ r
ör	œː r
örðugleiki	œ r ð ʏ k l e iː c ɪ
öreindafræði	œː r e i n t a f r a iː ð ɪ
örgjörvi	œ r c œ r v ɪ
örk	œ r̥ k
örlítill	œ r l iː t ɪ t l
örlög	œ r l œː ɣ
örn	œ r t ⁽ʰ ⁾ n
örn	œ t ⁽ʰ ⁾ n
Örn	œ r t ⁽ʰ ⁾ n
Örn	œ t ⁽ʰ ⁾ n
örnefni	ø r n ɛ p n ɪ
örstuttur	øː r s t ʏ h t ʏ r
örugglega	œː r ʏ kː l ɛː ɣ a
örugglega	œː r ʏ kː l ɛː ɣ a
örugglega	œː r ʏ k l ɛː ɣ a
örugglega	œː r ʏ k l ɛː ɣ a
örva	œ r v a
örvamælir	œ r v a m a iː l ɪ r
örvun	œ r v ʏ n
öryggi	œː r ɪ cː ɪ
öryggisbelti	œː r ɪ cː ɪ s p ɛ l̥ t ɪ
öryggisbrestur	œː r ɪ cː ɪ s b r ɛ s t ʏ r
öryggisflokkur	œː r ɪ cː ɪ s f l ɔ h k ʏ r
öryggisfyrirtæki	œː r ɪ cː ɪ s f ɪː r ɪ r tʰ a iː c ɪ
öryggisgirðing	œː r ɪ cː ɪ s c ɪ r ð i ŋ k
öryggisgler	œː r ɪ cː ɪ s k l ɛː r
öryggisráð	œː r ɪ cː ɪ s r a uː ð
öryggisstig	œː r ɪ cː ɪ s s t ɪː ɣ
ös	œː s
öskur	œ s k ʏ r
ösp	œ s p
Össur	œ sː ʏ r
Össuría	œ sː ʏ r iː j a
Össuría	œ sː ʏ r iː j a
Össurína	œ sː ʏ r iː n a
Össurína	œ sː ʏ r iː n a
öxl	œ k s t l
