Aabrama	ɑː b r ə m
Aabrama	ɑː b̥ r ɑ m ɑ
Aato	ɑː d̥ o̞ i̯
Aato	ɑː t ŏ̞̥
Afrikka	ɑ f r i kː ɑ
Afrikka	ɑ f r ĭ kː
Agaffona	ɑ ɡ ɑˑ f f o̞ n ɑˑ
Agaffona	ɑ ɡ̊ ɑˑ f f o̞ n ɑˑ
Amerikka	ɑ m e̞ˑ r i kː ɑ
Amerikka	ɑ m e̞ˑ r ĭ kː
Andree	ɑ n d r e̞
Andree	ɑ n d̥ r e̝ː
Anglia	ɑ ŋ ɡ lʲ e̞
Anglia	ɑ ŋ ɡ̊ l i ɑ
Annu	ɑ nː u
Annu	ɑ nː ŭ̥
Annuška	ɑ nː u ʃ k ɑ
Annuška	ɑ nː ŭ ʃ k
Anttikristus	ɑ n tʲː ĭ k r i s̠ t ŭ z̠
Anttikristus	ɑ n tː i ɡ̊ r i ʃ t u ʒ̥
Apo	ɑ b̥ o̞ i̯
Apo	ɑ p o̞ˑ
Arhippa	ɑ r iˑ pː
Arhippa	ɑ r ɣ̥ i pː ɑ
Arttamona	ɑ r tː ɑ m o̞ n ɑˑ
Arttamona	ɑ r tː ə m o̞ n ɑˑ
Atu	ɑ d̥ uˑ
Atu	ɑ t uˑ
Australia	ɑ u̯ s̠ t r ə lʲ i ɑˑ
Australia	ɑ u̯ ʃ t r ɑ l i ɑˑ
Avstralia	ɑ ʋ s̠ t r ə lʲ i ɑˑ
Avstralia	ɑ ʋ ʃ t r ɑ l i ɑˑ
Bibliä	b i b lʲ e̞
Bibliä	p i b̥ l i æ
Danila	d ɑ n iˑ ɫ
Danila	t ɑ nˑ iː ɫ ɑ
Darja	d ɑ r i
Darja	t ɑ r j ɑ
Daro	d ɑ r o̞ˑ
Daro	t ɑ r o̞ˑ iˑ
Enipäivä	e̞ n iˑ p æ i̯ ʋ
Enipäivä	e̞ n iˑ p æ i̯ ʋ æ
Estonia	e̞ s̠ t ŏ̞ n i ɑˑ
Estonia	e̞ ʃ t o̞ n i ɑˑ
Europpa	e̞ u̯ r o̞ pː ɑ
Europpa	e̞ u̯ r ŏ̞ pː
Filimoni	f i l iˑ m o̞ n iˑ
Filimoni	f i lʲ iˑ m o̞ n iˑ
Foma	f o̞ m ɑˑ
Frantsia	f r ɑ n t͡s i ɑ
Frantsia	f r ɑ n t͡s̠ e̞
Frolkka	f r o̞ ɫ kː
Frolkka	f r o̞ ɫ kː ɑ
Föödermaa	f øː d ə r m ɑː
Föödermaa	f ø̝ː d̥ e̞ r m ɑː
Gorjki	k o̞ rʲ ɡ̊ i
Gorjki	ɡ o̞ rʲ kʲ
Haililooto	h ɑ i̯ l i ɫ o̝ː d̥ o̞
Haililooto	h ɑ i̯ lʲ ĭ ɫ oː t ŏ̞̥
Herra	h e̞ rː
Herra	h e̞ rː ɑ
Hirvihavvat	h i r ʋ i ɣ̥ ɑ ʋː ɑ d̥
Hirvihavvat	h i r ʋ ĭ h ɑ ʋː ə d
Hospodi	h o̞ s̠ p ŏ̞ dʲ
Hospodi	h o̞ ʃ p o̞ d̥ i
Ignatta	i ɡ n ə tː
Ignatta	i ɡ̊ n ɑ tː ɑ
Iilia	iː l i ɑ
Iilia	iː lʲ e̞
Iiliä	iː l i æ
Iiliä	iː lʲ e̞
India	i n d e̞
India	i n t i ɑ
Indokitaja	i n d ŏ̞ k i t ɑ i̯
Indokitaja	i n d̥ o̞ ɡ̊ i tˑ ɑː j ɑ
Inkeri	i ŋ k e̞ r i
Inkeri	i ŋ k e̞ rʲ
Iriska	i r iˑ s̠ k
Iriska	i r iˑ ʃ k ɑ
Iro	i r o̞ˑ
Iro	i r o̞ˑ iˑ
Issakka	i s̠ː ə kː
Issakka	i ʃː ɑ kː ɑ
Ivana	i ʋ ɑˑ n
Ivana	i ʋˑ ɑː n ɑ
Ivanovo	i ʋ ɑˑ n o̞ ʋ o̞ˑ
Ivo	i ʋ o̞ i̯
Ivo	i ʋ o̞ˑ
Jaakko	j ɑː kː o̞ i̯
Jaakko	j ɑː kː ŏ̞̥
Jaama	j ɑː m
Jaama	j ɑː m ɑ
Jaani	j ɑː n i
Jaani	j ɑː nʲ
Japoni	j ɑ p o̞ˑ nʲ
Japoni	j ɑ pˑ o̝ː n i
Jauza	j ɑ uˑ z̠
Jauza	j ɑ uˑ ʒ̥ ɑ
Jeesus	j eː s̠ ŭ z̠
Jeesus	j e̝ː ʒ̥ u ʒ̥
Jefima	j e̞ f iˑ m
Jefima	j e̞ fˑ iː m ɑ
Jekima	j e̞ k iˑ m
Jekima	j e̞ kˑ iː m ɑ
Jelena	j e̞ lʲ e̞ˑ n
Jelena	j e̞ lˑ e̝ː n ɑ
Jelissee	j e̞ lʲ iˑ s̠ː e̞
Jelissee	j e̞ lʲ iˑ ʃː e̝ː
Jeppifana	j e̞ pː i f ɑ n ɑˑ
Jeppifana	j e̞ pː ĭ f ɑ n ɑˑ
Joenperä	j o̞ e̞ˑ m b̥ e̞ r æˑ
Joenperä	j o̞ e̞ˑ m p e̞ r æˑ
Johorka	j o̞ h o̞ˑ r k
Johorka	j o̞ ɣ̥ o̞ˑ r ɡ̊ ɑ
Joko	j o̞ k o̞ˑ
Joko	j o̞ ɡ̊ o̞ i̯
Joulu	j o̞ u̯ ɫ u
Joulu	j o̞ u̯ ɫ ŭ̥
Joulunpäivä	j o̞ u̯ ɫ u m p æ i̯ ʋ æ
Joulunpäivä	j o̞ u̯ ɫ ŭ m p æ i̯ ʋ
Jumala	j u m ɑˑ ɫ
Jumala	j u mˑ ɑː ɫ ɑ
Jyri	j y r iˑ
Jyrki	j y r kʲ
Jyrki	j y r ɡ̊ i
Kaarasta	k ɑː r ɑ ʃ t ɑ
Kaarasta	k ɑː r ə s̠ t
Kalina	k ɑ lʲ iˑ n
Kalina	k ɑ lˑ iː n ɑ
Kalinin	k ɑ l iˑ n i n
Kalinin	k ɑ lʲ iˑ n ĭ n
Kanada	k ɑ n ɑˑ d
Kanada	k ɑ nˑ ɑː d̥ ɑ
Karjala	k ɑ r j ɑ ɫ ɑ
Karjala	k ɑ r j ə ɫ
Karppa	k ɑ r pː
Karppa	k ɑ r pː ɑ
Katja	k ɑ d̥ʲ ɑˑ
Katja	k ɑ tʲ ɑˑ
Keesus	k eː s̠ ŭ z̠
Keesus	k e̝ː ʒ̥ u ʒ̥
Kevätmiikkula	k e̞ ʋ æˑ d m iː kː u ɫ ɑ
Kevätmiikkula	k e̞ ʋ æˑ d m iː kː ŭ ɫ
Kiko	k i k o̞ˑ
Kiko	k i ɡ̊ o̞ˑ iˑ
Kikoria	k i k o̞ˑ r i ɑˑ
Kikoria	k i ɡ̊ o̞ˑ r i ɑˑ
Kingisepp	k i ŋ ɡ ə s̠ e̞ pʲː
Kingisepp	k i ŋ ɡ̊ i ʒ̥ e̞ pː
Kirila	k i r iˑ ɫ
Kirila	k i rˑ iː ɫ ɑ
Kirjo	k i r j o̞ i̯
Kirjo	k i r j ŏ̞̥
Kirkonmäki	k i r k ŏ̞ m m æ k iˑ
Kirkonmäki	k i r ɡ̊ o̞ m m æ ɡ̊ iˑ
Kirkonnenä	k i r k ŏ̞ n n e̞ n æˑ
Kirkonnenä	k i r ɡ̊ o̞ n n e̞ n æˑ
Kitaja	k i t ɑ i̯
Kitaja	k i tˑ ɑː j ɑ
Kiukaansaari	k i u̯ k ɑ n s̠ ɑː rʲ
Kiukaansaari	k i u̯ k ɑː n ʃ ɑː r i
Kokkasaari	k o̞ kː ɑ ʃ ɑː r i
Kokkasaari	k o̞ kː ə s̠ ɑː rʲ
Kolja	k o̞ lʲ ɑˑ
Kolkanpää	k o̞ ɫ k ə m p æː
Kolkanpää	k o̞ ɫ ɡ̊ ɑ m p æː
Korkiasaari	k o̞ r k e̞ s̠ ɑː rʲ
Korkiasaari	k o̞ r k i ɑ ʃ ɑː r i
Korpiniitty	k o̞ r b̥ i n iː tː y
Korpiniitty	k o̞ r p ĭ n iː tʲː y̥̆
Koskina	k o̞ s̠ k ĭ n
Koskina	k o̞ ʃ k i n ɑ
Koskisenkylä	k o̞ s̠ k ĭ s̠ e̞ ŋ k y lʲ æˑ
Koskisenkylä	k o̞ ʃ k i ʒ̥ e̞ ŋ ɡ̊ y l æˑ
Koskiset	k o̞ s̠ k ĭ s̠ e̞ d
Koskiset	k o̞ ʃ k i ʃ t
Koskiset	k o̞ ʃ k i ʒ̥ e̞ d̥
Kristafora	k r i s̠ t ə f o̞ r ɑˑ
Kristafora	k r i ʃ t ɑ f o̞ r ɑˑ
Kristus	k r i s̠ t ŭ z̠
Kristus	k r i ʃ t u ʒ̥
Krontsi	k r o̞ n t͡s i
Krontsi	k r o̞ n t͡s̠ʲ
Kurenmäki	k u r e̞ˑ m m æ k iˑ
Kurenmäki	k u r e̞ˑ m m æ ɡ̊ iˑ
Kurkola	k u r k o̞ i̯ ɫ ɑ
Kurkola	k u r k ŏ̞ ɫ
Kärenki	k æ r e̞ˑ ŋ kʲ
Kärenki	k æ r e̞ˑ ŋ ɡ̊ i
Laari	ɫ ɑː r i
Laari	ɫ ɑː rʲ
Laazari	ɫ ɑː z̠ ə rʲ
Laazari	ɫ ɑː ʒ̥ ɑ r i
Lari	ɫ ɑ r iˑ
Latvia	ɫ ɑ d ʋ e̞
Latvia	ɫ ɑ d̥ ʋ i ɑ
Laukaa	ɫ ɑ u̯ k ɑ
Laukaa	ɫ ɑ u̯ k ɑː
Laukaansuu	ɫ ɑ u̯ k ɑ n s̠ uː
Laukaansuu	ɫ ɑ u̯ k ɑ ɣ̥ ɑ n ʃ uː
Laukko	ɫ ɑ u̯ kː o̞ i̯
Laukko	ɫ ɑ u̯ kː ŏ̞̥
Lauri	ɫ ɑ u̯ r i
Lauri	ɫ ɑ u̯ rʲ
Lavvas	ɫ ɑ ʋː ɑ ʒ̥
Lavvas	ɫ ɑ ʋː ə z̠
Lavvassaari	ɫ ɑ ʋː ɑ ʃ ʃ ɑː r i
Lavvassaari	ɫ ɑ ʋː ə s̠ s̠ ɑː rʲ
Leningrad	l e̞ n iˑ ŋ ɡ̊ r ɑ d̥
Leningrad	lʲ e̞ n iˑ ŋ ɡ r ə d
Lenoblono	l e̞ n o̞ˑ b ɫ o̞ n o̞ˑ
Lenoblono	lʲ e̞ n o̞ˑ b ɫ o̞ n o̞ˑ
Levo	l e̞ ʋ o̞ˑ iˑ
Levo	lʲ e̞ ʋ o̞ˑ
Litva	lʲ i d ʋ
Litva	lʲ i d̥ ʋ ɑ
Liukupäivä	lʲ i u̯ k ŭ p æ i̯ ʋ
Liukupäivä	lʲ i u̯ ɡ̊ u p æ i̯ ʋ æ
Looja	ɫ oː j
Looja	ɫ o̝ː j ɑ
Loukkula	ɫ o̞ u̯ kː u ɫ ɑ
Loukkula	ɫ o̞ u̯ kː ŭ ɫ
Maahenkeys	m ɑː h e̞ ŋ k e̞ y̯ z̠
Maahenkeys	m ɑː ɣ̥ e̞ ŋ k e̞ y̯ ʒ̥
Maaria	m ɑː r e̞
Maaria	m ɑː r i ɑ
Maarianpyhä	m ɑː r e̞ m p y h æˑ
Maarianpyhä	m ɑː r i ɑ m b̥ y ɣ̥ æˑ
Maarianpäivä	m ɑː r e̞ m p æ i̯ ʋ
Maarianpäivä	m ɑː r i ɑ m p æ i̯ ʋ æ
Maaro	m ɑː r o̞ i̯
Maaro	m ɑː r ŏ̞̥
Madagaskara	m ɑ d ɑˑ ɡ ɑ s̠ k ə r
Madagaskara	m ɑ d̥ ɑˑ ɡ̊ ɑ ʃ k ɑ r ɑ
Maipraaznikka	m ɑ i̯ b̥ r ɑː ʒ̥ n i kː ɑ
Maipraaznikka	m ɑ i̯ p r ɑː z̠ n ĭ kː
Makara	m ɑ k ɑˑ r
Makara	m ɑ kˑ ɑː r ɑ
Maksima	m ɑ k s̠ ĭ m
Maksima	m ɑ k ʃ i m ɑ
Malenia	m ɑ ɫ e̞ˑ n i ɑˑ
Mancžjuria	m ɑ n t͡ʃ ɕ u r i ɑˑ
Mancžjuria	m ɑ n t͡ʃ ʑ ŭ r i ɑˑ
Manja	m ɑ ɲ ɑˑ
Marfa	m ɑ r f
Marfa	m ɑ r f ɑ
Markko	m ɑ r kː o̞ i̯
Markko	m ɑ r kː ŏ̞̥
Maslitsa	m ɑ z̠ lʲ ĭ t͡s̠
Maslitsa	m ɑ ʒ̥ l i t͡s ɑ
Merensuu	m e̞ r e̞ˑ n s̠ uː
Merensuu	m e̞ r e̞ˑ n ʃ uː
Metsäkylä	m e̞ t͡s æ ɡ̊ y l æˑ
Metsäkylä	m e̞ t͡s̠ ə k y lʲ æˑ
Mihalka	m i h ɑˑ ɫ k
Mihalka	m i ɣ̥ ɑˑ ɫ ɡ̊ ɑ
Miikkula	m iː kː u ɫ ɑ
Miikkula	m iː kː ŭ ɫ
Miikkulanaatto	m iː kː u ɫ ɑ n ɑː tː o̞
Miikkulanaatto	m iː kː ŭ ɫ ɑ n ɑː tː ŏ̞̥
Mikkeli	m i kː e̞ lʲ
Mikkeli	m i kː e̞ lʲ i
Moskova	m o̞ s̠ k ŏ̞ ʋ
Moskova	m o̞ ʃ k o̞ ʋ ɑ
Mulipää	m u l iˑ p æː
Mulipää	m u lʲ iˑ p æː
Mussikki	m u s̠ː ĭ kʲː
Mussikki	m u ʃː i kː i
Musto	m u s̠ t ŏ̞̥
Musto	m u ʃ t o̞ i̯
Muti	m u d̥ iˑ
Muti	m u tʲ iˑ
Mäkkylä	m æ kː y l æ
Mäkkylä	m æ kː y̆ lʲ
Mättyisi	m æ tʲː y̆ s̠ʲ
Mättyisi	m æ tː y i̯ ʒ̥ i
Naasto	n ɑː s̠ t ŏ̞̥
Naasto	n ɑː ʃ t o̞ i̯
Narva	n ɑ r ʋ
Narva	n ɑ r ʋ ɑ
Nastasja	n ɑ s̠ t ə z̠ i
Nastasja	n ɑ ʃ t ɑ ʒ̥ j ɑ
Nasto	n ɑ s̠ t ŏ̞̥
Nasto	n ɑ ʃ t o̞
Neito	n e̞ i̯ d̥ o̞ i̯
Neito	n e̞ i̯ t ŏ̞̥
Niderland	n i d e̞ˑ r ɫ ə n d
Niderland	n i d̥ e̞ˑ r ɫ ɑ n d̥
Norvegia	n o̞ r ʋ e̞ k i ɑˑ
Norvegia	n o̞ r ʋ ə ɡ i ɑˑ
Nurmisaari	n u r m i ʃ ɑː r i
Nurmisaari	n u r m ĭ s̠ ɑː rʲ
Nurmisto	n u r m i ʃ t o̞
Nurmisto	n u r m ə s̠ t ŏ̞̥
Ogaška	o̞ ɡ ɑˑ ʃ k
Ogaška	o̞ ɡ̊ ɑˑ ʃ k ɑ
Ohvana	o̞ h ʋ ə n
Ohvana	o̞ ɣ̥ ʋ ɑ n ɑ
Okkuli	o̞ kː u l i
Okkuli	o̞ kː ŭ lʲ
Oko	o̞ k o̞ˑ
Oko	o̞ ɡ̊ o̞ˑ iˑ
Oleksa	o̞ ɫ e̞ˑ k s̠
Oleksa	o̞ ɫ e̞ˑ k ʃ ɑ
Oleksandra	o̞ ɫ e̞ˑ k s̠ ə n d r
Oleksandra	o̞ ɫ e̞ˑ k ʃ ɑ n d̥ r ɑ
Olena	o̞ ɫ e̞ˑ n
Olena	o̞ ɫˑ e̝ː n ɑ
Oljga	o̞ lʲ ɡ
Oljga	o̞ lʲ ɡ̊ ɑ
Olo	o̞ ɫ o̞ˑ
Olo	o̞ ɫ o̞ˑ iˑ
Onissima	o̞ n iˑ s̠ s̠ i m ɑˑ
Onissima	o̞ n iˑ ʃ ʃ i m ɑˑ
Orko	o̞ r k ŏ̞̥
Orko	o̞ r ɡ̊ o̞
Otava	o̞ t ɑˑ ʋ
Otava	o̞ tˑ ɑː ʋ ɑ
Oto	o̞ d̥ o̞ˑ iˑ
Oto	o̞ t o̞ˑʲ
Palokas	p ɑ ɫ o̞ˑ k ə z̠
Palokas	p ɑ ɫ o̞ˑ ɡ̊ ɑ ʒ̥
Paraska	p ɑ r ɑˑ s̠ k
Paraska	p ɑ r ɑˑ ʃ k ɑ
Paro	p ɑ r o̞ˑ
Paro	p ɑ r o̞ˑ iˑ
Pedro	p e̞ d r ŏ̞̥
Pedro	p e̞ d̥ r o̞
Pedronaatto	p e̞ d r o̞ n ɑː tː ŏ̞̥
Pedronaatto	p e̞ d̥ r o̞ n ɑː tː o̞
Pehkosaari	p e̞ x k o̞ ʃ ɑː r i
Pehkosaari	p e̞ x k ŏ̞ s̠ ɑː rʲ
Pellervo	p e̞ lʲː ə r ʋ ŏ̞̥
Pellervo	p e̞ lː e̞ r ʋ o̞ i̯
Peninsaari	p e̞ n iˑ n s̠ ɑː rʲ
Peninsaari	p e̞ n iˑ n ʃ ɑː r i
Perkele	p e̞ r k e̞ l e̞
Perkele	p e̞ r k e̞ lʲ
Peto	p e̞ d̥ o̞ˑ iˑ
Peto	p e̞ t o̞ˑ
Petteri	p e̞ tː e̞ r i
Petteri	p e̞ tː e̞ rʲ
Pihkava	p i x k ɑ ʋ ɑ
Pihkava	p i x k ə ʋ
Pikki	p i kʲː
Pikki	p i kː i
Pitkänenä	p i t k æ n e̞ n æˑ
Pitkänenä	p i t k ə n e̞ n æˑ
Platona	p ɫ ɑ t o̞ˑ n
Platona	p ɫ ɑ tˑ o̝ː n ɑ
Pokrova	p o̞ k r o̞ ʋ ɑ
Pokrova	p o̞ k r ŏ̞ ʋ
Polja	p o̞ lʲ ɑˑ
Poljša	p o̞ lʲ ʃ
Poljša	p o̞ lʲ ʒ̥ ɑ
Pskoova	p s̠ k oː ʋ
Pskoova	p ʃ k o̝ː ʋ ɑ
Punamaaria	p u n ɑˑ m ɑː r e̞
Punamaaria	p u n ɑˑ m ɑː r i ɑ
Puni	p u n iˑ
Pyhäväli	p y h æˑ ʋ æ lʲ iˑ
Pyhäväli	p y ɣ̥ æˑ ʋ æ lʲ iˑ
Pärspää	p æ r s̠ p æː
Pärspää	p æ r ʃ p æː
Pärttyli	p æ r tʲː y̆ lʲ
Pärttyli	p æ r tː y lʲ i
Pääsiä	p æː s̠ e̞
Pääsiä	p æː ʃ i æ
Pääsiäin	p æː s̠ i ə i̯ n
Pääsiäin	p æː ʒ̥ i æ i̯ n
Pääsiänaatto	p æː s̠ e̞ n ɑː tː ŏ̞̥
Pääsiänaatto	p æː ʃ i æ n ɑː tː o̞
Pääsiänpaasto	p æː s̠ e̞ m p ɑː s̠ t ŏ̞̥
Pääsiänpaasto	p æː ʃ i æ m p ɑː ʃ t o̞
Raamattu	r ɑː m ɑ tː u
Raamattu	r ɑː m ə tː ŭ̥
Rantamäki	r ɑ n d̥ ɑ m æ ɡ̊ iˑ
Rantamäki	r ɑ n t ə m æ k iˑ
Rantaniitty	r ɑ n d̥ ɑ n iː tː y
Rantaniitty	r ɑ n t ə n iː tʲː y̥̆
Rantapiusta	r ɑ n d̥ ɑ p i u̯ ʃ t ɑ
Rantapiusta	r ɑ n t ə p i u̯ s̠ t
Rantave	r ɑ n d̥ ɑ ʋ e̞
Rantave	r ɑ n t ə ʋ
Reimisaari	r e̞ i̯ m i ʃ ɑː r i
Reimisaari	r e̞ i̯ m ə s̠ ɑ rʲ
Repola	r e̞ p o̞ˑ ɫ
Repola	r e̞ pˑ o̞ i̯ ɫ ɑ
Rohosaari	r o̞ h o̞ˑ s̠ ɑː rʲ
Rohosaari	r o̞ ɣ̥ o̞ˑ ʃ ɑː r i
Rootsi	r oː t͡s̠ʲ
Rootsi	r o̝ː t͡s i
Rusko	r u s̠ k ŏ̞̥
Rusko	r u ʃ k o̞ i̯
Ruutsia	r uː t͡s i ɑ
Ruutsia	r uː t͡s̠ e̞
Röllölä	r ø̞ lʲː ø̞̆ lʲ
Röllölä	r ø̞ lː ø̞ l æ
Saarave	s̠ ɑː r ə ʋ
Saarave	ʃ ɑː r ɑ ʋ e̞
Saarenmaa	s̠ ɑː r ə m m ɑː
Saarenmaa	ʃ ɑː r e̞ m m ɑː
Saarenmeri	s̠ ɑː r ə m m e̞ r iˑ
Saarenmeri	ʃ ɑː r e̞ m m e̞ r iˑ
Saari	s̠ ɑː rʲ
Saari	ʃ ɑː r i
Saarove	s̠ ɑː r ŏ̞ ʋ
Saarove	ʃ ɑː r o̞ ʋ e̞
Saatana	s̠ ɑː t ə n
Saatana	ʃ ɑː t ɑ n ɑ
Saira	s̠ ɑ i̯ r
Saira	ʃ ɑ i̯ r ɑ
Saksa	s̠ ɑ k s̠
Saksa	ʃ ɑ k ʃ ɑ
Savasti	s̠ ɑ ʋ ɑˑ s̠ tʲ
Savasti	ʃ ɑ ʋ ɑˑ ʃ t i
Seitsekaarto	s̠ e̞ i̯ t͡s̠ ə k ɑː r t ŏ̞̥
Seitsekaarto	ʃ e̞ i̯ t͡s e̞ k ɑː r d̥ o̞
Semena	s̠ e̞ m e̞ˑ n
Semena	ʃ e̞ mˑ e̝ː n ɑ
Semo	s̠ e̞ m o̞ˑ
Semo	ʃ e̞ m o̞ˑ iˑ
Siberi	s̠ i b e̞ˑ rʲ
Siberi	ʃ i pˑ e̝ː r i
Siiteri	s̠ iː t e̞ rʲ
Siiteri	ʃ iː t e̞ r i
Sofja	s̠ o̞ f i
Sofja	ʃ o̞ f j ɑ
Soikkola	s̠ o̞ i̯ kː ŏ̞ ɫ
Soikkola	ʃ o̞ i̯ kː o̞ ɫ ɑ
Soomi	s̠ oː mʲ
Soomi	ʃ o̝ː m i
Stepana	s̠ t e̞ p ɑˑ n
Stepana	ʃ t e̞ pˑ ɑː n ɑ
Stepo	s̠ t e̞ p o̞ˑ
Stepo	ʃ t e̞ b̥ o̞ˑ iˑ
Suomi	s̠ u o̞ˑ mʲ
Suomi	ʃ u o̞ˑ m i
Susana	s̠ u s̠ ɑˑ n
Susana	ʃ u ʃˑ ɑː n ɑ
Suurpyhä	s̠ uː r p y h æˑ
Suurpyhä	ʃ uː r b̥ y ɣ̥ æˑ
Suursaari	s̠ uː r s̠ ɑː rʲ
Suursaari	ʃ uː r ʃ ɑː r i
Svanetia	s̠ ʋ ɑ n e̞ˑ tʲ i ɑˑ
Svanetia	ʃ ʋ ɑ n e̞ˑ t i ɑˑ
Sämpsä	s̠ æ m p s̠
Sämpsä	ʃ æ m p ʃ æ
Sämpsänä	s̠ æ m p s̠ ə n
Sämpsänä	ʃ æ m p ʃ æ n æ
Tammikontu	t ɑ mː i ɡ̊ o̞ n d̥ u
Tammikontu	t ɑ mː ĭ k o̞ n t ŭ̥
Tanja	t ɑ ɲ ɑˑ
Tarassu	t ɑ r ɑˑ s̠ː ŭ̥
Tarassu	t ɑ r ɑˑ ʃː u
Tarinaisi	t ɑ r iˑ n ɑ i̯ ʒ̥ i
Tarinaisi	t ɑ r iˑ n ə s̠ʲ
Timo	t i m o̞ˑ iˑ
Timo	tʲ i m o̞ˑ
Titova	t i tˑ o̝ː ʋ ɑ
Titova	tʲ i t o̞ˑ ʋ
Troitsa	t r o̞ i̯ t͡s ɑ
Troitsa	t r o̞ i̯ t͡s̠
Tropo	t r o̞ b̥ o̞ˑ iˑ
Tropo	t r o̞ p o̞ˑ
Tyttersaari	t y tː e̞ r ʃ ɑː r i
Tyttersaari	tʲ y tː ə r s̠ ɑː rʲ
Tähti	t æ h t i
Tähti	t æ h tʲ
Tähtirata	t æ h t i r ɑ d̥ ɑˑ
Tähtirata	t æ h tʲ ĭ r ɑ t ɑˑ
Tönttölä	t ø̞ n tː ø̞ l æ
Tönttölä	t ø̞ n tː ø̞̆ lʲ
Törö	t ø̞ r ø̞ˑ
Ukonlooto	u k o̞ˑ n ɫ oː t ŏ̞̥
Ukonlooto	u ɡ̊ o̞ˑ n ɫ o̝ː d̥ o̞
Ukraina	u ɡ r ə i̯ n
Ukraina	u ɡ̊ r ɑ i̯ n ɑ
Uljana	u lʲ j ɑ n ɑ
Uljana	u lʲː ə n
Ural	u r ɑˑ ɫ
Urpipäivä	u r b̥ i p æ i̯ ʋ æ
Urpipäivä	u r p ĭ p æ i̯ ʋ
Uusjoulu	uː z̠ j o̞ u̯ ɫ ŭ̥
Uusjoulu	uː ʒ j o̞ u̯ ɫ u
Valja	ʋ ɑ lʲ ɑˑ
Vanhajoulu	ʋ ɑ n ɑˑ j o̞ u̯ ɫ ŭ̥
Vanhajoulu	ʋ ɑ n ɣ̥ ɑ j o̞ u̯ ɫ u
Varju	ʋ ɑ rʲ uˑ
Varla	ʋ ɑ r ɫ
Varla	ʋ ɑ r ɫ ɑ
Vartta	ʋ ɑ r tː
Vartta	ʋ ɑ r tː ɑ
Varvana	ʋ ɑ r ʋ ɑ n ɑ
Varvana	ʋ ɑ r ʋ ə n
Vasja	ʋ ɑ s̠ʲ ɑˑ
Vasja	ʋ ɑ ʒ̥ʲ ɑˑ
Vassu	ʋ ɑ s̠ː ŭ̥
Vassu	ʋ ɑ ʃː u
Vašington	ʋ ɑ ʃ iˑ ŋ ɡ t ŏ̞ n
Vašington	ʋ ɑ ʒ̥ iˑ ŋ k t o̞ n
Veera	ʋ eː r
Veera	ʋ e̝ː r ɑ
Vehkasoo	ʋ e̞ x k ɑ ʃ o̝ː
Vehkasoo	ʋ e̞ x k ə s̠ oː
Venät	ʋ e̞ n æˑ d
Venät	ʋ e̞ n æˑ d̥
Vera	ʋ e̞ r ɑˑ
Verba	ʋ e̞ r b
Verba	ʋ e̞ r b̥ ɑ
Veserista	ʋ e̞ s̠ e̞ˑ r ĭ s̠ t
Veserista	ʋ e̞ ʒ̥ e̞ˑ r i ʃ t ɑ
Viipuri	ʋ iː p u r i
Viipuri	ʋ iː p ŭ rʲ
Viiseniä	ʋ iː s̠ e̞ ɲː
Viiseniä	ʋ iː ʒ̥ e̞ n i æˑ
Viiseniä	ʋ iː ʒ̥ e̞ n j æ
Viiseniäpäivä	ʋ iː s̠ ə ɲː æ p æ i̯ ʋ
Viiseniäpäivä	ʋ iː ʒ̥ e̞ n i æˑ p æ i̯ ʋ æ
Viiseniäpäivä	ʋ iː ʒ̥ e̞ n j æ p æ i̯ ʋ æ
Viistikolkka	ʋ iː s̠ tʲ ĭ k o̞ ɫ kː
Viistikolkka	ʋ iː ʃ t i ɡ̊ o̞ ɫ kː ɑ
Viistina	ʋ iː s̠ tʲ ĭ n
Viistina	ʋ iː ʃ t i n ɑ
Viljam	ʋ i lʲ j ɑ m
Viljam	ʋ i lʲː ə m
Vöglä	ʋ ø̞ ɡ lʲ
Vöglä	ʋ ø̞ ɡ̊ l æ
Vökö	ʋ ø̞ k ø̞ˑ
Vökö	ʋ ø̞ ɡ̊ ø̞ i̯
aada	ɑː d
aada	ɑː d̥ ɑ
aaloi	ɑː ɫ o̞ i̯
aaloi	ɑː ɫ ŏ̞̥
aampuussen	ɑː m p u s̠ː e̞ n
aampuussen	ɑː m p uː ʃː e̞ n
aamu	ɑː m u
aamu	ɑː m ŭ̥
aamuiseel	ɑː m u i̯ ʒ̥ e̝ː l
aamuiseel	ɑː m ŭ i̯ s̠ e̞ ɫː
aanua	ɑː n o̞
aanua	ɑː n u ɑ
aanua	ɑː nː u ɑ
aarnitsa	ɑː r n i t͡s ɑ
aarnitsa	ɑː r n ĭ t͡s̠
aastaika	ɑː s̠ t ə k
aastaika	ɑː ʃ t ɑ i̯ ɡ̊ ɑ
aatto	ɑː tː o̞
aatto	ɑː tː ŏ̞̥
aattonna	ɑː tː o̝ː n
aattonna	ɑː tː ŏ̞ nː
aattua	ɑː tː o̞
aattua	ɑː tː u ɑ
aatuttaa	ɑː d̥ u tː ɑː
aatuttaa	ɑː t ə tː ɑ
aazbukki	ɑː z̠ b ŭ kʲː
aazbukki	ɑː ʃ p u kː i
abessiva	ɑ b e̞ˑ s̠ s̠ i ʋ ɑˑ
abessiva	ɑ b̥ e̞ˑ ʃ ʃ i ʋ ɑˑ
ablativa	ɑ b ɫ ə tʲ i ʋ ɑˑ
ablativa	ɑ b̥ ɫ ɑ d̥ i ʋ ɑˑ
ackat	ɑ t͡ʃ k ɑ d̥
ackat	ɑ t͡ʃ k ə d
adessiva	ɑ d e̞ˑ s̠ s̠ i ʋ ɑˑ
adessiva	ɑ d̥ e̞ˑ ʃ ʃ i ʋ ɑˑ
adjala	ɑ d j ə ɫ
adjala	ɑ d̥ j ɑ ɫ ɑ
adjektiva	ɑ d j ə k tʲ i ʋ ɑˑ
adjektiva	ɑ d̥ j e̞ k t i ʋ ɑˑ
adra	ɑ d r
adra	ɑ d r ɑ
adra	ɑ d̥ r ɑ
adra	ɑː d r ɑ
adressi	ɑ d r e̞ s̠ʲː
adressi	ɑ d̥ r e̞ ʃː i
adria	ɑ d r e̞
adria	ɑ d̥ r i ɑ
adverba	ɑ d ʋ e̞ r b
adverba	ɑ d̥ ʋ e̞ r b̥ ɑ
aeroplana	ɑ e̞ˑ r o̞ b̥ ɫ ɑ n ɑˑ
aeroplana	ɑ e̞ˑ r o̞ p ɫ ɑ n ɑˑ
ah	ɑ h
ah	ɑ ɣ̥
ahas	ɑ h ɑˑ z̠
ahas	ɑ h ɑˑ ʒ̥
ahas	ɑ ɣ̥ ɑˑ ʒ̥
ahassos	ɑ h ɑˑ s̠ː ŏ̞ z̠
ahassos	ɑ ɣ̥ ɑˑ ʃː o̞ ʒ̥
ahava	ɑ h ɑˑ ʋ
ahava	ɑ xˑ ɑː ʋ ɑ
ahavain	ɑ h ɑˑ ʋ ə i̯ n
ahavain	ɑ ɣ̥ ɑˑ ʋ ɑ i̯ n
ahavoa	ɑ h ɑˑ ʋ o̞ j ɑˑ ɡ̊
ahavoa	ɑ h ɑˑ ʋ o̞ ɑˑ
ahavoa	ɑ ɣ̥ ɑˑ ʋ o̞ j ɑˑ
ahavoja	ɑ h ɑˑ ʋ o̞ j ɑˑ
ahavoja	ɑ ɣ̥ ɑˑ ʋ o̞ j ɑˑ
ahissos	ɑ h iˑ s̠ː ŏ̞ z̠
ahissos	ɑ ɣ̥ iˑ ʃː o̞ ʒ̥
ahistaa	ɑ h iˑ s̠ t ɑ
ahistaa	ɑ h iˑ ʃ t ɑː ɡ̊
ahistaa	ɑ ɣ̥ iˑ ʃ t ɑː
ahkera	ɑ x k e̞ r
ahkera	ɑ x k e̞ r ɑ
ahkerast	ɑ x k e̞ r ɑː ʃ t
ahkerast	ɑ x k ə r ə s̠ t
ahmastaa	ɑ h m ə s̠ t ɑ
ahmastaa	ɑ ɣ̥ m ɑ ʃ t ɑː
ahmia	ɑ h m e̞
ahmia	ɑ ɣ̥ m i ɑ
ahmo	ɑ h m ŏ̞̥
ahmo	ɑ ɣ̥ m o̞ i̯
ahnas	ɑ h n ɑ ʒ̥
ahnas	ɑ h n ə z̠
ahnas	ɑ ɣ̥ n ɑ ʒ̥
aho	ɑ h o̞ˑ
aho	ɑ ɣ̥ o̞ˑ
ahos	ɑ h o̞ˑ z̠
ahos	ɑ ɣ̥ o̞ˑ ʒ̥
ahtaa	ɑ h t ɑ
ahtaa	ɑ h t ɑː
ahtaa	ɑ h t ɑː ɡ̊
ahteri	ɑ h t e̞ r i
ahteri	ɑ h t e̞ rʲ
ahteriseili	ɑ h t e̞ r i ʃ e̞ i̯ l i
ahteriseili	ɑ h t ə r i s̠ e̞ i̯ lʲ
ahterispeili	ɑ h t e̞ r i ʃ p e̞ i̯ l i
ahterispeili	ɑ h t ə r i s̠ p e̞ i̯ lʲ
ahteritammes	ɑ h t e̞ r i d̥ ɑ mː e̞ ʒ̥
ahteritammes	ɑ h t ə r i t ɑ mː e̞ z̠
ahteritoppi	ɑ h t e̞ r i d̥ o̞ pː i
ahteritoppi	ɑ h t ə r i t o̞ pʲː
ahven	ɑ h ʋ e̞ n
ahven	ɑ ɣ̥ ʋ e̞ n
ai	ɑ i̯
aijaa	ɑ jː ɑ
aijaa	ɑ jː ɑː ɡ̊
aijaa	ɑ jˑ ɑː
aijan	ɑ i̯ j ɑ n
aijan	ɑ i̯ j ə n
aijanseiväs	ɑ i̯ j ɑ n ʃ e̞ i̯ ʋ æ ʒ̥
aijanseiväs	ɑ i̯ j ə n s̠ e̞ i̯ ʋ ə z̠
aijas	ɑ i̯ j ɑ ʒ̥
aijas	ɑ i̯ j ə z̠
aijoittaa	ɑ i̯ j o̞ i̯ tː ɑː
aijoittaa	ɑ i̯ j o̞ i̯ tː ɑː ɡ̊
aijoittaa	ɑ i̯ j ə tː ɑ
aika	ɑ i̯ k
aika	ɑ i̯ ɡ̊ ɑ
aikaa	ɑ i̯ k ɑ
aikaa	ɑ i̯ k ɑː
aikaa	ɑ i̯ k ɑː n
aikahiin	ɑ i̯ k ə h i n e̞ˑ
aikahiin	ɑ i̯ ɡ̊ ɑ h iː n
aikain	ɑ i̯ k ɑ i̯ n
aikain	ɑ i̯ k ə i̯ n
aikaisee	ɑ i̯ k ə i̯ s̠ e̞
aikaisee	ɑ i̯ ɡ̊ ɑ i̯ ʒ̥ e̝ː
aikaisemp	ɑ i̯ k ə s̠ e̞ m pʲ
aikaisemp	ɑ i̯ ɡ̊ ɑ i̯ ʒ̥ e̝ː m b̥
aikamitta	ɑ i̯ k ə m i tː
aikamitta	ɑ i̯ ɡ̊ ɑ m i tː ɑ
aikanna	ɑ i̯ k ɑː n
aikanna	ɑ i̯ k ə nː
aikkaa	ɑ i̯ kː ɑ
aikkaa	ɑ i̯ kː ɑː
aikoo	ɑ i̯ k o̝ː
aikoo	ɑ i̯ k o̞
aima	ɑ i̯ m
aima	ɑ i̯ m ɑ
aimastaa	ɑ i̯ m ɑ ʃ t ɑː
aimastaa	ɑ i̯ m ə s̠ t ɑ
ain	ɑ i̯ n
aina	ɑ i̯ n
aina	ɑ i̯ n ɑ
ainaki	ɑ i̯ n ɑ ɡ̊ i
ainaki	ɑ i̯ n ə kʲ
ainava	ɑ i̯ n ɑ ʋ ɑ
ainava	ɑ i̯ n ə ʋ
ainavo	ɑ i̯ n ɑ ʋ o̞
ainavo	ɑ i̯ n ə ʋ ŏ̞̥
aine	ɑ i̯ n
aine	ɑ i̯ n e̞
airana	ɑ i̯ r ɑ n ɑ
airana	ɑ i̯ r ə n
airo	ɑ i̯ r o̞
airo	ɑ i̯ r ŏ̞̥
aisa	ɑ i̯ s̠
aisa	ɑ i̯ ʒ̥ ɑ
aisakello	ɑ i̯ s̠ ə k e̞ ɫː ŏ̞̥
aisakello	ɑ i̯ ʒ̥ ɑ ɡ̊ e̞ ɫː o̞
aisanahkain	ɑ i̯ s̠ ə n ɑ x k ə i̯ n
aisanahkain	ɑ i̯ ʒ̥ ɑ n ɑ x k ɑ i̯ n
aisannahka	ɑ i̯ s̠ ə n n ɑ x k
aisannahka	ɑ i̯ ʒ̥ ɑ n n ɑ x k ɑ
aisannahkain	ɑ i̯ s̠ ə n n ɑ x k ə i̯ n
aisannahkain	ɑ i̯ ʒ̥ ɑ n n ɑ x k ɑ i̯ n
aisarauta	ɑ i̯ s̠ ə r ɑ u̯ t
aisarauta	ɑ i̯ ʒ̥ ɑ r ɑ u̯ d̥ ɑ
aista	ɑ iˑ s̠ t
aista	ɑ iˑ ʃ t ɑ
aita	ɑ i̯ d̥ ɑ
aita	ɑ i̯ t
aitavitsa	ɑ i̯ d̥ ɑ ʋ i t͡s ɑ
aitavitsa	ɑ i̯ t ə ʋ i t͡s̠
aitta	ɑ i̯ tː
aitta	ɑ i̯ tː ɑ
aiva	ɑ i̯ ʋ
aiva	ɑ i̯ ʋ ɑ
aivan	ɑ i̯ ʋ ɑ n
aivan	ɑ i̯ ʋ ə n
aivas	ɑ i̯ ʋ ɑ ʒ̥
aivas	ɑ i̯ ʋ ə z̠
aivassella	ɑ i̯ ʋ ɑ ʃ ʃ e̞ ɫː ɑ
aivassella	ɑ i̯ ʋ ə s̠ s̠ e̞ ɫː
aivassus	ɑ i̯ ʋ ɑ ʃː u ʒ̥
aivassus	ɑ i̯ ʋ ə s̠ː ŭ z̠
aivassuttaa	ɑ i̯ ʋ ɑ ʃ ʃ u tː ɑː
aivassuttaa	ɑ i̯ ʋ ə s̠ s̠ u tː ɑ
aivastaa	ɑ i̯ ʋ ɑ ʃ t ɑː
aivastaa	ɑ i̯ ʋ ə s̠ t ɑ
aivastaissa	ɑ i̯ ʋ ɑ ʃ t ɑ i̯ ʃː ɑ
aivastaissa	ɑ i̯ ʋ ə s̠ t ə i̯ s̠ː
aivina	ɑ i̯ ʋ i n ɑ
aivina	ɑ i̯ ʋ ĭ n
aivinain	ɑ i̯ ʋ i n ɑ i̯ n
aivinain	ɑ i̯ ʋ ĭ n ə i̯ n
aivo	ɑ i̯ ʋ o̞
aivo	ɑ i̯ ʋ ŏ̞̥
aivon	ɑ i̯ ʋ o̞ i̯ n
aivon	ɑ i̯ ʋ ŏ̞ n
aivot	ɑ i̯ ʋ o̞ d̥
aivot	ɑ i̯ ʋ ŏ̞ d
ajaja	ɑ j ɑ i̯
ajaja	ɑ j ɑˑ j ɑ
ajama	ɑ j ɑˑ m
ajama	ɑ jˑ ɑː m ɑ
ajan	ɑ j ɑˑ n
ajanveetto	ɑ j ɑˑ n ʋ eː tː ŏ̞̥
ajanveetto	ɑ j ɑˑ n ʋ e̝ː tː o̞
ajatella	ɑ j ɑˑ d̥ e̞ ɫː ɑ
ajatella	ɑ j ɑˑ t e̞ ɫː
ajatos	ɑ j ɑˑ d̥ o̞ ʒ̥
ajatos	ɑ j ɑˑ t ŏ̞ z̠
ajattaa	ɑ j ɑˑ tː ɑ
ajattaa	ɑ j ɑˑ tː ɑː
ajella	ɑ j e̞ˑ ɫː
ajella	ɑ j e̞ˑ ɫː ɑ
ajella	ɑ j e̞ˑ ɫː ɑ ɡ̊
ajo	ɑ j o̞ˑ
ajotee	ɑ j o̞ˑ t eː
ajotee	ɑ j o̞ˑ t e̝ː
ak	ɑ k
ak	ɑ ɡ̊
akana	ɑ k ɑˑ n
akana	ɑ kː ɑː n ɑ
akana	ɑ kˑ ɑː n ɑ
akanpala	ɑ k ɑˑ m p ɑ ɫ ɑˑ
akanpala	ɑ ɡ̊ ɑˑ m b̥ ɑ ɫ ɑˑ
akatsia	ɑ k ɑˑ t͡s̠ i ɑˑ
akatsia	ɑ ɡ̊ ɑˑ t͡s i ɑˑ
akka	ɑ kː
akka	ɑ kː ɑ
akko	ɑ kː o̞
akko	ɑ kː ŏ̞̥
akkuna	ɑ kː u n ɑ
akkuna	ɑ kː ŭ n
akkusativa	ɑ kː u ʒ̥ ɑ d̥ iˑ ʋ ɑ
akkusativa	ɑ kː ŭ s̠ ɑ tʲ iˑ ʋ
aktinidia	ɑ k t i n i tˑ i ɑ
aktinidia	ɑ k tʲ ĭ n i dː e̞
akula	ɑ k uˑ ɫ
akula	ɑ kˑ uː ɫ ɑ
al	ɑ ɫ
al	ɑ ɫː
alahuuli	ɑ ɫ ɑˑ h uː l i
alahuuli	ɑ ɫ ɑˑ h uː lʲ
alain	ɑ ɫ ɑ i̯ n
alain	ɑ ɫː ɑ i̯ n
alain	ɑ ɫˑ ɑ i̯ n
alaisin	ɑ ɫ ɑ i̯ s̠ ĭ n
alaisin	ɑ ɫˑ ɑ i̯ ʒ̥ i n
alaitse	ɑ ɫ ɑ i̯ t͡s e̞
alaitse	ɑ ɫ ɑˑ j t͡s̠
alakeeli	ɑ l ɑˑ k e̝ː lʲ i
alakeeli	ɑ lʲ ɑˑ k eː lʲ
alakuloin	ɑ ɫ ɑˑ k u ɫ o̞ i̯ n
alakuloin	ɑ ɫ ɑˑ ɡ̊ u ɫˑ o̞ i̯ n
alameri	ɑ ɫ ɑˑ m e̞ r iˑ
alanikko	ɑ ɫ ɑˑ n i kː o̞
alanikko	ɑ ɫ ɑˑ n i kː ŏ̞̥
alanko	ɑ ɫ ɑˑ ŋ k ŏ̞̥
alanko	ɑ ɫ ɑˑ ŋ ɡ̊ o̞ i̯
alanne	ɑ ɫ ɑˑ nː
alanne	ɑ ɫ ɑˑ nː e̞
alaosa	ɑ ɫ ɑˑ o̞ s̠ ɑˑ
alaosa	ɑ ɫ ɑˑ o̞ ʒ̥ ɑˑ
alapooli	ɑ ɫ ɑˑ p oː lʲ
alapooli	ɑ ɫ ɑˑ p o̝ː l i
alas	ɑ ɫ ɑˑ z̠
alas	ɑ ɫ ɑˑ ʒ̥
alaselys	ɑ ɫ ɑˑ s̠ e̞ lʲ yˑ z̠
alaselys	ɑ ɫ ɑˑ ʒ̥ e̞ l yˑ ʒ̥
alasokka	ɑ ɫ ɑˑ s̠ o̞ kː
alasokka	ɑ ɫ ɑˑ ʒ̥ o̞ kː ɑ
alaspäin	ɑ ɫ ɑˑ s̠ p æ i̯
alaspäin	ɑ ɫ ɑˑ ʃ p æ i̯ n
alassi	ɑ ɫ ɑˑ s̠ʲː
alassi	ɑ ɫ ɑˑ ʃː i
alassin	ɑ ɫ ɑˑ s̠ː ĭ n
alassin	ɑ ɫ ɑˑ ʃː i n
alastoin	ɑ ɫ ɑˑ s̠ t ŏ̞ i̯ n
alastoin	ɑ ɫ ɑˑ ʃ t o̞ i̯ n
alasvaahto	ɑ ɫ ɑˑ z̠ ʋ ɑː h t ŏ̞̥
alasvaahto	ɑ ɫ ɑˑ ʒ ʋ ɑː h t o̞
alasvirta	ɑ ɫ ɑˑ z̠ ʋ i r t
alasvirta	ɑ ɫ ɑˑ ʒ ʋ i r d̥ ɑ
alatasanko	ɑ ɫ ɑˑ d̥ ɑ ʒ̥ ɑˑ ŋ ɡ̊ o̞ i̯
alatasanko	ɑ ɫ ɑˑ t ɑ s̠ ɑˑ ŋ k ŏ̞̥
alemmaal	ɑ ɫ e̞ˑ mː ɑː ɫ
alemmaal	ɑ ɫ e̞ˑ mː ə ɫː
alemmas	ɑ ɫ e̞ˑ mː ɑ ʒ̥
alemmas	ɑ ɫ e̞ˑ mː ə z̠
alempain	ɑ ɫ e̞ˑ m p ɑ i̯ n
alempain	ɑ ɫ e̞ˑ m p ə i̯ n
alentaa	ɑ ɫ e̞ˑ n d̥ ɑː
alentaa	ɑ ɫ e̞ˑ n t ɑ
aleta	ɑ ɫ e̞ˑ d̥ ɑ
aleta	ɑ ɫ e̞ˑ d̥ ɑ ɡ̊
aleta	ɑ ɫ e̞ˑ t
alfavitta	ɑ ɫ f ɑ ʋ i tː ɑ
alfavitta	ɑ ɫ f ə ʋ ĭ tː
alileuka	ɑ l iˑ l e̞ u̯ ɡ̊ ɑ
alileuka	ɑ lʲ iˑ lʲ e̞ u̯ k
alimaarit	ɑ l iˑ m ɑː r i d̥
alimaarit	ɑ lʲ iˑ m ɑː r ĭ d
aliniitty	ɑ l iˑ n iː tː y
aliniitty	ɑ lʲ iˑ n iː tʲː y̥̆
aliripsut	ɑ l iˑ r i p ʃ u d̥
aliripsut	ɑ lʲ iˑ r i p s̠ ŭ d
alkaa	ɑ ɫ k ɑ
alkaa	ɑ ɫ k ɑː
alkaa	ɑ ɫ k ɑː ɡ̊
alkamaa	ɑ ɫ k ə m ɑ
alkamaa	ɑ ɫ ɡ̊ ɑ m ɑː
alketa	ɑ ɫ k e̞ t
alketa	ɑ ɫ ɡ̊ e̞ d̥ ɑ
alku	ɑ ɫ k ŭ̥
alku	ɑ ɫ ɡ̊ u
alkua	ɑ ɫ k o̞
alkua	ɑ ɫ k u ɑ
alkujutto	ɑ ɫ k ŭ j u tː ŏ̞̥
alkujutto	ɑ ɫ ɡ̊ u j u tː o̞
alkukonsonantta	ɑ ɫ k ŭ k o̞ n s̠ ŏ̞ n ɑ n tː
alkukonsonantta	ɑ ɫ ɡ̊ u ɡ̊ o̞ n ʒ̥ o̞ n ɑ n tː ɑ
alkuperä	ɑ ɫ k ŭ p e̞ r æˑ
alkuperä	ɑ ɫ ɡ̊ u b̥ e̞ r æˑ
alkutiito	ɑ ɫ k ŭ t iː t ŏ̞̥
alkutiito	ɑ ɫ ɡ̊ u t iː d̥ o̞
alkutulo	ɑ ɫ k ŭ t u ɫ o̞ˑ
alkutulo	ɑ ɫ ɡ̊ u d̥ u ɫ o̞ˑ
alkuškoulu	ɑ ɫ k ŭ ʃ k o̞ u̯ ɫ ŭ̥
alkuškoulu	ɑ ɫ ɡ̊ u ʃ k o̞ u̯ ɫ u
allaa	ɑ ɫː ɑ
allaa	ɑ ɫː ɑː n
allaa	ɑ ɫˑ ɑː
allaal	ɑ ɫ ɑˑ h ɑ ɫ
allaal	ɑ ɫ ɑˑ h ɑː ɫ
allaal	ɑ ɫː ɑ ɫː
allaalle	ɑ ɫ ɑˑ h ɑ ɫ e̞ˑ ɡ̊
allaalle	ɑ ɫ ɑˑ ɣ̥ ɑ ɫː e̞
allaalle	ɑ ɫː ɑ ɫː
allaalt	ɑ ɫ ɑˑ h ɑ ɫ d̥
allaalt	ɑ ɫ ɑˑ h ɑː ɫ d̥
allaalt	ɑ ɫː ɑ ɫ t
allas	ɑ ɫː ɑ ʒ̥
allas	ɑ ɫː ə z̠
allativa	ɑ ɫː ɑ d̥ i ʋ ɑˑ
allativa	ɑ ɫː ə tʲ i ʋ ɑˑ
alle	ɑ ɫː
alle	ɑ ɫː e̞
alle	ɑ ɫː e̞ ɡ̊
alt	ɑ ɫ d̥
alt	ɑ ɫ t
alto	ɑ ɫ d̥ o̞
alto	ɑ ɫ t ŏ̞̥
alttari	ɑ ɫ tː ɑ r i
alttari	ɑ ɫ tː ə rʲ
aluhame	ɑ ɫ uˑ h ɑ m e̞ˑ
aluhame	ɑ ɫ uˑ ɣ̥ ɑ m e̞ˑ
aluhuuli	ɑ ɫ uˑ h uː l i
aluhuuli	ɑ ɫ uˑ h uː lʲ
alumain	ɑ ɫ uˑ m ɑ i̯ n
alumain	ɑ ɫ uˑ m ə i̯ n
aluotsa	ɑ ɫ uˑ o̞ t͡s ɑ
aluotsa	ɑ ɫ uˑ o̞ t͡s̠
alus	ɑ ɫ uˑ s̠ː
alus	ɑ ɫ uˑ z̠
alus	ɑ ɫ uˑ ʒ̥
alus	ɑ ɫː uː ʒ̥
aluskaatiat	ɑ ɫ uˑ s̠ k ɑː tʲ e̞ d
aluskaatiat	ɑ ɫ uˑ ʃ k ɑː d̥ j ɑ d̥
aluskaatiat	ɑ ɫ uˑ ʃ k ɑː t i ɑ d̥
alusmaja	ɑ ɫ uˑ z̠ m ɑ j ɑˑ
alusmaja	ɑ ɫ uˑ ʒ m ɑ j ɑˑ
alusmees	ɑ ɫ uˑ z̠ m eː z̠
alusmees	ɑ ɫ uˑ ʒ m e̝ː ʒ̥
alusmeisteri	ɑ ɫ uˑ z̠ m e̞ i̯ s̠ t e̞ rʲ
alusmeisteri	ɑ ɫ uˑ ʒ m e̞ i̯ ʃ t e̞ r i
aluspoduška	ɑ ɫ uˑ s̠ p o̞ d uˑ ʃ k
aluspoduška	ɑ ɫ uˑ ʃ p o̞ d̥ uˑ ʃ k ɑ
alustrenki	ɑ ɫ uˑ s̠ t r e̞ ŋ kʲ
alustrenki	ɑ ɫ uˑ ʃ t r e̞ ŋ ɡ̊ i
alusvene	ɑ ɫ uˑ z̠ ʋ e̞ n e̞ˑ
alusvene	ɑ ɫ uˑ ʒ ʋ e̞ n e̞ˑ
alutella	ɑ ɫ uˑ d̥ e̞ ɫː ɑ
alutella	ɑ ɫ uˑ t e̞ ɫː
alutos	ɑ ɫ uˑ d̥ o̞ ʒ̥
alutos	ɑ ɫ uˑ t ŏ̞ z̠
aluttaa	ɑ ɫ uˑ tː ɑ
aluttaa	ɑ ɫ uˑ tː ɑː
aluverkko	ɑ ɫ uˑ ʋ e̞ r kː o̞
aluverkko	ɑ ɫ uˑ ʋ e̞ r kː ŏ̞̥
alve	ɑ ɫ ʋ
alve	ɑ ɫ ʋ e̞
amin	ɑ m iˑ n
ammatti	ɑ mː ɑ tː i
ammatti	ɑ mː ə tʲː
ammattimees	ɑ mː ɑ tː i m e̝ː ʒ̥
ammattimees	ɑ mː ə tʲː i m eː z̠
ammi	ɑ mʲː
ammi	ɑ mː i
ammillaa	ɑ mː i ɫː ɑː
ammillaa	ɑ mː ə ɫː ɑ
ammua	ɑ mː o̞
ammua	ɑ mː u ɑ
ammua	ɑ mː u ɑ ɡ̊
ammultaa	ɑ mː u ɫ t ɑː
ammultaa	ɑ mː ə ɫ t ɑ
ammus	ɑ mː u ʒ̥
ammus	ɑ mː ŭ z̠
ampua	ɑ m p o̞
ampua	ɑ m p u ɑ
ampua	ɑ m p u ɑ ɡ̊
ampumiin	ɑ m b̥ u m iː n
ampumiin	ɑ m p ŭ m i n e̞ˑ
ankerias	ɑ ŋ k ə r i ɑˑ z̠
ankerias	ɑ ŋ ɡ̊ e̞ r i ɑˑ ʒ̥
ankkuri	ɑ ŋ kː u r i
ankkuri	ɑ ŋ kː ŭ rʲ
ankkuriis	ɑ ŋ kː u r iː ʒ̥
ankkuriis	ɑ ŋ kː ŭ r ĭ s̠ː
anna	ɑ nː
anna	ɑ nː ɑ
anne	ɑ nː
anne	ɑ nː e̞
ansa	ɑ n s̠
ansa	ɑ n ʒ̥ ɑ
ansoitella	ɑ n s̠ ŏ̞ i̯ t e̞ ɫː
ansoitella	ɑ n ʒ̥ o̞ j d̥ e̞ ɫː ɑ
antaa	ɑ n t ɑ
antaa	ɑ n t ɑː
antaa	ɑ n tː ɑ ɡ̊
antakaa	ɑ n d̥ ɑ k ɑː
antakaa	ɑ n t ə k ɑ
antelikas	ɑ n d̥ e̞ lʲ i ɡ̊ ɑˑ ʒ̥
antelikas	ɑ n t ə lʲ i k ɑˑ z̠
antiissa	ɑ n t iː ʃː ɑ
antiissa	ɑ n tʲ i s̠ː
antura	ɑ n t u r ɑ
antura	ɑ n t ŭ r
apaja	ɑ p ɑ i̯
apaja	ɑ pˑ ɑː j ɑ
api	ɑ b̥ iˑ
api	ɑ p iˑ
apihua	ɑ b̥ iˑ h u ɑˑ
apihua	ɑ b̥ iˑ h u ɑˑ ɡ̊
apihua	ɑ p iˑ h u ɑˑ
apilain	ɑ b̥ iˑ ɫ ɑ i̯ n
apilain	ɑ p iˑ ɫ ə i̯ n
apinikka	ɑ b̥ iˑ n i kː ɑ
apinikka	ɑ p iˑ n ĭ kː
aposteli	ɑ b̥ o̞ˑ ʃ t e̞ lʲ iˑ
aposteli	ɑ p o̞ˑ s̠ t e̞ lʲ iˑ
apreli	ɑ b r e̞ lʲ
apreli	ɑ b̥ r e̞ lʲ i
apu	ɑ b̥ uˑ
apu	ɑ p uˑ
apulain	ɑ b̥ uˑ ɫ ɑ i̯ n
apulain	ɑ p uˑ ɫ ə i̯ n
apusana	ɑ b̥ uˑ ʒ̥ ɑ n ɑˑ
apusana	ɑ p uˑ s̠ ɑ n ɑˑ
arappi	ɑ r ɑˑ pʲː
arappi	ɑ r ɑˑ pː i
arassella	ɑ r ɑˑ s̠ː e̞ ɫː
arassella	ɑ r ɑˑ ʃ ʃ e̞ ɫː ɑ
arassutella	ɑ r ɑˑ s̠ s̠ u t e̞ˑ ɫː
arassutella	ɑ r ɑˑ ʃ ʃ u d̥ e̞ˑ ɫː ɑ
arassuttaa	ɑ r ɑˑ s̠ s̠ u tː ɑ
arassuttaa	ɑ r ɑˑ ʃ ʃ u tː ɑː
arastaa	ɑ r ɑˑ s̠ t ɑ
arastaa	ɑ r ɑˑ ʃ t ɑː
arastua	ɑ r ɑˑ s̠ t u ɑˑ
arastua	ɑ r ɑˑ ʃ t u ɑˑ
arbuza	ɑ r b ŭ z̠
arbuza	ɑ r p u ʒ̥ ɑ
aressoittaa	ɑ r e̞ˑ s̠ s̠ o̞ i̯ tː ɑ
aressoittaa	ɑ r e̞ˑ ʃ ʃ o̞ i̯ tː ɑː
aresti	ɑ r e̞ˑ s̠ tʲ
aresti	ɑ r e̞ˑ ʃ t i
arestoittaa	ɑ r e̞ˑ s̠ t o̞ i̯ tː ɑ
arestoittaa	ɑ r e̞ˑ ʃ t o̞ i̯ tː ɑː
areta	ɑ r e̞ˑ d̥ ɑ
areta	ɑ r e̞ˑ t
arhirei	ɑ r h ĭ r e̞ i̯
arhirei	ɑ r ɣ̥ i r e̞ i̯
arhitektori	ɑ r h ĭ t e̞ k t ŏ̞ rʲ
arhitektori	ɑ r ɣ̥ i d̥ e̞ k t o̞ r i
arina	ɑ r iˑ n
arina	ɑ rʲ iˑ n
arina	ɑ rˑ iː n ɑ
arka	ɑ r k
arka	ɑ r ɡ̊ ɑ
arkaloontoin	ɑ r k ə ɫ oː n t ŏ̞ i̯ n
arkaloontoin	ɑ r ɡ̊ ɑ ɫ o̝ː n t o̞ i̯ n
arki	ɑ r kʲ
arki	ɑ r ɡ̊ i
arkipäivä	ɑ r k ĭ p æ i̯ ʋ
arkipäivä	ɑ r ɡ̊ i p æ i̯ ʋ æ
arkipäiväin	ɑ r k ĭ p æ i̯ ʋ ə i̯ n
arkipäiväin	ɑ r ɡ̊ i p æ i̯ ʋ æ i̯ n
arkirooka	ɑ r k ĭ r oː k
arkirooka	ɑ r ɡ̊ i r o̝ː ɡ̊ ɑ
arkkana	ɑ r kː ɑ n ɑ
arkkana	ɑ r kː ə n
armahtaa	ɑ r m ɑ h t ɑː
armahtaa	ɑ r m ə h t ɑ
armas	ɑ r m ɑ ʒ̥
armas	ɑ r m ə z̠
armastaa	ɑ r m ɑ ʃ t ɑː
armastaa	ɑ r m ə s̠ t ɑ
armatoin	ɑ r m ɑ d̥ o̞ i̯ n
armatoin	ɑ r m ə t ŏ̞ i̯ n
armia	ɑ r m e̞
armia	ɑ r m i ɑ
armimain	ɑ r m i m ɑ i̯ n
armimain	ɑ r m ĭ m ə i̯ n
armo	ɑ r m o̞
armo	ɑ r m ŏ̞̥
armolliin	ɑ r m o̞ lː iː n
armolliin	ɑ r m ŏ̞ lʲ lʲ i n e̞ˑ
armotoin	ɑ r m o̞ d̥ o̞ i̯ n
armotoin	ɑ r m ŏ̞ t ŏ̞ i̯ n
armulliin	ɑ r m u lː iː n
armulliin	ɑ r m ŭ lʲ lʲ i n e̞ˑ
aroittaa	ɑ r o̞ i̯ tː ɑ
aroittaa	ɑ r o̞ i̯ tː ɑː
arpa	ɑ r b̥ ɑ
arpa	ɑ r p
arpi	ɑ r b̥ i
arpi	ɑ r pʲ
arpuli	ɑ r p u l i
arpuli	ɑ r p ŭ lʲ
artteli	ɑ r tː e̞ lʲ
artteli	ɑ r tː e̞ lʲ i
arvaaja	ɑ r ʋ ɑ i̯
arvaaja	ɑ r ʋ ɑː j ɑ
arvaava	ɑ r ʋ ɑ ʋ
arvaava	ɑ r ʋ ɑː ʋ ɑ
arvaavalliin	ɑ r ʋ ɑ ʋ ɑ lʲː ĭ n
arvaavalliin	ɑ r ʋ ɑː ʋ ɑ lː iː n
arvata	ɑ r ʋ ɑ d̥ ɑ
arvata	ɑ r ʋ ɑ d̥ ɑ ɡ̊
arvata	ɑ r ʋ ə t
arvo	ɑ r ʋ o̞
arvo	ɑ r ʋ ŏ̞̥
arvoa	ɑ r ʋ o̞
arvoa	ɑ r ʋ o̞ j ɑ
arvoa	ɑ r ʋ o̞ ɑ
arvoitella	ɑ r ʋ o̞ i̯ d̥ e̞ ɫː ɑ
arvoitella	ɑ r ʋ ŏ̞ t e̞ ɫː
arvoitos	ɑ r ʋ o̞ i̯ d̥ o̞ ʒ̥
arvoitos	ɑ r ʋ ŏ̞ t ŏ̞ z̠
arvoittaa	ɑ r ʋ o̞ i̯ tː ɑː
arvoittaa	ɑ r ʋ ə tː ɑ
arvoittee	ɑ r ʋ o̞ i̯ tː e̝ː
arvoittee	ɑ r ʋ ə i̯ tː e̞
arvoja	ɑ r ʋ o̞ j ɑ
arvoja	ɑ r ʋ ŏ̞ i̯
arvokas	ɑ r ʋ o̞ ɡ̊ ɑ ʒ̥
arvokas	ɑ r ʋ ŏ̞ k ə z̠
arvolliin	ɑ r ʋ o̞ lː iː n
arvolliin	ɑ r ʋ ŏ̞ lʲ lʲ i n e̞ˑ
arššina	ɑ r ʃː i n ɑ
arššina	ɑ r ʃː ĭ n
as	ɑ s̠ː
as	ɑ ʒ̥
asettaa	ɑ s̠ e̞ˑ tː ɑ
asettaa	ɑ ʒ̥ e̞ˑ tː ɑ ɡ̊
asettaa	ɑ ʒ̥ e̞ˑ tː ɑː
asettaissa	ɑ s̠ e̞ˑ tː ə i̯ s̠ː
asettaissa	ɑ ʒ̥ e̞ˑ t t ɑ i̯ ʃː ɑ
asettua	ɑ s̠ e̞ˑ t t u ɑˑ
asettua	ɑ ʒ̥ e̞ˑ t t u ɑˑ
asettua	ɑ ʒ̥ e̞ˑ t t u ɑˑ ɡ̊
asra	ɑ z̠ r
asra	ɑ ʒ̥ r ɑ
asse	ɑ s̠ː
asse	ɑ ʃː e̞
asse	ɑ ʃː e̞ ɡ̊
assia	ɑ s̠ː e̞
assia	ɑ ʃː iː ɑ
assia	ɑ ʃˑ i ɑ
assiapaperi	ɑ s̠ː e̞ p ɑ p e̞ˑ rʲ
assiapaperi	ɑ ʃˑ i ɑ b̥ ɑ pˑ e̝ː r i
assua	ɑ s̠ː o̞
assua	ɑ ʃˑ u ɑ
ast	ɑ s̠ t
ast	ɑ ʃ t
astarga	ɑ s̠ t ə r ɡ
astarga	ɑ ʃ t ɑ r ɡ̊ ɑ
astava	ɑ s̠ t ə ʋ
astava	ɑ ʃ t u ʋ ɑ
astava	ɑ ʃ t ɑ ʋ ɑ
astavoija	ɑ s̠ t ə ʋ ŏ̞ i̯
astavoija	ɑ ʃ t u ʋ o̞ i̯ j ɑ ɡ̊
astavoija	ɑ ʃ t ɑ ʋ o̞ i̯ j ɑ
astavoittaa	ɑ s̠ t ə ʋ o̞ i̯ tː ɑ
astavoittaa	ɑ ʃ t ɑ ʋ o̞ i̯ tː ɑː
astavoja	ɑ s̠ t ə ʋ o̞ j ɑˑ
astavoja	ɑ ʃ t ɑ ʋ o̞ j ɑˑ
astia	ɑ s̠ tʲ e̞
astia	ɑ ʃ t i j ɑ
astia	ɑ ʃ t i ɑ
astua	ɑ s̠ t o̞
astua	ɑ ʃ t u ɑ
asu	ɑ s̠ uˑ
asu	ɑ ʒ̥ uˑ
asunikka	ɑ s̠ uˑ n ĭ kː
asunikka	ɑ ʒ̥ uˑ n i kː ɑ
atamaani	ɑ d̥ ɑˑ m ɑː n i
atamaani	ɑ t ɑˑ m ɑ nʲ
atlasnoi	ɑ d ɫ ə s̠ n ŏ̞̥
atlasnoi	ɑ d̥ ɫ ɑ ʒ̥ n o̞ i̯
atlassi	ɑ d ɫ ə s̠ʲː
atlassi	ɑ d̥ ɫ ɑ ʃː i
auki	ɑ u̯ kʲ
auki	ɑ u̯ ɡ̊ i
aukinain	ɑ u̯ k ĭ n ə i̯ n
aukinain	ɑ u̯ ɡ̊ i n ɑ i̯ n
aukka	ɑ u̯ kː
aukka	ɑ u̯ kː ɑ
aukko	ɑ u̯ kː o̞
aukko	ɑ u̯ kː ŏ̞̥
aukku	ɑ u̯ kː u
aukku	ɑ u̯ kː ŭ̥
aula	ɑ uˑ ɫ
aula	ɑ uˑ ɫ ɑ
aurinko	ɑ u̯ r i ŋ ɡ̊ o̞
aurinko	ɑ u̯ r ə ŋ k ŏ̞̥
automobili	ɑ u̯ d̥ o̞ m o̞ pˑ iː l i
automobili	ɑ u̯ t ŏ̞ m o̞ b iˑ lʲ
avaella	ɑ ʋ ɑˑ e̞ ɫː
avaella	ɑ ʋ ɑˑ e̞ ɫː ɑ
avahtua	ɑ ʋ ɑˑ h t u ɑˑ
avahua	ɑ ʋ ɑˑ h u ɑˑ
avahua	ɑ ʋ ɑˑ h u ɑˑ ɡ̊
avanto	ɑ ʋ ɑˑ n d̥ o̞
avanto	ɑ ʋ ɑˑ n t ŏ̞̥
avaro	ɑ ʋ ɑˑ r ŏ̞̥
avaro	ɑ ʋˑ ɑː r o̞
avaroittaa	ɑ ʋ ɑˑ r o̞ i̯ tː ɑ
avaroittaa	ɑ ʋ ɑˑ r o̞ i̯ tː ɑː
avata	ɑ ʋ ɑˑ d̥ ɑ
avata	ɑ ʋ ɑˑ d̥ ɑ ɡ̊
avata	ɑ ʋ ɑˑ t
avattu	ɑ ʋ ɑˑ tː u
avattu	ɑ ʋ ɑˑ tː ŭ̥
avgusta	ɑ ʋ ɡ ŭ s̠ t
avgusta	ɑ ʋ ɡ̊ u ʃ t ɑ
avittaa	ɑ ʋ iˑ tː ɑ
avittaa	ɑ ʋ iˑ tː ɑ ɡ̊
avittaa	ɑ ʋ iˑ tː ɑː
avo	ɑ ʋ o̞ˑ
avollaa	ɑ ʋ o̞ˑ ɫː ɑ
avollaa	ɑ ʋ o̞ˑ ɫː ɑː
avomeri	ɑ ʋ o̞ˑ m e̞ r iˑ
avonain	ɑ ʋ o̞ˑ n ɑ i̯ n
avonain	ɑ ʋ o̞ˑ n ə i̯ n
avosuu	ɑ ʋ o̞ˑ s̠ uː
avosuu	ɑ ʋ o̞ˑ ʃ uː
avtora	ɑ f t o̞ r ɑ
avtora	ɑ f t ŏ̞ r
avuttaa	ɑ ʋ uˑ tː ɑ
avuttaa	ɑ ʋ uˑ tː ɑː
avvain	ɑ ʋː ə n
avvain	ɑ ʋˑ ɑ i̯ n
avvain	ɑ ʋˑ ɑ i̯ n e̞
avveta	ɑ ʋː e̞ d̥ ɑ
avveta	ɑ ʋː e̞ t
azbukka	ɑ z̠ b ŭ kː
azbukka	ɑ ʃ p u kː ɑ
azbukki	ɑ z̠ b ŭ kʲː
azbukki	ɑ ʃ p u kː i
baaba	b ɑː b
baaba	p ɑː b̥ ɑ
baabuška	b ɑː b ŭ ʃ k
baabuška	p ɑː b̥ u ʃ k ɑ
babka	b ɑ b k
babka	p ɑ p k ɑ
bajani	b ɑ j ɑˑ nʲ
bajani	p ɑ jˑ ɑː n i
bajari	b ɑ j ɑˑ rʲ
bajari	p ɑ jˑ ɑː r i
balagana	b ɑ ɫ ɑˑ ɡ ɑ n ɑˑ
balagana	p ɑ ɫ ɑˑ ɡ̊ ɑ n ɑˑ
balalaikka	b ɑ ɫ ɑˑ ɫ ə kː
balalaikka	p ɑ ɫ ɑˑ ɫ ɑ i̯ kː ɑ
balkka	b ɑ ɫ kː
balkka	p ɑ ɫ kː ɑ
bankivakana	b ɑ ŋ k ə ʋ ɑ k ɑ n ɑˑ
bankivakana	p ɑ ŋ ɡ̊ i ʋ ɑ ɡ̊ ɑ n ɑˑ
bankivakukko	b ɑ ŋ k ə ʋ ɑ k u kː ŏ̞̥
bankivakukko	p ɑ ŋ ɡ̊ i ʋ ɑ ɡ̊ u kː o̞ i̯
bantta	b ɑ n tː
bantta	p ɑ n tː ɑ
banttasolmi	b ɑ n tː ə s̠ o̞ ɫ mʲ
banttasolmi	p ɑ n tː ɑ ʒ̥ o̞ ɫ m i
baptisti	b ɑ p tʲ ĭ s̠ tʲ
baptisti	p ɑ p t i ʃ t i
barabaanitella	b ɑ r ɑˑ b ɑː n ĭ t e̞ ɫː
barabaanitella	p ɑ r ɑˑ p ɑː n i d̥ e̞ ɫː ɑ
barabaanittaa	b ɑ r ɑˑ b ɑː n ə tː ɑ
barabaanittaa	p ɑ r ɑˑ p ɑː n i tː ɑː
barabana	b ɑ r ɑˑ b ɑ n ɑˑ
barabana	p ɑ r ɑˑ b̥ ɑ n ɑˑ
bardakka	b ɑ r d ə kː
bardakka	p ɑ r d̥ ɑ kː ɑ
barometra	b ɑ r o̞ˑ m e̞ d r
barometra	p ɑ r o̞ˑ m e̞ d̥ r ɑ
baroni	b ɑ r o̞ˑ nʲ
baroni	p ɑ rˑ o̝ː n i
basnja	b ɑ s̠ ɲ
basnja	p ɑ ʒ̥ ɲ ɑ
batrakka	b ɑ d r ə kː
batrakka	p ɑ d̥ r ɑ kː ɑ
bašmakka	b ɑ ʃ m ə kː
bašmakka	p ɑ ʒ̥ m ɑ kː ɑ
bašmakki	b ɑ ʃ m ə kʲː
bašmakki	p ɑ ʒ̥ m ɑ kː i
bedra	b e̞ d r
bedra	p e̞ d̥ r ɑ
beekki	b eː kʲː
beekki	p e̝ː kː i
begemootta	b e̞ ɡ e̞ˑ m o̞ tː
begemootta	p e̞ ɡ̊ e̞ˑ m o̝ː tː ɑ
beluga	b e̞ ɫ uˑ ɡ
beluga	p e̞ ɫˑ uː ɡ̊ ɑ
bibliotekka	b i b lʲ ĭ o̞ t e̞ˑ kː
bibliotekka	p i b̥ l i o̞ d̥ e̞ˑ kː ɑ
bintta	b i n tː
bintta	p i n tː ɑ
birkka	b i r kː
birkka	p i r kː ɑ
blednoi	b lʲ e̞ d n ŏ̞̥
blednoi	p l e̞ d̥ n o̞ i̯
bläädi	b lʲ æː dʲ
bläädi	p l æː d̥ i
bläättiä	b lʲ æː tʲː e̞
bläättiä	p l æː tː i æ
bocka	b o̞ t͡ʃ k
bocka	p o̞ t͡ʃ k ɑ
bohatteri	b o̞ h ɑˑ t t e̞ r iˑ
bohatteri	p o̞ ɣ̥ ɑˑ t t e̞ r iˑ
boinoi	b o̞ i̯ n ŏ̞̥
boinoi	p o̞ i̯ n o̞ i̯
boksu	b o̞ k s̠ ŭ̥
boksu	p o̞ k ʃ u
bolnitsa	b o̞ ɫ n ĭ t͡s̠
bolnitsa	p o̞ ɫ n i t͡s ɑ
boltaittaa	b o̞ ɫ t ə tː ɑ
boltaittaa	p o̞ ɫ t ɑ i̯ tː ɑː
boltta	b o̞ ɫ tː
boltta	p o̞ ɫ tː ɑ
boltuška	b o̞ ɫ t ŭ ʃ k
boltuška	p o̞ ɫ t u ʃ k ɑ
bolvana	b o̞ ɫ ʋ ə n
bolvana	p o̞ ɫ ʋ ɑ n ɑ
bomba	b o̞ m b
bomba	p o̞ m b̥ ɑ
bombittaa	b o̞ m b ə tː ɑ
bombittaa	p o̞ m b̥ i tː ɑː
boravikko	b o̞ r ɑˑ ʋ i kː ŏ̞̥
boravikko	p o̞ r ɑˑ ʋ i kː o̞
borkkana	b o̞ r kː ə n
borkkana	p o̞ r kː ɑ n ɑ
bortsa	b o̞ r t͡s̠
bortsa	p o̞ r t͡s ɑ
bortta	b o̞ r tː
bortta	p o̞ r tː ɑ
botsmani	b o̞ t͡s̠ m ə nʲ
botsmani	p o̞ t͡s m ɑ n i
braakkaa	b r ɑː kː ɑ
braakkaa	p r ɑː kː ɑː
braakkia	b r ɑː kː e̞
braakkia	p r ɑː kː i ɑ
brigada	b r i ɡ ɑˑ d
brigada	p r i kˑ ɑː d̥ ɑ
bronha	b r o̞ n h
bronha	p r o̞ n ɣ̥ ɑ
bronza	b r o̞ n z̠
bronza	p r o̞ n ʒ̥ ɑ
broška	b r o̞ ʃ k
broška	p r o̞ ʃ k ɑ
budilnikka	b u d iˑ lʲ n ĭ kː
budilnikka	p u d̥ iˑ l n i kː ɑ
buju	b u j uˑ
buju	p u j uˑ
bukva	b u ɡ ʋ
bukva	p u ɡ̊ ʋ ɑ
bukvari	b u ɡ ʋ ə rʲ
bukvari	p u ɡ̊ ʋ ɑ r i
bukvat	b u ɡ ʋ ə d
bukvat	p u ɡ̊ ʋ ɑ d̥
bulafka	b u ɫ ɑˑ f k
bulafka	p u ɫ ɑˑ f k ɑ
bulkka	b u ɫ kː
bulkka	p u ɫ kː ɑ
bumaga	b u m ɑˑ ɡ
bumaga	p u mˑ ɑː ɡ̊ ɑ
bumažnikka	b u m ɑˑ ʒ n ĭ kː
bumažnikka	p u m ɑˑ ʒ n i kː ɑ
bumažnoi	b u m ɑˑ ʒ n ŏ̞̥
bumažnoi	p u m ɑˑ ʒ̥ n o̞ i̯
buntta	b u n tː
buntta	p u n tː ɑ
burdjukka	b u r dʲ ŭ kː
burdjukka	p u r d̥ʲ u kː ɑ
burnoi	b u r n ŏ̞̥
burnoi	p u r n o̞ i̯
butka	b u t k
butka	p u t k ɑ
bygrä	b y ɡ r
bygrä	p y ɡ̊ r æ
bähättää	b æ h æˑ tː æ
bähättää	p æ ɣ̥ æˑ tː æː
bäkättää	b æ k æˑ tː æ
bäkättää	p æ ɡ̊ æˑ tː æː
bälättää	b æ lʲ æˑ tː æ
bälättää	p æ l æˑ tː æː
bärämä	b æ r æˑ m
bärämä	p æ rˑ æː m æ
bääkkää	b æː kː æ
bääkkää	p æː kː æː
bömböräin	b ø̞ m b ø̞̆ r ə i̯ n
bömböräin	p ø̞ m b̥ ø̞ r æ i̯ n
caaju	t͡ʃ ɑː j u
caaju	t͡ʃ ɑː j ŭ̥
caju	t͡ʃ ɑ j uˑ
cakatella	t͡ʃ ɑ k ɑˑ t e̞ ɫː
cakatella	t͡ʃ ɑ ɡ̊ ɑˑ d̥ e̞ ɫː ɑ
cakattaa	t͡ʃ ɑ k ɑˑ tː ɑ
cakattaa	t͡ʃ ɑ ɡ̊ ɑˑ tː ɑː
cecevitsa	t͡ʃ e̞ t͡ʃ e̞ˑ ʋ i t͡s ɑ
cecevitsa	t͡ʃ e̞ t͡ʃ e̞ˑ ʋ ĭ t͡s̠
celjuskintsa	t͡ʃ e̞ lʲ uˑ s̠ k ĭ n t͡s̠
celjuskintsa	t͡ʃ e̞ lʲ uˑ ʃ k i n t͡s ɑ
cerdakka	t͡ʃ e̞ r d ə kː
cerdakka	t͡ʃ e̞ r d̥ ɑ kː ɑ
cereda	t͡ʃ e̞ r e̞ˑ d
cereda	t͡ʃ e̞ rˑ e̝ː d̥ ɑ
cerepaha	t͡ʃ e̞ r e̞ˑ b̥ ɑ ɣ̥ ɑˑ
cerepaha	t͡ʃ e̞ r e̞ˑ p ɑ h ɑˑ
cernila	t͡ʃ e̞ r n i ɫ ɑ
cernila	t͡ʃ e̞ r n ĭ ɫ
certeža	t͡ʃ e̞ r t e̞ ʒ
certeža	t͡ʃ e̞ r t e̞ ʒ̥ ɑ
certežä	t͡ʃ e̞ r t e̞ ʒ
certežä	t͡ʃ e̞ r t e̞ ʒ̥ æ
cesnokka	t͡ʃ e̞ s̠ n ŏ̞ kː
cesnokka	t͡ʃ e̞ ʒ̥ n o̞ kː ɑ
cihissä	t͡ʃ i h iˑ s̠ː
cihissä	t͡ʃ i ɣ̥ iˑ ʃː æ
ciižikka	t͡ʃ iː ʒ ĭ kː
ciižikka	t͡ʃ iː ʒ̥ i kː ɑ
cikerrellä	t͡ʃ i k e̞ˑ rː e̞ lʲː
cikerrellä	t͡ʃ i ɡ̊ e̞ˑ r r e̞ lː æ
cikertää	t͡ʃ i k e̞ˑ r t æ
cikertää	t͡ʃ i ɡ̊ e̞ˑ r d̥ æː
cinovnikka	t͡ʃ i n o̞ˑ ʋ n i kː ɑ
cinovnikka	t͡ʃ i n o̞ˑ ʋ n ĭ kː
cirkka	t͡ʃ i r kː
cirkka	t͡ʃ i r kː ɑ
cirkkulain	t͡ʃ i r kː u ɫ ɑ i̯ n
cirkkulain	t͡ʃ i r kː ŭ ɫ ə i̯ n
cisla	t͡ʃ i z̠ ɫ
cisla	t͡ʃ i ʒ̥ ɫ ɑ
cislasana	t͡ʃ i z̠ ɫ ə s̠ ɑ n ɑˑ
cislasana	t͡ʃ i ʒ̥ ɫ ɑ ʒ̥ ɑ n ɑˑ
ciukkaa	t͡ʃ i u̯ kː ɑ
ciukkaa	t͡ʃ i u̯ kː ɑː
clena	t͡ʃ lʲ e̞ n ɑˑ
cortta	t͡ʃ o̞ r tː
cortta	t͡ʃ o̞ r tː ɑ
cotkoi	t͡ʃ o̞ t k o̞ i̯
cotkoi	t͡ʃ o̞ t k ŏ̞̥
cubukka	t͡ʃ u b uˑ kː
cubukka	t͡ʃ u b̥ uˑ kː ɑ
cudakka	t͡ʃ u d ɑˑ kː
cudakka	t͡ʃ u d̥ ɑˑ kː ɑ
cuguna	t͡ʃ u kˑ uː n ɑ
cuguna	t͡ʃ u ɡ uˑ n
cugunikka	t͡ʃ u ɡ uˑ n ĭ kː
cugunikka	t͡ʃ u ɡ̊ uˑ n i kː ɑ
cuhna	t͡ʃ u h n
cuhna	t͡ʃ u ɣ̥ n ɑ
cukca	t͡ʃ u k t͡ʃ
cukca	t͡ʃ u k t͡ʃ ɑ
culana	t͡ʃ u ɫ ɑˑ n
culana	t͡ʃ u ɫˑ ɑː n ɑ
cuma	t͡ʃ u m ɑˑ
cur	t͡ʃ u r
curahtaa	t͡ʃ u r ɑˑ h t ɑ
curahtaa	t͡ʃ u r ɑˑ h t ɑː
curattaa	t͡ʃ u r ɑˑ tː ɑ
curattaa	t͡ʃ u r ɑˑ tː ɑː
cuvstva	t͡ʃ u ʋ s̠ t ʋ
cuvstva	t͡ʃ u ʋ ʃ t ʋ ɑ
cäinikkä	t͡ʃ æ i̯ n i kː æ
cäinikkä	t͡ʃ æ i̯ n ĭ kː
cäinöi	t͡ʃ æ i̯ n ø̞ i̯
cäinöi	t͡ʃ æ i̯ n ø̞̥̆
cäsönä	t͡ʃ æ s̠ ø̞ˑ n
cäsönä	t͡ʃ æ ʃˑ ø̝ː n æ
cääjy	t͡ʃ æː j y
cääjy	t͡ʃ æː j y̥̆
da	d ɑ
da	t ɑ
daaca	d ɑː t͡ʃ
daaca	t ɑː t͡ʃ ɑ
daacnikka	d ɑː t͡ʃ n ĭ kː
daacnikka	t ɑː t͡ʃ n i kː ɑ
daaže	d ɑː ʒ
daaže	t ɑː ʒ̥ e̞
dai	d ɑ iˑ
dai	d ɑ i̯
dai	t ɑ iˑ
dai	t ɑ i̯
davai	d ɑ ʋ ɑ i̯
davai	t ɑ ʋ ɑˑ iˑ
daže	d ɑ ʒ e̞ˑ
daže	t ɑ ʒ̥ e̞ˑ
defekta	d e̞ f e̞ˑ k t
defekta	t e̞ f e̞ˑ k t ɑ
dekabri	d e̞ k ɑˑ b rʲ
dekabri	t e̞ kˑ ɑː b̥ r i
dekabrikuu	d e̞ k ɑˑ b r i k uː
dekabrikuu	t e̞ kˑ ɑː b̥ r i k uː
detsimetra	d e̞ t͡s̠ ĭ m e̞ d r
detsimetra	t e̞ t͡s i m e̞ d̥ r ɑ
diafragma	d i ɑˑ f r ɑ ɡ m
diafragma	t i ɑˑ f r ɑ ɡ̊ m ɑ
dialekta	d i ɑˑ ɫ e̞ k t
dialekta	t i ɑˑ ɫ e̞ k t ɑ
diftonga	d i f t ŏ̞ ŋ ɡ
diftonga	t i f t o̞ ŋ ɡ̊ ɑ
diikkoi	d iː kː ŏ̞̥
diikkoi	t iː kː o̞ i̯
dispetcera	d i s̠ p ə t t͡ʃ e̞ r ɑˑ
dispetcera	t i ʃ p e̞ t t͡ʃ e̞ r ɑˑ
djuima	dʲ u i̯ m
djuima	tʲ u i̯ m ɑ
dobra	d o̞ b r
dobra	t o̞ b̥ r ɑ
dohteri	d o̞ h t e̞ rʲ
dohteri	t o̞ h t e̞ r i
dohtori	d o̞ h t ŏ̞ rʲ
dohtori	t o̞ h t o̞ r i
doktori	d o̞ k t ŏ̞ rʲ
doktori	t o̞ k t o̞ r i
doska	d o̞ s̠ k
doska	t o̞ ʃ k ɑ
draastui	d r ɑː s̠ t ŭ i̯
draastui	t r ɑː ʃ t u i̯
drofa	d r o̞ f ɑˑ
drofa	t r o̞ f ɑˑ
droobi	d r oː bʲ
droobi	t r o̝ː b̥ i
dubina	d u b iˑ n
dubina	t u pˑ iː n ɑ
durakka	d u r ɑˑ kː
durakka	t u r ɑˑ kː ɑ
duuba	d uː b
duuba	t uː b̥ ɑ
duumata	d uː m ə t
duumata	t uː m ɑ d̥ ɑ
dvortsa	d ʋ o̞ r t͡s̠
dvortsa	t ʋ o̞ r t͡s ɑ
däädä	dʲ æː dʲ
däädä	t æː d̥ æ
eel	e̞ e̞ˑ l
eel	e̞ e̞ˑ lʲː
eelle	e̞ e̞ˑ lʲː
eelle	e̞ e̞ˑ lː e̞
eelt	e̞ e̞ˑ l d̥
eelt	e̞ e̞ˑ lʲ t
eelus	eː ɫ ŭ z̠
eelus	e̝ː ɫ u ʒ̥
ees	eː z̠
ees	e̝ː ʒ̥
ees	e̞ e̞ˑ s̠ː
ees	e̞ e̞ˑ ʒ̥
eest	e̞ e̞ˑ s̠ t
eest	e̞ e̞ˑ ʃ t
eetä	e̞ e̞ˑ d̥ æ
eetä	e̞ e̞ˑ t
egle	e̞ ɡ lʲ
egle	e̞ ɡ̊ l e̞
eglelliin	e̞ ɡ lʲ ə lʲ lʲ i n e̞ˑ
eglelliin	e̞ ɡ̊ l e̞ lʲː iː n
eglen	e̞ ɡ l e̞ n
eglen	e̞ ɡ lʲ e̞ n
eglen	e̞ ɡ̊ l e̞ n
egliin	e̞ ɡ lʲ ĭ n
egliin	e̞ ɡ̊ lʲ iː n
ehittää	e̞ h iˑ tː æ
ehittää	e̞ ɣ̥ iˑ tː æː
ehki	e̞ x k i
ehki	e̞ x kʲ
ehkä	e̞ x k
ehkä	e̞ x k æ
ehtiissä	e̞ h t iː ʃː æ
ehtiissä	e̞ h tʲ i s̠ː
ehtiä	e̞ h t i æ
ehtiä	e̞ h t i æ ɡ̊
ehtiä	e̞ h tʲ e̞
ehtoisa	e̞ h t o̞ i̯ ʒ̥ ɑ
ehtoisa	e̞ h t ŏ̞ s̠
ehtoo	e̞ h t o̝ː
ehtoo	e̞ h t o̞
ei	e̞ i̯
eik	e̞ i̯ k
eik	e̞ i̯ ɡ̊
eine	e̞ i̯ n
eine	e̞ i̯ n e̞
eisimessarki	e̞ i̯ s̠ ĭ m e̞ s̠ s̠ ɑ r kʲ
eisimessarki	e̞ i̯ ʒ̥ i m e̞ ʃ ʃ ɑ r ɡ̊ i
eitse	e̞ i̯ t͡s e̞
eitse	e̞ i̯ t͡s̠
eitsi	e̞ i̯ t͡s i
eitsi	e̞ i̯ t͡s̠ʲ
eitsinikka	e̞ i̯ t͡s i n i kː ɑ
eitsinikka	e̞ i̯ t͡s̠ ĭ n ĭ kː
eksessiva	e̞ k s̠ ə s̠ s̠ i ʋ ɑˑ
eksessiva	e̞ k ʃ e̞ ʃ ʃ i ʋ ɑˑ
ekskavatora	e̞ k s̠ k ə ʋ ɑ t o̞ˑ r
ekskavatora	e̞ k ʃ k ɑ ʋ ɑ tˑ o̝ː r ɑ
eksyä	e̞ k s̠ ø̞
eksyä	e̞ k ʃ y æ
elativa	e̞ ɫ ɑˑ d̥ i ʋ ɑˑ
elativa	e̞ ɫ ɑˑ tʲ i ʋ ɑˑ
elektricestva	e̞ l e̞ˑ k t r i t͡ʃ e̞ ʃ t ʋ ɑ
elektricestva	e̞ lʲ e̞ˑ k t r i t͡ʃ e̞ s̠ t ʋ
elektricestvo	e̞ l e̞ˑ k t r i t͡ʃ e̞ ʃ t ʋ o̞
elektricestvo	e̞ lʲ e̞ˑ k t r i t͡ʃ e̞ s̠ t ʋ ŏ̞̥
elektrolamppu	e̞ lʲ e̞ˑ k t r o̞ l ɑ m pː u
elektrolamppu	e̞ lʲ e̞ˑ k t r o̞ lʲ ɑ m pː ŭ̥
elektrostantsia	e̞ l e̞ˑ k t r o̞ ʃ t ɑ n t͡s i ɑ
elektrostantsia	e̞ lʲ e̞ˑ k t r o̞ s̠ t ɑ n t͡s̠ e̞
elellä	e̞ l e̞ˑ lː æ
elellä	e̞ lʲ e̞ˑ lʲː
eli	e̞ lʲ iˑ
elkää	e̞ l k æː
elkää	e̞ l k æː n
elkää	e̞ lʲ k æ
ellää	e̞ lʲː æ
ellää	e̞ lː æː ɡ̊
ellää	e̞ lˑ æː
ellään	e̞ lʲː æ n
ellään	e̞ lˑ æː n
elo	e̞ ɫ o̞ˑ
elohiiri	e̞ ɫ o̞ˑ h iː r i
elohiiri	e̞ ɫ o̞ˑ h iː rʲ
elohoone	e̞ ɫ o̞ˑ h oː n
elohoone	e̞ ɫ o̞ˑ h o̝ː n e̞
elokas	e̞ ɫ o̞ˑ k ə z̠
elokas	e̞ ɫ o̞ˑ ɡ̊ ɑ ʒ̥
elokasmaailma	e̞ ɫ o̞ˑ k ɑ z̠ m ɑː i ɫ m
elokasmaailma	e̞ ɫ o̞ˑ ɡ̊ ɑ ʒ m ɑː i ɫ m ɑ
elokasvalkulain	e̞ ɫ o̞ˑ k ɑ z̠ ʋ ɑ ɫ k ŭ ɫ ə i̯ n
elokasvalkulain	e̞ ɫ o̞ˑ ɡ̊ ɑ ʒ ʋ ɑ ɫ ɡ̊ u ɫ ɑ i̯ n
elopaikka	e̞ ɫ o̞ˑ p ɑ i̯ kː
elopaikka	e̞ ɫ o̞ˑ p ɑ i̯ kː ɑ
elosooni	e̞ ɫ o̞ˑ s̠ oː nʲ
elosooni	e̞ ɫ o̞ˑ ʃ o̝ː n i
elpyä	e̞ l p y æ
elpyä	e̞ l p y æ ɡ̊
elpyä	e̞ lʲ p ø̞
elussella	e̞ ɫ uˑ s̠ː e̞ ɫː
elussella	e̞ ɫ uˑ ʃ ʃ e̞ ɫː ɑ
elustaa	e̞ ɫ uˑ s̠ t ɑ
elustaa	e̞ ɫ uˑ ʃ t ɑː
elvyttää	e̞ l ʋ y tː æː
elvyttää	e̞ lʲ ʋ ə tː æ
elä	e̞ l æˑ
elä	e̞ lʲ æˑ
elähtää	e̞ l æˑ h t æː
elähtää	e̞ lʲ æˑ h t æ
eläjä	e̞ l æˑ j æ
eläjä	e̞ lʲ æ i̯
eläjä	e̞ lː æː j æ
elämiin	e̞ l æˑ m i n
elämiin	e̞ l æˑ m iː n
elämiin	e̞ lʲ æˑ m i n
elämiin	e̞ lʲ æˑ m i n e̞ˑ
elämä	e̞ l æˑ m æ
elämä	e̞ lʲ æˑ m
elämä	e̞ lː æː m æ
elättäjä	e̞ l æˑ t t æ j æˑ
elättäjä	e̞ lʲ æˑ t t æ j æˑ
elättää	e̞ l æˑ tː æː
elättää	e̞ l æˑ tː æː ɡ̊
elättää	e̞ lʲ æˑ tː æ
elävä	e̞ lʲ æˑ ʋ
elävä	e̞ lˑ æː ʋ æ
elävähoppia	e̞ lʲ æˑ ʋ æ h o̞ pː e̞
elävähoppia	e̞ lˑ æː ʋ æ ɣ̥ o̞ pˑ i ɑ
emannain	e̞ m ɑˑ n n ɑ i̯ n
emikko	e̞ m iˑ kː o̞ i̯
emikko	e̞ m iˑ kː ŏ̞̥
emintimä	e̞ m iˑ n d̥ i m æˑ
emintimä	e̞ m iˑ n tʲ i m æˑ
emmä	e̞ mː
emmä	e̞ mː æ
emmä	e̞ mː æ n
emo	e̞ m o̞ˑ
emo	e̞ m o̞ˑ iˑ
emohut	e̞ m o̞ˑ h ŭ d
emohut	e̞ mˑ o̝ː ɣ̥ u d̥
emä	e̞ m æˑ
emäavanto	e̞ m æˑ ɑ ʋ ɑˑ n d̥ o̞
emäavanto	e̞ m æˑ ɑ ʋ ɑˑ n t ŏ̞̥
emäin	e̞ m æ i̯ n
emäin	e̞ mˑ æ i̯ n
emäjuuri	e̞ m æˑ j uː r i
emäjuuri	e̞ m æˑ j uː rʲ
emäkana	e̞ m æˑ k ɑ n ɑˑ
emäkana	e̞ m æˑ ɡ̊ ɑ n ɑˑ
emäkasvo	e̞ m æˑ k ɑ z̠ ʋ ŏ̞̥
emäkasvo	e̞ m æˑ ɡ̊ ɑ ʒ̥ ʋ o̞
emälaine	e̞ m æˑ ɫ ɑ i̯ n
emälaine	e̞ m æˑ ɫ ɑ i̯ n e̞
emälammas	e̞ m æˑ ɫ ɑ mː ɑ ʒ̥
emälammas	e̞ m æˑ ɫ ɑ mː ə z̠
emämaa	e̞ m æˑ m ɑː
emämaanporoda	e̞ m æˑ m ɑː m b̥ o̞ rˑ o̝ː d̥ ɑ
emämaanporoda	e̞ m æˑ m ɑː m p o̞ r o̞ˑ d
emämuna	e̞ m æˑ m u n ɑˑ
emänain	e̞ m æˑ n ɑ i̯ n
emännain	e̞ m æˑ n n ɑ i̯ n
emännäin	e̞ m æˑ n n æ i̯ n
emänoora	e̞ m æˑ n oː r
emänoora	e̞ m æˑ n o̝ː r ɑ
emäntä	e̞ m æˑ n d̥ æ
emäntä	e̞ m æˑ n t
emäpuu	e̞ m æˑ p uː
emäpääskö	e̞ m æˑ p æː s̠ k ø̞̥̆
emäpääskö	e̞ m æˑ p æː ʃ k ø̞ i̯
emätöin	e̞ m æˑ d̥ ø̞ i̯ n
emätöin	e̞ m æˑ t ø̞̆ i̯ n
en	e̞ n
enemmittee	e̞ n e̞ˑ m i tː e̞ n
enemmittee	e̞ n e̞ˑ m m i tː e̝ː
enemmittee	e̞ n e̞ˑ m m i tː e̞
enemmän	e̞ n e̞ˑ mː æ n
enemmän	e̞ n e̞ˑ mː ə n
enemmäst	e̞ n e̞ˑ mː æː ʃ t
enemmäst	e̞ n e̞ˑ mː ə s̠ t
enemp	e̞ n e̞ˑ m b̥
enemp	e̞ n e̞ˑ m pʲ
enemp	e̞ n e̞ˑ pʲ
enempää	e̞ n e̞ˑ m p æ
enempää	e̞ n e̞ˑ m p æː
enempää	e̞ n æˑ m p æː
energia	e̞ n e̞ˑ r k i ɑˑ
energia	e̞ n e̞ˑ r ɡ i ɑˑ
enne	e̞ nː
enne	e̞ nː e̞
ennemoin	e̞ nː e̞ m o̞ i̯ n
ennemoin	e̞ nː ə m ŏ̞ i̯ n
ennen	e̞ nː e̞ n
ennenaikain	e̞ nː e̞ n ɑ i̯ k ɑ i̯ n
ennenaikain	e̞ nː e̞ n ɑ i̯ k ə i̯ n
enneppäin	e̞ nː e̞ p p æ i̯ n
enneppäin	e̞ nː ə p p æ i̯ n
ennettää	e̞ nː e̞ tː æː
ennettää	e̞ nː ə tː æ
ennustaa	e̞ nː u ʃ t ɑː
ennustaa	e̞ nː ə s̠ t ɑ
ennää	e̞ nː æ
ennää	e̞ nː æː
ennää	e̞ nˑ æː
eno	e̞ n o̞ˑ
eno	e̞ n o̞ˑ iˑ
ensemässärki	e̞ n s̠ ə m æ s̠ s̠ æ r kʲ
ensemässärki	e̞ n ʒ̥ e̞ m æ ʃ ʃ æ r ɡ̊ i
ensiks	e̞ n s̠ ĭ k s̠
ensiks	e̞ n ʒ̥ iː k ʃ
ensikää	e̞ n s̠ ə k æ
ensikää	e̞ n ʒ̥ i ɡ̊ æː
ensikää	e̞ n ʒ̥ i ɡ̊ æː n
ensimäin	e̞ n s̠ ĭ m ə i̯ n
ensimäin	e̞ n ʒ̥ i m æ i̯ n
ensimäiseks	e̞ n s̠ ĭ m æ i̯ s̠ e̞ k s̠
ensimäiseks	e̞ n ʒ̥ i m æ i̯ ʒ̥ e̝ː k ʃ
ensimässarki	e̞ n s̠ ĭ m æ s̠ s̠ ɑ r kʲ
ensimässarki	e̞ n ʒ̥ i m æ ʃ ʃ ɑ r ɡ̊ i
ensimässärki	e̞ n s̠ ĭ m æ s̠ s̠ æ r kʲ
ensimässärki	e̞ n ʒ̥ i m æ ʃ ʃ æ r ɡ̊ i
ensin	e̞ n s̠ ĭ n
ensin	e̞ n ʒ̥ i n
ensipäivä	e̞ n s̠ ĭ p æ i̯ ʋ
ensipäivä	e̞ n ʒ̥ i p æ i̯ ʋ æ
ensistää	e̞ n s̠ ə s̠ t æ
ensistää	e̞ n ʒ̥ i ʃ t æː
ensti	e̞ n s̠ tʲ
ensti	e̞ n ʃ t i
enstää	e̞ n s̠ t æ
enstää	e̞ n ʃ t æː
entiin	e̞ n t iː n
entiin	e̞ n tʲ ĭ n
entoaika	e̞ n d̥ o̞ ɑ i̯ ɡ̊ ɑ
entoaika	e̞ n t o̞ ɑ i̯ k
epäellä	e̞ b̥ æˑ e̞ lː æ
epäellä	e̞ pː æ e̞ lʲː
epäjumala	e̞ b̥ æˑ j u mˑ ɑː ɫ ɑ
epäjumala	e̞ p æˑ j u m ɑˑ ɫ
epässyttää	e̞ b̥ æˑ ʃ ʃ y tː æː
epässyttää	e̞ p æˑ s̠ s̠ y tː æ
epästyä	e̞ b̥ æˑ ʃ t y æˑ
epästyä	e̞ p æˑ s̠ tʲ y æˑ
epäsurma	e̞ b̥ æˑ ʒ̥ u r m ɑ
epäsurma	e̞ p æˑ s̠ u r m
erahua	e̞ r ɑˑ h u ɑˑ
erahua	e̞ r ɑˑ h u ɑˑ ɡ̊
erahus	e̞ r ɑˑ h ŭ z̠
erahus	e̞ r ɑˑ ɣ̥ u ʒ̥
erahussa	e̞ r ɑˑ h ŭ s̠ː
erahussa	e̞ r ɑˑ ɣ̥ u ʃː ɑ
eri	e̞ r iˑ
erikko	e̞ r i kː o̞ i̯
erikko	e̞ r iˑ kː o̞ i̯
erikko	e̞ r iˑ kː ŏ̞̥
erikko	e̞ r kː o̞ i̯
erikkokrapu	e̞ r iˑ kː o̞ i̯ ɡ̊ r ɑ b̥ uˑ
erikkokrapu	e̞ r iˑ kː o̞ k r ɑ p uˑ
eriksee	e̞ r iˑ k s̠ e̞
eriksee	e̞ r iˑ k ʃ e̝ː
erilaajain	e̞ r iˑ ɫ ɑː j ɑ i̯ n
erilaajain	e̞ r iˑ ɫ ɑː j ə i̯ n
erilain	e̞ r iˑ ɫ ɑ i̯ n
erilain	e̞ r iˑ ɫ ə i̯ n
eriliin	e̞ r iˑ l iː n
eriliin	e̞ r iˑ lʲ i n e̞ˑ
erillää	e̞ r iˑ lʲː æ
erillää	e̞ r iˑ lː æː
erimittee	e̞ r iˑ m i tː e̝ː
erimittee	e̞ r iˑ m i tː e̞
eripainoin	e̞ r iˑ p ɑ i̯ n o̞ i̯ n
eripainoin	e̞ r iˑ p ɑ i̯ n ŏ̞ i̯ n
erittee	e̞ r iˑ tː e̝ː
erittee	e̞ r iˑ tː e̝ː n
erittee	e̞ r iˑ tː e̞
erittyä	e̞ r iˑ t t y æˑ
erittyä	e̞ r iˑ tʲ tʲ y æˑ
erittäin	e̞ r iˑ tː æ i̯ n
erittäin	e̞ r iˑ tː ə n
erittäissä	e̞ r iˑ t t æ i̯ s̠ː
erittäissä	e̞ r iˑ t t æ i̯ ʃː æ
erittää	e̞ r iˑ tː æ
erittää	e̞ r iˑ tː æː
erityin	e̞ r iˑ t y i̯ n
erityin	e̞ r iˑ t y̆ i̯ n
ero	e̞ r o̞ˑ
erohua	e̞ r o̞ˑ h u ɑˑ
eroitella	e̞ r o̞ i̯ t e̞ ɫː
eroitella	e̞ rˑ o̞ i̯ d̥ e̞ ɫː ɑ
eroitos	e̞ r o̞ i̯ d̥ o̞ ʒ̥
eroitos	e̞ r o̞ i̯ t ŏ̞ z̠
eroittaa	e̞ r o̞ i̯ tː ɑ
eroittaa	e̞ rˑ o̞ i̯ tː ɑː
eroittaissa	e̞ r o̞ i̯ tː ə i̯ s̠ː
eroittaissa	e̞ rˑ o̞ i̯ t t ɑ i̯ ʃː ɑ
erojaiset	e̞ r o̞ˑ j ɑ i̯ s̠ e̞ d
erojaiset	e̞ r o̞ˑ j ɑ i̯ ʃ t
erojaiset	e̞ r o̞ˑ j ɑ i̯ ʒ̥ e̞ d̥
erota	e̞ r o̞ˑ d̥ ɑ
erota	e̞ r o̞ˑ t
erroissa	e̞ rː ŏ̞ s̠ː
erroissa	e̞ rˑ o̞ i̯ ʃː ɑ
esi	e̞ s̠ iˑ
esi	e̞ ʒ̥ iˑ
esijalka	e̞ s̠ iˑ j ɑ ɫ k
esijalka	e̞ ʒ̥ iˑ j ɑ ɫ ɡ̊ ɑ
esimerkiks	e̞ s̠ iˑ m e̞ r k ĭ k s̠
esimerkiks	e̞ ʒ̥ iˑ m e̞ r k iː k ʃ
esimerkilliin	e̞ s̠ iˑ m e̞ r k ĭ lʲ lʲ i n e̞ˑ
esimerkilliin	e̞ ʒ̥ iˑ m e̞ r ɡ̊ i lː iː n
esimerkki	e̞ s̠ iˑ m e̞ r kʲː
esimerkki	e̞ ʒ̥ iˑ m e̞ r kː i
esinootta	e̞ s̠ iˑ n oː tː
esinootta	e̞ ʒ̥ iˑ n o̝ː tː ɑ
esinukka	e̞ s̠ iˑ n u kː
esinukka	e̞ ʒ̥ iˑ n u kː ɑ
esipaju	e̞ s̠ iˑ p ɑ j uˑ
esipaju	e̞ ʒ̥ iˑ b̥ ɑ j uˑ
esiperin	e̞ s̠ iˑ p e̞ r iˑ n
esiperin	e̞ ʒ̥ iˑ b̥ e̞ r iˑ n
esipertti	e̞ s̠ iˑ p e̞ r tʲː
esipertti	e̞ ʒ̥ iˑ b̥ e̞ r tː i
esipooli	e̞ s̠ iˑ p oː lʲ
esipooli	e̞ ʒ̥ iˑ p o̝ː l i
esisana	e̞ s̠ iˑ s̠ ɑ n ɑˑ
esisana	e̞ ʒ̥ iˑ ʒ̥ ɑ n ɑˑ
eskimosa	e̞ s̠ k ĭ m o̞ s̠ ɑˑ
eskimosa	e̞ ʃ k i m o̞ ʒ̥ ɑˑ
esmessarki	e̞ s̠ m ə s̠ s̠ ɑ r kʲ
esmessarki	e̞ ʒ̥ m e̞ ʃ ʃ ɑ r ɡ̊ i
eso	e̞ s̠ o̞ˑ
eso	e̞ ʒ̥ o̞ i̯
esse	e̞ s̠ː
esse	e̞ ʃː e̞
essiiva	e̞ s̠ː i ʋ
essiiva	e̞ ʃː iː ʋ ɑ
essyttää	e̞ s̠ː ə tː æ
essyttää	e̞ ʃː y tː æː
estyä	e̞ s̠ tʲ ø̞
estyä	e̞ ʃ t y æ
estäjä	e̞ s̠ t ə i̯
estäjä	e̞ ʃ t æ j æ
estää	e̞ s̠ t æ
estää	e̞ ʃ t æː
estää	e̞ ʃ t æː ɡ̊
et	e̞ d
et	e̞ d̥
etelä	e̞ t e̞ˑ lʲ
etelä	e̞ tˑ e̝ː l æ
etelätuuli	e̞ t e̞ˑ lʲ æ t uː lʲ
etelätuuli	e̞ tˑ e̝ː l æ t uː l i
etemmittee	e̞ d̥ e̞ˑ m m i tː e̝ː
etemmittee	e̞ t e̞ˑ m m i tː e̞
etemmäitse	e̞ d̥ e̞ˑ m m æ i̯ t͡s e̞
etemmäitse	e̞ t e̞ˑ mː ə t͡s̠
etemmäks	e̞ d̥ e̞ˑ mː æ k ʃ
etemmäks	e̞ d̥ e̞ˑ mː æː k ʃ
etemmäks	e̞ t e̞ˑ mː ə k s̠
etemmälle	e̞ d̥ e̞ˑ m m æ lː e̞
etemmälle	e̞ t e̞ˑ mː ə lʲː
etemmält	e̞ d̥ e̞ˑ mː æː lʲ d̥
etemmält	e̞ t e̞ˑ mː ə lʲ t
etemmän	e̞ d̥ e̞ˑ mː æ n
etemmän	e̞ t e̞ˑ mː ə n
etemmäs	e̞ d̥ e̞ˑ mː æ ʒ̥
etemmäs	e̞ t e̞ˑ mː ə z̠
etemmääl	e̞ d̥ e̞ˑ mː æː l
etemmääl	e̞ t e̞ˑ mː ə lʲː
etemp	e̞ d̥ e̞ˑ m b̥
etemp	e̞ t e̞ˑ m p
etempäin	e̞ d̥ e̞ˑ m p æ i̯ n
etempäin	e̞ t e̞ˑ m p ə i̯ n
etes	e̞ d̥ e̞ˑ ʒ̥
etes	e̞ t e̞ˑ z̠
etespäin	e̞ d̥ e̞ˑ ʃ p æ i̯ n
etespäin	e̞ t e̞ˑ s̠ p æ i̯
etevä	e̞ t e̞ˑ ʋ
etevä	e̞ tˑ e̝ː ʋ æ
etimäin	e̞ d̥ iˑ m æ i̯ n
etimäin	e̞ tʲ iˑ m ə i̯ n
etsijä	e̞ t͡s i j æ
etsijä	e̞ t͡s̠ ĭ j
etsiä	e̞ t͡s i æ
etsiä	e̞ t͡s i æ ɡ̊
etsiä	e̞ t͡s̠ e̞
etso	e̞ t͡s o̞
etso	e̞ t͡s̠ ŏ̞̥
ettee	e̞ tː e̞
ettee	e̞ tˑ e̝ː
etteeneeglan	e̞ tː e̞ n eː ɡ ɫ ə n
etteeneeglan	e̞ tˑ e̝ː n e̝ː ɡ̊ ɫ ɑ n
etteepäin	e̞ tː e̞ m p æ i̯
etteepäin	e̞ tˑ e̝ː p p æ i̯ n
etti	e̞ tʲː
etti	e̞ tː i
että	e̞ tː
että	e̞ tː æ
ettää	e̞ tː æ
ettää	e̞ tˑ æː
etujalka	e̞ d̥ uˑ j ɑ ɫ ɡ̊ ɑ
etujalka	e̞ t uˑ j ɑ ɫ k
etukättee	e̞ d̥ uˑ ɡ̊ æ tˑ e̝ː
etukättee	e̞ t uˑ k æ tː e̞
etähittee	e̞ d̥ æˑ ɣ̥ i tː e̝ː
etähittee	e̞ t æˑ h i tː e̞
etähäin	e̞ d̥ æˑ h æ i̯ n
etähäin	e̞ t æˑ h ə i̯ n
etähäisys	e̞ d̥ æˑ h æ i̯ ʒ̥ y ʒ̥
etähäisys	e̞ t æˑ h æ i̯ s̠ y̆ z̠
etähäitse	e̞ d̥ æˑ h æ i̯ t͡s e̞
etähäitse	e̞ t æˑ h ə t͡s̠
etähälle	e̞ d̥ æˑ h æ l e̞ˑ n
etähälle	e̞ d̥ æˑ ɣ̥ æ lː e̞
etähälle	e̞ tː æ lʲː
etähält	e̞ d̥ æˑ h æ lʲ d̥
etähält	e̞ d̥ æˑ h æː lʲ d̥
etähält	e̞ tː æ lʲ t
etähääl	e̞ d̥ æˑ h æ l
etähääl	e̞ d̥ æˑ h æː l
etähääl	e̞ tː æ lʲː
euksi	e̞ u̯ k s̠ʲ
euksi	e̞ u̯ k ʃ i
eus	e̞ uˑ z̠
eus	e̞ uˑ ʒ̥
evenka	e̞ ʋ e̞ˑ ŋ k
evenka	e̞ ʋ e̞ˑ ŋ ɡ̊ ɑ
eväs	e̞ ʋ æˑ z̠
eväs	e̞ ʋ æˑ ʒ̥
evät	e̞ i̯ ʋ æ d̥
evät	e̞ ʋ æˑ d
evät	e̞ ʋ æˑ d̥
faabrikka	f ɑː b r ĭ kː
faabrikka	f ɑː b̥ r i kː ɑ
fakta	f ɑ k t
fakta	f ɑ k t ɑ
familia	f ɑ m iˑ lʲ i ɑˑ
farfori	f ɑ r f o̞ r i
farfori	f ɑ r f ŏ̞ rʲ
fartukki	f ɑ r t u kː i
fartukki	f ɑ r t ŭ kʲː
fevrali	f e̞ ʋ r ɑ l i
fevrali	f e̞ ʋ r ə lʲ
fevralikuu	f e̞ ʋ r ɑ l i k uː
fevralikuu	f e̞ ʋ r ə lʲ i k uː
figura	f i kˑ uː r ɑ
figura	f i ɡ uˑ r
fizkulttuura	f i z̠ k u ɫ tː u r
fizkulttuura	f i ʃ k u ɫ tː uː r ɑ
flakku	f ɫ ɑ kː u
flakku	f ɫ ɑ kː ŭ̥
flaneli	f ɫ ɑ n e̞ˑ lʲ
flaneli	f ɫ ɑ nˑ e̝ː lʲ i
flootta	f ɫ oː tː
flootta	f ɫ o̝ː tː ɑ
foljklora	f o̞ lʲ k ɫ ŏ̞ r
foljklora	f o̞ lʲ ɡ̊ ɫ o̞ r ɑ
fonari	f o̞ n ɑˑ rʲ
fonari	f o̞ nˑ ɑː r i
fonetikka	f o̞ n e̞ˑ d̥ i kː ɑ
fonetikka	f o̞ n e̞ˑ tʲ ĭ kː
fonettiin	f o̞ n e̞ˑ tʲ tʲ i n e̞ˑ
fonettiin	f o̞ n e̞ˑ tː iː n
foofana	f oː f ə n
foofana	f o̝ː f ɑ n ɑ
fookusnikka	f oː k ŭ s̠ n ĭ kː
fookusnikka	f o̝ː ɡ̊ u ʒ n i kː ɑ
foona	f oː n
foona	f o̝ː n ɑ
forma	f o̞ r m
forma	f o̞ r m ɑ
formaaliin	f o̞ r m ɑ lʲ i n e̞ˑ
formaaliin	f o̞ r m ɑː l iː n
formain	f o̞ r m ɑ i̯ n
formain	f o̞ r m ə i̯ n
formennoi	f o̞ r m e̞ nː o̞ i̯
formennoi	f o̞ r m ə nː ŏ̞ i̯
fortocka	f o̞ r d̥ o̞ t͡ʃ k ɑ
fortocka	f o̞ r t ŏ̞ t͡ʃ k
frantsilain	f r ɑ n t͡s i ɫ ɑ i̯ n
frantsilain	f r ɑ n t͡s̠ ĭ ɫ ə i̯ n
frovva	f r o̞ ʋː
frovva	f r o̞ ʋː ɑ
fugantka	f u ɡ ɑˑ n t k
fugantka	f u ɡ̊ ɑˑ n t k ɑ
fundamentti	f u n d ə m e̞ n tʲː
fundamentti	f u n d̥ ɑ m e̞ n tː i
furažka	f u r ɑˑ ʃ k ɑ
furažka	f u r ɑˑ ʒ k
furskaa	f u r s̠ k ɑ
furskaa	f u r ʃ k ɑː
furskata	f u r s̠ k ə t
furskata	f u r ʃ k ɑ d̥ ɑ
föklä	f ø̞ ɡ lʲ
föklä	f ø̞ ɡ̊ l æ
gadjukka	k ɑ d̥ʲ uˑ kː ɑ
gadjukka	ɡ ɑ dʲ uˑ kː
gaika	k ɑ i̯ ɡ̊ ɑ
gaika	ɡ ɑ i̯ k
garmani	k ɑ r m ɑ n i
garmani	ɡ ɑ r m ə nʲ
garmanššikka	k ɑ r m ɑ n ʃ ʃ i kː ɑ
garmanššikka	ɡ ɑ r m ə n ʃː ĭ kː
garmoni	k ɑ r m o̞ n i
garmoni	ɡ ɑ r m ŏ̞ nʲ
garmonia	k ɑ r m o̞ n i ɑˑ
garmonia	ɡ ɑ r m ŏ̞ n i ɑˑ
garmonia	ɡ ɑ r m ə n e̞
garmonššikka	k ɑ r m o̞ n ʃ ʃ i kː ɑ
garmonššikka	ɡ ɑ r m ŏ̞ n ʃː ĭ kː
gazetcikka	k ɑ ʒ̥ e̞ˑ t t͡ʃ i kː ɑ
gazetcikka	ɡ ɑ z̠ e̞ˑ t t͡ʃ ĭ kː
gazetti	k ɑ ʒ̥ e̞ˑ tː i
gazetti	ɡ ɑ z̠ e̞ˑ tʲː
geminatta	k e̞ m iˑ n ɑ tː ɑ
geminatta	ɡ e̞ m iˑ n ɑ tː
genetiva	k e̞ n e̞ˑ d̥ i ʋ ɑˑ
genetiva	ɡ e̞ n e̞ˑ tʲ i ʋ ɑˑ
geografia	k e̞ o̞ˑ k r ɑ f i ɑ
geografia	ɡ e̞ o̞ˑ ɡ r ɑ f eː
geografiakartta	k e̞ o̞ˑ ɡ̊ r ɑ fˑ i ɑ ɡ̊ ɑ r tː ɑ
geografiakartta	ɡ e̞ o̞ˑ ɡ r ɑ fː e̞ k ɑ r tː
geografiatunni	k e̞ o̞ˑ ɡ̊ r ɑ fˑ i ɑ d̥ u nː i
geografiatunni	ɡ e̞ o̞ˑ ɡ r ɑ fː e̞ t u nʲː
georgiini	k e̞ o̞ˑ r k iː n i
georgiini	ɡ e̞ o̞ˑ r ɡ i nʲ
gidrostantsia	k i d̥ r o̞ ʃ t ɑ n t͡s i ɑ
gidrostantsia	ɡ i d r ŏ̞ s̠ t ɑ n t͡s̠ e̞
gitari	k i tˑ ɑː r i
gitari	ɡ i t ɑˑ rʲ
glaisa	k ɫ ɑ i̯ ʒ̥ ɑ
glaisa	ɡ ɫ ɑ i̯ s̠
glaisikko	k ɫ ɑ i̯ ʒ̥ i kː o̞ i̯
glaisikko	ɡ ɫ ɑ i̯ s̠ ə kː ŏ̞̥
glasi	k ɫ ɑ ʒ̥ iˑ
glasi	ɡ ɫ ɑ s̠ iˑ
glasnoi	k ɫ ɑ ʒ̥ n o̞ i̯
glasnoi	ɡ ɫ ɑ s̠ n ŏ̞̥
glava	k ɫ ɑ ʋ ɑˑ
glava	ɡ ɫ ɑ ʋ ɑˑ
glavnoi	k ɫ ɑ ʋ n o̞ i̯
glavnoi	ɡ ɫ ɑ ʋ n ŏ̞̥
gloobusa	k ɫ o̝ː b̥ u ʒ̥ ɑ
gloobusa	ɡ ɫ oː b ŭ s̠
gluuhhoi	k ɫ uː xː o̞ i̯
gluuhhoi	ɡ ɫ uː xː ŏ̞̥
gluuhkoi	k ɫ uː x k o̞ i̯
gluuhkoi	ɡ ɫ uː x k ŏ̞̥
gololeditsa	k o̞ ɫ o̞ˑ ɫ e̞ d̥ iˑ t͡s ɑ
gololeditsa	ɡ o̞ ɫ o̞ˑ ɫ e̞ d iˑ t͡s̠
golubi	k o̞ ɫˑ uː b̥ i
golubi	ɡ o̞ ɫ uˑ bʲ
gorba	k o̞ r b̥ ɑ
gorba	ɡ o̞ r b
gorbain	k o̞ r p ɑ i̯ n
gorbain	ɡ o̞ r b ə i̯ n
gorilla	k o̞ r iˑ ɫː ɑ
gorilla	ɡ o̞ r iˑ ɫː
gornicnoi	k o̞ r n i t͡ʃ n o̞ i̯
gornicnoi	ɡ o̞ r n ə t͡ʃ n ŏ̞̥
gortsa	k o̞ r t͡s ɑ
gortsa	ɡ o̞ r t͡s̠
gramma	k r ɑ mː ɑ
gramma	ɡ r ɑ mː
grammatikka	k r ɑ mː ɑ d̥ i kː ɑ
grammatikka	ɡ r ɑ mː ə tʲ i kː
granitta	k r ɑ n iˑ tː ɑ
granitta	ɡ r ɑ n iˑ tː
greecina	k r e̝ː t͡s i n ɑ
greecina	k r e̝ː t͡ʃ i n ɑ
greecina	ɡ r eː t͡ʃ ĭ n
greecinain	k r e̝ː t͡s i n ɑ i̯ n
greecinain	k r e̝ː t͡ʃ i n ɑ i̯ n
greecinain	ɡ r eː t͡ʃ ĭ n ə i̯ n
greecinasuurima	k r e̝ː t͡s i n ɑ ʃ uː r i m ɑ
greecinasuurima	k r e̝ː t͡ʃ i n ɑ ʃ uː r i m ɑ
greecinasuurima	ɡ r eː t͡ʃ ə n ɑ s̠ uː r ĭ m
griba	k r i b̥ ɑˑ
griba	ɡ r i b ɑˑ
gribavihma	k r i b̥ ɑˑ ʋ i ɣ̥ m ɑ
gribavihma	ɡ r i b ɑˑ ʋ i h m
griuna	k r i u̯ n ɑ
griuna	ɡ r i u̯ n
groba	k r o̞ b̥ ɑˑ
groba	ɡ r o̞ b ɑˑ
gromootvoda	k r o̞ m o̞ˑ o̞ d̥ ʋ o̞ d̥ ɑ
gromootvoda	ɡ r o̞ m o̞ˑ o̞ d ʋ ŏ̞ d
groošša	k r o̝ː ʃː ɑ
groošša	ɡ r oː ʃː
grudnikka	k r u d̥ n i kː ɑ
grudnikka	ɡ r u d n ĭ kː
gruntti	k r u n tː i
gruntti	ɡ r u n tʲː
gruppa	k r u pː ɑ
gruppa	ɡ r u pː
grusti	k r u ʃ t i
grusti	ɡ r u s̠ tʲ
gruuša	k r uː ʒ̥ ɑ
gruuša	ɡ r uː ʃ
gruušapuu	k r uː ʒ̥ ɑ p uː
gruušapuu	ɡ r uː ʃ ə p uː
gubernaattori	k u b̥ e̞ˑ r n ɑː tː o̞ r i
gubernaattori	ɡ u b e̞ˑ r n ɑː tː ŏ̞ rʲ
guberni	k u b̥ e̞ˑ r n i
guberni	ɡ u b e̞ˑ r nʲ
guljaittaa	k u lʲˑ ɑ i̯ tː ɑː
guljaittaa	ɡ u lʲː ə tː ɑ
guljanja	k u lʲ ɑˑ n j ɑ
guljanja	ɡ u lʲ ɑ ɲː
haalia	h ɑː lʲ e̞
haalia	h ɑː lʲ i ɑ
haapa	h ɑː b̥ ɑ
haapa	h ɑː p
haapain	h ɑː p ɑ i̯ n
haapain	h ɑː p ə i̯ n
haapakookka	h ɑː b̥ ɑ k o̝ː kː ɑ
haapakookka	h ɑː p ə k oː kː
haapakoukku	h ɑː b̥ ɑ k o̞ u̯ kː u
haapakoukku	h ɑː p ə k o̞ u̯ kː ŭ̥
haapametsä	h ɑː b̥ ɑ m e̞ t͡s æ
haapametsä	h ɑː p ə m e̞ t͡s̠
haapaopokka	h ɑː b̥ ɑ o̞ b̥ o̞ˑ kː ɑ
haapaopokka	h ɑː p ɑ o̞ p o̞ˑ kː
haapaseeni	h ɑː b̥ ɑ ʃ e̝ː n i
haapaseeni	h ɑː p ə s̠ eː nʲ
haara	h ɑː r
haara	h ɑː r ɑ
haarain	h ɑː r ɑ i̯ n
haarain	h ɑː r ə i̯ n
haarikas	h ɑː r i ɡ̊ ɑ ʒ̥
haarikas	h ɑː r ĭ k ə z̠
haastaa	h ɑː s̠ t ɑ
haastaa	h ɑː ʃ t ɑː
haava	h ɑː ʋ
haava	h ɑː ʋ ɑ
haavavoije	h ɑː ʋ ɑ ʋ o̞ i̯ j e̞
haavavoije	h ɑː ʋ ə ʋ o̞ i̯ j
haaveri	h ɑː ʋ e̞ r i
haaveri	h ɑː ʋ e̞ rʲ
habras	h ɑ b r ɑ ʒ̥
habras	h ɑ b r ə z̠
habras	h ɑ b̥ r ɑ ʒ̥
habrastava	h ɑ b r ə s̠ t ɑ ʋ ɑˑ
habrastava	h ɑ b̥ r ɑ ʃ t ɑ ʋ ɑˑ
hah	h ɑ h
hah	h ɑ ɣ̥
hahattaa	h ɑ h ɑˑ tː ɑ
hahattaa	h ɑ ɣ̥ ɑˑ tː ɑː
hahlat	h ɑ h ɫ ə d
hahlat	h ɑ ɣ̥ ɫ ɑ d̥
haihtua	h ɑ i̯ h t o̞
haihtua	h ɑ i̯ h t u ɑ
haijoissa	h ɑ jː ŏ̞ s̠ː
haijoissa	h ɑ jˑ o̞ i̯ ʃː ɑ
haikotella	h ɑ i̯ k ŏ̞ t e̞ ɫː
haikotella	h ɑ i̯ ɡ̊ o̞ i̯ d̥ e̞ ɫː ɑ
haikottaa	h ɑ i̯ k ə tː ɑ
haikottaa	h ɑ i̯ ɡ̊ o̞ i̯ tː ɑː
haikotus	h ɑ i̯ k ŏ̞ t ŭ z̠
haikotus	h ɑ i̯ ɡ̊ o̞ i̯ d̥ u ʒ̥
haikotuttaa	h ɑ i̯ k ŏ̞ t u tː ɑ
haikotuttaa	h ɑ i̯ ɡ̊ o̞ i̯ d̥ u tː ɑː
haikutos	h ɑ i̯ k ŭ t ŏ̞ z̠
haikutos	h ɑ i̯ ɡ̊ u d̥ o̞ ʒ̥
haili	h ɑ i̯ l i
haili	h ɑ i̯ lʲ
hailinkutu	h ɑ i̯ l i ŋ ɡ̊ u d̥ uˑ
hailinkutu	h ɑ i̯ lʲ ĭ ŋ k u t uˑ
hailisuppi	h ɑ i̯ l i ʒ̥ u pː i
hailisuppi	h ɑ i̯ lʲ ĭ s̠ u pʲː
hailiverkko	h ɑ i̯ l i ʋ e̞ r kː o̞
hailiverkko	h ɑ i̯ lʲ ĭ ʋ e̞ r kː ŏ̞̥
haiso	h ɑ i̯ s̠ ŏ̞̥
haiso	h ɑ i̯ ʒ̥ o̞
haiso	h ɑ i̯ ʒ̥ o̞ ɡ̊
haisotella	h ɑ i̯ s̠ ŏ̞ t e̞ ɫː
haisotella	h ɑ i̯ ʒ̥ o̞ d̥ e̞ ɫː ɑ
haisottaa	h ɑ i̯ s̠ ə tː ɑ
haisottaa	h ɑ i̯ ʒ̥ o̞ tː ɑː
haissa	h ɑ i̯ s̠ː
haissa	h ɑ i̯ ʃː ɑ
haissa	h ɑ i̯ ʃː ɑ ɡ̊
haissella	h ɑ i̯ s̠ː e̞ ɫː
haissella	h ɑ i̯ ʃː e̞ ɫː ɑ
haisu	h ɑ i̯ s̠ ŭ̥
haisu	h ɑ i̯ ʒ̥ u
haisua	h ɑ i̯ s̠ o̞
haisua	h ɑ i̯ ʃ u ɑ
hajahtaa	h ɑ j ɑˑ h t ɑ
hajahtaa	h ɑ j ɑˑ h t ɑː
hajottaa	h ɑ j o̞ i̯ tː ɑː
hajottaa	h ɑ j o̞ˑ tː ɑ
haju	h ɑ j uˑ
hajuin	h ɑ j u i̯ n
hajuin	h ɑ jˑ u i̯ n
hakata	h ɑ k ɑˑ t
hakata	h ɑ ɡ̊ ɑˑ d̥ ɑ
hakata	h ɑ ɡ̊ ɑˑ d̥ ɑ ɡ̊
hakkiissa	h ɑ kː i s̠ː
hakkiissa	h ɑ kː iː ʃː ɑ
hako	h ɑ k o̞ˑ
hako	h ɑ ɡ̊ o̞ˑ
hakuli	h ɑ k uˑ lʲ
hakuli	h ɑ kˑ uː l i
halata	h ɑ ɫ ɑˑ d̥ ɑ
halata	h ɑ ɫ ɑˑ t
haleri	h ɑ ɫ e̞ˑ rʲ
haleri	h ɑ ɫˑ e̝ː r i
haleta	h ɑ ɫ e̞ˑ d̥ ɑ
haleta	h ɑ ɫ e̞ˑ d̥ ɑ ɡ̊
haleta	h ɑ ɫ e̞ˑ t
haletella	h ɑ ɫ e̞ˑ d̥ e̞ ɫː ɑ
haletella	h ɑ ɫ e̞ˑ d̥ e̞ ɫː ɑ ɡ̊
haletella	h ɑ ɫ e̞ˑ t e̞ ɫː
halettaa	h ɑ ɫ e̞ˑ tː ɑ
halettaa	h ɑ ɫ e̞ˑ tː ɑ ɡ̊
halettaa	h ɑ ɫ e̞ˑ tː ɑː
haljas	h ɑ lʲ j ɑ ʒ̥
haljas	h ɑ lʲː ə z̠
halki	h ɑ ɫ kʲ
halki	h ɑ ɫ ɡ̊ i
halko	h ɑ ɫ k ŏ̞̥
halko	h ɑ ɫ ɡ̊ o̞
halkomytty	h ɑ ɫ k ŏ̞ m y tʲː y̥̆
halkomytty	h ɑ ɫ ɡ̊ o̞ m y tː y
halla	h ɑ ɫː
halla	h ɑ ɫː ɑ
halli	h ɑ lʲː
halli	h ɑ lː i
hallia	h ɑ lʲː e̞
hallia	h ɑ lː i ɑ
hallia	h ɑ lˑ i ɑ
hallihyle	h ɑ lʲː i ɣ̥ y lʲ e̞ˑ
hallihyle	h ɑ lʲː ĭ h y lʲ e̞ˑ
halluus	h ɑ ɫː u z̠
halluus	h ɑ ɫː uː ʒ̥
haltias	h ɑ ɫ t i ɑ ʒ̥
haltias	h ɑ ɫ tʲ e̞ z̠
halu	h ɑ ɫ uˑ
haluta	h ɑ ɫ uˑ d̥ ɑ
haluta	h ɑ ɫ uˑ t
halva	h ɑ ɫ ʋ
halva	h ɑ ɫ ʋ ɑ
hamara	h ɑ m ɑˑ r
hamara	h ɑ mː ɑː r ɑ
hamara	h ɑ mˑ ɑː r ɑ
hame	h ɑ m e̞ˑ
hame	h ɑ m e̞ˑ h
hammas	h ɑ mː ɑ ʒ̥
hammas	h ɑ mː ə z̠
hampaat	h ɑ m p ɑ d
hampaat	h ɑ m p ɑ ɣ̥ ɑ d̥
hana	h ɑ n ɑˑ
hanhi	h ɑ n h i
hanhi	h ɑ n iˑ
hanhi	h ɑ n ɣ̥ i
hanki	h ɑ ŋ kʲ
hanki	h ɑ ŋ ɡ̊ i
hankkia	h ɑ ŋ kː e̞
hankkia	h ɑ ŋ kː i ɑ
hankkia	h ɑ ŋ kː i ɑ ɡ̊
hanko	h ɑ ŋ k ŏ̞̥
hanko	h ɑ ŋ ɡ̊ o̞
hano	h ɑ n o̞ i̯
hano	h ɑ n o̞ˑ
hansata	h ɑ n s̠ ə t
hansata	h ɑ n ʒ̥ ɑ d̥ ɑ
hantara	h ɑ n t ɑ r ɑ
hantara	h ɑ n t ə r
hapa	h ɑ b̥ ɑˑ
hapa	h ɑ p ɑˑ
hapalka	h ɑ b̥ ɑˑ ɫ ɡ̊ ɑ
hapalka	h ɑ p ɑˑ ɫ k
hapan	h ɑ b̥ ɑˑ n
hapan	h ɑ p ɑˑ n
hapannoittaa	h ɑ b̥ ɑˑ n n o̞ i̯ tː ɑ ɡ̊
hapannoittaa	h ɑ b̥ ɑˑ n n o̞ i̯ tː ɑː
hapannoittaa	h ɑ p ɑˑ n n o̞ i̯ tː ɑ
hapannos	h ɑ b̥ ɑˑ nː o̞ ʒ̥
hapannos	h ɑ p ɑˑ nː ŏ̞ z̠
hapanrokka	h ɑ b̥ ɑˑ n r o̞ kː ɑ
hapanrokka	h ɑ p ɑˑ n r o̞ kː
hapantaa	h ɑ b̥ ɑˑ n d̥ ɑː
hapantaa	h ɑ b̥ ɑˑ n tː ɑː ɡ̊
hapantaa	h ɑ p ɑˑ n t ɑ
hapantaikina	h ɑ b̥ ɑˑ n t ɑ i̯ ɡ̊ i n ɑ
hapantaikina	h ɑ p ɑˑ n t ɑ i̯ k ĭ n
hapantua	h ɑ b̥ ɑˑ n d̥ u ɑˑ
hapantua	h ɑ p ɑˑ n t u ɑˑ
hapanvesi	h ɑ b̥ ɑˑ n ʋ e̞ ʒ̥ iˑ
hapanvesi	h ɑ p ɑˑ n ʋ e̞ s̠ iˑ
haparoija	h ɑ b̥ ɑˑ r o̞ i̯ j ɑ
haparoija	h ɑ p ɑˑ r ŏ̞ i̯
hapata	h ɑ b̥ ɑˑ d̥ ɑ
hapata	h ɑ b̥ ɑˑ d̥ ɑ ɡ̊
hapata	h ɑ p ɑˑ t
happo	h ɑ pː o̞
happo	h ɑ pː ŏ̞̥
hapuella	h ɑ b̥ uˑ e̞ ɫː ɑ
hapuella	h ɑ p uˑ e̞ ɫː
hapukoitella	h ɑ b̥ uˑ ɡ̊ o̞ i̯ d̥ e̞ ɫː ɑ
hapukoitella	h ɑ p uˑ k o̞ i̯ˑ t e̞ ɫː
harakka	h ɑ r ɑˑ kː
harakka	h ɑ r ɑˑ kː ɑ
harava	h ɑ r ɑˑ ʋ
harava	h ɑ rː ɑː ʋ ɑ
harava	h ɑ rˑ ɑː ʋ ɑ
haravoija	h ɑ r ɑˑ ʋ o̞ i̯ j ɑ
haravoija	h ɑ r ɑˑ ʋ o̞ j ɑˑ ɡ̊
haravoija	h ɑ r ɑˑ ʋ ŏ̞ i̯
harja	h ɑ r i
harja	h ɑ r j ɑ
harjokka	h ɑ rʲ o̞ˑ kː
harjokka	h ɑ rʲ o̞ˑ kː ɑ
harkata	h ɑ r k ə t
harkata	h ɑ r ɡ̊ ɑ d̥ ɑ
harkkamus	h ɑ r kː ɑ m u ʒ̥
harkkamus	h ɑ r kː ə m ŭ z̠
harkki	h ɑ r kʲː
harkki	h ɑ r kː i
harkkia	h ɑ r kː e̞
harkkia	h ɑ r kː i ɑ
harmaa	h ɑ r m ɑ
harmaa	h ɑ r m ɑː
harmaakivi	h ɑ r m ɑ k i ʋ iˑ
harmaakivi	h ɑ r m ɑː ɡ̊ i ʋ iˑ
harmaansiniin	h ɑ r m ɑ n s̠ i n iˑ n
harmaansiniin	h ɑ r m ɑː n ʒ̥ i nˑ iː n
haro	h ɑ r o̞ˑ
haroella	h ɑ r o̞ˑ e̞ ɫː ɑ
haroella	h ɑ rː o̞ e̞ ɫː
harota	h ɑ r o̞ˑ d̥ ɑ
harota	h ɑ r o̞ˑ d̥ ɑ ɡ̊
harota	h ɑ r o̞ˑ t
harotella	h ɑ r o̞ˑ d̥ e̞ ɫː ɑ
harotella	h ɑ r o̞ˑ d̥ e̞ ɫː ɑ ɡ̊
harotella	h ɑ r o̞ˑ t e̞ ɫː
harotos	h ɑ r o̞ˑ d̥ o̞ ʒ̥
harotos	h ɑ r o̞ˑ t ŏ̞ z̠
harottaa	h ɑ r o̞ˑ tː ɑ
harottaa	h ɑ r o̞ˑ tː ɑː
harpata	h ɑ r b̥ ɑ d̥ ɑ
harpata	h ɑ r b̥ ɑ d̥ ɑ ɡ̊
harpata	h ɑ r p ə t
hartia	h ɑ r t i ɑ
hartia	h ɑ r tʲ e̞
hartiajäsen	h ɑ r t i ɑ j æ ʒ̥ e̞ˑ n
hartiajäsen	h ɑ r tʲ e̞ j æ s̠ e̞ˑ n
harva	h ɑ r ʋ
harva	h ɑ r ʋ ɑ
harvaa	h ɑ r ʋ ɑ
harvaa	h ɑ r ʋ ɑː
harvaslojain	h ɑ r ʋ ɑ ʒ̥ ɫ o̞ jˑ ɑ i̯ n
harvaslojain	h ɑ r ʋ ə s̠ ɫ o̞ j ɑ i̯ n
harveta	h ɑ r ʋ e̞ d̥ ɑ
harveta	h ɑ r ʋ e̞ d̥ ɑ ɡ̊
harveta	h ɑ r ʋ e̞ t
harvoin	h ɑ r ʋ o̞ i̯ n
harvoin	h ɑ r ʋ ŏ̞ i̯ n
harvoin	h ɑ r ʋ ŏ̞ n
hatakka	h ɑ d̥ ɑˑ kː ɑ
hatakka	h ɑ t ɑˑ kː
hatara	h ɑ t ɑˑ r
hatara	h ɑ tˑ ɑː r ɑ
hattara	h ɑ tː ɑ r ɑ
hattara	h ɑ tː ə r
hattarain	h ɑ tː ɑ r ɑ i̯ n
hattarain	h ɑ tː ə r ə i̯ n
hattu	h ɑ tː u
hattu	h ɑ tː ŭ̥
hattula	h ɑ tː u ɫ ɑ
hattula	h ɑ tː ŭ ɫ
haukata	h ɑ u̯ k ə t
haukata	h ɑ u̯ ɡ̊ ɑ d̥ ɑ
hauki	h ɑ u̯ kʲ
hauki	h ɑ u̯ ɡ̊ i
haukka	h ɑ u̯ kː
haukka	h ɑ u̯ kː ɑ
haukkua	h ɑ u̯ kː o̞
haukkua	h ɑ u̯ kː u ɑ
haukkumiin	h ɑ u̯ kː u m iː n
haukkumiin	h ɑ u̯ kː ŭ m i n e̞ˑ
hauta	h ɑ u̯ d̥ ɑ
hauta	h ɑ u̯ t
hautajaiset	h ɑ u̯ d̥ ɑ j ɑ i̯ ʃ t
hautajaiset	h ɑ u̯ d̥ ɑ j ɑ i̯ ʒ̥ e̞ d̥
hautajaiset	h ɑ u̯ t ə j ɑ i̯ s̠ e̞ d
hautapeentara	h ɑ u̯ d̥ ɑ p e̝ː n t ɑ r ɑ
hautapeentara	h ɑ u̯ t ə p eː n t ə r
havahtua	h ɑ ʋ ɑˑ h t u ɑˑ
havaita	h ɑ ʋ ɑ i̯ d̥ ɑ
havaita	h ɑ ʋ ɑ i̯ t
havu	h ɑ ʋ uˑ
havumetsä	h ɑ ʋ uˑ m e̞ t͡s æ
havumetsä	h ɑ ʋ uˑ m e̞ t͡s̠
havupuu	h ɑ ʋ uˑ p uː
havvata	h ɑ ʋː ɑ d̥ ɑ
havvata	h ɑ ʋː ɑ d̥ ɑ ɡ̊
havvata	h ɑ ʋː ə t
heeno	h eː n ŏ̞̥
heeno	h e̝ː n o̞
heenoluin	h eː n ŏ̞ ɫ u i̯ n
heenoluin	h e̝ː n o̞ ɫ u i̯ n
heeroa	h eː r o̞
heeroa	h e̝ː r o̞ j ɑ
heeroa	h e̝ː r o̞ ɑ ɡ̊
heertyä	h eː r tʲ ø̞
heertyä	h e̝ː r t y æ
heertää	h eː r t æ
heertää	h e̝ː r t æː
hehettää	h e̞ h e̞ˑ tː æ
hehettää	h e̞ ɣ̥ e̞ˑ tː æː
hehkua	h e̞ x k o̞
hehkua	h e̞ x k u ɑ
hei	h e̞ i̯
heijen	h e̞ i̯ j e̞ n
heikko	h e̞ i̯ kː o̞
heikko	h e̞ i̯ kː ŏ̞̥
heil	h e̞ i̯ lʲ
heil	h e̞ i̯ lʲː
heille	h e̞ i̯ lʲː
heille	h e̞ i̯ lʲː e̞
heimo	h e̞ i̯ m o̞
heimo	h e̞ i̯ m ŏ̞̥
heinikko	h e̞ i̯ n i kː o̞ i̯
heinikko	h e̞ i̯ n ə kː ŏ̞̥
heinä	h e̞ i̯ n
heinä	h e̞ i̯ n æ
heinäaika	h e̞ i̯ n æ ɑ i̯ k
heinäaika	h e̞ i̯ n æ ɑ i̯ ɡ̊ ɑ
heinähanko	h e̞ i̯ n æ ɣ̥ ɑ ŋ ɡ̊ o̞
heinähanko	h e̞ i̯ n ə h ɑ ŋ k ŏ̞̥
heinähäkki	h e̞ i̯ n æ ɣ̥ æ kː i
heinähäkki	h e̞ i̯ n ə h æ kʲː
heinäkapine	h e̞ i̯ n æ ɡ̊ ɑ pˑ iː n e̞
heinäkapine	h e̞ i̯ n ə k ɑ p iˑ n
heinäkeko	h e̞ i̯ n æ ɡ̊ e̞ ɡ̊ o̞ˑ
heinäkeko	h e̞ i̯ n ə k e̞ k o̞ˑ
heinäkäs	h e̞ i̯ n æ ɡ̊ æ ʒ̥
heinäkäs	h e̞ i̯ n ə k ə z̠
heinälaine	h e̞ i̯ n æ ɫ ɑ i̯ n e̞
heinälaine	h e̞ i̯ n ə ɫ ɑ i̯ n
heinämaa	h e̞ i̯ n æ m ɑː
heinämaa	h e̞ i̯ n ə m ɑː
heinämerta	h e̞ i̯ n æ m e̞ r d̥ ɑ
heinämerta	h e̞ i̯ n ə m e̞ r t
heinämylly	h e̞ i̯ n æ m y lː y
heinämylly	h e̞ i̯ n ə m y lʲː y̥̆
heinäsaraja	h e̞ i̯ n æ ʒ̥ ɑ rˑ ɑː j ɑ
heinäsaraja	h e̞ i̯ n ə s̠ ɑ r ɑ i̯
heinäserkka	h e̞ i̯ n æ ʒ̥ e̞ r kː ɑ
heinäserkka	h e̞ i̯ n ə s̠ e̞ r kː
heinäsika	h e̞ i̯ n æ ʒ̥ i ɡ̊ ɑˑ
heinäsika	h e̞ i̯ n ə s̠ i k ɑˑ
heinäsikkö	h e̞ i̯ n æ ʒ̥ i kː ø̞ i̯
heinäsikkö	h e̞ i̯ n ə s̠ i kː ø̞̥̆
heinätaakka	h e̞ i̯ n æ t ɑː kː ɑ
heinätaakka	h e̞ i̯ n ə t ɑː kː
heittiissä	h e̞ i̯ tʲː i s̠ː
heittiissä	h e̞ i̯ tː iː ʃː æ
heittiissä	h e̞ i̯ tː iː ʃː æ ɡ̊
heittää	h e̞ i̯ tː æ
heittää	h e̞ i̯ tː æ ɡ̊
heittää	h e̞ i̯ tː æː
helissä	h e̞ lʲ iˑ s̠ː
helissä	h e̞ lʲ iˑ ʃː æ
helissä	h e̞ lʲ iˑ ʃː æ ɡ̊
helliä	h e̞ lʲː e̞
helliä	h e̞ lʲː i æ
helliä	h e̞ lʲː ĭ j
helliä	h e̞ lʲˑ i æ
hellä	h e̞ lʲː
hellä	h e̞ lː æ
helma	h e̞ ɫ m
helma	h e̞ ɫ m ɑ
helmi	h e̞ lʲ m i
helmi	h e̞ lʲ mʲ
helmiin	h e̞ lʲ m i n
helmiin	h e̞ lʲ m iː n
helmiin	h e̞ lʲ m ĭ n
helmikerta	h e̞ lʲ m i ɡ̊ e̞ r d̥ ɑ
helmikerta	h e̞ lʲ m ĭ k e̞ r t
helmivirka	h e̞ lʲ m i ʋ i r ɡ̊ ɑ
helmivirka	h e̞ lʲ m ĭ ʋ i r k
helmusti	h e̞ ɫ m u ʃ t i
helmusti	h e̞ ɫ m ŭ s̠ tʲ
helppo	h e̞ ɫ pː o̞
helppo	h e̞ ɫ pː ŏ̞̥
helve	h e̞ l ʋ e̞
helve	h e̞ l ʋ e̞ h
helve	h e̞ lʲ ʋ
helvetti	h e̞ l ʋ e̞ tː i
helvetti	h e̞ lʲ ʋ e̞ tʲː
helähtää	h e̞ l æˑ h t æː
helähtää	h e̞ lʲ æˑ h t æ
helähytellä	h e̞ l æˑ ɣ̥ y d̥ e̞ˑ lː æ
helähytellä	h e̞ lʲ æˑ h y t e̞ˑ lʲː
helähyttää	h e̞ l æˑ h y tː æ ɡ̊
helähyttää	h e̞ l æˑ ɣ̥ y tː æː
helähyttää	h e̞ lʲ æˑ h y tː æ
hengätä	h e̞ ŋ ɡ ə t
hengätä	h e̞ ŋ ɡ̊ æ d̥ æ
henki	h e̞ ŋ kʲ
henki	h e̞ ŋ ɡ̊ i
henkähös	h e̞ ŋ k æ ɣ̥ ø̞ ʒ̥
henkähös	h e̞ ŋ k ə h ø̞̆ z̠
henkähösvoima	h e̞ ŋ k æ ɣ̥ ø̞ ʒ ʋ o̞ i̯ m ɑ
henkähösvoima	h e̞ ŋ k ə h ø̞ z̠ ʋ o̞ i̯ m
henkäämiin	h e̞ ŋ k æ m i n e̞ˑ
henkäämiin	h e̞ ŋ k æː m iː n
hepo	h e̞ b̥ o̞ˑ
hepo	h e̞ p o̞ˑ
hepoin	h e̞ p o̞ i̯ n
hepoin	h e̞ pː o̞ i̯ n
hepoin	h e̞ pˑ o̞ i̯ n
hepoisenjooksu	h e̞ p o̞ i̯ s̠ e̞ n j oː k s̠ ŭ̥
hepoisenjooksu	h e̞ pˑ o̞ i̯ ʒ̥ e̞ n j o̝ː k ʃ u
hepoisenriissat	h e̞ p o̞ i̯ s̠ e̞ n r iː s̠ː ə d
hepoisenriissat	h e̞ pˑ o̞ i̯ ʒ̥ e̞ n r iː ʃː ɑ d̥
hepoislangokset	h e̞ p o̞ i̯ z̠ ɫ ɑ ŋ ɡ ŏ̞ k s̠ e̞ d
hepoislangokset	h e̞ ʋ o̞ˑ iˑ ʒ ɫ ɑ ŋ ɡ̊ o̞ k ʃ e̞ d̥
hepoisoboza	h e̞ p o̞ i̯ z̠ o̞ b o̞ˑ z̠
hepoisoboza	h e̞ ʋ o̞ˑ iˑ ʒ o̞ pˑ o̝ː ʒ̥ ɑ
hepoisraiska	h e̞ p o̞ i̯ z̠ r ɑ i̯ s̠ k
hepoisraiska	h e̞ ʋ o̞ i̯ ʒ r ɑ i̯ ʃ k ɑ
hepokaarre	h e̞ b̥ o̞ˑ k ɑː rː e̞
hepokaarre	h e̞ p o̞ˑ k ɑː rː
hepokala	h e̞ b̥ o̞ˑ ɡ̊ ɑ ɫ ɑˑ
hepokala	h e̞ p o̞ˑ k ɑ ɫ ɑˑ
heppoin	h e̞ pː ŏ̞ i̯ n
heppoin	h e̞ pˑ o̞ i̯ n
herissellä	h e̞ r iˑ s̠ː e̞ lʲː
herissellä	h e̞ r iˑ ʃ ʃ e̞ lː æ
herissellä	h e̞ r iˑ ʃ ʃ e̞ lː æ ɡ̊
herissyttää	h e̞ r iˑ s̠ s̠ y tː æ
herissyttää	h e̞ r iˑ ʃ ʃ y tː æː
heristää	h e̞ r iˑ s̠ t æ
heristää	h e̞ r iˑ ʃ t æ ɡ̊
heristää	h e̞ r iˑ ʃ t æː
herkku	h e̞ r kː u
herkku	h e̞ r kː ŭ̥
herkkä	h e̞ r kː
herkkä	h e̞ r kː æ
herne	h e̞ r n
herne	h e̞ r n e̞
herne	h e̞ r n e̞ h
hernua	h e̞ r n o̞
hernua	h e̞ r n u ɑ
hernua	h e̞ r n u ɑ ɡ̊
herra	h e̞ rː
herra	h e̞ rː ɑ
hersi	h e̞ r s̠ʲ
hersi	h e̞ r ʒ̥ i
herttä	h e̞ r tː
herttä	h e̞ r tː æ
hervi	h e̞ r ʋ i
hervi	h e̞ r ʋʲ
hervitä	h e̞ r ʋ i d̥ æ
hervitä	h e̞ r ʋ i d̥ æ ɡ̊
hervitä	h e̞ r ʋ ĭ t
hetas	h e̞ d̥ ɑˑ ʒ̥
hetas	h e̞ t ɑˑ z̠
hetin	h e̞ d̥ iˑ n
hetin	h e̞ tʲ iˑ n
hetsua	h e̞ t͡s u ɑ
hetsua	h e̞ t͡s̠ o̞
hia	h i ɑˑ
hialliin	h i ɑˑ lʲ lʲ i n e̞ˑ
hialliin	h i ɑˑ lː iː n
hiatoin	h i ɑˑ d̥ o̞ i̯ n
hiatoin	h i ɑˑ t ŏ̞ i̯ n
hiekäs	h i e̞ˑ k ə z̠
hiekäs	h i e̞ˑ ɡ̊ æ ʒ̥
hiessöittää	h i e̞ˑ s̠ s̠ ø̞ i̯ tː æ
hiessöittää	h i e̞ˑ ʃ ʃ ø̞ i̯ tː æː
hiestyä	h i e̞ˑ s̠ tʲ y æˑ
hiestyä	h i e̞ˑ ʃ t y æˑ
hiestyä	h i e̞ˑ ʃ t y æˑ ɡ̊
hiestöä	h i e̞ˑ s̠ t ø̞ æˑ
hiestöä	h i e̞ˑ ʃ t ø̞ æˑ
hietä	h i e̞ˑ d̥ æ
hietä	h i e̞ˑ t
hietöin	h i e̞ˑ d̥ ø̞ i̯ n
hietöin	h i e̞ˑ t ø̞̆ i̯ n
hihittää	h i h iˑ tː æ
hihittää	h i ɣ̥ iˑ tː æː
hiili	h iː l i
hiili	h iː lʲ
hiilihappo	h iː l i ɣ̥ ɑ pː o̞
hiilihappo	h iː lʲ ĭ h ɑ pː ŏ̞̥
hiirakka	h iː r ɑ kː ɑ
hiirakka	h iː r ə kː
hiirenheinä	h iː r e̞ n h e̞ i̯ n æ
hiirenheinä	h iː r ə n h e̞ i̯ n
hiirenherne	h iː r e̞ n ɣ̥ e̞ r n e̞
hiirenherne	h iː r ə n h e̞ r n
hiirensitta	h iː r e̞ n ʒ̥ i tː ɑ
hiirensitta	h iː r ə n s̠ i tː
hiirenvalkia	h iː r e̞ n ʋ ɑ ɫ k i ɑ
hiirenvalkia	h iː r ə n ʋ ɑ ɫ k e̞
hiiri	h iː r i
hiiri	h iː rʲ
hiiro	h iː r o̞ i̯
hiiro	h iː r ŏ̞̥
hiirukkain	h iː r u kː ɑ i̯ n
hiirukkain	h iː r ŭ kː ə i̯ n
hiisi	h iː s̠ʲ
hiisi	h iː ʒ̥ i
hiisnikka	h iː s̠ n ĭ kː
hiisnikka	h iː ʒ̥ n i kː ɑ
hiisnikkakala	h iː s̠ n ə kː ɑ k ɑ ɫ ɑˑ
hiisnikkakala	h iː ʒ̥ n i kː ɑ ɡ̊ ɑ ɫ ɑˑ
hiisnikkalintu	h iː s̠ n ə kː ɑ lʲ i n t ŭ̥
hiisnikkalintu	h iː ʒ̥ n i kː ɑ lʲ i n d̥ u
hiisnikkazveeri	h iː s̠ n ə kː ɑ z̠ ʋ eː rʲ
hiisnikkazveeri	h iː ʒ̥ n i kː ɑ ʒ̥ ʋ e̝ː r i
hiisnoi	h iː s̠ n ŏ̞̥
hiisnoi	h iː ʒ̥ n o̞ i̯
hiiva	h iː ʋ
hiiva	h iː ʋ ɑ
hiivakas	h iː ʋ ɑ ɡ̊ ɑ ʒ̥
hiivakas	h iː ʋ ə k ə z̠
hiižina	h iː ʒ ĭ n
hiižina	h iː ʒ̥ i n ɑ
hiki	h i k iˑ
hiki	h i ɡ̊ iˑ
hikirakko	h i k iˑ r ɑ kː ŏ̞̥
hikirakko	h i ɡ̊ iˑ r ɑ kː o̞
hikiäin	h i k iˑ j ə i̯ n
hikiäin	h i ɡ̊ iˑ æ i̯ n
hiljaa	h i lʲ j ɑː
hiljaa	h i lʲː ɑ
hiljain	h i lʲ j ɑ i̯ n
hiljain	h i lʲː ə i̯ n
hiljakaistaa	h i lʲ j ɑ k ɑ i̯ ʃ t ɑː
hiljakaistaa	h i lʲː ə k ɑ i̯ s̠ t ɑ
hiljaksee	h i lʲ j ɑ k ʃ e̝ː
hiljaksee	h i lʲ j ɑ k ʃ e̝ː n
hiljaksee	h i lʲː ə k s̠ e̞
hiljetä	h i lʲ j e̞ d̥ æ
hiljetä	h i lʲː e̞ t
himo	h i m o̞ˑ
himokas	h i m o̞ˑ k ə z̠
himokas	h i m o̞ˑ ɡ̊ ɑ ʒ̥
himottaa	h i m o̞ˑ tː ɑ
himottaa	h i m o̞ˑ tː ɑː
hinta	h i n d̥ ɑ
hinta	h i n t
hippiä	h i b i
hippiä	h i b̥ j æ
hippiä	h i pː e̞
hippiä	h i pˑ i æ
hirnahtaa	h i r n ɑ h t ɑː
hirnahtaa	h i r n ə h t ɑ
hirnua	h i r n o̞
hirnua	h i r n u ɑ
hirnuksennella	h i r n u k ʃ e̞ nː e̞ ɫː ɑ
hirnuksennella	h i r n ŭ k s̠ e̞ nː e̞ ɫː
hirnuttaa	h i r n u tː ɑː
hirnuttaa	h i r n ə tː ɑ
hirvi	h i r ʋ i
hirvi	h i r ʋʲ
hirvihammas	h i r ʋ i ɣ̥ ɑ mː ɑ ʒ̥
hirvihammas	h i r ʋ ĭ h ɑ mː ə z̠
hirvillää	h i r ʋ i lː æː
hirvillää	h i r ʋ ə lʲː æ
hirvissellä	h i r ʋ i ʃ ʃ e̞ lː æ
hirvissellä	h i r ʋ ə s̠ː e̞ lʲː
hirvistää	h i r ʋ i ʃ t æː
hirvistää	h i r ʋ ə s̠ t æ
hitto	h i tː o̞ i̯
hitto	h i tː ŏ̞̥
hittoa	h i tː o̞
hittoa	h i tˑ o̞ ɑ
hittolain	h i tː o̞ ɫ ɑ i̯ n
hittolain	h i tː ŏ̞ ɫ ɑ i̯ˑ n
hius	h i u̯ z̠
hius	h i u̯ ʒ̥
hiutale	h i u̯ t ɑ ɫ e̞
hiutale	h i u̯ t ə ɫ
hiuttaa	h i u̯ tː ɑ
hiuttaa	h i u̯ tː ɑ ɡ̊
hiuttaa	h i u̯ tː ɑː
hivuttaa	h i ʋ uˑ tː ɑ
hivuttaa	h i ʋ uˑ tː ɑː
hlamu	h ɫ ɑ m uˑ
hohla	h o̞ h ɫ
hohla	h o̞ h ɫ ɑ
hohla	h o̞ ɣ̥ ɫ ɑ
hohlain	h o̞ h ɫ ə i̯ n
hohlain	h o̞ ɣ̥ ɫ ɑ i̯ n
hohlamees	h o̞ h ɫ ə m eː z̠
hohlamees	h o̞ ɣ̥ ɫ ɑ m e̝ː ʒ̥
hohlikas	h o̞ h lʲ ĭ k ə z̠
hohlikas	h o̞ ɣ̥ l i ɡ̊ ɑ ʒ̥
hohlikko	h o̞ h lʲ ə kː ŏ̞̥
hohlikko	h o̞ ɣ̥ l i kː o̞ i̯
hohlittaa	h o̞ h lʲ ə tː ɑ
hohlittaa	h o̞ ɣ̥ l i tː ɑː
hohottaa	h o̞ h o̞ˑ tː ɑ
hohottaa	h o̞ ɣ̥ o̞ˑ tː ɑː
hoi	h o̞ i̯
hoikka	h o̞ i̯ kː
hoikka	h o̞ i̯ kː ɑ
hoikkain	h o̞ i̯ kː ɑ i̯ n
hoikkain	h o̞ i̯ kː ə i̯ n
hoikkasooli	h o̞ i̯ kː ɑ ʃ o̝ː l i
hoikkasooli	h o̞ i̯ kː ə s̠ oː lʲ
hoitaa	h o̞ i̯ t ɑ
hoitaa	h o̞ i̯ t ɑː
hoitaa	h o̞ i̯ t ɑː ɡ̊
hoitaja	h o̞ i̯ t ɑ j ɑ
hoitaja	h o̞ i̯ t ə i̯
hoitiissa	h o̞ i̯ t iː ʃː ɑ
hoitiissa	h o̞ i̯ tʲ i s̠ː
hoito	h o̞ i̯ d̥ o̞
hoito	h o̞ i̯ t ŏ̞̥
hoitua	h o̞ i̯ t o̞
hoitua	h o̞ i̯ t u ɑ
hoitua	h o̞ i̯ t u ɑ ɡ̊
hoksata	h o̞ k s̠ ə t
hoksata	h o̞ k ʃ ɑ d̥ ɑ
home	h o̞ m e̞ˑ
home	h o̞ m e̞ˑ h
homehoittaa	h o̞ m e̞ˑ h o̞ i̯ tː ɑ
homehoittaa	h o̞ m e̞ˑ h o̞ i̯ tː ɑː
homehtua	h o̞ m e̞ˑ h t u ɑˑ
homehtua	h o̞ m e̞ˑ h t u ɑˑ ɡ̊
homehuttaa	h o̞ m e̞ˑ h u tː ɑ
homehuttaa	h o̞ m e̞ˑ ɣ̥ u tː ɑː
hongakas	h o̞ ŋ ɡ ə k ə z̠
hongakas	h o̞ ŋ ɡ̊ ɑ ɡ̊ ɑ ʒ̥
honka	h o̞ ŋ k
honka	h o̞ ŋ ɡ̊ ɑ
honkametsä	h o̞ ŋ k ə m e̞ t͡s̠
honkametsä	h o̞ ŋ ɡ̊ ɑ m e̞ t͡s æ
honkapetäjä	h o̞ ŋ k ə p e̞ t æ i̯
honkapetäjä	h o̞ ŋ ɡ̊ ɑ b̥ e̞ tˑ æː j æ
hoodra	h oː d r
hoodra	h o̝ː d r ɑ
hoodra	h o̝ː d̥ r ɑ
hooku	h oː k ŭ̥
hooku	h o̝ː ɡ̊ u
hookua	h oː k o̞
hookua	h o̝ː k u ɑ
hookua	h o̝ː k u ɑ ɡ̊
hookukerus	h oː k ŭ k e̞ r uˑ z̠
hookukerus	h o̝ː ɡ̊ u ɡ̊ e̞ r uˑ ʒ̥
hoolekas	h oː ɫ ə k ə z̠
hoolekas	h o̝ː ɫ e̞ ɡ̊ ɑ ʒ̥
hooletoin	h oː ɫ ə t ŏ̞ i̯ n
hooletoin	h o̝ː ɫ e̞ d̥ o̞ i̯ n
hooli	h oː lʲ
hooli	h o̝ː l i
hooli	h o̝ː l i ɡ̊
hoolia	h oː lʲ e̞
hoolia	h oː lʲ ĭ j
hoolia	h o̝ː l i ɑ
hoolia	h o̝ː l i ɑ ɡ̊
hoolimatoin	h oː lʲ ĭ m ɑ t o̞ i̯ n
hoolimatoin	h o̝ː l i m ɑ d̥ o̞ˑ iˑ n
hoomata	h oː m ə t
hoomata	h o̝ː m ɑ d̥ ɑ
hoomeen	h oː m e̞ n
hoomeen	h o̝ː m e̝ː n
hoomeen	h o̝ː m e̞ n
hoomeniin	h oː m ə n i n e̞ˑ
hoomeniin	h o̝ː m e̞ n iː n
hoomnikko	h oː m n ə kː ŏ̞̥
hoomnikko	h o̝ː m n i kː o̞ i̯
hoomukseel	h oː m ə k s̠ e̞ lʲː
hoomukseel	h o̝ː m u k ʃ e̝ː l
hoomus	h oː m ŭ z̠
hoomus	h o̝ː m u ʒ̥
hoone	h oː n
hoone	h o̝ː n e̞
hoone	h o̝ː n e̞ h
hoopa	h oː p
hoopa	h o̝ː b̥ ɑ
hoopakenkä	h oː p ə k e̞ ŋ k
hoopakenkä	h o̝ː b̥ ɑ ɡ̊ e̞ ŋ ɡ̊ æ
hoora	h oː r
hoora	h o̝ː r ɑ
hooranlaps	h oː r ə n ɫ ɑ p s̠
hooranlaps	h o̝ː r ɑ n ɫ ɑ p ʃ
hooriissa	h oː r i s̠ː
hooriissa	h o̝ː r iː ʃː ɑ
hootava	h oː t ə ʋ
hootava	h o̝ː t ɑ ʋ ɑ
hoovata	h oː ʋ ə t
hoovata	h o̝ː ʋ ɑ d̥ ɑ
hoovvata	h oː ʋː ə t
hoovvata	h o̝ː ʋː ɑ d̥ ɑ
hopiain	h o̞ b̥ e̞ˑ j ɑ i̯ n
hopiain	h o̞ b̥ iˑ ɑ i̯ n
hopiain	h o̞ p iˑ ə i̯ n
hoppia	h o̞ pː e̞
hoppia	h o̞ pː e̞ ɑ
hoppia	h o̞ pˑ i ɑ
hoppialappa	h o̞ pː e̞ ɫ ɑ pː
hoppialappa	h o̞ pˑ i ɑ ɫ ɑ pː ɑ
hoppiaraha	h o̞ pː e̞ r ɑ h ɑˑ
hoppiaraha	h o̞ pː i ɑ r ɑ ɣ̥ ɑˑ
horjua	h o̞ r j o̞
horjua	h o̞ r j u ɑ
horoma	h o̞ r o̞ˑ m
horoma	h o̞ rˑ o̝ː m ɑ
hot	h o̞ d
hot	h o̞ d̥
hotka	h o̞ t k
hotka	h o̞ t k ɑ
houkas	h o̞ u̯ k ə z̠
houkas	h o̞ u̯ ɡ̊ ɑ ʒ̥
houkassella	h o̞ u̯ k ə s̠ s̠ e̞ ɫː
houkassella	h o̞ u̯ ɡ̊ ɑ ʃ ʃ e̞ ɫː ɑ
houkastaa	h o̞ u̯ k ə s̠ t ɑ
houkastaa	h o̞ u̯ ɡ̊ ɑ ʃ t ɑː
houkka	h o̞ u̯ kː
houkka	h o̞ u̯ kː ɑ
hovi	h o̞ ʋ iˑ
hovilain	h o̞ ʋ iˑ ɫ ɑ i̯ n
hovilain	h o̞ ʋ iˑ ɫ ə i̯ n
huima	h u i̯ m
huima	h u i̯ m ɑ
huimakas	h u i̯ m ɑ ɡ̊ ɑ ʒ̥
huimakas	h u i̯ m ə k ə z̠
huimata	h u i̯ m ɑ d̥ ɑ
huimata	h u i̯ m ɑ d̥ ɑ ɡ̊
huimata	h u i̯ m ə t
huimattaa	h u i̯ m ɑ tː ɑː
huimattaa	h u i̯ m ə tː ɑ
huiskia	h u i̯ s̠ k e̞
huiskia	h u i̯ ʃ k i ɑ
huitsata	h u i̯ t͡s ɑ d̥ ɑ
huitsata	h u i̯ t͡s̠ ə t
huitsutella	h u i̯ t͡s u d̥ e̞ ɫː ɑ
huitsutella	h u i̯ t͡s̠ ŭ t e̞ ɫː
huitsuttaa	h u i̯ t͡s u tː ɑː
huitsuttaa	h u i̯ t͡s̠ ə tː ɑ
huja	h u j ɑˑ
hukata	h u k ɑˑ t
hukata	h u ɡ̊ ɑˑ d̥ ɑ
hukata	h u ɡ̊ ɑˑ d̥ ɑ ɡ̊
hukka	h u kː
hukka	h u kː ɑ
hukkahua	h u kː ɑ h u ɑˑ
hukkahua	h u kː ɑ h u ɑˑ ɡ̊
hukkahua	h u kː ə h u ɑˑ
hukkahus	h u kː ɑ ɣ̥ u ʒ̥
hukkahus	h u kː ə h ŭ z̠
hukkua	h u kː o̞
hukkua	h u kː u ɑ
hulkkua	h u ɫ kː o̞
hulkkua	h u ɫ kː u ɑ
hulkkuri	h u ɫ kː u r i
hulkkuri	h u ɫ kː ŭ rʲ
hullu	h u ɫː u
hullu	h u ɫː ŭ̥
hullukkain	h u ɫː u kː ɑ i̯ n
hullukkain	h u ɫː ŭ kː ə i̯ n
hullussella	h u ɫː u ʃ ʃ e̞ ɫː ɑ
hullussella	h u ɫː ŭ s̠ː e̞ ɫː
hullust	h u ɫː uː ʃ t
hullust	h u ɫː ŭ s̠ t
hulpela	h u ɫ p e̞ ɫ
hulpela	h u ɫ p e̞ ɫ ɑ
hulpelo	h u ɫ p e̞ ɫ o̞
hulpelo	h u ɫ p ə ɫ ŏ̞̥
humala	h u m ɑˑ ɫ
humala	h u mˑ ɑː ɫ ɑ
humalapeentara	h u m ɑˑ ɫ ɑ p eː n t ə r
humalapeentara	h u mˑ ɑː ɫ ɑ p e̝ː n d̥ ɑ r ɑ
humalikas	h u m ɑˑ l i ɡ̊ ɑˑ ʒ̥
humalikas	h u m ɑˑ lʲ i k ɑˑ z̠
humalluttaa	h u m ɑˑ ɫ ɫ u tː ɑ
humalluttaa	h u m ɑˑ ɫ ɫ u tː ɑː
humaltua	h u m ɑˑ ɫ d̥ u ɑˑ
humaltua	h u m ɑˑ ɫ t u ɑˑ
humata	h u m ɑˑ d̥ ɑ
humata	h u m ɑˑ t
humine	h u m iˑ n
humine	h u mˑ iː n e̞
humissa	h u m iˑ s̠ː
humissa	h u m iˑ ʃː ɑ
hummar	h u mː ɑ r
hummar	h u mː ə r
hummer	h u mː e̞ r
humppa	h u m pː
humppa	h u m pː ɑ
humuri	h u m uˑ rʲ
humuri	h u mˑ uː r i
huntti	h u n tʲː
huntti	h u n tː i
huntu	h u n d̥ u
huntu	h u n t ŭ̥
hupa	h u b̥ ɑˑ
hupa	h u p ɑˑ
hupelo	h u p e̞ˑ ɫ ŏ̞̥
hupelo	h u pˑ e̝ː ɫ o̞
hupeloin	h u b̥ e̞ˑ ɫ o̞ i̯ n
hupeloin	h u p e̞ˑ ɫ ŏ̞ i̯ n
hursti	h u r s̠ tʲ
hursti	h u r ʃ t i
hutja	h u d i
hutja	h u d̥ j ɑ
huuhella	h uː h e̞ ɫː
huuhella	h uː ɣ̥ e̞ ɫː ɑ
huuhtiissa	h uː h t iː ʃː ɑ
huuhtiissa	h uː h tʲ i s̠ː
huuhtoa	h uː h t o̞
huuhtoa	h uː h t o̞ ɑ
huuli	h uː l i
huuli	h uː lʲ
huurre	h uː rː
huurre	h uː rː e̞
huutaa	h uː t ɑ
huutaa	h uː t ɑ ɡ̊
huutaa	h uː t ɑː
hyle	h y l e̞ˑ
hyle	h y lʲ e̞ˑ
hylky	h y lʲ k y̥̆
hylky	h y lʲ ɡ̊ y
hylätä	h y l æˑ d̥ æ
hylätä	h y l æˑ d̥ æ ɡ̊
hylätä	h y lʲ æˑ t
hypittää	h y b̥ iˑ tː æː
hypittää	h y p iˑ tː æ
hyppiä	h y pː e̞
hyppiä	h y pː i æ
hyppiä	h y pː i æ ɡ̊
hyppy	h y pː y
hyppy	h y pː y̥̆
hypätä	h y b̥ æˑ d̥ æ
hypätä	h y b̥ æˑ d̥ æ ɡ̊
hypätä	h y p æˑ t
hytissä	h y d̥ iˑ ʃː æ
hytissä	h y tʲ iˑ s̠ː
hyvin	h y ʋ iˑ n
hyvvyys	h y ʋː y z̠
hyvvyys	h y ʋˑ yː ʒ̥
hyvä	h y ʋ æˑ
hyvämakuin	h y ʋ æˑ m ɑ k u i̯ n
hyvämakuin	h y ʋ æˑ m ɑ kˑ u i̯ n
hyvämeeliin	h y ʋ æˑ m eː lʲ ĭ n
hyvämeeliin	h y ʋ æˑ m e̝ː lʲ iː n
hyväntaholliin	h y ʋ æˑ n d̥ ɑ ɣ̥ o̞ˑ lː iː n
hyväntaholliin	h y ʋ æˑ n t ɑ h o̞ˑ lʲ lʲ i n e̞ˑ
hyväntapain	h y ʋ æˑ n d̥ ɑ pˑ ɑ i̯ n
hyväntapain	h y ʋ æˑ n t ɑ p ɑ i̯ n
hyväst	h y ʋ æˑ s̠ t
hyväst	h y ʋ æˑ ʃ t
hyymä	h yː m
hyymä	h yː m æ
hyypiäs	h yː p e̞ z̠
hyypiäs	h yː p i æ ʒ̥
häglä	h æ ɡ lʲ
häglä	h æ ɡ̊ l æ
häglätä	h æ ɡ l æ d̥ æ ɡ̊
häglätä	h æ ɡ lʲ ə t
häglätä	h æ ɡ̊ l æ d̥ æ
häikävä	h æ i̯ k æ ʋ æ
häikävä	h æ i̯ k ə ʋ
häikävälliin	h æ i̯ k ə ʋ æ lʲː ĭ n
häikävälliin	h æ i̯ ɡ̊ æ ʋ æ lʲː iː n
häilytellä	h æ i̯ l y d̥ e̞ lː æ
häilytellä	h æ i̯ lʲ ə t e̞ lʲː
häilyttää	h æ i̯ l y tː æ ɡ̊
häilyttää	h æ i̯ l y tː æː
häilyttää	h æ i̯ lʲ ə tː æ
häilyä	h æ i̯ l y æ
häilyä	h æ i̯ l y æ ɡ̊
häilyä	h æ i̯ lʲ ø̞
häjätä	h æ j æˑ d̥ æ
häjätä	h æ j æˑ t
häkki	h æ kʲː
häkki	h æ kː i
häkä	h æ k æˑ
häkä	h æ ɡ̊ æˑ
hällö	h æ lʲː ø̞̥̆
hällö	h æ lː ø̞
hämmennellä	h æ mː e̞ n n e̞ lː æ
hämmennellä	h æ mː e̞ n n e̞ lː æ ɡ̊
hämmennellä	h æ mː ə nː e̞ lʲː
hämmentyä	h æ mː e̞ n t y æˑ
hämmentyä	h æ mː e̞ n t y æˑ ɡ̊
hämmentyä	h æ mː ə n tʲ y æˑ
hämmentää	h æ mː e̞ n t æ ɡ̊
hämmentää	h æ mː e̞ n t æː
hämmentää	h æ mː ə n t æ
hämäri	h æ m æˑ rʲ
hämäri	h æ mː æ r i
hämäri	h æ mˑ æː r i
hämärikko	h æ m æˑ r i kː o̞ i̯
hämärikko	h æ m æˑ r i kː ŏ̞̥
hämärtyä	h æ m æˑ r t y æˑ
hämärtyä	h æ m æˑ r tʲ y æˑ
hämärtää	h æ m æˑ r t æ
hämärtää	h æ m æˑ r t æː
hämärä	h æ m æˑ r
hämärä	h æ mˑ æː r æ
hämö	h æ m ø̞ i̯
hämö	h æ m ø̞ˑ
hämöläin	h æ m ø̞ i̯ l æ i̯ n
hämöläin	h æ m ø̞ˑ lʲ ə i̯ n
hämöverkko	h æ m ø̞ˑ iˑ ʋ e̞ r kː o̞
hämöverkko	h æ m ø̞ˑ ʋ e̞ r kː ŏ̞̥
hän	h æ n
hänel	h æ n e̞ˑ l
hänel	h æ n e̞ˑ lʲː
hänelle	h æ n e̞ˑ lʲː
hänelle	h æ n e̞ˑ lː e̞
hänen	h æ n e̞ˑ n
hännäkäs	h æ nː æ ɡ̊ æ ʒ̥
hännäkäs	h æ nː ə k ə z̠
hännätöin	h æ nː æ d̥ ø̞ i̯ n
hännätöin	h æ nː ə t ø̞̆ i̯ n
häntä	h æ n d̥ æ
häntä	h æ n t
häntäavanto	h æ n d̥ æ ɑ ʋ ɑˑ n d̥ o̞
häntäavanto	h æ n t æ ɑ ʋ ɑˑ n t ŏ̞̥
häntäpiiluu	h æ n d̥ æ p iː ɫ uː
häntäpiiluu	h æ n t ə p iː ɫ uː
häpelikäs	h æ b̥ e̞ˑ lʲ i ɡ̊ æˑ ʒ̥
häpelikäs	h æ p e̞ˑ lʲ i k æˑ z̠
häppiä	h æ pː e̞
häppiä	h æ pː e̞ æ
häppiä	h æ pˑ i æ
häpy	h æ b̥ yˑ
häpy	h æ p yˑ
härkin	h æ r k ĭ n
härkin	h æ r ɡ̊ i n
härkä	h æ r k
härkä	h æ r ɡ̊ æ
härkäin	h æ r k æ i̯ n
härkäin	h æ r k ə i̯ n
härkävasikka	h æ r k ə ʋ ɑ s̠ iˑ kː
härkävasikka	h æ r ɡ̊ æ ʋ ɑ ʒ̥ iˑ kː ɑ
härme	h æ r m
härme	h æ r m e̞
häryt	h æ r yˑ d
häryt	h æ r yˑ d̥
härytheinä	h æ r yˑ t h e̞ i̯ n
härytheinä	h æ r yˑ t h e̞ i̯ n æ
härytkukka	h æ r yˑ t k u kː
härytkukka	h æ r yˑ t k u kː ɑ
härytmaa	h æ r yˑ d m ɑː
hässiä	h æ s̠ː e̞
hässiä	h æ ʃː i æ
hätä	h æ d̥ æˑ
hätä	h æ t æˑ
hätäapi	h æ d̥ æˑ ɑ b̥ iˑ
hätäapi	h æ t æˑ ɑ p iˑ
hätähiin	h æ d̥ æˑ h iː n
hätähiin	h æ t æˑ h i n e̞ˑ
hätähyä	h æ d̥ æˑ h y æˑ
hätähyä	h æ t æˑ h y æˑ
hätämöry	h æ d̥ æˑ m ø̞ r yˑ
hätämöry	h æ t æˑ m ø̞ r yˑ
hätästyä	h æ d̥ æˑ ʃ t y æˑ
hätästyä	h æ t æˑ s̠ tʲ y æˑ
hävetä	h æ ʋ e̞ˑ d̥ æ
hävetä	h æ ʋ e̞ˑ t
hävittää	h æ ʋ iˑ tː æ
hävittää	h æ ʋ iˑ tː æ ɡ̊
hävittää	h æ ʋ iˑ tː æː
hävitä	h æ ʋ iˑ d̥ æ
hävitä	h æ ʋ iˑ d̥ æ ɡ̊
hävitä	h æ ʋ iˑ t
hävitöin	h æ ʋ iˑ d̥ ø̞ i̯ n
hävitöin	h æ ʋ iˑ t ø̞̆ i̯ n
hävviimiin	h æ ʋ iˑ m iː n
hävviimiin	h æ ʋː i m i n e̞ˑ
hävviissä	h æ ʋː i s̠ː
hävviissä	h æ ʋˑ iː ʃː æ
hävätä	h æ ʋ æˑ d̥ æ
hävätä	h æ ʋ æˑ t
häylytellä	h æ y̯ l y d̥ e̞ lː æ
häylytellä	h æ y̯ lʲ ə t e̞ lʲː
häylyttää	h æ y̯ l y tː æː
häylyttää	h æ y̯ lʲ ə tː æ
häylyä	h æ y̯ l y æ
häylyä	h æ y̯ lʲ ø̞
häylää	h æ y̯ l æː
häylää	h æ y̯ lʲ æ
hää	h æː
hään	h æ æˑ n
hään	h æː n
häät	h æ æˑ d
häät	h æ æˑ d̥
häät	h æː d
häät	h æː d̥
höbliä	h ø̞ b l e̞ æ
höbliä	h ø̞ b lʲ e̞
höbliä	h ø̞ b lʲ ĭ j
höbliä	h ø̞ b̥ lʲ i æ
höbliäin	h ø̞ b lʲ ĭ j ə i̯ n
höbliäin	h ø̞ b̥ lʲ i æ i̯ n
höblä	h ø̞ b lʲ
höblä	h ø̞ b̥ l æ
hönkä	h ø̞ ŋ k
hönkä	h ø̞ ŋ ɡ̊ æ
hörhöläin	h e̞ r h i l æ i̯ n
hörhöläin	h ø̞ r ø̞ˑ lʲ ə i̯ n
hörhöläin	h ø̞ r ɣ̥ ø̞ l æ i̯ n
hörkkä	h ø̞ r kː
hörkkä	h ø̞ r kː æ
hörsky	h ø̞ r s̠ k y̥̆
hörsky	h ø̞ r ʃ k y
hötissä	h ø̞ d̥ iˑ ʃː æ
hötissä	h ø̞ tʲ iˑ s̠ː
hövelin	h ø̞ ʋ e̞ˑ lʲ ĭ n
hövelin	h ø̞ ʋˑ e̝ː lʲ i n
höyry	h ø̞ y̯ r y
höyry	h ø̞ y̯ r y̥̆
höyrymašina	h ø̞ y̯ r y m ɑ ʃˑ iː n ɑ
höyrymašina	h ø̞ y̯ r y̆ m ɑ ʃ iˑ n
höö	h øː
höö	h ø̝ː
höökö	h øː k ø̞̥̆
höökö	h ø̝ː ɡ̊ ø̞
i	i
ien	i e̞ˑ n
ihala	i h ɑˑ ɫ
ihala	i xː ɑ ɫ ɑ
ihala	i xˑ ɑː ɫ ɑ
ihan	i h ɑˑ n
ihan	i ɣ̥ ɑˑ n
ihassos	i h ɑˑ s̠ː ŏ̞ z̠
ihassos	i ɣ̥ ɑˑ ʃː o̞ ʒ̥
ihastua	i h ɑˑ s̠ t u ɑˑ
ihastua	i h ɑˑ ʃ t u ɑˑ ɡ̊
ihastua	i ɣ̥ ɑˑ ʃ t u ɑˑ
ihmanne	i h m ə nː
ihmanne	i ɣ̥ m ɑ nː e̞
ihmata	i h m ə t
ihmata	i ɣ̥ m ɑ d̥ ɑ
ihme	i h m
ihme	i ɣ̥ m e̞
ihmekäs	i h m ə k ə z̠
ihmekäs	i ɣ̥ m e̞ ɡ̊ æ ʒ̥
ihmelliin	i h m ə lʲ lʲ i n e̞ˑ
ihmelliin	i ɣ̥ m e̞ lʲː iː n
ihmetellä	i h m ə t e̞ lʲː
ihmetellä	i ɣ̥ m e̞ d̥ e̞ lʲː æ
ihmihiin	i h m ĭ h i n e̞ˑ
ihmihiin	i ɣ̥ m i h iː n
ihmiin	i h m i n
ihmiin	i h m ĭ n
ihmiin	i ɣ̥ m iː n
iho	i h o̞ˑ
iho	i ɣ̥ o̞ˑ
iimenaiset	iː m e̞ n ɑ i̯ ʃ t
iimenaiset	iː m e̞ n ɑ i̯ ʒ̥ e̞ d̥
iimenaiset	iː m ə n ɑ i̯ s̠ e̞ d
iimenäiset	iː m e̞ n æ i̯ ʃ t
iimenäiset	iː m e̞ n æ i̯ ʒ̥ e̞ d̥
iimenäiset	iː m ə n æ i̯ s̠ e̞ d
ijuuli	i j uˑ uˑ l i
ijuuli	i j uˑ uˑ lʲ
ijuuni	i j uˑ uˑ n i
ijuuni	i j uˑ uˑ nʲ
ikinää	i k iˑ n æ
ikinää	i ɡ̊ iˑ n æː
ikkee	i kː e̞
ikkee	i kˑ e̝ː
ikkuna	i kː u n ɑ
ikkuna	i kː ŭ n
ikkunaal	i kː u n ɑ ɫ
ikkunaal	i kː u n ɑː ɫ
ikkunaal	i kː ŭ n ə ɫː
ikkunalle	i kː u n ɑ ɫː e̞
ikkunalle	i kː u n ɑ ɫː e̞ n
ikkunalle	i kː ŭ n ə ɫː
ikkunalt	i kː u n ɑː ɫ d̥
ikkunalt	i kː ŭ n ə ɫ t
ikkunalus	i kː u n ɑ ɫ uˑ ʒ̥
ikkunalus	i kː ŭ n ɑ ɫ uˑ z̠
ikkää	i kː æ
ikkää	i kˑ æː
ikostaa	i k o̞ˑ s̠ t ɑ
ikostaa	i ɡ̊ o̞ˑ ʃ t ɑː
ikä	i k æˑ
ikä	i ɡ̊ æˑ
ikähiin	i k æˑ h i n e̞ˑ
ikähiin	i ɡ̊ æˑ h iː n
ikävys	i k æˑ ʋ y̆ z̠
ikävys	i kˑ æː ʋ y ʒ̥
ikävä	i k æˑ ʋ
ikävä	i kˑ æː ʋ æ
ikävöijä	i k æˑ ʋ ø̞̆ i̯
ikävöijä	i ɡ̊ æˑ ʋ ø̞ i̯ j æ
ikävöijä	i ɡ̊ æˑ ʋ ø̞ j æˑ ɡ̊
ikävöittää	i k æˑ ʋ ø̞ i̯ tː æ
ikävöittää	i ɡ̊ æˑ ʋ ø̞ i̯ tː æː
ikäyks	i k æˑ y k s̠
ikäyks	i ɡ̊ æˑ y k ʃ
ilata	i ɫ ɑˑ d̥ ɑ
ilata	i ɫ ɑˑ t
ilkiä	i l k i æ
ilkiä	i lʲ k e̞
ilkiä	i lʲ k e̞ æ
illaal	i ɫː ɑː ɫ
illaal	i ɫː ə ɫː
illastaa	i ɫː ɑ ʃ t ɑ ɡ̊
illastaa	i ɫː ɑ ʃ t ɑː
illastaa	i ɫː ə s̠ t ɑ
illativa	i ɫː ɑ d̥ i ʋ ɑˑ
illativa	i ɫː ə tʲ i ʋ ɑˑ
ilma	i ɫ m
ilma	i ɫ m ɑ
ilmahtua	i ɫ m ɑ h t u ɑˑ
ilmahtua	i ɫ m ə h t u ɑˑ
ilmalintu	i ɫ m ɑ lʲ i n d̥ u
ilmalintu	i ɫ m ə lʲ i n t ŭ̥
ilman	i ɫ m ɑ n
ilman	i ɫ m ə n
ilmolintu	i ɫ m o̞ j lʲ i n d̥ u
ilmolintu	i ɫ m ŏ̞ lʲ i n t ŭ̥
ilo	i ɫ o̞ˑ
iloistaa	i ɫ o̞ i̯ s̠ t ɑ
iloistaa	i ɫ o̞ i̯ ʃ t ɑː
iloita	i ɫ o̞ i̯ d̥ ɑ
iloita	i ɫ o̞ i̯ t
ilokas	i ɫ o̞ˑ k ə z̠
ilokas	i ɫ o̞ˑ ɡ̊ ɑ ʒ̥
ilolliin	i ɫ o̞ˑ lʲ lʲ i n e̞ˑ
ilolliin	i ɫ o̞ˑ lː iː n
ilta	i ɫ d̥ ɑ
ilta	i ɫ t
iltain	i ɫ t ɑ i̯ n
iltain	i ɫ t ə i̯ n
iltanna	i ɫ t ɑː n
iltanna	i ɫ t ə nː
ilve	i lʲ ʋ
ilve	i lʲ ʋ e̞
ilvehtiä	i lʲ ʋ e̞ h t i æˑ
ilvehtiä	i lʲ ʋ ə h tʲ i æˑ
ilves	i lʲ ʋ e̞ z̠
ilves	i lʲ ʋ e̞ ʒ̥
ilveskissa	i lʲ ʋ e̞ ʃ k i ʃː ɑ
ilveskissa	i lʲ ʋ ə s̠ k i s̠ː
ilvessusi	i lʲ ʋ e̞ ʃ ʃ u ʒ̥ iˑ
ilvessusi	i lʲ ʋ ə s̠ s̠ u s̠ iˑ
imettävä	i m e̞ˑ t t æ ʋ æˑ
imettää	i m e̞ˑ tː æ
imettää	i m e̞ˑ tː æː
imi	i m iˑ
imikko	i m iˑ kː o̞ i̯
imikko	i m iˑ kː ŏ̞̥
imikkohyle	i m iˑ kː o̞ h y lʲ e̞ˑ
imikkohyle	i m iˑ kː o̞ j ɣ̥ y l e̞ˑ
imikkokrokodila	i m iˑ kː o̞ j ɡ̊ r o̞ ɡ̊ o̞ˑ d̥ i ɫ ɑˑ
imikkokrokodila	i m iˑ kː o̞ k r o̞ k o̞ˑ d i ɫ ɑˑ
imikkoleva	i m iˑ kː o̞ j l e̞ ʋ ɑˑ
imikkoleva	i m iˑ kː o̞ lʲ e̞ ʋ ɑˑ
imikkoporsas	i m iˑ kː o̞ i̯ b̥ o̞ r ʒ̥ ɑ ʒ̥
imikkoporsas	i m iˑ kː o̞ p o̞ r s̠ ə z̠
imikkosika	i m iˑ kː o̞ i̯ ʒ̥ i ɡ̊ ɑˑ
imikkosika	i m iˑ kː o̞ s̠ i k ɑˑ
imisä	i m iˑ s̠
imisä	i mˑ iː ʒ̥ æ
immiä	i mː e̞
immiä	i mˑ i æ
inari	i n ɑˑ rʲ
inari	i nˑ ɑː r i
indjukka	i n dʲ ŭ kː
indjukka	i n d̥ʲ u kː ɑ
industria	i n d ŭ s̠ t r i ɑ
industria	i n d̥ u ʃ t r i ɑ
industriaraijona	i n d ŭ s̠ t r i ɑ r ɑ i̯ j ŏ̞ n
industriaraijona	i n d̥ u ʃ t r i ɑ r ɑ i̯ j o̞ n ɑ
industriatööläin	i n d ŭ s̠ t r i ɑ t øː lʲ ə i̯ n
industriatööläin	i n d̥ u ʃ t r i ɑ t ø̝ː l æ i̯ n
inessiva	i n e̞ˑ s̠ s̠ i ʋ ɑˑ
inessiva	i n e̞ˑ ʃ ʃ i ʋ ɑˑ
inhimiin	i n h i m i n
inhimiin	i n iˑ m i n e̞ˑ
inhimiin	i n ɣ̥ i m iː n
inho	i n o̞ˑ
inho	i n ɣ̥ o̞
inhota	i n o̞ˑ t
inhota	i n ɣ̥ o̞ d̥ ɑ
inhotella	i n o̞ˑ t e̞ ɫː
inhotella	i n ɣ̥ o̞ d̥ e̞ ɫː ɑ
inhotos	i n o̞ˑ t ŏ̞ z̠
inhotos	i n ɣ̥ o̞ d̥ o̞ ʒ̥
inhottaa	i n o̞ˑ tː ɑ
inhottaa	i n ɣ̥ o̞ tː ɑː
inkerikko	i ŋ k ə r i kː ŏ̞̥
inkerikko	i ŋ ɡ̊ e̞ r i kː o̞ i̯
inkerläin	i ŋ k ə r lʲ ə i̯ n
inkerläin	i ŋ ɡ̊ e̞ r l æ i̯ n
inkeroin	i ŋ k ə r ŏ̞ i̯ n
inkeroin	i ŋ ɡ̊ e̞ r o̞ i̯ n
inmihiin	i n m i h iː n
inmihiin	i n m ĭ h i n e̞ˑ
inmiin	i n m iː n
inmiin	i n m ĭ n
instruktiva	i n s̠ t r ŭ k tʲ i ʋ ɑˑ
instruktiva	i n ʃ t r u k t i ʋ ɑˑ
interesnoi	i n d̥ e̞ r e̞ ʒ̥ n o̞ i̯
interesnoi	i n t ə r e̞ s̠ n ŏ̞̥
interjektsia	i n d̥ e̞ r j e̞ k t͡s i ɑ
interjektsia	i n t ə r j e̞ k t͡s̠ e̞
inženera	i n ʒ ə n e̞ r ɑˑ
inženera	i n ʒ̥ e̞ n e̞ r ɑˑ
irine	i r iˑ n
irine	i rˑ iː n e̞
irissä	i r iˑ s̠ː
irissä	i r iˑ ʃː æ
irti	i r d̥ i
irti	i r tʲ
irtonain	i r d̥ o̞ n ɑ i̯ n
irtonain	i r t ŏ̞ n ə i̯ n
irvillää	i r ʋ i lː æː
irvillää	i r ʋ ə lʲː æ
irvissellä	i r ʋ i ʃ ʃ e̞ lː æ
irvissellä	i r ʋ ə s̠ː e̞ lʲː
irvissös	i r ʋ i ʃː ø̞ ʒ̥
irvissös	i r ʋ ĭ s̠ː ø̞̆ z̠
irvistää	i r ʋ i ʃ t æː
irvistää	i r ʋ ə s̠ t æ
isintimä	i s̠ iˑ n tʲ i m æˑ
isintimä	i ʒ̥ iˑ n d̥ i m æˑ
iskiä	i s̠ k e̞
iskiä	i ʃ k i æ
iskljucenija	i s̠ k lʲ ŭ t͡ʃ e̞ n i j
iskljucenija	i ʃ k lʲ u t͡ʃ e̞ n iˑ j ɑ
isku	i s̠ k ŭ̥
isku	i ʃ k u
iso	i s̠ o̞ˑ
iso	i ʒ̥ o̞ i̯
iso	i ʒ̥ o̞ˑ
isost	i s̠ o̞ˑ s̠ t
isost	i ʒ̥ o̞ˑ ʃ t
issukki	i s̠ː ŭ kʲː
issukki	i ʃː u kː i
issukkivooro	i s̠ː ə kː i ʋ oː r ŏ̞̥
issukkivooro	i ʃː u kː i ʋ o̝ː r o̞
issutella	i s̠ː ŭ t e̞ ɫː
issutella	i ʃː u d̥ e̞ ɫː ɑ
issutos	i s̠ː ŭ t ŏ̞ z̠
issutos	i ʃː u d̥ o̞ ʒ̥
issuttaa	i s̠ː ə tː ɑ
issuttaa	i ʃː u tː ɑː
istoria	i s̠ t ŏ̞ r i ɑˑ
istoria	i ʃ t o̞ r i ɑˑ
istua	i s̠ t o̞
istua	i ʃ t u ɑ
istuissa	i s̠ t ŭ s̠ː
istuissa	i ʃ t u i̯ ʃː ɑ
istumiin	i s̠ t ŭ m i n e̞ˑ
istumiin	i ʃ t u m iː n
istumisnerva	i s̠ t ŭ m i z̠ n e̞ r ʋ
istumisnerva	i ʃ t u m i ʒ n e̞ r ʋ ɑ
istuussa	i s̠ t u s̠ː
istuussa	i ʃ t uː ʃː ɑ
isä	i s̠ æˑ
isä	i ʒ̥ æˑ
isäntä	i s̠ æˑ n t
isäntä	i ʒ̥ æˑ n d̥ æ
itetellä	i d̥ e̞ˑ d̥ e̞ lː æ
itetellä	i t e̞ˑ t e̞ lʲː
itettää	i d̥ e̞ˑ tː æː
itettää	i t e̞ˑ tː æ
itikka	i d̥ iˑ kː ɑ
itikka	i tʲ iˑ kː
itikkain	i d̥ iˑ kː ɑ i̯ n
itikkain	i tʲ iˑ kː ə i̯ n
itkiä	i t k e̞
itkiä	i t k i æ
itku	i t k u
itku	i t k ŭ̥
itkuin	i t k u i̯ n
itkuin	i t k ŭ i̯ n
itkuri	i t k u r i
itkuri	i t k ŭ rʲ
itkutuuli	i t k u t uː l i
itkutuuli	i t k ŭ t uː lʲ
itkuvers	i t k u ʋ e̞ r ʒ̥
itkuvers	i t k ŭ ʋ e̞ r z̠
itse	i t͡s e̞
itse	i t͡s̠
ittää	i tː æ
ittää	i tˑ æː
itu	i d̥ uˑ
itu	i t uˑ
ity	i d̥ yˑ
ity	i tʲ yˑ
ityjauha	i d̥ yˑ j ɑ u̯ ɣ̥ ɑ
ityjauha	i tʲ yˑ j ɑ u̯ h
itä	i d̥ æˑ
itä	i t æˑ
itähyä	i d̥ æˑ h y æˑ
itähyä	i d̥ æˑ h y æˑ ɡ̊
itähyä	i t æˑ h y æˑ
itälounat	i d̥ æˑ ɫ o̞ u̯ n ɑ d̥
itälounat	i t æˑ ɫ o̞ u̯ n ə d
itäpohja	i d̥ æˑ b̥ o̞ ɣ̥ j ɑ
itäpohja	i t æˑ p o̞ h i
itätuuli	i d̥ æˑ t uː l i
itätuuli	i t æˑ t uː lʲ
iys	i yˑ z̠
iys	i yˑ ʒ̥
izdateljstva	i z̠ d ə t e̞ lʲ s̠ t ʋ
izdateljstva	i ʃ t ɑ d̥ e̞ lʲ ʃ t ʋ ɑ
iäkäs	i æˑ k ə z̠
iäkäs	i æˑ ɡ̊ æ ʒ̥
iänikäin	i æˑ n i k æ i̯ n
iänikäin	i æˑ n i kˑ æ i̯ n
iättää	i æˑ tː æ
iättää	i æˑ tː æː
ižora	i ʒ o̞ˑ r
ižora	i ʒ̥ o̞ˑ r ɑ
ižoraks	i ʒ o̞ˑ r ə k s̠
ižoraks	i ʒ̥ o̞ˑ r ɑː k ʃ
ižoralain	i ʒ o̞ˑ r ɑ ɫ ɑ i̯ n
ižoralain	i ʒ̥ o̞ˑ r ɑ ɫ ɑ i̯ n
ižoran	i ʒ o̞ˑ r ə n
ižoran	i ʒ̥ o̞ˑ r ɑ n
ižori	i ʒ o̞ˑ rʲ
ižori	i ʒ̥ o̞ˑ r i
ja	j ɑ
jaadu	j ɑː d ŭ̥
jaadu	j ɑː d̥ u
jaadukas	j ɑː d ŭ k ə z̠
jaadukas	j ɑː d̥ u ɡ̊ ɑ ʒ̥
jaadumato	j ɑː d ŭ m ɑ t o̞ˑ
jaadumato	j ɑː d̥ u m ɑ d̥ o̞ˑ
jaaha	j ɑː h
jaaha	j ɑː ɣ̥ ɑ
jaala	j ɑː ɫ
jaala	j ɑː ɫ ɑ
jaama	j ɑː m
jaama	j ɑː m ɑ
jaanikukka	j ɑː n i ɡ̊ u kː ɑ
jaanikukka	j ɑː n ĭ k u kː
jaanikutu	j ɑː n i ɡ̊ u d̥ uˑ
jaanikutu	j ɑː n ĭ k u t uˑ
jaanimato	j ɑː n i m ɑ d̥ o̞ˑ
jaanimato	j ɑː n ĭ m ɑ t o̞ˑ
jaati	j ɑː d̥ i
jaati	j ɑː tʲ
jaavali	j ɑː ʋ ɑ l i
jaavali	j ɑː ʋ ə lʲ
jahti	j ɑ h t i
jahti	j ɑ h tʲ
jahtiita	j ɑ h t iː d̥ ɑ
jahtiita	j ɑ h tʲ i t
jahtimees	j ɑ h t i m e̝ː ʒ̥
jahtimees	j ɑ h tʲ ĭ m eː z̠
jakahua	j ɑ k ɑˑ h u ɑˑ
jakahua	j ɑ ɡ̊ ɑˑ h u ɑˑ
jakahus	j ɑ k ɑˑ h ŭ z̠
jakahus	j ɑ kˑ ɑː ɣ̥ u ʒ̥
jakkaa	j ɑ kː ɑ
jakkaa	j ɑ kˑ ɑː
jako	j ɑ k o̞ˑ
jako	j ɑ ɡ̊ o̞ˑ
jaksaa	j ɑ k s̠ ɑ
jaksaa	j ɑ k ʃ ɑː
jakutta	j ɑ k uˑ tː
jakutta	j ɑ ɡ̊ uˑ tː ɑ
jakutti	j ɑ k uˑ tʲː
jakutti	j ɑ ɡ̊ uˑ tː i
jalaja	j ɑ ɫ ɑ i̯
jalaja	j ɑ ɫˑ ɑː j ɑ
jalal	j ɑ ɫ ɑˑ ɫ
jalal	j ɑ ɫ ɑˑ ɫː
jalalle	j ɑ ɫ ɑˑ ɫː
jalalle	j ɑ ɫ ɑˑ ɫː e̞
jalanpohja	j ɑ ɫ ɑˑ m b̥ o̞ ɣ̥ j ɑ
jalanpohja	j ɑ ɫ ɑˑ m p o̞ h i
jalas	j ɑ ɫ ɑˑ s̠ː
jalas	j ɑ ɫ ɑˑ z̠
jalas	j ɑ ɫ ɑˑ ʒ̥
jalast	j ɑ ɫ ɑˑ s̠ t
jalast	j ɑ ɫ ɑˑ ʃ t
jalka	j ɑ ɫ k
jalka	j ɑ ɫ ɡ̊ ɑ
jalkaisin	j ɑ ɫ k ɑ i̯ ʒ̥ i n
jalkaisin	j ɑ ɫ k ə s̠ ĭ n
jalkaja	j ɑ ɫ k ɑ j ɑ
jalkaja	j ɑ ɫ k ə i̯
jalkakätyt	j ɑ ɫ k ə k æ tʲ yˑ d
jalkakätyt	j ɑ ɫ ɡ̊ ɑ ɡ̊ æ d̥ yˑ d̥
jalkamuna	j ɑ ɫ k ə m u n ɑˑ
jalkamuna	j ɑ ɫ ɡ̊ ɑ m u n ɑˑ
jalkarätti	j ɑ ɫ k ə r æ tʲː
jalkarätti	j ɑ ɫ ɡ̊ ɑ r æ tː i
jalkatauti	j ɑ ɫ k ə t ɑ u̯ tʲ
jalkatauti	j ɑ ɫ ɡ̊ ɑ t ɑ u̯ d̥ i
jalkatroppa	j ɑ ɫ k ə t r o̞ pː
jalkatroppa	j ɑ ɫ ɡ̊ ɑ d̥ r o̞ pː ɑ
jaloil	j ɑ ɫ o̞ˑ iˑ lʲ
jaloil	j ɑ ɫ o̞ˑ j ɫː
jaloille	j ɑ ɫ o̞ˑ iˑ lʲː e̞
jaloille	j ɑ ɫ o̞ˑ j ɫː
jaloilt	j ɑ ɫ o̞ˑ iˑ lʲ d̥
jaloilt	j ɑ ɫ o̞ˑ j ɫ t
jaloitella	j ɑ ɫ o̞ i̯ t e̞ ɫː
jaloitella	j ɑ ɫ o̞ˑ iˑ d̥ e̞ ɫː ɑ
jaloittaa	j ɑ ɫ o̞ i̯ tː ɑ
jaloittaa	j ɑ ɫ o̞ˑ iˑ tː ɑː
jalussin	j ɑ ɫ uˑ s̠ː ĭ n
jalussin	j ɑ ɫ uˑ ʃː i n
jalustimet	j ɑ ɫ uˑ s̠ tʲ i m e̞ˑ d
jalustimet	j ɑ ɫ uˑ ʃ t i m e̞ˑ d̥
jamakka	j ɑ m ɑˑ kː
jamakka	j ɑ m ɑˑ kː ɑ
jammoa	j ɑ mː o̞
jammoa	j ɑ mˑ o̝ː j ɑ
jano	j ɑ n o̞ˑ
janottaa	j ɑ n o̞ˑ tː ɑ
janottaa	j ɑ n o̞ˑ tː ɑː
janvari	j ɑ n ʋ ɑ r i
janvari	j ɑ n ʋ ə rʲ
jaotus	j ɑ o̞ˑ d̥ u ʒ̥
jaotus	j ɑ o̞ˑ t ŭ z̠
jaslit	j ɑ z̠ lʲ ĭ d
jaslit	j ɑ ʒ̥ l i d̥
jatkaa	j ɑ t k ɑ
jatkaa	j ɑ t k ɑː
jauha	j ɑ u̯ h
jauha	j ɑ u̯ ɣ̥ ɑ
jauhaa	j ɑ u̯ h ɑ
jauhaa	j ɑ u̯ h ɑː
jauhakivi	j ɑ u̯ h ə k i ʋ iˑ
jauhakivi	j ɑ u̯ ɣ̥ ɑ ɡ̊ i ʋ iˑ
jauho	j ɑ u̯ h ŏ̞̥
jauho	j ɑ u̯ ɣ̥ o̞
jauho	j ɑ u̯ ɣ̥ o̞ i̯
jauhoa	j ɑ u̯ h o̞
jauhoa	j ɑ u̯ ɣ̥ o̞ j ɑ
jauhokas	j ɑ u̯ h ŏ̞ k ə z̠
jauhokas	j ɑ u̯ ɣ̥ o̞ ɡ̊ ɑ ʒ̥
jauhokivi	j ɑ u̯ h ŏ̞ k i ʋ iˑ
jauhokivi	j ɑ u̯ ɣ̥ o̞ ɡ̊ i ʋ iˑ
jauhotella	j ɑ u̯ h ŏ̞ t e̞ ɫː
jauhotella	j ɑ u̯ ɣ̥ o̞ d̥ e̞ ɫː ɑ
jauhottaa	j ɑ u̯ h ə tː ɑ
jauhottaa	j ɑ u̯ ɣ̥ o̞ tː ɑː
jauhouhlu	j ɑ u̯ h o̞ u h ɫ ŭ̥
jauhouhlu	j ɑ u̯ ɣ̥ o̞ u ɣ̥ ɫ u
javlenja	j ɑ ʋ ɫ e̞ ɲ
javlenja	j ɑ ʋ ɫ e̞ ɲ ɑ
jaššikka	j ɑ ʃː i kː ɑ
jaššikka	j ɑ ʃː ĭ kː
jeppiskoppi	j e̞ pː i ʃ k o̞ pː i
jeppiskoppi	j e̞ pː ə s̠ k ŏ̞ pʲː
jerantka	j e̞ r ɑˑ n t k
jerantka	j e̞ r ɑˑ n t k ɑ
jermakka	j e̞ r m ɑ kː ɑ
jermakka	j e̞ r m ə kː
jet	j e̞ d
jet	j e̞ d̥
jevangeli	j e̞ ʋ ɑˑ ŋ ɡ e̞ lʲ iˑ
jevangeli	j e̞ ʋ ɑˑ ŋ ɡ̊ e̞ lʲ iˑ
jevree	j e̞ ʋ r e̝ː
jevree	j e̞ ʋ r e̞
jo	j o̞
joekas	j o̞ e̞ˑ k ə z̠
joekas	j o̞ e̞ˑ ɡ̊ ɑ ʒ̥
joelt	j o̞ e̞ˑ l d̥
joelt	j o̞ e̞ˑ ɫ t
joka	j o̞ k ɑˑ
joka	j o̞ ɡ̊ ɑˑ
jokaaikain	j o̞ k ɑˑ ɑ i̯ k ə i̯ n
jokaaikain	j o̞ ɡ̊ ɑˑ ɑ i̯ k ɑ i̯ n
jokahiin	j o̞ k ɑˑ h i n e̞ˑ
jokahiin	j o̞ ɡ̊ ɑˑ h iː n
jokapäiväin	j o̞ k ɑˑ p æ i̯ ʋ ə i̯ n
jokapäiväin	j o̞ ɡ̊ ɑˑ p æ i̯ ʋ æ i̯ n
joki	j o̞ k iˑ
joki	j o̞ ɡ̊ iˑ
jokikrapu	j o̞ k iˑ k r ɑ p uˑ
jokikrapu	j o̞ ɡ̊ iˑ ɡ̊ r ɑ b̥ uˑ
jokilaiva	j o̞ k iˑ ɫ ɑ i̯ ʋ
jokilaiva	j o̞ ɡ̊ iˑ ɫ ɑ i̯ ʋ ɑ
jokko	j o̞ kː o̞
jokko	j o̞ kː ŏ̞̥
jolkka	j o̞ ɫ kː
jolkka	j o̞ ɫ kː ɑ
jompakumpa	j o̞ m b̥ ɑ ɡ̊ u m b̥ ɑ
jompakumpa	j o̞ m p ə k u m p
jooksennella	j oː k s̠ ə nː e̞ ɫː
jooksennella	j o̝ː k ʃ e̞ n n e̞ ɫː ɑ
jooksu	j oː k s̠ ŭ̥
jooksu	j o̝ː k ʃ u
jooksuaika	j oː k s̠ u ɑ i̯ k
jooksuaika	j o̝ː k ʃ u ɑ i̯ ɡ̊ ɑ
jooma	j oː m
jooma	j o̝ː m ɑ
joomari	j oː m ə rʲ
joomari	j o̝ː m ɑ r i
joomukka	j oː m ŭ kː
joomukka	j o̝ː m u kː ɑ
joonitella	j oː n ĭ t e̞ ɫː
joonitella	j o̝ː n i d̥ e̞ ɫː ɑ
joossa	j oː s̠ː
joossa	j o̝ː ʃː ɑ
joossennella	j oː s̠ː ə nː e̞ ɫː
joossennella	j o̝ː ʃː e̞ n n e̞ ɫː ɑ
joottaa	j oː tː ɑ
joottaa	j o̝ː tː ɑː
joovva	j oː ʋː
joovva	j o̝ː ʋː ɑ
jorvia	j o̞ r ʋ e̞
jorvia	j o̞ r ʋ i ɑ
joršši	j o̞ r ʃʲː
joršši	j o̞ r ʃː i
jos	j o̞ z̠
jos	j o̞ ʒ̥
jot	j o̞ d
jot	j o̞ d̥
jouhi	j o̞ u̯ hʲ
jouhi	j o̞ u̯ ɣ̥ i
jouhikas	j o̞ u̯ h ĭ k ə z̠
jouhikas	j o̞ u̯ ɣ̥ i ɡ̊ ɑ ʒ̥
jouhimato	j o̞ u̯ h ĭ m ɑ t o̞ˑ
jouhimato	j o̞ u̯ ɣ̥ i m ɑ d̥ o̞ˑ
joukko	j o̞ u̯ kː o̞
joukko	j o̞ u̯ kː ŏ̞̥
joulujolkka	j o̞ u̯ ɫ u j o̞ ɫ kː ɑ
joulujolkka	j o̞ u̯ ɫ ŭ j o̞ ɫ kː
joulunveetto	j o̞ u̯ ɫ u n ʋ e̝ː tː o̞
joulunveetto	j o̞ u̯ ɫ ŭ n ʋ eː tː ŏ̞̥
joutaa	j o̞ u̯ t ɑ
joutaa	j o̞ u̯ t ɑː
joutava	j o̞ u̯ t ɑ ʋ ɑ
joutava	j o̞ u̯ t ə ʋ
jouten	j o̞ u̯ d̥ e̞ n
jouten	j o̞ u̯ t e̞ n
joutsen	j o̞ u̯ t͡s e̞ n
joutsen	j o̞ u̯ t͡s̠ e̞ n
joutsut	j o̞ u̯ t͡s u d̥
joutsut	j o̞ u̯ t͡s̠ ŭ d
joutua	j o̞ u̯ t o̞
joutua	j o̞ u̯ t u ɑ
jožikka	j o̞ ʒ iˑ kː
jožikka	j o̞ ʒ̥ iˑ kː ɑ
julittaa	j u l iˑ tː ɑː
julittaa	j u lʲ iˑ tː ɑ
jumala	j u m ɑˑ ɫ
jumala	j u mˑ ɑː ɫ ɑ
jumalalliin	j u m ɑˑ ɫ ɑ lʲː ĭ n
jumalalliin	j u m ɑˑ ɫ ɑ lː iː n
jumalanlaulu	j u m ɑˑ ɫ ɑ n ɫ ɑ u̯ ɫ ŭ̥
jumalanlaulu	j u mˑ ɑː ɫ ɑ n ɫ ɑ u̯ ɫ u
jumalanlehmä	j u m ɑˑ ɫ ɑ n lʲ e̞ h m
jumalanlehmä	j u mˑ ɑː ɫ ɑ n l e̞ ɣ̥ m æ
jumalanlintu	j u m ɑˑ ɫ ɑ n lʲ i n t ŭ̥
jumalanlintu	j u mˑ ɑː ɫ ɑ n lʲ i n d̥ u
jumaliin	j u m ɑˑ l iː n
jumaliin	j u m ɑˑ lʲ i n
jumaliin	j u m ɑˑ lʲ i n e̞ˑ
jurma	j u r m
jurma	j u r m ɑ
jurmast	j u r m ɑː ʃ t
jurmast	j u r m ə s̠ t
jurmus	j u r m u ʒ̥
jurmus	j u r m ŭ z̠
jurtta	j u r tː
jurtta	j u r tː ɑ
jussi	j u s̠ʲː
jussi	j u ʃː i
jussiheinä	j u s̠ː ĭ h e̞ i̯ n
jussiheinä	j u ʃː i h e̞ i̯ n æ
jussikko	j u s̠ː ə kː ŏ̞̥
jussikko	j u ʃː i kː o̞ i̯
jussikkoniitty	j u s̠ː ə kː o̞ n iː tʲː y̥̆
jussikkoniitty	j u ʃː i kː o̞ i̯ n iː tː y
just	j u s̠ t
just	j u ʃ t
jute	j u d̥ e̞ˑ
jute	j u t e̞ˑ
jutella	j u d̥ e̞ˑ ɫː ɑ
jutella	j u t e̞ˑ ɫː
jutokas	j u d̥ o̞ˑ ɡ̊ ɑ ʒ̥
jutokas	j u t o̞ˑ k ə z̠
jutto	j u tː o̞
jutto	j u tː ŏ̞̥
juurekas	j uː r e̞ ɡ̊ ɑ ʒ̥
juurekas	j uː r ə k ə z̠
juuri	j uː r i
juuri	j uː rʲ
juurikarva	j uː r i ɡ̊ ɑ r ʋ ɑ
juurikarva	j uː r ĭ k ɑ r ʋ
juusto	j uː s̠ t ŏ̞̥
juusto	j uː ʃ t o̞
juustomaito	j uː s̠ t ŏ̞ m ɑ i̯ t ŏ̞̥
juustomaito	j uː ʃ t o̞ m ɑ i̯ d̥ o̞
juutalain	j uː d̥ ɑ ɫ ɑ i̯ n
juutalain	j uː t ə ɫ ə i̯ n
juuti	j uː d̥ i
juuti	j uː tʲ
jyllätä	j y lʲː ə t
jyllätä	j y lː æ d̥ æ
jyrinä	j y r iˑ n
jyrinä	j y rˑ iː n æ
jyrissä	j y r iˑ s̠ː
jyrissä	j y r iˑ ʃː æ
jyrkkä	j y r kː
jyrkkä	j y r kː æ
jyry	j y r yˑ
jyrypilvi	j y r yˑ b̥ i l ʋ i
jyrypilvi	j y r yˑ p i lʲ ʋʲ
jyrysae	j y r yˑ s̠ ɑ e̞ˑ
jyrysae	j y r yˑ ʃ ɑ e̞ˑ
jyrytellä	j y r yˑ d̥ e̞ lː æ
jyrytellä	j y r yˑ t e̞ lʲː
jyryttää	j y r yˑ tː æ
jyryttää	j y r yˑ tː æː
jyrähtää	j y r æˑ h t æ
jyrähtää	j y r æˑ h t æː
jyvä	j y ʋ æˑ
jyvänsööjä	j y ʋ æˑ n s̠ øː j
jyvänsööjä	j y ʋ æˑ n ʃ ø̝ː j æ
jäin	j æ i̯ n
jäinnä	j æ i̯ n
jäinnä	j æ i̯ nː
jälel	j æ l e̞ˑ l
jälel	j æ lʲ e̞ˑ lʲː
jälelle	j æ l e̞ˑ lː e̞
jälelle	j æ lʲ e̞ˑ lʲː
jälelt	j æ l e̞ˑ l d̥
jälelt	j æ lʲ e̞ˑ lʲ t
jäles	j æ l e̞ˑ ʒ̥
jäles	j æ lʲ e̞ˑ s̠ː
jälest	j æ l e̞ˑ ʃ t
jälest	j æ lʲ e̞ˑ s̠ t
jälki	j æ lʲ kʲ
jälki	j æ lʲ ɡ̊ i
jälkinootta	j æ lʲ k ĭ n oː tː
jälkinootta	j æ lʲ ɡ̊ i n o̝ː tː ɑ
jälkisana	j æ lʲ k ĭ s̠ ɑ n ɑˑ
jälkisana	j æ lʲ ɡ̊ i ʒ̥ ɑ n ɑˑ
jälkiä	j æ lʲ k e̞
jälkiä	j æ lʲ k i æ
jällee	j æ lʲː e̞
jällee	j æ lː e̝ː
jämmiä	j æ mː e̞
jämmiä	j æ mˑ i æ
jäniksenkapusta	j æ n iˑ k s̠ e̞ ŋ k ɑ p uˑ s̠ t
jäniksenkapusta	j æ n iˑ k ʃ e̞ ŋ ɡ̊ ɑ b̥ uˑ ʃ t ɑ
jäniksenkäpälä	j æ n iˑ k s̠ e̞ ŋ k æ p æˑ lʲ
jäniksenkäpälä	j æ n iˑ k ʃ e̞ ŋ ɡ̊ æ pˑ æː l æ
jäniksensoolaheinä	j æ n iˑ k s̠ e̞ n s̠ oː ɫ ə h e̞ i̯ n
jäniksensoolaheinä	j æ n iˑ k ʃ e̞ n ʃ o̝ː ɫ ɑ h e̞ i̯ n æ
jänis	j æ n iˑ z̠
jänis	j æ n iˑ ʒ̥
jänistää	j æ n iˑ s̠ t æ
jänistää	j æ n iˑ ʃ t æː
jännittää	j æ nː i tː æː
jännittää	j æ nː ə tː æ
jäns	j æ n z̠
jäns	j æ n ʒ̥
jäntsähtää	j æ n t͡s æ h t æː
jäntsähtää	j æ n t͡s̠ ə h t æ
jänö	j æ n ø̞ i̯
jänö	j æ n ø̞ˑ
järestää	j æ r e̞ˑ s̠ t æ
järestää	j æ r e̞ˑ ʃ t æː
järkenää	j æ r k ə n æ
järkenää	j æ r ɡ̊ e̞ n æː
järky	j æ r k y̥̆
järky	j æ r ɡ̊ y
järriä	j æ rː e̞
järriä	j æ rˑ i æ
järvi	j æ r ʋ i
järvi	j æ r ʋʲ
jäsen	j æ s̠ e̞ˑ n
jäsen	j æ ʒ̥ e̞ˑ n
jäsensuma	j æ s̠ e̞ˑ n s̠ u m ɑˑ
jäsensuma	j æ ʒ̥ e̞ˑ n ʒ̥ u m ɑˑ
jättää	j æ tː æ
jättää	j æ tː æː
jätös	j æ d̥ ø̞ˑ ʒ̥
jätös	j æ t ø̞ˑ z̠
jää	j æː
jäägeli	j æː k e̞ lʲ i
jäägeli	j æː ɡ e̞ lʲ
jäähtyä	j æː h t y æ
jäähtyä	j æː h tʲ ø̞
jäähytellä	j æː h ə t e̞ lʲː
jäähytellä	j æː ɣ̥ y d̥ e̞ lː æ
jäähyttää	j æː h ə tː æ
jäähyttää	j æː ɣ̥ y tː æː
jääkenkä	j æː k e̞ ŋ k
jääkenkä	j æː ɡ̊ e̞ ŋ ɡ̊ æ
jääkerros	j æː k e̞ rː ŏ̞ z̠
jääkerros	j æː ɡ̊ e̞ rː o̞ ʒ̥
jääkäs	j æː k ə z̠
jääkäs	j æː ɡ̊ æ ʒ̥
jäälontti	j æː ɫ o̞ n tʲː
jäälontti	j æː ɫ o̞ n tː i
jäämäki	j æː m æ k iˑ
jäämäki	j æː m æ ɡ̊ iˑ
jäännös	j æː nː ø̞ ʒ̥
jäännös	j æː nː ø̞̆ z̠
jäänös	j æː n ø̞ ʒ̥
jäänös	j æː n ø̞̆ z̠
jäärappa	j æː r ɑ pː
jäärappa	j æː r ɑ pː ɑ
jäärunni	j æː r u nʲː
jäärunni	j æː r u nː i
jäärävä	j æː r æ ʋ æ
jäärävä	j æː r ə ʋ
jääteli	j æː d̥ e̞ lʲ iˑ
jääteli	j æː t e̞ lʲ iˑ
jäättyä	j æː tʲː ø̞
jäättyä	j æː tː y æ
jäätyttää	j æː d̥ y tː æː
jäätyttää	j æː tʲ ə tː æ
jäätää	j æː t æ
jäätää	j æː t æː
jäävvä	j æː ʋː
jäävvä	j æː ʋː æ
kaafedra	k ɑː f e̞ d r
kaafedra	k ɑː f e̞ d̥ r ɑ
kaakattaa	k ɑː k ə tː ɑ
kaakattaa	k ɑː ɡ̊ ɑ tː ɑː
kaakattamiin	k ɑː k ə t t ɑ m iˑ n
kaakattamiin	k ɑː ɡ̊ ɑ t t ɑ mˑ iː n
kaakka	k ɑː kː
kaakka	k ɑː kː ɑ
kaakku	k ɑː kː u
kaakku	k ɑː kː ŭ̥
kaali	k ɑː l i
kaali	k ɑː lʲ
kaalia	k ɑː l i ɑ
kaalia	k ɑː lʲ e̞
kaaliain	k ɑː l i ɑ i̯ n
kaaliain	k ɑː lʲ ĭ j ə i̯ n
kaalimaali	k ɑː l i m ɑː l i
kaalimaali	k ɑː lʲ ĭ m ɑː lʲ
kaanu	k ɑː n u
kaanu	k ɑː n ŭ̥
kaappi	k ɑː pʲː
kaappi	k ɑː pː i
kaara	k ɑː r
kaara	k ɑː r ɑ
kaari	k ɑː r i
kaari	k ɑː rʲ
kaarre	k ɑː rː
kaarre	k ɑː rː e̞
kaartaa	k ɑː r t ɑ
kaartaa	k ɑː r t ɑː
kaarto	k ɑː r d̥ o̞
kaarto	k ɑː r t ŏ̞̥
kaaska	k ɑː s̠ k
kaaska	k ɑː ʃ k ɑ
kaataa	k ɑː t ɑ
kaataa	k ɑː t ɑː
kaatiat	k ɑː d̥ j ɑ d̥
kaatiat	k ɑː t i ɑ d̥
kaatiat	k ɑː tʲ e̞ d
kaatua	k ɑː t o̞
kaatua	k ɑː t u ɑ
kaavi	k ɑː ʋ i
kaavi	k ɑː ʋʲ
kabakka	k ɑ b ɑˑ kː
kabakka	k ɑ b̥ ɑˑ kː ɑ
kablukka	k ɑ b ɫ ŭ kː
kablukka	k ɑ b̥ ɫ u kː ɑ
kae	k ɑ e̞ˑ
kaftana	k ɑ f t ɑ n ɑ
kaftana	k ɑ f t ə n
kagla	k ɑ ɡ ɫ
kagla	k ɑ ɡ̊ ɫ ɑ
kaglaluu	k ɑ ɡ ɫ ə ɫ u
kaglaluu	k ɑ ɡ̊ ɫ ɑ ɫ uː
kaglaosa	k ɑ ɡ ɫ ɑ o̞ s̠ ɑˑ
kaglaosa	k ɑ ɡ̊ ɫ ɑ o̞ ʒ̥ ɑˑ
kaglapiiluu	k ɑ ɡ ɫ ə p iː ɫ uː
kaglapiiluu	k ɑ ɡ̊ ɫ ɑ p iː ɫ uː
kaglarätti	k ɑ ɡ ɫ ə r æ tʲː
kaglarätti	k ɑ ɡ̊ ɫ ɑ r æ tː i
kaglasooni	k ɑ ɡ ɫ ə s̠ oː nʲ
kaglasooni	k ɑ ɡ̊ ɫ ɑ ʃ o̝ː n i
kaglatunnit	k ɑ ɡ ɫ ə t u nː ĭ d
kaglatunnit	k ɑ ɡ̊ ɫ ɑ d̥ u nː i d̥
kaglašarffi	k ɑ ɡ ɫ ə ʃ ə r fʲː
kaglašarffi	k ɑ ɡ̊ ɫ ɑ ʒ̥ ɑ r fː i
kaglus	k ɑ ɡ ɫ ŭ z̠
kaglus	k ɑ ɡ̊ ɫ u ʒ̥
kagra	k ɑ ɡ r
kagra	k ɑ ɡ̊ r ɑ
kagrain	k ɑ ɡ r ə i̯ n
kagrain	k ɑ ɡ̊ r ɑ i̯ n
kagrakeko	k ɑ ɡ r ə k e̞ k o̞ˑ
kagrakeko	k ɑ ɡ̊ r ɑ ɡ̊ e̞ ɡ̊ o̞ˑ
kagranrummen	k ɑ ɡ r ə n r u mː e̞ n
kagranrummen	k ɑ ɡ̊ r ɑ n r u mː e̞ n
kagrapelto	k ɑ ɡ r ə p e̞ ɫ t ŏ̞̥
kagrapelto	k ɑ ɡ̊ r ɑ b̥ e̞ ɫ d̥ o̞
kagrapurnu	k ɑ ɡ r ə p u r n ŭ̥
kagrapurnu	k ɑ ɡ̊ r ɑ b̥ u r n u
kagrariihi	k ɑ ɡ r ə r iː hʲ
kagrariihi	k ɑ ɡ̊ r ɑ r iː ɣ̥ i
kagrasuurima	k ɑ ɡ r ə s̠ uː r ĭ m
kagrasuurima	k ɑ ɡ̊ r ɑ ʃ uː r i m ɑ
kaheks	k ɑ h e̞ˑ k s̠
kaheks	k ɑ ɣ̥ e̞ˑ k ʃ
kaheksan	k ɑ h e̞ˑ k s̠ ə n
kaheksan	k ɑ ɣ̥ e̞ˑ k ʃ ɑ n
kaheksankymment	k ɑ h e̞ˑ k s̠ ɑ ŋ k y mː e̞ n t
kaheksankymment	k ɑ ɣ̥ e̞ˑ k ʃ ɑ ŋ ɡ̊ y mː e̝ː n d̥
kaheksantoist	k ɑ h e̞ˑ k s̠ ɑ n t ŏ̞ s̠ t
kaheksantoist	k ɑ ɣ̥ e̞ˑ k ʃ ɑ n t o̞ i̯ ʃ t
kaheksas	k ɑ h e̞ˑ k s̠ ə z̠
kaheksas	k ɑ ɣ̥ e̞ˑ k ʃ ɑ ʒ̥
kaheksaskymmenäs	k ɑ h e̞ˑ k s̠ ɑ s̠ k y mː ə n ə z̠
kaheksaskymmenäs	k ɑ ɣ̥ e̞ˑ k ʃ ɑ ʃ k y mː e̞ n æ ʒ̥
kahenlain	k ɑ h e̞ˑ n ɫ ə i̯ n
kahenlain	k ɑ ɣ̥ e̞ˑ n ɫ ɑ i̯ n
kahle	k ɑ h ɫ
kahle	k ɑ ɣ̥ ɫ e̞
kahmola	k ɑ h m ŏ̞ ɫ
kahmola	k ɑ ɣ̥ m o̞ ɫ ɑ
kaiho	k ɑ i̯ h ŏ̞̥
kaiho	k ɑ i̯ ɣ̥ o̞
kaihoella	k ɑ i̯ h o̞ e̞ ɫː
kaihoella	k ɑ i̯ ɣ̥ o̞ e̞ ɫː ɑ
kaihota	k ɑ i̯ h ŏ̞ t
kaihota	k ɑ i̯ ɣ̥ o̞ d̥ ɑ
kaik	k ɑ i̯
kaik	k ɑ i̯ k
kaik	k ɑ i̯ ɡ̊
kaikellain	k ɑ i̯ k ə ɫː ə i̯ n
kaikellain	k ɑ i̯ ɡ̊ e̞ ɫː ɑ i̯ n
kaikenlaajain	k ɑ i̯ k ə n ɫ ɑː j ə i̯ n
kaikenlaajain	k ɑ i̯ ɡ̊ e̞ n ɫ ɑː j ɑ i̯ n
kaikenlain	k ɑ i̯ k ə n ɫ ə i̯ n
kaikenlain	k ɑ i̯ ɡ̊ e̞ n ɫ ɑ i̯ n
kaikin	k ɑ i̯ k ĭ n
kaikin	k ɑ i̯ ɡ̊ i n
kaikkia	k ɑ i̯ kː e̞
kaikkia	k ɑ i̯ kː i ɑ
kaikkinee	k ɑ i̯ kː i n e̝ː
kaikkinee	k ɑ i̯ kː ə n e̞
kaikkirookain	k ɑ i̯ kː i r o̝ː k ɑ i̯ n
kaikkirookain	k ɑ i̯ kː ĭ r oː k ə i̯ n
kaikua	k ɑ i̯ k o̞
kaikua	k ɑ i̯ k u ɑ
kaila	k ɑ i̯ ɫ
kaila	k ɑ i̯ ɫ ɑ
kainalo	k ɑ i̯ n ɑ ɫ o̞
kainalo	k ɑ i̯ n ə ɫ ŏ̞̥
kaita	k ɑ i̯ d̥ ɑ
kaita	k ɑ i̯ t
kaivaa	k ɑ i̯ ʋ ɑ
kaivaa	k ɑ i̯ ʋ ɑː
kaivata	k ɑ i̯ ʋ ɑ d̥ ɑ
kaivata	k ɑ i̯ ʋ ə t
kaivertaa	k ɑ i̯ ʋ e̞ r d̥ ɑː
kaivertaa	k ɑ i̯ ʋ ə r t ɑ
kaivo	k ɑ i̯ ʋ o̞
kaivo	k ɑ i̯ ʋ ŏ̞̥
kaivokokka	k ɑ i̯ ʋ o̞ ɡ̊ o̞ kː ɑ
kaivokokka	k ɑ i̯ ʋ ŏ̞ k o̞ kː
kajahtaa	k ɑ j ɑˑ h t ɑ
kajahtaa	k ɑ j ɑˑ h t ɑː
kajava	k ɑ j ɑˑ ʋ
kajava	k ɑ jˑ ɑː ʋ ɑ
kakara	k ɑ k ɑˑ r
kakara	k ɑ kˑ ɑː r ɑ
kakka	k ɑ kː
kakka	k ɑ kː ɑ
kakkara	k ɑ kː ɑ r ɑ
kakkara	k ɑ kː ə r
kakko	k ɑ kː o̞ i̯
kakko	k ɑ kː ŏ̞̥
kakku	k ɑ kː u
kakku	k ɑ kː ŭ̥
kaks	k ɑ k s̠
kaks	k ɑ k ʃ
kaksdjuimain	k ɑ k s̠ dʲ u i̯ m ə i̯ n
kaksdjuimain	k ɑ k ʃ tʲ u i̯ m ɑ i̯ n
kakshaarain	k ɑ k s̠ h ɑː r ə i̯ n
kakshaarain	k ɑ k ʃ h ɑː r ɑ i̯ n
kaksikko	k ɑ k s̠ ə kː ŏ̞̥
kaksikko	k ɑ k ʃ i kː o̞ i̯
kaksikkoin	k ɑ k s̠ ĭ kː ŏ̞ i̯ n
kaksikkoin	k ɑ k ʃ i kː o̞ i̯ n
kakskarvain	k ɑ k s̠ k ɑ r ʋ ə i̯ n
kakskarvain	k ɑ k ʃ k ɑ r ʋ ɑ i̯ n
kakskertain	k ɑ k s̠ k e̞ r t ə i̯ n
kakskertain	k ɑ k ʃ k e̞ r t ɑ i̯ n
kakskolmatta	k ɑ k s̠ k o̞ ɫ m ə tː
kakskolmatta	k ɑ k ʃ k o̞ ɫ m ɑ tː ɑ
kakskymment	k ɑ k s̠ k y mː e̞ n t
kakskymment	k ɑ k ʃ k y mː e̝ː n d̥
kakskymmenäs	k ɑ k s̠ k y mː ə n ə z̠
kakskymmenäs	k ɑ k ʃ k y mː e̞ n æ ʒ̥
kaksmaštiin	k ɑ k s̠ m ɑ ʃ tʲ ĭ n
kaksmaštiin	k ɑ k ʃ m ɑ ʃ t iː n
kaksnaaglain	k ɑ k s̠ n ɑː ɡ ɫ ə i̯ n
kaksnaaglain	k ɑ k ʃ n ɑː ɡ̊ ɫ ɑ i̯ n
kakspohjain	k ɑ k s̠ p o̞ h j ə i̯ n
kakspohjain	k ɑ k ʃ p o̞ ɣ̥ j ɑ i̯ n
kakspooliin	k ɑ k s̠ p oː lʲ ĭ n
kakspooliin	k ɑ k ʃ p o̝ː l iː n
kakstoist	k ɑ k s̠ t ŏ̞ s̠ t
kakstoist	k ɑ k ʃ t o̞ i̯ ʃ t
kaksvootiin	k ɑ k s̠ ʋ oː tʲ ĭ n
kaksvootiin	k ɑ k ʃ ʋ o̝ː t iː n
kaksznacnoi	k ɑ k s̠ z̠ n ɑ t͡ʃ n ŏ̞̥
kaksznacnoi	k ɑ k ʃ ʃ n ɑ t͡ʃ n o̞ i̯
kala	k ɑ ɫ ɑˑ
kalakajava	k ɑ ɫ ɑˑ k ɑ j ɑˑ ʋ
kalakajava	k ɑ ɫ ɑˑ ɡ̊ ɑ jˑ ɑː ʋ ɑ
kalakas	k ɑ ɫ ɑˑ k ə z̠
kalakas	k ɑ ɫ ɑˑ ɡ̊ ɑ ʒ̥
kalamees	k ɑ ɫ ɑˑ m eː z̠
kalamees	k ɑ ɫ ɑˑ m e̝ː ʒ̥
kalamerta	k ɑ ɫ ɑˑ m e̞ r d̥ ɑ
kalamerta	k ɑ ɫ ɑˑ m e̞ r t
kalanmarja	k ɑ ɫ ɑˑ m m ɑ r i
kalanmarja	k ɑ ɫ ɑˑ m m ɑ r j ɑ
kalanmukain	k ɑ ɫ ɑˑ m m u k ɑ i̯ n
kalanmukain	k ɑ ɫ ɑˑ m m u kˑ ɑ i̯ n
kalanpyytö	k ɑ ɫ ɑˑ m p yː d̥ ø̞
kalanpyytö	k ɑ ɫ ɑˑ m p yː t ø̞̥̆
kalanrakko	k ɑ ɫ ɑˑ n r ɑ kː o̞
kalanrakko	k ɑ ɫ ɑˑ n r ɑ kː ŏ̞̥
kalapaikka	k ɑ ɫ ɑˑ p ɑ i̯ kː
kalapaikka	k ɑ ɫ ɑˑ p ɑ i̯ kː ɑ
kalapiirakka	k ɑ ɫ ɑˑ p iː r ɑ kː ɑ
kalapiirakka	k ɑ ɫ ɑˑ p iː r ə kː
kalaseegla	k ɑ ɫ ɑˑ s̠ eː ɡ ɫ
kalaseegla	k ɑ ɫ ɑˑ ʃ e̝ː ɡ̊ ɫ ɑ
kalastaa	k ɑ ɫ ɑˑ s̠ t ɑ
kalastaa	k ɑ ɫ ɑˑ ʃ t ɑː
kalastaja	k ɑ ɫ ɑˑ s̠ t ɑ j ɑˑ
kalastaja	k ɑ ɫ ɑˑ ʃ t ɑ j ɑˑ
kalasuppi	k ɑ ɫ ɑˑ s̠ u pʲː
kalasuppi	k ɑ ɫ ɑˑ ʒ̥ u pː i
kalatoin	k ɑ ɫ ɑˑ d̥ o̞ i̯ n
kalatoin	k ɑ ɫ ɑˑ t ŏ̞ i̯ n
kalbassi	k ɑ ɫ b ə s̠ʲː
kalbassi	k ɑ ɫ b̥ ɑ ʃː i
kalendari	k ɑ ɫ e̞ˑ n d ɑ r iˑ
kalendari	k ɑ ɫ e̞ˑ n d̥ ɑ r iˑ
kalidora	k ɑ l iˑ d̥ o̞ r ɑˑ
kalidora	k ɑ lʲ iˑ d o̞ r ɑˑ
kalinamarja	k ɑ lʲ iˑ n ɑ m ɑ r i
kalinamarja	k ɑ lʲ iˑ n ɑ m ɑ r j ɑ
kalindora	k ɑ l iˑ n d̥ o̞ r ɑˑ
kalindora	k ɑ lʲ iˑ n d o̞ r ɑˑ
kalitka	k ɑ l iˑ t k ɑ
kalitka	k ɑ lʲ iˑ t k
kalkki	k ɑ ɫ kʲː
kalkki	k ɑ ɫ kː i
kalkkikivi	k ɑ ɫ kː i ɡ̊ i ʋ iˑ
kalkkikivi	k ɑ ɫ kː ĭ k i ʋ iˑ
kalkkikoori	k ɑ ɫ kː i k o̝ː r i
kalkkikoori	k ɑ ɫ kː ĭ k oː rʲ
kalkkuna	k ɑ ɫ kː u n ɑ
kalkkuna	k ɑ ɫ kː ŭ n
kalla	k ɑ ɫː
kalla	k ɑ ɫː ɑ
kallas	k ɑ ɫː ɑ ʒ̥
kallas	k ɑ ɫː ə z̠
kallio	k ɑ lʲː ŏ̞̥
kallio	k ɑ lː i o̞
kalliokas	k ɑ lʲː ŏ̞ k ə z̠
kalliokas	k ɑ lː i o̞ ɡ̊ ɑˑ ʒ̥
kalliosikko	k ɑ lʲː ĭ o̞ s̠ iˑ kː ŏ̞̥
kalliosikko	k ɑ lː i o̞ ʒ̥ iˑ kː o̞ i̯
kallis	k ɑ lʲː ĭ z̠
kallis	k ɑ lː i ʒ̥
kalma	k ɑ ɫ m
kalma	k ɑ ɫ m ɑ
kalmaluu	k ɑ ɫ m ɑ ɫ uː
kalmaluu	k ɑ ɫ m ə ɫ uː
kalmat	k ɑ ɫ m ɑ d̥
kalmat	k ɑ ɫ m ə d
kaloja	k ɑ ɫ o̞ i̯
kaloja	k ɑ ɫˑ o̝ː j ɑ
kaltain	k ɑ ɫ t ɑ i̯ n
kaltain	k ɑ ɫ t ə i̯ n
kamala	k ɑ m ɑˑ ɫ
kamala	k ɑ mˑ ɑː ɫ ɑ
kamara	k ɑ m ɑˑ r
kamara	k ɑ mˑ ɑː r ɑ
kambakala	k ɑ m b ə k ɑ ɫ ɑˑ
kambakala	k ɑ m b̥ ɑ ɡ̊ ɑ ɫ ɑˑ
kambala	k ɑ m b ə ɫ
kambala	k ɑ m p ɑ ɫ ɑ
kamela	k ɑ m e̞ˑ ɫ
kamela	k ɑ mˑ e̝ː ɫ ɑ
kamenšikka	k ɑ m e̞ˑ n ʃ ĭ kː
kamenšikka	k ɑ m e̞ˑ n ʒ̥ i kː ɑ
kammari	k ɑ mː ɑ r i
kammari	k ɑ mː ə rʲ
kammitsa	k ɑ mː i t͡s ɑ
kammitsa	k ɑ mː ĭ t͡s̠
kamppania	k ɑ m pː ɑ n i ɑˑ
kamppania	k ɑ m pː ə n i ɑˑ
kana	k ɑ n ɑˑ
kanahanhi	k ɑ n ɑˑ h ɑ n iˑ
kanahanhi	k ɑ n ɑˑ ɣ̥ ɑ n ɣ̥ i
kanain	k ɑ n ɑ i̯ n
kanain	k ɑ nˑ ɑ i̯ n
kanajoukko	k ɑ n ɑˑ j o̞ u̯ kː o̞
kanajoukko	k ɑ n ɑˑ j o̞ u̯ kː ŏ̞̥
kananhaukka	k ɑ n ɑˑ n h ɑ u̯ kː
kananhaukka	k ɑ n ɑˑ n h ɑ u̯ kː ɑ
kananmuna	k ɑ n ɑˑ m m u n ɑˑ
kanansilmä	k ɑ n ɑˑ n s̠ i lʲ m
kanansilmä	k ɑ n ɑˑ n ʒ̥ i l m æ
kanaporoda	k ɑ n ɑˑ b̥ o̞ rˑ o̝ː d̥ ɑ
kanaporoda	k ɑ n ɑˑ p o̞ r o̞ˑ d
kanappia	k ɑ n ɑˑ p p i ɑˑ
kanasakkeli	k ɑ n ɑˑ s̠ ɑ kː e̞ lʲ
kanasakkeli	k ɑ n ɑˑ ʒ̥ ɑ kː e̞ lʲ i
kanava	k ɑ n ɑˑ ʋ
kanava	k ɑ nˑ ɑː ʋ ɑ
kaneppi	k ɑ n e̞ˑ pʲː
kaneppi	k ɑ n e̞ˑ pː i
kanerva	k ɑ n e̞ˑ r ʋ
kanerva	k ɑ n e̞ˑ r ʋ ɑ
kanervikko	k ɑ n e̞ˑ r ʋ i kː o̞ i̯
kanervikko	k ɑ n e̞ˑ r ʋ i kː ŏ̞̥
kangas	k ɑ ŋ ɡ ə z̠
kangas	k ɑ ŋ ɡ̊ ɑ ʒ̥
kangaspuut	k ɑ ŋ ɡ ə s̠ p uː d
kangaspuut	k ɑ ŋ ɡ̊ ɑ ʃ p uː d̥
kangassammal	k ɑ ŋ ɡ ə s̠ s̠ ɑ mː ə ɫ
kangassammal	k ɑ ŋ ɡ̊ ɑ ʃ ʃ ɑ mː ɑ ɫ
kangeta	k ɑ ŋ ɡ e̞ t
kangeta	k ɑ ŋ ɡ̊ e̞ d̥ ɑ
kanini	k ɑ n iˑ nʲ
kanini	k ɑ nˑ iː n i
kankaroittaa	k ɑ ŋ k ə r o̞ i̯ tː ɑ
kankaroittaa	k ɑ ŋ ɡ̊ ɑ r o̞ i̯ tː ɑː
kanki	k ɑ ŋ kʲ
kanki	k ɑ ŋ ɡ̊ i
kannattaa	k ɑ nː ɑ tː ɑː
kannattaa	k ɑ nː ə tː ɑ
kannel	k ɑ nː e̞ l
kannel	k ɑ nː e̞ lʲ
kannella	k ɑ nː e̞ ɫː
kannella	k ɑ nː e̞ ɫː ɑ
kannikka	k ɑ nː i kː ɑ
kannikka	k ɑ nː ĭ kː
kannu	k ɑ nː u
kannu	k ɑ nː ŭ̥
kannus	k ɑ nː u ʒ̥
kannus	k ɑ nː ŭ z̠
kannut	k ɑ nː u d̥
kannut	k ɑ nː ŭ d
kans	k ɑ n z̠
kans	k ɑ n ʒ̥
kansa	k ɑ n s̠
kansa	k ɑ n ʒ̥ ɑ
kansanrespublikka	k ɑ n s̠ ə n r e̞ s̠ p ŭ b lʲ ĭ kː
kansanrespublikka	k ɑ n ʒ̥ ɑ n r e̞ ʃ p u b l i kː ɑ
kanta	k ɑ n d̥ ɑ
kanta	k ɑ n t
kantaa	k ɑ n t ɑ
kantaa	k ɑ n t ɑː
kantaja	k ɑ n t ɑ j ɑ
kantaja	k ɑ n t ə i̯
kanto	k ɑ n d̥ o̞
kanto	k ɑ n t ŏ̞̥
kantosammal	k ɑ n d̥ o̞ ʒ̥ ɑ mː ɑ ɫ
kantosammal	k ɑ n t ŏ̞ s̠ ɑ mː ə ɫ
kaottaa	k ɑ o̞ˑ tː ɑ
kaottaa	k ɑ o̞ˑ tː ɑː
kaotus	k ɑ o̞ˑ d̥ u ʒ̥
kaotus	k ɑ o̞ˑ t ŭ z̠
kapa	k ɑ b̥ ɑˑ
kapa	k ɑ p ɑˑ
kapale	k ɑ p ɑˑ ɫ
kapale	k ɑ pˑ ɑː ɫ e̞
kapalo	k ɑ p ɑˑ ɫ ŏ̞̥
kapalo	k ɑ pˑ ɑː ɫ o̞
kapalovöö	k ɑ p ɑˑ ɫ o̞ ʋ øː
kapalovöö	k ɑ pˑ ɑː ɫ o̞ ʋ ø̝ː
kapine	k ɑ p iˑ n
kapine	k ɑ pˑ iː n e̞
kapitalisticeskoi	k ɑ b̥ iˑ d̥ ɑ l iˑ ʃ t i t͡ʃ e̞ˑ ʃ k o̞ i̯
kapitalisticeskoi	k ɑ p iˑ t ɑ lʲ iˑ s̠ tʲ i t͡ʃ e̞ˑ s̠ k ŏ̞̥
kapja	k ɑ b i
kapja	k ɑ b̥ j ɑ
kapkana	k ɑ p k ɑ n ɑ
kapkana	k ɑ p k ə n
kaplas	k ɑ b ɫ ə z̠
kaplas	k ɑ b̥ ɫ ɑ ʒ̥
kappa	k ɑ pː
kappa	k ɑ pː ɑ
kapsoli	k ɑ p s̠ ŏ̞ lʲ
kapsoli	k ɑ p ʃ o̞ l i
kaptittaa	k ɑ p t i tː ɑː
kaptittaa	k ɑ p tʲ ə tː ɑ
kapussantaimi	k ɑ b̥ uˑ ʃː ɑ n t ɑ i̯ m i
kapussantaimi	k ɑ p uˑ s̠ː ɑ n t ɑ i̯ mʲ
kapusta	k ɑ b̥ uˑ ʃ t ɑ
kapusta	k ɑ p uˑ s̠ t
karaissa	k ɑ rː ə s̠ː
karaissa	k ɑ rˑ ɑ i̯ ʃː ɑ
karassi	k ɑ r ɑˑ s̠ʲː
karassi	k ɑ r ɑˑ ʃː i
karassibocka	k ɑ r ɑˑ s̠ː i b o̞ t͡ʃ k
karassibocka	k ɑ r ɑˑ ʃː i b̥ o̞ t͡ʃ k ɑ
karassikala	k ɑ r ɑˑ s̠ː i k ɑ ɫ ɑˑ
karassikala	k ɑ r ɑˑ ʃː i ɡ̊ ɑ ɫ ɑˑ
karata	k ɑ r ɑˑ d̥ ɑ
karata	k ɑ r ɑˑ t
karavooda	k ɑ r ɑˑ ʋ o̝ː d̥ ɑ
karavooda	k ɑ r ɑˑ ʋ o̞ d
kare	k ɑ r e̞ˑ
karhia	k ɑ r h i ɑ
karhia	k ɑ rː e̞
karhu	k ɑ r uˑ
karhu	k ɑ r ɣ̥ u
karissa	k ɑ r iˑ s̠ː
karissa	k ɑ r iˑ ʃː ɑ
karitsa	k ɑ r iˑ t͡s ɑ
karitsa	k ɑ r iˑ t͡s̠
karja	k ɑ r i
karja	k ɑ r j ɑ
karjala	k ɑ r j ɑ ɫ ɑ
karjala	k ɑ r j ə ɫ
karjalain	k ɑ r j ɑ ɫ ɑ i̯ n
karjalain	k ɑ r j ə ɫ ə i̯ n
karjamaa	k ɑ r j ɑ m ɑː
karjamaa	k ɑ r j ə m ɑː
karjankasvattaja	k ɑ r j ɑ ŋ ɡ̊ ɑ ʒ̥ ʋ ɑ t t ɑ j ɑˑ
karjankasvattaja	k ɑ r j ə ŋ k ɑ z̠ ʋ ə t t ɑ j ɑˑ
karjaprogona	k ɑ r j ɑ b̥ r o̞ kˑ o̝ː n ɑ
karjaprogona	k ɑ r j ə p r o̞ ɡ o̞ˑ n
karkia	k ɑ r k e̞
karkia	k ɑ r k i ɑ
karmakka	k ɑ r m ɑ kː ɑ
karmakka	k ɑ r m ə kː
karmanto	k ɑ r m ɑ n d̥ o̞
karmanto	k ɑ r m ə n t ŏ̞̥
karmu	k ɑ r m u
karmu	k ɑ r m ŭ̥
karpala	k ɑ r p ɑ ɫ ɑ
karpala	k ɑ r p ə ɫ
karpalo	k ɑ r p ɑ ɫ o̞
karpalo	k ɑ r p ə ɫ ŏ̞̥
karpola	k ɑ r p o̞ ɫ ɑ
karpola	k ɑ r p ŏ̞ ɫ
karpolo	k ɑ r p o̞ ɫ o̞
karpolo	k ɑ r p ə ɫ ŏ̞̥
karppa	k ɑ r pː
karppa	k ɑ r pː ɑ
karppi	k ɑ r pʲː
karppi	k ɑ r pː i
karpula	k ɑ r p u ɫ ɑ
karpula	k ɑ r p ŭ ɫ
karsia	k ɑ r s̠ e̞
karsia	k ɑ r ʃ i ɑ
karsina	k ɑ r s̠ ĭ n
karsina	k ɑ r ʃ i n ɑ
karsittaa	k ɑ r s̠ ə tː ɑ
karsittaa	k ɑ r ʒ̥ i tː ɑː
karskia	k ɑ r s̠ k e̞
karskia	k ɑ r ʃ k i ɑ
karsta	k ɑ r s̠ t
karsta	k ɑ r ʃ t ɑ
karstavoije	k ɑ r s̠ t ə ʋ o̞ i̯ j
karstavoije	k ɑ r ʃ t ɑ ʋ o̞ i̯ j e̞
karta	k ɑ r d̥ ɑ
karta	k ɑ r t
kartain	k ɑ r t ɑ i̯ n
kartain	k ɑ r t ə i̯ n
kartakatto	k ɑ r d̥ ɑ ɡ̊ ɑ tː o̞
kartakatto	k ɑ r t ə k ɑ tː ŏ̞̥
kartano	k ɑ r t ɑ n o̞
kartano	k ɑ r t ə n ŏ̞̥
kartauhlu	k ɑ r d̥ ɑ u ɣ̥ ɫ u
kartauhlu	k ɑ r t ɑ u h ɫ ŭ̥
kartta	k ɑ r tː
kartta	k ɑ r tː ɑ
karttaa	k ɑ r tː ɑ
karttaa	k ɑ r tː ɑː
karva	k ɑ r ʋ
karva	k ɑ r ʋ ɑ
karvahattu	k ɑ r ʋ ɑ ɣ̥ ɑ tː u
karvahattu	k ɑ r ʋ ə h ɑ tː ŭ̥
karvain	k ɑ r ʋ ɑ i̯ n
karvain	k ɑ r ʋ ə i̯ n
karvakas	k ɑ r ʋ ɑ ɡ̊ ɑ ʒ̥
karvakas	k ɑ r ʋ ə k ə z̠
karvalliin	k ɑ r ʋ ɑ lː iː n
karvalliin	k ɑ r ʋ ə lʲ lʲ i n e̞ˑ
karvaverkko	k ɑ r ʋ ɑ ʋ e̞ r kː o̞
karvaverkko	k ɑ r ʋ ə ʋ e̞ r kː ŏ̞̥
kas	k ɑ z̠
kas	k ɑ ʒ̥
kasi	k ɑ s̠ iˑ
kasi	k ɑ ʒ̥ iˑ
kasis	k ɑ s̠ iˑ s̠ː
kasis	k ɑ ʒ̥ iˑ ʒ̥
kassa	k ɑ s̠ː
kassa	k ɑ ʃː ɑ
kasse	k ɑ s̠ː
kasse	k ɑ ʃː e̞
kassella	k ɑ s̠ː e̞ ɫː
kassella	k ɑ ʃː e̞ ɫː ɑ
kassikkain	k ɑ s̠ː ĭ kː ə i̯ n
kassikkain	k ɑ ʃː i kː ɑ i̯ n
kastaa	k ɑ s̠ t ɑ
kastaa	k ɑ ʃ t ɑː
kastua	k ɑ s̠ t o̞
kastua	k ɑ ʃ t u ɑ
kasvaa	k ɑ z̠ ʋ ɑ
kasvaa	k ɑ ʒ̥ ʋ ɑː
kasvatettava	k ɑ z̠ ʋ ə t e̞ tː ə ʋ
kasvatettava	k ɑ ʒ̥ ʋ ɑ d̥ e̞ tː ɑ ʋ ɑ
kasvattaa	k ɑ z̠ ʋ ə tː ɑ
kasvattaa	k ɑ ʒ̥ ʋ ɑ tː ɑː
kasvattaja	k ɑ z̠ ʋ ə t t ɑ j ɑˑ
kasvattaja	k ɑ ʒ̥ ʋ ɑ t t ɑ j ɑˑ
kasvattua	k ɑ z̠ ʋ ə t t u ɑˑ
kasvattua	k ɑ ʒ̥ ʋ ɑ t t u ɑˑ
kasvo	k ɑ z̠ ʋ ŏ̞̥
kasvo	k ɑ ʒ̥ ʋ o̞
kasvonsööjä	k ɑ z̠ ʋ ŏ̞ n s̠ øː j
kasvonsööjä	k ɑ ʒ̥ ʋ o̞ n ʃ ø̝ː j æ
kasvovalkulain	k ɑ z̠ ʋ ŏ̞ ʋ ɑ ɫ k ŭ ɫ ə i̯ n
kasvovalkulain	k ɑ ʒ̥ ʋ o̞ ʋ ɑ ɫ ɡ̊ u ɫ ɑ i̯ n
kataja	k ɑ t ɑ i̯
kataja	k ɑ tˑ ɑː j ɑ
kate	k ɑ d̥ e̞ˑ
kate	k ɑ t e̞ˑ
kateta	k ɑ d̥ e̞ˑ d̥ ɑ
kateta	k ɑ t e̞ˑ t
katkiissa	k ɑ t k i s̠ː
katkiissa	k ɑ t k iː ʃː ɑ
katol	k ɑ d̥ o̞ˑ ɫ
katol	k ɑ t o̞ˑ ɫː
katolle	k ɑ d̥ o̞ˑ ɫː e̞
katolle	k ɑ t o̞ˑ ɫː
katolt	k ɑ d̥ o̞ˑ ɫ d̥
katolt	k ɑ t o̞ˑ ɫ t
katos	k ɑ d̥ o̞ˑ ʒ̥
katos	k ɑ t o̞ˑ s̠ː
katos	k ɑ t o̞ˑ z̠
katsalain	k ɑ t͡s ɑ ɫ ɑ i̯ n
katsalain	k ɑ t͡s̠ ə ɫ ə i̯ n
katselain	k ɑ t͡s e̞ ɫ ɑ i̯ n
katselain	k ɑ t͡s̠ ə ɫ ə n
katsella	k ɑ t͡s e̞ ɫː ɑ
katsella	k ɑ t͡s̠ e̞ ɫː
katsoa	k ɑ t͡s o̞ ɑ
katsoa	k ɑ t͡s̠ o̞
katsomus	k ɑ t͡s o̞ m u ʒ̥
katsomus	k ɑ t͡s̠ ŏ̞ m ŭ z̠
kattaa	k ɑ tː ɑ
kattaa	k ɑ tː ɑː
kattaja	k ɑ tː ɑ j ɑ
kattaja	k ɑ tː ə i̯
kattiissa	k ɑ tː i s̠ː
kattiissa	k ɑ tː iː ʃː ɑ
kattila	k ɑ tʲː ĭ ɫ
kattila	k ɑ tː i ɫ ɑ
katto	k ɑ tː o̞
katto	k ɑ tː ŏ̞̥
kattopäre	k ɑ tː o̞ b̥ æ r e̞ˑ
kattopäre	k ɑ tː ŏ̞ p æ r e̞ˑ
katu	k ɑ d̥ uˑ
katu	k ɑ t uˑ
katuška	k ɑ t uˑ ʃ k
katuška	k ɑ tˑ uː ʃ k ɑ
katuškarihma	k ɑ t uˑ ʃ k ɑ r i h m
katuškarihma	k ɑ tˑ uː ʃ k ɑ r i ɣ̥ m ɑ
kauhtana	k ɑ u̯ h t ɑ n ɑ
kauhtana	k ɑ u̯ h t ə n
kaunis	k ɑ u̯ n i ʒ̥
kaunis	k ɑ u̯ n ĭ z̠
kaupanmees	k ɑ u̯ b̥ ɑ m m e̝ː ʒ̥
kaupanmees	k ɑ u̯ p ə m m eː z̠
kauppa	k ɑ u̯ pː
kauppa	k ɑ u̯ pː ɑ
kaus	k ɑ u̯ z̠
kaus	k ɑ u̯ ʒ̥
kautta	k ɑ u̯ tː
kautta	k ɑ u̯ tː ɑ
kavala	k ɑ ʋ ɑˑ ɫ
kavala	k ɑ ʋˑ ɑː ɫ ɑ
kavuta	k ɑ ʋ uˑ d̥ ɑ
kavuta	k ɑ ʋ uˑ t
kavvaa	k ɑ ʋː ɑ
kavvaa	k ɑ ʋː ɑː
kavvaks	k ɑ ʋː ɑ k ʃ
kavvaks	k ɑ ʋː ə k s̠
kavvan	k ɑ ʋː ɑ n
kavvan	k ɑ ʋː ə n
kavvoa	k ɑ ʋː o̞
kavvoa	k ɑ ʋˑ o̝ː j ɑ
kazakka	k ɑ z̠ ɑˑ kː
kazakka	k ɑ ʒ̥ ɑˑ kː ɑ
kedräsluu	k e̞ d r ə z̠ ɫ uː
kedräsluu	k e̞ d̥ r æ ʒ ɫ uː
kedrätä	k e̞ d r ə t
kedrätä	k e̞ ʒ̥ r æ d̥ æ
keehua	k eː h o̞
keehua	k e̝ː h u ɑ
keehuttaa	k eː h ə tː ɑ
keehuttaa	k e̝ː ɣ̥ u tː ɑː
keeletöin	k eː lʲ ə t ø̞̆ i̯ n
keeletöin	k e̝ː l e̞ d̥ ø̞ i̯ n
keeli	k eː lʲ
keeli	k e̝ː lʲ i
keelikoira	k eː lʲ ĭ k o̞ i̯ r
keelikoira	k e̝ː lʲ i k o̞ i̯ r ɑ
keelisisteema	k eː lʲ ĭ s̠ i s̠ t e̞ m
keelisisteema	k e̝ː lʲ i ʒ̥ i ʃ t e̝ː m ɑ
keelitöö	k eː lʲ ĭ t øː
keelitöö	k e̝ː lʲ i t ø̝ː
keeltiissä	k eː lʲ tʲ i s̠ː
keeltiissä	k e̝ː lʲ t iː ʃː æ
keelto	k eː ɫ t ŏ̞̥
keelto	k e̝ː ɫ d̥ o̞
keeltätiitämätöin	k eː lʲ t ə t iː t ə m æ t ø̞ i̯ n
keeltätiitämätöin	k e̝ː l d̥ æ t iː d̥ æ m æ d̥ ø̞ˑ iˑ n
keeltää	k eː lʲ t æ
keeltää	k e̝ː lʲ t æː
keero	k eː r ŏ̞̥
keero	k e̝ː r o̞
keeropäre	k eː r ŏ̞ p æ r e̞ˑ
keeropäre	k e̝ː r o̞ b̥ æ r e̞ˑ
keerovakka	k eː r ŏ̞ ʋ ɑ kː
keerovakka	k e̝ː r o̞ ʋ ɑ kː ɑ
keerrellä	k eː rː e̞ lʲː
keerrellä	k e̝ː rː e̞ lʲː æ
keertiissä	k eː r tʲ i s̠ː
keertiissä	k e̝ː r t iː ʃː æ
keertyä	k eː r tʲ ø̞
keertyä	k e̝ː r t y æ
keertää	k eː r t æ
keertää	k e̝ː r t æː
kehata	k e̞ h ɑˑ t
kehata	k e̞ ɣ̥ ɑˑ d̥ ɑ
kehittyä	k e̞ h iˑ tʲ tʲ y æˑ
kehittyä	k e̞ ɣ̥ iˑ t t y æˑ
kehittää	k e̞ h iˑ tː æ
kehittää	k e̞ ɣ̥ iˑ tː æː
kehno	k e̞ h n ŏ̞̥
kehno	k e̞ ɣ̥ n o̞
kehnokkain	k e̞ h n ŏ̞ kː ə i̯ n
kehnokkain	k e̞ ɣ̥ n o̞ kː ɑ i̯ n
kehnontua	k e̞ h n ŏ̞ n t u ɑˑ
kehnontua	k e̞ ɣ̥ n o̞ n d̥ u ɑˑ
kehvel	k e̞ h ʋ e̞ lʲ
kehvel	k e̞ ɣ̥ ʋ e̞ l
kehvelikäs	k e̞ h ʋ ə lʲ i k æˑ z̠
kehvelikäs	k e̞ ɣ̥ ʋ e̞ lʲ i ɡ̊ æˑ ʒ̥
keihäs	k e̞ i̯ h ə z̠
keihäs	k e̞ i̯ ɣ̥ æ ʒ̥
keittää	k e̞ i̯ tː æ
keittää	k e̞ i̯ tː æː
kekel	k e̞ k e̞ˑ lʲ
kekel	k e̞ ɡ̊ e̞ˑ l
kekele	k e̞ k e̞ˑ lʲ
kekele	k e̞ kˑ e̝ː l e̞
kekelä	k e̞ k e̞ˑ lʲ
kekelä	k e̞ kˑ e̝ː l æ
keko	k e̞ k o̞ˑ
keko	k e̞ ɡ̊ o̞ˑ
kekäle	k e̞ k æˑ lʲ
kekäle	k e̞ kː æː l e̞ h
kekäle	k e̞ kˑ æː l e̞
kekälä	k e̞ k æˑ lʲ
kekälä	k e̞ kˑ æː l æ
kelkka	k e̞ ɫ kː
kelkka	k e̞ ɫ kː ɑ
kelkkain	k e̞ ɫ kː ɑ i̯ n
kelkkain	k e̞ ɫ kː ə i̯ n
kellankarvalliin	k e̞ ɫː ɑ ŋ ɡ̊ ɑ r ʋ ɑ lː iː n
kellankarvalliin	k e̞ ɫː ə ŋ k ɑ r ʋ ə lʲ lʲ i n e̞ˑ
kellastua	k e̞ ɫː ɑ ʃ t u ɑˑ
kellastua	k e̞ ɫː ə s̠ t u ɑˑ
kellit	k e̞ lʲː i d̥
kellit	k e̞ lʲː ĭ d
kello	k e̞ ɫː o̞
kello	k e̞ ɫː ŏ̞̥
kellokukka	k e̞ ɫː o̞ ɡ̊ u kː ɑ
kellokukka	k e̞ ɫː ŏ̞ k u kː
kelmiä	k e̞ lʲ m e̞
kelmiä	k e̞ lʲ m i æ
kelpaamatoin	k e̞ ɫ p ɑ m ɑ t o̞ i̯ n
kelpaamatoin	k e̞ ɫ p ɑː m ɑ d̥ o̞ˑ iˑ n
kelta	k e̞ ɫ d̥ ɑ
kelta	k e̞ ɫ t
keltacirkkulain	k e̞ ɫ d̥ ɑ t͡ʃ i r kː u ɫ ɑ i̯ n
keltacirkkulain	k e̞ ɫ t ə t͡ʃ i r kː ŭ ɫ ə n
keltain	k e̞ ɫ t ɑ i̯ n
keltain	k e̞ ɫ t ə i̯ n
keltakukka	k e̞ ɫ d̥ ɑ ɡ̊ u kː ɑ
keltakukka	k e̞ ɫ t ə k u kː
keltarinta	k e̞ ɫ d̥ ɑ r i n d̥ ɑ
keltarinta	k e̞ ɫ t ə r i n t
keltatauti	k e̞ ɫ d̥ ɑ t ɑ u̯ d̥ i
keltatauti	k e̞ ɫ t ə t ɑ u̯ tʲ
keltavästö	k e̞ ɫ d̥ ɑ ʋ æ ʃ t ø̞ i̯
keltavästö	k e̞ ɫ t ə ʋ æ s̠ t ø̞̥̆
kelto	k e̞ ɫ d̥ o̞ i̯
kelto	k e̞ ɫ t ŏ̞̥
keltulain	k e̞ ɫ d̥ u ɫ ɑ i̯ n
keltulain	k e̞ ɫ t ŭ ɫ ə i̯ n
kelvata	k e̞ ɫ ʋ ɑ d̥ ɑ
kelvata	k e̞ ɫ ʋ ə t
ken	k e̞ n
kena	k e̞ n ɑˑ
kenen	k e̞ n e̞ˑ n
kenkä	k e̞ ŋ k
kenkä	k e̞ ŋ ɡ̊ æ
kenkää	k e̞ ŋ k æ
kenkää	k e̞ ŋ k æː
kenle	k e̞ n l e̞
kenle	k e̞ n lʲ
kenlee	k e̞ n l e̝ː
kenlee	k e̞ n lʲ e̞
kepka	k e̞ p k
kepka	k e̞ p k ɑ
keppi	k e̞ pʲː
keppi	k e̞ pː i
kepsaa	k e̞ p s̠ ɑ
kepsaa	k e̞ p ʃ ɑː
kepsahtaa	k e̞ p s̠ ə h t ɑ
kepsahtaa	k e̞ p ʃ ɑ h t ɑː
kepsahtaissa	k e̞ p s̠ ə h t ə i̯ s̠ː
kepsahtaissa	k e̞ p ʃ ɑ h t ɑ i̯ ʃː ɑ
kepsuttaa	k e̞ p s̠ ə tː ɑ
kepsuttaa	k e̞ p ʃ u tː ɑː
kera	k e̞ r ɑˑ
kerallee	k e̞ r ɑˑ lʲː e̝ː
kerallee	k e̞ r ɑˑ lʲː e̞
keritä	k e̞ r iˑ d̥ æ
keritä	k e̞ r iˑ t
kerkiä	k e̞ r k e̞
kerkiä	k e̞ r k i æ
kerkiäliha	k e̞ r k e̞ lʲ i h ɑˑ
kerkiäliha	k e̞ r k i æ lʲ i ɣ̥ ɑˑ
kerkiäst	k e̞ r k e̞ s̠ t
kerkiäst	k e̞ r k i æ ʃ t
kero	k e̞ r o̞ˑ
keroella	k e̞ r o̞ˑ e̞ ɫː
keroella	k e̞ r o̞ˑ e̞ ɫː ɑ
kerosana	k e̞ r o̞ˑ s̠ ɑ n ɑˑ
kerosana	k e̞ r o̞ˑ ʒ̥ ɑ n ɑˑ
kerota	k e̞ r o̞ˑ d̥ ɑ
kerota	k e̞ r o̞ˑ t
kerppu	k e̞ r pː u
kerppu	k e̞ r pː ŭ̥
kerraal	k e̞ rː ɑː ɫ
kerraal	k e̞ rː ə ɫː
kerralle	k e̞ rː ɑ ɫː e̞
kerralle	k e̞ rː ə ɫː
kerros	k e̞ rː o̞ ʒ̥
kerros	k e̞ rː ŏ̞ z̠
kerrääläin	k e̞ rː æ lʲ ə i̯ n
kerrääläin	k e̞ rˑ æː l æ i̯ n
kersi	k e̞ r s̠ʲ
kersi	k e̞ r ʒ̥ i
kerta	k e̞ r d̥ ɑ
kerta	k e̞ r t
kerttää	k e̞ r tː æ
kerttää	k e̞ r tː æː
kerus	k e̞ r uˑ z̠
kerus	k e̞ r uˑ ʒ̥
kerves	k e̞ r ʋ e̞ z̠
kerves	k e̞ r ʋ e̞ ʒ̥
kervestöö	k e̞ r ʋ e̞ ʃ t ø̝ː
kervestöö	k e̞ r ʋ ə s̠ t øː
kerä	k e̞ r æˑ
keräjä	k e̞ r æ i̯
keräjä	k e̞ r æˑ j æ
keräjä	k e̞ rˑ æː j æ
keräjät	k e̞ r æˑ j ə d
keräjät	k e̞ rˑ æː j æ d̥
keräkapusta	k e̞ r æˑ k ɑ p uˑ s̠ t
keräkapusta	k e̞ r æˑ ɡ̊ ɑ b̥ uˑ ʃ t ɑ
kerätä	k e̞ r æˑ d̥ æ
kerätä	k e̞ r æˑ t
keskeel	k e̞ s̠ k e̞ lʲː
keskeel	k e̞ ʃ k e̝ː l
keskenää	k e̞ s̠ k ə n æ
keskenää	k e̞ ʃ k e̞ n æː
keskikohta	k e̞ s̠ k ĭ k o̞ h t
keskikohta	k e̞ ʃ k i ɡ̊ o̞ h t ɑ
keskinäin	k e̞ s̠ k ĭ n ə i̯ n
keskinäin	k e̞ ʃ k i n æ i̯ n
keskipaikka	k e̞ s̠ k ĭ p ɑ i̯ kː
keskipaikka	k e̞ ʃ k i p ɑ i̯ kː ɑ
keskipäivä	k e̞ s̠ k ĭ p æ i̯ ʋ
keskipäivä	k e̞ ʃ k i p æ i̯ ʋ æ
keskitagra	k e̞ s̠ k ĭ t ɑ ɡ r
keskitagra	k e̞ ʃ k i d̥ ɑ ɡ̊ r ɑ
kesoin	k e̞ s̠ o̞ i̯ n
kesoin	k e̞ ʃˑ o̞ i̯ n
kesä	k e̞ s̠ æˑ
kesä	k e̞ ʒ̥ æˑ
kesäaika	k e̞ s̠ æˑ ɑ i̯ k
kesäaika	k e̞ ʒ̥ æˑ ɑ i̯ ɡ̊ ɑ
kesälintu	k e̞ s̠ æˑ lʲ i n t ŭ̥
kesälintu	k e̞ ʒ̥ æˑ lʲ i n d̥ u
kesäomena	k e̞ s̠ æˑ o̞ m e̞ˑ n
kesäomena	k e̞ ʒ̥ æˑ o̞ mˑ e̝ː n ɑ
kesäpäivä	k e̞ s̠ æˑ p æ i̯ ʋ
kesäpäivä	k e̞ ʒ̥ æˑ p æ i̯ ʋ æ
kesävari	k e̞ s̠ æˑ ʋ ɑ r iˑ
kesävari	k e̞ ʒ̥ æˑ ʋ ɑ r iˑ
kesävilla	k e̞ s̠ æˑ ʋ i ɫː
kesävilla	k e̞ ʒ̥ æˑ ʋ i ɫː ɑ
kesäöö	k e̞ s̠ æˑ øː
kesäöö	k e̞ ʒ̥ æˑ ø̝ː
kevät	k e̞ ʋ æˑ d
kevät	k e̞ ʋ æˑ d̥
kevätkuu	k e̞ ʋ æˑ t k uː
kevätkylvökamppania	k e̞ ʋ æˑ t k y lʲ ʋ ø̞ ɡ̊ ɑ m pː ɑ n i ɑˑ
kevätkylvökamppania	k e̞ ʋ æˑ t k y lʲ ʋ ø̞̆ k ɑ m pː ə n i ɑˑ
kevätlumi	k e̞ ʋ æˑ d ɫ u m iˑ
kihlat	k i h ɫ ə d
kihlat	k i ɣ̥ ɫ ɑ d̥
kiikari	k iː k ɑ r i
kiikari	k iː k ə rʲ
kiiliäin	k iː l i æ i̯ n
kiiliäin	k iː lʲ ĭ j ə i̯ n
kiin	k iː n
kiini	k iː n i
kiini	k iː nʲ
kiintiä	k iː n t i æ
kiintiä	k iː n tʲ e̞
kiintiäst	k iː n t e̞ s̠ t
kiintiäst	k iː n t i æː ʃ t
kiire	k iː r
kiire	k iː r e̞
kiiree	k iː r e̝ː
kiiree	k iː r e̞
kiirehtiä	k iː r e̞ h t i æˑ
kiirehtiä	k iː r ə h tʲ i æˑ
kiirehtää	k iː r e̞ h t æː
kiirehtää	k iː r ə h t æ
kiiski	k iː s̠ kʲ
kiiski	k iː ʃ k i
kiissata	k iː s̠ː ə t
kiissata	k iː ʃː ɑ d̥ ɑ
kiisseli	k iː s̠ː e̞ lʲ
kiisseli	k iː ʃː e̞ lʲ i
kiissellä	k iː s̠ː e̞ lʲː
kiissellä	k iː ʃː e̞ lː æ
kiistaamiin	k iː s̠ t ɑ m i n e̞ˑ
kiistaamiin	k iː ʃ t ɑː m iː n
kiitellä	k iː d̥ e̞ lː æ
kiitellä	k iː t e̞ lʲː
kiitolliin	k iː d̥ o̞ lː iː n
kiitolliin	k iː tː ŏ̞ lʲ lʲ i n e̞ˑ
kiitos	k iː d̥ o̞ ʒ̥
kiitos	k iː t ŏ̞ z̠
kiitta	k iː tː
kiitta	k iː tː ɑ
kiittää	k iː tː æ
kiittää	k iː tː æː
kili	k i l iˑ
kili	k i lʲ iˑ
kilina	k i lʲ iˑ n
kilina	k i lˑ iː n ɑ
kilinä	k i lʲ iˑ n
kilinä	k i lˑ iː n æ
kilissä	k i l iˑ ʃː æ
kilissä	k i lʲ iˑ s̠ː
kiljahtaa	k i lʲ j ɑ h t ɑː
kiljahtaa	k i lʲː ə h t ɑ
kiljahus	k i lʲ j ɑ ɣ̥ u ʒ̥
kiljahus	k i lʲː ə h ŭ z̠
kiljahussana	k i lʲ j ɑ ɣ̥ u ʃ ʃ ɑ n ɑˑ
kiljahussana	k i lʲː ə h u s̠ s̠ ɑ n ɑˑ
kiljua	k i lʲ j u ɑ
kiljua	k i lʲː o̞
kilo	k i ɫ o̞ i̯
kilo	k i ɫ o̞ˑ
kilogramma	k i ɫ o̞ˑ ɡ r ɑ mː
kilogramma	k i ɫ o̞ˑ ɡ̊ r ɑ mː ɑ
kilometra	k i ɫ o̞ˑ m e̞ d r
kilometra	k i ɫ o̞ˑ m e̞ d̥ r ɑ
kimalain	k i m ɑˑ ɫ ɑ i̯ n
kimalain	k i m ɑˑ ɫ ə i̯ n
kimmiä	k i mː e̞
kimmiä	k i mˑ i æ
kimppu	k i m pː u
kimppu	k i m pː ŭ̥
kinnas	k i nː ɑ ʒ̥
kinnas	k i nː ə z̠
kino	k i n o̞ˑ
kintakkain	k i n d̥ ɑ kː ɑ i̯ n
kintakkain	k i n t ə kː ə i̯ n
kippiä	k i pː e̞
kippiä	k i pˑ i æ
kippu	k i pː u
kippu	k i pː ŭ̥
kipu	k i b̥ uˑ
kipu	k i p uˑ
kipuna	k i p uˑ n
kipuna	k i pˑ uː n ɑ
kirahuttaa	k i r ɑˑ h u tː ɑ
kirahuttaa	k i r ɑˑ ɣ̥ u tː ɑː
kirissä	k i r iˑ s̠ː
kirissä	k i r iˑ ʃː æ
kirja	k i r i
kirja	k i r j ɑ
kirjailija	k i r j ɑ i̯ l i j ɑˑ
kirjailija	k i r j ə lʲ i j ɑˑ
kirjakans	k i r j ɑ ɡ̊ ɑ n ʒ̥
kirjakans	k i r j ə k ɑ n z̠
kirjakeeli	k i r j ɑ k e̝ː lʲ i
kirjakeeli	k i r j ə k eː lʲ
kirjamees	k i r j ɑ m e̝ː ʒ̥
kirjamees	k i r j ə m eː z̠
kirjamerkki	k i r j ɑ m e̞ r kː i
kirjamerkki	k i r j ə m e̞ r kʲː
kirjanahka	k i r j ɑ n ɑ x k ɑ
kirjanahka	k i r j ə n ɑ x k
kirjasikko	k i r j ɑ ʒ̥ i kː o̞ i̯
kirjasikko	k i r j ə s̠ i kː ŏ̞̥
kirjasuma	k i r j ɑ ʒ̥ u m ɑˑ
kirjasuma	k i r j ə s̠ u m ɑˑ
kirjatoin	k i r j ɑ d̥ o̞ i̯ n
kirjatoin	k i r j ə t ŏ̞ i̯ n
kirjava	k i r j ɑ ʋ ɑ
kirjava	k i r j ə ʋ
kirjutaissa	k i r j u t ɑ i̯ ʃː ɑ
kirjutaissa	k i r j ŭ t ə s̠ː
kirjutella	k i r j u d̥ e̞ ɫː ɑ
kirjutella	k i r j ŭ t e̞ ɫː
kirjutos	k i r j u d̥ o̞ ʒ̥
kirjutos	k i r j ŭ t ŏ̞ z̠
kirjutospraavila	k i r j u d̥ o̞ ʃ p r ɑː ʋ i ɫ ɑ
kirjutospraavila	k i r j ŭ t o̞ s̠ p r ɑː ʋ ĭ ɫ
kirjuttaa	k i r j u tː ɑː
kirjuttaa	k i r j ə tː ɑ
kirjuttaja	k i r j u t t ɑ j ɑˑ
kirjuttaja	k i r j ŭ t t ɑ j ɑˑ
kirkas	k i r k ə z̠
kirkas	k i r ɡ̊ ɑ ʒ̥
kirkassuttaa	k i r k ə s̠ s̠ u tː ɑ
kirkassuttaa	k i r ɡ̊ ɑ ʃ ʃ u tː ɑː
kirkastaa	k i r k ə s̠ t ɑ
kirkastaa	k i r ɡ̊ ɑ ʃ t ɑː
kirkastua	k i r k ə s̠ t u ɑˑ
kirkastua	k i r ɡ̊ ɑ ʃ t u ɑˑ
kirkka	k i r kː
kirkka	k i r kː ɑ
kirkko	k i r kː o̞
kirkko	k i r kː ŏ̞̥
kirkkoaika	k i r kː o̞ ɑ i̯ k
kirkkoaika	k i r kː o̞ ɑ i̯ ɡ̊ ɑ
kirkkokirja	k i r kː o̞ ɡ̊ i r j ɑ
kirkkokirja	k i r kː ŏ̞ k i r i
kirkkokunta	k i r kː o̞ ɡ̊ u n d̥ ɑ
kirkkokunta	k i r kː ŏ̞ k u n t
kirkkostaarosta	k i r kː o̞ ʃ t ɑː r o̞ ʃ t ɑ
kirkkostaarosta	k i r kː ŏ̞ s̠ t ɑː r ŏ̞ s̠ t
kirkkostoroža	k i r kː o̞ ʃ t o̞ rˑ o̝ː ʒ̥ ɑ
kirkkostoroža	k i r kː ŏ̞ s̠ t o̞ r o̞ˑ ʒ
kirkkotee	k i r kː o̞ t e̝ː
kirkkotee	k i r kː ŏ̞ t eː
kirkkovers	k i r kː o̞ ʋ e̞ r ʒ̥
kirkkovers	k i r kː ŏ̞ ʋ e̞ r z̠
kirkonkello	k i r k ŏ̞ ŋ k e̞ ɫː ŏ̞̥
kirkonkello	k i r ɡ̊ o̞ ŋ ɡ̊ e̞ ɫː o̞
kirkonmänö	k i r k ŏ̞ m m æ n ø̞ˑ
kirkonmänö	k i r ɡ̊ o̞ m m æ n ø̞ˑ
kirkonvahti	k i r k ŏ̞ n ʋ ɑ h tʲ
kirkonvahti	k i r ɡ̊ o̞ n ʋ ɑ h t i
kirmiä	k i r m e̞
kirmiä	k i r m i æ
kirnahka	k i r n ɑ x k ɑ
kirnahka	k i r n ə x k
kirnu	k i r n u
kirnu	k i r n ŭ̥
kirnumaito	k i r n u m ɑ i̯ d̥ o̞
kirnumaito	k i r n ŭ m ɑ i̯ t ŏ̞̥
kirnuta	k i r n u d̥ ɑ
kirnuta	k i r n ŭ t
kirpitsa	k i r b̥ i t͡s ɑ
kirpitsa	k i r p ĭ t͡s̠
kirppu	k i r pː u
kirppu	k i r pː ŭ̥
kirves	k i r ʋ e̞ z̠
kirves	k i r ʋ e̞ ʒ̥
kisko	k i s̠ k ŏ̞̥
kisko	k i ʃ k o̞
kiskoa	k i s̠ k o̞
kiskoa	k i ʃ k o̞ ɑ
kiskoissa	k i s̠ k ŏ̞ i̯ s̠ː
kiskoissa	k i ʃ k o̞ i̯ ʃː ɑ
kiskoja	k i s̠ k ŏ̞ i̯
kiskoja	k i ʃ k o̞ j ɑ
kisloroda	k i z̠ ɫ ŏ̞ r o̞ d ɑˑ
kisloroda	k i ʒ̥ ɫ o̞ r o̞ d̥ ɑˑ
kissa	k i s̠ː
kissa	k i ʃː ɑ
kissankäpälä	k i s̠ː ə ŋ k æ p æˑ lʲ
kissankäpälä	k i ʃː ɑ ŋ ɡ̊ æ pˑ æː l æ
kistocka	k i s̠ t ŏ̞ t͡ʃ k
kistocka	k i ʃ t o̞ t͡ʃ k ɑ
kitissä	k i d̥ iˑ ʃː æ
kitissä	k i tʲ iˑ s̠ː
kitkiä	k i t k e̞
kitkiä	k i t k i æ
kitsas	k i t͡s ɑ ʒ̥
kitsas	k i t͡s̠ ə z̠
kiukaa	k i u̯ k ɑ
kiukaa	k i u̯ k ɑː
kiuru	k i u̯ r u
kiuru	k i u̯ r ŭ̥
kiusata	k i u̯ s̠ ə t
kiusata	k i u̯ ʒ̥ ɑ d̥ ɑ
kivekäs	k i ʋ e̞ˑ k ə z̠
kivekäs	k i ʋ e̞ˑ ɡ̊ æ ʒ̥
kives	k i ʋ e̞ˑ s̠ː
kives	k i ʋ e̞ˑ z̠
kives	k i ʋ e̞ˑ ʒ̥
kivestää	k i ʋ e̞ˑ s̠ t æ
kivestää	k i ʋ e̞ˑ ʃ t æː
kivi	k i ʋ iˑ
kiviaita	k i ʋ iˑ ɑ i̯ d̥ ɑ
kiviaita	k i ʋ iˑ ɑ i̯ t
kiviin	k i ʋ iˑ n
kiviin	k i ʋˑ iː n
kivikallio	k i ʋ iˑ k ɑ lʲː ŏ̞̥
kivikallio	k i ʋ iˑ ɡ̊ ɑ lː i o̞
kivikippu	k i ʋ iˑ k i pː ŭ̥
kivikippu	k i ʋ iˑ ɡ̊ i pː u
kivikirkko	k i ʋ iˑ k i r kː ŏ̞̥
kivikirkko	k i ʋ iˑ ɡ̊ i r kː o̞
kivikärnä	k i ʋ iˑ k æ r n
kivikärnä	k i ʋ iˑ ɡ̊ æ r n æ
kivilooto	k i ʋ iˑ ɫ oː t ŏ̞̥
kivilooto	k i ʋ iˑ ɫ o̝ː d̥ o̞
kivimatara	k i ʋ iˑ m ɑ t ɑˑ r
kivimatara	k i ʋ iˑ m ɑ tˑ ɑː r ɑ
kivimylly	k i ʋ iˑ m y lʲː y̥̆
kivimylly	k i ʋ iˑ m y lː y
kivimäki	k i ʋ iˑ m æ k iˑ
kivimäki	k i ʋ iˑ m æ ɡ̊ iˑ
kivinnä	k i ʋ iˑ nː
kivinnä	k i ʋˑ iː n
kiviraunio	k i ʋ iˑ r ɑ u̯ n i o̞
kiviraunio	k i ʋ iˑ r ɑ u̯ n i ŏ̞̥
kivistaa	k i ʋ iˑ s̠ t ɑ
kivistaa	k i ʋ iˑ ʃ t ɑː
kivistää	k i ʋ iˑ s̠ t æ
kivistää	k i ʋ iˑ ʃ t æː
kivitee	k i ʋ iˑ t eː
kivitee	k i ʋ iˑ t e̝ː
kivoin	k i ʋ o̞ i̯ n
kivoin	k i ʋˑ o̞ i̯ n
kivviin	k i ʋː i n
kivviin	k i ʋˑ iː n
kivykkäin	k i ʋ yˑ kː æ i̯ n
kivykkäin	k i ʋ yˑ kː ə i̯ n
klaassa	k ɫ ɑː s̠ː
klaassa	k ɫ ɑː ʃː ɑ
klaiza	k ɫ ɑ i̯ z̠
klaiza	k ɫ ɑ i̯ ʒ̥ ɑ
klasi	k ɫ ɑ s̠ iˑ
klasi	k ɫ ɑ ʒ̥ iˑ
klasiputeli	k lʲ ɑ s̠ iˑ p u t e̞ˑ lʲ
klasiputeli	k ɫ ɑ ʒ̥ iˑ b̥ u tˑ e̝ː lʲ i
klazi	k ɫ ɑ z̠ iˑ
klazi	k ɫ ɑ ʒ̥ iˑ
klaziputeli	k ɫ ɑ z̠ iˑ p u t e̞ˑ lʲ
klaziputeli	k ɫ ɑ ʒ̥ iˑ b̥ u tˑ e̝ː lʲ i
kleeveri	k l e̝ː ʋ e̞ r i
kleeveri	k lʲ eː ʋ e̞ rʲ
kleima	k l e̞ i̯ m ɑ
kleima	k lʲ e̞ i̯ m
kleittää	k lʲ e̞ i̯ tː æ
kleittää	k lʲ e̞ i̯ tː æː
kleja	k lʲ e̞ j ɑˑ
klejata	k l e̞ j ɑˑ d̥ ɑ
klejata	k lʲ e̞ j ɑˑ t
kletka	k l e̞ t k ɑ
kletka	k lʲ e̞ t k
kletkatetretti	k l e̞ t k ɑ d̥ e̞ d̥ r e̞ tː i
kletkatetretti	k lʲ e̞ t k ə t e̞ d r e̞ tʲː
kliimatta	k lʲ iː m ɑ tː ɑ
kliimatta	k lʲ iː m ə tː
klina	k lʲ i n ɑˑ
klinakas	k lʲ i n ɑˑ k ə z̠
klinakas	k lʲ i n ɑˑ ɡ̊ ɑ ʒ̥
klinata	k lʲ i n ɑˑ d̥ ɑ
klinata	k lʲ i n ɑˑ t
klingata	k lʲ i ŋ ɡ ə t
klingata	k lʲ i ŋ ɡ̊ ɑ d̥ ɑ
kljucitsa	k lʲ u t͡ʃ iˑ t͡s ɑ
kljucitsa	k lʲ u t͡ʃ iˑ t͡s̠
kloksaa	k ɫ o̞ k s̠ ɑ
kloksaa	k ɫ o̞ k ʃ ɑː
kloksuttaa	k ɫ o̞ k s̠ ə tː ɑ
kloksuttaa	k ɫ o̞ k ʃ u tː ɑː
klonksu	k ɫ o̞ ŋ k s̠ ŭ̥
klonksu	k ɫ o̞ ŋ k ʃ u
kluuba	k ɫ uː b
kluuba	k ɫ uː b̥ ɑ
ko	k o̞
kocegara	k o̞ t͡ʃ e̞ˑ ɡ ɑ r ɑˑ
kocegara	k o̞ t͡ʃ e̞ˑ ɡ̊ ɑ r ɑˑ
kocevnikka	k o̞ t͡ʃ e̞ˑ ʋ n i kː ɑ
kocevnikka	k o̞ t͡ʃ e̞ˑ ʋ n ĭ kː
kohallee	k o̞ h ɑˑ ɫː e̞
kohallee	k o̞ ɣ̥ ɑˑ ɫː e̝ː
kohalliin	k o̞ h ɑˑ lʲ lʲ i n e̞ˑ
kohalliin	k o̞ ɣ̥ ɑˑ lː iː n
kohentaa	k o̞ h e̞ˑ n t ɑ
kohentaa	k o̞ ɣ̥ e̞ˑ n t ɑː
koheta	k o̞ h e̞ˑ t
koheta	k o̞ ɣ̥ e̞ˑ d̥ ɑ
kohme	k o̞ h m
kohme	k o̞ ɣ̥ m e̞
kohota	k o̞ h o̞ˑ t
kohota	k o̞ ɣ̥ o̞ˑ d̥ ɑ
koht	k o̞ h t
kohta	k o̞ h t
kohta	k o̞ h t ɑ
kohvi	k o̞ h ʋʲ
kohvi	k o̞ ɣ̥ ʋ i
kohvimylly	k o̞ h ʋ ĭ m y lʲː y̥̆
kohvimylly	k o̞ ɣ̥ ʋ i m y lː y
koi	k o̞ i̯
koika	k o̞ i̯ k
koika	k o̞ i̯ ɡ̊ ɑ
koikka	k o̞ i̯ kː
koikka	k o̞ i̯ kː ɑ
koilliin	k o̞ i̯ lʲː ĭ n
koilliin	k o̞ i̯ lː iː n
koinia	k o̞ i̯ n e̞
koinia	k o̞ i̯ n i ɑ
koinvahti	k o̞ iˑ n ʋ ɑ h t i
koinvahti	k o̞ iˑ n ʋ ɑ h tʲ
koipi	k o̞ i̯ b̥ i
koipi	k o̞ i̯ pʲ
koira	k o̞ i̯ r
koira	k o̞ i̯ r ɑ
koiralt	k o̞ i̯ r ɑː ɫ d̥
koiralt	k o̞ i̯ r ə ɫ t
koirankuudra	k o̞ i̯ r ɑ ŋ k uː d̥ r ɑ
koirankuudra	k o̞ i̯ r ə ŋ k uː d r
koiranmarja	k o̞ i̯ r ɑ m m ɑ r j ɑ
koiranmarja	k o̞ i̯ r ə m m ɑ r i
koiranmarjapuu	k o̞ i̯ r ɑ m m ɑ r j ɑ p uː
koiranmarjapuu	k o̞ i̯ r ə m m ɑ r j ə p uː
koirannännä	k o̞ i̯ r ɑ n n æ nː æ
koirannännä	k o̞ i̯ r ə n n æ nː
koiranputki	k o̞ i̯ r ɑ m b̥ u t k i
koiranputki	k o̞ i̯ r ə m p u t kʲ
koirantöö	k o̞ i̯ r ɑ n t ø̝ː
koirantöö	k o̞ i̯ r ə n t øː
koiranuni	k o̞ i̯ r ɑ n u n iˑ
koirapoika	k o̞ i̯ r ɑ p o̞ i̯ ɡ̊ ɑ
koirapoika	k o̞ i̯ r ə p o̞ i̯ k
koiria	k o̞ i̯ r e̞
koiria	k o̞ i̯ r i ɑ
koiria	k o̞ i̯ r ĭ j
koiruin	k o̞ i̯ r u i̯ n
koiruin	k o̞ i̯ r ŭ i̯ n
koirus	k o̞ i̯ r u ʒ̥
koirus	k o̞ i̯ r ŭ z̠
koirustaa	k o̞ i̯ r u ʃ t ɑː
koirustaa	k o̞ i̯ r ə s̠ t ɑ
koitella	k o̞ i̯ d̥ e̞ ɫː ɑ
koitella	k o̞ i̯ t e̞ ɫː
koitoin	k o̞ iˑ d̥ o̞ i̯ n
koitoin	k o̞ iˑ t ŏ̞ n
koittaa	k o̞ i̯ tː ɑ
koittaa	k o̞ i̯ tː ɑː
koivu	k o̞ i̯ ʋ u
koivu	k o̞ i̯ ʋ ŭ̥
koivuin	k o̞ i̯ ʋ u i̯ n
koivuin	k o̞ i̯ ʋ ŭ i̯ n
koivumetsä	k o̞ i̯ ʋ u m e̞ t͡s æ
koivumetsä	k o̞ i̯ ʋ ŭ m e̞ t͡s̠
koivuopokka	k o̞ i̯ ʋ u o̞ b̥ o̞ˑ kː ɑ
koivuopokka	k o̞ i̯ ʋ u o̞ p o̞ˑ kː
koivupuu	k o̞ i̯ ʋ u p uː
koivupuu	k o̞ i̯ ʋ ŭ p uː
koivusikko	k o̞ i̯ ʋ u ʒ̥ i kː o̞ i̯
koivusikko	k o̞ i̯ ʋ ŭ s̠ i kː ŏ̞̥
koivuvasta	k o̞ i̯ ʋ u ʋ ɑ ʃ t ɑ
koivuvasta	k o̞ i̯ ʋ ŭ ʋ ɑ s̠ t
kokka	k o̞ kː
kokka	k o̞ kː ɑ
kokkain	k o̞ kː ɑ i̯ n
kokkain	k o̞ kː ə i̯ n
kokki	k o̞ kʲː
kokki	k o̞ kː i
kokkia	k o̞ kː e̞
kokkia	k o̞ kː i ɑ
kokkia	k o̞ kː ĭ j
kokko	k o̞ kː o̞ i̯
kokko	k o̞ kː ŏ̞̥
kokkomaito	k o̞ kː o̞ i̯ m ɑ i̯ d̥ o̞
kokkomaito	k o̞ kː ŏ̞ m ɑ i̯ t ŏ̞̥
koko	k o̞ k o̞ˑ
koko	k o̞ ɡ̊ o̞ˑ
kokonaa	k o̞ k o̞ˑ n ɑ
kokonaa	k o̞ ɡ̊ o̞ˑ n ɑː
kokonain	k o̞ k o̞ˑ n ə i̯ n
kokonain	k o̞ ɡ̊ o̞ˑ n ɑ i̯ n
kokuttaa	k o̞ k uˑ tː ɑ
kokuttaa	k o̞ ɡ̊ uˑ tː ɑː
kolbassi	k o̞ ɫ b ə s̠ʲː
kolbassi	k o̞ ɫ b̥ ɑ ʃː i
kolhoza	k o̞ ɫ h ŏ̞ z̠
kolhoza	k o̞ ɫ ɣ̥ o̞ ʒ̥ ɑ
kolhoznikka	k o̞ ɫ h ŏ̞ z̠ n ĭ kː
kolhoznikka	k o̞ ɫ ɣ̥ o̞ ʒ n i kː ɑ
kolissa	k o̞ l iˑ ʃː ɑ
kolissa	k o̞ lʲ iˑ s̠ː
kolkka	k o̞ ɫ kː
kolkka	k o̞ ɫ kː ɑ
kolkutella	k o̞ ɫ k ŭ t e̞ ɫː
kolkutella	k o̞ ɫ ɡ̊ u d̥ e̞ ɫː ɑ
kolkuttaa	k o̞ ɫ k ə tː ɑ
kolkuttaa	k o̞ ɫ ɡ̊ u tː ɑː
kolmanneks	k o̞ ɫ m ɑ nː e̝ː k ʃ
kolmanneks	k o̞ ɫ m ə nː e̞ k s̠
kolmas	k o̞ ɫ m ɑ ʒ̥
kolmas	k o̞ ɫ m ə z̠
kolmaskymmenäs	k o̞ ɫ m ɑ ʃ k y mː e̞ n æ ʒ̥
kolmaskymmenäs	k o̞ ɫ m ə s̠ k y mː ə n ə z̠
kolmaspäivä	k o̞ ɫ m ɑ ʃ p æ i̯ ʋ æ
kolmaspäivä	k o̞ ɫ m ə s̠ p æ i̯ ʋ
kolmidjuimain	k o̞ ɫ m i tʲ u i̯ m ɑ i̯ n
kolmidjuimain	k o̞ ɫ m ĭ dʲ u i̯ m ə i̯ n
kolmijalkain	k o̞ ɫ m i j ɑ ɫ k ɑ i̯ n
kolmijalkain	k o̞ ɫ m ĭ j ɑ ɫ k ə i̯ n
kolminurkkain	k o̞ ɫ m i n u r kː ɑ i̯ n
kolminurkkain	k o̞ ɫ m ĭ n u r kː ə i̯ n
kolmipäin	k o̞ ɫ m i p æ i̯ n
kolmipäin	k o̞ ɫ m ĭ p æ i̯ n
kolmiriukuin	k o̞ ɫ m i r i u̯ k u i̯ n
kolmiriukuin	k o̞ ɫ m ĭ r i u̯ k ŭ i̯ n
kolmivootiin	k o̞ ɫ m i ʋ o̝ː t iː n
kolmivootiin	k o̞ ɫ m ĭ ʋ oː tʲ ĭ n
kolo	k o̞ ɫ o̞ i̯
kolo	k o̞ ɫ o̞ˑ
koloda	k o̞ ɫ o̞ˑ d
koloda	k o̞ ɫˑ o̝ː d̥ ɑ
kolrabi	k o̞ ɫ r ɑ b̥ i
kolrabi	k o̞ ɫ r ə bʲ
kolt	k o̞ ɫ d
kolt	k o̞ ɫ d̥
koltkolmatta	k o̞ ɫ t k o̞ ɫ m ɑ tː ɑ
koltkolmatta	k o̞ ɫ t k o̞ ɫ m ə tː
koltkymment	k o̞ ɫ t k y mː e̝ː n d̥
koltkymment	k o̞ ɫ t k y mː e̞ n t
koltslogain	k o̞ ɫ t s̠ ɫ o̞ ɡ ɑ i̯ n
koltslogain	k o̞ ɫ t ʃ ɫ o̞ kˑ ɑ i̯ n
kolttoist	k o̞ ɫ tː o̞ i̯ ʃ t
kolttoist	k o̞ ɫ tː ŏ̞ s̠ t
koltznacnoi	k o̞ ɫ t z̠ n ɑ t͡ʃ n ŏ̞̥
koltznacnoi	k o̞ ɫ t ʃ n ɑ t͡ʃ n o̞ i̯
koma	k o̞ m ɑˑ
komal	k o̞ m ɑˑ ɫ
komal	k o̞ m ɑˑ ɫː
komalle	k o̞ m ɑˑ ɫː
komalle	k o̞ m ɑˑ ɫː e̞
komandira	k o̞ m ɑˑ n d i r ɑˑ
komandira	k o̞ m ɑˑ n d̥ i r ɑˑ
komandoittaa	k o̞ m ɑˑ n d o̞ i̯ tː ɑ
komandoittaa	k o̞ m ɑˑ n d̥ o̞ i̯ tː ɑː
komentaa	k o̞ m e̞ˑ n d̥ ɑː
komentaa	k o̞ m e̞ˑ n t ə ɑ
komi	k o̞ m iˑ
komissa	k o̞ m iˑ s̠ː
komissa	k o̞ m iˑ ʃː ɑ
komitativa	k o̞ m iˑ d̥ ɑ d̥ i ʋ ɑˑ
komitativa	k o̞ m iˑ t ɑ tʲ i ʋ ɑˑ
komitetta	k o̞ m iˑ d̥ e̞ tː ɑ
komitetta	k o̞ m iˑ t e̞ tː
komkka	k o̞ m kː
komkka	k o̞ m kː ɑ
kommi	k o̞ mʲː
kommi	k o̞ mː i
kommia	k o̞ m i j
kommia	k o̞ mː e̞
kommia	k o̞ mː i ɑ
kommia	k o̞ mˑ i ɑ
kommunista	k o̞ mː u n i ʃ t ɑ
kommunista	k o̞ mː ŭ n ĭ s̠ t
kommunisticeskoi	k o̞ mː u n i ʃ t i t͡ʃ e̞ˑ ʃ k o̞ i̯
kommunisticeskoi	k o̞ mː ŭ n i s̠ tʲ i t͡ʃ e̞ˑ s̠ k ŏ̞̥
komparativa	k o̞ m b̥ ɑ r ɑ tˑ iː ʋ ɑ
komparativa	k o̞ m p ə r ɑ tʲ iˑ ʋ
konduktora	k o̞ n d ŭ k t o̞ r ɑˑ
konduktora	k o̞ n d̥ u k t o̞ r ɑˑ
konjkka	k o̞ ɲ kː
konjkka	k o̞ ɲ kː ɑ
konjokka	k o̞ ɲ o̞ˑ kː
konjokka	k o̞ ɲ o̞ˑ kː ɑ
konjunktsia	k o̞ n j u ŋ k t͡s i ɑˑ
konjunktsia	k o̞ ɲː ŭ ŋ k t͡s̠ i ɑˑ
konna	k o̞ nː
konna	k o̞ nː ɑ
konnankarvain	k o̞ nː ɑ ŋ ɡ̊ ɑ r ʋ ɑ i̯ n
konnankarvain	k o̞ nː ə ŋ k ɑ r ʋ ə i̯ n
konnankiisseli	k o̞ nː ɑ ŋ k iː ʃː e̞ lʲ i
konnankiisseli	k o̞ nː ə ŋ k iː s̠ː e̞ lʲ
konnankutu	k o̞ nː ɑ ŋ ɡ̊ u d̥ uˑ
konnankutu	k o̞ nː ə ŋ k u t uˑ
konnikkain	k o̞ nː i kː ɑ i̯ n
konnikkain	k o̞ nː ĭ kː ə i̯ n
kons	k o̞ n z̠
kons	k o̞ n ʒ̥
konsaa	k o̞ n s̠ ɑ
konsaa	k o̞ n ʃ ɑː
konservat	k o̞ n s̠ ə r ʋ ə d
konservat	k o̞ n ʒ̥ e̞ r ʋ ɑ d̥
konservazavoda	k o̞ n s̠ ə r ʋ ɑ z̠ ɑ ʋ o̞ˑ d
konservazavoda	k o̞ n ʒ̥ e̞ r ʋ ɑ ʒ̥ ɑ ʋˑ o̝ː d̥ ɑ
konskaa	k o̞ n s̠ k ɑ
konskaa	k o̞ n ʃ k ɑː
konslee	k o̞ n z̠ ɫ e̞
konslee	k o̞ n ʒ̥ ɫ e̝ː
konsonantta	k o̞ n s̠ ŏ̞ n ɑ n tː
konsonantta	k o̞ n ʒ̥ o̞ n ɑ n tː ɑ
konsonanttabukva	k o̞ n s̠ ŏ̞ n ɑ n tː ə b u ɡ ʋ
konsonanttabukva	k o̞ n ʒ̥ o̞ n ɑ n tː ɑ b̥ u ɡ̊ ʋ ɑ
konsonanttapohja	k o̞ n s̠ ŏ̞ n ɑ n tː ə p o̞ h i
konsonanttapohja	k o̞ n ʒ̥ o̞ n ɑ n tː ɑ b̥ o̞ ɣ̥ j ɑ
kontia	k o̞ n t i ɑ
kontia	k o̞ n tʲ e̞
kontti	k o̞ n tʲː
kontti	k o̞ n tː i
konttoori	k o̞ n tː o̝ː r i
konttoori	k o̞ n tː o̞ rʲ
konvertti	k o̞ n ʋ e̞ r tʲː
konvertti	k o̞ n ʋ e̞ r tː i
koohu	k oː h ŭ̥
koohu	k o̝ː ɣ̥ u
koohuissa	k oː h ŭ s̠ː
koohuissa	k o̝ː h u i̯ ʃː ɑ
kookka	k oː kː
kookka	k o̝ː kː ɑ
kookkaveeras	k oː kː ə ʋ eː r ə z̠
kookkaveeras	k o̝ː kː ɑ ʋ e̝ː r ɑ ʒ̥
kookkia	k oː kː e̞
kookkia	k oː kː ĭ j
kookkia	k o̝ː kː i ɑ
koolema	k oː ɫ e̞ m
koolema	k o̝ː ɫ e̞ m ɑ
koolija	k oː lʲ ĭ j
koolija	k o̝ː l i j ɑ
koolla	k oː ɫː
koolla	k o̝ː ɫː ɑ
koolle	k oː ɫː
koolle	k o̝ː ɫː e̞
koolleensanoma	k oː ɫː e̞ n s̠ ɑ n o̞ˑ m
koolleensanoma	k o̝ː ɫː e̝ː n ʒ̥ ɑ n o̞ˑ m ɑ
koolleentöö	k oː ɫː e̞ n t øː
koolleentöö	k o̝ː ɫː e̝ː n t ø̝ː
koollut	k oː ɫː ŭ d
koollut	k o̝ː ɫ d̥
kooma	k oː m
kooma	k o̝ː m ɑ
koomakset	k oː m ə k s̠ e̞ d
koomakset	k o̝ː m ɑ k ʃ e̞ d̥
koomina	k oː m ĭ n
koomina	k o̝ː m i n ɑ
koopata	k oː p ə t
koopata	k o̝ː b̥ ɑ d̥ ɑ
kooperativa	k o̞ o̞ˑ b̥ e̞ r ɑˑ d̥ i ʋ ɑˑ
kooperativa	k o̞ o̞ˑ p e̞ r ɑˑ tʲ i ʋ ɑˑ
kooppa	k oː pː
kooppa	k o̝ː pː ɑ
koore	k oː r
koore	k o̝ː r e̞
koori	k oː rʲ
koori	k o̝ː r i
kooria	k oː r e̞
kooria	k oː r ĭ j
kooria	k o̝ː r i ɑ
koorimaito	k oː r ĭ m ɑ i̯ t ŏ̞̥
koorimaito	k o̝ː r i m ɑ i̯ d̥ o̞
koorma	k oː r m
koorma	k o̝ː r m ɑ
koormain	k oː r m ə i̯ n
koormain	k o̝ː r m ɑ i̯ n
koormalliin	k oː r m ə lʲ lʲ i n e̞ˑ
koormalliin	k o̝ː r m ɑ lː iː n
koormittee	k oː r m ə tː e̞
koormittee	k o̝ː r m i tː e̝ː
koorre	k oː rː
koorre	k o̝ː rː e̞
koosi	k oː s̠ʲ
koosi	k o̝ː ʒ̥ i
koosikas	k oː s̠ ĭ k ə z̠
koosikas	k o̝ː ʒ̥ i ɡ̊ ɑ ʒ̥
koositoin	k oː s̠ ĭ t ŏ̞ i̯ n
koositoin	k o̝ː ʒ̥ i d̥ o̞ i̯ n
kopekka	k o̞ b̥ e̞ˑ kː ɑ
kopekka	k o̞ p e̞ˑ kː
kopjo	k o̞ b j ŏ̞̥
kopjo	k o̞ b̥ j o̞
koputtaa	k o̞ b̥ uˑ tː ɑː
koputtaa	k o̞ p uˑ tː ɑ
korenta	k o̞ r e̞ˑ n d̥ ɑ
korenta	k o̞ r e̞ˑ n t
kori	k o̞ r iˑ
korina	k o̞ r iˑ n
korina	k o̞ rˑ iː n ɑ
korissa	k o̞ r iˑ s̠ː
korissa	k o̞ r iˑ ʃː ɑ
korissella	k o̞ r iˑ s̠ː e̞ ɫː
korissella	k o̞ r iˑ ʃ ʃ e̞ ɫː ɑ
koristaa	k o̞ r iˑ s̠ t ɑ
koristaa	k o̞ r iˑ ʃ t ɑː
koristus	k o̞ r iˑ s̠ t ŭ z̠
koristus	k o̞ r iˑ ʃ t u ʒ̥
korjahua	k o̞ r j ɑ h u ɑˑ
korjahua	k o̞ r j ə h u ɑˑ
korjahus	k o̞ r j ɑ ɣ̥ u ʒ̥
korjahus	k o̞ r j ə h ŭ z̠
korjahuskamppania	k o̞ r j ɑ ɣ̥ u ʃ k ɑ m pː ɑ n i ɑˑ
korjahuskamppania	k o̞ r j ə h u s̠ k ɑ m pː ə n i ɑˑ
korjata	k o̞ r j ɑ d̥ ɑ
korjata	k o̞ r j ə t
korkehus	k o̞ r k e̞ ɣ̥ u ʒ̥
korkehus	k o̞ r k ə h ŭ z̠
korkia	k o̞ r k e̞
korkia	k o̞ r k i ɑ
korkiaškoulu	k o̞ r k e̞ ʃ k o̞ u̯ ɫ ŭ̥
korkiaškoulu	k o̞ r k i ɑ ʃ k o̞ u̯ ɫ u
korma	k o̞ r m
korma	k o̞ r m ɑ
kormano	k o̞ r m ɑ n o̞
kormano	k o̞ r m ə n ŏ̞̥
kormento	k o̞ r m e̞ n d̥ o̞
kormento	k o̞ r m ə n t ŏ̞̥
kormona	k o̞ r m o̞ n ɑ
kormona	k o̞ r m ŏ̞ n
kormuna	k o̞ r m u n ɑ
kormuna	k o̞ r m ŭ n
kormunatunnit	k o̞ r m u n ɑ d̥ u nː i d̥
kormunatunnit	k o̞ r m ə n ɑ t u nː ĭ d
koro	k o̞ r o̞ˑ
koro	k o̞ r o̞ˑ iˑ
korolintu	k o̞ r o̞ˑ iˑ lʲ i n d̥ u
korolintu	k o̞ r o̞ˑ lʲ i n t ŭ̥
korota	k o̞ r o̞ˑ d̥ ɑ
korota	k o̞ r o̞ˑ t
korpi	k o̞ r b̥ i
korpi	k o̞ r pʲ
korppi	k o̞ r pʲː
korppi	k o̞ r pː i
korppu	k o̞ r pː u
korppu	k o̞ r pː ŭ̥
korria	k o̞ rː e̞
korria	k o̞ rˑ i ɑ
korskaa	k o̞ r s̠ k ɑ
korskaa	k o̞ r ʃ k ɑː
korsku	k o̞ r s̠ k ŭ̥
korsku	k o̞ r ʃ k u
kortsuta	k o̞ r t͡s u d̥ ɑ
kortsuta	k o̞ r t͡s̠ ŭ t
korva	k o̞ r ʋ
korva	k o̞ r ʋ ɑ
korvalappu	k o̞ r ʋ ɑ ɫ ɑ pː u
korvalappu	k o̞ r ʋ ə ɫ ɑ pː ŭ̥
korvalehti	k o̞ r ʋ ɑ l e̞ h t i
korvalehti	k o̞ r ʋ ə lʲ e̞ h tʲ
korvantakkuus	k o̞ r ʋ ɑ n d̥ ɑ kˑ uː ʒ̥
korvantakkuus	k o̞ r ʋ ə n t ɑ kː u z̠
korvareikä	k o̞ r ʋ ɑ r e̞ i̯ ɡ̊ æ
korvareikä	k o̞ r ʋ ə r e̞ i̯ k
kosa	k o̞ s̠ ɑˑ
kosa	k o̞ ʒ̥ ɑˑ
kosi	k o̞ s̠ iˑ
kosi	k o̞ ʒ̥ iˑ
kosija	k o̞ s̠ i j
kosija	k o̞ ʃˑ iː j ɑ
kosija	k o̞ ʒ̥ iˑ j ɑ
kosikkivers	k o̞ s̠ iˑ kː i ʋ e̞ r z̠
kosikkivers	k o̞ ʒ̥ iˑ kː i ʋ e̞ r ʒ̥
kosjoa	k o̞ z̠ j o̞
kosjoa	k o̞ ʒ̥ j o̞ ɑ
kosjolain	k o̞ z̠ j ŏ̞ ɫ ə i̯ n
kosjolain	k o̞ ʒ̥ j o̞ ɫ ɑ i̯ n
koskelo	k o̞ s̠ k ə ɫ ŏ̞̥
koskelo	k o̞ ʃ k e̞ ɫ o̞
koski	k o̞ s̠ kʲ
koski	k o̞ ʃ k i
koskia	k o̞ s̠ k e̞
koskia	k o̞ ʃ k i ɑ
kosolain	k o̞ s̠ o̞ˑ ɫ ə i̯ n
kosolain	k o̞ ʒ̥ o̞ˑ ɫ ɑ i̯ n
kossia	k o̞ s̠ i j
kossia	k o̞ s̠ː e̞
kossia	k o̞ ʃˑ i ɑ
kostaa	k o̞ s̠ t ɑ
kostaa	k o̞ ʃ t ɑː
kotain	k o̞ t ɑ i̯ n
kotain	k o̞ tˑ ɑ i̯ n
koti	k o̞ d̥ iˑ
koti	k o̞ tʲ iˑ
kotihaltias	k o̞ d̥ iˑ ɣ̥ ɑ ɫ t i ɑ ʒ̥
kotihaltias	k o̞ tʲ iˑ h ɑ ɫ tʲ e̞ z̠
kotiisäntä	k o̞ d̥ iˑ i ʒ̥ æˑ n d̥ æ
kotiisäntä	k o̞ tʲ iˑ i s̠ æˑ n t
kotikana	k o̞ d̥ iˑ ɡ̊ ɑ n ɑˑ
kotikana	k o̞ tʲ iˑ k ɑ n ɑˑ
kotikukko	k o̞ d̥ iˑ ɡ̊ u kː o̞ i̯
kotikukko	k o̞ tʲ iˑ k u kː ŏ̞̥
kotikyyhkyläin	k o̞ d̥ iˑ k yː x k y l æ i̯ n
kotikyyhkyläin	k o̞ tʲ iˑ k yː x k y̆ lʲ ə i̯ n
kotilintu	k o̞ d̥ iˑ lʲ i n d̥ u
kotilintu	k o̞ tʲ iˑ lʲ i n t ŭ̥
kotipuu	k o̞ d̥ iˑ p uː
kotipuu	k o̞ tʲ iˑ p uː
kotipääskö	k o̞ d̥ iˑ p æː ʃ k ø̞ i̯
kotipääskö	k o̞ tʲ iˑ p æː s̠ k ø̞̥̆
kotisarka	k o̞ d̥ iˑ ʒ̥ ɑ r ɡ̊ ɑ
kotisarka	k o̞ tʲ iˑ s̠ ɑ r k
kotisorsa	k o̞ d̥ iˑ ʒ̥ o̞ r ʒ̥ ɑ
kotisorsa	k o̞ tʲ iˑ s̠ o̞ r s̠
kotsena	k o̞ t͡s e̞ n ɑ
kotsena	k o̞ t͡s̠ e̞ n
kottii	k o̞ tʲː i
kottii	k o̞ tʲː i s̠ː
kottii	k o̞ tˑ iː
koukku	k o̞ u̯ kː u
koukku	k o̞ u̯ kː ŭ̥
koulu	k o̞ u̯ ɫ u
koulu	k o̞ u̯ ɫ ŭ̥
kova	k o̞ ʋ ɑˑ
kovain	k o̞ ʋ ɑˑ n
kovain	k o̞ ʋˑ ɑ i̯ n
kovast	k o̞ ʋ ɑˑ s̠ t
kovast	k o̞ ʋ ɑˑ ʃ t
kovemmast	k o̞ ʋ e̞ˑ m m ɑ s̠ t
kovemmast	k o̞ ʋ e̞ˑ m m ɑː ʃ t
kovemp	k o̞ ʋ e̞ˑ m b̥
kovemp	k o̞ ʋ e̞ˑ m pʲ
kovemp	k o̞ ʋ e̞ˑ pʲ
kovera	k o̞ ʋ e̞ˑ r
kovera	k o̞ ʋˑ e̝ː r ɑ
koveranenä	k o̞ ʋ e̞ˑ r ɑ n e̞ n æˑ
koveranenä	k o̞ ʋˑ e̝ː r ɑ n e̞ n æˑ
koverasääri	k o̞ ʋ e̞ˑ r ɑ s̠ æː rʲ
koverasääri	k o̞ ʋˑ e̝ː r ɑ ʃ æː r i
koverus	k o̞ ʋ e̞ˑ r ŭ z̠
koverus	k o̞ ʋˑ e̝ː r u ʒ̥
kovin	k o̞ ʋ iˑ n
kovvuus	k o̞ ʋː u z̠
kovvuus	k o̞ ʋˑ uː ʒ̥
kozeri	k o̞ z̠ e̞ˑ rʲ
kozeri	k o̞ ʃˑ e̝ː r i
kraami	k r ɑː m i
kraami	k r ɑː mʲ
kraamia	k r ɑː m e̞
kraamia	k r ɑː m i ɑ
kraapata	k r ɑː b̥ ɑ d̥ ɑ
kraapata	k r ɑː p ə t
kraappi	k r ɑː pʲː
kraappi	k r ɑː pː i
kraappia	k r ɑː pː e̞
kraappia	k r ɑː pː i ɑ
kraasata	k r ɑː s̠ ə t
kraasata	k r ɑː ʒ̥ ɑ d̥ ɑ
kraaska	k r ɑː s̠ k
kraaska	k r ɑː ʃ k ɑ
kraba	k r ɑ b ɑˑ
kraba	k r ɑ b̥ ɑˑ
krahmala	k r ɑ h m ə ɫ
krahmala	k r ɑ ɣ̥ m ɑ ɫ ɑ
krahmali	k r ɑ h m ə lʲ
krahmali	k r ɑ ɣ̥ m ɑ l i
krahmalo	k r ɑ h m ə ɫ ŏ̞̥
krahmalo	k r ɑ ɣ̥ m ɑ ɫ o̞
kramppi	k r ɑ m pʲː
kramppi	k r ɑ m pː i
krandašši	k r ɑ n d ə ʃʲː
krandašši	k r ɑ n d̥ ɑ ʃː i
krandošši	k r ɑ n d ŏ̞ ʃʲː
krandošši	k r ɑ n d̥ o̞ ʃː i
krappuissa	k r ɑ pː ŭ s̠ː
krappuissa	k r ɑ pˑ u i̯ ʃː ɑ
krapsaa	k r ɑ p s̠ ɑ
krapsaa	k r ɑ p ʃ ɑː
krapu	k r ɑ b̥ uˑ
krapu	k r ɑ p uˑ
krasnoflotsa	k r ɑ s̠ n ŏ̞ f ɫ ŏ̞ t͡s̠
krasnoflotsa	k r ɑ ʒ̥ n o̞ f ɫ o̞ t͡s ɑ
kravuta	k r ɑ ʋ uˑ d̥ ɑ
kravuta	k r ɑ ʋ uˑ t
kreeposti	k r eː p ŏ̞ s̠ tʲ
kreeposti	k r e̝ː b̥ o̞ ʃ t i
krepostnoi	k r e̞ b̥ o̞ˑ ʃ t n o̞ i̯
krepostnoi	k r e̞ p o̞ˑ s̠ t n ŏ̞̥
kresla	k r e̞ z̠ ɫ
kresla	k r e̞ ʒ̥ ɫ ɑ
krinkeli	k r i ŋ k e̞ lʲ
krinkeli	k r i ŋ ɡ̊ e̞ lʲ i
kristavoittaa	k r i s̠ t ə ʋ o̞ i̯ tː ɑ
kristavoittaa	k r i ʃ t ɑ ʋ o̞ i̯ tː ɑː
krokodila	k r o̞ k o̞ˑ d i ɫ ɑˑ
krokodila	k r o̞ ɡ̊ o̞ˑ d̥ i ɫ ɑˑ
kroljcatnikka	k r o̞ lʲ t͡ʃ ɑ d n i kː ɑ
kroljcatnikka	k r o̞ lʲ t͡ʃ ə t n ĭ kː
krome	k r o̞ m e̞ˑ
kronni	k r o̞ nʲː
kronni	k r o̞ nː i
krookkaa	k r oː kː ɑ
krookkaa	k r o̝ː kː ɑː
krookkia	k r oː kː e̞
krookkia	k r o̝ː kː i ɑ
kroolikka	k r oː lʲ ĭ kː
kroolikka	k r o̝ː lʲ i kː ɑ
kruga	k r u ɡ ɑˑ
kruga	k r u ɡ̊ ɑˑ
kruglova	k r u ɡ ɫ ŏ̞ ʋ
kruglova	k r u ɡ̊ ɫ o̞ ʋ ɑ
kräntsi	k r æ n t͡s i
kräntsi	k r æ n t͡s̠ʲ
krääkki	k r æː kʲː
krääkki	k r æː kː i
krääkkä	k r æː kː
krääkkä	k r æː kː æ
krääkä	k r æː k
krääkä	k r æː ɡ̊ æ
ku	k u
kubametra	k u b ɑˑ m e̞ d r
kubametra	k u b̥ ɑˑ m e̞ d̥ r ɑ
kubjas	k u b j ə z̠
kubjas	k u b̥ j ɑ ʒ̥
kue	k u e̞ˑ
kuerihma	k u e̞ˑ r i h m
kuerihma	k u e̞ˑ r i ɣ̥ m ɑ
kuettaa	k u e̞ˑ tː ɑ
kuettaa	k u e̞ˑ tː ɑː
kuha	k u h ɑˑ
kuha	k u ɣ̥ ɑˑ
kuherrella	k u h e̞ˑ rː e̞ ɫː
kuherrella	k u ɣ̥ e̞ˑ r r e̞ ɫː ɑ
kuhu	k u h uˑ
kuhu	k u ɣ̥ uˑ
kui	k u i̯
kuilas	k u i̯ ɫ ɑ ʒ̥
kuilas	k u i̯ ɫ ə z̠
kuin	k u i̯ n
kuiva	k u i̯ ʋ
kuiva	k u i̯ ʋ ɑ
kuivaa	k u i̯ ʋ ɑ
kuivaa	k u i̯ ʋ ɑː
kuivahtaa	k u i̯ ʋ ɑ h t ɑː
kuivahtaa	k u i̯ ʋ ə h t ɑ
kuivahua	k u i̯ ʋ ɑ h u ɑˑ
kuivahua	k u i̯ ʋ ə h u ɑˑ
kuivata	k u i̯ ʋ ɑ d̥ ɑ
kuivata	k u i̯ ʋ ə t
kuivattaa	k u i̯ ʋ ɑ tː ɑː
kuivattaa	k u i̯ ʋ ə tː ɑ
kuivus	k u i̯ ʋ u ʒ̥
kuivus	k u i̯ ʋ ŭ z̠
kuja	k u j ɑˑ
kujal	k u j ɑˑ ɫ
kujal	k u j ɑˑ ɫː
kujalle	k u j ɑˑ ɫː
kujalle	k u j ɑˑ ɫː e̞
kujalt	k u j ɑˑ ɫ d̥
kujalt	k u j ɑˑ ɫ t
kuka	k u k ɑˑ
kuka	k u ɡ̊ ɑˑ
kukikas	k u k iˑ k ə z̠
kukikas	k u ɡ̊ iˑ ɡ̊ ɑ ʒ̥
kukka	k u kː
kukka	k u kː ɑ
kukkaa	k u kː ɑ
kukkaa	k u kː ɑː
kukkaa	k u kˑ ɑː
kukkaaika	k u kː ɑ ɑ i̯ k
kukkaaika	k u kː ɑ ɑ i̯ ɡ̊ ɑ
kukkain	k u kː ɑ i̯ n
kukkain	k u kː ə i̯ n
kukkakapusta	k u kː ɑ ɡ̊ ɑ b̥ uˑ ʃ t ɑ
kukkakapusta	k u kː ə k ɑ p uˑ s̠ t
kukkakimppu	k u kː ɑ ɡ̊ i m pː u
kukkakimppu	k u kː ə k i m pː ŭ̥
kukkalatva	k u kː ɑ ɫ ɑ d̥ ʋ ɑ
kukkalatva	k u kː ə ɫ ɑ d ʋ
kukkapata	k u kː ɑ b̥ ɑ d̥ ɑˑ
kukkapata	k u kː ə p ɑ t ɑˑ
kukkia	k u kː e̞
kukkia	k u kː i ɑ
kukkia	k u kː ĭ j
kukko	k u kː o̞ i̯
kukko	k u kː ŏ̞̥
kukkohanhi	k u kː o̞ i̯ ɣ̥ ɑ n ɣ̥ i
kukkohanhi	k u kː ŏ̞ h ɑ n iˑ
kukkoi	k u kː o̞ i̯
kukkoi	k u kː ŏ̞ i̯ s̠ː
kukkoro	k u kː o̞ r o̞
kukkoro	k u kː ə r ŏ̞̥
kukkosoittu	k u kː o̞ j ʃ o̞ i̯ tː u
kukkosoittu	k u kː ŏ̞ s̠ o̞ i̯ tː ŭ̥
kukkua	k u kː o̞
kukkua	k u kː u ɑ
kukkula	k u kː u ɫ ɑ
kukkula	k u kː ŭ ɫ
kukkura	k u kː u r ɑ
kukkura	k u kː ŭ r
kukonkannus	k u k o̞ˑ ŋ k ɑ nː ŭ z̠
kukonkannus	k u ɡ̊ o̞ˑ iˑ ŋ ɡ̊ ɑ nː u ʒ̥
kulakka	k u ɫ ɑˑ kː
kulakka	k u ɫ ɑˑ kː ɑ
kuli	k u l iˑ
kuli	k u lʲ iˑ
kulikka	k u lʲ iˑ kː
kulikka	k u lʲ iˑ kː ɑ
kulisavva	k u l iˑ ʒ̥ ɑ ʋː ɑ
kulisavva	k u lʲ iˑ s̠ ɑ ʋː
kulja	k u lʲ ɑˑ
kulju	k u lʲ j u
kulju	k u lʲː ŭ̥
kulkemus	k u ɫ k e̞ m u ʒ̥
kulkemus	k u ɫ k ə m ŭ z̠
kulkia	k u ɫ k e̞
kulkia	k u ɫ k i ɑ
kulkku	k u ɫ kː u
kulkku	k u ɫ kː ŭ̥
kulkkukerus	k u ɫ kː u ɡ̊ e̞ r uˑ ʒ̥
kulkkukerus	k u ɫ kː ŭ k e̞ r uˑ z̠
kulkkumuna	k u ɫ kː u m u n ɑˑ
kulkkumuna	k u ɫ kː ŭ m u n ɑˑ
kulkkusolmi	k u ɫ kː u ʒ̥ o̞ ɫ m i
kulkkusolmi	k u ɫ kː ŭ s̠ o̞ ɫ mʲ
kulkkutauti	k u ɫ kː u t ɑ u̯ d̥ i
kulkkutauti	k u ɫ kː ŭ t ɑ u̯ tʲ
kulli	k u lʲː
kulli	k u lː i
kullikasi	k u lʲː ĭ k ɑ s̠ iˑ
kullikasi	k u lː i ɡ̊ ɑ ʒ̥ iˑ
kullikoira	k u lʲː ĭ k o̞ i̯ r
kullikoira	k u lː i k o̞ i̯ r ɑ
kullileva	k u lʲː ĭ lʲ e̞ ʋ ɑˑ
kullileva	k u lː i l e̞ ʋ ɑˑ
kullisika	k u lʲː ĭ s̠ i k ɑˑ
kullisika	k u lː i ʒ̥ i ɡ̊ ɑˑ
kullua	k u ɫː o̞
kullua	k u ɫˑ u ɑ
kulma	k u ɫ m
kulma	k u ɫ m ɑ
kulmakarva	k u ɫ m ɑ ɡ̊ ɑ r ʋ ɑ
kulmakarva	k u ɫ m ə k ɑ r ʋ
kulo	k u ɫ o̞ˑ
kulppa	k u ɫ pː
kulppa	k u ɫ pː ɑ
kulta	k u ɫ d̥ ɑ
kulta	k u ɫ t
kultaharja	k u ɫ d̥ ɑ ɣ̥ ɑ r j ɑ
kultaharja	k u ɫ t ə h ɑ r i
kultain	k u ɫ t ɑ i̯ n
kultain	k u ɫ t ə i̯ n
kultakuppi	k u ɫ d̥ ɑ ɡ̊ u pː i
kultakuppi	k u ɫ t ə k u pʲː
kultalappa	k u ɫ d̥ ɑ ɫ ɑ pː ɑ
kultalappa	k u ɫ t ə ɫ ɑ pː
kultalauta	k u ɫ d̥ ɑ ɫ ɑ u̯ d̥ ɑ
kultalauta	k u ɫ t ə ɫ ɑ u̯ t
kultalintu	k u ɫ d̥ ɑ lʲ i n d̥ u
kultalintu	k u ɫ t ə lʲ i n t ŭ̥
kultapää	k u ɫ d̥ ɑ p æː
kultapää	k u ɫ t ə p æː
kultoin	k u ɫ t o̞ i̯ n
kultoin	k u ɫ t ŏ̞ i̯ n
kultsahtoa	k u ɫ t͡s ɑ h t o̞ j ɑˑ
kultsahtoa	k u ɫ t͡s̠ ə h t o̞ ɑˑ
kulttuura	k u ɫ tː u r
kulttuura	k u ɫ tː uː r ɑ
kultuuri	k u ɫ t u rʲ
kultuuri	k u ɫ t uː r i
kulu	k u ɫ uˑ
kulvehto	k u ɫ ʋ e̞ h t o̞
kulvehto	k u ɫ ʋ ə h t ŏ̞̥
kumma	k u mː
kumma	k u mː ɑ
kummartaa	k u mː ɑ r d̥ ɑː
kummartaa	k u mː ə r t ɑ
kummitus	k u mː i d̥ u ʒ̥
kummitus	k u mː ĭ t ŭ z̠
kumpa	k u m b̥ ɑ
kumpa	k u m p
kumpain	k u m p ɑ i̯ n
kumpain	k u m p ə i̯ n
kumpainki	k u m p ɑ i̯ n e̞ ŋ ɡ̊ i
kumpainki	k u m p ə j n e̞ k iˑ
kumpassi	k u m b̥ ɑ ʃː i
kumpassi	k u m p ə s̠ʲː
kunigas	k u n iˑ ɡ ə z̠
kunigas	k u n iˑ ɡ̊ ɑ ʒ̥
kunikaanhattu	k u n iˑ k ɑː n h ɑ tː ŭ̥
kunikaanhattu	k u n iˑ ɡ̊ ɑ ɣ̥ ɑˑ n ɣ̥ ɑ tː u
kunikas	k u n iˑ k ə z̠
kunikas	k u n iˑ ɡ̊ ɑ ʒ̥
kuningas	k u n iˑ ŋ ɡ ə z̠
kuningas	k u n iˑ ŋ ɡ̊ ɑ ʒ̥
kunis	k u n iˑ z̠
kunis	k u n iˑ ʒ̥
kunitsa	k u n iˑ t͡s ɑ
kunitsa	k u n iˑ t͡s̠
kunne	k u nː
kunne	k u nː e̞
kunnia	k u nː e̞
kunnia	k u nː i ɑ
kupahain	k u b̥ ɑˑ h ɑ i̯ n
kupahain	k u p ɑ i̯ n
kupata	k u b̥ ɑˑ d̥ ɑ
kupata	k u p ɑˑ t
kupeli	k u p e̞ˑ lʲ
kupeli	k u pˑ e̝ː lʲ i
kupelileipä	k u p e̞ˑ lʲ i lʲ e̞ i̯ p
kupelileipä	k u pˑ e̝ː lʲ i l e̞ i̯ b̥ æ
kupera	k u p e̞ˑ r
kupera	k u pˑ e̝ː r ɑ
kupikkain	k u b̥ iˑ kː ɑ i̯ n
kupikkain	k u p iˑ kː ə i̯ n
kupjas	k u b j ə z̠
kupjas	k u b̥ j ɑ ʒ̥
kupo	k u b̥ o̞ i̯
kupo	k u b̥ o̞ˑ
kupo	k u p o̞ˑ
kuponi	k u p o̞ˑ nʲ
kuponi	k u pˑ o̝ː n i
kuppari	k u pː ɑ r i
kuppari	k u pː ə rʲ
kuppi	k u pʲː
kuppi	k u pː i
kuppia	k u pː e̞
kuppia	k u pː i ɑ
kuppikapja	k u pː i ɡ̊ ɑ b̥ j ɑ
kuppikapja	k u pː ĭ k ɑ b i
kura	k u r ɑˑ
kural	k u r ɑˑ ɫ
kural	k u r ɑˑ ɫː
kuras	k u r ɑˑ s̠ː
kuras	k u r ɑˑ z̠
kuras	k u r ɑˑ ʒ̥
kuri	k u r iˑ
kurimus	k u r iˑ m ŭ z̠
kurimus	k u rˑ iː m u ʒ̥
kuris	k u r iˑ s̠ː
kuris	k u r iˑ ʒ̥
kurissa	k u r iˑ s̠ː
kurissa	k u r iˑ ʃː ɑ
kurissos	k u r iˑ s̠ː ŏ̞ z̠
kurissos	k u r iˑ ʃː o̞ ʒ̥
kurissospatsas	k u r iˑ s̠ː o̞ s̠ p ɑ t͡s̠ ə z̠
kurissospatsas	k u r iˑ ʃː o̞ ʃ p ɑ t͡s ɑ ʒ̥
kuristaa	k u r iˑ s̠ t ɑ
kuristaa	k u r iˑ ʃ t ɑː
kuristiissa	k u r iˑ s̠ tʲ iː s̠ː
kuristiissa	k u r iˑ ʃ t iː ʃː ɑ
kuristua	k u r iˑ s̠ t u ɑˑ
kuristua	k u r iˑ ʃ t u ɑˑ
kurja	k u r i
kurja	k u r j ɑ
kurki	k u r kʲ
kurki	k u r ɡ̊ i
kurkku	k u r kː u
kurkku	k u r kː ŭ̥
kurokka	k u r o̞ˑ kː
kurokka	k u r o̞ˑ kː ɑ
kuropatka	k u r o̞ˑ b̥ ɑ t k ɑ
kuropatka	k u r o̞ˑ p ə t k
kurssi	k u r s̠ʲː
kurssi	k u r ʃː i
kurtella	k u r d̥ e̞ ɫː ɑ
kurtella	k u r t e̞ ɫː
kurttaa	k u r tː ɑ
kurttaa	k u r tː ɑː
kuruli	k u r uˑ lʲ
kuruli	k u rˑ uː l i
kurva	k u r ʋ
kurva	k u r ʋ ɑ
kurvi	k u r ʋ i
kurvi	k u r ʋʲ
kurvikapa	k u r ʋ i ɡ̊ ɑ b̥ ɑˑ
kurvikapa	k u r ʋ ĭ k ɑ p ɑˑ
kurvirokka	k u r ʋ i r o̞ kː ɑ
kurvirokka	k u r ʋ ĭ r o̞ kː
kurviverkko	k u r ʋ i ʋ e̞ r kː o̞
kurviverkko	k u r ʋ ĭ ʋ e̞ r kː ŏ̞̥
kus	k u s̠ː
kus	k u ʒ̥
kusi	k u s̠ iˑ
kusi	k u ʒ̥ iˑ
kusilain	k u s̠ iˑ ɫ ə i̯ n
kusilain	k u ʒ̥ iˑ ɫ ɑ i̯ n
kusimuurahain	k u s̠ iˑ m uː r ə h ə i̯ n
kusimuurahain	k u ʒ̥ iˑ m uː r ɑ h ɑ i̯ n
kusipata	k u s̠ iˑ p ɑ t ɑˑ
kusipata	k u ʒ̥ iˑ b̥ ɑ d̥ ɑˑ
kusirakko	k u s̠ iˑ r ɑ kː ŏ̞̥
kusirakko	k u ʒ̥ iˑ r ɑ kː o̞
kusitrubka	k u s̠ iˑ t r u b k
kusitrubka	k u ʒ̥ iˑ d̥ r u p k ɑ
kuskaa	k u s̠ k ɑ
kuskaa	k u ʃ k ɑː
kussa	k u s̠ː
kussa	k u ʃː ɑ
kussaa	k u s̠ː ɑ
kussaa	k u ʃː ɑː
kussaa	k u ʃˑ ɑː
kust	k u s̠ t
kust	k u ʃ t
kutoja	k u d̥ o̞ˑ j ɑ
kutoja	k u t o̞ i̯
kutsu	k u t͡s u
kutsu	k u t͡s̠ ŭ̥
kutsua	k u t͡s u ɑ
kutsua	k u t͡s̠ o̞
kutsumus	k u t͡s u m u ʒ̥
kutsumus	k u t͡s̠ ŭ m ŭ z̠
kuttiissa	k u tʲː i s̠ː
kuttiissa	k u tˑ iː ʃː ɑ
kuttoa	k u tː o̞
kuttoa	k u tˑ o̞ ɑ
kutu	k u d̥ uˑ
kutu	k u t uˑ
kutuhaili	k u d̥ uˑ h ɑ i̯ l i
kutuhaili	k u t uˑ h ɑ i̯ lʲ
kututella	k u d̥ uˑ d̥ e̞ ɫː ɑ
kututella	k u t uˑ t e̞ ɫː
kututtaa	k u d̥ uˑ tː ɑː
kututtaa	k u t uˑ tː ɑ
kuu	k uː
kuudra	k uː d r
kuudra	k uː d̥ r ɑ
kuuhut	k uː h ŭ d
kuuhut	k uː ɣ̥ u d̥
kuukaus	k uː k ɑ u̯ z̠
kuukaus	k uː k ɑ u̯ ʒ̥
kuulla	k uː ɫː
kuulla	k uː ɫː ɑ
kuuloittaa	k uː ɫ o̞ i̯ tː ɑː
kuuloittaa	k uː ɫ ə i̯ tː ɑ
kuulua	k uː ɫ o̞
kuulua	k uː ɫ u ɑ
kuuluisa	k uː ɫ u i̯ ʒ̥ ɑ
kuuluisa	k uː ɫ ŭ i̯ s̠
kuulussella	k uː ɫ u ʃ ʃ e̞ ɫː ɑ
kuulussella	k uː ɫ ŭ s̠ː e̞ ɫː
kuulustaa	k uː ɫ u ʃ t ɑː
kuulustaa	k uː ɫ ə s̠ t ɑ
kuuluva	k uː ɫ u ʋ ɑ
kuuluva	k uː ɫ ŭ ʋ
kuuma	k uː m
kuuma	k uː m ɑ
kuumahtava	k uː m ɑ h t ɑ ʋ ɑˑ
kuumahtava	k uː m ə h t ɑ ʋ ɑˑ
kuumattaa	k uː m ɑ tː ɑː
kuumattaa	k uː m ə tː ɑ
kuumentaa	k uː m e̞ n d̥ ɑː
kuumentaa	k uː m ə n t ɑ
kuumeta	k uː m e̞ d̥ ɑ
kuumeta	k uː m e̞ t
kuunnella	k uː nː e̞ ɫː
kuunnella	k uː nː e̞ ɫː ɑ
kuupäivä	k uː p æ i̯ ʋ
kuupäivä	k uː p æ i̯ ʋ æ
kuuritsa	k uː r i t͡s ɑ
kuuritsa	k uː r ĭ t͡s̠
kuurnitsa	k uː r n i t͡s ɑ
kuurnitsa	k uː r n ĭ t͡s̠
kuus	k uː s̠ʲ
kuus	k uː s̠ː
kuus	k uː ʒ̥
kuusamiin	k uː s̠ ə m i n
kuusamiin	k uː s̠ ə m i n e̞ˑ
kuusamiin	k uː ʒ̥ ɑ m iː n
kuusan	k uː s̠ ə n
kuusan	k uː ʒ̥ ɑ n
kuusenkärkkä	k uː s̠ ə ŋ k æ r kː
kuusenkärkkä	k uː ʒ̥ e̞ ŋ ɡ̊ æ r kː æ
kuusi	k uː s̠ʲ
kuusi	k uː ʒ̥ i
kuusikko	k uː s̠ ə kː ŏ̞̥
kuusikko	k uː ʒ̥ i kː o̞ i̯
kuusipäre	k uː s̠ ĭ p æ r e̞ˑ
kuusipäre	k uː ʒ̥ i b̥ æ r e̞ˑ
kuusiriuku	k uː s̠ ĭ r i u̯ k ŭ̥
kuusiriuku	k uː ʒ̥ i r i u̯ ɡ̊ u
kuuskolmatta	k uː s̠ k o̞ ɫ m ə tː
kuuskolmatta	k uː ʃ k o̞ ɫ m ɑ tː ɑ
kuuskymment	k uː s̠ k y mː e̞ n t
kuuskymment	k uː ʃ k y mː e̝ː n d̥
kuusnännäin	k uː z̠ n æ nː ə i̯ n
kuusnännäin	k uː ʒ n æ nː æ i̯ n
kuustoist	k uː s̠ t ŏ̞ s̠ t
kuustoist	k uː ʃ t o̞ i̯ ʃ t
kuuvalkia	k uː ʋ ɑ ɫ k e̞
kuuvalkia	k uː ʋ ɑ ɫ k i ɑ
kuuvalo	k uː ʋ ɑ ɫ o̞ˑ
kuuvves	k uː ʋː e̞ z̠
kuuvves	k uː ʋː e̞ ʒ̥
kuuvveskymmenäs	k uː ʋː e̞ ʃ k y mː e̞ n æ ʒ̥
kuuvveskymmenäs	k uː ʋː ə s̠ k y mː ə n ə z̠
kuva	k u ʋ ɑˑ
kuve	k u ʋ e̞ˑ
kuveliha	k u ʋ e̞ˑ lʲ i h ɑˑ
kuveliha	k u ʋ e̞ˑ lʲ i ɣ̥ ɑˑ
kuveluu	k u ʋ e̞ˑ ɫ uː
kuvemuna	k u ʋ e̞ˑ m u n ɑˑ
kuvetuuli	k u ʋ e̞ˑ t uː l i
kuvetuuli	k u ʋ e̞ˑ t uː lʲ
kuvikas	k u ʋ iˑ k ə z̠
kuvikas	k u ʋ iˑ ɡ̊ ɑ ʒ̥
kuvittaa	k u ʋ iˑ tː ɑ
kuvittaa	k u ʋ iˑ tː ɑː
kuvittamiin	k u ʋ iˑ t t ɑ m iˑ n
kuvittamiin	k u ʋ iˑ t t ɑ mˑ iː n
kvadraatta	k ʋ ɑ d r ɑ tː
kvadraatta	k ʋ ɑ d̥ r ɑː tː ɑ
kvadratta	k ʋ ɑ d r ə tː
kvadratta	k ʋ ɑ d̥ r ɑ tː ɑ
kvadratti	k ʋ ɑ d r ə tʲː
kvadratti	k ʋ ɑ d̥ r ɑ tː i
kvadrattidetsimetra	k ʋ ɑ d r ə tʲː i d e̞ t͡s̠ ĭ m e̞ d r
kvadrattidetsimetra	k ʋ ɑ d̥ r ɑ tː i d̥ e̞ t͡s i m e̞ d̥ r ɑ
kvadrattimetra	k ʋ ɑ d r ə tʲː i m e̞ d r
kvadrattimetra	k ʋ ɑ d̥ r ɑ tː i m e̞ d̥ r ɑ
kvadrattisantimetra	k ʋ ɑ d r ə tʲː i s̠ ɑ n tʲ ĭ m e̞ d r
kvadrattisantimetra	k ʋ ɑ d̥ r ɑ tː i ʒ̥ ɑ n d̥ i m e̞ d̥ r ɑ
kvantitetta	k ʋ ɑ n d̥ i d̥ e̞ tː ɑ
kvantitetta	k ʋ ɑ n tʲ ĭ t e̞ tː
kvantitettasteeppeni	k ʋ ɑ n d̥ i d̥ e̞ tː ɑ ʃ t e̝ː pː e̞ n i
kvantitettasteeppeni	k ʋ ɑ n tʲ ĭ t e̞ tː ə s̠ t eː pː e̞ nʲ
kykky	k y kː y
kykky	k y kː y̥̆
kyl	k y l
kyl	k y lʲ
kylellää	k y l e̞ˑ lː æː
kylellää	k y lʲ e̞ˑ lʲː æ
kyli	k y lʲ iˑ
kylki	k y lʲ kʲ
kylki	k y lʲ ɡ̊ i
kylkiluu	k y lʲ k ĭ ɫ uː
kylkiluu	k y lʲ ɡ̊ i ɫ uː
kyllys	k y lʲː y̆ z̠
kyllys	k y lː y ʒ̥
kylläin	k y lʲː ə i̯ n
kylläin	k y lː æ i̯ n
kylläisemp	k y lʲː ə s̠ e̞ m pʲ
kylläisemp	k y lː æ i̯ ʒ̥ e̞ m b̥
kylläst	k y lʲː ə s̠ t
kylläst	k y lː æː ʃ t
kyllääs	k y lʲː ə s̠ː
kyllääs	k y lː æː ʒ̥
kylmys	k y lʲ m y ʒ̥
kylmys	k y lʲ m y̆ z̠
kylmä	k y lʲ m
kylmä	k y lʲ m æ
kylmäkkäin	k y lʲ m æ kː æ i̯ n
kylmäkkäin	k y lʲ m ə kː ə i̯ n
kylmänväry	k y lʲ m æ n ʋ æ r yˑ
kylmänväry	k y lʲ m ə n ʋ æ r yˑ
kylmäsuurima	k y lʲ m æ ʃ uː r i m ɑ
kylmäsuurima	k y lʲ m ə s̠ uː r ĭ m
kylpiissä	k y lʲ p i s̠ː
kylpiissä	k y lʲ p iː ʃː æ
kylpiä	k y lʲ p e̞
kylpiä	k y lʲ p i æ
kylpy	k y lʲ b̥ y
kylpy	k y lʲ p y̥̆
kylpyvasta	k y lʲ b̥ y ʋ ɑ ʃ t ɑ
kylpyvasta	k y lʲ p y̆ ʋ ɑ s̠ t
kylväjä	k y lʲ ʋ æ j æ
kylväjä	k y lʲ ʋ ə i̯
kylvää	k y lʲ ʋ æ
kylvää	k y lʲ ʋ æː
kylvö	k y lʲ ʋ ø̞
kylvö	k y lʲ ʋ ø̞̥̆
kylvömaa	k y lʲ ʋ ø̞ m ɑː
kylvömaa	k y lʲ ʋ ø̞̆ m ɑː
kylvömašina	k y lʲ ʋ ø̞ m ɑ ʃˑ iː n ɑ
kylvömašina	k y lʲ ʋ ø̞̆ m ɑ ʃ iˑ n
kylä	k y l æˑ
kylä	k y lʲ æˑ
kylänluku	k y l æˑ n ɫ u ɡ̊ uˑ
kylänluku	k y lʲ æˑ n ɫ u k uˑ
kylänvahti	k y l æˑ n ʋ ɑ h t i
kylänvahti	k y lʲ æˑ n ʋ ɑ h tʲ
kymmen	k y mː e̞ n
kymmenikkö	k y mː e̞ n i kː ø̞ i̯
kymmenikkö	k y mː ə n i kː ø̞̥̆
kymmenkymment	k y mː e̞ ŋ ɡ̊ y mː e̝ː n d̥
kymmenkymment	k y mː ə ŋ k y mː e̞ n t
kymmennyblä	k y mː e̞ n n y b̥ l æ
kymmennyblä	k y mː ə n n y b lʲ
kymmenäs	k y mː e̞ n æ ʒ̥
kymmenäs	k y mː ə n ə z̠
kynnetty	k y nː e̞ tː y
kynnetty	k y nː ə tʲː y̥̆
kynnys	k y nː y ʒ̥
kynnys	k y nː y̆ z̠
kyns	k y n s̠ʲ
kyns	k y n ʒ̥
kynsi	k y n s̠ʲ
kynsi	k y n ʒ̥ i
kynsvars	k y n s̠ ĭ ʋ ɑ r s̠ʲ
kynsvars	k y n ʒ ʋ ɑ r ʒ̥
kyntteli	k y n tː e̞ lʲ
kyntteli	k y n tː e̞ lʲ i
kynttelä	k y n tː e̞ l æ
kynttelä	k y n tː e̞ lʲ
kynty	k y n d̥ y
kynty	k y n tʲ y̥̆
kyntymaa	k y n d̥ y m ɑː
kyntymaa	k y n tʲ y̆ m ɑː
kyntäjä	k y n t æ j æ
kyntäjä	k y n t ə i̯
kyntää	k y n t æ
kyntää	k y n t æː
kyntö	k y n d̥ ø̞
kyntö	k y n t ø̞̥̆
kyntömaa	k y n d̥ ø̞ m ɑː
kyntömaa	k y n t ø̞̆ m ɑː
kypärä	k y p æˑ r
kypärä	k y pˑ æː r æ
kyrpä	k y r b̥ æ
kyrpä	k y r p
kysellä	k y s̠ e̞ˑ lʲː
kysellä	k y ʒ̥ e̞ˑ lː æ
kyssyä	k y s̠ː ø̞
kyssyä	k y ʃˑ y æ
kysymys	k y s̠ yˑ m y̆ z̠
kysymys	k y ʃˑ yː m y ʒ̥
kysymysforma	k y s̠ yˑ m y s̠ f o̞ r m
kysymysforma	k y ʃˑ yː m y ʃ f o̞ r m ɑ
kysytellä	k y s̠ yˑ t e̞ lʲː
kysytellä	k y ʒ̥ yˑ d̥ e̞ lː æ
kytin	k y d̥ iˑ n
kytin	k y tʲ iˑ n
kyttä	k y tː
kyttä	k y tː æ
kyttämees	k y tː æ m e̝ː ʒ̥
kyttämees	k y tː ə m eː z̠
kyty	k y d̥ yˑ
kyty	k y tʲ yˑ
kytyt	k y d̥ yˑ d̥
kytyt	k y tʲ yˑ d
kyyhkyläin	k yː x k y l æ i̯ n
kyyhkyläin	k yː x k y̆ lʲ ə i̯ n
kyynel	k yː n e̞ l
kyynel	k yː n e̞ lʲ
kyynelkuu	k yː n e̞ l k uː
kyynelkuu	k yː n ə lʲ k uː
kyynärä	k yː n æ r æ
kyynärä	k yː n ə r
kyyry	k yː r y
kyyry	k yː r y̥̆
kyyryselkäin	k yː r y ʒ̥ e̞ l k æ i̯ n
kyyryselkäin	k yː r y̆ s̠ e̞ lʲ k ə i̯ n
kyyrystäissä	k yː r y ʃ t æ i̯ ʃː æ
kyyrystäissä	k yː r y̆ s̠ t ə s̠ː
kyytti	k yː tʲː
kyytti	k yː tː i
kyyttö	k yː tː ø̞ i̯
kyyttö	k yː tː ø̞̥̆
käen	k æ e̞ˑ n
käet	k æ e̞ˑ d
käet	k æ e̞ˑ d̥
käherä	k æ h e̞ˑ r
käherä	k æ xˑ e̝ː r æ
kähnätä	k æ h n ə t
kähnätä	k æ ɣ̥ n æ d̥ æ
kähäkkä	k æ h æˑ kː
kähäkkä	k æ ɣ̥ æˑ kː æ
käki	k æ k iˑ
käki	k æ ɡ̊ iˑ
käkättää	k æ k æˑ tː æ
käkättää	k æ ɡ̊ æˑ tː æː
käkö	k æ k ø̞ˑ
käkö	k æ ɡ̊ ø̞ˑ iˑ
käköin	k æ k ø̞ i̯ n
käköin	k æ kˑ ø̞ i̯ n
käly	k æ l yˑ
käly	k æ lʲ yˑ
kälykset	k æ l yˑ k ʃ e̞ d̥
kälykset	k æ lʲ yˑ k s̠ e̞ d
kämmel	k æ mː e̞ l
kämmel	k æ mː e̞ lʲ
kämmen	k æ mː e̞ n
kämärä	k æ m æˑ r
kämärä	k æ mˑ æː r æ
känkky	k æ ŋ kː y
känkky	k æ ŋ kː y̥̆
känkykäs	k æ ŋ k y̆ k ə z̠
känkykäs	k æ ŋ ɡ̊ y ɡ̊ æ ʒ̥
kännö	k æ nː ø̞ i̯
kännö	k æ nː ø̞̥̆
käpehys	k æ p e̞ˑ h y̆ z̠
käpehys	k æ pˑ e̝ː ɣ̥ y ʒ̥
käppiä	k æ pː e̞
käppiä	k æ pˑ i æ
käppiäst	k æ b̥ iˑ æː ʃ t
käppiäst	k æ pː e̞ s̠ t
käpy	k æ b̥ yˑ
käpy	k æ p yˑ
käpälä	k æ p æˑ lʲ
käpälä	k æ pˑ æː l æ
käpö	k æ b̥ ø̞ˑ iˑ
käpö	k æ p ø̞ˑ
kärhiäin	k æ r h i æ i̯ n
kärhiäin	k æ r iˑ j ə i̯ n
kärki	k æ r kʲ
kärki	k æ r ɡ̊ i
kärkki	k æ r kʲː
kärkki	k æ r kː i
kärkkilatva	k æ r kː i ɫ ɑ d̥ ʋ ɑ
kärkkilatva	k æ r kː ĭ ɫ ɑ d ʋ
kärkky	k æ r kː y
kärkky	k æ r kː y̥̆
kärkkyä	k æ r kː y æ
kärkkyä	k æ r kː ø̞
kärkkä	k æ r kː
kärkkä	k æ r kː æ
kärkkälintu	k æ r kː æ lʲ i n d̥ u
kärkkälintu	k æ r kː ə lʲ i n t ŭ̥
kärnä	k æ r n
kärnä	k æ r n æ
kärnäkonna	k æ r n æ ɡ̊ o̞ nː ɑ
kärnäkonna	k æ r n ə k o̞ nː
kärnäkäs	k æ r n æ ɡ̊ æ ʒ̥
kärnäkäs	k æ r n ə k ə z̠
kärppä	k æ r pː
kärppä	k æ r pː æ
kärpäin	k æ r p æ i̯ n
kärpäin	k æ r p ə i̯ n
kärri	k æ rʲː
kärri	k æ rː i
kärsiä	k æ r s̠ e̞
kärsiä	k æ r ʃ i æ
kärsä	k æ r s̠
kärsä	k æ r ʒ̥ æ
kärttyä	k æ r tʲː ø̞
kärttyä	k æ r tː y æ
käsi	k æ s̠ iˑ
käsi	k æ ʒ̥ iˑ
käsihohla	k æ s̠ iˑ h o̞ h ɫ
käsihohla	k æ ʒ̥ iˑ ɣ̥ o̞ ɣ̥ ɫ ɑ
käsihuntu	k æ s̠ iˑ h u n t ŭ̥
käsihuntu	k æ ʒ̥ iˑ ɣ̥ u n d̥ u
käsikirjutos	k æ s̠ iˑ k i r j ŭ t ŏ̞ z̠
käsikirjutos	k æ ʒ̥ iˑ ɡ̊ i r j u d̥ o̞ ʒ̥
käsikähäkkä	k æ s̠ iˑ k æ h æˑ kː
käsikähäkkä	k æ ʒ̥ iˑ ɡ̊ æ ɣ̥ æˑ kː æ
käsin	k æ s̠ iˑ n
käsin	k æ ʒ̥ iˑ n
käsipuu	k æ s̠ iˑ p uː
käsipuu	k æ ʒ̥ iˑ p uː
käsiraha	k æ s̠ iˑ r ɑ h ɑˑ
käsiraha	k æ ʒ̥ iˑ r ɑ ɣ̥ ɑˑ
käsiranne	k æ s̠ iˑ r ɑ nː
käsiranne	k æ ʒ̥ iˑ r ɑ nː e̞
käsitöö	k æ s̠ iˑ t øː
käsitöö	k æ ʒ̥ iˑ t ø̝ː
käsivars	k æ s̠ iˑ ʋ ɑ r s̠ʲ
käsivars	k æ ʒ̥ iˑ ʋ ɑ r ʒ̥
käsivasara	k æ s̠ iˑ ʋ ɑ s̠ ɑˑ r
käsivasara	k æ ʒ̥ iˑ ʋ ɑ ʃˑ ɑː r ɑ
käskiä	k æ s̠ k e̞
käskiä	k æ ʃ k i æ
käsky	k æ s̠ k y̥̆
käsky	k æ ʃ k y
käskyforma	k æ s̠ k y̆ f o̞ r m
käskyforma	k æ ʃ k y f o̞ r m ɑ
käskytöö	k æ s̠ k ə t ø̞
käskytöö	k æ ʃ k y t ø̝ː
kätyt	k æ d̥ yˑ d̥
kätyt	k æ tʲ yˑ d
kävellä	k æ ʋ e̞ˑ lʲː
kävellä	k æ ʋ e̞ˑ lː æ
kävely	k æ ʋ e̞ˑ lʲ y̥̆
kävely	k æ ʋˑ e̝ː l y
kävelykeppi	k æ ʋ e̞ˑ lʲ y k e̞ pʲː
kävelykeppi	k æ ʋˑ e̝ː l y ɡ̊ e̞ pː i
käyttäjä	k æ y̯ tː æ j æ
käyttäjä	k æ y̯ tː ə i̯
käyttää	k æ y̯ tː æ
käyttää	k æ y̯ tː æː
käyvvä	k æ y̯ ʋː æ
käyvvä	k æ ʋː
käännös	k æː nː ø̞ ʒ̥
käännös	k æː nː ø̞̆ z̠
kääntiellä	k æː n d̥ i e̞ lː æ
kääntiellä	k æː n tʲ i e̞ lʲː
kääntiissä	k æː n t iː ʃː æ
kääntiissä	k æː n tʲ i s̠ː
kääntää	k æː n t æ
kääntää	k æː n t æː
kääpä	k æː b̥ æ
kääpä	k æː p
kääriä	k æː r e̞
kääriä	k æː r i æ
käärme	k æː r m
käärme	k æː r m e̞
köhhiä	k ø̞ h i j
köhhiä	k ø̞ xː e̞
köhhiä	k ø̞ xˑ i æ
köhä	k ø̞ h æˑ
köhä	k ø̞ ɣ̥ æˑ
köhähellä	k ø̞ h æˑ h e̞ lʲː
köhähellä	k ø̞ ɣ̥ æˑ ɣ̥ e̞ lː æ
köhähtäissä	k ø̞ h æˑ h t ə i̯ s̠ː
köhähtäissä	k ø̞ ɣ̥ æˑ h t æ i̯ ʃː æ
köhähtää	k ø̞ h æˑ h t æ
köhähtää	k ø̞ ɣ̥ æˑ h t æː
könkörä	k ø̞ ŋ k ø̞̆ r
könkörä	k ø̞ ŋ ɡ̊ ø̞ r æ
köyhykkäin	k ø̞ y̯ h y̆ kː ə i̯ n
köyhykkäin	k ø̞ y̯ ɣ̥ y kː æ i̯ n
köyhys	k ø̞ y̯ h y̆ z̠
köyhys	k ø̞ y̯ ɣ̥ y ʒ̥
köyhä	k ø̞ y̯ h
köyhä	k ø̞ y̯ ɣ̥ æ
köys	k ø̞ y̯ z̠
köys	k ø̞ y̯ ʒ̥
köyttää	k ø̞ y̯ tː æ
köyttää	k ø̞ y̯ tː æː
laa	ɫ ɑː
laageri	ɫ ɑː ɡ e̞ rʲ
laageri	ɫ ɑː ɡ̊ e̞ r i
laaja	ɫ ɑː j
laaja	ɫ ɑː j ɑ
laajasana	ɫ ɑː j ɑ ʒ̥ ɑ n ɑˑ
laajasana	ɫ ɑː j ə s̠ ɑ n ɑˑ
laaku	ɫ ɑː k ŭ̥
laaku	ɫ ɑː ɡ̊ u
laappa	ɫ ɑː pː
laappa	ɫ ɑː pː ɑ
laari	ɫ ɑː r i
laari	ɫ ɑː rʲ
laata	ɫ ɑ ɑˑ d̥ ɑ
laata	ɫ ɑ ɑˑ t
laatia	ɫ ɑː t i ɑ
laatia	ɫ ɑː tʲ e̞
laatihua	ɫ ɑː d̥ i h u ɑˑ
laatihua	ɫ ɑː tʲ ĭ h u ɑˑ
laatihussa	ɫ ɑː d̥ i ɣ̥ u ʃː ɑ
laatihussa	ɫ ɑː tʲ ĭ h ŭ s̠ː
laatiissa	ɫ ɑː t iː ʃː ɑ
laatiissa	ɫ ɑː tʲ i s̠ː
laatka	ɫ ɑː t k
laatka	ɫ ɑː t k ɑ
laatta	ɫ ɑː tː
laatta	ɫ ɑː tː ɑ
laattiissa	ɫ ɑː tː i s̠ː
laattiissa	ɫ ɑː tː iː ʃː ɑ
laavitsa	ɫ ɑː ʋ i t͡s ɑ
laavitsa	ɫ ɑː ʋ ĭ t͡s̠
labla	ɫ ɑ b ɫ
labla	ɫ ɑ b̥ ɫ ɑ
lablahaili	ɫ ɑ b ɫ ə h ɑ i̯ lʲ
lablahaili	ɫ ɑ b̥ ɫ ɑ h ɑ i̯ l i
lafka	ɫ ɑ f k
lafka	ɫ ɑ f k ɑ
lagla	ɫ ɑ ɡ ɫ
lagla	ɫ ɑ ɡ̊ ɫ ɑ
laglut	ɫ ɑ ɡ ɫ ŭ d
laglut	ɫ ɑ ɡ̊ ɫ u d̥
lahantka	ɫ ɑ h ɑˑ n t k
lahantka	ɫ ɑ ɣ̥ ɑˑ n t k ɑ
lahe	ɫ ɑ h e̞ˑ
lahe	ɫ ɑ ɣ̥ e̞ˑ
lahja	ɫ ɑ h i
lahja	ɫ ɑ ɣ̥ j ɑ
lahjoittaa	ɫ ɑ h j ə i̯ tː ɑ
lahjoittaa	ɫ ɑ ɣ̥ j o̞ i̯ tː ɑː
lahna	ɫ ɑ h n
lahna	ɫ ɑ ɣ̥ n ɑ
laho	ɫ ɑ h o̞ˑ
laho	ɫ ɑ ɣ̥ o̞ˑ
lahokas	ɫ ɑ h o̞ˑ k ə z̠
lahokas	ɫ ɑ ɣ̥ o̞ˑ ɡ̊ ɑ ʒ̥
lahti	ɫ ɑ h t i
lahti	ɫ ɑ h tʲ
laiha	ɫ ɑ i̯ h
laiha	ɫ ɑ i̯ ɣ̥ ɑ
laija	ɫ ɑ i̯ j
laija	ɫ ɑ i̯ j ɑ
laimia	ɫ ɑ i̯ m e̞
laimia	ɫ ɑ i̯ m i ɑ
laina	ɫ ɑ i̯ n
laina	ɫ ɑ i̯ n ɑ
lainata	ɫ ɑ i̯ n ɑ d̥ ɑ
lainata	ɫ ɑ i̯ n ə t
laine	ɫ ɑ i̯ n
laine	ɫ ɑ i̯ n e̞
laiska	ɫ ɑ i̯ s̠ k
laiska	ɫ ɑ i̯ ʃ k ɑ
laisus	ɫ ɑ i̯ s̠ ŭ z̠
laisus	ɫ ɑ i̯ ʒ̥ u ʒ̥
laita	ɫ ɑ i̯ d̥ ɑ
laita	ɫ ɑ i̯ t
laittaa	ɫ ɑ i̯ tː ɑ
laittaa	ɫ ɑ i̯ tː ɑː
laiva	ɫ ɑ i̯ ʋ
laiva	ɫ ɑ i̯ ʋ ɑ
laki	ɫ ɑ k iˑ
laki	ɫ ɑ ɡ̊ iˑ
lakiain	ɫ ɑ k iˑ j ə i̯ n
lakiain	ɫ ɑ ɡ̊ iˑ ɑ i̯ n
lakki	ɫ ɑ kʲː
lakki	ɫ ɑ kː i
lakkia	ɫ ɑ kː e̞
lakkia	ɫ ɑ kː i ɑ
lakkia	ɫ ɑ kˑ i ɑ
lako	ɫ ɑ k o̞ˑ
lako	ɫ ɑ ɡ̊ o̞ˑ
lakoitella	ɫ ɑ k o̞ i̯ t e̞ ɫː
lakoitella	ɫ ɑ kˑ o̞ i̯ d̥ e̞ ɫː ɑ
lakoittaa	ɫ ɑ k o̞ i̯ tː ɑ
lakoittaa	ɫ ɑ kˑ o̞ i̯ tː ɑː
laksi	ɫ ɑ k s̠ʲ
laksi	ɫ ɑ k ʃ i
lakso	ɫ ɑ k s̠ ŏ̞̥
lakso	ɫ ɑ k ʃ o̞
laksu	ɫ ɑ k s̠ ŭ̥
laksu	ɫ ɑ k ʃ u
lammas	ɫ ɑ mː ɑ ʒ̥
lammas	ɫ ɑ mː ə z̠
lammaskarja	ɫ ɑ mː ɑ ʃ k ɑ r j ɑ
lammaskarja	ɫ ɑ mː ə s̠ k ɑ r i
lammia	ɫ ɑ mː e̞
lammia	ɫ ɑ mˑ i ɑ
lampocka	ɫ ɑ m b̥ o̞ t͡ʃ k ɑ
lampocka	ɫ ɑ m p ŏ̞ t͡ʃ k
lamppi	ɫ ɑ m pʲː
lamppi	ɫ ɑ m pː i
lamppu	ɫ ɑ m pː u
lamppu	ɫ ɑ m pː ŭ̥
langeta	ɫ ɑ ŋ ɡ e̞ t
langeta	ɫ ɑ ŋ ɡ̊ e̞ d̥ ɑ
langetella	ɫ ɑ ŋ ɡ ə t e̞ ɫː
langetella	ɫ ɑ ŋ ɡ̊ e̞ d̥ e̞ ɫː ɑ
langettaa	ɫ ɑ ŋ ɡ ə tː ɑ
langettaa	ɫ ɑ ŋ ɡ̊ e̞ tː ɑː
langokset	ɫ ɑ ŋ ɡ ŏ̞ k s̠ e̞ d
langokset	ɫ ɑ ŋ ɡ̊ o̞ k ʃ e̞ d̥
lanka	ɫ ɑ ŋ k
lanka	ɫ ɑ ŋ ɡ̊ ɑ
lankain	ɫ ɑ ŋ k ɑ i̯ n
lankain	ɫ ɑ ŋ k ə i̯ n
lankapaita	ɫ ɑ ŋ k ə p ɑ i̯ t
lankapaita	ɫ ɑ ŋ ɡ̊ ɑ p ɑ i̯ d̥ ɑ
lankiissa	ɫ ɑ ŋ k i s̠ː
lankiissa	ɫ ɑ ŋ k iː ʃː ɑ
lankiivatauti	ɫ ɑ ŋ k i ʋ ɑ t ɑ u̯ tʲ
lankiivatauti	ɫ ɑ ŋ k iː ʋ ɑ t ɑ u̯ d̥ i
lanko	ɫ ɑ ŋ k ŏ̞̥
lanko	ɫ ɑ ŋ ɡ̊ o̞
lankoin	ɫ ɑ ŋ k o̞ i̯ n
lankoin	ɫ ɑ ŋ k ŏ̞ i̯ n
lantsi	ɫ ɑ n t͡s i
lantsi	ɫ ɑ n t͡s̠ʲ
lanttu	ɫ ɑ n tː u
lanttu	ɫ ɑ n tː ŭ̥
lanttupiirakka	ɫ ɑ n tː u p iː r ɑ kː ɑ
lanttupiirakka	ɫ ɑ n tː ŭ p iː r ə kː
lanttuvesi	ɫ ɑ n tː u ʋ e̞ ʒ̥ iˑ
lanttuvesi	ɫ ɑ n tː ŭ ʋ e̞ s̠ iˑ
lantuntaimi	ɫ ɑ n d̥ u n t ɑ i̯ m i
lantuntaimi	ɫ ɑ n t ŭ n t ɑ i̯ mʲ
laota	ɫ ɑ o̞ˑ d̥ ɑ
laota	ɫ ɑ o̞ˑ t
laottaa	ɫ ɑ o̞ˑ tː ɑ
laottaa	ɫ ɑ o̞ˑ tː ɑː
lapa	ɫ ɑ b̥ ɑˑ
lapa	ɫ ɑ p ɑˑ
lapja	ɫ ɑ b i
lapja	ɫ ɑ b̥ j ɑ
lapo	ɫ ɑ b̥ o̞ˑ
lapo	ɫ ɑ p o̞ˑ
lappa	ɫ ɑ pː
lappa	ɫ ɑ pː ɑ
lappaa	ɫ ɑ pː ɑ
lappaa	ɫ ɑ pː ɑː
lappaa	ɫ ɑ pˑ ɑː
lappasooli	ɫ ɑ pː ɑ ʃ o̝ː l i
lappasooli	ɫ ɑ pː ə s̠ oː lʲ
lappi	ɫ ɑ pʲː
lappi	ɫ ɑ pː i
lappu	ɫ ɑ pː u
lappu	ɫ ɑ pː ŭ̥
laps	ɫ ɑ p s̠ʲ
laps	ɫ ɑ p ʃ
lapseel	ɫ ɑ p s̠ e̞ ɫː
lapseel	ɫ ɑ p ʃ e̝ː l
lapselle	ɫ ɑ p s̠ e̞ lʲː
lapselle	ɫ ɑ p ʃ e̞ lː e̞
lapsenlaulu	ɫ ɑ p s̠ ə n ɫ ɑ u̯ ɫ ŭ̥
lapsenlaulu	ɫ ɑ p ʃ e̞ n ɫ ɑ u̯ ɫ u
lapsenna	ɫ ɑ p s̠ e̞ nː
lapsenna	ɫ ɑ p ʃ e̝ː n
lapsi	ɫ ɑ p s̠ʲ
lapsi	ɫ ɑ p ʃ i
lapsu	ɫ ɑ p s̠ ŭ̥
lapsu	ɫ ɑ p ʃ u
lapsukkain	ɫ ɑ p s̠ ŭ kː ə i̯ n
lapsukkain	ɫ ɑ p ʃ u kː ɑ i̯ n
lapsus	ɫ ɑ p s̠ ŭ z̠
lapsus	ɫ ɑ p ʃ u ʒ̥
lapti	ɫ ɑ p t i
lapti	ɫ ɑ p tʲ
lapus	ɫ ɑ b̥ uˑ ʒ̥
lapus	ɫ ɑ p uˑ z̠
laskia	ɫ ɑ s̠ k e̞
laskia	ɫ ɑ ʃ k i ɑ
laskiella	ɫ ɑ s̠ k i e̞ ɫː
laskiella	ɫ ɑ ʃ k i e̞ ɫː ɑ
laskiissa	ɫ ɑ s̠ k i s̠ː
laskiissa	ɫ ɑ ʃ k iː ʃː ɑ
lasku	ɫ ɑ s̠ k ŭ̥
lasku	ɫ ɑ ʃ k u
lassata	ɫ ɑ s̠ː ə t
lassata	ɫ ɑ ʃː ɑ d̥ ɑ
lassukkain	ɫ ɑ s̠ː ŭ kː ə i̯ n
lassukkain	ɫ ɑ ʃː u kː ɑ i̯ n
lasta	ɫ ɑ s̠ t
lasta	ɫ ɑ ʃ t
lasta	ɫ ɑ ʃ t ɑ
lasti	ɫ ɑ s̠ tʲ
lasti	ɫ ɑ ʃ t i
lastikka	ɫ ɑ s̠ tʲ ĭ kː
lastikka	ɫ ɑ ʃ t i kː ɑ
lastu	ɫ ɑ s̠ t ŭ̥
lastu	ɫ ɑ ʃ t u
latinalain	ɫ ɑ tʲ iˑ n ɑ ɫ ɑ i̯ n
latinalain	ɫ ɑ tˑ iː n ɑ ɫ ɑ i̯ n
latsu	ɫ ɑ t͡s u
latsu	ɫ ɑ t͡s̠ ŭ̥
latsukkain	ɫ ɑ t͡s u kː ɑ i̯ n
latsukkain	ɫ ɑ t͡s̠ ŭ kː ə i̯ n
latsunenä	ɫ ɑ t͡s u n e̞ n æˑ
latsunenä	ɫ ɑ t͡s̠ ŭ n e̞ n æˑ
lattoa	ɫ ɑ tː o̞
lattoa	ɫ ɑ tˑ o̝ː j ɑ
latva	ɫ ɑ d ʋ
latva	ɫ ɑ d̥ ʋ ɑ
latvakas	ɫ ɑ d ʋ ə k ə z̠
latvakas	ɫ ɑ d̥ ʋ ɑ ɡ̊ ɑ ʒ̥
latvamuna	ɫ ɑ d ʋ ə m u n ɑˑ
latvamuna	ɫ ɑ d̥ ʋ ɑ m u n ɑˑ
lauhketa	ɫ ɑ u̯ x k e̞ d̥ ɑ
lauhketa	ɫ ɑ u̯ x k e̞ t
lauhkia	ɫ ɑ u̯ x k e̞
lauhkia	ɫ ɑ u̯ x k i ɑ
laukaalain	ɫ ɑ u̯ k ɑ ɫ ə i̯ n
laukaalain	ɫ ɑ u̯ k ɑː ɫ ɑ i̯ n
laukka	ɫ ɑ u̯ kː
laukka	ɫ ɑ u̯ kː ɑ
laukkaheinä	ɫ ɑ u̯ kː ɑ h e̞ i̯ n æ
laukkaheinä	ɫ ɑ u̯ kː ə h e̞ i̯ n
laukopäivä	ɫ ɑ u̯ k ŏ̞ p ə ʋ
laukopäivä	ɫ ɑ u̯ ɡ̊ o̞ p æ i̯ ʋ æ
laulaa	ɫ ɑ u̯ ɫ ɑ
laulaa	ɫ ɑ u̯ ɫ ɑ ɡ̊
laulaa	ɫ ɑ u̯ ɫ ɑː
laulaja	ɫ ɑ u̯ ɫ ɑ j ɑ
laulaja	ɫ ɑ u̯ ɫ ə i̯
laulattaa	ɫ ɑ u̯ ɫ ɑ tː ɑː
laulattaa	ɫ ɑ u̯ ɫ ə tː ɑ
laulo	ɫ ɑ u̯ ɫ o̞ i̯
laulo	ɫ ɑ u̯ ɫ ŏ̞̥
laulu	ɫ ɑ u̯ ɫ u
laulu	ɫ ɑ u̯ ɫ ŭ̥
laululintu	l ɑ u̯ l u lʲ i n d̥ u
laululintu	lʲ ɑ u̯ lʲ ŭ lʲ i n t ŭ̥
laulusulka	ɫ ɑ u̯ ɫ u ʒ̥ u ɫ ɡ̊ ɑ
laulusulka	ɫ ɑ u̯ ɫ ŭ s̠ u ɫ k
laurinlehti	ɫ ɑ u̯ r i n l e̞ h t i
laurinlehti	ɫ ɑ u̯ r ĭ n lʲ e̞ h tʲ
lausa	ɫ ɑ u̯ s̠
lausa	ɫ ɑ u̯ ʒ̥ ɑ
lauta	ɫ ɑ u̯ d̥ ɑ
lauta	ɫ ɑ u̯ t
lautain	ɫ ɑ u̯ t ɑ i̯ n
lautain	ɫ ɑ u̯ t ə i̯ n
lautajalka	ɫ ɑ u̯ d̥ ɑ j ɑ ɫ ɡ̊ ɑ
lautajalka	ɫ ɑ u̯ t ə j ɑ ɫ k
lautta	ɫ ɑ u̯ tː
lautta	ɫ ɑ u̯ tː ɑ
lautti	ɫ ɑ u̯ tʲː
lautti	ɫ ɑ u̯ tː i
lava	ɫ ɑ ʋ ɑˑ
lavo	ɫ ɑ ʋ o̞ˑ
lavvantaki	ɫ ɑ ʋː ɑ n d̥ ɑ ɡ̊ iˑ
lavvantaki	ɫ ɑ ʋː ə n t ɑ k iˑ
lavvattaa	ɫ ɑ ʋː ɑ tː ɑː
lavvattaa	ɫ ɑ ʋː ə tː ɑ
leehku	l e̝ː x k u
leehku	lʲ eː x k ŭ̥
leeka	l e̝ː ɡ̊ ɑ
leeka	lʲ eː k
leekku	l e̝ː kː u
leekku	lʲ eː kː ŭ̥
leekkua	l e̝ː kː u ɑ
leekkua	lʲ eː kː o̞
leekuttaa	l e̝ː ɡ̊ u tː ɑː
leekuttaa	lʲ eː k ə tː ɑ
leemetä	lʲ eː m e̞ t
leemetä	lʲ e̝ː m e̞ d̥ æ
leemi	l e̝ː m i
leemi	lʲ eː mʲ
leenöö	l e̝ː n ø̝ː
leenöö	lʲ eː n ø̞
leetsa	l e̝ː t͡s ɑ
leetsa	lʲ eː t͡s̠
legenda	l e̞ ɡ̊ e̞ˑ n d̥ ɑ
legenda	lʲ e̞ ɡ e̞ˑ n d
lehetöin	l e̞ ɣ̥ e̞ˑ d̥ ø̞ i̯ n
lehetöin	lʲ e̞ h e̞ˑ t ø̞̆ i̯ n
lehmuri	l e̞ ɣ̥ m u r i
lehmuri	lʲ e̞ h m ŭ rʲ
lehmä	l e̞ ɣ̥ m æ
lehmä	lʲ e̞ h m
lehmäin	l e̞ ɣ̥ m æ i̯ n
lehmäin	lʲ e̞ h m ə i̯ n
lehmäkarja	l e̞ ɣ̥ m æ ɡ̊ ɑ r j ɑ
lehmäkarja	lʲ e̞ h m ə k ɑ r i
lehmälangokset	l e̞ ɣ̥ m æ ɫ ɑ ŋ ɡ̊ o̞ k ʃ e̞ d̥
lehmälangokset	lʲ e̞ h m ə ɫ ɑ ŋ ɡ ŏ̞ k s̠ e̞ d
lehmänkeeli	lʲ e̞ h m ə ŋ k eː lʲ
lehmänkeeli	lʲ e̞ ɣ̥ m æ ŋ k e̝ː lʲ i
lehmänvoi	l e̞ ɣ̥ m æ n ʋ o̞ i̯
lehmänvoi	lʲ e̞ h m ə n ʋ o̞ i̯
lehmäpaimen	l e̞ ɣ̥ m æ p ɑ i̯ m e̞ n
lehmäpaimen	lʲ e̞ h m ə p ɑ i̯ m e̞ n
lehmävasikka	l e̞ ɣ̥ m æ ʋ ɑ ʒ̥ iˑ kː ɑ
lehmävasikka	lʲ e̞ h m ə ʋ ɑ s̠ iˑ kː
lehti	l e̞ h t i
lehti	lʲ e̞ h tʲ
lehtimetsä	l e̞ h t i m e̞ t͡s æ
lehtimetsä	lʲ e̞ h tʲ ĭ m e̞ t͡s̠
lehtitupakka	l e̞ h t i d̥ u b̥ ɑˑ kː ɑ
lehtitupakka	lʲ e̞ h tʲ ĭ t u p ɑˑ kː
lehtivimpa	l e̞ h t i ʋ i m b̥ ɑ
lehtivimpa	lʲ e̞ h tʲ ĭ ʋ i m p
lehto	l e̞ h t o̞
lehto	lʲ e̞ h t ŏ̞̥
lehtolaps	lʲ e̞ h t o̞ l ɑ p ʃ
lehtolaps	lʲ e̞ h t ŏ̞ lʲ ɑ p s̠
leikata	l e̞ i̯ ɡ̊ ɑ d̥ ɑ
leikata	l e̞ i̯ ɡ̊ ɑ d̥ ɑ ɡ̊
leikata	lʲ e̞ i̯ k ə t
leikattu	l e̞ i̯ ɡ̊ ɑ tː u
leikattu	lʲ e̞ i̯ k ə tː ŭ̥
leikellä	lʲ e̞ i̯ k e̞ lʲː
leikellä	lʲ e̞ i̯ ɡ̊ e̞ lʲː æ
leikka	lʲ e̞ i̯ kː
leikka	lʲ e̞ i̯ kː ɑ
leikkahus	lʲ e̞ i̯ kː ɑ ɣ̥ u ʒ̥
leikkahus	lʲ e̞ i̯ kː ə h ŭ z̠
leikki	l e̞ i̯ kː i
leikki	lʲ e̞ i̯ kʲː
leikko	l e̞ i̯ kː o̞ i̯
leikko	lʲ e̞ i̯ kː ŏ̞̥
leikkoa	l e̞ i̯ kː o̞ j ɑ
leikkoa	l e̞ i̯ kː o̞ j ɑ ɡ̊
leikkoa	lʲ e̞ i̯ kː o̞
leikkoja	l e̞ i̯ kː o̞ j ɑ
leikkoja	lʲ e̞ i̯ kː ŏ̞ i̯
leinata	lʲ e̞ i̯ n ɑ d̥ ɑ
leinata	lʲ e̞ i̯ n ə t
leinätä	lʲ e̞ i̯ n æ d̥ æ
leinätä	lʲ e̞ i̯ n ə t
leipoa	l e̞ i̯ p o̞ j ɑ
leipoa	l e̞ i̯ p o̞ j ɑ ɡ̊
leipoa	lʲ e̞ i̯ p o̞
leipä	l e̞ i̯ b̥ æ
leipä	lʲ e̞ i̯ p
leipäaitta	l e̞ i̯ b̥ æ ɑ i̯ tː ɑ
leipäaitta	lʲ e̞ i̯ p æ ɑ i̯ tː
leipähammas	l e̞ i̯ b̥ æ ɣ̥ ɑ mː ɑ ʒ̥
leipähammas	lʲ e̞ i̯ p ə h ɑ mː ə z̠
leipäkasvo	l e̞ i̯ b̥ æ ɡ̊ ɑ ʒ̥ ʋ o̞
leipäkasvo	lʲ e̞ i̯ p ə k ɑ z̠ ʋ ŏ̞̥
leipälapja	l e̞ i̯ b̥ æ ɫ ɑ b̥ j ɑ
leipälapja	lʲ e̞ i̯ p ə ɫ ɑ b i
leipäliha	l e̞ i̯ b̥ æ lʲ i ɣ̥ ɑˑ
leipäliha	lʲ e̞ i̯ p ə lʲ i h ɑˑ
leipämaa	l e̞ i̯ b̥ æ m ɑː
leipämaa	lʲ e̞ i̯ p ə m ɑː
leipämulta	l e̞ i̯ b̥ æ m u ɫ d̥ ɑ
leipämulta	lʲ e̞ i̯ p ə m u ɫ t
leipäveitsi	l e̞ i̯ b̥ æ ʋ e̞ i̯ t͡s i
leipäveitsi	lʲ e̞ i̯ p ə ʋ e̞ i̯ t͡s̠ʲ
leipää	l e̞ i̯ p æː
leipää	lʲ e̞ i̯ p æ
leiville	l e̞ i̯ ʋ i lʲː e̞
leiville	lʲ e̞ i̯ ʋ ĭ lʲː
leivykkäin	l e̞ i̯ ʋ y kː æ i̯ n
leivykkäin	lʲ e̞ i̯ ʋ y̆ kː ə i̯ n
leivän	l e̞ i̯ ʋ æ n
leivän	lʲ e̞ i̯ ʋ ə n
lekama	l e̞ kˑ ɑː m ɑ
lekama	lʲ e̞ k ɑˑ m
lekkaa	l e̞ kː ɑː
lekkaa	lʲ e̞ kː ɑ
lekko	l e̞ kː o̞ i̯
lekko	lʲ e̞ kː ŏ̞̥
lello	l e̞ ɫː o̞
lello	lʲ e̞ ɫː ŏ̞̥
lemissä	l e̞ m iˑ ʃː æ
lemissä	lʲ e̞ m iˑ s̠ː
leninskoi	l e̞ n iˑ n ʃ k o̞ i̯
leninskoi	lʲ e̞ n iˑ n s̠ k ŏ̞̥
lennellä	l e̞ nː e̞ lː æ
lennellä	l e̞ nː e̞ lː æ ɡ̊
lennellä	lʲ e̞ nː e̞ lʲː
lens	l e̞ n ʒ̥
lens	lʲ e̞ n s̠ʲ
lentiissä	lʲ e̞ n t iː ʃː æ
lentiissä	lʲ e̞ n tʲ i s̠ː
lento	l e̞ n d̥ o̞
lento	lʲ e̞ n t ŏ̞̥
lentämä	l e̞ n t æ m æ
lentämä	lʲ e̞ n t ə m
lentävälaps	l e̞ n d̥ æ ʋ æ ɫ ɑ p ʃ
lentävälaps	lʲ e̞ n t ə ʋ æ ɫ ɑ p s̠
lentää	l e̞ n t æː
lentää	l e̞ n tː æ ɡ̊
lentää	lʲ e̞ n t æ
lepakko	l e̞ b̥ ɑˑ kː o̞ i̯
lepakko	lʲ e̞ p ɑˑ kː ŏ̞̥
lepo	l e̞ b̥ o̞ˑ
lepo	lʲ e̞ p o̞ˑ
leppolintu	l e̞ pː o̞ i̯ lʲ i n d̥ u
leppolintu	lʲ e̞ pː ŏ̞ lʲ i n t ŭ̥
leppyä	l e̞ pː y æ
leppyä	lʲ e̞ pː ø̞
leppä	l e̞ pː æ
leppä	lʲ e̞ pː
leppäin	l e̞ pː æ i̯ n
leppäin	lʲ e̞ pː ə i̯ n
leppälintu	l e̞ pː æ lʲ i n d̥ u
leppälintu	lʲ e̞ pː ə lʲ i n t ŭ̥
leppäsarka	l e̞ pː æ ʒ̥ ɑ r ɡ̊ ɑ
leppäsarka	lʲ e̞ pː ə s̠ ɑ r k
leppäseeni	l e̞ pː æ ʃ e̝ː n i
leppäseeni	lʲ e̞ pː ə s̠ eː nʲ
leppäsikko	l e̞ pː æ ʒ̥ i kː o̞ i̯
leppäsikko	lʲ e̞ pː ə s̠ i kː ŏ̞̥
leppävitsa	l e̞ pː æ ʋ i t͡s ɑ
leppävitsa	lʲ e̞ pː ə ʋ i t͡s̠
lepytellä	l e̞ b̥ yˑ d̥ e̞ lː æ
lepytellä	lʲ e̞ p yˑ t e̞ lʲː
lepyttää	l e̞ b̥ yˑ tː æː
lepyttää	lʲ e̞ p yˑ tː æ
leski	l e̞ ʃ k i
leski	lʲ e̞ s̠ kʲ
leskimees	l e̞ ʃ k i m e̝ː ʒ̥
leskimees	lʲ e̞ s̠ k ĭ m eː z̠
leskinain	l e̞ ʃ k i n ɑ i̯ n
leskinain	lʲ e̞ s̠ k ĭ n ɑ i̯ n
lesorirattaat	l e̞ ʃˑ o̝ː r i r ɑ tː ɑ ɣ̥ ɑ d̥
lesorirattaat	lʲ e̞ s̠ o̞ˑ r i r ɑ tː ɑ d
lesorit	l e̞ ʃˑ o̝ː r i d̥
lesorit	lʲ e̞ s̠ o̞ˑ r ĭ d
lesorivankkuri	l e̞ ʃˑ o̝ː r i ʋ ɑ ŋ kː u r i
lesorivankkuri	lʲ e̞ s̠ o̞ˑ r i ʋ ɑ ŋ kː ŭ rʲ
lesorivankkurit	l e̞ ʃˑ o̝ː r i ʋ ɑ ŋ kː u r i d̥
lesorivankkurit	lʲ e̞ s̠ o̞ˑ r i ʋ ɑ ŋ kː ŭ r ĭ d
letenitsa	l e̞ d̥ e̞ˑ n i t͡s ɑ
letenitsa	lʲ e̞ t e̞ˑ n ĭ t͡s̠
letti	l e̞ tː i
letti	lʲ e̞ tʲː
leuka	l e̞ u̯ ɡ̊ ɑ
leuka	lʲ e̞ u̯ k
leva	l e̞ ʋ ɑˑ
leva	lʲ e̞ ʋ ɑˑ
leve	l e̞ ʋ e̞ˑ
leve	lʲ e̞ ʋ e̞ˑ
levehys	l e̞ ʋˑ e̝ː ɣ̥ y ʒ̥
levehys	l e̞ ʋˑ e̞ y̯ ʒ̥
levehys	lʲ e̞ ʋ e̞ˑ h y̆ z̠
leventyä	l e̞ ʋ e̞ˑ n d̥ y æˑ
leventyä	lʲ e̞ ʋ e̞ˑ n t y æˑ
leventää	l e̞ ʋ e̞ˑ n d̥ æː
leventää	lʲ e̞ ʋ e̞ˑ n t æ
levetä	l e̞ ʋ e̞ˑ d̥ æ
levetä	lʲ e̞ ʋ e̞ˑ t
levorveri	l e̞ ʋ o̞ˑ r ʋ e̞ r iˑ
levorveri	lʲ e̞ ʋ o̞ˑ r ʋ e̞ r iˑ
levviä	l e̞ ʋˑ e̞ æ
levviä	l e̞ ʋˑ i æ
levviä	lʲ e̞ ʋː e̞
levvyys	l e̞ ʋˑ yː ʒ̥
levvyys	lʲ e̞ ʋː y z̠
levätä	l e̞ ʋ æˑ d̥ æ
levätä	l e̞ ʋ æˑ d̥ æ ɡ̊
levätä	lʲ e̞ ʋ æˑ t
ležžiä	l e̞ ʃː i æ
ležžiä	l e̞ ʃˑ i æ
ležžiä	lʲ e̞ ʒː e̞
liha	lʲ i h ɑˑ
liha	lʲ i ɣ̥ ɑˑ
lihaallas	lʲ i h ɑˑ ɑ ɫː ə z̠
lihaallas	lʲ i ɣ̥ ɑˑ ɑ ɫː ɑ ʒ̥
lihakas	lʲ i h ɑˑ k ə z̠
lihakas	lʲ i ɣ̥ ɑˑ ɡ̊ ɑ ʒ̥
lihapiirakka	lʲ i h ɑˑ p iː r ə kː
lihapiirakka	lʲ i ɣ̥ ɑˑ p iː r ɑ kː ɑ
lihava	lʲ i h ɑˑ ʋ
lihava	lʲ i xˑ ɑː ʋ ɑ
lihhoa	lʲ i xː o̞
lihhoa	lʲ i xˑ o̝ː j ɑ
lihoittua	lʲ i xː ŏ̞ t t u ɑˑ
lihoittua	lʲ i xˑ o̞ i̯ t t u ɑˑ
lihoja	lʲ i h o̞ i̯
lihoja	lʲ i xˑ o̝ː j ɑ
liijan	lʲ iː j ɑ n
liijan	lʲ iː j ə n
liijen	lʲ iː j e̞ n
liika	lʲ iː k
liika	lʲ iː ɡ̊ ɑ
liikaa	lʲ iː k ɑ
liikaa	lʲ iː k ɑː
liikkua	lʲ iː kː o̞
liikkua	lʲ iː kː u ɑ
liikkumiin	lʲ iː kː u m iː n
liikkumiin	lʲ iː kː ŭ m i n e̞ˑ
liikkumisorgana	lʲ iː kː u m i ʒ o̞ r k ɑ n ɑ
liikkumisorgana	lʲ iː kː ŭ m i z̠ o̞ r ɡ ə n
liikutella	lʲ iː k ŭ t e̞ ɫː
liikutella	lʲ iː ɡ̊ u d̥ e̞ ɫː ɑ
liikutin	lʲ iː k ŭ tʲ i n e̞ˑ
liikutin	lʲ iː k ŭ tʲ ĭ n
liikutin	lʲ iː ɡ̊ u d̥ i n
liikuttaa	lʲ iː k ə tː ɑ
liikuttaa	lʲ iː ɡ̊ u tː ɑː
liina	lʲ iː n
liina	lʲ iː n ɑ
liitsa	lʲ iː t͡s ɑ
liitsa	lʲ iː t͡s̠
liitsaal	lʲ iː t͡s ɑː ɫ
liitsaal	lʲ iː t͡s̠ ə ɫː
liitsaluu	lʲ iː t͡s ɑ ɫ uː
liitsaluu	lʲ iː t͡s̠ ə ɫ uː
liitsatoin	lʲ iː t͡s ɑ d̥ o̞ i̯ n
liitsatoin	lʲ iː t͡s̠ ə t ŏ̞ n
liitti	lʲ iː tʲː
liitti	lʲ iː tː i
liittyä	lʲ iː tʲː ø̞
liittyä	lʲ iː tː y æ
liittää	lʲ iː tː æ
liittää	lʲ iː tː æː
liiva	lʲ iː ʋ
liiva	lʲ iː ʋ ɑ
liivain	lʲ iː ʋ ɑ i̯ n
liivain	lʲ iː ʋ ə i̯ n
liivakas	lʲ iː ʋ ɑ ɡ̊ ɑ ʒ̥
liivakas	lʲ iː ʋ ə k ə z̠
liivakehvel	lʲ iː ʋ ɑ ɡ̊ e̞ ɣ̥ ʋ e̞ l
liivakehvel	lʲ iː ʋ ə k e̞ h ʋ e̞ lʲ
liivakko	lʲ iː ʋ ɑ kː o̞ i̯
liivakko	lʲ iː ʋ ə kː ŏ̞̥
liivamaa	lʲ iː ʋ ɑ m ɑː
liivamaa	lʲ iː ʋ ə m ɑː
liivamytty	lʲ iː ʋ ɑ m y tː y
liivamytty	lʲ iː ʋ ə m y tʲː y̥̆
liivamäki	lʲ iː ʋ ɑ m æ ɡ̊ iˑ
liivamäki	lʲ iː ʋ ə m æ k iˑ
liivamätäs	lʲ iː ʋ ɑ m æ d̥ æˑ ʒ̥
liivamätäs	lʲ iː ʋ ə m æ t æˑ z̠
liivaperäin	lʲ iː ʋ ɑ b̥ e̞ rˑ æ i̯ n
liivaperäin	lʲ iː ʋ ə p e̞ r æ i̯ n
liivapääskö	lʲ iː ʋ ɑ p æː ʃ k ø̞ i̯
liivapääskö	lʲ iː ʋ ə p æː s̠ k ø̞̥̆
liivikko	lʲ iː ʋ i kː o̞ i̯
liivikko	lʲ iː ʋ ə kː ŏ̞̥
lika	lʲ i k ɑˑ
lika	lʲ i ɡ̊ ɑˑ
likemmälle	lʲ i k e̞ˑ mː ə lʲː
likemmälle	lʲ i ɡ̊ e̞ˑ m m æ lː e̞
liki	lʲ i k iˑ
liki	lʲ i ɡ̊ iˑ
lineikka	lʲ i n e̞ˑ iˑ kː ɑ
lineikka	lʲ i n e̞ˑ ĭ kː
linevoittaa	lʲ i n e̞ˑ ʋ o̞ i̯ tː ɑ
linevoittaa	lʲ i n e̞ˑ ʋ o̞ i̯ tː ɑː
linja	lʲ i n j ɑ
linja	lʲ i ɲː
linna	lʲ i nː
linna	lʲ i nː ɑ
linnakko	lʲ i nː ɑ kː o̞ i̯
linnakko	lʲ i nː ə kː ŏ̞̥
linnalain	lʲ i nː ɑ ɫ ɑ i̯ n
linnalain	lʲ i nː ə ɫ ə i̯ n
linnast	lʲ i nː ɑ ʃ t
linnast	lʲ i nː ə s̠ t
lintu	lʲ i n d̥ u
lintu	lʲ i n t ŭ̥
lintuin	lʲ i n t u i̯ n
lintuin	lʲ i n t ŭ i̯ n
liota	lʲ i o̞ˑ d̥ ɑ
liota	lʲ i o̞ˑ t
liottaa	lʲ i o̞ˑ tː ɑ
liottaa	lʲ i o̞ˑ tː ɑː
lipistyä	lʲ i b̥ iˑ ʃ t y æˑ
lipistyä	lʲ i p iˑ s̠ tʲ y æˑ
lippiä	lʲ i pː e̞
lippiä	lʲ i pˑ i æ
lippiäkeeli	lʲ i pː e̞ k eː lʲ
lippiäkeeli	lʲ i pˑ i æ k e̝ː lʲ i
lippu	lʲ i pː u
lippu	lʲ i pː ŭ̥
lissäämiin	lʲ i s̠ː æ m i n e̞ˑ
lissäämiin	lʲ i ʃˑ æː m iː n
lisä	lʲ i s̠ æˑ
lisä	lʲ i ʒ̥ æˑ
lisättävä	lʲ i s̠ æˑ t t æ ʋ æˑ
lisättävä	lʲ i ʒ̥ æˑ t t æ ʋ æˑ
lisätä	lʲ i s̠ æˑ t
lisätä	lʲ i ʒ̥ æˑ d̥ æ
litkiä	lʲ i t k e̞
litkiä	lʲ i t k i æ
liukas	lʲ i u̯ k ə z̠
liukas	lʲ i u̯ ɡ̊ ɑ ʒ̥
liukata	lʲ i u̯ k ə t
liukata	lʲ i u̯ ɡ̊ ɑ d̥ ɑ
liukua	lʲ i u̯ k o̞
liukua	lʲ i u̯ k u ɑ
livvari	lʲ i ʋː ɑ r i
livvari	lʲ i ʋː ə rʲ
livvuttaa	lʲ i ʋː u tː ɑː
livvuttaa	lʲ i ʋː ə tː ɑ
ljohkoi	lʲ o̞ x k o̞ i̯
ljohkoi	lʲ o̞ x k ŏ̞̥
ljuljuttaa	lʲ u lʲ uˑ tː ɑ
ljuljuttaa	lʲ u lʲ uˑ tː ɑː
loba	ɫ o̞ b ɑˑ
loba	ɫ o̞ b̥ ɑˑ
logilliin	ɫ o̞ ɡ iˑ lʲ lʲ i n e̞ˑ
logilliin	ɫ o̞ ɡ̊ iˑ lː iː n
logillisest	ɫ o̞ ɡ iˑ lʲ lʲ i s̠ e̞ˑ s̠ t
logillisest	ɫ o̞ ɡ̊ iˑ l l i ʒ̥ e̞ˑ ʃ t
loheta	ɫ o̞ h e̞ˑ t
loheta	ɫ o̞ ɣ̥ e̞ˑ d̥ ɑ
lohi	ɫ o̞ h iˑ
lohi	ɫ o̞ ɣ̥ iˑ
lohitagra	ɫ o̞ h iˑ t ɑ ɡ r
lohitagra	ɫ o̞ ɣ̥ iˑ d̥ ɑ ɡ̊ r ɑ
lohki	ɫ o̞ x k i
lohki	ɫ o̞ x kʲ
lohkiissa	ɫ o̞ x k i s̠ː
lohkiissa	ɫ o̞ x k iː ʃː ɑ
lohko	ɫ o̞ x k o̞
lohko	ɫ o̞ x k ŏ̞̥
lohkoa	ɫ o̞ x k o̞
lohkoa	ɫ o̞ x k o̞ j ɑ
lohkoa	ɫ o̞ x k o̞ ɑ
lohku	ɫ o̞ x k u
lohku	ɫ o̞ x k ŭ̥
lohkulaatka	ɫ o̞ x k u ɫ ɑː t k ɑ
lohkulaatka	ɫ o̞ x k ŭ ɫ ɑː t k
loimi	ɫ o̞ i̯ m i
loimi	ɫ o̞ i̯ mʲ
loimirihma	ɫ o̞ i̯ m i r i ɣ̥ m ɑ
loimirihma	ɫ o̞ i̯ m ĭ r i h m
lollo	ɫ o̞ ɫː o̞ i̯
lollo	ɫ o̞ ɫː ŏ̞̥
longuttaa	ɫ o̞ ŋ ɡ ə tː ɑ
longuttaa	ɫ o̞ ŋ ɡ̊ u tː ɑː
lonka	ɫ o̞ ŋ k
lonka	ɫ o̞ ŋ ɡ̊ ɑ
lonkka	ɫ o̞ ŋ kː
lonkka	ɫ o̞ ŋ kː ɑ
lontti	ɫ o̞ n tʲː
lontti	ɫ o̞ n tː i
looja	ɫ oː j
looja	ɫ o̝ː j ɑ
lookka	ɫ oː kː
lookka	ɫ o̝ː kː ɑ
looks	ɫ oː k s̠
looks	ɫ o̝ː k ʃ
looksepääsemätöin	ɫ oː k s̠ ə p æː s̠ ə m æ t ø̞ i̯ n
looksepääsemätöin	ɫ o̝ː k ʃ e̞ p æː ʒ̥ e̞ m æ d̥ ø̞ˑ iˑ n
looma	ɫ oː m
looma	ɫ o̝ː m ɑ
loon	ɫ oː n
loon	ɫ o̝ː n
loonna	ɫ oː nː
loonna	ɫ o̝ː n
loonnontiito	ɫ oː nː ŏ̞ n t iː t ŏ̞̥
loonnontiito	ɫ o̝ː nː o̞ n t iː d̥ o̞
loont	ɫ oː n t
loont	ɫ oː n ŭ d
loont	ɫ o̝ː n d̥
loonto	ɫ oː n t ŏ̞̥
loonto	ɫ o̝ː n d̥ o̞
looti	ɫ oː tʲ
looti	ɫ o̝ː d̥ i
lootin	ɫ oː tʲ ĭ n
lootin	ɫ o̝ː d̥ i n
looto	ɫ oː t ŏ̞̥
looto	ɫ o̝ː d̥ o̞
loottaa	ɫ oː tː ɑ
loottaa	ɫ o̝ː tː ɑː
loottiissa	ɫ oː tʲː i s̠ː
loottiissa	ɫ o̝ː tː iː ʃː ɑ
loovva	ɫ oː ʋː
loovva	ɫ o̝ː ʋː ɑ
loovve	ɫ oː ʋː
loovve	ɫ o̝ː ʋː e̞
lopettaa	ɫ o̞ b̥ e̞ˑ tː ɑː
lopettaa	ɫ o̞ p e̞ˑ tː ɑ
loppu	ɫ o̞ pː u
loppu	ɫ o̞ pː ŭ̥
loppua	ɫ o̞ pː o̞
loppua	ɫ o̞ pː u ɑ
loppukesä	ɫ o̞ pː u ɡ̊ e̞ ʒ̥ æˑ
loppukesä	ɫ o̞ pː ŭ k e̞ s̠ æˑ
lopputalvi	ɫ o̞ pː u d̥ ɑ ɫ ʋ i
lopputalvi	ɫ o̞ pː ŭ t ɑ ɫ ʋʲ
lopulaulu	ɫ o̞ b̥ uˑ ɫ ɑ u̯ ɫ u
lopulaulu	ɫ o̞ p uˑ ɫ ɑ u̯ ɫ ŭ̥
loru	ɫ o̞ r uˑ
loukata	ɫ o̞ u̯ k ə t
loukata	ɫ o̞ u̯ ɡ̊ ɑ d̥ ɑ
loukku	ɫ o̞ u̯ kː u
loukku	ɫ o̞ u̯ kː ŭ̥
loukkulain	ɫ o̞ u̯ kː u ɫ ɑ i̯ n
loukkulain	ɫ o̞ u̯ kː ŭ ɫ ə i̯ n
loukuin	ɫ o̞ u̯ k u i̯ n
loukuin	ɫ o̞ u̯ k ŭ i̯ n
loukuta	ɫ o̞ u̯ k ŭ t
loukuta	ɫ o̞ u̯ ɡ̊ u d̥ ɑ
loukuttaa	ɫ o̞ u̯ k ə tː ɑ
loukuttaa	ɫ o̞ u̯ ɡ̊ u tː ɑː
lounain	ɫ o̞ u̯ n ɑ i̯ n
lounain	ɫ o̞ u̯ n ə i̯ n
lounat	ɫ o̞ u̯ n ɑ d̥
lounat	ɫ o̞ u̯ n ə d
lounattaa	ɫ o̞ u̯ n ɑ tː ɑː
lounattaa	ɫ o̞ u̯ n ə tː ɑ
lounattaissa	ɫ o̞ u̯ n ɑ t t ɑ i̯ ʃː ɑ
lounattaissa	ɫ o̞ u̯ n ə tː ə s̠ː
lounattuuli	ɫ o̞ u̯ n ɑ t t uː l i
lounattuuli	ɫ o̞ u̯ n ə t t uː lʲ
lovata	ɫ o̞ ʋ ɑˑ d̥ ɑ
lovata	ɫ o̞ ʋ ɑˑ t
lovi	ɫ o̞ ʋ iˑ
lovine	ɫ o̞ ʋ iˑ n
lovine	ɫ o̞ ʋˑ iː n e̞
lovittaa	ɫ o̞ ʋ iˑ tː ɑ
lovittaa	ɫ o̞ ʋ iˑ tː ɑː
lucikkain	ɫ u t͡ʃ iˑ kː ɑ i̯ n
lucikkain	ɫ u t͡ʃ iˑ kː ə i̯ n
lucikkaismoru	ɫ u t͡ʃ iˑ kː ɑ i̯ z̠ m o̞ r uˑ
lucikkaismoru	ɫ u t͡ʃ iˑ kː ɑ i̯ ʒ m o̞ r uˑ
luetella	ɫ u e̞ˑ d̥ e̞ ɫː ɑ
luetella	ɫ u e̞ˑ t e̞ ɫː
luettaa	ɫ u e̞ˑ tː ɑ
luettaa	ɫ u e̞ˑ tː ɑː
luhka	ɫ u x k
luhka	ɫ u x k ɑ
luhta	ɫ u h t
luhta	ɫ u h t ɑ
luhti	ɫ u h t i
luhti	ɫ u h tʲ
luikata	ɫ u i̯ k ə t
luikata	ɫ u i̯ ɡ̊ ɑ d̥ ɑ
luikkaa	ɫ u i̯ kː ɑ
luikkaa	ɫ u i̯ kː ɑː
luikkamus	ɫ u i̯ kː ɑ m u ʒ̥
luikkamus	ɫ u i̯ kː ə m ŭ z̠
luikko	ɫ u i̯ kː o̞ i̯
luikko	ɫ u i̯ kː ŏ̞̥
luin	ɫ u i̯ n
luisata	ɫ u i̯ s̠ ə t
luisata	ɫ u i̯ ʒ̥ ɑ d̥ ɑ
luiska	ɫ u i̯ s̠ k
luiska	ɫ u i̯ ʃ k ɑ
luiskakivi	ɫ u i̯ s̠ k ə k i ʋ iˑ
luiskakivi	ɫ u i̯ ʃ k ɑ ɡ̊ i ʋ iˑ
lukija	ɫ u k i j
lukija	ɫ u kˑ iː j ɑ
lukkia	ɫ u kː e̞
lukkia	ɫ u kˑ i ɑ
lukku	ɫ u kː u
lukku	ɫ u kː ŭ̥
luku	ɫ u k uˑ
luku	ɫ u ɡ̊ uˑ
lumi	ɫ u m iˑ
lumihanki	ɫ u m iˑ h ɑ ŋ kʲ
lumihanki	ɫ u m iˑ ɣ̥ ɑ ŋ ɡ̊ i
lumihiutale	ɫ u m iˑ h i u̯ t ɑ ɫ e̞
lumihiutale	ɫ u m iˑ h i u̯ t ə ɫ
lumiin	ɫ u m iˑ n
lumiin	ɫ u mˑ iː n
lumikaakka	ɫ u m iˑ k ɑː kː
lumikaakka	ɫ u m iˑ k ɑː kː ɑ
lumikukka	ɫ u m iˑ k u kː
lumikukka	ɫ u m iˑ ɡ̊ u kː ɑ
lumikulvehto	ɫ u m iˑ k u ɫ ʋ ə h t ŏ̞̥
lumikulvehto	ɫ u m iˑ ɡ̊ u ɫ ʋ e̞ h t o̞
lumimees	ɫ u m iˑ m eː z̠
lumimees	ɫ u m iˑ m e̝ː ʒ̥
lumimäki	ɫ u m iˑ m æ k iˑ
lumimäki	ɫ u m iˑ m æ ɡ̊ iˑ
lumipallo	ɫ u m iˑ b̥ ɑ ɫː o̞
lumipallo	ɫ u m iˑ p ɑ ɫː ŏ̞̥
lumipamppu	ɫ u m iˑ b̥ ɑ m pː u
lumipamppu	ɫ u m iˑ p ɑ m pː ŭ̥
lumipyry	ɫ u m iˑ b̥ y r yˑ
lumipyry	ɫ u m iˑ p y r yˑ
lumisää	ɫ u m iˑ s̠ æː
lumisää	ɫ u m iˑ ʃ æː
lumitormi	ɫ u m iˑ d̥ o̞ r m i
lumitormi	ɫ u m iˑ t o̞ r mʲ
lumituisku	ɫ u m iˑ t u i̯ s̠ k ŭ̥
lumituisku	ɫ u m iˑ t u i̯ ʃ k u
lumiukko	ɫ u m iˑ u kː o̞
lumiukko	ɫ u m iˑ u kː ŏ̞̥
lummata	ɫ u mː ɑ d̥ ɑ
lummata	ɫ u mː ə t
lunassus	ɫ u n ɑˑ s̠ː ŭ z̠
lunassus	ɫ u n ɑˑ ʃː u ʒ̥
lunastaa	ɫ u n ɑˑ s̠ t ɑ
lunastaa	ɫ u n ɑˑ ʃ t ɑː
lunata	ɫ u n ɑˑ d̥ ɑ
lunata	ɫ u n ɑˑ t
lunt	ɫ u n d̥
lunt	ɫ u n t
lunta	ɫ u n d̥ ɑ
lunta	ɫ u n t
lupa	ɫ u b̥ ɑˑ
lupa	ɫ u p ɑˑ
lupaus	ɫ u b̥ ɑˑ u ʒ̥
lupaus	ɫ u p ɑˑ ŭ z̠
lusikalliin	ɫ u s̠ iˑ k ɑ lʲː ĭ n
lusikalliin	ɫ u ʒ̥ iˑ ɡ̊ ɑ lː iː n
lusikka	ɫ u s̠ iˑ kː
lusikka	ɫ u ʒ̥ iˑ kː ɑ
lusikkain	ɫ u s̠ iˑ kː ə i̯ n
lusikkain	ɫ u ʒ̥ iˑ kː ɑ i̯ n
lusikkarooka	ɫ u s̠ iˑ kː ɑ r oː k
lusikkarooka	ɫ u ʒ̥ iˑ kː ɑ r o̝ː ɡ̊ ɑ
lusti	ɫ u s̠ tʲ
lusti	ɫ u ʃ t i
luta	ɫ u d̥ ɑˑ
luta	ɫ u t ɑˑ
lutistaa	ɫ u d̥ iˑ ʃ t ɑː
lutistaa	ɫ u t iˑ s̠ t ɑ
luu	ɫ uː
luukas	ɫ uː k ə z̠
luukas	ɫ uː ɡ̊ ɑ ʒ̥
luun	ɫ u uˑ n
luun	ɫ uː n
luuta	ɫ uː d̥ ɑ
luuta	ɫ uː t
luvata	ɫ u ʋ ɑˑ d̥ ɑ
luvata	ɫ u ʋ ɑˑ t
lyhe	l y ɣ̥ e̞ˑ
lyhe	lʲ y h e̞ˑ
lyhentyä	l y ɣ̥ e̞ˑ n d̥ y æˑ
lyhentyä	lʲ y h e̞ˑ n t y æˑ
lyhentää	l y ɣ̥ e̞ˑ n d̥ æː
lyhentää	lʲ y h e̞ˑ n t æ
lyhhyemp	l y xˑ y e̞ m b̥
lyhhyemp	lʲ y xː ø̞ m pʲ
lyhhyys	l y xˑ yː ʒ̥
lyhhyys	lʲ y xː y z̠
lyhykkäin	l y ɣ̥ yˑ kː æ i̯ n
lyhykkäin	lʲ y h yˑ kː ə i̯ n
lyhyt	l y ɣ̥ yˑ d̥
lyhyt	lʲ y h yˑ d
lyhytväliin	l y ɣ̥ yˑ d ʋ æ lʲˑ iː n
lyhytväliin	lʲ y h yˑ d ʋ æ lʲ iˑ n
lykky	l y kː y
lykky	lʲ y kː y̥̆
lykkähys	l y kː æ ɣ̥ y ʒ̥
lykkähys	lʲ y kː ə h y̆ z̠
lykätä	l y ɡ̊ æˑ d̥ æ
lykätä	lʲ y k æˑ t
lypsylehmä	l y p ʃ y l e̞ ɣ̥ m æ
lypsylehmä	lʲ y p s̠ y̆ lʲ e̞ h m
lypsäjä	l y p ʃ æ j æ
lypsäjä	lʲ y p s̠ ə i̯
lypsää	lʲ y p s̠ æ
lypsää	lʲ y p ʃ æː
lypsö	l y p ʃ ø̞
lypsö	lʲ y p s̠ ø̞̥̆
lysi	l y ʒ̥ iˑ
lysi	lʲ y s̠ iˑ
lähe	l æ ɣ̥ e̞ˑ
lähe	lʲ æ h e̞ˑ
lähettää	l æ ɣ̥ e̞ˑ tː æː
lähettää	lʲ æ h e̞ˑ tː æ
lähtemä	l æ h t e̞ m æ
lähtemä	lʲ æ h t e̞ m
lähtiisvers	l æ h t iː ʒ ʋ e̞ r ʒ̥
lähtiisvers	lʲ æ h t i z̠ ʋ e̞ r z̠
lähtiä	l æ h t i æ
lähtiä	lʲ æ h t e̞
lähtämä	l æ h t æ m æ
lähtämä	lʲ æ h t ə m
lähtömä	l æ h t ø̞ m æ
lähtömä	lʲ æ h t ø̞̆ m
läkkämys	l æ kː æ m y ʒ̥
läkkämys	lʲ æ kː ə m y̆ z̠
läkkämyskeeli	l æ kː æ m y ʃ k e̝ː lʲ i
läkkämyskeeli	lʲ æ kː ə m y s̠ k eː lʲ
läkkäämiin	l æ kˑ æː m iː n
läkkäämiin	lʲ æ kː æ m i n e̞ˑ
läkkäämisjutto	l æ kˑ æː m i ʒ j u tː o̞
läkkäämisjutto	lʲ æ kː æ m i z̠ j u tː ŏ̞̥
läksy	l æ k ʃ y
läksy	lʲ æ k s̠ y̥̆
läkäellä	l æ ɡ̊ æˑ e̞ lː æ
läkäellä	lʲ æ k æˑ e̞ lʲː
lämmetä	l æ mː e̞ d̥ æ
lämmetä	lʲ æ mː e̞ t
lämmike	l æ mː i ɡ̊ e̞
lämmike	lʲ æ mː ĭ k
lämmin	lʲ æ mː i n
lämmin	lʲ æ mː ĭ n
lämmitellä	l æ mː i d̥ e̞ lː æ
lämmitellä	lʲ æ mː ə t e̞ lʲː
lämmittää	l æ mː i tː æː
lämmittää	lʲ æ mː ə tː æ
lämmitä	l æ mː i d̥ æ
lämmitä	lʲ æ mː ĭ t
lämmitös	l æ mː i d̥ ø̞ ʒ̥
lämmitös	lʲ æ mː ĭ t ø̞̆ z̠
lämmää	lʲ æ mː æ
lämmää	lʲ æ mː æː
länget	l æ ŋ ɡ̊ e̞ d̥
länget	lʲ æ ŋ ɡ e̞ d
läns	l æ n ʒ̥
läns	lʲ æ n s̠ʲ
länsilounat	l æ n ʒ̥ i ɫ o̞ u̯ n ɑ d̥
länsilounat	lʲ æ n s̠ ĭ ɫ o̞ u̯ n ə d
länspohja	l æ n ʃ p o̞ ɣ̥ j ɑ
länspohja	lʲ æ n s̠ p o̞ h i
läpi	lʲ æ b̥ iˑ
läpi	lʲ æ p iˑ
läpituuli	l æ b̥ iˑ t uː l i
läpituuli	lʲ æ p iˑ t uː lʲ
läsivä	l æ ʃˑ iː ʋ æ
läsivä	lʲ æ s̠ iˑ ʋ
lässiä	l æ ʃˑ i æ
lässiä	lʲ æ s̠ː e̞
läsy	l æ ʒ̥ yˑ
läsy	lʲ æ s̠ yˑ
lätikkä	l æ d̥ iˑ kː æ
lätikkä	lʲ æ tʲ iˑ kː
läätä	l æ æˑ d̥ æ
läätä	lʲ æ æˑ t
läävä	lʲ æː ʋ
läävä	lʲ æː ʋ æ
löyhyttää	l ø̞ y̯ ɣ̥ y tː æː
löyhyttää	lʲ ø̞ y̯ h ə tː æ
löyly	l ø̞ y̯ l y
löyly	lʲ ø̞ y̯ lʲ y̥̆
löytyä	l ø̞ y̯ t y æ
löytyä	lʲ ø̞ y̯ tʲ ø̞
löytää	lʲ ø̞ y̯ t æ
löytää	lʲ ø̞ y̯ t æː
löövvä	l y ʋː æ ɡ̊
löövvä	l ø̝ː æ ɡ̊
löövvä	l ø̝ː ʋː æ
löövvä	lʲ y ʋː
maa	m ɑː
maackalehti	m ɑː t͡ʃ k ɑ l e̞ h t i
maackalehti	m ɑː t͡ʃ k ə lʲ e̞ h tʲ
maahaltias	m ɑː h ɑ ɫ tʲ e̞ z̠
maahaltias	m ɑː ɣ̥ ɑ ɫ t i ɑ ʒ̥
maaheinä	m ɑː h e̞ i̯ n
maaheinä	m ɑː h e̞ i̯ n æ
maaherra	m ɑː h e̞ rː
maaherra	m ɑː ɣ̥ e̞ rː ɑ
maahiin	m ɑː h iː n
maahiin	m ɑː h ĭ n
maailma	m ɑː i ɫ m
maailma	m ɑː i ɫ m ɑ
maailman	m ɑː i ɫ m ɑ n
maailman	m ɑː i ɫ m ə n
maakangas	m ɑː k ɑ ŋ ɡ ə z̠
maakangas	m ɑː ɡ̊ ɑ ŋ ɡ̊ ɑ ʒ̥
maakas	m ɑː k ə z̠
maakas	m ɑː ɡ̊ ɑ ʒ̥
maakerves	m ɑː k e̞ r ʋ e̞ z̠
maakerves	m ɑː ɡ̊ e̞ r ʋ e̞ ʒ̥
maakimalain	m ɑː k i m ɑˑ ɫ ə i̯ n
maakimalain	m ɑː ɡ̊ i m ɑˑ ɫ ɑ i̯ n
maakkoin	m ɑː kː o̞ i̯ n
maakkoin	m ɑː kː ŏ̞ i̯ n
maakoma	m ɑː k o̞ m ɑˑ
maakoma	m ɑː ɡ̊ o̞ m ɑˑ
maali	m ɑː l i
maali	m ɑː lʲ
maamees	m ɑː m eː z̠
maamees	m ɑː m e̝ː ʒ̥
maamuna	m ɑː m u n ɑˑ
maamunakookka	m ɑː m u n ɑˑ k oː kː
maamunakookka	m ɑː m u n ɑˑ k o̝ː kː ɑ
maamunakooppa	m ɑː m u n ɑ k o̝ː pː ɑ
maamunakooppa	m ɑː m ə n ɑ k oː pː
maamunamerta	m ɑː m u n ɑˑ m e̞ r d̥ ɑ
maamunamerta	m ɑː m u n ɑˑ m e̞ r t
maamunapumppu	m ɑː m u n ɑˑ b̥ u m pː u
maamunapumppu	m ɑː m u n ɑˑ p u m pː ŭ̥
maamunavelli	m ɑː m u n ɑ ʋ e̞ lʲː i
maamunavelli	m ɑː m ə n ɑ ʋ e̞ lʲː
maamygrä	m ɑː m y ɡ r
maamygrä	m ɑː m y ɡ̊ r æ
maanalain	m ɑː n ɑ ɫ ɑ i̯ n
maanalain	m ɑː n ɑ ɫː ɑ i̯ n
maanalain	m ɑː n ɑ ɫˑ ɑ i̯ n
maaniitty	m ɑː n iː tʲː y̥̆
maaniitty	m ɑː n iː tː y
maanlehti	m ɑː n l e̞ h t i
maanlehti	m ɑː n lʲ e̞ h tʲ
maanpääliin	m ɑː m p æː lʲ iː n
maanpääliin	m ɑː m p æː lʲ ĭ n
maanpäälys	m ɑː m p æː l y ʒ̥
maanpäälys	m ɑː m p æː lʲ y̆ z̠
maanselkä	m ɑː n s̠ e̞ lʲ k
maanselkä	m ɑː n ʒ̥ e̞ l ɡ̊ æ
maansyän	m ɑː n s̠ y æˑ n
maansyän	m ɑː n ʃ y æˑ n
maantaki	m ɑː n d̥ ɑ ɡ̊ iˑ
maantaki	m ɑː n t ɑ k iˑ
maantee	m ɑː n t eː
maantee	m ɑː n t e̝ː
maanšaara	m ɑː n ʃ ɑː r
maanšaara	m ɑː n ʃ ɑː r ɑ
maaomena	m ɑː o̞ m e̞ˑ n
maaomena	m ɑː o̞ mˑ e̝ː n ɑ
maapaikka	m ɑː p ɑ i̯ kː
maapaikka	m ɑː p ɑ i̯ kː ɑ
maapala	m ɑː b̥ ɑ ɫ ɑˑ
maapala	m ɑː p ɑ ɫ ɑˑ
maaporoda	m ɑː b̥ o̞ rˑ o̝ː d̥ ɑ
maaporoda	m ɑː p o̞ r o̞ˑ d
maapäähkänä	m ɑː p æː x k æ n æ
maapäähkänä	m ɑː p æː x k ə n
maapökkö	m ɑː b̥ ø̞ kː ø̞ i̯
maapökkö	m ɑː p ø̞ kː ø̞̥̆
maariankoivu	m ɑː r e̞ ŋ k o̞ i̯ ʋ ŭ̥
maariankoivu	m ɑː r i ɑ ŋ k o̞ i̯ ʋ u
maarilauta	m ɑː r i ɫ ɑ u̯ d̥ ɑ
maarilauta	m ɑː r ĭ ɫ ɑ u̯ t
maarit	m ɑː r i d̥
maarit	m ɑː r ĭ d
maarot	m ɑː r o̞ i̯ d̥
maarot	m ɑː r ŏ̞ d
maasavi	m ɑː s̠ ɑ ʋ iˑ
maasavi	m ɑː ʒ̥ ɑ ʋ iˑ
maasipuli	m ɑː s̠ i p uˑ lʲ
maasipuli	m ɑː ʒ̥ i pˑ uː l i
maasloja	m ɑː s̠ ɫ o̞ j ɑˑ
maasloja	m ɑː ʒ̥ ɫ o̞ j ɑˑ
maasteri	m ɑː s̠ t e̞ rʲ
maasteri	m ɑː ʃ t e̞ r i
maasteroittaa	m ɑː s̠ t ə r o̞ i̯ tː ɑ
maasteroittaa	m ɑː ʃ t e̞ r o̞ i̯ tː ɑː
maata	m ɑ ɑˑ d̥ ɑ
maata	m ɑ ɑˑ t
maata	m ɑː d̥ ɑ
maata	m ɑː t
maatalohus	m ɑː d̥ ɑ ɫ o̞ˑ iˑ ɣ̥ u ʒ̥
maatalohus	m ɑː t ɑ ɫ o̞ˑ h ŭ z̠
maatalohusprodukta	m ɑː d̥ ɑ ɫ o̞ˑ iˑ ɣ̥ u ʃ p r o̞ d̥ uˑ k t ɑ
maatalohusprodukta	m ɑː t ɑ ɫ o̞ˑ h u s̠ p r o̞ d uˑ k t
maatrenki	m ɑː d̥ r e̞ ŋ ɡ̊ i
maatrenki	m ɑː t r e̞ ŋ kʲ
maatsalehti	m ɑː t͡s ɑ l e̞ h t i
maatsalehti	m ɑː t͡s̠ ə lʲ e̞ h tʲ
maattuška	m ɑː tː u ʃ k ɑ
maattuška	m ɑː tː ŭ ʃ k
maatöö	m ɑː t øː
maatöö	m ɑː t ø̝ː
maavehnä	m ɑː ʋ e̞ h n
maavehnä	m ɑː ʋ e̞ ɣ̥ n æ
maazi	m ɑː z̠ʲ
maazi	m ɑː ʒ̥ i
mae	m ɑ e̞ˑ
mahla	m ɑ h ɫ
mahla	m ɑ ɣ̥ ɫ ɑ
mahlain	m ɑ h ɫ ə i̯ n
mahlain	m ɑ ɣ̥ ɫ ɑ i̯ n
mahlakas	m ɑ h ɫ ə k ə z̠
mahlakas	m ɑ ɣ̥ ɫ ɑ ɡ̊ ɑ ʒ̥
maho	m ɑ h o̞ˑ
maho	m ɑ ɣ̥ o̞ˑ
mahomettiläin	m ɑ h o̞ˑ m e̞ tʲː ĭ lʲ ə i̯ n
mahomettiläin	m ɑ ɣ̥ o̞ˑ m e̞ tː i l æ i̯ n
mahopilvi	m ɑ h o̞ˑ p i lʲ ʋʲ
mahopilvi	m ɑ ɣ̥ o̞ˑ b̥ i l ʋ i
mahorkka	m ɑ h o̞ˑ r kː
mahorkka	m ɑ ɣ̥ o̞ˑ r kː ɑ
mahtaa	m ɑ h t ɑ
mahtaa	m ɑ h t ɑː
mahtua	m ɑ h t o̞
mahtua	m ɑ h t u ɑ
mahutella	m ɑ h uˑ t e̞ ɫː
mahutella	m ɑ ɣ̥ uˑ d̥ e̞ ɫː ɑ
mahuttaa	m ɑ h uˑ tː ɑ
mahuttaa	m ɑ ɣ̥ uˑ tː ɑː
mai	m ɑ i̯
maijokas	m ɑ i̯ j o̞ ɡ̊ ɑ ʒ̥
maijokas	m ɑ i̯ j ŏ̞ k ə z̠
maijonvaahto	m ɑ i̯ j o̞ n ʋ ɑː h t o̞
maijonvaahto	m ɑ i̯ j ŏ̞ n ʋ ɑː h t ŏ̞̥
mailma	m ɑ i̯ ɫ m
mailma	m ɑ i̯ ɫ m ɑ
maina	m ɑ i̯ n
maina	m ɑ i̯ n ɑ
mainia	m ɑ i̯ n e̞
mainia	m ɑ i̯ n i ɑ
mainita	m ɑ i̯ n i d̥ ɑ
mainita	m ɑ i̯ n ĭ t
maissella	m ɑ i̯ s̠ː e̞ ɫː
maissella	m ɑ i̯ ʃː e̞ ɫː ɑ
maistaa	m ɑ i̯ s̠ t ɑ
maistaa	m ɑ i̯ ʃ t ɑː
maistaissa	m ɑ i̯ ʃ t ɑ i̯ ʃː ɑ
maistaissa	m ɑ s̠ t ə i̯ s̠ː
maistua	m ɑ i̯ s̠ t o̞
maistua	m ɑ i̯ ʃ t u ɑ
maito	m ɑ i̯ d̥ o̞
maito	m ɑ i̯ t ŏ̞̥
maitohammas	m ɑ i̯ d̥ o̞ ɣ̥ ɑ mː ɑ ʒ̥
maitohammas	m ɑ i̯ t ŏ̞ h ɑ mː ə z̠
maitokukka	m ɑ i̯ d̥ o̞ ɡ̊ u kː ɑ
maitokukka	m ɑ i̯ t ŏ̞ k u kː
maitomuru	m ɑ i̯ d̥ o̞ m u r uˑ
maitomuru	m ɑ i̯ t ŏ̞ m u r uˑ
maitopata	m ɑ i̯ d̥ o̞ b̥ ɑ d̥ ɑˑ
maitopata	m ɑ i̯ t ŏ̞ p ɑ t ɑˑ
maitosarvi	m ɑ i̯ d̥ o̞ ʒ̥ ɑ r ʋ i
maitosarvi	m ɑ i̯ t ŏ̞ s̠ ɑ r ʋʲ
maitosooni	m ɑ i̯ d̥ o̞ ʃ o̝ː n i
maitosooni	m ɑ i̯ t ŏ̞ s̠ oː nʲ
maitouuttu	m ɑ i̯ d̥ o̞ uː tː u
maitouuttu	m ɑ i̯ t o̞ uː tː ŭ̥
maitovarsa	m ɑ i̯ d̥ o̞ ʋ ɑ r ʒ̥ ɑ
maitovarsa	m ɑ i̯ t ŏ̞ ʋ ɑ r s̠
maitse	m ɑ i̯ t͡s e̞
maitse	m ɑ i̯ t͡s̠
maja	m ɑ j ɑˑ
majamees	m ɑ j ɑˑ m eː z̠
majamees	m ɑ j ɑˑ m e̝ː ʒ̥
makjas	m ɑ ɡ j ə z̠
makjas	m ɑ ɡ̊ j ɑ ʒ̥
makjaspers	m ɑ ɡ j ə s̠ p e̞ r z̠
makjaspers	m ɑ ɡ̊ j ɑ ʃ p e̞ r ʒ̥
makjassella	m ɑ ɡ j ə s̠ː e̞ ɫː
makjassella	m ɑ ɡ̊ j ɑ ʃ ʃ e̞ ɫː ɑ
makkara	m ɑ kː ɑ r ɑ
makkara	m ɑ kː ə r
makkia	m ɑ kː e̞
makkia	m ɑ kˑ i ɑ
makkiataikina	m ɑ kː e̞ t ɑ i̯ k ĭ n
makkiataikina	m ɑ kˑ i ɑ t ɑ i̯ k i n ɑ
maklakka	m ɑ ɡ ɫ ə kː
maklakka	m ɑ ɡ̊ ɫ ɑ kː ɑ
mako	m ɑ k o̞ˑ
mako	m ɑ ɡ̊ o̞ˑ
makoitos	m ɑ k o̞ i̯ t ŏ̞ z̠
makoitos	m ɑ kˑ o̞ i̯ d̥ o̞ ʒ̥
makoitospaikka	m ɑ kː ŏ̞ t o̞ s̠ p ɑ i̯ kː
makoitospaikka	m ɑ kˑ o̞ i̯ d̥ o̞ ʃ p ɑ i̯ kː ɑ
makoittaa	m ɑ k o̞ i̯ tː ɑ
makoittaa	m ɑ kˑ o̞ i̯ tː ɑː
maksa	m ɑ k s̠
maksa	m ɑ k ʃ ɑ
maksaa	m ɑ k s̠ ɑ
maksaa	m ɑ k ʃ ɑː
makso	m ɑ k s̠ ŏ̞̥
makso	m ɑ k ʃ o̞
maku	m ɑ k uˑ
maku	m ɑ ɡ̊ uˑ
makuin	m ɑ k u i̯ n
makuin	m ɑ kˑ u i̯ n
makuisa	m ɑ k u i̯ s̠
makuisa	m ɑ kˑ u i̯ ʒ̥ ɑ
malikakku	m ɑ l iˑ ɡ̊ ɑ kː u
malikakku	m ɑ lʲ iˑ k ɑ kː ŭ̥
malitva	m ɑ l iˑ d̥ ʋ ɑ
malitva	m ɑ lʲ iˑ d ʋ
malja	m ɑ lʲ j ɑ
malja	m ɑ lʲː
maljakakku	m ɑ lʲ j ɑ ɡ̊ ɑ kː u
maljakakku	m ɑ lʲː ə k ɑ kː ŭ̥
malketa	m ɑ ɫ k e̞ t
malketa	m ɑ ɫ ɡ̊ e̞ d̥ ɑ
mallas	m ɑ ɫː ɑ ʒ̥
mallas	m ɑ ɫː ə z̠
mama	m ɑ m ɑˑ
mammata	m ɑ mː ɑ d̥ ɑ
mammata	m ɑ mː ə t
manaella	m ɑ n ɑˑ e̞ ɫː
manaella	m ɑ n ɑˑ e̞ ɫː ɑ
manahka	m ɑ n ɑˑ x k
manahka	m ɑ n ɑˑ x k ɑ
manasteri	m ɑ n ɑˑ s̠ t e̞ r iˑ
manasteri	m ɑ n ɑˑ ʃ t e̞ r iˑ
manata	m ɑ n ɑˑ d̥ ɑ
manata	m ɑ n ɑˑ t
manaška	m ɑ n ɑˑ ʃ k
manaška	m ɑ n ɑˑ ʃ k ɑ
mancikka	m ɑ n t͡s̠ ĭ kː
mancikka	m ɑ n t͡ʃ i kː ɑ
mancikkain	m ɑ n t͡s̠ ĭ kː ə i̯ n
mancikkain	m ɑ n t͡ʃ i kː ɑ i̯ n
manitella	m ɑ n iˑ d̥ e̞ ɫː ɑ
manitella	m ɑ n iˑ t e̞ ɫː
manju	m ɑ ɲ uˑ
mankua	m ɑ ŋ k o̞
mankua	m ɑ ŋ k u ɑ
manna	m ɑ nː
manna	m ɑ nː ɑ
mannasuurima	m ɑ nː ɑ ʃ uː r i m ɑ
mannasuurima	m ɑ nː ə s̠ uː r ĭ m
mantere	m ɑ n t e̞ r
mantere	m ɑ n t e̞ r e̞
mantu	m ɑ n d̥ u
mantu	m ɑ n t ŭ̥
maokas	m ɑ o̞ˑ k ə z̠
maokas	m ɑ o̞ˑ ɡ̊ ɑ ʒ̥
maonkotain	m ɑ o̞ˑ ŋ k o̞ t ɑ i̯ n
maonkotain	m ɑ o̞ˑ ŋ ɡ̊ o̞ tˑ ɑ i̯ n
marakatti	m ɑ r ɑˑ k ə tʲː
marakatti	m ɑ r ɑˑ ɡ̊ ɑ tː i
marha	m ɑ r h
marha	m ɑ r ɣ̥ ɑ
marja	m ɑ r i
marja	m ɑ r j ɑ
marjakas	m ɑ r j ɑ ɡ̊ ɑ ʒ̥
marjakas	m ɑ r j ə k ə z̠
marjakärkkä	m ɑ r j ɑ ɡ̊ æ r kː æ
marjakärkkä	m ɑ r j ə k æ r kː
marjakönkörä	m æ d̥ æˑ ʃ k ø̞ ŋ ɡ̊ ø̞ r æ
marjakönkörä	m æ t æˑ s̠ k ø̞ ŋ k ø̞̆ r
marjamerta	m ɑ r j ɑ m e̞ r d̥ ɑ
marjamerta	m ɑ r j ə m e̞ r t
marjapehko	m ɑ r j ɑ b̥ e̞ x k o̞
marjapehko	m ɑ r j ə p e̞ x k ŏ̞̥
marjasaadu	m ɑ r j ɑ ʃ ɑː d̥ u
marjasaadu	m ɑ r j ə s̠ ɑː d ŭ̥
marjavars	m ɑ r j ɑ ʋ ɑ r ʒ̥
marjavars	m ɑ r j ə ʋ ɑ r s̠ʲ
marjavesi	m ɑ r j ɑ ʋ e̞ ʒ̥ iˑ
marjavesi	m ɑ r j ə ʋ e̞ s̠ iˑ
marjaviina	m ɑ r j ɑ ʋ iː n ɑ
marjaviina	m ɑ r j ə ʋ iː n
marjukkain	m ɑ r j u kː ɑ i̯ n
marjukkain	m ɑ r j ŭ kː ə i̯ n
markittana	m ɑ r k ĭ t t ɑ n ɑˑ
markittana	m ɑ r ɡ̊ i t t ɑ n ɑˑ
markkinat	m ɑ r kː i n ɑ d̥
markkinat	m ɑ r kː ĭ n ə d
marli	m ɑ r l i
marli	m ɑ r lʲ
martti	m ɑ r tʲː
martti	m ɑ r tː i
marttikuu	m ɑ r tʲː ĭ k uː
marttikuu	m ɑ r tː i k uː
masterskoi	m ɑ s̠ t ə r s̠ k ŏ̞̥
masterskoi	m ɑ ʃ t e̞ r ʃ k o̞ i̯
masti	m ɑ s̠ tʲ
masti	m ɑ ʃ t i
masštaaba	m ɑ s̠ ʃ t ɑ b
masštaaba	m ɑ ʃ ʃ t ɑː b̥ ɑ
matala	m ɑ t ɑˑ ɫ
matala	m ɑ tˑ ɑː ɫ ɑ
matalain	m ɑ d̥ ɑˑ ɫ ɑ i̯ n
matalain	m ɑ t ɑˑ ɫ ə i̯ n
matalaisest	m ɑ d̥ ɑˑ ɫ ɑ i̯ ʒ̥ e̝ː ʃ t
matalaisest	m ɑ t ɑˑ ɫ ɑ i̯ s̠ e̞ s̠ t
matalikko	m ɑ d̥ ɑˑ l i kː o̞ i̯
matalikko	m ɑ t ɑˑ lʲ i kː ŏ̞̥
matalus	m ɑ t ɑˑ ɫ ŭ z̠
matalus	m ɑ tˑ ɑː ɫ u ʒ̥
matara	m ɑ t ɑˑ r
matara	m ɑ tˑ ɑː r ɑ
materiala	m ɑ d̥ e̞ˑ r i ɑˑ ɫ ɑ
materiala	m ɑ t e̞ˑ r i ɑˑ ɫ
matka	m ɑ t k
matka	m ɑ t k ɑ
matkalain	m ɑ t k ɑ ɫ ɑ i̯ n
matkalain	m ɑ t k ə ɫ ə i̯ n
matkapooli	m ɑ t k ɑ p o̝ː l i
matkapooli	m ɑ t k ə p oː lʲ
matkavene	m ɑ t k ɑ ʋ e̞ n e̞ˑ
matkavene	m ɑ t k ə ʋ e̞ n e̞ˑ
matkustaa	m ɑ t k u ʃ t ɑː
matkustaa	m ɑ t k ə s̠ t ɑ
matkut	m ɑ t k u d̥
matkut	m ɑ t k ŭ d
mato	m ɑ d̥ o̞ˑ
mato	m ɑ t o̞ˑ
matoheinä	m ɑ d̥ o̞ˑ h e̞ i̯ n æ
matoheinä	m ɑ t o̞ˑ h e̞ i̯ n
matokkain	m ɑ d̥ o̞ˑ kː ɑ i̯ n
matokkain	m ɑ t o̞ˑ kː ə i̯ n
matsaa	m ɑ t͡s ɑː
matsaa	m ɑ t͡s̠ ɑ
maukas	m ɑ uˑ k ə z̠
maukas	m ɑ uˑ ɡ̊ ɑ ʒ̥
maukku	m ɑ u̯ kː u
maukku	m ɑ u̯ kː ŭ̥
mašina	m ɑ ʃ iˑ n
mašina	m ɑ ʃˑ iː n ɑ
mašinista	m ɑ ʃ iˑ n ĭ s̠ t
mašinista	m ɑ ʒ̥ iˑ n i ʃ t ɑ
mašinistka	m ɑ ʃ iˑ n ĭ s̠ t k
mašinistka	m ɑ ʒ̥ iˑ n i ʃ t k ɑ
mašti	m ɑ ʃ t i
mašti	m ɑ ʃ tʲ
maštiin	m ɑ ʃ t iː n
maštiin	m ɑ ʃ tʲ ĭ n
meduza	m e̞ d uˑ z̠
meduza	m e̞ tˑ uː ʒ̥ ɑ
meebeli	m eː b e̞ lʲ
meebeli	m e̝ː b̥ e̞ lʲ i
meehensolmi	m eː h ə n s̠ o̞ ɫ mʲ
meehensolmi	m e̝ː ɣ̥ e̞ n ʒ̥ o̞ ɫ m i
meehusta	m eː h ŭ s̠ t
meehusta	m e̝ː ɣ̥ u ʃ t ɑ
meekka	m eː kː
meekka	m e̝ː kː ɑ
meekäs	m e̞ e̞ˑ k ə z̠
meekäs	m e̞ e̞ˑ ɡ̊ æ ʒ̥
meel	m eː lʲ
meel	m e̝ː l
meel	m e̞ e̞ˑ l
meel	m e̞ e̞ˑ lʲː
meelenlaaja	m eː lʲ ə n ɫ ɑː j
meelenlaaja	m e̝ː l e̞ n ɫ ɑː j ɑ
meeletöin	m eː lʲ ə t ø̞̆ i̯ n
meeletöin	m e̝ː l e̞ d̥ ø̞ i̯ n
meeli	m eː lʲ
meeli	m e̝ː lʲ i
meeltyä	m eː lʲ tʲ ø̞
meeltyä	m e̝ː l t y æ
meelövä	m eː lʲ ø̞̆ ʋ
meelövä	m e̝ː l ø̞ ʋ æ
mees	m eː z̠
mees	m e̝ː ʒ̥
mees	m e̞ e̞ˑ s̠ː
mees	m e̞ e̞ˑ ʒ̥
meeselokas	m eː z̠ e̞ ɫ o̞ˑ k ə z̠
meeselokas	m e̝ː ʒ e̞ ɫ o̞ˑ ɡ̊ ɑ ʒ̥
meeseläjä	m eː z̠ e̞ lʲ æ i̯
meeseläjä	m e̝ː ʒ e̞ lˑ æː j æ
meeskooma	m eː s̠ k oː m
meeskooma	m e̝ː ʃ k o̝ː m ɑ
meesrahvas	m eː z̠ r ɑ h ʋ ə z̠
meesrahvas	m e̝ː ʒ r ɑ ɣ̥ ʋ ɑ ʒ̥
meessuku	m eː s̠ s̠ u k uˑ
meessuku	m e̝ː ʃ ʃ u ɡ̊ uˑ
meest	m eː s̠ t
meest	m e̝ː ʃ t
meest	m e̞ e̞ˑ s̠ t
meest	m e̞ e̞ˑ ʃ t
meesta	m eː s̠ t
meesta	m e̝ː ʃ t ɑ
meestä	m eː s̠ t
meestä	m e̝ː ʃ t æ
meettiä	m eː tʲː e̞
meettiä	m e̝ː tː i æ
meglata	m e̞ ɡ ɫ ə t
meglata	m e̞ ɡ̊ ɫ ɑ d̥ ɑ
mehestyä	m e̞ h e̞ˑ s̠ tʲ y æˑ
mehestyä	m e̞ ɣ̥ e̞ˑ ʃ t y æˑ
mehetöin	m e̞ h e̞ˑ t ø̞̆ n
mehetöin	m e̞ ɣ̥ e̞ˑ d̥ ø̞ i̯ n
mehiläin	m e̞ h iˑ lʲ ə i̯ n
mehiläin	m e̞ ɣ̥ iˑ l æ i̯ n
mehiläispatsas	m e̞ h iˑ lʲ æ i̯ s̠ p ɑ t͡s̠ ə z̠
mehiläispatsas	m e̞ ɣ̥ iˑ l æ i̯ ʃ p ɑ t͡s ɑ ʒ̥
mehtää	m e̞ h t æ
mehtää	m e̞ h t æː
meihe	m e̞ i̯ h
meihe	m e̞ i̯ ɣ̥ e̞
meijen	m e̞ i̯ j e̞ n
meijet	m e̞ i̯ j e̞ d
meijet	m e̞ i̯ j e̞ d̥
meiks	m e̞ i̯ k s̠
meiks	m e̞ i̯ k ʃ
meikäläin	m e̞ i̯ k ə lʲ ə i̯ n
meikäläin	m e̞ i̯ ɡ̊ æ l æ i̯ n
meil	m e̞ i̯ lʲ
meil	m e̞ i̯ lʲː
meille	m e̞ i̯ lʲː
meille	m e̞ i̯ lʲː e̞
meilt	m e̞ i̯ lʲ d̥
meilt	m e̞ i̯ lʲ t
meinata	m e̞ i̯ n ɑ d̥ ɑ
meinata	m e̞ i̯ n ə t
meinnä	m e̞ i̯ n
meinnä	m e̞ i̯ nː
meis	m e̞ i̯ s̠ː
meis	m e̞ i̯ ʒ̥
meist	m e̞ i̯ s̠ t
meist	m e̞ i̯ ʃ t
meistari	m e̞ i̯ s̠ t ə rʲ
meistari	m e̞ i̯ ʃ t ɑ r i
meisteri	m e̞ i̯ s̠ t e̞ rʲ
meisteri	m e̞ i̯ ʃ t e̞ r i
meitä	m e̞ i̯ d̥ æ
meitä	m e̞ i̯ t
mekkiä	m e̞ kː e̞
mekkiä	m e̞ kː i æ
mekko	m e̞ kː o̞
mekko	m e̞ kː ŏ̞̥
mela	m e̞ ɫ ɑˑ
melkeen	m e̞ l k e̝ː n
melkeen	m e̞ lʲ k e̞ n
merenajo	m e̞ r e̞ˑ n ɑ j o̞ˑ
merennenä	m e̞ r e̞ˑ n n e̞ n æˑ
merennukka	m e̞ r e̞ˑ n n u kː
merennukka	m e̞ r e̞ˑ n n u kː ɑ
merenranta	m e̞ r e̞ˑ n r ɑ n d̥ ɑ
merenranta	m e̞ r e̞ˑ n r ɑ n t
merenvaahto	m e̞ r e̞ˑ n ʋ ɑː h t o̞
merenvaahto	m e̞ r e̞ˑ n ʋ ɑː h t ŏ̞̥
meri	m e̞ r iˑ
merielokas	m e̞ r iˑ e̞ ɫ o̞ˑ k ə z̠
merielokas	m e̞ r iˑ e̞ ɫ o̞ˑ ɡ̊ ɑ ʒ̥
meriglaisa	m e̞ r iˑ ɡ ɫ ɑ i̯ s̠
meriglaisa	m e̞ r iˑ ɡ̊ ɫ ɑ i̯ ʒ̥ ɑ
meriharakka	m e̞ r iˑ h ɑ r ɑˑ kː
meriharakka	m e̞ r iˑ ɣ̥ ɑ r ɑˑ kː ɑ
meriheinä	m e̞ r iˑ h e̞ i̯ n
meriheinä	m e̞ r iˑ h e̞ i̯ n æ
merihärkä	m e̞ r iˑ h æ r k
merihärkä	m e̞ r iˑ ɣ̥ æ r ɡ̊ æ
merijoršši	m e̞ r iˑ j o̞ r ʃʲː
merijoršši	m e̞ r iˑ j o̞ r ʃː i
merikarhu	m e̞ r iˑ k ɑ r uˑ
merikarhu	m e̞ r iˑ ɡ̊ ɑ r ɣ̥ u
merikrapu	m e̞ r iˑ k r ɑ p uˑ
merikrapu	m e̞ r iˑ ɡ̊ r ɑ b̥ uˑ
merimees	m e̞ r iˑ m eː z̠
merimees	m e̞ r iˑ m e̝ː ʒ̥
merinoora	m e̞ r iˑ n oː r
merinoora	m e̞ r iˑ n o̝ː r ɑ
merinootta	m e̞ r iˑ n oː tː
merinootta	m e̞ r iˑ n o̝ː tː ɑ
meriportta	m e̞ r iˑ b̥ o̞ r tː ɑ
meriportta	m e̞ r iˑ p o̞ r tː
merirooko	m e̞ r iˑ r oː k ŏ̞̥
merirooko	m e̞ r iˑ r o̝ː ɡ̊ o̞
merirooku	m e̞ r iˑ r oː k ŭ̥
merirooku	m e̞ r iˑ r o̝ː ɡ̊ u
merisavi	m e̞ r iˑ s̠ ɑ ʋ iˑ
merisavi	m e̞ r iˑ ʒ̥ ɑ ʋ iˑ
meritee	m e̞ r iˑ t eː
meritee	m e̞ r iˑ t e̝ː
meritse	m e̞ r iˑ t͡s e̞
meritse	m e̞ r iˑ t͡s̠
merituuli	m e̞ r iˑ t uː l i
merituuli	m e̞ r iˑ t uː lʲ
meritähti	m e̞ r iˑ d̥ æ h t i
meritähti	m e̞ r iˑ t æ h tʲ
merivesi	m e̞ r iˑ ʋ e̞ s̠ iˑ
merivesi	m e̞ r iˑ ʋ e̞ ʒ̥ iˑ
merivimpa	m e̞ r iˑ ʋ i m b̥ ɑ
merivimpa	m e̞ r iˑ ʋ i m p
merizveeri	m e̞ r iˑ z̠ ʋ eː rʲ
merizveeri	m e̞ r iˑ ʒ̥ ʋ e̝ː r i
merkitsömiin	m e̞ r k ĭ t͡s̠ ø̞ m iˑ n
merkitsömiin	m e̞ r ɡ̊ i t͡s ø̞ mˑ iː n
merkitty	m e̞ r k ə tʲː y̥̆
merkitty	m e̞ r ɡ̊ i tː y
merkitä	m e̞ r k ĭ t
merkitä	m e̞ r ɡ̊ i d̥ æ
merkitökselliin	m e̞ r k ĭ t ø̞ k s̠ ə lʲ lʲ i n e̞ˑ
merkitökselliin	m e̞ r ɡ̊ i d̥ ø̞ k ʃ e̞ lʲː iː n
merkitös	m e̞ r k i d̥ ø̞ ʒ̥
merkitös	m e̞ r k ĭ t ø̞̆ z̠
merkki	m e̞ r kʲː
merkki	m e̞ r kː i
mero	m e̞ r o̞ i̯
mero	m e̞ r o̞ˑ
merta	m e̞ r d̥ ɑ
merta	m e̞ r t
mertain	m e̞ r t ɑ i̯ n
mertain	m e̞ r t ə i̯ n
mertatovvi	m e̞ r d̥ ɑ d̥ o̞ ʋː i
mertatovvi	m e̞ r t ə t o̞ ʋʲː
mesi	m e̞ s̠ iˑ
mesi	m e̞ ʒ̥ iˑ
mesimarja	m e̞ s̠ iˑ m ɑ r i
mesimarja	m e̞ ʒ̥ iˑ m ɑ r j ɑ
mesipatsas	m e̞ s̠ iˑ p ɑ t͡s̠ ə z̠
mesipatsas	m e̞ ʒ̥ iˑ b̥ ɑ t͡s ɑ ʒ̥
mesto	m e̞ s̠ t ŏ̞̥
mesto	m e̞ ʃ t o̞
metla	m e̞ d ɫ
metla	m e̞ d̥ ɫ ɑ
meto	m e̞ d̥ o̞ˑ iˑ
meto	m e̞ t o̞ˑ
metra	m e̞ d r
metra	m e̞ d̥ r ɑ
metsikäs	m e̞ t͡s i ɡ̊ æ ʒ̥
metsikäs	m e̞ t͡s̠ ĭ k ə z̠
metsittyä	m e̞ t͡s i t t y æˑ
metsittyä	m e̞ t͡s̠ ĭ tʲ tʲ y æˑ
metso	m e̞ t͡s o̞ i̯
metso	m e̞ t͡s̠ ŏ̞̥
metsoin	m e̞ t͡s o̞ i̯ n
metsoin	m e̞ t͡s̠ ŏ̞ i̯ n
metsokana	m e̞ t͡s o̞ i̯ ɡ̊ ɑ n ɑˑ
metsokana	m e̞ t͡s̠ ŏ̞ k ɑ n ɑˑ
metsokukko	m e̞ t͡s o̞ i̯ ɡ̊ u kː o̞ i̯
metsokukko	m e̞ t͡s̠ ŏ̞ k u kː ŏ̞̥
metsä	m e̞ t͡s æ
metsä	m e̞ t͡s̠
metsäemä	m e̞ t͡s æ e̞ m æˑ
metsäemä	m e̞ t͡s̠ æ e̞ m æˑ
metsägolubi	m e̞ t͡s æ ɡ̊ o̞ ɫˑ uː b̥ i
metsägolubi	m e̞ t͡s̠ ə ɡ o̞ ɫ uˑ bʲ
metsähepoin	m e̞ t͡s æ ɣ̥ e̞ pˑ o̞ i̯ n
metsähepoin	m e̞ t͡s̠ ə h e̞ p o̞ i̯ n
metsäherra	m e̞ t͡s æ ɣ̥ e̞ rː ɑ
metsäherra	m e̞ t͡s̠ ə h e̞ rː
metsähiin	m e̞ t͡s æ h iː n
metsähiin	m e̞ t͡s̠ ə h i n e̞ˑ
metsäitse	m e̞ t͡s æ i̯ t͡s e̞
metsäitse	m e̞ t͡s̠ ə i̯ t͡s̠
metsäkarhu	m e̞ t͡s æ ɡ̊ ɑ r ɣ̥ u
metsäkarhu	m e̞ t͡s̠ ə k ɑ r uˑ
metsäkili	m e̞ t͡s æ ɡ̊ i l iˑ
metsäkili	m e̞ t͡s̠ ə k i lʲ iˑ
metsäkuha	m e̞ t͡s æ ɡ̊ u ɣ̥ ɑˑ
metsäkuha	m e̞ t͡s̠ ə k u h ɑˑ
metsälliin	m e̞ t͡s æ lʲː iː n
metsälliin	m e̞ t͡s̠ ə lʲ lʲ i n e̞ˑ
metsälucikkain	m e̞ t͡s æ ɫ u t͡ʃ iˑ kː ɑ i̯ n
metsälucikkain	m e̞ t͡s̠ ə ɫ u t͡ʃ iˑ kː ə i̯ n
metsäniitty	m e̞ t͡s æ n iː tː y
metsäniitty	m e̞ t͡s̠ ə n iː tʲː y̥̆
metsännukka	m e̞ t͡s æ n n u kː ɑ
metsännukka	m e̞ t͡s̠ ə n n u kː
metsännurkka	m e̞ t͡s æ n n u r kː ɑ
metsännurkka	m e̞ t͡s̠ ə n n u r kː
metsänpuu	m e̞ t͡s æ m p uː
metsänpuu	m e̞ t͡s̠ ə m p uː
metsäomena	m e̞ t͡s æ o̞ mˑ e̝ː n ɑ
metsäomena	m e̞ t͡s̠ æ o̞ m e̞ˑ n
metsäomenapuu	m e̞ t͡s æ o̞ mˑ e̝ː n ɑ p uː
metsäomenapuu	m e̞ t͡s̠ æ o̞ m e̞ˑ n ɑ p uː
metsäsika	m e̞ t͡s æ ʒ̥ i ɡ̊ ɑˑ
metsäsika	m e̞ t͡s̠ ə s̠ i k ɑˑ
metsätee	m e̞ t͡s æ t e̝ː
metsätee	m e̞ t͡s̠ ə t eː
metsätundra	m e̞ t͡s æ d̥ u n d̥ r ɑ
metsätundra	m e̞ t͡s̠ ə t u n d r
metsätäti	m e̞ t͡s æ d̥ æ d̥ iˑ
metsätäti	m e̞ t͡s̠ ə t æ tʲ iˑ
metsävahti	m e̞ t͡s æ ʋ ɑ h t i
metsävahti	m e̞ t͡s̠ ə ʋ ɑ h tʲ
metsävoohi	m e̞ t͡s æ ʋ o̝ː ɣ̥ i
metsävoohi	m e̞ t͡s̠ ə ʋ oː hʲ
mi	m i
miina	m iː n
miina	m iː n ɑ
miira	m iː r
miira	m iː r ɑ
mikkää	m i kː æ
mikkää	m i kˑ æː
mikroba	m i ɡ r ŏ̞ b
mikroba	m i ɡ̊ r o̞ b̥ ɑ
miks	m i k s̠
miks	m i k ʃ
mikä	m i k æˑ
mikä	m i ɡ̊ æˑ
mikäle	m i k æˑ lʲ
mikäle	m i ɡ̊ æˑ lʲ e̞
mikälee	m i k æˑ lʲ e̞
mikälee	m i ɡ̊ æˑ l e̝ː
mikäli	m i k æˑ lʲ
mikäli	m i kˑ æː lʲ i
mikälitse	m i k æˑ lʲ ĭ t͡s̠
mikälitse	m i ɡ̊ æˑ lʲ i t͡s e̞
miljona	m i lʲ j o̞ n ɑ
miljona	m i lʲː ŏ̞ n
millain	m i ɫː ɑ i̯ n
millain	m i ɫː ə i̯ n
milliin	m i lʲː ĭ n
milliin	m i lː iː n
millimetra	m i lʲː ĭ m e̞ d r
millimetra	m i lː i m e̞ d̥ r ɑ
milläin	m i lʲː ə i̯ n
milläin	m i lː æ i̯ n
miltain	m i ɫ t ɑ i̯ n
miltain	m i ɫ t ə i̯ n
miltäin	m i l t æ i̯ n
miltäin	m i lʲ t ə i̯ n
miltäläin	m i l d̥ æ l æ i̯ n
miltäläin	m i lʲ t ə lʲ ə i̯ n
min	m i n
minja	m i n j ɑ
minja	m i ɲː
minjä	m i n j æ
minjä	m i ɲː
minni	m i nʲː
minni	m i nː i
minnua	m i nː o̞
minnua	m i nˑ u ɑ
minutti	m i n uˑ tʲː
minutti	m i n uˑ tː i
mis	m i s̠ː
mis	m i ʒ̥
mist	m i s̠ t
mist	m i ʃ t
mitata	m i d̥ ɑˑ d̥ ɑ
mitata	m i t ɑˑ t
mitellä	m i d̥ e̞ˑ lː æ
mitellä	m i t e̞ˑ lʲː
miten	m i d̥ e̞ˑ n
miten	m i t e̞ˑ n
mitta	m i tː
mitta	m i tː ɑ
miuhu	m i u̯ h ŭ̥
miuhu	m i u̯ ɣ̥ e̞
miuks	m i u̯ k s̠
miuks	m i u̯ k ʃ
miul	m i u̯ ɫ
miul	m i u̯ ɫː
miulle	m i u̯ ɫː
miulle	m i u̯ ɫː e̞
miult	m i u̯ ɫ d̥
miult	m i u̯ ɫ t
miun	m i u̯ n
miunna	m i u̯ n
miunna	m i u̯ nː
mius	m i u̯ s̠ː
mius	m i u̯ ʒ̥
miust	m i u̯ s̠ t
miust	m i u̯ ʃ t
miä	m i æ̯
mišura	m i ʃ uˑ r
mišura	m i ʃˑ uː r ɑ
mišuroittaa	m i ʃ uˑ r o̞ i̯ tː ɑ
mišuroittaa	m i ʒ̥ uˑ r o̞ i̯ tː ɑː
mockovatoi	m o̞ t͡ʃ k o̞ ʋ ɑ d̥ o̞ˑ iˑ
mockovatoi	m o̞ t͡ʃ k ŏ̞ ʋ ɑ t o̞ˑʲ
moisio	m o̞ i̯ z̠ j ŏ̞̥
moisio	m o̞ i̯ ʒ̥ i o̞
moisnikka	m o̞ i̯ s̠ n ĭ kː
moisnikka	m o̞ i̯ ʒ̥ n i kː ɑ
moiso	m o̞ i̯ s̠ ŏ̞̥
moiso	m o̞ i̯ ʒ̥ o̞ i̯
moittia	m o̞ i̯ tʲː e̞
moittia	m o̞ i̯ tː i ɑ
mokkoo	m o̞ kː o̞
mokkoo	m o̞ kˑ o̝ː
mokoma	m o̞ k o̞ˑ m
mokoma	m o̞ kˑ o̝ː m ɑ
mokomain	m o̞ k o̞ˑ m ə i̯ n
mokomain	m o̞ ɡ̊ o̞ˑ m ɑ i̯ n
mokompa	m o̞ k o̞ˑ m p
mokompa	m o̞ ɡ̊ o̞ˑ m b̥ ɑ
molemmat	m o̞ ɫ e̞ˑ mː ə d
molemmat	m o̞ ɫˑ e̝ː m ɑ d̥
molommat	m o̞ ɫ o̞ˑ mː ə d
molommat	m o̞ ɫˑ o̝ː m ɑ d̥
molotsa	m o̞ ɫ o̞ˑ t͡s ɑ
molotsa	m o̞ ɫ o̞ˑ t͡s̠
mones	m o̞ n e̞ˑ s̠ː
mones	m o̞ n e̞ˑ z̠
mones	m o̞ n e̞ˑ ʒ̥
monetta	m o̞ n e̞ˑ tː
monetta	m o̞ n e̞ˑ tː ɑ
moni	m o̞ n iˑ
monikas	m o̞ n iˑ k ə z̠
monikas	m o̞ n iˑ ɡ̊ ɑ ʒ̥
monikko	m o̞ n iˑ kː o̞ i̯
monikko	m o̞ n iˑ kː ŏ̞̥
monikkoforma	m o̞ n iˑ kː o̞ f o̞ r m
monikkoforma	m o̞ n iˑ kː o̞ i̯ f o̞ r m ɑ
monilaajain	m o̞ n iˑ ɫ ɑː j ɑ i̯ n
monilaajain	m o̞ n iˑ ɫ ɑː j ə i̯ n
monislogain	m o̞ n iˑ s̠ ɫ o̞ ɡ ɑ i̯ n
monislogain	m o̞ n iˑ ʒ̥ ɫ o̞ kˑ ɑ i̯ n
moniääniin	m o̞ n iˑ æː n iː n
moniääniin	m o̞ n iˑ æː n ĭ n
mont	m o̞ n d
mont	m o̞ n d̥
monta	m o̞ n d̥ ɑ
monta	m o̞ n t
mookata	m oː k ə t
mookata	m o̝ː ɡ̊ ɑ d̥ ɑ
mookka	m oː kː
mookka	m o̝ː kː ɑ
mookkahua	m oː kː ə h u ɑˑ
mookkahua	m o̝ː kː ɑ h u ɑˑ
mookkahus	m oː kː ə h ŭ z̠
mookkahus	m o̝ː kː ɑ ɣ̥ u ʒ̥
mooto	m oː t ŏ̞̥
mooto	m o̝ː d̥ o̞
morda	m o̞ r d
morda	m o̞ r d̥ ɑ
morfologia	m o̞ r f o̞ ɫ o̞ kˑ i ɑ
morfologia	m o̞ r f ŏ̞ ɫ o̞ ɡː e̞
morkofka	m o̞ r k o̞ f k ɑ
morkofka	m o̞ r k ŏ̞ f k
morkuna	m o̞ r k u n ɑ
morkuna	m o̞ r k ŭ n
morsia	m o̞ r s̠ e̞
morsia	m o̞ r ʃ i ɑ
morski	m o̞ r s̠ kʲ
morski	m o̞ r ʃ k i
moru	m o̞ r uˑ
morža	m o̞ r ʒ
morža	m o̞ r ʒ̥ ɑ
moška	m o̞ ʃ k
moška	m o̞ ʃ k ɑ
mraamori	m r ɑː m o̞ r i
mraamori	m r ɑː m ŏ̞ rʲ
mraamoroittaa	m r ɑː m o̞ r o̞ i̯ tː ɑː
mraamoroittaa	m r ɑː m ŏ̞ r o̞ i̯ tː ɑ
muakas	m u ɑˑ k ə z̠
muakas	m u ɑˑ ɡ̊ ɑ ʒ̥
mufta	m u f t
mufta	m u f t ɑ
muglia	m u ɡ lʲ e̞
muglia	m u ɡ̊ l i ɑ
muhku	m u x k u
muhku	m u x k ŭ̥
muhukas	m u h uˑ k ə z̠
muhukas	m u ɣ̥ uˑ ɡ̊ ɑ ʒ̥
muila	m u i̯ ɫ
muila	m u i̯ ɫ ɑ
muilakas	m u i̯ ɫ ɑ ɡ̊ ɑ ʒ̥
muilakas	m u i̯ ɫ ə k ə z̠
muilakivi	m u i̯ ɫ ɑ ɡ̊ i ʋ iˑ
muilakivi	m u i̯ ɫ ə k i ʋ iˑ
muilanvaahto	m u i̯ ɫ ɑ n ʋ ɑː h t o̞
muilanvaahto	m u i̯ ɫ ə n ʋ ɑː h t ŏ̞̥
muilata	m u i̯ ɫ ɑ d̥ ɑ
muilata	m u i̯ ɫ ə t
muinaa	m u i̯ n ɑ
muinaa	m u i̯ n ɑː
muissella	m u i̯ s̠ː e̞ ɫː
muissella	m u i̯ ʃː e̞ ɫː ɑ
muissuttaa	m u i̯ s̠ː ə tː ɑ
muissuttaa	m u i̯ ʃː u tː ɑː
muistaa	m u i̯ s̠ t ɑ
muistaa	m u i̯ ʃ t ɑː
muistavalliin	m u i̯ s̠ t ə ʋ ɑ lʲː ĭ n
muistavalliin	m u i̯ ʃ t ɑ ʋ ɑ lː iː n
muisto	m u i̯ s̠ t ŏ̞̥
muisto	m u i̯ ʃ t o̞
muitas	m u i̯ d̥ ɑ ʒ̥
muitas	m u i̯ t ə z̠
muites	m u i̯ d̥ e̞ ʒ̥
muites	m u i̯ t e̞ z̠
mukahua	m u k ɑˑ h u ɑˑ
mukahua	m u ɡ̊ ɑˑ h u ɑˑ
mukain	m u k ɑ i̯ n
mukain	m u kˑ ɑ i̯ n
mukaisa	m u k ɑ i̯ s̠
mukaisa	m u kˑ ɑ i̯ ʒ̥ ɑ
mukaisamp	m u k ɑ i̯ s̠ ə m pʲ
mukaisamp	m u ɡ̊ ɑˑ iˑ ʒ̥ ɑ m b̥
mukava	m u k ɑˑ ʋ
mukava	m u kˑ ɑː ʋ ɑ
mukertaa	m u k e̞ˑ r t ɑ
mukertaa	m u ɡ̊ e̞ˑ r t ɑː
mukistaa	m u k iˑ s̠ t ɑ
mukistaa	m u ɡ̊ iˑ ʃ t ɑː
mukistaja	m u k iˑ s̠ t ɑ j ɑˑ
mukistaja	m u ɡ̊ iˑ ʃ t ɑ j ɑˑ
mukkaa	m u kː ɑ
mukkaa	m u kˑ ɑː
mukkura	m u kː u r ɑ
mukkura	m u kː ŭ r
muko	m u k o̞ˑ
muko	m u ɡ̊ o̞ i̯
mukoittaa	m u k o̞ i̯ tː ɑ
mukoittaa	m u kˑ o̞ i̯ tː ɑː
muli	m u l iˑ
muli	m u lʲ iˑ
mulkku	m u ɫ kː u
mulkku	m u ɫ kː ŭ̥
mullakas	m u ɫː ɑ ɡ̊ ɑ ʒ̥
mullakas	m u ɫː ə k ə z̠
mullattaa	m u ɫː ɑ tː ɑː
mullattaa	m u ɫː ə tː ɑ
mullikka	m u lʲː ĭ kː
mullikka	m u lː i kː ɑ
mullikko	m u lʲː ə kː ŏ̞̥
mullikko	m u lː i kː o̞ i̯
mullissella	m u lʲː ĭ s̠ː e̞ ɫː
mullissella	m u lː i ʃ ʃ e̞ ɫː ɑ
mullittaa	m u lʲː ə tː ɑ
mullittaa	m u lː i tː ɑː
multa	m u ɫ d̥ ɑ
multa	m u ɫ t
multamaa	m u ɫ d̥ ɑ m ɑː
multamaa	m u ɫ t ə m ɑː
mummukkain	m u mː u kː ɑ i̯ n
mummukkain	m u mː ŭ kː ə i̯ n
muna	m u n ɑˑ
munain	m u n ɑ i̯ n
munain	m u nˑ ɑ i̯ n
munakakku	m u n ɑˑ k ɑ kː ŭ̥
munakakku	m u n ɑˑ ɡ̊ ɑ kː u
munakooppa	m u n ɑˑ k oː pː
munakooppa	m u n ɑˑ k o̝ː pː ɑ
munalaatka	m u n ɑˑ ɫ ɑː t k
munalaatka	m u n ɑˑ ɫ ɑː t k ɑ
munalohko	m u n ɑˑ ɫ o̞ x k o̞
munalohko	m u n ɑˑ ɫ o̞ x k ŏ̞̥
munalukku	m u n ɑˑ ɫ u kː u
munalukku	m u n ɑˑ ɫ u kː ŭ̥
munanvalkulain	m u n ɑˑ n ʋ ɑ ɫ k ŭ ɫ ə i̯ n
munanvalkulain	m u n ɑˑ n ʋ ɑ ɫ ɡ̊ u ɫ ɑ i̯ n
munanvars	m u n ɑˑ n ʋ ɑ r s̠ʲ
munanvars	m u n ɑˑ n ʋ ɑ r ʒ̥
munapesä	m u n ɑˑ b̥ e̞ ʒ̥ æˑ
munapesä	m u n ɑˑ p e̞ s̠ æˑ
munapudro	m u n ɑˑ b̥ u d̥ r o̞
munapudro	m u n ɑˑ p u d r ŏ̞̥
munavoi	m u n ɑˑ ʋ o̞ i̯
munita	m u n iˑ d̥ ɑ
munita	m u n iˑ t
munittaa	m u n iˑ tː ɑ
munittaa	m u n iˑ tː ɑː
munnia	m u n i j
munnia	m u nː e̞
munnia	m u nˑ i ɑ
murhamees	m u r ɑˑ m eː z̠
murhamees	m u r ɣ̥ ɑ m e̝ː ʒ̥
murhata	m u r ɑˑ t
murhata	m u r ɣ̥ ɑ d̥ ɑ
murhe	m u r e̞ˑ
murhe	m u r ɣ̥ e̞
murheelliin	m u r h e̝ː lʲː iː n
murheelliin	m u rː e̞ lʲ lʲ i n e̞ˑ
murhekas	m u r e̞ˑ k ə z̠
murhekas	m u r ɣ̥ e̞ ɡ̊ ɑ ʒ̥
murjahussa	m u r j ɑ ɣ̥ u ʃː ɑ
murjahussa	m u r j ə h ŭ s̠ː
murjata	m u r j ɑ d̥ ɑ
murjata	m u r j ə t
murjoa	m u r j o̞
murjoa	m u r j o̞ j ɑ
murkina	m u r k i n ɑ
murkina	m u r k ĭ n
murkinaissa	m u r k ĭ n ə i̯ s̠ː
murkinaissa	m u r ɡ̊ i n ɑ i̯ ʃː ɑ
murkinoi	m u r k i n o̞ i̯
murkinoi	m u r k ĭ n ŏ̞ i̯
murkinoi	m u r ɡ̊ i n o̞ i̯
murkinoija	m u r k ĭ n ŏ̞ i̯
murkinoija	m u r ɡ̊ i n o̞ i̯ j ɑ
murna	m u r n
murna	m u r n ɑ
murnapooli	m u r n ɑ p o̝ː l i
murnapooli	m u r n ə p oː lʲ
murniin	m u r n i n
murniin	m u r n iː n
muro	m u r o̞ˑ
muromaito	m u r o̞ˑ m ɑ i̯ d̥ o̞
muromaito	m u r o̞ˑ m ɑ i̯ t ŏ̞̥
murria	m u rː e̞
murria	m u rˑ i ɑ
murtaa	m u r t ɑ
murtaa	m u r t ɑː
muru	m u r uˑ
muruin	m u r u i̯ n
muruin	m u rˑ u i̯ n
murukkain	m u r uˑ kː ɑ i̯ n
murukkain	m u r uˑ kː ə i̯ n
muskula	m u s̠ k ŭ ɫ
muskula	m u ʃ k u ɫ ɑ
muskuli	m u s̠ k ŭ lʲ
muskuli	m u ʃ k u l i
mussanmaa	m u s̠ː ə m m ɑː
mussanmaa	m u ʃː ɑ m m ɑː
musseta	m u s̠ː e̞ t
musseta	m u ʃː e̞ d̥ ɑ
mussikka	m u s̠ː ĭ kː
mussikka	m u ʃː i kː ɑ
mussikkain	m u s̠ː ĭ kː ə i̯ n
mussikkain	m u ʃː i kː ɑ i̯ n
musta	m u s̠ t
musta	m u ʃ t ɑ
mustalain	m u s̠ t ə ɫ ə i̯ n
mustalain	m u ʃ t ɑ ɫ ɑ i̯ n
mustapertti	m u s̠ t ə p e̞ r tʲː
mustapertti	m u ʃ t ɑ b̥ e̞ r tː i
mustapunain	m u s̠ t ə p u n ɑ i̯ n
mustapunain	m u ʃ t ɑ b̥ u nˑ ɑ i̯ n
mustarästähäin	m u s̠ t ə r æ s̠ t ə h ə i̯ n
mustarästähäin	m u ʃ t ɑ r æ ʃ t æ h æ i̯ n
mut	m u d
mut	m u d̥
muta	m u d̥ ɑˑ
muta	m u t ɑˑ
mutaisikko	m u d̥ ɑˑ iˑ ʒ̥ i kː o̞ i̯
mutaisikko	m u t ɑ j s̠ i kː ŏ̞̥
mutissa	m u d̥ iˑ ʃː ɑ
mutissa	m u t iˑ s̠ː
mutka	m u t k
mutka	m u t k ɑ
mutkikas	m u t k i ɡ̊ ɑ ʒ̥
mutkikas	m u t k ĭ k ə z̠
mutkitella	m u t k i d̥ e̞ ɫː ɑ
mutkitella	m u t k ĭ t e̞ ɫː
mutnoi	m u d̥ n o̞ i̯
mutnoi	m u t n ŏ̞̥
muu	m uː
muudra	m uː d r
muudra	m uː d̥ r ɑ
muukalain	m uː k ə ɫ ə i̯ n
muukalain	m uː ɡ̊ ɑ ɫ ɑ i̯ n
muukkia	m uː kː e̞
muukkia	m uː kː i ɑ
muurahain	m uː r ɑ h ɑ i̯ n
muurahain	m uː r ə h ə i̯ n
muurain	m uː r ɑ i̯ n
muurain	m uː r ə n
muuran	m uː r ɑ n
muuran	m uː r ə n
muuttaa	m uː tː ɑ
muuttaa	m uː tː ɑː
muuttiissa	m uː tʲː i s̠ː
muuttiissa	m uː tː iː ʃː ɑ
muutto	m uː tː o̞
muutto	m uː tː ŏ̞̥
muuttua	m uː tː o̞
muuttua	m uː tː u ɑ
muuttumiin	m uː tː u m iː n
muuttumiin	m uː tː ŭ m i n e̞ˑ
muuzeja	m uː z̠ e̞ i̯
muuzeja	m uː ʒ̥ e̞ j ɑ
mygrikäs	m y ɡ r ĭ k ə z̠
mygrikäs	m y ɡ̊ r i ɡ̊ æ ʒ̥
mygrä	m y ɡ r
mygrä	m y ɡ̊ r æ
myhhiä	m y xː e̞
myhhiä	m y xˑ i æ
myhähtää	m y h æˑ h t æ
myhähtää	m y ɣ̥ æˑ h t æː
mykkä	m y kː
mykkä	m y kː æ
mylleri	m y lʲː e̞ rʲ
mylleri	m y lː e̞ r i
mylly	m y lʲː y̥̆
mylly	m y lː y
myllysarka	m y lʲː y̆ s̠ ɑ r k
myllysarka	m y lː y ʒ̥ ɑ r ɡ̊ ɑ
myllätä	m y lʲː ə t
myllätä	m y lː æ d̥ æ
myrkky	m y r kː y
myrkky	m y r kː y̥̆
myrsky	m y r s̠ k y̥̆
myrsky	m y r ʃ k y
myssy	m y s̠ː y̥̆
myssy	m y ʃː y
mytty	m y tʲː y̥̆
mytty	m y tː y
myttyin	m y tʲː y̆ i̯ n
myttyin	m y tː y i̯ n
mytykkäin	m y d̥ yˑ kː æ i̯ n
mytykkäin	m y tʲ yˑ kː ə i̯ n
myykiä	m yː k e̞
myykiä	m yː k i æ
myykkiä	m yː kː e̞
myykkiä	m yː kː i æ
mäekäs	m æ e̞ˑ k ə z̠
mäekäs	m æ e̞ˑ ɡ̊ æ ʒ̥
mäki	m æ k iˑ
mäki	m æ ɡ̊ iˑ
mäkijoki	m æ k iˑ j o̞ k iˑ
mäkijoki	m æ ɡ̊ iˑ j o̞ ɡ̊ iˑ
mäkikarjamaa	m æ k iˑ k ɑ r j ə m ɑː
mäkikarjamaa	m æ ɡ̊ iˑ ɡ̊ ɑ r j ɑ m ɑː
mäkkyläin	m æ kː y l æ i̯ n
mäkkyläin	m æ kː y̆ lʲ ə i̯ n
mämlä	m æ m l æ
mämlä	m æ m lʲ
mänettää	m æ n e̞ˑ tː æ
mänettää	m æ n e̞ˑ tː æː
männä	m æ nː
männä	m æ nː æ
männävootiin	m æ nː æ ʋ o̝ː t iː n
männävootiin	m æ nː ə ʋ oː tʲ ĭ n
männöö	m æ nː ø̝ː
männöö	m æ nː ø̞
männöö	m æ nˑ ø̝ː
mänty	m æ n d̥ y
mänty	m æ n t y̥̆
mänö	m æ n ø̞ˑ
märetä	m æ r e̞ˑ d̥ æ
märetä	m æ r e̞ˑ t
märkä	m æ r k
märkä	m æ r ɡ̊ æ
märkänessä	m æ r k ə n e̞ s̠ː
märkänessä	m æ r ɡ̊ æ n e̞ ʃː æ
märkänevä	m æ r k ə n e̞ ʋ æˑ
märkänevä	m æ r ɡ̊ æ n e̞ ʋ æˑ
märästää	m æ r æˑ s̠ t æ
märästää	m æ r æˑ ʃ t æː
märätä	m æ r æˑ d̥ æ
märätä	m æ r æˑ t
mäsnikkä	m æ s̠ n ĭ kː
mäsnikkä	m æ ʒ̥ n i kː æ
mättiissä	m æ tː i s̠ː
mättiissä	m æ tː iː ʃː æ
mättää	m æ tː æ
mättää	m æ tː æː
mättää	m æ tˑ æː
mätä	m æ d̥ æˑ
mätä	m æ t æˑ
mätäkeeli	m æ d̥ æˑ k e̝ː lʲ i
mätäkeeli	m æ t æˑ k eː lʲ
mätänäpykkä	m æ d̥ æˑ n æ b̥ yˑ kː æ
mätänäpykkä	m æ t æˑ n æ p yˑ kː
mätäpää	m æ d̥ æˑ p æː
mätäpää	m æ t æˑ p æː
mätäs	m æ d̥ æˑ ʒ̥
mätäs	m æ t æˑ z̠
mätökset	m æ d̥ ø̞ˑ k ʃ e̞ d̥
mätökset	m æ t ø̞ˑ k s̠ e̞ d
määrä	m æː r
määrä	m æː r æ
määrätty	m æː r æ tː y
määrätty	m æː r ə tʲː y̥̆
määrätä	m æː r æ d̥ æ
määrätä	m æː r ə t
möit	m ø̞ i̯ d
möit	m ø̞ i̯ d̥
mököttää	m ø̞ k ø̞ˑ tː æ
mököttää	m ø̞ ɡ̊ ø̞ˑ tː æː
mörnäksennellä	m ø̞ r n æ k ʃ e̞ nː e̞ lː æ
mörnäksennellä	m ø̞ r n ə k s̠ e̞ nː e̞ lʲː
mörnää	m ø̞ r n æ
mörnää	m ø̞ r n æː
möry	m ø̞ r yˑ
mörähtää	m ø̞ r æˑ h t æ
mörähtää	m ø̞ r æˑ h t æː
möö	m øː
möö	m ø̝ː
mööhä	m øː h
mööhä	m ø̝ː ɣ̥ æ
mööhässellä	m øː h ə s̠ː e̞ lʲː
mööhässellä	m ø̝ː ɣ̥ æ ʃ ʃ e̞ lː æ
mööhästyä	m øː h ə s̠ t y æˑ
mööhästyä	m ø̝ː ɣ̥ æ ʃ t y æˑ
mööhää	m øː h æ
mööhää	m ø̝ː h æː
mööjä	m øː j
mööjä	m ø̝ː j æ
mööt	m øː d
mööt	m ø̝ː d̥
möötä	m øː t
möötä	m ø̝ː d̥ æ
möövvä	m y ʋː
möövvä	m y ʋː æ ɡ̊
möövvä	m ø̝ː æ ɡ̊
möövvä	m ø̝ː ʋː æ
na	n ɑ
naagla	n ɑː ɡ ɫ
naagla	n ɑː ɡ̊ ɫ ɑ
naaglan	n ɑː ɡ ɫ ə n
naaglan	n ɑː ɡ̊ ɫ ɑ n
naaglia	n ɑː ɡ lʲ e̞
naaglia	n ɑː ɡ̊ l i ɑ
naaglita	n ɑː ɡ lʲ ĭ t
naaglita	n ɑː ɡ̊ l i d̥ ɑ
naakeli	n ɑː k e̞ lʲ
naakeli	n ɑː ɡ̊ e̞ lʲ i
naakka	n ɑː kː
naakka	n ɑː kː ɑ
naapertin	n ɑː b̥ e̞ r d̥ i n
naapertin	n ɑː p ə r tʲ ĭ n
naappa	n ɑː pː
naappa	n ɑː pː ɑ
naappapää	n ɑː pː ɑ p æː
naappapää	n ɑː pː ə p æː
naappojain	n ɑː pː o̞ j ɑ i̯ n
naappojain	n ɑː pː ŏ̞ j ə i̯ n
naappopää	n ɑː pː o̞ i̯ p æː
naappopää	n ɑː pː ŏ̞ p æː
naapuri	n ɑː p u r i
naapuri	n ɑː p ŭ rʲ
naapurikeeli	n ɑː p u r i k e̝ː lʲ i
naapurikeeli	n ɑː p ə r i k eː lʲ
naarata	n ɑː r ɑ d̥ ɑ
naarata	n ɑː r ə t
naaskali	n ɑː s̠ k ə lʲ
naaskali	n ɑː ʃ k ɑ l i
naasti	n ɑː s̠ tʲ
naasti	n ɑː ʃ t i
naatala	n ɑː t ɑ ɫ ɑ
naatala	n ɑː t ə ɫ
naatti	n ɑː tʲː
naatti	n ɑː tː i
nacalnikka	n ɑ t͡ʃ ɑˑ ɫ n i kː ɑ
nacalnikka	n ɑ t͡ʃ ɑˑ ɫ n ĭ kː
nagraa	n ɑ ɡ r ɑ
nagraa	n ɑ ɡ̊ r ɑː
nagrahtaa	n ɑ ɡ r ə h t ɑ
nagrahtaa	n ɑ ɡ̊ r ɑ h t ɑː
nagraksennella	n ɑ ɡ r ə k s̠ e̞ nː e̞ ɫː
nagraksennella	n ɑ ɡ̊ r ɑ k ʃ e̞ nː e̞ ɫː ɑ
nagratella	n ɑ ɡ r ə t e̞ ɫː
nagratella	n ɑ ɡ̊ r ɑ d̥ e̞ ɫː ɑ
nagrattaa	n ɑ ɡ r ə tː ɑ
nagrattaa	n ɑ ɡ̊ r ɑ tː ɑː
nagres	n ɑ ɡ r e̞ z̠
nagres	n ɑ ɡ̊ r e̞ ʒ̥
nagreskapusta	n ɑ ɡ r ə s̠ k ɑ p uˑ s̠ t
nagreskapusta	n ɑ ɡ̊ r e̞ ʃ k ɑ b̥ uˑ ʃ t ɑ
nagris	n ɑ ɡ r ĭ z̠
nagris	n ɑ ɡ̊ r i ʒ̥
nagriskapusta	n ɑ ɡ r ĭ s̠ k ɑ p uˑ s̠ t
nagriskapusta	n ɑ ɡ̊ r i ʃ k ɑ b̥ uˑ ʃ t ɑ
nagro	n ɑ ɡ r ŏ̞̥
nagro	n ɑ ɡ̊ r o̞
nagru	n ɑ ɡ r ŭ̥
nagru	n ɑ ɡ̊ r u
nahankiskoja	n ɑ h ɑˑ ŋ k i s̠ k ŏ̞ i̯
nahankiskoja	n ɑ ɣ̥ ɑˑ ŋ ɡ̊ i ʃ k o̞ j ɑ
nahatoin	n ɑ h ɑˑ t ŏ̞ i̯ n
nahatoin	n ɑ ɣ̥ ɑˑ d̥ o̞ i̯ n
nahistua	n ɑ h iˑ s̠ t u ɑˑ
nahistua	n ɑ ɣ̥ iˑ ʃ t u ɑˑ
nahka	n ɑ x k
nahka	n ɑ x k ɑ
nahkain	n ɑ x k ɑ i̯ n
nahkain	n ɑ x k ə i̯ n
nahkalappa	n ɑ x k ɑ ɫ ɑ pː ɑ
nahkalappa	n ɑ x k ə ɫ ɑ pː
nahkamuna	n ɑ x k ɑ m u n ɑˑ
nahkamuna	n ɑ x k ə m u n ɑˑ
nahkapolle	n ɑ x k ɑ b̥ o̞ ɫː e̞
nahkapolle	n ɑ x k ə p o̞ ɫː
nahkapyssy	n ɑ x k ɑ b̥ y ʃː y
nahkapyssy	n ɑ x k ə p y s̠ː y̥̆
nahkasiipi	n ɑ x k ɑ ʃ iː b̥ i
nahkasiipi	n ɑ x k ə s̠ iː pʲ
nahkasiippo	n ɑ x k ɑ ʃ iː pː o̞ i̯
nahkasiippo	n ɑ x k ə s̠ iː pː ŏ̞̥
nahkia	n ɑ x k e̞
nahkia	n ɑ x k i ɑ
nahkuri	n ɑ x k u r i
nahkuri	n ɑ x k ŭ rʲ
naija	n ɑ i̯ j
naija	n ɑ i̯ j ɑ
naikkimees	n ɑ i̯ kː i m e̝ː ʒ̥
naikkimees	n ɑ i̯ kː ĭ m eː z̠
naikkipoika	n ɑ i̯ kː i p o̞ i̯ ɡ̊ ɑ
naikkipoika	n ɑ i̯ kː ĭ p o̞ i̯ k
naimiin	n ɑ i̯ m iː n
naimiin	n ɑ i̯ m ĭ n
naimiskauppa	n ɑ i̯ m i ʃ k ɑ u̯ pː ɑ
naimiskauppa	n ɑ i̯ m ĭ s̠ k ɑ u̯ pː
nain	n ɑ i̯ n
naiselikas	n ɑ i̯ s̠ ə lʲ i k ɑˑ z̠
naiselikas	n ɑ i̯ ʒ̥ e̞ lʲ i ɡ̊ ɑˑ ʒ̥
naiselliin	n ɑ i̯ s̠ ə lʲ lʲ i n e̞ˑ
naiselliin	n ɑ i̯ ʒ̥ e̞ lʲː iː n
naiselokas	n ɑ i̯ z̠ e̞ ɫ o̞ˑ k ə z̠
naiselokas	n ɑ i̯ ʒ e̞ ɫ o̞ˑ ɡ̊ ɑ ʒ̥
naiseläjä	n ɑ i̯ z̠ e̞ lʲ æ i̯
naiseläjä	n ɑ i̯ ʒ e̞ lˑ æː j æ
naisiinpäivä	n ɑ i̯ s̠ i m p æ i̯ ʋ
naisiinpäivä	n ɑ i̯ ʃ iː m p æ i̯ ʋ æ
naisikas	n ɑ i̯ s̠ ĭ k ə z̠
naisikas	n ɑ i̯ ʒ̥ i ɡ̊ ɑ ʒ̥
naisikko	n ɑ i̯ s̠ ə kː ŏ̞̥
naisikko	n ɑ i̯ ʒ̥ i kː o̞ i̯
naiskooma	n ɑ i̯ s̠ k oː m
naiskooma	n ɑ i̯ ʃ k o̝ː m ɑ
naissuku	n ɑ i̯ s̠ s̠ u k uˑ
naissuku	n ɑ i̯ ʃ ʃ u ɡ̊ uˑ
naittaa	n ɑ i̯ tː ɑ
naittaa	n ɑ i̯ tː ɑː
naittamatoin	n ɑ i̯ tː ɑ m ɑ d̥ o̞ˑ iˑ n
naittamatoin	n ɑ i̯ tː ə m ɑ t o̞ i̯ n
naka	n ɑ k ɑˑ
naka	n ɑ ɡ̊ ɑˑ
nakareikä	n ɑ k ɑˑ r e̞ i̯ k
nakareikä	n ɑ ɡ̊ ɑˑ r e̞ i̯ ɡ̊ æ
nakkia	n ɑ kː e̞
nakkia	n ɑ kː i ɑ
nakku	n ɑ kː u
nakku	n ɑ kː ŭ̥
naksahtaa	n ɑ k s̠ ə h t ɑ
naksahtaa	n ɑ k ʃ ɑ h t ɑː
naksutella	n ɑ k s̠ ŭ t e̞ ɫː
naksutella	n ɑ k ʃ u d̥ e̞ ɫː ɑ
naksuttaa	n ɑ k s̠ ə tː ɑ
naksuttaa	n ɑ k ʃ u tː ɑː
naksuttaja	n ɑ k s̠ ŭ t t ɑ j ɑˑ
naksuttaja	n ɑ k ʃ u t t ɑ j ɑˑ
nalja	n ɑ lʲ j ɑ
nalja	n ɑ lʲː
naljakas	n ɑ lʲ j ɑ ɡ̊ ɑ ʒ̥
naljakas	n ɑ lʲː ə k ə z̠
namasteri	n ɑ m ɑˑ s̠ t e̞ r iˑ
namasteri	n ɑ m ɑˑ ʃ t e̞ r iˑ
namintka	n ɑ m iˑ n t k
namintka	n ɑ m iˑ n t k ɑ
naokset	n ɑ o̞ˑ k s̠ e̞ d
naokset	n ɑ o̞ˑ k ʃ e̞ d̥
napa	n ɑ b̥ ɑˑ
napa	n ɑ p ɑˑ
napakka	n ɑ b̥ ɑˑ kː ɑ
napakka	n ɑ p ɑˑ kː
napanoora	n ɑ b̥ ɑˑ n o̝ː r ɑ
napanoora	n ɑ p ɑˑ n oː r
napapuu	n ɑ b̥ ɑˑ p uː
napapuu	n ɑ p ɑˑ p uː
napata	n ɑ b̥ ɑˑ d̥ ɑ
napata	n ɑ p ɑˑ t
napilka	n ɑ b̥ iˑ ɫ ɡ̊ ɑ
napilka	n ɑ p iˑ ɫ k
nappi	n ɑ pʲː
nappi	n ɑ pː i
nappu	n ɑ pː u
nappu	n ɑ pː ŭ̥
napravlenia	n ɑ b r ə ʋ ɫ e̞ ɲː
napravlenia	n ɑ b̥ r ɑ ʋ ɫ e̞ n iˑ j ɑ
napravlenia	n ɑ b̥ r ɑ ʋ ɫ e̞ n iˑ ɑ
napsu	n ɑ p s̠ ŭ̥
napsu	n ɑ p ʃ u
napsuttaa	n ɑ p s̠ ə tː ɑ
napsuttaa	n ɑ p ʃ u tː ɑː
narrata	n ɑ rː ɑ d̥ ɑ
narrata	n ɑ rː ə t
narria	n ɑ rː e̞
narria	n ɑ rː i ɑ
narskaa	n ɑ r s̠ k ɑ
narskaa	n ɑ r ʃ k ɑː
nartat	n ɑ r d̥ ɑ d̥
nartat	n ɑ r t ə d
nas	n ɑ s̠ː
nas	n ɑ ʒ̥
naskeli	n ɑ s̠ k e̞ lʲ
naskeli	n ɑ ʃ k e̞ lʲ i
nasse	n ɑ s̠ː
nasse	n ɑ ʃː e̞
nast	n ɑ s̠ t
nast	n ɑ ʃ t
nato	n ɑ d̥ o̞ˑ
nato	n ɑ t o̞ˑ
natta	n ɑ tː
natta	n ɑ tː ɑ
nattiissa	n ɑ tʲː i s̠ː
nattiissa	n ɑ tˑ iː ʃː ɑ
nauha	n ɑ u̯ h
nauha	n ɑ u̯ ɣ̥ ɑ
naulacka	n ɑ u̯ ɫ ɑ t͡ʃ k ɑ
naulacka	n ɑ u̯ ɫ ə t͡ʃ k
naulocka	n ɑ u̯ ɫ o̞ t͡ʃ k ɑ
naulocka	n ɑ u̯ ɫ ŏ̞ t͡ʃ k
ne	n e̞
neegla	n eː ɡ ɫ
neegla	n e̝ː ɡ̊ ɫ ɑ
neeglakarppi	n eː ɡ ɫ ə k ɑ r pʲː
neeglakarppi	n e̝ː ɡ̊ ɫ ɑ ɡ̊ ɑ r pː i
neeglata	n eː ɡ ɫ ə t
neeglata	n e̝ː ɡ̊ ɫ ɑ d̥ ɑ
neelo	n eː ɫ ŏ̞̥
neelo	n e̝ː ɫ o̞
neelu	n eː ɫ ŭ̥
neelu	n e̝ː ɫ u
neemi	n eː mʲ
neemi	n e̝ː m i
neet	n eː d
neet	n e̝ː d̥
neežnoi	n eː ʒ n ŏ̞̥
neežnoi	n e̝ː ʒ̥ n o̞ i̯
nefti	n e̞ f t i
nefti	n e̞ f tʲ
negra	n e̞ ɡ r
negra	n e̞ ɡ̊ r ɑ
neikko	n e̞ i̯ kː o̞ i̯
neikko	n e̞ i̯ kː ŏ̞̥
neiti	n e̞ i̯ d̥ i
neiti	n e̞ i̯ tʲ
neito	n e̞ i̯ d̥ o̞ i̯
neito	n e̞ i̯ t ŏ̞̥
neitsykkäin	n e̞ i̯ t͡s y kː æ i̯ n
neitsykkäin	n e̞ i̯ t͡s̠ y̆ kː ə i̯ n
neljä	n e̞ lʲ j æ
neljä	n e̞ lʲː
neljäkymment	n e̞ lʲ j æ ɡ̊ y mː e̝ː n d̥
neljäkymment	n e̞ lʲː ə k y mː e̞ n t
neljältää	n e̞ lʲ j æ lʲ t æː
neljältää	n e̞ lʲː ə lʲ t æ
neljänurkkain	n e̞ lʲ j æ n u r kː ɑ i̯ n
neljänurkkain	n e̞ lʲː ə n u r kː ə i̯ n
neljäs	n e̞ lʲ j æ ʒ̥
neljäs	n e̞ lʲː ə z̠
neljäskymmenäs	n e̞ lʲ j æ ʃ k y mː e̞ n æ ʒ̥
neljäskymmenäs	n e̞ lʲː ə s̠ k y mː ə n ə z̠
neljäspäivä	n e̞ lʲ j æ ʃ p æ i̯ ʋ æ
neljäspäivä	n e̞ lʲː ə s̠ p æ i̯ ʋ
neljätoist	n e̞ lʲ j æ t o̞ i̯ ʃ t
neljätoist	n e̞ lʲː ə t ŏ̞ s̠ t
neljäveeruin	n e̞ lʲ j æ ʋ e̝ː r u i̯ n
neljäveeruin	n e̞ lʲː ə ʋ eː r ŭ i̯ n
neljävootiin	n e̞ lʲ j æ ʋ o̝ː t iː n
neljävootiin	n e̞ lʲː ə ʋ oː tʲ ĭ n
nentsa	n e̞ n t͡s ɑ
nentsa	n e̞ n t͡s̠
nenä	n e̞ n æˑ
nenähooku	n e̞ n æˑ h oː k ŭ̥
nenähooku	n e̞ n æˑ h o̝ː ɡ̊ u
nenäkäs	n e̞ n æˑ k ə z̠
nenäkäs	n e̞ n æˑ ɡ̊ æ ʒ̥
nenärätti	n e̞ n æˑ r æ tʲː
nenärätti	n e̞ n æˑ r æ tː i
nenästyä	n e̞ n æˑ s̠ tʲ y æˑ
nenästyä	n e̞ n æˑ ʃ t y æˑ
nenätauti	n e̞ n æˑ t ɑ u̯ d̥ i
nenätauti	n e̞ n æˑ t ɑ u̯ tʲ
nenätöin	n e̞ n æˑ d̥ ø̞ i̯ n
nenätöin	n e̞ n æˑ t ø̞̆ i̯ n
nepsiä	n e̞ p s̠ e̞
nepsiä	n e̞ p ʃ i æ
nerva	n e̞ r ʋ
nerva	n e̞ r ʋ ɑ
nesse	n e̞ s̠ː
nesse	n e̞ ʃː e̞
nesto	n e̞ s̠ t ŏ̞̥
nesto	n e̞ ʃ t o̞
nestää	n e̞ s̠ t æ
nestää	n e̞ ʃ t æː
netrudnosposobnoi	n e̞ d r ŭ d n o̞ s̠ p ŏ̞ s̠ o̞ b n ŏ̞̥
netrudnosposobnoi	n e̞ d̥ r u d n o̞ ʃ p o̞ ʒ̥ o̞ b̥ n o̞ i̯
nevvo	n e̞ ʋː o̞
nevvo	n e̞ ʋː ŏ̞̥
nevvoa	n e̞ ʋː o̞
nevvoa	n e̞ ʋː o̞ ɑ
nevvoja	n e̞ ʋː o̞ j ɑ
nevvoja	n e̞ ʋː ŏ̞ i̯
ni	n i
nie	n i e̞ˑ
nii	n iː
niin	n iː n
niini	n iː n i
niini	n iː nʲ
niiniin	n iː n i n
niiniin	n iː n iː n
niiniin	n iː n ĭ n
niinipuu	n iː n i p uː
niinipuu	n iː n ĭ p uː
niisi	n iː s̠ʲ
niisi	n iː ʒ̥ i
niisinoora	n iː s̠ ĭ n oː r
niisinoora	n iː ʒ̥ i n o̝ː r ɑ
niiska	n iː s̠ k
niiska	n iː ʃ k ɑ
niiskavatsa	n iː s̠ k ə ʋ ɑ t͡s̠
niiskavatsa	n iː ʃ k ɑ ʋ ɑ t͡s ɑ
niistää	n iː s̠ t æ
niistää	n iː ʃ t æː
niitti	n iː tʲː
niitti	n iː tː i
niitto	n iː tː o̞
niitto	n iː tː ŏ̞̥
niittoaika	n iː tː o̞ ɑ i̯ k
niittoaika	n iː tː o̞ ɑ i̯ ɡ̊ ɑ
niitty	n iː tʲː y̥̆
niitty	n iː tː y
niittysoo	n iː tʲː y̆ s̠ oː
niittysoo	n iː tː y ʃ o̝ː
niittäjä	n iː tː æ j æ
niittäjä	n iː tː ə i̯
niittää	n iː tː æ
niittää	n iː tː æː
nikahtua	n i k ɑˑ h t u ɑˑ
nikahtua	n i ɡ̊ ɑˑ h t u ɑˑ
nikan	n i k ɑˑ n
nikan	n i ɡ̊ ɑˑ n
nikko	n i kː o̞ i̯
nikko	n i kː ŏ̞̥
nikossella	n i k o̞ˑ s̠ː e̞ ɫː
nikossella	n i ɡ̊ o̞ i̯ ʃ ʃ e̞ ɫː ɑ
nikossus	n i k o̞ˑ s̠ː ŭ z̠
nikossus	n i ɡ̊ o̞ i̯ ʃː u ʒ̥
nikossuttaa	n i k o̞ˑ s̠ s̠ u tː ɑ
nikossuttaa	n i ɡ̊ o̞ i̯ ʃ ʃ u tː ɑː
nikostaa	n i k o̞ˑ s̠ t ɑ
nikostaa	n i ɡ̊ o̞ i̯ ʃ t ɑː
nikostua	n i k o̞ˑ s̠ t u ɑˑ
nikostua	n i ɡ̊ o̞ i̯ ʃ t u ɑˑ
niku	n i k uˑ
niku	n i ɡ̊ uˑ
nimensihalliin	n i m e̞ˑ n s̠ i h ɑˑ lʲ lʲ i n e̞ˑ
nimensihalliin	n i m e̞ˑ n ʒ̥ i ɣ̥ ɑˑ lː iː n
nimetöin	n i m e̞ˑ d̥ ø̞ i̯ n
nimetöin	n i m e̞ˑ t ø̞̆ i̯ n
nimi	n i m iˑ
nimipäivä	n i m iˑ p æ i̯ ʋ
nimipäivä	n i m iˑ p æ i̯ ʋ æ
nimisana	n i m iˑ s̠ ɑ n ɑˑ
nimisana	n i m iˑ ʒ̥ ɑ n ɑˑ
nipikkoa	n i b̥ iˑ k k o̞ j ɑˑ
nipikkoa	n i p iˑ k k o̞ ɑˑ
niska	n i s̠ k
niska	n i ʃ k ɑ
niskapliiska	n i s̠ k ə p lʲ iː s̠ k
niskapliiska	n i ʃ k ɑ b̥ lʲ iː ʃ k ɑ
niskatalkkuna	n i s̠ k ə t ɑ ɫ kː ŭ n
niskatalkkuna	n i ʃ k ɑ d̥ ɑ ɫ kː u n ɑ
nisu	n i s̠ uˑ
nisu	n i ʒ̥ uˑ
nittoa	n i tː o̞
nittoa	n i tˑ o̞ ɑ
njaukkua	ɲ ɑ u̯ kː o̞
njaukkua	ɲ ɑ u̯ kː u ɑ
njokahtaa	ɲ o̞ k ɑˑ h t ɑ
njokahtaa	ɲ o̞ ɡ̊ ɑˑ h t ɑː
njoo	ɲ oː
njoo	ɲ o̝ː
no	n o̞
noblia	n o̞ b lʲ e̞
noblia	n o̞ b̥ l i ɑ
nodra	n o̞ d r
nodra	n o̞ d̥ r ɑ
nodraan	n o̞ d r ɑ n
nodraan	n o̞ d̥ r ɑː n
noekas	n o̞ e̞ˑ k ə z̠
noekas	n o̞ e̞ˑ ɡ̊ ɑ ʒ̥
noijitos	n o̞ i̯ j i d̥ o̞ ʒ̥
noijitos	n o̞ i̯ j ĭ t ŏ̞ z̠
noijitus	n o̞ i̯ j i d̥ u ʒ̥
noijitus	n o̞ i̯ j ĭ t ŭ z̠
noin	n o̞ i̯ n
noiso	n o̞ i̯ s̠ ŏ̞̥
noiso	n o̞ i̯ ʒ̥ o̞
noissa	n o̞ i̯ s̠ː
noissa	n o̞ i̯ ʃː ɑ
noissa	n o̞ u̯ ʃː ɑ ɡ̊
noisu	n o̞ i̯ s̠ ŭ̥
noisu	n o̞ i̯ ʒ̥ u
noita	n o̞ i̯ d̥ ɑ
noita	n o̞ i̯ t
noitasana	n o̞ i̯ d̥ ɑ ʒ̥ ɑ n ɑˑ
noitasana	n o̞ i̯ t ə s̠ ɑ n ɑˑ
noitia	n o̞ i̯ t i ɑ
noitia	n o̞ i̯ tʲ e̞
noitia	n o̞ i̯ tʲ ĭ j
noitua	n o̞ i̯ t o̞
noitua	n o̞ i̯ t u ɑ
noitumus	n o̞ i̯ d̥ u m u ʒ̥
noitumus	n o̞ i̯ t ŭ m ŭ z̠
nojabri	n o̞ j ɑˑ b rʲ
nojabri	n o̞ jˑ ɑː b̥ r i
nojabrikuu	n o̞ j ɑˑ b r i k uː
nojabrikuu	n o̞ jˑ ɑː b̥ r i k uː
noki	n o̞ k iˑ
noki	n o̞ ɡ̊ iˑ
nokipertti	n o̞ k iˑ p e̞ r tʲː
nokipertti	n o̞ ɡ̊ iˑ b̥ e̞ r tː i
nokka	n o̞ kː
nokka	n o̞ kː ɑ
nokkatalja	n o̞ kː ɑ d̥ ɑ lʲ j ɑ
nokkatalja	n o̞ kː ə t ɑ lʲː
nokkia	n o̞ kː e̞
nokkia	n o̞ kː i ɑ
nokkia	n o̞ kː ĭ j
nokkia	n o̞ kˑ i ɑ
nolli	n o̞ lʲː
nolli	n o̞ lː i
nominativa	n o̞ m iˑ n ɑ d̥ iˑ ʋ ɑ
nominativa	n o̞ m iˑ n ɑ tʲ iˑ ʋ
noo	n oː
noo	n o̝ː
nooli	n oː lʲ
nooli	n o̝ː l i
noolla	n oː ɫː
noolla	n o̝ː ɫː ɑ
noor	n oː r
noor	n o̝ː r
noora	n oː r
noora	n o̝ː r ɑ
noorain	n oː r ə i̯ n
noorain	n o̝ː r ɑ i̯ n
nooravyyhti	n oː r ə ʋ yː h tʲ
nooravyyhti	n o̝ː r ɑ ʋ yː h t i
nooremp	n oː r e̞ m pʲ
nooremp	n oː r e̞ pʲ
nooremp	n o̝ː r e̞ m b̥
noori	n oː rʲ
noori	n o̝ː r i
noorikke	n oː r ĭ kː
noorikke	n o̝ː r i kː e̞
noorikko	n oː r ə kː ŏ̞̥
noorikko	n o̝ː r i kː o̞ i̯
nooristo	n oː r ə s̠ t ŏ̞̥
nooristo	n o̝ː r i ʃ t o̞
nooristua	n oː r ĭ s̠ t u ɑˑ
nooristua	n o̝ː r i ʃ t u ɑˑ
noorittaa	n oː r ə tː ɑ
noorittaa	n o̝ː r i tː ɑː
noorus	n oː r ŭ z̠
noorus	n o̝ː r u ʒ̥
nootta	n oː tː
nootta	n o̝ː tː ɑ
noottaapaja	n oː tː ɑ ɑ p ɑ i̯
noottaapaja	n o̝ː tː ɑ ɑ pˑ ɑː j ɑ
noottalauta	n oː tː ə ɫ ɑ u̯ t
noottalauta	n o̝ː tː ɑ ɫ ɑ u̯ d̥ ɑ
noottamees	n oː tː ə m eː z̠
noottamees	n o̝ː tː ɑ m e̝ː ʒ̥
noottavene	n oː tː ə ʋ e̞ n e̞ˑ
noottavene	n o̝ː tː ɑ ʋ e̞ n e̞ˑ
noottaverkko	n oː tː ə ʋ e̞ r kː ŏ̞̥
noottaverkko	n o̝ː tː ɑ ʋ e̞ r kː o̞
nootti	n oː tʲː
nootti	n o̝ː tː i
noovosti	n oː ʋ ŏ̞ s̠ tʲ
noovosti	n o̝ː ʋ o̞ ʃ t i
nopata	n o̞ b̥ ɑˑ d̥ ɑ
nopata	n o̞ p ɑˑ t
nopo	n o̞ b̥ o̞ˑ iˑ
nopo	n o̞ p o̞ˑ
noppia	n o̞ pː e̞
noppia	n o̞ pː i ɑ
nora	n o̞ r ɑˑ
norma	n o̞ r m
norma	n o̞ r m ɑ
nosilkat	n o̞ s̠ iˑ ɫ k ə d
nosilkat	n o̞ ʒ̥ iˑ ɫ ɡ̊ ɑ d̥
noska	n o̞ s̠ k
noska	n o̞ ʃ k ɑ
nostaa	n o̞ s̠ t ɑ
nostaa	n o̞ ʃ t ɑː
nostaja	n o̞ s̠ t ə i̯
nostaja	n o̞ ʃ t ɑ j ɑ
nostajain	n o̞ s̠ t ə j ə i̯ n
nostajain	n o̞ ʃ t ɑ j ɑ i̯ n
notkia	n o̞ t k e̞
notkia	n o̞ t k i ɑ
notko	n o̞ t k o̞
notko	n o̞ t k ŏ̞̥
nu	n u
nuka	n u k ɑˑ
nuka	n u ɡ̊ ɑˑ
nukahtaa	n u k ɑˑ h t ɑ
nukahtaa	n u ɡ̊ ɑˑ h t ɑː
nukahtaissa	n u k ɑˑ h t ə i̯ s̠ː
nukahtaissa	n u ɡ̊ ɑˑ h t ɑ i̯ ʃː ɑ
nukka	n u kː
nukka	n u kː ɑ
nukkua	n u kː o̞
nukkua	n u kː u ɑ
nukuttaa	n u k uˑ tː ɑ
nukuttaa	n u ɡ̊ uˑ tː ɑː
numerali	n u m e̞ˑ r ɑ lʲ iˑ
numeratsia	n u m e̞ˑ r ɑ t͡s i ɑ
numeratsia	n u m e̞ˑ r ɑ t͡s̠ e̞
numeri	n u m e̞ˑ rʲ
numeri	n u mˑ e̝ː r i
nurkka	n u r kː
nurkka	n u r kː ɑ
nurmi	n u r m i
nurmi	n u r mʲ
nussia	n u s̠ː e̞
nussia	n u ʃː i ɑ
nussu	n u s̠ː ŭ̥
nussu	n u ʃː u
nussuri	n u s̠ː ŭ rʲ
nussuri	n u ʃː u r i
nussutöö	n u s̠ː ŭ t øː
nussutöö	n u ʃː u t ø̝ː
nuuhata	n uː h ə t
nuuhata	n uː ɣ̥ ɑ d̥ ɑ
nuuhkia	n uː x k e̞
nuuhkia	n uː x k i ɑ
nuužnikka	n uː ʒ n ĭ kː
nuužnikka	n uː ʒ̥ n i kː ɑ
nyblä	n y b lʲ
nyblä	n y b̥ l æ
nykyaika	n y k yˑ ɑ i̯ k
nykyaika	n y ɡ̊ yˑ ɑ i̯ ɡ̊ ɑ
nykyaikain	n y k yˑ ɑ i̯ k ə i̯ n
nykyaikain	n y ɡ̊ yˑ ɑ i̯ k ɑ i̯ n
nykyin	n y k y i̯ n
nykyin	n y kˑ y i̯ n
nylkiä	n y lʲ k e̞
nylkiä	n y lʲ k i æ
nyrhi	n y r iˑ
nyrhi	n y r ɣ̥ i
nyrihyssä	n y r iˑ h y̆ s̠ː
nyrihyssä	n y r iˑ ɣ̥ y ʃː æ
nyrihyä	n y r iˑ h y æˑ
nyrkki	n y r kʲː
nyrkki	n y r kː i
nyrriä	n y rː e̞
nyrriä	n y rˑ i æ
nyt	n y d
nyt	n y d̥
nyttä	n y tː
nyttä	n y tː æ
nähhä	n æ xː
nähhä	n æ xː æ
nähä	n æ h æˑ
nähä	n æ ɣ̥ æˑ
näin	n æ iˑ n
näin	n æ i̯ n
näkimet	n æ k iˑ m e̞ d
näkimet	n æ kˑ iː m e̞ d̥
näkkiäsmees	n æ kː e̞ z̠ m eː z̠
näkkiäsmees	n æ kˑ i æ ʒ m e̝ː ʒ̥
näkkyä	n æ kː ø̞
näkkyä	n æ kˑ y æ
näkköin	n æ kː ø̞̆ i̯ n
näkköin	n æ kˑ ø̞ i̯ n
näkyvä	n æ k yˑ ʋ
näkyvä	n æ kˑ yː ʋ æ
näkö	n æ k ø̞ˑ
näkö	n æ ɡ̊ ø̞ˑ
näköin	n æ k ø̞ i̯ n
näköin	n æ kˑ ø̞ i̯ n
nälkä	n æ lʲ k
nälkä	n æ lʲ ɡ̊ æ
nälkänoita	n æ lʲ k ə n o̞ i̯ t
nälkänoita	n æ lʲ ɡ̊ æ n o̞ i̯ d̥ ɑ
nämät	n æ m æˑ d
nämät	n æ m æˑ d̥
nännä	n æ nː
nännä	n æ nː æ
nännänpää	n æ nː æ m p æː
nännänpää	n æ nː ə m p æː
näntkä	n æ n t k
näntkä	n æ n t k æ
näpissellä	n æ b̥ iˑ ʃ ʃ e̞ lː æ
näpissellä	n æ p iˑ s̠ː e̞ lʲː
näppi	n æ pʲː
näppi	n æ pː i
näpykkä	n æ b̥ yˑ kː æ
näpykkä	n æ p yˑ kː
närriä	n æ rː e̞
närriä	n æ rː e̞ æ
närriä	n æ rˑ i æ
näyte	n æ y̯ d̥ e̞
näyte	n æ y̯ t
näyttiissä	n æ y̯ tː i s̠ː
näyttiissä	n æ y̯ tː iː ʃː æ
näyttää	n æ y̯ tː æ
näyttää	n æ y̯ tː æː
näälä	n æː lʲ
näälä	n æː lʲ æ
näät	n æː d
näät	n æː d̥
näätä	n æː d̥ æ
näätä	n æː t
näökäs	n æ ø̞ˑ k ə z̠
näökäs	n æ ø̞ˑ ɡ̊ æ ʒ̥
nöyrä	n ø̞ y̯ r
nöyrä	n ø̞ y̯ r æ
oas	o̞ ɑˑ z̠
oas	o̞ ɑˑ ʒ̥
obednoi	o̞ b e̞ˑ d n ŏ̞̥
obednoi	o̞ b̥ e̞ˑ d̥ n o̞ i̯
obezjana	o̞ b e̞ˑ z̠ j ɑ n ɑˑ
obezjana	o̞ b̥ e̞ˑ ʒ j ɑ n ɑˑ
obidna	o̞ b iˑ d n
obidna	o̞ b̥ iˑ d̥ n ɑ
obidnaal	o̞ b iˑ d n ə ɫː
obidnaal	o̞ b̥ iˑ d̥ n ɑː ɫ
obižoittaa	o̞ b iˑ ʒ o̞ i̯ tː ɑ
obižoittaa	o̞ b̥ iˑ ʒ̥ o̞ i̯ tː ɑː
oblasti	o̞ b ɫ ə s̠ tʲ
oblasti	o̞ b̥ ɫ ɑ ʃ t i
oblono	o̞ b ɫ ə n ŏ̞̥
oblono	o̞ b̥ ɫ o̞ n o̞
obolocka	o̞ b o̞ˑ ɫ ŏ̞ t͡ʃ k
obolocka	o̞ b̥ o̞ˑ ɫ o̞ t͡ʃ k ɑ
oboza	o̞ b o̞ˑ z̠
oboza	o̞ pˑ o̝ː ʒ̥ ɑ
ockat	o̞ t͡ʃ k ɑ d̥
ockat	o̞ t͡ʃ k ə d
odnako	o̞ d n ə k ŏ̞̥
odnako	o̞ d̥ n ɑ ɡ̊ o̞
odra	o̞ d r
odra	o̞ d̥ r ɑ
odra	o̞ ʒ̥ r ɑ
odrain	o̞ d r ə i̯ n
odrain	o̞ ʒ̥ r ɑ i̯ n
odrakakku	o̞ d r ə k ɑ kː ŭ̥
odrakakku	o̞ ʒ̥ r ɑ ɡ̊ ɑ kː u
odranpää	o̞ d r ə m p æː
odranpää	o̞ d̥ r ɑ m p æː
odrapelto	o̞ d r ə p e̞ ɫ t ŏ̞̥
odrapelto	o̞ d̥ r ɑ b̥ e̞ ɫ d̥ o̞
odrapudro	o̞ d r ə p u d r ŏ̞̥
odrapudro	o̞ d̥ r ɑ b̥ u d̥ r o̞
odrapurnu	o̞ d r ə p u r n ŭ̥
odrapurnu	o̞ ʒ̥ r ɑ b̥ u r n u
odrariihi	o̞ d r ə r iː hʲ
odrariihi	o̞ ʒ̥ r ɑ r iː ɣ̥ i
odrasuurima	o̞ d r ə s̠ uː r ĭ m
odrasuurima	o̞ ʒ̥ r ɑ ʃ uː r i m ɑ
odrasuurimikko	o̞ d r ə s̠ uː r ĭ m i kː ŏ̞̥
odrasuurimikko	o̞ ʒ̥ r ɑ ʃ uː r i m i kː o̞ i̯
odrikko	o̞ d r ə kː ŏ̞̥
odrikko	o̞ ʒ̥ r i kː o̞ i̯
oelma	o̞ e̞ˑ ɫ m
oelma	o̞ e̞ˑ ɫ m ɑ
oennella	o̞ e̞ˑ n n e̞ ɫː ɑ
oennella	o̞ e̞ˑ nː e̞ ɫː
oentaa	o̞ e̞ˑ n d̥ ɑː
oentaa	o̞ e̞ˑ n t ɑ
ofitsera	o̞ f iˑ t͡s e̞ r ɑˑ
ofitsera	o̞ f iˑ t͡s̠ e̞ r ɑˑ
ofitseri	o̞ f iˑ t͡s e̞ r iˑ
ofitseri	o̞ f iˑ t͡s̠ e̞ r iˑ
oh	o̞ h
oh	o̞ ɣ̥
ohahtaa	o̞ h ɑˑ h t ɑ
ohahtaa	o̞ ɣ̥ ɑˑ h t ɑː
ohaksennella	o̞ h ɑˑ k s̠ e̞ nː e̞ ɫː
ohaksennella	o̞ ɣ̥ ɑˑ k ʃ e̞ nː e̞ ɫː ɑ
ohhaus	o̞ xː ə u z̠
ohhaus	o̞ xˑ ɑ u̯ ʒ̥
ohja	o̞ h i
ohja	o̞ ɣ̥ j ɑ
ohjas	o̞ h j ə z̠
ohjas	o̞ ɣ̥ j ɑ ʒ̥
ohjata	o̞ h j ə t
ohjata	o̞ ɣ̥ j ɑ d̥ ɑ
ohkaa	o̞ x k ɑ
ohkaa	o̞ x k ɑː
ohkia	o̞ x k e̞
ohkia	o̞ x k i ɑ
ohotnikka	o̞ h o̞ˑ t n ĭ kː
ohotnikka	o̞ ɣ̥ o̞ˑ d n i kː ɑ
ohotta	o̞ h o̞ˑ tː
ohotta	o̞ ɣ̥ o̞ˑ tː ɑ
ohtajain	o̞ h t ɑ j ɑ i̯ n
ohtajain	o̞ h t ə j ə i̯ n
ohto	o̞ h t o̞
ohto	o̞ h t ŏ̞̥
ohukkain	o̞ h uˑ kː ə i̯ n
ohukkain	o̞ ɣ̥ uˑ kː ɑ i̯ n
ohvotta	o̞ h ʋ ŏ̞ tː
ohvotta	o̞ ɣ̥ ʋ o̞ tː ɑ
ohvottaissa	o̞ h ʋ ŏ̞ tː ə s̠ː
ohvottaissa	o̞ ɣ̥ ʋ o̞ t t ɑ i̯ ʃː ɑ
oikehus	o̞ i̯ k e̞ ɣ̥ u ʒ̥
oikehus	o̞ i̯ k ə h ŭ z̠
oikia	o̞ i̯ k e̞
oikia	o̞ i̯ k i ɑ
oikiaal	o̞ i̯ k e̞ ɫː
oikiaal	o̞ i̯ k i ɑː ɫ
oikianurkkain	o̞ i̯ k e̞ n u r kː ə i̯ n
oikianurkkain	o̞ i̯ k i ɑ n u r kː ɑ i̯ n
oikiasooli	o̞ i̯ k e̞ s̠ oː lʲ
oikiasooli	o̞ i̯ k i ɑ ʃ o̝ː l i
oikiast	o̞ i̯ k e̞ s̠ t
oikiast	o̞ i̯ k i ɑː ʃ t
oikii	o̞ i̯ k i
oikii	o̞ i̯ k iː
oikiin	o̞ i̯ k i n
oikiin	o̞ i̯ k iː n
oikoa	o̞ i̯ k o̞
oikoa	o̞ i̯ k o̞ j ɑ
oja	o̞ j ɑˑ
ojapuu	o̞ j ɑˑ p uː
ojata	o̞ j ɑˑ d̥ ɑ
ojata	o̞ j ɑˑ t
ojeta	o̞ j e̞ˑ d̥ ɑ
ojeta	o̞ j e̞ˑ t
oksa	o̞ k s̠
oksa	o̞ k ʃ ɑ
oksakas	o̞ k s̠ ə k ə z̠
oksakas	o̞ k ʃ ɑ ɡ̊ ɑ ʒ̥
oksatoin	o̞ k s̠ ə t ŏ̞ i̯ n
oksatoin	o̞ k ʃ ɑ d̥ o̞ i̯ n
oksentaa	o̞ k s̠ ə n t ɑ
oksentaa	o̞ k ʃ e̞ n d̥ ɑː
oksentaa	o̞ k ʃ e̞ n t ɑː
oksentaissa	o̞ k s̠ ə n t ɑ i̯ s̠ː
oksentaissa	o̞ k ʃ e̞ n t ɑ i̯ ʃː ɑ
oktjabrenka	o̞ k tʲ ɑ b r e̞ ŋ ɡ̊ ɑ
oktjabrenka	o̞ k tʲ ə b r e̞ ŋ k
oktjabri	o̞ k tʲ ɑ b̥ r i
oktjabri	o̞ k tʲ ə b rʲ
oktjabrikuu	o̞ k tʲ ɑ b̥ r i k uː
oktjabrikuu	o̞ k tʲ ə b r i k uː
oktjabrskoi	o̞ k tʲ ɑ b̥ r ʃ k o̞ i̯
oktjabrskoi	o̞ k tʲ ə b r s̠ k ŏ̞̥
oleni	o̞ ɫ e̞ˑ nʲ
oleni	o̞ ɫˑ e̝ː n i
olenikolhoza	o̞ ɫ e̞ˑ n i k o̞ ɫ h ŏ̞ z̠
olenikolhoza	o̞ ɫˑ e̝ː n i ɡ̊ o̞ ɫ ɣ̥ o̞ ʒ̥ ɑ
oleninpito	o̞ ɫ e̞ˑ n i m p i t o̞ˑ
oleninpito	o̞ ɫˑ e̝ː n i m b̥ i d̥ o̞ˑ
oleninpitotehnikuma	o̞ ɫ e̞ˑ n i m p i t o̞ˑ t e̞ h n ĭ k u m ɑˑ
oleninpitotehnikuma	o̞ ɫˑ e̝ː n i m b̥ i d̥ o̞ˑ d̥ e̞ ɣ̥ n i ɡ̊ u m ɑˑ
olenisovhoza	o̞ ɫ e̞ˑ n i s̠ o̞ ʋ h ŏ̞ z̠
olenisovhoza	o̞ ɫˑ e̝ː n i ʒ̥ o̞ ʋ ɣ̥ o̞ ʒ̥ ɑ
olenitalohus	o̞ ɫ e̞ˑ n i t ɑ ɫ o̞ˑ h ŭ z̠
olenitalohus	o̞ ɫˑ e̝ː n i d̥ ɑ ɫ o̞ˑ ɣ̥ u ʒ̥
oleva	o̞ ɫ e̞ˑ ʋ
oleva	o̞ ɫˑ e̝ː ʋ ɑ
oli	o̞ lʲ iˑ
olimma	o̞ lʲ iˑ mː
olimma	o̞ lʲ iˑ mː ɑ
olin	o̞ lʲ iˑ n
olit	o̞ lʲ iˑ d
olit	o̞ lʲ iˑ d̥
olitta	o̞ lʲ iˑ tː
olitta	o̞ lʲ iˑ tː ɑ
olivat	o̞ l iˑ ʋ ɑ d̥
olivat	o̞ lʲ iˑ ʋ ə d
olki	o̞ ɫ kʲ
olki	o̞ ɫ ɡ̊ i
olkimytty	o̞ ɫ k ĭ m y tʲː y̥̆
olkimytty	o̞ ɫ ɡ̊ i m y tː y
olkitalla	o̞ ɫ k ĭ t ɑ ɫː
olkitalla	o̞ ɫ ɡ̊ i d̥ ɑ ɫː ɑ
olla	o̞ ɫː
olla	o̞ ɫː ɑ
ollaa	o̞ ɫː ɑ
ollaa	o̞ ɫː ɑː
olo	o̞ ɫ o̞ˑ
olt	o̞ ɫ d
olt	o̞ ɫ d̥
oltii	o̞ ɫ t iː
oltii	o̞ ɫ tʲ i
olut	o̞ ɫ uˑ d
olut	o̞ ɫ uˑ d̥
olutallas	o̞ ɫ uˑ d ɑ ɫː ɑ ʒ̥
olutallas	o̞ ɫ uˑ d ɑ ɫː ə z̠
oma	o̞ m ɑˑ
omena	o̞ m e̞ˑ n
omena	o̞ mˑ e̝ː n ɑ
omenahauta	o̞ m e̞ˑ n ɑ h ɑ u̯ t
omenahauta	o̞ mˑ e̝ː n ɑ h ɑ u̯ d̥ ɑ
omenajauho	o̞ m e̞ˑ n ɑ j ɑ u̯ h ŏ̞̥
omenajauho	o̞ mˑ e̝ː n ɑ j ɑ u̯ ɣ̥ o̞
omenanraakeli	o̞ m e̞ˑ n ɑ n r ɑː k e̞ lʲ
omenanraakeli	o̞ mˑ e̝ː n ɑ n r ɑː ɡ̊ e̞ lʲ i
omenapuu	o̞ m e̞ˑ n ɑ p uː
omenapuu	o̞ mˑ e̝ː n ɑ p uː
omenasaadu	o̞ m e̞ˑ n ɑ s̠ ɑː d ŭ̥
omenasaadu	o̞ mˑ e̝ː n ɑ ʃ ɑː d̥ u
ommella	o̞ mː e̞ ɫː
ommella	o̞ mː e̞ ɫː ɑ
ompelija	o̞ m b̥ e̞ lʲ i j ɑˑ
ompelija	o̞ m p ə lʲ i j ɑˑ
ompelikki	o̞ m b̥ e̞ lʲ i kː i
ompelikki	o̞ m p ə lʲ ĭ kʲː
ompelos	o̞ m p e̞ ɫ o̞ ʒ̥
ompelos	o̞ m p ə ɫ ŏ̞ z̠
ompelosmašina	o̞ m p e̞ ɫ o̞ ʒ m ɑ ʃˑ iː n ɑ
ompelosmašina	o̞ m p ə ɫ o̞ z̠ m ɑ ʃ iˑ n
ompelostöö	o̞ m p e̞ ɫ o̞ ʃ t ø̝ː
ompelostöö	o̞ m p ə ɫ o̞ s̠ t øː
ongenvars	o̞ ŋ ɡ ə n ʋ ɑ r s̠ʲ
ongenvars	o̞ ŋ ɡ̊ e̞ n ʋ ɑ r ʒ̥
onki	o̞ ŋ kʲ
onki	o̞ ŋ ɡ̊ i
onkia	o̞ ŋ k e̞
onkia	o̞ ŋ k i ɑ
onkikokka	o̞ ŋ k ĭ k o̞ kː
onkikokka	o̞ ŋ ɡ̊ i ɡ̊ o̞ kː ɑ
onnekas	o̞ nː e̞ ɡ̊ ɑ ʒ̥
onnekas	o̞ nː ə k ə z̠
onnelikas	o̞ nː e̞ lʲ i ɡ̊ ɑˑ ʒ̥
onnelikas	o̞ nː ə lʲ i k ɑˑ z̠
onnetoin	o̞ nː e̞ d̥ o̞ i̯ n
onnetoin	o̞ nː ə t ŏ̞ i̯ n
onnettomus	o̞ nː e̞ t t o̞ m uˑ ʒ̥
onnettomus	o̞ nː ə t t o̞ m uˑ z̠
onni	o̞ nʲː
onni	o̞ nː i
onnistua	o̞ nː i ʃ t u ɑˑ
onnistua	o̞ nː ĭ s̠ t u ɑˑ
ono	o̞ n o̞ˑ
oo	oː
oo	o̝ː
oolo	oː ɫ ŏ̞̥
oolo	o̝ː ɫ o̞ i̯
oomma	oː mː
oomma	o̝ː mː ɑ
oon	oː n
oon	o̝ː n
oot	oː d
oot	o̝ː d̥
ootella	oː t e̞ ɫː
ootella	o̝ː d̥ e̞ ɫː ɑ
ootta	oː tː
ootta	o̝ː tː ɑ
opasnoi	o̞ b̥ ɑˑ ʒ̥ n o̞ i̯
opasnoi	o̞ p ɑˑ s̠ n ŏ̞̥
opastaa	o̞ b̥ ɑˑ ʃ t ɑː
opastaa	o̞ p ɑˑ s̠ t ɑ
opastaja	o̞ b̥ ɑˑ ʃ t ɑ j ɑˑ
opastaja	o̞ p ɑˑ s̠ t ɑ j ɑˑ
opecatka	o̞ b̥ e̞ˑ t͡ʃ ɑ t k ɑ
opecatka	o̞ p e̞ˑ t͡ʃ ə t k
opettaa	o̞ b̥ e̞ˑ tː ɑː
opettaa	o̞ p e̞ˑ tː ɑ
opettaja	o̞ b̥ e̞ˑ t t ɑ j ɑˑ
opettaja	o̞ p e̞ˑ t t ɑ j ɑˑ
opetus	o̞ p e̞ˑ t ŭ z̠
opetus	o̞ pˑ e̝ː d̥ u ʒ̥
opilka	o̞ b̥ iˑ ɫ ɡ̊ ɑ
opilka	o̞ p iˑ ɫ k
opinikka	o̞ b̥ iˑ n i kː ɑ
opinikka	o̞ p iˑ n ĭ kː
opokka	o̞ b̥ o̞ˑ kː ɑ
opokka	o̞ p o̞ˑ kː
opokkavihma	o̞ b̥ o̞ˑ kː ɑ ʋ i ɣ̥ m ɑ
opokkavihma	o̞ p o̞ˑ kː ɑ ʋ i h m
oppi	o̞ pʲː
oppi	o̞ pː i
oppia	o̞ pː e̞
oppia	o̞ pː i ɑ
oppihua	o̞ pː i h u ɑˑ
oppihua	o̞ pː ĭ h u ɑˑ
oppihussa	o̞ pː i ɣ̥ u ʃː ɑ
oppihussa	o̞ pː ĭ h u s̠ː
oppiissa	o̞ pː i s̠ː
oppiissa	o̞ pː iː ʃː ɑ
oppikirja	o̞ pː i ɡ̊ i r j ɑ
oppikirja	o̞ pː ĭ k i r i
oppikoti	o̞ pː i ɡ̊ o̞ d̥ iˑ
oppikoti	o̞ pː ĭ k o̞ tʲ iˑ
oppilaps	o̞ pː i ɫ ɑ p ʃ
oppilaps	o̞ pː ĭ ɫ ɑ p s̠
oppimees	o̞ pː i m e̝ː ʒ̥
oppimees	o̞ pː ĭ m eː z̠
oppitunni	o̞ pː i d̥ u nː i
oppitunni	o̞ pː ĭ t u nʲː
oppivintovka	o̞ pː i ʋ i n d̥ o̞ f k ɑ
oppivintovka	o̞ pː ĭ ʋ i n t ŏ̞ f k
oppivoos	o̞ pː i ʋ o̝ː ʒ̥
oppivoos	o̞ pː ĭ ʋ oː z̠
oras	o̞ r ɑˑ z̠
oras	o̞ r ɑˑ ʒ̥
orasheinä	o̞ r ɑˑ s̠ h e̞ i̯ n
orasheinä	o̞ r ɑˑ ʃ h e̞ i̯ n æ
oraspelto	o̞ r ɑˑ s̠ p e̞ ɫ t ŏ̞̥
oraspelto	o̞ r ɑˑ ʃ p e̞ ɫ d̥ o̞
orasrooho	o̞ r ɑˑ z̠ r oː h ŏ̞̥
orasrooho	o̞ r ɑˑ ʒ r o̝ː ɣ̥ o̞
orastua	o̞ r ɑˑ s̠ t u ɑˑ
orastua	o̞ r ɑˑ ʃ t u ɑˑ
orava	o̞ r ɑˑ ʋ
orava	o̞ rˑ ɑː ʋ ɑ
orfografia	o̞ r f o̞ k r ɑ f i ɑ
orfografia	o̞ r f ŏ̞ ɡ r ɑ f eː
organa	o̞ r k ɑ n ɑ
organa	o̞ r ɡ ə n
organisma	o̞ r ɡ ə n ĭ s̠ m
organisma	o̞ r ɡ̊ ɑ n i ʒ̥ m ɑ
organisoittaa	o̞ r ɡ ə n i s̠ o̞ˑ i tː ɑ
organisoittaa	o̞ r ɡ̊ ɑ n i ʒ̥ o̞ˑ iˑ tː ɑː
ori	o̞ r iˑ
orimarja	o̞ r iˑ m ɑ r i
orimarja	o̞ r iˑ m ɑ r j ɑ
orja	o̞ r i
orja	o̞ r j ɑ
orjalain	o̞ r j ɑ ɫ ɑ i̯ n
orjalain	o̞ r j ə ɫ ə i̯ n
orjamarja	o̞ r j ɑ m ɑ r j ɑ
orjamarja	o̞ r j ə m ɑ r i
orjamarjapehko	o̞ r j ɑ m ɑ r j ɑ b̥ e̞ x k o̞
orjamarjapehko	o̞ r j ə m ɑ r j ə p e̞ x k ŏ̞̥
orjamarjapuu	o̞ r j ɑ m ɑ r j ɑ p uː
orjamarjapuu	o̞ r j ə m ɑ r j ə p uː
orjumarja	o̞ r j u m ɑ r j ɑ
orjumarja	o̞ r j ŭ m ɑ r i
orjus	o̞ r j u ʒ̥
orjus	o̞ r j ŭ z̠
oro	o̞ r o̞ i̯
oro	o̞ r o̞ˑ
orpo	o̞ r b̥ o̞ i̯
orpo	o̞ r p ŏ̞̥
orpolaps	o̞ r b̥ o̞ i̯ ɫ ɑ p ʃ
orpolaps	o̞ r p ŏ̞ ɫ ɑ p s̠
orsi	o̞ r s̠ʲ
orsi	o̞ r ʒ̥ i
osa	o̞ s̠ ɑˑ
osa	o̞ ʒ̥ ɑˑ
osalliin	o̞ s̠ ɑˑ lʲ lʲ i n e̞ˑ
osalliin	o̞ ʒ̥ ɑˑ lː iː n
osamees	o̞ s̠ ɑˑ m eː z̠
osamees	o̞ ʒ̥ ɑˑ m e̝ː ʒ̥
osata	o̞ s̠ ɑˑ t
osata	o̞ ʒ̥ ɑˑ d̥ ɑ
osittee	o̞ s̠ iˑ tː e̞
osittee	o̞ ʒ̥ iˑ tː e̝ː
osla	o̞ z̠ ɫ
osla	o̞ ʒ̥ ɫ ɑ
osmuška	o̞ s̠ m ŭ ʃ k
osmuška	o̞ ʒ̥ m u ʃ k ɑ
osnovnoi	o̞ s̠ n ə ʋ n ŏ̞̥
osnovnoi	o̞ ʒ̥ n o̞ ʋ n o̞ i̯
osoittaa	o̞ s̠ o̞ˑ i tː ɑ
osoittaa	o̞ ʃˑ o̞ i̯ tː ɑː
osoitus	o̞ s̠ o̞ˑ i t u z̠
osoitus	o̞ ʒ̥ o̞ˑ iˑ d̥ u ʒ̥
osra	o̞ z̠ r
osra	o̞ ʒ̥ r ɑ
ostaa	o̞ s̠ t ɑ
ostaa	o̞ ʃ t ɑː
ostaja	o̞ s̠ t ə i̯
ostaja	o̞ ʃ t ɑ j ɑ
osto	o̞ s̠ t ŏ̞̥
osto	o̞ ʃ t o̞
ostooma	o̞ s̠ t o̞ o̞ m ɑˑ
ostooma	o̞ ʃ t o̞ o̞ m ɑˑ
otnošenja	o̞ d̥ n o̞ ʒ̥ e̞ ɲ ɑˑ
otnošenja	o̞ t n ŏ̞ ʃ e̞ ɲ ɑˑ
otsa	o̞ t͡s ɑ
otsa	o̞ t͡s̠
otsain	o̞ t͡s ɑ i̯ n
otsain	o̞ t͡s̠ ə i̯ n
otsakeero	o̞ t͡s ɑ k e̝ː r o̞
otsakeero	o̞ t͡s̠ ə k eː r ŏ̞̥
otsatoin	o̞ t͡s ɑ d̥ o̞ i̯ n
otsatoin	o̞ t͡s̠ ə t ŏ̞ i̯ n
otsattomast	o̞ t͡s ɑ t t o̞ m ɑˑ ʃ t
otsattomast	o̞ t͡s̠ ə t t o̞ m ɑˑ s̠ t
otstavnoi	o̞ t͡s t ɑ ʋ n o̞ i̯
otstavnoi	o̞ t͡s̠ t ə ʋ n ŏ̞̥
ottaa	o̞ tː ɑ
ottaa	o̞ tː ɑː
ottajaiset	o̞ tː ɑ j ɑ i̯ ʃ t
ottajaiset	o̞ tː ɑ j ɑ i̯ ʒ̥ e̞ d̥
ottajaiset	o̞ tː ə j ɑ i̯ s̠ e̞ d
otus	o̞ d̥ uˑ ʒ̥
otus	o̞ t uˑ z̠
ouna	o̞ u̯ n
ouna	o̞ u̯ n ɑ
ounapuin	o̞ u̯ n ɑ p u i̯ n
ounapuin	o̞ u̯ n ə p u i̯ n
ounapuu	o̞ u̯ n ɑ p uː
ounapuu	o̞ u̯ n ə p uː
ovat	o̞ ʋ ɑˑ d
ovat	o̞ ʋ ɑˑ d̥
ovi	o̞ ʋ iˑ
ovirauta	o̞ ʋ iˑ r ɑ u̯ d̥ ɑ
ovirauta	o̞ ʋ iˑ r ɑ u̯ t
paarma	p ɑː r m
paarma	p ɑː r m ɑ
paarmahain	p ɑː r m ɑ h ɑ i̯ n
paarmahain	p ɑː r m ə h ə i̯ n
paarmas	p ɑː r m ɑ ʒ̥
paarmas	p ɑː r m ə z̠
paaromain	p ɑː r o̞ m ɑ i̯ n
paaromain	p ɑː r ŏ̞ m ə i̯ n
paasi	p ɑː s̠ʲ
paasi	p ɑː ʒ̥ i
paasto	p ɑː s̠ t ŏ̞̥
paasto	p ɑː ʃ t o̞
packa	p ɑ t͡ʃ k
packa	p ɑ t͡ʃ k ɑ
padeža	p ɑ d e̞ˑ ʒ
padeža	p ɑ d̥ e̞ˑ ʒ̥ ɑ
paeta	p ɑ e̞ˑ d̥ ɑ
paeta	p ɑ e̞ˑ t
pagla	p ɑ ɡ ɫ
pagla	p ɑ ɡ̊ ɫ ɑ
paha	p ɑ h ɑˑ
paha	p ɑ ɣ̥ ɑˑ
pahain	p ɑ h ɑ i̯ n
pahain	p ɑ xˑ ɑ i̯ n
pahalain	p ɑ h ɑˑ ɫ ə i̯ n
pahalain	p ɑ ɣ̥ ɑˑ ɫ ɑ i̯ n
pahameeliin	p ɑ h ɑˑ m eː lʲ ĭ n
pahameeliin	p ɑ ɣ̥ ɑˑ m e̝ː lʲ iː n
pahantekijä	p ɑ h ɑˑ n t e̞ k i j
pahantekijä	p ɑ ɣ̥ ɑˑ n d̥ e̞ kˑ iː j æ
pahapäivä	p ɑ h ɑˑ p æ i̯ ʋ
pahapäivä	p ɑ ɣ̥ ɑˑ p æ i̯ ʋ æ
pahemp	p ɑ h e̞ˑ m pʲ
pahemp	p ɑ h e̞ˑ pʲ
pahemp	p ɑ ɣ̥ e̞ˑ m b̥
pahhuus	p ɑ xː u z̠
pahhuus	p ɑ xˑ uː ʒ̥
pahka	p ɑ x k
pahka	p ɑ x k ɑ
pahko	p ɑ x k o̞
pahko	p ɑ x k ŏ̞̥
pahkoma	p ɑ x k o̞ m ɑ
pahkoma	p ɑ x k ŏ̞ m
pahkura	p ɑ x k u r ɑ
pahkura	p ɑ x k ŭ r
pahna	p ɑ h n
pahna	p ɑ ɣ̥ n ɑ
paijata	p ɑ i̯ j ɑ d̥ ɑ
paijata	p ɑ i̯ j ə t
paikata	p ɑ i̯ k ə t
paikata	p ɑ i̯ ɡ̊ ɑ d̥ ɑ
paikka	p ɑ i̯ kː
paikka	p ɑ i̯ kː ɑ
paimen	p ɑ i̯ m e̞ n
paimenenna	p ɑ i̯ m e̞ n e̝ː n
paimenenna	p ɑ i̯ m ə n e̞ nː
paimenpoika	p ɑ i̯ m e̞ m p o̞ i̯ ɡ̊ ɑ
paimenpoika	p ɑ i̯ m ə m p o̞ i̯ k
painaa	p ɑ i̯ n ɑ
painaa	p ɑ i̯ n ɑː
painava	p ɑ i̯ n ɑ ʋ ɑ
painava	p ɑ i̯ n ə ʋ
paine	p ɑ i̯ n
paine	p ɑ i̯ n e̞
paino	p ɑ i̯ n o̞
paino	p ɑ i̯ n ŏ̞̥
painokas	p ɑ i̯ n o̞ ɡ̊ ɑ ʒ̥
painokas	p ɑ i̯ n ŏ̞ k ə z̠
painokkaamp	p ɑ i̯ n o̞ k k ɑ ɣ̥ ɑˑ m b̥
painokkaamp	p ɑ i̯ n ə kː ɑ m pʲ
painokkaamp	p ɑ i̯ n ə kː ɑ pʲ
painopuu	p ɑ i̯ n o̞ p uː
painopuu	p ɑ i̯ n ŏ̞ p uː
painopääveitsi	p ɑ i̯ n o̞ p æː ʋ e̞ i̯ t͡s i
painopääveitsi	p ɑ i̯ n ŏ̞ p æː ʋ e̞ i̯ t͡s̠ʲ
painotoin	p ɑ i̯ n o̞ d̥ o̞ i̯ n
painotoin	p ɑ i̯ n ŏ̞ t ŏ̞ i̯ n
painua	p ɑ i̯ n o̞
painua	p ɑ i̯ n u ɑ
painumatoin	p ɑ i̯ n u m ɑ d̥ o̞ˑ iˑ n
painumatoin	p ɑ i̯ n ŭ m ɑ t o̞ i̯ n
painutos	p ɑ i̯ n u d̥ o̞ ʒ̥
painutos	p ɑ i̯ n ŭ t ŏ̞ z̠
painutossiha	p ɑ i̯ n u d̥ o̞ ʃ ʃ i ɣ̥ ɑˑ
painutossiha	p ɑ i̯ n ŭ t o̞ s̠ s̠ i h ɑˑ
painuttaa	p ɑ i̯ n u tː ɑː
painuttaa	p ɑ i̯ n ə tː ɑ
painuttiissa	p ɑ i̯ n u t t iː ʃː ɑ
painuttiissa	p ɑ i̯ n ŭ tʲ tʲ iː s̠ː
paisettua	p ɑ i̯ s̠ ə t t u ɑˑ
paisettua	p ɑ i̯ ʒ̥ e̞ t t u ɑˑ
paissahtaa	p ɑ i̯ s̠ː ə h t ɑ
paissahtaa	p ɑ i̯ ʃː ɑ h t ɑː
paisse	p ɑ i̯ s̠ː
paisse	p ɑ i̯ ʃː e̞
paissettua	p ɑ i̯ s̠ː ə t t u ɑˑ
paissettua	p ɑ i̯ ʃː e̞ t t u ɑˑ
paistaa	p ɑ i̯ s̠ t ɑ
paistaa	p ɑ i̯ ʃ t ɑː
paita	p ɑ i̯ d̥ ɑ
paita	p ɑ i̯ t
paitulain	p ɑ i̯ d̥ u ɫ ɑ i̯ n
paitulain	p ɑ i̯ t ŭ ɫ ə i̯ n
paja	p ɑ j ɑˑ
paju	p ɑ j uˑ
pajuisikko	p ɑ j u j s̠ i kː ŏ̞̥
pajuisikko	p ɑ jˑ u i̯ ʒ̥ i kː o̞ i̯
pajupuu	p ɑ j uˑ p uː
pajusoittu	p ɑ j uˑ s̠ o̞ i̯ tː ŭ̥
pajusoittu	p ɑ j uˑ ʃ o̞ i̯ tː u
pajuvitsa	p ɑ j uˑ ʋ i t͡s ɑ
pajuvitsa	p ɑ j uˑ ʋ i t͡s̠
pakana	p ɑ k ɑˑ n
pakana	p ɑ kˑ ɑː n ɑ
pakata	p ɑ k ɑˑ t
pakata	p ɑ ɡ̊ ɑˑ d̥ ɑ
pakkain	p ɑ kː ɑ i̯ n
pakkain	p ɑ kː ə i̯ n
pakko	p ɑ kː o̞
pakko	p ɑ kː ŏ̞̥
pakkoo	p ɑ kː o̝ː
pakkoo	p ɑ kː o̞
pakkoo	p ɑ kˑ o̝ː
pakkopää	p ɑ kː o̞ p æː
pakkopää	p ɑ kː ŏ̞ p æː
pako	p ɑ k o̞ˑ
pako	p ɑ ɡ̊ o̞ˑ
paksu	p ɑ k s̠ ŭ̥
paksu	p ɑ k ʃ u
paksuposkiin	p ɑ k s̠ ŭ p o̞ s̠ k ĭ n
paksuposkiin	p ɑ k ʃ u b̥ o̞ ʃ k iː n
paksusooli	p ɑ k s̠ ŭ s̠ oː lʲ
paksusooli	p ɑ k ʃ u ʃ o̝ː l i
pala	p ɑ ɫ ɑˑ
palain	p ɑ ɫ ɑ i̯ n
palain	p ɑ ɫˑ ɑ i̯ n
pale	p ɑ ɫ e̞ˑ
palentaa	p ɑ ɫ e̞ˑ n t ɑ
palentaa	p ɑ ɫ e̞ˑ n t ɑː
palentua	p ɑ ɫ e̞ˑ n t u ɑˑ
paljakas	p ɑ lʲ j ɑ ɡ̊ ɑ ʒ̥
paljakas	p ɑ lʲː ə k ə z̠
paljas	p ɑ lʲ j ɑ ʒ̥
paljas	p ɑ lʲː ə z̠
paljastaa	p ɑ lʲ j ɑ ʃ t ɑː
paljastaa	p ɑ lʲː ə s̠ t ɑ
paljma	p ɑ lʲ m
paljma	p ɑ lʲ m ɑ
paljo	p ɑ lʲ j o̞
paljo	p ɑ lʲː ŏ̞̥
paljoznacnoi	p ɑ lʲ j o̞ ʒ̥ n ɑ t͡ʃ n o̞ i̯
paljoznacnoi	p ɑ lʲː ŏ̞ z̠ n ɑ t͡ʃ n ŏ̞̥
paljtto	p ɑ lʲ tː o̞
paljtto	p ɑ lʲ tː ŏ̞̥
palkanlaps	p ɑ ɫ k ə n ɫ ɑ p s̠
palkanlaps	p ɑ ɫ ɡ̊ ɑ n ɫ ɑ p ʃ
palkata	p ɑ ɫ k ə t
palkata	p ɑ ɫ ɡ̊ ɑ d̥ ɑ
palkka	p ɑ ɫ kː
palkka	p ɑ ɫ kː ɑ
palkkahua	p ɑ ɫ kː ɑ h u ɑˑ
palkkahua	p ɑ ɫ kː ə h u ɑˑ
palkki	p ɑ ɫ kʲː
palkki	p ɑ ɫ kː i
palko	p ɑ ɫ k ŏ̞̥
palko	p ɑ ɫ ɡ̊ o̞
palkolliin	p ɑ ɫ k ŏ̞ lʲ lʲ i n e̞ˑ
palkolliin	p ɑ ɫ ɡ̊ o̞ i̯ lː iː n
pallaa	p ɑ ɫː ɑ
pallaa	p ɑ ɫˑ ɑː
palle	p ɑ ɫː
palle	p ɑ ɫː e̞
pallo	p ɑ ɫː o̞
pallo	p ɑ ɫː ŏ̞̥
palmikko	p ɑ ɫ m i kː o̞ i̯
palmikko	p ɑ ɫ m ə kː ŏ̞̥
palmikoija	p ɑ ɫ m i ɡ̊ o̞ i̯ j ɑ
palmikoija	p ɑ ɫ m ĭ k ŏ̞ i̯
palo	p ɑ ɫ o̞ˑ
palokas	p ɑ ɫ o̞ˑ k ə z̠
palokas	p ɑ ɫ o̞ˑ ɡ̊ ɑ ʒ̥
palolintu	p ɑ ɫ o̞ˑ lʲ i n d̥ u
palolintu	p ɑ ɫ o̞ˑ lʲ i n t ŭ̥
palomašina	p ɑ ɫ o̞ˑ m ɑ ʃ iˑ n
palomašina	p ɑ ɫ o̞ˑ m ɑ ʃˑ iː n ɑ
paltti	p ɑ ɫ tʲː
paltti	p ɑ ɫ tː i
palttina	p ɑ ɫ tʲː ĭ n
palttina	p ɑ ɫ tː i n ɑ
palttinain	p ɑ ɫ tː i n ɑ i̯ n
palttinain	p ɑ ɫ tː ĭ n ə i̯ n
palvata	p ɑ ɫ ʋ ɑ d̥ ɑ
palvata	p ɑ ɫ ʋ ə t
palvoa	p ɑ ɫ ʋ o̞
palvoa	p ɑ ɫ ʋ o̞ ɑ
pamppu	p ɑ m pː u
pamppu	p ɑ m pː ŭ̥
panekki	p ɑ n e̞ˑ kʲː
panekki	p ɑ n e̞ˑ kː i
panka	p ɑ ŋ k
panka	p ɑ ŋ ɡ̊ ɑ
pankapyssy	p ɑ ŋ k ə p y s̠ː y̥̆
pankapyssy	p ɑ ŋ ɡ̊ ɑ b̥ y ʃː y
panki	p ɑ ŋ kʲ
panki	p ɑ ŋ ɡ̊ i
panna	p ɑ nː
panna	p ɑ nː ɑ
pannu	p ɑ nː u
pannu	p ɑ nː ŭ̥
pantti	p ɑ n tʲː
pantti	p ɑ n tː i
papa	p ɑ b̥ ɑˑ
papa	p ɑ p ɑˑ
paperi	p ɑ p e̞ˑ rʲ
paperi	p ɑ pˑ e̝ː r i
papka	p ɑ p k
papka	p ɑ p k ɑ
pappi	p ɑ pʲː
pappi	p ɑ pː i
pappiraunio	p ɑ pː i r ɑ u̯ n i o̞
pappiraunio	p ɑ pː ĭ r ɑ u̯ n i ŏ̞̥
pappu	p ɑ pː u
pappu	p ɑ pː ŭ̥
papu	p ɑ b̥ uˑ
papu	p ɑ p uˑ
para	p ɑ r ɑˑ
parahoda	p ɑ r ɑˑ h o̞ d ɑˑ
parahoda	p ɑ r ɑˑ ɣ̥ o̞ d̥ ɑˑ
parahodi	p ɑ r ɑˑ h o̞ dʲ iˑ
parahodi	p ɑ r ɑˑ ɣ̥ o̞ d̥ iˑ
paraikaa	p r ɑ i̯ k ɑ
paraikaa	p ɑ r ɑ i̯ k ɑː
paraikaa	p ə r ɑ i̯ k ɑ
paraikoi	p r ɑ i̯ k ŏ̞̥ i̯
paraikoi	p ɑ r ɑ i̯ k o̞ i̯
paraikoi	p ə r ɑ i̯ k ŏ̞̥ i̯
parandža	p ɑ r ɑˑ n d ʒ
parandža	p ɑ r ɑˑ n t ʃ ɑ
paras	p ɑ r ɑˑ z̠
paras	p ɑ r ɑˑ ʒ̥
paravoza	p ɑ r ɑˑ ʋ o̞ z̠ ɑˑ
paravoza	p ɑ r ɑˑ ʋ o̞ ʒ̥ ɑˑ
paremp	p ɑ r e̞ˑ m b̥
paremp	p ɑ r e̞ˑ m pʲ
paremp	p ɑ r e̞ˑ pʲ
parennos	p ɑ r e̞ˑ nː o̞ ʒ̥
parennos	p ɑ r e̞ˑ nː ŏ̞ z̠
parentaa	p ɑ r e̞ˑ n d̥ ɑː
parentaa	p ɑ r e̞ˑ n t ɑ
pareta	p ɑ r e̞ˑ d̥ ɑ
pareta	p ɑ r e̞ˑ t
pari	p ɑ r iˑ
parikas	p ɑ r iˑ k ə z̠
parikas	p ɑ r iˑ ɡ̊ ɑ ʒ̥
parikka	p ɑ r iˑ kː
parikka	p ɑ r iˑ kː ɑ
parisikko	p ɑ r iˑ s̠ i kː ŏ̞̥
parisikko	p ɑ r iˑ ʒ̥ i kː o̞ i̯
pariskunta	p ɑ r iˑ s̠ k u n t
pariskunta	p ɑ r iˑ ʃ k u n d̥ ɑ
parras	p ɑ rː ɑ ʒ̥
parras	p ɑ rː ə z̠
pars	p ɑ r z̠
pars	p ɑ r ʒ̥
parsi	p ɑ r s̠ʲ
parsi	p ɑ r ʒ̥ i
parta	p ɑ r d̥ ɑ
parta	p ɑ r t
partamees	p ɑ r d̥ ɑ m e̝ː ʒ̥
partamees	p ɑ r t ə m eː z̠
partia	p ɑ r t i ɑ
partia	p ɑ r tʲ e̞
partitiva	p ɑ r d̥ i d̥ i ʋ ɑˑ
partitiva	p ɑ r tʲ ĭ tʲ i ʋ ɑˑ
partitivaforma	p ɑ r d̥ i d̥ i ʋ ɑˑ f o̞ r m ɑ
partitivaforma	p ɑ r tʲ ĭ tʲ i ʋ ɑˑ f o̞ r m
partsa	p ɑ r t͡s ɑ
partsa	p ɑ r t͡s̠
partta	p ɑ r tː
partta	p ɑ r tː ɑ
partti	p ɑ r tʲː
partti	p ɑ r tː i
parvees	p ɑ r ʋ e̝ː ʒ̥
parvees	p ɑ r ʋ e̞ s̠ː
parvi	p ɑ r ʋ i
parvi	p ɑ r ʋʲ
paska	p ɑ s̠ k
paska	p ɑ ʃ k ɑ
paskain	p ɑ s̠ k ə i̯ n
paskain	p ɑ ʃ k ɑ i̯ n
passi	p ɑ s̠ʲː
passi	p ɑ ʃː i
passibo	p ɑ s̠ː ə b ŏ̞̥
passibo	p ɑ ʃː i b̥ o̞
pata	p ɑ d̥ ɑˑ
pata	p ɑ t ɑˑ
patahohla	p ɑ d̥ ɑˑ ɣ̥ o̞ ɣ̥ ɫ ɑ
patahohla	p ɑ t ɑˑ h o̞ h ɫ
patakunigas	p ɑ d̥ ɑˑ ɡ̊ u n iˑ ɡ̊ ɑ ʒ̥
patakunigas	p ɑ t ɑˑ k u n iˑ ɡ ə z̠
pataluhka	p ɑ d̥ ɑˑ ɫ u x k ɑ
pataluhka	p ɑ t ɑˑ ɫ u x k
patalusikka	p ɑ d̥ ɑˑ ɫ u ʒ̥ iˑ kː ɑ
patalusikka	p ɑ t ɑˑ ɫ u s̠ iˑ kː
pataässä	p ɑ d̥ ɑˑ æ ʃː æ
pataässä	p ɑ t ɑˑ æ s̠ː
patentti	p ɑ d̥ e̞ˑ n tː i
patentti	p ɑ t e̞ˑ n tʲː
patretti	p ɑ d r e̞ tʲː
patretti	p ɑ d̥ r e̞ tː i
patrona	p ɑ d r ŏ̞ n
patrona	p ɑ d̥ r o̞ n ɑ
patsas	p ɑ t͡s ɑ ʒ̥
patsas	p ɑ t͡s̠ ə z̠
patukka	p ɑ d̥ uˑ kː ɑ
patukka	p ɑ t uˑ kː
paturi	p ɑ t uˑ rʲ
paturi	p ɑ tˑ uː r i
pauhata	p ɑ u̯ h ə t
pauhata	p ɑ u̯ ɣ̥ ɑ d̥ ɑ
paukata	p ɑ u̯ k ə t
paukata	p ɑ u̯ ɡ̊ ɑ d̥ ɑ
paukkaa	p ɑ u̯ kː ɑ
paukkaa	p ɑ u̯ kː ɑː
paukkia	p ɑ u̯ kː e̞
paukkia	p ɑ u̯ kː i ɑ
paukku	p ɑ u̯ kː u
paukku	p ɑ u̯ kː ŭ̥
paukutella	p ɑ u̯ k ŭ t e̞ ɫː
paukutella	p ɑ u̯ ɡ̊ u d̥ e̞ ɫː ɑ
paukuttaa	p ɑ u̯ k ə tː ɑ
paukuttaa	p ɑ u̯ ɡ̊ u tː ɑː
pavunpalko	p ɑ ʋ uˑ m b̥ ɑ ɫ ɡ̊ o̞
pavunpalko	p ɑ ʋ uˑ m p ɑ ɫ k ŏ̞̥
pecka	p e̞ t͡ʃ k
pecka	p e̞ t͡ʃ k ɑ
pecnikka	p e̞ t͡ʃ n i kː ɑ
pecnikka	p e̞ t͡ʃ n ĭ kː
pecurka	p e̞ t͡ʃ uˑ r k
pecurka	p e̞ t͡ʃ uˑ r ɡ̊ ɑ
peehtaroija	p eː h t ə r ŏ̞ i̯
peehtaroija	p e̝ː h t ɑ r o̞ i̯ j ɑ
peeksää	p eː k s̠ æ
peeksää	p e̝ː k ʃ æː
peeli	p eː lʲ
peeli	p e̝ː lʲ i
peen	p eː nʲ
peen	p e̝ː n
peena	p eː n
peena	p e̝ː n ɑ
peeniks	p eː n ĭ k s̠
peeniks	p e̝ː n iː k ʃ
peenkari	p eː ŋ k ə rʲ
peenkari	p e̝ː ŋ ɡ̊ ɑ r i
peentara	p eː n t ə r
peentara	p e̝ː n t ɑ r ɑ
peenys	p eː n y̆ z̠
peenys	p e̝ː n y ʒ̥
peereskellä	p eː r ə s̠ k e̞ lʲː
peereskellä	p e̝ː r e̞ ʃ k e̞ lː æ
peerettää	p eː r ə tː æ
peerettää	p e̝ː r e̞ tː æː
peerrä	p eː rː
peerrä	p e̝ː rː æ
peeru	p eː r ŭ̥
peeru	p e̝ː r u
peesas	p eː s̠ ə z̠
peesas	p e̝ː ʒ̥ ɑ ʒ̥
pehko	p e̞ x k o̞
pehko	p e̞ x k ŏ̞̥
pehmittää	p e̞ h m ə tː æ
pehmittää	p e̞ ɣ̥ m i tː æː
pehmitös	p e̞ h m ĭ t ø̞̆ z̠
pehmitös	p e̞ ɣ̥ m i d̥ ø̞ ʒ̥
pehmitösmerkki	p e̞ h m ĭ t ø̞ z̠ m e̞ r kʲː
pehmitösmerkki	p e̞ ɣ̥ m i d̥ ø̞ ʒ m e̞ r kː i
pehmiä	p e̞ h m e̞
pehmiä	p e̞ ɣ̥ m i æ
peikkomees	p e̞ i̯ kː o̞ m e̝ː ʒ̥
peikkomees	p e̞ i̯ kː ŏ̞ m eː z̠
peittiissä	p e̞ i̯ tʲː i s̠ː
peittiissä	p e̞ i̯ tː iː ʃː æ
peitto	p e̞ i̯ tː o̞
peitto	p e̞ i̯ tː ŏ̞̥
peittäjäiset	p e̞ i̯ tː æ j æ i̯ ʃ t
peittäjäiset	p e̞ i̯ tː æ j æ i̯ ʒ̥ e̞ d̥
peittäjäiset	p e̞ i̯ tː ə j æ i̯ s̠ e̞ d
peittää	p e̞ i̯ tː æ
peittää	p e̞ i̯ tː æː
pelata	p e̞ ɫ ɑˑ d̥ ɑ
pelata	p e̞ ɫ ɑˑ t
pelehellä	p e̞ l e̞ˑ ɣ̥ e̞ lː æ
pelehellä	p e̞ lʲ e̞ˑ h e̞ lʲː
peli	p e̞ lʲ iˑ
pelko	p e̞ ɫ k ŏ̞̥
pelko	p e̞ ɫ ɡ̊ o̞
pellovain	p e̞ ɫː o̞ ʋ ɑ i̯ n
pellovain	p e̞ ɫː o̞ ʋ ɑ ɣ̥ iˑ iˑ n
pellovain	p e̞ ɫː ŏ̞ ʋ ə i̯ n
pellovas	p e̞ ɫː o̞ ʋ ɑ ʒ̥
pellovas	p e̞ ɫː ŏ̞ ʋ ə z̠
pellovasaivina	p e̞ ɫː o̞ ʋ ɑ ʒ ɑ i̯ ʋ i n ɑ
pellovasaivina	p e̞ ɫː ŏ̞ ʋ ɑ z̠ ɑ i̯ ʋ ĭ n
pellovasaivinapijo	p e̞ ɫː o̞ ʋ ɑ ʒ ɑ i̯ ʋ i n ɑ b̥ i j o̞ˑ
pellovasaivinapijo	p e̞ ɫː ŏ̞ ʋ ɑ z̠ ɑ i̯ ʋ ə n ɑ p i j o̞ˑ
pellovaskaaska	p e̞ ɫː o̞ ʋ ɑ ʃ k ɑː ʃ k ɑ
pellovaskaaska	p e̞ ɫː ŏ̞ ʋ ɑ s̠ k ɑː s̠ k
pellovasrihma	p e̞ ɫː o̞ ʋ ɑ ʒ r i ɣ̥ m ɑ
pellovasrihma	p e̞ ɫː ŏ̞ ʋ ɑ z̠ r i h m
pellovasseemenvoi	p e̞ ɫː o̞ ʋ ɑ ʃ ʃ e̝ː m e̞ n ʋ o̞ i̯
pellovasseemenvoi	p e̞ ɫː ŏ̞ ʋ ɑ s̠ s̠ eː m ə n ʋ o̞ i̯
pelsimet	p e̞ lʲ s̠ ĭ m e̞ d
pelsimet	p e̞ lʲ ʒ̥ i m e̞ d̥
pelto	p e̞ ɫ d̥ o̞
pelto	p e̞ ɫ t ŏ̞̥
peltohiiri	p e̞ ɫ d̥ o̞ h iː r i
peltohiiri	p e̞ ɫ t ŏ̞ h iː rʲ
peltokimalain	p e̞ ɫ d̥ o̞ ɡ̊ i m ɑˑ ɫ ɑ i̯ n
peltokimalain	p e̞ ɫ t ŏ̞ k i m ɑˑ ɫ ə i̯ n
peltomaa	p e̞ ɫ d̥ o̞ m ɑː
peltomaa	p e̞ ɫ t ŏ̞ m ɑː
peltopuisut	p e̞ ɫ d̥ o̞ p u i̯ ʒ̥ u d̥
peltopuisut	p e̞ ɫ t ŏ̞ p u i̯ s̠ ŭ d
peltopytty	p e̞ ɫ d̥ o̞ b̥ y tː y
peltopytty	p e̞ ɫ t ŏ̞ p y tʲː y̥̆
peltotee	p e̞ ɫ d̥ o̞ t e̝ː
peltotee	p e̞ ɫ t ŏ̞ t eː
peltotöö	p e̞ ɫ d̥ o̞ t ø̝ː
peltotöö	p e̞ ɫ t ŏ̞ t øː
penger	p e̞ ŋ ɡ e̞ r
penger	p e̞ ŋ ɡ̊ e̞ r
pengerpyytö	p e̞ ŋ ɡ ə r p yː tː ø̞̥̆
pengerpyytö	p e̞ ŋ ɡ̊ e̞ r p yː tː ø̞
penikka	p e̞ n iˑ kː
penikka	p e̞ n iˑ kː ɑ
penkki	p e̞ ŋ kʲː
penkki	p e̞ ŋ kː i
peppo	p e̞ pː o̞ i̯
peppo	p e̞ pː ŏ̞̥
pere	p e̞ r e̞ˑ
peregnoi	p e̞ r e̞ˑ ɡ n ŏ̞̥
peregnoi	p e̞ r e̞ˑ ɡ̊ n o̞ i̯
perekatipole	p e̞ r e̞ˑ k ɑ tʲ iˑ p o̞ ɫ e̞ˑ
perekatipole	p e̞ r e̞ˑ ɡ̊ ɑ d̥ iˑ b̥ o̞ ɫ e̞ˑ
perekunta	p e̞ r e̞ˑ k u n t
perekunta	p e̞ r e̞ˑ ɡ̊ u n d̥ ɑ
perekäs	p e̞ r e̞ˑ k ə z̠
perekäs	p e̞ r e̞ˑ ɡ̊ æ ʒ̥
peremees	p e̞ r e̞ˑ m eː z̠
peremees	p e̞ r e̞ˑ m e̝ː ʒ̥
pereponka	p e̞ r e̞ˑ b̥ o̞ ŋ ɡ̊ ɑ
pereponka	p e̞ r e̞ˑ p ŏ̞ ŋ k
perin	p e̞ r iˑ n
perintuuli	p e̞ r iˑ n t uː l i
perintuuli	p e̞ r iˑ n t uː lʲ
perkele	p e̞ r k e̞ l e̞
perkele	p e̞ r k e̞ lʲ
permu	p e̞ r m u
permu	p e̞ r m ŭ̥
perna	p e̞ r n
perna	p e̞ r n ɑ
pernamahla	p e̞ r n ɑ m ɑ ɣ̥ ɫ ɑ
pernamahla	p e̞ r n ə m ɑ h ɫ
pero	p e̞ r o̞ i̯
pero	p e̞ r o̞ˑ
perriä	p e̞ r i j
perriä	p e̞ rː e̞
perriä	p e̞ rˑ i æ
perrona	p e̞ rː o̞ n ɑ
perrona	p e̞ rː ŏ̞ n
perrää	p e̞ rː æ
perrää	p e̞ rˑ æː
pers	p e̞ r s̠
pers	p e̞ r ʒ̥
persikka	p e̞ r s̠ ĭ kː
persikka	p e̞ r ʒ̥ i kː ɑ
perta	p e̞ r d̥ ɑ
perta	p e̞ r t
pertsu	p e̞ r t͡s u
pertsu	p e̞ r t͡s̠ ŭ̥
pertsupalko	p e̞ r t͡s u b̥ ɑ ɫ ɡ̊ o̞
pertsupalko	p e̞ r t͡s̠ ŭ p ɑ ɫ k ŏ̞̥
pertsuviina	p e̞ r t͡s u ʋ iː n ɑ
pertsuviina	p e̞ r t͡s̠ ŭ ʋ iː n
pertti	p e̞ r tʲː
pertti	p e̞ r tː i
perttikunta	p e̞ r tʲː ĭ k u n t
perttikunta	p e̞ r tː i ɡ̊ u n d̥ ɑ
perttipuu	p e̞ r tː i p uː
perttipuu	p e̞ r tː ĭ p uː
perä	p e̞ r æˑ
peräjyvät	p e̞ r æˑ j y ʋ æˑ d
peräjyvät	p e̞ r æˑ j y ʋ æˑ d̥
peräjälkiä	p e̞ r æˑ j æ lʲ k e̞
peräjälkiä	p e̞ r æˑ j æ lʲ k i æ
perälle	p e̞ r æˑ lʲː
perälle	p e̞ r æˑ lː e̞
perält	p e̞ r æˑ lʲ d̥
perält	p e̞ r æˑ lʲ t
perämees	p e̞ r æˑ m eː z̠
perämees	p e̞ r æˑ m e̝ː ʒ̥
peräolut	p e̞ r æˑ o̞ ɫ uˑ d
peräolut	p e̞ r æˑ o̞ ɫ uˑ d̥
peräpykämä	p e̞ r æˑ b̥ y ɡ̊ æˑ m æ
peräpykämä	p e̞ r æˑ p y k æˑ m
peräs	p e̞ r æˑ s̠ː
peräs	p e̞ r æˑ ʒ̥
peräst	p e̞ r æˑ s̠ t
peräst	p e̞ r æˑ ʃ t
perätystee	p e̞ r æˑ d̥ y ʃ t e̝ː
perätystee	p e̞ r æˑ tʲ y s̠ t e̞
perätöin	p e̞ r æˑ d̥ ø̞ i̯ n
perätöin	p e̞ r æˑ t ø̞̆ i̯ n
pesemätöin	p e̞ s̠ e̞ˑ m æ t ø̞ i̯ n
pesemätöin	p e̞ ʒ̥ e̞ˑ m æ d̥ ø̞ˑ iˑ n
pesetellä	p e̞ s̠ e̞ˑ t e̞ lʲː
pesetellä	p e̞ ʒ̥ e̞ˑ d̥ e̞ lː æ
pesitellä	p e̞ s̠ iˑ t e̞ lʲː
pesitellä	p e̞ ʒ̥ iˑ d̥ e̞ lː æ
peskari	p e̞ s̠ k ə rʲ
peskari	p e̞ ʃ k ɑ r i
pesoin	p e̞ s̠ o̞ i̯ n
pesoin	p e̞ ʃˑ o̞ i̯ n
pessiissä	p e̞ s̠ː i s̠ː
pessiissä	p e̞ ʃː iː ʃː æ
pessä	p e̞ s̠ː
pessä	p e̞ ʃː æ
pestikka	p e̞ s̠ tʲ ĭ kː
pestikka	p e̞ ʃ t i kː ɑ
pesu	p e̞ s̠ uˑ
pesu	p e̞ ʒ̥ uˑ
pesulahantka	p e̞ s̠ uˑ ɫ ɑ h ɑˑ n t k
pesulahantka	p e̞ ʒ̥ uˑ ɫ ɑ ɣ̥ ɑˑ n t k ɑ
pesupäivä	p e̞ s̠ uˑ p æ i̯ ʋ
pesupäivä	p e̞ ʒ̥ uˑ p æ i̯ ʋ æ
pesuvesi	p e̞ s̠ uˑ ʋ e̞ s̠ iˑ
pesuvesi	p e̞ ʒ̥ uˑ ʋ e̞ ʒ̥ iˑ
pesä	p e̞ s̠ æˑ
pesä	p e̞ ʒ̥ æˑ
petel	p e̞ d̥ e̞ˑ l
petel	p e̞ t e̞ˑ lʲ
petellä	p e̞ d̥ e̞ˑ lʲː æ
petellä	p e̞ t e̞ˑ lʲː
petkel	p e̞ t k e̞ l
petkel	p e̞ t k e̞ lʲ
petkele	p e̞ t k e̞ l e̞
petkele	p e̞ t k e̞ lʲ
petonsääri	p e̞ d̥ o̞ˑ iˑ n ʃ æː r i
petonsääri	p e̞ t o̞ˑ n s̠ æː rʲ
petos	p e̞ d̥ o̞ˑ ʒ̥
petos	p e̞ t o̞ˑ z̠
petruška	p e̞ d r ŭ ʃ k
petruška	p e̞ d̥ r u ʃ k ɑ
pettelikko	p e̞ tː e̞ lʲ i kː o̞ i̯
pettelikko	p e̞ tː ə lʲ i kː ŏ̞̥
pettelikkodurakka	p e̞ tː e̞ lʲ i kː o̞ i̯ d̥ u r ɑˑ kː ɑ
pettelikkodurakka	p e̞ tː ə lʲ i kː ŏ̞ d u r ɑˑ kː
pettopiimä	p e̞ tː o̞ p iː m æ
pettopiimä	p e̞ tː ŏ̞ p iː m
pettypiimä	p e̞ tʲː y̆ p iː m
pettypiimä	p e̞ tː y p iː m æ
pettyä	p e̞ tʲː ø̞
pettyä	p e̞ tː y æ
pettää	p e̞ tː æ
pettää	p e̞ tː æː
pettömaito	p e̞ tː ø̞ i̯ m ɑ i̯ d̥ o̞
pettömaito	p e̞ tː ø̞̆ m ɑ i̯ t ŏ̞̥
petäisikko	p e̞ t æ j s̠ i kː ŏ̞̥
petäisikko	p e̞ tˑ æ i̯ ʒ̥ i kː o̞ i̯
petäjä	p e̞ t æ i̯
petäjä	p e̞ tˑ æː j æ
petäjälatva	p e̞ t æˑ j æ ɫ ɑ d ʋ
petäjälatva	p e̞ tˑ æː j æ ɫ ɑ d̥ ʋ ɑ
petäjämetsä	p e̞ t æˑ j æ m e̞ t͡s̠
petäjämetsä	p e̞ tˑ æː j æ m e̞ t͡s æ
petäjänkärkkä	p e̞ t æˑ j æ ŋ k æ r kː
petäjänkärkkä	p e̞ tˑ æː j æ ŋ ɡ̊ æ r kː æ
petäjäpuu	p e̞ t æˑ j æ p uː
petäjäpuu	p e̞ tˑ æː j æ p uː
petäjäpäre	p e̞ t æˑ j æ p æ r e̞ˑ
petäjäpäre	p e̞ tˑ æː j æ b̥ æ r e̞ˑ
peukala	p e̞ u̯ k ɑ ɫ ɑ
peukala	p e̞ u̯ k ə ɫ
peukalo	p e̞ u̯ k ɑ ɫ o̞
peukalo	p e̞ u̯ k ə ɫ ŏ̞̥
peukola	p e̞ u̯ k o̞ ɫ ɑ
peukola	p e̞ u̯ k ŏ̞ ɫ
peukolo	p e̞ u̯ k o̞ ɫ o̞
peukolo	p e̞ u̯ k ə ɫ ŏ̞̥
peutsa	p e̞ u̯ t͡s ɑ
peutsa	p e̞ u̯ t͡s̠
picka	p i t͡ʃ k
picka	p i t͡ʃ k ɑ
pickapacka	p i t͡ʃ k ɑ b̥ ɑ t͡ʃ k ɑ
pickapacka	p i t͡ʃ k ə p ɑ t͡ʃ k
pihet	p i h e̞ˑ d
pihet	p i ɣ̥ e̞ˑ d̥
pihka	p i x k
pihka	p i x k ɑ
pihkain	p i x k ɑ i̯ n
pihkain	p i x k ə i̯ n
pihkamaito	p i x k ɑ m ɑ i̯ d̥ o̞
pihkamaito	p i x k ə m ɑ i̯ t ŏ̞̥
pihlaja	p i h ɫ ə i̯
pihlaja	p i ɣ̥ ɫ ɑ j ɑ
pihlajain	p i h ɫ ə j ə i̯ n
pihlajain	p i ɣ̥ ɫ ɑ j ɑ i̯ n
pihlajamarja	p i h ɫ ə j ɑ m ɑ r i
pihlajamarja	p i ɣ̥ ɫ ɑ j ɑ m ɑ r j ɑ
pihlajamarjalintu	p i h ɫ ə j ɑ m ɑ r j ə lʲ i n t ŭ̥
pihlajamarjalintu	p i ɣ̥ ɫ ɑ j ɑ m ɑ r j ɑ lʲ i n d̥ u
pihloja	p i h ɫ ŏ̞ i̯
pihloja	p i ɣ̥ ɫ o̞ j ɑ
piho	p i h o̞ˑ
piho	p i ɣ̥ o̞ˑ
pihtelet	p i h t e̞ l e̞ d̥
pihtelet	p i h t ə lʲ e̞ d
pii	p iː
piika	p iː k
piika	p iː ɡ̊ ɑ
piikahtaa	p iː k ə h t ɑ
piikahtaa	p iː ɡ̊ ɑ h t ɑː
piikivi	p iː k i ʋ iˑ
piikivi	p iː ɡ̊ i ʋ iˑ
piikkaa	p iː kː ɑ
piikkaa	p iː kː ɑː
piiluu	p iː ɫ uː
piimä	p iː m
piimä	p iː m æ
piippu	p iː pː u
piippu	p iː pː ŭ̥
piirakaal	p iː r ɑ ɡ̊ ɑː ɫ
piirakaal	p iː r ə k ə ɫː
piirakaas	p iː r ɑ ɡ̊ ɑː ʒ̥
piirakaas	p iː r ə k ə s̠ː
piirakaks	p iː r ɑ ɡ̊ ɑː k ʃ
piirakaks	p iː r ə k ə k s̠
piirakalle	p iː r ɑ ɡ̊ ɑ ɫː e̞
piirakalle	p iː r ə k ə ɫː
piirakalt	p iː r ɑ ɡ̊ ɑː ɫ d̥
piirakalt	p iː r ə k ə ɫ t
piirakan	p iː r ɑ ɡ̊ ɑ n
piirakan	p iː r ə k ə n
piirakast	p iː r ɑ ɡ̊ ɑː ʃ t
piirakast	p iː r ə k ə s̠ t
piirakat	p iː r ɑ ɡ̊ ɑ d̥
piirakat	p iː r ə k ə d
piirakka	p iː r ɑ kː ɑ
piirakka	p iː r ə kː
piirakkaa	p iː r ɑ kː ɑː
piirakkaa	p iː r ə kː ɑ
piirakkanna	p iː r ɑ kː ɑː n
piirakkanna	p iː r ə kː ə nː
piirakkoihe	p iː r ɑ k k o̞ i̯ ɣ̥ e̞
piirakkoihe	p iː r ə kː ŏ̞ i̯ s̠ː
piirakkoin	p iː r ɑ kː o̞ i̯ n
piirakkoin	p iː r ə kː ŏ̞ i̯ n
piirakkoinna	p iː r ɑ kː o̞ i̯ n
piirakkoinna	p iː r ə kː ŏ̞ i̯ nː
piirakkoja	p iː r ɑ k k o̞ j ɑˑ
piirakkoja	p iː r ə k k o̞ j ɑˑ
piirakoiks	p iː r ɑ ɡ̊ o̞ i̯ k ʃ
piirakoiks	p iː r ə k ŏ̞ i̯ k s̠
piirakoil	p iː r ɑ ɡ̊ o̞ i̯ lʲ
piirakoil	p iː r ə k ŏ̞ i̯ ɫː
piirakoille	p iː r ɑ ɡ̊ o̞ i̯ lʲː e̞
piirakoille	p iː r ə k ŏ̞ i̯ ɫː
piirakoilt	p iː r ɑ ɡ̊ o̞ i̯ lʲ d̥
piirakoilt	p iː r ə k ŏ̞ i̯ ɫ t
piirakois	p iː r ɑ ɡ̊ o̞ i̯ ʒ̥
piirakois	p iː r ə k ŏ̞ i̯ s̠ː
piirakoist	p iː r ɑ ɡ̊ o̞ i̯ ʃ t
piirakoist	p iː r ə k ŏ̞ i̯ s̠ t
piiras	p iː r ɑ ʒ̥
piiras	p iː r ə z̠
pijo	p i j o̞
pijo	p i j o̞ˑ
pijo	p i o̞
pijolliin	p i j o̞ lː iː n
pijolliin	p i j o̞ˑ lʲ lʲ i n e̞ˑ
pijolliin	p i j o̞ˑ lː iː n
pijolliin	p i o̞ lː iː n
pikari	p i k ɑˑ rʲ
pikari	p i kˑ ɑː r i
pikastua	p i k ɑˑ s̠ t u ɑˑ
pikastua	p i ɡ̊ ɑˑ ʃ t u ɑˑ
piki	p i k iˑ
piki	p i ɡ̊ iˑ
pikimusta	p i k iˑ m u s̠ t
pikimusta	p i ɡ̊ iˑ m u ʃ t ɑ
pikissä	p i k iˑ s̠ː
pikissä	p i ɡ̊ iˑ ʃː æ
pikkaraikkoin	p i kː ɑ r ɑ i̯ kː o̞ i̯ n
pikkaraikkoin	p i kː ə r ɑ i̯ kː ŏ̞ i̯ n
pikkaraikkuin	p i kː ɑ r ɑ i̯ kː u i̯ n
pikkaraikkuin	p i kː ə r ɑ i̯ kː ŭ i̯ n
pikkarain	p i kː ɑ r ɑ i̯ n
pikkarain	p i kː ə r ə i̯ n
pikkaruikkuin	p i kː ɑ r u i̯ kː u i̯ n
pikkaruikkuin	p i kː ə r u i̯ kː ŭ i̯ n
pikkurilli	p i kː u r i lʲː i
pikkurilli	p i kː ŭ r i lʲː
pikkuruikkuin	p i kː u r u i̯ kː u i̯ n
pikkuruikkuin	p i kː ŭ r u i̯ kː ŭ i̯ n
pikkuruiskuin	p i kː u r u i̯ ʃ k u i̯ n
pikkuruiskuin	p i kː ŭ r u i̯ s̠ k ŭ i̯ n
pilahua	p i ɫ ɑˑ h u ɑˑ
pilahua	p i ɫ ɑˑ h u ɑˑ ɡ̊
pilahussa	p i ɫ ɑˑ h ŭ s̠ː
pilahussa	p i ɫ ɑˑ ɣ̥ u ʃː ɑ
pilahuttaa	p i ɫ ɑˑ h u tː ɑ
pilahuttaa	p i ɫ ɑˑ ɣ̥ u tː ɑː
pilata	p i ɫ ɑˑ d̥ ɑ
pilata	p i ɫ ɑˑ t
pilkata	p i ɫ k ə t
pilkata	p i ɫ ɡ̊ ɑ d̥ ɑ
pilkka	p i ɫ kː
pilkka	p i ɫ kː ɑ
pilkkinenä	p i l kː i n e̞ n æˑ
pilkkinenä	p i lʲ kː ĭ n e̞ n æˑ
pilkko	p i ɫ kː o̞ i̯
pilkko	p i ɫ kː ŏ̞̥
pilkkoa	p i ɫ kː o̞
pilkkoa	p i ɫ kː o̞ j ɑ
pilkkoa	p i ɫ kː o̞ j ɑ ɡ̊
pilkku	p i ɫ kː u
pilkku	p i ɫ kː ŭ̥
pilla	p i ɫː
pilla	p i ɫː ɑ
pillari	p i ɫː ɑ r i
pillari	p i ɫː ə rʲ
pillatöö	p i ɫː ɑ t ø̝ː
pillatöö	p i ɫː ə t øː
pilli	p i lʲː
pilli	p i lː i
pilluri	p i ɫː u r i
pilluri	p i ɫː ŭ rʲ
pilotta	p i ɫ o̞ˑ tː
pilotta	p i ɫ o̞ˑ tː ɑ
pilpa	p i ɫ b̥ ɑ
pilpa	p i ɫ p
pilpo	p i ɫ b̥ o̞
pilpo	p i ɫ p ŏ̞̥
pilpu	p i ɫ b̥ u
pilpu	p i ɫ p ŭ̥
pilvekäs	p i lʲ ʋ e̞ ɡ̊ æ ʒ̥
pilvekäs	p i lʲ ʋ ə k ə z̠
pilvenjooksu	p i lʲ ʋ e̞ n j o̝ː k ʃ u
pilvenjooksu	p i lʲ ʋ ə n j oː k s̠ ŭ̥
pilvi	p i l ʋ i
pilvi	p i lʲ ʋʲ
pilvikäs	p i l ʋ i ɡ̊ æ ʒ̥
pilvikäs	p i lʲ ʋ ĭ k ə z̠
pimehys	p i m e̞ˑ h y̆ z̠
pimehys	p i mˑ e̝ː ɣ̥ y ʒ̥
pimeneessä	p i m e̞ˑ n eː s̠ː
pimeneessä	p i m e̞ˑ n e̝ː ʃː æ
pimetellä	p i m e̞ˑ d̥ e̞ lʲː æ
pimetellä	p i m e̞ˑ t e̞ lʲː
pimetä	p i m e̞ˑ d̥ æ
pimetä	p i m e̞ˑ t
pimmiä	p i mː e̞
pimmiä	p i mː e̞ æ
pimmiä	p i mˑ i æ
pinissä	p i n iˑ s̠ː
pinissä	p i n iˑ ʃː æ
pino	p i n o̞ˑ
pinta	p i n d̥ ɑ
pinta	p i n t
pintamaa	p i n d̥ ɑ m ɑː
pintamaa	p i n t ə m ɑː
pintamaanalus	p i n d̥ ɑ m ɑː n ɑ ɫ uˑ ʒ̥
pintamaanalus	p i n t ə m ɑː n ɑ ɫ uˑ z̠
pintamaanalusmaa	p i n d̥ ɑ m ɑː n ɑ ɫ uˑ ʒ m ɑː
pintamaanalusmaa	p i n t ə m ɑː n ɑ ɫ uˑ z̠ m ɑː
pinžakka	p i n ʒ ə kː
pinžakka	p i n ʒ̥ ɑ kː ɑ
pioneera	p i o̞ˑ n e̝ː r ɑ
pioneera	p i o̞ˑ n e̞ r
pionera	p i o̞ˑ n e̞ r ɑˑ
piot	p i o̞ˑ d
piot	p i o̞ˑ d̥
pirta	p i r d̥ ɑ
pirta	p i r t
pirttu	p i r tː u
pirttu	p i r tː ŭ̥
pirttulamppu	p i r tː u ɫ ɑ m pː u
pirttulamppu	p i r tː ŭ ɫ ɑ m pː ŭ̥
piru	p i r uˑ
pisama	p i s̠ ɑˑ m
pisama	p i ʃˑ ɑː m ɑ
pisar	p i s̠ ɑˑ r
pisar	p i ʒ̥ ɑˑ r
pisara	p i s̠ ɑˑ r
pisara	p i ʃˑ ɑː r ɑ
pisju	p i s̠ʲ uˑ
pisju	p i ʒ̥ʲ uˑ
pisse	p i s̠ː
pisse	p i ʃː e̞
pistoletti	p i s̠ t ə ɫ e̞ tʲː
pistoletti	p i ʃ t o̞ ɫ e̞ tː i
pistää	p i s̠ t æ
pistää	p i ʃ t æː
pitemp	p i d̥ e̞ˑ m b̥
pitemp	p i t e̞ˑ m pʲ
pitemp	p i t e̞ˑ pʲ
pitentää	p i d̥ e̞ˑ n t æː
pitentää	p i t e̞ˑ n t æ
pitetä	p i d̥ e̞ˑ d̥ æ
pitetä	p i t e̞ˑ t
pitki	p i t k i
pitki	p i t kʲ
pitkin	p i t k i n
pitkin	p i t k ĭ n
pitkittee	p i t k i tː e̝ː
pitkittee	p i t k ə tː e̞
pitkulain	p i t k u ɫ ɑ i̯ n
pitkulain	p i t k ŭ ɫ ə i̯ n
pitkä	p i t k
pitkä	p i t k æ
pitkäkoipiin	p i t k æ k o̞ i̯ p iː n
pitkäkoipiin	p i t k ə k o̞ i̯ p ĭ n
pitkäsiipiin	p i t k æ ʃ iː p iː n
pitkäsiipiin	p i t k ə s̠ iː p ĭ n
pitkävarsiin	p i t k æ ʋ ɑ r ʃ iː n
pitkävarsiin	p i t k ə ʋ ɑ r s̠ ĭ n
pito	p i d̥ o̞ˑ
pito	p i t o̞ˑ
pittiissä	p i tʲː i s̠ː
pittiissä	p i tˑ iː ʃː æ
pittuus	p i tː u z̠
pittuus	p i tˑ uː ʒ̥
pittuusmitta	p i tː u z̠ m i tː
pittuusmitta	p i tˑ uː ʒ m i tː ɑ
pittuussteeppeni	p i tː u s̠ s̠ t eː pː e̞ nʲ
pittuussteeppeni	p i tˑ uː ʃ ʃ t e̝ː pː e̞ n i
pittuusyksikkö	p i tː u z̠ y k s̠ ə kː ø̞̥̆
pittuusyksikkö	p i tˑ uː ʒ y k ʃ i kː ø̞ i̯
pittää	p i tː æ
pittää	p i tː æː ɡ̊
pittää	p i tˑ æː
piukkaa	p i u̯ kː ɑ
piukkaa	p i u̯ kː ɑː
piusta	p i u̯ s̠ t
piusta	p i u̯ ʃ t ɑ
piättää	p i æˑ tː æ
piättää	p i æˑ tː æː
piätös	p i æˑ d̥ ø̞ ʒ̥
piätös	p i æˑ t ø̞̆ z̠
plaana	p ɫ ɑː n
plaana	p ɫ ɑː n ɑ
plaani	p ɫ ɑː n i
plaani	p ɫ ɑː nʲ
plaanu	p ɫ ɑː n u
plaanu	p ɫ ɑː n ŭ̥
plaasteri	p ɫ ɑː s̠ t e̞ rʲ
plaasteri	p ɫ ɑː ʃ t e̞ r i
plankku	p ɫ ɑ ŋ kː u
plankku	p ɫ ɑ ŋ kː ŭ̥
platja	p ɫ ɑ d̥ j ɑ
platja	p ɫ ɑ tʲ i
plekikas	p l e̞ ɡ̊ iˑ ɡ̊ ɑ ʒ̥
plekikas	p lʲ e̞ k iˑ k ə z̠
plekki	p l e̞ kː i
plekki	p lʲ e̞ kʲː
plemmäänikka	p l e̞ mˑ æː n i kː ɑ
plemmäänikka	p lʲ e̞ mː æ n ĭ kː
plemmäänitsa	p l e̞ mˑ æː n i t͡s ɑ
plemmäänitsa	p lʲ e̞ mː æ n ĭ t͡s̠
plikata	p lʲ i k ɑˑ t
plikata	p lʲ i ɡ̊ ɑˑ d̥ ɑ
ploda	p ɫ o̞ d ɑˑ
ploda	p ɫ o̞ d̥ ɑˑ
plodikka	p ɫ o̞ d iˑ kː
plodikka	p ɫ o̞ d̥ iˑ kː ɑ
plotina	p ɫ o̞ tʲ iˑ n
plotina	p ɫ o̞ tˑ iː n ɑ
plotnikka	p ɫ o̞ d̥ n i kː ɑ
plotnikka	p ɫ o̞ t n ĭ kː
ploššadi	p ɫ o̞ ʃː ɑ d̥ i
ploššadi	p ɫ o̞ ʃː ə dʲ
ploššadimitta	p ɫ o̞ ʃː ɑ d̥ i m i tː ɑ
ploššadimitta	p ɫ o̞ ʃː ə d i m i tː
pluuga	p ɫ uː ɡ
pluuga	p ɫ uː ɡ̊ ɑ
pluugaveitsi	p ɫ uː ɡ ə ʋ e̞ i̯ t͡s̠ʲ
pluugaveitsi	p ɫ uː ɡ̊ ɑ ʋ e̞ i̯ t͡s i
pläkikäs	p l æ ɡ̊ iˑ ɡ̊ æ ʒ̥
pläkikäs	p lʲ æ k iˑ k ə z̠
pläkki	p l æ kː i
pläkki	p lʲ æ kʲː
pocivoittaa	p o̞ t͡ʃ iˑ ʋ o̞ i̯ tː ɑ
pocivoittaa	p o̞ t͡ʃ iˑ ʋ o̞ i̯ tː ɑː
pocka	p o̞ t͡ʃ k
pocka	p o̞ t͡ʃ k ɑ
pocti	p o̞ t͡ʃ t i
pocti	p o̞ t͡ʃ tʲ
podarittaa	p o̞ d ɑˑ r i tː ɑ
podarittaa	p o̞ d̥ ɑˑ r i tː ɑː
podarka	p o̞ d ɑˑ r k
podarka	p o̞ d̥ ɑˑ r ɡ̊ ɑ
podaroittaa	p o̞ d ɑˑ r o̞ i̯ tː ɑ
podaroittaa	p o̞ d̥ ɑˑ r o̞ i̯ tː ɑː
podrobnoi	p o̞ d r ə b n ŏ̞̥
podrobnoi	p o̞ d̥ r o̞ b̥ n o̞ i̯
poduška	p o̞ d uˑ ʃ k
poduška	p o̞ d̥ uˑ ʃ k ɑ
podvala	p o̞ d ʋ ə ɫ
podvala	p o̞ d̥ ʋ ɑ ɫ ɑ
pogranicnikka	p o̞ ɡ r ə n i t͡ʃ n ĭ kː
pogranicnikka	p o̞ ɡ̊ r ɑ n i t͡ʃ n i kː ɑ
pogreba	p o̞ ɡ r e̞ b
pogreba	p o̞ ɡ̊ r e̞ b̥ ɑ
pohja	p o̞ h i
pohja	p o̞ ɣ̥ j ɑ
pohjain	p o̞ h j ə i̯ n
pohjain	p o̞ ɣ̥ j ɑ i̯ n
pohjapikari	p o̞ h j ə p i k ɑˑ rʲ
pohjapikari	p o̞ ɣ̥ j ɑ b̥ i ɡ̊ ɑˑ r i
pohjasteeppeni	p o̞ h j ə s̠ t eː pː e̞ nʲ
pohjasteeppeni	p o̞ ɣ̥ j ɑ ʃ t e̝ː pː e̞ n i
pohjatoin	p o̞ h j ə t ŏ̞ i̯ n
pohjatoin	p o̞ ɣ̥ j ɑ d̥ o̞ i̯ n
pohjimain	p o̞ h j ĭ m ə i̯ n
pohjimain	p o̞ ɣ̥ j i m ɑ i̯ n
pohjukka	p o̞ h j ŭ kː
pohjukka	p o̞ ɣ̥ j u kː ɑ
pohjus	p o̞ h j ŭ z̠
pohjus	p o̞ ɣ̥ j u ʒ̥
pohkiat	p o̞ x k e̞ d
pohkiat	p o̞ x k i ɑ d̥
pohmelo	p o̞ h m ə ɫ ŏ̞̥
pohmelo	p o̞ ɣ̥ m e̞ ɫ o̞
pohmeloittaa	p o̞ h m ə ɫ o̞ i̯ tː ɑ
pohmeloittaa	p o̞ ɣ̥ m e̞ ɫ o̞ i̯ tː ɑː
pohmelopäivä	p o̞ h m ə ɫ o̞ p æ i̯ ʋ
pohmelopäivä	p o̞ ɣ̥ m e̞ ɫ o̞ p æ i̯ ʋ æ
pohvala	p o̞ h ʋ ə ɫ
pohvala	p o̞ ɣ̥ ʋ ɑ ɫ ɑ
pohvaloittaa	p o̞ h ʋ ə ɫ o̞ i̯ tː ɑ
pohvaloittaa	p o̞ ɣ̥ ʋ ɑ ɫ o̞ i̯ tː ɑː
poika	p o̞ i̯ k
poika	p o̞ i̯ ɡ̊ ɑ
poikain	p o̞ i̯ k ɑ i̯ n
poikain	p o̞ i̯ k ə i̯ n
poikalaps	p o̞ i̯ k ə ɫ ɑ p s̠
poikalaps	p o̞ i̯ ɡ̊ ɑ ɫ ɑ p ʃ
poikaoksa	p o̞ i̯ k ɑ o̞ k s̠
poikaoksa	p o̞ i̯ ɡ̊ ɑ o̞ k ʃ ɑ
poikapolvi	p o̞ i̯ k ə p o̞ ɫ ʋʲ
poikapolvi	p o̞ i̯ ɡ̊ ɑ b̥ o̞ ɫ ʋ i
poikapooli	p o̞ i̯ k ə p oː lʲ
poikapooli	p o̞ i̯ ɡ̊ ɑ p o̝ː l i
poikarukka	p o̞ i̯ k ə r u kː
poikarukka	p o̞ i̯ ɡ̊ ɑ r u kː ɑ
poikia	p o̞ i̯ k e̞
poikia	p o̞ i̯ k i ɑ
poikia	p o̞ i̯ k ĭ j
poikihua	p o̞ i̯ k ĭ h u ɑˑ
poikihua	p o̞ i̯ ɡ̊ i h u ɑˑ
poikihussa	p o̞ i̯ k ĭ h ŭ s̠ː
poikihussa	p o̞ i̯ ɡ̊ i ɣ̥ u ʃː ɑ
poikiissa	p o̞ i̯ k i s̠ː
poikiissa	p o̞ i̯ k iː ʃː ɑ
poikilliin	p o̞ i̯ k ĭ lʲ lʲ i n e̞ˑ
poikilliin	p o̞ i̯ ɡ̊ i lː iː n
poikin	p o̞ i̯ k ĭ n
poikin	p o̞ i̯ ɡ̊ i n
poikinpuu	p o̞ i̯ k ĭ m p uː
poikinpuu	p o̞ i̯ ɡ̊ i m p uː
poikittee	p o̞ i̯ k ə tː e̞
poikittee	p o̞ i̯ ɡ̊ i tː e̝ː
poikkee	p o̞ i̯ kː e̝ː
poikkee	p o̞ i̯ kː e̞
poikki	p o̞ i̯ kʲː
poikki	p o̞ i̯ kː i
poikkinain	p o̞ i̯ kː i n ɑ i̯ n
poikkinain	p o̞ i̯ kː ĭ n ə i̯ n
poikkipako	p o̞ i̯ kː i b̥ ɑ ɡ̊ o̞ˑ
poikkipako	p o̞ i̯ kː ĭ p ɑ k o̞ˑ
poikolaps	p o̞ i̯ k ŏ̞ ɫ ɑ p s̠
poikolaps	p o̞ i̯ ɡ̊ o̞ i̯ ɫ ɑ p ʃ
poime	p o̞ i̯ m
poime	p o̞ i̯ m e̞
poimia	p o̞ i̯ m e̞
poimia	p o̞ i̯ m i ɑ
poimipuikko	p o̞ i̯ m i p u i̯ kː o̞ i̯
poimipuikko	p o̞ i̯ m ĭ p u i̯ kː ŏ̞̥
poimu	p o̞ i̯ m u
poimu	p o̞ i̯ m ŭ̥
pois	p o̞ i̯ z̠
pois	p o̞ i̯ ʒ̥
poissi	p o̞ i̯ s̠ʲː
poissi	p o̞ i̯ ʃː i
poissikkain	p o̞ i̯ s̠ː ĭ kː ə i̯ n
poissikkain	p o̞ i̯ ʃː i kː ɑ i̯ n
pojintima	p o̞ j iˑ n d̥ i m ɑˑ
pojintima	p o̞ j iˑ n tʲ i m ɑˑ
polavikko	p o̞ ɫ ɑˑ ʋ i kː o̞
polavikko	p o̞ ɫ ɑˑ ʋ i kː ŏ̞̥
politsa	p o̞ lʲ iˑ t͡s ɑ
politsa	p o̞ lʲ iˑ t͡s̠
politseiskoi	p o̞ l iˑ t͡s e̞ i̯ ʃ k o̞ i̯
politseiskoi	p o̞ lʲ iˑ t͡s̠ e̞ i̯ s̠ k ŏ̞̥
politsia	p o̞ lʲ iˑ t͡s i ɑˑ
politsia	p o̞ lʲ iˑ t͡s̠ i ɑˑ
poljakka	p o̞ lʲ ɑˑ kː
poljakka	p o̞ lʲ ɑˑ kː ɑ
poljarnoi	p o̞ lʲ ɑˑ r n o̞ i̯
poljarnoi	p o̞ lʲ ɑˑ r n ŏ̞̥
poljkka	p o̞ lʲ kː
poljkka	p o̞ lʲ kː ɑ
poljzi	p o̞ lʲ z̠ʲ
poljzi	p o̞ lʲ ʒ̥ i
poljzikas	p o̞ lʲ z̠ ĭ k ə z̠
poljzikas	p o̞ lʲ ʒ̥ i ɡ̊ ɑ ʒ̥
polkia	p o̞ ɫ k e̞
polkia	p o̞ ɫ k i ɑ
polkka	p o̞ ɫ kː
polkka	p o̞ ɫ kː ɑ
polle	p o̞ ɫː
polle	p o̞ ɫː e̞
polnoi	p o̞ ɫ n o̞ i̯
polnoi	p o̞ ɫ n ŏ̞̥
polo	p o̞ ɫ o̞ˑ
poloin	p o̞ ɫ o̞ i̯ n
poloin	p o̞ ɫˑ o̞ i̯ n
polopoika	p o̞ ɫ o̞ˑ p o̞ i̯ k
polopoika	p o̞ ɫ o̞ˑ p o̞ i̯ ɡ̊ ɑ
poltikas	p o̞ ɫ d̥ i ɡ̊ ɑ ʒ̥
poltikas	p o̞ ɫ tʲ ĭ k ə z̠
poltikkain	p o̞ ɫ d̥ i k k ɑ ɣ̥ iˑ iˑ n
poltikkain	p o̞ ɫ d̥ i kː ɑ i̯ n
poltikkain	p o̞ ɫ tʲ ĭ kː ə i̯ n
polttaa	p o̞ ɫ tː ɑ
polttaa	p o̞ ɫ tː ɑː
polucka	p o̞ ɫ uˑ t͡ʃ k
polucka	p o̞ ɫ uˑ t͡ʃ k ɑ
polupaljtto	p o̞ ɫ uˑ b̥ ɑ lʲ tː o̞
polupaljtto	p o̞ ɫ uˑ p ɑ lʲ tː ŏ̞̥
polvenkakku	p o̞ ɫ ʋ e̞ ŋ ɡ̊ ɑ kː u
polvenkakku	p o̞ ɫ ʋ ə ŋ k ɑ kː ŭ̥
polvensilmä	p o̞ ɫ ʋ e̞ n ʒ̥ i l m æ
polvensilmä	p o̞ ɫ ʋ ə n s̠ i lʲ m
polvi	p o̞ ɫ ʋ i
polvi	p o̞ ɫ ʋʲ
polzuittaa	p o̞ ɫ z̠ ə tː ɑ
polzuittaa	p o̞ ɫ ʃ u i̯ tː ɑː
pomintkat	p o̞ m iˑ n t k ɑ d̥
pomintkat	p o̞ m iˑ n t k ə d
ponomari	p o̞ n o̞ˑ m ɑ r iˑ
poohan	p oː h ə n
poohan	p o̝ː ɣ̥ ɑ n
poohtaa	p oː h t ɑ
poohtaa	p o̝ː h t ɑː
poojezda	p oː j e̞ z̠ d
poojezda	p o̝ː j e̞ ʃ t ɑ
pool	p oː lʲ
pool	p o̝ː ɫ
poola	p oː ɫ
poola	p o̝ː ɫ ɑ
poolest	p oː ɫ e̞ s̠ t
poolest	p o̝ː ɫ e̝ː ʃ t
pooli	p oː lʲ
pooli	p o̝ː l i
pooliin	p oː lʲ ĭ n
pooliin	p o̝ː l iː n
poolipitkä	p oː lʲ ĭ p i t k
poolipitkä	p o̝ː l i b̥ i t k æ
poolipäivä	p oː lʲ ĭ p æ i̯ ʋ
poolipäivä	p o̝ː l i p æ i̯ ʋ æ
poolipäätkä	p oː lʲ ĭ p æː t k
poolipäätkä	p o̝ː l i p æː t k æ
poolisaari	p oː lʲ ĭ s̠ ɑː rʲ
poolisaari	p o̝ː l i ʃ ɑː r i
poolivahva	p oː lʲ ĭ ʋ ɑ h ʋ
poolivahva	p o̝ː l i ʋ ɑ ɣ̥ ʋ ɑ
pooliöö	p oː lʲ i øː
pooliöö	p o̝ː l i ø̝ː
poolosti	p oː ɫ ŏ̞ s̠ tʲ
poolosti	p o̝ː ɫ o̞ ʃ t i
pooti	p oː tʲ
pooti	p o̝ː d̥ i
popo	p o̞ b̥ o̞ˑ
popo	p o̞ p o̞ˑ
popottaa	p o̞ b̥ o̞ˑ tː ɑː
popottaa	p o̞ p o̞ˑ tː ɑ
popugai	p o̞ p uˑ ɡ ə i̯
popugai	p o̞ pˑ uː ɡ̊ ɑ i̯
porkkana	p o̞ r kː ɑ n ɑ
porkkana	p o̞ r kː ə n
poro	p o̞ r o̞ˑ
poroda	p o̞ r o̞ˑ d
poroda	p o̞ rˑ o̝ː d̥ ɑ
poroga	p o̞ r o̞ˑ ɡ
poroga	p o̞ rˑ o̝ː ɡ̊ ɑ
porona	p o̞ r o̞ˑ n
porona	p o̞ rˑ o̝ː n ɑ
porras	p o̞ rː ɑ ʒ̥
porras	p o̞ rː ə z̠
porsas	p o̞ r s̠ ə z̠
porsas	p o̞ r ʒ̥ ɑ ʒ̥
portta	p o̞ r tː
portta	p o̞ r tː ɑ
portteri	p o̞ r tː e̞ r i
portteri	p o̞ r tː e̞ rʲ
porttu	p o̞ r tː u
porttu	p o̞ r tː ŭ̥
positiva	p o̞ s̠ iˑ tʲ i ʋ ɑˑ
positiva	p o̞ ʒ̥ iˑ d̥ i ʋ ɑˑ
positsia	p o̞ s̠ iˑ t͡s̠ i ɑˑ
positsia	p o̞ ʒ̥ iˑ t͡s i ɑˑ
poski	p o̞ s̠ kʲ
poski	p o̞ ʃ k i
poskipää	p o̞ s̠ k ĭ p æː
poskipää	p o̞ ʃ k i p æː
posti	p o̞ s̠ tʲ
posti	p o̞ ʃ t i
postimees	p o̞ s̠ tʲ ĭ m eː z̠
postimees	p o̞ ʃ t i m e̝ː ʒ̥
postinkantaja	p o̞ s̠ tʲ ĭ ŋ k ɑ n t ə i̯
postinkantaja	p o̞ ʃ t i ŋ ɡ̊ ɑ n t ɑ j ɑ
postpositsia	p o̞ s̠ t p ŏ̞ s̠ i t͡s̠ e̞
postpositsia	p o̞ ʃ t p o̞ ʒ̥ i t͡s i ɑ
potka	p o̞ t k
potka	p o̞ t k ɑ
potkia	p o̞ t k e̞
potkia	p o̞ t k i ɑ
potkia	p o̞ t k ĭ j
potkuri	p o̞ t k u r i
potkuri	p o̞ t k ŭ rʲ
poukku	p o̞ u̯ kː u
poukku	p o̞ u̯ kː ŭ̥
poukkulahantka	p o̞ u̯ kː u ɫ ɑ ɣ̥ ɑˑ n t k ɑ
poukkulahantka	p o̞ u̯ kː ŭ ɫ ɑ h ɑˑ n t k
poukkupäivä	p o̞ u̯ kː u p æ i̯ ʋ æ
poukkupäivä	p o̞ u̯ kː ŭ p æ i̯ ʋ
poukkuvesi	p o̞ u̯ kː u ʋ e̞ ʒ̥ iˑ
poukkuvesi	p o̞ u̯ kː ŭ ʋ e̞ s̠ iˑ
pouta	p o̞ u̯ d̥ ɑ
pouta	p o̞ u̯ t
povarnoi	p o̞ ʋ ɑˑ r n o̞ i̯
povarnoi	p o̞ ʋ ɑˑ r n ŏ̞̥
poveska	p o̞ ʋ e̞ˑ s̠ k
poveska	p o̞ ʋ e̞ˑ ʃ k ɑ
povoda	p o̞ ʋ o̞ˑ d
povoda	p o̞ ʋˑ o̝ː d̥ ɑ
povoinikka	p o̞ ʋ o̞ i̯ n ĭ kː
povoinikka	p o̞ ʋˑ o̞ i̯ n i kː ɑ
povvakas	p o̞ ʋː ɑ ɡ̊ ɑ ʒ̥
povvakas	p o̞ ʋː ə k ə z̠
povveta	p o̞ ʋː e̞ d̥ ɑ
povveta	p o̞ ʋː e̞ t
povvi	p o̞ ʋʲː
povvi	p o̞ ʋː i
povvinoora	p o̞ ʋː i n o̝ː r ɑ
povvinoora	p o̞ ʋː ĭ n oː r
poštaljona	p o̞ ʃ t ɑ lʲ j o̞ n ɑˑ
poštaljona	p o̞ ʃ t ə l j o̞ n ɑˑ
požarnoi	p o̞ ʒ ɑˑ r n ŏ̞̥
požarnoi	p o̞ ʒ̥ ɑˑ r n o̞ i̯
praavihua	p r ɑː ʋ i h u ɑˑ
praavihua	p r ɑː ʋ ĭ h u ɑˑ
praavihussa	p r ɑː ʋ i ɣ̥ u ʃː ɑ
praavihussa	p r ɑː ʋ ĭ h u s̠ː
praavila	p r ɑː ʋ i ɫ ɑ
praavila	p r ɑː ʋ ĭ ɫ
praavitos	p r ɑː ʋ i d̥ o̞ ʒ̥
praavitos	p r ɑː ʋ ĭ t ŏ̞ z̠
praavittaa	p r ɑː ʋ i tː ɑː
praavittaa	p r ɑː ʋ ə tː ɑ
praaznikka	p r ɑː z̠ n ĭ kː
praaznikka	p r ɑː ʒ̥ n i kː ɑ
prakticeskoi	p r ɑ k t i t͡ʃ e̞ ʃ k o̞ i̯
prakticeskoi	p r ɑ k tʲ ĭ t͡ʃ e̞ s̠ k ŏ̞̥
predmetta	p r e̞ d m e̞ tː
predmetta	p r e̞ d̥ m e̞ tː ɑ
preetiä	p r eː tʲ e̞
preetiä	p r e̝ː t i æ
prepositsia	p r e̞ b̥ o̞ˑ ʒ̥ i t͡s i ɑ
prepositsia	p r e̞ p o̞ˑ s̠ i t͡s̠ e̞
pressata	p r e̞ s̠ː ə t
pressata	p r e̞ ʃː ɑ d̥ ɑ
pressi	p r e̞ s̠ʲː
pressi	p r e̞ ʃː i
pribora	p r i b o̞ˑ r
pribora	p r i pˑ o̝ː r ɑ
priha	p r i h ɑˑ
priha	p r i ɣ̥ ɑˑ
priho	p r i h o̞ˑ
priho	p r i ɣ̥ o̞ i̯
priimusa	p r iː m u ʒ̥ ɑ
priimusa	p r iː m ŭ s̠
primera	p r i m e̞ˑ r
primera	p r i mˑ e̝ː r ɑ
printsi	p r i n t͡s i
printsi	p r i n t͡s̠ʲ
pristani	p r i s̠ t ə nʲ
pristani	p r i ʃ t ɑ n i
pritana	p r i t ɑˑ n
pritana	p r i tˑ ɑː n ɑ
probirka	p r o̞ b iˑ r k
probirka	p r o̞ b̥ iˑ r ɡ̊ ɑ
probka	p r o̞ b k
probka	p r o̞ p k ɑ
produkta	p r o̞ d uˑ k t
produkta	p r o̞ d̥ uˑ k t ɑ
progona	p r o̞ kˑ o̝ː n ɑ
progona	p r o̞ ɡ o̞ˑ n
programma	p r o̞ ɡ r ə mː
programma	p r o̞ ɡ̊ r ɑ mː ɑ
prolativa	p r o̞ ɫ ɑˑ d̥ i ʋ ɑˑ
prolativa	p r o̞ ɫ ɑˑ tʲ i ʋ ɑˑ
proletarskoi	p r o̞ ɫ e̞ˑ d̥ ɑ r ʃ k o̞ i̯
proletarskoi	p r o̞ ɫ e̞ˑ t ɑ r s̠ k ŏ̞̥
pronomina	p r o̞ n o̞ˑ m i n ɑˑ
proovata	p r oː ʋ ə t
proovata	p r o̝ː ʋ ɑ d̥ ɑ
proovolka	p r oː ʋ ŏ̞ ɫ k
proovolka	p r o̝ː ʋ o̞ ɫ ɡ̊ ɑ
proovolokka	p r oː ʋ ŏ̞ ɫ ŏ̞ kː
proovolokka	p r o̝ː ʋ o̞ ɫ o̞ kː ɑ
prosekka	p r o̞ s̠ e̞ˑ kː
prosekka	p r o̞ ʒ̥ e̞ˑ kː ɑ
prossakka	p r o̞ s̠ː ə kː
prossakka	p r o̞ ʃː ɑ kː ɑ
prostina	p r o̞ s̠ tʲ ĭ n
prostina	p r o̞ ʃ t i n ɑ
prostoi	p r o̞ s̠ t ŏ̞̥
prostoi	p r o̞ ʃ t o̞ i̯
prostoimp	p r o̞ s̠ t ŏ̞ m pʲ
prostoimp	p r o̞ s̠ t ŏ̞ pʲ
prostoimp	p r o̞ ʃ t o̞ i̯ m b̥
protivogaza	p r o̞ d̥ iˑ ʋ o̞ kˑ ɑː ʒ̥ ɑ
protivogaza	p r o̞ tʲ iˑ ʋ o̞ ɡ ɑˑ z̠
proveroittaa	p r o̞ ʋ e̞ˑ r o̞ i̯ tː ɑ
proveroittaa	p r o̞ ʋ e̞ˑ r o̞ i̯ tː ɑː
prulli	p r u lʲː
prulli	p r u lː i
prullikas	p r u lʲː ĭ k ə z̠
prullikas	p r u lː i ɡ̊ ɑ ʒ̥
prullissella	p r u lʲː ĭ s̠ː e̞ ɫː
prullissella	p r u lː i ʃ ʃ e̞ ɫː ɑ
prullistaa	p r u lʲː ə s̠ t ɑ
prullistaa	p r u lː i ʃ t ɑː
prusakka	p r u s̠ ɑˑ kː
prusakka	p r u ʒ̥ ɑˑ kː ɑ
prusakkain	p r u s̠ ɑˑ kː ə i̯ n
prusakkain	p r u ʒ̥ ɑˑ kː ɑ i̯ n
pruuda	p r uː d
pruuda	p r uː d̥ ɑ
pruukata	p r uː k ə t
pruukata	p r uː ɡ̊ ɑ d̥ ɑ
pruukkia	p r uː kː e̞
pruukkia	p r uː kː i ɑ
präkinä	p r æ k iˑ n
präkinä	p r æ kˑ iː n æ
präkkää	p r æ kː æ
präkkää	p r æ kː æː
prännikkä	p r æ nː i kː æ
prännikkä	p r æ nː ĭ kː
präski	p r æ s̠ kʲ
präski	p r æ ʃ k i
prökky	p r ø̞ kː y
prökky	p r ø̞ kː y̥̆
pudro	p u d r ŏ̞̥
pudro	p u d̥ r o̞
pudrolaatka	p u d r ŏ̞ ɫ ɑː t k
pudrolaatka	p u d̥ r o̞ ɫ ɑː t k ɑ
puhaltaa	p u h ɑˑ ɫ t ɑ
puhaltaa	p u ɣ̥ ɑˑ ɫ d̥ ɑː
puhas	p u h ɑˑ z̠
puhas	p u ɣ̥ ɑˑ ʒ̥
puhaskirjutos	p u h ɑˑ s̠ k i r j ŭ t ŏ̞ z̠
puhaskirjutos	p u ɣ̥ ɑˑ ʃ k i r j u d̥ o̞ ʒ̥
puhasliitsain	p u h ɑˑ z̠ lʲ iː t͡s̠ ə i̯ n
puhasliitsain	p u ɣ̥ ɑˑ ʒ lʲ iː t͡s ɑ i̯ n
puhhua	p u xː o̞
puhhua	p u xˑ u ɑ
puikko	p u i̯ kː o̞ i̯
puikko	p u i̯ kː ŏ̞̥
puin	p u i̯ n
puinna	p u i̯ n
puinna	p u i̯ nː
puippu	p u i̯ pː u
puippu	p u i̯ pː ŭ̥
puistaa	p u i̯ s̠ t ɑ
puistaa	p u i̯ ʃ t ɑː
puisut	p u i̯ s̠ ŭ d
puisut	p u i̯ ʒ̥ u d̥
pulikka	p u l iˑ kː ɑ
pulikka	p u lʲ iˑ kː
pulkka	p u ɫ kː
pulkka	p u ɫ kː ɑ
pullu	p u ɫː u
pullu	p u ɫː ŭ̥
pulmaaika	p u ɫ m ɑ ɑ i̯ k
pulmaaika	p u ɫ m ɑ ɑ i̯ ɡ̊ ɑ
pulmahoomnikko	p u ɫ m ɑ h o̝ː m n i kː o̞ i̯
pulmahoomnikko	p u ɫ m ə h oː m n ə kː ŏ̞̥
pulmajolkka	p u ɫ m ɑ j o̞ ɫ kː ɑ
pulmajolkka	p u ɫ m ə j o̞ ɫ kː
pulmalaulu	p u ɫ m ɑ ɫ ɑ u̯ ɫ u
pulmalaulu	p u ɫ m ə ɫ ɑ u̯ ɫ ŭ̥
pulmalliin	p u ɫ m ɑ lː iː n
pulmalliin	p u ɫ m ə lʲ lʲ i n e̞ˑ
pulmamees	p u ɫ m ɑ m e̝ː ʒ̥
pulmamees	p u ɫ m ə m eː z̠
pulmanikka	p u ɫ m ɑ n i kː ɑ
pulmanikka	p u ɫ m ə n i kː
pulmaolut	p u ɫ m ɑ o̞ ɫ uˑ d
pulmaolut	p u ɫ m ɑ o̞ ɫ uˑ d̥
pulmapäivä	p u ɫ m ɑ p æ i̯ ʋ æ
pulmapäivä	p u ɫ m ə p æ i̯ ʋ
pulmat	p u ɫ m ɑ d̥
pulmat	p u ɫ m ə d
pulmatavarat	p u ɫ m ɑ d̥ ɑ ʋˑ ɑː r ɑ d̥
pulmatavarat	p u ɫ m ə t ɑ ʋ ɑˑ r ə d
pulmaväki	p u ɫ m ɑ ʋ æ ɡ̊ iˑ
pulmaväki	p u ɫ m ə ʋ æ k iˑ
pulska	p u ɫ s̠ k
pulska	p u ɫ ʃ k ɑ
pumissa	p u m iˑ s̠ː
pumissa	p u m iˑ ʃː ɑ
pumppu	p u m pː u
pumppu	p u m pː ŭ̥
pumputa	p u m b̥ u d̥ ɑ
pumputa	p u m p ŭ t
puna	p u n ɑˑ
punain	p u n ɑ i̯ n
punain	p u nˑ ɑ i̯ n
punapelto	p u n ɑˑ b̥ e̞ ɫ d̥ o̞
punapelto	p u n ɑˑ p e̞ ɫ t ŏ̞̥
punaposkiin	p u n ɑˑ b̥ o̞ ʃ k iː n
punaposkiin	p u n ɑˑ p o̞ s̠ k ĭ n
punapurje	p u n ɑˑ b̥ u r j e̞
punapurje	p u n ɑˑ p u r i
punapuu	p u n ɑˑ p uː
punapää	p u n ɑˑ p æː
punapääopokka	p u n ɑˑ p æː o̞ b̥ o̞ˑ kː ɑ
punapääopokka	p u n ɑˑ p æː o̞ p o̞ˑ kː
punarinta	p u n ɑˑ r i n d̥ ɑ
punarinta	p u n ɑˑ r i n t
punastua	p u n ɑˑ s̠ t u ɑˑ
punastua	p u n ɑˑ ʃ t u ɑˑ
punatauti	p u n ɑˑ t ɑ u̯ d̥ i
punatauti	p u n ɑˑ t ɑ u̯ tʲ
punertava	p u n e̞ˑ r d̥ ɑ ʋ ɑˑ
punertava	p u n e̞ˑ r t ɑ ʋ ɑˑ
punettaa	p u n e̞ˑ tː ɑ
punettaa	p u n e̞ˑ tː ɑː
punettia	p u n e̞ˑ t t i ɑˑ
punettia	p u n e̞ˑ tʲ tʲ i ɑˑ
punettua	p u n e̞ˑ t t u ɑˑ
punnoa	p u nː o̞
punnoa	p u nˑ o̝ː j ɑ
puntsahtaa	p u n t͡s ɑ h t ɑː
puntsahtaa	p u n t͡s̠ ə h t ɑ
puntta	p u n tː
puntta	p u n tː ɑ
punttalauta	p u n tː ɑ ɫ ɑ u̯ d̥ ɑ
punttalauta	p u n tː ə ɫ ɑ u̯ t
puota	p u o̞ˑ d̥ ɑ
puota	p u o̞ˑ t
puottaa	p u o̞ˑ tː ɑ
puottaa	p u o̞ˑ tː ɑː
pupuška	p u b̥ uˑ ʃ k ɑ
pupuška	p u p uˑ ʃ k
pura	p u r ɑˑ
purata	p u r ɑˑ d̥ ɑ
purata	p u r ɑˑ t
puristaa	p u r iˑ s̠ t ɑ
puristaa	p u r iˑ ʃ t ɑː
purje	p u r i
purje	p u r j e̞
purjehtia	p u r j e̞ h t i ɑˑ
purjehtia	p u r j ə h tʲ i ɑˑ
purjehtiva	p u r j e̞ h t i ʋ ɑˑ
purjehtiva	p u r j ə h tʲ i ʋ ɑˑ
purno	p u r n o̞
purno	p u r n ŏ̞̥
purnolliin	p u r n o̞ lː iː n
purnolliin	p u r n ŏ̞ lʲ lʲ i n e̞ˑ
purnu	p u r n u
purnu	p u r n ŭ̥
purra	p u rː
purra	p u rː ɑ
purria	p u r i j
purria	p u rː e̞
purria	p u rˑ i ɑ
pursutella	p u r s̠ ŭ t e̞ ɫː
pursutella	p u r ʒ̥ u d̥ e̞ ɫː ɑ
pursuttaa	p u r s̠ ə tː ɑ
pursuttaa	p u r ʒ̥ u tː ɑː
puru	p u r uˑ
puruli	p u r uˑ lʲ
puruli	p u rˑ uː l i
pusertaa	p u s̠ e̞ˑ r t ɑ
pusertaa	p u ʒ̥ e̞ˑ r d̥ ɑː
puskia	p u s̠ k e̞
puskia	p u ʃ k i ɑ
pussi	p u s̠ʲː
pussi	p u ʃː i
puteli	p u t e̞ˑ lʲ
puteli	p u tˑ e̝ː lʲ i
putešestvenikka	p u d̥ e̞ˑ ʒ̥ e̞ ʃ t ʋ e̞ n i kː ɑ
putešestvenikka	p u t e̞ˑ ʃ e̞ s̠ t ʋ ə n ĭ kː
putki	p u t k i
putki	p u t kʲ
puu	p uː
puuastava	p uː ɑ s̠ t ə ʋ
puuastava	p uː ɑ ʃ t ɑ ʋ ɑ
puuda	p uː d
puuda	p uː d̥ ɑ
puuha	p uː h
puuha	p uː ɣ̥ ɑ
puuhanko	p uː h ɑ ŋ k ŏ̞̥
puuhanko	p uː ɣ̥ ɑ ŋ ɡ̊ o̞
puuitikka	p uː i d̥ iˑ kː ɑ
puuitikka	p uː i tʲ iˑ kː
puujalka	p uː j ɑ ɫ k
puujalka	p uː j ɑ ɫ ɡ̊ ɑ
puukanki	p uː k ɑ ŋ kʲ
puukanki	p uː ɡ̊ ɑ ŋ ɡ̊ i
puukas	p uː k ə z̠
puukas	p uː ɡ̊ ɑ ʒ̥
puukko	p uː kː o̞ i̯
puukko	p uː kː ŏ̞̥
puukkoveitsi	p uː kː o̞ j ʋ e̞ i̯ t͡s i
puukkoveitsi	p uː kː ŏ̞ ʋ e̞ i̯ t͡s̠ʲ
puulahantka	p uː ɫ ɑ h ɑˑ n t k
puulahantka	p uː ɫ ɑ ɣ̥ ɑˑ n t k ɑ
puulapja	p uː ɫ ɑ b i
puulapja	p uː ɫ ɑ b̥ j ɑ
puulusikka	p uː ɫ u s̠ iˑ kː
puulusikka	p uː ɫ u ʒ̥ iˑ kː ɑ
puumalja	p uː m ɑ lʲ j ɑ
puumalja	p uː m ɑ lʲː
puunaagla	p uː n ɑː ɡ ɫ
puunaagla	p uː n ɑː ɡ̊ ɫ ɑ
puuomena	p uː o̞ m e̞ˑ n
puuomena	p uː o̞ mˑ e̝ː n ɑ
puuraenta	p uː r ɑ e̞ˑ n d̥ ɑ
puuraenta	p uː r ɑ e̞ˑ n t
puuriissat	p uː r iː s̠ː ə d
puuriissat	p uː r iː ʃː ɑ d̥
puusammal	p uː s̠ ɑ mː ə ɫ
puusammal	p uː ʒ̥ ɑ mː ɑ ɫ
puusilta	p uː s̠ i ɫ t
puusilta	p uː ʒ̥ i ɫ d̥ ɑ
puute	p uː d̥ e̞
puute	p uː t
puutoukka	p uː t o̞ u̯ kː
puutoukka	p uː t o̞ u̯ kː ɑ
puuttua	p uː tː o̞
puuttua	p uː tː u ɑ
puutulppa	p uː d̥ u ɫ pː ɑ
puutulppa	p uː t u ɫ pː
puuuhlu	p uː u h ɫ ŭ̥
puuuhlu	p uː u ɣ̥ ɫ u
puuvilla	p uː ʋ i ɫː
puuvilla	p uː ʋ i ɫː ɑ
puuvillain	p uː ʋ i ɫː ɑ i̯ n
puuvillain	p uː ʋ i ɫː ə i̯ n
puuvoi	p uː ʋ o̞ i̯
puzattoi	p u z̠ ɑˑ tː ŏ̞̥
puzattoi	p u ʒ̥ ɑˑ tː o̞ i̯
pyhittää	p y h iˑ tː æ
pyhittää	p y ɣ̥ iˑ tː æː
pyhä	p y h æˑ
pyhä	p y ɣ̥ æˑ
pyhähoomus	p y h æˑ h oː m ŭ z̠
pyhähoomus	p y ɣ̥ æˑ h o̝ː m u ʒ̥
pyhäin	p y h æ i̯ n
pyhäin	p y xˑ æ i̯ n
pyhäkala	p y h æˑ k ɑ ɫ ɑˑ
pyhäkala	p y ɣ̥ æˑ ɡ̊ ɑ ɫ ɑˑ
pyhälliin	p y h æˑ lʲ lʲ i n e̞ˑ
pyhälliin	p y ɣ̥ æˑ lʲː iː n
pyhänpanekki	p y h æˑ m p ɑ n e̞ˑ kʲː
pyhänpanekki	p y ɣ̥ æˑ m b̥ ɑ n e̞ˑ kː i
pyhänpanekkipäivä	p y h æˑ m p ɑ n e̞ˑ kː i p æ i̯ ʋ
pyhänpanekkipäivä	p y ɣ̥ æˑ m b̥ ɑ n e̞ˑ kː i p æ i̯ ʋ æ
pyhänveetto	p y h æˑ n ʋ eː tː ŏ̞̥
pyhänveetto	p y ɣ̥ æˑ n ʋ e̝ː tː o̞
pyhäpäivä	p y h æˑ p æ i̯ ʋ
pyhäpäivä	p y ɣ̥ æˑ p æ i̯ ʋ æ
pyhäpäiväin	p y h æˑ p æ i̯ ʋ ə i̯ n
pyhäpäiväin	p y ɣ̥ æˑ p æ i̯ ʋ æ i̯ n
pykälä	p y k æˑ lʲ
pykälä	p y kˑ æː l æ
pykämä	p y k æˑ m
pykämä	p y ɡ̊ æˑ m æ
pylvä	p y lʲ ʋ
pylvä	p y lʲ ʋ æ
pylvätä	p y lʲ ʋ æ d̥ æ
pylvätä	p y lʲ ʋ ə t
pyntätä	p y n d̥ æ d̥ æ
pyntätä	p y n t ə t
pyrkiä	p y r k e̞
pyrkiä	p y r k i æ
pyry	p y r yˑ
pyssy	p y s̠ː y̥̆
pyssy	p y ʃː y
pyssymees	p y s̠ː y̆ m eː z̠
pyssymees	p y ʃː y m e̝ː ʒ̥
pytky	p y t k y
pytky	p y t k y̥̆
pytty	p y tʲː y̥̆
pytty	p y tː y
pyy	p yː
pyyhkiä	p yː x k e̞
pyyhkiä	p yː x k i æ
pyytäjä	p yː d̥ æ j æ
pyytäjä	p yː t ə i̯
pyytää	p yː t æ
pyytää	p yː t æː
pyytää	p yː tː æ ɡ̊
pyytö	p yː d̥ ø̞
pyytö	p yː t ø̞̥̆
päi	p æ i̯
päin	p æ i̯ n
päissär	p æ i̯ s̠ː ə r
päissär	p æ i̯ ʃː æ r
päissärvilla	p æ i̯ s̠ː ə r ʋ i ɫː
päissärvilla	p æ i̯ ʃː æ r ʋ i ɫː ɑ
päitset	p æ i̯ t͡s e̞ d̥
päitset	p æ i̯ t͡s̠ e̞ d
päivettyä	p æ i̯ ʋ e̞ t t y æˑ
päivettyä	p æ i̯ ʋ ə tʲ tʲ y æˑ
päivykkäin	p æ i̯ ʋ y kː æ i̯ n
päivykkäin	p æ i̯ ʋ y̆ kː ə i̯ n
päivyt	p æ i̯ ʋ y d̥
päivyt	p æ i̯ ʋ y̆ d
päivyttyä	p æ i̯ ʋ y t t y æˑ
päivyttyä	p æ i̯ ʋ y̆ tʲ tʲ y æˑ
päivä	p æ i̯ ʋ
päivä	p æ i̯ ʋ æ
päiväin	p æ i̯ ʋ æ i̯ n
päiväin	p æ i̯ ʋ ə i̯ n
päivälintu	p æ i̯ ʋ æ lʲ i n d̥ u
päivälintu	p æ i̯ ʋ ə lʲ i n t ŭ̥
päiväläin	p æ i̯ ʋ æ l æ i̯ n
päiväläin	p æ i̯ ʋ ə lʲ ə i̯ n
päivämeri	p æ i̯ ʋ æ m e̞ r iˑ
päivämeri	p æ i̯ ʋ ə m e̞ r iˑ
päivänlasku	p æ i̯ ʋ æ n ɫ ɑ ʃ k u
päivänlasku	p æ i̯ ʋ ə n ɫ ɑ s̠ k ŭ̥
päivännoisu	p æ i̯ ʋ æ n n o̞ i̯ ʒ̥ u
päivännoisu	p æ i̯ ʋ ə n n o̞ i̯ s̠ ŭ̥
päiväpaisse	p æ i̯ ʋ æ p ɑ i̯ ʃː e̞
päiväpaisse	p æ i̯ ʋ ə p ɑ i̯ s̠ː
päiväpyytö	p æ i̯ ʋ æ p yː d̥ ø̞
päiväpyytö	p æ i̯ ʋ ə p yː t ø̞̥̆
päivätähti	p æ i̯ ʋ æ d̥ æ h t i
päivätähti	p æ i̯ ʋ ə t æ h tʲ
päivätöö	p æ i̯ ʋ æ t ø̝ː
päivätöö	p æ i̯ ʋ ə t øː
päivääl	p æ i̯ ʋ æː l
päivääl	p æ i̯ ʋ ə lʲː
päivölintu	p æ i̯ ʋ ø̞ i̯ lʲ i n d̥ u
päivölintu	p æ i̯ ʋ ø̞̆ lʲ i n t ŭ̥
päivöttyä	p æ i̯ ʋ ø̞ i̯ t t y æˑ
päivöttyä	p æ i̯ ʋ ø̞̆ t t y æˑ
päpi	p æ b̥ iˑ
päpi	p æ p iˑ
päppä	p æ pː
päppä	p æ pː æ
päre	p æ r e̞ˑ
pärehiin	p æ r e̞ˑ h i n e̞ˑ
pärehiin	p æ r e̞ˑ h iː n
pärekatto	p æ r e̞ˑ k ɑ tː ŏ̞̥
pärekatto	p æ r e̞ˑ ɡ̊ ɑ tː o̞
pärekontti	p æ r e̞ˑ k o̞ n tʲː
pärekontti	p æ r e̞ˑ ɡ̊ o̞ n tː i
pärepuu	p æ r e̞ˑ p uː
päreveitsi	p æ r e̞ˑ ʋ e̞ i̯ t͡s i
päreveitsi	p æ r e̞ˑ ʋ e̞ i̯ t͡s̠ʲ
päriin	p æ r iˑ n
päriin	p æ rˑ iː n
pärnä	p æ r n
pärnä	p æ r n æ
pärnäin	p æ r n æ i̯ n
pärnäin	p æ r n ə i̯ n
pärski	p æ r s̠ kʲ
pärski	p æ r ʃ k i
pässi	p æ s̠ʲː
pässi	p æ ʃː i
pässyttää	p æ s̠ː ə tː æ
pässyttää	p æ ʃː y tː æː
pätkä	p æ t k
pätkä	p æ t k æ
pätsetti	p æ t͡s e̞ tː i
pätsetti	p æ t͡s̠ e̞ tʲː
pätärä	p æ t æˑ r
pätärä	p æ tˑ æː r æ
pää	p æː
pääaivo	p æː ɑ i̯ ʋ o̞
pääaivo	p æː ɑ i̯ ʋ ŏ̞̥
pääheinät	p æː h e̞ i̯ n æ d̥
pääheinät	p æː h e̞ i̯ n ə d
päähiäin	p æː h ĭ j ə i̯ n
päähiäin	p æː ɣ̥ i æ i̯ n
päähkenikko	p æː x k e̞ n i kː o̞ i̯
päähkenikko	p æː x k ə n i kː ŏ̞̥
päähkenä	p æː x k e̞ n
päähkenä	p æː x k e̞ n æ
päähkänikko	p æː x k æ n i kː o̞ i̯
päähkänikko	p æː x k ə n i kː ŏ̞̥
päähkänä	p æː x k æ n æ
päähkänä	p æː x k ə n
päähkänäkärkkä	p æː x k æ n æ ɡ̊ æ r kː æ
päähkänäkärkkä	p æː x k ə n æ k æ r kː
päähkänäkärkkäin	p æː x k æ n æ ɡ̊ æ r kː æ i̯ n
päähkänäkärkkäin	p æː x k ə n æ k æ r kː ə i̯ n
päähkänämetsä	p æː x k æ n æ m e̞ t͡s æ
päähkänämetsä	p æː x k ə n æ m e̞ t͡s̠
päähkänäpehko	p æː x k æ n æ b̥ e̞ x k o̞
päähkänäpehko	p æː x k ə n æ p e̞ x k ŏ̞̥
päähkänäpuu	p æː x k æ n æ p uː
päähkänäpuu	p æː x k ə n æ p uː
päähkänävoi	p æː x k æ n æ ʋ o̞ i̯
päähkänävoi	p æː x k ə n æ ʋ o̞ i̯
päähä	p æː h
päähä	p æː ɣ̥ æ
pääjuuri	p æː j uː r i
pääjuuri	p æː j uː rʲ
pääjyvä	p æː j y ʋ æˑ
pääkirja	p æː k i r i
pääkirja	p æː ɡ̊ i r j ɑ
pääkkö	p æː kː ø̞ i̯
pääkkö	p æː kː ø̞̥̆
pääkoira	p æː k o̞ i̯ r
pääkoira	p æː k o̞ i̯ r ɑ
pääkäs	p æː k ə z̠
pääkäs	p æː ɡ̊ æ ʒ̥
pääl	p æː l
pääl	p æː lʲː
päälaki	p æː ɫ ɑ k iˑ
päälaki	p æː ɫ ɑ ɡ̊ iˑ
pääliin	p æː lʲ iː n
pääliin	p æː lʲ ĭ n
päälimäin	p æː lʲ i m æ i̯ n
päälimäin	p æː lʲ ĭ m ə i̯ n
päälinna	p æː lʲ i nː
päälinna	p æː lʲ i nː ɑ
päälle	p æː lʲː
päälle	p æː lː e̞
päält	p æː lʲ d̥
päält	p æː lʲ t
pääluu	p æː ɫ uː
päälypooli	p æː l y p o̝ː l i
päälypooli	p æː lʲ y̆ p oː lʲ
päälys	p æː lʲ y ʒ̥
päälys	p æː lʲ y̆ z̠
päämees	p æː m eː z̠
päämees	p æː m e̝ː ʒ̥
pään	p æː n
päänikka	p æː n i kː ɑ
päänikka	p æː n ĭ kː
päännä	p æː n
päännä	p æː nː
pääolut	p æː o̞ ɫ uˑ d
pääolut	p æː o̞ ɫ uˑ d̥
pääpooli	p æː p oː lʲ
pääpooli	p æː p o̝ː l i
päärme	p æː r m
päärme	p æː r m e̞
päärmä	p æː r m
päärmä	p æː r m æ
päärmätä	p æː r m æ d̥ æ
päärmätä	p æː r m ə t
pääs	p æː s̠ː
pääs	p æː ʒ̥
pääsaahkara	p æː s̠ ɑ x k ə r
pääsaahkara	p æː ʒ̥ ɑ x k ɑ r ɑ
pääsky	p æː s̠ k y̥̆
pääsky	p æː ʃ k y
pääskylintu	p æː s̠ k y̆ lʲ i n t ŭ̥
pääskylintu	p æː ʃ k y lʲ i n d̥ u
pääskyläin	p æː s̠ k y̆ lʲ ə i̯ n
pääskyläin	p æː ʃ k y l æ i̯ n
pääskö	p æː s̠ k ø̞̥̆
pääskö	p æː ʃ k ø̞ i̯
pääsköi	p æː s̠ k ø̞̆ i̯ s̠ː
pääsköi	p æː ʃ k ø̞ i̯
pääskölintu	p æː s̠ k ø̞̆ lʲ i n t ŭ̥
pääskölintu	p æː ʃ k ø̞ i̯ lʲ i n d̥ u
päässä	p æː s̠ː
päässä	p æː ʃː æ
pääst	p æː s̠ t
pääst	p æː ʃ t
päästää	p æː s̠ t æ
päästää	p æː ʃ t æː
pääsuka	p æː s̠ u k ɑˑ
pääsuka	p æː ʒ̥ u ɡ̊ ɑˑ
pääsö	p æː s̠ ø̞̥̆
pääsö	p æː ʒ̥ ø̞
pääsönpisama	p æː s̠ ø̞̆ m p i s̠ ɑˑ m
pääsönpisama	p æː ʒ̥ ø̞ i̯ m b̥ i ʃˑ ɑː m ɑ
päätagra	p æː d̥ ɑ ɡ̊ r ɑ
päätagra	p æː t ɑ ɡ r
päätauti	p æː t ɑ u̯ d̥ i
päätauti	p æː t ɑ u̯ tʲ
päätetsä	p æː d̥ e̞ t͡s æ
päätetsä	p æː t e̞ t͡s̠
päätkä	p æː t k
päätkä	p æː t k æ
päätöin	p æː d̥ ø̞ i̯ n
päätöin	p æː t ø̞̆ i̯ n
päävaras	p æː ʋ ɑ r ɑˑ z̠
päävaras	p æː ʋ ɑ r ɑˑ ʒ̥
päävitsa	p æː ʋ i t͡s ɑ
päävitsa	p æː ʋ i t͡s̠
päävladenja	p æː ʋ ɫ ɑ d e̞ ɲː
päävladenja	p æː ʋ ɫ ɑ d̥ e̞ˑ n j ɑ
pökkö	p ø̞ kː ø̞ i̯
pökkö	p ø̞ kː ø̞̥̆
pökköheinä	p ø̞ kː ø̞ i̯ h e̞ i̯ n æ
pökköheinä	p ø̞ kː ø̞̆ h e̞ i̯ n
pöksyt	p ø̞ k s̠ y̆ d
pöksyt	p ø̞ k ʃ y d̥
pölly	p ø̞ lʲː y̥̆
pölly	p ø̞ lː y
pöllyin	p ø̞ lʲː y̆ i̯ n
pöllyin	p ø̞ lː y i̯ n
pöllykukka	p ø̞ lʲː y̆ k u kː
pöllykukka	p ø̞ lː y ɡ̊ u kː ɑ
pöllykäs	p ø̞ lʲː y̆ k ə z̠
pöllykäs	p ø̞ lː y ɡ̊ æ ʒ̥
pöllytellä	p ø̞ lʲː ə t e̞ lʲː
pöllytellä	p ø̞ lː y d̥ e̞ lː æ
pöllyttää	p ø̞ lʲː ə tː æ
pöllyttää	p ø̞ lː y tː æː
pöllytä	p ø̞ lʲː y̆ t
pöllytä	p ø̞ lː y d̥ æ
pölässyttää	p ø̞ l æˑ ʃ ʃ y tː æː
pölässyttää	p ø̞ l æˑ ʃ ʃ y tˑ æː
pölässyttää	p ø̞ lʲ æˑ s̠ s̠ y tː æ
pölästyä	p ø̞ l æˑ ʃ t y æˑ
pölästyä	p ø̞ lʲ æˑ s̠ tʲ y æˑ
pölätä	p ø̞ lʲ æˑ d̥ æ
pölätä	p ø̞ lʲ æˑ t
pörissä	p ø̞ r iˑ s̠ː
pörissä	p ø̞ r iˑ ʃː æ
pöröläin	p ø̞ r ø̞ˑ l æ i̯ n
pöröläin	p ø̞ r ø̞ˑ lʲ ə i̯ n
pörömä	p ø̞ r ø̞ˑ m
pörömä	p ø̞ rˑ ø̝ː m æ
pörömäin	p ø̞ r ø̞ˑ m æ i̯ n
pörömäin	p ø̞ r ø̞ˑ m ə i̯ n
pörömälliin	p ø̞ r ø̞ˑ m æ lʲː iː n
pörömälliin	p ø̞ r ø̞ˑ m æ lʲː ĭ n
pötkä	p ø̞ t k
pötkä	p ø̞ t k æ
pövvy	p ø̞ ʋː y
pövvy	p ø̞ ʋː y̥̆
pöyhkiä	p ø̞ y̯ x k e̞
pöyhkiä	p ø̞ y̯ x k i æ
pöytä	p ø̞ y̯ d̥ æ
pöytä	p ø̞ y̯ t
pööriä	p øː r e̞
pööriä	p øː r ĭ j
pööriä	p ø̝ː r i æ
pöörä	p øː r
pöörä	p ø̝ː r æ
raae	r ɑː e̞
raaju	r ɑː j u
raaju	r ɑː j ŭ̥
raajuveräjä	r ɑː j u ʋ e̞ rˑ æː j æ
raajuveräjä	r ɑː j ŭ ʋ e̞ r æ i̯
raaka	r ɑː k
raaka	r ɑː ɡ̊ ɑ
raakamateriala	r ɑː k ə m ɑ t e̞ˑ r i ɑˑ ɫ
raakamateriala	r ɑː ɡ̊ ɑ m ɑ d̥ e̞ˑ r i ɑˑ ɫ ɑ
raakeli	r ɑː k e̞ lʲ
raakeli	r ɑː ɡ̊ e̞ lʲ i
raakka	r ɑː kː
raakka	r ɑː kː ɑ
raakki	r ɑː kʲː
raakki	r ɑː kː i
raami	r ɑː m i
raami	r ɑː mʲ
raana	r ɑː n
raana	r ɑː n ɑ
raania	r ɑː n e̞
raania	r ɑː n i ɑ
raania	r ɑː n i ɑ ɡ̊
raataa	r ɑː t ɑ
raataa	r ɑː t ɑː
raataa	r ɑː tː ɑ ɡ̊
raavas	r ɑː ʋ ɑ ʒ̥
raavas	r ɑː ʋ ə z̠
raavastauti	r ɑː ʋ ɑ ʃ t ɑ u̯ d̥ i
raavastauti	r ɑː ʋ ə s̠ t ɑ u̯ tʲ
rae	r ɑ e̞ˑ
rae	r ɑ e̞ˑ h
raenta	r ɑ e̞ˑ n d̥ ɑ
raenta	r ɑ e̞ˑ n t
raetuuca	r ɑ e̞ˑ t uː t͡ʃ
raetuuca	r ɑ e̞ˑ t uː t͡ʃ ɑ
raha	r ɑ h ɑˑ
raha	r ɑ ɣ̥ ɑˑ
rahakas	r ɑ h ɑˑ k ə z̠
rahakas	r ɑ ɣ̥ ɑˑ ɡ̊ ɑ ʒ̥
rahakukkoro	r ɑ h ɑˑ k u kː ə r ŏ̞̥
rahakukkoro	r ɑ ɣ̥ ɑˑ ɡ̊ u kː o̞ r o̞
rahalliin	r ɑ h ɑˑ lʲ lʲ i n e̞ˑ
rahalliin	r ɑ ɣ̥ ɑˑ lː iː n
rahe	r ɑ h e̞ˑ
rahe	r ɑ ɣ̥ e̞ˑ
rahi	r ɑ h iˑ
rahi	r ɑ ɣ̥ iˑ
rahka	r ɑ x k
rahka	r ɑ x k ɑ
rahkamaito	r ɑ x k ɑ m ɑ i̯ d̥ o̞
rahkamaito	r ɑ x k ə m ɑ i̯ t ŏ̞̥
rahna	r ɑ h n
rahna	r ɑ ɣ̥ n ɑ
rahoittaa	r ɑ h o̞ i̯ tː ɑ
rahoittaa	r ɑ ɣ̥ o̞ i̯ tː ɑː
rahti	r ɑ h t i
rahti	r ɑ h tʲ
rahvas	r ɑ h ʋ ə z̠
rahvas	r ɑ ɣ̥ ʋ ɑ ʒ̥
raijona	r ɑ i̯ j o̞ n ɑ
raijona	r ɑ i̯ j ŏ̞ n
raina	r ɑ i̯ n
raina	r ɑ i̯ n ɑ
raisata	r ɑ i̯ s̠ ə t
raisata	r ɑ i̯ ʒ̥ ɑ d̥ ɑ
raiska	r ɑ i̯ s̠ k
raiska	r ɑ i̯ ʃ k ɑ
raiskuu	r ɑ i̯ s̠ k u
raiskuu	r ɑ i̯ ʃ k uː
raisu	r ɑ i̯ s̠ ŭ̥
raisu	r ɑ i̯ ʒ̥ u
raisust	r ɑ i̯ s̠ ŭ s̠ t
raisust	r ɑ i̯ ʒ̥ uː ʃ t
raita	r ɑ i̯ d̥ ɑ
raita	r ɑ i̯ t
raitti	r ɑ i̯ tʲː
raitti	r ɑ i̯ tː i
raivata	r ɑ i̯ ʋ ɑ d̥ ɑ
raivata	r ɑ i̯ ʋ ə t
raja	r ɑ j ɑˑ
rajakivi	r ɑ j ɑˑ k i ʋ iˑ
rajakivi	r ɑ j ɑˑ ɡ̊ i ʋ iˑ
rajal	r ɑ j ɑˑ ɫ
rajal	r ɑ j ɑˑ ɫː
rajalle	r ɑ j ɑˑ ɫː
rajalle	r ɑ j ɑˑ ɫː e̞
rajapatsas	r ɑ j ɑˑ b̥ ɑ t͡s ɑ ʒ̥
rajapatsas	r ɑ j ɑˑ p ɑ t͡s̠ ə z̠
rajata	r ɑ j ɑˑ d̥ ɑ
rajata	r ɑ j ɑˑ t
rajona	r ɑ j o̞ˑ n
rajona	r ɑ jˑ o̝ː n ɑ
raju	r ɑ j uˑ
rakastaa	r ɑ k ɑˑ s̠ t ɑ
rakastaa	r ɑ ɡ̊ ɑˑ ʃ t ɑː
rakehoittaa	r ɑ k e̞ˑ h o̞ i̯ tː ɑ
rakehoittaa	r ɑ ɡ̊ e̞ˑ h o̞ i̯ tː ɑː
rakennos	r ɑ k e̞ˑ nː ŏ̞ z̠
rakennos	r ɑ ɡ̊ e̞ˑ nː o̞ ʒ̥
rakennossaraffana	r ɑ k e̞ˑ nː o̞ s̠ s̠ ɑ r ɑˑ f f ɑ n ɑˑ
rakennossaraffana	r ɑ ɡ̊ e̞ˑ nː o̞ ʃ ʃ ɑ r ɑˑ f f ɑ n ɑˑ
rakentaa	r ɑ k e̞ˑ n t ɑ
rakentaa	r ɑ ɡ̊ e̞ˑ n d̥ ɑː
rakentaa	r ɑ ɡ̊ e̞ˑ n t ɑː
rakentaa	r ɑ ɡ̊ e̞ˑ n tː ɑ ɡ̊
rakentaissa	r ɑ k e̞ˑ n t ə i̯ s̠ː
rakentaissa	r ɑ ɡ̊ e̞ˑ n t ɑ i̯ ʃː ɑ
rakkaus	r ɑ kː ɑ u ʒ̥
rakkaus	r ɑ kː ɑ ŭ z̠
rakko	r ɑ kː o̞
rakko	r ɑ kː ŏ̞̥
rakkopilli	r ɑ kː o̞ b̥ i lː i
rakkopilli	r ɑ kː ŏ̞ p i lʲː
rako	r ɑ k o̞ˑ
rako	r ɑ ɡ̊ o̞ˑ
rakoisillaa	r ɑ k o̞ j s̠ i ɫː ɑ
rakoisillaa	r ɑ ɡ̊ o̞ j ʒ̥ i ɫː ɑː
rakottua	r ɑ k o̞ˑ t t u ɑˑ
rakottua	r ɑ ɡ̊ o̞ˑ t t u ɑˑ
rallittaa	r ɑ lʲː ə tː ɑ
rallittaa	r ɑ lː i tː ɑː
ramaška	r ɑ m ɑˑ ʃ k
ramaška	r ɑ m ɑˑ ʃ k ɑ
ramka	r ɑ m k
ramka	r ɑ m ɡ̊ ɑ
rammita	r ɑ mː i d̥ ɑ
rammita	r ɑ mː ĭ t
ramo	r ɑ m o̞ˑ
ramoittua	r ɑ m o̞ i̯ t t u ɑˑ
ramokas	r ɑ m o̞ˑ k ə z̠
ramokas	r ɑ m o̞ˑ ɡ̊ ɑ ʒ̥
ramonäpykkä	r ɑ m o̞ˑ n æ b̥ yˑ kː æ
ramonäpykkä	r ɑ m o̞ˑ n æ p yˑ kː
ramopytky	r ɑ m o̞ˑ b̥ y t k y
ramopytky	r ɑ m o̞ˑ p y t k y̥̆
rampa	r ɑ m b̥ ɑ
rampa	r ɑ m p
rampajalka	r ɑ m b̥ ɑ j ɑ ɫ ɡ̊ ɑ
rampajalka	r ɑ m p ə j ɑ ɫ k
rampajalkain	r ɑ m b̥ ɑ j ɑ ɫ k ɑ i̯ n
rampajalkain	r ɑ m p ə j ɑ ɫ k ə i̯ n
rampihua	r ɑ m b̥ i h u ɑˑ
rampihua	r ɑ m p ĭ h u ɑˑ
rangaissa	r ɑ ŋ ɡ ə i̯ s̠ː
rangaissa	r ɑ ŋ ɡ̊ ɑ i̯ ʃː ɑ
rangaissos	r ɑ ŋ ɡ ə i̯ s̠ː ŏ̞ z̠
rangaissos	r ɑ ŋ ɡ̊ ɑ i̯ ʃː o̞ ʒ̥
rangastaa	r ɑ ŋ ɡ ə s̠ t ɑ
rangastaa	r ɑ ŋ ɡ̊ ɑ ʃ t ɑː
rangata	r ɑ ŋ ɡ ə t
rangata	r ɑ ŋ ɡ̊ ɑ d̥ ɑ
ranka	r ɑ ŋ k
ranka	r ɑ ŋ ɡ̊ ɑ
rankastua	r ɑ ŋ k ə s̠ t u ɑˑ
rankastua	r ɑ ŋ ɡ̊ ɑ ʃ t u ɑˑ
rankka	r ɑ ŋ kː
rankka	r ɑ ŋ kː ɑ
ranko	r ɑ ŋ k ŏ̞̥
ranko	r ɑ ŋ ɡ̊ o̞
rannanvahti	r ɑ nː ɑ n ʋ ɑ h t i
rannanvahti	r ɑ nː ə n ʋ ɑ h tʲ
rannikko	r ɑ nː i kː o̞ i̯
rannikko	r ɑ nː ə kː ŏ̞̥
ranta	r ɑ n d̥ ɑ
ranta	r ɑ n t
rantaapu	r ɑ n d̥ ɑ ɑ b̥ uˑ
rantaapu	r ɑ n t ɑ ɑ p uˑ
rantakala	r ɑ n d̥ ɑ ɡ̊ ɑ ɫ ɑˑ
rantakala	r ɑ n t ə k ɑ ɫ ɑˑ
rantakylä	r ɑ n d̥ ɑ ɡ̊ y l æˑ
rantakylä	r ɑ n t ə k y lʲ æˑ
rantalain	r ɑ n d̥ ɑ ɫ ɑ i̯ n
rantalain	r ɑ n t ə ɫ ə i̯ n
rantaliiva	r ɑ n d̥ ɑ lʲ iː ʋ ɑ
rantaliiva	r ɑ n t ə lʲ iː ʋ
rantanootta	r ɑ n d̥ ɑ n o̝ː tː ɑ
rantanootta	r ɑ n t ə n oː tː
rantasaraja	r ɑ n d̥ ɑ ʒ̥ ɑ rˑ ɑː j ɑ
rantasaraja	r ɑ n t ə s̠ ɑ r ɑ i̯
rantatee	r ɑ n d̥ ɑ t e̝ː
rantatee	r ɑ n t ə t eː
rantatiltti	r ɑ n d̥ ɑ d̥ i l tː i
rantatiltti	r ɑ n t ə tʲ i lʲ tʲː
rantavesi	r ɑ n d̥ ɑ ʋ e̞ ʒ̥ iˑ
rantavesi	r ɑ n t ə ʋ e̞ s̠ iˑ
rantsa	r ɑ n t͡s ɑ
rantsa	r ɑ n t͡s̠
rantti	r ɑ n tʲː
rantti	r ɑ n tː i
rantukkain	r ɑ n d̥ u kː ɑ i̯ n
rantukkain	r ɑ n t ŭ kː ə i̯ n
raokas	r ɑ o̞ˑ k ə z̠
raokas	r ɑ o̞ˑ ɡ̊ ɑ ʒ̥
rapa	r ɑ b̥ ɑˑ
rapa	r ɑ p ɑˑ
rapahus	r ɑ p ɑˑ h ŭ z̠
rapahus	r ɑ pˑ ɑː ɣ̥ u ʒ̥
rapakivi	r ɑ b̥ ɑˑ ɡ̊ i ʋ iˑ
rapakivi	r ɑ p ɑˑ k i ʋ iˑ
rapakko	r ɑ b̥ ɑˑ kː o̞
rapakko	r ɑ p ɑˑ kː ŏ̞̥
rapamako	r ɑ b̥ ɑˑ m ɑ ɡ̊ o̞ˑ
rapamako	r ɑ p ɑˑ m ɑ k o̞ˑ
rapata	r ɑ b̥ ɑˑ d̥ ɑ
rapata	r ɑ p ɑˑ t
rappa	r ɑ pː
rappa	r ɑ pː ɑ
rappia	r ɑ pː e̞
rappia	r ɑ pˑ i ɑ
rapsata	r ɑ p s̠ ə t
rapsata	r ɑ p ʃ ɑ d̥ ɑ
rapsia	r ɑ p s̠ e̞
rapsia	r ɑ p ʃ i ɑ
rapsutella	r ɑ p s̠ ŭ t e̞ ɫː
rapsutella	r ɑ p ʃ u d̥ e̞ ɫː ɑ
rapsuttaa	r ɑ p s̠ ə tː ɑ
rapsuttaa	r ɑ p ʃ u tː ɑː
raputella	r ɑ b̥ uˑ d̥ e̞ ɫː ɑ
raputella	r ɑ p uˑ t e̞ ɫː
raputtaa	r ɑ b̥ uˑ tː ɑː
raputtaa	r ɑ p uˑ tː ɑ
raskahus	r ɑ s̠ k ə h ŭ z̠
raskahus	r ɑ ʃ k ɑ ɣ̥ u ʒ̥
raskahusaika	r ɑ s̠ k ə h u z̠ ɑ i̯ k
raskahusaika	r ɑ ʃ k ɑ ɣ̥ u ʒ ɑ i̯ ɡ̊ ɑ
raskas	r ɑ s̠ k ə z̠
raskas	r ɑ ʃ k ɑ ʒ̥
raspiitti	r ɑ s̠ p i tʲː
raspiitti	r ɑ ʃ p iː tː i
raspiska	r ɑ s̠ p ĭ s̠ k
raspiska	r ɑ ʃ p i ʃ k ɑ
rasseli	r ɑ s̠ː e̞ lʲ
rasseli	r ɑ ʃː e̞ lʲ i
rastii	r ɑ s̠ tʲ i
rastii	r ɑ ʃ t iː
rasva	r ɑ z̠ ʋ
rasva	r ɑ ʒ̥ ʋ ɑ
rasvain	r ɑ z̠ ʋ ə i̯ n
rasvain	r ɑ ʒ̥ ʋ ɑ i̯ n
rasvakakku	r ɑ z̠ ʋ ə k ɑ kː ŭ̥
rasvakakku	r ɑ ʒ̥ ʋ ɑ ɡ̊ ɑ kː u
rasvakas	r ɑ z̠ ʋ ə k ə z̠
rasvakas	r ɑ ʒ̥ ʋ ɑ ɡ̊ ɑ ʒ̥
rasvamuila	r ɑ z̠ ʋ ə m u i̯ ɫ
rasvamuila	r ɑ ʒ̥ ʋ ɑ m u i̯ ɫ ɑ
rasvata	r ɑ z̠ ʋ ə t
rasvata	r ɑ ʒ̥ ʋ ɑ d̥ ɑ
rata	r ɑ d̥ ɑˑ
rata	r ɑ t ɑˑ
ratas	r ɑ d̥ ɑˑ ʒ̥
ratas	r ɑ t ɑˑ z̠
ratasmaasteri	r ɑ d̥ ɑˑ ʒ m ɑː ʃ t e̞ r i
ratasmaasteri	r ɑ t ɑˑ z̠ m ɑː s̠ t e̞ rʲ
ratastee	r ɑ d̥ ɑˑ ʃ t e̝ː
ratastee	r ɑ t ɑˑ s̠ t eː
ratsas	r ɑ t͡s ɑ ʒ̥
ratsas	r ɑ t͡s̠ ə z̠
ratsastaa	r ɑ t͡s ɑ ʃ t ɑː
ratsastaa	r ɑ t͡s̠ ə s̠ t ɑ
ratsu	r ɑ t͡s u
ratsu	r ɑ t͡s̠ ŭ̥
ratsuin	r ɑ t͡s u i̯ n
ratsuin	r ɑ t͡s̠ ŭ i̯ n
rattaat	r ɑ tː ɑ d
rattaat	r ɑ tː ɑ ɣ̥ ɑ d̥
rauha	r ɑ u̯ h
rauha	r ɑ u̯ ɣ̥ ɑ
rauhain	r ɑ u̯ h ɑ i̯ n
rauhain	r ɑ u̯ h ə i̯ n
rauhalliin	r ɑ u̯ h ə lʲ lʲ i n e̞ˑ
rauhalliin	r ɑ u̯ ɣ̥ ɑ lː iː n
rauhallisest	r ɑ u̯ h ə lʲ lʲ i s̠ e̞ˑ s̠ t
rauhallisest	r ɑ u̯ ɣ̥ ɑ l l i ʒ̥ e̞ˑ ʃ t
raunio	r ɑ u̯ n i o̞
raunio	r ɑ u̯ n i ŏ̞̥
rauniopappi	r ɑ u̯ n i o̞ b̥ ɑ pː i
rauniopappi	r ɑ u̯ n i o̞ p ɑ pʲː
rauta	r ɑ u̯ d̥ ɑ
rauta	r ɑ u̯ t
rautaastava	r ɑ u̯ d̥ ɑ ɑ ʃ t ɑ ʋ ɑ
rautaastava	r ɑ u̯ t ɑ ɑ s̠ t ə ʋ
rautahammas	r ɑ u̯ d̥ ɑ ɣ̥ ɑ mː ɑ ʒ̥
rautahammas	r ɑ u̯ t ə h ɑ mː ə z̠
rautain	r ɑ u̯ t ɑ i̯ n
rautain	r ɑ u̯ t ə i̯ n
rautalanka	r ɑ u̯ d̥ ɑ ɫ ɑ ŋ ɡ̊ ɑ
rautalanka	r ɑ u̯ t ə ɫ ɑ ŋ k
rautapaita	r ɑ u̯ d̥ ɑ p ɑ i̯ d̥ ɑ
rautapaita	r ɑ u̯ t ə p ɑ i̯ t
rautapoltikkain	r ɑ u̯ d̥ ɑ b̥ o̞ ɫ d̥ i kː ɑ i̯ n
rautapoltikkain	r ɑ u̯ t ə p o̞ ɫ tʲ ĭ kː ə i̯ n
rautariissat	r ɑ u̯ d̥ ɑ r iː ʃː ɑ d̥
rautariissat	r ɑ u̯ t ə r iː s̠ː ə d
rautatee	r ɑ u̯ d̥ ɑ t e̝ː
rautatee	r ɑ u̯ t ə t eː
rautavitsa	r ɑ u̯ d̥ ɑ ʋ i t͡s ɑ
rautavitsa	r ɑ u̯ t ə ʋ i t͡s̠
ravata	r ɑ ʋ ɑˑ d̥ ɑ
ravata	r ɑ ʋ ɑˑ t
ravvattaa	r ɑ ʋː ɑ tː ɑː
ravvattaa	r ɑ ʋː ə tː ɑ
ravvoittaa	r ɑ ʋː o̞ i̯ tː ɑː
ravvoittaa	r ɑ ʋː ə tː ɑ
razdela	r ɑ z̠ d e̞ ɫ
razdela	r ɑ ʃ t e̞ ɫ ɑ
rebina	r e̞ b iˑ n
rebina	r e̞ pˑ iː n ɑ
rebinalintu	r e̞ b iˑ n ɑ lʲ i n t ŭ̥
rebinalintu	r e̞ b̥ iˑ n ɑ lʲ i n d̥ u
rebinapuu	r e̞ b iˑ n ɑ p uː
rebinapuu	r e̞ pˑ iː n ɑ p uː
rediska	r e̞ d iˑ s̠ k
rediska	r e̞ d̥ iˑ ʃ k ɑ
reehtila	r eː h tʲ ĭ ɫ
reehtila	r e̝ː h t i ɫ ɑ
reeska	r eː s̠ k
reeska	r e̝ː ʃ k ɑ
reeskamaito	r eː s̠ k ə m ɑ i̯ t ŏ̞̥
reeskamaito	r e̝ː ʃ k ɑ m ɑ i̯ d̥ o̞
reikä	r e̞ i̯ k
reikä	r e̞ i̯ ɡ̊ æ
reis	r e̞ iˑ ʒ̥
reis	r e̞ i̯ z̠
reis	r e̞ i̯ ʒ̥
reis	r e̞ k iˑ s̠ː
reissata	r e̞ i̯ s̠ː ə t
reissata	r e̞ i̯ ʃː ɑ d̥ ɑ
reki	r e̞ k iˑ
reki	r e̞ ɡ̊ iˑ
reknata	r e̞ k n ə t
reknata	r e̞ ɡ̊ n ɑ d̥ ɑ
reknatus	r e̞ k n ə t ŭ z̠
reknatus	r e̞ ɡ̊ n ɑ d̥ u ʒ̥
reko	r e̞ k o̞ˑ
reko	r e̞ ɡ̊ o̞ˑ iˑ
religia	r e̞ lʲ iˑ ɡ i ɑˑ
religia	r e̞ lʲ iˑ ɡ̊ i ɑˑ
rengas	r e̞ ŋ ɡ ə z̠
rengas	r e̞ ŋ ɡ̊ ɑ ʒ̥
repo	r e̞ b̥ o̞ i̯
repo	r e̞ p o̞ˑ
repolain	r e̞ b̥ o̞ˑ ɫ ɑ i̯ n
repolain	r e̞ p o̞ˑ ɫ ə i̯ n
reppiä	r e̞ pː e̞
reppiä	r e̞ pˑ i æ
respublikka	r e̞ s̠ p ŭ b lʲ ĭ kː
respublikka	r e̞ ʃ p u b l i kː ɑ
reteli	r e̞ t e̞ˑ lʲ
reteli	r e̞ tˑ e̝ː lʲ i
retu	r e̞ d̥ uˑ
retu	r e̞ t uˑ
retuin	r e̞ t u i̯ n
retuin	r e̞ tˑ u i̯ n
retuisa	r e̞ t u i̯ s̠
retuisa	r e̞ tˑ u i̯ ʒ̥ ɑ
retukoma	r e̞ d̥ uˑ ɡ̊ o̞ m ɑˑ
retukoma	r e̞ t uˑ k o̞ m ɑˑ
retumatokkain	r e̞ d̥ uˑ m ɑ d̥ o̞ˑ kː ɑ i̯ n
retumatokkain	r e̞ t uˑ m ɑ t o̞ˑ kː ə i̯ n
retupääskö	r e̞ d̥ uˑ p æː ʃ k ø̞ i̯
retupääskö	r e̞ t uˑ p æː s̠ k ø̞̥̆
reukas	r e̞ uˑ k ə z̠
reukas	r e̞ uˑ ɡ̊ ɑ ʒ̥
reukastua	r e̞ u̯ k ə s̠ t u ɑˑ
reukastua	r e̞ u̯ ɡ̊ ɑ ʃ t u ɑˑ
reuna	r e̞ u̯ n
reuna	r e̞ u̯ n ɑ
reunakukka	r e̞ u̯ n ɑ ɡ̊ u kː ɑ
reunakukka	r e̞ u̯ n ə k u kː
reunapaikka	r e̞ u̯ n ɑ p ɑ i̯ kː ɑ
reunapaikka	r e̞ u̯ n ə p ɑ i̯ kː
reunaväki	r e̞ u̯ n ɑ ʋ æ ɡ̊ iˑ
reunaväki	r e̞ u̯ n ə ʋ æ k iˑ
reunimain	r e̞ u̯ n i m ɑ i̯ n
reunimain	r e̞ u̯ n ĭ m ə i̯ n
revetä	r e̞ ʋ e̞ˑ d̥ æ
revetä	r e̞ ʋ e̞ˑ t
revittää	r e̞ ʋ iˑ tː æ
revittää	r e̞ ʋ iˑ tː æː
revizora	r e̞ ʋ iˑ z̠ o̞ r ɑˑ
revizora	r e̞ ʋ iˑ ʒ̥ o̞ r ɑˑ
revolutsia	r e̞ ʋ o̞ˑ ɫ u t͡s i ɑ
revolutsia	r e̞ ʋ o̞ˑ ɫ u t͡s̠ e̞
revontulet	r e̞ ʋ o̞ˑ iˑ n d̥ u ɫ e̞ˑ d̥
revontulet	r e̞ ʋ o̞ˑ n t u ɫ e̞ˑ d
rihma	r i h m
rihma	r i ɣ̥ m ɑ
rihmakaarto	r i h m ə k ɑː r t ŏ̞̥
rihmakaarto	r i ɣ̥ m ɑ k ɑː r d̥ o̞
rihmanpätkä	r i h m ə m p æ t k
rihmanpätkä	r i ɣ̥ m ɑ m b̥ æ t k æ
rihmasoola	r i h m ə s̠ oː ɫ
rihmasoola	r i ɣ̥ m ɑ ʃ o̝ː ɫ ɑ
rihmaväkkärä	r i h m ə ʋ æ kː ə r
rihmaväkkärä	r i ɣ̥ m ɑ ʋ æ kː æ r æ
rihveli	r i h ʋ e̞ lʲ
rihveli	r i ɣ̥ ʋ e̞ lʲ i
riihi	r iː hʲ
riihi	r iː ɣ̥ i
riihihaltias	r iː h ĭ h ɑ ɫ tʲ e̞ z̠
riihihaltias	r iː ɣ̥ i ɣ̥ ɑ ɫ t i ɑ ʒ̥
riijellä	r iː j e̞ lʲː
riijellä	r iː j e̞ lː æ
riikki	r iː kʲː
riikki	r iː kː i
riima	r iː m
riima	r iː m ɑ
riissu	r iː s̠ː ŭ̥
riissu	r iː ʃː u
riissupelto	r iː s̠ː ŭ p e̞ ɫ t ŏ̞̥
riissupelto	r iː ʃː u b̥ e̞ ɫ d̥ o̞
riissusuurima	r i s̠ː ŭ s̠ uː r ĭ m
riissusuurima	r i ʃː u ʃ uː r i m ɑ
riissusuurimikko	r iː s̠ː ŭ s̠ uː r ĭ m i kː ŏ̞̥
riissusuurimikko	r iː ʃː u ʃ uː r i m i kː o̞ i̯
riista	r iː s̠ t
riista	r iː ʃ t ɑ
riita	r iː d̥ ɑ
riita	r iː t
rikas	r i k ɑˑ z̠
rikas	r i ɡ̊ ɑˑ ʒ̥
rikassos	r i k ɑˑ s̠ː ŏ̞ z̠
rikassos	r i ɡ̊ ɑˑ ʃː o̞ ʒ̥
rikastaa	r i k ɑˑ s̠ t ɑ
rikastaa	r i ɡ̊ ɑˑ ʃ t ɑː
rikastua	r i k ɑˑ s̠ t u ɑˑ
rikastua	r i ɡ̊ ɑˑ ʃ t u ɑˑ
rikka	r i kː
rikka	r i kː ɑ
rikkaheinä	r i kː ɑ h e̞ i̯ n æ
rikkaheinä	r i kː ə h e̞ i̯ n
rikki	r i kʲː
rikki	r i kː i
rikkinäin	r i kː i n æ i̯ n
rikkinäin	r i kː ĭ n ə i̯ n
rikkoa	r i kː o̞
rikkoa	r i kː o̞ ɑ
rinnaal	r i nː ɑː ɫ
rinnaal	r i nː ə ɫː
rinnakas	r i nː ɑ ɡ̊ ɑ ʒ̥
rinnakas	r i nː ə k ə z̠
rinnakkain	r i nː ɑ k k ɑ ɣ̥ iˑ iˑ n
rinnakkain	r i nː ɑ kː ɑ i̯ n
rinnakkain	r i nː ə kː ə i̯ n
rinnakkain	r i nː ə kː ə n
rinnalle	r i nː ɑ ɫː e̞
rinnalle	r i nː ə ɫː
rinnalt	r i nː ɑː ɫ d̥
rinnalt	r i nː ə ɫ t
rinnoittaa	r i nː o̞ i̯ tː ɑː
rinnoittaa	r i nː ə i̯ tː ɑ
rinnoitus	r i nː o̞ i̯ d̥ u ʒ̥
rinnoitus	r i nː ŏ̞ i̯ t ŭ z̠
rinnoitussteeppeni	r i nː o̞ i̯ d̥ u ʃ ʃ t e̝ː pː e̞ n i
rinnoitussteeppeni	r i nː ŏ̞ i̯ t u s̠ s̠ t eː pː e̞ nʲ
rinta	r i n d̥ ɑ
rinta	r i n t
rintakletka	r i n d̥ ɑ ɡ̊ l e̞ t k ɑ
rintakletka	r i n t ə k lʲ e̞ t k
rintalaps	r i n d̥ ɑ ɫ ɑ p ʃ
rintalaps	r i n t ə ɫ ɑ p s̠
rintaluu	r i n d̥ ɑ ɫ uː
rintaluu	r i n t ə ɫ uː
rintamaito	r i n d̥ ɑ m ɑ i̯ d̥ o̞
rintamaito	r i n t ə m ɑ i̯ t ŏ̞̥
rintaosa	r i n d̥ ɑ o̞ ʒ̥ ɑˑ
rintaosa	r i n t ɑ o̞ s̠ ɑˑ
rintapiiluu	r i n d̥ ɑ p iː ɫ uː
rintapiiluu	r i n t ə p iː ɫ uː
rintapoolosti	r i n d̥ ɑ p o̝ː ɫ o̞ ʃ t i
rintapoolosti	r i n t ə p oː ɫ ŏ̞ s̠ tʲ
rintavilla	r i n d̥ ɑ ʋ i ɫː ɑ
rintavilla	r i n t ə ʋ i ɫː
ripa	r i b̥ ɑˑ
ripa	r i p ɑˑ
rippua	r i pː o̞
rippua	r i pː u ɑ
ripsu	r i p s̠ ŭ̥
ripsu	r i p ʃ u
ripsuta	r i p s̠ ŭ t
ripsuta	r i p ʃ u d̥ ɑ
ripustaa	r i b̥ uˑ ʃ t ɑː
ripustaa	r i p uˑ s̠ t ɑ
risovoittaa	r i s̠ o̞ˑ ʋ o̞ i̯ tː ɑ
risovoittaa	r i ʒ̥ o̞ˑ ʋ o̞ i̯ tː ɑː
rissimä	r i s̠ː ĭ m
rissimä	r i ʃː i m æ
risti	r i s̠ tʲ
risti	r i ʃ t i
ristii	r i s̠ tʲ i
ristii	r i s̠ tʲ i s̠ː
ristii	r i ʃ t iː
ristiissä	r i s̠ tʲ i s̠ː
ristiissä	r i ʃ t iː ʃː æ
ristilaps	r i s̠ tʲ ĭ ɫ ɑ p s̠
ristilaps	r i ʃ t i ɫ ɑ p ʃ
ristiosa	r i s̠ tʲ i o̞ s̠ ɑˑ
ristiosa	r i ʃ t i o̞ ʒ̥ ɑˑ
ristipiiluu	r i s̠ tʲ ĭ p iː ɫ uː
ristipiiluu	r i ʃ t i p iː ɫ uː
ristiprosekka	r i s̠ tʲ ĭ p r o̞ s̠ e̞ˑ kː
ristiprosekka	r i ʃ t i b̥ r o̞ ʒ̥ e̞ˑ kː ɑ
ristiä	r i s̠ tʲ e̞
ristiä	r i ʃ t i æ
ristiäiset	r i s̠ t ĭ j æ i̯ s̠ e̞ d
ristiäiset	r i ʃ t i æ i̯ ʃ t
ristiäiset	r i ʃ t i æ i̯ ʒ̥ e̞ d̥
risuittaa	r i s̠ u i̯ tː ɑ
risuittaa	r i ʃˑ u i̯ tː ɑː
riuku	r i u̯ k ŭ̥
riuku	r i u̯ ɡ̊ u
rodnoi	r o̞ d n ŏ̞̥
rodnoi	r o̞ d̥ n o̞ i̯
rohhoin	r o̞ xː ŏ̞ i̯ n
rohhoin	r o̞ xˑ o̞ i̯ n
rohkia	r o̞ x k e̞
rohkia	r o̞ x k i ɑ
roho	r o̞ h o̞ˑ
roho	r o̞ ɣ̥ o̞ˑ
rohoin	r o̞ h o̞ i̯ n
rohoin	r o̞ xˑ o̞ i̯ n
rohokas	r o̞ h o̞ˑ k ə z̠
rohokas	r o̞ ɣ̥ o̞ˑ ɡ̊ ɑ ʒ̥
rohokasvo	r o̞ h o̞ˑ k ɑ z̠ ʋ ŏ̞̥
rohokasvo	r o̞ ɣ̥ o̞ˑ ɡ̊ ɑ ʒ̥ ʋ o̞
rohonpäin	r o̞ h o̞ˑ m p æ i̯ n
rohonpäin	r o̞ ɣ̥ o̞ˑ m p æ i̯ n
rohosorsa	r o̞ h o̞ˑ s̠ o̞ r s̠
rohosorsa	r o̞ ɣ̥ o̞ˑ ʒ̥ o̞ r ʒ̥ ɑ
rohottaa	r o̞ h o̞ˑ tː ɑ
rohottaa	r o̞ ɣ̥ o̞ˑ tː ɑː
rokka	r o̞ kː
rokka	r o̞ kː ɑ
romaška	r o̞ m ɑˑ ʃ k
romaška	r o̞ m ɑˑ ʃ k ɑ
romaškacaaju	r o̞ m ɑˑ ʃ k ɑ t͡ʃ ɑː j u
romaškacaaju	r o̞ m ɑˑ ʃ k ɑ t͡ʃ ɑː j ŭ̥
rooho	r oː h ŏ̞̥
rooho	r o̝ː ɣ̥ o̞
roohtia	r oː h tʲ e̞
roohtia	r o̝ː h t i ɑ
rooja	r oː j
rooja	r o̝ː j ɑ
roojakas	r oː j ə k ə z̠
roojakas	r o̝ː j ɑ ɡ̊ ɑ ʒ̥
roojata	r oː j ə t
roojata	r o̝ː j ɑ d̥ ɑ
rooka	r oː k
rooka	r o̝ː ɡ̊ ɑ
rooko	r oː k ŏ̞̥
rooko	r o̝ː ɡ̊ o̞
rookoheinikko	r oː k ŏ̞ h e̞ i̯ n ə kː ŏ̞̥
rookoheinikko	r o̝ː ɡ̊ o̞ h e̞ i̯ n i kː o̞ i̯
rookopilli	r oː k ŏ̞ p i lʲː
rookopilli	r o̝ː ɡ̊ o̞ b̥ i lː i
rooku	r oː k ŭ̥
rooku	r o̝ː ɡ̊ u
rooska	r oː s̠ k
rooska	r o̝ː ʃ k ɑ
rooskaraha	r oː s̠ k ə r ɑ h ɑˑ
rooskaraha	r o̝ː ʃ k ɑ r ɑ ɣ̥ ɑˑ
rootsa	r oː t͡s̠
rootsa	r o̝ː t͡s ɑ
rootsalain	r oː t͡s̠ ə ɫ ɑ i̯ˑ n
rootsalain	r o̝ː t͡s ɑ ɫ ɑ i̯ n
rootsi	r oː t͡s̠ʲ
rootsi	r o̝ː t͡s i
rootsinleipä	r oː t͡s̠ ĭ n lʲ e̞ i̯ p
rootsinleipä	r o̝ː t͡s i n l e̞ i̯ b̥ æ
rooza	r oː z̠
rooza	r o̝ː ʒ̥ ɑ
roozovoi	r oː z̠ ə ʋ ŏ̞̥
roozovoi	r o̝ː ʒ̥ o̞ ʋ o̞ i̯
ropja	r o̞ b i
ropja	r o̞ b̥ j ɑ
roska	r o̞ s̠ k
roska	r o̞ ʃ k ɑ
rotta	r o̞ tː
rotta	r o̞ tː ɑ
rovatti	r o̞ ʋ ɑˑ tʲː
rovatti	r o̞ ʋ ɑˑ tː i
rove	r o̞ ʋ e̞ˑ
rovnoi	r o̞ ʋ n o̞ i̯
rovnoi	r o̞ ʋ n ŏ̞̥
rovnoist	r o̞ ʋ n o̞ i̯ ʃ t
rovnoist	r o̞ ʋ n ŏ̞ s̠ t
rozboinikka	r o̞ z̠ b ŏ̞ i̯ n ĭ kː
rozboinikka	r o̞ ʃ p o̞ i̯ n i kː ɑ
ruakas	r u ɑˑ k ə z̠
ruakas	r u ɑˑ ɡ̊ ɑ ʒ̥
rubla	r u b ɫ
rubla	r u b̥ ɫ ɑ
rublja	r u b lʲ
rublja	r u b̥ lʲ ɑ
rucka	r u t͡ʃ k
rucka	r u t͡ʃ k ɑ
ruhti	r u h t i
ruhti	r u h tʲ
ruhvi	r u h ʋʲ
ruhvi	r u ɣ̥ ʋ i
ruikko	r u i̯ kː o̞ i̯
ruikko	r u i̯ kː ŏ̞̥
ruikokas	r u i̯ k ŏ̞ k ə z̠
ruikokas	r u i̯ ɡ̊ o̞ ɡ̊ ɑ ʒ̥
ruinata	r u i̯ n ɑ d̥ ɑ
ruinata	r u i̯ n ə t
ruis	r u iˑ z̠
ruis	r u iˑ ʒ̥
ruisakana	r u iˑ z̠ ɑ k ɑˑ n
ruisakana	r u iˑ ʒ ɑ kˑ ɑː n ɑ
ruiskovain	r u iˑ s̠ k o̞ ʋ ɑˑ n
ruiskovain	r u iˑ ʃ k o̞ ʋˑ ɑ i̯ n
ruiskrääkki	r u iˑ s̠ k r æː kʲː
ruiskrääkki	r u iˑ ʃ k r æː kː i
ruiskrääkkä	r u iˑ s̠ k r æː kː
ruiskrääkkä	r u iˑ ʃ k r æː kː æ
ruiskuilas	r u iˑ s̠ k u i̯ ɫ ə z̠
ruiskuilas	r u iˑ ʃ k u i̯ ɫ ɑ ʒ̥
ruiskukka	r u iˑ s̠ k u kː
ruiskukka	r u iˑ ʃ k u kː ɑ
ruisleipä	r u iˑ z̠ lʲ e̞ i̯ p
ruisleipä	r u iˑ ʒ l e̞ i̯ b̥ æ
ruisolki	r u iˑ z̠ o̞ ɫ kʲ
ruisolki	r u iˑ ʒ o̞ ɫ ɡ̊ i
ruispelto	r u iˑ s̠ p e̞ ɫ t ŏ̞̥
ruispelto	r u iˑ ʃ p e̞ ɫ d̥ o̞
ruispudro	r u iˑ s̠ p u d r ŏ̞̥
ruispudro	r u iˑ ʃ p u d̥ r o̞
ruispurnu	r u iˑ s̠ p u r n ŭ̥
ruispurnu	r u iˑ ʃ p u r n u
ruisriihi	r u iˑ z̠ r iː hʲ
ruisriihi	r u iˑ ʒ r iː ɣ̥ i
ruisrummen	r u iˑ z̠ r u mː e̞ n
ruisrummen	r u iˑ ʒ r u mː e̞ n
ruka	r u k ɑˑ
ruka	r u ɡ̊ ɑˑ
rukka	r u kː
rukka	r u kː ɑ
rukoella	r u k o̞ˑ e̞ ɫː
rukoella	r u ɡ̊ o̞ˑ e̞ ɫː ɑ
ruma	r u m ɑˑ
rummen	r u mː e̞ n
rummenikko	r u mː e̞ n i kː o̞ i̯
rummenikko	r u mː ə n i kː ŏ̞̥
rummensaraja	r u mː e̞ n ʒ̥ ɑ rˑ ɑː j ɑ
rummensaraja	r u mː ə n s̠ ɑ r ɑ i̯
rummenseegla	r u mː e̞ n ʃ e̝ː ɡ̊ ɫ ɑ
rummenseegla	r u mː ə n s̠ eː ɡ ɫ
rummensäkki	r u mː e̞ n ʒ̥ æ kː i
rummensäkki	r u mː ə n s̠ æ kʲː
rummenvakka	r u mː e̞ n ʋ ɑ kː ɑ
rummenvakka	r u mː ə n ʋ ɑ kː
rummu	r u mː u
rummu	r u mː ŭ̥
runni	r u nʲː
runni	r u nː i
runo	r u n o̞ˑ
rupi	r u b̥ iˑ
rupi	r u p iˑ
rupinenä	r u b̥ iˑ n e̞ n æˑ
rupinenä	r u p iˑ n e̞ n æˑ
rusakka	r u s̠ ɑˑ kː
rusakka	r u ʒ̥ ɑˑ kː ɑ
ruskettaa	r u s̠ k ə tː ɑ
ruskettaa	r u ʃ k e̞ tː ɑː
ruskettua	r u s̠ k ə t t u ɑˑ
ruskettua	r u ʃ k e̞ t t u ɑˑ
ruskia	r u s̠ k e̞
ruskia	r u ʃ k i ɑ
rusko	r u s̠ k ŏ̞̥
rusko	r u ʃ k o̞
ruskova	r u s̠ k ŏ̞ ʋ
ruskova	r u ʃ k o̞ ʋ ɑ
ruskulain	r u s̠ k ŭ ɫ ə i̯ n
ruskulain	r u ʃ k u ɫ ɑ i̯ n
ruttaa	r u tː ɑ
ruttaa	r u tː ɑː
ruttiissa	r u tʲː i s̠ː
ruttiissa	r u tː iː ʃː ɑ
ruttoo	r u tː o̝ː
ruttoo	r u tː o̞
rutvata	r u d ʋ ə t
rutvata	r u d̥ ʋ ɑ d̥ ɑ
ruuhti	r uː h t i
ruuhti	r uː h tʲ
ruume	r uː m
ruume	r uː m e̞
ruumeenpuut	r uː m e̞ m p uː d
ruumeenpuut	r uː m e̞ ɣ̥ e̞ m p uː d̥
ruumis	r uː m i ʒ̥
ruumis	r uː m ĭ z̠
ruuti	r uː d̥ i
ruuti	r uː tʲ
ruuto	r uː d̥ o̞
ruuto	r uː t ŏ̞̥
ruutoässä	r uː d̥ o̞ æ ʃː æ
ruutoässä	r uː t o̞ æ s̠ː
ruveta	r u ʋ e̞ˑ d̥ ɑ
ruveta	r u ʋ e̞ˑ t
ryssy	r y s̠ː y̥̆
ryssy	r y ʃː y
ryssys	r y s̠ː y̆ z̠
ryssys	r y ʃː y ʒ̥
rysty	r y s̠ tʲ y̥̆
rysty	r y ʃ t y
rystys	r y s̠ tʲ y̆ z̠
rystys	r y ʃ t y ʒ̥
rysy	r y s̠ yˑ
rysy	r y ʒ̥ yˑ
rysä	r y s̠ æˑ
rysä	r y ʒ̥ æˑ
rysämees	r y s̠ æˑ m eː z̠
rysämees	r y ʒ̥ æˑ m e̝ː ʒ̥
rysävene	r y s̠ æˑ ʋ e̞ n e̞ˑ
rysävene	r y ʒ̥ æˑ ʋ e̞ n e̞ˑ
rytkä	r y t k
rytkä	r y t k æ
ryyti	r yː d̥ i
ryyti	r yː tʲ
rähissä	r æ h iˑ s̠ː
rähissä	r æ ɣ̥ iˑ ʃː æ
räkä	r æ k æˑ
räkä	r æ ɡ̊ æˑ
räkänenä	r æ k æˑ n e̞ n æˑ
räkänenä	r æ ɡ̊ æˑ n e̞ n æˑ
räkätauti	r æ k æˑ t ɑ u̯ tʲ
räkätauti	r æ ɡ̊ æˑ t ɑ u̯ d̥ i
ränne	r æ nː
ränne	r æ nː e̞
räpäkkä	r æ b̥ æˑ kː æ
räpäkkä	r æ p æˑ kː
räpäle	r æ p æˑ lʲ
räpäle	r æ pˑ æː l e̞
rästähäin	r æ s̠ t ə h ə i̯ n
rästähäin	r æ ʃ t æ h æ i̯ n
rästäs	r æ s̠ t ə z̠
rästäs	r æ ʃ t æ ʒ̥
rätsinä	r æ t͡s i n æ
rätsinä	r æ t͡s̠ ĭ n
rätti	r æ tʲː
rätti	r æ tː i
rättinä	r æ tː i n æ
rättinä	r æ tː ĭ n
räyssäs	r æ y̯ s̠ː ə z̠
räyssäs	r æ y̯ ʃː æ ʒ̥
räytyä	r æ y̯ t y æ
räytyä	r æ y̯ tʲ ø̞
räämy	r æː m y
räämy	r æː m y̥̆
rääty	r æː d̥ y
rääty	r æː tʲ y̥̆
röhkiä	r ø̞ x k e̞
röhkiä	r ø̞ x k i æ
röhkää	r ø̞ x k æ
röhkää	r ø̞ x k æː
röömijä	r øː m ĭ j
röömijä	r ø̝ː m i j æ
röömiä	r øː m e̞
röömiä	r ø̝ː m i æ
rööstää	r øː s̠ t æ
rööstää	r ø̝ː ʃ t æː
saa	s̠ ɑ ɑˑ
saa	s̠ ɑː
saa	ʃ ɑ ɑˑ
saa	ʃ ɑː
saadu	s̠ ɑː d ŭ̥
saadu	ʃ ɑː d̥ u
saaduakatsia	s̠ ɑː d u ɑ k ɑˑ t͡s̠ i ɑˑ
saaduakatsia	ʃ ɑː d̥ u ɑ ɡ̊ ɑˑ t͡s i ɑˑ
saadut	s̠ ɑː d ŭ d
saadut	ʃ ɑː u d̥
saahka	s̠ ɑː x k
saahka	ʃ ɑː x k ɑ
saahkara	s̠ ɑː x k ə r
saahkara	ʃ ɑː x k ɑ r ɑ
saakki	s̠ ɑː kʲː
saakki	ʃ ɑː kː i
saami	s̠ ɑː mʲ
saami	ʃ ɑː m i
saani	s̠ ɑː nʲ
saani	ʃ ɑː n i
saapas	s̠ ɑː p ə z̠
saapas	ʃ ɑː b̥ ɑ ʒ̥
saarelain	s̠ ɑː r ə ɫ ə i̯ n
saarelain	ʃ ɑː r e̞ ɫ ɑ i̯ n
saarenhattu	s̠ ɑː r ə n h ɑ tː ŭ̥
saarenhattu	ʃ ɑː r e̞ n ɣ̥ ɑ tː u
saarenoma	s̠ ɑː r e̞ n o̞ m ɑˑ
saarenoma	ʃ ɑː r e̞ n o̞ m ɑˑ
saari	s̠ ɑː rʲ
saari	ʃ ɑː r i
saarikas	s̠ ɑː r ĭ k ə z̠
saarikas	ʃ ɑː r i ɡ̊ ɑ ʒ̥
saarne	s̠ ɑː r n
saarne	ʃ ɑː r n e̞
saarni	s̠ ɑː r nʲ
saarni	ʃ ɑː r n i
saarniin	s̠ ɑː r n i n
saarniin	s̠ ɑː r n ĭ n
saarniin	ʃ ɑː r n iː n
saarukkain	s̠ ɑː r ŭ kː ə i̯ n
saarukkain	ʃ ɑː r u kː ɑ i̯ n
saatana	s̠ ɑː t ə n
saatana	ʃ ɑː t ɑ n ɑ
saattaa	s̠ ɑː tː ɑ
saattaa	ʃ ɑː tː ɑː
saattaja	s̠ ɑː tː ə i̯
saattaja	ʃ ɑː tː ɑ j ɑ
saatto	s̠ ɑː tː ŏ̞̥
saatto	ʃ ɑː tː o̞
saauttaa	s̠ ɑː ə tː ɑ
saauttaa	ʃ ɑː u tː ɑː
saavi	s̠ ɑː ʋʲ
saavi	ʃ ɑː ʋ i
saavilliin	s̠ ɑː ʋ ĭ lʲ lʲ i n e̞ˑ
saavilliin	ʃ ɑː ʋ i lː iː n
saavva	s̠ ɑ ʋː
saavva	ʃ ɑː ʋː ɑ
sae	s̠ ɑ e̞ˑ
sae	ʃ ɑ e̞ˑ
saekas	s̠ ɑ e̞ˑ k ə z̠
saekas	ʃ ɑ e̞ˑ ɡ̊ ɑ ʒ̥
saha	s̠ ɑ h ɑˑ
saha	ʃ ɑ ɣ̥ ɑˑ
sahata	s̠ ɑ h ɑˑ t
sahata	ʃ ɑ ɣ̥ ɑˑ d̥ ɑ
sahhaaja	s̠ ɑ xː ɑ i̯
sahhaaja	ʃ ɑ xˑ ɑː j ɑ
saija	s̠ ɑ i̯ j
saija	ʃ ɑ i̯ j ɑ
saijabulkka	s̠ ɑ i̯ j ə b u ɫ kː
saijabulkka	ʃ ɑ i̯ j ɑ b̥ u ɫ kː ɑ
saijain	s̠ ɑ i̯ j ə i̯ n
saijain	ʃ ɑ i̯ j ɑ i̯ n
saijajauha	s̠ ɑ i̯ j ə j ɑ u̯ h
saijajauha	ʃ ɑ i̯ j ɑ j ɑ u̯ ɣ̥ ɑ
saijajauho	s̠ ɑ i̯ j ə j ɑ u̯ h ŏ̞̥
saijajauho	ʃ ɑ i̯ j ɑ j ɑ u̯ ɣ̥ o̞
saijakarta	s̠ ɑ i̯ j ə k ɑ r t
saijakarta	ʃ ɑ i̯ j ɑ ɡ̊ ɑ r d̥ ɑ
saijapata	s̠ ɑ i̯ j ə p ɑ t ɑˑ
saijapata	ʃ ɑ i̯ j ɑ b̥ ɑ d̥ ɑˑ
saippu	s̠ ɑ i̯ pː ŭ̥
saippu	ʃ ɑ i̯ pː u
saivar	s̠ ɑ i̯ ʋ ə r
saivar	ʃ ɑ i̯ ʋ ɑ r
sajanti	s̠ ɑ j ɑˑ n tʲ
sajanti	ʃ ɑ j ɑˑ n d̥ i
sakkali	s̠ ɑ kː ə lʲ
sakkali	ʃ ɑ kː ɑ l i
sakkeli	s̠ ɑ kː e̞ lʲ
sakkeli	ʃ ɑ kː e̞ lʲ i
sakkia	s̠ ɑ kː e̞
sakkia	ʃ ɑ kˑ i ɑ
saklja	s̠ ɑ ɡ lʲ
saklja	ʃ ɑ ɡ̊ lʲ ɑ
saksa	s̠ ɑ k s̠
saksa	ʃ ɑ k ʃ ɑ
saksalain	s̠ ɑ k s̠ ə ɫ ə i̯ n
saksalain	ʃ ɑ k ʃ ɑ ɫ ɑ i̯ n
saksankuusi	s̠ ɑ k s̠ ə ŋ k uː s̠ʲ
saksankuusi	ʃ ɑ k ʃ ɑ ŋ k uː ʒ̥ i
saksanrooko	s̠ ɑ k s̠ ə n r oː k ŏ̞̥
saksanrooko	ʃ ɑ k ʃ ɑ n r o̝ː ɡ̊ o̞
sakset	s̠ ɑ k s̠ e̞ d
sakset	ʃ ɑ k ʃ e̞ d̥
sala	s̠ ɑ ɫ ɑˑ
sala	ʃ ɑ ɫ ɑˑ
salajutto	s̠ ɑ ɫ ɑˑ j u tː ŏ̞̥
salajutto	ʃ ɑ ɫ ɑˑ j u tː o̞
salakavala	s̠ ɑ ɫ ɑˑ k ɑ ʋ ɑˑ ɫ
salakavala	ʃ ɑ ɫ ɑˑ ɡ̊ ɑ ʋˑ ɑː ɫ ɑ
salakivi	s̠ ɑ ɫ ɑˑ k i ʋ iˑ
salakivi	ʃ ɑ ɫ ɑˑ ɡ̊ i ʋ iˑ
salapaikka	s̠ ɑ ɫ ɑˑ p ɑ i̯ kː
salapaikka	ʃ ɑ ɫ ɑˑ p ɑ i̯ kː ɑ
sallia	s̠ ɑ lʲː e̞
sallia	ʃ ɑ lʲː i ɑ
salmi	s̠ ɑ ɫ mʲ
salmi	ʃ ɑ ɫ m i
salvata	s̠ ɑ ɫ ʋ ə t
salvata	ʃ ɑ ɫ ʋ ɑ d̥ ɑ
salvattu	s̠ ɑ ɫ ʋ ə tː ŭ̥
salvattu	ʃ ɑ ɫ ʋ ɑ tː u
sama	s̠ ɑ m ɑˑ
sama	ʃ ɑ m ɑˑ
samallain	s̠ ɑ m ɑˑ ɫː ə i̯ n
samallain	ʃ ɑ m ɑˑ ɫː ɑ i̯ n
samanlaajain	s̠ ɑ m ɑˑ n ɫ ɑː j ə i̯ n
samanlaajain	ʃ ɑ m ɑˑ n ɫ ɑː j ɑ i̯ n
samantapain	s̠ ɑ m ɑˑ n t ɑ p ɑ i̯ n
samantapain	ʃ ɑ m ɑˑ n d̥ ɑ pˑ ɑ i̯ n
sammal	s̠ ɑ mː ə ɫ
sammal	ʃ ɑ mː ɑ ɫ
sammalhoone	s̠ ɑ mː ə ɫ h oː n
sammalhoone	ʃ ɑ mː ɑ ɫ h o̝ː n e̞
sammua	s̠ ɑ mː o̞
sammua	ʃ ɑ mː u ɑ
sammuttaa	s̠ ɑ mː ə tː ɑ
sammuttaa	ʃ ɑ mː u tː ɑː
samoi	s̠ ɑ m o̞ i̯
samoi	ʃ ɑ m o̞ˑ iˑ
samoin	s̠ ɑ m o̞ i̯ n
samoin	ʃ ɑ m o̞ˑ iˑ n
samoittee	s̠ ɑ m o̞ i̯ tː e̞
samoittee	ʃ ɑ m o̞ˑ iˑ tː e̝ː
samoljotta	s̠ ɑ m o̞ˑ lʲ o̞ tː
samoljotta	ʃ ɑ m o̞ˑ lʲ o̞ tː ɑ
sana	s̠ ɑ n ɑˑ
sana	ʃ ɑ n ɑˑ
sanakirja	s̠ ɑ n ɑˑ k i r i
sanakirja	ʃ ɑ n ɑˑ ɡ̊ i r j ɑ
sananjalka	s̠ ɑ n ɑˑ n j ɑ ɫ k
sananjalka	ʃ ɑ n ɑˑ n j ɑ ɫ ɡ̊ ɑ
sananpohja	s̠ ɑ n ɑˑ m p o̞ h i
sananpohja	ʃ ɑ n ɑˑ m b̥ o̞ ɣ̥ j ɑ
sananverto	s̠ ɑ n ɑˑ n ʋ e̞ r t ŏ̞̥
sananverto	ʃ ɑ n ɑˑ n ʋ e̞ r d̥ o̞
sananväli	s̠ ɑ n ɑˑ n ʋ æ lʲ iˑ
sananväli	ʃ ɑ n ɑˑ n ʋ æ lʲ iˑ
sanasuurima	s̠ ɑ n ɑˑ s̠ uː r ĭ m
sanasuurima	ʃ ɑ n ɑˑ ʃ uː r i m ɑ
sanata	s̠ ɑ n ɑˑ t
sanata	ʃ ɑ n ɑˑ d̥ ɑ
sanatiippa	s̠ ɑ n ɑˑ tʲ iː pː
sanatiippa	ʃ ɑ n ɑˑ t iː pː ɑ
sannikkain	s̠ ɑ nː ĭ kː ə i̯ n
sannikkain	ʃ ɑ nː i kː ɑ i̯ n
sannikko	s̠ ɑ nː ə kː ŏ̞̥
sannikko	ʃ ɑ nː i kː o̞ i̯
sannoa	s̠ ɑ nː o̞
sannoa	ʃ ɑ nˑ o̞ ɑ
sanoma	s̠ ɑ n o̞ˑ m
sanoma	ʃ ɑ n o̞ˑ m ɑ
sanomiin	s̠ ɑ n o̞ˑ m i n
sanomiin	s̠ ɑ n o̞ˑ m i n e̞ˑ
sanomiin	ʃ ɑ n o̞ˑ m iː n
sanomus	s̠ ɑ n o̞ˑ m ŭ z̠
sanomus	ʃ ɑ nˑ o̝ː m u ʒ̥
santimetra	s̠ ɑ n tʲ ĭ m e̞ d r
santimetra	ʃ ɑ n d̥ i m e̞ d̥ r ɑ
santukka	s̠ ɑ n t ŭ kː
santukka	ʃ ɑ n d̥ u kː ɑ
saottu	s̠ ɑ o̞ˑ tː ŭ̥
saottu	ʃ ɑ o̞ˑ tː u
sapana	s̠ ɑ p ɑˑ n
sapana	ʃ ɑ pˑ ɑː n ɑ
sapanapää	s̠ ɑ p ɑˑ n ɑ p æː
sapanapää	ʃ ɑ pˑ ɑː n ɑ p æː
sapara	s̠ ɑ p ɑˑ r
sapara	ʃ ɑ pˑ ɑː r ɑ
sappi	s̠ ɑ pʲː
sappi	ʃ ɑ pː i
sappirakko	s̠ ɑ pː ĭ r ɑ kː ŏ̞̥
sappirakko	ʃ ɑ pː i r ɑ kː o̞
sapso	s̠ ɑ p s̠ ŏ̞̥
sapso	ʃ ɑ p ʃ o̞
sapsu	s̠ ɑ p s̠ ŭ̥
sapsu	ʃ ɑ p ʃ u
saraffana	s̠ ɑ r ɑˑ f f ɑ n ɑˑ
saraffana	ʃ ɑ r ɑˑ f f ɑ n ɑˑ
saraja	s̠ ɑ r ɑ i̯
saraja	ʃ ɑ rˑ ɑː j ɑ
sarana	s̠ ɑ r ɑˑ n
sarana	ʃ ɑ rˑ ɑː n ɑ
sarka	s̠ ɑ r k
sarka	ʃ ɑ r ɡ̊ ɑ
sarvena	s̠ ɑ r ʋ e̞ n
sarvena	ʃ ɑ r ʋ e̞ n ɑ
sarvi	s̠ ɑ r ʋʲ
sarvi	ʃ ɑ r ʋ i
sarvipää	s̠ ɑ r ʋ ĭ p æː
sarvipää	ʃ ɑ r ʋ i p æː
sassia	s̠ ɑ s̠ː e̞
sassia	ʃ ɑ ʃˑ i ɑ
sata	s̠ ɑ t ɑˑ
sata	ʃ ɑ d̥ ɑˑ
sataoksa	s̠ ɑ t ɑˑ o̞ k s̠
sataoksa	ʃ ɑ d̥ ɑˑ o̞ k ʃ ɑ
sattaa	s̠ ɑ tː ɑ
sattaa	ʃ ɑ tˑ ɑː
sattais	s̠ ɑ tː ə z̠
sattais	ʃ ɑ tˑ ɑ i̯ ʒ̥
satula	s̠ ɑ t uˑ ɫ
satula	ʃ ɑ tˑ uː ɫ ɑ
satuloija	s̠ ɑ t uˑ ɫ ŏ̞ i̯
satuloija	ʃ ɑ d̥ uˑ ɫ o̞ i̯ j ɑ
satuloittaa	s̠ ɑ t uˑ ɫ o̞ i̯ tː ɑ
satuloittaa	ʃ ɑ d̥ uˑ ɫ o̞ i̯ tː ɑː
satuloja	s̠ ɑ t uˑ ɫ o̞ j ɑˑ
satuloja	ʃ ɑ d̥ uˑ ɫ o̞ j ɑˑ
sauna	s̠ ɑ u̯ n
sauna	ʃ ɑ u̯ n ɑ
saunaallas	s̠ ɑ u̯ n ɑ ɑ ɫː ə z̠
saunaallas	ʃ ɑ u̯ n ɑ ɑ ɫː ɑ ʒ̥
saunahaltias	s̠ ɑ u̯ n ə h ɑ ɫ tʲ e̞ z̠
saunahaltias	ʃ ɑ u̯ n ɑ ɣ̥ ɑ ɫ t i ɑ ʒ̥
saunanain	s̠ ɑ u̯ n ə n ɑ i̯ n
saunanain	ʃ ɑ u̯ n ɑ n ɑ i̯ n
sauttaa	s̠ ɑ u̯ tː ɑ
sauttaa	ʃ ɑ u̯ tː ɑː
sava	s̠ ɑ ʋ ɑˑ
sava	ʃ ɑ ʋ ɑˑ
savakko	s̠ ɑ ʋ ɑˑ kː ŏ̞̥
savakko	ʃ ɑ ʋ ɑˑ kː o̞
savekas	s̠ ɑ ʋ e̞ˑ k ə z̠
savekas	ʃ ɑ ʋ e̞ˑ ɡ̊ ɑ ʒ̥
savenjalka	s̠ ɑ ʋ e̞ˑ n j ɑ ɫ k
savenjalka	ʃ ɑ ʋ e̞ˑ n j ɑ ɫ ɡ̊ ɑ
savertaa	s̠ ɑ ʋ e̞ˑ r t ɑ
savertaa	ʃ ɑ ʋ e̞ˑ r t ɑː
savest	s̠ ɑ ʋ e̞ˑ s̠ t
savest	ʃ ɑ ʋ e̞ˑ ʃ t
savi	s̠ ɑ ʋ iˑ
savi	ʃ ɑ ʋ iˑ
saviallas	s̠ ɑ ʋ iˑ ɑ ɫː ə z̠
saviallas	ʃ ɑ ʋ iˑ ɑ ɫː ɑ ʒ̥
saviheinä	s̠ ɑ ʋ iˑ h e̞ i̯ n
saviheinä	ʃ ɑ ʋ iˑ h e̞ i̯ n æ
saviin	s̠ ɑ ʋ iˑ n
saviin	ʃ ɑ ʋˑ iː n
savikaakka	s̠ ɑ ʋ iˑ k ɑː kː
savikaakka	ʃ ɑ ʋ iˑ k ɑː kː ɑ
savikehvel	s̠ ɑ ʋ iˑ k e̞ h ʋ e̞ lʲ
savikehvel	ʃ ɑ ʋ iˑ ɡ̊ e̞ ɣ̥ ʋ e̞ l
savipääskö	s̠ ɑ ʋ iˑ p æː s̠ k ø̞̥̆
savipääskö	ʃ ɑ ʋ iˑ p æː ʃ k ø̞ i̯
savislantsa	s̠ ɑ ʋ iˑ s̠ ɫ ɑ n t͡s̠
savislantsa	ʃ ɑ ʋ iˑ ʒ̥ ɫ ɑ n t͡s ɑ
savva	s̠ ɑ ʋː
savva	ʃ ɑ ʋː ɑ
savviin	s̠ ɑ ʋː i n
savviin	ʃ ɑ ʋˑ iː n
savvu	s̠ ɑ ʋː ŭ̥
savvu	ʃ ɑ ʋː u
savvuta	s̠ ɑ ʋː ŭ t
savvuta	ʃ ɑ ʋː u d̥ ɑ
scotut	s̠ t͡ʃ o̞ t uˑ d
scotut	ʃ t͡ʃ o̞ d̥ uˑ d̥
se	s̠ e̞
se	ʃ e̞
seas	s̠ e̞ ɑˑ s̠ː
seas	ʃ e̞ ɑˑ ʒ̥
seast	s̠ e̞ ɑˑ s̠ t
seast	ʃ e̞ ɑˑ ʃ t
seata	s̠ e̞ ɑˑ t
seata	ʃ e̞ ɑˑ d̥ ɑ
sebra	s̠ e̞ b r
sebra	ʃ e̞ b̥ r ɑ
sebro	s̠ e̞ b r ŏ̞̥
sebro	ʃ e̞ b̥ r o̞ i̯
sedrina	s̠ e̞ d r ĭ n
sedrina	ʃ e̞ d̥ r i n ɑ
see	s̠ eː
see	ʃ e̝ː
seegla	s̠ eː ɡ ɫ
seegla	ʃ e̝ː ɡ̊ ɫ ɑ
seeglata	s̠ eː ɡ ɫ ə t
seeglata	ʃ e̝ː ɡ̊ ɫ ɑ d̥ ɑ
seegloa	s̠ eː ɡ ɫ o̞
seegloa	ʃ e̝ː ɡ̊ ɫ o̞ j ɑ
seejata	s̠ eː j ə t
seejata	ʃ e̝ː j ɑ d̥ ɑ
seel	s̠ eː lʲː
seel	ʃ e̝ː l
seelt	s̠ eː lʲ t
seelt	ʃ e̝ː l d̥
seemecka	s̠ eː m e̞ t͡ʃ k
seemecka	ʃ e̝ː m e̞ t͡ʃ k ɑ
seemeckaseemen	s̠ eː m ə t͡ʃ k ɑ s̠ eː m e̞ n
seemeckaseemen	ʃ e̝ː m e̞ t͡ʃ k ɑ ʃ e̝ː m e̞ n
seemen	s̠ eː m e̞ n
seemen	ʃ e̝ː m e̞ n
seemenkakku	s̠ eː m ə ŋ k ɑ kː ŭ̥
seemenkakku	ʃ e̝ː m e̞ ŋ ɡ̊ ɑ kː u
seemensööjä	s̠ eː m ə n s̠ øː j
seemensööjä	ʃ e̝ː m e̞ n ʃ ø̝ː j æ
seemenvoi	s̠ eː m ə n ʋ o̞ i̯
seemenvoi	ʃ e̝ː m e̞ n ʋ o̞ i̯
seen	s̠ eː n
seen	ʃ e̝ː n
seeni	s̠ eː nʲ
seeni	ʃ e̝ː n i
seestara	s̠ eː s̠ t ə r
seestara	ʃ e̝ː ʃ t ɑ r ɑ
seestarain	s̠ eː s̠ t ə r ə i̯ n
seestarain	ʃ e̝ː ʃ t ɑ r ɑ i̯ n
seestaraispehko	s̠ eː s̠ t ə r ɑ i̯ s̠ p e̞ x k ŏ̞̥
seestaraispehko	ʃ e̝ː ʃ t ɑ r ɑ i̯ ʃ p e̞ x k o̞
seestaraisripsu	s̠ eː s̠ t ə r ɑ i̯ z̠ r i p s̠ ŭ̥
seestaraisripsu	ʃ e̝ː ʃ t ɑ r ɑ i̯ ʒ r i p ʃ u
seestaramarja	s̠ eː s̠ t ə r ɑ m ɑ r i
seestaramarja	ʃ e̝ː ʃ t ɑ r ɑ m ɑ r j ɑ
seiks	s̠ e̞ tʲ iˑ k s̠
seiks	ʃ e̞ iˑ k ʃ
seil	s̠ e̞ tʲ iˑ lʲː
seil	ʃ e̞ iˑ lʲ
seilata	s̠ e̞ i̯ ɫ ə t
seilata	ʃ e̞ i̯ ɫ ɑ d̥ ɑ
seili	s̠ e̞ i̯ lʲ
seili	ʃ e̞ i̯ l i
seille	s̠ e̞ tʲ iˑ lʲː
seille	ʃ e̞ iˑ lʲː e̞
seilt	s̠ e̞ tʲ iˑ lʲ t
seilt	ʃ e̞ iˑ lʲ d̥
seinä	s̠ e̞ i̯ n
seinä	ʃ e̞ i̯ n æ
seinägazetti	s̠ e̞ i̯ n ə ɡ ɑ z̠ e̞ˑ tʲː
seinägazetti	ʃ e̞ i̯ n æ ɡ̊ ɑ ʒ̥ e̞ˑ tː i
seis	s̠ e̞ tʲ iˑ s̠ː
seis	ʃ e̞ iˑ ʒ̥
seisahtaissa	s̠ e̞ i̯ s̠ ə h t ə s̠ː
seisahtaissa	ʃ e̞ i̯ ʒ̥ ɑ h t ɑ i̯ ʃː ɑ
seisattaa	s̠ e̞ i̯ s̠ ə tː ɑ
seisattaa	ʃ e̞ i̯ ʒ̥ ɑ tː ɑː
seisoa	s̠ e̞ i̯ s̠ o̞
seisoa	ʃ e̞ i̯ ʃ o̞ ɑ
seisohtaa	s̠ e̞ i̯ s̠ ə h t ɑ
seisohtaa	ʃ e̞ i̯ ʒ̥ o̞ h t ɑː
seisohtaissa	s̠ e̞ i̯ s̠ ŏ̞ h t ɑ i̯ s̠ː
seisohtaissa	ʃ e̞ i̯ ʒ̥ o̞ h t ɑ i̯ ʃː ɑ
seisohtua	s̠ e̞ i̯ s̠ ŏ̞ h t u ɑˑ
seisohtua	ʃ e̞ i̯ ʒ̥ o̞ h t u ɑˑ
seisottaa	s̠ e̞ i̯ s̠ ə tː ɑ
seisottaa	ʃ e̞ i̯ ʒ̥ o̞ tː ɑː
seissa	s̠ e̞ i̯ s̠ː
seissa	ʃ e̞ i̯ ʃː ɑ
seist	s̠ e̞ i̯ s̠ t
seist	s̠ e̞ tʲ iˑ s̠ t
seist	ʃ e̞ iˑ ʃ t
seist	ʃ e̞ i̯ ʃ t
seitsemäs	s̠ e̞ i̯ t͡s̠ ə m ə z̠
seitsemäs	ʃ e̞ i̯ t͡s e̞ m æ ʒ̥
seitsemäskymmenäs	s̠ e̞ i̯ t͡s̠ ə m æ s̠ k y mː ə n ə z̠
seitsemäskymmenäs	ʃ e̞ i̯ t͡s e̞ m æ ʃ k y mː e̞ n æ ʒ̥
seitsen	s̠ e̞ i̯ t͡s̠ e̞ n
seitsen	ʃ e̞ i̯ t͡s e̞ n
seitsenkymment	s̠ e̞ i̯ t͡s̠ ə ŋ k y mː e̞ n t
seitsenkymment	ʃ e̞ i̯ t͡s e̞ ŋ ɡ̊ y mː e̝ː n d̥
seitsenristi	s̠ e̞ i̯ t͡s̠ ə n r i s̠ tʲ
seitsenristi	ʃ e̞ i̯ t͡s e̞ n r i ʃ t i
seitsentoist	s̠ e̞ i̯ t͡s̠ ə n t ŏ̞ s̠ t
seitsentoist	ʃ e̞ i̯ t͡s e̞ n t o̞ i̯ ʃ t
seiväs	s̠ e̞ i̯ ʋ ə z̠
seiväs	ʃ e̞ i̯ ʋ æ ʒ̥
sejalka	s̠ e̞ j ɑˑ ɫ k
sejalka	ʃ e̞ j ɑˑ ɫ ɡ̊ ɑ
sekametsä	s̠ e̞ k ɑˑ m e̞ t͡s̠
sekametsä	ʃ e̞ ɡ̊ ɑˑ m e̞ t͡s æ
sekametsäzoona	s̠ e̞ k ɑˑ m e̞ t͡s̠ ə z̠ oː n
sekametsäzoona	ʃ e̞ ɡ̊ ɑˑ m e̞ t͡s æ ʃ o̝ː n ɑ
sekkaa	s̠ e̞ kː ɑ
sekkaa	ʃ e̞ kˑ ɑː
selkiä	s̠ e̞ lʲ k e̞
selkiä	s̠ e̞ lʲ k ĭ j
selkiä	ʃ e̞ lʲ k i æ
selkiäst	s̠ e̞ lʲ k e̞ s̠ t
selkiäst	ʃ e̞ lʲ ɡ̊ i æː ʃ t
selkä	s̠ e̞ lʲ k
selkä	ʃ e̞ l ɡ̊ æ
selkäaivo	s̠ e̞ lʲ k æ ɑ i̯ ʋ ŏ̞̥
selkäaivo	ʃ e̞ l ɡ̊ æ ɑ i̯ ʋ o̞
selkämuna	s̠ e̞ lʲ k ə m u n ɑˑ
selkämuna	ʃ e̞ l ɡ̊ æ m u n ɑˑ
selkänahka	s̠ e̞ lʲ k ə n ɑ x k
selkänahka	ʃ e̞ l ɡ̊ æ n ɑ x k ɑ
selkänahkain	s̠ e̞ lʲ k ə n ɑ x k ə i̯ n
selkänahkain	ʃ e̞ l ɡ̊ æ n ɑ x k ɑ i̯ n
selkäosa	s̠ e̞ lʲ k æ o̞ s̠ ɑˑ
selkäosa	ʃ e̞ l ɡ̊ æ o̞ ʒ̥ ɑˑ
selkäpii	s̠ e̞ lʲ k ə p iː
selkäpii	ʃ e̞ l ɡ̊ æ p iː
selkäpiiluu	s̠ e̞ lʲ k ə p iː ɫ uː
selkäpiiluu	ʃ e̞ l ɡ̊ æ p iː ɫ uː
sellain	s̠ e̞ ɫː ə i̯ n
sellain	ʃ e̞ ɫː ɑ i̯ n
selskoi	s̠ e̞ ɫ s̠ k ŏ̞̥
selskoi	ʃ e̞ ɫ ʃ k o̞ i̯
selsovetti	s̠ e̞ ɫ s̠ ə ʋ e̞ tʲː
selsovetti	ʃ e̞ ɫ ʒ̥ o̞ ʋ e̞ tː i
selvä	s̠ e̞ lʲ ʋ
selvä	ʃ e̞ l ʋ æ
selys	s̠ e̞ lʲ yˑ z̠
selys	ʃ e̞ l yˑ ʒ̥
semmoin	s̠ e̞ mː ŏ̞ i̯ n
semmoin	ʃ e̞ mː o̞ i̯ n
sen	s̠ e̞ n
sen	ʃ e̞ n
senihka	s̠ e̞ n iˑ x k
senihka	ʃ e̞ n iˑ x k ɑ
sentjabri	s̠ e̞ n tʲ ə b rʲ
sentjabri	ʃ e̞ n tʲ ɑ b̥ r i
sentää	s̠ e̞ n t æ
sentää	ʃ e̞ n t æː
sepalus	s̠ e̞ p ɑˑ ɫ ŭ z̠
sepalus	ʃ e̞ pˑ ɑː ɫ u ʒ̥
seppo	s̠ e̞ pː ŏ̞̥
seppo	ʃ e̞ pː o̞ i̯
seppola	s̠ e̞ pː ŏ̞ ɫ
seppola	ʃ e̞ pː o̞ ɫ ɑ
seppä	s̠ e̞ pː
seppä	ʃ e̞ pː æ
sepyt	s̠ e̞ p yˑ d
sepyt	ʃ e̞ b̥ yˑ d̥
sereta	s̠ e̞ r e̞ˑ t
sereta	ʃ e̞ r e̞ˑ d̥ ɑ
serkka	s̠ e̞ r kː
serkka	ʃ e̞ r kː ɑ
serppi	s̠ e̞ r pʲː
serppi	ʃ e̞ r pː i
servä	s̠ e̞ r ʋ
servä	ʃ e̞ r ʋ æ
seslä	s̠ e̞ z̠ lʲ
seslä	ʃ e̞ ʒ̥ l æ
sesläkormuna	s̠ e̞ z̠ lʲ ə k o̞ r m ŭ n
sesläkormuna	ʃ e̞ ʒ̥ l æ ɡ̊ o̞ r m u n ɑ
setä	s̠ e̞ t æˑ
setä	ʃ e̞ d̥ æˑ
seukko	s̠ e̞ u̯ kː ŏ̞̥
seukko	ʃ e̞ u̯ kː o̞ i̯
seukkoin	s̠ e̞ u̯ kː ŏ̞ i̯ n
seukkoin	ʃ e̞ u̯ kː o̞ i̯ n
seukokset	s̠ e̞ u̯ k ŏ̞ k s̠ e̞ d
seukokset	ʃ e̞ u̯ ɡ̊ o̞ i̯ k ʃ e̞ d̥
sevvert	s̠ e̞ ʋː e̞ r d
sevvert	ʃ e̞ ʋː e̞ r d̥
sevverta	s̠ e̞ ʋː e̞ r t
sevverta	ʃ e̞ ʋː e̞ r d̥ ɑ
sezonnoi	s̠ e̞ z̠ o̞ˑ nː ŏ̞̥
sezonnoi	ʃ e̞ ʒ̥ o̞ˑ nː o̞ i̯
seäl	s̠ e̞ æˑ lʲː
seäl	ʃ e̞ æˑ l
seän	s̠ e̞ æˑ n
seän	ʃ e̞ æˑ n
seäs	s̠ e̞ æˑ s̠ː
seäs	ʃ e̞ æˑ ʒ̥
seät	s̠ e̞ æˑ d
seät	ʃ e̞ æˑ d̥
sianallas	s̠ i ɑˑ n ɑ ɫː ə z̠
sianallas	ʃ i ɑˑ n ɑ ɫː ɑ ʒ̥
sianmarja	s̠ i ɑˑ m m ɑ r i
sianmarja	ʃ i ɑˑ m m ɑ r j ɑ
sianpoola	s̠ i ɑˑ m p oː ɫ
sianpoola	ʃ i ɑˑ m p o̝ː ɫ ɑ
sianporsas	s̠ i ɑˑ m p o̞ r s̠ ə z̠
sianporsas	ʃ i ɑˑ m b̥ o̞ r ʒ̥ ɑ ʒ̥
siansorkka	s̠ i ɑˑ n s̠ o̞ r kː
siansorkka	ʃ i ɑˑ n ʒ̥ o̞ r kː ɑ
siansorkkaaita	s̠ i ɑˑ n s̠ o̞ r kː ɑ ɑ i̯ t
siansorkkaaita	ʃ i ɑˑ n ʒ̥ o̞ r kː ɑ ɑ i̯ d̥ ɑ
siantappajaiset	s̠ i ɑˑ n t ɑ pː ə j ɑ i̯ s̠ e̞ d
siantappajaiset	ʃ i ɑˑ n d̥ ɑ pː ɑ j ɑ i̯ ʃ t
siantappajaiset	ʃ i ɑˑ n d̥ ɑ pː ɑ j ɑ i̯ ʒ̥ e̞ d̥
sie	s̠ i e̞ˑ
sie	ʃ i e̞ˑ
siella	s̠ i e̞ˑ ɫː
siella	ʃ i e̞ˑ ɫː ɑ
siha	s̠ i h ɑˑ
siha	ʃ i ɣ̥ ɑˑ
sihas	s̠ i h ɑˑ s̠ː
sihas	ʃ i ɣ̥ ɑˑ ʒ̥
sihissä	s̠ i h iˑ s̠ː
sihissä	ʃ i ɣ̥ iˑ ʃː æ
siije	s̠ iː j
siije	ʃ iː j e̞
siika	s̠ iː k
siika	ʃ iː ɡ̊ ɑ
siikaverkko	s̠ iː k ə ʋ e̞ r kː ŏ̞̥
siikaverkko	ʃ iː ɡ̊ ɑ ʋ e̞ r kː o̞
siili	s̠ iː lʲ
siili	ʃ iː l i
siima	s̠ iː m
siima	ʃ iː m ɑ
siin	s̠ iː n
siin	ʃ iː n
siint	s̠ iː n t
siint	ʃ iː n d̥
siintää	s̠ iː n t æ
siintää	ʃ iː n t æː
siipi	s̠ iː pʲ
siipi	ʃ iː b̥ i
siipisulka	s̠ iː p ĭ s̠ u ɫ k
siipisulka	ʃ iː b̥ i ʒ̥ u ɫ ɡ̊ ɑ
siipiverkko	s̠ iː p ĭ ʋ e̞ r kː ŏ̞̥
siipiverkko	ʃ iː b̥ i ʋ e̞ r kː o̞
siiru	s̠ iː r ŭ̥
siiru	ʃ iː r u
siis	s̠ iː z̠
siis	ʃ iː ʒ̥
siit	s̠ iː d
siit	ʃ iː d̥
siitiä	s̠ iː tʲ e̞
siitiä	ʃ iː t i æ
siitnikka	s̠ iː t n ĭ kː
siitnikka	ʃ iː d̥ n i kː ɑ
siityä	s̠ iː tʲ ø̞
siityä	ʃ iː t y æ
siitä	s̠ i iˑ t
siitä	s̠ iː t
siitä	ʃ i iˑ d̥ æ
siitä	ʃ iː d̥ æ
siitää	s̠ iː t æ
siitää	ʃ iː t æː
siiva	s̠ iː ʋ
siiva	ʃ iː ʋ ɑ
siivast	s̠ iː ʋ ə s̠ t
siivast	ʃ iː ʋ ɑː ʃ t
siivilä	s̠ iː ʋ ĭ lʲ
siivilä	ʃ iː ʋ i l æ
siivilähohla	s̠ iː ʋ ə lʲ æ h o̞ h ɫ
siivilähohla	ʃ iː ʋ i l æ ɣ̥ o̞ ɣ̥ ɫ ɑ
siivitä	s̠ iː ʋ ĭ t
siivitä	ʃ iː ʋ i d̥ æ
siivo	s̠ iː ʋ ŏ̞̥
siivo	ʃ iː ʋ o̞
siivolliin	s̠ iː ʋ ŏ̞ lʲ lʲ i n e̞ˑ
siivolliin	ʃ iː ʋ o̞ lː iː n
siivosana	s̠ iː ʋ ŏ̞ s̠ ɑ n ɑˑ
siivosana	ʃ iː ʋ o̞ ʒ̥ ɑ n ɑˑ
siivota	s̠ iː ʋ ŏ̞ t
siivota	ʃ iː ʋ o̞ d̥ ɑ
siivotta	s̠ iː ʋ ŏ̞ tː
siivotta	ʃ iː ʋ o̞ tː ɑ
siivottasovhoza	s̠ iː ʋ ə tː ɑ s̠ o̞ ʋ h ŏ̞ z̠
siivottasovhoza	ʃ iː ʋ o̞ tː ɑ ʒ̥ o̞ ʋ ɣ̥ o̞ ʒ̥ ɑ
sija	s̠ i j ɑˑ
sija	ʃ i j ɑˑ
sika	s̠ i k ɑˑ
sika	ʃ i ɡ̊ ɑˑ
sikain	s̠ i k ɑ i̯ n
sikain	ʃ i kˑ ɑ i̯ n
sikamarja	s̠ i k ɑˑ m ɑ r i
sikamarja	ʃ i ɡ̊ ɑˑ m ɑ r j ɑ
sikamees	s̠ i k ɑˑ m eː z̠
sikamees	ʃ i ɡ̊ ɑˑ m e̝ː ʒ̥
sikihyä	s̠ i k iˑ h y æˑ
sikihyä	ʃ i ɡ̊ iˑ h y æˑ
sikiäin	s̠ i k iˑ j ə i̯ n
sikiäin	ʃ i ɡ̊ iˑ æ i̯ n
sikiäissööjä	s̠ i k iˑ j æ i̯ s̠ s̠ øː j
sikiäissööjä	ʃ i ɡ̊ iˑ æ i̯ ʃ ʃ ø̝ː j æ
sikkiissä	s̠ i kː i s̠ː
sikkiissä	ʃ i kˑ iː ʃː æ
sikori	s̠ i k o̞ˑ rʲ
sikori	ʃ i kˑ o̝ː r i
siks	s̠ i k s̠
siks	ʃ i k ʃ
sikuri	s̠ i k uˑ rʲ
sikuri	ʃ i kˑ uː r i
sikälitse	s̠ i k æˑ lʲ ĭ t͡s̠
sikälitse	ʃ i ɡ̊ æˑ lʲ i t͡s e̞
sikäläin	s̠ i k æˑ lʲ ə i̯ n
sikäläin	ʃ i ɡ̊ æˑ l æ i̯ n
silakka	s̠ i ɫ ɑˑ kː
silakka	ʃ i ɫ ɑˑ kː ɑ
silakkabocka	s̠ i ɫ ɑˑ kː ɑ b o̞ t͡ʃ k
silakkabocka	ʃ i ɫ ɑˑ kː ɑ b̥ o̞ t͡ʃ k ɑ
silloin	s̠ i ɫː ŏ̞ n
silloin	ʃ i ɫː o̞ i̯ n
silmu	s̠ i ɫ m ŭ̥
silmu	ʃ i ɫ m u
silmä	s̠ i lʲ m
silmä	ʃ i lʲ m æ
silmähammas	s̠ i lʲ m ə h ɑ mː ə z̠
silmähammas	ʃ i l m æ ɣ̥ ɑ mː ɑ ʒ̥
silmäkarva	s̠ i lʲ m ə k ɑ r ʋ
silmäkarva	ʃ i l m æ ɡ̊ ɑ r ʋ ɑ
silmäklasit	s̠ i lʲ m ə k ɫ ɑ s̠ iˑ d
silmäklasit	ʃ i l m æ ɡ̊ ɫ ɑ ʒ̥ iˑ d̥
silmämuna	s̠ i lʲ m ə m u n ɑˑ
silmämuna	ʃ i l m æ m u n ɑˑ
silmäripsu	s̠ i lʲ m ə r i p s̠ ŭ̥
silmäripsu	ʃ i lʲ m æ r i p ʃ u
silmärätti	s̠ i lʲ m ə r æ tʲː
silmärätti	ʃ i l m æ r æ tː i
silmäterä	s̠ i lʲ m ə t e̞ r æˑ
silmäterä	ʃ i l m æ d̥ e̞ r æˑ
silta	s̠ i ɫ t
silta	ʃ i ɫ d̥ ɑ
sinekki	s̠ i n e̞ˑ kʲː
sinekki	ʃ i n e̞ˑ kː i
sini	s̠ i n iˑ
sini	ʃ i n iˑ
sinicka	s̠ i n iˑ t͡ʃ k
sinicka	ʃ i n iˑ t͡ʃ k ɑ
siniin	s̠ i n iˑ n
siniin	ʃ i nˑ iː n
sinimuna	s̠ i n iˑ m u n ɑˑ
sinimuna	ʃ i n iˑ m u n ɑˑ
sinis	s̠ i n iˑ z̠
sinis	ʃ i n iˑ ʒ̥
siniseili	s̠ i n iˑ s̠ e̞ i̯ lʲ
siniseili	ʃ i n iˑ ʃ e̞ i̯ l i
sinisorokka	s̠ i n iˑ s̠ o̞ r o̞ˑ kː
sinisorokka	ʃ i n iˑ ʒ̥ o̞ r o̞ˑ kː ɑ
sinitsa	s̠ i n iˑ t͡s̠
sinitsa	ʃ i n iˑ t͡s ɑ
sinivesi	s̠ i n iˑ ʋ e̞ s̠ iˑ
sinivesi	ʃ i n iˑ ʋ e̞ ʒ̥ iˑ
sinkki	s̠ i ŋ kʲː
sinkki	ʃ i ŋ kː i
sinkkiin	s̠ i ŋ kː i n
sinkkiin	s̠ i ŋ kː ĭ n
sinkkiin	ʃ i ŋ kː iː n
sinkkikarta	s̠ i ŋ kː ĭ k ɑ r t
sinkkikarta	ʃ i ŋ kː i ɡ̊ ɑ r d̥ ɑ
sinne	s̠ i nː
sinne	ʃ i nː e̞
sipuli	s̠ i p uˑ lʲ
sipuli	ʃ i pˑ uː l i
siputella	s̠ i p uˑ t e̞ ɫː
siputella	ʃ i b̥ uˑ d̥ e̞ ɫː ɑ
siputtaa	s̠ i p uˑ tː ɑ
siputtaa	ʃ i b̥ uˑ tː ɑː
sirppi	s̠ i r pʲː
sirppi	ʃ i r pː i
sisar	s̠ i s̠ ɑˑ r
sisar	ʃ i ɑˑ r
sisarekset	s̠ i s̠ ɑˑ r e̞ k s̠ e̞ d
sisarekset	ʃ i ɑˑ r e̞ k ʃ e̞ d̥
sisarlentämä	s̠ i s̠ ɑˑ r lʲ e̞ n t ə m
sisarlentämä	ʃ i ɑˑ r l e̞ n t æ m æ
sisarukset	s̠ i s̠ ɑˑ r u k s̠ e̞ d
sisarukset	ʃ i ɑˑ r u k ʃ e̞ d̥
sisarut	s̠ i s̠ ɑˑ r ŭ d
sisarut	ʃ i ɑˑ r u d̥
sisava	s̠ i s̠ ɑˑ ʋ
sisava	ʃ i ʃˑ ɑː ʋ ɑ
sises	s̠ i s̠ e̞ˑ s̠ː
sises	ʃ i ʒ̥ e̞ˑ ʒ̥
sisest	s̠ i s̠ e̞ˑ s̠ t
sisest	ʃ i ʒ̥ e̞ˑ ʃ t
sisi	s̠ i s̠ iˑ
sisi	ʃ i ʒ̥ iˑ
siso	s̠ i s̠ o̞ˑ
siso	ʃ i ʒ̥ o̞ i̯
sisoin	s̠ i s̠ o̞ i̯ n
sisoin	ʃ i ʃˑ o̞ i̯ n
sissee	s̠ i s̠ː e̞
sissee	ʃ i ʃˑ e̝ː
sisteema	s̠ i s̠ t e̞ m
sisteema	ʃ i ʃ t e̝ː m ɑ
sistematiceskoi	s̠ i s̠ t ə m ɑ tʲ iˑ t͡ʃ e̞ s̠ k ŏ̞̥
sistematiceskoi	ʃ i ʃ t e̞ m ɑ d̥ iˑ t͡ʃ e̞ ʃ k o̞ i̯
sisus	s̠ i s̠ uˑ z̠
sisus	ʃ i ʒ̥ uˑ ʒ̥
sisuskorva	s̠ i s̠ uˑ s̠ k o̞ r ʋ
sisuskorva	ʃ i ʒ̥ uˑ ʃ k o̞ r ʋ ɑ
sisusorgana	s̠ i s̠ uˑ z̠ o̞ r ɡ ə n
sisusorgana	ʃ i ʒ̥ uˑ ʒ o̞ r k ɑ n ɑ
sisusstrojenja	s̠ i s̠ uˑ s̠ s̠ t r o̞ j e̞ ɲː
sisusstrojenja	ʃ i ʒ̥ uˑ ʃ ʃ t r o̞ j e̞ˑ n j ɑ
sisäpooli	s̠ i s̠ æˑ p oː lʲ
sisäpooli	ʃ i ʒ̥ æˑ p o̝ː l i
sit	s̠ i d
sit	ʃ i d̥
sitetä	s̠ i t e̞ˑ t
sitetä	ʃ i d̥ e̞ˑ d̥ æ
sitkiä	s̠ i t k e̞
sitkiä	ʃ i t k i æ
sitsa	s̠ i t͡s̠
sitsa	ʃ i t͡s ɑ
sitsavoi	s̠ i t͡s̠ ə ʋ ŏ̞̥
sitsavoi	ʃ i t͡s ɑ ʋ o̞ i̯
sitta	s̠ i tː
sitta	ʃ i tː ɑ
sittakukka	s̠ i tː ə k u kː
sittakukka	ʃ i tː ɑ ɡ̊ u kː ɑ
sittamato	s̠ i tː ə m ɑ t o̞ˑ
sittamato	ʃ i tː ɑ m ɑ d̥ o̞ˑ
sittamytty	s̠ i tː ə m y tʲː y̥̆
sittamytty	ʃ i tː ɑ m y tː y
sittanokka	s̠ i tː ə n o̞ kː
sittanokka	ʃ i tː ɑ n o̞ kː ɑ
sittanäri	s̠ i tː ə n æ r iˑ
sittanäri	ʃ i tː ɑ n æ r iˑ
sittapata	s̠ i tː ə p ɑ t ɑˑ
sittapata	ʃ i tː ɑ b̥ ɑ d̥ ɑˑ
sittapöröläin	s̠ i tː ə p ø̞ r ø̞ˑ lʲ ə i̯ n
sittapöröläin	ʃ i tː ɑ b̥ ø̞ r ø̞ˑ l æ i̯ n
sittasorkka	s̠ i tː ə s̠ o̞ r kː
sittasorkka	ʃ i tː ɑ ʒ̥ o̞ r kː ɑ
sittoa	s̠ i tː o̞
sittoa	ʃ i tˑ o̞ ɑ
sittua	s̠ i tː o̞
sittua	ʃ i tː u ɑ
siun	s̠ i u̯ n
siun	ʃ i u̯ n
siunata	s̠ i u̯ n ə t
siunata	ʃ i u̯ n ɑ d̥ ɑ
sivu	s̠ i ʋ uˑ
sivu	ʃ i ʋ uˑ
sivuluu	s̠ i ʋ uˑ ɫ uː
sivuluu	ʃ i ʋ uˑ ɫ uː
sivuosa	s̠ i ʋ uˑ o̞ s̠ ɑˑ
sivuosa	ʃ i ʋ uˑ o̞ ʒ̥ ɑˑ
sivupiiluu	s̠ i ʋ uˑ p iː ɫ uː
sivupiiluu	ʃ i ʋ uˑ p iː ɫ uː
siä	s̠ i æ̯
siä	ʃ i æ̯
skiletti	s̠ k i lʲ e̞ˑ tʲː
skiletti	ʃ k i lʲ e̞ˑ tː i
skippari	s̠ k i pː ə rʲ
skippari	ʃ k i pː ɑ r i
skripka	s̠ k r i p k
skripka	ʃ k r i p k ɑ
skvortsa	s̠ k ʋ o̞ r t͡s̠
skvortsa	ʃ k ʋ o̞ r t͡s ɑ
slaaboi	s̠ ɫ ɑː b ŏ̞̥
slaaboi	ʃ ɫ ɑː p o̞ i̯
slaabosti	s̠ ɫ ɑː b ŏ̞ s̠ tʲ
slaabosti	ʃ ɫ ɑː b̥ o̞ ʃ t i
slaavia	s̠ ɫ ɑː ʋ e̞
slaavia	ʃ ɫ ɑː ʋ i ɑ
slantsa	s̠ ɫ ɑ n t͡s̠
slantsa	ʃ ɫ ɑ n t͡s ɑ
sliivi	s̠ lʲ iː ʋʲ
sliivi	ʃ lʲ iː ʋ i
sliivipuu	s̠ lʲ iː ʋ ĭ p uː
sliivipuu	ʃ lʲ iː ʋ i p uː
sloga	s̠ ɫ o̞ ɡ ɑˑ
sloga	ʃ ɫ o̞ ɡ̊ ɑˑ
slogatoin	s̠ ɫ o̞ ɡ ɑˑ t ŏ̞ i̯ n
slogatoin	ʃ ɫ o̞ ɡ̊ ɑˑ d̥ o̞ i̯ n
sloja	s̠ ɫ o̞ j ɑˑ
sloja	ʃ ɫ o̞ j ɑˑ
slojain	s̠ ɫ o̞ j ɑ i̯ n
slojain	ʃ ɫ o̞ jˑ ɑ i̯ n
slona	s̠ ɫ o̞ n ɑˑ
slona	ʃ ɫ o̞ n ɑˑ
slovari	s̠ ɫ o̞ ʋ ɑˑ rʲ
slovari	ʃ ɫ o̞ ʋ ɑˑ r i
složnoi	s̠ ɫ o̞ ʒ n ŏ̞̥
složnoi	ʃ ɫ o̞ ʒ̥ n o̞ i̯
sluužia	s̠ ɫ uː ʒ e̞
sluužia	ʃ ɫ uː ʃ i ɑ
snaakka	s̠ n ɑː kː
snaakka	ʃ n ɑː kː ɑ
soata	s̠ o̞ ɑˑ t
soata	ʃ o̞ ɑˑ d̥ ɑ
soeta	s̠ o̞ e̞ˑ t
soeta	ʃ o̞ e̞ˑ d̥ ɑ
soettaa	s̠ o̞ e̞ˑ tː ɑ
soettaa	ʃ o̞ e̞ˑ tː ɑː
soglasnoi	s̠ o̞ ɡ ɫ ə s̠ n ŏ̞̥
soglasnoi	ʃ o̞ ɡ̊ ɫ ɑ ʒ̥ n o̞ i̯
sohissa	s̠ o̞ h iˑ s̠ː
sohissa	ʃ o̞ ɣ̥ iˑ ʃː ɑ
sohma	s̠ o̞ h m
sohma	ʃ o̞ ɣ̥ m ɑ
sohva	s̠ o̞ h ʋ
sohva	ʃ o̞ ɣ̥ ʋ ɑ
soikkolain	s̠ o̞ i̯ kː ŏ̞ ɫ ə i̯ n
soikkolain	ʃ o̞ i̯ kː o̞ ɫ ɑ i̯ n
soima	s̠ o̞ i̯ m
soima	ʃ o̞ i̯ m ɑ
soimi	s̠ o̞ i̯ mʲ
soimi	ʃ o̞ i̯ m i
soitella	s̠ o̞ i̯ t e̞ ɫː
soitella	ʃ o̞ i̯ d̥ e̞ ɫː ɑ
soittaa	s̠ o̞ i̯ tː ɑ
soittaa	ʃ o̞ i̯ tː ɑː
soittaja	s̠ o̞ i̯ tː ə i̯
soittaja	ʃ o̞ i̯ tː ɑ j ɑ
soitto	s̠ o̞ i̯ tː ŏ̞̥
soitto	ʃ o̞ i̯ tː o̞
soittu	s̠ o̞ i̯ tː ŭ̥
soittu	ʃ o̞ i̯ tː u
soittulehti	s̠ o̞ i̯ tː ŭ lʲ e̞ h tʲ
soittulehti	ʃ o̞ i̯ tː u l e̞ h t i
sojuza	s̠ o̞ j uˑ z̠
sojuza	ʃ o̞ jˑ uː ʒ̥ ɑ
sokahua	s̠ o̞ k ɑˑ h u ɑˑ
sokahua	ʃ o̞ ɡ̊ ɑˑ h u ɑˑ
sokiain	s̠ o̞ k iˑ j ə i̯ n
sokiain	ʃ o̞ ɡ̊ iˑ ɑ i̯ n
sokka	s̠ o̞ kː
sokka	ʃ o̞ kː ɑ
sokkaluu	s̠ o̞ kː ə ɫ uː
sokkaluu	ʃ o̞ kː ɑ ɫ uː
sokkia	s̠ o̞ kː e̞
sokkia	s̠ o̞ kː ĭ j
sokkia	ʃ o̞ kː i ɑ
sokkia	ʃ o̞ kˑ i ɑ
sokko	s̠ o̞ kː ŏ̞̥
sokko	ʃ o̞ kː o̞ i̯
solmi	s̠ o̞ ɫ mʲ
solmi	ʃ o̞ ɫ m i
solmita	s̠ o̞ ɫ m ĭ t
solmita	ʃ o̞ ɫ m i d̥ ɑ
soo	s̠ oː
soo	ʃ o̝ː
sooboli	s̠ oː b ŏ̞ lʲ
sooboli	ʃ o̝ː b̥ o̞ l i
sooheinä	s̠ oː h e̞ i̯ n
sooheinä	ʃ o̝ː h e̞ i̯ n æ
sooja	s̠ oː j
sooja	ʃ o̝ː j ɑ
soojamaito	s̠ oː j ə m ɑ i̯ t ŏ̞̥
soojamaito	ʃ o̝ː j ɑ m ɑ i̯ d̥ o̞
soojast	s̠ oː j ə s̠ t
soojast	ʃ o̝ː j ɑː ʃ t
sookulikka	s̠ oː k u lʲ iˑ kː
sookulikka	ʃ o̝ː ɡ̊ u lʲ iˑ kː ɑ
soola	s̠ oː ɫ
soola	ʃ o̝ː ɫ ɑ
soolaheinä	s̠ oː ɫ ə h e̞ i̯ n
soolaheinä	ʃ o̝ː ɫ ɑ h e̞ i̯ n æ
soolaheinärokka	s̠ oː ɫ ə h e̞ i̯ n ə r o̞ kː
soolaheinärokka	ʃ o̝ː ɫ ɑ h e̞ i̯ n æ r o̞ kː ɑ
soolain	s̠ oː ɫ ə i̯ n
soolain	ʃ o̝ː ɫ ɑ i̯ n
soolajärvi	s̠ oː ɫ ə j æ r ʋʲ
soolajärvi	ʃ o̝ː ɫ ɑ j æ r ʋ i
soolaleipä	s̠ oː ɫ ə lʲ e̞ i̯ p
soolaleipä	ʃ o̝ː ɫ ɑ l e̞ i̯ b̥ æ
soolata	s̠ oː ɫ ə t
soolata	ʃ o̝ː ɫ ɑ d̥ ɑ
soolatoin	s̠ oː ɫ ə t ŏ̞ n
soolatoin	ʃ o̝ː ɫ ɑ d̥ o̞ i̯ n
soolavesi	s̠ oː ɫ ə ʋ e̞ s̠ iˑ
soolavesi	ʃ o̝ː ɫ ɑ ʋ e̞ ʒ̥ iˑ
sooli	s̠ oː lʲ
sooli	ʃ o̝ː l i
soolimahla	s̠ oː lʲ ĭ m ɑ h ɫ
soolimahla	ʃ o̝ː l i m ɑ ɣ̥ ɫ ɑ
soomakko	s̠ oː m ə kː ŏ̞̥
soomakko	ʃ o̝ː m ɑ kː o̞ i̯
soomalain	s̠ oː m ə ɫ ə i̯ n
soomalain	ʃ o̝ː m ɑ ɫ ɑ i̯ n
soomi	s̠ oː mʲ
soomi	ʃ o̝ː m i
soomukas	s̠ oː m ŭ k ə z̠
soomukas	ʃ o̝ː m u ɡ̊ ɑ ʒ̥
soomus	s̠ oː m ŭ z̠
soomus	ʃ o̝ː m u ʒ̥
sooni	s̠ oː nʲ
sooni	ʃ o̝ː n i
sooniin	s̠ oː n i n
sooniin	s̠ oː n ĭ n
sooniin	ʃ o̝ː n iː n
sooniitty	s̠ oː n iː tʲː y̥̆
sooniitty	ʃ o̝ː n iː tː y
soonikkain	s̠ oː n ĭ kː ə i̯ n
soonikkain	ʃ o̝ː n i kː ɑ i̯ n
soora	s̠ oː r
soora	ʃ o̝ː r ɑ
soovehka	s̠ oː ʋ e̞ x k
soovehka	ʃ o̝ː ʋ e̞ x k ɑ
soovotta	s̠ oː ʋ ŏ̞ tː
soovotta	ʃ o̝ː ʋ o̞ tː ɑ
sopa	s̠ o̞ p ɑˑ
sopa	ʃ o̞ b̥ ɑˑ
sopattaa	s̠ o̞ p ɑˑ tː ɑ
sopattaa	ʃ o̞ b̥ ɑˑ tː ɑː
sopotella	s̠ o̞ p o̞ˑ t e̞ ɫː
sopotella	ʃ o̞ b̥ o̞ˑ d̥ e̞ ɫː ɑ
sopottaa	s̠ o̞ p o̞ˑ tː ɑ
sopottaa	ʃ o̞ b̥ o̞ˑ tː ɑː
soppia	s̠ o̞ pː e̞
soppia	ʃ o̞ pˑ i ɑ
sopu	s̠ o̞ p uˑ
sopu	ʃ o̞ b̥ uˑ
sopulikas	s̠ o̞ p uˑ lʲ i k ɑˑ z̠
sopulikas	ʃ o̞ b̥ uˑ l i ɡ̊ ɑˑ ʒ̥
sorkka	s̠ o̞ r kː
sorkka	ʃ o̞ r kː ɑ
sormenpäähiäin	s̠ o̞ r m ə m p æː h ĭ j ə i̯ n
sormenpäähiäin	ʃ o̞ r m e̞ m p æː ɣ̥ i æ i̯ n
sormi	s̠ o̞ r mʲ
sormi	ʃ o̞ r m i
sormin	s̠ o̞ r m ĭ n
sormin	ʃ o̞ r m i n
sormus	s̠ o̞ r m ŭ z̠
sormus	ʃ o̞ r m u ʒ̥
sorokofka	s̠ o̞ r o̞ˑ k ŏ̞ f k
sorokofka	ʃ o̞ r o̞ˑ ɡ̊ o̞ f k ɑ
sorria	s̠ o̞ rː e̞
sorria	ʃ o̞ rˑ i ɑ
sorrialuin	s̠ o̞ rː e̞ ɫ u i̯ n
sorrialuin	ʃ o̞ rˑ i ɑ ɫ u i̯ n
sorsa	s̠ o̞ r s̠
sorsa	ʃ o̞ r ʒ̥ ɑ
sortaa	s̠ o̞ r t ɑ
sortaa	ʃ o̞ r t ɑː
sortti	s̠ o̞ r tʲː
sortti	ʃ o̞ r tː i
sorttu	s̠ o̞ r tː ŭ̥
sorttu	ʃ o̞ r tː u
sortua	s̠ o̞ r t o̞
sortua	ʃ o̞ r t u ɑ
sostava	s̠ o̞ s̠ t ə ʋ
sostava	ʃ o̞ ʃ t ɑ ʋ ɑ
sota	s̠ o̞ t ɑˑ
sota	ʃ o̞ d̥ ɑˑ
sotalaiva	s̠ o̞ t ɑˑ ɫ ɑ i̯ ʋ
sotalaiva	ʃ o̞ d̥ ɑˑ ɫ ɑ i̯ ʋ ɑ
sotamees	s̠ o̞ t ɑˑ m eː z̠
sotamees	ʃ o̞ d̥ ɑˑ m e̝ː ʒ̥
sotasoittu	s̠ o̞ t ɑˑ s̠ o̞ i̯ tː ŭ̥
sotasoittu	ʃ o̞ d̥ ɑˑ ʃ o̞ i̯ tː u
sotaväki	s̠ o̞ t ɑˑ ʋ æ k iˑ
sotaväki	ʃ o̞ d̥ ɑˑ ʋ æ ɡ̊ iˑ
sotka	s̠ o̞ t k
sotka	ʃ o̞ t k ɑ
sotkia	s̠ o̞ t k e̞
sotkia	s̠ o̞ t k ĭ j
sotkia	ʃ o̞ t k i ɑ
sotsialisticeskoi	s̠ o̞ t͡s̠ ĭ ɑ lʲ iˑ s̠ tʲ i t͡ʃ e̞ˑ s̠ k ŏ̞̥
sotsialisticeskoi	ʃ o̞ t͡s i ɑ l iˑ ʃ t i t͡ʃ e̞ˑ ʃ k o̞ i̯
sottia	s̠ o̞ tʲ i j
sottia	s̠ o̞ tʲː e̞
sottia	ʃ o̞ tˑ i ɑ
soutaa	s̠ o̞ u̯ t ɑ
soutaa	ʃ o̞ u̯ t ɑː
sova	s̠ o̞ ʋ ɑˑ
sova	ʃ o̞ ʋ ɑˑ
sovaporoda	s̠ o̞ ʋ ɑˑ p o̞ r o̞ˑ d
sovaporoda	ʃ o̞ ʋ ɑˑ b̥ o̞ rˑ o̝ː d̥ ɑ
sovesti	s̠ o̞ ʋ e̞ˑ s̠ tʲ
sovesti	ʃ o̞ ʋ e̞ˑ ʃ t i
sovetskoi	s̠ o̞ ʋ e̞ˑ t͡s̠ k ŏ̞̥
sovetskoi	ʃ o̞ ʋ e̞ˑ t͡s k o̞ i̯
sovetti	s̠ o̞ ʋ e̞ˑ tʲː
sovetti	ʃ o̞ ʋ e̞ˑ tː i
sovhoza	s̠ o̞ ʋ h ŏ̞ z̠
sovhoza	ʃ o̞ ʋ ɣ̥ o̞ ʒ̥ ɑ
speili	s̠ p e̞ i̯ lʲ
speili	ʃ p e̞ i̯ lʲ i
spicka	s̠ p i t͡ʃ k
spicka	ʃ p i t͡ʃ k ɑ
staakka	s̠ t ɑː kː
staakka	ʃ t ɑː kː ɑ
staarosta	s̠ t ɑː r ŏ̞ s̠ t
staarosta	ʃ t ɑː r o̞ ʃ t ɑ
stabilioppikirja	s̠ t ɑ b iˑ lʲ i o̞ pː ĭ k i r i
stabilioppikirja	ʃ t ɑ pˑ iː l i o̞ pː i ɡ̊ i r j ɑ
stafka	s̠ t ɑ f k
stafka	ʃ t ɑ f k ɑ
stalli	s̠ t ɑ lʲː
stalli	ʃ t ɑ lː i
stantsa	s̠ t ɑ n t͡s̠
stantsa	ʃ t ɑ n t͡s ɑ
stantsia	s̠ t ɑ n t͡s̠ e̞
stantsia	ʃ t ɑ n t͡s i ɑ
staraittaa	s̠ t ɑ r ɑ i̯ tː ɑ
staraittaa	ʃ t ɑ rˑ ɑ i̯ tː ɑː
starikka	s̠ t ɑ r iˑ kː
starikka	ʃ t ɑ r iˑ kː ɑ
staruhha	s̠ t ɑ r uˑ xː
staruhha	ʃ t ɑ r uˑ xː ɑ
steeppeni	s̠ t eː pː e̞ nʲ
steeppeni	ʃ t e̝ː pː e̞ n i
steeppenivaihto	s̠ t eː pː ə n i ʋ ɑ i̯ h t ŏ̞̥
steeppenivaihto	ʃ t e̝ː pː e̞ n i ʋ ɑ i̯ h t o̞
stiha	s̠ tʲ i h ɑˑ
stiha	ʃ t i ɣ̥ ɑˑ
sto	s̠ t o̞
sto	ʃ t o̞
stokana	s̠ t o̞ k ɑˑ n
stokana	ʃ t o̞ kˑ ɑː n ɑ
stolari	s̠ t o̞ ɫ ɑˑ rʲ
stolari	ʃ t o̞ ɫˑ ɑː r i
stolbikka	s̠ t o̞ ɫ b ĭ kː
stolbikka	ʃ t o̞ ɫ b̥ i kː ɑ
stolitsa	s̠ t o̞ lʲ iˑ t͡s̠
stolitsa	ʃ t o̞ l iˑ t͡s ɑ
stolovoi	s̠ t o̞ ɫ o̞ˑ ʋ ŏ̞̥
stolovoi	ʃ t o̞ ɫ o̞ˑ ʋ o̞ i̯
stooli	s̠ t oː lʲ
stooli	ʃ t o̝ː lʲ i
storoža	s̠ t o̞ r o̞ˑ ʒ
storoža	ʃ t o̞ rˑ o̝ː ʒ̥ ɑ
stranitsa	s̠ t r ɑ n iˑ t͡s̠
stranitsa	ʃ t r ɑ n iˑ t͡s ɑ
strastnoi	s̠ t r ɑ s̠ t n ŏ̞̥
strastnoi	ʃ t r ɑ ʃ t n o̞ i̯
strela	s̠ t r e̞ ɫ ɑˑ
strela	ʃ t r e̞ ɫ ɑˑ
strelkka	s̠ t r e̞ ɫ kː
strelkka	ʃ t r e̞ ɫ kː ɑ
strelocnikka	s̠ t r e̞ ɫ o̞ˑ t͡ʃ n ĭ kː
strelocnikka	ʃ t r e̞ ɫ o̞ˑ t͡ʃ n i kː ɑ
stroika	s̠ t r o̞ i̯ k
stroika	ʃ t r o̞ i̯ ɡ̊ ɑ
stroitelstva	s̠ t r o̞ iˑ t e̞ ɫ s̠ t ʋ
stroitelstva	ʃ t r o̞ iˑ d̥ e̞ ɫ ʃ t ʋ ɑ
stroittaa	s̠ t r o̞ i̯ tː ɑ
stroittaa	ʃ t r o̞ i̯ tː ɑː
strojenja	s̠ t r o̞ j e̞ ɲː
strojenja	ʃ t r o̞ j e̞ˑ n j ɑ
struktura	s̠ t r u k t ŭ r
struktura	ʃ t r u k t u r ɑ
substantiva	s̠ u b s̠ t ə n tʲ i ʋ ɑˑ
substantiva	ʃ u p ʃ t ɑ n d̥ i ʋ ɑˑ
sudakka	s̠ u d ɑˑ kː
sudakka	ʃ u d̥ ɑˑ kː ɑ
sudja	s̠ u d i
sudja	ʃ u d̥ j ɑ
suenkorenta	s̠ u e̞ˑ ŋ k o̞ r e̞ˑ n t
suenkorenta	ʃ u e̞ˑ ŋ ɡ̊ o̞ r e̞ˑ n d̥ ɑ
suenkorento	s̠ u e̞ˑ ŋ k o̞ r e̞ˑ n t ŏ̞̥
suenkorento	ʃ u e̞ˑ ŋ ɡ̊ o̞ r e̞ˑ n d̥ o̞
suenleeka	s̠ u e̞ˑ n lʲ eː k
suenleeka	ʃ u e̞ˑ n l e̝ː ɡ̊ ɑ
suenliika	s̠ u e̞ˑ n lʲ iː k
suenliika	ʃ u e̞ˑ n lʲ iː ɡ̊ ɑ
suikia	s̠ u i̯ k e̞
suikia	ʃ u i̯ k i ɑ
suiku	s̠ u i̯ k ŭ̥
suiku	ʃ u i̯ ɡ̊ u
suima	s̠ u i̯ m
suima	ʃ u i̯ m ɑ
suisto	s̠ u i̯ s̠ t ŏ̞̥
suisto	ʃ u i̯ ʃ t o̞
suitset	s̠ u i̯ t͡s̠ e̞ d
suitset	ʃ u i̯ t͡s e̞ d̥
suka	s̠ u k ɑˑ
suka	ʃ u ɡ̊ ɑˑ
sukka	s̠ u kː
sukka	ʃ u kː ɑ
sukkela	s̠ u kː e̞ ɫ
sukkela	ʃ u kː e̞ ɫ ɑ
sukkia	s̠ u k i j
sukkia	s̠ u kː e̞
sukkia	s̠ u kː ĭ j
sukkia	ʃ u kː i ɑ
sukkia	ʃ u kˑ i ɑ
suksa	s̠ u k s̠
suksa	ʃ u k ʃ ɑ
suksi	s̠ u k s̠ʲ
suksi	ʃ u k ʃ i
suksia	s̠ u k s̠ e̞
suksia	s̠ u k s̠ ĭ j
suksia	ʃ u k ʃ i ɑ
suku	s̠ u k uˑ
suku	ʃ u ɡ̊ uˑ
sukukili	s̠ u k uˑ k i lʲ iˑ
sukukili	ʃ u ɡ̊ uˑ ɡ̊ i l iˑ
sukulain	s̠ u k uˑ ɫ ə i̯ n
sukulain	ʃ u ɡ̊ uˑ ɫ ɑ i̯ n
sukulehmä	s̠ u k uˑ lʲ e̞ h m
sukulehmä	ʃ u ɡ̊ uˑ l e̞ ɣ̥ m æ
sukunimi	s̠ u k uˑ n i m iˑ
sukunimi	ʃ u ɡ̊ uˑ n i m iˑ
sukuporona	s̠ u k uˑ p o̞ r o̞ˑ n
sukuporona	ʃ u ɡ̊ uˑ b̥ o̞ rˑ o̝ː n ɑ
sukuri	s̠ u k uˑ rʲ
sukuri	ʃ u kˑ uː r i
sukurikukka	s̠ u k uˑ r i k u kː
sukurikukka	ʃ u kˑ uː r i ɡ̊ u kː ɑ
sula	s̠ u ɫ ɑˑ
sula	ʃ u ɫ ɑˑ
sulattaa	s̠ u ɫ ɑˑ tː ɑ
sulattaa	ʃ u ɫ ɑˑ tː ɑː
sulka	s̠ u ɫ k
sulka	ʃ u ɫ ɡ̊ ɑ
sulkapoduška	s̠ u ɫ k ə p o̞ d uˑ ʃ k
sulkapoduška	ʃ u ɫ ɡ̊ ɑ b̥ o̞ d̥ uˑ ʃ k ɑ
sullaa	s̠ u ɫː ɑ
sullaa	ʃ u ɫˑ ɑː
suma	s̠ u m ɑˑ
suma	ʃ u m ɑˑ
summa	s̠ u mː
summa	ʃ u mː ɑ
sumu	s̠ u m uˑ
sumu	ʃ u m uˑ
suppi	s̠ u pʲː
suppi	ʃ u pː i
surma	s̠ u r m
surma	ʃ u r m ɑ
surmata	s̠ u r m ə t
surmata	ʃ u r m ɑ d̥ ɑ
surra	s̠ u rː
surra	ʃ u rː ɑ
suru	s̠ u r uˑ
suru	ʃ u r uˑ
susi	s̠ u s̠ iˑ
susi	ʃ u ʒ̥ iˑ
suslikka	s̠ u z̠ lʲ ĭ kː
suslikka	ʃ u ʒ̥ l i kː ɑ
suto	s̠ u t o̞ˑ
suto	ʃ u d̥ o̞ i̯
suu	s̠ uː
suu	ʃ uː
suukas	s̠ u uˑ k ə z̠
suukas	ʃ u uˑ ɡ̊ ɑ ʒ̥
suukko	s̠ uː kː ŏ̞̥
suukko	ʃ uː kː o̞ i̯
suulaki	s̠ uː ɫ ɑ k iˑ
suulaki	ʃ uː ɫ ɑ ɡ̊ iˑ
suunnurkka	s̠ uː n n u r kː
suunnurkka	ʃ uː n n u r kː ɑ
suupala	s̠ uː p ɑ ɫ ɑˑ
suupala	ʃ uː b̥ ɑ ɫ ɑˑ
suur	s̠ uː rʲ
suur	ʃ uː r
suuremp	s̠ uː r e̞ m pʲ
suuremp	s̠ uː r e̞ pʲ
suuremp	ʃ uː r e̞ m b̥
suurima	s̠ uː r ĭ m
suurima	ʃ uː r i m ɑ
suurimikko	s̠ uː r ĭ m i kː ŏ̞̥
suurimikko	ʃ uː r i m i kː o̞ i̯
suurlukuin	s̠ uː r ɫ u k u i̯ n
suurlukuin	ʃ uː r ɫ u kˑ u i̯ n
suursummain	s̠ uː r s̠ u mː ə i̯ n
suursummain	ʃ uː r ʒ̥ u mː ɑ i̯ n
suursuu	s̠ uː r s̠ uː
suursuu	ʃ uː r ʃ uː
suurus	s̠ uː r ŭ z̠
suurus	ʃ uː r u ʒ̥
suurustaa	s̠ uː r ə s̠ t ɑ
suurustaa	ʃ uː r u ʃ t ɑː
suurustaissa	s̠ uː r ŭ s̠ t ə s̠ː
suurustaissa	ʃ uː r u ʃ t ɑ i̯ ʃː ɑ
suusoittu	s̠ uː s̠ o̞ i̯ tː ŭ̥
suusoittu	ʃ uː ʃ o̞ i̯ tː u
suutia	s̠ uː tʲ e̞
suutia	ʃ uː t i ɑ
suutkat	s̠ uː t k ə d
suutkat	ʃ uː t k ɑ d̥
suuto	s̠ uː t ŏ̞̥
suuto	ʃ uː d̥ o̞
suuttua	s̠ uː tː o̞
suuttua	ʃ uː tː u ɑ
suuvvita	s̠ uː ʋː ĭ t
suuvvita	ʃ uː ʋː i d̥ ɑ
suvata	s̠ u ʋ ɑˑ t
suvata	ʃ u ʋ ɑˑ d̥ ɑ
suvata	ʃ u ʋ ɑˑ d̥ ɑ ɡ̊
suvattava	s̠ u ʋ ɑˑ t t ɑ ʋ ɑˑ
suvattava	ʃ u ʋ ɑˑ t t ɑ ʋ ɑˑ
suvi	s̠ u ʋ iˑ
suvi	ʃ u ʋ iˑ
suvvaamiin	s̠ u ʋː ɑ m i n e̞ˑ
suvvaamiin	ʃ u ʋˑ ɑː m iː n
svaana	s̠ ʋ ɑː n
svaana	ʃ ʋ ɑː n ɑ
sviristeli	s̠ ʋ i r iˑ s̠ t e̞ lʲ iˑ
sviristeli	ʃ ʋ i r iˑ ʃ t e̞ lʲ iˑ
svojakka	s̠ ʋ o̞ j ɑˑ kː
svojakka	ʃ ʋ o̞ j ɑˑ kː ɑ
syenliika	s̠ y e̞ˑ n lʲ iː k
syenliika	ʃ y e̞ˑ n lʲ iː ɡ̊ ɑ
syerliika	s̠ y e̞ˑ r lʲ iː k
syerliika	ʃ y e̞ˑ r lʲ iː ɡ̊ ɑ
syksy	s̠ y k s̠ y̥̆
syksy	ʃ y k ʃ y
syksyhaili	s̠ y k s̠ y̆ h ɑ i̯ lʲ
syksyhaili	ʃ y k ʃ y h ɑ i̯ l i
syksyin	s̠ y k s̠ y̆ i̯ n
syksyin	ʃ y k ʃ y i̯ n
syksylliin	s̠ y k s̠ y̆ lʲ lʲ i n e̞ˑ
syksylliin	ʃ y k ʃ y lʲː iː n
syksynnä	s̠ y k s̠ y̆ nː
syksynnä	ʃ y k ʃ yː n
syksyyl	s̠ y k s̠ y̆ lʲː
syksyyl	ʃ y k ʃ yː l
syksähtää	s̠ y k s̠ ə h t æ
syksähtää	ʃ y k ʃ æ h t æː
syleksennellä	s̠ y lʲ e̞ˑ k s̠ e̞ nː e̞ lʲː
syleksennellä	ʃ y l e̞ˑ k ʃ e̞ nː e̞ lː æ
syleskellä	s̠ y lʲ e̞ˑ s̠ k e̞ lʲː
syleskellä	ʃ y l e̞ˑ ʃ k e̞ lː æ
syli	s̠ y lʲ iˑ
syli	ʃ y lʲ iˑ
sylipuu	s̠ y lʲ iˑ p uː
sylipuu	ʃ y lʲ iˑ p uː
sylki	s̠ y lʲ kʲ
sylki	ʃ y lʲ ɡ̊ i
sylkiissä	s̠ y lʲ k i s̠ː
sylkiissä	ʃ y lʲ k iː ʃː æ
sylkirakko	s̠ y lʲ k ĭ r ɑ kː ŏ̞̥
sylkirakko	ʃ y lʲ ɡ̊ i r ɑ kː o̞
sylkiä	s̠ y lʲ k e̞
sylkiä	ʃ y lʲ k i æ
synni	s̠ y nʲː
synni	ʃ y nː i
synniin	s̠ y nː ĭ n
synniin	ʃ y nː iː n
synnikäs	s̠ y nː ĭ k ə z̠
synnikäs	ʃ y nː i ɡ̊ æ ʒ̥
synnyttää	s̠ y nː ə tː æ
synnyttää	ʃ y nː y tː æː
synty	s̠ y n tʲ y̥̆
synty	ʃ y n d̥ y
syntymerkki	s̠ y n tʲ ə m e̞ r kʲː
syntymerkki	ʃ y n d̥ y m e̞ r kː i
syntymämerkki	s̠ y n tʲ ə m æ m e̞ r kʲː
syntymämerkki	ʃ y n t y m æ m e̞ r kː i
syntymäpäivä	s̠ y n t ə m æ p æ i̯ ʋ
syntymäpäivä	ʃ y n d̥ y m æ p æ i̯ ʋ æ
syntyä	s̠ y n tʲ ø̞
syntyä	ʃ y n t y æ
syrjy	s̠ y r j y̥̆
syrjy	ʃ y r j y
syrjysammal	s̠ y r j y̆ s̠ ɑ mː ə ɫ
syrjysammal	ʃ y r j y ʒ̥ ɑ mː ɑ ɫ
syrjä	s̠ y r i
syrjä	ʃ y r j æ
sysi	s̠ y s̠ iˑ
sysi	ʃ y ʒ̥ iˑ
syssiä	s̠ y s̠ i j
syssiä	s̠ y s̠ː e̞
syssiä	ʃ y ʃˑ i æ
sysälikko	s̠ y s̠ æˑ lʲ i kː ŏ̞̥
sysälikko	ʃ y ʒ̥ æˑ lʲ i kː o̞
syttyä	s̠ y tʲː ø̞
syttyä	ʃ y tː y æ
syttää	s̠ y tː æ
syttää	ʃ y tː æː
sytyttää	s̠ y tʲ yˑ tː æ
sytyttää	ʃ y d̥ yˑ tː æː
syvennös	s̠ y ʋ e̞ˑ nː ø̞̆ z̠
syvennös	ʃ y ʋ e̞ˑ nː ø̞ ʒ̥
syvvyys	s̠ y ʋː y z̠
syvvyys	ʃ y ʋˑ yː ʒ̥
syvä	s̠ y ʋ æˑ
syvä	ʃ y ʋ æˑ
syy	s̠ yː
syy	ʃ yː
syyhelmä	s̠ yː h e̞ lʲ m
syyhelmä	ʃ yː ɣ̥ e̞ l m æ
syän	s̠ y æˑ n
syän	ʃ y æˑ n
syänkammari	s̠ y æˑ ŋ k ɑ mː ə rʲ
syänkammari	ʃ y æˑ ŋ ɡ̊ ɑ mː ɑ r i
syänkorva	s̠ y æˑ ŋ k o̞ r ʋ
syänkorva	ʃ y æˑ ŋ ɡ̊ o̞ r ʋ ɑ
syänkuu	s̠ y æˑ ŋ k uː
syänkuu	ʃ y æˑ ŋ k uː
syänmuna	s̠ y æˑ m m u n ɑˑ
syänmuna	ʃ y æˑ m m u n ɑˑ
syänpäivä	s̠ y æˑ m p æ i̯ ʋ
syänpäivä	ʃ y æˑ m p æ i̯ ʋ æ
syänrapahus	s̠ y æˑ n r ɑ p ɑˑ h ŭ z̠
syänrapahus	ʃ y æˑ n r ɑ pˑ ɑː ɣ̥ u ʒ̥
syänriissat	s̠ y æˑ n r iː s̠ː ə d
syänriissat	ʃ y æˑ n r iː ʃː ɑ d̥
syäntauti	s̠ y æˑ n t ɑ u̯ tʲ
syäntauti	ʃ y æˑ n t ɑ u̯ d̥ i
syänöö	s̠ y æˑ n øː
syänöö	ʃ y æˑ n ø̝ː
säje	s̠ æ j e̞ˑ
säje	ʃ æ j e̞ˑ
säkille	s̠ æ k iˑ lʲː
säkille	ʃ æ ɡ̊ iˑ lʲː e̞
säkki	s̠ æ kʲː
säkki	ʃ æ kː i
sälkövä	s̠ æ lʲ k ø̞̆ ʋ
sälkövä	ʃ æ l k ø̞ ʋ æ
sälköväin	s̠ æ lʲ k ø̞̆ ʋ ə i̯ n
sälköväin	ʃ æ lʲ ɡ̊ ø̞ ʋ æ i̯ n
sänki	s̠ æ ŋ kʲ
sänki	ʃ æ ŋ ɡ̊ i
sänky	s̠ æ ŋ k y̥̆
sänky	ʃ æ ŋ ɡ̊ y
särki	s̠ æ r kʲ
särki	ʃ æ r ɡ̊ i
särkiissä	s̠ æ r k i s̠ː
särkiissä	ʃ æ r k iː ʃː æ
särkiä	s̠ æ r k e̞
särkiä	ʃ æ r k i æ
särpää	s̠ æ r p æ
särpää	ʃ æ r p æː
särvi	s̠ æ r ʋʲ
särvi	ʃ æ r ʋ i
särvättää	s̠ æ r ʋ ə tː æ
särvättää	ʃ æ r ʋ æ tː æː
säyne	s̠ æ y̯ n
säyne	ʃ æ y̯ n e̞
säynes	s̠ æ y̯ n e̞ z̠
säynes	ʃ æ y̯ n e̞ ʒ̥
sää	s̠ æː
sää	ʃ æː
sääri	s̠ æː rʲ
sääri	ʃ æː r i
säärimarjat	s̠ æː r ĭ m ɑ r j ə d
säärimarjat	ʃ æː r i m ɑ r j ɑ d̥
sääski	s̠ æː s̠ kʲ
sääski	ʃ æː ʃ k i
sääskö	s̠ æː s̠ k ø̞̥̆
sääskö	ʃ æː ʃ k ø̞ i̯
sööjä	s̠ øː j
sööjä	ʃ ø̝ː j æ
söökki	s̠ øː kʲː
söökki	ʃ ø̝ː kː i
söökkikerus	s̠ øː kː ĭ k e̞ r uˑ z̠
söökkikerus	ʃ ø̝ː kː i ɡ̊ e̞ r uˑ ʒ̥
söökkilusikka	s̠ øː kː ĭ ɫ u s̠ iˑ kː
söökkilusikka	ʃ ø̝ː kː i ɫ u ʒ̥ iˑ kː ɑ
söömiin	s̠ øː m ĭ n
söömiin	ʃ ø̝ː m iː n
söömäkerus	s̠ øː m ə k e̞ r uˑ z̠
söömäkerus	ʃ ø̝ː m æ ɡ̊ e̞ r uˑ ʒ̥
söötellä	s̠ øː t e̞ lʲː
söötellä	ʃ ø̝ː d̥ e̞ lː æ
sööttiissä	s̠ øː tʲː i s̠ː
sööttiissä	ʃ ø̝ː tː iː ʃː æ
sööttää	s̠ øː tː æ
sööttää	ʃ ø̝ː tː æː
söövvä	s̠ y ʋː
söövvä	ʃ y ʋː æ ɡ̊
söövvä	ʃ ø̝ː æ ɡ̊
söövvä	ʃ ø̝ː ʋː æ
taakka	t ɑː kː
taakka	t ɑː kː ɑ
taale	t ɑː ɫ
taale	t ɑː ɫ e̞
taano	t ɑː n o̞ i̯
taano	t ɑː n ŏ̞̥
taanoin	t ɑː n o̞ i̯ n
taanoin	t ɑː n ŏ̞ n
taanolliin	t ɑː n o̞ i̯ lː iː n
taanolliin	t ɑː n ŏ̞ lʲ lʲ i n e̞ˑ
taari	t ɑː r i
taari	t ɑː rʲ
taariastia	t ɑː r i ɑ s̠ tʲ e̞
taariastia	t ɑː r i ɑ ʃ t i ɑ
taas	t ɑː z̠
taas	t ɑː ʒ̥
taata	t ɑ ɑˑ d̥ ɑ
taata	t ɑ ɑˑ t
taatta	t ɑː tː
taatta	t ɑː tː ɑ
taazi	t ɑː z̠ʲ
taazi	t ɑː ʒ̥ i
tabakerkka	t ɑ b ɑˑ k e̞ r kː
tabakerkka	t ɑ b̥ ɑˑ ɡ̊ e̞ r kː ɑ
tablitsa	t ɑ b lʲ ĭ t͡s̠
tablitsa	t ɑ b̥ l i t͡s ɑ
tabuna	t ɑ b uˑ n
tabuna	t ɑ pˑ uː n ɑ
tacka	t ɑ t͡ʃ k
tacka	t ɑ t͡ʃ k ɑ
tae	t ɑ e̞ˑ
taehanko	t ɑ e̞ˑ h ɑ ŋ k ŏ̞̥
taehanko	t ɑ e̞ˑ ɣ̥ ɑ ŋ ɡ̊ o̞
taekoorma	t ɑ e̞ˑ k oː r m
taekoorma	t ɑ e̞ˑ k o̝ː r m ɑ
taemytty	t ɑ e̞ˑ m y tʲː y̥̆
taemytty	t ɑ e̞ˑ m y tː y
taetoin	t ɑ e̞ˑ d̥ o̞ i̯ n
taetoin	t ɑ e̞ˑ t ŏ̞ i̯ n
taevesi	t ɑ e̞ˑ ʋ e̞ s̠ iˑ
taevesi	t ɑ e̞ˑ ʋ e̞ ʒ̥ iˑ
tagra	t ɑ ɡ r
tagra	t ɑ ɡ̊ r ɑ
tagroa	t ɑ ɡ r o̞
tagroa	t ɑ ɡ̊ r o̞ j ɑ
tahko	t ɑ x k o̞
tahko	t ɑ x k ŏ̞̥
tahkoallas	t ɑ x k o̞ ɑ ɫː ɑ ʒ̥
tahkoallas	t ɑ x k o̞ ɑ ɫː ə z̠
tahkoissa	t ɑ x k o̞ i̯ ʃː ɑ
tahkoissa	t ɑ x k ŏ̞ s̠ː
tahmia	t ɑ h m e̞
tahmia	t ɑ ɣ̥ m i ɑ
tahota	t ɑ h o̞ˑ t
tahota	t ɑ ɣ̥ o̞ˑ d̥ ɑ
tahra	t ɑ h r
tahra	t ɑ ɣ̥ r ɑ
tahto	t ɑ h t o̞
tahto	t ɑ h t ŏ̞̥
tahtoa	t ɑ h t o̞
tahtoa	t ɑ h t o̞ ɑ
taigaa	t ɑ i̯ k ɑː
taigaa	t ɑ i̯ ɡ ɑ
taika	t ɑ i̯ k
taika	t ɑ i̯ ɡ̊ ɑ
taikaa	t ɑ i̯ k ɑ
taikaa	t ɑ i̯ k ɑː
taikain	t ɑ i̯ k ɑ i̯ n
taikain	t ɑ i̯ k ə i̯ n
taikapuu	t ɑ i̯ k ə p uː
taikapuu	t ɑ i̯ ɡ̊ ɑ p uː
taikina	t ɑ i̯ k i n ɑ
taikina	t ɑ i̯ k ĭ n
taikinain	t ɑ i̯ k ĭ n ə i̯ n
taikinain	t ɑ i̯ ɡ̊ i n ɑ i̯ n
taikinamarja	t ɑ i̯ k i n ɑ m ɑ r j ɑ
taikinamarja	t ɑ i̯ k ə n ɑ m ɑ r i
taikinamarjapehko	t ɑ i̯ k ə n ɑ m ɑ r j ə p e̞ x k ŏ̞̥
taikinamarjapehko	t ɑ i̯ ɡ̊ i n ɑ m ɑ r j ɑ b̥ e̞ x k o̞
taikipytty	t ɑ i̯ k ĭ p y tʲː y̥̆
taikipytty	t ɑ i̯ ɡ̊ i b̥ y tː y
taimi	t ɑ i̯ m i
taimi	t ɑ i̯ mʲ
taimilava	t ɑ i̯ m i ɫ ɑ ʋ ɑˑ
taimilava	t ɑ i̯ m ĭ ɫ ɑ ʋ ɑˑ
taitaa	t ɑ i̯ t ɑ
taitaa	t ɑ i̯ t ɑː
taitella	t ɑ i̯ d̥ e̞ ɫː ɑ
taitella	t ɑ i̯ t e̞ ɫː
taittaa	t ɑ i̯ tː ɑ
taittaa	t ɑ i̯ tː ɑː
taittua	t ɑ i̯ tː o̞
taittua	t ɑ i̯ tː u ɑ
taivaanraja	t ɑ i̯ ʋ ɑ n r ɑ j ɑˑ
taivaanraja	t ɑ i̯ ʋ ɑ ɣ̥ ɑ n r ɑ j ɑˑ
taivas	t ɑ i̯ ʋ ɑ ʒ̥
taivas	t ɑ i̯ ʋ ə z̠
taivasvoohi	t ɑ i̯ ʋ ɑ ʒ ʋ o̝ː ɣ̥ i
taivasvoohi	t ɑ i̯ ʋ ə z̠ ʋ oː hʲ
takajalka	t ɑ k ɑˑ j ɑ ɫ k
takajalka	t ɑ ɡ̊ ɑˑ j ɑ ɫ ɡ̊ ɑ
takakelkka	t ɑ k ɑˑ k e̞ ɫ kː
takakelkka	t ɑ ɡ̊ ɑˑ ɡ̊ e̞ ɫ kː ɑ
takaks	t ɑ k ɑˑ k s̠
takaks	t ɑ kˑ ɑː k ʃ
takaks	t ɑ ɡ̊ ɑˑ k ʃ
takalasti	t ɑ k ɑˑ ɫ ɑ s̠ tʲ
takalasti	t ɑ ɡ̊ ɑˑ ɫ ɑ ʃ t i
takanna	t ɑ k ɑˑ nː
takanna	t ɑ kˑ ɑː n
takanna	t ɑ ɡ̊ ɑˑ n
takant	t ɑ k ɑˑ n d
takant	t ɑ kˑ ɑː n d̥
takant	t ɑ ɡ̊ ɑˑ n d̥
takaosa	t ɑ k ɑˑ o̞ s̠ ɑˑ
takaosa	t ɑ ɡ̊ ɑˑ o̞ ʒ̥ ɑˑ
takapaju	t ɑ k ɑˑ p ɑ j uˑ
takapaju	t ɑ ɡ̊ ɑˑ b̥ ɑ j uˑ
takaperin	t ɑ k ɑˑ p e̞ r iˑ n
takaperin	t ɑ ɡ̊ ɑˑ b̥ e̞ r iˑ n
takas	t ɑ k ɑˑ z̠
takas	t ɑ ɡ̊ ɑˑ ʒ̥
takatalvi	t ɑ k ɑˑ t ɑ ɫ ʋʲ
takatalvi	t ɑ ɡ̊ ɑˑ d̥ ɑ ɫ ʋ i
takkaa	t ɑ kː ɑ
takkaa	t ɑ kˑ ɑː
takkaan	t ɑ kː ɑ n
takkaan	t ɑ kˑ ɑː n
takkiain	t ɑ kː e̞ i̯ n
takkiain	t ɑ kˑ i ɑ i̯ n
takkoa	t ɑ kː o̞
takkoa	t ɑ kˑ o̞ ɑ
takku	t ɑ kː u
takku	t ɑ kː ŭ̥
takkuus	t ɑ kː u z̠
takkuus	t ɑ kˑ uː ʒ̥
takoja	t ɑ k o̞ i̯
takoja	t ɑ ɡ̊ o̞ˑ j ɑ
taksi	t ɑ k s̠ʲ
taksi	t ɑ k ʃ i
takujalka	t ɑ k uˑ j ɑ ɫ k
takujalka	t ɑ ɡ̊ uˑ j ɑ ɫ ɡ̊ ɑ
talerka	t ɑ ɫ e̞ˑ r k
talerka	t ɑ ɫ e̞ˑ r ɡ̊ ɑ
tali	t ɑ lʲ iˑ
talja	t ɑ lʲ j ɑ
talja	t ɑ lʲː
talkkuna	t ɑ ɫ kː u n ɑ
talkkuna	t ɑ ɫ kː ŭ n
talkokset	t ɑ ɫ k ŏ̞ k s̠ e̞ d
talkokset	t ɑ ɫ ɡ̊ o̞ k ʃ e̞ d̥
talkoot	t ɑ ɫ k o̞ d
talkoot	t ɑ ɫ k o̞ ɣ̥ o̞ d̥
talla	t ɑ ɫː
talla	t ɑ ɫː ɑ
tallata	t ɑ ɫː ɑ d̥ ɑ
tallata	t ɑ ɫː ə t
talli	t ɑ lʲː
talli	t ɑ lʲː i
talloa	t ɑ ɫː o̞
talloa	t ɑ ɫː o̞ j ɑ
talloja	t ɑ ɫː o̞ j ɑ
talloja	t ɑ ɫː ŏ̞ i̯
tallukka	t ɑ ɫː u kː ɑ
tallukka	t ɑ ɫː ŭ kː
tallukkain	t ɑ ɫː u kː ɑ i̯ n
tallukkain	t ɑ ɫː ŭ kː ə i̯ n
talo	t ɑ ɫ o̞ i̯
talo	t ɑ ɫ o̞ˑ
talohus	t ɑ ɫ o̞ˑ h ŭ z̠
talohus	t ɑ ɫ o̞ˑ iˑ ɣ̥ u ʒ̥
talolliin	t ɑ ɫ o̞ˑ iˑ lː iː n
talolliin	t ɑ ɫ o̞ˑ lʲ lʲ i n e̞ˑ
talonmerkki	t ɑ ɫ o̞ i̯ m m e̞ r kː i
talonmerkki	t ɑ ɫ o̞ˑ m m e̞ r kʲː
talonpoika	t ɑ ɫ o̞ˑ iˑ m p o̞ i̯ ɡ̊ ɑ
talonpoika	t ɑ ɫ o̞ˑ m p o̞ i̯ k
taluttaa	t ɑ ɫ uˑ tː ɑ
taluttaa	t ɑ ɫ uˑ tː ɑː
talvelliin	t ɑ ɫ ʋ e̞ lʲː iː n
talvelliin	t ɑ ɫ ʋ ə lʲ lʲ i n e̞ˑ
talvi	t ɑ ɫ ʋ i
talvi	t ɑ ɫ ʋʲ
talviaika	t ɑ ɫ ʋ i ɑ i̯ k
talviaika	t ɑ ɫ ʋ i ɑ i̯ ɡ̊ ɑ
talvihattu	t ɑ ɫ ʋ i ɣ̥ ɑ tː u
talvihattu	t ɑ ɫ ʋ ĭ h ɑ tː ŭ̥
talvikaatiat	t ɑ ɫ ʋ i k ɑː d̥ j ɑ d̥
talvikaatiat	t ɑ ɫ ʋ i k ɑː t i ɑ d̥
talvikaatiat	t ɑ ɫ ʋ ĭ k ɑː tʲ e̞ d
talvikuu	t ɑ ɫ ʋ i k uː
talvikuu	t ɑ ɫ ʋ ĭ k uː
talvikylmä	t ɑ l ʋ i ɡ̊ y lʲ m æ
talvikylmä	t ɑ lʲ ʋ ĭ k y lʲ m
talvimeri	t ɑ ɫ ʋ i m e̞ r iˑ
talvimeri	t ɑ ɫ ʋ ĭ m e̞ r iˑ
talvipakkain	t ɑ ɫ ʋ i b̥ ɑ kː ɑ i̯ n
talvipakkain	t ɑ ɫ ʋ ĭ p ɑ kː ə i̯ n
talvipaljtto	t ɑ ɫ ʋ i b̥ ɑ lʲ tː o̞
talvipaljtto	t ɑ ɫ ʋ ĭ p ɑ lʲ tː ŏ̞̥
talvipäivä	t ɑ ɫ ʋ i p æ i̯ ʋ æ
talvipäivä	t ɑ ɫ ʋ ĭ p æ i̯ ʋ
talvirooza	t ɑ ɫ ʋ i r o̝ː ʒ̥ ɑ
talvirooza	t ɑ ɫ ʋ ĭ r oː z̠
talviruis	t ɑ ɫ ʋ i r u iˑ ʒ̥
talviruis	t ɑ ɫ ʋ ĭ r u iˑ z̠
talvitee	t ɑ ɫ ʋ i t e̝ː
talvitee	t ɑ ɫ ʋ ĭ t eː
talviuni	t ɑ ɫ ʋ i u n iˑ
talvivilla	t ɑ ɫ ʋ i ʋ i ɫː ɑ
talvivilla	t ɑ ɫ ʋ ĭ ʋ i ɫː
tamma	t ɑ mː
tamma	t ɑ mː ɑ
tammahepoin	t ɑ mː ɑ ɣ̥ e̞ pˑ o̞ i̯ n
tammahepoin	t ɑ mː ə h e̞ p o̞ i̯ n
tammes	t ɑ mː e̞ z̠
tammes	t ɑ mː e̞ ʒ̥
tammi	t ɑ mʲː
tammi	t ɑ mː i
tammilauta	t ɑ mː i ɫ ɑ u̯ d̥ ɑ
tammilauta	t ɑ mː ĭ ɫ ɑ u̯ t
tammipuu	t ɑ mː i p uː
tammipuu	t ɑ mː ĭ p uː
tammipäähkänä	t ɑ mː i p æː x k æ n æ
tammipäähkänä	t ɑ mː ĭ p æː x k ə n
tammisarka	t ɑ mː i ʒ̥ ɑ r ɡ̊ ɑ
tammisarka	t ɑ mː ĭ s̠ ɑ r k
tammisikko	t ɑ mː i ʒ̥ i kː o̞ i̯
tammisikko	t ɑ mː ĭ s̠ i kː ŏ̞̥
tamožnikka	t ɑ m o̞ˑ ʒ n i kː ɑ
tamožnikka	t ɑ m o̞ˑ ʒ n ĭ kː
tamožnoi	t ɑ m o̞ˑ ʒ n ŏ̞̥
tamožnoi	t ɑ m o̞ˑ ʒ̥ n o̞ i̯
tankki	t ɑ ŋ kʲː
tankki	t ɑ ŋ kː i
tantarikko	t ɑ n d̥ ɑ r i kː o̞ i̯
tantarikko	t ɑ n t ə r i kː ŏ̞̥
tantsi	t ɑ n t͡s i
tantsi	t ɑ n t͡s̠ʲ
tantsia	t ɑ n t͡s i ɑ
tantsia	t ɑ n t͡s̠ e̞
tantsittaa	t ɑ n t͡s i tː ɑː
tantsittaa	t ɑ n t͡s̠ ə tː ɑ
tantsu	t ɑ n t͡s u
tantsu	t ɑ n t͡s̠ ŭ̥
tantsukoti	t ɑ n t͡s u ɡ̊ o̞ d̥ iˑ
tantsukoti	t ɑ n t͡s̠ ŭ k o̞ tʲ iˑ
tantsupaikka	t ɑ n t͡s u p ɑ i̯ kː ɑ
tantsupaikka	t ɑ n t͡s̠ ŭ p ɑ i̯ kː
tanvas	t ɑ n ɑˑ ʋ
tanvas	t ɑ n ʋ ɑ ʒ̥
tanvashaltias	t ɑ n ɑˑ ʋ ɑ h ɑ ɫ tʲ e̞ z̠
tanvashaltias	t ɑ n ʋ ɑ ʃ h ɑ ɫ t i ɑ ʒ̥
tanvasmato	t ɑ n ɑˑ ʋ ɑ m ɑ t o̞ˑ
tanvasmato	t ɑ n ʋ ɑ ʒ m ɑ d̥ o̞ˑ
tapa	t ɑ b̥ ɑˑ
tapa	t ɑ p ɑˑ
tapahos	t ɑ p ɑˑ ŏ̞ z̠
tapahos	t ɑ pˑ ɑː ɣ̥ o̞ ʒ̥
tapahtua	t ɑ b̥ ɑˑ h t u ɑˑ
tapahtua	t ɑ p ɑˑ h t u ɑˑ
tapahus	t ɑ p ɑˑ ŭ z̠
tapahus	t ɑ pˑ ɑː ɣ̥ u ʒ̥
tapain	t ɑ p ɑ i̯ n
tapain	t ɑ pˑ ɑ i̯ n
tapella	t ɑ b̥ e̞ˑ ɫː ɑ
tapella	t ɑ p e̞ˑ ɫː
tappaa	t ɑ pː ɑ
tappaa	t ɑ pː ɑː
tappaa	t ɑ pˑ ɑː
tappaja	t ɑ pː ɑ j ɑ
tappaja	t ɑ pː ə i̯
tappajaiset	t ɑ pː ɑ j ɑ i̯ ʃ t
tappajaiset	t ɑ pː ɑ j ɑ i̯ ʒ̥ e̞ d̥
tappajaiset	t ɑ pː ə j ɑ i̯ s̠ e̞ d
tappelo	t ɑ pː e̞ ɫ o̞
tappelo	t ɑ pː ə ɫ ŏ̞̥
tappimet	t ɑ pː i m e̞ d̥
tappimet	t ɑ pː ĭ m e̞ d
tappura	t ɑ pː u r ɑ
tappura	t ɑ pː ŭ r
tappurarihma	t ɑ pː u r ɑ r i ɣ̥ m ɑ
tappurarihma	t ɑ pː ə r ɑ r i h m
tarakkana	t ɑ r ɑˑ k k ɑ n ɑˑ
tarelka	t ɑ r e̞ˑ ɫ k
tarelka	t ɑ r e̞ˑ ɫ ɡ̊ ɑ
tareta	t ɑ r e̞ˑ d̥ ɑ
tareta	t ɑ r e̞ˑ t
tarha	t ɑ r ɑˑ
tarha	t ɑ r ɣ̥ ɑ
tarhaakarhu	t ɑ r h ɑː ɡ̊ ɑ r ɣ̥ u
tarhaakarhu	t ɑ rː ɑ k ɑ r uˑ
tarhas	t ɑ r ɑˑ z̠
tarhas	t ɑ r ɣ̥ ɑ ʒ̥
tarita	t ɑ r iˑ d̥ ɑ
tarita	t ɑ r iˑ t
taritsija	t ɑ r iˑ t͡s i j ɑˑ
taritsija	t ɑ r iˑ t͡s̠ i j ɑˑ
tarkastaa	t ɑ r k ə s̠ t ɑ
tarkastaa	t ɑ r ɡ̊ ɑ ʃ t ɑː
tarkata	t ɑ r k ə t
tarkata	t ɑ r ɡ̊ ɑ d̥ ɑ
tarkka	t ɑ r kː
tarkka	t ɑ r kː ɑ
tarkkaa	t ɑ r kː ɑ
tarkkaa	t ɑ r kː ɑː
tarkkahua	t ɑ r kː ɑ h u ɑˑ
tarkkahua	t ɑ r kː ə h u ɑˑ
tarkoitella	t ɑ r k ŏ̞ i̯ t e̞ ɫː
tarkoitella	t ɑ r ɡ̊ o̞ j d̥ e̞ ɫː ɑ
tarkoittaa	t ɑ r k ə i̯ tː ɑ
tarkoittaa	t ɑ r ɡ̊ o̞ i̯ tː ɑː
tarpeelliin	t ɑ r b̥ e̞ ɣ̥ e̞ lʲː iː n
tarpeelliin	t ɑ r p e̞ lʲ lʲ i n e̞ˑ
tarpevalliin	t ɑ r b̥ e̞ ʋ ɑ lː iː n
tarpevalliin	t ɑ r p ə ʋ ɑ lʲː ĭ n
tarttua	t ɑ r tː o̞
tarttua	t ɑ r tː u ɑ
tarttuva	t ɑ r tː u ʋ ɑ
tarttuva	t ɑ r tː ŭ ʋ
tarve	t ɑ r ʋ
tarve	t ɑ r ʋ e̞
tarvis	t ɑ r ʋ i ʒ̥
tarvis	t ɑ r ʋ ĭ z̠
tarvita	t ɑ r ʋ i d̥ ɑ
tarvita	t ɑ r ʋ ĭ t
tasa	t ɑ s̠ ɑˑ
tasa	t ɑ ʒ̥ ɑˑ
tasain	t ɑ s̠ ɑ i̯ n
tasain	t ɑ ʃˑ ɑ i̯ n
tasanko	t ɑ s̠ ɑˑ ŋ k ŏ̞̥
tasanko	t ɑ ʒ̥ ɑˑ ŋ ɡ̊ o̞ i̯
taukeemiin	t ɑ u̯ k e̝ː m iː n
taukeemiin	t ɑ u̯ k e̞ m i n e̞ˑ
taus	t ɑ u̯ z̠
taus	t ɑ u̯ ʒ̥
tauti	t ɑ u̯ d̥ i
tauti	t ɑ u̯ tʲ
tavalliin	t ɑ ʋ ɑˑ lʲ lʲ i n e̞ˑ
tavalliin	t ɑ ʋ ɑˑ lː iː n
tavallisest	t ɑ ʋ ɑˑ ɫ lʲ i s̠ e̞ˑ s̠ t
tavallisest	t ɑ ʋ ɑˑ ɫ lʲ i ʒ̥ e̞ˑ ʃ t
tavara	t ɑ ʋ ɑˑ r
tavara	t ɑ ʋˑ ɑː r ɑ
tavata	t ɑ ʋ ɑˑ d̥ ɑ
tavata	t ɑ ʋ ɑˑ t
tavoittaa	t ɑ ʋ o̞ i̯ tː ɑ
tavoittaa	t ɑ ʋ o̞ i̯ tː ɑː
tavveta	t ɑ ʋː e̞ d̥ ɑ
tavveta	t ɑ ʋː e̞ t
tedri	t e̞ d rʲ
tedri	t e̞ d̥ r i
tedrinmuna	t e̞ d r ĭ m m u n ɑˑ
tedrinmuna	t e̞ d̥ r i m m u n ɑˑ
tedro	t e̞ d r ŏ̞̥
tedro	t e̞ d̥ r o̞ i̯
tee	t eː
tee	t e̝ː
teelehti	t eː lʲ e̞ h tʲ
teelehti	t e̝ː l e̞ h t i
teenata	t eː n ə t
teenata	t e̝ː n ɑ d̥ ɑ
tehhä	t e̞ xː
tehhä	t e̞ xː æ
tehniceskoi	t e̞ h n ĭ t͡ʃ e̞ s̠ k ŏ̞̥
tehniceskoi	t e̞ ɣ̥ n i t͡ʃ e̞ ʃ k o̞ i̯
tehnikuma	t e̞ h n ĭ k u m ɑˑ
tehnikuma	t e̞ ɣ̥ n i ɡ̊ u m ɑˑ
tehtävä	t e̞ h t æ ʋ æ
tehtävä	t e̞ h t ə ʋ
tehä	t e̞ h æˑ
tehä	t e̞ ɣ̥ æˑ
teijen	t e̞ i̯ j e̞ n
teitä	t e̞ i̯ d̥ æ
teitä	t e̞ i̯ t
tekahua	t e̞ k ɑˑ h u ɑˑ
tekahua	t e̞ ɡ̊ ɑˑ h u ɑˑ
tekijä	t e̞ k i j
tekijä	t e̞ ɡ̊ iˑ j æ
teko	t e̞ k o̞ˑ
teko	t e̞ ɡ̊ o̞ˑ
tekosana	t e̞ k o̞ˑ s̠ ɑ n ɑˑ
tekosana	t e̞ ɡ̊ o̞ˑ ʒ̥ ɑ n ɑˑ
tekövä	t e̞ k ø̞ˑ ʋ
tekövä	t e̞ kˑ ø̝ː ʋ æ
tela	t e̞ ɫ ɑˑ
telefona	t e̞ l e̞ˑ f o̞ n ɑˑ
telefona	t e̞ lʲ e̞ˑ f o̞ n ɑˑ
telefonalanka	t e̞ l e̞ˑ f o̞ n ɑˑ ɫ ɑ ŋ ɡ̊ ɑ
telefonalanka	t e̞ lʲ e̞ˑ f o̞ n ɑˑ ɫ ɑ ŋ k
telefonapatsas	t e̞ l e̞ˑ f o̞ n ɑˑ b̥ ɑ t͡s ɑ ʒ̥
telefonapatsas	t e̞ lʲ e̞ˑ f o̞ n ɑˑ p ɑ t͡s̠ ə z̠
telegramma	t e̞ l e̞ˑ ɡ̊ r ɑ mː ɑ
telegramma	t e̞ lʲ e̞ˑ ɡ r ɑ mː
televizora	t e̞ l e̞ˑ ʋ i ʃˑ o̝ː r ɑ
televizora	t e̞ lʲ e̞ˑ ʋ i z̠ o̞ˑ r
teli	t e̞ lʲ iˑ
telki	t e̞ lʲ kʲ
telki	t e̞ lʲ ɡ̊ i
temmata	t e̞ mː ɑ d̥ ɑ
temmata	t e̞ mː ə t
tempoa	t e̞ m p o̞
tempoa	t e̞ m p o̞ j ɑ
tempova	t e̞ m p o̞ i̯ ʋ ɑ
tempova	t e̞ m p ŏ̞ ʋ
temppu	t e̞ m pː u
temppu	t e̞ m pː ŭ̥
tere	t e̞ r e̞ˑ
terettää	t e̞ r e̞ˑ tː æ
terettää	t e̞ r e̞ˑ tː æː
terppihyä	t e̞ r pː i h y æˑ
terppihyä	t e̞ r pː ĭ h y æˑ
terppimättömäst	t e̞ r pː i m æ tː ø̞ m æː ʃ t
terppimättömäst	t e̞ r pː ĭ m æ tː ø̞̆ m ə s̠ t
terppimätöin	t e̞ r pː i m æ d̥ ø̞ˑ iˑ n
terppimätöin	t e̞ r pː ĭ m æ t ø̞ i̯ n
terppiä	t e̞ r pː e̞
terppiä	t e̞ r pː i æ
terva	t e̞ r ʋ
terva	t e̞ r ʋ ɑ
tervabocka	t e̞ r ʋ ɑ b̥ o̞ t͡ʃ k ɑ
tervabocka	t e̞ r ʋ ə b o̞ t͡ʃ k
tervakukka	t e̞ r ʋ ɑ ɡ̊ u kː ɑ
tervakukka	t e̞ r ʋ ə k u kː
tervamees	t e̞ r ʋ ɑ m e̝ː ʒ̥
tervamees	t e̞ r ʋ ə m eː z̠
tervapääskö	t e̞ r ʋ ɑ p æː ʃ k ø̞ i̯
tervapääskö	t e̞ r ʋ ə p æː s̠ k ø̞̥̆
tervarinta	t e̞ r ʋ ɑ r i n d̥ ɑ
tervarinta	t e̞ r ʋ ə r i n t
tervata	t e̞ r ʋ ɑ d̥ ɑ
tervata	t e̞ r ʋ ə t
terve	t e̞ r ʋ
terve	t e̞ r ʋ e̞
tervehys	t e̞ r ʋ e̞ ɣ̥ y ʒ̥
tervehys	t e̞ r ʋ ə h y̆ z̠
terä	t e̞ r æˑ
teräksiin	t e̞ r æˑ k s̠ i n
teräksiin	t e̞ r æˑ k s̠ i n e̞ˑ
teräksiin	t e̞ r æˑ k ʃ iː n
teräkäs	t e̞ r æˑ k ə z̠
teräkäs	t e̞ r æˑ ɡ̊ æ ʒ̥
teräs	t e̞ r æˑ z̠
teräs	t e̞ r æˑ ʒ̥
terävä	t e̞ r æˑ ʋ
terävä	t e̞ rˑ æː ʋ æ
tetretti	t e̞ d r e̞ tʲː
tetretti	t e̞ d̥ r e̞ tː i
tigra	t i ɡ̊ r ɑ
tigra	tʲ i ɡ r
tihhiä	t i xː e̞
tihhiä	t i xˑ i æ
tihimpää	t i h iˑ m p æ
tihimpää	t i ɣ̥ iˑ m p æː
tihiäin	t i h iˑ j ə i̯ n
tihiäin	t i ɣ̥ iˑ æ i̯ n
tihti	t i h t i
tihti	tʲ i h tʲ
tihtii	t i h t iː
tihtii	tʲ i h tʲ i
tihtii	tʲ i h tʲ i s̠ː
tiijustaa	t iː j u ʃ t ɑː
tiijustaa	t iː j ə s̠ t ɑ
tiine	t iː n e̞
tiine	tʲ iː n
tiippa	t iː pː ɑ
tiippa	tʲ iː pː
tiippain	t iː pː ɑ i̯ n
tiippain	tʲ iː pː ə i̯ n
tiito	t e̝ː d̥ o̞
tiito	t iː d̥ o̞
tiito	t iː t ŏ̞̥
tiitoin	t iː t o̞ i̯ n
tiitoin	t iː t ŏ̞ i̯ n
tiitoisest	t iː t o̞ i̯ ʒ̥ e̝ː ʃ t
tiitoisest	t iː t ŏ̞ i̯ s̠ e̞ s̠ t
tiitomees	t iː d̥ o̞ m e̝ː ʒ̥
tiitomees	t iː t ŏ̞ m eː z̠
tiitäjä	t iː d̥ æ j æ
tiitäjä	t iː t ə i̯
tiitämätöin	t iː d̥ æ m æ d̥ ø̞ˑ iˑ n
tiitämätöin	t iː t ə m æ t ø̞ i̯ n
tiitää	t e̝ː t æː
tiitää	t iː t æ
tiitää	t iː t æː
tikanpesä	t i ɡ̊ ɑˑ m b̥ e̞ ʒ̥ æˑ
tikanpesä	tʲ i k ɑˑ m p e̞ s̠ æˑ
tikka	t i kː ɑ
tikka	tʲ i kː
tikkatakkiain	t i kː ɑ d̥ ɑ kˑ i ɑ i̯ n
tikkatakkiain	tʲ i kː ə t ɑ kː e̞ i̯ n
tikuttaa	t i ɡ̊ uˑ tː ɑː
tikuttaa	tʲ i k uˑ tː ɑ
tila	t i ɫ ɑˑ
tila	tʲ i ɫ ɑˑ
tilkahtaa	t i ɫ k ə h t ɑ
tilkahtaa	t i ɫ ɡ̊ ɑ h t ɑː
tilkka	t i ɫ kː ɑ
tilkka	tʲ i ɫ kː
tilkku	t i ɫ kː u
tilkku	tʲ i ɫ kː ŭ̥
tilkkua	t i ɫ kː u ɑ
tilkkua	tʲ i ɫ kː o̞
tilkutella	t i ɫ ɡ̊ u d̥ e̞ ɫː ɑ
tilkutella	tʲ i ɫ k ŭ t e̞ ɫː
tilkuttaa	t i ɫ ɡ̊ u tː ɑː
tilkuttaa	tʲ i ɫ k ə tː ɑ
tilppu	t i ɫ pː u
tilppu	tʲ i ɫ pː ŭ̥
tiltukas	t i ɫ d̥ u ɡ̊ ɑ ʒ̥
tiltukas	tʲ i ɫ t ŭ k ə z̠
tiltukkain	t i ɫ d̥ u k k ɑ ɣ̥ iˑ iˑ n
tiltukkain	t i ɫ d̥ u kː ɑ i̯ n
tiltukkain	tʲ i ɫ t ŭ kː ə i̯ n
tina	t i n ɑˑ
tina	tʲ i n ɑˑ
tinkiä	t i ŋ k i æ
tinkiä	tʲ i ŋ k e̞
tippa	t i pː ɑ
tippa	tʲ i pː
tipu	t i b̥ uˑ
tipu	tʲ i p uˑ
tiri	t i r iˑ
tirissä	t i r iˑ s̠ː
tirissä	t i r iˑ ʃː æ
tiskat	t i ʃ k ɑ d̥
tiskat	tʲ i s̠ k ə d
titi	t i d̥ iˑ
titi	tʲ i tʲ iˑ
titinvarpaiset	t i d̥ iˑ n ʋ ɑ r b̥ ɑ h ɑ i̯ ʃ t
titinvarpaiset	t i d̥ iˑ n ʋ ɑ r b̥ ɑ h ɑ i̯ ʒ̥ e̞ d̥
titinvarpaiset	tʲ i tʲ iˑ n ʋ ɑ r p ə i̯ s̠ e̞ d
tiukata	t i u̯ k ə t
tiukata	t i u̯ ɡ̊ ɑ d̥ ɑ
tiukkaa	t i u̯ kː ɑː
tiukkaa	tʲ i u̯ kː ɑ
tiukku	t i u̯ kː u
tiukku	tʲ i u̯ kː ŭ̥
tocka	t o̞ t͡ʃ k
tocka	t o̞ t͡ʃ k ɑ
tocnoi	t o̞ t͡ʃ n o̞ i̯
tocnoi	t o̞ t͡ʃ n ŏ̞̥
toe	t o̞ e̞ˑ
toest	t o̞ e̞ˑ s̠ t
toest	t o̞ e̞ˑ ʃ t
tohtia	t o̞ h t i ɑ
tohtia	t o̞ h tʲ e̞
toimittaa	t o̞ i̯ m i tː ɑː
toimittaa	t o̞ i̯ m ə tː ɑ
toimitussana	t o̞ i̯ m i d̥ u ʃ ʃ ɑ n ɑˑ
toimitussana	t o̞ i̯ m ĭ t u s̠ s̠ ɑ n ɑˑ
toin	t o̞ i̯ n
toisenlaajain	t o̞ i̯ s̠ ə n ɫ ɑː j ə i̯ n
toisenlaajain	t o̞ i̯ ʒ̥ e̞ n ɫ ɑː j ɑ i̯ n
toissarki	t o̞ i̯ s̠ s̠ ɑ r kʲ
toissarki	t o̞ i̯ ʃ ʃ ɑ r ɡ̊ i
toittaa	t o̞ i̯ tː ɑ
toittaa	t o̞ i̯ tː ɑː
toittiissa	t o̞ i̯ tʲː i s̠ː
toittiissa	t o̞ i̯ tː iː ʃː ɑ
toitto	t o̞ i̯ tː o̞
toitto	t o̞ i̯ tː ŏ̞̥
toittoaine	t o̞ i̯ tː o̞ ɑ i̯ n
toittoaine	t o̞ i̯ tː o̞ ɑ i̯ n e̞
toittu	t o̞ i̯ tː u
toittu	t o̞ i̯ tː ŭ̥
toivoa	t o̞ i̯ ʋ o̞
toivoa	t o̞ i̯ ʋ o̞ j ɑ
tokkua	t o̞ kː o̞
tokkua	t o̞ kː u ɑ
tokuttaa	t o̞ k uˑ tː ɑ
tokuttaa	t o̞ ɡ̊ uˑ tː ɑː
tolkku	t o̞ ɫ kː u
tolkku	t o̞ ɫ kː ŭ̥
tomakka	t o̞ m ɑˑ kː
tomakka	t o̞ m ɑˑ kː ɑ
tonna	t o̞ nː
tonna	t o̞ nː ɑ
tontikkain	t o̞ n d̥ i kː ɑ i̯ n
tontikkain	t o̞ n tʲ ĭ kː ə i̯ n
tontti	t o̞ n tʲː
tontti	t o̞ n tː i
too	t oː
too	t o̝ː
toohi	t oː hʲ
toohi	t o̝ː ɣ̥ i
toohiin	t oː h i n
toohiin	t oː h ĭ n
toohiin	t o̝ː h iː n
toohikatto	t oː h ĭ k ɑ tː ŏ̞̥
toohikatto	t o̝ː ɣ̥ i ɡ̊ ɑ tː o̞
toohikivi	t oː h ĭ k i ʋ iˑ
toohikivi	t o̝ː ɣ̥ i ɡ̊ i ʋ iˑ
toohikontti	t oː h ĭ k o̞ n tʲː
toohikontti	t o̝ː ɣ̥ i ɡ̊ o̞ n tː i
toohilapti	t oː h ĭ ɫ ɑ p tʲ
toohilapti	t o̝ː ɣ̥ i ɫ ɑ p t i
toohimerta	t oː h ĭ m e̞ r t
toohimerta	t o̝ː ɣ̥ i m e̞ r d̥ ɑ
toohitooppi	t oː h ĭ t oː pʲː
toohitooppi	t o̝ː ɣ̥ i t o̝ː pː i
toohitruba	t oː h ĭ t r u b ɑˑ
toohitruba	t o̝ː ɣ̥ i d̥ r u b̥ ɑˑ
toohitörkkä	t oː h ĭ t ø̞ r kː
toohitörkkä	t o̝ː ɣ̥ i d̥ ø̞ r kː æ
toohivakka	t oː h ĭ ʋ ɑ kː
toohivakka	t o̝ː ɣ̥ i ʋ ɑ kː ɑ
toohiversu	t oː h ĭ ʋ e̞ r s̠ ŭ̥
toohiversu	t o̝ː ɣ̥ i ʋ e̞ r ʒ̥ u
toohkoin	t oː x k ŏ̞ i̯ n
toohkoin	t o̝ː x k o̞ i̯ n
toohus	t oː h ŭ z̠
toohus	t o̝ː ɣ̥ u ʒ̥
tookki	t oː kʲː
tookki	t o̝ː kː i
toomain	t oː m ə i̯ n
toomain	t o̝ː m ɑ i̯ n
toomari	t oː m ə rʲ
toomari	t o̝ː m ɑ r i
toomi	t oː mʲ
toomi	t o̝ː m i
toomimarja	t oː m ĭ m ɑ r i
toomimarja	t o̝ː m i m ɑ r j ɑ
toomimarjapuu	t oː m ĭ m ɑ r j ə p uː
toomimarjapuu	t o̝ː m i m ɑ r j ɑ p uː
toomipuu	t oː m ĭ p uː
toomipuu	t o̝ː m i p uː
toomuin	t oː m ŭ i̯ n
toomuin	t o̝ː m u i̯ n
tooppi	t oː pʲː
tooppi	t o̝ː pː i
toore	t oː r
toore	t o̝ː r e̞
toorekas	t oː r ə k ə z̠
toorekas	t o̝ː r e̞ ɡ̊ ɑ ʒ̥
toovva	t oː ʋː
toovva	t o̝ː ʋː ɑ
topata	t o̞ b̥ ɑˑ d̥ ɑ
topata	t o̞ p ɑˑ t
topi	t o̞ b̥ iˑ
topi	t o̞ p iˑ
toppi	t o̞ pʲː
toppi	t o̞ pː i
toppoli	t o̞ pː o̞ l i
toppoli	t o̞ pː ŏ̞ lʲ
tora	t o̞ r ɑˑ
torahammas	t o̞ r ɑˑ h ɑ mː ə z̠
torahammas	t o̞ r ɑˑ ɣ̥ ɑ mː ɑ ʒ̥
torgu	t o̞ r ɡ ŭ̥
torgu	t o̞ r ɡ̊ u
torgumees	t o̞ r ɡ ŭ m eː z̠
torgumees	t o̞ r ɡ̊ u m e̝ː ʒ̥
tormi	t o̞ r m i
tormi	t o̞ r mʲ
tormiissa	t o̞ r m i s̠ː
tormiissa	t o̞ r m iː ʃː ɑ
torohammas	t o̞ r o̞ˑ h ɑ mː ə z̠
torohammas	t o̞ r o̞ˑ ɣ̥ ɑ mː ɑ ʒ̥
torrua	t o̞ rː o̞
torrua	t o̞ rˑ u ɑ
tosi	t o̞ s̠ iˑ
tosi	t o̞ ʒ̥ iˑ
tottua	t o̞ tː o̞
tottua	t o̞ tː u ɑ
toukata	t o̞ u̯ k ə t
toukata	t o̞ u̯ ɡ̊ ɑ d̥ ɑ
toukka	t o̞ u̯ kː
toukka	t o̞ u̯ kː ɑ
tovarišša	t o̞ ʋ ɑˑ r i ʃː ɑ
tovarišša	t o̞ ʋ ɑˑ r ĭ ʃː
tovvi	t o̞ ʋʲː
tovvi	t o̞ ʋː i
tože	t o̞ ʒ e̞ˑ
tože	t o̞ ʒ̥ e̞ˑ
tprr	ʙː
traktora	t r ɑ k t o̞ r ɑ
traktora	t r ɑ k t ŏ̞ r
traktorista	t r ɑ k t o̞ r i ʃ t ɑ
traktorista	t r ɑ k t ŏ̞ r i s̠ t
trallata	t r ɑ ɫː ɑ d̥ ɑ
trallata	t r ɑ ɫː ə t
translativa	t r ɑ n z̠ ɫ ə tʲ i ʋ ɑˑ
translativa	t r ɑ n ʒ̥ ɫ ɑ d̥ i ʋ ɑˑ
trappu	t r ɑ pː u
trappu	t r ɑ pː ŭ̥
trava	t r ɑ ʋ ɑˑ
travata	t r ɑ ʋ ɑˑ d̥ ɑ
travata	t r ɑ ʋ ɑˑ t
trenki	t r e̞ ŋ kʲ
trenki	t r e̞ ŋ ɡ̊ i
trenkipoika	t r e̞ ŋ k ĭ p o̞ i̯ k
trenkipoika	t r e̞ ŋ ɡ̊ i p o̞ i̯ ɡ̊ ɑ
treska	t r e̞ s̠ k
treska	t r e̞ ʃ k ɑ
trilissä	t r i l iˑ ʃː æ
trilissä	t r i lʲ iˑ s̠ː
troopikka	t r oː p ĭ kː
troopikka	t r o̝ː b̥ i kː ɑ
tropiceskoi	t r o̞ b̥ iˑ t͡ʃ e̞ ʃ k o̞ i̯
tropiceskoi	t r o̞ p iˑ t͡ʃ e̞ s̠ k ŏ̞̥
troppa	t r o̞ pː
troppa	t r o̞ pː ɑ
truba	t r u b ɑˑ
truba	t r u b̥ ɑˑ
trubka	t r u b k
trubka	t r u p k ɑ
tsementti	t͡s e̞ m e̞ˑ n tː i
tsementti	t͡s̠ e̞ m e̞ˑ n tʲː
tsentnera	t͡s e̞ n d̥ n e̞ r ɑ
tsentnera	t͡s̠ e̞ n t n e̞ r
tsentraljnoi	t͡s e̞ n t r ɑ lʲ n o̞ i̯
tsentraljnoi	t͡s̠ e̞ n t r ə lʲ n ŏ̞̥
tseppi	t͡s e̞ pː i
tseppi	t͡s̠ e̞ pʲː
tsifra	t͡s i f r ɑ
tsifra	t͡s̠ i f r
tsirkka	t͡s i r kː ɑ
tsirkka	t͡s̠ i r kː
tsirkkuli	t͡s i r kː u l i
tsirkkuli	t͡s̠ i r kː ŭ lʲ
tuhat	t u h ɑˑ d
tuhat	t u h ɑˑ d̥
tuhat	t u ɣ̥ ɑˑ d̥
tuhatta	t u h ɑˑ tː
tuhatta	t u ɣ̥ ɑˑ tː ɑ
tuhka	t u x k
tuhka	t u x k ɑ
tuhkahumala	t u x k ɑ ɣ̥ u mˑ ɑː ɫ ɑ
tuhkahumala	t u x k ə h u m ɑˑ ɫ
tuhkain	t u x k ɑ i̯ n
tuhkain	t u x k ə i̯ n
tuhkapussi	t u x k ɑ b̥ u ʃː i
tuhkapussi	t u x k ə p u s̠ʲː
tuhkapää	t u x k ɑ p æː
tuhkapää	t u x k ə p æː
tuhkuri	t u x k u r i
tuhkuri	t u x k ŭ rʲ
tuhma	t u h m
tuhma	t u h m ɑ
tuhma	t u ɣ̥ m ɑ
tuhmus	t u h m ŭ z̠
tuhmus	t u ɣ̥ m u ʒ̥
tuima	t u i̯ m
tuima	t u i̯ m ɑ
tuisata	t u i̯ s̠ ə t
tuisata	t u i̯ ʒ̥ ɑ d̥ ɑ
tuisku	t u i̯ s̠ k ŭ̥
tuisku	t u i̯ ʃ k u
tuki	t u k iˑ
tuki	t u ɡ̊ iˑ
tukka	t u kː
tukka	t u kː ɑ
tukkia	t u kː e̞
tukkia	t u kː i ɑ
tukkia	t u kˑ i ɑ
tulekas	t u ɫ e̞ˑ k ə z̠
tulekas	t u ɫ e̞ˑ ɡ̊ ɑ ʒ̥
tulekki	t u ɫ e̞ˑ kʲː
tulekki	t u ɫ e̞ˑ kː i
tuleva	t u ɫ e̞ˑ ʋ
tuleva	t u ɫˑ e̝ː ʋ ɑ
tuli	t u l iˑ
tuli	t u lʲ iˑ
tulikerä	t u l iˑ ɡ̊ e̞ r æˑ
tulikerä	t u lʲ iˑ k e̞ r æˑ
tulilintu	t u l iˑ lʲ i n d̥ u
tulilintu	t u lʲ iˑ lʲ i n t ŭ̥
tulimato	t u l iˑ m ɑ d̥ o̞ˑ
tulimato	t u lʲ iˑ m ɑ t o̞ˑ
tulimuna	t u l iˑ m u n ɑˑ
tulimuna	t u lʲ iˑ m u n ɑˑ
tulipalo	t u l iˑ b̥ ɑ ɫ o̞ˑ
tulipalo	t u lʲ iˑ p ɑ ɫ o̞ˑ
tulla	t u ɫː
tulla	t u ɫː ɑ
tulla	t u ɫː ɑ ɡ̊
tulo	t u ɫ o̞ˑ
tulokas	t u ɫ o̞ˑ k ə z̠
tulokas	t u ɫ o̞ˑ ɡ̊ ɑ ʒ̥
tulppa	t u ɫ pː
tulppa	t u ɫ pː ɑ
tulus	t u ɫ uˑ z̠
tulus	t u ɫ uˑ ʒ̥
tumakka	t u m ɑˑ kː
tumakka	t u m ɑˑ kː ɑ
tumma	t u mː
tumma	t u mː ɑ
tummaveriin	t u mː ɑ ʋ e̞ rˑ iː n
tummaveriin	t u mː ə ʋ e̞ r iˑ n
tundra	t u n d r
tundra	t u n d̥ r ɑ
tungusa	t u ŋ ɡ ŭ s̠
tungusa	t u ŋ ɡ̊ u ʒ̥ ɑ
tunni	t u nʲː
tunni	t u nː i
tunniin	t u nː i n
tunniin	t u nː iː n
tunniks	t u nː i k ʃ
tunniks	t u nː ĭ k s̠
tunniloittee	t u nː i ɫ o̞ i̯ tː e̝ː
tunniloittee	t u nː ĭ ɫ o̞ i̯ tː e̞
tunnus	t u nː u ʒ̥
tunnus	t u nː ŭ z̠
tunnusmerkki	t u nː u ʒ m e̞ r kː i
tunnusmerkki	t u nː ŭ z̠ m e̞ r kʲː
tunnustaa	t u nː u ʃ t ɑː
tunnustaa	t u nː ə s̠ t ɑ
tuntaa	t u n t ɑ
tuntaa	t u n t ɑː
tuntia	t u n t i ɑ
tuntia	t u n tʲ e̞
tuntomerkki	t u n d̥ o̞ m e̞ r kː i
tuntomerkki	t u n t ŏ̞ m e̞ r kʲː
tuntu	t u n d̥ u
tuntu	t u n t ŭ̥
tupa	t u b̥ ɑˑ
tupa	t u p ɑˑ
tupakka	t u b̥ ɑˑ kː ɑ
tupakka	t u p ɑˑ kː
tupakkapacka	t u b̥ ɑˑ kː ɑ b̥ ɑ t͡ʃ k ɑ
tupakkapacka	t u p ɑˑ kː ɑ p ɑ t͡ʃ k
tupakärpäin	t u b̥ ɑˑ ɡ̊ æ r p æ i̯ n
tupakärpäin	t u p ɑˑ k æ r p ə i̯ n
tupata	t u b̥ ɑˑ d̥ ɑ
tupata	t u b̥ ɑˑ d̥ ɑ ɡ̊
tupata	t u p ɑˑ t
tuppi	t u pʲː
tuppi	t u pː i
tuppia	t u p i j
tuppia	t u pː e̞
tuppia	t u pː i ɑ
tuppia	t u pˑ i ɑ
tuppu	t u pː u
tuppu	t u pː ŭ̥
turha	t u r ɑˑ
turha	t u r ɣ̥ ɑ
turhaa	t u r h ɑ
turhaa	t u r h ɑː
turnus	t u r n u ʒ̥
turnus	t u r n ŭ z̠
turpia	t u r p e̞
turpia	t u r p i ɑ
turra	t u rː
turra	t u rː ɑ
turu	t u r uˑ
turva	t u r ʋ
turva	t u r ʋ ɑ
turvas	t u r ʋ ɑ ʒ̥
turvas	t u r ʋ ə z̠
turve	t u r ʋ
turve	t u r ʋ e̞
turvekeko	t u r ʋ e̞ ɡ̊ e̞ ɡ̊ o̞ˑ
turvekeko	t u r ʋ ə k e̞ k o̞ˑ
tusakas	t u s̠ ɑˑ k ə z̠
tusakas	t u ʒ̥ ɑˑ ɡ̊ ɑ ʒ̥
tusat	t u s̠ ɑˑ d
tusat	t u ʒ̥ ɑˑ d̥
tusata	t u s̠ ɑˑ t
tusata	t u ʒ̥ ɑˑ d̥ ɑ
tuska	t u s̠ k
tuska	t u ʃ k ɑ
tutkia	t u t k e̞
tutkia	t u t k i ɑ
tutkimus	t u t k i m u ʒ̥
tutkimus	t u t k ĭ m ŭ z̠
tuto	t u d̥ o̞ i̯
tuto	t u t o̞ˑ
tuttahus	t u tː ɑ ɣ̥ u ʒ̥
tuttahus	t u tː ə h ŭ z̠
tuttava	t u tː ɑ ʋ ɑ
tuttava	t u tː ə ʋ
tuttuhua	t u tː u h u ɑˑ
tuttuhua	t u tː ŭ h u ɑˑ
tutu	t u d̥ uˑ
tutu	t u t uˑ
tutustua	t u d̥ uˑ ʃ t u ɑˑ
tutustua	t u t uˑ s̠ t u ɑˑ
tuuca	t uː t͡s ɑ
tuuca	t uː t͡s̠
tuuca	t uː t͡ʃ
tuuca	t uː t͡ʃ ɑ
tuulekas	t uː ɫ e̞ ɡ̊ ɑ ʒ̥
tuulekas	t uː ɫ ə k ə z̠
tuulenhenki	t uː ɫ e̞ n ɣ̥ e̞ ŋ ɡ̊ i
tuulenhenki	t uː ɫ ə n h e̞ ŋ kʲ
tuulenneegla	t uː ɫ e̞ n n e̝ː ɡ̊ ɫ ɑ
tuulenneegla	t uː ɫ ə n n eː ɡ ɫ
tuulenpesä	t uː ɫ e̞ m b̥ e̞ ʒ̥ æˑ
tuulenpesä	t uː ɫ ə m p e̞ s̠ æˑ
tuuli	t uː l i
tuuli	t uː lʲ
tuulimylly	t uː l i m y lː y
tuulimylly	t uː lʲ ĭ m y lʲː y̥̆
tuulisää	t uː l i ʃ æː
tuulisää	t uː lʲ ĭ s̠ æː
tuulla	t uː ɫː
tuulla	t uː ɫː ɑ
tuulo	t uː ɫ o̞ i̯
tuulo	t uː ɫ ŏ̞̥
tuuloin	t uː ɫ o̞ i̯ n
tuuloin	t uː ɫ ŏ̞ i̯ n
tuura	t uː r
tuura	t uː r ɑ
tuuvi	t uː ʋ i
tuuvi	t uː ʋʲ
tyhjä	t y ɣ̥ j æ
tyhjä	tʲ y h i
tykki	t y kː i
tykki	tʲ y kʲː
tykky	t y kː y
tykky	t y kː y̥̆
tylppä	t y lʲ pː æ
tylppä	tʲ y lʲ pː
tyltsä	t y lʲ t͡s æ
tyltsä	t y lʲ t͡s̠
tynki	t y ŋ ɡ̊ i
tynki	tʲ y ŋ kʲ
tynkä	t y ŋ ɡ̊ æ
tynkä	tʲ y ŋ k
tyrmä	t y r m æ
tyrmä	tʲ y r m
tyrä	t y r æˑ
tyttärikkö	t y tː æ r i kː ø̞ i̯
tyttärikkö	t y tː ə r i kː ø̞̥̆
tyttö	t y tː ø̞ i̯
tyttö	tʲ y tː ø̞̥̆
tyttöi	t y tː ø̞ i̯
tyttöi	tʲ y tː ø̞̆ i̯ s̠ː
tyttölaps	t y tː ø̞ i̯ ɫ ɑ p ʃ
tyttölaps	tʲ y tː ø̞̆ ɫ ɑ p s̠
tyttöpää	t y tː ø̞ j p æː
tyttöpää	tʲ y tː ø̞̆ p æː
tyttörukka	t y tː ø̞ j r u kː ɑ
tyttörukka	tʲ y tː ø̞̆ r u kː
tytär	t y æˑ r
tytär	tʲ y t æˑ r
tytärlentämä	t y æˑ r l e̞ n t æ m æ
tytärlentämä	tʲ y t æˑ r lʲ e̞ n t ə m
tytökkäin	t y d̥ ø̞ˑ kː æ i̯ n
tytökkäin	tʲ y t ø̞ˑ kː ə i̯ n
tyvi	t y ʋ iˑ
tyvi	tʲ y ʋ iˑ
tyyni	t yː n i
tyyni	tʲ yː nʲ
tähekäs	t æ h e̞ˑ k ə z̠
tähekäs	t æ ɣ̥ e̞ˑ ɡ̊ æ ʒ̥
tähen	t æ h e̞ˑ n
tähen	t æ ɣ̥ e̞ˑ n
tähentää	t æ h e̞ˑ n t æ
tähentää	t æ ɣ̥ e̞ˑ n t æː
tähti	t æ h t i
tähti	t æ h tʲ
täi	t æ i̯
täintappaja	t æ i̯ n d̥ ɑ pː ɑ j ɑ
täintappaja	t æ i̯ n t ɑ pː ə i̯
täitarha	t æ i̯ d̥ ɑ r ɣ̥ ɑ
täitarha	t æ i̯ t ɑ r ɑˑ
täittyä	t æ i̯ tʲː ø̞
täittyä	t æ i̯ tː y æ
täkki	t æ kʲː
täkki	t æ kː i
täkäläin	t æ k æˑ lʲ ə i̯ n
täkäläin	t æ ɡ̊ æˑ l æ i̯ n
tämä	t æ m æˑ
tämän	t æ m æˑ n
tämänpäiväin	t æ m æˑ m p æ i̯ ʋ æ i̯ n
tämänpäiväin	t æ m æˑ m p æ i̯ ʋ ə i̯ n
tänne	t æ nː
tänne	t æ nː e̞
tänäpäiväin	t æ n æˑ p æ i̯ ʋ æ i̯ n
tänäpäiväin	t æ n æˑ p æ i̯ ʋ ə i̯ n
tänäpää	t æ n æˑ p æ
tänäpää	t æ n æˑ p æː
tänäpään	t æ n æˑ p æ n
tänäpään	t æ n æˑ p æː n
tärkähtäissä	t æ r k ə h t ə s̠ː
tärkähtäissä	t æ r ɡ̊ æ h t æ i̯ ʃː æ
tärkähtää	t æ r k ə h t æ
tärkähtää	t æ r ɡ̊ æ h t æː
täs	t æ s̠ː
täs	t æ ʒ̥
täti	t æ d̥ iˑ
täti	t æ tʲ iˑ
täys	t æ y̯ z̠
täys	t æ y̯ ʒ̥
täysiälliin	t æ y̯ z̠ i æˑ lʲ lʲ i n e̞ˑ
täysiälliin	t æ y̯ ʒ i æˑ lʲː iː n
täytetty	t æ y̯ d̥ e̞ tː y
täytetty	t æ y̯ t ə tʲː y̥̆
täyttyä	t æ y̯ tʲː ø̞
täyttyä	t æ y̯ tː y æ
täyttää	t æ y̯ tː æ
täyttää	t æ y̯ tː æː
täytyä	t æ y̯ t y æ
täytyä	t æ y̯ tʲ ø̞
tää	t æː
tääl	t æː l
tääl	t æː lʲː
täält	t æː lʲ d̥
täält	t æː lʲ t
tään	t æː n
tökötti	t ø̞ k ø̞ˑ tʲː
tökötti	t ø̞ ɡ̊ ø̞ˑ tː i
töri	t ø̞ r iˑ
törissä	t ø̞ r iˑ s̠ː
törissä	t ø̞ r iˑ ʃː æ
törkkiä	t ø̞ r kː e̞
törkkiä	t ø̞ r kː i æ
törkkiä	t ø̞ r kː ĭ j
törkkä	t ø̞ r kː
törkkä	t ø̞ r kː æ
törkätä	t ø̞ r k ə t
törkätä	t ø̞ r ɡ̊ æ d̥ æ
törö	t ø̞ r ø̞ i̯
törö	t ø̞ r ø̞ˑ
töö	t øː
töö	t ø̝ː
tööasu	t øː ɑ s̠ uˑ
tööasu	t ø̝ː ɑ ʒ̥ uˑ
tööhepoin	t øː h e̞ p o̞ i̯ n
tööhepoin	t ø̝ː ɣ̥ e̞ pˑ o̞ i̯ n
töökäs	t øː k ə z̠
töökäs	t ø̝ː ɡ̊ æ ʒ̥
tööläin	t øː lʲ ə i̯ n
tööläin	t ø̝ː l æ i̯ n
töömees	t øː m eː z̠
töömees	t ø̝ː m e̝ː ʒ̥
töönikka	t øː n ĭ kː
töönikka	t ø̝ː n i kː ɑ
tööntää	t øː n t æ
tööntää	t ø̝ː n t æː
tööpalkka	t øː p ɑ ɫ kː
tööpalkka	t ø̝ː b̥ ɑ ɫ kː ɑ
tööreki	t øː r e̞ k iˑ
tööreki	t ø̝ː r e̞ ɡ̊ iˑ
tööriista	t øː r iː s̠ t
tööriista	t ø̝ː r iː ʃ t ɑ
tööst	t øː s̠ t
tööst	t ø̝ː ʃ t
töötöin	t øː t ø̞̆ i̯ n
töötöin	t ø̝ː d̥ ø̞ i̯ n
tööväki	t øː ʋ æ k iˑ
tööväki	t ø̝ː ʋ æ ɡ̊ iˑ
uar	u ɑˑ r
udarnikka	u d ɑˑ r n ĭ kː
udarnikka	u d̥ ɑˑ r n i kː ɑ
udarnitsa	u d ɑˑ r n ĭ t͡s̠
udarnitsa	u d̥ ɑˑ r n i t͡s ɑ
udava	u d ɑˑ ʋ
udava	u tˑ ɑː ʋ ɑ
ugleroda	u ɡ ɫ ə r o̞ d ɑˑ
ugleroda	u ɡ̊ ɫ e̞ r o̞ d̥ ɑˑ
uguritsa	u ɡ uˑ r ĭ t͡s̠
uguritsa	u ɡ̊ uˑ r i t͡s ɑ
uhata	u h ɑˑ t
uhata	u ɣ̥ ɑˑ d̥ ɑ
uheri	u h e̞ˑ rʲ
uheri	u xˑ e̝ː r i
uhersin	u h e̞ˑ r s̠ ĭ n
uhersin	u ɣ̥ e̞ˑ r ʒ̥ i n
uhka	u x k
uhka	u x k ɑ
uhkia	u x k e̞
uhkia	u x k i ɑ
uhkia	u x k ĭ j
uhkiast	u x k e̞ s̠ t
uhkiast	u x k i ɑː ʃ t
uhkua	u x k o̞
uhkua	u x k u ɑ
uhlu	u h ɫ ŭ̥
uhlu	u ɣ̥ ɫ u
uhluin	u h ɫ ŭ i̯ n
uhluin	u ɣ̥ ɫ u i̯ n
uhluu	u h ɫ u
uhluu	u ɣ̥ ɫ uː
uijua	u jː o̞
uijua	u jˑ u ɑ
ujo	u j o̞ˑ
ujokkain	u j o̞ˑ kː ɑ i̯ n
ujokkain	u j o̞ˑ kː ə i̯ n
ujukki	u j uˑ kʲː
ujukki	u j uˑ kː i
ujukkipaikka	u j uˑ kː i p ɑ i̯ kː
ujukkipaikka	u j uˑ kː i p ɑ i̯ kː ɑ
ujumalasti	u j uˑ m ɑ ɫ ɑ s̠ tʲ
ujumalasti	u jˑ uː m ɑ ɫ ɑ ʃ t i
ujumapereponka	u j uˑ m ɑ p e̞ r e̞ˑ p ŏ̞ ŋ k
ujumapereponka	u jˑ uː m ɑ b̥ e̞ r e̞ˑ b̥ o̞ ŋ ɡ̊ ɑ
ujuttaa	u j uˑ tː ɑ
ujuttaa	u j uˑ tː ɑː
ukko	u kː o̞
ukko	u kː ŏ̞̥
ukkoraiska	u kː o̞ r ɑ i̯ ʃ k ɑ
ukkoraiska	u kː ŏ̞ r ɑ i̯ s̠ k
ukleikka	u ɡ ɫ ə ĭ kː
ukleikka	u ɡ̊ ɫ e̞ i̯ kː ɑ
ukonjyry	u k o̞ˑ n j y r yˑ
ukonjyry	u ɡ̊ o̞ˑ n j y r yˑ
ukonlookka	u k o̞ˑ n ɫ oː kː
ukonlookka	u ɡ̊ o̞ˑ n ɫ o̝ː kː ɑ
ukonlooti	u k o̞ˑ n ɫ oː tʲ
ukonlooti	u ɡ̊ o̞ˑ n ɫ o̝ː d̥ i
ukontelki	u k o̞ˑ n t e̞ lʲ kʲ
ukontelki	u ɡ̊ o̞ˑ n d̥ e̞ lʲ ɡ̊ i
ukontuuca	u k o̞ˑ n t uː t͡ʃ
ukontuuca	u ɡ̊ o̞ˑ n t uː t͡ʃ ɑ
ukraina	u ɡ r ə i̯ n
ukraina	u ɡ̊ r ɑ i̯ n ɑ
ukrooppi	u ɡ r o̞ pʲː
ukrooppi	u ɡ̊ r o̝ː pː i
uks	u k s̠
uks	u k ʃ
uksi	u k s̠ʲ
uksi	u k ʃ i
uksus	u k s̠ ŭ z̠
uksus	u k ʃ u ʒ̥
ulissa	u l iˑ ʃː ɑ
ulissa	u lʲ iˑ s̠ː
ulkopooli	u ɫ k ŏ̞ p oː lʲ
ulkopooli	u ɫ ɡ̊ o̞ p o̝ː l i
ulkopooliin	u ɫ k ŏ̞ p oː lʲ i n
ulkopooliin	u ɫ k ŏ̞ p oː lʲ ĭ n
ulkopooliin	u ɫ ɡ̊ o̞ p o̝ː l iː n
ulvoa	u ɫ ʋ o̞
ulvoa	u ɫ ʋ o̞ ɑ
ulvottaa	u ɫ ʋ o̞ tː ɑː
ulvottaa	u ɫ ʋ ə tː ɑ
umpi	u m b̥ i
umpi	u m pʲ
umpikatto	u m b̥ i ɡ̊ ɑ tː o̞
umpikatto	u m p ĭ k ɑ tː ŏ̞̥
umpikulju	u m b̥ i ɡ̊ u lʲ j u
umpikulju	u m p ĭ k u lʲː ŭ̥
umpimaho	u m b̥ i m ɑ ɣ̥ o̞ˑ
umpimaho	u m p ĭ m ɑ h o̞ˑ
umpinain	u m b̥ i n ɑ i̯ n
umpinain	u m p ĭ n ə i̯ n
umpisolmi	u m b̥ i ʒ̥ o̞ ɫ m i
umpisolmi	u m p ĭ s̠ o̞ ɫ mʲ
unekas	u n e̞ˑ k ə z̠
unekas	u n e̞ˑ ɡ̊ ɑ ʒ̥
uneksia	u n e̞ˑ k s̠ i ɑˑ
uneksia	u n e̞ˑ k ʃ i ɑˑ
unenarvaaja	u n e̞ˑ n ɑ r ʋ ɑ i̯
unenarvaaja	u n e̞ˑ n ɑ r ʋ ɑː j ɑ
unenhätä	u n e̞ˑ n h æ t æˑ
unenhätä	u n e̞ˑ n ɣ̥ æ d̥ æˑ
unetoin	u n e̞ˑ d̥ o̞ i̯ n
unetoin	u n e̞ˑ t ŏ̞ i̯ n
uni	u n iˑ
uniin	u n iˑ n
uniin	u nˑ iː n
unilintu	u n iˑ lʲ i n d̥ u
unilintu	u n iˑ lʲ i n t ŭ̥
universitetta	u n iˑ ʋ e̞ r s̠ ĭ t e̞ tː
universitetta	u n iˑ ʋ e̞ r ʒ̥ i d̥ e̞ tː ɑ
unklaariis	u ŋ ɡ ɫ ɑ r ĭ s̠ː
unklaariis	u ŋ ɡ̊ ɫ ɑː r iː ʒ̥
unohtaa	u n o̞ˑ h t ɑ
unohtaa	u n o̞ˑ h t ɑː
unohtua	u n o̞ˑ h t u ɑˑ
upota	u b̥ o̞ˑ d̥ ɑ
upota	u p o̞ˑ t
upotos	u pː o̞ t ŏ̞ z̠
upotos	u pˑ o̝ː d̥ o̞ ʒ̥
upottaa	u b̥ o̞ˑ tː ɑː
upottaa	u p o̞ˑ tː ɑ
upražnenja	u b r ə ʒ n e̞ ɲː
upražnenja	u b̥ r ɑ ʒ n e̞ n j ɑ
urine	u r iˑ n
urine	u rˑ iː n e̞
urissa	u r iˑ s̠ː
urissa	u r iˑ ʃː ɑ
urokka	u r o̞ˑ kː
urokka	u r o̞ˑ kː ɑ
urpa	u r b̥ ɑ
urpa	u r p
urpaviina	u r b̥ ɑ ʋ iː n ɑ
urpaviina	u r p ə ʋ iː n
urraa	u rː ɑ
urraa	u rː ɑː
usaltaa	u s̠ ɑˑ ɫ t ɑ
usaltaa	u ʒ̥ ɑˑ ɫ t ɑː
usat	u s̠ ɑˑ d
usat	u ʒ̥ ɑˑ d̥
usko	u s̠ k ŏ̞̥
usko	u ʃ k o̞
uskoa	u s̠ k o̞
uskoa	u ʃ k o̞ ɑ
uskomatoin	u s̠ k ŏ̞ m ɑ t o̞ i̯ n
uskomatoin	u ʃ k o̞ m ɑ d̥ o̞ˑ iˑ n
uslovia	u z̠ ɫ ŏ̞ ʋ i ɑˑ
uslovia	u ʒ̥ ɫ o̞ ʋ i ɑˑ
ussia	u s̠ i j
ussia	u s̠ː e̞
ussia	u ʃˑ i ɑ
utjuga	u tʲ uˑ ɡ
utjuga	u tʲˑ uː ɡ̊ ɑ
uto	u d̥ o̞ˑ iˑ
uto	u t o̞ˑ
utu	u d̥ uˑ
utu	u t uˑ
uukahtaa	uː k ə h t ɑ
uukahtaa	uː ɡ̊ ɑ h t ɑː
uulatti	uː ɫ ɑ tː i
uulatti	uː ɫ ə tʲː
uulitsa	uː lʲ i t͡s ɑ
uulitsa	uː lʲ ĭ t͡s̠
uulitsaal	uː l i t͡s ɑː ɫ
uulitsaal	uː lʲ ĭ t͡s̠ ə ɫː
uulitsalle	uː l i t͡s ɑ ɫː e̞
uulitsalle	uː lʲ ĭ t͡s̠ ə ɫː
uulitsalt	uː l i t͡s ɑː ɫ d̥
uulitsalt	uː lʲ ĭ t͡s̠ ə ɫ t
uulitsasaraja	uː l i t͡s ɑ ʒ̥ ɑ rˑ ɑː j ɑ
uulitsasaraja	uː lʲ ə t͡s̠ ɑ s̠ ɑ r ɑ i̯
uupakas	uː b̥ ɑ ɡ̊ ɑ ʒ̥
uupakas	uː p ə k ə z̠
uupua	uː p o̞
uupua	uː p u ɑ
uurran	uː rː ɑ n
uurran	uː rː ə n
uurre	uː rː
uurre	uː rː e̞
uus	u uˑ s̠ː
uus	u uˑ ʒ̥
uus	uː z̠
uus	uː ʒ̥
uutiin	uː t iː n
uutiin	uː tʲ ĭ n
uutimo	uː d̥ i m o̞
uutimo	uː tʲ ə m ŏ̞̥
uutta	uː tː
uutta	uː tː ɑ
uuttu	uː tː u
uuttu	uː tː ŭ̥
uuttuin	uː tː u i̯ n
uuttuin	uː tː ŭ i̯ n
uuttuleipä	uː tː u l e̞ i̯ b̥ æ
uuttuleipä	uː tː ŭ lʲ e̞ i̯ p
uutturahi	uː tː u r ɑ ɣ̥ iˑ
uutturahi	uː tː ŭ r ɑ h iˑ
uutukas	uː d̥ u ɡ̊ ɑ ʒ̥
uutukas	uː t ŭ k ə z̠
uuvvellee	uː ʋː e̞ lː e̝ː
uuvvellee	uː ʋː ə lʲː e̞
uuvvestaa	uː ʋː e̞ ʃ t ɑː
uuvvestaa	uː ʋː ə s̠ t ɑ
uuvvin	uː ʋː i n
uuvvin	uː ʋː ĭ n
uuvvistaa	uː ʋː i ʃ t ɑː
uuvvistaa	uː ʋː ə s̠ t ɑ
uvaženja	u ʋ ɑˑ ʒ e̞ ɲː
uvaženja	u ʋ ɑˑ ʒ̥ e̞ n j ɑ
uve	u ʋ e̞ˑ
ušnikat	u ʃ n ĭ k ə d
ušnikat	u ʒ̥ n i ɡ̊ ɑ d̥
vaa	ʋ ɑː
vaadu	ʋ ɑː d ŭ̥
vaadu	ʋ ɑː d̥ u
vaadulain	ʋ ɑː d ŭ ɫ ə i̯ n
vaadulain	ʋ ɑː d̥ u ɫ ɑ i̯ n
vaaher	ʋ ɑː h e̞ r
vaaher	ʋ ɑː ɣ̥ e̞ r
vaaheria	ʋ ɑː h ə r i ɑˑ
vaaheria	ʋ ɑː ɣ̥ e̞ r i ɑˑ
vaahto	ʋ ɑː h t o̞
vaahto	ʋ ɑː h t ŏ̞̥
vaakia	ʋ ɑː k e̞
vaakia	ʋ ɑː k i ɑ
vaakia	ʋ ɑː ɡ̊ j ɑ
vaaksa	ʋ ɑː k s̠
vaaksa	ʋ ɑː k ʃ ɑ
vaalia	ʋ ɑː lʲ e̞
vaalia	ʋ ɑː lʲ i ɑ
vaaliamp	ʋ ɑː l i ɑ m b̥
vaaliamp	ʋ ɑː lʲ e̞ m pʲ
vaapsahain	ʋ ɑː p s̠ ə h ə i̯ n
vaapsahain	ʋ ɑː p ʃ ɑ h ɑ i̯ n
vaapukka	ʋ ɑː b̥ u kː ɑ
vaapukka	ʋ ɑː p ŭ kː
vaapukkain	ʋ ɑː b̥ u kː ɑ i̯ n
vaapukkain	ʋ ɑː p ŭ kː ə i̯ n
vaapukkapehko	ʋ ɑː b̥ u kː ɑ b̥ e̞ x k o̞
vaapukkapehko	ʋ ɑː p ə kː ɑ p e̞ x k ŏ̞̥
vaapukkavarenja	ʋ ɑː b̥ u kː ɑ ʋ ɑ r e̞ˑ n j ɑ
vaapukkavarenja	ʋ ɑː p ə kː ɑ ʋ ɑ r e̞ ɲː
vaate	ʋ ɑː d̥ e̞
vaate	ʋ ɑː d̥ e̞ h
vaate	ʋ ɑː d̥ e̞ ɡ̊
vaate	ʋ ɑː t
vaateaitta	ʋ ɑː d̥ e̞ ɑ i̯ tː ɑ
vaateaitta	ʋ ɑː t e̞ ɑ i̯ tː
vaatoittaa	ʋ ɑː d̥ o̞ i̯ tː ɑː
vaatoittaa	ʋ ɑː t ə i̯ tː ɑ
vaattiissa	ʋ ɑː tʲː i s̠ː
vaattiissa	ʋ ɑː tː iː ʃː ɑ
vaattiissa	ʋ ɑː tː iː ʃː ɑ ɡ̊
vaattoittaa	ʋ ɑː tː o̞ i̯ tː ɑ ɡ̊
vaattoittaa	ʋ ɑː tː o̞ i̯ tː ɑː
vaattoittaa	ʋ ɑː tː ə i̯ tː ɑ
vaažnoi	ʋ ɑː ʒ n ŏ̞̥
vaažnoi	ʋ ɑː ʒ̥ n o̞ i̯
vaažnoimp	ʋ ɑː ʒ n ŏ̞ m pʲ
vaažnoimp	ʋ ɑː ʒ n ŏ̞ pʲ
vaažnoimp	ʋ ɑː ʒ̥ n o̞ i̯ m b̥
vadja	ʋ ɑ dʲː
vadja	ʋ ɑ d̥ j ɑ
vadjakko	ʋ ɑ dʲː ə kː ŏ̞̥
vadjakko	ʋ ɑ d̥ j ɑ kː o̞ i̯
vadjalain	ʋ ɑ dʲː ə ɫ ə i̯ n
vadjalain	ʋ ɑ d̥ j ɑ ɫ ɑ i̯ n
vaha	ʋ ɑ h ɑˑ
vaha	ʋ ɑ ɣ̥ ɑˑ
vahain	ʋ ɑ h ɑ i̯ n
vahain	ʋ ɑ xˑ ɑ i̯ n
vahata	ʋ ɑ h ɑˑ t
vahata	ʋ ɑ ɣ̥ ɑˑ d̥ ɑ
vahinko	ʋ ɑ h iˑ ŋ k ŏ̞̥
vahinko	ʋ ɑ ɣ̥ iˑ ŋ ɡ̊ o̞
vahti	ʋ ɑ h t i
vahti	ʋ ɑ h tʲ
vahtia	ʋ ɑ h t i ɑ
vahtia	ʋ ɑ h tʲ e̞
vahtihoone	ʋ ɑ h t i h o̝ː n e̞
vahtihoone	ʋ ɑ h tʲ ĭ h oː n
vahva	ʋ ɑ h ʋ
vahva	ʋ ɑ ɣ̥ ʋ ɑ
vahvenoittaa	ʋ ɑ h ʋ ə n o̞ i̯ tː ɑ
vahvenoittaa	ʋ ɑ ɣ̥ ʋ e̞ n o̞ i̯ tː ɑː
vahventaa	ʋ ɑ h ʋ ə n t ɑ
vahventaa	ʋ ɑ ɣ̥ ʋ e̞ n d̥ ɑː
vahveta	ʋ ɑ h ʋ e̞ t
vahveta	ʋ ɑ ɣ̥ ʋ e̞ d̥ ɑ
vahvissella	ʋ ɑ h ʋ ĭ s̠ː e̞ ɫː
vahvissella	ʋ ɑ ɣ̥ ʋ i ʃ ʃ e̞ ɫː ɑ
vahvissuttaa	ʋ ɑ h ʋ ĭ s̠ s̠ u tː ɑ
vahvissuttaa	ʋ ɑ ɣ̥ ʋ i ʃ ʃ u tː ɑː
vahvistaa	ʋ ɑ h ʋ ə s̠ t ɑ
vahvistaa	ʋ ɑ ɣ̥ ʋ i ʃ t ɑː
vahvistama	ʋ ɑ h ʋ ĭ s̠ t ɑ m ɑˑ
vahvistama	ʋ ɑ ɣ̥ ʋ i ʃ t ɑ m ɑˑ
vahvistua	ʋ ɑ h ʋ ĭ s̠ t u ɑˑ
vahvistua	ʋ ɑ ɣ̥ ʋ i ʃ t u ɑˑ
vahvita	ʋ ɑ h ʋ ĭ t
vahvita	ʋ ɑ ɣ̥ ʋ i d̥ ɑ
vahvus	ʋ ɑ h ʋ ŭ z̠
vahvus	ʋ ɑ ɣ̥ ʋ u ʒ̥
vai	ʋ ɑ i̯
vaihella	ʋ ɑ i̯ h e̞ ɫː
vaihella	ʋ ɑ i̯ ɣ̥ e̞ ɫː ɑ
vaihtaa	ʋ ɑ i̯ h t ɑ
vaihtaa	ʋ ɑ i̯ h t ɑː
vaihto	ʋ ɑ i̯ h t o̞
vaihto	ʋ ɑ i̯ h t ŏ̞̥
vaihtua	ʋ ɑ i̯ h t o̞
vaihtua	ʋ ɑ i̯ h t u ɑ
vaihtumiin	ʋ ɑ i̯ h t u m iː n
vaihtumiin	ʋ ɑ i̯ h t ŭ m i n e̞ˑ
vaihtumissteeppeni	ʋ ɑ i̯ h t u m i ʃ ʃ t e̝ː pː e̞ n i
vaihtumissteeppeni	ʋ ɑ i̯ h t ŭ m i s̠ s̠ t eː pː e̞ nʲ
vaijaa	ʋ ɑ jː ɑ
vaijaa	ʋ ɑ jˑ ɑː
vaijuus	ʋ ɑ jː u z̠
vaijuus	ʋ ɑ jˑ uː ʒ̥
vaik	ʋ ɑ i̯ k
vaik	ʋ ɑ i̯ ɡ̊
vaikehus	ʋ ɑ i̯ k e̞ ɣ̥ u ʒ̥
vaikehus	ʋ ɑ i̯ k ə h ŭ z̠
vaikenoittaa	ʋ ɑ i̯ k ə n o̞ i̯ tː ɑ
vaikenoittaa	ʋ ɑ i̯ ɡ̊ e̞ n o̞ i̯ tː ɑː
vaiketa	ʋ ɑ i̯ k e̞ t
vaiketa	ʋ ɑ i̯ ɡ̊ e̞ d̥ ɑ
vaikia	ʋ ɑ i̯ k e̞
vaikia	ʋ ɑ i̯ k i ɑ
vaikka	ʋ ɑ i̯ kː
vaikka	ʋ ɑ i̯ kː ɑ
vaikko	ʋ ɑ i̯ kː o̞
vaikko	ʋ ɑ i̯ kː ŏ̞̥
vaikkos	ʋ ɑ i̯ kː o̞ ʒ̥
vaikkos	ʋ ɑ i̯ kː ŏ̞ z̠
vaikku	ʋ ɑ i̯ kː u
vaikku	ʋ ɑ i̯ kː ŭ̥
vaimo	ʋ ɑ i̯ m o̞
vaimo	ʋ ɑ i̯ m ŏ̞̥
vait	ʋ ɑ i̯ d
vait	ʋ ɑ i̯ d̥
vaiva	ʋ ɑ i̯ ʋ
vaiva	ʋ ɑ i̯ ʋ ɑ
vaivakas	ʋ ɑ i̯ ʋ ɑ ɡ̊ ɑ ʒ̥
vaivakas	ʋ ɑ i̯ ʋ ə k ə z̠
vajeta	ʋ ɑ j e̞ˑ d̥ ɑ
vajeta	ʋ ɑ j e̞ˑ t
vajota	ʋ ɑ j o̞ˑ d̥ ɑ
vajota	ʋ ɑ j o̞ˑ t
vajottaa	ʋ ɑ j o̞ˑ tː ɑ
vajottaa	ʋ ɑ j o̞ˑ tː ɑː
vaka	ʋ ɑ k ɑˑ
vaka	ʋ ɑ ɡ̊ ɑˑ
vakahain	ʋ ɑ k ɑˑ h ə i̯ n
vakahain	ʋ ɑ ɡ̊ ɑˑ h ɑ i̯ n
vakalliin	ʋ ɑ k ɑˑ lʲ lʲ i n e̞ˑ
vakalliin	ʋ ɑ ɡ̊ ɑˑ lː iː n
vakka	ʋ ɑ kː
vakka	ʋ ɑ kː ɑ
vako	ʋ ɑ k o̞ˑ
vako	ʋ ɑ ɡ̊ o̞ˑ
vala	ʋ ɑ ɫ ɑˑ
vale	ʋ ɑ ɫ e̞ˑ
valehella	ʋ ɑ ɫ e̞ˑ h e̞ ɫː
valehella	ʋ ɑ ɫ e̞ˑ ɣ̥ e̞ ɫː ɑ
valella	ʋ ɑ ɫ e̞ˑ ɫː
valella	ʋ ɑ ɫ e̞ˑ ɫː ɑ
valeta	ʋ ɑ ɫ e̞ˑ d̥ ɑ
valeta	ʋ ɑ ɫ e̞ˑ t
valetin	ʋ ɑ ɫ e̞ˑ tʲ ĭ n
valetin	ʋ ɑ ɫˑ e̝ː d̥ i n
valetti	ʋ ɑ ɫ e̞ˑ tʲː
valetti	ʋ ɑ ɫ e̞ˑ tː i
valita	ʋ ɑ l iˑ d̥ ɑ
valita	ʋ ɑ lʲ iˑ t
valjaat	ʋ ɑ lʲ j ɑ ɣ̥ ɑ d̥
valjaat	ʋ ɑ lʲː ɑ d
valjastaa	ʋ ɑ lʲ j ɑ ʃ t ɑː
valjastaa	ʋ ɑ lʲː ə s̠ t ɑ
valjo	ʋ ɑ lʲ j o̞ i̯
valjo	ʋ ɑ lʲː ŏ̞̥
valju	ʋ ɑ lʲ j u
valju	ʋ ɑ lʲː ŭ̥
valkeus	ʋ ɑ ɫ k e̞ ŭ z̠
valkeus	ʋ ɑ ɫ ɡ̊ e̞ ɣ̥ u ʒ̥
valkia	ʋ ɑ ɫ k e̞
valkia	ʋ ɑ ɫ k i ɑ
valkiaa	ʋ ɑ ɫ k e̞ s̠ː
valkiaa	ʋ ɑ ɫ k e̞ t
valkiaa	ʋ ɑ ɫ ɡ̊ i ɑː
valkiaas	ʋ ɑ ɫ k e̞ s̠ː
valkiaas	ʋ ɑ ɫ ɡ̊ i ɑː ʒ̥
valkulain	ʋ ɑ ɫ k ŭ ɫ ə i̯ n
valkulain	ʋ ɑ ɫ ɡ̊ u ɫ ɑ i̯ n
valkulaisobolocka	ʋ ɑ ɫ k ŭ ɫ ɑ i̯ z̠ o̞ b o̞ˑ ɫ ŏ̞ t͡ʃ k
valkulaisobolocka	ʋ ɑ ɫ ɡ̊ u ɫ ɑ i̯ ʒ o̞ b̥ o̞ˑ ɫ o̞ t͡ʃ k ɑ
vallaa	ʋ ɑ ɫː ɑ
vallaa	ʋ ɑ ɫˑ ɑː
vallanherra	ʋ ɑ ɫː ɑ n ɣ̥ e̞ rː ɑ
vallanherra	ʋ ɑ ɫː ə n h e̞ rː
vallua	ʋ ɑ ɫː o̞
vallua	ʋ ɑ ɫˑ u ɑ
valmis	ʋ ɑ ɫ m i ʒ̥
valmis	ʋ ɑ ɫ m ĭ z̠
valmistaa	ʋ ɑ ɫ m i ʃ t ɑː
valmistaa	ʋ ɑ ɫ m ə s̠ t ɑ
valmistua	ʋ ɑ ɫ m i ʃ t u ɑˑ
valmistua	ʋ ɑ ɫ m ĭ s̠ t u ɑˑ
valo	ʋ ɑ ɫ o̞ˑ
valssi	ʋ ɑ ɫ s̠ʲː
valssi	ʋ ɑ ɫ ʃː i
valta	ʋ ɑ ɫ d̥ ɑ
valta	ʋ ɑ ɫ t
valuttaa	ʋ ɑ ɫ uˑ tː ɑ
valuttaa	ʋ ɑ ɫ uˑ tː ɑː
valvoa	ʋ ɑ ɫ ʋ o̞
valvoa	ʋ ɑ ɫ ʋ o̞ ɑ
vanha	ʋ ɑ n ɑˑ
vanha	ʋ ɑ n ɣ̥ ɑ
vanhameeliin	ʋ ɑ n ɑˑ m eː lʲ ĭ n
vanhameeliin	ʋ ɑ n ɣ̥ ɑ m e̝ː lʲ iː n
vanhapoika	ʋ ɑ n ɑˑ p o̞ i̯ k
vanhapoika	ʋ ɑ n ɣ̥ ɑ p o̞ i̯ ɡ̊ ɑ
vanhatyttö	ʋ ɑ n ɑˑ tʲ y tː ø̞̥̆
vanhatyttö	ʋ ɑ n ɣ̥ ɑ d̥ y tː ø̞ i̯
vanhemp	ʋ ɑ n e̞ˑ m pʲ
vanhemp	ʋ ɑ n e̞ˑ pʲ
vanhemp	ʋ ɑ n ɣ̥ e̞ m b̥
vanhenoittaa	ʋ ɑ n e̞ˑ n o̞ i̯ tː ɑ
vanhenoittaa	ʋ ɑ n ɣ̥ e̞ n o̞ i̯ tː ɑː
vanhentaa	ʋ ɑ n e̞ˑ n t ɑ
vanhentaa	ʋ ɑ n ɣ̥ e̞ n t ɑː
vanhentua	ʋ ɑ n e̞ˑ n t u ɑˑ
vanhentua	ʋ ɑ n ɣ̥ e̞ n d̥ u ɑˑ
vanheta	ʋ ɑ n e̞ˑ t
vanheta	ʋ ɑ n ɣ̥ e̞ d̥ ɑ
vanhoittua	ʋ ɑ n h o̞ i̯ t t u ɑˑ
vanhoittua	ʋ ɑ nː ŏ̞ t t u ɑˑ
vanhus	ʋ ɑ n uˑ z̠
vanhus	ʋ ɑ n ɣ̥ u ʒ̥
vankkuri	ʋ ɑ ŋ kː u r i
vankkuri	ʋ ɑ ŋ kː ŭ rʲ
vankkurit	ʋ ɑ ŋ kː u r i d̥
vankkurit	ʋ ɑ ŋ kː ŭ r ĭ d
vanna	ʋ ɑ nː
vanna	ʋ ɑ nː ɑ
vanne	ʋ ɑ nː
vanne	ʋ ɑ nː e̞
vannepyssy	ʋ ɑ nː e̞ b̥ y ʃː y
vannepyssy	ʋ ɑ nː ə p y s̠ː y̥̆
vannua	ʋ ɑ nː o̞
vannua	ʋ ɑ nː u ɑ
vannua	ʋ ɑ nˑ u ɑ
vapa	ʋ ɑ b̥ ɑˑ
vapa	ʋ ɑ p ɑˑ
vapa	ʋ ɑː b̥ ɑ
vapaisus	ʋ ɑ b̥ ɑ i̯ ʒ̥ u ʒ̥
vapaisus	ʋ ɑ p ɑ i̯ s̠ ŭ z̠
vapattaa	ʋ ɑ b̥ ɑˑ tː ɑː
vapattaa	ʋ ɑ p ɑˑ tː ɑ
vappaa	ʋ ɑ pː ɑ
vappaa	ʋ ɑ pˑ ɑː
vara	ʋ ɑ r ɑˑ
varajooni	ʋ ɑ r ɑˑ j o̝ː n i
varajooni	ʋ ɑ r ɑˑ j o̞ nʲ
varamuna	ʋ ɑ r ɑˑ m u n ɑˑ
varas	ʋ ɑ r ɑˑ z̠
varas	ʋ ɑ r ɑˑ ʒ̥
varassella	ʋ ɑ r ɑˑ s̠ s̠ e̞ ɫː
varassella	ʋ ɑ r ɑˑ ʃ ʃ e̞ ɫː ɑ
varassos	ʋ ɑ r ɑˑ s̠ː ŏ̞ z̠
varassos	ʋ ɑ r ɑˑ ʃː o̞ ʒ̥
varastaa	ʋ ɑ r ɑˑ s̠ t ɑ
varastaa	ʋ ɑ r ɑˑ ʃ t ɑː
varenja	ʋ ɑ r e̞ ɲː
varenja	ʋ ɑ r e̞ˑ n j ɑ
vari	ʋ ɑ r iˑ
variksenpökkö	ʋ ɑ r iˑ k s̠ e̞ m p ø̞ kː ø̞̥̆
variksenpökkö	ʋ ɑ r iˑ k ʃ e̞ m b̥ ø̞ kː ø̞ i̯
variksenvarpaat	ʋ ɑ r iˑ k s̠ e̞ n ʋ ɑ r p ɑ d
variksenvarpaat	ʋ ɑ r iˑ k ʃ e̞ n ʋ ɑ r p ɑ ɣ̥ ɑ d̥
variksiinvahti	ʋ ɑ r iˑ k s̠ iː n ʋ ɑ h tʲ
variksiinvahti	ʋ ɑ r iˑ k ʃ iː n ʋ ɑ h t i
varis	ʋ ɑ r iˑ s̠ː
varis	ʋ ɑ r iˑ z̠
varis	ʋ ɑ r iˑ ʒ̥
varislintu	ʋ ɑ r iˑ z̠ lʲ i n t ŭ̥
varislintu	ʋ ɑ r iˑ ʒ lʲ i n d̥ u
varistaa	ʋ ɑ r iˑ s̠ t ɑ
varistaa	ʋ ɑ r iˑ ʃ t ɑː
varistamiin	ʋ ɑ r iˑ s̠ t ɑ m iˑ n
varistamiin	ʋ ɑ r iˑ ʃ t ɑ mˑ iː n
varistua	ʋ ɑ r iˑ s̠ t u ɑˑ
varistua	ʋ ɑ r iˑ ʃ t u ɑˑ
varitauti	ʋ ɑ r iˑ t ɑ u̯ d̥ i
varitauti	ʋ ɑ r iˑ t ɑ u̯ tʲ
varjo	ʋ ɑ r j o̞
varjo	ʋ ɑ r j ŏ̞̥
varjokas	ʋ ɑ r j o̞ ɡ̊ ɑ ʒ̥
varjokas	ʋ ɑ r j ŏ̞ k ə z̠
varjostaa	ʋ ɑ r j o̞ ʃ t ɑː
varjostaa	ʋ ɑ r j ə s̠ t ɑ
varjota	ʋ ɑ r j o̞ d̥ ɑ
varjota	ʋ ɑ r j ŏ̞ t
varkahus	ʋ ɑ r k ə h ŭ z̠
varkahus	ʋ ɑ r ɡ̊ ɑ ɣ̥ u ʒ̥
varma	ʋ ɑ r m
varma	ʋ ɑ r m ɑ
varo	ʋ ɑ r o̞ˑ
varpaiset	ʋ ɑ r b̥ ɑ h ɑ i̯ ʃ t
varpaiset	ʋ ɑ r b̥ ɑ h ɑ i̯ ʒ̥ e̞ d̥
varpaiset	ʋ ɑ r p ə i̯ s̠ e̞ d
varraa	ʋ ɑ rː ɑ
varraa	ʋ ɑ rˑ ɑː
varreel	ʋ ɑ rː e̝ː l
varreel	ʋ ɑ rː e̞ ɫː
varretoin	ʋ ɑ rː e̞ d̥ o̞ i̯ n
varretoin	ʋ ɑ rː ə t ŏ̞ i̯ n
vars	ʋ ɑ r s̠ʲ
vars	ʋ ɑ r ʒ̥
varsa	ʋ ɑ r s̠
varsa	ʋ ɑ r ʒ̥ ɑ
varsanpolvi	ʋ ɑ r s̠ ə m p o̞ ɫ ʋʲ
varsanpolvi	ʋ ɑ r ʒ̥ ɑ m b̥ o̞ ɫ ʋ i
varskenkä	ʋ ɑ r s̠ ĭ k e̞ ŋ k
varskenkä	ʋ ɑ r ʃ k e̞ ŋ ɡ̊ æ
varspihet	ʋ ɑ r s̠ ĭ p i h e̞ˑ d
varspihet	ʋ ɑ r ʃ p i ɣ̥ e̞ˑ d̥
vart	ʋ ɑ r d
vart	ʋ ɑ r d̥
vartta	ʋ ɑ r tː
vartta	ʋ ɑ r tː ɑ
vartti	ʋ ɑ r tʲː
vartti	ʋ ɑ r tː i
varukset	ʋ ɑ r uˑ k s̠ e̞ d
varukset	ʋ ɑ r uˑ k ʃ e̞ d̥
varvas	ʋ ɑ r ʋ ɑ ʒ̥
varvas	ʋ ɑ r ʋ ə z̠
vasara	ʋ ɑ s̠ ɑˑ r
vasara	ʋ ɑ ʃˑ ɑː r ɑ
vasikka	ʋ ɑ s̠ iˑ kː
vasikka	ʋ ɑ ʒ̥ iˑ kː ɑ
vaski	ʋ ɑ s̠ kʲ
vaski	ʋ ɑ ʃ k i
vaskihammas	ʋ ɑ s̠ k ĭ h ɑ mː ə z̠
vaskihammas	ʋ ɑ ʃ k i ɣ̥ ɑ mː ɑ ʒ̥
vaskiin	ʋ ɑ s̠ k i n
vaskiin	ʋ ɑ s̠ k ĭ n
vaskiin	ʋ ɑ ʃ k iː n
vaskilauta	ʋ ɑ s̠ k ĭ ɫ ɑ u̯ t
vaskilauta	ʋ ɑ ʃ k i ɫ ɑ u̯ d̥ ɑ
vaskimato	ʋ ɑ s̠ k ĭ m ɑ t o̞ˑ
vaskimato	ʋ ɑ ʃ k i m ɑ d̥ o̞ˑ
vaskinyblä	ʋ ɑ s̠ k ĭ n y b lʲ
vaskinyblä	ʋ ɑ ʃ k i n y b̥ l æ
vaskiraha	ʋ ɑ s̠ k ĭ r ɑ h ɑˑ
vaskiraha	ʋ ɑ ʃ k i r ɑ ɣ̥ ɑˑ
vassakkain	ʋ ɑ s̠ː ə kː ə i̯ n
vassakkain	ʋ ɑ ʃː ɑ kː ɑ i̯ n
vassakkaisest	ʋ ɑ s̠ː ə k k ɑ i̯ s̠ e̞ s̠ t
vassakkaisest	ʋ ɑ ʃː ɑ k k ɑ i̯ ʒ̥ e̝ː ʃ t
vassata	ʋ ɑ s̠ː ə t
vassata	ʋ ɑ ʃː ɑ d̥ ɑ
vasse	ʋ ɑ s̠ː
vasse	ʋ ɑ ʃː e̞
vassen	ʋ ɑ s̠ː e̞ n
vassen	ʋ ɑ ʃː e̞ n
vassoin	ʋ ɑ s̠ː ŏ̞ n
vassoin	ʋ ɑ ʃː o̞ i̯ n
vassus	ʋ ɑ s̠ː ŭ z̠
vassus	ʋ ɑ ʃː u ʒ̥
vast	ʋ ɑ s̠ t
vast	ʋ ɑ ʃ t
vasta	ʋ ɑ s̠ t
vasta	ʋ ɑ ʃ t ɑ
vastaa	ʋ ɑ s̠ t ɑ
vastaa	ʋ ɑ ʃ t ɑː
vastain	ʋ ɑ s̠ t ə i̯ n
vastain	ʋ ɑ ʃ t ɑ i̯ n
vastaranta	ʋ ɑ s̠ t ə r ɑ n t
vastaranta	ʋ ɑ ʃ t ɑ r ɑ n d̥ ɑ
vastavirta	ʋ ɑ s̠ t ə ʋ i r t
vastavirta	ʋ ɑ ʃ t ɑ ʋ i r d̥ ɑ
vastikkää	ʋ ɑ s̠ t i kː æ
vastikkää	ʋ ɑ ʃ t i kˑ æː
vastumain	ʋ ɑ s̠ t ŭ m ə i̯ n
vastumain	ʋ ɑ ʃ t u m ɑ i̯ n
vatera	ʋ ɑ t e̞ˑ r
vatera	ʋ ɑ tˑ e̝ː r ɑ
vatiera	ʋ ɑ d̥ iˑ e̞ r ɑ
vatiera	ʋ ɑ tʲ iˑ e̞ r ɑ
vatnoi	ʋ ɑ d̥ n o̞ i̯
vatnoi	ʋ ɑ t n ŏ̞̥
vatruška	ʋ ɑ d r ŭ ʃ k
vatruška	ʋ ɑ d̥ r u ʃ k ɑ
vatsa	ʋ ɑ t͡s ɑ
vatsa	ʋ ɑ t͡s̠
vatsakas	ʋ ɑ t͡s ɑ ɡ̊ ɑ ʒ̥
vatsakas	ʋ ɑ t͡s̠ ə k ə z̠
vatsan	ʋ ɑ t͡s ɑ n
vatsan	ʋ ɑ t͡s̠ ə n
vatsanmako	ʋ ɑ t͡s ɑ m m ɑ ɡ̊ o̞ˑ
vatsanmako	ʋ ɑ t͡s̠ ə m m ɑ k o̞ˑ
vatsapoolosti	ʋ ɑ t͡s ɑ p o̝ː ɫ o̞ ʃ t i
vatsapoolosti	ʋ ɑ t͡s̠ ə p oː ɫ ŏ̞ s̠ tʲ
vauhti	ʋ ɑ u̯ h t i
vauhti	ʋ ɑ u̯ h tʲ
vavanjalka	ʋ ɑ ʋ ɑˑ n j ɑ ɫ k
vavanjalka	ʋ ɑ ʋ ɑˑ n j ɑ ɫ ɡ̊ ɑ
vavissa	ʋ ɑ ʋ iˑ s̠ː
vavissa	ʋ ɑ ʋ iˑ ʃː ɑ
vedra	ʋ e̞ d r
vedra	ʋ e̞ d̥ r ɑ
veejä	ʋ e̝ː j æ
veejä	ʋ i jː
veekas	ʋ eː k ə z̠
veekas	ʋ e̝ː ɡ̊ ɑ ʒ̥
veekäs	ʋ e̞ e̞ˑ k ə z̠
veekäs	ʋ e̞ e̞ˑ ɡ̊ æ ʒ̥
veel	ʋ eː lʲ
veel	ʋ e̝ː l
veel	ʋ e̞ e̞ˑ l
veel	ʋ e̞ e̞ˑ lʲ
veelä	ʋ eː lʲ
veelä	ʋ e̝ː lʲ æ
veeno	ʋ eː n ŏ̞̥
veeno	ʋ e̝ː n o̞
veenoksee	ʋ eː n ə k s̠ e̞
veenoksee	ʋ e̝ː n o̞ k ʃ e̝ː
veenost	ʋ eː n ŏ̞ s̠ t
veenost	ʋ e̝ː n o̝ː ʃ t
veeraaks	ʋ eː r ɑ k s̠
veeraaks	ʋ e̝ː r ɑ h ɑː k ʃ
veerais	ʋ eː r ə i̯ s̠ː
veerais	ʋ e̝ː r ɑ h iː ʒ̥
veeraisse	ʋ eː r ə i̯ s̠ː
veeraisse	ʋ e̝ː r ɑ ɣ̥ i ʃː e̞
veeras	ʋ eː r ə z̠
veeras	ʋ e̝ː r ɑ ʒ̥
veerettää	ʋ eː r ə tː æ
veerettää	ʋ e̝ː r e̞ tː æː
veeriäin	ʋ eː r ĭ j ə i̯ n
veeriäin	ʋ e̝ː r i æ i̯ n
veero	ʋ eː r ŏ̞̥
veero	ʋ e̝ː r o̞
veerre	ʋ eː rː
veerre	ʋ e̝ː rː e̞
veerrä	ʋ eː rː
veerrä	ʋ e̝ː rː æ
veeru	ʋ eː r ŭ̥
veeru	ʋ e̝ː r u
veerukas	ʋ eː r ŭ k ə z̠
veerukas	ʋ e̝ː r u ɡ̊ ɑ ʒ̥
veerättää	ʋ eː r ə tː æ
veerättää	ʋ e̝ː r æ tː æː
veesti	ʋ eː s̠ tʲ
veesti	ʋ e̝ː ʃ t i
veetellä	ʋ eː t e̞ lʲː
veetellä	ʋ e̝ː d̥ e̞ lː æ
veetto	ʋ eː tː ŏ̞̥
veetto	ʋ e̝ː tː o̞
veettää	ʋ eː tː æ
veettää	ʋ e̝ː tː æː
veešalka	ʋ eː ʃ ə ɫ k
veešalka	ʋ e̝ː ʒ̥ ɑ ɫ ɡ̊ ɑ
veha	ʋ e̞ h ɑˑ
veha	ʋ e̞ ɣ̥ ɑˑ
vehka	ʋ e̞ x k
vehka	ʋ e̞ x k ɑ
vehnä	ʋ e̞ h n
vehnä	ʋ e̞ ɣ̥ n æ
vehnäin	ʋ e̞ h n ə i̯ n
vehnäin	ʋ e̞ ɣ̥ n æ i̯ n
vehnäkakka	ʋ e̞ h n ə k ɑ kː
vehnäkakka	ʋ e̞ ɣ̥ n æ ɡ̊ ɑ kː ɑ
vehnäpurnu	ʋ e̞ h n ə p u r n ŭ̥
vehnäpurnu	ʋ e̞ ɣ̥ n æ b̥ u r n u
veikko	ʋ e̞ i̯ kː o̞
veikko	ʋ e̞ i̯ kː ŏ̞̥
veiterys	ʋ e̞ i̯ t e̞ r y ʒ̥
veiterys	ʋ e̞ i̯ t ə r y̆ z̠
veiterä	ʋ e̞ i̯ t e̞ r
veiterä	ʋ e̞ i̯ t e̞ r æ
veitsi	ʋ e̞ i̯ t͡s i
veitsi	ʋ e̞ i̯ t͡s̠ʲ
veittää	ʋ e̞ i̯ tː æ
veittää	ʋ e̞ i̯ tː æː
vekale	ʋ e̞ k ɑˑ ɫ
vekale	ʋ e̞ kˑ ɑː ɫ e̞
veli	ʋ e̞ lʲ iˑ
velikunta	ʋ e̞ lʲ iˑ k u n t
velikunta	ʋ e̞ lʲ iˑ ɡ̊ u n d̥ ɑ
velipoika	ʋ e̞ lʲ iˑ p o̞ i̯ k
velipoika	ʋ e̞ lʲ iˑ p o̞ i̯ ɡ̊ ɑ
veljä	ʋ e̞ lʲ j æ
veljä	ʋ e̞ lʲː
velka	ʋ e̞ ɫ k
velka	ʋ e̞ ɫ ɡ̊ ɑ
vellain	ʋ e̞ ɫː ɑ i̯ n
vellain	ʋ e̞ ɫː ə i̯ n
velli	ʋ e̞ lʲː
velli	ʋ e̞ lʲː i
vello	ʋ e̞ ɫː o̞ i̯
vello	ʋ e̞ ɫː ŏ̞̥
velosipeda	ʋ e̞ ɫ o̞ˑ s̠ i p e̞ˑ d
velosipeda	ʋ e̞ ɫ o̞ˑ ʒ̥ i pˑ e̝ː d̥ ɑ
velvyt	ʋ e̞ l ʋ y d̥
velvyt	ʋ e̞ lʲ ʋ y̆ d
vemmel	ʋ e̞ mː e̞ l
vemmel	ʋ e̞ mː e̞ lʲ
venahtaa	ʋ e̞ n ɑˑ h t ɑ
venahtaa	ʋ e̞ n ɑˑ h t ɑː
vencäissä	ʋ e̞ n t͡ʃ æ i̯ ʃː æ
vencäissä	ʋ e̞ n t͡ʃ ə s̠ː
vene	ʋ e̞ n e̞ˑ
venemaasteri	ʋ e̞ n e̞ˑ m ɑː s̠ t e̞ rʲ
venemaasteri	ʋ e̞ n e̞ˑ m ɑː ʃ t e̞ r i
venemeisteri	ʋ e̞ n e̞ˑ m e̞ i̯ s̠ t e̞ rʲ
venemeisteri	ʋ e̞ n e̞ˑ m e̞ i̯ ʃ t e̞ r i
venemeri	ʋ e̞ n e̞ˑ m e̞ r iˑ
vennua	ʋ e̞ nː o̞
vennua	ʋ e̞ nˑ u ɑ
vennä	ʋ e̞ nː
vennä	ʋ e̞ nː æ
vennäin	ʋ e̞ nː æ i̯ n
vennäin	ʋ e̞ nː ə i̯ n
vennäin	ʋ e̞ nˑ æ i̯ n
vennänoora	ʋ e̞ nː æ n o̝ː r ɑ
vennänoora	ʋ e̞ nː ə n oː r
vennää	ʋ e̞ nː æ
vennää	ʋ e̞ nː æː
vennää	ʋ e̞ nˑ æː
vennäänsaapas	ʋ e̞ nː æ n s̠ ɑː p ə z̠
vennäänsaapas	ʋ e̞ nˑ æː n ʃ ɑː b̥ ɑ ʒ̥
venokka	ʋ e̞ n o̞ˑ kː
venokka	ʋ e̞ n o̞ˑ kː ɑ
venta	ʋ e̞ n d̥ ɑ
venta	ʋ e̞ n t
ventolain	ʋ e̞ n d̥ o̞ ɫ ɑ i̯ n
ventolain	ʋ e̞ n t ŏ̞ ɫ ə i̯ n
ventsa	ʋ e̞ n t͡s ɑ
ventsa	ʋ e̞ n t͡s̠
venutella	ʋ e̞ n uˑ d̥ e̞ ɫː ɑ
venutella	ʋ e̞ n uˑ t e̞ ɫː
venuttaa	ʋ e̞ n uˑ tː ɑ
venuttaa	ʋ e̞ n uˑ tː ɑː
venuttaissa	ʋ e̞ n uˑ t t ɑ i̯ ʃː ɑ
venuttaissa	ʋ e̞ n uˑ tː ə s̠ː
venäkkö	ʋ e̞ n æˑ kː ø̞ i̯
venäkkö	ʋ e̞ n æˑ kː ø̞̥̆
venäläin	ʋ e̞ n æˑ l æ i̯ n
venäläin	ʋ e̞ n æˑ lʲ ə i̯ n
venästyä	ʋ e̞ n æˑ s̠ tʲ y æˑ
venästyä	ʋ e̞ n æˑ ʃ t y æˑ
venät	ʋ e̞ n æˑ d
venät	ʋ e̞ n æˑ d̥
verakas	ʋ e̞ r ɑˑ k ə z̠
verakas	ʋ e̞ r ɑˑ ɡ̊ ɑ ʒ̥
verbi	ʋ e̞ r bʲ
verbi	ʋ e̞ r b̥ i
verbljuda	ʋ e̞ r b lʲ ŭ d
verbljuda	ʋ e̞ r b̥ lʲ u d̥ ɑ
verekäs	ʋ e̞ r e̞ˑ k ə z̠
verekäs	ʋ e̞ r e̞ˑ ɡ̊ æ ʒ̥
verenimiäin	ʋ e̞ r e̞ˑ n i m iˑ j ə i̯ n
verenimiäin	ʋ e̞ r e̞ˑ n i m iˑ æ i̯ n
verestää	ʋ e̞ r e̞ˑ s̠ t æ
verestää	ʋ e̞ r e̞ˑ ʃ t æː
veretöin	ʋ e̞ r e̞ˑ d̥ ø̞ i̯ n
veretöin	ʋ e̞ r e̞ˑ t ø̞̆ i̯ n
verha	ʋ e̞ r ɑˑ
verha	ʋ e̞ r ɣ̥ ɑ
veri	ʋ e̞ r iˑ
verihaava	ʋ e̞ r iˑ h ɑː ʋ
verihaava	ʋ e̞ r iˑ h ɑː ʋ ɑ
verikammari	ʋ e̞ r iˑ k ɑ mː ə rʲ
verikammari	ʋ e̞ r iˑ ɡ̊ ɑ mː ɑ r i
verimato	ʋ e̞ r iˑ m ɑ d̥ o̞ˑ
verimato	ʋ e̞ r iˑ m ɑ t o̞ˑ
veripallo	ʋ e̞ r iˑ b̥ ɑ ɫː o̞
veripallo	ʋ e̞ r iˑ p ɑ ɫː ŏ̞̥
veripunain	ʋ e̞ r iˑ b̥ u nˑ ɑ i̯ n
veripunain	ʋ e̞ r iˑ p u n ɑ i̯ n
verisooni	ʋ e̞ r iˑ s̠ oː nʲ
verisooni	ʋ e̞ r iˑ ʃ o̝ː n i
veritauti	ʋ e̞ r iˑ t ɑ u̯ d̥ i
veritauti	ʋ e̞ r iˑ t ɑ u̯ tʲ
veritilkka	ʋ e̞ r iˑ d̥ i ɫ kː ɑ
veritilkka	ʋ e̞ r iˑ tʲ i ɫ kː
verivilli	ʋ e̞ r iˑ ʋ i lʲː
verivilli	ʋ e̞ r iˑ ʋ i lː i
verka	ʋ e̞ r k
verka	ʋ e̞ r ɡ̊ ɑ
verkko	ʋ e̞ r kː o̞
verkko	ʋ e̞ r kː ŏ̞̥
verkkoaitta	ʋ e̞ r kː o̞ ɑ i̯ tː
verkkoaitta	ʋ e̞ r kː o̞ ɑ i̯ tː ɑ
verkkorihma	ʋ e̞ r kː o̞ r i ɣ̥ m ɑ
verkkorihma	ʋ e̞ r kː ŏ̞ r i h m
vernoi	ʋ e̞ r n o̞ i̯
vernoi	ʋ e̞ r n ŏ̞̥
vernoist	ʋ e̞ r n o̞ i̯ ʃ t
vernoist	ʋ e̞ r n ŏ̞ i̯ s̠ t
vernoist	ʋ e̞ r n ŏ̞ s̠ t
vers	ʋ e̞ r ʒ̥
vers	ʋ i r s̠ʲ
versta	ʋ e̞ r s̠ t
versta	ʋ e̞ r ʃ t ɑ
versu	ʋ e̞ r s̠ ŭ̥
versu	ʋ e̞ r ʒ̥ u
verta	ʋ e̞ r d̥ ɑ
verta	ʋ e̞ r t
veruttaa	ʋ e̞ r uˑ tː ɑ
veruttaa	ʋ e̞ r uˑ tː ɑː
vervi	ʋ e̞ r ʋ i
vervi	ʋ e̞ r ʋʲ
veräjä	ʋ e̞ r æ i̯
veräjä	ʋ e̞ rˑ æː j æ
veräjäpuu	ʋ e̞ r æˑ j æ p uː
veräjäpuu	ʋ e̞ rˑ æː j æ p uː
verövä	ʋ e̞ r ø̞ˑ ʋ
verövä	ʋ e̞ rˑ ø̝ː ʋ æ
vesa	ʋ e̞ s̠ ɑˑ
vesa	ʋ e̞ ʒ̥ ɑˑ
vesakas	ʋ e̞ s̠ ɑˑ k ə z̠
vesakas	ʋ e̞ ʒ̥ ɑˑ ɡ̊ ɑ ʒ̥
vesi	ʋ e̞ s̠ iˑ
vesi	ʋ e̞ ʒ̥ iˑ
vesielokas	ʋ e̞ s̠ iˑ e̞ ɫ o̞ˑ k ə z̠
vesielokas	ʋ e̞ ʒ̥ iˑ e̞ ɫ o̞ˑ ɡ̊ ɑ ʒ̥
vesiemä	ʋ e̞ s̠ iˑ e̞ m æˑ
vesiemä	ʋ e̞ ʒ̥ iˑ e̞ m æˑ
vesiemäntä	ʋ e̞ s̠ iˑ e̞ m æˑ n t
vesiemäntä	ʋ e̞ ʒ̥ iˑ e̞ m æˑ n d̥ æ
vesiheinä	ʋ e̞ s̠ iˑ h e̞ i̯ n
vesiheinä	ʋ e̞ ʒ̥ iˑ h e̞ i̯ n æ
vesihöyry	ʋ e̞ s̠ iˑ h ø̞ y̯ r y̥̆
vesihöyry	ʋ e̞ ʒ̥ iˑ h ø̞ y̯ r y
vesiitikkain	ʋ e̞ s̠ iˑ i tʲ iˑ kː ə i̯ n
vesiitikkain	ʋ e̞ ʒ̥ iˑ i d̥ iˑ kː ɑ i̯ n
vesikaavi	ʋ e̞ s̠ iˑ k ɑː ʋʲ
vesikaavi	ʋ e̞ ʒ̥ iˑ k ɑː ʋ i
vesikasvo	ʋ e̞ s̠ iˑ k ɑ z̠ ʋ ŏ̞̥
vesikasvo	ʋ e̞ ʒ̥ iˑ ɡ̊ ɑ ʒ̥ ʋ o̞
vesikelkka	ʋ e̞ s̠ iˑ k e̞ ɫ kː
vesikelkka	ʋ e̞ ʒ̥ iˑ ɡ̊ e̞ ɫ kː ɑ
vesikko	ʋ e̞ s̠ iˑ kː ŏ̞̥
vesikko	ʋ e̞ ʒ̥ iˑ kː o̞ i̯
vesikukka	ʋ e̞ s̠ iˑ k u kː
vesikukka	ʋ e̞ ʒ̥ iˑ ɡ̊ u kː ɑ
vesikulli	ʋ e̞ s̠ iˑ k u lʲː
vesikulli	ʋ e̞ ʒ̥ iˑ ɡ̊ u lː i
vesikäs	ʋ e̞ s̠ iˑ k ə z̠
vesikäs	ʋ e̞ ʒ̥ iˑ ɡ̊ æ ʒ̥
vesilintu	ʋ e̞ s̠ iˑ lʲ i n t ŭ̥
vesilintu	ʋ e̞ ʒ̥ iˑ lʲ i n d̥ u
vesilucikkain	ʋ e̞ s̠ iˑ ɫ u t͡ʃ iˑ kː ə i̯ n
vesilucikkain	ʋ e̞ ʒ̥ iˑ ɫ u t͡ʃ iˑ kː ɑ i̯ n
vesilätikkä	ʋ e̞ s̠ iˑ lʲ æ t iˑ kː
vesilätikkä	ʋ e̞ ʒ̥ iˑ l æ d̥ iˑ kː æ
vesimaonkotain	ʋ e̞ s̠ iˑ m ɑ o̞ˑ ŋ k o̞ t ɑ i̯ n
vesimaonkotain	ʋ e̞ ʒ̥ iˑ m ɑ o̞ˑ ŋ ɡ̊ o̞ tˑ ɑ i̯ n
vesimylly	ʋ e̞ s̠ iˑ m y lʲː y̥̆
vesimylly	ʋ e̞ ʒ̥ iˑ m y lː y
vesiopokka	ʋ e̞ s̠ iˑ o̞ p o̞ˑ kː
vesiopokka	ʋ e̞ ʒ̥ iˑ o̞ b̥ o̞ˑ kː ɑ
vesirakko	ʋ e̞ s̠ iˑ r ɑ kː ŏ̞̥
vesirakko	ʋ e̞ ʒ̥ iˑ r ɑ kː o̞
vesirotta	ʋ e̞ s̠ iˑ r o̞ tː
vesirotta	ʋ e̞ ʒ̥ iˑ r o̞ tː ɑ
vesitilkka	ʋ e̞ s̠ iˑ tʲ i ɫ kː
vesitilkka	ʋ e̞ ʒ̥ iˑ d̥ i ɫ kː ɑ
vesivilli	ʋ e̞ s̠ iˑ ʋ i lʲː
vesivilli	ʋ e̞ ʒ̥ iˑ ʋ i lː i
vessellä	ʋ e̞ s̠ː e̞ lʲː
vessellä	ʋ e̞ ʃː e̞ lː æ
vesselys	ʋ e̞ s̠ː ə lʲ y̆ z̠
vesselys	ʋ e̞ ʃː e̞ l y ʒ̥
vesselä	ʋ e̞ s̠ː e̞ lʲ
vesselä	ʋ e̞ ʃː e̞ l æ
vesseläst	ʋ e̞ s̠ː ə lʲ ə s̠ t
vesseläst	ʋ e̞ ʃː e̞ l æ ʃ t
vesseläst	ʋ e̞ ʃː e̞ l æː ʃ t
vestää	ʋ e̞ s̠ t æ
vestää	ʋ e̞ ʃ t æː
vesu	ʋ e̞ s̠ uˑ
vesu	ʋ e̞ ʒ̥ uˑ
vet	ʋ e̞ d
vet	ʋ e̞ d̥
vetelys	ʋ e̞ t e̞ˑ lʲ y̆ z̠
vetelys	ʋ e̞ tˑ e̝ː l y ʒ̥
vetelä	ʋ e̞ t e̞ˑ lʲ
vetelä	ʋ e̞ tˑ e̝ː l æ
vetka	ʋ e̞ t k
vetka	ʋ e̞ t k ɑ
veto	ʋ e̞ d̥ o̞ˑ
veto	ʋ e̞ t o̞ˑ
vetosolmi	ʋ e̞ d̥ o̞ˑ ʒ̥ o̞ ɫ m i
vetosolmi	ʋ e̞ t o̞ˑ s̠ o̞ ɫ mʲ
vettiissä	ʋ e̞ tː i s̠ː
vettiissä	ʋ e̞ tˑ iː ʃː æ
vettyä	ʋ e̞ tʲː ø̞
vettyä	ʋ e̞ tː y æ
vettää	ʋ e̞ tː æ
vettää	ʋ e̞ tː æː ɡ̊
vettää	ʋ e̞ tˑ æː
vetämys	ʋ e̞ t æˑ m y̆ z̠
vetämys	ʋ e̞ tˑ æː m y ʒ̥
vetämä	ʋ e̞ t æˑ m
vetämä	ʋ e̞ tˑ æː m æ
veättää	ʋ e̞ æˑ tː æ
veättää	ʋ e̞ æˑ tː æː
viha	ʋ i h ɑˑ
viha	ʋ i ɣ̥ ɑˑ
vihain	ʋ i h ɑ i̯ n
vihain	ʋ i xˑ ɑ i̯ n
vihata	ʋ i h ɑˑ t
vihata	ʋ i ɣ̥ ɑˑ d̥ ɑ
viheltää	ʋ i h e̞ˑ lʲ t æ
viheltää	ʋ i ɣ̥ e̞ˑ l d̥ æː
viherä	ʋ i h e̞ˑ r
viherä	ʋ i xˑ e̝ː r æ
vihko	ʋ i x k o̞
vihko	ʋ i x k ŏ̞̥
vihma	ʋ i h m
vihma	ʋ i ɣ̥ m ɑ
vihmakaari	ʋ i h m ə k ɑː rʲ
vihmakaari	ʋ i ɣ̥ m ɑ k ɑː r i
vihmakaarre	ʋ i h m ə k ɑː rː
vihmakaarre	ʋ i ɣ̥ m ɑ k ɑː rː e̞
vihmakaarto	ʋ i h m ə k ɑː r t ŏ̞̥
vihmakaarto	ʋ i ɣ̥ m ɑ k ɑː r d̥ o̞
vihmakas	ʋ i h m ə k ə z̠
vihmakas	ʋ i ɣ̥ m ɑ ɡ̊ ɑ ʒ̥
vihmakulli	ʋ i h m ə k u lʲː
vihmakulli	ʋ i ɣ̥ m ɑ ɡ̊ u lː i
vihmamatokkain	ʋ i h m ə m ɑ t o̞ˑ kː ə i̯ n
vihmamatokkain	ʋ i ɣ̥ m ɑ m ɑ d̥ o̞ˑ kː ɑ i̯ n
vihmapäivä	ʋ i h m ə p æ i̯ ʋ
vihmapäivä	ʋ i ɣ̥ m ɑ p æ i̯ ʋ æ
vihmoa	ʋ i h m o̞
vihmoa	ʋ i ɣ̥ m o̞ j ɑ
vihmoittaa	ʋ i h m ə tː ɑ
vihmoittaa	ʋ i ɣ̥ m o̞ i̯ tː ɑː
vihmoja	ʋ i h m ŏ̞ i̯
vihmoja	ʋ i ɣ̥ m o̞ j ɑ
viholain	ʋ i h o̞ˑ ɫ ə i̯ n
viholain	ʋ i ɣ̥ o̞ˑ ɫ ɑ i̯ n
vihta	ʋ i h t
vihta	ʋ i h t ɑ
vihura	ʋ i h uˑ r
vihura	ʋ i xˑ uː r ɑ
viihkura	ʋ iː x k u r ɑ
viihkura	ʋ iː x k ŭ r
viijes	ʋ iː j e̞ z̠
viijes	ʋ iː j e̞ ʒ̥
viijeskymmenäs	ʋ iː j e̞ ʃ k y mː e̞ n æ ʒ̥
viijeskymmenäs	ʋ iː j ə s̠ k y mː ə n ə z̠
viijespäivä	ʋ iː j e̞ ʃ p æ i̯ ʋ æ
viijespäivä	ʋʲ iː j ə s̠ p æ i̯ ʋ
viikate	ʋ iː k ə t
viikate	ʋ iː ɡ̊ ɑ d̥ e̞
viikate	ʋ iː ɡ̊ ɑ d̥ e̞ h
viikko	ʋ iː kː o̞
viikko	ʋ iː kː ŏ̞̥
viikolliin	ʋ iː k ŏ̞ lʲ lʲ i n e̞ˑ
viikolliin	ʋ iː ɡ̊ o̞ lː iː n
viilike	ʋ iː l i ɡ̊ e̞
viilike	ʋ iː lʲ ĭ k
viiliä	ʋ iː l i æ
viiliä	ʋ iː lʲ e̞
viimein	ʋ iː m e̞ i̯ n
viimeks	ʋ iː m e̞ k s̠
viimeks	ʋ iː m e̞ k ʃ
viimevootiin	ʋ iː m e̞ ʋ o̝ː t iː n
viimevootiin	ʋ iː m ə ʋ oː tʲ ĭ n
viimäin	ʋ iː m æ i̯ n
viimäin	ʋ iː m ə i̯ n
viimän	ʋ iː m æ n
viimän	ʋ iː m ə n
viimänki	ʋ iː m æ ŋ ɡ̊ i
viimänki	ʋ iː m ə ŋ kʲ
viina	ʋ iː n
viina	ʋ iː n ɑ
viinamarja	ʋ iː n ɑ m ɑ r j ɑ
viinamarja	ʋ iː n ə m ɑ r i
viinaveerre	ʋ iː n ɑ ʋ e̝ː rː e̞
viinaveerre	ʋ iː n ə ʋ eː rː
viiru	ʋ iː r u
viiru	ʋ iː r ŭ̥
viiruittaa	ʋ iː r u i̯ tː ɑː
viiruittaa	ʋ iː r ə i̯ tː ɑ
viirukas	ʋ iː r u ɡ̊ ɑ ʒ̥
viirukas	ʋ iː r ŭ k ə z̠
viis	ʋ iː s̠ʲ
viis	ʋ iː ʒ̥
viisas	ʋ iː s̠ ə z̠
viisas	ʋ iː ʒ̥ ɑ ʒ̥
viisi	ʋ iː s̠ʲ
viisi	ʋ iː ʒ̥ i
viiskymment	ʋ iː s̠ k y mː e̞ n t
viiskymment	ʋ iː ʃ k y mː e̝ː n d̥
viistoist	ʋ iː s̠ t ŏ̞ s̠ t
viistoist	ʋ iː ʃ t o̞ i̯ ʃ t
viitta	ʋ iː tː
viitta	ʋ iː tː ɑ
viittä	ʋ iː tː
viittä	ʋ iː tː æ
viišnjä	ʋ iː ʃ ɲ
viišnjä	ʋ iː ʒ̥ ɲ æ
viišnjäpuu	ʋ iː ʃ ɲ ə p uː
viišnjäpuu	ʋ iː ʒ̥ ɲ æ p uː
vika	ʋ i k ɑˑ
vika	ʋ i ɡ̊ ɑˑ
viksi	ʋ i k s̠ʲ
viksi	ʋ i k ʃ i
viksu	ʋ i k s̠ ŭ̥
viksu	ʋ i k ʃ u
vilahtaa	ʋ i ɫ ɑˑ h t ɑ
vilahtaa	ʋ i ɫ ɑˑ h t ɑː
vilahus	ʋ i ɫ ɑˑ h ŭ z̠
vilahus	ʋ i ɫˑ ɑː ɣ̥ u ʒ̥
vilissä	ʋ i l iˑ ʃː æ
vilissä	ʋ i lʲ iˑ s̠ː
vilja	ʋ i lʲ j ɑ
vilja	ʋ i lʲː
viljaaitta	ʋ i lʲ j ɑ ɑ i̯ tː ɑ
viljaaitta	ʋ i lʲː ɑ ɑ i̯ tː
viljapelto	ʋ i lʲ j ɑ b̥ e̞ ɫ d̥ o̞
viljapelto	ʋ i lʲː ə p e̞ ɫ t ŏ̞̥
viljarunni	ʋ i lʲ j ɑ r u nː i
viljarunni	ʋ i lʲː ə r u nʲː
viljasarka	ʋ i lʲ j ɑ ʒ̥ ɑ r ɡ̊ ɑ
viljasarka	ʋ i lʲː ə s̠ ɑ r k
viljellä	ʋ i lʲ j e̞ lː æ
viljellä	ʋ i lʲː e̞ lʲː
viljä	ʋ i lʲ j æ
viljä	ʋ i lʲː
vilkahtaa	ʋ i ɫ k ə h t ɑ
vilkahtaa	ʋ i ɫ ɡ̊ ɑ h t ɑː
vilkas	ʋ i ɫ k ə z̠
vilkas	ʋ i ɫ ɡ̊ ɑ ʒ̥
vilkka	ʋ i ɫ kː
vilkka	ʋ i ɫ kː ɑ
vilkkaa	ʋ i ɫ kː ɑ
vilkkaa	ʋ i ɫ kː ɑː
vilkuttaa	ʋ i ɫ k ə tː ɑ
vilkuttaa	ʋ i ɫ ɡ̊ u tː ɑː
villa	ʋ i ɫː
villa	ʋ i ɫː ɑ
villakas	ʋ i ɫː ɑ ɡ̊ ɑ ʒ̥
villakas	ʋ i ɫː ə k ə z̠
villakukka	ʋ i ɫː ɑ ɡ̊ u kː ɑ
villakukka	ʋ i ɫː ə k u kː
villalammas	ʋ i ɫː ɑ ɫ ɑ mː ɑ ʒ̥
villalammas	ʋ i ɫː ə ɫ ɑ mː ə z̠
villalanka	ʋ i ɫː ɑ ɫ ɑ ŋ ɡ̊ ɑ
villalanka	ʋ i ɫː ə ɫ ɑ ŋ k
villaleve	ʋ i ɫː ɑ l e̞ ʋ e̞ˑ
villaleve	ʋ i ɫː ə lʲ e̞ ʋ e̞ˑ
villanahka	ʋ i ɫː ɑ n ɑ x k ɑ
villanahka	ʋ i ɫː ə n ɑ x k
villapaita	ʋ i ɫː ɑ p ɑ i̯ d̥ ɑ
villapaita	ʋ i ɫː ə p ɑ i̯ t
villapää	ʋ i ɫː ɑ p æː
villapää	ʋ i ɫː ə p æː
villata	ʋ i ɫː ɑ d̥ ɑ
villata	ʋ i ɫː ə t
villi	ʋ i lʲː
villi	ʋ i lː i
villipulli	ʋ i lʲː ĭ p u lʲː
villipulli	ʋ i lː i b̥ u lː i
vilu	ʋ i ɫ uˑ
viluin	ʋ i ɫ u i̯ n
viluin	ʋ i ɫˑ u i̯ n
vimpa	ʋ i m b̥ ɑ
vimpa	ʋ i m p
vimpapiiras	ʋ i m b̥ ɑ p iː r ɑ ʒ̥
vimpapiiras	ʋ i m p ə p iː r ə z̠
vimpata	ʋ i m b̥ ɑ d̥ ɑ
vimpata	ʋ i m p ə t
vingerrellä	ʋ i ŋ ɡ ə rː e̞ lʲː
vingerrellä	ʋ i ŋ ɡ̊ e̞ r r e̞ lː æ
vingertää	ʋ i ŋ ɡ ə r t æ
vingertää	ʋ i ŋ ɡ̊ e̞ r d̥ æː
vinguttaa	ʋ i ŋ ɡ ə tː ɑ
vinguttaa	ʋ i ŋ ɡ̊ u tː ɑː
vinka	ʋ i ŋ k
vinka	ʋ i ŋ ɡ̊ ɑ
vinkiä	ʋ i ŋ k e̞
vinkiä	ʋ i ŋ k i æ
vinkua	ʋ i ŋ k o̞
vinkua	ʋ i ŋ k u ɑ
vinteli	ʋ i n d̥ e̞ lʲ i
vinteli	ʋ i n t e̞ lʲ
vintovka	ʋ i n d̥ o̞ f k ɑ
vintovka	ʋ i n t ŏ̞ f k
vipu	ʋ i b̥ uˑ
vipu	ʋ i p uˑ
vipukätyt	ʋ i b̥ uˑ ɡ̊ æ d̥ yˑ d̥
vipukätyt	ʋ i p uˑ k æ tʲ yˑ d
vire	ʋ i r e̞ˑ
virehtiä	ʋ i r e̞ˑ h t i æˑ
virehtiä	ʋ i r e̞ˑ h tʲ i æˑ
virite	ʋ i r iˑ t
virite	ʋ i rˑ iː d̥ e̞
virittyä	ʋ i r iˑ t t y æˑ
virittyä	ʋ i r iˑ tʲ tʲ y æˑ
virittää	ʋ i r iˑ tː æ
virittää	ʋ i r iˑ tː æː
virka	ʋ i r k
virka	ʋ i r ɡ̊ ɑ
viro	ʋ i r o̞ i̯
viro	ʋ i r o̞ˑ
virolain	ʋ i r o̞ˑ ɫ ɑ i̯ n
virolain	ʋ i r o̞ˑ ɫ ə i̯ n
virrata	ʋ i rː ɑ d̥ ɑ
virrata	ʋ i rː ə t
virsta	ʋ i r s̠ t
virsta	ʋ i r ʃ t ɑ
virta	ʋ i r d̥ ɑ
virta	ʋ i r t
visata	ʋ i s̠ ɑˑ t
visata	ʋ i ʒ̥ ɑˑ d̥ ɑ
viskoa	ʋ i s̠ k o̞
viskoa	ʋ i ʃ k o̞ j ɑ
vitsa	ʋ i t͡s ɑ
vitsa	ʋ i t͡s̠
vitsaaita	ʋ i t͡s ɑ ɑ i̯ d̥ ɑ
vitsaaita	ʋ i t͡s̠ ɑ ɑ i̯ t
vitsain	ʋ i t͡s ɑ i̯ n
vitsain	ʋ i t͡s̠ ə i̯ n
vitsamerta	ʋ i t͡s ɑ m e̞ r d̥ ɑ
vitsamerta	ʋ i t͡s̠ ə m e̞ r t
vittu	ʋ i tː u
vittu	ʋ i tː ŭ̥
viuhka	ʋ i u̯ x k
viuhka	ʋ i u̯ x k ɑ
viuhkaa	ʋ i u̯ x k ɑ
viuhkaa	ʋ i u̯ x k ɑː
vladenja	ʋ ɫ ɑ d e̞ ɲː
vladenja	ʋ ɫ ɑ d̥ e̞ˑ n j ɑ
vodoroda	ʋ o̞ d o̞ˑ r o̞ d ɑˑ
vodoroda	ʋ o̞ d̥ o̞ˑ r o̞ d̥ ɑˑ
vohma	ʋ o̞ h m
vohma	ʋ o̞ ɣ̥ m ɑ
vohmain	ʋ o̞ h m ə i̯ n
vohmain	ʋ o̞ ɣ̥ m ɑ i̯ n
voi	ʋ o̞ i̯
voija	ʋ o̞ i̯ j
voija	ʋ o̞ i̯ j ɑ
voije	ʋ o̞ i̯ j
voije	ʋ o̞ i̯ j e̞
voijella	ʋ o̞ i̯ j e̞ ɫː
voijella	ʋ o̞ i̯ j e̞ ɫː ɑ
voikirnu	ʋ o̞ i̯ k ə r n ŭ̥
voikirnu	ʋ o̞ i̯ ɡ̊ i r n u
voiliitti	ʋ o̞ i̯ lʲ iː tʲː
voiliitti	ʋ o̞ i̯ lʲ iː tː i
voima	ʋ o̞ i̯ m
voima	ʋ o̞ i̯ m ɑ
voimakagra	ʋ o̞ i̯ m ɑ ɡ̊ ɑ ɡ̊ r ɑ
voimakagra	ʋ o̞ i̯ m ə k ɑ ɡ r
voimakas	ʋ o̞ i̯ m ɑ ɡ̊ ɑ ʒ̥
voimakas	ʋ o̞ i̯ m ə k ə z̠
voimakkaamp	ʋ o̞ i̯ m ɑ k k ɑ ɣ̥ ɑˑ m b̥
voimakkaamp	ʋ o̞ i̯ m ə kː ɑ m pʲ
voimakkaamp	ʋ o̞ i̯ m ə kː ɑ pʲ
voimakkuus	ʋ o̞ i̯ m ɑ kː uː ʒ̥
voimakkuus	ʋ o̞ i̯ m ə kː u z̠
voimakkuussteeppeni	ʋ o̞ i̯ m ɑ kː uː ʃ ʃ t e̝ː pː e̞ n i
voimakkuussteeppeni	ʋ o̞ i̯ m ə kː uː s̠ s̠ t eː pː e̞ nʲ
voimatoin	ʋ o̞ i̯ m ɑ d̥ o̞ i̯ n
voimatoin	ʋ o̞ i̯ m ə t ŏ̞ i̯ n
voimistua	ʋ o̞ i̯ m i ʃ t u ɑˑ
voimistua	ʋ o̞ i̯ m ĭ s̠ t u ɑˑ
voimuro	ʋ o̞ i̯ m u r o̞ˑ
voipata	ʋ o̞ i̯ b̥ ɑ d̥ ɑˑ
voipata	ʋ o̞ i̯ p ɑ t ɑˑ
voiseeni	ʋ o̞ i̯ s̠ eː nʲ
voiseeni	ʋ o̞ i̯ ʃ e̝ː n i
voiska	ʋ o̞ i̯ s̠ k
voiska	ʋ o̞ i̯ ʃ k ɑ
voitaa	ʋ o̞ i̯ t ɑ
voitaa	ʋ o̞ i̯ t ɑː
voitella	ʋ o̞ i̯ d̥ e̞ ɫː ɑ
voitella	ʋ o̞ i̯ t e̞ ɫː
voittaa	ʋ o̞ i̯ tː ɑ
voittaa	ʋ o̞ i̯ tː ɑː
voittiissa	ʋ o̞ i̯ tʲː i s̠ː
voittiissa	ʋ o̞ i̯ tː iː ʃː ɑ
voitto	ʋ o̞ i̯ tː o̞
voitto	ʋ o̞ i̯ tː ŏ̞̥
voitua	ʋ o̞ i̯ t o̞
voitua	ʋ o̞ i̯ t u ɑ
voituin	ʋ o̞ i̯ t u i̯ n
voituin	ʋ o̞ i̯ t ŭ i̯ n
vokala	ʋ o̞ k ɑˑ ɫ
vokala	ʋ o̞ kˑ ɑː ɫ ɑ
vokalagarmonia	ʋ o̞ k ɑˑ ɫ ɑ ɡ ɑ r m ŏ̞ n i ɑˑ
vokalagarmonia	ʋ o̞ ɡ̊ ɑˑ ɫ ɑ ɡ̊ ɑ r m o̞ n i ɑˑ
vokalapohja	ʋ o̞ k ɑˑ ɫ ɑ p o̞ h i
vokalapohja	ʋ o̞ kˑ ɑː ɫ ɑ b̥ o̞ ɣ̥ j ɑ
vokzala	ʋ o̞ k z̠ ə ɫ
vokzala	ʋ o̞ k ʃ ɑ ɫ ɑ
voli	ʋ o̞ l iˑ
voli	ʋ o̞ lʲ iˑ
voljnitsa	ʋ o̞ lʲ n i t͡s ɑ
voljnitsa	ʋ o̞ lʲ n ĭ t͡s̠
voljnoi	ʋ o̞ lʲ n o̞ i̯
voljnoi	ʋ o̞ lʲ n ŏ̞̥
volosti	ʋ o̞ ɫ o̞ˑ s̠ tʲ
volosti	ʋ o̞ ɫ o̞ˑ ʃ t i
vonka	ʋ o̞ ŋ k
vonka	ʋ o̞ ŋ ɡ̊ ɑ
voohi	ʋ oː hʲ
voohi	ʋ o̝ː ɣ̥ i
voohilintu	ʋ oː h ĭ lʲ i n t ŭ̥
voohilintu	ʋ o̝ː ɣ̥ i lʲ i n d̥ u
voona	ʋ oː n
voona	ʋ o̝ː n ɑ
voonain	ʋ oː n ə i̯ n
voonain	ʋ o̝ː n ɑ i̯ n
voonna	ʋ oː nː
voonna	ʋ o̝ː n
voonna	ʋ o̝ː nː ɑ
voonnain	ʋ oː nː ə i̯ n
voonnain	ʋ o̝ː nː ɑ i̯ n
vooro	ʋ oː r ŏ̞̥
vooro	ʋ o̝ː r o̞
voos	ʋ oː s̠ʲ
voos	ʋ o̝ː ʒ̥
voossata	ʋ oː s̠ s̠ ɑ t ɑˑ
voossata	ʋ o̝ː ʃ ʃ ɑ d̥ ɑˑ
vootta	ʋ oː tː
vootta	ʋ o̝ː tː ɑ
voovve	ʋ oː ʋː
voovve	ʋ o̝ː ʋː e̞
voovvelt	ʋ oː ʋː e̞ ɫ t
voovvelt	ʋ o̝ː ʋː e̝ː l d̥
voovvenvarsa	ʋ oː ʋː ə n ʋ ɑ r s̠
voovvenvarsa	ʋ o̝ː ʋː e̞ n ʋ ɑ r ʒ̥ ɑ
vot	ʋ o̞ d
vot	ʋ o̞ d̥
votka	ʋ o̞ t k
votka	ʋ o̞ t k ɑ
vozduha	ʋ o̞ z̠ d ŭ h
vozduha	ʋ o̞ ʃ t u ɣ̥ ɑ
vrednoi	ʋ r e̞ d n ŏ̞̥
vrednoi	ʋ r e̞ d̥ n o̞ i̯
vuhissa	ʋ u h iˑ s̠ː
vuhissa	ʋ u ɣ̥ iˑ ʃː ɑ
vunukka	ʋ u n uˑ kː
vunukka	ʋ u n uˑ kː ɑ
vurahtaa	ʋ u r ɑˑ h t ɑ
vurahtaa	ʋ u r ɑˑ h t ɑː
vurra	ʋ u rː
vurra	ʋ u rː ɑ
vyyhti	ʋ yː h t i
vyyhti	ʋ yː h tʲ
vyyhtipuu	ʋ yː h t i p uː
vyyhtipuu	ʋ yː h tʲ ĭ p uː
vyyhtiä	ʋ yː h t i æ
vyyhtiä	ʋ yː h tʲ e̞
vähemmän	ʋ æ h e̞ˑ mː ə n
vähemmän	ʋ æ ɣ̥ e̞ˑ mː æ n
vähemp	ʋ æ h e̞ˑ m pʲ
vähemp	ʋ æ h e̞ˑ pʲ
vähemp	ʋ æ ɣ̥ e̞ˑ m b̥
vähennettävä	ʋ æ h e̞ˑ n n e̞ tː ə ʋ
vähennettävä	ʋ æ ɣ̥ e̞ˑ n n e̞ tː æ ʋ æ
vähentyä	ʋ æ h e̞ˑ n tʲ y æˑ
vähentyä	ʋ æ ɣ̥ e̞ˑ n t y æˑ
vähentäjä	ʋ æ h e̞ˑ n t æ j æˑ
vähentäjä	ʋ æ ɣ̥ e̞ˑ n d̥ æ j æˑ
vähentämiin	ʋ æ h e̞ˑ n t æ m iˑ n
vähentämiin	ʋ æ ɣ̥ e̞ˑ n d̥ æ mˑ iː n
vähentää	ʋ æ h e̞ˑ n t æ
vähentää	ʋ æ ɣ̥ e̞ˑ n d̥ æː
vähittee	ʋ æ h iˑ tː e̞
vähittee	ʋ æ ɣ̥ iˑ tː e̝ː
vähä	ʋ æ h æˑ
vähä	ʋ æ ɣ̥ æˑ
vähälumiin	ʋ æ h æˑ ɫ u m iˑ n
vähälumiin	ʋ æ ɣ̥ æˑ ɫ u mˑ iː n
vähämeeliin	ʋ æ h æˑ m eː lʲ ĭ n
vähämeeliin	ʋ æ ɣ̥ æˑ m e̝ː lʲ iː n
vähänäkyvä	ʋ æ h æˑ n æ k yˑ ʋ
vähänäkyvä	ʋ æ ɣ̥ æˑ n æ kˑ yː ʋ æ
vähäramoin	ʋ æ h æˑ r ɑ m o̞ i̯ n
vähäramoin	ʋ æ ɣ̥ æˑ r ɑ mˑ o̞ i̯ n
vähätiitoin	ʋ æ h æˑ t iː t ŏ̞ i̯ n
vähätiitoin	ʋ æ ɣ̥ æˑ t iː t o̞ i̯ n
väittää	ʋ æ i̯ tː æ
väittää	ʋ æ i̯ tː æː
väki	ʋ æ k iˑ
väki	ʋ æ ɡ̊ iˑ
väkkärä	ʋ æ kː æ r æ
väkkärä	ʋ æ kː ə r
väkkäräpuu	ʋ æ kː æ r æ p uː
väkkäräpuu	ʋ æ kː ə r æ p uː
väkövä	ʋ æ k e̞ˑ ʋ
väkövä	ʋ æ kˑ ø̝ː ʋ æ
väli	ʋ æ lʲ iˑ
väliavanto	ʋ æ lʲ iˑ ɑ ʋ ɑˑ n d̥ o̞
väliavanto	ʋ æ lʲ iˑ ɑ ʋ ɑˑ n t ŏ̞̥
välil	ʋ æ lʲ iˑ lʲ
välil	ʋ æ lʲ iˑ lʲː
välin	ʋ æ lʲ iˑ n
välis	ʋ æ lʲ iˑ s̠ː
välis	ʋ æ lʲ iˑ ʒ̥
välist	ʋ æ lʲ iˑ s̠ t
välist	ʋ æ lʲ iˑ ʃ t
välistää	ʋ æ lʲ iˑ s̠ t æ
välistää	ʋ æ lʲ iˑ ʃ t æː
väljä	ʋ æ lʲ j æ
väljä	ʋ æ lʲː
väljää	ʋ æ lʲ j æː
väljää	ʋ æ lʲː æ
vällii	ʋ æ lʲː i
vällii	ʋ æ lʲː i s̠ː
vällii	ʋ æ lʲˑ iː
vällää	ʋ æ lʲː æ
vällää	ʋ æ lˑ æː
välttää	ʋ æ lʲ tː æ
välttää	ʋ æ lʲ tː æː
värissä	ʋ æ r iˑ s̠ː
värissä	ʋ æ r iˑ ʃː æ
värski	ʋ æ r s̠ kʲ
värski	ʋ æ r ʃ k i
värttänä	ʋ æ r tː æ n æ
värttänä	ʋ æ r tː ə n
värttänämato	ʋ æ r tː æ n æ m ɑ d̥ o̞ˑ
värttänämato	ʋ æ r tː ə n æ m ɑ t o̞ˑ
väry	ʋ æ r yˑ
vässyä	ʋ æ s̠ː ø̞
vässyä	ʋ æ ʃˑ y æ
västärö	ʋ æ s̠ t ə r ø̞̥̆
västärö	ʋ æ ʃ t æ r ø̞ i̯
västö	ʋ æ s̠ t ø̞̥̆
västö	ʋ æ ʃ t ø̞ i̯
västölintu	ʋ æ s̠ t ø̞̆ lʲ i n t ŭ̥
västölintu	ʋ æ ʃ t ø̞ j lʲ i n d̥ u
väsyttää	ʋ æ s̠ yˑ tː æ
väsyttää	ʋ æ ʒ̥ yˑ tː æː
vävy	ʋ æ ʋ yˑ
vääntää	ʋ æː n t æ
vääntää	ʋ æː n t æː
väärys	ʋ æː r y ʒ̥
väärys	ʋ æː r y̆ z̠
väärä	ʋ æː r
väärä	ʋ æː r æ
vääskö	ʋ æː s̠ k ø̞̥̆
vääskö	ʋ æː ʃ k ø̞ i̯
vöglä	ʋ ø̞ ɡ l æ
vöglä	ʋ ø̞ ɡ lʲ
vöglä	ʋ ø̞ ɡ̊ l æ
vöö	ʋ øː
vöö	ʋ ø̝ː
vöönkohta	ʋ øː ŋ k o̞ h t
vöönkohta	ʋ ø̝ː ŋ ɡ̊ o̞ h t ɑ
yheksikkö	y h e̞ˑ k s̠ i kː ø̞̥̆
yheksikkö	y ɣ̥ e̞ˑ k ʃ i kː ø̞ i̯
yheksän	y h e̞ˑ k s̠ ə n
yheksän	y ɣ̥ e̞ˑ k ʃ æ n
yheksänkymment	y h e̞ˑ k s̠ æ ŋ k y mː e̞ n t
yheksänkymment	y ɣ̥ e̞ˑ k ʃ æ ŋ ɡ̊ y mː e̝ː n d̥
yheksäntoist	y h e̞ˑ k s̠ æ n t ŏ̞ s̠ t
yheksäntoist	y ɣ̥ e̞ˑ k ʃ æ n t o̞ i̯ ʃ t
yheksäs	y h e̞ˑ k s̠ ə z̠
yheksäs	y ɣ̥ e̞ˑ k ʃ æ ʒ̥
yheksäskymmenäs	y h e̞ˑ k s̠ æ s̠ k y mː ə n ə z̠
yheksäskymmenäs	y ɣ̥ e̞ˑ k ʃ æ ʃ k y mː e̞ n æ ʒ̥
yhenlaajain	y h e̞ˑ n ɫ ɑː j ə i̯ n
yhenlaajain	y ɣ̥ e̞ˑ n ɫ ɑː j ɑ i̯ n
yhenlain	y h e̞ˑ n ɫ ə i̯ n
yhenlain	y ɣ̥ e̞ˑ n ɫ ɑ i̯ n
yhissetty	y h iˑ s̠ s̠ e̞ tʲː y̥̆
yhissetty	y ɣ̥ iˑ ʃ ʃ e̞ tː y
yhistää	y h iˑ s̠ t æ
yhistää	y ɣ̥ iˑ ʃ t æː
yhtee	y h t e̝ː
yhtee	y h t e̞
yhtehys	y h t e̞ ɣ̥ y ʒ̥
yhtehys	y h t ə h y̆ z̠
yhtehystee	y h t e̞ ɣ̥ y ʃ t e̝ː
yhtehystee	y h t ə h y s̠ t eː
yhtehös	y h t e̞ ɣ̥ ø̞ ʒ̥
yhtehös	y h t ə h ø̞̆ z̠
yhtein	y h t e̞ i̯ n
yhtperrää	y h t p e̞ rː æ
yhtperrää	y h t p e̞ rˑ æː
yhtymiin	y h t y m iː n
yhtymiin	y h tʲ y̆ m i n e̞ˑ
yhtyä	y h t y æ
yhtyä	y h tʲ ø̞
yhtä	y h t
yhtä	y h t æ
yhtäperrää	y h t æ b̥ e̞ rˑ æː
yhtäperrää	y h t ə p e̞ rː æ
yhtää	y h t æ
yhtää	y h t æː
yks	y k s̠
yks	y k ʃ
yksikkö	y k s̠ ə kː ø̞̥̆
yksikkö	y k ʃ i kː ø̞ i̯
yksikköforma	y k s̠ ə kː ø̞ f o̞ r m
yksikköforma	y k ʃ i kː ø̞ i̯ f o̞ r m ɑ
yksintää	y k s̠ ə n t æ
yksintää	y k ʃ i n t æː
yksinää	y k s̠ ə n æ
yksinää	y k ʃ i n æː
yksittää	y k s̠ ə tː æ
yksittää	y k ʃ i tː æː
ykskolmatta	y k s̠ k o̞ ɫ m ə tː
ykskolmatta	y k ʃ k o̞ ɫ m ɑ tː ɑ
yksmaštiin	y k s̠ m ɑ ʃ tʲ ĭ n
yksmaštiin	y k ʃ m ɑ ʃ t iː n
yksslogain	y k s̠ s̠ ɫ o̞ ɡ ɑ i̯ n
yksslogain	y k ʃ ʃ ɫ o̞ kˑ ɑ i̯ n
ykstoist	y k s̠ t ŏ̞ s̠ t
ykstoist	y k ʃ t o̞ i̯ ʃ t
yksznacnoi	y k s̠ z̠ n ɑ t͡ʃ n ŏ̞̥
yksznacnoi	y k ʃ ʃ n ɑ t͡ʃ n o̞ i̯
ylemmäks	y l e̞ˑ mː æː k ʃ
ylemmäks	y lʲ e̞ˑ mː ə k s̠
ylemmäs	y l e̞ˑ mː æ ʒ̥
ylemmäs	y lʲ e̞ˑ mː ə z̠
ylemmääl	y l e̞ˑ mː æː l
ylemmääl	y lʲ e̞ˑ mː ə lʲː
ylempäin	y l e̞ˑ m p æ i̯ n
ylempäin	y lʲ e̞ˑ m p ə i̯ n
ylentäjä	y l e̞ˑ n d̥ æ j æˑ
ylentäjä	y lʲ e̞ˑ n t æ j æˑ
ylentäjäin	y l e̞ˑ n d̥ æ j æ i̯ n
ylentäjäin	y lʲ e̞ˑ n t æ j æ i̯ n
ylentää	y l e̞ˑ n t æː
ylentää	y lʲ e̞ˑ n t æ
yletä	y l e̞ˑ d̥ æ
yletä	y lʲ e̞ˑ t
yli	y lʲ iˑ
ylihoomeen	y lʲ iˑ h oː m e̞ n
ylihoomeen	y lʲ iˑ h o̝ː m e̝ː n
ylileuka	y lʲ iˑ l e̞ u̯ ɡ̊ ɑ
ylileuka	y lʲ iˑ lʲ e̞ u̯ k
ylimaarit	y lʲ iˑ m ɑː r i d̥
ylimaarit	y lʲ iˑ m ɑː r ĭ d
yliniitty	y lʲ iˑ n iː tʲː y̥̆
yliniitty	y lʲ iˑ n iː tː y
ylioppi	y lʲ iˑ o̞ pʲː
ylioppi	y lʲ iˑ o̞ pː i
yliotsa	y lʲ iˑ o̞ t͡s ɑ
yliotsa	y lʲ iˑ o̞ t͡s̠
yliripsut	y lʲ iˑ r i p s̠ ŭ d
yliripsut	y lʲ iˑ r i p ʃ u d̥
yllää	y lʲː æ
yllää	y lˑ æː
yllääl	y l æˑ h æː l
yllääl	y lʲː æ lʲː
ylläälle	y l æˑ ɣ̥ æ lː e̞
ylläälle	y lʲː æ lʲː
ylläält	y l æˑ h æː lʲ d̥
ylläält	y lʲː æ lʲ t
ylpiä	y lʲ p e̞
ylpiä	y lʲ p i æ
ylämeri	y l æˑ m e̞ r iˑ
ylämeri	y lʲ æˑ m e̞ r iˑ
ylänkö	y l æˑ ŋ ɡ̊ ø̞
ylänkö	y lʲ æˑ ŋ k ø̞̥̆
yläselys	y l æˑ ʒ̥ e̞ l yˑ ʒ̥
yläselys	y lʲ æˑ s̠ e̞ lʲ yˑ z̠
yläsokka	y lʲ æˑ s̠ o̞ kː
yläsokka	y lʲ æˑ ʒ̥ o̞ kː ɑ
ylös	y l ø̞ˑ ʒ̥
ylös	y lʲ ø̞ˑ z̠
ymmyrkäin	y mː y r k æ i̯ n
ymmyrkäin	y mː y̆ r k ə i̯ n
ymmärtää	y mː æ r d̥ æː
ymmärtää	y mː ə r t æ
ympyrkäin	y m b̥ y r k æ i̯ n
ympyrkäin	y m p y̆ r k ə i̯ n
ympäriil	y m b̥ æ r iː lʲ
ympäriil	y m p ə r ĭ lʲː
ympärikko	y m b̥ æ r i kː o̞ i̯
ympärikko	y m p ə r i kː ŏ̞̥
ympärkäin	y m b̥ æ r k æ i̯ n
ympärkäin	y m p ə r k ə i̯ n
ympärys	y m p æ r y ʒ̥
ympärys	y m p ə r y̆ z̠
ympäröittää	y m b̥ æ r ø̞ i̯ tː æː
ympäröittää	y m p ə r ø̞ i̯ tː æ
ympäröivä	y m b̥ æ r ø̞ i̯ ʋ æ
ympäröivä	y m p ə r ø̞̆ j ʋ
ympäär	y m p æː r
ympäär	y m p ə rʲ
yrittää	y r iˑ tː æ
yrittää	y r iˑ tː æː
yrnää	y r n æ
yrnää	y r n æː
ystävä	y s̠ t ə ʋ
ystävä	y ʃ t æ ʋ æ
zadaci	z̠ ɑ d ɑˑ t͡ʃʲ
zadaci	ʃ ɑ tˑ ɑː t͡ʃ i
zakona	z̠ ɑ k o̞ˑ n
zakona	ʃ ɑ kˑ o̝ː n ɑ
zaliva	z̠ ɑ lʲ iˑ ʋ
zaliva	ʃ ɑ lˑ iː ʋ ɑ
zanaveska	z̠ ɑ n ɑˑ ʋ e̞ s̠ k
zanaveska	ʃ ɑ n ɑˑ ʋ e̞ ʃ k ɑ
zavoda	z̠ ɑ ʋ o̞ˑ d
zavoda	ʃ ɑ ʋˑ o̝ː d̥ ɑ
zontikka	z̠ o̞ n tʲ ĭ kː
zontikka	ʃ o̞ n d̥ i kː ɑ
zoona	z̠ oː n
zoona	ʃ o̝ː n ɑ
zooparkka	z̠ o̞ o̞ˑ p ɑ r kː
zooparkka	ʃ o̞ o̞ˑ b̥ ɑ r kː ɑ
zveeri	z̠ ʋ eː rʲ
zveeri	ʃ ʋ e̝ː r i
Äijäpyhä	æ i̯ j æ b̥ y ɣ̥ æˑ
Äijäpyhä	æ i̯ j ə p y h æˑ
Äijäpäivä	æ i̯ j æ p æ i̯ ʋ æ
Äijäpäivä	æ i̯ j ə p æ i̯ ʋ
Äijäpäiväöö	æ i̯ j æ p æ i̯ ʋ æ ø̝ː
Äijäpäiväöö	æ i̯ j ə p æ i̯ ʋ æ øː
ägrämöin	æ ɡ r ə m ø̞̆ i̯ n
ägrämöin	æ ɡ̊ r æ m ø̞ i̯ n
äijä	æ i̯ j
äijä	æ i̯ j æ
äijöin	æ i̯ j ø̞ i̯ n
äijöin	æ i̯ j ø̞̆ i̯ n
äkki	æ kʲː
äkki	æ kː i
äkkiammus	æ kː i ɑ mː u ʒ̥
äkkiammus	æ kː i ɑ mː ŭ z̠
äkkinäin	æ kː i n æ i̯ n
äkkinäin	æ kː ĭ n ə i̯ n
äkkistää	æ kː i ʃ t æː
äkkistää	æ kː ə s̠ t æ
äky	æ k yˑ
äky	æ ɡ̊ yˑ
äkykäs	æ k yˑ k ə z̠
äkykäs	æ ɡ̊ yˑ ɡ̊ æ ʒ̥
äkätä	æ k æˑ t
äkätä	æ ɡ̊ æˑ d̥ æ
äly	æ l yˑ
äly	æ lʲ yˑ
ämmä	æ mː
ämmä	æ mː æ
ämmö	æ mː ø̞ i̯
ämmö	æ mː ø̞̥̆
ängeli	æ ŋ k e̞ lʲ i
ängeli	æ ŋ ɡ e̞ lʲ
änkkelä	æ ŋ kː e̞ l æ
änkkelä	æ ŋ kː e̞ lʲ
ärnää	æ r n æ
ärnää	æ r n æː
ärvärtää	æ r ʋ æ r d̥ æː
ärvärtää	æ r ʋ ə r t æ
ässä	æ s̠ː
ässä	æ ʃː æ
ätinnimi	æ d̥ iˑ n n i m iˑ
ätinnimi	æ tʲ iˑ n n i m iˑ
ätitöin	æ d̥ iˑ d̥ ø̞ i̯ n
ätitöin	æ tʲ iˑ t ø̞̆ i̯ n
ätsimä	æ t͡s i m æ
ätsimä	æ t͡s̠ ĭ m
ätsintimä	æ t͡s i n d̥ i m æˑ
ätsintimä	æ t͡s̠ ĭ n tʲ i m æˑ
ätti	æ tʲː
ätti	æ tː i
ätälikko	æ d̥ æˑ lʲ i kː o̞ i̯
ätälikko	æ t æˑ lʲ i kː ŏ̞̥
ätälikkö	æ d̥ æˑ lʲ i kː ø̞ i̯
ätälikkö	æ t æˑ lʲ i kː ø̞̥̆
ätälä	æ t æˑ lʲ
ätälä	æ tˑ æː l æ
äänehtiä	æː n e̞ h t i æˑ
äänehtiä	æː n ə h tʲ i æˑ
äänekäs	æː n e̞ ɡ̊ æ ʒ̥
äänekäs	æː n ə k ə z̠
äänetöin	æː n e̞ d̥ ø̞ i̯ n
äänetöin	æː n ə t ø̞̆ i̯ n
ääni	æː n i
ääni	æː nʲ
äänikeeli	æː n i k e̝ː lʲ i
äänikeeli	æː n ĭ k eː lʲ
äänioppi	æː n i o̞ pʲː
äänioppi	æː n i o̞ pː i
äänisostava	æː n i ʒ̥ o̞ ʃ t ɑ ʋ ɑ
äänisostava	æː n ĭ s̠ o̞ s̠ t ə ʋ
ääntää	æː n t æ
ääntää	æː n t æː
ääree	æː r e̝ː
ääree	æː r e̞
äärees	æː r e̝ː ʒ̥
äärees	æː r e̞ s̠ː
ääri	æː r i
ääri	æː rʲ
äärimäin	æː r i m æ i̯ n
äärimäin	æː r ĭ m ə i̯ n
äärykset	æː r y k ʃ e̞ d̥
äärykset	æː r y̆ k s̠ e̞ d
öittee	ø̞ i̯ tː e̝ː
öittee	ø̞ i̯ tː e̞
öksyttää	ø̞ k s̠ ə tː æ
öksyttää	ø̞ k ʃ y tː æː
öksyä	ø̞ k s̠ ø̞
öksyä	ø̞ k ʃ y æ
ölissä	ø̞ lʲ iˑ s̠ː
ölissä	ø̞ lʲ iˑ ʃː æ
öljy	ø̞ lʲ j y
öljy	ø̞ lʲː y̥̆
öljytä	ø̞ lʲ j y d̥ æ
öljytä	ø̞ lʲː y̆ t
öljyvaate	ø̞ lʲ j y ʋ ɑː d̥ e̞
öljyvaate	ø̞ lʲː y̆ ʋ ɑː t
örinä	ø̞ r iˑ n
örinä	ø̞ rˑ iː n æ
örissä	ø̞ r iˑ s̠ː
örissä	ø̞ r iˑ ʃː æ
öö	øː
öö	ø̝ː
ööeitsi	øː e̞ i̯ t͡s̠ʲ
ööeitsi	ø̝ː e̞ i̯ t͡s i
ööitku	øː i t k ŭ̥
ööitku	ø̝ː i t k u
öökaus	øː k ɑ u̯ z̠
öökaus	ø̝ː k ɑ u̯ ʒ̥
ööl	øː lʲː
ööl	ø̝ː l
öölaakko	øː ɫ ɑː kː ŏ̞̥
öölaakko	ø̝ː ɫ ɑː kː o̞ i̯
öölapakko	øː ɫ ɑ p ɑˑ kː ŏ̞̥
öölapakko	ø̝ː ɫ ɑ b̥ ɑˑ kː o̞ i̯
öömaja	øː m ɑ j ɑˑ
öömaja	ø̝ː m ɑ j ɑˑ
öömato	øː m ɑ t o̞ˑ
öömato	ø̝ː m ɑ d̥ o̞ˑ
öönikka	øː n ĭ kː
öönikka	ø̝ː n i kː ɑ
ööpyytö	øː p yː t ø̞̥̆
ööpyytö	ø̝ː p yː d̥ ø̞
öösiha	øː s̠ i h ɑˑ
öösiha	ø̝ː ʒ̥ i ɣ̥ ɑˑ
öövahti	øː ʋ ɑ h tʲ
öövahti	ø̝ː ʋ ɑ h t i
šaapka	ʃ ɑː p k
šaapka	ʃ ɑː p k ɑ
šaara	ʃ ɑː r
šaara	ʃ ɑː r ɑ
šaarikka	ʃ ɑː r i kː ɑ
šaarikka	ʃ ɑː r ĭ kː
šahmatat	ʃ ɑ h m ə t ə d
šahmatat	ʃ ɑ ɣ̥ m ɑ d̥ ɑ d̥
šarffi	ʃ ɑ r fʲː
šarffi	ʃ ɑ r fː i
šarfi	ʃ ɑ r f i
šarfi	ʃ ɑ r fʲ
šaška	ʃ ɑ ʃ k
šaška	ʃ ɑ ʃ k ɑ
šaškalauta	ʃ ɑ ʃ k ɑ ɫ ɑ u̯ d̥ ɑ
šaškalauta	ʃ ɑ ʃ k ə ɫ ɑ u̯ t
šestidnevka	ʃ e̞ s̠ tʲ ĭ d n e̞ ʋ k
šestidnevka	ʃ e̞ ʃ t i d n e̞ ʋ ɡ̊ ɑ
šimpanze	ʃ i m b̥ ɑ n ʒ̥ e̞
šimpanze	ʃ i m p ə n z̠
škaappi	ʃ k ɑː pʲː
škaappi	ʃ k ɑː pː i
škeettikka	ʃ k eː tʲː ĭ kː
škeettikka	ʃ k e̝ː tː i kː ɑ
škoulu	ʃ k o̞ u̯ ɫ u
škoulu	ʃ k o̞ u̯ ɫ ŭ̥
šljuuhata	ʃ lʲ uː h ə t
šljuuhata	ʃ lʲ uː ɣ̥ ɑ d̥ ɑ
šlääppi	ʃ l æː pː i
šlääppi	ʃ lʲ æː pʲː
šnurkka	ʃ n u r kː
šnurkka	ʃ n u r kː ɑ
šnääkki	ʃ n æː kʲː
šnääkki	ʃ n æː kː i
šolikkoa	ʃ o̞ l iˑ k k o̞ j ɑˑ
šolikkoa	ʃ o̞ lʲ iˑ k k o̞ ɑˑ
šolissa	ʃ o̞ l iˑ ʃː ɑ
šolissa	ʃ o̞ lʲ iˑ s̠ː
šolkata	ʃ o̞ ɫ k ə t
šolkata	ʃ o̞ ɫ ɡ̊ ɑ d̥ ɑ
šolkka	ʃ o̞ ɫ kː
šolkka	ʃ o̞ ɫ kː ɑ
šolkkia	ʃ o̞ ɫ kː e̞
šolkkia	ʃ o̞ ɫ kː i ɑ
šolkkia	ʃ o̞ ɫ kː ĭ j
šolkku	ʃ o̞ ɫ kː u
šolkku	ʃ o̞ ɫ kː ŭ̥
šolkkuna	ʃ o̞ ɫ kː u n ɑ
šolkkuna	ʃ o̞ ɫ kː ŭ n
šommela	ʃ o̞ mː e̞ ɫ
šommela	ʃ o̞ mː e̞ ɫ ɑ
šommeloittaa	ʃ o̞ mː e̞ ɫ o̞ i̯ tː ɑː
šommeloittaa	ʃ o̞ mː ə ɫ o̞ i̯ tː ɑ
šommeltaa	ʃ o̞ mː e̞ ɫ d̥ ɑː
šommeltaa	ʃ o̞ mː ə ɫ t ɑ
šommeltua	ʃ o̞ mː e̞ ɫ d̥ u ɑˑ
šommeltua	ʃ o̞ mː ə ɫ t u ɑˑ
šotka	ʃ o̞ t k
šotka	ʃ o̞ t k ɑ
šotkata	ʃ o̞ t k ɑ d̥ ɑ
šotkata	ʃ o̞ t k ə t
špeili	ʃ p e̞ i̯ l i
špeili	ʃ p e̞ i̯ lʲ
šrifta	ʃ r i f t
šrifta	ʃ r i f t ɑ
štaatta	ʃ t ɑː tː
štaatta	ʃ t ɑː tː ɑ
štoopata	ʃ t oː p ə t
štoopata	ʃ t o̝ː b̥ ɑ d̥ ɑ
šulkku	ʃ u ɫ kː u
šulkku	ʃ u ɫ kː ŭ̥
šulkkuin	ʃ u ɫ kː u i̯ n
šulkkuin	ʃ u ɫ kː ŭ i̯ n
šulkkupolle	ʃ u ɫ kː u b̥ o̞ ɫː e̞
šulkkupolle	ʃ u ɫ kː ŭ p o̞ ɫː
šulkkusukka	ʃ u ɫ kː u ʒ̥ u kː ɑ
šulkkusukka	ʃ u ɫ kː ŭ s̠ u kː
šulkkuvöö	ʃ u ɫ kː u ʋ ø̝ː
šulkkuvöö	ʃ u ɫ kː ŭ ʋ øː
šumu	ʃ u m uˑ
šutti	ʃ u tʲː
šutti	ʃ u tː i
šuuba	ʃ uː b
šuuba	ʃ uː b̥ ɑ
šuutka	ʃ uː t k
šuutka	ʃ uː t k ɑ
šuutkia	ʃ uː t k e̞
šuutkia	ʃ uː t k i ɑ
šuutkia	ʃ uː t k ĭ j
šuutkikas	ʃ uː t k i ɡ̊ ɑ ʒ̥
šuutkikas	ʃ uː t k ĭ k ə z̠
šuutkuri	ʃ uː t k u r i
šuutkuri	ʃ uː t k ŭ rʲ
žaabrat	ʃ ɑː b̥ r ɑ d̥
žaabrat	ʒ ɑː b r ə d
žaali	ʃ ɑː l i
žaali	ʒ ɑː lʲ
žaalivoija	ʃ ɑː l i ʋ o̞ i̯ j ɑ
žaalivoija	ʒ ɑː lʲ ĭ ʋ ŏ̞ i̯
žaalivoittaa	ʃ ɑː l i ʋ o̞ i̯ tː ɑː
žaalivoittaa	ʒ ɑː lʲ ĭ ʋ o̞ i̯ tː ɑ
žaarittaa	ʃ ɑː r i tː ɑː
žaarittaa	ʒ ɑː r ə tː ɑ
žaaru	ʃ ɑː r u
žaaru	ʒ ɑː r ŭ̥
že	ʃ e̞
že	ʒ e̞
žiidalain	ʃ iː d̥ ɑ ɫ ɑ i̯ n
žiidalain	ʒ iː d ə ɫ ə i̯ n
žirafa	ʃ i rˑ ɑː f ɑ
žirafa	ʒ i r ɑˑ f
