A	a
A	e
AB	e b i
ABC	e b i s i
ABDB	ʔ e b i d i b i
ABIM	a b i m
AI	e ʔ a j
APM	ʔ e i̯ p i e m
APMM	ʔ e p i e m e m
ATM	ʔ e t̪ i e m
Aaron	ɛ r ə n
Abdul	a b ə d o l
Abdul	a p d o l
Abraham	a b r a h a m
Abyad	a b i j a t
Abyad	a b ə j a t
Abyad	a p j a t
Aceh	ʔ a t͡ʃ e h
Adam	a d a m
Afrika	ʔ a f r i k a
Afrikaans	ʔ a f r i k a n s
Agus	a ɡ o s
Ahmad	a h m a t
Ahmad	a ħ m a d
Allah	a ɫ ɫ a h
Allah	ɔ ɫ ɫ ɔ h
Amerika	ʔ a m ɛ r i k a
Amerika	ʔ ə m ɛ r i k a
Anas	a n a s
Antartika	ʔ a n̪ t̪ a r t̪ i k a
Anuar	a n u a
Anuar	a n u a r
Anwar	a n w a
Anwar	a n w a r
April	a p r i l
April	e p r ə l
Arab	ʔ a r a p̚
Arbaa	ʔ a b a ʔ ə
Arbaa	ʔ a r b a ʔ a
Arbaa	ʔ a r b a ʔ ə
Asia	a s i a
Asyura	ʔ a ʃ u r a
Asyura	ʔ a ʃ u r ə
Australia	ɔ s t̪ r e l i ə
Australia	ɔ s t̪ r e ɪ l i ə
Australia	ʔ a u s t̪ r a l j a
Ayob	a j o p
Ayub	a j o p
Ayyub	a j j o p
Ayyub	a j o p
B	b
B	b i
B	p̚
BBNU	b i b i e n j u
BNM	b i e n e m
BSMM	b i e s e m e m
Baba	b a b a
Bachok	b a t͡ʃ h o ʔ
Bagus	b a ɡ o s
Bagus	b a ɡ u s
Baitulmuqaddis	b a i̯ t̪ u l m u q a d i s
Bapa	b a p a
Bapa	b a p ə
Belanda	b ə l a n d a
Belanda	b ə l a n d ə
Belgium	b e l d͡ʒ j u m
Belgium	b e l ɡ j u m
Benggala	b ə ŋ ɡ a l a
Bentong	b ə n̪ t̪ o ŋ
Bera	b ə r a
Berahim	b ə r a h e m
Berahim	b ə r a h i m
Betlehem	b e t̪̚ l e h e m
Bintulu	b i n̪ t̪ u l u
Brunei	b r u n a i̯
Butterworth	b a t̪̚ t̪ ə r w o r t̪̚
Butterworth	b a t̪̚ t̪ ə r w o t̪̚
Butterworth	b a t̪̚ t̪ ə w o r t̪̚
Butterworth	b a t̪̚ t̪ ə w o t̪̚
C	s i
C	t͡ʃ
CC	s i s i
Changlun	t͡ʃ h a ŋ l u n
China	t͡ʃ a i̯ n a
China	t͡ʃ i n a
China	t͡ʃ i n ə
Chukai	t͡ʃ u k a i̯
Cina	t͡ʃ i n a
Cina	t͡ʃ i n ə
Colombia	k o l o m b j a
Cyber	s a i̯ b ə
Cyberjaya	s a i̯ b ə d͡ʒ a j a
Cyberjaya	s a i̯ b ə d͡ʒ a j ə
D	d
D	d i
D	t̚
DBKL	d i b i k e e l
DBKL	d i b i k e i̯ e l
DBKL	d i b i k e ʔ e l
DBP	d i b i p i
DSAI	d i ʔ e s e i̯ a i̯
Dalmatia	d a l m a t̪ j a
Damansara	d a m a n s a r a
Danish	d ɛ n e ʃ
Daud	d a o t̪̚
Daud	d a u t̪̚
Deraman	d ə r a m a n
Disember	d i s ɛ m b ə
Disember	d i s ɛ m b ə r
Disember	d i z ɛ m b ə
Disember	d i z ɛ m b ə r
Dominika	d o m i n i k a
E	e
E	i
E	ə
E	ɛ
England	ɪ ŋ ɡ l ə n
England	ɪ ŋ ɡ l ə n d
Eropah	e r o p a h
Eusof	j u s o f
Euysof	j u s o f
F	f
F	ɛ f
Farsi	f a r s i
Farsi	f a s i
Fatimah	f a t̪ i m a h
Februari	f ɛ b r u a r i
Februari	f ɛ b r u ɛ r i
Filipina	f i l i p i n a
Filipina	f i l i p i n ə
Firdaus	f e d a o s
Firdaus	f e d a w o s
Firdaus	f e r d a o s
Firdaus	f e r d a w o s
G	d͡ʒ i
G	k̚
G	ɡ
GBS	d͡ʒ i b i ɛ s
GERAKAN	ɡ ə r a k a n
GPS	d͡ʒ i p i e s
GRS	d͡ʒ i a r ə s
Gangga	ɡ a ŋ ɡ a
Gangga	ɡ ā ŋ ɡ ə
Golok	ɡ o l o ʔ
H	e t͡ʃ
H	h
H	h e t͡ʃ
Habsyah	h a p̚ ʃ a h
Hakim	h a k e m
Hang	h ä ŋ
Haris	h a r e s
Harith	h a r e s
Harith	h a r e θ
Haron	h a r o n
Harun	h a r o n
Harun	h a r u n
Holanda	h o l a n d a
Holanda	h o l a n d ə
Hud	h o t
Hungary	h u ŋ ɡ ə r i
I	a i̯
I	e
I	i
IT	a j t i
Iban	ʔ i b a n
Ibrahim	i b r a h e m
Idris	i d r e s
Ijat	ʔ i d͡ʒ a t̪̚
Imadiyat	ʔ i m a d i j a t̪̚
Imadiyat	ʔ i m ə d i j a t̪̚
Indon	ʔ i n d o n
Indonesia	ʔ i n d o n e s j a
Indonesia	ʔ i n d o n e s j ə
Indonesia	ʔ i n d o n e ʃ a
Indonesia	ʔ i n d o n e ʃ ə
Inggeris	i ŋ ɡ ə r e s
Insta	i n s t a
Intan	ʔ i n̪ t̪ a n
Ipoh	ʔ i p o h
Iran	ʔ i r a n
Isa	i s a
Isa	i s ə
Ishak	i s h a ʔ
Iskandar	i s k a n d a
Iskandar	i s k a n d a r
Islam	i s l a m
Ismail	i s m a e l
Isnin	ʔ i s n e n
Isnin	ʔ i s n i n
J	d͡ʒ
J	d͡ʒ e
J	t͡ʃ
JAKIM	d͡ʒ a k i m
JAKOA	d͡ʒ a k o a
JAKOA	d͡ʒ a k o ə
JB	d͡ʒ e i̯ b i
JBPM	d͡ʒ ə j b i p i e m
JIM	d͡ʒ e a i̯ e m
JKKN	d͡ʒ ə j k ə j k ə j ə n
JKNS	d͡ʒ e k e e n e s
JKR	d͡ʒ e k e a r
JPM	d͡ʒ e p j e m
JPN	d͡ʒ e p i e n
JUSA	d͡ʒ u s a
Jakarta	d͡ʒ a k a r t̪ a
Jakarta	d͡ʒ a k a r t̪ ə
Jakarta	d͡ʒ a k a t̪ a
Jakarta	d͡ʒ a k a t̪ ə
Jantan	d͡ʒ a n̪ t̪ a n
Januari	d͡ʒ a n u a r i
Januari	d͡ʒ ɛ n u ɛ r i
Jawi	d͡ʒ a w i
Jelutong	d͡ʒ ə l u t̪ o ŋ
Jepang	d͡ʒ ə p a ŋ
Jepun	d͡ʒ ə p o n
Jepun	d͡ʒ ə p u n
Jerantut	d͡ʒ ə r a n̪ t̪ u t̪̚
Jesselton	d͡ʒ e s e l t̪ o n
Jihan	d͡ʒ i h a n
Johan	d͡ʒ o h a n
Julai	d͡ʒ u l a j
Jun	d͡ʒ u n
Jurong	d͡ʒ u r o ŋ
K	k
K	k e
K	k̚
K	ʔ
KD	k e d i
KDB	k e d i b i
KDN	k e d i ʔ e n
KEMENTAH	k ə m ə n̪ t̪ a h
KESUMA	k ə s u m a
KK	k e k e
KL	k e ʔ ɛ l
KPM	k e p i ʔ e m
KRT	k e ʔ a r t̪ i
KTM	k e t̪ i e m
Kamis	k a m e s
Kamis	k a m i s
Kanada	k a n a d a
Kantonis	k a n̪ t̪ o n i s
Kantonis	k ɛ n̪ t̪ o n i z
Kedah	k ə d a h
Keling	k ə l e ŋ
Keling	k ə l i ŋ
Kemaman	k ə m a m a n
Kemboja	k ə m b o d͡ʒ a
Kemboja	k ə m b o d͡ʒ ə
Khadijah	x a d i d͡ʒ a h
Khamis	k a m e s
Khamis	x a m e s
Khamis	x a m i s
Kimi	k i m i
Kinabatangan	k i n a b a t̪ a ŋ a n
Kodiang	k o d j a ŋ
Korea	k o r e a
Korea	k o r i ə
Korea	k o r ɪ a
Krismas	k r i s m ə s
Kristian	k r i s t i j ə n
Kuching	k u t͡ʃ e ŋ
Kuching	k u t͡ʃ i ŋ
Kudat	k u d a t̪̚
Kulai	k u l a i̯
L	l
L	ɛ l
Latin	l a t e n
Libya	l i b j a
Libya	l ɪ b j ə
Lipis	l i p i s
Lubnan	l u p̚ n a n
Lut	l o t
M	m
M	ɛ m
MABBIM	m a b i m
MAGERAN	m a ɡ ə r a n
MARA	m a r a
MSSM	ʔ e m e s e s e m
Mac	m a t͡ʃ
Madagaskar	m a d a ɡ a s k a r
Madani	m a d a n i
Maghribi	m a ɡ r i b i
Mahafiraun	m a h a f i r a u n
Malayalam	m a l a j a l a m
Malaysia	m a l a j s i a
Malaysia	m a l a j s i ə
Malaysia	m a l a j ʃ a
Malaysia	m a l a j ʃ ə
Malaysia	m a l e s i a
Malaysia	m a l e s i ə
Malaysia	m ə l e s i a
Malaysia	m ə l e s i ə
Malaysia	m ə l e ʃ a
Malaysia	m ə l e ʃ ə
Maldives	m a l d i v
Manjung	m a ɲ d͡ʒ u ŋ
Maoisme	m a o i s m ə
Maran	m a r a n
Maret	m a r ə t
Marikh	m a r i x
Marikh	m a r ə x
Marxisme	m a k̚ s i s m a
Matriyer	m a t̪̚ r i j ə
Mei	m e
Mei	m e i̯
Mekdi	m ɛ k̚ d i
Mekdi	m ɛ ʔ d i
Melaka	m ə l a k a
Melaka	m ə l a k ə
Melayu	m ə l a j u
Mengkasar	m ə ŋ k a s a
Mengkasar	m ə ŋ k a s a r
Merambong	m ə r a m b o ŋ
Mesia	m e s j a
Mesir	m ə s e
Mesir	m ə s e r
Mesir	m ə s i r
Muhammad	m u h a m a t
Muhammad	m u ħ a m m a d
Musa	m u s a
Musa	m ū s ə
Muslim	m u s l e m
Muslim	m u z l e m
Muslimah	m u s l i m a h
Muslimat	m u s l i m a t
Muslimin	m u s l i m i n
Musytari	m u ʃ t̪ a r i
N	n
N	ɛ n
Nabil	n a b e l
Nasrani	n a s r a n i
Natal	n a t a l
Naufal	n a u̯ f a l
Nazisme	n a s i z ə m
Nelly	n ɛ l i
Nisa	n i s a
Norway	n o r w e i̯
Norway	n o w e i̯
November	n o v ɛ m b ə
November	n o v ɛ m b ə r
Nuh	n o h
Nusantara	n u s a n̪ t̪ a r a
Nusantara	n u s a n̪ t̪ a r ə
Nyonya	ɲ o ɲ a
Nyonya	ɲ o ɲ ə
O	o
O	ɔ
OKT	ʔ o k e t̪ i
OKU	ʔ o k e j u
Ogos	ɔ ɡ ɔ s
Ogos	ɔ ɡ ə s
Oktober	ɔ k t o b ə
Oktober	ɔ k t o b ə r
Oman	ʔ o m a n
P	p
P	p i
P	p̚
PALAPES	p a l a p e s
PAS	p a s
PASKAL	p a s k a l
PATI	p a t̪ i
PBB	p i b i b i
PBRS	p i b i a r ɛ s
PBS	p i b i e s
PDB	p i d i b i
PDRM	p i d i ʔ a r ʔ e m
PDRM	p i d i ʔ a ʔ e m
PEKEMBAR	p ə k ə m b a
PEKEMBAR	p ə k ə m b a r
PERKESO	p ə r k ə s o
PJ	p i d͡ʒ e
PKM	p i k e e m
PKM	p i k e ʔ e m
PKR	p i k e i̯ a
PKR	p i k e i̯ a r
PKS	p i k e i̯ e s
PMN	p i e m e n
PN	p i ɛ n
PPRS	p i p i a r ɛ s
PRU	p i a r j u
PSM	p i e s e m
PUTD	p i j u t̪ i d i
PUTRA	p u t̪̚ r a
Palestin	p a l ə s t i n
Palestin	p ɛ l ə s t i n
Parsi	p a r s i
Parsi	p a s i
Pekan	p ə k a n
Pencipta	p ə ɲ t͡ʃ i p̚ t̪ a
Pencipta	p ə ɲ t͡ʃ i p̚ t̪ ə
Pengasal	p ə ŋ a s a l
Perancis	p ə r a ɲ t͡ʃ i s
Perhentian	p ə r h ə n̪ t̪ j a n
Perlis	p ə l e s
Perlis	p ə r l e s
Perlis	p ə r l i s
Peru	p e r u
Petronas	p ə t̪̚ r o n a s
Piru	p i r u
Portugis	p o r t u ɡ i s
Portugis	p o t u ɡ i s
Praha	p r a h a
Praha	p r a h ə
Puchong	p u t͡ʃ o ŋ
Putih	p u t e h
Putrajaya	p u t̪ r a d͡ʒ a j a
Q	k
Q	k i u
Q	k j u
Q	k̚
Q	q
Qur'an	q u r ʔ a n
R	a r
R	r
RAMD	ʔ a r e e m d i
RIBI	r i b i
RTB	ʔ a r t̪ i b i
RTB	ʔ a t̪ i b i
RTM	ʔ a r t̪ i ʔ e m
RTM	ʔ a t̪ i ʔ e m
RUU	ʔ a r j u j u
Ramadan	r a m a d a n
Ramadan	r ɔ m a d ɔ n
Ramadan	r ɔ m a dˤ ɔ n
Rejab	r ə d͡ʒ a p̚
Rogayah	r o ɡ a j a h
Rompin	r o m p i n
Rumawi	r u m a w i
Rumi	r u m i
Rusia	r u s i a
S	s
S	ɛ s
SARA	s a r a
SIB	ʔ e s a i̯ b i
SJK	ʔ e s d͡ʒ e k e
SK	ʔ e s k e
SKMM	ʔ e s k e e m e m
SMK	ʔ e s e m k e
SPA	ʔ e s p i e
SPAD	s p a t̪̚
SPM	ʔ e s p i e m
SPR	ʔ e s p i a r
SPRM	ʔ e s p i a r ʔ e m
SPRM	ʔ e s p i a ʔ e m
STR	ʔ e s t̪ i a r
SUHAKAM	s u h a k a m
Sabtu	s a p̚ t̪ u
Saleh	s a l e h
Salih	s a l e h
Sandakan	s a n d a k a n
Sehak	s ə h a ʔ
Sekijang	s ə k i d͡ʒ a ŋ
Sekinchan	s ə k i ɲ t͡ʃ a n
Selangor	s ə l a ŋ o
Selangor	s ə l a ŋ o r
Selasa	s ə l a s a
Selasa	s ə l a s ə
Semporna	s ə m p o n ə
Semporna	s ə m p o r n a
Semporna	s ə m p o r n ə
Senayan	s ə n a j a n
Senin	s ə n e n
Senin	s ə n i n
Sepanyol	s ə p a ɲ o l
September	s ɛ p t ɛ m b ə
September	s ɛ p t ɛ m b ə r
Serani	s ə r a n i
Serbia	s ə r b j a
Seringat	s ə r i ŋ a t̪̚
Singapura	s i ŋ a p u r a
Singapura	s i ŋ ə p u r ə
Siti	s i t̪ i
Slovenia	s l o v e n i a
Slovenia	s l o v e n ɪ ə
Soleh	s o l e h
Suhaimi	s u h a i m i
Suluk	s u l u ʔ
Suryani	s u r j a n i
Syaaban	ʃ a a b a n
Syawal	ʃ a w a l
Syinto	ʃ i n t o
Syria	s i r j a
T	t
T	t i
T	t̚
TLDB	t̪ i ə l d i b i
TLDM	t̪ i e l d i e m
TNB	t̪ i e m b i
TUDM	t̪ i j u d i e m
Tawau	t̪ a w a u̯
Temerloh	t̪ ə m ə r l o h
Timor	t̪ i m o
Timor	t̪ i m o r
Tionghoa	t̪ j o ŋ h w a
Tuas	t̪ w a s
Tuhan	t̪ u h a n
Türkiye	t u r k i j e
U	j u
U	o
U	u
UKM	j u k e e m
UKM	j u k e ʔ e m
UMNO	ʔ a m n o
UMS	j u e m e s
UPNM	j u p i ɛ n ɛ m
UPSR	j u p i e s a r
UTAR	j u t̪ a
UTAR	j u t̪ a r
UTM	j u t̪ i ɛ m
UUM	j u j u e m
Ukraine	j u k r e j n
Urdu	u d u
Urdu	u r d u
Uruguay	j u r u ɡ w e i̯
Utarid	ʔ u t̪ a r e t̪̚
Utarid	ʔ u t̪ a r i t̪̚
V	f
V	v
V	v i
W	d a b l i u
W	d a b l j u
W	d a b ə l i u
W	d a b ə l j u
W	w
Wolanda	w o l a n d a
Wolanda	w o l a n d ə
X	k̚ s
X	z
X	ɛ k̚ s
Y	j
Y	w a i̯
YTJT	w a i̯ t̪ i d͡ʒ e t̪ i
Yaakub	j a ʔ k o p
Yaman	j a m a n
Yerusalem	j e r u s a l e m
Yesus	j e s u s
Ysuku	w a i̯ s u k u
Yunan	j u n a n
Yunani	j u n a n i
Yusof	j u s o f
Yusop	j u s o p
Yusuf	j u s o f
Yusuf	j u s o p̚
Z	s
Z	z
Z	z i
Z	z ɛ k̚
Z	z ɛ t̚
Zabaniah	z a b a n i a h
Zabedah	z a b e d a h
Zaleha	z a l e h a
Zubaidah	z u b a i d a h
Zuhal	z u h a l
aba	a b a
aba	a b ə
abab	a b a b
abad	ʔ a b a t̪̚
abadi	ʔ a b a d i
abadiah	a b a d i a h
abadiah	a b a d i j a h
abadiat	a b a d i a t
abadiat	a b a d i j a t
abadikan	ʔ a b a d i k a n
abadiyyat	ʔ a b a d i j a t̪̚
abah	ʔ a b a h
abahkan	a b a h k a n
abai	a b a i̯
abaikan	a b a i̯ k a n
abaimana	a b a i̯ m a n a
abaimana	a b a i̯ m a n ə
abaka	ʔ a b a k a
abaka	ʔ a b a k ə
abakus	ʔ a b a k u s
abalon	a b a l o n
abalone	ʔ a b a l o n e
abang	a b a ŋ
abar	a b a
abar	a b a r
abau	a b a u̯
abdas	a p̚ d a s
abdi	a p̚ d i
abdikan	a p̚ d i k a n
abdikasi	a b̥̚ d i k ä s i
abdomen	a p̚ d o m ə n
abdomen	ɛ p̚ d o m ə n
abese	a b e s e
abet	ʔ a b ə t̪̚
abiad	a b i a t̚
abiad	a b i j a t̚
abid	a b e t̚
abid	a b ɪ t̚
abidin	a b i d i n
abilah	a b i l a h
abintara	a b i n t a r a
abintara	a b i n t a r ə
abiogenesis	ʔ a b j o ɡ ɛ n ə s i s
abiogenesis	ʔ e b a j o d͡ʒ ɛ n ə s i s
abjad	a p d͡ʒ a t
abjadkan	a p d͡ʒ a t k a n
ablasi	a b l a s i
abnormal	a p n ɔ m a l
abnormal	a p n ɔ r m a l
abnormal	ɛ p n ɔ m ə l
abnus	a p n o s
aboi	a b o i̯
abon	a b o n
abonemen	a b o n ə m ɛ n
abrak	ʔ a b r a ʔ
abrar	a b r a
abrar	a b r a r
abras	a b r a s
absah	ʔ a p̚ s a h
absahkan	a p s a h k a n
absen	ʔ a p̚ s ə n
absen	ʔ ɛ p̚ s ə n
abses	a b s ɛ s
abses	ɛ b s ɛ s
absolusi	ʔ a p̚ s o l u s i
absolutisme	a p s o l u t i s m a
absorptif	ʔ a p̚ s o r p t̪ i f
absorptif	ʔ a p̚ s o r t̪ i f
absorptif	ʔ a p̚ s o t̪ i f
absorptif	ʔ e p̚ s ɔ r t̪ ɪ f
absorptif	ʔ e p̚ s ɔ t̪ ɪ f
absorptif	ʔ ə p̚ s ɔ r t̪ ɪ f
absorptif	ʔ ə p̚ s ɔ t̪ ɪ f
abstrak	ʔ a b s t̪ r a k̚
abstrak	ʔ ɛ b s t̪ r ɛ k̚
abstrakkan	a p s t r a k k a n
abstrakkan	ɛ p s t r ɛ k k a n
abstraksi	a p̚ s t r a k̚ s i
absurd	a p̚ s u r t̚
absurd	a p̚ s u t̚
absurd	ɛ p̚ s ə t̚
absurdisme	a b s u r d i s m ə
abtar	a p̚ t a
abtar	a p̚ t a r
abu	a b u
abuh	a b o h
abuh	a b ʊ h
abui	a b u w i
abuk	ʔ a b o ʔ
abuk	ʔ a b u ʔ
abung	a b o ŋ
abung	a b ʊ ŋ
abur	a b o
abur	a b o r
abur	a b ʊ
abur	a b ʊ r
abus	a b o s
abus	a b ʊ s
abuya	ʔ a b u j a
abvolt	a p̚ v ɔ l
abvolt	ɛ p̚ v ɔ l
acah	a t͡ʃ a h
acahan	a t͡ʃ a h a n
acak	ʔ a t͡ʃ a ʔ
acane	ʔ a t͡ʃ a n ə
acang	a t͡ʃ a ŋ
acanoi	ʔ a t͡ʃ a n o i̯
acap	a t͡ʃ a p̚
acapi	ʔ a t͡ʃ a p i
acar	a t͡ʃ a
acar	a t͡ʃ a r
acara	ʔ a t͡ʃ a r a
acara	ʔ a t͡ʃ a r ə
acaran	a t͡ʃ a r a n
acik	ʔ a t͡ʃ i ʔ
ada	ʔ a d a
ada	ʔ a d ə
adab	ʔ a d a p̚
adakah	ʔ a d a k a h
adakah	ʔ a d ə k a h
adalah	a d a l a h
adalah	a d ə l a h
adegan	ʔ a d e ɡ a n
adenium	a d e n i j u m
adenovirus	a d e n o r u s
adik	ʔ a d e ʔ
adik	ʔ a d i ʔ
adikuasa	ʔ a d i k w a s a
adikuasa	ʔ a d i k w a s ə
adil	ʔ a d e l
adil	ʔ a d i l
adinda	ʔ a d i n d a
adinda	ʔ a d i n d ə
ading	ʔ a d e ŋ
ading	ʔ a d i ŋ
adiwira	ʔ a d i w i r a
adoi	ʔ a d o i̯
aduh	ʔ a d o h
aduh	ʔ a d u h
adverba	a t̚ v ə r b a
adverba	ɛ t̚ v ə b a
adverba	ɛ t̚ v ə r b a
aek	aʲ ɛ ʔ
aerodinamik	ʔ e r o d a i̯ n a m i ʔ
agak	ʔ a ɡ a ʔ
agama	ʔ a ɡ a m a
agama	ʔ a ɡ a m ə
agenda	a ɡ e n d a
agenda	ä d͡ʒ e n d ä
agensi	ʔ a ɡ e n s i
agik	a ɡ i ʔ
agitasi	a ɡ i t a s i
agogo	a ɡ o ɡ o
agung	ʔ a ɡ o ŋ
agung	ʔ a ɡ u ŋ
ah	ʔ a h
ahad	ʔ a h a t̪̚
ain	ʔ a e n
ain	ʔ a i n
air	ʔ a e
air	ʔ a e r
air	ʔ a i r
ais	ʔ a e s
ais	ʔ a i s
ais	ʔ a ɪ s
ajaib	ʔ a d͡ʒ a e p̚
ajaib	ʔ a d͡ʒ a i p̚
ajaibkhanah	ʔ a d͡ʒ a i p̚ x a n a h
ajal	ʔ a d͡ʒ a l
aje	ʔ a d͡ʒ ə
akan	a k a n
akaun	ʔ a k a u n
akaun	ʔ e k a u n
akhbar	ä k̚ b ä
akhbar	ä k̚ b äː
akhdar	ʔ a x d a
akhdar	ʔ a x d a r
akhir	ʔ a x i r
akhlak	ʔ a h l a ʔ
akhlak	ʔ a x l a ʔ
aki	ʔ a k i
akibat	ʔ a k i b a t̪̚
aksen	a k s e n
aksen	ɛ k s ə n
aktif	a k t i f
aktif	ɛ k t i f
aku	ʔ a k u
alam	ʔ a l a m
alamak	ʔ a l a m a ʔ
alamat	ʔ a l a m a t̪̚
alang	ʔ a l a ŋ
alap	ʔ a l a p̚
alas	ʔ a l a s
alasan	ʔ a l a s a n
alfabet	a l f a b ɛ t
algoritma	ʔ a l ɡ o r i t̪̚ m a
alhamdulillah	a l h a m d u l i l l a h
alhamdulillah	a l ħ a m d u l i l l a h
alih	a l e h
alih	a l ɛ h
alih	a l ɪ h
alir	ʔ a l e
alir	ʔ a l e r
alir	ʔ a l i r
alkohol	ʔ a l k o h o l
alpa	ʔ a l p a
alpa	ʔ a l p ə
alu	ʔ a l u
alur	ʔ a l o
alur	ʔ a l o r
alur	ʔ a l u r
amacam	ʔ a m a t͡ʃ a m
amaran	ʔ a m a r a n
amat	ʔ a m a t̪̚
amatur	ʔ a m a t̪ o
amatur	ʔ a m a t̪ o r
amatur	ʔ a m a t̪ u r
amaun	a m a u n
amaun	ə m a u n
ambang	ʔ a m b a ŋ
ambat	ʔ a m b a t̪̚
amben	ʔ a m b e n
amben	ʔ a m b ə n
ambil	ʔ a m b e l
ambil	ʔ a m b e ʔ
ambil	ʔ a m b i l
ambulans	a m b u l a n s
ambulans	ɛ m b j u l ə n s
ambulans	ɛ m b u l ə n s
ameliorasi	a m e l i o r a s i
amenda	ʔ a m ə n d a
amenda	ʔ a m ə n d ə
amende	ʔ a m ə n d ə
amerisium	ʔ a m e r i s i o m
amerisium	ʔ a m e r i s i u m
amerisium	ʔ a m e r i s j o m
amerisium	ʔ a m e r i s j u m
amerisium	ʔ a m e r i s j ə m
amoi	ʔ a m o i̯
amuk	ʔ a m o ʔ
amuk	ʔ a m u ʔ
ana	ʔ a n a
ana	ʔ a n ə
anak	ʔ a n a ʔ
analisa	ʔ a n a l i s a
analisis	a n a l i s i s
anda	ʔ a n d a
andartu	ʔ a n d a r t̪ u
anggap	ʔ a ŋ ɡ a p̚
angguk	ʔ a ŋ ɡ u ʔ
anggur	ʔ a ŋ ɡ o
anggur	ʔ a ŋ ɡ o r
anggur	ʔ a ŋ ɡ u r
angin	ʔ a ŋ e n
angin	ʔ a ŋ i n
angka	ʔ a ŋ k a
angka	ʔ a ŋ k ə
angkasa	ʔ a ŋ k a s a
angkasawan	ʔ a ŋ k a s a w a n
angkatan	a ŋ k a t a n
angkut	ʔ a ŋ k o t̪̚
angkut	ʔ a ŋ k u t̪̚
angpau	ʔ a ŋ p a u̯
angsa	ʔ a ŋ s a
angsa	ʔ a ŋ s ə
angsana	ʔ a ŋ s a n a
aniaya	ʔ a n j a j a
aniaya	ʔ a n j a j ə
animasi	ʔ a n i m a s i
animasikan	a n i m a s i k a n
anime	a n i m e
anime	ɛ n i m e
anjing	a ɲ d͡ʒ e ŋ
anjung	ʔ a ɲ d͡ʒ o ŋ
anjung	ʔ a ɲ d͡ʒ u ŋ
anoa	ʔ a n o a
anoa	ʔ a n o ə
anod	a n o t
antan	ʔ a n̪ t̪ a n
antara	ʔ a n̪ t̪ a r a
antara	ʔ a n̪ t̪ a r ə
antarabangsa	ʔ a n̪ t̪ a r a b a ŋ s a
antarabangsa	ʔ a n̪ t̪ a r ə b a ŋ s ə
antikristus	ɛ n t i k r i s t u s
antimoni	a n t i m o n i
antimoni	ɛ n t i m o n i
antologi	a n t o l o ɡ i
antologi	ɛ n t ɔ l ə d͡ʒ i
antu	a n t u
antuk	ʔ a n̪ t̪ o ʔ
antuk	ʔ a n̪ t̪ u ʔ
anugerah	ʔ a n u ɡ ə r a h
anut	ä n o t̚
anut	ä n ʊ t̚
apa	ʔ a p a
apa	ʔ a p ə
apabila	ʔ a p a b i l a
apabila	ʔ a p ə b i l ə
apakah	a p a k a h
apakah	a p ə k a h
apasal	ʔ a p a s a l
ape	a p ɛ
ape	ʔ a p ə
apertur	ʔ a p ə r t̪ u r
apesal	ʔ a p ə s a l
api	ʔ a p i
apitoksin	ʔ a p i t̪ o k̚ s i n
aplikasi	ʔ a p̚ l i k a s i
aq	a k j uː
aq	a k u
ar	ʔ a
ar	ʔ a r
ara	ʔ a r a
ara	ʔ a r ə
arak	ʔ a r a ʔ
aral	ʔ a r a l
arang	ʔ a r a ŋ
arboris	a b o r i s
arboris	a b ə r e s
arboris	a r b o r i s
arboris	a r b ə r e s
arca	ʔ a r t͡ʃ a
arca	ʔ a r t͡ʃ ə
arca	ʔ a t͡ʃ ə
argentum	a d͡ʒ ɛ n t ə m
argentum	a r d͡ʒ ɛ n t ə m
argentum	a r ɡ ɛ n t o m
argentum	a r ɡ ɛ n t ə m
argentum	a ɡ ɛ n t o m
argentum	a ɡ ɛ n t ə m
ari	ʔ a r i
arked	ʔ a r k e t̪̚
arkib	ʔ a k e p̚
arkib	ʔ a r k e p̚
arkib	ʔ a r k i p̚
armada	ʔ a m a d a
armada	ʔ a r m a d a
arnab	ʔ a n a p̚
arnab	ʔ a r n a p̚
arsenik	ʔ a r s ə n i k̚
arsenik	ʔ a s ə n i k̚
artikel	a r t i k ə l
artikel	a t i k ə l
arus	ʔ a r o s
arus	ʔ a r u s
asa	ʔ a s a
asah	ʔ a s a h
asap	ʔ a s a p̚
asatizah	a s a t i z a h
aset	a s ɛ t
aset	ɛ s ɛ t
asfalt	ʔ a s f a t̪̚
asid	ʔ a s i t̪̚
asimilasi	a s i m i l a s i
asin	ʔ a s i n
asin	ʔ a s ə n
asing	ʔ a s e ŋ
asing	ʔ a s i ŋ
asli	ʔ a s l i
aspek	a s p e ʔ
aspek	a s p ɛ k̚
aspek	ɛ s p ɛ k̚
asrama	ʔ a s r a m a
asrama	ʔ a s r a m ə
assalamualaikum	s e k o m
assalamualaikum	s m e k o m
asta	ʔ a s t̪ a
asta	ʔ a s t̪ ə
astaghfirullah	a s t a ɣ f i r u ɫ ɫ ɑ h
astakona	ʔ a s t̪ a k o n a
astakona	ʔ a s t̪ a k o n ə
astakona	ʔ a s t̪ ə k o n ə
astatin	ʔ a s t̪ a t̪ e n
astatin	ʔ a s t̪ a t̪ i n
astatin	ʔ a s t̪ ə t̪ i n
astrofizik	ʔ a s t̪ r o f i z i ʔ
astrofizik	ʔ e s t̪ r o f i z i ʔ
astu	ʔ a s t̪ u
asu	a s u
asuh	ʔ a s u h
asuk	a s u ʔ
asuransi	ʔ a s u r a n s i
aswad	a s u a t
aswad	a s w a t
atas	ʔ a t̪ a s
atau	a t a u̯
ateis	e t i j ə s
ateisme	e t i j i s m a
ateistik	e t i j i s t e k
atlet	ɛ t l i t
atletik	ɛ t̚ l ɛ t e k̚
atlit	ɛ t l i t
atmosfera	ʔ a t̪̚ m o s f e r a
atok	ʔ a t̪ o ʔ
atuk	ʔ a t̪ o ʔ
atuk	ʔ a t̪ u ʔ
atur	ʔ a t̪ o
atur	ʔ a t̪ o r
atur	ʔ a t̪ u r
au	a u
au	a u̯
auditorium	ʔ a u̯ d i t̪ o r i ə m
auditorium	ʔ a u̯ d i t̪ o r j u m
aurum	a u r o m
aurum	a u r u m
autisme	a u t i s m a
autisme	ɔ t i s m a
autisme	ɔ t i z ə m
autistik	ɔ t i s t i k
autistik	ʔ a u t̪ i s t̪ i k̚
autokratik	ʔ a u̯ t̪ o k r a t̪ i k̚
autokratik	ʔ o t̪ o k r a t̪ i k̚
automatik	ʔ a u̯ t̪ o m a t̪ i k̚
automaton	ʔ a u̯ t̪ o m a t̪ o n
autopsi	a u̯ t ɔ p s i
autopsi	o t ɔ p s i
awak	ʔ a w a ʔ
awal	ʔ a w a l
awam	ʔ a w a m
awan	ʔ a w a n
awas	ʔ a w a s
awda	ʔ a u̯ d a
awda	ʔ a u̯ d ə
awek	ʔ a w e ʔ
awning	ʔ a u̯ n i ŋ
awning	ʔ ɔː n i ŋ
aya	ʔ a j a
aya	ʔ a j ə
ayah	ʔ a j a h
ayahanda	ʔ a j a h a n d a
ayahanda	ʔ a j a h a n d ə
ayahanda	ʔ a j a h n d ə
ayam	a j ɛ̃ː
ayam	ʔ a j a m
ayan	ʔ a j a n
ayat	ʔ a j a t̪̚
ayuk	ʔ a j o ʔ
ayuk	ʔ a j u ʔ
ayun	ʔ a j o n
ayun	ʔ a j u n
ayut	ʔ a j o t̪̚
ayut	ʔ a j u t̪̚
baba	b a b a
baba	b a b ə
babad	b a b a t̪̚
babi	b a b i
babun	b a b u n
babut	b a b u t̪̚
baca	b a t͡ʃ a
baca	b a t͡ʃ ə
badak	b a d a ʔ
badan	b a d a n
badminton	b a d m i n t o n
badminton	b ɛ t̚ m i n t ə n
badut	b a d o t̪̚
badut	b a d u t̪̚
bagai	b a ɡ a i̯
bagaikan	b a ɡ a i̯ k a n
bagaimana	b a ɡ a i m a n a
bagan	b a ɡ a n
baghal	b a ɡ a l
baghal	b a ɣ a l
bagi	b a ɡ i
baginda	b a ɡ i n d a
baginda	b a ɡ i n d ə
bagitahu	b a ɡ i t̪ a h u
bagitau	b a ɡ i t̪ a u̯
bagus	b a ɡ o s
bagus	b a ɡ u s
baguskan	b a ɡ o s k a n
baguskan	b a ɡ u s k a n
bahagi	b a h a ɡ i
bahagia	b a h a ɡ i j a
bahagia	b a h a ɡ i j ə
bahagia	b a h ə ɡ i j a
bahagia	b a h ə ɡ i j ə
bahagiakan	b a h a ɡ i j a
bahagiakan	b a h a ɡ i j ə k a n
bahagiakan	b a h ə ɡ i j a
bahagiakan	b a h ə ɡ i j ə k a n
bahagian	b a h a ɡ i a n
bahal	b a h a l
baharu	b a h a r u
baharui	b a h a r u w i
baharui	b a h ə r u w i
bahasa	b a h a s a
bahasa	b a h ə s a
bahasa	b ä h ä s ə
bahasa	b ä h ə s ə
bahasa	b ä s ɔ
bahawa	b a h a w a
bahawa	b a h a w ə
bahaya	b a h a j a
bahaya	b a h a j ə
bahlul	b a h l o l
bahlul	b a h l u l
bahtera	b a h t̪ ə r a
bahtera	b a h t̪ ə r ə
baiduri	b a i̯ d u r i
baik	b a e ʔ
baik	b a i ʔ
bait	b a e t̪̚
bait	b a i t̪̚
bajak	b a d͡ʒ a ʔ
bajet	b a d͡ʒ e t̪̚
bajing	b a d͡ʒ e ŋ
bajing	b a d͡ʒ i ŋ
baju	b a d͡ʒ u
baka	b a k a
baka	b a k ə
bakal	b a k a l
bakar	b a k a
bakar	b a k a r
bakat	b a k a t̪̚
bakul	b a k o l
bakul	b a k u l
balad	b a l a t̪̚
balai	b a l a i̯
balam	b a l a m
balas	b a l a s
balasan	b a l a s a n
baldi	b a l d i
baldu	b ä l d u
balik	b a l e ʔ
balik	b a l i ʔ
baling	b a l e ŋ
baling	b a l i ŋ
balingkawat	b a l i ŋ k a w a t̪̚
balung	b a l o ŋ
balung	b a l u ŋ
balut	b a l ʊ t̪
banar	b a n a r
banci	b a ɲ t͡ʃ i
bandar	b a n d a
bandar	b a n d a r
bandaran	b a n d a r a n
bandarkan	b a n d a k a n
bandarkan	b a n d a r k a n
bandung	b a n d o ŋ
bandung	b a n d u ŋ
bang	b a ŋ
bangau	b a ŋ a u̯
bangkai	b a ŋ k a i̯
bangku	b a ŋ k u
bangsa	b a ŋ s a
bangsa	b a ŋ s ə
bangsat	b a ŋ s a t̪̚
bangun	b a ŋ o n
bangun	b a ŋ u n
banjar	b a ɲ d͡ʒ a
banjar	b a ɲ d͡ʒ a r
banji	b a ɲ d͡ʒ i
banjir	b a ɲ d͡ʒ e
banjir	b a ɲ d͡ʒ e r
banjir	b a ɲ d͡ʒ i r
bank	b a ŋ k̚
bank	b ɛ ŋ k̚
bantal	b a n t̪ a l
banting	b a n̪ t̪ e ŋ
banting	b a n̪ t̪ i ŋ
banyak	b a ɲ a ʔ
baot	b a o t̪̚
bapa	b a p a
bapa	b a p ə
bapak	b a p a ʔ
bapanda	b a p a n d a
bapanda	b a p a n d ə
bapuk	b a p u ʔ
bara	b a r a
bara	b a r ə
barah	b a r a h
barang	b a r a ŋ
barangkali	b a r a ŋ k a l i
barat	b a r a t̪̚
barat	b a ɣ a ʔ
barat	b a ʀ a t
barat	b a ʁ a t
baring	b a r e ŋ
baring	b a r i ŋ
baris	b a r e s
baris	b a r i s
barium	b a r i o m
barium	b a r i ə m
barium	b ɛ r i ə m
barotrauma	b a r o t̪ r a u̯ m a
baru	b a r u
barua	b a r u a
barua	b a r u w a
basah	b a s a h
basahan	b a s a h a n
basikal	b a s i k a l
basketbol	b a s k e t̪̚ b ɔ l
batal	b a t̪ a l
batang	b a t̪ a ŋ
batas	b a t̪ a s
batasan	b a t̪ a s a n
baterai	b a t ə r a i̯
bateri	b a t̪ ə r i
bateri	b ɛ t̪ ə r i
batik	b a t̪ e ʔ
batik	b a t̪ i ʔ
batok	b a t ɔ k̚
batuan	b a t̪ w a n
batuk	b a t̪ u ʔ
bau	b a u
bau	b a u̯
baucar	b a u t͡ʃ a r
baui	b a u i
baung	b a o ŋ
baung	b a u ŋ
bawa	b a w a
bawa	b a w ə
bawak	b a w a ʔ
bawal	b a w a l
bawang	b a w a ŋ
bawar	b ä w ä r
bawat	b a w a t̪̚
bayan	b a j a n
bayang	b a j a ŋ
bayangan	b a j a ŋ a n
bayangi	b a j a ŋ i
bayangkan	b a j a ŋ k a n
bayar	b a j a r
bayi	b a j i
bayu	b a j u
bebas	b e b a s
bebek	b e b e ʔ
beberapa	b ə b ə r a p a
beberapa	b ə b ə r a p ə
beborot	b ə b o r o t̪̚
beca	b e t͡ʃ a
becat	b ə t͡ʃ a t̪̚
beda	b e d a
beda	b e d ə
bedebah	b ə d ə b a h
beg	b ɛ k
beg	b ɛ ʔ
bekalan	b ə k a l a n
bekas	b ə k a s
bekaskan	b ə k a s k a n
bekemayau	b ə k ə m ɑ j ɑ w
beku	b ə k u
belacan	b ə l a t͡ʃ a n
belah	b ə l a h
belajar	b ə l a d͡ʒ a
belajar	b ə l a d͡ʒ a r
belakang	b ə l a k a ŋ
belanak	b ə l ä n ä ʔ
belanga	b ə l a ŋ a
belanja	b ə l a ɲ d͡ʒ a
belanja	b ə l a ɲ d͡ʒ ə
belatuk	b ə l a t̪ o ʔ
belatuk	b ə l a t̪ u ʔ
belau	b ə l a u̯
belek	b e l e ʔ
beli	b ə l i
belian	b ə l j a n
belisah	b ə l i s a h
belitung	b ə l i t̪ o ŋ
belitung	b ə l i t̪ u ŋ
beliung	b ə l j u ŋ
belok	b e l o ʔ
belukar	b ə l u k a
belukar	b ə l u k a r
belum	b ə l o m
belum	b ə l u m
belut	b ə l o t̪̚
belut	b ə l u t̪̚
bemban	b ə m b ä n
benak	b ə n a ʔ
benar	b ə n a
benar	b ə n a r
benara	b ə n a r a
benarkan	b ə n a k a n
benarkan	b ə n a r k a n
bencana	b ə ɲ t͡ʃ a n a
bencana	b ə ɲ t͡ʃ a n ə
benci	b ə n t͡ʃ i
benda	b ə n d a
benda	b ə n d ə
bendahara	b ə n d a h a r a
bendahara	b ə n d ə h a r ə
bendahari	b ə n d a h a r i
bendahari	b ə n d ə h a r i
bendera	b ə n d e r a
bendera	b ə n d e r ə
bendung	b ə n d u ŋ
bengkarung	b ə ŋ k a r o ŋ
bengkarung	b ə ŋ k a r u ŋ
bengkok	b e̞ ŋ k o̞ ʔ
bengkong	b ə ŋ k o ŋ
bengkuang	b ə ŋ k w a ŋ
benih	b ə n e h
benih	b ə n i h
bentang	b ə n̪ t̪ a ŋ
bentangan	b ə n̪ t̪ a ŋ a n
benteng	b e n̪ t̪ e ŋ
bentuk	b ə n̪ t̪ o ʔ
bentuk	b ə n̪ t̪ u ʔ
benturung	b ə n̪ t̪ u r o ŋ
benturung	b ə n̪ t̪ u r u ŋ
benua	b ə n w a
benua	b ə n w ə
benuang	b ə n u a ŋ
benuang	b ə n w a ŋ
bepang	b e p a ŋ
bera	b ə r a
berabang	b ə r a b a ŋ
berabangkan	b ə r a b a ŋ k a n
berabarkan	b ə r a b a k a n
berabarkan	b ə r a b a r k a n
berabdas	b ə r a p̚ d a s
berabonemen	b ə r a b o n ə m ɛ n
berada	b ə r a d a
berada	b ə r a d ə
beradik	b ə r a d e ʔ
beradik	b ə r a d i ʔ
beradu	b ə r a d u
berak	b e r a ʔ
berakhlak	b ə r a h l a ʔ
berakhlak	b ə r a x l a ʔ
beraksi	b ə r a k̚ s i
beranggap	b ə a n ɡ ɡ a p
beranggap	b ə r a n ɡ ɡ a p
berani	b ə r a n i
beraso	b ə r a s o
berat	b ə r a t̪̚
berbahasa	b ə b a h a s a
berbahasa	b ə b a h a s ə
berbahasa	b ə b a h ə s a
berbahasa	b ə b a h ə s ə
berbahasa	b ə r b a h a s a
berbahasa	b ə r b a h a s ə
berbahasa	b ə r b a h ə s a
berbahasa	b ə r b a h ə s ə
berbahaya	b ə b a h a j ə
berbahaya	b ə r b a h a j a
berbahaya	b ə r b a h a j ə
berbaloi	b ə r b a l o i̯
berbantal	b ə r b a n t̪ a l
berbasikal	b ə b a s i k a l
berbasikal	b ə r b a s i k a l
berbateri	b ə b a t̪ ə r i
berbateri	b ə b ɛ t̪ ə r i
berbateri	b ə r b a t̪ ə r i
berbateri	b ə r b ɛ t̪ ə r i
berbau	b ə b a u̯
berbau	b ə r b a u̯
berbayang	b ə b a j a ŋ
berbayang	b ə r b a j a ŋ
berbekas	b ə b ə k a s
berbekas	b ə r b ə k a s
berbincang	b ə b i ɲ t͡ʃ a ŋ
berbincang	b ə r b i ɲ t͡ʃ a ŋ
berbiola	b ə r b j o l a
bercakap	b ə r t͡ʃ a k a p̚
bercakap	b ə t͡ʃ a k a p̚
bercinta	b ə r t͡ʃ i n̪ t̪ a
bercinta	b ə r t͡ʃ i n̪ t̪ ə
berdasar	b ə d a s a
berdasar	b ə d a s a r
berdasar	b ə r d a s a
berdasar	b ə r d a s a r
berdasarkan	b ə r d a s a r k a n
berderma	b ə d ə m a
berderma	b ə d ə m ə
berderma	b ə d ə r m a
berderma	b ə d ə r m ə
berderma	b ə r d ə m a
berderma	b ə r d ə m ə
berderma	b ə r d ə r m a
berderma	b ə r d ə r m ə
berdikari	b ə d i k a r i
berdikari	b ə r d i k a r i
berdiskriminasi	b ə d i s k r i m i n a s i
berdiskriminasi	b ə r d i s k r i m i n a s i
berdudukan	b ə d u d o k a n
berdudukan	b ə d u d o ʔ k a n
berdudukan	b ə r d u d o k a n
berdudukan	b ə r d u d o ʔ k a n
berdudukan	b ə r d u d u k a n
berdudukan	b ə r d u d u ʔ k a n
berdukung	b ə d o k o ŋ
berdukung	b ə d u k o ŋ
berdukung	b ə r d o k o ŋ
berdukung	b ə r d u k o ŋ
beregek	b ə r e ɡ e ʔ
beregek	b ə ʁ e ɡ e ʔ
berehat	b ə r e h a t
berek	b e r e ʔ
berenang	b ə r ə n a ŋ
bererti	b ə r ə r t i
bererti	b ə r ə t i
bergedel	b ə r ɡ ə d e l
bergedel	b ə ɡ ə d e l
bergeming	b ə r ɡ ə m e ŋ
bergeming	b ə r ɡ ə m i ŋ
bergeming	b ə ɡ ə m i ŋ
bergraduasi	b ə r ɡ r a d u a s i
bergraduasi	b ə ɡ r a d u a s i
berhad	b ə h a t̪̚
berhad	b ə r h a t̪̚
berhadiah	b ə h a d i a h
berhadiah	b ə r h a d i a h
berhadis	b ə h a d i s
berhadis	b ə r h a d i s
berhadis	b ə r ħ a d i θ
berhadis	b ə ħ a d i θ
berhak	b ə r h a ʔ
berhala	b ə r h a l a
berhalusinasi	b ə h a l u s i n a s i
berhalusinasi	b ə r h a l u s i n a s i
berhibernasi	b ə h a i̯ b ə n a s i
berhibernasi	b ə h a i̯ b ə r n a s i
berhibernasi	b ə h i b ə n a s i
berhibernasi	b ə h i b ə r n a s i
berhibernasi	b ə r h a i̯ b ə n a s i
berhibernasi	b ə r h a i̯ b ə r n a s i
berhibernasi	b ə r h i b ə n a s i
berhibernasi	b ə r h i b ə r n a s i
berhulu	b ə h u l u
berhulu	b ə r h u l u
beri	b e r i
beri	b ə r i
berian	b ə r i a n
beriani	b ə r j a n i
berikan	b ə r i k a n
beriklan	b ə r i k l a n
beriklan	b ə r i ʔ l a n
berikutnya	b ə r i k o t̪̚ ɲ ə
berikutnya	b ə r i k u t̪̚ ɲ a
berinformasi	b ə r i n f o m a s i
berinformasi	b ə r i n f o r m a s i
berinspirasi	b ə r i n s p i r a s i
beristirahat	b ə r i s t i r a h a t̚
berita	b ə r i t̪ a
berita	b ə r i t̪ ə
berjawab	b ə d͡ʒ a w a p̚
berjawab	b ə r d͡ʒ a w a p̚
berjawatankuasa	b ə d͡ʒ a w a t̪ a n k u a s ə
berjawatankuasa	b ə d͡ʒ a w a t̪̚ t̪ a n k u a s ə
berjawatankuasa	b ə r d͡ʒ a w a t̪ a n k u a s a
berjawatankuasa	b ə r d͡ʒ a w a t̪ a n k u a s ə
berjawatankuasa	b ə r d͡ʒ a w a t̪̚ t̪ a n k u a s a
berjawatankuasa	b ə r d͡ʒ a w a t̪̚ t̪ a n k u a s ə
berkas	b ə r k ä s
berkata	b ə k a t̪ ə
berkata	b ə r k a t̪ a
berkata	b ə r k a t̪ ə
berkedut	b ə k ə d o t̪̚
berkedut	b ə r k ə d o t̪̚
berkedut	b ə r k ə d u t̪̚
berkelium	b ɛ k e l i o m
berkelium	b ɛ k e l i ə m
berkelium	b ɛ r k e l i o m
berkelium	b ɛ r k e l i ə m
berkemungkinan	b ə k ə m u ŋ k e n a n
berkemungkinan	b ə r k ə m u ŋ k e n a n
berkemungkinan	b ə r k ə m u ŋ k i n a n
berkewajiban	b ə k ə w a d͡ʒ e b a n
berkewajiban	b ə r k ə w a d͡ʒ e b a n
berkewajipan	b ə k ə w a d͡ʒ e p a n
berkewajipan	b ə r k ə w a d͡ʒ e p a n
berkhalwat	b ə h a l w a t
berkhalwat	b ə r h a l w a t
berkhalwat	b ə r x a l w a t
berkhalwat	b ə x a l w a t
berkota	b ə k o t ə
berkota	b ə r k o t ə
berkota	b ə r k ɔ t a
berkotakan	b ə k o t ə k a n
berkotakan	b ə r k o t ə k a n
berkotakan	b ə r k ɔ t a k a n
berkualiti	b ə k w a l i t̪ i
berkualiti	b ə r k w a l i t̪ i
berkubang	b ə k u b a ŋ
berkubang	b ə r k u b a ŋ
berkuda	b ə k u d a
berkuda	b ə k u d ə
berkuda	b ə r k u d a
berkuda	b ə r k u d ə
berkusyen	b ə k u ʃ ə n
berlabuh	b ə l a b o h
berlabuh	b ə r l a b o h
berlabuh	b ə r l a b u h
berlaci	b ə l a t͡ʃ i
berlaci	b ə r l a t͡ʃ i
berlarangan	b ə l a r a ŋ a n
berlarangan	b ə r l a r a ŋ a n
berlau	b ə l a u̯
berlau	b ə r l a u̯
berlayar	b ə l a j a
berlayar	b ə l a j a r
berlayar	b ə r l a j a
berlayar	b ə r l a j a r
berlian	b ə l i j a n
berlian	b ə r l i j a n
berlosen	b ə l o s e n
berlosen	b ə l o ʃ ə n
berlosen	b ə r l o s e n
berlosen	b ə r l o ʃ ə n
berma	b ə m ə
berma	b ə r m a
berma	b ə r m ə
bermanifesto	b ə r m a n i f e s t o
bermentaliti	b ə m ɛ n t ɛ l i t i
bermentaliti	b ə r m e n t a l i t i
bermentaliti	b ə r m ɛ n t ɛ l i t i
bermimpi	b ə m i m p i
bermimpi	b ə r m i m p i
beroda	b ə r o d a
beroksigen	b ə r ɔ k s i d͡ʒ ə n
beroksigen	b ə r ɔ k s i ɡ ə n
berpaling	b ə p a l e ŋ
berpaling	b ə r p a l e ŋ
berpaling	b ə r p a l i ŋ
berparti	b ə p a r t̪ i
berparti	b ə p a t̪ i
berparti	b ə r p a r t̪ i
berparti	b ə r p a t̪ i
berpencen	b ə p e n t͡ʃ e n
berpenduduk	b ə p ə n d u d o ʔ
berpenduduk	b ə r p ə n d u d o ʔ
berpenduduk	b ə r p ə n d u d u ʔ
berperisai	b ə p ə r i s a i̯
berperisai	b ə r p ə r i s a i̯
berpoligami	b ə p o l i ɡ a m i
berpuluh	b ə p u l o h
berpuluh	b ə r p u l o h
berpuluh	b ə r p u l u h
berpunya	b ə p u ɲ ə
berpunya	b ə r p u ɲ a
berpunya	b ə r p u ɲ ə
bersabar	b ə r s a b a
bersabar	b ə r s a b a r
bersabar	b ə s a b a
bersabar	b ə s a b a r
bersaji	b ə r s a d͡ʒ i
bersaji	b ə s a d͡ʒ i
bersama	b ə r s a m a
bersama	b ə r s a m ə
bersama	b ə s a m ə
bersarang	b ə r s a r a ŋ
bersarang	b ə s a r a ŋ
bersatu	b ə r s a t̪ u
bersekedudukan	b ə r s ə k ə d u d o k a n
bersekedudukan	b ə r s ə k ə d u d o ʔ k a n
bersekedudukan	b ə r s ə k ə d u d u k a n
bersekedudukan	b ə r s ə k ə d u d u ʔ k a n
bersekedudukan	b ə s ə k ə d u d o k a n
bersekedudukan	b ə s ə k ə d u d o ʔ k a n
bersekutu	b ə r s ə k u t̪ u
berselancar	b ə r s ə l a ɲ t͡ʃ a
berselancar	b ə r s ə l a ɲ t͡ʃ a r
berselancar	b ə s ə l a ɲ t͡ʃ a
berselancar	b ə s ə l a ɲ t͡ʃ a r
berselimut	b ə r s ə l i m o t̪̚
berselimut	b ə r s ə l i m u t̪̚
berselimut	b ə s ə l i m o t̪̚
bersembah	b ə r s ə m b a h
bersembah	b ə s ə m b a h
bersembahkan	b ə r s ə m b a h k a n
bersembahkan	b ə s ə m b a h k a n
bersembahyang	b ə r s ə m a j a ŋ
bersembahyang	b ə r s ə m b a h j a ŋ
bersembahyang	b ə s ə m a j a ŋ
bersembahyang	b ə s ə m b a h j a ŋ
bersesal	b ə r s ə s a l
bersesal	b ə s ə s a l
bersesalan	b ə r s ə s a l a n
bersesalan	b ə r s ə s a l l a n
bersesalan	b ə s ə s a l a n
bersesalan	b ə s ə s a l l a n
bersih	b ə r s e h
bersih	b ə r s i h
bersih	b ə s e h
bersin	b ə r s e n
bersin	b ə r s i n
bersin	b ə s e n
bersosial	b ə r s o s i a l
bersosial	b ə r s o s i ə l
bersosial	b ə r s o ʃ ə l
bersosial	b ə s o s i a l
bersosial	b ə s o s i ə l
bersosial	b ə s o ʃ ə l
bersosialisasi	b ə r s o s i a l i s a s i
bersosialisasi	b ə r s o s i ə l i s a s i
bersosialisasi	b ə r s o ʃ ə l i s a s i
bersosialisasi	b ə s o s i a l i s a s i
bersosialisasi	b ə s o s i ə l i s a s i
bersosialisasi	b ə s o ʃ ə l i s a s i
bersurat	b ə r s u r a t̪̚
bersurat	b ə s u r a t̪̚
bertahana	b ə r t̪ a h a n a
bertahana	b ə r t̪ a h a n ə
bertambah	b ə r t̪ a m b a h
bertambun	b ə r t a m b o n
bertambun	b ə t a m b o n
bertanya	b ə r t̪ a ɲ a
bertanya	b ə r t̪ a ɲ ə
bertanya	b ə t̪ a ɲ ə
bertas	b ə r t ä s ~ b ə ɾ t ä s
bertelefon	b ə r t e l e f o n
bertelefon	b ə r t ɛ l i f o n
bertelefon	b ə t e l e f o n
bertelefon	b ə t ɛ l i f o n
bertempat	b ə t ə m p a t
bertimpuh	b ə r t̪ i m p o h
bertimpuh	b ə r t̪ i m p u h
bertimpuh	b ə t̪ i m p o h
bertransformasi	b ə t r a n s f o m a s i
bertuah	b ə r t̪ w a h
berudu	b ə r u d u
beruk	b ə r u ʔ
berunai	b ə r u n a i̯
berus	b ə r o s
berwajib	b ə r w a d͡ʒ e p
berwajib	b ə w a d͡ʒ e p
besau	b ə s a u̯
besi	b ə s i
besok	b e s o ʔ
beta	b e t a
beta	b e t ə
betara	b ə t̪ a r a
betis	b ə t̪ e s
betis	b ə t̪ i s
betul	b ə t̪ o l
betul	b ə t̪ u l
beza	b e z a
beza	b e z ə
biadab	b j a d a p̚
bianglala	b j a ŋ l a l a
biar	b i j a
biar	b i j a r
biarawan	b j a r a w a n
bias	b i a s
biasa	b j a s a
biasa	b j a s ə
biasiswa	b j a s i s w a
biawak	b j a w a ʔ
bibit	b i b i t̪̚
bicara	b i t͡ʃ a r a
bicara	b i t͡ʃ a r ə
bidaah	b i d a a h
bidaah	b i d a ʔ a h
bidadari	b i d a d a r i
bidak	b i d a ʔ
bihun	b i h u n
biji	b i d ʒ i
biji	b i d ʒ i ʔ
bikin	b i k e n
bikin	b i k i n
bila	b i l a
bila	b i l ə
bilang	b i l a ŋ
bilik	b i l e ʔ
bilik	b i l i ʔ
biling	b i l e ŋ
biling	b i l i ŋ
binatang	b i n a t̪ a ŋ
bincang	b i ɲ t͡ʃ a ŋ
bincangkan	b i ɲ t͡ʃ a ŋ k a n
bingkas	b i ŋ k a s
bingung	b e ŋ o ŋ
bingung	b i ŋ u ŋ
bintang	b i n̪ t̪ a ŋ
binti	b i n̪ t̪ i
bintik	b i n̪ t̪ e ʔ
bintik	b i n̪ t̪ i ʔ
binturung	b i n̪ t̪ u r o ŋ
binturung	b i n̪ t̪ u r u ŋ
biola	b j o l a
biola	b j o l ə
biologi	b a j o l o d͡ʒ i
biologi	b i o l o ɡ i
bir	b e
bir	b e r
bir	b i r
bir	b ɪ ə
bir	b ɪ ə r
biru	b i r u
bisa	b i s a
bisa	b i s ə
bisik	b i s e ʔ
bisik	b i s i ʔ
bising	b i s i ŋ
bismut	b i s m o t
bismut	b i s m ə t
bisnes	b i s n ə s
bistu	b i s t̪ u
bisu	b i s u
biul	b j u l
bius	b i ʊ s
bobot	b o b o t̪̚
bocah	b o t͡ʃ a h
bohong	b o h o ŋ
bohsia	b o s j a
boi	b o i̯
bola	b o l a
boleh	b o l e h
bolong	b o l o ŋ
bomba	b o m b a
bomba	b o m b ə
bomoh	b o m o h
bomor	b o m o r
bon	b o n
boneka	b o n e k a
boneka	b o n e k ə
bonggol	b o ŋ ɡ o l
bongkok	b o ŋ k o ʔ
bongok	b o ŋ o ʔ
bongsu	b o ŋ s u
borak	b o r a ʔ
borang	b o r a ŋ
boring	b o r i ŋ
borjuis	b o r d͡ʒ u i s
borjuis	b o r d͡ʒ u w i s
bosan	b o s a n
botak	b o t̪ a ʔ
botani	b o t̪ a n i
boti	b o t̪ i
brakilogi	b r a k i l o ɡ i
bref	b r e f
brekmok	b r ɛ ʔ m ɔ ʔ
briyani	b r i j a n i
bromin	b r o m a e n
bromin	b r o m e n
brutal	b r u t̪ a l
brutal	b ʁ u t̪ a i̯
buah	b w a h
buang	b u a ŋ
buaya	b u a j ə
bubuh	b u b o h
bubuh	b u b o̞ h
bubuh	b u b ʊ h
bubuk	b u b u ʔ
bubur	b u b u r
bubur	b ʊ b o
bubut	b u b u t̪̚
budak	b u d a ʔ
budaya	b u d a j a
budaya	b u d a j ə
budu	b u d u
bujur	b u d͡ʒ o
bujur	b u d͡ʒ o r
bujur	b u d͡ʒ u r
buka	b u k a
buka	b u k ə
bukan	b u k a n
bukit	b u k e t̪̚
bukit	b u k i t̪̚
buku	b u k u
bulan	b u l a n
bular	b u l a
bular	b u l a r
bulat	b u l a t
bulih	b u l e h
bulu	b u l u
bulur	b u l u r
bumbung	b u m b o ŋ
bumbung	b u m b u ŋ
bumi	b u m i
buncis	b u ɲ t͡ʃ e s
buncis	b u ɲ t͡ʃ i s
bundar	b u n d a
bundar	b u n d a r
bundaran	b u n d a r a n
bundarkan	b u n d a k a n
bundarkan	b u n d a r k a n
bundle	b a n d ə l
bung	b u ŋ
bunga	b u ŋ a
bunga	b u ŋ ə
bungkus	b u ŋ k o s
bungkus	b u ŋ k u s
buni	b u n i
bunuh	b u n o h
bunuh	b u n ʊ h
bura	b u r ä
bura	b u r ə
burit	b u r e t̪̚
burit	b u r i t̪̚
buruk	b u r o ʔ
buruk	b u r u ʔ
burung	b u r o ŋ
burung	b u r u ŋ
busa	b u s a
busa	b u s ə
bustan	b u s t a n
busudo	b u s u d o
busuk	b u s u ʔ
busur	b u s o
busur	b u s o r
busur	b u s u r
buta	b u t̪ a
buta	b u t̪ ə
butang	b u t̪ a ŋ
butir	b u t̪ e
butir	b u t̪ e r
butir	b u t̪ i r
butoh	b u t̪ o h
butuh	b u t̪ o h
butuh	b u t̪ u h
butun	b u t̪ u n
buyut	b u j o t̪̚
buyut	b u j u t̪̚
cabut	t͡ʃ a b o t̪̚
cabut	t͡ʃ a b u t̪̚
cacar	t͡ʃ a t͡ʃ a r
cacat	t͡ʃ a t͡ʃ a t̪̚
cagu	t͡ʃ a ɡ u
cainis	t͡ʃ a i̯ n i s
cair	t͡ʃ a e
cair	t͡ʃ a e r
cair	t͡ʃ a i r
cairan	t͡ʃ a e r a n
cairan	t͡ʃ a i r a n
caj	t͡ʃ a d͡ʒ
cakap	t͡ʃ a k a p̚
cakap	t͡ʃ a k ā p̚
cakerawala	t͡ʃ a k ə r a w a l a
cakoi	t͡ʃ a k o i̯
calon	t͡ʃ a l o n
cam	t͡ʃ a m
camca	t͡ʃ a m t͡ʃ a
camca	t͡ʃ a m t͡ʃ ə
camna	t͡ʃ a m n a
camna	t͡ʃ a m n ə
camne	t͡ʃ a m n ə
camni	t͡ʃ a m n i
campak	t͡ʃ a m p a ʔ
campur	t͡ʃ a m p o
campur	t͡ʃ a m p o r
campur	t͡ʃ a m p u r
camtu	t͡ʃ a m t̪ u
can	t͡ʃ a n
canai	t͡ʃ a n a i̯
canang	t͡ʃ a n a ŋ
candu	t͡ʃ a n d u
cane	t͡ʃ a n ə
canggung	t͡ʃ a ŋ ɡ o ŋ
canggung	t͡ʃ a ŋ ɡ u ŋ
cangkir	t͡ʃ a ŋ k e
cangkir	t͡ʃ a ŋ k e r
cangkir	t͡ʃ a ŋ k i r
cangkuk	t͡ʃ a ŋ k o ʔ
cangkuk	t͡ʃ a ŋ k u ʔ
cangkul	t͡ʃ a ŋ k o l
cangkul	t͡ʃ a ŋ k u l
cantek	t͡ʃ a n̪ t̪ e ʔ
cantik	t͡ʃ a n̪ t̪ e ʔ
cantik	t͡ʃ a n̪ t̪ i ʔ
cap	t͡ʃ a p
capah	t͡ʃ a p a h
capai	t͡ʃ a p a i̯
capati	t͡ʃ a p a t i
cara	t͡ʃ a r a
cari	t͡ʃ a r i
cari	t͡ʃ a r i ʔ
carta	t͡ʃ a r t̪ a
carta	t͡ʃ a t̪ a
cat	t͡ʃ a t̪̚
catur	t͡ʃ a t̪ o
catur	t͡ʃ a t̪ o r
catur	t͡ʃ a t̪ u r
cawan	t͡ʃ a w a n
caya	t͡ʃ a j a
caya	t͡ʃ a j ə
cecair	t͡ʃ ə t͡ʃ a e
cecair	t͡ʃ ə t͡ʃ a e r
cecair	t͡ʃ ə t͡ʃ a i r
cecikut	t͡ʃ ə t͡ʃ i k o t̪̚
cecikut	t͡ʃ ə t͡ʃ i k u t̪̚
cef	t͡ʃ ɛ f
cef	ʃ ɛ f
cegah	t͡ʃ ə ɡ a h
cekam	t͡ʃ ə k a m
cekap	t͡ʃ ə k a p̚
cekik	t͡ʃ ə k e ʔ
cekik	t͡ʃ ə k i ʔ
celah	t͡ʃ ə l a h
celaka	t͡ʃ ə l a k a
celaka	t͡ʃ ə l a k ə
celakakan	t͡ʃ ə l a k a k a n
celakakan	t͡ʃ ə l a k ə k a n
cemana	t͡ʃ ə m a n a
cemana	t͡ʃ ə m a n ə
cemara	t͡ʃ ə m a r a
cemara	t͡ʃ ə m a r ə
cembul	t͡ʃ ə m b u l
cemburu	t͡ʃ ə m b u r u
cempaka	t͡ʃ ə m p a k a
cempaka	t͡ʃ ə m p a k ə
cempana	t͡ʃ ə m p a n a
cempana	t͡ʃ ə m p a n ə
cempedak	t͡ʃ ə m p ə d a ʔ
cendawan	t͡ʃ ə n d a w a n
cendekiawan	t͡ʃ ə n d ə k j a w a n
cendera	t͡ʃ ə n d ə r a
cendera	t͡ʃ ə n d ə r ə
cenderung	t͡ʃ ə n d ə r o ŋ
cenderung	t͡ʃ ə n d ə r u ŋ
cengal	t͡ʃ ə ŋ a l
cengkarung	m ə ŋ k a r o ŋ
cengkarung	t͡ʃ ə ŋ k a r u ŋ
cengkerik	t͡ʃ ə ŋ k ə r e ʔ
cengkerik	t͡ʃ ə ŋ k ə r i ʔ
ceongsam	t͡ʃ ə o ŋ s a m
cepat	t͡ʃ ɔ p ɛ ʔ
cepat	t͡ʃ ə p a t̪
cerakin	t͡ʃ ə r a k i n
ceramah	t͡ʃ ə r a m a
ceramah	t͡ʃ ə r a m a h
cerawat	t͡ʃ ə r a w a t̪̚
cerita	t͡ʃ ə r i t̪ a
cerita	t͡ʃ ə r i t̪ ə
ceritera	t͡ʃ ə r i t̪ ə r a
ceritera	t͡ʃ ə r i t̪ ə r ə
cermin	t͡ʃ ə m e n
cermin	t͡ʃ ə r m e n
cermin	t͡ʃ ə r m i n
cerpen	t͡ʃ ə p e n
cerpen	t͡ʃ ə r p e n
cetek	t͡ʃ e t e ʔ
cetekkan	t͡ʃ e t e ʔ k a n
cicik	t͡ʃ i t͡ʃ e ʔ
cicik	t͡ʃ i t͡ʃ i ʔ
cicit	t͡ʃ i t͡ʃ e t̪̚
cicit	t͡ʃ i t͡ʃ i t̪̚
cik	t͡ʃ e ʔ
cik	t͡ʃ i ʔ
cikgu	t͡ʃ e ʔ ɡ u
cikgu	t͡ʃ i ʔ ɡ u
ciku	t͡ʃ i k u
cili	t͡ʃ i l i
cincai	t͡ʃ i ɲ t͡ʃ a i̯
cincang	t͡ʃ i ɲ t͡ʃ a ŋ
cincau	t͡ʃ i ɲ t͡ʃ a u̯
cinta	t͡ʃ i n̪ t̪ a
cinta	t͡ʃ i n̪ t̪ ə
cintan	t͡ʃ i n̪ t̪ a n
cipta	t͡ʃ i p̚ t̪ a
cipta	t͡ʃ i p̚ t̪ ə
citah	t͡ʃ i t̪ a h
citra	t͡ʃ i t̪ r a
citra	t͡ʃ i t̪̚ r a
citra	t͡ʃ i t̪̚ r ə
cium	t͡ʃ j u m
clash	k l e ʃ
cogan	t͡ʃ o ɡ a n
coklat	t͡ʃ o k l a t̪̚
coklat	t͡ʃ ɔ k l ə t̪̚
cokmar	t͡ʃ o ʔ m a
cokmar	t͡ʃ o ʔ m a r
coli	t͡ʃ o l i
colok	t͡ʃ o l o ʔ
comel	t͡ʃ o m e l
congong	t͡ʃ o ŋ o ŋ
contoh	t͡ʃ o n̪ t̪ o h
contohan	t͡ʃ o n̪ t̪ o h a n
contohan	t͡ʃ o n̪ t̪ o h h a n
contohi	t͡ʃ o n̪ t̪ o h h i
contohi	t͡ʃ o n̪ t̪ o h i
contohkan	t͡ʃ o n̪ t̪ o h k a n
contohnya	t͡ʃ o n̪ t̪ o h ɲ a
contohnya	t͡ʃ o n̪ t̪ o h ɲ ə
cuaca	t͡ʃ w a t͡ʃ a
cuaca	t͡ʃ w a t͡ʃ ə
cuba	t͡ʃ o b a
cuba	t͡ʃ u b a
cuba	t͡ʃ u b ə
cubit	t͡ʃ u b e t̪̚
cubit	t͡ʃ u b i t̪̚
cucu	t͡ʃ u t͡ʃ u
cuka	t͡ʃ u k a
cuka	t͡ʃ u k ə
cukup	t̪͡ʃ u k o p̚
cukup	t͡ʃ u k u p̚
cukur	t͡ʃ u k o
cukur	t͡ʃ u k o r
cukur	t͡ʃ u k u r
culik	t͡ʃ u l e ʔ
culik	t͡ʃ u l i ʔ
cuma	t͡ʃ u m a
cuma	t͡ʃ u m ə
cupak	t͡ʃ u p a ʔ
cuping	t͡ʃ u p i ŋ
curah	t͡ʃ u r a h
curi	t͡ʃ u r i
curian	t͡ʃ u r j a n
curiga	t͡ʃ u r i ɡ a
curiga	t͡ʃ u r i ɡ ə
curigai	t͡ʃ u r i ɡ a ʔ i
curigai	t͡ʃ u r i ɡ ə ʔ i
cuti	t͡ʃ u t̪ i
dacing	d a t͡ʃ i ŋ
dada	d a d a
dada	d a d ə
dadih	d a d i h
daerah	d a ʔ e r a h
daftar	d a f t a r
daging	d a ɡ e ŋ
daging	d a ɡ i n
daging	d a ɡ i ŋ
dahlah	d a h l a h
dahtu	d a h t̪ u
dahulu	d a h u l u
daing	d a e ŋ
daing	d a ɪ ŋ
dajal	d a d͡ʒ a l
daki	d a k e
daki	d a k i
daksina	d a ʔ s i n a
daku	d a k u
dakwa	d a ʕ w a
dakwat	d a ʔ w a t̪̚
dalam	d a l ẽ
dalang	d a l a ŋ
dam	d a m
dana	d a n a
dana	d a n ə
dangau	d a ŋ a u̯
danta	d a n̪ t̪ a
danta	d a n̪ t̪ ə
dapat	d a p a t
darah	d a r a h
daratan	d a r a t̪ a n
dari	d a r i
daripada	d a r i p a d a
daripada	d a r i p a d ə
darmstadtium	d a m s t a t t i o m
darmstadtium	d a m s t a t t i ə m
darmstadtium	d a r m s t a t t i o m
darmstadtium	d a r m s t a t t i ə m
darul	d a r o l
darul	d a r u l
dasa	d a s a
dasa	d a s ə
dasun	d ä s o n
dasun	d ä s o̞ n
dasun	d ä s ʊ n
datang	d a t̪ a ŋ
datu	d a t̪ u
datuk	d a t̪ o ʔ
datuk	d a t̪ u ʔ
daun	d a o n
daun	d a u n
daya	d ä j ə
debak	d ə b a ʔ
dedah	d ə d a h
dedak	d ə d a ʔ
dedap	d ə d ä p
defisit	d e f i s i t̪̚
degil	d ə ɡ e l
degil	d ə ɡ i l
dehidrasi	d e h i t̪̚ r a s i
dekad	d e k a t̪̚
dekagon	d e k a ɡ ɔ n
dekagram	d e k a ɡ r a m
dekagram	d e k a ɡ r ɛ m
dekat	d ə k a t
dekolonisasi	d e k o l o n i s a s i
dekolonisasi	d i k o l o n i s a s i
dekor	d ɛ k ɔ
dekor	d ɛ k ɔ r
dekorasi	d e k o r a s i
dekoratif	d e k o r a t i f
dekorum	d e k o r u m
delapan	d ə l a p a n
delima	d ə l i m a
delima	d ə l i m ə
demi	d ə m i
demokrasi	d ɛ m o k r a s i
den	d e n
denda	d ə n d a
denda	d ə n d ə
dengan	d ə ŋ a n
dengar	d ə ŋ a r
dengkur	d ə ŋ k o
dengkur	d ə ŋ k o r
dengkur	d ə ŋ k u r
deodoran	d e o d o r a n
deodoran	d j o d ə r ə n
depa	d ə p a
depoh	d e p o h
depu	d ə p u
derhaka	d ə r h ä k ä
derhaka	d ə r h ä k ə
derma	d ə m a
derma	d ə m ə
derma	d ə r m a
derma	d ə r m ə
dermakan	d ə m a k a n
dermakan	d ə m ə k a n
dermakan	d ə r m a k a n
dermakan	d ə r m ə k a n
dermawan	d ə m a w a n
dermawan	d ə r m a w a n
desak	d ə s a ʔ
desis	d ə s i s
detektif	d i t̪ e k̚ t̪ i f
detik	d ə t e ʔ
deuterium	d e u t ə r i o m
deuterium	d e u t ə r i ə m
deuterium	d i u t ə r i ə m
dewa	d e w a
dewa	d e w ə
dewan	d e w a n
dewata	d e w a t̪ a
di	d i
dia	d i j a
dia	d i j ə
diabadikan	d i a b a d i k a n
diabahkan	d i ʔ a b a h k a n
diabaikan	d i ʔ a b a i̯ k a n
diabar	d i ʔ a b a
diabar	d i ʔ a b a r
diabdikan	d i ʔ a p̚ d i k a n
diabjadkan	d i ʔ a p d͡ʒ a t k a n
diabsahkan	d i ʔ a p s a h k a n
diabstrakkan	d i ʔ a p s t r a k k a n
diabstrakkan	d i ʔ ɛ p s t r ɛ k k a n
diabui	d i ʔ a b u w i
diabuk	d i ʔ a b o ʔ
diabuk	d i ʔ a b ʊ ʔ
diabur	d i ʔ a b o
diabur	d i ʔ a b o r
diabur	d i ʔ a b ʊ
diabur	d i ʔ a b ʊ r
diacak	d i ʔ a t͡ʃ a ʔ
diacan	d i ʔ a t͡ʃ a n
diacapi	d i ʔ a t͡ʃ a p i
dialek	d a j ə l ɛ k̚
dialek	d i a l e k̚
dialektik	d j a l e ʔ t̪ i ʔ
diam	d i ʔ a m
dian	d̪ i a n
dianalisis	d i ʔ a n a n a l i s e s
dianimasikan	d i ʔ a n i m a s i k a n
diari	d a i̯ r i
diari	d j a r i
dibaguskan	d i b a ɡ o s k a n
dibaguskan	d i b a ɡ u s k a n
dibaharui	d i b a h a r u w i
dibaharui	d i b a h ə r u w i
dibanci	d i b a ɲ t͡ʃ i
dibandarkan	d i b a n d a k a n
dibandarkan	d i b a n d a r k a n
dibaui	d i b a u i
dibayangi	d i b a j a ŋ i
dibayangkan	d i b a j a ŋ k a n
dibayar	d i b a j a
dibayar	d i b a j a r
dibekaskan	d i b ə k a s k a n
diberi	d i b ə r i
diberikan	d i b ə r i k a n
diberus	d i b ə r o s
dibincangkan	d i b i ɲ t͡ʃ a ŋ k a n
dibundarkan	d i b u n d a k a n
dibundarkan	d i b u n d a r k a n
dicapati	d i t͡ʃ a p a t i
dicelakakan	d i t͡ʃ ə l a k a k a n
dicelakakan	d i t͡ʃ ə l a k ə k a n
dicetekkan	d i t͡ʃ e t e ʔ k a n
dicipta	d i t͡ʃ i p̚ t̪ a
dicipta	d i t͡ʃ i p̚ t̪ ə
dicontoh	d i t͡ʃ o n̪ t̪ o h
dicontohi	d i t͡ʃ o n̪ t̪ o h h i
dicontohi	d i t͡ʃ o n̪ t̪ o h i
dicontohkan	d i t͡ʃ o n̪ t̪ o h k a n
dicurigai	d i t͡ʃ u r i ɡ a ʔ i
dicurigai	d i t͡ʃ u r i ɡ ə ʔ i
didapat	d i d a p a t
diderma	d i d ə m a
diderma	d i d ə m ə
diderma	d i d ə r m a
diderma	d i d ə r m ə
didermakan	d i d ə m a k a n
didermakan	d i d ə m ə k a n
didermakan	d i d ə r m a k a n
didermakan	d i d ə r m ə k a n
didik	d i d e ʔ
didik	d i d i ʔ
didiskriminasikan	d i d i s k r i m i n a s i k a n
diduduki	d i d u d o k i
diduduki	d i d u d o ʔ k i
diduduki	d i d u d u k i
diduduki	d i d u d u ʔ k i
didudukkan	d i d u d o ʔ k a n
didudukkan	d i d u d u ʔ k a n
didukung	d i d o k o ŋ
didukung	d i d u k o ŋ
diedit	d i ʔ ɛ d i t
dieksport	d i ʔ ɛ k s p ɔ t
dielokkan	d i ʔ e l o ʔ k a n
diertikan	d i ʔ ə r t i k a n
diertikan	d i ʔ ə t i k a n
difardukan	d i f a d u k a n
difardukan	d i f a r d u k a n
difardukan	d i f a r dˤ u k a n
difasihkan	d i f a s e h k a n
difikir	d i f i k e
difikir	d i f i k e r
difikir	d i f i k i r
diformalkan	d i f o m a l k a n
diformalkan	d i f o r m a l k a n
diformalkan	d i f ɔ m ə l k a n
diformalkan	d i f ɔ r m ə l k a n
difrancaiskan	d i f r a n t͡ʃ a i̯ s k a n
difrancaiskan	d i f r ɛ n t͡ʃ a i̯ s k a n
diganggu	d i ɡ a ŋ ɡ u
digosok	d i ɡ o s o ʔ
dihadiahi	d i h a d i a h i
dihadiahkan	d i h a d i a h k a n
diiklankan	d i ʔ i k l a n k a n
diiklankan	d i ʔ i ʔ l a n k a n
diimaginasikan	d i ʔ i m a d͡ʒ i n a s i k a n
diimaginasikan	d i ʔ i m a ɡ i n a s i k a n
diimplementasikan	d i ʔ i m p l e m e n t a s i k a n
diimport	d i ʔ i m p ɔ t
diinsafi	d i ʔ i n s a f f i
diinsafi	d i ʔ i n s a f i
diinsafkan	d i ʔ i n s a f k a n
diinspirasi	d i ʔ i n s p i r a s i
diislamkan	d i ʔ i s l a m k a n
diistirahatkan	d i ʔ i s t i r a h a t̚ k a n
dijawab	d i d͡ʒ a w a p̚
dijelaskan	d i d͡ʒ ə l a s k a n
dijengah	d i d͡ʒ ə ŋ a h
dijepunkan	d i d͡ʒ ə p o n k a n
dik	d e ʔ
dik	d i ʔ
dikafirkan	d i k a f e k a n
dikafirkan	d i k a f e r k a n
dikait	d i k a e t
dikait	d i k a i t
dikait	d i k a j e t
dikait	d i k a j i t
dikamuskan	d i k a m o s k a n
dikamuskan	d i k a m u s k a n
dikarang	d i k a r a ŋ
dikata	d i k a t̪ a
dikata	d i k a t̪ ə
dikatai	d i k a t a ʔ i
dikatai	d i k a t ə ʔ i
dikatakan	d i k a t a k a n
dikatakan	d i k a t ə k a n
dikategorikan	d i k a t ə ɡ o r i k a n
dikategorikan	d i k ɛ t ə ɡ o r i k a n
dikategorikan	d i k ɛ t ə ɡ ə r i k a n
dikau	d i k a u̯
dikaunseling	d i k a u̯ n s ə l e ŋ
dikedutkan	d i k ə d o t k a n
dikit	d i k e t
dikotai	d i k o t ə ʔ i
dikotai	d i k ɔ t a ʔ i
dikotakan	d i k o t ə k a n
dikotakan	d i k ɔ t a k a n
dilabel	d i l e b ə l
dilabuhkan	d i l a b o h k a n
dilabuhkan	d i l a b u h k a n
dilakukan	d i l a k u k a n
dilancarkan	d i l a ɲ t͡ʃ a k a n
dilancarkan	d i l a ɲ t͡ʃ a r k a n
dilarang	d i l a r a ŋ
dilarangkan	d i l a r a ŋ k a n
dilawan	d i l a w a n
dilebarkan	d i l e b a k a n
dilebarkan	d i l e b a r k a n
dilepaskan	d i l ə p a s k a n
diletakkan	d i l ə t̪ a ʔ k a n
dilosen	d i l o s e n
dilosen	d i l o ʃ ə n
dimakan	d i m a k a n
dimasuki	d i m a s o ʔ k i
dimasuki	d i m a s u k i
dimasuki	d i m a s u ʔ k i
dimasukkan	d i m a s o ʔ k a n
dimasukkan	d i m a s u ʔ k a n
dimelayukan	d i m ə l a j u k a n
dimengerti	d i m ə ŋ ə t i
dimeterai	d i m ə t̪ ə r a i̯
dimeterai	d i m ə t̪ ə r a ʔ i
dimisalkan	d i m i s a l k a n
dimisalkan	d i m i θ a l k a n
dimudahkan	d i m u d a h k a n
dimungkinkan	d i m u ŋ k e n k a n
dimungkinkan	d i m u ŋ k i n k a n
din	d i n
dinakali	d i n a k a l i
dinamik	d i n a m i ʔ
dinasionalisasikan	d i n a s i o n a l i s a s i k a n
dinasti	d i n a s t̪ i
dinda	d i n d a
dinda	d i n d ə
dingin	d i ŋ e n
dingin	d i ŋ i n
dingo	d i ŋ o
dingo	d i ŋ ɡ o
dioder	d i ʔ ɔ d ə
dioksidakan	d i o k s i d a k a n
dioksigenkan	d i ʔ ɔ k s i d͡ʒ ə n k a n
dioksigenkan	d i ʔ ɔ k s i ɡ ə n k a n
diorang	d i ʔ o r a ŋ
dipalingkan	d i p a l e ŋ k a n
dipalingkan	d i p a l i ŋ k a n
dipanggil	d i p a ŋ ɡ e l
diparkir	d i p a k e
diparkir	d i p a k e r
diparkir	d i p a r k e
diparkir	d i p a r k e r
dipasarkan	d i p a s a k a n
dipasarkan	d i p a s a r k a n
dipaut	d i p a o t
dipecut	d i p ə t͡ʃ o t
dipegang	d i p ə ɡ a ŋ
dipekakkan	d i p ə k a ʔ k a n
dipendekkan	d i p e n d e ʔ k a n
dipeningkan	d i p ə n e ŋ k a n
diperbaharu	d i p ə b a h a r u
diperbaharu	d i p ə b a h ə r u
dipercontohkan	d i p ə r t͡ʃ o n̪ t̪ o h k a n
dipercontohkan	d i p ə t͡ʃ o n̪ t̪ o h k a n
diperelok	d i p ə r e l o ʔ
diperjelas	d i p ə d͡ʒ ə l a s
diperjelas	d i p ə r d͡ʒ ə l a s
diperkatakan	d i p ə k a t ə k a n
diperkatakan	d i p ə r k a t a k a n
diperkatakan	d i p ə r k a t ə k a n
diperkotakan	d i p ə k o t ə k a n
diperkotakan	d i p ə r k o t ə k a n
diperkotakan	d i p ə r k ɔ t a k a n
diperlebar	d i p ə l e b a
diperlebar	d i p ə l e b a r
diperlebar	d i p ə r l e b a
diperlebar	d i p ə r l e b a r
dipermudah	d i p ə m u d a h
dipermudah	d i p ə r m u d a h
dipersembahkan	d i p ə r s ə m b a h k a n
dipersembahkan	d i p ə s ə m b a h k a n
dipertontonkan	d i p ə r t̪ o n̪ t̪ o n k a n
dipertontonkan	d i p ə t̪ o n̪ t̪ o n k a n
dipertuan	d i p ə r t̪ u a n
dipinta	d i p i n t ə
diplagiat	d i p l a ɡ i a t
diplagiat	d i p l a ɡ i j a t
diponteng	d i p o n t e ŋ
dipotong	d i p o t̪ o ŋ
dipreviu	d i p r e v i j u
dipreviu	d i p r e v i u
dipreviu	d i p r i v i j u
dipreviu	d i p r i v i u
dipunyai	d i p u ɲ a ʔ i
dipunyai	d i p u ɲ ə ʔ i
dipunyakan	d i p u ɲ a k a n
dipunyakan	d i p u ɲ ə k a n
diputihkan	d i p u t e h k a n
diraja	d i r a d͡ʒ a
diraja	d i r a d͡ʒ ə
dirakyatkan	d i r a ʔ j a t k a n
dirampok	d i r a m p o ʔ
dirasuahi	d i r a s u a h i
dirasuahi	d i r a ʃ u a h i
direformasi	d i r e f o m a s i
direformasi	d i r e f o r m a s i
direhatkan	d i r e h a t k a n
diri	d i r i
dirompak	d i r o m p a ʔ
dirumikan	d i r u m e k a n
dirumikan	d i r u m i k a n
dirunut	d i r u n o t
dirunuti	d i r u n o t i
disabarkan	d i s a b a k a n
disabarkan	d i s a b a r k a n
disajikan	d i s a d͡ʒ i k a n
disamun	d i s a m o n
disembah	d i s ə m b a h
disembahkan	d i s ə m b a h k a n
disesali	d i s ə s a l i
disesali	d i s ə s a l l i
disesalkan	d i s ə s a l k a n
diseterika	d i s ə t̪ ə r i k a
diskaun	d i s k a o n
diskaun	d i s k a u n
diskriminasi	d i s k r i m i n a s i
diskriminasikan	d i s k r i m i n a s i k a n
disosialkan	d i s o s i a l i s a s i k a n
disosialkan	d i s o s i ə l i s a s i k a n
disosialkan	d i s o ʃ ə l i s a s i k a n
disprosium	d i s p r o s i o m
disprosium	d i s p r o s i ə m
distrim	d i s t r i m
disurat	d i s u r a t̪̚
disurati	d i s u r a t̪ i
disurati	d i s u r a t̪̚ t̪ i
disuratkan	d i s u r a t̪̚ k a n
disusurgalurkan	d i s u s o r ɡ a l o k a n
disusurgalurkan	d i s u s o r ɡ a l o r k a n
disusurgalurkan	d i s u s o ɡ a l o k a n
disusurgalurkan	d i s u s o ɡ a l o r k a n
disusurgalurkan	d i s u s u r ɡ a l u r k a n
diswastakan	d i s w a s t̪ a k a n
ditangkap	d i t̪ a ŋ k a p̚
ditegur	d i t ə ɡ o
ditegur	d i t ə ɡ o r
ditelefon	d i t̪ ɛ l i f o n
ditengok	d i t̪ e ŋ o ʔ
diterima	d i t̪ ə r i m a
diterima	d i t̪ ə r i m ə
ditipu	d i t̪ i p u
ditolehkan	d i t o l e h k a n
ditonton	d i t̪ o n̪ t̪ o n
ditunggang	d i t u ŋ ɡ a ŋ
divideokan	d i v i d e o k a n
divideokan	d i v i d i o k a n
divisyen	d i v i ʃ ə n
diwajibkan	d i w a d͡ʒ e p k a n
dogol	d o ɡ o l
doktor	d ɔ k̚ t o̟
doktor	d ɔ k̚ t o̟ r
dokumentari	d o k u m e n̪ t̪ a r i
dolar	d o l a
dolar	d o l a r
dolar	d ɔ l ə
dolar	d ɔ l ə r
domba	d ɔ m b a
domestik	d o m e s t̪ i k̚
dompet	d o m p e t̪̚
donat	d o n a t̪̚
dongak	d o ŋ a ʔ
dongok	d o ŋ o ʔ
dosa	d o s a
dua	d u a
dua	d u ə
duduk	d u d o ʔ
duduk	d u d u ʔ
duduki	d u d o k i
duduki	d u d o ʔ k i
duduki	d u d u k i
duduki	d u d u ʔ k i
dudukkan	d u d o ʔ k a n
dudukkan	d u d u ʔ k a n
duga	d u ɡ a
duga	d u ɡ ə
dugong	d u ɡ o ŋ
duit	d u i t̪̚
duk	d o ʔ
duk	d u ʔ
dukun	d u k o n
dukun	d u k u n
dukung	d o k o ŋ
dukung	d u k o ŋ
dukungan	d o k o ŋ a n
dukungan	d u k o ŋ a n
dulu	d u l u
dungu	d u ŋ u
dunia	d u n j a
dunia	d u n j ə
dunia	d u ɲ ə
dupa	d u p a
durasi	d u r a s i
duri	d u r i
durian	d u r j a n
duyung	d u j o ŋ
duyung	d u j u ŋ
dwibahasa	d w i b a h a s a
dwibahasa	d w i b a h a s ə
dwibahasa	d w i b a h ə s a
dwibahasa	d w i b a h ə s ə
edit	ɛ d i t
ef	ʔ e f
egosentrik	e ɡ o s e n t r i k
egosentrisme	e ɡ o s e n t r i s m ə
egotisme	e ɡ o t i s m ə
einsteinium	a i n s t a e n i ə m
einsteinium	e i n s t e i n i o m
einsteinium	e i n s t e i n i ə m
eja	e d͡ʒ ä
eja	e d͡ʒ ə
ejek	e d͡ʒ e ʔ
ejen	ʔ e d͡ʒ e n
eka	ʔ e k a
eka	ʔ e k ə
ekabahasa	e k a b a h a s a
ekabahasa	e k a b a h a s ə
ekabahasa	e k a b a h ə s a
ekabahasa	e k a b a h ə s ə
ekadasa	ʔ e k a d a s a
ekadasa	ʔ e k ə d a s ə
ekor	ʔ e k o
ekor	ʔ e k o r
eksport	ɛ k s p ɔ t
ekstremis	ɛ k̚ s t r i m i s
elak	e̞ l ä ʔ
elang	ʔ ə l a ŋ
elektrik	ʔ e l e k̚ t̪ r i k̚
elektrik	ʔ i l ɛ t̪ r i k̚
elektrolisis	i l ɛ k t r o l i s i s
elit	ʔ e l i t̪̚
elok	e l o ʔ
elokkan	e l o ʔ k a n
emak	ʔ ə m a ʔ
embun	ʔ ə m b o n
embun	ʔ ə m b u n
empat	ʔ ə m p a t̪̚
empayar	ʔ e m p a j a
empayar	ʔ e m p a j a r
empedal	ʔ ə m p ə d a l
empu	ʔ ə m p u
empulur	ʔ ə m p u l u r
empunya	ʔ ə m p u ɲ a
empunya	ʔ ə m p u ɲ ə
enak	ʔ ɛ n a ʔ
enam	ʔ ə n a m
enau	ʔ ə n a u̯
encik	ʔ ə ɲ t͡ʃ e ʔ
encik	ʔ ə ɲ t͡ʃ i ʔ
enggan	ʔ ə ŋ ɡ a n
engko	ʔ ə ŋ k o
engsel	ʔ e ŋ s e l
ensiklopedia	ʔ e n s a i̯ k l o p i d j a
ensiklopedia	ʔ e n s i k l o p e d j a
entah	ʔ ə n̪ t̪ a h
er	ə
erbium	ə b i o m
erbium	ə b i ə m
erbium	ə r b i o m
erbium	ə r b i ə m
erti	ə r t i
erti	ə t i
ertian	ə r t i j a n
ertian	ə t i j a n
ertikan	ə r t i k a n
ertikan	ə t i k a n
es	ʔ e s
esa	e s ə
esa	ə s ə
esok	ʔ e s o ʔ
europium	e u r o p i o m
europium	e u r o p i ə m
europium	j u r o p i ə m
ewah	ʔ e w a h
faham	f a h a m
faktor	f a ʔ t̪ o
faktor	f a ʔ t̪ o r
falak	f a l a ʔ
falsafah	f a l s a f a h
fantasi	f a n t a s i
fardu	f a d u
fardu	f a r d u
fardu	f a r dˤ u
fardukan	f a d u k a n
fardukan	f a r d u k a n
fardukan	f a r dˤ u k a n
faringitis	f a r i ŋ i t e s
faringitis	f ɛ r i n d͡ʒ a i̯ t e s
farinks	f ɛ r e ŋ k s
farisi	f a r i s i
farmakologi	f a m a k o l o d͡ʒ i
farmakologi	f a m ə k o l o d͡ʒ i
farmakologi	f a r m a k o l o d͡ʒ i
farmakologi	f a r m ə k o l o d͡ʒ i
farmakopeia	f a m a k o p i j a
farmakopeia	f a m ə k o p i j a
farmakopeia	f a r m a k o p i j a
farmakopeia	f a r m ə k o p i j a
farmaseutikal	f a m a s u t i k ə l
farmaseutikal	f a m ə s u t i k ə l
farmaseutikal	f a r m a s u t i k ə l
farmaseutikal	f a r m ə s u t i k ə l
farmasi	f a m a s i
farmasi	f a m ə s i
farmasi	f a r m a s i
farmasi	f a r m ə s i
farsakh	f a r s a x
farsakh	f a s a x
fasa	f a s a
fasal	p a s a j
fasi	f ɛ s i
fasih	f a s e h
fasihkan	f a s e h k a n
fasilitator	f ɛ s i l i t e t ə
fasilitator	f ɛ s i l i t e t ə r
fasis	f a s i s
fasis	f ɛ ʃ i s
fasisme	f a s i s m a
fasisme	f ɛ ʃ i s m a
feminis	f e m i n i s
feminis	f ɛ m i n i s
feminisme	f e m i n i s m a
feminisme	f ɛ m i n i s m a
feri	f e r i
fermium	f ə m i o m
fermium	f ə m i ə m
fermium	f ə r m i o m
fermium	f ə r m i ə m
ferum	f ɛ r o m
ferum	f ɛ r ə m
fesyen	f e ʃ ə n
fidah	f i d a h
fikir	f i k e
fikir	f i k e r
fikirkan	f i k e k a n
fikirkan	f i k e r k a n
filpen	f i l p e n
firdaus	f e d a o s
firdaus	f e d a w o s
firdaus	f e r d a o s
firdaus	f e r d a w o s
fisiologi	f i s i o l o d͡ʒ i
fitoterapi	f a i̯ t̪ o t̪ ɛ r ə p i
fitoterapi	f i t̪ o t̪ ɛ r a p i
fitoterapi	f i t̪ o t̪ ɛ r ə p i
fly	f l a i̯
fon	f o n
fon	f ɔ n
fonologi	f o n o l o d͡ʒ i
fonologi	f o n o l o ɡ i
formal	f o m a l
formal	f o r m a l
formal	f ɔ m ə l
formal	f ɔ r m ə l
formalkan	f o m a l k a n
formalkan	f o r m a l k a n
formalkan	f ɔ m ə l k a n
formalkan	f ɔ r m ə l k a n
forsep	f ɔ s ɛ p̚
fosfor	f o s f o
fosfor	f o s f o r
fosforus	f o s f o r o s
fosforus	f o s f o r u s
fosforus	f ɔ s f ə r ə s
francais	f r a n t͡ʃ a i̯ s
francais	f r ɛ n t͡ʃ a i̯ s
francaisi	f r a n t͡ʃ a i̯ s i
francaisi	f r ɛ n t͡ʃ a i̯ s i
francaiskan	f r a n t͡ʃ a i̯ s k a n
francaiskan	f r ɛ n t͡ʃ a i̯ s k a n
francaisor	f r a n t͡ʃ a i̯ s ə
francaisor	f r a n t͡ʃ a i̯ s ə r
francaisor	f r ɛ n t͡ʃ a i̯ s ə
francaisor	f r ɛ n t͡ʃ a i̯ s ə r
fransium	f r a n s i o m
fransium	f r a n s i u m
fransium	f r a n s j o m
fransium	f r a n s j u m
fransium	f r a n s j ə m
frekuensi	f r ə k w ə n s i
fuh	f u h
fungsi	f u ŋ s i
futanari	f u t̪ a n a r i
futanari	f u t̪ a n a r ɪ
futanari	f u t̪ a n a ʁ i
fuyoh	f u j ɔː
gaban	ɡ a b a n
gadai	ɡ a d a i̯
gading	ɡ a d e ŋ
gading	ɡ a d i ŋ
gadolinium	ɡ a d o l i n i o m
gadolinium	ɡ a d o l i n i ə m
gadolinium	ɡ ɛ d o l i n i ə m
gaduh	ɡ a d o
gaduh	ɡ a d o h
gaduh	ɡ a d u h
gagah	ɡ a ɡ a h
gagak	ɡ a ɡ a ʔ
gahara	ɡ a h a r a
gahara	ɡ a h a r ə
gajah	ɡ a d͡ʒ a h
gajet	ɡ ɛ d͡ʒ ɛ t
gaji	ɡ a d͡ʒ i
gak	ɡ a ʔ
galeri	ɡ ɛ l ə r i
gali	ɡ a l i
galian	ɡ a l j a n
galium	ɡ a l i o m
galium	ɡ a l i u m
galium	ɡ a l j o m
galium	ɡ a l j u m
galium	ɡ a l j ə m
galium	ɡ ɛ l j ə m
galon	ɡ a l ɔ n
gambar	ɡ a m b a
gambar	ɡ a m b a r
gambir	ɡ a m b e
gambir	ɡ a m b e r
gambir	ɡ a m b i r
gambus	ɡ a m b u s
gamifikasi	ɡ a m i f i k a s i
ganar	ɡ a n a r
gandum	ɡ a n d o m
gandum	ɡ a n d u m
ganggu	ɡ a ŋ ɡ u
gangguan	ɡ a ŋ ɡ w a n
gangsa	ɡ a ŋ s a
gangsa	ɡ a ŋ s ə
ganja	ɡ a n d͡ʒ a
ganjat	ɡ a ɲ d͡ʒ a t̪̚
ganjat	ɡ a ɲ d͡ʒ ɛ ʔ
ganjat	ɡ a ɲ ɟ a ʔ
gantang	ɡ ä n t̪ ä ŋ
ganu	ɡ a n u
garaj	ɡ a r a d͡ʒ
garang	ɡ ä r ä ŋ
garasi	ɡ a r a s i
garing	ɡ a r i ŋ
garis	ɡ a r e s
garis	ɡ a r i s
garpu	ɡ a r p u
gas	ɡ a s
gas	ɡ ɛ s
gatai	ɡ a t̪ a i̯
gatal	ɡ a t̪ a l
gawai	ɡ a w a i̯
gayung	ɡ ä j o ŋ
gayung	ɡ ä j ʊ ŋ
gebar	ɡ ə b a r
gebar	ɡ ə b ɔ
gedang	ɡ ə d a ŋ
gedegang	ɡ ə d ə ɡ a ŋ
gegana	ɡ ə ɡ a n a
gegana	ɡ ə ɡ a n ə
gegantung	ɡ ə ɡ a n̪ t̪ u ŋ
gegelung	ɡ ə ɡ ə l u ŋ
geisya	ɡ e i ʃ ɐ
geisya	ɡ e ʔ i ʃ ɐ
gejala	ɡ ə d͡ʒ a l a
gejala	ɡ ə d͡ʒ a l ə
gelak	ɡ ə l a ʔ
gelam	ɡ ə l a m
gelang	ɡ ə l a ŋ
gelanggang	ɡ ə l a ŋ ɡ a ŋ
gelap	ɡ ə l a p̚
gelar	ɡ ə l a
gelar	ɡ ə l a r
gelisah	ɡ ə l i s a h
gelojoh	ɡ ə l o d͡ʒ o
gelojoh	ɡ ə l o d͡ʒ o h
gelombang	ɡ ə l o m b a ŋ
gelung	ɡ ə l o ŋ
gelung	ɡ ə l u ŋ
gem	ɡ e m
gema	ɡ e m a
gembala	ɡ ə m b a l a
gembala	ɡ ə m b a l ə
gembira	ɡ ə m b i r ə
geming	ɡ ə m e ŋ
geming	ɡ ə m i ŋ
gempak	ɡ ə m p a ʔ
gemuk	ɡ ə m o ʔ
gemuk	ɡ ə m u ʔ
gemulah	ɡ ə m u l a h
genang	ɡ ə n a ŋ
genap	ɡ ə n a p̚
genealogi	d͡ʒ i n i a l o d͡ʒ i
genealogi	ɡ e n e a l o ɡ i
generasi	d͡ʒ ə n ə r a s i
generasi	d͡ʒ ɛ n ə r a s i
generasi	ɡ e n ə r a s i
geng	ɡ ɛ ŋ
genosid	d͡ʒ ɛ n o s a i̯ t̚
genosid	ɡ e n o s i t̚
gentian	ɡ ə n̪ t̪ j a n
gerabak	ɡ ə r a b a ʔ
gerai	ɡ ə r a i̯
gerakan	ɡ ə r a k a n
geran	ɡ ə r a n
gereja	ɡ ə r e d͡ʒ a
gereja	ɡ ə r e d͡ʒ ə
gerek	ɡ e ɾ e ʔ̚
gergasi	ɡ ə r ɡ a s i
gerhana	ɡ ə h a n ə
gerhana	ɡ ə r h a n a
gerhana	ɡ ə r h a n ə
germanium	d͡ʒ ə m a n i ə m
germanium	d͡ʒ ə r m a n i ə m
germanium	ɡ ə m a n i o m
germanium	ɡ ə m a n i ə m
germanium	ɡ ə r m a n i o m
germanium	ɡ ə r m a n i ə m
gewang	ɡ e w a ŋ
gigil	ɡ i ɡ e l
gigil	ɡ i ɡ e̞ l
gigil	ɡ i ɡ ɪ l
gigit	ɡ i ɡ e t̪̚
gigit	ɡ i ɡ i t̪̚
gila	ɡ i l a
gila	ɡ i l ə
gimam	ɡ i m a m
gincu	ɡ i ɲ t͡ʃ u
gitar	ɡ i t̪ a
gitar	ɡ i t̪ a r
gitau	ɡ i t̪ a u̯
glob	ɡ l o p
globalisasi	ɡ l o b a l i s a s i
godam	ɡ o d a m
golok	ɡ o l o ʔ
gonggong	ɡ o ŋ ɡ o ŋ
gosok	ɡ o s o ʔ
goyang	ɡ o j a ŋ
graduan	ɡ r a d u a n
graduasi	ɡ r a d w a s i
gratis	ɡ r a t̪ i s
graviti	ɡ r a v i t i
grup	ɡ r u p̚
gua	ɡ w a
gua	ɡ w ə
guam	ɡ u ä m
guar	ɡ w a r
gudang	ɡ u d a ŋ
gugur	ɡ u ɡ o
gugur	ɡ u ɡ o r
gugur	ɡ u ɡ u r
gula	ɡ u l a
gula	ɡ u l ə
gulai	ɡ u l a i̯
guling	ɡ u l e ŋ
guling	ɡ u l i ŋ
gulungan	ɡ u l u ŋ a n
gumpal	ɡ u m p a l
guna	ɡ u n a
guna	ɡ u n ə
gunting	ɡ u n̪ t̪ e ŋ
gunting	ɡ u n̪ t̪ i ŋ
guntur	ɡ u n̪ t̪ o
guntur	ɡ u n̪ t̪ o r
guntur	ɡ u n̪ t̪ u r
gunung	ɡ u n o ŋ
gunung	ɡ u n u ŋ
gurau	ɡ u r a u̯
gurita	ɡ u r i t̪ a
gurun	ɡ u r o n
gurun	ɡ u r u n
gus	ɡ u s
haah	h a a h
haah	h a ʕ a h
habis	h a b e s
habis	h a b i s
habuk	h a b o ʔ
hadap	h a d a p̚
hadapan	h a d a p a n
hadiah	h a d i a h
hadiahi	h a d i a h i
hadiahkan	h a d i a h k a n
hadis	h a d i s
hadis	ħ a d i θ
hafnium	h a f n i o m
hafnium	h a f n i ə m
haid	h a j t̪̚
hairan	h a i r a n
haiwan	h a i w a n
hajat	h a d͡ʒ a t̪̚
haji	h a d͡ʒ i
hak	h a ʔ
hakim	h a k e m
hakim	h a k i m
hal	h a l
halal	h a l a l
halaman	h a l a m a n
halia	h a l j a
halilintar	h a l i l i n̪ t̪ a
halilintar	h a l i l i n̪ t̪ a r
halkum	h a l k u m
halo	h a l o
halo	h e l o
halusinasi	h a l u s i n a s i
halwa	h ä l w ə
hamba	a m b ɔ
hamba	a m b ə
hamba	h a m b a
hamba	h a m b ə
hambar	h a m b a r
hamil	h a m e l
hamil	h a m i l
hampar	h a m p a
hampar	h a m p a r
hampas	h a m p a s
hampeh	h a m p e h
hampir	h a m p e
hampir	h a m p e r
hampir	h a m p i r
hang	h a ŋ
hangat	h a ŋ a t̪̚
hangit	h a ŋ e t̪̚
hangit	h a ŋ i t̪̚
hantar	h a n̪ t̪ a
hantar	h a n̪ t̪ a r
hantu	h a n̪ t̪ u
hanya	h a ɲ a
hanya	h a ɲ ə
hanyut	h a ɲ o t̪̚
hanyut	h a ɲ u t̪̚
haram	h a r a m
harga	h a r ɡ a
harga	h a r ɡ ə
hari	h a r i
harimau	h a r i m a u̯
hartal	h a r t̪ a l
haruan	h a r w a n
harung	h a r o ŋ
harung	h a r u ŋ
hassium	h a s i o m
hassium	h a s i ə m
hassium	h ɛ s i ə m
hati	h a t̪ i
hatur	h a t̪ o
hatur	h a t̪ o r
hatur	h a t̪ u r
haus	h a o s
haus	h a u s
hawa	h ä w ə
hayun	h a j u n
hec	h e t͡ʃ
hela	h e l a
helang	h ə l a ŋ
helo	h e l o
helo	h ɛ l o
hempedal	h ə m p ə d a l
hempedu	h ə m p ə d u
hendak	h ə n d a ʔ
hensem	h ɛ n s ə m
hentak	h ə n t ä ʔ
hentam	h ə n t ä m
henyak	h ə ɲ a ʔ
herba	h ə b a
herba	h ə b ə
herba	h ə r b a
herba	h ə r b ə
herbivor	h ə r b i v o r
hering	h ə r e ŋ
hering	h ə r i ŋ
hering	h ə ʁ i n
hiang	h i a ŋ
hiang	h i j a ŋ
hias	h j a s
hiatus	h j a t̪ u s
hibernasi	h a i̯ b ə n a s i
hibernasi	h a i̯ b ə r n a s i
hibernasi	h i b ə n a s i
hibernasi	h i b ə r n a s i
hibira	h i b i r a
hibira	h i b i ʁ a
hibira	h ɪ b ɪ r ə
hibur	h i b o
hibur	h i b o r
hibur	h i b u r
hiburan	h i b u r a n
hidraulik	h i t̪̚ r a u l i ʔ
hidrogen	h i d r o ɡ ə n
hidrologi	h a i̯ d r o l o d͡ʒ i
hidung	h i d o ŋ
hidung	h i d u ŋ
hidup	h i d o p̚
hidup	h i d u p̚
hierarki	h i r a r k i
hijau	h i d͡ʒ a u̯
hikayat	h i k a j a t̪̚
hilang	h i l a ŋ
hilir	h i l i r
himar	h i m a
himar	h i m a r
himpun	h i m p o n
himpun	h i m p u n
hina	h i n a
hina	h i n ə
hinggap	h i ŋ ɡ a p̚
hingget	h i ŋ ɡ e t̪̚
hipertensi	h a i̯ p ə r t ɛ n s i
hipertensi	h a i̯ p ə t ɛ n s i
hipokondria	h i p o k o n d r i j a
hipokrit	h i p o k r e t
hipotermia	h a i̯ p o t̪ ə m j a
hipotermia	h a i̯ p o t̪ ə r m j a
hirau	h i r a u̯
hirup	h i ɣ ɔ ʔ
hirup	i ɣ ɔ ʔ
hisap	h i s a p
hitam	h i t̪ a m
hitung	h i t̪ o ŋ
hitung	h i t̪ u ŋ
hitungan	h i t̪ u ŋ a n
hiu	h i w
hoki	h o k i
holmium	h ɔ l m i o m
holmium	h ɔ l m i ə m
hon	h o n
horizon	h o r a i̯ z ə n
horizontal	h ɔ r i z ɔ n t ə l
hospital	h o s p i t̪ a l
hubub	h u b o p̚
hubub	h u b o̞ p̚
hubub	h u b ʊ p̚
hubub	u b o p̚
hubub	u b o̞ p̚
hubub	u b ʊ p̚
hubungan	h u b u ŋ a n
hujung	h u d͡ʒ o ŋ
hujung	h u d͡ʒ u ŋ
hukum	h u k u m
hulu	h u l u
huma	h u m a
huma	h u m ə
hunus	h u n u s
huruf	h u r o f
huruf	h u r u f
hutan	h u t̪ a n
hutang	h u t̪ a ŋ
hutang	h u t̪ ä ŋ ~ u t̪ ä ŋ
ia	i j a
ia	i j ə
ialah	j a l a h
ialah	j ə l a h
iau	iʲ ä u̯
ibu	ʔ i b u
ibus	i b o s
ibus	i b o̞ s
ibus	i b ʊ s
ichibos	ʔ i t͡ʃ i b o s
icibos	ʔ i t͡ʃ i b o s
idea	ʔ a i̯ d j ə
idea	ʔ i d e a
idealisme	ʔ a i̯ d j ə l i s m a
idealisme	ʔ a i̯ d j ə l i z ə m
idealisme	ʔ i d j e l i s m a
ideologi	a j d i o l o d͡ʒ i
ideologi	i d e o l o ɡ i
ijuk	ʔ i d͡ʒ o ʔ
ijuk	ʔ i d͡ʒ u ʔ
ikan	ʔ i k a n
ikhtiar	ʔ i x t̪ j a r
iklan	i k l a n
iklan	ʔ i k l a n
iklan	ʔ i ʔ l a n
iklankan	i k l a n
iklankan	i ʔ l a n
iklim	i k l e m
iklim	i ʔ l e m
ilham	ʔ i l h a m
imaginasikan	i m a d͡ʒ i n a s i k a n
imaginasikan	i m a ɡ i n a s i k a n
iman	ʔ i m a n
imarah	ʔ i m a r a h
imigresen	ʔ i m i ɡ r e s e n
imigresyen	ʔ i m i ɡ r ə ʃ ə n
imperatif	ʔ i m p e r a t̪ i f
import	ʔ i m p ɔ t̪̚
ina	ʔ i n a
ina	ʔ i n ə
indium	i n d i o m
indium	i n d i ə m
inersia	i n ə s i a
informal	i n f o m a l
informal	i n f o r m a l
informal	i n f ɔ m ə l
informal	i n f ɔ r m ə l
informan	i n f o m a n
informan	i n f o r m a n
informan	i n f ɔ m ə n
informan	i n f ɔ r m ə n
informasi	i n f o m a s i
informasi	i n f o r m a s i
informatif	i n f o m a t i f
informatif	i n f o r m a t i f
informatif	i n f ɔ m ə t i f
informatif	i n f ɔ r m ə t i f
infrabunyi	ʔ i n f r a b u ɲ i
infrabunyi	ʔ i n f r ə b u ɲ i
infrastruktur	ʔ i n f r a s t̪ r u ʔ t̪ o
infrastruktur	ʔ i n f r a s t̪ r u ʔ t̪ o r
infrastruktur	ʔ i n f r a s t̪ r u ʔ t̪ u r
ingat	ʔ i ŋ a t̪̚
ingsun	ʔ i ŋ s o n
ingsun	ʔ i ŋ s u n
ini	ʔ i n i
inisiatif	ʔ i n i s j a t̪ i f
injap	ʔ i ɲ d͡ʒ a p̚
inkuilin	i n k u w i l i n
inovatif	i n o v a t i f
inovator	i n o v a t o r
insaf	ʔ i n s a f
insafi	ʔ i n s a f f i
insafi	ʔ i n s a f i
insafkan	ʔ i n s a f k a n
insan	ʔ i n s a n
insiden	i n s i d ə n
insinyur	ɪ n s i ɲ ʊ r
inspirasi	i n s p i r a s i
intan	i n t a n
internet	ʔ i n̪ t̪ ə n ɛ t̪̚
internet	ʔ i n̪ t̪ ə r n ɛ t̪̚
intertrigo	ʔ i n̪ t̪ ə r t̪ r i ɡ o
invaginasi	i n v a ɡ i n a s i
invois	ʔ i n v o i s
iodin	a j o d e n
iodin	i o d e n
iolls	ʔ a i̯ o l s
iridium	i r i d i o m
iridium	i r i d i ə m
iring	ʔ i r i ŋ
iritasi	ʔ i r i t̪ a s i
isekai	ʔ i s e k a i̯
isi	ʔ i s i
isim	ʔ i s e m
isim	ʔ i s i m
islamkan	i s l a m k a n
isme	i s m a
istana	ɪ s t a n a
isteri	ʔ i s t̪ ə r i
istirahat	i s t i r a h a t̚
istirahatkan	i s t i r a h a t̚ k a n
isu	i s u
isu	i ʃ u
isy	ʔ i ʃ
itam	ʔ i t̪ a m
iterbium	i t ə b i o m
iterbium	i t ə b i ə m
iterbium	i t ə r b i o m
iterbium	i t ə r b i ə m
itik	ʔ i t̪ e ʔ
itik	ʔ i t̪ i ʔ
itrium	i t r i o m
itrium	i t r i ə m
izin	i z ɪ n
jadah	d͡ʒ a d a h
jadi	d͡ʒ a d i
jadual	d͡ʒ a d w a l
jag	d͡ʒ a k̚
jaga	d͡ʒ a ɡ a
jagat	d͡ʒ a ɡ a t̪̚
jagung	d͡ʒ a ɡ o ŋ
jagung	d͡ʒ a ɡ u ŋ
jahat	d͡ʒ a h a t̪̚
jahit	d͡ʒ a h i t̪̚
jajahan	d͡ʒ a d͡ʒ a h a n
jakal	d͡ʒ a k a l
jala	d͡ʒ ä l ə
jalan	d͡ʒ a l a n
jalang	d͡ʒ a l a ŋ
jam	d͡ʒ a m
jamban	d͡ʒ a m b a n
jambu	d͡ʒ a m b u
jamin	d͡ʒ a m i n
jangak	d͡ʒ a ŋ a ʔ
jangan	d͡ʒ a ŋ a n
janggi	d͡ʒ a ŋ ɡ i
jangka	d͡ʒ a ŋ k a
jangka	d͡ʒ a ŋ k ə
jangkit	d͡ʒ a ŋ k e t̪̚
jangkit	d͡ʒ a ŋ k i t̪̚
janji	d͡ʒ a ɲ d͡ʒ i
jantan	d͡ʒ a n̪ t̪ a n
jantina	d͡ʒ a n t i n a
jantung	d͡ʒ a n̪ t̪ o ŋ
jantung	d͡ʒ a n̪ t̪ u ŋ
jap	d͡ʒ a p̚
jarak	d͡ʒ a r a ʔ
jargon	d͡ʒ a r ɡ o n
jari	d͡ʒ a r i
jaringan	d͡ʒ a r e ŋ a n
jaringan	d͡ʒ a r i ŋ a n
jata	d͡ʒ a t̪ a
jata	d͡ʒ a t̪ ə
jati	d͡ʒ a t̪ i
jatuh	d͡ʒ a t̪ o h
jatuh	d͡ʒ a t̪ u h
jauh	d͡ʒ a o h
jauh	d͡ʒ a u h
jauhkan	d͡ʒ a o h k a n
jauhkan	d͡ʒ a u h k a n
jawab	d͡ʒ a w a p̚
jawaban	d͡ʒ a w a b a n
jawapan	d͡ʒ a w a p a n
jawapan	d͡ʒ a w a p̚ p a n
jawatan	d͡ʒ a w a t̪ a n
jawatankuasa	d͡ʒ a w a t̪ a n k u a s a
jawatankuasa	d͡ʒ a w a t̪ a n k u a s ə
jawatankuasa	d͡ʒ a w a t̪̚ t̪ a n k u a s a
jawatankuasa	d͡ʒ a w a t̪̚ t̪ a n k u a s ə
jawi	d͡ʒ a w i
jaya	d͡ʒ a j a
jaya	d͡ʒ a j ə
je	d͡ʒ e
jejawi	d͡ʒ ə d͡ʒ a w i
jelak	d͡ʒ ə l a ʔ
jelapang	d͡ʒ ə l a p a ŋ
jelas	d͡ʒ ə l a s
jelaskan	d͡ʒ ə l a s k a n
jelata	d͡ʒ ə l a t ə
jelatang	d͡ʒ ə l ä t ä ŋ
jelutung	d͡ʒ ə l u t̪ u ŋ
jem	d͡ʒ ɛ m
jemaah	d͡ʒ ə m a ʔ a h
jempana	d͡ʒ ə m p a n a
jempana	d͡ʒ ə m p a n ə
jemur	d͡ʒ ə m o
jemur	d͡ʒ ə m o r
jemur	d͡ʒ ə m u r
jenaka	d͡ʒ ə n a k a
jenaka	d͡ʒ ə n a k ə
jenama	d͡ʒ ə n a m ə
jenawi	d͡ʒ ə n a w i
jenazah	d͡ʒ ə n a z a h
jendela	d͡ʒ ə n d e l a
jendela	d͡ʒ ə n d e l ə
jeneral	d͡ʒ ə n ə r a l
jengah	d͡ʒ ə ŋ a h
jengkal	d ʒ ə ŋ k ä l
jenguk	d͡ʒ ə ŋ o ʔ
jenguk	d͡ʒ ə ŋ u ʔ
jenis	d͡ʒ e n i s
jentera	d͡ʒ ə n̪ t̪ ə r a
jentera	d͡ʒ ə n̪ t̪ ə r ə
jentik	d͡ʒ ə n̪ t̪ e ʔ
jentik	d͡ʒ ə n̪ t̪ i ʔ
jenuh	d͡ʒ ə n o h
jenuh	d͡ʒ ə n u h
jepun	d͡ʒ ə p o n
jepunkan	d͡ʒ ə p o n k a n
jerang	d͡ʒ ə r ä ŋ
jerawat	d͡ʒ ə r a w a t̪̚
jerebu	d͡ʒ ə r ə b u
jerung	d͡ʒ ə r o ŋ
jeti	d͡ʒ e t̪ i
ji	d͡ʒ i
jijik	d͡ʒ i d͡ʒ e ʔ
jijik	d͡ʒ i d͡ʒ i ʔ
jika	d͡ʒ i k a
jika	d͡ʒ i k ə
jingga	d͡ʒ i ŋ ɡ a
jingga	d͡ʒ i ŋ ɡ ə
jiran	d͡ʒ i r a n
jirat	d͡ʒ i r a t̪̚
jirim	d͡ʒ i r i m
jiwang	d͡ʒ i w a ŋ
joget	d ʒ o ɡ ɛ t
jolok	d͡ʒ o l o ʔ
jom	d͡ʒ o m
jong	d͡ʒ o ŋ
joza	d͡ʒ o z ɑ
juga	d͡ʒ u ɡ a
juga	d͡ʒ u ɡ ə
jugak	d͡ʒ u ɡ a ʔ
jujur	d͡ʒ u d͡ʒ o
jujur	d͡ʒ u d͡ʒ o r
jujur	d͡ʒ u d͡ʒ u r
julang	d͡ʒ u l a ŋ
juling	d͡ʒ u l e ŋ
juling	d͡ʒ u l i ŋ
jurubahasa	d͡ʒ u r u b a h a s a
jurubahasa	d͡ʒ u r u b a h a s ə
jurusaji	d͡ʒ u r u s a d͡ʒ i
jurusurat	d͡ʒ u r u s u r a t̪̚
jurutera	d͡ʒ u r u t ə r a
juruubat	d͡ʒ u r u ʔ u b a t
jus	d͡ʒ u s
juta	d͡ʒ u t̪ a
juta	d͡ʒ u t̪ ə
juzuk	d͡ʒ u z o ʔ
kabel	k a b ə l
kabel	k e b ə l
kabin	k ɛ b e n
kabinet	k ɛ b i n ɛ t
kabung	k a b u ŋ
kabur	k a b o
kabur	k a b o r
kabur	k a b u r
kabus	k a b o s
kabus	k a b u s
kabut	k a b o t̪̚
kabut	k a b u t̪̚
kaca	k a t͡ʃ a
kaca	k a t͡ʃ ə
kacang	k a t͡ʃ a ŋ
kacau	k a t͡ʃ a u̯
kacu	k ä t͡ʃ u
kad	k a t̪̚
kadaran	k a d a r a n
kadmium	k a t m i o m
kadmium	k a t m i ə m
kadmium	k ɛ t m i ə m
kafir	k a f e
kafir	k a f e r
kafir	k a f i r
kafirkan	k a f e k a n
kafirkan	k a f e r k a n
kafirkan	k a f i r k a n
kagum	k a ɡ o m
kagum	k a ɡ u m
kahkah	k a h k a h
kainsal	k a i n s a l
kaisar	k a i̯ s a r
kait	k a e t
kait	k a i t
kait	k a j e t
kait	k a j i t
kajang	k a d͡ʒ a ŋ
kaji	k a d͡ʒ i
kak	k a ʔ
kakaktua	k a k a ʔ t̪ w a
kakaktua	k a k a ʔ t̪ w ə
kakanda	k a k a n d a
kakanda	k a k a n d ə
kaki	k a k i
kakitangan	k a k i t̪ a ŋ a n
kalamin	k a l a m e n
kalamin	k a l a m i n
kalau	k a l a u̯
kalendar	k a l e n d a r
kalendar	k ɛ l ə n d ə
kalendar	k ɛ l ɛ n d ə
kaler	k a l ə
kaler	k a l ə r
kali	k a l i
kalian	k a l i a n
kalifornium	k a l i f ɔ n i o m
kalifornium	k a l i f ɔ n i ə m
kalifornium	k a l i f ɔ r n i o m
kalifornium	k a l i f ɔ r n i ə m
kalifornium	k ɛ l i f ɔ n i ə m
kalifornium	k ɛ l i f ɔ r n i ə m
kalimah	k a l i m a h
kalimat	k a l i m a t̪̚
kalium	k a l i o m
kalium	k a l i ə m
kalium	k e l i ə m
kalkulator	k a l k u l a t̪ o r
kalkulator	k a l k u l e t̪ ə
kalkulator	k a l k u l e t̪ ə r
kalong	k a l o ŋ
kalsium	k a l s i o m
kalsium	k a l s i ə m
kalsium	k ɛ l s i ə m
kalung	k a l o ŋ
kalung	k a l u ŋ
kamar	k a m a
kamar	k a m a r
kamar	q ɔ m a r
kambing	k a m b e ŋ
kambing	k a m b i ŋ
kambing	k ä m b ɪ n
kamera	k a m e r a
kamera	k ɛ m ə r a
kamera	k ɛ m ə r ə
kami	k a m i
kamiran	k ä m i ɾ ä n
kampung	k a m p o ŋ
kampung	k a m p u ŋ
kampus	k a m p u s
kampus	k ɛ m p ə s
kamsia	k a m s j a
kamsia	k a m s j ə
kamsiah	k a m s j a
kamus	k a m o s
kamus	k a m u s
kamuskan	k a m o s k a n
kamuskan	k a m u s k a n
kanak	k a n a ʔ
kancing	k a ɲ t͡ʃ e ŋ
kancing	k a ɲ t͡ʃ i ŋ
kanda	k a n d a
kanda	k a n d ə
kandung	k a n d o ŋ
kandung	k a n d u ŋ
kang	k a ŋ
kanggaru	k e ŋ ɡ ə r u
kangkung	k a ŋ k u ŋ
kanin	k a n i n
kanta	k a n̪ t̪ a
kantoi	k a n̪ t̪ o i̯
kantuk	k a n̪ t̪ o ʔ
kantuk	k a n̪ t̪ u ʔ
kanyon	k a ɲ o n
kapal	k a p a l
kapel	k a p ə l
kapitalis	k a p i t a l i s
kapitalis	k ɛ p i t ə l i s
kapitalisme	k a p i t̪ a l i s m ə
kapitan	k a p i t̪ a n
kapten	k ɛ p̚ t̪ ə n
kapuk	k a p o ʔ
kapuk	k a p u ʔ
kapur	k a p o
kapur	k a p o r
kapur	k a p u r
karang	k a r a ŋ
karat	k a r a t̪̚
karbon	k a r b o n
kardiologi	k a d j o l o d͡ʒ i
kardiologi	k a r d j o l o d͡ʒ i
kardiovaskular	k a d i j o v a s k j u l ə
kardiovaskular	k a d i j o v a s k j u l ə r
kardiovaskular	k a d i j o v a s k u l a
kardiovaskular	k a d i j o v a s k u l a r
kardiovaskular	k a r d i j o v a s k j u l ə
kardiovaskular	k a r d i j o v a s k j u l ə r
kardiovaskular	k a r d i j o v a s k u l a
kardiovaskular	k a r d i j o v a s k u l a r
karet	k a r e t̪̚
kariah	k a r j a h
karier	k a r i j ə
karier	k a r i j ə r
karier	k ə r i j ə
karier	k ə r i j ə r
karnivor	k a r n i v o r
karsinogen	k a r s i n o ɡ ə n
karsinogenik	k a r s i n o ɡ e n i ʔ
karya	k a j ə
karya	k a r j a
karya	k a r j ə
kasau	k a s a u̯
kasi	k a s i
kasih	k a s e h
kasih	k a s i h
kasihan	k a s e h h a n
kasihan	k a s i h a n
kasihan	k a s i h h a n
kasino	k a s i n o
kasuari	k a s w a r i
kasut	k a s u t̪̚
kasyaf	k a ʃ a f
kat	k a t
kata	k a t̪ a
kata	k a t̪ ə
katai	k a t̪ a i̯
katai	k a t̪ a ʔ i
katai	k a t̪ ə ʔ i
katakan	k a t a k a n
katakan	k a t ə k a n
katarak	k ɛ t ə r ɛ k
kate	k a t e
kategori	k a t ə ɡ o r i
kategori	k ɛ t ə ɡ o r i
kategori	k ɛ t ə ɡ ə r i
kategorikan	k a t ə ɡ o r i k a n
kategorikan	k ɛ t ə ɡ o r i k a n
kategorikan	k ɛ t ə ɡ ə r i k a n
katerer	k a t̪ ə r ə r
katerer	k e t̪ ə r ə
katering	k a t̪ ə r i ŋ
katering	k e t̪ ə r i ŋ
kati	k a t̪ i
katib	k a t̪ i p̚
katil	k a t e
katil	k a t e l
katir	k ä t eː
katir	k ä t e̞ː
katir	k ä t ɪː
katod	k a t o t
katung	k a t̪ u ŋ
kau	k a u̯
kauki	k a u̯ k i
kaula	k a u̯ l a
kaula	k a u̯ l ə
kaunseling	k a u̯ n s ə l e ŋ
kaunselor	k a u̯ n s ə l ə
kaunselor	k a u̯ n s ə l ə r
kawah	k a w a h
kawal	k a w a l
kawalan	k a w a l a n
kawan	k a w a n
kawat	k a w a t̪̚
kawula	k a u̯ l ə
kawula	k a w u l a
kawula	k a w u l ə
kaya	k a j a
kaya	k a j ə
kayangan	k a j a ŋ a n
kayau	k a j a u̯
kayu	k a j u
ke	k e
ke	k ə
keabadian	k ə ʔ a b a d i a n
keabadian	k ə ʔ a b a d i j a n
keabaian	k ə ʔ a b a j a n
keabnormalan	k ə ʔ a p n ɔ m a l a n
keabnormalan	k ə ʔ a p n ɔ r m a l a n
keabnormalan	k ə ʔ ɛ p n ɔ m ə l a n
keabsahan	k ə ʔ a p s a h a n
keabstrakan	k ə ʔ a p s t r a k a n
keabstrakan	k ə ʔ ɛ p s t r ɛ k a n
keadaan	k ə ʔ a d a ʔ a n
keadaan	k ə ʔ a d ə ʔ a n
keagresifan	k ə ʔ a ɡ r e s i f a n
keamanan	k ə a m a n a n
kebabal	k ə b a b a l
kebagusan	k ə b a ɡ o s a n
kebagusan	k ə b a ɡ o s s a n
kebagusan	k ə b a ɡ u s a n
kebagusan	k ə b a ɡ u s s a n
kebaharuan	k ə b a h a r u w a n
kebaharuan	k ə b a h ə r u w a n
keban	k ə b ä n
kebandaran	k ə b a n d a r a n
kebasi	k ə b ä s i
kebebasan	k ə b e b a s a n
kebenuaan	k ə b ə n u a ʔ a n
keberertian	k ə b ə r ə r t i j a n
keberertian	k ə b ə r ə t i j a n
kebetulan	k ə b ə t̪ o l a n
kebetulan	k ə b ə t̪ o l l a n
kebetulan	k ə b ə t̪ u l a n
kebetulan	k ə b ə t̪ u l l a n
kebingungan	k ə b e ŋ o ŋ a n
kebingungan	k ə b e ŋ o ŋ ŋ a n
kebingungan	k ə b i ŋ u ŋ a n
kebun	k ə b o n
kebun	k ə b u n
kebutahurufan	k ə b u t a h u r o f a n
kebutahurufan	k ə b u t ə h u r o f a n
kecai	k ə t͡ʃ a i̯
kecanggungan	k ə t͡ʃ a ŋ ɡ u ŋ a n
kecantikan	k ə t͡ʃ a n t̪ i k a n
kecantikan	k ə t͡ʃ a n t̪ i ʔ k a n
kecantikan	k ə t͡ʃ a n̪ t̪ e ʔ k a n
kecelakaan	k ə t͡ʃ ə l a k a ʔ a n
kecelakaan	k ə t͡ʃ ə l a k ə ʔ a n
kecemasan	k ə t͡ʃ ə m a s a n
kecendekiawanan	k ə t͡ʃ ə n d ə k j a w a n a n
kecendekiawanan	k ə t͡ʃ ə n d ə k j a w a n n a n
kecepatan	k ə t͡ʃ ə p a t̪ a n
kecepatan	k ə t͡ʃ ə p a t̪̚ t̪ a n
kecetekan	k ə t͡ʃ e t e k a n
kecurian	k ə t͡ʃ u r j a n
kecurigaan	k ə t͡ʃ u r i ɡ a ʔ a n
kecurigaan	k ə t͡ʃ u r i ɡ ə ʔ a n
kedaerahan	k ə d a ʔ e r a h a n
kedamaian	k ə d a m a j a n
kedatangan	k ə d a t̪ a ŋ a n
kedatuan	k ə d a t̪ u a n
kedekut	k ə d ə k o t̪̚
kedekut	k ə d ə k u t̪̚
kedelai	k ə d ə l a i̯
kedip	k ə d e p̚
kedip	k ə d i p̚
kedua	k ə d w a
kedudukan	k ə d u d o k a n
kedudukan	k ə d u d o ʔ k a n
kedudukan	k ə d u d u k a n
kedudukan	k ə d u d u ʔ k a n
kedut	k ə d o t̪̚
kedut	k ə d u t̪̚
kedutkan	k ə d o t k a n
keelokan	k ə ʔ e l o k a n
keemasan	k ə ə m a s a n
keemasan	k ə ʔ ə m a s a n
keenam	k ə ə n a m
keenam	k ə ʔ ə n a m
kefasihan	k ə f a s e h a n
keformalan	k ə f o m a l a n
keformalan	k ə f o r m a l a n
keformalan	k ə f ɔ m ə l a n
keformalan	k ə f ɔ r m ə l a n
kegunaan	k ə ɡ u n a ʔ a n
kehamilan	k ə h a m i l a n
kehutanan	k ə h u t̪ a n a n
keinsafan	k ə ʔ i n s a f a n
keinsafan	k ə ʔ i n s a f f a n
keislaman	k ə ʔ i s l a m a n
kejap	k ə d ʒ ä p̚
kejelasan	k ə d͡ʒ ə l a s a n
keju	k e d͡ʒ u
kejuruteraan	k ə d͡ʒ u r u t̪ ə r a a n
kejuruteraan	k ə d͡ʒ u r u t̪ ə r a ʔ a n
kek	k e k̚
kekejaman	k ə k ə d͡ʒ a m a n
kekek	k e k e ʔ
kekerapan	k ə k ə r a p a n
kekitaan	k ə k i t a ʔ a n
kekitaan	k ə k i t ə ʔ a n
kekotaan	k ə k o t ə ʔ a n
kekotaan	k ə k ɔ t a ʔ a n
kekurangan	k ə k u r a ŋ a n
kekwa	k ə k w a
kelabu	k ə l a b u
kelalang	k ə l ä l ä ŋ
kelambir	k ə l a m b i r
kelambu	k ə l a m b u
kelapa	k ə l a p a
kelapa	k ə l a p ə
kelapan	k ə l a p a n
kelas	k ə l a s
kelasi	k ə l a s i
kelawar	k ə l a w a r
kelayang	k ə l a j a ŋ
kelebaran	k ə l e b a r a n
kelebihan	k ə l ə b e h h a n
kelebihan	k ə l ə b i h a n
kelebihan	k ə l ə b i h h a n
keledut	k ə l ə d o t
kelek	k e l e ʔ
kelemahan	k ə l ə m a h a n
kelemari	k ə l ə m a r i
kelembapan	k ə l ə m b a p a n
kelemumur	k ə l ə m u m o
kelemumur	k ə l ə m u m o r
kelemumur	k ə l ə m u m u r
kelepir	k ə l ə p e
kelepir	k ə l ə p e r
kelepir	k ə l ə p i r
kelian	k ə l j a n
keliling	k ə l i l e ŋ
keliling	k ə l i l i ŋ
kelim	k ə l e m
kelim	k ə l i m
kelima	k ə l i m ä
kelima	k ə l i m ə
keling	k ə l e ŋ
keling	k ə l i ŋ
kelip	k ə l e p̚
kelip	k ə l i p̚
kelmarin	k ə l m a r e n
kelmarin	k ə l m a r i n
kelonyor	k ə l o ɲ o
kelonyor	k ə l o ɲ o r
keluang	k ə l u w a ŋ
keluar	k ə l w a
keluar	k ə l w a r
keluarga	k ə lʷ ä r ɡ ə
keluarga	k ə lʷ ä ɡ ə
kelucuan	k ə l u t͡ʃ w a n
kelumpang	k ə l u m p a ŋ
kem	k e m
kemabukan	k ə m a b o k a n
kemabukan	k ə m a b o ʔ k a n
kemabukan	k ə m a b u k a n
kemabukan	k ə m a b u ʔ k a n
kemalangan	k ə m a l a ŋ a n
kemalasan	k ə m ä l ä s ä n
kemampanan	k ə m a m p a n a n
kemampanan	k ə m a m p a n n a n
kemarau	k ə m a r a u̯
kemasukan	k ə m a s o k a n
kemasukan	k ə m a s o ʔ k a n
kemasukan	k ə m a s u k a n
kemasukan	k ə m a s u ʔ k a n
kembali	k ə m b ä l i
kemban	k ə m b a n
kembang	k ə m b a ŋ
kembung	k ə m b o ŋ
kembung	k ə m b u ŋ
kemeja	k ə m ɛ d͡ʒ a
kemelayuan	k ə m ə l a j u a n
kemih	k ə m e h
kemih	k ə m e̞ h
kemih	k ə m ɪ h
kemiri	k ə m i r i
kemiskinan	k ə m i s k i n a n
kempen	k e m p e n
kemudahan	k ə m u d a h a n
kemudi	k ə m u d i
kemudian	k ə m u d j a n
kemunafikan	k ə m u n a f i k a n
kemunafikan	k ə m u n a f i q a n
kemungkinan	k ə m u ŋ k e n a n
kemungkinan	k ə m u ŋ k i n a n
kemuning	k ə m u n e ŋ
kemuning	k ə m u n i ŋ
kena	k ə n a
kena	k ə n ə
kenaifan	k ə n a i f a n
kenaifan	k ə n a j i f a n
kenakalan	k ə n a k a l a n
kenal	k ə n a l
kenapa	k ə n a p a
kenapa	k ə n a p ə
kencana	k ə n t͡ʃ a n ə
kencang	k ə ɲ t͡ʃ a ŋ
kencing	k ə ɲ t͡ʃ e ŋ
kencing	k ə ɲ t͡ʃ i ŋ
kendatipun	k ə n d ä t i p ʊ n
kendi	k ə n d i
kening	k ə n e ŋ
kening	k ə n i ŋ
kentut	k ə n̪ t̪ o t̪̚
kentut	k ə n̪ t̪ u t̪̚
kenusantaraan	k ə n u s a n t a r a ʔ a n
kenusantaraan	k ə n u s a n t a r ə ʔ a n
kenyaringan	k ə ɲ a r e ŋ a n
kenyaringan	k ə ɲ a r i ŋ a n
kenyataan	k ə ɲ a t a ʔ a n
kepada	k ə p a d a
kepada	k ə p a d ə
kepah	k ə p a h
kepak	k ə p a ʔ
kepala	k ə p a l a
kepala	k ə p a l ə
kepalingan	k ə p a l e ŋ ŋ a n
kepalingan	k ə p a l i ŋ a n
kepalingan	k ə p a l i ŋ ŋ a n
kepartian	k ə p a r t i a n
kepartian	k ə p a r t i j a n
kepartian	k ə p a t i a n
kepartian	k ə p a t i j a n
kependekan	k ə p e n d e k a n
kependekan	k ə p e n d e ʔ k a n
kependudukan	k ə p ə n d u d o k a n
kependudukan	k ə p ə n d u d o ʔ k a n
kependudukan	k ə p ə n d u d u k a n
kependudukan	k ə p ə n d u d u ʔ k a n
keperluan	k ə p ə r l w a n
kepolisan	k ə p o l i s a n
kepolisian	k ə p ɔ l i s i j a n
kepunyaan	k ə p u ɲ a ʔ a n
kepunyaan	k ə p u ɲ ə ʔ a n
kepuyuk	k ə p u j u ʔ
kera	k ə r a
kerah	k ə r a h
kerajaan	k ə r a d͡ʒ a ʔ a n
kerajang	k ə r a d͡ʒ a ŋ
kerakyatan	k ə r a ʔ j a t a n
keran	k ə r a n
kerana	k ə r a n a
kerana	k ə r a n ə
keranda	k ə r a n d a
keranda	k ə r a n d ə
kerani	k ə r a n i
keranjang	k ə r a ɲ d͡ʒ a ŋ
kerap	k ə r a p̚
kerapu	k ə r a p u
keras	k ə r a s
kerbau	k ə b a u̯
kerbau	k ə r b a u̯
kerbing	k ə r b e ŋ
kerbing	k ə r b i ŋ
kerbing	k ə r b ɪ ŋ
kerdut	k ə r ə d o t
kerehatan	k ə r ə h a t̪ a n
kerelatifan	k ə r e l a t i f a n
kerelatifan	k ə r ɛ l a t i f a n
kerelatifan	k ə r ɛ l ə t i f a n
kerengsaan	k ə r ə ŋ s a a n
kerengsaan	k ə r ə ŋ s a ʔ a n
kerepek	k ə r ɛ p e ʔ
kereta	k ə r e t̪ a
kereta	k ə r e t̪ ə
kering	k ə r e ŋ
kering	k ə r i ŋ
keris	k ə r e s
keris	k ə r i s
kerja	k ə d͡ʒ ə
kerja	k ə r d͡ʒ a
kerja	k ə r d͡ʒ ə
kerjaya	k ə d͡ʒ a j a
kerjaya	k ə d͡ʒ a j ə
kerjaya	k ə r d͡ʒ a j a
kerjaya	k ə r d͡ʒ a j ə
keropeng	k ə r o p e ŋ
keropok	k ə r o p o ʔ
kersik	k ə r s i ʔ
kertas	k ə r t̪ a s
kertas	k ə t̪ a s
kerumun	k ə r u m o n
kerumun	k ə r u m u n
keruping	k ə r u p e ŋ
keruping	k ə r u p i ŋ
kesabaran	k ə s a b a r a n
kesalasilahan	k ə s a l a s i l a h a n
kesalasilahan	k ə s a l a s i l a h h a n
kesamunan	k ə s a m o n a n
kesedaran	k ə s ə d a r a n
kesedihan	k ə s ə d i h a n
keseimbangan	k ə s ə i m b a ŋ a n
kesembilan	k ə s ə m b i l a n
kesemua	k ə s ə m w a
kesemua	k ə s ə m w ə
kesemuanya	k ə s ə m w a ɲ a
kesemuanya	k ə s ə m w ə ɲ ə
kesenangan	k ə s ə n a ŋ a n
keseriusan	k ə s e r i u s a n
keseriusan	k ə s i r i ə s a n
kesesalan	k ə s ə s a l a n
kesesalan	k ə s ə s a l l a n
kesian	k ə s j a n
kesosialan	k ə s o s i a l a n
kesosialan	k ə s o s i ə l a n
kesosialan	k ə s o ʃ ə l a n
kespesifikan	k ə s p e s i f i k a n
kespesifikan	k ə s p ə s i f i k a n
kesunyian	k ə s u ɲ j a n
kesyukuran	k ə ʃ u k u r a n
keta	k e t̪ ə
keta	k ə t̪ a
ketakmampuan	k ə t a ʔ m a m p u a n
ketakmampuan	k ə t a ʔ m a m p u w a n
ketaksaan	k ə t a ʔ s a ʔ a n
ketaksaan	k ə t a ʔ s ə ʔ a n
ketam	k ə t̪ a m
ketat	k ə t̪ a t̪̚
ketawa	k ə t̪ a w a
ketawa	k ə t̪ a w ə
kete	k e t̪ ə
ketegangan	k ə t̪ ə ɡ a ŋ a n
keterabaian	k ə t ə r a b a j a n
keterangan	k ə t̪ ə r a ŋ a n
ketiak	k ə t̪ j a ʔ
ketibaan	k ə t i b a ʔ a n
ketibaan	k ə t i b ə ʔ a n
ketibas	k ə t̪ i b a s
ketibus	k ə t̪ i b o s
ketibus	k ə t̪ i b u s
ketidakmungkinan	k ə t̪ i d a ʔ m u ŋ k e n a n
ketidakmungkinan	k ə t̪ i d a ʔ m u ŋ k i n a n
ketika	k ə t̪ i k a
ketimbang	k ə t̪ i m b a ŋ
ketitam	k ə t̪ i t̪ a m
ketua	k ə t u w a
ketua	k ə t u w ə
ketuanan	k ə t̪ w a n a n
ketuban	k ə t̪ u b a n
ketuhar	k ə t̪ u h a
ketuhar	k ə t̪ u h a r
ketujuh	k ə t̪ u d͡ʒ o h
ketujuh	k ə t̪ u d͡ʒ u h
ketuntasan	k ə t u n t a s a n
ketupat	k ə t̪ u p a t̪̚
keturunan	k ə t̪ u r o n a n
keturunan	k ə t̪ u r u n a n
keunikan	k ə j u n i k a n
keunikan	k ə ʔ u n i k a n
kevoivodaan	k ə v o i̯ v o d a a n
kevoivodaan	k ə v o i̯ v o d a ʔ a n
kewajiban	k ə w a d͡ʒ e b a n
kewajipan	k ə w a d͡ʒ e p a n
kewarganegaraan	k ə w a r ɡ a n ə ɡ a r a ʔ a n
kewarganegaraan	k ə w a ɡ ə n ə ɡ a r a ʔ a n
kewiraan	k ə w i r a ʔ a n
keyakinan	k ə j a k e n a n
khabar	h a b a ʕ
khabar	k ä b ä
khabar	k ä b ä r
khabar	x a b a r
khabar	x ä b ä ɾ
khalwat	h a l w a t
khalwat	x a l w a t
khayal	x a j a l
khidmat	h i t̪̚ m a t̪̚
khidmat	x i t̪̚ m a t̪̚
khinzir	x i n z e
khinzir	x i n z e r
khinzir	x i n z i r
khusyuk	x u ʃ o ʔ
khusyuk	x u ʃ u ʔ
khusyuk	x u ʃ u ʕ
kibar	k i b a r
kicap	k i t͡ʃ a p̚
kijang	k i d͡ʒ a ŋ
kilat	k i l a t̪̚
kima	k i m a
kima	k i m ä
kima	k i m ə
kimak	k i m a ʔ
kimci	k ɪ m t͡ʃ i
kimpal	k i m p a l
kinar	k i n a
kinar	k i n a r
kipas	k i p a s
kirai	k i r a i̯
kirik	k i r e ʔ
kismis	k i s m e s
kismis	k i s m i s
kismis	k ɪ s m ɪ s
kita	k i t̪ a
kita	k i t̪ ə
kitab	k i t̪ a p̚
kitak	k i t a ʔ
kitorang	k i t̪ o r a ŋ
kiu	k j u
klac	k l a t͡ʃ
klaring	k ə l a r i ŋ
klien	k l a j ə n
klien	k l i ə n
klorin	k l ɔ r ɪ n
kluster	k l a s t ə
kluster	k l a s t ə r
kluster	k l u s t ə
kluster	k l u s t ə r
ko	k o
kobalt	k o b a l t
koc	k o t͡ʃ
kocak	k o t͡ʃ a ʔ
kodek	k o d ə ʔ
kodok	k o d o ʔ
koki	k o k i
kolam	k o l a m
kolesom	k o l ə s o m
kolonialisme	k o l o n i a l i s m a
kolonialisme	k o l o n i a l i s m ə
kolonisasi	k o l o n i s a s i
komet	k o m e t̪̚
kominis	k o m i n i s
komisen	k o m i s e n
komisi	k o m i s i
kompeni	k a m p ə n i
kompeni	k o m p ə n i
kompleks	k o m p l e k s
komposer	k o m p o s ə r
komposer	k o m p o z ə
komprehensif	k ɔ m p r i h ɛ n s e f
komrad	k o m r a t̪̚
komunikasi	k o m u n i k a s i
komunis	k o m u n i s
komunis	k ɔ m j u n i s
komunis	k ɔ m u n i s
komunisme	k o m u n i s m a
komunisme	k ɔ m j u n i s m a
komunisme	k ɔ m u n i s m a
konbif	k o m b i f
konflik	k o n f l i ʔ
kongsi	k o ŋ s i
kononnya	k o n o n ɲ a
kononnya	k o n o n ɲ ə
kononnya	k o n o n ɲ ə r
konsensus	k o n s e n s u s
konsensus	k ɔ n s ɛ n s u s
konsensus	k ɔ n s ɛ n s ə s
konsep	k o n s e p
konsep	k ɔ n s ɛ p
konservatif	k o n s ə r v a t̪ i f
konservatif	k o n s ə v ə t̪ i v
konstabel	k o n s t̪ a b ə l
konteks	k o n̪ t̪ e k s
kontena	k o n̪ t̪ e n a
kontena	k o n̪ t̪ e n ə
kontrol	k o n̪ t̪ r o l
kontroversi	k o n̪ t̪ r o v ə r s i
konven	k o n v e n
konvensyen	k o n v e ɲ ʃ ə n
konvokesyen	k o n v o k e ʃ ə n
kopernisium	k o p ə n i s i o m
kopernisium	k o p ə n i s i ə m
kopernisium	k o p ə r n i s i o m
kopernisium	k o p ə r n i s i u m
kopernisium	k o p ə r n i s i ə m
kopi	k o p i
kopiah	k o p j a h
kopitiam	k o p i t̪ j a m
kor	k o r
korah	k o r a h
koran	k o r a n
korang	k o r a ŋ
kordit	k o r d i t
kordofon	k o r d o f o n
korek	k o r e ʔ
korg	k o r a ŋ
kornea	k o r n e j a
korona	k o r o n a
koronavirus	k o r o n a v i r u s
koruna	k o r u n a
korunk	k o r a ŋ
korup	k o r a p
korupsi	k o r a p̚ s i
koruptor	k o r a p t o
koruptor	k o r a p t o r
kos	k o s
kosong	k o s o ŋ
kota	k o t ə
kota	k ɔ t a
kotai	k o t ə ʔ i
kotai	k ɔ t a ʔ i
kotak	k o t̪ a ʔ
kotakan	k o t ə k a n
kotakan	k ɔ t a k a n
kotor	k o t̪ o
kotor	k o t̪ o r
kotoran	k o t̪ o r a n
koyak	k o j a ʔ
koyote	k a j o t i
koyote	k o j o t e
kripton	k r i p t o n
kripton	k r i p t ə n
krisis	k r i s i s
kritikal	k r i t̪ i k a l
kritikal	k r i t̪ i k ə l
kritis	k r i t̪ i s
kromium	k r o m i o m
kromium	k r o m i ə m
kronisme	k r o n i s m ə
kronologi	k r o n o l o d͡ʒ i
kronologi	k r o n o l o ɡ i
kuadrilion	k w a d r i l i o n
kuala	k w a l a
kuala	k w a l ə
kuali	k w a l i
kualiti	k w a l i t̪ i
kuang	k u w a ŋ
kuar	k w a
kuar	k w a r
kuarga	k w a r ɡ a
kuarga	k w a r ɡ ə
kuarga	k w a ɡ ə
kuari	k w a r i
kuasa	k w a s a
kuasa	k w a s ə
kuatordesilion	k w a t̪ o r d e s i l i o n
kubang	k u b a ŋ
kubu	k u b u
kubur	k u b o
kubur	k u b o r
kubur	k u b u r
kucai	k u t͡ʃ a i̯
kucing	k u t͡ʃ e ŋ
kucing	k u t͡ʃ i n
kucing	k u t͡ʃ i ŋ
kuda	k u d a
kuda	k u d ə
kudapan	k u d a p a n
kuetiau	k w ə t̪ j a u̯
kugar	k u ɡ a
kugar	k u ɡ a r
kugiran	k u ɡ i r a n
kuih	k w e
kuih	k w e h
kuih	k w i h
kuindesilion	k w i n d e s i l i o n
kuintilion	k w i n̪ t̪ i l i o n
kuiz	k w i z
kuki	k u k i
kukuh	k u k o h
kukuh	k u k u h
kula	k u l a
kulapuk	k u l a p o ʔ
kulapuk	k u l a p u ʔ
kulat	k u l a t̪̚
kulit	k u l e t̪̚
kulit	k u l i t̪̚
kulon	k u l o n
kultus	k u l t u s
kulup	k u l o p̚
kulup	k u l u p̚
kulur	k u l o
kulur	k u l o r
kulur	k u l u r
kuman	k u m a n
kumis	k u m e s
kumis	k u m i s
kumpulan	k u m p u l a n
kumuh	k u m o h
kumuh	k u m u h
kumur	k u m o
kunci	k u ɲ t͡ʃ i
kuning	k u n e n
kuning	k u n e ŋ
kuning	k u n i ŋ
kuningan	k u n e ŋ a n
kuningan	k u n i ŋ a n
kunjung	k u ɲ d͡ʒ u ŋ
kuno	k u n o
kunyit	k u ɲ ɪ t̚
kupang	k u p ä ŋ
kuping	k u p e ŋ
kuping	k u p i ŋ
kuprum	k u p r o m
kuprum	k u p r ə m
kurang	k u r a ŋ
kurap	k u r ä p
kureng	k u r e ŋ
kureng	k u r ɛ ŋ
kurium	k j ū r i ə m
kurium	k u r i o m
kurium	k u r i u m
kurium	k u r j o m
kurium	k u r j u m
kurma	k u r m a
kurnia	k u n j ə
kurnia	k u r n j a
kurnia	k u r n j ə
kurun	k u r o n
kurun	k u r u n
kut	k o t̪̚
kut	k u t̪̚
kutip	k u t̪ e p̚
kutip	k u t̪ i p̚
kutu	k u t̪ u
kutub	k u t̪ o p̚
kutub	k u t̪ o̞ p̚
kutub	k u t̪ ʊ p̚
kutubkhanah	k u t̪ u p̚ x a n a h
kutuk	k u t̪ o ʔ
kutuk	k u t̪ u ʔ
kuwung	k u w o ŋ
kuwung	k u w u ŋ
kuyuk	k u j o ʔ
label	l e b ə l
laberang	l a b ə r a ŋ
labial	l e b i j ə l
labuh	l a b o h
labuh	l a b u h
labuhan	l a b o h a n
labuhan	l a b o h h a n
labuhan	l a b u h a n
labuhan	l a b u h h a n
labuhkan	l a b o h k a n
labuhkan	l a b u h k a n
laci	l a t͡ʃ i
lada	l a d a
lada	l a d ə
laga	l a ɡ a
lagi	l a ɡ i
lagu	l a ɡ u
lah	l a h
lahar	l ä h äː
lai	l a i̯
laici	l a i t͡ʃ i
lain	l a i n
lak	l a ʔ
laknatullah	l a ʔ n a t̪ u ɫ ɫ a h
laksa	l a ʔ s a
laksa	l a ʔ s ə
laksamana	l a ʔ s a m a n a
laksamana	l a ʔ s ə m a n ə
laku	l a k u
lakukan	l a k u k a n
lala	l a l a
lalai	l a l a j
lalu	l a l u
lama	l a m a
lama	l a m ə
laman	l a m a n
lamar	l a m a r
lambang	l a m b a ŋ
lamin	l a m i n
lampu	l a m p u
lamun	l a m o n
lamun	l a m u n
lanca	l a ɲ t͡ʃ a
lancar	l a ɲ t͡ʃ a
lancar	l a ɲ t͡ʃ a r
lancarkan	l a ɲ t͡ʃ a k a n
lancarkan	l a ɲ t͡ʃ a r k a n
lancia	l a ɲ t͡ʃ j a
landak	l a n d a ʔ
langgar	l a ŋ ɡ a r
langit	l a ŋ e t̪̚
langit	l a ŋ i t̪̚
langking	l a ŋ k e ŋ
langsat	l a ŋ s a t̪̚
langsir	l a ŋ s e
langsir	l a ŋ s e r
langsung	l a ŋ s u ŋ
lanjut	l a ɲ d͡ʒ o t̪̚
lanjut	l a ɲ d͡ʒ u t̪̚
lanjutkan	l a ɲ d͡ʒ u t̪̚ k a n
lantanum	l a n̪ t̪ a n o m
lantanum	l a n̪ t̪ a n u m
lantanum	l a n̪ t̪ ə n ə m
lantanum	l ɛ n̪ t̪ ə n ə m
lantik	l a n̪ t̪ e ʔ
lantik	l a n̪ t̪ i ʔ
lanun	l a n o n
lanun	l a n u n
lap	l a p̚
lapah	l ä p ä h
lapan	l a p a n
lapar	l a p a
lapar	l a p a r
lapis	l a p e s
lapisan	l a p e s a n
laptop	l a p̚ t̪ o p̚
laptop	l e p̚ t̪ o p̚
lapuk	l a p u ʔ
larang	l a r a ŋ
larangan	l a r a ŋ a n
larangkan	l a r a ŋ k a n
laras	l a r a s
lasam	l a s a m
lateral	l a t̪ ə r a l
lateral	l ɛ t̪ ə r ə l
lau	l a u̯
laut	l a o t̪̚
laut	l a u t̪̚
lautan	l a o t̪ a n
lautan	l a u t̪ a n
lawa	l a w a
lawak	l a w a ʔ
lawan	l a w a n
lawrensium	l a u̯ r e n s i o m
lawrensium	l a u̯ r e n s i u m
lawrensium	l o r e n s j o m
lawrensium	l o r e n s j u m
lawrensium	l o r e n s j ə m
layan	l a j a n
layanan	l a j a n a n
layanan	l a j a n n a n
layar	l a j a
layar	l a j a r
le	l ə
lebai	l ə b a i̯
lebak	l ə b a ʔ
lebar	l e b a
lebar	l e b a r
lebar	l ə b a
lebar	l ə b a r
lebarkan	l e b a k a n
lebarkan	l e b a r k a n
lebih	l ə b e h
lebih	l ə b i h
lebuh	l ə b o h
lebuh	l ə b u h
leftenan	l e f t̪ ə n a n
legundi	l ə ɡ u n d i
leh	l e h
leher	l e h e
leher	l e h e r
lek	l e k̚
lek	l ɛ k̚
lek	l ɛ ʔ
leklu	l e ʔ l u
leksikografi	l ɛ k̚ s i k o ɡ r a f i
lekuk	l ə k o ʔ
lekuk	l ə k u ʔ
lelabi	l ə l a b i
lelah	l ə l a h
lelaki	l ə l a k i
lelayang	l ə l a j a ŋ
lelong	l e l o ŋ
lemak	l ə m ä ʔ
lemang	l ə m a ŋ
lembah	l ə m b a h
lembap	l ə m b a p̚
lembayung	l ə m b a j o ŋ
lembayung	l ə m b a j u ŋ
lembu	l ə m b u
lembut	l ə m b o t̪̚
lembut	l ə m b u t̪̚
lempar	l e m p a
lempar	l e m p a r
lempedal	l ə m p ə d ā l
lempung	l ə m p o ŋ
lempung	l ə m p ʊ ŋ
lendir	l ə n d e
lendir	l ə n d e r
lendir	l ə n d i r
lengan	l ə ŋ a n
lengang	l ə ŋ a ŋ
lengkap	l ə ŋ k a p̚
lengkuas	l ə ŋ k w a s
lengkung	l ə ŋ k o ŋ
lengkung	l ə ŋ k u ŋ
lentang	l ə n̪ t̪ a ŋ
lentera	l ə n̪ t̪ e r a
lenting	l ə n̪ t̪ e ŋ
lenting	l ə n̪ t̪ i ŋ
lenyap	l ə ɲ a p̚
lepa	l ə p a
lepa	l ə p ə
lepak	l e p a ʔ
lepak	l ə p a ʔ
lepas	l ə p ä s
lepaskan	l ə p a s k a n
lepu	l e p u
lerai	l ə r a i̯
lesen	l e s e n
lesung	l ə s u ŋ
letak	l ə t̪ a ʔ
letupan	l ə t̪ o p a n
letupan	l ə t̪ u p a n
lewat	l e w a t̪̚
liang	l j a ŋ
libat	l i b a t
liberal	l i b ə r ə l
liberalisme	l i b ə r a l i s m a
liberalisme	l i b ə r ə l i s m a
liberalisme	l i b ə r ə l i z ə m
lif	l i f
liga	l i ɡ a
ligat	l i ɡ a t̪̚
lihat	l i h a t
likur	l i k o
likur	l i k o r
likur	l i k u r
lima	l i m a
lima	l i m ə
limas	l i m a s
limau	l i m a u̯
limpah	l i m p a h
lincir	l i ɲ t͡ʃ e
lincir	l i ɲ t͡ʃ e r
lincir	l i ɲ t͡ʃ i r
lindung	l i n d o ŋ
lindung	l i n d u ŋ
lingkar	l i ŋ k a r
linguistik	l i ŋ ɡ u i s t e k
linguistik	l i ŋ ɡ u w i s t e k
lintang	l i n̪ t̪ a ŋ
lipan	l i p a n
lipas	l i p a s
lipas	l i p ä s
lipat	l i p ä t
lipstik	l i p s t̪ e k̚
lipstik	l i p s t̪ i k̚
lipstik	l ɪ p s t̪ ɪ k̚
liter	l i t ə
liter	l i t ə r
litigan	l i t i ɡ a n
litigan	l i t i ɡ ə n
litigasi	l i t i ɡ a s i
liwat	l i w a t̪̚
loceng	l o t͡ʃ e ŋ
logika	l o ɡ i k a
lohor	l o h o
lohor	l o h o r
lok	l o ʔ
lokasi	l o k a s i
lombong	l o m b o ŋ
lompat	l o m p a t̚
londeh	l o n d e h
longan	l o ŋ ɡ a n
lorat	l o r ä t
lori	l o r i
losen	l o s e n
loteng	l o t̪ e ŋ
lotong	l o t o ŋ
loyang	l o j a ŋ
loyar	l o j a
loyar	l o j a r
loyar	l o j ə
loyar	l o j ə r
lu	l u
luah	l w a h
luar	l u a
luar	l u a r
luka	l u k a
luka	l u k ə
lukut	l u k u t̪̚
lumba	l u m b ä
lumba	l u m b ə
lumpur	l u m p o
lumpur	l u m p o r
lumpur	l u m p u r
lumut	l u m o t̪̚
lumut	l u m u t̪̚
lunak	l u n a ʔ
lungsin	l u ŋ s i n
lungsur	l u ŋ s o
lungsur	l u ŋ s o r
lungsur	l u ŋ s u r
luntang	l u n t̪ ä ŋ
lupa	l u p a
lupa	l u p ə
luput	l u p u t̪̚
lurang	l u r a ŋ
lusa	l u s a
lusa	l u s ə
lutetium	l u t e t i o m
lutetium	l u t e t i ə m
lutetium	l u t i ʃ ə m
lutut	l u t̪ o t̪̚
lutut	l u t̪ u t̪̚
maaf	m a ʔ a f
mabuk	m a b o ʔ
mabuk	m a b u ʔ
macam	m a t͡ʃ a m
madah	m a d a h
madani	m a d a n i
maghrib	m a ɡ r e p
maghrib	m a ɡ ə r e p
maghrib	m a ɣ r e p
maghrib	m a ɣ ə r e p
magik	m ɛ d͡ʒ i k̚
maging	m a ɡ e ŋ
maging	m a ɡ i ŋ
magis	m a ɡ e s
magis	m ɛ d͡ʒ i s
magnet	m ɛ k n ɛ t
maha	m a h a
mahal	m a h a
maharaja	m a h a r a d͡ʒ a
maharaja	m a h a r a d͡ʒ ə
maharani	m a h a r a n i
mahkota	m a h k o t̪ a
mahkota	m a h k o t̪ ə
mahogani	m a h o ɡ a n i
mahu	m a h u
mahu	m a u
mahupun	m a h u p u n
mai	m a i̯
main	m a e n
main	m a i n
mainan	m a i n a n
majalah	m a d͡ʒ a l a h
majlis	m a d͡ʒ l i s
maju	m a d͡ʒ u
mak	m a ʔ
maka	m a k a
maka	m a k ə
makalah	m a k a l a h
makam	m a k a m
makan	m a k a n
makanan	m a k a n a n
makhluk	m a h l o ʔ
makhluk	m a x l o ʔ
makhluk	m a x l u ʔ
maki	m a k i
makin	m a k i n
maklum	m ä ʔ l o m
maklum	m ä ʔ l ʊ m
maklumat	m ä ʔ l u m ä t̚
makrifat	m a ʔ r i f a t̪̚
maksud	m a ʔ s o t̪̚
maksud	m a ʔ s u t̪̚
maktab	m a ʔ k t a p
makwe	m a ʔ w ə
malam	m a l a m
malapetaka	m a l a p ə t̪ a k a
malapetaka	m a l ə p ə t̪ a k ə
malas	m ä l ä s
malu	m ä l u
mamah	m ä m ä h
mamak	m a m a ʔ
mampu	m a m p u
mana	m a n a
mana	m a n ə
manai	m a n a i̯
mancis	m ä n t͡ʃ ɪ s
mandi	m ä n d i
manga	m a ŋ a
manga	m a ŋ ə
manga	m a ŋ ɡ a
manga	m a ŋ ɡ ə
mangan	m a ŋ ɡ a n
mangan	m a ŋ ɡ ə n
mangan	m ɛ ŋ ɡ ə n
mangga	m a ŋ ɡ a
mangga	m a ŋ ɡ ə
manggis	m a ŋ ɡ e s
manggis	m a ŋ ɡ i s
manggustan	m a ŋ ɡ u s t̪ a n
mangkat	m a ŋ k a t̪̚
mangkubumi	m a ŋ k u b u m i
mangkuk	m a ŋ k o ʔ
mangkuk	m a ŋ k u ʔ
mangsa	m a ŋ s a
mangsa	m a ŋ s ə
mangun	m a ŋ o n
mangun	m a ŋ u n
maniak	m a n i j a k
manipulatif	m a n i p u l a t i f
manira	m a n i r a
manira	m a n i r ə
manis	m a n e s
manis	m a n i s
manja	m a ɲ d͡ʒ a
manja	m a ɲ d͡ʒ ə
mantan	m a n t a n
mantul	m a n̪ t̪ o l
mantul	m a n̪ t̪ u l
manuk	m a n o ʔ
manuk	m a n u ʔ
manusia	m a n u s j ə
manusia	m a ʔ n u s j ə
manusia	m ɐ n u s j ä
manusia	m ɐ n u s j ɐ
manusia	m ɐ ʔ n u s j ä
manusia	m ɐ ʔ n u s j ɐ
manusiawi	m a ʔ n u s i a w i
manuskrip	m a n u s k r i p̚
manuskrip	m ɛ n j u s k r i p̚
manuskrip	m ɛ n u s k r i p̚
marah	m a r a h
marah	m a ʁ a h
marak	m a r a ʔ
marhaen	m a r h ã e̯ n
marhaen	m a r h ã i̯ n
mari	m a r i
marmar	m a m a
marmut	m a m u t
marmut	m a r m u t
martabat	m a r r t̪ a b a t̪̚
martabat	m a r t̪ a b a t̪̚
mas	m a s
masa	m a s a
masa	m a s ə
masak	m a s a ʔ
masalah	m a s a l a h
masalah	m a s a ʔ a l a h
masalah	m a s ʔ a l a h
masih	m a s e h
masih	m a s i h
masin	m a s e n
masin	m a s i n
masjid	m a s d͡ʒ e t̪̚
masjid	m a s d͡ʒ i t̪̚
masokisme	m a s o k i s m ə
massa	m a s a
masuk	m a s o ʔ
masuk	m a s u ʔ
masuki	m a s o ʔ k i
masuki	m a s u k i
masuki	m a s u ʔ k i
masukkan	m a s o ʔ k a n
masukkan	m a s u ʔ k a n
masyarakat	m a ʃ a r a k a t̪̚
mat	m a t̪̚
mata	m a t̪ a
mata	m a t̪ ə
matahari	m a t̪ a h a r i
matahari	m a t̪ ə h a r i
matematik	m a t̪ ə m a t̪ i ʔ
matematik	m ɛ t̪ ə m ɛ t̪ i ʔ
matriye	m a t̪̚ r i j ə
maung	m a o ŋ
maung	m a u ŋ
maya	m a j a
mayat	m a j a t̪̚
mayones	m a j o n e s
mayonis	m a j o n i s
mega	m e ɡ a
mega	m e ɡ ə
meitnerium	m a i t n i r i ə m
meitnerium	m e i t n e r i o m
meitnerium	m e i t n e r i ə m
meja	m e d͡ʒ a
meja	m e d͡ʒ ə
mekak	m ə k a ʔ
mel	m e l
melabel	m ə l e b ə l
melabuh	m ə l a b o h
melabuh	m ə l a b u h
melabuhkan	m ə l a b o h k a n
melabuhkan	m ə l a b u h k a n
melainkan	m ə l a e n k a n
melainkan	m ə l a j e n k a n
melancarkan	m ə l a ɲ t͡ʃ a k a n
melancarkan	m ə l a ɲ t͡ʃ a r k a n
melarang	m ə l a r a ŋ
melarangkan	m ə l a r a ŋ k a n
melati	m ə l a t̪ i
melawan	m ə l a w a n
melayukan	m ə l a j u k a n
melebar	m ə l e b a
melebar	m ə l e b a r
melebarkan	m ə l e b a k a n
melebarkan	m ə l e b a r k a n
melengkung	m ə l ə ŋ k o ŋ
melengkung	m ə l ə ŋ k u ŋ
meletakkan	m ə l ə t̪ a ʔ k a n
melihat	m ə l i h a t̪̚
mellotron	m e l o t̪̚ r o n
melosen	m ə l o s e n
melukut	m ə l u k o t̚
melukut	m ə l u k ʊ t̚
meluputkan	m ə l u p u t̪̚ k a n
melur	m ə l o
melur	m ə l o r
melur	m ə l u r
memagari	m ə m a ɡ a r i
memalingkan	m ə m a l e ŋ k a n
memalingkan	m ə m a l i ŋ k a n
memalukan	m ə m a l u k a n
memandang	m ə m a n d a ŋ
memandu	m ə m a n d u
memang	m e m a ŋ
memanggil	m ə m a ŋ ɡ e l
memarkir	m ə m a k e
memarkir	m ə m a k e r
memarkir	m ə m a r k e
memarkir	m ə m a r k e r
memasak	m ə m a s a ʔ
memasarkan	m ə m a s a k a n
memasarkan	m ə m a s a r k a n
memasuki	m ə m a s o ʔ k i
memasuki	m ə m a s u k i
memasuki	m ə m a s u ʔ k i
memasukkan	m ə m a s o ʔ k a n
memasukkan	m ə m a s u ʔ k a n
memaut	m ə m a o t
membadut	m ə m b a d o t̪̚
membadut	m ə m b a d u t̪̚
membaguskan	m ə m b a ɡ o s k a n
membaguskan	m ə m b a ɡ u s k a n
membaharui	m ə m b a h a r u w i
membaharui	m ə m b a h ə r u w i
membanci	m ə m b a ɲ t͡ʃ i
membandarkan	m ə m b a n d a k a n
membandarkan	m ə m b a n d a r k a n
membantai	m ə m b a n t̪ a i̯
membaui	m ə m b a u i
membayang	m ə m b a j a ŋ
membayangi	m ə m b a j a ŋ i
membayangkan	m ə m b a j a ŋ k a n
membekas	m ə m b ə k a s
membekaskan	m ə m b ə k a s k a n
member	m e m b ə r
member	m ɛ m b ə
member	m ɛ m b ə r
memberang	m ə m b ə r a ŋ
memberi	m ə m b ə r i
memberikan	m ə m b ə r i k a n
memberus	m ə m b ə r o s
membesar	m ə m b ə s a
membetulkan	m ə m b ə t̪ u l k a n
membiang	m ə m b j a ŋ
membincangkan	m ə m b i ɲ t͡ʃ a ŋ k a n
membuat	m ə m b w a t̪̚
membulat	m ə m b u l a t̪̚
membundar	m ə m b u n d a
membundar	m ə m b u n d a r
membundarkan	m ə m b u n d a k a n
membundarkan	m ə m b u n d a r k a n
membunuh	m ə m b u n o h
membunuh	m ə m b u n u h
membusuk	m ə m b u s o ʔ
memecut	m ə m ə t͡ʃ o t
memekak	m ə m ə k a ʔ
memekakkan	m ə m ə k a ʔ k a n
memelayukan	m ə m ə l a j u k a n
memendek	m ə m e n d e ʔ
memendekkan	m ə m e n d e ʔ k a n
memeningkan	m ə m ə n e ŋ k a n
memerang	m ə m ə r a ŋ
memeterai	m ə m ə t̪ ə r a i̯
memeterai	m ə m ə t̪ ə r a ʔ i
memfardukan	m ə m f a d u k a n
memfardukan	m ə m f a r d u k a n
memfardukan	m ə m f a r dˤ u k a n
memfasihkan	m ə m f a s e h k a n
memformalkan	m ə m f o m a l k a n
memformalkan	m ə m f o r m a l k a n
memformalkan	m ə m f ɔ m ə l k a n
memformalkan	m ə m f ɔ r m ə l k a n
memfrancaiskan	m ə m f r a n t͡ʃ a i̯ s k a n
memfrancaiskan	m ə m f r ɛ n t͡ʃ a i̯ s k a n
meminta	m ə m i n t ə
memisalkan	m ə m i s a l k a n
memisalkan	m ə m i θ a l k a n
memonteng	m ə m o n t e ŋ
memotong	m ə m o t̪ o ŋ
mempelai	m ə m p ə l a i̯
mempelam	m ə m p ə l a m
memperbaharu	m ə m p ə b a h a r u
memperbaharu	m ə m p ə b a h ə r u
memperbaik	m ə m p ə b a e ʔ
memperbaik	m ə m p ə r b a e ʔ
memperbaik	m ə m p ə r b a i ʔ
mempercontohkan	m ə m p ə r t͡ʃ o n̪ t̪ o h k a n
mempercontohkan	m ə m p ə t͡ʃ o n̪ t̪ o h k a n
memperelok	m ə m p ə r e l o ʔ
memperjelas	m ə m p ə d͡ʒ ə l a s
memperjelas	m ə m p ə r d͡ʒ ə l a s
memperkatakan	m ə m p ə k a t̪ ə k a n
memperkatakan	m ə m p ə r k a t̪ a k a n
memperkatakan	m ə m p ə r k a t̪ ə k a n
memperkotakan	m ə m p ə k o t ə k a n
memperkotakan	m ə m p ə r k o t ə k a n
memperkotakan	m ə m p ə r k ɔ t a k a n
memperlebar	m ə m p ə l e b a
memperlebar	m ə m p ə l e b a r
memperlebar	m ə m p ə r l e b a
memperlebar	m ə m p ə r l e b a r
mempermudah	m ə m p ə m u d a h
mempermudah	m ə m p ə r m u d a h
mempersembahkan	m ə m p ə r s ə m b a h k a n
mempersembahkan	m ə m p ə s ə m b a h k a n
mempertontonkan	m ə m p ə r t̪ o n̪ t̪ o n k a n
mempertontonkan	m ə m p ə t̪ o n̪ t̪ o n k a n
mempertuan	m ə m p ə r t̪ u a n
memplagiat	m ə m p l a ɡ i a t
memplagiat	m ə m p l a ɡ i j a t
mempreviu	m ə m p r e v i j u
mempreviu	m ə m p r e v i u
mempreviu	m ə m p r i v i j u
mempreviu	m ə m p r i v i u
mempunyai	m ə m p u ɲ a ʔ i
mempunyai	m ə m p u ɲ ə ʔ i
mempunyakan	m ə m p u ɲ a k a n
mempunyakan	m ə m p u ɲ ə k a n
memuaskan	m ə m w a s k a n
memudahkan	m ə m u d a h k a n
memudaratkan	m ə m u d a r a t̪̚ k a n
memungkinkan	m ə m u ŋ k e n k a n
memungkinkan	m ə m u ŋ k i n k a n
memungut	m ə m u ŋ o t̪̚
memungut	m ə m u ŋ u t̪̚
memutih	m ə m u t e h
memutihkan	m ə m u t e h k a n
memvideokan	m ə m v i d e o k a n
memvideokan	m ə m v i d i o k a n
menakal	m ə n a k a l
menakali	m ə n a k a l i
menakutkan	m ə n a k o t̪̚ k a n
menakutkan	m ə n a k u t̪̚ k a n
menambah	m ə n a m b a h
menandakan	m ə n a n d a k a n
menangis	m ə n a ŋ e s
menangis	m ə n a ŋ i s
menarik	m ə n a r e ʔ
menarik	m ə n a r i ʔ
menasionalisasikan	m ə n a s i o n a l i s a s i k a n
menawarkan	m ə n a w a r k a n
mencapai	m ə ɲ t͡ʃ a p a i̯
mencapati	m ə n t͡ʃ a p a t i
mencelakakan	m ə n t͡ʃ ə l a k a k a n
mencelakakan	m ə n t͡ʃ ə l a k ə k a n
mencetekkan	m ə ɲ t͡ʃ e t e ʔ k a n
mencipta	m ə ɲ t͡ʃ i p̚ t̪ a
mencipta	m ə ɲ t͡ʃ i p̚ t̪ ə
mencontoh	m ə ɲ t͡ʃ o n̪ t̪ o h
mencontohi	m ə ɲ t͡ʃ o n̪ t̪ o h h i
mencontohi	m ə ɲ t͡ʃ o n̪ t̪ o h i
mencontohkan	m ə ɲ t͡ʃ o n̪ t̪ o h k a n
mencuri	m ə ɲ t͡ʃ u r i
mencurigai	m ə n t͡ʃ u r i ɡ a ʔ i
mencurigai	m ə n t͡ʃ u r i ɡ ə ʔ i
mencurigakan	m ə n t͡ʃ u r i ɡ a k a n
mencurigakan	m ə n t͡ʃ u r i ɡ ə k a n
menda	m ə n d a
menda	m ə n d ə
mendapat	m ə n d a p a t
mende	m ə n d ə
mendelevium	m ɛ n d ə l ɛ v i o m
mendelevium	m ɛ n d ə l ɛ v i ə m
menderma	m ə n d ə m a
menderma	m ə n d ə m ə
menderma	m ə n d ə r m a
menderma	m ə n d ə r m ə
mendermakan	m ə n d ə m a k a n
mendermakan	m ə n d ə m ə k a n
mendermakan	m ə n d ə r m a k a n
mendermakan	m ə n d ə r m ə k a n
mendiskriminasikan	m ə n d i s k r i m i n a s i k a n
menduduki	m ə n d u d o k i
menduduki	m ə n d u d o ʔ k i
menduduki	m ə n d u d u k i
menduduki	m ə n d u d u ʔ k i
mendudukkan	m ə n d u d o ʔ k a n
mendudukkan	m ə n d u d u ʔ k a n
mendukung	m ə n d o k o ŋ
mendukung	m ə n d u k o ŋ
mendung	m ə n d o ŋ
mendung	m ə n d u ŋ
menegah	m ə n ə ɡ a h
menegur	m ə n ə ɡ o
menegur	m ə n ə ɡ o r
menelan	m ə n ə l a n
menelefon	m ə n ɛ l i f o n
menengok	m ə n e ŋ o ʔ
menerangkan	m ə n ə r a ŋ k a n
meneroka	m ə n ə r o k ə
meneruskan	m ə n ə r o s k a n
meneruskan	m ə n ə r u s k a n
mengabadikan	m ə ŋ a b a d i k a n
mengabah	m ə ŋ a b a h
mengabahkan	m ə ŋ a b a h k a n
mengabaikan	m ə ŋ a b a i̯ k a n
mengabar	m ə ŋ a b a
mengabar	m ə ŋ a b a r
mengabdi	m ə ŋ a p̚ d i
mengabdikan	m ə ŋ a p̚ d i k a n
mengabet	m ə ŋ a b ə t
mengabjadkan	m ə ŋ a p d͡ʒ a t k a n
mengabsahkan	m ə ŋ a p s a h k a n
mengabsen	m ə ŋ a p s ɛ n
mengabstrakkan	m ə ŋ a p s t r a k k a n
mengabstrakkan	m ə ŋ ɛ p s t r ɛ k k a n
mengabu	m ə ŋ a b u
mengabui	m ə ŋ a b u w i
mengabuk	m ə ŋ a b o ʔ
mengabuk	m ə ŋ a b ʊ ʔ
mengabur	m ə ŋ a b o
mengabur	m ə ŋ a b o r
mengabur	m ə ŋ a b ʊ
mengabur	m ə ŋ a b ʊ r
mengacah	m ə ŋ a t͡ʃ a h
mengacak	m ə ŋ a t͡ʃ a ʔ
mengacan	m ə ŋ a t͡ʃ a n
mengacapi	m ə ŋ a t͡ʃ a p i
mengacar	m ə ŋ a t͡ʃ a
mengacar	m ə ŋ a t͡ʃ a r
mengait	m ə ŋ a e t
mengait	m ə ŋ a i t
mengait	m ə ŋ a j e t
mengait	m ə ŋ a j i t
mengaku	m ə ŋ a k u
mengamuk	m ə ŋ a m o ʔ
mengamuk	m ə ŋ a m u ʔ
mengamuskan	m ə ŋ a m o s k a n
mengamuskan	m ə ŋ a m u s k a n
menganalisis	m ə ŋ a n a l i s e s
menganimasikan	m ə ŋ a n i m a s i k a n
menganjing	m ə ŋ a ɲ d͡ʒ e ŋ
mengantuk	m ə ŋ a n̪ t̪ o ʔ
mengantuk	m ə ŋ a n̪ t̪ u ʔ
menganwarkan	m ə ŋ a n w a r k a n
mengarah	m ə ŋ a r a h
mengarang	m ə ŋ a r a ŋ
mengata	m ə ŋ a t̪ a
mengata	m ə ŋ a t̪ ə
mengatai	m ə ŋ a t a ʔ i
mengatai	m ə ŋ a t ə ʔ i
mengatakan	m ə ŋ a t a k a n
mengatakan	m ə ŋ a t ə k a n
mengedit	m ə ŋ ɛ d i t
mengeduduki	m ə ŋ ə d u d o k i
mengeduduki	m ə ŋ ə d u d o ʔ k i
mengeduduki	m ə ŋ ə d u d u k i
mengeduduki	m ə ŋ ə d u d u ʔ k i
mengedut	m ə ŋ ə d o t̪̚
mengedut	m ə ŋ ə d u t̪̚
mengedutkan	m ə ŋ ə d o t̪̚ k a n
mengedutkan	m ə ŋ ə d u t̪̚ k a n
mengeksport	m ə ŋ ɛ k s p ɔ t
mengelek	m ə ŋ e l e ʔ
mengelip	m ə ŋ ə l e p̚
mengelip	m ə ŋ ə l i p̚
mengelokkan	m ə ŋ e l o ʔ k a n
mengeong	m ə ŋ e o ŋ
mengerti	m ə ŋ ə r t̪ i
mengerti	m ə ŋ ə t̪ i
mengertikan	m ə ŋ ə r t i k a n
mengertikan	m ə ŋ ə t i k a n
mengesahkan	m ə ŋ ə s a h k a n
mengestrim	m ə ŋ ə s t r i m
mengetahui	m ə ŋ ə t̪ a h u i̯
mengganggu	m ə ŋ ɡ a ŋ ɡ u
menggelar	m ə ŋ ɡ ə l a
menggelar	m ə ŋ ɡ ə l a r
menggosok	m ə ŋ ɡ o s o ʔ
menghadiahi	m ə ŋ h a d i a h i
menghadiahkan	m ə ŋ h a d i a h k a n
menghela	m ə n ɣ e l a
menghiraukan	m ə n ɣ i r a u k a n
mengiklankan	m ə ŋ i k l a n k a n
mengiklankan	m ə ŋ i ʔ l a n k a n
mengimaginasikan	m ə ŋ i m a d͡ʒ i n a s i k a n
mengimaginasikan	m ə ŋ i m a ɡ i n a s i k a n
mengimport	m ə ŋ i m p ɔ t
menginsafi	m ə ŋ i n s a f f i
menginsafi	m ə ŋ i n s a f i
menginsafkan	m ə ŋ i n s a f k a n
menginspirasi	m ə ŋ i n s p i r a s i
mengiring	m ə ŋ i r i ŋ
mengislamkan	m ə ŋ i s l a m k a n
mengistirahatkan	m ə ŋ i s t i r a h a t̚ k a n
mengkafirkan	m ə ŋ k a f e k a n
mengkafirkan	m ə ŋ k a f e r k a n
mengkarung	m ə ŋ k a r o ŋ
mengkarung	m ə ŋ k a r u ŋ
mengkategorikan	m ə ŋ k a t ə ɡ o r i k a n
mengkategorikan	m ə ŋ k ɛ t ə ɡ o r i k a n
mengkategorikan	m ə ŋ k ɛ t ə ɡ ə r i k a n
mengkaunseling	m ə ŋ k a u̯ n s ə l e ŋ
mengkuang	m ə ŋ k w a ŋ
mengoder	m ə ŋ ɔ d ə
mengoksida	m ə ŋ o k s i d a
mengoksidakan	m ə ŋ o k s i d a k a n
mengoksigenkan	m ə ŋ ɔ k s i d͡ʒ ə n k a n
mengoksigenkan	m ə ŋ ɔ k s i ɡ ə n k a n
mengolah	m ə ŋ o l a h
mengopi	m ə ŋ ɔ p i
mengotai	m ə ŋ o t ə ʔ i
mengotai	m ə ŋ ɔ t a ʔ i
mengotakan	m ə ŋ o t ə k a n
mengotakan	m ə ŋ ɔ t a k a n
mengufuk	m ə ŋ u f o ʔ
menipu	m ə n i p u
meniti	m ə n i t̪ i
menjadi	m ə ɲ d͡ʒ a d i
menjawab	m ə ɲ d͡ʒ a w a p̚
menjelaskan	m ə n d͡ʒ ə l a s k a n
menjengah	m ə ɲ d͡ʒ ə ŋ a h
menjepunkan	m ə ɲ d͡ʒ ə p o n k a n
menjulang	m ə ɲ d͡ʒ u l a ŋ
menoleh	m ə n o l e h
menolehkan	m ə n o l e h k a n
menonton	m ə n o n̪ t̪ o n
menora	m ə n o r a
menora	m ə n o r ə
mensosialkan	m ə n s o s i a l i s a s i k a n
mensosialkan	m ə n s o s i ə l i s a s i k a n
mensosialkan	m ə n s o ʃ ə l i s a s i k a n
menstrim	m ə n s t r i m
menswastakan	m ə n s w a s t̪ a k a n
mentadak	m ə n̪ t̪ a d a ʔ
mental	m e n̪ t̪ a l
mental	m ɛ n̪ t̪ ə l
mentaliti	m e n t a l i t i
mentaliti	m ɛ n t ɛ l i t i
mentari	m ə n̪ t̪ a r i
mentega	m ə n̪ t̪ e ɡ a
mentega	m ə n̪ t̪ e ɡ ə
menteri	m ə n̪ t̪ ə r i
mentua	m ə n t u w a
mentua	m ə n t u w ə
menujah	m ə n u d͡ʒ a h
menuju	m ə n u d͡ʒ u
menular	m ə n u l a
menunggang	m ə n u ŋ ɡ a ŋ
menyabarkan	m ə ɲ a b a k a n
menyabarkan	m ə ɲ a b a r k a n
menyajikan	m ə ɲ a d͡ʒ i k a n
menyambung	m ə ɲ a m b u ŋ
menyamun	m ə ɲ a m o n
menyapu	m ə ɲ a p u
menyatakan	m ə ɲ a t ə k a n
menyebabkan	m ə ɲ ə b a p̚ k a n
menyembah	m ə ɲ ə m b a h
menyembahkan	m ə ɲ ə m b a h k a n
menyentak	m ə ɲ ə n̪ t̪ a ʔ
menyentuh	m ə ɲ ə n̪ t̪ o h
menyentuh	m ə ɲ ə n̪ t̪ u h
menyerang	m ə ɲ ə r a ŋ
menyesal	m ə ɲ ə s a l
menyesali	m ə ɲ ə s a l i
menyesali	m ə ɲ ə s a l l i
menyesalkan	m ə ɲ ə s a l k a n
menyeterika	m ə ɲ ə t̪ ə r i k a
menyuarakan	m ə ɲ w a r a k a n
menyuarakan	m ə ɲ w a r ə k a n
menyurat	m ə ɲ u r a t̪̚
menyurati	m ə ɲ u r a t̪ i
menyurati	m ə ɲ u r a t̪̚ t̪ i
menyuratkan	m ə ɲ u r a t̪̚ k a n
menyusurgalurkan	m ə ɲ u s o r ɡ a l o k a n
menyusurgalurkan	m ə ɲ u s o r ɡ a l o r k a n
menyusurgalurkan	m ə ɲ u s o ɡ a l o k a n
menyusurgalurkan	m ə ɲ u s o ɡ a l o r k a n
menyusurgalurkan	m ə ɲ u s u r ɡ a l u r k a n
merah	m e r a h
merajuk	m ə r a d͡ʒ o ʔ
merajuk	m ə r a d͡ʒ u ʔ
merak	m ə r a ʔ
merakyat	m ə r a ʔ j a t
merakyatkan	m ə r a ʔ j a t k a n
merampok	m ə r a m p o ʔ
meranduk	m ə r a n d o ʔ
meranduk	m ə r a n d u ʔ
merangkak	m ə r a ŋ k a ʔ
merasuahi	m ə r a s u a h i
merasuahi	m ə r a ʃ u a h i
mercu	m ə r t͡ʃ u
mercu	m ə t͡ʃ u
mercun	m ə r t͡ʃ o n
mercun	m ə r t͡ʃ u n
mercun	m ə t͡ʃ o n
merdeka	m ə d e k a
merdeka	m ə d e k ə
merdeka	m ə r d e k a
merdeka	m ə r d e k ə
mereformasi	m ə r e f o m a s i
mereformasi	m ə r e f o r m a s i
merehatkan	m ə r e h a t k a n
mereka	m ə r e k a
mereka	m ə r e k ə
merenung	m ə r ə n u ŋ
meringkik	m ə r i ŋ k e ʔ
meringkik	m ə r i ŋ k i ʔ
merkuri	m ə k u r i
merkuri	m ə r k u r i
merokok	m ə r o k o ʔ
merompak	m ə r o m p a ʔ
mertua	m ə r t u w a
mertua	m ə r t u w ə
mertua	m ə t u w a
mertua	m ə t u w ə
merumikan	m ə r u m e k a n
merumikan	m ə r u m i k a n
merunggai	m ə r u ŋ ɡ a i̯
merunut	m ə r u n o t
merunuti	m ə r u n o t i
merupakan	m ə r u p a k a n
merupakan	m ə r u p ə k a n
mesej	m e s e d͡ʒ
mesin	m e s e n
mesin	m e s ɪ n
mesingan	m e s i n ɡ a n
meski	m ə s k i
meskipun	m ə s k i p o n
meskipun	m ə s k i p u n
mesra	m ə s r a
mesra	m ə s r ə
mesti	m e s t i
mesti	m ə s t i
meter	m i t ə
meter	m i t ə r
meterai	m ə t̪ ə r a i̯
meterai	m ə t̪ ə r a ʔ i
metodologi	m e t o d o l o ɡ i
metodologi	m ɛ t o d o l o d͡ʒ i
mewajibkan	m ə w a d͡ʒ e p k a n
meyakinkan	m ə j a k e n k a n
mi	m i
mikrofon	m a i̯ k r o f o n
mikropemproses	m i ʔ r o p ə m p r o s ə s
mikroskop	m i k r o s k o p̚
milik	m i l e ʔ
milik	m i l i ʔ
militan	m i l i t a n
militan	m i l i t ə n
milo	m a i̯ l o
milo	m i l o
mimbar	m i m b a
mimbar	m i m b a r
mimpi	m i m p i
min	m i n
minarkisme	m i n a k i z ə m
minarkisme	m i n a r k i s m a
minarkisme	m i n a r k i z ə m
minggu	m i ŋ ɡ u
minit	m i n e t
minta	m i n t ä ʔ
minta	m i n t ə
mintak	m i n̪ t̪ a ʔ
minum	m i n o m
minum	m i n u m
minuman	m i n u m a n
minyak	m i ɲ a ʔ
mirip	m ɪ r ɪ p̚
misa	m i s a
misal	m i s a l
misal	m i θ a l
misalan	m i s a l a n
misalan	m i s a l l a n
misalan	m i θ a l a n
misalan	m i θ a l l a n
misalkan	m i s a l k a n
misalkan	m i θ a l k a n
misi	m i s i
miskin	m i s k e n
miskin	m i s k i n
misoa	m i s o a
misoginis	m i s o ɡ i n i s
misoginis	m ɪ s ɔ d͡ʒ ə n ɪ s
model	m ɔ d ə l
model	m ɔ d ɛ l
modem	m o d e m
modem	m o d ə m
mogok	m o ɡ o ʔ
mogok	m ɔ ɡ ɔ ʔ
mohong	m o h o ŋ
moktan	m o ʔ t̪ a n
molekul	m o l e k u l
molibdenum	m o l i p d e n o m
molibdenum	m o l i p d e n ə m
momen	m o m e n
momen	m o m ə n
monorel	m o n o r e l
montok	m o n̪ t̪ o ʔ
moto	m o t̪ o
motosikal	m o t̪ o s i k a l
mua	m w a
mudah	m u d a h
mudahkan	m u d a h k a n
mudi	m u d i
muflis	m u f l e s
mujahid	m u d͡ʒ a h e t̪̚
mujahid	m u d͡ʒ a h i t̪̚
muka	m u k a
muka	m u k ə
mula	m u l a
mula	m u l ə
mulai	m u l a i
mulut	m u l o t̪̚
mulut	m u l u t̪̚
munafik	m u n a f e ʔ
munafik	m u n a f i ʔ
mungkin	m u ŋ k e n
mungkin	m u ŋ k i n
mungkinkan	m u ŋ k e n k a n
mungkinkan	m u ŋ k i n k a n
murid	m u r e t̪̚
murid	m u r i t̪̚
musim	m u s e m
musim	m u s i m
musnah	m u s n a h
mustahil	m u s t̪ a h e l
mustahil	m u s t̪ a h i l
mutiara	m u t̪ j a r a
mutlak	m u t̪ l a ʔ
mutlak	m u t̪̚ l a q
mutu	m u t̪ u
muzik	m j u z ɪ k̚
muzik	m u z i k̚
muzium	m j u z i o m
muzium	m j u z i u m
muzium	m j u z i ə m
muzium	m u z j u m
nafas	n a f a s
naga	n a ɡ a
naga	n a ɡ ə
naib	n a i p̚
naib	n a j e p̚
naif	n a i f
naif	n a j i f
naik	n a e ʔ
naik	n a i ʔ
najam	n a d͡ʒ a m
najis	n a d͡ʒ i s
nak	n a ʔ
nakal	n a k a l
nakali	n a k a l i
nakhoda	n a k o d a
nakhoda	n a k o d ə
nama	n a m a
nama	n a m ə
nampak	n a m p a ʔ
namun	n a m o n
namun	n a m u n
nan	n a n
nana	n a n a
nana	n a n ə
nanah	n a n a h
nanas	n a n a s
nangis	n a ŋ e s
nangis	n a ŋ i s
nangka	n a ŋ k a
nanti	n a n̪ t̪ i
naratif	n a r a t i f
naratif	n ɛ r ə t i f
nasi	n a s i
nasi	n a s i ʔ
nasib	n a s i p̚
nasional	n a s i o n a l
nasional	n ɛ ʃ ə n ə l
nasionalis	n a s i o n a l i s
nasionalis	n ɛ ʃ ə n ə l i s
nasionalisasi	n a s i o n a l i s a s i
nasionalisasikan	n a s i o n a l i s a s i k a n
nasionalisme	n a s i o n a l i s m a
nasionalisme	n ɛ ʃ ə n a l i s m a
nasionalisme	n ɛ ʃ ə n ə l i z ə m
natif	n a t i f
natif	n e t i f
naungan	n a o ŋ a n
naungan	n a u ŋ a n
nawa	n a w a
nawa	n a w ə
nazak	n a z a ʔ
negara	n ə ɡ a r a
negeri	n ə ɡ ə r i
nek	n e̞ ʔ
nekad	n ə k a t̪̚
nekshar	n e ʔ ʃ a
nekshar	n e ʔ ʃ a r
nenas	n ə n a s
nenda	n ə n d a
nenda	n ə n d ə
nenek	n e n e ʔ
neodimium	n e o d i m i o m
neodimium	n e o d i m i ə m
neodimium	n i o d i m i ə m
neptunium	n ɛ p t u n i o m
neptunium	n ɛ p t u n i ə m
neraka	n ə r a k a
neraka	n ə r a k ə
ngantuk	ŋ a n̪ t̪ o ʔ
ngantuk	ŋ a n̪ t̪ u ʔ
ngarai	ŋ a r a i̯
ngeong	ŋ e o ŋ
ngok	ŋ o ʔ
niaga	n j a ɡ a
niaga	n j a ɡ ə
nikel	n i k ə l
nila	n i l a
nila	n i l ə
nilakandi	n i l ə k a n d i
nilau	n i l ä u̯
niobium	n i o b i o m
niobium	n i o b i ə m
nipis	n i p e s
nipis	n i p i s
nipu	n i p u
nirwayar	n i r w a j a
nirwayar	n i r w a j a r
nirwayar	n i w a j a
nirwayar	n i w a j a r
nitrogen	n a i̯ t̪ r o d͡ʒ ə n
nitrogen	n i t̪̚ r o ɡ ə n
nobelium	n o b ɛ l i o m
nobelium	n o b ɛ l i ə m
noda	n o d a
noda	n o d ə
nombor	n o m b o
nombor	n o m b o r
nona	n o n a
normatif	n o m a t e f
normatif	n o r m a t e f
nostalgia	n o s t̪ a l d͡ʒ j a
nostalgia	n o s t̪ a l ɡ j a
nuri	n u r i
nusa	n u s a
nusa	n u s ə
nya	ɲ a
nya	ɲ ə
nyahpepijat	ɲ a h p ə p i d͡ʒ a t̪̚
nyala	ɲ a l a
nyala	ɲ a l ə
nyalaan	ɲ a l ə a n
nyalaan	ɲ a l ə ʔ a n
nyaman	ɲ a m a n
nyamuk	ɲ a m o ʔ
nyamuk	ɲ a m u ʔ
nyata	ɲ a t̪ a
nyata	ɲ a t̪ ə
nyawa	ɲ a w a
nyawa	ɲ a w ə
nyesal	ɲ ə s a l
nyiru	ɲ i r u
nyiur	ɲ j o
nyiur	ɲ j o r
nyiur	ɲ j u r
nyonya	ɲ o ɲ a
nyonya	ɲ o ɲ ə
nyonyot	ɲ o ɲ o t̪̚
nyunyut	ɲ u ɲ o t̪
nyunyut	ɲ u ɲ u t̪
oasis	ʔ o a s i s
obituari	o b i t u w a r i
obor	o b o r
oder	ʔ ɔ d ə
oftalmologi	ʔ o f t̪ a l m o l o d͡ʒ i
oksigen	ɔ k s i d͡ʒ ə n
oksigen	ɔ k s i ɡ ə n
oksigenkan	ɔ k s i d͡ʒ ə n k a n
oksigenkan	ɔ k s i ɡ ə n k a n
oksihidrogen	ʔ o k̚ s i h a i̯ d r o d͡ʒ ə n
oksihidrogen	ʔ o k̚ s i h i d r o ɡ ə n
oktilion	ʔ o k̚ t̪ i l i o n
oktilion	ʔ o k̚ t̪ i l j o n
oktodesilion	ʔ o k̚ t̪ o d e s i l i o n
oktodesilion	ʔ o k̚ t̪ o d e s i l j o n
olah	ʔ o l a h
olahraga	o l a h r a ɡ a
olahraga	o l a h r a ɡ ə
olak	ʔ o l a ʔ
ombak	o̞ m b ä ʔ
omnivor	ʔ o m n i v o r
online	ʔ ɔ n l a i n
opsyen	ɔ p ʃ ə n
opsyenal	ɔ p ʃ ə n a l
opsyenal	ɔ p ʃ ə n ə l
orait	ɔ r a i̯ t̪
orak	ʔ o r a ʔ
orang	ʔ o r a ŋ
org	ʔ o r a ŋ
organik	ʔ o r ɡ a n e k̚
organik	ʔ o r ɡ a n i k̚
organik	ʔ o ɡ a n e k̚
organisma	ʔ o r ɡ a n i s m a
organisma	ʔ o ɡ a n i s m a
organisma	ʔ ɔ ɡ a n i s m a
ori	o r i
original	ɔ r i d͡ʒ i n ə l
original	ɔ r i ɡ i n a l
osmium	ɔ s m i o m
osmium	ɔ s m i ə m
otai	ʔ o t̪ a i̯
otak	ʔ o t̪ a ʔ
overtur	o v ə r t u r
ovum	ʔ o v o m
pabila	p ə b i l ə
pada	p a d a
pada	p a d ə
padang	p a d a ŋ
padat	p a d a t̪̚
padi	p a d i
paduka	p a d u k a
pagar	p a ɡ a
pagar	p a ɡ a r
pagi	p a ɡ i
paha	p a h a
paha	p ə h ə
pahal	p a h a l
paham	p a a m
paham	p a a ŋ
paham	p a h a m
paham	p a h a ŋ
paham	p ɛ h ɛ̃ː
paham	p ɛ ɛ̃ː
pai	p a i̯
paip	p a i p̚
pajakan	p a d͡ʒ a k a n
pakai	p a k a i̯
pakar	p a k a
pakar	p a k a r
pakatan	p a k a t̪ a n
pakej	p ɛ k e d͡ʒ
paket	p ɛ k ɛ t
paksa	p ä k̚ s ə
paksi	p a ʔ s i
paku	p a k u
pakwe	p a ʔ w ə
paladium	p a l a d i o m
paladium	p a l a d i u m
paladium	p a l a d j o m
paladium	p a l a d j u m
paladium	p a l a d j ə m
paladium	p ə l e i̯ d j ə m
paling	p a l e ŋ
paling	p a l i ŋ
palingan	p a l e ŋ ŋ a n
palingan	p a l i ŋ a n
palingan	p a l i ŋ ŋ a n
palingkan	p a l e ŋ k a n
palingkan	p a l i ŋ k a n
palit	p a l e t̪̚
palit	p a l i t̪̚
pamah	p a m a h
pamegat	p a m ə ɡ a t̪̚
pampang	p a m p a ŋ
panas	p a n a s
panca	p a ɲ t͡ʃ a
panca	p a ɲ t͡ʃ ə
pancing	p a ɲ t͡ʃ e ŋ
pancing	p a ɲ t͡ʃ i ŋ
pancung	p a n t͡ʃ o ŋ
pancuran	p a ɲ t͡ʃ u r a n
panda	p a n d a
pandai	p a n d a i̯
pandan	p a n d a n
pandangan	p a n d a ŋ a n
pangan	p a ŋ a n
panggil	p a ŋ ɡ e l
pangkat	p a ŋ k a t̪̚
pangsapuri	p a ŋ s a p u r i
panir	p a n i r
panjang	p a ɲ d͡ʒ a ŋ
panji	p a ɲ d͡ʒ i
pankek	p a n k e k̚
pankek	p e n k e k̚
pantai	p a n̪ t̪ a i̯
pantang	p a n̪ t̪ a ŋ
papa	p a p a
papan	p a p a n
para	p a r a
para	p a r ə
parasit	p a r a s i t̪̚
pari	p a r i
parkir	p a r k i r
parkiran	p a r k i r a n
parlimen	p a r l i m e n
parti	p a r t̪ i
parti	p a t̪ i
paru	p a r u
pasak	p a s a ʔ
pasal	p a s a j
pasar	p a s a
pasar	p a s a r
pasaran	p a s a r a n
pasarkan	p a s a k a n
pasarkan	p a s a r k a n
pascabayar	p a s t͡ʃ a b a j a
pascabayar	p a s t͡ʃ a b a j a r
pascasiswazah	p a s t͡ʃ a s i s w a z a h
pasif	p a s i f
pasif	p ɛ s i f
pasir	p a s e
pasir	p a s e r
pasir	p a s i r
pasni	p a s n i
pasta	p a s t̪ a
pasti	p a s t̪ i
pastu	p a s t̪ u
pat	p a t̪̚
patah	p a t̪ a h
patera	p a t̪ ə r a
patera	p a t̪ ə r ə
patik	p a t̪ e ʔ
patik	p a t̪ i ʔ
patin	p a t̪ e n
patin	p a t̪ i n
patio	p a t̪ i o
patio	p ɛ t̪ i o
patuk	p a t̪ o ʔ
patuk	p a t̪ u ʔ
patut	p ä t̪ o t̚
patut	p ä t̪ ʊ t̚
pauh	p a u h
paul	p a o l
paun	p a o n
paun	p a u̯ n
paung	p a o ŋ
paung	p a w o ŋ
paus	p a o s
paus	p a w o s
paut	p a o t
pautan	p a o t a n
pawagam	p a w a ɡ a m
pawaka	p a w a k a
pawaka	p a w a k ə
pawana	p a w a n a
pawana	p a w a n ə
pawitera	p a w i t̪ ə r a
payudara	p a j u d a r a
payung	p a j o ŋ
payung	p a j u ŋ
pecah	p ə t͡ʃ a h
pecut	p ə t͡ʃ o t
pedati	p ə d a t̪ i
pedoman	p ə d o m a n
peduli	p ə d u l i
pegang	p e ɡ a ŋ
pegang	p ə ɡ a ŋ
peguam	p ə ɡ u w a m
peguam	p ə ɡ w a m
pehal	p ə h a l
pejal	p ə d͡ʒ a l
pejorasi	p e d͡ʒ o r a s i
pek	p ɛ ʔ
pekak	p e k a ʔ
pekak	p ə k a ʔ
pekakkan	p ə k a ʔ k a n
pekamus	p ə k a m o s
pekamus	p ə k a m u s
pekan	p ə k a n
pekerja	p ə k ə d͡ʒ ə
pekerja	p ə k ə r d͡ʒ a
pekerja	p ə k ə r d͡ʒ ə
peket	p ɛ k ɛ t
pelabuhan	p ə l a b o h a n
pelabuhan	p ə l a b o h h a n
pelabuhan	p ə l a b u h a n
pelabuhan	p ə l a b u h h a n
pelacur	p ə l a t͡ʃ o
pelacur	p ə l a t͡ʃ o r
pelacur	p ə l a t͡ʃ u r
pelajaran	p ə l a d͡ʒ a r a n
pelakon	p ə l a k o n
pelam	p ə l a m
pelampau	p ə l a m p a u̯
pelan	p ə l a n
pelan	p ə l ɛ n
pelana	p ə l a n a
pelana	p ə l a n ə
pelancong	p ə l a ɲ t͡ʃ o ŋ
pelancongan	p ə l a ɲ t͡ʃ o ŋ a n
pelangi	p ə l a ŋ i
pelapis	p ə l a p e s
pelarangan	p ə l a r a ŋ a n
pelatuk	p ə l a t̪ o ʔ
pelatuk	p ə l a t̪ u ʔ
pelaut	p ə l a o t
pelaut	p ə l a w o t
pelawak	p ə l a w a ʔ
pelayar	p ə l a j a
pelayar	p ə l a j a r
pelbagai	p ə l b a ɡ a i̯
pelebaran	p ə l e b a r a n
pelengkung	p ə l ə ŋ k o ŋ
pelengkung	p ə l ə ŋ k u ŋ
pelihatan	p ə l i h a t a n
pelik	p ə l e ʔ
pelik	p ə l i ʔ
pelincir	p ə l i ɲ t͡ʃ e
pelincir	p ə l i ɲ t͡ʃ e r
pelincir	p ə l i ɲ t͡ʃ i r
pelipat	p ə l i p a t̪̚
pelita	p ə l i t̪ a
pelita	p ə l i t̪ ə
peluit	p ə l u e t
peluit	p ə l u w e t
peluk	p ə l o ʔ
peluk	p ə l u ʔ
peluru	p ə l u r u
pemabuk	p ə m a b o ʔ
pemabuk	p ə m a b u ʔ
pemaju	p ə m a d͡ʒ u
pemakaian	p ə m a k a j a n
pemalas	p ə m ä l ä s
pemali	p ə m a l i
pemancing	p ə m a ɲ t͡ʃ e ŋ
pemancing	p ə m a ɲ t͡ʃ i ŋ
pemandulan	p ə m a n d o l a n
pemandulan	p ə m a n d o l l a n
pemandulan	p ə m a n d u l a n
pemangsa	p ə m a ŋ s a
pemangsa	p ə m a ŋ s ə
pemanipulasi	p ə m a n i p u l a s i
pemasa	p ə m a s a
pemasa	p ə m a s ə
pemasaan	p ə m a s a ʔ a n
pemasaan	p ə m a s ə ʔ a n
pemasar	p ə m a s a
pemasar	p ə m a s a r
pemasaran	p ə m a s a r a n
pemasukan	p ə m a s o ʔ k a n
pemasukan	p ə m a s u k a n
pemasukan	p ə m a s u ʔ k a n
pemayur	p ə m a j o
pemayur	p ə m a j o r
pembaharuan	p ə m b a h a r u a n
pembaharuan	p ə m b a h a r u w a n
pembandaran	p ə m b a n d a r a n
pembaris	p ə m b a r e s
pembayang	p ə m b a j a ŋ
pembayangan	p ə m b a j a ŋ a n
pemberi	p ə m b ə r i
pemberian	p ə m b ə r i a n
pembincang	p ə m b i ɲ t͡ʃ a ŋ
pembunuh	p ə m b u n o h
pembunuh	p ə m b u n u h
pemelayuan	p ə m ə l a j u a n
pemerintah	p ə m ə r e n̪ t̪ a h
pemerintah	p ə m ə r i n̪ t̪ a h
pemformalan	p ə m f o m a l a n
pemformalan	p ə m f o r m a l a n
pemformalan	p ə m f ɔ m ə l a n
pemformalan	p ə m f ɔ r m ə l a n
pemfrancaisan	p ə m f r a n t͡ʃ a i̯ s a n
pemfrancaisan	p ə m f r ɛ n t͡ʃ a i̯ s a n
pemilik	p ə m i l e ʔ
pemilik	p ə m i l i ʔ
pemilikan	p ə m i l i k a n
peminat	p ə m i n a t̪̚
pemodal	p ə m o d a l
pemogok	p ə m o ɡ o ʔ
pemogok	p ə m ɔ ɡ ɔ ʔ
pemogokan	p ə m o ɡ o k a n
pemogokan	p ə m ɔ ɡ ɔ k a n
pemotong	p ə m o t̪ o ŋ
pempengaruh	p ə m p ə ŋ a r o h
pempuan	p ə m p w a n
pemunya	p ə m u ɲ a
pemunya	p ə m u ɲ ə
penakut	p ə n a k o t̪̚
penakut	p ə n a k u t̪̚
penara	p ə n a r a
penara	p ə n a r ə
pencen	p e ɲ t͡ʃ e n
pencerobohan	p ə ɲ t͡ʃ ə r o b o h a n
pencerobohan	p ə ɲ t͡ʃ ə r o b o h h a n
pencil	p ə ɲ t͡ʃ e l
pencil	p ə ɲ t͡ʃ i l
pencuri	p ə ɲ t͡ʃ u r i
pencurian	p ə ɲ t͡ʃ u r j a n
pendap	p ə n d a p̚
pendapat	p ə n d a p a t̪̚
pendar	p ə n d a
pendar	p ə n d a r
pendarfosfor	p ə n d a f o s f o
pendarfosfor	p ə n d a f o s f o r
pendarfosfor	p ə n d a r f o s f o
pendarfosfor	p ə n d a r f o s f o r
pendatang	p ə n d a t̪ a ŋ
pendek	p e n d e ʔ
pendekkan	p e n d e ʔ k a n
penderma	p ə n d ə m a
penderma	p ə n d ə m ə
penderma	p ə n d ə r m a
penderma	p ə n d ə r m ə
pendermaan	p ə n d ə m a ʔ a n
pendermaan	p ə n d ə r m a ʔ a n
pendeta	p ə n d e t̪ a
pendiam	p ə n d j a m
penduduk	p ə n d u d o ʔ
penduduk	p ə n d u d u ʔ
pendudukan	p ə n d u d o k i
pendudukan	p ə n d u d o ʔ k i
pendudukan	p ə n d u d u k i
pendudukan	p ə n d u d u ʔ k i
pendukung	p ə n d o k o ŋ
pendukung	p ə n d u k o ŋ
pendukungan	p ə n d o k o ŋ a n
pendukungan	p ə n d u k o ŋ a n
penebuk	p ə n ə b o ʔ
penebuk	p ə n ə b u ʔ
penekanan	p ə n ə k a n a n
penekanan	p ə n ə k a n n a n
pengabadian	p ə ŋ a b a d i a n
pengabai	p ə ŋ a b a i̯
pengabaian	p ə ŋ a b a j a n
pengabdian	p ə ŋ a p̚ d i j a n
pengabjadan	p ə ŋ a p d͡ʒ a d a n
pengabsahan	p ə ŋ a p s a h a n
pengajar	p ə ŋ a d͡ʒ a
pengajar	p ə ŋ a d͡ʒ a r
penganalisis	p ə ŋ a n a l i s i s
penganalisisan	p ə ŋ a n a l i s i s a n
penganimasian	p ə ŋ a n i m a s i j a n
pengaruh	p ə ŋ a r o h
pengaruh	p ə ŋ a r u h
pengecualian	p ə ŋ ə t͡ʃ w a l j a n
pengeja	p ə ŋ e d͡ʒ a
pengeksport	p ə ŋ ɛ k s p ɔ t
pengeksportan	p ə ŋ ɛ k s p ɔ t a n
pengertian	p ə ŋ ə r t i j a n
pengertian	p ə ŋ ə t i j a n
pengerusi	p ə ŋ ə r u s i
pengetua	p ə ŋ ə t u ə
pengganggu	p ə ŋ ɡ a ŋ ɡ u
penggangguan	p ə ŋ ɡ a ŋ ɡ u a n
penggangguan	p ə ŋ ɡ a ŋ ɡ u w a n
penggemar	p ə ŋ ɡ ə m a
pengguna	p ə ŋ ɡ u n a
pengguna	p ə ŋ ɡ u n ə
penggunaan	p ə ŋ ɡ u n a a n
penggunaan	p ə ŋ ɡ u n a ʔ a n
penghutanan	p ə ŋ h u t̪ a n a n
pengiklan	p ə ŋ i k l a n
pengiklan	p ə ŋ i ʔ l a n
pengiklanan	p ə ŋ i k l a n a n
pengiklanan	p ə ŋ i ʔ l a n a n
pengimpalan	p ə ŋ i m p a l a n
pengimport	p ə ŋ i m p ɔ t
pengimportan	p ə ŋ i m p ɔ t a n
pengislaman	p ə ŋ i s l a m a n
pengkategorian	p ə ŋ k a t ə ɡ o r i a n
pengkategorian	p ə ŋ k a t ə ɡ o r i j a n
pengkategorian	p ə ŋ k ɛ t ə ɡ o r i a n
pengkategorian	p ə ŋ k ɛ t ə ɡ o r i j a n
pengkategorian	p ə ŋ k ɛ t ə ɡ ə r i a n
pengkategorian	p ə ŋ k ɛ t ə ɡ ə r i j a n
penglihatan	p ə ŋ l i h a t a n
pengokot	p ə ŋ o k o t̪̚
pengoksigenan	p ə ŋ ɔ k s i d͡ʒ ə n a n
pengoksigenan	p ə ŋ ɔ k s i ɡ ə n a n
pengovuman	p ə ŋ o v o m a n
pengundi	p ə ŋ u n d i
pening	p ə n e ŋ
pening	p ə n i n
pening	p ə n i ŋ
peningkan	p ə n e ŋ k a n
penjajahan	p ə ɲ d͡ʒ a d͡ʒ a h a n
penjajahan	p ə ɲ d͡ʒ a d͡ʒ a h h a n
penjara	p ə ɲ d͡ʒ a r a
penjara	p ə ɲ d͡ʒ a r ə
penjawab	p ə ɲ d͡ʒ a w a p̚
penjelas	p ə n d͡ʒ ə l a s
penjelasan	p ə ɲ d͡ʒ ə l a s a n
penjepunan	p ə ɲ d͡ʒ ə p o n a n
penjual	p ə ɲ d͡ʒ w a l
penonton	p ə n o n̪ t̪ o n
pensintesis	p ə n s i n̪ t̪ ə s i s
penswastaan	p ə n s w a s t a ʔ a n
pensyarah	p ə ɲ ʃ a r a h
pentadbiran	p ə n̪ t̪ a t̪̚ b e r a n
pentadbiran	p ə n̪ t̪ a t̪̚ b i r a n
penuaan	p ə n w a a n
penuaan	p ə n w a ʔ a n
penuh	p ə n u h
penundaan	p ə n u n d a a n
penundaan	p ə n u n d a ʔ a n
penunu	p ə n u n u
penyabar	p ə ɲ a b a
penyabar	p ə ɲ a b a r
penyahjajahan	p ə ɲ a h d͡ʒ a d͡ʒ a h a n
penyaji	p ə ɲ a d͡ʒ i
penyajian	p ə ɲ a d͡ʒ i a n
penyakit	p ə ɲ a k e t̪̚
penyakit	p ə ɲ a k i t̪̚
penyamun	p ə ɲ a m o n
penyamunan	p ə ɲ a m o n a n
penyanyi	p ə ɲ a ɲ i
penyapu	p ə ɲ ä p u
penyederhanaan	p ə ɲ ə d ə r h a n a a n
penyederhanaan	p ə ɲ ə d ə r h a n a ʔ a n
penyembah	p ə ɲ ə m b a h
penyembahan	p ə ɲ ə m b a h a n
penyembahan	p ə ɲ ə m b a h h a n
penyerpihan	p ə ɲ ə r p i h a n
penyerpihan	p ə ɲ ɛ p e h a n
penyesalan	p ə ɲ ə s a l a n
penyesalan	p ə ɲ ə s a l l a n
penyu	p ə ɲ u
pepatah	p ə p a t̪ a h
pepejal	p ə p ə d͡ʒ a l
perabot	p ə r a b o t̪̚
peradaban	p ə r a d a b a n
perah	p ə r a h
perahu	p ə r a h u
perajurit	p ə r a d͡ʒ u r e t̪̚
perajurit	p ə r a d͡ʒ u r i t̪̚
perak	p e r a ʔ
perang	p e r a ŋ
perang	p ə r a ŋ
perangai	p ə r a ŋ a i̯
perasaan	p ə r a s a a n
perasaan	p ə r a s a ʔ a n
perasuah	p ə r a s u a h
perasuah	p ə r a ʃ u a h
perau	p ə r a u̯
perbaharu	p ə b a h a r u
perbaharu	p ə b a h ə r u
perbandaran	p ə b a n d a r a n
perbandaran	p ə r b a n d a r a n
perbarisan	p ə b a r e s a n
perbarisan	p ə r b a r e s a n
perbarisan	p ə r b a r i s a n
perbatasan	p ə b a t̪ a s a n
perbatasan	p ə b a t̪ a s s a n
perbatasan	p ə r b a t̪ a s a n
perbatasan	p ə r b a t̪ a s s a n
perbincangan	p ə b i ɲ t͡ʃ a ŋ a n
perbincangan	p ə r b i ɲ t͡ʃ a ŋ a n
perbualan	p ə b w a l a n
perbualan	p ə r b w a l a n
percaya	p ə r t͡ʃ a j a
percaya	p ə t͡ʃ a j ə
percontohan	p ə r t͡ʃ o n̪ t̪ o h a n
percontohan	p ə r t͡ʃ o n̪ t̪ o h h a n
percontohan	p ə t͡ʃ o n̪ t̪ o h a n
percontohan	p ə t͡ʃ o n̪ t̪ o h h a n
percontohkan	p ə r t͡ʃ o n̪ t̪ o h k a n
percontohkan	p ə t͡ʃ o n̪ t̪ o h k a n
percuma	p ə r t͡ʃ u m a
percuma	p ə r t͡ʃ u m ə
percuma	p ə t͡ʃ u m a
percuma	p ə t͡ʃ u m ə
perdana	p ə d a n a
perdana	p ə d a n ə
perdana	p ə r d a n a
perdana	p ə r d a n ə
perelok	p ə r e l o ʔ
perempuan	p ə r ə m p w a n
pergam	p ə r ɡ a m
pergi	p ə r ɡ i
pergi	p ə ɡ i
perhatian	p ə h a t̪ j a n
perhatian	p ə r h a t̪ j a n
perhentian	p ə r h ə n̪ t̪ i a n
perhutanan	p ə r h u t̪ a n a n
peri	p ə r i
peribahasa	p ə r i b a h a s a
peribahasa	p ə r i b a h a s ə
peribahasa	p ə r i b a h ə s ə
periklanan	p ə r i k l a n a n
periklanan	p ə r i ʔ l a n a n
periksa	p ə r e ʔ s ə
periksa	p ə r i ʔ s a
perisa	p ə r i s a
perisa	p ə r i s ə
perisai	p ə r i s a i̯
perisian	p ə r i s j a n
peristirahatan	p ə r i s t̪ i r a h a t̪ a n
periuk	p ə r j o ʔ
periuk	p ə r j u ʔ
perjanjian	p ə r d͡ʒ a ɲ d͡ʒ j a n
perjelas	p ə d͡ʒ ə l a s
perjelas	p ə r d͡ʒ ə l a s
perkaitan	p ə k a e t̪ a n
perkaitan	p ə r k a e t̪ a n
perkaitan	p ə r k a i t̪ a n
perkakasan	p ə r k a k a s a n
perkamusan	p ə k a m o s a n
perkamusan	p ə k a m o s s a n
perkamusan	p ə r k a m o s a n
perkamusan	p ə r k a m o s s a n
perkamusan	p ə r k a m u s a n
perkamusan	p ə r k a m u s s a n
perkara	p ə k a ə
perkara	p ə r k a r a
perkara	p ə r k a r ə
perkasa	p ə k a s ə
perkasa	p ə r k a s a
perkasa	p ə r k a s ə
perkataan	p ə k a t ə ʔ a n
perkataan	p ə r k a t a ʔ a n
perkataan	p ə r k a t ə ʔ a n
perkatakan	p ə k a t ə k a n
perkatakan	p ə r k a t a k a n
perkatakan	p ə r k a t ə k a n
perkhidmatan	p ə h i t̪̚ m a t̪ a n
perkhidmatan	p ə r h i t̪̚ m a t̪ a n
perkhidmatan	p ə r x i t̪̚ m a t̪ a n
perkosa	p ə k o s ə
perkosa	p ə r k o s a
perkosa	p ə r k o s ə
perkotaan	p ə k o t ə ʔ a n
perkotaan	p ə r k o t ə ʔ a n
perkotaan	p ə r k ɔ t a ʔ a n
perkotakan	p ə k o t ə k a n
perkotakan	p ə r k o t ə k a n
perkotakan	p ə r k ɔ t a k a n
perkuburan	p ə k u b u r a n
perkuburan	p ə r k u b u r a n
perlahan	p ə l a h a n
perlahan	p ə r l a h a n
perlak	p ə l a ʔ
perlak	p ə r l a ʔ
perlebar	p ə l e b a
perlebar	p ə l e b a r
perlebar	p ə r l e b a
perlebar	p ə r l e b a r
perlembagaan	p ə l e m b a ɡ a a n
perlembagaan	p ə l e m b a ɡ a ʔ a n
perlembagaan	p ə r l e m b a ɡ a a n
perlembagaan	p ə r l e m b a ɡ a ʔ a n
perlembagaan	p ə r l ə m b a ɡ a a n
perlembagaan	p ə r l ə m b a ɡ a ʔ a n
perlepasan	p ə l ə p a s a n
perlepasan	p ə r l ə p a s a n
perlu	p ə r l u
permaidani	p ə r m a i̯ d a n i
permaisuri	p ə m a i̯ s u r i
permaisuri	p ə r m a i̯ s u r i
permatang	p ə m a t̪ a ŋ
permatang	p ə r m a t̪ a ŋ
permudah	p ə m u d a h
permudah	p ə r m u d a h
pernah	p ə n a h
pernah	p ə r n a h
pernyataan	p ə r ɲ a t a ʔ a n
pernyataan	p ə ɲ a t a ʔ a n
perokok	p ə r o k o ʔ
perompak	p ə r o m p a ʔ
perompakan	p ə r o m p a k a n
perompakan	p ə r o m p a ʔ k a n
perosak	p ə r o s a ʔ
perpuluhan	p ə p u l o h a n
perpuluhan	p ə r p u l o h a n
persegi	p ə r s ə ɡ i
persekutuan	p ə r s ə k u t̪ u a n
persembahan	p ə r s ə m b a h a n
persembahan	p ə r s ə m b a h h a n
persembahan	p ə s ə m b a h a n
persembahan	p ə s ə m b a h h a n
persembahkan	p ə r s ə m b a h k a n
persembahkan	p ə s ə m b a h k a n
persen	p ə r s e n
persenyawaan	p ə r s ə r ɲ a w a a n
persenyawaan	p ə r s ə r ɲ a w a ʔ a n
persenyawaan	p ə r s ə ɲ a w a a n
persenyawaan	p ə r s ə ɲ a w a ʔ a n
persenyawaan	p ə s ə r ɲ a w a a n
persenyawaan	p ə s ə r ɲ a w a ʔ a n
persenyawaan	p ə s ə ɲ a w a a n
persenyawaan	p ə s ə ɲ a w a ʔ a n
persilangan	p ə r s i l a ŋ a n
persilangan	p ə s i l a ŋ a n
persimpangan	p ə r s i m p a ŋ a n
persimpangan	p ə s i m p a ŋ a n
persuratan	p ə r s u r a t̪ a n
persuratan	p ə r s u r a t̪̚ t̪ a n
persuratan	p ə s u r a t̪ a n
persuratan	p ə s u r a t̪̚ t̪ a n
pertahanan	p ə r t̪ a h a n a n
pertahanan	p ə t̪ a h a n a n
pertama	p ə r t a m ə
pertama	p ə t a m ə
pertolehan	p ə r t o l e h a n
pertolehan	p ə t o l e h a n
pertontonkan	p ə r t̪ o n̪ t̪ o n k a n
pertontonkan	p ə t̪ o n̪ t̪ o n k a n
pertuan	p ə r t̪ u a n
pertuan	p ə t̪ u a n
perumian	p ə r u m i a n
peruntukan	p ə r u n̪ t̪ u k a n
perut	p ə r o t̪̚
perut	p ə r u t̪̚
pes	p e s
pesal	p ə s a l
peta	p ə t ə
petak	p e t̪ a ʔ
petala	p ə t a l a
petala	p ə t a l ə
peti	p ə t̪ i
petik	p ə t̪ e ʔ
petik	p ə t̪ i ʔ
petir	p ə t̪ e
petir	p ə t̪ e r
petir	p ə t̪ i r
petrol	p e t̪ r o l
petroliam	p ə t̪̚ r o l j a m
petua	p ə t̪ w a
petua	p ə t̪ w ə̄
pewarisan	p ə w a r i s a n
peygang	p e ɡ a ŋ
piadah	p ī a d a h
piala	p j a l a
piala	p j a l ə
pidato	p i d a t̪ o
pihak	p e h a ʔ
pihak	p i h a ʔ
pijak	p i d͡ʒ a ʔ
pijar	p i d͡ʒ a
pijar	p i d͡ʒ a r
pikap	p i k a p̚
pikat	p i k a t̪̚
pikir	p i k e
pikir	p i k j a ʕ
pilih	p i l e h
pilin	p i l e n
pilin	p i l i n
pinak	p i n a ʔ
pingat	p i ŋ ä t
pinggang	p i ŋ ɡ a ŋ
pinjam	p i ɲ d͡ʒ a m
pinta	p i n t ə
pintar	p i n̪ t̪ a
pintar	p i n̪ t̪ a r
pintu	p i n̪ t̪ u
pion	p i o n
pipi	p i p i
pipit	p i p e t̪̚
pipit	p i p i t̪̚
pirak	p i r a ʔ
pirau	p i r a u̯
piring	p i r i ŋ
pisang	p i s a ŋ
piung	p i j o ŋ
piut	p j o t̪̚
piut	p j u t̪̚
plagiarisme	p l a ɡ i a r i s m a
plagiarisme	p l a ɡ i a r i z m a
plagiat	p l a ɡ i a t
plagiat	p l a ɡ i j a t
platinum	p l a t i n o m
platinum	p l a t i n ə m
platinum	p l ɛ t i n ə m
playar	p l a j a
playar	p l a j a r
playar	p l a j ə
playar	p l a j ə r
plumbum	p l a m b ə m
plumbum	p l u m b o m
plumbum	p l u m b ə m
plutonium	p l u t o n i o m
plutonium	p l u t o n i ə m
pohon	p o h o n
poin	p ɔ i n
poket	p o k e t̪̚
pokok	p o k o ʔ
polis	p o l i s
polisi	p ɔ l i s i
polonium	p o l o n i o m
polonium	p o l o n i ə m
polonium	p ə l o n i ə m
pompuan	p o m p w a n
pondan	p o n d a n
pondok	p o n d o ʔ
pongsu	p ɔ ŋ s u
ponteng	p o n̪ t̪ e ŋ
popia	p o p j a
pos	p o s
potong	p o t̪ o ŋ
potongan	p o t̪ o ŋ a n
poyang	p o j a ŋ
poyo	p o j o
prabayar	p r a b a j a
prabayar	p r a b a j a r
prakata	p r a k a t a
prakata	p r a k a t ə
pramugari	p r a m u ɡ a r i
prapembayaran	p r a p ə m b a j a r a n
prasasti	p r a s a s t̪ i
praseodimium	p r a s e o d i m i o m
praseodimium	p r a s e o d i m i ə m
praseodimium	p r e s i ə d i m i ə m
prasiswazah	p r a s i s w a z a h
pratonton	p r a t̪ o n̪ t̪ o n
presiden	p r ɛ s i d ə n
presiden	p r ɛ s i d ɛ n
preskripsi	p r i s k r i p s i
preskriptif	p r i s k r i p t e f
prestij	p r ɛ s t̪ i d͡ʒ
previu	p r e v i j u
previu	p r e v i u
previu	p r i v i j u
previu	p r i v i u
prisma	p r i s m a
produk	p r o d a k̚
produk	p r o d u k̚
produktif	p r o d a k̚ t i f
produktif	p r o d u k̚ t i f
produktiviti	p r o d a k̚ t i v i t i
produktiviti	p r o d u k̚ t i v i t i
program	p r o ɡ r a m
program	p r o ɡ r e m
projek	p r o d͡ʒ e ʔ
proksi	p r o ʔ s i
prometium	p r o m e t i o m
prometium	p r o m e t i ə m
prometium	p r o m i t i ə m
protaktinium	p r o t a k t i n i o m
protaktinium	p r o t a k t i n i ə m
protaktinium	p r o t ɛ k t i n i ə m
psikiatri	p s i k i j a t r i
psikiatri	s a i̯ k a j a t r i
psikiatri	s i k i j a t r i
psiko	p s i k o
psiko	s a i̯ k o
psiko	s i k o
psikologi	p s i k o l o ɡ i
psikologi	s a i̯ k o l o d͡ʒ i
psikologi	s i k o l o ɡ i
puan	p u w a n
puas	p w a s
puasa	p w a s a
puasa	p w a s ə
puaskan	p w a s k a n
pucuk	p u t͡ʃ o ʔ
pucuk	p u t͡ʃ u ʔ
pucung	p u t͡ʃ o ŋ
pudina	p u d i n a
pukang	p u k a ŋ
pukat	p u k a t̪̚
pukimak	p u k i m a ʔ
pula	p u l a
pula	p u l ə
pulak	p u l a ʔ
pulang	p u l a ŋ
pulau	p u l a u̯
puluh	p u l o h
puluh	p u l u h
pulun	p u l o n
pulut	p u l u t̪̚
puma	p u m ɐ
puma	p u m ə
pun	p o n
punat	p u n a t̪̚
punca	p u ɲ t͡ʃ a
punca	p u ɲ t͡ʃ ə
puncak	p u ɲ t͡ʃ a ʔ
pundek	p u n d e ʔ
punggung	p u ŋ ɡ o ŋ
punggung	p u ŋ ɡ u ŋ
pungut	p u ŋ o t̪̚
pungut	p u ŋ u t̪̚
punpun	p u m p u n
puntianak	p u n̪ t̪ j a n a ʔ
punya	p u ɲ a
punya	p u ɲ ə
punyai	p u ɲ a ʔ i
punyai	p u ɲ ə ʔ i
punyakan	p u ɲ a k a n
punyakan	p u ɲ ə k a n
pupil	p u p i l
pupuk	p u p o ʔ
pupuk	p u p u ʔ
purata	p u r a t ə
purnama	p u n a m ə
purnama	p u r n a m a
purnama	p u r n a m ə
pusaka	p u s a k a
pusaka	p u s a k ə
pusar	p u s a
pusar	p u s a r
pusing	p u s e ŋ
pusing	p u s i ŋ
puspa	p u s p a
pustaka	p u s t̪ a k a
pustaka	p u s t̪ a k ə
putat	p u t ä t
putera	p u t̪ ə r a
putera	p u t̪ ə r ə
puteri	p u t̪ ə r i
putih	p u t̪ e h
putih	p u t̪ i h
putihkan	p u t e h k a n
putu	p u t̪ u
putus	p u t̪ o s
putus	p u t̪ u s
puyu	p u j u
puyuh	p u j o h
puyuh	p u j u h
qasidah	q a s i d a h
rabuk	r a b u ʔ
racun	r a t͡ʃ o n
racun	r a t͡ʃ u n
radio	r a d j o
radio	r e d j o
radium	r a d i o m
radium	r a d i ə m
radium	r e d i ə m
radon	r a d ɔ n
radon	r e d ɔ n
ragbi	r a k̚ b i
ragbi	r a ʔ b i
rahang	r a h a ŋ
raja	r a d͡ʒ a
raja	r a d͡ʒ ə
rajah	r a d͡ʒ a h
rajin	r a d͡ʒ e n
rajin	r a d͡ʒ i n
rak	r a ʔ
rakan	r a k a n
raksa	r a ʔ s a
raksa	r a ʔ s ə
raksasa	r a ʔ s a s a
raksasa	r a ʔ s a s ə
rakyat	r a k i a t
rakyat	r a ʔ j a t
rakyatkan	r a ʔ j a t k a n
rama	r a m a
rama	r a m ə
ramai	r a m a i̯
ramas	r ä m ä s
rambutan	r a m b o t̪ a n
rambutan	r a m b u t̪ a n
rami	r ä m i
rampok	r a m p o ʔ
rangam	r a ŋ a m
rangkak	r a ŋ k a ʔ
ranting	r a n̪ t̪ e ŋ
ranting	r a n̪ t̪ i ŋ
rapat	r a p a t̪̚
rapuh	r a p u h
ras	r a s
ras	r e s
rasa	r a s a
rasa	r a s ə
rasi	r a s i
rasional	r a s i o n a l
rasional	r ɛ ʃ ə n ə l
rasis	r a s i s
rasis	r e s i s
rasisme	r a s i s m a
rasisme	r e s i s m a
rasuah	r a s u a h
rasuah	r a ʃ u a h
rasuahi	r a s u a h i
rasuahi	r a ʃ u a h i
rasuk	r a s o ʔ
rasuk	r a s u ʔ
rasul	r ɔ s u l
rata	r a t̪ a
rata	r a t̪ ə
ratu	r a t̪ u
ratus	r a t̪ o s
ratus	r a t̪ u s
rawa	r a w a
rawa	r a w ə
rawak	ɾ ä w ä ʔ
raya	r a j a
raya	r a j ə
rebah	r ə b a h
reda	r e d ɔ
reda	r ə d a
reda	r ə d ə
redaksi	r e d̪ a k s i
referendum	r ɛ f ə r ɛ n d ə m
reformasi	r e f o m a s i
reformasi	r e f o r m a s i
reformis	r e f o m i s
regek	r e ɡ e ʔ
regek	ʁ e ɡ e ʔ
rehat	r e h a t̪̚
rehatkan	r e h a t k a n
rejim	r e d͡ʒ i m
rejimen	r e d͡ʒ i m e n
reka	r ɛ k a
rela	r e l a
rela	r e l ə
relatif	r e l a t i f
relatif	r ɛ l a t i f
relatif	r ɛ l ə t i f
relativisme	r e l a t i v i s m a
relativisme	r ɛ l a t i v i s m a
relevan	r e l ə v ə n
relevan	ɾ ɛ l ə v ə n
relung	r ə l u ŋ
remayung	r ə m a j o ŋ
remayung	r ə m a j u ŋ
rembang	r ə m b a ŋ
rembayung	r ə m b a j o ŋ
rembayung	r ə m b a j u ŋ
rembulan	r ə m b u l a n
rempah	r ə m p a h
renang	r ə n a ŋ
rendang	r e n d a ŋ
rendang	r ə n d a ŋ
rengit	r ə ŋ i t̪̚
renium	r ɛ n i o m
renium	r ɛ n i ə m
rentak	r ə n̪ t̪ a ʔ
renungan	r ə n u ŋ a n
republik	r e p u b l i k̚
republik	r i p a b l i k̚
republikanisme	r e p u p̚ l i k a n i s m a
republikanisme	r i p a b l i k ə n i z ə m
resah	r ə s a h
resam	r ə s ä m
resdung	r ə s d o ŋ
resdung	r ə s d u ŋ
residen	r ɛ s i d ə n
residen	r ɛ s i d ɛ n
resit	r ə s i t̪̚
resolusi	r e s o l u s i
restoran	r e s t̪ o r a n
restoran	r ɛ s t̪ o r ə n
restorasi	r ɛ s t o r a s i
reti	r ə t̪ i
rezeki	r ə z ə k i
ria	r i ə
ria	rʲ ə
rial	r i a l
rial	ɣ i a
riam	r i a m
riam	r i j a m
rian	r i a n
riang	r i a ŋ
riba	r i b a
riba	r i b ə
riki	r i k i
rilek	r i l ɛ k̚
rilek	r i l ɛ ʔ
rimau	r i m a u̯
rimba	r i m b a
rimba	r i m b ə
ringgit	r i ŋ ɡ e t
ringkik	r i ŋ k e ʔ
rintih	r i n̪ t̪ e h
rintih	r i n̪ t̪ i h
ritma	r i t̪̚ m a
ritma	r i t̪̚ m ə
ritu	r i t̪ u
roboh	r o b o h
roda	r o d a
rodium	r o d i o m
rodium	r o d i ə m
roentgenium	r ɛ n t ə ɡ ɛ n i o m
roentgenium	r ɛ n t ə ɡ ɛ n i ə m
roentgenium	r ɛ n ɡ ɛ n i o m
roentgenium	r ɛ n ɡ ɛ n i ə m
rogol	r o ɡ o l
roket	r ɔ k ɛ t
rokok	r o k o ʔ
roman	r o m a n
rompak	r o m p a ʔ
rompakan	r o m p a k a n
rompakan	r o m p a ʔ k a n
rotan	o t̪ a n
rotan	r o t̪ a n
rotan	ʁ o t̪ a n
roti	r o t i
ruang	ɾ uʷ ä ŋ
rubidium	r u b i d i o m
rubidium	r u b i d i ə m
rugi	r u ɡ i
rujuk	r u d͡ʒ o ʔ
rujuk	r u d͡ʒ u k̚
rujuk	r u d͡ʒ u ʔ
rujukan	r u d͡ʒ o ʔ k a n
rujukan	r u d͡ʒ u k a n
rujukan	r u d͡ʒ u ʔ k a n
rukun	r u k o n
rukun	r u k u n
rumah	r u m a h
rumbia	r u m b j a
rumbia	r u m b j ə
rumikan	r u m i k a n
rumit	r u m e t̪̚
rumit	r u m i t̪̚
runtuh	r u n̪ t̪ o h
runtuh	r u n̪ t̪ u h
runut	r u n o t
runuti	r u n o t i
rusuk	r u s o ʔ
rusuk	r u s u ʔ
rutenium	r u t ə n i o m
rutenium	r u t ə n i ə m
ruterfordium	r u t̪ ə f o d i o m
ruterfordium	r u t̪ ə f o d i ə m
ruterfordium	r u t̪ ə f o r d i o m
ruterfordium	r u t̪ ə f o r d i ə m
ruterfordium	r u t̪ ə r f o d i o m
ruterfordium	r u t̪ ə r f o d i ə m
ruterfordium	r u t̪ ə r f o r d i o m
ruterfordium	r u t̪ ə r f o r d i u m
ruterfordium	r u t̪ ə r f o r d i ə m
saat	s a a t̚
saat	s a ʔ a t̚
sabar	s a b a
sabar	s a b a r
sabar	s ɔ b a
sabarkan	s a b a k a n
sabarkan	s a b a r k a n
sabun	s a b o n
sabun	s a b u n
sadin	s a d e n
sadin	s a d i n
sadisme	s a d i s m ə
sado	s a d o
saga	s a ɡ a
saga	s a ɡ ə
sagu	s a ɡ u
sah	s a h
sahaja	s a h a d͡ʒ a
sahaja	s a h a d͡ʒ ə
sahaya	s a h a j ə
sahur	s a h o
sahur	s a h o r
sahur	s a h u r
saja	s a d͡ʒ a
saja	s a t̪̚͡ʒ ə
saji	s a d͡ʒ i
sajian	s a d͡ʒ i a n
sajikan	s a d͡ʒ i k a n
sakit	s a k e t̪̚
sakit	s a k i t̪̚
salah	s a l a h
salang	s a l a ŋ
salasilah	s a l a s i l a h
salib	s a l e p̚
salib	s a l i p̚
salih	s a l e h
salin	s a l e n
salin	s a l i n
saling	s a l e ŋ
salir	s a l e r
salir	s a l i r
salji	s a l d͡ʒ i
salji	θ a l d͡ʒ i
salur	s a l o
salur	s a l o r
salur	s a l u r
saluran	s a l o r a n
saluran	s a l u r a n
sama	s a m a
sama	s a m ə
samak	s a m a ʔ
samarium	s a m a r i o m
samarium	s a m a r i ə m
samarium	s ə m ɛ r i ə m
sambal	s a m b a l
sambil	s a m b i l
sambung	s a m b o ŋ
sambung	s a m b u ŋ
sambut	s a m b u t̪̚
sami	s a m i
sampan	s a m p a n
samping	s a m p e ŋ
samping	s a m p i ŋ
samseng	s a m s e ŋ
samudera	s a m u d ə r a
samudera	s a m u d ə r ə
samun	s a m o n
samunan	s a m o n a n
sana	s a n a
sana	s a n ə
sandiwara	s a n d i w a r a
sangai	s a ŋ a i̯
sangap	s a ŋ a p̚
sangat	s a ŋ a t̪̚
sanggup	s a ŋ ɡ o p̚
sanggup	s a ŋ ɡ u p̚
sangkakala	s a ŋ k a k a l a
sangkakala	s a ŋ k ə k a l ə
sangkut	s a ŋ k o t̪̚
sangkut	s a ŋ k u t̪̚
santai	s a n̪ t̪ a i̯
santan	s a n̪ t̪ a n
santap	s a n̪ t̪ a p̚
santau	s a n̪ t̪ a u̯
sanubari	s a n u b a r i
sapa	s a p a
sapa	s a p ə
sape	s a p ə
sapot	s a p o t̪̚
sapta	s a p̚ t̪ a
sapta	s a p̚ t̪ ə
sapu	s a p u
saran	s a r a n
sarang	s a r a ŋ
sarapan	s a r a p a n
sarjana	s a d͡ʒ a n a
sarjana	s a d͡ʒ a n ə
sarjana	s a r d͡ʒ a n a
sarjana	s a r d͡ʒ a n ə
sarung	s a r o ŋ
sarung	s a r u ŋ
sasar	s a s a
sastera	s a s t̪ ə r a
sastera	s a s t̪ ə r ə
satah	s a t̪ a h
satelit	s a t̪ ə l e t̪̚
satelit	s a t̪ ə l i t̪̚
satelit	s e t̪ ə l a i t̪̚
sato	s a t o
satwa	s a t u ə
satwa	s a t w ə
saudara	s a u̯ d a r a
saudara	s a u̯ d a r ə
sawang	s a w a ŋ
sawo	s a w o
saya	s a j a
saya	s a j ə
saya	s e
sayang	s a j a ŋ
sayap	s a j a p̚
sayur	s a j u r
sebab	s ə b a p̚
sebab	s ə b a ʔ
sebagai	s ə b a ɡ a i̯
sebai	s ə b a i̯
sebaik	s ə b a i ʔ
sebaliknya	s ə b a l e ʔ ɲ ə
sebaliknya	s ə b a l i ʔ ɲ a
sebanyak	s ə b a ɲ a ʔ
sebarang	s ə b a r a ŋ
sebelah	s ə b ə l a h
sebenarnya	s ə b ə n a r ɲ a
sebenarnya	s ə b ə n a r ɲ ə
sebenarnya	s ə b ə n a ɲ ə
sebentar	s ə b ə n̪ t̪ a
sebentar	s ə b ə n̪ t̪ a r
sebutan	s ə b o t̪ a n
sebutan	s ə b u t̪ a n
secangkir	s ə t͡ʃ a ŋ k e
secangkir	s ə t͡ʃ a ŋ k e r
secangkir	s ə t͡ʃ a ŋ k i r
secantik	s ə t͡ʃ a n t i ʔ
secara	s ə t͡ʃ a r a
secara	s ə t͡ʃ a r ə
secara	s ə t͡ʃ a ʁ a
sedaerah	s ə d a ʔ e r a h
sedang	s ə d a ŋ
sedap	s ə d a p̚
sedar	s ə d a
sedar	s ə d a r
sedekah	s ə d ə k a h
sederhana	s ə d ə h a n ə
sederhana	s ə d ə r h a n a
sederhana	s ə d ə r h a n ə
sedih	s ə d e h
sedih	s ə d i h
sedut	s ə d o t̪̚
sedut	s ə d u t̪̚
seekor	s ə e k o
seekor	s ə e k o r
seelok	s ə ʔ e l o ʔ
seerti	s ə ʔ ə r t i
seerti	s ə ʔ ə t i
segala	s a ɡ a l a
segala	s ə ɡ a l ə
segar	s ə ɡ a
segar	s ə ɡ a r
segara	s ə ɡ a r a
segara	s ə ɡ ə r ə
segera	s ə ɡ ə r a
segera	s ə ɡ ə r ə
segok	s e ɡ o ʔ
segok	s ɛ ɡ ʊ ʔ
sehelai	s ə h ə l a i̯
sejahtera	s ə d͡ʒ a h t̪ ə r a
sejahtera	s ə d͡ʒ a h t̪ ə r ə
sejak	s ə d͡ʒ a ʔ
sejarawi	s ə d͡ʒ a r a w i
sejati	s ə d͡ʒ a t̪ i
sejuk	s ə d͡ʒ o ʔ
sejuk	s ə d͡ʒ u ʔ
sekali	s ə k a l i
sekat	s ə k a t̪̚
sekata	s ə k a t̪ a
sekata	s ə k a t̪ ə
sekedudukan	s ə k ə d u d o k a n
sekedudukan	s ə k ə d u d o ʔ k a n
sekedudukan	s ə k ə d u d u k a n
sekedudukan	s ə k ə d u d u ʔ k a n
sekeh	s e k e h
seketika	s ə k ə t̪ i k a
sekilas	s ə k i l a s
sekilwak	s ə k i l w a ʔ
sekolah	s ə k o l a
sekolah	s ə k o l a h
sekretaris	s ɛ k r ə t a r ɪ s
seksdesilion	s e k s d e s i l i o n
seksdesilion	s e k s d e s i l j o n
sekstilion	s e k s t̪ i l i o n
sekstilion	s e k s t̪ i l j o n
seksyen	s ɛ k ʃ ə n
sekta	s e k̚ t̪ a
sekta	s e k̚ t̪ ə
sektor	s ɛ k t o
sektor	s ɛ k t o r
sekutu	s ə k u t̪ u
selagi	s ə l a ɡ i
selama	s ə l a m a
selama	s ə l a m ə
selamat	s ə l a m a t̪̚
selamba	s ə l a m b a
selamba	s ə l a m b ə
selancang	s ə l a ɲ t͡ʃ a ŋ
selancar	s ə l a ɲ t͡ʃ a
selancar	s ə l a ɲ t͡ʃ a r
selar	s ə l a r
selaras	s ə l a r a s
selari	s ə l a r i
selat	s ə l a t̪̚
selenium	s e l ɛ n i o m
selesai	s ə l ə s a i̯
selikur	s ə l i k o
selikur	s ə l i k o r
selikur	s ə l i k u r
selimut	s ə l i m o t̪̚
selimut	s ə l i m u t̪̚
selipar	s ə l i p a
selipar	s ə l i p a r
semak	s e m a ʔ
semak	s e m ä k̚
semak	s ə m a ʔ
semak	s ə m ä k̚
semakin	s ə m a k e n
semakin	s ə m a k i n
semalam	s ə m a l a m
semangat	s ə m a ŋ a t̪̚
semasa	s ə m a s a
semasa	s ə m a s ə
semat	s ə m a t̪̚
sembah	s ə m b a h
sembahan	s ə m b a h a n
sembahan	s ə m b a h h a n
sembahkan	s ə m b a h k a n
sembang	s e m b a ŋ
sembilan	s ə m b i l a n
sembur	s ə m b o
sembur	s ə m b o r
sembur	s ə m b u r
semenjak	s ə m ə ɲ d͡ʒ a ʔ
sementara	s ə m ə n̪ t̪ a r a
sementara	s ə m ə n̪ t̪ a r ə
semisal	s ə m i s a l
semisal	s ə m i θ a l
semoga	s ə m o ɡ a
semoga	s ə m o ɡ ə
sempadan	s ə m p a d a n
sempit	s ə m p i t̪̚
sempoa	s ə m p o a
sempoa	s ə m p o ə
sempoi	s e m p o i̯
semua	s ə m w ə
semuanya	s ə m w a ɲ a
semuanya	s ə m w a ɲ ə
semut	s ə m o t̪̚
semut	s ə m u t̪̚
senam	s ə n a m
senapang	s ə n a p a ŋ
senduk	s ə n d o ʔ
senduk	s ə n d u ʔ
sengal	s ə ŋ a l
sengat	s ə ŋ a t̪̚
sengkar	s ə ŋ k a r
sengkek	s e ŋ k e ʔ
sengkenit	s e ŋ k e n i t̪̚
sengkuang	s ə ŋ k w a ŋ
sengsara	s ə ŋ s a r a
sengsara	s ə ŋ s a r ə
seni	s ə n i
senja	s ə ɲ d͡ʒ a
senja	s ə ɲ d͡ʒ ə
senjata	s ə ɲ d͡ʒ a t̪ a
senjata	s ə ɲ d͡ʒ a t̪ ə
sentak	s ə n̪ t̪ a ʔ
sentakan	s ə n̪ t̪ a k a n
senteri	s ə n̪ t̪ ə r ī
sentuh	s ə n̪ t̪ o h
sentuh	s ə n̪ t̪ u h
sentul	s ə n̪ t̪ o l
sentul	s ə n̪ t̪ u l
senyum	s ə ɲ o m
senyum	s ə ɲ u m
seorang	s ə o r a ŋ
sep	s e p
sepak	s e̞ p ä ʔ
sepak	s ə p ä ʔ
sepana	s ə p a n a
sepana	s ə p a n ə
sepat	s ə p a t̪̚
sepatu	s ə p a t̪ u
sepeda	s ə p e d ə
sepeda	s ə p ə d a
seperti	s ə p ə r t̪ i
seperti	s ə p ə t̪ i
sepertinya	s ə p ə r t̪ i ɲ a
sepertinya	s ə p ə r t̪ i ɲ ə
sepoi	s ə p o i̯
septendesilion	s e p̚ t̪ e n d e s i l i o n
sepua	s ə p w a
sepucuk	s ə p u t͡ʃ o ʔ
sepucuk	s ə p u t͡ʃ u ʔ
sepui	s ə̆ p u i̯
sepuluh	s ə p u l o h
sepuluh	s ə p u l u h
sepunya	s ə p u ɲ a
sepunya	s ə p u ɲ ə
seragam	s ə r a ɡ a m
serah	s ə r a h
serak	s e r a ʔ
serak	s ə r a ʔ
seram	s ə r ä m
serampang	s ə r a m p a ŋ
serang	s ə r a ŋ
serangan	s ə r a ŋ a n
serangga	s ə r a ŋ ɡ a
serangga	s ə r a ŋ ɡ ə
seratus	s ə r a t̪ o s
seratus	s ə r a t̪ u s
serdadu	s ə r d a d u
serdak	s ə r d a ʔ
serentak	s ə r ə n̪ t̪ a ʔ
seri	s ə r i
serigala	s ə r i ɡ a l ə
serikat	s ə r i k a t̪̚
serium	s e r i o m
serium	s e r i ə m
serium	s i r i ə m
serius	s e r j u s
serius	s i r j ə s
seroja	s ə r o d͡ʒ a
seronok	s ə r o n o ʔ
serta	s ə r t̪ a
serta	s ə r t̪ ə
serta	s ə t̪ ə
sesal	s ə s a l
sesalan	s ə s a l a n
sesalan	s ə s a l l a n
sesali	s ə s a l i
sesali	s ə s a l l i
sesalkan	s ə s a l k a n
sesat	s ə s a t̪̚
sesi	s e s i
sesiapa	s ə s j a p a
sesiapa	s ə s j a p ə
sesium	s e s i o m
sesium	s e s i ə m
sesium	s i s i ə m
sesumpah	s ə s u m p a h
sesyen	s ɛ ʃ ə n
setan	s e t a n
setapak	s ə t̪ a p a ʔ
setelah	s ə t̪ ə l a h
setem	s ə t̪ e m
seteng	s ə t̪ ə ŋ
setengah	s ə t ə ŋ ä h
seterika	s ə t̪ ə r i k a
seteru	s ə t̪ ə r u
setia	s ə t̪ j a
setia	s ə t̪ j ə
setiausaha	s ə t̪ j a u s a h a
setiausaha	s ə t̪ j ə u s ə h ə
setiba	s ə t i b a
setiba	s ə t i b ə
setuju	s t̪ u d͡ʒ u
setuju	s ə t̪ u d͡ʒ u
sewa	s e w a
sewa	s e w ə
sewajibnya	s ə w a d͡ʒ e p ɲ a
sewajibnya	s ə w a d͡ʒ e p ɲ ə
sgt	s a ŋ a t̪
shar	ʃ a
shar	ʃ a r
shuben	ʃ u b ə n
si	s i
sial	s j a l
siamang	s i a m a ŋ
siang	s j a ŋ
siap	s j a p̚
siapa	s j a p a
siapa	s j a p ə
siasat	s j a s a t̪̚
sib	s i p̚
siber	s a i̯ b ə
siber	s i b ə
sida	s i d a ʔ
sifar	s i f a
sifar	s i f a r
sifat	s i f a t̪̚
sigaret	s i ɡ a r ɛ t
sihat	s e h a t
sihat	s i h a t
sikit	s i k e t̪̚
sikit	s i k i t̪̚
sil	s e l
sil	s ɪ l
silat	s i l a t̪̚
siling	s i l i ŋ
simbah	s i m b a h
simbahan	s i m b a h a n
simbahan	s i m b a h h a n
simen	s i m e n
simpan	s i m p ä n
simpang	s i m p ãᵑ
simptom	s i m p t̪ o m
sindir	s i n d e
sindir	s i n d e r
sindir	s i n d i r
sindrom	s i n d r o m
singa	s i ŋ ə
singgah	s i ŋ ɡ ä h
singgung	s i ŋ ɡ o ŋ
singgung	s i ŋ ɡ u ŋ
singkat	s i ŋ k a t̪̚
singkek	s i ŋ k e ʔ
singki	s i ŋ k i
singkir	s i ŋ k e
singkir	s i ŋ k e r
singkir	s i ŋ k i r
siniar	s i n i j a
siniar	s i n i j a r
sinis	s i n i s
sinisisme	s i n i s i s m a
sinisisme	s i n i s i s m ə
sinisme	s i n i s m a
sinisme	s i n i s m ə
siput	s i p o t̪̚
siput	s i p u t̪̚
siram	s i r a m
siri	s i r i
siring	s i r i ŋ
sisa	s i s a
sisa	s i s ə
sisian	s i s i a n
sisih	s i s i h
sisik	s i s e ʔ
sisik	s i s i ʔ
siswa	s i s w a
siswazah	s i s w a z a h
siuh	s i o h
skandal	s k a n d a l
skandal	s k e n d ə l
skandium	s k a n d i o m
skandium	s k a n d i ə m
skandium	s k ɛ n d i ə m
skru	s k r u
skuter	s k u t̪ ə
skuter	s k u t̪ ə r
slanga	s l a ŋ a
slanga	s l ɛ ŋ
slogan	s l o ɡ a n
snek	s n e k̚
soalan	s o a l a n
sodok	s o d o ʔ
sofwe	s ɔ f w ɛ
sok	s o ʔ
sokong	s o k o ŋ
soleh	s o l e h
sorang	s o r a ŋ
sore	s o r e
sorg	s o r a ŋ
sorong	s o ɾ o ŋ
sos	s o s
sosial	s o s j a l
sosial	s o s j ə l
sosial	s o ʃ ə l
sosialis	s o s i a l i s
sosialis	s o s i ə l i s
sosialis	s o ʃ ə l i s
sosialisasi	s o s i a l i s a s i
sosialisasi	s o s i ə l i s a s i
sosialisasi	s o ʃ ə l i s a s i
sosialisasikan	s o s i a l i s a s i k a n
sosialisasikan	s o s i ə l i s a s i k a n
sosialisasikan	s o ʃ ə l i s a s i k a n
sosialisme	s o s i a l i s m a
sosialisme	s o s i ə l i s m a
sosialisme	s o ʃ ə l i s m a
sosialit	s o s i a l i t
sosialit	s o s i ə l a j t
sosialit	s o ʃ ə l a j t
sosiolek	s o s i o l e k̚
sosiolek	s o s i o l ɛ k̚
sosiologi	s o s i o l o d͡ʒ i
sosiologi	s o s i o l o ɡ i
sotong	s o t̪ o ŋ
soya	s o j a
spesifik	s p e s i f i k
spesifik	s p ə s i f i k
spesifikasi	s p e s i f i k a s i
spesifikasi	s p ə s i f i k a s i
stadium	s t̪ a d j u m
stadium	s t̪ e d i o m
staf	s t̪ a f
stanum	s t̪ a n o m
stanum	s t̪ a n u m
statik	s t̪ a t̪ i k̚
statik	s t̪ ɛ t̪ i k̚
steng	s t̪ ə ŋ
stesyen	s t̪ e ʃ ə n
stik	s t̪ i ʔ
strategi	s t̪ r a t̪ e d͡ʒ i
strim	s t r i m
strontium	s t r ɔ n t i o m
strontium	s t r ɔ n t i ə m
strontium	s t r ɔ n ʃ ə m
studen	s t u d ə n
stul	s t u ɫ
suami	s w a m i
suara	s w a r a
suara	s w a r ə
subang	s u b a ŋ
subuh	s u b o h
subuh	s u b u h
suda	s u d a
sudah	s u d a h
sudahlah	s u d a h l a h
sudu	s u d u
suhu	s u h u
suka	s u k a
suka	s u k ə
sukat	s u k a t̪̚
sukun	s u k o n
sukun	s u k u n
suluh	s u l u h
sulung	s u l o ŋ
sulung	s u l u ŋ
suma	s u m a
sumbat	s u m b a t̪̚
sumber	s u m b ə
sumber	s u m b ə r
sumpah	s u m p a h
sumpit	s u m p e t̪̚
sumpit	s u m p i t̪̚
sunat	s u n a t̪̚
sungai	s u ŋ a i̯
supaya	s u p a j a
supaya	s u p a j ə
superlatif	s u p ə l a t̪ i f
superlatif	s u p ə l ə t̪ i f
superlatif	s u p ə r l a t̪ i f
superlatif	s u p ə r l ə t̪ i f
superman	s u p ə m e n
superman	s u p ə r m e n
surah	s u r a h
surah	s u r ɔ h
surat	s u r a t̪̚
suratan	s u r a t̪ a n
suratan	s u r a t̪̚ t̪ a n
surati	s u r a t̪ i
surati	s u r a t̪̚ t̪ i
suratkan	s u r a t̪̚ k a n
suri	s u r i
suria	s u r j a
suria	s u r j ə
suruh	s u ɾ o h
suruh	s u ɾ ʊ h
suruhanjaya	s u r u h a ɲ d͡ʒ a j a
suruhanjaya	s u r u h a ɲ d͡ʒ a j ə
survei	s u r v e
survei	s u r v e j
survei	s u v e
survei	s u v e j
survei	s ə v e
susila	s u s i l a
suspek	s a s p ɛ k̚
suspek	s u s p e k̚
susu	s u s u
sutera	s u t̪ ə r a
sutera	s u t̪ ə r ə
swasta	s w a s t̪ a
swastakan	s w a s t̪ a k a n
syabas	ʃ a b a s
syah	ʃ a h
syahid	ʃ a h e t̪̚
syahid	ʃ a h i t̪̚
syahwat	ʃ a h w a t̪̚
syaitan	ʃ a i̯ t a n
syaitan	ʃ a i̯ t ɑ n
syaitan	ʃ a i̯ tˤ ɑ n
syamsu	ʃ a m s u
syarikat	ʃ a r i k a t
syif	ʃ e f
syifa	ʃ i f a
syiling	ʃ i l e ŋ
syim	ʃ e m
syinkansen	ʃ i n k a n s ɛ n
syirik	ʃ i r e ʔ
syiuh	ʃ i o h
syogun	ʃ o ɡ u n
syogun	ʃ o ɡ ə n
syok	ʃ o ʔ
syor	ʃ o r
syot	ʃ ɔ t
syubhah	ʃ u b h a h
syuh	ʃ o h
syukur	ʃ u k o
syukur	ʃ u k o r
syukur	ʃ u k u r
syurga	ʃ u r ɡ a
syurga	ʃ u r ɡ ə
syurga	ʃ u ɡ ə
taasub	t̪ a a s u p̚
tabib	t̪ a b e p̚
tabib	t̪ a b i p̚
tabik	t̪ a b e ʔ
tabik	t̪ a b i ʔ
tabuh	t̪ a b o h
tabuh	t̪ a b u h
tabur	t̪ a b o
tabur	t̪ a b o r
tabur	t̪ a b u r
tacod	t̪ a t͡ʃ o t̪̚
tadah	t ä d ä h
tadi	t̪ a d i
tadika	t̪ a d i k a
tah	t̪ a h
tahan	t̪ a h a n
tahana	t̪ a h a n a
tahana	t̪ a h a n ə
tahang	t̪ a h a ŋ
tahil	t̪ a h e l
tahil	t̪ a h i l
tahun	t a h o n
tahunan	t̪ a h o n a n
tahunan	t̪ a h u n a n
taifah	t a i f a h
taifah	tˤ ɔ ʔ i f a h
taifah	tˤ ɔ ʔ iː f a h
taip	t̪ a i p̚
tajak	t̪ a d͡ʒ a ʔ
tajam	t̪ a d͡ʒ a m
tak	t̪ a ʔ
takbir	t̪ a ʔ b e
takbir	t̪ a ʔ b e r
takbir	t̪ a ʔ b i r
takda	t̪ a ʔ d a
takda	t̪ a ʔ d ə
takde	t ä ʔ d ə
takkan	t̪ a ʔ k a n
takleh	t̪ a ʔ l e h
taknak	t̪ a ʔ n a ʔ
takoyaki	t̪ a k o j a k i
takpa	t̪ a ʔ p a
takpa	t̪ a ʔ p ə
taksa	t̪ a ʔ s a
taksa	t̪ a ʔ s ə
takse	t ä k̚ s e
taksi	t̪ a ʔ s i
taksir	t̪ a k̚ s e
taksir	t̪ a k̚ s e r
taksir	t̪ a k̚ s i r
taktik	t a k̚ t i k̚
taktik	t ɛ k̚ t i k̚
takut	t̪ a k o t̪̚
takut	t̪ a k u t̪̚
takyah	t̪ a ʔ j a h
talam	t̪ a l a m
talas	t̪ ä l ä s
tali	t̪ a l i
talium	t a l i o m
talium	t a l i ə m
talium	t ɛ l i ə m
tamadun	t̪ a m a d o n
tamadun	t̪ a m a d u n
tamak	t̪ a m a ʔ
tamban	t ä m b ä n
tambun	t a m b o n
tampak	t̪ a m p a ʔ
tampar	t̪ a m p a
tampar	t̪ a m p a r
tampuk	t̪ a m p o ʔ
tampuk	t̪ a m p u ʔ
tanah	t̪ a n a h
tanak	t ä n ä ʔ
tanak	t̪ a n a ʔ
tanam	t̪ a n a m
tanaman	t̪ a n a m a n
tanda	t̪ a n d a
tanda	t̪ a n d ə
tandas	t̪ a n d a s
tandatangan	t̪ a n d a t̪ a ŋ a n
tandatangan	t̪ a n d ə t̪ a ŋ a n
tandu	t̪ a n d u
tanduk	t̪ a n d o ʔ
tanduk	t̪ a n d u ʔ
tangga	t̪ a ŋ ɡ a
tangga	t̪ a ŋ ɡ ə
tangguk	t̪ a ŋ ɡ o ʔ
tangguk	t̪ a ŋ ɡ u ʔ
tanggung	t̪ a ŋ ɡ u ŋ
tanggung	t̪ ä ŋ ɡ o ŋ
tanggung	t̪ ä ŋ ɡ ʊ ŋ
tanggungjawab	t̪ a ŋ ɡ o ŋ d͡ʒ a w a p̚
tanggungjawab	t̪ a ŋ ɡ u ŋ d͡ʒ a w a p̚
tangis	t̪ a ŋ e s
tangis	t̪ a ŋ i s
tangkap	t̪ a ŋ k a p̚
tangki	t̪ a ŋ k i
tangkis	t̪ a ŋ k i s
tanglung	t̪ a ŋ l o ŋ
tanglung	t̪ a ŋ l u ŋ
tanglung	t̪ a ŋ ə l o ŋ
tanjak	t̪ a ɲ d͡ʒ a ʔ
tanjung	t̪ a ɲ d͡ʒ o ŋ
tanjung	t̪ a ɲ d͡ʒ u ŋ
tanpa	t̪ a m p a
tanpa	t̪ a m p ə
tantalum	t a n t a l o m
tantalum	t a n t a l ə m
tantalum	t ɛ n t ə l ə m
tanya	t̪ a ɲ a
tanya	t̪ a ɲ ə
tapau	t̪ a p a u̯
tapi	t̪ a p i
tarah	t̪ a r a h
tarawih	t̪ a r a w e h
tarawih	t̪ a r a w i h
tarawih	t̪ ə r a w e h
tari	t̪ a r i
tarif	t̪ a r e f
tarif	t̪ a r i f
tarif	t̪ ɛ r ɪ f
tarik	t̪ a r e ʔ
tarik	t̪ a r i ʔ
tarikh	t̪ a r e h
tarikh	t̪ a r i x
taruh	t̪ a r o h
taruh	t̪ a r u h
taruk	t̪ a r o ʔ
taruk	t̪ a r u ʔ
tarum	t̪ a r u m
tarum	t̪ ä r o m
tarum	t̪ ä r ʊ m
tasik	t̪ a s e ʔ
tasik	t̪ a s i ʔ
tatacara	t̪ a t̪ a t͡ʃ a r a
tatah	t̪ a t̪ a h
tatakelola	t̪ a t̪ a k ə l o l a
tatakelola	t̪ a t̪ ə k ə l o l ə
tatasusila	t̪ a t̪ a s u s i l a
tau	t̪ a u
tau	t̪ a u̯
taufik	t̪ a u̯ f i q
taufik	t̪ a u̯ f i ʔ
tauhu	t̪ a u̯ h u
tauke	t̪ a u̯ k e
taukua	t̪ a u̯ k w a
tauyu	t̪ a u̯ j u
tawar	t ä w äː
tawarikh	t̪ a w a r e h
tawarikh	t̪ a w a r i x
teater	t̪ j ə t̪ ə
teater	t̪ j ə t̪ ə r
tebah	t̪ ə b a h
tebal	t̪ ə b a l
tebas	t̪ ə b a s
tebuk	t̪ ə b o ʔ
tebuk	t̪ ə b u ʔ
tegah	t̪ ə ɡ a h
tegak	t̪ ə ɡ a ʔ
tegas	t̪ ə ɡ a s
teguk	t̪ ə ɡ o ʔ
teguk	t̪ ə ɡ u ʔ
tegur	t̪ ə ɡ o
tegur	t̪ ə ɡ o r
tegur	t̪ ə ɡ u r
teh	t̪ e h
teh	t̪ ɛ h
teja	t̪ e d͡ʒ a
teja	t̪ e d͡ʒ ə
tek	t̪ e ʔ
tekcik	t̪ e ʔ t͡ʃ i ʔ
teknetium	t ɛ k n e t i o m
teknetium	t ɛ k n e t i ə m
teknik	t̪ e k̚ n i k̚
teknik	t̪ ɛ k̚ n ɪ k̚
teknologi	t̪ e ʔ n o l o d͡ʒ i
teko	t̪ e k o
tekshar	t̪ e ʔ ʃ a
tekshar	t̪ e ʔ ʃ a r
teksi	t̪ e ʔ s i
telanjang	t̪ ə l a ɲ d͡ʒ a ŋ
telatah	t̪ ə l a t̪ a h
telefon	t̪ e l e f o n
telefon	t̪ ɛ l i f o n
telepon	t e l e p o n
telepon	t ɛ l i p o n
televisi	t̪ e l e v i s i
televisyen	t̪ e l e v i ʃ ə n
telinga	t̪ ə l i ŋ a
telinga	t̪ ə l i ŋ ə
teluk	t̪ ə l o ʔ
teluk	t̪ ə l u ʔ
telunjuk	t̪ ə l u ɲ d͡ʒ o ʔ
telunjuk	t̪ ə l u ɲ d͡ʒ u ʔ
telur	t̪ ə l o
telur	t̪ ə l o r
telur	t̪ ə l u r
telurium	t̪ e l u r i o m
telurium	t̪ e l u r i u m
telurium	t̪ e l u r j o m
telurium	t̪ e l u r j u m
tembaga	t ə m b a ɡ ə
tembakau	t̪ ə m b a k a u̯
tembok	t̪ e m b o ʔ
tembuni	t̪ ə m b u n i
tembus	t̪ ə m b o s
tembus	t̪ ə m b u s
tempat	t ə p a ʔ
tempeleng	t̪ ə m p ə l ɛ ŋ
tempuling	t̪ ə m p u l i ŋ
temu	t̪ ə m u
tenang	t̪ ə n a ŋ
tenar	t̪ ə n a r
tendang	t̪ ə n d a ŋ
tengadah	t̪ ə ŋ a d a h
tengah	t̪ ə ŋ a h
tenggala	t̪ ə ŋ ɡ a l a
tenggara	t ə ŋ ɡ ä ɣ ə
tenggelam	t̪ ə ŋ ɡ ə l a m
tenggiri	t ə ŋ ɡ i r i
tengkorak	t̪ ə ŋ k o r a ʔ
tengkuk	t̪ ə ŋ k o ʔ
tengkuk	t̪ ə ŋ k u ʔ
tengok	t̪ e ŋ o ʔ
tentera	t̪ ə n̪ t̪ ə r a
tentera	t̪ ə n̪ t̪ ə r ə
tentu	t̪ ə n̪ t̪ u
tenturun	t ə n t u r o n
tenuk	t ə n o ʔ
tenun	t̪ ə n o n
tenun	t̪ ə n u n
tenung	t̪ ə n o ŋ
tenung	t̪ ə n o̞ ŋ
tenung	t̪ ə n ʊ ŋ
tepi	t̪ ə p i
tepung	t̪ ə p o ŋ
tepung	t̪ ə p u ŋ
tera	t e r ə
tera	t ə r ə
terabadi	t̪ ə r a b a d i
terabai	t ə r a b a i̯
terajang	t ə r ä d͡ʒ ä ŋ
teraju	t̪ ə r a d͡ʒ u
terang	t̪ ə r a ŋ
terangkum	t̪ ə r a ŋ k o m
terangkum	t̪ ə r a ŋ k u m
terapi	t ə r a p i
terapi	t ɛ r a p i
terapi	t ɛ r ə p i
teras	t̪ ə r a s
teratai	t̪ ə r a t̪ a i̯
terbaik	t̪ ə b a e ʔ
terbaik	t̪ ə r b a e ʔ
terbaik	t̪ ə r b a i ʔ
terbalik	t̪ ə b a l e ʔ
terbalik	t̪ ə r b a l e ʔ
terbalik	t̪ ə r b a l i ʔ
terbang	t̪ ə b a ŋ
terbang	t̪ ə r b a ŋ
terbatas	t̪ ə b a t̪ a s
terbatas	t̪ ə r b a t̪ a s
terbayang	t ə b a j a ŋ
terbayang	t ə r b a j a ŋ
terbentang	t̪ ə r b ə n̪ t̪ a ŋ
terbit	t̪ ə b e t̪̚
terbit	t̪ ə r b e t̪̚
terbit	t̪ ə r b i t̪̚
terbium	t ə b i o m
terbium	t ə b i ə m
terbium	t ə r b i o m
terbium	t ə r b i ə m
terburuk	t ə r b u r u ʔ
terduduk	t̪ ə d u d o ʔ
terduduk	t̪ ə r d u d o ʔ
terduduk	t̪ ə r d u d u ʔ
terganggu	t ə r ɡ a ŋ ɡ u
terganggu	t ə ɡ a ŋ ɡ u
tergelincir	t̪ ə r ɡ ə l i ɲ t͡ʃ e r
tergelincir	t̪ ə r ɡ ə l i ɲ t͡ʃ e r r
tergelincir	t̪ ə r ɡ ə l i ɲ t͡ʃ i r
tergelincir	t̪ ə ɡ ə l i ɲ t͡ʃ e r
tergelincir	t̪ ə ɡ ə l i ɲ t͡ʃ e r r
tergelincir	t̪ ə ɡ ə l i ɲ t͡ʃ i r
terhad	t̪ ə r h a t̪̚
terhadap	t̪ ə r h a d a p̚
teri	t̪ ə r i
teringat	t̪ ə r i ŋ a t̪̚
terinspirasi	t ə r i n s p i r a s i
teripang	t̪ ə r i p a ŋ
teritip	t̪ ə r i t̪ e p̚
teritip	t̪ ə r i t̪ i p̚
terjawab	t̪ ə d͡ʒ a w a p̚
terjawab	t̪ ə r d͡ʒ a w a p̚
terjun	t̪ ə r d͡ʒ o n
terjun	t̪ ə r d͡ʒ ʊ n
terkam	t̪ ə r k ä m
terkantuk	t̪ ə k a n̪ t̪ o ʔ
terkantuk	t̪ ə r k a n̪ t̪ o ʔ
terkantuk	t̪ ə r k a n̪ t̪ u ʔ
terkata	t̪ ə k a t̪ ə
terkata	t̪ ə r k a t̪ a
terkata	t̪ ə r k a t̪ ə
terkatakan	t ə k a t ə k a n
terkatakan	t ə r k a t a k a n
terkatakan	t ə r k a t ə k a n
terkejut	t̪ ə k ə d͡ʒ o t̪̚
terkejut	t̪ ə r k ə d͡ʒ o t̪̚
terkejut	t̪ ə r k ə d͡ʒ u t̪̚
terkenal	t̪ ə k ə n a l
terkenal	t̪ ə r k ə n a l
terlalu	t̪ ə r l a l u
terlarang	t ə l a r a ŋ
terlarang	t ə r l a r a ŋ
terletak	t̪ ə r l ə t̪ a ʔ
terlompat	t̪ ə l o m p a t̪̚
terlompat	t̪ ə r l o m p a t̪̚
termasuk	t̪ ə m a s o ʔ
termasuk	t̪ ə r m a s o ʔ
termasuk	t̪ ə r m a s u ʔ
ternyata	t̪ ə r ɲ a t̪ a
ternyata	t̪ ə ɲ a t̪ ə
teroka	t ə r o k ə
terokai	t ə r o k a ʔ i
teropong	t̪ ə r o p o ŋ
terowong	t̪ ə r o w o ŋ
terpa	t̪ ə p ə
terpa	t̪ ə r p a
terpa	t̪ ə r p ə
terpekak	t̪ ə p ə k a ʔ
terpekak	t̪ ə r p ə k a ʔ
terpencil	t̪ ə p ə ɲ t͡ʃ e l
terpencil	t̪ ə r p ə ɲ t͡ʃ e l
terpencil	t̪ ə r p ə ɲ t͡ʃ i l
terperdaya	t̪ ə p ə d a j a
terperdaya	t̪ ə p ə d a j ə
terperdaya	t̪ ə p ə r d a j a
terperdaya	t̪ ə p ə r d a j ə
terperdaya	t̪ ə r p ə d a j a
terperdaya	t̪ ə r p ə d a j ə
terperdaya	t̪ ə r p ə r d a j a
terperdaya	t̪ ə r p ə r d a j ə
tersabar	t ə r s a b a
tersabar	t ə r s a b a r
tersabar	t ə s a b a
tersabar	t ə s a b a r
tersaji	t̪ ə r s a d͡ʒ i
tersaji	t̪ ə s a d͡ʒ i
tersandung	t̪ ə r s a n d u ŋ
tersandung	t̪ ə s a n d u ŋ
tersentak	t̪ ə r s ə n̪ t̪ a ʔ
tersurat	t̪ ə r s u r a t̪̚
tersurat	t̪ ə s u r a t̪̚
tertampan	t̪ ə r t̪ a m p a n
tertampan	t̪ ə t̪ a m p a n
tertawa	t̪ ə r t̪ a w a
tertawa	t̪ ə r t̪ a w ə
tertawa	t̪ ə t̪ a w ə
tertendang	t̪ ə r t̪ ə n d a ŋ
tertendang	t̪ ə t̪ ə n d a ŋ
tertentu	t ə t ə n t u
tertuduh	t̪ ə r t̪ u d o h
tertuduh	t̪ ə r t̪ u d u h
tertuduh	t̪ ə t̪ u d o h
teruja	t̪ ə r u d͡ʒ a
teruna	t̪ ə r u n a
teruna	t̪ ə r u n ə
terung	t̪ ə r o ŋ
terung	t̪ ə r u ŋ
terurai	t̪ ə r u r a i̯
terurai	t̪ ə u r a i̯
terus	t̪ ə r o s
terus	t̪ ə r u s
tesis	t̪ e s i s
tesis	t̪ i s i s
teta	t e t ä
tetak	t̪ ə t̪ a ʔ
tetap	t̪ ə t̪ a p̚
tetapi	t̪ ə t̪ a p i
tetiba	t ə t i b a
tetiba	t ə t i b ə
tetikus	t̪ ə t̪ i k o s
tetikus	t̪ ə t̪ i k u s
tiak	t̪ j a ʔ
tiba	t i b a
tiba	t i b ə
tidak	t̪ i d a ʔ
tiduk	t̪ i d u ʔ
tidur	t̪ i d o
tidur	t̪ i d o r
tidur	t̪ i d u r
tiga	t̪ i ɡ a
tiga	t̪ i ɡ ə
tige	t̪ i ɡ ə
tikam	t̪ i k a m
tikar	t i k a
tikus	t i k o s
tima	t̪ i m a
tima	t̪ i m ə
timah	t i m a h
timba	t̪ i m b a
timba	t̪ i m b ə
timbau	t̪ i m b ä u̯
timur	t̪ i m o
timur	t̪ i m o r
timur	t̪ i m u r
tindas	t̪ i n d a s
tindih	t̪ i n d e h
tindih	t̪ i n d i h
tinggal	t̪ i ŋ ɡ a l
tinggi	t̪ i ŋ ɡ i
tinggung	t̪ i ŋ ɡ o ŋ
tinggung	t̪ i ŋ ɡ u ŋ
tingkal	t̪ i ŋ k a l
tingkap	t̪ i ŋ k a p̚
tinjau	t̪ i ɲ d͡ʒ a u̯
tipu	t̪ i p u
tir	t e
tir	t e r
tir	t i r
tiram	t̪ i r a m
tiris	t̪ i r i s
tisu	t i s u
tisu	t i ʃ u
titah	t̪ i t̪ ä h
titanium	t a i̯ t e n i ə m
titanium	t i t a n i o m
titanium	t i t a n i ə m
titik	t̪ i t̪ e ʔ
titik	t̪ i t̪ i ʔ
tokek	t̪ o k e ʔ
toko	t̪ o k o
tol	t̪ o l
tolak	t̪ o l a ʔ
toleh	t o l e h
tolehkan	t o l e h k a n
toman	t̪ o m a n
tombak	t̪ o m b a ʔ
tomyam	t̪ o m j a m
tongkat	t̪ o ŋ k a t̪̚
tonton	t̪ o n̪ t̪ o n
tontonan	t̪ o n̪ t̪ o n a n
tontonan	t̪ o n̪ t̪ o n n a n
topeng	t̪ o p e ŋ
torium	t ɔ r i o m
torium	t ɔ r i ə m
toye	t̪ o j e
toye	t̪ ɔ j ɛ̃
toyu	t̪ o j u
tragedi	t r a d͡ʒ ə d i
trak	t̪ r a ʔ
transformasi	t r a n s f o m a s i
transformasikan	t r a n s f o m a s i k a n
tren	t̪ r e n
trend	t̪ r ɛ n
tribahasa	t r i b a h a s a
tribahasa	t r i b a h a s ə
tribahasa	t r i b a h ə s a
tribahasa	t r i b a h ə s ə
tsunami	s u n a m i
tsunami	t s u n a m i
tua	t̪ u a
tua	t̪ u ə
tua	t̪ w ə
tuah	t̪ w a h
tuala	t̪ w a l a
tuala	t̪ w a l ə
tuan	t u w a n
tuanku	t u a n k u
tuas	t̪ w a s
tuba	t̪ u b a
tuba	t̪ u b ə
tuban	t̪ u b a n
tuberkulosis	t̪ u b ə r k u l o s i s
tubin	t̪ u b i n
tuds	t̪ u t̪ s
tudung	t̪ u d o ŋ
tudung	t̪ u d u ŋ
tugu	t̪ u ɡ u
tuha	t̪ u h a
tuha	t̪ u h ə
tuhut	t̪ u h o t̪̚
tuhut	t̪ u h u t̪̚
tuil	t u e l
tuil	t u ɪ l
tuju	t̪ u d͡ʒ u
tujuan	t̪ u d͡ʒ w a n
tujuh	t̪ u d͡ʒ o h
tujuh	t̪ u d͡ʒ u h
tuk	t̪ o ʔ
tuk	t̪ u ʔ
tukil	t̪ u k e l
tukil	t̪ u k ɪ l
tukun	t̪ u k u n
tul	t̪ u l
tulang	t̪ u l a ŋ
tular	t̪ u l a
tular	t̪ u l a r
tulis	t̪ u l e s
tulis	t̪ u l i s
tulium	t u l i o m
tulium	t u l i ə m
tuma	t̪ u m a
tuma	t̪ u m ə
tumbang	t̪ u m b a ŋ
tumbuh	t̪ u m b o h
tumbuh	t̪ u m b u h
tumbuhan	t̪ u m b o h a n
tumbuhan	t̪ u m b u h a n
tumbuk	t̪ u m b o ʔ
tumbuk	t̪ u m b ʊ ʔ
tumit	t̪ u m i t̪̚
tumpah	t̪ u m p a h
tumpang	t̪ u m p a ŋ
tumpu	t̪ u m p u
tuna	t̪ u n a
tunai	t̪ u n a i̯
tunda	t̪ u n d a
tunda	t̪ u n d ə
tunggang	t u ŋ ɡ a ŋ
tungsten	t u ŋ s t ə n
tunjuk	t̪ u ɲ d͡ʒ o ʔ
tunjuk	t̪ u ɲ d͡ʒ u ʔ
tunjung	t̪ u ɲ d͡ʒ u ŋ
tuntas	t u n t a s
tunu	t̪ u n u
tupai	t̪ u p a i̯
turun	t u r o n
turun	t u r ʊ n
turun	t u ɣ o ŋ
turus	t̪ u r o s
turus	t̪ u r u s
turut	t̪ u r o t̚
turut	t̪ u r ʊ t̚
tutup	t̪ u t̪ u p̚
uak	u a ʔ
uak	u w a ʔ
ubat	ʔ u b a t̪̚
ubin	ʔ u b i n
uda	ʔ u d a
uda	ʔ u d ə
udang	ʔ u d a ŋ
udara	ʔ u d a r a
udarakasa	ʔ u d a r a k a s a
udarakasa	ʔ u d a r ə k a s ə
udi	ʔ u d i
ufuk	u f o ʔ
uja	ʔ u d͡ʒ a
ujian	u d͡ʒʲ ä n
ujrah	u d͡ʒ r a h
ujrah	u d͡ʒ ə r a h
ujrat	u d͡ʒ r a t
ujrat	u d͡ʒ ə r a t
ujung	ʔ u d͡ʒ o ŋ
ujung	ʔ u d͡ʒ u ŋ
ukulele	ʔ u k u l e l e
ukur	ʔ u k o
ukur	ʔ u k o r
ukur	ʔ u k u r
ulang	ʔ u l a ŋ
ulat	ʔ u l a t̪̚
ulit	ʔ u l i t̪̚
ultrabunyi	ʔ u l t̪ r a b u ɲ i
ulun	ʔ u l u n
umak	ʔ u m a ʔ
umbut	u m b o t̚
umbut	u m b o̞ t̚
umbut	u m b ʊ t̚
umpau	u m p a u̯
undi	ʔ u n d i
undian	ʔ u n d j a n
undur	ʔ u n d o
undur	ʔ u n d o r
undur	ʔ u n d u r
ungka	ʔ u ŋ k a
ungu	ʔ u ŋ u
ungu	ʔ u ŋ ɡ u
unik	j u n i k
unik	u n i k
universitas	ʔ u n i v ə r s i t̪ a s
universiti	j u n i v ə r s i t i
universiti	j u n i v ə s i t i
universiti	u n i v ə r s i t i
universiti	u n i v ə s i t i
unta	ʔ u n̪ t̪ a
untuk	ʔ u n̪ t̪ o ʔ
untuk	ʔ u n̪ t̪ u ʔ
untung	ʔ u n̪ t̪ o ŋ
untung	ʔ u n̪ t̪ u ŋ
unvigintilion	ʔ u n f i ɡ i n̪ t̪ i l i o n
unvigintilion	ʔ u n f i ɡ i n̪ t̪ i l j o n
unvigintilion	ʔ u n v i ɡ i n̪ t̪ i l i o n
unvigintilion	ʔ u n v i ɡ i n̪ t̪ i l j o n
uolls	j u o l s
upacara	ʔ u p a t͡ʃ a r a
upacara	ʔ u p ə t͡ʃ a r ə
upas	ʔ u p a s
uranium	j u r e n i ə m
uranium	u r a n i o m
uranium	u r a n i ə m
urin	ʔ u r i n
urus	ʔ u r o s
urus	ʔ u r u s
urut	ʔ u r u t̪̚
usah	u s ä h
usia	ʔ u s j a
usia	ʔ u s j ə
usik	ʔ u s e ʔ
usik	ʔ u s i ʔ
usir	ʔ u s e
usir	ʔ u s e r
usir	ʔ u s i r
ustaz	u s t a t
ustaz	u s t a z
ustazah	ʔ u s t̪ a z a h
usul	ʔ u s u l
usus	ʔ u s o s
usus	ʔ u s u s
utama	ʔ u t̪ a m a
utama	ʔ u t̪ a m ə
utan	ʔ u t̪ a n
utara	ʔ u t̪ a r a
utara	ʔ u t̪ a r ə
utus	ʔ u t̪ o s
utus	ʔ u t̪ u s
utusan	ʔ u t̪ u s a n
valens	v a l ə n s
valens	v e l ə n s
valensi	v a l ə n s i
valensi	v e l ə n s i
van	v a n
van	v ɛ n
vanadium	v a n a d i o m
vanadium	v a n a d i ə m
vanadium	v ə n e d i ə m
vegan	v e ɡ a n
vegan	v e ɡ ə n
veganisme	v e ɡ a n i s m a
veganisme	v e ɡ a n i z m a
vegetarian	v ɛ d͡ʒ i t ɛ r i j ə n
vegetarianisme	v ɛ d͡ʒ i t ɛ r i a n i s m a
vegetarianisme	v ɛ d͡ʒ i t ɛ r i a n i z m a
verifikasi	v ɛ r i f i k a s i
vertikal	v ə r t i k ə l
vertikal	v ə t i k ə l
video	v i d e o
video	v i d i o
videofon	v i d e o f o n
videofon	v i d i o f o n
videografi	v i d e o ɡ r a f i
videografi	v i d i o ɡ r a f i
videokan	v i d e o k a n
videokan	v i d i o k a n
vigintilion	f i ɡ i n̪ t̪ i l i o n
vigintilion	f i ɡ i n̪ t̪ i l j o n
vigintilion	v i ɡ i n̪ t̪ i l i o n
vigintilion	v i ɡ i n̪ t̪ i l j o n
voivoda	v o i̯ v o d a
voltan	v o l t̪ a n
waalaikumussalam	w a ʔ a l a i̯ k u m u s s a l a m
waalaikumussalam	w a ʔ a l a i̯ k u m u s s a l aː m
waalaikumussalam	w a ʕ a l a i̯ k u m u s s a l a m
waalaikumussalam	w a ʕ a l a i̯ k u m u s s a l aː m
waduh	w a d o h
waduh	w a d u h
wahai	w a h a i̯
wahid	w a h i t̪̚
wahid	w a h ə t̪̚
waizuri	w a i z u r i
wajah	w a d͡ʒ a h
wajib	w a d͡ʒ e p̚
wajib	w a d͡ʒ i p̚
wajibkan	w a d͡ʒ e p k a n
waktu	w a ʔ t̪ u
walao	w a l a u̯
walimana	w a l i m a n a
walimana	w a l i m a n ə
walmana	w a l m a n a
walmana	w a l m a n ə
wang	w a ŋ
wangi	w a ŋ i
wangian	w a ŋ j a n
wangkang	w a ŋ k a ŋ
wangsa	w a ŋ s a
wangsa	w a ŋ s ə
wanita	w a n i t̪ a
waras	w a r a s
warga	w a r ɡ a
warga	w a r ɡ ə
warganegara	w ä ɾ ɡ ə n ə ɡ ä ɾ ə
waris	w a r e s
waris	w a r i s
warisan	w a r i s a n
warta	w a r t̪ a
warung	w a r o ŋ
warung	w a r u ŋ
watpa	w a t̪̚ p a
watpa	w a t̪̚ p ə
wayang	w a j a ŋ
wayar	w a j a
wayar	w a j a r
wayar	w a j ə
wayar	w a j ə r
wayarles	w a j a l e s
wayarles	w a j a r l e s
wayarles	w a j ə l ə s
wayarles	w a j ə r l ə s
wazir	w a z e
wazir	w a z e r
wazir	w a z i r
weskot	w e s k o t̪̚
wibu	w i b u
wikang	w i k a ŋ
wilayah	w i l a j a h
wilmana	w i l m a n a
wilmana	w i l m a n ə
wira	w i r a
wira	w i r ə
wisma	w i s m a
wizurai	w i z u r a i̯
wolfram	w ɔ l f r a m
wolfram	w ɔ l f r ɛ m
worawari	w o r a w a r i
xenofobia	x e n o f o b j a
xenon	z e n ɔ n
xenon	z i n ɔ n
xilofon	z i l o f o n
ya	j a
ya	j ə
yak	j a ʔ
yakin	j a k e n
yamtuan	j a m t̪ u a n
yang	j a ŋ
yatim	j a t̪ i m
yaum	j a w m
yayi	j a j i
yu	j u
yuran	j u r a n
yuyu	j u j u
zabah	z a b a h
zabib	z a b i p̚
zadah	z a d a h
zaitun	z a i t̪ o n
zaitun	z a i t̪ u n
zalim	z a l i m
zamin	z a m i n
zamindar	z a m i n d a r
zamrud	z a m ɾ u d̚
zan	z a n
zanggi	z a ŋ ɡ i
zed	z e t̪̚
zib	z e p
zigot	z i ɡ ɔ t
zilofon	z i l o f o n
zink	z e ŋ
zink	z e ŋ k ə
zirkonium	z i k o n i o m
zirkonium	z i k o n i ə m
zirkonium	z i r k o n i o m
zirkonium	z i r k o n i ə m
zohor	z o h o
zohor	z o h o r
zon	z o n
zuhur	z o h o
zuhur	z o h o r
zuhur	z u h o
zuhur	z u h o r
zuriat	z u r j a t̪̚
Ă	ə
Ĕ	ə
