ࢳ	ŋ a
ࢳ	ŋ
ࢴ	ɡ a
ࢴ	ɡ
ஃ	ɐ hᵄ
ஃக்	kʰ
ஃக்	x
ஃஜிந்தகி	z ɪ n̪ d̪ ɐ ɡ ɪ
ஃஜ்	z
ஃபாரின்	f ɑː ɾ ɪ n
ஃபோன்	f oː n
ஃப்	f
ஃஸ்	k s
அ	ɐ
அஃகடி	ɐʰ ɦ ɐ ɖ i
அஃகம்	əʰ ɦ a m
அஃகு	ɐ x ʊ
அஃகேனம்	ɐ ɦ k eː n ɐ m
அஃது	ɐ ɦ d̪ ʊ
அஃதே	ɐ d̪ eː
அஃறிணை	ə ɦ r ɪ ɳ ə ɪ̯
அக	ɐ ɡ ɐ
அகங்காரம்	ɐ ɡ ɐ ŋ ɡ ɑː ɾ ɐ m
அகங்காரம்	ɐ h ɐ ŋ ɡ ɑː ɾ ɐ m
அகங்கை	ɐ ɡ ɐ ŋ ɡ ɐ ɪ̯
அகண்டன்	ɐ ɡ ɐ ɳ ɖ ɐ n
அகதி	ɐ ɡ ɐ d̪ ɪ
அகதிகள்	ɐ ɡ ɐ d̪ ɪ ɡ ɐ ɭ
அகத்தமிழ்	ɐ ɡ ɐ t̪ː ɐ m ɪ ɻ
அகத்தாழம்	ɐ ɡ ɐ t̪ː ɑː ɻ ɐ m
அகத்தின்	ɐ ɡ ɐ t̪ː ɪ n
அகத்தியம்	ɐ ɡ ɐ t̪ː ɪ j ɐ m
அகத்துக்காரர்	ɐ ɡ ɐ t̪ː ʊ kː ɑː ɾ ɐ ɾ
அகத்துக்காரி	ɐ ɡ ɐ t̪ː ʊ kː ɑː ɾ ɪ
அகந்தை	ɐ ɡ ɐ n̪ d̪ ɐ ɪ̯
அகனன்	ɐ ɡ ɐ n ɐ n
அகனள்	ɐ ɡ ɐ n ɐ ɭ
அகப்படு	ɐ ɡ ɐ pː ɐ ɖ ʊ
அகப்பா	ɐ ɡ ɐ pː ɑː
அகப்பு	ɐ ɡ ɐ pː ʊ
அகப்பை	ɐ ɡ ɐ pː ɐ ɪ̯
அகமமரம்	ɐ ɡ ɐ m ɐ m ɐ ɾ ɐ m
அகம்	ɐ ɡ ɐ m
அகம்படி	ɐ ɡ ɐ m b ɐ ɖ ɪ
அகரமுதலி	ɐ ɡ ɐ ɾ ɐ m ʊ d̪ ɐ l ɪ
அகரம்	ɐ ɡ ɐ ɾ ɐ m
அகரவரிசை	ɐ ɡ ɐ ɾ ɐ ʋ ɐ ɾ ɪ t͡ɕ ɐ ɪ̯
அகராதி	ɐ ɡ ɐ ɾ ɑː d̪ ɪ
அகரு	ɐ ɡ ɐ ɾ ʊ
அகற்சி	ɐ ɡ ɐ r t͡ɕ ɪ
அகற்று	ɐ ɡ ɐ rː ʊ
அகலமான	ɐ ɡ ɐ l ɐ m ɑː n ɐ
அகலம்	ɐ ɡ ɐ l ɐ m
அகல்	ɐ ɡ ɐ l
அகழாய்வு	ɐ ɡ ɐ ɻ ɑː j ʋ ʊ
அகழி	ɐ ɡ ɐ ɻ ɪ
அகழ்	ɐ ɡ ɐ ɻ
அகழ்வாய்வு	ɐ ɡ ɐ ɻ ʋ ɑː j ʋ ʊ
அகவன்மகள்	ɐ ɡ ɐ ʋ ɐ n m ɐ ɡ ɐ ɭ
அகவை	ɐ ɡ ɐ ʋ ɐ ɪ̯
அகிபுசம்	ɐ ɡ ɪ b ʊ t͡ɕ ɐ m
அகிபுசம்	ɐ h ɪ b ʊ t͡ɕ ɐ m
அகிம்சை	ɐ ɡ ɪ m t͡ɕ ɐ ɪ̯
அகிலம்	ɐ ɡ ɪ l ɐ m
அகிலம்	ɐ h ɪ l ɐ m
அகில்	ɐ ɡ ɪ l
அகுடம்	ɐ ɡ ʊ ɖ ɐ m
அகை	ɐ ɡ ɐ ɪ̯
அக்கச்சி	ɐ kː ɐ t͡ɕː ɪ
அக்கப்போர்	ɐ kː ɐ pː oː ɾ
அக்கம்	ɐ kː ɐ m
அக்கரை	ɐ kː ɐ ɾ ɐ ɪ̯
அக்கரைக்கு	ɐ kː ɐ ɾ ɐ ɪ̯ kː ʊ
அக்கறை	ɐ kː ɐ r ɐ ɪ̯
அக்களிப்பு	ɐ kː ɐ ɭ ɪ pː ʊ
அக்கா	ɐ kː ɑː
அக்காக்குருவி	ɐ kː ɑː kː ʊ ɾ ʊ ʋ ɪ
அக்காமார்	ɐ kː ɑː m ɑː ɾ
அக்காள்	ɐ kː ɑː ɭ
அக்கி	ɐ kː ɪ
அக்கினி	ɐ kː ɪ n ɪ
அக்கினிகர்ப்பம்	ɐ kː ɪ n ɪ ɡ ɐ ɾ pː ɐ m
அக்கினிகுண்டம்	ɐ kː ɪ n ɪ ɡ ʊ ɳ ɖ ɐ m
அக்கினிகோத்திரம்	ɐ kː ɪ n ɪ ɡ oː t̪ː ɪ ɾ ɐ m
அக்கினிச்சுவாலை	ɐ kː ɪ n ɪ t͡ɕː ʊ ʋ ɑː l ɐ ɪ̯
அக்கினித்தம்பம்	ɐ kː ɪ n ɪ t̪ː ɐ m b ɐ m
அக்கினியாஸ்திரம்	ɐ kː ɪ n ɪ j ɑː s t̪ ɪ ɾ ɐ m
அக்கினிஸ்நானம்	ɐ kː ɪ n ɪ s n̪ ɑː n ɐ m
அக்கிரமம்	ɐ kː ɪ ɾ ɐ m ɐ m
அக்கு	ɐ kː ʊ
அக்குள்	ɐ kː ʊ ɭ
அக்கை	ɐ kː ɐ ɪ̯
அக்கைச்சி	ɐ kː ɐ ɪ̯ t͡ɕː ɪ
அக்டோபர்	ɐ k ʈ oː b ɐ ɾ
அக்னி	ɐ k n ɪ
அக்னி	ɐ ɡ n ɪ
அக்ஷரம்	ɐ k ʂ ɐ ɾ ɐ m
அங்கக	ɐ ŋ ɡ ɐ ɡ ɐ
அங்கணம்	ɐ ŋ ɡ ɐ ɳ ɐ m
அங்கண்	ɐ ŋ ɡ ɐ ɳ
அங்கதம்	ɐ ŋ ɡ ɐ d̪ ɐ m
அங்கன்வாடி	ɐ ŋ ɡ ɐ n ʋ ɑː ɖ ɪ
அங்கம்	ɐ ŋ ɡ ɐ m
அங்கயற்கண்ணி	ɐ ŋ ɡ ɐ j ɐ r k ɐ ɳː ɪ
அங்காடி	ɐ ŋ ɡ ɑː ɖ ɪ
அங்காலே	ɐ ŋ ɡ ɑː l eː
அங்காளதேவி	ɐ ŋ ɡ ɑː ɭ ɐ d̪ eː ʋ ɪ
அங்கிகாரம்	ɐ ŋ ɡ ɪ ɡ ɑː ɾ ɐ m
அங்கிட்டு	ɐ ŋ ɡ ɪ ʈː ʊ
அங்கிதம்	ɐ ŋ ɡ ɪ d̪ ɐ m
அங்கு	ɐ ŋ ɡ ʊ
அங்குத்தை	ɐ ŋ ɡ ʊ t̪ː ɐ ɪ̯
அங்குலி	ɐ ŋ ɡ ʊ l ɪ
அங்கூசம்	ɐ ŋ ɡ uː t͡ɕ ɐ m
அங்கே	ɐ ŋ ɡ eː
அங்கேரி	ɐ ŋ ɡ eː ɾ ɪ
அங்கை	ɐ ŋ ɡ ɐ ɪ̯
அங்கோடிங்கோடு	ɐ ŋ ɡ oː ɖ ɪ ŋ ɡ oː ɖ ʊ
அங்கோலா	ɐ ŋ ɡ oː l ɑː
அங்ஙனம்	ɐ ŋː ɐ n ɐ m
அச	ɐ t͡ɕ ɐ
அசடு	ɐ t͡ɕ ɐ ɖ ʊ
அசடு	ɐ t͡ɕ ɐ ɖ ʊ
அசதி	ɐ t͡ɕ ɐ d̪ ɪ
அசர்	ɐ t͡ɕ ɐ ɾ
அசர்த்து	ɐ t͡ɕ ɐ ɾ t̪ː ʊ
அசர்பைஜான்	ɐ t͡ɕ ɐ ɾ b ɐ ɪ̯ d͡ʑ ɑː n
அசல்	ɐ t͡ɕ ɐ l
அசாதாரணம்	ɐ t͡ɕ ɑː d̪ ɑː ɾ ɐ ɳ ɐ m
அசாமியம்	ɐ t͡ɕ ɑː m ɪ j ɐ m
அசாம்	ɐ t͡ɕ ɑː m
அசிங்கம்	ɐ t͡ɕ ɪ ŋ ɡ ɐ m
அசும்பு	ɐ t͡ɕ ʊ m b ʊ
அசுவினி	ɐ t͡ɕ ʊ ʋ ɪ n ɪ
அசை	ɐ t͡ɕ ɐ ɪ̯
அசைத்தல்	ɐ t͡ɕ ɐ ɪ̯ t̪ː ɐ l
அசைவம்	ɐ t͡ɕ ɐ ɪ̯ ʋ ɐ m
அசோகவனம்	ɐ t͡ɕ oː ɡ ɐ ʋ ɐ n ɐ m
அச்சன்	ɐ t͡ɕː ɐ n
அச்சம்	ɐ t͡ɕː ɐ m
அச்சார்	ɐ t͡ɕː ɑː ɾ
அச்சி	ɐ t͡ɕː ɪ
அச்சு	ɐ t͡ɕː ʊ
அச்சுமரம்	ɐ t͡ɕː ʊ m ɐ ɾ ɐ m
அச்சுமுறுக்கு	ɐ t͡ɕː ʊ m ʊ r ʊ kː ʊ
அச்சுறு	ɐ t͡ɕː ʊ r ʊ
அச்சுறுத்தல்	ɐ t͡ɕː ʊ r ʊ t̪ː ɐ l
அச்சுறுத்து	ɐ t͡ɕː ʊ r ʊ t̪ː ʊ
அச்சுவினி	ɐ t͡ɕː ʊ ʋ ɪ n ɪ
அச்சோ	ɐ t͡ɕː oː
அஜினோமோட்டோ	ɐ d͡ʑ ɪ n oː m oː ʈː oː
அஞ்சறைப்பெட்டி	ɐ ɲ d͡ʑ ɐ r ɐ ɪ̯ pː e ʈː ɪ
அஞ்சற்றலை	ɐ ɲ d͡ʑ ɐ rː ɐ l ɐ ɪ̯
அஞ்சலகம்	ɐ ɲ d͡ʑ ɐ l ɐ ɡ ɐ m
அஞ்சலி	ɐ ɲ d͡ʑ ɐ l ɪ
அஞ்சல்	ɐ ɲ d͡ʑ ɐ l
அஞ்சிக்கை	ɐ ɲ d͡ʑ ɪ kː ɐ ɪ̯
அஞ்சு	ɐ ɲ d͡ʑ ʊ
அஞ்ஞானம்	ɐ ɲː ɑː n ɐ m
அஞ்ஞை	ɐ ɲː ɐ ɪ̯
அடக்கம்	ɐ ɖ ɐ kː ɐ m
அடக்கு	ɐ ɖ ɐ kː ʊ
அடங்கு	ɐ ɖ ɐ ŋ ɡ ʊ
அடங்குதல்	ɐ ɖ ɐ ŋ ɡ ʊ d̪ ɐ l
அடடா	ɐ ɖ ɐ ɖ ɑː
அடர்	ɐ ɖ ɐ ɾ
அடர்த்தி	ɐ ɖ ɐ ɾ t̪ː ɪ
அடவி	ɐ ɖ ɐ ʋ ɪ
அடா	ɐ ɖ ɑː
அடி	ɐ ɖ ɪ
அடிகள்	ɐ ɖ ɪ ɡ ɐ ɭ
அடிகேயா	ɐ ɖ ɪ ɡ eː j ɑː
அடிக்கடி	ɐ ɖ ɪ kː ɐ ɖ ɪ
அடிக்கு	ɐ ɖ ɪ kː ʊ
அடிக்கொருக்கால்	ɐ ɖ ɪ kː o ɾ ʊ kː ɑː l
அடிக்கோடு	ɐ ɖ ɪ kː oː ɖ ʊ
அடிச்சான்	ɐ ɖ ɪ t͡ɕː ɑː n
அடிச்சுவடு	ɐ ɖ ɪ t͡ɕː ʊ ʋ ɐ ɖ ʊ
அடித்தட்டு	ɐ ɖ ɪ t̪ː ɐ ʈː ʊ
அடித்தளம்	ɐ ɖ ɪ t̪ː ɐ ɭ ɐ m
அடித்தான்	ɐ ɖ ɪ t̪ː ɑː n
அடிநிலை	ɐ ɖ ɪ n̪ ɪ l ɐ ɪ̯
அடிபந்தாட்டம்	ɐ ɖ ɪ p ɐ n̪ d̪ ɑː ʈː ɐ m
அடிப்பகுதி	ɐ ɖ ɪ pː ɐ ɡ ʊ d̪ ɪ
அடிப்பாகம்	ɐ ɖ ɪ pː ɑː ɡ ɐ m
அடிப்பொளி	ɐ ɖ ɪ pː o ɭ ɪ
அடிமாடு	ɐ ɖ ɪ m ɑː ɖ ʊ
அடிமாட்டு	ɐ ɖ ɪ m ɑː ʈː ʊ
அடிமுடி	ɐ ɖ ɪ m ʊ ɖ ɪ
அடிமை	ɐ ɖ ɪ m ɐ ɪ̯
அடிவயிறு	ɐ ɖ ɪ ʋ ɐ j ɪ r ʊ
அடிவானம்	ɐ ɖ ɪ ʋ ɑː n ɐ m
அடு	ɐ ɖ ʊ
அடுக்களை	ɐ ɖ ʊ kː ɐ ɭ ɐ ɪ̯
அடுக்கு	ɐ ɖ ʊ kː ʊ
அடுத்த	ɐ ɖ ʊ t̪ː ɐ
அடுத்தடுத்து	ɐ ɖ ʊ t̪ː ɐ ɖ ʊ t̪ː ʊ
அடுத்து	ɐ ɖ ʊ t̪ː ʊ
அடுப்பங்கரை	ɐ ɖ ʊ pː ɐ ŋ ɡ ɐ ɾ ɐ ɪ̯
அடுப்பாங்கரை	ɐ ɖ ʊ pː ɑː ŋ ɡ ɐ ɾ ɐ ɪ̯
அடுப்பு	ɐ ɖ ʊ pː ʊ
அடுமனை	ɐ ɖ ʊ m ɐ n ɐ ɪ̯
அடுமனைகள்	ɐ ɖ ʊ m ɐ n ɐ ɪ̯ ɡ ɐ ɭ
அடை	ɐ ɖ ɐ ɪ̯
அடைகஷாயம்	ɐ ɖ ɐ ɪ̯ ɡ ɐ ʂ ɑː j ɐ m
அடைகா	ɐ ɖ ɐ ɪ̯ ɡ ɑː
அடைக்கலக்குருவி	ɐ ɖ ɐ ɪ̯ kː ɐ l ɐ kː ʊ ɾ ʊ ʋ ɪ
அடைக்கலம்	ɐ ɖ ɐ ɪ̯ kː ɐ l ɐ m
அடைக்காய்	ɐ ɖ ɐ ɪ̯ kː ɑː j
அடைச்சு	ɐ ɖ ɐ ɪ̯ t͡ɕː ʊ
அடைந்தோர்	ɐ ɖ ɐ ɪ̯ n̪ d̪ oː ɾ
அடைப்பு	ɐ ɖ ɐ ɪ̯ pː ʊ
அடைப்புக்குறி	ɐ ɖ ɐ ɪ̯ pː ʊ kː ʊ r ɪ
அடைப்புக்குறிகள்	ɐ ɖ ɐ ɪ̯ pː ʊ kː ʊ r ɪ ɡ ɐ ɭ
அடைமழை	ɐ ɖ ɐ ɪ̯ m ɐ ɻ ɐ ɪ̯
அடைமொழி	ɐ ɖ ɐ ɪ̯ m o ɻ ɪ
அடைய	ɐ ɖ ɐ ɪ̯ j ɐ
அடையாளம்	ɐ ɖ ɐ ɪ̯ j ɑː ɭ ɐ m
அட்சரம்	ɐ ʈ t͡ɕ ɐ ɾ ɐ m
அட்டகாசம்	ɐ ʈː ɐ ɡ ɑː t͡ɕ ɐ m
அட்டம்	ɐ ʈː ɐ m
அட்டவண்ணைத்திருக்கை	ɐ ʈː ɐ ʋ ɐ ɳː ɐ ɪ̯ t̪ː ɪ ɾ ʊ kː ɐ ɪ̯
அட்டில்	ɐ ʈː ɪ l
அட்டை	ɐ ʈː ɐ ɪ̯
அணங்கம்	ɐ ɳ ɐ ŋ ɡ ɐ m
அணங்கு	ɐ ɳ ɐ ŋ ɡ ʊ
அணங்குகள்	ɐ ɳ ɐ ŋ ɡ ʊ ɡ ɐ ɭ
அணாவு	ɐ ɳ ɑː ʋ ʊ
அணி	ɐ ɳ ɪ
அணிகம்	ɐ ɳ ɪ ɡ ɐ m
அணிகலன்	ɐ ɳ ɪ ɡ ɐ l ɐ n
அணிகலம்	ɐ ɳ ɪ ɡ ɐ l ɐ m
அணிச்சல்	ɐ ɳ ɪ t͡ɕː ɐ l
அணிந்துரை	ɐ ɳ ɪ n̪ d̪ ʊ ɾ ɐ ɪ̯
அணிமை	ɐ ɳ ɪ m ɐ ɪ̯
அணியம்	ɐ ɳ ɪ j ɐ m
அணில்	ɐ ɳ ɪ l
அணிவகு	ɐ ɳ ɪ ʋ ɐ ɡ ʊ
அணிவகுப்பு	ɐ ɳ ɪ ʋ ɐ ɡ ʊ pː ʊ
அணு	ɐ ɳ ʊ
அணுகு	ɐ ɳ ʊ ɡ ʊ
அணுகுமுறை	ɐ ɳ ʊ ɡ ʊ m ʊ r ɐ ɪ̯
அணுக்கன்	ɐ ɳ ʊ kː ɐ n
அணுக்கம்	ɐ ɳ ʊ kː ɐ m
அணுதரிசினி	ɐ ɳ ʊ d̪ ɐ ɾ ɪ t͡ɕ ɪ n ɪ
அணை	ɐ ɳ ɐ ɪ̯
அணைக்கட்டு	ɐ ɳ ɐ ɪ̯ kː ɐ ʈː ʊ
அண்டசராசரம்	ɐ ɳ ɖ ɐ t͡ɕ ɐ ɾ ɑː t͡ɕ ɐ ɾ ɐ m
அண்டம்	ɐ ɳ ɖ ɐ m
அண்டா	ɐ ɳ ɖ ɑː
அண்டார்டிகா	ɐ ɳ ɖ ɑː ɾ ɖ ɪ ɡ ɑː
அண்டு	ɐ ɳ ɖ ʊ
அண்டை	ɐ ɳ ɖ ɐ ɪ̯
அண்டையர்	ɐ ɳ ɖ ɐ ɪ̯ j ɐ ɾ
அண்ணன்	ɐ ɳː ɐ n
அண்ணமார்	ɐ ɳː ɐ m ɑː ɾ
அண்ணா	ɐ ɳː ɑː
அண்ணாக்கு	ɐ ɳː ɑː kː ʊ
அண்ணாச்சி	ɐ ɳː ɑː t͡ɕː ɪ
அண்ணாந்து	ɐ ɳː ɑː n̪ d̪ ʊ
அண்ணி	ɐ ɳː ɪ
அண்ணு	ɐ ɳː ʊ
அண்மை	ɐ ɳ m ɐ ɪ̯
அதட்டு	ɐ d̪ ɐ ʈː ʊ
அதனால்	ɐ d̪ ɐ n ɑː l
அதர்	ɐ d̪ ɐ ɾ
அதற்கு	ɐ d̪ ɐ r k ʊ
அதான்	ɐ d̪ ɑː n
அதாவது	ɐ d̪ ɑː ʋ ɐ d̪ ʊ
அதிக	ɐ d̪ ɪ ɡ ɐ
அதிகப்பிரசங்கி	ɐ d̪ ɪ ɡ ɐ pː ɪ ɾ ɐ t͡ɕ ɐ ŋ ɡ ɪ
அதிகப்பிரசங்கி	ɐ d̪ ɪ ɡ ɐ p ɾ ɐ t͡ɕ ɐ ŋ ɡ ɪ
அதிகமாய்	a d̪ i ɡ a m aː j
அதிகமாய்	ɐ d̪ i h ə m ɛː
அதிகம்	ɐ d̪ ɪ ɡ ɐ m
அதிகரி	ɐ d̪ ɪ ɡ ɐ ɾ ɪ
அதிகாரம்	ɐ d̪ ɪ ɡ ɑː ɾ ɐ m
அதிகாரி	ɐ d̪ ɪ ɡ ɑː ɾ ɪ
அதிக்கிரமம்	ɐ d̪ ɪ kː ɪ ɾ ɐ m ɐ m
அதிசயம்	ɐ d̪ ɪ t͡ɕ ɐ j ɐ m
அதிட்டம்	ɐ d̪ ɪ ʈː ɐ m
அதிதி	ɐ d̪ ɪ d̪ ɪ
அதிதூதன்	ɐ d̪ ɪ d̪ uː d̪ ɐ n
அதிபதி	ɐ d̪ ɪ b ɐ d̪ ɪ
அதிமதுரம்	ɐ d̪ ɪ m ɐ d̪ ʊ ɾ ɐ m
அதிரசம்	ɐ d̪ ɪ ɾ ɐ t͡ɕ ɐ m
அதிரடி	ɐ d̪ ɪ ɾ ɐ ɖ ɪ
அதிருப்தி	ɐ d̪ ɪ ɾ ʊ p t̪ ɪ
அதிர்	ɐ d̪ ɪ ɾ
அதிர்ச்சி	ɐ d̪ ɪ ɾ t͡ɕː ɪ
அதிர்ஷ்டம்	ɐ d̪ ɪ ɾ ʂ ʈ ɐ m
அதில்	ɐ d̪ ɪ l
அதிவிடை	ɐ d̪ ɪ ʋ ɪ ɖ ɐ ɪ̯
அது	ɐ d̪ ʊ
அதுகள்	ɐ d̪ ʊ ɡ ɐ ɭ
அதை	ɐ d̪ ɐ ɪ̯
அதோள்	ɐ d̪ oː ɭ
அத்தனை	ɐ t̪ː ɐ n ɐ ɪ̯
அத்தன்	ɐ t̪ː ɐ n
அத்தம்	ɐ t̪ː ɐ m
அத்தர்	ɐ t̪ː ɐ ɾ
அத்தாயம்	ɐ t̪ː ɑː j ɐ m
அத்தாளம்	ɐ t̪ː ɑː ɭ ɐ m
அத்தி	ɐ t̪ː ɪ
அத்தியாபகன்	ɐ t̪ː ɪ j ɑː b ɐ ɡ ɐ n
அத்தியாயங்கள்	ɐ t̪ː ɪ j ɑː j ɐ ŋ ɡ ɐ ɭ
அத்தியாயம்	ɐ t̪ː ɪ j ɑː j ɐ m
அத்துமீறு	ɐ t̪ː ʊ m iː r ʊ
அத்தை	ɐ t̪ː ɐ ɪ̯
அத்தோ	ɐ t̪ː oː
அநந்தம்	ɐ n̪ ɐ n̪ d̪ ɐ m
அநாவசியம்	ɐ n̪ ɑː ʋ ɐ t͡ɕ ɪ j ɐ m
அநியாயம்	ɐ n̪ ɪ j ɑː j ɐ m
அநுபவம்	ɐ n̪ ʊ b ɐ ʋ ɐ m
அநுபவி	ɐ n̪ ʊ b ɐ ʋ ɪ
அநேகமாக	ɐ n̪ eː ɡ ɐ m ɑː ɡ ɐ
அநேகம்	ɐ n̪ eː ɡ ɐ m
அந்த	ɐ n̪ d̪ ɐ
அந்தக்கரணம்	ɐ n̪ d̪ ɐ kː ɐ ɾ ɐ ɳ ɐ m
அந்தணன்	ɐ n̪ d̪ ɐ ɳ ɐ n
அந்தண்டை	ɐ n̪ d̪ ɐ ɳ ɖ ɐ ɪ̯
அந்தந்த	ɐ n̪ d̪ ɐ n̪ d̪ ɐ
அந்தப்புரம்	ɐ n̪ d̪ ɐ pː ʊ ɾ ɐ m
அந்தம்	ɐ n̪ d̪ ɐ m
அந்தரீயம்	ɐ n̪ d̪ ɐ ɾ iː j ɐ m
அந்தர்ப்புரம்	ɐ n̪ d̪ ɐ ɾ pː ʊ ɾ ɐ m
அந்தை	ɐ n̪ d̪ ɐ ɪ̯
அந்தோரா	ɐ n̪ d̪ oː ɾ ɑː
அந்நின்று	ɐ n̪ː ɪ n r ʊ
அந்நியபாஷை	ɐ n̪ː ɪ j ɐ b ɑː ʂ ɐ ɪ̯
அந்நிலை	ɐ n̪ː ɪ l ɐ ɪ̯
அனத்து	ɐ n ɐ t̪ː ʊ
அனந்தம்	ɐ n ɐ n̪ d̪ ɐ m
அனல்	ɐ n ɐ l
அனாசி	ɐ n ɑː t͡ɕ ɪ
அனாதை	ɐ n ɑː d̪ ɐ ɪ̯
அனாவசியம்	ɐ n ɑː ʋ ɐ t͡ɕ ɪ j ɐ m
அனிலன்	ɐ n ɪ l ɐ n
அனிலம்	ɐ n ɪ l ɐ m
அனுகூலம்	ɐ n ʊ ɡ uː l ɐ m
அனுபவம்	ɐ n ʊ b ɐ ʋ ɐ m
அனுபவி	ɐ n ʊ b ɐ ʋ ɪ
அனுப்பு	ɐ n ʊ pː ʊ
அனுமதி	ɐ n ʊ m ɐ d̪ ɪ
அனுமதிக்க	ɐ n ʊ m ɐ d̪ ɪ kː ɐ
அனுமந்தன்	ɐ n ʊ m ɐ n̪ d̪ ɐ n
அனுமன்	ɐ n ʊ m ɐ n
அனுமான்	ɐ n ʊ m ɑː n
அனுராதபுர	ɐ n ʊ ɾ ɑː d̪ ɐ b ʊ ɾ ɐ
அனுராதபுரம்	ɐ n ʊ ɾ ɑː d̪ ɐ b ʊ ɾ ɐ m
அனேகமாக	ɐ n eː ɡ ɐ m ɑː ɡ ɐ
அனேகம்	ɐ n eː ɡ ɐ m
அனை	ɐ n ɐ ɪ̯
அனைத்து	ɐ n ɐ ɪ̯ t̪ː ʊ
அனைத்துப்பாலீர்ப்பு	ɐ n ɐ ɪ̯ t̪ː ʊ pː ɑː l iː ɾ pː ʊ
அனைய	ɐ n ɐ ɪ̯ j ɐ
அனைவரும்	ɐ n ɐ ɪ̯ ʋ ɐ ɾ ʊ m
அன்னணம்	ɐ nː ɐ ɳ ɐ m
அன்னது	ɐ nː ɐ d̪ ʊ
அன்னம்	ɐ nː ɐ m
அன்னவூர்தி	ɐ nː ɐ ʋ uː ɾ d̪ ɪ
அன்னாசி	ɐ nː ɑː t͡ɕ ɪ
அன்னை	ɐ nː ɐ ɪ̯
அன்பளிப்பு	ɐ n b ɐ ɭ ɪ pː ʊ
அன்பு	ɐ n b ʊ
அன்மை	ɐ n m ɐ ɪ̯
அன்மொழித்தொகை	ɐ n m o ɻ ɪ t̪ː o ɡ ɐ ɪ̯
அன்றாடு	ɐ n r ɑː ɖ ʊ
அன்றியில்	ɐ n r ɪ j ɪ l
அன்றியும்	ɐ n r ɪ j ʊ m
அன்றில்	ɐ n r ɪ l
அன்று	ɐ n r ʊ
அன்றைக்கு	ɐ n r ɐ ɪ̯ kː ʊ
அபராதம்	ɐ b ɐ ɾ ɑː d̪ ɐ m
அபர்யாப்தகம்	ɐ b ɐ ɾ j ɑː p t̪ ɐ ɡ ɐ m
அபாமார்க்கம்	ɐ b ɑː m ɑː ɾ kː ɐ m
அபாயம்	ɐ b ɑː j ɐ m
அபாரம்	ɐ b ɑː ɾ ɐ m
அபாலீர்ப்பு	a p aː l iː ɾ pː u
அபினி	ɐ b ɪ n ɪ
அபின்	ɐ b ɪ n
அபிமன்னு	ɐ b ɪ m ɐ nː ʊ
அபிமானம்	ɐ b ɪ m ɑː n ɐ m
அபிவிருத்தி	ɐ b ɪ ʋ ɪ ɾ ʊ t̪ː ɪ
அபிஷேகம்	ɐ b ɪ ʂ eː ɡ ɐ m
அப்காசியா	ɐ p k ɑː t͡ɕ ɪ j ɑː
அப்ப	ɐ pː ɐ
அப்படி	ɐ pː ɐ ɖ ɪ
அப்பட்டம்	ɐ pː ɐ ʈː ɐ m
அப்பன்	ɐ pː ɐ n
அப்பம்	ɐ pː ɐ m
அப்பளம்	ɐ pː ɐ ɭ ɐ m
அப்பா	ɐ pː ɑː
அப்பாற்படு	ɐ pː ɑː r p ɐ ɖ ʊ
அப்பாலே	ɐ pː ɑː l eː
அப்பால்	ɐ pː ɑː l
அப்பிராணி	ɐ pː ɪ ɾ ɑː ɳ ɪ
அப்பிராணி	ɐ p ɾ ɑː ɳ ɪ
அப்பு	ɐ pː ʊ
அப்புறம்	ɐ pː ʊ r ɐ m
அப்பொழுது	ɐ pː o ɻ ʊ d̪ ʊ
அப்போ	ɐ pː oː
அப்போது	ɐ pː oː d̪ ʊ
அமரம்	ɐ m ɐ ɾ ɐ m
அமர்	ɐ m ɐ ɾ
அமர்வு	ɐ m ɐ ɾ ʋ ʊ
அமலாக்கம்	ɐ m ɐ l ɑː kː ɐ m
அமானுஷ்யம்	ɐ m ɑː n ʊ ʂ j ɐ m
அமாவாசை	ɐ m ɑː ʋ ɑː t͡ɕ ɐ ɪ̯
அமிர்தசரஸ்	ɐ m ɪ ɾ d̪ ɐ t͡ɕ ɐ ɾ ɐ s
அமிர்தம்	ɐ m ɪ ɾ d̪ ɐ m
அமிலம்	ɐ m ɪ l ɐ m
அமுக்கு	ɐ m ʊ kː ʊ
அமுதம்	ɐ m ʊ d̪ ɐ m
அமெரிக்க	ɐ m e ɾ ɪ kː ɐ
அமெரிக்கா	ɐ m e ɾ ɪ kː ɑː
அமை	ɐ m ɐ ɪ̯
அமைச்சன்	ɐ m ɐ ɪ̯ t͡ɕː ɐ n
அமைச்சர்	ɐ m ɐ ɪ̯ t͡ɕː ɐ ɾ
அமைச்சு	ɐ m ɐ ɪ̯ t͡ɕː ʊ
அமைதி	ɐ m ɐ ɪ̯ d̪ ɪ
அமைப்பு	ɐ m ɐ ɪ̯ pː ʊ
அமையம்	ɐ m ɐ ɪ̯ j ɐ m
அமையாது	ɐ m ɐ ɪ̯ j ɑː d̪ ʊ
அம்	ɐ m
அம்படம்	ɐ m b ɐ ɖ ɐ m
அம்பட்டன்	ɐ m b ɐ ʈː ɐ n
அம்பரம்	ɐ m b ɐ ɾ ɐ m
அம்பர்	ɐ m b ɐ ɾ
அம்பலகாரன்	ɐ m b ɐ l ɐ ɡ ɑː ɾ ɐ n
அம்பலம்	ɐ m b ɐ l ɐ m
அம்பலி	ɐ m b ɐ l ɪ
அம்பாந்தோட்டை	ɐ m b ɑː n̪ d̪ oː ʈː ɐ ɪ̯
அம்பாரி	ɐ m b ɑː ɾ ɪ
அம்பி	ɐ m b ɪ
அம்பிகாபதி	ɐ m b ɪ ɡ ɑː b ɐ d̪ ɪ
அம்பு	ɐ m b ʊ
அம்புலி	ɐ m b ʊ l ɪ
அம்மன்	ɐ mː ɐ n
அம்மா	ɐ mː ɑː
அம்மாஞ்சி	ɐ mː ɑː ɲ d͡ʑ ɪ
அம்மான்	ɐ mː ɑː n
அம்மாயி	ɐ mː ɑː j ɪ
அம்மாய்	ɐ mː ɑː j
அம்மாள்	ɐ mː ɑː ɭ
அம்மி	ɐ mː ɪ
அம்மிக்கல்	ɐ mː ɪ kː ɐ l
அம்மிக்குழவி	ɐ mː ɪ kː ʊ ɻ ɐ ʋ ɪ
அம்மை	ɐ mː ɐ ɪ̯
அயனமண்டலம்	ɐ j ɐ n ɐ m ɐ ɳ ɖ ɐ l ɐ m
அயனம்	ɐ j ɐ n ɐ m
அயர்	ɐ j ɐ ɾ
அயர்ச்சி	ɐ j ɐ ɾ t͡ɕː ɪ
அயர்லாந்து	ɐ j ɐ ɾ l ɑː n̪ d̪ ʊ
அயலான்	ɐ j ɐ l ɑː n
அயல்	ɐ j ɐ l
அயல்நாடு	ɐ j ɐ l n̪ ɑː ɖ ʊ
அயல்மொழி	ɐ j ɐ l m o ɻ ɪ
அயிங்கிசை	ɐ j ɪ ŋ ɡ ɪ t͡ɕ ɐ ɪ̯
அயோத்தி	ɐ j oː t̪ː ɪ
அயோத்தியாபட்டினம்	ɐ j oː t̪ː ɪ j ɑː b ɐ ʈː ɪ n ɐ m
அய்யங்கார்	ɐ jː ɐ ŋ ɡ ɑː ɾ
அய்யனார்	ɐ jː ɐ n ɑː ɾ
அய்யன்	ɐ jː ɐ n
அய்யர்	ɐ jː ɐ ɾ
அய்யா	ɐ jː ɑː
அய்யோ	ɐ jː oː
அரக்கன்	ɐ ɾ ɐ kː ɐ n
அரக்கி	ɐ ɾ ɐ kː ɪ
அரக்கு	ɐ ɾ ɐ kː ʊ
அரங்கம்	ɐ ɾ ɐ ŋ ɡ ɐ m
அரச	ɐ ɾ ɐ t͡ɕ ɐ
அரசன்	ɐ ɾ ɐ t͡ɕ ɐ n
அரசமரபு	ɐ ɾ ɐ t͡ɕ ɐ m ɐ ɾ ɐ b ʊ
அரசமரம்	ɐ ɾ ɐ t͡ɕ ɐ m ɐ ɾ ɐ m
அரசவை	ɐ ɾ ɐ t͡ɕ ɐ ʋ ɐ ɪ̯
அரசாங்கம்	ɐ ɾ ɐ t͡ɕ ɑː ŋ ɡ ɐ m
அரசி	ɐ ɾ ɐ t͡ɕ ɪ
அரசியல்	ɐ ɾ ɐ t͡ɕ ɪ j ɐ l
அரசியும்	ɐ ɾ ɐ t͡ɕ ɪ j ʊ m
அரசு	ɐ ɾ ɐ t͡ɕ ʊ
அரணை	ɐ ɾ ɐ ɳ ɐ ɪ̯
அரண்	ɐ ɾ ɐ ɳ
அரண்மனை	ɐ ɾ ɐ ɳ m ɐ n ɐ ɪ̯
அரத்தை	ɐ ɾ ɐ t̪ː ɐ ɪ̯
அரன்	ɐ ɾ ɐ n
அரபி	ɐ ɾ ɐ b ɪ
அரபிக்கடல்	ɐ ɾ ɐ b ɪ kː ɐ ɖ ɐ l
அரபு	ɐ ɾ ɐ b ʊ
அரளி	ɐ ɾ ɐ ɭ ɪ
அரளு	ɐ ɾ ɐ ɭ ʊ
அரள்	ɐ ɾ ɐ ɭ
அரவன்	ɐ ɾ ɐ ʋ ɐ n
அரவம்	ɐ ɾ ɐ ʋ ɐ m
அரவிந்தம்	ɐ ɾ ɐ ʋ ɪ n̪ d̪ ɐ m
அரா	ɐ ɾ ɑː
அராவாரம்	ɐ ɾ ɑː ʋ ɑː ɾ ɐ m
அரி	ɐ ɾ ɪ
அரிசி	ɐ ɾ ɪ t͡ɕ ɪ
அரிச்சந்திரன்	ɐ ɾ ɪ t͡ɕː ɐ n̪ d̪ ɪ ɾ ɐ n
அரிச்சுவடி	ɐ ɾ ɪ t͡ɕː ʊ ʋ ɐ ɖ ɪ
அரிப்பு	ɐ ɾ ɪ pː ʊ
அரிமா	ɐ ɾ ɪ m ɑː
அரியணை	ɐ ɾ ɪ j ɐ ɳ ɐ ɪ̯
அரியலூர்	ɐ ɾ ɪ j ɐ l uː ɾ
அரியானா	ɐ ɾ ɪ j ɑː n ɑː
அரிவாள்	ɐ ɾ ɪ ʋ ɑː ɭ
அரிவாள்மணை	ɐ ɾ ɪ ʋ ɑː ɭ m ɐ ɳ ɐ ɪ̯
அருகதிகம்	ɐ ɾ ʊ ɡ ɐ d̪ ɪ ɡ ɐ m
அருகதை	ɐ ɾ ʊ ɡ ɐ d̪ ɐ ɪ̯
அருகலை	ɐ ɾ ʊ ɡ ɐ l ɐ ɪ̯
அருகல்	ɐ ɾ ʊ ɡ ɐ l
அருகில்	ɐ ɾ ʊ ɡ ɪ l
அருகு	ɐ ɾ ʊ ɡ ʊ
அருக்கன்	ɐ ɾ ʊ kː ɐ n
அருக்கன்வீதி	ɐ ɾ ʊ kː ɐ n ʋ iː d̪ ɪ
அருங்காட்சியகம்	ɐ ɾ ʊ ŋ ɡ ɑː ʈ t͡ɕ ɪ j ɐ ɡ ɐ m
அருச்சி	ɐ ɾ ʊ t͡ɕː ɪ
அருஞ்சொற்பொருள்	ɐ ɾ ʊ ɲ d͡ʑ o r p o ɾ ʊ ɭ
அருந்து	ɐ ɾ ʊ n̪ d̪ ʊ
அருப்பம்	ɐ ɾ ʊ pː ɐ m
அருமை	ɐ ɾ ʊ m ɐ ɪ̯
அரும்பு	ɐ ɾ ʊ m b ʊ
அருளுரை	ɐ ɾ ʊ ɭ ʊ ɾ ɐ ɪ̯
அருளுரைகள்	ɐ ɾ ʊ ɭ ʊ ɾ ɐ ɪ̯ ɡ ɐ ɭ
அருள்	ɐ ɾ ʊ ɭ
அருள்மிகு	ɐ ɾ ʊ ɭ m ɪ ɡ ʊ
அருள்வாக்கு	ɐ ɾ ʊ ɭ ʋ ɑː kː ʊ
அருவருப்பு	ɐ ɾ ʊ ʋ ɐ ɾ ʊ pː ʊ
அருவி	ɐ ɾ ʊ ʋ ɪ
அரை	ɐ ɾ ɐ ɪ̯
அரைகல்	ɐ ɾ ɐ ɪ̯ ɡ ɐ l
அரைகுறை	ɐ ɾ ɐ ɪ̯ ɡ ʊ r ɐ ɪ̯
அரைக்கச்சு	ɐ ɾ ɐ ɪ̯ kː ɐ t͡ɕː ʊ
அரைஞாண்	ɐ ɾ ɐ ɪ̯ ɲ ɑː ɳ
அரைநெல்லி	ɐ ɾ ɐ ɪ̯ n̪ e l l ɪ
அரைப்பட்டிகை	ɐ ɾ ɐ ɪ̯ pː ɐ ʈː ɪ ɡ ɐ ɪ̯
அரைப்புள்ளி	ɐ ɾ ɐ ɪ̯ pː ʊ ɭː ɪ
அரைவேக்காடு	ɐ ɾ ɐ ɪ̯ ʋ eː kː ɑː ɖ ʊ
அர்கெந்தீனா	ɐ ɾ ɡ e n̪ d̪ iː n ɑː
அர்க்கார்	ɐ ɾ kː ɑː ɾ
அர்ச்சி	ɐ ɾ t͡ɕː ɪ
அர்ச்சிதன்	ɐ ɾ t͡ɕː ɪ d̪ ɐ n
அர்ஜுனன்	ɐ ɾ d͡ʑ ʊ n ɐ n
அர்ஜென்டினா	ɐ ɾ d͡ʑ e n ɖ ɪ n ɑː
அர்த்தசாமம்	ɐ ɾ t̪ː ɐ t͡ɕ ɑː m ɐ m
அர்ப்பணம்	ɐ ɾ pː ɐ ɳ ɐ m
அர்ப்பணி	ɐ ɾ pː ɐ ɳ ɪ
அர்ப்பணிப்பு	ɐ ɾ pː ɐ ɳ ɪ pː ʊ
அறக்கட்டளை	ɐ r ɐ kː ɐ ʈː ɐ ɭ ɐ ɪ̯
அறம்	ɐ r ɐ m
அறி	ɐ r ɪ
அறிகிறேன்	ɐ r ɪ ɡ ɪ r eː n
அறிகுறி	ɐ r ɪ ɡ ʊ r ɪ
அறிக்கை	ɐ r ɪ kː ɐ ɪ̯
அறிக்கைபண்ணு	ɐ r ɪ kː ɐ ɪ̯ p ɐ ɳː ʊ
அறிக்கைப்பத்திரம்	ɐ r ɪ kː ɐ ɪ̯ pː ɐ t̪ː ɪ ɾ ɐ m
அறிஞன்	ɐ r ɪ ɲ ɐ n
அறிஞர்	ɐ r ɪ ɲ ɐ ɾ
அறிப்பு	ɐ r ɪ pː ʊ
அறிமுகபடுத்து	ɐ r ɪ m ʊ ɡ ɐ b ɐ ɖ ʊ t̪ː ʊ
அறிமுகப்படுத்து	ɐ r ɪ m ʊ ɡ ɐ pː ɐ ɖ ʊ t̪ː ʊ
அறியாமை	ɐ r ɪ j ɑː m ɐ ɪ̯
அறியும்	ɐ r ɪ j ʊ m
அறிவாய்வியல்	ɐ r ɪ ʋ ɑː j ʋ ɪ j ɐ l
அறிவாளி	ɐ r ɪ ʋ ɑː ɭ ɪ
அறிவி	ɐ r ɪ ʋ ɪ
அறிவிப்பு	ɐ r ɪ ʋ ɪ pː ʊ
அறிவியல்	ɐ r ɪ ʋ ɪ j ɐ l
அறிவிலி	ɐ r ɪ ʋ ɪ l ɪ
அறிவு	ɐ r ɪ ʋ ʊ
அறிவுக்கொழுந்து	ɐ r ɪ ʋ ʊ kː o ɻ ʊ n̪ d̪ ʊ
அறிவுரை	ɐ r ɪ ʋ ʊ ɾ ɐ ɪ̯
அறிவுறுத்து	ɐ r ɪ ʋ ʊ r ʊ t̪ː ʊ
அறிவேன்	ɐ r ɪ ʋ eː n
அறு	ɐ r ʊ
அறுகம்புல்	ɐ r ʊ ɡ ɐ m b ʊ l
அறுகு	ɐ r ʊ ɡ ʊ
அறுகோணம்	ɐ r ʊ ɡ oː ɳ ɐ m
அறுக்க	ɐ r ʊ kː ɐ
அறுதி	ɐ r ʊ d̪ ɪ
அறுநூறு	ɐ r ʊ n̪ uː r ʊ
அறுபது	ɐ r ʊ b ɐ d̪ ʊ
அறுப்பான்	ɐ r ʊ pː ɑː n
அறுப்பு	ɐ r ʊ pː ʊ
அறுவடை	ɐ r ʊ ʋ ɐ ɖ ɐ ɪ̯
அறுவை	ɐ r ʊ ʋ ɐ ɪ̯
அறை	ɐ r ɐ ɪ̯
அற்பகதம்	ɐ r p ɐ ɡ ɐ d̪ ɐ m
அற்பணம்	ɐ r p ɐ ɳ ɐ m
அற்பம்	ɐ r p ɐ m
அற்புதம்	ɐ r p ʊ d̪ ɐ m
அற்று	ɐ rː ʊ
அலகு	ɐ l ɐ ɡ ʊ
அலகை	ɐ l ɐ ɡ ɐ ɪ̯
அலக்கு	ɐ l ɐ kː ʊ
அலங்கரணம்	ɐ l ɐ ŋ ɡ ɐ ɾ ɐ ɳ ɐ m
அலங்கரி	ɐ l ɐ ŋ ɡ ɐ ɾ ɪ
அலங்கல்	ɐ l ɐ ŋ ɡ ɐ l
அலங்காரமாடம்	ɐ l ɐ ŋ ɡ ɑː ɾ ɐ m ɑː ɖ ɐ m
அலங்காரம்	ɐ l ɐ ŋ ɡ ɑː ɾ ɐ m
அலங்கு	ɐ l ɐ ŋ ɡ ʊ
அலங்கோலம்	ɐ l ɐ ŋ ɡ oː l ɐ m
அலப்பறை	ɐ l ɐ pː ɐ r ɐ ɪ̯
அலமாரி	ɐ l ɐ m ɑː ɾ ɪ
அலம்பு	ɐ l ɐ m b ʊ
அலர்	ɐ l ɐ ɾ
அலர்ஜி	ɐ l ɐ ɾ d͡ʑ ɪ
அலர்த்தி	ɐ l ɐ ɾ t̪ː ɪ
அலர்த்து	ɐ l ɐ ɾ t̪ː ʊ
அலறு	ɐ l ɐ r ʊ
அலவன்	ɐ l ɐ ʋ ɐ n
அலவாங்கு	ɐ l ɐ ʋ ɑː ŋ ɡ ʊ
அலவாட்டு	ɐ l ɐ ʋ ɑː ʈː ʊ
அலாதி	ɐ l ɑː d̪ ɪ
அலாஸ்கா	ɐ l ɑː s k ɑː
அலி	ɐ l ɪ
அலிங்கம்	ɐ l ɪ ŋ ɡ ɐ m
அலு	ɐ l ʊ
அலுகோசு	ɐ l ʊ ɡ oː t͡ɕ ʊ
அலுப்பினாத்தி	ɐ l ʊ pː ɪ n ɑː t̪ː ɪ
அலுப்பு	ɐ l ʊ pː ʊ
அலுமினியம்	ɐ l ʊ m ɪ n ɪ j ɐ m
அலுவம்	ɐ l ʊ ʋ ɐ m
அலுவலகம்	ɐ l ʊ ʋ ɐ l ɐ ɡ ɐ m
அலுவல்	ɐ l ʊ ʋ ɐ l
அலை	ɐ l ɐ ɪ̯
அலைதாடி	ɐ l ɐ ɪ̯ d̪ ɑː ɖ ɪ
அலைப்பு	ɐ l ɐ ɪ̯ pː ʊ
அலைப்பேசி	ɐ l ɐ ɪ̯ pː eː t͡ɕ ɪ
அலைமகள்	ɐ l ɐ ɪ̯ m ɐ ɡ ɐ ɭ
அலைவரிசை	ɐ l ɐ ɪ̯ ʋ ɐ ɾ ɪ t͡ɕ ɐ ɪ̯
அல்	ɐ l
அல்குல்	ɐ l ɡ ʊ l
அல்சீரியா	ɐ l t͡ɕ iː ɾ ɪ j ɑː
அல்ஜீரியா	ɐ l d͡ʑ iː ɾ ɪ j ɑː
அல்பம்	ɐ l p ɐ m
அல்பேனியா	ɐ l b eː n ɪ j ɑː
அல்ல	ɐ l l ɐ
அல்லது	ɐ l l ɐ d̪ ʊ
அல்லதை	ɐ l l ɐ d̪ ɐ ɪ̯
அல்லறம்	ɐ l l ɐ r ɐ m
அல்லல்	ɐ l l ɐ l
அல்லவா	ɐ l l ɐ ʋ ɑː
அல்லா	ɐ l l ɑː
அல்லி	ɐ l l ɪ
அல்லியன்	ɐ l l ɪ j ɐ n
அல்லேலூயா	ɐ l l eː l uː j ɑː
அல்வா	ɐ l ʋ ɑː
அள	ɐ ɭ ɐ
அளகு	ɐ ɭ ɐ ɡ ʊ
அளக்கர்	ɐ ɭ ɐ kː ɐ ɾ
அளபெடை	ɐ ɭ ɐ b e ɖ ɐ ɪ̯
அளம்	ɐ ɭ ɐ m
அளவர்	ɐ ɭ ɐ ʋ ɐ ɾ
அளவளாவு	ɐ ɭ ɐ ʋ ɐ ɭ ɑː ʋ ʊ
அளவில்	ɐ ɭ ɐ ʋ ɪ l
அளவு	ɐ ɭ ɐ ʋ ʊ
அளவுகோல்	ɐ ɭ ɐ ʋ ʊ ɡ oː l
அளவுக்கு	ɐ ɭ ɐ ʋ ʊ kː ʊ
அளவை	ɐ ɭ ɐ ʋ ɐ ɪ̯
அளி	ɐ ɭ ɪ
அளேரியம்	ɐ ɭ eː ɾ ɪ j ɐ m
அள்ளு	ɐ ɭː ʊ
அழகன்	ɐ ɻ ɐ ɡ ɐ n
அழகா	ɐ ɻ ɐ ɡ ɑː
அழகி	ɐ ɻ ɐ ɡ ɪ
அழகிய	ɐ ɻ ɐ ɡ ɪ j ɐ
அழகியல்	ɐ ɻ ɐ ɡ ɪ j ɐ l
அழகு	ɐ ɻ ɐ ɡ ʊ
அழற்சி	ɐ ɻ ɐ r t͡ɕ ɪ
அழி	ɐ ɻ ɪ
அழிஞ்சில்	ɐ ɻ ɪ ɲ d͡ʑ ɪ l
அழிபு	ɐ ɻ ɪ b ʊ
அழிப்பு	ɐ ɻ ɪ pː ʊ
அழிவாய்	ɐ ɻ ɪ ʋ ɑː j
அழிவு	ɐ ɻ ɪ ʋ ʊ
அழு	ɐ ɻ ʊ
அழுகு	ɐ ɻ ʊ ɡ ʊ
அழுகை	ɐ ɻ ʊ ɡ ɐ ɪ̯
அழுக்ககற்றி	ɐ ɻ ʊ kː ɐ ɡ ɐ rː ɪ
அழுக்கு	ɐ ɻ ʊ kː ʊ
அழுத்தம்	ɐ ɻ ʊ t̪ː ɐ m
அழுத்து	ɐ ɻ ʊ t̪ː ʊ
அழுமூஞ்சி	ɐ ɻ ʊ m uː ɲ d͡ʑ ɪ
அழை	ɐ ɻ ɐ ɪ̯
அழைப்பிதழ்	ɐ ɻ ɐ ɪ̯ pː ɪ d̪ ɐ ɻ
அழைப்பு	ɐ ɻ ɐ ɪ̯ pː ʊ
அவ	ɐ ʋ ɐ
அவகாசம்	ɐ ʋ ɐ ɡ ɑː t͡ɕ ɐ m
அவங்க	ɐ ʋ ɐ ŋ ɡ ɐ
அவசியம்	ɐ ʋ ɐ t͡ɕ ɪ j ɐ m
அவண்	ɐ ʋ ɐ ɳ
அவதாரம்	ɐ ʋ ɐ d̪ ɑː ɾ ɐ m
அவதாரம்	ɐ ʋ ɐ t̪ ɑː ɾ ɐ m
அவதி	ɐ ʋ ɐ d̪ ɪ
அவதூறு	ɐ ʋ ɐ d̪ uː r ʊ
அவனி	ɐ ʋ ɐ n ɪ
அவனுக்காக	ɐ ʋ ɐ n ʊ kː ɑː ɡ ɐ
அவனுக்கு	ɐ ʋ ɐ n ʊ kː ʊ
அவனை	ɐ ʋ ɐ n ɐ ɪ̯
அவன்	ɐ ʋ ɐ n
அவமதிப்பு	ɐ ʋ ɐ m ɐ d̪ ɪ pː ʊ
அவமானம்	ɐ ʋ ɐ m ɑː n ɐ m
அவரை	ɐ ʋ ɐ ɾ ɐ ɪ̯
அவரோகணம்	ɐ ʋ ɐ ɾ oː ɡ ɐ ɳ ɐ m
அவர்	ɐ ʋ ɐ ɾ
அவர்கள்	ɐ ʋ ɐ ɾ ɡ ɐ ɭ
அவலம்	ɐ ʋ ɐ l ɐ m
அவல்	ɐ ʋ ɐ l
அவள்	ɐ ʋ ɐ ɭ
அவா	ɐ ʋ ɑː
அவாந்தரம்	ɐ ʋ ɑː n̪ d̪ ɐ ɾ ɐ m
அவி	ɐ ʋ ɪ
அவித்துருமம்	ɐ ʋ ɪ t̪ː ʊ ɾ ʊ m ɐ m
அவிழ்	ɐ ʋ ɪ ɻ
அவுரி	ɐ ʋ ʊ ɾ ɪ
அவுஸ்திரேலியா	ɐ ʋ ʊ s t̪ ɪ ɾ eː l ɪ j ɑː
அவை	ɐ ʋ ɐ ɪ̯
அவ்	ɐ ʋ
அவ்வண்ணம்	ɐ ʋː ɐ ɳː ɐ m
அவ்வது	ɐ ʋː ɐ d̪ ʊ
அவ்வருகு	ɐ ʋː ɐ ɾ ʊ ɡ ʊ
அவ்வளவு	ɐ ʋː ɐ ɭ ɐ ʋ ʊ
அவ்வழி	ɐ ʋː ɐ ɻ ɪ
அவ்வாறு	ɐ ʋː ɑː r ʊ
அவ்விடம்	ɐ ʋː ɪ ɖ ɐ m
அவ்வை	ɐ ʋː ɐ ɪ̯
அவ்வோ	ɐ ʋː oː
அவ்வோன்	ɐ ʋː oː n
அஸர்	ɐ s ɐ ɾ
அஸர்பைஜான்	ɐ s ɐ ɾ b ɐ ɪ̯ d͡ʑ ɑː n
அஸ்தமனம்	ɐ s t̪ ɐ m ɐ n ɐ m
அஸ்தமி	ɐ s t̪ ɐ m ɪ
அஸ்தி	ɐ s t̪ ɪ
அஸ்வினி	ɐ s ʋ ɪ n ɪ
அஹம்	ɐ h ɐ m
ஆ	ɑː
ஆஃப்கானிஸ்தான்	ɑː f k ɑː n ɪ s t̪ ɑː n
ஆஃப்ரிக்கா	ɑː f ɾ ɪ kː ɑː
ஆக	ɑː ɡ ɐ
ஆகடியம்	ɑː ɡ ɐ ɖ ɪ j ɐ m
ஆகட்டும்	ɑː ɡ ɐ ʈː ʊ m
ஆகஸ்டு	ɑː ɡ ɐ s ʈ ʊ
ஆகாசகங்கை	ɑː ɡ ɑː t͡ɕ ɐ ɡ ɐ ŋ ɡ ɐ ɪ̯
ஆகாசம்	ɑː ɡ ɑː t͡ɕ ɐ m
ஆகாது	ɑː ɡ ɑː d̪ ʊ
ஆகாதே	ɑː ɡ ɑː d̪ eː
ஆகாயதந்தம்	ɑː ɡ ɑː j ɐ d̪ ɐ n̪ d̪ ɐ m
ஆகாயம்	ɑː ɡ ɑː j ɐ m
ஆகி	ɑː ɡ ɪ
ஆகிறது	ɑː ɡ ɪ r ɐ d̪ ʊ
ஆகிறான்	ɑː ɡ ɪ r ɑː n
ஆகிறாய்	ɑː ɡ ɪ r ɑː j
ஆகிறார்	ɑː ɡ ɪ r ɑː ɾ
ஆகிறாள்	ɑː ɡ ɪ r ɑː ɭ
ஆகிறேன்	ɑː ɡ ɪ r eː n
ஆகு	ɑː ɡ ʊ
ஆகுபெயர்	ʔ aː ɡ u p e j a ɾ̪
ஆகும்	ɑː ɡ ʊ m
ஆகுளி	ɑː ɡ ʊ ɭ ɪ
ஆகைச்சுட்டி	ɑː ɡ ɐ ɪ̯ t͡ɕː ʊ ʈː ɪ
ஆகையால்	ɑː ɡ ɐ ɪ̯ j ɑː l
ஆக்கன்	ɑː kː ɐ n
ஆக்கம்	ɑː kː ɐ m
ஆக்கவினை	ɑː kː ɐ ʋ ɪ n ɐ ɪ̯
ஆக்கினை	ɑː kː ɪ n ɐ ɪ̯
ஆக்கு	ɑː kː ʊ
ஆக்கும்	ɑː kː ʊ m
ஆக்சிசன்	ɑː k t͡ɕ ɪ t͡ɕ ɐ n
ஆக்சிஜன்	ɑː k t͡ɕ ɪ d͡ʑ ɐ n
ஆக்ரா	ɑː ɡ ɾ ɑː
ஆக்ஸிஜன்	ɑː k s ɪ d͡ʑ ɐ n
ஆங்க	ɑː ŋ ɡ ɐ
ஆங்கண்	ɑː ŋ ɡ ɐ ɳ
ஆங்கனம்	ɑː ŋ ɡ ɐ n ɐ m
ஆங்கிலம்	ɑː ŋ ɡ ɪ l ɐ m
ஆங்கு	ɑː ŋ ɡ ʊ
ஆங்ஙனம்	ɑː ŋː ɐ n ɐ m
ஆசனம்	ɑː t͡ɕ ɐ n ɐ m
ஆசயம்	ɑː t͡ɕ ɐ j ɐ m
ஆசற	ɑː t͡ɕ ɐ r ɐ
ஆசவம்	ɑː t͡ɕ ɐ ʋ ɐ m
ஆசான்	ɑː t͡ɕ ɑː n
ஆசாமி	ɑː t͡ɕ ɑː m ɪ
ஆசினி	ɑː t͡ɕ ɪ n ɪ
ஆசியா	ɑː t͡ɕ ɪ j ɑː
ஆசிரியர்	ɑː t͡ɕ ɪ ɾ ɪ j ɐ ɾ
ஆசிருந்தம்	ɑː t͡ɕ ɪ ɾ ʊ n̪ d̪ ɐ m
ஆசீர்வசனம்	ɑː t͡ɕ iː ɾ ʋ ɐ t͡ɕ ɐ n ɐ m
ஆசீர்வதி	ɑː t͡ɕ iː ɾ ʋ ɐ d̪ ɪ
ஆசீர்வாதம்	ɑː t͡ɕ iː ɾ ʋ ɑː d̪ ɐ m
ஆசை	ɑː t͡ɕ ɐ ɪ̯
ஆச்ச	ɑː t͡ɕː ɐ
ஆச்சரியம்	ɑː t͡ɕː ɐ ɾ ɪ j ɐ m
ஆச்சு	ɑː t͡ɕː ʊ
ஆஞ்சநேயன்	ɑː ɲ d͡ʑ ɐ n̪ eː j ɐ n
ஆஞ்ஞை	ɑː ɲː ɐ ɪ̯
ஆடம்பரம்	ɑː ɖ ɐ m b ɐ ɾ ɐ m
ஆடல்	ɑː ɖ ɐ l
ஆடவன்	ɑː ɖ ɐ ʋ ɐ n
ஆடவை	ɑː ɖ ɐ ʋ ɐ ɪ̯
ஆடாதோடை	ɑː ɖ ɑː d̪ oː ɖ ɐ ɪ̯
ஆடி	ɑː ɖ ɪ
ஆடிக்காற்று	ɑː ɖ ɪ kː ɑː rː ʊ
ஆடு	ɑː ɖ ʊ
ஆடுமாடு	ɑː ɖ ʊ m ɑː ɖ ʊ
ஆடை	ɑː ɖ ɐ ɪ̯
ஆட்	ɑː ʈ
ஆட்கள்	ɑː ʈ k ɐ ɭ
ஆட்காட்டி	ɑː ʈ k ɑː ʈː ɪ
ஆட்சி	ɑː ʈ t͡ɕ ɪ
ஆட்சிமொழி	ɑː ʈ t͡ɕ ɪ m o ɻ ɪ
ஆட்சியர்	ɑː ʈ t͡ɕ ɪ j ɐ ɾ
ஆட்சேபணை	ɑː ʈ t͡ɕ eː b ɐ ɳ ɐ ɪ̯
ஆட்சேபனை	ɑː ʈ t͡ɕ eː b ɐ n ɐ ɪ̯
ஆட்சை	ɑː ʈ t͡ɕ ɐ ɪ̯
ஆட்டன்	ɑː ʈː ɐ n
ஆட்டம்	ɑː ʈː ɐ m
ஆட்டாங்கல்	ɑː ʈː ɑː ŋ ɡ ɐ l
ஆட்டி	ɑː ʈː ɪ
ஆட்டு	ɑː ʈː ʊ
ஆட்டுக்கல்	ɑː ʈː ʊ kː ɐ l
ஆட்டுப்பால்	ɑː ʈː ʊ pː ɑː l
ஆணவம்	ɑː ɳ ɐ ʋ ɐ m
ஆணி	ɑː ɳ ɪ
ஆணிமுத்து	ɑː ɳ ɪ m ʊ t̪ː ʊ
ஆணிவேர்	ɑː ɳ ɪ ʋ eː ɾ
ஆணை	ɑː ɳ ɐ ɪ̯
ஆணையம்	ɑː ɳ ɐ ɪ̯ j ɐ m
ஆணையிடு	ɑː ɳ ɐ ɪ̯ j ɪ ɖ ʊ
ஆண்	ɑː ɳ
ஆண்கள்	ɑː ɳ ɡ ɐ ɭ
ஆண்குறி	ɑː ɳ ɡ ʊ r ɪ
ஆண்ட	ɑː ɳ ɖ ɐ
ஆண்டவன்	ɑː ɳ ɖ ɐ ʋ ɐ n
ஆண்டான்	ɑː ɳ ɖ ɑː n
ஆண்டாள்	ɑː ɳ ɖ ɑː ɭ
ஆண்டு	ɑː ɳ ɖ ʊ
ஆண்டுகள்ளடவு	ɑː ɳ ɖ ʊ ɡ ɐ ɭː ɐ ɖ ɐ ʋ ʊ
ஆண்டை	ɑː ɳ ɖ ɐ ɪ̯
ஆண்பால்	ɑː ɳ b ɑː l
ஆண்பால்	ɑː ɳ p ɑː l
ஆண்மை	ɑː ɳ m ɐ ɪ̯
ஆதங்கம்	ɑː d̪ ɐ ŋ ɡ ɐ m
ஆதரவாளர்	ɑː d̪ ɐ ɾ ɐ ʋ ɑː ɭ ɐ ɾ
ஆதரிசம்	ɑː d̪ ɐ ɾ ɪ t͡ɕ ɐ m
ஆதலால்	ɑː d̪ ɐ l ɑː l
ஆதாம்	ɑː d̪ ɑː m
ஆதாயம்	ɑː d̪ ɑː j ɐ m
ஆதாரம்	ɑː d̪ ɑː ɾ ɐ m
ஆதி	ɑː d̪ ɪ
ஆதிக்கம்	ɑː d̪ ɪ kː ɐ m
ஆதித்தன்	ɑː d̪ ɪ t̪ː ɐ n
ஆதித்தியன்	ɑː d̪ ɪ t̪ː ɪ j ɐ n
ஆதியாகமம்	ɑː d̪ ɪ j ɑː ɡ ɐ m ɐ m
ஆத்தாள்	ɑː t̪ː ɑː ɭ
ஆத்திரியா	ɑː t̪ː ɪ ɾ ɪ j ɑː
ஆந்தை	ɑː n̪ d̪ ɐ ɪ̯
ஆன	ɑː n ɐ
ஆனது	ɑː n ɐ d̪ ʊ
ஆனந்தம்	ɑː n ɐ n̪ d̪ ɐ m
ஆனான்	ɑː n ɑː n
ஆனாய்	ɑː n ɑː j
ஆனார்	ɑː n ɑː ɾ
ஆனால்	ɑː n ɑː l
ஆனாள்	ɑː n ɑː ɭ
ஆனி	ɑː n ɪ
ஆனேன்	ɑː n eː n
ஆனை	ɑː n ɐ ɪ̯
ஆனைக்கொன்றான்	ɑː n ɐ ɪ̯ kː o n r ɑː n
ஆனைக்கொம்பு	ɑː n ɐ ɪ̯ kː o m b ʊ
ஆனைமுகன்	ɑː n ɐ ɪ̯ m ʊ ɡ ɐ n
ஆன்	aː n
ஆன்	ɒ n
ஆன்மா	ɑː n m ɑː
ஆன்மீகம்	ɑː n m iː ɡ ɐ m
ஆபகூக்	ɑː b ɐ ɡ uː k
ஆபத்து	ɑː b ɐ t̪ː ʊ
ஆபத்துக்கு	ɑː b ɐ t̪ː ʊ kː ʊ
ஆபரணம்	ɑː b ɐ ɾ ɐ ɳ ɐ m
ஆபிரகாம்	ɑː b ɪ ɾ ɐ ɡ ɑː m
ஆபிரகாம்	ɑː b ɾ ɐ h ɑː m
ஆபீசு	ɑː b iː t͡ɕ ʊ
ஆபீஸ்	ɑː b iː s
ஆப்கானிஸ்தான்	ɑː p k ɑː n ɪ s t̪ ɑː n
ஆப்காரி	ɑː p k ɑː ɾ ɪ
ஆப்பம்	ɑː pː ɐ m
ஆப்பிரிக்க	ɑː pː ɪ ɾ ɪ kː ɐ
ஆப்பிரிக்கா	ɑː pː ɪ ɾ ɪ kː ɑː
ஆப்பு	ɑː pː ʊ
ஆப்பை	ɑː pː ɐ ɪ̯
ஆமணக்கு	ɑː m ɐ ɳ ɐ kː ʊ
ஆமண்டம்	ɑː m ɐ ɳ ɖ ɐ m
ஆமாம்	ɑː m ɑː m
ஆமை	ɑː m ɐ ɪ̯
ஆமைகள்	ɑː m ɐ ɪ̯ ɡ ɐ ɭ
ஆமோதி	ɑː m oː d̪ ɪ
ஆம்	ɑː m
ஆம்பல்	ɑː m b ɐ l
ஆம்பளை	ɑː m b ɐ ɭ ɐ ɪ̯
ஆம்பி	ɑː m b ɪ
ஆயத்தம்	ɑː j ɐ t̪ː ɐ m
ஆயன்	ɑː j ɐ n
ஆயம்	ɑː j ɐ m
ஆயர்	ɑː j ɐ ɾ
ஆயா	ɑː j ɑː
ஆயிட்டு	ɑː j ɪ ʈː ʊ
ஆயிரம்	ɑː j ɪ ɾ ɐ m
ஆயிற்று	ɑː j ɪ rː ʊ
ஆயிழை	ɑː j ɪ ɻ ɐ ɪ̯
ஆயுசு	ɑː j ʊ t͡ɕ ʊ
ஆயுட்காலம்	ɑː j ʊ ʈ k ɑː l ɐ m
ஆயுதம்	ɑː j ʊ d̪ ɐ m
ஆயுள்	ɑː j ʊ ɭ
ஆய்	ɑː j
ஆய்ச்சி	ɑː j t͡ɕː ɪ
ஆய்தம்	ɑː j d̪ ɐ m
ஆய்வு	ɑː j ʋ ʊ
ஆரஞ்சு	ɑː ɾ ɐ ɲ d͡ʑ ʊ
ஆரம்	ɑː ɾ ɐ m
ஆரம்பம்	ɑː ɾ ɐ m b ɐ m
ஆரம்பி	ɑː ɾ ɐ m b ɪ
ஆராக்கேரியா	ɑː ɾ ɑː kː eː ɾ ɪ j ɑː
ஆராய்	ɑː ɾ ɑː j
ஆராய்ச்சி	ɑː ɾ ɑː j t͡ɕː ɪ
ஆராய்ச்சிக்கூடம்	ɑː ɾ ɑː j t͡ɕː ɪ kː uː ɖ ɐ m
ஆரியம்	ɑː ɾ ɪ j ɐ m
ஆரிருள்	ɑː ɾ ɪ ɾ ʊ ɭ
ஆருயிர்	ɑː ɾ ʊ j ɪ ɾ
ஆரோக்கியம்	ɑː ɾ oː kː ɪ j ɐ m
ஆரோக்கியம்	ɑː ɾ oː ɡ j ɐ m
ஆர்	ɑː ɾ
ஆர்கனோ	ɑː ɾ ɡ ɐ n oː
ஆர்ட்டின்	ɑː ɾ ʈː ɪ n
ஆர்ட்டின்கள்	ɑː ɾ ʈː ɪ n ɡ ɐ ɭ
ஆர்த்தி	ɑː ɾ t̪ː ɪ
ஆர்ப்பாட்டம்	ɑː ɾ pː ɑː ʈː ɐ m
ஆர்மதி	ɑː ɾ m ɐ d̪ ɪ
ஆர்மீனியா	ɑː ɾ m iː n ɪ j ɑː
ஆர்வம்	ɑː ɾ ʋ ɐ m
ஆறவமர	ɑː r ɐ ʋ ɐ m ɐ ɾ ɐ
ஆறாயிரம்	ɑː r ɑː j ɪ ɾ ɐ m
ஆறாவது	ɑː r ɑː ʋ ɐ d̪ ʊ
ஆறு	ɑː r ʊ
ஆறுதல்	ɑː r ʊ d̪ ɐ l
ஆறுமணிப்பூ	ɑː r ʊ m ɐ ɳ ɪ pː uː
ஆறுமுகன்	ɑː r ʊ m ʊ ɡ ɐ n
ஆறுமுகம்	ɑː r ʊ m ʊ ɡ ɐ m
ஆற்காடு	ɑː r k ɑː ɖ ʊ
ஆற்றங்கரை	ɑː rː ɐ ŋ ɡ ɐ ɾ ɐ ɪ̯
ஆற்றல்	ɑː rː ɐ l
ஆற்றில்	ɑː rː ɪ l
ஆற்று	ɑː rː ʊ
ஆற்றுச்செருப்படி	ɑː rː ʊ t͡ɕː e ɾ ʊ pː ɐ ɖ ɪ
ஆலக்கொடி	ɑː l ɐ kː o ɖ ɪ
ஆலங்கட்டி	ɑː l ɐ ŋ ɡ ɐ ʈː ɪ
ஆலசம்	ɑː l ɐ t͡ɕ ɐ m
ஆலப்புழா	ɑː l ɐ pː ʊ ɻ ɑː
ஆலமரம்	ɑː l ɐ m ɐ ɾ ɐ m
ஆலம்	ɑː l ɐ m
ஆலயம்	ɑː l ɐ j ɐ m
ஆலா	ɑː l ɑː
ஆலாபனம்	ɑː l ɑː b ɐ n ɐ m
ஆலை	ɑː l ɐ ɪ̯
ஆலோசனை	ɑː l oː t͡ɕ ɐ n ɐ ɪ̯
ஆலோசி	ɑː l oː t͡ɕ ɪ
ஆல்	ɑː l
ஆளா	ɑː ɭ ɑː
ஆளாகு	ɑː ɭ ɑː ɡ ʊ
ஆளாபம்	ɑː ɭ ɑː b ɐ m
ஆளி	ɑː ɭ ɪ
ஆளு	ɑː ɭ ʊ
ஆளுகை	ɑː ɭ ʊ ɡ ɐ ɪ̯
ஆளுங்க	ɑː ɭ ʊ ŋ ɡ ɐ
ஆளுங்கணம்	ɑː ɭ ʊ ŋ ɡ ɐ ɳ ɐ m
ஆளுநர்	ɑː ɭ ʊ n̪ ɐ ɾ
ஆளுமை	ɑː ɭ ʊ m ɐ ɪ̯
ஆளுவல்லி	ɑː ɭ ʊ ʋ ɐ l l ɪ
ஆள்	ɑː ɭ
ஆள்காட்டி	ɑː ɭ ɡ ɑː ʈː ɪ
ஆள்மாறாட்டம்	ɑː ɭ m ɑː r ɑː ʈː ɐ m
ஆழம்	ɑː ɻ ɐ m
ஆழி	ɑː ɻ ɪ
ஆழிப்பேரலை	ɑː ɻ ɪ pː eː ɾ ɐ l ɐ ɪ̯
ஆழிவிரல்	ɑː ɻ ɪ ʋ ɪ ɾ ɐ l
ஆழு	ɑː ɻ ʊ
ஆழ்	ɑː ɻ
ஆழ்கடல்	ɑː ɻ ɡ ɐ ɖ ɐ l
ஆழ்துளைக்கிணறு	ɑː ɻ d̪ ʊ ɭ ɐ ɪ̯ kː ɪ ɳ ɐ r ʊ
ஆழ்த்து	ɑː ɻ t̪ː ʊ
ஆழ்மயக்கம்	ɑː ɻ m ɐ j ɐ kː ɐ m
ஆழ்வார்	ɑː ɻ ʋ ɑː ɾ
ஆவணப்படம்	ɑː ʋ ɐ ɳ ɐ pː ɐ ɖ ɐ m
ஆவணம்	ɑː ʋ ɐ ɳ ɐ m
ஆவணி	ɑː ʋ ɐ ɳ ɪ
ஆவது	ɑː ʋ ɐ d̪ ʊ
ஆவலி	ɑː ʋ ɐ l ɪ
ஆவல்	ɑː ʋ ɐ l
ஆவான்	ɑː ʋ ɑː n
ஆவாய்	ɑː ʋ ɑː j
ஆவார்	ɑː ʋ ɑː ɾ
ஆவாள்	ɑː ʋ ɑː ɭ
ஆவி	ɑː ʋ ɪ
ஆவுளியா	ɑː ʋ ʊ ɭ ɪ j ɑː
ஆவேன்	ɑː ʋ eː n
ஆஸ்திரியா	ɑː s t̪ ɪ ɾ ɪ j ɑː
ஆஸ்திரேலியா	ɑː s t̪ ɪ ɾ eː l ɪ j ɑː
ஆஸ்துமா	ɑː s t̪ ʊ m ɑː
ஆஸ்பத்திரி	ɑː s p ɐ t̪ː ɪ ɾ ɪ
இ	ɪ
இகழ்	ɪ ɡ ɐ ɻ
இகழ்ச்சி	ɪ ɡ ɐ ɻ t͡ɕː ɪ
இகுலாசு	ɪ ɡ ʊ l ɑː t͡ɕ ʊ
இகுவான்	ɪ ɡ ʊ ʋ ɑː n
இக்கட்டு	ɪ kː ɐ ʈː ʊ
இக்கரை	ɪ kː ɐ ɾ ɐ ɪ̯
இக்கரைக்கு	ɪ kː ɐ ɾ ɐ ɪ̯ kː ʊ
இக்கு	ɪ kː ʊ
இக்தியார்	ɪ k t̪ ɪ j ɑː ɾ
இக்லூ	ɪ k l uː
இக்லூ	ɪ ɡ l uː
இங்கண்	ɪ ŋ ɡ ɐ ɳ
இங்கிட்டு	ɪ ŋ ɡ ɪ ʈː ʊ
இங்கிலாந்து	ɪ ŋ ɡ ɪ l ɑː n̪ d̪ ʊ
இங்கிலீஷ்	ɪ ŋ ɡ ɪ l iː ʂ
இங்கு	ɪ ŋ ɡ ʊ
இங்குத்தை	ɪ ŋ ɡ ʊ t̪ː ɐ ɪ̯
இங்குஷேத்தியா	ɪ ŋ ɡ ʊ ʂ eː t̪ː ɪ j ɑː
இங்கே	ɪ ŋ ɡ eː
இங்ஙனம்	ɪ ŋː ɐ n ɐ m
இசக்கி	ɪ t͡ɕ ɐ kː ɪ
இசக்கியம்மன்	ɪ t͡ɕ ɐ kː ɪ j ɐ mː ɐ n
இசப்கோல்	ɪ t͡ɕ ɐ p k oː l
இசுபேடு	ɪ t͡ɕ ʊ b eː ɖ ʊ
இசுபேடுக்கள்	ɪ t͡ɕ ʊ b eː ɖ ʊ kː ɐ ɭ
இசுலாம்	ɪ t͡ɕ ʊ l ɑː m
இசை	ɪ t͡ɕ ɐ ɪ̯
இசைக்கருவி	ɪ t͡ɕ ɐ ɪ̯ kː ɐ ɾ ʊ ʋ ɪ
இசைப்பாட்டு	ɪ t͡ɕ ɐ ɪ̯ pː ɑː ʈː ʊ
இசைவு	ɪ t͡ɕ ɐ ɪ̯ ʋ ʊ
இச்சகம்	ɪ t͡ɕː ɐ ɡ ɐ m
இச்சை	ɪ t͡ɕː ɐ ɪ̯
இச்சையடக்கம்	ɪ t͡ɕː ɐ ɪ̯ j ɐ ɖ ɐ kː ɐ m
இஞ்சி	ɪ ɲ d͡ʑ ɪ
இஞ்சிமாங்காய்	ɪ ɲ d͡ʑ ɪ m ɑː ŋ ɡ ɑː j
இஞ்சீல்	ɪ ɲ d͡ʑ iː l
இடக்கரடக்கல்	ɪ ɖ ɐ kː ɐ ɾ ɐ ɖ ɐ kː ɐ l
இடக்கர்	ɪ ɖ ɐ kː ɐ ɾ
இடக்கு	ɪ ɖ ɐ kː ʊ
இடங்கர்	ɪ ɖ ɐ ŋ ɡ ɐ ɾ
இடது	ɪ ɖ ɐ d̪ ʊ
இடபம்	ɪ ɖ ɐ b ɐ m
இடப்பு	ɪ ɖ ɐ pː ʊ
இடப்பெயர்	ɪ ɖ ɐ pː e j ɐ ɾ
இடம்	ɪ ɖ ɐ m
இடம்	ɨ ɖ ə m
இடர்	ɪ ɖ ɐ ɾ
இடலை	ɪ ɖ ɐ l ɐ ɪ̯
இடாய்ச்சு	ɪ ɖ ɑː j t͡ɕː ʊ
இடாய்ச்சுலாந்து	ɪ ɖ ɑː j t͡ɕː ʊ l ɑː n̪ d̪ ʊ
இடி	ɪ ɖ ɪ
இடிதாங்கி	ɪ ɖ ɪ d̪ ɑː ŋ ɡ ɪ
இடிதாங்கி	ɪ ɖ ɪ t̪ ɑː ŋ ɡ ɪ
இடிபாடு	ɪ ɖ ɪ b ɑː ɖ ʊ
இடியப்பம்	ɪ ɖ ɪ j ɐ pː ɐ m
இடியாப்ப	ɪ ɖ ɪ j ɑː pː ɐ
இடியாப்பம்	ɪ ɖ ɪ j ɑː pː ɐ m
இடு	ɪ ɖ ʊ
இடுகாடு	ɪ ɖ ʊ ɡ ɑː ɖ ʊ
இடுகுறி	ʔ i ɖ u k u r i
இடுக்கண்	ɪ ɖ ʊ kː ɐ ɳ
இடுக்கி	ɪ ɖ ʊ kː ɪ
இடுப்பு	ɪ ɖ ʊ pː ʊ
இடை	ɪ ɖ ɐ ɪ̯
இடைச்சொல்	ɪ ɖ ɐ ɪ̯ t͡ɕː o l
இடையலிங்கம்	ɪ ɖ ɐ ɪ̯ j ɐ l ɪ ŋ ɡ ɐ m
இடையாட்டம்	ɪ ɖ ɐ ɪ̯ j ɑː ʈː ɐ m
இடையிடு	ɪ ɖ ɐ ɪ̯ j ɪ ɖ ʊ
இடையினம்	ɪ ɖ ɐ ɪ̯ j ɪ n ɐ m
இடையீடு	ɪ ɖ ɐ ɪ̯ j iː ɖ ʊ
இடையூறு	ɪ ɖ ɐ ɪ̯ j uː r ʊ
இடையெழுத்து	ɪ ɖ ɐ ɪ̯ j e ɻ ʊ t̪ː ʊ
இடைவெளி	ɪ ɖ ɐ ɪ̯ ʋ e ɭ ɪ
இட்ட	ɪ ʈː ɐ
இட்டம்	ɪ ʈː ɐ m
இட்டிகை	ɪ ʈː ɪ ɡ ɐ ɪ̯
இட்டிடை	ɪ ʈː ɪ ɖ ɐ ɪ̯
இட்டிடைஞ்சல்	ɪ ʈː ɪ ɖ ɐ ɪ̯ ɲ d͡ʑ ɐ l
இட்டு	ɪ ʈː ʊ
இட்லி	ɪ ʈ l ɪ
இட்லி	ɪ ɖ l ɪ
இணக்கம்	ɪ ɳ ɐ kː ɐ m
இணக்கு	ɪ ɳ ɐ kː ʊ
இணங்கு	ɪ ɳ ɐ ŋ ɡ ʊ
இணர்	ɪ ɳ ɐ ɾ
இணை	ɪ ɳ ɐ ɪ̯
இணையதளம்	ɪ ɳ ɐ ɪ̯ j ɐ d̪ ɐ ɭ ɐ m
இணையம்	ɪ ɳ ɐ ɪ̯ j ɐ m
இதயம்	ɪ d̪ ɐ j ɐ m
இதலை	ɪ d̪ ɐ l ɐ ɪ̯
இதழ்	ɪ d̪ ɐ ɻ
இதிகாசம்	ɪ d̪ ɪ ɡ ɑː t͡ɕ ɐ m
இது	ɪ d̪ ʊ
இதுகள்	ɪ d̪ ʊ ɡ ɐ ɭ
இதேகா	ɪ t̪ eː k aː
இதை	ɪ d̪ ɐ ɪ̯
இத்தனை	ɪ t̪ː ɐ n ɐ ɪ̯
இத்தாலி	ɪ t̪ː ɑː l ɪ
இத்தால்	ɪ t̪ː ɑː l
இத்தினுவா	ɪ t̪ː ɪ n ʊ ʋ ɑː
இத்திஹாத்தான	ɪ t̪ː ɪ h ɑː t̪ː ɑː n ɐ
இத்ரீஸ்	ɪ t̪ ɾ iː s
இந்த	ɪ n̪ d̪ ɐ
இந்தா	ɪ n̪ d̪ ɑː
இந்தி	ɪ n̪ d̪ ɪ
இந்திய	ɪ n̪ d̪ ɪ j ɐ
இந்தியர்	ɪ n̪ d̪ ɪ j ɐ ɾ
இந்தியவியல்	ɪ n̪ d̪ ɪ j ɐ ʋ ɪ j ɐ l
இந்தியா	ɪ n̪ d̪ ɪ j ɑː
இந்திரன்	ɪ n̪ d̪ ɪ ɾ ɐ n
இந்து	ɪ n̪ d̪ ʊ
இந்தோனேசியா	ɪ n̪ d̪ oː n eː t͡ɕ ɪ j ɑː
இந்நேரம்	ɪ n̪ː eː ɾ ɐ m
இன	ɪ n ɐ
இனத்தோடு	ɪ n ɐ t̪ː oː ɖ ʊ
இனப்படுகொலை	ɪ n ɐ pː ɐ ɖ ʊ ɡ o l ɐ ɪ̯
இனம்	ɪ n ɐ m
இனவெறி	ɪ n ɐ ʋ e r ɪ
இனவெழுத்து	ɪ n ɐ ʋ e ɻ ʊ t̪ː ʊ
இனி	ɪ n ɪ
இனிப்பு	ɪ n ɪ pː ʊ
இனிமேல்	ɪ n ɪ m eː l
இனிமை	ɪ n ɪ m ɐ ɪ̯
இனிய	ɪ n ɪ j ɐ
இன்	ɪ n
இன்கண்	ɪ n ɡ ɐ ɳ
இன்டர்செக்ஸ்	ɪ n ɖ ɐ ɾ t͡ɕ e k s
இன்ன	ɪ nː ɐ
இன்னணம்	ɪ nː ɐ ɳ ɐ m
இன்னது	ɪ nː ɐ d̪ ʊ
இன்னல்	ɪ nː ɐ l
இன்னா	ɪ nː ɑː
இன்னுமின்னும்	ɪ nː ʊ m ɪ nː ʊ m
இன்னும்	ɪ nː ʊ m
இன்னே	ɪ nː eː
இன்பம்	ɪ n b ɐ m
இன்மை	ɪ n m ɐ ɪ̯
இன்றிரவு	ɪ n r ɪ ɾ ɐ ʋ ʊ
இன்று	ɪ n r ʊ
இன்றைக்கு	ɪ n r ɐ ɪ̯ kː ʊ
இபங்கம்	ɪ b ɐ ŋ ɡ ɐ m
இபுதார்	ɪ b ʊ d̪ ɑː ɾ
இப்ப	ɪ pː ɐ
இப்படி	ɪ pː ɐ ɖ ɪ
இப்படிக்கு	ɪ pː ɐ ɖ ɪ kː ʊ
இப்புறம்	ɪ pː ʊ r ɐ m
இப்பொழுது	ɪ pː o ɻ ʊ d̪ ʊ
இப்போ	ɪ pː oː
இப்போது	ɪ pː oː d̪ ʊ
இப்ராஹிம்	ɪ b ɾ ɑː h ɪ m
இமம்	ɪ m ɐ m
இமயம்	ɪ m ɐ j ɐ m
இமாம்	ɪ m ɑː m
இமாலய	ɪ m ɑː l ɐ j ɐ
இமாலயம்	ɪ m ɑː l ɐ j ɐ m
இமை	ɪ m ɐ ɪ̯
இமைப்பொழுது	ɪ m ɐ ɪ̯ pː o ɻ ʊ d̪ ʊ
இம்சை	ɪ m t͡ɕ ɐ ɪ̯
இயக்கங்கள்	ɪ j ɐ kː ɐ ŋ ɡ ɐ ɭ
இயக்கம்	ɪ j ɐ kː ɐ m
இயக்கு	ɪ j ɐ kː ʊ
இயக்குநர்	ɪ j ɐ kː ʊ n̪ ɐ ɾ
இயக்குனர்	ɪ j ɐ kː ʊ n ɐ ɾ
இயக்குரோதம்	ɪ j ɐ kː ʊ ɾ oː d̪ ɐ m
இயங்கு	ɪ j ɐ ŋ ɡ ʊ
இயங்குதளம்	ɪ j ɐ ŋ ɡ ʊ d̪ ɐ ɭ ɐ m
இயந்திரம்	ɪ j ɐ n̪ d̪ ɪ ɾ ɐ m
இயம்	ɪ j ɐ m
இயற்கணிதம்	ɪ j ɐ r k ɐ ɳ ɪ d̪ ɐ m
இயற்கை	ɪ j ɐ r k ɐ ɪ̯
இயற்கைப்பொருள்	ɪ j ɐ r k ɐ ɪ̯ pː o ɾ ʊ ɭ
இயற்பியல்	ɪ j ɐ r p ɪ j ɐ l
இயற்று	ɪ j ɐ rː ʊ
இயலு	ɪ j ɐ l ʊ
இயல்	ɪ j ɐ l
இயல்பு	ɪ j ɐ l b ʊ
இயல்புகணம்	ɪ j ɐ l b ʊ ɡ ɐ ɳ ɐ m
இயாத்திரை	ɪ j ɑː t̪ː ɪ ɾ ɐ ɪ̯
இயேசு	ɪ j eː t͡ɕ ʊ
இயைபு	ɪ j ɐ ɪ̯ b ʊ
இர	ɪ ɾ ɐ
இரகசியம்	ɪ ɾ ɐ ɡ ɐ t͡ɕ ɪ j ɐ m
இரக்கம்	ɪ ɾ ɐ kː ɐ m
இரங்கு	ɪ ɾ ɐ ŋ ɡ ʊ
இரசாயனம்	ɪ ɾ ɐ t͡ɕ ɑː j ɐ n ɐ m
இரசிதம்	ɪ ɾ ɐ t͡ɕ ɪ d̪ ɐ m
இரட்சகர்	ɪ ɾ ɐ ʈ t͡ɕ ɐ ɡ ɐ ɾ
இரட்சி	ɪ ɾ ɐ ʈ t͡ɕ ɪ
இரட்டகத்துத்தி	ɪ ɾ ɐ ʈː ɐ ɡ ɐ t̪ː ʊ t̪ː ɪ
இரட்டி	ɪ ɾ ɐ ʈː ɪ
இரட்டு	ɪ ɾ ɐ ʈː ʊ
இரட்டை	ɪ ɾ ɐ ʈː ɐ ɪ̯
இரட்டைக்கிளவி	ɪ ɾ ɐ ʈː ɐ ɪ̯ kː ɪ ɭ ɐ ʋ ɪ
இரட்டைப்படை	ɪ ɾ ɐ ʈː ɐ ɪ̯ pː ɐ ɖ ɐ ɪ̯
இரட்டைப்பிறவி	ɪ ɾ ɐ ʈː ɐ ɪ̯ pː ɪ r ɐ ʋ ɪ
இரட்டையர்	ɪ ɾ ɐ ʈː ɐ ɪ̯ j ɐ ɾ
இரணியம்	ɪ ɾ ɐ ɳ ɪ j ɐ m
இரணை	ɪ ɾ ɐ ɳ ɐ ɪ̯
இரண்டாயிரம்	ɪ ɾ ɐ ɳ ɖ ɑː j ɪ ɾ ɐ m
இரண்டு	ɪ ɾ ɐ ɳ ɖ ʊ
இரண்டை	ɪ ɾ ɐ ɳ ɖ ɐ ɪ̯
இரதம்	ɪ ɾ ɐ d̪ ɐ m
இரத்தம்	ɪ ɾ ɐ t̪ː ɐ m
இரத்தினபுரி	ɪ ɾ ɐ t̪ː ɪ n ɐ b ʊ ɾ ɪ
இரத்தினம்	ɪ ɾ ɐ t̪ː ɪ n ɐ m
இரந்தை	ɪ ɾ ɐ n̪ d̪ ɐ ɪ̯
இரப்பு	ɪ ɾ ɐ pː ʊ
இரப்பை	ɪ ɾ ɐ pː ɐ ɪ̯
இரம்பம்	ɪ ɾ ɐ m b ɐ m
இரயில்	ɾ a j i l
இரயில்	i ɾ a j i l
இரவு	ɪ ɾ ɐ ʋ ʊ
இரா	ɪ ɾ ɑː
இரா	ɾ ɑː
இராகம்	ɪ ɾ ɑː ɡ ɐ m
இராகவன்	ɪ ɾ ɑː ɡ ɐ ʋ ɐ n
இராக்	ɪ ɾ ɑː k
இராசகுமாரி	ɪ ɾ ɑː t͡ɕ ɐ ɡ ʊ m ɑː ɾ ɪ
இராசன்	ɪ ɾ ɑː t͡ɕ ɐ n
இராசபத்திரம்	ɪ ɾ ɑː t͡ɕ ɐ b ɐ t̪ː ɪ ɾ ɐ m
இராசபுத்திரன்	ɪ ɾ ɑː t͡ɕ ɐ b ʊ t̪ː ɪ ɾ ɐ n
இராசி	ɪ ɾ ɑː t͡ɕ ɪ
இராச்சியம்	ɪ ɾ ɑː t͡ɕː ɪ j ɐ m
இராஜா	ɪ ɾ ɑː d͡ʑ ɑː
இராஜாளி	ɪ ɾ ɑː d͡ʑ ɑː ɭ ɪ
இராணி	ɪ ɾ ɑː ɳ ɪ
இராணுவம்	ɪ ɾ ɑː ɳ ʊ ʋ ɐ m
இராத்திரி	ɪ ɾ ɑː t̪ː ɪ ɾ ɪ
இரான்	ɪ ɾ ɑː n
இராமச்சந்திரன்	ɪ ɾ ɑː m ɐ t͡ɕː ɐ n̪ d̪ ɪ ɾ ɐ n
இராமநாதபுரம்	ɪ ɾ ɑː m ɐ n̪ ɑː d̪ ɐ b ʊ ɾ ɐ m
இராமன்	ɪ ɾ ɑː m ɐ n
இராமமுழியன்	ɪ ɾ ɑː m ɐ m ʊ ɻ ɪ j ɐ n
இராமர்	ɪ ɾ ɑː m ɐ ɾ
இராமானுசன்	ɪ ɾ ɑː m ɑː n ʊ t͡ɕ ɐ n
இராமாயணம்	ɪ ɾ ɑː m ɑː j ɐ ɳ ɐ m
இராமேசுவரம்	ɪ ɾ ɑː m eː t͡ɕ ʊ ʋ ɐ ɾ ɐ m
இராயன்	ɪ ɾ ɑː j ɐ n
இராவணன்	ɪ ɾ ɑː ʋ ɐ ɳ ɐ n
இராவுத்தன்	ɪ ɾ ɑː ʋ ʊ t̪ː ɐ n
இரு	ɪ ɾ ʊ
இருக்குவேதம்	ɪ ɾ ʊ kː ʊ ʋ eː d̪ ɐ m
இருக்கை	ɪ ɾ ʊ kː ɐ ɪ̯
இருசு	ɪ ɾ ʊ t͡ɕ ʊ
இருட்டு	ɪ ɾ ʊ ʈː ʊ
இருதயம்	ɪ ɾ ʊ d̪ ɐ j ɐ m
இருநூறு	ɪ ɾ ʊ n̪ uː r ʊ
இருந்து	ɪ ɾ ʊ n̪ d̪ ʊ
இருபது	ɪ ɾ ʊ b ɐ d̪ ʊ
இருபத்தொன்று	ɪ ɾ ʊ b ɐ t̪ː o n r ʊ
இருபாலீர்ப்பு	i ɾ u p aː l iː ɾ pː u
இருபால்சேர்க்கை	i ɾ u p aː l t͡ɕ eː ɾ kː a ɪ̯
இருபிறப்பாளன்	ɪ ɾ ʊ b ɪ r ɐ pː ɑː ɭ ɐ n
இருப்பன	ɪ ɾ ʊ pː ɐ n ɐ
இருப்பிடம்	ɪ ɾ ʊ pː ɪ ɖ ɐ m
இருப்பு	ɪ ɾ ʊ pː ʊ
இருப்புப்பாதை	ɪ ɾ ʊ pː ʊ pː ɑː d̪ ɐ ɪ̯
இருப்பை	ɪ ɾ ʊ pː ɐ ɪ̯
இருமல்	ɪ ɾ ʊ m ɐ l
இருமு	ɪ ɾ ʊ m ʊ
இருமை	ɪ ɾ ʊ m ɐ ɪ̯
இருமையின்மை	ɪ ɾ ʊ m ɐ ɪ̯ j ɪ n m ɐ ɪ̯
இரும்பு	ɪ ɾ ʊ m b ʊ
இருளா	ɪ ɾ ʊ ɭ ɑː
இருளு	ɪ ɾ ʊ ɭ ʊ
இருளுவா	ɪ ɾ ʊ ɭ ʊ ʋ ɑː
இருளை	ɪ ɾ ʊ ɭ ɐ ɪ̯
இருள்	ɪ ɾ ʊ ɭ
இருவது	ɪ ɾ ʊ ʋ ɐ d̪ ʊ
இருவத்தொன்னு	ɪ ɾ ʊ ʋ ɐ t̪ː o nː ʊ
இரேவதி	ɪ ɾ eː ʋ ɐ d̪ ɪ
இரேவற்சின்னி	ɪ ɾ eː ʋ ɐ r t͡ɕ ɪ nː ɪ
இரை	ɪ ɾ ɐ ɪ̯
இரைச்சல்	ɪ ɾ ɐ ɪ̯ t͡ɕː ɐ l
இரைப்பை	ɪ ɾ ɐ ɪ̯ pː ɐ ɪ̯
இற	ɪ r ɐ
இறகர்	ɪ r ɐ ɡ ɐ ɾ
இறகு	ɪ r ɐ ɡ ʊ
இறக்கம்	ɪ r ɐ kː ɐ m
இறக்கு	ɪ r ɐ kː ʊ
இறக்கை	ɪ r ɐ kː ɐ ɪ̯
இறங்க	ɪ r ɐ ŋ ɡ ɐ
இறங்கு	ɪ r ɐ ŋ ɡ ʊ
இறங்கும்	ɪ r ɐ ŋ ɡ ʊ m
இறந்தகாலம்	ɪ r ɐ n̪ d̪ ɐ ɡ ɑː l ɐ m
இறப்பிலி	ɪ r ɐ pː ɪ l ɪ
இறப்பு	ɪ r ɐ pː ʊ
இறவு	ɪ r ɐ ʋ ʊ
இறவை	ɪ r ɐ ʋ ɐ ɪ̯
இறால்	ɪ r ɑː l
இறால்	r ɑː l ʊ
இறுகு	ɪ r ʊ ɡ ʊ
இறுக்கு	ɪ r ʊ kː ʊ
இறுதி	ɪ r ʊ d̪ ɪ
இறுமாப்பு	ɪ r ʊ m ɑː pː ʊ
இறை	ɪ r ɐ ɪ̯
இறைச்சி	ɪ r ɐ ɪ̯ t͡ɕː ɪ
இறையியல்	ɪ r ɐ ɪ̯ j ɪ j ɐ l
இறைவன்	ɪ r ɐ ɪ̯ ʋ ɐ n
இறைவாக்கினர்	ɪ r ɐ ɪ̯ ʋ ɑː kː ɪ n ɐ ɾ
இறைவாக்கு	ɪ r ɐ ɪ̯ ʋ ɑː kː ʊ
இறைவி	ɪ r ɐ ɪ̯ ʋ ɪ
இற்றி	ɪ rː ɪ
இலகு	ɪ l ɐ ɡ ʊ
இலக்கணம்	ɪ l ɐ kː ɐ ɳ ɐ m
இலக்கம்	ɪ l ɐ kː ɐ m
இலக்கிய	ɪ l ɐ kː ɪ j ɐ
இலக்கியம்	ɪ l ɐ kː ɪ j ɐ m
இலக்கு	ɪ l ɐ kː ʊ
இலக்குமி	ɪ l ɐ kː ʊ m ɪ
இலங்கை	ɪ l ɐ ŋ ɡ ɐ ɪ̯
இலட்சத்தீவுகள்	ɪ l ɐ ʈ t͡ɕ ɐ t̪ː iː ʋ ʊ ɡ ɐ ɭ
இலட்சம்	ɪ l ɐ ʈ t͡ɕ ɐ m
இலட்சுமணன்	ɪ l ɐ ʈ t͡ɕ ʊ m ɐ ɳ ɐ n
இலண்டன்	ɪ l ɐ ɳ ɖ ɐ n
இலத்தீன்	ɪ l ɐ t̪ː iː n
இலத்தீன்	l ɐ t̪ː iː n
இலந்தை	ɪ l ɐ n̪ d̪ ɐ ɪ̯
இலம்பகம்	ɪ l ɐ m b ɐ ɡ ɐ m
இலயம்	ɪ l ɐ j ɐ m
இலயை	ɪ l ɐ j ɐ ɪ̯
இலவசம்	ɪ l ɐ ʋ ɐ t͡ɕ ɐ m
இலாபம்	ɪ l ɑː b ɐ m
இலி	ɪ l ɪ
இலுமு	ɪ l ʊ m ʊ
இலேசு	ɪ l eː t͡ɕ ʊ
இலை	ɪ l ɐ ɪ̯
இலைக்கறி	ɪ l ɐ ɪ̯ kː ɐ r ɪ
இலையுதிர்	ɪ l ɐ ɪ̯ j ʊ d̪ ɪ ɾ
இல்	ɪ l
இல்லகம்	ɪ l l ɐ ɡ ɐ m
இல்லக்கிழத்தி	ɪ l l ɐ kː ɪ ɻ ɐ t̪ː ɪ
இல்லத்தரசி	ɪ l l ɐ t̪ː ɐ ɾ ɐ t͡ɕ ɪ
இல்லம்	ɪ l l ɐ m
இல்லறம்	ɪ l l ɐ r ɐ m
இல்லாக்காட்டில்	ɪ l l ɑː kː ɑː ʈː ɪ l
இல்லாத	ɪ l l ɑː d̪ ɐ
இல்லாமல்	ɪ l l ɑː m ɐ l
இல்லாமை	ɪ l l ɑː m ɐ ɪ̯
இல்லாள்	ɪ l l ɑː ɭ
இல்லிடம்	ɪ l l ɪ ɖ ɐ m
இல்லை	ɪ l l ɐ ɪ̯
இள	ɪ ɭ ɐ
இளக்காரம்	ɪ ɭ ɐ kː ɑː ɾ ɐ m
இளங்காய்	ɪ ɭ ɐ ŋ ɡ ɑː j
இளங்கோ	ɪ ɭ ɐ ŋ ɡ oː
இளஞ்சி	ɪ ɭ ɐ ɲ d͡ʑ ɪ
இளஞ்சிவப்பு	ɪ ɭ ɐ ɲ d͡ʑ ɪ ʋ ɐ pː ʊ
இளநீர்	ɪ ɭ ɐ n̪ iː ɾ
இளநீலம்	ɪ ɭ ɐ n̪ iː l ɐ m
இளந்தாரி	ɪ ɭ ɐ n̪ d̪ ɑː ɾ ɪ
இளமை	ɪ ɭ ɐ m ɐ ɪ̯
இளம்	ɪ ɭ ɐ m
இளம்பிறை	ɪ ɭ ɐ m b ɪ r ɐ ɪ̯
இளம்பிள்ளைவாதம்	ɪ ɭ ɐ m b ɪ ɭː ɐ ɪ̯ ʋ ɑː d̪ ɐ m
இளவரசன்	ɪ ɭ ɐ ʋ ɐ ɾ ɐ t͡ɕ ɐ n
இளவரசி	ɪ ɭ ɐ ʋ ɐ ɾ ɐ t͡ɕ ɪ
இளவேனில்	ɪ ɭ ɐ ʋ eː n ɪ l
இளி	ɪ ɭ ɪ
இளிச்ச	ɪ ɭ ɪ t͡ɕː ɐ
இளிச்சவாயன்	ɪ ɭ ɪ t͡ɕː ɐ ʋ ɑː j ɐ n
இளித்த	ɪ ɭ ɪ t̪ː ɐ
இளித்தவாயன்	ɪ ɭ ɪ t̪ː ɐ ʋ ɑː j ɐ n
இளைஞன்	ɪ ɭ ɐ ɪ̯ ɲ ɐ n
இளைப்பாறு	ɪ ɭ ɐ ɪ̯ pː ɑː r ʊ
இளைப்பாறுதல்	ɪ ɭ ɐ ɪ̯ pː ɑː r ʊ d̪ ɐ l
இளைப்பாற்று	ɪ ɭ ɐ ɪ̯ pː ɑː rː ʊ
இளைப்பு	ɪ ɭ ɐ ɪ̯ pː ʊ
இழ	ɪ ɻ ɐ
இழப்பீடு	ɪ ɻ ɐ pː iː ɖ ʊ
இழப்பு	ɪ ɻ ɐ pː ʊ
இழவு	ɪ ɻ ɐ ʋ ʊ
இழவுகொண்டாடு	ɪ ɻ ɐ ʋ ʊ ɡ o ɳ ɖ ɑː ɖ ʊ
இழி	ɪ ɻ ɪ
இழிகை	ɪ ɻ ɪ ɡ ɐ ɪ̯
இழிசு	ɪ ɻ ɪ t͡ɕ ʊ
இழிதகவு	ɪ ɻ ɪ d̪ ɐ ɡ ɐ ʋ ʊ
இழிப்பு	ɪ ɻ ɪ pː ʊ
இழிவு	ɪ ɻ ɪ ʋ ʊ
இழு	ɪ ɻ ʊ
இழுகு	ɪ ɻ ʊ ɡ ʊ
இழுக்க	ɪ ɻ ʊ kː ɐ
இழுக்கம்	ɪ ɻ ʊ kː ɐ m
இழுக்கு	ɪ ɻ ʊ kː ʊ
இழுது	ɪ ɻ ʊ d̪ ʊ
இழுதை	ɪ ɻ ʊ d̪ ɐ ɪ̯
இழுப்பறை	ɪ ɻ ʊ pː ɐ r ɐ ɪ̯
இழை	ɪ ɻ ɐ ɪ̯
இவ	ɪ ʋ ɐ
இவங்க	ɪ ʋ ɐ ŋ ɡ ɐ
இவன்	ɪ ʋ ɐ n
இவர்	ɪ ʋ ɐ ɾ
இவர்கள்	ɪ ʋ ɐ ɾ ɡ ɐ ɭ
இவற்றால்	ɪ ʋ ɐ rː ɑː l
இவள்	ɪ ʋ ɐ ɭ
இவா	ɪ ʋ ɑː
இவுளி	ɪ ʋ ʊ ɭ ɪ
இவை	ɪ ʋ ɐ ɪ̯
இவ்வாறு	ɪ ʋː ɑː r ʊ
இவ்விடம்	ɪ ʋː ɪ ɖ ɐ m
இஷ்டம்	ɪ ʂ ʈ ɐ m
இஸ்திக்ஃபார்	ɪ s t̪ ɪ k f ɑː ɾ
இஸ்திரி	ɪ s t̪ ɪ ɾ ɪ
இஸ்துனுவர	ɪ s t̪ ʊ n ʊ ʋ ɐ ɾ ɐ
இஸ்துனுவா	ɪ s t̪ ʊ n ʊ ʋ ɑː
இஸ்ரேல்	ɪ s ɾ eː l
இஸ்லாமாபாத்	ɪ s l ɑː m ɑː b ɑː d̪
இஸ்லாமிய	ɪ s l ɑː m ɪ j ɐ
இஸ்லாம்	ɪ s l ɑː m
ஈ	iː
ஈகை	iː ɡ ɐ ɪ̯
ஈசன்	iː t͡ɕ ɐ n
ஈசல்	iː t͡ɕ ɐ l
ஈசல்கொட்டு	iː t͡ɕ ɐ l ɡ o ʈː ʊ
ஈசா	iː t͡ɕ ɑː
ஈசுவரன்	iː t͡ɕ ʊ ʋ ɐ ɾ ɐ n
ஈச்சம்	iː t͡ɕː ɐ m
ஈச்சு	iː t͡ɕː ʊ
ஈச்சை	iː t͡ɕː ɐ ɪ̯
ஈடு	iː ɖ ʊ
ஈடுகட்டு	iː ɖ ʊ ɡ ɐ ʈː ʊ
ஈடுபாடு	iː ɖ ʊ b ɑː ɖ ʊ
ஈடேறு	iː ɖ eː r ʊ
ஈட்டி	iː ʈː ɪ
ஈட்டு	iː ʈː ʊ
ஈத்த	iː t̪ː ɐ
ஈந்து	iː n̪ d̪ ʊ
ஈனம்	iː n ɐ m
ஈனில்	iː n ɪ l
ஈனு	iː n ʊ
ஈன்	iː n
ஈமம்	iː m ɐ m
ஈமான்	iː m ɑː n
ஈம்	iː m
ஈயடிச்சான்காப்பி	iː j ɐ ɖ ɪ t͡ɕː ɑː n ɡ ɑː pː ɪ
ஈயடிச்சான்காப்பி	iː j ɐ ɖ ɪ t͡ɕː ɑː n k ɑː pː ɪ
ஈயம்	iː j ɐ m
ஈரமான	iː ɾ ɐ m ɑː n ɐ
ஈரம்	iː ɾ ɐ m
ஈரர்	iː ɾ ɐ ɾ
ஈரல்	iː ɾ ɐ l
ஈராக்	iː ɾ ɑː k
ஈரான்	iː ɾ ɑː n
ஈருள்ளி	iː ɾ ʊ ɭː ɪ
ஈரோடு	iː ɾ oː ɖ ʊ
ஈர்	iː ɾ
ஈர்ப்பு	iː ɾ pː ʊ
ஈறு	iː r ʊ
ஈற்றயல்	iː rː ɐ j ɐ l
ஈளை	iː ɭ ɐ ɪ̯
ஈழம்	iː ɻ ɐ m
ஈவு	iː ʋ ʊ
ஈஷு	iː ʂ ʊ
ஈஸ்வரன்	iː s ʋ ɐ ɾ ɐ n
உ	ʊ
உஃப	ʊ f ɑː
உஃப	ʊ f ɐ
உகளம்	ʊ ɡ ɐ ɭ ɐ m
உகவர்	ʊ ɡ ɐ ʋ ɐ ɾ
உகிர்	ʊ ɡ ɪ ɾ
உக்கம்பருத்தி	ʊ kː ɐ m b ɐ ɾ ʊ t̪ː ɪ
உங்க	ʊ ŋ ɡ ɐ
உங்களால்	ʊ ŋ ɡ ɐ ɭ ɑː l
உங்களிடம்	ʊ ŋ ɡ ɐ ɭ ɪ ɖ ɐ m
உங்களின்	ʊ ŋ ɡ ɐ ɭ ɪ n
உங்களிலிருந்து	ʊ ŋ ɡ ɐ ɭ ɪ l ɪ ɾ ʊ n̪ d̪ ʊ
உங்களில்	ʊ ŋ ɡ ɐ ɭ ɪ l
உங்களுக்காக	ʊ ŋ ɡ ɐ ɭ ʊ kː ɑː ɡ ɐ
உங்களுக்கு	ʊ ŋ ɡ ɐ ɭ ʊ kː ʊ
உங்களுடன்	ʊ ŋ ɡ ɐ ɭ ʊ ɖ ɐ n
உங்களுடைய	ʊ ŋ ɡ ɐ ɭ ʊ ɖ ɐ ɪ̯ j ɐ
உங்களை	ʊ ŋ ɡ ɐ ɭ ɐ ɪ̯
உங்களோடு	ʊ ŋ ɡ ɐ ɭ oː ɖ ʊ
உங்கள்	ʊ ŋ ɡ ɐ ɭ
உசர்	ʊ t͡ɕ ɐ ɾ
உசிர்	ʊ t͡ɕ ɪ ɾ
உசுபெக்கிசுத்தான்	ʊ t͡ɕ ʊ b e kː ɪ t͡ɕ ʊ t̪ː ɑː n
உசுப்பு	ʊ t͡ɕ ʊ pː ʊ
உச்சரிப்பு	ʊ t͡ɕː ɐ ɾ ɪ pː ʊ
உச்சவம்	ʊ t͡ɕː ɐ ʋ ɐ m
உச்சி	ʊ t͡ɕː ɪ
உச்சுக்கொட்டு	ʊ t͡ɕː ʊ kː o ʈː ʊ
உச்சுவாசம்	ʊ t͡ɕː ʊ ʋ ɑː t͡ɕ ɐ m
உடந்தை	ʊ ɖ ɐ n̪ d̪ ɐ ɪ̯
உடனடியாக	ʊ ɖ ɐ n ɐ ɖ ɪ j ɑː ɡ ɐ
உடனே	ʊ ɖ ɐ n eː
உடன்	ʊ ɖ ɐ n
உடன்படிக்கை	u ɖ a n p a ɖ i kː a i
உடன்படிக்கை	u ɖ a n b a ɖ i kː a i
உடன்பாடு	u ɖ a n p aː ɖ ɯ
உடன்பாடு	u ɖ a n b aː ɖ ɯ
உடன்பிறந்த	ʊ ɖ ɐ n b ɪ r ɐ n̪ d̪ ɐ
உடப்பு	ʊ ɖ ɐ pː ʊ
உடம்படிக்கை	ʊ ɖ ɐ m b ɐ ɖ ɪ kː ɐ ɪ̯
உடம்பு	ʊ ɖ ɐ m b ʊ
உடற்கூற்றியல்	ʊ ɖ ɐ r k uː rː ɪ j ɐ l
உடற்பயிற்சி	ʊ ɖ ɐ r p ɐ j ɪ r t͡ɕ ɪ
உடற்பருமன்	ʊ ɖ ɐ r p ɐ ɾ ʊ m ɐ n
உடலிலான்	ʊ ɖ ɐ l ɪ l ɑː n
உடலுறவு	ʊ ɖ ɐ l ʊ r ɐ ʋ ʊ
உடல்	ʊ ɖ ɐ l
உடல்நலன்	ʊ ɖ ɐ l n̪ ɐ l ɐ n
உடல்நலம்	ʊ ɖ ɐ l n̪ ɐ l ɐ m
உடல்நிலை	ʊ ɖ ɐ l n̪ ɪ l ɐ ɪ̯
உடு	ʊ ɖ ʊ
உடுக்குறி	ʊ ɖ ʊ kː ʊ r ɪ
உடுக்கை	ʊ ɖ ʊ kː ɐ ɪ̯
உடுப்பு	ʊ ɖ ʊ pː ʊ
உடும்பு	ʊ ɖ ʊ m b ʊ
உடை	ʊ ɖ ɐ ɪ̯
உடைமை	ʊ ɖ ɐ ɪ̯ m ɐ ɪ̯
உடைய	ʊ ɖ ɐ ɪ̯ j ɐ
உடையவன்	ʊ ɖ ɐ ɪ̯ j ɐ ʋ ɐ n
உடைவேல்	ʊ ɖ ɐ ɪ̯ ʋ eː l
உட்கருத்து	ʊ ʈ k ɐ ɾ ʊ t̪ː ʊ
உட்கார்	ʊ ʈ k ɑː ɾ
உட்கொள்	ʊ ʈ k o ɭ
உட்கோட்டை	ʊ ʈ k oː ʈː ɐ ɪ̯
உட்டணம்	ʊ ʈː ɐ ɳ ɐ m
உட்டொளை	ʊ ʈː o ɭ ɐ ɪ̯
உட்படு	ʊ ʈ p ɐ ɖ ʊ
உட்பொருள்	ʊ ʈ p o ɾ ʊ ɭ
உணர்	ʊ ɳ ɐ ɾ
உணர்ச்சி	ʊ ɳ ɐ ɾ t͡ɕː ɪ
உணர்த்தி	ʊ ɳ ɐ ɾ t̪ː ɪ
உணர்த்து	ʊ ɳ ɐ ɾ t̪ː ʊ
உணர்ப்பு	ʊ ɳ ɐ ɾ pː ʊ
உணர்வு	ʊ ɳ ɐ ɾ ʋ ʊ
உணவகம்	ʊ ɳ ɐ ʋ ɐ ɡ ɐ m
உணவு	ʊ ɳ ɐ ʋ ʊ
உண்	ʊ ɳ
உண்டா	ʊ ɳ ɖ ɑː
உண்டாக	ʊ ɳ ɖ ɑː ɡ ɐ
உண்டாகு	ʊ ɳ ɖ ɑː ɡ ʊ
உண்டாக்கு	ʊ ɳ ɖ ɑː kː ʊ
உண்டியல்	ʊ ɳ ɖ ɪ j ɐ l
உண்டு	ʊ ɳ ɖ ʊ
உண்டுபடு	ʊ ɳ ɖ ʊ b ɐ ɖ ʊ
உண்டுபடுத்து	ʊ ɳ ɖ ʊ b ɐ ɖ ʊ t̪ː ʊ
உண்டுபண்ணிவை	ʊ ɳ ɖ ʊ b ɐ ɳː ɪ ʋ ɐ ɪ̯
உண்டுபண்ணு	ʊ ɳ ɖ ʊ b ɐ ɳː ʊ
உண்டென	ʊ ɳ ɖ e n ɐ
உண்டை	ʊ ɳ ɖ ɐ ɪ̯
உண்ணம்	ʊ ɳː ɐ m
உண்ணாக்கு	ʊ ɳː ɑː kː ʊ
உண்ணாட்டம்	ʊ ɳː ɑː ʈː ɐ m
உண்ணி	ʊ ɳː ɪ
உண்ணிக்கொக்கு	ʊ ɳː ɪ kː o kː ʊ
உண்ணீர்	ʊ ɳː iː ɾ
உண்ணோக்கல்	ʊ ɳː oː kː ɐ l
உண்மை	ʊ ɳ m ɐ ɪ̯
உதகஞ்செய்	ʊ d̪ ɐ ɡ ɐ ɲ d͡ʑ e j
உதகதாரைசெய்	ʊ d̪ ɐ ɡ ɐ d̪ ɑː ɾ ɐ ɪ̯ t͡ɕ e j
உதகமண்டலம்	ʊ d̪ ɐ ɡ ɐ m ɐ ɳ ɖ ɐ l ɐ m
உதகமுய்	ʊ d̪ ɐ ɡ ɐ m ʊ j
உதகம்	ʊ d̪ ɐ ɡ ɐ m
உதகம்பண்ணு	ʊ d̪ ɐ ɡ ɐ m b ɐ ɳː ʊ
உதகை	ʊ d̪ ɐ ɡ ɐ ɪ̯
உதடு	ʊ d̪ ɐ ɖ ʊ
உதறு	ʊ d̪ ɐ r ʊ
உதள்	ʊ d̪ ɐ ɭ
உதவாக்கரை	ʊ d̪ ɐ ʋ ɑː kː ɐ ɾ ɐ ɪ̯
உதவாது	ʊ d̪ ɐ ʋ ɑː d̪ ʊ
உதவி	ʊ d̪ ɐ ʋ ɪ
உதவு	ʊ d̪ ɐ ʋ ʊ
உதாரணம்	ʊ d̪ ɑː ɾ ɐ ɳ ɐ m
உதாரத்துவம்	ʊ d̪ ɑː ɾ ɐ t̪ː ʊ ʋ ɐ m
உதி	ʊ d̪ ɪ
உதிரம்	ʊ d̪ ɪ ɾ ɐ m
உதிரவேங்கை	ʊ d̪ ɪ ɾ ɐ ʋ eː ŋ ɡ ɐ ɪ̯
உதிரி	ʊ d̪ ɪ ɾ ɪ
உதிர்	ʊ d̪ ɪ ɾ
உது	ʊ d̪ ʊ
உதை	ʊ d̪ ɐ ɪ̯
உத்தரம்	ʊ t̪ː ɐ ɾ ɐ m
உத்தரவு	ʊ t̪ː ɐ ɾ ɐ ʋ ʊ
உத்தராகண்டம்	ʊ t̪ː ɐ ɾ ɑː ɡ ɐ ɳ ɖ ɐ m
உத்தரி	ʊ t̪ː ɐ ɾ ɪ
உத்தரீயம்	ʊ t̪ː ɐ ɾ iː j ɐ m
உந்த	ʊ n̪ d̪ ɐ
உந்தி	ʊ n̪ d̪ ɪ
உந்திபூத்தோன்	ʊ n̪ d̪ ɪ b uː t̪ː oː n
உந்தை	ʊ n̪ d̪ ɐ ɪ̯
உந்நதம்	ʊ n̪ː ɐ d̪ ɐ m
உனக்காக	ʊ n ɐ kː ɑː ɡ ɐ
உனக்கு	ʊ n ɐ kː ʊ
உனது	ʊ n ɐ d̪ ʊ
உன்	ʊ n
உன்னதபாட்டு	u nː ɐ d̪ ɐ p aː ʈː u
உன்னதம்	ʊ nː ɐ d̪ ɐ m
உன்னம்	ʊ nː ɐ m
உன்னல்	ʊ nː ɐ l
உன்னால்	ʊ nː ɑː l
உன்னிடம்	ʊ nː ɪ ɖ ɐ m
உன்னிப்பு	ʊ nː ɪ pː ʊ
உன்னிலிருந்து	ʊ nː ɪ l ɪ ɾ ʊ n̪ d̪ ʊ
உன்னில்	ʊ nː ɪ l
உன்னு	ʊ nː ʊ
உன்னுடன்	ʊ nː ʊ ɖ ɐ n
உன்னுடைய	ʊ nː ʊ ɖ ɐ ɪ̯ j ɐ
உன்னை	ʊ nː ɐ ɪ̯
உன்னோடு	ʊ nː oː ɖ ʊ
உபகாரம்	ʊ b ɐ ɡ ɑː ɾ ɐ m
உபத்திரம்	ʊ b ɐ t̪ː ɪ ɾ ɐ m
உபத்திரவம்	ʊ b ɐ t̪ː ɪ ɾ ɐ ʋ ɐ m
உபத்திரியம்	ʊ b ɐ t̪ː ɪ ɾ ɪ j ɐ m
உபநிடதம்	ʊ b ɐ n̪ ɪ ɖ ɐ d̪ ɐ m
உபயோகம்	ʊ b ɐ j oː ɡ ɐ m
உபயோகி	ʊ b ɐ j oː ɡ ɪ
உபவாசம்	ʊ b ɐ ʋ ɑː t͡ɕ ɐ m
உபாயம்	ʊ b ɑː j ɐ m
உபோதம்	ʊ b oː d̪ ɐ m
உப்பளம்	ʊ pː ɐ ɭ ɐ m
உப்பு	ʊ pː ʊ
உப்பு	ʊ b b ʊ
உப்புமா	ʊ pː ʊ m ɑː
உப்புமூட்டை	ʊ pː ʊ m uː ʈː ɐ ɪ̯
உப்புவாயு	ʊ pː ʊ ʋ ɑː j ʊ
உமரி	ʊ m ɐ ɾ ɪ
உமா	ʊ m ɑː
உமி	ʊ m ɪ
உமிழ்நீர்	ʊ m ɪ ɻ n̪ iː ɾ
உமேது	ʊ m eː d̪ ʊ
உமை	ʊ m ɐ ɪ̯
உமையவள்	ʊ m ɐ ɪ̯ j ɐ ʋ ɐ ɭ
உம்	ʊ m
உம்மைக்குறி	ʊ mː ɐ ɪ̯ kː ʊ r ɪ
உயரமான	ʊ j ɐ ɾ ɐ m ɑː n ɐ
உயரம்	ʊ j ɐ ɾ ɐ m
உயர்	ʊ j ɐ ɾ
உயர்ச்சி	ʊ j ɐ ɾ t͡ɕː ɪ
உயர்திணை	ʊ j ɐ ɾ d̪ ɪ ɳ ɐ ɪ̯
உயர்த்து	ʊ j ɐ ɾ t̪ː ʊ
உயர்நிலை	ʊ j ɐ ɾ n̪ ɪ l ɐ ɪ̯
உயர்பு	ʊ j ɐ ɾ b ʊ
உயர்வு	ʊ j ɐ ɾ ʋ ʊ
உயிரணு	ʊ j ɪ ɾ ɐ ɳ ʊ
உயிரளபெடை	ʊ j ɪ ɾ ɐ ɭ ɐ b e ɖ ɐ ɪ̯
உயிரினம்	ʊ j ɪ ɾ ɪ n ɐ m
உயிரியல்	ʊ j ɪ ɾ ɪ j ɐ l
உயிரிழப்பு	ʊ j ɪ ɾ ɪ ɻ ɐ pː ʊ
உயிரெடு	ʊ j ɪ ɾ e ɖ ʊ
உயிரெழுத்து	ʊ j ɪ ɾ e ɻ ʊ t̪ː ʊ
உயிரை	ʊ j ɪ ɾ ɐ ɪ̯
உயிரைவாங்கு	ʊ j ɪ ɾ ɐ ɪ̯ ʋ ɑː ŋ ɡ ʊ
உயிர்	ʊ j ɪ ɾ
உயிர்த்தெழு	ʊ j ɪ ɾ t̪ː e ɻ ʊ
உயிர்ப்பலி	ʊ j ɪ ɾ pː ɐ l ɪ
உயிர்ப்பு	ʊ j ɪ ɾ pː ʊ
உயிர்ப்புனல்	ʊ j ɪ ɾ pː ʊ n ɐ l
உயிர்மெய்	ʊ j ɪ ɾ m e j
உயிர்மெய்யெழுத்து	ʊ j ɪ ɾ m e jː e ɻ ʊ t̪ː ʊ
உயிர்வளி	ʊ j ɪ ɾ ʋ ɐ ɭ ɪ
உயிர்வாழ்	ʊ j ɪ ɾ ʋ ɑː ɻ
உயிர்வேதியியல்	ʊ j ɪ ɾ ʋ eː d̪ ɪ j ɪ j ɐ l
உயில்	ʊ j ɪ l
உய்	ʊ j
உய்கை	ʊ j ɡ ɐ ɪ̯
உரங்காட்டு	ʊ ɾ ɐ ŋ ɡ ɑː ʈː ʊ
உரங்குத்து	ʊ ɾ ɐ ŋ ɡ ʊ t̪ː ʊ
உரசு	ʊ ɾ ɐ t͡ɕ ʊ
உரம்	ʊ ɾ ɐ m
உராய்	ʊ ɾ ɑː j
உராய்வு	ʊ ɾ ɑː j ʋ ʊ
உரி	ʊ ɾ ɪ
உரிச்சொல்	ʊ ɾ ɪ t͡ɕː o l
உரிமம்	ʊ ɾ ɪ m ɐ m
உரிமை	ʊ ɾ ɪ m ɐ ɪ̯
உரிமைக்கடன்	ʊ ɾ ɪ m ɐ ɪ̯ kː ɐ ɖ ɐ n
உரிய	ʊ ɾ ɪ j ɐ
உரு	ʊ ɾ ʊ
உருகு	ʊ ɾ ʊ ɡ ʊ
உருகுவை	ʊ ɾ ʊ ɡ ʊ ʋ ɐ ɪ̯
உருக்கம்	ʊ ɾ ʊ kː ɐ m
உருக்கு	ʊ ɾ ʊ kː ʊ
உருசியா	ʊ ɾ ʊ t͡ɕ ɪ j ɑː
உருட்டு	ʊ ɾ ʊ ʈː ʊ
உருண்ட	ʊ ɾ ʊ ɳ ɖ ɐ
உருது	ʊ ɾ ʊ d̪ ʊ
உருத்திரன்	ʊ ɾ ʊ t̪ː ɪ ɾ ɐ n
உருத்திராக்கம்	ʊ ɾ ʊ t̪ː ɪ ɾ ɑː kː ɐ m
உருப்பம்	ʊ ɾ ʊ pː ɐ m
உருப்பு	ʊ ɾ ʊ pː ʊ
உருமேறு	ʊ ɾ ʊ m eː r ʊ
உரும்	ʊ ɾ ʊ m
உருளை	ʊ ɾ ʊ ɭ ɐ ɪ̯
உருளைக்கிழங்கு	ʊ ɾ ʊ ɭ ɐ ɪ̯ kː ɪ ɻ ɐ ŋ ɡ ʊ
உருள்	ʊ ɾ ʊ ɭ
உருவம்	ʊ ɾ ʊ ʋ ɐ m
உருவாக்கம்	ʊ ɾ ʊ ʋ ɑː kː ɐ m
உருவு	ʊ ɾ ʊ ʋ ʊ
உரூபாய்	ʊ ɾ uː b ɑː j
உரை	ʊ ɾ ɐ ɪ̯
உரைநடை	ʊ ɾ ɐ ɪ̯ n̪ ɐ ɖ ɐ ɪ̯
உரையாடல்	ʊ ɾ ɐ ɪ̯ j ɑː ɖ ɐ l
உரையாடு	ʊ ɾ ɐ ɪ̯ j ɑː ɖ ʊ
உரோகிணி	ʊ ɾ oː ɡ ɪ ɳ ɪ
உரோமம்	ʊ ɾ oː m ɐ m
உரோம்	ʊ ɾ oː m
உறக்கம்	ʊ r ɐ kː ɐ m
உறங்கு	ʊ r ɐ ŋ ɡ ʊ
உறப்பு	ʊ r ɐ pː ʊ
உறல்	ʊ r ɐ l
உறழ்	ʊ r ɐ ɻ
உறழ்ச்சி	ʊ r ɐ ɻ t͡ɕː ɪ
உறழ்வு	ʊ r ɐ ɻ ʋ ʊ
உறவாடு	ʊ r ɐ ʋ ɑː ɖ ʊ
உறவினர்	ʊ r ɐ ʋ ɪ n ɐ ɾ
உறவின்	ʊ r ɐ ʋ ɪ n
உறவு	ʊ r ɐ ʋ ʊ
உறி	ʊ r ɪ
உறிஞ்சி	ʊ r ɪ ɲ d͡ʑ ɪ
உறிஞ்சு	ʊ r ɪ ɲ d͡ʑ ʊ
உறு	ʊ r ʊ
உறுகண்	ʊ r ʊ ɡ ɐ ɳ
உறுகோள்	ʊ r ʊ ɡ oː ɭ
உறுதி	ʊ r ʊ d̪ ɪ
உறுதிக்கட்டுரை	ʊ r ʊ d̪ ɪ kː ɐ ʈː ʊ ɾ ɐ ɪ̯
உறுதிபூசுதல்	ʊ r ʊ d̪ ɪ b uː t͡ɕ ʊ d̪ ɐ l
உறுதிப்படுத்து	ʊ r ʊ d̪ ɪ pː ɐ ɖ ʊ t̪ː ʊ
உறுதிப்பாடு	ʊ r ʊ d̪ ɪ pː ɑː ɖ ʊ
உறுதிமொழி	ʊ r ʊ d̪ ɪ m o ɻ ɪ
உறுத்து	ʊ r ʊ t̪ː ʊ
உறுப்பிசைக்குறி	ʊ r ʊ pː ɪ t͡ɕ ɐ ɪ̯ kː ʊ r ɪ
உறுப்பினர்	ʊ r ʊ pː ɪ n ɐ ɾ
உறுப்பு	ʊ r ʊ pː ʊ
உறுமு	ʊ r ʊ m ʊ
உறை	ʊ r ɐ ɪ̯
உறைபனி	ʊ r ɐ ɪ̯ p ɐ n ɪ
உறையுள்	ʊ r ɐ ɪ̯ j ʊ ɭ
உறைவிடம்	ʊ r ɐ ɪ̯ ʋ ɪ ɖ ɐ m
உற்சவம்	ʊ r t͡ɕ ɐ ʋ ɐ m
உற்சாகம்	ʊ r t͡ɕ ɑː ɡ ɐ m
உற்பத்தி	ʊ r p ɐ t̪ː ɪ
உற்று	ʊ rː ʊ
உலகம்	ʊ l ɐ ɡ ɐ m
உலகு	ʊ l ɐ ɡ ʊ
உலங்கு	ʊ l ɐ ŋ ɡ ʊ
உலர்	ʊ l ɐ ɾ
உலர்ச்சி	ʊ l ɐ ɾ t͡ɕː ɪ
உலர்த்து	ʊ l ɐ ɾ t̪ː ʊ
உலர்ந்தம்	ʊ l ɐ ɾ n̪ d̪ ɐ m
உலா	ʊ l ɑː
உலாவி	ʊ l ɑː ʋ ɪ
உலாவு	ʊ l ɑː ʋ ʊ
உலுக்கு	ʊ l ʊ kː ʊ
உலுவம்	ʊ l ʊ ʋ ɐ m
உலை	ʊ l ɐ ɪ̯
உலைக்களம்	ʊ l ɐ ɪ̯ kː ɐ ɭ ɐ m
உலோகம்	ʊ l oː ɡ ɐ m
உலோபம்	ʊ l oː b ɐ m
உளநூல்	ʊ ɭ ɐ n̪ uː l
உளறல்	ʊ ɭ ɐ r ɐ l
உளறு	ʊ ɭ ɐ r ʊ
உளவாளி	ʊ ɭ ɐ ʋ ɑː ɭ ɪ
உளவியல்	ʊ ɭ ɐ ʋ ɪ j ɐ l
உளவு	ʊ ɭ ɐ ʋ ʊ
உளி	ʊ ɭ ɪ
உளியம்	ʊ ɭ ɪ j ɐ m
உளுந்து	ʊ ɭ ʊ n̪ d̪ ʊ
உளை	ʊ ɭ ɐ ɪ̯
உள்	ʊ ɭ
உள்நாக்கு	ʊ ɭ n̪ ɑː kː ʊ
உள்நாடு	ʊ ɭ n̪ ɑː ɖ ʊ
உள்ள	ʊ ɭː ɐ
உள்ளங்கால்	ʊ ɭː ɐ ŋ ɡ ɑː l
உள்ளங்கை	ʊ ɭː ɐ ŋ ɡ ɐ ɪ̯
உள்ளது	ʊ ɭː ɐ d̪ ʊ
உள்ளம்	ʊ ɭː ɐ m
உள்ளா	ʊ ɭː ɑː
உள்ளாடை	ʊ ɭː ɑː ɖ ɐ ɪ̯
உள்ளாடைகள்	ʊ ɭː ɑː ɖ ɐ ɪ̯ ɡ ɐ ɭ
உள்ளாட்சி	ʊ ɭː ɑː ʈ t͡ɕ ɪ
உள்ளாலை	ʊ ɭː ɑː l ɐ ɪ̯
உள்ளி	ʊ ɭː ɪ
உள்ளிடு	ʊ ɭː ɪ ɖ ʊ
உள்ளுணர்வு	ʊ ɭː ʊ ɳ ɐ ɾ ʋ ʊ
உள்ளுறை	ʊ ɭː ʊ r ɐ ɪ̯
உள்ளே	ʊ ɭː eː
உழவன்	ʊ ɻ ɐ ʋ ɐ n
உழவர்	ʊ ɻ ɐ ʋ ɐ ɾ
உழவு	ʊ ɻ ɐ ʋ ʊ
உழவுகாடு	ʊ ɻ ɐ ʋ ʊ ɡ ɑː ɖ ʊ
உழவுசால்	ʊ ɻ ɐ ʋ ʊ t͡ɕ ɑː l
உழி	ʊ ɻ ɪ
உழிஞை	ʊ ɻ ɪ ɲ ɐ ɪ̯
உழு	ʊ ɻ ʊ
உழுந்து	ʊ ɻ ʊ n̪ d̪ ʊ
உழுவை	ʊ ɻ ʊ ʋ ɐ ɪ̯
உழை	ʊ ɻ ɐ ɪ̯
உழைப்பாளி	ʊ ɻ ɐ ɪ̯ pː ɑː ɭ ɪ
உழைப்பு	ʊ ɻ ɐ ɪ̯ pː ʊ
உவன்	ʊ ʋ ɐ n
உவமை	ʊ ʋ ɐ m ɐ ɪ̯
உவர்	ʊ ʋ ɐ ɾ
உவர்ப்பு	ʊ ʋ ɐ ɾ pː ʊ
உவர்மம்	ʊ ʋ ɐ ɾ m ɐ m
உவள்	ʊ ʋ ɐ ɭ
உவா	ʊ ʋ ɑː
உவை	ʊ ʋ ɐ ɪ̯
உஷார்	ʊ ʂ ɑː ɾ
உஷ்ணம்	ʊ ʂ ɳ ɐ m
உஸ்பெகிஸ்தான்	ʊ s p e ɡ ɪ s t̪ ɑː n
உஸ்பெக்கிஸ்தான்	ʊ s p e kː ɪ s t̪ ɑː n
ஊ	uː
ஊகம்	uː ɡ ɐ m
ஊக்கம்	uː kː ɐ m
ஊக்குவி	uː kː ʊ ʋ ɪ
ஊசி	uː t͡ɕ ɪ
ஊசு	uː t͡ɕ ʊ
ஊஞ்சல்	uː ɲ d͡ʑ ɐ l
ஊடகம்	uː ɖ ɐ ɡ ɐ m
ஊடல்	uː ɖ ɐ l
ஊடு	uː ɖ ʊ
ஊடுகதிர்	uː ɖ ʊ ɡ ɐ d̪ ɪ ɾ
ஊடுதாக்கு	uː ɖ ʊ d̪ ɑː kː ʊ
ஊடுபால்	uː ɖ ʊ b ɑː l
ஊடுருவு	uː ɖ ʊ ɾ ʊ ʋ ʊ
ஊட்ட	uː ʈː ɐ
ஊட்டச்சத்து	uː ʈː ɐ t͡ɕː ɐ t̪ː ʊ
ஊட்டம்	uː ʈː ɐ m
ஊட்டி	uː ʈː ɪ
ஊட்டு	uː ʈː ʊ
ஊண்	uː ɳ
ஊதற்காற்று	uː d̪ ɐ r k ɑː rː ʊ
ஊதா	uː d̪ ɑː
ஊதாரி	uː d̪ ɑː ɾ ɪ
ஊதியம்	uː d̪ ɪ j ɐ m
ஊது	uː d̪ ʊ
ஊதுபத்தி	uː d̪ ʊ b ɐ t̪ː ɪ
ஊதைக்காற்று	uː d̪ ɐ ɪ̯ kː ɑː rː ʊ
ஊத்தப்பம்	uː t̪ː ɐ pː ɐ m
ஊத்தாப்பம்	uː t̪ː ɑː pː ɐ m
ஊனம்	uː n ɐ m
ஊனுண்ணி	uː n ʊ ɳː ɪ
ஊன்	uː n
ஊன்று	uː n r ʊ
ஊமை	uː m ɐ ɪ̯
ஊமைப்படம்	uː m ɐ ɪ̯ pː ɐ ɖ ɐ m
ஊம்	uː m
ஊம்பு	uː m b ʊ
ஊரடங்கு	uː ɾ ɐ ɖ ɐ ŋ ɡ ʊ
ஊரல்	uː ɾ ɐ l
ஊராட்சி	uː ɾ ɑː ʈ t͡ɕ ɪ
ஊரு	uː ɾ ʊ
ஊர்	uː ɾ
ஊர்காவல்	uː ɾ ɡ ɑː ʋ ɐ l
ஊர்க்கதை	uː ɾ kː ɐ d̪ ɐ ɪ̯
ஊர்சுற்று	uː ɾ t͡ɕ ʊ rː ʊ
ஊர்தி	uː ɾ d̪ ɪ
ஊர்த்தலைமை	uː ɾ t̪ː ɐ l ɐ ɪ̯ m ɐ ɪ̯
ஊர்வன	uː ɾ ʋ ɐ n ɐ
ஊர்வலம்	uː ɾ ʋ ɐ l ɐ m
ஊறவை	uː r ɐ ʋ ɐ ɪ̯
ஊறு	uː r ʊ
ஊறுகாய்	uː r ʊ ɡ ɑː j
ஊற்றம்	uː rː ɐ m
ஊற்றால்	uː rː ɑː l
ஊற்று	uː rː ʊ
ஊற்றுத்துலை	uː rː ʊ t̪ː ʊ l ɐ ɪ̯
ஊளை	uː ɭ ɐ ɪ̯
ஊழல்	uː ɻ ɐ l
ஊழி	uː ɻ ɪ
ஊழிநாள்	uː ɻ ɪ n̪ ɑː ɭ
ஊழியன்	uː ɻ ɪ j ɐ n
ஊழியம்	uː ɻ ɪ j ɐ m
ஊழ்	uː ɻ
ஊழ்வினை	uː ɻ ʋ ɪ n ɐ ɪ̯
ஊவா	uː ʋ ɑː
எ	e
எஃகு	e x ʊ
எகின்	e ɡ ɪ n
எகிப்து	e ɡ ɪ p t̪ ʊ
எக்கச்சக்கம்	e kː ɐ t͡ɕː ɐ kː ɐ m
எக்கர்	e kː ɐ ɾ
எக்காளம்	e kː ɑː ɭ ɐ m
எக்கு	e kː ʊ
எக்குவடோர்	e kː ʊ ʋ ɐ ɖ oː ɾ
எங்கண்	e ŋ ɡ ɐ ɳ
எங்கள்	e ŋ ɡ ɐ ɭ
எங்கித்தை	e ŋ ɡ ɪ t̪ː ɐ ɪ̯
எங்கு	e ŋ ɡ ʊ
எங்கும்	e ŋ ɡ ʊ m
எங்கே	e ŋ ɡ eː
எசுத்தோனியா	e t͡ɕ ʊ t̪ː oː n ɪ j ɑː
எசேக்கியல்	e t͡ɕ eː kː ɪ j ɐ l
எச்சம்	e t͡ɕː ɐ m
எச்சரி	e t͡ɕː ɐ ɾ ɪ
எச்சரிக்கை	e t͡ɕː ɐ ɾ ɪ kː ɐ ɪ̯
எச்சரிப்பு	e t͡ɕː ɐ ɾ ɪ pː ʊ
எச்சில்	e t͡ɕː ɪ l
எச்சு	e t͡ɕː ʊ
எஜமானி	e d͡ʑ ɐ m ɑː n ɪ
எஜமான்	e d͡ʑ ɐ m ɑː n
எஞ்சு	e ɲ d͡ʑ ʊ
எடம்	e ɖ a m
எடு	e ɖ ʊ
எடுக்கல்	e ɖ ʊ kː ɐ l
எடுத்துக்காட்டு	e ɖ ʊ t̪ː ʊ kː ɑː ʈː ʊ
எடுபடு	e ɖ ʊ b ɐ ɖ ʊ
எடை	e ɖ ɐ ɪ̯
எட்டப்பார்வை	e ʈː ɐ pː ɑː ɾ ʋ ɐ ɪ̯
எட்டாக்கனி	e ʈː ɑː kː ɐ n ɪ
எட்டாயிரம்	e ʈː ɑː j ɪ ɾ ɐ m
எட்டிப்பார்	e ʈː ɪ pː ɑː ɾ
எட்டு	e ʈː ʊ
எட்டுத்தொகை	e ʈː ʊ t̪ː o ɡ ɐ ɪ̯
எட்நூறு	e ʈ n̪ uː r ʊ
எண்	e ɳ
எண்கள்	e ɳ ɡ ɐ ɭ
எண்கு	e ɳ ɡ ʊ
எண்ணக்கரு	e ɳː ɐ kː ɐ ɾ ʊ
எண்ணங்கள்	e ɳː ɐ ŋ ɡ ɐ ɭ
எண்ணம்	e ɳː ɐ m
எண்ணிக்கை	e ɳː ɪ kː ɐ ɪ̯
எண்ணியல்	e ɳː ɪ j ɐ l
எண்ணு	e ɳː ʊ
எண்ணூறு	e ɳː uː r ʊ
எண்ணெய்	e ɳː e j
எண்ணை	e ɳː ɐ ɪ̯
எண்பது	e ɳ b ɐ d̪ ʊ
எதற்கு	e d̪ ɐ r k ʊ
எதார்த்தம்	e d̪ ɑː ɾ t̪ː ɐ m
எதி	e d̪ ɪ
எதிராளி	e d̪ ɪ ɾ ɑː ɭ ɪ
எதிரி	e d̪ ɪ ɾ ɪ
எதிரிக்கு	e d̪ ɪ ɾ ɪ kː ʊ
எதிரொலி	e d̪ ɪ ɾ o l ɪ
எதிர்	e d̪ ɪ ɾ
எதிர்காலம்	e d̪ ɪ ɾ ɡ ɑː l ɐ m
எதிர்கொள்	e d̪ ɪ ɾ ɡ o ɭ
எதிர்ச்சி	e d̪ ɪ ɾ t͡ɕː ɪ
எதிர்ச்சொல்	e d̪ ɪ ɾ t͡ɕː o l
எதிர்பார்	e d̪ ɪ ɾ b ɑː ɾ
எதிர்பாலீர்ப்பு	e d̪ ɪ ɾ b ɑː l iː ɾ pː ʊ
எதிர்பால்சேர்க்கை	e d̪ ɪ ɾ b ɑː l t͡ɕ eː ɾ kː ɐ ɪ̯
எதிர்ப்பு	e d̪ ɪ ɾ pː ʊ
எதிர்வெட்டு	e d̪ ɪ ɾ ʋ e ʈː ʊ
எது	e d̪ ʊ
எதுக்கு	e d̪ ʊ kː ʊ
எதை	e d̪ ɐ ɪ̯
எதோள்	e d̪ oː ɭ
எத்தனம்	e t̪ː ɐ n ɐ m
எத்தனை	e t̪ː ɐ n ɐ ɪ̯
எத்தனையாவது	e t̪ː ɐ n ɐ ɪ̯ j ɑː ʋ ɐ d̪ ʊ
எத்தி	e t̪ː ɪ
எத்து	e t̪ː ʊ
எத்துணை	e t̪ː ʊ ɳ ɐ ɪ̯
எத்துணையும்	e t̪ː ʊ ɳ ɐ ɪ̯ j ʊ m
எத்தும்	e t̪ː ʊ m
எந்த	e n̪ d̪ ɐ
எந்திரங்கள்	e n̪ d̪ ɪ ɾ ɐ ŋ ɡ ɐ ɭ
எந்திரம்	e n̪ d̪ ɪ ɾ ɐ m
எந்திரி	e n̪ d̪ ɪ ɾ ɪ
எந்து	e n̪ d̪ ʊ
எந்தை	e n̪ d̪ ɐ ɪ̯
என	e n ɐ
எனக்காக	e n ɐ kː ɑː ɡ ɐ
எனக்கு	e n ɐ kː ʊ
எனது	e n ɐ d̪ ʊ
எனவே	e n ɐ ʋ eː
எனினும்	e n ɪ n ʊ m
எனின்	e n ɪ n
எனைத்தும்	e n ɐ ɪ̯ t̪ː ʊ m
எனைவர்	e n ɐ ɪ̯ ʋ ɐ ɾ
என்	e n
என்கிற	e n ɡ ɪ r ɐ
என்கை	e n ɡ ɐ ɪ̯
என்ன	e nː ɐ
என்னணம்	e nː ɐ ɳ ɐ m
என்னது	e nː ɐ d̪ ʊ
என்னதும்	e nː ɐ d̪ ʊ m
என்னர்	e nː ɐ ɾ
என்னவன்	e nː ɐ ʋ ɐ n
என்னால்	e nː ɑː l
என்னிடம்	e nː ɪ ɖ ɐ m
என்னிலிருந்து	e nː ɪ l ɪ ɾ ʊ n̪ d̪ ʊ
என்னில்	e nː ɪ l
என்னுங்காட்டில்	e nː ʊ ŋ ɡ ɑː ʈː ɪ l
என்னுடன்	e nː ʊ ɖ ɐ n
என்னுடைய	e nː ʊ ɖ ɐ ɪ̯ j ɐ
என்னும்	e nː ʊ m
என்னென்ன	e nː e nː ɐ
என்னை	e nː ɐ ɪ̯
என்னோடு	e nː oː ɖ ʊ
என்னோரும்	e nː oː ɾ ʊ m
என்பது	e n b ɐ d̪ ʊ
என்பான்	e n b ɑː n
என்பு	e n b ʊ
என்ற	e n r ɐ
என்றவன்	e n r ɐ ʋ ɐ n
என்றால்	e n r ɑː l
என்றிய	e n r ɪ j ɐ
என்று	e n r ʊ
என்றும்	e n r ʊ m
என்றைக்கு	e n r ɐ ɪ̯ kː ʊ
என்றைக்கும்	e n r ɐ ɪ̯ kː ʊ m
எபிரேயம்	e b ɪ ɾ eː j ɐ m
எப்ப	e pː ɐ
எப்படி	e pː ɐ ɖ ɪ
எப்பேர்ப்பட்ட	e pː eː ɾ pː ɐ ʈː ɐ
எப்பொழுது	e pː o ɻ ʊ d̪ ʊ
எப்பொழுதும்	e pː o ɻ ʊ d̪ ʊ m
எப்போ	e pː oː
எப்போது	e pː oː d̪ ʊ
எப்போதும்	e pː oː d̪ ʊ m
எமன்	e m ɐ n
எம்	e m
எம்டன்	e m ʈ ɐ n
எம்மை	e mː ɐ ɪ̯
எய்	e j
எய்து	e j d̪ ʊ
எரி	e ɾ ɪ
எரிசோடா	e ɾ ɪ t͡ɕ oː ɖ ɑː
எரிச்சல்	e ɾ ɪ t͡ɕː ɐ l
எரித்திரியா	e ɾ ɪ t̪ː ɪ ɾ ɪ j ɑː
எரிபொருள்	e ɾ ɪ b o ɾ ʊ ɭ
எரிமலை	e ɾ ɪ m ɐ l ɐ ɪ̯
எரிமலைக்குழம்பு	e ɾ ɪ m ɐ l ɐ ɪ̯ kː ʊ ɻ ɐ m b ʊ
எரிவாயு	e ɾ ɪ ʋ ɑː j ʊ
எருசலேம்	e ɾ ʊ t͡ɕ ɐ l eː m
எருது	e ɾ ʊ d̪ ʊ
எருமை	e ɾ ʊ m ɐ ɪ̯
எரேமியா	e ɾ eː m ɪ j ɑː
எர்ணாகுளம்	e ɾ ɳ ɑː ɡ ʊ ɭ ɐ m
எறி	e r ɪ
எறும்பி	e r ʊ m b ɪ
எறும்பு	e r ʊ m b ʊ
எறும்புத்தின்னி	e r ʊ m b ʊ t̪ː ɪ nː ɪ
எறுழி	e r ʊ ɻ ɪ
எறுழ்	e r ʊ ɻ
எற்பாடு	e r p ɑː ɖ ʊ
எற்றை	e rː ɐ ɪ̯
எற்றைக்கும்	e rː ɐ ɪ̯ kː ʊ m
எலி	e l ɪ
எலுமிச்சை	e l ʊ m ɪ t͡ɕː ɐ ɪ̯
எலும்பியல்	e l ʊ m b ɪ j ɐ l
எலும்பு	e l ʊ m b ʊ
எலும்புக்கரி	e l ʊ m b ʊ kː ɐ ɾ ɪ
எலும்புக்கூடு	e l ʊ m b ʊ kː uː ɖ ʊ
எலும்புந்தோலுமாக	e l ʊ m b ʊ n̪ d̪ oː l ʊ m ɑː ɡ ɐ
எலும்புப்பிசகல்	e l ʊ m b ʊ pː ɪ t͡ɕ ɐ ɡ ɐ l
எலும்புமுரிவு	e l ʊ m b ʊ m ʊ ɾ ɪ ʋ ʊ
எலும்பும்தோலுமாக	e l ʊ m b ʊ m t̪ oː l ʊ m ɑː ɡ ɐ
எலும்புருக்கி	e l ʊ m b ʊ ɾ ʊ kː ɪ
எலும்புவீக்கம்	e l ʊ m b ʊ ʋ iː kː ɐ m
எல்	e l
எல்லா	e l l ɑː
எல்லாம்	e l l ɑː m
எல்லாரும்	e l l ɑː ɾ ʊ m
எல்லார்	e l l ɑː ɾ
எல்லை	e l l ɐ ɪ̯
எல்லோரும்	e l l oː ɾ ʊ m
எளிதான	e ɭ ɪ d̪ ɑː n ɐ
எளிது	e ɭ ɪ d̪ ʊ
எளிமை	e ɭ ɪ m ɐ ɪ̯
எள்	e ɭ
எள்ளளவும்	e ɭː ɐ ɭ ɐ ʋ ʊ m
எழால்	e ɻ ɑː l
எழிலி	e ɻ ɪ l ɪ
எழிலிய	e ɻ ɪ l ɪ j ɐ
எழில்	e ɻ ɪ l
எழு	e ɻ ʊ
எழுச்சி	e ɻ ʊ t͡ɕː ɪ
எழுதிய	e ɻ ʊ d̪ ɪ j ɐ
எழுது	e ɻ ʊ d̪ ʊ
எழுதுகோல்	e ɻ ʊ d̪ ʊ ɡ oː l
எழுதுபடம்	e ɻ ʊ d̪ ʊ b ɐ ɖ ɐ m
எழுத்ததிகாரம்	e ɻ ʊ t̪ː ɐ d̪ ɪ ɡ ɑː ɾ ɐ m
எழுத்தாணி	e ɻ ʊ t̪ː ɑː ɳ ɪ
எழுத்தாளன்	e ɻ ʊ t̪ː ɑː ɭ ɐ n
எழுத்து	e ɻ ʊ t̪ː ʊ
எழுத்துகள்	e ɻ ʊ t̪ː ʊ ɡ ɐ ɭ
எழுத்துப்பிழை	e ɻ ʊ t̪ː ʊ pː ɪ ɻ ɐ ɪ̯
எழுத்துவாசனை	e ɻ ʊ t̪ː ʊ ʋ ɑː t͡ɕ ɐ n ɐ ɪ̯
எழுநூறு	e ɻ ʊ n̪ uː r ʊ
எழுந்தபடி	e ɻ ʊ n̪ d̪ ɐ b ɐ ɖ ɪ
எழுந்திரு	e ɻ ʊ n̪ d̪ ɪ ɾ ʊ
எழுபது	e ɻ ʊ b ɐ d̪ ʊ
எழுபோது	e ɻ u p oː d̪ u
எழுபோது	ɛ ɻ u p oː d̪ ɯ
எழுப்பு	e ɻ ʊ pː ʊ
எழுவது	e ɻ ʊ ʋ ɐ d̪ ʊ
எழுவாய்	e ɻ ʊ ʋ ɑː j
எழுவு	e ɻ ʊ ʋ ʊ
எவ	e ʋ ɐ
எவங்க	e ʋ ɐ ŋ ɡ ɐ
எவண்	e ʋ ɐ ɳ
எவன்	e ʋ ɐ n
எவர்	e ʋ ɐ ɾ
எவர்கள்	e ʋ ɐ ɾ ɡ ɐ ɭ
எவர்சில்வர்	e ʋ ɐ ɾ t͡ɕ ɪ l ʋ ɐ ɾ
எவள்	e ʋ ɐ ɭ
எவா	e ʋ ɑː
எவை	e ʋ ɐ ɪ̯
எவ்வளவு	e ʋː ɐ ɭ ɐ ʋ ʊ
எவ்வளவோ	e ʋː ɐ ɭ ɐ ʋ oː
எவ்வாறு	e ʋː ɑː r ʊ
எவ்விடம்	e ʋː ɪ ɖ ɐ m
எஸ்தர்	e s t̪ ɐ ɾ
எஸ்பெராண்டோ	e s p e ɾ ɑː ɳ ɖ oː
எஸ்ரா	e s ɾ ɑː
ஏ	eː
ஏகலைவன்	eː ɡ ɐ l ɐ ɪ̯ ʋ ɐ n
ஏகாந்தம்	eː ɡ ɑː n̪ d̪ ɐ m
ஏக்கங்கள்	eː kː ɐ ŋ ɡ ɐ ɭ
ஏக்கம்	eː kː ɐ m
ஏங்கு	eː ŋ ɡ ʊ
ஏசாயா	eː t͡ɕ ɑː j ɑː
ஏசு	eː t͡ɕ ʊ
ஏடா	eː ɖ ɑː
ஏடாகுடம்	eː ɖ ɑː ɡ ʊ ɖ ɐ m
ஏடாகூடம்	eː ɖ ɑː ɡ uː ɖ ɐ m
ஏடி	eː ɖ ɪ
ஏடு	eː ɖ ʊ
ஏடு	əː ɖ ɯ
ஏட்டு	eː ʈː ʊ
ஏட்டுச்சுரைக்காய்	eː ʈː ʊ t͡ɕː ʊ ɾ ɐ ɪ̯ kː ɑː j
ஏணி	eː ɳ ɪ
ஏதடை	eː d̪ ɐ ɖ ɐ ɪ̯
ஏதப்பாடு	eː d̪ ɐ pː ɑː ɖ ʊ
ஏதின்மை	eː d̪ ɪ n m ɐ ɪ̯
ஏது	eː d̪ ʊ
ஏதோ	eː d̪ oː
ஏத்தாளி	eː t̪ː ɑː ɭ ɪ
ஏத்து	eː t̪ː ʊ
ஏந்திழை	eː n̪ d̪ ɪ ɻ ɐ ɪ̯
ஏந்து	eː n̪ d̪ ʊ
ஏனம்	eː n ɐ m
ஏனென்றால்	eː n e n r ɑː l
ஏனோ	eː n oː
ஏன்	eː n
ஏப்பம்	eː pː ɐ m
ஏப்பியன்	eː pː ɪ j ɐ n
ஏப்ரல்	eː p ɾ ɐ l
ஏமன்	eː m ɐ n
ஏமம்	eː m ɐ m
ஏமாறு	eː m ɑː r ʊ
ஏமாற்றம்	eː m ɑː rː ɐ m
ஏமாற்று	eː m ɑː rː ʊ
ஏமாற்றுகிறவன்	eː m ɑː rː ʊ ɡ ɪ r ɐ ʋ ɐ n
ஏமாற்றுகிறவள்	eː m ɑː rː ʊ ɡ ɪ r ɐ ʋ ɐ ɭ
ஏமாற்றுபவன்	eː m ɑː rː ʊ b ɐ ʋ ɐ n
ஏமாற்றுபவள்	eː m ɑː rː ʊ b ɐ ʋ ɐ ɭ
ஏமாளி	eː m ɑː ɭ ɪ
ஏமுறு	eː m ʊ r ʊ
ஏரணம்	eː ɾ ɐ ɳ ɐ m
ஏராளம்	eː ɾ ɑː ɭ ɐ m
ஏரி	eː ɾ ɪ
ஏர்	eː ɾ
ஏற	eː r ɐ
ஏறக்குறைய	eː r ɐ kː ʊ r ɐ ɪ̯ j ɐ
ஏறத்தாழ	eː r ɐ t̪ː ɑː ɻ ɐ
ஏறு	eː r ʊ
ஏறுநீர்	eː r ʊ n̪ iː ɾ
ஏற்கனவே	eː r k ɐ n ɐ ʋ eː
ஏற்கவே	eː r k ɐ ʋ eː
ஏற்ப	eː r p ɐ
ஏற்படு	eː r p ɐ ɖ ʊ
ஏற்படுத்து	eː r p ɐ ɖ ʊ t̪ː ʊ
ஏற்பாடு	eː r p ɑː ɖ ʊ
ஏற்பு	eː r p ʊ
ஏற்றக்கால்	eː rː ɐ kː ɑː l
ஏற்றம்	eː rː ɐ m
ஏற்றியல்	eː rː ɪ j ɐ l
ஏற்று	eː rː ʊ
ஏற்றுக்கொள்	eː rː ʊ kː o ɭ
ஏற்றுமதி	eː rː ʊ m ɐ d̪ ɪ
ஏலக்காய்	eː l ɐ kː ɑː j
ஏலம்	eː l ɐ m
ஏலேலோ	eː l eː l oː
ஏல்	eː l
ஏழாயிரம்	eː ɻ ɑː j ɪ ɾ ɐ m
ஏழிலைப்பாலை	eː ɻ ɪ l ɐ ɪ̯ pː ɑː l ɐ ɪ̯
ஏழு	eː ɻ ʊ
ஏழை	eː ɻ ɐ ɪ̯
ஏழ்நூறு	eː ɻ n̪ uː r ʊ
ஏழ்மை	eː ɻ m ɐ ɪ̯
ஏவலாளர்	eː ʋ ɐ l ɑː ɭ ɐ ɾ
ஏவலாள்	eː ʋ ɐ l ɑː ɭ
ஏவல்	eː ʋ ɐ l
ஏவாள்	eː ʋ ɑː ɭ
ஏவு	eː ʋ ʊ
ஏவுகணை	eː ʋ ʊ ɡ ɐ ɳ ɐ ɪ̯
ஐ	ɐ ɪ̯
ஐகாரக்குறுக்கம்	ɐ ɪ̯ ɡ ɑː ɾ ɐ kː ʊ r ʊ kː ɐ m
ஐகாரம்	ɐ ɪ̯ ɡ ɑː ɾ ɐ m
ஐக்கிய	ɐ ɪ̯ kː ɪ j ɐ
ஐக்கியம்	ɐ ɪ̯ kː ɪ j ɐ m
ஐசுவரியம்	ɐ ɪ̯ t͡ɕ ʊ ʋ ɐ ɾ ɪ j ɐ m
ஐட்டம்	ɐ ɪ̯ ʈː ɐ m
ஐதரசன்	ɐ ɪ̯ d̪ ɐ ɾ ɐ t͡ɕ ɐ n
ஐநா	ɐ ɪ̯ n̪ ɑː
ஐநூறு	ɐ ɪ̯ n̪ uː r ʊ
ஐந்து	ɐ ɪ̯ n̪ d̪ ʊ
ஐந்நூறு	ɐ ɪ̯ n̪ː uː r ʊ
ஐப்பசி	ɐ ɪ̯ pː ɐ t͡ɕ ɪ
ஐம்பது	ɐ ɪ̯ m b ɐ d̪ ʊ
ஐம்பத்தெட்டு	ɐ ɪ̯ m b ɐ t̪ː e ʈː ʊ
ஐம்பொன்	ɐ ɪ̯ m b o n
ஐம்பொன்	ɐ ɪ̯ m p o n
ஐயங்கார்	ɐ ɪ̯ j ɐ ŋ ɡ ɑː ɾ
ஐயனார்	ɐ ɪ̯ j ɐ n ɑː ɾ
ஐயன்	ɐ ɪ̯ j ɐ n
ஐயம்	ɐ ɪ̯ j ɐ m
ஐயர்	ɐ ɪ̯ j ɐ ɾ
ஐயா	ɐ ɪ̯ j ɑː
ஐயாயிரம்	ɐ ɪ̯ j ɑː j ɪ ɾ ɐ m
ஐயோ	ɐ ɪ̯ j oː
ஐரோப்பா	ɐ ɪ̯ ɾ oː pː ɑː
ஐரோப்பியன்	ɐ ɪ̯ ɾ oː pː ɪ j ɐ n
ஐலெக்சு	ɐ ɪ̯ l e k t͡ɕ ʊ
ஐஸ்லாந்து	ɐ ɪ̯ s l ɑː n̪ d̪ ʊ
ஒ	o
ஒ.ப.நே.	o p ɐ n̪ eː
ஒகையோ	o ɡ ɐ ɪ̯ j oː
ஒக்க	o kː ɐ
ஒக்கல்	o kː ɐ l
ஒசூர்	o t͡ɕ uː ɾ
ஒடக்கான்	o ɖ ɐ kː ɑː n
ஒடி	o ɖ ɪ
ஒடிசா	o ɖ ɪ t͡ɕ ɑː
ஒடுக்கு	o ɖ ʊ kː ʊ
ஒட்டகச்சிவிங்கி	o ʈː ɐ ɡ ɐ t͡ɕː ɪ ʋ ɪ ŋ ɡ ɪ
ஒட்டகம்	o ʈː ɐ ɡ ɐ m
ஒட்டடை	o ʈː ɐ ɖ ɐ ɪ̯
ஒட்டு	o ʈː ʊ
ஒட்டுசுட்டான்	o ʈː ʊ t͡ɕ ʊ ʈː ɑː n
ஒட்டுச்சுண்ணாம்பு	o ʈː ʊ t͡ɕː ʊ ɳː ɑː m b ʊ
ஒட்டுண்ணி	o ʈː ʊ ɳː ɪ
ஒட்டுமொத்தம்	o ʈː ʊ m o t̪ː ɐ m
ஒண்டி	o ɳ ɖ ɪ
ஒண்ணு	o ɳː ʊ
ஒண்ணுக்கு	o ɳː ʊ kː ʊ
ஒதுக்கீடு	o d̪ ʊ kː iː ɖ ʊ
ஒதுக்கு	o d̪ ʊ kː ʊ
ஒதுங்கு	o d̪ ʊ ŋ ɡ ʊ
ஒத்த	o t̪ː ɐ
ஒத்திகை	o t̪ː ɪ ɡ ɐ ɪ̯
ஒத்திவை	o t̪ː ɪ ʋ ɐ ɪ̯
ஒத்து	o t̪ː ʊ
ஒத்துக்கொள்	o t̪ː ʊ kː o ɭ
ஒத்துழை	o t̪ː ʊ ɻ ɐ ɪ̯
ஒந்து	o n̪ d̪ ʊ
ஒன்னு	o nː ʊ
ஒன்னுக்கு	o nː ʊ kː ʊ
ஒன்பதாயிரம்	o n b ɐ d̪ ɑː j ɪ ɾ ɐ m
ஒன்பது	o n b ɐ d̪ ʊ
ஒன்றன்	o n r ɐ n
ஒன்றன்பால்	o n r ɐ n b ɑː l
ஒன்றன்பால்	o n r ɐ n p ɑː l
ஒன்றாக	o n r ɑː ɡ ɐ
ஒன்றியம்	o n r ɪ j ɐ m
ஒன்று	o n r ɯ
ஒன்று	o nː ɯ
ஒன்று	o ɳː ɯ
ஒன்று	o n d ɯ
ஒன்றுக்கு	o n r ʊ kː ʊ
ஒபதியா	o b ɐ d̪ ɪ j ɑː
ஒப்படை	o pː ɐ ɖ ɐ ɪ̯
ஒப்பந்தம்	o pː ɐ n̪ d̪ ɐ m
ஒப்பனை	o pː ɐ n ɐ ɪ̯
ஒப்பம்	o pː ɐ m
ஒப்பாரி	o pː ɑː ɾ ɪ
ஒப்பி	o pː ɪ
ஒப்பிடு	o pː ɪ ɖ ʊ
ஒப்பீடு	o pː iː ɖ ʊ
ஒப்பு	o pː ʊ
ஒப்புகை	o pː ʊ ɡ ɐ ɪ̯
ஒப்புட்டு	o pː ʊ ʈː ʊ
ஒப்புமை	o pː ʊ m ɐ ɪ̯
ஒப்புவி	o pː ʊ ʋ ɪ
ஒம்பது	o m b a d̪ ɯ
ஒம்போது	o m b oː d̪ ɯ
ஒய்யாரம்	o jː ɑː ɾ ɐ m
ஒரிசா	o ɾ ɪ t͡ɕ ɑː
ஒரு	o ɾ ʊ
ஒருதலை	o ɾ ʊ d̪ ɐ l ɐ ɪ̯
ஒருத்தன்	o ɾ ʊ t̪ː ɐ n
ஒருபாலீர்ப்பு	o ɾ u p aː l iː ɾ pː u
ஒருமை	o ɾ ʊ m ɐ ɪ̯
ஒருவகையில்	o ɾ ʊ ʋ ɐ ɡ ɐ ɪ̯ j ɪ l
ஒருவன்	o ɾ ʊ ʋ ɐ n
ஒருவர்	o ɾ ʊ ʋ ɐ ɾ
ஒரே	o ɾ eː
ஒறம்பறை	o r ɐ m b ɐ r ɐ ɪ̯
ஒற்றன்	o rː ɐ n
ஒற்றளபெடை	o rː ɐ ɭ ɐ b e ɖ ɐ ɪ̯
ஒற்று	o rː ʊ
ஒற்றுமை	o rː ʊ m ɐ ɪ̯
ஒற்றை	o rː ɐ ɪ̯
ஒற்றைப்படை	o rː ɐ ɪ̯ pː ɐ ɖ ɐ ɪ̯
ஒலி	o l ɪ
ஒலிநூல்	o l ɪ n̪ uː l
ஒலிபரப்பு	o l ɪ b ɐ ɾ ɐ pː ʊ
ஒலிபெயர்ப்பு	o l i p e j a ɾ pː u
ஒலிபெருக்கி	ʔ o l̪ i p e ɾ̪ u k kː i
ஒலிபெருக்கி	ɔ l ɪ b ɛ ɾ ʊ kː ɪ
ஒலியியல்	o l ɪ j ɪ j ɐ l
ஒலிவாங்கி	o l ɪ ʋ ɑː ŋ ɡ ɪ
ஒலிவாங்கிகள்	o l ɪ ʋ ɑː ŋ ɡ ɪ ɡ ɐ ɭ
ஒலுங்கு	o l ʊ ŋ ɡ ʊ
ஒலோவு	o l oː ʋ ʊ
ஒல்லி	o l l ɪ
ஒளி	o ɭ ɪ
ஒளிச்சீலை	o ɭ ɪ t͡ɕː iː l ɐ ɪ̯
ஒளிச்சேர்க்கை	o ɭ ɪ t͡ɕː eː ɾ kː ɐ ɪ̯
ஒளித்துத்திரி	o ɭ ɪ t̪ː ʊ t̪ː ɪ ɾ ɪ
ஒளிநகல்	o ɭ ɪ n̪ ɐ ɡ ɐ l
ஒளியாண்டு	o ɭ ɪ j ɑː ɳ ɖ ʊ
ஒளிர்	o ɭ ɪ ɾ
ஒழி	o ɻ ɪ
ஒழிப்பு	o ɻ ɪ pː ʊ
ஒழுகு	o ɻ ʊ ɡ ʊ
ஒழுக்கம்	o ɻ ʊ kː ɐ m
ஒழுக்கு	o ɻ ʊ kː ʊ
ஒழுங்கு	o ɻ ʊ ŋ ɡ ʊ
ஒழுங்கை	o ɻ ʊ ŋ ɡ ɐ ɪ̯
ஒவ்வாமை	o ʋː ɑː m ɐ ɪ̯
ஒவ்வொன்று	o ʋː o n r ʊ
ஒவ்வொரு	o ʋː o ɾ ʊ
ஓ	oː
ஓங்கில்	oː ŋ ɡ ɪ l
ஓங்கு	oː ŋ ɡ ʊ
ஓசி	oː t͡ɕ ɪ
ஓசியானியா	oː t͡ɕ ɪ j ɑː n ɪ j ɑː
ஓசூர்	oː t͡ɕ uː ɾ
ஓசை	oː t͡ɕ ɐ ɪ̯
ஓச்சன்	oː t͡ɕː ɐ n
ஓடன்	oː ɖ ɐ n
ஓடம்	oː ɖ ɐ m
ஓடு	oː ɖ ʊ
ஓடுகாலி	oː ɖ ʊ ɡ ɑː l ɪ
ஓடை	oː ɖ ɐ ɪ̯
ஓட்டம்	oː ʈː ɐ m
ஓட்டல்	oː ʈː ɐ l
ஓட்டல்கள்	oː ʈː ɐ l ɡ ɐ ɭ
ஓட்டு	oː ʈː ʊ
ஓட்டுநர்	oː ʈː ʊ n̪ ɐ ɾ
ஓட்டுரிமை	oː ʈː ʊ ɾ ɪ m ɐ ɪ̯
ஓட்டை	oː ʈː ɐ ɪ̯
ஓட்டைவாய்	oː ʈː ɐ ɪ̯ ʋ ɑː j
ஓணான்	oː ɳ ɑː n
ஓணான்கள்	oː ɳ ɑː n ɡ ɐ ɭ
ஓதம்	oː d̪ ɐ m
ஓதல்	oː d̪ ɐ l
ஓது	oː d̪ ʊ
ஓத்தி	oː t̪ː ɪ
ஓநாய்	oː n̪ ɑː j
ஓந்தி	oː n̪ d̪ ɪ
ஓமன்	oː m ɐ n
ஓமம்	oː m ɐ m
ஓம்	oː m
ஓம்படு	oː m b ɐ ɖ ʊ
ஓய்	oː j
ஓய்வு	oː j ʋ ʊ
ஓய்வுநாள்	oː j ʋ ʊ n̪ ɑː ɭ
ஓய்வூதியம்	oː j ʋ uː d̪ ɪ j ɐ m
ஓரகத்தி	oː ɾ ɐ ɡ ɐ t̪ː ɪ
ஓரம்	oː ɾ ɐ m
ஓரளவு	oː ɾ ɐ ɭ ɐ ʋ ʊ
ஓரினச்சேர்க்கை	oː ɾ ɪ n ɐ t͡ɕː eː ɾ kː ɐ ɪ̯
ஓரியாட்டம்	oː ɾ ɪ j ɑː ʈː ɐ m
ஓர்	oː ɾ
ஓலம்	oː l ɐ m
ஓலை	oː l ɐ ɪ̯
ஓவர்	oː ʋ ɐ ɾ
ஓவியம்	oː ʋ ɪ j ɐ m
ஓவியா	oː ʋ ɪ j ɑː
ஔ	ɐ ʊ̯
ஔகாரக்குறுக்கம்	ɐ ʊ̯ ɡ ɑː ɾ ɐ kː ʊ r ʊ kː ɐ m
ஔகாரம்	ɐ ʊ̯ ɡ ɑː ɾ ɐ m
ஔடதம்	ɐ ʊ̯ ɖ ɐ d̪ ɐ m
ஔவியம்	ɐ ʊ̯ ʋ ɪ j ɐ m
ஔவை	ɐ ʊ̯ ʋ ɐ ɪ̯
ஔஷதம்	ɐ ʊ̯ ʂ ɐ d̪ ɐ m
க	k ɐ
ககனம்	k ɐ ɡ ɐ n ɐ m
கக்கம்	k ɐ kː ɐ m
கக்கு	k ɐ kː ʊ
கக்கூசு	k ɐ kː uː t͡ɕ ʊ
கக்கூஸ்	k ɐ kː uː s
கங்காதரன்	ɡ ɐ ŋ ɡ ɑː d̪ ɐ ɾ ɐ n
கங்காரு	k ɐ ŋ ɡ ɑː ɾ ʊ
கங்காரு	ɡ ɐ ŋ ɡ ɑː ɾ ʊ
கங்கு	k ɐ ŋ ɡ ʊ
கங்கை	ɡ ɐ ŋ ɡ ɐ ɪ̯
கங்கை	k ɐ ŋ ɡ ɐ ɪ̯
கச	k ɐ t͡ɕ ɐ
கசகசா	k ɐ t͡ɕ ɐ ɡ ɐ t͡ɕ ɑː
கசகசா	k ɐ t͡ɕ ɐ k ɐ t͡ɕ ɑː
கசக்கு	k ɐ t͡ɕ ɐ kː ʊ
கசங்கு	k ɐ t͡ɕ ɐ ŋ ɡ ʊ
கசப்பு	k ɐ t͡ɕ ɐ pː ʊ
கசி	k ɐ t͡ɕ ɪ
கசுமாலம்	k ɐ t͡ɕ ʊ m ɑː l ɐ m
கச்சான்	k ɐ t͡ɕː ɑː n
கச்சாயம்	k ɐ t͡ɕː ɑː j ɐ m
கச்சு	k ɐ t͡ɕː ʊ
கச்சேரி	k ɐ t͡ɕː eː ɾ ɪ
கஜகஸ்தான்	k ɐ d͡ʑ ɐ ɡ ɐ s t̪ ɑː n
கஜம்	ɡ ɐ d͡ʑ ɐ m
கஜானா	ɡ ɐ d͡ʑ ɑː n ɑː
கஞ்சா	ɡ ɐ ɲ d͡ʑ ɑː
கஞ்சா	k ɐ ɲ d͡ʑ ɑː
கஞ்சாவை	k ɐ ɲ d͡ʑ ɑː ʋ ɐ ɪ̯
கஞ்சி	k ɐ ɲ d͡ʑ ɪ
கட	k ɐ ɖ ɐ
கடகம்	k ɐ ɖ ɐ ɡ ɐ m
கடத்தி	k ɐ ɖ ɐ t̪ː ɪ
கடத்து	k ɐ ɖ ɐ t̪ː ʊ
கடந்த	k ɐ ɖ ɐ n̪ d̪ ɐ
கடந்து	k ɐ ɖ ɐ n̪ d̪ ʊ
கடந்தை	k ɐ ɖ ɐ n̪ d̪ ɐ ɪ̯
கடனட்டை	k ɐ ɖ ɐ n ɐ ʈː ɐ ɪ̯
கடனாளி	k ɐ ɖ ɐ n ɑː ɭ ɪ
கடன்	k ɐ ɖ ɐ n
கடமை	k ɐ ɖ ɐ m ɐ ɪ̯
கடம்பன்	k ɐ ɖ ɐ m b ɐ n
கடற்கன்னி	k ɐ ɖ ɐ r k ɐ nː ɪ
கடற்கரை	k ɐ ɖ ɐ r k ɐ ɾ ɐ ɪ̯
கடற்குதிரை	k ɐ ɖ ɐ r k ʊ d̪ ɪ ɾ ɐ ɪ̯
கடற்கொள்ளை	k ɐ ɖ ɐ r k o ɭː ɐ ɪ̯
கடற்கொள்ளைக்காரன்	k ɐ ɖ ɐ r k o ɭː ɐ ɪ̯ kː ɑː ɾ ɐ n
கடற்கொள்ளையன்	k ɐ ɖ ɐ r k o ɭː ɐ ɪ̯ j ɐ n
கடற்கோள்	k ɐ ɖ ɐ r k oː ɭ
கடற்படை	k ɐ ɖ ɐ r p ɐ ɖ ɐ ɪ̯
கடற்பாசி	k ɐ ɖ ɐ r p ɑː t͡ɕ ɪ
கடலியல்	k ɐ ɖ ɐ l ɪ j ɐ l
கடலூர்	k ɐ ɖ ɐ l uː ɾ
கடலை	k ɐ ɖ ɐ l ɐ ɪ̯
கடலோன்	k ɐ ɖ ɐ l oː n
கடல்	k ɐ ɖ ɐ l
கடல்நீர்	k ɐ ɖ ɐ l n̪ iː ɾ
கடவுச்சீட்டு	k ɐ ɖ ɐ ʋ ʊ t͡ɕː iː ʈː ʊ
கடவுச்சொற்கள்	k ɐ ɖ ɐ ʋ ʊ t͡ɕː o r k ɐ ɭ
கடவுச்சொல்	k ɐ ɖ ɐ ʋ ʊ t͡ɕː o l
கடவுள்	k ɐ ɖ ɐ ʋ ʊ ɭ
கடவுள்கள்	k ɐ ɖ ɐ ʋ ʊ ɭ ɡ ɐ ɭ
கடா	k ɐ ɖ ɑː
கடாரம்	k ɐ ɖ ɑː ɾ ɐ m
கடி	k ɐ ɖ ɪ
கடிகாரம்	k ɐ ɖ ɪ ɡ ɑː ɾ ɐ m
கடிகாரம்	ɡ ɐ ɖ ɪ ɡ ɑː ɾ ɐ m
கடிக்காது	k ɐ ɖ ɪ kː ɑː d̪ ʊ
கடிக்கை	k ɐ ɖ ɪ kː ɐ ɪ̯
கடிதம்	k ɐ ɖ ɪ d̪ ɐ m
கடினம்	k ɐ ɖ ɪ n ɐ m
கடிவாளம்	k ɐ ɖ ɪ ʋ ɑː ɭ ɐ m
கடு	k ɐ ɖ ʊ
கடுகு	k ɐ ɖ ʊ ɡ ʊ
கடுக்கன்	k ɐ ɖ ʊ kː ɐ n
கடுங்கோபம்	k ɐ ɖ ʊ ŋ ɡ oː b ɐ m
கடுதாசி	k ɐ ɖ ʊ d̪ ɑː t͡ɕ ɪ
கடுப்பு	k ɐ ɖ ʊ pː ʊ
கடுமை	k ɐ ɖ ʊ m ɐ ɪ̯
கடும்	k ɐ ɖ ʊ m
கடை	k ɐ ɖ ɐ ɪ̯
கடைசி	k ɐ ɖ a ɪ̯ s i
கடைத்தெரு	k ɐ ɖ ɐ ɪ̯ t̪ː e ɾ ʊ
கடைபோடு	k ɐ ɖ ɐ ɪ̯ b oː ɖ ʊ
கடைப்பிடி	k ɐ ɖ ɐ ɪ̯ pː ɪ ɖ ɪ
கடையடைப்பு	k ɐ ɖ ɐ ɪ̯ j ɐ ɖ ɐ ɪ̯ pː ʊ
கடையர்	k ɐ ɖ ɐ ɪ̯ j ɐ ɾ
கடையெழுத்து	k ɐ ɖ ɐ ɪ̯ j e ɻ ʊ t̪ː ʊ
கடைவாய்	k ɐ ɖ ɐ ɪ̯ ʋ ɑː j
கடைவாய்ப்பற்கள்	k ɐ ɖ ɐ ɪ̯ ʋ ɑː j pː ɐ r k ɐ ɭ
கடைவாய்ப்பல்	k ɐ ɖ ɐ ɪ̯ ʋ ɑː j pː ɐ l
கட்கம்	k ɐ ʈ k ɐ m
கட்சி	k ɐ ʈ t͡ɕ ɪ
கட்சியார்	k ɐ ʈ t͡ɕ ɪ j ɑː ɾ
கட்டடம்	k ɐ ʈː ɐ ɖ ɐ m
கட்டமைப்பு	k ɐ ʈː ɐ m ɐ ɪ̯ pː ʊ
கட்டம்	k ɐ ʈː ɐ m
கட்டல்	k ɐ ʈː ɐ l
கட்டளை	k ɐ ʈː ɐ ɭ ɐ ɪ̯
கட்டி	k ɐ ʈː ɪ
கட்டிக்கொள்	k ɐ ʈː ɪ kː o ɭ
கட்டிக்கொள்ளு	k ɐ ʈː ɪ kː o ɭː ʊ
கட்டிடக்கலை	k ɐ ʈː ɪ ɖ ɐ kː ɐ l ɐ ɪ̯
கட்டிடம்	k ɐ ʈː ɪ ɖ ɐ m
கட்டிப்பிடி	k ɐ ʈː ɪ pː ɪ ɖ ɪ
கட்டிமை	k ɐ ʈː ɪ m ɐ ɪ̯
கட்டியடுப்பு	k ɐ ʈː ɪ j ɐ ɖ ʊ pː ʊ
கட்டில்	k ɐ ʈː ɪ l
கட்டு	k ɐ ʈː ʊ
கட்டுத்தறி	k ɐ ʈː ʊ t̪ː ɐ r ɪ
கட்டுப்படு	k ɐ ʈː ʊ pː ɐ ɖ ʊ
கட்டுப்படுத்து	k ɐ ʈː ʊ pː ɐ ɖ ʊ t̪ː ʊ
கட்டுப்பாடு	k ɐ ʈː ʊ pː ɑː ɖ ʊ
கட்டுமரங்கள்	k ɐ ʈː ʊ m ɐ ɾ ɐ ŋ ɡ ɐ ɭ
கட்டுமரம்	k ɐ ʈː ʊ m ɐ ɾ ɐ m
கட்டுமானம்	k ɐ ʈː ʊ m ɑː n ɐ m
கட்டுரை	k ɐ ʈː ʊ ɾ ɐ ɪ̯
கட்டை	k ɐ ʈː ɐ ɪ̯
கட்டையிலை	k ɐ ʈː ɐ ɪ̯ j ɪ l ɐ ɪ̯
கட்டைவிரல்	k ɐ ʈː ɐ ɪ̯ ʋ ɪ ɾ ɐ l
கணக்காளர்	k ɐ ɳ ɐ kː ɑː ɭ ɐ ɾ
கணக்கியல்	k ɐ ɳ ɐ kː ɪ j ɐ l
கணக்கு	k ɐ ɳ ɐ kː ʊ
கணக்குப்பிள்ளை	k ɐ ɳ ɐ kː ʊ pː ɪ ɭː ɐ ɪ̯
கணபதி	ɡ ɐ ɳ ɐ b ɐ d̪ ɪ
கணபதி	k ɐ ɳ ɐ b ɐ d̪ ɪ
கணம்	k ɐ ɳ ɐ m
கணவன்	k ɐ ɳ ɐ ʋ ɐ n
கணவாய்	k ɐ ɳ ɐ ʋ ɑː j
கணி	k ɐ ɳ ɪ
கணி	ɡ ɐ ɳ ɪ
கணிகன்	k ɐ ɳ ɪ ɡ ɐ n
கணிசம்	k ɐ ɳ ɪ t͡ɕ ɐ m
கணிதம்	k ɐ ɳ ɪ d̪ ɐ m
கணினி	k ɐ ɳ ɪ n ɪ
கணினியியல்	k ɐ ɳ ɪ n ɪ j ɪ j ɐ l
கணு	k ɐ ɳ ʊ
கணுக்கால்	k ɐ ɳ ʊ kː ɑː l
கணுமருது	k ɐ ɳ ʊ m ɐ ɾ ʊ d̪ ʊ
கணேசன்	k ɐ ɳ eː t͡ɕ ɐ n
கணையாழி	k ɐ ɳ ɐ ɪ̯ j ɑː ɻ ɪ
கண்	k ɐ ɳ
கண்கட்டு	k ɐ ɳ ɡ ɐ ʈː ʊ
கண்காட்சி	k ɐ ɳ ɡ ɑː ʈ t͡ɕ ɪ
கண்காட்சி	k ɐ ɳ k ɑː ʈ t͡ɕ ɪ
கண்காணம்	k ɐ ɳ ɡ ɑː ɳ ɐ m
கண்காணி	k ɐ ɳ ɡ ɑː ɳ ɪ
கண்காணித்தல்	k ɐ ɳ ɡ ɑː ɳ ɪ t̪ː ɐ l
கண்ட	k ɐ ɳ ɖ ɐ
கண்டக்கருவி	k ɐ ɳ ɖ ɐ kː ɐ ɾ ʊ ʋ ɪ
கண்டங்கள்	k ɐ ɳ ɖ ɐ ŋ ɡ ɐ ɭ
கண்டமேனிக்கு	k ɐ ɳ ɖ ɐ m eː n ɪ kː ʊ
கண்டம்	k ɐ ɳ ɖ ɐ m
கண்டரை	k ɐ ɳ ɖ ɐ ɾ ɐ ɪ̯
கண்டி	k ɐ ɳ ɖ ɪ
கண்டிப்பு	k ɐ ɳ ɖ ɪ pː ʊ
கண்டீரவம்	k ɐ ɳ ɖ iː ɾ ɐ ʋ ɐ m
கண்டு	k ɐ ɳ ɖ ʊ
கண்டுகொள்	k ɐ ɳ ɖ ʊ ɡ o ɭ
கண்டுபிடி	k ɐ ɳ ɖ ʊ b ɪ ɖ ɪ
கண்டுபிடி	k ɐ ɳ ɖ ʊ p ɪ ɖ ɪ
கண்டுபிடிப்பு	k ɐ ɳ ɖ ʊ b ɪ ɖ ɪ pː ʊ
கண்டுபிடிப்பு	k ɐ ɳ ɖ ʊ p ɪ ɖ ɪ pː ʊ
கண்டெடு	k ɐ ɳ ɖ e ɖ ʊ
கண்டோனீயம்	k ɐ ɳ ɖ oː n iː j ɐ m
கண்ணகி	k ɐ ɳː ɐ ɡ ɪ
கண்ணன்	k ɐ ɳː ɐ n
கண்ணமரம்	k ɐ ɳː ɐ m ɐ ɾ ɐ m
கண்ணய	k ɐ ɳː ɐ j ɐ
கண்ணா	k ɐ ɳː ɑː
கண்ணாடி	k ɐ ɳː ɑː ɖ ɪ
கண்ணாடிவிரியன்	k ɐ ɳː ɑː ɖ ɪ ʋ ɪ ɾ ɪ j ɐ n
கண்ணாம்பூச்சி	k ɐ ɳː ɑː m b uː t͡ɕː ɪ
கண்ணாலம்	k ɐ ɳː ɑː l ɐ m
கண்ணி	k ɐ ɳː ɪ
கண்ணியம்	k ɐ ɳː ɪ j ɐ m
கண்ணிவெடி	k ɐ ɳː ɪ ʋ e ɖ ɪ
கண்ணீர்	k ɐ ɳː iː ɾ
கண்ணூர்	k ɐ ɳː uː ɾ
கண்ணை	k ɐ ɳː ɐ ɪ̯
கண்ணைக்கசக்கு	k ɐ ɳː ɐ ɪ̯ kː ɐ t͡ɕ ɐ kː ʊ
கண்ணைக்கட்டு	k ɐ ɳː ɐ ɪ̯ kː ɐ ʈː ʊ
கண்ணோட்டம்	k ɐ ɳː oː ʈː ɐ m
கண்படு	k ɐ ɳ b ɐ ɖ ʊ
கண்மணி	k ɐ ɳ m ɐ ɳ ɪ
கண்மாய்	k ɐ ɳ m ɑː j
கண்றாவி	k ɐ ɳ r ɑː ʋ ɪ
கண்விழி	k ɐ ɳ ʋ ɪ ɻ ɪ
கதகதப்பு	k ɐ d̪ ɐ ɡ ɐ d̪ ɐ pː ʊ
கதகளி	k ɐ d̪ ɐ ɡ ɐ ɭ ɪ
கதம்பகம்	k ɐ d̪ ɐ m b ɐ ɡ ɐ m
கதறு	k ɐ d̪ ɐ r ʊ
கதவு	k ɐ d̪ ɐ ʋ ʊ
கதாநாயகன்	k ɐ d̪ ɑː n̪ ɑː j ɐ ɡ ɐ n
கதாநாயகி	k ɐ d̪ ɑː n̪ ɑː j ɐ ɡ ɪ
கதி	k ɐ d̪ ɪ
கதிக்க	k ɐ d̪ ɪ kː ɐ
கதிப்பு	k ɐ d̪ ɪ pː ʊ
கதிமை	k ɐ d̪ ɪ m ɐ ɪ̯
கதிரவ	k ɐ d̪ ɪ ɾ ɐ ʋ ɐ
கதிரவன்	k ɐ d̪ ɪ ɾ ɐ ʋ ɐ n
கதிரியக்கம்	k ɐ d̪ ɪ ɾ ɪ j ɐ kː ɐ m
கதிரை	k ɐ d̪ ɪ ɾ ɐ ɪ̯
கதிரோன்	k ɐ d̪ ɪ ɾ oː n
கதிர்	k ɐ d̪ ɪ ɾ
கதிர்க்கடவுள்	k ɐ d̪ ɪ ɾ kː ɐ ɖ ɐ ʋ ʊ ɭ
கதிர்க்கட்டு	k ɐ d̪ ɪ ɾ kː ɐ ʈː ʊ
கதிர்ப்பு	k ɐ d̪ ɪ ɾ pː ʊ
கதிர்வீச்சு	k ɐ d̪ ɪ ɾ ʋ iː t͡ɕː ʊ
கதிர்வேலன்	k ɐ d̪ ɪ ɾ ʋ eː l ɐ n
கதை	k ɐ d̪ ɐ ɪ̯
கத்தரி	k ɐ t̪ː ɐ ɾ ɪ
கத்தரிக்காய்	k ɐ t̪ː ɐ ɾ ɪ kː ɑː j
கத்தரிக்கோல்	k ɐ t̪ː ɐ ɾ ɪ kː oː l
கத்தரிவிரியன்	k ɐ t̪ː ɐ ɾ ɪ ʋ ɪ ɾ ɪ j ɐ n
கத்தார்	k ɐ t̪ː ɑː ɾ
கத்தி	k ɐ t̪ː ɪ
கத்தியால்	k ɐ t̪ː ɪ j ɑː l
கத்திரி	k ɐ t̪ː ɪ ɾ ɪ
கத்திரிக்காய்	k ɐ t̪ː ɪ ɾ ɪ kː ɑː j
கத்திரிணி	k ɐ t̪ː ɪ ɾ ɪ ɳ ɪ
கத்திரியன்	k ɐ t̪ː ɪ ɾ ɪ j ɐ n
கத்திரிவிரியன்	k ɐ t̪ː ɪ ɾ ɪ ʋ ɪ ɾ ɪ j ɐ n
கத்து	k ɐ t̪ː ʊ
கத்தூரிமான்	k ɐ t̪ː uː ɾ ɪ m ɑː n
கந்தகம்	ɡ ɐ n̪ d̪ ɐ ɡ ɐ m
கந்தகம்	k ɐ n̪ d̪ ɐ ɡ ɐ m
கந்தன்	k ɐ n̪ d̪ ɐ n
கந்தம்	k ɐ n̪ d̪ ɐ m
கந்தரகோளம்	k ɐ n̪ d̪ ɐ ɾ ɐ ɡ oː ɭ ɐ m
கந்தரகோளம்	k ɐ n̪ d̪ ɐ ɾ ɐ k oː ɭ ɐ m
கந்தரம்	k ɐ n̪ d̪ ɐ ɾ ɐ m
கந்தல்	k ɐ n̪ d̪ ɐ l
கந்தி	k ɐ n̪ d̪ ɪ
கந்து	k ɐ n̪ d̪ ʊ
கந்தோர்	k ɐ n̪ d̪ oː ɾ
கனடா	k ɐ n ɐ ɖ ɑː
கனமழை	k ɐ n ɐ m ɐ ɻ ɐ ɪ̯
கனமான	k ɐ n ɐ m ɑː n ɐ
கனம்	k ɐ n ɐ m
கனவு	k ɐ n ɐ ʋ ʊ
கனவுகாணு	k ɐ n ɐ ʋ ʊ ɡ ɑː ɳ ʊ
கனவுகாணு	k ɐ n ɐ ʋ ʊ k ɑː ɳ ʊ
கனவுகாண்	k ɐ n ɐ ʋ ʊ ɡ ɑː ɳ
கனவுகாண்	k ɐ n ɐ ʋ ʊ k ɑː ɳ
கனா	k ɐ n ɑː
கனாக்காணு	k ɐ n ɑː kː ɑː ɳ ʊ
கனாக்காண்	k ɐ n ɑː kː ɑː ɳ
கனி	k ɐ n ɪ
கனிமம்	k ɐ n ɪ m ɐ m
கனிமொழி	k ɐ n ɪ m o ɻ ɪ
கனை	k ɐ n ɐ ɪ̯
கன்னட	k ɐ nː ɐ ɖ ɐ
கன்னடம்	k ɐ nː ɐ ɖ ɐ m
கன்னடா	k ɐ nː ɐ ɖ ɑː
கன்னம்	k ɐ nː ɐ m
கன்னல்	k ɐ nː ɐ l
கன்னி	k ɐ nː ɪ
கன்னியாகுமரி	k a nː i j aː k u m a ɾ i
கன்னியாகுமரி	k ɐ nː i j aː k u m ɐ ɾ i
கன்று	k ɐ n r ʊ
கன்றுக்குட்டி	k ɐ n r ʊ kː ʊ ʈː ɪ
கன்றுபோடு	k ɐ n r ʊ b oː ɖ ʊ
கபடம்	k ɐ b ɐ ɖ ɐ m
கபடி	k ɐ b ɐ ɖ ɪ
கபடு	k ɐ b ɐ ɖ ʊ
கபாலம்	k ɐ b ɑː l ɐ m
கபித்தம்	k ɐ b ɪ t̪ː ɐ m
கபிலம்	k ɐ b ɪ l ɐ m
கபுரம்	k ɐ b ʊ ɾ ɐ m
கபோதகம்	k ɐ b oː d̪ ɐ ɡ ɐ m
கபோதம்	k ɐ b oː d̪ ɐ m
கபோன்	ɡ ɐ b oː n
கபோன்	k ɐ b oː n
கப்பம்	k ɐ pː ɐ m
கப்பற்சண்டை	k ɐ pː ɐ r t͡ɕ ɐ ɳ ɖ ɐ ɪ̯
கப்பற்சேதம்	k ɐ pː ɐ r t͡ɕ eː d̪ ɐ m
கப்பற்படை	k ɐ pː ɐ r p ɐ ɖ ɐ ɪ̯
கப்பல்	k ɐ pː ɐ l
கப்பல்கூடம்	k ɐ pː ɐ l ɡ uː ɖ ɐ m
கப்பல்படை	k ɐ pː ɐ l b ɐ ɖ ɐ ɪ̯
கப்பி	k ɐ pː ɪ
கப்பு	ɡ ɐ b b ʊ
கப்பு	ɡ ɐ pː ʊ
கமகம	ɡ ɐ m ɐ ɡ ɐ m ɐ
கமலம்	k ɐ m ɐ l ɐ m
கமழ்	k ɐ m ɐ ɻ
கமுக்கம்	k ɐ m ʊ kː ɐ m
கமை	k ɐ m ɐ ɪ̯
கம்பம்	k ɐ m b ɐ m
கம்பளம்	k ɐ m b ɐ ɭ ɐ m
கம்பளி	k ɐ m b ɐ ɭ ɪ
கம்பளிப்பூச்சி	k ɐ m b ɐ ɭ ɪ pː uː t͡ɕː ɪ
கம்பி	k ɐ m b ɪ
கம்பு	k ɐ m b ʊ
கம்போடியா	k ɐ m b oː ɖ ɪ j ɑː
கம்ப்யூட்டர்	k ɐ m b j uː ʈː ɐ ɾ
கம்மார்வெற்றிலை	k ɐ mː ɑː ɾ ʋ e rː ɪ l ɐ ɪ̯
கம்மி	k ɐ mː ɪ
கயம்	k ɐ j ɐ m
கயல்	k ɐ j ɐ l
கயல்விழி	k ɐ j ɐ l ʋ ɪ ɻ ɪ
கயவாய்	k ɐ j ɐ ʋ ɑː j
கயானா	ɡ ɐ j ɑː n ɑː
கயானா	k ɐ j ɑː n ɑː
கயிரவம்	k ɐ j ɪ ɾ ɐ ʋ ɐ m
கயிறு	k ɐ j ɪ r ʊ
கயிலை	k ɐ j ɪ l ɐ ɪ̯
கரகோஷம்	k ɐ ɾ ɐ ɡ oː ʂ ɐ m
கரடகம்	k ɐ ɾ ɐ ɖ ɐ ɡ ɐ m
கரடி	k ɐ ɾ ɐ ɖ ɪ
கரண்டி	k ɐ ɾ ɐ ɳ ɖ ɪ
கரண்ட்	k ɐ ɾ ɐ ɳ ʈ
கரப்பான்	k ɐ ɾ ɐ pː ɑː n
கரம்	k ɐ ɾ ɐ m
கராசனம்	k ɐ ɾ ɑː t͡ɕ ɐ n ɐ m
கராம்பு	k ɐ ɾ ɑː m b ʊ
கராம்பு	k ɾ ɑː m b ʊ
கரி	k ɐ ɾ ɪ
கரிக்குருவி	k ɐ ɾ ɪ kː ʊ ɾ ʊ ʋ ɪ
கரிசனம்	k ɐ ɾ ɪ t͡ɕ ɐ n ɐ m
கரிசனை	k ɐ ɾ ɪ t͡ɕ ɐ n ɐ ɪ̯
கரிசலாங்கண்ணி	k ɐ ɾ ɪ t͡ɕ ɐ l ɑː ŋ ɡ ɐ ɳː ɪ
கரிசல்	k ɐ ɾ ɪ t͡ɕ ɐ l
கரிசல்மண்	k ɐ ɾ ɪ t͡ɕ ɐ l m ɐ ɳ
கரிச்சலாசத்து	k ɐ ɾ ɪ t͡ɕː ɐ l ɑː t͡ɕ ɐ t̪ː ʊ
கரிபியன்	k ɐ ɾ ɪ b ɪ j ɐ n
கரிமம்	k ɐ ɾ ɪ m ɐ m
கரியமிலவாயு	k ɐ ɾ ɪ j ɐ m ɪ l ɐ ʋ ɑː j ʊ
கரிவாளன்கோலா	k ɐ ɾ ɪ ʋ ɑː ɭ ɐ n ɡ oː l ɑː
கரீபியன்	k ɐ ɾ iː b ɪ j ɐ n
கரு	k ɐ ɾ ʊ
கருகு	k ɐ ɾ ʊ ɡ ʊ
கருக்கு	k ɐ ɾ ʊ kː ʊ
கருக்குவாய்ச்சி	k ɐ ɾ ʊ kː ʊ ʋ ɑː j t͡ɕː ɪ
கருங்கல்	k ɐ ɾ ʊ ŋ ɡ ɐ l
கருங்காலி	k ɐ ɾ ʊ ŋ ɡ ɑː l ɪ
கருஞ்சிவப்பு	k ɐ ɾ ʊ ɲ d͡ʑ ɪ ʋ ɐ pː ʊ
கருடன்	k ɐ ɾ ʊ ɖ ɐ n
கருடன்	ɡ ɐ ɾ ʊ ɖ ɐ n
கருணை	k ɐ ɾ ʊ ɳ ɐ ɪ̯
கருது	k ɐ ɾ ʊ d̪ ʊ
கருதுகோள்	k a ɾ u d̪ u k oː ɭ
கருதுகோள்	k ɐ ɾ u d̪ ɯ k oː ɭ
கருத்தியல்	k ɐ ɾ ʊ t̪ː ɪ j ɐ l
கருத்துமுதல்வாதம்	k ɐ ɾ ʊ t̪ː ʊ m ʊ d̪ ɐ l ʋ ɑː d̪ ɐ m
கருத்துரு	k ɐ ɾ ʊ t̪ː ʊ ɾ ʊ
கருநாடகம்	k ɐ ɾ ʊ n̪ ɑː ɖ ɐ ɡ ɐ m
கருநாரை	k ɐ ɾ ʊ n̪ ɑː ɾ ɐ ɪ̯
கருநிலம்	k ɐ ɾ ʊ n̪ ɪ l ɐ m
கருநீலம்	k ɐ ɾ ʊ n̪ iː l ɐ m
கருப்பட்டி	k ɐ ɾ ʊ pː ɐ ʈː ɪ
கருப்பநீர்	k ɐ ɾ ʊ pː ɐ n̪ iː ɾ
கருப்பம்	k ɐ ɾ ʊ pː ɐ m
கருப்பிணி	k ɐ ɾ ʊ pː ɪ ɳ ɪ
கருப்பு	k ɐ ɾ ʊ pː ʊ
கருப்பை	k ɐ ɾ ʊ pː ɐ ɪ̯
கருமம்	k ɐ ɾ ʊ m ɐ m
கருமுட்டை	k ɐ ɾ ʊ m ʊ ʈː ɐ ɪ̯
கருமை	k ɐ ɾ ʊ m ɐ ɪ̯
கருமையான	k ɐ ɾ ʊ m ɐ ɪ̯ j ɑː n ɐ
கரும்பு	k ɐ ɾ ʊ m b ʊ
கருவண்டு	k ɐ ɾ ʊ ʋ ɐ ɳ ɖ ʊ
கருவளையம்	k ɐ ɾ ʊ ʋ ɐ ɭ ɐ ɪ̯ j ɐ m
கருவா	k ɐ ɾ ʊ ʋ ɑː
கருவாடு	k ɐ ɾ ʊ ʋ ɑː ɖ ʊ
கருவாப்பட்டை	k ɐ ɾ ʊ ʋ ɑː pː ɐ ʈː ɐ ɪ̯
கருவி	k ɐ ɾ ʊ ʋ ɪ
கருவிழி	k ɐ ɾ ʊ ʋ ɪ ɻ ɪ
கருவீரல்	k ɐ ɾ ʊ ʋ iː ɾ ɐ l
கருவூலம்	k ɐ ɾ ʊ ʋ uː l ɐ m
கரூர்	k ɐ ɾ uː ɾ
கரெக்ட்	k ɐ ɾ e k ʈ
கரை	k ɐ ɾ ɐ ɪ̯
கரைப்பு	k ɐ ɾ ɐ ɪ̯ pː ʊ
கரையான்	k ɐ ɾ ɐ ɪ̯ j ɑː n
கர்த்தர்	k ɐ ɾ t̪ː ɐ ɾ
கர்த்தவியம்	k ɐ ɾ t̪ː ɐ ʋ ɪ j ɐ m
கர்நாடகம்	k ɐ ɾ n̪ ɑː ɖ ɐ ɡ ɐ m
கர்நாடகா	k ɐ ɾ n̪ ɑː ɖ ɐ ɡ ɑː
கர்ப்பம்	k ɐ ɾ pː ɐ m
கர்ப்பம்	ɡ ɐ ɾ b ɐ m
கர்ப்பிணி	ɡ ɐ ɾ b ɪ ɳ ɪ
கர்ப்பிணி	k ɐ ɾ pː ɪ ɳ ɪ
கர்மம்	k ɐ ɾ m ɐ m
கர்வம்	k ɐ ɾ ʋ ɐ m
கர்வம்	ɡ ɐ ɾ ʋ ɐ m
கற	k ɐ r ɐ
கறவு	k ɐ r ɐ ʋ ʊ
கறவை	k ɐ r ɐ ʋ ɐ ɪ̯
கறி	k ɐ r ɪ
கறிக்கு	k ɐ r ɪ kː ʊ
கறிவேப்பிலை	k ɐ r ɪ ʋ eː pː ɪ l ɐ ɪ̯
கறு	k ɐ r ʊ
கறுப்பு	k ɐ r ʊ pː ʊ
கறுப்புப்பணம்	k ɐ r ʊ pː ʊ pː ɐ ɳ ɐ m
கறுப்புவெற்றிலை	k ɐ r ʊ pː ʊ ʋ e rː ɪ l ɐ ɪ̯
கறுவா	k ɐ r ʊ ʋ ɑː
கறுவு	k ɐ r ʊ ʋ ʊ
கறை	k ɐ r ɐ ɪ̯
கறையான்	k ɐ r ɐ ɪ̯ j ɑː n
கற்கண்டு	k ɐ r k ɐ ɳ ɖ ʊ
கற்கம்	k ɐ r k ɐ m
கற்கள்	k ɐ r k ɐ ɭ
கற்குளி	k ɐ r k ʊ ɭ ɪ
கற்குழம்பு	k ɐ r k ʊ ɻ ɐ m b ʊ
கற்பனை	k ɐ r p ɐ n ɐ ɪ̯
கற்பழி	k ɐ r p ɐ ɻ ɪ
கற்பழிப்பு	k ɐ r p ɐ ɻ ɪ pː ʊ
கற்பாழி	k ɐ r p ɑː ɻ ɪ
கற்பி	k ɐ r p ɪ
கற்பு	k ɐ r p ʊ
கற்பூரம்	k ɐ r p uː ɾ ɐ m
கற்றல்	k ɐ rː ɐ l
கற்றார்	k ɐ rː ɑː ɾ
கற்றாழை	k ɐ rː ɑː ɻ ɐ ɪ̯
கற்றிருத்து	k ɐ rː ɪ ɾ ʊ t̪ː ʊ
கற்றை	k ɐ rː ɐ ɪ̯
கற்றொட்டி	k ɐ rː o ʈː ɪ
கற்றொழிலோர்	k ɐ rː o ɻ ɪ l oː ɾ
கல	k ɐ l ɐ
கலகம்	k ɐ l ɐ ɡ ɐ m
கலக்கு	k ɐ l ɐ kː ʊ
கலங்கரை	k ɐ l ɐ ŋ ɡ ɐ ɾ ɐ ɪ̯
கலங்கரைவிளக்கம்	k ɐ l ɐ ŋ ɡ ɐ ɾ ɐ ɪ̯ ʋ ɪ ɭ ɐ kː ɐ m
கலங்கு	k ɐ l ɐ ŋ ɡ ʊ
கலசம்	k ɐ l ɐ t͡ɕ ɐ m
கலந்தாய்வு	k ɐ l ɐ n̪ d̪ ɑː j ʋ ʊ
கலந்துகொள்	k ɐ l ɐ n̪ d̪ ʊ ɡ o ɭ
கலன்	k ɐ l ɐ n
கலப்பை	k ɐ l ɐ pː ɐ ɪ̯
கலம்	k ɐ l ɐ m
கலயம்	k ɐ l ɐ j ɐ m
கலவி	k ɐ l ɐ ʋ ɪ
கலவை	k ɐ l ɐ ʋ ɐ ɪ̯
கலாச்சாரம்	k ɐ l ɑː t͡ɕː ɑː ɾ ɐ m
கலாநிதி	k ɐ l ɑː n̪ ɪ d̪ ɪ
கலாய்	k ɐ l ɑː j
கலாவர்	k ɐ l ɑː ʋ ɐ ɾ
கலாவர்கள்	k ɐ l ɑː ʋ ɐ ɾ ɡ ɐ ɭ
கலிங்கல்	k ɐ l ɪ ŋ ɡ ɐ l
கலியாணம்	k ɐ l ɪ j ɑː ɳ ɐ m
கலீஜு	ɡ ɐ l iː d͡ʑ ʊ
கலுழ்ச்சி	k ɐ l ʊ ɻ t͡ɕː ɪ
கலை	k ɐ l ɐ ɪ̯
கலைக்களஞ்சியம்	k ɐ l ɐ ɪ̯ kː ɐ ɭ ɐ ɲ d͡ʑ ɪ j ɐ m
கலைக்கூடம்	k ɐ l ɐ ɪ̯ kː uː ɖ ɐ m
கலைச்சொல்	k ɐ l ɐ ɪ̯ t͡ɕː o l
கலைஞர்	k ɐ l ɐ ɪ̯ ɲ ɐ ɾ
கலையுருக்காட்டி	k ɐ l ɐ ɪ̯ j ʊ ɾ ʊ kː ɑː ʈː ɪ
கல்	k ɐ l
கல்கி	k ɐ l k ɪ
கல்செடி	k ɐ l t͡ɕ e ɖ ɪ
கல்முனை	k ɐ l m ʊ n ɐ ɪ̯
கல்யாணம்	k ɐ l j ɑː ɳ ɐ m
கல்லறை	k ɐ l l ɐ r ɐ ɪ̯
கல்லீரல்	k ɐ l l iː ɾ ɐ l
கல்லுப்பு	k ɐ l l ʊ pː ʊ
கல்லூரி	k ɐ l l uː ɾ ɪ
கல்லேறு	k ɐ l l eː r ʊ
கல்லோலம்	k ɐ l l oː l ɐ m
கல்வி	k ɐ l ʋ ɪ
கல்விக்கூடம்	k ɐ l ʋ ɪ kː uː ɖ ɐ m
கல்விநிலையம்	k ɐ l ʋ ɪ n̪ ɪ l ɐ ɪ̯ j ɐ m
கல்வெட்டியல்	k ɐ l ʋ e ʈː ɪ j ɐ l
கல்வெட்டு	k ɐ l ʋ e ʈː ʊ
களங்கம்	k ɐ ɭ ɐ ŋ ɡ ɐ m
களஞ்சியம்	k ɐ ɭ ɐ ɲ d͡ʑ ɪ j ɐ m
களன்	k ɐ ɭ ɐ n
களப்பணி	k ɐ ɭ ɐ pː ɐ ɳ ɪ
களம்	k ɐ ɭ ɐ m
களவாணி	k ɐ ɭ ɐ ʋ ɑː ɳ ɪ
களவு	k ɐ ɭ ɐ ʋ ʊ
களி	k ɐ ɭ ɪ
களிகூறு	k a ɭ i k uː r u
களிகூறு	k ə ɭ ɪ k uː r ɯ
களிப்பு	k ɐ ɭ ɪ pː ʊ
களிமண்	k ɐ ɭ ɪ m ɐ ɳ
களிறு	k ɐ ɭ ɪ r ʊ
களை	k ɐ ɭ ɐ ɪ̯
களைப்பு	k ɐ ɭ ɐ ɪ̯ pː ʊ
கள்	k ɐ ɭ
கள்ள	k ɐ ɭː ɐ
கள்ளக்குறிச்சி	k ɐ ɭː ɐ kː ʊ r ɪ t͡ɕː ɪ
கள்ளத்தனம்	k ɐ ɭː ɐ t̪ː ɐ n ɐ m
கள்ளன்	k ɐ ɭː ɐ n
கள்ளப்பணம்	k ɐ ɭː ɐ pː ɐ ɳ ɐ m
கள்ளம்	k ɐ ɭː ɐ m
கள்ளர்	k ɐ ɭː ɐ ɾ
கள்ளி	k ɐ ɭː ɪ
கள்ளிச்செடி	k ɐ ɭː ɪ t͡ɕː e ɖ ɪ
கள்வன்	k ɐ ɭ ʋ ɐ n
கழகம்	k ɐ ɻ ɐ ɡ ɐ m
கழஞ்சு	k ɐ ɻ ɐ ɲ d͡ʑ ʊ
கழட்டு	k ɐ ɻ ɐ ʈː ʊ
கழனி	k ɐ ɻ ɐ n ɪ
கழற்று	k ɐ ɻ ɐ rː ʊ
கழலு	k ɐ ɻ ɐ l ʊ
கழல்	k ɐ ɻ ɐ l
கழி	k ɐ ɻ ɪ
கழித்தல்	k ɐ ɻ ɪ t̪ː ɐ l
கழித்து	k ɐ ɻ ɪ t̪ː ʊ
கழிப்பறை	k ɐ ɻ ɪ pː ɐ r ɐ ɪ̯
கழிமுட்டான்	k ɐ ɻ ɪ m ʊ ʈː ɑː n
கழிவறை	k ɐ ɻ ɪ ʋ ɐ r ɐ ɪ̯
கழிவு	k ɐ ɻ ɪ ʋ ʊ
கழுகரிப்பரி	k ɐ ɻ ʊ ɡ ɐ ɾ ɪ pː ɐ ɾ ɪ
கழுகு	k ɐ ɻ ʊ ɡ ʊ
கழுதை	k ɐ ɻ ʊ d̪ ɐ ɪ̯
கழுதைப்புலி	k ɐ ɻ ʊ d̪ ɐ ɪ̯ pː ʊ l ɪ
கழுத்தறு	k ɐ ɻ ʊ t̪ː ɐ r ʊ
கழுத்து	k ɐ ɻ ʊ t̪ː ʊ
கழுத்துக்குட்டை	k ɐ ɻ ʊ t̪ː ʊ kː ʊ ʈː ɐ ɪ̯
கழுத்தை	k ɐ ɻ ʊ t̪ː ɐ ɪ̯
கழுவு	k ɐ ɻ ʊ ʋ ʊ
கவண்	k ɐ ʋ ɐ ɳ
கவனம்	ɡ ɐ ʋ ɐ n ɐ m
கவனி	k ɐ ʋ ɐ n ɪ
கவனி	ɡ ɐ ʋ ɐ n ɪ
கவரிங்	k ɐ ʋ ɐ ɾ ɪ ŋ
கவர்	k ɐ ʋ ɐ ɾ
கவர்வு	k ɐ ʋ ɐ ɾ ʋ ʊ
கவற்சி	k ɐ ʋ ɐ r t͡ɕ ɪ
கவலை	k ɐ ʋ ɐ l ɐ ɪ̯
கவல்	k ɐ ʋ ɐ l
கவி	k ɐ ʋ ɪ
கவிகள்	k ɐ ʋ ɪ ɡ ɐ ɭ
கவிச்சி	k ɐ ʋ ɪ t͡ɕː ɪ
கவிச்சு	k ɐ ʋ ɪ t͡ɕː ʊ
கவிஞன்	k ɐ ʋ ɪ ɲ ɐ n
கவிஞர்	k ɐ ʋ ɪ ɲ ɐ ɾ
கவிதை	k ɐ ʋ ɪ d̪ ɐ ɪ̯
கவித்தம்	k ɐ ʋ ɪ t̪ː ɐ m
கவின்	k ɐ ʋ ɪ n
கவிழ்	k ɐ ʋ ɪ ɻ
கவுதாரி	k ɐ ʋ ʊ d̪ ɑː ɾ ɪ
கவுளி	k ɐ ʋ ʊ ɭ ɪ
கஷாயம்	k ɐ ʂ ɑː j ɐ m
கஷ்டங்கள்	k ɐ ʂ ʈ ɐ ŋ ɡ ɐ ɭ
கஷ்டம்	k ɐ ʂ ʈ ɐ m
கஸாயி	k ɐ s ɑː j ɪ
கஸ்தூரிமஞ்சள்	k ɐ s t̪ uː ɾ ɪ m ɐ ɲ d͡ʑ ɐ ɭ
கஸ்தூரிமான்	k ɐ s t̪ uː ɾ ɪ m ɑː n
கா	k ɑː
காகம்	k ɑː ɡ ɐ m
காகிதம்	k ɑː ɡ ɪ d̪ ɐ m
காக்கா	k ɑː kː ɑː
காக்காய்	k ɑː kː ɑː j
காக்காய்பிடி	k ɑː kː ɑː j b ɪ ɖ ɪ
காக்காய்வலிப்பு	k ɑː kː ɑː j ʋ ɐ l ɪ pː ʊ
காக்காய்வெருட்சி	k ɑː kː ɑː j ʋ e ɾ ʊ ʈ t͡ɕ ɪ
காக்கை	k ɑː kː ɐ ɪ̯
காக்கைக்கு	k ɑː kː ɐ ɪ̯ kː ʊ
காசர்கோடு	k ɑː t͡ɕ ɐ ɾ ɡ oː ɖ ʊ
காசறை	k ɑː t͡ɕ ɐ r ɐ ɪ̯
காசினி	k ɑː t͡ɕ ɪ n ɪ
காசினிவிரை	k ɑː t͡ɕ ɪ n ɪ ʋ ɪ ɾ ɐ ɪ̯
காசு	k ɑː t͡ɕ ʊ
காசோலை	k ɑː t͡ɕ oː l ɐ ɪ̯
காஞ்சிபுரம்	k ɑː ɲ d͡ʑ ɪ b ʊ ɾ ɐ m
காடு	k ɑː ɖ ʊ
காடை	k ɑː ɖ ɐ ɪ̯
காடைக்கண்ணி	k ɑː ɖ ɐ ɪ̯ kː ɐ ɳː ɪ
காட்சி	k ɑː ʈ t͡ɕ ɪ
காட்டகத்தமிர்து	k ɑː ʈː ɐ ɡ ɐ t̪ː ɐ m ɪ ɾ d̪ ʊ
காட்டசை	k ɑː ʈː ɐ t͡ɕ ɐ ɪ̯
காட்டாமணக்கு	k ɑː ʈː ɑː m ɐ ɳ ɐ kː ʊ
காட்டி	k ɑː ʈː ɪ
காட்டிலும்	k ɑː ʈː ɪ l ʊ m
காட்டு	k ɑː ʈː ʊ
காட்டுக்காய்ச்சுரை	k ɑː ʈː ʊ kː ɑː j t͡ɕː ʊ ɾ ɐ ɪ̯
காட்டுக்கோழி	k ɑː ʈː ʊ kː oː ɻ ɪ
காட்டுச்சந்தனம்	k ɑː ʈː ʊ t͡ɕː ɐ n̪ d̪ ɐ n ɐ m
காட்டுத்தனம்	k ɑː ʈː ʊ t̪ː ɐ n ɐ m
காட்டுத்தீ	k ɑː ʈː ʊ t̪ː iː
காட்டுப்பன்றி	k ɑː ʈː ʊ pː ɐ n r ɪ
காட்டுப்பயிர்	k ɑː ʈː ʊ pː ɐ j ɪ ɾ
காட்டுப்புகையிலை	k ɑː ʈː ʊ pː ʊ ɡ ɐ ɪ̯ j ɪ l ɐ ɪ̯
காட்டுப்பூனை	k ɑː ʈː ʊ pː uː n ɐ ɪ̯
காட்டுவெண்டை	k ɑː ʈː ʊ ʋ e ɳ ɖ ɐ ɪ̯
காட்டெருது	k ɑː ʈː e ɾ ʊ d̪ ʊ
காட்டெருமை	k ɑː ʈː e ɾ ʊ m ɐ ɪ̯
காட்டேரி	k ɑː ʈː eː ɾ ɪ
காட்டேறி	k ɑː ʈː eː r ɪ
காணம்	k ɑː ɳ ɐ m
காணி	k ɑː ɳ ɪ
காணிக்கை	k ɑː ɳ ɪ kː ɐ ɪ̯
காணு	k ɑː ɳ ʊ
காணொளி	k ɑː ɳ o ɭ ɪ
காணோம்	k ɑː ɳ oː m
காண்	k ɑː ɳ
காண்டம்	k ɑː ɳ ɖ ɐ m
காண்டாமிருகம்	k ɑː ɳ ɖ ɑː m ɪ ɾ ʊ ɡ ɐ m
காண்டீவம்	k ɑː ɳ ɖ iː ʋ ɐ m
காண்டு	ɡ ɑː ɳ ɖ ʊ
காண்பி	k ɑː ɳ b ɪ
காதணி	k ɑː d̪ ɐ ɳ ɪ
காதம்	k ɑː d̪ ɐ m
காதரம்	k ɑː d̪ ɐ ɾ ɐ m
காதலன்	k ɑː d̪ ɐ l ɐ n
காதலர்	k ɑː d̪ ɐ l ɐ ɾ
காதலி	k ɑː d̪ ɐ l ɪ
காதல்	k ɑː d̪ ɐ l
காது	k ɑː d̪ ʊ
காதை	k ɑː d̪ ɐ ɪ̯
காத்தவராயன்	k ɑː t̪ː ɐ ʋ ɐ ɾ ɑː j ɐ n
காத்தாடி	k ɑː t̪ː ɑː ɖ ɪ
காத்தியம்	k ɑː t̪ː ɪ j ɐ m
காத்திரம்	k ɑː t̪ː ɪ ɾ ɐ m
காத்திரு	k ɑː t̪ː ɪ ɾ ʊ
காத்திருப்பு	k ɑː t̪ː ɪ ɾ ʊ pː ʊ
காந்தக்கல்	k ɑː n̪ d̪ ɐ kː ɐ l
காந்தக்கல்	ɡ ɑː n̪ d̪ ɐ kː ɐ l
காந்தம்	k ɑː n̪ d̪ ɐ m
காந்தம்	ɡ ɑː n̪ d̪ ɐ m
காந்தள்	k ɑː n̪ d̪ ɐ ɭ
காந்தவண்டி	k ɑː n̪ d̪ ɐ ʋ ɐ ɳ ɖ ɪ
காந்தாரம்	k ɑː n̪ d̪ ɑː ɾ ɐ m
காந்தி	k aː n̪ d̪ i
காந்தி	ɡ aː n̪ d̪ i
கானகம்	k ɑː n ɐ ɡ ɐ m
கானங்கோழி	k ɑː n ɐ ŋ ɡ oː ɻ ɪ
கானனீர்	k ɑː n ɐ n iː ɾ
கானலி	k ɑː n ɐ l ɪ
கானல்	k ɑː n ɐ l
கானல்நீர்	k ɑː n ɐ l n̪ iː ɾ
கானா	ɡ ɑː n ɑː
கானா	k ɑː n ɑː
கானெறி	k ɑː n e r ɪ
கான்	k ɑː n
காபி	k ɑː p ɪ
காபூல்	k ɑː b uː l
காப்ச்சா	k ɑː p t͡ɕː ɑː
காப்பகம்	k ɑː pː ɐ ɡ ɐ m
காப்பாற்று	k ɑː pː ɑː rː ʊ
காப்பி	k ɑː pː ɪ
காப்பியம்	k ɑː pː ɪ j ɐ m
காப்பீடு	k ɑː pː iː ɖ ʊ
காப்பு	k ɑː pː ʊ
காப்புறுதி	k ɑː pː ʊ r ʊ d̪ ɪ
காப்போம்	k ɑː pː oː m
காமன்	k ɑː m ɐ n
காமமரம்	k ɑː m ɐ m ɐ ɾ ɐ m
காமம்	k ɑː m ɐ m
காமரா	k ɑː m ɐ ɾ ɑː
காமி	k ɑː m ɪ
காமினி	k ɑː m ɪ n ɪ
காம்பியா	ɡ ɑː m b ɪ j ɑː
காம்பு	k ɑː m b ʊ
காம்புச்சல்லடை	k ɑː m b ʊ t͡ɕː ɐ l l ɐ ɖ ɐ ɪ̯
காயம்	k ɑː j ɐ m
காய்	k ɑː j
காய்கறி	k ɑː j ɡ ɐ r ɪ
காய்ச்சல்	k ɑː j t͡ɕː ɐ l
காய்ச்சு	k ɑː j t͡ɕː ʊ
காய்த்து	k ɑː j t̪ː ʊ
காரணப்பெயர்	k ɑː ɾ ɐ ɳ ɐ pː e j ɐ ɾ
காரணம்	k ɑː ɾ ɐ ɳ ɐ m
காரம்	k ɑː ɾ ɐ m
காராமணி	k ɑː ɾ ɑː m ɐ ɳ ɪ
காரியசித்தி	k ɑː ɾ ɪ j ɐ t͡ɕ ɪ t̪ː ɪ
காரியம்	k ɑː ɾ ɪ j ɐ m
காரீயக்கல்	k ɑː ɾ iː j ɐ kː ɐ l
காருண்யம்	k ɑː ɾ ʊ ɳ j ɐ m
காரை	k ɑː ɾ ɐ ɪ̯
கார்	k ɑː ɾ
கார்த்திகேயன்	k ɑː ɾ t̪ː ɪ ɡ eː j ɐ n
கார்த்திகை	k ɑː ɾ t̪ː ɪ ɡ ɐ ɪ̯
கார்த்திகைவாளை	k ɑː ɾ t̪ː ɪ ɡ ɐ ɪ̯ ʋ ɑː ɭ ɐ ɪ̯
கார்த்தூம்	k ɑː ɾ t̪ː uː m
கார்ப்பு	k ɑː ɾ pː ʊ
கார்மம்	k ɑː ɾ m ɐ m
கார்முகில்	k ɑː ɾ m ʊ ɡ ɪ l
காறாக்கருணை	k ɑː r ɑː kː ɐ ɾ ʊ ɳ ɐ ɪ̯
காறு	k ɑː r ʊ
காறையெலும்பு	k ɑː r ɐ ɪ̯ j e l ʊ m b ʊ
காற்புள்ளி	k ɑː r p ʊ ɭː ɪ
காற்றழுத்தமானி	k ɑː rː ɐ ɻ ʊ t̪ː ɐ m ɑː n ɪ
காற்றழுத்தம்	k ɑː rː ɐ ɻ ʊ t̪ː ɐ m
காற்றாடி	k ɑː rː ɑː ɖ ɪ
காற்றாலை	k ɑː rː ɑː l ɐ ɪ̯
காற்று	k ɑː rː ʊ
காலணி	k ɑː l ɐ ɳ ɪ
காலத்தில்	k ɑː l ɐ t̪ː ɪ l
காலன்	k ɑː l ɐ n
காலபைரவர்	k ɑː l ɐ b ɐ ɪ̯ ɾ ɐ ʋ ɐ ɾ
காலப்பெயர்	k ɑː l ɐ pː e j ɐ ɾ
காலமா	k ɑː l ɐ m ɑː
காலமாகு	k ɑː l ɐ m ɑː ɡ ʊ
காலம்	k ɑː l ɐ m
காலம்செல்	k ɑː l ɐ m t͡ɕ e l
காலாட்படை	k ɑː l ɑː ʈ p ɐ ɖ ɐ ɪ̯
காலாள்	k ɑː l ɑː ɭ
காலி	ɡ ɑː l ɪ
காலி	k ɑː l ɪ
காலி	k ɑː l ɪ
காலுறை	k ɑː l ʊ r ɐ ɪ̯
காலுறைகள்	k ɑː l ʊ r ɐ ɪ̯ ɡ ɐ ɭ
காலை	k ɑː l ɐ ɪ̯
கால்	k ɑː l
கால்கள்	k ɑː l ɡ ɐ ɭ
கால்நடை	k ɑː l n̪ ɐ ɖ ɐ ɪ̯
கால்மிதி	k ɑː l m ɪ d̪ ɪ
கால்விரல்	k ɑː l ʋ ɪ ɾ ɐ l
காளன்	k ɑː ɭ ɐ n
காளவாய்	k ɑː ɭ ɐ ʋ ɑː j
காளான்	k ɑː ɭ ɑː n
காளான்கள்	k ɑː ɭ ɑː n ɡ ɐ ɭ
காளி	k ɑː ɭ ɪ
காளை	k ɑː ɭ ɐ ɪ̯
காவல்	k ɑː ʋ ɐ l
காவி	k ɑː ʋ ɪ
காவிக்கல்	k ɑː ʋ ɪ kː ɐ l
காவியம்	k ɑː ʋ ɪ j ɐ m
காவிரி	k ɑː ʋ ɪ ɾ ɪ
காவு	k ɑː ʋ ʊ
காவேரி	k ɑː ʋ eː ɾ ɪ
காஷ்மீர்	k aː ʂ m iː ɾ
காஷ்மீர்	k æː ʂ m iː ɾ
கிங்கிணி	k ɪ ŋ ɡ ɪ ɳ ɪ
கிசில்	k ɪ t͡ɕ ɪ l
கிசுகிசு	k i s u k i s u
கிசுகிசு	k i s u k i s ɯ
கிச்சிலி	k ɪ t͡ɕː ɪ l ɪ
கிச்சு	k ɪ t͡ɕː ʊ
கிச்சுக்கிச்சுமூட்டு	k ɪ t͡ɕː ʊ kː ɪ t͡ɕː ʊ m uː ʈː ʊ
கிட	k ɪ ɖ ɐ
கிடக்கட்டும்	k ɪ ɖ ɐ kː ɐ ʈː ʊ m
கிடக்கை	k ɪ ɖ ɐ kː ɐ ɪ̯
கிடங்கு	k ɪ ɖ ɐ ŋ ɡ ʊ
கிடப்பு	k ɪ ɖ ɐ pː ʊ
கிடா	k ɪ ɖ ɑː
கிடை	k ɪ ɖ ɐ ɪ̯
கிடையாது	k ɪ ɖ ɐ ɪ̯ j ɑː d̪ ʊ
கிட்ட	k ɪ ʈː ɐ
கிட்டக்க	k ɪ ʈː ɐ kː ɐ
கிட்டத்தட்ட	k ɪ ʈː ɐ t̪ː ɐ ʈː ɐ
கிட்டப்பார்வை	k ɪ ʈː ɐ pː ɑː ɾ ʋ ɐ ɪ̯
கிட்டி	k ɪ ʈː ɪ
கிட்டு	k ɪ ʈː ʊ
கிணறு	k ɪ ɳ ɐ r ʊ
கிணற்றாமை	k ɪ ɳ ɐ rː ɑː m ɐ ɪ̯
கிணற்றுக்கட்டு	k ɪ ɳ ɐ rː ʊ kː ɐ ʈː ʊ
கிண்டல்	k ɪ ɳ ɖ ɐ l
கிண்டி	k ɪ ɳ ɖ ɪ
கிண்டி	ɡ i ɳ ɖ i
கிண்டி	k i ɳ ɖ i
கிண்டு	k ɪ ɳ ɖ ʊ
கிண்ணம்	k ɪ ɳː ɐ m
கித்தார்	k ɪ t̪ː ɑː ɾ
கித்தில்	k ɪ t̪ː ɪ l
கின்னம்	k ɪ nː ɐ m
கின்னரம்	k ɪ nː ɐ ɾ ɐ m
கின்னிக்கோழி	k ɪ nː ɪ kː oː ɻ ɪ
கின்று	k ɪ n r ʊ
கிபாயத்து	k ɪ b ɑː j ɐ t̪ː ʊ
கிமீ	k ɪ m iː
கியானம்	k ɪ j ɑː n ɐ m
கியால்	k ɪ j ɑː l
கியாழம்	k ɪ j ɑː ɻ ɐ m
கியூபா	k ɪ j uː b ɑː
கிரககதி	k ɪ ɾ ɐ ɡ ɐ ɡ ɐ d̪ ɪ
கிரகபரிவிருத்தி	k ɪ ɾ ɐ ɡ ɐ b ɐ ɾ ɪ ʋ ɪ ɾ ʊ t̪ː ɪ
கிரகம்	k ɪ ɾ ɐ ɡ ɐ m
கிரகம்	ɡ ɾ ɐ ɡ ɐ m
கிரகம்	ɡ ɾ ɐ ɡ ɐ m
கிரகி	ɡ ɪ ɾ ɐ ɡ ɪ
கிரகி	ɡ ɪ ɾ ɐ h ɪ
கிரக்கம்	k ɪ ɾ ɐ kː ɐ m
கிரணம்	k ɪ ɾ ɐ ɳ ɐ m
கிரந்தம்	k ɪ ɾ ɐ n̪ d̪ ɐ m
கிரமம்	k ɪ ɾ ɐ m ɐ m
கிரமேண	k ɪ ɾ ɐ m eː ɳ ɐ
கிரயம்	k ɪ ɾ ɐ j ɐ m
கிராமம்	k ɪ ɾ ɑː m ɐ m
கிராமம்	ɡ ɾ ɑː m ɐ m
கிராம்	k ɪ ɾ ɑː m
கிராம்	ɡ ɪ ɾ ɑː m
கிராம்பு	k ɪ ɾ ɑː m b ʊ
கிராம்பு	k ɾ ɑː m b ʊ
கிரி	k ɪ ɾ ɪ
கிரீடம்	k ɪ ɾ iː ɖ ɐ m
கிரீடி	k ɪ ɾ iː ɖ ɪ
கிரீன்லாந்து	ɡ ɪ ɾ iː n l ɑː n̪ d̪ ʊ
கிரீன்லாந்து	k ɪ ɾ iː n l ɑː n̪ d̪ ʊ
கிரீன்விச்	k ɪ ɾ iː n ʋ ɪ t͡ɕ
கிருட்டிணன்	k ɪ ɾ ʊ ʈː ɪ ɳ ɐ n
கிருட்டிணம்	k ɪ ɾ ʊ ʈː ɪ ɳ ɐ m
கிருதா	k ɪ ɾ ʊ d̪ ɑː
கிருத்திரம்	k ɪ ɾ ʊ t̪ː ɪ ɾ ɐ m
கிருபை	k ɪ ɾ ʊ b ɐ ɪ̯
கிருமி	k ɪ ɾ ʊ m ɪ
கிருமிநாசினி	k ɪ ɾ ʊ m ɪ n̪ ɑː t͡ɕ ɪ n ɪ
கிருஷ்ணகிரி	k ɪ ɾ ʊ ʂ ɳ ɐ ɡ ɪ ɾ ɪ
கிருஷ்ணா	k ɪ ɾ ʊ ʂ ɳ ɑː
கிரெனடா	ɡ ɾ e n ɐ ɖ ɑː
கிரெனடா	k ɪ ɾ e n ɐ ɖ ɑː
கிரேக்கம்	ɡ ɾ eː kː ɐ m
கிரேக்கம்	k ɪ ɾ eː kː ɐ m
கிர்கிஸ்தான்	k ɪ ɾ ɡ ɪ s t̪ ɑː n
கிறாம்பு	k ɪ r ɑː m b ʊ
கிறி	k ɪ r ɪ
கிறிஸ்து	k ɪ r ɪ s t̪ ʊ
கிறிஸ்துமஸ்	k ɪ r ɪ s t̪ ʊ m ɐ s
கிறுக்கு	k ɪ r ʊ kː ʊ
கிறுக்கு	ɡ ɪ r ʊ kː ʊ
கிறுக்கு	k ɪ r ʊ kː ʊ
கிற்பு	k ɪ r p ʊ
கிலேசம்	k ɪ l eː t͡ɕ ɐ m
கிலோ	k ɪ l oː
கிலோகிராம்	k ɪ l oː ɡ ɪ ɾ ɑː m
கிலோமீட்டர்	k ɪ l oː m iː ʈː ɐ ɾ
கில்	k ɪ l
கில்லாடி	k ɪ l l ɑː ɖ ɪ
கிள	k ɪ ɭ ɐ
கிளந்தான்	k ɪ ɭ ɐ n̪ d̪ ɑː n
கிளப்	k ɪ ɭ ɐ p
கிளப்	k ɪ ɭ ɐ b
கிளப்பு	k ɪ ɭ ɐ pː ʊ
கிளம்பினவேலை	k ɪ ɭ ɐ m b ɪ n ɐ ʋ eː l ɐ ɪ̯
கிளம்பு	k ɪ ɭ ɐ m b ʊ
கிளர்	k ɪ ɭ ɐ ɾ
கிளர்ச்சி	k ɪ ɭ ɐ ɾ t͡ɕː ɪ
கிளர்த்து	k ɪ ɭ ɐ ɾ t̪ː ʊ
கிளறு	k ɪ ɭ ɐ r ʊ
கிளவி	k ɪ ɭ ɐ ʋ ɪ
கிளாஸ்	k ɪ ɭ ɑː s
கிளாஸ்	ɡ ɪ ɭ ɑː s
கிளாஸ்	ɡ ɪ ɭ ɑː s
கிளி	k ɪ ɭ ɪ
கிளிஞ்சல்	k ɪ ɭ ɪ ɲ d͡ʑ ɐ l
கிளிநொச்சி	k ɪ ɭ ɪ n̪ o t͡ɕː ɪ
கிளிமெண்டி	k ɪ ɭ ɪ m e ɳ ɖ ɪ
கிளை	k ɪ ɭ ɐ ɪ̯
கிளைப்பு	k ɪ ɭ ɐ ɪ̯ pː ʊ
கிளைமொழி	k ɪ ɭ ɐ ɪ̯ m o ɻ ɪ
கிள்ளான்	k ɪ ɭː ɑː n
கிள்ளு	k ɪ ɭː ʊ
கிழக்கத்திய	k ɪ ɻ ɐ kː ɐ t̪ː ɪ j ɐ
கிழக்காசியா	k ɪ ɻ ɐ kː ɑː t͡ɕ ɪ j ɑː
கிழக்கு	k ɪ ɻ ɐ kː ʊ
கிழக்குக்கணவாய்	k ɪ ɻ ɐ kː ʊ kː ɐ ɳ ɐ ʋ ɑː j
கிழங்கு	k ɪ ɻ ɐ ŋ ɡ ʊ
கிழமை	k ɪ ɻ ɐ m ɐ ɪ̯
கிழம்	k ɪ ɻ ɐ m
கிழவன்	k ɪ ɻ ɐ ʋ ɐ n
கிழவி	k ɪ ɻ ɐ ʋ ɪ
கிழவு	k ɪ ɻ ɐ ʋ ʊ
கிழி	k ɪ ɻ ɪ
கிழிப்பு	k ɪ ɻ ɪ pː ʊ
கிழிய	k ɪ ɻ ɪ j ɐ
கிஸ்மத்	k ɪ s m ɐ t̪
கீச்சு	k iː t͡ɕː ʊ
கீதம்	ɡ iː d̪ ɐ m
கீதம்	k iː d̪ ɐ m
கீரி	k iː ɾ ɪ
கீரிப்பிள்ளை	k iː ɾ ɪ pː ɪ ɭː ɐ ɪ̯
கீரை	k iː ɾ ɐ ɪ̯
கீர்த்தி	k iː ɾ t̪ː ɪ
கீறல்	k iː r ɐ l
கீறு	k iː r ʊ
கீற்று	k iː rː ʊ
கீலாரி	k iː l ɑː ɾ ɪ
கீல்வாதம்	k iː l ʋ ɑː d̪ ɐ m
கீழே	k iː ɻ eː
கீழ்	k iː ɻ
கீழ்காற்று	k iː ɻ ɡ ɑː rː ʊ
கீழ்ப்பாகம்	k iː ɻ pː ɑː ɡ ɐ m
கீழ்மை	k iː ɻ m ɐ ɪ̯
கீழ்வயிறு	k iː ɻ ʋ ɐ j ɪ r ʊ
கீழ்வானம்	k iː ɻ ʋ ɑː n ɐ m
குகை	ɡ ʊ ɡ ɐ ɪ̯
குகை	k ʊ ɡ ɐ ɪ̯
குக்கல்	k ʊ kː ɐ l
குங்கிலியம்	k ʊ ŋ ɡ ɪ l ɪ j ɐ m
குங்கும	k ʊ ŋ ɡ ʊ m ɐ
குங்குமப்பூ	k ʊ ŋ ɡ ʊ m ɐ pː uː
குங்குமம்	k ʊ ŋ ɡ ʊ m ɐ m
குசராத்	k ʊ t͡ɕ ɐ ɾ ɑː t̪
குசராத்தி	k ʊ t͡ɕ ɐ ɾ ɑː t̪ː ɪ
குசினி	k ʊ t͡ɕ ɪ n ɪ
குசு	k ʊ t͡ɕ ʊ
குசும்பு	k ʊ t͡ɕ ʊ m b ʊ
குச்சி	k ʊ t͡ɕː ɪ
குச்சிப்புடி	k u t͡ɕː i pː u ɖ i
குஜராத்	k u d͡ʑ a ɾ aː t̪
குஜராத்	ɡ u d͡ʑ a ɾ aː t̪
குஜராத்தி	ɡ ʊ d͡ʑ ɐ ɾ ɑː t̪ː ɪ
குஜராத்தி	k ʊ d͡ʑ ɐ ɾ ɑː t̪ː ɪ
குஜல்	ɡ ʊ d͡ʑ ɐ l
குஞ்சி	k ʊ ɲ d͡ʑ ɪ
குஞ்சு	k ʊ ɲ d͡ʑ ʊ
குட	k ʊ ɖ ɐ
குடகம்	k ʊ ɖ ɐ ɡ ɐ m
குடகு	k ʊ ɖ ɐ ɡ ʊ
குடங்கர்	k ʊ ɖ ɐ ŋ ɡ ɐ ɾ
குடசப்பாலை	k ʊ ɖ ɐ t͡ɕ ɐ pː ɑː l ɐ ɪ̯
குடநாடு	k ʊ ɖ ɐ n̪ ɑː ɖ ʊ
குடமிளகாய்	k ʊ ɖ ɐ m ɪ ɭ ɐ ɡ ɑː j
குடம்	k ʊ ɖ ɐ m
குடம்புளி	k ʊ ɖ ɐ m b ʊ ɭ ɪ
குடலிறக்கம்	k ʊ ɖ ɐ l ɪ r ɐ kː ɐ m
குடல்	k ʊ ɖ ɐ l
குடல்வால்	k ʊ ɖ ɐ l ʋ ɑː l
குடா	k ʊ ɖ ɑː
குடாநாடு	k ʊ ɖ ɑː n̪ ɑː ɖ ʊ
குடாரி	k ʊ ɖ ɑː ɾ ɪ
குடி	k ʊ ɖ ɪ
குடிசை	k ʊ ɖ ɪ t͡ɕ ɐ ɪ̯
குடிசைத்தொழில்	k ʊ ɖ ɪ t͡ɕ ɐ ɪ̯ t̪ː o ɻ ɪ l
குடிநீர்	k ʊ ɖ ɪ n̪ iː ɾ
குடிபெயர்	k ʊ ɖ ɪ b e j ɐ ɾ
குடிமகன்	k ʊ ɖ ɪ m ɐ ɡ ɐ n
குடியரசு	k ʊ ɖ ɪ j ɐ ɾ ɐ t͡ɕ ʊ
குடியரசுத்தலைவர்	k ʊ ɖ ɪ j ɐ ɾ ɐ t͡ɕ ʊ t̪ː ɐ l ɐ ɪ̯ ʋ ɐ ɾ
குடியாட்சி	k ʊ ɖ ɪ j ɑː ʈ t͡ɕ ɪ
குடியிருப்பு	k ʊ ɖ ɪ j ɪ ɾ ʊ pː ʊ
குடியுரிமை	k ʊ ɖ ɪ j ʊ ɾ ɪ m ɐ ɪ̯
குடியேற்றம்	k ʊ ɖ ɪ j eː rː ɐ m
குடில்	k ʊ ɖ ɪ l
குடுகுடு	k ʊ ɖ ʊ ɡ ʊ ɖ ʊ
குடுகுடு	ɡ ʊ ɖ ʊ ɡ ʊ ɖ ʊ
குடுமி	k ʊ ɖ ʊ m ɪ
குடும்பம்	k ʊ ɖ ʊ m b ɐ m
குடுவை	k ʊ ɖ ʊ ʋ ɐ ɪ̯
குடை	k ʊ ɖ ɐ ɪ̯
குடைசாய்	k ʊ ɖ ɐ ɪ̯ t͡ɕ ɑː j
குடைச்சல்	k ʊ ɖ ɐ ɪ̯ t͡ɕː ɐ l
குடைமிளகாய்	k ʊ ɖ ɐ ɪ̯ m ɪ ɭ ɐ ɡ ɑː j
குட்டி	k ʊ ʈː ɪ
குட்டிச்சாத்தான்	k ʊ ʈː ɪ t͡ɕː ɑː t̪ː ɑː n
குட்டிச்சுவர்	k ʊ ʈː ɪ t͡ɕː ʊ ʋ ɐ ɾ
குட்டு	k ʊ ʈː ʊ
குட்டை	k ʊ ʈː ɐ ɪ̯
குட்டையை	k ʊ ʈː ɐ ɪ̯ j ɐ ɪ̯
குட்டையைக்குழப்பு	k ʊ ʈː ɐ ɪ̯ j ɐ ɪ̯ kː ʊ ɻ ɐ pː ʊ
குணப்படு	k ʊ ɳ ɐ pː ɐ ɖ ʊ
குணம்	k ʊ ɳ ɐ m
குணம்	ɡ ʊ ɳ ɐ m
குணிப்பு	k ʊ ɳ ɪ pː ʊ
குணிப்பெயர்	k ʊ ɳ ɪ pː e j ɐ ɾ
குண்டம்	k ʊ ɳ ɖ ɐ m
குண்டா	k ʊ ɳ ɖ ɑː
குண்டி	k ʊ ɳ ɖ ɪ
குண்டு	k ʊ ɳ ɖ ʊ
குண்டு	ɡ ʊ ɳ ɖ ʊ
குதறு	k ʊ d̪ ɐ r ʊ
குதி	k ʊ d̪ ɪ
குதி	ɡ ʊ d̪ ɪ
குதிகால்	k ʊ d̪ ɪ ɡ ɑː l
குதிக்கால்	k ʊ d̪ ɪ kː ɑː l
குதிங்கால்	k ʊ d̪ ɪ ŋ ɡ ɑː l
குதிரை	k ʊ d̪ ɪ ɾ ɐ ɪ̯
குதிரை	ɡ ʊ d̪ ɪ ɾ ɐ ɪ̯
குதிரைப்பந்தி	k ʊ d̪ ɪ ɾ ɐ ɪ̯ pː ɐ n̪ d̪ ɪ
குதிரைவாலி	k ʊ d̪ ɪ ɾ ɐ ɪ̯ ʋ ɑː l ɪ
குதிரைவாலி	ɡ ʊ d̪ ɪ ɾ ɐ ɪ̯ ʋ ɑː l ɪ
குத்தகை	k ʊ t̪ː ɐ ɡ ɐ ɪ̯
குத்து	k ʊ t̪ː ʊ
குந்தம்	k ʊ n̪ d̪ ɐ m
குந்தாணி	k ʊ n̪ d̪ ɑː ɳ ɪ
குந்து	k ʊ n̪ d̪ ʊ
குனி	k ʊ n ɪ
குன்றம்	k ʊ n r ɐ m
குன்றா	k ʊ n r ɑː
குன்றாத	k ʊ n r ɑː d̪ ɐ
குன்றின்	k ʊ n r ɪ n
குன்றிமணி	k ʊ n r ɪ m ɐ ɳ ɪ
குன்றிய	k ʊ n r ɪ j ɐ
குன்று	k ʊ n r ʊ
குபுர்	k ʊ b ʊ ɾ
குபேரன்	k u b eː ɾ a n
குபேரன்	ɡ u b eː ɾ a n
குப்பம்	k ʊ pː ɐ m
குப்பி	k ʊ pː ɪ
குப்பை	k ʊ pː ɐ ɪ̯
குப்பைத்தொட்டி	k ʊ pː ɐ ɪ̯ t̪ː o ʈː ɪ
குப்பைமேனி	k ʊ pː ɐ ɪ̯ m eː n ɪ
குமரன்	k ʊ m ɐ ɾ ɐ n
குமரி	k ʊ m ɐ ɾ ɪ
குமளி	k ʊ m ɐ ɭ ɪ
குமாரத்தி	k ʊ m ɑː ɾ ɐ t̪ː ɪ
குமாரன்	k ʊ m ɑː ɾ ɐ n
குமார்	k ʊ m ɑː ɾ
குமிழி	k ʊ m ɪ ɻ ɪ
கும்பகாரன்	k ʊ m b ɐ ɡ ɑː ɾ ɐ n
கும்பகோணம்	k ʊ m b ɐ ɡ oː ɳ ɐ m
கும்பம்	k ʊ m b ɐ m
கும்பல்	ɡ ʊ m b ɐ l
கும்பல்	k ʊ m b ɐ l
கும்பளம்	k ʊ m b ɐ ɭ ɐ m
கும்பி	k ʊ m b ɪ
கும்பிடு	k ʊ m b ɪ ɖ ʊ
கும்மட்டம்	k ʊ mː ɐ ʈː ɐ m
கும்மாளம்	ɡ ʊ mː ɑː ɭ ɐ m
கும்மி	ɡ ʊ mː ɪ
கும்மி	k ʊ mː ɪ
கும்மியடி	k ʊ mː ɪ j ɐ ɖ ɪ
கும்மியடி	ɡ ʊ mː ɪ j ɐ ɖ ɪ
கும்மிருட்டு	ɡ ʊ mː ɪ ɾ ʊ ʈː ʊ
கும்மிருட்டு	k ʊ mː ɪ ɾ ʊ ʈː ʊ
குயம்	k ʊ j ɐ m
குயர்	k ʊ j ɐ ɾ
குயவன்	k ʊ j ɐ ʋ ɐ n
குயவரி	k ʊ j ɐ ʋ ɐ ɾ ɪ
குயில்	k ʊ j ɪ l
குய்	k ʊ j
குரங்கு	k ʊ ɾ ɐ ŋ ɡ ʊ
குரசு	k ʊ ɾ ɐ t͡ɕ ʊ
குரசு	ɡ o ɾ s ɯ
குரலை	k ʊ ɾ ɐ l ɐ ɪ̯
குரல்	k ʊ ɾ ɐ l
குரல்கள்	k ʊ ɾ ɐ l ɡ ɐ ɭ
குரல்வளை	k ʊ ɾ ɐ l ʋ ɐ ɭ ɐ ɪ̯
குரு	k ʊ ɾ ʊ
குரு	ɡ ʊ ɾ ʊ
குருகுலம்	ɡ ʊ ɾ̪ ʊ k ʊ l̪ ə m
குருகுலம்	k ʊ ɾ ʊ k ʊ l ɐ m
குருசு	k u ɾ u s u
குருடன்	k ʊ ɾ ʊ ɖ ɐ n
குருடு	k ʊ ɾ ʊ ɖ ʊ
குருட்டு	k ʊ ɾ ʊ ʈː ʊ
குருட்டுக்கொக்கு	k ʊ ɾ ʊ ʈː ʊ kː o kː ʊ
குருட்டுத்தனம்	k ʊ ɾ ʊ ʈː ʊ t̪ː ɐ n ɐ m
குருணாகல்	k ʊ ɾ ʊ ɳ ɑː ɡ ɐ l
குருதி	k ʊ ɾ ʊ d̪ ɪ
குருத்து	k ʊ ɾ ʊ t̪ː ʊ
குருத்துவம்	k ʊ ɾ ʊ t̪ː ʊ ʋ ɐ m
குருத்தெலும்பு	k ʊ ɾ ʊ t̪ː e l ʊ m b ʊ
குருத்தோலை	k ʊ ɾ ʊ t̪ː oː l ɐ ɪ̯
குருத்தோலைஞாயிறு	k ʊ ɾ ʊ t̪ː oː l ɐ ɪ̯ ɲ ɑː j ɪ r ʊ
குருமா	k ʊ ɾ ʊ m ɑː
குருமா	ɡ ʊ ɾ ʊ m ɑː
குரும்பை	k ʊ ɾ ʊ m b ɐ ɪ̯
குருவி	k ʊ ɾ ʊ ʋ ɪ
குருவிரசு	k ʊ ɾ ʊ ʋ ɪ ɾ ɐ t͡ɕ ʊ
குரை	k ʊ ɾ ɐ ɪ̯
குரைக்கின்ற	k ʊ ɾ ɐ ɪ̯ kː ɪ n r ɐ
குரைக்கிற	k ʊ ɾ ɐ ɪ̯ kː ɪ r ɐ
குரைக்கும்	k ʊ ɾ ɐ ɪ̯ kː ʊ m
குர்ஆன்	k ʊ ɾ ɑː n
குர்மா	k ʊ ɾ m ɑː
குறங்கு	k ʊ r ɐ ŋ ɡ ʊ
குறட்டை	k ʊ r ɐ ʈː ɐ ɪ̯
குறள்	k ʊ r ɐ ɭ
குறி	k ʊ r ɪ
குறிக்கோள்	k ʊ r ɪ kː oː ɭ
குறித்து	k ʊ r ɪ t̪ː ʊ
குறிபார்	k ʊ r ɪ b ɑː ɾ
குறிபார்	k ʊ r ɪ p ɑː ɾ
குறிப்பாக	k ʊ r ɪ pː ɑː ɡ ɐ
குறிப்பிடம்	k ʊ r ɪ pː ɪ ɖ ɐ m
குறிப்பிடு	k ʊ r ɪ pː ɪ ɖ ʊ
குறிப்பிட்ட	k ʊ r ɪ pː ɪ ʈː ɐ
குறிப்பு	k ʊ r ɪ pː ʊ
குறியீடு	k ʊ r ɪ j iː ɖ ʊ
குறில்	k ʊ r ɪ l
குறு	k ʊ r ʊ
குறுகிய	k ʊ r ʊ ɡ ɪ j ɐ
குறுகு	k ʊ r ʊ ɡ ʊ
குறுகுறு	k ʊ r ʊ ɡ ʊ r ʊ
குறுகுறுக்கும்	k ʊ r ʊ ɡ ʊ r ʊ kː ʊ m
குறுகுறுப்பு	k ʊ r ʊ ɡ ʊ r ʊ pː ʊ
குறுகுறுப்பு	k ʊ r ʊ k ʊ r ʊ pː ʊ
குறுக்கம்	k ʊ r ʊ kː ɐ m
குறுக்கு	k ʊ r ʊ kː ʊ
குறுஞ்செய்தி	k ʊ r ʊ ɲ d͡ʑ e j d̪ ɪ
குறுந்தொகை	k ʊ r ʊ n̪ d̪ o ɡ ɐ ɪ̯
குறுமை	k ʊ r ʊ m ɐ ɪ̯
குறும்	k ʊ r ʊ m
குறும்படம்	k ʊ r ʊ m b ɐ ɖ ɐ m
குறும்பி	k ʊ r ʊ m b ɪ
குறை	k ʊ r ɐ ɪ̯
குறைக்கடத்தி	k ʊ r ɐ ɪ̯ kː ɐ ɖ ɐ t̪ː ɪ
குறைச்சல்	k ʊ r ɐ ɪ̯ t͡ɕː ɐ l
குறைநாள்	k ʊ r ɐ ɪ̯ n̪ ɑː ɭ
குறைபடு	k ʊ r ɐ ɪ̯ b ɐ ɖ ʊ
குறைபாடு	k ʊ r ɐ ɪ̯ b ɑː ɖ ʊ
குறைப்பு	k ʊ r ɐ ɪ̯ pː ʊ
குறையாது	k ʊ r ɐ ɪ̯ j ɑː d̪ ʊ
குறைவு	k ʊ r ɐ ɪ̯ ʋ ʊ
குற்ற	k ʊ rː ɐ
குற்றங்கள்	k ʊ rː ɐ ŋ ɡ ɐ ɭ
குற்றச்சாட்டு	k ʊ rː ɐ t͡ɕː ɑː ʈː ʊ
குற்றம்	k ʊ rː ɐ m
குற்றவாளி	k ʊ rː ɐ ʋ ɑː ɭ ɪ
குற்றவுணர்ச்சி	k ʊ rː ɐ ʋ ʊ ɳ ɐ ɾ t͡ɕː ɪ
குற்றவுணர்வு	k ʊ rː ɐ ʋ ʊ ɳ ɐ ɾ ʋ ʊ
குற்றாலம்	k ʊ rː ɑː l ɐ m
குற்றி	k ʊ rː ɪ
குற்றியலிகரம்	k ʊ rː ɪ j ɐ l ɪ ɡ ɐ ɾ ɐ m
குற்றியலுகரம்	k ʊ rː ɪ j ɐ l ʊ ɡ ɐ ɾ ɐ m
குற்று	k ʊ rː ʊ
குற்றுயிர்	k ʊ rː ʊ j ɪ ɾ
குற்றெழுத்து	k ʊ rː e ɻ ʊ t̪ː ʊ
குலம்	k ʊ l ɐ m
குலவரி	k ʊ l ɐ ʋ ɐ ɾ ɪ
குலிகம்	k ʊ l ɪ ɡ ɐ m
குலுக்கல்	k ʊ l ʊ kː ɐ l
குலுக்கு	k ʊ l ʊ kː ʊ
குலுங்கு	k ʊ l ʊ ŋ ɡ ʊ
குலை	k ʊ l ɐ ɪ̯
குலோத்துங்க	k ʊ l oː t̪ː ʊ ŋ ɡ ɐ
குலோத்துங்கன்	k ʊ l oː t̪ː ʊ ŋ ɡ ɐ n
குல்ஃபி	k ʊ l f ɪ
குல்ஃபி	ɡ ʊ l f ɪ
குல்லா	k ʊ l l ɑː
குல்லா	ɡ ʊ l l ɑː
குளம்	k ʊ ɭ ɐ m
குளம்பி	k ʊ ɭ ɐ m b ɪ
குளறியடி	k ʊ ɭ ɐ r ɪ j ɐ ɖ ɪ
குளவி	k ʊ ɭ ɐ ʋ ɪ
குளி	k ʊ ɭ ɪ
குளிப்பாட்டு	k ʊ ɭ ɪ pː ɑː ʈː ʊ
குளிப்பு	k ʊ ɭ ɪ pː ʊ
குளியம்	k ʊ ɭ ɪ j ɐ m
குளியல்	k ʊ ɭ ɪ j ɐ l
குளியாள்	k ʊ ɭ ɪ j ɑː ɭ
குளிர்	k ʊ ɭ ɪ ɾ
குளிர்களி	k ʊ ɭ ɪ ɾ ɡ ɐ ɭ ɪ
குளிர்ச்சி	k ʊ ɭ ɪ ɾ t͡ɕː ɪ
குளிர்பானம்	k ʊ ɭ ɪ ɾ b ɑː n ɐ m
குளிர்ப்பு	k ʊ ɭ ɪ ɾ pː ʊ
குளிர்மை	k ʊ ɭ ɪ ɾ m ɐ ɪ̯
குள்ள	k ʊ ɭː ɐ
குள்ளநரி	k ʊ ɭː ɐ n̪ ɐ ɾ ɪ
குள்ளமான	k ʊ ɭː ɐ m ɑː n ɐ
குள்ளம்	k ʊ ɭː ɐ m
குழந்தை	k ʊ ɻ ɐ n̪ d̪ ɐ ɪ̯
குழப்பம்	k ʊ ɻ ɐ pː ɐ m
குழப்பு	k ʊ ɻ ɐ pː ʊ
குழப்புதல்	k ʊ ɻ ɐ pː ʊ d̪ ɐ l
குழம்பு	k ʊ ɻ ɐ m b ʊ
குழம்புதல்	k ʊ ɻ ɐ m b ʊ d̪ ɐ l
குழல்	k ʊ ɻ ɐ l
குழவி	k ʊ ɻ ɐ ʋ ɪ
குழாய்	k ʊ ɻ ɑː j
குழி	k ʊ ɻ ɪ
குழிக்கரண்டி	k ʊ ɻ ɪ kː ɐ ɾ ɐ ɳ ɖ ɪ
குழிங்கை	k ʊ ɻ ɪ ŋ ɡ ɐ ɪ̯
குழிசி	k ʊ ɻ ɪ t͡ɕ ɪ
குழியில்	k ʊ ɻ ɪ j ɪ l
குழியில்விழு	k ʊ ɻ ɪ j ɪ l ʋ ɪ ɻ ʊ
குழிவு	k ʊ ɻ ɪ ʋ ʊ
குழு	k ʊ ɻ ʊ
குழுவல்	k ʊ ɻ ʊ ʋ ɐ l
குழை	k ʊ ɻ ɐ ɪ̯
குழைச்சு	k ʊ ɻ ɐ ɪ̯ t͡ɕː ʊ
குழைவு	k ʊ ɻ ɐ ɪ̯ ʋ ʊ
குவளை	k ʊ ʋ ɐ ɭ ɐ ɪ̯
குவா	k ʊ ʋ ɑː
குவாம்	ɡ ʊ ɑː m
குவாம்	ɡ ʊ ʋ ɑː m
குவாம்	k ʊ ʋ ɑː m
குவார்ட்சு	k ʊ ʋ ɑː ɾ ʈ t͡ɕ ʊ
குவி	k ʊ ʋ ɪ
குவியம்	k ʊ ʋ ɪ j ɐ m
குவியல்	k ʊ ʋ ɪ j ɐ l
குவைத்	k ʊ ʋ ɐ ɪ̯ t̪
குஷி	k ʊ ʂ ɪ
குஷி	ɡ ʊ ʂ ɪ
கூகை	k uː ɡ ɐ ɪ̯
கூக்குரல்	k uː kː ʊ ɾ ɐ l
கூசு	k uː t͡ɕ ʊ
கூச்சம்	k uː t͡ɕː ɐ m
கூச்சல்	k uː t͡ɕː ɐ l
கூட	k uː ɖ ɐ
கூடப்பிறந்த	k uː ɖ ɐ pː ɪ r ɐ n̪ d̪ ɐ
கூடம்	k uː ɖ ɐ m
கூடாது	k uː ɖ ɑː d̪ ʊ
கூடாரத்தில்	k uː ɖ ɑː ɾ ɐ t̪ː ɪ l
கூடாரம்	k uː ɖ ɑː ɾ ɐ m
கூடிய	k uː ɖ ɪ j ɐ
கூடு	k uː ɖ ʊ
கூடை	k uː ɖ ɐ ɪ̯
கூடைப்பந்து	k uː ɖ ɐ ɪ̯ pː ɐ n̪ d̪ ʊ
கூட்டணி	k uː ʈː ɐ ɳ ɪ
கூட்டமைப்பு	k uː ʈː ɐ m ɐ ɪ̯ pː ʊ
கூட்டம்	k uː ʈː ɐ m
கூட்டரவு	k uː ʈː ɐ ɾ ɐ ʋ ʊ
கூட்டர்	k uː ʈː ɐ ɾ
கூட்டறிக்கை	k uː ʈː ɐ r ɪ kː ɐ ɪ̯
கூட்டல்	k uː ʈː ɐ l
கூட்டாஞ்சோறு	k uː ʈː ɑː ɲ d͡ʑ oː r ʊ
கூட்டாட்சி	k uː ʈː ɑː ʈ t͡ɕ ɪ
கூட்டாளி	k uː ʈː ɑː ɭ ɪ
கூட்டு	k uː ʈː ʊ
கூட்டுறவு	k uː ʈː ʊ r ɐ ʋ ʊ
கூட்டெழுத்து	k uː ʈː e ɻ ʊ t̪ː ʊ
கூண்டு	k uː ɳ ɖ ʊ
கூதி	k uː d̪ ɪ
கூத்தன்	k uː t̪ː ɐ n
கூத்தாட	k uː t̪ː ɑː ɖ ɐ
கூத்தாடு	k uː t̪ː ɑː ɖ ʊ
கூத்தி	k uː t̪ː ɪ
கூத்து	k uː t̪ː ʊ
கூந்தல்	k uː n̪ d̪ ɐ l
கூனு	k uː n ʊ
கூனைப்பூ	k uː n ɐ ɪ̯ pː uː
கூப்பாடு	k uː pː ɑː ɖ ʊ
கூப்பிடு	k uː pː ɪ ɖ ʊ
கூமுட்டை	k uː m ʊ ʈː ɐ ɪ̯
கூம்பல்	k uː m b ɐ l
கூரல்	ɡ uː ɾ ɐ l
கூரை	k uː ɾ ɐ ɪ̯
கூரைவீடு	k uː ɾ ɐ ɪ̯ ʋ iː ɖ ʊ
கூர்மம்	k uː ɾ m ɐ m
கூர்மை	k uː ɾ m ɐ ɪ̯
கூறு	k uː r ʊ
கூறை	k uː r ɐ ɪ̯
கூற்று	k uː rː ʊ
கூலம்	k uː l ɐ m
கூலி	k uː l ɪ
கூளி	k uː ɭ ɪ
கூழாங்கல்	k uː ɻ ɑː ŋ ɡ ɐ l
கூழ்	k uː ɻ
கூழ்முன்னை	k uː ɻ m ʊ nː ɐ ɪ̯
கூவு	k uː ʋ ʊ
கெஞ்சு	k e ɲ d͡ʑ ʊ
கெடா	k e ɖ ɑː
கெடு	k e ɖ ʊ
கெடுதல்	k e ɖ ʊ d̪ ɐ l
கெடும்	k e ɖ ʊ m
கெட்ட	k e ʈː ɐ
கெட்டது	k e ʈː ɐ d̪ ʊ
கெட்டபெயர்	k e ʈː ɐ b e j ɐ ɾ
கெட்டம்	k e ʈː ɐ m
கெட்டி	k e ʈː ɪ
கெட்டி	ɡ e ʈː ɪ
கெட்டு	k e ʈː ʊ
கெண்டை	k e ɳ ɖ ɐ ɪ̯
கெண்டைமீன்	k e ɳ ɖ ɐ ɪ̯ m iː n
கென்யா	k e n j ɑː
கெய்ரோ	k e j ɾ oː
கெலி	k e l ɪ
கெளதம்	k e ɭ ɐ d̪ ɐ m
கெளுத்தி	k e ɭ ʊ t̪ː ɪ
கெழு	k e ɻ ʊ
கெவி	k e ʋ ɪ
கெவுளி	k e ʋ ʊ ɭ ɪ
கேக்	k eː k
கேசரம்	k eː t͡ɕ ɐ ɾ ɐ m
கேசரி	k eː t͡ɕ ɐ ɾ ɪ
கேசரியாசனம்	k eː t͡ɕ ɐ ɾ ɪ j ɑː t͡ɕ ɐ n ɐ m
கேடி	k eː ɖ ɪ
கேடு	k eː ɖ ʊ
கேணி	k eː ɳ ɪ
கேதகை	k eː d̪ ɐ ɡ ɐ ɪ̯
கேதுரு	k eː d̪ ʊ ɾ ʊ
கேத்துல்	k eː t̪ː ʊ l
கேந்திரம்	k eː n̪ d̪ ɪ ɾ ɐ m
கேனம்	k eː n ɐ m
கேய்	ɡ eː j
கேரட்	k eː ɾ ɐ ʈ
கேரளம்	k eː ɾ ɐ ɭ ɐ m
கேரளா	k eː ɾ ɐ ɭ ɑː
கேலி	k eː l ɪ
கேலி	ɡ eː l ɪ
கேளிர்	k eː ɭ ɪ ɾ
கேள்	k eː ɭ
கேள்வி	k eː ɭ ʋ ɪ
கேள்விகள்	k eː ɭ ʋ ɪ ɡ ɐ ɭ
கேள்விக்குறி	k eː ɭ ʋ ɪ kː ʊ r ɪ
கேள்விப்படு	k eː ɭ ʋ ɪ pː ɐ ɖ ʊ
கேழ்வரகு	k eː ɻ ʋ ɐ ɾ ɐ ɡ ʊ
கேவலம்	k eː ʋ ɐ l ɐ m
கை	k ɐ ɪ̯
கைக்கடிகாரம்	k ɐ ɪ̯ kː ɐ ɖ ɪ ɡ ɑː ɾ ɐ m
கைக்குட்டை	k ɐ ɪ̯ kː ʊ ʈː ɐ ɪ̯
கைக்குழந்தை	k ɐ ɪ̯ kː ʊ ɻ ɐ n̪ d̪ ɐ ɪ̯
கைதட்டல்	k ɐ ɪ̯ d̪ ɐ ʈː ɐ l
கைதட்டல்	k ɐ ɪ̯ t̪ ɐ ʈː ɐ l
கைது	k ɐ ɪ̯ d̪ ʊ
கைத்தட்டல்	k ɐ ɪ̯ t̪ː ɐ ʈː ɐ l
கைநாட்டு	k ɐ ɪ̯ n̪ ɑː ʈː ʊ
கைநீட்டு	k ɐ ɪ̯ n̪ iː ʈː ʊ
கைப்பிடி	k ɐ ɪ̯ pː ɪ ɖ ɪ
கைப்பு	k ɐ ɪ̯ pː ʊ
கைப்பேசி	k ɐ ɪ̯ pː eː t͡ɕ ɪ
கைப்பை	k ɐ ɪ̯ pː ɐ ɪ̯
கைமாறு	k ɐ ɪ̯ m ɑː r ʊ
கைமீறு	k ɐ ɪ̯ m iː r ʊ
கைம்பெண்	k ɐ ɪ̯ m b e ɳ
கைம்மாறு	k ɐ ɪ̯ mː ɑː r ʊ
கைம்மூலம்	k ɐ ɪ̯ mː uː l ɐ m
கையடி	k ɐ ɪ̯ j ɐ ɖ ɪ
கையறுநிலை	k ɐ ɪ̯ j ɐ r ʊ n̪ ɪ l ɐ ɪ̯
கையாளு	k ɐ ɪ̯ j ɑː ɭ ʊ
கையிருப்பு	k ɐ ɪ̯ j ɪ ɾ ʊ pː ʊ
கையில்	k ɐ ɪ̯ j ɪ l
கையுங்களவுமாக	k ɐ ɪ̯ j ʊ ŋ ɡ ɐ ɭ ɐ ʋ ʊ m ɑː ɡ ɐ
கையுறை	k ɐ ɪ̯ j ʊ r ɐ ɪ̯
கையூட்டு	k ɐ ɪ̯ j uː ʈː ʊ
கையெறிகுண்டு	k ɐ ɪ̯ j e r ɪ ɡ ʊ ɳ ɖ ʊ
கையெழுத்து	k ɐ ɪ̯ j e ɻ ʊ t̪ː ʊ
கையேந்து	k ɐ ɪ̯ j eː n̪ d̪ ʊ
கையொப்பம்	k ɐ ɪ̯ j o pː ɐ m
கைலி	k ɐ ɪ̯ l ɪ
கைலை	k ɐ ɪ̯ l ɐ ɪ̯
கைவாள்	k ɐ ɪ̯ ʋ ɑː ɭ
கைவிலங்கு	k ɐ ɪ̯ ʋ ɪ l ɐ ŋ ɡ ʊ
கைவேலை	k ɐ ɪ̯ ʋ eː l ɐ ɪ̯
கொக்கரக்கோ	k o kː ɐ ɾ ɐ kː oː
கொக்கரி	k o kː ɐ ɾ ɪ
கொக்கி	k o kː ɪ
கொக்கிளாய்	k o kː ɪ ɭ ɑː j
கொக்கிஸ்	k o kː ɪ s
கொக்கு	k o kː ʊ
கொக்குமந்தாரை	k o kː ʊ m ɐ n̪ d̪ ɑː ɾ ɐ ɪ̯
கொக்குவில்	k o kː ʊ ʋ ɪ l
கொங்கணி	k o ŋ ɡ ɐ ɳ ɪ
கொங்கு	k o ŋ ɡ ʊ
கொசு	k o t͡ɕ ʊ
கொசுகு	k o t͡ɕ ʊ ɡ ʊ
கொசுவலை	k o t͡ɕ ʊ ʋ ɐ l ɐ ɪ̯
கொசோவோ	k o t͡ɕ oː ʋ oː
கொச்சை	k o t͡ɕː ɐ ɪ̯
கொஞ்சம்	k o ɲ d͡ʑ ɐ m
கொஞ்சு	k o ɲ d͡ʑ ʊ
கொடி	k o ɖ ɪ
கொடிகள்	k o ɖ ɪ ɡ ɐ ɭ
கொடிக்கையான்	k o ɖ ɪ kː ɐ ɪ̯ j ɑː n
கொடிச்சீலை	k o ɖ ɪ t͡ɕː iː l ɐ ɪ̯
கொடிப்பாசி	k o ɖ ɪ pː ɑː t͡ɕ ɪ
கொடிமுந்திரி	k o ɖ ɪ m ʊ n̪ d̪ ɪ ɾ ɪ
கொடு	k o ɖ ʊ
கொடுக்கு	k o ɖ ʊ kː ʊ
கொடுங்கோல்	k o ɖ ʊ ŋ ɡ oː l
கொடுந்தமிழ்	k o ɖ ʊ n̪ d̪ ɐ m ɪ ɻ
கொடுந்தலைப்பொருவா	k o ɖ ʊ n̪ d̪ ɐ l ɐ ɪ̯ pː o ɾ ʊ ʋ ɑː
கொடுப்பனை	k o ɖ ʊ pː ɐ n ɐ ɪ̯
கொடுப்பினை	k o ɖ ʊ pː ɪ n ɐ ɪ̯
கொடுப்பு	k o ɖ ʊ pː ʊ
கொடுப்புப்பல்	k o ɖ ʊ pː ʊ pː ɐ l
கொடுமரம்	k o ɖ ʊ m ɐ ɾ ɐ m
கொடுமுடி	k o ɖ ʊ m ʊ ɖ ɪ
கொடுமை	k o ɖ ʊ m ɐ ɪ̯
கொடும்	k o ɖ ʊ m
கொடும்பகல்	k o ɖ ʊ m b ɐ ɡ ɐ l
கொடும்பாடு	k o ɖ ʊ m b ɑː ɖ ʊ
கொடும்புலி	k o ɖ ʊ m b ʊ l ɪ
கொடும்பை	k o ɖ ʊ m b ɐ ɪ̯
கொடுவரி	k o ɖ ʊ ʋ ɐ ɾ ɪ
கொடுவாள்	k o ɖ ʊ ʋ ɑː ɭ
கொடுவேலி	k o ɖ ʊ ʋ eː l ɪ
கொடூரம்	k o ɖ uː ɾ ɐ m
கொடை	k o ɖ ɐ ɪ̯
கொடைமை	k o ɖ ɐ ɪ̯ m ɐ ɪ̯
கொட்டகை	k o ʈː ɐ ɡ ɐ ɪ̯
கொட்டாவி	k o ʈː ɑː ʋ ɪ
கொட்டு	k o ʈː ʊ
கொட்டை	k o ʈː ɐ ɪ̯
கொட்டைமுத்து	k o ʈː ɐ ɪ̯ m ʊ t̪ː ʊ
கொட்டையிலந்தை	k o ʈː ɐ ɪ̯ j ɪ l ɐ n̪ d̪ ɐ ɪ̯
கொண்டபாடு	k o ɳ ɖ ɐ b ɑː ɖ ʊ
கொண்டலாத்தி	k o ɳ ɖ ɐ l ɑː t̪ː ɪ
கொண்டல்	k o ɳ ɖ ɐ l
கொண்டவன்	k o ɳ ɖ ɐ ʋ ɐ n
கொண்டாடு	k o ɳ ɖ ɑː ɖ ʊ
கொண்டாட்டம்	k o ɳ ɖ ɑː ʈː ɐ m
கொண்டாட்டு	k o ɳ ɖ ɑː ʈː ʊ
கொண்டி	k o ɳ ɖ ɪ
கொண்டித்தோப்பு	k o ɳ ɖ ɪ t̪ː oː pː ʊ
கொண்டியம்	k o ɳ ɖ ɪ j ɐ m
கொண்டு	k o ɳ ɖ ʊ
கொண்டுகூற்று	k o ɳ ɖ ʊ ɡ uː rː ʊ
கொண்டுபோ	k o ɳ ɖ ʊ b oː
கொண்டுவா	k o ɳ ɖ ʊ ʋ ɑː
கொண்டை	k o ɳ ɖ ɐ ɪ̯
கொதி	k o d̪ ɪ
கொதிகலன்	k o d̪ ɪ ɡ ɐ l ɐ n
கொதிநிலை	k o d̪ ɪ n̪ ɪ l ɐ ɪ̯
கொதிப்பு	k o d̪ ɪ pː ʊ
கொத்தடிமை	k o t̪ː ɐ ɖ ɪ m ɐ ɪ̯
கொத்தனார்	k o t̪ː ɐ n ɑː ɾ
கொத்தமல்லி	k o t̪ː ɐ m ɐ l l ɪ
கொத்தவரை	k o t̪ː ɐ ʋ ɐ ɾ ɐ ɪ̯
கொத்து	k o t̪ː ʊ
கொத்துமல்லி	k o t̪ː ʊ m ɐ l l ɪ
கொந்தர்	k o n̪ d̪ ɐ ɾ
கொந்தளம்	k o n̪ d̪ ɐ ɭ ɐ m
கொந்தளி	k o n̪ d̪ ɐ ɭ ɪ
கொனை	k o n ɐ ɪ̯
கொப்பளம்	k o pː ɐ ɭ ɐ m
கொப்பளி	k o pː ɐ ɭ ɪ
கொப்புளம்	k o pː ʊ ɭ ɐ m
கொப்புளி	k o pː ʊ ɭ ɪ
கொமொரோசு	k o m o ɾ oː t͡ɕ ʊ
கொமொரோஸ்	k o m o ɾ oː s
கொம்பி	k o m b ɪ
கொம்பு	k o m b ʊ
கொம்மட்டி	k o mː ɐ ʈː ɪ
கொம்மி	k o mː ɪ
கொய்	k o j
கொய்யா	k o jː ɑː
கொய்யா	ɡ o jː ɑː
கொரியா	k o ɾ ɪ j ɑː
கொரில்லா	ɡ o ɾ ɪ l l ɑː
கொரில்லா	k o ɾ ɪ l l ɑː
கொரோனா	k o ɾ oː n ɑː
கொர்ல	k o ɾ l ɐ
கொர்லு	k o ɾ l ʊ
கொறி	k o r ɪ
கொறுக்கை	k o r ʊ kː ɐ ɪ̯
கொற்றம்	k o rː ɐ m
கொற்றவை	k o rː ɐ ʋ ɐ ɪ̯
கொலம்பியா	k o l ɐ m b ɪ j ɑː
கொலுசு	k o l ʊ t͡ɕ ʊ
கொலுசு	ɡ o l ʊ t͡ɕ ʊ
கொலுசு	k o l ɯ s ɯ
கொலுசு	ɡ o l ɯ s ɯ
கொலுமிச்சை	k o l ʊ m ɪ t͡ɕː ɐ ɪ̯
கொலை	k o l ɐ ɪ̯
கொல்	k o l
கொல்லன்	k o l l ɐ n
கொல்லன்பட்டடை	k o l l ɐ n b ɐ ʈː ɐ ɖ ɐ ɪ̯
கொல்லன்பட்டரை	k o l l ɐ n b ɐ ʈː ɐ ɾ ɐ ɪ̯
கொல்லம்	k o l l ɐ m
கொல்லறு	k o l l ɐ r ʊ
கொல்லற்றுவேலை	k o l l ɐ rː ʊ ʋ eː l ɐ ɪ̯
கொல்லை	k o l l ɐ ɪ̯
கொளுத்து	k o ɭ ʊ t̪ː ʊ
கொளுவி	k o ɭ ʊ ʋ ɪ
கொள்	k o ɭ
கொள்கை	k o ɭ ɡ ɐ ɪ̯
கொள்முதல்	k o ɭ m ʊ d̪ ɐ l
கொள்ள	k o ɭː ɐ
கொள்ளளவு	k o ɭː ɐ ɭ ɐ ʋ ʊ
கொள்ளு	k o ɭː ʊ
கொள்ளை	k o ɭː ɐ ɪ̯
கொள்வனை	k o ɭ ʋ ɐ n ɐ ɪ̯
கொழகொழ	k o ɻ ɐ k o ɻ ɐ
கொழி	k o ɻ ɪ
கொழுக்கட்டை	k o ɻ ʊ kː ɐ ʈː ɐ ɪ̯
கொழுத்தமுரல்	k o ɻ ʊ t̪ː ɐ m ʊ ɾ ɐ l
கொழுந்து	k o ɻ ʊ n̪ d̪ ʊ
கொழுப்பு	k o ɻ ʊ pː ʊ
கொழுமிச்சை	k o ɻ ʊ m ɪ t͡ɕː ɐ ɪ̯
கொழும்பு	k o ɻ ʊ m b ʊ
கோ	k oː
கோக்குமாக்கு	k oː kː ʊ m ɑː kː ʊ
கோசம்	k oː t͡ɕ ɐ m
கோடகசாலை	k oː ɖ ɐ ɡ ɐ t͡ɕ ɑː l ɐ ɪ̯
கோடரம்	k oː ɖ ɐ ɾ ɐ m
கோடரம்	k oː ɖ ɐ ɾ ɐ m
கோடரம்	k oː ɖ ɐ ɾ ɐ m
கோடரம்	k oː ɖ ɐ ɾ ɐ m
கோடரி	k oː ɖ ɐ ɾ ɪ
கோடர்	k oː ɖ ɐ ɾ
கோடாரி	k oː ɖ ɑː ɾ ɪ
கோடாலி	k oː ɖ ɑː l ɪ
கோடி	k oː ɖ ɪ
கோடிமுனை	k oː ɖ ɪ m ʊ n ɐ ɪ̯
கோடு	k oː ɖ ʊ
கோடை	k oː ɖ ɐ ɪ̯
கோட்டம்	k oː ʈː ɐ m
கோட்டயம்	k oː ʈː ɐ j ɐ m
கோட்டான்	k oː ʈː ɑː n
கோட்டே	k oː ʈː eː
கோட்டை	k oː ʈː ɐ ɪ̯
கோட்டைப்போர்	k oː ʈː ɐ ɪ̯ pː oː ɾ
கோட்டையடுப்பு	k oː ʈː ɐ ɪ̯ j ɐ ɖ ʊ pː ʊ
கோட்டைவிடு	k oː ʈː ɐ ɪ̯ ʋ ɪ ɖ ʊ
கோட்பாடு	k oː ʈ p ɑː ɖ ʊ
கோணங்கி	k oː ɳ ɐ ŋ ɡ ɪ
கோணம்	k oː ɳ ɐ m
கோணவியல்	k oː ɳ ɐ ʋ ɪ j ɐ l
கோணு	k oː ɳ ʊ
கோணை	k oː ɳ ɐ ɪ̯
கோதாவரி	k oː d̪ ɑː ʋ ɐ ɾ ɪ
கோது	k oː d̪ ʊ
கோதுமை	k oː d̪ ʊ m ɐ ɪ̯
கோதுமை	ɡ oː d̪ ʊ m ɐ ɪ̯
கோதை	k oː d̪ ɐ ɪ̯
கோந்து	k oː n̪ d̪ ʊ
கோந்து	ɡ oː n̪ d̪ ʊ
கோனான்	k oː n ɑː n
கோன்	k oː n
கோபம்	k oː b ɐ m
கோபாலன்	k oː b aː l ɐ n
கோபாலன்	ɡ oː b aː l ɐ n
கோபாலன்	ɡ oː p aː l ɐ n
கோபி	k oː b ɪ
கோபி	k oː b ɪ
கோபி	ɡ oː b ɪ
கோபி	k oː b ɪ
கோபி	ɡ oː b ɪ
கோபிநாதன்	k oː b ɪ n̪ ɑː d̪ ɐ n
கோபிநாதன்	ɡ oː b ɪ n̪ ɑː d̪ ɐ n
கோபுரம்	k oː b ʊ ɾ ɐ m
கோபுரம்	ɡ oː b ʊ ɾ ɐ m
கோப்பாய்	k oː pː ɑː j
கோப்பி	k oː pː ɪ
கோப்பு	k oː pː ʊ
கோப்பை	k oː pː ɐ ɪ̯
கோமான்	k oː m ɑː n
கோமாளி	k oː m ɑː ɭ ɪ
கோமி	k oː m ɪ
கோமுகம்	k oː m ʊ ɡ ɐ m
கோமுகாசனம்	k oː m ʊ ɡ ɑː t͡ɕ ɐ n ɐ m
கோமேதகம்	k oː m eː d̪ ɐ ɡ ɐ m
கோயம்புத்தூர்	k oː j a m b u t̪ː uː ɾ
கோயில்	k oː j ɪ l
கோரிக்கை	k oː ɾ ɪ kː ɐ ɪ̯
கோரு	k oː ɾ ʊ
கோரை	k oː ɾ ɐ ɪ̯
கோர்	k oː ɾ
கோலம்	k oː l ɐ m
கோலாலம்பூர்	k oː l ɑː l ɐ m b uː ɾ
கோலுமை	k oː l ʊ m ɐ ɪ̯
கோலெழுத்து	k oː l e ɻ ʊ t̪ː ʊ
கோல்	k oː l
கோளாறு	k oː ɭ ɑː r ʊ
கோள்	k oː ɭ
கோழி	k oː ɻ ɪ
கோழிகள்	k oː ɻ ɪ ɡ ɐ ɭ
கோழிக்கோடு	k oː ɻ ɪ kː oː ɖ ʊ
கோழை	k oː ɻ ɐ ɪ̯
கோவசூரி	k oː ʋ ɐ t͡ɕ uː ɾ ɪ
கோவணம்	k oː ʋ ɐ ɳ ɐ m
கோவம்	k oː ʋ ɐ m
கோவல்	k oː ʋ ɐ l
கோவா	ɡ oː ʋ ɑː
கோவா	k oː ʋ ɑː
கோவி	k oː ʋ ɪ
கோவிந்தன்	k oː ʋ ɪ n̪ d̪ ɐ n
கோவில்	k oː ʋ ɪ l
கோவேறுகழுதை	k oː ʋ eː r ʊ ɡ ɐ ɻ ʊ d̪ ɐ ɪ̯
கோவேறுகழுதை	k oː ʋ eː r ʊ k ɐ ɻ ʊ d̪ ɐ ɪ̯
கோவை	k oː ʋ ɐ ɪ̯
கோவைக்காய்	k oː ʋ ɐ ɪ̯ kː ɑː j
கோஷ்டி	k oː ʂ ʈ ɪ
கோஷ்டி	ɡ oː ʂ ʈ ɪ
கௌதாரி	k ɐ ʊ̯ d̪ ɑː ɾ ɪ
கௌதூகலம்	k ɐ ʊ̯ d̪ uː ɡ ɐ l ɐ m
கௌரவம்	ɡ ɐ ʊ̯ ɾ ɐ ʋ ɐ m
கௌளி	k ɐ ʊ̯ ɭ ɪ
கௌவு	k ɐ ʊ̯ ʋ ʊ
க்	i k
க்	i kː ɯ
க்	k
க்ஷ	k ʂ ɐ
க்ஷணம்	k ʂ ɐ ɳ ɐ m
க்ஷிரஸமுத்ரம்	k ʂ ɪ ɾ ɐ s ɐ m ʊ t̪ ɾ ɐ m
க்ஷீணம்	k ʂ iː ɳ ɐ m
க்ஷேத்திரம்	k ʂ eː t̪ː ɪ ɾ ɐ m
க்ஷேபம்	k ʂ eː b ɐ m
க்ஷேமம்	k ʂ eː m ɐ m
க்ஷ்	k ʂ
ங	ŋ ɐ
ங்	i ŋ ɡ
ங்	i ŋ ɡ ɯ
ங்	ŋ
ச	t͡ɕ ɐ
சக	t͡ɕ ɐ ɡ ɐ
சகசரி	t͡ɕ ɐ ɡ ɐ t͡ɕ ɐ ɾ ɪ
சகதி	t͡ɕ ɐ ɡ ɐ d̪ ɪ
சகந்நாதன்	t͡ɕ ɐ ɡ ɐ n̪ː ɑː d̪ ɐ n
சகரியா	t͡ɕ ɐ ɡ ɐ ɾ ɪ j ɑː
சகல	t͡ɕ ɐ ɡ ɐ l ɐ
சகலம்	t͡ɕ ɐ ɡ ɐ l ɐ m
சகவாசம்	t͡ɕ ɐ ɡ ɐ ʋ ɑː t͡ɕ ɐ m
சகாரா	t͡ɕ ɐ ɡ ɑː ɾ ɑː
சகி	t͡ɕ ɐ ɡ ɪ
சகி	s ɐ k ɪ
சகிப்பு	t͡ɕ ɐ ɡ ɪ pː ʊ
சகோ	t͡ɕ ɐ ɡ oː
சகோதரன்	t͡ɕ ɐ ɡ oː d̪ ɐ ɾ ɐ n
சகோதரி	t͡ɕ ɐ ɡ oː d̪ ɐ ɾ ɪ
சகோதரி	t͡ɕ ɐ h oː d̪ ɐ ɾ ɪ
சக்கரம்	t͡ɕ ɐ kː ɐ ɾ ɐ m
சக்கரை	t͡ɕ ɐ kː ɐ ɾ ɐ ɪ̯
சக்களத்தி	t͡ɕ ɐ kː ɐ ɭ ɐ t̪ː ɪ
சக்கை	t͡ɕ ɐ kː ɐ ɪ̯
சக்தி	t͡ɕ ɐ k t̪ ɪ
சக்தி	ʂ ɐ k t̪ ɪ
சங்கடம்	t͡ɕ ɐ ŋ ɡ ɐ ɖ ɐ m
சங்கத்தமிழ்	t͡ɕ ɐ ŋ ɡ ɐ t̪ː ɐ m ɪ ɻ
சங்கம்	t͡ɕ ɐ ŋ ɡ ɐ m
சங்கரன்	t͡ɕ ɐ ŋ ɡ ɐ ɾ ɐ n
சங்கி	t͡ɕ ɐ ŋ ɡ ɪ
சங்கிரகம்	t͡ɕ ɐ ŋ ɡ ɪ ɾ ɐ ɡ ɐ m
சங்கிரகி	t͡ɕ ɐ ŋ ɡ ɪ ɾ ɐ ɡ ɪ
சங்கிலி	t͡ɕ ɐ ŋ ɡ ɪ l ɪ
சங்கீதம்	t͡ɕ ɐ ŋ ɡ iː d̪ ɐ m
சங்கு	t͡ɕ ɐ ŋ ɡ ʊ
சசம்	t͡ɕ ɐ t͡ɕ ɐ m
சச்சம்	t͡ɕ ɐ t͡ɕː ɐ m
சஞ்சலம்	t͡ɕ ɐ ɲ d͡ʑ ɐ l ɐ m
சஞ்சு	t͡ɕ ɐ ɲ d͡ʑ ʊ
சடங்கு	t͡ɕ ɐ ɖ ɐ ŋ ɡ ʊ
சடத்துவம்	t͡ɕ ɐ ɖ ɐ t̪ː ʊ ʋ ɐ m
சடலம்	t͡ɕ ɐ ɖ ɐ l ɐ m
சடாலம்	t͡ɕ ɐ ɖ ɑː l ɐ m
சடுதி	t͡ɕ ɐ ɖ ʊ d̪ ɪ
சடுத்தம்	t͡ɕ ɐ ɖ ʊ t̪ː ɐ m
சடை	t͡ɕ ɐ ɖ ɐ ɪ̯
சடையன்	t͡ɕ ɐ ɖ ɐ ɪ̯ j ɐ n
சடைவு	t͡ɕ ɐ ɖ ɐ ɪ̯ ʋ ʊ
சட்ட	t͡ɕ ɐ ʈː ɐ
சட்டசபை	t͡ɕ ɐ ʈː ɐ t͡ɕ ɐ b ɐ ɪ̯
சட்டதிட்டம்	t͡ɕ ɐ ʈː ɐ d̪ ɪ ʈː ɐ m
சட்டமன்றம்	t͡ɕ ɐ ʈː ɐ m ɐ n r ɐ m
சட்டம்	t͡ɕ ɐ ʈː ɐ m
சட்டம்பி	t͡ɕ ɐ ʈː ɐ m b ɪ
சட்டி	t͡ɕ ɐ ʈː ɪ
சட்டினி	t͡ɕ ɐ ʈː ɪ n ɪ
சட்டியில்	t͡ɕ ɐ ʈː ɪ j ɪ l
சட்டென்று	t͡ɕ ɐ ʈː e n r ʊ
சட்டை	t͡ɕ ɐ ʈː ɐ ɪ̯
சட்னி	t͡ɕ ɐ ʈ n ɪ
சணல்	t͡ɕ ɐ ɳ ɐ l
சண்டிகர்	t͡ɕ ɐ ɳ ɖ ɪ ɡ ɐ ɾ
சண்டை	t͡ɕ ɐ ɳ ɖ ɐ ɪ̯
சண்பகம்	t͡ɕ ɐ ɳ b ɐ ɡ ɐ m
சதம்	t͡ɕ ɐ d̪ ɐ m
சதவீதம்	t͡ɕ ɐ d̪ ɐ ʋ iː d̪ ɐ m
சதா	t͡ɕ ɐ d̪ ɑː
சதாசிவன்	t͡ɕ ɐ d̪ ɑː t͡ɕ ɪ ʋ ɐ n
சதி	t͡ɕ ɐ d̪ ɪ
சதிராட்டம்	t͡ɕ ɐ d̪ ɪ ɾ ɑː ʈː ɐ m
சதுரங்கம்	t͡ɕ ɐ d̪ ʊ ɾ ɐ ŋ ɡ ɐ m
சதுரம்	t͡ɕ ɐ d̪ ʊ ɾ ɐ m
சதுர்முகன்	t͡ɕ ɐ d̪ ʊ ɾ m ʊ ɡ ɐ n
சதுர்யுகம்	t͡ɕ ɐ d̪ ʊ ɾ j ʊ ɡ ɐ m
சதுர்வருணம்	t͡ɕ ɐ d̪ ʊ ɾ ʋ ɐ ɾ ʊ ɳ ɐ m
சதை	t͡ɕ ɐ d̪ ɐ ɪ̯
சத்தம்	t͡ɕ ɐ t̪ː ɐ m
சத்தாகம்	t͡ɕ ɐ t̪ː ɑː ɡ ɐ m
சத்தி	t͡ɕ ɐ t̪ː ɪ
சத்தியம்	t͡ɕ ɐ t̪ː ɪ j ɐ m
சத்திரம்	t͡ɕ ɐ t̪ː ɪ ɾ ɐ m
சத்தீசுகர்	t͡ɕ ɐ t̪ː iː t͡ɕ ʊ ɡ ɐ ɾ
சத்து	t͡ɕ ɐ t̪ː ʊ
சத்துரு	t͡ɕ ɐ t̪ː ʊ ɾ ʊ
சந்ததி	t͡ɕ ɐ n̪ d̪ ɐ d̪ ɪ
சந்தனம்	t͡ɕ ɐ n̪ d̪ ɐ n ɐ m
சந்தர்ப்பம்	t͡ɕ ɐ n̪ d̪ ɐ ɾ pː ɐ m
சந்தா	t͡ɕ ɐ n̪ d̪ ɑː
சந்தாதாரர்	t͡ɕ ɐ n̪ d̪ ɑː d̪ ɑː ɾ ɐ ɾ
சந்தி	t͡ɕ ɐ n̪ d̪ ɪ
சந்திப்பு	t͡ɕ ɐ n̪ d̪ ɪ pː ʊ
சந்திரசேகரன்	t͡ɕ ɐ n̪ d̪ ɪ ɾ ɐ t͡ɕ eː ɡ ɐ ɾ ɐ n
சந்திரன்	t͡ɕ ɐ n̪ d̪ ɪ ɾ ɐ n
சந்திரப்பிரபை	t͡ɕ ɐ n̪ d̪ ɪ ɾ ɐ pː ɪ ɾ ɐ b ɐ ɪ̯
சந்திராதபம்	t͡ɕ ɐ n̪ d̪ ɪ ɾ ɑː d̪ ɐ b ɐ m
சந்து	t͡ɕ ɐ n̪ d̪ ʊ
சந்தேகம்	t͡ɕ ɐ n̪ d̪ eː ɡ ɐ m
சந்தேசம்	t͡ɕ ɐ n̪ d̪ eː t͡ɕ ɐ m
சந்தை	t͡ɕ ɐ n̪ d̪ ɐ ɪ̯
சந்தோஷம்	t͡ɕ ɐ n̪ d̪ oː ʂ ɐ m
சனவரி	t͡ɕ ɐ n ɐ ʋ ɐ ɾ ɪ
சனி	t͡ɕ ɐ n ɪ
சனிக்கிழமை	t͡ɕ ɐ n ɪ kː ɪ ɻ ɐ m ɐ ɪ̯
சனியன்	t͡ɕ ɐ n ɪ j ɐ n
சன்மார்க்கம்	t͡ɕ ɐ n m ɑː ɾ kː ɐ m
சபதம்	t͡ɕ ɐ b ɐ d̪ ɐ m
சபா	t͡ɕ ɐ b ɑː
சபாத்தியட்சன்	t͡ɕ ɐ b ɑː t̪ː ɪ j ɐ ʈ t͡ɕ ɐ n
சபாமூப்பன்	t͡ɕ ɐ b ɑː m uː pː ɐ n
சபி	t͡ɕ ɐ b ɪ
சபை	t͡ɕ ɐ b ɐ ɪ̯
சப்பங்கி	t͡ɕ ɐ pː ɐ ŋ ɡ ɪ
சப்பணம்	t͡ɕ ɐ pː ɐ ɳ ɐ m
சப்பாத்தி	t͡ɕ ɐ pː ɑː t̪ː ɪ
சப்பாத்து	t͡ɕ ɐ pː ɑː t̪ː ʊ
சப்பாத்து	t͡ɕ ɐ pː ɑː t̪ː ʊ
சப்பு	t͡ɕ ɐ pː ʊ
சப்போட்டா	t͡ɕ ɐ pː oː ʈː ɑː
சப்ரகமுவ	t͡ɕ ɐ p ɾ ɐ ɡ ɐ m ʊ ʋ ɐ
சமக்கிருதம்	t͡ɕ ɐ m ɐ kː ɪ ɾ ʊ d̪ ɐ m
சமசுகிருதம்	t͡ɕ ɐ m ɐ t͡ɕ ʊ ɡ ɪ ɾ ʊ d̪ ɐ m
சமணம்	t͡ɕ ɐ m ɐ ɳ ɐ m
சமத்துவம்	t͡ɕ ɐ m ɐ t̪ː ʊ ʋ ɐ m
சமம்	t͡ɕ ɐ m ɐ m
சமயம்	t͡ɕ ɐ m ɐ j ɐ m
சமர்ப்பணம்	t͡ɕ ɐ m ɐ ɾ pː ɐ ɳ ɐ m
சமர்ப்பி	t͡ɕ ɐ m ɐ ɾ pː ɪ
சமற்கிருதம்	t͡ɕ ɐ m ɐ r k ɪ ɾ ʊ d̪ ɐ m
சமவெளி	t͡ɕ ɐ m ɐ ʋ e ɭ ɪ
சமஸ்கிருதம்	t͡ɕ ɐ m ɐ s k ɪ ɾ ʊ d̪ ɐ m
சமஸ்கிருதம்	t͡ɕ ɐ m ɐ s k ɾ ʊ d̪ ɐ m
சமாதானம்	t͡ɕ ɐ m ɑː d̪ ɑː n ɐ m
சமாளி	t͡ɕ ɐ m ɑː ɭ ɪ
சமீபம்	t͡ɕ ɐ m iː b ɐ m
சமுதாயச்சீர்திருத்தம்	t͡ɕ ɐ m ʊ d̪ ɑː j ɐ t͡ɕː iː ɾ d̪ ɪ ɾ ʊ t̪ː ɐ m
சமுதாயம்	t͡ɕ ɐ m ʊ d̪ ɑː j ɐ m
சமுத்திரம்	t͡ɕ ɐ m ʊ t̪ː ɪ ɾ ɐ m
சமூகம்	t͡ɕ ɐ m uː ɡ ɐ m
சமூகவுடைமை	t͡ɕ ɐ m uː ɡ ɐ ʋ ʊ ɖ ɐ ɪ̯ m ɐ ɪ̯
சமை	t͡ɕ ɐ m ɐ ɪ̯
சமையற்கட்டு	t͡ɕ ɐ m ɐ ɪ̯ j ɐ r k ɐ ʈː ʊ
சமையற்கூடம்	t͡ɕ ɐ m ɐ ɪ̯ j ɐ r k uː ɖ ɐ m
சமையலறை	t͡ɕ ɐ m ɐ ɪ̯ j ɐ l ɐ r ɐ ɪ̯
சமையல்	t͡ɕ ɐ m ɐ ɪ̯ j ɐ l
சமையல்வீடு	t͡ɕ ɐ m ɐ ɪ̯ j ɐ l ʋ iː ɖ ʊ
சமைவு	t͡ɕ ɐ m ɐ ɪ̯ ʋ ʊ
சமோசா	t͡ɕ ɐ m oː t͡ɕ ɑː
சம்சாரம்	t͡ɕ ɐ m t͡ɕ ɑː ɾ ɐ m
சம்பகம்	t͡ɕ ɐ m b ɐ ɡ ɐ m
சம்பங்கி	t͡ɕ ɐ m b ɐ ŋ ɡ ɪ
சம்பந்தம்	t͡ɕ ɐ m b ɐ n̪ d̪ ɐ m
சம்பளம்	t͡ɕ ɐ m b ɐ ɭ ɐ m
சம்பவம்	t͡ɕ ɐ m b ɐ ʋ ɐ m
சம்பவி	t͡ɕ ɐ m b ɐ ʋ ɪ
சம்பா	t͡ɕ ɐ m b ɑː
சம்பாதி	t͡ɕ ɐ m b ɑː d̪ ɪ
சம்பிரமம்	t͡ɕ ɐ m b ɪ ɾ ɐ m ɐ m
சம்புநாவல்	t͡ɕ ɐ m b ʊ n̪ ɑː ʋ ɐ l
சம்மட்டி	t͡ɕ ɐ mː ɐ ʈː ɪ
சம்மணம்	t͡ɕ ɐ mː ɐ ɳ ɐ m
சம்மதம்	t͡ɕ ɐ mː ɐ d̪ ɐ m
சம்மதி	t͡ɕ ɐ mː ɐ d̪ ɪ
சம்மன்	t͡ɕ ɐ mː ɐ n
சயிக்கம்	t͡ɕ ɐ j ɪ kː ɐ m
சயிந்தவம்	t͡ɕ ɐ j ɪ n̪ d̪ ɐ ʋ ɐ m
சரக்கு	t͡ɕ ɐ ɾ ɐ kː ʊ
சரக்கொன்றை	t͡ɕ ɐ ɾ ɐ kː o n r ɐ ɪ̯
சரணம்	t͡ɕ ɐ ɾ ɐ ɳ ɐ m
சரணியன்	t͡ɕ ɐ ɾ ɐ ɳ ɪ j ɐ n
சரண்	t͡ɕ ɐ ɾ ɐ ɳ
சரண்புகு	t͡ɕ ɐ ɾ ɐ ɳ b ʊ ɡ ʊ
சரபத்து	t͡ɕ ɐ ɾ ɐ b ɐ t̪ː ʊ
சரளம்	t͡ɕ ɐ ɾ ɐ ɭ ɐ m
சரவாக்	t͡ɕ ɐ ɾ ɐ ʋ ɑː k
சரி	t͡ɕ ɐ ɾ ɪ
சரித்திரகாரன்	t͡ɕ ɐ ɾ ɪ t̪ː ɪ ɾ ɐ ɡ ɑː ɾ ɐ n
சரித்திரம்	t͡ɕ ɐ ɾ ɪ t̪ː ɪ ɾ ɐ m
சரியான	t͡ɕ ɐ ɾ ɪ j ɑː n ɐ
சரிவு	t͡ɕ ɐ ɾ ɪ ʋ ʊ
சரீரம்	t͡ɕ ɐ ɾ iː ɾ ɐ m
சருச்சை	t͡ɕ ɐ ɾ ʊ t͡ɕː ɐ ɪ̯
சருமம்	t͡ɕ ɐ ɾ ʊ m ɐ m
சருவம்	t͡ɕ ɐ ɾ ʊ ʋ ɐ m
சருவவியாபி	t͡ɕ ɐ ɾ ʊ ʋ ɐ ʋ ɪ j ɑː b ɪ
சர்க்கரை	t͡ɕ ɐ ɾ kː ɐ ɾ ɐ ɪ̯
சர்க்கரைப்பொங்கல்	t͡ɕ ɐ ɾ kː ɐ ɾ ɐ ɪ̯ pː o ŋ ɡ ɐ l
சர்க்கார்	t͡ɕ ɐ ɾ kː ɑː ɾ
சர்ச்சை	t͡ɕ ɐ ɾ t͡ɕː ɐ ɪ̯
சர்பத்	t͡ɕ ɐ ɾ b ɐ t̪
சர்பராஜ்	t͡ɕ ɐ ɾ b ɐ ɾ ɑː d͡ʑ
சர்ப்பம்	t͡ɕ ɐ ɾ pː ɐ m
சர்வசாதாரணம்	t͡ɕ ɐ ɾ ʋ ɐ t͡ɕ ɑː d̪ ɑː ɾ ɐ ɳ ɐ m
சர்வத்திர	t͡ɕ ɐ ɾ ʋ ɐ t̪ː ɪ ɾ ɐ
சர்வவியாபி	t͡ɕ ɐ ɾ ʋ ɐ ʋ ɪ j ɑː b ɪ
சறுக்கு	t͡ɕ ɐ r ʊ kː ʊ
சறுக்குமரம்	t͡ɕ ɐ r ʊ kː ʊ m ɐ ɾ ɐ m
சறுக்கும்	t͡ɕ ɐ r ʊ kː ʊ m
சற்பிரசாதம்	t͡ɕ ɐ r p ɪ ɾ ɐ t͡ɕ ɑː d̪ ɐ m
சற்று	t͡ɕ ɐ rː ʊ
சல	t͡ɕ ɐ l ɐ
சலகம்	t͡ɕ ɐ l ɐ ɡ ɐ m
சலங்கு	t͡ɕ ɐ l ɐ ŋ ɡ ʊ
சலதாரை	t͡ɕ ɐ l ɐ d̪ ɑː ɾ ɐ ɪ̯
சலதோசம்	t͡ɕ ɐ l ɐ d̪ oː t͡ɕ ɐ m
சலம்	t͡ɕ ɐ l ɐ m
சலவைக்காரர்	t͡ɕ ɐ l ɐ ʋ ɐ ɪ̯ kː ɑː ɾ ɐ ɾ
சலி	t͡ɕ ɐ l ɪ
சலிப்பு	t͡ɕ ɐ l ɪ pː ʊ
சல்லடை	t͡ɕ ɐ l l ɐ ɖ ɐ ɪ̯
சல்லரி	t͡ɕ ɐ l l ɐ ɾ ɪ
சல்லி	t͡ɕ ɐ l l ɪ
சளி	t͡ɕ ɐ ɭ ɪ
சவக்காரம்	t͡ɕ ɐ ʋ ɐ kː ɑː ɾ ɐ m
சவம்	t͡ɕ ɐ ʋ ɐ m
சவரன்	t͡ɕ ɐ ʋ ɐ ɾ ɐ n
சவால்	t͡ɕ ɐ ʋ ɑː l
சவுக்காரம்	t͡ɕ ɐ ʋ ʊ kː ɑː ɾ ɐ m
சவுக்கு	t͡ɕ ɐ ʋ ʊ kː ʊ
சவுண்டு	s ɐ ʋ ʊ ɳ ɖ ʊ
சவுத்து	t͡ɕ ɐ ʋ ʊ t̪ː ʊ
சவுந்தரியம்	t͡ɕ ɐ ʋ ʊ n̪ d̪ ɐ ɾ ɪ j ɐ m
சவை	t͡ɕ ɐ ʋ ɐ ɪ̯
சவ்வரிசி	t͡ɕ ɐ ʋː ɐ ɾ ɪ t͡ɕ ɪ
சா	t͡ɕ ɑː
சாக	t͡ɕ ɑː ɡ ɐ
சாகாதீர்கள்	t͡ɕ ɑː ɡ ɑː d̪ iː ɾ ɡ ɐ ɭ
சாகை	t͡ɕ ɑː ɡ ɐ ɪ̯
சாக்கடல்	t͡ɕ ɑː kː ɐ ɖ ɐ l
சாக்கடை	t͡ɕ ɑː kː ɐ ɖ ɐ ɪ̯
சாக்காடு	t͡ɕ ɑː kː ɑː ɖ ʊ
சாக்கு	t͡ɕ ɑː kː ʊ
சாக்கையர்	t͡ɕ ɑː kː ɐ ɪ̯ j ɐ ɾ
சாசனம்	t͡ɕ ɑː t͡ɕ ɐ n ɐ m
சாசுவதம்	t͡ɕ ɑː t͡ɕ ʊ ʋ ɐ d̪ ɐ m
சாடு	t͡ɕ ɑː ɖ ʊ
சாட்	t͡ɕ ɑː ɖ
சாட்	t͡ɕ ɑː ʈ
சாட்சி	t͡ɕ ɑː ʈ t͡ɕ ɪ
சாட்டியம்	t͡ɕ ɑː ʈː ɪ j ɐ m
சாட்டை	t͡ɕ ɑː ʈː ɐ ɪ̯
சாணம்	t͡ɕ ɑː ɳ ɐ m
சாணி	t͡ɕ ɑː ɳ ɪ
சாணைக்கல்	t͡ɕ ɑː ɳ ɐ ɪ̯ kː ɐ l
சாண்	t͡ɕ ɑː ɳ
சாதனம்	t͡ɕ ɑː d̪ ɐ n ɐ m
சாதனை	t͡ɕ ɑː d̪ ɐ n ɐ ɪ̯
சாதம்	t͡ɕ ɑː d̪ ɐ m
சாதா	t͡ɕ ɑː d̪ ɑː
சாதாரணம்	t͡ɕ ɑː d̪ ɑː ɾ ɐ ɳ ɐ m
சாதி	t͡ɕ ɑː d̪ ɪ
சாதிக்காய்	t͡ɕ ɑː d̪ ɪ kː ɑː j
சாதிக்கிறான்	t͡ɕ ɑː d̪ ɪ kː ɪ r ɑː n
சாது	t͡ɕ ɑː d̪ ʊ
சாத்தான்	t͡ɕ ɑː t̪ː ɑː n
சாத்தியம்	t͡ɕ ɑː t̪ː ɪ j ɐ m
சாத்திரம்	t͡ɕ ɑː t̪ː ɪ ɾ ɐ m
சாத்து	t͡ɕ ɑː t̪ː ʊ
சாந்து	t͡ɕ ɑː n̪ d̪ ʊ
சானம்	t͡ɕ ɑː n ɐ m
சானா	t͡ɕ ɑː n ɑː
சானாஅ	t͡ɕ ɑː n ɑː ɐ
சான்றிதழ்	t͡ɕ ɑː n r ɪ d̪ ɐ ɻ
சான்று	t͡ɕ ɑː n r ʊ
சான்றோர்	t͡ɕ ɑː n r oː ɾ
சாபம்	t͡ɕ ɑː b ɐ m
சாப்பாடு	t͡ɕ ɑː pː ɑː ɖ ʊ
சாப்பாட்டுக்கடை	t͡ɕ ɑː pː ɑː ʈː ʊ kː ɐ ɖ ɐ ɪ̯
சாப்பாட்டுராமன்	t͡ɕ ɑː pː ɑː ʈː ʊ ɾ ɑː m ɐ n
சாப்பாட்டை	t͡ɕ ɑː pː ɑː ʈː ɐ ɪ̯
சாப்பிடு	t͡ɕ ɑː pː ɪ ɖ ʊ
சாப்பிட்டாள்	t͡ɕ ɑː pː ɪ ʈː ɑː ɭ
சாப்பிட்டீங்களா	t͡ɕ ɑː pː ɪ ʈː iː ŋ ɡ ɐ ɭ ɑː
சாமந்தி	t͡ɕ ɑː m ɐ n̪ d̪ ɪ
சாமர்த்தியம்	t͡ɕ ɑː m ɐ ɾ t̪ː ɪ j ɐ m
சாமாத்தியம்	t͡ɕ ɑː m ɑː t̪ː ɪ j ɐ m
சாமார்த்தியம்	t͡ɕ ɑː m ɑː ɾ t̪ː ɪ j ɐ m
சாமி	t͡ɕ ɑː m ɪ
சாமுவேல்	t͡ɕ ɑː m ʊ ʋ eː l
சாம்பல்	t͡ɕ ɑː m b ɐ l
சாம்பார்	t͡ɕ ɑː m b ɑː ɾ
சாம்பிராணி	t͡ɕ ɑː m b ɪ ɾ ɑː ɳ ɪ
சாம்பிராணி	t͡ɕ ɑː m b ɾ ɑː ɳ ɪ
சாம்ராச்சியம்	t͡ɕ ɑː m ɾ ɑː t͡ɕː ɪ j ɐ m
சாம்ராஜ்யம்	t͡ɕ ɑː m ɾ ɑː d͡ʑ j ɐ m
சாயங்காலம்	t͡ɕ ɑː j ɐ ŋ ɡ ɑː l ɐ m
சாயவேர்	t͡ɕ ɑː j ɐ ʋ eː ɾ
சாய்	t͡ɕ ɑː j
சாய்கோடு	t͡ɕ ɑː j ɡ oː ɖ ʊ
சாய்ப்பிடம்	t͡ɕ ɑː j pː ɪ ɖ ɐ m
சாய்வு	t͡ɕ ɑː j ʋ ʊ
சாரட்டு	t͡ɕ ɑː ɾ ɐ ʈː ʊ
சாரதி	t͡ɕ ɑː ɾ ɐ d̪ ɪ
சாரத்துவம்	t͡ɕ ɑː ɾ ɐ t̪ː ʊ ʋ ɐ m
சாரன்	t͡ɕ ɑː ɾ ɐ n
சாரம்	t͡ɕ aː ɾ a m
சாரம்	t͡ɕ ɑː ɾ ɐ m
சாரல்	t͡ɕ ɑː ɾ ɐ l
சாராயம்	t͡ɕ ɑː ɾ ɑː j ɐ m
சாரியை	t͡ɕ ɑː ɾ ɪ j ɐ ɪ̯
சாரை	t͡ɕ ɑː ɾ ɐ ɪ̯
சாரைப்பாம்பு	t͡ɕ ɑː ɾ ɐ ɪ̯ pː ɑː m b ʊ
சார்	t͡ɕ ɑː ɾ
சார்	s æ ɾ ɯ
சார்	s æ ɾ
சார்	s ɐ ɾ
சார்க்கண்டு	t͡ɕ ɑː ɾ kː ɐ ɳ ɖ ʊ
சார்க்கண்ட்	t͡ɕ ɑː ɾ kː ɐ ɳ ɖ
சார்த்து	t͡ɕ ɑː ɾ t̪ː ʊ
சார்த்தூலம்	t͡ɕ ɑː ɾ t̪ː uː l ɐ m
சார்பு	t͡ɕ ɑː ɾ b ʊ
சார்பெழுத்து	t͡ɕ ɑː ɾ b e ɻ ʊ t̪ː ʊ
சார்வு	t͡ɕ ɑː ɾ ʋ ʊ
சாறு	t͡ɕ ɑː r ʊ
சாலக்கு	t͡ɕ ɑː l ɐ kː ʊ
சாலம்	t͡ɕ ɑː l ɐ m
சாலி	t͡ɕ ɑː l ɪ
சாலியன்	t͡ɕ ɑː l ɪ j ɐ n
சாலை	t͡ɕ ɑː l ɐ ɪ̯
சால்	t͡ɕ ɑː l
சால்சாப்பு	t͡ɕ ɑː l t͡ɕ ɑː pː ʊ
சால்ஜாப்பு	t͡ɕ ɑː l d͡ʑ ɑː pː ʊ
சாளம்	t͡ɕ ɑː ɭ ɐ m
சாளரம்	t͡ɕ ɑː ɭ ɐ ɾ ɐ m
சாளுக்கியர்	t͡ɕ ɑː ɭ ʊ kː ɪ j ɐ ɾ
சாளை	t͡ɕ ɑː ɭ ɐ ɪ̯
சாவகச்சேரி	t͡ɕ ɑː ʋ ɐ ɡ ɐ t͡ɕː eː ɾ ɪ
சாவல்	t͡ɕ ɑː ʋ ɐ l
சாவாமை	t͡ɕ ɑː ʋ ɑː m ɐ ɪ̯
சாவி	t͡ɕ ɑː ʋ ɪ
சாவிகள்	t͡ɕ ɑː ʋ ɪ ɡ ɐ ɭ
சாவு	t͡ɕ ɑː ʋ ʊ
சாஸனம்	t͡ɕ ɑː s ɐ n ɐ m
சாஸ்திரம்	t͡ɕ ɑː s t̪ ɪ ɾ ɐ m
சிகப்பு	t͡ɕ ɪ ɡ ɐ pː ʊ
சிகரட்	t͡ɕ ɪ ɡ ɐ ɾ ɐ ʈ
சிகரம்	t͡ɕ ɪ ɡ ɐ ɾ ɐ m
சிகாகோ	t͡ɕ ɪ ɡ ɑː ɡ oː
சிகிச்சை	t͡ɕ ɪ ɡ ɪ t͡ɕː ɐ ɪ̯
சிகை	t͡ɕ ɪ ɡ ɐ ɪ̯
சிகைக்காய்	t͡ɕ ɪ ɡ ɐ ɪ̯ kː ɑː j
சிக்கனம்	t͡ɕ ɪ kː ɐ n ɐ m
சிக்கல்	t͡ɕ ɪ kː ɐ l
சிக்கிம்	t͡ɕ ɪ kː ɪ m
சிக்கு	t͡ɕ ɪ kː ʊ
சிங்கப்பூர்	t͡ɕ ɪ ŋ ɡ ɐ pː uː ɾ
சிங்கம்	t͡ɕ ɪ ŋ ɡ ɐ m
சிங்களம்	t͡ɕ ɪ ŋ ɡ ɐ ɭ ɐ m
சிங்காசனம்	t͡ɕ ɪ ŋ ɡ ɑː t͡ɕ ɐ n ɐ m
சிங்கி	t͡ɕ ɪ ŋ ɡ ɪ
சிங்கு	t͡ɕ ɪ ŋ ɡ ʊ
சிசு	t͡ɕ ɪ t͡ɕ ʊ
சிட்டு	t͡ɕ ɪ ʈː ʊ
சிட்டுக்குருவி	t͡ɕ ɪ ʈː ʊ kː ʊ ɾ ʊ ʋ ɪ
சிணுங்கு	t͡ɕ ɪ ɳ ʊ ŋ ɡ ʊ
சிதடு	t͡ɕ ɪ d̪ ɐ ɖ ʊ
சிதமை	t͡ɕ ɪ d̪ ɐ m ɐ ɪ̯
சிதர்	t͡ɕ ɪ d̪ ɐ ɾ
சிதற	t͡ɕ ɪ d̪ ɐ r ɐ
சிதறியம்	t͡ɕ ɪ d̪ ɐ r ɪ j ɐ m
சிதறு	t͡ɕ ɪ d̪ ɐ r ʊ
சிதல்	t͡ɕ ɪ d̪ ɐ l
சிதாரி	t͡ɕ ɪ d̪ ɑː ɾ ɪ
சிதை	t͡ɕ ɪ d̪ ɐ ɪ̯
சிதைவு	t͡ɕ ɪ d̪ ɐ ɪ̯ ʋ ʊ
சித்தம்	t͡ɕ ɪ t̪ː ɐ m
சித்தர்	t͡ɕ ɪ t̪ː ɐ ɾ
சித்தார்	t͡ɕ ɪ t̪ː ɑː ɾ
சித்தி	t͡ɕ ɪ t̪ː ɪ
சித்தி	t͡ɕ ɪ t̪ː ɪ
சித்தி	t͡ɕ ɪ d̪ d̪ ɪ
சித்திரகாயம்	t͡ɕ ɪ t̪ː ɪ ɾ ɐ ɡ ɑː j ɐ m
சித்திரபானு	t͡ɕ ɪ t̪ː ɪ ɾ ɐ b ɑː n ʊ
சித்திரம்	t͡ɕ ɪ t̪ː ɪ ɾ ɐ m
சித்திரை	t͡ɕ ɪ t̪ː ɪ ɾ ɐ ɪ̯
சித்ரா	t͡ɕ ɪ t̪ ɾ ɑː
சிநேகிதன்	t͡ɕ ɪ n̪ eː ɡ ɪ d̪ ɐ n
சிநேகிதன்	s n̪ eː h ɪ d̪ ɐ n
சிந்தம்	t͡ɕ ɪ n̪ d̪ ɐ m
சிந்தி	t͡ɕ ɪ n̪ d̪ ɪ
சிந்து	t͡ɕ ɪ n̪ d̪ ʊ
சிந்தை	t͡ɕ ɪ n̪ d̪ ɐ ɪ̯
சினகரம்	t͡ɕ ɪ n ɐ ɡ ɐ ɾ ɐ m
சினகர்	t͡ɕ ɪ n ɐ ɡ ɐ ɾ
சினம்	t͡ɕ ɪ n ɐ m
சினாடிகா	t͡ɕ ɪ n ɑː ɖ ɪ ɡ ɑː
சினிமா	t͡ɕ ɪ n ɪ m ɑː
சினேகம்	t͡ɕ ɪ n eː ɡ ɐ m
சினை	t͡ɕ ɪ n ɐ ɪ̯
சினைப்பெயர்	t͡ɕ ɪ n ɐ ɪ̯ pː e j ɐ ɾ
சினைப்பை	t͡ɕ ɪ n ɐ ɪ̯ pː ɐ ɪ̯
சின்டி	t͡ɕ ɪ n ɖ ɪ
சின்ன	t͡ɕ ɪ nː ɐ
சின்னக்கரடி	t͡ɕ ɪ nː ɐ kː ɐ ɾ ɐ ɖ ɪ
சின்னத்திரை	t͡ɕ ɪ nː ɐ t̪ː ɪ ɾ ɐ ɪ̯
சின்னமுள்	t͡ɕ ɪ nː ɐ m ʊ ɭ
சின்னம்	t͡ɕ ɪ nː ɐ m
சின்னம்மை	t͡ɕ ɪ nː ɐ mː ɐ ɪ̯
சின்னவீடு	t͡ɕ ɪ nː ɐ ʋ iː ɖ ʊ
சின்னவெங்காயம்	t͡ɕ ɪ nː ɐ ʋ e ŋ ɡ ɑː j ɐ m
சிபார்சு	t͡ɕ ɪ b ɑː ɾ t͡ɕ ʊ
சிப்பாய்	t͡ɕ ɪ pː ɑː j
சிப்பி	t͡ɕ ɪ pː ɪ
சிமிட்டி	t͡ɕ ɪ m ɪ ʈː ɪ
சிமிட்டு	t͡ɕ ɪ m ɪ ʈː ʊ
சிமிண்டு	t͡ɕ ɪ m ɪ ɳ ɖ ʊ
சிமையம்	t͡ɕ ɪ m ɐ ɪ̯ j ɐ m
சிம்சோன்	t͡ɕ ɪ m t͡ɕ oː n
சிம்மம்	t͡ɕ ɪ mː ɐ m
சியோல்	t͡ɕ ɪ j oː l
சிரங்கு	t͡ɕ ɪ ɾ ɐ ŋ ɡ ʊ
சிரபுஞ்சி	t͡ɕ i ɾ ɐ p u ɲ d͡ʑ i
சிரமம்	t͡ɕ ɪ ɾ ɐ m ɐ m
சிரல்	t͡ɕ ɪ ɾ ɐ l
சிராத்தம்	t͡ɕ ɪ ɾ ɑː t̪ː ɐ m
சிராய்	t͡ɕ ɪ ɾ ɑː j
சிரி	t͡ɕ ɪ ɾ ɪ
சிரிப்பு	t͡ɕ ɪ ɾ ɪ pː ʊ
சிரியா	t͡ɕ ɪ ɾ ɪ j ɑː
சிருட்டி	t͡ɕ ɪ ɾ ʊ ʈː ɪ
சிருஷ்டி	t͡ɕ ɪ ɾ ʊ ʂ ʈ ɪ
சிரேட்டி	t͡ɕ ɪ ɾ eː ʈː ɪ
சிரை	t͡ɕ ɪ ɾ ɐ ɪ̯
சிற	t͡ɕ ɪ r ɐ
சிறகடி	t͡ɕ ɪ r ɐ ɡ ɐ ɖ ɪ
சிறகு	t͡ɕ ɪ r ɐ ɡ ʊ
சிறந்த	t͡ɕ ɪ r ɐ n̪ d̪ ɐ
சிறப்பு	t͡ɕ ɪ r ɐ pː ʊ
சிறப்புரிமை	t͡ɕ ɪ r ɐ pː ʊ ɾ ɪ m ɐ ɪ̯
சிறாம்பி	t͡ɕ ɪ r ɑː m b ɪ
சிறார்	t͡ɕ ɪ r ɑː ɾ
சிறிய	t͡ɕ ɪ r ɪ j ɐ
சிறீதரன்	t͡ɕ ɪ r iː d̪ ɐ ɾ ɐ n
சிறு	t͡ɕ ɪ r ʊ
சிறுகதை	t͡ɕ ɪ r ʊ ɡ ɐ d̪ ɐ ɪ̯
சிறுகுடல்	t͡ɕ ɪ r ʊ ɡ ʊ ɖ ɐ l
சிறுகுறிஞ்சா	t͡ɕ ɪ r ʊ ɡ ʊ r ɪ ɲ d͡ʑ ɑː
சிறுசெண்பகம்	t͡ɕ ɪ r ʊ t͡ɕ e ɳ b ɐ ɡ ɐ m
சிறுசெய்	t͡ɕ ɪ r ʊ t͡ɕ e j
சிறுதடி	t͡ɕ ɪ r ʊ d̪ ɐ ɖ ɪ
சிறுத்தால்	t͡ɕ ɪ r ʊ t̪ː ɑː l
சிறுத்தை	t͡ɕ ɪ r ʊ t̪ː ɐ ɪ̯
சிறுத்தைப்புலி	t͡ɕ ɪ r ʊ t̪ː ɐ ɪ̯ pː ʊ l ɪ
சிறுநீரகம்	t͡ɕ ɪ r ʊ n̪ iː ɾ ɐ ɡ ɐ m
சிறுநீர்	t͡ɕ ɪ r ʊ n̪ iː ɾ
சிறுநீர்ப்பை	t͡ɕ ɪ r ʊ n̪ iː ɾ pː ɐ ɪ̯
சிறுமி	t͡ɕ ɪ r ʊ m ɪ
சிறுமை	t͡ɕ ɪ r ʊ m ɐ ɪ̯
சிறுவன்	t͡ɕ ɪ r ʊ ʋ ɐ n
சிறுவாள்	t͡ɕ ɪ r ʊ ʋ ɑː ɭ
சிறுவிரல்	t͡ɕ ɪ r ʊ ʋ ɪ ɾ ɐ l
சிறை	t͡ɕ ɪ r ɐ ɪ̯
சிற்பசாஸ்திரி	t͡ɕ ɪ r p ɐ t͡ɕ ɑː s t̪ ɪ ɾ ɪ
சிற்பம்	t͡ɕ ɪ r p ɐ m
சிற்பர்	t͡ɕ ɪ r p ɐ ɾ
சிற்பி	t͡ɕ ɪ r p ɪ
சிற்பியல்	t͡ɕ ɪ r p ɪ j ɐ l
சிற்றரத்தை	t͡ɕ ɪ rː ɐ ɾ ɐ t̪ː ɐ ɪ̯
சிற்றின்பம்	t͡ɕ ɪ rː ɪ n b ɐ m
சிற்று	t͡ɕ ɪ rː ʊ
சிற்றுண்டி	t͡ɕ ɪ rː ʊ ɳ ɖ ɪ
சிற்றுந்து	t͡ɕ ɪ rː ʊ n̪ d̪ ʊ
சிற்றூர்	t͡ɕ ɪ rː uː ɾ
சில	t͡ɕ ɪ l ɐ
சிலந்தி	t͡ɕ ɪ l ɐ n̪ d̪ ɪ
சிலப்பதிகாரம்	t͡ɕ ɪ l ɐ pː ɐ d̪ ɪ ɡ ɑː ɾ ɐ m
சிலம்பு	t͡ɕ ɪ l ɐ m b ʊ
சிலர்	t͡ɕ ɪ l ɐ ɾ
சிலாகி	t͡ɕ ɪ l ɑː ɡ ɪ
சிலாக்கியம்	t͡ɕ ɪ l ɑː kː ɪ j ɐ m
சிலாங்கூர்	t͡ɕ ɪ l ɑː ŋ ɡ uː ɾ
சிலாசத்து	t͡ɕ ɪ l ɑː t͡ɕ ɐ t̪ː ʊ
சிலாபம்	t͡ɕ ɪ l ɑː b ɐ m
சிலி	t͡ɕ ɪ l ɪ
சிலிர்	t͡ɕ ɪ l ɪ ɾ
சிலுவை	t͡ɕ ɪ l ʊ ʋ ɐ ɪ̯
சிலை	t͡ɕ ɪ l ɐ ɪ̯
சில்	t͡ɕ ɪ l
சில்லறை	t͡ɕ ɪ l l ɐ r ɐ ɪ̯
சில்லிமூக்கு	t͡ɕ ɪ l l ɪ m uː kː ʊ
சில்லு	t͡ɕ ɪ l l ʊ
சிவ	t͡ɕ ɪ ʋ ɐ
சிவகங்கை	t͡ɕ ɪ ʋ ɐ ɡ ɐ ŋ ɡ ɐ ɪ̯
சிவந்தி	t͡ɕ ɪ ʋ ɐ n̪ d̪ ɪ
சிவன்	t͡ɕ ɪ ʋ ɐ n
சிவபிரான்	t͡ɕ ɪ ʋ ɐ b ɪ ɾ ɑː n
சிவபெருமான்	t͡ɕ ɪ ʋ ɐ b e ɾ ʊ m ɑː n
சிவப்பு	t͡ɕ ɪ ʋ ɐ pː ʊ
சிவப்புக்கல்	t͡ɕ ɪ ʋ ɐ pː ʊ kː ɐ l
சிவப்புமரம்	t͡ɕ ɪ ʋ ɐ pː ʊ m ɐ ɾ ɐ m
சிவம்	t͡ɕ ɪ ʋ ɐ m
சிவரிக்கீரை	t͡ɕ ɪ ʋ ɐ ɾ ɪ kː iː ɾ ɐ ɪ̯
சிவளிகைக்கச்சு	t͡ɕ ɪ ʋ ɐ ɭ ɪ ɡ ɐ ɪ̯ kː ɐ t͡ɕː ʊ
சிவிகை	t͡ɕ ɪ ʋ ɪ ɡ ɐ ɪ̯
சிவிங்கி	t͡ɕ ɪ ʋ ɪ ŋ ɡ ɪ
சிஷ்டம்	t͡ɕ ɪ ʂ ʈ ɐ m
சிஷ்யன்	t͡ɕ ɪ ʂ j ɐ n
சிஸ்	t͡ɕ ɪ s
சீ	t͡ɕ iː
சீக்காடி	t͡ɕ iː kː ɑː ɖ ɪ
சீக்கிரம்	t͡ɕ iː kː ɪ ɾ ɐ m
சீக்கு	t͡ɕ iː kː ʊ
சீசா	t͡ɕ iː t͡ɕ ɑː
சீடை	t͡ɕ iː ɖ ɐ ɪ̯
சீட்டு	t͡ɕ iː ʈː ʊ
சீட்டுக்கட்டு	t͡ɕ iː ʈː ʊ kː ɐ ʈː ʊ
சீண்டு	t͡ɕ iː ɳ ɖ ʊ
சீதனம்	t͡ɕ iː d̪ ɐ n ɐ m
சீதை	t͡ɕ iː d̪ ɐ ɪ̯
சீந்து	t͡ɕ iː n̪ d̪ ʊ
சீன	t͡ɕ iː n ɐ
சீனப்புத்தாண்டு	t͡ɕ iː n ɐ pː ʊ t̪ː ɑː ɳ ɖ ʊ
சீனப்பெருஞ்சுவர்	t͡ɕ iː n ɐ pː e ɾ ʊ ɲ d͡ʑ ʊ ʋ ɐ ɾ
சீனம்	t͡ɕ iː n ɐ m
சீனா	t͡ɕ iː n ɑː
சீனிக்கிழங்கு	t͡ɕ iː n ɪ kː ɪ ɻ ɐ ŋ ɡ ʊ
சீனிவாசன்	t͡ɕ iː n ɪ ʋ ɑː t͡ɕ ɐ n
சீபாதம்	t͡ɕ iː b ɑː d̪ ɐ m
சீப்பு	t͡ɕ iː pː ʊ
சீமந்தம்	t͡ɕ iː m ɐ n̪ d̪ ɐ m
சீமை	t͡ɕ iː m ɐ ɪ̯
சீமைக்கொய்யா	t͡ɕ iː m ɐ ɪ̯ kː o jː ɑː
சீமைச்சீரகம்	t͡ɕ iː m ɐ ɪ̯ t͡ɕː iː ɾ ɐ ɡ ɐ m
சீமையழவனம்	t͡ɕ iː m ɐ ɪ̯ j ɐ ɻ ɐ ʋ ɐ n ɐ m
சீம்பால்	t͡ɕ iː m b ɑː l
சீம்பால்	t͡ɕ iː m p ɑː l
சீம்பு	t͡ɕ iː m b ʊ
சீயக்காய்	t͡ɕ iː j ɐ kː ɑː j
சீயநெய்	t͡ɕ iː j ɐ n̪ e j
சீயம்	t͡ɕ iː j ɐ m
சீரகம்	t͡ɕ iː ɾ ɐ ɡ ɐ m
சீரணி	t͡ɕ iː ɾ ɐ ɳ ɪ
சீரற்ற	t͡ɕ iː ɾ ɐ rː ɐ
சீரழி	t͡ɕ iː ɾ ɐ ɻ ɪ
சீரழிவு	t͡ɕ iː ɾ ɐ ɻ ɪ ʋ ʊ
சீராட்டு	t͡ɕ iː ɾ ɑː ʈː ʊ
சீருடை	t͡ɕ iː ɾ ʊ ɖ ɐ ɪ̯
சீர்	t͡ɕ iː ɾ
சீர்திருத்தம்	t͡ɕ iː ɾ d̪ ɪ ɾ ʊ t̪ː ɐ m
சீர்ப்படு	t͡ɕ iː ɾ pː ɐ ɖ ʊ
சீர்மை	t͡ɕ iː ɾ m ɐ ɪ̯
சீறு	t͡ɕ iː r ʊ
சீற்றம்	t͡ɕ iː rː ɐ m
சீலை	t͡ɕ iː l ɐ ɪ̯
சீலைகள்	t͡ɕ iː l ɐ ɪ̯ ɡ ɐ ɭ
சீழ்	t͡ɕ iː ɻ
சீவன்	t͡ɕ iː ʋ ɐ n
சீவன்முத்தி	t͡ɕ iː ʋ ɐ n m ʊ t̪ː ɪ
சீவி	t͡ɕ iː ʋ ɪ
சீவு	t͡ɕ iː ʋ ʊ
சீஸ்	t͡ɕ iː s
சுகந்தவர்க்கம்	t͡ɕ ʊ ɡ ɐ n̪ d̪ ɐ ʋ ɐ ɾ kː ɐ m
சுகம்	t͡ɕ ʊ ɡ ɐ m
சுகவழி	t͡ɕ ʊ ɡ ɐ ʋ ɐ ɻ ɪ
சுகாசனம்	t͡ɕ ʊ ɡ ɑː t͡ɕ ɐ n ɐ m
சுகாதாரம்	t͡ɕ ʊ ɡ ɑː d̪ ɑː ɾ ɐ m
சுகுத்திரா	t͡ɕ ʊ ɡ ʊ t̪ː ɪ ɾ ɑː
சுகுத்திரா	s o q o t̪ː i ɾ aː
சுக்கிரதசை	t͡ɕ ʊ kː ɪ ɾ ɐ d̪ ɐ t͡ɕ ɐ ɪ̯
சுக்கிரன்	t͡ɕ ʊ kː ɪ ɾ ɐ n
சுக்கு	t͡ɕ ʊ kː ʊ
சுக்கை	t͡ɕ ʊ kː ɐ ɪ̯
சுங்கம்	t͡ɕ ʊ ŋ ɡ ɐ m
சுங்கை	t͡ɕ ʊ ŋ ɡ ɐ ɪ̯
சுசி	t͡ɕ ʊ t͡ɕ ɪ
சுடர்	t͡ɕ ʊ ɖ ɐ ɾ
சுடலை	t͡ɕ ʊ ɖ ɐ l ɐ ɪ̯
சுடலைமாடன்	t͡ɕ ʊ ɖ ɐ l ɐ ɪ̯ m ɑː ɖ ɐ n
சுடு	t͡ɕ ʊ ɖ ʊ
சுடுகாடு	t͡ɕ ʊ ɖ ʊ ɡ ɑː ɖ ʊ
சுடுதண்ணீர்	t͡ɕ ʊ ɖ ʊ d̪ ɐ ɳː iː ɾ
சுடுநீர்	t͡ɕ ʊ ɖ ʊ n̪ iː ɾ
சுட்டாமுட்டி	t͡ɕ ʊ ʈː ɑː m ʊ ʈː ɪ
சுட்டி	t͡ɕ ʊ ʈː ɪ
சுட்டிக்காட்டு	t͡ɕ ʊ ʈː ɪ kː ɑː ʈː ʊ
சுட்டு	t͡ɕ ʊ ʈː ʊ
சுட்டுவிரல்	t͡ɕ ʊ ʈː ʊ ʋ ɪ ɾ ɐ l
சுட்டெழுத்து	t͡ɕ ʊ ʈː e ɻ ʊ t̪ː ʊ
சுண்டல்	t͡ɕ ʊ ɳ ɖ ɐ l
சுண்டு	t͡ɕ ʊ ɳ ɖ ʊ
சுண்டுவிரல்	t͡ɕ ʊ ɳ ɖ ʊ ʋ ɪ ɾ ɐ l
சுண்டெலி	t͡ɕ ʊ ɳ ɖ e l ɪ
சுண்ணம்	t͡ɕ ʊ ɳː ɐ m
சுண்ணாம்பு	t͡ɕ ʊ ɳː ɑː m b ʊ
சுண்ணாம்புக்கல்	t͡ɕ ʊ ɳː ɑː m b ʊ kː ɐ l
சுண்ணாம்புக்காளவாய்	t͡ɕ ʊ ɳː ɑː m b ʊ kː ɑː ɭ ɐ ʋ ɑː j
சுண்ணி	t͡ɕ ʊ ɳː ɪ
சுதந்தரம்	t͡ɕ ʊ d̪ ɐ n̪ d̪ ɐ ɾ ɐ m
சுதந்திரம்	t͡ɕ ʊ d̪ ɐ n̪ d̪ ɪ ɾ ɐ m
சுதன்	t͡ɕ ʊ d̪ ɐ n
சுதப்பு	t͡ɕ ʊ d̪ ɐ pː ʊ
சுத்தம்	t͡ɕ ʊ t̪ː ɐ m
சுத்தி	t͡ɕ ʊ t̪ː ɪ
சுத்தியல்	t͡ɕ ʊ t̪ː ɪ j ɐ l
சுத்து	t͡ɕ ʊ t̪ː ʊ
சுந்தரம்	t͡ɕ ʊ n̪ d̪ ɐ ɾ ɐ m
சுனாமி	t͡ɕ ʊ n ɑː m ɪ
சுனை	t͡ɕ ʊ n ɐ ɪ̯
சுன்னத்து	t͡ɕ ʊ nː ɐ t̪ː ʊ
சுன்னி	t͡ɕ ʊ nː ɪ
சுபம்	t͡ɕ ʊ b ɐ m
சுப்பிரமணியன்	t͡ɕ ʊ pː ɪ ɾ ɐ m ɐ ɳ ɪ j ɐ n
சும	t͡ɕ ʊ m ɐ
சுமத்தி	t͡ɕ ʊ m ɐ t̪ː ɪ
சுமத்து	t͡ɕ ʊ m ɐ t̪ː ʊ
சுமந்து	t͡ɕ ʊ m ɐ n̪ d̪ ʊ
சுமார்	t͡ɕ ʊ m ɑː ɾ
சுமை	t͡ɕ ʊ m ɐ ɪ̯
சும்மா	t͡ɕ ʊ mː ɑː
சுர	t͡ɕ ʊ ɾ ɐ
சுரங்கம்	t͡ɕ ʊ ɾ ɐ ŋ ɡ ɐ m
சுரணை	t͡ɕ ʊ ɾ ɐ ɳ ɐ ɪ̯
சுரண்டு	t͡ɕ ʊ ɾ ɐ ɳ ɖ ʊ
சுரப்பி	t͡ɕ ʊ ɾ ɐ pː ɪ
சுரமண்டலம்	t͡ɕ ʊ ɾ ɐ m ɐ ɳ ɖ ɐ l ɐ m
சுரம்	t͡ɕ ʊ ɾ ɐ m
சுரிநாம்	t͡ɕ ʊ ɾ ɪ n̪ ɑː m
சுருக்கம்	t͡ɕ ʊ ɾ ʊ kː ɐ m
சுருக்கு	t͡ɕ ʊ ɾ ʊ kː ʊ
சுருங்கு	t͡ɕ ʊ ɾ ʊ ŋ ɡ ʊ
சுருசுருப்பு	t͡ɕ ʊ ɾ ʊ t͡ɕ ʊ ɾ ʊ pː ʊ
சுருட்டு	t͡ɕ ʊ ɾ ʊ ʈː ʊ
சுருதி	t͡ɕ ʊ ɾ ʊ d̪ ɪ
சுருதிகூட்டு	t͡ɕ ʊ ɾ ʊ d̪ ɪ ɡ uː ʈː ʊ
சுரும்பு	t͡ɕ ʊ ɾ ʊ m b ʊ
சுருளி	t͡ɕ ʊ ɾ ʊ ɭ ɪ
சுருளு	t͡ɕ ʊ ɾ ʊ ɭ ʊ
சுருள்	t͡ɕ ʊ ɾ ʊ ɭ
சுரை	t͡ɕ ʊ ɾ ɐ ɪ̯
சுரைக்காய்	t͡ɕ ʊ ɾ ɐ ɪ̯ kː ɑː j
சுறவம்	t͡ɕ ʊ r ɐ ʋ ɐ m
சுறா	t͡ɕ ʊ r ɑː
சுறாமீன்	t͡ɕ ʊ r ɑː m iː n
சுறுசுறுப்பு	t͡ɕ ʊ r ʊ t͡ɕ ʊ r ʊ pː ʊ
சுற்றம்	t͡ɕ ʊ rː ɐ m
சுற்றளவு	t͡ɕ ʊ rː ɐ ɭ ɐ ʋ ʊ
சுற்றி	t͡ɕ ʊ rː ɪ
சுற்றிவளை	t͡ɕ ʊ rː ɪ ʋ ɐ ɭ ɐ ɪ̯
சுற்று	t͡ɕ ʊ rː ʊ
சுற்றுச்சூழல்	t͡ɕ ʊ rː ʊ t͡ɕː uː ɻ ɐ l
சுலபம்	t͡ɕ ʊ l ɐ b ɐ m
சுல்தானகம்	t͡ɕ ʊ l t̪ ɑː n ɐ ɡ ɐ m
சுல்தான்	t͡ɕ ʊ l t̪ ɑː n
சுளுக்கு	t͡ɕ ʊ ɭ ʊ kː ʊ
சுள்ளான்	t͡ɕ ʊ ɭː ɑː n
சுள்ளி	t͡ɕ ʊ ɭː ɪ
சுள்ளெறும்பு	t͡ɕ ʊ ɭː e r ʊ m b ʊ
சுழற்று	t͡ɕ ʊ ɻ ɐ rː ʊ
சுழலு	t͡ɕ ʊ ɻ ɐ l ʊ
சுழல்	t͡ɕ ʊ ɻ ɐ l
சுழல்காற்று	t͡ɕ ʊ ɻ ɐ l ɡ ɑː rː ʊ
சுழி	t͡ɕ ʊ ɻ ɪ
சுழியம்	t͡ɕ ʊ ɻ ɪ j ɐ m
சுவடி	t͡ɕ ʊ ʋ ɐ ɖ ɪ
சுவடு	t͡ɕ ʊ ʋ ɐ ɖ ʊ
சுவத்திகம்	t͡ɕ ʊ ʋ ɐ t̪ː ɪ ɡ ɐ m
சுவத்திகாசனம்	t͡ɕ ʊ ʋ ɐ t̪ː ɪ ɡ ɑː t͡ɕ ɐ n ɐ m
சுவர்	t͡ɕ ʊ ʋ ɐ ɾ
சுவர்க்கம்	t͡ɕ ʊ ʋ ɐ ɾ kː ɐ m
சுவாசம்	t͡ɕ ʊ ʋ ɑː t͡ɕ ɐ m
சுவாசியா	t͡ɕ ʊ ʋ ɑː t͡ɕ ɪ j ɑː
சுவானம்	t͡ɕ ʊ ʋ ɑː n ɐ m
சுவாமி	t͡ɕ ʊ ʋ ɑː m ɪ
சுவாலை	t͡ɕ ʊ ʋ ɑː l ɐ ɪ̯
சுவிசேஷம்	t͡ɕ ʊ ʋ ɪ t͡ɕ eː ʂ ɐ m
சுவீகாரம்	t͡ɕ ʊ ʋ iː ɡ ɑː ɾ ɐ m
சுவேதம்	t͡ɕ ʊ ʋ eː t̪ː ɐ m
சுவை	t͡ɕ ʊ ʋ ɐ ɪ̯
சுவையான	t͡ɕ ʊ ʋ ɐ ɪ̯ j ɑː n ɐ
சூடன்	t͡ɕ uː ɖ ɐ n
சூடம்	t͡ɕ uː ɖ ɐ m
சூடு	t͡ɕ uː ɖ ʊ
சூடுபிடி	t͡ɕ uː ɖ ʊ b ɪ ɖ ɪ
சூட்	t͡ɕ uː ʈ
சூட்டுக்கள்	t͡ɕ uː ʈː ʊ kː ɐ ɭ
சூது	t͡ɕ uː d̪ ʊ
சூத்திரம்	t͡ɕ uː t̪ː ɪ ɾ ɐ m
சூனியம்	t͡ɕ uː n ɪ j ɐ m
சூன்	t͡ɕ uː n
சூப்பர்	s uː pː ɐ ɾ
சூம்பு	t͡ɕ uː m b ʊ
சூரியகாந்தி	t͡ɕ uː ɾ ɪ j ɐ ɡ ɑː n̪ d̪ ɪ
சூரியன்	t͡ɕ uː ɾ ɪ j ɐ n
சூர்ப்பணகை	t͡ɕ uː ɾ pː ɐ ɳ ɐ ɡ ɐ ɪ̯
சூறாவளி	t͡ɕ uː r ɑː ʋ ɐ ɭ ɪ
சூறை	t͡ɕ uː r ɐ ɪ̯
சூலம்	t͡ɕ uː l ɐ m
சூலை	t͡ɕ uː l ɐ ɪ̯
சூளான்	t͡ɕ uː ɭ ɑː n
சூளுரை	t͡ɕ uː ɭ ʊ ɾ ɐ ɪ̯
சூளுறு	t͡ɕ uː ɭ ʊ r ʊ
சூளை	t͡ɕ uː ɭ ɐ ɪ̯
சூழலியல்	t͡ɕ uː ɻ ɐ l ɪ j ɐ l
சூழல்	t͡ɕ uː ɻ ɐ l
சூழ்	t͡ɕ uː ɻ
சூழ்ச்சி	t͡ɕ uː ɻ t͡ɕː ɪ
சூழ்நிலை	t͡ɕ uː ɻ n̪ ɪ l ɐ ɪ̯
செகம்	t͡ɕ e ɡ ɐ m
செக்	t͡ɕ e k
செக்கச்சிவ	t͡ɕ e kː ɐ t͡ɕː ɪ ʋ ɐ
செக்கு	t͡ɕ e kː ʊ
செங்	t͡ɕ e ŋ
செங்கந்தகம்	t͡ɕ e ŋ ɡ ɐ n̪ d̪ ɐ ɡ ɐ m
செங்கல்	t͡ɕ e ŋ ɡ ɐ l
செங்கல்பட்டு	t͡ɕ e ŋ ɡ ɐ l b ɐ ʈː ʊ
செங்கல்மால்	t͡ɕ e ŋ ɡ ɐ l m ɑː l
செங்களம்	t͡ɕ e ŋ ɡ ɐ ɭ ɐ m
செங்கழுநீர்	t͡ɕ e ŋ ɡ ɐ ɻ ʊ n̪ iː ɾ
செங்காடை	t͡ɕ e ŋ ɡ ɑː ɖ ɐ ɪ̯
செங்கிழங்கு	t͡ɕ e ŋ ɡ ɪ ɻ ɐ ŋ ɡ ʊ
செங்குத்து	t͡ɕ e ŋ ɡ ʊ t̪ː ʊ
செங்கோல்	t͡ɕ e ŋ ɡ oː l
செச்சினியா	t͡ɕ e t͡ɕː ɪ n ɪ j ɑː
செச்சை	t͡ɕ e t͡ɕː ɐ ɪ̯
செஞ்சந்தனம்	t͡ɕ e ɲ d͡ʑ ɐ n̪ d̪ ɐ n ɐ m
செஞ்சி	t͡ɕ e ɲ d͡ʑ ɪ
செடி	t͡ɕ e ɖ ɪ
செடிகொடி	t͡ɕ e ɖ ɪ ɡ o ɖ ɪ
செடிப்பேன்	t͡ɕ e ɖ ɪ pː eː n
செட்டிக்குளம்	t͡ɕ e ʈː ɪ kː ʊ ɭ ɐ m
செட்டிநாகம்	t͡ɕ e ʈː ɪ n̪ ɑː ɡ ɐ m
செட்டு	t͡ɕ e ʈː ʊ
செட்டை	t͡ɕ e ʈː ɐ ɪ̯
செட்டைகள்	t͡ɕ e ʈː ɐ ɪ̯ ɡ ɐ ɭ
செண்டு	t͡ɕ e ɳ ɖ ʊ
செதுக்கு	t͡ɕ e d̪ ʊ kː ʊ
செத்த	t͡ɕ e t̪ː ɐ
செத்தவீடு	t͡ɕ e t̪ː ɐ ʋ iː ɖ ʊ
செத்து	t͡ɕ e t̪ː ʊ
செத்தை	t͡ɕ e t̪ː ɐ ɪ̯
செந்	t͡ɕ e n̪
செந்தமிழ்	t͡ɕ e n̪ d̪ ɐ m ɪ ɻ
செந்தாமரை	t͡ɕ e n̪ d̪ ɑː m ɐ ɾ ɐ ɪ̯
செந்துருக்கம்	t͡ɕ e n̪ d̪ ʊ ɾ ʊ kː ɐ m
செந்நாய்	t͡ɕ e n̪ː ɑː j
செந்நீர்	t͡ɕ e n̪ː iː ɾ
சென்னை	t͡ɕ e nː ɐ ɪ̯
சென்ற	t͡ɕ e n r ɐ
சென்றுவா	t͡ɕ e n r ʊ ʋ ɑː
செபக்குடம்	t͡ɕ e b ɐ kː ʊ ɖ ɐ m
செபம்	t͡ɕ e b ɐ m
செப்டம்பர்	t͡ɕ e p ʈ ɐ m b ɐ ɾ
செப்டெம்பர்	t͡ɕ e p ʈ e m b ɐ ɾ
செப்பம்	t͡ɕ e pː ɐ m
செப்பு	t͡ɕ e pː ʊ
செம்	t͡ɕ e m
செம்பருத்தி	t͡ɕ e m b ɐ ɾ ʊ t̪ː ɪ
செம்பு	t͡ɕ e m b ʊ
செம்புற்று	t͡ɕ e m b ʊ rː ʊ
செம்ம	t͡ɕ e mː ɐ
செம்மஞ்சள்	t͡ɕ e mː ɐ ɲ d͡ʑ ɐ ɭ
செம்மறி	t͡ɕ e mː ɐ r ɪ
செம்மறியாடு	t͡ɕ e mː ɐ r ɪ j ɑː ɖ ʊ
செம்மீன்	t͡ɕ e mː iː n
செம்முள்ளி	t͡ɕ e mː ʊ ɭː ɪ
செம்மை	t͡ɕ e mː ɐ ɪ̯
செம்மொழி	t͡ɕ e mː o ɻ ɪ
செயசூறை	t͡ɕ e j ɐ t͡ɕ uː r ɐ ɪ̯
செயப்படுபொருள்	t͡ɕ e j a pː a ɖ u b o ɾ u ɭ
செயப்படுபொருள்	t͡ɕ e j a pː a ɖ ɯ p o ɾ u ɭ
செயப்படுபொருள்குன்றாதவினை	t͡ɕ e j ɐ pː ɐ ɖ ʊ b o ɾ ʊ ɭ k ʊ n r ɑː d̪ ɐ ʋ ɪ n ɐ ɪ̯
செயப்படுபொருள்குன்றாவினை	t͡ɕ e j ɐ pː ɐ ɖ ʊ b o ɾ ʊ ɭ k ʊ n r ɑː ʋ ɪ n ɐ ɪ̯
செயப்படுபொருள்குன்றியவினை	t͡ɕ e j ɐ pː ɐ ɖ ʊ b o ɾ ʊ ɭ k ʊ n r ɪ j ɐ ʋ ɪ n ɐ ɪ̯
செயப்பாட்டுவினை	t͡ɕ e j ɐ pː ɑː ʈː ʊ ʋ ɪ n ɐ ɪ̯
செயம்	t͡ɕ e j ɐ m
செயற்கை	t͡ɕ e j ɐ r k ɐ ɪ̯
செயற்கைக்கோள்	t͡ɕ e j ɐ r k ɐ ɪ̯ kː oː ɭ
செயற்றிட்டம்	t͡ɕ e j ɐ rː ɪ ʈː ɐ m
செயலி	t͡ɕ e j ɐ l ɪ
செயலிழ	t͡ɕ e j ɐ l ɪ ɻ ɐ
செயலிழப்பு	t͡ɕ e j ɐ l ɪ ɻ ɐ pː ʊ
செயல்	t͡ɕ e j ɐ l
செயல்முறை	t͡ɕ e j ɐ l m ʊ r ɐ ɪ̯
செயி	t͡ɕ e j ɪ
செய்	t͡ɕ e j
செய்கை	t͡ɕ e j ɡ ɐ ɪ̯
செய்தல்	t͡ɕ e j d̪ ɐ l
செய்தி	t͡ɕ e j d̪ ɪ
செய்தித்தாள்	t͡ɕ e j d̪ ɪ t̪ː ɑː ɭ
செய்து	t͡ɕ e j d̪ ʊ
செய்துகோள்	t͡ɕ e j d̪ ʊ ɡ oː ɭ
செய்ய	t͡ɕ e jː ɐ
செய்யுள்	t͡ɕ e jː ʊ ɭ
செய்யோன்	t͡ɕ e jː oː n
செய்வது	t͡ɕ e j ʋ ɐ d̪ ʊ
செய்வினை	t͡ɕ e j ʋ ɪ n ɐ ɪ̯
செரி	t͡ɕ e ɾ ɪ
செருக்கு	t͡ɕ e ɾ ʊ kː ʊ
செருப்பு	t͡ɕ e ɾ ʊ pː ʊ
செருமனி	t͡ɕ e ɾ ʊ m ɐ n ɪ
செருமன்	t͡ɕ e ɾ ʊ m ɐ n
செருமு	t͡ɕ e ɾ ʊ m ʊ
செறி	t͡ɕ e r ɪ
செறு	t͡ɕ e r ʊ
செலவு	t͡ɕ e l ɐ ʋ ʊ
செலாக்கு	t͡ɕ e l ɑː kː ʊ
செலுத்து	t͡ɕ e l ʊ t̪ː ʊ
செலுப்பட்டி	t͡ɕ e l ʊ pː ɐ ʈː ɪ
செல்	t͡ɕ e l
செல்ல	t͡ɕ e l l ɐ
செல்லம்	t͡ɕ e l l ɐ m
செல்வநூல்	t͡ɕ e l ʋ ɐ n̪ uː l
செல்வந்தன்	t͡ɕ e l ʋ ɐ n̪ d̪ ɐ n
செல்வன்	t͡ɕ e l ʋ ɐ n
செல்வம்	t͡ɕ e l ʋ ɐ m
செல்வாக்கு	t͡ɕ e l ʋ ɑː kː ʊ
செல்வி	t͡ɕ e l ʋ ɪ
செள்ளு	t͡ɕ e ɭː ʊ
செழி	t͡ɕ e ɻ ɪ
செழித்தகல்	t͡ɕ e ɻ ɪ t̪ː ɐ ɡ ɐ l
செழிப்பு	t͡ɕ e ɻ ɪ pː ʊ
செழியன்	t͡ɕ e ɻ ɪ j ɐ n
செவ	t͡ɕ e ʋ ɐ
செவப்பு	t͡ɕ e ʋ ɐ pː ʊ
செவி	t͡ɕ e ʋ ɪ
செவிகொடு	t͡ɕ e ʋ ɪ ɡ o ɖ ʊ
செவிகொள்	t͡ɕ e ʋ ɪ ɡ o ɭ
செவிக்குத்து	t͡ɕ e ʋ ɪ kː ʊ t̪ː ʊ
செவிக்கேறு	t͡ɕ e ʋ ɪ kː eː r ʊ
செவிசாய்	t͡ɕ e ʋ ɪ t͡ɕ ɑː j
செவிச்செல்வம்	t͡ɕ e ʋ ɪ t͡ɕː e l ʋ ɐ m
செவிச்சொல்	t͡ɕ e ʋ ɪ t͡ɕː o l
செவிடன்	t͡ɕ e ʋ ɪ ɖ ɐ n
செவிடி	t͡ɕ e ʋ ɪ ɖ ɪ
செவிடு	t͡ɕ e ʋ ɪ ɖ ʊ
செவிடுபடு	t͡ɕ e ʋ ɪ ɖ ʊ b ɐ ɖ ʊ
செவிடெறி	t͡ɕ e ʋ ɪ ɖ e r ɪ
செவித்துறண்டி	t͡ɕ e ʋ ɪ t̪ː ʊ r ɐ ɳ ɖ ɪ
செவிப்படுத்து	t͡ɕ e ʋ ɪ pː ɐ ɖ ʊ t̪ː ʊ
செவிப்பாடு	t͡ɕ e ʋ ɪ pː ɑː ɖ ʊ
செவிப்புலன்	t͡ɕ e ʋ ɪ pː ʊ l ɐ n
செவிமடல்	t͡ɕ e ʋ ɪ m ɐ ɖ ɐ l
செவிமடு	t͡ɕ e ʋ ɪ m ɐ ɖ ʊ
செவிமந்தம்	t͡ɕ e ʋ ɪ m ɐ n̪ d̪ ɐ m
செவிமலர்	t͡ɕ e ʋ ɪ m ɐ l ɐ ɾ
செவியடி	t͡ɕ e ʋ ɪ j ɐ ɖ ɪ
செவியன்	t͡ɕ e ʋ ɪ j ɐ n
செவியறிவுறுத்து	t͡ɕ e ʋ ɪ j ɐ r ɪ ʋ ʊ r ʊ t̪ː ʊ
செவியுறு	t͡ɕ e ʋ ɪ j ʊ r ʊ
செவியேறு	t͡ɕ e ʋ ɪ j eː r ʊ
செவிலித்தாய்	t͡ɕ e ʋ ɪ l ɪ t̪ː ɑː j
செவிள்	t͡ɕ e ʋ ɪ ɭ
செவுனி	t͡ɕ e ʋ ʊ n ɪ
செவ்	t͡ɕ e ʋ
செவ்வகம்	t͡ɕ e ʋː ɐ ɡ ɐ m
செவ்வந்தி	t͡ɕ e ʋː ɐ n̪ d̪ ɪ
செவ்வனம்	t͡ɕ e ʋː ɐ n ɐ m
செவ்வல்லி	t͡ɕ e ʋː ɐ l l ɪ
செவ்வள்ளி	t͡ɕ e ʋː ɐ ɭː ɪ
செவ்வாம்பல்	t͡ɕ e ʋː ɑː m b ɐ l
செவ்வாய்	t͡ɕ e ʋː ɑː j
செவ்வாய்க்கிழமை	t͡ɕ e ʋː ɑː j kː ɪ ɻ ɐ m ɐ ɪ̯
செவ்வி	t͡ɕ e ʋː ɪ
செவ்வியல்	t͡ɕ e ʋː ɪ j ɐ l
செவ்விரும்பு	t͡ɕ e ʋː ɪ ɾ ʊ m b ʊ
செவ்வூதா	t͡ɕ e ʋː uː d̪ ɑː
சேகரி	t͡ɕ eː ɡ ɐ ɾ ɪ
சேணம்	t͡ɕ eː ɳ ɐ m
சேதம்	t͡ɕ eː d̪ ɐ m
சேதி	t͡ɕ eː d̪ ɪ
சேத்து	t͡ɕ eː t̪ː ʊ
சேனை	t͡ɕ eː n ɐ ɪ̯
சேப்பங்கிழங்கு	t͡ɕ eː pː ɐ ŋ ɡ ɪ ɻ ɐ ŋ ɡ ʊ
சேமி	t͡ɕ eː m ɪ
சேமியா	t͡ɕ eː m ɪ j ɑː
சேம்பு	t͡ɕ eː m b ʊ
சேய்	t͡ɕ eː j
சேய்மை	t͡ɕ eː j m ɐ ɪ̯
சேரர்	t͡ɕ eː ɾ ɐ ɾ
சேரி	t͡ɕ eː ɾ ɪ
சேரும்	t͡ɕ eː ɾ ʊ m
சேர்	t͡ɕ eː ɾ
சேர்க்கை	t͡ɕ eː ɾ kː ɐ ɪ̯
சேர்த்தி	t͡ɕ eː ɾ t̪ː ɪ
சேர்த்து	t͡ɕ eː ɾ t̪ː ʊ
சேர்ந்தலை	t͡ɕ eː ɾ n̪ d̪ ɐ l ɐ ɪ̯
சேர்ந்தார்	t͡ɕ eː ɾ n̪ d̪ ɑː ɾ
சேர்ப்பு	t͡ɕ eː ɾ pː ʊ
சேறு	t͡ɕ eː r ʊ
சேற்றில்	t͡ɕ eː rː ɪ l
சேற்றுக்கால்	t͡ɕ eː rː ʊ kː ɑː l
சேலம்	t͡ɕ eː l ɐ m
சேலை	t͡ɕ eː l ɐ ɪ̯
சேவல்	t͡ɕ eː ʋ ɐ l
சேவை	t͡ɕ eː ʋ ɐ ɪ̯
சைகதம்	t͡ɕ ɐ ɪ̯ ɡ ɐ d̪ ɐ m
சைக்கிள்	s ɐ ɪ̯ kː ɪ ɭ
சைத்தான்	t͡ɕ ɐ ɪ̯ t̪ː ɑː n
சைனன்	t͡ɕ ɐ ɪ̯ n ɐ n
சைனம்	t͡ɕ ɐ ɪ̯ n ɐ m
சைப்பிரசு	t͡ɕ ɐ ɪ̯ pː ɪ ɾ ɐ t͡ɕ ʊ
சைவன்	t͡ɕ ɐ ɪ̯ ʋ ɐ n
சைவம்	t͡ɕ ɐ ɪ̯ ʋ ɐ m
சொகுசு	t͡ɕ o ɡ ʊ t͡ɕ ʊ
சொக்கத்தங்கம்	t͡ɕ o kː ɐ t̪ː ɐ ŋ ɡ ɐ m
சொக்கு	t͡ɕ o kː ʊ
சொடக்கு	t͡ɕ o ɖ ɐ kː ʊ
சொடுக்கி	t͡ɕ o ɖ ʊ kː ɪ
சொட்டு	t͡ɕ o ʈː ʊ
சொட்டுநீர்ப்பாசனம்	t͡ɕ o ʈː ʊ n̪ iː ɾ pː ɑː t͡ɕ ɐ n ɐ m
சொட்டை	t͡ɕ o ʈː ɐ ɪ̯
சொதப்பு	t͡ɕ o d̪ ɐ pː ʊ
சொத்தால்	t͡ɕ o t̪ː ɑː l
சொத்தின்	t͡ɕ o t̪ː ɪ n
சொத்திலிருந்து	t͡ɕ o t̪ː ɪ l ɪ ɾ ʊ n̪ d̪ ʊ
சொத்தில்	t͡ɕ o t̪ː ɪ l
சொத்து	t͡ɕ o t̪ː ʊ
சொத்துக்களால்	t͡ɕ o t̪ː ʊ kː ɐ ɭ ɑː l
சொத்துக்களின்	t͡ɕ o t̪ː ʊ kː ɐ ɭ ɪ n
சொத்துக்களிலிருந்து	t͡ɕ o t̪ː ʊ kː ɐ ɭ ɪ l ɪ ɾ ʊ n̪ d̪ ʊ
சொத்துக்களில்	t͡ɕ o t̪ː ʊ kː ɐ ɭ ɪ l
சொத்துக்களுக்காக	t͡ɕ o t̪ː ʊ kː ɐ ɭ ʊ kː ɑː ɡ ɐ
சொத்துக்களுக்கு	t͡ɕ o t̪ː ʊ kː ɐ ɭ ʊ kː ʊ
சொத்துக்களுடைய	t͡ɕ o t̪ː ʊ kː ɐ ɭ ʊ ɖ ɐ ɪ̯ j ɐ
சொத்துக்களே	t͡ɕ o t̪ː ʊ kː ɐ ɭ eː
சொத்துக்களை	t͡ɕ o t̪ː ʊ kː ɐ ɭ ɐ ɪ̯
சொத்துக்களோடு	t͡ɕ o t̪ː ʊ kː ɐ ɭ oː ɖ ʊ
சொத்துக்கள்	t͡ɕ o t̪ː ʊ kː ɐ ɭ
சொத்துக்காக	t͡ɕ o t̪ː ʊ kː ɑː ɡ ɐ
சொத்துக்கு	t͡ɕ o t̪ː ʊ kː ʊ
சொத்துடைய	t͡ɕ o t̪ː ʊ ɖ ɐ ɪ̯ j ɐ
சொத்தே	t͡ɕ o t̪ː eː
சொத்தை	t͡ɕ o t̪ː ɐ ɪ̯
சொத்தை	t͡ɕ o t̪ː ɐ ɪ̯
சொத்தோடு	t͡ɕ o t̪ː oː ɖ ʊ
சொந்த	t͡ɕ o n̪ d̪ ɐ
சொந்தம்	t͡ɕ o n̪ d̪ ɐ m
சொன்னான்	t͡ɕ o nː ɑː n
சொப்பனம்	t͡ɕ o pː ɐ n ɐ m
சொப்பு	t͡ɕ o pː ʊ
சொம்பு	t͡ɕ o m b ʊ
சொரி	t͡ɕ o ɾ ɪ
சொரிகொன்றை	t͡ɕ o ɾ ɪ ɡ o n r ɐ ɪ̯
சொருணை	t͡ɕ o ɾ ʊ ɳ ɐ ɪ̯
சொர்க்கம்	t͡ɕ o ɾ kː ɐ m
சொர்ணம்	t͡ɕ o ɾ ɳ ɐ m
சொறி	t͡ɕ o r ɪ
சொறிநாய்	t͡ɕ o r ɪ n̪ ɑː j
சொற்பம்	t͡ɕ o r p ɐ m
சொற்பிறப்பியல்	t͡ɕ o r p ɪ r ɐ pː ɪ j ɐ l
சொற்பு	t͡ɕ o r p ʊ
சொற்புத்தி	t͡ɕ o r p ʊ t̪ː ɪ
சொற்பொழிவு	t͡ɕ o r p o ɻ ɪ ʋ ʊ
சொற்றொடர்	t͡ɕ o rː o ɖ ɐ ɾ
சொல்	t͡ɕ o l
சொல்ல	t͡ɕ o l l ɐ
சொல்லப்போனால்	t͡ɕ o l l ɐ pː oː n ɑː l
சொல்லாட்சி	t͡ɕ o l l ɑː ʈ t͡ɕ ɪ
சொல்லி	t͡ɕ o l l ɪ
சொல்லிக்கொடு	t͡ɕ o l l ɪ kː o ɖ ʊ
சொல்லியல்	t͡ɕ o l l ɪ j ɐ l
சொல்லெச்சம்	t͡ɕ o l l e t͡ɕː ɐ m
சொல்வளம்	t͡ɕ o l ʋ ɐ ɭ ɐ m
சோகம்	t͡ɕ oː ɡ ɐ m
சோகிக்கீரை	t͡ɕ oː ɡ ɪ kː iː ɾ ɐ ɪ̯
சோக்கரா	t͡ɕ oː kː ɐ ɾ ɑː
சோடா	t͡ɕ oː ɖ ɑː
சோதனை	t͡ɕ oː d̪ ɐ n ɐ ɪ̯
சோதி	t͡ɕ oː d̪ ɪ
சோதிடம்	t͡ɕ oː d̪ ɪ ɖ ɐ m
சோனகர்	t͡ɕ oː n ɐ x ɐ ɾ
சோபானம்	t͡ɕ oː b ɑː n ɐ m
சோப்பு	t͡ɕ oː pː ʊ
சோம்பல்	t͡ɕ oː m b ɐ l
சோம்பு	t͡ɕ oː m b ʊ
சோம்பேறி	t͡ɕ oː m b eː r ɪ
சோரி	t͡ɕ oː ɾ ɪ
சோர்	t͡ɕ oː ɾ
சோர்வு	t͡ɕ oː ɾ ʋ ʊ
சோறு	t͡ɕ oː r ʊ
சோற்றாங்கை	t͡ɕ oː rː ɑː ŋ ɡ ɐ ɪ̯
சோற்று	t͡ɕ oː rː ʊ
சோற்றுக்கை	t͡ɕ oː rː ʊ kː ɐ ɪ̯
சோலை	t͡ɕ oː l ɐ ɪ̯
சோளப்பொரி	t͡ɕ oː ɭ ɐ pː o ɾ ɪ
சோளம்	t͡ɕ oː ɭ ɐ m
சோழன்	t͡ɕ oː ɻ ɐ n
சோழர்	t͡ɕ oː ɻ ɐ ɾ
சோழி	t͡ɕ oː ɻ ɪ
சோவி	t͡ɕ oː ʋ ɪ
சௌக்கியமா	t͡ɕ ɐ ʊ̯ kː ɪ j ɐ m ɑː
சௌக்கியம்	t͡ɕ ɐ ʊ̯ kː ɪ j ɐ m
சௌசௌ	t͡ɕ ɐ ʊ̯ t͡ɕ ɐ ʊ̯
சௌத்து	t͡ɕ ɐ ʊ̯ t̪ː ʊ
சௌந்தரியம்	t͡ɕ ɐ ʊ̯ n̪ d̪ ɐ ɾ ɪ j ɐ m
சௌந்தர்யம்	t͡ɕ ɐ ʊ̯ n̪ d̪ ɐ ɾ j ɐ m
ச்	i t͡ɕ
ச்	i t͡ɕː ɯ
ச்	t͡ɕ
ஜ	d͡ʑ ɐ
ஜகத்	d͡ʑ ɐ ɡ ɐ t̪
ஜகம்	d͡ʑ ɐ ɡ ɐ m
ஜக்கம்மா	d͡ʑ ɐ kː ɐ mː ɑː
ஜங்கிள்	d͡ʑ ɐ ŋ ɡ ɪ ɭ
ஜட்கா	d͡ʑ ɐ ʈ k ɑː
ஜட்டி	d͡ʑ ɐ ʈː ɪ
ஜட்டிகள்	d͡ʑ ɐ ʈː ɪ ɡ ɐ ɭ
ஜண்டா	d͡ʑ ɐ ɳ ɖ ɑː
ஜந்து	d͡ʑ ɐ n̪ d̪ ʊ
ஜனகம்	d͡ʑ ɐ n ɐ ɡ ɐ m
ஜனவரி	d͡ʑ ɐ n ɐ ʋ ɐ ɾ ɪ
ஜனாபா	d͡ʑ ɐ n ɑː b ɑː
ஜன்னல்	d͡ʑ ɐ nː ɐ l
ஜபரதஸ்து	d͡ʑ ɐ b ɐ ɾ ɐ d̪ ɐ s t̪ ʊ
ஜப்பான்	d͡ʑ a pː aː n
ஜப்பான்	d͡ʑ a p æ n
ஜமாத்து	d͡ʑ ɐ m ɑː t̪ː ʊ
ஜமீன்	d͡ʑ ɐ m iː n
ஜமீன்தார்	d͡ʑ ɐ m iː n d̪ ɑː ɾ
ஜம்மு	d͡ʑ ɐ mː ʊ
ஜர்மனி	d͡ʑ ɐ ɾ m ɐ n ɪ
ஜலதாரை	d͡ʑ ɐ l ɐ d̪ ɑː ɾ ɐ ɪ̯
ஜலதி	d͡ʑ ɐ l ɐ d̪ ɪ
ஜலதோஷம்	d͡ʑ ɐ l ɐ d̪ oː ʂ ɐ m
ஜலம்	d͡ʑ ɐ l ɐ m
ஜலாயி	d͡ʑ ɐ l ɑː j ɪ
ஜலுப்பு	d͡ʑ ɐ l ʊ pː ʊ
ஜவ்வரிசி	d͡ʑ ɐ ʋː ɐ ɾ ɪ t͡ɕ ɪ
ஜாஃப்னா	d͡ʑ ɑː f n ɑː
ஜாக்கிரதை	d͡ʑ ɑː kː ɪ ɾ ɐ d̪ ɐ ɪ̯
ஜாஜ்வல்யம்	d͡ʑ ɑː d͡ʑ ʋ ɐ l j ɐ m
ஜாதகம்	d͡ʑ ɑː d̪ ɐ ɡ ɐ m
ஜாதி	d͡ʑ ɑː d̪ ɪ
ஜாநு	d͡ʑ ɑː n̪ ʊ
ஜாமீன்	d͡ʑ ɑː m iː n
ஜார்கண்ட்	d͡ʑ ɑː ɾ ɡ ɐ ɳ ɖ
ஜார்க்கண்ட்	d͡ʑ ɑː ɾ kː ɐ ɳ ɖ
ஜார்ஜியா	d͡ʑ ɑː ɾ d͡ʑ ɪ j ɑː
ஜாலம்	d͡ʑ ɑː l ɐ m
ஜாலி	d͡ʑ ɑː l ɪ
ஜாஸ்தி	d͡ʑ ɑː s t̪ ɪ
ஜிகுஜிகு	d͡ʑ ɪ ɡ ʊ d͡ʑ ɪ ɡ ʊ
ஜிந்தகி	d͡ʑ ɪ n̪ d̪ ɐ ɡ ɪ
ஜியோமிதி	d͡ʑ ɪ j oː m ɪ d̪ ɪ
ஜிராக்ஸ்	d͡ʑ ɪ ɾ ɑː k s
ஜிராயதி	d͡ʑ ɪ ɾ ɑː j ɐ d̪ ɪ
ஜில்	d͡ʑ ɪ l
ஜில்லா	d͡ʑ ɪ l l ɑː
ஜில்லாக்களால்	d͡ʑ ɪ l l ɑː kː ɐ ɭ ɑː l
ஜில்லாக்களிடம்	d͡ʑ ɪ l l ɑː kː ɐ ɭ ɪ ɖ ɐ m
ஜில்லாக்களின்	d͡ʑ ɪ l l ɑː kː ɐ ɭ ɪ n
ஜில்லாக்களிலிருந்து	d͡ʑ ɪ l l ɑː kː ɐ ɭ ɪ l ɪ ɾ ʊ n̪ d̪ ʊ
ஜில்லாக்களில்	d͡ʑ ɪ l l ɑː kː ɐ ɭ ɪ l
ஜில்லாக்களுக்காக	d͡ʑ ɪ l l ɑː kː ɐ ɭ ʊ kː ɑː ɡ ɐ
ஜில்லாக்களுக்கு	d͡ʑ ɪ l l ɑː kː ɐ ɭ ʊ kː ʊ
ஜில்லாக்களுடன்	d͡ʑ ɪ l l ɑː kː ɐ ɭ ʊ ɖ ɐ n
ஜில்லாக்களுடைய	d͡ʑ ɪ l l ɑː kː ɐ ɭ ʊ ɖ ɐ ɪ̯ j ɐ
ஜில்லாக்களே	d͡ʑ ɪ l l ɑː kː ɐ ɭ eː
ஜில்லாக்களை	d͡ʑ ɪ l l ɑː kː ɐ ɭ ɐ ɪ̯
ஜில்லாக்களோடு	d͡ʑ ɪ l l ɑː kː ɐ ɭ oː ɖ ʊ
ஜில்லாக்கள்	d͡ʑ ɪ l l ɑː kː ɐ ɭ
ஜில்லாவால்	d͡ʑ ɪ l l ɑː ʋ ɑː l
ஜில்லாவிடம்	d͡ʑ ɪ l l ɑː ʋ ɪ ɖ ɐ m
ஜில்லாவின்	d͡ʑ ɪ l l ɑː ʋ ɪ n
ஜில்லாவிலிருந்து	d͡ʑ ɪ l l ɑː ʋ ɪ l ɪ ɾ ʊ n̪ d̪ ʊ
ஜில்லாவில்	d͡ʑ ɪ l l ɑː ʋ ɪ l
ஜில்லாவுக்காக	d͡ʑ ɪ l l ɑː ʋ ʊ kː ɑː ɡ ɐ
ஜில்லாவுக்கு	d͡ʑ ɪ l l ɑː ʋ ʊ kː ʊ
ஜில்லாவுடன்	d͡ʑ ɪ l l ɑː ʋ ʊ ɖ ɐ n
ஜில்லாவுடைய	d͡ʑ ɪ l l ɑː ʋ ʊ ɖ ɐ ɪ̯ j ɐ
ஜில்லாவே	d͡ʑ ɪ l l ɑː ʋ eː
ஜில்லாவை	d͡ʑ ɪ l l ɑː ʋ ɐ ɪ̯
ஜில்லாவோடு	d͡ʑ ɪ l l ɑː ʋ oː ɖ ʊ
ஜில்லு	d͡ʑ ɪ l l ʊ
ஜிஹாத்	d͡ʑ ɪ h ɑː t̪
ஜீதம்	d͡ʑ iː d̪ ɐ m
ஜீபூம்பா	d͡ʑ iː b uː m b ɑː
ஜீம்பூம்பா	d͡ʑ iː m b uː m b ɑː
ஜீரகம்	d͡ʑ iː ɾ ɐ ɡ ɐ m
ஜீரணி	d͡ʑ iː ɾ ɐ ɳ ɪ
ஜீவசரிதை	d͡ʑ iː ʋ ɐ t͡ɕ ɐ ɾ ɪ d̪ ɐ ɪ̯
ஜீவன்	d͡ʑ iː ʋ ɐ n
ஜீவன்கள்	d͡ʑ iː ʋ ɐ n ɡ ɐ ɭ
ஜீவவிருட்சம்	d͡ʑ iː ʋ ɐ ʋ ɪ ɾ ʊ ʈ t͡ɕ ɐ m
ஜீவி	d͡ʑ iː ʋ ɪ
ஜீவிதம்	d͡ʑ iː ʋ ɪ d̪ ɐ m
ஜுரம்	d͡ʑ ʊ ɾ ɐ m
ஜுவாலை	d͡ʑ ʊ ʋ ɑː l ɐ ɪ̯
ஜூன்	d͡ʑ uː n
ஜூலை	d͡ʑ uː l ɐ ɪ̯
ஜென்மம்	d͡ʑ e n m ɐ m
ஜெபம்	d͡ʑ e b ɐ m
ஜெபி	d͡ʑ e b ɪ
ஜெயந்தி	d͡ʑ e j ɐ n̪ d̪ ɪ
ஜெயம்	d͡ʑ e j ɐ m
ஜெயி	d͡ʑ e j ɪ
ஜெராக்ஸ்	d͡ʑ e ɾ ɑː k s
ஜெருசலேம்	d͡ʑ e ɾ ʊ t͡ɕ ɐ l eː m
ஜெர்மனி	d͡ʑ e ɾ m ɐ n ɪ
ஜெர்மன்	d͡ʑ e ɾ m ɐ n
ஜொள்ளு	d͡ʑ o ɭː ʊ
ஜோகூர்	d͡ʑ oː ɡ uː ɾ
ஜோடி	d͡ʑ oː ɖ ɪ
ஜோதி	d͡ʑ oː d̪ ɪ
ஜோதிடம்	d͡ʑ oː d̪ ɪ ɖ ɐ m
ஜோர்	d͡ʑ oː ɾ
ஜோர்ஜியா	d͡ʑ oː ɾ d͡ʑ ɪ j ɑː
ஜோர்டான்	d͡ʑ oː ɾ ɖ ɑː n
ஜோலி	d͡ʑ oː l ɪ
ஜ்	d͡ʑ
ஜ்யோதி	d͡ʑ j oː d̪ ɪ
ஜ்வரம்	d͡ʑ ʋ ɐ ɾ ɐ m
ஜ்வாலை	d͡ʑ ʋ ɑː l ɐ ɪ̯
ஞ	ɲ ɐ
ஞமன்	ɲ ɐ m ɐ n
ஞமலி	ɲ ɐ m ɐ l ɪ
ஞாங்க	ɲ ɑː ŋ ɡ ɐ
ஞாஞ்சில்	ɲ ɑː ɲ d͡ʑ ɪ l
ஞாண்	ɲ ɑː ɳ
ஞானம்	ɲ ɑː n ɐ m
ஞானஸ்நானம்	ɲ ɑː n ɐ s n̪ ɑː n ɐ m
ஞான்று	ɲ ɑː n r ʊ
ஞாபகம்	ɲ aː b a ɡ a m
ஞாயிறு	ɲ ɑː j ɪ r ʊ
ஞாயிற்றுக்கிழமை	ɲ ɑː j ɪ rː ʊ kː ɪ ɻ ɐ m ɐ ɪ̯
ஞாலம்	ɲ ɑː l ɐ m
ஞிமிர்	ɲ ɪ m ɪ ɾ
ஞிமிறு	ɲ ɪ m ɪ r ʊ
ஞெகிழி	ɲ e ɡ ɪ ɻ ɪ
ஞெகிழ்	ɲ e ɡ ɪ ɻ
ஞெமலி	ɲ e m ɐ l ɪ
ஞ்	i ɲ d͡ʑ
ஞ்	i ɲ d͡ʑ ɯ
ஞ்	ɲ
ட	ʈ ɐ
டக்கென்று	ʈ ɐ kː e n r ʊ
டங்கம்	ʈ ɐ ŋ ɡ ɐ m
டப்பா	ʈ ɐ pː aː
டப்பா	ɖ ɐ pː aː
டப்பா	ɖ ɐ b b aː
டயமண்ட்	ʈ ɐ j ɐ m ɐ ɳ ɖ
டயம்	ʈ ɐ j ɐ m
டர்	ɖ ɐ ɾ
டா	ʈ ɑː
டா	ɖ ɑː
டாக்டர்	ɖ ɑː k ʈ ɐ ɾ
டாங்கி	ʈ ɑː ŋ ɡ ɪ
டாட்டா	ʈ ɑː ʈː ɑː
டாணா	ʈ ɑː ɳ ɑː
டி	ʈ ɪ
டிசம்பர்	ɖ ɪ t͡ɕ ɐ m b ɐ ɾ
டிராகன்	ɖ ɪ ɾ ɑː ɡ ɐ n
டீ	ʈ iː
டீ	ɖ iː
டீசல்	ɖ iː t͡ɕ ɐ l
டீசல்	ʈ iː t͡ɕ ɐ l
டுபாக்கூர்	ɖ ʊ b ɑː kː uː ɾ
டூ	ʈ uː
டூ	ɖ uː
டெகுசிகல்பா	ʈ e ɡ ʊ t͡ɕ ɪ ɡ ɐ l b ɑː
டென்மார்க்	ʈ e n m ɑː ɾ k
டெல்லி	ʈ e l l i
டெல்லி	ɖ e l l i
டேய்	ɖ eː j
டேரா	ɖ eː ɾ ɑː
டேரா	ʈ eː ɾ ɑː
டேஸ்டு	ʈ eː s ʈ ɯ
டேஸ்டு	ɖ eː s ʈ ɯ
டைனோசர்	ɖ ɐ ɪ̯ n oː t͡ɕ ɐ ɾ
டைமண்டு	ʈ ɐ ɪ̯ m ɐ ɳ ɖ ʊ
டைமண்டுகள்	ʈ ɐ ɪ̯ m ɐ ɳ ɖ ʊ ɡ ɐ ɭ
டைமண்ட்	ɖ ɐ ɪ̯ m ɐ ɳ ɖ
டைமண்ட்	ʈ ɐ ɪ̯ m ɐ ɳ ɖ
டொமினிகா	ʈ o m ɪ n ɪ ɡ ɑː
டொமினிக்கா	ʈ o m ɪ n ɪ kː ɑː
டோடோ	ɖ oː ɖ oː
டோடோ	ʈ oː ɖ oː
ட்	i ʈ
ட்	i ʈː ɯ
ட்	ʈ
ட்விட்டர்	ʈ ʋ ɪ ʈː ɐ ɾ
ண	ɳ ɐ
ண்	i ɳ
ண்	i ɳː ɯ
ண்	ɳ
த	t̪ ɐ
தகடி	t̪ ɐ ɡ ɐ ɖ ɪ
தகடு	t̪ ɐ ɡ ɐ ɖ ʊ
தகதக	t̪ a ɡ a t̪ a ɡ a
தகதக	t̪ ɐ ɡ ɐ t̪ ɐ ɡ ɐ
தகப்பன்	t̪ ɐ ɡ ɐ pː ɐ n
தகப்பன்	t̪ ɐ h ɐ pː ɐ n
தகரம்	t̪ ɐ ɡ ɐ ɾ ɐ m
தகரை	t̪ ɐ ɡ ɐ ɾ ɐ ɪ̯
தகர்	t̪ ɐ ɡ ɐ ɾ
தகழி	t̪ ɐ ɡ ɐ ɻ ɪ
தகவல்	t̪ ɐ ɡ ɐ ʋ ɐ l
தகு	t̪ ɐ ɡ ʊ
தகுதி	t̪ ɐ ɡ ʊ d̪ ɪ
தக்க	t̪ ɐ kː ɐ
தக்கணநாடு	t̪ ɐ kː ɐ ɳ ɐ n̪ ɑː ɖ ʊ
தக்கணை	t̪ ɐ kː ɐ ɳ ɐ ɪ̯
தக்காளி	t̪ ɐ kː ɑː ɭ ɪ
தங்கச்சி	t̪ ɐ ŋ ɡ ɐ t͡ɕː ɪ
தங்கமீன்	t̪ ɐ ŋ ɡ ɐ m iː n
தங்கம்	t̪ ɐ ŋ ɡ ɐ m
தங்கள்	t̪ ɐ ŋ ɡ ɐ ɭ
தங்கு	t̪ ɐ ŋ ɡ ʊ
தங்குதல்	t̪ ɐ ŋ ɡ ʊ d̪ ɐ l
தங்கை	t̪ ɐ ŋ ɡ ɐ ɪ̯
தங்கைச்சி	t̪ ɐ ŋ ɡ ɐ ɪ̯ t͡ɕː ɪ
தசம்	t̪ ɐ t͡ɕ ɐ m
தசை	t̪ ɐ t͡ɕ ɐ ɪ̯
தச்சன்	t̪ ɐ t͡ɕː ɐ n
தஜிகிஸ்தான்	t̪ ɐ d͡ʑ ɪ ɡ ɪ s t̪ ɑː n
தஞ்சம்	t̪ ɐ ɲ d͡ʑ ɐ m
தஞ்சாவூர்	t̪ ɐ ɲ d͡ʑ ɑː ʋ uː ɾ
தடங்கண்	t̪ ɐ ɖ ɐ ŋ ɡ ɐ ɳ
தடங்காட்டி	t̪ ɐ ɖ ɐ ŋ ɡ ɑː ʈː ɪ
தடம்	t̪ ɐ ɖ ɐ m
தடவு	t̪ ɐ ɖ ɐ ʋ ʊ
தடவை	t̪ ɐ ɖ ɐ ʋ ɐ ɪ̯
தடவை	d̪ ɐ ɖ ɐ ʋ ɐ ɪ̯
தடி	t̪ ɐ ɖ ɪ
தடித்த	t̪ ɐ ɖ ɪ t̪ː ɐ
தடு	t̪ ɐ ɖ ʊ
தடுத்துவை	t̪ ɐ ɖ ʊ t̪ː ʊ ʋ ɐ ɪ̯
தடுப்பு	t̪ ɐ ɖ ʊ pː ʊ
தடுப்பூசி	t̪ ɐ ɖ ʊ pː uː t͡ɕ ɪ
தடுப்பூசிகள்	t̪ ɐ ɖ ʊ pː uː t͡ɕ ɪ ɡ ɐ ɭ
தடுமாறு	t̪ ɐ ɖ ʊ m ɑː r ʊ
தடுமாற்றம்	t̪ ɐ ɖ ʊ m ɑː rː ɐ m
தடை	t̪ ɐ ɖ ɐ ɪ̯
தட்டம்மை	t̪ ɐ ʈː ɐ mː ɐ ɪ̯
தட்டான்	t̪ ɐ ʈː ɑː n
தட்டிக்கழி	t̪ ɐ ʈː ɪ kː ɐ ɻ ɪ
தட்டு	t̪ ɐ ʈː ʊ
தட்டுப்பாடு	t̪ ɐ ʈː ʊ pː ɑː ɖ ʊ
தட்டை	t̪ ɐ ʈː ɐ ɪ̯
தட்டைப்புழு	t̪ ɐ ʈː ɐ ɪ̯ pː ʊ ɻ ʊ
தணல்	t̪ ɐ ɳ ɐ l
தணி	t̪ ɐ ɳ ɪ
தண்	t̪ ɐ ɳ
தண்ட	t̪ ɐ ɳ ɖ ɐ
தண்டச்சோறு	t̪ ɐ ɳ ɖ ɐ t͡ɕː oː r ʊ
தண்டச்சோறு	d̪ ɐ ɳ ɖ ɐ t͡ɕː oː r ʊ
தண்டனம்	d̪ ɐ ɳ ɖ ɐ n ɐ m
தண்டனம்	t̪ ɐ ɳ ɖ ɐ n ɐ m
தண்டனை	d̪ ɐ ɳ ɖ ɐ n ɐ ɪ̯
தண்டனை	t̪ ɐ ɳ ɖ ɐ n ɐ ɪ̯
தண்டம்	t̪ ɐ ɳ ɖ ɐ m
தண்டம்	d̪ ɐ ɳ ɖ ɐ m
தண்டவாளம்	t̪ ɐ ɳ ɖ ɐ ʋ ɑː ɭ ɐ m
தண்டி	d̪ ɐ ɳ ɖ ɪ
தண்டு	t̪ ɐ ɳ ɖ ʊ
தண்டுவடம்	t̪ ɐ ɳ ɖ ʊ ʋ ɐ ɖ ɐ m
தண்ணி	t̪ ɐ ɳː ɪ
தண்ணீர்	t̪ ɐ ɳː iː ɾ
தண்ணீர்விட்டான்	t̪ ɐ ɳː iː ɾ ʋ ɪ ʈː ɑː n
தத்தளி	t̪ ɐ t̪ː ɐ ɭ ɪ
தத்து	t̪ ɐ t̪ː ʊ
தத்துவம்	t̪ ɐ t̪ː ʊ ʋ ɐ m
தத்தை	t̪ ɐ t̪ː ɐ ɪ̯
தத்ரம்	d̪ ɐ d̪ ɾ ɐ m
தந்தம்	d̪ ɐ n̪ d̪ ɐ m
தந்தி	t̪ ɐ n̪ d̪ ɪ
தந்திரம்	t̪ ɐ n̪ d̪ ɪ ɾ ɐ m
தந்திரவாயன்	t̪ ɐ n̪ d̪ ɪ ɾ ɐ ʋ ɑː j ɐ n
தந்தை	t̪ ɐ n̪ d̪ ɐ ɪ̯
தனஞ்சயன்	d̪ ɐ n ɐ ɲ d͡ʑ ɐ j ɐ n
தனம்	t̪ ɐ n ɐ m
தனம்	d̪ ɐ n ɐ m
தனாக்	t̪ ɐ n ɑː k
தனி	t̪ ɐ n ɪ
தனிக்குறில்	t̪ ɐ n ɪ kː ʊ r ɪ l
தனித்தனி	t̪ ɐ n ɪ t̪ː ɐ n ɪ
தனித்தமிழ்	t̪ ɐ n ɪ t̪ː ɐ m ɪ ɻ
தனிநிலை	t̪ ɐ n ɪ n̪ ɪ l ɐ ɪ̯
தனிமை	t̪ ɐ n ɪ m ɐ ɪ̯
தனியா	t̪ ɐ n ɪ j ɑː
தனியார்	t̪ ɐ n ɪ j ɑː ɾ
தனியுடைமை	t̪ ɐ n ɪ j ʊ ɖ ɐ ɪ̯ m ɐ ɪ̯
தனுசு	t̪ ɐ n ʊ t͡ɕ ʊ
தனுஷ்கோடி	d̪ ɐ n ʊ ʂ k oː ɖ ɪ
தன்	t̪ ɐ n
தன்னடக்கம்	t̪ ɐ nː ɐ ɖ ɐ kː ɐ m
தன்னம்பிக்கை	t̪ ɐ nː ɐ m b ɪ kː ɐ ɪ̯
தன்னலம்	t̪ ɐ nː ɐ l ɐ m
தன்னுணர்வு	t̪ ɐ nː ʊ ɳ ɐ ɾ ʋ ʊ
தன்னை	t̪ ɐ nː ɐ ɪ̯
தன்பாலீர்ப்பு	t̪ ɐ n b ɑː l iː ɾ pː ʊ
தன்மை	t̪ ɐ n m ɐ ɪ̯
தன்வினை	t̪ ɐ n ʋ ɪ n ɐ ɪ̯
தபால்	t̪ ɐ b ɑː l
தப்பி	t̪ ɐ pː ɪ
தப்பித்தவறி	t̪ ɐ pː ɪ t̪ː ɐ ʋ ɐ r ɪ
தப்பு	t̪ ɐ pː ʊ
தமக்கை	t̪ ɐ m ɐ kː ɐ ɪ̯
தமரத்தை	t̪ ɐ m ɐ ɾ ɐ t̪ː ɐ ɪ̯
தமிழகம்	t̪ ɐ m ɪ ɻ ɐ ɡ ɐ m
தமிழச்சி	t̪ ɐ m ɪ ɻ ɐ t͡ɕː ɪ
தமிழன்	t̪ ɐ m ɪ ɻ ɐ n
தமிழர்	t̪ ɐ m ɪ ɻ ɐ ɾ
தமிழால்	t̪ ɐ m ɪ ɻ ɑː l
தமிழிடம்	t̪ ɐ m ɪ ɻ ɪ ɖ ɐ m
தமிழின்	t̪ ɐ m ɪ ɻ ɪ n
தமிழிலக்கணம்	t̪ ɐ m ɪ ɻ ɪ l ɐ kː ɐ ɳ ɐ m
தமிழிலிருந்து	t̪ ɐ m ɪ ɻ ɪ l ɪ ɾ ʊ n̪ d̪ ʊ
தமிழில்	t̪ ɐ m ɪ ɻ ɪ l
தமிழீழம்	t̪ ɐ m ɪ ɻ iː ɻ ɐ m
தமிழுக்காக	t̪ ɐ m ɪ ɻ ʊ kː ɑː ɡ ɐ
தமிழுக்கு	t̪ ɐ m ɪ ɻ ʊ kː ʊ
தமிழுடன்	t̪ ɐ m ɪ ɻ ʊ ɖ ɐ n
தமிழுடைய	t̪ ɐ m ɪ ɻ ʊ ɖ ɐ ɪ̯ j ɐ
தமிழே	t̪ ɐ m ɪ ɻ eː
தமிழை	t̪ ɐ m ɪ ɻ ɐ ɪ̯
தமிழோடு	t̪ ɐ m ɪ ɻ oː ɖ ʊ
தமிழ்	t̪ ɐ m ɪ ɻ
தமிழ்செல்வன்	t̪ ɐ m ɪ ɻ t͡ɕ e l ʋ ɐ n
தமிழ்செல்வி	t̪ ɐ m ɪ ɻ t͡ɕ e l ʋ ɪ
தமிழ்நாடு	t̪ ɐ m ɪ ɻ n̪ ɑː ɖ ʊ
தமையன்	t̪ ɐ m ɐ ɪ̯ j ɐ n
தம்	t̪ ɐ m
தம்	d̪ ɐ m
தம்பட்டம்	t̪ ɐ m b ɐ ʈː ɐ m
தம்பதி	t̪ ɐ m b ɐ d̪ ɪ
தம்பம்	t̪ ɐ m b ɐ m
தம்பி	t̪ ɐ m b ɪ
தம்பிரான்	t̪ ɐ m b ɪ ɾ ɑː n
தம்புரா	t̪ ɐ m b ʊ ɾ ɑː
தம்முன்	t̪ ɐ mː ʊ n
தயக்கம்	t̪ ɐ j ɐ kː ɐ m
தயங்கு	t̪ ɐ j ɐ ŋ ɡ ʊ
தயவு	d̪ ɐ j ɐ ʋ ʊ
தயவு	t̪ ɐ j ɐ ʋ ʊ
தயவுசெய்து	d̪ ɐ j ɐ ʋ ʊ t͡ɕ e j d̪ ʊ
தயவுசெய்து	t̪ ɐ j ɐ ʋ ʊ t͡ɕ e j d̪ ʊ
தயாரி	t̪ ɐ j ɑː ɾ ɪ
தயாரிப்பு	t̪ ɐ j ɑː ɾ ɪ pː ʊ
தயார்	t̪ ɐ j ɑː ɾ
தயிர்	t̪ ɐ j ɪ ɾ
தயிலம்	t̪ ɐ j ɪ l ɐ m
தயை	d̪ ɐ j ɐ ɪ̯
தர	t̪ ɐ ɾ ɐ
தரக்கு	t̪ ɐ ɾ ɐ kː ʊ
தரங்கம்	t̪ ɐ ɾ ɐ ŋ ɡ ɐ m
தரணி	t̪ ɐ ɾ ɐ ɳ ɪ
தரப்பு	t̪ ɐ ɾ ɐ pː ʊ
தரம்	t̪ ɐ ɾ ɐ m
தரவு	t̪ ɐ ɾ ɐ ʋ ʊ
தரவுகள்	t̪ ɐ ɾ ɐ ʋ ʊ ɡ ɐ ɭ
தராசு	t̪ ɐ ɾ ɑː t͡ɕ ʊ
தரிசனம்	t̪ ɐ ɾ ɪ t͡ɕ ɐ n ɐ m
தரிசனை	t̪ ɐ ɾ ɪ t͡ɕ ɐ n ɐ ɪ̯
தரித்திரம்	d̪ ɐ ɾ ɪ t̪ː ɪ ɾ ɐ m
தரித்திரம்	t̪ ɐ ɾ ɪ t̪ː ɪ ɾ ɐ m
தரிப்பு	t̪ ɐ ɾ ɪ pː ʊ
தரியலர்	t̪ ɐ ɾ ɪ j ɐ l ɐ ɾ
தரியாபத்து	t̪ ɐ ɾ ɪ j ɑː b ɐ t̪ː ʊ
தரு	t̪ ɐ ɾ ʊ
தருக்கு	t̪ ɐ ɾ ʊ kː ʊ
தருமன்	t̪ ɐ ɾ ʊ m ɐ n
தருமம்	t̪ ɐ ɾ ʊ m ɐ m
தருமராசா	t̪ ɐ ɾ ʊ m ɐ ɾ ɑː t͡ɕ ɑː
தருவாய்	t̪ ɐ ɾ ʊ ʋ ɑː j
தருவேன்	t̪ ɐ ɾ ʊ ʋ eː n
தரூடம்	t̪ ɐ ɾ uː ɖ ɐ m
தரை	t̪ ɐ ɾ ɐ ɪ̯
தரையாமை	t̪ ɐ ɾ ɐ ɪ̯ j ɑː m ɐ ɪ̯
தரையிறங்கு	t̪ ɐ ɾ ɐ ɪ̯ j ɪ r ɐ ŋ ɡ ʊ
தரோகா	t̪ ɐ ɾ oː ɡ ɑː
தரோபஸ்து	t̪ ɐ ɾ oː b ɐ s t̪ ʊ
தர்கா	t̪ ɐ ɾ ɡ ɑː
தர்ச்சனி	t̪ ɐ ɾ t͡ɕː ɐ n ɪ
தர்ஜமா	t̪ ɐ ɾ d͡ʑ ɐ m ɑː
தர்ஜா	t̪ ɐ ɾ d͡ʑ ɑː
தர்ஜுமா	t̪ ɐ ɾ d͡ʑ ʊ m ɑː
தர்பார்	t̪ ɐ ɾ b ɑː ɾ
தர்பூசணி	d̪ ɐ ɾ b uː t͡ɕ ɐ ɳ ɪ
தர்பூசணி	t̪ ɐ ɾ b uː t͡ɕ ɐ ɳ ɪ
தர்பூசணி	t̪ ɐ ɾ p uː t͡ɕ ɐ ɳ ɪ
தர்ப்பீத்து	t̪ ɐ ɾ pː iː t̪ː ʊ
தர்மபுரி	t̪ ɐ ɾ m ɐ b ʊ ɾ ɪ
தர்மா	t̪ ɐ ɾ m ɑː
தர்முஸ்தாஜர்	t̪ ɐ ɾ m ʊ s t̪ ɑː d͡ʑ ɐ ɾ
தறி	t̪ ɐ r ɪ
தறுதலை	t̪ ɐ r ʊ d̪ ɐ l ɐ ɪ̯
தறுதலை	t̪ ɐ r ʊ t̪ ɐ l ɐ ɪ̯
தற்கா	t̪ ɐ r k ɑː
தற்காப்பு	t̪ ɐ r k ɑː pː ʊ
தற்காலிகம்	t̪ ɐ r k ɑː l ɪ ɡ ɐ m
தற்குறி	t̪ ɐ r k ʊ r ɪ
தற்கொலை	t̪ ɐ r k o l ɐ ɪ̯
தற்சனி	t̪ ɐ r t͡ɕ ɐ n ɪ
தற்சார்பு	t̪ ɐ r t͡ɕ aː ɾ b ʊ
தற்செயல்	t̪ ɐ r t͡ɕ ɛ j ɐ l
தற்பால்சேர்க்கை	t̪ ɐ r p ɑː l t͡ɕ eː ɾ kː ɐ ɪ̯
தற்புகழ்ச்சி	t̪ ɐ r p ʊ ɡ ɐ ɻ t͡ɕː ɪ
தற்புணர்ச்சி	t̪ ɐ r p ʊ ɳ ɐ ɾ t͡ɕː ɪ
தற்பெருமை	t̪ ɐ r p e ɾ ʊ m ɐ ɪ̯
தற்போதம்	t̪ ɐ r p oː d̪ ɐ m
தலம்	t̪ ɐ l ɐ m
தலாக்	t̪ ɐ l ɑː k
தலால்	t̪ ɐ l ɑː l
தலை	t̪ ɐ l ɐ ɪ̯
தலைகாணி	t̪ ɐ l ɐ ɪ̯ ɡ ɑː ɳ ɪ
தலைகீழ்	t̪ ɐ l ɐ ɪ̯ ɡ iː ɻ
தலைகீழ்	t̪ ɐ l ɐ ɪ̯ k iː ɻ
தலைகுனி	t̪ ɐ l ɐ ɪ̯ ɡ ʊ n ɪ
தலைகுனிவு	t̪ ɐ l ɐ ɪ̯ ɡ ʊ n ɪ ʋ ʊ
தலைக்கு	t̪ ɐ l ɐ ɪ̯ kː ʊ
தலைக்குனிவு	t̪ ɐ l ɐ ɪ̯ kː ʊ n ɪ ʋ ʊ
தலைசிற	t̪ ɐ l ɐ ɪ̯ t͡ɕ ɪ r ɐ
தலைச்சிற	t̪ ɐ l ɐ ɪ̯ t͡ɕː ɪ r ɐ
தலைதீபாவளி	t̪ ɐ l ɐ ɪ̯ d̪ iː b ɑː ʋ ɐ ɭ ɪ
தலைதெறிக்க	t̪ ɐ l ɐ ɪ̯ d̪ e r ɪ kː ɐ
தலைதெறிக்க	t̪ ɐ l ɐ ɪ̯ t̪ e r ɪ kː ɐ
தலைநகர்	t̪ ɐ l ɐ ɪ̯ n̪ ɐ ɡ ɐ ɾ
தலைப்பா	t̪ ɐ l ɐ ɪ̯ pː ɑː
தலைப்பாகு	t̪ ɐ l ɐ ɪ̯ pː ɑː ɡ ʊ
தலைப்பாகை	t̪ ɐ l ɐ ɪ̯ pː ɑː ɡ ɐ ɪ̯
தலைப்பு	t̪ ɐ l ɐ ɪ̯ pː ʊ
தலைமறை	t̪ ɐ l ɐ ɪ̯ m ɐ r ɐ ɪ̯
தலைமாடு	t̪ ɐ l ɐ ɪ̯ m ɑː ɖ ʊ
தலைமாறு	t̪ ɐ l ɐ ɪ̯ m ɑː r ʊ
தலைமுடி	t̪ ɐ l ɐ ɪ̯ m ʊ ɖ ɪ
தலைமுறை	t̪ ɐ l ɐ ɪ̯ m ʊ r ɐ ɪ̯
தலைமை	t̪ ɐ l ɐ ɪ̯ m ɐ ɪ̯
தலையணை	t̪ ɐ l ɐ ɪ̯ j ɐ ɳ ɐ ɪ̯
தலையல்	t̪ ɐ l ɐ ɪ̯ j ɐ l
தலையிடு	t̪ ɐ l ɐ ɪ̯ j ɪ ɖ ʊ
தலையிலெழுது	t̪ ɐ l ɐ ɪ̯ j ɪ l e ɻ ʊ d̪ ʊ
தலையில்	t̪ ɐ l ɐ ɪ̯ j ɪ l
தலையெழுத்து	t̪ ɐ l ɐ ɪ̯ j e ɻ ʊ t̪ː ʊ
தலையோடு	t̪ ɐ l ɐ ɪ̯ j oː ɖ ʊ
தலைவணங்கு	t̪ ɐ l ɐ ɪ̯ ʋ ɐ ɳ ɐ ŋ ɡ ʊ
தலைவன்	t̪ ɐ l ɐ ɪ̯ ʋ ɐ n
தலைவர்	t̪ ɐ l ɐ ɪ̯ ʋ ɐ ɾ
தலைவலி	t̪ ɐ l ɐ ɪ̯ ʋ ɐ l ɪ
தலைவாசல்	t̪ ɐ l ɐ ɪ̯ ʋ ɑː t͡ɕ ɐ l
தலைவி	t̪ ɐ l ɐ ɪ̯ ʋ ɪ
தலைவிதி	t̪ ɐ l ɐ ɪ̯ ʋ ɪ d̪ ɪ
தல்லம்	t̪ ɐ l l ɐ m
தளப்பு	t̪ ɐ ɭ ɐ pː ʊ
தளம்	t̪ ɐ ɭ ɐ m
தளம்பு	t̪ ɐ ɭ ɐ m b ʊ
தளர்	t̪ ɐ ɭ ɐ ɾ
தளர்ச்சி	t̪ ɐ ɭ ɐ ɾ t͡ɕː ɪ
தளர்வு	t̪ ɐ ɭ ɐ ɾ ʋ ʊ
தளவமைப்பு	t̪ ɐ ɭ ɐ ʋ ɐ m ɐ ɪ̯ pː ʊ
தளவாடம்	t̪ ɐ ɭ ɐ ʋ ɑː ɖ ɐ m
தளவாய்	t̪ ɐ ɭ ɐ ʋ ɑː j
தளிர்	t̪ ɐ ɭ ɪ ɾ
தளும்பு	t̪ ɐ ɭ ʊ m b ʊ
தளை	t̪ ɐ ɭ ɐ ɪ̯
தள்	t̪ ɐ ɭ
தள்ளாடு	t̪ ɐ ɭː ɑː ɖ ʊ
தள்ளு	t̪ ɐ ɭː ʊ
தள்ளுபடி	t̪ ɐ ɭː ʊ b ɐ ɖ ɪ
தள்ளுபடி	t̪ ɐ ɭː ʊ p ɐ ɖ ɪ
தள்ளுவண்டி	t̪ ɐ ɭː ʊ ʋ ɐ ɳ ɖ ɪ
தள்ளை	t̪ ɐ ɭː ɐ ɪ̯
தழுதணை	t̪ ɐ ɻ ʊ d̪ ɐ ɳ ɐ ɪ̯
தழும்பு	t̪ ɐ ɻ ʊ m b ʊ
தழை	t̪ ɐ ɻ ɐ ɪ̯
தழைச்சத்து	t̪ ɐ ɻ ɐ ɪ̯ t͡ɕː ɐ t̪ː ʊ
தவக்களை	t̪ ɐ ʋ ɐ kː ɐ ɭ ɐ ɪ̯
தவடை	t̪ ɐ ʋ ɐ ɖ ɐ ɪ̯
தவணை	t̪ ɐ ʋ ɐ ɳ ɐ ɪ̯
தவனம்	t̪ ɐ ʋ ɐ n ɐ m
தவம்	t̪ ɐ ʋ ɐ m
தவறணை	t̪ ɐ ʋ ɐ r ɐ ɳ ɐ ɪ̯
தவறாமல்	t̪ ɐ ʋ ɐ r ɑː m ɐ l
தவறு	t̪ ɐ ʋ ɐ r ʊ
தவளம்	t̪ ɐ ʋ ɐ ɭ ɐ m
தவளை	t̪ ɐ ʋ ɐ ɭ ɐ ɪ̯
தவழ்	t̪ ɐ ʋ ɐ ɻ
தவாரிக்	t̪ ɐ ʋ ɑː ɾ ɪ k
தவி	t̪ ɐ ʋ ɪ
தவிடு	t̪ ɐ ʋ ɪ ɖ ʊ
தவிப்பு	t̪ ɐ ʋ ɪ pː ʊ
தவிர	t̪ ɐ ʋ ɪ ɾ ɐ
தவிர்	t̪ ɐ ʋ ɪ ɾ
தவிர்ச்சி	t̪ ɐ ʋ ɪ ɾ t͡ɕː ɪ
தவில்	t̪ ɐ ʋ ɪ l
தவிள்	t̪ ɐ ʋ ɪ ɭ
தஸ்தவேசு	t̪ ɐ s t̪ ɐ ʋ eː t͡ɕ ʊ
தஸ்தாவேஜு	t̪ ɐ s t̪ ɑː ʋ eː d͡ʑ ʊ
தஸ்தாவேஜ்	t̪ ɐ s t̪ ɑː ʋ eː d͡ʑ
தா	t̪ ɑː
தாகம்	t̪ ɑː ɡ ɐ m
தாகம்	d̪ ɑː ɡ ɐ m
தாகெஸ்தான்	t̪ ɑː ɡ e s t̪ ɑː n
தாக்கம்	t̪ ɑː kː ɐ m
தாக்கீது	t̪ ɑː kː iː d̪ ʊ
தாக்கு	t̪ ɑː kː ʊ
தாக்குதல்	t̪ ɑː kː ʊ d̪ ɐ l
தாங்கள்	t̪ ɑː ŋ ɡ ɐ ɭ
தாங்கி	t̪ ɑː ŋ ɡ ɪ
தாங்கு	t̪ ɑː ŋ ɡ ʊ
தாச்சா	t̪ ɑː t͡ɕː ɑː
தாஜ்மகால்	t̪ ɑː d͡ʑ m ɐ ɡ ɑː l
தாஜ்மஹால்	t̪ ɑː d͡ʑ m ɐ h ɑː l
தாடி	t̪ ɑː ɖ ɪ
தாடை	t̪ ɑː ɖ ɐ ɪ̯
தாட்கோல்	t̪ ɑː ʈ k oː l
தாண்டவம்	t̪ ɑː ɳ ɖ ɐ ʋ ɐ m
தாண்டி	t̪ ɑː ɳ ɖ ɪ
தாண்டு	t̪ ɑː ɳ ɖ ʊ
தாது	t̪ ɑː d̪ ʊ
தாதை	t̪ ɑː d̪ ɐ ɪ̯
தாத்தா	t̪ ɑː t̪ː ɑː
தாத்திரம்	t̪ ɑː t̪ː ɪ ɾ ɐ m
தாத்திரி	t̪ ɑː t̪ː ɪ ɾ ɪ
தாத்திரியம்	d̪ ɑː t̪ː ɪ ɾ ɪ j ɐ m
தாத்திரியம்	t̪ ɑː t̪ː ɪ ɾ ɪ j ɐ m
தானம்	t̪ ɑː n ɐ m
தானம்	t̪ ɑː n ɐ m
தானம்	d̪ ɑː n ɐ m
தானி	t̪ ɑː n ɪ
தானியங்கி	t̪ ɑː n ɪ j ɐ ŋ ɡ ɪ
தானியம்	t̪ ɑː n ɪ j ɐ m
தானியேல்	t̪ ɑː n ɪ j eː l
தான்	t̪ ɑː n
தான்	d̪ ɑː n
தான்றி	t̪ ɑː n r ɪ
தாபரம்	t̪ ɑː b ɐ ɾ ɐ m
தாமசி	t̪ ɑː m ɐ t͡ɕ ɪ
தாமதி	t̪ ɑː m ɐ d̪ ɪ
தாமரை	t̪ ɑː m ɐ ɾ ɐ ɪ̯
தாமிரபரணி	t̪ ɑː m ɪ ɾ ɐ b ɐ ɾ ɐ ɳ ɪ
தாமிரபருணி	t̪ ɑː m ɪ ɾ ɐ b ɐ ɾ ʊ ɳ ɪ
தாமிரம்	t̪ ɑː m ɪ ɾ ɐ m
தாம்	t̪ ɑː m
தாம்பூலம்	t̪ ɑː m b uː l ɐ m
தாயகம்	t̪ ɑː j ɐ ɡ ɐ m
தாயை	t̪ ɑː j ɐ ɪ̯
தாயோளி	t̪ ɑː j oː ɭ ɪ
தாய்	t̪ ɑː j
தாய்ச்சி	t̪ ɑː j t͡ɕː ɪ
தாய்தந்தை	t̪ aː j d̪ ɐ n̪ d̪ ɐ ɪ̯
தாய்தந்தை	t̪ aː j t̪ ɐ n̪ d̪ ɐ ɪ̯
தாய்நாடு	t̪ ɑː j n̪ ɑː ɖ ʊ
தாய்ப்பால்	t̪ ɑː j pː ɑː l
தாய்மாமன்	t̪ ɑː j m ɑː m ɐ n
தாய்மாமா	t̪ ɑː j m ɑː m ɑː
தாய்மை	t̪ ɑː j m ɐ ɪ̯
தாய்மொழி	t̪ ɑː j m o ɻ ɪ
தாய்லாந்து	t̪ ɑː j l ɑː n̪ d̪ ʊ
தாய்வான்	t̪ ɑː j ʋ ɑː n
தாரம்	t̪ ɑː ɾ ɐ m
தாரா	t̪ ɑː ɾ ɑː
தாராக்கள்	t̪ ɑː ɾ ɑː kː ɐ ɭ
தாராளம்	t̪ ɑː ɾ ɑː ɭ ɐ m
தாராளம்	d̪ ɑː ɾ ɑː ɭ ɐ m
தாரித்திரம்	d̪ ɑː ɾ ɪ t̪ː ɪ ɾ ɐ m
தாரித்திரம்	t̪ ɑː ɾ ɪ t̪ː ɪ ɾ ɐ m
தாரித்திரியம்	d̪ ɑː ɾ ɪ t̪ː ɪ ɾ ɪ j ɐ m
தாரித்திரியம்	t̪ ɑː ɾ ɪ t̪ː ɪ ɾ ɪ j ɐ m
தாரை	t̪ ɑː ɾ ɐ ɪ̯
தார்	t̪ ɑː ɾ
தார்ட்டியம்	t̪ ɑː ɾ ʈː ɪ j ɐ m
தாற்காலிகம்	t̪ ɑː r k ɑː l ɪ ɡ ɐ m
தாற்பரியம்	t̪ ɑː r p ɐ ɾ ɪ j ɐ m
தாலாட்டு	t̪ ɑː l ɑː ʈː ʊ
தாலி	t̪ ɑː l ɪ
தாலிகள்	t̪ ɑː l ɪ ɡ ɐ ɭ
தாலித்துக்கம்	t̪ ɑː l ɪ t̪ː ʊ kː ɐ m
தாளம்	t̪ ɑː ɭ ɐ m
தாளி	t̪ ɑː ɭ ɪ
தாளிக்கம்	t̪ ɑː ɭ ɪ kː ɐ m
தாளிசம்	t̪ ɑː ɭ ɪ t͡ɕ ɐ m
தாளித்தல்	t̪ ɑː ɭ ɪ t̪ː ɐ l
தாளிப்பனை	t̪ ɑː ɭ ɪ pː ɐ n ɐ ɪ̯
தாளிப்பு	t̪ ɑː ɭ ɪ pː ʊ
தாள்	t̪ ɑː ɭ
தாழை	t̪ ɑː ɻ ɐ ɪ̯
தாழ்	t̪ ɑː ɻ
தாழ்த்து	t̪ ɑː ɻ t̪ː ʊ
தாழ்ப்பாள்	t̪ ɑː ɻ pː ɑː ɭ
தாழ்மை	t̪ ɑː ɻ m ɐ ɪ̯
தாழ்வாய்	t̪ ɑː ɻ ʋ ɑː j
தாழ்வாரம்	t̪ ɑː ɻ ʋ ɑː ɾ ɐ m
தாவடி	t̪ ɑː ʋ ɐ ɖ ɪ
தாவரம்	t̪ ɑː ʋ ɐ ɾ ɐ m
தாவரவியல்	t̪ ɑː ʋ ɐ ɾ ɐ ʋ ɪ j ɐ l
தாவா	d̪ ɑː ʋ ɑː
தாவீது	t̪ ɑː ʋ iː d̪ ʊ
தாவு	t̪ ɑː ʋ ʊ
தாஸ்மானியா	t̪ ɑː s m ɑː n ɪ j ɑː
திகட்டு	t̪ ɪ ɡ ɐ ʈː ʊ
திகழ்	t̪ ɪ ɡ ɐ ɻ
திகில்	d̪ ɪ ɡ ɪ l
திகில்	d̪ ɪ h ɪ l
திகில்	t̪ ɪ ɡ ɪ l
திகை	t̪ ɪ ɡ ɐ ɪ̯
திக்காரம்	t̪ ɪ kː ɑː ɾ ɐ m
திக்கு	t̪ ɪ kː ʊ
திக்குமுக்கு	t̪ ɪ kː ʊ m ʊ kː ʊ
திங்கட்கிழமை	t̪ ɪ ŋ ɡ ɐ ʈ k ɪ ɻ ɐ m ɐ ɪ̯
திங்கள்	t̪ ɪ ŋ ɡ ɐ ɭ
திசம்பர்	d̪ ɪ t͡ɕ ɐ m b ɐ ɾ
திசு	t̪ ɪ t͡ɕ ʊ
திசெம்பர்	d̪ ɪ t͡ɕ e m b ɐ ɾ
திசை	t̪ ɪ t͡ɕ ɐ ɪ̯
திசை	d̪ ɪ t͡ɕ ɐ ɪ̯
திசைமானி	d̪ ɪ t͡ɕ ɐ ɪ̯ m ɑː n ɪ
திசைவி	t̪ ɪ t͡ɕ ɐ ɪ̯ ʋ ɪ
திடீர்	t̪ ɪ ɖ iː ɾ
திடீர்	d̪ ɪ ɖ iː ɾ
திடுக்கு	t̪ ɪ ɖ ʊ kː ʊ
திட்டம்	t̪ ɪ ʈː ɐ m
திட்டாந்தம்	t̪ ɪ ʈː ɑː n̪ d̪ ɐ m
திட்டாந்தரம்	t̪ ɪ ʈː ɑː n̪ d̪ ɐ ɾ ɐ m
திட்டி	t̪ ɪ ʈː ɪ
திட்டு	t̪ ɪ ʈː ʊ
திணி	t̪ ɪ ɳ ɪ
திணை	t̪ ɪ ɳ ɐ ɪ̯
திண்டாடி	t̪ ɪ ɳ ɖ ɑː ɖ ɪ
திண்டாடு	t̪ ɪ ɳ ɖ ɑː ɖ ʊ
திண்டாட்டம்	t̪ ɪ ɳ ɖ ɑː ʈː ɐ m
திண்டிவனம்	t̪ ɪ ɳ ɖ ɪ ʋ ɐ n ɐ m
திண்டுக்கல்	t̪ ɪ ɳ ɖ ʊ kː ɐ l
திண்ணை	t̪ ɪ ɳː ɐ ɪ̯
திதி	t̪ ɪ d̪ ɪ
தித்தி	t̪ ɪ t̪ː ɪ
திநாரம்	t̪ ɪ n̪ ɑː ɾ ɐ m
திந்திரிவனம்	t̪ ɪ n̪ d̪ ɪ ɾ ɪ ʋ ɐ n ɐ m
தினந்தோறும்	d̪ ɪ n ɐ n̪ d̪ oː r ʊ m
தினந்தோறும்	t̪ ɪ n ɐ n̪ d̪ oː r ʊ m
தினம்	d̪ ɪ n ɐ m
தினம்	t̪ ɪ n ɐ m
தினை	t̪ ɪ n ɐ ɪ̯
தின்	t̪ ɪ n
தின்னு	t̪ ɪ nː ʊ
தின்ற	t̪ ɪ n r ɐ
திபெத்	t̪ ɪ b e t̪
திபெத்து	t̪ ɪ b e t̪ː ʊ
திப்பலி	t̪ ɪ pː ɐ l ɪ
திப்பிலி	t̪ ɪ pː ɪ l ɪ
திமிங்கிலம்	t̪ ɪ m ɪ ŋ ɡ ɪ l ɐ m
திமிர்	t̪ ɪ m ɪ ɾ
தியாகம்	t̪ ɪ j ɑː ɡ ɐ m
தியானம்	t̪ ɪ j ɑː n ɐ m
தியானி	t̪ ɪ j ɑː n ɪ
திரணை	t̪ ɪ ɾ ɐ ɳ ɐ ɪ̯
திரம்	t̪ ɪ ɾ ɐ m
திரளு	t̪ ɪ ɾ ɐ ɭ ʊ
திரள்	t̪ ɪ ɾ ɐ ɭ
திரவம்	t̪ ɪ ɾ ɐ ʋ ɐ m
திரவிடம்	t̪ ɪ ɾ ɐ ʋ ɪ ɖ ɐ m
திராங்கானு	t̪ ɪ ɾ ɑː ŋ ɡ ɑː n ʊ
திராட்சை	d̪ ɪ ɾ ɑː ʈ t͡ɕ ɐ ɪ̯
திராணி	t̪ ɪ ɾ ɑː ɳ ɪ
திராவகம்	t̪ ɪ ɾ ɑː ʋ ɐ ɡ ɐ m
திராவிட	t̪ ɪ ɾ ɑː ʋ ɪ ɖ ɐ
திராவிட	d̪ ɾ ɑː ʋ ɪ ɖ ɐ
திராவிடம்	t̪ ɪ ɾ ɑː ʋ ɪ ɖ ɐ m
திராவிடம்	d̪ ɾ ɑː ʋ ɪ ɖ ɐ m
திரி	t̪ ɪ ɾ ɪ
திரிதடையம்	t̪ ɪ ɾ ɪ d̪ ɐ ɖ ɐ ɪ̯ j ɐ m
திரித்துவம்	t̪ ɪ ɾ ɪ t̪ː ʊ ʋ ɐ m
திரிபுண்டரம்	t̪ ɪ ɾ ɪ b ʊ ɳ ɖ ɐ ɾ ɐ m
திரிபுரா	t̪ ɪ ɾ ɪ b ʊ ɾ ɑː
திரிபுரா	t̪ ɪ ɾ ɪ p ʊ ɾ ɑː
திரிய	t̪ ɪ ɾ ɪ j ɐ
திரியும்	t̪ ɪ ɾ ɪ j ʊ m
திரு	t̪ ɪ ɾ ʊ
திருகாணி	t̪ ɪ ɾ ʊ ɡ ɑː ɳ ɪ
திருகுமணை	t̪ ɪ ɾ ʊ ɡ ʊ m ɐ ɳ ɐ ɪ̯
திருகோணமலை	t̪ ɪ ɾ ʊ ɡ oː ɳ ɐ m ɐ l ɐ ɪ̯
திருக்கார்த்திகை	t̪ ɪ ɾ ʊ kː ɑː ɾ t̪ː ɪ ɡ ɐ ɪ̯
திருக்குறள்	t̪ ɪ ɾ ʊ kː ʊ r ɐ ɭ
திருக்கை	t̪ ɪ ɾ ʊ kː ɐ ɪ̯
திருச்சபை	t̪ ɪ ɾ ʊ t͡ɕː ɐ b ɐ ɪ̯
திருச்சிராப்பள்ளி	t̪ ɪ ɾ ʊ t͡ɕː ɪ ɾ ɑː pː ɐ ɭː ɪ
திருச்சூர்	t̪ ɪ ɾ ʊ t͡ɕː uː ɾ
திருடன்	t̪ ɪ ɾ ʊ ɖ ɐ n
திருடி	t̪ ɪ ɾ ʊ ɖ ɪ
திருடு	t̪ ɪ ɾ ʊ ɖ ʊ
திருட்டு	t̪ ɪ ɾ ʊ ʈː ʊ
திருத்தம்	t̪ ɪ ɾ ʊ t̪ː ɐ m
திருத்தி	t̪ ɾ ʊ t̪ː ɪ
திருத்தி	t̪ ɪ ɾ ʊ t̪ː ɪ
திருத்தி	t̪ ɪ ɾ ʊ t̪ː ɪ
திருத்து	t̪ ɪ ɾ ʊ t̪ː ʊ
திருநங்கை	t̪ ɪ ɾ ʊ n̪ ɐ ŋ ɡ ɐ ɪ̯
திருநம்பி	t̪ ɪ ɾ ʊ n̪ ɐ m b ɪ
திருநாமச்செடி	t̪ ɪ ɾ ʊ n̪ ɑː m ɐ t͡ɕː e ɖ ɪ
திருநீறு	t̪ ɪ ɾ ʊ n̪ iː r ʊ
திருநீற்றுப்பச்சை	t̪ ɪ ɾ ʊ n̪ iː rː ʊ pː ɐ t͡ɕː ɐ ɪ̯
திருநெல்வேலி	t̪ ɪ ɾ ʊ n̪ e l ʋ eː l ɪ
திருந்து	t̪ ɪ ɾ ʊ n̪ d̪ ʊ
திருனர்	t̪ ɪ ɾ ʊ n ɐ ɾ
திருப்தி	t̪ ɾ ʊ p t̪ ɪ
திருப்தி	t̪ ɪ ɾ ʊ p t̪ ɪ
திருப்பதி	t̪ ɪ ɾ ʊ pː ɐ d̪ ɪ
திருப்பத்தூர்	t̪ ɪ ɾ ʊ pː ɐ t̪ː uː ɾ
திருப்பலி	t̪ ɪ ɾ ʊ pː ɐ l ɪ
திருப்பு	t̪ ɪ ɾ ʊ pː ʊ
திருப்புகை	t̪ ɪ ɾ ʊ pː ʊ ɡ ɐ ɪ̯
திருப்புதல்	t̪ ɪ ɾ ʊ pː ʊ d̪ ɐ l
திருப்புளி	t̪ ɪ ɾ ʊ pː ʊ ɭ ɪ
திருப்பூர்	t̪ ɪ ɾ ʊ pː uː ɾ
திருமகள்	t̪ ɪ ɾ ʊ m ɐ ɡ ɐ ɭ
திருமணம்	t̪ ɪ ɾ ʊ m ɐ ɳ ɐ m
திருமண்	t̪ ɪ ɾ ʊ m ɐ ɳ
திருமலை	t̪ ɪ ɾ ʊ m ɐ l ɐ ɪ̯
திருமால்	t̪ ɪ ɾ ʊ m ɑː l
திருமுகம்	t̪ ɪ ɾ ʊ m ʊ ɡ ɐ m
திருமுழுக்கு	t̪ ɪ ɾ ʊ m ʊ ɻ ʊ kː ʊ
திரும்ப	t̪ ɪ ɾ ʊ m b ɐ
திரும்பத்திரும்ப	t̪ ɪ ɾ ʊ m b ɐ t̪ː ɪ ɾ ʊ m b ɐ
திரும்பவும்	t̪ ɪ ɾ ʊ m b ɐ ʋ ʊ m
திரும்பு	t̪ ɪ ɾ ʊ m b ʊ
திருவண்ணாமலை	t̪ ɪ ɾ ʊ ʋ ɐ ɳː ɑː m ɐ l ɐ ɪ̯
திருவனந்தபுரம்	t̪ ɪ ɾ ʊ ʋ ɐ n ɐ n̪ d̪ ɐ b ʊ ɾ ɐ m
திருவருட்சாதனம்	t̪ ɪ ɾ ʊ ʋ ɐ ɾ ʊ ʈ t͡ɕ ɑː d̪ ɐ n ɐ m
திருவல்லிக்கேணி	t̪ ɪ ɾ ʊ ʋ ɐ l l ɪ kː eː ɳ ɪ
திருவள்ளூர்	t̪ ɪ ɾ ʊ ʋ ɐ ɭː uː ɾ
திருவாரூர்	t̪ ɪ ɾ ʊ ʋ ɑː ɾ uː ɾ
திருவிருந்து	t̪ ɪ ɾ ʊ ʋ ɪ ɾ ʊ n̪ d̪ ʊ
திருவிளையாடல்	t̪ ɪ ɾ ʊ ʋ ɪ ɭ ɐ ɪ̯ j ɑː ɖ ɐ l
திருவிளையாட்டு	t̪ ɪ ɾ ʊ ʋ ɪ ɭ ɐ ɪ̯ j ɑː ʈː ʊ
திருவிழா	t̪ ɪ ɾ ʊ ʋ ɪ ɻ ɑː
திருவேங்கடம்	t̪ ɪ ɾ ʊ ʋ eː ŋ ɡ ɐ ɖ ɐ m
திருவையாறு	t̪ ɪ ɾ ʊ ʋ ɐ ɪ̯ j ɑː r ʊ
திருஷ்ணை	t̪ ɪ ɾ ʊ ʂ ɳ ɐ ɪ̯
திரை	t̪ ɪ ɾ ɐ ɪ̯
திரைப்படம்	t̪ ɪ ɾ ɐ ɪ̯ pː ɐ ɖ ɐ m
திர்ப்தி	t̪ ɪ ɾ p t̪ ɪ
திற	t̪ ɪ r ɐ
திற	t̪ e r ɐ
திற	t̪ o r ɐ
திற	t̪ ɨ t ə
திறந்த	t̪ ɪ r ɐ n̪ d̪ ɐ
திறந்த	t̪ ɨ r ə n̪ d̪ ə
திறந்த	t̪ ɔ r ə̃ d̪ː ə
திறன்	t̪ ɪ r ɐ n
திறன்பேசி	t̪ ɪ r ɐ n b eː t͡ɕ ɪ
திறப்பு	t̪ ɪ r ɐ pː ʊ
திறப்புவிழா	t̪ ɪ r ɐ pː ʊ ʋ ɪ ɻ ɑː
திறமை	t̪ ɪ r ɐ m ɐ ɪ̯
திறம்	t̪ ɪ r ɐ m
திறவுகோல்	t̪ ɪ r ɐ ʋ ʊ ɡ oː l
திறை	t̪ ɪ r ɐ ɪ̯
தில்	d̪ ɪ l
தில்லம்	t̪ ɪ l l ɐ m
தில்லி	t̪ ɪ l l ɪ
தில்லை	t̪ ɪ l l ɐ ɪ̯
திவ்யம்	t̪ ɪ ʋ j ɐ m
திவ்யம்	d̪ ɪ ʋ j ɐ m
திவ்யா	d̪ ɪ ʋ j ɑː
திவ்யா	t̪ ɪ ʋ j ɑː
திவ்யேந்து	d̪ ɪ ʋ j eː n̪ d̪ ʊ
திவ்யேந்து	t̪ ɪ ʋ j eː n̪ d̪ ʊ
திவ்விய	t̪ ɪ ʋː ɪ j ɐ
திவ்வியம்	t̪ ɪ ʋː ɪ j ɐ m
திவ்வியம்	d̪ ɪ ʋː ɪ j ɐ m
திவ்வியஸ்நானம்	t̪ ɪ ʋː ɪ j ɐ s n̪ ɑː n ɐ m
தீ	t̪ iː
தீக்கடல்	t̪ iː kː ɐ ɖ ɐ l
தீக்குச்சி	t̪ iː kː ʊ t͡ɕː ɪ
தீக்கோழி	t̪ iː kː oː ɻ ɪ
தீங்கு	t̪ iː ŋ ɡ ʊ
தீட்டு	t̪ iː ʈː ʊ
தீண்டாமை	t̪ iː ɳ ɖ ɑː m ɐ ɪ̯
தீண்டு	t̪ iː ɳ ɖ ʊ
தீண்டும்	t̪ iː ɳ ɖ ʊ m
தீந்தமிழ்	t̪ iː n̪ d̪ ɐ m ɪ ɻ
தீனம்	t̪ iː n ɐ m
தீனி	t̪ iː n ɪ
தீனிப்பை	t̪ iː n ɪ pː ɐ ɪ̯
தீபம்	d̪ iː b ɐ m
தீபம்	d̪ iː p ɐ m
தீபஸ்தம்பம்	d̪ iː b ɐ s t̪ ɐ m b ɐ m
தீபாராதனை	t̪ iː b ɑː ɾ ɑː d̪ ɐ n ɐ ɪ̯
தீபாவளி	t̪ iː b ɑː ʋ ɐ ɭ ɪ
தீபாவளி	d̪ iː b ɑː ʋ ɐ ɭ ɪ
தீபிகை	t̪ iː b ɪ ɡ ɐ ɪ̯
தீப்பெட்டி	t̪ iː pː e ʈː ɪ
தீப்பொறி	t̪ iː pː o r ɪ
தீமுறி	t̪ iː m ʊ r ɪ
தீமை	t̪ iː m ɐ ɪ̯
தீமொழி	t̪ iː m o ɻ ɪ
தீம்	t̪ iː m
தீய	t̪ iː j ɐ
தீய்	t̪ iː j
தீர்	t̪ iː ɾ
தீர்க்கதரிசனங்கள்	t̪ iː ɾ kː ɐ d̪ ɐ ɾ ɪ t͡ɕ ɐ n ɐ ŋ ɡ ɐ ɭ
தீர்க்கதரிசனம்	t̪ iː ɾ kː ɐ d̪ ɐ ɾ ɪ t͡ɕ ɐ n ɐ m
தீர்க்கதரிசி	t̪ iː ɾ kː ɐ d̪ ɐ ɾ ɪ t͡ɕ ɪ
தீர்க்கம்	t̪ iː ɾ kː ɐ m
தீர்த்தம்	t̪ iː ɾ t̪ː ɐ m
தீர்ப்பு	t̪ iː ɾ pː ʊ
தீர்வு	t̪ iː ɾ ʋ ʊ
தீவாளி	t̪ iː ʋ ɑː ɭ ɪ
தீவாளி	d̪ iː ʋ ɑː ɭ ɪ
தீவி	t̪ iː ʋ ɪ
தீவிகை	t̪ iː ʋ ɪ ɡ ɐ ɪ̯
தீவினை	t̪ iː ʋ ɪ n ɐ ɪ̯
தீவிய	t̪ iː ʋ ɪ j ɐ
தீவிரகந்தம்	t̪ iː ʋ ɪ ɾ ɐ ɡ ɐ n̪ d̪ ɐ m
தீவிரகாசரோகம்	t̪ iː ʋ ɪ ɾ ɐ ɡ ɑː t͡ɕ ɐ ɾ oː ɡ ɐ m
தீவிரம்	t̪ iː ʋ ɪ ɾ ɐ m
தீவிரவாதி	t̪ iː ʋ ɪ ɾ ɐ ʋ ɑː d̪ ɪ
தீவிரி	t̪ iː ʋ ɪ ɾ ɪ
தீவு	t̪ iː ʋ ʊ
தீவுகள்	t̪ iː ʋ ʊ ɡ ɐ ɭ
தீவுக்கூட்டம்	t̪ iː ʋ ʊ kː uː ʈː ɐ m
துகள்	t̪ ʊ ɡ ɐ ɭ
துகள்	t̪ ʊ h ɐ ɭ
துகான்	t̪ ʊ ɡ ɑː n
துகிர்	t̪ ʊ ɡ ɪ ɾ
துக்கக்காரன்	t̪ ʊ kː ɐ kː ɑː ɾ ɐ n
துக்கம்	d̪ ʊ kː ɐ m
துக்கி	t̪ ʊ kː ɪ
துக்கிலியூண்டு	t̪ ʊ kː ɪ l ɪ j uː ɳ ɖ ʊ
துச்சாதனன்	t̪ ʊ t͡ɕː ɑː d̪ ɐ n ɐ n
துஞ்சு	t̪ ʊ ɲ d͡ʑ ʊ
துடப்பம்	t̪ ʊ ɖ ɐ pː ɐ m
துடவை	t̪ ʊ ɖ ɐ ʋ ɐ ɪ̯
துடி	t̪ ʊ ɖ ɪ
துடுபு	t̪ ʊ ɖ ʊ b ʊ
துடுப்பு	t̪ ʊ ɖ ʊ pː ʊ
துடுப்புக்காலி	t̪ ʊ ɖ ʊ pː ʊ kː ɑː l ɪ
துடை	t̪ ʊ ɖ ɐ ɪ̯
துடைப்பம்	t̪ ʊ ɖ ɐ ɪ̯ pː ɐ m
துட்டு	t̪ ʊ ʈː ʊ
துட்டு	d̪ ʊ ɖ ɖ ʊ
துணி	t̪ ʊ ɳ ɪ
துணிவு	t̪ ʊ ɳ ɪ ʋ ʊ
துணுக்காய்	t̪ ʊ ɳ ʊ kː ɑː j
துணை	t̪ ʊ ɳ ɐ ɪ̯
துணைக்கண்டம்	t̪ ʊ ɳ ɐ ɪ̯ kː ɐ ɳ ɖ ɐ m
துணைக்கருவி	t̪ ʊ ɳ ɐ ɪ̯ kː ɐ ɾ ʊ ʋ ɪ
துணைக்கோள்	t̪ ʊ ɳ ɐ ɪ̯ kː oː ɭ
துணைமை	t̪ ʊ ɳ ɐ ɪ̯ m ɐ ɪ̯
துணைவன்	t̪ ʊ ɳ ɐ ɪ̯ ʋ ɐ n
துணைவி	t̪ ʊ ɳ ɐ ɪ̯ ʋ ɪ
துணைவினை	t̪ ʊ ɳ ɐ ɪ̯ ʋ ɪ n ɐ ɪ̯
துண்டி	t̪ ʊ ɳ ɖ ɪ
துண்டு	t̪ ʊ ɳ ɖ ʊ
துதி	t̪ ʊ d̪ ɪ
துத்தநாகம்	t̪ ʊ t̪ː ɐ n̪ ɑː ɡ ɐ m
துத்தம்	t̪ ʊ t̪ː ɐ m
துந்தம்	t̪ ʊ n̪ d̪ ɐ m
துந்தி	t̪ ʊ n̪ d̪ ɪ
துன்பம்	t̪ ʊ n b ɐ m
துன்புறுத்து	t̪ ʊ n b ʊ r ʊ t̪ː ʊ
துன்மதி	t̪ ʊ n m ɐ d̪ ɪ
துபாய்	t̪ ʊ b ɑː j
துப்பம்	t̪ ʊ pː ɐ m
துப்பறி	t̪ ʊ pː ɐ r ɪ
துப்பல்	t̪ ʊ pː ɐ l
துப்பாக்கி	t̪ ʊ pː ɑː kː ɪ
துப்பு	t̪ ʊ pː ʊ
தும்பல்	t̪ ʊ m b ɐ l
தும்பி	t̪ ʊ m b ɪ
தும்பிக்கை	t̪ ʊ m b ɪ kː ɐ ɪ̯
தும்பு	t̪ ʊ m b ʊ
தும்மல்	t̪ ʊ mː ɐ l
தும்மு	t̪ ʊ mː ʊ
துயரம்	t̪ ʊ j ɐ ɾ ɐ m
துயர்	t̪ ʊ j ɐ ɾ
துயில்	t̪ ʊ j ɪ l
துய்	t̪ ʊ j
துய்ய	t̪ ʊ jː ɐ
துரத்து	t̪ ʊ ɾ ɐ t̪ː ʊ
துரியான்	t̪ ʊ ɾ ɪ j ɑː n
துரியோதனன்	t̪ ʊ ɾ ɪ j oː d̪ ɐ n ɐ n
துரு	t̪ ʊ ɾ ʊ
துருகம்	t̪ ʊ ɾ ʊ ɡ ɐ m
துருகம்	d̪ ʊ ɾ ʊ ɡ ɐ m
துருக்கி	t̪ ʊ ɾ ʊ kː ɪ
துருக்மெனிஸ்தான்	t̪ ʊ ɾ ʊ k m e n ɪ s t̪ ɑː n
துரும்பு	t̪ ʊ ɾ ʊ m b ʊ
துருவவொளி	d̪ ʊ ɾ ʊ ʋ ɐ ʋ o ɭ ɪ
துரை	t̪ ʊ ɾ ɐ ɪ̯
துரோகம்	t̪ ʊ ɾ oː ɡ ɐ m
துரோகம்	d̪ ɾ oː ɡ ɐ m
துரோகம்	d̪ ɾ oː h ɐ m
துரோணர்	t̪ ʊ ɾ oː ɳ ɐ ɾ
துர்க்கதி	t̪ ʊ ɾ kː ɐ d̪ ɪ
துர்க்கை	d̪ ʊ ɾ kː ɐ ɪ̯
துர்க்கை	t̪ ʊ ɾ kː ɐ ɪ̯
துர்நாற்றம்	t̪ ʊ ɾ n̪ ɑː rː ɐ m
துற	t̪ ʊ r ɐ
துறப்பு	t̪ ʊ r ɐ pː ʊ
துறவறம்	t̪ ʊ r ɐ ʋ ɐ r ɐ m
துறவி	t̪ ʊ r ɐ ʋ ɪ
துறை	t̪ ʊ r ɐ ɪ̯
துறைமுகம்	t̪ ʊ r ɐ ɪ̯ m ʊ ɡ ɐ m
துலக்கு	t̪ ʊ l ɐ kː ʊ
துலாம்	t̪ ʊ l ɑː m
துலுக்கச்செவ்வந்தி	t̪ ʊ l ʊ kː ɐ t͡ɕː e ʋː ɐ n̪ d̪ ɪ
துலுக்கன்	t̪ ʊ l ʊ kː ɐ n
துளசி	t̪ ʊ ɭ ɐ t͡ɕ ɪ
துளி	t̪ ʊ ɭ ɪ
துளிவேளை	t̪ ʊ ɭ ɪ ʋ eː ɭ ɐ ɪ̯
துளுவம்	t̪ ʊ ɭ ʊ ʋ ɐ m
துளை	t̪ ʊ ɭ ɐ ɪ̯
துள்	t̪ ʊ ɭ
துள்ளு	t̪ ʊ ɭː ʊ
துழாவு	t̪ ʊ ɻ ɑː ʋ ʊ
துவக்கம்	t̪ ʊ ʋ ɐ kː ɐ m
துவக்கு	t̪ ʊ ʋ ɐ kː ʊ
துவக்கூசி	t̪ ʊ ʋ ɐ kː uː t͡ɕ ɪ
துவங்கு	t̪ ʊ ʋ ɐ ŋ ɡ ʊ
துவசம்	t̪ ʊ ʋ ɐ t͡ɕ ɐ m
துவம்சம்	t̪ ʊ ʋ ɐ m t͡ɕ ɐ m
துவம்சம்	d̪ ʊ ʋ ɐ m t͡ɕ ɐ m
துவரை	t̪ ʊ ʋ ɐ ɾ ɐ ɪ̯
துவாய்	t̪ ʊ ʋ ɑː j
துவாரம்	t̪ ʊ ʋ ɑː ɾ ɐ m
துவாரம்	d̪ ʊ ʋ ɑː ɾ ɐ m
துவேசம்	t̪ ʊ ʋ eː t͡ɕ ɐ m
துவேஷம்	t̪ ʊ ʋ eː ʂ ɐ m
துவை	t̪ ʊ ʋ ɐ ɪ̯
துவையல்	t̪ ʊ ʋ ɐ ɪ̯ j ɐ l
தூ	t̪ uː
தூக்கணங்குருவி	t̪ uː kː ɐ ɳ ɐ ŋ ɡ ʊ ɾ ʊ ʋ ɪ
தூக்கணாங்குருவி	t̪ uː kː ɐ ɳ ɑː ŋ ɡ ʊ ɾ ʊ ʋ ɪ
தூக்கம்	t̪ uː kː ɐ m
தூக்கு	t̪ uː kː ʊ
தூங்கு	t̪ uː ŋ ɡ ʊ
தூசரம்	t̪ uː t͡ɕ ɐ ɾ ɐ m
தூசி	t̪ uː t͡ɕ ɪ
தூசி	d̪ uː t͡ɕ ɪ
தூசு	t̪ uː t͡ɕ ʊ
தூண்	t̪ uː ɳ
தூண்டில்	t̪ uː ɳ ɖ ɪ l
தூண்டு	t̪ uː ɳ ɖ ʊ
தூதன்	t̪ uː d̪ ɐ n
தூதன்	d̪ uː d̪ ɐ n
தூதரகம்	t̪ uː d̪ ɐ ɾ ɐ ɡ ɐ m
தூத்துக்குடி	t̪ uː t̪ː ʊ kː ʊ ɖ ɪ
தூபி	t̪ uː b ɪ
தூமகேது	d̪ uː m a k eː d̪ u
தூமகேது	d̪ uː m ɐ k eː d̪ ɯ
தூம்பா	t̪ uː m b ɑː
தூய்	t̪ uː j
தூய்மை	t̪ uː j m ɐ ɪ̯
தூரம்	t̪ uː ɾ ɐ m
தூரம்	d̪ uː ɾ ɐ m
தூர்	t̪ uː ɾ
தூர்வாரு	t̪ uː ɾ ʋ ɑː ɾ ʊ
தூறல்	t̪ uː r ɐ l
தூறு	t̪ uː r ʊ
தூள்	t̪ uː ɭ
தூள்	d̪ uː ɭ
தூவல்	t̪ uː ʋ ɐ l
தூவி	t̪ uː ʋ ɪ
தூவு	t̪ uː ʋ ʊ
தூஷணம்	d̪ uː ʂ ɐ ɳ ɐ m
தெகுரான்	t̪ e ɡ ʊ ɾ ɑː n
தெங்கங்காய்	t̪ e ŋ ɡ ɐ ŋ ɡ ɑː j
தெங்கு	t̪ e ŋ ɡ ʊ
தெனாவட்டு	t̪ e n ɑː ʋ ɐ ʈː ʊ
தென்	t̪ e n
தென்காசி	t̪ e n k ɑː t͡ɕ ɪ
தென்கிழக்காசியா	t̪ e n ɡ ɪ ɻ ɐ kː ɑː t͡ɕ ɪ j ɑː
தென்கிழக்கு	t̪ e n ɡ ɪ ɻ ɐ kː ʊ
தென்னாடு	t̪ e nː ɑː ɖ ʊ
தென்னாப்பிரிக்கா	t̪ e nː ɑː pː ɪ ɾ ɪ kː ɑː
தென்னிந்தியா	t̪ e nː ɪ n̪ d̪ ɪ j ɑː
தென்னை	t̪ e nː ɐ ɪ̯
தென்படு	t̪ e n b ɐ ɖ ʊ
தென்மேற்கு	t̪ e n m eː r k ʊ
தென்மொழி	t̪ e n m o ɻ ɪ
தென்றல்	t̪ e n r ɐ l
தெப்பக்குளம்	t̪ e pː ɐ kː ʊ ɭ ɐ m
தெப்பம்	t̪ e pː ɐ m
தெம்மாங்கு	t̪ e mː ɑː ŋ ɡ ʊ
தெம்மாடி	t̪ e mː ɑː ɖ ɪ
தெய்வங்கள்	d̪ e j ʋ ɐ ŋ ɡ ɐ ɭ
தெய்வம்	d̪ e j ʋ ɐ m
தெய்வம்	t̪ e j ʋ ɐ m
தெய்வயானை	t̪ e j ʋ ɐ j ɑː n ɐ ɪ̯
தெரி	t̪ e ɾ ɪ
தெரிந்துணர்ச்சி	t̪ e ɾ ɪ n̪ d̪ ʊ ɳ ɐ ɾ t͡ɕː ɪ
தெரிபடு	t̪ e ɾ ɪ b ɐ ɖ ʊ
தெரிப்பு	t̪ e ɾ ɪ pː ʊ
தெரியல்	t̪ e ɾ ɪ j ɐ l
தெரியவுணர்	t̪ e ɾ ɪ j ɐ ʋ ʊ ɳ ɐ ɾ
தெரியாது	t̪ e ɾ ɪ j ɑː d̪ ʊ
தெரியாமல்	t̪ e ɾ ɪ j ɑː m ɐ l
தெரியும்	t̪ e ɾ ɪ j ʊ m
தெரிவி	t̪ e ɾ ɪ ʋ ɪ
தெரிவு	t̪ e ɾ ɪ ʋ ʊ
தெரு	t̪ e ɾ ʊ
தெருநாய்	t̪ e ɾ ʊ n̪ ɑː j
தெருள்	t̪ e ɾ ʊ ɭ
தெறிக்க	t̪ e r ɪ kː ɐ
தெற்காசியா	t̪ e r k ɑː t͡ɕ ɪ j ɑː
தெற்கு	t̪ e r k ʊ
தெலங்காணா	t̪ e l ɐ ŋ ɡ ɑː ɳ ɑː
தெலுங்கம்	t̪ e l ʊ ŋ ɡ ɐ m
தெலுங்கானா	t̪ e l ʊ ŋ ɡ ɑː n ɑː
தெலுங்கு	t̪ e l ʊ ŋ ɡ ʊ
தெளி	t̪ e ɭ ɪ
தெளிவி	t̪ e ɭ ɪ ʋ ɪ
தெளிவு	t̪ e ɭ ɪ ʋ ʊ
தெளுவு	t̪ e ɭ ʊ ʋ ʊ
தெள்ளு	t̪ e ɭː ʊ
தெஹரான்	t̪ e h ɐ ɾ ɑː n
தேகங்கள்	d̪ e ɡ ɐ ŋ ɡ ɐ ɭ
தேகம்	t̪ eː ɡ a m
தேக்கடி	t̪ eː kː ɐ ɖ ɪ
தேக்கர்	t̪ eː kː ɐ ɾ
தேக்கு	t̪ eː kː ʊ
தேங்காய்	t̪ eː ŋ ɡ ɑː j
தேசகன்	t̪ eː t͡ɕ ɐ ɡ ɐ n
தேசபாஷை	d̪ eː t͡ɕ ɐ b ɑː ʂ ɐ ɪ̯
தேசம்	d̪ eː t͡ɕ ɐ m
தேசம்	t̪ eː t͡ɕ ɐ m
தேசாசாரம்	t̪ eː t͡ɕ ɑː t͡ɕ ɑː ɾ ɐ m
தேசாதிபதி	t̪ eː t͡ɕ ɑː d̪ ɪ b ɐ d̪ ɪ
தேசிய	t̪ eː t͡ɕ ɪ j ɐ
தேசீயவியக்கம்	t̪ eː t͡ɕ iː j ɐ ʋ ɪ j ɐ kː ɐ m
தேடு	t̪ eː ɖ ʊ
தேதி	t̪ eː d̪ ɪ
தேதி	d̪ eː d̪ ɪ
தேத்தண்ணி	t̪ eː t̪ː ɐ ɳː ɪ
தேத்தண்ணீர்	t̪ eː t̪ː ɐ ɳː iː ɾ
தேநீர்	t̪ eː n̪ iː ɾ
தேனடை	t̪ eː n ɐ ɖ ɐ ɪ̯
தேனி	t̪ eː n ɪ
தேனிறால்	t̪ eː n ɪ r ɑː l
தேனிலவு	t̪ eː n ɪ l ɐ ʋ ʊ
தேனீ	t̪ eː n iː
தேன்	t̪ eː n
தேன்கூடு	t̪ eː n ɡ uː ɖ ʊ
தேன்நிலவு	t̪ eː n ː̪ ɪ l ɐ ʋ ʊ
தேன்மொழி	t̪ eː n m o ɻ ɪ
தேம்பாவணி	t̪ eː m b ɑː ʋ ɐ ɳ ɪ
தேம்பு	t̪ eː m b ʊ
தேய்	t̪ eː j
தேய்நீர்	t̪ eː j n̪ iː ɾ
தேய்பிறை	t̪ eː j b ɪ r ɐ ɪ̯
தேய்பிறை	t̪ eː j p ɪ r ɐ ɪ̯
தேய்மானம்	t̪ eː j m ɑː n ɐ m
தேய்வாங்கு	t̪ eː j ʋ ɑː ŋ ɡ ʊ
தேர்	t̪ eː ɾ
தேர்ச்சி	t̪ eː ɾ t͡ɕː ɪ
தேர்தல்	t̪ eː ɾ d̪ ɐ l
தேர்ந்தெடு	t̪ eː ɾ n̪ d̪ e ɖ ʊ
தேர்வு	t̪ eː ɾ ʋ ʊ
தேர்வுக்கூடம்	t̪ eː ɾ ʋ ʊ kː uː ɖ ɐ m
தேறு	t̪ eː r ʊ
தேற்றம்	t̪ eː rː ɐ m
தேற்றா	t̪ eː rː ɑː
தேற்றாங்கொட்டை	t̪ eː rː ɑː ŋ ɡ o ʈː ɐ ɪ̯
தேற்று	t̪ eː rː ʊ
தேளை	t̪ eː ɭ ɐ ɪ̯
தேள்	t̪ eː ɭ
தேவடியாள்	t̪ eː ʋ ɐ ɖ ɪ j ɑː ɭ
தேவதூதன்	t̪ eː ʋ ɐ d̪ uː d̪ ɐ n
தேவதூஷணம்	t̪ eː ʋ ɐ d̪ uː ʂ ɐ ɳ ɐ m
தேவதை	t̪ eː ʋ ɐ d̪ ɐ ɪ̯
தேவதை	d̪ eː ʋ ɐ d̪ ɐ ɪ̯
தேவதைகள்	t̪ eː ʋ ɐ d̪ ɐ ɪ̯ ɡ ɐ ɭ
தேவன்	t̪ eː ʋ ɐ n
தேவன்	d̪ eː ʋ ɐ n
தேவலோகம்	t̪ eː ʋ ɐ l oː ɡ ɐ m
தேவவசீகரம்	t̪ eː ʋ ɐ ʋ ɐ t͡ɕ iː ɡ ɐ ɾ ɐ m
தேவஸ்தானம்	t̪ eː ʋ ɐ s t̪ ɑː n ɐ m
தேவாங்கர்	t̪ eː ʋ ɑː ŋ ɡ ɐ ɾ
தேவாங்கு	t̪ eː ʋ ɑː ŋ ɡ ʊ
தேவாங்கு	d̪ eː ʋ ɑː ŋ ɡ ʊ
தேவாரம்	t̪ eː ʋ ɑː ɾ ɐ m
தேவாலயம்	t̪ eː ʋ ɑː l ɐ j ɐ m
தேவாலயம்	d̪ eː ʋ ɑː l ɐ j ɐ m
தேவி	t̪ eː ʋ ɪ
தேவி	d̪ eː ʋ ɪ
தேவை	t̪ eː ʋ ɐ ɪ̯
தேவையான	t̪ eː ʋ ɐ ɪ̯ j ɑː n ɐ
தை	t̪ ɐ ɪ̯
தைப்பூசம்	t̪ ɐ ɪ̯ pː uː t͡ɕ ɐ m
தையல்	t̪ ɐ ɪ̯ j ɐ l
தைரியம்	d̪ ɐ ɪ̯ ɾ ɪ j ɐ m
தைரியம்	t̪ ɐ ɪ̯ ɾ ɪ j ɐ m
தைலமிறக்கு	t̪ ɐ ɪ̯ l ɐ m ɪ r ɐ kː ʊ
தைலம்	t̪ ɐ ɪ̯ l ɐ m
தைவான்	t̪ ɐ ɪ̯ ʋ ɑː n
தொகு	t̪ o ɡ ʊ
தொகுதி	t̪ o ɡ ʊ d̪ ɪ
தொகுதியெண்	t̪ o ɡ ʊ d̪ ɪ j e ɳ
தொகுப்பு	t̪ o ɡ ʊ pː ʊ
தொகை	t̪ o ɡ ɐ ɪ̯
தொக்கு	t̪ o kː ʊ
தொங்கு	t̪ o ŋ ɡ ʊ
தொடக்கம்	t̪ o ɖ ɐ kː ɐ m
தொடங்கல்	t̪ o ɖ ɐ ŋ ɡ ɐ l
தொடங்கி	t̪ o ɖ ɐ ŋ ɡ ɪ
தொடங்கு	t̪ o ɖ ɐ ŋ ɡ ʊ
தொடரி	t̪ o ɖ ɐ ɾ ɪ
தொடருந்து	t̪ o ɖ ɐ ɾ ʊ n̪ d̪ ʊ
தொடர்	t̪ o ɖ ɐ ɾ
தொடர்ச்சி	t̪ o ɖ ɐ ɾ t͡ɕː ɪ
தொடர்ந்து	t̪ o ɖ ɐ ɾ n̪ d̪ ʊ
தொடர்ந்தேற்றி	t̪ o ɖ ɐ ɾ n̪ d̪ eː rː ɪ
தொடர்பற	t̪ o ɖ ɐ ɾ b ɐ r ɐ
தொடர்பு	t̪ o ɖ ɐ ɾ b ʊ
தொடர்வண்டி	t̪ o ɖ ɐ ɾ ʋ ɐ ɳ ɖ ɪ
தொடு	t̪ o ɖ ʊ
தொடுகிலும்	t̪ o ɖ ʊ ɡ ɪ l ʊ m
தொடுத்து	t̪ o ɖ ʊ t̪ː ʊ
தொடுப்பு	t̪ o ɖ ʊ pː ʊ
தொடுவானம்	t̪ o ɖ ʊ ʋ ɑː n ɐ m
தொடுவான்	t̪ o ɖ ʊ ʋ ɑː n
தொடை	t̪ o ɖ ɐ ɪ̯
தொடைநடுங்கி	t̪ o ɖ ɐ ɪ̯ n̪ ɐ ɖ ʊ ŋ ɡ ɪ
தொட்டாற்சிணுங்கி	t̪ o ʈː ɑː r t͡ɕ ɪ ɳ ʊ ŋ ɡ ɪ
தொட்டாற்சுருங்கி	t̪ o ʈː ɑː r t͡ɕ ʊ ɾ ʊ ŋ ɡ ɪ
தொட்டால்	t̪ o ʈː ɑː l
தொட்டால்வாடி	t̪ o ʈː ɑː l ʋ ɑː ɖ ɪ
தொட்டி	t̪ o ʈː ɪ
தொட்டில்	t̪ o ʈː ɪ l
தொட்டு	t̪ o ʈː ʊ
தொட்டுத்தொட்டு	t̪ o ʈː ʊ t̪ː o ʈː ʊ
தொண்டன்	t̪ o ɳ ɖ ɐ n
தொண்டு	t̪ o ɳ ɖ ʊ
தொண்டை	t̪ o ɳ ɖ ɐ ɪ̯
தொண்ணூறு	t̪ o ɳː uː r ʊ
தொந்தரவு	t̪ o n̪ d̪ ɐ ɾ ɐ ʋ ʊ
தொந்தி	t̪ o n̪ d̪ ɪ
தொனி	t̪ o n ɪ
தொன்னை	t̪ o nː ɐ ɪ̯
தொன்மங்கள்	t̪ o n m ɐ ŋ ɡ ɐ ɭ
தொன்மம்	t̪ o n m ɐ m
தொன்மவியல்	t̪ o n m ɐ ʋ ɪ j ɐ l
தொன்மா	t̪ o n m ɑː
தொன்மை	t̪ o n m ɐ ɪ̯
தொன்று	t̪ o n r ʊ
தொப்பி	t̪ o pː ɪ
தொப்புட்கொடி	t̪ o pː ʊ ʈ k o ɖ ɪ
தொப்புள்	t̪ o pː ʊ ɭ
தொப்புள்கொடி	t̪ o pː ʊ ɭ ɡ o ɖ ɪ
தொப்பை	t̪ o pː ɐ ɪ̯
தொறவல்	t̪ o r ɐ ʋ ɐ l
தொறுவு	t̪ o r ʊ ʋ ʊ
தொற்று	t̪ o rː ʊ
தொற்றுநோய்	t̪ o rː ʊ n̪ oː j
தொலி	t̪ o l ɪ
தொலை	t̪ o l ɐ ɪ̯
தொலைக்காட்சி	t̪ o l ɐ ɪ̯ kː ɑː ʈ t͡ɕ ɪ
தொலைத்தொடர்பு	t̪ o l ɐ ɪ̯ t̪ː o ɖ ɐ ɾ b ʊ
தொலைநோக்கி	t̪ o l ɐ ɪ̯ n̪ oː kː ɪ
தொலைபேசி	t̪ o l ɐ ɪ̯ b eː t͡ɕ ɪ
தொலைப்பேசி	t̪ o l ɐ ɪ̯ pː eː t͡ɕ ɪ
தொலையியக்கி	t̪ o l ɐ ɪ̯ j ɪ j ɐ kː ɪ
தொலைவு	t̪ o l ɐ ɪ̯ ʋ ʊ
தொல்	t̪ o l
தொல்காப்பியம்	t̪ o l ɡ ɑː pː ɪ j ɐ m
தொல்பொருளியல்	t̪ o l b o ɾ ʊ ɭ ɪ j ɐ l
தொல்லியல்	t̪ o l l ɪ j ɐ l
தொல்லை	t̪ o l l ɐ ɪ̯
தொளதொள	t̪ o ɭ ɐ t̪ o ɭ ɐ
தொளதொள	d̪ o ɭ ɐ d̪ o ɭ ɐ
தொளை	t̪ o ɭ ɐ ɪ̯
தொள்ளாயிரம்	t̪ o ɭː ɑː j ɪ ɾ ɐ m
தொள்ளுண்	t̪ o ɭː ʊ ɳ
தொழினுட்பம்	t̪ o ɻ ɪ n ʊ ʈ p ɐ m
தொழிற்கூடம்	t̪ o ɻ ɪ r k uː ɖ ɐ m
தொழிற்சாலை	t̪ o ɻ ɪ r t͡ɕ ɑː l ɐ ɪ̯
தொழிற்பெயர்	t̪ o ɻ ɪ r p e j ɐ ɾ
தொழிலாளி	t̪ o ɻ ɪ l ɑː ɭ ɪ
தொழில்	t̪ o ɻ ɪ l
தொழில்நுட்பம்	t̪ o ɻ ɪ l n̪ ʊ ʈ p ɐ m
தொழு	t̪ o ɻ ʊ
தொழுகை	t̪ o ɻ ʊ ɡ ɐ ɪ̯
தொழும்பு	t̪ o ɻ ʊ m b ʊ
தொழுவன்	t̪ o ɻ ʊ ʋ ɐ n
தொழுவம்	t̪ o ɻ ʊ ʋ ɐ m
தொழுவர்	t̪ o ɻ ʊ ʋ ɐ ɾ
தொழுவு	t̪ o ɻ ʊ ʋ ʊ
தொழுவை	t̪ o ɻ ʊ ʋ ɐ ɪ̯
தோகம்	t̪ oː ɡ ɐ m
தோகை	t̪ oː ɡ ɐ ɪ̯
தோசம்	t̪ oː t͡ɕ ɐ m
தோசிக்கொக்கு	t̪ oː t͡ɕ ɪ kː o kː ʊ
தோசை	t̪ oː t͡ɕ ɐ ɪ̯
தோசை	d̪ oː t͡ɕ ɐ ɪ̯
தோடா	t̪ oː ɖ ɑː
தோடு	t̪ oː ɖ ʊ
தோட்டம்	t̪ oː ʈː ɐ m
தோட்டா	t̪ oː ʈː ɑː
தோட்டிமை	t̪ oː ʈː ɪ m ɐ ɪ̯
தோணி	t̪ oː ɳ ɪ
தோணிதள்ளு	t̪ oː ɳ ɪ d̪ ɐ ɭː ʊ
தோணித்துறை	t̪ oː ɳ ɪ t̪ː ʊ r ɐ ɪ̯
தோணு	t̪ oː ɳ ʊ
தோண்டான்	t̪ oː ɳ ɖ ɑː n
தோண்டு	t̪ oː ɳ ɖ ʊ
தோத்திரம்	t̪ oː t̪ː ɪ ɾ ɐ m
தோன்று	t̪ oː n r ʊ
தோப்பி	t̪ oː pː ɪ
தோப்பு	t̪ oː pː ʊ
தோம்	t̪ oː m
தோற்கடி	t̪ oː r k ɐ ɖ ɪ
தோற்றம்	t̪ oː rː ɐ m
தோற்று	t̪ oː rː ʊ
தோற்றுவாய்	t̪ oː rː ʊ ʋ ɑː j
தோலியல்	t̪ oː l ɪ j ɐ l
தோல்	t̪ oː l
தோல்வி	t̪ oː l ʋ ɪ
தோள்	t̪ oː ɭ
தோள்பட்டை	t̪ oː ɭ b ɐ ʈː ɐ ɪ̯
தோழன்	t̪ oː ɻ ɐ n
தோழமை	t̪ oː ɻ ɐ m ɐ ɪ̯
தோழி	t̪ oː ɻ ɪ
தோஷம்	t̪ oː ʂ ɐ m
தௌலத்	d̪ ɐ ʊ̯ l ɐ t̪
தௌலத்து	d̪ ɐ ʊ̯ l ɐ t̪ː ʊ
த்	i t̪
த்	i t̪ː ɯ
த்	t̪
த்வஜம்	t̪ ʋ ɐ d͡ʑ ɐ m
ந	n̪ ɐ
நகம்	n̪ ɐ ɡ ɐ m
நகம்வாங்கி	n̪ ɐ ɡ ɐ m ʋ ɑː ŋ ɡ ɪ
நகம்வெட்டி	n̪ ɐ ɡ ɐ m ʋ e ʈː ɪ
நகரப்பதி	n̪ ɐ ɡ ɐ ɾ ɐ pː ɐ d̪ ɪ
நகரமாந்தர்	n̪ ɐ ɡ ɐ ɾ ɐ m ɑː n̪ d̪ ɐ ɾ
நகரம்	n̪ ɐ ɡ ɐ ɾ ɐ m
நகராட்சி	n̪ ɐ ɡ ɐ ɾ ɑː ʈ t͡ɕ ɪ
நகர்	n̪ ɐ ɡ ɐ ɾ
நகர்த்து	n̪ ɐ ɡ ɐ ɾ t̪ː ʊ
நகு	n̪ ɐ ɡ ʊ
நகை	n̪ ɐ ɡ ɐ ɪ̯
நகைச்சுவை	n̪ ɐ ɡ ɐ ɪ̯ t͡ɕː ʊ ʋ ɐ ɪ̯
நகைச்சுவை	n̪ ɐ h ɐ ɪ̯ t͡ɕː ʊ ʋ ɐ ɪ̯
நகோமி	n̪ ɐ ɡ oː m ɪ
நக்க	n̪ ɐ kː ɐ
நக்கம்	n̪ ɐ kː ɐ m
நக்கல்	n̪ ɐ kː ɐ l
நக்கவரம்	n̪ ɐ kː ɐ ʋ ɐ ɾ ɐ m
நக்கு	n̪ ɐ kː ʊ
நக்ஷா	n̪ ɐ k ʂ ɑː
நங்கூரம்	n̪ ɐ ŋ ɡ uː ɾ ɐ m
நங்கை	n̪ ɐ ŋ ɡ ɐ ɪ̯
நசி	n̪ ɐ t͡ɕ ɪ
நசுக்கு	n̪ ɐ t͡ɕ ʊ kː ʊ
நசுங்கு	n̪ ɐ t͡ɕ ʊ ŋ ɡ ʊ
நச்சு	n̪ ɐ t͡ɕː ʊ
நச்சுயிரி	n̪ ɐ t͡ɕː ʊ j ɪ ɾ ɪ
நஞ்சு	n̪ ɐ ɲ d͡ʑ ʊ
நஞ்சுக்கொடி	n̪ ɐ ɲ d͡ʑ ʊ kː o ɖ ɪ
நஞ்சை	n̪ ɐ ɲ d͡ʑ ɐ ɪ̯
நட	n̪ ɐ ɖ ɐ
நடக்க	n̪ ɐ ɖ ɐ kː ɐ
நடக்கை	n̪ ɐ ɖ ɐ kː ɐ ɪ̯
நடத்து	n̪ ɐ ɖ ɐ t̪ː ʊ
நடத்தை	n̪ ɐ ɖ ɐ t̪ː ɐ ɪ̯
நடனம்	n̪ ɐ ɖ ɐ n ɐ m
நடப்பன	n̪ ɐ ɖ ɐ pː ɐ n ɐ
நடப்பிப்பு	n̪ ɐ ɖ ɐ pː ɪ pː ʊ
நடப்பு	n̪ ɐ ɖ ɐ pː ʊ
நடமாடு	n̪ ɐ ɖ ɐ m ɑː ɖ ʊ
நடமாடும்	n̪ ɐ ɖ ɐ m ɑː ɖ ʊ m
நடமாட்டம்	n̪ ɐ ɖ ɐ m ɑː ʈː ɐ m
நடராஜர்	n̪ ɐ ɖ ɐ ɾ ɑː d͡ʑ ɐ ɾ
நடலம்	n̪ ɐ ɖ ɐ l ɐ m
நடவடிக்கை	n̪ ɐ ɖ ɐ ʋ ɐ ɖ ɪ kː ɐ ɪ̯
நடவு	n̪ ɐ ɖ ɐ ʋ ʊ
நடி	n̪ ɐ ɖ ɪ
நடிகர்	n̪ ɐ ɖ ɪ ɡ ɐ ɾ
நடிப்பு	n̪ ɐ ɖ ɪ pː ʊ
நடு	n̪ ɐ ɖ ʊ
நடுக்கம்	n̪ ɐ ɖ ʊ kː ɐ m
நடுங்கு	n̪ ɐ ɖ ʊ ŋ ɡ ʊ
நடுநிலை	n̪ ɐ ɖ ʊ n̪ ɪ l ɐ ɪ̯
நடுவடிக்கை	n̪ ɐ ɖ ʊ ʋ ɐ ɖ ɪ kː ɐ ɪ̯
நடுவர்	n̪ ɐ ɖ ʊ ʋ ɐ ɾ
நடுவிரல்	n̪ ɐ ɖ ʊ ʋ ɪ ɾ ɐ l
நடுவு	n̪ ɐ ɖ ʊ ʋ ʊ
நடுவுநிலை	n̪ ɐ ɖ ʊ ʋ ʊ n̪ ɪ l ɐ ɪ̯
நடுவுநிலைமை	n̪ ɐ ɖ ʊ ʋ ʊ n̪ ɪ l ɐ ɪ̯ m ɐ ɪ̯
நடை	n̪ ɐ ɖ ɐ ɪ̯
நடைகிணறு	n̪ ɐ ɖ ɐ ɪ̯ ɡ ɪ ɳ ɐ r ʊ
நடைபடி	n̪ ɐ ɖ ɐ ɪ̯ b ɐ ɖ ɪ
நடைபழகு	n̪ ɐ ɖ ɐ ɪ̯ b ɐ ɻ ɐ ɡ ʊ
நடைபெறு	n̪ ɐ ɖ ɐ ɪ̯ b e r ʊ
நடைப்பிணம்	n̪ ɐ ɖ ɐ ɪ̯ pː ɪ ɳ ɐ m
நடைப்பொன்	n̪ ɐ ɖ ɐ ɪ̯ pː o n
நடைமுறை	n̪ ɐ ɖ ɐ ɪ̯ m ʊ r ɐ ɪ̯
நடைமேடை	n̪ ɐ ɖ ɐ ɪ̯ m eː ɖ ɐ ɪ̯
நடைமேடைகள்	n̪ ɐ ɖ ɐ ɪ̯ m eː ɖ ɐ ɪ̯ ɡ ɐ ɭ
நடைவண்டி	n̪ ɐ ɖ ɐ ɪ̯ ʋ ɐ ɳ ɖ ɪ
நட்சத்திரமண்டலம்	n̪ ɐ ʈ t͡ɕ ɐ t̪ː ɪ ɾ ɐ m ɐ ɳ ɖ ɐ l ɐ m
நட்சத்திரம்	n̪ ɐ ʈ t͡ɕ ɐ t̪ː ɪ ɾ ɐ m
நட்டம்	n̪ ɐ ʈː ɐ m
நட்பு	n̪ ɐ ʈ p ʊ
நண்டு	n̪ ɐ ɳ ɖ ʊ
நண்பகல்	n̪ ɐ ɳ b ɐ ɡ ɐ l
நண்பன்	n̪ ɐ ɳ b ɐ n
நண்பர்	n̪ ɐ ɳ b ɐ ɾ
நண்பி	n̪ ɐ ɳ b ɪ
நதி	n̪ ɐ d̪ ɪ
நதிகேள்வன்	n̪ ɐ d̪ ɪ ɡ eː ɭ ʋ ɐ n
நதிமூலம்	n̪ ɐ d̪ ɪ m uː l ɐ m
நத்தம்	n̪ ɐ t̪ː ɐ m
நத்தார்	n̪ ɐ t̪ː ɑː ɾ
நத்தை	n̪ ɐ t̪ː ɐ ɪ̯
நந்தி	n̪ ɐ n̪ d̪ ɪ
நனவு	n̪ ɐ n ɐ ʋ ʊ
நனிசைவம்	n̪ ɐ n ɪ t͡ɕ ɐ ɪ̯ ʋ ɐ m
நனை	n̪ ɐ n ɐ ɪ̯
நன்	n̪ ɐ n
நன்கடத்தி	n̪ ɐ n k ɐ ɖ ɐ t̪ː i
நன்கு	n̪ ɐ n ɡ ʊ
நன்கொடை	n̪ ɐ n ɡ o ɖ ɐ ɪ̯
நன்செய்	n̪ ɐ n t͡ɕ e j
நன்னாரி	n̪ ɐ nː ɑː ɾ ɪ
நன்னிறம்	n̪ ɐ nː ɪ r ɐ m
நன்னூல்	n̪ ɐ nː uː l
நன்னெறி	n̪ ɐ nː e r ɪ
நன்பு	n̪ ɐ n b ʊ
நன்மை	n̪ ɐ n m ɐ ɪ̯
நன்றாக	n̪ ɐ n r ɑː ɡ ɐ
நன்றி	n̪ ɐ n r ɪ
நன்றிக்கடன்	n̪ ɐ n r ɪ kː ɐ ɖ ɐ n
நன்று	n̪ ɐ n r ʊ
நபம்	n̪ ɐ b ɐ m
நபர்	n̪ ɐ b ɐ ɾ
நப்பின்னை	n̪ ɐ pː ɪ nː ɐ ɪ̯
நமன்	n̪ ɐ m ɐ n
நமஸ்காரம்	n̪ ɐ m ɐ s k ɑː ɾ ɐ m
நமீபியா	n̪ ɐ m iː b ɪ j ɑː
நமூனா	n̪ ɐ m uː n ɑː
நம்	n̪ ɐ m
நம்ப	n̪ ɐ m b ɐ
நம்பகம்	n̪ ɐ m b ɐ ɡ ɐ m
நம்பள்	n̪ ɐ m b ɐ ɭ
நம்பி	n̪ ɐ m b ɪ
நம்பிக்கை	n̪ ɐ m b ɪ kː ɐ ɪ̯
நம்பு	n̪ ɐ m b ʊ
நம்ம	n̪ ɐ mː ɐ
நம்மள்	n̪ ɐ mː ɐ ɭ
நயம்	n̪ ɐ j ɐ m
நய்யாண்டி	n̪ ɐ jː ɑː ɳ ɖ ɪ
நரகம்	n̪ ɐ ɾ ɐ ɡ ɐ m
நரந்தம்	n̪ ɐ ɾ ɐ n̪ d̪ ɐ m
நரன்	n̪ ɐ ɾ ɐ n
நரம்பியல்	n̪ ɐ ɾ ɐ m b ɪ j ɐ l
நரம்பு	n̪ ɐ ɾ ɐ m b ʊ
நரி	n̪ ɐ ɾ ɪ
நருமதை	n̪ ɐ ɾ ʊ m ɐ d̪ ɐ ɪ̯
நரை	n̪ ɐ ɾ ɐ ɪ̯
நறு	n̪ ɐ r ʊ
நறுக்கு	n̪ ɐ r ʊ kː ʊ
நறுநாற்றம்	n̪ ɐ r ʊ n̪ ɑː rː ɐ m
நறுமணம்	n̪ ɐ r ʊ m ɐ ɳ ɐ m
நறுமை	n̪ ɐ r ʊ m ɐ ɪ̯
நறுவல்லி	n̪ ɐ r ʊ ʋ ɐ l l ɪ
நறை	n̪ ɐ r ɐ ɪ̯
நற்கருணை	n̪ ɐ r k ɐ ɾ ʊ ɳ ɐ ɪ̯
நற்செய்தி	n̪ ɐ r t͡ɕ e j d̪ ɪ
நற்றமிழ்	n̪ ɐ rː ɐ m ɪ ɻ
நற்றாய்	n̪ ɐ rː ɑː j
நற்றிணை	n̪ ɐ rː ɪ ɳ ɐ ɪ̯
நலன்	n̪ ɐ l ɐ n
நலம்	n̪ ɐ l ɐ m
நலி	n̪ ɐ l ɪ
நல்	n̪ ɐ l
நல்கு	n̪ ɐ l ɡ ʊ
நல்ல	n̪ ɐ l l ɐ
நல்லது	n̪ ɐ l l ɐ d̪ ʊ
நல்லநாள்	n̪ ɐ l l ɐ n̪ ɑː ɭ
நல்லவர்	n̪ ɐ l l ɐ ʋ ɐ ɾ
நல்லா	n̪ ɐ l l ɑː
நல்லூழ்	n̪ ɐ l l uː ɻ
நல்லெண்ணெய்	n̪ ɐ l l e ɳː e j
நல்லொழுக்கம்	n̪ ɐ l l o ɻ ʊ kː ɐ m
நல்வழி	n̪ ɐ l ʋ ɐ ɻ ɪ
நல்வாக்கு	n̪ ɐ l ʋ ɑː kː ʊ
நளி	n̪ ɐ ɭ ɪ
நளினம்	n̪ ɐ ɭ ɪ n ɐ m
நள்	n̪ ɐ ɭ
நள்ளி	n̪ ɐ ɭː ɪ
நள்ளிரவு	n̪ ɐ ɭː ɪ ɾ ɐ ʋ ʊ
நவம்பர்	n̪ ɐ ʋ ɐ m b ɐ ɾ
நவில்	n̪ ɐ ʋ ɪ l
நவீனம்	n̪ ɐ ʋ iː n ɐ m
நவு	n̪ ɐ ʋ ʊ
நஷ்டம்	n̪ ɐ ʂ ʈ ɐ m
நா	n̪ ɑː
நாகசுரம்	n̪ ɑː ɡ ɐ t͡ɕ ʊ ɾ ɐ m
நாகதம்பிரான்	n̪ ɑː ɡ ɐ d̪ ɐ m b ɪ ɾ ɑː n
நாகப்பட்டினம்	n̪ ɑː ɡ ɐ pː ɐ ʈː ɪ n ɐ m
நாகம்	n̪ ɑː ɡ ɐ m
நாகரிகம்	n̪ ɑː ɡ ɐ ɾ ɪ ɡ ɐ m
நாகவீதி	n̪ ɑː ɡ ɐ ʋ iː d̪ ɪ
நாகாலாந்து	n̪ ɑː ɡ ɑː l ɑː n̪ d̪ ʊ
நாக்கு	n̪ ɑː kː ʊ
நாக்குப்பூச்சி	n̪ ɑː kː ʊ pː uː t͡ɕː ɪ
நாங்க	n̪ ɑː ŋ ɡ ɐ
நாங்கள்	n̪ ɑː ŋ ɡ ɐ ɭ
நாசம்	n̪ ɑː t͡ɕ ɐ m
நாசி	n̪ ɑː t͡ɕ ɪ
நாசுக்கு	n̪ ɑː t͡ɕ ʊ kː ʊ
நாசூக்	n̪ ɑː t͡ɕ uː k
நாசூக்கு	n̪ ɑː t͡ɕ uː kː ʊ
நாச்சிமார்	n̪ ɑː t͡ɕː ɪ m ɑː ɾ
நாச்சியார்	n̪ ɑː t͡ɕː ɪ j ɑː ɾ
நாஞ்சிநாடு	n̪ ɑː ɲ d͡ʑ ɪ n̪ ɑː ɖ ʊ
நாஞ்சில்	n̪ ɑː ɲ d͡ʑ ɪ l
நாடகம்	n̪ ɑː ɖ ɐ ɡ ɐ m
நாடன்	n̪ ɑː ɖ ɐ n
நாடவர்	n̪ ɑː ɖ ɐ ʋ ɐ ɾ
நாடா	n̪ ɑː ɖ ɑː
நாடாளுமன்றம்	n̪ ɑː ɖ ɑː ɭ ʊ m ɐ n r ɐ m
நாடி	n̪ ɑː ɖ ɪ
நாடு	n̪ ɑː ɖ ʊ
நாடுகடத்து	n̪ ɑː ɖ ʊ ɡ ɐ ɖ ɐ t̪ː ʊ
நாடுகள்	n̪ ɑː ɖ ʊ ɡ ɐ ɭ
நாடோடி	n̪ ɑː ɖ oː ɖ ɪ
நாட்களுக்கு	n̪ ɑː ʈ k ɐ ɭ ʊ kː ʊ
நாட்கள்	n̪ ɑː ʈ k ɐ ɭ
நாட்காட்டி	n̪ ɑː ʈ k ɑː ʈː ɪ
நாட்டம்	n̪ ɑː ʈː ɐ m
நாட்டாண்மை	n̪ ɑː ʈː ɑː ɳ m ɐ ɪ̯
நாட்டான்	n̪ ɑː ʈː ɑː n
நாட்டாமை	n̪ ɑː ʈː ɑː m ɐ ɪ̯
நாட்டார்	n̪ ɑː ʈː ɑː ɾ
நாட்டியம்	n̪ ɑː ʈː ɪ j ɐ m
நாட்டிற்கு	n̪ ɑː ʈː ɪ r k ʊ
நாட்டில்	n̪ ɑː ʈː ɪ l
நாட்டு	n̪ ɑː ʈː ʊ
நாட்டுப்பண்	n̪ ɑː ʈː ʊ pː ɐ ɳ
நாட்டுமஞ்சட்சீனக்கிழங்கு	n̪ ɑː ʈː ʊ m ɐ ɲ d͡ʑ ɐ ʈ t͡ɕ iː n ɐ kː ɪ ɻ ɐ ŋ ɡ ʊ
நாணம்	n̪ ɑː ɳ ɐ m
நாணயம்	n̪ ɑː ɳ ɐ j ɐ m
நாணல்	n̪ ɑː ɳ ɐ l
நாண்	n̪ ɑː ɳ
நாதசுவரம்	n̪ ɑː d̪ ɐ t͡ɕ ʊ ʋ ɐ ɾ ɐ m
நாதஸ்வரம்	n̪ ɑː d̪ ɐ s ʋ ɐ ɾ ɐ m
நாத்தி	n̪ ɑː t̪ː ɪ
நாத்திகம்	n̪ ɑː t̪ː ɪ ɡ ɐ m
நானூறு	n̪ ɑː n uː r ʊ
நான்	n̪ ɑː n
நான்காயிரம்	n̪ ɑː n ɡ ɑː j ɪ ɾ ɐ m
நான்கு	n̪ ɑː n ɡ ʊ
நான்முகன்	n̪ ɑː n m ʊ ɡ ɐ n
நான்று	n̪ ɑː n r ʊ
நான்றுகொள்	n̪ ɑː n r ʊ ɡ o ɭ
நாம	n̪ ɑː m ɐ
நாமக்கல்	n̪ ɑː m ɐ kː ɐ l
நாமம்	n̪ ɑː m ɐ m
நாம்	n̪ ɑː m
நாம்ப	n̪ ɑː m b ɐ
நாயகன்	n̪ ɑː j ɐ ɡ ɐ n
நாயகம்	n̪ ɑː j ɐ ɡ ɐ m
நாயனார்	n̪ ɑː j ɐ n ɑː ɾ
நாயம்	n̪ ɑː j ɐ m
நாயுருவி	n̪ ɑː j ʊ ɾ ʊ ʋ ɪ
நாய்	n̪ ɑː j
நாய்க்குட்டி	n̪ ɑː j kː ʊ ʈː ɪ
நாராயணன்	n̪ ɑː ɾ ɑː j ɐ ɳ ɐ n
நாரை	n̪ ɑː ɾ ɐ ɪ̯
நார்	n̪ ɑː ɾ
நார்வீஜியன்	n̪ ɑː ɾ ʋ iː d͡ʑ ɪ j ɐ n
நாறு	n̪ ɑː r ʊ
நாறுகட்டி	n̪ ɑː r ʊ ɡ ɐ ʈː ɪ
நாறுகரந்தை	n̪ ɑː r ʊ ɡ ɐ ɾ ɐ n̪ d̪ ɐ ɪ̯
நாறுநறுவிலி	n̪ ɑː r ʊ n̪ ɐ r ʊ ʋ ɪ l ɪ
நாற்காலி	n̪ ɑː r k ɑː l ɪ
நாற்பது	n̪ ɑː r p ɐ d̪ ʊ
நாற்றம்	n̪ ɑː rː ɐ m
நாற்று	n̪ ɑː rː ʊ
நாற்றுநடவு	n̪ ɑː rː ʊ n̪ ɐ ɖ ɐ ʋ ʊ
நாற்றுப்பாத்தி	n̪ ɑː rː ʊ pː ɑː t̪ː ɪ
நாலாயிரம்	n̪ ɑː l ɑː j ɪ ɾ ɐ m
நாலு	n̪ ɑː l ʊ
நால்	n̪ ɑː l
நால்கு	n̪ ɑː l ɡ ʊ
நாளிதழ்	n̪ ɑː ɭ ɪ d̪ ɐ ɻ
நாளினுநாளும்	n̪ ɑː ɭ ɪ n ʊ n̪ ɑː ɭ ʊ m
நாளில்	n̪ ɑː ɭ ɪ l
நாளுக்கு	n̪ ɑː ɭ ʊ kː ʊ
நாளுக்குநாள்	n̪ ɑː ɭ ʊ kː ʊ n̪ ɑː ɭ
நாளுநாளினும்	n̪ ɑː ɭ ʊ n̪ ɑː ɭ ɪ n ʊ m
நாளும்	n̪ ɑː ɭ ʊ m
நாளெல்லை	n̪ ɑː ɭ e l l ɐ ɪ̯
நாளேடு	n̪ ɑː ɭ eː ɖ ʊ
நாளை	n̪ ɑː ɭ ɐ ɪ̯
நாளைக்கழித்து	n̪ ɑː ɭ ɐ ɪ̯ kː ɐ ɻ ɪ t̪ː ʊ
நாளைக்கு	n̪ ɑː ɭ ɐ ɪ̯ kː ʊ
நாளைநின்று	n̪ ɑː ɭ ɐ ɪ̯ n̪ ɪ n r ʊ
நாளைமற்றைநாள்	n̪ ɑː ɭ ɐ ɪ̯ m ɐ rː ɐ ɪ̯ n̪ ɑː ɭ
நாளைய	n̪ ɑː ɭ ɐ ɪ̯ j ɐ
நாளையினன்று	n̪ ɑː ɭ ɐ ɪ̯ j ɪ n ɐ n r ʊ
நாளோட்டு	n̪ ɑː ɭ oː ʈː ʊ
நாளோதி	n̪ ɑː ɭ oː d̪ ɪ
நாளோலக்கம்	n̪ ɑː ɭ oː l ɐ kː ɐ m
நாள்	n̪ ɑː ɭ
நாள்காட்டி	n̪ ɑː ɭ ɡ ɑː ʈː ɪ
நாள்மீன்	n̪ ɑː ɭ m iː n
நாழி	n̪ ɑː ɻ ɪ
நாழிகை	n̪ ɑː ɻ ɪ ɡ ɐ ɪ̯
நாவல்	n̪ ɑː ʋ ɐ l
நாவாய்	n̪ ɑː ʋ ɑː j
நாவிதன்	n̪ ɑː ʋ ɪ d̪ ɐ n
நாவு	n̪ ɑː ʋ ʊ
நாஷ்தா	n̪ ɑː ʂ t̪ ɑː
நாஸ்தா	n̪ ɑː s t̪ ɑː ʋ
நாஸ்தி	n̪ ɑː s t̪ ɪ
நாஸ்திகம்	n̪ ɑː s t̪ ɪ ɡ ɐ m
நிகண்டு	n̪ ɪ ɡ ɐ ɳ ɖ ʊ
நிகர்	n̪ ɪ ɡ ɐ ɾ
நிகர்ப்பு	n̪ ɪ ɡ ɐ ɾ pː ʊ
நிகர்ப்புதம்	n̪ ɪ ɡ ɐ ɾ pː ʊ d̪ ɐ m
நிகழ்	n̪ ɪ ɡ ɐ ɻ
நிகழ்காலம்	n̪ ɪ ɡ ɐ ɻ ɡ ɑː l ɐ m
நிகழ்ச்சி	n̪ ɪ ɡ ɐ ɻ t͡ɕː ɪ
நிகழ்த்து	n̪ ɪ ɡ ɐ ɻ t̪ː ʊ
நிகழ்வு	n̪ ɪ ɡ ɐ ɻ ʋ ʊ
நிக்கராகுவா	n̪ ɪ kː ɐ ɾ ɑː ɡ ʊ ʋ ɑː
நிசப்தம்	n̪ ɪ t͡ɕ ɐ p t̪ ɐ m
நிசம்	n̪ ɪ t͡ɕ ɐ m
நிச்சயம்	n̪ ɪ t͡ɕː ɐ j ɐ m
நிச்சயி	n̪ ɪ t͡ɕː ɐ j ɪ
நிஜம்	n ɪ d ʒ ə m
நிஜம்	n ɛ d ʒ ə m
நிஜம்	n ɛ s ə m
நிடூதனன்	n̪ ɪ ɖ uː d̪ ɐ n ɐ n
நிதர்சனம்	n̪ ɪ d̪ ɐ ɾ t͡ɕ ɐ n ɐ m
நிதானம்	n̪ ɪ d̪ ɑː n ɐ m
நிதி	n̪ ɪ d̪ ɪ
நிதியமைச்சர்	n̪ ɪ d̪ ɪ j ɐ m ɐ ɪ̯ t͡ɕː ɐ ɾ
நித்தியம்	n̪ ɪ t̪ː ɪ j ɐ m
நித்திரை	n̪ ɪ t̪ː ɪ ɾ ɐ ɪ̯
நித்திலம்	n̪ ɪ t̪ː ɪ l ɐ m
நிந்தனை	n̪ ɪ n̪ d̪ ɐ n ɐ ɪ̯
நினை	n̪ ɪ n ɐ ɪ̯
நினை	n̪ ɛ n ɐ
நினை	n̪ ɐ n ɐ
நினைப்பு	n̪ ɪ n ɐ ɪ̯ pː ʊ
நினைவகம்	n̪ ɪ n ɐ ɪ̯ ʋ ɐ ɡ ɐ m
நினைவு	n̪ ɪ n ɐ ɪ̯ ʋ ʊ
நினைவுபடுத்து	n̪ ɪ n ɐ ɪ̯ ʋ ʊ b ɐ ɖ ʊ t̪ː ʊ
நினைவூட்டு	n̪ ɪ n ɐ ɪ̯ ʋ uː ʈː ʊ
நின்	n̪ ɪ n
நின்று	n̪ ɪ n r ʊ
நின்றுபோ	n̪ ɪ n r ʊ p oː
நிபந்தனை	n̪ ɪ b ɐ n̪ d̪ ɐ n ɐ ɪ̯
நிபானம்	n̪ ɪ b ɑː n ɐ m
நிபுணர்	n̪ ɪ b ʊ ɳ ɐ ɾ
நிப்பாட்டு	n̪ ɪ pː ɑː ʈː ʊ
நிமிடம்	n̪ ɪ m ɪ ɖ ɐ m
நிமித்தம்	n̪ ɪ m ɪ t̪ː ɐ m
நிமிரு	n̪ ɪ m ɪ ɾ ʊ
நிமிர்	n̪ ɪ m ɪ ɾ
நிமிர்த்த	n̪ ɪ m ɪ ɾ t̪ː ɐ
நிமிர்த்து	n̪ ɪ m ɪ ɾ t̪ː ʊ
நிமிர்ந்து	n̪ ɪ m ɪ ɾ n̪ d̪ ʊ
நிமிஷம்	n̪ ɪ m ɪ ʂ ɐ m
நிம்மதி	n̪ ɪ mː ɐ d̪ ɪ
நியாசம்	n̪ ɪ j ɑː t͡ɕ ɐ m
நியாயம்	n̪ ɪ j ɑː j ɐ m
நியுதம்	n̪ ɪ j ʊ d̪ ɐ m
நியூசிலாந்து	n̪ ɪ j uː t͡ɕ ɪ l ɑː n̪ d̪ ʊ
நியூனம்	n̪ ɪ j uː n ɐ m
நிரந்தர	n̪ ɪ ɾ ɐ n̪ d̪ ɐ ɾ ɐ
நிரந்தரம்	n̪ ɪ ɾ ɐ n̪ d̪ ɐ ɾ ɐ m
நிரப்பு	n̪ ɪ ɾ ɐ pː ʊ
நிரம்ப	n̪ ɪ ɾ ɐ m b ɐ
நிரம்பு	n̪ ɪ ɾ ɐ m b ʊ
நிரல்	n̪ ɪ ɾ ɐ l
நிருபம்	n̪ ɪ ɾ ʊ b ɐ m
நிரூபணம்	n̪ ɪ ɾ uː b ɐ ɳ ɐ m
நிரூபி	n̪ ɪ ɾ uː b ɪ
நிரை	n̪ ɪ ɾ ɐ ɪ̯
நிரோதம்	n̪ ɪ ɾ oː d̪ ɐ m
நிர்ணயம்	n̪ ɪ ɾ ɳ ɐ j ɐ m
நிர்வாகம்	n̪ ɪ ɾ ʋ ɑː ɡ ɐ m
நிர்வாகி	n̪ ɪ ɾ ʋ ɑː ɡ ɪ
நிற	n̪ ɪ r ɐ
நிறமாலையியல்	n̪ ɪ r ɐ m ɑː l ɐ ɪ̯ j ɪ j ɐ l
நிறம்	n̪ ɪ r ɐ m
நிறவெறி	n̪ ɪ r ɐ ʋ e r ɪ
நிறுத்தக்குறி	n̪ ɪ r ʊ t̪ː ɐ kː ʊ r ɪ
நிறுத்தம்	n̪ ɪ r ʊ t̪ː ɐ m
நிறுத்து	n̪ ɪ r ʊ t̪ː ʊ
நிறுப்பான்	n̪ ɪ r ʊ pː ɑː n
நிறுவனம்	n̪ ɪ r ʊ ʋ ɐ n ɐ m
நிறுவு	n̪ ɪ r ʊ ʋ ʊ
நிறை	n̪ ɪ r ɐ ɪ̯
நிறைய	n̪ ɪ r ɐ ɪ̯ j ɐ
நிறைவு	n̪ ɪ r ɐ ɪ̯ ʋ ʊ
நிறைவேறு	n̪ ɪ r ɐ ɪ̯ ʋ eː r ʊ
நிறைவேற்று	n̪ ɪ r ɐ ɪ̯ ʋ eː rː ʊ
நிற்பாட்டு	n̪ ɪ r p ɑː ʈː ʊ
நிலக்கடலை	n̪ ɪ l ɐ kː ɐ ɖ ɐ l ɐ ɪ̯
நிலங்கு	n̪ ɪ l ɐ ŋ ɡ ʊ
நிலச்சரிவு	n̪ ɪ l ɐ t͡ɕː ɐ ɾ ɪ ʋ ʊ
நிலநடுக்கம்	n̪ ɪ l ɐ n̪ ɐ ɖ ʊ kː ɐ m
நிலநடுக்கவியல்	n̪ ɪ l ɐ n̪ ɐ ɖ ʊ kː ɐ ʋ ɪ j ɐ l
நிலநடுக்கோடு	n̪ ɪ l ɐ n̪ ɐ ɖ ʊ kː oː ɖ ʊ
நிலப்படவரைவியல்	n̪ ɪ l ɐ pː ɐ ɖ ɐ ʋ ɐ ɾ ɐ ɪ̯ ʋ ɪ j ɐ l
நிலப்பனை	n̪ ɪ l ɐ pː ɐ n ɐ ɪ̯
நிலம்	n̪ ɪ l ɐ m
நிலவரி	n̪ ɪ l ɐ ʋ ɐ ɾ ɪ
நிலவியல்	n̪ ɪ l ɐ ʋ ɪ j ɐ l
நிலவு	n̪ ɪ l ɐ ʋ ʊ
நிலவேம்பு	n̪ ɪ l ɐ ʋ eː m b ʊ
நிலவொளி	n̪ ɪ l ɐ ʋ o ɭ ɪ
நிலா	n̪ ɪ l ɑː
நிலாவெளிச்சம்	n̪ ɪ l ɑː ʋ e ɭ ɪ t͡ɕː ɐ m
நிலை	n̪ ɪ l ɐ ɪ̯
நிலைகுலை	n̪ ɪ l ɐ ɪ̯ ɡ ʊ l ɐ ɪ̯
நிலைபெறு	n̪ ɪ l ɐ ɪ̯ b e r ʊ
நிலைப்பாடு	n̪ ɪ l ɐ ɪ̯ pː ɑː ɖ ʊ
நிலைப்பு	n̪ ɪ l ɐ ɪ̯ pː ʊ
நிலைமை	n̪ ɪ l ɐ ɪ̯ m ɐ ɪ̯
நிலையம்	n̪ ɪ l ɐ ɪ̯ j ɐ m
நில்	n̪ ɪ l
நிழல்	n̪ ɪ ɻ ɐ l
நிவசதி	n̪ ɪ ʋ ɐ t͡ɕ ɐ d̪ ɪ
நிவப்பு	n̪ ɪ ʋ ɐ pː ʊ
நிவாசம்	n̪ ɪ ʋ ɑː t͡ɕ ɐ m
நிஷானி	n̪ ɪ ʂ ɑː n ɪ
நிஷ்டை	n̪ ɪ ʂ ʈ ɐ ɪ̯
நீ	n̪ iː
நீக்கம்	n̪ iː kː ɐ m
நீக்கல்	n̪ iː kː ɐ l
நீக்கு	n̪ iː kː ʊ
நீங்க	n̪ iː ŋ ɡ ɐ
நீங்கள்	n̪ iː ŋ ɡ ɐ ɭ
நீங்கு	n̪ iː ŋ ɡ ʊ
நீச்சு	n̪ iː t͡ɕː ʊ
நீடி	n̪ iː ɖ ɪ
நீடு	n̪ iː ɖ ʊ
நீட்டாணம்	n̪ iː ʈː ɑː ɳ ɐ m
நீட்டி	n̪ iː ʈː ɪ
நீட்டிநட	n̪ iː ʈː ɪ n̪ ɐ ɖ ɐ
நீட்டு	n̪ iː ʈː ʊ
நீட்பம்	n̪ iː ʈ p ɐ m
நீண்ட	n̪ iː ɳ ɖ ɐ
நீண்டாயம்	n̪ iː ɳ ɖ ɑː j ɐ m
நீண்மை	n̪ iː ɳ m ɐ ɪ̯
நீதி	n̪ iː d̪ ɪ
நீதிபதி	n̪ iː d̪ ɪ b ɐ d̪ ɪ
நீதிமன்றம்	n̪ iː d̪ ɪ m ɐ n r ɐ m
நீதிமான்	n̪ iː d̪ ɪ m ɑː n
நீதிமொழிகள்	n̪ iː d̪ ɪ m o ɻ ɪ ɡ ɐ ɭ
நீத்தம்	n̪ iː t̪ː ɐ m
நீத்து	n̪ iː t̪ː ʊ
நீந்து	n̪ iː n̪ d̪ ʊ
நீனு	n̪ iː n ʊ
நீம்	n̪ iː m
நீரகம்	n̪ iː ɾ ɐ ɡ ɐ m
நீராகாரம்	n̪ iː ɾ ɑː ɡ ɑː ɾ ɐ m
நீராடு	n̪ iː ɾ ɑː ɖ ʊ
நீராவி	n̪ iː ɾ ɑː ʋ ɪ
நீரியம்	n̪ iː ɾ ɪ j ɐ m
நீரியல்	n̪ iː ɾ ɪ j ɐ l
நீரிழிவு	n̪ iː ɾ ɪ ɻ ɪ ʋ ʊ
நீரூற்று	n̪ iː ɾ uː rː ʊ
நீரொழுக்கு	n̪ iː ɾ o ɻ ʊ kː ʊ
நீர்	n̪ iː ɾ
நீர்கொழும்பு	n̪ iː ɾ ɡ o ɻ ʊ m b ʊ
நீர்க்காகம்	n̪ iː ɾ kː ɑː ɡ ɐ m
நீர்க்காக்கை	n̪ iː ɾ kː ɑː kː ɐ ɪ̯
நீர்க்கால்	n̪ iː ɾ kː ɑː l
நீர்க்கோழி	n̪ iː ɾ kː oː ɻ ɪ
நீர்நாய்	n̪ iː ɾ n̪ ɑː j
நீர்நிலை	n̪ iː ɾ n̪ ɪ l ɐ ɪ̯
நீர்ப்புன்கு	n̪ iː ɾ pː ʊ n ɡ ʊ
நீர்மங்கை	n̪ iː ɾ m ɐ ŋ ɡ ɐ ɪ̯
நீர்மம்	n̪ iː ɾ m ɐ m
நீர்மருது	n̪ iː ɾ m ɐ ɾ ʊ d̪ ʊ
நீர்வளம்	n̪ iː ɾ ʋ ɐ ɭ ɐ m
நீர்வாழை	n̪ iː ɾ ʋ ɑː ɻ ɐ ɪ̯
நீர்வீழ்ச்சி	n̪ iː ɾ ʋ iː ɻ t͡ɕː ɪ
நீல	n̪ iː l ɐ
நீலகண்டன்	n̪ iː l ɐ ɡ ɐ ɳ ɖ ɐ n
நீலகிரி	n̪ iː l ɐ ɡ ɪ ɾ ɪ
நீலக்கல்	n̪ iː l ɐ kː ɐ l
நீலம்	n̪ iː l ɐ m
நீலிக்கண்ணீர்	n̪ iː l ɪ kː ɐ ɳː iː ɾ
நீலிரும்பு	n̪ iː l ɪ ɾ ʊ m b ʊ
நீளமான	n̪ iː ɭ ɐ m ɑː n ɐ
நீளம்	n̪ iː ɭ ɐ m
நீளிப்பு	n̪ iː ɭ ɪ pː ʊ
நீளு	n̪ iː ɭ ʊ
நீள்	n̪ iː ɭ
நீவிர்	n̪ iː ʋ ɪ ɾ
நீவு	n̪ iː ʋ ʊ
நுகம்	n̪ ʊ ɡ ɐ m
நுகர்	n̪ ʊ ɡ ɐ ɾ
நுகர்ச்சி	n̪ ʊ ɡ ɐ ɾ t͡ɕː ɪ
நுகர்வோர்	n̪ ʊ ɡ ɐ ɾ ʋ oː ɾ
நுகைவு	n̪ ʊ ɡ ɐ ɪ̯ ʋ ʊ
நுங்கு	n̪ ʊ ŋ ɡ ʊ
நுடக்கு	n̪ ʊ ɖ ɐ kː ʊ
நுட்பம்	n̪ ʊ ʈ p ɐ m
நுணுக்கு	n̪ ʊ ɳ ʊ kː ʊ
நுணுக்குக்காட்டி	n̪ ʊ ɳ ʊ kː ʊ kː ɑː ʈː ɪ
நுண்	n̪ ʊ ɳ
நுண்ணறிவு	n̪ ʊ ɳː ɐ r ɪ ʋ ʊ
நுண்ணுயிர்	n̪ ʊ ɳː ʊ j ɪ ɾ
நுண்ணோக்கி	n̪ ʊ ɳː oː kː ɪ
நுண்நோக்கி	n̪ ʊ ɳ n̪ oː kː ɪ
நுண்மை	n̪ ʊ ɳ m ɐ ɪ̯
நுதல்	n̪ ʊ d̪ ɐ l
நுனி	n̪ ʊ n ɪ
நுனை	n̪ ʊ n ɐ ɪ̯
நுன்	n̪ ʊ n
நுரை	n̪ ʊ ɾ ɐ ɪ̯
நுரை	n̪ ʊ ɾ ɐ ɪ̯
நுரையீரல்	n̪ ʊ ɾ ɐ ɪ̯ j iː ɾ ɐ l
நுளம்பு	n̪ ʊ ɭ ɐ m b ʊ
நுழை	n̪ ʊ ɻ ɐ ɪ̯
நுழைவாசல்	n̪ ʊ ɻ ɐ ɪ̯ ʋ ɑː t͡ɕ ɐ l
நுழைவு	n̪ ʊ ɻ ɐ ɪ̯ ʋ ʊ
நுழைவுத்தேர்வு	n̪ ʊ ɻ ɐ ɪ̯ ʋ ʊ t̪ː eː ɾ ʋ ʊ
நூ	n̪ uː
நூதனசாலை	n̪ uː d̪ ɐ n ɐ t͡ɕ ɑː l ɐ ɪ̯
நூனம்	n̪ uː n ɐ m
நூறாயிசு	n̪ uː r ɑː j ɪ t͡ɕ ʊ
நூறாயிரம்	n̪ uː r ɑː j ɪ ɾ ɐ m
நூறு	n̪ uː r ʊ
நூறுகோடி	n̪ uː r ʊ ɡ oː ɖ ɪ
நூற்றாண்டு	n̪ uː rː ɑː ɳ ɖ ʊ
நூற்று	n̪ uː rː ʊ
நூற்றுக்கு	n̪ uː rː ʊ kː ʊ
நூலகம்	n̪ uː l ɐ ɡ ɐ m
நூலகவியல்	n̪ uː l ɐ ɡ ɐ ʋ ɪ j ɐ l
நூலறிவு	n̪ uː l ɐ r ɪ ʋ ʊ
நூலாசிரியர்	n̪ uː l ɑː t͡ɕ ɪ ɾ ɪ j ɐ ɾ
நூலாம்படை	n̪ uː l ɑː m b ɐ ɖ ɐ ɪ̯
நூலிழை	n̪ uː l ɪ ɻ ɐ ɪ̯
நூலிழையில்	n̪ uː l ɪ ɻ ɐ ɪ̯ j ɪ l
நூலை	n̪ uː l ɐ ɪ̯
நூல்	n̪ uː l
நெகிழி	n̪ e ɡ ɪ ɻ ɪ
நெகிழிக்குப்பை	n̪ e ɡ ɪ ɻ ɪ kː ʊ pː ɐ ɪ̯
நெகிழ்ச்சி	n̪ e ɡ ɪ ɻ t͡ɕː ɪ
நெகேமியா	n̪ e ɡ eː m ɪ j ɑː
நெசவாளர்	n̪ e t͡ɕ ɐ ʋ ɑː ɭ ɐ ɾ
நெசவு	n̪ e t͡ɕ ɐ ʋ ʊ
நெஞ்சம்	n̪ e ɲ d͡ʑ ɐ m
நெஞ்சாங்குலை	n̪ e ɲ d͡ʑ ɑː ŋ ɡ ʊ l ɐ ɪ̯
நெஞ்சு	n̪ e ɲ d͡ʑ ʊ
நெடில்	n̪ e ɖ ɪ l
நெடு	n̪ e ɖ ʊ
நெடுக	n̪ e ɖ ʊ ɡ ɐ
நெடுகலும்	n̪ e ɖ ʊ ɡ ɐ l ʊ m
நெடுங்கணக்கு	n̪ e ɖ ʊ ŋ ɡ ɐ ɳ ɐ kː ʊ
நெடுங்கேணி	n̪ e ɖ ʊ ŋ ɡ eː ɳ ɪ
நெடுஞ்சாலை	n̪ e ɖ ʊ ɲ d͡ʑ ɑː l ɐ ɪ̯
நெடுநல்வாடை	n̪ e ɖ ʊ n̪ ɐ l ʋ ɑː ɖ ɐ ɪ̯
நெடுநாரை	n̪ e ɖ ʊ n̪ ɑː ɾ ɐ ɪ̯
நெடும்	n̪ e ɖ ʊ m
நெட்டெழுத்து	n̪ e ʈː e ɻ ʊ t̪ː ʊ
நெட்டை	n̪ e ʈː ɐ ɪ̯
நெட்டைக்காலி	n̪ e ʈː ɐ ɪ̯ kː ɑː l ɪ
நெட்டைநாரத்தை	n̪ e ʈː ɐ ɪ̯ n̪ ɑː ɾ ɐ t̪ː ɐ ɪ̯
நெதர்லாந்து	n̪ e d̪ ɐ ɾ l ɑː n̪ d̪ ʊ
நெத்திலி	n̪ e t̪ː ɪ l ɪ
நென்மா	n̪ e n m ɑː
நெப்டியூன்	n̪ e p ʈ ɪ j uː n
நெம்புகோல்	n̪ e m b ʊ ɡ oː l
நெய்	n̪ e j
நெய்த்தோர்	n̪ e j t̪ː oː ɾ
நெய்த்தோலி	n̪ e j t̪ː oː l ɪ
நெய்ப்பு	n̪ e j pː ʊ
நெய்யாடல்	n̪ e jː ɑː ɖ ɐ l
நெரி	n̪ e ɾ ɪ
நெரிசல்	n̪ e ɾ ɪ t͡ɕ ɐ l
நெருக்கம்	n̪ e ɾ ʊ kː ɐ m
நெருக்கு	n̪ e ɾ ʊ kː ʊ
நெருங்கு	n̪ e ɾ ʊ ŋ ɡ ʊ
நெருப்பு	n̪ e ɾ ʊ pː ʊ
நெருப்புக்கோழி	n̪ e ɾ ʊ pː ʊ kː oː ɻ ɪ
நெருப்புப்பொறி	n̪ e ɾ ʊ pː ʊ pː o r ɪ
நெறி	n̪ e r ɪ
நெறிமுறை	n̪ e r ɪ m ʊ r ɐ ɪ̯
நெறிமுறைமை	n̪ e r ɪ m ʊ r ɐ ɪ̯ m ɐ ɪ̯
நெறிமை	n̪ e r ɪ m ɐ ɪ̯
நெற்றி	n̪ e rː ɪ
நெற்றிச்சுட்டி	n̪ e rː ɪ t͡ɕː ʊ ʈː ɪ
நெல்லி	n̪ e l l ɪ
நெல்லிக்காய்	n̪ e l l ɪ kː ɑː j
நெளி	n̪ e ɭ ɪ
நெளை	n̪ e ɭ ɐ ɪ̯
நெவுலு	n̪ e ʋ ʊ l ʊ
நேக்கு	n̪ eː kː ʊ
நேசம்	n̪ eː t͡ɕ ɐ m
நேசி	n̪ eː t͡ɕ ɪ
நேத்து	n̪ eː t̪ː ʊ
நேபாளம்	n̪ eː b ɑː ɭ ɐ m
நேயம்	n̪ eː j ɐ m
நேயர்	n̪ eː j ɐ ɾ
நேர	n̪ eː ɾ ɐ
நேரப்பட	n̪ eː ɾ ɐ pː ɐ ɖ ɐ
நேரம்	n̪ eː ɾ ɐ m
நேரில்	n̪ eː ɾ ɪ l
நேரே	n̪ eː ɾ eː
நேர்ச்சி	n̪ eː ɾ t͡ɕː ɪ
நேர்த்தி	n̪ eː ɾ t̪ː ɪ
நேர்பாடு	n̪ eː ɾ b ɑː ɖ ʊ
நேர்முகத்தேர்வு	n̪ eː ɾ m ʊ ɡ ɐ t̪ː eː ɾ ʋ ʊ
நேர்மை	n̪ eː ɾ m ɐ ɪ̯
நேர்ல	n̪ eː ɾ l ɐ
நேர்விடை	n̪ eː ɾ ʋ ɪ ɖ ɐ ɪ̯
நேர்வு	n̪ eː ɾ ʋ ʊ
நேற்று	n̪ eː rː ʊ
நேற்று	n̪ eː ʈː ʊ
நேற்றுமுந்தாநாள்	n̪ eː rː ʊ m ʊ n̪ d̪ ɑː n̪ ɑː ɭ
நேற்றைக்கு	n̪ eː rː ɐ ɪ̯ kː ʊ
நேற்றையதினம்	n̪ eː rː ɐ ɪ̯ j ɐ d̪ ɪ n ɐ m
நைட்ரஜன்	n̪ ɐ ɪ̯ ʈ ɾ ɐ d͡ʑ ɐ n
நைனா	n̪ ɐ ɪ̯ n ɑː
நையாண்டி	n̪ ɐ ɪ̯ j ɑː ɳ ɖ ɪ
நைல்	n̪ ɐ ɪ̯ l
நொடி	n̪ o ɖ ɪ
நொடிப்பு	n̪ o ɖ ɪ pː ʊ
நொண்டி	n̪ o ɳ ɖ ɪ
நொண்டு	n̪ o ɳ ɖ ʊ
நொந்து	n̪ o n̪ d̪ ʊ
நொய்ம்மை	n̪ o j mː ɐ ɪ̯
நொருக்கு	n̪ o ɾ ʊ kː ʊ
நொருங்கு	n̪ o ɾ ʊ ŋ ɡ ʊ
நொறுக்கு	n̪ o r ʊ kː ʊ
நொறுக்குத்தீனி	n̪ o r ʊ kː ʊ t̪ː iː n ɪ
நொறுங்கு	n̪ o r ʊ ŋ ɡ ʊ
நொவெம்பர்	n̪ o ʋ e m b ɐ ɾ
நோ	n̪ oː
நோக்கம்	n̪ oː kː ɐ m
நோக்காடு	n̪ oː kː ɑː ɖ ʊ
நோக்கி	n̪ oː kː ɪ
நோக்கு	n̪ oː kː ʊ
நோஞ்சான்	n̪ oː ɲ d͡ʑ ɑː n
நோட்டம்	n̪ oː ʈː ɐ m
நோண்டு	n̪ oː ɳ ɖ ʊ
நோன்பு	n̪ oː n b ʊ
நோம்பி	n̪ oː m b ɪ
நோயாளி	n̪ oː j ɑː ɭ ɪ
நோயியல்	n̪ oː j ɪ j ɐ l
நோய்	n̪ oː j
நோவு	n̪ oː ʋ ʊ
நௌ	n̪ ɐ ʊ̯
நௌகா	n̪ ɐ ʊ̯ ɡ ɑː
ந்	i n̪ d̪
ந்	i n̪ d̪ ɯ
ந்	n̪
ன	n ɐ
ன்	n
ப	p ɐ
பஃறி	p ɐ ɦ r i
பஃறுளி	p ɐ r ʊ ɭ ɪ
பகடி	p ɐ ɡ ɐ ɖ ɪ
பகடை	p ɐ ɡ ɐ ɖ ɐ ɪ̯
பகடையாட்டம்	p ɐ ɡ ɐ ɖ ɐ ɪ̯ j ɑː ʈː ɐ m
பகதத்தன்	p ɐ ɡ ɐ d̪ ɐ t̪ː ɐ n
பகன்	p ɐ ɡ ɐ n
பகரம்	p ɐ ɡ ɐ ɾ ɐ m
பகர்	p ɐ ɡ ɐ ɾ
பகர்ச்சி	p ɐ ɡ ɐ ɾ t͡ɕː ɪ
பகர்த்து	p ɐ ɡ ɐ ɾ t̪ː ʊ
பகற்கனவு	p ɐ ɡ ɐ r k ɐ n ɐ ʋ ʊ
பகற்கனா	p ɐ ɡ ɐ r k ɐ n ɑː
பகற்கொள்ளை	p ɐ ɡ ɐ r k o ɭː ɐ ɪ̯
பகலவன்	p ɐ ɡ ɐ l ɐ ʋ ɐ n
பகல்	p ɐ ɡ ɐ l
பகவான்	b ɐ ɡ ɐ ʋ ɑː n
பகவான்	p ɐ ɡ ɐ ʋ ɑː n
பகாங்	p ɐ ɡ ɑː ŋ
பகாமாசு	b ɐ ɡ ɑː m ɑː t͡ɕ ʊ
பகாமாசு	p ɐ ɡ ɑː m ɑː t͡ɕ ʊ
பகாமாஸ்	b ɐ ɡ ɑː m ɑː s
பகாமாஸ்	p ɐ ɡ ɑː m ɑː s
பகினி	p ɐ ɡ ɪ n ɪ
பகிர்	p ɐ ɡ ɪ ɾ
பகிலு	b ɐ ɡ ɪ l ʊ
பகு	p ɐ ɡ ʊ
பகுதி	p ɐ ɡ ʊ d̪ ɪ
பகுத்தறிவு	p ɐ ɡ ʊ t̪ː ɐ r ɪ ʋ ʊ
பகுத்தல்	p ɐ ɡ ʊ t̪ː ɐ l
பகுப்பாய்வு	p ɐ ɡ ʊ pː ɑː j ʋ ʊ
பகுரைன்	b ɐ ɡ ʊ ɾ ɐ ɪ̯ n
பகை	p ɐ ɡ ɐ ɪ̯
பகைவன்	p ɐ ɡ ɐ ɪ̯ ʋ ɐ n
பக்கத்தில்	p ɐ kː ɐ t̪ː ɪ l
பக்கம்	p ɐ kː ɐ m
பக்கா	p ɐ kː ɑː
பக்குவம்	p ɐ kː ʊ ʋ ɐ m
பக்குவாசயம்	p ɐ kː ʊ ʋ ɑː t͡ɕ ɐ j ɐ m
பக்தன்	b ɐ k t̪ ɐ n
பக்தி	b ɐ k t̪ ɪ
பக்ரித்	b ɐ k ɾ ɪ t̪
பக்ஷி	p ɐ k ʂ ɪ
பங்கம்	p ɐ ŋ ɡ ɐ m
பங்களா	b ɐ ŋ ɡ ɐ ɭ ɑː
பங்களி	p ɐ ŋ ɡ ɐ ɭ ɪ
பங்களிப்பு	p ɐ ŋ ɡ ɐ ɭ ɪ pː ʊ
பங்காளி	p ɐ ŋ ɡ ɑː ɭ ɪ
பங்கு	p ɐ ŋ ɡ ʊ
பங்குனி	p ɐ ŋ ɡ ʊ n ɪ
பங்குரம்	p ɐ ŋ ɡ ʊ ɾ ɐ m
பசனை	p ɐ t͡ɕ ɐ n ɐ ɪ̯
பசலிப்பழம்	p ɐ t͡ɕ ɐ l ɪ pː ɐ ɻ ɐ m
பசளி	p ɐ t͡ɕ ɐ ɭ ɪ
பசி	p ɐ t͡ɕ ɪ
பசியம்	p ɐ t͡ɕ ɪ j ɐ m
பசியாறை	p ɐ t͡ɕ ɪ j ɑː r ɐ ɪ̯
பசு	p ɐ t͡ɕ ʊ
பசுங்கோலா	p ɐ t͡ɕ ʊ ŋ ɡ oː l ɑː
பசுப்பு	p ɐ t͡ɕ ʊ pː ʊ
பசுமுன்னை	p ɐ t͡ɕ ʊ m ʊ nː ɐ ɪ̯
பசுமை	p ɐ t͡ɕ ʊ m ɐ ɪ̯
பசுமைக்குடில்	p ɐ t͡ɕ ʊ m ɐ ɪ̯ kː ʊ ɖ ɪ l
பசை	p ɐ t͡ɕ ɐ ɪ̯
பச்சிலை	p ɐ t͡ɕː ɪ l ɐ ɪ̯
பச்சுளி	p ɐ t͡ɕː ʊ ɭ ɪ
பச்சை	p ɐ t͡ɕː ɐ ɪ̯
பச்சைக்கல்	p ɐ t͡ɕː ɐ ɪ̯ kː ɐ l
பச்சோந்தி	p ɐ t͡ɕː oː n̪ d̪ ɪ
பச்சோந்திகள்	p ɐ t͡ɕː oː n̪ d̪ ɪ ɡ ɐ ɭ
பஜனை	b ɐ d͡ʑ ɐ n ɐ ɪ̯
பஜார்	p ɐ d͡ʑ ɑː ɾ
பஜார்	b ɐ d͡ʑ ɑː ɾ
பஜ்ஜி	b ɐ d͡ʑː ɪ
பஜ்ஜி	p ɐ d͡ʑː ɪ
பஞ்சகம்	p ɐ ɲ d͡ʑ ɐ ɡ ɐ m
பஞ்சநகம்	p ɐ ɲ d͡ʑ ɐ n̪ ɐ ɡ ɐ m
பஞ்சம்	p ɐ ɲ d͡ʑ ɐ m
பஞ்சரம்	p ɐ ɲ d͡ʑ ɐ ɾ ɐ m
பஞ்சாப்	p ɐ ɲ d͡ʑ ɑː p
பஞ்சாயத்து	p ɐ ɲ d͡ʑ ɑː j ɐ t̪ː ʊ
பஞ்சி	p ɐ ɲ d͡ʑ ɪ
பஞ்சு	p ɐ ɲ d͡ʑ ʊ
பஞ்சை	p ɐ ɲ d͡ʑ ɐ ɪ̯
படகு	p ɐ ɖ ɐ ɡ ʊ
படகோட்டி	p ɐ ɖ ɐ ɡ oː ʈː ɪ
படங்கள்	p ɐ ɖ ɐ ŋ ɡ ɐ ɭ
படப்பு	p ɐ ɖ ɐ pː ʊ
படப்பை	p ɐ ɖ ɐ pː ɐ ɪ̯
படமி	p ɐ ɖ ɐ m ɪ
படமிகள்	p ɐ ɖ ɐ m ɪ ɡ ɐ ɭ
படம்	p ɐ ɖ ɐ m
படர்க்கை	p ɐ ɖ ɐ ɾ kː ɐ ɪ̯
படல்	p ɐ ɖ ɐ l
படி	p ɐ ɖ ɪ
படிக்காரம்	p ɐ ɖ ɪ kː ɑː ɾ ɐ m
படிப்பறிவு	p ɐ ɖ ɪ pː ɐ r ɪ ʋ ʊ
படிப்பி	p ɐ ɖ ɪ pː ɪ
படிப்பு	p ɐ ɖ ɪ pː ʊ
படிமம்	p ɐ ɖ ɪ m ɐ m
படிமுறை	p ɐ ɖ ɪ m ʊ r ɐ ɪ̯
படிவம்	p ɐ ɖ ɪ ʋ ɐ m
படு	p ɐ ɖ ʊ
படுகுழி	p a ɖ u k u ɻ i
படுகை	p ɐ ɖ ʊ ɡ ɐ ɪ̯
படுக்கை	p ɐ ɖ ʊ kː ɐ ɪ̯
படுக்கைகள்	p ɐ ɖ ʊ kː ɐ ɪ̯ ɡ ɐ ɭ
படுதா	p ɐ ɖ ʊ d̪ ɑː
படுத்த	p ɐ ɖ ʊ t̪ː ɐ
படுத்தபடுக்கையாக	p ɐ ɖ ʊ t̪ː ɐ b ɐ ɖ ʊ kː ɐ ɪ̯ j ɑː ɡ ɐ
படுத்தலோசை	p ɐ ɖ ʊ t̪ː ɐ l oː t͡ɕ ɐ ɪ̯
படுத்து	p ɐ ɖ ʊ t̪ː ʊ
படை	p ɐ ɖ ɐ ɪ̯
படைக்கு	p ɐ ɖ ɐ ɪ̯ kː ʊ
படைப்பு	p ɐ ɖ ɐ ɪ̯ pː ʊ
படையாளன்	p ɐ ɖ ɐ ɪ̯ j ɑː ɭ ɐ n
படையெடு	p ɐ ɖ ɐ ɪ̯ j e ɖ ʊ
பட்சி	p ɐ ʈ t͡ɕ ɪ
பட்ட	p ɐ ʈː ɐ
பட்டடை	p ɐ ʈː ɐ ɖ ɐ ɪ̯
பட்டணம்	p ɐ ʈː ɐ ɳ ɐ m
பட்டதாரி	p ɐ ʈː ɐ d̪ ɑː ɾ ɪ
பட்டபோது	p a ʈː a p oː d̪ u
பட்டபோது	p ɐ ʈː ɐ p oː d̪ ɯ
பட்டப்பகலில்	p ɐ ʈː ɐ pː ɐ ɡ ɐ l ɪ l
பட்டப்பகல்	p ɐ ʈː ɐ pː ɐ ɡ ɐ l
பட்டம்	p ɐ ʈː ɐ m
பட்டயம்	p ɐ ʈː ɐ j ɐ m
பட்டறை	p ɐ ʈː ɐ r ɐ ɪ̯
பட்டாசு	p ɐ ʈː ɑː t͡ɕ ʊ
பட்டாணி	p ɐ ʈː ɑː ɳ ɪ
பட்டாம்பூச்சி	p ɐ ʈː ɑː m b uː t͡ɕː ɪ
பட்டாம்பூச்சிகள்	p ɐ ʈː ɑː m b uː t͡ɕː ɪ ɡ ɐ ɭ
பட்டாளம்	p ɐ ʈː ɑː ɭ ɐ m
பட்டி	p ɐ ʈː ɪ
பட்டிகை	p ɐ ʈː ɪ ɡ ɐ ɪ̯
பட்டிக்காடு	p ɐ ʈː ɪ kː ɑː ɖ ʊ
பட்டினி	p ɐ ʈː ɪ n ɪ
பட்டிமன்றம்	p ɐ ʈː ɪ m ɐ n r ɐ m
பட்டு	p ɐ ʈː ʊ
பட்டுப்பூச்சி	p ɐ ʈː ʊ pː uː t͡ɕː ɪ
பட்டை	p ɐ ʈː ɐ ɪ̯
பண	p ɐ ɳ ɐ
பணக்காரன்	p ɐ ɳ ɐ kː ɑː ɾ ɐ n
பணப்பை	p ɐ ɳ ɐ pː ɐ ɪ̯
பணம்	p ɐ ɳ ɐ m
பணவன்	p ɐ ɳ ɐ ʋ ɐ n
பணவீக்கம்	p ɐ ɳ ɐ ʋ iː kː ɐ m
பணாகரம்	p ɐ ɳ ɑː ɡ ɐ ɾ ɐ m
பணி	p ɐ ɳ ɪ
பணிகோள்	p ɐ ɳ ɪ ɡ oː ɭ
பணிக்கன்	p ɐ ɳ ɪ kː ɐ n
பணிதி	p ɐ ɳ ɪ d̪ ɪ
பணிபுரி	p ɐ ɳ ɪ b ʊ ɾ ɪ
பணிமுட்டு	p ɐ ɳ ɪ m ʊ ʈː ʊ
பணியாரம்	p ɐ ɳ ɪ j ɑː ɾ ɐ m
பணியாற்று	p ɐ ɳ ɪ j ɑː rː ʊ
பணியிடம்	p ɐ ɳ ɪ j ɪ ɖ ɐ m
பணிவு	p ɐ ɳ ɪ ʋ ʊ
பணையம்	p ɐ ɳ ɐ ɪ̯ j ɐ m
பண்	p ɐ ɳ
பண்டபதார்த்தம்	p ɐ ɳ ɖ ɐ b ɐ d̪ ɑː ɾ t̪ː ɐ m
பண்டம்	p ɐ ɳ ɖ ɐ m
பண்டாரம்	p ɐ ɳ ɖ ɑː ɾ ɐ m
பண்டாரவாய்க்கால்	p ɐ ɳ ɖ ɑː ɾ ɐ ʋ ɑː j kː ɑː l
பண்டிகை	p ɐ ɳ ɖ ɪ ɡ ɐ ɪ̯
பண்டிதன்	p ɐ ɳ ɖ ɪ d̪ ɐ n
பண்டிதம்	p ɐ ɳ ɖ ɪ d̪ ɐ m
பண்ணவன்	p ɐ ɳː ɐ ʋ ɐ n
பண்ணு	p ɐ ɳː ʊ
பண்ணுகிறான்	p ɐ ɳː ʊ ɡ ɪ r ɑː n
பண்ணை	p ɐ ɳː ɐ ɪ̯
பண்பாடு	p ɐ ɳ b ɑː ɖ ʊ
பண்பு	p ɐ ɳ b ʊ
பண்புப்பெயர்	p ɐ ɳ b ʊ pː e j ɐ ɾ
பதக்கம்	p ɐ d̪ ɐ kː ɐ m
பதட்டம்	p ɐ d̪ ɐ ʈː ɐ m
பதனஞ்சு	p ɐ d̪ ɐ n ɐ ɲ d͡ʑ ʊ
பதன்	p ɐ d̪ ɐ n
பதப்படுத்து	p ɐ d̪ ɐ pː ɐ ɖ ʊ t̪ː ʊ
பதம்	p ɐ d̪ ɐ m
பதறு	p ɐ d̪ ɐ r ʊ
பதற்றம்	p ɐ d̪ ɐ rː ɐ m
பதலை	p ɐ d̪ ɐ l ɐ ɪ̯
பதவி	p ɐ d̪ ɐ ʋ ɪ
பதாகை	p ɐ d̪ ɑː ɡ ɐ ɪ̯
பதி	p ɐ d̪ ɪ
பதினஞ்சு	p ɐ d̪ ɪ n ɐ ɲ d͡ʑ ʊ
பதினான்கு	p ɐ d̪ ɪ n ɑː n ɡ ʊ
பதினாயிரம்	p ɐ d̪ ɪ n ɑː j ɪ ɾ ɐ m
பதினாறு	p ɐ d̪ ɪ n ɑː r ʊ
பதினாலு	p ɐ d̪ ɪ n ɑː l ʊ
பதினிரண்டு	p ɐ d̪ ɪ n ɪ ɾ ɐ ɳ ɖ ʊ
பதினெட்டு	p ɐ d̪ ɪ n e ʈː ʊ
பதினெண்	p ɐ d̪ ɪ n e ɳ
பதினேழு	p ɐ d̪ ɪ n eː ɻ ʊ
பதினைந்து	p ɐ d̪ ɪ n ɐ ɪ̯ n̪ d̪ ʊ
பதினொண்ணு	p ɐ d̪ ɪ n o ɳː ʊ
பதினொன்னு	p ɐ d̪ ɪ n o nː ʊ
பதினொன்று	p ɐ d̪ ɪ n o n r ʊ
பதின்	p ɐ d̪ ɪ n
பதின்மூன்று	p ɐ d̪ ɪ n m uː n r ʊ
பதிப்பகம்	p ɐ d̪ ɪ pː ɐ ɡ ɐ m
பதிப்பு	p ɐ d̪ ɪ pː ʊ
பதிப்புரிமை	p ɐ d̪ ɪ pː ʊ ɾ ɪ m ɐ ɪ̯
பதிமுகம்	p ɐ d̪ ɪ m ʊ ɡ ɐ m
பதிமூன்று	p ɐ d̪ ɪ m uː n r ʊ
பதியம்	p ɐ d̪ ɪ j ɐ m
பதில்	p ɐ d̪ ɪ l
பதில்	b ɐ d̪ ɪ l
பதிவகம்	p ɐ d̪ ɪ ʋ ɐ ɡ ɐ m
பதிவிறக்கம்	p ɐ d̪ ɪ ʋ ɪ r ɐ kː ɐ m
பதிவிறக்கு	p ɐ d̪ ɪ ʋ ɪ r ɐ kː ʊ
பதிவு	p ɐ d̪ ɪ ʋ ʊ
பதிவேற்றம்	p ɐ d̪ ɪ ʋ eː rː ɐ m
பதிவேற்று	p ɐ d̪ ɪ ʋ eː rː ʊ
பதுக்கு	p ɐ d̪ ʊ kː ʊ
பதுங்கு	p ɐ d̪ ʊ ŋ ɡ ʊ
பதுமம்	p ɐ d̪ ʊ m ɐ m
பதுமாசனம்	p ɐ d̪ ʊ m ɑː t͡ɕ ɐ n ɐ m
பதுளை	p ɐ d̪ ʊ ɭ ɐ ɪ̯
பத்ததி	p ɐ t̪ː ɐ d̪ ɪ
பத்தனம்திட்டா	p ɐ t̪ː ɐ n ɐ m t̪ ɪ ʈː ɑː
பத்தம்	p ɐ t̪ː ɐ m
பத்தர்	p ɐ t̪ː ɐ ɾ
பத்தா	p ɐ t̪ː ɑː
பத்தாயிரம்	p ɐ t̪ː ɑː j ɪ ɾ ɐ m
பத்தி	p ɐ t̪ː ɪ
பத்தினி	p ɐ t̪ː ɪ n ɪ
பத்திமை	p ɐ t̪ː ɪ m ɐ ɪ̯
பத்தியம்	p ɐ t̪ː ɪ j ɐ m
பத்திரகாளி	p ɐ t̪ː ɪ ɾ ɐ ɡ ɑː ɭ ɪ
பத்திரன்	p ɐ t̪ː ɪ ɾ ɐ n
பத்திரம்	p ɐ t̪ː ɪ ɾ ɐ m
பத்திரம்	b ɐ d̪ d̪ ɪ ɾ ɐ m
பத்திரம்	b ɐ d̪ ɾ ɐ m
பத்திராசனம்	p ɐ t̪ː ɪ ɾ ɑː t͡ɕ ɐ n ɐ m
பத்து	p ɐ t̪ː ʊ
பத்துப்பாட்டு	p ɐ t̪ː ʊ pː ɑː ʈː ʊ
பத்தொன்பது	p ɐ t̪ː o n b ɐ d̪ ʊ
பத்தொம்பது	p ɐ t̪ː o m b ɐ d̪ ʊ
பத்மநாபன்	p ɐ t̪ m ɐ n̪ ɑː b ɐ n
பந்தனம்	p ɐ n̪ d̪ ɐ n ɐ m
பந்தம்	p ɐ n̪ d̪ ɐ m
பந்தர்	p ɐ n̪ d̪ ɐ ɾ
பந்தல்	p ɐ n̪ d̪ ɐ l
பந்தா	b ɐ n̪ d̪ ɑː
பந்தாடு	p ɐ n̪ d̪ ɑː ɖ ʊ
பந்தி	p ɐ n̪ d̪ ɪ
பந்திக்கு	p ɐ n̪ d̪ ɪ kː ʊ
பந்து	p ɐ n̪ d̪ ʊ
பந்துஸ்தான்	b ɐ n̪ d̪ ʊ s t̪ ɑː n
பனங்கொட்டை	p ɐ n ɐ ŋ ɡ o ʈː ɐ ɪ̯
பனாயிப்பு	p ɐ n ɑː j ɪ pː ʊ
பனி	p ɐ n ɪ
பனிக்கட்டி	p ɐ n ɪ kː ɐ ʈː ɪ
பனிக்காற்று	p ɐ n ɪ kː ɑː rː ʊ
பனிக்குடம்	p ɐ n ɪ kː ʊ ɖ ɐ m
பனிக்கூழ்	p ɐ n ɪ kː uː ɻ
பனிச்சறுக்கு	p ɐ n ɪ t͡ɕː ɐ r ʊ kː ʊ
பனித்துளி	p ɐ n ɪ t̪ː ʊ ɭ ɪ
பனிநீர்	p ɐ n ɪ n̪ iː ɾ
பனிப்பொழிவு	p ɐ n ɪ pː o ɻ ɪ ʋ ʊ
பனிமூட்டம்	p ɐ n ɪ m uː ʈː ɐ m
பனியன்	b ɐ n ɪ j ɐ n
பனியன்கள்	p ɐ n ɪ j ɐ n ɡ ɐ ɭ
பனீர்	p ɐ n iː ɾ
பனை	p ɐ n ɐ ɪ̯
பன்	p ɐ n
பன்னாடை	p ɐ nː ɑː ɖ ɐ ɪ̯
பன்னாட்டு	p ɐ nː ɑː ʈː ʊ
பன்னி	p ɐ nː ɪ
பன்னிரண்டு	p ɐ nː ɪ ɾ ɐ ɳ ɖ ʊ
பன்னீர்	p ɐ nː iː ɾ
பன்னீர்க்குடம்	p ɐ nː iː ɾ kː ʊ ɖ ɐ m
பன்னெண்டு	p ɐ nː e ɳ ɖ ʊ
பன்னொன்று	p ɐ nː o n r ʊ
பன்மை	p ɐ n m ɐ ɪ̯
பன்றி	p ɐ n r ɪ
பன்றிக்காய்ச்சல்	p ɐ n r ɪ kː ɑː j t͡ɕː ɐ l
பன்றிக்குட்டி	p ɐ n r ɪ kː ʊ ʈː ɪ
பப்படம்	p ɐ pː ɐ ɖ ɐ m
பப்பாளி	p ɐ pː ɑː ɭ ɪ
பம்பரம்	p a m b a ɾ a m
பம்பரம்	b a m b a ɾ a m
பம்பாய்	b ɐ m b ɑː j
பம்பை	p ɐ m b ɐ ɪ̯
பய	b ɐ j ɐ
பய	p ɐ j ɐ
பயங்கரம்	p ɐ j ɐ ŋ ɡ ɐ ɾ ɐ m
பயணம்	p ɐ j ɐ ɳ ɐ m
பயணி	p ɐ j ɐ ɳ ɪ
பயனர்	p ɐ j ɐ n ɐ ɾ
பயனிலை	p ɐ j ɐ n ɪ l ɐ ɪ̯
பயன்	p ɐ j ɐ n
பயன்படு	p ɐ j ɐ n b ɐ ɖ ʊ
பயன்படுத்து	p ɐ j ɐ n b ɐ ɖ ʊ t̪ː ʊ
பயன்பாடு	p ɐ j ɐ n b ɑː ɖ ʊ
பயப்படு	b ɐ j ɐ pː ɐ ɖ ʊ
பயமுறுத்து	b ɐ j ɐ m ʊ r ʊ t̪ː ʊ
பயம்	p ɐ j ɐ m
பயம்	b ɐ j ɐ m
பயறு	p ɐ j ɐ r ʊ
பயல்	p ɐ j ɐ l
பயிரடைப்பு	p ɐ j ɪ ɾ ɐ ɖ ɐ ɪ̯ pː ʊ
பயிரிடு	p ɐ j ɪ ɾ ɪ ɖ ʊ
பயிருழவு	p ɐ j ɪ ɾ ʊ ɻ ɐ ʋ ʊ
பயிர்	p ɐ j ɪ ɾ
பயிர்க்குடி	p ɐ j ɪ ɾ kː ʊ ɖ ɪ
பயிர்க்குழி	p ɐ j ɪ ɾ kː ʊ ɻ ɪ
பயிர்ச்செலவு	p ɐ j ɪ ɾ t͡ɕː e l ɐ ʋ ʊ
பயிர்த்தொழில்	p ɐ j ɪ ɾ t̪ː o ɻ ɪ l
பயிர்வழி	p ɐ j ɪ ɾ ʋ ɐ ɻ ɪ
பயிற்சி	p ɐ j ɪ r t͡ɕ ɪ
பயிற்சியாளர்	p ɐ j ɪ r t͡ɕ ɪ j ɑː ɭ ɐ ɾ
பயிற்றுமொழி	p ɐ j ɪ rː ʊ m o ɻ ɪ
பயில்	p ɐ j ɪ l
பய்யன்	p ɐ jː ɐ n
பர	p ɐ ɾ ɐ
பரகுவை	p ɐ ɾ ɐ ɡ ʊ ʋ ɐ ɪ̯
பரங்கி	p ɐ ɾ ɐ ŋ ɡ ɪ
பரசு	p ɐ ɾ ɐ t͡ɕ ʊ
பரணி	p ɐ ɾ ɐ ɳ ɪ
பரண்	p ɐ ɾ ɐ ɳ
பரதகண்டம்	p ɐ ɾ ɐ d̪ ɐ ɡ ɐ ɳ ɖ ɐ m
பரதநாட்டியம்	p ɐ ɾ ɐ d̪ ɐ n̪ ɑː ʈː ɪ j ɐ m
பரதநாட்டியம்	b ɐ ɾ ɐ d̪ ɐ n̪ ɑː ʈː ɪ j ɐ m
பரதேசி	p ɐ ɾ ɐ d̪ eː t͡ɕ ɪ
பரபர	p ɐ ɾ ɐ b ɐ ɾ ɐ
பரபரப்பு	p ɐ ɾ ɐ b ɐ ɾ ɐ pː ʊ
பரப்பு	p ɐ ɾ ɐ pː ʊ
பரப்புரை	p ɐ ɾ ɐ pː ʊ ɾ ɐ ɪ̯
பரமபதம்	p ɐ ɾ ɐ m ɐ p ɐ d̪ ɐ m
பரமானா	p ɐ ɾ ɐ m ɑː n ɑː
பரம்பரை	p ɐ ɾ ɐ m b ɐ ɾ ɐ ɪ̯
பரம்பொருள்	p a ɾ̪ a m p o ɾ̪ u ɭ
பரலோகம்	p ɐ ɾ ɐ l oː ɡ ɐ m
பரல்	p ɐ ɾ ɐ l
பரவசம்	p ɐ ɾ ɐ ʋ ɐ t͡ɕ ɐ m
பரவல்	p ɐ ɾ ɐ ʋ ɐ l
பரவாயில்லை	p ɐ ɾ ɐ ʋ ɑː j ɪ l l ɐ ɪ̯
பரவு	p ɐ ɾ ɐ ʋ ʊ
பரவெளி	p ɐ ɾ ɐ ʋ e ɭ ɪ
பராக்	p ɐ ɾ ɑː k
பராக்கு	p ɐ ɾ ɑː kː ʊ
பராசக்தி	p ɐ ɾ ɑː t͡ɕ ɐ k t̪ ɪ
பராமரி	p ɐ ɾ ɑː m ɐ ɾ ɪ
பராமரிப்பு	p ɐ ɾ ɑː m ɐ ɾ ɪ pː ʊ
பரி	p ɐ ɾ ɪ
பரிகாரம்	p ɐ ɾ ɪ ɡ ɑː ɾ ɐ m
பரிசம்	p ɐ ɾ ɪ t͡ɕ ɐ m
பரிசில்	p ɐ ɾ ɪ t͡ɕ ɪ l
பரிசீலனை	p ɐ ɾ ɪ t͡ɕ iː l ɐ n ɐ ɪ̯
பரிசு	p ɐ ɾ ɪ t͡ɕ ʊ
பரிசுத்த	p ɐ ɾ ɪ t͡ɕ ʊ t̪ː ɐ
பரிசுத்தம்	p ɐ ɾ ɪ t͡ɕ ʊ t̪ː ɐ m
பரிசுத்தாவி	p ɐ ɾ ɪ t͡ɕ ʊ t̪ː ɑː ʋ ɪ
பரிசோதனை	p ɐ ɾ ɪ t͡ɕ oː d̪ ɐ n ɐ ɪ̯
பரிட்சை	p ɐ ɾ ɪ ʈ t͡ɕ ɐ ɪ̯
பரிணாமம்	p ɐ ɾ ɪ ɳ ɑː m ɐ m
பரிதானம்	p ɐ ɾ ɪ d̪ ɑː n ɐ m
பரிதி	p ɐ ɾ ɪ d̪ ɪ
பரிதியம்	p ɐ ɾ ɪ d̪ ɪ j ɐ m
பரிமளம்	p ɐ ɾ ɪ m ɐ ɭ ɐ m
பரிமாறு	p ɐ ɾ ɪ m ɑː r ʊ
பரிமாற்றம்	p ɐ ɾ ɪ m ɑː rː ɐ m
பரிமாற்று	p ɐ ɾ ɪ m ɑː rː ʊ
பரிவாரம்	p ɐ ɾ ɪ ʋ ɑː ɾ ɐ m
பரிவு	p ɐ ɾ ɪ ʋ ʊ
பரீட்சை	p ɐ ɾ iː ʈ t͡ɕ ɐ ɪ̯
பரு	p ɐ ɾ ʊ
பருகு	p ɐ ɾ ʊ ɡ ʊ
பருத்தி	p ɐ ɾ ʊ t̪ː ɪ
பருத்தித்துறை	p ɐ ɾ ʊ t̪ː ɪ t̪ː ʊ r ɐ ɪ̯
பருந்து	p ɐ ɾ ʊ n̪ d̪ ʊ
பருப்பதம்	p ɐ ɾ ʊ pː ɐ d̪ ɐ m
பருப்பு	p ɐ ɾ ʊ pː ʊ
பருப்பொருள்	p ɐ ɾ ʊ pː o ɾ ʊ ɭ
பருமன்	p ɐ ɾ ʊ m ɐ n
பருவக்காற்று	p ɐ ɾ ʊ ʋ ɐ kː ɑː rː ʊ
பருவங்கள்	p ɐ ɾ ʊ ʋ ɐ ŋ ɡ ɐ ɭ
பருவதம்	p ɐ ɾ ʊ ʋ ɐ d̪ ɐ m
பருவமழை	p ɐ ɾ ʊ ʋ ɐ m ɐ ɻ ɐ ɪ̯
பருவுழவு	p ɐ ɾ ʊ ʋ ʊ ɻ ɐ ʋ ʊ
பரோட்டா	p ɐ ɾ oː ʈː ɑː
பரோட்டா	b ɐ ɾ oː ʈː ɑː
பரோட்டா	p ɾ oː ʈː ɑː
பரோட்டா	b ɾ oː ʈː ɑː
பர்ணம்	p ɐ ɾ ɳ ɐ m
பர்வதம்	p ɐ ɾ ʋ ɐ d̪ ɐ m
பற	p ɐ r ɐ
பறக்கும்	p ɐ r ɐ kː ʊ m
பறங்கிப்பாஷாணம்	p ɐ r ɐ ŋ ɡ ɪ pː ɑː ʂ ɑː ɳ ɐ m
பறந்தடி	p ɐ r ɐ n̪ d̪ ɐ ɖ ɪ
பறந்தலை	p ɐ r ɐ n̪ d̪ ɐ l ɐ ɪ̯
பறந்து	p ɐ r ɐ n̪ d̪ ʊ
பறப்பன்	p ɐ r ɐ pː ɐ n
பறவை	p ɐ r ɐ ʋ ɐ ɪ̯
பறவைக்காய்ச்சல்	p ɐ r ɐ ʋ ɐ ɪ̯ kː ɑː j t͡ɕː ɐ l
பறவையியல்	p ɐ r ɐ ʋ ɐ ɪ̯ j ɪ j ɐ l
பறி	p ɐ r ɪ
பறிமுதல்	p ɐ r ɪ m ʊ d̪ ɐ l
பறை	p ɐ r ɐ ɪ̯
பறையன்	p ɐ r ɐ ɪ̯ j ɐ n
பறையர்	p ɐ r ɐ ɪ̯ j ɐ ɾ
பற்கள்	p ɐ r k ɐ ɭ
பற்தூரிகை	p ɐ r t̪ uː ɾ ɪ ɡ ɐ ɪ̯
பற்பசை	p ɐ r p ɐ t͡ɕ ɐ ɪ̯
பற்பல	p ɐ r p ɐ l ɐ
பற்பொடி	p ɐ r p o ɖ ɪ
பற்ற	p ɐ rː ɐ
பற்றவை	p ɐ rː ɐ ʋ ɐ ɪ̯
பற்றாக்குறை	p ɐ rː ɑː kː ʊ r ɐ ɪ̯
பற்றி	p ɐ rː ɪ
பற்று	p ɐ rː ʊ
பல	p ɐ l ɐ
பல	b ɐ l ɐ
பலகை	p ɐ l ɐ ɡ ɐ ɪ̯
பலப்பம்	p ɐ l ɐ pː ɐ m
பலம்	b ɐ l ɐ m
பலம்	p ɐ l ɐ m
பலர்	p ɐ l ɐ ɾ
பலர்பால்	p ɐ l ɐ ɾ b ɑː l
பலவின்பால்	p ɐ l ɐ ʋ ɪ n b ɑː l
பலவின்பால்	p ɐ l ɐ ʋ ɪ n p ɑː l
பலவீனம்	b ɐ l ɐ ʋ iː n ɐ m
பலவு	p ɐ l ɐ ʋ ʊ
பலா	p ɐ l ɑː
பலாசம்	p ɐ l ɑː t͡ɕ ɐ m
பலாப்பழம்	p ɐ l ɑː pː ɐ ɻ ɐ m
பலி	p ɐ l ɪ
பலி	b ɐ l ɪ
பலிகடா	p ɐ l ɪ k ɐ ɖ ɑː
பலிகடா	b ɐ l ɪ k ɐ ɖ ɑː
பலிகடா	b ɐ l ɪ ɡ ɐ ɖ ɑː
பலிபீடம்	b ɐ l ɪ b iː ɖ ɐ m
பலுக்கல்	p ɐ l ʊ kː ɐ l
பல்	p ɐ l
பல்கலைக்கழகம்	p ɐ l ɡ ɐ l ɐ ɪ̯ kː ɐ ɻ ɐ ɡ ɐ m
பல்காலும்	p ɐ l ɡ ɑː l ʊ m
பல்கேரியா	b ɐ l ɡ eː ɾ ɪ j ɑː
பல்கேரியா	p ɐ l ɡ eː ɾ ɪ j ɑː
பல்லக்கு	p ɐ l l ɐ kː ʊ
பல்லணம்	p ɐ l l ɐ ɳ ɐ m
பல்லவர்	p ɐ l l ɐ ʋ ɐ ɾ
பல்லவி	p ɐ l l ɐ ʋ ɪ
பல்லாண்டு	p ɐ l l ɑː ɳ ɖ ʊ
பல்லி	p ɐ l l ɪ
பல்வலம்	p ɐ l ʋ ɐ l ɐ m
பல்வேறு	p ɐ l ʋ eː r ʊ
பல்வைத்தியன்	p ɐ l ʋ ɐ ɪ̯ t̪ː ɪ j ɐ n
பளகு	p ɐ ɭ ɐ ɡ ʊ
பளக்கு	p ɐ ɭ ɐ kː ʊ
பளபள	p a ɭ a p a ɭ a
பளிங்கு	p ɐ ɭ ɪ ŋ ɡ ʊ
பளிச்சிடு	p ɐ ɭ ɪ t͡ɕː ɪ ɖ ʊ
பளு	p ɐ ɭ ʊ
பள்ளக்குடி	p ɐ ɭː ɐ kː ʊ ɖ ɪ
பள்ளத்தாக்கு	p ɐ ɭː ɐ t̪ː ɑː kː ʊ
பள்ளம்	p ɐ ɭː ɐ m
பள்ளி	p ɐ ɭː ɪ
பள்ளிக்கட்டு	p ɐ ɭː ɪ kː ɐ ʈː ʊ
பள்ளிக்கல்வி	p ɐ ɭː ɪ kː ɐ l ʋ ɪ
பள்ளிக்கூடம்	p ɐ ɭː ɪ kː uː ɖ ɐ m
பள்ளிமாடம்	p ɐ ɭː ɪ m ɑː ɖ ɐ m
பள்ளியறை	p ɐ ɭː ɪ j ɐ r ɐ ɪ̯
பள்ளியெழுச்சி	p ɐ ɭː ɪ j e ɻ ʊ t͡ɕː ɪ
பள்ளிவாசல்	p ɐ ɭː ɪ ʋ ɑː t͡ɕ ɐ l
பழ	p ɐ ɻ ɐ
பழகு	p ɐ ɻ ɐ ɡ ʊ
பழக்கம்	p ɐ ɻ ɐ kː ɐ m
பழச்சாறு	p ɐ ɻ ɐ t͡ɕː ɑː r ʊ
பழந்தமிழ்	p ɐ ɻ ɐ n̪ d̪ ɐ m ɪ ɻ
பழமுதிர்சோலை	p ɐ ɻ ɐ m ʊ d̪ ɪ ɾ t͡ɕ oː l ɐ ɪ̯
பழமை	p ɐ ɻ ɐ m ɐ ɪ̯
பழமொழி	p ɐ ɻ ɐ m o ɻ ɪ
பழம்	p ɐ ɻ ɐ m
பழம்பாடம்	p ɐ ɻ ɐ m b ɑː ɖ ɐ m
பழி	p ɐ ɻ ɪ
பழிச்சு	p ɐ ɻ ɪ t͡ɕː ʊ
பழிதீர்	p ɐ ɻ ɪ d̪ iː ɾ
பழிவாங்கு	p ɐ ɻ ɪ ʋ ɑː ŋ ɡ ʊ
பழீயம்	p ɐ ɻ iː j ɐ m
பழு	p ɐ ɻ ʊ
பழுது	p ɐ ɻ ʊ d̪ ʊ
பழுப்பு	p ɐ ɻ ʊ pː ʊ
பழுவம்	p ɐ ɻ ʊ ʋ ɐ m
பழைய	p ɐ ɻ ɐ ɪ̯ j ɐ
பவள	p ɐ ʋ ɐ ɭ ɐ
பவளங்கள்	p ɐ ʋ ɐ ɭ ɐ ŋ ɡ ɐ ɭ
பவளப்பாறை	p ɐ ʋ ɐ ɭ ɐ pː ɑː r ɐ ɪ̯
பவளமல்லி	p ɐ ʋ ɐ ɭ ɐ m ɐ l l ɪ
பவளம்	p ɐ ʋ ɐ ɭ ɐ m
பவழமல்லி	p ɐ ʋ ɐ ɻ ɐ m ɐ l l ɪ
பவழம்	p ɐ ʋ ɐ ɻ ɐ m
பவிகம்	p ɐ ʋ ɪ ɡ ɐ m
பவிஷு	p ɐ ʋ ɪ ʂ ʊ
பவுன்	p ɐ ʋ ʊ n
பவுல்	p ɐ ʋ ʊ l
பவேலா	p ɐ ʋ eː l ɑː
பவ்வம்	p ɐ ʋː ɐ m
பஸ்	b ɐ s
பஹாமாஸ்	b ɐ h ɑː m ɑː s
பஹாமாஸ்	p ɐ h ɑː m ɑː s
பஹ்ரைன்	b ɐ h ɾ ɐ ɪ̯ n
பா	p ɑː
பாகம்	b ɑː ɡ ɐ m
பாகம்	p ɑː ɡ ɐ m
பாகற்காய்	p ɑː ɡ ɐ r k ɑː j
பாகிஸ்தான்	p aː k i s t̪ aː n
பாகு	p ɑː ɡ ʊ
பாகுபடு	p ɑː ɡ ʊ b ɐ ɖ ʊ
பாகுபாடு	p ɑː ɡ ʊ b ɑː ɖ ʊ
பாக்கி	b ɑː kː ɪ
பாக்கி	p ɑː kː ɪ
பாக்கிஸ்தான்	p ɑː kː ɪ s t̪ ɑː n
பாக்கு	p ɑː kː ʊ
பாசனம்	p ɑː t͡ɕ ɐ n ɐ m
பாசம்	p ɑː t͡ɕ ɐ m
பாசாங்கு	p ɑː t͡ɕ ɑː ŋ ɡ ʊ
பாசி	p ɑː t͡ɕ ɪ
பாசிசம்	p ɑː t͡ɕ ɪ t͡ɕ ɐ m
பாசுரம்	p ɑː t͡ɕ ʊ ɾ ɐ m
பாசை	p ɑː t͡ɕ ɐ ɪ̯
பாசை	b ɑː t͡ɕ ɐ ɪ̯
பாஜக	p aː d͡ʑ ɐ k ɐ
பாடகர்	p ɑː ɖ ɐ ɡ ɐ ɾ
பாடசாலை	p ɑː ɖ ɐ t͡ɕ ɑː l ɐ ɪ̯
பாடணம்	p ɑː ɖ ɐ ɳ ɐ m
பாடம்	p ɑː ɖ ɐ m
பாடம்போற்று	p ɑː ɖ ɐ m b oː rː ʊ
பாடல்	p ɑː ɖ ɐ l
பாடு	p ɑː ɖ ʊ
பாடு	b ɑː ɖ ʊ
பாடுபடு	p ɑː ɖ ʊ b ɐ ɖ ʊ
பாடை	p ɑː ɖ ɐ ɪ̯
பாட்டன்	p ɑː ʈː ɐ n
பாட்டாளி	p ɑː ʈː ɑː ɭ ɪ
பாட்டி	p ɑː ʈː ɪ
பாட்டு	p ɑː ʈː ʊ
பாணன்	p ɑː ɳ ɐ n
பாணன்	b ɑː ɳ ɐ n
பாணம்	b ɑː ɳ ɐ m
பாண்	p ɑː ɳ
பாண்டிச்சேரி	p ɑː ɳ ɖ ɪ t͡ɕː eː ɾ ɪ
பாண்டியன்	p ɑː ɳ ɖ ɪ j ɐ n
பாண்டியர்	p ɑː ɳ ɖ ɪ j ɐ ɾ
பாண்டில்	p ɑː ɳ ɖ ɪ l
பாதம்	p ɑː d̪ ɐ m
பாதலத்தாம்பி	p ɑː d̪ ɐ l ɐ t̪ː ɑː m b ɪ
பாதாம்	b ɑː d̪ ɑː m
பாதாளம்	p ɑː d̪ ɑː ɭ ɐ m
பாதி	p ɑː d̪ ɪ
பாதி	b ɑː d̪ ɪ
பாதிச்சாமம்	p ɑː d̪ ɪ t͡ɕː ɑː m ɐ m
பாதிடு	p ɑː d̪ ɪ ɖ ʊ
பாதிப்பு	b ɑː d̪ ɪ pː ʊ
பாதிப்பு	p ɑː d̪ ɪ pː ʊ
பாதிரியார்	p ɑː d̪ ɪ ɾ ɪ j ɑː ɾ
பாதுகா	p ɑː d̪ ʊ ɡ ɑː
பாதுகாப்பு	p ɑː d̪ ʊ ɡ ɑː pː ʊ
பாதை	p ɑː d̪ ɐ ɪ̯
பாதைகள்	p ɑː d̪ ɐ ɪ̯ ɡ ɐ ɭ
பாத்தி	p ɑː t̪ː ɪ
பாத்திரம்	p ɑː t̪ː ɪ ɾ ɐ m
பானம்	b ɑː n ɐ m
பானம்	p ɑː n ɐ m
பானை	p ɑː n ɐ ɪ̯
பாபம்	p ɑː b ɐ m
பாப்பா	p ɑː pː ɑː
பாப்பாத்தி	p ɑː pː ɑː t̪ː ɪ
பாம்பன்	p ɑː m b ɐ n
பாம்பரணை	p ɑː m b ɐ ɾ ɐ ɳ ɐ ɪ̯
பாம்பாட்டி	p ɑː m b ɑː ʈː ɪ
பாம்பின்	p ɑː m b ɪ n
பாம்பு	p ɑː m b ʊ
பாயசம்	p ɑː j ɐ t͡ɕ ɐ m
பாயல்	p ɑː j ɐ l
பாயா	p ɑː j ɑː
பாயாசம்	p ɑː j ɑː t͡ɕ ɐ m
பாய்	p ɑː j
பாய்மரம்	p ɑː j m ɐ ɾ ɐ m
பாய்மா	p ɑː j m ɑː
பாரசீகம்	p ɑː ɾ ɐ t͡ɕ iː ɡ ɐ m
பாரதம்	b ɑː ɾ ɐ d̪ ɐ m
பாரதம்	p ɑː ɾ ɐ d̪ ɐ m
பாரபட்சம்	p ɑː ɾ ɐ b ɐ ʈ t͡ɕ ɐ m
பாரம்	b ɑː ɾ ɐ m
பாரம்	p ɑː ɾ ɐ m
பாரம்பரியம்	p ɑː ɾ ɐ m b ɐ ɾ ɪ j ɐ m
பாராட்டு	p ɑː ɾ ɑː ʈː ʊ
பாராளுமன்றம்	p ɑː ɾ ɑː ɭ ʊ m ɐ n r ɐ m
பாரிசவாதம்	p ɑː ɾ ɪ t͡ɕ ɐ ʋ ɑː d̪ ɐ m
பாரியை	p ɑː ɾ ɪ j ɐ ɪ̯
பாரிஸ்	p ɑː ɾ ɪ s
பார்	p ɑː ɾ
பார்த்தசாரதி	p ɑː ɾ t̪ː ɐ t͡ɕ ɑː ɾ ɐ d̪ ɪ
பார்த்து	p ɑː ɾ t̪ː ʊ
பார்த்துக்கொள்	p ɑː ɾ t̪ː ʊ kː o ɭ
பார்த்துக்கொள்ளு	p ɑː ɾ t̪ː ʊ kː o ɭː ʊ
பார்படோசு	b ɑː ɾ b ɐ ɖ oː t͡ɕ ʊ
பார்படோசு	p ɑː ɾ b ɐ ɖ oː t͡ɕ ʊ
பார்படோஸ்	b ɑː ɾ b ɐ ɖ oː s
பார்படோஸ்	p ɑː ɾ b ɐ ɖ oː s
பார்லி	p ɑː ɾ l ɪ
பார்லி	b ɑː ɾ l ɪ
பார்வை	p ɑː ɾ ʋ ɐ ɪ̯
பார்வையாளர்	p ɑː ɾ ʋ ɐ ɪ̯ j ɑː ɭ ɐ ɾ
பாறாங்கல்	p ɑː r ɑː ŋ ɡ ɐ l
பாறை	p ɑː r ɐ ɪ̯
பாறையியல்	p ɑː r ɐ ɪ̯ j ɪ j ɐ l
பாற்கடல்	p ɑː r k ɐ ɖ ɐ l
பாற்பசு	p ɑː r p ɐ t͡ɕ ʊ
பாலக்காடு	p ɑː l ɐ kː ɑː ɖ ʊ
பாலம்	p ɑː l ɐ m
பாலாறு	p ɑː l ɑː r ʊ
பாலினம்	p ɑː l ɪ n ɐ m
பாலியம்	p ɑː l ɪ j ɐ m
பாலியல்	p ɑː l ɪ j ɐ l
பாலுறவு	p ɑː l ʊ r ɐ ʋ ʊ
பாலுறுப்பு	p ɑː l ʊ r ʊ pː ʊ
பாலூட்டி	p ɑː l uː ʈː ɪ
பாலூட்டிகள்	p ɑː l uː ʈː ɪ ɡ ɐ ɭ
பாலை	p ɑː l ɐ ɪ̯
பாலைவனம்	p ɑː l ɐ ɪ̯ ʋ ɐ n ɐ m
பால்	p ɑː l
பால்கோவா	p ɑː l k oː ʋ ɑː
பால்கோவா	p ɑː l ɡ oː ʋ ɑː
பால்புது	p ɑː l b ʊ d̪ ʊ
பால்புதுமை	p ɑː l b ʊ d̪ ʊ m ɐ ɪ̯
பால்புதுமையினர்	p ɑː l b ʊ d̪ ʊ m ɐ ɪ̯ j ɪ n ɐ ɾ
பால்வீதி	p ɑː l ʋ iː d̪ ɪ
பாழ்	p ɑː ɻ
பாவம்	p ɑː ʋ ɐ m
பாவம்	b ɑː ʋ ɐ m
பாவாடைராயன்	p ɑː ʋ ɑː ɖ ɐ ɪ̯ ɾ ɑː j ɐ n
பாவிப்பு	p ɑː ʋ ɪ pː ʊ
பாவை	p ɑː ʋ ɐ ɪ̯
பாஷாணம்	p ɑː ʂ ɑː ɳ ɐ m
பாஷை	p ɑː ʂ ɐ ɪ̯
பாஷை	b ɑː ʂ ɐ ɪ̯
பாஷ்கொர்டொஸ்தான்	b ɑː ʂ k o ɾ ɖ o s t̪ ɑː n
பாஷ்தூ	p ɑː ʂ t̪ uː
பிகு	p ɪ ɡ ʊ
பிகுபண்ணு	p ɪ ɡ ʊ b ɐ ɳː ʊ
பிகுப்பட்டை	p ɪ ɡ ʊ pː ɐ ʈː ɐ ɪ̯
பிகுவேற்று	p ɪ ɡ ʊ ʋ eː rː ʊ
பிக்ஷு	b ɪ k ʂ ʊ
பிங்கதிருட்டி	p ɪ ŋ ɡ ɐ d̪ ɪ ɾ ʊ ʈː ɪ
பிங்கம்	p ɪ ŋ ɡ ɐ m
பிங்கலகேசி	p ɪ ŋ ɡ ɐ l ɐ ɡ eː t͡ɕ ɪ
பிங்கலமுனிவர்	p ɪ ŋ ɡ ɐ l ɐ m ʊ n ɪ ʋ ɐ ɾ
பிங்கலம்	p ɪ ŋ ɡ ɐ l ɐ m
பிங்கலாதனம்	p ɪ ŋ ɡ ɐ l ɑː d̪ ɐ n ɐ m
பிங்கலை	p ɪ ŋ ɡ ɐ l ɐ ɪ̯
பிசகு	p ɪ t͡ɕ ɐ ɡ ʊ
பிசகுசொல்லு	p ɪ t͡ɕ ɐ ɡ ʊ t͡ɕ o l l ʊ
பிசகுநாறு	p ɪ t͡ɕ ɐ ɡ ʊ n̪ ɑː r ʊ
பிசக்கு	p ɪ t͡ɕ ɐ kː ʊ
பிசங்கம்	p ɪ t͡ɕ ɐ ŋ ɡ ɐ m
பிசங்கற்சீலை	p ɪ t͡ɕ ɐ ŋ ɡ ɐ r t͡ɕ iː l ɐ ɪ̯
பிசங்கு	p ɪ t͡ɕ ɐ ŋ ɡ ʊ
பிசண்டம்	p ɪ t͡ɕ ɐ ɳ ɖ ɐ m
பிசண்டிலன்	p ɪ t͡ɕ ɐ ɳ ɖ ɪ l ɐ n
பிசனம்	p ɪ t͡ɕ ɐ n ɐ m
பிசம்	p ɪ t͡ɕ ɐ m
பிசறு	p ɪ t͡ɕ ɐ r ʊ
பிசறுதல்	p ɪ t͡ɕ ɐ r ʊ d̪ ɐ l
பிசாசக்கை	p ɪ t͡ɕ ɑː t͡ɕ ɐ kː ɐ ɪ̯
பிசாசடித்தல்	p ɪ t͡ɕ ɑː t͡ɕ ɐ ɖ ɪ t̪ː ɐ l
பிசாசன்	p ɪ t͡ɕ ɑː t͡ɕ ɐ n
பிசாசர்	p ɪ t͡ɕ ɑː t͡ɕ ɐ ɾ
பிசாசாடுதல்	p ɪ t͡ɕ ɑː t͡ɕ ɑː ɖ ʊ d̪ ɐ l
பிசாசு	p ɪ t͡ɕ ɑː t͡ɕ ʊ
பிசாசுபிடித்தல்	p ɪ t͡ɕ ɑː t͡ɕ ʊ b ɪ ɖ ɪ t̪ː ɐ l
பிசாத்து	p ɪ t͡ɕ ɑː t̪ː ʊ
பிசான்	p ɪ t͡ɕ ɑː n
பிசி	p ɪ t͡ɕ ɪ
பிசிதாசனர்	p ɪ t͡ɕ ɪ d̪ ɑː t͡ɕ ɐ n ɐ ɾ
பிசினரக்கு	p ɪ t͡ɕ ɪ n ɐ ɾ ɐ kː ʊ
பிசினரிசி	p ɪ t͡ɕ ɪ n ɐ ɾ ɪ t͡ɕ ɪ
பிசினி	p ɪ t͡ɕ ɪ n ɪ
பிசின்	p ɪ t͡ɕ ɪ n
பிசின்பட்டை	p ɪ t͡ɕ ɪ n b ɐ ʈː ɐ ɪ̯
பிசிர்தல்	p ɪ t͡ɕ ɪ ɾ d̪ ɐ l
பிசிறுலாடு	p ɪ t͡ɕ ɪ r ʊ l ɑː ɖ ʊ
பிசுகு	p ɪ t͡ɕ ʊ ɡ ʊ
பிசுகுதல்	p ɪ t͡ɕ ʊ ɡ ʊ d̪ ɐ l
பிசுக்கர்	p ɪ t͡ɕ ʊ kː ɐ ɾ
பிசுக்கு	p ɪ t͡ɕ ʊ kː ʊ
பிசுக்கோத்து	p ɪ t͡ɕ ʊ kː oː t̪ː ʊ
பிசுனம்	p ɪ t͡ɕ ʊ n ɐ m
பிசுபிசு	p ɪ t͡ɕ ʊ b ɪ t͡ɕ ʊ
பிசுபிசுத்தல்	p ɪ t͡ɕ ʊ b ɪ t͡ɕ ʊ t̪ː ɐ l
பிசுபிசுத்தவன்	p ɪ t͡ɕ ʊ b ɪ t͡ɕ ʊ t̪ː ɐ ʋ ɐ n
பிசுபிசெனல்	p ɪ t͡ɕ ʊ b ɪ t͡ɕ e n ɐ l
பிசுமந்தச்சூரணம்	p ɪ t͡ɕ ʊ m ɐ n̪ d̪ ɐ t͡ɕː uː ɾ ɐ ɳ ɐ m
பிசை	p ɪ t͡ɕ ɐ ɪ̯
பிசைதல்	p ɪ t͡ɕ ɐ ɪ̯ d̪ ɐ l
பிச்சு	p ɪ t͡ɕː ʊ
பிச்சுநெட்டி	p ɪ t͡ɕː ʊ n̪ e ʈː ɪ
பிச்சுப்பேய்	p ɪ t͡ɕː ʊ pː eː j
பிச்சுப்பை	p ɪ t͡ɕː ʊ pː ɐ ɪ̯
பிச்சை	p ɪ t͡ɕː ɐ ɪ̯
பிச்சைச்சோறு	p ɪ t͡ɕː ɐ ɪ̯ t͡ɕː oː r ʊ
பிச்சைத்தனம்	p ɪ t͡ɕː ɐ ɪ̯ t̪ː ɐ n ɐ m
பிச்சைநோவு	p ɪ t͡ɕː ɐ ɪ̯ n̪ oː ʋ ʊ
பிச்சைப்படி	p ɪ t͡ɕː ɐ ɪ̯ pː ɐ ɖ ɪ
பிச்சையெடு	p ɪ t͡ɕː ɐ ɪ̯ j e ɖ ʊ
பிச்சைவாரி	p ɪ t͡ɕː ɐ ɪ̯ ʋ ɑː ɾ ɪ
பிஞ்சகன்	p ɪ ɲ d͡ʑ ɐ ɡ ɐ n
பிஞ்சின்	p ɪ ɲ d͡ʑ ɪ n
பிஞ்சிற்பழு	p ɪ ɲ d͡ʑ ɪ r p ɐ ɻ ʊ
பிஞ்சு	p ɪ ɲ d͡ʑ ʊ
பிடாரி	p ɪ ɖ ɑː ɾ ɪ
பிடி	p ɪ ɖ ɪ
பிடிமானம்	p ɪ ɖ ɪ m ɑː n ɐ m
பிடிவாதம்	p ɪ ɖ ɪ ʋ ɑː d̪ ɐ m
பிடுங்கு	p ɪ ɖ ʊ ŋ ɡ ʊ
பிட்கு	p ɪ ʈ k ʊ
பிட்சாடனன்	p ɪ ʈ t͡ɕ ɑː ɖ ɐ n ɐ n
பிட்டு	p ɪ ʈː ʊ
பிணநாற்றம்	p ɪ ɳ ɐ n̪ ɑː rː ɐ m
பிணந்தின்னி	p ɪ ɳ ɐ n̪ d̪ ɪ nː ɪ
பிணன்	p ɪ ɳ ɐ n
பிணம்	p ɪ ɳ ɐ m
பிணவல்	p ɪ ɳ ɐ ʋ ɐ l
பிணவு	p ɪ ɳ ɐ ʋ ʊ
பிணி	p ɪ ɳ ɪ
பிணை	p ɪ ɳ ɐ ɪ̯
பிணையாளி	p ɪ ɳ ɐ ɪ̯ j ɑː ɭ ɪ
பிண்டம்	p ɪ ɳ ɖ ɐ m
பிண்டி	p ɪ ɳ ɖ ɪ
பிதா	p ɪ d̪ ɑː
பிதுங்கு	p ɪ d̪ ʊ ŋ ɡ ʊ
பித்தப்பை	p ɪ t̪ː ɐ pː ɐ ɪ̯
பித்தம்	p ɪ t̪ː ɐ m
பித்தலாட்டம்	p ɪ t̪ː ɐ l ɑː ʈː ɐ m
பிந்து	p ɪ n̪ d̪ ʊ
பிந்து	b ɪ n̪ d̪ ʊ
பினாங்கு	p ɪ n ɑː ŋ ɡ ʊ
பினை	p ɪ n ɐ ɪ̯
பின்	p ɪ n
பின்கட்டுமாறுகட்டு	p ɪ n ɡ ɐ ʈː ʊ m ɑː r ʊ ɡ ɐ ʈː ʊ
பின்சந்ததி	p ɪ n t͡ɕ ɐ n̪ d̪ ɐ d̪ ɪ
பின்னங்கால்	p ɪ nː ɐ ŋ ɡ ɑː l
பின்னணி	p ɪ nː ɐ ɳ ɪ
பின்னந்தண்டு	p ɪ nː ɐ n̪ d̪ ɐ ɳ ɖ ʊ
பின்னப்படுத்து	p ɪ nː ɐ pː ɐ ɖ ʊ t̪ː ʊ
பின்னம்	p ɪ nː ɐ m
பின்னர்	p ɪ nː ɐ ɾ
பின்னவன்	p ɪ nː ɐ ʋ ɐ n
பின்னவள்	p ɪ nː ɐ ʋ ɐ ɭ
பின்னாடி	p ɪ nː ɑː ɖ ɪ
பின்னாற்போ	p ɪ nː ɑː r p oː
பின்னாலே	p ɪ nː ɑː l eː
பின்னால்	p ɪ nː ɑː l
பின்னிரக்கம்	p ɪ nː ɪ ɾ ɐ kː ɐ m
பின்னு	p ɪ nː ʊ
பின்னும்	p ɪ nː ʊ m
பின்னே	p ɪ nː eː
பின்னேரம்	p ɪ nː eː ɾ ɐ m
பின்னை	p ɪ nː ɐ ɪ̯
பின்னொட்டு	p ɪ nː o ʈː ʊ
பின்பனி	p ɪ n b ɐ n ɪ
பின்பு	p ɪ n b ʊ
பின்புத்தி	p ɪ n b ʊ t̪ː ɪ
பின்போடு	p ɪ n b oː ɖ ʊ
பின்போடுதல்	p ɪ n b oː ɖ ʊ d̪ ɐ l
பின்மொழிநிலையல்	p ɪ n m o ɻ ɪ n̪ ɪ l ɐ ɪ̯ j ɐ l
பின்யின்	p ɪ n j ɪ n
பின்லாந்து	p ɪ n l ɑː n̪ d̪ ʊ
பின்வாங்கு	p ɪ n ʋ ɑː ŋ ɡ ʊ
பிப்ரவரி	p ɪ b ɾ ɐ ʋ ɐ ɾ ɪ
பிம்பம்	b ɪ m b ɐ m
பிம்பம்	p ɪ m b ɐ m
பியொங்யாங்	p ɪ j o ŋ j ɑː ŋ
பிய்	p ɪ j
பிரகடனம்	p ɪ ɾ ɐ ɡ ɐ ɖ ɐ n ɐ m
பிரகலாதன்	p ɪ ɾ ɐ ɡ ɐ l ɑː d̪ ɐ n
பிரகலாதன்	p ɾ ɐ ɡ ɐ l ɑː d̪ ɐ n
பிரகஸ்பதி	b ɪ ɾ ɐ ɡ ɐ s p ɐ d̪ ɪ
பிரகஸ்பதி	b r ɨ h ɐ s p a d̪ ɪ
பிரகாசம்	p ɪ ɾ ɐ ɡ ɑː t͡ɕ ɐ m
பிரகாசிதம்	p ɪ ɾ ɐ ɡ ɑː t͡ɕ ɪ d̪ ɐ m
பிரகாரம்	p ɪ ɾ ɐ ɡ ɑː ɾ ɐ m
பிரக்ஞை	p ɪ ɾ ɐ k ɲ ɐ ɪ̯
பிரக்யா	p ɪ ɾ ɐ k j ɑː
பிரசங்கங்கள்	p ɪ ɾ ɐ t͡ɕ ɐ ŋ ɡ ɐ ŋ ɡ ɐ ɭ
பிரசங்கம்	p ɪ ɾ ɐ t͡ɕ ɐ ŋ ɡ ɐ m
பிரசங்கி	p ɪ ɾ ɐ t͡ɕ ɐ ŋ ɡ ɪ
பிரசாதம்	p ɪ ɾ ɐ t͡ɕ ɑː d̪ ɐ m
பிரசினம்	p ɪ ɾ ɐ t͡ɕ ɪ n ɐ m
பிரசேசுவரன்	p ɪ ɾ ɐ t͡ɕ eː t͡ɕ ʊ ʋ ɐ ɾ ɐ n
பிரச்சனை	p ɾ ɐ t͡ɕː ɐ n ɐ ɪ̯
பிரச்சனை	p ɪ ɾ ɐ t͡ɕː ɐ n ɐ ɪ̯
பிரச்சனைகள்	p ɪ ɾ ɐ t͡ɕː ɐ n ɐ ɪ̯ ɡ ɐ ɭ
பிரச்சினை	p ɪ ɾ ɐ t͡ɕː ɪ n ɐ ɪ̯
பிரச்சினைகள்	p ɪ ɾ ɐ t͡ɕː ɪ n ɐ ɪ̯ ɡ ɐ ɭ
பிரஜை	p ɾ ɐ d͡ʑ ɐ ɪ̯
பிரஜை	p ɪ ɾ ɐ d͡ʑ ɐ ɪ̯
பிரஞ்சு	p ɪ ɾ ɐ ɲ d͡ʑ ʊ
பிரதக்ஷிணம்	p ɪ ɾ ɐ d̪ ɐ k ʂ ɪ ɳ ɐ m
பிரதட்சிணம்	p ɪ ɾ ɐ d̪ ɐ ʈ t͡ɕ ɪ ɳ ɐ m
பிரதமம்	p ɪ ɾ ɐ d̪ ɐ m ɐ m
பிரதமர்	p ɾ a d̪ a m a ɾ
பிரதமர்	p i ɾ a d̪ a m a ɾ
பிரதிமை	p ɪ ɾ ɐ d̪ ɪ m ɐ ɪ̯
பிரதிஷ்டை	p ɪ ɾ ɐ d̪ ɪ ʂ ʈ ɐ ɪ̯
பிரதேசம்	p ɪ ɾ ɐ d̪ eː t͡ɕ ɐ m
பிரபஞ்சம்	p ɪ ɾ ɐ b ɐ ɲ d͡ʑ ɐ m
பிரபந்தம்	p ɪ ɾ ɐ b ɐ n̪ d̪ ɐ m
பிரபந்தம்	p ɾ ɐ b ɐ n̪ d̪ ɐ m
பிரபலம்	p ɪ ɾ ɐ b ɐ l ɐ m
பிரபாகரன்	p ɪ ɾ ɐ b ɑː ɡ ɐ ɾ ɐ n
பிரபாகரன்	p ɾ a b aː k a ɾ a n
பிரபு	p ɪ ɾ ɐ b ʊ
பிரபை	p ɪ ɾ ɐ b ɐ ɪ̯
பிரபோதிகை	p ɪ ɾ ɐ b oː d̪ ɪ ɡ ɐ ɪ̯
பிரமன்	p ɪ ɾ ɐ m ɐ n
பிரமாணம்	p ɪ ɾ ɐ m ɑː ɳ ɐ m
பிரமாண்டம்	p ɪ ɾ ɐ m ɑː ɳ ɖ ɐ m
பிரமாதமான	p ɪ ɾ ɐ m ɑː d̪ ɐ m ɑː n ɐ
பிரமாதம்	p ɾ ɐ m ɑː d̪ ɐ m
பிரமாதம்	p ɪ ɾ ɐ m ɑː d̪ ɐ m
பிரமை	p ɪ ɾ ɐ m ɐ ɪ̯
பிரமை	b ɪ ɾ ɐ m ɐ ɪ̯
பிரம்பு	p ɪ ɾ ɐ m b ʊ
பிரம்மபுத்திரா	p ɪ ɾ ɐ mː ɐ b ʊ t̪ː ɪ ɾ ɑː
பிரயாசம்	p ɪ ɾ ɐ j ɑː t͡ɕ ɐ m
பிரயோசனம்	p ɪ ɾ ɐ j oː t͡ɕ ɐ n ɐ m
பிரயோஜனம்	p ɪ ɾ ɐ j oː d͡ʑ ɐ n ɐ m
பிரயோஜனம்	p ɾ ɐ j oː d͡ʑ ɐ n ɐ m
பிரளயம்	p ɾ ɐ ɭ ɐ j ɐ m
பிரளயம்	p ɪ ɾ ɐ ɭ ɐ j ɐ m
பிரஸ்தாபம்	p ɪ ɾ ɐ s t̪ ɑː b ɐ m
பிராசாதம்	p ɪ ɾ ɑː t͡ɕ ɑː d̪ ɐ m
பிராசீரம்	p ɪ ɾ ɑː t͡ɕ iː ɾ ɐ m
பிராட்டி	p ɪ ɾ ɑː ʈː ɪ
பிராணவாயு	p ɪ ɾ ɑː ɳ ɐ ʋ ɑː j ʊ
பிராண்டு	p ɪ ɾ ɑː ɳ ɖ ʊ
பிராது	p ɪ ɾ ɑː d̪ ʊ
பிராத்தல்	b ɪ ɾ ɑː t̪ː ɐ l
பிராந்தம்	p ɪ ɾ ɑː n̪ d̪ ɐ m
பிராந்தியம்	p ɪ ɾ ɑː n̪ d̪ ɪ j ɐ m
பிரான்	p ɪ ɾ ɑː n
பிரான்ஸ்	p ɾ aː n s
பிரான்ஸ்	p i ɾ aː n s
பிராயம்	p ɪ ɾ ɑː j ɐ m
பிரார்த்தனை	p ɪ ɾ ɑː ɾ t̪ː ɐ n ɐ ɪ̯
பிரி	p ɪ ɾ ɪ
பிரியன்	p ɪ ɾ ɪ j ɐ n
பிரியப்படுத்து	p ɪ ɾ ɪ j ɐ pː ɐ ɖ ʊ t̪ː ʊ
பிரியம்	p ɪ ɾ ɪ j ɐ m
பிரியாணி	b i ɾ i j aː ɳ i
பிரியாணி	p i ɾ i j aː ɳ i
பிரியாவிடை	p ɪ ɾ ɪ j ɑː ʋ ɪ ɖ ɐ ɪ̯
பிரிவு	p ɪ ɾ ɪ ʋ ʊ
பிரீதி	p ɪ ɾ iː d̪ ɪ
பிருதிவி	p ɪ ɾ ʊ d̪ ɪ ʋ ɪ
பிருத்தியன்	p ɪ ɾ ʊ t̪ː ɪ j ɐ n
பிரேசில்	p ɪ ɾ eː t͡ɕ ɪ l
பிரேதம்	p ɪ ɾ eː d̪ ɐ m
பிரை	p ɪ ɾ ɐ ɪ̯
பிற	p ɪ r ɐ
பிறகிடு	p ɪ r ɐ ɡ ɪ ɖ ʊ
பிறகு	p ɪ r ɐ ɡ ʊ
பிறகுகாண்ணு	p ɪ r ɐ ɡ ʊ ɡ ɑː ɳː ʊ
பிறக்கீடு	p ɪ r ɐ kː iː ɖ ʊ
பிறங்கு	p ɪ r ɐ ŋ ɡ ʊ
பிறநூன்முடிந்ததுதானுடன்படுதல்	p ɪ r ɐ n̪ uː n m ʊ ɖ ɪ n̪ d̪ ɐ d̪ ʊ d̪ ɑː n ʊ ɖ ɐ n b ɐ ɖ ʊ d̪ ɐ l
பிறந்த	p ɪ r ɐ n̪ d̪ ɐ
பிறந்தநாள்	p ɪ r ɐ n̪ d̪ ɐ n̪ ɑː ɭ
பிறந்தவம்	p ɪ r ɐ n̪ d̪ ɐ ʋ ɐ m
பிறந்தை	p ɪ r ɐ n̪ d̪ ɐ ɪ̯
பிறப்பி	p ɪ r ɐ pː ɪ
பிறப்பிறப்பு	p ɪ r ɐ pː ɪ r ɐ pː ʊ
பிறப்பிலி	p ɪ r ɐ pː ɪ l ɪ
பிறப்பு	p ɪ r ɐ pː ʊ
பிறப்புறுப்பு	p ɪ r ɐ pː ʊ r ʊ pː ʊ
பிறப்புவழி	p ɪ r ɐ pː ʊ ʋ ɐ ɻ ɪ
பிறர்	p ɪ r ɐ ɾ
பிறழ்	p ɪ r ɐ ɻ
பிறவி	p ɪ r ɐ ʋ ɪ
பிறவிக்கடல்	p ɪ r ɐ ʋ ɪ kː ɐ ɖ ɐ l
பிறவிக்குணம்	p ɪ r ɐ ʋ ɪ kː ʊ ɳ ɐ m
பிறவிக்குருடன்	p ɪ r ɐ ʋ ɪ kː ʊ ɾ ʊ ɖ ɐ n
பிறவினை	p ɪ r ɐ ʋ ɪ n ɐ ɪ̯
பிறவிப்பயன்	p ɪ r ɐ ʋ ɪ pː ɐ j ɐ n
பிறாண்டு	p ɪ r ɑː ɳ ɖ ʊ
பிறிதின்கிழமை	p ɪ r ɪ d̪ ɪ n ɡ ɪ ɻ ɐ m ɐ ɪ̯
பிறிது	p ɪ r ɪ d̪ ʊ
பிறிதுசாபம்	p ɪ r ɪ d̪ ʊ t͡ɕ ɑː b ɐ m
பிறை	p ɪ r ɐ ɪ̯
பிறைதொழு	p ɪ r ɐ ɪ̯ d̪ o ɻ ʊ
பிறைதொழுதல்	p ɪ r ɐ ɪ̯ d̪ o ɻ ʊ d̪ ɐ l
பிற்கழி	p ɪ r k ɐ ɻ ɪ
பிற்காலி	p ɪ r k ɑː l ɪ
பிற்கு	p ɪ r k ʊ
பிற்கூழை	p ɪ r k uː ɻ ɐ ɪ̯
பிற்சாமம்	p ɪ r t͡ɕ ɑː m ɐ m
பிற்பகல்	p ɪ r p ɐ ɡ ɐ l
பிற்பக்கம்	p ɪ r p ɐ kː ɐ m
பிற்படு	p ɪ r p ɐ ɖ ʊ
பிற்படை	p ɪ r p ɐ ɖ ɐ ɪ̯
பிற்பாடர்	p ɪ r p ɑː ɖ ɐ ɾ
பிலிப்பீன்சு	p ɪ l ɪ pː iː n t͡ɕ ʊ
பிலிப்பைன்ஸ்	p ɪ l ɪ pː ɐ ɪ̯ n s
பிலிம்பி	p ɪ l ɪ m b ɪ
பில்லி	p ɪ l l ɪ
பில்லி	b ɪ l l ɪ
பிள	p ɪ ɭ ɐ
பிளிறு	p ɪ ɭ ɪ r ʊ
பிளிற்று	p ɪ ɭ ɪ rː ʊ
பிள்ளை	p ɪ ɭː ɐ ɪ̯
பிள்ளைத்தாய்ச்சி	p ɪ ɭː ɐ ɪ̯ t̪ː ɑː j t͡ɕː ɪ
பிள்ளைப்பூச்சி	p ɪ ɭː ɐ ɪ̯ pː uː t͡ɕː ɪ
பிள்ளையாரெறும்பு	p ɪ ɭː ɐ ɪ̯ j ɑː ɾ e r ʊ m b ʊ
பிள்ளையார்	p ɪ ɭː ɐ ɪ̯ j ɑː ɾ
பிள்ளையார்பையன்	p ɪ ɭː ɐ ɪ̯ j ɑː ɾ b ɐ ɪ̯ j ɐ n
பிழக்கு	p ɪ ɻ ɐ kː ʊ
பிழம்பு	p ɪ ɻ ɐ m b ʊ
பிழி	p ɪ ɻ ɪ
பிழை	p ɪ ɻ ɐ ɪ̯
பிழைப்பு	p ɪ ɻ ɐ ɪ̯ pː ʊ
பிஸ்கட்	b ɪ s k ɐ ʈ
பீ	p iː
பீகார்	b iː ɡ aː ɾ
பீகார்	p iː ɡ aː ɾ
பீகார்	b iː h aː ɾ
பீகார்	p iː h aː ɾ
பீங்கான்	p iː ŋ ɡ ɑː n
பீசம்	p iː t͡ɕ ɐ m
பீசுகோலா	p iː t͡ɕ ʊ ɡ oː l ɑː
பீச்சாங்கை	p iː t͡ɕː ɑː ŋ ɡ ɐ ɪ̯
பீச்சு	p iː t͡ɕː ʊ
பீடி	b iː ɖ ɪ
பீடி	p iː ɖ ɪ
பீடிப்பு	p iː ɖ ɪ pː ʊ
பீட்ரூட்	b iː ʈ ɾ uː ʈ
பீட்ரூட்	p iː ʈ ɾ uː ʈ
பீதி	b iː d̪ ɪ
பீதி	p iː d̪ ɪ
பீத்து	p iː t̪ː ʊ
பீப்பா	p iː pː ɑː
பீமன்	b iː m ɐ n
பீமன்	p iː m ɐ n
பீரங்கி	p iː ɾ ɐ ŋ ɡ ɪ
பீரங்கி	b iː ɾ ɐ ŋ ɡ ɪ
பீரிதம்	p iː ɾ ɪ d̪ ɐ m
பீரோ	p iː ɾ oː
பீரோ	b iː ɾ oː
பீர்க்கங்காய்	p iː ɾ kː ɐ ŋ ɡ ɑː j
பீர்க்கம்	p iː ɾ kː ɐ m
பீர்ச்சு	p iː ɾ t͡ɕː ʊ
பீலி	p iː l ɪ
பீலிக்கண்	p iː l ɪ kː ɐ ɳ
பீளை	p iː ɭ ɐ ɪ̯
புகடு	p ʊ ɡ ɐ ɖ ʊ
புகட்டு	p ʊ ɡ ɐ ʈː ʊ
புகலிடம்	p ʊ ɡ ɐ l ɪ ɖ ɐ m
புகல்	p ʊ ɡ ɐ l
புகல்வு	p ʊ ɡ ɐ l ʋ ʊ
புகழ்	p ʊ ɡ ɐ ɻ
புகழ்ச்சி	p ʊ ɡ ɐ ɻ t͡ɕː ɪ
புகு	p ʊ ɡ ʊ
புகுது	p ʊ ɡ ʊ d̪ ʊ
புகுத்தி	p ʊ ɡ ʊ t̪ː ɪ
புகுத்து	p ʊ ɡ ʊ t̪ː ʊ
புகை	p ʊ ɡ ɐ ɪ̯
புகைக்கூண்டு	p ʊ ɡ ɐ ɪ̯ kː uː ɳ ɖ ʊ
புகைபோக்கி	p ʊ ɡ ɐ ɪ̯ b oː kː ɪ
புகைப்படங்கள்	p ʊ ɡ ɐ ɪ̯ pː ɐ ɖ ɐ ŋ ɡ ɐ ɭ
புகைப்படம்	p ʊ ɡ ɐ ɪ̯ pː ɐ ɖ ɐ m
புகைப்போக்கி	p ʊ ɡ ɐ ɪ̯ pː oː kː ɪ
புகையிலை	p ʊ ɡ ɐ ɪ̯ j ɪ l ɐ ɪ̯
புகைவண்டி	p ʊ ɡ ɐ ɪ̯ ʋ ɐ ɳ ɖ ɪ
புக்கில்	p ʊ kː ɪ l
புசி	p ʊ t͡ɕ ɪ
புசிப்பு	p ʊ t͡ɕ ɪ pː ʊ
புஜம்	b ʊ d͡ʑ ɐ m
புஞ்சை	p ʊ ɲ d͡ʑ ɐ ɪ̯
புடலங்காய்	p ʊ ɖ ɐ l ɐ ŋ ɡ ɑː j
புடவை	p ʊ ɖ ɐ ʋ ɐ ɪ̯
புடை	p ʊ ɖ ɐ ɪ̯
புடைபெயர்ச்சி	p ʊ ɖ ɐ ɪ̯ b e j ɐ ɾ t͡ɕː ɪ
புடைப்பு	p ʊ ɖ ɐ ɪ̯ pː ʊ
புடைமண்	p ʊ ɖ ɐ ɪ̯ m ɐ ɳ
புடைவை	p ʊ ɖ ɐ ɪ̯ ʋ ɐ ɪ̯
புட்டி	p ʊ ʈː ɪ
புட்டு	p ʊ ʈː ʊ
புட்பம்	p ʊ ʈ p ɐ m
புட்பராகம்	p ʊ ʈ p ɐ ɾ ɑː ɡ ɐ m
புட்பாகம்	p ʊ ʈ p ɑː ɡ ɐ m
புணர்	p ʊ ɳ ɐ ɾ
புணர்ச்சி	p ʊ ɳ ɐ ɾ t͡ɕː ɪ
புண்	p ʊ ɳ
புண்டரம்	p ʊ ɳ ɖ ɐ ɾ ɐ m
புண்டரீகம்	p ʊ ɳ ɖ ɐ ɾ iː ɡ ɐ m
புண்டை	p ʊ ɳ ɖ ɐ ɪ̯
புண்ணாக்கு	p ʊ ɳː ɑː kː ʊ
புண்ணியம்	p ʊ ɳː ɪ j ɐ m
புதன்	b ʊ d̪ ɐ n
புதன்	p ʊ d̪ ɐ n
புதன்கிழமை	b ʊ d̪ ɐ n ɡ ɪ ɻ ɐ m ɐ ɪ̯
புதன்கிழமை	p ʊ d̪ ɐ n ɡ ɪ ɻ ɐ m ɐ ɪ̯
புதர்	p ʊ d̪ ɐ ɾ
புதல்	p ʊ d̪ ɐ l
புதல்வன்	p ʊ d̪ ɐ l ʋ ɐ n
புதல்வி	p ʊ d̪ ɐ l ʋ ɪ
புதினம்	p ʊ d̪ ɪ n ɐ m
புதினா	p ʊ d̪ ɪ n ɑː
புதிய	p ʊ d̪ ɪ j ɐ
புதிர்	p ʊ d̪ ɪ ɾ
புது	p ʊ d̪ ʊ
புதுக்கோட்டை	p ʊ d̪ ʊ kː oː ʈː ɐ ɪ̯
புதுச்சேரி	p ʊ d̪ ʊ t͡ɕː eː ɾ ɪ
புதுப்பி	p ʊ d̪ ʊ pː ɪ
புதுமர்	p ʊ d̪ ʊ m ɐ ɾ
புதுமை	p ʊ d̪ ʊ m ɐ ɪ̯
புதுவருடம்	p ʊ d̪ ʊ ʋ ɐ ɾ ʊ ɖ ɐ m
புதுவருஷம்	p ʊ d̪ ʊ ʋ ɐ ɾ ʊ ʂ ɐ m
புதை	p ʊ d̪ ɐ ɪ̯
புதையல்	p ʊ d̪ ɐ ɪ̯ j ɐ l
புத்தகம்	p ʊ t̪ː ɐ ɡ ɐ m
புத்தன்	p ʊ t̪ː ɐ n
புத்தம்	p ʊ t̪ː ɐ m
புத்தம்	b ʊ t̪ː ɐ m
புத்தம்	p ʊ t̪ː ɐ m
புத்தம்புதிய	p ʊ t̪ː ɐ m b ʊ d̪ ɪ j ɐ
புத்தம்புது	p ʊ t̪ː ɐ m b ʊ d̪ ʊ
புத்தளம்	p ʊ t̪ː ɐ ɭ ɐ m
புத்தாண்டு	p ʊ t̪ː ɑː ɳ ɖ ʊ
புத்தி	b ʊ d̪ d̪ ɪ
புத்தி	b ʊ t̪ː ɪ
புத்தி	p ʊ t̪ː ɪ
புத்திரன்	p ʊ t̪ː ɪ ɾ ɐ n
புத்து	p ʊ t̪ː ʊ
புத்துணர்ச்சி	p ʊ t̪ː ʊ ɳ ɐ ɾ t͡ɕː ɪ
புத்துணர்வு	p ʊ t̪ː ʊ ɳ ɐ ɾ ʋ ʊ
புத்ராஜெயா	p ʊ t̪ ɾ ɑː d͡ʑ e j ɑː
புனல்	p ʊ n ɐ l
புனித	p ʊ n ɪ d̪ ɐ
புனிதன்	p ʊ n ɪ d̪ ɐ n
புனிதம்	p ʊ n ɪ d̪ ɐ m
புனிதவெள்ளி	p ʊ n ɪ d̪ ɐ ʋ e ɭː ɪ
புனுகு	p ʊ n ʊ ɡ ʊ
புனை	p ʊ n ɐ ɪ̯
புனைவு	p ʊ n ɐ ɪ̯ ʋ ʊ
புன்	p ʊ n
புன்செய்	p ʊ n t͡ɕ e j
புன்னகை	p ʊ nː ɐ ɡ ɐ ɪ̯
புன்னை	p ʊ nː ɐ ɪ̯
புயம்	p ʊ j ɐ m
புயற்காற்று	p ʊ j ɐ r k ɑː rː ʊ
புயல்	p ʊ j ɐ l
புரட்சி	p ʊ ɾ ɐ ʈ t͡ɕ ɪ
புரட்டாசி	p ʊ ɾ ɐ ʈː ɑː t͡ɕ ɪ
புரதம்	p ʊ ɾ ɐ d̪ ɐ m
புரம்	p ʊ ɾ ɐ m
புரளி	p ʊ ɾ ɐ ɭ ɪ
புரளு	p ʊ ɾ ɐ ɭ ʊ
புரள்	p ʊ ɾ ɐ ɭ
புரவு	p ʊ ɾ ɐ ʋ ʊ
புராணம்	p ʊ ɾ ɑː ɳ ɐ m
புரி	p ʊ ɾ ɪ
புரிதல்	p ʊ ɾ ɪ d̪ ɐ l
புரிந்து	p ʊ ɾ ɪ n̪ d̪ ʊ
புரியாத்தியா	p ʊ ɾ ɪ j ɑː t̪ː ɪ j ɑː
புரிவு	p ʊ ɾ ɪ ʋ ʊ
புருண்டி	b ʊ ɾ ʊ ɳ ɖ ɪ
புருண்டி	p ʊ ɾ ʊ ɳ ɖ ɪ
புருவம்	p ʊ ɾ ʊ ʋ ɐ m
புருஷன்	p ʊ ɾ ʊ ʂ ɐ n
புரூணை	p ʊ ɾ uː ɳ ɐ ɪ̯
புறப்படு	p ʊ r ɐ pː ɐ ɖ ʊ
புறம்	p ʊ r ɐ m
புறம்போக்கு	p ʊ r ɐ m b oː kː ʊ
புறவு	p ʊ r ɐ ʋ ʊ
புறா	p ʊ r ɑː
புறாக்கள்	p ʊ r ɑː kː ɐ ɭ
புற்கலம்	p ʊ r k ɐ l ɐ m
புற்கள்	p ʊ r k ɐ ɭ
புற்று	p ʊ rː ʊ
புற்றுநோய்	p ʊ rː ʊ n̪ oː j
புல	p ʊ l ɐ
புலனாய்வு	p ʊ l ɐ n ɑː j ʋ ʊ
புலமை	p ʊ l ɐ m ɐ ɪ̯
புலம்	p ʊ l ɐ m
புலம்பல்	p ʊ l ɐ m b ɐ l
புலம்பு	p ʊ l ɐ m b ʊ
புலவன்	p ʊ l ɐ ʋ ɐ n
புலவர்	p ʊ l ɐ ʋ ɐ ɾ
புலி	p ʊ l ɪ
புலிகள்	p ʊ l ɪ ɡ ɐ ɭ
புல்	p ʊ l
புல்லரி	p ʊ l l ɐ ɾ ɪ
புல்லரிசி	p ʊ l l ɐ ɾ ɪ t͡ɕ ɪ
புல்லாங்குழல்	p ʊ l l ɑː ŋ ɡ ʊ ɻ ɐ l
புல்லுத்தடுக்குஞ்சூரைச்செடி	p ʊ l l ʊ t̪ː ɐ ɖ ʊ kː ʊ ɲ d͡ʑ uː ɾ ɐ ɪ̯ t͡ɕː e ɖ ɪ
புளி	p ʊ ɭ ɪ
புளிச்செவ்வந்தி	p ʊ ɭ ɪ t͡ɕː e ʋː ɐ n̪ d̪ ɪ
புளிப்பு	p ʊ ɭ ɪ pː ʊ
புளியங்காய்	p ʊ ɭ ɪ j ɐ ŋ ɡ ɑː j
புளூட்டோ	p ʊ ɭ uː ʈː oː
புள்	p ʊ ɭ
புள்ளி	p ʊ ɭː ɪ
புள்ளிமான்	p ʊ ɭː ɪ m ɑː n
புள்ளியியல்	p ʊ ɭː ɪ j ɪ j ɐ l
புள்ளுவம்	p ʊ ɭː ʊ ʋ ɐ m
புழங்கு	p ʊ ɻ ɐ ŋ ɡ ʊ
புழு	p ʊ ɻ ʊ
புழுங்கு	p ʊ ɻ ʊ ŋ ɡ ʊ
புழுதி	p ʊ ɻ ʊ d̪ ɪ
புழுத்துளை	p ʊ ɻ ʊ t̪ː ʊ ɭ ɐ ɪ̯
புவனி	b ʊ ʋ ɐ n ɪ
புவி	p ʊ ʋ ɪ
புவியிடங்காட்டி	p ʊ ʋ ɪ j ɪ ɖ ɐ ŋ ɡ ɑː ʈː ɪ
புவியியல்	p ʊ ʋ ɪ j ɪ j ɐ l
புஷ்பம்	p ʊ ʂ p ɐ m
புஷ்பராகம்	p ʊ ʂ p ɐ ɾ ɑː ɡ ɐ m
புஸ்தகம்	p ʊ s t̪ ɐ ɡ ɐ m
பூ	p uː
பூ	b uː
பூகண்டம்	b uː ɡ ɐ ɳ ɖ ɐ m
பூகண்டம்	p uː ɡ ɐ ɳ ɖ ɐ m
பூகம்பம்	b uː ɡ ɐ m b ɐ m
பூகம்பம்	p uː ɡ ɐ m b ɐ m
பூகோளம்	b uː ɡ oː ɭ ɐ m
பூங்கா	p uː ŋ ɡ ɑː
பூங்காற்று	p uː ŋ ɡ ɑː rː ʊ
பூங்கொடி	p uː ŋ ɡ o ɖ ɪ
பூசணம்	p uː t͡ɕ ɐ ɳ ɐ m
பூசணி	p uː t͡ɕ ɐ ɳ ɪ
பூசாரி	p uː t͡ɕ ɑː ɾ ɪ
பூசு	p uː t͡ɕ ʊ
பூசை	p uː t͡ɕ ɐ ɪ̯
பூச்ச	p uː t͡ɕː ɐ
பூச்சாண்டி	p uː t͡ɕː ɑː ɳ ɖ ɪ
பூச்சி	p uː t͡ɕː ɪ
பூச்சிக்கொல்லி	p uː t͡ɕː ɪ kː o l l ɪ
பூச்சியம்	p uː t͡ɕː ɪ j ɐ m
பூச்செண்டு	p uː t͡ɕː e ɳ ɖ ʊ
பூஜியம்	p uː d͡ʑ ɪ j ɐ m
பூஜை	p uː d͡ʑ ɐ ɪ̯
பூஜையில்	p uː d͡ʑ ɐ ɪ̯ j ɪ l
பூஜ்யம்	p uː d͡ʑ j ɐ m
பூஞை	p uː ɲ ɐ ɪ̯
பூஞ்சணம்	p uː ɲ d͡ʑ ɐ ɳ ɐ m
பூஞ்சல்	p uː ɲ d͡ʑ ɐ l
பூஞ்சு	p uː ɲ d͡ʑ ʊ
பூஞ்செண்டு	p uː ɲ d͡ʑ e ɳ ɖ ʊ
பூஞ்சை	p uː ɲ d͡ʑ ɐ ɪ̯
பூடகம்	p uː ɖ ɐ ɡ ɐ m
பூடணம்	p uː ɖ ɐ ɳ ɐ m
பூடு	p uː ɖ ʊ
பூட்டன்	p uː ʈː ɐ n
பூட்டான்	b uː ʈː ɑː n
பூட்டான்	p uː ʈː ɑː n
பூட்டு	p uː ʈː ʊ
பூட்டை	p uː ʈː ɐ ɪ̯
பூட்டைக்கிணறு	p uː ʈː ɐ ɪ̯ kː ɪ ɳ ɐ r ʊ
பூணூல்	p uː ɳ uː l
பூண்	p uː ɳ
பூண்டு	p uː ɳ ɖ ʊ
பூதம்	b uː d̪ ɐ m
பூதம்	p uː d̪ ɐ m
பூதவுடல்	b uː d̪ ɐ ʋ ʊ ɖ ɐ l
பூந்தொட்டி	p uː n̪ d̪ o ʈː ɪ
பூனை	p uː n ɐ ɪ̯
பூனைகள்	p uː n ɐ ɪ̯ ɡ ɐ ɭ
பூனைக்குட்டி	p uː n ɐ ɪ̯ kː ʊ ʈː ɪ
பூப்பு	p uː pː ʊ
பூமி	b uː m ɪ
பூமிசாஸ்திரம்	p uː m ɪ t͡ɕ ɑː s t̪ ɪ ɾ ɐ m
பூம்	p uː m
பூம்பூம்மாடு	b uː m b uː m m ɑː ɖ ʊ
பூரணமி	p uː ɾ ɐ ɳ ɐ m ɪ
பூரணம்	p uː ɾ ɐ ɳ ɐ m
பூரா	p uː ɾ ɑː
பூரான்	p uː ɾ ɑː n
பூரி	p uː ɾ ɪ
பூரி	p uː ɾ ɪ
பூரி	b uː ɾ ɪ
பூரியம்	p uː ɾ ɪ j ɐ m
பூர்	p uː ɾ
பூர்ணம்	p uː ɾ ɳ ɐ m
பூர்த்தி	p uː ɾ t̪ː ɪ
பூர்வகாலம்	p uː ɾ ʋ ɐ ɡ ɑː l ɐ m
பூறு	p uː r ʊ
பூலாங்கிழங்கு	p uː l ɑː ŋ ɡ ɪ ɻ ɐ ŋ ɡ ʊ
பூலாஞ்சி	p uː l ɑː ɲ d͡ʑ ɪ
பூளை	p uː ɭ ɐ ɪ̯
பூள்	p uː ɭ
பூழிநாடு	p uː ɻ ɪ n̪ ɑː ɖ ʊ
பூவிதழ்	p uː ʋ ɪ d̪ ɐ ɻ
பெங்களூரு	b e ŋ ɡ ɐ ɭ uː ɾ ʊ
பெங்களூர்	b e ŋ ɡ ɐ ɭ uː ɾ
பெங்காலி	b e ŋ ɡ ɑː l ɪ
பெஞ்சமின்	b e ɲ d͡ʑ ɐ m ɪ n
பெடை	p e ɖ ɐ ɪ̯
பெட்டகம்	p e ʈː ɐ ɡ ɐ m
பெட்டி	p e ʈː ɪ
பெட்டை	p e ʈː ɐ ɪ̯
பெட்டையன்	p e ʈː ɐ ɪ̯ j ɐ n
பெட்ரோல்	p e ʈ ɾ oː l
பெண்	p e ɳ
பெண்கரு	p e ɳ ɡ ɐ ɾ ʊ
பெண்கள்	p e ɳ ɡ ɐ ɭ
பெண்குறி	p e ɳ ɡ ʊ r ɪ
பெண்சனம்	p e ɳ t͡ɕ ɐ n ɐ m
பெண்டகன்	p e ɳ ɖ ɐ ɡ ɐ n
பெண்டன்	p e ɳ ɖ ɐ n
பெண்டாட்டி	p e ɳ ɖ ɑː ʈː ɪ
பெண்டிர்	p e ɳ ɖ ɪ ɾ
பெண்டு	p e ɳ ɖ ʊ
பெண்ணன்	p e ɳː ɐ n
பெண்ணியம்	p e ɳː ɪ j ɐ m
பெண்பால்	p e ɳ b ɑː l
பெண்பால்	p e ɳ p ɑː l
பெண்மை	p e ɳ m ɐ ɪ̯
பெனின்	b e n ɪ n
பெனின்	p e n ɪ n
பென்சீன்	p e n t͡ɕ iː n
பென்யமீன்	p e n j ɐ m iː n
பெயரடை	p e j ɐ ɾ ɐ ɖ ɐ ɪ̯
பெயரன்	p e j ɐ ɾ ɐ n
பெயருரிச்சொல்	p e j ɐ ɾ ʊ ɾ ɪ t͡ɕː o l
பெயரெச்சம்	p e j ɐ ɾ e t͡ɕː ɐ m
பெயர்	p e j ɐ ɾ
பெயர்க்கு	p e j ɐ ɾ kː ʊ
பெயர்ச்சி	p e j ɐ ɾ t͡ɕː ɪ
பெயர்ச்சொல்	p e j ɐ ɾ t͡ɕː o l
பெயர்த்தி	p e j ɐ ɾ t̪ː ɪ
பெயர்த்திரிசொல்	p e j ɐ ɾ t̪ː ɪ ɾ ɪ t͡ɕ o l
பெயர்த்துரை	p e j ɐ ɾ t̪ː ʊ ɾ ɐ ɪ̯
பெயர்புறம்	p e j ɐ ɾ b ʊ r ɐ m
பெயர்ப்படு	p e j ɐ ɾ pː ɐ ɖ ʊ
பெயர்ப்பு	p e j ɐ ɾ pː ʊ
பெயர்வழி	p e j ɐ ɾ ʋ ɐ ɻ ɪ
பெயர்வேற்றுமை	p e j ɐ ɾ ʋ eː rː ʊ m ɐ ɪ̯
பெயலை	p e j ɐ l ɐ ɪ̯
பெய்	p e j
பெய்துரை	p e j d̪ ʊ ɾ ɐ ɪ̯
பெரம்பலூர்	p e ɾ ɐ m b ɐ l uː ɾ
பெரிய	p e ɾ ɪ j ɐ
பெரியதம்பிரான்	p e ɾ ɪ j ɐ d̪ ɐ m b ɪ ɾ ɑː n
பெரியப்பா	p e ɾ ɪ j ɐ pː ɑː
பெரியமுள்	p e ɾ ɪ j ɐ m ʊ ɭ
பெரியம்மை	p e ɾ ɪ j ɐ mː ɐ ɪ̯
பெரியவர்	p e ɾ ɪ j ɐ ʋ ɐ ɾ
பெரியவெள்ளிக்கிழமை	p e ɾ ɪ j ɐ ʋ e ɭː ɪ kː ɪ ɻ ɐ m ɐ ɪ̯
பெரியார்	p e ɾ ɪ j ɑː ɾ
பெரியாறு	p e ɾ ɪ j ɑː r ʊ
பெரியாழ்வார்	p e ɾ ɪ j ɑː ɻ ʋ ɑː ɾ
பெரியோன்	p e ɾ ɪ j oː n
பெரு	p e ɾ ʊ
பெருகு	p e ɾ ʊ ɡ ʊ
பெருக்க	p e ɾ ʊ kː ɐ
பெருக்கம்	p e ɾ ʊ kː ɐ m
பெருக்கல்	p e ɾ ʊ kː ɐ l
பெருக்கல்வாய்பாடு	p e ɾ ʊ kː ɐ l ʋ ɑː j b ɑː ɖ ʊ
பெருக்கான்	p e ɾ ʊ kː ɑː n
பெருக்கு	p e ɾ ʊ kː ʊ
பெருக்கெடு	p e ɾ ʊ kː e ɖ ʊ
பெருங்கடல்	p e ɾ ʊ ŋ ɡ ɐ ɖ ɐ l
பெருங்கடல்கள்	p e ɾ ʊ ŋ ɡ ɐ ɖ ɐ l ɡ ɐ ɭ
பெருங்காயம்	p e ɾ ʊ ŋ ɡ ɑː j ɐ m
பெருங்குடல்	p e ɾ ʊ ŋ ɡ ʊ ɖ ɐ l
பெருச்சாளி	p e ɾ ʊ t͡ɕː ɑː ɭ ɪ
பெருஞ்சீரகம்	p e ɾ ʊ ɲ d͡ʑ iː ɾ ɐ ɡ ɐ m
பெருநெஞ்சு	p e ɾ ʊ n̪ e ɲ d͡ʑ ʊ
பெருந்தன்மை	p e ɾ ʊ n̪ d̪ ɐ n m ɐ ɪ̯
பெருந்தாரா	p e ɾ ʊ n̪ d̪ ɑː ɾ ɑː
பெருந்துத்தி	p e ɾ ʊ n̪ d̪ ʊ t̪ː ɪ
பெருந்தொற்று	p e ɾ ʊ n̪ d̪ o rː ʊ
பெருமருந்து	p e ɾ ʊ m ɐ ɾ ʊ n̪ d̪ ʊ
பெருமழை	p e ɾ ʊ m ɐ ɻ ɐ ɪ̯
பெருமாள்	p e ɾ ʊ m ɑː ɭ
பெருமூச்சு	p e ɾ ʊ m uː t͡ɕː ʊ
பெருமூச்சுவிடு	p e ɾ ʊ m uː t͡ɕː ʊ ʋ ɪ ɖ ʊ
பெருமை	p e ɾ ʊ m ɐ ɪ̯
பெரும்	p e ɾ ʊ m
பெரும்பான்மை	p e ɾ ʊ m b ɑː n m ɐ ɪ̯
பெரும்பாலும்	p e ɾ ʊ m b ɑː l ʊ m
பெரும்பாழ்	p e ɾ ʊ m b ɑː ɻ
பெருவிரல்	p e ɾ ʊ ʋ ɪ ɾ ɐ l
பெர்லின்	p e ɾ l ɪ n
பெர்லிஸ்	p e ɾ l ɪ s
பெறாத	p e r ɑː d̪ ɐ
பெறு	p e r ʊ
பெறுக	p e r ʊ ɡ ɐ
பெற்ற	p e rː ɐ
பெற்றம்	p e rː ɐ m
பெற்றவன்	p e rː ɐ ʋ ɐ n
பெற்றார்	p e rː ɑː ɾ
பெற்றி	p e rː ɪ
பெற்றிமை	p e rː ɪ m ɐ ɪ̯
பெற்றோர்	p e rː oː ɾ
பெலரஸ்	b e l ɐ ɾ ɐ s
பெலரஸ்	p e l ɐ ɾ ɐ s
பெலருஸ்	b e l ɐ ɾ ʊ s
பெலருஸ்	p e l ɐ ɾ ʊ s
பெலாரஸ்	b e l ɑː ɾ ɐ s
பெலாரஸ்	p e l ɑː ɾ ɐ s
பெலிஸ்	b e l ɪ s
பெலிஸ்	p e l ɪ s
பெலீசு	b e l iː t͡ɕ ʊ
பெலீசு	p e l iː t͡ɕ ʊ
பெலீஸ்	b e l iː s
பெலீஸ்	p e l iː s
பெல்ஜியம்	b e l d͡ʑ ɪ j ɐ m
பெல்ஜியம்	p e l d͡ʑ ɪ j ɐ m
பேக்கு	b eː kː ʊ
பேசி	p eː t͡ɕ ɪ
பேசு	p eː t͡ɕ ʊ
பேச்சாளர்	p eː t͡ɕː ɑː ɭ ɐ ɾ
பேச்சு	p eː t͡ɕː ʊ
பேச்சுவார்த்தை	p eː t͡ɕː ʊ ʋ ɑː ɾ t̪ː ɐ ɪ̯
பேஜார்	b eː d͡ʑ ɑː ɾ
பேஜோ	p eː d͡ʑ oː
பேடி	p eː ɖ ɪ
பேட்டி	p eː ʈː ɪ
பேணு	p eː ɳ ʊ
பேண்	p eː ɳ
பேதிமருந்து	p eː d̪ ɪ m ɐ ɾ ʊ n̪ d̪ ʊ
பேதுரு	p eː d̪ ʊ ɾ ʊ
பேதை	p eː d̪ ɐ ɪ̯
பேத்தி	p eː t̪ː ɪ
பேத்து	p eː t̪ː ʊ
பேந்து	p eː n̪ d̪ ʊ
பேனம்	p eː n ɐ m
பேனா	p eː n ɑː
பேன்	p eː n
பேன்பார்	p eː n b ɑː ɾ
பேய்	p eː j
பேய்க்கணவாய்	p eː j kː ɐ ɳ ɐ ʋ ɑː j
பேய்க்கருங்காலி	p eː j kː ɐ ɾ ʊ ŋ ɡ ɑː l ɪ
பேய்க்காற்று	p eː j kː ɑː rː ʊ
பேய்மருட்டி	p eː j m ɐ ɾ ʊ ʈː ɪ
பேரன்	p eː ɾ ɐ n
பேரம்	b eː ɾ ɐ m
பேரரசு	p eː ɾ ɐ ɾ ɐ t͡ɕ ʊ
பேரருவி	p eː ɾ ɐ ɾ ʊ ʋ ɪ
பேராக்	p eː ɾ ɑː k
பேராசிரியர்	p eː ɾ ɑː t͡ɕ ɪ ɾ ɪ j ɐ ɾ
பேராசை	p eː ɾ ɑː t͡ɕ ɐ ɪ̯
பேராசைக்காரன்	p eː ɾ ɑː t͡ɕ ɐ ɪ̯ kː ɑː ɾ ɐ n
பேராசைக்காரர்கள்	p eː ɾ ɑː t͡ɕ ɐ ɪ̯ kː ɑː ɾ ɐ ɾ ɡ ɐ ɭ
பேராண்டி	p eː ɾ ɑː ɳ ɖ ɪ
பேரானந்தம்	p eː ɾ ɑː n ɐ n̪ d̪ ɐ m
பேராலயம்	p eː ɾ ɑː l ɐ j ɐ m
பேரிடர்	p eː ɾ ɪ ɖ ɐ ɾ
பேரினம்	p eː ɾ ɪ n ɐ m
பேரின்பம்	p eː ɾ ɪ n b ɐ m
பேரியாறு	p eː ɾ ɪ j ɑː r ʊ
பேரீச்சம்	p eː ɾ iː t͡ɕː ɐ m
பேரீச்சம்பழம்	p eː ɾ iː t͡ɕː ɐ m b ɐ ɻ ɐ m
பேரீச்சை	p eː ɾ iː t͡ɕː ɐ ɪ̯
பேருந்து	p eː ɾ ʊ n̪ d̪ ʊ
பேரூராட்சி	p eː ɾ uː ɾ ɑː ʈ t͡ɕ ɪ
பேரூர்	p eː ɾ uː ɾ
பேரேடு	p eː ɾ eː ɖ ʊ
பேரொலி	p eː ɾ o l ɪ
பேர்	p eː ɾ
பேர்த்தி	p eː ɾ t̪ː ɪ
பேர்வழி	p eː ɾ ʋ ɐ ɻ ɪ
பேறு	p eː r ʊ
பேல்	p eː l
பேள்	p eː ɭ
பேழை	p eː ɻ ɐ ɪ̯
பேஷ்வா	p eː ʂ ʋ ɑː
பை	p ɐ ɪ̯
பைங்கிளி	p ɐ ɪ̯ ŋ ɡ ɪ ɭ ɪ
பைசா	p ɐ ɪ̯ t͡ɕ ɑː
பைத்தியம்	p ɐ ɪ̯ t̪ː ɪ j ɐ m
பைம்	p ɐ ɪ̯ m
பையன்	p ɐ ɪ̯ j ɐ n
பையுள்	p ɐ ɪ̯ j ʊ ɭ
பைவன்	p ɐ ɪ̯ ʋ ɐ n
பொ	p o
பொக்கிஷம்	p o kː ɪ ʂ ɐ m
பொக்கை	b o kː ɐ ɪ̯
பொங்கற்பானை	p o ŋ ɡ ɐ r p ɑː n ɐ ɪ̯
பொங்கல்	p o ŋ ɡ ɐ l
பொங்கு	p o ŋ ɡ ʊ
பொசுக்கு	p o t͡ɕ ʊ kː ʊ
பொச்சு	p o t͡ɕː ʊ
பொடனி	p o ɖ ɐ n ɪ
பொடி	p o ɖ ɪ
பொடுகு	p o ɖ ʊ ɡ ʊ
பொட்டச்சி	p o ʈː ɐ t͡ɕː ɪ
பொட்டி	p o ʈː ɪ
பொட்டு	p o ʈː ʊ
பொண்டாட்டி	p o ɳ ɖ ɑː ʈː ɪ
பொது	p o d̪ ʊ
பொதுமகள்	p o d̪ ʊ m ɐ ɡ ɐ ɭ
பொதுமக்கள்	p o d̪ ʊ m ɐ kː ɐ ɭ
பொதுமை	p o d̪ ʊ m ɐ ɪ̯
பொத்தாறு	p o t̪ː ɑː r ʊ
பொத்தாறுக்கட்டை	p o t̪ː ɑː r ʊ kː ɐ ʈː ɐ ɪ̯
பொத்து	p o t̪ː ʊ
பொந்து	p o n̪ d̪ ʊ
பொந்து	b o n̪ d̪ ʊ
பொன்	p o n
பொன்னாங்கண்ணி	p o nː ɑː ŋ ɡ ɐ ɳː ɪ
பொன்னாங்காணி	p o nː ɑː ŋ ɡ ɑː ɳ ɪ
பொன்னி	p o nː ɪ
பொன்னெழுத்து	p o nː e ɻ ʊ t̪ː ʊ
பொன்வண்டு	p o n ʋ ɐ ɳ ɖ ʊ
பொன்விழா	p o n ʋ ɪ ɻ ɑː
பொம்பளை	p o m b ɐ ɭ ɐ ɪ̯
பொம்மலாட்டம்	p o mː ɐ l ɑː ʈː ɐ m
பொம்மலாட்டம்	b o mː ɐ l ɑː ʈː ɐ m
பொம்மை	p o mː ɐ ɪ̯
பொம்மை	b o mː ɐ ɪ̯
பொய்	p o j
பொய்கை	p o j ɡ ɐ ɪ̯
பொய்யன்	p o jː ɐ n
பொரி	p o ɾ ɪ
பொருட்காட்சி	p o ɾ ʊ ʈ k ɑː ʈ t͡ɕ ɪ
பொருட்டு	p o ɾ ʊ ʈː ʊ
பொருட்பெயர்	p o ɾ ʊ ʈ p e j ɐ ɾ
பொருது	p o ɾ ʊ d̪ ʊ
பொருத்தம்	p o ɾ ʊ t̪ː ɐ m
பொருத்து	p o ɾ ʊ t̪ː ʊ
பொருந்து	p o ɾ ʊ n̪ d̪ ʊ
பொருளட்டவணை	p o ɾ ʊ ɭ ɐ ʈː ɐ ʋ ɐ ɳ ɐ ɪ̯
பொருளாதாரம்	p o ɾ ʊ ɭ ɑː d̪ ɑː ɾ ɐ m
பொருளியல்	p o ɾ ʊ ɭ ɪ j ɐ l
பொருள்	p o ɾ ʊ ɭ
பொருவாய்	p o ɾ ʊ ʋ ɑː j
பொறாமை	p o r ɑː m ɐ ɪ̯
பொறி	p o r ɪ
பொறிக்கற்றல்	p o r ɪ kː ɐ rː ɐ l
பொறியாளர்	p o r ɪ j ɑː ɭ ɐ ɾ
பொறியியல்	p o r ɪ j ɪ j ɐ l
பொறு	p o r ʊ
பொறுக்கி	p o r ʊ kː ɪ
பொறுக்கு	p o r ʊ kː ʊ
பொறுப்பு	p o r ʊ pː ʊ
பொறுமை	p o r ʊ m ɐ ɪ̯
பொற்கொல்லன்	p o r k o l l ɐ n
பொற்கோயில்	p o r k oː j ɪ l
பொற்கோவில்	p o r k oː ʋ ɪ l
பொலிவியா	b o l ɪ ʋ ɪ j ɑː
பொலிவியா	p o l ɪ ʋ ɪ j ɑː
பொலிவு	p o l ɪ ʋ ʊ
பொலீவியா	b o l iː ʋ ɪ j ɑː
பொலீவியா	p o l iː ʋ ɪ j ɑː
பொல்லா	p o l l ɑː
பொல்லாத	p o l l ɑː d̪ ɐ
பொல்லாப்பு	p o l l ɑː pː ʊ
பொழி	p o ɻ ɪ
பொழில்	p o ɻ ɪ l
பொழுது	p o ɻ ʊ d̪ ʊ
பொழுதுபோ	p o ɻ ʊ d̪ ʊ b oː
பொழுதுபோக்கு	p o ɻ ʊ d̪ ʊ b oː kː ʊ
போ	p oː
போக	p oː ɡ ɐ
போகாது	p oː ɡ ɑː d̪ ʊ
போகி	p oː ɡ ɪ
போகி	b oː ɡ ɪ
போகு	p oː ɡ ʊ
போகும்	p oː ɡ ʊ m
போக்கிரி	p oː kː ɪ ɾ ɪ
போக்கிலி	p oː kː ɪ l ɪ
போக்கு	p oː kː ʊ
போக்குவரத்து	p oː kː ʊ ʋ ɐ ɾ ɐ t̪ː ʊ
போசி	p oː t͡ɕ ɪ
போஜனம்	p oː d͡ʑ ɐ n ɐ m
போஜனம்	b oː d͡ʑ ɐ n ɐ m
போட	p oː ɖ ɐ
போடு	p oː ɖ ʊ
போட்சுவானா	b oː ʈ t͡ɕ ʊ ʋ ɑː n ɑː
போட்சுவானா	p oː ʈ t͡ɕ ʊ ʋ ɑː n ɑː
போட்டி	p oː ʈː ɪ
போட்டு	p oː ʈː ʊ
போட்ஸ்வானா	b oː ʈ s ʋ ɑː n ɑː
போட்ஸ்வானா	p oː ʈ s ʋ ɑː n ɑː
போணம்	p oː ɳ ɐ m
போண்டா	b oː ɳ ɖ ɑː
போண்டா	p oː ɳ ɖ ɑː
போதாமை	p oː d̪ ɑː m ɐ ɪ̯
போதி	b oː d̪ ɪ
போதி	p oː d̪ ɪ
போதி	b oː d̪ ɪ
போதி	p oː d̪ ɪ
போதி	p oː d̪ ɪ
போதிகைப்பலகை	p oː d̪ ɪ ɡ ɐ ɪ̯ pː ɐ l ɐ ɡ ɐ ɪ̯
போதியார்	p oː d̪ ɪ j ɑː ɾ
போது	p oː d̪ ʊ
போதும்	p oː d̪ ʊ m
போதை	b oː d̪ a i
போதை	p oː d̪ a i
போதைப்பழக்கம்	p oː d̪ ɐ ɪ̯ pː ɐ ɻ ɐ kː ɐ m
போதைப்பொருள்	p oː d̪ ɐ ɪ̯ pː o ɾ ʊ ɭ
போதைமருந்து	p oː d̪ ɐ ɪ̯ m ɐ ɾ ʊ n̪ d̪ ʊ
போத்து	p oː t̪ː ʊ
போன	p oː n ɐ
போனகம்	p oː n ɐ ɡ ɐ m
போனால்	p oː n ɑː l
போன்ற	p oː n r ɐ
போன்றீயம்	p oː n r iː j ɐ m
போபால்	p oː b ɑː l
போப்புதாச்சானை	b oː pː ʊ t̪ː ɑː t͡ɕː ɑː n ɐ ɪ̯
போயர்	p oː j ɐ ɾ
போய்	p oː j
போய்வா	p oː j ʋ ɑː
போய்விட்டுவா	p oː j ʋ ɪ ʈː ʊ ʋ ɑː
போராடு	p oː ɾ ɑː ɖ ʊ
போராட்டம்	p oː ɾ ɑː ʈː ɐ m
போராளி	p oː ɾ ɑː ɭ ɪ
போர்	p oː ɾ
போர்	p oː ɾ
போர்	b oː ɾ
போர்க்களம்	p oː ɾ kː ɐ ɭ ɐ m
போர்டு	p oː ɾ ɖ ʊ
போர்த்து	p oː ɾ t̪ː ʊ
போர்வை	p oː ɾ ʋ ɐ ɪ̯
போறை	p oː r ɐ ɪ̯
போற்றி	p oː rː ɪ
போற்று	p oː rː ʊ
போற்றுநர்	p oː rː ʊ n̪ ɐ ɾ
போல	p oː l ɐ
போலந்து	p oː l ɐ n̪ d̪ ʊ
போலாந்து	p oː l ɑː n̪ d̪ ʊ
போலி	p oː l ɪ
போலிஷ்	p oː l ɪ ʂ
போலீசு	p oː l iː t͡ɕ ʊ
போல்	p oː l
பௌதிகம்	b ɐ ʊ̯ d̪ ɪ ɡ ɐ m
பௌத்தம்	p ɐ ʊ̯ t̪ː ɐ m
பௌத்தம்	b ɐ ʊ̯ t̪ː ɐ m
பௌமம்	p ɐ ʊ̯ m ɐ m
பௌமஸ்நானம்	p ɐ ʊ̯ m ɐ s n̪ ɑː n ɐ m
பௌர்ணமி	p ɐ ʊ̯ ɾ ɳ ɐ m ɪ
ப்	i p
ப்	i pː ɯ
ப்	p
ப்ரஜ்ஞா	p ɾ ɐ d͡ʑ ɲ ɑː
ம	m ɐ
மக	m a ɡ a
மக	m a ɦ a
மக	m a h e
மகடூஉ	m ɐ ɡ ɐ ɖ uː ʊ
மகன்	m ɐ ɡ ɐ n
மகப்பேறு	m ɐ ɡ ɐ pː eː r ʊ
மகரக்குறுக்கம்	m ɐ ɡ ɐ ɾ ɐ kː ʊ r ʊ kː ɐ m
மகரந்தம்	m ɐ ɡ ɐ ɾ ɐ n̪ d̪ ɐ m
மகரம்	m ɐ ɡ ɐ ɾ ɐ m
மகரவாழை	m ɐ ɡ ɐ ɾ ɐ ʋ ɑː ɻ ɐ ɪ̯
மகளிர்	m ɐ ɡ ɐ ɭ ɪ ɾ
மகள்	m ɐ ɡ ɐ ɭ
மகள்கள்	m ɐ ɡ ɐ ɭ ɡ ɐ ɭ
மகவு	m ɐ ɡ ɐ ʋ ʊ
மகா	m ɐ ɡ ɑː
மகாதேவன்	m ɐ ɡ ɑː d̪ eː ʋ ɐ n
மகாபலிபுரம்	m a ɡ aː b a l i p u ɾ a m
மகாபலிபுரம்	m a h aː b a l i p u ɾ a m
மகாபாரதம்	m ɐ ɡ ɑː b ɑː ɾ ɐ d̪ ɐ m
மகாராட்டிரம்	m ɐ ɡ ɑː ɾ ɑː ʈː ɪ ɾ ɐ m
மகிடம்	m ɐ ɡ ɪ ɖ ɐ m
மகிமை	m ɐ ɡ ɪ m ɐ ɪ̯
மகிமை	m ɐ h ɪ m ɐ ɪ̯
மகிழம்	m ɐ ɡ ɪ ɻ ɐ m
மகிழினி	m ɐ ɡ ɪ ɻ ɪ n ɪ
மகிழுந்து	m ɐ ɡ ɪ ɻ ʊ n̪ d̪ ʊ
மகிழ்	m ɐ ɡ ɪ ɻ
மகிழ்ச்சி	m ɐ ɡ ɪ ɻ t͡ɕː ɪ
மகிழ்வன்	m ɐ ɡ ɪ ɻ ʋ ɐ n
மகிழ்வி	m ɐ ɡ ɪ ɻ ʋ ɪ
மகிஷம்	m ɐ ɡ ɪ ʂ ɐ m
மகுடம்	m ɐ ɡ ʊ ɖ ɐ m
மகேசன்	m ɐ ɡ eː t͡ɕ ɐ n
மகேசுரன்	m ɐ ɡ eː t͡ɕ ʊ ɾ ɐ n
மகேசுவரன்	m ɐ ɡ eː t͡ɕ ʊ ʋ ɐ ɾ ɐ n
மகேச்சுரன்	m ɐ ɡ eː t͡ɕː ʊ ɾ ɐ n
மகேச்சுவரன்	m ɐ ɡ eː t͡ɕː ʊ ʋ ɐ ɾ ɐ n
மகேந்திரன்	m ɐ ɡ eː n̪ d̪ ɪ ɾ ɐ n
மகோற்சவம்	m ɐ ɡ oː r t͡ɕ ɐ ʋ ɐ m
மக்கம்	m ɐ kː ɐ m
மக்களாட்சி	m ɐ kː ɐ ɭ ɑː ʈ t͡ɕ ɪ
மக்கள்	m ɐ kː ɐ ɭ
மக்கள்தொகை	m ɐ kː ɐ ɭ t̪ o ɡ ɐ ɪ̯
மக்காவு	m ɐ kː ɑː ʋ ʊ
மக்கு	m ɐ kː ʊ
மங்கனிறம்	m ɐ ŋ ɡ ɐ n ɪ r ɐ m
மங்கலியன்	m ɐ ŋ ɡ ɐ l ɪ j ɐ n
மங்களம்	m ɐ ŋ ɡ ɐ ɭ ɐ m
மங்கா	m ɐ ŋ ɡ ɑː
மங்கிணி	m ɐ ŋ ɡ ɪ ɳ ɪ
மங்கினி	m ɐ ŋ ɡ ɪ n ɪ
மங்கு	m ɐ ŋ ɡ ʊ
மங்குசுத்தான்	m ɐ ŋ ɡ ʊ t͡ɕ ʊ t̪ː ɑː n
மங்கை	m ɐ ŋ ɡ ɐ ɪ̯
மங்கோலியா	m ɐ ŋ ɡ oː l ɪ j ɑː
மசக்கை	m ɐ t͡ɕ ɐ kː ɐ ɪ̯
மசாலா	m ɐ t͡ɕ ɑː l ɑː
மசிர்	m ɐ t͡ɕ ɪ ɾ
மசூதி	m ɐ t͡ɕ uː d̪ ɪ
மச்சம்	m ɐ t͡ɕː ɐ m
மச்சான்	m ɐ t͡ɕː ɑː n
மச்சினன்	m ɐ t͡ɕː ɪ n ɐ n
மஜா	m ɐ d͡ʑ ɑː
மஞ்சட்காமாலை	m ɐ ɲ d͡ʑ ɐ ʈ k ɑː m ɑː l ɐ ɪ̯
மஞ்சட்கொழுப்பன்	m ɐ ɲ d͡ʑ ɐ ʈ k o ɻ ʊ pː ɐ n
மஞ்சட்சாமந்தி	m ɐ ɲ d͡ʑ ɐ ʈ t͡ɕ ɑː m ɐ n̪ d̪ ɪ
மஞ்சட்டி	m ɐ ɲ d͡ʑ ɐ ʈː ɪ
மஞ்சன்	m ɐ ɲ d͡ʑ ɐ n
மஞ்சள்	m ɐ ɲ d͡ʑ ɐ ɭ
மஞ்சள்முள்ளங்கி	m ɐ ɲ d͡ʑ ɐ ɭ m ʊ ɭː ɐ ŋ ɡ ɪ
மஞ்சிகை	m ɐ ɲ d͡ʑ ɪ ɡ ɐ ɪ̯
மஞ்சிட்டி	m ɐ ɲ d͡ʑ ɪ ʈː ɪ
மஞ்சு	m ɐ ɲ d͡ʑ ʊ
மஞ்ஞை	m ɐ ɲː ɐ ɪ̯
மஞ்ஞைக்கு	m ɐ ɲː ɐ ɪ̯ kː ʊ
மட	m ɐ ɖ ɐ
மடகாஸ்கர்	m ɐ ɖ ɐ ɡ ɑː s k ɐ ɾ
மடக்கம்	m ɐ ɖ ɐ kː ɐ m
மடக்கு	m ɐ ɖ ɐ kː ʊ
மடங்கல்	m ɐ ɖ ɐ ŋ ɡ ɐ l
மடங்கு	m ɐ ɖ ɐ ŋ ɡ ʊ
மடந்தை	m ɐ ɖ ɐ n̪ d̪ ɐ ɪ̯
மடமை	m ɐ ɖ ɐ m ɐ ɪ̯
மடம்	m ɐ ɖ ɐ m
மடல்	m ɐ ɖ ɐ l
மடி	m ɐ ɖ ɪ
மடிக்கணினி	m ɐ ɖ ɪ kː ɐ ɳ ɪ n ɪ
மடிப்பு	m ɐ ɖ ɪ pː ʊ
மடுத்தல்	m ɐ ɖ ʊ t̪ː ɐ l
மடை	m ɐ ɖ ɐ ɪ̯
மட்டக்களப்பு	m ɐ ʈː ɐ kː ɐ ɭ ɐ pː ʊ
மட்டம்	m ɐ ʈː ɐ m
மட்டு	m ɐ ʈː ʊ
மட்டுக்கோணம்	m ɐ ʈː ʊ kː oː ɳ ɐ m
மட்டுக்கோல்	m ɐ ʈː ʊ kː oː l
மட்டுத்தப்பு	m ɐ ʈː ʊ t̪ː ɐ pː ʊ
மட்டுத்திட்டம்	m ɐ ʈː ʊ t̪ː ɪ ʈː ɐ m
மட்டும்	m ɐ ʈː ʊ m
மட்டை	m ɐ ʈː ɐ ɪ̯
மட்டைப்பந்து	m ɐ ʈː ɐ ɪ̯ pː ɐ n̪ d̪ ʊ
மட்பகைவன்	m ɐ ʈ p ɐ ɡ ɐ ɪ̯ ʋ ɐ n
மட்பாண்டம்	m ɐ ʈ p ɑː ɳ ɖ ɐ m
மண	m ɐ ɳ ɐ
மணத்தக்காளி	m ɐ ɳ ɐ t̪ː ɐ kː ɑː ɭ ɪ
மணத்து	m ɐ ɳ ɐ t̪ː ʊ
மணப்பெண்	m ɐ ɳ ɐ pː e ɳ
மணமகன்	m ɐ ɳ ɐ m ɐ ɡ ɐ n
மணமகள்	m ɐ ɳ ɐ m ɐ ɡ ɐ ɭ
மணம்	m ɐ ɳ ɐ m
மணல்	m ɐ ɳ ɐ l
மணவாட்டி	m ɐ ɳ ɐ ʋ ɑː ʈː ɪ
மணவாளன்	m ɐ ɳ ɐ ʋ ɑː ɭ ɐ n
மணவிலக்கு	m ɐ ɳ ɐ ʋ ɪ l ɐ kː ʊ
மணி	m ɐ ɳ ɪ
மணிக்கட்டு	m ɐ ɳ ɪ kː ɐ ʈː ʊ
மணிச்சத்து	m ɐ ɳ ɪ t͡ɕː ɐ t̪ː ʊ
மணித்தக்காளி	m ɐ ɳ ɪ t̪ː ɐ kː ɑː ɭ ɪ
மணித்துளி	m ɐ ɳ ɪ t̪ː ʊ ɭ ɪ
மணிப்பிரவாளம்	m ɐ ɳ ɪ pː ɪ ɾ ɐ ʋ ɑː ɭ ɐ m
மணிப்புரி	m ɐ ɳ ɪ pː ʊ ɾ ɪ
மணிப்புறா	m ɐ ɳ ɪ pː ʊ r ɑː
மணிப்பூர்	m ɐ ɳ ɪ pː uː ɾ
மணிமகுடம்	m ɐ ɳ ɪ m ɐ ɡ ʊ ɖ ɐ m
மணிமேகலை	m ɐ ɳ ɪ m eː ɡ ɐ l ɐ ɪ̯
மணிவண்ணன்	m ɐ ɳ ɪ ʋ ɐ ɳː ɐ n
மணை	m ɐ ɳ ɐ ɪ̯
மண்	m ɐ ɳ
மண்டக்கம்	m ɐ ɳ ɖ ɐ kː ɐ m
மண்டபம்	m ɐ ɳ ɖ ɐ b ɐ m
மண்டலம்	m ɐ ɳ ɖ ɐ l ɐ m
மண்டி	m ɐ ɳ ɖ ɪ
மண்டை	m ɐ ɳ ɖ ɐ ɪ̯
மண்டையோடு	m ɐ ɳ ɖ ɐ ɪ̯ j oː ɖ ʊ
மண்ணாங்கட்டி	m ɐ ɳː ɑː ŋ ɡ ɐ ʈː ɪ
மண்ணீட்டாளர்	m ɐ ɳː iː ʈː ɑː ɭ ɐ ɾ
மண்ணீரல்	m ɐ ɳː iː ɾ ɐ l
மண்ணெண்ணெய்	m ɐ ɳː e ɳː e j
மண்ணை	m ɐ ɳː ɐ ɪ̯
மண்ணைக்கவ்வு	m ɐ ɳː ɐ ɪ̯ kː ɐ ʋː ʊ
மண்ணைப்போடு	m ɐ ɳː ɐ ɪ̯ pː oː ɖ ʊ
மண்தைலம்	m ɐ ɳ d̪ ɐ ɪ̯ l ɐ m
மண்புழு	m ɐ ɳ p ʊ ɻ ʊ
மண்வளம்	m ɐ ɳ ʋ ɐ ɭ ɐ m
மண்வெட்டி	m ɐ ɳ ʋ e ʈː ɪ
மதகு	m ɐ d̪ ɐ ɡ ʊ
மதனி	m ɐ d̪ ɐ n ɪ
மதம்	m ɐ d̪ ɐ m
மதறாஸ்	m ɐ d̪ ɐ r ɑː s
மதி	m ɐ d̪ ɪ
மதிக்கத்தக்க	m ɐ d̪ ɪ kː ɐ t̪ː ɐ kː ɐ
மதிநுட்பமிக்க	m ɐ d̪ ɪ n̪ ʊ ʈ p ɐ m ɪ kː ɐ
மதிப்பு	m ɐ d̪ ɪ pː ʊ
மதிய	m ɐ d̪ ɪ j ɐ
மதியம்	m ɐ d̪ ɪ j ɐ m
மதியீனம்	m ɐ d̪ ɪ j iː n ɐ m
மதிராஸ்	m ɐ d̪ ɪ ɾ ɑː s
மதில்	m ɐ d̪ ɪ l
மது	m ɐ d̪ ʊ
மதுசூதன்	m ɐ d̪ ʊ t͡ɕ uː d̪ ɐ n
மதுரம்	m ɐ d̪ ʊ ɾ ɐ m
மதுரை	m ɐ d̪ ʊ ɾ ɐ ɪ̯
மதுரைவீரன்	m ɐ d̪ ʊ ɾ ɐ ɪ̯ ʋ iː ɾ ɐ n
மத்த	m ɐ t̪ː ɐ
மத்தகம்	m ɐ t̪ː ɐ ɡ ɐ m
மத்தளம்	m ɐ t̪ː ɐ ɭ ɐ m
மத்தாப்பு	m ɐ t̪ː ɑː pː ʊ
மத்திய	m ɐ t̪ː ɪ j ɐ
மத்தியகாலம்	m ɐ t̪ː ɪ j ɐ ɡ ɑː l ɐ m
மத்தியானம்	m ɐ t̪ː ɪ j ɑː n ɐ m
மத்தேயு	m ɐ t̪ː eː j ʊ
மத்ரித்	m ɐ t̪ ɾ ɪ t̪
மத்ஸ்யம்	m ɐ t̪ s j ɐ m
மந்தம்	m ɐ n̪ d̪ ɐ m
மந்தாரம்	m ɐ n̪ d̪ ɑː ɾ ɐ m
மந்தினி	m ɐ n̪ d̪ ɪ n ɪ
மந்திரகூர்மை	m ɐ n̪ d̪ ɪ ɾ ɐ ɡ uː ɾ m ɐ ɪ̯
மந்திரம்	m ɐ n̪ d̪ ɪ ɾ ɐ m
மந்திரர்	m ɐ n̪ d̪ ɪ ɾ ɐ ɾ
மந்திரஸ்நானம்	m ɐ n̪ d̪ ɪ ɾ ɐ s n̪ ɑː n ɐ m
மந்திரி	m ɐ n̪ d̪ ɪ ɾ ɪ
மந்து	m ɐ n̪ d̪ ʊ
மந்துரை	m ɐ n̪ d̪ ʊ ɾ ɐ ɪ̯
மந்தை	m ɐ n̪ d̪ ɐ ɪ̯
மந்தைவெளி	m ɐ n̪ d̪ ɐ ɪ̯ ʋ e ɭ ɪ
மன	m ɐ n ɐ
மனக்குறை	m ɐ n ɐ kː ʊ r ɐ ɪ̯
மனசாட்சி	m ɐ n ɐ t͡ɕ ɑː ʈ t͡ɕ ɪ
மனசு	m ɐ n ɐ t͡ɕ ʊ
மனது	m ɐ n ɐ d̪ ʊ
மனநலம்	m ɐ n ɐ n̪ ɐ l ɐ m
மனநிலை	m ɐ n ɐ n̪ ɪ l ɐ ɪ̯
மனநெரிடு	m ɐ n ɐ n̪ e ɾ ɪ ɖ ʊ
மனநோவு	m ɐ n ɐ n̪ oː ʋ ʊ
மனந்தளர்	m ɐ n ɐ n̪ d̪ ɐ ɭ ɐ ɾ
மனனம்	m ɐ n ɐ n ɐ m
மனப்பதைப்பு	m ɐ n ɐ pː ɐ d̪ ɐ ɪ̯ pː ʊ
மனப்பாங்கு	m ɐ n ɐ pː ɑː ŋ ɡ ʊ
மனப்போக்கு	m ɐ n ɐ pː oː kː ʊ
மனமாற்றம்	m ɐ n ɐ m ɑː rː ɐ m
மனம்	m ɐ n ɐ m
மனஸ்தாபம்	m ɐ n ɐ s t̪ ɑː b ɐ m
மனிதன்	m ɐ n ɪ d̪ ɐ n
மனிதவளம்	m ɐ n ɪ d̪ ɐ ʋ ɐ ɭ ɐ m
மனிதவியல்	m ɐ n ɪ d̪ ɐ ʋ ɪ j ɐ l
மனுஷன்	m ɐ n ʊ ʂ ɐ n
மனை	m ɐ n ɐ ɪ̯
மனைவி	m ɐ n ɐ ɪ̯ ʋ ɪ
மனோபாவம்	m ɐ n oː b ɑː ʋ ɐ m
மன்	m ɐ n
மன்னன்	m ɐ nː ɐ n
மன்னர்	m ɐ nː ɐ ɾ
மன்னா	m ɐ nː ɑː
மன்னார்	m ɐ nː ɑː ɾ
மன்னி	m ɐ nː ɪ
மன்னிப்பு	m ɐ nː ɪ pː ʊ
மன்னு	m ɐ nː ʊ
மன்னும்	m ɐ nː ʊ m
மன்றம்	m ɐ n r ɐ m
மன்றாடு	m ɐ n r ɑː ɖ ʊ
மன்றாட்டு	m ɐ n r ɑː ʈː ʊ
மன்வந்தரம்	m ɐ n ʋ ɐ n̪ d̪ ɐ ɾ ɐ m
மன்ஹுவா	m ɐ n h ʊ ʋ ɑː
மன்ஹ்வா	m ɐ n h ʋ ɑː
மப்பு	m ɐ pː ʊ
மப்பு	m ɐ b b ʊ
மம்மட்டி	m ɐ mː ɐ ʈː ɪ
மம்மர்	m ɐ mː ɐ ɾ
மம்மல்	m ɐ mː ɐ l
மம்மி	m ɐ mː ɪ
மயக்கடி	m ɐ j ɐ kː ɐ ɖ ɪ
மயக்கம்	m ɐ j ɐ kː ɐ m
மயங்கு	m ɐ j ɐ ŋ ɡ ʊ
மயடம்	m ɐ j ɐ ɖ ɐ m
மயண்டை	m ɐ j ɐ ɳ ɖ ɐ ɪ̯
மயர்வு	m ɐ j ɐ ɾ ʋ ʊ
மயல்	m ɐ j ɐ l
மயிரிழவு	m ɐ j ɪ ɾ ɪ ɻ ɐ ʋ ʊ
மயிர்	m ɐ j ɪ ɾ
மயிர்முடி	m ɐ j ɪ ɾ m ʊ ɖ ɪ
மயிற்கொன்றை	m ɐ j ɪ r k o n r ɐ ɪ̯
மயிலாடுதுறை	m ɐ j ɪ l ɑː ɖ ʊ d̪ ʊ r ɐ ɪ̯
மயிலை	m ɐ j ɪ l ɐ ɪ̯
மயில்	m ɐ j ɪ l
மயூகம்	m ɐ j uː ɡ ɐ m
மயூரம்	m ɐ j uː ɾ ɐ m
மயூராசனம்	m ɐ j uː ɾ ɑː t͡ɕ ɐ n ɐ m
மய்யம்	m ɐ jː ɐ m
மரகதம்	m ɐ ɾ ɐ ɡ ɐ d̪ ɐ m
மரக்கட்டை	m ɐ ɾ ɐ kː ɐ ʈː ɐ ɪ̯
மரக்கறி	m ɐ ɾ ɐ kː ɐ r ɪ
மரக்கலன்	m ɐ ɾ ɐ kː ɐ l ɐ n
மரக்கலம்	m ɐ ɾ ɐ kː ɐ l ɐ m
மரக்கிளை	m ɐ ɾ ɐ kː ɪ ɭ ɐ ɪ̯
மரங்கள்	m ɐ ɾ ɐ ŋ ɡ ɐ ɭ
மரங்கொத்தி	m ɐ ɾ ɐ ŋ ɡ o t̪ː ɪ
மரணம்	m ɐ ɾ ɐ ɳ ɐ m
மரத்தக்காளி	m ɐ ɾ ɐ t̪ː ɐ kː ɑː ɭ ɪ
மரத்துக்கு	m ɐ ɾ ɐ t̪ː ʊ kː ʊ
மரபணு	m ɐ ɾ ɐ b ɐ ɳ ʊ
மரபு	m ɐ ɾ ɐ b ʊ
மரமண்டை	m ɐ ɾ ɐ m ɐ ɳ ɖ ɐ ɪ̯
மரம்	m ɐ ɾ ɐ m
மரவள்ளி	m ɐ ɾ ɐ ʋ ɐ ɭː ɪ
மராட்டியம்	m ɐ ɾ ɑː ʈː ɪ j ɐ m
மராத்தி	m ɐ ɾ ɑː t̪ː ɪ
மரி	m ɐ ɾ ɪ
மரிக்கொழுந்து	m ɐ ɾ ɪ kː o ɻ ʊ n̪ d̪ ʊ
மரியாதை	m ɐ ɾ ɪ j ɑː d̪ ɐ ɪ̯
மரு	m ɐ ɾ ʊ
மருக்கொழுந்து	m ɐ ɾ ʊ kː o ɻ ʊ n̪ d̪ ʊ
மருங்கு	m ɐ ɾ ʊ ŋ ɡ ʊ
மருட்டு	m ɐ ɾ ʊ ʈː ʊ
மருட்டுதல்	m ɐ ɾ ʊ ʈː ʊ d̪ ɐ l
மருதாணி	m ɐ ɾ ʊ d̪ ɑː ɳ ɪ
மருதோன்றி	m ɐ ɾ ʊ d̪ oː n r ɪ
மருத்து	m ɐ ɾ ʊ t̪ː ʊ
மருத்துவமனை	m ɐ ɾ ʊ t̪ː ʊ ʋ ɐ m ɐ n ɐ ɪ̯
மருத்துவம்	m ɐ ɾ ʊ t̪ː ʊ ʋ ɐ m
மருத்துவர்	m ɐ ɾ ʊ t̪ː ʊ ʋ ɐ ɾ
மருநிலம்	m ɐ ɾ ʊ n̪ ɪ l ɐ m
மருந்தகம்	m ɐ ɾ ʊ n̪ d̪ ɐ ɡ ɐ m
மருந்தாளர்	m ɐ ɾ ʊ n̪ d̪ ɑː ɭ ɐ ɾ
மருந்து	m ɐ ɾ ʊ n̪ d̪ ʊ
மருந்துக்கடை	m ɐ ɾ ʊ n̪ d̪ ʊ kː ɐ ɖ ɐ ɪ̯
மருப்பு	m ɐ ɾ ʊ pː ʊ
மருமகன்	m ɐ ɾ ʊ m ɐ ɡ ɐ n
மருமகள்	m ɐ ɾ ʊ m ɐ ɡ ɐ ɭ
மருவு	m ɐ ɾ ʊ ʋ ʊ
மரூஉ	m ɐ ɾ uː ʊ
மரூஉச்சொல்	m ɐ ɾ uː ʊ t͡ɕː o l
மரூஉமொழி	m ɐ ɾ uː ʊ m o ɻ ɪ
மர்தோவியா	m ɐ ɾ d̪ oː ʋ ɪ j ɑː
மற	m ɐ r ɐ
மறக்கிறாள்	m ɐ r ɐ kː ɪ r ɑː ɭ
மறதி	m ɐ r ɐ d̪ ɪ
மறி	m ɐ r ɪ
மறியல்	m ɐ r ɪ j ɐ l
மறு	m ɐ r ʊ
மறுகால்	m ɐ r ʊ ɡ ɑː l
மறுகு	m ɐ r ʊ ɡ ʊ
மறுக்க	m ɐ r ʊ kː ɐ
மறுக்கம்	m ɐ r ʊ kː ɐ m
மறுசுழற்சி	m ɐ r ʊ t͡ɕ ʊ ɻ ɐ r t͡ɕ ɪ
மறுசொல்	m ɐ r ʊ t͡ɕ o l
மறுதாய்	m ɐ r ʊ d̪ ɑː j
மறுநாள்	m ɐ r ʊ n̪ ɑː ɭ
மறுபடி	m ɐ r ʊ b ɐ ɖ ɪ
மறுபடியும்	m ɐ r ʊ b ɐ ɖ ɪ j ʊ m
மறுபரிசீலனை	m ɐ r ʊ b ɐ ɾ ɪ t͡ɕ iː l ɐ n ɐ ɪ̯
மறுபிறவி	m ɐ r ʊ b ɪ r ɐ ʋ ɪ
மறுபிறவி	m ɐ r ʊ p ɪ r ɐ ʋ ɪ
மறுப்பு	m ɐ r ʊ pː ʊ
மறுமணம்	m ɐ r ʊ m ɐ ɳ ɐ m
மறுமொழி	m ɐ r ʊ m o ɻ ɪ
மறுரூபம்	m ɐ r ʊ ɾ uː b ɐ m
மறை	m ɐ r ɐ ɪ̯
மறைமுக	m ɐ r ɐ ɪ̯ m ʊ ɡ ɐ
மறைமுகம்	m ɐ r ɐ ɪ̯ m ʊ ɡ ɐ m
மற்ற	m ɐ rː ɐ
மற்றப்படி	m ɐ rː ɐ pː ɐ ɖ ɪ
மற்று	m ɐ rː ʊ
மற்றும்	m ɐ rː ʊ m
மற்றை	m ɐ rː ɐ ɪ̯
மலக்கழிவு	m ɐ l ɐ kː ɐ ɻ ɪ ʋ ʊ
மலக்கு	m ɐ l ɐ kː ʊ
மலச்சிக்கல்	m ɐ l ɐ t͡ɕː ɪ kː ɐ l
மலடு	m ɐ l ɐ ɖ ʊ
மலப்புறம்	m ɐ l ɐ pː ʊ r ɐ m
மலம்	m ɐ l ɐ m
மலம்பாம்பு	m ɐ l ɐ m b ɑː m b ʊ
மலர்	m ɐ l ɐ ɾ
மலர்க்கடை	m ɐ l ɐ ɾ kː ɐ ɖ ɐ ɪ̯
மலர்ச்சி	m ɐ l ɐ ɾ t͡ɕː ɪ
மலர்மகள்	m ɐ l ɐ ɾ m ɐ ɡ ɐ ɭ
மலர்வளையம்	m ɐ l ɐ ɾ ʋ ɐ ɭ ɐ ɪ̯ j ɐ m
மலாக்கா	m ɐ l ɑː kː ɑː
மலாவி	m ɐ l ɑː ʋ ɪ
மலேசியா	m ɐ l eː t͡ɕ ɪ j ɑː
மலேரியா	m ɐ l eː ɾ ɪ j ɑː
மலை	m ɐ l ɐ ɪ̯
மலைகலக்கி	m ɐ l ɐ ɪ̯ ɡ ɐ l ɐ kː ɪ
மலைக்கொய்யா	m ɐ l ɐ ɪ̯ kː o jː ɑː
மலைத்தேனீ	m ɐ l ɐ ɪ̯ t̪ː eː n iː
மலைப்பாம்பு	m ɐ l ɐ ɪ̯ pː ɑː m b ʊ
மலைப்புன்கு	m ɐ l ɐ ɪ̯ pː ʊ n ɡ ʊ
மலைப்பேரீச்சு	m ɐ l ɐ ɪ̯ pː eː ɾ iː t͡ɕː ʊ
மலையாளம்	m ɐ l ɐ ɪ̯ j ɑː ɭ ɐ m
மலையாழம்	m ɐ l ɐ ɪ̯ j ɑː ɻ ɐ m
மலையேறு	m ɐ l ɐ ɪ̯ j eː r ʊ
மலைவு	m ɐ l ɐ ɪ̯ ʋ ʊ
மலைவேங்கை	m ɐ l ɐ ɪ̯ ʋ eː ŋ ɡ ɐ ɪ̯
மல்கியா	m ɐ l ɡ ɪ j ɑː
மல்கு	m ɐ l ɡ ʊ
மல்லன்	m ɐ l l ɐ n
மல்லா	m ɐ l l ɑː
மல்லாரு	m ɐ l l ɑː ɾ ʊ
மல்லார்	m ɐ l l ɑː ɾ
மல்லி	m ɐ l l ɪ
மல்லிகை	m ɐ l l ɪ ɡ ɐ ɪ̯
மளிகை	m ɐ ɭ ɪ ɡ ɐ ɪ̯
மளிகைக்கடை	m ɐ ɭ ɪ ɡ ɐ ɪ̯ kː ɐ ɖ ɐ ɪ̯
மள்	m ɐ ɭ
மழலை	m ɐ ɻ ɐ l ɐ ɪ̯
மழு	m ɐ ɻ ʊ
மழுப்பு	m ɐ ɻ ʊ pː ʊ
மழை	m ɐ ɻ ɐ ɪ̯
மழைக்காலம்	m ɐ ɻ ɐ ɪ̯ kː ɑː l ɐ m
மழைத்துளி	m ɐ ɻ ɐ ɪ̯ t̪ː ʊ ɭ ɪ
மழைநீர்	m ɐ ɻ ɐ ɪ̯ n̪ iː ɾ
மழைபெய்	m ɐ ɻ ɐ ɪ̯ b e j
மழைப்பெய்	m ɐ ɻ ɐ ɪ̯ pː e j
மவன்	m ɐ ʋ ɐ n
மவ்வல்	m ɐ ʋː ɐ l
மஸ்த்	m ɐ s t̪
மஹா	m ɐ h ɑː
மஹாபாரதம்	m ɐ h ɑː b ɑː ɾ ɐ d̪ ɐ m
மஹால்	m ɐ h ɑː l
மா	m ɑː
மாகந்தம்	m ɑː ɡ ɐ n̪ d̪ ɐ m
மாகாணம்	m ɑː ɡ ɑː ɳ ɐ m
மாங்கா	m ɑː ŋ ɡ ɑː
மாங்காய்	m ɑː ŋ ɡ ɑː j
மாங்கிஸ்	m ɑː ŋ ɡ ɪ s
மாசம்	m ɑː t͡ɕ ɐ m
மாசவிடாய்	m ɑː t͡ɕ ɐ ʋ ɪ ɖ ɑː j
மாசி	m ɑː t͡ɕ ɪ
மாசு	m ɑː t͡ɕ ʊ
மாச்சல்	m ɑː t͡ɕː ɐ l
மாஜி	m ɑː d͡ʑ ɪ
மாடன்	m ɑː ɖ ɐ n
மாடம்	m ɑː ɖ ɐ m
மாடி	m ɑː ɖ ɪ
மாடிப்படி	m ɑː ɖ ɪ pː ɐ ɖ ɪ
மாடு	m ɑː ɖ ʊ
மாட்டி	m ɑː ʈː ɪ
மாட்டிடையன்	m ɑː ʈː ɪ ɖ ɐ ɪ̯ j ɐ n
மாட்டிறைச்சி	m ɑː ʈː ɪ r ɐ ɪ̯ t͡ɕː ɪ
மாட்டிவிடு	m ɑː ʈː ɪ ʋ ɪ ɖ ʊ
மாட்டு	m ɑː ʈː ʊ
மாட்டுக்கிடை	m ɑː ʈː ʊ kː ɪ ɖ ɐ ɪ̯
மாட்டுக்கு	m ɑː ʈː ʊ kː ʊ
மாட்டுக்கொட்டில்	m ɑː ʈː ʊ kː o ʈː ɪ l
மாட்டுவண்டி	m ɑː ʈː ʊ ʋ ɐ ɳ ɖ ɪ
மாணவகம்	m ɑː ɳ ɐ ʋ ɐ ɡ ɐ m
மாணவன்	m ɑː ɳ ɐ ʋ ɐ n
மாணாக்கி	m ɑː ɳ ɑː kː ɪ
மாணிக்கம்	m ɑː ɳ ɪ kː ɐ m
மாண்	m ɑː ɳ
மாண்டரின்	m ɑː ɳ ɖ ɐ ɾ ɪ n
மாண்டல்	m ɑː ɳ ɖ ɐ l
மாண்பு	m ɑː ɳ b ʊ
மாண்புமிகு	m ɑː ɳ b ʊ m ɪ ɡ ʊ
மாதங்கள்	m ɑː d̪ ɐ ŋ ɡ ɐ ɭ
மாதனம்	m ɑː d̪ ɐ n ɐ m
மாதம்	m ɑː d̪ ɐ m
மாதர்	m ɑː d̪ ɐ ɾ
மாதறி	m ɑː d̪ ɐ r ɪ
மாதவன்	m ɑː d̪ ɐ ʋ ɐ n
மாதா	m ɑː d̪ ɑː
மாதிரி	m ɑː d̪ ɪ ɾ ɪ
மாதிரு	m ɑː d̪ ɪ ɾ ʊ
மாது	m ɑː d̪ ʊ
மாதுபாகம்	m ɑː d̪ ʊ b ɑː ɡ ɐ m
மாதுளம்	m ɑː d̪ ʊ ɭ ɐ m
மாதுளை	m ɑː d̪ ʊ ɭ ɐ ɪ̯
மாத்தளை	m ɑː t̪ː ɐ ɭ ɐ ɪ̯
மாத்திரம்	m ɑː t̪ː ɪ ɾ ɐ m
மாத்திரை	m ɑː t̪ː ɪ ɾ ɐ ɪ̯
மாத்து	m ɑː t̪ː ʊ
மாநகராட்சி	m ɑː n̪ ɐ ɡ ɐ ɾ ɑː ʈ t͡ɕ ɪ
மாநாடு	m ɑː n̪ ɑː ɖ ʊ
மாநிலம்	m ɑː n̪ ɪ l ɐ m
மாந்தர்	m ɑː n̪ d̪ ɐ ɾ
மானம்	m ɑː n ɐ m
மானிடன்	m ɑː n ɪ ɖ ɐ n
மானிடவியல்	m ɑː n ɪ ɖ ɐ ʋ ɪ j ɐ l
மான்	m ɑː n
மான்கள்	m ɑː n ɡ ɐ ɭ
மாப்பிசின்	m ɑː pː ɪ t͡ɕ ɪ n
மாப்பிள்ளை	m ɑː pː ɪ ɭː ɐ ɪ̯
மாப்பு	m ɑː pː ʊ
மாமனார்	m ɑː m ɐ n ɑː ɾ
மாமன்	m ɑː m ɐ n
மாமன்னன்	m ɑː m ɐ nː ɐ n
மாமரம்	m ɑː m ɐ ɾ ɐ m
மாமல்லபுரம்	m aː m a l l a p u ɾ a m
மாமல்லபுரம்	m aː m ɐ l l ɐ p u ɾ ɐ m
மாமல்லபுரம்	m aː m a l l a b u ɾ a m
மாமா	m ɑː m ɑː
மாமி	m ɑː m ɪ
மாமிசம்	m ɑː m ɪ t͡ɕ ɐ m
மாமியார்	m ɑː m ɪ j ɑː ɾ
மாம்	m ɑː m
மாம்பழம்	m ɑː m b ɐ ɻ ɐ m
மாம்பிஞ்சு	m ɑː m b ɪ ɲ d͡ʑ ʊ
மாயிழை	m ɑː j ɪ ɻ ɐ ɪ̯
மாயை	m ɑː j ɐ ɪ̯
மாயோன்	m ɑː j oː n
மாயோள்	m ɑː j oː ɭ
மாய்	m ɑː j
மாய்ச்சி	m ɑː j t͡ɕː ɪ
மாரடைப்பு	m ɑː ɾ ɐ ɖ ɐ ɪ̯ pː ʊ
மாராப்பு	m ɑː ɾ ɑː pː ʊ
மாரி	m ɑː ɾ ɪ
மாரிகாலம்	m ɑː ɾ ɪ ɡ ɑː l ɐ m
மாரிக்காலம்	m ɑː ɾ ɪ kː ɑː l ɐ m
மாரியம்மன்	m ɑː ɾ ɪ j ɐ mː ɐ n
மாருதம்	m ɑː ɾ ʊ d̪ ɐ m
மாருதி	m ɑː ɾ ʊ d̪ ɪ
மார்	m ɑː ɾ
மார்கழி	m ɑː ɾ ɡ ɐ ɻ ɪ
மார்க்கம்	m ɑː ɾ kː ɐ m
மார்ச்	m ɑː ɾ t͡ɕ
மார்தட்டு	m ɑː ɾ d̪ ɐ ʈː ʊ
மார்தட்டு	m ɑː ɾ t̪ ɐ ʈː ʊ
மார்பகம்	m ɑː ɾ b ɐ ɡ ɐ m
மார்பு	m ɑː ɾ b ʊ
மாறி	m ɑː r ɪ
மாறிமாறி	m ɑː r ɪ m ɑː r ɪ
மாறு	m ɑː r ʊ
மாறுபாடு	m ɑː r ʊ b ɑː ɖ ʊ
மாற்றம்	m ɑː rː ɐ m
மாற்றாந்தாய்	m ɑː rː ɑː n̪ d̪ ɑː j
மாற்று	m ɑː rː ʊ
மாற்றுத்தாய்	m ɑː rː ʊ t̪ː ɑː j
மாற்றுத்திறனாளி	m ɑː rː ʊ t̪ː ɪ r ɐ n ɑː ɭ ɪ
மாற்றுமருந்து	m ɑː rː ʊ m ɐ ɾ ʊ n̪ d̪ ʊ
மாலத்தீவு	m ɑː l ɐ t̪ː iː ʋ ʊ
மாலி	m ɑː l ɪ
மாலுமி	m ɑː l ʊ m ɪ
மாலை	m ɑː l ɐ ɪ̯
மாலைக்கண்	m ɑː l ɐ ɪ̯ kː ɐ ɳ
மாலோன்	m ɑː l oː n
மால்	m ɑː l
மால்பிகியால்சு	m ɑː l b ɪ ɡ ɪ j ɑː l t͡ɕ ʊ
மாளிகை	m ɑː ɭ ɪ ɡ ɐ ɪ̯
மாள்	m ɑː ɭ
மாழை	m ɑː ɻ ɐ ɪ̯
மாவட்டம்	m ɑː ʋ ɐ ʈː ɐ m
மாவு	m ɑː ʋ ʊ
மாவுச்சத்து	m ɑː ʋ ʊ t͡ɕː ɐ t̪ː ʊ
மாஸ்	m ɑː s
மிக	m ɪ ɡ ɐ
மிகவும்	m ɪ ɡ ɐ ʋ ʊ m
மிகாவேல்	m ɪ ɡ ɑː ʋ eː l
மிகு	m ɪ ɡ ʊ
மிகுதல்	m ɪ ɡ ʊ d̪ ɐ l
மிகுதி	m ɪ ɡ ʊ d̪ ɪ
மிகுதியும்	m ɪ ɡ ʊ d̪ ɪ j ʊ m
மிகுந்த	m ɪ ɡ ʊ n̪ d̪ ɐ
மிகை	m ɪ ɡ ɐ ɪ̯
மிக்க	m ɪ kː ɐ
மிசோரம்	m ɪ t͡ɕ oː ɾ ɐ m
மிச்சம்	m ɪ t͡ɕː ɐ m
மிஞ்சினால்	m ɪ ɲ d͡ʑ ɪ n ɑː l
மிஞ்சு	m ɪ ɲ d͡ʑ ʊ
மிடா	m ɪ ɖ ɑː
மிடையீரர்	m ɪ ɖ ɐ ɪ̯ j iː ɾ ɐ ɾ
மிட்டாய்	m ɪ ʈː ɑː j
மித	m ɪ d̪ ɐ
மிதப்பு	m ɪ d̪ ɐ pː ʊ
மிதழ்	m ɪ d̪ ɐ ɻ
மிதவை	m ɪ d̪ ɐ ʋ ɐ ɪ̯
மிதி	m ɪ d̪ ɪ
மிதியடி	m ɪ d̪ ɪ j ɐ ɖ ɪ
மிதிவண்டி	m ɪ d̪ ɪ ʋ ɐ ɳ ɖ ɪ
மிதுனம்	m ɪ d̪ ʊ n ɐ m
மித்திஞ்சயம்	m ɪ t̪ː ɪ ɲ d͡ʑ ɐ j ɐ m
மினக்கெடு	m ɪ n ɐ kː e ɖ ʊ
மினுக்கம்	m ɪ n ʊ kː ɐ m
மினுக்கு	m ɪ n ʊ kː ʊ
மினுங்கு	m ɪ n ʊ ŋ ɡ ʊ
மினுமினு	m ɪ n ʊ m ɪ n ʊ
மினுமினுப்பு	m ɪ n ʊ m ɪ n ʊ pː ʊ
மின்	m ɪ n
மின்காந்தம்	m ɪ n ɡ ɑː n̪ d̪ ɐ m
மின்சாரம்	m ɪ n t͡ɕ ɑː ɾ ɐ m
மின்சாரவண்டி	m ɪ n t͡ɕ ɑː ɾ ɐ ʋ ɐ ɳ ɖ ɪ
மின்தூக்கி	m ɪ n t̪ uː kː ɪ
மின்னஞ்சல்	m ɪ nː ɐ ɲ d͡ʑ ɐ l
மின்னணு	m ɪ nː ɐ ɳ ʊ
மின்னல்	m ɪ nː ɐ l
மின்னு	m ɪ nː ʊ
மின்மினி	m ɪ n m ɪ n ɪ
மின்மினிப்பூச்சி	m ɪ n m ɪ n ɪ pː uː t͡ɕː ɪ
மின்முலாம்	m ɪ n m ʊ l ɑː m
மின்விசிறி	m ɪ n ʋ ɪ t͡ɕ ɪ r ɪ
மின்வெட்டு	m ɪ n ʋ e ʈː ʊ
மியான்மர்	m ɪ j ɑː n m ɐ ɾ
மிரட்டு	m ɪ ɾ ɐ ʈː ʊ
மிரளு	m ɪ ɾ ɐ ɭ ʊ
மிரள்	m ɪ ɾ ɐ ɭ
மிருகசீருடம்	m ɪ ɾ ʊ ɡ ɐ t͡ɕ iː ɾ ʊ ɖ ɐ m
மிருகம்	m ɪ ɾ ʊ ɡ ɐ m
மிருகாசனம்	m ɪ ɾ ʊ ɡ ɑː t͡ɕ ɐ n ɐ m
மிருகாதி	m ɪ ɾ ʊ ɡ ɑː d̪ ɪ
மிருதங்கம்	m ɪ ɾ ʊ d̪ ɐ ŋ ɡ ɐ m
மிருதம்	m ɪ ɾ ʊ d̪ ɐ m
மிருது	m ɪ ɾ ʊ d̪ ʊ
மிருத்தியு	m ɪ ɾ ʊ t̪ː ɪ j ʊ
மிருத்தியுஞ்சயன்	m ɪ ɾ ʊ t̪ː ɪ j ʊ ɲ d͡ʑ ɐ j ɐ n
மிருத்தியுஞ்சயம்	m ɪ ɾ ʊ t̪ː ɪ j ʊ ɲ d͡ʑ ɐ j ɐ m
மிறை	m ɪ r ɐ ɪ̯
மிலேச்சன்	m ɪ l eː t͡ɕː ɐ n
மிளகாய்	m ɪ ɭ ɐ ɡ ɑː j
மிளகு	m ɪ ɭ ɐ ɡ ʊ
மிளகு	m ɪ ɭ ɐ h ʊ
மிளகுத்தண்ணீர்	m ɪ ɭ ɐ ɡ ʊ t̪ː ɐ ɳː iː ɾ
மிளப்பு	m ɪ ɭ ɐ pː ʊ
மிழி	m ɪ ɻ ɪ
மீ	m iː
மீகடத்தி	m iː ɡ ɐ ɖ ɐ t̪ː ɪ
மீகடத்தி	m iː k ɐ ɖ ɐ t̪ː ɪ
மீகா	m iː ɡ ɑː
மீக்கணினி	m iː kː ɐ ɳ ɪ n ɪ
மீக்கூர்	m iː kː uː ɾ
மீக்கூறல்	m iː kː uː r ɐ l
மீக்கூற்றம்	m iː kː uː rː ɐ m
மீக்கோள்	m iː kː oː ɭ
மீசு	m iː t͡ɕ ʊ
மீசை	m iː t͡ɕ ɐ ɪ̯
மீச்செலவு	m iː t͡ɕː e l ɐ ʋ ʊ
மீட்டர்	m iː ʈː ɐ ɾ
மீட்டு	m iː ʈː ʊ
மீட்பு	m iː ʈ p ʊ
மீண்டு	m iː ɳ ɖ ʊ
மீண்டும்	m iː ɳ ɖ ʊ m
மீண்டும்மீண்டும்	m iː ɳ ɖ ʊ mː iː ɳ ɖ ʊ m
மீதம்	m iː d̪ ɐ m
மீதி	m iː d̪ ɪ
மீது	m iː d̪ ʊ
மீதூர்	m iː d̪ uː ɾ
மீநாயகன்	m iː n̪ ɑː j ɐ ɡ ɐ n
மீனம்	m iː n ɐ m
மீனவர்	m iː n ɐ ʋ ɐ ɾ
மீனாக்ஷி	m iː n ɑː k ʂ ɪ
மீனாட்சி	m iː n ɑː ʈ t͡ɕ ɪ
மீன்	m iː n
மீன்காரன்	m iː n ɡ ɑː ɾ ɐ n
மீன்கொத்தி	m iː n k o t̪ː ɪ
மீன்சிறகு	m iː n t͡ɕ ɪ r ɐ ɡ ʊ
மீன்வெட்டி	m iː n ʋ e ʈː ɪ
மீன்வேட்டை	m iː n ʋ eː ʈː ɐ ɪ̯
மீப்பு	m iː pː ʊ
மீறினால்	m iː r ɪ n ɑː l
மீறு	m iː r ʊ
மீளி	m iː ɭ ɪ
மீள்	m iː ɭ
மீள்மம்	m iː ɭ m ɐ m
மு	m ʊ
முக	m ʊ ɡ ɐ
முகக்குறி	m ʊ ɡ ɐ kː ʊ r ɪ
முகடு	m ʊ ɡ ɐ ɖ ʊ
முகத்தில்	m ʊ ɡ ɐ t̪ː ɪ l
முகநூல்	m ʊ ɡ ɐ n̪ uː l
முகப்பு	m ʊ ɡ ɐ pː ʊ
முகமது	m ʊ ɡ ɐ m ɐ d̪ ʊ
முகமூடி	m ʊ ɡ ɐ m uː ɖ ɪ
முகம்	m ʊ ɡ ɐ m
முகரை	m ʊ ɡ ɐ ɾ ɐ ɪ̯
முகர்	m ʊ ɡ ɐ ɾ
முகவரி	m ʊ ɡ ɐ ʋ ɐ ɾ ɪ
முகவாய்	m ʊ ɡ ɐ ʋ ɑː j
முகவாய்க்கட்டை	m ʊ ɡ ɐ ʋ ɑː j kː ɐ ʈː ɐ ɪ̯
முகவுரை	m ʊ ɡ ɐ ʋ ʊ ɾ ɐ ɪ̯
முகாந்தரம்	m ʊ ɡ ɑː n̪ d̪ ɐ ɾ ɐ m
முகாம்	m ʊ ɡ ɑː m
முகில்	m ʊ ɡ ɪ l
முகூர்த்தம்	m ʊ ɡ uː ɾ t̪ː ɐ m
முகை	m ʊ ɡ ɐ ɪ̯
முக்கா	m ʊ kː ɑː
முக்காடு	m ʊ kː ɑː ɖ ʊ
முக்காலி	m ʊ kː ɑː l ɪ
முக்கால்	m ʊ kː ɑː l
முக்கியமான	m ʊ kː ɪ j ɐ m ɑː n ɐ
முக்கியம்	m ʊ kː ɪ j ɐ m
முக்கு	m ʊ kː ʊ
முக்கோணம்	m ʊ kː oː ɳ ɐ m
முக்தி	m ʊ k t̪ ɪ
முசல்	m ʊ t͡ɕ ɐ l
முசு	m ʊ t͡ɕ ʊ
முச்சம்	m ʊ t͡ɕː ɐ m
முடக்கு	m ʊ ɖ ɐ kː ʊ
முடி	m ʊ ɖ ɪ
முடிசூடு	m ʊ ɖ ɪ t͡ɕ uː ɖ ʊ
முடிசூட்டு	m ʊ ɖ ɪ t͡ɕ uː ʈː ʊ
முடிசூட்டுவிழா	m ʊ ɖ ɪ t͡ɕ uː ʈː ʊ ʋ ɪ ɻ ɑː
முடிச்சவிழ்க்கி	m ʊ ɖ ɪ t͡ɕː ɐ ʋ ɪ ɻ kː ɪ
முடிச்சு	m ʊ ɖ ɪ t͡ɕː ʊ
முடியாட்சி	m ʊ ɖ ɪ j ɑː ʈ t͡ɕ ɪ
முடியாது	m ʊ ɖ ɪ j ɑː d̪ ʊ
முடியால்	m ʊ ɖ ɪ j ɑː l
முடியுதிர்வு	m ʊ ɖ ɪ j ʊ d̪ ɪ ɾ ʋ ʊ
முடிவிலி	m ʊ ɖ ɪ ʋ ɪ l ɪ
முடிவு	m ʊ ɖ ɪ ʋ ʊ
முடுக்கு	m ʊ ɖ ʊ kː ʊ
முடுவல்	m ʊ ɖ ʊ ʋ ɐ l
முட்கள்	m ʊ ʈ k ɐ ɭ
முட்கொன்றை	m ʊ ʈ k o n r ɐ ɪ̯
முட்செவ்வந்தி	m ʊ ʈ t͡ɕ e ʋː ɐ n̪ d̪ ɪ
முட்டாள்	m ʊ ʈː ɑː ɭ
முட்டாள்தனம்	m ʊ ʈː ɑː ɭ t̪ ɐ n ɐ m
முட்டி	m ʊ ʈː ɪ
முட்டு	m ʊ ʈː ʊ
முட்டுக்கால்	m ʊ ʈː ʊ kː ɑː l
முட்டை	m ʊ ʈː ɐ ɪ̯
முட்டையோடு	m ʊ ʈː ɐ ɪ̯ j oː ɖ ʊ
முணமுண	m ʊ ɳ ɐ m ʊ ɳ ɐ
முணுமுணு	m ʊ ɳ ʊ m ʊ ɳ ʊ
முண்டகம்	m ʊ ɳ ɖ ɐ ɡ ɐ m
முண்டம்	m ʊ ɳ ɖ ɐ m
முண்டாசு	m ʊ ɳ ɖ ɑː t͡ɕ ʊ
முதன்மை	m ʊ d̪ ɐ n m ɐ ɪ̯
முதலமைச்சர்	m ʊ d̪ ɐ l ɐ m ɐ ɪ̯ t͡ɕː ɐ ɾ
முதலான	m ʊ d̪ ɐ l ɑː n ɐ
முதலாளி	m ʊ d̪ ɐ l ɑː ɭ ɪ
முதலி	m ʊ d̪ ɐ l ɪ
முதலிமை	m ʊ d̪ ɐ l ɪ m ɐ ɪ̯
முதலிய	m ʊ d̪ ɐ l ɪ j ɐ
முதலியார்	m ʊ d̪ ɐ l ɪ j ɑː ɾ
முதலிரவு	m ʊ d̪ ɐ l ɪ ɾ ɐ ʋ ʊ
முதலில்	m ʊ d̪ ɐ l ɪ l
முதலீடு	m ʊ d̪ ɐ l iː ɖ ʊ
முதலு	m ʊ d̪ ɐ l ʊ
முதலுதவி	m ʊ d̪ ɐ l ʊ d̪ ɐ ʋ ɪ
முதலை	m ʊ d̪ ɐ l ɐ ɪ̯
முதலைக்கண்ணீர்	m ʊ d̪ ɐ l ɐ ɪ̯ kː ɐ ɳː iː ɾ
முதல்	m ʊ d̪ ɐ l
முதல்ல	m ʊ d̪ ɐ l l ɐ
முதல்வர்	m ʊ d̪ ɐ l ʋ ɐ ɾ
முதிர்	m ʊ d̪ ɪ ɾ
முதிர்ச்சி	m ʊ d̪ ɪ ɾ t͡ɕː ɪ
முதிர்வேனில்	m ʊ d̪ ɪ ɾ ʋ eː n ɪ l
முது	m ʊ d̪ ʊ
முதுகு	m ʊ d̪ ʊ ɡ ʊ
முதுகுத்தண்டு	m ʊ d̪ ʊ ɡ ʊ t̪ː ɐ ɳ ɖ ʊ
முதுகுநாணி	m ʊ d̪ ʊ ɡ ʊ n̪ ɑː ɳ ɪ
முதுகுவலி	m ʊ d̪ ʊ ɡ ʊ ʋ ɐ l ɪ
முதுகெலும்பு	m ʊ d̪ ʊ ɡ e l ʊ m b ʊ
முதுமை	m ʊ d̪ ʊ m ɐ ɪ̯
முதுவேனில்	m ʊ d̪ ʊ ʋ eː n ɪ l
முத்தமிடு	m ʊ t̪ː ɐ m ɪ ɖ ʊ
முத்தமிழ்	m ʊ t̪ː ɐ m ɪ ɻ
முத்தம்	m ʊ t̪ː ɐ m
முத்தாசனம்	m ʊ t̪ː ɑː t͡ɕ ɐ n ɐ m
முத்தாடு	m ʊ t̪ː ɑː ɖ ʊ
முத்தி	m ʊ t̪ː ɪ
முத்திக்கை	m ʊ t̪ː ɪ kː ɐ ɪ̯
முத்து	m ʊ t̪ː ʊ
முந்தாநாள்	m ʊ n̪ d̪ ɑː n̪ ɑː ɭ
முந்திரி	m ʊ n̪ d̪ ɪ ɾ ɪ
முந்திரிக்கொட்டை	m ʊ n̪ d̪ ɪ ɾ ɪ kː o ʈː ɐ ɪ̯
முந்து	m ʊ n̪ d̪ ʊ
முந்தைய	m ʊ n̪ d̪ ɐ ɪ̯ j ɐ
முந்நூறு	m ʊ n̪ː uː r ʊ
முனகு	m ʊ n ɐ ɡ ʊ
முனை	m ʊ n ɐ ɪ̯
முனைவர்	m ʊ n ɐ ɪ̯ ʋ ɐ ɾ
முன்	m ʊ n
முன்கை	m ʊ n k ɐ ɪ̯
முன்னங்கால்	m ʊ nː ɐ ŋ ɡ ɑː l
முன்னடியார்	m ʊ nː ɐ ɖ ɪ j ɑː ɾ
முன்னடியில்	m ʊ nː ɐ ɖ ɪ j ɪ l
முன்னணி	m ʊ nː ɐ ɳ ɪ
முன்னதாக	m ʊ nː ɐ d̪ ɑː ɡ ɐ
முன்னர்	m ʊ nː ɐ ɾ
முன்னறிவிப்பு	m ʊ nː ɐ r ɪ ʋ ɪ pː ʊ
முன்னாடி	m ʊ nː ɑː ɖ ɪ
முன்னால்	m ʊ nː ɑː l
முன்னாள்	m ʊ nː ɑː ɭ
முன்னிலை	m ʊ nː ɪ l ɐ ɪ̯
முன்னுரிமை	m ʊ nː ʊ ɾ ɪ m ɐ ɪ̯
முன்னுற	m ʊ nː ʊ r ɐ
முன்னூறு	m ʊ nː uː r ʊ
முன்னே	m ʊ nː eː
முன்னேறு	m ʊ nː eː r ʊ
முன்னேற்றம்	m ʊ nː eː rː ɐ m
முன்னொட்டு	m ʊ nː o ʈː ʊ
முன்னோடி	m ʊ nː oː ɖ ɪ
முன்னோர்	m ʊ nː oː ɾ
முன்பனி	m ʊ n b ɐ n ɪ
முன்பால்	m ʊ n b ɑː l
முன்பிற்படி	m ʊ n b ɪ r p ɐ ɖ ɪ
முன்பிலாண்டு	m ʊ n b ɪ l ɑː ɳ ɖ ʊ
முன்பில்	m ʊ n b ɪ l
முன்பு	m ʊ n b ʊ
முன்புருவம்	m ʊ n b ʊ ɾ ʊ ʋ ɐ m
முன்மாதிரி	m ʊ n m ɑː d̪ ɪ ɾ ɪ
முன்முகனை	m ʊ n m ʊ ɡ ɐ n ɐ ɪ̯
முன்றுறை	m ʊ n r ʊ r ɐ ɪ̯
முப்பது	m ʊ pː ɐ d̪ ʊ
முப்பாட்டன்	m ʊ pː ɑː ʈː ɐ n
முப்பால்	m ʊ pː ɑː l
முப்புள்ளி	m ʊ pː ʊ ɭː ɪ
முப்புவனம்	m ʊ pː ʊ ʋ ɐ n ɐ m
மும்பை	m ʊ m b ɐ ɪ̯
மும்மாரி	m ʊ mː ɑː ɾ ɪ
மும்முரம்	m ʊ mː ʊ ɾ ɐ m
மும்மை	m ʊ mː ɐ ɪ̯
முயற்சி	m ʊ j ɐ r t͡ɕ ɪ
முயற்செவி	m ʊ j ɐ r t͡ɕ e ʋ ɪ
முயல்	m ʊ j ɐ l
முரசு	m ʊ ɾ ɐ t͡ɕ ʊ
முரடன்	m ʊ ɾ ɐ ɖ ɐ n
முரடு	m ʊ ɾ ɐ ɖ ʊ
முரணுரை	m ʊ ɾ ɐ ɳ ʊ ɾ ɐ ɪ̯
முரண்	m ʊ ɾ ɐ ɳ
முரண்டு	m ʊ ɾ ɐ ɳ ɖ ʊ
முரண்டுதல்	m ʊ ɾ ɐ ɳ ɖ ʊ d̪ ɐ l
முரண்பாடு	m ʊ ɾ ɐ ɳ b ɑː ɖ ʊ
முரண்மொழி	m ʊ ɾ ɐ ɳ m o ɻ ɪ
முரளி	m ʊ ɾ ɐ ɭ ɪ
முரளீதரன்	m ʊ ɾ ɐ ɭ iː d̪ ɐ ɾ ɐ n
முரி	m ʊ ɾ ɪ
முருகன்	m ʊ ɾ ʊ ɡ ɐ n
முருகியல்	m ʊ ɾ ʊ ɡ ɪ j ɐ l
முருகு	m ʊ ɾ ʊ ɡ ʊ
முருங்கை	m ʊ ɾ ʊ ŋ ɡ ɐ ɪ̯
முருமுரு	m ʊ ɾ ʊ m ʊ ɾ ʊ
முறம்	m ʊ r ɐ m
முறி	m ʊ r ɪ
முறியடி	m ʊ r ɪ j ɐ ɖ ɪ
முறிவு	m ʊ r ɪ ʋ ʊ
முறுக்கு	m ʊ r ʊ kː ʊ
முறுமுறு	m ʊ r ʊ m ʊ r ʊ
முறை	m ʊ r ɐ ɪ̯
முறைகேடு	m ʊ r ɐ ɪ̯ ɡ eː ɖ ʊ
முறைகேடு	m ʊ r ɐ ɪ̯ k eː ɖ ʊ
முறைமை	m ʊ r ɐ ɪ̯ m ɐ ɪ̯
முறையிடு	m ʊ r ɐ ɪ̯ j ɪ ɖ ʊ
முறையீடு	m ʊ r ɐ ɪ̯ j iː ɖ ʊ
முற்கோள்	m ʊ r k oː ɭ
முற்பகல்	m ʊ r p ɐ ɡ ɐ l
முற்படு	m ʊ r p ɐ ɖ ʊ
முற்போக்கு	m ʊ r p oː kː ʊ
முற்றிலும்	m ʊ rː ɪ l ʊ m
முற்று	m ʊ rː ʊ
முற்றுப்புள்ளி	m ʊ rː ʊ pː ʊ ɭː ɪ
முற்றும்	m ʊ rː ʊ m
முலாம்	m ʊ l ɑː m
முலாம்பழம்	m ʊ l ɑː m b ɐ ɻ ɐ m
முலாம்பூசு	m ʊ l ɑː m b uː t͡ɕ ʊ
முலை	m ʊ l ɐ ɪ̯
முலைக்கச்சு	m ʊ l ɐ ɪ̯ kː ɐ t͡ɕː ʊ
முலைப்பால்	m ʊ l ɐ ɪ̯ pː ɑː l
முலையூட்டி	m ʊ l ɐ ɪ̯ j uː ʈː ɪ
முல்லை	m ʊ l l ɐ ɪ̯
முல்லைத்தீவு	m ʊ l l ɐ ɪ̯ t̪ː iː ʋ ʊ
முளரி	m ʊ ɭ ɐ ɾ ɪ
முளை	m ʊ ɭ ɐ ɪ̯
முளைக்கீரை	m ʊ ɭ ɐ ɪ̯ kː iː ɾ ɐ ɪ̯
முள்	m ʊ ɭ
முள்கு	m ʊ ɭ ɡ ʊ
முள்நாறி	m ʊ ɭ n̪ ɑː r ɪ
முள்மகிழ்	m ʊ ɭ m ɐ ɡ ɪ ɻ
முள்ளங்கி	m ʊ ɭː ɐ ŋ ɡ ɪ
முள்ளங்கிழங்கு	m ʊ ɭː ɐ ŋ ɡ ɪ ɻ ɐ ŋ ɡ ʊ
முள்ளம்பன்றி	m ʊ ɭː ɐ m b ɐ n r ɪ
முள்ளம்பன்றி	m ʊ ɭː ɐ m p ɐ n r ɪ
முள்ளம்பன்றிகள்	m ʊ ɭː ɐ m b ɐ n r ɪ ɡ ɐ ɭ
முள்ளம்பலாச்சை	m ʊ ɭː ɐ m b ɐ l ɑː t͡ɕː ɐ ɪ̯
முள்ளால்	m ʊ ɭː ɑː l
முள்ளிலவு	m ʊ ɭː ɪ l ɐ ʋ ʊ
முள்ளுக்களா	m ʊ ɭː ʊ kː ɐ ɭ ɑː
முள்ளுமுருக்கு	m ʊ ɭː ʊ m ʊ ɾ ʊ kː ʊ
முள்ளை	m ʊ ɭː ɐ ɪ̯
முள்வாளை	m ʊ ɭ ʋ ɑː ɭ ɐ ɪ̯
முள்வேலி	m ʊ ɭ ʋ eː l ɪ
முழங்கால்	m ʊ ɻ ɐ ŋ ɡ ɑː l
முழங்கை	m ʊ ɻ ɐ ŋ ɡ ɐ ɪ̯
முழம்	m ʊ ɻ ɐ m
முழி	m ʊ ɻ ɪ
முழு	m ʊ ɻ ʊ
முழுகாமலிரு	m ʊ ɻ ʊ ɡ ɑː m ɐ l ɪ ɾ ʊ
முழுக்க	m ʊ ɻ ʊ kː ɐ
முழுக்கு	m ʊ ɻ ʊ kː ʊ
முழுங்கு	m ʊ ɻ ʊ ŋ ɡ ʊ
முழுசா	m ʊ ɻ ʊ t͡ɕ ɑː
முழுசு	m ʊ ɻ ʊ t͡ɕ ʊ
முழுசும்	m ʊ ɻ ʊ t͡ɕ ʊ m
முழுதாக	m ʊ ɻ ʊ d̪ ɑː ɡ ɐ
முழுது	m ʊ ɻ ʊ d̪ ʊ
முழுதும்	m ʊ ɻ ʊ d̪ ʊ m
முழுமதி	m ʊ ɻ ʊ m ɐ d̪ ɪ
முழுமை	m ʊ ɻ ʊ m ɐ ɪ̯
முழுவது	m ʊ ɻ ʊ ʋ ɐ d̪ ʊ
முழுவதும்	m ʊ ɻ ʊ ʋ ɐ d̪ ʊ m
முழை	m ʊ ɻ ɐ ɪ̯
முஸ்தாஜிரி	m ʊ s t̪ ɑː d͡ʑ ɪ ɾ ɪ
முஸ்லிம்	m ʊ s l ɪ m
முஸ்லீம்	m ʊ s l iː m
முஹூர்த்தம்	m ʊ h uː ɾ t̪ː ɐ m
மூ	m uː
மூக்கண்ணாடி	m uː kː ɐ ɳː ɑː ɖ ɪ
மூக்கன்	m uː kː ɐ n
மூக்கு	m uː kː ʊ
மூக்குக்கொம்பன்	m uː kː ʊ kː o m b ɐ n
மூக்குத்தி	m uː kː ʊ t̪ː ɪ
மூக்கை	m uː kː ɐ ɪ̯
மூங்கா	m uː ŋ ɡ ɑː
மூங்கில்	m uː ŋ ɡ ɪ l
மூச்சு	m uː t͡ɕː ʊ
மூச்சுக்குழல்	m uː t͡ɕː ʊ kː ʊ ɻ ɐ l
மூச்சுக்குழாய்	m uː t͡ɕː ʊ kː ʊ ɻ ɑː j
மூச்சுப்பயிற்சி	m uː t͡ɕː ʊ pː ɐ j ɪ r t͡ɕ ɪ
மூச்சுமுட்டு	m uː t͡ɕː ʊ m ʊ ʈː ʊ
மூச்சுவிடு	m uː t͡ɕː ʊ ʋ ɪ ɖ ʊ
மூஞ்சி	m uː ɲ d͡ʑ ɪ
மூஞ்சூறு	m uː ɲ d͡ʑ uː r ʊ
மூடன்	m uː ɖ ɐ n
மூடி	m uː ɖ ɪ
மூடிமறை	m uː ɖ ɪ m ɐ r ɐ ɪ̯
மூடு	m uː ɖ ʊ
மூடுபனி	m uː ɖ ʊ b ɐ n ɪ
மூடுவிழா	m uː ɖ ʊ ʋ ɪ ɻ ɑː
மூட்டம்	m uː ʈː ɐ m
மூட்டு	m uː ʈː ʊ
மூட்டை	m uː ʈː ɐ ɪ̯
மூட்டைப்பூச்சி	m uː ʈː ɐ ɪ̯ pː uː t͡ɕː ɪ
மூணு	m uː ɳ ʊ
மூதாட்டி	m uː d̪ ɑː ʈː ɪ
மூதாதையர்	m uː d̪ ɑː d̪ ɐ ɪ̯ j ɐ ɾ
மூதாய்	m uː d̪ ɑː j
மூதாளன்	m uː d̪ ɑː ɭ ɐ n
மூது	m uː d̪ ʊ
மூதுரை	m uː d̪ ʊ ɾ ɐ ɪ̯
மூதேவி	m uː d̪ eː ʋ ɪ
மூத்த	m uː t̪ː ɐ
மூத்திரம்	m uː t̪ː ɪ ɾ ɐ m
மூன்று	m uː n r ʊ
மூய்	m uː j
மூர்ச்சனை	m uː ɾ t͡ɕː ɐ n ɐ ɪ̯
மூர்ச்சி	m uː ɾ t͡ɕː ɪ
மூர்ச்சை	m uː ɾ t͡ɕː ɐ ɪ̯
மூற்றை	m uː rː ɐ ɪ̯
மூலக்கூறு	m uː l ɐ kː uː r ʊ
மூலதனம்	m uː l ɐ d̪ ɐ n ɐ m
மூலம்	m uː l ɐ m
மூலை	m uː l ɐ ɪ̯
மூளை	m uː ɭ ɐ ɪ̯
மூழ்கு	m uː ɻ ɡ ʊ
மூவர்	m uː ʋ ɐ ɾ
மூவாயிரம்	m uː ʋ ɑː j ɪ ɾ ɐ m
மூவேந்தர்	m uː ʋ eː n̪ d̪ ɐ ɾ
மூஸா	m uː s ɑː
மெக்சிகோ	m e k s i k oː
மெட்டி	m e ʈː ɪ
மெட்ராஸ்	m e ɖ ɾ ɑː s
மெது	m e d̪ ʊ
மெதுமெது	m e d̪ ʊ m e d̪ ʊ
மெதுவான	m e d̪ ʊ ʋ ɑː n ɐ
மெத்தம்பாரை	m e t̪ː ɐ m b ɑː ɾ ɐ ɪ̯
மெத்து	m e t̪ː ʊ
மெத்தை	m e t̪ː ɐ ɪ̯
மெனக்கெடு	m e n ɐ kː e ɖ ʊ
மென்தங்கம்	m e n d̪ ɐ ŋ ɡ ɐ m
மென்னடை	m e nː ɐ ɖ ɐ ɪ̯
மென்பொருள்	m e n p o ɾ ʊ ɭ
மென்பொருள்	m e n b o ɾ ʊ ɭ
மென்மேலும்	m e n m eː l ʊ m
மென்மை	m e n m ɐ ɪ̯
மென்று	m e n r ʊ
மென்றுவிழுங்கு	m e n r ʊ ʋ ɪ ɻ ʊ ŋ ɡ ʊ
மென்வெள்ளி	m e n ʋ e ɭː ɪ
மெய்	m e j
மெய்க்கோள்	m e j kː oː ɭ
மெய்ப்பாட்டிசைக்குறி	m e j pː ɑː ʈː ɪ t͡ɕ ɐ ɪ̯ kː ʊ r ɪ
மெய்யாலும்	m e jː ɑː l ʊ m
மெய்யியல்	m e jː ɪ j ɐ l
மெய்யிரம்	m e jː ɪ ɾ ɐ m
மெய்யெழுத்து	m e jː e ɻ ʊ t̪ː ʊ
மெருகு	m e ɾ ʊ ɡ ʊ
மெலிவு	m e l ɪ ʋ ʊ
மெல்	m e l
மெல்ல	m e l l ɐ
மெல்லினம்	m e l l ɪ n ɐ m
மெல்லிய	m e l l ɪ j ɐ
மெல்லெழுத்து	m e l l e ɻ ʊ t̪ː ʊ
மெழுகு	m e ɻ ʊ ɡ ʊ
மெழுகுவத்தி	m e ɻ ʊ ɡ ʊ ʋ ɐ t̪ː ɪ
மெழுகுவர்த்தி	m e ɻ ʊ ɡ ʊ ʋ ɐ ɾ t̪ː ɪ
மே	m eː
மேகம்	m eː ɡ ɐ m
மேகம்	m eː h ɐ m
மேகலை	m eː ɡ ɐ l ɐ ɪ̯
மேகாலயா	m eː ɡ ɑː l ɐ j ɑː
மேசை	m eː t͡ɕ ɐ ɪ̯
மேஜை	m eː d͡ʑ ɐ ɪ̯
மேடு	m eː ɖ ʊ
மேடூகம்	m eː ɖ uː ɡ ɐ m
மேடை	m eː ɖ ɐ ɪ̯
மேட்டிமை	m eː ʈː ɪ m ɐ ɪ̯
மேதம்	m eː d̪ ɐ m
மேதாவி	m eː d̪ ɑː ʋ ɪ
மேதினி	m eː d̪ ɪ n ɪ
மேனாடு	m eː n ɑː ɖ ʊ
மேனி	m eː n ɪ
மேனிக்கு	m eː n ɪ kː ʊ
மேனிலை	m eː n ɪ l ɐ ɪ̯
மேனீர்	m eː n iː ɾ
மேன்மூடி	m eː n m uː ɖ ɪ
மேன்மை	m eː n m ɐ ɪ̯
மேன்றலை	m eː n r ɐ l ɐ ɪ̯
மேம்படு	m eː m b ɐ ɖ ʊ
மேம்பாடு	m eː m b ɑː ɖ ʊ
மேம்பாலம்	m eː m b ɑː l ɐ m
மேயல்	m eː j ɐ l
மேய்	m eː j
மேய்ச்சல்	m eː j t͡ɕː ɐ l
மேய்ப்பன்	m eː j pː ɐ n
மேய்ப்பு	m eː j pː ʊ
மேரை	m eː ɾ ɐ ɪ̯
மேற்கு	m eː r k ʊ
மேற்கூரை	m eː r k uː ɾ ɐ ɪ̯
மேற்கொண்டு	m eː r k o ɳ ɖ ʊ
மேற்கொள்	m eː r k o ɭ
மேற்கோப்பு	m eː r k oː pː ʊ
மேற்கோள்	m eː r k oː ɭ
மேற்செலவு	m eː r t͡ɕ e l ɐ ʋ ʊ
மேற்படு	m eː r p ɐ ɖ ʊ
மேற்பட்டை	m eː r p ɐ ʈː ɐ ɪ̯
மேற்பார்வை	m eː r p ɑː ɾ ʋ ɐ ɪ̯
மேற்றளம்	m eː rː ɐ ɭ ɐ m
மேலங்கி	m eː l ɐ ŋ ɡ ɪ
மேலாண்மை	m eː l ɑː ɳ m ɐ ɪ̯
மேலால்	m eː l ɑː l
மேலிடு	m eː l ɪ ɖ ʊ
மேலிமை	m eː l ɪ m ɐ ɪ̯
மேலும்	m eː l ʊ m
மேலே	m eː l eː
மேலோடி	m eː l oː ɖ ɪ
மேல்	m eː l
மேஷம்	m eː ʂ ɐ m
மை	m ɐ ɪ̯
மைசூர்	m ɐ ɪ̯ t͡ɕ uː ɾ
மைதா	m ɐ ɪ̯ d̪ ɑː
மைதானம்	m ɐ ɪ̯ d̪ ɑː n ɐ m
மைதிலி	m ɐ ɪ̯ d̪ ɪ l ɪ
மைதுனம்	m ɐ ɪ̯ d̪ ʊ n ɐ m
மைந்தன்	m ɐ ɪ̯ n̪ d̪ ɐ n
மைனா	m ɐ ɪ̯ n ɑː
மைனி	m ɐ ɪ̯ n ɪ
மைம்மை	m ɐ ɪ̯ mː ɐ ɪ̯
மையம்	m ɐ ɪ̯ j ɐ m
மைல்	m ɐ ɪ̯ l
மொக்கு	m o kː ʊ
மொக்கை	m o kː ɐ ɪ̯
மொச்சை	m o t͡ɕː ɐ ɪ̯
மொட்டு	m o ʈː ʊ
மொட்டுளி	m o ʈː ʊ ɭ ɪ
மொட்டை	m o ʈː ɐ ɪ̯
மொட்டைமாடி	m o ʈː ɐ ɪ̯ m ɑː ɖ ɪ
மொண்ணை	m o ɳː ɐ ɪ̯
மொத	m o d̪ ɐ
மொதல்	m o d̪ ɐ l
மொதல்ல	m o d̪ ɐ l l ɐ
மொத்தம்	m o t̪ː ɐ m
மொய்	m o j
மொய்ம்பு	m o j m b ʊ
மொய்யற்சன்னி	m o jː ɐ r t͡ɕ ɐ nː ɪ
மொழி	m o ɻ ɪ
மொழிபு	m o ɻ ɪ b ʊ
மொழிபெயர்	m o ɻ ɪ b e j ɐ ɾ
மொழிபெயர்ப்பாளர்	m o ɻ ɪ b e j ɐ ɾ pː ɑː ɭ ɐ ɾ
மொழிபெயர்ப்பாளர்	m o ɻ ɪ p e j ɐ ɾ pː ɑː ɭ ɐ ɾ
மொழிபெயர்ப்பியல்	m o ɻ ɪ b e j ɐ ɾ pː ɪ j ɐ l
மொழிபெயர்ப்பு	m o ɻ ɪ b e j ɐ ɾ pː ʊ
மொழிபெயர்ப்பு	m o ɻ ɪ p e j ɐ ɾ pː ʊ
மொழியியல்	m o ɻ ɪ j ɪ j ɐ l
மோ	m oː
மோகனம்	m oː ɡ ɐ n ɐ m
மோகினியாட்டம்	m oː ɡ ɪ n ɪ j ɑː ʈː ɐ m
மோசடி	m oː t͡ɕ ɐ ɖ ɪ
மோசம்	m oː t͡ɕ ɐ m
மோசே	m oː t͡ɕ eː
மோடம்	m oː ɖ ɐ m
மோடு	m oː ɖ ʊ
மோதிரம்	m oː d̪ ɪ ɾ ɐ m
மோதிரவிரல்	m oː d̪ ɪ ɾ ɐ ʋ ɪ ɾ ɐ l
மோது	m oː d̪ ʊ
மோத்தை	m oː t̪ː ɐ ɪ̯
மோப்பம்	m oː pː ɐ m
மோரை	m oː ɾ ɐ ɪ̯
மோர்	m oː ɾ
மோழல்	m oː ɻ ɐ l
மோவாய்	m oː ʋ ɑː j
மௌனம்	m ɐ ʊ̯ n ɐ m
மௌவல்	m ɐ ʊ̯ ʋ ɐ l
ம்	i m
ம்	i mː ɯ
ம்	m
ய	j ɐ
யக்கியோபவீதம்	j ɐ kː ɪ j oː b ɐ ʋ iː d̪ ɐ m
யசோதை	j ɐ t͡ɕ oː d̪ ɐ ɪ̯
யமன்	j ɐ m ɐ n
யமுனை	j ɐ m ʊ n ɐ ɪ̯
யவ	j ɐ ʋ ɐ
யஹ்யா	j ɐ h j ɑː
யாகுவம்	j ɑː ɡ ʊ ʋ ɐ m
யாக்கை	j ɑː kː ɐ ɪ̯
யாங்கண்	j ɑː ŋ ɡ ɐ ɳ
யாங்கு	j ɑː ŋ ɡ ʊ
யாசி	j ɑː t͡ɕ ɪ
யாடு	j ɑː ɖ ʊ
யாது	j ɑː d̪ ʊ
யானம்	j ɑː n ɐ m
யானை	j ɑː n ɐ ɪ̯
யானைமதம்	j ɑː n ɐ ɪ̯ m ɐ d̪ ɐ m
யான்	j ɑː n
யாப்பு	j ɑː pː ʊ
யாமம்	j ɑː m ɐ m
யாம்	j ɑː m
யாரோ	j ɑː ɾ oː
யார்	j ɑː ɾ
யாளி	j ɑː ɭ ɪ
யாழ்	j ɑː ɻ
யாழ்ப்பாணம்	j ɑː ɻ pː ɑː ɳ ɐ m
யாவது	j ɑː ʋ ɐ d̪ ʊ
யாவன்	j ɑː ʋ ɐ n
யாவரும்	j ɑː ʋ ɐ ɾ ʊ m
யாவர்	j ɑː ʋ ɐ ɾ
யாவள்	j ɑː ʋ ɐ ɭ
யாவும்	j ɑː ʋ ʊ m
யாவை	j ɑː ʋ ɐ ɪ̯
யாவையும்	j ɑː ʋ ɐ ɪ̯ j ʊ m
யுகம்	j ʊ ɡ ɐ m
யுத்தம்	j ʊ t̪ː ɐ m
யுரேனசு	j ʊ ɾ eː n ɐ t͡ɕ ʊ
யூகி	j uː ɡ ɪ
யூதம்	j uː d̪ ɐ m
யேசு	j eː t͡ɕ ʊ
யோகக்ஷேமம்	j oː ɡ ɐ k ʂ eː m ɐ m
யோகசேமம்	j oː ɡ ɐ t͡ɕ eː m ɐ m
யோகட்சேமம்	j oː ɡ ɐ ʈ t͡ɕ eː m ɐ m
யோகம்	j oː ɡ ɐ m
யோகஸ்நானம்	j oː ɡ ɐ s n̪ ɑː n ɐ m
யோக்கியம்	j oː kː ɪ j ɐ m
யோசனை	j oː t͡ɕ ɐ n ɐ ɪ̯
யோசி	j oː t͡ɕ ɪ
யோசுவா	j oː t͡ɕ ʊ ʋ ɑː
யோனி	j oː n ɪ
யோவான்	j oː ʋ ɑː n
யோவேல்	j oː ʋ eː l
ய்	i j
ய்	j
ர	ɾ ɐ
ரகசியம்	ɾ ɐ ɡ ɐ t͡ɕ ɪ j ɐ m
ரகசியம்	ɾ ɐ h ɐ s ɪ j ɐ m
ரகம்	ɾ ɐ ɡ ɐ m
ரகளை	ɾ ɐ ɡ ɐ ɭ ɐ ɪ̯
ரக்ஷகன்	ɾ ɐ k ʂ ɐ ɡ ɐ n
ரக்ஷி	ɾ ɐ k ʂ ɪ
ரங்கநாதன்	ɾ ɐ ŋ ɡ ɐ n̪ ɑː d̪ ɐ n
ரங்கு	ɾ ɐ ŋ ɡ ʊ
ரசகற்பூரம்	ɾ a s a k a r p uː ɾ a m
ரசகற்பூரம்	ɾ ɐ s ɐ k ɐ r p uː ɾ ɐ m
ரசம்	ɾ ɐ t͡ɕ ɐ m
ரசாயனம்	ɾ ɐ t͡ɕ ɑː j ɐ n ɐ m
ரசி	ɾ ɐ t͡ɕ ɪ
ரஜா	ɾ ɐ d͡ʑ ɑː
ரஞ்சிதம்	ɾ ɐ ɲ d͡ʑ ɪ d̪ ɐ m
ரதம்	ɾ ɐ d̪ ɐ m
ரத்தபித்தரோகம்	ɾ ɐ t̪ː ɐ b ɪ t̪ː ɐ ɾ oː ɡ ɐ m
ரத்தபூமி	ɾ ɐ t̪ː ɐ b uː m ɪ
ரத்தமசூரிகை	ɾ ɐ t̪ː ɐ m ɐ t͡ɕ uː ɾ ɪ ɡ ɐ ɪ̯
ரத்தம்	ɾ ɐ t̪ː ɐ m
ரத்தினம்	ɾ ɐ t̪ː ɪ n ɐ m
ரத்து	ɾ ɐ t̪ː ʊ
ரந்திரம்	ɾ ɐ n̪ d̪ ɪ ɾ ɐ m
ரப்பர்	ɾ ɐ b b ɐ ɾ
ரமலான்	ɾ ɐ m ɐ l ɑː n
ரம்சான்	ɾ ɐ m t͡ɕ ɑː n
ரம்ஜான்	ɾ ɐ m d͡ʑ ɑː n
ரம்பம்	ɾ ɐ m b ɐ m
ரம்மியம்	ɾ ɐ mː ɪ j ɐ m
ரயத்	ɾ ɐ j ɐ t̪
ரயில்	ɾ ɐ j ɪ l
ரவை	ɾ ɐ ʋ ɐ ɪ̯
ரஷ்யா	ɾ ɐ ʂ j ɑː
ரா	ɾ ɑː
ராகம்	ɾ ɑː ɡ ɐ m
ராகவன்	ɾ ɑː ɡ ɐ ʋ ɐ n
ராசி	ɾ ɑː t͡ɕ ɪ
ராஜஸ்தான்	ɾ ɑː d͡ʑ ɐ s t̪ ɑː n
ராஜா	ɾ ɑː d͡ʑ ɑː
ராஜாத்தி	ɾ ɑː d͡ʑ ɑː t̪ː ɪ
ராஜிநாமா	ɾ ɑː d͡ʑ ɪ n̪ ɑː m ɑː
ராஜீயவாதி	ɾ ɑː d͡ʑ iː j ɐ ʋ ɑː d̪ ɪ
ராஜ்யம்	ɾ ɑː d͡ʑ j ɐ m
ராணி	ɾ ɑː ɳ ɪ
ராணிப்பேட்டை	ɾ ɑː ɳ ɪ pː eː ʈː ɐ ɪ̯
ராணுவம்	ɾ ɑː ɳ ʊ ʋ ɐ m
ராத்திரி	ɾ ɑː t̪ː ɪ ɾ ɪ
ராப்போஜனம்	ɾ ɑː pː oː d͡ʑ ɐ n ɐ m
ராமநாதன்	ɾ ɑː m ɐ n̪ ɑː d̪ ɐ n
ராமநாதபுரம்	ɾ ɑː m ɐ n̪ ɑː d̪ ɐ b ʊ ɾ ɐ m
ராமன்	ɾ ɑː m ɐ n
ராமர்	ɾ ɑː m ɐ ɾ
ராமேசுவரம்	ɾ ɑː m eː t͡ɕ ʊ ʋ ɐ ɾ ɐ m
ராயன்	ɾ ɑː j ɐ n
ராவணன்	ɾ ɑː ʋ ɐ ɳ ɐ n
ராஷ்டிரபதி	ɾ ɑː ʂ ʈ ɪ ɾ ɐ b ɐ d̪ ɪ
ரிஷபம்	ɾ ɪ ʂ ɐ b ɐ m
ரிஷி	ɾ ɪ ʂ ɪ
ரீங்காரம்	ɾ iː ŋ ɡ ɑː ɾ ɐ m
ருசரகம்	ɾ ʊ t͡ɕ ɐ ɾ ɐ ɡ ɐ m
ருசி	ɾ ʊ t͡ɕ ɪ
ருத்திரசடை	ɾ ʊ t̪ː ɪ ɾ ɐ t͡ɕ ɐ ɖ ɐ ɪ̯
ருத்திரன்	ɾ ʊ t̪ː ɪ ɾ ɐ n
ருப்புலக்கை	ɾ ʊ pː ʊ l ɐ kː ɐ ɪ̯
ரும்மான்	ɾ ʊ mː ɑː n
ரூத்	ɾ uː t̪
ரூபம்	ɾ uː b ɐ m
ரூபாய்	ɾ uː b ɑː j
ரூம்	ɾ uː m
ரெண்டு	ɾ e ɳ ɖ ʊ
ரெம்பு	ɾ e m b ʊ
ரேகை	ɾ eː ɡ ɐ ɪ̯
ரேகை	ɾ eː h ɐ ɪ̯
ரேவதி	ɾ eː ʋ ə t̪ ɪ
ரேவு	ɾ eː ʋ ʊ
ரொக்கம்	ɾ o kː ɐ m
ரொட்டி	ɾ o ʈː ɪ
ரொம்ப	ɾ o m b ɐ
ரொம்பு	ɾ o m b ʊ
ரொஷ்டு	ɾ o ʂ ʈ ʊ
ரோகம்	ɾ oː ɡ ɐ m
ரோகிணி	ɾ oː ɡ ɪ ɳ ɪ
ரோஜா	ɾ oː d͡ʑ ɑː
ரோஜாக்கள்	ɾ oː d͡ʑ ɑː kː ɐ ɭ
ரோஜ்	ɾ oː d͡ʑ
ரோஜ்கார்	ɾ oː d͡ʑ k ɑː ɾ
ரோடு	ɾ oː ɖ ʊ
ரோதம்	ɾ oː d̪ ɐ m
ரோந்து	ɾ oː n̪ d̪ ʊ
ரோபோ	ɾ oː b oː
ரோமம்	ɾ oː m ɐ m
ரோமாபுரி	ɾ oː m ɑː b ʊ ɾ ɪ
ரோமாபுரி	ɾ oː m aː p u ɾ i
ரோம்	ɾ oː m
ரோஹிணி	ɾ oː h ɪ ɳ ɪ
ர்	i ɾ
ர்	i ɾ ɾ ɯ
ர்	ɾ
ற	r ɐ
ற	r
ற	rː
ற	n r
றகரம்	r ɐ ɡ ɐ ɾ ɐ m
ற்	r
ல	l ɐ
லகரி	l ɐ ɡ ɐ ɾ ɪ
லக்குவா	l ɐ kː ʊ ʋ ɑː
லக்சம்பர்க்	l ɐ k t͡ɕ ɐ m b ɐ ɾ k
லக்ஷணம்	l ɐ k ʂ ɐ ɳ ɐ m
லக்ஷம்	l ɐ k ʂ ɐ m
லக்ஷி	l ɐ k ʂ ɪ
லங்கர்	l ɐ ŋ ɡ ɐ ɾ
லஞ்சம்	l ɐ ɲ d͡ʑ ɐ m
லடாக்	l ɐ ɖ ɑː k
லடாய்	l ɐ ɖ ɑː j
லட்சம்	l ɐ ʈ t͡ɕ ɐ m
லட்டு	l ɐ ɖ ɖ ʊ
லட்டு	l ɐ ʈː ʊ
லண்டன்	l ɐ ɳ ɖ ɐ n
லதி	l ɐ d̪ ɪ
லதை	l ɐ d̪ ɐ ɪ̯
லத்தாடு	l ɐ t̪ː ɑː ɖ ʊ
லத்தீன்	l ɐ t̪ː iː n
லப்பை	l ɐ pː ɐ ɪ̯
லயம்	l ɐ j ɐ m
லாடம்	l ɑː ɖ ɐ m
லாந்தர்	l ɑː n̪ d̪ ɐ ɾ
லாபம்	l ɑː b ɐ m
லாபுவான்	l ɑː b ʊ ʋ ɑː n
லாவோஸ்	l ɑː oː s
லாவோஸ்	l ɑː ʋ oː s
லிட்டர்	l ɪ ʈː ɐ ɾ
லிஸ்பன்	l ɪ s p ɐ n
லீக்டன்ஸ்டைன்	l iː k ʈ ɐ n s ʈ ɐ ɪ̯ n
லீவு	l iː ʋ ʊ
லுங்கி	l ʊ ŋ ɡ ɪ
லூசு	l uː s ʊ
லெசோத்தோ	l e t͡ɕ oː t̪ː oː
லெபனான்	l e b ɐ n ɑː n
லெஸ்பியன்	l e s b ɪ j ɐ n
லேஞ்சி	l eː ɲ d͡ʑ ɪ
லேட்	l eː ʈ
லைபீரியா	l ɐ ɪ̯ b iː ɾ ɪ j ɑː
லொடுக்கு	l o ɖ ʊ kː ʊ
லொள்	l o ɭ
லொள்ளு	l o ɭː ʊ
லோககதி	l oː ɡ ɐ ɡ ɐ d̪ ɪ
லோகம்	l oː ɡ ɐ m
லோலாக்கு	l oː l ɑː kː ʊ
லோலோவென்றலை	l oː l oː ʋ e n r ɐ l ɐ ɪ̯
ல்	i l
ல்	i l l ɯ
ல்	l
ள	ɭ ɐ
ள்	ɭ
ழ	ɻ ɐ
ழுஹர்	ɻ ʊ h ɐ ɾ
ழ்	i ɻ
ழ்	ɻ
வ	ʋ ɐ
வகு	ʋ ɐ ɡ ʊ
வகுத்தல்	ʋ ɐ ɡ ʊ t̪ː ɐ l
வகுப்பு	ʋ ɐ ɡ ʊ pː ʊ
வகை	ʋ ɐ ɡ ɐ ɪ̯
வகைகள்	ʋ ɐ ɡ ɐ ɪ̯ ɡ ɐ ɭ
வகைபாட்டியல்	ʋ ɐ ɡ ɐ ɪ̯ b ɑː ʈː ɪ j ɐ l
வகையில்	ʋ ɐ ɡ ɐ ɪ̯ j ɪ l
வக்கணம்	ʋ ɐ kː ɐ ɳ ɐ m
வக்கணை	ʋ ɐ kː ɐ ɳ ɐ ɪ̯
வக்காலத்து	ʋ ɐ kː ɑː l ɐ t̪ː ʊ
வக்கிரகட்கம்	ʋ ɐ kː ɪ ɾ ɐ ɡ ɐ ʈ k ɐ m
வக்கில்	ʋ ɐ kː ɪ l
வக்கீல்	ʋ ɐ kː iː l
வக்கு	ʋ ɐ kː ʊ
வக்திரம்	ʋ ɐ k t̪ ɪ ɾ ɐ m
வங்கணம்	ʋ ɐ ŋ ɡ ɐ ɳ ɐ m
வங்கம்	ʋ ɐ ŋ ɡ ɐ m
வங்காள	ʋ ɐ ŋ ɡ ɑː ɭ ɐ
வங்காளதேசம்	ʋ ɐ ŋ ɡ ɑː ɭ ɐ d̪ eː t͡ɕ ɐ m
வங்காளம்	ʋ ɐ ŋ ɡ ɑː ɭ ɐ m
வங்கி	ʋ ɐ ŋ ɡ ɪ
வங்கிக்கடன்	ʋ ɐ ŋ ɡ ɪ kː ɐ ɖ ɐ n
வங்கிக்கணக்கு	ʋ ɐ ŋ ɡ ɪ kː ɐ ɳ ɐ kː ʊ
வங்கியம்	ʋ ɐ ŋ ɡ ɪ j ɐ m
வசதி	ʋ ɐ t͡ɕ ɐ d̪ ɪ
வசந்தம்	ʋ ɐ t͡ɕ ɐ n̪ d̪ ɐ m
வசனம்	ʋ ɐ t͡ɕ ɐ n ɐ m
வசம்பு	ʋ ɐ t͡ɕ ɐ m b ʊ
வசரம்	ʋ ɐ t͡ɕ ɐ ɾ ɐ m
வசி	ʋ ɐ t͡ɕ ɪ
வசியம்	ʋ ɐ t͡ɕ ɪ j ɐ m
வசீகரம்	ʋ ɐ t͡ɕ iː ɡ ɐ ɾ ɐ m
வச்சநாபி	ʋ ɐ t͡ɕː ɐ n̪ ɑː b ɪ
வஞ்சப்புகழ்ச்சி	ʋ ɐ ɲ d͡ʑ ɐ pː ʊ ɡ ɐ ɻ t͡ɕː ɪ
வஞ்சம்	ʋ ɐ ɲ d͡ʑ ɐ m
வஞ்சி	ʋ ɐ ɲ d͡ʑ ɪ
வட	ʋ ɐ ɖ ɐ
வடகம்	ʋ ɐ ɖ ɐ ɡ ɐ m
வடகறி	ʋ ɐ ɖ ɐ ɡ ɐ r ɪ
வடகிழக்கு	ʋ ɐ ɖ ɐ ɡ ɪ ɻ ɐ kː ʊ
வடக்கன்	ʋ ɐ ɖ ɐ kː ɐ n
வடக்கு	ʋ ɐ ɖ ɐ kː ʊ
வடசொல்	ʋ ɐ ɖ ɐ t͡ɕ o l
வடநாடு	ʋ ɐ ɖ ɐ n̪ ɑː ɖ ʊ
வடமேற்கு	ʋ ɐ ɖ ɐ m eː r k ʊ
வடமொழி	ʋ ɐ ɖ ɐ m o ɻ ɪ
வடமொழியெழுத்து	ʋ ɐ ɖ ɐ m o ɻ ɪ j e ɻ ʊ t̪ː ʊ
வடி	ʋ ɐ ɖ ɪ
வடிகட்டி	ʋ ɐ ɖ ɪ ɡ ɐ ʈː ɪ
வடிகட்டி	ʋ ɐ ɖ ɪ k ɐ ʈː ɪ
வடிகட்டு	ʋ ɐ ɖ ɪ ɡ ɐ ʈː ʊ
வடிகால்	ʋ ɐ ɖ ɪ ɡ ɑː l
வடிகால்	ʋ ɐ ɖ ɪ k ɑː l
வடித்துக்கொட்டு	ʋ ɐ ɖ ɪ t̪ː ʊ kː o ʈː ʊ
வடிவமைப்பு	ʋ ɐ ɖ ɪ ʋ ɐ m ɐ ɪ̯ pː ʊ
வடிவம்	ʋ ɐ ɖ ɪ ʋ ɐ m
வடிவியல்	ʋ ɐ ɖ ɪ ʋ ɪ j ɐ l
வடிவு	ʋ ɐ ɖ ɪ ʋ ʊ
வடு	ʋ ɐ ɖ ʊ
வடுகன்	ʋ ɐ ɖ ʊ ɡ ɐ n
வடுகு	ʋ ɐ ɖ ʊ ɡ ʊ
வடை	ʋ ɐ ɖ ɐ ɪ̯
வடைகறி	ʋ ɐ ɖ ɐ ɪ̯ ɡ ɐ r ɪ
வடைப்பருப்பு	ʋ ɐ ɖ ɐ ɪ̯ pː ɐ ɾ ʊ pː ʊ
வட்டம்	ʋ ɐ ʈː ɐ m
வட்டி	ʋ ɐ ʈː ɪ
வட்டில்	ʋ ɐ ʈː ɪ l
வட்டுக்கோட்டை	ʋ ɐ ʈː ʊ kː oː ʈː ɐ ɪ̯
வட்டெழுத்து	ʋ ɐ ʈː e ɻ ʊ t̪ː ʊ
வணக்கம்	ʋ ɐ ɳ ɐ kː ɐ m
வணங்கு	ʋ ɐ ɳ ɐ ŋ ɡ ʊ
வணங்குகை	ʋ ɐ ɳ ɐ ŋ ɡ ʊ ɡ ɐ ɪ̯
வண்டி	ʋ ɐ ɳ ɖ ɪ
வண்டு	ʋ ɐ ɳ ɖ ʊ
வண்ண	ʋ ɐ ɳː ɐ
வண்ணத்துப்பூச்சி	ʋ ɐ ɳː ɐ t̪ː ʊ pː uː t͡ɕː ɪ
வண்ணத்துப்பூச்சிகள்	ʋ ɐ ɳː ɐ t̪ː ʊ pː uː t͡ɕː ɪ ɡ ɐ ɭ
வண்ணம்	ʋ ɐ ɳː ɐ m
வண்ணாத்தான்	ʋ ɐ ɳː ɑː t̪ː ɑː n
வண்ணாத்திப்பூச்சி	ʋ ɐ ɳː ɑː t̪ː ɪ pː uː t͡ɕː ɪ
வதக்கு	ʋ ɐ d̪ ɐ kː ʊ
வதந்தி	ʋ ɐ d̪ ɐ n̪ d̪ ɪ
வதனம்	ʋ ɐ d̪ ɐ n ɐ m
வதம்	ʋ ɐ d̪ ɐ m
வதி	ʋ ɐ d̪ ɪ
வந்த	ʋ ɐ n̪ d̪ ɐ
வந்து	ʋ ɐ n̪ d̪ ʊ
வனச்சுவை	ʋ ɐ n ɐ t͡ɕː ʊ ʋ ɐ ɪ̯
வனம்	ʋ ɐ n ɐ m
வனாந்தரம்	ʋ ɐ n ɑː n̪ d̪ ɐ ɾ ɐ m
வன்	ʋ ɐ n
வன்கடத்தி	ʋ ɐ n k ɐ ɖ ɐ t̪ː i
வன்சொல்	ʋ ɐ n t͡ɕ o l
வன்தங்கம்	ʋ ɐ n d̪ ɐ ŋ ɡ ɐ m
வன்னியர்	ʋ ɐ nː ɪ j ɐ ɾ
வன்பால்	ʋ ɐ n b ɑː l
வன்பொருள்	ʋ ɐ n b o ɾ ʊ ɭ
வன்மம்	ʋ ɐ n m ɐ m
வன்முறை	ʋ ɐ n m ʊ r ɐ ɪ̯
வன்மை	ʋ ɐ n m ɐ ɪ̯
வன்மொழி	ʋ ɐ n m o ɻ ɪ
வன்வெள்ளி	ʋ ɐ n ʋ e ɭː ɪ
வமிசம்	ʋ ɐ m ɪ t͡ɕ ɐ m
வமிசாவளி	ʋ ɐ m ɪ t͡ɕ ɑː ʋ ɐ ɭ ɪ
வம்சம்	ʋ ɐ m t͡ɕ ɐ m
வம்சாவளி	ʋ ɐ m t͡ɕ ɑː ʋ ɐ ɭ ɪ
வம்பு	ʋ ɐ m b ʊ
வயசு	ʋ ɐ j ɐ t͡ɕ ʊ
வயது	ʋ ɐ j ɐ d̪ ʊ
வயநாடு	ʋ ɐ j ɐ n̪ ɑː ɖ ʊ
வயமா	ʋ ɐ j ɐ m ɑː
வயல்	ʋ ɐ j ɐ l
வயிறு	ʋ ɐ j ɪ r ʊ
வயிற்றாலேபோ	ʋ ɐ j ɪ rː aː l eː p oː
வயிற்றால்	ʋ ɐ j ɪ rː ɑː l
வயிற்று	ʋ ɐ j ɪ rː ʊ
வயிற்றுப்போக்கு	ʋ ɐ j ɪ rː ʊ pː oː kː ʊ
வயிற்றுவலி	ʋ ɐ j ɪ rː ʊ ʋ ɐ l ɪ
வயிற்றெரிச்சல்	ʋ ɐ j ɪ rː e ɾ ɪ t͡ɕː ɐ l
வயிற்றோட்டம்	ʋ ɐ j ɪ rː oː ʈː ɐ m
வர	ʋ ɐ ɾ ɐ
வரகு	ʋ ɐ ɾ ɐ ɡ ʊ
வரடம்	ʋ ɐ ɾ ɐ ɖ ɐ m
வரணம்	ʋ ɐ ɾ ɐ ɳ ɐ m
வரதட்சணை	ʋ ɐ ɾ ɐ d̪ ɐ ʈ t͡ɕ ɐ ɳ ɐ ɪ̯
வரத்து	ʋ ɐ ɾ ɐ t̪ː ʊ
வரன்முறை	ʋ ɐ ɾ ɐ n m ʊ r ɐ ɪ̯
வரப்பண்ணு	ʋ ɐ ɾ ɐ pː ɐ ɳː ʊ
வரப்பு	ʋ ɐ ɾ ɐ pː ʊ
வரம்	ʋ ɐ ɾ ɐ m
வரம்பு	ʋ ɐ ɾ ɐ m b ʊ
வரலாறு	ʋ ɐ ɾ ɐ l ɑː r ʊ
வரலாற்று	ʋ ɐ ɾ ɐ l ɑː rː ʊ
வரவர	ʋ ɐ ɾ ɐ ʋ ɐ ɾ ɐ
வரவு	ʋ ɐ ɾ ɐ ʋ ʊ
வரவேற்கிறேன்	ʋ ɐ ɾ ɐ ʋ eː r k ɪ r eː n
வரவேல்	ʋ ɐ ɾ ɐ ʋ eː l
வராகம்	ʋ ɐ ɾ ɑː ɡ ɐ m
வரி	ʋ ɐ ɾ ɪ
வரிக்குதிரை	ʋ ɐ ɾ ɪ kː ʊ d̪ ɪ ɾ ɐ ɪ̯
வரிசை	ʋ ɐ ɾ ɪ t͡ɕ ɐ ɪ̯
வரிச்சல்	ʋ ɐ ɾ ɪ t͡ɕː ɐ l
வரு	ʋ ɐ ɾ ʊ
வருக	ʋ ɐ ɾ ʊ ɡ ɐ
வருகமஞ்சள்	ʋ ɐ ɾ ʊ ɡ ɐ m ɐ ɲ d͡ʑ ɐ ɭ
வருகிறது	ʋ ɐ ɾ ʊ ɡ ɪ r ɐ d̪ ʊ
வருகை	ʋ ɐ ɾ ʊ ɡ ɐ ɪ̯
வருக்கணம்	ʋ ɐ ɾ ʊ kː ɐ ɳ ɐ m
வருங்காலம்	ʋ ɐ ɾ ʊ ŋ ɡ ɑː l ɐ m
வருடப்பிறப்பு	ʋ ɐ ɾ ʊ ɖ ɐ pː ɪ r ɐ pː ʊ
வருடம்	ʋ ɐ ɾ ʊ ɖ ɐ m
வருடு	ʋ ɐ ɾ ʊ ɖ ʊ
வருணனை	ʋ ɐ ɾ ʊ ɳ ɐ n ɐ ɪ̯
வருணன்	ʋ ɐ ɾ ʊ ɳ ɐ n
வருதல்	ʋ ɐ ɾ ʊ d̪ ɐ l
வருத்தங்கள்	ʋ ɐ ɾ ʊ t̪ː ɐ ŋ ɡ ɐ ɭ
வருத்தம்	ʋ ɐ ɾ ʊ t̪ː ɐ m
வருத்தி	ʋ ɐ ɾ ʊ t̪ː ɪ
வருத்து	ʋ ɐ ɾ ʊ t̪ː ʊ
வருந்து	ʋ ɐ ɾ ʊ n̪ d̪ ʊ
வருபொருள்	ʋ ɐ ɾ ʊ b o ɾ ʊ ɭ
வருபோகம்	ʋ ɐ ɾ ʊ b oː ɡ ɐ m
வரும்	ʋ ɐ ɾ ʊ m
வரும்படி	ʋ ɐ ɾ ʊ m b ɐ ɖ ɪ
வருவாய்	ʋ ɐ ɾ ʊ ʋ ɑː j
வருவி	ʋ ɐ ɾ ʊ ʋ ɪ
வருஷம்	ʋ ɐ ɾ ʊ ʂ ɐ m
வரை	ʋ ɐ ɾ ɐ ɪ̯
வரைபடம்	ʋ ɐ ɾ ɐ ɪ̯ b ɐ ɖ ɐ m
வரையறை	ʋ ɐ ɾ ɐ ɪ̯ j ɐ r ɐ ɪ̯
வரையாடு	ʋ ɐ ɾ ɐ ɪ̯ j ɑː ɖ ʊ
வர்ணனை	ʋ ɐ ɾ ɳ ɐ n ɐ ɪ̯
வர்ணம்	ʋ ɐ ɾ ɳ ɐ m
வர்ணி	ʋ ɐ ɾ ɳ ɪ
வர்ஷம்	ʋ ɐ ɾ ʂ ɐ m
வறடு	ʋ ɐ r ɐ ɖ ʊ
வறட்சி	ʋ ɐ r ɐ ʈ t͡ɕ ɪ
வறட்டி	ʋ ɐ r ɐ ʈː ɪ
வறம்	ʋ ɐ r ɐ m
வறு	ʋ ɐ r ʊ
வறுநிலம்	ʋ ɐ r ʊ n̪ ɪ l ɐ m
வறுமை	ʋ ɐ r ʊ m ɐ ɪ̯
வறுமைக்கோடு	ʋ ɐ r ʊ m ɐ ɪ̯ kː oː ɖ ʊ
வற்பு	ʋ ɐ r p ʊ
வற்புறுத்து	ʋ ɐ r p ʊ r ʊ t̪ː ʊ
வற்றம்	ʋ ɐ rː ɐ m
வற்றல்	ʋ ɐ rː ɐ l
வற்று	ʋ ɐ rː ʊ
வலங்கம்	ʋ ɐ l ɐ ŋ ɡ ɐ m
வலசை	ʋ ɐ l ɐ t͡ɕ ɐ ɪ̯
வலது	ʋ ɐ l ɐ d̪ ʊ
வலன்	ʋ ɐ l ɐ n
வலம்	ʋ ɐ l ɐ m
வலம்புரி	ʋ ɐ l ɐ m b ʊ ɾ ɪ
வலம்வா	ʋ ɐ l ɐ m ʋ ɑː
வலாகம்	ʋ ɐ l ɑː ɡ ɐ m
வலி	ʋ ɐ l ɪ
வலிப்பு	ʋ ɐ l ɪ pː ʊ
வலிமை	ʋ ɐ l ɪ m ɐ ɪ̯
வலு	ʋ ɐ l ʊ
வலுசர்ப்பம்	ʋ ɐ l ʊ t͡ɕ ɐ ɾ pː ɐ m
வலுப்பு	ʋ ɐ l ʊ pː ʊ
வலுமை	ʋ ɐ l ʊ m ɐ ɪ̯
வலை	ʋ ɐ l ɐ ɪ̯
வலைஒளி	ʋ ɐ l ɐ ɪ̯ o ɭ ɪ
வலைத்தளம்	ʋ ɐ l ɐ ɪ̯ t̪ː ɐ ɭ ɐ m
வலைப்பக்கம்	ʋ ɐ l ɐ ɪ̯ pː ɐ kː ɐ m
வலைப்பின்னல்	ʋ ɐ l ɐ ɪ̯ pː ɪ nː ɐ l
வலைப்பின்னல்கள்	ʋ ɐ l ɐ ɪ̯ pː ɪ nː ɐ l ɡ ɐ ɭ
வலையமைப்பு	ʋ ɐ l ɐ ɪ̯ j ɐ m ɐ ɪ̯ pː ʊ
வலையொளி	ʋ ɐ l ɐ ɪ̯ j o ɭ ɪ
வல்	ʋ ɐ l
வல்ல	ʋ ɐ l l ɐ
வல்லடி	ʋ ɐ l l ɐ ɖ ɪ
வல்லபம்	ʋ ɐ l l ɐ b ɐ m
வல்லமை	ʋ ɐ l l ɐ m ɐ ɪ̯
வல்லரசு	ʋ ɐ l l ɐ ɾ ɐ t͡ɕ ʊ
வல்லரி	ʋ ɐ l l ɐ ɾ ɪ
வல்லவன்	ʋ ɐ l l ɐ ʋ ɐ n
வல்லாமை	ʋ ɐ l l ɑː m ɐ ɪ̯
வல்லாரை	ʋ ɐ l l ɑː ɾ ɐ ɪ̯
வல்லிதின்	ʋ ɐ l l ɪ d̪ ɪ n
வல்லினம்	ʋ ɐ l l ɪ n ɐ m
வல்லியம்	ʋ ɐ l l ɪ j ɐ m
வல்லுநர்	ʋ ɐ l l ʊ n̪ ɐ ɾ
வல்லுரம்	ʋ ɐ l l ʊ ɾ ɐ m
வல்லுளி	ʋ ɐ l l ʊ ɭ ɪ
வல்லூற்று	ʋ ɐ l l uː rː ʊ
வல்லெழுத்து	ʋ ɐ l l e ɻ ʊ t̪ː ʊ
வல்லேறு	ʋ ɐ l l eː r ʊ
வல்லை	ʋ ɐ l l ɐ ɪ̯
வளன்	ʋ ɐ ɭ ɐ n
வளப்பம்	ʋ ɐ ɭ ɐ pː ɐ m
வளமை	ʋ ɐ ɭ ɐ m ɐ ɪ̯
வளம்	ʋ ɐ ɭ ɐ m
வளர்	ʋ ɐ ɭ ɐ ɾ
வளர்ச்சி	ʋ ɐ ɭ ɐ ɾ t͡ɕː ɪ
வளர்த்து	ʋ ɐ ɭ ɐ ɾ t̪ː ʊ
வளர்பிறை	ʋ ɐ ɭ ɐ ɾ b ɪ r ɐ ɪ̯
வளர்ப்பு	ʋ ɐ ɭ ɐ ɾ pː ʊ
வளாகங்கள்	ʋ ɐ ɭ ɑː ɡ ɐ ŋ ɡ ɐ ɭ
வளாகம்	ʋ ɐ ɭ ɑː ɡ ɐ m
வளி	ʋ ɐ ɭ ɪ
வளை	ʋ ɐ ɭ ɐ ɪ̯
வளைகுடா	ʋ ɐ ɭ ɐ ɪ̯ ɡ ʊ ɖ ɑː
வளையல்	ʋ ɐ ɭ ɐ ɪ̯ j ɐ l
வளைவு	ʋ ɐ ɭ ɐ ɪ̯ ʋ ʊ
வள்ளம்	ʋ ɐ ɭː ɐ m
வள்ளல்	ʋ ɐ ɭː ɐ l
வள்ளி	ʋ ɐ ɭː ɪ
வழக்கமாய்	ʋ ɐ ɻ ɐ kː ɐ m ɑː j
வழக்கம்	ʋ ɐ ɻ ɐ kː ɐ m
வழக்கறிஞர்	ʋ ɐ ɻ ɐ kː ɐ r ɪ ɲ ɐ ɾ
வழக்கு	ʋ ɐ ɻ ɐ kː ʊ
வழங்காப்பொழுது	ʋ ɐ ɻ ɐ ŋ ɡ ɑː pː o ɻ ʊ d̪ ʊ
வழங்கு	ʋ ɐ ɻ ɐ ŋ ɡ ʊ
வழலிக்கை	ʋ ɐ ɻ ɐ l ɪ kː ɐ ɪ̯
வழவழப்பு	ʋ ɐ ɻ ɐ ʋ ɐ ɻ ɐ pː ʊ
வழி	ʋ ɐ ɻ ɪ
வழிகாட்டு	ʋ ɐ ɻ ɪ ɡ ɑː ʈː ʊ
வழிச்செலவு	ʋ ɐ ɻ ɪ t͡ɕː e l ɐ ʋ ʊ
வழிஞ்சி	ʋ ɐ ɻ ɪ ɲ d͡ʑ ɪ
வழிநடை	ʋ ɐ ɻ ɪ n̪ ɐ ɖ ɐ ɪ̯
வழிபாடு	ʋ ɐ ɻ ɪ b ɑː ɖ ʊ
வழிப்பயணம்	ʋ ɐ ɻ ɪ pː ɐ j ɐ ɳ ɐ m
வழிப்பறி	ʋ ɐ ɻ ɪ pː ɐ r ɪ
வழிப்போக்கன்	ʋ ɐ ɻ ɪ pː oː kː ɐ n
வழிவகை	ʋ ɐ ɻ ɪ ʋ ɐ ɡ ɐ ɪ̯
வழுக்கு	ʋ ɐ ɻ ʊ kː ʊ
வழுக்கை	ʋ ɐ ɻ ʊ kː ɐ ɪ̯
வழுதலை	ʋ ɐ ɻ ʊ d̪ ɐ l ɐ ɪ̯
வழுவழுப்பு	ʋ ɐ ɻ ʊ ʋ ɐ ɻ ʊ pː ʊ
வழுவை	ʋ ɐ ɻ ʊ ʋ ɐ ɪ̯
வவுனியா	ʋ ɐ ʋ ʊ n ɪ j ɑː
வவ்வால்	ʋ ɐ ʋː ɑː l
வவ்வால்கள்	ʋ ɐ ʋː ɑː l ɡ ɐ ɭ
வவ்வு	ʋ ɐ ʋː ʊ
வஸ்து	ʋ ɐ s t̪ ʊ
வா	ʋ ɑː
வாகடம்	ʋ ɑː ɡ ɐ ɖ ɐ m
வாகனம்	ʋ ɑː ɡ ɐ n ɐ m
வாகம்	ʋ ɑː ɡ ɐ m
வாகினி	ʋ ɑː ɡ ɪ n ɪ
வாகியம்	ʋ ɑː ɡ ɪ j ɐ m
வாகைசூடு	ʋ ɑː ɡ ɐ ɪ̯ t͡ɕ uː ɖ ʊ
வாக்களி	ʋ ɑː kː ɐ ɭ ɪ
வாக்களிப்பு	ʋ ɑː kː ɐ ɭ ɪ pː ʊ
வாக்காடு	ʋ ɑː kː ɑː ɖ ʊ
வாக்காட்டு	ʋ ɑː kː ɑː ʈː ʊ
வாக்காளர்	ʋ ɑː kː ɑː ɭ ɐ ɾ
வாக்கியம்	ʋ ɑː kː ɪ j ɐ m
வாக்கு	ʋ ɑː kː ʊ
வாக்குத்தத்தம்	ʋ ɑː kː ʊ t̪ː ɐ t̪ː ɐ m
வாக்குரிமை	ʋ ɑː kː ʊ ɾ ɪ m ɐ ɪ̯
வாக்குவாதம்	ʋ ɑː kː ʊ ʋ ɑː d̪ ɐ m
வாங்காமல்	ʋ ɑː ŋ ɡ ɑː m ɐ l
வாங்கு	ʋ ɑː ŋ ɡ ʊ
வாசனை	ʋ ɑː t͡ɕ ɐ n ɐ ɪ̯
வாசம்	ʋ ɑː t͡ɕ ɐ m
வாசல்	ʋ ɑː t͡ɕ ɐ l
வாசஸ்தலம்	ʋ ɑː t͡ɕ ɐ s t̪ ɐ l ɐ m
வாசி	ʋ ɑː t͡ɕ ɪ
வாசிதம்	ʋ ɑː t͡ɕ ɪ d̪ ɐ m
வாடகை	ʋ ɑː ɖ ɐ ɡ ɐ ɪ̯
வாடிக்கை	ʋ ɑː ɖ ɪ kː ɐ ɪ̯
வாடிக்கையாளர்	ʋ ɑː ɖ ɪ kː ɐ ɪ̯ j ɑː ɭ ɐ ɾ
வாடு	ʋ ɑː ɖ ʊ
வாடை	ʋ ɑː ɖ ɐ ɪ̯
வாட்டம்	ʋ ɑː ʈː ɐ m
வாட்டி	ʋ ɑː ʈː ɪ
வாட்டு	ʋ ɑː ʈː ʊ
வாட்ஸ்அப்	ʋ ɑː ʈ s ɐ p
வாணாள்	ʋ ɑː ɳ ɑː ɭ
வாணியன்பொருவா	ʋ ɑː ɳ ɪ j ɐ n b o ɾ ʊ ʋ ɑː
வாண்டு	ʋ ɑː ɳ ɖ ʊ
வாதை	ʋ ɑː d̪ ɐ ɪ̯
வாத்தியார்	ʋ ɑː t̪ː ɪ j ɑː ɾ
வாத்து	ʋ ɑː t̪ː ʊ
வாத்துகள்	ʋ ɑː t̪ː ʊ ɡ ɐ ɭ
வாந்தி	ʋ ɑː n̪ d̪ ɪ
வாந்திபேதி	ʋ ɑː n̪ d̪ ɪ b eː d̪ ɪ
வானகம்	ʋ ɑː n ɐ ɡ ɐ m
வானம்	ʋ ɑː n ɐ m
வானம்பாடி	ʋ aː n ɐ m p aː ɖ i
வானம்பாடி	ʋ aː n ɐ m b aː ɖ i
வானவர்	ʋ ɑː n ɐ ʋ ɐ ɾ
வானவியல்	ʋ ɑː n ɐ ʋ ɪ j ɐ l
வானவில்	ʋ ɑː n ɐ ʋ ɪ l
வானியல்	ʋ ɑː n ɪ j ɐ l
வானிலை	ʋ ɑː n ɪ l ɐ ɪ̯
வானூர்தி	ʋ ɑː n uː ɾ d̪ ɪ
வானொலி	ʋ ɑː n o l ɪ
வான்	ʋ ɑː n
வான்கோழி	ʋ ɑː n ɡ oː ɻ ɪ
வான்படை	ʋ aː n p ɐ ɖ ɐ ɪ̯
வாயன்	ʋ ɑː j ɐ n
வாயவிய	ʋ ɑː j ɐ ʋ ɪ j ɐ
வாயவியஸ்நானம்	ʋ ɑː j ɐ ʋ ɪ j ɐ s n̪ ɑː n ɐ m
வாயாடி	ʋ ɑː j ɑː ɖ ɪ
வாயாடு	ʋ ɑː j ɑː ɖ ʊ
வாயால்	ʋ ɑː j ɑː l
வாயின்மாடம்	ʋ ɑː j ɪ n m ɑː ɖ ɐ m
வாயில்	ʋ ɑː j ɪ l
வாயு	ʋ ɑː j ʊ
வாய்	ʋ ɑː j
வாய்கிழிய	ʋ ɑː j ɡ ɪ ɻ ɪ j ɐ
வாய்குமட்டல்	ʋ ɑː j ɡ ʊ m ɐ ʈː ɐ l
வாய்க்கால்	ʋ ɑː j kː ɑː l
வாய்ச்சி	ʋ ɑː j t͡ɕː ɪ
வாய்ச்சுத்தம்	ʋ ɑː j t͡ɕː ʊ t̪ː ɐ m
வாய்ச்சொலவு	ʋ ɑː j t͡ɕː o l ɐ ʋ ʊ
வாய்ச்சொல்	ʋ ɑː j t͡ɕː o l
வாய்தல்	ʋ ɑː j d̪ ɐ l
வாய்நீர்	ʋ ɑː j n̪ iː ɾ
வாய்பாடு	ʋ ɑː j p ɑː ɖ ʊ
வாய்ப்பாடு	ʋ ɑː j pː ɑː ɖ ʊ
வாய்ப்பாட்டு	ʋ ɑː j pː ɑː ʈː ʊ
வாய்ப்பு	ʋ ɑː j pː ʊ
வாய்மை	ʋ ɑː j m ɐ ɪ̯
வாய்விடு	ʋ ɑː j ʋ ɪ ɖ ʊ
வாரணம்	ʋ ɑː ɾ ɐ ɳ ɐ m
வாரப்படு	ʋ ɑː ɾ ɐ pː ɐ ɖ ʊ
வாரப்பாடு	ʋ ɑː ɾ ɐ pː ɑː ɖ ʊ
வாரம்	ʋ ɑː ɾ ɐ m
வாராவதி	ʋ ɑː ɾ ɑː ʋ ɐ d̪ ɪ
வாரிசு	ʋ ɑː ɾ ɪ t͡ɕ ʊ
வாரியல்	ʋ ɑː ɾ ɪ j ɐ l
வாரு	ʋ ɑː ɾ ʊ
வார்	ʋ ɑː ɾ
வார்த்தை	ʋ ɑː ɾ t̪ː ɐ ɪ̯
வார்ப்புரு	ʋ ɑː ɾ pː ʊ ɾ ʊ
வாலி	ʋ ɑː l ɪ
வாலிபம்	ʋ ɑː l ɪ b ɐ m
வாலெலும்பு	ʋ ɑː l e l ʊ m b ʊ
வாலை	ʋ ɑː l ɐ ɪ̯
வால்	ʋ ɑː l
வால்நட்சத்திரம்	ʋ ɑː l n̪ ɐ ʈ t͡ɕ ɐ t̪ː ɪ ɾ ɐ m
வால்மீன்	ʋ ɑː l m iː n
வால்மீன்கள்	ʋ ɑː l m iː n ɡ ɐ ɭ
வால்வெள்ளி	ʋ ɑː l ʋ e ɭː ɪ
வாளம்	ʋ ɑː ɭ ɐ m
வாளி	ʋ ɑː ɭ ɪ
வாளை	ʋ ɑː ɭ ɐ ɪ̯
வாள்	ʋ ɑː ɭ
வாள்வீச்சு	ʋ ɑː ɭ ʋ iː t͡ɕː ʊ
வாழும்	ʋ ɑː ɻ ʊ m
வாழை	ʋ ɑː ɻ ɐ ɪ̯
வாழைக்காய்	ʋ ɑː ɻ ɐ ɪ̯ kː ɑː j
வாழைத்தண்டு	ʋ ɑː ɻ ɐ ɪ̯ t̪ː ɐ ɳ ɖ ʊ
வாழைப்பழம்	ʋ ɑː ɻ ɐ ɪ̯ pː ɐ ɻ ɐ m
வாழைப்பூ	ʋ ɑː ɻ ɐ ɪ̯ pː uː
வாழ்	ʋ ɑː ɻ
வாழ்க	ʋ ɑː ɻ ɡ ɐ
வாழ்க்கை	ʋ ɑː ɻ kː ɐ ɪ̯
வாழ்ச்சி	ʋ ɑː ɻ t͡ɕː ɪ
வாழ்த்து	ʋ ɑː ɻ t̪ː ʊ
வாழ்த்துகள்	ʋ ɑː ɻ t̪ː ʊ ɡ ɐ ɭ
வாழ்த்துக்கள்	ʋ ɑː ɻ t̪ː ʊ kː ɐ ɭ
வாழ்த்துரை	ʋ ɑː ɻ t̪ː ʊ ɾ ɐ ɪ̯
வாழ்நர்	ʋ ɑː ɻ n̪ ɐ ɾ
வாழ்நாட்கள்	ʋ ɑː ɻ n̪ ɑː ʈ k ɐ ɭ
வாழ்நாள்	ʋ ɑː ɻ n̪ ɑː ɭ
வாழ்வு	ʋ ɑː ɻ ʋ ʊ
விகடகவி	ʋ ɪ ɡ ɐ ɖ ɐ ɡ ɐ ʋ ɪ
விகாரம்	ʋ ɪ ɡ ɑː ɾ ɐ m
விகாரம்	ʋ ɪ h ɑː ɾ ɐ m
விக்கல்	ʋ ɪ kː ɐ l
விக்கிப்பீடியா	ʋ ɪ kː ɪ pː iː ɖ ɪ j ɑː
விக்கிரகம்	ʋ ɪ kː ɪ ɾ ɐ ɡ ɐ m
விக்கிரகம்	ʋ ɪ kː ɪ ɾ ɐ h ɐ m
விக்கு	ʋ ɪ kː ʊ
விக்சனரி	ʋ ɪ k ʂ ɐ n ɐ ɾ ɪ
விக்சனரி	ʋ ɪ k t͡ɕ ɐ n ɐ ɾ ɪ
விசனம்	ʋ ɪ t͡ɕ ɐ n ɐ m
விசயநகரம்	ʋ ɪ t͡ɕ ɐ j ɐ n̪ ɐ ɡ ɐ ɾ ɐ m
விசாகப்பட்டினம்	ʋ ɪ t͡ɕ ɑː ɡ ɐ pː ɐ ʈː ɪ n ɐ m
விசாரணை	ʋ ɪ t͡ɕ ɑː ɾ ɐ ɳ ɐ ɪ̯
விசாலம்	ʋ ɪ t͡ɕ ɑː l ɐ m
விசித்திரம்	ʋ ɪ t͡ɕ ɪ t̪ː ɪ ɾ ɐ m
விசிறி	ʋ ɪ t͡ɕ ɪ r ɪ
விசுவகருமா	ʋ ɪ t͡ɕ ʊ ʋ ɐ ɡ ɐ ɾ ʊ m ɑː
விசுவநாதன்	ʋ ɪ t͡ɕ ʊ ʋ ɐ n̪ ɑː d̪ ɐ n
விசுவாசம்	ʋ ɪ t͡ɕ ʊ ʋ ɑː t͡ɕ ɐ m
விசேடணம்	ʋ ɪ t͡ɕ eː ɖ ɐ ɳ ɐ m
விசேஷம்	ʋ ɪ t͡ɕ eː ʂ ɐ m
விசை	ʋ ɪ t͡ɕ ɐ ɪ̯
விசைத்தறி	ʋ ɪ t͡ɕ ɐ ɪ̯ t̪ː ɐ r ɪ
விசைப்பலகை	ʋ ɪ t͡ɕ ɐ ɪ̯ pː ɐ l ɐ ɡ ɐ ɪ̯
விசையுந்து	ʋ ɪ t͡ɕ ɐ ɪ̯ j ʊ n̪ d̪ ʊ
விச்சிலுப்பை	ʋ ɪ t͡ɕː ɪ l ʊ pː ɐ ɪ̯
விச்சுவநாதன்	ʋ ɪ t͡ɕː ʊ ʋ ɐ n̪ ɑː d̪ ɐ n
விச்சை	ʋ ɪ t͡ɕː ɐ ɪ̯
விஞ்ஞானம்	ʋ ɪ ɲː ɑː n ɐ m
விட	ʋ ɪ ɖ ɐ
விடம்	ʋ ɪ ɖ ɐ m
விடர்	ʋ ɪ ɖ ɐ ɾ
விடாதே	ʋ ɪ ɖ ɑː d̪ eː
விடி	ʋ ɪ ɖ ɪ
விடியல்	ʋ ɪ ɖ ɪ j ɐ l
விடிவெள்ளி	ʋ ɪ ɖ ɪ ʋ e ɭː ɪ
விடு	ʋ ɪ ɖ ʊ
விடுதலை	ʋ ɪ ɖ ʊ d̪ ɐ l ɐ ɪ̯
விடுதி	ʋ ɪ ɖ ʊ d̪ ɪ
விடுமுறை	ʋ ɪ ɖ ʊ m ʊ r ɐ ɪ̯
விடும்	ʋ ɪ ɖ ʊ m
விடுவம்	ʋ ɪ ɖ ʊ ʋ ɐ m
விடுவி	ʋ ɪ ɖ ʊ ʋ ɪ
விடை	ʋ ɪ ɖ ɐ ɪ̯
விடைக்கோழி	ʋ ɪ ɖ ɐ ɪ̯ kː oː ɻ ɪ
விடைபெறு	ʋ ɪ ɖ ɐ ɪ̯ b e r ʊ
விட்டம்	ʋ ɪ ʈː ɐ m
விட்டு	ʋ ɪ ʈː ʊ
விட்டுக்கொடு	ʋ ɪ ʈː ʊ kː o ɖ ʊ
விட்டுணு	ʋ ɪ ʈː ʊ ɳ ʊ
விட்டுணுக்கிராந்தி	ʋ ɪ ʈː ʊ ɳ ʊ kː ɪ ɾ ɑː n̪ d̪ ɪ
விட்டுணுப்பிரியம்	ʋ ɪ ʈː ʊ ɳ ʊ pː ɪ ɾ ɪ j ɐ m
விண்	ʋ ɪ ɳ
விண்கலம்	ʋ ɪ ɳ ɡ ɐ l ɐ m
விண்கல்	ʋ ɪ ɳ k ɐ l
விண்ணுளவி	ʋ ɪ ɳː ʊ ɭ ɐ ʋ ɪ
விண்மீன்	ʋ ɪ ɳ m iː n
விண்வீழ்கொள்ளி	ʋ ɪ ɳ ʋ iː ɻ ɡ o ɭː ɪ
விண்வீழ்கொள்ளிகள்	ʋ ɪ ɳ ʋ iː ɻ ɡ o ɭː ɪ ɡ ɐ ɭ
விண்வெளி	ʋ ɪ ɳ ʋ e ɭ ɪ
விதம்	ʋ ɪ d̪ ɐ m
விதவை	ʋ ɪ d̪ ɐ ʋ ɐ ɪ̯
விதி	ʋ ɪ d̪ ɪ
விதிவிலக்கு	ʋ ɪ d̪ ɪ ʋ ɪ l ɐ kː ʊ
விதை	ʋ ɪ d̪ ɐ ɪ̯
விதைத்தவன்	ʋ ɪ d̪ ɐ ɪ̯ t̪ː ɐ ʋ ɐ n
விதைப்பை	ʋ ɪ d̪ ɐ ɪ̯ pː ɐ ɪ̯
வித்தியாசம்	ʋ ɪ d̪ d̪ ɪ j ɑː t͡ɕ ɐ m
வித்து	ʋ ɪ t̪ː ʊ
விநாடி	ʋ ɪ n̪ ɑː ɖ ɪ
விநாயகன்	ʋ ɪ n̪ ɑː j ɐ ɡ ɐ n
விநோதம்	ʋ ɪ n̪ oː d̪ ɐ m
விந்து	ʋ ɪ n̪ d̪ ʊ
விந்தை	ʋ ɪ n̪ d̪ ɐ ɪ̯
வினவு	ʋ ɪ n ɐ ʋ ʊ
வினா	ʋ ɪ n ɑː
வினாகிரி	ʋ ɪ n ɑː ɡ ɪ ɾ ɪ
வினாக்கள்	ʋ ɪ n ɑː kː ɐ ɭ
வினாக்குறி	ʋ ɪ n ɑː kː ʊ r ɪ
வினாடி	ʋ ɪ n ɑː ɖ ɪ
வினாவிடை	ʋ ɪ n ɑː ʋ ɪ ɖ ɐ ɪ̯
வினாவெழுத்து	ʋ ɪ n ɑː ʋ e ɻ ʊ t̪ː ʊ
வினை	ʋ ɪ n ɐ ɪ̯
வினைச்சொல்	ʋ ɪ n ɐ ɪ̯ t͡ɕː o l
வினைப்பெயர்	ʋ ɪ n ɐ ɪ̯ pː e j ɐ ɾ
வினைமுற்று	ʋ ɪ n ɐ ɪ̯ m ʊ rː ʊ
வினையாலணையும்பெயர்	ʋ ɪ n ɐ ɪ̯ j ɑː l ɐ ɳ ɐ ɪ̯ j ʊ m b e j ɐ ɾ
வினையால்	ʋ ɪ n ɐ ɪ̯ j ɑː l
வினையுரிச்சொல்	ʋ ɪ n ɐ ɪ̯ j ʊ ɾ ɪ t͡ɕː o l
வினைவியம்	ʋ ɪ n ɐ ɪ̯ ʋ ɪ j ɐ m
வினோதம்	ʋ ɪ n oː d̪ ɐ m
விபச்சாரம்	ʋ ɪ b ɐ t͡ɕː ɑː ɾ ɐ m
விபத்தி	ʋ ɪ b ɐ t̪ː ɪ
விபத்து	ʋ ɪ b ɐ t̪ː ʊ
விபரீதம்	ʋ ɪ b ɐ ɾ iː d̪ ɐ m
விபீடணன்	ʋ ɪ b iː ɖ ɐ ɳ ɐ n
விபுத்துவம்	ʋ ɪ b ʊ t̪ː ʊ ʋ ɐ m
விபுலம்	ʋ ɪ b ʊ l ɐ m
விபூதி	ʋ ɪ b uː d̪ ɪ
விமரிசம்	ʋ ɪ m ɐ ɾ ɪ t͡ɕ ɐ m
விமர்சனம்	ʋ ɪ m ɐ ɾ t͡ɕ ɐ n ɐ m
விமர்சி	ʋ ɪ m ɐ ɾ t͡ɕ ɪ
விமானம்	ʋ ɪ m ɑː n ɐ m
விமோசனம்	ʋ ɪ m oː t͡ɕ ɐ n ɐ m
விய	ʋ ɪ j ɐ
வியங்கோள்	ʋ ɪ j ɐ ŋ ɡ oː ɭ
வியட்நாம்	ʋ ɪ j ɐ ʈ n̪ ɑː m
வியப்பு	ʋ ɪ j ɐ pː ʊ
வியம்	ʋ ɪ j ɐ m
வியர்	ʋ ɪ j ɐ ɾ
வியர்வை	ʋ ɪ j ɐ ɾ ʋ ɐ ɪ̯
வியல்	ʋ ɪ j ɐ l
வியாக்கியானம்	ʋ ɪ j ɑː kː ɪ j ɑː n ɐ m
வியாக்கியானம்	ʋ j ɑː k j ɑː n ɐ m
வியாக்கிரம்	ʋ ɪ j ɑː kː ɪ ɾ ɐ m
வியாதி	ʋ j aː d̪ i
வியாதி	ʋ i j aː d̪ i
வியாபாரம்	ʋ ɪ j ɑː b ɑː ɾ ɐ m
வியாபாரி	ʋ ɪ j ɑː b ɑː ɾ ɪ
வியாபி	ʋ ɪ j ɑː b ɪ
வியாபி	ʋ j ɑː b ɪ
வியாளம்	ʋ ɪ j ɑː ɭ ɐ m
வியாழக்கிழமை	ʋ ɪ j ɑː ɻ ɐ kː ɪ ɻ ɐ m ɐ ɪ̯
வியாழன்	ʋ ɪ j ɑː ɻ ɐ n
வியாழம்	ʋ ɪ j ɑː ɻ ɐ m
விரக்தி	ʋ ɪ ɾ ɐ k t̪ ɪ
விரட்டி	ʋ ɪ ɾ ɐ ʈː ɪ
விரட்டு	ʋ ɪ ɾ ɐ ʈː ʊ
விரதம்	ʋ ɪ ɾ ɐ d̪ ɐ m
விரயம்	ʋ ɪ ɾ ɐ j ɐ m
விரல்	ʋ ɪ ɾ ɐ l
விராலி	ʋ ɪ ɾ ɑː l ɪ
விரி	ʋ ɪ ɾ ɪ
விரிகாசம்	ʋ ɪ ɾ ɪ ɡ ɑː t͡ɕ ɐ m
விரிகுடா	ʋ ɪ ɾ ɪ ɡ ʊ ɖ ɑː
விரிகோணம்	ʋ ɪ ɾ ɪ ɡ oː ɳ ɐ m
விரிப்பு	ʋ ɪ ɾ ɪ pː ʊ
விரியன்	ʋ ɪ ɾ ɪ j ɐ n
விருகற்பாதம்	ʋ ɪ ɾ ʊ ɡ ɐ r p ɑː d̪ ɐ m
விருக்ஷம்	ʋ ɪ ɾ ʊ k ʂ ɐ m
விருச்சிகம்	ʋ ɪ ɾ ʊ t͡ɕː ɪ ɡ ɐ m
விருட்சம்	ʋ ɪ ɾ ʊ ʈ t͡ɕ ɐ m
விருது	ʋ ɪ ɾ ʊ d̪ ʊ
விருதுநகர்	ʋ ɪ ɾ ʊ d̪ ʊ n̪ ɐ ɡ ɐ ɾ
விருத்தசேதனம்	ʋ ɪ ɾ ʊ t̪ː ɐ t͡ɕ eː d̪ ɐ n ɐ m
விருத்தம்	ʋ ɪ ɾ ʊ t̪ː ɐ m
விருத்தாச்சலம்	ʋ ɪ ɾ ʊ t̪ː ɑː t͡ɕː ɐ l ɐ m
விருத்தி	ʋ ɪ ɾ ʊ t̪ː ɪ
விருந்தாளி	ʋ ɪ ɾ ʊ n̪ d̪ ɑː ɭ ɪ
விருந்து	ʋ ɪ ɾ ʊ n̪ d̪ ʊ
விருப்பம்	ʋ ɪ ɾ ʊ pː ɐ m
விரும்பு	ʋ ɪ ɾ ʊ m b ʊ
விருஷ்டி	ʋ ɪ ɾ ʊ ʂ ʈ ɪ
விரை	ʋ ɪ ɾ ɐ ɪ̯
விரைப்பை	ʋ ɪ ɾ ɐ ɪ̯ pː ɐ ɪ̯
விரைவில்	ʋ ɪ ɾ ɐ ɪ̯ ʋ ɪ l
விரைவு	ʋ ɪ ɾ ɐ ɪ̯ ʋ ʊ
விரைவுச்சாலை	ʋ ɪ ɾ ɐ ɪ̯ ʋ ʊ t͡ɕː ɑː l ɐ ɪ̯
விரோதம்	ʋ ɪ ɾ oː d̪ ɐ m
விறகு	ʋ ɪ r ɐ ɡ ʊ
விறைப்பு	ʋ ɪ r ɐ ɪ̯ pː ʊ
விற்பனை	ʋ ɪ r p ɐ n ɐ ɪ̯
விலகு	ʋ ɪ l ɐ ɡ ʊ
விலக்கு	ʋ ɪ l ɐ kː ʊ
விலங்கி	ʋ ɪ l ɐ ŋ ɡ ɪ
விலங்கியல்	ʋ ɪ l ɐ ŋ ɡ ɪ j ɐ l
விலங்கு	ʋ ɪ l ɐ ŋ ɡ ʊ
விலயம்	ʋ ɪ l ɐ j ɐ m
விலா	ʋ ɪ l ɑː
விலை	ʋ ɪ l ɐ ɪ̯
விலைக்கிரயம்	ʋ ɪ l ɐ ɪ̯ kː ɪ ɾ ɐ j ɐ m
விலைமகள்	ʋ ɪ l ɐ ɪ̯ m ɐ ɡ ɐ ɭ
வில்	ʋ ɪ l
வில்லங்கம்	ʋ ɪ l l ɐ ŋ ɡ ɐ m
வில்லன்	ʋ ɪ l l ɐ n
வில்லாளி	ʋ ɪ l l ɑː ɭ ɪ
வில்வித்தை	ʋ ɪ l ʋ ɪ t̪ː ɐ ɪ̯
விளக்கம்	ʋ ɪ ɭ ɐ kː ɐ m
விளக்கு	ʋ ɪ ɭ ɐ kː ʊ
விளக்குமாறு	ʋ ɪ ɭ ɐ kː ʊ m ɑː r ʊ
விளக்கெண்ணெய்	ʋ ɪ ɭ ɐ kː e ɳː e j
விளங்கு	ʋ ɪ ɭ ɐ ŋ ɡ ʊ
விளம்பம்	ʋ ɪ ɭ ɐ m b ɐ m
விளம்பரம்	ʋ ɪ ɭ ɐ m b ɐ ɾ ɐ m
விளம்பு	ʋ ɪ ɭ ɐ m b ʊ
விளா	ʋ ɪ ɭ ɑː
விளாசு	ʋ ɪ ɭ ɑː t͡ɕ ʊ
விளி	ʋ ɪ ɭ ɪ
விளை	ʋ ɪ ɭ ɐ ɪ̯
விளைஞர்	ʋ ɪ ɭ ɐ ɪ̯ ɲ ɐ ɾ
விளைநிலம்	ʋ ɪ ɭ ɐ ɪ̯ n̪ ɪ l ɐ m
விளைபொருள்	ʋ ɪ ɭ ɐ ɪ̯ b o ɾ ʊ ɭ
விளையாடு	ʋ ɪ ɭ ɐ ɪ̯ j ɑː ɖ ʊ
விளையாட்டு	ʋ ɪ ɭ ɐ ɪ̯ j ɑː ʈː ʊ
விளைவி	ʋ ɪ ɭ ɐ ɪ̯ ʋ ɪ
விளைவு	ʋ ɪ ɭ ɐ ɪ̯ ʋ ʊ
விழா	ʋ ɪ ɻ ɑː
விழி	ʋ ɪ ɻ ɪ
விழிப்புணர்ச்சி	ʋ ɪ ɻ ɪ pː ʊ ɳ ɐ ɾ t͡ɕː ɪ
விழிப்புணர்வு	ʋ ɪ ɻ ɪ pː ʊ ɳ ɐ ɾ ʋ ʊ
விழு	ʋ ɪ ɻ ʊ
விழுக்காடு	ʋ ɪ ɻ ʊ kː ɑː ɖ ʊ
விழுங்கு	ʋ ɪ ɻ ʊ ŋ ɡ ʊ
விழுதி	ʋ ɪ ɻ ʊ d̪ ɪ
விழுது	ʋ ɪ ɻ ʊ d̪ ʊ
விழுந்த	ʋ ɪ ɻ ʊ n̪ d̪ ɐ
விழுப்புரம்	ʋ ɪ ɻ ʊ pː ʊ ɾ ɐ m
விழைவு	ʋ ɪ ɻ ɐ ɪ̯ ʋ ʊ
விவகாரம்	ʋ ɪ ʋ ɐ ɡ ɑː ɾ ɐ m
விவசாயம்	ʋ ɪ ʋ ɐ t͡ɕ ɑː j ɐ m
விவசாயி	ʋ ɪ ʋ ɐ t͡ɕ ɑː j ɪ
விவரணம்	ʋ ɪ ʋ ɐ ɾ ɐ ɳ ɐ m
விவரி	ʋ ɪ ʋ ɐ ɾ ɪ
விவரிப்பு	ʋ ɪ ʋ ɐ ɾ ɪ pː ʊ
விவாகம்	ʋ ɪ ʋ ɑː ɡ ɐ m
விவாகம்	ʋ ɪ ʋ ɑː h ɐ m
விவாகரத்து	ʋ ɪ ʋ ɑː ɡ ɐ ɾ ɐ t̪ː ʊ
விவாதம்	ʋ ɪ ʋ ɑː d̪ ɐ m
விவாஹம்	ʋ ɪ ʋ ɑː h ɐ m
விவிலியம்	ʋ ɪ ʋ ɪ l ɪ j ɐ m
விஷம்	ʋ ɪ ʂ ɐ m
விஷயசூசிகை	ʋ ɪ ʂ ɐ j ɐ t͡ɕ uː t͡ɕ ɪ ɡ ɐ ɪ̯
விஷயம்	ʋ ɪ ʂ ɐ j ɐ m
விஷாதம்	ʋ ɪ ʂ ɑː d̪ ɐ m
விஷ்ணு	ʋ ɪ ʂ ɳ ʊ
விஸ்வநாதன்	ʋ ɪ s ʋ ɐ n̪ ɑː d̪ ɐ n
வீக்கம்	ʋ iː kː ɐ m
வீங்கு	ʋ iː ŋ ɡ ʊ
வீசு	ʋ iː t͡ɕ ʊ
வீச்சு	ʋ iː t͡ɕː ʊ
வீடு	ʋ iː ɖ ʊ
வீட்டாள்	ʋ iː ʈː ɑː ɭ
வீட்டில்	ʋ iː ʈː ɪ l
வீட்டு	ʋ iː ʈː ʊ
வீட்டுக்காரி	ʋ iː ʈː ʊ kː ɑː ɾ ɪ
வீட்டுக்கு	ʋ iː ʈː ʊ kː ʊ
வீணை	ʋ iː ɳ ɐ ɪ̯
வீண்	ʋ iː ɳ
வீதி	ʋ iː d̪ ɪ
வீத்துமம்	ʋ iː t̪ː ʊ m ɐ m
வீயம்	ʋ iː j ɐ m
வீரன்	ʋ iː ɾ ɐ n
வீரம்	ʋ iː ɾ ɐ m
வீராங்கனை	ʋ iː ɾ ɑː ŋ ɡ ɐ n ɐ ɪ̯
வீராசனம்	ʋ iː ɾ ɑː t͡ɕ ɐ n ɐ m
வீழ்	ʋ iː ɻ
வீழ்த்து	ʋ iː ɻ t̪ː ʊ
வெகு	ʋ e ɡ ʊ
வெகுமதி	ʋ e ɡ ʊ m ɐ d̪ ɪ
வெகுளி	ʋ e ɡ ʊ ɭ ɪ
வெகுவசனம்	ʋ e ɡ ʊ ʋ ɐ t͡ɕ ɐ n ɐ m
வெக்கம்	ʋ e kː ɐ m
வெக்கை	ʋ e kː ɐ ɪ̯
வெங்கடாசலபதி	ʋ e ŋ ɡ ɐ ɖ ɑː t͡ɕ ɐ l ɐ b ɐ d̪ ɪ
வெங்கான்வெளி	ʋ e ŋ ɡ ɑː n ʋ e ɭ ɪ
வெங்காயம்	ʋ e ŋ ɡ ɑː j ɐ m
வெடி	ʋ e ɖ ɪ
வெடிகுண்டு	ʋ e ɖ ɪ ɡ ʊ ɳ ɖ ʊ
வெடிமருந்து	ʋ e ɖ ɪ m ɐ ɾ ʊ n̪ d̪ ʊ
வெடியம்	ʋ e ɖ ɪ j ɐ m
வெட்கம்	ʋ e ʈ k ɐ m
வெட்டிமுறி	ʋ e ʈː ɪ m ʊ r ɪ
வெட்டிவேர்	ʋ e ʈː ɪ ʋ eː ɾ
வெட்டு	ʋ e ʈː ʊ
வெட்டுக்கிளி	ʋ e ʈː ʊ kː ɪ ɭ ɪ
வெண்	ʋ e ɳ
வெண்கண்டல்	ʋ e ɳ ɡ ɐ ɳ ɖ ɐ l
வெண்கலம்	ʋ e ɳ ɡ ɐ l ɐ m
வெண்காயம்	ʋ e ɳ ɡ ɑː j ɐ m
வெண்டை	ʋ e ɳ ɖ ɐ ɪ̯
வெண்டைக்காய்	ʋ e ɳ ɖ ɐ ɪ̯ kː ɑː j
வெண்ணிலவு	ʋ e ɳː ɪ l ɐ ʋ ʊ
வெண்ணிலா	ʋ e ɳː ɪ l ɑː
வெண்ணெய்	ʋ e ɳː e j
வெண்ணெய்தல்	ʋ e ɳː e j d̪ ɐ l
வெண்பா	ʋ e ɳ b ɑː
வெண்பொங்கல்	ʋ e ɳ p o ŋ ɡ ɐ l
வெண்பொன்	ʋ e ɳ b o n
வெண்மை	ʋ e ɳ m ɐ ɪ̯
வெந்தயம்	ʋ e n̪ d̪ ɐ j ɐ m
வெந்நீரூற்று	ʋ e n̪ː iː ɾ uː rː ʊ
வெந்நீர்	ʋ e n̪ː iː ɾ
வெனிசுவேலா	ʋ e n ɪ t͡ɕ ʊ ʋ eː l ɑː
வெப்பநிலை	ʋ e pː ɐ n̪ ɪ l ɐ ɪ̯
வெப்பம்	ʋ e pː ɐ m
வெப்புள்	ʋ e pː ʊ ɭ
வெம்	ʋ e m
வெம்பகல்	ʋ e m b ɐ ɡ ɐ l
வெம்மணல்	ʋ e mː ɐ ɳ ɐ l
வெயில்	ʋ e j ɪ l
வெய்யில்	ʋ e jː ɪ l
வெய்யோன்	ʋ e jː oː n
வெருகு	ʋ e ɾ ʊ ɡ ʊ
வெறி	ʋ e r ɪ
வெறிச்சோடு	ʋ e r ɪ t͡ɕː oː ɖ ʊ
வெறிது	ʋ e r ɪ d̪ ʊ
வெறிநாய்	ʋ e r ɪ n̪ ɑː j
வெறிப்பு	ʋ e r ɪ pː ʊ
வெறு	ʋ e r ʊ
வெறுங்காய்	ʋ e r ʊ ŋ ɡ ɑː j
வெறுப்பு	ʋ e r ʊ pː ʊ
வெறுமை	ʋ e r ʊ m ɐ ɪ̯
வெறும்	ʋ e r ʊ m
வெற்றி	ʋ e rː ɪ
வெற்றிலை	ʋ e rː ɪ l ɐ ɪ̯
வெற்றிலைகள்	ʋ e rː ɪ l ɐ ɪ̯ ɡ ɐ ɭ
வெற்றிலைபாக்கு	ʋ e rː ɪ l ɐ ɪ̯ p ɑː kː ʊ
வெற்று	ʋ e rː ʊ
வெல்	ʋ e l
வெல்லம்	ʋ e l l ɐ m
வெல்லு	ʋ e l l ʊ
வெல்லுமா	ʋ e l l ʊ m ɑː
வெளி	ʋ e ɭ ɪ
வெளிச்சம்	ʋ e ɭ ɪ t͡ɕː ɐ m
வெளிநாடு	ʋ e ɭ ɪ n̪ ɑː ɖ ʊ
வெளிப்படு	ʋ e ɭ ɪ pː ɐ ɖ ʊ
வெளிப்படுத்து	ʋ e ɭ ɪ pː ɐ ɖ ʊ t̪ː ʊ
வெளிப்பாடு	ʋ e ɭ ɪ pː ɑː ɖ ʊ
வெளிமான்	ʋ e ɭ ɪ m ɑː n
வெளியீடு	ʋ e ɭ ɪ j iː ɖ ʊ
வெளியே	ʋ e ɭ ɪ j eː
வெளியேறு	ʋ e ɭ ɪ j eː r ʊ
வெளு	ʋ e ɭ ʊ
வெள்	ʋ e ɭ
வெள்ளக்காடு	ʋ e ɭː ɐ kː ɑː ɖ ʊ
வெள்ளக்கால்	ʋ e ɭː ɐ kː ɑː l
வெள்ளந்தி	ʋ e ɭː ɐ n̪ d̪ ɪ
வெள்ளம்	ʋ e ɭː ɐ m
வெள்ளரா	ʋ e ɭː ɐ ɾ ɑː
வெள்ளரி	ʋ e ɭː ɐ ɾ ɪ
வெள்ளாடு	ʋ e ɭː ɑː ɖ ʊ
வெள்ளாமை	ʋ e ɭː ɑː m ɐ ɪ̯
வெள்ளி	ʋ e ɭː ɪ
வெள்ளிக்கிழமை	ʋ e ɭː ɪ kː ɪ ɻ ɐ m ɐ ɪ̯
வெள்ளிவிழா	ʋ e ɭː ɪ ʋ ɪ ɻ ɑː
வெள்ளுள்ளி	ʋ e ɭː ʊ ɭː ɪ
வெள்ளெழுத்து	ʋ e ɭː e ɻ ʊ t̪ː ʊ
வெள்ளை	ʋ e ɭː ɐ ɪ̯
வெள்ளைக்காரன்	ʋ e ɭː ɐ ɪ̯ kː ɑː ɾ ɐ n
வெள்ளைச்செவ்வந்தி	ʋ e ɭː ɐ ɪ̯ t͡ɕː e ʋː ɐ n̪ d̪ ɪ
வெள்ளைப்பட்டாணி	ʋ e ɭː ɐ ɪ̯ pː ɐ ʈː ɑː ɳ ɪ
வெள்ளைப்பூலாஞ்சி	ʋ e ɭː ɐ ɪ̯ pː uː l ɑː ɲ d͡ʑ ɪ
வெள்ளைப்போளம்	ʋ e ɭː ɐ ɪ̯ pː oː ɭ ɐ m
வெள்ளைமூங்கில்	ʋ e ɭː ɐ ɪ̯ m uː ŋ ɡ ɪ l
வெள்வேல்	ʋ e ɭ ʋ eː l
வெவ்வேறு	ʋ e ʋː eː r ʊ
வே	ʋ eː
வேகம்	ʋ eː ɡ ɐ m
வேகு	ʋ eː ɡ ʊ
வேக்காடு	ʋ eː kː ɑː ɖ ʊ
வேங்கடம்	ʋ eː ŋ ɡ ɐ ɖ ɐ m
வேங்கை	ʋ eː ŋ ɡ ɐ ɪ̯
வேசி	ʋ eː t͡ɕ ɪ
வேசியை	ʋ eː t͡ɕ ɪ j ɐ ɪ̯
வேடன்	ʋ eː ɖ ɐ n
வேடன்	ʋ ɪ̃ː ɖ ɐ n
வேடிக்கை	ʋ eː ɖ ɪ kː ɐ ɪ̯
வேட்டம்	ʋ eː ʈː ɐ m
வேட்டி	ʋ eː ʈː ɪ
வேட்டு	ʋ eː ʈː ʊ
வேட்டை	ʋ eː ʈː ɐ ɪ̯
வேட்டையன்	ʋ eː ʈː ɐ ɪ̯ j ɐ n
வேட்டையாடு	ʋ eː ʈː ɐ ɪ̯ j ɑː ɖ ʊ
வேட்பாளர்	ʋ eː ʈ p ɑː ɭ ɐ ɾ
வேண்டாம்	ʋ eː ɳ ɖ ɑː m
வேண்டாவெறுப்பு	ʋ eː ɳ ɖ ɑː ʋ e r ʊ pː ʊ
வேண்டி	ʋ eː ɳ ɖ ɪ
வேண்டிய	ʋ eː ɳ ɖ ɪ j ɐ
வேண்டியமட்டும்	ʋ eː ɳ ɖ ɪ j ɐ m ɐ ʈː ʊ m
வேண்டியவன்	ʋ eː ɳ ɖ ɪ j ɐ ʋ ɐ n
வேண்டு	ʋ eː ɳ ɖ ʊ
வேண்டுகோள்	ʋ eː ɳ ɖ ʊ ɡ oː ɭ
வேண்டுமென்று	ʋ eː ɳ ɖ ʊ m e n r ʊ
வேண்டும்	ʋ eː ɳ ɖ ʊ m
வேத	ʋ eː d̪ ɐ
வேதனை	ʋ eː d̪ ɐ n ɐ ɪ̯
வேதனைகள்	ʋ eː d̪ ɐ n ɐ ɪ̯ ɡ ɐ ɭ
வேதம்	ʋ eː d̪ ɐ m
வேதவியல்	ʋ eː d̪ ɐ ʋ ɪ j ɐ l
வேதாகமம்	ʋ eː d̪ ɑː ɡ ɐ m ɐ m
வேதாளம்	ʋ eː d̪ ɑː ɭ ɐ m
வேதி	ʋ eː d̪ ɪ
வேதியல்	ʋ eː d̪ ɪ j ɐ l
வேதியியல்	ʋ eː d̪ ɪ j ɪ j ɐ l
வேத்திரம்	ʋ eː t̪ː ɪ ɾ ɐ m
வேந்தன்	ʋ eː n̪ d̪ ɐ n
வேந்தர்	ʋ eː n̪ d̪ ɐ ɾ
வேனில்	ʋ eː n ɪ l
வேப்ப	ʋ eː pː ɐ
வேப்பமரம்	ʋ eː pː ɐ m ɐ ɾ ɐ m
வேப்பு	ʋ eː pː ʊ
வேப்பெண்ணெய்	ʋ eː pː e ɳː e j
வேம்பு	ʋ eː m b ʊ
வேய்	ʋ eː j
வேர்	ʋ eː ɾ
வேர்க்கடலை	ʋ eː ɾ kː ɐ ɖ ɐ l ɐ ɪ̯
வேர்வை	ʋ eː ɾ ʋ ɐ ɪ̯
வேறு	ʋ eː r ʊ
வேறுபாடு	ʋ eː r ʊ b ɑː ɖ ʊ
வேறுவேறு	ʋ eː r ʊ ʋ eː r ʊ
வேற்று	ʋ eː rː ʊ
வேற்றுகிரகவாசி	ʋ eː rː ʊ ɡ ɪ ɾ ɐ ɡ ɐ ʋ ɑː t͡ɕ ɪ
வேற்றுத்தாய்	ʋ eː rː ʊ t̪ː ɑː j
வேற்றுமை	ʋ eː rː ʊ m ɐ ɪ̯
வேற்றுமையுருபு	ʋ eː rː ʊ m ɐ ɪ̯ j ʊ ɾ ʊ b ʊ
வேலி	ʋ eː l ɪ
வேலூர்	ʋ eː l uː ɾ
வேலை	ʋ eː l ɐ ɪ̯
வேலைக்காரன்	ʋ eː l ɐ ɪ̯ kː ɑː ɾ ɐ n
வேலைக்காரி	ʋ eː l ɐ ɪ̯ kː ɑː ɾ ɪ
வேலைக்கூலி	ʋ eː l ɐ ɪ̯ kː uː l ɪ
வேலைநாணயம்	ʋ eː l ɐ ɪ̯ n̪ ɑː ɳ ɐ j ɐ m
வேலைநேரம்	ʋ eː l ɐ ɪ̯ n̪ eː ɾ ɐ m
வேலைபார்	ʋ eː l ɐ ɪ̯ b ɑː ɾ
வேலைபார்	ʋ eː l ɐ ɪ̯ p ɑː ɾ
வேலைமினக்கெட்டவன்	ʋ eː l ɐ ɪ̯ m ɪ n ɐ kː e ʈː ɐ ʋ ɐ n
வேலையாள்	ʋ eː l ɐ ɪ̯ j ɑː ɭ
வேலைவளர்	ʋ eː l ɐ ɪ̯ ʋ ɐ ɭ ɐ ɾ
வேலைவாங்கு	ʋ eː l ɐ ɪ̯ ʋ ɑː ŋ ɡ ʊ
வேலைவாய்ப்பு	ʋ eː l ɐ ɪ̯ ʋ ɑː j pː ʊ
வேல்	ʋ eː l
வேளாட்டி	ʋ eː ɭ ɑː ʈː ɪ
வேளாண்மை	ʋ eː ɭ ɑː ɳ m ɐ ɪ̯
வேளாளர்	ʋ eː ɭ ɑː ɭ ɐ ɾ
வேளை	ʋ eː ɭ ɐ ɪ̯
வேள்	ʋ eː ɭ
வேள்வி	ʋ eː ɭ ʋ ɪ
வேவு	ʋ eː ʋ ʊ
வேஷ்டி	ʋ eː ʂ ʈ ɪ
வை	ʋ ɐ ɪ̯
வைகாசி	ʋ ɐ ɪ̯ ɡ ɑː t͡ɕ ɪ
வைகை	ʋ ɐ ɪ̯ ɡ ɐ ɪ̯
வைக்கோல்	ʋ ɐ ɪ̯ kː oː l
வைசிகன்	ʋ ɐ ɪ̯ t͡ɕ ɪ ɡ ɐ n
வைடூரியம்	ʋ ɐ ɪ̯ ɖ uː ɾ ɪ j ɐ m
வைணவன்	ʋ ɐ ɪ̯ ɳ ɐ ʋ ɐ n
வைணவம்	ʋ ɐ ɪ̯ ɳ ɐ ʋ ɐ m
வைணவி	ʋ ɐ ɪ̯ ɳ ɐ ʋ ɪ
வைத்த	ʋ ɐ ɪ̯ t̪ː ɐ
வைத்தியன்	ʋ ɐ ɪ̯ t̪ː ɪ j ɐ n
வைத்திரு	ʋ ɐ ɪ̯ t̪ː ɪ ɾ ʊ
வைத்துக்கொள்	ʋ ɐ ɪ̯ t̪ː ʊ kː o ɭ
வைபவம்	ʋ ɐ ɪ̯ b ɐ ʋ ɐ m
வைப்பு	ʋ ɐ ɪ̯ pː ʊ
வையகம்	ʋ ɐ ɪ̯ j ɐ ɡ ɐ m
வையை	ʋ ɐ ɪ̯ j ɐ ɪ̯
வைரம்	ʋ ɐ ɪ̯ ɾ ɐ m
வைராக்கியம்	ʋ ɐ ɪ̯ ɾ ɑː kː ɪ j ɐ m
வைவு	ʋ ɐ ɪ̯ ʋ ʊ
வைஷ்ணவம்	ʋ ɐ ɪ̯ ʂ ɳ ɐ ʋ ɐ m
வௌவால்	ʋ ɐ ʊ̯ ʋ ɑː l
வௌவால்கள்	ʋ ɐ ʊ̯ ʋ ɑː l ɡ ɐ ɭ
வ்	i ʋ
வ்	i ʋː ɯ
வ்	ʋ
ஶ	ɕ ɐ
ஶல்யம்	ɕ ɐ l j ɐ m
ஶஸ்யம்	ɕ ɐ s j ɐ m
ஶாபம்	ɕ ɑː b ɐ m
ஶ்	ɕ
ஶ்ரீ	ɕ ɾ iː
ஶ்ரீகாகுளம்	s ɾ iː k aː k u ɭ ɐ m
ஶ்ரீதரன்	ɕ ɾ iː d̪ ɐ ɾ ɐ n
ஶ்ரீநிவாசன்	ɕ ɾ iː n̪ ɪ ʋ ɑː t͡ɕ ɐ n
ஶ்வஶ்ரூ	ɕ ʋ ɐ ɕ ɾ uː
ஷ	ʂ ɐ
ஷ்	ʂ
ஸ	s ɐ
ஸங்கிரஹம்	s ɐ ŋ ɡ ɪ ɾ ɐ h ɐ m
ஸபர்	s ɐ b ɐ ɾ
ஸாயகம்	s ɑː j ɐ ɡ ɐ m
ஸாரட்டு	s ɑː ɾ ɐ ʈː ʊ
ஸார்த்தகம்	s ɑː ɾ t̪ː ɐ ɡ ɐ m
ஸாலியானா	s ɑː l ɪ j ɑː n ɑː
ஸாவகாம்	s ɑː ʋ ɐ ɡ ɑː m
ஸாஹசர்யம்	s ɑː h ɐ t͡ɕ ɐ ɾ j ɐ m
ஸாஹுகார்	s ɑː h ʊ ɡ ɑː ɾ
ஸீமை	s iː m ɐ ɪ̯
ஸ்	s
ஸ்டாலின்	s ʈ ɑː l ɪ n
ஸ்தம்பி	s t̪ ɐ m b ɪ
ஸ்தலம்	s t̪ ɐ l ɐ m
ஸ்தாபனம்	s t̪ ɑː b ɐ n ɐ m
ஸ்தாயி	s t̪ ɑː j ɪ
ஸ்திரீ	s t̪ ɪ ɾ iː
ஸ்துதி	s t̪ ʊ d̪ ɪ
ஸ்தோத்திரங்கள்	s t̪ oː t̪ː ɪ ɾ ɐ ŋ ɡ ɐ ɭ
ஸ்தோத்திரம்	s t̪ oː t̪ː ɪ ɾ ɐ m
ஸ்த்ரீ	s t̪ ɾ iː
ஸ்நானம்	s n̪ ɑː n ɐ m
ஸ்பஷ்டம்	s p ɐ ʂ ʈ ɐ m
ஸ்வரம்	s ʋ ɐ ɾ ɐ m
ஸ்வர்ணம்	s ʋ ɐ ɾ ɳ ɐ m
ஸ்வேதம்	s ʋ eː d̪ ɐ m
ஹ	h ɐ
ஹக்காசியா	h ɐ kː ɑː t͡ɕ ɪ j ɑː
ஹங்கேரி	h ɐ ŋ ɡ eː ɾ ɪ
ஹநுமான்	h ɐ n̪ ʊ m ɑː n
ஹனுமந்தன்	h ɐ n ʊ m ɐ n̪ d̪ ɐ n
ஹனுமான்	h ɐ n ʊ m ɑː n
ஹம்ஸம்	h ɐ m s ɐ m
ஹயக்ரீவன்	h ɐ j ɐ k ɾ iː ʋ ɐ n
ஹரணம்	h ɐ ɾ ɐ ɳ ɐ m
ஹரிச்சந்திரன்	h ɐ ɾ ɪ t͡ɕː ɐ n̪ d̪ ɪ ɾ ɐ n
ஹரிஜனம்	h ɐ ɾ ɪ d͡ʑ ɐ n ɐ m
ஹல்வா	h ɐ l ʋ ɑː
ஹாஜ்	h ɑː d͡ʑ
ஹிஜிரி	h ɪ d͡ʑ ɪ ɾ ɪ
ஹிஜ்ரி	h ɪ d͡ʑ ɾ ɪ
ஹிந்தி	h ɪ n̪ d̪ ɪ
ஹைதராபாத்	h ɐ ɪ̯ d̪ ɐ ɾ ɑː b ɑː t̪
ஹொங்கொங்	h o ŋ k o ŋ
ஹோட்டல்	h oː ʈː ɐ l
ஹ்	h
ஹ்ரஸ்வம்	h ɾ ɐ s ʋ ɐ m
ா	a
ி	i
ீ	iː
ு	u
ூ	uː
ெ	e
ே	eː
ை	a i
ொ	o
ோ	oː
ௌ	a ʊ̯
ௐ	oː m
ௗ	a ʊ̯
