'day	d̪ a ɪ̯
'di	d̪ ɛ ʔ
'di	d̪ ɪ ʔ
'eka	ʔ ɛ x a ʔ
'eka	ʔ ɛː x ɐ ʔ
'ika	ʔ iː x ɐ ʔ
'ika	ʔ ɪ x a ʔ
'ka	k a ʔ
'lika	l iː x ɐ
'lika	l ɪ x a
'ng	ŋ
'no	n̪ o
't	t̪
'to	t̪ o
'tsaka	t͡s ɐ x a ʔ
'tsaka	t͡ʃ ɐ x a ʔ
'y	ɪ̯
'yan	j a n̪
'yo	j o
'yon	j o n̪
'yun	j ʊ n̪
A	a
A	ɐ
A	ʔ a
A	ʔ e ɪ̯
A	ʔ ɐ
A'TIN	ʔ e ɪ̯ t̪ ɪ n̪
AFAM	ʔ ɐ f a m
AFAM	ʔ ɐ p a m
Aaron	ʔ aː ɾ o n̪
Aaron	ʔ e ɪ̯ ɾ o n̪
Aaron	ʔ ɐ ʔ ɐ ɾ o n̪
Abad	ʔ ɐ b a d̪̚
Abadiano	ʔ ɐ b ɐ d d͡ʒ aː n̪ o
Abadiano	ʔ ɐ b ɐ d̪ j aː n̪ o
Abadilla	ʔ ɐ b ɐ d̪ i l j ɐ
Abalos	ʔ aː b ɐ l o s
Abarca	ʔ ɐ b a ɾ k ɐ
Abaya	ʔ ɐ b aː j ɐ
Abby	ʔ aː b ɪ
Abdurahman	ʔ ɐ b d̪ ʊ ɾ ɐ m a n̪
Abe	ʔ aː b ɛ
Abejuela	ʔ ɐ b ɛ h w ɛː l ɐ
Abel	ʔ ɐ b ɛ l
Abelgas	ʔ ɐ b ɛ l ɡ a s
Abella	ʔ ɐ b ɛ l j ɐ
Abellano	ʔ ɐ b ɛ l j aː n̪ o
Abellera	ʔ ɐ b ɛ l j ɛː ɾ ɐ
Abenojar	ʔ ɐ b ɛ n̪ o h a ɾ
Abesamis	ʔ ɐ b ɛ s aː m ɪ s
Abigail	ʔ aː b ɪ ɣ e ɪ̯ l
Abing	ʔ aː b ɪ ŋ
Abisinya	ʔ ɐ b ɪ s i n̪ j ɐ
Abisinya	ʔ ɐ b ɪ s iː ɲ ɐ
Abisinyo	ʔ ɐ b ɪ s i n̪ j o
Abisinyo	ʔ ɐ b ɪ s iː ɲ o
Ablog	ʔ ɐ b l o ɡ̚
Abra	ʔ aː b ɾ ɐ
Abraham	ʔ ɐ b ɾ ɐ h a m
Abrazado	ʔ ɐ b ɾ ɐ s aː d̪ o
Abrazado	ʔ ɐ b ɾ ɐ z aː d̪ o
Abrenica	ʔ ɐ b ɾ ɛː n̪ ɪ x a
Abrera	ʔ ɐ b ɾ ɛː ɾ ɐ
Abril	ʔ ɐ b ɾ ɪ l
Abu	ʔ aː b ʊ
Abucay	ʔ ɐ b uː x a ɪ̯
Abueg	ʔ ɐ b w ɛ ɡ̚
Abuel	ʔ ɐ b w ɛ l
Abulencia	ʔ ɐ b ʊ l ɛ n̪ s j ɐ
Abulencia	ʔ ɐ b ʊ l ɛ n̪ ʃ ɐ
Abulug	ʔ ɐ b ʊ l ʊ ɡ̚
Academia	ʔ ɐ x ɐ d̪ ɛ m j ɐ
Acda	ʔ ɐ k d̪ a ʔ
Acierto	ʔ ɐ s j ɛ ɾ t̪ o
Acierto	ʔ ɐ ʃ ɛ ɾ t̪ o
Aclan	ʔ ɐ k l a n̪
Acopiado	ʔ ɐ x o p j aː d̪ o
Acorda	ʔ ɐ x o ɾ d̪ ɐ
Acosta	ʔ ɐ x o s t̪ ɐ
Acuzar	ʔ ɐ x ʊ s a ɾ
Acuzar	ʔ ɐ x ʊ z a ɾ
Acuña	ʔ ɐ x u n̪ j ɐ
Acuña	ʔ ɐ x uː ɲ ɐ
Adajar	ʔ ɐ d̪ ɐ h a ɾ
Adams	ʔ aː d̪ ɐ m s
Adan	ʔ ɐ d̪ a n̪
Adbentista	ʔ ɐ d̪ b ɛ n̪ t̪ i s t̪ ɐ
Adbiyento	ʔ ɐ d̪ b j ɛ n̪ t̪ o
Adbyento	ʔ ɐ d̪ b j ɛ n̪ t̪ o
Adela	ʔ ɐ d̪ ɛː l ɐ
Adlawan	ʔ ɐ d̪ l̪ aː w ɐ n̪
Adolfo	ʔ ɐ d̪ o l f o
Adolfo	ʔ ɐ d̪ o l p o
Adonis	ʔ ɐ d̪ oː n̪ ɪ s
Adornado	ʔ ɐ d̪ o ɾ n̪ aː d̪ o
Adrias	ʔ ɐ d̪ ɾ iː j ɐ s
Advincula	ʔ ɐ d̪ b i ŋ k ʊ l a
Advincula	ʔ ɐ d̪ v i ŋ k ʊ l a
Agapay	ʔ ɐ ɣ aː p a ɪ̯
Agatha	ʔ aː ɣ ɐ t̪ a
Agaton	ʔ ɐ ɣ ɐ t̪ o n̪
Agbayani	ʔ ɐ ɡ b ɐ j aː n̪ ɪ
Agbon	ʔ ɐ ɡ b o n̪
Agbuya	ʔ ɐ ɡ b uː j ɐ
Agcaoili	ʔ ɐ ɡ k ɐ w iː l ɪ
Agdangan	ʔ ɐ ɡ d̪ aː ŋ ɐ n̪
Aglipay	ʔ ɐ ɡ l iː p a ɪ̯
Agnes	ʔ a ɡ n̪ ɛ s
Agojo	ʔ ɐ ɣ oː h o ʔ
Agoncillo	ʔ ɐ ɣ o n̪ s i l j o
Agosto	ʔ ɐ ɣ o s t̪ o
Agpangan	ʔ ɐ ɡ p aː ŋ ɐ n̪
Agregado	ʔ ɐ ɡ ɾ ɛ ɣ aː d̪ o
Agta	ʔ ɐ ɡ t̪ a
Aguado	ʔ ɐ ɡ w aː d̪ o
Aguas	ʔ a ɡ w ɐ s
Aguda	ʔ ɐ ɣ uː d̪ ɐ
Aguho	ʔ ɐ ɣ uː h o ʔ
Aguila	ʔ aː ɣ ɪ l a
Aguilar	ʔ ɐ ɣ ɪ l a ɾ
Aguilera	ʔ ɐ ɣ ɪ l ɛː ɾ ɐ
Aguinaldo	ʔ ɐ ɣ ɪ n̪ a l d̪ o
Aguirre	ʔ ɐ ɣ iː ɾ ɛ
Agujo	ʔ ɐ ɣ uː h o ʔ
Agusan	ʔ ɐ ɣ uː s ɐ n̪
Agustin	ʔ ɐ ɣ ʊ s t̪ ɪ n̪
Agustina	ʔ ɐ ɣ ʊ s t̪ iː n̪ ɐ
Agustino	ʔ ɐ ɣ ʊ s t̪ iː n̪ o
Agustinyanismo	ʔ ɐ ɣ ʊ s t̪ ɪ n ɲ ɐ n̪ i s m o
Agustinyanismo	ʔ ɐ ɣ ʊ s t̪ ɪ n̪ j ɐ n̪ i s m o
Agusto	ʔ ɐ ɣ u s t̪ o
Agutaynen	ʔ ɐ ɣ ʊ t̪ a ɪ̯ n̪ ə n̪
Agutaynen	ʔ ɐ ɣ ʊ t̪ a ɪ̯ n̪ ɛ n̪
Agutaynën	ʔ ɐ ɣ ʊ t̪ a ɪ̯ n̪ ə n̪
Ahiya	ʔ aː h j ɐ
Akapulko	ʔ ɐ x ɐ p u l k o
Akbar	ʔ ɐ k b a ɾ
Akiko	ʔ ɐ x iː x o
Aklan	ʔ ɐ k l a n̪
Akwaryo	ʔ ɐ k w a ɾ j o
Al	ʔ a l
Ala	ʔ ɐ l a
Ala	ʔ ə l a
Alab	ʔ aː l ɐ b̚
Alabama	ʔ ɐ l ɐ b aː m ɐ
Alabang	ʔ ɐ l ɐ b a ŋ
Alabat	ʔ ɐ l ɐ b a t̪̚
Alakdan	ʔ ɐ l ɐ k d̪ a n̪
Alakran	ʔ ɐ l ɐ k ɾ a n̪
Alamada	ʔ ɐ l ɐ m aː d̪ ɐ
Alaminos	ʔ ɐ l ɐ m iː n̪ o s
Alan	ʔ aː l ɐ n̪
Alangilan	ʔ ɐ l ɐ ŋ iː l ɐ n̪
Alarcon	ʔ ɐ l ɐ ɾ k o n̪
Alaska	ʔ ɐ l a s k ɐ
Alba	ʔ a l b ɐ
Albanes	ʔ ɐ l b ɐ n̪ ɛ s
Albanesa	ʔ ɐ l b ɐ n̪ ɛː s ɐ
Albano	ʔ ɐ l b aː n̪ o
Albanya	ʔ ɐ l b a n̪ j ɐ
Albanya	ʔ ɐ l b aː ɲ ɐ
Albay	ʔ ɐ l b a ɪ̯
Alberto	ʔ ɐ l b ɛ ɾ t̪ o
Alburquerque	ʔ ɐ l b ʊ ɾ k ɛ ɾ k ɛ
Alcaide	ʔ ɐ l k a ɪ̯ d̪ ɛ
Alcala	ʔ ɐ l k ɐ l a
Alcantara	ʔ ɐ l k a n̪ t̪ ɐ ɾ a
Alcoy	ʔ ɐ l k o ɪ̯
Aldana	ʔ ɐ l d̪ aː n̪ ɐ
Aldover	ʔ ɐ l d̪ o b ɛ ɾ
Aldover	ʔ ɐ l d̪ o v ɛ ɾ
Aldovino	ʔ ɐ l d̪ o b iː n̪ o
Aldovino	ʔ ɐ l d̪ o v iː n̪ o
Alegado	ʔ ɐ l ɛ ɣ aː d̪ o
Alegre	ʔ ɐ l ɛː ɡ ɾ ɛ
Alegria	ʔ ɐ l ɛ ɡ ɾ iː j ɐ
Alehandrina	ʔ ɐ l ɛ h ɐ n̪ d̪ ɾ iː n̪ ɐ
Alehandrino	ʔ ɐ l ɛ h ɐ n̪ d̪ ɾ iː n̪ o
Alejandrino	ʔ ɐ l ɛ h ɐ n̪ d̪ ɾ iː n̪ o
Alejandro	ʔ ɐ l ɛ h a n̪ d̪ ɾ o
Aleman	ʔ ɐ l ɛ m a n̪
Alemana	ʔ ɐ l ɛ m aː n̪ ɐ
Alemanika	ʔ ɐ l ɛ m aː n̪ ɪ x a
Alemaniko	ʔ ɐ l ɛ m aː n̪ ɪ x o
Alemanya	ʔ ɐ l ɛ m a n̪ j ɐ
Alemanya	ʔ ɐ l ɛ m aː ɲ ɐ
Aleng	ʔ aː l ɛ ŋ
Aleosan	ʔ ɐ l j o s a n̪
Alexa	ʔ ɐ l ɛ k s ɐ
Alfaro	ʔ ɐ l f aː ɾ o
Alfaro	ʔ ɐ l p aː ɾ o
Alfeche	ʔ ɐ l f ɛː t͡ʃ ɛ
Alfeche	ʔ ɐ l p ɛ t̪ s ɛ
Alfeche	ʔ ɐ l p ɛː t͡ʃ ɛ
Alfonso	ʔ ɐ l f o n̪ s o
Alfonso	ʔ ɐ l p o n̪ s o
Alfredo	ʔ ɐ l f ɾ ɛː d̪ o
Alfredo	ʔ ɐ l p ɾ ɛː d̪ o
Alherya	ʔ ɐ l h ɛ ɾ j ɐ
Alheryana	ʔ ɐ l h ɛ ɾ j aː n̪ ɐ
Alheryano	ʔ ɐ l h ɛ ɾ j aː n̪ o
Aliaga	ʔ ɐ l j aː ɣ ɐ
Alicante	ʔ ɐ l ɪ x a n̪ t̪ ɛ
Alice	ʔ aː l ɪ s
Alicia	ʔ ɐ l i s j ɐ
Alicia	ʔ ɐ l iː ʃ ɐ
Aliga	ʔ ɐ l iː ɣ ɐ
Alikantino	ʔ ɐ l ɪ x ɐ n̪ t̪ iː n̪ o
Alimango	ʔ ɐ l ɪ m aː ŋ o
Aling	ʔ aː l ɪ ŋ
Alingaro	ʔ ɐ l ɪ ŋ aː ɾ o
Alipustain	ʔ ɐ l ɪ p ʊ s t̪ ɐ ʔ ɪ n̪
Alitagtag	ʔ ɐ l ɪ t̪ ɐ ɡ t̪ a ɡ̚
Aliwalas	ʔ ɐ l ɪ w aː l ɐ s
Alkoran	ʔ ɐ l k o ɾ a n̪
Allacapan	ʔ ɐ l l ɐ x aː p ɐ n̪
Allacapan	ʔ ɐ l ɐ x aː p ɐ n̪
Allan	ʔ aː l ɐ n̪
Allasitan	ʔ ɐ l l ɐ s ɪ t̪ a n̪
Allasitan	ʔ ɐ l ɐ s ɪ t̪ a n̪
Allison	ʔ aː l ɪ s o n̪
Alma	ʔ a l m ɐ
Almaden	ʔ ɐ l m ɐ d̪ ɛ n̪
Almagro	ʔ ɐ l m aː ɡ ɾ o
Almarez	ʔ ɐ l m ɐ ɾ ɛ s
Almario	ʔ ɐ l m a ɾ j o
Almazan	ʔ ɐ l m ɐ s a n̪
Almazan	ʔ ɐ l m ɐ z a n̪
Almeda	ʔ ɐ l m ɛː d̪ ɐ
Almendrala	ʔ ɐ l m ɛ n̪ d̪ ɾ aː l ɐ
Almendras	ʔ ɐ l m ɛ n̪ d̪ ɾ ɐ s
Almeria	ʔ ɐ l m ɛ ɾ iː j ɐ
Aloguinsan	ʔ ɐ l o ɣ ɪ n̪ s a n̪
Alolod	ʔ ɐ l o l o d̪̚
Alonte	ʔ ɐ l o n̪ t̪ ɛ
Alonto	ʔ ɐ l o n̪ t̪ o
Alpes	ʔ a l p ɛ s
Alpino	ʔ ɐ l p iː n̪ o
Alpunsino	ʔ ɐ l p ʊ n̪ s iː n̪ o
Altavas	ʔ ɐ l t̪ aː b ɐ s
Altavas	ʔ ɐ l t̪ aː v ɐ s
Althea	ʔ ɐ l t̪ ɛː j ɐ
Altura	ʔ ɐ l t̪ uː ɾ ɐ
Alumbrado	ʔ ɐ l ʊ m b ɾ aː d̪ o
Alvarado	ʔ ɐ l b ɐ ɾ aː d̪ o
Alvarado	ʔ ɐ l v ɐ ɾ aː d̪ o
Alvarez	ʔ a l b ɐ ɾ ɛ s
Alvarez	ʔ a l v ɐ ɾ ɛ s
Alvaro	ʔ a l b ɐ ɾ o
Alvaro	ʔ a l v ɐ ɾ o
Alviar	ʔ ɐ l b j a ɾ
Alviar	ʔ ɐ l v j a ɾ
Alvin	ʔ a l b ɪ n̪
Alvin	ʔ a l v ɪ n̪
Alzaga	ʔ ɐ l s aː ɣ ɐ
Ama	ʔ ɐ m a
Amadeo	ʔ ɐ m ɐ d̪ ɛː j o
Amanda	ʔ ɐ m a n̪ d̪ ɐ
Amanisaya	ʔ ɐ m ɐ n̪ ɪ s aː j ɐ ʔ
Amansinaya	ʔ ɐ m a n̪ s ɪ n̪ aː j ɐ
Amansinaya	ʔ ɐ m a n̪ s ɪ n̪ aː j ɐ ʔ
Amante	ʔ ɐ m a n̪ t̪ ɛ
Amasoniko	ʔ ɐ m ɐ s oː n̪ ɪ x o
Amber	ʔ a m b ɛ ɾ
Ambo	ʔ ɐ m b o ʔ
Ambrosia	ʔ ɐ m b ɾ o s j ɐ
Ambrosia	ʔ ɐ m b ɾ oː ʃ ɐ
Ambrosio	ʔ ɐ m b ɾ o s j o
Ambrosio	ʔ ɐ m b ɾ oː ʃ o
Amelia	ʔ ɐ m i l j ɐ
Amerika	ʔ ɐ m ɛː ɾ ɪ x a
Amerikana	ʔ ɐ m ɛ ɾ ɪ x aː n̪ ɐ
Amerikanisado	ʔ ɐ m ɛ ɾ ɪ x ɐ n̪ ɪ s aː d̪ o
Amerikanisasyon	ʔ ɐ m ɛ ɾ ɪ x ɐ n̪ ɪ s ɐ s j o n̪
Amerikanisasyon	ʔ ɐ m ɛ ɾ ɪ x ɐ n̪ ɪ s ɐ ʃ o n̪
Amerikanismo	ʔ ɐ m ɛ ɾ ɪ x ɐ n̪ i s m o
Amerikanista	ʔ ɐ m ɛ ɾ ɪ x ɐ n̪ i s t̪ ɐ
Amerikano	ʔ ɐ m ɛ ɾ ɪ x aː n̪ o
Amigable	ʔ ɐ m ɪ ɣ aː b l ɛ
Amihan	ʔ ɐ m iː h ɐ n̪
Amisola	ʔ ɐ m ɪ s oː l ɐ
Amon	ʔ aː m o n̪
Amoranto	ʔ ɐ m o ɾ a n̪ t̪ o
Amores	ʔ ɐ m oː ɾ ɛ s
Amos	ʔ ɐ m o s
Amoy	ʔ aː m o ɪ̯
Amparo	ʔ ɐ m p aː ɾ o
Ampasit	ʔ ɐ m p aː s ɪ t̪̚
Ampatuan	ʔ ɐ m p ɐ t̪ uː ʔ ɐ n̪
Amulung	ʔ ɐ m ʊ l ʊ ŋ
Amurao	ʔ ɐ m ʊ ɾ a ʊ̯
Anabaptismo	ʔ ɐ n̪ ɐ b ɐ p t̪ i s m o
Anabaptista	ʔ ɐ n̪ ɐ b ɐ p t̪ i s t̪ ɐ
Anak	ʔ ɐ n̪ a k̚
Anastacia	ʔ ɐ n̪ ɐ s t̪ a s j ɐ
Anastacia	ʔ ɐ n̪ ɐ s t̪ aː ʃ ɐ
Anastasia	ʔ ɐ n̪ ɐ s t̪ a s j ɐ
Anastasia	ʔ ɐ n̪ ɐ s t̪ aː ʃ ɐ
Ancheta	ʔ ɐ n̪ t͡s ɛː t̪ ɐ
Ancheta	ʔ ɐ n̪ t͡ʃ ɛː t̪ ɐ
Anda	ʔ a n̪ d̪ ɐ
Andal	ʔ ɐ n̪ d̪ a l
Andalus	ʔ ɐ n̪ d̪ ɐ l ʊ s
Andalusana	ʔ ɐ n̪ d̪ ɐ l ʊ s aː n̪ ɐ
Andalusia	ʔ ɐ n̪ d̪ ɐ l ʊ s iː j ɐ
Andalusiya	ʔ ɐ n̪ d̪ ɐ l ʊ s iː j ɐ
Andalusya	ʔ ɐ n̪ d̪ ɐ l u s j ɐ
Andalusya	ʔ ɐ n̪ d̪ ɐ l uː ʃ ɐ
Andaya	ʔ ɐ n̪ d̪ aː j ɐ
Andeng	ʔ ɐ n̪ d̪ ɛ ŋ
Andes	ʔ a n̪ d̪ ɛ s
Andina	ʔ ɐ n̪ d̪ iː n̪ ɐ
Andino	ʔ ɐ n̪ d̪ iː n̪ o
Andora	ʔ ɐ n̪ d̪ oː ɾ ɐ
Andorana	ʔ ɐ n̪ d̪ o ɾ aː n̪ ɐ
Andorano	ʔ ɐ n̪ d̪ o ɾ aː n̪ o
Andrada	ʔ ɐ n̪ d̪ ɾ aː d̪ ɐ
Andrade	ʔ ɐ n̪ d̪ ɾ aː d̪ ɛ
Andrea	ʔ a n̪ d̪ ɾ ɛ j a
Andres	ʔ ɐ n̪ d̪ ɾ ɛ s
Ang	ʔ ɐ ŋ
Angat	ʔ ɐ ŋ ɡ a t̪̚
Angel	ʔ a ŋ h ɛ l
Angel	ʔ e ɪ̯ n̪ d̪ j ɛ l
Angel	ʔ e ɪ̯ n̪ d͡ʒ ɛ l
Angela	ʔ a n̪ d̪ j ɛ l a
Angela	ʔ a n̪ d͡ʒ ɛ l a
Angela	ʔ a ŋ h ɛ l a
Angeles	ʔ a ŋ h ɛ l ɛ s
Angelica	ʔ ɐ n̪ d̪ j ɛː l ɪ x a
Angelica	ʔ ɐ n̪ d͡ʒ ɛː l ɪ x a
Angelina	ʔ ɐ n̪ d̪ j ɛ l iː n̪ ɐ
Angelina	ʔ ɐ n̪ d͡ʒ ɛ l iː n̪ ɐ
Angelina	ʔ ɐ ŋ h ɛ l iː n̪ ɐ
Angelino	ʔ ɐ ŋ h ɛ l iː n̪ o
Angelo	ʔ a n̪ d̪ j ɛ l o
Angelo	ʔ a n̪ d͡ʒ ɛ l o
Angelo	ʔ a ŋ h ɛ l o
Angglikanismo	ʔ ɐ ŋ ɡ l ɪ x ɐ n̪ i s m o
Angglikano	ʔ ɐ ŋ ɡ l ɪ x aː n̪ o
Anggloamerikano	ʔ a ŋ ɡ l o ʔ ɐ m ɛ ɾ ɪ x aː n̪ o
Angglomana	ʔ ɐ ŋ ɡ l oː m ɐ n̪ a
Angglomano	ʔ ɐ ŋ ɡ l oː m ɐ n̪ o
Anggola	ʔ ɐ ŋ ɡ oː l ɐ
Anggolana	ʔ ɐ ŋ ɡ o l aː n̪ ɐ
Anggolano	ʔ ɐ ŋ ɡ o l aː n̪ o
Anglikanismo	ʔ ɐ ŋ ɡ l ɪ x ɐ n̪ i s m o
Anglikano	ʔ ɐ ŋ ɡ l ɪ x aː n̪ o
Angloamerikano	ʔ a ŋ ɡ l o ʔ ɐ m ɛ ɾ ɪ x aː n̪ o
Anglomana	ʔ ɐ ŋ ɡ l oː m ɐ n̪ a
Anglomano	ʔ ɐ ŋ ɡ l oː m ɐ n̪ o
Anglosahon	ʔ a ŋ ɡ l o s ɐ h o n̪
Angola	ʔ ɐ ŋ ɡ oː l ɐ
Angolana	ʔ ɐ ŋ ɡ o l aː n̪ ɐ
Angolano	ʔ ɐ ŋ ɡ o l aː n̪ o
Angono	ʔ ɐ ŋ oː n̪ o
Angono	ʔ ɐ ŋ ɡ oː n̪ o
Anilao	ʔ ɐ n̪ ɪ l a ʊ̯
Ann	ʔ a n̪
Anor	ʔ ɐ n̪ o ɾ
Anseatiko	ʔ ɐ n̪ s ɛ j aː t̪ ɪ x o
Anson	ʔ a n̪ s o n̪
Antarktika	ʔ ɐ n̪ t̪ a ɹ k t̪ ɪ x a
Antarktiko	ʔ ɐ n̪ t̪ a ɹ k t̪ ɪ x o
Antartika	ʔ ɐ n̪ t̪ a ɾ t̪ ɪ x a
Antartiko	ʔ ɐ n̪ t̪ a ɾ t̪ ɪ x o
Antecamara	ʔ ɐ n̪ t̪ ɛ x aː m ɐ ɾ a
Antequera	ʔ ɐ n̪ t̪ ɛ x ɛː ɾ ɐ
Antikristo	ʔ ɐ n̪ t̪ ɪ k ɾ i s t̪ o
Antilyana	ʔ ɐ n̪ t̪ ɪ l j aː n̪ ɐ
Antilyano	ʔ ɐ n̪ t̪ ɪ l j aː n̪ o
Antilyas	ʔ ɐ n̪ t̪ i l j ɐ s
Antipas	ʔ ɐ n̪ t̪ ɪ p a s
Antipolo	ʔ ɐ n̪ t̪ ɪ p oː l o
Antiporda	ʔ ɐ n̪ t̪ ɪ p o ɾ d̪ ɐ
Antique	ʔ ɐ n̪ t̪ iː x ɛ
Anunciacion	ʔ ɐ n̪ ʊ n̪ s j ɐ s j o n̪
Anunciacion	ʔ ɐ n̪ ʊ n̪ ʃ ɐ ʃ o n̪
Anunsasyon	ʔ ɐ n̪ ʊ n̪ s ɐ s j o n̪
Anunsasyon	ʔ ɐ n̪ ʊ n̪ s ɐ ʃ o n̪
Anunsiyasyon	ʔ ɐ n̪ ʊ n̪ s j ɐ s j o n̪
Anunsiyasyon	ʔ ɐ n̪ ʊ n̪ ʃ ɐ ʃ o n̪
Anunsyasyon	ʔ ɐ n̪ ʊ n̪ s j ɐ s j o n̪
Anunsyasyon	ʔ ɐ n̪ ʊ n̪ ʃ ɐ ʃ o n̪
Anyayahan	ʔ ɐ n ɲ ɐ j aː h ɐ n̪
Anyayahan	ʔ ɐ n̪ j ɐ j aː h ɐ n̪
Anyonuwebo	ʔ a n̪ j o n̪ w ɛː b o
Anyonuwebo	ʔ aː ɲ o n̪ w ɛː b o
Anyonwebo	ʔ a n̪ j o n̪ w ɛː b o
Anyonwebo	ʔ aː ɲ o n̪ w ɛː b o
Anyunwebo	ʔ a n̪ j ʊ n̪ w ɛː b o
Anyunwebo	ʔ aː ɲ ʊ n̪ w ɛː b o
Apacible	ʔ ɐ p ɐ s iː b l ɛ
Aparri	ʔ ɐ p ɐ ɾ ɪ
Apatse	ʔ ɐ p a t̪ s ɛ
Apatse	ʔ ɐ p aː t͡ʃ ɛ
Apayao	ʔ ɐ p ɐ j a ʊ̯
Apgana	ʔ ɐ p ɡ aː n̪ ɐ
Apganistan	ʔ ɐ p ɡ ɐ n̪ ɪ s t̪ a n̪
Apgano	ʔ ɐ p ɡ aː n̪ o
Apilado	ʔ ɐ p ɪ l aː d̪ o
Aplasca	ʔ ɐ p l a s k ɐ
Apokripos	ʔ ɐ p oː k ɾ ɪ p o s
Apolinar	ʔ ɐ p o l ɪ n̪ a ɾ
Apolinario	ʔ ɐ p o l ɪ n̪ a ɾ j o
Apolo	ʔ ɐ p oː l o
Apolonio	ʔ ɐ p o l o n̪ j o
Apolonio	ʔ ɐ p o l oː ɲ o
Apostol	ʔ ɐ p o s t̪ o l
Aprika	ʔ aː p ɾ ɪ x a
Aprikana	ʔ ɐ p ɾ ɪ x aː n̪ ɐ
Aprikanismo	ʔ ɐ p ɾ ɪ x ɐ n̪ i s m o
Aprikanista	ʔ ɐ p ɾ ɪ x ɐ n̪ i s t̪ ɐ
Aprikano	ʔ ɐ p ɾ ɪ x aː n̪ o
April	ʔ e ɪ̯ p ɾ ɪ l
Aproasyatiko	ʔ ɐ p ɾ o ʔ ɐ s j aː t̪ ɪ x o
Aproasyatiko	ʔ ɐ p ɾ o ʔ ɐ ʃ aː t̪ ɪ x o
Apulon	ʔ ɐ p uː l o n̪
Aquiles	ʔ ɐ x iː l ɛ s
Aquino	ʔ ɐ x iː n̪ o
Arabe	ʔ ɐ ɾ aː b ɛ
Arabe	ʔ ɐ ɾ ɐ b ɛ
Arabia	ʔ ɐ ɾ a b j ɐ
Arabo	ʔ ɐ ɾ aː b o
Arabya	ʔ ɐ ɾ a b j ɐ
Aragon	ʔ ɐ ɾ ɐ ɣ o n̪
Aragones	ʔ ɐ ɾ ɐ ɣ oː n̪ ɛ s
Arakaki	ʔ ɐ ɾ ɐ x aː x ɪ
Arakan	ʔ ɐ ɾ aː x ɐ n̪
Aramaika	ʔ ɐ ɾ ɐ m a ɪ̯ x ɐ
Aramaika	ʔ ɐ ɾ ɐ m aː j ɪ x a
Aramaiko	ʔ ɐ ɾ ɐ m a ɪ̯ x o
Aramaiko	ʔ ɐ ɾ ɐ m aː j ɪ x o
Aramayika	ʔ ɐ ɾ ɐ m aː j ɪ x a
Aramayiko	ʔ ɐ ɾ ɐ m aː j ɪ x o
Aramayka	ʔ ɐ ɾ ɐ m a ɪ̯ x ɐ
Aramayko	ʔ ɐ ɾ ɐ m a ɪ̯ x o
Arambulo	ʔ ɐ ɾ a m b ʊ l o
Aramea	ʔ ɐ ɾ ɐ m ɛː j ɐ
Arameo	ʔ ɐ ɾ ɐ m ɛː j o
Arameya	ʔ ɐ ɾ ɐ m ɛː j ɐ
Arameyo	ʔ ɐ ɾ ɐ m ɛː j o
Aramita	ʔ ɐ ɾ ɐ m iː t̪ ɐ
Aranda	ʔ ɐ ɾ a n̪ d̪ ɐ
Arandia	ʔ ɐ ɾ a n̪ d̪ j ɐ
Arandia	ʔ ɐ ɾ a n̪ d͡ʒ ɐ
Araneta	ʔ ɐ ɾ ɐ n̪ ɛː t̪ ɐ
Arao	ʔ aː ɾ a ʊ̯
Arañas	ʔ ɐ ɾ a n̪ j ɐ s
Arañas	ʔ ɐ ɾ aː ɲ ɐ s
Arbolante	ʔ ɐ ɾ b o l a n̪ t̪ ɛ
Arbotante	ʔ ɐ ɾ b o t̪ a n̪ t̪ ɛ
Arcalas	ʔ a ɾ k ɐ l a s
Arce	ʔ a ɾ s ɛ
Arcega	ʔ ɐ ɾ s ɛː ɣ ɐ
Arcenas	ʔ ɐ ɾ s ɛː n̪ ɐ s
Arceo	ʔ ɐ ɾ s ɛː j o
Arciaga	ʔ ɐ ɾ s j aː ɣ ɐ
Arciaga	ʔ ɐ ɾ ʃ aː ɣ ɐ
Arcilla	ʔ ɐ ɾ s i l j ɐ
Arcillas	ʔ ɐ ɾ s i l j ɐ s
Arcinas	ʔ ɐ ɾ s iː n̪ ɐ s
Ardiente	ʔ ɐ ɾ d̪ j ɛ n̪ t̪ ɛ
Ardiente	ʔ ɐ ɾ d͡ʒ ɛ n̪ t̪ ɛ
Areglado	ʔ ɐ ɾ ɛ ɡ l aː d̪ o
Arellano	ʔ ɐ ɾ ɛ l j aː n̪ o
Arenas	ʔ ɐ ɾ ɛː n̪ ɐ s
Arevalo	ʔ ɐ ɾ ɛː b ɐ l o
Arevalo	ʔ ɐ ɾ ɛː v ɐ l o
Argao	ʔ ɐ ɾ ɡ a ʊ̯
Argente	ʔ ɐ ɾ h ɛ n̪ t̪ ɛ
Arguelles	ʔ ɐ ɾ ɡ w ɛ l j ɛ s
Arguelles	ʔ ɐ ɾ ɡ ɛ l j ɛ s
Arhelya	ʔ ɐ ɾ h ɛ l j ɐ
Arhentina	ʔ ɐ ɾ h ɛ n̪ t̪ iː n̪ ɐ
Arias	ʔ a ɾ j ɐ s
Arias	ʔ ɐ ɾ j a s
Aries	ʔ a ɾ j ɛ s
Ariola	ʔ ɐ ɾ j oː l ɐ
Aristoteles	ʔ ɐ ɾ ɪ s t̪ oː t̪ ɛ l ɛ s
Arlene	ʔ ɐ ɾ l ɪ n̪
Armamento	ʔ ɐ ɾ m ɐ m ɛ n̪ t̪ o
Armando	ʔ ɐ ɾ m a n̪ d̪ o
Armenya	ʔ ɐ ɾ m ɛ n̪ j ɐ
Armenya	ʔ ɐ ɾ m ɛː ɲ ɐ
Armenyo	ʔ ɐ ɾ m ɛ n̪ j o
Armenyo	ʔ ɐ ɾ m ɛː ɲ o
Arnaiz	ʔ ɐ ɾ n̪ aː ʔ ɪ s
Arnel	ʔ ɐ ɾ n̪ ɛ l
Arquiza	ʔ ɐ ɾ k iː s ɐ
Arquiza	ʔ ɐ ɾ k iː z ɐ
Arrieta	ʔ ɐ ɾ j ɛː t̪ ɐ
Arriola	ʔ ɐ ɾ j oː l ɐ
Arrogante	ʔ ɐ ɾ o ɣ a n̪ t̪ ɛ
Arrojado	ʔ ɐ ɾ o h aː d̪ o
Arroyo	ʔ ɐ ɾ oː j o
Arsenia	ʔ ɐ ɾ s ɛ n̪ j ɐ
Arsenia	ʔ ɐ ɾ s ɛː ɲ ɐ
Arsenio	ʔ ɐ ɾ s ɛ n̪ j o
Arsenio	ʔ ɐ ɾ s ɛː ɲ o
Arteche	ʔ ɐ ɾ t̪ ɛ t̪ s ɛ
Arteche	ʔ ɐ ɾ t̪ ɛː t͡ʃ ɛ
Artemio	ʔ ɐ ɾ t̪ ɛ m j o
Artiaga	ʔ ɐ ɾ t̪ j aː ɣ ɐ
Artiaga	ʔ ɐ ɾ t͡ʃ aː ɣ ɐ
Arturo	ʔ ɐ ɾ t̪ uː ɾ o
Aryes	ʔ a ɾ j ɛ s
Arzadon	ʔ ɐ ɾ s ɐ d̪ o n̪
Arzadon	ʔ ɐ ɾ z ɐ d̪ o n̪
Aserbayan	ʔ ɐ s ɛ ɾ b ɐ j a n̪
Ashley	ʔ a s l ɪ
Ashley	ʔ a ʃ l ɪ
Asilo	ʔ ɐ s iː l o
Asin	ʔ ɐ s ɪ n̪
Asiong	ʔ a s j o ŋ
Asiong	ʔ aː ʃ o ŋ
Asipulo	ʔ ɐ s iː p ʊ l o
Asistio	ʔ ɐ s i s t̪ j o
Asistio	ʔ ɐ s i s t͡ʃ o
Astilyehos	ʔ ɐ s t̪ ɪ l j ɛː h o s
Asturias	ʔ ɐ s t̪ u ɾ j ɐ s
Asuncion	ʔ ɐ s ʊ n̪ s j o n̪
Asuncion	ʔ ɐ s ʊ n̪ ʃ o n̪
Asunsiyon	ʔ ɐ s ʊ n̪ s j o n̪
Asunsiyon	ʔ ɐ s ʊ n̪ ʃ o n̪
Asunsyon	ʔ ɐ s ʊ n̪ s j o n̪
Asunsyon	ʔ ɐ s ʊ n̪ ʃ o n̪
Asya	ʔ a s j ɐ
Asya	ʔ aː ʃ ɐ
Asyano	ʔ ɐ s j aː n̪ o
Asyano	ʔ ɐ ʃ aː n̪ o
Asyatiko	ʔ ɐ s j aː t̪ ɪ x o
Asyatiko	ʔ ɐ s j ɐ t̪ ɪ x o
Asyatiko	ʔ ɐ ʃ aː t̪ ɪ x o
Asyatiko	ʔ ɐ ʃ ɐ t̪ ɪ x o
Ate	ʔ aː t̪ ɛ
Atenas	ʔ ɐ t̪ ɛː n̪ ɐ s
Atendido	ʔ ɐ t̪ ɛ n̪ d̪ iː d̪ o
Athanasia	ʔ ɐ t̪ ɐ n̪ a s j ɐ
Athanasia	ʔ ɐ t̪ ɐ n̪ aː ʃ ɐ
Athena	ʔ ɐ t̪ iː n̪ ɐ
Atienza	ʔ ɐ t t͡ʃ ɛ n̪ s ɐ
Atienza	ʔ ɐ t t͡ʃ ɛ n̪ z ɐ
Atienza	ʔ ɐ t̪ j ɛ n̪ s ɐ
Atlantiko	ʔ ɐ t̪ l̪ a n̪ t̪ ɪ x o
Atok	ʔ aː t̪ o k̚
Atsi	ʔ ɐ t t͡ʃ ɪ
Atsi	ʔ ɐ t̪ s ɪ
Audrey	ʔ o d̪ ɾ ɪ
Auring	ʔ a ʊ̯ ɾ ɪ ŋ
Aurora	ʔ a ʊ̯ ɾ oː ɾ ɐ
Aurora	ʔ o ɾ oː ɾ ɐ
Aurorahin	ʔ a ʊ̯ ɾ o ɾ aː h ɪ n̪
Aurorahin	ʔ o ɾ o ɾ aː h ɪ n̪
Australya	ʔ a ʊ̯ s t̪ ɾ a l j ɐ
Autumn	ʔ oː t̪ ʊ m
Auyong	ʔ a ʊ̯ j o ŋ
Avanceña	ʔ ɐ b ɐ n̪ s ɛ n̪ j ɐ
Avanceña	ʔ ɐ b ɐ n̪ s ɛː ɲ ɐ
Avanceña	ʔ ɐ v ɐ n̪ s ɛː ɲ ɐ
Avendaño	ʔ ɐ b ɛ n̪ d̪ a n̪ j o
Avendaño	ʔ ɐ b ɛ n̪ d̪ aː ɲ o
Avendaño	ʔ ɐ v ɛ n̪ d̪ aː ɲ o
Awstralya	ʔ a ʊ̯ s t̪ ɾ a l j ɐ
Awstriya	ʔ a ʊ̯ s t̪ ɾ j ɐ
Awyoung	ʔ a ʊ̯ j ɐ ŋ
Ayako	ʔ aː j ɐ x o
Ayala	ʔ ɐ j aː l ɐ
Ayson	ʔ a ɪ̯ s o n̪
Ayta	ʔ a ɪ̯ t̪ a
Ayumi	ʔ ɐ j uː m ɪ
Azaña	ʔ ɐ s a n̪ j ɐ
Azaña	ʔ ɐ s aː ɲ ɐ
Azaña	ʔ ɐ z aː ɲ ɐ
Azucena	ʔ ɐ s ʊ s ɛː n̪ ɐ
Azucena	ʔ ɐ z ʊ s ɛː n̪ ɐ
Año	ʔ a n̪ j o
Año	ʔ aː ɲ o
Añonuevo	ʔ a n̪ j o n̪ w ɛː b o
Añonuevo	ʔ aː ɲ o n̪ w ɛː b o
Añonuevo	ʔ aː ɲ o n̪ w ɛː v o
B	b
B	b a
B	b ɛ
B	b ɪ
BAWADI	b ɐ w aː d̪ ɪ
BAYAN	b aː j ɐ n̪
BI	b iː ʔ a ɪ̯
BINHI	b ɪ n̪ h ɪ ʔ
BLISTT	b l ɪ s t̪
BSP	b iː ʔ ɛ s p ɪ
Baao	b aː ʔ a ʊ̯
Babao	b aː b a ʊ̯
Babasa	b ɐ b aː s ɐ
Babilonya	b ɐ b ɪ l o n̪ j ɐ
Babilonya	b ɐ b ɪ l oː ɲ ɐ
Babuyan	b ɐ b uː j ɐ n̪
Bacacay	b ɐ x aː x a ɪ̯
Bacarra	b ɐ x aː ɾ ɐ
Bacarra	b ɐ x ɐ ɾ a
Baclaran	b ɐ k l aː ɾ ɐ n̪
Baclayon	b ɐ k l ɐ j o n̪
Baclig	b ɐ k l ɪ ɡ̚
Bacolod	b ɐ x oː l o d̪̚
Bacolor	b aː x o l o ɾ
Bacolor	b ɐ x o l o ɾ
Bacoor	b ɐ x o ʔ o ɾ
Bacsa	b a k s ɐ
Bactol	b a k t̪ o l
Baculi	b ɐ x uː l ɪ
Badayos	b ɐ d̪ aː j o s
Badian	b ɐ d̪ j a n̪
Badian	b ɐ d͡ʒ a n̪
Badoc	b aː d̪ o k̚
Bae	b ɐ ʔ ɛ
Bagac	b ɐ ɣ a k̚
Bagamanoc	b ɐ ɣ ɐ m ɐ n̪ o k̚
Bagamaspad	b ɐ ɣ ɐ m ɐ s p a d̪̚
Baganga	b ɐ ɣ a ŋ ɡ ɐ
Bagaoisan	b ɐ ɣ ɐ w iː s ɐ n̪
Baggao	b ɐ ɡ ɡ a ʊ̯
Baggao	b ɐ ɣ a ʊ̯
Bagongahasa	b aː ɣ o ŋ ɡ ɐ h aː s ɐ ʔ
Bagonghasa	b aː ɣ o ŋ h aː s ɐ ʔ
Bagsit	b ɐ ɡ s ɪ t̪̚
Bagtas	b ɐ ɡ t̪ a s
Baguio	b a ɡ j o
Bagumbayan	b aː ɣ ʊ m b aː j ɐ n̪
Bagumbong	b ɐ ɣ ʊ m b o ŋ
Bahaghari	b ɐ h ɐ ɡ h aː ɾ ɪ ʔ
Bahamas	b ɐ h aː m ɐ s
Bahamiyana	b ɐ h ɐ m j aː n̪ ɐ
Bahamiyano	b ɐ h ɐ m j aː n̪ o
Bahasa	b ɐ h aː s ɐ
Bai	b ɐ ʔ ɪ
Bai	b ɐ ʔ ɪ ʔ
Bailen	b a ɪ̯ l ɛ n̪
Bajado	b ɐ h aː d̪ o
Baka	b aː x ɐ
Bakakeng	b ɐ x aː x ə ŋ
Bakakeng	b ɐ x aː x ɛ ŋ
Bakun	b aː x ʊ n̪
Balagtas	b ɐ l ɐ ɡ t̪ a s
Balaguer	b ɐ l ɐ ɣ ɛ ɾ
Balahadia	b ɐ l ɐ h a d̪ j ɐ
Balahadia	b ɐ l ɐ h aː d͡ʒ ɐ
Balais	b ɐ l aː ʔ ɪ s
Balajadia	b ɐ l ɐ h a d̪ j ɐ
Balajadia	b ɐ l ɐ h aː d͡ʒ ɐ
Balamban	b ɐ l ɐ m b a n̪
Balanga	b ɐ l a ŋ ɡ ɐ ʔ
Balanga	b ɐ l aː ŋ ɐ ʔ
Balangiga	b ɐ l ɐ ŋ ɡ iː ɣ ɐ
Balangkayan	b ɐ l ɐ ŋ k aː j ɐ n̪
Balasabas	b ɐ l ɐ s aː b ɐ s
Balatan	b ɐ l aː t̪ ɐ n̪
Balatbat	b ɐ l ɐ t̪ b a t̪̚
Balatik	b ɐ l aː t̪ ɪ k̚
Balayan	b ɐ l aː j ɐ n̪
Baldomero	b ɐ l d̪ o m ɛː ɾ o
Baldonado	b ɐ l d̪ o n̪ aː d̪ o
Baler	b ɐ l ɛ ɾ
Balesin	b ɐ l ɛ s ɪ n̪
Balete	b ɐ l ɛː t̪ ɛ
Balibago	b ɐ l ɪ b aː ɣ o
Balilihan	b ɐ l ɪ l iː h ɐ n̪
Balilo	b ɐ l iː l o
Balingit	b ɐ l iː ŋ ɪ t̪̚
Balisacan	b ɐ l ɪ s aː x ɐ n̪
Balita	b ɐ l iː t̪ ɐ ʔ
Balitaan	b ɐ l ɪ t̪ aː ʔ ɐ n̪
Balite	b ɐ l iː t̪ ɛ
Baliwag	b ɐ l iː w ɐ ɡ̚
Ballesteros	b ɐ l j ɛ s t̪ ɛː ɾ o s
Ballesteros	b ɐ l ɛ s t̪ ɛː ɾ o s
Balmaceda	b ɐ l m ɐ s ɛː d̪ ɐ
Balmes	b a l m ɛ s
Baltazar	b ɐ l t̪ ɐ s a ɾ
Baltazar	b ɐ l t̪ ɐ z a ɾ
Baluga	b ɐ l uː ɣ ɐ ʔ
Baluyot	b ɐ l uː j o t̪̚
Bamban	b ɐ m b a n̪
Banaag	b ɐ n̪ aː ʔ ɐ ɡ̚
Banal	b ɐ n̪ a l
Banalo	b ɐ n̪ aː l o
Banaue	b ɐ n̪ aː w ɛ
Banawa	b ɐ n̪ aː w ɐ
Banawe	b ɐ n̪ aː w ɛ
Banawon	b ɐ n̪ aː w o n̪
Banayad	b ɐ n̪ aː j ɐ d̪̚
Banaybanay	b aː n̪ a ɪ̯ b aː n̪ a ɪ̯
Bang	b a ŋ
Banga	b aː ŋ ɐ
Bangit	b aː ŋ ɪ t̪̚
Bangkal	b ɐ ŋ k a l
Bangkok	b ɐ ŋ k o k̚
Bangued	b ɐ ŋ ɡ ɛ d̪̚
Banhaon	b ɐ n̪ h ɐ ʔ o n̪
Baniaga	b ɐ n ɲ aː ɣ ɐ
Baniaga	b ɐ n̪ j aː ɣ ɐ
Banilad	b ɐ n̪ iː l ɐ d̪̚
Banisilan	b ɐ n̪ ɪ s iː l ɐ n̪
Banocnoc	b ɐ n̪ o k n̪ o k̚
Bansalan	b ɐ n̪ s ɐ l a n̪
Bansud	b ɐ n̪ s ʊ d̪̚
Banta	b a n̪ t̪ ɐ
Bantayan	b ɐ n̪ t̪ aː j ɐ n̪
Bantugan	b ɐ n̪ t̪ uː ɣ ɐ n̪
Banzon	b a n̪ s o n̪
Banzon	b a n̪ z o n̪
Banzuela	b ɐ n̪ s w ɛː l ɐ
Banzuela	b ɐ n̪ z w ɛː l ɐ
Baquiran	b ɐ x iː ɾ ɐ n̪
Barangka	b ɐ ɾ ɐ ŋ k a ʔ
Baraquiel	b ɐ ɾ ɐ k j ɛ l
Baras	b ɐ ɾ a s
Barayuga	b ɐ ɾ ɐ j uː ɣ ɐ
Barbara	b a ɾ b ɐ ɾ a
Barbaza	b ɐ ɾ b aː s ɐ
Barbaza	b ɐ ɾ b aː z ɐ
Barbosa	b ɐ ɾ b oː s ɐ
Barcelona	b ɐ ɾ s ɛ l oː n̪ ɐ
Barcenas	b a ɾ s ɛ n̪ a s
Barein	b ɐ ɾ e ɪ̯ n̪
Bareini	b ɐ ɾ e ɪ̯ n̪ ɪ
Barili	b ɐ ɾ iː l ɪ
Barlig	b ɐ ɾ l ɪ ɡ̚
Barquilla	b ɐ ɾ k i l j ɐ
Barradas	b ɐ ɾ aː d̪ ɐ s
Barrameda	b ɐ ɾ ɐ m ɛː d̪ ɐ
Barrera	b ɐ ɾ ɛː ɾ ɐ
Barrientos	b ɐ ɾ j ɛ n̪ t̪ o s
Barrios	b a ɾ j o s
Bartolome	b ɐ ɾ t̪ o l o m ɛ
Basa	b aː s ɐ
Basallote	b ɐ s ɐ l j oː t̪ ɛ
Basbas	b ɐ s b a s
Basco	b a s k o
Bascoguin	b ɐ s k oː ɣ ɪ n̪
Base	b aː s ɛ
Basilan	b ɐ s iː l ɐ n̪
Basilio	b ɐ s i l j o
Basilisa	b ɐ s ɪ l iː s ɐ
Bassig	b aː s ɪ ɡ̚
Basud	b aː s ʊ d̪̚
Bataan	b ɐ t̪ ɐ ʔ a n̪
Batac	b aː t̪ ɐ k̚
Batac	b ɐ t̪ a k̚
Batallones	b ɐ t̪ ɐ l j oː n̪ ɛ s
Batan	b aː t̪ ɐ n̪
Batan	b ɐ t̪ a n̪
Batanes	b ɐ t̪ aː n̪ ɛ s
Batangas	b ɐ t̪ a ŋ ɡ ɐ s
Batangas	b ɐ t̪ ɐ ŋ ɡ a s
Batangenyo	b ɐ t̪ ɐ ŋ ɡ ɛ n̪ j o
Batangenyo	b ɐ t̪ ɐ ŋ ɡ ɛː ɲ o
Batangueña	b ɐ t̪ ɐ ŋ ɡ ɛ n̪ j ɐ
Batangueña	b ɐ t̪ ɐ ŋ ɡ ɛː ɲ ɐ
Batangueño	b ɐ t̪ ɐ ŋ ɡ ɛ n ɲ o
Batangueño	b ɐ t̪ ɐ ŋ ɡ ɛ n̪ j o
Batangueño	b ɐ t̪ ɐ ŋ ɡ ɛː ɲ o
Bataraza	b ɐ t̪ ɐ ɾ aː s ɐ
Bataraza	b ɐ t̪ ɐ ɾ aː z ɐ
Batasan	b ɐ t̪ aː s ɐ n̪
Bathala	b ɐ t̪ h aː l ɐ ʔ
Bathan	b ɐ t̪ h a n̪
Batikano	b ɐ t̪ ɪ x aː n̪ o
Batino	b ɐ t̪ iː n̪ o
Bato	b ɐ t̪ o
Batongbakal	b ɐ t̪ o m b aː x ɐ l
Batuan	b ɐ t̪ w a n̪
Batumbakal	b ɐ t̪ ʊ m b aː x ɐ l
Bauan	b ɐ w a n̪
Bauang	b ɐ w a ŋ
Bauko	b ɐ ʔ uː x o
Baungon	b ɐ ʔ uː ŋ o n̪
Bautista	b a ʊ̯ t̪ i s t̪ ɐ
Bauzon	b a ʊ̯ s o n̪
Baviera	b ɐ b j ɛː ɾ ɐ
Baviera	b ɐ v j ɛː ɾ ɐ
Bawalan	b ɐ w aː l ɐ n̪
Bay	b a ɪ̯
Bay	b e ɪ̯
Bay	b ɐ ʔ ɪ
Bay	b ɐ ʔ ɪ ʔ
Bayagra	b ɐ j a ɡ ɾ ɐ
Bayanan	b ɐ j aː n̪ ɐ n̪
Bayani	b ɐ j aː n̪ ɪ
Baybayin	b a ɪ̯ b aː j ɪ n̪
Baybayin	b a ɪ̯ b ɐ j ɪ n̪
Baylosis	b a ɪ̯ l oː s ɪ s
Bayombong	b ɐ j o m b o ŋ
Bayot	b aː j o t̪̚
Bayudan	b ɐ j uː d̪ ɐ n̪
Bayugan	b ɐ j uː ɣ ɐ n̪
Bañaga	b ɐ n ɲ aː ɣ ɐ
Bañaga	b ɐ n̪ j aː ɣ ɐ
Beckel	b ə k k ə l
Beckel	b ɛ x ɛ l
Bejasa	b ɛ h aː s ɐ
Belandres	b ɛ l a n̪ d̪ ɾ ɛ s
Belarmino	b ɛ l ɐ ɾ m iː n̪ o
Belarus	b ɛ l ɐ ɾ ʊ s
Belhika	b ɛ l h ɪ x a
Belhiko	b ɛ l h ɪ x o
Belison	b ɛ l iː s o n̪
Belison	b ɛ l ɪ s o n̪
Belmonte	b ɛ l m o n̪ t̪ ɛ
Beltran	b ɛ l t̪ ɾ a n̪
Benedicto	b ɛ n̪ ɛ d̪ i k t̪ o
Beneswela	b ɛ n̪ ɛ s w ɛː l ɐ
Benguet	b ɛ ŋ ɡ ɛ t̪̚
Bengzon	b ɛ n̪ s o n̪
Bengzon	b ɛ n̪ z o n̪
Benigno	b ɛ n̪ i ɡ n̪ o
Benin	b ɛ n̪ ɪ n̪
Benipayo	b ɛ n̪ ɪ p aː j o
Benito	b ɛ n̪ iː t̪ o
Benli	b ɛ n̪ l ɪ
Bentinganan	b ɛ n̪ t̪ ɪ ŋ aː n̪ ɐ n̪
Benus	b ɛː n̪ ʊ s
Bergonia	b ɛ ɾ ɡ o n̪ j ɐ
Bergonia	b ɛ ɾ ɡ oː ɲ ɐ
Berinayan	b ɛ ɾ ɪ n̪ aː j ɐ n̪
Bermudez	b ɛ ɾ m uː d̪ ɛ s
Bernabe	b ɛ ɾ n̪ ɐ b ɛ
Bernadette	b ɛ ɾ n̪ ɐ d̪ ɛ t̪̚
Bernal	b ɛ ɾ n̪ a l
Bernardez	b ɛ ɾ n̪ a ɾ d̪ ɛ s
Bernardo	b ɛ ɾ n̪ a ɾ d̪ o
Berroya	b ɛ ɾ oː j ɐ
Berry	b ɛː ɾ ɪ
Bersamina	b ɛ ɾ s ɐ m iː n̪ ɐ
Berting	b ɛ ɾ t̪ ɪ ŋ
Beryl	b ɛː ɾ ɪ l
Besao	b ə s a ʊ̯
Besao	b ɛ s a ʊ̯
Bessie	b ɛː s ɪ
Betong	b ɛː t̪ o ŋ
Betsy	b ɛ t̪ s ɪ
Betty	b ɛ t̪ t̪ ɪ
Bibliya	b i b l j ɐ
Bidduang	b ɪ d̪ w a ŋ
Bienvenido	b j ɛ m b ɛ n̪ iː d̪ o
Bienvenido	b j ɛ m v ɛ n̪ iː d̪ o
Bigcas	b ɪ ɡ k a s
Bignay	b ɪ ɡ n̪ a ɪ̯
Bihasa	b ɪ h aː s ɐ
Bikol	b iː x o l
Bikolana	b ɪ x o l aː n̪ ɐ
Bikolano	b ɪ x o l aː n̪ o
Bilar	b ɪ l a ɾ
Biliran	b ɪ l iː ɾ ɐ n̪
Binangonan	b ɪ n̪ ɐ ŋ oː n̪ ɐ n̪
Binibini	b ɪ n̪ ɪ b iː n̪ ɪ
Binondo	b ɪ n̪ o n̪ d̪ o
Binubusan	b ɪ n̪ ʊ b uː s ɐ n̪
Binuya	b ɪ n̪ uː j ɐ
Birgo	b i ɾ ɡ o
Biring	b ɪ ɾ ɪ ŋ
Birmanya	b ɪ ɾ m a n̪ j ɐ
Birmanya	b ɪ ɾ m aː ɲ ɐ
Bisa	b iː s ɐ
Bisaya	b ɪ s aː j ɐ ʔ
Bisaya	b ɪ s ɐ j a ʔ
Biscocho	b ɪ s k o t̪ s o
Biscocho	b ɪ s k oː t͡ʃ o
Bisnar	b ɪ s n̪ a ɾ
Bito	b iː t̪ o
Bituin	b ɪ t̪ ʊ ʔ ɪ n̪
Biy	b ɪ j
Biyer	b j ɛ ɾ
Biyernes	b j ɛ ɾ n̪ ɛ s
Biyetnam	b j ɛ t̪ n̪ a m
Biñan	b ɪ n ɲ a n̪
Biñan	b ɪ n̪ j a n̪
Blanco	b l a ŋ k o
Boac	b o w a k̚
Bobadilla	b o b ɐ d̪ i l j ɐ
Bocaue	b o x aː w ɛ
Bogo	b o ɣ o
Bogota	b o ɣ o t̪ a
Bohol	b o h o l
Bokod	b o x o d̪̚
Bolante	b o l a n̪ t̪ ɛ
Bolaños	b o l a n̪ j o s
Bolaños	b o l aː ɲ o s
Bolbok	b o l b o k̚
Bolibya	b o l i b j ɐ
Boliney	b o l ɪ n̪ e ɪ̯
Boliney	b o l ɪ n̪ ə ɪ̯
Bolivar	b o l iː b ɐ ɾ
Bolivar	b o l iː v ɐ ɾ
Boljoon	b o l h o ʔ o n̪
Bombay	b o m b a ɪ̯
Bombon	b o m b o n̪
Bonbon	b o m b o n̪
Bondoc	b o n̪ d̪ o k̚
Bong	b o ŋ
Bongabong	b o ŋ aː b o ŋ
Bonifacio	b o n̪ ɪ f aː ʃ o
Bonifacio	b o n̪ ɪ p a s j o
Bonifacio	b o n̪ ɪ p aː ʃ o
Bonilla	b o n̪ i l j ɐ
Bontoc	b o n̪ t̪ o k̚
Boo	b oː ʔ o
Bool	b o ʔ o l
Boongaling	b o ʔ o ŋ ɡ ɐ l ɪ ŋ
Boracay	b o ɾ aː x a ɪ̯
Borbon	b o ɾ b o n̪
Bordado	b o ɾ d̪ aː d̪ o
Borillo	b o ɾ i l j o
Borja	b o ɾ h ɐ
Borlaza	b o ɾ l aː s ɐ
Borlaza	b o ɾ l aː z ɐ
Borongan	b o ɾ o ŋ ɡ ɐ n̪
Borres	b oː ɾ ɛ s
Borromeo	b o ɾ o m ɛː j o
Bosniya	b o s n̪ j ɐ
Bosniya	b o s ɲ ɐ
Bosnya	b o s n̪ j ɐ
Bosnya	b o s ɲ ɐ
Boston	b o s t̪ o n̪
Botswana	b o t̪ s w aː n̪ ɐ
Boy	b o ɪ̯
Brandon	b ɾ a n̪ d̪ o n̪
Brasil	b ɾ ɐ s ɪ l
Bravo	b ɾ aː b o
Bravo	b ɾ aː v o
Brawner	b ɾ oː n̪ ɛ ɾ
Breslavia	b ɾ ɛ s l a b j ɐ
Breslavia	b ɾ ɛ s l a v j ɐ
Bretanya	b ɾ ɛ t̪ a n̪ j ɐ
Bretanya	b ɾ ɛ t̪ aː ɲ ɐ
Brigela	b ɾ ɪ ɣ ɛː l ɐ
Briguela	b ɾ ɪ ɡ w ɛː l ɐ
Brillantes	b ɾ ɪ l j a n̪ t̪ ɛ s
Briones	b ɾ j o n̪ ɛ s
Britanya	b ɾ ɪ t̪ a n̪ j ɐ
Britanya	b ɾ ɪ t̪ aː ɲ ɐ
Brookside	b ɾ u k s a ɪ̯ d̪
Broqueza	b ɾ o x ɛː s ɐ
Broqueza	b ɾ o x ɛː z ɐ
Brosas	b ɾ oː s ɐ s
Brunay	b ɾ ʊ n̪ a ɪ̯
Brunayuki	b ɾ ʊ n̪ ɐ j uː x ɪ
Brunei	b ɾ ʊ n̪ a ɪ̯
Bruneiyuki	b ɾ ʊ n̪ ɐ j uː x ɪ
Bruselas	b ɾ ʊ s ɛː l ɐ s
Buan	b uː w ɐ n̪
Bucad	b uː x ɐ d̪̚
Bucal	b ʊ x a l
Bucay	b uː x a ɪ̯
Bucloc	b ʊ k l o k̚
Buda	b uː d̪ ɐ
Budismo	b ʊ d̪ i s m o
Budista	b ʊ d̪ i s t̪ ɐ
Buenafe	b w ɛː n̪ ɐ f ɛ
Buenafe	b w ɛː n̪ ɐ p ɛ
Buenaflor	b w ɛ n̪ ɐ f l o ɾ
Buenaflor	b w ɛ n̪ ɐ p l o ɾ
Buenaventura	b w ɛː n̪ ɐ b ɛ n̪ t̪ uː ɾ ɐ
Buenaventura	b w ɛː n̪ ɐ v ɛ n̪ t̪ uː ɾ ɐ
Buenavista	b w ɛ n̪ ɐ b i s t̪ ɐ
Buenavista	b w ɛ n̪ ɐ v i s t̪ ɐ
Buencamino	b w ɛ ŋ k ɐ m iː n̪ o
Buendia	b w ɛ n̪ d̪ iː j ɐ
Bueno	b w ɛː n̪ o
Buenviaje	b w ɛ m b j aː h ɛ
Buenviaje	b w ɛ m v j aː h ɛ
Bugallon	b ʊ ɣ ɐ l j o n̪
Bugarin	b ʊ ɣ ɐ ɾ ɪ n̪
Bugasong	b ʊ ɣ aː s o ŋ
Bugtong	b ʊ ɡ t̪ o ŋ
Buguey	b ʊ ɣ e ɪ̯
Buguias	b ʊ ɡ j a s
Buhain	b ʊ h aː ʔ ɪ n̪
Buhatin	b ʊ h aː t̪ ɪ n̪
Buhi	b ʊ h ɪ ʔ
Bukal	b ʊ x a l
Bukidnon	b ʊ x ɪ d̪ n̪ o n̪
Bula	b ʊ l a ʔ
Bulacan	b ʊ l ɐ x a n̪
Bulakan	b ʊ l ɐ x a n̪
Bulakenyo	b ʊ l ɐ x ɛ n̪ j o
Bulakenyo	b ʊ l ɐ x ɛː ɲ o
Bulalacao	b ʊ l ɐ l aː x a ʊ̯
Bulalayao	b ʊ l ɐ l aː j a ʊ̯
Bulan	b uː l ɐ n̪
Bulanhagui	b ʊ l ɐ n̪ h aː ɣ ɪ
Bulgaro	b ʊ l ɡ ɐ ɾ o
Bulgarya	b ʊ l ɡ a ɾ j ɐ
Bulihan	b ʊ l ɪ h a n̪
Buluan	b ʊ l uː ʔ ɐ n̪
Bumanglag	b ʊ m ɐ n̪ l a ɡ̚
Bumanlag	b ʊ m ɐ n̪ l a ɡ̚
Bumbay	b ʊ m b a ɪ̯
Bunag	b uː n̪ ɐ ɡ̚
Bunawan	b ʊ n̪ aː w ɐ n̪
Bunlay	b ʊ n̪ l a ɪ̯
Bunye	b u n̪ j ɛ
Bunye	b uː ɲ ɛ
Bunyi	b u n̪ j ɪ
Bunyi	b uː ɲ ɪ
Buquid	b uː x ɪ d̪̚
Burgos	b u ɾ ɡ o s
Burias	b ʊ ɾ j a s
Burma	b u ɾ m ɐ
Burnham	b ə ɹ n̪ h ɐ m
Buruanga	b ʊ ɾ w a ŋ ɡ ɐ
Burundi	b ʊ ɾ u n̪ d̪ ɪ
Bustamante	b ʊ s t̪ ɐ m a n̪ t̪ ɛ
Bustos	b ʊ s t̪ o s
Butac	b uː t̪ ɐ k̚
Butchoy	b ʊ t t͡ʃ o ɪ̯
Butchoy	b ʊ t̪ s o ɪ̯
Buting	b uː t̪ ɪ ŋ
Butuan	b u t̪ w ɐ n̪
Butuan	b ʊ t̪ uː ʔ ɐ n̪
Butuan	b ʊ t̪ w a n̪
Byetnam	b j ɛ t̪ n̪ a m
C	k
C	s
C	s ɛ
C	s ɪ
CAMANAVA	k ɐ m ɐ n̪ aː b ɐ
CAMANAVA	k ɐ m ɐ n̪ aː v ɐ
CH	s
CH	s ɛ
CH	t̪ s
CH	t͡s ɛ
CH	t͡ʃ
CH	t͡ʃ ɛ
COMELEC	k oː m ɛ l ɛ k̚
CPP	s iː p ɪ p ɪ
Cabadbaran	k ɐ b ɐ d̪ b ɐ ɾ a n̪
Cabagay	k ɐ b aː ɣ a ɪ̯
Cabahug	k ɐ b aː h ʊ ɡ̚
Caballero	k ɐ b ɐ l j ɛː ɾ o
Caballeros	k ɐ b ɐ l j ɛː ɾ o s
Cabanalan	k ɐ b ɐ n̪ aː l ɐ n̪
Cabanatuan	k ɐ b ɐ n̪ ɐ t̪ uː ʔ ɐ n̪
Cabangbang	k ɐ b ɐ m b a ŋ
Cabanglasan	k ɐ b ɐ n̪ l ɐ s a n̪
Cabangon	k ɐ b aː ŋ o n̪
Cabasag	k ɐ b aː s ɐ ɡ̚
Cabatuan	k ɐ b ɐ t̪ uː ʔ ɐ n̪
Cabiao	k ɐ b j a ʊ̯
Cabiling	k ɐ b iː l ɪ ŋ
Cabral	k ɐ b ɾ a l
Cabrera	k ɐ b ɾ ɛː ɾ ɐ
Cabrillos	k ɐ b ɾ i l j o s
Cabucgayan	k ɐ b ʊ k ɡ aː j ɐ n̪
Cabuhat	k ɐ b uː h ɐ t̪̚
Cabungcal	k ɐ b ʊ ŋ k a l
Cabusao	k ɐ b uː s a ʊ̯
Cabutihan	k ɐ b ʊ t̪ iː h ɐ n̪
Cabuyao	k ɐ b uː j a ʊ̯
Cacao	k ɐ x a ʊ̯
Cacdac	k ɐ k d̪ a k̚
Cachuela	k ɐ t̪ s w ɛː l ɐ
Cachuela	k ɐ t͡ʃ w ɛː l ɐ
Cadano	k ɐ d̪ aː n̪ o
Cadapan	k ɐ d̪ aː p ɐ n̪
Caday	k aː d̪ a ɪ̯
Cadayona	k ɐ d̪ ɐ j oː n̪ ɐ
Cadiz	k aː d̪ ɪ s
Cafarnaum	k ɐ f ɐ ɾ n̪ ɐ ʔ ʊ m
Cafarnaum	k ɐ p ɐ ɾ n̪ ɐ ʔ ʊ m
Cagalingan	k ɐ ɣ ɐ l iː ŋ ɐ n̪
Caganap	k ɐ ɣ aː n̪ ɐ p̚
Cagayan	k ɐ ɣ a ɪ̯ ʔ a n̪
Cagayan	k ɐ ɣ ɐ j a n̪
Cagdianao	k ɐ ɡ d̪ j aː n̪ a ʊ̯
Cagdianao	k ɐ ɡ d͡ʒ aː n̪ a ʊ̯
Caguiat	k ɐ ɡ j a t̪̚
Caguioa	k ɐ ɣ iː w ɐ
Caguitla	k ɐ ɣ i t̪ l̪ ɐ
Caibigan	k ɐ ʔ ɪ b iː ɣ ɐ n̪
Caibiran	k ɐ ʔ ɪ b ɪ ɾ a n̪
Cain	k ɐ ʔ ɪ n̪
Cainta	k ɐ ʔ ɪ n̪ t̪ a ʔ
Cajucom	k ɐ h uː x o m
Calabanga	k ɐ l ɐ b a ŋ ɡ ɐ
Calaca	k ɐ l ɐ x a ʔ
Calahatian	k ɐ l ɐ h ɐ t̪ iː ʔ ɐ n̪
Calalang	k ɐ l aː l ɐ ŋ
Calalo	k ɐ l aː l o
Calamba	k ɐ l ɐ m b a
Calamba	k ɐ l ɐ m b a ʔ
Calanasan	k ɐ l ɐ n̪ aː s ɐ n̪
Calapan	k ɐ l ɐ p a n̪
Calapati	k ɐ l ɐ p aː t̪ ɪ
Calape	k ɐ l aː p ɛ
Calapit	k ɐ l aː p ɪ t̪̚
Calasiao	k ɐ l ɐ s j a ʊ̯
Calasiao	k ɐ l ɐ ʃ a ʊ̯
Calatagan	k ɐ l ɐ t̪ ɐ ɣ a n̪
Calauag	k ɐ l aː w ɐ ɡ̚
Calauan	k ɐ l aː w ɐ n̪
Calaunan	k ɐ l ɐ ʔ uː n̪ ɐ n̪
Calayan	k ɐ l aː j ɐ n̪
Calaycay	k ɐ l a ɪ̯ x a ɪ̯
Calderon	k ɐ l d̪ ɛ ɾ o n̪
Calimlim	k ɐ l ɪ m l ɪ m
Calinawan	k ɐ l ɪ n̪ aː w ɐ n̪
Calingasan	k ɐ l ɪ ŋ aː s ɐ n̪
Calinisan	k ɐ l ɪ n̪ iː s ɐ n̪
Calintaan	k ɐ l ɪ n̪ t̪ ɐ ʔ a n̪
Caliwag	k ɐ l iː w ɐ ɡ̚
Calixihan	k ɐ l ɪ k s iː h ɐ n̪
Calixto	k ɐ l i k s t̪ o
Calixto	k ɐ l i s t̪ o
Callao	k aː l a ʊ̯
Calma	k a l m ɐ
Caloocan	k ɐ l o ʔ oː x ɐ n̪
Caloy	k ɐ l o ɪ̯
Caluag	k ɐ l uː w ɐ ɡ̚
Caluag	k ɐ l uː ʔ ɐ ɡ̚
Caluangan	k ɐ l w aː ŋ ɐ n̪
Calumpang	k ɐ l ʊ m p a ŋ
Calumpit	k ɐ l ʊ m p ɪ t̪̚
Caluya	k ɐ l uː j ɐ
Cam	k a m
CamSur	k a m s ʊ ɾ
Camacho	k ɐ m a t̪ s o
Camacho	k ɐ m aː t͡ʃ o
Camalaniugan	k ɐ m ɐ l ɐ n ɲ uː ɣ ɐ n̪
Camalaniugan	k ɐ m ɐ l ɐ n̪ j uː ɣ ɐ n̪
Camalig	k ɐ m aː l ɪ ɡ̚
Camalig	k ɐ m ɐ l ɪ ɡ̚
Camaligan	k ɐ m ɐ l iː ɣ ɐ n̪
Camantigue	k ɐ m ɐ n̪ t̪ ɪ ɣ ɛ
Camarines	k ɐ m ɐ ɾ iː n̪ ɛ s
Camdas	k ɐ m d̪ a s
Camiguin	k ɐ m ɪ ɣ ɪ n̪
Campo	k a m p o
Canales	k ɐ n̪ aː l ɛ s
Canaman	k ɐ n̪ ɐ m a n̪
Cancio	k a n̪ s j o
Cancio	k a n̪ ʃ o
Candelaria	k ɐ n̪ d̪ ɛ l a ɾ j ɐ
Candijay	k ɐ n̪ d̪ ɪ h a ɪ̯
Canicosa	k ɐ n̪ ɪ x oː s ɐ
Caniedo	k ɐ n ɲ ɛː d̪ o
Caniedo	k ɐ n̪ j ɛː d̪ o
Canilao	k ɐ n̪ iː l a ʊ̯
Caniogan	k ɐ n ɲ oː ɣ ɐ n̪
Caniogan	k ɐ n̪ j oː ɣ ɐ n̪
Canlapan	k ɐ n̪ l aː p ɐ n̪
Canlas	k ɐ n̪ l a s
Canlubang	k ɐ n̪ l uː b ɐ ŋ
Canoy	k aː n̪ o ɪ̯
Cantalejo	k ɐ n̪ t̪ ɐ l ɛː h o
Cantiveros	k ɐ n̪ t̪ ɪ b ɛː ɾ o s
Cantiveros	k ɐ n̪ t̪ ɪ v ɛː ɾ o s
Cantos	k a n̪ t̪ o s
Capalonga	k ɐ p ɐ l o ŋ ɡ ɐ
Capangyarihan	k ɐ p ɐ ŋ j ɐ ɾ iː h ɐ n̪
Caparas	k ɐ p ɐ ɾ a s
Capihan	k ɐ p iː h ɐ n̪
Capili	k ɐ p iː l ɪ
Capinpin	k ɐ p ɪ m p ɪ n̪
Capistrano	k ɐ p ɪ s t̪ ɾ aː n̪ o
Capiz	k aː p ɪ s
Capucao	k ɐ p uː x a ʊ̯
Capulong	k ɐ p uː l o ŋ
Capunitan	k ɐ p ʊ n̪ iː t̪ ɐ n̪
Capuno	k ɐ p uː n̪ o ʔ
Caraan	k ɐ ɾ aː ʔ ɐ n̪
Caraga	k ɐ ɾ aː ɣ ɐ
Caraga	k ɐ ɾ ɐ ɣ a
Caraig	k ɐ ɾ aː ʔ ɪ ɡ̚
Caramoan	k ɐ ɾ ɐ m oː w ɐ n̪
Caramoan	k ɐ ɾ ɐ m oː ʔ ɐ n̪
Caramoran	k ɐ ɾ ɐ m o ɾ a n̪
Carandang	k ɐ ɾ ɐ n̪ d̪ a ŋ
Caraos	k ɐ ɾ aː ʔ o s
Carcar	k ɐ ɾ k a ɾ
Cardenas	k a ɾ d̪ ɛ n̪ a s
Cardenas	k ɐ ɾ d̪ ɛː n̪ ɐ s
Cardiño	k ɐ ɾ d̪ i n̪ j o
Cardiño	k ɐ ɾ d̪ iː ɲ o
Cardona	k ɐ ɾ d̪ oː n̪ ɐ
Cariaga	k ɐ ɾ j aː ɣ ɐ
Cariaso	k ɐ ɾ j aː s o
Carillo	k ɐ ɾ i l j o
Caringal	k ɐ ɾ iː ŋ ɐ l
Caringal	k ɐ ɾ ɪ ŋ a l
Cariño	k ɐ ɾ i n̪ j o
Cariño	k ɐ ɾ iː ɲ o
Carlito	k ɐ ɾ l iː t̪ o
Carlos	k a ɾ l o s
Carlota	k ɐ ɾ l oː t̪ ɐ
Carmela	k ɐ ɾ m ɛː l ɐ
Carmen	k a ɾ m ɛ n̪
Carmen	k ɐ ɾ m ɛ n̪
Carmona	k ɐ ɾ m oː n̪ ɐ
Carpio	k a ɾ p j o
Carreon	k ɐ ɾ ɛ j o n̪
Carriaga	k ɐ ɾ j aː ɣ ɐ
Carrillo	k ɐ ɾ i l j o
Carunungan	k ɐ ɾ ʊ n̪ uː ŋ ɐ n̪
Carvajal	k ɐ ɾ b ɐ h a l
Carvajal	k ɐ ɾ v ɐ h a l
Casacop	k ɐ s aː x o p̚
Casal	k ɐ s a l
Casanova	k ɐ s ɐ n̪ oː b ɐ
Casanova	k ɐ s ɐ n̪ oː v ɐ
Casao	k aː s a ʊ̯
Casapao	k ɐ s aː p a ʊ̯
Casas	k aː s ɐ s
Caseda	k ɐ s ɛː d̪ ɐ
Cases	k aː s ɛ s
Casiguran	k ɐ s ɪ ɣ uː ɾ ɐ n̪
Casindac	k ɐ s ɪ n̪ d̪ a k̚
Casiño	k ɐ s i n̪ j o
Casiño	k ɐ s iː ɲ o
Casper	k a s p ɛ ɾ
Castañeda	k ɐ s t̪ ɐ n ɲ ɛː d̪ ɐ
Castañeda	k ɐ s t̪ ɐ n̪ j ɛː d̪ ɐ
Castillejos	k ɐ s t̪ ɪ l j ɛː h o s
Castillo	k ɐ s t̪ i l j o
Castrence	k ɐ s t̪ ɾ ɛ n̪ s ɛ
Casupang	k ɐ s uː p ɐ ŋ
Catacutan	k ɐ t̪ ɐ x uː t̪ ɐ n̪
Catalasan	k ɐ t̪ ɐ l aː s ɐ n̪
Catanauan	k ɐ t̪ ɐ n̪ aː w ɐ n̪
Catanduanes	k ɐ t̪ ɐ n̪ d̪ w aː n̪ ɛ s
Catanduanes	k ɐ t̪ ɐ n̪ d̪ ʊ ʔ aː n̪ ɛ s
Catangay	k ɐ t̪ ɐ ŋ a ɪ̯
Catanghal	k ɐ t̪ ɐ ŋ h a l
Catapang	k ɐ t̪ aː p ɐ ŋ
Cataquiz	k ɐ t̪ ɐ x ɪ s
Catarman	k ɐ t̪ ɐ ɾ m a n̪
Cateel	k ɐ t̪ iː ʔ ɪ l
Cathed	k aː t̪ ɛ d̪̚
Catibayan	k ɐ t̪ ɪ b aː j ɐ n̪
Catibog	k ɐ t̪ iː b o ɡ̚
Catigbian	k ɐ t̪ ɪ ɡ b ɪ ʔ a n̪
Catindig	k ɐ t̪ ɪ n̪ d̪ ɪ ɡ̚
Catipon	k ɐ t̪ iː p o n̪
Catmon	k ɐ t̪ m o n̪
Catral	k ɐ t̪ ɾ a l
Cauayan	k ɐ w aː j ɐ n̪
Causapin	k ɐ ʔ ʊ s aː p ɪ n̪
Causon	k a ʊ̯ s o n̪
Cavite	k ɐ b iː t̪ ɛ
Cavite	k ɐ v iː t̪ ɛ
Caw	k a ʊ̯
Cawicaan	k ɐ w ɪ x ɐ ʔ a n̪
Cayabyab	k ɐ j ɐ b j a b̚
Cayco	k a ɪ̯ x o
Cayetano	k ɐ j ɛ t̪ aː n̪ o
Cañedo	k ɐ n ɲ ɛː d̪ o
Cañedo	k ɐ n̪ j ɛː d̪ o
Cañeso	k ɐ n ɲ ɛː s o
Cañeso	k ɐ n̪ j ɛː s o
Cañete	k ɐ n ɲ ɛː t̪ ɛ
Cañete	k ɐ n̪ j ɛː t̪ ɛ
Cebu	s ɛ b ʊ
Cebuana	s ɛ b w aː n̪ ɐ
Cebuano	s ɛ b w aː n̪ o
Cedeño	s ɛ d̪ ɛ n̪ j o
Cedeño	s ɛ d̪ ɛː ɲ o
Celedio	s ɛ l ɛ d̪ j o
Celedio	s ɛ l ɛː d͡ʒ o
Celestial	s ɛ l ɛ s t̪ j a l
Celestial	s ɛ l ɛ s t͡ʃ a l
Cembo	s ɛ m b o
Cendaña	s ɛ n̪ d̪ a n̪ j ɐ
Cendaña	s ɛ n̪ d̪ aː ɲ ɐ
Ceniza	s ɛ n̪ iː s ɐ
Ceniza	s ɛ n̪ iː z ɐ
Cenizal	s ɛ n̪ ɪ s a l
Cenizal	s ɛ n̪ ɪ z a l
Centeno	s ɛ n̪ t̪ ɛː n̪ o
Centino	s ɛ n̪ t̪ iː n̪ o
Cepillo	s ɛ p i l j o
Cereno	s ɛ ɾ ɛː n̪ o
Cerillo	s ɛ ɾ i l j o
Cerna	s ɛ ɾ n̪ ɐ
Cesneros	s ɛ s n̪ ɛː ɾ o s
Cham	k a m
Cham	t͡s a m
Cham	t͡ʃ a m
Chan	t͡s a n̪
Chan	t͡ʃ a n̪
Chang	t͡s a ŋ
Chang	t͡ʃ a ŋ
Chantal	s j ɐ n̪ t̪ a l
Chantal	ʃ ɐ n̪ t̪ a l
Charity	t͡s aː ɾ ɪ t̪ ɪ
Charity	t͡ʃ aː ɾ ɪ t̪ ɪ
Charlene	s j ɐ ɾ l ɪ n̪
Charlene	ʃ ɐ ɾ l ɪ n̪
Charlotte	s j a ɾ l o t̪̚
Charlotte	ʃ a ɾ l o t̪̚
Chavez	t͡s aː b ɛ s
Chavez	t͡ʃ aː b ɛ s
Chavez	t͡ʃ aː v ɛ s
Chedeng	t͡s ɛ d̪ ɛ ŋ
Chedeng	t͡s ɛː d̪ ɛ ŋ
Chedeng	t͡ʃ ɛ d̪ ɛ ŋ
Chedeng	t͡ʃ ɛː d̪ ɛ ŋ
Chen	t͡s ə n̪
Chen	t͡s ɛ n̪
Chen	t͡ʃ ə n̪
Chen	t͡ʃ ɛ n̪
Cheng	t͡s ɛ ŋ
Cheng	t͡ʃ ɛ ŋ
Cherry	t͡s ɛː ɾ ɪ
Cherry	t͡ʃ ɛː ɾ ɪ
Chi	t͡s ɪ
Chi	t͡ʃ ɪ
Chichay	t͡s i t̪ s a ɪ̯
Chichay	t͡ʃ iː t͡ʃ a ɪ̯
Chinador	t͡s ɪ n̪ ɐ d̪ o ɾ
Chinador	t͡ʃ ɪ n̪ ɐ d̪ o ɾ
Ching	t͡s ɪ ŋ
Ching	t͡ʃ ɪ ŋ
Chiong	t͡s j o ŋ
Chiong	t͡s o ŋ
Chiong	t͡ʃ j o ŋ
Chiong	t͡ʃ o ŋ
Chiu	t͡s ʊ
Chiu	t͡ʃ ʊ
Chiyoko	t͡s j oː x o
Chiyoko	t͡ʃ j oː x o
Chloe	k l oː w ɪ
Choi	t͡s o ɪ̯
Choi	t͡ʃ o ɪ̯
Chong	t͡s o ŋ
Chong	t͡ʃ o ŋ
Chow	t͡s a ʊ̯
Chow	t͡ʃ a ʊ̯
Chu	t͡s ʊ
Chu	t͡ʃ ʊ
Chua	t͡s uː w ɐ
Chua	t͡s w a
Chua	t͡ʃ uː w ɐ
Chua	t͡ʃ w a
Chuchay	t͡s u t̪ s a ɪ̯
Chuchay	t͡ʃ uː t͡ʃ a ɪ̯
Chung	t͡s ʊ ŋ
Chung	t͡ʃ ʊ ŋ
Cinco	s i ŋ k o
Cipriano	s ɪ p ɾ j aː n̪ o
Clara	k l aː ɾ ɐ
Clarence	k l aː ɾ ɛ n̪ s
Clarin	k l ɐ ɾ ɪ n̪
Claro	k l aː ɾ o
Claudio	k l a ʊ̯ d d͡ʒ o
Claudio	k l a ʊ̯ d̪ j o
Clavecillas	k l ɐ b ɛ s i l j ɐ s
Clavecillas	k l ɐ v ɛ s i l j ɐ s
Claveria	k l ɐ b ɛ ɾ iː j ɐ
Claveria	k l ɐ v ɛ ɾ iː j ɐ
Clemente	k l ɛ m ɛ n̪ t̪ ɛ
Clinton	k l i n̪ t̪ o n̪
Closa	k l oː s ɐ
Clyde	k l a ɪ̯ d̪
Co	k o
Cobarrubias	k o b ɐ ɾ u b j ɐ s
Cogeo	k o ɡ j o
Cojuangco	k o h w a ŋ k o
Cojuangco	k o w a ŋ k o
Collado	k o l j aː d̪ o
Collantes	k o l j a n̪ t̪ ɛ s
Coloma	k o l oː m ɐ
Colon	k o l o n̪
Coloso	k o l oː s o
Comembo	k o m ɛ m b o
Cometa	k o m ɛː t̪ ɐ
Comia	k o m j ɐ
Compostela	k o m p o s t̪ ɛː l ɐ
Concepcion	k o n̪ s ɛ p s j o n̪
Concepcion	k o n̪ s ɛ p ʃ o n̪
Conchita	k o n̪ t͡s iː t̪ ɐ
Conchita	k o n̪ t͡ʃ iː t̪ ɐ
Conde	k o n̪ d̪ ɛ
Condez	k o n̪ d̪ ɛ s
Confucianismo	k o m f j ʊ ʃ ɐ n̪ i s m o
Confucianismo	k o m f ʊ ʃ ɐ n̪ i s m o
Confucianismo	k o m p j ʊ s j ɐ n̪ i s m o
Confucianismo	k o m p j ʊ ʃ ɐ n̪ i s m o
Confucianismo	k o m p ʊ s j ɐ n̪ i s m o
Confucianismo	k o m p ʊ ʃ ɐ n̪ i s m o
Conner	k oː n̪ ɛ ɾ
Conrado	k o n̪ ɾ aː d̪ o
Consolacion	k o n̪ s o l ɐ s j o n̪
Consolacion	k o n̪ s o l ɐ ʃ o n̪
Contreras	k o n̪ t̪ ɾ ɛː ɾ ɐ s
Coo	k ʊ
Coquia	k oː k j ɐ
Cora	k oː ɾ ɐ
Corazon	k o ɾ ɐ s o n̪
Corazon	k o ɾ ɐ z o n̪
Corcuera	k o ɾ k w ɛː ɾ ɐ
Cordero	k o ɾ d̪ ɛː ɾ o
Cordova	k o ɾ d̪ o b a
Cordova	k o ɾ d̪ o v a
Corella	k o ɾ ɛ l j ɐ
Corista	k o ɾ i s t̪ ɐ
Cornejo	k o ɾ n̪ ɛː h o
Coron	k o ɾ o n̪
Corona	k o ɾ oː n̪ ɐ
Coronel	k o ɾ o n̪ ɛ l
Corpus	k o ɾ p ʊ s
Corpuz	k o ɾ p ʊ s
Corrales	k o ɾ aː l ɛ s
Correa	k o ɾ ɛː j ɐ
Corregidor	k o ɾ ɛ h ɪ d̪ o ɾ
Corro	k oː ɾ o
Cortes	k o ɾ t̪ ɛ s
Cortesi	k o ɾ t̪ ɛː s ɪ
Cortez	k o ɾ t̪ ɛ s
Cory	k oː ɾ ɪ
Cosico	k o s iː x o
Costales	k o s t̪ aː l ɛ s
Cotabato	k o t̪ ɐ b aː t̪ o
Crawford	k ɾ oː f o ɹ d̪
Crawford	k ɾ oː p o ɹ d̪
Cresilda	k ɾ ɛ s i l d̪ ɐ
Crising	k ɾ ɪ s ɪ ŋ
Crisostomo	k ɾ ɪ s o s t̪ o m o
Crispin	k ɾ ɪ s p ɪ n̪
Cruz	k ɾ ʊ s
Cruzat	k ɾ ʊ s a t̪̚
Cruzat	k ɾ ʊ z a t̪̚
Cu	k ʊ
Cua	k uː w ɐ
Cua	k w a
Cuartero	k w ɐ ɾ t̪ ɛː ɾ o
Cuasay	k w aː s a ɪ̯
Cubacub	k ʊ b aː x ʊ b̚
Cubao	k ʊ b a ʊ̯
Cudiamat	k ʊ d d͡ʒ aː m ɐ t̪̚
Cudiamat	k ʊ d d͡ʒ ɐ m a t̪̚
Cudiamat	k ʊ d̪ j aː m ɐ t̪̚
Cudiamat	k ʊ d̪ j ɐ m a t̪̚
Cuenca	k w ɛ ŋ k ɐ
Cueto	k w ɛː t̪ o
Cuevas	k w ɛː b ɐ s
Cuevas	k w ɛː v ɐ s
Cuizon	k w iː s o n̪
Cuizon	k w iː z o n̪
Culaba	k ʊ l aː b ɐ
Culasi	k ʊ l aː s ɪ
Cunanan	k ʊ n̪ aː n̪ ɐ n̪
Cupang	k uː p ɐ ŋ
Custodio	k ʊ s t̪ o d̪ j o
Custodio	k ʊ s t̪ oː d͡ʒ o
Cuyapo	k ʊ j ɐ p o ʔ
Cynthia	s i n̪ t̪ j ɐ
Cynthia	s i n̪ t͡ʃ ɐ
D	d̪
D	d̪ a
D	d̪ ɛ
D	d̪ ɪ
DOLE	d̪ oː l ɛ
Daanbantayan	d̪ ɐ ʔ ɐ m b ɐ n̪ t̪ aː j ɐ n̪
Dacanay	d̪ ɐ x aː n̪ a ɪ̯
Dacanlao	d̪ ɐ x ɐ n̪ l a ʊ̯
Dacanlao	d̪ ɐ x ɐ n̪ l ɐ ʔ o
Daet	d̪ aː ʔ ɛ t̪̚
Dagdag	d̪ ɐ ɡ d̪ a ɡ̚
Dagdagan	d̪ ɐ ɡ d̪ ɐ ɣ a n̪
Dagohoy	d̪ ɐ ɣ oː h o ɪ̯
Daguioman	d̪ ɐ ɡ j oː m ɐ n̪
Dagupan	d̪ ɐ ɣ uː p ɐ n̪
Daisy	d̪ e ɪ̯ s ɪ
Dalaga	d̪ ɐ l aː ɣ ɐ
Dalaguete	d̪ ɐ l ɐ ɣ ɛː t̪ ɛ
Dalahican	d̪ ɐ l ɐ h iː x ɐ n̪
Dalandanan	d̪ ɐ l ɐ n̪ d̪ aː n̪ ɐ n̪
Dalangin	d̪ ɐ l aː ŋ ɪ n̪
Dalawampu	d̪ ɐ l ɐ w ɐ m p ʊ ʔ
Dale	d̪ e ɪ̯ l
Dalisay	d̪ ɐ l iː s a ɪ̯
Dalmasya	d̪ ɐ l m a s j ɐ
Dalmasya	d̪ ɐ l m aː ʃ ɐ
Dalusong	d̪ ɐ l uː s o ŋ
Dampalit	d̪ ɐ m p ɐ l ɪ t̪̚
Damulag	d̪ ɐ m uː l ɐ ɡ̚
Damulog	d̪ ɐ m uː l o ɡ̚
Danao	d̪ ɐ n̪ a ʊ̯
Dancel	d̪ ɐ n̪ s ɛ l
Danes	d̪ ɐ n̪ ɛ s
Danesa	d̪ ɐ n̪ ɛː s ɐ
Dangcagan	d̪ ɐ ŋ k aː ɣ ɐ n̪
Danglas	d̪ ɐ n̪ l a s
Daniel	d̪ ɐ n ɲ ɛ l
Daniel	d̪ ɐ n̪ j ɛ l
Dao	d̪ ɐ ʔ o
Dapao	d̪ aː p a ʊ̯
Dapitan	d̪ ɐ p iː t̪ ɐ n̪
Daproza	d̪ ɐ p ɾ oː s ɐ
Daraga	d̪ ɐ ɾ ɐ ɣ a
Darwin	d̪ a ɾ w ɪ n̪
Dasma	d̪ a s m ɐ
Dasmariñas	d̪ ɐ s m ɐ ɾ i n̪ j ɐ s
Dasmariñas	d̪ ɐ s m ɐ ɾ iː ɲ ɐ s
Datingaling	d̪ aː t̪ ɪ ŋ ɡ ɐ l ɪ ŋ
Datinguinoo	d̪ aː t̪ ɪ ŋ ɡ ɪ n̪ o ʔ o
Datu	d̪ aː t̪ ʊ
Dau	d̪ ɐ w ʊ
Dau	d̪ ɐ ʔ ʊ
Dauis	d̪ aː w ɪ s
Davao	d̪ aː b a ʊ̯
Davao	d̪ aː v a ʊ̯
Davao	d̪ ɐ b a ʊ̯
Davao	d̪ ɐ v a ʊ̯
Dave	d̪ e ɪ̯ b
Dave	d̪ e ɪ̯ v
David	d̪ e ɪ̯ b ɪ d̪̚
David	d̪ e ɪ̯ v ɪ d̪̚
David	d̪ ɐ b ɪ d̪̚
David	d̪ ɐ v ɪ d̪̚
Dayandante	d̪ ɐ j ɐ n̪ d̪ a n̪ t̪ ɛ
Dayang	d̪ aː j ɐ ŋ
Dayanghirang	d̪ ɐ j ɐ ŋ h iː ɾ ɐ ŋ
Dayao	d̪ aː j a ʊ̯
Dayrit	d̪ a ɪ̯ ɾ ɪ t̪̚
Dazo	d̪ aː s o
Dazo	d̪ aː z o
Deang	d̪ j a ŋ
Decena	d̪ ɛ s ɛː n̪ ɐ
Dee	d̪ ɪ
Defensor	d̪ ɛ f ɛ n̪ s o ɾ
Defensor	d̪ ɛ p ɛ n̪ s o ɾ
Degamo	d̪ ɛ ɣ aː m o
Dekarthin	d̪ ɛ x ɐ ɹ t̪ h ɪ n̪
Delfin	d̪ ɛ l f ɪ n̪
Delfin	d̪ ɛ l p ɪ n̪
Delgado	d̪ ɛ l ɡ aː d̪ o
Delizo	d̪ ɛ l iː s o
Delizo	d̪ ɛ l iː z o
Demafeliz	d̪ ɛ m ɐ f ɛː l ɪ s
Demafeliz	d̪ ɛ m ɐ p ɛː l ɪ s
Demostenes	d̪ ɛ m o s t̪ ɛː n̪ ɛ s
Deparo	d̪ ɛ p aː ɾ o
Deris	d̪ ɛː ɾ ɪ s
Despuig	d̪ ɛ s p w ɪ ɡ̚
Diamante	d̪ j ɐ m a n̪ t̪ ɛ
Diamante	d͡ʒ ɐ m a n̪ t̪ ɛ
Diaz	d̪ iː j ɐ s
Digos	d̪ iː ɣ o s
Dijamco	d̪ ɪ d̪ j a m k o
Dijamco	d̪ ɪ d͡ʒ a m k o
Dijamco	d̪ ɪ h a m k o
Dilag	d̪ ɪ l a ɡ̚
Dilao	d̪ ɪ l a ʊ̯
Dilasag	d̪ ɪ l ɐ s a ɡ̚
Dimaala	d̪ ɪ m ɐ ʔ aː l ɐ
Dimaandal	d̪ ɪ m ɐ ʔ ɐ n̪ d̪ a l
Dimaano	d̪ ɪ m ɐ ʔ aː n̪ o
Dimaapi	d̪ ɪ m aː ʔ ɐ p ɪ
Dimacali	d̪ ɪ m ɐ x aː l ɪ
Dimacuha	d̪ ɪ m ɐ x uː h ɐ
Dimacuja	d̪ ɪ m ɐ x uː h ɐ
Dimaculangan	d̪ ɪ m ɐ x ʊ l aː ŋ ɐ n̪
Dimafelix	d̪ ɪ m ɐ f ɛː l ɪ k s
Dimafelix	d̪ ɪ m ɐ p ɛː l ɪ k s
Dimagiba	d̪ ɪ m ɐ ɣ ɪ b a ʔ
Dimailig	d̪ ɪ m ɐ ʔ iː l ɪ ɡ̚
Dimaisip	d̪ ɪ m ɐ ʔ iː s ɪ p̚
Dimalaluan	d̪ ɪ m ɐ l ɐ l uː ʔ ɐ n̪
Dimalanta	d̪ ɪ m ɐ l a n̪ t̪ ɐ
Dimalibot	d̪ ɪ m ɐ l iː b o t̪̚
Dimapasoc	d̪ ɪ m ɐ p aː s o k̚
Dimapilis	d̪ ɪ m ɐ p iː l ɪ s
Dimaranan	d̪ ɪ m ɐ ɾ aː n̪ ɐ n̪
Dimasupil	d̪ ɪ m ɐ s uː p ɪ l
Dimatatac	d̪ ɪ m ɐ t̪ ɐ t̪ a k̚
Dimatulac	d̪ ɪ m ɐ t̪ uː l ɐ k̚
Dimaunahan	d̪ ɪ m ɐ ʔ ʊ n̪ aː h ɐ n̪
Dimawala	d̪ ɪ m ɐ w aː l ɐ
Dimayacyac	d̪ ɪ m ɐ j ɐ k j a k̚
Dimayuga	d̪ ɪ m ɐ j uː ɣ ɐ
Dimiao	d̪ i m j a ʊ̯
Dimiao	d̪ ɪ m j a ʊ̯
Dinagat	d̪ ɪ n̪ aː ɣ ɐ t̪̚
Dinalungan	d̪ ɪ n̪ ɐ l uː ŋ ɐ n̪
Dinalupihan	d̪ ɪ n̪ ɐ l ʊ p iː h ɐ n̪
Dinamarka	d̪ ɪ n̪ ɐ m a ɾ k ɐ
Dinglasan	d̪ ɪ n̪ l aː s ɐ n̪
Diokno	d̪ j o k n̪ o
Diokno	d͡ʒ o k n̪ o
Dionisio	d̪ j o n̪ i s j o
Dionisio	d͡ʒ o n̪ iː ʃ o
Diosdado	d̪ j o s d̪ aː d̪ o
Diosdado	d͡ʒ o s d̪ aː d̪ o
Dipasupil	d̪ ɪ p ɐ s uː p ɪ l
Dipolog	d̪ ɪ p oː l o ɡ̚
Disimbi	d̪ ɪ s ɪ m b ɪ
Disyembre	d̪ ɪ s j ɛ m b ɾ ɛ
Disyembre	d̪ ɪ ʃ ɛ m b ɾ ɛ
Divinagracia	d̪ ɪ b iː n̪ ɐ ɡ ɾ a s j ɐ
Divinagracia	d̪ ɪ b iː n̪ ɐ ɡ ɾ aː ʃ ɐ
Divinagracia	d̪ ɪ v iː n̪ ɐ ɡ ɾ aː ʃ ɐ
Diyawa	d̪ j aː w ɐ
Diyawa	d͡ʒ aː w ɐ
Diyos	d̪ j o s
Diyos	d͡ʒ o s
Dizon	d̪ iː s o n̪
Dizon	d̪ iː z o n̪
Diño	d̪ i n̪ j o
Diño	d̪ iː ɲ o
Docena	d̪ o s ɛː n̪ ɐ
Doha	d̪ oː h ɐ
Doktor	d̪ o k t̪ o ɾ
Doktora	d̪ o k t̪ oː ɾ ɐ
Dolores	d̪ o l oː ɾ ɛ s
Domantay	d̪ o m ɐ n̪ t̪ a ɪ̯
Domeng	d̪ oː m ɛ ŋ
Dominador	d̪ o m ɪ n̪ ɐ d̪ o ɾ
Dominggo	d̪ o m i ŋ ɡ o
Domingo	d̪ o m i ŋ ɡ o
Dominguez	d̪ o m i ŋ ɡ ɛ s
Dominika	d̪ o m iː n̪ ɪ x a
Dominika	d̪ o m ɪ n̪ iː x ɐ
Dominikano	d̪ o m ɪ n̪ ɪ x aː n̪ o
Don	d̪ o n̪
Donya	d̪ o n̪ j ɐ
Donya	d̪ oː ɲ ɐ
Dorothy	d̪ oː ɾ o t̪ ɪ
Dottie	d̪ oː t̪ ɪ
Douglas	d̪ o ɡ l ɐ s
Drakula	d̪ ɾ aː x ʊ l a
Du	d̪ ʊ
Dublin	d̪ a b l ɪ n̪
Dublin	d̪ u b l ɪ n̪
Ducut	d̪ uː x ʊ t̪̚
Duero	d̪ w ɛː ɾ o
Dueñas	d̪ w ɛ n̪ j ɐ s
Dueñas	d̪ w ɛː ɲ ɐ s
Dulay	d̪ uː l a ɪ̯
Dumaguete	d̪ ʊ m ɐ ɣ ɛː t̪ ɛ
Dumaguing	d̪ ʊ m aː ɣ ɪ ŋ
Dumalag	d̪ ʊ m aː l ɐ ɡ̚
Dumanjug	d̪ ʊ m ɐ n̪ h ʊ ɡ̚
Dumarao	d̪ ʊ m aː ɾ a ʊ̯
Dumaraos	d̪ ʊ m ɐ ɾ aː ʔ o s
Dumlao	d̪ ʊ m l a ʊ̯
Dumpit	d̪ ʊ m p ɪ t̪̚
Dundon	d̪ ʊ n̪ d̪ o n̪
Durante	d̪ ʊ ɾ a n̪ t̪ ɛ
Duta	d̪ uː t̪ ɐ ʔ
Duterte	d̪ ʊ t̪ ɛ ɾ t̪ ɛ
Duterteismo	d̪ ʊ t̪ ɛ ɾ t̪ ɛ j i s m o
Dutertismo	d̪ ʊ t̪ ɛ ɾ t̪ i s m o
Dwight	d̪ w a ɪ̯ t̪
Dy	d̪ ɪ
Dyos	d̪ j o s
Dyos	d͡ʒ o s
E	ɛ
E	ʔ ɛ
E	ʔ ɪ
EDSA	ʔ ɛ d̪ s ɐ
Eba	ʔ ɛː b ɐ
Ebanghelyo	ʔ ɛ b ɐ ŋ h ɛ l j o
Ebreo	ʔ ɛ b ɾ ɛ j o
Ebreo	ʔ ɛ b ɾ ɛː j o
Echague	ʔ ɛ t t͡ʃ aː ɣ ɛ
Echague	ʔ ɛ t̪ s aː ɣ ɛ
Echano	ʔ ɛ t t͡ʃ aː n̪ o
Echano	ʔ ɛ t̪ s aː n̪ o
Echegaray	ʔ ɛ t t͡ʃ ɛ ɣ ɐ ɾ a ɪ̯
Echegaray	ʔ ɛ t̪ s ɛ ɣ ɐ ɾ a ɪ̯
Echevarria	ʔ ɛ t t͡ʃ ɛ b a ɾ j ɐ
Echevarria	ʔ ɛ t t͡ʃ ɛ v a ɾ j ɐ
Echevarria	ʔ ɛ t̪ s ɛ b a ɾ j ɐ
Echiverri	ʔ ɛ t t͡ʃ ɪ b ɛː ɾ ɪ
Echiverri	ʔ ɛ t t͡ʃ ɪ v ɛː ɾ ɪ
Echiverri	ʔ ɛ t̪ s ɪ b ɛː ɾ ɪ
Eden	ʔ ɛ d̪ ɛ n̪
Edison	ʔ ɛː d̪ ɪ s o n̪
Edlyn	ʔ ɛ d̪ l̪ ɪ n̪
Edna	ʔ ɛ d̪ n̪ ɐ
Edrada	ʔ ɛ d̪ ɾ aː d̪ ɐ
Efren	ʔ ɛ f ɾ ɛ n̪
Efren	ʔ ɛ p ɾ ɛ n̪
Eguia	ʔ ɛ ɣ iː j ɐ
Ehipto	ʔ ɛ h i p t̪ o
Ejercito	ʔ ɛ h ɛ ɾ s ɪ t̪ o
Ekuwador	ʔ ɛ k w ɐ d̪ o ɾ
Ekwador	ʔ ɛ k w ɐ d̪ o ɾ
Elamparo	ʔ ɛ l a m p ɐ ɾ o
Elcano	ʔ ɛ l k aː n̪ o
Elefante	ʔ ɛ l ɛ f a n̪ t̪ ɛ
Elefante	ʔ ɛ l ɛ p a n̪ t̪ ɛ
Elena	ʔ ɛ l ɛː n̪ ɐ
Elenita	ʔ ɛ l ɛ n̪ iː t̪ ɐ
Eliseo	ʔ ɛ l ɪ s ɛː j o
Elizaga	ʔ ɛ l ɪ s aː ɣ ɐ
Elizaga	ʔ ɛ l ɪ z aː ɣ ɐ
Elizalde	ʔ ɛ l ɪ s a l d̪ ɛ
Elizalde	ʔ ɛ l ɪ z a l d̪ ɛ
Elorde	ʔ ɛ l o ɾ d̪ ɛ
Eloriaga	ʔ ɛ l o ɾ j aː ɣ ɐ
Emeterio	ʔ ɛ m ɛ t̪ ɛ ɾ j o
Emiko	ʔ ɛ m iː x o
Emily	ʔ ɛː m ɪ l ɪ
Emma	ʔ ɛː m ɐ
Emong	ʔ ɛː m o ŋ
Emperador	ʔ ɛ m p ɛ ɾ ɐ d̪ o ɾ
Emperadora	ʔ ɛ m p ɛ ɾ ɐ d̪ oː ɾ ɐ
Encarnacion	ʔ ɛ ŋ k ɐ ɾ n̪ ɐ s j o n̪
Encarnacion	ʔ ɛ ŋ k ɐ ɾ n̪ ɐ ʃ o n̪
Encarnado	ʔ ɛ ŋ k ɐ ɾ n̪ aː d̪ o
Encinas	ʔ ɛ n̪ s iː n̪ ɐ s
Endaya	ʔ ɛ n̪ d̪ aː j ɐ
Endozo	ʔ ɛ n̪ d̪ oː s o
Endozo	ʔ ɛ n̪ d̪ oː z o
Endrinal	ʔ ɛ n̪ d̪ ɾ ɪ n̪ a l
Enero	ʔ ɛ n̪ ɛː ɾ o
Enrile	ʔ ɛ n̪ ɾ iː l ɛ
Enrique	ʔ ɛ n̪ ɾ iː x ɛ
Enriquez	ʔ ɛ n̪ ɾ iː x ɛ s
Ensano	ʔ ɛ n̪ s aː n̪ o
Enteng	ʔ ɛ n̪ t̪ ɛ ŋ
Epikureismo	ʔ ɛ p ɪ x ʊ ɾ ɛ j i s m o
Epikurismo	ʔ ɛ p ɪ x ʊ ɾ i s m o
Epipanya	ʔ ɛ p ɪ p a n̪ j ɐ
Epipanya	ʔ ɛ p ɪ p aː ɲ ɐ
Erap	ʔ ɛː ɾ ɐ p̚
Erfe	ʔ ɛ ɾ f ɛ
Erfe	ʔ ɛ ɾ p ɛ
Erning	ʔ ɛ ɾ n̪ ɪ ŋ
Ersegobina	ʔ ɛ ɾ s ɛ ɣ o b iː n̪ ɐ
Escalante	ʔ ɛ s k ɐ l a n̪ t̪ ɛ
Escalona	ʔ ɛ s k ɐ l oː n̪ ɐ
Escamillas	ʔ ɛ s k ɐ m i l j ɐ s
Escaño	ʔ ɛ s k a n̪ j o
Escaño	ʔ ɛ s k aː ɲ o
Escobido	ʔ ɛ s k o b iː d̪ o
Escovido	ʔ ɛ s k o b iː d̪ o
Escovido	ʔ ɛ s k o v iː d̪ o
Escuadro	ʔ ɛ s k w aː d̪ ɾ o
Escueta	ʔ ɛ s k w ɛː t̪ ɐ
Esguerra	ʔ ɛ s ɡ ɛː ɾ ɐ
Eskorpiyo	ʔ ɛ s k o ɾ p j o
Eskosya	ʔ ɛ s k o s j ɐ
Eskosya	ʔ ɛ s k oː ʃ ɐ
Eslobakya	ʔ ɛ s l o b a k j ɐ
Eslobenya	ʔ ɛ s l o b ɛ n̪ j ɐ
Eslobenya	ʔ ɛ s l o b ɛː ɲ ɐ
Esmeralda	ʔ ɛ s m ɛ ɾ a l d̪ ɐ
Espanya	ʔ ɛ s p a n̪ j ɐ
Espanya	ʔ ɛ s p aː ɲ ɐ
Espanyol	ʔ ɛ s p ɐ n ɲ o l
Espanyol	ʔ ɛ s p ɐ n̪ j o l
Espanyola	ʔ ɛ s p ɐ n ɲ oː l ɐ
Espanyola	ʔ ɛ s p ɐ n̪ j oː l ɐ
España	ʔ ɛ s p a n̪ j ɐ
España	ʔ ɛ s p aː ɲ ɐ
Espeleta	ʔ ɛ s p ɛ l ɛː t̪ ɐ
Esperantista	ʔ ɛ s p ɛ ɾ ɐ n̪ t̪ i s t̪ ɐ
Esperanto	ʔ ɛ s p ɛ ɾ a n̪ t̪ o
Esperanza	ʔ ɛ s p ɛ ɾ a n̪ s ɐ
Esperanza	ʔ ɛ s p ɛ ɾ a n̪ z ɐ
Espina	ʔ ɛ s p iː n̪ ɐ
Espino	ʔ ɛ s p iː n̪ o
Espinosa	ʔ ɛ s p ɪ n̪ oː s ɐ
Espinoza	ʔ ɛ s p ɪ n̪ oː s ɐ
Espinoza	ʔ ɛ s p ɪ n̪ oː z ɐ
Espiritu	ʔ ɛ s p iː ɾ ɪ t̪ ʊ
Esquivel	ʔ ɛ s k ɪ b ɛ l
Esquivel	ʔ ɛ s k ɪ v ɛ l
Estabillo	ʔ ɛ s t̪ ɐ b i l j o
Este	ʔ ɛ s t̪ ɛ
Estigoy	ʔ ɛ s t̪ ɪ ɣ o ɪ̯
Estonya	ʔ ɛ s t̪ o n̪ j ɐ
Estonya	ʔ ɛ s t̪ oː ɲ ɐ
Estrada	ʔ ɛ s t̪ ɾ aː d̪ ɐ
Estrella	ʔ ɛ s t̪ ɾ ɛ l j ɐ
Ethel	ʔ ɛː t̪ ɛ l
Etivac	ʔ ɛː t̪ ɪ b a k̚
Etivac	ʔ ɛː t̪ ɪ v a k̚
Etiyopiya	ʔ ɛ t̪ j o p iː j ɐ
Etiyopiya	ʔ ɛ t͡ʃ o p iː j ɐ
Eugenio	j ʊ h ɛ n̪ j o
Eugenio	j ʊ h ɛː ɲ o
Eugenio	ʔ e ʊ̯ h ɛ n̪ j o
Eugenio	ʔ e ʊ̯ h ɛː ɲ o
Eukaristiya	j ʊ x ɐ ɾ i s t̪ j ɐ
Eukaristiya	j ʊ x ɐ ɾ i s t͡ʃ ɐ
Eukaristiya	j ʊ x ɐ ɾ ɪ s t̪ iː j ɐ
Euklides	j ʊ k l iː d̪ ɛ s
Euklides	ʔ e ʊ̯ k l iː d̪ ɛ s
Europa	j ʊ ɾ oː p ɐ
Europa	ʔ e ʊ̯ ɾ oː p ɐ
Europeo	j ʊ ɾ o p ɛː j o
Eva	ʔ ɛː b ɐ
Eva	ʔ ɛː v ɐ
Evan	ʔ ɛː b ɐ n̪
Evan	ʔ ɛː v ɐ n̪
Evangeline	ʔ ɛ b a n̪ d̪ j ɛ l ɪ n̪
Evangeline	ʔ ɛ b a n̪ d͡ʒ ɛ l ɪ n̪
Evangeline	ʔ ɛ v a n̪ d͡ʒ ɛ l ɪ n̪
Evangelista	ʔ ɛ b ɐ ŋ h ɛ l i s t̪ ɐ
Evangelista	ʔ ɛ v ɐ ŋ h ɛ l i s t̪ ɐ
Evasco	ʔ ɛ b a s k o
Evasco	ʔ ɛ v a s k o
Exconde	ʔ ɛ k s k o n̪ d̪ ɛ
Ezra	ʔ ɛ s ɾ ɐ
Ezra	ʔ ɛ z ɾ ɐ
F	f
F	p
F	ʔ ɛ f
F	ʔ ɛ p̚
F	ʔ ɛː f ɛ
F	ʔ ɛː p ɛ
Fabian	f ɐ b j a n̪
Fabian	p ɐ b j a n̪
Fabregas	f a b ɾ ɛ ɣ a s
Fabregas	p a b ɾ ɛ ɣ a s
Fabros	f a b ɾ o s
Fabros	p a b ɾ o s
Facebook	f e ɪ̯ s b ʊ k̚
Facebook	p e ɪ̯ s b ʊ k̚
Fagestrom	f aː ɣ ɛ s t̪ ɾ o m
Fagestrom	p aː ɣ ɛ s t̪ ɾ o m
Fairview	f e ɪ̯ ɾ v j ʊ
Fairview	p e ɪ̯ ɾ b j ʊ
Faith	f e ɪ̯ t̪
Faith	p e ɪ̯ t̪
Fajardo	f ɐ h a ɾ d̪ o
Fajardo	p ɐ h a ɾ d̪ o
Fajiculay	f ɐ h ɪ x ʊ l a ɪ̯
Fajiculay	p ɐ h ɪ x ʊ l a ɪ̯
Falcon	f ɐ l k o n̪
Falcon	p ɐ l k o n̪
Faltado	f ɐ l t̪ aː d̪ o
Faltado	p ɐ l t̪ aː d̪ o
Fandiño	f ɐ n̪ d̪ iː ɲ o
Fandiño	p ɐ n̪ d̪ i n̪ j o
Fandiño	p ɐ n̪ d̪ iː ɲ o
Fariseo	f ɐ ɾ ɪ s ɛː j o
Fariseo	p ɐ ɾ ɪ s ɛː j o
Fariñas	f ɐ ɾ iː ɲ ɐ s
Fariñas	p ɐ ɾ i n̪ j ɐ s
Fariñas	p ɐ ɾ iː ɲ ɐ s
Farrales	f ɐ ɾ aː l ɛ s
Farrales	p ɐ ɾ aː l ɛ s
Feliciano	f ɛ l ɪ ʃ aː n̪ o
Feliciano	p ɛ l ɪ s j aː n̪ o
Feliciano	p ɛ l ɪ ʃ aː n̪ o
Felicidad	f ɛ l ɪ s ɪ d̪ a d̪̚
Felicidad	p ɛ l ɪ s ɪ d̪ a d̪̚
Felicity	f ɛ l iː s ɪ t̪ ɪ
Felicity	p ɛ l iː s ɪ t̪ ɪ
Feling	f ɛ l ɪ ŋ
Feling	p ɛ l ɪ ŋ
Felisa	f ɛ l iː s ɐ
Felisa	p ɛ l iː s ɐ
Felix	f ɛː l ɪ k s
Felix	p ɛː l ɪ k s
Felix	p ɛː l ɪ s
Fely	f ɛː l ɪ
Fely	p ɛː l ɪ
Ferdie	f ɛ ɾ d̪ ɪ
Ferdie	p ɛ ɾ d̪ ɪ
Ferido	f ɛ ɾ iː d̪ o
Ferido	p ɛ ɾ iː d̪ o
Fernandez	f ɛ ɾ n̪ a n̪ d̪ ɛ s
Fernandez	p ɛ ɾ n̪ a n̪ d̪ ɛ s
Fernando	f ɛ ɾ n̪ a n̪ d̪ o
Fernando	p ɛ ɾ n̪ a n̪ d̪ o
Ferrer	f ɛ ɾ ɛ ɾ
Ferrer	p ɛ ɾ ɛ ɾ
Ferriols	f ɛ ɾ j o l s
Ferriols	p ɛ ɾ j o l s
Ferrol	f ɛ ɾ o l
Ferrol	p ɛ ɾ o l
Festejo	f ɛ s t̪ ɛː h o
Festejo	p ɛ s t̪ ɛː h o
Festi	f ɛ s t̪ ɪ
Festi	p ɛ s t̪ ɪ
Fidel	f ɪ d̪ ɛ l
Fidel	p ɪ d̪ ɛ l
Figueras	f ɪ ɣ ɛː ɾ ɐ s
Figueras	p ɪ ɣ ɛː ɾ ɐ s
Figueroa	f ɪ ɣ ɛ ɾ oː w ɐ
Figueroa	p ɪ ɣ ɛ ɾ oː w ɐ
Filipina	f ɪ l ɪ p iː n̪ ɐ
Filipina	p ɪ l ɪ p iː n̪ ɐ
Filipinas	f ɪ l ɪ p iː n̪ ɐ s
Filipinas	p ɪ l ɪ p iː n̪ ɐ s
Filipino	f ɪ l ɪ p iː n̪ o
Filipino	p ɪ l ɪ p iː n̪ o
Fiscal	f ɪ s k a l
Fiscal	p ɪ s k a l
Flojo	f l oː h o
Flojo	p l oː h o
Flor	f l o ɾ
Flor	p l o ɾ
Flora	f l oː ɾ ɐ
Flora	p l oː ɾ ɐ
Florence	f l oː ɾ ɛ n̪ s
Florence	p l oː ɾ ɛ n̪ s
Florendo	f l o ɾ ɛ n̪ d̪ o
Florendo	p l o ɾ ɛ n̪ d̪ o
Flores	f l oː ɾ ɛ s
Flores	p l oː ɾ ɛ s
Florita	f l o ɾ iː t̪ ɐ
Florita	p l o ɾ iː t̪ ɐ
Fojas	f oː h ɐ s
Fojas	p oː h ɐ s
Fonacier	f o n̪ ɐ ʃ ɛ ɾ
Fonacier	p o n̪ ɐ s j ɛ ɾ
Fonacier	p o n̪ ɐ ʃ ɛ ɾ
Fontanilla	f o n̪ t̪ ɐ n̪ i l j ɐ
Fontanilla	p o n̪ t̪ ɐ n̪ i l j ɐ
Fontelera	f o n̪ t̪ ɛ l ɛː ɾ ɐ
Fontelera	p o n̪ t̪ ɛ l ɛː ɾ ɐ
Fontillas	f o n̪ t̪ i l j ɐ s
Fontillas	p o n̪ t̪ i l j ɐ s
Forteza	f o ɾ t̪ ɛː z ɐ
Forteza	p o ɾ t̪ ɛː s ɐ
Fortich	f o ɾ t̪ ɪ t͡ʃ
Fortich	p o ɾ t̪ ɪ t̪ s
Fortich	p o ɾ t̪ ɪ t͡ʃ
Francine	f ɾ ɐ n̪ s ɪ n̪
Francine	p ɾ ɐ n̪ s ɪ n̪
Francisca	f ɾ ɐ n̪ s i s k ɐ
Francisca	p ɾ ɐ n̪ s i s k ɐ
Francisco	f ɾ ɐ n̪ s i s k o
Francisco	p ɾ ɐ n̪ s i s k o
Franco	f ɾ a ŋ k o
Franco	p ɾ a ŋ k o
Frias	f ɾ iː j ɐ s
Frias	p ɾ iː j ɐ s
Froilan	f ɾ o ɪ̯ l ɐ n̪
Froilan	p ɾ o ɪ̯ l ɐ n̪
Fronda	f ɾ o n̪ d̪ ɐ
Fronda	p ɾ o n̪ d̪ ɐ
Fuentebella	f w ɛ n̪ t̪ ɛ b ɛ l j ɐ
Fuentebella	p w ɛ n̪ t̪ ɛ b ɛ l j ɐ
Fuentes	f w ɛ n̪ t̪ ɛ s
Fuentes	p w ɛ n̪ t̪ ɛ s
Fujihara	f ʊ d͡ʒ ɪ h aː ɾ ɐ
Fujihara	p ʊ d̪ j ɪ h aː ɾ ɐ
Fujihara	p ʊ d͡ʒ ɪ h aː ɾ ɐ
Fujii	f uː d͡ʒ ɪ
Fujii	p u d̪ j ɪ
Fujii	p uː d͡ʒ ɪ
Fujikawa	f ʊ d͡ʒ ɪ x aː w ɐ
Fujikawa	p ʊ d̪ j ɪ x aː w ɐ
Fujikawa	p ʊ d͡ʒ ɪ x aː w ɐ
Fujimori	f ʊ d͡ʒ ɪ m oː ɾ ɪ
Fujimori	p ʊ d̪ j ɪ m oː ɾ ɪ
Fujimori	p ʊ d͡ʒ ɪ m oː ɾ ɪ
Fujimoto	f ʊ d͡ʒ ɪ m oː t̪ o
Fujimoto	p ʊ d̪ j ɪ m oː t̪ o
Fujimoto	p ʊ d͡ʒ ɪ m oː t̪ o
Fujimura	f ʊ d͡ʒ ɪ m uː ɾ ɐ
Fujimura	p ʊ d̪ j ɪ m uː ɾ ɐ
Fujimura	p ʊ d͡ʒ ɪ m uː ɾ ɐ
Fujinami	f ʊ d͡ʒ ɪ n̪ aː m ɪ
Fujinami	p ʊ d̪ j ɪ n̪ aː m ɪ
Fujinami	p ʊ d͡ʒ ɪ n̪ aː m ɪ
Fujino	f ʊ d͡ʒ iː n̪ o
Fujino	p ʊ d̪ j iː n̪ o
Fujino	p ʊ d͡ʒ iː n̪ o
Fujisaki	f ʊ d͡ʒ ɪ s aː x ɪ
Fujisaki	p ʊ d̪ j ɪ s aː x ɪ
Fujisaki	p ʊ d͡ʒ ɪ s aː x ɪ
Fujisawa	f ʊ d͡ʒ ɪ s aː w ɐ
Fujisawa	p ʊ d̪ j ɪ s aː w ɐ
Fujisawa	p ʊ d͡ʒ ɪ s aː w ɐ
Fujishima	f ʊ d͡ʒ ɪ ʃ iː m ɐ
Fujishima	p ʊ d̪ j ɪ s j iː m ɐ
Fujishima	p ʊ d͡ʒ ɪ ʃ iː m ɐ
Fujiwara	f ʊ d͡ʒ ɪ w aː ɾ ɐ
Fujiwara	p ʊ d̪ j ɪ w aː ɾ ɐ
Fujiwara	p ʊ d͡ʒ ɪ w aː ɾ ɐ
Fujiyama	f ʊ d͡ʒ ɪ j aː m ɐ
Fujiyama	p ʊ d̪ j ɪ j aː m ɐ
Fujiyama	p ʊ d͡ʒ ɪ j aː m ɐ
Fukien	f u k j ɛ n̪
Fukien	p u k j ɛ n̪
Fukuchi	f ʊ x uː t͡ʃ ɪ
Fukuchi	p ʊ x u t̪ s ɪ
Fukuchi	p ʊ x uː t͡ʃ ɪ
Fukuda	f ʊ x uː d̪ ɐ
Fukuda	p ʊ x uː d̪ ɐ
Fukui	f ʊ x uː w ɪ
Fukui	p ʊ x uː w ɪ
Fukumori	f ʊ x ʊ m oː ɾ ɪ
Fukumori	p ʊ x ʊ m oː ɾ ɪ
Fukumoto	f ʊ x ʊ m oː t̪ o
Fukumoto	p ʊ x ʊ m oː t̪ o
Fukunaga	f ʊ x ʊ n̪ aː ɣ ɐ
Fukunaga	p ʊ x ʊ n̪ aː ɣ ɐ
Fukuoka	f ʊ k w oː x ɐ
Fukuoka	p ʊ k w oː x ɐ
Fukushima	f ʊ x ʊ ʃ iː m ɐ
Fukushima	p ʊ x ʊ s j iː m ɐ
Fukushima	p ʊ x ʊ ʃ iː m ɐ
Fukuyama	f ʊ x ʊ j aː m ɐ
Fukuyama	p ʊ x ʊ j aː m ɐ
Fulgencio	f ʊ l h ɛ n̪ ʃ o
Fulgencio	p ʊ l h ɛ n̪ s j o
Fulgencio	p ʊ l h ɛ n̪ ʃ o
Fung	f ʊ ŋ
Fung	p ʊ ŋ
Furagganan	f ʊ ɾ ɐ ɡ ɡ aː n̪ ɐ n̪
Furagganan	p ʊ ɾ ɐ ɡ ɡ aː n̪ ɐ n̪
Furuichi	f ʊ ɾ w iː t͡ʃ ɪ
Furuichi	p ʊ ɾ w i t̪ s ɪ
Furuichi	p ʊ ɾ w iː t͡ʃ ɪ
Furukawa	f ʊ ɾ ʊ x aː w ɐ
Furukawa	p ʊ ɾ ʊ x aː w ɐ
G	d̪ j
G	d̪ j ɪ
G	d͡ʒ
G	d͡ʒ ɪ
G	h
G	h ɛ
G	s
G	ɡ
G	ɡ a
G	ɣ
GAMABA	ɡ ɐ m aː b ɐ
GG	d̪ j iː d̪ j ɪ
GG	d͡ʒ iː d͡ʒ ɪ
Gabaldon	ɡ ɐ b ɐ l d̪ o n̪
Gabay	ɡ ɐ b a ɪ̯
Gabon	ɡ ɐ b o n̪
Gabriel	ɡ ɐ b ɾ j ɛ l
Gabrielle	ɡ ɐ b ɾ j ɛ l
Gacula	ɡ aː x ʊ l a
Gacusan	ɡ ɐ x uː s ɐ n̪
Gacutan	ɡ ɐ x uː t̪ ɐ n̪
Gadang	ɡ a ʔ d̪ ɐ ŋ
Gadang	ɡ aː d̪ ɐ ŋ
Gadon	ɡ ɐ d̪ o n̪
Gadungan	ɡ ɐ d̪ uː ŋ ɐ n̪
Gaffud	ɡ aː f ʊ d̪̚
Gaffud	ɡ aː p ʊ d̪̚
Gagalac	ɡ ɐ ɣ aː l ɐ k̚
Gail	ɡ e ɪ̯ l
Gainza	ɡ a ɪ̯ n̪ s ɐ
Gainza	ɡ a ɪ̯ n̪ z ɐ
Gaisano	ɡ a ɪ̯ s aː n̪ o
Galang	ɡ aː l ɐ ŋ
Gales	ɡ aː l ɛ s
Gales	ɡ ɐ l ɛ s
Galisyana	ɡ ɐ l ɪ s j aː n̪ ɐ
Galisyana	ɡ ɐ l ɪ ʃ aː n̪ ɐ
Galisyano	ɡ ɐ l ɪ s j aː n̪ o
Galisyano	ɡ ɐ l ɪ ʃ aː n̪ o
Galiyego	ɡ ɐ l j ɛː ɣ o
Gallardo	ɡ ɐ l j a ɾ d̪ o
Gallo	ɡ a l j o
Galura	ɡ ɐ l uː ɾ ɐ
Galyego	ɡ ɐ l j ɛː ɣ o
Gamboa	ɡ ɐ m b oː w ɐ
Gamiao	ɡ ɐ m j a ʊ̯
Gan	ɡ a n̪
Gancayco	ɡ ɐ ŋ k a ɪ̯ x o
Ganzon	ɡ ɐ n̪ s o n̪
Ganzon	ɡ ɐ n̪ z o n̪
Gao	k a ʊ̯
Gao	ɡ a ʊ̯
Gaoiran	ɡ ɐ w iː ɾ ɐ n̪
Gapan	ɡ ɐ p a n̪
Gapo	ɡ ɐ p o
Garachico	ɡ ɐ ɾ ɐ t t͡ʃ iː x o
Garachico	ɡ ɐ ɾ ɐ t̪ s iː x o
Garay	ɡ ɐ ɾ a ɪ̯
Garces	ɡ a ɾ s ɛ s
Garchitorena	ɡ ɐ ɾ t͡s ɪ t̪ o ɾ ɛː n̪ ɐ
Garchitorena	ɡ ɐ ɾ t͡ʃ ɪ t̪ o ɾ ɛː n̪ ɐ
Garcia	ɡ ɐ ɾ s iː j ɐ
Garciano	ɡ ɐ ɾ s j aː n̪ o
Garciano	ɡ ɐ ɾ ʃ aː n̪ o
Gary	ɡ aː ɾ ɪ
Gary	ɡ ɛː ɾ ɪ
Gascon	ɡ ɐ s k o n̪
Gaston	ɡ ɐ s t̪ o n̪
Gat	ɡ a t̪̚
Gatan	ɡ aː t̪ ɐ n̪
Gatbonton	ɡ ɐ t̪ b o n̪ t̪ o n̪
Gatchalian	ɡ ɐ t t͡ʃ ɐ l j a n̪
Gatchalian	ɡ ɐ t̪ s ɐ l j a n̪
Gatdula	ɡ ɐ t̪ d̪ uː l ɐ ʔ
Gatmaitan	ɡ ɐ t̪ m a ɪ̯ t̪ a n̪
Gatpandan	ɡ ɐ t̪ p ɐ n̪ d̪ a n̪
Gattaran	ɡ ɐ t̪ t̪ aː ɾ ɐ n̪
Gavilan	ɡ ɐ b ɪ l a n̪
Gavilan	ɡ ɐ v ɪ l a n̪
Gaviola	ɡ ɐ b j oː l ɐ
Gaviola	ɡ ɐ v j oː l ɐ
Gay	ɡ e ɪ̯
Gemma	d̪ j ɛː m ɐ
Gemma	d͡ʒ ɛː m ɐ
Geraldine	d̪ j ɛː ɾ ɐ l d̪ ɪ n̪
Geraldine	d͡ʒ ɛː ɾ ɐ l d̪ ɪ n̪
Gerda	ɡ ɛ ɾ d̪ ɐ
Gerodias	h ɛ ɾ o d̪ iː j ɐ s
Gerodias	h ɛ ɾ o d̪ j ɐ s
Gerodias	h ɛ ɾ oː d͡ʒ ɐ s
Geron	h ɛ ɾ o n̪
Geronimo	h ɛ ɾ oː n̪ ɪ m o
Getafe	h ɛ t̪ aː f ɛ
Getafe	h ɛ t̪ aː p ɛ
Gigmoto	h ɪ ɡ m oː t̪ o
Gigmoto	ɡ ɪ ɡ m oː t̪ o
Gilberto	h ɪ l b ɛ ɾ t̪ o
Gilberto	ɡ ɪ l b ɛ ɾ t̪ o
Giligoryo	ɡ ɪ l ɪ ɣ o ɾ j o
Gina	d̪ j iː n̪ ɐ
Gina	d͡ʒ iː n̪ ɐ
Ginang	ɡ iː n̪ ɐ ŋ
Ginatilan	ɡ ɪ n̪ ɐ t̪ ɪ l a n̪
Gingoog	h ɪ ŋ oː ʔ o ɡ̚
Gining	ɡ iː n̪ ɪ ŋ
Ginoo	ɡ ɪ n̪ o ʔ o
Ginoo	ɡ ɪ n̪ oː ʔ o
Giporlos	h ɪ p o ɾ l o s
Girlie	ɡ ə ɹ l ɪ
Girlie	ɡ ɛ ɾ l ɪ
Giron	h ɪ ɾ o n̪
Gloria	ɡ l o ɾ j ɐ
Go	ɡ o
Goa	ɡ oː w ɐ
Godiñez	ɡ o d̪ i n̪ j ɛ s
Godiñez	ɡ o d̪ iː ɲ ɛ s
Godoy	ɡ o d̪ o ɪ̯
Goh	ɡ o
Gokongwei	ɡ oː x o ŋ w e ɪ̯
Golgilawas	ɡ o l ɡ ɪ l aː w ɐ s
Gomburza	ɡ o m b u ɾ s ɐ
Gomburza	ɡ o m b u ɾ z ɐ
Gomez	ɡ oː m ɛ s
Gonda	ɡ o n̪ d̪ ɐ
Gonzaga	ɡ o n̪ s aː ɣ ɐ
Gonzaga	ɡ o n̪ z aː ɣ ɐ
Gonzales	ɡ o n̪ s aː l ɛ s
Gonzales	ɡ o n̪ z aː l ɛ s
Gordiyano	ɡ o ɾ d̪ j aː n̪ o
Gordiyano	ɡ o ɾ d͡ʒ aː n̪ o
Gordyano	ɡ o ɾ d̪ j aː n̪ o
Gordyano	ɡ o ɾ d͡ʒ aː n̪ o
Gorospe	ɡ o ɾ o s p ɛ
Gorriceta	ɡ o ɾ ɪ s ɛː t̪ ɐ
Goryo	ɡ o ɾ j o
Gosiengfiao	ɡ o s j ɛ ŋ p j a ʊ̯
Gosiengfiao	ɡ o ʃ ɛ ŋ f j a ʊ̯
Gosiengfiao	ɡ o ʃ ɛ ŋ p j a ʊ̯
Gotamco	ɡ o t̪ a m k o
Gotianun	ɡ o t t͡ʃ aː n̪ ʊ n̪
Gotianun	ɡ o t̪ j aː n̪ ʊ n̪
Gotiko	ɡ oː t̪ ɪ x o
Goyo	ɡ oː j o
Goyong	ɡ oː j o ŋ
Gozon	ɡ oː s o n̪
Gozon	ɡ oː z o n̪
Grace	ɡ ɾ e ɪ̯ s
Greg	ɡ ɾ ɛ ɡ̚
Gregorio	ɡ ɾ ɛ ɣ o ɾ j o
Gregoryano	ɡ ɾ ɛ ɣ o ɾ j aː n̪ o
Gresya	ɡ ɾ ɛ s j ɐ
Gresya	ɡ ɾ ɛː ʃ ɐ
Gretchen	ɡ ɾ ɛ t̪ s ɛ n̪
Gretchen	ɡ ɾ ɛː t͡ʃ ɛ n̪
Griyega	ɡ ɾ j ɛ ɣ ɐ
Griyego	ɡ ɾ j ɛ ɣ o
Groenlandiya	ɡ ɾ o w ɛ n̪ l ɐ n̪ d̪ iː j ɐ
Guagua	ɡ w aː ɡ w ɐ
Guanzon	ɡ w ɐ n̪ s o n̪
Guanzon	ɡ w ɐ n̪ z o n̪
Gubat	ɡ uː b ɐ t̪̚
Gue	ɡ ɛ
Guerra	ɡ ɛː ɾ ɐ
Guerrero	ɡ ɛ ɾ ɛː ɾ o
Guevara	ɡ ɛ b aː ɾ ɐ
Guevara	ɡ ɛ v aː ɾ ɐ
Guevarra	ɡ ɛ b aː ɾ ɐ
Guevarra	ɡ ɛ v aː ɾ ɐ
Guico	ɡ iː x o
Guico	ɡ w iː x o
Guidote	ɡ ɪ d̪ oː t̪ ɛ
Guiguinto	ɡ ɪ ɣ ɪ n̪ t̪ o ʔ
Guilalas	ɡ ɪ l aː l ɐ s
Guillermo	ɡ ɪ l j ɛ ɾ m o
Guimaras	ɡ ɪ m ɐ ɾ a s
Guimba	ɡ i m b ɐ
Guinayangan	ɡ ɪ n̪ ɐ j aː ŋ ɐ n̪
Guindulman	ɡ ɪ n̪ d̪ u l m ɐ n̪
Guingona	ɡ ɪ ŋ ɡ oː n̪ ɐ
Guinhawa	ɡ ɪ n̪ h aː w ɐ
Guinhawa	ɡ ɪ n̪ h aː w ɐ ʔ
Guinobatan	ɡ ɪ n̪ o b aː t̪ ɐ n̪
Guinsiliban	ɡ ɪ n̪ s ɪ l iː b ɐ n̪
Guinto	ɡ i n̪ t̪ o
Guiting	ɡ iː t̪ ɪ ŋ
Guiuan	ɡ iː w ɐ n̪
Gulod	ɡ uː l o d̪̚
Gumaca	ɡ ʊ m aː x ɐ
Gumapac	ɡ ʊ m aː p ɐ k̚
Gumiran	ɡ ʊ m iː ɾ ɐ n̪
Guo	k w o
Guo	ɡ uː w o
Guo	ɡ uː ʔ o
Guo	ɡ w o
Gupit	ɡ ʊ p ɪ t̪̚
Guwam	ɡ w a m
Guwatemala	ɡ w ɐ t̪ ɛ m aː l ɐ
Guyana	ɡ ʊ j aː n̪ ɐ
Guzman	ɡ ʊ s m a n̪
Gwen	ɡ w ɛ n̪
G̃	ŋ
H	h
H	h a
H	ʔ a t̪ s ɛ
H	ʔ aː t͡ʃ ɛ
H	ʔ e ɪ̯ t̪ s
H	ʔ e ɪ̯ t͡ʃ
H	ʔ ɛ t̪ s
H	ʔ ɛ t͡ʃ
Haba	h aː b ɐ
Habana	h ɐ b aː n̪ ɐ
Habanes	h ɐ b ɐ n̪ ɛ s
Habanesa	h ɐ b ɐ n̪ ɛː s ɐ
Hagonoy	h ɐ ɣ oː n̪ o ɪ̯
Halasan	h ɐ l aː s ɐ n̪
Halili	h ɐ l iː l ɪ
Halimaw	h ɐ l iː m a ʊ̯
Halimbawa	h ɐ l ɪ m b aː w ɐ ʔ
Hamaguchi	h ɐ m ɐ ɣ u t̪ s ɪ
Hamaguchi	h ɐ m ɐ ɣ uː t͡ʃ ɪ
Hamayka	h ɐ m a ɪ̯ x ɐ
Hamtic	h ɐ m t̪ ɪ k̚
Hanako	h ɐ n̪ aː x o
Hannah	h aː n̪ ɐ
Hanseatiko	h ɐ n̪ s ɛ j aː t̪ ɪ x o
Hanunoo	h ɐ n̪ ʊ n̪ o ʔ o
Hanunoo	h ɐ n̪ ʊ n̪ oː ʔ o
Hanunuo	h ɐ n̪ ʊ n̪ uː ʔ o
Hapon	h ɐ p o n̪
Hapones	h ɐ p o n̪ ɛ s
Haponesa	h ɐ p o n̪ ɛː s ɐ
Hari	h aː ɾ ɪ ʔ
Haruko	h aː ɾ ʊ x o
Harun	h aː ɾ ʊ n̪
Hasegawa	h ɐ s ɛ ɣ aː w ɐ
Hashimoto	h ɐ s j ɪ m oː t̪ o
Hashimoto	h ɐ ʃ ɪ m oː t̪ o
Hatague	h ɐ t̪ aː ɣ ɛ
Hatague	ʔ ɐ t̪ aː ɣ ɛ
Hatsuko	h ɐ t͡s uː x o
Hatulan	h ɐ t̪ uː l ɐ n̪
Hau	h a ʊ̯
Haw	h a ʊ̯
Hawa	h ɐ w a ʔ
Haway	h ɐ w a ɪ̯
Hawayana	h ɐ w ɐ j aː n̪ ɐ
Hawayano	h ɐ w ɐ j aː n̪ o
Hayag	h aː j ɐ ɡ̚
Hayashi	h ɐ j a s j ɪ
Hayashi	h ɐ j aː ʃ ɪ
Hayupan	h ɐ j uː p ɐ n̪
Hazel	h e ɪ̯ s ɛ l
Hazel	h e ɪ̯ z ɛ l
Heart	h a ɹ t̪
Heather	h ɛː d̪ ɛ ɾ
Hehoba	h ɛ h oː b ɐ
Heidi	h a ɪ̯ d̪ ɪ
Hekasi	h ɛː x ɐ s ɪ
Heminis	h ɛː m ɪ n̪ ɪ s
Henesis	h ɛ n̪ ɛː s ɪ s
Henesis	h ɛː n̪ ɛ s ɪ s
Heng	h ɛ ŋ
Henry	h ɛ n̪ ɾ ɪ
Henson	h ɛ n̪ s o n̪
Heoba	h ɛ j o b a
Heorhiya	h ɛ j o ɾ h j ɐ
Heorhiyana	h ɛ j o ɾ h j aː n̪ ɐ
Heorhiyano	h ɛ j o ɾ h j aː n̪ o
Herminio	h ɛ ɾ m i n̪ j o
Herminio	h ɛ ɾ m iː ɲ o
Hermogenes	h ɛ ɾ m o h ɛː n̪ ɛ s
Hermogenes	h ɛ ɾ m oː h ɛ n̪ ɛ s
Hermogenes	ʔ ɛ ɾ m o h ɛː n̪ ɛ s
Hermogenes	ʔ ɛ ɾ m oː h ɛ n̪ ɛ s
Hermosa	h ɛ ɾ m oː s ɐ
Hermosa	ʔ ɛ ɾ m oː s ɐ
Hernandez	h ɛ ɾ n̪ a n̪ d̪ ɛ s
Hernandez	ʔ ɛ ɾ n̪ a n̪ d̪ ɛ s
Hernani	h ɛ ɾ n̪ aː n̪ ɪ
Herradura	h ɛ ɾ ɐ d̪ uː ɾ ɐ
Herradura	ʔ ɛ ɾ ɐ d̪ uː ɾ ɐ
Herusalem	h ɛ ɾ uː s ɐ l ɛ m
Herusalem	h ɛ ɾ ʊ s ɐ l ɛ m
Herusalen	h ɛ ɾ ʊ s ɐ l ɛ n̪
Hesukristo	h ɛ s ʊ k ɾ i s t̪ o
Hesus	h ɛ s ʊ s
Heswita	h ɛ s w iː t̪ ɐ
Heyorhiyana	h ɛ j o ɾ h j aː n̪ ɐ
Heyorhiyano	h ɛ j o ɾ h j aː n̪ o
Hideo	h ɪ d̪ ɛː j o
Hilaga	h ɪ l aː ɣ ɐ ʔ
Hilario	h ɪ l a ɾ j o
Hilario	ʔ ɪ l a ɾ j o
Hilda	h i l d̪ ɐ
Hiligaynon	h ɪ l ɪ ɣ a ɪ̯ n̪ o n̪
Hillside	h i l s a ɪ̯ d̪
Himamaylan	h ɪ m ɐ m a ɪ̯ l ɐ n̪
Hinagpis	h ɪ n̪ ɐ ɡ p ɪ s
Hinagpisan	h ɪ n̪ ɐ ɡ p iː s ɐ n̪
Hinduismo	h ɪ n̪ d̪ w i s m o
Hingyon	h ɪ ŋ j o n̪
Hipolito	h ɪ p oː l ɪ t̪ o
Hipolito	ʔ ɪ p oː l ɪ t̪ o
Hiroko	h ɪ ɾ oː x o
Hisashi	h ɪ s a s j ɪ
Hisashi	h ɪ s aː ʃ ɪ
Hispanismo	h ɪ s p ɐ n̪ i s m o
Hiwatig	h ɪ w aː t̪ ɪ ɡ̚
Hizon	h iː s o n̪
Hizon	h iː z o n̪
Ho	h o
Hojo	h o d̪ j o
Hojo	h oː d͡ʒ o
Hokkien	h o k j ɛ n̪
Holandes	h o l ɐ n̪ d̪ ɛ s
Holofernes	h o l o f ɛ ɾ n̪ ɛ s
Holofernes	h o l o p ɛ ɾ n̪ ɛ s
Holofernes	ʔ o l o f ɛ ɾ n̪ ɛ s
Holofernes	ʔ o l o p ɛ ɾ n̪ ɛ s
Holon	h o l o n̪
Hong	h o ŋ
Hongkong	h o ŋ k o ŋ
Hontiveros	ʔ o n̪ t̪ ɪ b ɛː ɾ o s
Hontiveros	ʔ o n̪ t̪ ɪ v ɛː ɾ o s
Hope	h o ʊ̯ p
Hortaleza	h o ɾ t̪ ɐ l ɛː s ɐ
Hortaleza	h o ɾ t̪ ɐ l ɛː z ɐ
Hortaleza	ʔ o ɾ t̪ ɐ l ɛː s ɐ
Huang	h w a ŋ
Hudaismo	h ʊ d̪ ɐ j i s m o
Hudas	h uː d̪ ɐ s
Hudayismo	h ʊ d̪ ɐ j i s m o
Hudiyo	h ʊ d̪ iː j o
Hudyo	h ʊ d d͡ʒ o
Hudyo	h ʊ d̪ j o
Huk	h ʊ k̚
Hukbalahap	h ʊ k b ɐ l ɐ h a p̚
Hulyo	h u l j o
Humayao	h ʊ m aː j a ʊ̯
Hung	h ʊ ŋ
Hungduan	h ʊ n̪ d̪ uː w ɐ n̪
Hunyo	h u n̪ j o
Hunyo	h uː ɲ o
Hupiter	h uː p ɪ t̪ ɛ ɾ
Huw	h ʊ w
Huwana	h w aː n̪ ɐ
Huwana	h w ɐ n̪ a
Huweb	h w ɛ b̚
Huwebes	h w ɛː b ɛ s
Huwebes	w ɛː b ɛ s
Hwan	h w a n̪
Hwang	h w a ŋ
I	ɪ
I	ʔ a ɪ̯
I	ʔ ɪ
Ian	ʔ iː j ɐ n̪
Iba	ʔ iː b ɐ ʔ
Ibaan	ʔ ɪ b aː ʔ ɐ n̪
Ibajay	ʔ ɪ b ɐ h a ɪ̯
Ibaloy	ʔ ɪ b ɐ l o ɪ̯
Ibarra	ʔ ɪ b aː ɾ ɐ
Ibay	ʔ iː b a ɪ̯
Ibañez	ʔ ɪ b a n̪ j ɛ s
Ibañez	ʔ ɪ b aː ɲ ɛ s
Ibrahim	ʔ ɪ b ɾ ɐ h ɪ m
Icasiano	ʔ ɪ x ɐ s j aː n̪ o
Icasiano	ʔ ɪ x ɐ ʃ aː n̪ o
Icatlo	ʔ ɪ x a t̪ l̪ o
Ichikawa	ʔ ɪ t t͡ʃ ɪ x aː w ɐ
Ichikawa	ʔ ɪ t̪ s ɪ x aː w ɐ
Ichiro	ʔ ɪ t t͡ʃ iː ɾ o
Ichiro	ʔ ɪ t̪ s iː ɾ o
Ifugao	ʔ ɪ f ʊ ɣ a ʊ̯
Ifugao	ʔ ɪ p ʊ ɣ a ʊ̯
Ifugaw	ʔ ɪ f ʊ ɣ a ʊ̯
Ifugaw	ʔ ɪ p ʊ ɣ a ʊ̯
Ignacio	ʔ ɪ ɡ n̪ a s j o
Ignacio	ʔ ɪ ɡ n̪ aː ʃ o
Igorot	ʔ ɪ ɣ o ɾ o t̪̚
Iguig	ʔ ɪ ɣ ɪ ɡ̚
Ike	ʔ iː x ɛ
Iking	ʔ iː x ɪ ŋ
Ikuko	ʔ ɪ x uː x o
Ilacad	ʔ ɪ l aː x ɐ d̪̚
Ilag	ʔ iː l ɐ ɡ̚
Ilagan	ʔ ɪ l aː ɣ ɐ n̪
Ilao	ʔ iː l a ʊ̯
Iligan	ʔ ɪ l iː ɣ ɐ n̪
Ilijan	ʔ ɪ l iː h ɐ n̪
Ilijan	ʔ ɪ l ɪ h a n̪
Ilocos	ʔ ɪ l oː x o s
Iloilo	ʔ ɪ l o ʔ iː l o
Ilokana	ʔ ɪ l o x aː n̪ ɐ
Ilokano	ʔ ɪ l o x aː n̪ o
Iloko	ʔ ɪ l oː x o
Ilonggo	ʔ ɪ l o ŋ ɡ o
Iluko	ʔ ɪ l uː x o
Ilustre	ʔ ɪ l u s t̪ ɾ ɛ
Imamura	ʔ ɪ m ɐ m uː ɾ ɐ
Imelda	ʔ ɪ m ɛ l d̪ ɐ
Impasugong	ʔ ɪ m p ɐ s ʊ ɣ o ŋ
Imperial	ʔ ɪ m p ɛ ɾ j a l
Imus	ʔ iː m ʊ s
Inabanga	ʔ ɪ n̪ ɐ b a ŋ ɡ ɐ
Indang	ʔ ɪ n̪ d̪ a ŋ
Indarapatra	ʔ ɪ n̪ d̪ ɐ ɾ ɐ p a t̪ ɾ ɐ
Indiko	ʔ i n̪ d̪ ɪ x o
Indio	ʔ i n̪ d̪ j o
Indio	ʔ i n̪ d͡ʒ o
Indio	ʔ ɪ n̪ d̪ j o
Indio	ʔ ɪ n̪ d͡ʒ o
Indiya	ʔ i n̪ d̪ j ɐ
Indiya	ʔ i n̪ d͡ʒ ɐ
Indiyan	ʔ i n̪ d̪ j ɐ n̪
Indiyan	ʔ i n̪ d͡ʒ ɐ n̪
Indiyana	ʔ ɪ n̪ d̪ j aː n̪ ɐ
Indiyana	ʔ ɪ n̪ d͡ʒ aː n̪ ɐ
Indiyano	ʔ ɪ n̪ d̪ j aː n̪ o
Indiyano	ʔ ɪ n̪ d͡ʒ aː n̪ o
Indiyo	ʔ ɪ n̪ d̪ j o
Indiyo	ʔ ɪ n̪ d͡ʒ o
Indoismo	ʔ ɪ n̪ d̪ o w i s m o
Indones	ʔ ɪ n̪ d̪ o n̪ ɛ s
Indonesa	ʔ ɪ n̪ d̪ o n̪ ɛː s ɐ
Indonesia	ʔ ɪ n̪ d̪ o n̪ i s j ɐ
Indonesia	ʔ ɪ n̪ d̪ o n̪ iː ʃ ɐ
Indonesia	ʔ ɪ n̪ d̪ o n̪ ɛ s j ɐ
Indonesia	ʔ ɪ n̪ d̪ o n̪ ɛː ʃ ɐ
Indonesya	ʔ ɪ n̪ d̪ o n̪ ɛ s j ɐ
Indonesya	ʔ ɪ n̪ d̪ o n̪ ɛː ʃ ɐ
Indotsina	ʔ ɪ n̪ d̪ o t͡s iː n̪ ɐ
Indotsina	ʔ ɪ n̪ d̪ o t͡ʃ iː n̪ ɐ
Indya	ʔ i n̪ d̪ j ɐ
Indya	ʔ i n̪ d͡ʒ ɐ
Indyano	ʔ ɪ n̪ d̪ j aː n̪ o
Indyano	ʔ ɪ n̪ d͡ʒ aː n̪ o
Infanta	ʔ ɪ m f a n̪ t̪ ɐ
Infanta	ʔ ɪ m p a n̪ t̪ ɐ
Infantahin	ʔ ɪ m f ɐ n̪ t̪ aː h ɪ n̪
Infantahin	ʔ ɪ m p ɐ n̪ t̪ aː h ɪ n̪
Infante	ʔ ɪ m f a n̪ t̪ ɛ
Infante	ʔ ɪ m p a n̪ t̪ ɛ
Inggles	ʔ ɪ ŋ ɡ l ɛ s
Inggo	ʔ ɪ ŋ ɡ o ʔ
Inglatera	ʔ ɪ ŋ ɡ l ɐ t̪ ɛː ɾ ɐ
Ingles	ʔ ɪ ŋ ɡ l ɛ s
Inglesa	ʔ ɪ ŋ ɡ l ɛː s ɐ
Inglesera	ʔ ɪ ŋ ɡ l ɛ s ɛː ɾ ɐ
Inglesero	ʔ ɪ ŋ ɡ l ɛ s ɛː ɾ o
Ingson	ʔ i n̪ s o n̪
Inocencio	ʔ ɪ n̪ o s ɛ n̪ s j o
Inocencio	ʔ ɪ n̪ o s ɛ n̪ ʃ o
Insik	ʔ ɪ n̪ s ɪ k̚
Intramuros	ʔ ɪ n̪ t̪ ɾ ɐ m uː ɾ o s
Intsik	ʔ ɪ n̪ t͡s ɪ k̚
Intsik	ʔ ɪ n̪ t͡ʃ ɪ k̚
Ip	ʔ ɪ p̚
Ipil	ʔ iː p ɪ l
Irak	ʔ ɪ ɾ a k̚
Iran	ʔ ɪ ɾ a n̪
Irene	ʔ a ɪ̯ ɾ ɪ n̪
Iriga	ʔ ɪ ɾ ɪ ɣ a
Irisan	ʔ ɪ ɾ iː s ɐ n̪
Irlanda	ʔ ɪ ɾ l a n̪ d̪ ɐ
Irlandes	ʔ ɪ ɾ l ɐ n̪ d̪ ɛ s
Irlandesa	ʔ ɪ ɾ l ɐ n̪ d̪ ɛː s ɐ
Isa	ʔ iː s ɐ
Isabang	ʔ ɪ s aː b ɐ ŋ
Isabel	ʔ ɪ s ɐ b ɛ l
Isabela	ʔ ɪ s ɐ b ɛː l ɐ
Isagani	ʔ ɪ s ɐ ɣ aː n̪ ɪ
Isang	ʔ iː s ɐ ŋ
Isay	ʔ iː s a ɪ̯
Isda	ʔ ɪ s d̪ a ʔ
Ishibashi	ʔ ɪ s j ɪ b a s j ɪ
Ishibashi	ʔ ɪ ʃ ɪ b aː ʃ ɪ
Ishii	ʔ i s j ɪ
Ishii	ʔ iː ʃ ɪ
Ishikawa	ʔ ɪ s j ɪ x aː w ɐ
Ishikawa	ʔ ɪ ʃ ɪ x aː w ɐ
Isidro	ʔ ɪ s i d̪ ɾ o
Isip	ʔ iː s ɪ p̚
Iskawts	ʔ ɪ s k a ʊ̯ t̪ s
Isko	ʔ ɪ s k o ʔ
Isla	ʔ i s l ɐ
Islam	ʔ ɪ s l a m
Islamiko	ʔ ɪ s l aː m ɪ x o
Islamisasyon	ʔ ɪ s l ɐ m ɪ s ɐ s j o n̪
Islamisasyon	ʔ ɪ s l ɐ m ɪ s ɐ ʃ o n̪
Islandiya	ʔ ɪ s l a n̪ d̪ j ɐ
Islandiya	ʔ ɪ s l a n̪ d͡ʒ ɐ
Islaw	ʔ ɪ s l a ʊ̯
Islobenya	ʔ ɪ s l o b ɛ n̪ j ɐ
Islobenya	ʔ ɪ s l o b ɛː ɲ ɐ
Ismael	ʔ ɪ s m ɐ ʔ ɛ l
Ison	ʔ iː s o n̪
Ispanismo	ʔ ɪ s p ɐ n̪ i s m o
Israel	ʔ ɪ s ɾ ɐ ʔ ɛ l
Israelita	ʔ ɪ s ɾ ɐ ʔ ɛ l iː t̪ ɐ
Ita	ʔ iː t̪ ɐ
Italya	ʔ ɪ t̪ a l j ɐ
Italyana	ʔ ɪ t̪ ɐ l j aː n̪ ɐ
Italyano	ʔ ɪ t̪ ɐ l j aː n̪ o
Itawit	ʔ ɪ t̪ aː w ɪ t̪̚
Itbayat	ʔ ɪ t̪ b ɐ j a t̪̚
Itchon	ʔ ɪ t t͡ʃ o n̪
Itchon	ʔ ɪ t̪ s o n̪
Itim	ʔ ɪ t̪ ɪ m
Itneg	ʔ ɪ t̪ n̪ ə ɡ̚
Itneg	ʔ ɪ t̪ n̪ ɛ ɡ̚
Itnëg	ʔ ɪ t̪ n̪ ə ɡ̚
Itogon	ʔ ɪ t̪ oː ɣ o n̪
Ituralde	ʔ ɪ t̪ ʊ ɾ a l d̪ ɛ
Iturralde	ʔ ɪ t̪ ʊ ɾ a l d̪ ɛ
Ivan	ʔ a ɪ̯ b ɐ n̪
Ivan	ʔ a ɪ̯ v ɐ n̪
Ivana	ʔ iː b ɐ n̪ a
Ivana	ʔ iː v ɐ n̪ a
Ivana	ʔ ɪ b aː n̪ ɐ
Ivana	ʔ ɪ v aː n̪ ɐ
Ivisan	ʔ ɪ b iː s ɐ n̪
Ivisan	ʔ ɪ v iː s ɐ n̪
Ivy	ʔ a ɪ̯ b ɪ
Ivy	ʔ a ɪ̯ v ɪ
Iwamoto	ʔ ɪ w ɐ m oː t̪ o
Iwasaki	ʔ ɪ w ɐ s aː x ɪ
Iñigo	ʔ i n̪ j ɪ ɣ o
Iñigo	ʔ iː ɲ ɪ ɣ o
Iñigo	ʔ ɪ n ɲ iː ɣ o
Iñigo	ʔ ɪ n̪ j iː ɣ o
Iñiguez	ʔ ɪ n ɲ iː ɣ ɛ s
Iñiguez	ʔ ɪ n̪ j iː ɣ ɛ s
J	d̪ j
J	d̪ j e ɪ̯
J	d͡ʒ
J	d͡ʒ e ɪ̯
J	h
J	h oː t̪ ɐ
J	s
Jabee	d̪ j aː b ɪ
Jabee	d͡ʒ aː b ɪ
Jabonga	h ɐ b o ŋ ɡ ɐ
Jacinto	h ɐ s i n̪ t̪ o
Jacinto	k ɐ s i n̪ t̪ o
Jagna	h a ɡ n̪ ɐ
Jalajala	h ɐ l ɐ h aː l ɐ
Jalandoni	h ɐ l ɐ n̪ d̪ oː n̪ ɪ
Jambalos	h ɐ m b aː l o s
Jamindan	h ɐ m ɪ n̪ d̪ a n̪
Jamisola	h ɐ m ɪ s oː l ɐ
Jandusay	h ɐ n̪ d̪ uː s a ɪ̯
Jane	d̪ j e ɪ̯ n̪
Jane	d͡ʒ e ɪ̯ n̪
January	d̪ j ɐ n̪ j ʊ w aː ɾ ɪ
January	d͡ʒ ɐ n ɲ w aː ɾ ɪ
Jara	h aː ɾ ɐ
Jaramillo	h ɐ ɾ ɐ m i l j o
Jaranilla	h ɐ ɾ ɐ n̪ i l j ɐ
Jaro	h aː ɾ o
Jaruda	h ɐ ɾ uː d̪ ɐ
Jasaan	h ɐ s ɐ ʔ a n̪
Jasmine	d̪ j a s m ɪ n̪
Jasmine	d͡ʒ a s m ɪ n̪
Javier	d̪ j ɐ b j ɛ ɾ
Javier	d͡ʒ ɐ b j ɛ ɾ
Javier	d͡ʒ ɐ v j ɛ ɾ
Jawo	d̪ j ɐ w o ʔ
Jawo	d͡ʒ ɐ w o ʔ
Jean	d̪ j ɪ n̪
Jean	d͡ʒ ɪ n̪
Jefferson	d̪ j ɛː p ɛ ɾ s o n̪
Jefferson	d͡ʒ ɛː f ɛ ɾ s o n̪
Jefferson	d͡ʒ ɛː p ɛ ɾ s o n̪
Jennifer	d̪ j ɛː n̪ ɪ p ɛ ɾ
Jennifer	d͡ʒ ɛː n̪ ɪ f ɛ ɾ
Jennifer	d͡ʒ ɛː n̪ ɪ p ɛ ɾ
Jepoy	d̪ j ɛː p o ɪ̯
Jepoy	d͡ʒ ɛː p o ɪ̯
Jesucristo	h ɛ s ʊ k ɾ i s t̪ o
Jimenez	h ɪ m ɛː n̪ ɛ s
Jiro	d̪ j iː ɾ o
Jiro	d͡ʒ iː ɾ o
Joan	d̪ j oː w ɐ n̪
Joan	d̪ j oː ʔ ɐ n̪
Joan	d͡ʒ oː w ɐ n̪
Joan	d͡ʒ oː ʔ ɐ n̪
Joaquin	h o w ɐ x ɪ n̪
Joaquin	w ɐ x ɪ n̪
Jocelyn	d̪ j oː s ɛ l ɪ n̪
Jocelyn	d͡ʒ oː s ɛ l ɪ n̪
Jocson	d̪ j o k s o n̪
Jocson	d͡ʒ o k s o n̪
Jocson	h o k s o n̪
Joemar	d̪ j oː m ɐ ɾ
Joemar	d͡ʒ oː m ɐ ɾ
John	d̪ j o h n̪
John	d͡ʒ o h n̪
Johnson	d̪ j o n̪ s o n̪
Johnson	d͡ʒ o n̪ s o n̪
Jolo	h o l o
Jolongbayan	h o l o m b aː j ɐ n̪
Joma	d̪ j oː m ɐ
Joma	d͡ʒ oː m ɐ
Jomalig	h o m aː l ɪ ɡ̚
Jomar	d̪ j oː m ɐ ɾ
Jomar	d͡ʒ oː m ɐ ɾ
Jomari	d̪ j oː m ɐ ɾ ɪ
Jomari	d͡ʒ oː m ɐ ɾ ɪ
Jonald	d̪ j oː n̪ ɐ l d̪
Jonald	d͡ʒ oː n̪ ɐ l d̪
Jonas	h o n̪ a s
Jordan	h o ɾ d̪ a n̪
Jorge	h o ɾ h ɛ
Jose	h o s ɛ
Josef	d̪ j oː s ɛ p̚
Josef	d͡ʒ oː s ɛ f
Josef	d͡ʒ oː s ɛ p̚
Josef	h o s ɛ f
Josef	h o s ɛ p̚
Josef	k ʊ s ɛ p̚
Josemari	h o s ɛ m ɐ ɾ ɪ
Josephus	d̪ j oː s ɛ p ʊ s
Josephus	d͡ʒ oː s ɛ f ʊ s
Josephus	d͡ʒ oː s ɛ p ʊ s
Joshua	d̪ j o s w ɐ
Joshua	d͡ʒ o ʃ w ɐ
Josie	d̪ j o ʊ̯ s ɪ
Josie	d͡ʒ o ʊ̯ s ɪ
Joson	h oː s o n̪
Jovellanos	h o b ɛ l j aː n̪ o s
Jovellanos	h o v ɛ l j aː n̪ o s
Jovellar	h o b ɛ l j a ɾ
Jovellar	h o v ɛ l j a ɾ
Jovencio	h o b ɛ n̪ s j o
Jovencio	h o b ɛ n̪ ʃ o
Jovencio	h o v ɛ n̪ ʃ o
Jovito	h o b iː t̪ o
Jovito	h o v iː t̪ o
Joy	d̪ j o ɪ̯
Joy	d͡ʒ o ɪ̯
Juan	h w a n̪
Juan	s w a n̪
Juana	h w aː n̪ ɐ
Juana	w aː n̪ ɐ
Juarez	h w aː ɾ ɛ s
Judas	h uː d̪ ɐ s
Julian	h ʊ l j a n̪
Julieta	h ʊ l j ɛː t̪ ɐ
Jumarang	h ʊ m aː ɾ ɐ ŋ
Jumu'ah	d̪ j ʊ m ʊ ʔ a
Jumu'ah	d͡ʒ ʊ m ʊ ʔ a
Junard	d̪ j uː n̪ ɐ ɹ d̪
Junard	d͡ʒ uː n̪ ɐ ɹ d̪
June	d̪ j ʊ n̪
June	d͡ʒ ʊ n̪
Junichi	d̪ j ʊ n̪ i t̪ s ɪ
Junichi	d͡ʒ ʊ n̪ iː t͡ʃ ɪ
Junjun	d̪ j u n̪ d̪ j ʊ n̪
Junjun	d͡ʒ u n̪ d͡ʒ ʊ n̪
Junsay	h ʊ n̪ s a ɪ̯
Juntilla	h ʊ n̪ t̪ i l j ɐ
Jurado	h ʊ ɾ aː d̪ o
Jusay	h uː s a ɪ̯
Jusi	h uː s ɪ
Justiniano	h ʊ s t̪ ɪ n ɲ aː n̪ o
Justiniano	h ʊ s t̪ ɪ n̪ j aː n̪ o
K	k
K	k a
K	k e ɪ̯
K	x
KADIWA	k ɐ d̪ iː w ɐ ʔ
KALIBAPI	k ɐ l ɪ b aː p ɪ
KBL	k e ɪ̯ b ɪ ʔ ɛ l
KSP	k e ɪ̯ ʔ ɛ s p ɪ
Ka	k a
Ka	k a ʔ
Kaaba	k aː b ɐ
Kaaba	k ɐ aː b ɐ
Kababaihan	k ɐ b ɐ b ɐ ʔ iː h ɐ n̪
Kabacan	k ɐ b aː x ɐ n̪
Kabankalan	k ɐ b ɐ ŋ k ɐ l a n̪
Kabayan	k ɐ b aː j ɐ n̪
Kabigting	k ɐ b ɪ ɡ t̪ ɪ ŋ
Kabikulan	k ɐ b iː x ʊ l a n̪
Kabikulan	k ɐ b ɪ x uː l ɐ n̪
Kabiling	k ɐ b iː l ɪ ŋ
Kabisayaan	k ɐ b ɪ s ɐ j aː ʔ ɐ n̪
Kabisayaan	k ɐ b ɪ s ɐ j ɐ ʔ a n̪
Kabite	k ɐ b iː t̪ ɛ
Kabugao	k ɐ b uː ɣ a ʊ̯
Kadayangan	k ɐ d̪ ɐ j aː ŋ ɐ n̪
Kadingilan	k ɐ d̪ ɪ ŋ iː l ɐ n̪
Kahulugan	k ɐ h ʊ l ʊ ɣ a n̪
Kain	k ɐ ʔ ɪ n̪
Kakristiyanuhan	k ɐ k ɾ ɪ s t̪ j ɐ n̪ uː h ɐ n̪
Kakristiyanuhan	k ɐ k ɾ ɪ s t͡ʃ ɐ n̪ uː h ɐ n̪
Kakristuhan	k ɐ k ɾ i s t̪ ʊ h a n̪
Kalantiaw	k ɐ l ɐ n̪ t̪ j a ʊ̯
Kalantiaw	k ɐ l ɐ n̪ t͡ʃ a ʊ̯
Kalaw	k aː l a ʊ̯
Kalboro	k ɐ l b oː ɾ o
Kalburo	k ɐ l b uː ɾ o
Kalibo	k ɐ l iː b o
Kaligayahan	k ɐ l ɪ ɣ ɐ j aː h ɐ n̪
Kalilayan	k ɐ l ɪ l aː j ɐ n̪
Kalinga	k ɐ l i ŋ ɡ ɐ
Kalinga	k ɐ l ɪ ŋ a
Kaliporniya	k ɐ l ɪ p o ɾ n̪ j ɐ
Kaliporniya	k ɐ l ɪ p o ɾ ɲ ɐ
Kalipornya	k ɐ l ɪ p o ɾ n̪ j ɐ
Kalipornya	k ɐ l ɪ p o ɾ ɲ ɐ
Kalookan	k ɐ l o ʔ oː x ɐ n̪
Kalugdan	k ɐ l ʊ ɡ d̪ a n̪
Kalusugan	k ɐ l ʊ s uː ɣ ɐ n̪
Kaluyanen	k ɐ l ʊ j aː n̪ ə n̪
Kaluyanen	k ɐ l ʊ j aː n̪ ɛ n̪
Kaluyanën	k ɐ l ʊ j aː n̪ ə n̪
Kam	k a m
Kamaliing	k ɐ m ɐ l ɪ ʔ ɪ ŋ
Kamara	k aː m ɐ ɾ a
Kamatayan	k ɐ m ɐ t̪ aː j ɐ n̪
Kamaynilaan	k ɐ m a ɪ̯ n̪ ɪ l aː ʔ ɐ n̪
Kambal	k ɐ m b a l
Kambing	k ɐ m b ɪ ŋ
Kambodya	k ɐ m b o d̪ j ɐ
Kambodya	k ɐ m b oː d͡ʒ ɐ
Kamerun	k ɐ m ɛ ɾ ʊ n̪
Kamuning	k ɐ m ʊ n̪ ɪ ŋ
Kana	k ɐ n̪ a ʔ
Kanada	k aː n̪ ɐ d̪ a
Kanada	k ɐ n̪ ɐ d̪ a
Kaneko	k ɐ n̪ ɛː x o
Kaneshiro	k ɐ n̪ ɛ s j iː ɾ o
Kaneshiro	k ɐ n̪ ɛ ʃ iː ɾ o
Kang	k a ŋ
Kankaloo	k a ŋ k ɐ l ʊ
Kankanaey	k ɐ ŋ k ɐ n̪ aː ʔ e ɪ̯
Kankanaey	k ɐ ŋ k ɐ n̪ aː ʔ ə ɪ̯
Kankanay	k ɐ ŋ k ɐ n̪ a ɪ̯
Kankanaëy	k ɐ ŋ k ɐ n̪ aː ʔ ə ɪ̯
Kanluran	k ɐ n̪ l uː ɾ ɐ n̪
Kano	k ɐ n̪ o ʔ
Kanor	k ɐ n̪ o ɾ
Kanoy	k ɐ n̪ o ɪ̯
Kansas	k a n̪ s ɐ s
Kanser	k a n̪ s ɛ ɾ
Kaos	k aː w o s
Kapalawan	k ɐ p ɐ l aː w ɐ n̪
Kapalong	k ɐ p aː l o ŋ
Kapampangan	k ɐ p ɐ m p aː ŋ ɐ n̪
Kapangan	k ɐ p aː ŋ ɐ n̪
Kapaskuhan	k ɐ p ɐ s k ʊ h a n̪
Kapitan	k ɐ p ɪ t̪ a n̪
Kapitolyo	k ɐ p ɪ t̪ o l j o
Kaprikorniyo	k ɐ p ɾ ɪ x o ɾ n̪ j o
Kaprikorniyo	k ɐ p ɾ ɪ x o ɾ ɲ o
Kaprikornyo	k ɐ p ɾ ɪ x o ɾ n̪ j o
Kaprikornyo	k ɐ p ɾ ɪ x o ɾ ɲ o
Kaputsino	k ɐ p ʊ t t͡ʃ iː n̪ o
Kaputsino	k ɐ p ʊ t̪ s iː n̪ o
Karding	k ɐ ɾ d̪ ɪ ŋ
Kardo	k a ɾ d̪ o
Karingal	k ɐ ɾ iː ŋ ɐ l
Karingal	k ɐ ɾ ɪ ŋ a l
Karmelita	k a ɾ m ɛ l iː t̪ ɐ
Karuhatan	k ɐ ɾ ʊ h aː t̪ ɐ n̪
Karunungan	k ɐ ɾ ʊ n̪ uː ŋ ɐ n̪
Kasilag	k ɐ s iː l ɐ ɡ̚
Kastila	k ɐ s t̪ iː l ɐ ʔ
Kastilya	k ɐ s t̪ i l j ɐ
Kastor	k ɐ s t̪ o ɾ
Katagalugan	k ɐ t̪ ɐ ɣ ɐ l uː ɣ ɐ n̪
Katatluhan	k ɐ t̪ ɐ t̪ l̪ ʊ h a n̪
Katayama	k ɐ t̪ ɐ j aː m ɐ
Kate	k e ɪ̯ t̪
Kathy	k aː t̪ ɪ
Katigbak	k ɐ t̪ ɪ ɡ b a k̚
Katipunan	k ɐ t̪ ɪ p uː n̪ ɐ n̪
Katipunan	k ɐ t̪ ɪ p ʊ n̪ a n̪
Katipunero	k ɐ t̪ ɪ p ʊ n̪ ɛː ɾ o
Katolika	k ɐ t̪ oː l ɪ x a
Katoliko	k ɐ t̪ oː l ɪ x o
Katolisismo	k ɐ t̪ o l ɪ s i s m o
Kaunlaran	k ɐ ʔ ʊ n̪ l ɐ ɾ a n̪
Kawaguchi	k ɐ w ɐ ɣ u t̪ s ɪ
Kawaguchi	k ɐ w ɐ ɣ uː t͡ʃ ɪ
Kawashima	k ɐ w ɐ s j iː m ɐ
Kawashima	k ɐ w ɐ ʃ iː m ɐ
Kawayan	k ɐ w aː j ɐ n̪
Kawi	k aː w ɪ
Kawit	k aː w ɪ t̪̚
Kaye	k e ɪ̯
Kayser	k a ɪ̯ s ɛ ɾ
Keiko	k e ɪ̯ x o
Kenji	k ɛ n̪ d̪ j ɪ
Kenji	k ɛ n̪ d̪ j ɪ ʔ
Kenji	k ɛ n̪ d͡ʒ ɪ
Kenji	k ɛ n̪ d͡ʒ ɪ ʔ
Kenya	k ɛ n̪ j ɐ
Kenya	k ɛː ɲ ɐ
Kenzo	k ɛ n̪ s o
Kenzo	k ɛ n̪ z o
Kerry	k ɛː ɾ ɪ
Kho	k o
Khoo	k ʊ
Kiamzon	k j a m s o n̪
Kiangan	k j aː ŋ ɐ n̪
Kias	k iː j ɐ s
Kias	k j a s
Kibawe	k ɪ b aː w ɛ
Kiblawan	k ɪ b l aː w ɐ n̪
Kibungan	k ɪ b uː ŋ ɐ n̪
Kidapawan	k ɪ d̪ ɐ p aː w ɐ n̪
Kikay	k iː x a ɪ̯
Kiko	k iː x o
Kiko	k iː x o ʔ
Kikoy	k iː x o ɪ̯
Kikuko	k ɪ x uː x o
Kimura	k ɪ m uː ɾ ɐ
King	k ɪ ŋ
Kirgistan	k ɪ ɾ ɡ ɪ s t̪ a n̪
Kishi	k i s j ɪ
Kishi	k iː ʃ ɪ
Kitagawa	k ɪ t̪ ɐ ɣ aː w ɐ
Kitaotao	k ɪ t̪ a ʊ̯ t̪ a ʊ̯
Kitcharao	k ɪ t t͡ʃ ɐ ɾ a ʊ̯
Kitcharao	k ɪ t̪ s ɐ ɾ a ʊ̯
Kiyoko	k j oː x o
Ko	k o
Koa	k oː w ɐ
Koa	k w a
Koji	k o d̪ j ɪ
Koji	k oː d͡ʒ ɪ
Kokoy	k oː x o ɪ̯
Kolombiya	k o l o m b j ɐ
Komores	k o m oː ɾ ɛ s
Kompusyanismo	k o m p ʊ s j ɐ n̪ i s m o
Kompusyanismo	k o m p ʊ ʃ ɐ n̪ i s m o
Komsek	k o m s ɛ k̚
Kong	k o ŋ
Konggo	k o ŋ ɡ o
Kongreso	k o ŋ ɡ ɾ ɛː s o
Konstantinopla	k o n̪ s t̪ ɐ n̪ t̪ ɪ n̪ oː p l ɐ
Konyo	k o n̪ j o
Konyo	k oː ɲ o
Kopino	k o p iː n̪ o
Koran	k o ɾ a n̪
Korea	k o ɾ iː j ɐ
Korea	k o ɾ ɛː j ɐ
Koreana	k o ɾ j aː n̪ ɐ
Koreana	k o ɾ ɛ j aː n̪ ɐ
Koreano	k o ɾ j aː n̪ o
Koreano	k o ɾ ɛ j aː n̪ o
Koreyana	k o ɾ ɛ j aː n̪ ɐ
Koreyano	k o ɾ ɛ j aː n̪ o
Korinto	k o ɾ i n̪ t̪ o
Koronadal	k o ɾ o n̪ ɐ d̪ a l
Kramer	k ɾ e ɪ̯ m ɛ ɾ
Krismas	k ɾ i s m ɐ s
Kristiyanismo	k ɾ ɪ s t̪ j ɐ n̪ i s m o
Kristiyanismo	k ɾ ɪ s t͡ʃ ɐ n̪ i s m o
Kristiyano	k ɾ ɪ s t̪ j aː n̪ o
Kristiyano	k ɾ ɪ s t͡ʃ aː n̪ o
Kristo	k ɾ i s t̪ o
Kroasya	k ɾ o w a s j ɐ
Kroasya	k ɾ o w aː ʃ ɐ
Kua	k uː w ɐ
Kua	k w a
Kuaresma	k w ɐ ɾ ɛ s m ɐ
Kuba	k uː b ɐ
Kulalaying	k ʊ l ɐ l ɐ j ɪ ŋ
Kulas	k ʊ l a s
Kumiko	k ʊ m iː x o
Kumintang	k ʊ m ɪ n̪ t̪ a ŋ
Kumpusyanismo	k ʊ m p ʊ s j ɐ n̪ i s m o
Kumpusyanismo	k ʊ m p ʊ ʃ ɐ n̪ i s m o
Kuniko	k ʊ n̪ iː x o
Kupido	k uː p ɪ d̪ o
Kuran	k ʊ ɾ a n̪
Kurisma	k ʊ ɾ i s m ɐ
Kurisma	k ʊ ɾ ɪ s m a
Kurita	k ʊ ɾ iː t̪ ɐ
Kuroda	k ʊ ɾ oː d̪ ɐ
Kurokawa	k ʊ ɾ o x aː w ɐ
Kuwait	k w e ɪ̯ t̪
Kuwaresma	k w ɐ ɾ ɛ s m ɐ
Kuwerbo	k w ɛ ɾ b o
Kuya	k uː j ɐ
Kwok	k w o k̚
Kyoko	k j oː x o
Kyusi	k j uː s ɪ
L	l
L	l a
L	ʔ ɛ l
L	ʔ ɛː l ɛ
LL	j
LL	l j
LL	ʔ ɛ l j ɛ
Laak	l ɐ ʔ a k̚
Labasan	l ɐ b aː s ɐ n̪
Labastida	l ɐ b ɐ s t̪ iː d̪ ɐ
Labo	l aː b o ʔ
Lacambra	l ɐ x a m b ɾ ɐ
Lacandola	l ɐ x ɐ n̪ d̪ oː l ɐ
Lacanilao	l ɐ x ɐ n̪ ɪ l a ʊ̯
Lacap	l ɐ x a p̚
Lacbay	l ɐ k b a ɪ̯
Lacerna	l ɐ s ɛ ɾ n̪ ɐ
Lacsamana	l ɐ k s ɐ m aː n̪ ɐ
Lacson	l a k s o n̪
Lacub	l ɐ x ʊ b̚
Ladya	l a d̪ j ɐ
Ladya	l aː d͡ʒ ɐ
Ladya	l ɐ d d͡ʒ a ʔ
Ladya	l ɐ d̪ j a ʔ
Laganapan	l ɐ ɣ ɐ n̪ aː p ɐ n̪
Lagangilang	l ɐ ɣ ɐ ŋ iː l ɐ ŋ
Lagawe	l ɐ ɣ aː w ɛ
Lagayan	l ɐ ɣ aː j ɐ n̪
Lagdamen	l ɐ ɡ d̪ aː m ɛ n̪
Lagdameo	l ɐ ɡ d̪ ɐ m ɛː j o
Lagman	l ɐ ɡ m a n̪
Lagmay	l ɐ ɡ m a ɪ̯
Lagonoy	l ɐ ɣ oː n̪ o ɪ̯
Laguna	l ɐ ɣ uː n̪ ɐ
Lagunda	l ɐ ɣ u n̪ d̪ ɐ
Lagunday	l ɐ ɣ ʊ n̪ d̪ a ɪ̯
Lakambini	l ɐ x ɐ m b iː n̪ ɪ
Lakan	l ɐ x a n̪
Lalamunan	l ɐ l ɐ m uː n̪ ɐ n̪
Laluan	l ɐ l uː ʔ ɐ n̪
Lam	l a m
Lamanilao	l ɐ m ɐ n̪ iː l a ʊ̯
Lamitan	l ɐ m iː t̪ ɐ n̪
Lamtang	l ɐ m t̪ a ŋ
Lamut	l aː m ʊ t̪̚
Lanao	l aː n̪ a ʊ̯
Lanao	l ɐ n̪ a ʊ̯
Lancelot	l a n̪ s ɛ l o t̪̚
Landicho	l ɐ n̪ d̪ i t̪ s o
Landicho	l ɐ n̪ d̪ iː t͡ʃ o
Landrito	l ɐ n̪ d̪ ɾ iː t̪ o
Langgam	l a ŋ ɡ ɐ m
Langiden	l ɐ ŋ iː d̪ ɛ n̪
Langkaan	l ɐ ŋ k aː ʔ ɐ n̪
Langkiwa	l ɐ ŋ k iː w ɐ ʔ
Lansangan	l ɐ n̪ s aː ŋ ɐ n̪
Lantapan	l ɐ n̪ t̪ aː p ɐ n̪
Lantawan	l ɐ n̪ t̪ aː w ɐ n̪
Lantican	l ɐ n̪ t̪ iː x ɐ n̪
Lanting	l ɐ n̪ t̪ ɪ ŋ
Lanuza	l ɐ n̪ uː s ɐ
Lanuza	l ɐ n̪ uː z ɐ
Lao	l a ʊ̯
Laoag	l ɐ w a ɡ̚
Laos	l aː ʔ o s
Lapeña	l ɐ p ɛ n̪ j ɐ
Lapeña	l ɐ p ɛː ɲ ɐ
Lapitan	l ɐ p iː t̪ ɐ n̪
Lapulapu	l aː p ʊ l aː p ʊ
Lapuz	l aː p ʊ s
Laqui	l aː x ɪ
Laquindanum	l ɐ x ɪ n̪ d̪ aː n̪ ʊ m
Lardizabal	l ɐ ɾ d̪ ɪ s ɐ b a l
Lardizabal	l ɐ ɾ d̪ ɪ z ɐ b a l
Larrazabal	l ɐ ɾ ɐ s ɐ b a l
Larrazabal	l ɐ ɾ ɐ z ɐ b a l
Lasac	l aː s ɐ k̚
Lasam	l ɐ s a m
Lascano	l ɐ s k aː n̪ o
Lastimosa	l ɐ s t̪ ɪ m oː s ɐ
Latag	l aː t̪ ɐ ɡ̚
Lataya	l ɐ t̪ aː j ɐ
Latayan	l ɐ t̪ aː j ɐ n̪
Latin	l ɐ t̪ ɪ n̪
Latina	l ɐ t̪ iː n̪ ɐ
Latino	l ɐ t̪ iː n̪ o
Lauchengco	l a ʊ̯ t t͡ʃ ɛ ŋ k o
Lauchengco	l a ʊ̯ t̪ s ɛ ŋ k o
Laude	l a ʊ̯ d̪ ɛ
Laurel	l a ʊ̯ ɾ ɛ l
Lautinco	l a ʊ̯ t̪ i ŋ k o
Laviña	l ɐ b i n̪ j ɐ
Laviña	l ɐ b iː ɲ ɐ
Laviña	l ɐ v iː ɲ ɐ
Lawaan	l ɐ w aː ʔ ɐ n̪
Lawag	l ɐ w a ɡ̚
Laxamana	l ɐ k s ɐ m aː n̪ ɐ
Layco	l a ɪ̯ x o
Laygo	l a ɪ̯ ɣ o
Laylo	l a ɪ̯ l o
Layno	l a ɪ̯ n̪ o
Layson	l a ɪ̯ s o n̪
Lazaro	l aː s ɐ ɾ o
Lazaro	l aː z ɐ ɾ o
Lazarte	l ɐ s a ɾ t̪ ɛ
Lazarte	l ɐ z a ɾ t̪ ɛ
Lazatin	l ɐ s ɐ t̪ ɪ n̪
Lazatin	l ɐ z ɐ t̪ ɪ n̪
Leachon	l ɛ j ɐ t t͡ʃ o n̪
Leachon	l ɛ j ɐ t̪ s o n̪
Lebanon	l ɛː b ɐ n̪ o n̪
Ledesma	l ɛ d̪ ɛ s m ɐ
Lee	l ɪ
Legarda	l ɛ ɣ a ɾ d̪ ɐ
Legaspi	l ɛ ɣ a s p ɪ
Legazpi	l ɛ ɣ a s p ɪ
Lemery	l ɛː m ɛ ɾ ɪ
Leo	l ɛː j o
Leodigario	l j o d̪ ɪ ɣ a ɾ j o
Leodigario	l ɛ j o d̪ ɪ ɣ a ɾ j o
Leody	l j oː d̪ ɪ
Leody	l ɛ j oː d̪ ɪ
Leong	l ɛ j o ŋ
Leonor	l j o n̪ o ɾ
Leonor	l ɛ j o n̪ o ɾ
Lerma	l ɛ ɾ m ɐ
Lester	l ɛ s t̪ ɛ ɾ
Letlet	l ɛ t̪ l̪ ɛ t̪̚
Leung	l j ʊ ŋ
Leviste	l ɛ b i s t̪ ɛ
Leviste	l ɛ v i s t̪ ɛ
Lew	l ʊ
Leynes	l e ɪ̯ n̪ ɛ s
Leyson	l e ɪ̯ s o n̪
Leyte	l e ɪ̯ t̪ ɛ
Lezo	l ɛː s o
Lezo	l ɛː z o
Lhuillier	l w ɪ l j ɛ ɾ
Li	l ɪ
Lian	l j a n̪
Libacao	l ɪ b aː x a ʊ̯
Libano	l iː b ɐ n̪ o
Libertad	l ɪ b ɛ ɾ t̪ a d̪̚
Libiran	l ɪ b iː ɾ ɐ n̪
Libjo	l ɪ b h o ʔ
Libmanan	l ɪ b m aː n̪ ɐ n̪
Libona	l ɪ b oː n̪ ɐ
Libra	l iː b ɾ ɐ
Librada	l ɪ b ɾ aː d̪ ɐ
Libtong	l ɪ b t̪ o ŋ
Libunao	l ɪ b uː n̪ a ʊ̯
Libungan	l ɪ b uː ŋ ɐ n̪
Libya	l i b j ɐ
Lichauco	l ɪ t t͡ʃ a ʊ̯ x o
Lichauco	l ɪ t̪ s a ʊ̯ x o
Licup	l iː x ʊ p̚
Ligao	l ɪ ɣ a ʊ̯
Ligawasan	l ɪ ɣ ɐ w aː s ɐ n̪
Ligaya	l ɪ ɣ aː j ɐ
Lila	l iː l ɐ
Lilia	l i l j ɐ
Liliw	l iː l ɪ ʊ̯
Liliw	l ɪ l ɪ ʊ̯
Liloan	l ɪ l oː ʔ ɐ n̪
Lily	l iː l ɪ
Lim	l ɪ m
Lima	l iː m ɐ
Limay	l ɪ m a ɪ̯
Limcaoco	l ɪ m k a ʊ̯ x o
Limjoco	l ɪ m h oː x o
Limlosuy	l ɪ m l o s ʊ ɪ̯
Limon	l ɪ m o n̪
Lin	l ɪ n̪
Lina	l iː n̪ ɐ
Linao	l iː n̪ a ʊ̯
Linatoc	l ɪ n̪ aː t̪ o k̚
Lindsay	l i n̪ d̪ s e ɪ̯
Ling	l ɪ ŋ
Linga	l ɪ ŋ a
Lingad	l iː ŋ ɐ d̪̚
Lingayen	l ɪ ŋ ɡ ɐ j ɛ n̪
Linggo	l ɪ ŋ ɡ o
Lingunan	l ɪ ŋ uː n̪ ɐ n̪
Linusungan	l ɪ n̪ ʊ s uː ŋ ɐ n̪
Liong	l j o ŋ
Lipa	l ɪ p a
Liquigan	l ɪ x iː ɣ ɐ n̪
Lising	l ɪ s ɪ ŋ
Lista	l i s t̪ ɐ
Litwanya	l ɪ t̪ w a n̪ j ɐ
Litwanya	l ɪ t̪ w aː ɲ ɐ
Liu	l j o ʊ̯
Liu	l j ʊ
Liwag	l iː w ɐ ɡ̚
Liwanag	l ɪ w aː n̪ ɐ ɡ̚
Liwayway	l ɪ w a ɪ̯ w a ɪ̯
Liyag	l iː j ɐ ɡ̚
Lizada	l ɪ s aː d̪ ɐ
Lizada	l ɪ z aː d̪ ɐ
Llamas	l j aː m ɐ s
Llanera	l j ɐ n̪ ɛː ɾ ɐ
Llanes	l j aː n̪ ɛ s
Llanto	l j a n̪ t̪ o
Llorente	l j o ɾ ɛ n̪ t̪ ɛ
Lo	l o
Loakan	l o w aː x ɐ n̪
Loay	l o w a ɪ̯
Lobo	l o b o
Loboc	l o b o k̚
Loboc	l oː b o k̚
Locsin	l o k s ɪ n̪
Logarta	l o ɣ a ɾ t̪ ɐ
Logmao	l o ɡ m a ʊ̯
Lojo	l oː h o
Lola	l oː l ɐ
Loleng	l oː l ɛ ŋ
Lolo	l oː l o
Lomocso	l o m o k s o
Londres	l o n̪ d̪ ɾ ɛ s
Longlong	l o n̪ l o ŋ
Lontoc	l o n̪ t̪ o k̚
Lontok	l o n̪ t̪ o k̚
Loo	l ʊ
Looc	l oː ʔ o k̚
Loon	l oː ʔ o n̪
Lopez	l oː p ɛ s
Lorenzana	l o ɾ ɛ n̪ s aː n̪ ɐ
Lorenzana	l o ɾ ɛ n̪ z aː n̪ ɐ
Loreto	l o ɾ ɛː t̪ o
Lorico	l oː ɾ ɪ x o
Lotlot	l o t̪ l̪ o t̪̚
Lourdes	l u ɾ d̪ ɛ s
Love	l a b̚
Love	l a v
Lovely	l a b l ɪ
Lovely	l a v l ɪ
Lozada	l o s aː d̪ ɐ
Lozada	l o z aː d̪ ɐ
Lozol	l o s o l
Lozol	l o z o l
Lozol	l ə z o l
Lu	l ʊ
Lua	l uː w ɐ
Lua	l w a
Lualhati	l w ɐ l h aː t̪ ɪ ʔ
Luansing	l w ɐ n̪ s ɪ ŋ
Luba	l uː b ɐ ʔ
Lubao	l ʊ b a ʊ̯
Lubiano	l ʊ b j aː n̪ o
Lubigan	l ʊ b iː ɣ ɐ n̪
Lubuguin	l ʊ b uː ɣ ɪ n̪
Lucas	l uː x ɐ s
Lucban	l ʊ k b a n̪
Lucena	l ʊ s ɛː n̪ ɐ
Lucenahin	l ʊ s ɛ n̪ aː h ɪ n̪
Lucero	l ʊ s ɛː ɾ o
Lucio	l u s j o
Lucio	l uː ʃ o
Lucnab	l ʊ k n̪ a b̚
Lucy	l uː s ɪ
Lugod	l uː ɣ o d̪̚
Luis	l w ɪ s
Lukban	l ʊ k b a n̪
Luksemburgo	l ʊ k s ɛ m b u ɾ ɡ o
Lumacad	l ʊ m aː x ɐ d̪̚
Lumad	l uː m ɐ d̪̚
Lumagui	l ʊ m aː ɣ ɪ
Lumangbayan	l ʊ m ɐ m b aː j ɐ n̪
Lumanglas	l ʊ m ɐ n̪ l a s
Lumanlan	l ʊ m ɐ n̪ l a n̪
Lumanog	l ʊ m aː n̪ o ɡ̚
Lumasac	l ʊ m aː s ɐ k̚
Lumbang	l ʊ m b a ŋ
Lumbao	l u m b a ʊ̯
Lumbera	l ʊ m b ɛː ɾ ɐ
Lumibao	l ʊ m iː b a ʊ̯
Lumitao	l ʊ m ɪ t̪ a ʊ̯
Lun	l ʊ n̪
Luna	l uː n̪ ɐ
Lunes	l uː n̪ ɛ s
Luneta	l ʊ n̪ ɛː t̪ ɐ
Luningning	l ʊ n̪ ɪ ŋ n̪ ɪ ŋ
Lupa	l uː p ɐ ʔ
Lupac	l ʊ p a k̚
Lupanlunti	l ʊ p ɐ n̪ l ʊ n̪ t̪ ɪ ʔ
Lupao	l ʊ p a ʊ̯
Lupi	l ʊ p ɪ ʔ
Lupon	l ʊ p o n̪
Lusacan	l ʊ s ɐ x a n̪
Lusbel	l ʊ s b ɛ l
Lusiper	l uː s ɪ p ɛ ɾ
Lusiper	l ʊ s ɪ p ɛ ɾ
Luvizmin	l uː b ɪ s m ɪ n̪
Luvizmin	l uː v ɪ s m ɪ n̪
Luy	l ʊ ɪ̯
Luzano	l ʊ s aː n̪ o
Luzano	l ʊ z aː n̪ o
Luzon	l ʊ s o n̪
Luzon	l ʊ z o n̪
Luzuriaga	l ʊ s ʊ ɾ j aː ɣ ɐ
Luzuriaga	l ʊ z ʊ ɾ j aː ɣ ɐ
Luzvimin	l u s b ɪ m ɪ n̪
Luzvimin	l u z v ɪ m ɪ n̪
Luzviminda	l ʊ s b ɪ m i n̪ d̪ ɐ
Luzviminda	l ʊ z v ɪ m i n̪ d̪ ɐ
Luzvimindo	l ʊ s b ɪ m i n̪ d̪ o
Luzvimindo	l ʊ z v ɪ m i n̪ d̪ o
Lyndon	l i n̪ d̪ o n̪
M	m
M	m a
M	ʔ ɛ m
M	ʔ ɛː m ɛ
M'lang	m l a ŋ
MOMOL	m oː m o l
Ma	m ɐ
Maala	m ɐ ʔ aː l ɐ
Maan	m aː ʔ ɐ n̪
Mababangloob	m ɐ b aː b ɐ n̪ l o ʔ o b̚
Mabalacat	m ɐ b ɐ l aː x ɐ t̪̚
Mabalot	m ɐ b aː l o t̪̚
Mabato	m ɐ b ɐ t̪ o
Mabel	m e ɪ̯ b ɛ l
Mabilangan	m ɐ b ɪ l aː ŋ ɐ n̪
Mabini	m ɐ b iː n̪ ɪ
Mabolo	m ɐ b oː l o
Mabulo	m ɐ b uː l o
Macabebe	m ɐ x ɐ b ɛː b ɛ
Macalalad	m ɐ x ɐ l aː l ɐ d̪̚
Macalawa	m ɐ x ɐ l aː w ɐ
Macalinao	m ɐ x ɐ l iː n̪ a ʊ̯
Macalincag	m ɐ x ɐ l i ŋ k ɐ ɡ̚
Macalindong	m ɐ x ɐ l ɪ n̪ d̪ o ŋ
Macalinga	m ɐ x ɐ l iː ŋ ɐ
Macalintal	m ɐ x ɐ l ɪ n̪ t̪ a l
Macao	m ɐ x a ʊ̯
Macapagal	m ɐ x ɐ p ɐ ɣ a l
Macapinlac	m ɐ x ɐ p ɪ n̪ l a k̚
Macapugay	m ɐ x ɐ p uː ɣ a ɪ̯
Macaraeg	m ɐ x ɐ ɾ ɐ ʔ ɛ ɡ̚
Macaraig	m ɐ x ɐ ɾ ɐ ʔ ɪ ɡ̚
Macasaet	m ɐ x ɐ s aː ʔ ɛ t̪̚
Macasieb	m ɐ x ɐ s j ɛ b̚
Macasieb	m ɐ x ɐ ʃ ɛ b̚
Macasinag	m ɐ x ɐ s iː n̪ ɐ ɡ̚
Macatangay	m ɐ x ɐ t̪ ɐ ŋ a ɪ̯
Macatulad	m ɐ x ɐ t̪ uː l ɐ d̪̚
Macau	m ɐ x a ʊ̯
Maceda	m ɐ s ɛː d̪ ɐ
Maco	m aː x o
Macuha	m ɐ x uː h ɐ
Macuja	m ɐ x uː h ɐ
Madagaskar	m ɐ d̪ ɐ ɣ ɐ s k a ɾ
Madalag	m ɐ d̪ ɐ l a ɡ̚
Maderazo	m ɐ d̪ ɛ ɾ aː s o
Maderazo	m ɐ d̪ ɛ ɾ aː z o
Madla	m ɐ d̪ l̪ a
Madlangbayan	m ɐ d̪ l̪ ɐ m b aː j ɐ n̪
Madlangsakay	m a d̪ l̪ ɐ n̪ s aː x a ɪ̯
Madrid	m ɐ d̪ ɾ ɪ d̪̚
Madridejos	m ɐ d̪ ɾ ɪ d̪ ɛː h o s
Mae	m e ɪ̯
Mael	m ɐ ʔ ɛ l
Magadia	m ɐ ɣ a d̪ j ɐ
Magadia	m ɐ ɣ aː d͡ʒ ɐ
Magaling	m ɐ ɣ aː l ɪ ŋ
Magallanes	m ɐ ɣ ɐ l j aː n̪ ɛ s
Magalona	m ɐ ɣ ɐ l oː n̪ ɐ
Magalong	m ɐ ɣ aː l o ŋ
Magarao	m ɐ ɣ ɐ ɾ a ʊ̯
Magbanua	m ɐ ɡ b a n̪ w ɐ
Magbitang	m ɐ ɡ b iː t̪ ɐ ŋ
Magbojos	m ɐ ɡ b oː h o s
Magboo	m ɐ ɡ b oː ʔ o
Magbuhat	m ɐ ɡ b uː h ɐ t̪̚
Magbuhos	m ɐ ɡ b uː h o s
Magcalas	m ɐ ɡ k aː l ɐ s
Magcawas	m ɐ ɡ k aː w ɐ s
Magdalita	m ɐ ɡ d̪ aː l ɪ t̪ a ʔ
Magdangal	m ɐ ɡ d̪ ɐ ŋ a l
Magdayao	m ɐ ɡ d̪ aː j a ʊ̯
Maghirang	m ɐ ɡ h iː ɾ ɐ ŋ
Magindanaw	m ɐ ɣ ɪ n̪ d̪ aː n̪ a ʊ̯
Magindanaw	m ɐ ɣ ɪ n̪ d̪ ɐ n̪ a ʊ̯
Maglalang	m ɐ ɡ l aː l ɐ ŋ
Maglalang	m ɐ ɡ l ɐ l a ŋ
Maglaya	m ɐ ɡ l aː j ɐ ʔ
Maglinao	m ɐ ɡ l iː n̪ a ʊ̯
Maglipon	m ɐ ɡ l iː p o n̪
Magnaye	m ɐ ɡ n̪ aː j ɛ
Magnipikat	m ɐ ɡ n̪ iː p ɪ x a t̪̚
Magno	m a ɡ n̪ o
Mago	m aː ɣ o
Magpantay	m ɐ ɡ p ɐ n̪ t̪ a ɪ̯
Magparangalan	m ɐ ɡ p ɐ ɾ ɐ ŋ aː l ɐ n̪
Magpayo	m ɐ ɡ p aː j o
Magpet	m ɐ ɡ p ɛ t̪̚
Magpili	m ɐ ɡ p iː l ɪ
Magsalin	m ɐ ɡ s aː l ɪ n̪
Magsanoc	m ɐ ɡ s aː n̪ o k̚
Magsarili	m ɐ ɡ s ɐ ɾ iː l ɪ
Magsayo	m ɐ ɡ s aː j o
Magsaysay	m ɐ ɡ s a ɪ̯ s a ɪ̯
Magsino	m ɐ ɡ s iː n̪ o
Magsisi	m ɐ ɡ s iː s ɪ
Magsombol	m ɐ ɡ s o m b o l
Magsumbol	m ɐ ɡ s ʊ m b o l
Magtalas	m ɐ ɡ t̪ aː l ɐ s
Magtanggol	m ɐ ɡ t̪ ɐ ŋ ɡ o l
Magtanong	m ɐ ɡ t̪ ɐ n̪ o ŋ
Magtibay	m ɐ ɡ t̪ iː b a ɪ̯
Maguinao	m ɐ ɣ ɪ n̪ a ʊ̯
Maguindanao	m ɐ ɣ ɪ n̪ d̪ aː n̪ a ʊ̯
Maguindanao	m ɐ ɣ ɪ n̪ d̪ ɐ n̪ a ʊ̯
Maguyam	m ɐ ɣ uː j ɐ m
Magyaya	m ɐ ɡ j aː j ɐ
Mahatao	m ɐ h ɐ t̪ a ʊ̯
Mahinay	m ɐ h iː n̪ a ɪ̯
Mahinog	m ɐ h ɪ n̪ o ɡ̚
Mahoma	m ɐ h oː m ɐ
Mahoma	m ɐ ʔ oː m ɐ
Mainit	m ɐ ʔ iː n̪ ɪ t̪̚
Majaba	m ɐ h aː b ɐ
Majayjay	m ɐ h a ɪ̯ h a ɪ̯
Maka	m aː x ɐ
Makalintal	m ɐ x ɐ l ɪ n̪ t̪ a l
Makapanis	m ɐ x ɐ p aː n̪ ɪ s
Makati	m ɐ x aː t̪ ɪ
Makatizen	m ɐ x aː t̪ ɪ s ɛ n̪
Makatizen	m ɐ x aː t̪ ɪ z ɛ n̪
Makato	m ɐ x ɐ t̪ o ʔ
Makaw	m ɐ x a ʊ̯
Makiabelo	m ɐ k j ɐ b ɛː l o
Makiko	m ɐ x iː x o
Makilala	m ɐ x ɪ l aː l ɐ
Makisig	m ɐ x iː s ɪ ɡ̚
Makita	m ɐ x iː t̪ ɐ
Makyabelo	m ɐ k j ɐ b ɛː l o
Malabag	m ɐ l aː b ɐ ɡ̚
Malabanan	m ɐ l ɐ b aː n̪ ɐ n̪
Malabon	m ɐ l ɐ b o n̪
Malabuyoc	m ɐ l ɐ b uː j o k̚
Malabuyoc	m ɐ l ɐ b ʊ j o k̚
Malacañang	m ɐ l ɐ x ɐ n ɲ a ŋ
Malacañang	m ɐ l ɐ x ɐ n̪ j a ŋ
Malakanyang	m ɐ l ɐ x ɐ n ɲ a ŋ
Malakanyang	m ɐ l ɐ x ɐ n̪ j a ŋ
Malalad	m ɐ l aː l ɐ d̪̚
Malalag	m ɐ l aː l ɐ ɡ̚
Malaluan	m ɐ l ɐ l uː ʔ ɐ n̪
Malamig	m ɐ l ɐ m ɪ ɡ̚
Malana	m ɐ l aː n̪ ɐ
Malanday	m ɐ l ɐ n̪ d̪ a ɪ̯
Malapit	m ɐ l aː p ɪ t̪̚
Malapitan	m ɐ l ɐ p iː t̪ ɐ n̪
Malaruhatan	m ɐ l ɐ ɾ ʊ h ɐ t̪ a n̪
Malasya	m ɐ l a s j ɐ
Malasya	m ɐ l aː ʃ ɐ
Malawi	m ɐ l aː w ɪ
Malay	m ɐ l a ɪ̯
Malaya	m ɐ l aː j ɐ
Malaybalay	m ɐ l a ɪ̯ b ɐ l a ɪ̯
Malayo	m ɐ l aː j o
Malayo	m ɐ l aː j o ʔ
Malaysia	m ɐ l a ɪ̯ s j ɐ
Malaysia	m ɐ l a ɪ̯ ʃ ɐ
Malaysia	m ɐ l e ɪ̯ s j ɐ
Malaysia	m ɐ l e ɪ̯ ʃ ɐ
Mali	m aː l ɪ
Malibcong	m ɐ l ɪ b k o ŋ
Malibiran	m ɐ l ɪ b iː ɾ ɐ n̪
Malicdem	m ɐ l ɪ k d̪ ɛ m
Malicse	m ɐ l ɪ k s ɛ
Malicsi	m ɐ l ɪ k s ɪ
Malidegao	m ɐ l ɪ d̪ ɛ ɣ a ʊ̯
Maligalig	m ɐ l ɪ ɣ aː l ɪ ɡ̚
Maligaya	m ɐ l ɪ ɣ aː j ɐ
Malihan	m ɐ l iː h ɐ n̪
Malijan	m ɐ l iː h ɐ n̪
Malikdim	m ɐ l ɪ k d̪ ɪ m
Maliksi	m ɐ l ɪ k s ɪ
Malilay	m ɐ l iː l a ɪ̯
Malilipot	m ɐ l ɪ l iː p o t̪̚
Malimban	m ɐ l ɪ m b a n̪
Malinao	m ɐ l iː n̪ a ʊ̯
Malipol	m ɐ l iː p o l
Malita	m ɐ l iː t̪ ɐ ʔ
Malitbog	m ɐ l ɪ t̪ b o ɡ̚
Malitlit	m ɐ l ɪ t̪ l̪ ɪ t̪̚
Maliwanag	m ɐ l ɪ w aː n̪ ɐ ɡ̚
Malixi	m ɐ l i k s ɪ
Mallare	m ɐ l j aː ɾ ɛ
Mallari	m ɐ l j aː ɾ ɪ
Mallig	m ɐ l l ɪ ɡ̚
Mallig	m ɐ l ɪ ɡ̚
Mallorca	m ɐ l j o ɾ k ɐ
Maloi	m ɐ l o ɪ̯
Maloles	m ɐ l oː l ɛ s
Malolos	m ɐ l oː l o s
Malta	m a l t̪ ɐ
Maluso	m ɐ l uː s o
Malvar	m ɐ l b a ɾ
Malvar	m ɐ l v a ɾ
Mamamana	m aː m ɐ m aː n̪ ɐ ʔ
Mamaril	m ɐ m aː ɾ ɪ l
Mambajao	m ɐ m b aː h a ʊ̯
Mamburao	m ɐ m b ʊ ɾ a ʊ̯
Mambusao	m ɐ m b uː s a ʊ̯
Mamplasan	m ɐ m p l aː s ɐ n̪
Man	m a n̪
Manabat	m ɐ n̪ aː b ɐ t̪̚
Manabo	m ɐ n̪ aː b o
Manabo	m ɐ n̪ ɐ b o ʔ
Manahan	m ɐ n̪ aː h ɐ n̪
Manaig	m ɐ n̪ ɐ ʔ ɪ ɡ̚
Manalad	m ɐ n̪ aː l ɐ d̪̚
Manalang	m ɐ n̪ aː l ɐ ŋ
Manalastas	m ɐ n̪ ɐ l ɐ s t̪ a s
Manalaysay	m ɐ n̪ ɐ l a ɪ̯ s a ɪ̯
Manalo	m ɐ n̪ aː l o
Manaloto	m ɐ n̪ ɐ l oː t̪ o
Manang	m aː n̪ ɐ ŋ
Mananquil	m ɐ n̪ ɐ ŋ k ɪ l
Manansala	m ɐ n̪ ɐ n̪ s aː l ɐ
Manaoag	m ɐ n̪ aː w ɐ ɡ̚
Manaog	m ɐ n̪ aː ʔ o ɡ̚
Manaois	m ɐ n̪ aː w ɪ s
Manapla	m ɐ n̪ a p l ɐ
Manarang	m ɐ n̪ aː ɾ ɐ ŋ
Manatad	m ɐ n̪ aː t̪ ɐ d̪̚
Manay	m ɐ n̪ a ɪ̯
Mancao	m ɐ ŋ k a ʊ̯
Mandalenyo	m ɐ n̪ d̪ ɐ l ɛ n̪ j o
Mandalenyo	m ɐ n̪ d̪ ɐ l ɛː ɲ o
Mandaluyong	m ɐ n̪ d̪ ɐ l uː j o ŋ
Mandanas	m ɐ n̪ d̪ aː n̪ ɐ s
Mandapat	m ɐ n̪ d̪ aː p ɐ t̪̚
Mandarin	m ɐ n̪ d̪ ɐ ɾ ɪ n̪
Mandaue	m ɐ n̪ d̪ aː w ɛ
Mandigma	m ɐ n̪ d̪ ɪ ɡ m a ʔ
Mando	m a n̪ d̪ o
Mandocdoc	m ɐ n̪ d̪ o k d̪ o k̚
Mang	m a ŋ
Mangahas	m ɐ ŋ ɐ h a s
Mangaldan	m ɐ ŋ ɐ l d̪ a n̪
Mangaliman	m ɐ ŋ ɐ l iː m ɐ n̪
Mangalindan	m ɐ ŋ ɐ l ɪ n̪ d̪ a n̪
Mangaoang	m ɐ ŋ aː w ɐ ŋ
Mangaway	m ɐ ŋ aː w a ɪ̯
Manggahan	m ɐ ŋ ɡ aː h ɐ n̪
Mangilit	m ɐ ŋ iː l ɪ t̪̚
Mangindanaw	m ɐ ŋ ɪ n̪ d̪ aː n̪ a ʊ̯
Mangingisda	m aː ŋ ɪ ŋ ɪ s d̪ a ʔ
Manglicmot	m ɐ n̪ l ɪ k m o t̪̚
Mangoba	m ɐ ŋ oː b ɐ
Manguao	m ɐ ŋ w a ʊ̯
Mangudadatu	m ɐ ŋ ʊ d̪ ɐ d̪ aː t̪ ʊ
Manguerra	m ɐ ŋ ɡ ɛː ɾ ɐ
Manguiat	m ɐ ŋ j a t̪̚
Mangulabnan	m ɐ ŋ ʊ l ɐ b n̪ a n̪
Mangyan	m ɐ ŋ j a n̪
Manila	m ɐ n̪ iː l ɐ
Manila	m ɐ n̪ iː l ɐ ʔ
Manilense	m ɐ n̪ ɪ l ɛ n̪ s ɛ
Manilenya	m ɐ n̪ ɪ l ɛ n̪ j ɐ
Manilenya	m ɐ n̪ ɪ l ɛː ɲ ɐ
Manilenyo	m ɐ n̪ ɪ l ɛ n̪ j o
Manilenyo	m ɐ n̪ ɪ l ɛː ɲ o
Manimtim	m ɐ n̪ ɪ m t̪ ɪ m
Maning	m ɐ n̪ ɪ ŋ
Maningas	m ɐ n̪ iː ŋ ɐ s
Maniquiz	m ɐ n̪ ɪ x ɪ s
Manito	m a ʔ n̪ ɪ t̪ o
Manito	m aː n̪ ɪ t̪ o
Mankayan	m ɐ ŋ k aː j ɐ n̪
Manlangit	m ɐ n̪ l aː ŋ ɪ t̪̚
Manlapaz	m ɐ n̪ l aː p ɐ s
Manlapig	m ɐ n̪ l aː p ɪ ɡ̚
Manlutac	m ɐ n̪ l uː t̪ ɐ k̚
Manny	m aː n̪ ɪ
Manolo	m ɐ n̪ oː l o
Manong	m aː n̪ o ŋ
Manrique	m ɐ n̪ ɾ iː x ɛ
Mansalay	m ɐ n̪ s aː l a ɪ̯
Manuelito	m ɐ n̪ w ɛ l iː t̪ o
Manunubig	m aː n̪ ʊ n̪ uː b ɪ ɡ̚
Manzanero	m ɐ n̪ s ɐ n̪ ɛː ɾ o
Manzanero	m ɐ n̪ z ɐ n̪ ɛː ɾ o
Manzanilla	m ɐ n̪ s ɐ n̪ i l j ɐ
Manzanilla	m ɐ n̪ z ɐ n̪ i l j ɐ
Manzano	m ɐ n̪ s aː n̪ o
Manzano	m ɐ n̪ z aː n̪ o
Mapagdalita	m ɐ p ɐ ɡ d̪ aː l ɪ t̪ a ʔ
Mapalad	m ɐ p aː l ɐ d̪̚
Mapua	m ɐ p uː w ɐ
Mapulon	m ɐ p uː l o n̪
Mapulong	m ɐ p uː l o ŋ
Maquiling	m ɐ x iː l ɪ ŋ
Maragondon	m ɐ ɾ ɐ ɣ o n̪ d̪ o n̪
Maragusan	m ɐ ɾ ɐ ɣ uː s ɐ n̪
Maralit	m ɐ ɾ aː l ɪ t̪̚
Maramag	m ɐ ɾ aː m ɐ ɡ̚
Maramot	m ɐ ɾ aː m o t̪̚
Maranan	m ɐ ɾ aː n̪ ɐ n̪
Maranaw	m ɐ ɾ ɐ n̪ a ʊ̯
Marapao	m ɐ ɾ aː p a ʊ̯
Marasigan	m ɐ ɾ ɐ s iː ɣ ɐ n̪
Maravilla	m ɐ ɾ ɐ b i l j ɐ
Maravilla	m ɐ ɾ ɐ v i l j ɐ
Marawi	m ɐ ɾ aː w ɪ
Marawoy	m ɐ ɾ aː w o ɪ̯
Marbella	m ɐ ɾ b ɛ l j ɐ
Marcaida	m ɐ ɾ k a ɪ̯ d̪ ɐ
Marcela	m ɐ ɾ s ɛː l ɐ
Marcial	m ɐ ɾ s j a l
Marcial	m ɐ ɾ ʃ a l
Marcos	m a ɾ k o s
Marfil	m ɐ ɾ f ɪ l
Marfil	m ɐ ɾ p ɪ l
Marfori	m ɐ ɾ f oː ɾ ɪ
Marfori	m ɐ ɾ p oː ɾ ɪ
Maria	m ɐ ɾ iː j ɐ
Maria	m ɐ ɾ j a
Mariano	m ɐ ɾ j aː n̪ o
Maribel	m ɐ ɾ ɪ b ɛ l
Maribojoc	m ɐ ɾ ɪ b o h o k̚
Maricar	m ɐ ɾ ɪ x a ɾ
Marichu	m aː ɾ ɪ t t͡ʃ ʊ
Marichu	m aː ɾ ɪ t̪ s ʊ
Maricris	m ɐ ɾ ɪ k ɾ ɪ s
Marife	m ɐ ɾ ɪ f ɛ
Marife	m ɐ ɾ ɪ p ɛ
Marikina	m ɐ ɾ ɪ x iː n̪ ɐ
Mariko	m aː ɾ ɪ x o
Marilao	m ɐ ɾ ɪ l a ʊ̯
Marilou	m aː ɾ ɪ l ʊ
Marilyn	m aː ɾ ɪ l ɪ n̪
Marinduque	m ɐ ɾ ɪ n̪ d̪ uː x ɛ
Maring	m ɐ ɾ ɪ ŋ
Mario	m a ɾ j o
Maripipi	m ɐ ɾ ɪ p iː p ɪ ʔ
Mariquit	m ɐ ɾ ɪ x ɪ t̪̚
Marisa	m ɐ ɾ iː s ɐ
Marisol	m ɐ ɾ ɪ s o l
Maristela	m ɐ ɾ ɪ s t̪ ɛː l ɐ
Marites	m aː ɾ ɪ t̪ ɛ s
Marites	m ɐ ɾ ɪ t̪ ɛ s
Mariveles	m ɐ ɾ ɪ b ɛː l ɛ s
Mariveles	m ɐ ɾ ɪ v ɛː l ɛ s
Marivic	m aː ɾ ɪ b ɪ k̚
Marivic	m aː ɾ ɪ v ɪ k̚
Mariñas	m ɐ ɾ i n̪ j ɐ s
Mariñas	m ɐ ɾ iː ɲ ɐ s
Marjorie	m a ɾ d̪ j o ɾ ɪ
Marjorie	m a ɾ d͡ʒ o ɾ ɪ
Markano	m ɐ ɾ k aː n̪ o
Markismo	m ɐ ɾ k i s m o
Marksismo	m ɐ ɹ k s i s m o
Marquez	m a ɾ k ɛ s
Marquez	m ɐ ɾ k ɛ s
Marquinez	m ɐ ɾ k iː n̪ ɛ s
Marseliyesa	m ɐ ɾ s ɛ l j ɛː s ɐ
Marselyesa	m ɐ ɾ s ɛ l j ɛː s ɐ
Marso	m a ɾ s o
Marte	m a ɾ t̪ ɛ
Martes	m ɐ ɾ t̪ ɛ s
Martin	m a ɾ t̪ ɪ n̪
Martinez	m ɐ ɾ t̪ iː n̪ ɛ s
Maruekos	m ɐ ɾ w ɛː x o s
Marulas	m ɐ ɾ ʊ l a s
Marwekos	m ɐ ɾ w ɛː x o s
Marxismo	m ɐ ɹ k s i s m o
Marxista	m ɐ ɹ k s i s t̪ ɐ
Mary	m ɛː ɾ ɪ
Masacupan	m ɐ s ɐ x uː p ɐ n̪
Masahiro	m ɐ s ɐ h iː ɾ o
Masangcay	m ɐ s ɐ ŋ k a ɪ̯
Masangkay	m ɐ s ɐ ŋ k a ɪ̯
Masbate	m ɐ s b aː t̪ ɛ
Masedonya	m ɐ s ɛ d̪ o n̪ j ɐ
Masedonya	m ɐ s ɛ d̪ oː ɲ ɐ
Masiit	m ɐ s iː ʔ ɪ t̪̚
Masilang	m ɐ s iː l ɐ ŋ
Masilungan	m ɐ s ɪ l uː ŋ ɐ n̪
Masinag	m ɐ s iː n̪ ɐ ɡ̚
Maslog	m ɐ s l o ɡ̚
Masupil	m ɐ s uː p ɪ l
Mataasnakahoy	m ɐ t̪ ɐ ʔ a s n̪ ɐ x aː h o ɪ̯
Matabungkay	m ɐ t̪ ɐ b ʊ ŋ k a ɪ̯
Matalam	m ɐ t̪ aː l ɐ m
Matalino	m ɐ t̪ ɐ l iː n̪ o
Matanao	m ɐ t̪ ɐ n̪ a ʊ̯
Matanguihan	m ɐ t̪ ɐ ŋ ɡ iː h ɐ n̪
Matanguihan	m ɐ t̪ ɐ ŋ ɡ ɪ h a n̪
Matatag	m ɐ t̪ ɐ t̪ a ɡ̚
Matawaran	m ɐ t̪ ɐ w aː ɾ ɐ n̪
Mateo	m ɐ t̪ ɛː j o
Mati	m aː t̪ ɪ
Matibag	m ɐ t̪ iː b ɐ ɡ̚
Matillano	m ɐ t̪ ɪ l j aː n̪ o
Matira	m ɐ t̪ iː ɾ ɐ
Matsuda	m ɐ t͡s uː d̪ ɐ
Matsui	m ɐ t t͡ʃ uː w ɪ
Matsui	m ɐ t̪ s uː w ɪ
Matsuki	m aː t͡s ʊ x ɪ
Matsumori	m ɐ t͡s ʊ m oː ɾ ɪ
Matsumoto	m ɐ t͡s ʊ m oː t̪ o
Matsunaga	m ɐ t͡s ʊ n̪ aː ɣ ɐ
Matsuno	m ɐ t͡s uː n̪ o
Matsushima	m ɐ t͡s ʊ s j iː m ɐ
Matsushima	m ɐ t͡s ʊ ʃ iː m ɐ
Matsushita	m ɐ t͡s ʊ s j iː t̪ ɐ
Matsushita	m ɐ t͡s ʊ ʃ iː t̪ ɐ
Matsuyama	m ɐ t͡s ʊ j aː m ɐ
Maturan	m ɐ t̪ uː ɾ ɐ n̪
Mauban	m ɐ ʔ uː b ɐ n̪
Mauhay	m ɐ ʔ uː h a ɪ̯
Mauleon	m a ʊ̯ l ɛ j o n̪
Mauleon	m ɐ ʔ ʊ l ɛ j o n̪
Maunahan	m ɐ ʔ ʊ n̪ aː h ɐ n̪
Mausig	m ɐ ʔ uː s ɪ ɡ̚
Mausisa	m ɐ ʔ ʊ s iː s ɐ
Mawab	m aː w ɐ b̚
Maximo	m a k s ɪ m o
May	m e ɪ̯
Maybunga	m a ɪ̯ b uː ŋ ɐ
Maydolong	m a ɪ̯ d̪ oː l o ŋ
Maykapal	m a ɪ̯ x ɐ p a l
Maykawayan	m a ɪ̯ x ɐ w aː j ɐ n̪
Maylikha	m a ɪ̯ l ɪ k h a ʔ
Maymay	m a ɪ̯ m a ɪ̯
Maynila	m a ɪ̯ n̪ iː l ɐ ʔ
Mayo	m aː j o
Mayon	m ɐ j o n̪
Mayoyao	m ɐ j o j a ʊ̯
Mayuga	m ɐ j uː ɣ ɐ
Mayumi	m ɐ j uː m ɪ
Mañalac	m ɐ n ɲ aː l ɐ k̚
Mañalac	m ɐ n̪ j aː l ɐ k̚
Maño	m a n̪ j o
Maño	m aː ɲ o
McDo	m ɐ k d̪ o
McDo	m ɐ k d̪ o ʔ
Medellin	m ɛ d̪ ɛ l j ɪ n̪
Medenilla	m ɛ d̪ ɛ n̪ i l j ɐ
Medina	m ɛ d̪ iː n̪ ɐ
Mediteraneo	m ɛ d̪ ɪ t̪ ɛ ɾ aː n̪ ɛ j o
Medrano	m ɛ d̪ ɾ aː n̪ o
Megan	m ɛː ɣ ɐ n̪
Megumi	m ɛ ɣ uː m ɪ
Mehikana	m ɛ h ɪ x aː n̪ ɐ
Mehikano	m ɛ h ɪ x aː n̪ o
Mehiko	m ɛː h ɪ x o
Mejia	m ɛ h iː j ɐ
Meka	m ɛː x ɐ
Meksikana	m ɛ k s ɪ x aː n̪ ɐ
Meksikano	m ɛ k s ɪ x aː n̪ o
Melchor	m ɛ l t͡s o ɾ
Melchor	m ɛ l t͡ʃ o ɾ
Melgar	m ɛ l ɡ a ɾ
Menchavez	m ɛ n̪ t͡s aː b ɛ s
Menchavez	m ɛ n̪ t͡ʃ aː b ɛ s
Menchavez	m ɛ n̪ t͡ʃ aː v ɛ s
Menchie	m ɛ n̪ t͡s ɪ
Menchie	m ɛ n̪ t͡ʃ ɪ
Mendaros	m ɛ n̪ d̪ aː ɾ o s
Mendez	m ɛ n̪ d̪ ɛ s
Mendiola	m ɛ n̪ d̪ j oː l ɐ
Mendiola	m ɛ n̪ d͡ʒ oː l ɐ
Mendoza	m ɛ n̪ d̪ oː s ɐ
Mendoza	m ɛ n̪ d̪ oː z ɐ
Meneses	m ɛ n̪ ɛː s ɛ s
Menorca	m ɛ n̪ o ɾ k ɐ
Meranaw	m ɐ ɾ ɐ n̪ a ʊ̯
Meranaw	m ə ɾ ɐ n̪ a ʊ̯
Meranaw	m ɛ ɾ ɐ n̪ a ʊ̯
Mercado	m ɛ ɾ k aː d̪ o
Mercedes	m ɛ ɾ s ɛː d̪ ɛ s
Mercy	m ɛ ɾ s ɪ
Merkuryo	m ɛ ɾ k u ɾ j o
Merry	m ɛː ɾ ɪ
Mesiyas	m ɛ s iː j ɐ s
Mesiyas	m ɛ s j a s
Mesiyas	m ɛ ʃ a s
Mesyas	m ɛ s j a s
Mesyas	m ɛ ʃ a s
Metro	m ɛ t̪ ɾ o
Meycauayan	m e ɪ̯ x ɐ w aː j ɐ n̪
Michelena	m ɪ t t͡ʃ ɛ l ɛː n̪ ɐ
Michelena	m ɪ t̪ s ɛ l ɛː n̪ ɐ
Michiko	m i t̪ s ɪ x o
Michiko	m iː t͡ʃ ɪ x o
Midori	m ɪ d̪ oː ɾ ɪ
Midsayap	m ɪ d̪ s aː j ɐ p̚
Midsayap	m ɪ d̪ s ɐ j a p̚
Miguel	m ɪ ɣ ɛ l
Mijares	m ɪ h aː ɾ ɛ s
Mikiko	m ɪ x iː x o
Milaor	m ɪ l ɐ ʔ o ɾ
Milar	m ɪ l a ɾ
Militante	m ɪ l ɪ t̪ a n̪ t̪ ɛ
Millares	m ɪ l j aː ɾ ɛ s
Minako	m iː n̪ ɐ x o
Minalabac	m ɪ n̪ ɐ l aː b ɐ k̚
Minalin	m ɪ n̪ aː l ɪ n̪
Minami	m ɪ n̪ aː m ɪ
Mindanao	m ɪ n̪ d̪ ɐ n̪ a ʊ̯
Mindanaw	m ɪ n̪ d̪ ɐ n̪ a ʊ̯
Mindoro	m ɪ n̪ d̪ oː ɾ o
Minglanilla	m ɪ n̪ l ɐ n̪ i l j ɐ
Minviluz	m ɪ m b ɪ l ʊ s
Minviluz	m ɪ m v ɪ l ʊ s
Mira	m iː ɾ ɐ
Miraflores	m ɪ ɾ ɐ f l oː ɾ ɛ s
Miraflores	m ɪ ɾ ɐ p l oː ɾ ɛ s
Miranda	m ɪ ɾ a n̪ d̪ ɐ
Mirasol	m ɪ ɾ ɐ s o l
Misako	m ɪ s aː x o
Misalucha	m ɪ s ɐ l u t̪ s ɐ
Misalucha	m ɪ s ɐ l uː t͡ʃ ɐ
Misamis	m ɪ s aː m ɪ s
Mitch	m ɪ t̪ s
Mitch	m ɪ t͡ʃ
Mitsui	m ɪ t͡s uː w ɪ
Miy	m ɪ j
Miyagawa	m j ɐ ɣ aː w ɐ
Miyer	m j ɛ ɾ
Miyerkoles	m j ɛ ɾ k o l ɛ s
Miyerkules	m j ɛ ɾ k ʊ l ɛ s
Miyuki	m j uː x ɪ
Mizuguchi	m ɪ s ʊ ɣ u t̪ s ɪ
Mizuguchi	m ɪ s ʊ ɣ uː t͡ʃ ɪ
Mizuguchi	m ɪ z ʊ ɣ uː t͡ʃ ɪ
Mizuno	m ɪ s uː n̪ o
Mizuno	m ɪ z uː n̪ o
Moalboal	m w ɐ l b w a l
Moises	m o ɪ̯ s ɛ s
Moldabya	m o l d̪ a b j ɐ
Molina	m o l iː n̪ ɐ
Monako	m oː n̪ ɐ x o
Mondragon	m o n̪ d̪ ɾ ɐ ɣ o n̪
Monge	m o ŋ h ɛ
Monica	m oː n̪ ɪ x a
Monje	m o ŋ h ɛ
Monkayo	m o ŋ k aː j o
Monreal	m o n̪ ɾ ɛ j a l
Monsalud	m o n̪ s ɐ l ʊ d̪̚
Montalban	m o n̪ t̪ ɐ l b a n̪
Montalbo	m o n̪ t̪ a l b o
Montana	m o n̪ t̪ aː n̪ ɐ
Montaner	m o n̪ t̪ ɐ n̪ ɛ ɾ
Montañez	m o n̪ t̪ a n̪ j ɛ s
Montañez	m o n̪ t̪ aː ɲ ɛ s
Montaño	m o n̪ t̪ a n̪ j o
Montaño	m o n̪ t̪ aː ɲ o
Monte	m o n̪ t̪ ɛ
Montealegre	m o n̪ t̪ ɛ ʔ ɐ l ɛː ɡ ɾ ɛ
Montealto	m o n̪ t̪ ɛ ʔ a l t̪ o
Montecalvo	m o n̪ t̪ ɛ x a l b o
Montecalvo	m o n̪ t̪ ɛ x a l v o
Montecillo	m o n̪ t̪ ɛ s i l j o
Monteclaro	m o n̪ t̪ ɛ k l aː ɾ o
Montejo	m o n̪ t̪ ɛː h o
Montemayor	m o n̪ t̪ ɛ m ɐ j o ɾ
Montenegro	m o n̪ t̪ ɛ n̪ ɛː ɡ ɾ o
Monterola	m o n̪ t̪ ɛ ɾ oː l ɐ
Montes	m o n̪ t̪ ɛ s
Montevista	m o n̪ t̪ ɛ b i s t̪ ɐ
Montevista	m o n̪ t̪ ɛ v i s t̪ ɐ
Montillano	m o n̪ t̪ ɪ l j aː n̪ o
Montinola	m o n̪ t̪ ɪ n̪ oː l ɐ
Montojo	m o n̪ t̪ oː h o
Montoya	m o n̪ t̪ oː j ɐ
Morada	m o ɾ aː d̪ ɐ
Moralde	m o ɾ a l d̪ ɛ
Morales	m o ɾ aː l ɛ s
Morando	m o ɾ a n̪ d̪ o
Morato	m o ɾ ɐ t̪ o
Moreno	m o ɾ ɛː n̪ o
Moriones	m o ɾ j oː n̪ ɛ s
Moro	m oː ɾ o
Morong	m oː ɾ o ŋ
Mosku	m o s k ʊ
Moslem	m o s l ɛ m
Motoko	m o t̪ oː x o
Moymoy	m o ɪ̯ m o ɪ̯
Muhammad	m ʊ h aː m ɐ d̪̚
Muhi	m uː h ɪ
Mulanay	m ʊ l ɐ n̪ a ɪ̯
Mulimbayan	m ʊ l ɪ m b aː j ɐ n̪
Mulingtapang	m ʊ l ɪ n̪ t̪ aː p ɐ ŋ
Mungcal	m ʊ ŋ k a l
Munsayac	m ʊ n̪ s ɐ j a k̚
Munti	m ʊ n̪ t̪ ɪ ʔ
Muntinlupa	m ʊ n̪ t̪ ɪ n̪ l uː p ɐ ʔ
Murayama	m ʊ ɾ ɐ j aː m ɐ
Muslim	m ʊ s l ɪ m
Musulman	m ʊ s ʊ l m a n̪
Mutiangpili	m ʊ t t͡ʃ ɐ m p iː l ɪ
Mutiangpili	m ʊ t̪ j ɐ m p iː l ɪ
Mutuc	m uː t̪ ʊ k̚
Mutya	m ʊ t t͡ʃ a ʔ
Mutya	m ʊ t̪ j a ʔ
Muyot	m uː j o t̪̚
Muzon	m ʊ s o n̪
Muzon	m ʊ z o n̪
Muñoz	m ʊ n ɲ o s
Muñoz	m ʊ n̪ j o s
Myanmar	m j ɐ n̪ m a ɾ
Mëranaw	m ə ɾ ɐ n̪ a ʊ̯
N	n̪
N	n̪ a
N	ʔ ɛ n̪
N	ʔ ɛː n̪ ɛ
NAPOCOR	n̪ aː p o x o ɾ
NAPOLCOM	n̪ aː p o l k o m
NAWASA	n̪ ɐ w aː s ɐ
Nabalawag	n̪ ɐ b ɐ l aː w ɐ ɡ̚
Nabas	n̪ aː b ɐ s
Nabua	n̪ a b w ɐ
Nabua	n̪ a b w ɐ ʔ
Nabukodonosor	n̪ ɐ b ʊ x o d̪ o n̪ o s o ɾ
Nabunturan	n̪ ɐ b ʊ n̪ t̪ ʊ ɾ a n̪
Nacpil	n̪ ɐ k p ɪ l
Nadia	n̪ a d̪ j ɐ
Nadia	n̪ aː d͡ʒ ɐ
Nadine	n̪ ɐ d̪ ɪ n̪
Naga	n̪ aː ɣ ɐ
Nagcarlan	n̪ ɐ ɡ k ɐ ɾ l a n̪
Nagpala	n̪ ɐ ɡ p aː l ɐ
Nagtalon	n̪ ɐ ɡ t̪ aː l o n̪
Naic	n̪ aː ʔ ɪ k̚
Nakagawa	n̪ ɐ x ɐ ɣ aː w ɐ
Nakajima	n̪ ɐ x ɐ d̪ j iː m ɐ
Nakajima	n̪ ɐ x ɐ d͡ʒ iː m ɐ
Nakamura	n̪ ɐ x ɐ m uː ɾ ɐ
Nakashima	n̪ ɐ x ɐ s j iː m ɐ
Nakashima	n̪ ɐ x ɐ ʃ iː m ɐ
Nakasone	n̪ ɐ x ɐ s oː n̪ ɛ
Nakpil	n̪ ɐ k p ɪ l
Namayan	n̪ ɐ m aː j ɐ n̪
Nancy	n̪ a n̪ s ɪ
Nando	n̪ a n̪ d̪ o
Naoko	n̪ a ʊ̯ x o
Naomi	n̪ a ʊ̯ m ɪ
Naomi	n̪ ɐ j o ʊ̯ m ɪ
Napindan	n̪ ɐ p ɪ n̪ d̪ a n̪
Napoles	n̪ ɐ p oː l ɛ s
Narag	n̪ aː ɾ ɐ ɡ̚
Narding	n̪ ɐ ɾ d̪ ɪ ŋ
Nardo	n̪ a ɾ d̪ o
Narvaez	n̪ ɐ ɾ b aː ʔ ɛ s
Narvaez	n̪ ɐ ɾ v aː ʔ ɛ s
Nasareno	n̪ ɐ s ɐ ɾ ɛː n̪ o
Nasaret	n̪ ɐ s ɐ ɾ ɛ t̪̚
Nasipit	n̪ ɐ s iː p ɪ t̪̚
Nasugbu	n̪ aː s ʊ ɡ b ʊ ʔ
Natanauan	n̪ ɐ t̪ ɐ n̪ aː w ɐ n̪
Nathalie	n̪ aː t̪ ɐ l ɪ
Natividad	n̪ ɐ t̪ ɪ b ɪ d̪ a d̪̚
Natividad	n̪ ɐ t̪ ɪ v ɪ d̪ a d̪̚
Natonin	n̪ ɐ t̪ oː n̪ ɪ n̪
Natoy	n̪ aː t̪ o ɪ̯
Natsuko	n̪ ɐ t͡s uː x o
Naty	n̪ aː t̪ ɪ
Naujan	n̪ ɐ ʔ uː h ɐ n̪
Naujan	n̪ ɐ ʔ ʊ h a n̪
Naval	n̪ ɐ b a l
Naval	n̪ ɐ v a l
Navarrete	n̪ ɐ b ɐ ɾ ɛː t̪ ɛ
Navarrete	n̪ ɐ v ɐ ɾ ɛː t̪ ɛ
Navarro	n̪ ɐ b aː ɾ o
Navarro	n̪ ɐ v aː ɾ o
Navoa	n̪ ɐ b oː w ɐ
Navoa	n̪ ɐ v oː w ɐ
Navotas	n̪ ɐ b oː t̪ ɐ s
Navotas	n̪ ɐ v oː t̪ ɐ s
Nazareno	n̪ ɐ s ɐ ɾ ɛː n̪ o
Nazaret	n̪ ɐ s ɐ ɾ ɛ t̪̚
Nebraska	n̪ ɛ b ɾ a s k ɐ
Negra	n̪ ɛː ɡ ɾ ɐ
Negrito	n̪ ɛ ɡ ɾ iː t̪ o
Negro	n̪ ɛː ɡ ɾ o
Negros	n̪ ɛː ɡ ɾ o s
Nelson	n̪ ɛ l s o n̪
Nene	n̪ ɛː n̪ ɛ ʔ
Neneng	n̪ ɛː n̪ ɛ ŋ
Nepal	n̪ ɛ p a l
Neptuno	n̪ ɛ p t̪ uː n̪ o
Netoy	n̪ ɛː t̪ o ɪ̯
Ng	n̪ ɐ ŋ
Ng	ŋ
Ng	ŋ a
Ngo	ŋ o
Nicanor	n̪ ɪ x ɐ n̪ o ɾ
Nicart	n̪ iː x ɐ ɹ t̪
Nicdao	n̪ ɪ k d̪ a ʊ̯
Nicolas	n̪ ɪ x o l a s
Nicole	n̪ ɪ x o ʊ̯ l
Nietes	n̪ j ɛː t̪ ɛ s
Nietes	ɲ ɛː t̪ ɛ s
Nihongo	n̪ ɪ h o ŋ ɡ o
Nilay	n̪ iː l a ɪ̯
Nilo	n̪ iː l o
Ninoy	n̪ iː n̪ o ɪ̯
Niog	n̪ j o ɡ̚
Niog	ɲ o ɡ̚
Nipon	n̪ ɪ p o n̪
Nipones	n̪ ɪ p oː n̪ ɛ s
Nishikawa	n̪ ɪ s j ɪ x aː w ɐ
Nishikawa	n̪ ɪ ʃ ɪ x aː w ɐ
Niu	n̪ j ʊ
Niu	n̪ ɪ ʊ̯
Niu	ɲ ʊ
Niugan	n̪ j uː ɣ ɐ n̪
Niugan	ɲ uː ɣ ɐ n̪
Nobleza	n̪ o b l ɛː s ɐ
Nobuhisa	n̪ o b ʊ h iː s ɐ
Nobyembre	n̪ o b j ɛ m b ɾ ɛ
Noe	n̪ o w ɛ
Noe	n̪ oː w ɛ
Nolasco	n̪ o l a s k o
Nonong	n̪ oː n̪ o ŋ
Norberto	n̪ o ɾ b ɛ ɾ t̪ o
Noriega	n̪ o ɾ j ɛː ɣ ɐ
Noriko	n̪ o ɾ iː x o
Norma	n̪ o ɾ m ɐ
Norte	n̪ o ɾ t̪ ɛ
Norteamerika	n̪ o ɾ t̪ ɛ ʔ ɐ m ɛː ɾ ɪ x a
Norteamerikana	n̪ o ɾ t̪ ɛ ʔ ɐ m ɛ ɾ ɪ x aː n̪ ɐ
Norteamerikano	n̪ o ɾ t̪ ɛ ʔ ɐ m ɛ ɾ ɪ x aː n̪ o
North	n̪ o ɹ t̪
Norwega	n̪ o ɾ w ɛː ɣ ɐ
Norzagaray	n̪ o ɾ s ɐ ɣ ɐ ɾ a ɪ̯
Norzagaray	n̪ o ɾ z ɐ ɣ ɐ ɾ a ɪ̯
Notarte	n̪ o t̪ a ɾ t̪ ɛ
Notre	n̪ oː t̪ ɾ ɛ
Notsebuwena	n̪ o t̪ s ɛ b w ɛː n̪ ɐ
Notsebuwena	n̪ oː t͡ʃ ɛ b w ɛː n̪ ɐ
Novalenyo	n̪ o b ɐ l ɛ n̪ j o
Novalenyo	n̪ o b ɐ l ɛː ɲ o
Novalenyo	n̪ o v ɐ l ɛː ɲ o
Novaliches	n̪ o b ɐ l i t̪ s ɛ s
Novaliches	n̪ o b ɐ l iː t͡ʃ ɛ s
Novaliches	n̪ o v ɐ l iː t͡ʃ ɛ s
Noveleta	n̪ o b ɛ l ɛː t̪ ɐ
Noveleta	n̪ o v ɛ l ɛː t̪ ɐ
Novero	n̪ o b ɛː ɾ o
Novero	n̪ o v ɛː ɾ o
Noynoy	n̪ o ɪ̯ n̪ o ɪ̯
Noypi	n̪ o ɪ̯ p ɪ
Nuevo	n̪ w ɛː b o
Nuevo	n̪ w ɛː v o
Nuh	n̪ ʊ h
Nuki	n̪ uː x ɪ
Numancia	n̪ ʊ m a n̪ s j ɐ
Numancia	n̪ ʊ m a n̪ ʃ ɐ
Nuñez	n̪ u n̪ j ɛ s
Nuñez	n̪ uː ɲ ɛ s
O	o
O	ʔ o
O	ʔ o ʊ̯
Oas	ʔ o w a s
Obando	ʔ o b ɐ n̪ d̪ o
Obligacion	ʔ o b l ɪ ɣ ɐ s j o n̪
Obligacion	ʔ o b l ɪ ɣ ɐ ʃ o n̪
Obrero	ʔ o b ɾ ɛː ɾ o
Ocampo	ʔ o x a m p o
Ochoa	ʔ o t t͡ʃ oː w ɐ
Ochoa	ʔ o t̪ s oː w ɐ
Oconer	ʔ oː x o n̪ ɛ ɾ
Odeste	ʔ o d̪ ɛ s t̪ ɛ
Odiongan	ʔ o d d͡ʒ oː ŋ ɐ n̪
Odiongan	ʔ o d̪ j oː ŋ ɐ n̪
Oeste	ʔ o w ɛ s t̪ ɛ
Ofelia	ʔ o f ɛ l j ɐ
Ofelia	ʔ o p ɛ l j ɐ
Ogawa	ʔ o ɣ aː w ɐ
Oh	ʔ o
Ohta	ʔ oː t̪ ɐ
Ohtani	ʔ o t̪ aː n̪ ɪ
Ojeda	ʔ o h ɛː d̪ ɐ
Oklahoma	ʔ o k l ɐ h oː m ɐ
Oktobre	ʔ o k t̪ o b ɾ ɛ
Oktubre	ʔ o k t̪ u b ɾ ɛ
Olaguer	ʔ o l ɐ ɣ ɛ ɾ
Olalia	ʔ o l a l j ɐ
Olan	ʔ oː l ɐ n̪
Olanda	ʔ o l a n̪ d̪ ɐ
Olandes	ʔ o l ɐ n̪ d̪ ɛ s
Olandesa	ʔ o l ɐ n̪ d̪ ɛː s ɐ
Olano	ʔ o l aː n̪ o
Olarte	ʔ o l a ɾ t̪ ɛ
Olayvar	ʔ o l a ɪ̯ b ɐ ɾ
Olayvar	ʔ o l a ɪ̯ v ɐ ɾ
Olea	ʔ o l ɛː j ɐ
Olimpiyada	ʔ o l ɪ m p j aː d̪ ɐ
Oliva	ʔ o l iː b ɐ
Oliva	ʔ o l iː v ɐ
Olivares	ʔ o l ɪ b aː ɾ ɛ s
Olivares	ʔ o l ɪ v aː ɾ ɛ s
Oliver	ʔ oː l ɪ b ɛ ɾ
Oliver	ʔ oː l ɪ v ɛ ɾ
Olivera	ʔ o l ɪ b ɛː ɾ ɐ
Olivera	ʔ o l ɪ v ɛː ɾ ɐ
Oliverio	ʔ o l ɪ b ɛ ɾ j o
Oliverio	ʔ o l ɪ v ɛ ɾ j o
Oliveros	ʔ o l ɪ b ɛː ɾ o s
Oliveros	ʔ o l ɪ v ɛː ɾ o s
Olmedo	ʔ o l m ɛː d̪ o
Olongapo	ʔ o l o ŋ ɡ ɐ p o
Oman	ʔ o m a n̪
Omoyon	ʔ o m oː j o n̪
Ona	ʔ oː n̪ ɐ
Ong	ʔ o ŋ
Ongkiko	ʔ o ŋ k iː x o
Ongpin	ʔ o m p ɪ n̪
Opeña	ʔ o p ɛ n̪ j ɐ
Opeña	ʔ o p ɛː ɲ ɐ
Ople	ʔ o p l ɛ
Oracion	ʔ o ɾ ɐ s j o n̪
Oracion	ʔ o ɾ ɐ ʃ o n̪
Oranbo	ʔ o ɾ ɐ m b o ʔ
Orani	ʔ o ɾ aː n̪ ɪ
Oras	ʔ o ɾ a s
Ordoñez	ʔ o ɾ d̪ o n̪ j ɛ s
Ordoñez	ʔ o ɾ d̪ oː ɲ ɛ s
Oregon	ʔ oː ɾ ɛ ɣ o n̪
Orejudos	ʔ o ɾ ɛ h uː d̪ o s
Orendain	ʔ o ɾ ɛ n̪ d̪ ɐ ʔ ɪ n̪
Orense	ʔ o ɾ ɛ n̪ s ɛ
Oribello	ʔ o ɾ ɪ b ɛ l j o
Orion	ʔ o ɾ j o n̪
Ormoc	ʔ o ɾ m o k̚
Oroquieta	ʔ o ɾ o k j ɛː t̪ ɐ
Ortea	ʔ o ɾ t̪ ɛː j ɐ
Ortega	ʔ o ɾ t̪ ɛː ɣ ɐ
Ortiz	ʔ o ɾ t̪ ɪ s
Oryon	ʔ o ɾ j o n̪
Osaka	ʔ o s aː x ɐ
Osamu	ʔ o s aː m ʊ
Osias	ʔ o s iː j ɐ s
Oslob	ʔ o s l o b̚
Osmeña	ʔ o s m ɛ n̪ j ɐ
Osmeña	ʔ o s m ɛː ɲ ɐ
Osorio	ʔ o s o ɾ j o
Otani	ʔ o t̪ aː n̪ ɪ
Oweste	ʔ o w ɛ s t̪ ɛ
Ozamiz	ʔ o s aː m ɪ s
Ozamiz	ʔ o z aː m ɪ s
Ozawa	ʔ o s aː w ɐ
Ozawa	ʔ o z aː w ɐ
Oñate	ʔ o n ɲ aː t̪ ɛ
Oñate	ʔ o n̪ j aː t̪ ɛ
P	p
P	p a
P	p ɛ
P	p ɪ
PAGASA	p ɐ ɡ ʔ aː s ɐ
PG	p i d̪ j ɪ
PG	p iː d͡ʒ ɪ
PI	p iː ʔ a ɪ̯
PNoy	p iː n̪ o ɪ̯
Pabillo	p ɐ b i l j o
Pablo	p aː b l o
Pacana	p ɐ x aː n̪ ɐ
Pacaña	p ɐ x a n̪ j ɐ
Pacaña	p ɐ x aː ɲ ɐ
Pacdal	p ɐ k d̪ a l
Pacheco	p ɐ t t͡ʃ ɛː x o
Pacheco	p ɐ t̪ s ɛː x o
Pacia	p a s j ɐ
Pacia	p aː ʃ ɐ
Pacquiao	p ɐ k j a ʊ̯
Pacupac	p ɐ x uː p ɐ k̚
Padada	p ɐ d̪ aː d̪ ɐ
Padilla	p ɐ d̪ i l j ɐ
Padre	p aː d̪ ɾ ɛ
Padrenuwestro	p aː d̪ ɾ ɛ n̪ w ɛ s t̪ ɾ o
Padua	p a d̪ w ɐ
Paeng	p ɐ ʔ ɛ ŋ
Paes	p aː ʔ ɛ s
Paete	p a ɪ̯ t̪ ɛ ʔ
Paete	p ɐ ʔ ɛː t̪ ɛ
Paez	p aː ʔ ɛ s
Pagadian	p ɐ ɣ ɐ d̪ iː ʔ ɐ n̪
Pagaduan	p ɐ ɣ ɐ d̪ uː ʔ ɐ n̪
Pagaspas	p ɐ ɣ ɐ s p a s
Pagatpatan	p ɐ ɣ ɐ t̪ p aː t̪ ɐ n̪
Pagbilao	p ɐ ɡ b ɪ l a ʊ̯
Pagcaliuangan	p ɐ ɡ k ɐ l ɪ w ɐ ŋ ɡ a n̪
Pagcaliwagan	p ɐ ɡ k ɐ l ɪ w aː ɣ ɐ n̪
Pagdanganan	p ɐ ɡ d̪ ɐ ŋ aː n̪ ɐ n̪
Pagdilao	p ɐ ɡ d̪ ɪ l a ʊ̯
Pagitan	p ɐ ɣ iː t̪ ɐ n̪
Pagkalinawan	p ɐ ɡ k ɐ l ɪ n̪ aː w ɐ n̪
Pagkaliwagan	p ɐ ɡ k ɐ l ɪ w aː ɣ ɐ n̪
Pagkamakakristo	p ɐ ɡ k ɐ m ɐ x ɐ k ɾ i s t̪ o
Paglinawan	p ɐ ɡ l ɪ n̪ aː w ɐ n̪
Pagsanjan	p ɐ ɡ s ɐ n̪ h a n̪
Pagsinohin	p ɐ ɡ s ɪ n̪ oː h ɪ n̪
Pagsisihan	p ɐ ɡ s ɪ s iː h ɐ n̪
Pagsuyoin	p ɐ ɡ s ʊ j oː ʔ ɪ n̪
Pagsuyuin	p ɐ ɡ s ʊ j uː ʔ ɪ n̪
Pagtakhan	p ɐ ɡ t̪ ɐ k h a n̪
Pagtalunan	p ɐ ɡ t̪ ɐ l uː n̪ ɐ n̪
Paguia	p a ɡ j ɐ
Paguio	p a ɡ j o
Pagulayan	p ɐ ɣ ʊ l aː j ɐ n̪
Pahamuddin	p ɐ h ɐ m ʊ d̪ d̪ ɪ n̪
Pahamuddin	p ɐ h ɐ m ʊ d̪ ɪ n̪
Pahati	p ɐ h aː t̪ ɪ
Pahayag	p ɐ h ɐ j a ɡ̚
Pajares	p ɐ h aː ɾ ɛ s
Pajarillo	p ɐ h ɐ ɾ i l j o
Pajarito	p ɐ h ɐ ɾ iː t̪ o
Pakikinabang	p ɐ x ɪ x ɪ n̪ aː b ɐ ŋ
Pakil	p aː x ɪ l
Pakinabang	p ɐ x ɪ n̪ aː b ɐ ŋ
Pakingan	p ɐ x ɪ ŋ ɡ a n̪
Pakistan	p aː x ɪ s t̪ a n̪
Palacios	p ɐ l a s j o s
Palacios	p ɐ l aː ʃ o s
Palacol	p ɐ l ɐ x o l
Palacpac	p ɐ l ɐ k p a k̚
Palad	p aː l ɐ d̪̚
Palafox	p ɐ l ɐ f o k s
Palafox	p ɐ l ɐ p o k s
Palarca	p ɐ l a ɾ k ɐ
Palawan	p ɐ l aː w ɐ n̪
Palayan	p ɐ l aː j ɐ n̪
Palestina	p ɐ l ɛ s t̪ iː n̪ ɐ
Palestino	p ɐ l ɛ s t̪ iː n̪ o
Paligsahan	p ɐ l ɪ ɡ s aː h ɐ n̪
Palima	p ɐ l iː m ɐ
Palisoc	p ɐ l iː s o k̚
Palo	p ɐ l o ʔ
Palomares	p ɐ l o m aː ɾ ɛ s
Paltok	p ɐ l t̪ o k̚
Pamaran	p ɐ m ɐ ɾ a n̪
Pambungad	p ɐ m b uː ŋ ɐ d̪̚
Pamintuan	p ɐ m ɪ n̪ t̪ uː ʔ ɐ n̪
Pampanga	p ɐ m p a ŋ ɡ ɐ
Pampango	p ɐ m p a ŋ ɡ o
Pamplona	p ɐ m p l oː n̪ ɐ
Pamulaklakin	p ɐ m ʊ l ɐ k l ɐ x ɪ n̪
Pan	p a n̪
Panabo	p ɐ n̪ aː b o
Panagbenga	p ɐ n̪ ɐ ɡ b ə ŋ a
Panagbenga	p ɐ n̪ ɐ ɡ b ə ŋ ŋ a
Panagbenga	p ɐ n̪ ɐ ɡ b ɛː ŋ ɐ
Panalangin	p ɐ n̪ ɐ l aː ŋ ɪ n̪
Panaligan	p ɐ n̪ ɐ l iː ɣ ɐ n̪
Panama	p aː n̪ ɐ m a
Panama	p ɐ n̪ ɐ m a
Panay	p ɐ n̪ a ɪ̯
Pandacan	p ɐ n̪ d̪ aː x ɐ n̪
Pandan	p ɐ n̪ d̪ a n̪
Pandi	p ɐ n̪ d̪ ɪ ʔ
Pandora	p ɐ n̪ d̪ oː ɾ ɐ
Panelo	p ɐ n̪ ɛː l o
Paner	p ɐ n̪ ɛ ɾ
Pang	p a ŋ
Pangan	p aː ŋ ɐ n̪
Panganiban	p ɐ ŋ ɐ n̪ iː b ɐ n̪
Pangantucan	p ɐ ŋ ɐ n̪ t̪ uː x ɐ n̪
Pangasinan	p ɐ ŋ ɡ ɐ s ɪ n̪ a n̪
Panggasinense	p ɐ ŋ ɡ ɐ s ɪ n̪ ɛ n̪ s ɛ
Pangilinan	p ɐ ŋ ɪ l iː n̪ ɐ n̪
Panginoon	p ɐ ŋ ɪ n̪ o ʔ o n̪
Panginoon	p ɐ ŋ ɪ n̪ oː ʔ o n̪
Panglao	p a n̪ l a ʊ̯
Panglao	p ɐ n̪ l a ʊ̯
Panitan	p ɐ n̪ iː t̪ ɐ n̪
Panlilio	p ɐ n̪ l i l j o
Panopio	p ɐ n̪ o p j o
Pansol	p ɐ n̪ s o l
Pantabangan	p ɐ n̪ t̪ ɐ b ɐ ŋ a n̪
Pantig	p ɐ n̪ t̪ ɪ ɡ̚
Pantoja	p ɐ n̪ t̪ oː h ɐ
Pantukan	p ɐ n̪ t̪ uː x ɐ n̪
Panukulan	p aː n̪ ʊ x ʊ l a n̪
Paoay	p ɐ w a ɪ̯
Paombong	p o m b o ŋ
Paombong	p ɐ ʔ o m b o ŋ
Papa	p aː p ɐ
Paracale	p ɐ ɾ ɐ x aː l ɛ
Paracelis	p ɐ ɾ ɐ s ɛː l ɪ s
Paradero	p ɐ ɾ ɐ d̪ ɛː ɾ o
Paragas	p ɐ ɾ aː ɣ ɐ s
Paraiso	p ɐ ɾ a ɪ̯ s o
Paraluman	p ɐ ɾ ɐ l uː m ɐ n̪
Paran	p ɐ ɾ a n̪
Parang	p aː ɾ ɐ ŋ
Paransisko	p ɐ ɾ ɐ n̪ s i s k o
Paras	p ɐ ɾ a s
Parayno	p ɐ ɾ a ɪ̯ n̪ o
Parañaque	p ɐ ɾ ɐ n ɲ aː x ɛ
Parañaque	p ɐ ɾ ɐ n̪ j aː x ɛ
Pareño	p ɐ ɾ ɛ n̪ j o
Pareño	p ɐ ɾ ɛː ɲ o
Parilla	p ɐ ɾ i l j ɐ
Pariseo	p ɐ ɾ ɪ s ɛː j o
Pariseyo	p ɐ ɾ ɪ s ɛː j o
Park	p a ɹ k
Parreño	p ɐ ɾ ɛ n̪ j o
Parreño	p ɐ ɾ ɛː ɲ o
Parungao	p ɐ ɾ uː ŋ a ʊ̯
Pasacao	p ɐ s ɐ x a ʊ̯
Pasahol	p ɐ s aː h o l
Pasamba	p ɐ s a m b ɐ
Pasay	p aː s a ɪ̯
Pascua	p a s k w ɐ
Pascual	p ɐ s k w a l
Pasia	p a s j ɐ
Pasia	p aː ʃ ɐ
Pasig	p aː s ɪ ɡ̚
Pasil	p aː s ɪ l
Pasipiko	p ɐ s iː p ɪ x o
Pasko	p ɐ s k o
Paskuwa	p a s k w ɐ
Paskuwal	p ɐ s k w a l
Paskwa	p a s k w ɐ
Pasonanca	p ɐ s o n̪ a ŋ k ɐ
Passi	p aː s ɪ
Pastor	p ɐ s t̪ o ɾ
Pastora	p ɐ s t̪ oː ɾ ɐ
Pastrana	p ɐ s t̪ ɾ aː n̪ ɐ
Pasyon	p ɐ s j o n̪
Pasyon	p ɐ ʃ o n̪
Pateros	p ɐ t̪ ɛː ɾ o s
Paterosenyo	p ɐ t̪ ɛ ɾ o s ɛ n̪ j o
Paterosenyo	p ɐ t̪ ɛ ɾ o s ɛː ɲ o
Patiag	p ɐ t t͡ʃ a ɡ̚
Patiag	p ɐ t̪ j a ɡ̚
Patiño	p ɐ t̪ i n̪ j o
Patiño	p ɐ t̪ iː ɲ o
Patnanungan	p ɐ t̪ n̪ ɐ n̪ uː ŋ ɐ n̪
Patnongon	p ɐ t̪ n̪ oː ŋ o n̪
Patron	p ɐ t̪ ɾ o n̪
Patsy	p a t̪ s ɪ
Patty	p aː t̪ ɪ
Paul	p o l
Paulino	p a ʊ̯ l iː n̪ o
Paunlagui	p ɐ ʔ ʊ n̪ l ɐ ɣ ɪ
Payatas	p ɐ j aː t̪ ɐ s
Paz	p a s
Pearl	p ə ɹ l
Pebrero	p ɛ b ɾ ɛː ɾ o
Pecson	p ɛ k s o n̪
Pederio	p ɛ d̪ ɛ ɾ j o
Pedregal	p ɛ d̪ ɾ ɛ ɣ a l
Pedring	p ɛ d̪ ɾ ɪ ŋ
Pedro	p ɛː d̪ ɾ o
Peking	p ɛː x ɪ ŋ
Pekto	p ɛ k t̪ o
Pelaez	p ɛ l aː ʔ ɛ s
Pembo	p ɛ m b o
Pendo	p ə n̪ d̪ o
Pentekostes	p ɛ n̪ t̪ ɛ x o s t̪ ɛ s
Pepay	p ɛː p a ɪ̯
Pepito	p ɛ p iː t̪ o
Peralta	p ɛ ɾ a l t̪ ɐ
Perera	p ɛ ɾ ɛː ɾ ɐ
Perez	p ɛː ɾ ɛ s
Perfecto	p ɛ ɾ f ɛ k t̪ o
Perfecto	p ɛ ɾ p ɛ k t̪ o
Persa	p ɛ ɾ s ɐ
Persiyana	p ɛ ɾ s j aː n̪ ɐ
Persiyana	p ɛ ɾ ʃ aː n̪ ɐ
Persiyano	p ɛ ɾ s j aː n̪ o
Persiyano	p ɛ ɾ ʃ aː n̪ o
Peru	p ɛ ɾ ʊ
Pesigan	p ɛ s iː ɣ ɐ n̪
Petalcorin	p ɛ t̪ ɐ l k o ɾ ɪ n̪
Petronila	p ɛ t̪ ɾ o n̪ iː l ɐ
Peñablanca	p ɛ n ɲ ɐ b l a ŋ k ɐ
Peñablanca	p ɛ n̪ j ɐ b l a ŋ k ɐ
Peñaflor	p ɛ n ɲ ɐ f l o ɾ
Peñaflor	p ɛ n ɲ ɐ p l o ɾ
Peñaflor	p ɛ n̪ j ɐ p l o ɾ
Peñaflorida	p ɛ n ɲ ɐ f l o ɾ iː d̪ ɐ
Peñaflorida	p ɛ n ɲ ɐ p l o ɾ iː d̪ ɐ
Peñaflorida	p ɛ n̪ j ɐ p l o ɾ iː d̪ ɐ
Peñalosa	p ɛ n ɲ ɐ l oː s ɐ
Peñalosa	p ɛ n̪ j ɐ l oː s ɐ
Peñaranda	p ɛ n ɲ ɐ ɾ a n̪ d̪ ɐ
Peñaranda	p ɛ n̪ j ɐ ɾ a n̪ d̪ ɐ
Peñarrubia	p ɛ n ɲ ɐ ɾ u b j ɐ
Peñarrubia	p ɛ n̪ j ɐ ɾ u b j ɐ
Piat	p j a t̪̚
Picardal	p ɪ x ɐ ɾ d̪ a l
Pidigan	p ɪ d̪ iː ɣ ɐ n̪
Pigcawayan	p ɪ ɡ k ɐ w aː j ɐ n̪
Pigcawayan	p ɪ ɡ k ɐ w ɐ j a n̪
Pikit	p ɪ x ɪ t̪̚
Pila	p iː l ɐ
Pilar	p ɪ l a ɾ
Pilato	p ɪ l aː t̪ o
Pili	p iː l ɪ ʔ
Pilipina	p ɪ l ɪ p iː n̪ ɐ
Pilipinas	p ɪ l ɪ p iː n̪ ɐ s
Pilipinismo	p ɪ l ɪ p ɪ n̪ i s m o
Pilipino	p ɪ l ɪ p iː n̪ o
Pimentel	p ɪ m ɛ n̪ t̪ ɛ l
Pinagbuhatan	p ɪ n̪ ɐ ɡ b ʊ h aː t̪ ɐ n̪
Pinagkaisahan	p ɪ n̪ ɐ ɡ k aː ʔ ɪ s aː h ɐ n̪
Pinagsama	p ɪ n̪ a ɡ s aː m ɐ
Pinagtipunan	p ɪ n̪ ɐ ɡ t̪ ɪ p uː n̪ ɐ n̪
Pinamalayan	p ɪ n̪ ɐ m ɐ l ɐ j a n̪
Pinamucan	p ɪ n̪ ɐ m ʊ k ʔ a n̪
Pinamucan	p ɪ n̪ ɐ m ʊ x a n̪
Pinamungajan	p ɪ n̪ ɐ m ʊ ŋ aː h ɐ n̪
Pinas	p ɪ n̪ a s
Pinay	p ɪ n̪ a ɪ̯
Pineda	p ɪ n̪ ɛː d̪ ɐ
Pinget	p iː ŋ ə t̪̚
Pinget	p iː ŋ ɛ t̪̚
Pinky	p i ŋ k ɪ
Pinlac	p i n̪ l ɐ k̚
Pinlandiya	p ɪ n̪ l a n̪ d̪ j ɐ
Pinlandiya	p ɪ n̪ l a n̪ d͡ʒ ɐ
Pinlandya	p ɪ n̪ l a n̪ d̪ j ɐ
Pinlandya	p ɪ n̪ l a n̪ d͡ʒ ɐ
Pinoy	p ɪ n̪ o ɪ̯
Pinpin	p ɪ m p ɪ n̪
Pinsao	p ɪ n̪ s a ʊ̯
Pinsino	p ɪ n̪ s iː n̪ o
Pisay	p ɪ s a ɪ̯
Pisis	p iː s ɪ s
Pison	p ɪ s o n̪
Pissis	p i s s ɪ s
Pitogo	p ɪ t̪ oː ɣ o
Pitoy	p ɪ t̪ o ɪ̯
Pizarro	p ɪ s aː ɾ o
Pizarro	p ɪ z aː ɾ o
Piñol	p ɪ n ɲ o l
Piñol	p ɪ n̪ j o l
Piñon	p ɪ n ɲ o n̪
Piñon	p ɪ n̪ j o n̪
Planas	p l aː n̪ ɐ s
Plaridel	p l aː ɾ ɪ d̪ ɛ l
Platon	p l ɐ t̪ o n̪
Pleyades	p l ɛː j ɐ d̪ ɛ s
Po	p o
Poa	p oː w ɐ
Poa	p w a
Pobla	p o b l ɐ
Poblacion	p o b l ɐ s j o n̪
Poblacion	p o b l ɐ ʃ o n̪
Poblete	p o b l ɛː t̪ ɛ
Pobre	p o b ɾ ɛ
Pokemon	p oː x ɛ m o n̪
Pola	p oː l ɐ
Polako	p o l aː x o
Polanco	p o l a ŋ k o
Polangui	p o l ɐ ŋ ɡ ɪ
Poleng	p o l ɛ ŋ
Policarpio	p o l ɪ x a ɾ p j o
Polintan	p o l ɪ n̪ t̪ a n̪
Poliwes	p o l iː w ə s
Poliwes	p o l iː w ɛ s
Polo	p oː l o ʔ
Polones	p o l o n̪ ɛ s
Polonya	p o l o n̪ j ɐ
Polonya	p o l oː ɲ ɐ
Ponching	p o n̪ t͡s ɪ ŋ
Ponching	p o n̪ t͡ʃ ɪ ŋ
Pongayan	p o ŋ aː j ɐ n̪
Pontevedra	p o n̪ t̪ ɛ b ɛ d̪ ɾ ɐ
Pontevedra	p o n̪ t̪ ɛ v ɛ d̪ ɾ ɐ
Poon	p ʊ n̪
Poquiz	p oː x ɪ s
Porac	p oː ɾ ɐ k̚
Poro	p oː ɾ o
Porta	p o ɾ t̪ ɐ
Portugal	p o ɾ t̪ ʊ ɣ a l
Portuges	p o ɾ t̪ ʊ ɣ ɛ s
Portugesa	p o ɾ t̪ ʊ ɣ ɛː s ɐ
Posadas	p o s aː d̪ ɐ s
Prado	p ɾ aː d̪ o
Pranses	p ɾ ɐ n̪ s ɛ s
Pransesa	p ɾ ɐ n̪ s ɛː s ɐ
Pransiya	p ɾ a n̪ s j ɐ
Pransiya	p ɾ a n̪ ʃ ɐ
Pransya	p ɾ a n̪ s j ɐ
Pransya	p ɾ a n̪ ʃ ɐ
Presentacion	p ɾ ɛ s ɛ n̪ t̪ ɐ s j o n̪
Presentacion	p ɾ ɛ s ɛ n̪ t̪ ɐ ʃ o n̪
Pressman	p ɾ ɛ s m ɐ n̪
Prieto	p ɾ j ɛ t̪ o
Primitivo	p ɾ ɪ m ɪ t̪ iː b o
Primitivo	p ɾ ɪ m ɪ t̪ iː v o
Prince	p ɾ ɪ n̪ s
Princess	p ɾ i n̪ s ɛ s
Proserpina	p ɾ o s ɛ ɾ p iː n̪ ɐ
Prosperidad	p ɾ o s p ɛ ɾ ɪ d̪ a d̪̚
Prospero	p ɾ o s p ɛ ɾ o
Protestante	p ɾ o t̪ ɛ s t̪ a n̪ t̪ ɛ
Protestantismo	p ɾ o t̪ ɛ s t̪ ɐ n̪ t̪ i s m o
Prudente	p ɾ ʊ d̪ ɛ n̪ t̪ ɛ
Prusya	p ɾ u s j ɐ
Prusya	p ɾ uː ʃ ɐ
Pua	p uː w ɐ
Pua	p w a
Pudtol	p ʊ d̪ t̪ o l
Pueson	p w ɛː s o n̪
Puguis	p uː ɣ ɪ s
Puig	p w ɪ ɡ̚
Puig	p ʊ t̪ s
Puig	p ʊ t͡ʃ
Puli	p ʊ l ɪ
Puli	p ʊ l ɪ ʔ
Pulido	p ʊ l iː d̪ o
Pulilan	p ʊ l iː l ɐ n̪
Punla	p ʊ n̪ l a
Puno	p uː n̪ o ʔ
Punongbayan	p uː n̪ o m b aː j ɐ n̪
Punzalan	p ʊ n̪ s ɐ l a n̪
Punzalan	p ʊ n̪ z ɐ l a n̪
Purificacion	p ʊ ɾ ɪ f ɪ x ɐ ʃ o n̪
Purificacion	p ʊ ɾ ɪ p ɪ x ɐ s j o n̪
Purificacion	p ʊ ɾ ɪ p ɪ x ɐ ʃ o n̪
Puring	p ʊ ɾ ɪ ŋ
Purita	p ʊ ɾ iː t̪ ɐ
Puti	p ʊ t̪ ɪ ʔ
Puyat	p uː j ɐ t̪̚
Q	k
Q	k j ʊ
Q	k w
Q	k ʊ
Que	k ɛ
Que	k ɛ ʔ
Queenie	k w iː n̪ ɪ
Quentin	k ɛ n̪ t̪ ɪ n̪
Querer	k ɛ ɾ ɛ ɾ
Querubin	k ɛ ɾ ʊ b ɪ n̪
Quezon	k ɛ s o n̪
Quezon	k ɛː s o n̪
Quezonin	k ɛ s oː n̪ ɪ n̪
Quiambao	k j ɐ m b a ʊ̯
Quiapo	k j aː p o ʔ
Quiason	k j ɐ s o n̪
Quiazon	k j ɐ s o n̪
Quiazon	k j ɐ z o n̪
Quiboloy	k ɪ b o l o ɪ̯
Quijano	k ɪ h aː n̪ o
Quimpo	k i m p o
Quimson	k i m s o n̪
Quinapondan	k ɪ n̪ ɐ p o n̪ d̪ a n̪
Quintos	k i n̪ t̪ o s
Quirante	k ɪ ɾ a n̪ t̪ ɛ
Quirino	k ɪ ɾ iː n̪ o
Quisumbing	k ɪ s ʊ m b ɪ ŋ
Quitain	k ɪ t̪ aː ʔ ɪ n̪
Quitson	k ɪ t̪ s o n̪
Quizon	k iː s o n̪
Quizon	k iː z o n̪
Quiñones	k ɪ n ɲ oː n̪ ɛ s
Quiñones	k ɪ n̪ j oː n̪ ɛ s
Qur'an	k ʊ ɾ a n̪
Qur'an	k ʊ ɾ ʔ a n̪
R	ɾ
R	ɾ a
R	ʔ a ɾ
R	ʔ ɛː ɾ ɛ
Racelis	ɾ ɐ s ɛː l ɪ s
Radoc	ɾ aː d̪ o k̚
Rafael	ɾ ɐ f ɐ ʔ ɛ l
Rafael	ɾ ɐ p ɐ ʔ ɛ l
Ragas	ɾ aː ɣ ɐ s
Ragasa	ɾ ɐ ɣ aː s ɐ
Ragay	ɾ ɐ ɣ a ɪ̯
Ragudo	ɾ ɐ ɣ uː d̪ o
Raha	ɾ aː h ɐ
Rajah	ɾ a d̪ j ɐ
Rajah	ɾ aː d͡ʒ ɐ
Rajah	ɾ aː h ɐ
Ralph	ɾ a l f
Ralph	ɾ a l p
Ramadan	ɾ ɐ m ɐ d̪ a n̪
Ramirez	ɾ ɐ m iː ɾ ɛ s
Ramiscal	ɾ ɐ m ɪ s k a l
Ramon	ɾ ɐ m o n̪
Ramos	ɾ aː m o s
Ranada	ɾ ɐ n̪ aː d̪ ɐ
Rayos	ɾ aː j o s
Razon	ɾ ɐ s o n̪
Razon	ɾ ɐ z o n̪
Realingo	ɾ ɛ j ɐ l i ŋ ɡ o
Reanzares	ɾ ɛ j ɐ n̪ s aː ɾ ɛ s
Reanzares	ɾ ɛ j ɐ n̪ z aː ɾ ɛ s
Reaño	ɾ ɛ j a n̪ j o
Reaño	ɾ ɛ j aː ɲ o
Rebanal	ɾ ɛ b ɐ n̪ a l
Recalde	ɾ ɛ x a l d̪ ɛ
Recio	ɾ ɛ s j o
Recio	ɾ ɛː ʃ o
Recto	ɾ ɛ k t̪ o
Reculado	ɾ ɛ x ʊ l aː d̪ o
Redemptorista	ɾ ɛ d̪ ɛ m p t̪ o ɾ i s t̪ ɐ
Redentorista	ɾ ɛ d̪ ɛ n̪ t̪ o ɾ i s t̪ ɐ
Redondo	ɾ ɛ d̪ o n̪ d̪ o
Regala	ɾ ɛ ɣ aː l ɐ
Regidor	ɾ ɛ h ɪ d̪ o ɾ
Regina	ɾ ɛ d̪ j iː n̪ ɐ
Regina	ɾ ɛ d͡ʒ iː n̪ ɐ
Rekoleto	ɾ ɛ x o l ɛː t̪ o
Relampagos	ɾ ɛ l a m p ɐ ɣ o s
Relampagos	ɾ ɛː l ɐ m p aː ɣ o s
Remigio	ɾ ɛ m iː h j o
Remulla	ɾ ɛ m u l j ɐ
Renato	ɾ ɛ n̪ aː t̪ o
Reodica	ɾ ɛ j o d̪ iː x ɐ
Repormasyon	ɾ ɛ p o ɾ m ɐ s j o n̪
Repormasyon	ɾ ɛ p o ɾ m ɐ ʃ o n̪
Resma	ɾ ɛ s m ɐ
Restituto	ɾ ɛ s t̪ ɪ t̪ uː t̪ o
Resuello	ɾ ɛ s w ɛ l j o
Resurreccion	ɾ ɛ s ʊ ɾ ɛ k s j o n̪
Resurreccion	ɾ ɛ s ʊ ɾ ɛ k ʃ o n̪
Revelo	ɾ ɛː b ɛ l o
Revelo	ɾ ɛː v ɛ l o
Reyes	ɾ ɛː j ɛ s
Reyna	ɾ e ɪ̯ n̪ ɐ
Reynato	ɾ e ɪ̯ n̪ aː t̪ o
Reynoso	ɾ e ɪ̯ n̪ oː s o
Ricafort	ɾ ɪ x ɐ f o ɹ t̪
Ricafort	ɾ ɪ x ɐ p o ɹ t̪
Ricafrente	ɾ ɪ x ɐ f ɾ ɛ n̪ t̪ ɛ
Ricafrente	ɾ ɪ x ɐ p ɾ ɛ n̪ t̪ ɛ
Ricardo	ɾ ɪ x a ɾ d̪ o
Ricarte	ɾ ɪ x a ɾ t̪ ɛ
Ricky	ɾ iː x ɪ
Rimando	ɾ ɪ m a n̪ d̪ o
Rivero	ɾ ɪ b ɛː ɾ o
Rivero	ɾ ɪ v ɛː ɾ o
Rizal	ɾ ɪ s a l
Rizal	ɾ ɪ z a l
Rizalina	ɾ ɪ s ɐ l iː n̪ ɐ
Rizalina	ɾ ɪ z ɐ l iː n̪ ɐ
Rizalino	ɾ ɪ s ɐ l iː n̪ o
Rizalino	ɾ ɪ z ɐ l iː n̪ o
Riñon	ɾ ɪ n ɲ o n̪
Riñon	ɾ ɪ n̪ j o n̪
Roa	ɾ oː w ɐ
RobMan	ɾ o b m ɐ n̪
Roberto	ɾ o b ɛ ɾ t̪ o
Robles	ɾ o b l ɛ s
Rocafort	ɾ o x ɐ f o ɹ t̪
Rocafort	ɾ o x ɐ p o ɹ t̪
Rocky	ɾ aː x ɪ
Rodolfo	ɾ o d̪ o l f o
Rodolfo	ɾ o d̪ o l p o
Rodrigo	ɾ o d̪ ɾ iː ɣ o
Rodriguez	ɾ o d̪ ɾ iː ɣ ɛ s
Rody	ɾ oː d̪ ɪ
Rogelio	ɾ o h ɛ l j o
Rolando	ɾ o l a n̪ d̪ o
Rolly	ɾ oː l ɪ
Romana	ɾ o m aː n̪ ɐ
Romano	ɾ o m aː n̪ o
Romasanta	ɾ o m ɐ s a n̪ t̪ ɐ
Romblon	ɾ o m b l o n̪
Romero	ɾ o m ɛː ɾ o
Romualdez	ɾ o m w a l d̪ ɛ s
Romualdo	ɾ o m w a l d̪ o
Romulo	ɾ oː m ʊ l o
Ronda	ɾ o n̪ d̪ ɐ
Rondilla	ɾ o n̪ d̪ i l j ɐ
Rongavilla	ɾ o ŋ ɡ ɐ b i l j ɐ
Rongavilla	ɾ o ŋ ɡ ɐ v i l j ɐ
Ronquillo	ɾ o ŋ k i l j o
Rosa	ɾ oː s ɐ
Rosales	ɾ o s aː l ɛ s
Rosalina	ɾ o s ɐ l iː n̪ ɐ
Rosalinda	ɾ o s ɐ l i n̪ d̪ ɐ
Rosario	ɾ o s a ɾ j o
Rosauro	ɾ o s a ʊ̯ ɾ o
Rose	ɾ o ʊ̯ s
Rosemary	ɾ o ʊ̯ s m ɛː ɾ ɪ
Rosendo	ɾ o s ɛ n̪ d̪ o
Rosete	ɾ o s ɛː t̪ ɛ
Rosie	ɾ o ʊ̯ s ɪ
Rosillo	ɾ o s i l j o
Rosing	ɾ o s ɪ ŋ
Rosita	ɾ o s iː t̪ ɐ
Roxanne	ɾ o k s a n̪
Roxas	ɾ oː h ɐ s
Roño	ɾ o n̪ j o
Roño	ɾ oː ɲ o
Rubilyn	ɾ uː b ɪ l ɪ n̪
Rubio	ɾ u b j o
Ruby	ɾ uː b ɪ
Ruby	ɾ ʊ b ɪ
Ruedas	ɾ w ɛː d̪ ɐ s
Rumana	ɾ ʊ m aː n̪ ɐ
Rumano	ɾ ʊ m aː n̪ o
Rumanya	ɾ ʊ m a n̪ j ɐ
Rumanya	ɾ ʊ m aː ɲ ɐ
Rusa	ɾ uː s ɐ
Ruso	ɾ uː s o
Rusya	ɾ u s j ɐ
Rusya	ɾ uː ʃ ɐ
S	s
S	s a
S	ʔ ɛ s
S	ʔ ɛː s ɛ
S'loton	ʔ ɪ s l oː t̪ o n̪
SB	ʔ ɛ s b ɪ
SK	ʔ ɛ s k e ɪ̯
SOCCSKSARGEN	s o k s a ɾ d̪ j ɛ n̪
SOCCSKSARGEN	s o k s a ɾ d͡ʒ ɛ n̪
Saavedra	s ɐ ʔ ɐ b ɛ d̪ ɾ ɐ
Saavedra	s ɐ ʔ ɐ v ɛ d̪ ɾ ɐ
Sab	s a b̚
Sabadista	s ɐ b ɐ d̪ i s t̪ ɐ
Sabado	s aː b ɐ d̪ o
Sabangan	s ɐ b aː ŋ ɐ n̪
Sabater	s ɐ b ɐ t̪ ɛ ɾ
Sabeismo	s ɐ b ɛ j i s m o
Sabeniano	s ɐ b ɛ n ɲ aː n̪ o
Sabeniano	s ɐ b ɛ n̪ j aː n̪ o
Sabillo	s ɐ b i l j o
Sablan	s ɐ b l a n̪
Sabtang	s ɐ b t̪ a ŋ
Saburo	s ɐ b uː ɾ o
Sacdalan	s ɐ k d̪ aː l ɐ n̪
Saclolo	s ɐ k l oː l o
Sadanga	s ɐ d̪ a ŋ ɡ ɐ
Sadanga	s ɐ d̪ aː ŋ ɐ
Sadie	s e ɪ̯ d̪ ɪ
Sadiwa	s ɐ d̪ iː w ɐ
Sadsad	s ɐ d̪ s a d̪̚
Saduceo	s ɐ d̪ ʊ s ɛː j o
Saduseo	s ɐ d̪ ʊ s ɛː j o
Saduseyo	s ɐ d̪ ʊ s ɛː j o
Sagada	s ɐ ɣ aː d̪ ɐ
Sagay	s aː ɣ a ɪ̯
Sagay	s ɐ ɣ a ɪ̯
Sagaysay	s ɐ ɣ a ɪ̯ s a ɪ̯
Sagbayan	s ɐ ɡ b aː j ɐ n̪
Sagitaryo	s ɐ ɣ ɪ t̪ a ɾ j o
Sagnay	s ɐ ŋ a ɪ̯
Sagnay	s ɐ ɡ n̪ a ɪ̯
Saguid	s aː ɣ ɪ d̪̚
Saguinsin	s ɐ ɣ ɪ n̪ s ɪ n̪
Sagun	s aː ɣ ʊ n̪
Sagñay	s ɐ ŋ a ɪ̯
Sagñay	s ɐ ɡ n̪ j a ɪ̯
Sagñay	s ɐ ɡ ɲ a ɪ̯
Sahagun	s ɐ h aː ɣ ʊ n̪
Sahitaryo	s ɐ h ɪ t̪ a ɾ j o
Sahon	s ɐ h o n̪
Saimsim	s ɐ ʔ ɪ m s ɪ m
Saito	s a ɪ̯ t̪ o
Salagubang	s ɐ l ɐ ɣ uː b ɐ ŋ
Salamat	s ɐ l aː m ɐ t̪̚
Salandanan	s ɐ l ɐ n̪ d̪ aː n̪ ɐ n̪
Salas	s aː l ɐ s
Salaveria	s ɐ l ɐ b ɛ ɾ j ɐ
Salaveria	s ɐ l ɐ v ɛ ɾ j ɐ
Salazar	s ɐ l ɐ s a ɾ
Salazar	s ɐ l ɐ z a ɾ
Salceda	s ɐ l s ɛː d̪ ɐ
Salcedo	s ɐ l s ɛː d̪ o
Saldaña	s ɐ l d̪ a n̪ j ɐ
Saldaña	s ɐ l d̪ aː ɲ ɐ
Sales	s aː l ɛ s
Salgado	s ɐ l ɡ aː d̪ o
Salinas	s ɐ l iː n̪ ɐ s
Sallapadan	s ɐ l l ɐ p aː d̪ ɐ n̪
Sally	s aː l ɪ
Salonga	s ɐ l o ŋ ɡ ɐ
Salud	s ɐ l ʊ d̪̚
Salumbides	s ɐ l ʊ m b iː d̪ ɛ s
Salva	s a l b ɐ
Salva	s a l v ɐ
Salvacion	s ɐ l b ɐ s j o n̪
Salvacion	s ɐ l b ɐ ʃ o n̪
Salvacion	s ɐ l v ɐ ʃ o n̪
Salvador	s ɐ l b ɐ d̪ o ɾ
Salvador	s ɐ l v ɐ d̪ o ɾ
Salvanera	s ɐ l b ɐ n̪ ɛː ɾ ɐ
Salvanera	s ɐ l v ɐ n̪ ɛː ɾ ɐ
Salvatierra	s ɐ l b ɐ t̪ j ɛː ɾ ɐ
Salvatierra	s ɐ l b ɐ t͡ʃ ɛː ɾ ɐ
Salvatierra	s ɐ l v ɐ t͡ʃ ɛː ɾ ɐ
Sam	s a m
Samal	s aː m ɐ l
Samaniego	s ɐ m ɐ n ɲ ɛː ɣ o
Samaniego	s ɐ m ɐ n̪ j ɛː ɣ o
Samantha	s ɐ m a n̪ t̪ ɐ
Samar	s aː m ɐ ɾ
Samaritano	s ɐ m ɐ ɾ ɪ t̪ aː n̪ o
Samboan	s ɐ m b o w a n̪
Samonte	s ɐ m o n̪ t̪ ɛ
Sampaga	s ɐ m p aː ɣ ɐ
Sampaloc	s ɐ m p aː l o k̚
Sampalukin	s ɐ m p ɐ l uː x ɪ n̪
Sampuluan	s ɐ m p ʊ l ʊ ʔ a n̪
Sampuluanin	s ɐ m p ʊ l ʊ ʔ aː n̪ ɪ n̪
Samson	s a m s o n̪
Samuel	s ɐ m w ɛ l
Samula	s ɐ m ʊ l a ʔ
San	s a n̪
Sanchez	s a n̪ t͡s ɛ s
Sanchez	s a n̪ t͡ʃ ɛ s
Sandoval	s ɐ n̪ d̪ o b a l
Sandoval	s ɐ n̪ d̪ o v a l
Sandoval	s ɐ n̪ d̪ oː b ɐ l
Sandoval	s ɐ n̪ d̪ oː v ɐ l
Sangalang	s ɐ ŋ ɡ aː l ɐ ŋ
Sangandaan	s ɐ ŋ a n̪ d̪ ɐ ʔ a n̪
Sangcap	s ɐ ŋ k a p̚
Sangco	s a ŋ k o
Sanglay	s ɐ n̪ l a ɪ̯
Sangley	s ɐ n̪ l e ɪ̯
Sanskrito	s a n̪ s k ɾ ɪ t̪ o
Sanskrito	s ɐ n̪ s k ɾ iː t̪ o
Sanson	s a n̪ s o n̪
Santa	s a n̪ t̪ ɐ
Santander	s ɐ n̪ t̪ a n̪ d̪ ɛ ɾ
Santatlo	s ɐ n̪ t̪ ɐ t̪ l̪ o
Santiago	s ɐ n̪ t̪ j aː ɣ o
Santiago	s ɐ n̪ t͡ʃ aː ɣ o
Santillan	s ɐ n̪ t̪ ɪ l j a n̪
Santo	s a n̪ t̪ o
Santos	s a n̪ t̪ o s
Sanvictores	s ɐ m b ɪ k t̪ oː ɾ ɛ s
Sanvictores	s ɐ m v ɪ k t̪ oː ɾ ɛ s
Saog	s aː ʔ o ɡ̚
Sapian	s ɐ p iː ʔ ɐ n̪
Sapon	s ɐ p o n̪
Saquing	s aː x ɪ ŋ
Sarabia	s ɐ ɾ a b j ɐ
Sarah	s aː ɾ ɐ
Sarangani	s ɐ ɾ ɐ ŋ ɡ aː n̪ ɪ
Sarcia	s a ɾ s j ɐ
Sarcia	s a ɾ ʃ ɐ
Sarenas	s ɐ ɾ ɛː n̪ ɐ s
Sariaya	s ɐ ɾ j aː j ɐ
Sarmiento	s ɐ ɾ m j ɛ n̪ t̪ o
Sarona	s ɐ ɾ oː n̪ ɐ
Sarraga	s ɐ ɾ aː ɣ ɐ
Sarreal	s ɐ ɾ ɛ j a l
Satanas	s ɐ t̪ ɐ n̪ a s
Satomi	s ɐ t̪ oː m ɪ
Saturno	s ɐ t̪ u ɾ n̪ o
Saud	s ɐ ʔ ʊ d̪̚
Saudi	s a ʊ̯ d̪ ɪ
Saulog	s a ʊ̯ l o ɡ̚
Sawata	s ɐ w aː t̪ ɐ ʔ
Sayson	s a ɪ̯ s o n̪
Schnittka	ʃ n̪ i t̪ k ɐ
Schnittka	ʔ ɪ s n̪ i t̪ k ɐ
Sean	s j a n̪
Sean	ʃ a n̪
Sebaste	s ɛ b a s t̪ ɛ
Sebu	s ɛ b ʊ
Sebwana	s ɛ b w aː n̪ ɐ
Sebwano	s ɛ b w aː n̪ o
Sebyong	s ɛ b j o ŋ
Seco	s ɛː x o
See	s ɪ
Segawa	s ɛ ɣ aː w ɐ
Segismundo	s ɛ h ɪ s m u n̪ d̪ o
Segismundo	s ɛ ɣ ɪ s m u n̪ d̪ o
Segovia	s ɛ ɣ o b j ɐ
Segovia	s ɛ ɣ o v j ɐ
Segui	s ɛː ɣ ɪ
Selena	s ɛ l iː n̪ ɐ
Selma	s ɛ l m ɐ
Semaña	s ɛ m a n̪ j ɐ
Semaña	s ɛ m aː ɲ ɐ
Semilla	s ɛ m i l j ɐ
Semitiko	s ɛ m iː t̪ ɪ x o
Senado	s ɛ n̪ aː d̪ o
Senegal	s ɛ n̪ ɛ ɣ a l
Seniang	s ɛ n̪ j ɐ ŋ
Seniang	s ɛː ɲ ɐ ŋ
Septiyembre	s ɛ p t̪ j ɛ m b ɾ ɛ
Septiyembre	s ɛ p t͡ʃ ɛ m b ɾ ɛ
Septyembre	s ɛ p t̪ j ɛ m b ɾ ɛ
Septyembre	s ɛ p t͡ʃ ɛ m b ɾ ɛ
Serafico	s ɛ ɾ aː f ɪ x o
Serafico	s ɛ ɾ aː p ɪ x o
Serafina	s ɛ ɾ ɐ f iː n̪ ɐ
Serafina	s ɛ ɾ ɐ p iː n̪ ɐ
Serbiya	s ɛ ɾ b j ɐ
Serbya	s ɛ ɾ b j ɐ
Serena	s ɛ ɾ iː n̪ ɐ
Sergio	s ɛ ɾ h j o
Serna	s ɛ ɾ n̪ ɐ
Serrano	s ɛ ɾ aː n̪ o
Sesus	s ɛ s ʊ s
Setsuko	s ɛ t͡s uː x o
Setyembre	s ɛ t t͡ʃ ɛ m b ɾ ɛ
Setyembre	s ɛ t̪ j ɛ m b ɾ ɛ
Sevilla	s ɛ b i l j ɐ
Sevilla	s ɛ v i l j ɐ
Señeres	s ɛ n ɲ ɛː ɾ ɛ s
Señeres	s ɛ n̪ j ɛː ɾ ɛ s
Shao	s j a ʊ̯
Shao	ʃ a ʊ̯
Shau	s j a ʊ̯
Shau	ʃ a ʊ̯
Shaun	s j o n̪
Shaun	ʃ o n̪
Shaw	s j a ʊ̯
Shaw	ʃ a ʊ̯
Shawn	s j o n̪
Shawn	ʃ o n̪
Shi	s j ə ɹ
Shi	s j ɪ
Shi	ʃ ə ɹ
Shi	ʃ ɪ
Shibuya	s j ɪ b uː j ɐ
Shibuya	ʃ ɪ b uː j ɐ
Shimabukuro	s j ɪ m ɐ b ʊ x uː ɾ o
Shimabukuro	ʃ ɪ m ɐ b ʊ x uː ɾ o
Shirley	s j ɛ ɾ l ɪ
Shirley	ʃ ɛ ɾ l ɪ
Shiro	s j iː ɾ o
Shiro	ʃ iː ɾ o
Shizuko	s j ɪ s uː x o
Shizuko	ʃ ɪ s uː x o
Shizuko	ʃ ɪ z uː x o
Shohei	s j oː h e ɪ̯
Shohei	ʃ oː h e ɪ̯
Sia	s j a
Sia	ɕ j ɐ
Sia	ʃ a
Siam	s j a m
Siam	ʃ a m
Siao	s j a ʊ̯
Siao	ʃ a ʊ̯
Siargao	s j ɐ ɾ ɡ a ʊ̯
Siargao	ʃ ɐ ɾ ɡ a ʊ̯
Siasat	s j aː s ɐ t̪̚
Siasat	ʃ aː s ɐ t̪̚
Siason	s j aː s o n̪
Siason	ʃ aː s o n̪
Sibagat	s ɪ b aː ɣ ɐ t̪̚
Sibalom	s ɪ b aː l o m
Sibayan	s ɪ b aː j ɐ n̪
Sibonga	s ɪ b oː ŋ ɐ
Sibug	s iː b ʊ ɡ̚
Sibunag	s ɪ b uː n̪ ɐ ɡ̚
Sicat	s iː x ɐ t̪̚
Sigma	s i ɡ m ɐ
Sikatuna	s ɪ x ɐ t̪ uː n̪ ɐ
Silahis	s ɪ l aː h ɪ s
Silang	s iː l ɐ ŋ
Silangan	s ɪ l aː ŋ ɐ n̪
Silanganan	s ɪ l ɐ ŋ aː n̪ ɐ n̪
Silayan	s ɪ l aː j ɐ n̪
Silverio	s ɪ l b ɛ ɾ j o
Silverio	s ɪ l v ɛ ɾ j o
Simbanali	s ɪ m b ɐ n̪ aː l ɪ
Simbulan	s ɪ m b uː l ɐ n̪
Simeona	s ɪ m ɛ j oː n̪ ɐ
Sin	s ɪ n̪
Sina	s iː n̪ ɐ
Sinco	s i ŋ k o
Sindac	s ɪ n̪ d̪ a k̚
Singapura	s ɪ ŋ ɐ p uː ɾ ɐ
Singapura	s ɪ ŋ ɡ ɐ p uː ɾ ɐ
Singgapur	s ɪ ŋ ɡ ɐ p ʊ ɾ
Singh	s ɪ ŋ
Singson	s i n̪ s o n̪
Siniloan	s ɪ n̪ ɪ l oː ʔ ɐ n̪
Sioco	s j oː x o
Sioco	ʃ oː x o
Siocson	s j o k s o n̪
Siocson	ʃ o k s o n̪
Siongco	s j o ŋ k o
Siongco	ʃ o ŋ k o
Sioson	s j oː s o n̪
Sioson	ʃ oː s o n̪
Sipocot	s ɪ p oː x o t̪̚
Siquijor	s ɪ x ɪ h o ɾ
Siruma	s ɪ ɾ uː m ɐ
Sirya	s i ɾ j ɐ
Sison	s iː s o n̪
Sisos	s ɪ s o s
Sisukiristo	s ɪ s ʊ x ɪ ɾ ɪ s t̪ o
Sisus	s ɪ s ʊ s
Sitchon	s ɪ t t͡ʃ o n̪
Sitchon	s ɪ t̪ s o n̪
Siy	s ɪ
Smith	ʔ ɪ s m ɪ t̪̚
So	s o
Soberano	s o b ɛ ɾ aː n̪ o
Sobrepeña	s o b ɾ ɛ p ɛ n̪ j ɐ
Sobrepeña	s o b ɾ ɛ p ɛː ɲ ɐ
Sobyet	s o b j ɛ t̪̚
Sogod	s oː ɣ o d̪̚
Soho	s oː h o
Solana	s o l aː n̪ ɐ
Solano	s o l aː n̪ o
Soledad	s o l ɛ d̪ a d̪̚
Solidum	s o l ɪ d̪ ʊ m
Soliman	s o l ɪ m a n̪
Solis	s o l ɪ s
Solis	s oː l ɪ s
Soliven	s o l ɪ b ɛ n̪
Soliven	s o l ɪ v ɛ n̪
Solsona	s o l s oː n̪ ɐ
Son	s o n̪
Songco	s o ŋ k o
Soon	s ʊ n̪
Sophia	s o f iː j ɐ
Sophia	s o p iː j ɐ
Sophie	s o ʊ̯ f ɪ
Sophie	s o ʊ̯ p ɪ
Soriano	s o ɾ j aː n̪ o
Sorsogon	s o ɾ s o ɣ o n̪
Sosa	s oː s ɐ
Sotto	s oː t̪ o
Spencer	ʔ ɪ s p ɛ n̪ s ɛ ɾ
Starbs	ʔ ɪ s t̪ a ɹ b s
Stella	ʔ ɪ s t̪ ɛː l ɐ
Stephanie	ʔ ɪ s t̪ ɛː f ɐ n̪ ɪ
Stephanie	ʔ ɪ s t̪ ɛː p ɐ n̪ ɪ
Suan	s w a n̪
Suansing	s w ɐ n̪ s ɪ ŋ
Suazo	s w aː s o
Suazo	s w aː z o
Subaybay	s ʊ b a ɪ̯ b a ɪ̯
Subec	s uː b ɛ k̚
Subic	s uː b ɪ k̚
Sucat	s uː x ɐ t̪̚
Sucgang	s ʊ k ɡ a ŋ
Sudamerikana	s ʊ d̪ ɐ m ɛ ɾ ɪ x aː n̪ ɐ
Sudamerikano	s ʊ d̪ ɐ m ɛ ɾ ɪ x aː n̪ o
Sudan	s ʊ d̪ a n̪
Suganob	s ʊ ɣ aː n̪ o b̚
Sugboanon	s ʊ ɡ b o ʔ aː n̪ o n̪
Sugbuanon	s ʊ ɡ b ʊ ʔ aː n̪ o n̪
Sugbuhanin	s ʊ ɡ b ʊ h aː n̪ ɪ n̪
Suguitan	s ʊ ɣ iː t̪ ɐ n̪
Suico	s w iː x o
Sulat	s uː l ɐ t̪̚
Sulit	s uː l ɪ t̪̚
Sullivan	s ʊ l j iː b ɐ n̪
Sullivan	s ʊ l j iː v ɐ n̪
Sulop	s ʊ l o p̚
Sultan	s ʊ l t̪ a n̪
Sulu	s ʊ l ʊ
Sumadsad	s ʊ m a d̪ s ɐ d̪̚
Sumaya	s ʊ m aː j ɐ
Sumibcay	s ʊ m ɪ b k a ɪ̯
Sumiko	s ʊ m iː x o
Sumilang	s ʊ m iː l ɐ ŋ
Sumilao	s ʊ m iː l a ʊ̯
Sumilao	s ʊ m ɪ l a ʊ̯
Sumisip	s ʊ m ɪ s ɪ p̚
Summer	s aː m ɛ ɾ
Sumulong	s ʊ m uː l o ŋ
Sun	s ʊ n̪
Sun	s ʌ n̪
Sungsong	s ʊ n̪ s o ŋ
Sunsong	s ʊ n̪ s o ŋ
Surigao	s ʊ ɾ ɪ ɣ a ʊ̯
Suwesya	s w ɛ s j ɐ
Suwesya	s w ɛː ʃ ɐ
Suwisa	s w iː s ɐ
Suwiso	s w iː s o
Sy	s ɪ
Syaw	s j a ʊ̯
Syaw	ʃ a ʊ̯
Sydney	s i d̪ n̪ ɪ
Syson	s iː s o n̪
Sze	s j ɛ
Sze	s ɛ
Sze	t͡s ɛ
Sze	t͡ʃ ɛ
Sze	ʃ ɛ
T	t̪
T	t̪ a
T	t̪ ɛ
T	t̪ ɪ
TH	t̪ iː ʔ e ɪ̯ t̪ s
TH	t̪ iː ʔ e ɪ̯ t͡ʃ
TNT	t̪ iː ʔ ɛ n̪ t̪ ɪ
TOTGA	t̪ o t̪ ɡ ɐ
Taal	t̪ ɐ ʔ a l
Tabaco	t̪ ɐ b aː x o
Taberna	t̪ ɐ b ɛ ɾ n̪ ɐ
Tablante	t̪ ɐ b l a n̪ t̪ ɛ
Tabogon	t̪ ɐ b oː ɣ o n̪
Tabora	t̪ ɐ b oː ɾ ɐ
Tabudlo	t̪ ɐ b u d̪ l̪ o
Tabudlo	t̪ ɐ b ʊ d̪ l̪ o
Tabuelan	t̪ ɐ b w ɛː l ɐ n̪
Tacloban	t̪ ɐ k l oː b ɐ n̪
Tadian	t̪ ɐ d d͡ʒ a n̪
Tadian	t̪ ɐ d̪ j a n̪
Taft	t̪ a f t̪
Taft	t̪ a p t̪
Tagala	t̪ ɐ ɣ aː l ɐ
Tagalog	t̪ ɐ ɣ aː l o ɡ̚
Tagapagligtas	t̪ ɐ ɣ ɐ p ɐ ɡ l ɪ ɡ t̪ a s
Tagapo	t̪ ɐ ɣ aː p o ʔ
Tagaytay	t̪ ɐ ɣ a ɪ̯ t̪ a ɪ̯
Tagbanwa	t̪ ɐ ɡ b a n̪ w ɐ
Tagbilaran	t̪ ɐ ɡ b ɪ l aː ɾ ɐ n̪
Tagle	t̪ a ɡ l ɛ
Tagoloan	t̪ ɐ ɣ o l o w a n̪
Tagoloan	t̪ ɐ ɣ o l o ʔ a n̪
Taguba	t̪ ɐ ɣ uː b ɐ
Taguig	t̪ ɐ ɣ ɪ ɡ̚
Taguinod	t̪ ɐ ɣ iː n̪ o d̪̚
Tagum	t̪ aː ɣ ʊ m
Tagumpay	t̪ ɐ ɣ ʊ m p a ɪ̯
Tagupa	t̪ ɐ ɣ uː p ɐ
Takahashi	t̪ ɐ x ɐ h a s j ɪ
Takahashi	t̪ ɐ x ɐ h aː ʃ ɪ
Takako	t̪ ɐ x aː x o
Takamori	t̪ ɐ x ɐ m oː ɾ ɪ
Takano	t̪ ɐ x aː n̪ o
Takashima	t̪ ɐ x ɐ s j iː m ɐ
Takashima	t̪ ɐ x ɐ ʃ iː m ɐ
Takayama	t̪ ɐ x ɐ j aː m ɐ
Takeda	t̪ ɐ x ɛː d̪ ɐ
Takeko	t̪ ɐ x ɛː x o
Talacogon	t̪ ɐ l ɐ x oː ɣ o n̪
Talag	t̪ aː l ɐ ɡ̚
Talaingod	t̪ ɐ l ɐ ʔ iː ŋ o d̪̚
Talakag	t̪ ɐ l aː x ɐ ɡ̚
Talampas	t̪ ɐ l ɐ m p a s
Talaro	t̪ ɐ l aː ɾ o ʔ
Talaro	t̪ ɐ l ɐ ɾ o ʔ
Talavera	t̪ ɐ l ɐ b ɛː ɾ ɐ
Talavera	t̪ ɐ l ɐ v ɛː ɾ ɐ
Talento	t̪ ɐ l ɛ n̪ t̪ o
Talibon	t̪ ɐ l ɪ b o n̪
Talipapa	t̪ ɐ l ɪ p ɐ p a ʔ
Talisay	t̪ ɐ l iː s a ɪ̯
Talortor	t̪ ɐ l o ɾ t̪ o ɾ
Talpulano	t̪ ɐ l p ʊ l aː n̪ o
Taluyo	t̪ ɐ l uː j o
Talya	t̪ a l j ɐ
Tam	t̪ a m
Tamayo	t̪ ɐ m aː j o
Tamiko	t̪ ɐ m iː x o
Tamil	t̪ ɐ m ɪ l
Tamondong	t̪ ɐ m o n̪ d̪ o ŋ
Tan	t̪ a n̪
Tanaka	t̪ ɐ n̪ aː x ɐ
Tanauan	t̪ ɐ n̪ aː w ɐ n̪
Tanauan	t̪ ɐ n̪ ʔ aː w ɐ n̪
Tanay	t̪ ɐ n̪ a ɪ̯
Tanay	t̪ ɐ n̪ ʔ a ɪ̯
Tanchoco	t̪ ɐ n̪ t͡s oː x o
Tanchoco	t̪ ɐ n̪ t͡ʃ oː x o
Tancinco	t̪ ɐ n̪ s i ŋ k o
Tang	t̪ a ŋ
Tangalan	t̪ ɐ ŋ ɡ ɐ l a n̪
Tangco	t̪ a ŋ k o
Tanglao	t̪ ɐ n̪ l a ʊ̯
Tangob	t̪ aː ŋ o b̚
Tanseco	t̪ ɐ n̪ s ɛː x o
Tantoco	t̪ ɐ n̪ t̪ oː x o
Tanyag	t̪ ɐ n ɲ a ɡ̚
Tanyag	t̪ ɐ n̪ j a ɡ̚
Tanza	t̪ a n̪ s ɐ
Tanza	t̪ a n̪ z ɐ
Tanza	t̪ ɐ n̪ s a
Tanza	t̪ ɐ n̪ z a
Tapales	t̪ ɐ p aː l ɛ s
Tapaz	t̪ ɐ p a s
Tarlac	t̪ ɐ ɾ l a k̚
Tarnate	t̪ ɐ ɾ n̪ aː t̪ ɛ
Tarpulano	t̪ ɐ ɾ p ʊ l aː n̪ o
Tarragona	t̪ ɐ ɾ ɐ ɣ oː n̪ ɐ
Taruc	t̪ ɐ ɾ ʊ k̚
Tatad	t̪ aː t̪ ɐ d̪̚
Tatalon	t̪ aː t̪ ɐ l o n̪
Tate	t̪ ɐ t̪ ɛ ʔ
Tatlonghari	t̪ ɐ t̪ l̪ o ŋ h aː ɾ ɪ ʔ
Tatsuko	t̪ ɐ t͡s uː x o
Tauro	t̪ a ʊ̯ ɾ o
Tausug	t̪ ɐ ʔ ʊ s ʊ ɡ̚
Tawang	t̪ aː w ɐ ŋ
Tawang	t̪ ɐ w a ŋ
Tawro	t̪ a ʊ̯ ɾ o
Tayabas	t̪ ɐ j aː b ɐ s
Tayabasin	t̪ ɐ j ɐ b aː s ɪ n̪
Tayabense	t̪ ɐ j ɐ b ɛ n̪ s ɛ
Tayabeña	t̪ ɐ j ɐ b ɛ n̪ j ɐ
Tayabeña	t̪ ɐ j ɐ b ɛː ɲ ɐ
Tayabeño	t̪ ɐ j ɐ b ɛ n̪ j o
Tayabeño	t̪ ɐ j ɐ b ɛː ɲ o
Tayag	t̪ aː j ɐ ɡ̚
Tayao	t̪ aː j a ʊ̯
Taylandes	t̪ a ɪ̯ l ɐ n̪ d̪ ɛ s
Taylandiya	t̪ a ɪ̯ l a n̪ d̪ j ɐ
Taylandiya	t̪ a ɪ̯ l a n̪ d͡ʒ ɐ
Taysan	t̪ a ɪ̯ s a n̪
Tayson	t̪ a ɪ̯ s o n̪
Taytay	t̪ a ɪ̯ t̪ a ɪ̯
Tayum	t̪ aː j ʊ m
Taywan	t̪ a ɪ̯ w a n̪
Tañada	t̪ ɐ n ɲ aː d̪ ɐ
Tañada	t̪ ɐ n̪ j aː d̪ ɐ
Tañong	t̪ ɐ n ɲ o ŋ
Tañong	t̪ ɐ n̪ j o ŋ
Te	t̪ ɛ
Tecson	t̪ ɛ k s o n̪
Tee	t̪ ɪ
Teehankee	t̪ ɪ h a ŋ k ɪ
Tejada	t̪ ɛ h aː d̪ ɐ
Temyong	t̪ ɛ m j o ŋ
Teng	t̪ ɛ ŋ
Tengco	t̪ ɛ ŋ k o
Tenorio	t̪ ɛ n̪ o ɾ j o
Teodoro	t̪ j o d̪ oː ɾ o
Teodoro	t̪ ɛ j o d̪ oː ɾ o
Teodoro	t͡ʃ o d̪ oː ɾ o
Teresa	t̪ ɛ ɾ ɛː s ɐ
Teresita	t̪ ɛ ɾ ɛ s iː t̪ ɐ
Ternate	t̪ ɛ ɾ n̪ aː t̪ ɛ
Terrado	t̪ ɛ ɾ aː d̪ o
Teruko	t̪ ɛ ɾ uː x o
Teñoso	t̪ ɛ n ɲ oː s o
Teñoso	t̪ ɛ n̪ j oː s o
Thomas	t̪ oː m ɐ s
Tiamson	t̪ j a m s o n̪
Tiamson	t͡ʃ a m s o n̪
Tian	t̪ j a n̪
Tian	t̪ʰ j ɛ n̪
Tian	t͡ʃ a n̪
Tiangco	t̪ j a ŋ k o
Tiangco	t͡ʃ a ŋ k o
Tiaong	t̪ j aː ʔ o ŋ
Tiaong	t͡ʃ aː ʔ o ŋ
Tibag	t̪ ɪ b a ɡ̚
Tibayan	t̪ ɪ b aː j ɐ n̪
Tibiao	t̪ ɪ b j a ʊ̯
Tiburcio	t̪ ɪ b u ɾ s j o
Tiburcio	t̪ ɪ b u ɾ ʃ o
Ticao	t̪ iː x a ʊ̯
Ticzon	t̪ i k s o n̪
Tien	t̪ j ɛ n̪
Tien	t͡ʃ ɛ n̪
Tiffany	t̪ iː f ɐ n̪ ɪ
Tiffany	t̪ iː p ɐ n̪ ɪ
Tigaon	t̪ ɪ ɣ aː ʔ o n̪
Timbangan	t̪ ɪ m b aː ŋ ɐ n̪
Timbao	t̪ ɪ m b a ʊ̯
Timbol	t̪ ɪ m b o l
Timog	t̪ iː m o ɡ̚
Timong	t̪ ɪ m o ŋ
Timor	t̪ iː m o ɾ
Timoteo	t̪ ɪ m o t̪ ɛː j o
Tin	t̪ ɪ n̪
Tinambac	t̪ ɪ n̪ ɐ m b a k̚
Tinamisan	t̪ ɪ n̪ ɐ m iː s ɐ n̪
Tinawin	t̪ ɪ n̪ aː w ɪ n̪
Tindoc	t̪ ɪ n̪ d̪ o k̚
Tineg	t̪ iː n̪ ə ɡ̚
Tineg	t̪ iː n̪ ɛ ɡ̚
Ting	t̪ ɪ ŋ
Tinggian	t̪ i ŋ ɡ j ɐ n̪
Tinggian	t̪ ɪ ŋ ɡ iː ʔ ɐ n̪
Tingloy	t̪ ɪ n̪ l o ɪ̯
Tinio	t̪ i n̪ j o
Tinio	t̪ iː ɲ o
Tinoc	t̪ iː n̪ o k̚
Tio	t̪ iː j o
Tio	t̪ j o
Tio	t͡ʃ o
Tiongco	t̪ j o ŋ k o
Tiongco	t͡ʃ o ŋ k o
Tiongson	t̪ j o n̪ s o n̪
Tiongson	t͡ʃ o n̪ s o n̪
Tiozon	t̪ j oː s o n̪
Tiozon	t͡ʃ oː s o n̪
Tiozon	t͡ʃ oː z o n̪
Tipan	t̪ ɪ p a n̪
Tirona	t̪ ɪ ɾ oː n̪ ɐ
Tita	t̪ iː t̪ ɐ
Tito	t̪ iː t̪ o
Tiu	t̪ j ʊ
Tiu	t̪ ɪ ʊ̯ː
Tiu	t͡ʃ ʊ
Tiwi	t̪ ɪ w ɪ
To	t̪ o
Togo	t̪ oː ɣ o
Togonon	t̪ o ɣ oː n̪ o n̪
Tokunaga	t̪ o x ʊ n̪ aː ɣ ɐ
Toledo	t̪ o l ɛː d̪ o
Tolentino	t̪ o l ɛ n̪ t̪ iː n̪ o
Tolome	t̪ o l o m ɛ
Tomas	t̪ o m a s
Tomasino	t̪ o m ɐ s iː n̪ o
Tomiko	t̪ o m iː x o
Tomoko	t̪ o m oː x o
Tondo	t̪ o n̪ d̪ o
Tong	t̪ o ŋ
Tonying	t̪ o n ɲ ɪ ŋ
Tonying	t̪ o n̪ j ɪ ŋ
Tonyo	t̪ o n̪ j o
Tonyo	t̪ oː ɲ o
Topacio	t̪ o p a s j o
Topacio	t̪ o p aː ʃ o
Torralba	t̪ o ɾ a l b ɐ
Torrecampo	t̪ o ɾ ɛ x a m p o
Torres	t̪ oː ɾ ɛ s
Totanes	t̪ o t̪ aː n̪ ɛ s
Trancoville	t̪ ɾ a ŋ k o b ɪ l
Trancoville	t̪ ɾ a ŋ k o v ɪ l
Trangia	t̪ ɾ a n̪ d̪ j ɐ
Trangia	t̪ ɾ a n̪ d͡ʒ ɐ
Trangia	t̪ ɾ ɐ ŋ h iː j ɐ
Trangia	t̪ ɾ ɐ ŋ ɡ iː j ɐ
Traqueña	t̪ ɾ ɐ x ɛ n̪ j ɐ
Traqueña	t̪ ɾ ɐ x ɛː ɲ ɐ
Traslasyon	t̪ ɾ ɐ s l ɐ s j o n̪
Traslasyon	t̪ ɾ ɐ s l ɐ ʃ o n̪
Trece	t̪ ɾ ɛː s ɛ
Trento	t̪ ɾ ɛ n̪ t̪ o
Tria	t̪ ɾ iː j ɐ
Trillanes	t̪ ɾ ɪ l j aː n̪ ɛ s
Trinidad	t̪ ɾ ɪ n̪ ɪ d̪ a d̪̚
Trining	t̪ ɾ iː n̪ ɪ ŋ
Tripoli	t̪ ɾ iː p o l ɪ
Trisha	t̪ ɾ i s j ɐ
Trisha	t̪ ɾ iː ʃ ɐ
Triviño	t̪ ɾ ɪ b i n̪ j o
Triviño	t̪ ɾ ɪ b iː ɲ o
Triviño	t̪ ɾ ɪ v iː ɲ o
Trixie	t̪ ɾ i k s ɪ
Triyasiko	t̪ ɾ j a s ɪ x o
Troy	t̪ ɾ o ɪ̯
Tsad	t͡s a d̪̚
Tsad	t͡ʃ a d̪̚
Tseka	t͡s ɛː x ɐ
Tseka	t͡ʃ ɛː x ɐ
Tseko	t͡s ɛː x o
Tseko	t͡ʃ ɛː x o
Tsekoslobakya	t͡s ɛ x o s l o b a k j ɐ
Tsekoslobakya	t͡ʃ ɛ x o s l o b a k j ɐ
Tsekwa	t͡s ɛ k w ɐ
Tsekwa	t͡ʃ ɛ k w ɐ
Tsile	t͡s iː l ɛ
Tsile	t͡ʃ iː l ɛ
Tsina	t͡s iː n̪ ɐ
Tsina	t͡ʃ iː n̪ ɐ
Tsinador	t͡s ɪ n̪ ɐ d̪ o ɾ
Tsinador	t͡ʃ ɪ n̪ ɐ d̪ o ɾ
Tsino	t͡s iː n̪ o
Tsino	t͡ʃ iː n̪ o
Tsinoy	t͡s ɪ n̪ o ɪ̯
Tsinoy	t͡ʃ ɪ n̪ o ɪ̯
Tsipre	t͡s iː p ɾ ɛ
Tsipre	t͡ʃ iː p ɾ ɛ
Tsipriyota	t͡s ɪ p ɾ j oː t̪ ɐ
Tsipriyota	t͡ʃ ɪ p ɾ j oː t̪ ɐ
Tuao	t̪ w a ʊ̯
Tuason	t̪ w aː s o n̪
Tuazon	t̪ w aː s o n̪
Tuazon	t̪ w aː z o n̪
Tuba	t̪ uː b ɐ
Tubajon	t̪ ʊ b aː h o n̪
Tubay	t̪ uː b a ɪ̯
Tubigon	t̪ ʊ b iː ɣ o n̪
Tublay	t̪ ʊ b l a ɪ̯
Tubo	t̪ uː b o ʔ
Tubo	t̪ ʊ b o
Tuburan	t̪ ʊ b uː ɾ ɐ n̪
Tuburan	t̪ ʊ b ʊ ɾ a n̪
Tudela	t̪ ʊ d̪ ɛː l ɐ
Tugade	t̪ ʊ ɣ aː d̪ ɛ
Tugatog	t̪ ʊ ɣ aː t̪ o ɡ̚
Tuguegarao	t̪ ʊ ɣ ɛ ɣ ɐ ɾ a ʊ̯
Tugunan	t̪ ʊ ɣ uː n̪ ɐ n̪
Tullahan	t̪ ʊ l j aː h ɐ n̪
Tullao	t̪ ʊ l j a ʊ̯
Tulunan	t̪ ʊ l uː n̪ ɐ n̪
Tumacder	t̪ ʊ m ɐ k d̪ ɛ ɾ
Tumagos	t̪ ʊ m aː ɣ o s
Tumbaga	t̪ ʊ m b aː ɣ ɐ
Tumulac	t̪ ʊ m uː l ɐ k̚
Tunasan	t̪ ʊ n̪ ɐ s a n̪
Tunay	t̪ uː n̪ a ɪ̯
Tundo	t̪ ʊ n̪ d̪ o
Tunes	t̪ uː n̪ ɛ s
Tung	t̪ ʊ ŋ
Tunisya	t̪ ʊ n̪ i s j ɐ
Tunisya	t̪ ʊ n̪ iː ʃ ɐ
Tupa	t̪ uː p ɐ
Tupas	t̪ uː p ɐ s
Turalba	t̪ ʊ ɾ a l b ɐ
Turkiya	t̪ ʊ ɾ k iː j ɐ
Turkmenistan	t̪ ʊ ɹ k m ɛ n̪ ɪ s t̪ a n̪
Turkmenistan	t̪ ʊ ɹ k m ɛː n̪ ɪ s t̪ a n̪
Turko	t̪ u ɾ k o
Turo	t̪ uː ɾ o
Tuy	t̪ w ɪ
Ty	t̪ ɪ
Tyson	t̪ a ɪ̯ s o n̪
U	j ʊ
U	ʊ
U	ʔ ʊ
UMall	j uː m o l
UNA	ʔ uː n̪ ɐ
Ubalde	ʔ ʊ b a l d̪ ɛ
Ubay	ʔ ʊ b a ɪ̯
Ueda	w ɛː d̪ ɐ
Uehara	w ɛ h aː ɾ ɐ
Uganda	ʔ ʊ ɣ a n̪ d̪ ɐ
Ugong	ʔ uː ɣ o ŋ
Ukranya	ʔ ʊ k ɾ a n̪ j ɐ
Ukranya	ʔ ʊ k ɾ aː ɲ ɐ
Ulep	ʔ uː l ə p̚
Ulep	ʔ uː l ɛ p̚
Ulysses	j uː l ɪ s ɪ s
Umahon	ʔ ʊ m aː h o n̪
Umali	ʔ ʊ m aː l ɪ
Unggarya	ʔ ʊ ŋ ɡ a ɾ j ɐ
Ungriya	ʔ ʊ ŋ ɡ ɾ iː j ɐ
Unson	ʔ u n̪ s o n̪
Untalan	ʔ ʊ n̪ t̪ ɐ l a n̪
Urano	ʔ ʊ ɾ aː n̪ o
Uriarte	ʔ ʊ ɾ j a ɾ t̪ ɛ
Ursua	ʔ ʊ ɾ s uː w ɐ
Ursula	ʔ u ɾ s ʊ l a
Urugway	ʔ ʊ ɾ ʊ ɡ w a ɪ̯
Usman	ʔ ʊ s m a n̪
Ususan	ʔ ʊ s uː s ɐ n̪
Utanes	ʔ ʊ t̪ aː n̪ ɛ s
Uy	ʔ ʊ ɪ̯
Uyaan	ʔ ʊ j ɐ ʔ a n̪
Uyugan	ʔ ʊ j uː ɣ ɐ n̪
V	b
V	b ɛ
V	b ɪ
V	v
V	v ɪ
Valderrama	b ɐ l d̪ ɛ ɾ aː m ɐ
Valderrama	v ɐ l d̪ ɛ ɾ aː m ɐ
Valdez	b ɐ l d̪ ɛ s
Valdez	v ɐ l d̪ ɛ s
Valencia	b ɐ l ɛ n̪ s j ɐ
Valencia	b ɐ l ɛ n̪ ʃ ɐ
Valencia	v ɐ l ɛ n̪ ʃ ɐ
Valenciano	b ɐ l ɛ n̪ s j aː n̪ o
Valenciano	b ɐ l ɛ n̪ ʃ aː n̪ o
Valenciano	v ɐ l ɛ n̪ ʃ aː n̪ o
Valenzuela	b ɐ l ɛ n̪ s w ɛː l ɐ
Valenzuela	v ɐ l ɛ n̪ z w ɛː l ɐ
Valera	b ɐ l ɛː ɾ ɐ
Valera	v ɐ l ɛː ɾ ɐ
Valle	b a l j ɛ
Valle	v a l j ɛ
Vallesteros	b ɐ l j ɛ s t̪ ɛː ɾ o s
Vallesteros	b ɐ l ɛ s t̪ ɛː ɾ o s
Vallesteros	v ɐ l j ɛ s t̪ ɛː ɾ o s
Vallesteros	v ɐ l ɛ s t̪ ɛː ɾ o s
Valmores	b ɐ l m oː ɾ ɛ s
Valmores	v ɐ l m oː ɾ ɛ s
Vanessa	b ɐ n̪ ɛː s ɐ
Vanessa	v ɐ n̪ ɛː s ɐ
Vangie	b a n̪ d̪ j ɪ
Vangie	b a n̪ d͡ʒ ɪ
Vangie	v a n̪ d͡ʒ ɪ
Vanguardia	b ɐ ŋ ɡ w a ɾ d̪ j ɐ
Vanguardia	b ɐ ŋ ɡ w a ɾ d͡ʒ ɐ
Vanguardia	v ɐ ŋ ɡ w a ɾ d͡ʒ ɐ
Vargas	b a ɾ ɡ ɐ s
Vargas	v a ɾ ɡ ɐ s
Varias	b a ɾ j ɐ s
Varias	v a ɾ j ɐ s
Varona	b ɐ ɾ oː n̪ ɐ
Varona	v ɐ ɾ oː n̪ ɐ
Vasquez	b a s k ɛ s
Vasquez	v a s k ɛ s
Vaticano	b ɐ t̪ ɪ x aː n̪ o
Vaticano	v ɐ t̪ ɪ x aː n̪ o
Vecino	b ɛ s iː n̪ o
Vecino	v ɛ s iː n̪ o
Velante	b ɛ l a n̪ t̪ ɛ
Velante	v ɛ l a n̪ t̪ ɛ
Velarde	b ɛ l a ɾ d̪ ɛ
Velarde	v ɛ l a ɾ d̪ ɛ
Velasquez	b ɛ l a s k ɛ s
Velasquez	v ɛ l a s k ɛ s
Velayo	b ɛ l aː j o
Velayo	v ɛ l aː j o
Velez	b ɛː l ɛ s
Velez	v ɛː l ɛ s
Veloria	b ɛ l o ɾ j ɐ
Veloria	v ɛ l o ɾ j ɐ
Veloso	b ɛ l oː s o
Veloso	v ɛ l oː s o
Veluz	b ɛː l ʊ s
Veluz	v ɛː l ʊ s
Venancio	b ɛ n̪ a n̪ s j o
Venancio	b ɛ n̪ a n̪ ʃ o
Venancio	v ɛ n̪ a n̪ ʃ o
Veneracion	b ɛ n̪ ɛ ɾ ɐ s j o n̪
Veneracion	b ɛ n̪ ɛ ɾ ɐ ʃ o n̪
Veneracion	v ɛ n̪ ɛ ɾ ɐ ʃ o n̪
Venturaza	b ɛ n̪ t̪ ʊ ɾ aː s ɐ
Venturaza	v ɛ n̪ t̪ ʊ ɾ aː z ɐ
Venturina	b ɛ n̪ t̪ ʊ ɾ iː n̪ ɐ
Venturina	v ɛ n̪ t̪ ʊ ɾ iː n̪ ɐ
Venus	b iː n̪ ʊ s
Venus	v iː n̪ ʊ s
Vera	b ɛː ɾ ɐ
Vera	v ɛː ɾ ɐ
Verano	b ɛ ɾ aː n̪ o
Verano	v ɛ ɾ aː n̪ o
Verceles	b ɛ ɾ s ɛː l ɛ s
Verceles	v ɛ ɾ s ɛː l ɛ s
Vergara	b ɛ ɾ ɡ aː ɾ ɐ
Vergara	v ɛ ɾ ɡ aː ɾ ɐ
Veronica	b ɛ ɾ oː n̪ ɪ x a
Veronica	v ɛ ɾ oː n̪ ɪ x a
Versoza	b ɛ ɾ s oː s ɐ
Versoza	v ɛ ɾ s oː z ɐ
Vertucio	b ɛ ɾ t̪ u s j o
Vertucio	b ɛ ɾ t̪ uː ʃ o
Vertucio	v ɛ ɾ t̪ uː ʃ o
Veruela	b ɛ ɾ w ɛː l ɐ
Veruela	v ɛ ɾ w ɛː l ɐ
Vicente	b ɪ s ɛ n̪ t̪ ɛ
Vicente	v ɪ s ɛ n̪ t̪ ɛ
Viceral	b ɪ s ɛ ɾ a l
Viceral	v ɪ s ɛ ɾ a l
Vickey	b iː x ɪ
Vickey	v iː x ɪ
Vicki	b iː x ɪ
Vicki	v iː x ɪ
Vickie	b iː x ɪ
Vickie	v iː x ɪ
Vicky	b iː x ɪ
Vicky	v iː x ɪ
Vidanes	b ɪ d̪ aː n̪ ɛ s
Vidanes	v ɪ d̪ aː n̪ ɛ s
Viernes	b j ɛ ɾ n̪ ɛ s
Viernes	v j ɛ ɾ n̪ ɛ s
Viga	b iː ɣ ɐ
Viga	v iː ɣ ɐ
Vigan	b iː ɣ ɐ n̪
Vigan	v iː ɣ ɐ n̪
Villablanca	b ɪ l j ɐ b l a ŋ k ɐ
Villablanca	v ɪ l j ɐ b l a ŋ k ɐ
Villacarlos	b ɪ l j ɐ x a ɾ l o s
Villacarlos	v ɪ l j ɐ x a ɾ l o s
Villacorta	b ɪ l j ɐ x o ɾ t̪ ɐ
Villacorta	v ɪ l j ɐ x o ɾ t̪ ɐ
Villaester	b ɪ l j ɐ ʔ ɛ s t̪ ɛ ɾ
Villaester	v ɪ l j ɐ ʔ ɛ s t̪ ɛ ɾ
Villafranca	b ɪ l j ɐ p ɾ a ŋ k ɐ
Villafranca	v ɪ l j ɐ f ɾ a ŋ k ɐ
Villafuerte	b ɪ l j ɐ p w ɛ ɾ t̪ ɛ
Villafuerte	v ɪ l j ɐ f w ɛ ɾ t̪ ɛ
Villagracia	b ɪ l j ɐ ɡ ɾ a s j ɐ
Villagracia	b ɪ l j ɐ ɡ ɾ aː ʃ ɐ
Villagracia	v ɪ l j ɐ ɡ ɾ aː ʃ ɐ
Villalobos	b ɪ l j ɐ l oː b o s
Villalobos	v ɪ l j ɐ l oː b o s
Villamater	b ɪ l j ɐ m ɐ t̪ ɛ ɾ
Villamater	v ɪ l j ɐ m ɐ t̪ ɛ ɾ
Villamayor	b ɪ l j ɐ m ɐ j o ɾ
Villamayor	v ɪ l j ɐ m ɐ j o ɾ
Villamil	b ɪ l j ɐ m ɪ l
Villamil	v ɪ l j ɐ m ɪ l
Villamin	b i l j ɐ m ɪ n̪
Villamin	v i l j ɐ m ɪ n̪
Villamor	b ɪ l j ɐ m o ɾ
Villamor	v ɪ l j ɐ m o ɾ
Villanueva	b ɪ l j ɐ n̪ w ɛː b ɐ
Villanueva	v ɪ l j ɐ n̪ w ɛː v ɐ
Villapando	b ɪ l j ɐ p a n̪ d̪ o
Villapando	v ɪ l j ɐ p a n̪ d̪ o
Villar	b ɪ l j a ɾ
Villar	v ɪ l j a ɾ
Villarama	b ɪ l j ɐ ɾ aː m ɐ
Villarama	v ɪ l j ɐ ɾ aː m ɐ
Villareal	b ɪ l j ɐ ɾ ɛ j a l
Villareal	v ɪ l j ɐ ɾ ɛ j a l
Villarino	b ɪ l j ɐ ɾ iː n̪ o
Villarino	v ɪ l j ɐ ɾ iː n̪ o
Villarosa	b ɪ l j ɐ ɾ oː s ɐ
Villarosa	v ɪ l j ɐ ɾ oː s ɐ
Villaruel	b ɪ l j ɐ ɾ w ɛ l
Villaruel	v ɪ l j ɐ ɾ w ɛ l
Villaruz	b ɪ l j ɐ ɾ ʊ s
Villaruz	v ɪ l j ɐ ɾ ʊ s
Villaseñor	b ɪ l j ɐ s ɛ n ɲ o ɾ
Villaseñor	b ɪ l j ɐ s ɛ n̪ j o ɾ
Villaseñor	v ɪ l j ɐ s ɛ n ɲ o ɾ
Villasin	b ɪ l j ɐ s ɪ n̪
Villasin	v ɪ l j ɐ s ɪ n̪
Villasis	b ɪ l j aː s ɪ s
Villasis	v ɪ l j aː s ɪ s
Villaverde	b ɪ l j ɐ b ɛ ɾ d̪ ɛ
Villaverde	v ɪ l j ɐ v ɛ ɾ d̪ ɛ
Villavicencio	b ɪ l j ɐ b ɪ s ɛ n̪ s j o
Villavicencio	b ɪ l j ɐ b ɪ s ɛ n̪ ʃ o
Villavicencio	v ɪ l j ɐ v ɪ s ɛ n̪ ʃ o
Villaviciosa	b ɪ l j ɐ b ɪ s j oː s ɐ
Villaviciosa	b ɪ l j ɐ b ɪ ʃ oː s ɐ
Villaviciosa	v ɪ l j ɐ v ɪ ʃ oː s ɐ
Villegas	b ɪ l j ɛː ɣ ɐ s
Villegas	v ɪ l j ɛː ɣ ɐ s
Villena	b ɪ l j ɛː n̪ ɐ
Villena	v ɪ l j ɛː n̪ ɐ
Villones	b ɪ l j oː n̪ ɛ s
Villones	v ɪ l j oː n̪ ɛ s
Vilma	b i l m ɐ
Vilma	v i l m ɐ
Vincent	b i n̪ s ɛ n̪ t̪
Vincent	v i n̪ s ɛ n̪ t̪
Vinoya	b ɪ n̪ oː j ɐ
Vinoya	v ɪ n̪ oː j ɐ
Vinzons	b i n̪ s o n̪ s
Vinzons	v i n̪ z o n̪ s
Violago	b j o l aː ɣ o
Violago	v j o l aː ɣ o
Violeta	b j o l ɛː t̪ ɐ
Violeta	v j o l ɛː t̪ ɐ
Virac	b ɪ ɾ a k̚
Virac	v ɪ ɾ a k̚
Virata	b ɪ ɾ aː t̪ ɐ
Virata	v ɪ ɾ aː t̪ ɐ
Viray	b ɪ ɾ a ɪ̯
Viray	v ɪ ɾ a ɪ̯
Virgilio	b ɪ ɾ h i l j o
Virgilio	v ɪ ɾ h i l j o
Virrey	b ɪ ɾ e ɪ̯
Virrey	v ɪ ɾ e ɪ̯
Virtucio	b ɪ ɾ t̪ u s j o
Virtucio	b ɪ ɾ t̪ uː ʃ o
Virtucio	v ɪ ɾ t̪ uː ʃ o
Visaya	b ɪ s aː j ɐ ʔ
Visaya	v ɪ s aː j ɐ ʔ
Vitales	b ɪ t̪ aː l ɛ s
Vitales	v ɪ t̪ aː l ɛ s
Vitalez	b ɪ t̪ aː l ɛ s
Vitalez	v ɪ t̪ aː l ɛ s
Vizcarra	b ɪ s k aː ɾ ɐ
Vizcarra	v ɪ s k aː ɾ ɐ
Vizconde	b ɪ s k o n̪ d̪ ɛ
Vizconde	v ɪ s k o n̪ d̪ ɛ
Viñas	b i n̪ j ɐ s
Viñas	b iː ɲ ɐ s
Viñas	v iː ɲ ɐ s
Volante	b o l a n̪ t̪ ɛ
Volante	v o l a n̪ t̪ ɛ
W	d̪ oː b o l j ʊ
W	w
W	w a
Waldo	w a l d̪ o
Wang	w a ŋ
Wangal	w ɐ ŋ a l
Waray	w ɐ ɾ a ɪ̯
Warren	w aː ɾ ɛ n̪
Wee	w ɪ
Wenna	w ɛː n̪ ɐ
Weste	w ɛ s t̪ ɛ
Wiksiyonaryo	w ɪ k s j o n̪ a ɾ j o
Wiksiyonaryo	w ɪ k ʃ o n̪ a ɾ j o
William	w i l j ɐ m
Willie	w iː l ɪ
Willy	w iː l ɪ
Wilma	w i l m ɐ
Wilson	w i l s o n̪
Winnie	w iː n̪ ɪ
Winter	w i n̪ t̪ ɛ ɾ
Wong	w o ŋ
Wood	w ʊ d̪̚
Wu	w ʊ
Wu	ʔ ʊ
Wuhan	w uː h ɐ n̪
Wycoco	w ɪ x oː x o
X	h
X	k s
X	ʔ ɛ k s
X	ʔ ɛː x ɪ s
Y	j
Y	j a
Y	j ɛ
Y	w a ɪ̯
Y	ɪ
Yabes	j aː b ɛ s
Yabut	j aː b ʊ t̪̚
Yacapin	j ɐ x aː p ɪ n̪
Yaeko	j ɐ ʔ ɛː x o
Yakan	j aː x ɐ n̪
Yalung	j aː l ʊ ŋ
Yamane	j ɐ m aː n̪ ɛ
Yamasaki	j ɐ m ɐ s aː x ɪ
Yamashiro	j ɐ m ɐ s j iː ɾ o
Yamashiro	j ɐ m ɐ ʃ iː ɾ o
Yamashita	j ɐ m ɐ s j iː t̪ ɐ
Yamashita	j ɐ m ɐ ʃ iː t̪ ɐ
Yan	j a n̪
Yan	j ɛ n̪
Yang	j a ŋ
Yangki	j a ŋ k ɪ
Yanki	j a ŋ k ɪ
Yao	j a ʊ̯
Yap	j a p̚
Yasay	j aː s a ɪ̯
Yasmin	j a s m ɪ n̪
Yatco	j a t̪ k o
Ybañez	y b ɐ n ɲ ɛ s
Ybañez	y b ɐ n̪ j ɛ s
Yee	j ɪ
Yemen	j ɛː m ɛ n̪
Yepes	j ɛː p ɛ s
Yibuti	j ɪ b uː t̪ ɪ
Ylagan	y l ɐ ɣ ɐ n̪
Yokoyama	j o x o j aː m ɐ
Yolanda	j o l a n̪ d̪ ɐ
Yoling	j o l ɪ ŋ
Yongco	j o ŋ k o
Yorme	j o ɾ m ɛ
Yoshida	j o s j iː d̪ ɐ
Yoshida	j o ʃ iː d̪ ɐ
Yoshikawa	j o s j ɪ x aː w ɐ
Yoshikawa	j o ʃ ɪ x aː w ɐ
Yoshiko	j o s j iː x o
Yoshiko	j o ʃ iː x o
Young	j a ŋ
Yoyoy	j oː j o ɪ̯
Yu	j ʊ
Yuchengco	j ʊ t t͡ʃ ɛ ŋ k o
Yuchengco	j ʊ t̪ s ɛ ŋ k o
Yugoeslabya	j ʊ ɣ o ʔ ɛ s l a b j ɐ
Yugoslabo	j ʊ ɣ o s l aː b o
Yugoslabya	j ʊ ɣ o s l a b j ɐ
Yuichiro	j ʊ w i t̪ s ɪ ɾ o
Yuichiro	j ʊ w iː t͡ʃ ɪ ɾ o
Yulo	j uː l o
Yung	j a ŋ
Yung	j ʊ ŋ
Yupangco	j ʊ p a ŋ k o
Yuropa	j ʊ ɾ oː p ɐ
Yuson	j uː s o n̪
Yuvienco	j ʊ b j ɛ ŋ k o
Yuvienco	j ʊ v j ɛ ŋ k o
Yuzon	j uː s o n̪
Yuzon	j uː z o n̪
Yvonne	ʔ ɪ b o n̪
Yvonne	ʔ ɪ v o n̪
Yñiguez	y n̪ j ɪ ɣ ɛ s
Yñiguez	y ɲ ɪ ɣ ɛ s
Z	s
Z	s e ɪ̯
Z	s ɛː t̪ ɐ
Z	s ɪ
Z	z
Z	z e ɪ̯
Z	z ɛː t̪ ɐ
Z	z ɪ
Zabala	s ɐ b aː l ɐ
Zabala	z ɐ b aː l ɐ
Zafra	s aː p ɾ ɐ
Zafra	z aː f ɾ ɐ
Zaide	s a ɪ̯ d̪ ɛ
Zaide	z a ɪ̯ d̪ ɛ
Zambales	s ɐ m b aː l ɛ s
Zambales	z ɐ m b aː l ɛ s
Zamboanga	s ɐ m b o w a ŋ ɡ ɐ
Zamboanga	z ɐ m b o w a ŋ ɡ ɐ
Zamboangueña	s ɐ m b o w ɐ ŋ ɡ ɛ n̪ j ɐ
Zamboangueña	s ɐ m b o w ɐ ŋ ɡ ɛː ɲ ɐ
Zamboangueña	z ɐ m b o w ɐ ŋ ɡ ɛː ɲ ɐ
Zamboangueño	s ɐ m b o w ɐ ŋ ɡ ɛ n̪ j o
Zamboangueño	s ɐ m b o w ɐ ŋ ɡ ɛː ɲ o
Zamboangueño	z ɐ m b o w ɐ ŋ ɡ ɛː ɲ o
Zamora	s ɐ m oː ɾ ɐ
Zamora	z ɐ m oː ɾ ɐ
Zapanta	s ɐ p a n̪ t̪ ɐ
Zapanta	z ɐ p a n̪ t̪ ɐ
Zapatero	s ɐ p ɐ t̪ ɛː ɾ o
Zapatero	z ɐ p ɐ t̪ ɛː ɾ o
Zaragoza	s ɐ ɾ ɐ ɣ oː s ɐ
Zaragoza	z ɐ ɾ ɐ ɣ oː s ɐ
Zavalla	s ɐ b a l j ɐ
Zavalla	z ɐ v a l j ɐ
Zenaida	s ɛ n̪ a ɪ̯ d̪ ɐ
Zenaida	z ɛ n̪ a ɪ̯ d̪ ɐ
Zeny	s ɛː n̪ ɪ
Zeny	z ɛː n̪ ɪ
Zhang	s a ŋ
Zhang	t͡s a ŋ
Zhang	t͡ʃ a ŋ
Zhang	z a ŋ
Zildjian	s i l d̪ j ɐ n̪
Zildjian	s i l d͡ʒ ɐ n̪
Zildjian	z i l d͡ʒ ɐ n̪
Zoleta	s o l ɛː t̪ ɐ
Zoleta	z o l ɛː t̪ ɐ
Zoraida	s o ɾ a ɪ̯ d̪ ɐ
Zoraida	z o ɾ a ɪ̯ d̪ ɐ
Zosimo	s oː s ɪ m o
Zosimo	z oː s ɪ m o
Zosing	s oː s ɪ ŋ
Zosing	z oː s ɪ ŋ
Zubiri	s ʊ b iː ɾ ɪ
Zubiri	z ʊ b iː ɾ ɪ
Zulueta	s ʊ l w ɛː t̪ ɐ
Zulueta	z ʊ l w ɛː t̪ ɐ
Zuñiga	s u n̪ j ɪ ɣ a
Zuñiga	s uː ɲ ɪ ɣ a
Zuñiga	s ʊ n ɲ iː ɣ ɐ
Zuñiga	s ʊ n̪ j iː ɣ ɐ
Zuñiga	z uː ɲ ɪ ɣ a
Zuñiga	z ʊ n ɲ iː ɣ ɐ
aa	ʔ aː ʔ ɐ
aa	ʔ aː ʔ ɐ ʔ
aa	ʔ ɐ ʔ a ʔ
aaa	ʔ aː ʔ ɐ ʔ a ʔ
aaaban	ʔ aː ʔ ɐ ʔ ɐ b a n̪
aab	ʔ ɐ ʔ a b̚
aaban	ʔ ɐ ʔ ɐ b a n̪
aabisuhan	ʔ aː ʔ ɐ b ɪ s uː h ɐ n̪
aagaw	ʔ aː ʔ aː ɣ a ʊ̯
aagaw	ʔ ɐ ʔ aː ɣ a ʊ̯
aagaw	ʔ ɐ ʔ ɐ ɣ a ʊ̯
aak	ʔ ɐ ʔ a k̚
aakyat	ʔ aː ʔ ɐ k j a t̪̚
aalpombrahin	ʔ aː ʔ ɐ l p o m b ɾ ɐ h ɪ n̪
aalpombrahin	ʔ ɐ ʔ ɐ l p o m b ɾ aː h ɪ n̪
aam	ʔ ɐ ʔ a m
aamin	ʔ aː ʔ aː m ɪ n̪
aamin	ʔ ɐ ʔ aː m ɪ n̪
aaminin	ʔ aː ʔ ɐ m iː n̪ ɪ n̪
aamyendahan	ʔ aː ʔ ɐ m j ɛ n̪ d̪ ɐ h a n̪
aanhin	ʔ aː ʔ ɐ n̪ h ɪ n̪
aanim	ʔ aː ʔ aː n̪ ɪ m
aanulahin	ʔ aː ʔ ɐ n̪ ʊ l ɐ h ɪ n̪
aap	ʔ aː ʔ ɐ p̚
aap	ʔ ɐ ʔ a p̚
aarawan	ʔ aː ʔ ɐ ɾ aː w ɐ n̪
aawat	ʔ aː ʔ aː w ɐ t̪̚
aawat	ʔ ɐ ʔ aː w ɐ t̪̚
aba	ʔ ɐ b a
aba	ʔ ɐ b a ʔ
abad	ʔ ɐ b a d̪̚
abada	ʔ ɐ b aː d̪ ɐ
abadesa	ʔ ɐ b ɐ d̪ ɛː s ɐ
abadiya	ʔ ɐ b ɐ d̪ iː j ɐ
abadya	ʔ ɐ b ɐ d d͡ʒ a
abadya	ʔ ɐ b ɐ d̪ j a
abadyato	ʔ ɐ b ɐ d d͡ʒ aː t̪ o
abadyato	ʔ ɐ b ɐ d̪ j aː t̪ o
abahin	ʔ ɐ b ɐ h ɪ n̪
abain	ʔ ɐ b ɐ ʔ ɪ n̪
abaka	ʔ ɐ b ɐ x a
abakada	ʔ ɐ b ɐ x aː d̪ ɐ
abakahan	ʔ aː b ɐ x aː h ɐ n̪
abakahan	ʔ aː b ɐ x ɐ h a n̪
abakahan	ʔ ɐ b ɐ x ɐ h a n̪
abako	ʔ aː b ɐ x o
abako	ʔ ɐ b ɐ x o
abakus	ʔ aː b ɐ x ʊ s
abala	ʔ ɐ b aː l ɐ
abala	ʔ ɐ b ɐ l a
abalahin	ʔ ɐ b ɐ l aː h ɪ n̪
abaloni	ʔ ɐ b ɐ l oː n̪ ɪ
abaloryo	ʔ ɐ b ɐ l o ɾ j o
abanderada	ʔ ɐ b ɐ n̪ d̪ ɛ ɾ aː d̪ ɐ
abanderado	ʔ ɐ b ɐ n̪ d̪ ɛ ɾ aː d̪ o
abandona	ʔ ɐ b ɐ n̪ d̪ o n̪ a
abandonada	ʔ ɐ b ɐ n̪ d̪ o n̪ aː d̪ ɐ
abandonado	ʔ ɐ b ɐ n̪ d̪ o n̪ aː d̪ o
abandono	ʔ ɐ b ɐ n̪ d̪ oː n̪ o
abang	ʔ ɐ b a ŋ
abangan	ʔ aː b aː ŋ ɐ n̪
abangan	ʔ ɐ b aː ŋ ɐ n̪
abangan	ʔ ɐ b ɐ ŋ a n̪
abangers	ʔ ɐ b aː ŋ ə ɹ s
abaniko	ʔ ɐ b ɐ n̪ iː x o
abanse	ʔ ɐ b a n̪ s ɛ
abante	ʔ ɐ b a n̪ t̪ ɛ
abarisya	ʔ ɐ b ɐ ɾ i s j ɐ
abarisya	ʔ ɐ b ɐ ɾ iː ʃ ɐ
abarka	ʔ ɐ b ɐ ɾ k a
abarkador	ʔ ɐ b ɐ ɾ k ɐ d̪ o ɾ
abaro	ʔ ɐ b aː ɾ o
abaseria	ʔ ɐ b ɐ s ɛ ɾ iː j ɐ
abaseriya	ʔ ɐ b ɐ s ɛ ɾ iː j ɐ
abasero	ʔ ɐ b ɐ s ɛː ɾ o
abaserya	ʔ ɐ b ɐ s ɛ ɾ j a
abastesedor	ʔ ɐ b ɐ s t̪ ɛ s ɛ d̪ o ɾ
abasto	ʔ ɐ b a s t̪ o
abat	ʔ ɐ b a t̪̚
abatan	ʔ aː b aː t̪ ɐ n̪
abatan	ʔ ɐ b ɐ t̪ a n̪
abate	ʔ ɐ b aː t̪ ɛ
abay	ʔ aː b a ɪ̯
abay	ʔ ɐ b a ɪ̯
abaya	ʔ ɐ b aː j ɐ
abayan	ʔ ɐ b aː j ɐ n̪
abayan	ʔ ɐ b ɐ j a n̪
abdika	ʔ ɐ b d̪ ɪ x a
abdikasyon	ʔ ɐ b d̪ ɪ x ɐ s j o n̪
abdikasyon	ʔ ɐ b d̪ ɪ x ɐ ʃ o n̪
abdomen	ʔ a b d̪ o m ɛ n̪
abdomen	ʔ ɐ b d̪ oː m ɛ n̪
abdominal	ʔ ɐ b d̪ o m ɪ n̪ a l
abduksiyon	ʔ ɐ b d̪ ʊ k s j o n̪
abduksiyon	ʔ ɐ b d̪ ʊ k ʃ o n̪
abduksyon	ʔ ɐ b d̪ ʊ k s j o n̪
abduksyon	ʔ ɐ b d̪ ʊ k ʃ o n̪
abece	ʔ aː b ɛː s ɛ
abece	ʔ ɐ b ɛ s ɛ
abeha	ʔ ɐ b ɛː h ɐ
abehera	ʔ ɐ b ɛ h ɛː ɾ ɐ
abehero	ʔ ɐ b ɛ h ɛː ɾ o
abelyana	ʔ ɐ b ɛ l j aː n̪ ɐ
abelyano	ʔ ɐ b ɛ l j aː n̪ o
abenida	ʔ ɐ b ɛ n̪ iː d̪ ɐ
abente	ʔ ɐ b ɛ n̪ t̪ ɛ
abentura	ʔ ɐ b ɛ n̪ t̪ uː ɾ ɐ
abenturero	ʔ ɐ b ɛ n̪ t̪ ʊ ɾ ɛː ɾ o
aber	ʔ ɐ b ɛ ɾ
aberasyon	ʔ ɐ b ɛ ɾ ɐ s j o n̪
aberasyon	ʔ ɐ b ɛ ɾ ɐ ʃ o n̪
abereyds	ʔ aː b ɛ ɾ e ɪ̯ d̪ s
abereyds	ʔ aː b ɛ ɾ e ɪ̯ d͡ʒ
abereyj	ʔ aː b ɛ ɾ e ɪ̯ d̪ s
abereyj	ʔ aː b ɛ ɾ e ɪ̯ d͡ʒ
aberya	ʔ ɐ b ɛ ɾ j a
abese	ʔ aː b ɛː s ɛ
abese	ʔ ɐ b ɛ s ɛ
abesedaryo	ʔ ɐ b ɛ s ɛ d̪ a ɾ j o
abestrus	ʔ ɐ b ɛ s t̪ ɾ ʊ s
abeto	ʔ ɐ b ɛː t̪ o
abeynte	ʔ ɐ b e ɪ̯ n̪ t̪ ɛ
abilaw	ʔ ɐ b ɪ l a ʊ̯
abilidad	ʔ ɐ b ɪ l ɪ d̪ a d̪̚
abilo	ʔ ɐ b iː l o
abintestato	ʔ ɐ b ɪ n̪ t̪ ɛ s t̪ aː t̪ o
abiohenesis	ʔ ɐ b j o h ɛ n̪ ɛː s ɪ s
abiohenesis	ʔ ɐ b j o h ɛː n̪ ɛ s ɪ s
abismal	ʔ ɐ b ɪ s m a l
abismo	ʔ ɐ b i s m o
abiso	ʔ ɐ b iː s o
abisuhan	ʔ ɐ b ɪ s uː h ɐ n̪
abito	ʔ aː b ɪ t̪ o
abito	ʔ ɐ b iː t̪ o
abitsuwela	ʔ ɐ b ɪ t̪ s w ɛː l ɐ
abitsuwela	ʔ ɐ b ɪ t͡ʃ w ɛː l ɐ
abitsuwelas	ʔ ɐ b ɪ t̪ s w ɛː l ɐ s
abitsuwelas	ʔ ɐ b ɪ t͡ʃ w ɛː l ɐ s
abiw	ʔ aː b ɪ ʊ̯
abiyerta	ʔ ɐ b j ɛ ɾ t̪ ɐ
abiyo	ʔ ɐ b iː j o
abiyohenesis	ʔ ɐ b j o h ɛ n̪ ɛː s ɪ s
abiyohenesis	ʔ ɐ b j o h ɛː n̪ ɛ s ɪ s
abiyolohiya	ʔ ɐ b j o l o h iː j ɐ
abla	ʔ aː b l ɐ
abla	ʔ ɐ b l a
ablatibo	ʔ ɐ b l ɐ t̪ iː b o
able	ʔ ɐ b l ɛ
ablepsiya	ʔ ɐ b l ɛ p s j ɐ
ablepsiya	ʔ ɐ b l ɛ p ʃ ɐ
ablepsya	ʔ ɐ b l ɛ p s j ɐ
ablepsya	ʔ ɐ b l ɛ p ʃ ɐ
abli	ʔ ɐ b l ɪ
ablusyon	ʔ ɐ b l ʊ s j o n̪
ablusyon	ʔ ɐ b l ʊ ʃ o n̪
abnegada	ʔ ɐ b n̪ ɛ ɣ aː d̪ ɐ
abnegado	ʔ ɐ b n̪ ɛ ɣ aː d̪ o
abnegasyon	ʔ ɐ b n̪ ɛ ɣ ɐ s j o n̪
abnegasyon	ʔ ɐ b n̪ ɛ ɣ ɐ ʃ o n̪
abno	ʔ ɐ b n̪ o ʔ
abnormal	ʔ ɐ b n̪ o ɾ m a l
abnormal	ʔ ɐ b n̪ o ɾ m ɐ l
abnormalidad	ʔ ɐ b n̪ o ɾ m ɐ l ɪ d̪ a d̪̚
abnoy	ʔ ɐ b n̪ o ɪ̯
abo	ʔ ɐ b o
abog	ʔ ɐ b o ɡ̚
abogada	ʔ ɐ b o ɣ aː d̪ ɐ
abogadilyo	ʔ ɐ b o ɣ ɐ d̪ i l j o
abogado	ʔ ɐ b o ɣ aː d̪ o
abogago	ʔ ɐ b o ɣ aː ɣ o
abogasia	ʔ ɐ b o ɣ ɐ s iː j ɐ
abogasiya	ʔ ɐ b o ɣ ɐ s iː j ɐ
abogasya	ʔ ɐ b o ɣ a s j ɐ
abogasya	ʔ ɐ b o ɣ aː ʃ ɐ
abogasya	ʔ ɐ b o ɣ ɐ s j a
abogasya	ʔ ɐ b o ɣ ɐ ʃ a
abok	ʔ ɐ b o k̚
abokado	ʔ ɐ b o x aː d̪ o
aboli	ʔ ɐ b o l ɪ
abolisyon	ʔ ɐ b o l ɪ s j o n̪
abolisyon	ʔ ɐ b o l ɪ ʃ o n̪
abolisyonismo	ʔ ɐ b o l ɪ s j o n̪ i s m o
abolisyonismo	ʔ ɐ b o l ɪ ʃ o n̪ i s m o
abolisyonista	ʔ ɐ b o l ɪ s j o n̪ i s t̪ ɐ
abolisyonista	ʔ ɐ b o l ɪ ʃ o n̪ i s t̪ ɐ
abolisyunista	ʔ ɐ b o l ɪ s j ʊ n̪ i s t̪ ɐ
abolisyunista	ʔ ɐ b o l ɪ ʃ ʊ n̪ i s t̪ ɐ
abonada	ʔ ɐ b o n̪ aː d̪ ɐ
abonado	ʔ ɐ b o n̪ aː d̪ o
abono	ʔ ɐ b oː n̪ o
aborsiyon	ʔ ɐ b o ɾ s j o n̪
aborsiyon	ʔ ɐ b o ɾ ʃ o n̪
aborsiyonista	ʔ ɐ b o ɾ s j o n̪ i s t̪ ɐ
aborsiyonista	ʔ ɐ b o ɾ ʃ o n̪ i s t̪ ɐ
aborsiyunista	ʔ ɐ b o ɾ s j ʊ n̪ i s t̪ ɐ
aborsiyunista	ʔ ɐ b o ɾ ʃ ʊ n̪ i s t̪ ɐ
aborsyon	ʔ ɐ b o ɾ s j o n̪
aborsyon	ʔ ɐ b o ɾ ʃ o n̪
aborsyonista	ʔ ɐ b o ɾ s j o n̪ i s t̪ ɐ
aborsyonista	ʔ ɐ b o ɾ ʃ o n̪ i s t̪ ɐ
aborsyunista	ʔ ɐ b o ɾ s j ʊ n̪ i s t̪ ɐ
aborsyunista	ʔ ɐ b o ɾ ʃ ʊ n̪ i s t̪ ɐ
abortista	ʔ ɐ b o ɾ t̪ i s t̪ ɐ
aborto	ʔ ɐ b o ɾ t̪ o
abot	ʔ aː b o t̪̚
abot	ʔ ɐ b o t̪̚
aboy	ʔ ɐ b o ɪ̯
abra	ʔ aː b ɾ ɐ
abrakadabra	ʔ aː b ɾ ɐ x ɐ d̪ aː b ɾ ɐ
abrasador	ʔ ɐ b ɾ ɐ s ɐ d̪ o ɾ
abrasete	ʔ ɐ b ɾ ɐ s ɛː t̪ ɛ
abrasiyete	ʔ ɐ b ɾ ɐ s j ɛː t̪ ɛ
abrasiyete	ʔ ɐ b ɾ ɐ ʃ ɛː t̪ ɛ
abraso	ʔ ɐ b ɾ aː s o
abrasyete	ʔ ɐ b ɾ ɐ s j ɛː t̪ ɛ
abrasyete	ʔ ɐ b ɾ ɐ ʃ ɛː t̪ ɛ
abre	ʔ ɐ b ɾ ɛ
abrebasyon	ʔ ɐ b ɾ ɛ b ɐ s j o n̪
abrebasyon	ʔ ɐ b ɾ ɛ b ɐ ʃ o n̪
abrebiyado	ʔ ɐ b ɾ ɛ b j aː d̪ o
abrebiyasyon	ʔ ɐ b ɾ ɛ b j ɐ s j o n̪
abrebiyasyon	ʔ ɐ b ɾ ɛ b j ɐ ʃ o n̪
abrebiyatura	ʔ ɐ b ɾ ɛ b j ɐ t̪ uː ɾ ɐ
abrebyado	ʔ ɐ b ɾ ɛ b j aː d̪ o
abrebyasyon	ʔ ɐ b ɾ ɛ b j ɐ s j o n̪
abrebyasyon	ʔ ɐ b ɾ ɛ b j ɐ ʃ o n̪
abrebyatura	ʔ ɐ b ɾ ɛ b j ɐ t̪ uː ɾ ɐ
abrelata	ʔ ɐ b ɾ ɛ l aː t̪ ɐ
abretapa	ʔ ɐ b ɾ ɛ t̪ aː p ɐ
abri	ʔ ɐ b ɾ ɪ
abridor	ʔ ɐ b ɾ ɪ d̪ o ɾ
abrigado	ʔ ɐ b ɾ ɪ ɣ aː d̪ o
abrigana	ʔ ɐ b ɾ ɪ ɣ aː n̪ ɐ
abrigo	ʔ ɐ b ɾ iː ɣ o
abrisete	ʔ ɐ b ɾ ɪ s ɛː t̪ ɛ
abritapa	ʔ ɐ b ɾ ɪ t̪ aː p ɐ
abrodista	ʔ ɐ b ɾ o d̪ i s t̪ ɐ
abroga	ʔ ɐ b ɾ o ɣ a
abrogado	ʔ ɐ b ɾ o ɣ aː d̪ o
abrogahin	ʔ ɐ b ɾ o ɣ ɐ h ɪ n̪
abrogasyon	ʔ ɐ b ɾ o ɣ ɐ s j o n̪
abrogasyon	ʔ ɐ b ɾ o ɣ ɐ ʃ o n̪
abrotano	ʔ ɐ b ɾ oː t̪ ɐ n̪ o
absen	ʔ a b s ɛ n̪
absenera	ʔ ɐ b s ɛ n̪ ɛː ɾ ɐ
absenero	ʔ ɐ b s ɛ n̪ ɛː ɾ o
absent	ʔ a b s ɛ n̪ t̪
absentera	ʔ ɐ b s ɛ n̪ t̪ ɛː ɾ ɐ
absentero	ʔ ɐ b s ɛ n̪ t̪ ɛː ɾ o
absentismo	ʔ ɐ b s ɛ n̪ t̪ i s m o
abseso	ʔ ɐ b s ɛː s o
absik	ʔ ɐ b s ɪ k̚
absintiyo	ʔ ɐ b s i n̪ t̪ j o
absintiyo	ʔ ɐ b s i n̪ t͡ʃ o
absintyo	ʔ ɐ b s i n̪ t̪ j o
absintyo	ʔ ɐ b s i n̪ t͡ʃ o
absisa	ʔ ɐ b s iː s ɐ
absisyon	ʔ ɐ b s ɪ s j o n̪
absisyon	ʔ ɐ b s ɪ ʃ o n̪
absolbe	ʔ ɐ b s o l b ɛ
absolusyon	ʔ ɐ b s o l ʊ s j o n̪
absolusyon	ʔ ɐ b s o l ʊ ʃ o n̪
absolutismo	ʔ ɐ b s o l ʊ t̪ i s m o
absolutista	ʔ ɐ b s o l ʊ t̪ i s t̪ ɐ
absoluto	ʔ ɐ b s o l uː t̪ o
absorbente	ʔ ɐ b s o ɾ b ɛ n̪ t̪ ɛ
absorpsiyon	ʔ ɐ b s o ɹ p s j o n̪
absorpsiyon	ʔ ɐ b s o ɹ p ʃ o n̪
absorpsyon	ʔ ɐ b s o ɹ p s j o n̪
absorpsyon	ʔ ɐ b s o ɹ p ʃ o n̪
absorsiyon	ʔ ɐ b s o ɾ s j o n̪
absorsiyon	ʔ ɐ b s o ɾ ʃ o n̪
absorsyon	ʔ ɐ b s o ɾ s j o n̪
absorsyon	ʔ ɐ b s o ɾ ʃ o n̪
abstensiyon	ʔ ɐ b s t̪ ɛ n̪ s j o n̪
abstensiyon	ʔ ɐ b s t̪ ɛ n̪ ʃ o n̪
abstensyon	ʔ ɐ b s t̪ ɛ n̪ s j o n̪
abstensyon	ʔ ɐ b s t̪ ɛ n̪ ʃ o n̪
abstinensiya	ʔ ɐ b s t̪ ɪ n̪ ɛ n̪ s j ɐ
abstinensiya	ʔ ɐ b s t̪ ɪ n̪ ɛ n̪ ʃ ɐ
abstinensya	ʔ ɐ b s t̪ ɪ n̪ ɛ n̪ s j ɐ
abstinensya	ʔ ɐ b s t̪ ɪ n̪ ɛ n̪ ʃ ɐ
abstrak	ʔ a b s t̪ ɾ ɐ k̚
abstraksiyon	ʔ ɐ b s t̪ ɾ ɐ k s j o n̪
abstraksiyon	ʔ ɐ b s t̪ ɾ ɐ k ʃ o n̪
abstraksyon	ʔ ɐ b s t̪ ɾ ɐ k s j o n̪
abstraksyon	ʔ ɐ b s t̪ ɾ ɐ k ʃ o n̪
abstrakto	ʔ ɐ b s t̪ ɾ a k t̪ o
absulbi	ʔ ɐ b s ʊ l b ɪ
absulusyon	ʔ ɐ b s ʊ l ʊ s j o n̪
absulusyon	ʔ ɐ b s ʊ l ʊ ʃ o n̪
absulutismo	ʔ ɐ b s ʊ l ʊ t̪ i s m o
absulutista	ʔ ɐ b s ʊ l ʊ t̪ i s t̪ ɐ
absuluto	ʔ ɐ b s ʊ l uː t̪ o
absurdismo	ʔ ɐ b s ʊ ɾ d̪ i s m o
absurdista	ʔ ɐ b s ʊ ɾ d̪ i s t̪ ɐ
absurdo	ʔ ɐ b s u ɾ d̪ o
absuweltado	ʔ ɐ b s w ɛ l t̪ aː d̪ o
absuwelto	ʔ ɐ b s w ɛ l t̪ o
absweltado	ʔ ɐ b s w ɛ l t̪ aː d̪ o
abswelto	ʔ ɐ b s w ɛ l t̪ o
abuab	ʔ ɐ b ʊ ʔ a b̚
abubor	ʔ ɐ b uː b o ɾ
abubot	ʔ ɐ b uː b o t̪̚
abugada	ʔ ɐ b ʊ ɣ aː d̪ ɐ
abugadilyo	ʔ ɐ b ʊ ɣ ɐ d̪ i l j o
abugado	ʔ ɐ b ʊ ɣ aː d̪ o
abugasiya	ʔ ɐ b ʊ ɣ ɐ s iː j ɐ
abugasya	ʔ ɐ b ʊ ɣ a s j ɐ
abugasya	ʔ ɐ b ʊ ɣ aː ʃ ɐ
abugasya	ʔ ɐ b ʊ ɣ ɐ s j a
abugasya	ʔ ɐ b ʊ ɣ ɐ ʃ a
abuhan	ʔ aː b uː h ɐ n̪
abuhan	ʔ ɐ b ʊ h a n̪
abuhin	ʔ aː b uː h ɪ n̪
abuhin	ʔ ɐ b ʊ h ɪ n̪
abukado	ʔ ɐ b ʊ x aː d̪ o
abukanin	ʔ ɐ b ʊ x aː n̪ ɪ n̪
abukay	ʔ ɐ b uː x a ɪ̯
abukay	ʔ ɐ b ʊ x a ɪ̯
abulado	ʔ ɐ b ʊ l aː d̪ o
abuli	ʔ ɐ b ʊ l ɪ
abulon	ʔ ɐ b ʊ l o n̪
abuloy	ʔ ɐ b uː l o ɪ̯
abuluyan	ʔ aː b ʊ l ʊ j a n̪
abuluyan	ʔ ɐ b ʊ l uː j ɐ n̪
abunada	ʔ ɐ b ʊ n̪ aː d̪ ɐ
abunado	ʔ ɐ b ʊ n̪ aː d̪ o
abundansiya	ʔ ɐ b ʊ n̪ d̪ a n̪ s j ɐ
abundansiya	ʔ ɐ b ʊ n̪ d̪ a n̪ ʃ ɐ
abundansya	ʔ ɐ b ʊ n̪ d̪ a n̪ s j ɐ
abundansya	ʔ ɐ b ʊ n̪ d̪ a n̪ ʃ ɐ
abundante	ʔ ɐ b ʊ n̪ d̪ a n̪ t̪ ɛ
abunkolokal	ʔ ɐ b ʊ ŋ k o l oː x ɐ l
abunkulokal	ʔ ɐ b ʊ ŋ k ʊ l oː x ɐ l
abuod	ʔ ɐ b uː ʔ o d̪̚
abuor	ʔ ɐ b uː ʔ o ɾ
aburan	ʔ ɐ b ʊ ɾ a n̪
aburido	ʔ ɐ b ʊ ɾ iː d̪ o
aburido	ʔ ɐ b ʊ ɾ ɪ d̪ o
abursiyon	ʔ ɐ b u ɾ s j o n̪
abursiyon	ʔ ɐ b u ɾ ʃ o n̪
abursiyon	ʔ ɐ b ʊ ɾ s j o n̪
abursiyon	ʔ ɐ b ʊ ɾ ʃ o n̪
abursyon	ʔ ɐ b u ɾ s j o n̪
abursyon	ʔ ɐ b u ɾ ʃ o n̪
abursyon	ʔ ɐ b ʊ ɾ s j o n̪
abursyon	ʔ ɐ b ʊ ɾ ʃ o n̪
abusada	ʔ ɐ b ʊ s aː d̪ ɐ
abusado	ʔ ɐ b ʊ s aː d̪ o
abusera	ʔ ɐ b ʊ s ɛː ɾ ɐ
abusero	ʔ ɐ b ʊ s ɛː ɾ o
abusibo	ʔ ɐ b ʊ s iː b o
abusion	ʔ ɐ b ʊ s j o n̪
abusion	ʔ ɐ b ʊ ʃ o n̪
abusiyon	ʔ ɐ b ʊ s j o n̪
abusiyon	ʔ ɐ b ʊ ʃ o n̪
abuso	ʔ ɐ b uː s o
abusuhin	ʔ ɐ b ʊ s uː h ɪ n̪
abusyon	ʔ ɐ b ʊ s j o n̪
abusyon	ʔ ɐ b ʊ ʃ o n̪
abutab	ʔ ɐ b ʊ t̪ a b̚
abutan	ʔ aː b uː t̪ ɐ n̪
abutan	ʔ ɐ b uː t̪ ɐ n̪
abutan	ʔ ɐ b ʊ t̪ a n̪
abutdan	ʔ ɐ b ʊ t̪ d̪ a n̪
abutin	ʔ ɐ b uː t̪ ɪ n̪
abutin	ʔ ɐ b ʊ t̪ ɪ n̪
abutra	ʔ ɐ b u t̪ ɾ ɐ
abuwab	ʔ ɐ b w a b̚
abuwela	ʔ ɐ b w ɛː l ɐ
abuwelo	ʔ ɐ b w ɛː l o
abuwod	ʔ ɐ b uː w o d̪̚
abuwor	ʔ ɐ b uː w o ɾ
abwab	ʔ ɐ b w a b̚
abwela	ʔ ɐ b w ɛː l ɐ
abwelo	ʔ ɐ b w ɛː l o
abyad	ʔ ɐ b j a d̪̚
abyador	ʔ ɐ b j ɐ d̪ o ɾ
abyarin	ʔ ɐ b j ɐ ɾ ɪ n̪
abyasyon	ʔ ɐ b j ɐ s j o n̪
abyasyon	ʔ ɐ b j ɐ ʃ o n̪
abyerta	ʔ ɐ b j ɛ ɾ t̪ ɐ
abyerto	ʔ ɐ b j ɛ ɾ t̪ o
abyog	ʔ ɐ b j o ɡ̚
abyohenesis	ʔ ɐ b j o h ɛ n̪ ɛː s ɪ s
abyohenesis	ʔ ɐ b j o h ɛː n̪ ɛ s ɪ s
abyolohiya	ʔ ɐ b j o l o h iː j ɐ
abyugin	ʔ ɐ b j ʊ ɣ ɪ n̪
ada	ʔ aː d̪ ɐ
adagio	ʔ ɐ d̪ aː h j o
adahiyo	ʔ ɐ d̪ aː h j o
adahyo	ʔ ɐ d̪ aː h j o
adamantino	ʔ ɐ d̪ ɐ m ɐ n̪ t̪ iː n̪ o
adapsiyon	ʔ ɐ d̪ a p s j o n̪
adapsiyon	ʔ ɐ d̪ a p ʃ o n̪
adapsyon	ʔ ɐ d̪ a p s j o n̪
adapsyon	ʔ ɐ d̪ a p ʃ o n̪
adaptable	ʔ ɐ d̪ ɐ p t̪ aː b l ɛ
adaptado	ʔ ɐ d̪ ɐ p t̪ aː d̪ o
adaptador	ʔ ɐ d̪ ɐ p t̪ ɐ d̪ o ɾ
adaptasiyon	ʔ ɐ d̪ ɐ p t̪ ɐ s j o n̪
adaptasiyon	ʔ ɐ d̪ ɐ p t̪ ɐ ʃ o n̪
adaptasyon	ʔ ɐ d̪ ɐ p t̪ ɐ s j o n̪
adaptasyon	ʔ ɐ d̪ ɐ p t̪ ɐ ʃ o n̪
adarga	ʔ ɐ d̪ a ɾ ɡ ɐ
adargilya	ʔ ɐ d̪ ɐ ɾ ɡ i l j ɐ
adberbiyal	ʔ ɐ d̪ b ɛ ɾ b j a l
adberbiyo	ʔ ɐ d̪ b ɛ ɾ b j o
adberbyal	ʔ ɐ d̪ b ɛ ɾ b j a l
adberbyo	ʔ ɐ d̪ b ɛ ɾ b j o
adbersaryo	ʔ ɐ d̪ b ɛ ɾ s a ɾ j o
adbersidad	ʔ ɐ d̪ b ɛ ɾ s ɪ d̪ a d̪̚
adbertaiser	ʔ ɐ d̪ b ɛ ɾ t̪ a ɪ̯ s ɛ ɾ
adbertayser	ʔ ɐ d̪ b ɛ ɾ t̪ a ɪ̯ s ɛ ɾ
adbertensiya	ʔ ɐ d̪ b ɛ ɾ t̪ ɛ n̪ s j ɐ
adbertensiya	ʔ ɐ d̪ b ɛ ɾ t̪ ɛ n̪ ʃ ɐ
adbertensya	ʔ ɐ d̪ b ɛ ɾ t̪ ɛ n̪ s j ɐ
adbertensya	ʔ ɐ d̪ b ɛ ɾ t̪ ɛ n̪ ʃ ɐ
adberti	ʔ ɐ d̪ b ɛ ɾ t̪ ɪ
adbertido	ʔ ɐ d̪ b ɛ ɾ t̪ iː d̪ o
adbertismen	ʔ ɐ d̪ b ɛ ɾ t̪ ɪ s m ɛ n̪
adbertisment	ʔ ɐ d̪ b ɛ ɾ t̪ ɪ s m ɛ n̪ t̪
adbokasi	ʔ ɐ d̪ b oː x ɐ s ɪ
adbokasiya	ʔ ɐ d̪ b o x ɐ s iː j ɐ
adegon	ʔ ɐ d̪ ɛ ɣ o n̪
adelantado	ʔ ɐ d̪ ɛ l ɐ n̪ t̪ aː d̪ o
adelanto	ʔ ɐ d̪ ɛ l a n̪ t̪ o
adelpa	ʔ ɐ d̪ ɛ l p ɐ
adenitis	ʔ ɐ d̪ ɛ n̪ iː t̪ ɪ s
adenoma	ʔ ɐ d̪ ɛ n̪ oː m ɐ
adepto	ʔ ɐ d̪ ɛ p t̪ o
adereso	ʔ ɐ d̪ ɛ ɾ ɛː s o
aders	ʔ aː d̪ ə ɹ s
adhan	ʔ ɐ d̪ a n̪
adhesibo	ʔ ɐ d̪ h ɛ s iː b o
adhesyon	ʔ ɐ d̪ h ɛ s j o n̪
adhesyon	ʔ ɐ d̪ h ɛ ʃ o n̪
adhetibal	ʔ ɐ d̪ h ɛ t̪ ɪ b a l
adhetibo	ʔ ɐ d̪ h ɛ t̪ iː b o
adhika	ʔ ɐ d̪ h ɪ x a ʔ
adhikain	ʔ ɐ d̪ h ɪ x aː ʔ ɪ n̪
adhudika	ʔ ɐ d̪ h ʊ d̪ ɪ x a
adhudikasyon	ʔ ɐ d̪ h ʊ d̪ ɪ x ɐ s j o n̪
adhudikasyon	ʔ ɐ d̪ h ʊ d̪ ɪ x ɐ ʃ o n̪
adibina	ʔ ɐ d̪ ɪ b iː n̪ ɐ
adibina	ʔ ɐ d̪ ɪ b ɪ n̪ a
adibinador	ʔ ɐ d̪ ɪ b ɪ n̪ ɐ d̪ o ɾ
adibino	ʔ ɐ d̪ ɪ b iː n̪ o
adidas	ʔ ɐ d̪ iː d̪ ɐ s
adik	ʔ aː d̪ ɪ k̚
adiksiyon	ʔ ɐ d̪ ɪ k s j o n̪
adiksiyon	ʔ ɐ d̪ ɪ k ʃ o n̪
adiksyon	ʔ ɐ d̪ ɪ k s j o n̪
adiksyon	ʔ ɐ d̪ ɪ k ʃ o n̪
adikto	ʔ ɐ d̪ i k t̪ o
adilus	ʔ ɐ d̪ ɪ l ʊ s
ading	ʔ aː d̪ ɪ ŋ
adiposidad	ʔ ɐ d̪ ɪ p o s ɪ d̪ a d̪̚
adiposis	ʔ ɐ d̪ ɪ p oː s ɪ s
adiposo	ʔ ɐ d̪ ɪ p oː s o
adisinuwebe	ʔ ɐ d̪ ɪ s ɪ n̪ w ɛː b ɛ
adisinwebe	ʔ ɐ d̪ ɪ s ɪ n̪ w ɛː b ɛ
adisiotso	ʔ ɐ d̪ ɪ s ɪ ʔ o t̪ s o
adisiotso	ʔ ɐ d̪ ɪ s ɪ ʔ oː t͡ʃ o
adisisais	ʔ ɐ d̪ ɪ s ɪ s ɐ ʔ ɪ s
adisiseis	ʔ ɐ d̪ ɪ s ɪ s ɐ ʔ ɪ s
adisiseis	ʔ ɐ d̪ ɪ s ɪ s ɛ ʔ ɪ s
adisisiyete	ʔ ɐ d̪ ɪ s ɪ s j ɛː t̪ ɛ
adisisiyete	ʔ ɐ d̪ ɪ s ɪ ʃ ɛː t̪ ɛ
adisisyete	ʔ ɐ d̪ ɪ s ɪ s j ɛː t̪ ɛ
adisisyete	ʔ ɐ d̪ ɪ s ɪ ʃ ɛː t̪ ɛ
adisiyon	ʔ ɐ d̪ ɪ s j o n̪
adisiyon	ʔ ɐ d̪ ɪ ʃ o n̪
adisiyunal	ʔ ɐ d̪ ɪ s j ʊ n̪ a l
adisiyunal	ʔ ɐ d̪ ɪ ʃ ʊ n̪ a l
adisyon	ʔ ɐ d̪ ɪ s j o n̪
adisyon	ʔ ɐ d̪ ɪ ʃ o n̪
adisyonal	ʔ ɐ d̪ ɪ s j o n̪ a l
adisyonal	ʔ ɐ d̪ ɪ ʃ o n̪ a l
adisyunal	ʔ ɐ d̪ ɪ s j ʊ n̪ a l
adisyunal	ʔ ɐ d̪ ɪ ʃ ʊ n̪ a l
aditibo	ʔ ɐ d̪ ɪ t̪ iː b o
adiya	ʔ ɐ d̪ j a
adiya	ʔ ɐ d̪ j a ʔ
adiya	ʔ ɐ d͡ʒ a
adiya	ʔ ɐ d͡ʒ a ʔ
adiyaw	ʔ ɐ d̪ iː j a ʊ̯
adiyenda	ʔ ɐ d̪ j ɛ n̪ d̪ ɐ
adiyenda	ʔ ɐ d͡ʒ ɛ n̪ d̪ ɐ
adiyes	ʔ ɐ d̪ j ɛ s
adiyes	ʔ ɐ d͡ʒ ɛ s
adiyos	ʔ ɐ d̪ j o s
adiyos	ʔ ɐ d͡ʒ o s
adkisisyon	ʔ ɐ d̪ k ɪ s ɪ s j o n̪
adkisisyon	ʔ ɐ d̪ k ɪ s ɪ ʃ o n̪
adlaw	ʔ ɐ d̪ l̪ a ʊ̯
administra	ʔ ɐ d̪ m ɪ n̪ ɪ s t̪ ɾ a
administrado	ʔ ɐ d̪ m ɪ n̪ ɪ s t̪ ɾ aː d̪ o
administrador	ʔ ɐ d̪ m ɪ n̪ ɪ s t̪ ɾ ɐ d̪ o ɾ
administradora	ʔ ɐ d̪ m ɪ n̪ ɪ s t̪ ɾ ɐ d̪ oː ɾ ɐ
administrasiyon	ʔ ɐ d̪ m ɪ n̪ ɪ s t̪ ɾ ɐ s j o n̪
administrasiyon	ʔ ɐ d̪ m ɪ n̪ ɪ s t̪ ɾ ɐ ʃ o n̪
administrasyon	ʔ ɐ d̪ m ɪ n̪ ɪ s t̪ ɾ ɐ s j o n̪
administrasyon	ʔ ɐ d̪ m ɪ n̪ ɪ s t̪ ɾ ɐ ʃ o n̪
administratibo	ʔ ɐ d̪ m ɪ n̪ ɪ s t̪ ɾ ɐ t̪ iː b o
admirable	ʔ ɐ d̪ m ɪ ɾ aː b l ɛ
admirador	ʔ ɐ d̪ m ɪ ɾ ɐ d̪ o ɾ
admiral	ʔ a d̪ m ɪ ɾ a l
admirasiyon	ʔ ɐ d̪ m ɪ ɾ ɐ s j o n̪
admirasiyon	ʔ ɐ d̪ m ɪ ɾ ɐ ʃ o n̪
admirasyon	ʔ ɐ d̪ m ɪ ɾ ɐ s j o n̪
admirasyon	ʔ ɐ d̪ m ɪ ɾ ɐ ʃ o n̪
admisiyon	ʔ ɐ d̪ m ɪ s j o n̪
admisiyon	ʔ ɐ d̪ m ɪ ʃ o n̪
admisyon	ʔ ɐ d̪ m ɪ s j o n̪
admisyon	ʔ ɐ d̪ m ɪ ʃ o n̪
admiti	ʔ ɐ d̪ m ɪ t̪ ɪ
admitido	ʔ ɐ d̪ m ɪ t̪ iː d̪ o
adobado	ʔ ɐ d̪ o b aː d̪ o
adobe	ʔ ɐ d̪ oː b ɛ
adobo	ʔ ɐ d̪ oː b o
adobosilog	ʔ ɐ d̪ oː b o s ɪ l o ɡ̚
adokin	ʔ ɐ d̪ o x ɪ n̪
adolesens	ʔ ɐ d̪ o l ɛː s ɛ n̪ s
adolesens	ʔ ɐ d̪ oː l ɛ s ɛ n̪ s
adolesensiya	ʔ ɐ d̪ o l ɛ s ɛ n̪ s j ɐ
adolesensiya	ʔ ɐ d̪ o l ɛ s ɛ n̪ ʃ ɐ
adolesensya	ʔ ɐ d̪ o l ɛ s ɛ n̪ s j ɐ
adolesensya	ʔ ɐ d̪ o l ɛ s ɛ n̪ ʃ ɐ
adolesent	ʔ ɐ d̪ o l ɛː s ɛ n̪ t̪
adolesent	ʔ ɐ d̪ oː l ɛ s ɛ n̪ t̪
adolesente	ʔ ɐ d̪ o l ɛ s ɛ n̪ t̪ ɛ
adonis	ʔ ɐ d̪ oː n̪ ɪ s
adopsiyon	ʔ ɐ d̪ o p s j o n̪
adopsiyon	ʔ ɐ d̪ o p ʃ o n̪
adopsyon	ʔ ɐ d̪ o p s j o n̪
adopsyon	ʔ ɐ d̪ o p ʃ o n̪
adopta	ʔ ɐ d̪ o p t̪ a
adoptador	ʔ ɐ d̪ o p t̪ ɐ d̪ o ɾ
adoptiba	ʔ ɐ d̪ o p t̪ iː b ɐ
adoptibo	ʔ ɐ d̪ o p t̪ iː b o
adora	ʔ ɐ d̪ o ɾ a
adorable	ʔ ɐ d̪ o ɾ aː b l ɛ
adorador	ʔ ɐ d̪ o ɾ ɐ d̪ o ɾ
adorasiyon	ʔ ɐ d̪ o ɾ ɐ s j o n̪
adorasiyon	ʔ ɐ d̪ o ɾ ɐ ʃ o n̪
adorasyon	ʔ ɐ d̪ o ɾ ɐ s j o n̪
adorasyon	ʔ ɐ d̪ o ɾ ɐ ʃ o n̪
adoratris	ʔ ɐ d̪ o ɾ ɐ t̪ ɾ ɪ s
adormidera	ʔ ɐ d̪ o ɾ m ɪ d̪ ɛː ɾ ɐ
adornador	ʔ ɐ d̪ o ɾ n̪ ɐ d̪ o ɾ
adorno	ʔ ɐ d̪ o ɾ n̪ o
ados	ʔ ɐ d̪ o s
adose	ʔ ɐ d̪ oː s ɛ
adosilog	ʔ ɐ d̪ oː s ɪ l o ɡ̚
adrenal	ʔ ɐ d̪ ɾ ɛ n̪ a l
adrenalina	ʔ ɐ d̪ ɾ ɛ n̪ ɐ l iː n̪ ɐ
adres	ʔ a d̪ ɾ ɛ s
adres	ʔ ɐ d̪ ɾ ɛ s
adresi	ʔ ɐ d̪ ɾ ɛː s ɪ
adubado	ʔ ɐ d̪ ʊ b aː d̪ o
adube	ʔ ɐ d̪ uː b ɛ
adula	ʔ ɐ d̪ ʊ l a
adulador	ʔ ɐ d̪ ʊ l ɐ d̪ o ɾ
adulahin	ʔ ɐ d̪ ʊ l ɐ h ɪ n̪
adulasyon	ʔ ɐ d̪ ʊ l ɐ s j o n̪
adulasyon	ʔ ɐ d̪ ʊ l ɐ ʃ o n̪
adulatoriyo	ʔ ɐ d̪ ʊ l ɐ t̪ oː ɾ j o
adulatoryo	ʔ ɐ d̪ ʊ l ɐ t̪ o ɾ j o
adultera	ʔ ɐ d̪ u l t̪ ɛ ɾ a
adulterado	ʔ ɐ d̪ ʊ l t̪ ɛ ɾ aː d̪ o
adulterante	ʔ ɐ d̪ ʊ l t̪ ɛ ɾ a n̪ t̪ ɛ
adulterasiyon	ʔ ɐ d̪ ʊ l t̪ ɛ ɾ ɐ s j o n̪
adulterasiyon	ʔ ɐ d̪ ʊ l t̪ ɛ ɾ ɐ ʃ o n̪
adulterasyon	ʔ ɐ d̪ ʊ l t̪ ɛ ɾ ɐ s j o n̪
adulterasyon	ʔ ɐ d̪ ʊ l t̪ ɛ ɾ ɐ ʃ o n̪
adulteriyo	ʔ ɐ d̪ ʊ l t̪ ɛ ɾ iː j o
adultero	ʔ ɐ d̪ u l t̪ ɛ ɾ o
adulteryo	ʔ ɐ d̪ ʊ l t̪ ɛ ɾ j o
adulto	ʔ ɐ d̪ u l t̪ o
aduwa	ʔ ɐ d̪ uː w ɐ ʔ
aduwana	ʔ ɐ d̪ w aː n̪ ɐ
adwa	ʔ ɐ d̪ w a ʔ
adwana	ʔ ɐ d̪ w aː n̪ ɐ
adwanero	ʔ ɐ d̪ w ɐ n̪ ɛː ɾ o
adya	ʔ ɐ d d͡ʒ a
adya	ʔ ɐ d d͡ʒ a ʔ
adya	ʔ ɐ d̪ j a
adya	ʔ ɐ d̪ j a ʔ
adyap	ʔ ɐ d d͡ʒ a p̚
adyap	ʔ ɐ d̪ j a p̚
adyaw	ʔ ɐ d d͡ʒ a ʊ̯
adyaw	ʔ ɐ d̪ j a ʊ̯
adyenda	ʔ ɐ d d͡ʒ ɛ n̪ d̪ ɐ
adyenda	ʔ ɐ d̪ j ɛ n̪ d̪ ɐ
adyes	ʔ ɐ d d͡ʒ ɛ s
adyes	ʔ ɐ d̪ j ɛ s
adyis	ʔ ɐ d d͡ʒ ɪ s
adyis	ʔ ɐ d̪ j ɪ s
adyo	ʔ ɐ d d͡ʒ o
adyo	ʔ ɐ d d͡ʒ o ʔ
adyo	ʔ ɐ d̪ j o
adyo	ʔ ɐ d̪ j o ʔ
adyos	ʔ ɐ d d͡ʒ o s
adyos	ʔ ɐ d̪ j o s
adyudikasyon	ʔ ɐ d d͡ʒ ʊ d̪ ɪ x ɐ ʃ o n̪
adyudikasyon	ʔ ɐ d̪ j ʊ d̪ ɪ x ɐ s j o n̪
adyus	ʔ ɐ d d͡ʒ ʊ s
adyus	ʔ ɐ d̪ j ʊ s
aerado	ʔ a ɪ̯ ɾ aː d̪ o
aerasyon	ʔ a ɪ̯ ɾ ɐ s j o n̪
aerasyon	ʔ a ɪ̯ ɾ ɐ ʃ o n̪
aerea	ʔ a ɪ̯ ɾ ɛ j a
aereo	ʔ a ɪ̯ ɾ ɛ j o
aerobika	ʔ a ɪ̯ ɾ oː b ɪ x a
aerobyo	ʔ a ɪ̯ ɾ o b j o
aerodinamika	ʔ a ɪ̯ ɾ o d̪ ɪ n̪ aː m ɪ x a
aerodinamiko	ʔ a ɪ̯ ɾ o d̪ ɪ n̪ aː m ɪ x o
aerodromo	ʔ a ɪ̯ ɾ o d̪ ɾ oː m o
aerodromo	ʔ a ɪ̯ ɾ oː d̪ ɾ o m o
aerograma	ʔ a ɪ̯ ɾ o ɡ ɾ aː m ɐ
aeronauta	ʔ a ɪ̯ ɾ o n̪ a ʊ̯ t̪ ɐ
aeronautika	ʔ a ɪ̯ ɾ o n̪ a ʊ̯ t̪ ɪ x a
aeronawta	ʔ a ɪ̯ ɾ o n̪ a ʊ̯ t̪ ɐ
aeronawtika	ʔ a ɪ̯ ɾ o n̪ a ʊ̯ t̪ ɪ x a
aeronota	ʔ a ɪ̯ ɾ o n̪ oː t̪ ɐ
aeronotika	ʔ a ɪ̯ ɾ o n̪ oː t̪ ɪ x a
aeroplano	ʔ a ɪ̯ ɾ o p l aː n̪ o
aeropobya	ʔ a ɪ̯ ɾ o p o b j ɐ
aeropuwerto	ʔ a ɪ̯ ɾ o p w ɛ ɾ t̪ o
aeropwerto	ʔ a ɪ̯ ɾ o p w ɛ ɾ t̪ o
aerostatika	ʔ a ɪ̯ ɾ o s t̪ aː t̪ ɪ x a
aerostatiko	ʔ a ɪ̯ ɾ o s t̪ aː t̪ ɪ x o
aerotekniya	ʔ a ɪ̯ ɾ o t̪ ɛ k n̪ j ɐ
aerotekniya	ʔ a ɪ̯ ɾ o t̪ ɛ k ɲ ɐ
aeroteknya	ʔ a ɪ̯ ɾ o t̪ ɛ k n̪ j ɐ
aeroteknya	ʔ a ɪ̯ ɾ o t̪ ɛ k ɲ ɐ
aga	ʔ aː ɣ ɐ
agaas	ʔ ɐ ɣ aː ʔ ɐ s
agaas	ʔ ɐ ɣ ɐ ʔ a s
agad	ʔ ɐ ɣ a d̪̚
agag	ʔ ɐ ɣ a ɡ̚
agahan	ʔ ɐ ɣ aː h ɐ n̪
agahas	ʔ ɐ ɣ aː h ɐ s
agahas	ʔ ɐ ɣ ɐ h a s
agalya	ʔ ɐ ɣ a l j ɐ
agalyas	ʔ ɐ ɣ ɐ l j a s
agam	ʔ aː ɣ ɐ m
agamahan	ʔ ɐ ɣ ɐ m aː h ɐ n̪
agap	ʔ aː ɣ ɐ p̚
agapay	ʔ ɐ ɣ aː p a ɪ̯
agape	ʔ aː ɣ ɐ p ɛ
agape	ʔ ɐ ɣ ɐ p ɛ
agar	ʔ ɐ ɣ a ɾ
agarabyado	ʔ ɐ ɣ ɐ ɾ ɐ b j aː d̪ o
agaradera	ʔ ɐ ɣ ɐ ɾ ɐ d̪ ɛː ɾ ɐ
agaran	ʔ aː ɣ aː ɾ ɐ n̪
agariko	ʔ ɐ ɣ aː ɾ ɪ x o
agas	ʔ aː ɣ ɐ s
agas	ʔ ɐ ɣ a s
agata	ʔ aː ɣ ɐ t̪ a
agatat	ʔ ɐ ɣ ɐ t̪ a t̪̚
agatsona	ʔ ɐ ɣ ɐ t t͡ʃ oː n̪ ɐ
agatsona	ʔ ɐ ɣ ɐ t̪ s oː n̪ ɐ
agaw	ʔ aː ɣ a ʊ̯
agaw	ʔ ɐ ɣ a ʊ̯
agawin	ʔ aː ɣ ɐ w ɪ n̪
agawin	ʔ ɐ ɣ aː w ɪ n̪
agbang	ʔ ɐ ɡ b a ŋ
agbarog	ʔ ɐ ɡ b aː ɾ o ɡ̚
agbarugan	ʔ ɐ ɡ b ɐ ɾ uː ɣ ɐ n̪
agham	ʔ ɐ ɡ h a m
aghambuhay	ʔ ɐ ɡ h ɐ m b uː h a ɪ̯
aghamtao	ʔ ɐ ɡ h ɐ m t̪ aː ʔ o
aghamwika	ʔ ɐ ɡ h ɐ m w iː x ɐ ʔ
aghimo	ʔ ɐ ɡ h iː m o ʔ
aghimuan	ʔ ɐ ɡ h ɪ m uː ʔ ɐ n̪
aghimuin	ʔ ɐ ɡ h ɪ m uː ʔ ɪ n̪
agihap	ʔ ɐ ɣ iː h ɐ p̚
agihon	ʔ ɐ ɣ iː h o n̪
agihon	ʔ ɐ ɣ ɪ h o n̪
agila	ʔ aː ɣ ɪ l a
agilenyo	ʔ ɐ ɣ ɪ l ɛ n̪ j o
agilenyo	ʔ ɐ ɣ ɪ l ɛː ɲ o
agimat	ʔ ɐ ɣ iː m ɐ t̪̚
agimatan	ʔ ɐ ɣ ɪ m aː t̪ ɐ n̪
aginaldo	ʔ ɐ ɣ ɪ n̪ a l d̪ o
aginalduhan	ʔ ɐ ɣ ɪ n̪ a l d̪ ʊ h a n̪
agingay	ʔ ɐ ɣ iː ŋ a ɪ̯
agipo	ʔ ɐ ɣ ɪ p o
agiw	ʔ aː ɣ ɪ ʊ̯
agiyot	ʔ ɐ ɣ iː j o t̪̚
agkap	ʔ ɐ ɡ k a p̚
aglahi	ʔ ɐ ɡ l aː h ɪ ʔ
aglutinante	ʔ ɐ ɡ l ʊ t̪ ɪ n̪ a n̪ t̪ ɛ
aglutinasiyon	ʔ ɐ ɡ l ʊ t̪ ɪ n̪ ɐ s j o n̪
aglutinasiyon	ʔ ɐ ɡ l ʊ t̪ ɪ n̪ ɐ ʃ o n̪
aglutinasyon	ʔ ɐ ɡ l ʊ t̪ ɪ n̪ ɐ s j o n̪
aglutinasyon	ʔ ɐ ɡ l ʊ t̪ ɪ n̪ ɐ ʃ o n̪
aglutinatibo	ʔ ɐ ɡ l ʊ t̪ ɪ n̪ ɐ t̪ iː b o
aglutinin	ʔ ɐ ɡ l uː t̪ ɪ n̪ ɪ n̪
agnas	ʔ ɐ ɡ n̪ a s
agnos	ʔ ɐ ɡ n̪ o s
agnostika	ʔ ɐ ɡ n̪ o s t̪ ɪ x a
agnostiko	ʔ ɐ ɡ n̪ o s t̪ ɪ x o
agnostisismo	ʔ ɐ ɡ n̪ o s t̪ ɪ s i s m o
agnus	ʔ ɐ ɡ n̪ ʊ s
agong	ʔ aː ɣ o ŋ
agos	ʔ aː ɣ o s
agoy	ʔ aː ɣ o ɪ̯
agpang	ʔ ɐ ɡ p a ŋ
agrabante	ʔ ɐ ɡ ɾ ɐ b a n̪ t̪ ɛ
agrabiado	ʔ ɐ ɡ ɾ ɐ b j aː d̪ o
agrabiyado	ʔ ɐ ɡ ɾ ɐ b j aː d̪ o
agrabyado	ʔ ɐ ɡ ɾ ɐ b j aː d̪ o
agrabyo	ʔ ɐ ɡ ɾ a b j o
agrariya	ʔ ɐ ɡ ɾ aː ɾ j ɐ
agrariyo	ʔ ɐ ɡ ɾ aː ɾ j o
agrarya	ʔ ɐ ɡ ɾ a ɾ j ɐ
agraryo	ʔ ɐ ɡ ɾ a ɾ j o
agrasiyada	ʔ ɐ ɡ ɾ ɐ s j aː d̪ ɐ
agrasiyada	ʔ ɐ ɡ ɾ ɐ ʃ aː d̪ ɐ
agrasiyado	ʔ ɐ ɡ ɾ ɐ s j aː d̪ o
agrasiyado	ʔ ɐ ɡ ɾ ɐ ʃ aː d̪ o
agrasyada	ʔ ɐ ɡ ɾ ɐ s j aː d̪ ɐ
agrasyada	ʔ ɐ ɡ ɾ ɐ ʃ aː d̪ ɐ
agrasyado	ʔ ɐ ɡ ɾ ɐ s j aː d̪ o
agrasyado	ʔ ɐ ɡ ɾ ɐ ʃ aː d̪ o
agregado	ʔ ɐ ɡ ɾ ɛ ɣ aː d̪ o
agregasyon	ʔ ɐ ɡ ɾ ɛ ɣ ɐ s j o n̪
agregasyon	ʔ ɐ ɡ ɾ ɛ ɣ ɐ ʃ o n̪
agreman	ʔ ɐ ɡ ɾ ɛ m a n̪
agresibo	ʔ ɐ ɡ ɾ ɛ s iː b o
agresiyon	ʔ ɐ ɡ ɾ ɛ s j o n̪
agresiyon	ʔ ɐ ɡ ɾ ɛ ʃ o n̪
agresor	ʔ ɐ ɡ ɾ ɛ s o ɾ
agresyon	ʔ ɐ ɡ ɾ ɛ s j o n̪
agresyon	ʔ ɐ ɡ ɾ ɛ ʃ o n̪
agribisnes	ʔ aː ɡ ɾ ɪ b i s n̪ ɛ s
agribisnis	ʔ aː ɡ ɾ ɪ b i s n̪ ɪ s
agridulse	ʔ ɐ ɡ ɾ ɪ d̪ u l s ɛ
agrikultor	ʔ ɐ ɡ ɾ ɪ x ʊ l t̪ o ɾ
agrikultura	ʔ ɐ ɡ ɾ ɪ x ʊ l t̪ uː ɾ ɐ
agrikultural	ʔ ɐ ɡ ɾ ɪ x ʊ l t̪ ʊ ɾ a l
agrikulturalista	ʔ ɐ ɡ ɾ ɪ x ʊ l t̪ ʊ ɾ ɐ l i s t̪ ɐ
agrikulturista	ʔ ɐ ɡ ɾ ɪ x ʊ l t̪ ʊ ɾ i s t̪ ɐ
agrimensor	ʔ ɐ ɡ ɾ ɪ m ɛ n̪ s o ɾ
agrimensura	ʔ ɐ ɡ ɾ ɪ m ɛ n̪ s uː ɾ ɐ
agronomia	ʔ ɐ ɡ ɾ o n̪ o m iː j ɐ
agronomista	ʔ ɐ ɡ ɾ o n̪ o m i s t̪ ɐ
agronomiya	ʔ ɐ ɡ ɾ o n̪ o m iː j ɐ
agronomo	ʔ ɐ ɡ ɾ oː n̪ o m o
agronomya	ʔ ɐ ɡ ɾ o n̪ o m j a
agsikap	ʔ ɐ ɡ s iː x ɐ p̚
agsikapan	ʔ ɐ ɡ s ɪ x aː p ɐ n̪
agubak	ʔ ɐ ɣ uː b ɐ k̚
agudo	ʔ ɐ ɣ uː d̪ o
aguha	ʔ ɐ ɣ uː h ɐ
aguhas	ʔ ɐ ɣ uː h ɐ s
aguheta	ʔ ɐ ɣ ʊ h ɛː t̪ ɐ
aguhilya	ʔ ɐ ɣ ʊ h i l j ɐ
aguho	ʔ ɐ ɣ uː h o ʔ
aguho	ʔ ɐ ɣ ʊ h o ʔ
aguhon	ʔ ɐ ɣ ʊ h o n̪
agulo	ʔ ɐ ɣ uː l o
agung	ʔ aː ɣ ʊ ŋ
agunias	ʔ ɐ ɣ ʊ n̪ iː j ɐ s
aguniyas	ʔ ɐ ɣ ʊ n̪ iː j ɐ s
agunyas	ʔ ɐ ɣ ʊ n ɲ a s
agunyas	ʔ ɐ ɣ ʊ n̪ j a s
agusil	ʔ ɐ ɣ ʊ s ɪ l
aguwa	ʔ aː ɡ w ɐ
aguwa	ʔ ɐ ɡ w a
aguwador	ʔ ɐ ɡ w ɐ d̪ o ɾ
aguwanta	ʔ ɐ ɡ w a n̪ t̪ ɐ
aguwanta	ʔ ɐ ɡ w ɐ n̪ t̪ a
aguwaras	ʔ ɐ ɡ w ɐ ɾ a s
aguwardiyente	ʔ ɐ ɡ w ɐ ɾ d̪ j ɛ n̪ t̪ ɛ
aguwardiyente	ʔ ɐ ɡ w ɐ ɾ d͡ʒ ɛ n̪ t̪ ɛ
aguwasa	ʔ ɐ ɡ w aː s ɐ
aguwasil	ʔ ɐ ɡ w ɐ s ɪ l
aguwaspotables	ʔ aː ɡ w ɐ s p o t̪ aː b l ɛ s
aguwatiyempo	ʔ aː ɡ w ɐ t̪ j ɛ m p o
aguwatiyempo	ʔ aː ɡ w ɐ t͡ʃ ɛ m p o
aguwela	ʔ ɐ ɡ w ɛː l ɐ
aguwelo	ʔ ɐ ɡ w ɛː l o
aguyod	ʔ ɐ ɣ ʊ j o d̪̚
agwa	ʔ a ɡ w ɐ
agwa	ʔ ɐ ɡ w a
agwabindita	ʔ a ɡ w ɐ b ɪ n̪ d̪ iː t̪ ɐ
agwad	ʔ ɐ ɡ w a d̪̚
agwadero	ʔ ɐ ɡ w ɐ d̪ ɛː ɾ o
agwado	ʔ ɐ ɡ w aː d̪ o
agwador	ʔ ɐ ɡ w ɐ d̪ o ɾ
agwahas	ʔ ɐ ɡ w aː h ɐ s
agwahe	ʔ ɐ ɡ w aː h ɛ
agwalbuhay	ʔ ɐ ɡ w ɐ l b uː h a ɪ̯
agwamadre	ʔ a ɡ w ɐ m aː d̪ ɾ ɛ
agwamarina	ʔ ɐ ɡ w ɐ m ɐ ɾ iː n̪ ɐ
agwamiyel	ʔ ɐ ɡ w ɐ m j ɛ l
agwamyel	ʔ ɐ ɡ w ɐ m j ɛ l
agwanta	ʔ ɐ ɡ w a n̪ t̪ ɐ
agwanta	ʔ ɐ ɡ w ɐ n̪ t̪ a
agwaras	ʔ ɐ ɡ w ɐ ɾ a s
agwardiyente	ʔ ɐ ɡ w ɐ ɾ d̪ j ɛ n̪ t̪ ɛ
agwardiyente	ʔ ɐ ɡ w ɐ ɾ d͡ʒ ɛ n̪ t̪ ɛ
agwardyente	ʔ ɐ ɡ w ɐ ɾ d̪ j ɛ n̪ t̪ ɛ
agwardyente	ʔ ɐ ɡ w ɐ ɾ d͡ʒ ɛ n̪ t̪ ɛ
agwareya	ʔ ɐ ɡ w ɐ ɾ ɛː j ɐ
agwarosas	ʔ ɐ ɡ w ɐ ɾ oː s ɐ s
agwas	ʔ a ɡ w ɐ s
agwas	ʔ ɐ ɡ w a s
agwasa	ʔ ɐ ɡ w aː s ɐ
agwasero	ʔ ɐ ɡ w ɐ s ɛː ɾ o
agwasil	ʔ ɐ ɡ w ɐ s ɪ l
agwaspotable	ʔ a ɡ w ɐ s p o t̪ aː b l ɛ
agwat	ʔ ɐ ɡ w a t̪̚
agwatiyempo	ʔ a ɡ w ɐ t̪ j ɛ m p o
agwatiyempo	ʔ a ɡ w ɐ t͡ʃ ɛ m p o
agwatyempo	ʔ a ɡ w ɐ t t͡ʃ ɛ m p o
agwatyempo	ʔ a ɡ w ɐ t̪ j ɛ m p o
agwela	ʔ ɐ ɡ w ɛː l ɐ
agwelo	ʔ ɐ ɡ w ɛː l o
agwero	ʔ ɐ ɡ w ɛː ɾ o
agwika	ʔ ɐ ɡ w iː x ɐ ʔ
agyot	ʔ ɐ ɡ j o t̪̚
aha	ʔ ɐ h a
ahang	ʔ aː h ɐ ŋ
ahang	ʔ ɐ h a ŋ
ahas	ʔ aː h ɐ s
ahedres	ʔ ɐ h ɛ d̪ ɾ ɛ s
ahedres	ʔ ɐ h ɛː d̪ ɾ ɛ s
ahedresan	ʔ aː h ɛ d̪ ɾ ɛː s ɐ n̪
ahedresista	ʔ ɐ h ɛ d̪ ɾ ɛ s i s t̪ ɐ
ahedrista	ʔ ɐ h ɛ d̪ ɾ i s t̪ ɐ
ahenda	ʔ ɐ h ɛ n̪ d̪ ɐ
ahengho	ʔ ɐ h ɛ ŋ h o
ahenho	ʔ ɐ h ɛ n̪ h o
ahensiya	ʔ ɐ h ɛ n̪ s j ɐ
ahensiya	ʔ ɐ h ɛ n̪ ʃ ɐ
ahensya	ʔ ɐ h ɛ n̪ s j ɐ
ahensya	ʔ ɐ h ɛ n̪ ʃ ɐ
ahente	ʔ ɐ h ɛ n̪ t̪ ɛ
ahete	ʔ ɐ h ɛː t̪ ɛ
ahilidad	ʔ ɐ h ɪ l ɪ d̪ a d̪̚
ahin	ʔ aː h ɪ n̪
ahit	ʔ aː h ɪ t̪̚
ahit	ʔ ɐ h ɪ t̪̚
ahitador	ʔ ɐ h ɪ t̪ ɐ d̪ o ɾ
ahitasyon	ʔ ɐ h ɪ t̪ ɐ s j o n̪
ahitasyon	ʔ ɐ h ɪ t̪ ɐ ʃ o n̪
ahitin	ʔ ɐ h iː t̪ ɪ n̪
ahito	ʔ aː h ɪ t̪ o
ahito	ʔ ɐ h iː t̪ o
ahituhin	ʔ aː h ɪ t̪ ʊ h ɪ n̪
ahituhin	ʔ ɐ h ɪ t̪ uː h ɪ n̪
ahiya	ʔ aː h j ɐ
aho	ʔ aː h o
ahon	ʔ aː h o n̪
ahonholi	ʔ ɐ h o n̪ h o l ɪ
ahoro	ʔ ɐ h oː ɾ o
ahos	ʔ aː h o s
ahunin	ʔ ɐ h uː n̪ ɪ n̪
ahustado	ʔ ɐ h ʊ s t̪ aː d̪ o
ahustador	ʔ ɐ h ʊ s t̪ ɐ d̪ o ɾ
ahuste	ʔ ɐ h u s t̪ ɛ
aibutod	ʔ ɐ ʔ ɪ b uː t̪ o d̪̚
aibutod	ʔ ɐ ʔ ɪ b ʊ t̪ o d̪̚
aikido	ʔ a ɪ̯ x iː d̪ o
aising	ʔ a ɪ̯ s ɪ ŋ
aisla	ʔ a ɪ̯ s l a
aislado	ʔ a ɪ̯ s l aː d̪ o
aislador	ʔ a ɪ̯ s l ɐ d̪ o ɾ
aislamyento	ʔ a ɪ̯ s l ɐ m j ɛ n̪ t̪ o
aka	ʔ ɐ x a
akademika	ʔ ɐ x ɐ d̪ ɛː m ɪ x a
akademiko	ʔ ɐ x ɐ d̪ ɛː m ɪ x o
akademisyan	ʔ ɐ x ɐ d̪ ɛ m i s j ɐ n̪
akademisyan	ʔ ɐ x ɐ d̪ ɛ m iː ʃ ɐ n̪
akademiya	ʔ ɐ x ɐ d̪ ɛ m iː j ɐ
akademiya	ʔ ɐ x ɐ d̪ ɛ m j a
akademya	ʔ ɐ x ɐ d̪ ɛ m j ɐ
akala	ʔ ɐ x aː l ɐ ʔ
akantilado	ʔ ɐ x ɐ n̪ t̪ ɪ l aː d̪ o
akap	ʔ aː x ɐ p̚
akapara	ʔ ɐ x ɐ p ɐ ɾ a
akaparado	ʔ ɐ x ɐ p ɐ ɾ aː d̪ o
akaparador	ʔ ɐ x ɐ p ɐ ɾ ɐ d̪ o ɾ
akapulko	ʔ ɐ x ɐ p u l k o
akarolohiya	ʔ ɐ x ɐ ɾ o l o h iː j ɐ
akasiya	ʔ ɐ x aː s j ɐ
akasiya	ʔ ɐ x aː ʃ ɐ
akasya	ʔ ɐ x a s j ɐ
akasya	ʔ ɐ x aː ʃ ɐ
akata	ʔ ɐ x ɐ t̪ a
akatorse	ʔ ɐ x ɐ t̪ o ɾ s ɛ
akaunt	ʔ ɐ x a ʊ̯ n̪ t̪
akauntan	ʔ ɐ x a ʊ̯ n̪ t̪ ɐ n̪
akauntant	ʔ ɐ x a ʊ̯ n̪ t̪ ɐ n̪ t̪
akaunting	ʔ ɐ x a ʊ̯ n̪ t̪ ɪ ŋ
akawnt	ʔ ɐ x a ʊ̯ n̪ t̪
akawntabilidad	ʔ ɐ x a ʊ̯ n̪ t̪ ɐ b ɪ l ɪ d̪ a d̪̚
akawntan	ʔ ɐ x a ʊ̯ n̪ t̪ ɐ n̪
akawntant	ʔ ɐ x a ʊ̯ n̪ t̪ ɐ n̪ t̪
akawnting	ʔ ɐ x a ʊ̯ n̪ t̪ ɪ ŋ
akay	ʔ aː x a ɪ̯
akayin	ʔ ɐ x aː j ɪ n̪
akayin	ʔ ɐ x ɐ j ɪ n̪
akba	ʔ a k b ɐ
akba	ʔ ɐ k b a
akbay	ʔ ɐ k b a ɪ̯
akda	ʔ ɐ k d̪ a ʔ
akibat	ʔ ɐ x iː b ɐ t̪̚
akin	ʔ aː x ɛ n̪
akin	ʔ aː x ɪ n̪
akina	ʔ aː x ɪ n̪ a
akinse	ʔ ɐ x i n̪ s ɛ
akit	ʔ aː x ɪ t̪̚
akit	ʔ ɐ x ɪ t̪̚
aklaha	ʔ ɐ k l aː h ɐ ʔ
aklaha	ʔ ɐ k l ɐ h a
aklama	ʔ ɐ k l ɐ m a
aklamado	ʔ ɐ k l ɐ m aː d̪ o
aklamasyon	ʔ ɐ k l ɐ m ɐ s j o n̪
aklamasyon	ʔ ɐ k l ɐ m ɐ ʃ o n̪
aklas	ʔ ɐ k l a s
aklat	ʔ ɐ k l a t̪̚
aklatan	ʔ ɐ k l aː t̪ ɐ n̪
akle	ʔ ɐ k l ɛ
akli	ʔ ɐ k l ɪ
aklimasyon	ʔ ɐ k l ɪ m ɐ s j o n̪
aklimasyon	ʔ ɐ k l ɪ m ɐ ʃ o n̪
aklimata	ʔ ɐ k l ɪ m ɐ t̪ a
aklimatado	ʔ ɐ k l ɪ m ɐ t̪ aː d̪ o
aklimatasyon	ʔ ɐ k l ɪ m ɐ t̪ ɐ s j o n̪
aklimatasyon	ʔ ɐ k l ɪ m ɐ t̪ ɐ ʃ o n̪
aklimatisasyon	ʔ ɐ k l ɪ m ɐ t̪ ɪ s ɐ s j o n̪
aklimatisasyon	ʔ ɐ k l ɪ m ɐ t̪ ɪ s ɐ ʃ o n̪
akma	ʔ ɐ k m a
akma	ʔ ɐ k m a ʔ
akme	ʔ a k m ɛ
akne	ʔ a k n̪ ɛ
ako	ʔ aː x o ʔ
ako	ʔ ɐ x o
akolada	ʔ ɐ x o l aː d̪ ɐ
akolito	ʔ ɐ x oː l ɪ t̪ o
akom	ʔ aː x o m
akom	ʔ ɐ x o m
akomodador	ʔ ɐ x o m o d̪ ɐ d̪ o ɾ
akomodasyon	ʔ ɐ x o m o d̪ ɐ s j o n̪
akomodasyon	ʔ ɐ x o m o d̪ ɐ ʃ o n̪
akompanimento	ʔ ɐ x o m p ɐ n̪ ɪ m ɛ n̪ t̪ o
akompanimyento	ʔ ɐ x o m p ɐ n̪ ɪ m j ɛ n̪ t̪ o
akompanista	ʔ ɐ x o m p ɐ n̪ i s t̪ ɐ
akompaniya	ʔ ɐ x o m p ɐ n̪ j a
akompaniya	ʔ ɐ x o m p ɐ ɲ a
akompaniyamiyento	ʔ ɐ x o m p ɐ n̪ j ɐ m j ɛ n̪ t̪ o
akompaniyamiyento	ʔ ɐ x o m p ɐ ɲ ɐ m j ɛ n̪ t̪ o
akompaniyante	ʔ ɐ x o m p ɐ n̪ j a n̪ t̪ ɛ
akompaniyante	ʔ ɐ x o m p ɐ ɲ a n̪ t̪ ɛ
akompaniyente	ʔ ɐ x o m p ɐ n̪ j ɛ n̪ t̪ ɛ
akompaniyente	ʔ ɐ x o m p ɐ ɲ ɛ n̪ t̪ ɛ
akompanya	ʔ ɐ x o m p a n̪ j ɐ
akompanya	ʔ ɐ x o m p aː ɲ ɐ
akompanya	ʔ ɐ x o m p ɐ n ɲ a
akompanya	ʔ ɐ x o m p ɐ n̪ j a
akompanyador	ʔ ɐ x o m p ɐ n ɲ ɐ d̪ o ɾ
akompanyador	ʔ ɐ x o m p ɐ n̪ j ɐ d̪ o ɾ
akompanyamento	ʔ ɐ x o m p ɐ n ɲ ɐ m ɛ n̪ t̪ o
akompanyamento	ʔ ɐ x o m p ɐ n̪ j ɐ m ɛ n̪ t̪ o
akompanyamiento	ʔ ɐ x o m p ɐ n ɲ ɐ m j ɛ n̪ t̪ o
akompanyamiento	ʔ ɐ x o m p ɐ n̪ j ɐ m j ɛ n̪ t̪ o
akompanyamiyento	ʔ ɐ x o m p ɐ n ɲ ɐ m j ɛ n̪ t̪ o
akompanyamiyento	ʔ ɐ x o m p ɐ n̪ j ɐ m j ɛ n̪ t̪ o
akompanyamyento	ʔ ɐ x o m p ɐ n ɲ ɐ m j ɛ n̪ t̪ o
akompanyamyento	ʔ ɐ x o m p ɐ n̪ j ɐ m j ɛ n̪ t̪ o
akompanyante	ʔ ɐ x o m p ɐ n ɲ a n̪ t̪ ɛ
akompanyante	ʔ ɐ x o m p ɐ n̪ j a n̪ t̪ ɛ
akompanyente	ʔ ɐ x o m p ɐ n ɲ ɛ n̪ t̪ ɛ
akompanyente	ʔ ɐ x o m p ɐ n̪ j ɛ n̪ t̪ ɛ
akonito	ʔ ɐ x oː n̪ ɪ t̪ o
akontabilidad	ʔ ɐ x o n̪ t̪ ɐ b ɪ l ɪ d̪ a d̪̚
akorasado	ʔ ɐ x o ɾ ɐ s aː d̪ o
akordada	ʔ ɐ x o ɾ d̪ aː d̪ ɐ
akorde	ʔ ɐ x o ɾ d̪ ɛ
akordeon	ʔ ɐ x o ɾ d̪ j o n̪
akordeon	ʔ ɐ x o ɾ d̪ ɛ j o n̪
akordeon	ʔ ɐ x o ɾ d͡ʒ o n̪
akordeonista	ʔ ɐ x o ɾ d̪ j o n̪ i s t̪ ɐ
akordeonista	ʔ ɐ x o ɾ d̪ ɛ j o n̪ i s t̪ ɐ
akordeonista	ʔ ɐ x o ɾ d͡ʒ o n̪ i s t̪ ɐ
akordiyon	ʔ ɐ x o ɾ d̪ j o n̪
akordiyon	ʔ ɐ x o ɾ d͡ʒ o n̪
akordiyonista	ʔ ɐ x o ɾ d̪ j o n̪ i s t̪ ɐ
akordiyonista	ʔ ɐ x o ɾ d͡ʒ o n̪ i s t̪ ɐ
akordyon	ʔ ɐ x o ɾ d̪ j o n̪
akordyon	ʔ ɐ x o ɾ d͡ʒ o n̪
akordyonista	ʔ ɐ x o ɾ d̪ j o n̪ i s t̪ ɐ
akordyonista	ʔ ɐ x o ɾ d͡ʒ o n̪ i s t̪ ɐ
akoro	ʔ aː x o ɾ o
akostumbrado	ʔ ɐ x o s t̪ ʊ m b ɾ aː d̪ o
akotasyon	ʔ ɐ x o t̪ ɐ s j o n̪
akotasyon	ʔ ɐ x o t̪ ɐ ʃ o n̪
akre	ʔ a k ɾ ɛ
akredita	ʔ ɐ k ɾ ɛ d̪ ɪ t̪ a
akreditado	ʔ ɐ k ɾ ɛ d̪ ɪ t̪ aː d̪ o
akreditasyon	ʔ ɐ k ɾ ɛ d̪ ɪ t̪ ɐ s j o n̪
akreditasyon	ʔ ɐ k ɾ ɛ d̪ ɪ t̪ ɐ ʃ o n̪
akreedor	ʔ ɐ k ɾ ɛ ɛ d̪ o ɾ
akriliko	ʔ ɐ k ɾ iː l ɪ x o
akrobasiya	ʔ ɐ k ɾ o b aː s j ɐ
akrobasiya	ʔ ɐ k ɾ o b aː ʃ ɐ
akrobasya	ʔ ɐ k ɾ o b a s j ɐ
akrobasya	ʔ ɐ k ɾ o b aː ʃ ɐ
akrobat	ʔ a k ɾ o b a t̪̚
akrobata	ʔ ɐ k ɾ oː b ɐ t̪ a
akrobatika	ʔ ɐ k ɾ o b aː t̪ ɪ x a
akrobatiko	ʔ ɐ k ɾ o b aː t̪ ɪ x o
akromatiko	ʔ ɐ k ɾ o m aː t̪ ɪ x o
akromatisa	ʔ ɐ k ɾ o m ɐ t̪ ɪ s a
akromatismo	ʔ ɐ k ɾ o m ɐ t̪ i s m o
akromegalya	ʔ ɐ k ɾ o m ɛ ɣ a l j ɐ
akronim	ʔ a k ɾ o n̪ ɪ m
akronimo	ʔ ɐ k ɾ oː n̪ ɪ m o
akropobya	ʔ ɐ k ɾ o p o b j ɐ
akropolis	ʔ ɐ k ɾ oː p o l ɪ s
akrostik	ʔ ɐ k ɾ o s t̪ ɪ k̚
akrostiko	ʔ ɐ k ɾ o s t̪ ɪ x o
aksaya	ʔ ɐ k s ɐ j a
aksayado	ʔ ɐ k s ɐ j aː d̪ o
akselerador	ʔ ɐ k s ɛ l ɛ ɾ ɐ d̪ o ɾ
akselerasyon	ʔ ɐ k s ɛ l ɛ ɾ ɐ s j o n̪
akselerasyon	ʔ ɐ k s ɛ l ɛ ɾ ɐ ʃ o n̪
aksento	ʔ ɐ k s ɛ n̪ t̪ o
aksentuhan	ʔ ɐ k s ɛ n̪ t̪ ʊ h a n̪
aksentuwado	ʔ ɐ k s ɛ n̪ t̪ w aː d̪ o
aksentuwasyon	ʔ ɐ k s ɛ n̪ t̪ w ɐ s j o n̪
aksentuwasyon	ʔ ɐ k s ɛ n̪ t̪ w ɐ ʃ o n̪
aksentwado	ʔ ɐ k s ɛ n̪ t̪ w aː d̪ o
aksentwasyon	ʔ ɐ k s ɛ n̪ t̪ w ɐ s j o n̪
aksentwasyon	ʔ ɐ k s ɛ n̪ t̪ w ɐ ʃ o n̪
akseptable	ʔ ɐ k s ɛ p t̪ aː b l ɛ
akseptado	ʔ ɐ k s ɛ p t̪ aː d̪ o
akses	ʔ a k s ɛ s
aksesibilidad	ʔ ɐ k s ɛ s ɪ b ɪ l ɪ d̪ a d̪̚
aksesible	ʔ ɐ k s ɛ s iː b l ɛ
aksesit	ʔ ɐ k s ɛː s ɪ t̪̚
akseso	ʔ ɐ k s ɛː s o
aksesoriya	ʔ ɐ k s ɛ s oː ɾ j ɐ
aksesorya	ʔ ɐ k s ɛ s o ɾ j ɐ
aksesoryo	ʔ ɐ k s ɛ s o ɾ j o
aksibad	ʔ ɐ k s iː b ɐ d̪̚
aksibal	ʔ ɐ k s iː b ɐ l
aksidental	ʔ ɐ k s ɪ d̪ ɛ n̪ t̪ a l
aksidente	ʔ ɐ k s ɪ d̪ ɛ n̪ t̪ ɛ
aksido	ʔ a k s ɪ d̪ o
aksis	ʔ a k s ɪ s
aksiyom	ʔ a k s j o m
aksiyom	ʔ a k ʃ o m
aksiyon	ʔ ɐ k s j o n̪
aksiyon	ʔ ɐ k ʃ o n̪
aksiyonista	ʔ ɐ k s j o n̪ i s t̪ ɐ
aksiyonista	ʔ ɐ k ʃ o n̪ i s t̪ ɐ
aksiyuli	ʔ a k s j ʊ l ɪ
aksiyuli	ʔ a k ʃ ʊ l ɪ
aksiyunan	ʔ ɐ k s j ʊ n̪ a n̪
aksiyunan	ʔ ɐ k ʃ ʊ n̪ a n̪
aksiyunista	ʔ ɐ k s j ʊ n̪ i s t̪ ɐ
aksiyunista	ʔ ɐ k ʃ ʊ n̪ i s t̪ ɐ
aksyom	ʔ a k s j o m
aksyom	ʔ a k ʃ o m
aksyon	ʔ ɐ k s j o n̪
aksyon	ʔ ɐ k ʃ o n̪
aksyonista	ʔ ɐ k s j o n̪ i s t̪ ɐ
aksyonista	ʔ ɐ k ʃ o n̪ i s t̪ ɐ
aksyunan	ʔ ɐ k s j ʊ n̪ a n̪
aksyunan	ʔ ɐ k ʃ ʊ n̪ a n̪
aksyunista	ʔ ɐ k s j ʊ n̪ i s t̪ ɐ
aksyunista	ʔ ɐ k ʃ ʊ n̪ i s t̪ ɐ
akta	ʔ a k t̪ ɐ
aktiba	ʔ ɐ k t̪ iː b ɐ
aktiba	ʔ ɐ k t̪ ɪ b a
aktibado	ʔ ɐ k t̪ ɪ b aː d̪ o
aktibasyon	ʔ ɐ k t̪ ɪ b ɐ s j o n̪
aktibasyon	ʔ ɐ k t̪ ɪ b ɐ ʃ o n̪
aktibidad	ʔ ɐ k t̪ ɪ b ɪ d̪ a d̪̚
aktibidades	ʔ ɐ k t̪ ɪ b ɪ d̪ aː d̪ ɛ s
aktibismo	ʔ ɐ k t̪ ɪ b i s m o
aktibista	ʔ ɐ k t̪ ɪ b i s t̪ ɐ
aktibo	ʔ ɐ k t̪ iː b o
akting	ʔ a k t̪ ɪ ŋ
aktingan	ʔ a k t̪ ɪ ŋ a n̪
aktingan	ʔ ɐ k t̪ iː ŋ ɐ n̪
aktinyum	ʔ ɐ k t̪ i n̪ j ʊ m
aktinyum	ʔ ɐ k t̪ iː ɲ ʊ m
aktitud	ʔ ɐ k t̪ ɪ t̪ ʊ d̪̚
akto	ʔ a k t̪ o
aktor	ʔ ɐ k t̪ o ɾ
aktres	ʔ a k t̪ ɾ ɛ s
aktres	ʔ ɐ k t̪ ɾ ɛ s
aktris	ʔ ɐ k t̪ ɾ ɪ s
aktuwal	ʔ ɐ k t̪ w a l
aktuwali	ʔ a k t̪ w ɐ l ɪ
aktuwalidad	ʔ ɐ k t̪ w ɐ l ɪ d̪ a d̪̚
aktuwaryo	ʔ ɐ k t̪ w a ɾ j o
aktuwasyon	ʔ ɐ k t̪ w ɐ s j o n̪
aktuwasyon	ʔ ɐ k t̪ w ɐ ʃ o n̪
aktwal	ʔ ɐ k t̪ w a l
aktwalidad	ʔ ɐ k t̪ w ɐ l ɪ d̪ a d̪̚
aktwaryo	ʔ ɐ k t̪ w a ɾ j o
aktwasyon	ʔ ɐ k t̪ w ɐ s j o n̪
aktwasyon	ʔ ɐ k t̪ w ɐ ʃ o n̪
akuin	ʔ ɐ x uː ʔ ɪ n̪
akulturasyon	ʔ ɐ x ʊ l t̪ ʊ ɾ ɐ s j o n̪
akulturasyon	ʔ ɐ x ʊ l t̪ ʊ ɾ ɐ ʃ o n̪
akumen	ʔ ɐ x uː m ɛ n̪
akumpanya	ʔ ɐ x ʊ m p ɐ n ɲ a
akumpanya	ʔ ɐ x ʊ m p ɐ n̪ j a
akumula	ʔ ɐ x ʊ m ʊ l a
akumulado	ʔ ɐ x ʊ m ʊ l aː d̪ o
akumulador	ʔ ɐ x ʊ m ʊ l ɐ d̪ o ɾ
akumulasyon	ʔ ɐ x ʊ m ʊ l ɐ s j o n̪
akumulasyon	ʔ ɐ x ʊ m ʊ l ɐ ʃ o n̪
akumulatibo	ʔ ɐ x ʊ m ʊ l ɐ t̪ iː b o
akunyador	ʔ ɐ x ʊ n ɲ ɐ d̪ o ɾ
akunyador	ʔ ɐ x ʊ n̪ j ɐ d̪ o ɾ
akurdiyon	ʔ ɐ x ʊ ɾ d̪ j o n̪
akurdiyon	ʔ ɐ x ʊ ɾ d͡ʒ o n̪
akurdiyonista	ʔ ɐ x ʊ ɾ d̪ j o n̪ i s t̪ ɐ
akurdiyonista	ʔ ɐ x ʊ ɾ d͡ʒ o n̪ i s t̪ ɐ
akurdyon	ʔ ɐ x ʊ ɾ d̪ j o n̪
akurdyon	ʔ ɐ x ʊ ɾ d͡ʒ o n̪
akurdyonista	ʔ ɐ x ʊ ɾ d̪ j o n̪ i s t̪ ɐ
akurdyonista	ʔ ɐ x ʊ ɾ d͡ʒ o n̪ i s t̪ ɐ
akusa	ʔ ɐ x ʊ s a
akusado	ʔ ɐ x ʊ s aː d̪ o
akusador	ʔ ɐ x ʊ s ɐ d̪ o ɾ
akusasiyon	ʔ ɐ x ʊ s ɐ s j o n̪
akusasiyon	ʔ ɐ x ʊ s ɐ ʃ o n̪
akusasyon	ʔ ɐ x ʊ s ɐ s j o n̪
akusasyon	ʔ ɐ x ʊ s ɐ ʃ o n̪
akusatibo	ʔ ɐ x ʊ s ɐ t̪ iː b o
akustika	ʔ ɐ x u s t̪ ɪ x a
akustiko	ʔ ɐ x u s t̪ ɪ x o
akustiks	ʔ ɐ x u s t̪ ɪ k s
akustumbrado	ʔ ɐ x ʊ s t̪ ʊ m b ɾ aː d̪ o
akuwariyum	ʔ ɐ k w aː ɾ j ʊ m
akuwatro	ʔ ɐ k w aː t̪ ɾ o
akwadukto	ʔ ɐ k w ɐ d̪ u k t̪ o
akwakultura	ʔ ɐ k w ɐ x ʊ l t̪ uː ɾ ɐ
akwarela	ʔ ɐ k w ɐ ɾ ɛː l ɐ
akwarelista	ʔ ɐ k w ɐ ɾ ɛ l i s t̪ ɐ
akwaryo	ʔ ɐ k w a ɾ j o
akwaryum	ʔ ɐ k w a ɾ j ʊ m
akwatika	ʔ ɐ k w aː t̪ ɪ x a
akwatiko	ʔ ɐ k w aː t̪ ɪ x o
akwatro	ʔ ɐ k w aː t̪ ɾ o
akwedukto	ʔ ɐ k w ɛ d̪ u k t̪ o
akwerdo	ʔ ɐ k w ɛ ɾ d̪ o
akwisisyon	ʔ ɐ k w ɪ s ɪ s j o n̪
akwisisyon	ʔ ɐ k w ɪ s ɪ ʃ o n̪
akwosidad	ʔ ɐ k w o s ɪ d̪ a d̪̚
akwoso	ʔ ɐ k w oː s o
akyat	ʔ ɐ k j a t̪̚
akyatan	ʔ ɐ k j aː t̪ ɐ n̪
akyatan	ʔ ɐ k j ɐ t̪ a n̪
akyatin	ʔ ɐ k j ɐ t̪ ɪ n̪
ala	ʔ aː l ɐ
ala	ʔ ɐ l a
ala	ʔ ɐ l a ʔ
alaala	ʔ ɐ l ɐ ʔ aː l ɐ
alaala	ʔ ɐ l ɐ ʔ ɐ l a
alab	ʔ aː l ɐ b̚
alabado	ʔ ɐ l ɐ b aː d̪ o
alabansa	ʔ ɐ l ɐ b a n̪ s ɐ
alabastro	ʔ ɐ l ɐ b a s t̪ ɾ o
alabok	ʔ ɐ l ɐ b o k̚
alabrilyo	ʔ ɐ l ɐ b ɾ i l j o
alabwab	ʔ ɐ l ɐ b w a b̚
alabyu	ʔ ɐ l a b j ʊ
alado	ʔ ɐ l aː d̪ o
alaga	ʔ ɐ l aː ɣ ɐ ʔ
alaga	ʔ ɐ l ɐ ɣ a ʔ
alagad	ʔ ɐ l ɐ ɣ a d̪̚
alagaw	ʔ ɐ l ɐ ɣ a ʊ̯
alagdan	ʔ ɐ l ɐ ɡ d̪ a n̪
alaguwa	ʔ ɐ l ɐ ɡ w a
alagwa	ʔ ɐ l ɐ ɡ w a
alahado	ʔ ɐ l ɐ h aː d̪ o
alahas	ʔ ɐ l aː h ɐ s
alahasan	ʔ aː l ɐ h ɐ s a n̪
alahasan	ʔ ɐ l ɐ h aː s ɐ n̪
alahera	ʔ ɐ l ɐ h ɛː ɾ ɐ
alaheriya	ʔ ɐ l ɐ h ɛ ɾ iː j ɐ
alahero	ʔ ɐ l ɐ h ɛː ɾ o
alaherya	ʔ ɐ l ɐ h ɛ ɾ j ɐ
alahibe	ʔ ɐ l ɐ h iː b ɛ
alahibi	ʔ ɐ l ɐ h iː b ɪ
alahilyos	ʔ ɐ l ɐ h i l j o s
alahoy	ʔ aː l ɐ h o ɪ̯
alahoy	ʔ ɐ l ɐ h o ɪ̯
alahuy	ʔ aː l ɐ h ʊ ɪ̯
alahuy	ʔ ɐ l ɐ h ʊ ɪ̯
alak	ʔ aː l ɐ k̚
alakalakan	ʔ ɐ l ɐ x ɐ l ɐ x a n̪
alakdan	ʔ ɐ l ɐ k d̪ a n̪
alakeka	ʔ ɐ l ɐ x ɛː x ɐ
alakibot	ʔ ɐ l aː x ɪ b o t̪̚
alakos	ʔ ɐ l ɐ x o s
alakran	ʔ ɐ l ɐ k ɾ a n̪
alaktiya	ʔ ɐ l ɐ k t̪ iː j ɐ ʔ
alala	ʔ ɐ l aː l ɐ
alala	ʔ ɐ l ɐ l a
alalago	ʔ ɐ l ɐ l aː ɣ o
alalahanin	ʔ ɐ l ɐ l ɐ h aː n̪ ɪ n̪
alalahanin	ʔ ɐ l ɐ l ɐ h ɐ n̪ ɪ n̪
alalawa	ʔ aː l ɐ l aː w ɐ ʔ
alalay	ʔ ɐ l aː l a ɪ̯
alalay	ʔ ɐ l ɐ l a ɪ̯
alalayan	ʔ ɐ l ɐ l aː j ɐ n̪
alam	ʔ aː l ɐ m
alam	ʔ ɐ l a m
alaman	ʔ ɐ l aː m ɐ n̪
alamang	ʔ ɐ l ɐ m a ŋ
alamat	ʔ ɐ l ɐ m a t̪̚
alambike	ʔ ɐ l ɐ m b iː x ɛ
alambrada	ʔ ɐ l ɐ m b ɾ aː d̪ ɐ
alambre	ʔ ɐ l a m b ɾ ɛ
alambrera	ʔ ɐ l ɐ m b ɾ ɛː ɾ ɐ
alambrilyo	ʔ ɐ l ɐ m b ɾ i l j o
alamid	ʔ ɐ l ɐ m ɪ d̪̚
alamin	ʔ ɐ l ɐ m ɪ n̪
alamo	ʔ ɐ l ɐ m o
alampay	ʔ ɐ l ɐ m p a ɪ̯
alandahaw	ʔ ɐ l ɐ n̪ d̪ aː h a ʊ̯
alangaang	ʔ ɐ l ɐ ŋ aː ʔ ɐ ŋ
alangan	ʔ ɐ l ɐ ŋ a n̪
alanganin	ʔ ɐ l ɐ ŋ aː n̪ ɪ n̪
alangilan	ʔ ɐ l ɐ ŋ iː l ɐ n̪
alap	ʔ aː l ɐ p̚
alapaap	ʔ ɐ l ɐ p aː ʔ ɐ p̚
alapaap	ʔ ɐ l ɐ p ɐ ʔ a p̚
alapap	ʔ ɐ l aː p ɐ p̚
alapap	ʔ ɐ l ɐ p a p̚
alapaw	ʔ ɐ l aː p a ʊ̯
alarakas	ʔ ɐ l ɐ ɾ aː x ɐ s
alarma	ʔ ɐ l a ɾ m ɐ
alarmado	ʔ ɐ l ɐ ɾ m aː d̪ o
alarmista	ʔ ɐ l ɐ ɾ m i s t̪ ɐ
alas	ʔ aː l ɐ s
alas	ʔ ɐ l a s
alasan	ʔ ɐ l ɐ s a n̪
alaska	ʔ ɐ l a s k ɐ
alaskador	ʔ ɐ l ɐ s k ɐ d̪ o ɾ
alaskadora	ʔ ɐ l ɐ s k ɐ d̪ oː ɾ ɐ
alasuwerte	ʔ ɐ l ɐ s w ɛ ɾ t̪ ɛ
alaswerte	ʔ ɐ l ɐ s w ɛ ɾ t̪ ɛ
alat	ʔ aː l ɐ t̪̚
alatiit	ʔ ɐ l ɐ t̪ iː ʔ ɪ t̪̚
alatiit	ʔ ɐ l ɐ t̪ ɪ ʔ ɪ t̪̚
alatowat	ʔ ɐ l ɐ t̪ o w a t̪̚
alatowat	ʔ ɐ l ɐ t̪ oː w ɐ t̪̚
alatuat	ʔ ɐ l ɐ t̪ uː ʔ ɐ t̪̚
alatuat	ʔ ɐ l ɐ t̪ w a t̪̚
alatuwat	ʔ ɐ l ɐ t̪ uː w ɐ t̪̚
alatuwat	ʔ ɐ l ɐ t̪ w a t̪̚
alatwat	ʔ ɐ l ɐ t̪ w a t̪̚
alawans	ʔ ɐ l aː w ɐ n̪ s
alaws	ʔ aː l a ʊ̯ s
alay	ʔ aː l a ɪ̯
alayan	ʔ ɐ l aː j ɐ n̪
alba	ʔ a l b ɐ
alba	ʔ ɐ l b a
albahaka	ʔ ɐ l b ɐ h aː x ɐ
albakora	ʔ ɐ l b ɐ x oː ɾ ɐ
albakura	ʔ ɐ l b ɐ x uː ɾ ɐ
albanaka	ʔ ɐ l b ɐ n̪ aː x ɐ
albardilya	ʔ ɐ l b ɐ ɾ d̪ i l j ɐ
albarikoke	ʔ ɐ l b ɐ ɾ ɪ x oː x ɛ
albasea	ʔ ɐ l b ɐ s ɛː j ɐ
albaseya	ʔ ɐ l b ɐ s ɛː j ɐ
albatros	ʔ a l b ɐ t̪ ɾ o s
albay	ʔ ɐ l b a ɪ̯
albayalde	ʔ ɐ l b ɐ j a l d̪ ɛ
albeolo	ʔ ɐ l b ɛ j oː l o
albeolo	ʔ ɐ l b ɛː j o l o
albino	ʔ ɐ l b iː n̪ o
albiyolar	ʔ ɐ l b j o l a ɾ
albiyolo	ʔ ɐ l b j oː l o
albolaryo	ʔ ɐ l b o l a ɾ j o
albondigas	ʔ ɐ l b o n̪ d̪ ɪ ɣ a s
alboroto	ʔ ɐ l b o ɾ oː t̪ o
albularyo	ʔ ɐ l b ʊ l a ɾ j o
album	ʔ a l b ʊ m
albumen	ʔ ɐ l b uː m ɛ n̪
albumina	ʔ ɐ l b ʊ m iː n̪ ɐ
albundigas	ʔ ɐ l b ʊ n̪ d̪ ɪ ɣ a s
albur	ʔ ɐ l b ʊ ɾ
alburnos	ʔ ɐ l b ʊ ɾ n̪ o s
alburoto	ʔ ɐ l b ʊ ɾ oː t̪ o
alburuto	ʔ ɐ l b ʊ ɾ uː t̪ o
albyolar	ʔ ɐ l b j o l a ɾ
albyolo	ʔ ɐ l b j oː l o
aldaba	ʔ ɐ l d̪ aː b ɐ
aldabis	ʔ ɐ l d̪ ɐ b ɪ s
aldea	ʔ ɐ l d̪ ɛː j ɐ
aldehido	ʔ ɐ l d̪ ɛ h iː d̪ o
aldonises	ʔ ɐ l d̪ o n̪ iː s ɛ s
aldonisis	ʔ ɐ l d̪ o n̪ iː s ɪ s
aldosines	ʔ ɐ l d̪ o s iː n̪ ɛ s
aldyebra	ʔ a l d̪ j ɛ b ɾ a
aldyebra	ʔ a l d͡ʒ ɛ b ɾ a
aldyibra	ʔ a l d̪ j ɪ b ɾ a
aldyibra	ʔ a l d͡ʒ ɪ b ɾ a
ale	ʔ aː l ɛ
alebosya	ʔ ɐ l ɛ b o s j ɐ
alebosya	ʔ ɐ l ɛ b oː ʃ ɐ
alegasyon	ʔ ɐ l ɛ ɣ ɐ s j o n̪
alegasyon	ʔ ɐ l ɛ ɣ ɐ ʃ o n̪
alegato	ʔ ɐ l ɛ ɣ aː t̪ o
alegoria	ʔ ɐ l ɛ ɣ o ɾ iː j ɐ
alegorika	ʔ ɐ l ɛ ɣ oː ɾ ɪ x a
alegoriko	ʔ ɐ l ɛ ɣ oː ɾ ɪ x o
alegorisa	ʔ ɐ l ɛ ɣ o ɾ ɪ s a
alegorisahin	ʔ ɐ l ɛ ɣ o ɾ ɪ s ɐ h ɪ n̪
alegorista	ʔ ɐ l ɛ ɣ o ɾ i s t̪ ɐ
alegoriya	ʔ ɐ l ɛ ɣ o ɾ iː j ɐ
alegorya	ʔ ɐ l ɛ ɣ o ɾ j a
alegorya	ʔ ɐ l ɛ ɣ o ɾ j ɐ
alegreto	ʔ ɐ l ɛ ɡ ɾ ɛː t̪ o
alegriya	ʔ ɐ l ɛ ɡ ɾ iː j ɐ
alegro	ʔ ɐ l ɛː ɡ ɾ o
alehandrino	ʔ ɐ l ɛ h ɐ n̪ d̪ ɾ iː n̪ o
alehilyos	ʔ ɐ l ɛ h i l j o s
aleli	ʔ ɐ l ɛ l ɪ
aleluya	ʔ ɐ l ɛ l uː j ɐ
alembong	ʔ ɐ l ɛ m b o ŋ
aleng	ʔ aː l ɛ ŋ
alerdyi	ʔ aː l ɛ ɾ d̪ j ɪ
alerdyi	ʔ aː l ɛ ɾ d͡ʒ ɪ
alerdyik	ʔ ɐ l ɛ ɾ d̪ j ɪ k̚
alerdyik	ʔ ɐ l ɛ ɾ d͡ʒ ɪ k̚
alerhia	ʔ ɐ l ɛ ɾ h iː j ɐ
alerhiya	ʔ ɐ l ɛ ɾ h iː j ɐ
alero	ʔ ɐ l ɛː ɾ o
alerta	ʔ ɐ l ɛ ɾ t̪ ɐ
alerto	ʔ ɐ l ɛ ɾ t̪ o
aleta	ʔ ɐ l ɛː t̪ ɐ
alga	ʔ a l ɡ ɐ
algaroba	ʔ ɐ l ɡ ɐ ɾ oː b ɐ
algodon	ʔ ɐ l ɡ o d̪ o n̪
algudon	ʔ ɐ l ɡ ʊ d̪ o n̪
alguwasil	ʔ ɐ l ɡ w ɐ s ɪ l
algwasil	ʔ ɐ l ɡ w ɐ s ɪ l
alhamdulila	ʔ ɐ l h a m d̪ ʊ l ɪ l a
alhamdulillah	ʔ ɐ l h a m d̪ ʊ l ɪ l a
alhebra	ʔ a l h ɛ b ɾ a
alhebraika	ʔ ɐ l h ɛ b ɾ a ɪ̯ x ɐ
alhebraika	ʔ ɐ l h ɛ b ɾ aː j ɪ x a
alhebraiko	ʔ ɐ l h ɛ b ɾ a ɪ̯ x o
alhebraiko	ʔ ɐ l h ɛ b ɾ aː j ɪ x o
alhebrayika	ʔ ɐ l h ɛ b ɾ aː j ɪ x a
alhebrayiko	ʔ ɐ l h ɛ b ɾ aː j ɪ x o
alhebrayka	ʔ ɐ l h ɛ b ɾ a ɪ̯ x ɐ
alhebrayko	ʔ ɐ l h ɛ b ɾ a ɪ̯ x o
alhibe	ʔ ɐ l h iː b ɛ
ali	ʔ aː l ɪ
alibadbad	ʔ ɐ l ɪ b ɐ d̪ b a d̪̚
alibangbang	ʔ ɐ l ɪ b ɐ m b a ŋ
alibarbar	ʔ ɐ l ɪ b ɐ ɾ b a ɾ
alibasoy	ʔ ɐ l ɪ b aː s o ɪ̯
alibata	ʔ ɐ l ɪ b aː t̪ ɐ
alibay	ʔ aː l ɪ b a ɪ̯
alibay	ʔ ɐ l iː b a ɪ̯
alibugha	ʔ ɐ l ɪ b ʊ ɡ h a ʔ
alibukay	ʔ ɐ l ɪ b ʊ x a ɪ̯
alibukdan	ʔ ɐ l ɪ b ʊ k d̪ a n̪
alibutdan	ʔ ɐ l ɪ b ʊ t̪ d̪ a n̪
alibutod	ʔ ɐ l ɪ b uː t̪ o d̪̚
alibutod	ʔ ɐ l ɪ b ʊ t̪ o d̪̚
alibutran	ʔ ɐ l ɪ b ʊ t̪ ɾ a n̪
aligaga	ʔ ɐ l ɪ ɣ ɐ ɣ a ʔ
aligamgam	ʔ ɐ l ɪ ɣ ɐ m ɡ a m
aligandero	ʔ ɐ l ɪ ɣ ɐ n̪ d̪ ɛː ɾ o
aligando	ʔ ɐ l ɪ ɣ ɐ n̪ d̪ o
aligasin	ʔ ɐ l ɪ ɣ ɐ s ɪ n̪
aligi	ʔ ɐ l ɪ ɣ ɪ
aligid	ʔ ɐ l iː ɣ ɪ d̪̚
aligid	ʔ ɐ l ɪ ɣ ɪ d̪̚
alikabok	ʔ ɐ l ɪ x ɐ b o k̚
alikate	ʔ ɐ l ɪ x aː t̪ ɛ
alikate	ʔ ɐ l ɪ x aː t̪ ɛ ʔ
alikmata	ʔ ɐ l ɪ k m aː t̪ ɐ ʔ
alikmata	ʔ ɐ l ɪ k m ɐ t̪ a
aliktiya	ʔ ɐ l ɪ k t̪ iː j ɐ ʔ
aliktiya	ʔ ɐ l ɪ k t̪ j a ʔ
aliktiya	ʔ ɐ l ɪ k t͡ʃ a ʔ
aliktya	ʔ ɐ l ɪ k t̪ j a ʔ
aliktya	ʔ ɐ l ɪ k t͡ʃ a ʔ
alila	ʔ ɐ l iː l ɐ ʔ
alilain	ʔ ɐ l ɪ l aː ʔ ɪ n̪
alilis	ʔ ɐ l iː l ɪ s
alilis	ʔ ɐ l ɪ l ɪ s
alilisan	ʔ aː l ɪ l iː s ɐ n̪
alilisan	ʔ aː l ɪ l ɪ s a n̪
alilisan	ʔ ɐ l ɪ l iː s ɐ n̪
alim	ʔ aː l ɪ m
alim	ʔ ɐ l ɪ m
alimango	ʔ ɐ l ɪ m aː ŋ o
alimasag	ʔ ɐ l ɪ m aː s ɐ ɡ̚
alimbukay	ʔ ɐ l ɪ m b ʊ x a ɪ̯
alimis	ʔ ɐ l ɪ m ɪ s
alimpayawan	ʔ ɐ l ɪ m p ɐ j aː w ɐ n̪
alimpungat	ʔ ɐ l ɪ m p ʊ ŋ a t̪̚
alimpuyo	ʔ ɐ l ɪ m p ʊ j o
alimuom	ʔ ɐ l ɪ m uː ʔ o m
alimuom	ʔ ɐ l ɪ m ʊ ʔ o m
alimuos	ʔ ɐ l ɪ m uː ʔ o s
alimuos	ʔ ɐ l ɪ m ʊ ʔ o s
alimuran	ʔ ɐ l ɪ m ʊ ɾ a n̪
alimuranin	ʔ ɐ l ɪ m ʊ ɾ aː n̪ ɪ n̪
alin	ʔ ɐ l ɛ n̪
alin	ʔ ɐ l ɪ n̪
alinagnag	ʔ ɐ l ɪ n̪ ɐ ɡ n̪ a ɡ̚
alindog	ʔ ɐ l ɪ n̪ d̪ o ɡ̚
aling	ʔ aː l ɪ ŋ
aling	ʔ ɐ l ɪ ŋ
alingasaw	ʔ ɐ l ɪ ŋ aː s a ʊ̯
alingasaw	ʔ ɐ l ɪ ŋ ɐ s a ʊ̯
alingasngas	ʔ ɐ l ɪ ŋ ɐ s ŋ a s
alingawngaw	ʔ ɐ l ɪ ŋ a ʊ̯ ŋ a ʊ̯
alinlangan	ʔ ɐ l ɪ n̪ l aː ŋ ɐ n̪
alinman	ʔ ɐ l ɪ n̪ m a n̪
alinsangan	ʔ ɐ l ɪ n̪ s aː ŋ ɐ n̪
alinsunod	ʔ ɐ l ɪ n̪ s uː n̪ o d̪̚
alinsunod	ʔ ɐ l ɪ n̪ s ʊ n̪ o d̪̚
alintana	ʔ ɐ l ɪ n̪ t̪ aː n̪ ɐ
alintataw	ʔ ɐ l ɪ n̪ t̪ aː t̪ a ʊ̯
alintataw	ʔ ɐ l ɪ n̪ t̪ ɐ t̪ a ʊ̯
alipala	ʔ ɐ l ɪ p aː l ɐ
alipala	ʔ ɐ l ɪ p aː l ɐ ʔ
alipato	ʔ ɐ l ɪ p aː t̪ o
alipin	ʔ ɐ l iː p ɪ n̪
alipinin	ʔ ɐ l ɪ p iː n̪ ɪ n̪
alipores	ʔ ɐ l ɪ p oː ɾ ɛ s
alipunga	ʔ ɐ l ɪ p ʊ ŋ a
alipunya	ʔ ɐ l ɪ p ʊ n ɲ a ʔ
alipunya	ʔ ɐ l ɪ p ʊ n̪ j a ʔ
alipures	ʔ ɐ l ɪ p uː ɾ ɛ s
alipuris	ʔ ɐ l ɪ p uː ɾ ɪ s
alipusta	ʔ ɐ l ɪ p ʊ s t̪ a
alipusta	ʔ ɐ l ɪ p ʊ s t̪ a ʔ
alipustahin	ʔ ɐ l ɪ p ʊ s t̪ ɐ h ɪ n̪
alipustain	ʔ ɐ l ɪ p ʊ s t̪ ɐ ʔ ɪ n̪
alis	ʔ ɐ l ɪ s
alisaga	ʔ ɐ l ɪ s ɐ ɣ a ʔ
alisagsag	ʔ ɐ l ɪ s ɐ ɡ s a ɡ̚
alisan	ʔ aː l iː s ɐ n̪
alisan	ʔ ɐ l ɪ s a n̪
alisangsang	ʔ ɐ l ɪ s ɐ n̪ s a ŋ
alisin	ʔ ɐ l ɪ s ɪ n̪
alisto	ʔ ɐ l i s t̪ o
alisuas	ʔ ɐ l ɪ s uː ʔ ɐ s
alit	ʔ aː l ɪ t̪̚
alitan	ʔ ɐ l iː t̪ ɐ n̪
alitangya	ʔ ɐ l ɪ t̪ ɐ ŋ j a
alitaptap	ʔ ɐ l ɪ t̪ ɐ p t̪ a p̚
aliterasiyon	ʔ ɐ l ɪ t̪ ɛ ɾ ɐ s j o n̪
aliterasiyon	ʔ ɐ l ɪ t̪ ɛ ɾ ɐ ʃ o n̪
aliterasyon	ʔ ɐ l ɪ t̪ ɛ ɾ ɐ s j o n̪
aliterasyon	ʔ ɐ l ɪ t̪ ɛ ɾ ɐ ʃ o n̪
alitiit	ʔ ɐ l ɪ t̪ iː ʔ ɪ t̪̚
alitiit	ʔ ɐ l ɪ t̪ ɪ ʔ ɪ t̪̚
alitowat	ʔ ɐ l ɪ t̪ o w a t̪̚
alitowat	ʔ ɐ l ɪ t̪ oː w ɐ t̪̚
alituntunin	ʔ ɐ l ɪ t̪ ʊ n̪ t̪ uː n̪ ɪ n̪
alituntunin	ʔ ɐ l ɪ t̪ ʊ n̪ t̪ ʊ n̪ ɪ n̪
alituwat	ʔ ɐ l ɪ t̪ uː w ɐ t̪̚
alituwat	ʔ ɐ l ɪ t̪ w a t̪̚
alitwat	ʔ ɐ l ɪ t̪ w a t̪̚
aliw	ʔ aː l ɪ ʊ̯
aliw	ʔ ɐ l ɪ ʊ̯
aliwalas	ʔ ɐ l ɪ w aː l ɐ s
alkabala	ʔ ɐ l k ɐ b aː l ɐ
alkabalero	ʔ ɐ l k ɐ b ɐ l ɛː ɾ o
alkabus	ʔ ɐ l k ɐ b ʊ s
alkabusero	ʔ ɐ l k ɐ b ʊ s ɛː ɾ o
alkagwete	ʔ ɐ l k ɐ ɡ w ɛː t̪ ɛ
alkahuwete	ʔ ɐ l k ɐ h w ɛː t̪ ɛ
alkahwete	ʔ ɐ l k ɐ h w ɛː t̪ ɛ
alkaide	ʔ ɐ l k a ɪ̯ d̪ ɛ
alkalde	ʔ ɐ l k a l d̪ ɛ
alkaldesa	ʔ ɐ l k ɐ l d̪ ɛː s ɐ
alkaldia	ʔ ɐ l k ɐ l d̪ iː j ɐ
alkaldiya	ʔ ɐ l k ɐ l d̪ iː j ɐ
alkaldiya	ʔ ɐ l k ɐ l d̪ j a
alkaldiya	ʔ ɐ l k ɐ l d͡ʒ a
alkaldya	ʔ ɐ l k ɐ l d̪ j a
alkaldya	ʔ ɐ l k ɐ l d͡ʒ a
alkali	ʔ a l k ɐ l ɪ
alkalimetro	ʔ ɐ l k ɐ l iː m ɛ t̪ ɾ o
alkalimetro	ʔ ɐ l k ɐ l ɪ m ɛː t̪ ɾ o
alkalina	ʔ ɐ l k ɐ l iː n̪ ɐ
alkalinidad	ʔ ɐ l k ɐ l ɪ n̪ ɪ d̪ a d̪̚
alkalinisado	ʔ ɐ l k ɐ l ɪ n̪ ɪ s aː d̪ o
alkalinisasyon	ʔ ɐ l k ɐ l ɪ n̪ ɪ s ɐ s j o n̪
alkalinisasyon	ʔ ɐ l k ɐ l ɪ n̪ ɪ s ɐ ʃ o n̪
alkalino	ʔ ɐ l k ɐ l iː n̪ o
alkalisado	ʔ ɐ l k ɐ l ɪ s aː d̪ o
alkalisasyon	ʔ ɐ l k ɐ l ɪ s ɐ s j o n̪
alkalisasyon	ʔ ɐ l k ɐ l ɪ s ɐ ʃ o n̪
alkaloyd	ʔ a l k ɐ l o ɪ̯ d̪
alkaloyde	ʔ ɐ l k ɐ l o ɪ̯ d̪ ɛ
alkampor	ʔ ɐ l k ɐ m p o ɾ
alkamporado	ʔ ɐ l k ɐ m p o ɾ aː d̪ o
alkampurado	ʔ ɐ l k ɐ m p ʊ ɾ aː d̪ o
alkampuran	ʔ ɐ l k ɐ m p ʊ ɾ a n̪
alkanse	ʔ ɐ l k a n̪ s ɛ
alkansia	ʔ ɐ l k ɐ n̪ s iː j ɐ
alkansiya	ʔ ɐ l k ɐ n̪ s iː j ɐ
alkansiya	ʔ ɐ l k ɐ n̪ s j a
alkansiya	ʔ ɐ l k ɐ n̪ ʃ a
alkansya	ʔ ɐ l k ɐ n̪ s j a
alkansya	ʔ ɐ l k ɐ n̪ ʃ a
alkantarilya	ʔ ɐ l k ɐ n̪ t̪ ɐ ɾ i l j ɐ
alkantarilyado	ʔ ɐ l k ɐ n̪ t̪ ɐ ɾ ɪ l j aː d̪ o
alkapara	ʔ ɐ l k ɐ p aː ɾ ɐ
alkaparas	ʔ ɐ l k ɐ p aː ɾ ɐ s
alkarabea	ʔ ɐ l k ɐ ɾ ɐ b ɛː j ɐ
alkarabeya	ʔ ɐ l k ɐ ɾ ɐ b ɛː j ɐ
alkasar	ʔ ɐ l k aː s ɐ ɾ
alkasar	ʔ ɐ l k ɐ s a ɾ
alkatsopa	ʔ ɐ l k ɐ t t͡ʃ oː p ɐ
alkatsopa	ʔ ɐ l k ɐ t̪ s oː p ɐ
alkatsopas	ʔ ɐ l k ɐ t t͡ʃ oː p ɐ s
alkatsopas	ʔ ɐ l k ɐ t̪ s oː p ɐ s
alkawete	ʔ ɐ l k ɐ w ɛː t̪ ɛ
alkayde	ʔ ɐ l k a ɪ̯ d̪ ɛ
alkayseriya	ʔ ɐ l k a ɪ̯ s ɛ ɾ iː j ɐ
alkila	ʔ ɐ l k ɪ l a
alkilador	ʔ ɐ l k ɪ l ɐ d̪ o ɾ
alkiler	ʔ ɐ l k ɪ l ɛ ɾ
alkimista	ʔ ɐ l k ɪ m i s t̪ ɐ
alkimiya	ʔ ɐ l k ɪ m iː j ɐ
alkimya	ʔ ɐ l k i m j ɐ
alkitara	ʔ ɐ l k ɪ t̪ aː ɾ ɐ
alkitran	ʔ ɐ l k ɪ t̪ ɾ a n̪
alkoba	ʔ ɐ l k oː b ɐ
alkohol	ʔ ɐ l k o h o l
alkoholado	ʔ ɐ l k o h o l aː d̪ o
alkoholiko	ʔ ɐ l k o h oː l ɪ x o
alkoholimetro	ʔ ɐ l k o h o l iː m ɛ t̪ ɾ o
alkoholimetro	ʔ ɐ l k o h o l ɪ m ɛː t̪ ɾ o
alkoholisa	ʔ ɐ l k o h o l ɪ s a
alkoholisado	ʔ ɐ l k o h o l ɪ s aː d̪ o
alkoholisahan	ʔ ɐ l k o h o l ɪ s ɐ h a n̪
alkoholisahin	ʔ ɐ l k o h o l ɪ s ɐ h ɪ n̪
alkoholismo	ʔ ɐ l k o h o l i s m o
alkohometro	ʔ ɐ l k o h o m ɛː t̪ ɾ o
alkohometro	ʔ ɐ l k o h oː m ɛ t̪ ɾ o
alkontado	ʔ ɐ l k o n̪ t̪ aː d̪ o
alkuol	ʔ ɐ l k ʊ ʔ o l
alma	ʔ a l m ɐ
alma	ʔ ɐ l m a
almabre	ʔ ɐ l m aː b ɾ ɛ
almador	ʔ ɐ l m ɐ d̪ o ɾ
almagre	ʔ ɐ l m aː ɡ ɾ ɛ
almanake	ʔ ɐ l m ɐ n̪ aː x ɛ
almaryo	ʔ ɐ l m a ɾ j o
almasen	ʔ ɐ l m ɐ s ɛ n̪
almasena	ʔ ɐ l m ɐ s ɛ n̪ a
almasenado	ʔ ɐ l m ɐ s ɛ n̪ aː d̪ o
almasenahe	ʔ ɐ l m ɐ s ɛ n̪ aː h ɛ
almasenahin	ʔ ɐ l m ɐ s ɛ n̪ ɐ h ɪ n̪
almasenero	ʔ ɐ l m ɐ s ɛ n̪ ɛː ɾ o
almasiga	ʔ ɐ l m aː s ɪ ɣ a
almasiga	ʔ ɐ l m ɐ s iː ɣ ɐ
almasin	ʔ ɐ l m ɐ s ɪ n̪
almasinero	ʔ ɐ l m ɐ s ɪ n̪ ɛː ɾ o
almason	ʔ ɐ l m ɐ s o n̪
almeha	ʔ ɐ l m ɛː h ɐ
almendra	ʔ ɐ l m ɛ n̪ d̪ ɾ ɐ
almendras	ʔ ɐ l m ɛ n̪ d̪ ɾ ɐ s
almendrilya	ʔ ɐ l m ɛ n̪ d̪ ɾ i l j ɐ
almendrilyas	ʔ ɐ l m ɛ n̪ d̪ ɾ i l j ɐ s
almeres	ʔ ɐ l m ɛ ɾ ɛ s
almete	ʔ ɐ l m ɛː t̪ ɛ
almirantasgo	ʔ ɐ l m ɪ ɾ ɐ n̪ t̪ a s ɡ o
almirante	ʔ ɐ l m ɪ ɾ a n̪ t̪ ɛ
almires	ʔ ɐ l m ɪ ɾ ɛ s
almiris	ʔ ɐ l m iː ɾ ɪ s
almirol	ʔ ɐ l m ɪ ɾ o l
almirolado	ʔ ɐ l m ɪ ɾ o l aː d̪ o
almirolan	ʔ ɐ l m ɪ ɾ o l a n̪
almirulan	ʔ ɐ l m ɪ ɾ ʊ l a n̪
almiskle	ʔ ɐ l m i s k l ɛ
almohada	ʔ ɐ l m o h aː d̪ ɐ
almohadilya	ʔ ɐ l m o h ɐ d̪ i l j ɐ
almohadon	ʔ ɐ l m o h ɐ d̪ o n̪
almohasa	ʔ ɐ l m o h aː s ɐ
almon	ʔ ɐ l m o n̪
almondigas	ʔ ɐ l m o n̪ d̪ ɪ ɣ a s
almondigilya	ʔ ɐ l m o n̪ d̪ ɪ ɣ i l j ɐ
almoneda	ʔ ɐ l m o n̪ ɛː d̪ ɐ
almoranas	ʔ ɐ l m o ɾ aː n̪ ɐ s
almoseda	ʔ ɐ l m o s ɛː d̪ ɐ
almowada	ʔ ɐ l m o w aː d̪ ɐ
almowadilya	ʔ ɐ l m o w ɐ d̪ i l j ɐ
almowadon	ʔ ɐ l m o w ɐ d̪ o n̪
almowasa	ʔ ɐ l m o w aː s ɐ
almud	ʔ ɐ l m ʊ d̪̚
almuhada	ʔ ɐ l m ʊ h aː d̪ ɐ
almuhadilya	ʔ ɐ l m ʊ h ɐ d̪ i l j ɐ
almuhadon	ʔ ɐ l m ʊ h ɐ d̪ o n̪
almuhasa	ʔ ɐ l m ʊ h aː s ɐ
almundigas	ʔ ɐ l m ʊ n̪ d̪ ɪ ɣ a s
almundigilya	ʔ ɐ l m ʊ n̪ d̪ ɪ ɣ i l j ɐ
almuneda	ʔ ɐ l m ʊ n̪ ɛː d̪ ɐ
almuranas	ʔ ɐ l m ʊ ɾ aː n̪ ɐ s
almusal	ʔ ɐ l m ʊ s a l
almusalan	ʔ ɐ l m ʊ s aː l ɐ n̪
almusalin	ʔ ɐ l m ʊ s ɐ l ɪ n̪
almuseda	ʔ ɐ l m ʊ s ɛː d̪ ɐ
almuwada	ʔ ɐ l m w aː d̪ ɐ
almuwadilya	ʔ ɐ l m w ɐ d̪ i l j ɐ
almuwadon	ʔ ɐ l m w ɐ d̪ o n̪
almuwasa	ʔ ɐ l m w aː s ɐ
almuwerso	ʔ ɐ l m w ɛ ɾ s o
almwada	ʔ ɐ l m w aː d̪ ɐ
almwadilya	ʔ ɐ l m w ɐ d̪ i l j ɐ
almwadon	ʔ ɐ l m w ɐ d̪ o n̪
almwasa	ʔ ɐ l m w aː s ɐ
almwerso	ʔ ɐ l m w ɛ ɾ s o
alo	ʔ aː l o ʔ
alod	ʔ aː l o d̪̚
alog	ʔ aː l o ɡ̚
alog	ʔ ɐ l o ɡ̚
alok	ʔ ɐ l o k̚
alokasyon	ʔ ɐ l o x ɐ s j o n̪
alokasyon	ʔ ɐ l o x ɐ ʃ o n̪
alomorp	ʔ aː l o m o ɹ p
alomorpo	ʔ ɐ l o m o ɾ p o
alon	ʔ aː l o n̪
alongbani	ʔ ɐ l o m b aː n̪ ɪ ʔ
aloy	ʔ aː l o ɪ̯
alpa	ʔ a l p ɐ
alpa	ʔ ɐ l p a
alpa	ʔ ɐ l p a ʔ
alpabetiko	ʔ ɐ l p ɐ b ɛː t̪ ɪ x o
alpabetisa	ʔ ɐ l p ɐ b ɛ t̪ ɪ s a
alpabetisado	ʔ ɐ l p ɐ b ɛ t̪ ɪ s aː d̪ o
alpabetisahin	ʔ ɐ l p ɐ b ɛ t̪ ɪ s ɐ h ɪ n̪
alpabetisasyon	ʔ ɐ l p ɐ b ɛ t̪ ɪ s ɐ s j o n̪
alpabetisasyon	ʔ ɐ l p ɐ b ɛ t̪ ɪ s ɐ ʃ o n̪
alpabeto	ʔ ɐ l p ɐ b ɛː t̪ o
alpahol	ʔ ɐ l p ɐ h o l
alpahor	ʔ ɐ l p ɐ h o ɾ
alpaka	ʔ ɐ l p aː x ɐ
alpalpa	ʔ ɐ l p a l p ɐ
alpanghe	ʔ ɐ l p a ŋ h ɛ
alpargatas	ʔ ɐ l p ɐ ɾ ɡ aː t̪ ɐ s
alpas	ʔ ɐ l p a s
alpasote	ʔ ɐ l p ɐ s oː t̪ ɛ
alpasotis	ʔ ɐ l p ɐ s oː t̪ ɪ s
alpasutis	ʔ ɐ l p ɐ s uː t̪ ɪ s
alpay	ʔ a l p a ɪ̯
alpay	ʔ ɐ l p a ɪ̯
alperes	ʔ ɐ l p ɛ ɾ ɛ s
alperes	ʔ ɐ l p ɛː ɾ ɛ s
alperesiya	ʔ ɐ l p ɛ ɾ ɛ s iː j ɐ
alpil	ʔ ɐ l p ɪ l
alpiler	ʔ ɐ l p ɪ l ɛ ɾ
alpinismo	ʔ ɐ l p ɪ n̪ i s m o
alpinista	ʔ ɐ l p ɪ n̪ i s t̪ ɐ
alpino	ʔ ɐ l p iː n̪ o
alpiste	ʔ ɐ l p i s t̪ ɛ
alpiyado	ʔ ɐ l p j aː d̪ o
alpombra	ʔ ɐ l p o m b ɾ ɐ
alpombrahin	ʔ ɐ l p o m b ɾ ɐ h ɪ n̪
alponsigo	ʔ ɐ l p o n̪ s ɪ ɣ o
alponsino	ʔ ɐ l p o n̪ s iː n̪ o
alporhas	ʔ ɐ l p o ɾ h a s
alporhas	ʔ ɐ l p o ɾ h ɐ s
alporhilyas	ʔ ɐ l p o ɾ h i l j ɐ s
alpunsino	ʔ ɐ l p ʊ n̪ s iː n̪ o
alpyado	ʔ ɐ l p j aː d̪ o
alsa	ʔ ɐ l s a
alsado	ʔ ɐ l s aː d̪ o
alsamiyento	ʔ ɐ l s ɐ m j ɛ n̪ t̪ o
alsamyento	ʔ ɐ l s ɐ m j ɛ n̪ t̪ o
alsan	ʔ ɐ l s a n̪
alsaprima	ʔ ɐ l s ɐ p ɾ iː m ɐ
alse	ʔ a l s ɛ
alsin	ʔ ɐ l s ɪ n̪
also	ʔ a l s o
alsubispo	ʔ ɐ l s ʊ b ɪ s p o
alta	ʔ a l t̪ ɐ
alta	ʔ ɐ l t̪ a
altabos	ʔ ɐ l t̪ ɐ b o s
altamayor	ʔ ɐ l t̪ ɐ m ɐ j o ɾ
altanghap	ʔ a l t̪ ɐ ŋ h a p̚
altapresiyon	ʔ a l t̪ ɐ p ɾ ɛ s j o n̪
altapresiyon	ʔ a l t̪ ɐ p ɾ ɛ ʃ o n̪
altapresyon	ʔ a l t̪ ɐ p ɾ ɛ s j o n̪
altapresyon	ʔ a l t̪ ɐ p ɾ ɛ ʃ o n̪
altar	ʔ ɐ l t̪ a ɾ
alterasiyon	ʔ ɐ l t̪ ɛ ɾ ɐ s j o n̪
alterasiyon	ʔ ɐ l t̪ ɛ ɾ ɐ ʃ o n̪
alterasyon	ʔ ɐ l t̪ ɛ ɾ ɐ s j o n̪
alterasyon	ʔ ɐ l t̪ ɛ ɾ ɐ ʃ o n̪
alternasiyon	ʔ ɐ l t̪ ɛ ɾ n̪ ɐ s j o n̪
alternasiyon	ʔ ɐ l t̪ ɛ ɾ n̪ ɐ ʃ o n̪
alternasyon	ʔ ɐ l t̪ ɛ ɾ n̪ ɐ s j o n̪
alternasyon	ʔ ɐ l t̪ ɛ ɾ n̪ ɐ ʃ o n̪
alternatiba	ʔ ɐ l t̪ ɛ ɾ n̪ ɐ t̪ iː b ɐ
alternatibo	ʔ ɐ l t̪ ɛ ɾ n̪ ɐ t̪ iː b o
alterno	ʔ ɐ l t̪ ɛ ɾ n̪ o
altimetria	ʔ ɐ l t̪ ɪ m ɛ t̪ ɾ iː j ɐ
altimetriya	ʔ ɐ l t̪ ɪ m ɛ t̪ ɾ iː j ɐ
altimetro	ʔ ɐ l t̪ iː m ɛ t̪ ɾ o
altimetro	ʔ ɐ l t̪ ɪ m ɛː t̪ ɾ o
altimetrya	ʔ ɐ l t̪ ɪ m ɛ t̪ ɾ j ɐ
altisimo	ʔ ɐ l t̪ iː s ɪ m o
altitud	ʔ ɐ l t̪ ɪ t̪ ʊ d̪̚
alto	ʔ a l t̪ o
altruismo	ʔ ɐ l t̪ ɾ w i s m o
altruista	ʔ ɐ l t̪ ɾ w i s t̪ ɐ
altruwismo	ʔ ɐ l t̪ ɾ w i s m o
altruwista	ʔ ɐ l t̪ ɾ w i s t̪ ɐ
altura	ʔ ɐ l t̪ uː ɾ ɐ
alubo	ʔ ɐ l uː b o
alubyon	ʔ ɐ l ʊ b j o n̪
alugin	ʔ ɐ l ʊ ɣ ɪ n̪
aluhipan	ʔ ɐ l ʊ h iː p ɐ n̪
aluktiya	ʔ ɐ l ʊ k t̪ iː j ɐ ʔ
alulod	ʔ ɐ l ʊ l o d̪̚
alulong	ʔ ɐ l ʊ l o ŋ
alumahan	ʔ ɐ l ʊ m aː h ɐ n̪
alumanis	ʔ ɐ l ʊ m ɐ n̪ ɪ s
alumbiberas	ʔ ɐ l ʊ m b ɪ b ɛː ɾ ɐ s
alumbrado	ʔ ɐ l ʊ m b ɾ aː d̪ o
alumbre	ʔ ɐ l u m b ɾ ɛ
alumina	ʔ ɐ l uː m ɪ n̪ a
aluminyo	ʔ ɐ l ʊ m i n̪ j o
aluminyo	ʔ ɐ l ʊ m iː ɲ o
alumna	ʔ ɐ l u m n̪ ɐ
alumnay	ʔ ɐ l u m n̪ a ɪ̯
alumno	ʔ ɐ l u m n̪ o
alumpihit	ʔ ɐ l ʊ m p ɪ h ɪ t̪̚
alunan	ʔ ɐ l uː n̪ ɐ n̪
alunig	ʔ ɐ l uː n̪ ɪ ɡ̚
alunya	ʔ aː l ʊ n ɲ a ʔ
alunya	ʔ aː l ʊ n̪ j a ʔ
alupag	ʔ ɐ l uː p ɐ ɡ̚
alupag	ʔ ɐ l ʊ p a ɡ̚
alupakaya	ʔ ɐ l ʊ p ɐ x aː j ɐ ʔ
alupihan	ʔ ɐ l ʊ p iː h ɐ n̪
alusema	ʔ ɐ l ʊ s ɛː m ɐ
alusinasyon	ʔ ɐ l ʊ s ɪ n̪ ɐ s j o n̪
alusinasyon	ʔ ɐ l ʊ s ɪ n̪ ɐ ʃ o n̪
alusinosis	ʔ ɐ l ʊ s ɪ n̪ oː s ɪ s
alusitha	ʔ ɐ l ʊ s ɪ t̪ h a ʔ
alusyon	ʔ ɐ l ʊ s j o n̪
alusyon	ʔ ɐ l ʊ ʃ o n̪
alwa	ʔ ɐ l w a
alwagi	ʔ ɐ l w aː ɣ ɪ
alyado	ʔ ɐ l j aː d̪ o
alyansa	ʔ ɐ l j a n̪ s ɐ
alyas	ʔ a l j ɐ s
alyas	ʔ ɐ l j a s
alyen	ʔ a l j ɛ n̪
alyenasyon	ʔ ɐ l j ɛ n̪ ɐ s j o n̪
alyenasyon	ʔ ɐ l j ɛ n̪ ɐ ʃ o n̪
alyenista	ʔ ɐ l j ɛ n̪ i s t̪ ɐ
am	ʔ a m
ama	ʔ aː m ɐ
ama	ʔ ɐ m a
ama	ʔ ɐ m a ʔ
amable	ʔ ɐ m aː b l ɛ
amag	ʔ aː m ɐ ɡ̚
amain	ʔ ɐ m ɐ ʔ ɪ n̪
amak	ʔ aː m ɐ k̚
amak	ʔ ɐ m a k̚
amalgama	ʔ ɐ m ɐ l ɡ aː m ɐ
amalgamasyon	ʔ ɐ m ɐ l ɡ ɐ m ɐ s j o n̪
amalgamasyon	ʔ ɐ m ɐ l ɡ ɐ m ɐ ʃ o n̪
amam	ʔ aː m ɐ m
amama	ʔ ɐ m aː m ɐ
amang	ʔ ɐ m a ŋ
amanos	ʔ ɐ m aː n̪ o s
amante	ʔ ɐ m a n̪ t̪ ɛ
amanwensis	ʔ ɐ m ɐ n̪ w ɛ n̪ s ɪ s
amapola	ʔ ɐ m ɐ p oː l ɐ
amaranto	ʔ ɐ m ɐ ɾ a n̪ t̪ o
amargado	ʔ ɐ m ɐ ɾ ɡ aː d̪ o
amargo	ʔ ɐ m a ɾ ɡ o
amargon	ʔ ɐ m ɐ ɾ ɡ o n̪
amargoso	ʔ ɐ m ɐ ɾ ɡ oː s o
amarilyo	ʔ ɐ m ɐ ɾ i l j o
amas	ʔ ɐ m a s
amasona	ʔ ɐ m ɐ s oː n̪ ɐ
amatista	ʔ ɐ m ɐ t̪ i s t̪ ɐ
amatoryo	ʔ ɐ m ɐ t̪ o ɾ j o
amats	ʔ aː m ɐ t̪ s
amatyur	ʔ aː m ɐ t t͡ʃ ʊ ɾ
amatyur	ʔ aː m ɐ t̪ j ʊ ɾ
amatyurismo	ʔ ɐ m ɐ t t͡ʃ ʊ ɾ i s m o
amatyurismo	ʔ ɐ m ɐ t̪ j ʊ ɾ i s m o
amatz	ʔ aː m ɐ t̪ s
amba	ʔ ɐ m b a
amba	ʔ ɐ m b a ʔ
ambaba	ʔ ɐ m b aː b ɐ ʔ
ambabaw	ʔ ɐ m b aː b a ʊ̯
ambaboy	ʔ ɐ m b aː b o ɪ̯
ambag	ʔ ɐ m b a ɡ̚
ambagal	ʔ ɐ m b aː ɣ ɐ l
ambaho	ʔ ɐ m b aː h o ʔ
ambait	ʔ ɐ m b ɐ ʔ ɪ t̪̚
ambal	ʔ a m b ɐ l
ambangis	ʔ ɐ m b ɐ ŋ ɪ s
ambango	ʔ ɐ m b ɐ ŋ o
ambar	ʔ ɐ m b a ɾ
ambargris	ʔ a m b ɐ ɾ ɡ ɾ ɪ s
ambarina	ʔ ɐ m b ɐ ɾ iː n̪ ɐ
ambasador	ʔ ɐ m b aː s ɐ d̪ o ɾ
ambi	ʔ ɐ m b ɪ ʔ
ambibalensiya	ʔ ɐ m b ɪ b ɐ l ɛ n̪ s j ɐ
ambibalensiya	ʔ ɐ m b ɪ b ɐ l ɛ n̪ ʃ ɐ
ambibalensya	ʔ ɐ m b ɪ b ɐ l ɛ n̪ s j ɐ
ambibalensya	ʔ ɐ m b ɪ b ɐ l ɛ n̪ ʃ ɐ
ambigat	ʔ ɐ m b ɪ ɣ a t̪̚
ambigwedad	ʔ ɐ m b ɪ ɡ w ɛ d̪ a d̪̚
ambigwidad	ʔ ɐ m b ɪ ɡ w ɪ d̪ a d̪̚
ambigwo	ʔ ɐ m b i ɡ w o
ambilis	ʔ ɐ m b ɪ l ɪ s
ambisiyon	ʔ ɐ m b ɪ s j o n̪
ambisiyon	ʔ ɐ m b ɪ ʃ o n̪
ambisyon	ʔ ɐ m b ɪ s j o n̪
ambisyon	ʔ ɐ m b ɪ ʃ o n̪
ambisyosa	ʔ ɐ m b ɪ s j oː s ɐ
ambisyosa	ʔ ɐ m b ɪ ʃ oː s ɐ
ambisyoso	ʔ ɐ m b ɪ s j oː s o
ambisyoso	ʔ ɐ m b ɪ ʃ oː s o
ambito	ʔ a m b ɪ t̪ o
ambobo	ʔ ɐ m b oː b o
ambon	ʔ ɐ m b o n̪
ambos	ʔ a m b o s
ambos	ʔ ɐ m b o s
ambrosiya	ʔ ɐ m b ɾ oː s j ɐ
ambrosiya	ʔ ɐ m b ɾ oː ʃ ɐ
ambrosya	ʔ ɐ m b ɾ o s j ɐ
ambrosya	ʔ ɐ m b ɾ oː ʃ ɐ
ambubuyog	ʔ ɐ m b ʊ b uː j o ɡ̚
ambulansiya	ʔ ɐ m b ʊ l a n̪ s j ɐ
ambulansiya	ʔ ɐ m b ʊ l a n̪ ʃ ɐ
ambulansya	ʔ ɐ m b ʊ l a n̪ s j ɐ
ambulansya	ʔ ɐ m b ʊ l a n̪ ʃ ɐ
ambulante	ʔ ɐ m b ʊ l a n̪ t̪ ɛ
amburara	ʔ ɐ m b ʊ ɾ ɐ ɾ a ʔ
ambus	ʔ a m b ʊ s
ambuwang	ʔ ɐ m b w a ŋ
ambwang	ʔ ɐ m b w a ŋ
ameba	ʔ ɐ m ɛː b ɐ
amen	ʔ aː m ɛ n̪
amen	ʔ ɐ m ɛ n̪
amenorea	ʔ ɐ m ɛ n̪ o ɾ ɛː j ɐ
amerikana	ʔ ɐ m ɛ ɾ ɪ x aː n̪ ɐ
amerikanahin	ʔ ɐ m ɛ ɾ ɪ x ɐ n̪ aː h ɪ n̪
ametista	ʔ ɐ m ɛ t̪ i s t̪ ɐ
ametralya	ʔ ɐ m ɛ t̪ ɾ ɐ l j a
ametralyadora	ʔ ɐ m ɛ t̪ ɾ ɐ l j ɐ d̪ oː ɾ ɐ
ametralyahin	ʔ ɐ m ɛ t̪ ɾ ɐ l j ɐ h ɪ n̪
amiba	ʔ ɐ m iː b ɐ
amibika	ʔ ɐ m iː b ɪ x a
amida	ʔ ɐ m iː d̪ ɐ
amidina	ʔ ɐ m ɪ d̪ iː n̪ ɐ
amiga	ʔ ɐ m iː ɣ ɐ
amigita	ʔ ɐ m ɪ ɣ iː t̪ ɐ
amigito	ʔ ɐ m ɪ ɣ iː t̪ o
amigo	ʔ ɐ m iː ɣ o
amigos	ʔ ɐ m iː ɣ o s
amihan	ʔ ɐ m iː h ɐ n̪
amil	ʔ aː m ɪ l
amil	ʔ ɐ m ɪ l
amilyar	ʔ ɐ m ɪ l j a ɾ
amilyaramiyento	ʔ ɐ m ɪ l j ɐ ɾ ɐ m j ɛ n̪ t̪ o
amilyaramyento	ʔ ɐ m ɪ l j ɐ ɾ ɐ m j ɛ n̪ t̪ o
amin	ʔ aː m ɛ n̪
amin	ʔ aː m ɪ n̪
amin	ʔ ɐ m ɪ n̪
amina	ʔ aː m ɪ n̪ a
aminado	ʔ ɐ m ɪ n̪ aː d̪ o
aminin	ʔ ɐ m iː n̪ ɪ n̪
amirol	ʔ ɐ m ɪ ɾ o l
amis	ʔ aː m ɪ s
amis	ʔ ɐ m ɪ s
amistad	ʔ ɐ m ɪ s t̪ a d̪̚
amistoso	ʔ ɐ m ɪ s t̪ oː s o
amito	ʔ ɐ m iː t̪ o
amnestiya	ʔ ɐ m n̪ ɛ s t̪ iː j ɐ
amnesya	ʔ ɐ m n̪ ɛ s j ɐ
amnesya	ʔ ɐ m n̪ ɛː ʃ ɐ
amnistiya	ʔ ɐ m n̪ ɪ s t̪ iː j ɐ
amnistiya	ʔ ɐ m n̪ ɪ s t̪ j a
amnistiya	ʔ ɐ m n̪ ɪ s t͡ʃ a
amnistya	ʔ ɐ m n̪ ɪ s t̪ j a
amnistya	ʔ ɐ m n̪ ɪ s t͡ʃ a
amniyos	ʔ ɐ m n̪ iː j o s
amniyos	ʔ ɐ m n̪ j o s
amniyos	ʔ ɐ m ɲ o s
amniyotiko	ʔ ɐ m n̪ j oː t̪ ɪ x o
amniyotiko	ʔ ɐ m ɲ oː t̪ ɪ x o
amnyos	ʔ a m n̪ j o s
amnyos	ʔ a m ɲ o s
amnyos	ʔ ɐ m n̪ j o s
amnyos	ʔ ɐ m ɲ o s
amnyotiko	ʔ ɐ m n̪ j oː t̪ ɪ x o
amnyotiko	ʔ ɐ m ɲ oː t̪ ɪ x o
amo	ʔ aː m o
amo	ʔ aː m o ʔ
amo	ʔ ɐ m o ʔ
amogis	ʔ ɐ m oː ɣ ɪ s
amol	ʔ aː m o l
amonesta	ʔ ɐ m o n̪ ɛ s t̪ a
amonestasyon	ʔ ɐ m o n̪ ɛ s t̪ ɐ s j o n̪
amonestasyon	ʔ ɐ m o n̪ ɛ s t̪ ɐ ʃ o n̪
among	ʔ aː m o ŋ
amoniko	ʔ ɐ m oː n̪ ɪ x o
amonya	ʔ ɐ m o n̪ j ɐ
amonya	ʔ ɐ m oː ɲ ɐ
amonyakal	ʔ ɐ m o n ɲ ɐ x a l
amonyakal	ʔ ɐ m o n̪ j ɐ x a l
amonyako	ʔ ɐ m o n ɲ aː x o
amonyako	ʔ ɐ m o n̪ j aː x o
amonyo	ʔ ɐ m o n̪ j o
amonyo	ʔ ɐ m oː ɲ o
amor	ʔ ɐ m o ɾ
amoral	ʔ ɐ m o ɾ a l
amoralidad	ʔ ɐ m o ɾ ɐ l ɪ d̪ a d̪̚
amoralismo	ʔ ɐ m o ɾ ɐ l i s m o
amores	ʔ ɐ m oː ɾ ɛ s
amorios	ʔ ɐ m o ɾ iː j o s
amoritis	ʔ ɐ m o ɾ iː t̪ ɪ s
amoriyos	ʔ ɐ m o ɾ iː j o s
amorosa	ʔ ɐ m o ɾ oː s ɐ
amoroso	ʔ ɐ m o ɾ oː s o
amorpo	ʔ ɐ m o ɾ p o
amorseko	ʔ ɐ m o ɾ s ɛː x o
amorsiko	ʔ ɐ m o ɾ s iː x o
amortisasyon	ʔ ɐ m o ɾ t̪ ɪ s ɐ s j o n̪
amortisasyon	ʔ ɐ m o ɾ t̪ ɪ s ɐ ʃ o n̪
amos	ʔ aː m o s
amot	ʔ aː m o t̪̚
amoy	ʔ ɐ m o ɪ̯
amp	ʔ a m p
ampait	ʔ ɐ m p ɐ ʔ ɪ t̪̚
ampalaya	ʔ ɐ m p ɐ l ɐ j a
ampang	ʔ ɐ m p a ŋ
ampanget	ʔ ɐ m p aː ŋ ɛ t̪̚
ampanghi	ʔ ɐ m p ɐ ŋ h ɪ
ampangit	ʔ ɐ m p aː ŋ ɪ t̪̚
amparo	ʔ ɐ m p aː ɾ o
ampaw	ʔ a m p a ʊ̯
ampaw	ʔ ɐ m p a ʊ̯
ampay	ʔ ɐ m p a ɪ̯
ampayat	ʔ ɐ m p ɐ j a t̪̚
ampayer	ʔ ɐ m p aː j ɛ ɾ
ampayr	ʔ a m p a ɪ̯ ɾ
ampayr	ʔ ɐ m p a ɪ̯ ɾ
amper	ʔ a m p ɛ ɾ
amperahe	ʔ ɐ m p ɛ ɾ aː h ɛ
amperimetro	ʔ ɐ m p ɛ ɾ iː m ɛ t̪ ɾ o
amperimetro	ʔ ɐ m p ɛ ɾ ɪ m ɛː t̪ ɾ o
amperyo	ʔ ɐ m p ɛ ɾ j o
ampias	ʔ ɐ m p iː ʔ ɐ s
ampibiyan	ʔ ɐ m p iː b j ɐ n̪
ampibyan	ʔ ɐ m p i b j ɐ n̪
ampibyo	ʔ ɐ m p i b j o
ampigulo	ʔ ɐ m p ɪ ɣ ʊ l o ʔ
ampiteatro	ʔ ɐ m p ɪ t̪ ɛ j aː t̪ ɾ o
ampiteyatro	ʔ ɐ m p ɪ t̪ ɛ j aː t̪ ɾ o
ampitiyatro	ʔ ɐ m p ɪ t̪ j aː t̪ ɾ o
ampitiyatro	ʔ ɐ m p ɪ t͡ʃ aː t̪ ɾ o
ampiyas	ʔ ɐ m p iː j ɐ s
ampiyas	ʔ ɐ m p j a s
ampiyon	ʔ ɐ m p j o n̪
amplia	ʔ ɐ m p l j a
ampliador	ʔ ɐ m p l j ɐ d̪ o ɾ
ampliasyon	ʔ ɐ m p l j ɐ s j o n̪
ampliasyon	ʔ ɐ m p l j ɐ ʃ o n̪
amplipair	ʔ ɐ m p l ɪ p a ɪ̯ ɾ
amplipayer	ʔ ɐ m p l ɪ p aː j ɛ ɾ
amplipayr	ʔ ɐ m p l ɪ p a ɪ̯ ɾ
amplipika	ʔ ɐ m p l ɪ p ɪ x a
amplipikador	ʔ ɐ m p l ɪ p ɪ x ɐ d̪ o ɾ
amplipikasiyon	ʔ ɐ m p l ɪ p ɪ x ɐ s j o n̪
amplipikasiyon	ʔ ɐ m p l ɪ p ɪ x ɐ ʃ o n̪
amplipikasyon	ʔ ɐ m p l ɪ p ɪ x ɐ s j o n̪
amplipikasyon	ʔ ɐ m p l ɪ p ɪ x ɐ ʃ o n̪
amplitud	ʔ ɐ m p l ɪ t̪ ʊ d̪̚
ampliya	ʔ ɐ m p l j a
ampliyador	ʔ ɐ m p l j ɐ d̪ o ɾ
ampliyasyon	ʔ ɐ m p l j ɐ s j o n̪
ampliyasyon	ʔ ɐ m p l j ɐ ʃ o n̪
ampogi	ʔ ɐ m p oː ɣ ɪ ʔ
ampolya	ʔ ɐ m p o l j ɐ
ampolyas	ʔ ɐ m p o l j ɐ s
ampolyitas	ʔ ɐ m p o l j iː t̪ ɐ s
ampon	ʔ ɐ m p o n̪
ampota	ʔ ɐ m p oː t̪ ɐ
ampun	ʔ ɐ m p ʊ n̪
ampunan	ʔ ɐ m p uː n̪ ɐ n̪
ampunan	ʔ ɐ m p ʊ n̪ a n̪
amputa	ʔ ɐ m p uː t̪ ɐ
amputa	ʔ ɐ m p ʊ t̪ a
amputasiyon	ʔ ɐ m p ʊ t̪ ɐ s j o n̪
amputasiyon	ʔ ɐ m p ʊ t̪ ɐ ʃ o n̪
amputasyon	ʔ ɐ m p ʊ t̪ ɐ s j o n̪
amputasyon	ʔ ɐ m p ʊ t̪ ɐ ʃ o n̪
amputi	ʔ ɐ m p ʊ t̪ ɪ ʔ
amputla	ʔ ɐ m p ʊ t̪ l̪ a ʔ
amugis	ʔ ɐ m uː ɣ ɪ s
amuleto	ʔ ɐ m ʊ l ɛː t̪ o
amunisyon	ʔ ɐ m ʊ n̪ ɪ s j o n̪
amunisyon	ʔ ɐ m ʊ n̪ ɪ ʃ o n̪
amusal	ʔ ɐ m ʊ s a l
amusalan	ʔ ɐ m ʊ s aː l ɐ n̪
amusalin	ʔ ɐ m ʊ s ɐ l ɪ n̪
amuyong	ʔ ɐ m uː j o ŋ
amuyong	ʔ ɐ m ʊ j o ŋ
amyenda	ʔ ɐ m j ɛ n̪ d̪ ɐ
amyendahan	ʔ ɐ m j ɛ n̪ d̪ ɐ h a n̪
amyunisyon	ʔ ɐ m j ʊ n̪ ɪ s j o n̪
amyunisyon	ʔ ɐ m j ʊ n̪ ɪ ʃ o n̪
anabolismo	ʔ ɐ n̪ ɐ b o l i s m o
anagram	ʔ aː n̪ ɐ ɡ ɾ a m
anagrama	ʔ ɐ n̪ ɐ ɡ ɾ aː m ɐ
anahaw	ʔ ɐ n̪ aː h a ʊ̯
anak	ʔ aː n̪ ɐ k̚
anak	ʔ ɐ n̪ a k̚
anaki	ʔ ɐ n̪ aː x ɪ
anaki	ʔ ɐ n̪ aː x ɪ ʔ
anaklang	ʔ ɐ n̪ ɐ k l a ŋ
anakonda	ʔ ɐ n̪ ɐ x o n̪ d̪ ɐ
anakoreta	ʔ ɐ n̪ ɐ x o ɾ ɛː t̪ ɐ
anakpawis	ʔ ɐ n̪ ɐ k p aː w ɪ s
anakroniko	ʔ ɐ n̪ ɐ k ɾ oː n̪ ɪ x o
anakronismo	ʔ ɐ n̪ ɐ k ɾ o n̪ i s m o
analektas	ʔ ɐ n̪ ɐ l ɛ k t̪ ɐ s
anales	ʔ ɐ n̪ aː l ɛ s
analhesiko	ʔ ɐ n̪ ɐ l h ɛː s ɪ x o
analhesya	ʔ ɐ n̪ ɐ l h ɛ s j ɐ
analhesya	ʔ ɐ n̪ ɐ l h ɛː ʃ ɐ
analisa	ʔ ɐ n̪ ɐ l ɪ s a
analisable	ʔ ɐ n̪ ɐ l ɪ s aː b l ɛ
analisador	ʔ ɐ n̪ ɐ l ɪ s ɐ d̪ o ɾ
analisis	ʔ ɐ n̪ aː l ɪ s ɪ s
analista	ʔ ɐ n̪ ɐ l i s t̪ ɐ
analitika	ʔ ɐ n̪ ɐ l iː t̪ ɪ x a
analitiko	ʔ ɐ n̪ ɐ l iː t̪ ɪ x o
analogo	ʔ ɐ n̪ aː l o ɣ o
analohia	ʔ ɐ n̪ ɐ l o h iː j ɐ
analohiko	ʔ ɐ n̪ ɐ l oː h ɪ x o
analohiya	ʔ ɐ n̪ ɐ l o h iː j ɐ
analohiya	ʔ ɐ n̪ ɐ l o h j a
analohya	ʔ ɐ n̪ ɐ l oː h j ɐ
analpabetismo	ʔ ɐ n̪ ɐ l p ɐ b ɛ t̪ i s m o
analpabeto	ʔ ɐ n̪ ɐ l p ɐ b ɛː t̪ o
anaman	ʔ ɐ n̪ ɐ m a n̪
anan	ʔ ɐ n̪ a n̪
ananapla	ʔ ɐ n̪ ɐ n̪ ɐ p l a
anang	ʔ ɐ n̪ a ŋ
anapesto	ʔ ɐ n̪ ɐ p ɛ s t̪ o
anaranghada	ʔ ɐ n̪ ɐ ɾ ɐ ŋ h aː d̪ ɐ
anarkiko	ʔ ɐ n̪ a ɾ k ɪ x o
anarkismo	ʔ ɐ n̪ ɐ ɾ k i s m o
anarkista	ʔ ɐ n̪ ɐ ɾ k i s t̪ ɐ
anarkiya	ʔ ɐ n̪ ɐ ɾ k iː j ɐ
anarkiya	ʔ ɐ n̪ ɐ ɾ k j a
anarkya	ʔ ɐ n̪ ɐ ɾ k j a
anas	ʔ ɐ n̪ a s
anasan	ʔ aː n̪ aː s ɐ n̪
anastasya	ʔ ɐ n̪ ɐ s t̪ a s j ɐ
anastasya	ʔ ɐ n̪ ɐ s t̪ aː ʃ ɐ
anatema	ʔ ɐ n̪ ɐ t̪ ɛː m ɐ
anatomia	ʔ ɐ n̪ ɐ t̪ o m iː j ɐ
anatomista	ʔ ɐ n̪ ɐ t̪ o m i s t̪ ɐ
anatomiya	ʔ ɐ n̪ ɐ t̪ o m iː j ɐ
anatomiya	ʔ ɐ n̪ ɐ t̪ o m j a
anatomya	ʔ ɐ n̪ ɐ t̪ o m j a
anawnser	ʔ ɐ n̪ a ʊ̯ n̪ s ɛ ɾ
anawnsment	ʔ ɐ n̪ a ʊ̯ n̪ s m ɛ n̪ t̪
anay	ʔ aː n̪ a ɪ̯
anayad	ʔ ɐ n̪ aː j ɐ d̪̚
anayin	ʔ ɐ n̪ aː j ɪ n̪
anayo	ʔ ɐ n̪ aː j o
anayo	ʔ ɐ n̪ aː j o ʔ
ancha	ʔ ɐ n̪ t͡s a
ancha	ʔ ɐ n̪ t͡ʃ a
anchaka	ʔ ɐ n̪ t͡s aː x ɐ
anchaka	ʔ ɐ n̪ t͡ʃ aː x ɐ
anda	ʔ a n̪ d̪ ɐ
andaderas	ʔ ɐ n̪ d̪ ɐ d̪ ɛː ɾ ɐ s
andador	ʔ ɐ n̪ d̪ ɐ d̪ o ɾ
andal	ʔ ɐ n̪ d̪ a l
andaldal	ʔ ɐ n̪ d̪ ɐ l d̪ a l
andali	ʔ ɐ n̪ d̪ ɐ l ɪ ʔ
andam	ʔ ɐ n̪ d̪ a m
andami	ʔ ɐ n̪ d̪ aː m ɪ
andamot	ʔ ɐ n̪ d̪ aː m o t̪̚
andamyo	ʔ ɐ n̪ d̪ a m j o
andana	ʔ ɐ n̪ d̪ aː n̪ ɐ
andante	ʔ ɐ n̪ d̪ a n̪ t̪ ɛ
andantino	ʔ ɐ n̪ d̪ ɐ n̪ t̪ iː n̪ o
andap	ʔ ɐ n̪ d̪ a p̚
andar	ʔ ɐ n̪ d̪ a ɾ
andas	ʔ ɐ n̪ d̪ a s
andaya	ʔ ɐ n̪ d̪ aː j ɐ ʔ
anden	ʔ ɐ n̪ d̪ ɛ n̪
ander	ʔ a n̪ d̪ ɛ ɾ
anderpas	ʔ a n̪ d̪ ɛ ɾ p a s
andilim	ʔ ɐ n̪ d̪ ɪ l ɪ m
anduka	ʔ ɐ n̪ d̪ ʊ x a ʔ
andukha	ʔ ɐ n̪ d̪ ʊ k h a ʔ
andulyo	ʔ ɐ n̪ d̪ ʊ l j o
andumi	ʔ ɐ n̪ d̪ ʊ m ɪ
ane	ʔ ɐ n̪ ɛ
anek	ʔ ɐ n̪ ɛ k̚
anekdota	ʔ ɐ n̪ ɛ k d̪ o t̪ a
anekdota	ʔ ɐ n̪ ɛ k d̪ oː t̪ ɐ
anekdotista	ʔ ɐ n̪ ɛ k d̪ o t̪ i s t̪ ɐ
aneks	ʔ aː n̪ ɛ k s
aneks	ʔ ɐ n̪ ɛ k s
aneksa	ʔ ɐ n̪ ɛ k s a
aneksado	ʔ ɐ n̪ ɛ k s aː d̪ o
aneksasyon	ʔ ɐ n̪ ɛ k s ɐ s j o n̪
aneksasyon	ʔ ɐ n̪ ɛ k s ɐ ʃ o n̪
aneksiyon	ʔ ɐ n̪ ɛ k s j o n̪
aneksiyon	ʔ ɐ n̪ ɛ k ʃ o n̪
aneksiyonismo	ʔ ɐ n̪ ɛ k s j o n̪ i s m o
aneksiyonismo	ʔ ɐ n̪ ɛ k ʃ o n̪ i s m o
aneksiyonista	ʔ ɐ n̪ ɛ k s j o n̪ i s t̪ ɐ
aneksiyonista	ʔ ɐ n̪ ɛ k ʃ o n̪ i s t̪ ɐ
anekso	ʔ ɐ n̪ ɛ k s o
aneksyon	ʔ ɐ n̪ ɛ k s j o n̪
aneksyon	ʔ ɐ n̪ ɛ k ʃ o n̪
aneksyonismo	ʔ ɐ n̪ ɛ k s j o n̪ i s m o
aneksyonismo	ʔ ɐ n̪ ɛ k ʃ o n̪ i s m o
aneksyonista	ʔ ɐ n̪ ɛ k s j o n̪ i s t̪ ɐ
aneksyonista	ʔ ɐ n̪ ɛ k ʃ o n̪ i s t̪ ɐ
anemik	ʔ ɐ n̪ ɛː m ɪ k̚
anemika	ʔ ɐ n̪ ɛː m ɪ x a
anemiko	ʔ ɐ n̪ ɛː m ɪ x o
anemometro	ʔ ɐ n̪ ɛ m o m ɛː t̪ ɾ o
anemometro	ʔ ɐ n̪ ɛ m oː m ɛ t̪ ɾ o
anemona	ʔ ɐ n̪ ɛː m o n̪ a
anemya	ʔ ɐ n̪ ɛ m j a
anemya	ʔ ɐ n̪ ɛ m j ɐ
aneroyde	ʔ ɐ n̪ ɛ ɾ o ɪ̯ d̪ ɛ
anestesiko	ʔ ɐ n̪ ɛ s t̪ ɛː s ɪ x o
anestesista	ʔ ɐ n̪ ɛ s t̪ ɛ s i s t̪ ɐ
anestesiya	ʔ ɐ n̪ ɛ s t̪ ɛː s j ɐ
anestesiya	ʔ ɐ n̪ ɛ s t̪ ɛː ʃ ɐ
anestesiyologo	ʔ ɐ n̪ ɛ s t̪ ɛ s j oː l o ɣ o
anestesiyologo	ʔ ɐ n̪ ɛ s t̪ ɛ ʃ oː l o ɣ o
anestesiyolohiya	ʔ ɐ n̪ ɛ s t̪ ɛ s j o l o h iː j ɐ
anestesiyolohiya	ʔ ɐ n̪ ɛ s t̪ ɛ ʃ o l o h iː j ɐ
anestesya	ʔ ɐ n̪ ɛ s t̪ ɛ s j ɐ
anestesya	ʔ ɐ n̪ ɛ s t̪ ɛː ʃ ɐ
anestesyahan	ʔ ɐ n̪ ɛ s t̪ ɛ s j ɐ h a n̪
anestesyahan	ʔ ɐ n̪ ɛ s t̪ ɛː ʃ ɐ h a n̪
anestesyologo	ʔ ɐ n̪ ɛ s t̪ ɛ s j oː l o ɣ o
anestesyologo	ʔ ɐ n̪ ɛ s t̪ ɛ ʃ oː l o ɣ o
anestesyolohiya	ʔ ɐ n̪ ɛ s t̪ ɛ s j o l o h iː j ɐ
anestesyolohiya	ʔ ɐ n̪ ɛ s t̪ ɛ ʃ o l o h iː j ɐ
anestetik	ʔ ɐ n̪ ɛ s t̪ ɛː t̪ ɪ k̚
anestetiko	ʔ ɐ n̪ ɛ s t̪ ɛː t̪ ɪ x o
anestetista	ʔ ɐ n̪ ɛ s t̪ ɛ t̪ i s t̪ ɐ
anestisa	ʔ ɐ n̪ ɛ s t̪ ɪ s a
anestisahan	ʔ ɐ n̪ ɛ s t̪ ɪ s ɐ h a n̪
anestisya	ʔ ɐ n̪ ɛ s t̪ i s j ɐ
anestisya	ʔ ɐ n̪ ɛ s t̪ iː ʃ ɐ
aneurisma	ʔ ɐ n̪ e ʊ̯ ɾ i s m ɐ
aneurisma	ʔ ɐ n̪ j ʊ ɾ i s m ɐ
aneurisma	ʔ ɐ ɲ ʊ ɾ i s m ɐ
aneurya	ʔ ɐ n̪ e ʊ̯ ɾ j ɐ
aneurya	ʔ ɐ n̪ j u ɾ j ɐ
aneurya	ʔ ɐ ɲ u ɾ j ɐ
ang	ʔ ɐ ŋ
anga	ʔ ɐ ŋ a
anga	ʔ ɐ ŋ a ʔ
angal	ʔ aː ŋ ɐ l
angal	ʔ ɐ ŋ a l
angarilia	ʔ ɐ ŋ ɡ ɐ ɾ ɪ l j a
angas	ʔ aː ŋ ɐ s
angas	ʔ ɐ ŋ a s
angat	ʔ ɐ ŋ a t̪̚
angaw	ʔ aː ŋ a ʊ̯
angaw	ʔ ɐ ŋ a ʊ̯
anggarilya	ʔ ɐ ŋ ɡ ɐ ɾ i l j ɐ
anggarilya	ʔ ɐ ŋ ɡ ɐ ɾ ɪ l j a
anggarilyas	ʔ ɐ ŋ ɡ ɐ ɾ i l j ɐ s
anggi	ʔ ɐ ŋ ɡ ɪ
anggo	ʔ ɐ ŋ ɡ o
anggulado	ʔ ɐ ŋ ɡ ʊ l aː d̪ o
anggular	ʔ ɐ ŋ ɡ ʊ l a ɾ
anggulo	ʔ a ŋ ɡ ʊ l o
anghang	ʔ ɐ ŋ h a ŋ
anghel	ʔ a ŋ h ɛ l
anghel	ʔ ɐ ŋ h ɛ l
anghelika	ʔ ɐ ŋ h ɛː l ɪ x a
anghelikal	ʔ ɐ ŋ h ɛ l ɪ x a l
angheliko	ʔ ɐ ŋ h ɛː l ɪ x o
anghelina	ʔ ɐ ŋ h ɛ l iː n̪ ɐ
anghelita	ʔ ɐ ŋ h ɛ l iː t̪ ɐ
anghelito	ʔ ɐ ŋ h ɛ l iː t̪ o
anghelus	ʔ a ŋ h ɛ l ʊ s
anghengho	ʔ ɐ ŋ h ɛ ŋ h o
anghina	ʔ ɐ ŋ h iː n̪ ɐ
anghit	ʔ ɐ ŋ h ɪ t̪̚
angi	ʔ ɐ ŋ ɪ
angil	ʔ aː ŋ ɪ l
angis	ʔ ɐ ŋ ɪ s
angkak	ʔ ɐ ŋ k a k̚
angkan	ʔ ɐ ŋ k a n̪
angkanhay	ʔ ɐ ŋ k ɐ n̪ h a ɪ̯
angkas	ʔ ɐ ŋ k a s
angkat	ʔ ɐ ŋ k a t̪̚
angkin	ʔ ɐ ŋ k ɪ n̪
angkla	ʔ a ŋ k l ɐ
angkla	ʔ ɐ ŋ k l a
angkladero	ʔ ɐ ŋ k l ɐ d̪ ɛː ɾ o
angklahe	ʔ ɐ ŋ k l aː h ɛ
angkong	ʔ a ŋ k o ŋ
angkop	ʔ ɐ ŋ k o p̚
angkora	ʔ ɐ ŋ k oː ɾ ɐ
angkorahe	ʔ ɐ ŋ k o ɾ aː h ɛ
ango	ʔ ɐ ŋ o
angot	ʔ ɐ ŋ o t̪̚
angpao	ʔ a m p a ʊ̯
anhin	ʔ ɐ n̪ h ɪ n̪
ani	ʔ aː n̪ ɪ
ani	ʔ ɐ n̪ ɪ
anib	ʔ aː n̪ ɪ b̚
anibersaryo	ʔ ɐ n̪ ɪ b ɛ ɾ s a ɾ j o
anidrita	ʔ ɐ n̪ ɪ d̪ ɾ iː t̪ ɐ
anii	ʔ ɐ n̪ ɪ ʔ ɪ
anila	ʔ aː n̪ ɪ l a
anila	ʔ ɐ n̪ iː l ɐ
anilaw	ʔ ɐ n̪ iː l a ʊ̯
anilina	ʔ ɐ n̪ ɪ l iː n̪ ɐ
anilya	ʔ ɐ n̪ i l j ɐ
anilyado	ʔ ɐ n̪ ɪ l j aː d̪ o
anilyete	ʔ ɐ n̪ ɪ l j ɛː t̪ ɛ
anilyo	ʔ ɐ n̪ i l j o
anim	ʔ aː n̪ ɪ m
anima	ʔ aː n̪ ɪ m a
anima	ʔ ɐ n̪ ɪ m a
animadbersiyon	ʔ ɐ n̪ ɪ m ɐ d̪ b ɛ ɾ s j o n̪
animadbersiyon	ʔ ɐ n̪ ɪ m ɐ d̪ b ɛ ɾ ʃ o n̪
animadbersyon	ʔ ɐ n̪ ɪ m ɐ d̪ b ɛ ɾ s j o n̪
animadbersyon	ʔ ɐ n̪ ɪ m ɐ d̪ b ɛ ɾ ʃ o n̪
animado	ʔ ɐ n̪ ɪ m aː d̪ o
animador	ʔ ɐ n̪ ɪ m ɐ d̪ o ɾ
animahan	ʔ ɐ n̪ ɪ m ɐ h a n̪
animal	ʔ ɐ n̪ ɪ m a l
animas	ʔ aː n̪ ɪ m a s
animas	ʔ ɐ n̪ ɪ m a s
animasyon	ʔ ɐ n̪ ɪ m ɐ s j o n̪
animasyon	ʔ ɐ n̪ ɪ m ɐ ʃ o n̪
anime	ʔ aː n̪ ɪ m ɛ
animismo	ʔ ɐ n̪ ɪ m i s m o
animista	ʔ ɐ n̪ ɪ m i s t̪ ɐ
animnapu	ʔ aː n̪ ɪ m n̪ ɐ p ʊ ʔ
animnaraan	ʔ aː n̪ ɪ m n̪ ɐ ɾ aː ʔ ɐ n̪
animnaraan	ʔ aː n̪ ɪ m n̪ ɐ ɾ ɐ ʔ a n̪
animo	ʔ aː n̪ ɪ m o
animosidad	ʔ ɐ n̪ ɪ m o s ɪ d̪ a d̪̚
aninag	ʔ ɐ n̪ iː n̪ ɐ ɡ̚
aninaw	ʔ ɐ n̪ iː n̪ a ʊ̯
aninaw	ʔ ɐ n̪ ɪ n̪ a ʊ̯
anino	ʔ aː n̪ iː n̪ o
anino	ʔ ɐ n̪ iː n̪ o
anis	ʔ ɐ n̪ ɪ s
anisado	ʔ ɐ n̪ ɪ s aː d̪ o
anisan	ʔ ɐ n̪ ɪ s a n̪
anislag	ʔ ɐ n̪ i s l ɐ ɡ̚
anit	ʔ aː n̪ ɪ t̪̚
anit	ʔ ɐ n̪ ɪ t̪̚
anitera	ʔ ɐ n̪ ɪ t̪ ɛː ɾ ɐ
anitismo	ʔ ɐ n̪ ɪ t̪ i s m o
anito	ʔ aː n̪ ɪ t̪ o
anito	ʔ ɐ n̪ iː t̪ o
anitoismo	ʔ ɐ n̪ ɪ t̪ o w i s m o
anituismo	ʔ ɐ n̪ ɪ t̪ w i s m o
anituwismo	ʔ ɐ n̪ ɪ t̪ w i s m o
aniya	ʔ aː n̪ j ɐ
aniya	ʔ aː ɲ ɐ
ankla	ʔ a ŋ k l ɐ
anla	ʔ ɐ n̪ l a
anlabo	ʔ ɐ n̪ l aː b o ʔ
anlagkit	ʔ ɐ n̪ l ɐ ɡ k ɪ t̪̚
anlakas	ʔ ɐ n̪ l ɐ x a s
anlaki	ʔ ɐ n̪ l ɐ x ɪ
anlala	ʔ ɐ n̪ l ɐ l a ʔ
anlalim	ʔ ɐ n̪ l aː l ɪ m
anlambot	ʔ ɐ n̪ l ɐ m b o t̪̚
anlamig	ʔ ɐ n̪ l ɐ m ɪ ɡ̚
anlandi	ʔ ɐ n̪ l ɐ n̪ d̪ ɪ ʔ
anlapad	ʔ ɐ n̪ l aː p ɐ d̪̚
anlapit	ʔ ɐ n̪ l aː p ɪ t̪̚
anlapot	ʔ ɐ n̪ l aː p o t̪̚
anlaw	ʔ ɐ n̪ l a ʊ̯
anlawak	ʔ ɐ n̪ l aː w ɐ k̚
anlayo	ʔ ɐ n̪ l aː j o ʔ
anliit	ʔ ɐ n̪ l ɪ ʔ ɪ t̪̚
anlikot	ʔ ɐ n̪ l ɪ x o t̪̚
anlinis	ʔ ɐ n̪ l iː n̪ ɪ s
anlowage	ʔ ɐ n̪ l o w aː ɣ ɛ
anlungkot	ʔ ɐ n̪ l ʊ ŋ k o t̪̚
anlupet	ʔ ɐ n̪ l ʊ p ɛ t̪̚
anlupit	ʔ ɐ n̪ l ʊ p ɛ t̪̚
anlupit	ʔ ɐ n̪ l ʊ p ɪ t̪̚
anlutong	ʔ ɐ n̪ l ʊ t̪ o ŋ
anluwagi	ʔ ɐ n̪ l w aː ɣ ɪ
anmeron	ʔ ɐ n̪ m ɛː ɾ o n̪
ano	ʔ ɐ n̪ o
anod	ʔ aː n̪ o d̪̚
anodina	ʔ ɐ n̪ o d̪ ɪ n̪ a
anodinahan	ʔ ɐ n̪ o d̪ ɪ n̪ ɐ h a n̪
anodino	ʔ ɐ n̪ o d̪ iː n̪ o
anodinya	ʔ ɐ n̪ o d̪ i n̪ j ɐ
anodinya	ʔ ɐ n̪ o d̪ iː ɲ ɐ
anodo	ʔ aː n̪ o d̪ o
anomalia	ʔ ɐ n̪ o m ɐ l iː j ɐ
anomaliya	ʔ ɐ n̪ o m ɐ l iː j ɐ
anomaliya	ʔ ɐ n̪ o m ɐ l j a
anomalo	ʔ ɐ n̪ oː m ɐ l o
anomalya	ʔ ɐ n̪ o m ɐ l j a
anonang	ʔ ɐ n̪ oː n̪ ɐ ŋ
anonas	ʔ ɐ n̪ oː n̪ ɐ s
anonima	ʔ ɐ n̪ oː n̪ ɪ m a
anonimo	ʔ ɐ n̪ oː n̪ ɪ m o
anopeles	ʔ ɐ n̪ oː p ɛ l ɛ s
anor	ʔ aː n̪ o ɾ
anormal	ʔ ɐ n̪ o ɾ m a l
anormalidad	ʔ ɐ n̪ o ɾ m ɐ l ɪ d̪ a d̪̚
anos	ʔ aː n̪ o s
anos	ʔ ɐ n̪ o s
anot	ʔ ɐ n̪ o t̪̚
anota	ʔ ɐ n̪ o t̪ a
anotado	ʔ ɐ n̪ o t̪ aː d̪ o
anotador	ʔ ɐ n̪ o t̪ ɐ d̪ o ɾ
anotahan	ʔ ɐ n̪ o t̪ ɐ h a n̪
anotasiyon	ʔ ɐ n̪ o t̪ ɐ s j o n̪
anotasiyon	ʔ ɐ n̪ o t̪ ɐ ʃ o n̪
anotasyon	ʔ ɐ n̪ o t̪ ɐ s j o n̪
anotasyon	ʔ ɐ n̪ o t̪ ɐ ʃ o n̪
anowd	ʔ aː n̪ o ʊ̯ d̪
ansabe	ʔ ɐ n̪ s aː b ɛ
ansabi	ʔ ɐ n̪ s aː b ɪ
ansagwa	ʔ ɐ n̪ s ɐ ɡ w a ʔ
ansaket	ʔ ɐ n̪ s ɐ x ɛ t̪̚
ansakit	ʔ ɐ n̪ s ɐ x ɪ t̪̚
ansama	ʔ ɐ n̪ s ɐ m a ʔ
ansarap	ʔ ɐ n̪ s ɐ ɾ a p̚
ansaya	ʔ ɐ n̪ s ɐ j a
ansestro	ʔ ɐ n̪ s ɛ s t̪ ɾ o
ansikutera	ʔ ɐ n̪ s ɪ x ʊ t̪ ɛː ɾ ɐ
ansikutero	ʔ ɐ n̪ s ɪ x ʊ t̪ ɛː ɾ o
ansiles	ʔ ɐ n̪ s ɪ l ɛ s
ansilis	ʔ ɐ n̪ s ɪ l ɪ s
ansiyana	ʔ ɐ n̪ s j aː n̪ ɐ
ansiyana	ʔ ɐ n̪ ʃ aː n̪ ɐ
ansiyanidad	ʔ ɐ n̪ s j ɐ n̪ ɪ d̪ a d̪̚
ansiyanidad	ʔ ɐ n̪ ʃ ɐ n̪ ɪ d̪ a d̪̚
ansiyano	ʔ ɐ n̪ s j aː n̪ o
ansiyano	ʔ ɐ n̪ ʃ aː n̪ o
ansyana	ʔ ɐ n̪ s j aː n̪ ɐ
ansyana	ʔ ɐ n̪ ʃ aː n̪ ɐ
ansyanidad	ʔ ɐ n̪ s j ɐ n̪ ɪ d̪ a d̪̚
ansyanidad	ʔ ɐ n̪ ʃ ɐ n̪ ɪ d̪ a d̪̚
ansyano	ʔ ɐ n̪ s j aː n̪ o
ansyano	ʔ ɐ n̪ ʃ aː n̪ o
anta	ʔ a n̪ t̪ ɐ
anta	ʔ ɐ n̪ t̪ a
antaas	ʔ ɐ n̪ t̪ ɐ ʔ a s
antaba	ʔ ɐ n̪ t̪ ɐ b a ʔ
antabang	ʔ ɐ n̪ t̪ ɐ b a ŋ
antabay	ʔ ɐ n̪ t̪ aː b a ɪ̯
antagal	ʔ ɐ n̪ t̪ ɐ ɣ a l
antagoniko	ʔ ɐ n̪ t̪ ɐ ɣ oː n̪ ɪ x o
antagonismo	ʔ ɐ n̪ t̪ ɐ ɣ o n̪ i s m o
antagonista	ʔ ɐ n̪ t̪ ɐ ɣ o n̪ i s t̪ ɐ
antagonistiko	ʔ ɐ n̪ t̪ ɐ ɣ o n̪ i s t̪ ɪ x o
antahimik	ʔ ɐ n̪ t̪ ɐ h iː m ɪ k̚
antak	ʔ ɐ n̪ t̪ a k̚
antakaw	ʔ ɐ n̪ t̪ aː x a ʊ̯
antala	ʔ ɐ n̪ t̪ aː l ɐ
antala	ʔ ɐ n̪ t̪ aː l ɐ ʔ
antamad	ʔ ɐ n̪ t̪ ɐ m a d̪̚
antamis	ʔ ɐ n̪ t̪ ɐ m ɪ s
antanda	ʔ ɐ n̪ t̪ ɐ n̪ d̪ a ʔ
antanga	ʔ ɐ n̪ t̪ ɐ ŋ a
antangkad	ʔ ɐ n̪ t̪ ɐ ŋ k a d̪̚
antangos	ʔ ɐ n̪ t̪ aː ŋ o s
antapang	ʔ ɐ n̪ t̪ aː p ɐ ŋ
antaray	ʔ ɐ n̪ t̪ aː ɾ a ɪ̯
antas	ʔ ɐ n̪ t̪ a s
antasid	ʔ ɐ n̪ t̪ aː s ɪ d̪̚
antay	ʔ ɐ n̪ t̪ a ɪ̯
ante	ʔ a n̪ t̪ ɛ
antedilubyano	ʔ ɐ n̪ t̪ ɛ d̪ ɪ l ʊ b j aː n̪ o
antem	ʔ a n̪ t̪ ɛ m
antemano	ʔ ɐ n̪ t̪ ɛ m aː n̪ o
antemeridyan	ʔ ɐ n̪ t̪ ɛ m ɛ ɾ i d̪ j ɐ n̪
antemeridyan	ʔ ɐ n̪ t̪ ɛ m ɛ ɾ iː d͡ʒ ɐ n̪
antemeridyano	ʔ ɐ n̪ t̪ ɛ m ɛ ɾ ɪ d d͡ʒ aː n̪ o
antemeridyano	ʔ ɐ n̪ t̪ ɛ m ɛ ɾ ɪ d̪ j aː n̪ o
antena	ʔ ɐ n̪ t̪ ɛː n̪ ɐ
antenatal	ʔ ɐ n̪ t̪ ɛ n̪ ɐ t̪ a l
antenupsiyal	ʔ ɐ n̪ t̪ ɛ n̪ ʊ p s j a l
antenupsiyal	ʔ ɐ n̪ t̪ ɛ n̪ ʊ p ʃ a l
antenupsyal	ʔ ɐ n̪ t̪ ɛ n̪ ʊ p s j a l
antenupsyal	ʔ ɐ n̪ t̪ ɛ n̪ ʊ p ʃ a l
anteohos	ʔ ɐ n̪ t̪ ɛ j oː h o s
antepasado	ʔ ɐ n̪ t̪ ɛ p ɐ s aː d̪ o
antepenultima	ʔ ɐ n̪ t̪ ɛ p ɛ n̪ u l t̪ ɪ m a
anteryoridad	ʔ ɐ n̪ t̪ ɛ ɾ j o ɾ ɪ d̪ a d̪̚
antes	ʔ a n̪ t̪ ɛ s
antesala	ʔ ɐ n̪ t̪ ɛ s aː l ɐ
antesedente	ʔ ɐ n̪ t̪ ɛ s ɛ d̪ ɛ n̪ t̪ ɛ
antesesor	ʔ ɐ n̪ t̪ ɛ s ɛ s o ɾ
anteyohos	ʔ ɐ n̪ t̪ ɛ j oː h o s
antialkoholiko	ʔ ɐ n̪ t̪ ɪ ʔ ɐ l k o h oː l ɪ x o
antibayotiko	ʔ ɐ n̪ t̪ ɪ b ɐ j oː t̪ ɪ x o
antibiyotiko	ʔ ɐ n̪ t̪ ɪ b j oː t̪ ɪ x o
antidisenteriko	ʔ ɐ n̪ t̪ ɪ d̪ ɪ s ɛ n̪ t̪ ɛː ɾ ɪ x o
antidot	ʔ a n̪ t̪ ɪ d̪ o t̪̚
antidoto	ʔ ɐ n̪ t̪ iː d̪ o t̪ o
antidoto	ʔ ɐ n̪ t̪ ɪ d̪ oː t̪ o
antidowt	ʔ a n̪ t̪ ɪ d̪ o ʊ̯ t̪
antiemetiko	ʔ ɐ n̪ t̪ ɪ ʔ ɛ m ɛː t̪ ɪ x o
antiepileptik	ʔ ɐ n̪ t̪ ɪ ʔ ɛ p ɪ l ɛ p t̪ ɪ k̚
antiepileptiko	ʔ ɐ n̪ t̪ ɪ ʔ ɛ p ɪ l ɛ p t̪ ɪ x o
antieskorbutiko	ʔ ɐ n̪ t̪ ɪ ʔ ɛ s k o ɾ b uː t̪ ɪ x o
antiespasmodiko	ʔ ɐ n̪ t̪ ɪ ʔ ɛ s p ɐ s m oː d̪ ɪ x o
antig	ʔ ɐ n̪ t̪ ɪ ɡ̚
antigas	ʔ ɐ n̪ t̪ ɪ ɣ a s
antigo	ʔ ɐ n̪ t̪ iː ɣ o
antigwedad	ʔ ɐ n̪ t̪ ɪ ɡ w ɛ d̪ a d̪̚
antihelmintik	ʔ ɐ n̪ t̪ ɪ h ɛ l m i n̪ t̪ ɪ k̚
antihelmintiko	ʔ ɐ n̪ t̪ ɪ h ɛ l m i n̪ t̪ ɪ x o
antiherpetik	ʔ ɐ n̪ t̪ ɪ h ɛ ɾ p ɛː t̪ ɪ k̚
antiherpetiko	ʔ ɐ n̪ t̪ ɪ h ɛ ɾ p ɛː t̪ ɪ x o
antihisterik	ʔ ɐ n̪ t̪ ɪ h i s t̪ ɛ ɾ ɪ k̚
antihisterik	ʔ ɐ n̪ t̪ ɪ h ɪ s t̪ ɛː ɾ ɪ k̚
antihisteriko	ʔ ɐ n̪ t̪ ɪ h ɪ s t̪ ɛː ɾ ɪ x o
antik	ʔ ɐ n̪ t̪ ɪ k̚
antikatoliko	ʔ ɐ n̪ t̪ ɪ x ɐ t̪ oː l ɪ x o
antiklaymaks	ʔ ɐ n̪ t̪ ɪ k l a ɪ̯ m ɐ k s
antiklerikal	ʔ ɐ n̪ t̪ ɪ k l ɛ ɾ ɪ x a l
antiklerikalismo	ʔ ɐ n̪ t̪ ɪ k l ɛ ɾ ɪ x ɐ l i s m o
antiklimaks	ʔ ɐ n̪ t̪ ɪ k l iː m ɐ k s
antikomunismo	ʔ ɐ n̪ t̪ ɪ x o m ʊ n̪ i s m o
antikomunista	ʔ ɐ n̪ t̪ ɪ x o m ʊ n̪ i s t̪ ɐ
antikonsepsiyon	ʔ ɐ n̪ t̪ ɪ x o n̪ s ɛ p s j o n̪
antikonsepsiyon	ʔ ɐ n̪ t̪ ɪ x o n̪ s ɛ p ʃ o n̪
antikonsepsyon	ʔ ɐ n̪ t̪ ɪ x o n̪ s ɛ p s j o n̪
antikonsepsyon	ʔ ɐ n̪ t̪ ɪ x o n̪ s ɛ p ʃ o n̪
antikonstitusyonal	ʔ ɐ n̪ t̪ ɪ x o n̪ s t̪ ɪ t̪ ʊ s j o n̪ a l
antikonstitusyonal	ʔ ɐ n̪ t̪ ɪ x o n̪ s t̪ ɪ t̪ ʊ ʃ o n̪ a l
antikresis	ʔ ɐ n̪ t̪ ɪ k ɾ ɛː s ɪ s
antikuwado	ʔ ɐ n̪ t̪ ɪ k w aː d̪ o
antikuwariyo	ʔ ɐ n̪ t̪ ɪ k w aː ɾ j o
antikuwaryo	ʔ ɐ n̪ t̪ ɪ k w a ɾ j o
antikuwerpo	ʔ ɐ n̪ t̪ ɪ k w ɛ ɾ p o
antikwado	ʔ ɐ n̪ t̪ ɪ k w aː d̪ o
antikwaryo	ʔ ɐ n̪ t̪ ɪ k w a ɾ j o
antikwidad	ʔ ɐ n̪ t̪ ɪ k w ɪ d̪ a d̪̚
antilano	ʔ ɐ n̪ t̪ ɪ l aː n̪ o
antilope	ʔ ɐ n̪ t̪ iː l o p ɛ
antilope	ʔ ɐ n̪ t̪ ɪ l oː p ɛ
antimano	ʔ ɐ n̪ t̪ ɪ m aː n̪ o
antimonarkiko	ʔ ɐ n̪ t̪ ɪ m o n̪ a ɾ k ɪ x o
antimonyo	ʔ ɐ n̪ t̪ ɪ m o n̪ j o
antimonyo	ʔ ɐ n̪ t̪ ɪ m oː ɲ o
antindi	ʔ ɐ n̪ t̪ ɪ n̪ d̪ ɪ
antineuralhiko	ʔ ɐ n̪ t̪ ɪ n̪ j ʊ ɾ a l h ɪ x o
antineuralhiko	ʔ ɐ n̪ t̪ ɪ ɲ ʊ ɾ a l h ɪ x o
antinomiya	ʔ ɐ n̪ t̪ ɪ n̪ oː m j ɐ
antinomya	ʔ ɐ n̪ t̪ ɪ n̪ o m j ɐ
antiohos	ʔ ɐ n̪ t̪ j oː h o s
antiohos	ʔ ɐ n̪ t͡ʃ oː h o s
antipalo	ʔ ɐ n̪ t̪ ɪ p aː l o
antipaludiko	ʔ ɐ n̪ t̪ ɪ p ɐ l uː d̪ ɪ x o
antipara	ʔ ɐ n̪ t̪ ɪ p aː ɾ ɐ
antiparas	ʔ ɐ n̪ t̪ ɪ p aː ɾ ɐ s
antiparasitiko	ʔ ɐ n̪ t̪ ɪ p ɐ ɾ ɐ s iː t̪ ɪ x o
antipas	ʔ ɐ n̪ t̪ ɪ p a s
antipatia	ʔ ɐ n̪ t̪ ɪ p ɐ t̪ iː j ɐ
antipatika	ʔ ɐ n̪ t̪ ɪ p aː t̪ ɪ x a
antipatiko	ʔ ɐ n̪ t̪ ɪ p aː t̪ ɪ x o
antipatiya	ʔ ɐ n̪ t̪ ɪ p ɐ t̪ iː j ɐ
antipatriyota	ʔ ɐ n̪ t̪ ɪ p ɐ t̪ ɾ j oː t̪ ɐ
antipatya	ʔ ɐ n̪ t̪ ɪ p ɐ t t͡ʃ a
antipatya	ʔ ɐ n̪ t̪ ɪ p ɐ t̪ j a
antipirina	ʔ ɐ n̪ t̪ ɪ p ɪ ɾ iː n̪ ɐ
antiplohistiko	ʔ ɐ n̪ t̪ ɪ p l o h i s t̪ ɪ x o
antipoda	ʔ ɐ n̪ t̪ iː p o d̪ a
antipodas	ʔ ɐ n̪ t̪ iː p o d̪ a s
antipolo	ʔ ɐ n̪ t̪ ɪ p oː l o
antipona	ʔ ɐ n̪ t̪ iː p o n̪ a
antipulo	ʔ ɐ n̪ t̪ ɪ p uː l o
antirelihiyon	ʔ ɐ n̪ t̪ ɪ ɾ ɛ l ɪ h j o n̪
antisemitiko	ʔ ɐ n̪ t̪ ɪ s ɛ m iː t̪ ɪ x o
antisemitismo	ʔ ɐ n̪ t̪ ɪ s ɛ m ɪ t̪ i s m o
antisepsis	ʔ ɐ n̪ t̪ ɪ s ɛ p s ɪ s
antisepsiya	ʔ ɐ n̪ t̪ ɪ s ɛ p s j ɐ
antisepsiya	ʔ ɐ n̪ t̪ ɪ s ɛ p ʃ ɐ
antisepsya	ʔ ɐ n̪ t̪ ɪ s ɛ p s j ɐ
antisepsya	ʔ ɐ n̪ t̪ ɪ s ɛ p ʃ ɐ
antiseptik	ʔ ɐ n̪ t̪ ɪ s ɛ p t̪ ɪ k̚
antiseptiko	ʔ ɐ n̪ t̪ ɪ s ɛ p t̪ ɪ x o
antisidente	ʔ ɐ n̪ t̪ ɪ s ɪ d̪ ɛ n̪ t̪ ɛ
antisipasyon	ʔ ɐ n̪ t̪ ɪ s ɪ p ɐ s j o n̪
antisipasyon	ʔ ɐ n̪ t̪ ɪ s ɪ p ɐ ʃ o n̪
antisipo	ʔ ɐ n̪ t̪ ɪ s iː p o
antiskorbutik	ʔ ɐ n̪ t̪ ɪ s k o ɾ b uː t̪ ɪ k̚
antisosyal	ʔ ɐ n̪ t̪ ɪ s o s j a l
antisosyal	ʔ ɐ n̪ t̪ ɪ s o ʃ a l
antispasmodik	ʔ ɐ n̪ t̪ ɪ s p ɐ s m oː d̪ ɪ k̚
antitesis	ʔ ɐ n̪ t̪ iː t̪ ɛ s ɪ s
antitesis	ʔ ɐ n̪ t̪ ɪ t̪ ɛː s ɪ s
antitetano	ʔ ɐ n̪ t̪ ɪ t̪ ɛː t̪ ɐ n̪ o
antitetikal	ʔ ɐ n̪ t̪ ɪ t̪ ɛ t̪ ɪ x a l
antitetiko	ʔ ɐ n̪ t̪ ɪ t̪ ɛː t̪ ɪ x o
antitoksiko	ʔ ɐ n̪ t̪ ɪ t̪ o k s ɪ x o
antitoksin	ʔ ɐ n̪ t̪ ɪ t̪ o k s ɪ n̪
antitoksina	ʔ ɐ n̪ t̪ ɪ t̪ o k s iː n̪ ɐ
antitoksino	ʔ ɐ n̪ t̪ ɪ t̪ o k s iː n̪ o
antituberkuloso	ʔ ɐ n̪ t̪ ɪ t̪ ʊ b ɛ ɾ k ʊ l oː s o
antiyohos	ʔ ɐ n̪ t̪ j oː h o s
antiyohos	ʔ ɐ n̪ t͡ʃ oː h o s
antok	ʔ ɐ n̪ t̪ o k̚
antolohia	ʔ ɐ n̪ t̪ o l o h iː j ɐ
antolohiya	ʔ ɐ n̪ t̪ o l o h iː j ɐ
antolohiya	ʔ ɐ n̪ t̪ o l o h j a
antolohya	ʔ ɐ n̪ t̪ o l o h j a
antonimo	ʔ ɐ n̪ t̪ o n̪ iː m o
antonimo	ʔ ɐ n̪ t̪ oː n̪ ɪ m o
antonomasya	ʔ ɐ n̪ t̪ o n̪ o m a s j ɐ
antonomasya	ʔ ɐ n̪ t̪ o n̪ o m aː ʃ ɐ
antortsa	ʔ ɐ n̪ t̪ o ɾ t͡s ɐ
antortsa	ʔ ɐ n̪ t̪ o ɾ t͡ʃ ɐ
antot	ʔ ɐ n̪ t̪ o t̪̚
antraks	ʔ a n̪ t̪ ɾ ɐ k s
antrasita	ʔ ɐ n̪ t̪ ɾ ɐ s iː t̪ ɐ
antropologo	ʔ ɐ n̪ t̪ ɾ o p oː l o ɣ o
antropolohia	ʔ ɐ n̪ t̪ ɾ o p o l o h iː j ɐ
antropolohikal	ʔ ɐ n̪ t̪ ɾ o p o l o h ɪ x a l
antropolohiko	ʔ ɐ n̪ t̪ ɾ o p o l oː h ɪ x o
antropolohista	ʔ ɐ n̪ t̪ ɾ o p o l o h i s t̪ ɐ
antropolohiya	ʔ ɐ n̪ t̪ ɾ o p o l o h iː j ɐ
antropolohiya	ʔ ɐ n̪ t̪ ɾ o p o l o h j a
antropolohya	ʔ ɐ n̪ t̪ ɾ o p o l o h j a
antropopago	ʔ ɐ n̪ t̪ ɾ o p oː p ɐ ɣ o
antropoyde	ʔ ɐ n̪ t̪ ɾ o p o ɪ̯ d̪ ɛ
antsa	ʔ ɐ n̪ t͡s a
antsa	ʔ ɐ n̪ t͡ʃ a
antsaka	ʔ ɐ n̪ t͡s aː x ɐ
antsaka	ʔ ɐ n̪ t͡ʃ aː x ɐ
antso	ʔ a n̪ t͡s o
antso	ʔ a n̪ t͡ʃ o
antukin	ʔ ɐ n̪ t̪ uː x ɪ n̪
antukin	ʔ ɐ n̪ t̪ ʊ x ɪ n̪
antulang	ʔ ɐ n̪ t̪ uː l ɐ ŋ
antulangan	ʔ ɐ n̪ t̪ ʊ l aː ŋ ɐ n̪
antyohos	ʔ ɐ n̪ t̪ j oː h o s
antyohos	ʔ ɐ n̪ t͡ʃ oː h o s
anuba	ʔ ɐ n̪ ʊ b a
anubing	ʔ ɐ n̪ uː b ɪ ŋ
anubing	ʔ ɐ n̪ ʊ b ɪ ŋ
anubrang	ʔ ɐ n̪ ʊ b ɾ a ŋ
anuhin	ʔ ɐ n̪ ʊ h ɪ n̪
anula	ʔ ɐ n̪ ʊ l a
anulable	ʔ ɐ n̪ ʊ l aː b l ɛ
anulado	ʔ ɐ n̪ ʊ l aː d̪ o
anulahin	ʔ ɐ n̪ ʊ l ɐ h ɪ n̪
anulasyon	ʔ ɐ n̪ ʊ l ɐ s j o n̪
anulasyon	ʔ ɐ n̪ ʊ l ɐ ʃ o n̪
anumaliya	ʔ ɐ n̪ ʊ m ɐ l iː j ɐ
anumaliya	ʔ ɐ n̪ ʊ m ɐ l j a
anumalya	ʔ ɐ n̪ ʊ m ɐ l j a
anuman	ʔ ɐ n̪ ʊ m a n̪
anuna	ʔ ɐ n̪ ʊ n̪ a
anunas	ʔ ɐ n̪ uː n̪ ɐ s
anunsasyon	ʔ ɐ n̪ ʊ n̪ s ɐ s j o n̪
anunsasyon	ʔ ɐ n̪ ʊ n̪ s ɐ ʃ o n̪
anunsiyado	ʔ ɐ n̪ ʊ n̪ s j aː d̪ o
anunsiyado	ʔ ɐ n̪ ʊ n̪ ʃ aː d̪ o
anunsiyador	ʔ ɐ n̪ ʊ n̪ s j ɐ d̪ o ɾ
anunsiyador	ʔ ɐ n̪ ʊ n̪ ʃ ɐ d̪ o ɾ
anunsiyante	ʔ ɐ n̪ ʊ n̪ s j a n̪ t̪ ɛ
anunsiyante	ʔ ɐ n̪ ʊ n̪ ʃ a n̪ t̪ ɛ
anunsiyasyon	ʔ ɐ n̪ ʊ n̪ s j ɐ s j o n̪
anunsiyasyon	ʔ ɐ n̪ ʊ n̪ ʃ ɐ ʃ o n̪
anunsiyo	ʔ ɐ n̪ u n̪ s j o
anunsiyo	ʔ ɐ n̪ u n̪ ʃ o
anunsyado	ʔ ɐ n̪ ʊ n̪ s j aː d̪ o
anunsyado	ʔ ɐ n̪ ʊ n̪ ʃ aː d̪ o
anunsyador	ʔ ɐ n̪ ʊ n̪ s j ɐ d̪ o ɾ
anunsyador	ʔ ɐ n̪ ʊ n̪ ʃ ɐ d̪ o ɾ
anunsyante	ʔ ɐ n̪ ʊ n̪ s j a n̪ t̪ ɛ
anunsyante	ʔ ɐ n̪ ʊ n̪ ʃ a n̪ t̪ ɛ
anunsyasyon	ʔ ɐ n̪ ʊ n̪ s j ɐ s j o n̪
anunsyasyon	ʔ ɐ n̪ ʊ n̪ ʃ ɐ ʃ o n̪
anunsyo	ʔ ɐ n̪ u n̪ s j o
anunsyo	ʔ ɐ n̪ u n̪ ʃ o
anupa	ʔ ɐ n̪ ʊ p a
anuwal	ʔ aː n̪ w ɐ l
anuwal	ʔ ɐ n̪ w a l
anuwang	ʔ ɐ n̪ w a ŋ
anuwariyo	ʔ ɐ n̪ w aː ɾ j o
anuwaryo	ʔ ɐ n̪ w a ɾ j o
anuwebe	ʔ ɐ n̪ w ɛː b ɛ
anwal	ʔ a n̪ w ɐ l
anwal	ʔ ɐ n̪ w a l
anwang	ʔ ɐ n̪ w a ŋ
anwaryo	ʔ ɐ n̪ w a ɾ j o
anwebe	ʔ ɐ n̪ w ɛː b ɛ
anyabang	ʔ ɐ n ɲ aː b ɐ ŋ
anyabang	ʔ ɐ n̪ j aː b ɐ ŋ
anyare	ʔ ɐ n ɲ aː ɾ ɛ
anyare	ʔ ɐ n̪ j aː ɾ ɛ
anyari	ʔ ɐ n ɲ aː ɾ ɪ
anyari	ʔ ɐ n̪ j aː ɾ ɪ
anyaya	ʔ ɐ n ɲ aː j ɐ
anyaya	ʔ ɐ n ɲ aː j ɐ ʔ
anyaya	ʔ ɐ n̪ j aː j ɐ
anyaya	ʔ ɐ n̪ j aː j ɐ ʔ
anyeho	ʔ ɐ n ɲ ɛː h o
anyeho	ʔ ɐ n̪ j ɛː h o
anyil	ʔ ɐ n ɲ ɪ l
anyil	ʔ ɐ n̪ j ɪ l
anyo	ʔ a n̪ j o
anyo	ʔ aː ɲ o
anyo	ʔ ɐ n ɲ o ʔ
anyo	ʔ ɐ n̪ j o ʔ
anyos	ʔ a n̪ j o s
anyos	ʔ aː ɲ o s
ao	ʔ aː ʔ o
aonse	ʔ ɐ ʔ o n̪ s ɛ
aorado	ʔ ɐ w o ɾ aː d̪ o
aoro	ʔ ɐ w oː ɾ o
aorta	ʔ ɐ w o ɾ t̪ ɐ
aortika	ʔ ɐ w o ɾ t̪ ɪ x a
aortitis	ʔ ɐ w o ɾ t̪ iː t̪ ɪ s
aotso	ʔ ɐ ʔ o t̪ s o
aotso	ʔ ɐ ʔ oː t͡ʃ o
apa	ʔ aː p ɐ
apa	ʔ ɐ p a ʔ
apahap	ʔ ɐ p aː h ɐ p̚
apak	ʔ aː p ɐ k̚
apak	ʔ ɐ p a k̚
apalit	ʔ ɐ p aː l ɪ t̪̚
apalya	ʔ ɐ p ɐ l j a
apan	ʔ ɐ p a n̪
apanado	ʔ ɐ p ɐ n̪ aː d̪ o
aparador	ʔ ɐ p ɐ ɾ ɐ d̪ o ɾ
aparatista	ʔ ɐ p ɐ ɾ ɐ t̪ i s t̪ ɐ
aparato	ʔ ɐ p ɐ ɾ aː t̪ o
aparatsik	ʔ ɐ p ɐ ɾ a t̪ s ɪ k̚
aparatsik	ʔ ɐ p ɐ ɾ aː t͡ʃ ɪ k̚
apareha	ʔ ɐ p ɐ ɾ ɛ h a
aparehador	ʔ ɐ p ɐ ɾ ɛ h ɐ d̪ o ɾ
aparisiyon	ʔ ɐ p ɐ ɾ ɪ s j o n̪
aparisiyon	ʔ ɐ p ɐ ɾ ɪ ʃ o n̪
aparisyon	ʔ ɐ p ɐ ɾ ɪ s j o n̪
aparisyon	ʔ ɐ p ɐ ɾ ɪ ʃ o n̪
aparsera	ʔ ɐ p ɐ ɾ s ɛː ɾ ɐ
aparseriya	ʔ ɐ p ɐ ɾ s ɛ ɾ iː j ɐ
aparsero	ʔ ɐ p ɐ ɾ s ɛː ɾ o
apartado	ʔ ɐ p ɐ ɾ t̪ aː d̪ o
apartamento	ʔ ɐ p ɐ ɾ t̪ ɐ m ɛ n̪ t̪ o
aparte	ʔ ɐ p a ɾ t̪ ɛ
apartel	ʔ ɐ p ɐ ɾ t̪ ɛ l
apartmen	ʔ ɐ p a ɹ t̪ m ɛ n̪
apartment	ʔ ɐ p a ɹ t̪ m ɛ n̪ t̪
apasible	ʔ ɐ p ɐ s iː b l ɛ
apasya	ʔ ɐ p a s j ɐ
apasya	ʔ ɐ p aː ʃ ɐ
apasyonado	ʔ ɐ p ɐ s j o n̪ aː d̪ o
apasyonado	ʔ ɐ p ɐ ʃ o n̪ aː d̪ o
apat	ʔ aː p ɐ t̪̚
apatan	ʔ aː p aː t̪ ɐ n̪
apatan	ʔ aː p ɐ t̪ a n̪
apatan	ʔ ɐ p aː t̪ ɐ n̪
apatan	ʔ ɐ p ɐ t̪ a n̪
apatetiko	ʔ ɐ p ɐ t̪ ɛː t̪ ɪ x o
apatia	ʔ ɐ p ɐ t̪ iː j ɐ
apatita	ʔ ɐ p ɐ t̪ iː t̪ ɐ
apatiya	ʔ ɐ p ɐ t̪ iː j ɐ
apatnapu	ʔ aː p ɐ t̪ n̪ ɐ p ʊ ʔ
apatnaraan	ʔ aː p ɐ t̪ n̪ ɐ ɾ aː ʔ ɐ n̪
apatnaraan	ʔ aː p ɐ t̪ n̪ ɐ ɾ ɐ ʔ a n̪
apatse	ʔ ɐ p a t̪ s ɛ
apatse	ʔ ɐ p aː t͡ʃ ɛ
apatya	ʔ ɐ p ɐ t t͡ʃ a
apatya	ʔ ɐ p ɐ t̪ j a
apaw	ʔ aː p a ʊ̯
apaw	ʔ ɐ p a ʊ̯
apaya	ʔ ɐ p aː j ɐ
apdo	ʔ ɐ p d̪ o
apeksiyon	ʔ ɐ p ɛ k s j o n̪
apeksiyon	ʔ ɐ p ɛ k ʃ o n̪
apekta	ʔ ɐ p ɛ k t̪ a
apektado	ʔ ɐ p ɛ k t̪ aː d̪ o
apektasyon	ʔ ɐ p ɛ k t̪ ɐ s j o n̪
apektasyon	ʔ ɐ p ɛ k t̪ ɐ ʃ o n̪
apektibo	ʔ ɐ p ɛ k t̪ iː b o
apekto	ʔ ɐ p ɛ k t̪ o
apektuoso	ʔ ɐ p ɛ k t̪ w oː s o
apektuwoso	ʔ ɐ p ɛ k t̪ w oː s o
apela	ʔ ɐ p ɛ l a
apelable	ʔ ɐ p ɛ l aː b l ɛ
apelado	ʔ ɐ p ɛ l aː d̪ o
apelante	ʔ ɐ p ɛ l a n̪ t̪ ɛ
apelasyon	ʔ ɐ p ɛ l ɐ s j o n̪
apelasyon	ʔ ɐ p ɛ l ɐ ʃ o n̪
apelido	ʔ ɐ p ɛ l iː d̪ o
apelyido	ʔ ɐ p ɛ l j iː d̪ o
apenas	ʔ ɐ p ɛː n̪ ɐ s
apendektomi	ʔ ɐ p ɛ n̪ d̪ ɛ k t̪ o m ɪ
apendektomia	ʔ ɐ p ɛ n̪ d̪ ɛ k t̪ o m iː j ɐ
apendektomiya	ʔ ɐ p ɛ n̪ d̪ ɛ k t̪ o m iː j ɐ
apendektomya	ʔ ɐ p ɛ n̪ d̪ ɛ k t̪ o m j a
apendise	ʔ ɐ p ɛ n̪ d̪ ɪ s ɛ
apendisitis	ʔ ɐ p ɛ n̪ d̪ ɪ s iː t̪ ɪ s
aperesis	ʔ ɐ p ɛ ɾ ɛː s ɪ s
aperesis	ʔ ɐ p ɛː ɾ ɛ s ɪ s
aperitibo	ʔ ɐ p ɛ ɾ ɪ t̪ iː b o
aperkat	ʔ aː p ɛ ɾ k a t̪̚
apholsteri	ʔ ɐ p h o l s t̪ ɛ ɾ ɪ
api	ʔ ɐ p ɪ
apiapi	ʔ aː p ɪ ʔ aː p ɪ
apid	ʔ aː p ɪ d̪̚
apid	ʔ ɐ p ɪ d̪̚
apidabit	ʔ ɐ p ɪ d̪ aː b ɪ t̪̚
apido	ʔ aː p ɪ d̪ o
apihin	ʔ ɐ p ɪ h ɪ n̪
apiho	ʔ ɐ p iː h o
apil	ʔ ɐ p ɪ l
apila	ʔ ɐ p ɪ l a
apilado	ʔ ɐ p ɪ l aː d̪ o
apilador	ʔ ɐ p ɪ l ɐ d̪ o ɾ
apilasyon	ʔ ɐ p ɪ l ɐ s j o n̪
apilasyon	ʔ ɐ p ɪ l ɐ ʃ o n̪
apina	ʔ ɐ p ɪ n̪ a
apinado	ʔ ɐ p ɪ n̪ aː d̪ o
apinador	ʔ ɐ p ɪ n̪ ɐ d̪ o ɾ
apinadora	ʔ ɐ p ɪ n̪ ɐ d̪ oː ɾ ɐ
apinasyon	ʔ ɐ p ɪ n̪ ɐ s j o n̪
apinasyon	ʔ ɐ p ɪ n̪ ɐ ʃ o n̪
apinidad	ʔ ɐ p ɪ n̪ ɪ d̪ a d̪̚
apir	ʔ ɐ p ɪ ɾ
apiran	ʔ aː p iː ɾ ɐ n̪
apiran	ʔ ɐ p ɪ ɾ a n̪
apirma	ʔ ɐ p ɪ ɾ m a
apirmado	ʔ ɐ p ɪ ɾ m aː d̪ o
apirmasyon	ʔ ɐ p ɪ ɾ m ɐ s j o n̪
apirmasyon	ʔ ɐ p ɪ ɾ m ɐ ʃ o n̪
apirmatiba	ʔ ɐ p ɪ ɾ m ɐ t̪ iː b ɐ
apirmatibo	ʔ ɐ p ɪ ɾ m ɐ t̪ iː b o
apisyon	ʔ ɐ p ɪ s j o n̪
apisyon	ʔ ɐ p ɪ ʃ o n̪
apisyonado	ʔ ɐ p ɪ s j o n̪ aː d̪ o
apisyonado	ʔ ɐ p ɪ ʃ o n̪ aː d̪ o
apisyunado	ʔ ɐ p ɪ s j ʊ n̪ aː d̪ o
apisyunado	ʔ ɐ p ɪ ʃ ʊ n̪ aː d̪ o
apitong	ʔ ɐ p iː t̪ o ŋ
apiyan	ʔ ɐ p j a n̪
aplay	ʔ ɐ p l a ɪ̯
aplaya	ʔ ɐ p l aː j ɐ
aplikado	ʔ ɐ p l ɪ x aː d̪ o
aplikant	ʔ a p l ɪ x a n̪ t̪
aplikante	ʔ ɐ p l ɪ x a n̪ t̪ ɛ
aplikasyon	ʔ ɐ p l ɪ x ɐ s j o n̪
aplikasyon	ʔ ɐ p l ɪ x ɐ ʃ o n̪
aplike	ʔ ɐ p l iː x ɛ
aplikey	ʔ a p l ɪ x e ɪ̯
apo	ʔ aː p o
apo	ʔ aː p o ʔ
apo	ʔ ɐ p o
apodo	ʔ aː p o d̪ o
apodo	ʔ ɐ p oː d̪ o
apog	ʔ aː p o ɡ̚
apoheo	ʔ ɐ p o h ɛː j o
aponiko	ʔ ɐ p oː n̪ ɪ x o
apora	ʔ ɐ p o ɾ a
aporador	ʔ ɐ p o ɾ ɐ d̪ o ɾ
aporismo	ʔ ɐ p o ɾ i s m o
aporista	ʔ ɐ p o ɾ i s t̪ ɐ
aporistiko	ʔ ɐ p o ɾ i s t̪ ɪ x o
aporo	ʔ ɐ p oː ɾ o
aportunado	ʔ ɐ p o ɾ t̪ ʊ n̪ aː d̪ o
aposotis	ʔ ɐ p o s oː t̪ ɪ s
apostasiya	ʔ ɐ p o s t̪ ɐ s iː j ɐ
apostata	ʔ ɐ p o s t̪ ɐ t̪ a
apostol	ʔ ɐ p o s t̪ o l
apostolado	ʔ ɐ p o s t̪ o l aː d̪ o
apostoles	ʔ ɐ p o s t̪ o l ɛ s
apostoliko	ʔ ɐ p o s t̪ oː l ɪ x o
apostrofi	ʔ ɐ p o s t̪ ɾ o f ɪ
apostrofi	ʔ ɐ p o s t̪ ɾ o p ɪ
apostrope	ʔ ɐ p o s t̪ ɾ o p ɛ
apostropi	ʔ ɐ p o s t̪ ɾ o p ɪ
apostropo	ʔ ɐ p o s t̪ ɾ o p o
apoy	ʔ ɐ p o ɪ̯
apoynt	ʔ ɐ p o ɪ̯ n̪ t̪
apresasyon	ʔ ɐ p ɾ ɛ s ɐ s j o n̪
apresasyon	ʔ ɐ p ɾ ɛ s ɐ ʃ o n̪
apresyasyon	ʔ ɐ p ɾ ɛ s j ɐ s j o n̪
apresyasyon	ʔ ɐ p ɾ ɛ ʃ ɐ ʃ o n̪
aprikot	ʔ a p ɾ ɪ x o t̪̚
aprimero	ʔ ɐ p ɾ ɪ m ɛː ɾ o
apritada	ʔ ɐ p ɾ ɪ t̪ aː d̪ ɐ
aproba	ʔ ɐ p ɾ o b a
aprobado	ʔ ɐ p ɾ o b aː d̪ o
aprodisyako	ʔ ɐ p ɾ o d̪ ɪ s j aː x o
aprodisyako	ʔ ɐ p ɾ o d̪ ɪ ʃ aː x o
aproksimasyon	ʔ ɐ p ɾ o k s ɪ m ɐ s j o n̪
aproksimasyon	ʔ ɐ p ɾ o k s ɪ m ɐ ʃ o n̪
aprub	ʔ ɐ p ɾ ʊ b̚
aptitud	ʔ ɐ p t̪ ɪ t̪ ʊ d̪̚
apuera	ʔ ɐ p w ɛː ɾ ɐ
apuhap	ʔ ɐ p uː h ɐ p̚
apuhap	ʔ ɐ p ʊ h a p̚
apula	ʔ ɐ p uː l ɐ ʔ
apula	ʔ ɐ p ʊ l a
apula	ʔ ɐ p ʊ l a ʔ
apunta	ʔ ɐ p ʊ n̪ t̪ a
apuntador	ʔ ɐ p ʊ n̪ t̪ ɐ d̪ o ɾ
apura	ʔ ɐ p ʊ ɾ a
apurado	ʔ ɐ p ʊ ɾ aː d̪ o
apuwera	ʔ ɐ p w ɛː ɾ ɐ
apuyan	ʔ ɐ p uː j ɐ n̪
apuyan	ʔ ɐ p ʊ j a n̪
apuybilos	ʔ ɐ p ʊ ɪ̯ b iː l o s
apwera	ʔ ɐ p w ɛː ɾ ɐ
apyak	ʔ ɐ p j a k̚
apyan	ʔ ɐ p j a n̪
apyo	ʔ a p j o
aqidah	ʔ ɐ x iː d̪ ɐ
ar	ʔ ɐ ɾ
aragabyado	ʔ ɐ ɾ ɐ ɣ ɐ b j aː d̪ o
arakibot	ʔ ɐ ɾ aː x ɪ b o t̪̚
aral	ʔ aː ɾ ɐ l
aral	ʔ ɐ ɾ a l
aralan	ʔ aː ɾ aː l ɐ n̪
aralan	ʔ ɐ ɾ aː l ɐ n̪
aralan	ʔ ɐ ɾ ɐ l a n̪
aralin	ʔ ɐ ɾ aː l ɪ n̪
aralin	ʔ ɐ ɾ ɐ l ɪ n̪
arang	ʔ aː ɾ ɐ ŋ
arangkada	ʔ ɐ ɾ ɐ ŋ k aː d̪ ɐ
aranya	ʔ ɐ ɾ a n̪ j ɐ
aranya	ʔ ɐ ɾ aː ɲ ɐ
aranya	ʔ ɐ ɾ ɐ n ɲ a
aranya	ʔ ɐ ɾ ɐ n̪ j a
aranyas	ʔ ɐ ɾ a n̪ j ɐ s
aranyas	ʔ ɐ ɾ aː ɲ ɐ s
arap	ʔ aː ɾ ɐ p̚
ararawan	ʔ ɐ ɾ ɐ ɾ aː w ɐ n̪
araro	ʔ ɐ ɾ aː ɾ o
araro	ʔ ɐ ɾ ɐ ɾ o
araru	ʔ ɐ ɾ ɐ ɾ ʊ
aras	ʔ aː ɾ ɐ s
arat	ʔ aː ɾ ɐ t̪̚
aratiles	ʔ ɐ ɾ aː t̪ ɪ l ɛ s
aratilis	ʔ ɐ ɾ aː t̪ ɪ l ɪ s
arats	ʔ aː ɾ ɐ t̪ s
araw	ʔ aː ɾ a ʊ̯
araw	ʔ ɐ ɾ a ʊ̯
arawan	ʔ ɐ ɾ aː w ɐ n̪
arawan	ʔ ɐ ɾ ɐ w a n̪
aray	ʔ ɐ ɾ a ɪ̯
arbolante	ʔ ɐ ɾ b o l a n̪ t̪ ɛ
arbor	ʔ a ɾ b o ɾ
arbotante	ʔ ɐ ɾ b o t̪ a n̪ t̪ ɛ
arbularyo	ʔ ɐ ɾ b ʊ l a ɾ j o
ardel	ʔ ɐ ɾ d̪ ɛ l
ardil	ʔ ɐ ɾ d̪ ɪ l
ardilya	ʔ ɐ ɾ d̪ i l j ɐ
are	ʔ ɐ ɾ ɛ
areglado	ʔ ɐ ɾ ɛ ɡ l aː d̪ o
areglo	ʔ ɐ ɾ ɛː ɡ l o
arenda	ʔ ɐ ɾ ɛ n̪ d̪ a
arestado	ʔ ɐ ɾ ɛ s t̪ aː d̪ o
aresto	ʔ ɐ ɾ ɛ s t̪ o
aretes	ʔ ɐ ɾ ɛː t̪ ɛ s
argabyado	ʔ ɐ ɾ ɡ ɐ b j aː d̪ o
argolya	ʔ ɐ ɾ ɡ o l j ɐ
argumento	ʔ ɐ ɾ ɡ ʊ m ɛ n̪ t̪ o
ari	ʔ aː ɾ ɪ ʔ
ari	ʔ ɐ ɾ ɛ
ari	ʔ ɐ ɾ ɪ
ari	ʔ ɐ ɾ ɪ ʔ
ariangaw	ʔ ɐ ɾ ɪ ʔ aː ŋ a ʊ̯
ariba	ʔ ɐ ɾ iː b ɐ
aribaybaho	ʔ ɐ ɾ iː b a ɪ̯ b aː h o
ariin	ʔ ɐ ɾ iː ʔ ɪ n̪
arilyos	ʔ ɐ ɾ i l j o s
arimuhan	ʔ aː ɾ ɪ m ʊ h a n̪
arimuhan	ʔ ɐ ɾ ɪ m uː h ɐ n̪
arimuhanan	ʔ aː ɾ ɪ m ʊ h ɐ n̪ a n̪
arimuhunan	ʔ aː ɾ ɪ m ʊ h ʊ n̪ a n̪
arina	ʔ ɐ ɾ iː n̪ ɐ
arinda	ʔ ɐ ɾ ɪ n̪ d̪ a
aringkin	ʔ ɐ ɾ ɪ ŋ k ɪ n̪
arinola	ʔ ɐ ɾ ɪ n̪ oː l ɐ
aristokrasya	ʔ ɐ ɾ ɪ s t̪ o k ɾ a s j ɐ
aristokrasya	ʔ ɐ ɾ ɪ s t̪ o k ɾ aː ʃ ɐ
aristokratiko	ʔ ɐ ɾ ɪ s t̪ o k ɾ aː t̪ ɪ x o
ariya	ʔ aː ɾ j ɐ
arka	ʔ a ɾ k ɐ
arkabala	ʔ ɐ ɾ k ɐ b aː l ɐ
arkabalero	ʔ ɐ ɾ k ɐ b ɐ l ɛː ɾ o
arkabus	ʔ ɐ ɾ k ɐ b ʊ s
arkanghel	ʔ ɐ ɾ k a ŋ h ɛ l
arkanghel	ʔ ɐ ɾ k ɐ ŋ h ɛ l
arkansiya	ʔ ɐ ɾ k ɐ n̪ s iː j ɐ
arkeologo	ʔ ɐ ɾ k ɛ j oː l o ɣ o
arkeolohiya	ʔ ɐ ɾ k ɛ j o l o h iː j ɐ
arkero	ʔ ɐ ɾ k ɛː ɾ o
arkila	ʔ ɐ ɾ k ɪ l a
arkilador	ʔ ɐ ɾ k ɪ l ɐ d̪ o ɾ
arkipelago	ʔ ɐ ɾ k ɪ p ɛː l ɐ ɣ o
arkitekto	ʔ ɐ ɾ k ɪ t̪ ɛ k t̪ o
arkitektura	ʔ ɐ ɾ k ɪ t̪ ɛ k t̪ uː ɾ ɐ
arko	ʔ a ɾ k o
arko	ʔ ɐ ɾ k o
arkos	ʔ ɐ ɾ k o s
arlekin	ʔ ɐ ɾ l ɛ x ɪ n̪
armadilyo	ʔ ɐ ɾ m ɐ d̪ i l j o
armado	ʔ ɐ ɾ m aː d̪ o
armador	ʔ ɐ ɾ m ɐ d̪ o ɾ
armalayt	ʔ a ɾ m ɐ l a ɪ̯ t̪
armas	ʔ a ɾ m ɐ s
armas	ʔ ɐ ɾ m a s
armason	ʔ ɐ ɾ m ɐ s o n̪
arminyo	ʔ ɐ ɾ m i n̪ j o
arminyo	ʔ ɐ ɾ m iː ɲ o
armonika	ʔ ɐ ɾ m oː n̪ ɪ x a
armori	ʔ a ɾ m o ɾ ɪ
arnibal	ʔ ɐ ɾ n̪ iː b ɐ l
arnis	ʔ ɐ ɾ n̪ ɪ s
arobo	ʔ ɐ ɾ oː b o
arogansiya	ʔ ɐ ɾ o ɣ a n̪ s j ɐ
arogansiya	ʔ ɐ ɾ o ɣ a n̪ ʃ ɐ
arogansya	ʔ ɐ ɾ o ɣ a n̪ s j ɐ
arogansya	ʔ ɐ ɾ o ɣ a n̪ ʃ ɐ
arogante	ʔ ɐ ɾ o ɣ a n̪ t̪ ɛ
arok	ʔ ɐ ɾ o k̚
aroma	ʔ ɐ ɾ oː m ɐ
arosero	ʔ ɐ ɾ o s ɛː ɾ o
aroskaldo	ʔ ɐ ɾ o s k a l d̪ o
arpa	ʔ a ɾ p ɐ
arpa	ʔ ɐ ɾ p a
arpahol	ʔ ɐ ɾ p ɐ h o l
arpil	ʔ ɐ ɾ p ɪ l
arpiler	ʔ ɐ ɾ p ɪ l ɛ ɾ
arpiya	ʔ ɐ ɾ p iː j ɐ
arseniko	ʔ ɐ ɾ s ɛː n̪ ɪ x o
arsilya	ʔ ɐ ɾ s i l j ɐ
arsobispado	ʔ ɐ ɾ s o b ɪ s p aː d̪ o
arsobispo	ʔ ɐ ɾ s o b i s p o
arte	ʔ a ɾ t̪ ɛ
artemisa	ʔ ɐ ɾ t̪ ɛ m iː s ɐ
artikulo	ʔ ɐ ɾ t̪ iː x ʊ l o
artipisyal	ʔ ɐ ɾ t̪ ɪ p ɪ s j a l
artipisyal	ʔ ɐ ɾ t̪ ɪ p ɪ ʃ a l
artista	ʔ ɐ ɾ t̪ i s t̪ ɐ
artistahin	ʔ ɐ ɾ t̪ ɪ s t̪ aː h ɪ n̪
artropodo	ʔ ɐ ɾ t̪ ɾ oː p o d̪ o
artseriya	ʔ ɐ ɾ t͡s ɛ ɾ iː j ɐ
artseriya	ʔ ɐ ɾ t͡ʃ ɛ ɾ iː j ɐ
artsidiyosesis	ʔ ɐ ɾ t͡s ɪ d̪ j o s ɛː s ɪ s
artsidiyosesis	ʔ ɐ ɾ t͡ʃ ɪ d͡ʒ o s ɛː s ɪ s
artsiduke	ʔ ɐ ɾ t͡s ɪ d̪ uː x ɛ
artsiduke	ʔ ɐ ɾ t͡ʃ ɪ d̪ uː x ɛ
artsipiyelago	ʔ ɐ ɾ t͡s ɪ p j ɛː l ɐ ɣ o
artsipiyelago	ʔ ɐ ɾ t͡ʃ ɪ p j ɛː l ɐ ɣ o
aruga	ʔ ɐ ɾ ʊ ɣ a ʔ
arugaan	ʔ aː ɾ ʊ ɣ aː ʔ ɐ n̪
arugaan	ʔ aː ɾ ʊ ɣ ɐ ʔ a n̪
arugain	ʔ ɐ ɾ ʊ ɣ ɐ ʔ ɪ n̪
aruro	ʔ ɐ ɾ ʊ ɾ o
arusero	ʔ ɐ ɾ ʊ s ɛː ɾ o
aruskaldo	ʔ ɐ ɾ ʊ s k a l d̪ o
aruy	ʔ ɐ ɾ ʊ ɪ̯
arwa	ʔ ɐ ɾ w a ʔ
arya	ʔ a ɾ j ɐ
aryap	ʔ ɐ ɾ j a p̚
asa	ʔ aː s ɐ
asada	ʔ ɐ s aː d̪ ɐ
asado	ʔ ɐ s aː d̪ o
asador	ʔ ɐ s ɐ d̪ o ɾ
asahan	ʔ ɐ s aː h ɐ n̪
asainment	ʔ ɐ s a ɪ̯ n̪ m ɛ n̪ t̪
asais	ʔ ɐ s ɐ ʔ ɪ s
asal	ʔ aː s ɐ l
asal	ʔ ɐ s a l
asalan	ʔ ɐ s aː l ɐ n̪
asalin	ʔ ɐ s aː l ɪ n̪
asalin	ʔ ɐ s ɐ l ɪ n̪
asam	ʔ ɐ s a m
asamblea	ʔ ɐ s a m b l ɛ j a
asamblea	ʔ ɐ s ɐ m b l ɛː j ɐ
asambleista	ʔ ɐ s ɐ m b l ɛ j i s t̪ ɐ
asambleya	ʔ ɐ s a m b l ɛ j a
asambleya	ʔ ɐ s ɐ m b l ɛː j ɐ
asanorya	ʔ ɐ s ɐ n̪ o ɾ j ɐ
asap	ʔ aː s ɐ p̚
asap	ʔ ɐ s a p̚
asapran	ʔ ɐ s ɐ p ɾ a n̪
asar	ʔ ɐ s a ɾ
asarkon	ʔ ɐ s ɐ ɾ k o n̪
asarol	ʔ ɐ s ɐ ɾ o l
asasinasyon	ʔ ɐ s aː s ɪ n̪ ɐ s j o n̪
asasinasyon	ʔ ɐ s aː s ɪ n̪ ɐ ʃ o n̪
asasinesyon	ʔ ɐ s aː s ɪ n̪ ɛ s j o n̪
asasinesyon	ʔ ɐ s aː s ɪ n̪ ɛ ʃ o n̪
asawa	ʔ ɐ s aː w ɐ
asaynment	ʔ ɐ s a ɪ̯ n̪ m ɛ n̪ t̪
asbesto	ʔ ɐ s b ɛ s t̪ o
asbok	ʔ ɐ s b o k̚
asebo	ʔ ɐ s ɛː b o
asedera	ʔ ɐ s ɛ d̪ ɛː ɾ ɐ
aselerador	ʔ ɐ s ɛ l ɛ ɾ ɐ d̪ o ɾ
aselerasyon	ʔ ɐ s ɛ l ɛ ɾ ɐ s j o n̪
aselerasyon	ʔ ɐ s ɛ l ɛ ɾ ɐ ʃ o n̪
aselga	ʔ ɐ s ɛ l ɡ ɐ
aselgas	ʔ ɐ s ɛ l ɡ ɐ s
asemblea	ʔ ɐ s ɛ m b l ɛ j a
asemblea	ʔ ɐ s ɛ m b l ɛː j ɐ
asendera	ʔ ɐ s ɛ n̪ d̪ ɛː ɾ ɐ
asendero	ʔ ɐ s ɛ n̪ d̪ ɛː ɾ o
asensado	ʔ ɐ s ɛ n̪ s aː d̪ o
asenso	ʔ ɐ s ɛ n̪ s o
asento	ʔ ɐ s ɛ n̪ t̪ o
asentuhan	ʔ ɐ s ɛ n̪ t̪ ʊ h a n̪
asentuwado	ʔ ɐ s ɛ n̪ t̪ w aː d̪ o
asentuwasyon	ʔ ɐ s ɛ n̪ t̪ w ɐ s j o n̪
asentuwasyon	ʔ ɐ s ɛ n̪ t̪ w ɐ ʃ o n̪
asentwado	ʔ ɐ s ɛ n̪ t̪ w aː d̪ o
asentwasyon	ʔ ɐ s ɛ n̪ t̪ w ɐ s j o n̪
asentwasyon	ʔ ɐ s ɛ n̪ t̪ w ɐ ʃ o n̪
aseptable	ʔ ɐ s ɛ p t̪ aː b l ɛ
aseptado	ʔ ɐ s ɛ p t̪ aː d̪ o
aseptasyon	ʔ ɐ s ɛ p t̪ ɐ s j o n̪
aseptasyon	ʔ ɐ s ɛ p t̪ ɐ ʃ o n̪
asera	ʔ ɐ s ɛː ɾ ɐ
aserado	ʔ ɐ s ɛ ɾ aː d̪ o
asero	ʔ ɐ s ɛː ɾ o
asesinasyon	ʔ ɐ s ɛː s ɪ n̪ ɐ s j o n̪
asesinasyon	ʔ ɐ s ɛː s ɪ n̪ ɐ ʃ o n̪
asetato	ʔ ɐ s ɛ t̪ aː t̪ o
asete	ʔ ɐ s ɛː t̪ ɛ
asetiko	ʔ ɐ s ɛː t̪ ɪ x o
asetilen	ʔ ɐ s ɛː t̪ ɪ l ɛ n̪
asetileno	ʔ ɐ s ɛ t̪ ɪ l ɛː n̪ o
asetilin	ʔ ɐ s ɛː t̪ ɪ l ɪ n̪
aseton	ʔ aː s ɛ t̪ o n̪
asetona	ʔ ɐ s ɛ t̪ oː n̪ ɐ
aseyte	ʔ ɐ s e ɪ̯ t̪ ɛ
aseytera	ʔ ɐ s e ɪ̯ t̪ ɛː ɾ ɐ
aseytuna	ʔ ɐ s e ɪ̯ t̪ uː n̪ ɐ
aseytunas	ʔ ɐ s e ɪ̯ t̪ uː n̪ ɐ s
aseytuno	ʔ ɐ s e ɪ̯ t̪ uː n̪ o
asibad	ʔ ɐ s iː b ɐ d̪̚
asibal	ʔ ɐ s iː b ɐ l
asibar	ʔ ɐ s iː b ɐ ɾ
asidiko	ʔ ɐ s iː d̪ ɪ x o
asido	ʔ aː s ɪ d̪ o
asidosis	ʔ ɐ s ɪ d̪ oː s ɪ s
asidula	ʔ ɐ s ɪ d̪ ʊ l a
asidulado	ʔ ɐ s ɪ d̪ ʊ l aː d̪ o
asidulahan	ʔ ɐ s ɪ d̪ ʊ l ɐ h a n̪
asignatura	ʔ ɐ s ɪ ɡ n̪ ɐ t̪ uː ɾ ɐ
asikaso	ʔ ɐ s ɪ x aː s o
asilo	ʔ aː s ɪ l o
asilo	ʔ ɐ s iː l o
asim	ʔ aː s ɪ m
asimilasyon	ʔ ɐ s ɪ m ɪ l ɐ s j o n̪
asimilasyon	ʔ ɐ s ɪ m ɪ l ɐ ʃ o n̪
asin	ʔ ɐ s ɪ n̪
asinan	ʔ ɐ s iː n̪ ɐ n̪
asinan	ʔ ɐ s ɪ n̪ a n̪
asindero	ʔ ɐ s ɪ n̪ d̪ ɛː ɾ o
asingko	ʔ ɐ s i ŋ k o
asinta	ʔ ɐ s ɪ n̪ t̪ a
asintada	ʔ ɐ s ɪ n̪ t̪ aː d̪ ɐ
asintado	ʔ ɐ s ɪ n̪ t̪ aː d̪ o
asitunas	ʔ ɐ s ɪ t̪ uː n̪ ɐ s
asiwa	ʔ ɐ s iː w ɐ ʔ
asiwa	ʔ ɐ s ɪ w a ʔ
asiyete	ʔ ɐ s j ɛː t̪ ɛ
asiyete	ʔ ɐ ʃ ɛː t̪ ɛ
askad	ʔ ɐ s k a d̪̚
askal	ʔ a s k ɐ l
askorbiko	ʔ ɐ s k o ɾ b ɪ x o
asnan	ʔ ɐ s n̪ a n̪
asngal	ʔ ɐ s ŋ a l
asno	ʔ a s n̪ o
aso	ʔ aː s o
aso	ʔ ɐ s o
asod	ʔ ɐ s o d̪̚
asog	ʔ aː s o ɡ̚
asog	ʔ ɐ s o ɡ̚
asoge	ʔ ɐ s oː ɣ ɛ
asol	ʔ ɐ s o l
asosasyon	ʔ ɐ s o s ɐ s j o n̪
asosasyon	ʔ ɐ s o s ɐ ʃ o n̪
asosena	ʔ ɐ s o s ɛː n̪ ɐ
asotea	ʔ ɐ s o t̪ ɛː j ɐ
aspalto	ʔ ɐ s p a l t̪ o
aspekto	ʔ ɐ s p ɛ k t̪ o
aspeto	ʔ ɐ s p ɛː t̪ o
aspile	ʔ ɐ s p ɪ l ɛ
aspiler	ʔ ɐ s p ɪ l ɛ ɾ
aspili	ʔ ɐ s p ɪ l ɪ
aspin	ʔ a s p ɪ n̪
aspirin	ʔ a s p ɪ ɾ ɪ n̪
aspirina	ʔ ɐ s p ɪ ɾ iː n̪ ɐ
aspital	ʔ ɐ s p ɪ t̪ a l
assumera	ʔ ɐ s j ʊ m ɛː ɾ ɐ
assumera	ʔ ɐ s ʊ m ɛː ɾ ɐ
assumera	ʔ ɐ ʃ ʊ m ɛː ɾ ɐ
assumero	ʔ ɐ s j ʊ m ɛː ɾ o
assumero	ʔ ɐ s ʊ m ɛː ɾ o
assumero	ʔ ɐ ʃ ʊ m ɛː ɾ o
asta	ʔ a s t̪ ɐ
asta	ʔ ɐ s t̪ a ʔ
astaka	ʔ ɐ s t̪ aː x ɐ ʔ
astaka	ʔ ɐ s t̪ ɐ x a ʔ
astakona	ʔ ɐ s t̪ ɐ x oː n̪ ɐ ʔ
astakuna	ʔ ɐ s t̪ ɐ x uː n̪ ɐ ʔ
asteraro	ʔ ɐ s t̪ ɛ ɾ aː ɾ o
asteroyd	ʔ a s t̪ ɛ ɾ o ɪ̯ d̪
asteroyde	ʔ ɐ s t̪ ɛ ɾ o ɪ̯ d̪ ɛ
astig	ʔ ɐ s t̪ ɪ ɡ̚
astigmatismo	ʔ ɐ s t̪ ɪ ɡ m ɐ t̪ i s m o
astinggal	ʔ ɐ s t̪ ɪ ŋ ɡ a l
astirado	ʔ ɐ s t̪ ɪ ɾ aː d̪ o
astiraro	ʔ ɐ s t̪ ɪ ɾ aː ɾ o
astrey	ʔ a s t̪ ɾ e ɪ̯
astrey	ʔ a ʃ t̪ ɾ e ɪ̯
astro	ʔ a s t̪ ɾ o
astrologo	ʔ ɐ s t̪ ɾ oː l o ɣ o
astrolohiya	ʔ ɐ s t̪ ɾ o l o h iː j ɐ
astronawta	ʔ ɐ s t̪ ɾ o n̪ a ʊ̯ t̪ ɐ
astronomiya	ʔ ɐ s t̪ ɾ o n̪ o m iː j ɐ
astronomya	ʔ ɐ s t̪ ɾ o n̪ o m j a
astropisika	ʔ ɐ s t̪ ɾ o p iː s ɪ x a
asukal	ʔ ɐ s uː x ɐ l
asukarera	ʔ ɐ s ʊ x ɐ ɾ ɛː ɾ ɐ
asul	ʔ ɐ s ʊ l
asumera	ʔ ɐ s ʊ m ɛː ɾ ɐ
asumero	ʔ ɐ s ʊ m ɛː ɾ o
asumpsiyon	ʔ ɐ s ʊ m p s j o n̪
asumpsiyon	ʔ ɐ s ʊ m p ʃ o n̪
asumpsyon	ʔ ɐ s ʊ m p s j o n̪
asumpsyon	ʔ ɐ s ʊ m p ʃ o n̪
asungot	ʔ ɐ s uː ŋ o t̪̚
asunto	ʔ ɐ s u n̪ t̪ o
asupre	ʔ ɐ s u p ɾ ɛ
asupre	ʔ ɐ s ʊ p ɾ ɛ
asusena	ʔ ɐ s ʊ s ɛː n̪ ɐ
aswang	ʔ ɐ s w a ŋ
asyenda	ʔ ɐ s j ɛ n̪ d̪ ɐ
asyenda	ʔ ɐ ʃ ɛ n̪ d̪ ɐ
asyete	ʔ ɐ s j ɛː t̪ ɛ
asyete	ʔ ɐ ʃ ɛː t̪ ɛ
asyumera	ʔ ɐ s j ʊ m ɛː ɾ ɐ
asyumera	ʔ ɐ ʃ ʊ m ɛː ɾ ɐ
asyumero	ʔ ɐ s j ʊ m ɛː ɾ o
asyumero	ʔ ɐ ʃ ʊ m ɛː ɾ o
at	ʔ ɐ t̪̚
ata	ʔ aː t̪ ɐ
ata	ʔ aː t̪ ɐ ʔ
atag	ʔ aː t̪ ɐ ɡ̚
atake	ʔ ɐ t̪ aː x ɛ
atakihin	ʔ ɐ t̪ ɐ x iː h ɪ n̪
atang	ʔ aː t̪ ɐ ŋ
atang	ʔ ɐ t̪ a ŋ
atangya	ʔ ɐ t̪ ɐ ŋ j a
ataol	ʔ ɐ t̪ ɐ ʔ o l
ataro	ʔ ɐ t̪ ɐ ɾ o
atas	ʔ aː t̪ ɐ s
atas	ʔ ɐ t̪ a s
atasan	ʔ ɐ t̪ aː s ɐ n̪
atat	ʔ ɐ t̪ a t̪̚
ataud	ʔ ɐ t̪ ɐ ʔ ʊ d̪̚
ataul	ʔ ɐ t̪ ɐ ʔ ʊ l
atay	ʔ aː t̪ a ɪ̯
atay	ʔ ɐ t̪ a ɪ̯
atayin	ʔ ɐ t̪ ɐ j ɪ n̪
ate	ʔ aː t̪ ɛ
ate	ʔ ɐ t̪ ɛ
ate	ʔ ɐ t̪ ɛ ʔ
ateismo	ʔ ɐ t̪ ɛ j i s m o
ateista	ʔ ɐ t̪ ɛ j i s t̪ ɐ
ateneo	ʔ ɐ t̪ ɛ n̪ ɛː j o
ateng	ʔ ɐ t̪ ɛ ŋ
atensiyon	ʔ ɐ t̪ ɛ n̪ s j o n̪
atensiyon	ʔ ɐ t̪ ɛ n̪ ʃ o n̪
atensyon	ʔ ɐ t̪ ɛ n̪ s j o n̪
atensyon	ʔ ɐ t̪ ɛ n̪ ʃ o n̪
ates	ʔ aː t̪ ɛ s
atichona	ʔ ɐ t̪ ɪ t t͡ʃ oː n̪ ɐ
atichona	ʔ ɐ t̪ ɪ t̪ s oː n̪ ɐ
atig	ʔ ɐ t̪ ɪ ɡ̚
atigin	ʔ ɐ t̪ ɪ ɣ ɪ n̪
atik	ʔ ɐ t̪ ɪ k̚
atikha	ʔ ɐ t̪ ɪ k h a ʔ
atim	ʔ ɐ t̪ ɪ m
atin	ʔ aː t̪ ɛ n̪
atin	ʔ aː t̪ ɪ n̪
ating	ʔ ɐ t̪ ɪ ŋ
atip	ʔ ɐ t̪ ɪ p̚
atis	ʔ aː t̪ ɪ s
atitud	ʔ aː t̪ ɪ t̪ ʊ d̪̚
atitud	ʔ ɐ t̪ ɪ t̪ ʊ d̪̚
atityud	ʔ aː t̪ ɪ t t͡ʃ ʊ d̪̚
atityud	ʔ aː t̪ ɪ t̪ j ʊ d̪̚
atleta	ʔ ɐ t̪ l̪ ɛː t̪ ɐ
atlo	ʔ ɐ t̪ l̪ o
atomismo	ʔ ɐ t̪ o m i s m o
atomo	ʔ aː t̪ o m o
atomo	ʔ ɐ t̪ oː m o
aton	ʔ ɐ t̪ o n̪
atorni	ʔ ɐ t̪ o ɾ n̪ ɪ
atraksiyon	ʔ ɐ t̪ ɾ ɐ k s j o n̪
atraksiyon	ʔ ɐ t̪ ɾ ɐ k ʃ o n̪
atraksyon	ʔ ɐ t̪ ɾ ɐ k s j o n̪
atraksyon	ʔ ɐ t̪ ɾ ɐ k ʃ o n̪
atras	ʔ ɐ t̪ ɾ a s
atraso	ʔ ɐ t̪ ɾ aː s o
atrebida	ʔ ɐ t̪ ɾ ɛ b iː d̪ ɐ
atrebido	ʔ ɐ t̪ ɾ ɛ b iː d̪ o
atrenta	ʔ ɐ t̪ ɾ ɛ n̪ t̪ ɐ
atres	ʔ ɐ t̪ ɾ ɛ s
atrese	ʔ ɐ t̪ ɾ ɛː s ɛ
atreynta	ʔ ɐ t̪ ɾ e ɪ̯ n̪ t̪ ɐ
atribida	ʔ ɐ t̪ ɾ ɪ b iː d̪ ɐ
atribido	ʔ ɐ t̪ ɾ ɪ b iː d̪ o
atribusyon	ʔ ɐ t̪ ɾ ɪ b ʊ s j o n̪
atribusyon	ʔ ɐ t̪ ɾ ɪ b ʊ ʃ o n̪
atsara	ʔ ɐ t t͡ʃ aː ɾ ɐ
atsara	ʔ ɐ t̪ s aː ɾ ɐ
atse	ʔ a t̪ s ɛ
atse	ʔ aː t͡ʃ ɛ
atsi	ʔ ɐ t t͡ʃ ɪ
atsi	ʔ ɐ t̪ s ɪ
atsikorya	ʔ ɐ t t͡ʃ ɪ x o ɾ j ɐ
atsikorya	ʔ ɐ t̪ s ɪ x o ɾ j ɐ
atsoy	ʔ ɐ t t͡ʃ o ɪ̯
atsoy	ʔ ɐ t̪ s o ɪ̯
atsuwete	ʔ ɐ t̪ s w ɛː t̪ ɛ
atsuwete	ʔ ɐ t͡ʃ w ɛː t̪ ɛ
atswete	ʔ ɐ t̪ s w ɛː t̪ ɛ
atswete	ʔ ɐ t͡ʃ w ɛː t̪ ɛ
atubili	ʔ ɐ t̪ ʊ b ɪ l ɪ ʔ
atun	ʔ ɐ t̪ ʊ n̪
atungal	ʔ ɐ t̪ uː ŋ ɐ l
atupag	ʔ ɐ t̪ uː p ɐ ɡ̚
audyens	ʔ a ʊ̯ d d͡ʒ ɛ n̪ s
audyens	ʔ a ʊ̯ d̪ j ɛ n̪ s
audyo	ʔ a ʊ̯ d d͡ʒ o
audyo	ʔ a ʊ̯ d̪ j o
auno	ʔ ɐ ʔ uː n̪ o
autonomo	ʔ a ʊ̯ t̪ oː n̪ o m o
avereyds	ʔ aː b ɛ ɾ e ɪ̯ d̪ s
avereyds	ʔ aː b ɛ ɾ e ɪ̯ d͡ʒ
avereyds	ʔ aː v ɛ ɾ e ɪ̯ d̪ s
avereyds	ʔ aː v ɛ ɾ e ɪ̯ d͡ʒ
avereyj	ʔ aː b ɛ ɾ e ɪ̯ d̪ s
avereyj	ʔ aː b ɛ ɾ e ɪ̯ d͡ʒ
avereyj	ʔ aː v ɛ ɾ e ɪ̯ d͡ʒ
aw	ʔ a ʊ̯
awa	ʔ aː w ɐ ʔ
awak	ʔ aː w ɐ k̚
awak	ʔ ɐ w a k̚
awan	ʔ ɐ w a n̪
awang	ʔ ɐ w a ŋ
awanggan	ʔ ɐ w ɐ ŋ ɡ a n̪
awanhaydrohan	ʔ ɐ w ɐ n̪ h a ɪ̯ d̪ ɾ o h a n̪
awankulayin	ʔ ɐ w a ŋ k ʊ l aː j ɪ n̪
awanling	ʔ ɐ w ɐ n̪ l ɪ ŋ
awansik	ʔ ɐ w ɐ n̪ s ɪ k̚
awansikin	ʔ ɐ w ɐ n̪ s iː x ɪ n̪
awantakayin	ʔ ɐ w a n̪ t̪ ɐ x aː j ɪ n̪
awas	ʔ aː w ɐ s
awas	ʔ ɐ w a s
awat	ʔ aː w ɐ t̪̚
awat	ʔ ɐ w a t̪̚
away	ʔ aː w a ɪ̯
awayan	ʔ ɐ w ɐ j a n̪
awayin	ʔ ɐ w aː j ɪ n̪
awditor	ʔ a ʊ̯ d̪ ɪ t̪ o ɾ
awditor	ʔ o d̪ ɪ t̪ o ɾ
awditoryo	ʔ a ʊ̯ d̪ ɪ t̪ o ɾ j o
awditoryo	ʔ o d̪ ɪ t̪ o ɾ j o
awdiyens	ʔ a ʊ̯ d̪ j ɛ n̪ s
awdiyens	ʔ a ʊ̯ d͡ʒ ɛ n̪ s
awdiyo	ʔ a ʊ̯ d̪ j o
awdiyo	ʔ a ʊ̯ d͡ʒ o
awdyens	ʔ a ʊ̯ d̪ j ɛ n̪ s
awdyens	ʔ a ʊ̯ d͡ʒ ɛ n̪ s
awdyo	ʔ a ʊ̯ d̪ j o
awdyo	ʔ a ʊ̯ d͡ʒ o
awit	ʔ aː w ɪ t̪̚
awitin	ʔ ɐ w iː t̪ ɪ n̪
awra	ʔ a ʊ̯ ɾ ɐ
awting	ʔ a ʊ̯ t̪ ɪ ŋ
awtismo	ʔ a ʊ̯ t̪ i s m o
awto	ʔ a ʊ̯ t̪ o
awto	ʔ oː t̪ o
awtobus	ʔ a ʊ̯ t̪ o b ʊ s
awtobus	ʔ oː t̪ o b ʊ s
awtograp	ʔ a ʊ̯ t̪ o ɡ ɾ a p̚
awtograpo	ʔ a ʊ̯ t̪ oː ɡ ɾ ɐ p o
awtokuwarentena	ʔ a ʊ̯ t̪ o k w ɐ ɾ ɛ n̪ t̪ ɛː n̪ ɐ
awtomatiko	ʔ a ʊ̯ t̪ o m aː t̪ ɪ x o
awtomatiko	ʔ o t̪ o m aː t̪ ɪ x o
awtomobil	ʔ a ʊ̯ t̪ o m oː b ɪ l
awtomobil	ʔ oː t̪ o m oː b ɪ l
awtonomiya	ʔ a ʊ̯ t̪ o n̪ o m iː j ɐ
awtonomo	ʔ a ʊ̯ t̪ oː n̪ o m o
awtonomus	ʔ a ʊ̯ t̪ oː n̪ o m ʊ s
awtopsiya	ʔ a ʊ̯ t̪ o p s iː j ɐ
awtopsiya	ʔ a ʊ̯ t̪ o p s j ɐ
awtopsiya	ʔ a ʊ̯ t̪ o p ʃ ɐ
awtopsiya	ʔ o t̪ o p s iː j ɐ
awtopsiya	ʔ o t̪ o p s j ɐ
awtopsiya	ʔ o t̪ o p ʃ ɐ
awtor	ʔ a ʊ̯ t̪ o ɾ
awtoridad	ʔ a ʊ̯ t̪ o ɾ ɪ d̪ a d̪̚
awtoridad	ʔ o t̪ o ɾ ɪ d̪ a d̪̚
awtorisado	ʔ a ʊ̯ t̪ o ɾ ɪ s aː d̪ o
awtorisado	ʔ o t̪ o ɾ ɪ s aː d̪ o
awtorisasyon	ʔ a ʊ̯ t̪ o ɾ ɪ s ɐ s j o n̪
awtorisasyon	ʔ a ʊ̯ t̪ o ɾ ɪ s ɐ ʃ o n̪
awtorisasyon	ʔ o t̪ o ɾ ɪ s ɐ s j o n̪
awtorisasyon	ʔ o t̪ o ɾ ɪ s ɐ ʃ o n̪
awtoritarismo	ʔ a ʊ̯ t̪ o ɾ ɪ t̪ ɐ ɾ i s m o
awtoritaryanismo	ʔ a ʊ̯ t̪ o ɾ ɪ t̪ ɐ ɾ j ɐ n̪ i s m o
awtput	ʔ a ʊ̯ t̪ p ʊ t̪̚
awts	ʔ a ʊ̯ t̪ s
awtsu	ʔ a ʊ̯ t͡s ʊ
ay	ʔ a ɪ̯
ay	ʔ ɛ
aya	ʔ aː j ɐ
aya	ʔ aː j ɐ ʔ
ayam	ʔ aː j ɐ m
ayan	ʔ ɐ j a n̪
ayangaw	ʔ ɐ j ɐ ŋ a ʊ̯
ayaw	ʔ aː j a ʊ̯
ayaw	ʔ ɐ j a ʊ̯
ayayay	ʔ ɐ j ɐ j a ɪ̯
aydentidad	ʔ a ɪ̯ d̪ ɛ n̪ t̪ ɪ d̪ a d̪̚
aydentipika	ʔ a ɪ̯ d̪ ɛ n̪ t̪ ɪ p ɪ x a
aydentipikasyon	ʔ a ɪ̯ d̪ ɛ n̪ t̪ ɪ p ɪ x ɐ s j o n̪
aydentipikasyon	ʔ a ɪ̯ d̪ ɛ n̪ t̪ ɪ p ɪ x ɐ ʃ o n̪
ayibutod	ʔ ɐ j ɪ b uː t̪ o d̪̚
ayibutod	ʔ ɐ j ɪ b ʊ t̪ o d̪̚
ayikid	ʔ ɐ j iː x ɪ d̪̚
aykid	ʔ a ɪ̯ x ɪ d̪̚
aykon	ʔ a ɪ̯ x o n̪
aylabyu	ʔ a ɪ̯ l a b j ʊ
ayo	ʔ aː j o
ayo	ʔ aː j o ʔ
ayo	ʔ ɐ j o
ayo	ʔ ɐ j o ʔ
ayok	ʔ aː j o k̚
ayok	ʔ ɐ j o k̚
ayoko	ʔ ɐ j oː x o
ayon	ʔ aː j o n̪
ayon	ʔ ɐ j o n̪
ayop	ʔ aː j o p̚
ayop	ʔ ɐ j o p̚
ayorta	ʔ ɐ j o ɾ t̪ ɐ
ayos	ʔ aː j o s
ayos	ʔ ɐ j o s
ayre	ʔ a ɪ̯ ɾ ɛ
ayron	ʔ a ɪ̯ ɾ o n̪
ays	ʔ a ɪ̯ s
aysing	ʔ a ɪ̯ s ɪ ŋ
ayskrim	ʔ a ɪ̯ s k ɾ ɪ m
aysla	ʔ a ɪ̯ s l a
ayslado	ʔ a ɪ̯ s l aː d̪ o
ayslador	ʔ a ɪ̯ s l ɐ d̪ o ɾ
ayslahan	ʔ a ɪ̯ s l ɐ h a n̪
ayslamyento	ʔ a ɪ̯ s l ɐ m j ɛ n̪ t̪ o
ayt	ʔ a ɪ̯ t̪
aytem	ʔ a ɪ̯ t̪ ɛ m
ayuda	ʔ ɐ j uː d̪ ɐ
ayunal	ʔ ɐ j ʊ n̪ a l
ayungin	ʔ ɐ j uː ŋ ɪ n̪
ayuno	ʔ ɐ j uː n̪ o
ayusin	ʔ ɐ j uː s ɪ n̪
ayusin	ʔ ɐ j ʊ s ɪ n̪
ayuyang	ʔ ɐ j ʊ j a ŋ
aywan	ʔ a ɪ̯ w a n̪
aywan	ʔ ɛː w ɐ n̪
b	b
b	b a
b	b ɐ
b	b ɛ
b	b ɪ
ba	b a ʔ
ba	b ɐ
ba't	b a t̪̚
baang	b aː ʔ ɐ ŋ
baat	b ɐ ʔ a t̪̚
baba	b aː b ɐ
baba	b aː b ɐ ʔ
baba	b ɐ b a
baba	b ɐ b a ʔ
babaan	b aː b aː ʔ ɐ n̪
babaan	b ɐ b ɐ ʔ a n̪
bababa	b aː b ɐ b a ʔ
bababaihin	b aː b ɐ b ɐ ʔ iː h ɪ n̪
babad	b aː b ɐ d̪̚
babad	b ɐ b a d̪̚
babae	b ɐ b aː ʔ ɛ
babaero	b ɐ b ɐ ʔ ɛː ɾ o
babag	b aː b ɐ ɡ̚
babag	b ɐ b a ɡ̚
babagsak	b aː b ɐ ɡ s a k̚
babahin	b ɐ b ɐ h ɪ n̪
babahing	b ɐ b ɐ h ɪ ŋ
babaihin	b ɐ b ɐ ʔ iː h ɪ n̪
babakunahan	b ɐ b ɐ x ʊ n̪ aː h ɐ n̪
babala	b ɐ b ɐ l a ʔ
babalik	b aː b ɐ l ɪ k̚
babalikin	b aː b ɐ l ɪ x ɪ n̪
babarya	b aː b ɐ ɾ j a
babasagin	b aː b ɐ s aː ɣ ɪ n̪
babasagin	b aː b ɐ s ɐ ɣ ɪ n̪
babasagin	b ɐ b ɐ s aː ɣ ɪ n̪
babasagin	b ɐ b ɐ s ɐ ɣ ɪ n̪
babasahin	b aː b ɐ s aː h ɪ n̪
babasahin	b ɐ b ɐ s aː h ɪ n̪
babasahin	b ɐ b ɐ s ɐ h ɪ n̪
babat	b aː b ɐ t̪̚
babat	b ɐ b a t̪̚
babatukan	b ɐ b ɐ t̪ uː x ɐ n̪
babaw	b aː b a ʊ̯
babay	b aː b a ɪ̯
babayaran	b ɐ b ɐ j aː ɾ ɐ n̪
babayaran	b ɐ b ɐ j ɐ ɾ a n̪
babaye	b ɐ b aː j ɛ
babayi	b ɐ b aː j ɪ
babaylan	b ɐ b a ɪ̯ l a n̪
babaysot	b ɐ b a ɪ̯ s o t̪̚
babero	b ɐ b ɛː ɾ o
baboy	b aː b o ɪ̯
babu	b ɐ b ʊ
babuyan	b ɐ b uː j ɐ n̪
babuyan	b ɐ b ʊ j a n̪
babuyin	b ɐ b uː j ɪ n̪
bacas	b ɐ x a s
baclad	b ɐ k l a d̪̚
bacsilog	b a k s ɪ l o ɡ̚
badaho	b ɐ d̪ aː h o
badap	b ɐ d̪ a p̚
badha	b ɐ d̪ h a ʔ
badhala	b ɐ d̪ h aː l ɐ ʔ
badhi	b ɐ d̪ h ɪ ʔ
badigard	b aː d̪ ɪ ɣ a ɹ d̪
bading	b aː d̪ ɪ ŋ
bading	b ɐ d̪ ɪ ŋ
badminton	b a d̪ m ɪ n̪ t̪ o n̪
badminton	b ɐ d̪ m ɪ n̪ t̪ o n̪
badoy	b ɐ d̪ o ɪ̯
badtrip	b a d̪ t̪ ɾ ɪ p̚
baduy	b ɐ d̪ ʊ ɪ̯
badya	b ɐ d d͡ʒ a
badya	b ɐ d̪ j a
badyet	b a d̪ j ɛ t̪̚
badyet	b aː d͡ʒ ɛ t̪̚
bag	b a ɡ̚
baga	b aː ɣ ɐ
baga	b aː ɣ ɐ ʔ
baga	b ɐ ɣ a
baga	b ɐ ɣ a ʔ
bagabag	b ɐ ɣ aː b ɐ ɡ̚
bagabag	b ɐ ɣ ɐ b a ɡ̚
bagabundo	b ɐ ɣ ɐ b u n̪ d̪ o
bagahe	b ɐ ɣ aː h ɛ
bagal	b aː ɣ ɐ l
bagalan	b ɐ ɣ aː l ɐ n̪
bagama't	b ɐ ɣ ɐ m a t̪̚
bagaman	b ɐ ɣ ɐ m a n̪
bagamat	b ɐ ɣ ɐ m a t̪̚
bagamundo	b ɐ ɣ ɐ m u n̪ d̪ o
bagang	b ɐ ɣ a ŋ
bagansiya	b ɐ ɣ a n̪ s j ɐ
bagansiya	b ɐ ɣ a n̪ ʃ ɐ
bagaong	b ɐ ɣ aː ʔ o ŋ
bagaso	b ɐ ɣ aː s o
bagat	b aː ɣ ɐ t̪̚
bagat	b ɐ ɣ a t̪̚
bagay	b aː ɣ a ɪ̯
bagbag	b ɐ ɡ b a ɡ̚
bagets	b ɐ ɣ ɛ t̪ s
bagin	b aː ɣ ɪ n̪
baging	b aː ɣ ɪ ŋ
bagito	b ɐ ɣ iː t̪ o
bagko	b ɐ ɡ k o ʔ
bagkos	b ɐ ɡ k o s
bagkus	b ɐ ɡ k ʊ s
bagnet	b ɐ ɡ n̪ ɛ t̪̚
bago	b aː ɣ o
bagok	b ɐ ɣ o k̚
bagol	b ɐ ɣ o l
bagon	b ɐ ɣ o n̪
bagook	b ɐ ɣ oː ʔ o k̚
bagoong	b ɐ ɣ o ʔ o ŋ
bagoong	b ɐ ɣ oː ʔ o ŋ
bagot	b ɐ ɣ o t̪̚
bagsak	b ɐ ɡ s a k̚
bagsakan	b ɐ ɡ s aː x ɐ n̪
bagsakan	b ɐ ɡ s ɐ x a n̪
bagsik	b ɐ ɡ s ɪ k̚
bagtas	b ɐ ɡ t̪ a s
bagting	b ɐ ɡ t̪ ɪ ŋ
baguhan	b ɐ ɣ uː h ɐ n̪
bagunsakupin	b ɐ ɣ ʊ n̪ s ɐ x uː p ɪ n̪
baguntao	b ɐ ɣ ʊ n̪ t̪ aː ʔ o
bagwis	b ɐ ɡ w ɪ s
bagyo	b ɐ ɡ j o
bagyuhin	b ɐ ɡ j ʊ h ɪ n̪
baha	b aː h ɐ
baha	b ɐ h a ʔ
bahada	b ɐ h aː d̪ ɐ
bahag	b ɐ h a ɡ̚
bahagan	b ɐ h ɐ ɣ a n̪
bahagdan	b ɐ h ɐ ɡ d̪ a n̪
bahaghari	b ɐ h ɐ ɡ h aː ɾ ɛ ʔ
bahaghari	b ɐ h ɐ ɡ h aː ɾ ɪ ʔ
bahagi	b ɐ h aː ɣ ɪ
bahagi	b ɐ h aː ɣ ɪ ʔ
bahagimbilang	b ɐ h aː ɣ ɪ m b iː l ɐ ŋ
bahagsubay	b ɐ h ɐ ɡ s uː b a ɪ̯
bahagya	b ɐ h ɐ ɡ j a ʔ
bahain	b ɐ h aː ʔ ɪ n̪
bahain	b ɐ h ɐ ʔ ɪ n̪
bahala	b ɐ h aː l ɐ ʔ
bahanda	b ɐ h ɐ n̪ d̪ a ʔ
bahaw	b aː h a ʊ̯
bahaw	b ɐ h a ʊ̯
bahay	b aː h a ɪ̯
bahay	b ɐ h a ɪ̯
bahete	b ɐ h ɛː t̪ ɛ
bahi	b aː h ɪ ʔ
bahid	b aː h ɪ d̪̚
bahin	b aː h ɪ n̪
bahin	b ɐ h ɪ n̪
bahing	b ɐ h ɪ ŋ
bahista	b ɐ h i s t̪ ɐ
bahite	b ɐ h iː t̪ ɛ
bahiya	b ɐ h iː j ɐ
baho	b aː h o
baho	b aː h o ʔ
bahon	b ɐ h o n̪
bahura	b ɐ h uː ɾ ɐ
baiki	b ɐ ʔ iː x ɪ ʔ
baimbi	b ɐ ʔ ɪ m b ɪ ʔ
baino	b ɐ ʔ iː n̪ o
bainte	b a ɪ̯ n̪ t̪ ɛ
baisan	b ɐ ʔ ɪ s a n̪
baisi	b ɐ ʔ iː s ɪ ʔ
bait	b ɐ ʔ ɛ t̪̚
bait	b ɐ ʔ ɪ t̪̚
baitang	b a ɪ̯ t̪ a ŋ
baitang	b ɐ ʔ iː t̪ ɐ ŋ
baitang	b ɐ ʔ ɪ t̪ a ŋ
baiya	b ɐ ʔ iː j ɐ
baka	b aː x ɐ
baka	b ɐ x a
baka	b ɐ x a ʔ
bakahan	b ɐ x ɐ h a n̪
bakal	b aː x ɐ l
bakal	b ɐ x a l
bakalaw	b ɐ x ɐ l a ʊ̯
bakam	b aː x ɐ m
bakam	b ɐ x a m
bakante	b ɐ x a n̪ t̪ ɛ
bakareta	b ɐ x ɐ ɾ ɛː t̪ ɐ
bakas	b aː x ɐ s
bakas	b ɐ x a s
bakasyon	b ɐ x ɐ s j o n̪
bakasyon	b ɐ x ɐ ʃ o n̪
bakasyonista	b ɐ x ɐ s j o n̪ i s t̪ ɐ
bakasyonista	b ɐ x ɐ ʃ o n̪ i s t̪ ɐ
bakasyunan	b aː x ɐ s j uː n̪ ɐ n̪
bakasyunan	b aː x ɐ ʃ uː n̪ ɐ n̪
bakasyunista	b ɐ x ɐ s j ʊ n̪ i s t̪ ɐ
bakasyunista	b ɐ x ɐ ʃ ʊ n̪ i s t̪ ɐ
bakat	b aː x ɐ t̪̚
bakat	b ɐ x a t̪̚
bakaw	b aː x a ʊ̯
bakaw	b ɐ x a ʊ̯
bakawan	b ɐ x aː w ɐ n̪
bakay	b aː x a ɪ̯
bakbak	b ɐ k b a k̚
bakbakan	b ɐ k b aː x ɐ n̪
bakbakan	b ɐ k b ɐ x a n̪
bakero	b ɐ x ɛː ɾ o
baket	b aː x ɛ t̪̚
baki't	b aː x ɪ t̪̚
bakin	b aː x ɪ n̪
bakit	b aː x ɛ t̪̚
bakit	b aː x ɪ t̪̚
bakla	b ɐ k l a
bakla	b ɐ k l a ʔ
baklad	b ɐ k l a d̪̚
baklain	b ɐ k l aː ʔ ɪ n̪
baklain	b ɐ k l ɐ ʔ ɪ n̪
baklaran	b ɐ k l aː ɾ ɐ n̪
baklaran	b ɐ k l ɐ ɾ a n̪
baklas	b ɐ k l a s
bakle	b ɐ k l ɛ
bakle	b ɐ k l ɛ ʔ
bakli	b ɐ k l ɛ ʔ
bakli	b ɐ k l ɪ ʔ
baklita	b ɐ k l iː t̪ ɐ
baklush	b ɐ k l ʊ s
baklush	b ɐ k l ʊ ʃ
bako	b ɐ x o ʔ
bakod	b aː x o d̪̚
bakod	b ɐ x o d̪̚
bakokang	b ɐ x oː x ɐ ŋ
bakol	b aː x o l
bakong	b aː x o ŋ
bakood	b ɐ x o ʔ o d̪̚
bakood	b ɐ x oː ʔ o d̪̚
baksa	b ɐ k s a
baksa	b ɐ k s a ʔ
baksing	b a k s ɪ ŋ
baktaw	b ɐ k t̪ a ʊ̯
bakterya	b ɐ k t̪ ɛ ɾ j ɐ
bakto	b a k t̪ o
bakulaw	b ɐ x uː l a ʊ̯
bakulo	b aː x ʊ l o
bakulod	b ɐ x uː l o d̪̚
bakuna	b ɐ x uː n̪ ɐ
bakunado	b ɐ x ʊ n̪ aː d̪ o
bakunahan	b ɐ x ʊ n̪ aː h ɐ n̪
bakunawa	b ɐ x ʊ n̪ aː w ɐ
bakuran	b ɐ x uː ɾ ɐ n̪
bakuwod	b ɐ x uː w o d̪̚
bakwet	b ɐ k w ɛ t̪̚
bakwit	b ɐ k w ɪ t̪̚
bakya	b ɐ k j a ʔ
bala	b aː l ɐ
bala	b aː l ɐ ʔ
bala	b ɐ l a ʔ
balaan	b ɐ l aː ʔ ɐ n̪
balaas	b ɐ l ɐ ʔ a s
balabag	b ɐ l ɐ b a ɡ̚
balabal	b ɐ l aː b ɐ l
balabiga	b ɐ l ɐ b iː ɣ ɐ ʔ
balada	b ɐ l aː d̪ ɐ
balae	b ɐ l aː ʔ ɛ
balag	b aː l ɐ ɡ̚
balag	b ɐ l a ɡ̚
balaga	b ɐ l ɐ ɣ a
balaga	b ɐ l ɐ ɣ a ʔ
balagat	b ɐ l aː ɣ ɐ t̪̚
balagbag	b ɐ l ɐ ɡ b a ɡ̚
balagbagan	b ɐ l ɐ ɡ b aː ɣ ɐ n̪
balaghan	b ɐ l ɐ ɡ h a n̪
balaghin	b ɐ l ɐ ɡ h ɪ n̪
balaglawas	b ɐ l ɐ ɡ l aː w ɐ s
balagtas	b ɐ l ɐ ɡ t̪ a s
balagtasan	b aː l ɐ ɡ t̪ aː s ɐ n̪
balahak	b ɐ l aː h ɐ k̚
balahakan	b aː l ɐ h ɐ x a n̪
balahasi	b ɐ l ɐ h aː s ɪ ʔ
balahaw	b ɐ l aː h a ʊ̯
balahibo	b ɐ l ɐ h iː b o
balaho	b ɐ l aː h o ʔ
balaho	b ɐ l ɐ h o ʔ
balahura	b ɐ l ɐ h uː ɾ ɐ
balai	b ɐ l aː ʔ ɪ
balaid	b ɐ l ɐ ʔ ɪ d̪̚
balailo	b ɐ l ɐ ʔ iː l o
balais	b ɐ l aː ʔ ɪ s
balais	b ɐ l ɐ ʔ ɪ s
balak	b aː l ɐ k̚
balakang	b ɐ l ɐ x a ŋ
balakat	b ɐ l aː x ɐ t̪̚
balakbak	b ɐ l ɐ k b a k̚
balaki	b ɐ l aː x ɪ ʔ
balakid	b ɐ l aː x ɪ d̪̚
balakid	b ɐ l ɐ x ɪ d̪̚
balakil	b ɐ l aː x ɪ l
balakilan	b ɐ l ɐ x iː l ɐ n̪
balaklaot	b aː l ɐ k l aː ʔ o t̪̚
balaksila	b ɐ l ɐ k s iː l ɐ ʔ
balakubak	b ɐ l ɐ x uː b ɐ k̚
balakubakin	b ɐ l ɐ x ʊ b aː x ɪ n̪
balakyot	b ɐ l ɐ k j o t̪̚
balalayka	b ɐ l ɐ l a ɪ̯ x ɐ
balam	b aː l ɐ m
balam	b ɐ l a m
balamban	b ɐ l ɐ m b a n̪
balana	b aː l ɐ n̪ a
balana	b ɐ l aː n̪ ɐ ʔ
balana	b ɐ l ɐ n̪ a ʔ
balanan	b ɐ l aː n̪ ɐ n̪
balandra	b ɐ l a n̪ d̪ ɾ ɐ
balang	b aː l ɐ ŋ
balanga	b ɐ l ɐ ŋ a ʔ
balangaw	b ɐ l ɐ ŋ a ʊ̯
balangay	b ɐ l aː ŋ a ɪ̯
balangay	b ɐ l ɐ ŋ a ɪ̯
balanggot	b ɐ l ɐ ŋ ɡ o t̪̚
balangkas	b ɐ l ɐ ŋ k a s
balangna	b aː l ɐ ŋ n̪ a
balani	b ɐ l aː n̪ ɪ ʔ
balanoy	b ɐ l aː n̪ o ɪ̯
balansa	b ɐ l a n̪ s ɐ
balansang	b ɐ l ɐ n̪ s a ŋ
balanse	b ɐ l a n̪ s ɛ
balansehin	b ɐ l a n̪ s ɛ h ɪ n̪
balante	b ɐ l a n̪ t̪ ɛ
balantugi	b ɐ l ɐ n̪ t̪ uː ɣ ɪ ʔ
balantukis	b ɐ l ɐ n̪ t̪ ʊ x ɪ s
balaon	b ɐ l aː ʔ o n̪
balaon	b ɐ l ɐ ʔ o n̪
balaong	b ɐ l aː ʔ o ŋ
balaraw	b ɐ l ɐ ɾ a ʊ̯
balarila	b ɐ l ɐ ɾ iː l ɐ ʔ
balas	b aː l ɐ s
balas	b ɐ l a s
balasa	b ɐ l aː s ɐ
balasador	b ɐ l ɐ s ɐ d̪ o ɾ
balasahin	b ɐ l ɐ s aː h ɪ n̪
balasik	b ɐ l aː s ɪ k̚
balasina	b ɐ l ɐ s iː n̪ ɐ ʔ
balasto	b ɐ l a s t̪ o
balasubas	b ɐ l ɐ s uː b ɐ s
balat	b aː l ɐ t̪̚
balat	b ɐ l a t̪̚
balata	b ɐ l aː t̪ ɐ ʔ
balatan	b ɐ l aː t̪ ɐ n̪
balatengga	b ɐ l ɐ t̪ ɛ ŋ ɡ ɐ
balatik	b ɐ l aː t̪ ɪ k̚
balatik	b ɐ l ɐ t̪ ɪ k̚
balatkayo	b ɐ l ɐ t̪ k ɐ j o
balatkayo	b ɐ l ɐ t̪ k ɐ j o ʔ
balato	b ɐ l aː t̪ o
balatok	b ɐ l aː t̪ o k̚
balatok	b ɐ l ɐ t̪ o k̚
balatong	b ɐ l aː t̪ o ŋ
balaw	b aː l a ʊ̯
balaw	b ɐ l a ʊ̯
balaye	b ɐ l aː j ɛ
balayi	b ɐ l aː j ɪ
balbakwa	b ɐ l b ɐ k w a
balbal	b ɐ l b a l
balbas	b ɐ l b a s
balbon	b ɐ l b o n̪
balbula	b a l b ʊ l a
balda	b a l d̪ ɐ
balda	b ɐ l d̪ a
baldado	b ɐ l d̪ aː d̪ o
baldahin	b ɐ l d̪ ɐ h ɪ n̪
balde	b a l d̪ ɛ
balde	b ɐ l d̪ ɛ
baldosa	b ɐ l d̪ oː s ɐ
bale	b aː l ɛ
balena	b ɐ l ɛː n̪ ɐ ʔ
balentiya	b ɐ l ɛ n̪ t̪ iː j ɐ
baler	b ɐ l ɛ ɾ
balete	b ɐ l ɛː t̪ ɛ
balewala	b aː l ɛ w ɐ l a ʔ
balewalain	b aː l ɛ w ɐ l ɐ ʔ ɪ n̪
baley	b ɐ l e ɪ̯
bali	b aː l ɪ
bali	b aː l ɪ ʔ
bali	b ɐ l ɪ ʔ
balian	b ɐ l iː ʔ ɐ n̪
balibag	b ɐ l iː b ɐ ɡ̚
balibag	b ɐ l ɪ b a ɡ̚
balibago	b ɐ l ɪ b aː ɣ o
balibat	b ɐ l iː b ɐ t̪̚
balibat	b ɐ l ɪ b a t̪̚
balibilos	b ɐ l ɪ b iː l o s
balibol	b aː l ɪ b o l
balibol	b ɐ l iː b o l
balibul	b ɐ l iː b ʊ l
balibulan	b aː l ɪ b uː l ɐ n̪
balidasyon	b ɐ l ɪ d̪ ɐ s j o n̪
balidasyon	b ɐ l ɪ d̪ ɐ ʃ o n̪
balido	b aː l ɪ d̪ o
baligho	b ɐ l ɪ ɡ h o ʔ
baligtad	b ɐ l ɪ ɡ t̪ a d̪̚
baligtarin	b ɐ l ɪ ɡ t̪ aː ɾ ɪ n̪
baligtarin	b ɐ l ɪ ɡ t̪ ɐ ɾ ɪ n̪
baliin	b ɐ l iː ʔ ɪ n̪
balik	b ɐ l ɪ k̚
balikan	b aː l iː x ɐ n̪
balikan	b ɐ l ɪ x a n̪
balikat	b ɐ l iː x ɐ t̪̚
balikatan	b aː l ɪ x ɐ t̪ a n̪
balikatin	b ɐ l ɪ x aː t̪ ɪ n̪
balikbayan	b ɐ l ɪ k b aː j ɐ n̪
balikin	b ɐ l ɪ x ɪ n̪
baliko	b ɐ l ɪ x o ʔ
baliksuwa	b ɐ l ɪ k s w a
balikswa	b ɐ l ɪ k s w a
baliktad	b ɐ l ɪ k t̪ a d̪̚
balikutsa	b ɐ l ɪ x ʊ t t͡ʃ a
balikutsa	b ɐ l ɪ x ʊ t̪ s a
balikwas	b ɐ l ɪ k w a s
baliling	b ɐ l iː l ɪ ŋ
baliling	b ɐ l ɪ l ɪ ŋ
balimbing	b ɐ l ɪ m b ɪ ŋ
balina	b ɐ l iː n̪ ɐ ʔ
balindang	b ɐ l ɪ n̪ d̪ a ŋ
balindas	b ɐ l ɪ n̪ d̪ a s
baling	b aː l ɪ ŋ
baling	b ɐ l ɪ ŋ
balinghat	b ɐ l ɪ ŋ h a t̪̚
balinghoy	b ɐ l ɪ ŋ h o ɪ̯
balingkinitan	b ɐ l ɪ ŋ k ɪ n̪ iː t̪ ɐ n̪
balingot	b ɐ l iː ŋ o t̪̚
balingot	b ɐ l ɪ ŋ o t̪̚
balinguyngoy	b ɐ l ɪ ŋ ʊ ɪ̯ ŋ o ɪ̯
balino	b ɐ l iː n̪ o
balino	b ɐ l ɪ n̪ o
balino	b ɐ l ɪ n̪ o ʔ
balinsasayaw	b ɐ l i n̪ s ɐ s ɐ j a ʊ̯
balintatao	b ɐ l ɪ n̪ t̪ ɐ t̪ ɐ ʔ o
balintataw	b ɐ l ɪ n̪ t̪ ɐ t̪ a ʊ̯
balintatawo	b ɐ l ɪ n̪ t̪ ɐ t̪ ɐ w o
balintawak	b ɐ l ɪ n̪ t̪ ɐ w a k̚
balintiyak	b ɐ l ɪ n̪ t̪ j a k̚
balintiyak	b ɐ l ɪ n̪ t͡ʃ a k̚
balintong	b ɐ l ɪ n̪ t̪ o ŋ
balintuna	b ɐ l ɪ n̪ t̪ uː n̪ ɐ ʔ
balintunay	b ɐ l ɪ n̪ t̪ uː n̪ a ɪ̯
balipik	b ɐ l iː p ɪ k̚
balisa	b ɐ l iː s ɐ
balisa	b ɐ l ɪ s a
balisakang	b ɐ l ɪ s ɐ x a ŋ
balisawsaw	b ɐ l ɪ s a ʊ̯ s a ʊ̯
baliskad	b ɐ l ɪ s k a d̪̚
balisong	b ɐ l iː s o ŋ
balisong	b ɐ l ɪ s o ŋ
balisungsong	b ɐ l ɪ s ʊ n̪ s o ŋ
balisuplingan	b ɐ l ɪ s ʊ p l iː ŋ ɐ n̪
balisuso	b ɐ l ɪ s ʊ s o ʔ
balita	b ɐ l iː t̪ ɐ ʔ
balitaan	b aː l ɪ t̪ ɐ ʔ a n̪
balitaan	b ɐ l ɪ t̪ aː ʔ ɐ n̪
balitado	b ɐ l ɪ t̪ aː d̪ o
balitaktak	b ɐ l ɪ t̪ ɐ k t̪ a k̚
balitaktakan	b ɐ l ɪ t̪ ɐ k t̪ aː x ɐ n̪
balitang	b ɐ l iː t̪ ɐ ŋ
balitok	b ɐ l iː t̪ o k̚
balitok	b ɐ l ɪ t̪ o k̚
baliw	b aː l ɪ ʊ̯
baliw	b ɐ l ɪ ʊ̯
baliwag	b ɐ l iː w ɐ ɡ̚
baliwala	b aː l ɪ w ɐ l a ʔ
baliwas	b ɐ l ɪ w a s
baliwis	b ɐ l iː w ɪ s
baliwis	b ɐ l ɪ w ɪ s
balkon	b ɐ l k o n̪
balkonahe	b ɐ l k o n̪ aː h ɛ
balngawsipat	b ɐ l ŋ a ʊ̯ s iː p ɐ t̪̚
balngawsipatan	b ɐ l ŋ a ʊ̯ s ɪ p aː t̪ ɐ n̪
balngawsugasukat	b ɐ l ŋ a ʊ̯ s ʊ ɣ ɐ s uː x ɐ t̪̚
balngawsugasukatan	b ɐ l ŋ a ʊ̯ s ʊ ɣ ɐ s ʊ x aː t̪ ɐ n̪
balngawsukat	b ɐ l ŋ a ʊ̯ s uː x ɐ t̪̚
balnian	b ɐ l n̪ iː ʔ ɐ n̪
balnibalngawsipatan	b ɐ l n̪ ɪ b ɐ l ŋ a ʊ̯ s ɪ p aː t̪ ɐ n̪
balnibulog	b ɐ l n̪ ɪ b ʊ l o ɡ̚
balnidagitab	b ɐ l n̪ ɪ d̪ ɐ ɣ iː t̪ ɐ b̚
balnikapnayan	b ɐ l n̪ ɪ x ɐ p n̪ aː j ɐ n̪
balnisukat	b ɐ l n̪ ɪ s uː x ɐ t̪̚
balo	b aː l o
balo	b aː l o ʔ
balo	b ɐ l o
balol	b aː l o l
balon	b aː l o n̪
balon	b ɐ l o n̪
balor	b ɐ l o ɾ
balot	b aː l o t̪̚
balot	b ɐ l o t̪̚
balota	b ɐ l oː t̪ ɐ
balsa	b ɐ l s a
balsahan	b ɐ l s ɐ h a n̪
balsamo	b a l s ɐ m o
balse	b a l s ɛ
balswals	b a l s w ɐ l s
balubad	b ɐ l uː b ɐ d̪̚
balubid	b ɐ l uː b ɪ d̪̚
baluga	b ɐ l uː ɣ ɐ
baluga	b ɐ l uː ɣ ɐ ʔ
balukanag	b ɐ l ʊ x ɐ n̪ a ɡ̚
balukay	b aː l ʊ x a ɪ̯
baluktot	b ɐ l ʊ k t̪ o t̪̚
balumbalunan	b ɐ l ʊ m b ɐ l uː n̪ ɐ n̪
balungos	b ɐ l uː ŋ o s
balunin	b ɐ l uː n̪ ɪ n̪
balut	b ɐ l ʊ t̪̚
balutan	b aː l uː t̪ ɐ n̪
balutan	b ɐ l uː t̪ ɐ n̪
balutan	b ɐ l ʊ t̪ a n̪
baluti	b ɐ l uː t̪ ɪ ʔ
balutin	b ɐ l uː t̪ ɪ n̪
balwarte	b ɐ l w a ɾ t̪ ɛ
balyan	b ɐ l j a n̪
balyena	b ɐ l j ɛː n̪ ɐ
bamban	b ɐ m b a n̪
bambang	b ɐ m b a ŋ
bambo	b ɐ m b o
bami	b aː m ɪ
bami	b aː m ɪ ʔ
bamos	b ɐ m o s
bampeyper	b ɐ m p e ɪ̯ p ɛ ɾ
bampira	b ɐ m p iː ɾ ɐ
bamus	b ɐ m ʊ s
ban	b a n̪
bana	b aː n̪ ɐ
bana	b aː n̪ ɐ ʔ
bana	b ɐ n̪ a ʔ
banaag	b ɐ n̪ aː ʔ ɐ ɡ̚
banaag	b ɐ n̪ ɐ ʔ a ɡ̚
banaba	b ɐ n̪ ɐ b a
banagan	b ɐ n̪ ɐ ɣ a n̪
banak	b aː n̪ ɐ k̚
banal	b aː n̪ ɐ l
banal	b ɐ n̪ a l
banalin	b ɐ n̪ ɐ l ɪ n̪
banas	b ɐ n̪ a s
banat	b aː n̪ ɐ t̪̚
banat	b ɐ n̪ a t̪̚
banato	b ɐ n̪ aː t̪ o ʔ
banawan	b ɐ n̪ aː w ɐ n̪
banayad	b ɐ n̪ aː j ɐ d̪̚
banban	b ɐ m b a n̪
banda	b a n̪ d̪ ɐ
banda	b ɐ n̪ d̪ a
bandahali	b ɐ n̪ d̪ ɐ h aː l ɪ
bandahali	b ɐ n̪ d̪ ɐ h aː l ɪ ʔ
bandalismo	b ɐ n̪ d̪ ɐ l i s m o
banday	b ɐ n̪ d̪ a ɪ̯
bandeha	b ɐ n̪ d̪ ɛː h ɐ
bandehado	b ɐ n̪ d̪ ɛ h aː d̪ o
bandera	b ɐ n̪ d̪ ɛː ɾ ɐ
bandereta	b ɐ n̪ d̪ ɛ ɾ ɛː t̪ ɐ
banderita	b ɐ n̪ d̪ ɛ ɾ iː t̪ ɐ
banderitas	b ɐ n̪ d̪ ɛ ɾ iː t̪ ɐ s
bandido	b ɐ n̪ d̪ iː d̪ o
bandiklak	b a n̪ d̪ ɪ k l a k̚
bandila	b ɐ n̪ d̪ iː l ɐ ʔ
bandurya	b ɐ n̪ d̪ u ɾ j ɐ
bandyo	b a n̪ d̪ j o
bandyo	b a n̪ d͡ʒ o
bang	b a ŋ
banga	b aː ŋ ɐ ʔ
banga	b ɐ ŋ a ʔ
bangag	b ɐ ŋ a ɡ̚
bangan	b aː ŋ ɐ n̪
bangan	b ɐ ŋ a n̪
bangas	b aː ŋ ɐ s
bangas	b ɐ ŋ a s
bangaw	b aː ŋ a ʊ̯
bangaw	b ɐ ŋ a ʊ̯
bangayan	b ɐ ŋ ɐ j a n̪
bangayngay	b ɐ ŋ a ɪ̯ ŋ a ɪ̯
bangcay	b ɐ ŋ k a ɪ̯
bangga	b ɐ ŋ ɡ a ʔ
banggera	b ɐ ŋ ɡ ɛː ɾ ɐ
banggerahan	b ɐ ŋ ɡ ɛ ɾ ɐ h a n̪
banggirahan	b ɐ ŋ ɡ ɪ ɾ ɐ h a n̪
banggit	b ɐ ŋ ɡ ɪ t̪̚
banggitin	b ɐ ŋ ɡ ɪ t̪ ɪ n̪
banghay	b ɐ ŋ h a ɪ̯
bangin	b ɐ ŋ ɪ n̪
bangingay	b ɐ ŋ iː ŋ a ɪ̯
bangis	b ɐ ŋ ɪ s
bangka	b ɐ ŋ k a ʔ
bangkal	b ɐ ŋ k a l
bangkarota	b ɐ ŋ k ɐ ɾ oː t̪ ɐ
bangkarote	b ɐ ŋ k ɐ ɾ oː t̪ ɛ
bangkas	b ɐ ŋ k a s
bangkay	b ɐ ŋ k a ɪ̯
bangkero	b ɐ ŋ k ɛː ɾ o
bangketa	b ɐ ŋ k ɛː t̪ ɐ
bangkete	b ɐ ŋ k ɛː t̪ ɛ
bangkilas	b ɐ ŋ k iː l ɐ s
bangkiling	b ɐ ŋ k ɪ l ɪ ŋ
bangking	b a ŋ k ɪ ŋ
bangking	b ɐ ŋ k ɪ ŋ
bangkito	b ɐ ŋ k iː t̪ o
bangkiwi	b ɐ ŋ k ɪ w ɪ ʔ
bangkiyaw	b ɐ ŋ k j a ʊ̯
bangko	b a ŋ k o
bangko	b ɐ ŋ k o ʔ
bangkoro	b ɐ ŋ k oː ɾ o
bangkota	b ɐ ŋ k oː t̪ ɐ ʔ
bangkrap	b a ŋ k ɾ ɐ p̚
bangkukang	b ɐ ŋ k uː x ɐ ŋ
bangkuro	b ɐ ŋ k uː ɾ o
bangkuta	b ɐ ŋ k uː t̪ ɐ ʔ
bango	b ɐ ŋ o
bangon	b aː ŋ o n̪
bangon	b ɐ ŋ o n̪
bangsi	b ɐ n̪ s ɪ ʔ
bangsilog	b a n̪ s ɪ l o ɡ̚
bangungot	b ɐ ŋ uː ŋ o t̪̚
bangus	b ɐ ŋ ʊ s
bangyi	b ɐ ŋ j ɪ ʔ
baniaga	b ɐ n ɲ aː ɣ ɐ ʔ
baniaga	b ɐ n̪ j aː ɣ ɐ ʔ
banidosa	b ɐ n̪ ɪ d̪ oː s ɐ
banidoso	b ɐ n̪ ɪ d̪ oː s o
banig	b ɐ n̪ ɪ ɡ̚
banil	b aː n̪ ɪ l
banilad	b ɐ n̪ iː l ɐ d̪̚
baniti	b aː n̪ ɪ t̪ ɪ
banlat	b ɐ n̪ l a t̪̚
banlaw	b ɐ n̪ l a ʊ̯
banli	b ɐ n̪ l ɪ ʔ
banlian	b ɐ n̪ l ɪ ʔ a n̪
bano	b aː n̪ o
bano	b ɐ n̪ o ʔ
banoglawin	b ɐ n̪ o ɡ l aː w ɪ n̪
banos	b aː n̪ o s
banos	b ɐ n̪ o s
banoy	b aː n̪ o ɪ̯
bansa	b ɐ n̪ s a
bansa	b ɐ n̪ s a ʔ
bansag	b ɐ n̪ s a ɡ̚
bansalagin	b ɐ n̪ s ɐ l ɐ ɣ ɪ n̪
bansi	b ɐ n̪ s ɪ ʔ
bansiw	b ɐ n̪ s ɪ ʊ̯
bansot	b ɐ n̪ s o t̪̚
banta	b a n̪ t̪ ɐ ʔ
banta	b ɐ n̪ t̪ a ʔ
bantas	b ɐ n̪ t̪ a s
bantay	b ɐ n̪ t̪ a ɪ̯
bantayan	b ɐ n̪ t̪ aː j ɐ n̪
bantayan	b ɐ n̪ t̪ ɐ j a n̪
bantayog	b ɐ n̪ t̪ aː j o ɡ̚
bantil	b ɐ n̪ t̪ ɪ l
bantilaw	b ɐ n̪ t̪ iː l a ʊ̯
bantilaw	b ɐ n̪ t̪ ɪ l a ʊ̯
banting	b ɐ n̪ t̪ ɪ ŋ
bantiti	b ɐ n̪ t̪ iː t̪ ɪ ʔ
bantiti	b ɐ n̪ t̪ ɪ t̪ ɪ ʔ
banto	b ɐ n̪ t̪ o ʔ
bantod	b ɐ n̪ t̪ o d̪̚
bantog	b ɐ n̪ t̪ o ɡ̚
bantok	b ɐ n̪ t̪ o k̚
bantot	b ɐ n̪ t̪ o t̪̚
bantuan	b ɐ n̪ t̪ ʊ ʔ a n̪
bantulot	b ɐ n̪ t̪ uː l o t̪̚
bantulot	b ɐ n̪ t̪ ʊ l o t̪̚
banwa	b a n̪ w ɐ
banyaga	b ɐ n ɲ aː ɣ ɐ ʔ
banyaga	b ɐ n̪ j aː ɣ ɐ ʔ
banyas	b ɐ n ɲ a s
banyas	b ɐ n̪ j a s
banyera	b ɐ n ɲ ɛː ɾ ɐ
banyera	b ɐ n̪ j ɛː ɾ ɐ
banyo	b a n̪ j o
banyo	b aː ɲ o
banyos	b ɐ n ɲ o s
banyos	b ɐ n̪ j o s
banyuhay	b ɐ n ɲ uː h a ɪ̯
banyuhay	b ɐ n̪ j uː h a ɪ̯
banyumaria	b a n̪ j ʊ m ɐ ɾ iː j ɐ
banyumaria	b aː ɲ ʊ m ɐ ɾ iː j ɐ
bao	b aː ʔ o
bao	b ɐ ʔ o
baog	b aː ʔ o ɡ̚
baog	b ɐ ʔ o ɡ̚
baon	b aː ʔ o n̪
baon	b ɐ ʔ o n̪
bapa	b aː p ɐ
bapa	b ɐ p a
bapor	b ɐ p o ɾ
bar	b a ɾ
bara	b aː ɾ ɐ
bara	b ɐ ɾ a
barado	b ɐ ɾ aː d̪ o
baraha	b ɐ ɾ aː h ɐ
baraka	b ɐ ɾ aː x ɐ
barakilan	b ɐ ɾ ɐ x iː l ɐ n̪
barako	b ɐ ɾ aː x o
barangay	b ɐ ɾ ɐ ŋ ɡ a ɪ̯
baranggay	b ɐ ɾ ɐ ŋ ɡ a ɪ̯
baras	b aː ɾ ɐ s
baraso	b ɐ ɾ aː s o
barat	b ɐ ɾ a t̪̚
barato	b ɐ ɾ aː t̪ o
barayti	b ɐ ɾ a ɪ̯ t̪ ɪ
barbel	b a ɾ b ɛ l
barbero	b ɐ ɾ b ɛː ɾ o
barberya	b ɐ ɾ b ɛ ɾ j a
barbikyu	b a ɾ b ɪ k j ʊ
barbikyu	b ɐ ɾ b ɪ k j ʊ
bardagol	b ɐ ɾ d̪ ɐ ɣ o l
barek	b aː ɾ ɛ k̚
barek	b ɐ ɾ ɛ k̚
barena	b ɐ ɾ ɛː n̪ ɐ
barera	b ɐ ɾ ɛː ɾ ɐ
bareta	b ɐ ɾ ɛː t̪ ɐ
bargas	b ɐ ɾ ɡ a s
bargen	b a ɾ ɡ ɛ n̪
bargeyn	b a ɾ ɡ e ɪ̯ n̪
barha	b a ɾ h ɐ
barha	b ɐ ɾ h a ʔ
baria	b ɐ ɾ j a
barik	b aː ɾ ɛ k̚
barik	b aː ɾ ɪ k̚
barik	b ɐ ɾ ɛ k̚
barik	b ɐ ɾ ɪ k̚
barikada	b ɐ ɾ ɪ x aː d̪ ɐ
barikod	b ɐ ɾ iː x o d̪̚
barikod	b ɐ ɾ ɪ x o d̪̚
baril	b ɐ ɾ ɪ l
barilan	b ɐ ɾ iː l ɐ n̪
bariles	b ɐ ɾ iː l ɛ s
barilin	b ɐ ɾ ɪ l ɪ n̪
baritono	b ɐ ɾ iː t̪ o n̪ o
baritono	b ɐ ɾ ɪ t̪ oː n̪ o
bariya	b ɐ ɾ j a
barkada	b ɐ ɾ k aː d̪ ɐ
barker	b a ɾ k ɛ ɾ
barkilyos	b ɐ ɾ k i l j o s
barko	b ɐ ɾ k o
barnis	b ɐ ɾ n̪ ɪ s
baro	b aː ɾ o ʔ
barok	b aː ɾ o k̚
barok	b ɐ ɾ o k̚
barometro	b ɐ ɾ o m ɛː t̪ ɾ o
barometro	b ɐ ɾ oː m ɛ t̪ ɾ o
baron	b ɐ ɾ o n̪
barong	b aː ɾ o ŋ
barong	b ɐ ɾ o ŋ
bartender	b a ɾ t̪ ɛ n̪ d̪ ɛ ɾ
bartolina	b ɐ ɾ t̪ o l iː n̪ ɐ
barumbada	b ɐ ɾ ʊ m b aː d̪ ɐ
barumbado	b ɐ ɾ ʊ m b aː d̪ o
barumbarong	b aː ɾ ʊ m b aː ɾ o ŋ
baruya	b ɐ ɾ uː j ɐ ʔ
barya	b ɐ ɾ j a
baryante	b ɐ ɾ j a n̪ t̪ ɛ
baryedad	b ɐ ɾ j ɛ d̪ a d̪̚
baryo	b a ɾ j o
basa	b aː s ɐ
basa	b ɐ s a
basa	b ɐ s a ʔ
basaan	b aː s aː ʔ ɐ n̪
basabasero	b ɐ s ɐ b ɐ s ɛː ɾ o
basag	b aː s ɐ ɡ̚
basag	b ɐ s a ɡ̚
basagin	b ɐ s aː ɣ ɪ n̪
basagin	b ɐ s ɐ ɣ ɪ n̪
basagulero	b ɐ s ɐ ɣ ʊ l ɛː ɾ o
basahan	b ɐ s aː h ɐ n̪
basahin	b ɐ s aː h ɪ n̪
basain	b ɐ s ɐ ʔ ɪ n̪
basakay	b ɐ s aː x a ɪ̯
basalto	b ɐ s a l t̪ o
basangal	b ɐ s aː ŋ ɐ l
basanlot	b ɐ s ɐ n̪ l o t̪̚
basar	b ɐ s a ɾ
basbas	b ɐ s b a s
basbasan	b ɐ s b ɐ s a n̪
base	b aː s ɛ
basehan	b ɐ s ɛ h a n̪
basi	b aː s ɪ ʔ
basig	b aː s ɪ ɡ̚
basil	b aː s ɪ l
basilika	b ɐ s iː l ɪ x a
basisig	b ɐ s iː s ɪ ɡ̚
basista	b ɐ s i s t̪ ɐ
basiyad	b ɐ s iː j ɐ d̪̚
baskag	b ɐ s k a ɡ̚
baskagan	b ɐ s k aː ɣ ɐ n̪
basket	b a s k ɛ t̪̚
basketbol	b a s k ɛ t̪ b o l
basketbolan	b a s k ɛ t̪ b oː l ɐ n̪
basketbolista	b ɐ s k ɛ t̪ b o l i s t̪ ɐ
basketbulan	b a s k ɛ t̪ b uː l ɐ n̪
baskil	b ɐ s k ɪ l
baso	b aː s o
baso	b aː s o ʔ
baso	b ɐ s o
basta	b a s t̪ ɐ
basta	b ɐ s t̪ a
basta	b ɐ s t̪ a ʔ
bastardo	b ɐ s t̪ a ɾ d̪ o
basted	b a s t̪ ɛ d̪̚
bastipol	b ɐ s t̪ ɪ p o l
bastipor	b ɐ s t̪ ɪ p o ɾ
bastiya	b ɐ s t̪ j a
bastiya	b ɐ s t͡ʃ a
baston	b ɐ s t̪ o n̪
bastos	b ɐ s t̪ o s
bastusin	b ɐ s t̪ ʊ s ɪ n̪
bastya	b ɐ s t̪ j a
bastya	b ɐ s t͡ʃ a
basuka	b ɐ s uː x ɐ
basura	b ɐ s uː ɾ ɐ
basurahan	b ɐ s ʊ ɾ aː h ɐ n̪
basurahan	b ɐ s ʊ ɾ ɐ h a n̪
basurera	b ɐ s ʊ ɾ ɛː ɾ ɐ
basurero	b ɐ s ʊ ɾ ɛː ɾ o
basyad	b ɐ s j a d̪̚
basyo	b ɐ s j o
basyo	b ɐ ʃ o
basyuhin	b ɐ s j ʊ h ɪ n̪
basyuhin	b ɐ ʃ ʊ h ɪ n̪
bat	b a t̪̚
bata	b aː t̪ ɐ
bata	b aː t̪ ɐ ʔ
bata	b ɐ t̪ a
bataan	b ɐ t̪ aː ʔ ɐ n̪
batabya	b ɐ t̪ a b j ɐ
batabya	b ɐ t̪ ɐ b j a
batad	b ɐ t̪ a d̪̚
batag	b aː t̪ ɐ ɡ̚
batag	b ɐ t̪ a ɡ̚
batak	b aː t̪ ɐ k̚
batak	b ɐ t̪ a k̚
batalan	b ɐ t̪ ɐ l a n̪
batalyon	b ɐ t̪ ɐ l j o n̪
batang	b aː t̪ ɐ ŋ
batar	b ɐ t̪ a ɾ
batas	b aː t̪ ɐ s
batas	b ɐ t̪ a s
batasan	b aː t̪ aː s ɐ n̪
batavia	b ɐ t̪ a b j ɐ
batavia	b ɐ t̪ a v j ɐ
bataw	b aː t̪ a ʊ̯
bataw	b ɐ t̪ a ʊ̯
batay	b aː t̪ a ɪ̯
batayan	b ɐ t̪ aː j ɐ n̪
batayan	b ɐ t̪ ɐ j a n̪
batchoy	b a t̪ s o ɪ̯
batchoy	b aː t͡ʃ o ɪ̯
bater	b aː t̪ ɛ ɾ
bateriya	b ɐ t̪ ɛ ɾ iː j ɐ
baterya	b ɐ t̪ ɛ ɾ j a
bathala	b ɐ t̪ h aː l ɐ ʔ
bathalaan	b ɐ t̪ h ɐ l aː ʔ ɐ n̪
bathaluman	b ɐ t̪ h ɐ l uː m ɐ n̪
bati	b aː t̪ ɪ ʔ
bati	b ɐ t̪ ɪ
bati	b ɐ t̪ ɪ ʔ
batia	b ɐ t̪ iː j ɐ
batia	b ɐ t̪ j a ʔ
batia	b ɐ t͡ʃ a ʔ
batid	b ɐ t̪ ɪ d̪̚
batidor	b ɐ t̪ ɪ d̪ o ɾ
batik	b ɐ t̪ ɪ k̚
batikabesa	b ɐ t̪ ɪ x ɐ b ɛː s ɐ
batikan	b ɐ t̪ iː x ɐ n̪
batikan	b ɐ t̪ ɪ x a n̪
batikos	b ɐ t̪ iː x o s
batikusin	b ɐ t̪ ɪ x uː s ɪ n̪
batillo	b ɐ t̪ i l j o
batilyo	b ɐ t̪ i l j o
batimiyento	b ɐ t̪ ɪ m j ɛ n̪ t̪ o
batimyento	b ɐ t̪ ɪ m j ɛ n̪ t̪ o
batingaw	b ɐ t̪ ɪ ŋ a ʊ̯
batingawan	b ɐ t̪ ɪ ŋ aː w ɐ n̪
batingting	b ɐ t̪ ɪ n̪ t̪ ɪ ŋ
batir	b ɐ t̪ ɪ ɾ
batis	b aː t̪ ɪ s
batiti	b ɐ t̪ iː t̪ ɪ ʔ
batiya	b ɐ t̪ iː j ɐ
batiya	b ɐ t̪ j a ʔ
batiya	b ɐ t͡ʃ a ʔ
batlag	b ɐ t̪ l̪ a ɡ̚
batlain	b ɐ t̪ l̪ aː ʔ ɪ n̪
batlaya	b ɐ t̪ l̪ aː j ɐ ʔ
batnayan	b ɐ t̪ n̪ aː j ɐ n̪
batngin	b ɐ t̪ ŋ ɪ n̪
bato	b aː t̪ o ʔ
bato	b ɐ t̪ o
batok	b aː t̪ o k̚
batok	b ɐ t̪ o k̚
baton	b ɐ t̪ o n̪
batsilyer	b ɐ t t͡ʃ ɪ l j ɛ ɾ
batsilyer	b ɐ t̪ s ɪ l j ɛ ɾ
batsoy	b a t̪ s o ɪ̯
batsoy	b aː t͡ʃ o ɪ̯
batubalani	b ɐ t̪ ʊ b ɐ l aː n̪ ɪ ʔ
batubingi	b ɐ t̪ ʊ b ɪ ŋ ɪ
batugan	b ɐ t̪ uː ɣ ɐ n̪
batukabesa	b ɐ t̪ ʊ x ɐ b ɛː s ɐ
batukan	b ɐ t̪ uː x ɐ n̪
batuktok	b aː t̪ ʊ k t̪ o k̚
batulang	b ɐ t̪ ʊ l a ŋ
batumbakal	b ɐ t̪ ʊ m b aː x ɐ l
batumbesi	b ɐ t̪ ʊ m b ɛː s ɪ
batuta	b ɐ t̪ uː t̪ ɐ ʔ
batutay	b aː t̪ uː t̪ a ɪ̯
batya	b ɐ t t͡ʃ a ʔ
batya	b ɐ t̪ j a ʔ
batyaw	b ɐ t t͡ʃ a ʊ̯
batyaw	b ɐ t̪ j a ʊ̯
baul	b ɐ w ʊ l
baul	b ɐ ʔ ʊ l
baunan	b aː ʔ uː n̪ ɐ n̪
baunan	b ɐ ʔ ʊ n̪ a n̪
bawa	b aː w ɐ
bawal	b aː w ɐ l
bawang	b aː w ɐ ŋ
bawang	b ɐ w a ŋ
bawas	b aː w ɐ s
bawas	b ɐ w a s
bawat	b aː w ɐ t̪̚
bawaw	b aː w a ʊ̯
baway	b aː w a ɪ̯
bawi	b aː w ɪ ʔ
bawi	b ɐ w ɪ ʔ
bawian	b ɐ w iː ʔ ɐ n̪
bawig	b aː w ɪ ɡ̚
bawon	b aː w o n̪
bawtismo	b a ʊ̯ t̪ i s m o
bawtisteryo	b a ʊ̯ t̪ ɪ s t̪ ɛ ɾ j o
baya	b aː j ɐ
baya	b aː j ɐ ʔ
baya	b ɐ j a ʔ
bayaan	b ɐ j aː ʔ ɐ n̪
bayabas	b ɐ j aː b ɐ s
bayabasan	b aː j ɐ b ɐ s a n̪
bayabasan	b ɐ j ɐ b aː s ɐ n̪
bayad	b aː j ɐ d̪̚
bayad	b ɐ j a d̪̚
bayag	b ɐ j a ɡ̚
bayan	b aː j ɐ n̪
bayan	b ɐ j a n̪
bayani	b ɐ j aː n̪ ɪ
bayanihan	b ɐ j ɐ n̪ iː h ɐ n̪
bayanimbayan	b ɐ j aː n̪ ɪ m b aː j ɐ n̪
bayanin	b ɐ j aː n̪ ɪ n̪
bayar	b aː j ɐ ɾ
bayar	b ɐ j a ɾ
bayaran	b ɐ j aː ɾ ɐ n̪
bayaran	b ɐ j ɐ ɾ a n̪
bayarin	b aː j aː ɾ ɪ n̪
bayarin	b ɐ j ɐ ɾ ɪ n̪
bayaw	b aː j a ʊ̯
bayaw	b ɐ j a ʊ̯
bayawak	b ɐ j aː w ɐ k̚
bayawang	b ɐ j ɐ w a ŋ
baybay	b a ɪ̯ b a ɪ̯
baybayin	b a ɪ̯ b aː j ɪ n̪
baybayin	b a ɪ̯ b ɐ j ɪ n̪
bayiki	b ɐ j iː x ɪ ʔ
bayiki	b ɐ j ɪ x ɪ ʔ
bayino	b ɐ j iː n̪ o
bayitang	b ɐ j iː t̪ ɐ ŋ
bayki	b a ɪ̯ x ɪ
baylarin	b a ɪ̯ l ɐ ɾ ɪ n̪
baylarina	b a ɪ̯ l ɐ ɾ iː n̪ ɐ
bayle	b a ɪ̯ l ɛ
baylingguwalismo	b a ɪ̯ l ɪ ŋ ɡ w ɐ l i s m o
baylinggwalismo	b a ɪ̯ l ɪ ŋ ɡ w ɐ l i s m o
bayn	b a ɪ̯ n̪
bayna	b a ɪ̯ n̪ a
bayna	b a ɪ̯ n̪ ɐ
baynder	b a ɪ̯ n̪ d̪ ɛ ɾ
baynderi	b a ɪ̯ n̪ d̪ ɛ ɾ ɪ
baynding	b a ɪ̯ n̪ d̪ ɪ ŋ
baynilya	b a ɪ̯ n̪ i l j ɐ
bayno	b ɐ ʔ iː n̪ o
baynos	b a ɪ̯ n̪ o s
baynte	b a ɪ̯ n̪ t̪ ɛ
bayo	b aː j o
bayo	b ɐ j o
bayolente	b ɐ j o l ɛ n̪ t̪ ɛ
bayoneta	b ɐ j o n̪ ɛː t̪ ɐ
bayong	b ɐ j o ŋ
bayot	b aː j o t̪̚
bayot	b ɐ j o t̪̚
bayrus	b a ɪ̯ ɾ ʊ s
baysak	b a ɪ̯ s a k̚
baytang	b a ɪ̯ t̪ a ŋ
bayubay	b ɐ j uː b a ɪ̯
bayugo	b ɐ j uː ɣ o
baywang	b a ɪ̯ w a ŋ
baywang	b ɛː w ɐ ŋ
bbq	b iː b ɪ k j ʊ
bbq	b ɛː b ɛ x o
be	b ɛ
beateryo	b ɛ j ɐ t̪ ɛ ɾ j o
beatipikasyon	b ɛ j ɐ t̪ ɪ p ɪ x ɐ s j o n̪
beatipikasyon	b ɛ j ɐ t̪ ɪ p ɪ x ɐ ʃ o n̪
bebe	b ɛː b ɛ
bebot	b ɛː b o t̪̚
behikulo	b ɛ h iː x ʊ l o
beho	b ɛː h o
beinte	b e ɪ̯ n̪ t̪ ɛ
beisbol	b e ɪ̯ s b o l
beke	b ɛː x ɛ ʔ
beki	b ɛː x ɪ
bekimon	b ɛː x ɪ m o n̪
beklog	b ɛ k l o ɡ̚
bekwa	b ɛ k w ɐ
bela	b ɛː l ɐ
belat	b ɛː l ɐ t̪̚
belen	b ɛ l ɛ n̪
beles	b ɛː l ɛ s
belo	b ɛː l o
belosidad	b ɛ l o s ɪ d̪ a d̪̚
bembang	b ɛ m b ɐ ŋ
bembe	b ɛ m b ɛ ʔ
bembi	b ɛ m b ɪ ʔ
bendahe	b ɛ n̪ d̪ aː h ɛ
bendisyon	b ɛ n̪ d̪ ɪ s j o n̪
bendisyon	b ɛ n̪ d̪ ɪ ʃ o n̪
bendita	b ɛ n̪ d̪ iː t̪ ɐ
benditado	b ɛ n̪ d̪ ɪ t̪ aː d̪ o
benditahan	b ɛ n̪ d̪ ɪ t̪ aː h ɐ n̪
benditahan	b ɛ n̪ d̪ ɪ t̪ ɐ h a n̪
bendito	b ɛ n̪ d̪ iː t̪ o
benediksiyon	b ɛ n̪ ɛ d̪ ɪ k s j o n̪
benediksiyon	b ɛ n̪ ɛ d̪ ɪ k ʃ o n̪
benediksyon	b ɛ n̪ ɛ d̪ ɪ k s j o n̪
benediksyon	b ɛ n̪ ɛ d̪ ɪ k ʃ o n̪
benepisyaryo	b ɛ n̪ ɛ p ɪ s j a ɾ j o
benepisyaryo	b ɛ n̪ ɛ p ɪ ʃ a ɾ j o
benepisyo	b ɛ n̪ ɛ p i s j o
benepisyo	b ɛ n̪ ɛ p iː ʃ o
benesyana	b ɛ n̪ ɛ s j aː n̪ ɐ
benesyana	b ɛ n̪ ɛ ʃ aː n̪ ɐ
beng	b ɛ ŋ
benggala	b ɛ ŋ ɡ aː l ɐ
benta	b ɛ n̪ t̪ ɐ
bentaha	b ɛ n̪ t̪ aː h ɐ
bente	b ɛ n̪ t̪ ɛ
bentilador	b ɛ n̪ t̪ ɪ l ɐ d̪ o ɾ
bentilasyon	b ɛ n̪ t̪ ɪ l ɐ s j o n̪
bentilasyon	b ɛ n̪ t̪ ɪ l ɐ ʃ o n̪
bentosa	b ɛ n̪ t̪ oː s ɐ
bentrilokia	b ɛ n̪ t̪ ɾ ɪ l o x iː j ɐ
bentrilokismo	b ɛ n̪ t̪ ɾ ɪ l o x i s m o
bentrilokista	b ɛ n̪ t̪ ɾ ɪ l o x i s t̪ ɐ
bentrilokiya	b ɛ n̪ t̪ ɾ ɪ l o k j a
bentrilokiya	b ɛ n̪ t̪ ɾ ɪ l o x iː j ɐ
bentriloko	b ɛ n̪ t̪ ɾ iː l o x o
bentrilokwista	b ɛ n̪ t̪ ɾ ɪ l o k w i s t̪ ɐ
bentrilokwo	b ɛ n̪ t̪ ɾ iː l o k w o
bentrilokya	b ɛ n̪ t̪ ɾ ɪ l o k j a
bentrilokya	b ɛ n̪ t̪ ɾ ɪ l o k j ɐ
bentsingko	b ɛ n̪ t͡s i ŋ k o
bentsingko	b ɛ n̪ t͡ʃ i ŋ k o
beranda	b ɛ ɾ a n̪ d̪ ɐ
berde	b ɛ ɾ d̪ ɛ
berdey	b ɛ ɾ d̪ e ɪ̯
berdugo	b ɛ ɾ d̪ uː ɣ o
berilo	b ɛ ɾ iː l o
berilyo	b ɛ ɾ i l j o
beripika	b ɛ ɾ ɪ p ɪ x a
beripikahin	b ɛ ɾ ɪ p ɪ x ɐ h ɪ n̪
beripikasyon	b ɛ ɾ ɪ p ɪ x ɐ s j o n̪
beripikasyon	b ɛ ɾ ɪ p ɪ x ɐ ʃ o n̪
bermelyon	b ɛ ɾ m ɛ l j o n̪
bermilyon	b ɛ ɾ m ɪ l j o n̪
bernakulo	b ɛ ɾ n̪ aː x ʊ l o
bersikulo	b ɛ ɾ s iː x ʊ l o
bersista	b ɛ ɾ s i s t̪ ɐ
bersiyon	b ɛ ɾ s j o n̪
bersiyon	b ɛ ɾ ʃ o n̪
berso	b ɛ ɾ s o
bersyon	b ɛ ɾ s j o n̪
bersyon	b ɛ ɾ ʃ o n̪
bertdey	b ə ɹ t̪ d̪ e ɪ̯
bertebrado	b ɛ ɾ t̪ ɛ b ɾ aː d̪ o
bertud	b ɛ ɾ t̪ ʊ d̪̚
bertudes	b ɛ ɾ t̪ uː d̪ ɛ s
bes	b ɛ s
besbol	b ɛ s b o l
beses	b ɛː s ɛ s
beshie	b ɛ s j ɪ
beshie	b ɛː ʃ ɪ
beso	b ɛː s o
bespren	b ɛ s p ɾ ɛ n̪
besprend	b ɛ s p ɾ ɛ n̪ d̪
bestida	b ɛ s t̪ iː d̪ ɐ
bestido	b ɛ s t̪ iː d̪ o
bestpren	b ɛ s t̪ p ɾ ɛ n̪
bestprend	b ɛ s t̪ p ɾ ɛ n̪ d̪
bet	b ɛ t̪̚
betamax	b ɛː t̪ ɐ m a k s
beterano	b ɛ t̪ ɛ ɾ aː n̪ o
beterinaryo	b ɛ t̪ ɛ ɾ ɪ n̪ a ɾ j o
betis	b ɛː t̪ ɪ s
betlog	b ɛ t̪ l̪ o ɡ̚
betmed	b ɛ t̪ m ɛ d̪̚
betsin	b ɛ t̪ s ɪ n̪
betsin	b ɛː t͡ʃ ɪ n̪
betun	b ɛ t̪ ʊ n̪
bewang	b ɛː w ɐ ŋ
bey	b e ɪ̯
beybi	b e ɪ̯ b ɪ
beyk	b e ɪ̯ k
beynte	b e ɪ̯ n̪ t̪ ɛ
beynte	b ɛ n̪ t̪ ɛ
beysbol	b e ɪ̯ s b o l
beywang	b e ɪ̯ w a ŋ
bi	b ɪ
biak	b ɪ ʔ a k̚
bianda	b j a n̪ d̪ ɐ
biaya	b j aː j ɐ ʔ
bibay	b iː b a ɪ̯
bibe	b iː b ɛ
bibig	b ɪ b ɪ ɡ̚
bibigay	b iː b ɪ ɣ a ɪ̯
bibili	b ɪ b ɪ l ɪ
bibilis	b iː b ɪ l ɪ s
bibimbap	b iː b ɪ m b a p̚
bibingka	b ɪ b i ŋ k ɐ
bibingka	b ɪ b ɪ ŋ k a
bibliyograpiya	b ɪ b l j o ɡ ɾ ɐ p iː j ɐ
bibliyoteka	b ɪ b l j o t̪ ɛː x ɐ
bibo	b iː b o
bida	b iː d̪ ɐ
bidbid	b ɪ d̪ b ɪ d̪̚
bidbiran	b ɪ d̪ b iː ɾ ɐ n̪
bidbiran	b ɪ d̪ b ɪ ɾ a n̪
bidhani	b ɪ d̪ h aː n̪ ɪ ʔ
bidsin	b ɪ d̪ s ɪ n̪
bidyo	b i d̪ j o
bidyo	b iː d͡ʒ o
bidyoke	b ɪ d d͡ʒ oː x ɛ
bidyoke	b ɪ d̪ j oː x ɛ
bidyooke	b ɪ d d͡ʒ o ʔ oː x ɛ
bidyooke	b ɪ d̪ j o ʔ oː x ɛ
bidyuoke	b ɪ d d͡ʒ ʊ ʔ oː x ɛ
bidyuoke	b ɪ d̪ j ʊ ʔ oː x ɛ
biga	b iː ɣ ɐ
biga	b iː ɣ ɐ ʔ
bigamiya	b ɪ ɣ ɐ m iː j ɐ
bigamya	b ɪ ɣ a m j ɐ
bigamya	b ɪ ɣ ɐ m j a
bigas	b ɪ ɣ a s
bigasan	b iː ɣ aː s ɐ n̪
bigat	b ɪ ɣ a t̪̚
bigatin	b ɪ ɣ aː t̪ ɪ n̪
bigaw	b ɪ ɣ a ʊ̯
bigay	b ɪ ɣ a ɪ̯
bigaypala	b ɪ ɣ a ɪ̯ p aː l ɐ ʔ
bigha	b ɪ ɡ h a ʔ
bighani	b ɪ ɡ h aː n̪ ɪ ʔ
biginer	b ɪ ɣ iː n̪ ɛ ɾ
bigkas	b ɪ ɡ k a s
bigkis	b ɪ ɡ k ɪ s
bigla	b ɪ ɡ l a ʔ
biglaan	b ɪ ɡ l aː ʔ ɐ n̪
biglain	b ɪ ɡ l ɐ ʔ ɪ n̪
bignay	b ɪ ɡ n̪ a ɪ̯
bigo	b ɪ ɣ o ʔ
bigonya	b ɪ ɣ o n̪ j ɐ
bigonya	b ɪ ɣ oː ɲ ɐ
bigote	b ɪ ɣ oː t̪ ɛ
bigotilyo	b ɪ ɣ o t̪ i l j o
bigti	b ɪ ɡ t̪ ɪ
bigti	b ɪ ɡ t̪ ɪ ʔ
bigtihin	b ɪ ɡ t̪ ɪ h ɪ n̪
bigtiin	b ɪ ɡ t̪ ɪ ʔ ɪ n̪
bigting	b ɪ ɡ t̪ ɪ ŋ
biguin	b ɪ ɣ ʊ ʔ ɪ n̪
bigwas	b ɪ ɡ w a s
bigwela	b ɪ ɡ w ɛː l ɐ
bigyan	b ɪ ɡ j a n̪
biha	b iː h ɐ
bihag	b iː h ɐ ɡ̚
bihag	b ɪ h a ɡ̚
bihasa	b ɪ h aː s ɐ
bihasa	b ɪ h aː s ɐ ʔ
bihasa	b ɪ h ɐ s a
bihasa	b ɪ h ɐ s a ʔ
bihilante	b ɪ h ɪ l a n̪ t̪ ɛ
bihilya	b ɪ h i l j ɐ
bihira	b ɪ h iː ɾ ɐ ʔ
bihis	b iː h ɪ s
bihis	b ɪ h ɪ s
bihod	b iː h o d̪̚
bihon	b iː h o n̪
biik	b ɪ ʔ ɪ k̚
bika	b ɪ x a ʔ
bikalot	b ɪ x aː l o t̪̚
bikariya	b ɪ x ɐ ɾ iː j ɐ
bikariya	b ɪ x ɐ ɾ j a
bikarya	b ɪ x a ɾ j ɐ
bikaryato	b ɪ x ɐ ɾ j aː t̪ o
bikaryo	b ɪ x a ɾ j o
bikas	b iː x ɐ s
bikas	b ɪ x a s
bikat	b iː x ɐ t̪̚
biki	b iː x ɪ ʔ
bikig	b ɪ x ɪ ɡ̚
bikini	b ɪ x iː n̪ ɪ
biko	b iː x o
biktima	b i k t̪ ɪ m a
bila	b iː l ɐ ʔ
bila	b ɪ l a ʔ
bilabila	b ɪ l ɐ b ɪ l a
bilad	b ɪ l a d̪̚
bilahi	b ɪ l aː h ɪ ʔ
bilang	b iː l ɐ ŋ
bilang	b ɪ l a ŋ
bilangan	b ɪ l aː ŋ ɐ n̪
bilangan	b ɪ l ɐ ŋ a n̪
bilanggo	b ɪ l ɐ ŋ ɡ o ʔ
bilangguan	b ɪ l ɐ ŋ ɡ uː ʔ ɐ n̪
bilangin	b ɪ l aː ŋ ɪ n̪
bilao	b ɪ l a ʊ̯
bilao	b ɪ l aː ʔ o
bilaok	b ɪ l aː ʔ o k̚
bilar	b ɪ l a ɾ
bilas	b ɪ l a s
bilasa	b ɪ l aː s ɐ ʔ
bilasa	b ɪ l ɐ s a ʔ
bilauo	b ɪ l aː w o
bilaw	b ɪ l a ʊ̯
bilawo	b ɪ l aː w o
bilbil	b ɪ l b ɪ l
bilbord	b i l b o ɹ d̪
bilding	b i l d̪ ɪ ŋ
bilhan	b ɪ l h a n̪
bilhin	b ɪ l h ɪ n̪
bili	b ɪ l ɛ
bili	b ɪ l ɪ
bilib	b ɪ l ɪ b̚
bilibid	b ɪ l iː b ɪ d̪̚
bilig	b ɪ l ɪ ɡ̚
bilin	b iː l ɪ n̪
bilin	b ɪ l ɪ n̪
bilingbiling	b ɪ l i m b ɪ l ɪ ŋ
bilingguwal	b ɪ l ɪ ŋ ɡ w a l
bilingguwalismo	b ɪ l ɪ ŋ ɡ w ɐ l i s m o
bilingguwe	b ɪ l i ŋ ɡ w ɛ
bilingguwismo	b ɪ l ɪ ŋ ɡ w i s m o
bilinggwal	b ɪ l ɪ ŋ ɡ w a l
bilinggwalismo	b ɪ l ɪ ŋ ɡ w ɐ l i s m o
bilinggwe	b ɪ l i ŋ ɡ w ɛ
bilinggwismo	b ɪ l ɪ ŋ ɡ w i s m o
bilis	b ɪ l ɪ s
bilisan	b ɪ l ɪ s a n̪
bilnuran	b ɪ l n̪ uː ɾ ɐ n̪
bilnuro	b ɪ l n̪ uː ɾ o ʔ
bilo	b iː l o
bilo	b ɪ l o
bilog	b iː l o ɡ̚
bilog	b ɪ l o ɡ̚
bilos	b iː l o s
bilot	b iː l o t̪̚
bilot	b ɪ l o t̪̚
biloy	b iː l o ɪ̯
bilubilo	b ɪ l uː b ɪ l o
bilugan	b ɪ l uː ɣ ɐ n̪
bilugan	b ɪ l ʊ ɣ a n̪
bilugin	b ɪ l uː ɣ ɪ n̪
bilukaw	b ɪ l uː x a ʊ̯
bilulo	b ɪ l uː l o
biluslawas	b ɪ l ʊ s l aː w ɐ s
bilyar	b ɪ l j a ɾ
bilyaran	b ɪ l j aː ɾ ɐ n̪
bilyon	b ɪ l j o n̪
bilyonarya	b ɪ l j o n̪ a ɾ j ɐ
bilyonaryo	b ɪ l j o n̪ a ɾ j o
bimbang	b i m b ɐ ŋ
bimbin	b ɪ m b ɪ n̪
bimol	b ɪ m o l
bimpo	b i m p o
bimpo	b ɪ m p o
binababae	b ɪ n̪ aː b ɐ b aː ʔ ɛ
binabae	b ɪ n̪ ɐ b aː ʔ ɛ
binabae	b ɪ n̪ ɐ b ɐ ʔ ɛ
binabakunahan	b ɪ n̪ ɐ b ɐ x ʊ n̪ aː h ɐ n̪
binabalik	b ɪ n̪ aː b ɐ l ɪ k̚
binabasa	b ɪ n̪ ɐ b aː s ɐ
binabasa	b ɪ n̪ ɐ b ɐ s a ʔ
binabatukan	b ɪ n̪ ɐ b ɐ t̪ uː x ɐ n̪
binabayi	b ɪ n̪ ɐ b aː j ɪ
binabayi	b ɪ n̪ ɐ b ɐ j ɪ
binago	b ɪ n̪ aː ɣ o
binagre	b ɪ n̪ a ɡ ɾ ɛ
binakunahan	b ɪ n̪ ɐ x ʊ n̪ aː h ɐ n̪
binalalak	b ɪ n̪ ɐ l aː l ɐ k̚
binalik	b ɪ n̪ ɐ l ɪ k̚
binalon	b ɪ n̪ aː l o n̪
binangkal	b ɪ n̪ ɐ ŋ k a l
binasa	b ɪ n̪ aː s ɐ
binasa	b ɪ n̪ ɐ s a ʔ
binat	b iː n̪ ɐ t̪̚
binata	b ɪ n̪ aː t̪ ɐ ʔ
binatilyo	b ɪ n̪ ɐ t̪ i l j o
binatog	b ɪ n̪ ɐ t̪ o ɡ̚
binatukan	b ɪ n̪ ɐ t̪ uː x ɐ n̪
binawian	b ɪ n̪ ɐ w iː ʔ ɐ n̪
binaysok	b ɪ n̪ a ɪ̯ s o k̚
bindita	b ɪ n̪ d̪ iː t̪ ɐ
binditahan	b ɪ n̪ d̪ ɪ t̪ aː h ɐ n̪
binditahan	b ɪ n̪ d̪ ɪ t̪ ɐ h a n̪
bindito	b ɪ n̪ d̪ iː t̪ o
binggo	b i ŋ ɡ o
bingguhan	b ɪ ŋ ɡ uː h ɐ n̪
binghuwan	b ɪ ŋ h w a n̪
bingi	b ɪ ŋ ɪ
bingi	b ɪ ŋ ɪ ʔ
bingit	b iː ŋ ɪ t̪̚
bingkag	b ɪ ŋ k a ɡ̚
bingot	b iː ŋ o t̪̚
bingot	b ɪ ŋ o t̪̚
bingwit	b ɪ ŋ w ɪ t̪̚
binhay	b ɪ n̪ h a ɪ̯
binhi	b ɪ n̪ h ɪ ʔ
bini	b iː n̪ ɪ ʔ
binibigay	b ɪ n̪ iː b ɪ ɣ a ɪ̯
binibini	b ɪ n̪ ɪ b iː n̪ ɪ
biniboy	b iː n̪ ɪ b o ɪ̯
binigay	b ɪ n̪ ɪ ɣ a ɪ̯
binili	b ɪ n̪ ɪ l ɪ
bino	b iː n̪ o
binokulo	b ɪ n̪ oː x ʊ l o
binos	b iː n̪ o s
binsa	b ɪ n̪ s a ʔ
binta	b i n̪ t̪ ɐ
bintag	b ɪ n̪ t̪ a ɡ̚
bintana	b ɪ n̪ t̪ aː n̪ ɐ ʔ
bintang	b ɪ n̪ t̪ a ŋ
binti	b ɪ n̪ t̪ ɪ ʔ
bintikuhol	b ɪ n̪ t̪ ɪ x ʊ h o l
binting	b ɪ n̪ t̪ ɪ ŋ
bintog	b ɪ n̪ t̪ o ɡ̚
bintukuhol	b ɪ n̪ t̪ ʊ x ʊ h o l
binubuluran	b ɪ n̪ uː b ʊ l uː ɾ ɐ n̪
binubuluran	b ɪ n̪ uː b ʊ l ʊ ɾ a n̪
binubuweltahan	b ɪ n̪ ʊ b w ɛ l t̪ ɐ h a n̪
binuluran	b ɪ n̪ ʊ l uː ɾ ɐ n̪
binuluran	b ɪ n̪ ʊ l ʊ ɾ a n̪
binundok	b ɪ n̪ ʊ n̪ d̪ o k̚
binuok	b ɪ n̪ ʊ ʔ o k̚
binutil	b ɪ n̪ uː t̪ ɪ l
binuweltahan	b ɪ n̪ w ɛ l t̪ ɐ h a n̪
binuwo	b ɪ n̪ uː w o ʔ
binyag	b ɪ n ɲ a ɡ̚
binyag	b ɪ n̪ j a ɡ̚
binyulos	b ɪ n ɲ uː l o s
binyulos	b ɪ n̪ j uː l o s
bir	b ɪ ɾ
bira	b iː ɾ ɐ
bira	b iː ɾ ɐ ʔ
bira	b ɪ ɾ a
birada	b ɪ ɾ aː d̪ ɐ
birang	b iː ɾ ɐ ŋ
biray	b iː ɾ a ɪ̯
biray	b ɪ ɾ a ɪ̯
birdyinkok	b i ɾ d̪ j ɪ ŋ k o k̚
birdyinkok	b i ɾ d͡ʒ ɪ ŋ k o k̚
bireta	b ɪ ɾ ɛː t̪ ɐ
birete	b ɪ ɾ ɛː t̪ ɛ
birey	b iː ɾ e ɪ̯
birhani	b ɪ ɾ h aː n̪ ɪ ʔ
birhen	b i ɾ h ɛ n̪
birhen	b ɪ ɾ h ɛ n̪
birhenkok	b i ɾ h ɛ ŋ k o k̚
biri	b iː ɾ ɪ ʔ
biri	b ɪ ɾ ɪ
birilidad	b ɪ ɾ ɪ l ɪ d̪ a d̪̚
birimbaw	b ɪ ɾ ɪ m b a ʊ̯
biringhe	b ɪ ɾ i ŋ h ɛ
biringhe	b ɪ ɾ ɪ ŋ h ɛ
birit	b iː ɾ ɪ t̪̚
birlotse	b ɪ ɾ l o t̪ s ɛ
birlotse	b ɪ ɾ l oː t͡ʃ ɛ
biro	b iː ɾ o ʔ
birsin	b ɪ ɾ s ɪ n̪
birso	b i ɾ s o
birso	b ɪ ɾ s o
birtud	b ɪ ɾ t̪ ʊ d̪̚
birtudes	b ɪ ɾ t̪ uː d̪ ɛ s
birtuwal	b ɪ ɾ t̪ w a l
biruin	b ɪ ɾ uː ʔ ɪ n̪
birus	b iː ɾ ʊ s
biryani	b ɪ ɾ j aː n̪ ɪ
bisa	b iː s ɐ
bisa	b iː s ɐ ʔ
bisagra	b ɪ s a ɡ ɾ ɐ
bisak	b iː s ɐ k̚
bisaklat	b ɪ s ɐ k l a t̪̚
bisala	b ɪ s aː l ɐ
bisala	b ɪ s aː l ɐ ʔ
bise	b iː s ɛ
bisebersa	b ɪ s ɛ b ɛ ɾ s ɐ
bisi	b iː s ɪ
bisi	b iː s ɪ ʔ
bisi	b ɪ s ɪ ʔ
bisibilidad	b ɪ s ɪ b ɪ l ɪ d̪ a d̪̚
bisig	b iː s ɪ ɡ̚
bisikleta	b ɪ s ɪ k l ɛː t̪ ɐ
bisiro	b ɪ s iː ɾ o
bisisto	b ɪ s ɪ s t̪ o
bisita	b ɪ s iː t̪ ɐ
bisitahin	b ɪ s ɪ t̪ aː h ɪ n̪
bisiyesto	b ɪ s j ɛ s t̪ o
bisiyesto	b ɪ ʃ ɛ s t̪ o
bisko	b i s k o
biskonde	b ɪ s k o n̪ d̪ ɛ
biskondesa	b ɪ s k o n̪ d̪ ɛː s ɐ
biskotso	b ɪ s k o t̪ s o
biskotso	b ɪ s k oː t͡ʃ o
biskuwit	b i s k w ɪ t̪̚
biskuwit	b ɪ s k w ɪ t̪̚
biskwit	b i s k w ɪ t̪̚
biskwit	b ɪ s k w ɪ t̪̚
bislad	b ɪ s l a d̪̚
bislig	b ɪ s l ɪ ɡ̚
bisnes	b i s n̪ ɛ s
bisnis	b i s n̪ ɪ s
biso	b ɪ s o ʔ
bisor	b ɪ s o ɾ
bisperas	b i s p ɛ ɾ a s
bista	b i s t̪ ɐ
bistado	b ɪ s t̪ aː d̪ o
bistay	b ɪ s t̪ a ɪ̯
bistayan	b ɪ s t̪ aː j ɐ n̪
bistek	b ɪ s t̪ ɛ k̚
bisteksilog	b ɪ s t̪ ɛ k s ɪ l o ɡ̚
bisti	b ɪ s t̪ ɪ
bisto	b i s t̪ o
bisyesto	b ɪ s j ɛ s t̪ o
bisyesto	b ɪ ʃ ɛ s t̪ o
bisyo	b i s j o
bisyo	b iː ʃ o
bisyon	b ɪ s j o n̪
bisyon	b ɪ ʃ o n̪
bitad	b ɪ t̪ a d̪̚
bitag	b iː t̪ ɐ ɡ̚
bitak	b ɪ t̪ a k̚
bitamina	b ɪ t̪ ɐ m iː n̪ ɐ
bitaog	b ɪ t̪ aː ʔ o ɡ̚
bitas	b iː t̪ ɐ s
bitaw	b ɪ t̪ a ʊ̯
bitay	b iː t̪ a ɪ̯
bitay	b ɪ t̪ a ɪ̯
bitayan	b ɪ t̪ ɐ j a n̪
bitbit	b ɪ t̪ b ɪ t̪̚
bitchesa	b ɪ t t͡ʃ ɛː s ɐ
bitchesa	b ɪ t̪ s ɛː s ɐ
bithay	b ɪ t̪ h a ɪ̯
bitig	b iː t̪ ɪ ɡ̚
bitig	b ɪ t̪ ɪ ɡ̚
bitin	b iː t̪ ɪ n̪
bitin	b ɪ t̪ ɪ n̪
bitiw	b ɪ t̪ ɪ ʊ̯
bito	b iː t̪ o ʔ
bito	b ɪ t̪ o ʔ
biton	b ɪ t̪ o n̪
bitsesa	b ɪ t t͡ʃ ɛː s ɐ
bitsesa	b ɪ t̪ s ɛː s ɐ
bitsin	b ɪ t t͡ʃ ɪ n̪
bitsin	b ɪ t̪ s ɪ n̪
bitso	b i t̪ s o
bitso	b iː t͡ʃ o
bitso	b ɪ t t͡ʃ o
bitso	b ɪ t̪ s o
bitsuwelas	b ɪ t̪ s w ɛː l ɐ s
bitsuwelas	b ɪ t͡ʃ w ɛː l ɐ s
bituin	b ɪ t̪ uː ʔ ɪ n̪
bituin	b ɪ t̪ w ɪ n̪
bituin	b ɪ t̪ ʊ ʔ ɪ n̪
bituka	b ɪ t̪ uː x ɐ
bitun	b ɪ t̪ ʊ n̪
bituwin	b ɪ t̪ uː w ɪ n̪
bituwin	b ɪ t̪ w ɪ n̪
biya	b iː j ɐ
biya	b j a ʔ
biyahe	b j aː h ɛ
biyahero	b j ɐ h ɛː ɾ o
biyak	b j a k̚
biyanan	b j ɐ n̪ a n̪
biyanda	b j a n̪ d̪ ɐ
biyas	b j a s
biyatiko	b j aː t̪ ɪ x o
biyay	b j a ɪ̯
biyaya	b j aː j ɐ ʔ
biyenan	b j ɛ n̪ a n̪
biyograpiya	b j o ɡ ɾ ɐ p iː j ɐ
biyoimpormatika	b j o ʔ ɪ m p o ɾ m aː t̪ ɪ x a
biyola	b j oː l ɐ
biyolento	b j o l ɛ n̪ t̪ o
biyoleta	b j o l ɛː t̪ ɐ
biyolin	b j o l ɪ n̪
biyolohiya	b j o l o h iː j ɐ
biyolon	b j o l o n̪
biyopisika	b j o p iː s ɪ x a
biyuda	b j uː d̪ ɐ
biyudo	b j uː d̪ o
biyumahe	b j ʊ m aː h ɛ
biyuna	b j uː n̪ ɐ ʔ
blakbord	b l a k b o ɹ d̪
blangkete	b l ɐ ŋ k ɛː t̪ ɛ
blangko	b l a ŋ k o
blaspemiya	b l ɐ s p ɛ m iː j ɐ
blaspemiya	b l ɐ s p ɛː m j ɐ
blaspemya	b l ɐ s p ɛ m j ɐ
blater	b l aː t̪ ɛ ɾ
bloke	b l oː x ɛ
blusa	b l uː s ɐ
blusil	b l uː s ɪ l
boba	b oː b ɐ
bobo	b oː b o
bobotante	b oː b o t̪ a n̪ t̪ ɛ
boda	b oː d̪ ɐ
bodabil	b oː d̪ ɐ b ɪ l
bodega	b o d̪ ɛː ɣ ɐ
bodegero	b o d̪ ɛ ɣ ɛː ɾ o
bodka	b o d̪ k ɐ
bogambilya	b o ɣ ɐ m b i l j ɐ
bohaghag	b o h ɐ ɡ h a ɡ̚
boina	b o ɪ̯ n̪ ɐ
bok	b o k̚
bokabularyo	b o x ɐ b ʊ l a ɾ j o
bokal	b o x a l
bokasyon	b o x ɐ s j o n̪
bokasyon	b o x ɐ ʃ o n̪
bokaypato	b o x a ɪ̯ p aː t̪ o
bokaysendiyo	b o x a ɪ̯ s ɛ n̪ d̪ j o
bokaysendiyo	b o x a ɪ̯ s ɛ n̪ d͡ʒ o
bokaysendyo	b o x a ɪ̯ s ɛ n̪ d̪ j o
bokaysendyo	b o x a ɪ̯ s ɛ n̪ d͡ʒ o
boksing	b o k s ɪ ŋ
boksingero	b o k s ɪ ŋ ɛː ɾ o
bokya	b o k j ɐ ʔ
bola	b oː l ɐ
bolador	b o l ɐ d̪ o ɾ
bold	b o l d̪
boldyak	b o l d̪ j ɐ k̚
boldyak	b o l d͡ʒ ɐ k̚
bolera	b o l ɛː ɾ ɐ
bolero	b o l ɛː ɾ o
boletin	b o l ɛ t̪ ɪ n̪
bolilyaso	b o l ɪ l j aː s o
bolilyo	b o l i l j o
boling	b oː l ɪ ŋ
bolo	b oː l o
bolpen	b o l p ɛ n̪
bolshet	b o l s j ɛ t̪̚
bolshet	b o l ʃ ɛ t̪̚
bolta	b o l t̪ ɐ
boltahe	b o l t̪ aː h ɛ
boltiyo	b o l t̪ j o
boltiyo	b o l t͡ʃ o
boluble	b o l uː b l ɛ
bolumen	b o l uː m ɛ n̪
boluntaryo	b o l ʊ n̪ t̪ a ɾ j o
boluntir	b oː l ʊ n̪ t̪ ɪ ɾ
boluptuwosa	b o l ʊ p t̪ w oː s ɐ
boluptuwoso	b o l ʊ p t̪ w oː s o
bolyum	b o l j ʊ m
bomba	b o m b ɐ
bombero	b o m b ɛː ɾ o
bombilya	b o m b i l j ɐ
bonak	b oː n̪ ɐ k̚
bondying	b o n̪ d̪ j ɪ ŋ
bondying	b o n̪ d͡ʒ ɪ ŋ
bonete	b o n̪ ɛː t̪ ɛ
bongga	b o ŋ ɡ ɐ
bonito	b o n̪ iː t̪ o
bope	b oː p ɛ
bopes	b oː p ɛ s
bopis	b oː p ɪ s
bopol	b oː p o l
bopols	b oː p o l s
boratsera	b o ɾ ɐ t t͡ʃ ɛː ɾ ɐ
boratsera	b o ɾ ɐ t̪ s ɛː ɾ ɐ
boratsero	b o ɾ ɐ t t͡ʃ ɛː ɾ o
boratsero	b o ɾ ɐ t̪ s ɛː ɾ o
borbeg	b o ɾ b ɛ ɡ̚
bord	b o ɹ d̪
borda	b o ɾ d̪ a
bordon	b o ɾ d̪ o n̪
boriko	b o ɾ iː x o
boriko	b oː ɾ ɪ x o
borlas	b o ɾ l ɐ s
borlog	b o ɾ l o ɡ̚
boro	b oː ɾ o
borta	b o ɾ t̪ ɐ
bos	b o s
boses	b oː s ɛ s
bosing	b oː s ɪ ŋ
boso	b oː s o
boss	b o s
bosyo	b o s j o ʔ
bosyo	b oː ʃ o ʔ
bota	b oː t̪ ɐ
botak	b oː t̪ ɐ k̚
botanika	b o t̪ aː n̪ ɪ x a
botante	b o t̪ a n̪ t̪ ɛ
botas	b oː t̪ ɐ s
bote	b oː t̪ ɛ
botelya	b o t̪ ɛ l j ɐ
botiha	b o t̪ iː h ɐ
botika	b o t̪ iː x ɐ
boto	b oː t̪ o
botogs	b oː t̪ o ɡ s
botohan	b o t̪ o h a n̪
botohan	b o t̪ oː h ɐ n̪
boton	b o t̪ o n̪
boton	b oː t̪ o n̪
botones	b o t̪ oː n̪ ɛ s
botong	b o t̪ o ŋ
botsa	b o t̪ s ɐ ʔ
botsa	b oː t͡ʃ ɐ ʔ
botser	b o t̪ s ɛ ɾ
botser	b oː t͡ʃ ɛ ɾ
bottomesa	b o t̪ o m ɛː s ɐ
botyog	b o t̪ j o ɡ̚
botyog	b oː t͡ʃ o ɡ̚
boy	b o ɪ̯
boya	b oː j ɐ
boykot	b o ɪ̯ x o t̪̚
boyna	b o ɪ̯ n̪ ɐ
boypren	b o ɪ̯ p ɾ ɛ n̪
boyprend	b o ɪ̯ p ɾ ɛ n̪ d̪
bra	b ɾ a
brad	b ɾ a d̪̚
brandi	b ɾ a n̪ d̪ ɪ
braso	b ɾ aː s o
brea	b ɾ ɛː j ɐ
breya	b ɾ ɛː j ɐ
breyk	b ɾ e ɪ̯ k
breyslet	b ɾ e ɪ̯ s l ɛ t̪̚
brilyante	b ɾ ɪ l j a n̪ t̪ ɛ
bringhe	b ɾ i ŋ h ɛ
bringhe	b ɾ ɪ ŋ h ɛ
brip	b ɾ ɪ p̚
brodkas	b ɾ o d̪ k ɐ s
brodkast	b ɾ o d̪ k ɐ s t̪
brodkaster	b ɾ o d̪ k a s t̪ ɛ ɾ
brokoli	b ɾ oː x o l ɪ
brokuli	b ɾ o x ʊ l ɪ
bronse	b ɾ o n̪ s ɛ
brosyur	b ɾ o s j ʊ ɾ
brosyur	b ɾ o ʃ ʊ ɾ
brotsa	b ɾ o t̪ s ɐ
brotsa	b ɾ oː t͡ʃ ɐ
bruder	b ɾ uː d̪ ɛ ɾ
bruha	b ɾ uː h ɐ
bruhula	b ɾ ʊ h uː l ɐ
brukal	b ɾ ʊ x a l
brutal	b ɾ ʊ t̪ a l
buag	b ʊ ʔ a ɡ̚
bual	b w a l
bual	b ʊ ʔ a l
bualaw	b ʊ ʔ aː l a ʊ̯
buang	b uː ʔ ɐ ŋ
buang	b ʊ ʔ a ŋ
buaya	b w aː j ɐ
buaya	b ʊ ʔ aː j ɐ
bubalo	b uː b ɐ l o
bubelya	b ʊ b ɛ l j ɐ
bubo	b uː b o
bubo	b uː b o ʔ
bubo	b ʊ b o
bubo	b ʊ b o ʔ
bubog	b uː b o ɡ̚
bubon	b ʊ b o n̪
bubong	b ʊ b o ŋ
buboy	b uː b o ɪ̯
bubuli	b ʊ b uː l ɪ
bubuli	b ʊ b ʊ l ɪ
bubulong	b uː b ʊ l o ŋ
bubungan	b ʊ b ʊ ŋ a n̪
bubuweltahan	b ʊ b w ɛ l t̪ ɐ h a n̪
bubuwit	b ʊ b w ɪ t̪̚
bubuyog	b ʊ b uː j o ɡ̚
bubwit	b ʊ b w ɪ t̪̚
budang	b ʊ d̪ a ŋ
budbod	b ʊ d̪ b o d̪̚
budhi	b ʊ d̪ h ɪ ʔ
budin	b ʊ d̪ ɪ n̪
buding	b ʊ d̪ ɪ ŋ
budol	b uː d̪ o l
budots	b ʊ d̪ o t̪ s
buga	b uː ɣ ɐ ʔ
buga	b ʊ ɣ a
bugat	b ʊ ɣ a t̪̚
bugaw	b uː ɣ a ʊ̯
bugbog	b ʊ ɡ b o ɡ̚
bugbugan	b ʊ ɡ b uː ɣ ɐ n̪
bugbugin	b ʊ ɡ b ʊ ɣ ɪ n̪
bughaw	b ʊ ɡ h a ʊ̯
bugnit	b ʊ ɡ n̪ ɪ t̪̚
bugnitbugnit	b ʊ ɡ n̪ ɪ t̪ b ʊ ɡ n̪ ɪ t̪̚
bugnot	b ʊ ɡ n̪ o t̪̚
bugnoy	b ʊ ɡ n̪ o ɪ̯
bugnutin	b ʊ ɡ n̪ uː t̪ ɪ n̪
bugok	b ʊ ɣ o k̚
bugong	b ʊ ɣ o ŋ
bugso	b ʊ ɡ s o ʔ
bugtong	b ʊ ɡ t̪ o ŋ
buhag	b uː h ɐ ɡ̚
buhag	b ʊ h a ɡ̚
buhaghag	b ʊ h ɐ ɡ h a ɡ̚
buhagsigan	b ʊ h ɐ ɡ s iː ɣ ɐ n̪
buhagsigwasan	b ʊ h ɐ ɡ s ɪ ɡ w aː s ɐ n̪
buhagtigilan	b ʊ h ɐ ɡ t̪ ɪ ɣ iː l ɐ n̪
buhangin	b ʊ h aː ŋ ɪ n̪
buhanginan	b uː h ɐ ŋ ɪ n̪ a n̪
buhanginan	b ʊ h ɐ ŋ iː n̪ ɐ n̪
buhat	b uː h ɐ t̪̚
buhat	b ʊ h a t̪̚
buhawi	b ʊ h aː w ɪ ʔ
buhay	b uː h a ɪ̯
buhay	b ʊ h a ɪ̯
buhero	b ʊ h ɛː ɾ o
buho	b uː h o
buho	b uː h o ʔ
buhok	b ʊ h o k̚
buhol	b ʊ h o l
buhong	b ʊ h o ŋ
buhos	b uː h o s
buhusan	b ʊ h uː s ɐ n̪
buhusan	b ʊ h ʊ s a n̪
buil	b uː ʔ ɪ l
buka	b ʊ x a
bukad	b ʊ x a d̪̚
bukadkad	b ʊ x ɐ d̪ k a d̪̚
bukaka	b ʊ x aː x ɐ ʔ
bukaka	b ʊ x ɐ x a ʔ
bukal	b ʊ x a l
bukalkal	b ʊ x ɐ l k a l
bukambibig	b ʊ x ɐ m b ɪ b ɪ ɡ̚
bukana	b ʊ x aː n̪ ɐ
bukaran	b ʊ x ɐ ɾ a n̪
bukas	b uː x ɐ s
bukas	b ʊ x a s
bukawe	b ʊ x aː w ɛ
bukawi	b ʊ x aː w ɪ
bukayo	b ʊ x aː j o ʔ
bukaypato	b ʊ x a ɪ̯ p aː t̪ o
bukbaynding	b ʊ k b a ɪ̯ n̪ d̪ ɪ ŋ
bukbok	b ʊ k b o k̚
bukhayo	b ʊ k h aː j o ʔ
bukid	b uː x ɪ d̪̚
buking	b ʊ x ɪ ŋ
bukirin	b ʊ x ɪ ɾ ɪ n̪
bukkiper	b ʊ k k iː p ɛ ɾ
bukkiping	b ʊ k k iː p ɪ ŋ
buklat	b ʊ k l a t̪̚
buklaw	b ʊ k l a ʊ̯
buklod	b ʊ k l o d̪̚
buko	b uː x o
buko	b ʊ x o
bukod	b ʊ x o d̪̚
bukol	b uː x o l
bukong	b uː x o ŋ
bukong	b ʊ x o ŋ
bukot	b uː x o t̪̚
bukot	b ʊ x o t̪̚
buksan	b ʊ k s a n̪
buktsoy	b ʊ k t͡s o ɪ̯
buktsoy	b ʊ k t͡ʃ o ɪ̯
bula	b uː l ɐ
bula	b uː l ɐ ʔ
bula	b ʊ l a
bula	b ʊ l a ʔ
bulaan	b ʊ l aː ʔ ɐ n̪
bulabog	b ʊ l aː b o ɡ̚
bulabugin	b ʊ l ɐ b uː ɣ ɪ n̪
bulag	b uː l ɐ ɡ̚
bulag	b ʊ l a ɡ̚
bulaga	b ʊ l ɐ ɣ a ʔ
bulagsak	b ʊ l ɐ ɡ s a k̚
bulagta	b ʊ l ɐ ɡ t̪ a ʔ
bulahaw	b ʊ l aː h a ʊ̯
bulahaw	b ʊ l ɐ h a ʊ̯
bulak	b uː l ɐ k̚
bulak	b ʊ l a k̚
bulakan	b ʊ l aː x ɐ n̪
bulakan	b ʊ l ɐ x a n̪
bulakbol	b ʊ l ɐ k b o l
bulakbul	b ʊ l ɐ k b ʊ l
bulaklak	b ʊ l ɐ k l a k̚
bulalakaw	b ʊ l ɐ l aː x a ʊ̯
bulalas	b ʊ l aː l ɐ s
bulalas	b ʊ l ɐ l a s
bulalato	b ʊ l ɐ l aː t̪ o
bulalay	b ʊ l aː l a ɪ̯
bulalayak	b uː l ɐ l ɐ j a k̚
bulalo	b ʊ l ɐ l o
bulalo	b ʊ l ɐ l o ʔ
bulan	b uː l ɐ n̪
bulandal	b ʊ l ɐ n̪ d̪ a l
bulanglang	b ʊ l ɐ n̪ l a ŋ
bulantubig	b ʊ l ɐ n̪ t̪ uː b ɪ ɡ̚
bulaos	b ʊ l aː ʔ o s
bulas	b uː l ɐ s
bulastog	b ʊ l ɐ s t̪ o ɡ̚
bulate	b ʊ l aː t̪ ɛ
bulati	b ʊ l aː t̪ ɪ
bulatlat	b ʊ l ɐ t̪ l̪ a t̪̚
bulatlupa	b ʊ l ɐ t̪ l̪ uː p ɐ ʔ
bulaw	b ʊ l a ʊ̯
bulawan	b ʊ l aː w ɐ n̪
bulay	b uː l a ɪ̯
bulbol	b ʊ l b o l
buldog	b u l d̪ o ɡ̚
buldoser	b ʊ l d̪ oː s ɛ ɾ
bulgar	b ʊ l ɡ a ɾ
buli	b uː l ɪ
buli	b ʊ l ɪ
bulias	b ʊ l iː ʔ ɐ s
bulias	b ʊ l ɪ ʔ a s
bulid	b ʊ l ɪ d̪̚
bulig	b ʊ l ɪ ɡ̚
buliga	b ʊ l iː ɣ ɐ ʔ
bulihala	b ʊ l ɪ h aː l ɐ ʔ
bulilit	b ʊ l iː l ɪ t̪̚
bulilit	b ʊ l ɪ l ɪ t̪̚
bulilyaso	b ʊ l ɪ l j aː s o
buling	b uː l ɪ ŋ
buling	b ʊ l ɪ ŋ
bulingbuling	b uː l ɪ m b uː l ɪ ŋ
bulinya	b ʊ l ɪ n ɲ a ʔ
bulinya	b ʊ l ɪ n̪ j a ʔ
buliyos	b ʊ l iː j o s
bulkan	b ʊ l k a n̪
bulo	b uː l o
bulo	b ʊ l o ʔ
bulod	b uː l o d̪̚
bulog	b uː l o ɡ̚
bulok	b ʊ l o k̚
bulol	b ʊ l o l
bulon	b ʊ l o n̪
bulong	b ʊ l o ŋ
bulsa	b u l s ɐ
bulsa	b ʊ l s a
bulsiko	b ʊ l s iː x o
bulsikot	b ʊ l s iː x o t̪̚
bulsilyo	b ʊ l s i l j o
bulta	b ʊ l t̪ a
bulto	b u l t̪ o
buluble	b ʊ l uː b l ɛ
bulubod	b ʊ l uː b o d̪̚
bulubor	b ʊ l uː b o ɾ
bulubulo	b uː l ʊ b uː l o ʔ
bulubundukin	b ʊ l ʊ b ʊ n̪ d̪ uː x ɪ n̪
buluburan	b uː l ʊ b ʊ ɾ a n̪
buluburan	b ʊ l ʊ b uː ɾ ɐ n̪
bulugan	b ʊ l uː ɣ ɐ n̪
bululos	b ʊ l ʊ l o s
buluntaryo	b ʊ l ʊ n̪ t̪ a ɾ j o
buluran	b ʊ l uː ɾ ɐ n̪
buluran	b ʊ l ʊ ɾ a n̪
buluranan	b ʊ l ʊ ɾ ɐ n̪ a n̪
buluranin	b ʊ l ʊ ɾ ɐ n̪ ɪ n̪
bulutong	b ʊ l uː t̪ o ŋ
bulutunggo	b ʊ l ʊ t̪ ʊ ŋ ɡ o
bulwacc	b ʊ l w a k̚
bulwag	b ʊ l w a ɡ̚
bulwagan	b ʊ l w aː ɣ ɐ n̪
bulwagan	b ʊ l w ɐ ɣ a n̪
bulwak	b ʊ l w a k̚
bulwang	b ʊ l w a ŋ
bulyas	b ʊ l j a s
bulyaw	b ʊ l j a ʊ̯
bulyos	b ʊ l j o s
bumaba	b ʊ m aː b ɐ ʔ
bumaba	b ʊ m ɐ b a
bumaba	b ʊ m ɐ b a ʔ
bumabagsak	b ʊ m aː b ɐ ɡ s a k̚
bumabahin	b ʊ m aː b ɐ h ɪ n̪
bumabahing	b ʊ m aː b ɐ h ɪ ŋ
bumagal	b ʊ m aː ɣ ɐ l
bumagsak	b ʊ m ɐ ɡ s a k̚
bumagyo	b ʊ m ɐ ɡ j o
bumaha	b ʊ m ɐ h a ʔ
bumahin	b ʊ m ɐ h ɪ n̪
bumahing	b ʊ m ɐ h ɪ ŋ
bumali	b ʊ m aː l ɪ ʔ
bumalik	b ʊ m ɐ l ɪ k̚
bumalikwas	b ʊ m ɐ l ɪ k w a s
bumalintong	b ʊ m ɐ l ɪ n̪ t̪ o ŋ
bumasa	b ʊ m aː s ɐ
bumasa	b ʊ m ɐ s a ʔ
bumasag	b ʊ m aː s ɐ ɡ̚
bumata	b ʊ m aː t̪ ɐ ʔ
bumatak	b ʊ m aː t̪ ɐ k̚
bumatik	b ʊ m ɐ t̪ ɪ k̚
bumbero	b ʊ m b ɛː ɾ o
bumbilya	b ʊ m b i l j ɐ
bumbon	b ʊ m b o n̪
bumbong	b ʊ m b o ŋ
bumbunan	b ʊ m b uː n̪ ɐ n̪
bumbunan	b ʊ m b ʊ n̪ a n̪
bumerang	b uː m ɛ ɾ a ŋ
bumibili	b ʊ m iː b ɪ l ɪ
bumibiyahe	b ʊ m iː b j aː h ɛ
bumibiyahe	b ʊ m ɪ b j aː h ɛ
bumigay	b ʊ m ɪ ɣ a ɪ̯
bumili	b ʊ m ɪ l ɪ
bumilis	b ʊ m ɪ l ɪ s
bumisita	b ʊ m ɪ s iː t̪ ɐ
bumitiw	b ʊ m ɪ t̪ ɪ ʊ̯
bumiyahe	b ʊ m j aː h ɛ
bumoto	b ʊ m oː t̪ o
bumubulong	b ʊ m uː b ʊ l o ŋ
bumula	b ʊ m ʊ l a ʔ
bumulong	b ʊ m ʊ l o ŋ
bumulwak	b ʊ m ʊ l w a k̚
bumuo	b ʊ m ʊ ʔ o ʔ
bumusina	b ʊ m ʊ s iː n̪ ɐ
bumuwelta	b ʊ m w ɛ l t̪ ɐ
bundat	b ʊ n̪ d̪ a t̪̚
bundok	b ʊ n̪ d̪ o k̚
bundol	b ʊ n̪ d̪ o l
bunga	b uː ŋ ɐ
bungal	b ʊ ŋ a l
bunganga	b ʊ ŋ aː ŋ ɐ ʔ
bungangaan	b ʊ ŋ ɐ ŋ aː ʔ ɐ n̪
bungangera	b ʊ ŋ ɐ ŋ ɛː ɾ ɐ
bungangero	b ʊ ŋ ɐ ŋ ɛː ɾ o
bungangkahoy	b uː ŋ ɐ ŋ k aː h o ɪ̯
bungantulog	b uː ŋ ɐ n̪ t̪ uː l o ɡ̚
bungaw	b ʊ ŋ a ʊ̯
bungbong	b ʊ m b o ŋ
bunggabilya	b ʊ ŋ ɡ ɐ b i l j ɐ
bunggalo	b ʊ ŋ ɡ ɐ l o
bunggo	b ʊ ŋ ɡ o ʔ
bungi	b uː ŋ ɪ ʔ
bungi	b ʊ ŋ ɪ ʔ
bungisngis	b ʊ ŋ ɪ s ŋ ɪ s
bungkagin	b ʊ ŋ k ɐ ɣ ɪ n̪
bungkal	b ʊ ŋ k a l
bungkos	b ʊ ŋ k o s
bungkugan	b ʊ ŋ k uː ɣ ɐ n̪
bungo	b ʊ ŋ o ʔ
bungot	b ʊ ŋ o t̪̚
bungoy	b ʊ ŋ o ɪ̯
bungso	b ʊ n̪ s o
bungso	b ʊ n̪ s o ʔ
bungulan	b ʊ ŋ uː l ɐ n̪
buni	b uː n̪ ɪ
bunito	b ʊ n̪ iː t̪ o
buno	b ʊ n̪ o ʔ
bunot	b uː n̪ o t̪̚
bunot	b ʊ n̪ o t̪̚
bunrok	b ʊ n̪ ɾ o k̚
bunso	b ʊ n̪ s o
bunso	b ʊ n̪ s o ʔ
bunsod	b ʊ n̪ s o d̪̚
bunsol	b ʊ n̪ s o l
buntabay	b ʊ n̪ t̪ aː b a ɪ̯
buntal	b ʊ n̪ t̪ a l
buntala	b ʊ n̪ t̪ aː l ɐ ʔ
buntis	b ʊ n̪ t̪ ɪ s
bunto	b ʊ n̪ t̪ o
bunton	b ʊ n̪ t̪ o n̪
buntonghininga	b ʊ n̪ t̪ o ŋ h ɪ n̪ ɪ ŋ a
buntot	b ʊ n̪ t̪ o t̪̚
buntutan	b ʊ n̪ t̪ ʊ t̪ a n̪
bunwelos	b ʊ n̪ w ɛː l o s
bunyag	b ʊ n ɲ a ɡ̚
bunyag	b ʊ n̪ j a ɡ̚
bunyi	b ʊ n ɲ ɪ ʔ
bunyi	b ʊ n̪ j ɪ ʔ
buo	b uː ʔ o
buo	b uː ʔ o ʔ
buo	b ʊ ʔ o
buo	b ʊ ʔ o ʔ
buod	b uː ʔ o d̪̚
buod	b ʊ ʔ o d̪̚
buoin	b ʊ ʔ o ʔ ɪ n̪
buok	b ʊ ʔ o k̚
buol	b uː ʔ o l
buol	b ʊ ʔ o l
buorin	b ʊ ʔ o ɾ ɪ n̪
buot	b uː ʔ o t̪̚
buot	b ʊ ʔ o t̪̚
bupalo	b uː p ɐ l o
bupe	b ʊ p ɛ
bupes	b uː p ɛ s
bupete	b ʊ p ɛː t̪ ɛ
bupey	b ʊ p e ɪ̯
bupis	b uː p ɪ s
bura	b uː ɾ ɐ
bura	b ʊ ɾ a
burado	b ʊ ɾ aː d̪ o
burahin	b ʊ ɾ ɐ h ɪ n̪
burak	b uː ɾ ɐ k̚
buraot	b ʊ ɾ aː ʔ o t̪̚
burara	b ʊ ɾ aː ɾ ɐ ʔ
burara	b ʊ ɾ ɐ ɾ a ʔ
burat	b ʊ ɾ a t̪̚
buratsera	b ʊ ɾ ɐ t t͡ʃ ɛː ɾ ɐ
buratsera	b ʊ ɾ ɐ t̪ s ɛː ɾ ɐ
buratsero	b ʊ ɾ ɐ t t͡ʃ ɛː ɾ o
buratsero	b ʊ ɾ ɐ t̪ s ɛː ɾ o
burda	b ʊ ɾ d̪ a
burges	b ʊ ɾ ɡ ɛ s
burgesya	b ʊ ɾ ɡ ɛ s j ɐ
burgesya	b ʊ ɾ ɡ ɛː ʃ ɐ
burgis	b ʊ ɾ ɡ ɪ s
buriko	b ʊ ɾ iː x o
buriwriw	b ʊ ɾ i ʊ̯ ɾ ɪ ʊ̯
burloloy	b ʊ ɾ l oː l o ɪ̯
burnik	b ʊ ɾ n̪ ɪ k̚
buro	b uː ɾ o
buro	b uː ɾ o ʔ
buro	b ʊ ɾ o
burog	b uː ɾ o ɡ̚
burok	b uː ɾ o k̚
burol	b uː ɾ o l
burol	b ʊ ɾ o l
burong	b uː ɾ o ŋ
burot	b uː ɾ o t̪̚
burukinto	b ʊ ɾ ʊ x ɪ n̪ t̪ o
buryong	b ʊ ɾ j o ŋ
bus	b a s
bus	b ʊ s
busa	b uː s ɐ ʔ
busa	b ʊ s a
busabos	b ʊ s aː b o s
busal	b uː s ɐ l
busal	b ʊ s a l
busan	b uː s ɐ n̪
busangot	b ʊ s aː ŋ o t̪̚
busangot	b ʊ s ɐ ŋ o t̪̚
busay	b ʊ s a ɪ̯
busbos	b ʊ s b o s
buset	b uː s ɛ t̪̚
buset	b ʊ s ɛ t̪̚
busilak	b ʊ s iː l ɐ k̚
busilig	b ʊ s iː l ɪ ɡ̚
busina	b ʊ s iː n̪ ɐ
busisera	b ʊ s ɪ s ɛː ɾ ɐ
busisero	b ʊ s ɪ s ɛː ɾ o
busisi	b ʊ s iː s ɪ ʔ
busisi	b ʊ s ɪ s ɪ ʔ
buskapiye	b ʊ s k ɐ p j ɛ
buskarido	b ʊ s k ɐ ɾ iː d̪ o
buslo	b ʊ s l o ʔ
buslot	b ʊ s l o t̪̚
busog	b uː s o ɡ̚
busog	b ʊ s o ɡ̚
busol	b ʊ s o l
buson	b ʊ s o n̪
busong	b uː s o ŋ
buswang	b ʊ s w a ŋ
busyador	b ʊ s j ɐ d̪ o ɾ
busyador	b ʊ ʃ ɐ d̪ o ɾ
butaka	b ʊ t̪ aː x ɐ
butaka	b ʊ t̪ aː x ɐ ʔ
butal	b ʊ t̪ a l
butanding	b ʊ t̪ ɐ n̪ d̪ ɪ ŋ
butang	b ʊ t̪ a ŋ
butangero	b ʊ t̪ ɐ ŋ ɛː ɾ o
butas	b uː t̪ ɐ s
butas	b ʊ t̪ a s
butaw	b uː t̪ a ʊ̯
butaw	b ʊ t̪ a ʊ̯
butete	b ʊ t̪ ɛː t̪ ɛ
butete	b ʊ t̪ ɛː t̪ ɛ ʔ
buthuan	b ʊ t̪ h uː ʔ ɐ n̪
buthuan	b ʊ t̪ h ʊ ʔ a n̪
buti	b uː t̪ ɪ
butig	b ʊ t̪ ɪ ɡ̚
butigan	b ʊ t̪ ɪ ɣ a n̪
butiha	b ʊ t̪ iː h ɐ
butiin	b ʊ t̪ iː ʔ ɪ n̪
butiki	b ʊ t̪ ɪ x ɪ ʔ
butil	b uː t̪ ɪ l
butisa	b ʊ t̪ iː s ɐ
butlig	b ʊ t̪ l̪ ɪ ɡ̚
buto	b uː t̪ o ʔ
buto	b ʊ t̪ o
butod	b uː t̪ o d̪̚
butod	b ʊ t̪ o d̪̚
butones	b ʊ t̪ oː n̪ ɛ s
butot	b ʊ t̪ o t̪̚
butse	b ʊ t t͡ʃ ɛ
butse	b ʊ t t͡ʃ ɪ
butse	b ʊ t̪ s ɛ
butse	b ʊ t̪ s ɪ
butsi	b u t̪ s ɪ
butsi	b uː t͡ʃ ɪ
butsi	b ʊ t t͡ʃ ɪ
butsi	b ʊ t̪ s ɪ
butuan	b ʊ t̪ uː ʔ ɐ n̪
butuan	b ʊ t̪ ʊ ʔ a n̪
butudkaphay	b ʊ t̪ u d̪ k ɐ p h a ɪ̯
butudkilos	b ʊ t̪ u d̪ k iː l o s
butuhan	b ʊ t̪ uː h ɐ n̪
butuhan	b ʊ t̪ ʊ h a n̪
buturan	b ʊ t̪ uː ɾ ɐ n̪
buuin	b ʊ ʔ ʊ ʔ ɪ n̪
buukin	b uː ʔ uː x ɪ n̪
buumbilang	b ʊ ʔ ʊ m b iː l ɐ ŋ
buurin	b ʊ ʔ ʊ ɾ ɪ n̪
buwa	b uː w ɐ ʔ
buwa	b w a ʔ
buwag	b w a ɡ̚
buwagin	b w aː ɣ ɪ n̪
buwagin	b w ɐ ɣ ɪ n̪
buwakaw	b w aː x a ʊ̯
buwal	b w a l
buwan	b uː w ɐ n̪
buwan	b w a n̪
buwanan	b w aː n̪ ɐ n̪
buwang	b uː w ɐ ŋ
buwang	b w a ŋ
buway	b w a ɪ̯
buwaya	b w aː j ɐ
buwelo	b w ɛː l o
buwelta	b w ɛ l t̪ ɐ
buweltahan	b w ɛ l t̪ ɐ h a n̪
buwenamano	b w ɛː n̪ ɐ m aː n̪ o
buweno	b w ɛː n̪ o
buwig	b uː w ɪ ɡ̚
buwig	b w ɪ ɡ̚
buwik	b w ɪ k̚
buwis	b w ɪ s
buwisan	b uː w iː s ɐ n̪
buwisan	b w ɪ s a n̪
buwisit	b w iː s ɪ t̪̚
buwisit	b w ɪ s ɪ t̪̚
buwitre	b w i t̪ ɾ ɛ
buwo	b uː w o ʔ
buwod	b uː w o d̪̚
buwor	b uː w o ɾ
buya	b uː j ɐ ʔ
buyaya	b ʊ j aː j ɐ ʔ
buyaya	b ʊ j ɐ j a ʔ
buyo	b uː j o
buyo	b ʊ j o
buyon	b uː j o n̪
buyon	b ʊ j o n̪
buyuhin	b ʊ j ʊ h ɪ n̪
buyunin	b uː j uː n̪ ɪ n̪
buyunin	b ʊ j ʊ n̪ ɪ n̪
bwisit	b w iː s ɪ t̪̚
byanan	b j ɐ n̪ a n̪
byanda	b j a n̪ d̪ ɐ
byenan	b j ɛ n̪ a n̪
byolohiya	b j o l o h iː j ɐ
byolon	b j o l o n̪
byuna	b j uː n̪ ɐ ʔ
c	k
c	s
c	s ɛ
c	s ɪ
calaquian	k ɐ l ɐ x iː j ɐ n̪
calaquian	k ɐ l ɐ x iː ʔ ɐ n̪
calaquiyan	k ɐ l ɐ x iː j ɐ n̪
cariñosa	k ɐ ɾ ɪ n ɲ oː s ɐ
cariñosa	k ɐ ɾ ɪ n̪ j oː s ɐ
carps	k a ɹ p s
ce	s ɛ
ch	s
ch	s ɛ
ch	t̪ s
ch	t͡s ɛ
ch	t͡ʃ
ch	t͡ʃ ɛ
cha	t͡s a
cha	t͡s a ʔ
cha	t͡ʃ a
cha	t͡ʃ a ʔ
chaka	t͡s aː x ɐ
chaka	t͡s ɐ x a ʔ
chaka	t͡ʃ aː x ɐ
chaka	t͡ʃ ɐ x a ʔ
champaca	t͡s ɐ m p aː x ɐ
champaca	t͡ʃ ɐ m p aː x ɐ
chane	t͡s aː n̪ ɛ ʔ
chane	t͡ʃ aː n̪ ɛ ʔ
chani	t͡s aː n̪ ɪ ʔ
chani	t͡ʃ aː n̪ ɪ ʔ
char	t͡s a ɾ
char	t͡ʃ a ɾ
charing	t͡s ɐ ɾ ɪ ŋ
charing	t͡ʃ ɐ ɾ ɪ ŋ
charot	t͡s ɐ ɾ o t̪̚
charot	t͡ʃ ɐ ɾ o t̪̚
charotera	t͡s ɐ ɾ o t̪ ɛː ɾ ɐ
charotera	t͡ʃ ɐ ɾ o t̪ ɛː ɾ ɐ
chat	t͡s a t̪̚
chat	t͡ʃ a t̪̚
che	s ɛ
che	t͡s ɛ
che	t͡ʃ ɛ
chicha	t͡s i t̪ s ɐ
chicha	t͡ʃ iː t͡ʃ ɐ
chicharon	t͡s ɪ t̪ s ɐ ɾ o n̪
chicharon	t͡ʃ ɪ t t͡ʃ ɐ ɾ o n̪
chicsilog	t͡s i k s ɪ l o ɡ̚
chicsilog	t͡ʃ i k s ɪ l o ɡ̚
chilak	t͡s ɪ l a k̚
chilak	t͡ʃ ɪ l a k̚
chinchao	t͡s ɪ n̪ t͡s a ʊ̯
chinchao	t͡ʃ ɪ n̪ t͡ʃ a ʊ̯
chola	t͡s oː l ɐ
chola	t͡ʃ oː l ɐ
chub	t͡s ʊ b̚
chub	t͡ʃ ʊ b̚
chukchak	t͡s u k t͡s ɐ k̚
chukchak	t͡ʃ u k t͡ʃ ɐ k̚
chumaka	t͡s ʊ m aː x ɐ
chumaka	t͡ʃ ʊ m aː x ɐ
cno	s iː n̪ o
coke	k o k̚
coke	k o ʊ̯ k
cornsilog	k o ɹ n̪ s ɪ l o ɡ̚
cousintahan	k aː s ɪ n̪ t̪ aː h ɐ n̪
cu	k ʊ
d	d̪
d	d̪ a
d	d̪ ɛ
d	d̪ ɪ
d	d̪ ɪ ʔ
da	d̪ ɐ
daambakal	d̪ ɐ ʔ ɐ m b aː x ɐ l
daambayan	d̪ ɐ ʔ ɐ m b aː j ɐ n̪
daan	d̪ aː ʔ ɐ n̪
daan	d̪ ɐ ʔ a n̪
daanan	d̪ ɐ ʔ aː n̪ ɐ n̪
daanan	d̪ ɐ ʔ ɐ n̪ a n̪
daantaon	d̪ ɐ ʔ ɐ n̪ t̪ ɐ ʔ o n̪
dabarkads	d̪ aː b ɐ ɾ k a d̪ s
dabaw	d̪ aː b a ʊ̯
dabdab	d̪ ɐ b d̪ a b̚
dabog	d̪ aː b o ɡ̚
dada	d̪ ɐ d̪ a ʔ
dadaan	d̪ aː d̪ ɐ ʔ a n̪
dadaan	d̪ ɐ d̪ aː ʔ ɐ n̪
dadaanin	d̪ ɐ d̪ ɐ ʔ aː n̪ ɪ n̪
dadaanin	d̪ ɐ d̪ ɐ ʔ ɐ n̪ ɪ n̪
dadalawampuin	d̪ aː d̪ ɐ l ɐ w ɐ m p uː ʔ ɪ n̪
dadalawampuin	d̪ aː d̪ ɐ l ɐ w ɐ m p ʊ ʔ ɪ n̪
dado	d̪ aː d̪ o
daeng	d̪ aː ʔ ɛ ŋ
daga	d̪ aː ɣ ɐ
daga	d̪ ɐ ɣ a ʔ
dagabdab	d̪ ɐ ɣ ɐ b d̪ a b̚
dagadagaan	d̪ ɐ ɣ aː d̪ ɐ ɣ aː ʔ ɐ n̪
dagalwak	d̪ ɐ ɣ ɐ l w a k̚
dagan	d̪ ɐ ɣ a n̪
dagandam	d̪ ɐ ɣ ɐ n̪ d̪ a m
dagas	d̪ ɐ ɣ a s
dagasa	d̪ ɐ ɣ ɐ s a ʔ
dagasdas	d̪ ɐ ɣ ɐ s d̪ a s
dagat	d̪ aː ɣ ɐ t̪̚
dagatan	d̪ ɐ ɣ aː t̪ ɐ n̪
dagdag	d̪ ɐ ɡ d̪ a ɡ̚
dagdagan	d̪ ɐ ɡ d̪ ɐ ɣ a n̪
dagibalani	d̪ ɐ ɣ ɪ b ɐ l aː n̪ ɪ ʔ
dagibalniin	d̪ ɐ ɣ ɪ b ɐ l n̪ iː ʔ ɪ n̪
dagibulog	d̪ ɐ ɣ ɪ b uː l o ɡ̚
dagihaynayan	d̪ ɐ ɣ ɪ h a ɪ̯ n̪ aː j ɐ n̪
dagikapnayan	d̪ ɐ ɣ ɪ x ɐ p n̪ aː j ɐ n̪
dagil	d̪ aː ɣ ɪ l
dagilap	d̪ ɐ ɣ ɪ l a p̚
dagilusaw	d̪ ɐ ɣ ɪ l ʊ s a ʊ̯
dagim	d̪ ɐ ɣ ɪ m
dagindas	d̪ ɐ ɣ ɪ n̪ d̪ a s
daginding	d̪ ɐ ɣ ɪ n̪ d̪ ɪ ŋ
dagipik	d̪ ɐ ɣ iː p ɪ k̚
dagis	d̪ ɐ ɣ ɪ s
dagisdis	d̪ ɐ ɣ ɪ s d̪ ɪ s
dagisik	d̪ ɐ ɣ iː s ɪ k̚
dagisik	d̪ ɐ ɣ ɪ s ɪ k̚
dagisikan	d̪ ɐ ɣ ɪ s ɪ x a n̪
dagison	d̪ ɐ ɣ iː s o n̪
dagit	d̪ aː ɣ ɪ t̪̚
dagitab	d̪ ɐ ɣ iː t̪ ɐ b̚
dagitban	d̪ ɐ ɣ ɪ t̪ b a n̪
dagitigilan	d̪ ɐ ɣ ɪ t̪ ɪ ɣ iː l ɐ n̪
dagitsigan	d̪ ɐ ɣ ɪ t̪ s iː ɣ ɐ n̪
dagitsipat	d̪ ɐ ɣ ɪ t̪ s iː p ɐ t̪̚
daglat	d̪ ɐ ɡ l a t̪̚
dagli	d̪ ɐ ɡ l ɪ ʔ
dagok	d̪ aː ɣ o k̚
dagol	d̪ ɐ ɣ o l
dagos	d̪ aː ɣ o s
dagsa	d̪ ɐ ɡ s a ʔ
dagsin	d̪ ɐ ɡ s ɪ n̪
dagsinbiling	d̪ ɐ ɡ s ɪ m b ɪ l ɪ ŋ
dagsinsukatan	d̪ ɐ ɡ s ɪ n̪ s ʊ x ɐ t̪ a n̪
dagsinsukatin	d̪ ɐ ɡ s ɪ n̪ s ʊ x ɐ t̪ ɪ n̪
dagta	d̪ ɐ ɡ t̪ a ʔ
dagubang	d̪ ɐ ɣ ʊ b a ŋ
dagubdob	d̪ ɐ ɣ ʊ b d̪ o b̚
daguldol	d̪ ɐ ɣ ʊ l d̪ o l
dagundong	d̪ ɐ ɣ ʊ n̪ d̪ o ŋ
dagusdos	d̪ ɐ ɣ ʊ s d̪ o s
dahak	d̪ ɐ h a k̚
dahan	d̪ aː h ɐ n̪
dahas	d̪ ɐ h a s
dahik	d̪ ɐ h ɪ k̚
dahikan	d̪ ɐ h iː x ɐ n̪
dahikan	d̪ ɐ h ɪ x a n̪
dahil	d̪ aː h ɪ l
dahilan	d̪ ɐ h ɪ l a n̪
dahilig	d̪ ɐ h iː l ɪ ɡ̚
dahilig	d̪ ɐ h ɪ l ɪ ɡ̚
dahiyo	d̪ ɐ h iː j o ʔ
dahiyo	d̪ ɐ h j o ʔ
dahon	d̪ aː h o n̪
dahop	d̪ aː h o p̚
dahop	d̪ ɐ h o p̚
dahumpalay	d̪ aː h ʊ m p aː l a ɪ̯
dahuyo	d̪ ɐ h uː j o ʔ
daidi	d̪ ɐ ʔ iː d̪ ɪ ʔ
daig	d̪ aː ʔ ɪ ɡ̚
daig	d̪ ɐ ʔ ɪ ɡ̚
daigdig	d̪ ɐ ʔ ɪ ɡ d̪ ɪ ɡ̚
daing	d̪ aː ʔ ɪ ŋ
daing	d̪ ɐ ʔ ɪ ŋ
dairi	d̪ ɐ ʔ iː ɾ ɪ ʔ
dais	d̪ a ɪ̯ s
dais	d̪ aː ʔ ɪ s
dais	d̪ ɐ ʔ ɪ s
dait	d̪ ɐ j ɪ t̪̚
daka	d̪ aː x ɐ
dakbatlag	d̪ ɐ k b ɐ t̪ l̪ a ɡ̚
dakdak	d̪ ɐ k d̪ a k̚
dakila	d̪ ɐ x iː l ɐ ʔ
dakip	d̪ ɐ x ɪ p̚
daklunsod	d̪ ɐ k l ʊ n̪ s o d̪̚
dakma	d̪ ɐ k m a ʔ
dako	d̪ aː x o ʔ
dakol	d̪ ɐ x o l
dakot	d̪ ɐ x o t̪̚
dakota	d̪ ɐ x oː t̪ ɐ
daks	d̪ a k s
daksipat	d̪ ɐ k s iː p ɐ t̪̚
daktao	d̪ ɐ k t̪ aː ʔ o
daktinig	d̪ ɐ k t̪ iː n̪ ɪ ɡ̚
dakutin	d̪ ɐ x ʊ t̪ ɪ n̪
dala	d̪ aː l ɐ
dala	d̪ ɐ l a
dala	d̪ ɐ l a ʔ
dalag	d̪ ɐ l a ɡ̚
dalaga	d̪ ɐ l aː ɣ ɐ
dalagambukid	d̪ ɐ l aː ɣ ɐ m b uː x ɪ d̪̚
dalaginday	d̪ ɐ l ɐ ɣ ɪ n̪ d̪ a ɪ̯
dalaginding	d̪ ɐ l ɐ ɣ ɪ n̪ d̪ ɪ ŋ
dalagita	d̪ ɐ l ɐ ɣ iː t̪ ɐ
dalahik	d̪ ɐ l aː h ɪ k̚
dalahikan	d̪ ɐ l ɐ h iː x ɐ n̪
dalahin	d̪ ɐ l ɐ h ɪ n̪
dalahira	d̪ ɐ l ɐ h iː ɾ ɐ ʔ
dalam	d̪ aː l ɐ m
dalamhati	d̪ ɐ l ɐ m h aː t̪ ɪ ʔ
dalampasig	d̪ ɐ l ɐ m p aː s ɪ ɡ̚
dalampasigan	d̪ ɐ l ɐ m p ɐ s iː ɣ ɐ n̪
dalandan	d̪ ɐ l ɐ n̪ d̪ a n̪
dalang	d̪ aː l ɐ ŋ
dalangat	d̪ ɐ l aː ŋ ɐ t̪̚
dalangat	d̪ ɐ l ɐ ŋ a t̪̚
dalanghita	d̪ ɐ l ɐ ŋ h iː t̪ ɐ
dalangin	d̪ ɐ l aː ŋ ɪ n̪
dalanginan	d̪ ɐ l ɐ ŋ iː n̪ ɐ n̪
dalas	d̪ ɐ l a s
dalasan	d̪ aː l aː s ɐ n̪
dalasan	d̪ ɐ l ɐ s a n̪
dalatan	d̪ ɐ l aː t̪ ɐ n̪
dalaw	d̪ aː l a ʊ̯
dalawa	d̪ ɐ l ɐ w a
dalawampu	d̪ ɐ l ɐ w ɐ m p ʊ ʔ
dalawandaan	d̪ ɐ l ɐ w ɐ n̪ d̪ aː ʔ ɐ n̪
dalawandaan	d̪ ɐ l ɐ w ɐ n̪ d̪ ɐ ʔ a n̪
dalawin	d̪ ɐ l aː w ɪ n̪
dalawit	d̪ ɐ l aː w ɪ t̪̚
daldal	d̪ ɐ l d̪ a l
daldalera	d̪ ɐ l d̪ ɐ l ɛː ɾ ɐ
daldalero	d̪ ɐ l d̪ ɐ l ɛː ɾ o
dale	d̪ aː l ɛ
dalhin	d̪ ɐ l h ɪ n̪
dali	d̪ aː l ɪ
dali	d̪ aː l ɪ ʔ
dali	d̪ ɐ l ɛ ʔ
dali	d̪ ɐ l ɪ ʔ
dalig	d̪ ɐ l ɪ ɡ̚
dalikdik	d̪ ɐ l ɪ k d̪ ɪ k̚
dalin	d̪ ɐ l ɪ n̪
daliri	d̪ ɐ l iː ɾ ɛ ʔ
daliri	d̪ ɐ l iː ɾ ɪ ʔ
dalisay	d̪ ɐ l iː s a ɪ̯
dalit	d̪ aː l ɪ t̪̚
dalit	d̪ ɐ l ɪ t̪̚
dalita	d̪ aː l ɪ t̪ a ʔ
dalmatika	d̪ ɐ l m aː t̪ ɪ x a
dalo	d̪ ɐ l o
dalohaka	d̪ ɐ l o h aː x ɐ ʔ
dalok	d̪ ɐ l o k̚
dalos	d̪ aː l o s
daloy	d̪ aː l o ɪ̯
dalubbanwa	d̪ ɐ l ʊ b b ɐ n̪ w a
dalubbanwahan	d̪ ɐ l ʊ b b ɐ n̪ w aː h ɐ n̪
dalubguro	d̪ ɐ l ʊ b ɡ uː ɾ o ʔ
dalubhalman	d̪ ɐ l ʊ b h ɐ l m a n̪
dalubhalmanan	d̪ ɐ l ʊ b h ɐ l m aː n̪ ɐ n̪
dalubhasa	d̪ ɐ l ʊ b h aː s ɐ ʔ
dalubhasaan	d̪ ɐ l ʊ b h ɐ s ɐ ʔ a n̪
dalubhasikan	d̪ ɐ l ʊ b h ɐ s iː x ɐ n̪
dalubhayop	d̪ ɐ l ʊ b h aː j o p̚
dalubhayupan	d̪ ɐ l ʊ b h ɐ j uː p ɐ n̪
dalubituinan	d̪ ɐ l ʊ b ɪ t̪ ʊ ʔ ɪ n̪ a n̪
dalubkabibihan	d̪ ɐ l ʊ b k ɐ b ɪ b ɪ h a n̪
dalubkatawan	d̪ ɐ l ʊ b k ɐ t̪ ɐ w a n̪
dalubkulisap	d̪ ɐ l ʊ b k ʊ l iː s ɐ p̚
dalubkulisapan	d̪ ɐ l ʊ b k ʊ l ɪ s ɐ p a n̪
dalublahi	d̪ ɐ l ʊ b l aː h ɪ ʔ
dalublahian	d̪ ɐ l ʊ b l ɐ h iː ʔ ɐ n̪
dalublasunan	d̪ ɐ l ʊ b l ɐ s uː n̪ ɐ n̪
dalublumutan	d̪ ɐ l ʊ b l ʊ m uː t̪ ɐ n̪
dalubmagingan	d̪ ɐ l ʊ b m ɐ ɣ iː ŋ ɐ n̪
dalubmayawan	d̪ ɐ l ʊ b m ɐ j aː w ɐ n̪
dalubpuhoy	d̪ ɐ l ʊ b p uː h o ɪ̯
dalubpuhuyan	d̪ ɐ l ʊ b p ʊ h uː j ɐ n̪
dalubseguro	d̪ ɐ l ʊ b s ɛ ɣ uː ɾ o
dalubsining	d̪ ɐ l ʊ b s iː n̪ ɪ ŋ
dalubsugaan	d̪ ɐ l ʊ b s ʊ ɣ aː ʔ ɐ n̪
dalubtala	d̪ ɐ l ʊ b t̪ aː l ɐ ʔ
dalubtalaan	d̪ ɐ l ʊ b t̪ ɐ l aː ʔ ɐ n̪
dalubtalain	d̪ ɐ l ʊ b t̪ ɐ l aː ʔ ɪ n̪
dalubtangi	d̪ ɐ l ʊ b t̪ aː ŋ ɪ ʔ
dalubtao	d̪ ɐ l ʊ b t̪ aː ʔ o
dalubtauhan	d̪ ɐ l ʊ b t̪ ɐ ʔ uː h ɐ n̪
dalubturo	d̪ ɐ l ʊ b t̪ uː ɾ o ʔ
dalubwika	d̪ ɐ l ʊ b w iː x ɐ ʔ
dalubwikaan	d̪ ɐ l ʊ b w ɪ x aː ʔ ɐ n̪
daluhaka	d̪ ɐ l ʊ h aː x ɐ ʔ
daluhong	d̪ ɐ l uː h o ŋ
dalumat	d̪ ɐ l uː m ɐ t̪̚
dalungyan	d̪ ɐ l ʊ ŋ j a n̪
daluro	d̪ ɐ l uː ɾ o ʔ
daluro	d̪ ɐ l ʊ ɾ o ʔ
dalurok	d̪ ɐ l uː ɾ o k̚
daluwa	d̪ ɐ l w a
daluyon	d̪ ɐ l uː j o n̪
daluyong	d̪ ɐ l uː j o ŋ
dalwa	d̪ ɐ l w a
dalya	d̪ a l j ɐ
dama	d̪ aː m ɐ
dama	d̪ ɐ m a
damag	d̪ aː m ɐ ɡ̚
damag	d̪ ɐ m a ɡ̚
damahan	d̪ ɐ m aː h ɐ n̪
damahan	d̪ ɐ m ɐ h a n̪
damak	d̪ ɐ m a k̚
damara	d̪ ɐ m aː ɾ ɐ
damarama	d̪ ɐ m ɐ ɾ aː m ɐ
damay	d̪ aː m a ɪ̯
dambalasek	d̪ ɐ m b ɐ l aː s ɛ k̚
dambalasik	d̪ ɐ m b ɐ l aː s ɪ k̚
dambana	d̪ ɐ m b aː n̪ ɐ ʔ
dambana	d̪ ɐ m b ɐ n̪ a ʔ
dambo	d̪ a m b o
dambong	d̪ ɐ m b o ŋ
dambu	d̪ a m b ʊ
dambuhala	d̪ ɐ m b ʊ h aː l ɐ ʔ
damdam	d̪ ɐ m d̪ a m
damdamin	d̪ ɐ m d̪ aː m ɪ n̪
damdamin	d̪ ɐ m d̪ ɐ m ɪ n̪
dami	d̪ aː m ɛ
dami	d̪ aː m ɪ
damikay	d̪ ɐ m iː x a ɪ̯
damit	d̪ ɐ m ɛ t̪̚
damit	d̪ ɐ m ɪ t̪̚
damo	d̪ ɐ m o
damot	d̪ aː m o t̪̚
dampa	d̪ ɐ m p a ʔ
dampalit	d̪ ɐ m p ɐ l ɪ t̪̚
dampi	d̪ ɐ m p ɪ ʔ
dampot	d̪ ɐ m p o t̪̚
dampulay	d̪ ɐ m p uː l a ɪ̯
damsiha	d̪ ɐ m s iː h ɐ ʔ
damuhan	d̪ ɐ m ʊ h a n̪
damuho	d̪ ɐ m uː h o ʔ
damukal	d̪ ɐ m uː x ɐ l
damukol	d̪ ɐ m uː x o l
damulag	d̪ ɐ m uː l ɐ ɡ̚
damuro	d̪ ɐ m uː ɾ o ʔ
danak	d̪ aː n̪ ɐ k̚
danan	d̪ aː n̪ ɐ n̪
danas	d̪ aː n̪ ɐ s
danaw	d̪ aː n̪ a ʊ̯
danay	d̪ aː n̪ a ɪ̯
dandang	d̪ ɐ n̪ d̪ a ŋ
dang	d̪ a ŋ
dangal	d̪ ɐ ŋ a l
dangan	d̪ aː ŋ ɐ n̪
dangdang	d̪ ɐ n̪ d̪ a ŋ
danggit	d̪ ɐ ŋ ɡ ɪ t̪̚
dangkal	d̪ ɐ ŋ k a l
dangkanghawok	d̪ ɐ ŋ k ɐ ŋ h aː w o k̚
dani	d̪ ɐ n̪ ɪ ʔ
daniw	d̪ aː n̪ ɪ ʊ̯
daniw	d̪ ɐ n̪ ɪ ʊ̯
dansay	d̪ ɐ n̪ s a ɪ̯
dantaon	d̪ ɐ n̪ t̪ ɐ ʔ o n̪
dantay	d̪ ɐ n̪ t̪ a ɪ̯
dantayan	d̪ ɐ n̪ t̪ aː j ɐ n̪
dantayan	d̪ ɐ n̪ t̪ ɐ j a n̪
danum	d̪ ɐ n̪ ʊ m
danumbiling	d̪ ɐ n̪ ʊ m b ɪ l ɪ ŋ
danumbulog	d̪ ɐ n̪ ʊ m b uː l o ɡ̚
danumhaynayan	d̪ ɐ n̪ ʊ m h a ɪ̯ n̪ aː j ɐ n̪
danumkapnayan	d̪ ɐ n̪ ʊ m k ɐ p n̪ aː j ɐ n̪
danumnayan	d̪ ɐ n̪ ʊ m n̪ aː j ɐ n̪
danumsigwasan	d̪ ɐ n̪ ʊ m s ɪ ɡ w aː s ɐ n̪
danumtigilan	d̪ ɐ n̪ ʊ m t̪ ɪ ɣ iː l ɐ n̪
danyo	d̪ a n̪ j o
danyo	d̪ aː ɲ o
danyos	d̪ a n̪ j o s
danyos	d̪ aː ɲ o s
dao	d̪ a ʊ̯
dao	d̪ ɐ ʔ o
daong	d̪ aː ʔ o ŋ
daong	d̪ ɐ ʔ o ŋ
daos	d̪ aː ʔ o s
dapa	d̪ ɐ p a ʔ
dapal	d̪ aː p ɐ l
dapat	d̪ aː p ɐ t̪̚
dapaw	d̪ aː p a ʊ̯
dapdap	d̪ ɐ p d̪ a p̚
dapit	d̪ aː p ɪ t̪̚
dapithapon	d̪ aː p ɪ t̪ h aː p o n̪
dapli	d̪ ɐ p l ɪ ʔ
daplis	d̪ ɐ p l ɪ s
dapo	d̪ aː p o ʔ
dapog	d̪ aː p o ɡ̚
dapog	d̪ ɐ p o ɡ̚
dapulak	d̪ ɐ p uː l ɐ k̚
dapuwa	d̪ aː p w ɐ ʔ
dapwa	d̪ a p w ɐ ʔ
dara	d̪ aː ɾ ɐ
dara	d̪ aː ɾ ɐ ʔ
dara	d̪ ɐ ɾ a
dara	d̪ ɐ ɾ a ʔ
daraan	d̪ aː ɾ ɐ ʔ a n̪
daraan	d̪ ɐ ɾ aː ʔ ɐ n̪
darak	d̪ ɐ ɾ a k̚
daramag	d̪ ɐ ɾ ɐ m a ɡ̚
darang	d̪ ɐ ɾ a ŋ
daranghita	d̪ ɐ ɾ ɐ ŋ h iː t̪ ɐ
daras	d̪ ɐ ɾ a s
darasig	d̪ ɐ ɾ aː s ɪ ɡ̚
darasigsukat	d̪ ɐ ɾ ɐ s ɪ ɡ s uː x ɐ t̪̚
darating	d̪ ɐ ɾ ɐ t̪ ɪ ŋ
daro	d̪ aː ɾ o
dasal	d̪ ɐ s a l
dasik	d̪ ɐ s ɪ k̚
daso	d̪ aː s o
daspan	d̪ a s p ɐ n̪
daspanin	d̪ a s p ɐ n̪ ɪ n̪
daster	d̪ a s t̪ ɛ ɾ
datal	d̪ ɐ t̪ a l
datapuwa	d̪ aː t̪ ɐ p w a ʔ
datapwa	d̪ aː t̪ ɐ p w a ʔ
datapwat	d̪ aː t̪ ɐ p w a t̪̚
dati	d̪ aː t̪ ɛ
dati	d̪ aː t̪ ɪ
datibo	d̪ ɐ t̪ iː b o
datig	d̪ aː t̪ ɪ ɡ̚
datihan	d̪ ɐ t̪ iː h ɐ n̪
datiles	d̪ aː t̪ ɪ l ɛ s
dating	d̪ ɐ t̪ ɪ ŋ
datingan	d̪ aː t̪ iː ŋ ɐ n̪
datingan	d̪ ɐ t̪ ɪ ŋ a n̪
datnan	d̪ ɐ t̪ n̪ a n̪
dato	d̪ aː t̪ o ʔ
dato	d̪ ɐ t̪ o
datong	d̪ ɐ t̪ o ŋ
datos	d̪ aː t̪ o s
datu	d̪ aː t̪ ʊ
datu	d̪ aː t̪ ʊ ʔ
datung	d̪ ɐ t̪ ʊ ŋ
daulat	d̪ ɐ ʔ uː l ɐ t̪̚
daungan	d̪ aː ʔ uː ŋ ɐ n̪
daungan	d̪ ɐ ʔ uː ŋ ɐ n̪
daungan	d̪ ɐ ʔ ʊ ŋ a n̪
dausdos	d̪ ɐ ʔ ʊ s d̪ o s
daw	d̪ a ʊ̯
dawa	d̪ aː w ɐ
dawa	d̪ aː w ɐ ʔ
dawa	d̪ ɐ w a ʔ
dawag	d̪ aː w ɐ ɡ̚
dawak	d̪ aː w ɐ k̚
dawakin	d̪ aː w aː x ɪ n̪
dawaksa	d̪ ɐ w ɐ k s a ʔ
dawdaw	d̪ a ʊ̯ d̪ a ʊ̯
dawha	d̪ a ʊ̯ h a
dawi	d̪ aː w ɪ
dawis	d̪ aː w ɪ s
dawit	d̪ aː w ɪ t̪̚
dawong	d̪ ɐ w o ŋ
day	d̪ a ɪ̯
daya	d̪ aː j ɐ ʔ
dayadema	d̪ ɐ j ɐ d̪ ɛː m ɐ
dayag	d̪ ɐ j a ɡ̚
dayagram	d̪ aː j ɐ ɡ ɾ a m
dayakritiko	d̪ ɐ j ɐ k ɾ iː t̪ ɪ x o
dayal	d̪ aː j ɐ l
dayalek	d̪ aː j ɐ l ɛ k̚
dayalekto	d̪ ɐ j ɐ l ɛ k t̪ o
dayalogo	d̪ ɐ j aː l o ɣ o
dayama	d̪ ɐ j aː m ɐ
dayami	d̪ ɐ j aː m ɪ
dayan	d̪ ɐ j a n̪
dayang	d̪ aː j ɐ ŋ
dayang	d̪ ɐ j a ŋ
dayap	d̪ aː j ɐ p̚
dayaper	d̪ aː j ɐ p ɛ ɾ
dayiri	d̪ ɐ j iː ɾ ɪ ʔ
daynosor	d̪ a ɪ̯ n̪ o s o ɾ
dayo	d̪ aː j o
days	d̪ a ɪ̯ s
dayuhan	d̪ ɐ j uː h ɐ n̪
dayuhan	d̪ ɐ j ʊ h a n̪
dayukdok	d̪ ɐ j ʊ k d̪ o k̚
dayungon	d̪ ɐ j uː ŋ o n̪
dayurayo	d̪ ɐ j ʊ ɾ aː j o
deadema	d̪ ɛ j ɐ d̪ ɛː m ɐ
debate	d̪ ɛ b aː t̪ ɛ
debatista	d̪ ɛ b ɐ t̪ i s t̪ ɐ
debelop	d̪ ɛ b ɛː l o p̚
debosyon	d̪ ɛ b o s j o n̪
debosyon	d̪ ɛ b o ʃ o n̪
deboto	d̪ ɛ b oː t̪ o
dedal	d̪ ɛ d̪ a l
dedbol	d̪ ɛ d̪ b o l
dede	d̪ ɛː d̪ ɛ
dede	d̪ ɛː d̪ ɛ ʔ
dedikado	d̪ ɛ d̪ ɪ x aː d̪ o
dedikasyon	d̪ ɛ d̪ ɪ x ɐ s j o n̪
dedikasyon	d̪ ɛ d̪ ɪ x ɐ ʃ o n̪
dedlayn	d̪ ɛ d̪ l̪ a ɪ̯ n̪
dedma	d̪ ɛ d̪ m ɐ
dedmahin	d̪ ɛ d̪ m ɐ h ɪ n̪
dedo	d̪ ɛ d̪ o ʔ
dedo	d̪ ɛː d̪ o
dedo	d̪ ɛː d̪ o ʔ
deds	d̪ ɛ d̪ s
degri	d̪ ɛ ɡ ɾ ɪ
dehado	d̪ ɛ h aː d̪ o
dehaydrasyon	d̪ ɛ h a ɪ̯ d̪ ɾ ɐ s j o n̪
dehaydrasyon	d̪ ɛ h a ɪ̯ d̪ ɾ ɐ ʃ o n̪
dehins	d̪ e ɪ̯ n̪ s
dehins	d̪ ɛː h ɪ n̪ s
deilo	d̪ ɛ ʔ iː l o
deins	d̪ e ɪ̯ n̪ s
deismo	d̪ ɛ j i s m o
deista	d̪ ɛ j i s t̪ ɐ
deit	d̪ e ɪ̯ t̪
dekada	d̪ ɛ x aː d̪ ɐ
dekalogo	d̪ ɛ x aː l o ɣ o
dekalyete	d̪ ɛ x ɐ l j ɛː t̪ ɛ
dekametro	d̪ ɛ x ɐ m ɛː t̪ ɾ o
dekana	d̪ ɛ x aː n̪ ɐ
dekano	d̪ ɛ x aː n̪ o
dekanter	d̪ ɛ x a n̪ t̪ ɛ ɾ
deklara	d̪ ɛ k l ɐ ɾ a
deklarasyon	d̪ ɛ k l ɐ ɾ ɐ s j o n̪
deklarasyon	d̪ ɛ k l ɐ ɾ ɐ ʃ o n̪
deklibe	d̪ ɛ k l iː b ɛ
dekolor	d̪ ɛ x o l o ɾ
dekomposisyon	d̪ ɛ x o m p o s ɪ s j o n̪
dekomposisyon	d̪ ɛ x o m p o s ɪ ʃ o n̪
dekorasyon	d̪ ɛ x o ɾ ɐ s j o n̪
dekorasyon	d̪ ɛ x o ɾ ɐ ʃ o n̪
dekorasyunan	d̪ ɛ x o ɾ ɐ s j ʊ n̪ a n̪
dekorasyunan	d̪ ɛ x o ɾ ɐ ʃ ʊ n̪ a n̪
dekoratibo	d̪ ɛ x o ɾ ɐ t̪ iː b o
dekreto	d̪ ɛ k ɾ ɛː t̪ o
dekstros	d̪ ɛ k s t̪ ɾ o s
dekwat	d̪ ɛ k w ɐ t̪̚
dekwatin	d̪ ɛ k w ɐ t̪ ɪ n̪
dela	d̪ ɛ l a
delana	d̪ ɛ l aː n̪ ɐ
delantal	d̪ ɛ l ɐ n̪ t̪ a l
delas	d̪ ɛ l a s
delata	d̪ ɛ l aː t̪ ɐ
delegado	d̪ ɛ l ɛ ɣ aː d̪ o
delegasyon	d̪ ɛ l ɛ ɣ ɐ s j o n̪
delegasyon	d̪ ɛ l ɛ ɣ ɐ ʃ o n̪
deliberasyon	d̪ ɛ l ɪ b ɛ ɾ ɐ s j o n̪
deliberasyon	d̪ ɛ l ɪ b ɛ ɾ ɐ ʃ o n̪
delicadeza	d̪ ɛ l ɪ x ɐ d̪ ɛː s ɐ
delikadesa	d̪ ɛ l ɪ x ɐ d̪ ɛː s ɐ
delikado	d̪ ɛ l ɪ x aː d̪ o
deliks	d̪ ɛː l ɪ k s
deliryo	d̪ ɛ l i ɾ j o
delos	d̪ ɛ l o s
delubyo	d̪ ɛ l u b j o
delusyon	d̪ ɛ l ʊ s j o n̪
delusyon	d̪ ɛ l ʊ ʃ o n̪
demanda	d̪ ɛ m a n̪ d̪ ɐ
demandado	d̪ ɛ m ɐ n̪ d̪ aː d̪ o
demano	d̪ ɛ m aː n̪ o
demograpiya	d̪ ɛ m o ɡ ɾ ɐ p iː j ɐ
demokrasya	d̪ ɛ m o k ɾ a s j ɐ
demokrasya	d̪ ɛ m o k ɾ aː ʃ ɐ
demokrata	d̪ ɛ m oː k ɾ ɐ t̪ a
demokratiko	d̪ ɛ m o k ɾ aː t̪ ɪ x o
demolisyon	d̪ ɛ m o l ɪ s j o n̪
demolisyon	d̪ ɛ m o l ɪ ʃ o n̪
demonio	d̪ ɛ m o n̪ j o
demonio	d̪ ɛ m oː ɲ o
demonstrasyon	d̪ ɛ m o n̪ s t̪ ɾ ɐ s j o n̪
demonstrasyon	d̪ ɛ m o n̪ s t̪ ɾ ɐ ʃ o n̪
demonyo	d̪ ɛ m o n̪ j o
demonyo	d̪ ɛ m oː ɲ o
demostrasyon	d̪ ɛ m o s t̪ ɾ ɐ s j o n̪
demostrasyon	d̪ ɛ m o s t̪ ɾ ɐ ʃ o n̪
denaryo	d̪ ɛ n̪ a ɾ j o
denaturada	d̪ ɛ n̪ ɐ t̪ ʊ ɾ aː d̪ ɐ
denaturado	d̪ ɛ n̪ ɐ t̪ ʊ ɾ aː d̪ o
dengge	d̪ ɛ ŋ ɡ ɛ
denggoy	d̪ ɛ ŋ ɡ o ɪ̯
denggoyin	d̪ ɛ ŋ ɡ o j ɪ n̪
denotasyon	d̪ ɛ n̪ o t̪ ɐ s j o n̪
denotasyon	d̪ ɛ n̪ o t̪ ɐ ʃ o n̪
dentista	d̪ ɛ n̪ t̪ i s t̪ ɐ
dentisteriya	d̪ ɛ n̪ t̪ ɪ s t̪ ɛ ɾ iː j ɐ
deodorante	d̪ ɛ j o d̪ o ɾ a n̪ t̪ ɛ
deograsyas	d̪ ɛ j o ɡ ɾ a s j ɐ s
deograsyas	d̪ ɛ j o ɡ ɾ aː ʃ ɐ s
deontolohiya	d̪ ɛ j o n̪ t̪ o l o h iː j ɐ
departamento	d̪ ɛ p ɐ ɾ t̪ ɐ m ɛ n̪ t̪ o
depektibo	d̪ ɛ p ɛ k t̪ iː b o
depende	d̪ ɛ p ɛ n̪ d̪ ɛ
depensa	d̪ ɛ p ɛ n̪ s ɐ
depensahan	d̪ ɛ p ɛ n̪ s ɐ h a n̪
depensibo	d̪ ɛ p ɛ n̪ s iː b o
depini	d̪ ɛ p ɪ n̪ ɪ
depinisyon	d̪ ɛ p ɪ n̪ ɪ s j o n̪
depinisyon	d̪ ɛ p ɪ n̪ ɪ ʃ o n̪
deporestasyon	d̪ ɛ p o ɾ ɛ s t̪ ɐ s j o n̪
deporestasyon	d̪ ɛ p o ɾ ɛ s t̪ ɐ ʃ o n̪
deportasyon	d̪ ɛ p o ɾ t̪ ɐ s j o n̪
deportasyon	d̪ ɛ p o ɾ t̪ ɐ ʃ o n̪
deposito	d̪ ɛ p oː s ɪ t̪ o
depresasyon	d̪ ɛ p ɾ ɛ s ɐ s j o n̪
depresasyon	d̪ ɛ p ɾ ɛ s ɐ ʃ o n̪
depresyon	d̪ ɛ p ɾ ɛ s j o n̪
depresyon	d̪ ɛ p ɾ ɛ ʃ o n̪
deregulasyon	d̪ ɛ ɾ ɛ ɣ ʊ l ɐ s j o n̪
deregulasyon	d̪ ɛ ɾ ɛ ɣ ʊ l ɐ ʃ o n̪
deretsa	d̪ ɛ ɾ ɛ t̪ s ɐ
deretsa	d̪ ɛ ɾ ɛː t͡ʃ ɐ
deretsahan	d̪ ɛ ɾ ɛ t t͡ʃ aː h ɐ n̪
deretsahan	d̪ ɛ ɾ ɛ t̪ s aː h ɐ n̪
deretsahan	d̪ ɛː ɾ ɛ t t͡ʃ aː h ɐ n̪
deretsahan	d̪ ɛː ɾ ɛ t̪ s aː h ɐ n̪
deretso	d̪ ɛ ɾ ɛ t̪ s o
deretso	d̪ ɛ ɾ ɛː t͡ʃ o
desakato	d̪ ɛ s ɐ x aː t̪ o
desaparesido	d̪ ɛ s ɐ p ɐ ɾ ɛ s iː d̪ o
desayuno	d̪ ɛ s ɐ j uː n̪ o
desbentaha	d̪ ɛ s b ɛ n̪ t̪ aː h ɐ
desempleo	d̪ ɛ s ɛ m p l ɛː j o
desempleyo	d̪ ɛ s ɛ m p l ɛː j o
desena	d̪ ɛ s ɛː n̪ ɐ
desente	d̪ ɛ s ɛ n̪ t̪ ɛ
desentralisasyon	d̪ ɛ s ɛ n̪ t̪ ɾ ɐ l ɪ s ɐ s j o n̪
desentralisasyon	d̪ ɛ s ɛ n̪ t̪ ɾ ɐ l ɪ s ɐ ʃ o n̪
desepsiyon	d̪ ɛ s ɛ p s j o n̪
desepsiyon	d̪ ɛ s ɛ p ʃ o n̪
desepsyon	d̪ ɛ s ɛ p s j o n̪
desepsyon	d̪ ɛ s ɛ p ʃ o n̪
desesperada	d̪ ɛ s ɛ s p ɛ ɾ aː d̪ ɐ
desesperado	d̪ ɛ s ɛ s p ɛ ɾ aː d̪ o
desesperasyon	d̪ ɛ s ɛ s p ɛ ɾ ɐ s j o n̪
desesperasyon	d̪ ɛ s ɛ s p ɛ ɾ ɐ ʃ o n̪
desgrasya	d̪ ɛ s ɡ ɾ a s j ɐ
desgrasya	d̪ ɛ s ɡ ɾ aː ʃ ɐ
desgrasyada	d̪ ɛ s ɡ ɾ ɐ s j aː d̪ ɐ
desgrasyada	d̪ ɛ s ɡ ɾ ɐ ʃ aː d̪ ɐ
desgrasyado	d̪ ɛ s ɡ ɾ ɐ s j aː d̪ o
desgrasyado	d̪ ɛ s ɡ ɾ ɐ ʃ aː d̪ o
desidido	d̪ ɛ s ɪ d̪ iː d̪ o
desilitro	d̪ ɛ s ɪ l iː t̪ ɾ o
desimetro	d̪ ɛ s iː m ɛ t̪ ɾ o
desimetro	d̪ ɛ s ɪ m ɛː t̪ ɾ o
desimpeksiyon	d̪ ɛ s ɪ m p ɛ k s j o n̪
desimpeksiyon	d̪ ɛ s ɪ m p ɛ k ʃ o n̪
desisyon	d̪ ɛ s ɪ s j o n̪
desisyon	d̪ ɛ s ɪ ʃ o n̪
deskaril	d̪ ɛ s k ɐ ɾ ɪ l
deskarte	d̪ ɛ s k a ɾ t̪ ɛ
deskompiyansa	d̪ ɛ s k o m p j a n̪ s ɐ
deskompyansa	d̪ ɛ s k o m p j a n̪ s ɐ
deskripsiyon	d̪ ɛ s k ɾ ɪ p s j o n̪
deskripsiyon	d̪ ɛ s k ɾ ɪ p ʃ o n̪
deskripsyon	d̪ ɛ s k ɾ ɪ p s j o n̪
deskripsyon	d̪ ɛ s k ɾ ɪ p ʃ o n̪
deskubri	d̪ ɛ s k ʊ b ɾ ɪ
deskumpiyado	d̪ ɛ s k ʊ m p j aː d̪ o
deskumpiyansa	d̪ ɛ s k ʊ m p j a n̪ s ɐ
deskumpyansa	d̪ ɛ s k ʊ m p j a n̪ s ɐ
deskuwento	d̪ ɛ s k w ɛ n̪ t̪ o
desmaya	d̪ ɛ s m ɐ j a
desmayado	d̪ ɛ s m ɐ j aː d̪ o
desodorante	d̪ ɛ s o d̪ o ɾ a n̪ t̪ ɛ
despabiladera	d̪ ɛ s p ɐ b ɪ l ɐ d̪ ɛː ɾ ɐ
despaborisido	d̪ ɛ s p ɐ b o ɾ ɪ s iː d̪ o
despalinghado	d̪ ɛ s p ɐ l ɪ ŋ h aː d̪ o
despedida	d̪ ɛ s p ɛ d̪ iː d̪ ɐ
desperada	d̪ ɛ s p ɛ ɾ aː d̪ ɐ
desperado	d̪ ɛ s p ɛ ɾ aː d̪ o
desperasyon	d̪ ɛ s p ɛ ɾ ɐ s j o n̪
desperasyon	d̪ ɛ s p ɛ ɾ ɐ ʃ o n̪
despertador	d̪ ɛ s p ɛ ɾ t̪ ɐ d̪ o ɾ
destabilisasyon	d̪ ɛ s t̪ ɐ b ɪ l ɪ s ɐ s j o n̪
destabilisasyon	d̪ ɛ s t̪ ɐ b ɪ l ɪ s ɐ ʃ o n̪
desterado	d̪ ɛ s t̪ ɛ ɾ aː d̪ o
destilada	d̪ ɛ s t̪ ɪ l aː d̪ ɐ
destinasyon	d̪ ɛ s t̪ ɪ n̪ ɐ s j o n̪
destinasyon	d̪ ɛ s t̪ ɪ n̪ ɐ ʃ o n̪
destino	d̪ ɛ s t̪ iː n̪ o
destiyero	d̪ ɛ s t̪ j ɛː ɾ o
destiyero	d̪ ɛ s t͡ʃ ɛː ɾ o
destornilyador	d̪ ɛ s t̪ o ɾ n̪ ɪ l j ɐ d̪ o ɾ
destruksiyon	d̪ ɛ s t̪ ɾ ʊ k s j o n̪
destruksiyon	d̪ ɛ s t̪ ɾ ʊ k ʃ o n̪
desyerto	d̪ ɛ s j ɛ ɾ t̪ o
desyerto	d̪ ɛ ʃ ɛ ɾ t̪ o
detalyado	d̪ ɛ t̪ ɐ l j aː d̪ o
detalye	d̪ ɛ t̪ a l j ɛ
detektib	d̪ ɛ t̪ ɛ k t̪ ɪ b̚
detene	d̪ ɛ t̪ ɛ n̪ ɛ
deteni	d̪ ɛ t̪ ɛ n̪ ɪ
detenido	d̪ ɛ t̪ ɛ n̪ iː d̪ o
determinasyon	d̪ ɛ t̪ ɛ ɾ m ɪ n̪ ɐ s j o n̪
determinasyon	d̪ ɛ t̪ ɛ ɾ m ɪ n̪ ɐ ʃ o n̪
determinismo	d̪ ɛ t̪ ɛ ɾ m ɪ n̪ i s m o
detini	d̪ ɛ t̪ ɪ n̪ ɪ
detonasyon	d̪ ɛ t̪ o n̪ ɐ s j o n̪
detonasyon	d̪ ɛ t̪ o n̪ ɐ ʃ o n̪
deyt	d̪ e ɪ̯ t̪
dhikr	d̪ iː x ə ɹ
dhikr	d̪ iː x ɪ ɾ
di	d̪ ɛ ʔ
di	d̪ ɪ
di	d̪ ɪ ʔ
diadema	d̪ j ɐ d̪ ɛː m ɐ
diadema	d͡ʒ ɐ d̪ ɛː m ɐ
diakritiko	d̪ j ɐ k ɾ iː t̪ ɪ x o
diakritiko	d͡ʒ ɐ k ɾ iː t̪ ɪ x o
dian	d̪ ɪ ʔ a n̪
diarea	d̪ j ɐ ɾ ɛː j ɐ
diarea	d͡ʒ ɐ ɾ ɛː j ɐ
diba	d̪ ɪ b a
dibdib	d̪ ɪ b d̪ ɛ b̚
dibdib	d̪ ɪ b d̪ ɪ b̚
dibdibin	d̪ ɪ b d̪ ɪ b ɪ n̪
dibelop	d̪ ɪ b ɛː l o p̚
dibersidad	d̪ ɪ b ɛ ɾ s ɪ d̪ a d̪̚
dibersipikasyon	d̪ ɪ b ɛ ɾ s ɪ p ɪ x ɐ s j o n̪
dibersipikasyon	d̪ ɪ b ɛ ɾ s ɪ p ɪ x ɐ ʃ o n̪
diberso	d̪ ɪ b ɛ ɾ s o
dibiden	d̪ iː b ɪ d̪ ɛ n̪
dibidend	d̪ iː b ɪ d̪ ɛ n̪ d̪
dibidendaso	d̪ ɪ b ɪ d̪ ɛ n̪ d̪ aː s o
dibimst	d̪ ɪ b ɪ m s t̪
dibinidad	d̪ ɪ b ɪ n̪ ɪ d̪ a d̪̚
dibisyon	d̪ ɪ b ɪ s j o n̪
dibisyon	d̪ ɪ b ɪ ʃ o n̪
diblinig	d̪ ɪ b l iː n̪ ɪ ɡ̚
diborsiyo	d̪ ɪ b o ɾ s j o
diborsiyo	d̪ ɪ b o ɾ ʃ o
didal	d̪ ɪ d̪ a l
didilawan	d̪ iː d̪ ɪ l ɐ w a n̪
diga	d̪ iː ɣ ɐ
diga	d̪ iː ɣ ɐ ʔ
diga	d̪ ɪ ɣ a
diga	d̪ ɪ ɣ a ʔ
digain	d̪ ɪ ɣ ɐ ʔ ɪ n̪
digas	d̪ ɪ ɣ a s
dighal	d̪ ɪ ɡ h a l
dighay	d̪ ɪ ɡ h a ɪ̯
diglap	d̪ ɪ ɡ l a p̚
digma	d̪ ɪ ɡ m a ʔ
digmaan	d̪ ɪ ɡ m aː ʔ ɐ n̪
dignayan	d̪ ɪ ɡ n̪ aː j ɐ n̪
dignidad	d̪ ɪ ɡ n̪ ɪ d̪ a d̪̚
digri	d̪ ɪ ɡ ɾ ɪ
digtalain	d̪ ɪ ɡ t̪ ɐ l aː ʔ ɪ n̪
dihito	d̪ iː h ɪ t̪ o
diigkasin	d̪ ɪ ʔ ɪ ɡ k aː s ɪ n̪
diin	d̪ ɪ ʔ ɪ n̪
diinan	d̪ ɪ ʔ ɪ n̪ a n̪
diit	d̪ ɪ ʔ ɪ t̪̚
diitan	d̪ iː ʔ iː t̪ ɐ n̪
diitan	d̪ ɪ ʔ ɪ t̪ a n̪
dikdik	d̪ ɪ k d̪ ɪ k̚
dike	d̪ iː x ɛ
dikiam	d̪ ɪ k j a m
dikin	d̪ ɪ x ɪ n̪
dikit	d̪ ɪ x ɪ t̪̚
diklap	d̪ ɪ k l a p̚
diklom	d̪ ɪ k l o m
diko	d̪ iː x o
dikong	d̪ iː x o ŋ
diksiyonaryo	d̪ ɪ k s j o n̪ a ɾ j o
diksiyonaryo	d̪ ɪ k ʃ o n̪ a ɾ j o
diksiyunaryo	d̪ ɪ k s j ʊ n̪ a ɾ j o
diksiyunaryo	d̪ ɪ k ʃ ʊ n̪ a ɾ j o
diksyonaryo	d̪ ɪ k s j o n̪ a ɾ j o
diksyonaryo	d̪ ɪ k ʃ o n̪ a ɾ j o
diksyunaryo	d̪ ɪ k s j ʊ n̪ a ɾ j o
diksyunaryo	d̪ ɪ k ʃ ʊ n̪ a ɾ j o
dikta	d̪ ɪ k t̪ a
diktador	d̪ ɪ k t̪ ɐ d̪ o ɾ
diktadora	d̪ ɪ k t̪ ɐ d̪ oː ɾ ɐ
diktadura	d̪ ɪ k t̪ ɐ d̪ uː ɾ ɐ
diktadurya	d̪ ɪ k t̪ ɐ d̪ u ɾ j ɐ
diktadurya	d̪ ɪ k t̪ ɐ d̪ ʊ ɾ j a
diktapon	d̪ i k t̪ ɐ p o n̪
diktapon	d̪ ɪ k t̪ ɐ p o n̪
dikya	d̪ i k j ɐ ʔ
dikya	d̪ ɪ k j a ʔ
dikyam	d̪ ɪ k j a m
dila	d̪ iː l ɐ ʔ
dila	d̪ ɪ l a ʔ
dilaan	d̪ ɪ l aː ʔ ɐ n̪
dilaan	d̪ ɪ l ɐ ʔ a n̪
dilag	d̪ ɪ l a ɡ̚
dilambuwaya	d̪ iː l ɐ m b w aː j ɐ
dilambuwaya	d̪ ɪ l a m b w aː j ɐ
dilan	d̪ ɪ l a n̪
dilang	d̪ ɪ l a ŋ
dilat	d̪ iː l ɐ t̪̚
dilat	d̪ ɪ l a t̪̚
dilaw	d̪ ɪ l a ʊ̯
dilawan	d̪ ɪ l aː w ɐ n̪
dilawan	d̪ ɪ l ɐ w a n̪
dilawdinsol	d̪ ɪ l a ʊ̯ d̪ ɪ n̪ s o l
dili	d̪ iː l ɪ
dili	d̪ iː l ɪ ʔ
dilig	d̪ ɪ l ɪ ɡ̚
diligan	d̪ ɪ l ɪ ɣ a n̪
dilihensiya	d̪ ɪ l ɪ h ɛ n̪ s j ɐ
dilihensiya	d̪ ɪ l ɪ h ɛ n̪ ʃ ɐ
dilikas	d̪ iː l ɪ x a s
dilim	d̪ ɪ l ɪ m
diliman	d̪ ɪ l ɪ m a n̪
dilis	d̪ iː l ɪ s
dilis	d̪ ɪ l ɪ s
diliwariw	d̪ ɪ l ɪ w aː ɾ ɪ ʊ̯
dilubyo	d̪ ɪ l u b j o
dimarim	d̪ ɪ m aː ɾ ɪ m
dimig	d̪ iː m ɪ ɡ̚
dimig	d̪ ɪ m ɪ ɡ̚
dimite	d̪ ɪ m ɪ t̪ ɛ
dimiti	d̪ iː m ɪ t̪ ɪ
dimiti	d̪ ɪ m ɪ t̪ ɪ
dimon	d̪ ɪ m o n̪
dimpol	d̪ i m p o l
dimsum	d̪ i m s ʊ m
din	d̪ ɛ n̪
din	d̪ ɪ n̪
dinadala	d̪ ɪ n̪ aː d̪ ɐ l a
dinadala	d̪ ɪ n̪ ɐ d̪ aː l ɐ
dinagipik	d̪ ɪ n̪ ɐ ɣ iː p ɪ k̚
dinakdakan	d̪ ɪ n̪ ɐ k d̪ aː x ɐ n̪
dinala	d̪ ɪ n̪ ɐ l a
dinamita	d̪ ɪ n̪ ɐ m iː t̪ ɐ
dinastiya	d̪ ɪ n̪ ɐ s t̪ iː j ɐ
dinawak	d̪ ɪ n̪ aː w ɐ k̚
dinding	d̪ ɪ n̪ d̪ ɪ ŋ
dine	d̪ iː n̪ ɛ
dinengdeng	d̪ ɪ n̪ ɛ n̪ d̪ ɛ ŋ
dinero	d̪ ɪ n̪ ɛː ɾ o
dingal	d̪ iː ŋ ɐ l
dingding	d̪ ɪ n̪ d̪ ɪ ŋ
dinggin	d̪ ɪ ŋ ɡ ɪ n̪
dingig	d̪ ɪ ŋ ɪ ɡ̚
dingsol	d̪ ɪ n̪ s o l
dingsulan	d̪ ɪ n̪ s uː l ɐ n̪
dingsulan	d̪ ɪ n̪ s ʊ l a n̪
dini	d̪ iː n̪ ɛ
dini	d̪ iː n̪ ɪ
dinidilawan	d̪ ɪ n̪ iː d̪ ɪ l ɐ w a n̪
dinig	d̪ ɪ n̪ ɪ ɡ̚
dinilawan	d̪ ɪ n̪ ɪ l ɐ w a n̪
dinorado	d̪ ɪ n̪ o ɾ aː d̪ o
dinosawro	d̪ ɪ n̪ o s a ʊ̯ ɾ o
dinsol	d̪ ɪ n̪ s o l
dinsulan	d̪ ɪ n̪ s uː l ɐ n̪
dinuduguan	d̪ ɪ n̪ uː d̪ ʊ ɣ ʊ ʔ a n̪
dinuduluhan	d̪ ɪ n̪ uː d̪ ʊ l uː h ɐ n̪
dinugan	d̪ ɪ n̪ ʊ ɣ a n̪
dinuguan	d̪ ɪ n̪ ʊ ɣ ʊ ʔ a n̪
dinuluhan	d̪ ɪ n̪ ʊ l uː h ɐ n̪
dinumero	d̪ ɪ n̪ ʊ m ɛː ɾ o
dinyig	d̪ ɪ n ɲ ɪ ɡ̚
dinyig	d̪ ɪ n̪ j ɪ ɡ̚
dipa	d̪ ɪ p a
dipende	d̪ ɪ p ɛ n̪ d̪ ɛ
diperensiya	d̪ ɪ p ɛ ɾ ɛ n̪ s j ɐ
diperensiya	d̪ ɪ p ɛ ɾ ɛ n̪ ʃ ɐ
diperensiya	d̪ ɪ p ɾ ɛ n̪ s j ɐ
diperensiya	d̪ ɪ p ɾ ɛ n̪ ʃ ɐ
diplomasiya	d̪ ɪ p l o m ɐ s iː j ɐ
diplomasya	d̪ ɪ p l o m a s j ɐ
diplomasya	d̪ ɪ p l o m aː ʃ ɐ
diplomata	d̪ ɪ p l oː m ɐ t̪ a
diplomatiko	d̪ ɪ p l o m aː t̪ ɪ x o
dipterya	d̪ ɪ p t̪ ɛ ɾ j ɐ
direk	d̪ ɪ ɾ ɛ k̚
direksiyon	d̪ ɪ ɾ ɛ k s j o n̪
direksiyon	d̪ ɪ ɾ ɛ k ʃ o n̪
direksyon	d̪ ɪ ɾ ɛ k s j o n̪
direksyon	d̪ ɪ ɾ ɛ k ʃ o n̪
direkta	d̪ ɪ ɾ ɛ k t̪ ɐ
direktiba	d̪ ɪ ɾ ɛ k t̪ iː b ɐ
direktor	d̪ ɪ ɾ ɛ k t̪ o ɾ
direktora	d̪ ɪ ɾ ɛ k t̪ oː ɾ ɐ
direktoryo	d̪ ɪ ɾ ɛ k t̪ o ɾ j o
diretso	d̪ ɪ ɾ ɛ t̪ s o
diretso	d̪ ɪ ɾ ɛː t͡ʃ o
diri	d̪ iː ɾ ɛ
diri	d̪ iː ɾ ɪ
diri	d̪ ɪ ɾ ɛ
diri	d̪ ɪ ɾ ɪ
dirihi	d̪ ɪ ɾ ɪ h ɪ
dirihible	d̪ ɪ ɾ ɪ h i b l ɛ
diris	d̪ iː ɾ ɪ s
disabilidad	d̪ ɪ s ɐ b ɪ l ɪ d̪ a d̪̚
disaluyan	d̪ iː s ɐ l uː j ɐ n̪
disempleo	d̪ ɪ s ɛ m p l ɛː j o
disempleyo	d̪ ɪ s ɛ m p l ɛː j o
disente	d̪ ɪ s ɛ n̪ t̪ ɛ
disenteria	d̪ ɪ s ɛ n̪ t̪ ɛ ɾ iː j ɐ
disenteriya	d̪ ɪ s ɛ n̪ t̪ ɛ ɾ iː j ɐ
disenterya	d̪ ɪ s ɛ n̪ t̪ ɛ ɾ j a
disenyo	d̪ ɪ s ɛ n̪ j o
disenyo	d̪ ɪ s ɛː ɲ o
disgrasiya	d̪ ɪ s ɡ ɾ aː s j ɐ
disgrasiya	d̪ ɪ s ɡ ɾ aː ʃ ɐ
disgrasya	d̪ ɪ s ɡ ɾ a s j ɐ
disgrasya	d̪ ɪ s ɡ ɾ aː ʃ ɐ
disin	d̪ iː s ɪ n̪
disin	d̪ ɪ s ɪ n̪
disinteria	d̪ ɪ s ɪ n̪ t̪ ɛ ɾ iː j ɐ
disinteriya	d̪ ɪ s ɪ n̪ t̪ ɛ ɾ iː j ɐ
disinterya	d̪ ɪ s ɪ n̪ t̪ ɛ ɾ j a
disinuwebe	d̪ ɪ s ɪ n̪ w ɛː b ɛ
disinwebe	d̪ ɪ s ɪ n̪ w ɛː b ɛ
disiotso	d̪ ɪ s ɪ ʔ o t̪ s o
disiotso	d̪ ɪ s ɪ ʔ oː t͡ʃ o
disiplina	d̪ ɪ s ɪ p l iː n̪ ɐ
disiplinado	d̪ ɪ s ɪ p l ɪ n̪ aː d̪ o
disiplinahin	d̪ ɪ s ɪ p l ɪ n̪ aː h ɪ n̪
disipulo	d̪ ɪ s iː p ʊ l o
disisais	d̪ ɪ s ɪ s ɐ ʔ ɪ s
disiseis	d̪ ɪ s ɪ s ɐ ʔ ɪ s
disiseis	d̪ ɪ s ɪ s ɛ ʔ ɪ s
disisiyete	d̪ ɪ s ɪ s j ɛː t̪ ɛ
disisiyete	d̪ ɪ s ɪ ʃ ɛː t̪ ɛ
diskaril	d̪ ɪ s k ɐ ɾ ɪ l
diskarte	d̪ ɪ s k a ɾ t̪ ɛ
diskita	d̪ ɪ s k ɪ t̪ a
disko	d̪ i s k o
diskompiyado	d̪ ɪ s k o m p j aː d̪ o
diskriminasyon	d̪ ɪ s k ɾ ɪ m ɪ n̪ ɐ s j o n̪
diskriminasyon	d̪ ɪ s k ɾ ɪ m ɪ n̪ ɐ ʃ o n̪
diskubre	d̪ ɪ s k ʊ b ɾ ɛ
diskumpiyado	d̪ ɪ s k ʊ m p j aː d̪ o
diskurso	d̪ ɪ s k u ɾ s o
diskusyon	d̪ ɪ s k ʊ s j o n̪
diskusyon	d̪ ɪ s k ʊ ʃ o n̪
diskuwalipika	d̪ ɪ s k w ɐ l ɪ p ɪ x a
diskuwalipikado	d̪ ɪ s k w ɐ l ɪ p ɪ x aː d̪ o
diskuwalipikasyon	d̪ ɪ s k w ɐ l ɪ p ɪ x ɐ s j o n̪
diskuwalipikasyon	d̪ ɪ s k w ɐ l ɪ p ɪ x ɐ ʃ o n̪
diskuwento	d̪ ɪ s k w ɛ n̪ t̪ o
diskwalipikasyon	d̪ ɪ s k w ɐ l ɪ p ɪ x ɐ s j o n̪
diskwalipikasyon	d̪ ɪ s k w ɐ l ɪ p ɪ x ɐ ʃ o n̪
diskwento	d̪ ɪ s k w ɛ n̪ t̪ o
dismaya	d̪ ɪ s m ɐ j a
dismayado	d̪ ɪ s m ɐ j aː d̪ o
diso	d̪ ɪ s o
dispabiladera	d̪ ɪ s p ɐ b ɪ l ɐ d̪ ɛː ɾ ɐ
dispatser	d̪ ɪ s p a t̪ s ɛ ɾ
dispatser	d̪ ɪ s p aː t͡ʃ ɛ ɾ
dispensa	d̪ ɪ s p ɛ n̪ s ɐ
disperas	d̪ i s p ɛ ɾ a s
displey	d̪ ɪ s p l e ɪ̯
disposisyon	d̪ ɪ s p o s ɪ s j o n̪
disposisyon	d̪ ɪ s p o s ɪ ʃ o n̪
distansiya	d̪ ɪ s t̪ a n̪ s j ɐ
distansiya	d̪ ɪ s t̪ a n̪ ʃ ɐ
distansya	d̪ ɪ s t̪ a n̪ s j ɐ
distansya	d̪ ɪ s t̪ a n̪ ʃ ɐ
disterado	d̪ ɪ s t̪ ɛ ɾ aː d̪ o
distilada	d̪ ɪ s t̪ ɪ l aː d̪ ɐ
distinggido	d̪ ɪ s t̪ ɪ ŋ ɡ iː d̪ o
distorbo	d̪ ɪ s t̪ o ɾ b o
distribusyon	d̪ ɪ s t̪ ɾ ɪ b ʊ s j o n̪
distribusyon	d̪ ɪ s t̪ ɾ ɪ b ʊ ʃ o n̪
distrito	d̪ ɪ s t̪ ɾ iː t̪ o
disturbo	d̪ ɪ s t̪ u ɾ b o
dita	d̪ iː t̪ ɐ ʔ
dita	d̪ ɪ t̪ a ʔ
ditablo	d̪ ɪ t̪ ɐ b l o
ditagwayin	d̪ iː t̪ ɐ ɡ w aː j ɪ n̪
ditan	d̪ ɪ t̪ a n̪
ditao	d̪ iː t̪ aː ʔ o
ditdit	d̪ ɪ t̪ d̪ ɪ t̪̚
ditini	d̪ ɪ t̪ ɪ n̪ ɪ
dito	d̪ iː t̪ o
ditse	d̪ ɪ t t͡ʃ ɛ
ditse	d̪ ɪ t̪ s ɛ
ditso	d̪ i t̪ s o
ditso	d̪ iː t͡ʃ o
diuna	d̪ j uː n̪ ɐ
diuna	d͡ʒ uː n̪ ɐ
diwa	d̪ iː w ɐ ʔ
diwang	d̪ iː w ɐ ŋ
diwara	d̪ ɪ w aː ɾ ɐ ʔ
diwara	d̪ ɪ w ɐ ɾ a ʔ
diwata	d̪ ɪ w aː t̪ ɐ
diwata	d̪ ɪ w aː t̪ ɐ ʔ
diyaan	d̪ j ɐ ʔ a n̪
diyaan	d͡ʒ ɐ ʔ a n̪
diyabetes	d̪ j ɐ b ɛː t̪ ɛ s
diyabetes	d̪ j ɐ b ɛː t̪ ɪ s
diyabetes	d̪ ɐ j ɐ b iː t̪ ɪ s
diyabetes	d̪ ɐ j ɐ b ɛː t̪ ɪ s
diyabetes	d͡ʒ ɐ b ɛː t̪ ɛ s
diyabetes	d͡ʒ ɐ b ɛː t̪ ɪ s
diyabetiko	d̪ j ɐ b ɛː t̪ ɪ x o
diyabetiko	d͡ʒ ɐ b ɛː t̪ ɪ x o
diyablo	d̪ j a b l o
diyablo	d͡ʒ a b l o
diyablura	d̪ j ɐ b l uː ɾ ɐ
diyablura	d͡ʒ ɐ b l uː ɾ ɐ
diyadema	d̪ j ɐ d̪ ɛː m ɐ
diyadema	d͡ʒ ɐ d̪ ɛː m ɐ
diyaket	d̪ j aː x ɛ t̪̚
diyaket	d͡ʒ aː x ɛ t̪̚
diyakonesa	d̪ j ɐ x o n̪ ɛː s ɐ
diyakonesa	d͡ʒ ɐ x o n̪ ɛː s ɐ
diyakonisa	d̪ j ɐ x o n̪ iː s ɐ
diyakonisa	d͡ʒ ɐ x o n̪ iː s ɐ
diyakono	d̪ j aː x o n̪ o
diyakono	d͡ʒ aː x o n̪ o
diyakritiko	d̪ j ɐ k ɾ iː t̪ ɪ x o
diyakritiko	d͡ʒ ɐ k ɾ iː t̪ ɪ x o
diyakuno	d̪ j aː x ʊ n̪ o
diyakuno	d͡ʒ aː x ʊ n̪ o
diyalekto	d̪ j ɐ l ɛ k t̪ o
diyalekto	d͡ʒ ɐ l ɛ k t̪ o
diyalogo	d̪ j aː l o ɣ o
diyalogo	d͡ʒ aː l o ɣ o
diyamante	d̪ j ɐ m a n̪ t̪ ɛ
diyamante	d͡ʒ ɐ m a n̪ t̪ ɛ
diyambol	d̪ j a m b o l
diyambol	d͡ʒ a m b o l
diyametro	d̪ j aː m ɛ t̪ ɾ o
diyametro	d̪ j ɐ m ɛː t̪ ɾ o
diyametro	d͡ʒ aː m ɛ t̪ ɾ o
diyametro	d͡ʒ ɐ m ɛː t̪ ɾ o
diyan	d̪ iː j ɐ n̪
diyan	d̪ j a n̪
diyan	d͡ʒ a n̪
diyangket	d̪ j a ŋ k ɛ t̪̚
diyangket	d͡ʒ a ŋ k ɛ t̪̚
diyanitor	d̪ j aː n̪ ɪ t̪ o ɾ
diyanitor	d͡ʒ aː n̪ ɪ t̪ o ɾ
diyarea	d̪ j ɐ ɾ ɛː j ɐ
diyarea	d͡ʒ ɐ ɾ ɛː j ɐ
diyariya	d̪ j ɐ ɾ iː j ɐ
diyariya	d͡ʒ ɐ ɾ iː j ɐ
diyaryo	d̪ j a ɾ j o
diyaryo	d͡ʒ a ɾ j o
diyeli	d̪ j ɛː l ɪ
diyeli	d͡ʒ ɛː l ɪ
diyeneretor	d̪ j ɛ n̪ ɛ ɾ ɛː t̪ o ɾ
diyeneretor	d͡ʒ ɛ n̪ ɛ ɾ ɛː t̪ o ɾ
diyenereytor	d̪ j ɛ n̪ ɛ ɾ e ɪ̯ t̪ o ɾ
diyenereytor	d͡ʒ ɛ n̪ ɛ ɾ e ɪ̯ t̪ o ɾ
diyeresis	d̪ j ɛː ɾ ɛ s ɪ s
diyeresis	d͡ʒ ɛː ɾ ɛ s ɪ s
diyes	d̪ j ɛ s
diyes	d̪ j ɪ s
diyes	d͡ʒ ɛ s
diyes	d͡ʒ ɪ s
diyesel	d̪ j ɛː s ɛ l
diyesel	d͡ʒ ɛː s ɛ l
diyesmo	d̪ j ɛ s m o
diyesmo	d͡ʒ ɛ s m o
diyeta	d̪ j ɛː t̪ ɐ
diyeta	d͡ʒ ɛː t̪ ɐ
diyobos	d̪ j oː b o s
diyobos	d͡ʒ oː b o s
diyodorante	d̪ j o d̪ o ɾ a n̪ t̪ ɛ
diyodorante	d͡ʒ o d̪ o ɾ a n̪ t̪ ɛ
diyoker	d̪ j oː x ɛ ɾ
diyoker	d͡ʒ oː x ɛ ɾ
diyona	d̪ j oː n̪ ɐ
diyona	d͡ʒ oː n̪ ɐ
diyornal	d̪ j o ɾ n̪ ɐ l
diyornal	d͡ʒ o ɾ n̪ ɐ l
diyornalismo	d̪ j o ɾ n̪ ɐ l i s m o
diyornalismo	d͡ʒ o ɾ n̪ ɐ l i s m o
diyornalista	d̪ j o ɾ n̪ ɐ l i s t̪ ɐ
diyornalista	d͡ʒ o ɾ n̪ ɐ l i s t̪ ɐ
diyos	d̪ j o s
diyos	d͡ʒ o s
diyosa	d̪ j oː s ɐ
diyosa	d͡ʒ oː s ɐ
diyosesis	d̪ j o s ɛː s ɪ s
diyosesis	d̪ j oː s ɛ s ɪ s
diyosesis	d͡ʒ o s ɛː s ɪ s
diyosesis	d͡ʒ oː s ɛ s ɪ s
diyudo	d̪ j uː d̪ o
diyudo	d͡ʒ uː d̪ o
diyuna	d̪ j uː n̪ ɐ
diyuna	d͡ʒ uː n̪ ɐ
diyurnal	d̪ j u ɾ n̪ ɐ l
diyurnal	d͡ʒ u ɾ n̪ ɐ l
diyurnalismo	d̪ j u ɾ n̪ ɐ l i s m o
diyurnalismo	d͡ʒ u ɾ n̪ ɐ l i s m o
diyurnalista	d̪ j u ɾ n̪ ɐ l i s t̪ ɐ
diyurnalista	d͡ʒ u ɾ n̪ ɐ l i s t̪ ɐ
doble	d̪ o b l ɛ
doblehin	d̪ o b l ɛ h ɪ n̪
doblekara	d̪ o b l ɛ x aː ɾ ɐ
dobolyu	d̪ oː b o l j ʊ
dodo	d̪ oː d̪ o ʔ
dogshow	d̪ o ɡ s j o ʊ̯
dogshow	d̪ o ɡ ʃ o ʊ̯
doksolohiya	d̪ o k s o l o h iː j ɐ
doktor	d̪ o k t̪ o ɾ
doktora	d̪ o k t̪ oː ɾ ɐ
doktorado	d̪ o k t̪ o ɾ aː d̪ o
doktrina	d̪ o k t̪ ɾ iː n̪ ɐ
dokumentado	d̪ o x ʊ m ɛ n̪ t̪ aː d̪ o
dokumental	d̪ o x ʊ m ɛ n̪ t̪ a l
dokumentaryo	d̪ o x ʊ m ɛ n̪ t̪ a ɾ j o
dokumentasyon	d̪ o x ʊ m ɛ n̪ t̪ ɐ s j o n̪
dokumentasyon	d̪ o x ʊ m ɛ n̪ t̪ ɐ ʃ o n̪
dokumento	d̪ o x ʊ m ɛ n̪ t̪ o
dokyumentaryo	d̪ o k j ʊ m ɛ n̪ t̪ a ɾ j o
dolar	d̪ oː l ɐ ɾ
dolphy	d̪ o l f ɪ
dolphy	d̪ o l p ɪ
dolyar	d̪ o l j a ɾ
dominado	d̪ o m ɪ n̪ aː d̪ o
dominante	d̪ o m ɪ n̪ a n̪ t̪ ɛ
dominasiyon	d̪ o m ɪ n̪ ɐ s j o n̪
dominasiyon	d̪ o m ɪ n̪ ɐ ʃ o n̪
dominasiyones	d̪ o m ɪ n̪ ɐ s j oː n̪ ɛ s
dominasiyones	d̪ o m ɪ n̪ ɐ ʃ oː n̪ ɛ s
dominasyon	d̪ o m ɪ n̪ ɐ s j o n̪
dominasyon	d̪ o m ɪ n̪ ɐ ʃ o n̪
dominasyones	d̪ o m ɪ n̪ ɐ s j oː n̪ ɛ s
dominasyones	d̪ o m ɪ n̪ ɐ ʃ oː n̪ ɛ s
domino	d̪ o m ɪ n̪ o
domino	d̪ oː m ɪ n̪ o
dominyo	d̪ o m i n̪ j o
dominyo	d̪ o m iː ɲ o
dominyon	d̪ o m i n̪ j o n̪
dominyon	d̪ o m iː ɲ o n̪
dominyon	d̪ o m ɪ n ɲ o n̪
dominyon	d̪ o m ɪ n̪ j o n̪
donasyon	d̪ o n̪ ɐ s j o n̪
donasyon	d̪ o n̪ ɐ ʃ o n̪
donat	d̪ oː n̪ ɐ t̪̚
donya	d̪ o n̪ j ɐ
donya	d̪ oː ɲ ɐ
doon	d̪ o n̪
doon	d̪ o ʔ o n̪
doon	d̪ oː ʔ o n̪
doong	d̪ o ʔ o ŋ
doong	d̪ oː ʔ o ŋ
dorado	d̪ o ɾ aː d̪ o
dorbel	d̪ o ɾ b ɛ l
dormedanyo	d̪ o ɾ m ɛ d̪ a n̪ j o
dormedanyo	d̪ o ɾ m ɛ d̪ aː ɲ o
dormitoryo	d̪ o ɾ m ɪ t̪ o ɾ j o
dorobo	d̪ o ɾ oː b o
dos	d̪ o s
dose	d̪ oː s ɛ
dosena	d̪ o s ɛː n̪ ɐ
dosis	d̪ oː s ɪ s
dosyentos	d̪ o s j ɛ n̪ t̪ o s
dosyentos	d̪ o ʃ ɛ n̪ t̪ o s
dote	d̪ oː t̪ ɛ
dragon	d̪ ɾ ɐ ɣ o n̪
dram	d̪ ɾ a m
drama	d̪ ɾ aː m ɐ
dramatiko	d̪ ɾ ɐ m aː t̪ ɪ x o
drayber	d̪ ɾ a ɪ̯ b ɛ ɾ
dribol	d̪ ɾ iː b o l
droga	d̪ ɾ oː ɣ ɐ
drogista	d̪ ɾ o ɣ i s t̪ ɐ
dromedaryo	d̪ ɾ o m ɛ d̪ a ɾ j o
drower	d̪ ɾ oː w ɛ ɾ
drowing	d̪ ɾ oː w ɪ ŋ
dua	d̪ ʊ ʔ a
duag	d̪ w a ɡ̚
dual	d̪ uː ʔ ɐ l
dual	d̪ ʊ ʔ a l
dubdob	d̪ ʊ b d̪ o b̚
duda	d̪ uː d̪ ɐ
dudagitab	d̪ uː d̪ ɐ ɣ iː t̪ ɐ b̚
duduguan	d̪ ʊ d̪ ʊ ɣ ʊ ʔ a n̪
dudukot	d̪ ʊ d̪ uː x o t̪̚
duduluhan	d̪ uː d̪ ʊ l uː h ɐ n̪
dudungaw	d̪ ʊ d̪ uː ŋ a ʊ̯
dugas	d̪ uː ɣ ɐ s
dugo	d̪ ʊ ɣ o ʔ
dugong	d̪ uː ɣ o ŋ
dugso	d̪ ʊ ɡ s o ʔ
dugtong	d̪ ʊ ɡ t̪ o ŋ
duguan	d̪ ʊ ɣ ʊ ʔ a n̪
dugwa	d̪ ʊ ɡ w a ʔ
dugyot	d̪ ʊ ɡ j o t̪̚
duhagi	d̪ ʊ h aː ɣ ɪ
duhagi	d̪ ʊ h ɐ ɣ ɪ
duhakay	d̪ ʊ h aː x a ɪ̯
duhambindahon	d̪ ʊ h ɐ m b ɪ n̪ d̪ aː h o n̪
duhandas	d̪ ʊ h ɐ n̪ d̪ a s
duhansipat	d̪ ʊ h ɐ n̪ s iː p ɐ t̪̚
duhasik	d̪ ʊ h aː s ɪ k̚
duhat	d̪ uː h ɐ t̪̚
duhol	d̪ ʊ h o l
dukado	d̪ ʊ x aː d̪ o
dukal	d̪ ʊ x a l
dukalan	d̪ uː x aː l ɐ n̪
dukalin	d̪ uː x aː l ɪ n̪
dukalin	d̪ ʊ x ɐ l ɪ n̪
duke	d̪ uː x ɛ
dukesa	d̪ ʊ x ɛː s ɐ
dukha	d̪ ʊ k h a ʔ
dukit	d̪ uː x ɪ t̪̚
dukit	d̪ ʊ x ɪ t̪̚
dukot	d̪ uː x o t̪̚
dukumental	d̪ ʊ x ʊ m ɛ n̪ t̪ a l
dukwang	d̪ ʊ k w a ŋ
dukwangin	d̪ ʊ k w ɐ ŋ ɪ n̪
dula	d̪ uː l ɐ ʔ
dula	d̪ ʊ l a ʔ
dulaan	d̪ ʊ l aː ʔ ɐ n̪
dulang	d̪ uː l ɐ ŋ
dulang	d̪ ʊ l a ŋ
dulangan	d̪ ʊ l ɐ ŋ a n̪
dulas	d̪ ʊ l a s
duldol	d̪ ʊ l d̪ o l
duling	d̪ uː l ɪ ŋ
duling	d̪ ʊ l ɪ ŋ
dulis	d̪ uː l ɪ s
dulit	d̪ uː l ɪ t̪̚
dulo	d̪ uː l o
dulog	d̪ ʊ l o ɡ̚
dulohaka	d̪ ʊ l o h aː x ɐ ʔ
dulos	d̪ ʊ l o s
dulot	d̪ uː l o t̪̚
dulsainas	d̪ ʊ l s a ɪ̯ n̪ ɐ s
dulsaynas	d̪ ʊ l s a ɪ̯ n̪ ɐ s
dulubasa	d̪ ʊ l ʊ b aː s ɐ ʔ
dulugan	d̪ ʊ l uː ɣ ɐ n̪
dulugan	d̪ ʊ l ʊ ɣ a n̪
duluhaka	d̪ ʊ l ʊ h aː x ɐ ʔ
duluhan	d̪ ʊ l uː h ɐ n̪
dumaan	d̪ ʊ m aː ʔ ɐ n̪
dumaan	d̪ ʊ m ɐ ʔ a n̪
dumagdag	d̪ ʊ m ɐ ɡ d̪ a ɡ̚
dumagit	d̪ ʊ m aː ɣ ɪ t̪̚
dumagsin	d̪ ʊ m ɐ ɡ s ɪ n̪
dumaigdig	d̪ ʊ m ɐ ʔ ɪ ɡ d̪ ɪ ɡ̚
dumal	d̪ uː m ɐ l
dumalaw	d̪ ʊ m aː l a ʊ̯
dumaldal	d̪ ʊ m ɐ l d̪ a l
dumali	d̪ ʊ m ɐ l ɪ ʔ
dumalisay	d̪ ʊ m ɐ l iː s a ɪ̯
dumalo	d̪ ʊ m ɐ l o
dumaloy	d̪ ʊ m aː l o ɪ̯
duman	d̪ uː m ɐ n̪
dumapa	d̪ ʊ m ɐ p a ʔ
dumarine	d̪ ʊ m ɐ ɾ iː n̪ ɛ
dumating	d̪ ʊ m ɐ t̪ ɪ ŋ
dumausdos	d̪ ʊ m ɐ ʔ ʊ s d̪ o s
dumero	d̪ ʊ m ɛː ɾ o
dumi	d̪ ʊ m ɪ
dumighay	d̪ ʊ m ɪ ɡ h a ɪ̯
dumihan	d̪ uː m iː h ɐ n̪
dumihan	d̪ ʊ m ɪ h a n̪
dumilaw	d̪ ʊ m ɪ l a ʊ̯
dumilim	d̪ ʊ m ɪ l ɪ m
dumito	d̪ ʊ m iː t̪ o
dumog	d̪ uː m o ɡ̚
dumog	d̪ ʊ m o ɡ̚
dumudukot	d̪ ʊ m ʊ d̪ uː x o t̪̚
dumudungaw	d̪ ʊ m ʊ d̪ uː ŋ a ʊ̯
dumugin	d̪ ʊ m uː ɣ ɪ n̪
dumugo	d̪ ʊ m ʊ ɣ o ʔ
dumukot	d̪ ʊ m uː x o t̪̚
dumulas	d̪ ʊ m ʊ l a s
dumumi	d̪ ʊ m ʊ m ɪ
dumungaw	d̪ ʊ m uː ŋ a ʊ̯
dumupok	d̪ ʊ m ʊ p o k̚
dumura	d̪ ʊ m ʊ ɾ a ʔ
dumurukot	d̪ ʊ m ʊ ɾ uː x o t̪̚
dumurungaw	d̪ ʊ m ʊ ɾ uː ŋ a ʊ̯
dungaw	d̪ uː ŋ a ʊ̯
dunggol	d̪ ʊ ŋ ɡ o l
dunggot	d̪ ʊ ŋ ɡ o t̪̚
dunggulin	d̪ ʊ ŋ ɡ ʊ l ɪ n̪
dungis	d̪ uː ŋ ɪ s
dungon	d̪ uː ŋ o n̪
dungon	d̪ ʊ ŋ o n̪
dunong	d̪ uː n̪ o ŋ
duong	d̪ uː ʔ o ŋ
duong	d̪ ʊ ʔ o ŋ
duongan	d̪ ʊ ʔ o ŋ a n̪
duongan	d̪ ʊ ʔ oː ŋ ɐ n̪
dupa	d̪ ʊ p a ʔ
dupikal	d̪ ʊ p ɪ x a l
dupil	d̪ uː p ɪ l
dupliket	d̪ u p l ɪ x ɛ t̪̚
duplikeyt	d̪ u p l ɪ x e ɪ̯ t̪
dupok	d̪ ʊ p o k̚
dupong	d̪ uː p o ŋ
dura	d̪ ʊ ɾ a ʔ
duraan	d̪ ʊ ɾ aː ʔ ɐ n̪
duraan	d̪ ʊ ɾ ɐ ʔ a n̪
durian	d̪ ʊ ɾ j a n̪
duro	d̪ uː ɾ o ʔ
durog	d̪ uː ɾ o ɡ̚
durog	d̪ ʊ ɾ o ɡ̚
durugista	d̪ ʊ ɾ ʊ ɣ i s t̪ ɐ
durukot	d̪ ʊ ɾ uː x o t̪̚
durungaw	d̪ ʊ ɾ uː ŋ a ʊ̯
durungawan	d̪ uː ɾ ʊ ŋ ɐ w a n̪
durungawan	d̪ ʊ ɾ ʊ ŋ aː w ɐ n̪
duryan	d̪ ʊ ɾ j a n̪
dusa	d̪ uː s ɐ
dusdos	d̪ ʊ s d̪ o s
dusing	d̪ uː s ɪ ŋ
dusta	d̪ ʊ s t̪ a ʔ
dutaan	d̪ ʊ t̪ aː ʔ ɐ n̪
dutaliknayan	d̪ ʊ t̪ ɐ l ɪ k n̪ aː j ɐ n̪
dutdot	d̪ ʊ t̪ d̪ o t̪̚
dutdutin	d̪ ʊ t̪ d̪ ʊ t̪ ɪ n̪
duungan	d̪ ʊ ʔ uː ŋ ɐ n̪
duwag	d̪ uː w ɐ ɡ̚
duwag	d̪ w a ɡ̚
duwahagi	d̪ w ɐ h aː ɣ ɪ
duwal	d̪ w a l
duwalismo	d̪ w ɐ l i s m o
duwende	d̪ w ɛ n̪ d̪ ɛ
duweto	d̪ w ɛː t̪ o
duwong	d̪ uː w o ŋ
duyan	d̪ uː j ɐ n̪
duyog	d̪ ʊ j o ɡ̚
duyong	d̪ uː j o ŋ
dyadema	d̪ j ɐ d̪ ɛː m ɐ
dyadema	d͡ʒ ɐ d̪ ɛː m ɐ
dyahe	d̪ j aː h ɛ
dyahe	d͡ʒ aː h ɛ
dyaket	d̪ j aː x ɛ t̪̚
dyaket	d͡ʒ aː x ɛ t̪̚
dyakol	d̪ j ɐ x o l
dyakol	d͡ʒ ɐ x o l
dyakritiko	d̪ j ɐ k ɾ iː t̪ ɪ x o
dyakritiko	d͡ʒ ɐ k ɾ iː t̪ ɪ x o
dyamante	d̪ j ɐ m a n̪ t̪ ɛ
dyamante	d͡ʒ ɐ m a n̪ t̪ ɛ
dyambol	d̪ j a m b o l
dyambol	d͡ʒ a m b o l
dyangket	d̪ j a ŋ k ɛ t̪̚
dyangket	d͡ʒ a ŋ k ɛ t̪̚
dyanitor	d̪ j aː n̪ ɪ t̪ o ɾ
dyanitor	d͡ʒ aː n̪ ɪ t̪ o ɾ
dyaryo	d̪ j a ɾ j o
dyaryo	d͡ʒ a ɾ j o
dyas	d̪ j a s
dyas	d͡ʒ a s
dyeli	d̪ j ɛː l ɪ
dyeli	d͡ʒ ɛː l ɪ
dyenereytor	d̪ j ɛ n̪ ɛ ɾ e ɪ̯ t̪ o ɾ
dyenereytor	d͡ʒ ɛ n̪ ɛ ɾ e ɪ̯ t̪ o ɾ
dyeresis	d̪ j ɛː ɾ ɛ s ɪ s
dyeresis	d͡ʒ ɛː ɾ ɛ s ɪ s
dyet	d̪ j ɛ t̪̚
dyet	d͡ʒ ɛ t̪̚
dyeta	d̪ j ɛː t̪ ɐ
dyeta	d͡ʒ ɛː t̪ ɐ
dyey	d̪ j e ɪ̯
dyey	d͡ʒ e ɪ̯
dyi	d̪ j ɪ
dyi	d͡ʒ ɪ
dyimnastiks	d̪ j ɪ m n̪ a s t̪ ɪ k s
dyimnastiks	d͡ʒ ɪ m n̪ a s t̪ ɪ k s
dyinggel	d̪ j i ŋ ɡ ɛ l
dyinggel	d͡ʒ i ŋ ɡ ɛ l
dyinodyolog	d̪ j ɪ n̪ o d̪ j oː l o ɡ̚
dyinodyolog	d͡ʒ ɪ n̪ o d͡ʒ oː l o ɡ̚
dyinolog	d̪ j ɪ n̪ oː l o ɡ̚
dyinolog	d͡ʒ ɪ n̪ oː l o ɡ̚
dyip	d̪ j ɪ p̚
dyip	d͡ʒ ɪ p̚
dyipni	d̪ j i p n̪ ɪ
dyipni	d͡ʒ i p n̪ ɪ
dyobos	d̪ j oː b o s
dyobos	d͡ʒ oː b o s
dyobus	d̪ j oː b ʊ s
dyobus	d͡ʒ oː b ʊ s
dyodyologin	d̪ j o d̪ j o l oː ɣ ɪ n̪
dyodyologin	d͡ʒ o d d͡ʒ o l oː ɣ ɪ n̪
dyoker	d̪ j oː x ɛ ɾ
dyoker	d͡ʒ oː x ɛ ɾ
dyologin	d̪ j o l oː ɣ ɪ n̪
dyologin	d͡ʒ o l oː ɣ ɪ n̪
dyologs	d̪ j oː l o ɡ s
dyologs	d͡ʒ oː l o ɡ s
dyornal	d̪ j o ɾ n̪ ɐ l
dyornal	d͡ʒ o ɾ n̪ ɐ l
dyornalismo	d̪ j o ɾ n̪ ɐ l i s m o
dyornalismo	d͡ʒ o ɾ n̪ ɐ l i s m o
dyornalista	d̪ j o ɾ n̪ ɐ l i s t̪ ɐ
dyornalista	d͡ʒ o ɾ n̪ ɐ l i s t̪ ɐ
dyos	d̪ j o s
dyos	d͡ʒ o s
dyosa	d̪ j oː s ɐ
dyosa	d͡ʒ oː s ɐ
dyowa	d̪ j oː w ɐ
dyowa	d̪ j oː w ɐ ʔ
dyowa	d͡ʒ oː w ɐ
dyowa	d͡ʒ oː w ɐ ʔ
dyudo	d̪ j uː d̪ o
dyudo	d͡ʒ uː d̪ o
dyumologs	d̪ j ʊ m oː l o ɡ s
dyumologs	d͡ʒ ʊ m oː l o ɡ s
dyurnal	d̪ j u ɾ n̪ ɐ l
dyurnal	d͡ʒ u ɾ n̪ ɐ l
dyurnalismo	d̪ j u ɾ n̪ ɐ l i s m o
dyurnalismo	d͡ʒ u ɾ n̪ ɐ l i s m o
dyurnalista	d̪ j u ɾ n̪ ɐ l i s t̪ ɐ
dyurnalista	d͡ʒ u ɾ n̪ ɐ l i s t̪ ɐ
e	ɛ
e	ʔ ɛ
e	ʔ ɛː
e	ʔ ɪ
ea	ʔ ɛː ʔ ɐ
eabab	ʔ ɛː j ɐ b a b̚
eabab	ʔ ɛː ʔ ɐ b a b̚
ebak	ʔ ɛː b ɐ k̚
ebakwasyon	ʔ ɛ b ɐ k w ɐ s j o n̪
ebakwasyon	ʔ ɛ b ɐ k w ɐ ʃ o n̪
ebanghelikamente	ʔ ɛ b ɐ ŋ h ɛ l ɪ x ɐ m ɛ n̪ t̪ ɛ
ebanghelista	ʔ ɛ b ɐ ŋ h ɛ l i s t̪ ɐ
ebangsilyo	ʔ ɛ b ɐ n̪ s i l j o
ebaporada	ʔ ɛ b ɐ p o ɾ aː d̪ ɐ
ebidensiya	ʔ ɛ b ɪ d̪ ɛ n̪ s j ɐ
ebidensiya	ʔ ɛ b ɪ d̪ ɛ n̪ ʃ ɐ
ebidensya	ʔ ɛ b ɪ d̪ ɛ n̪ s j ɐ
ebidensya	ʔ ɛ b ɪ d̪ ɛ n̪ ʃ ɐ
ebolusyon	ʔ ɛ b o l ʊ s j o n̪
ebolusyon	ʔ ɛ b o l ʊ ʃ o n̪
ebs	ʔ ɛ b s
ebulusyon	ʔ ɛ b ʊ l ʊ s j o n̪
ebulusyon	ʔ ɛ b ʊ l ʊ ʃ o n̪
echas	ʔ ɛ t̪ s ɐ s
echas	ʔ ɛː t͡ʃ ɐ s
echos	ʔ ɛ t̪ s o s
echos	ʔ ɛː t͡ʃ o s
echosera	ʔ ɛ t t͡ʃ o s ɛː ɾ ɐ
echosera	ʔ ɛ t̪ s o s ɛː ɾ ɐ
edad	ʔ ɛ d̪ a d̪̚
edipisyo	ʔ ɛ d̪ ɪ p i s j o
edipisyo	ʔ ɛ d̪ ɪ p iː ʃ o
edisyon	ʔ ɛ d̪ ɪ s j o n̪
edisyon	ʔ ɛ d̪ ɪ ʃ o n̪
edit	ʔ ɛː d̪ ɪ t̪̚
editoryal	ʔ ɛ d̪ ɪ t̪ o ɾ j a l
edukada	ʔ ɛ d̪ ʊ x aː d̪ ɐ
edukado	ʔ ɛ d̪ ʊ x aː d̪ o
edukasyon	ʔ ɛ d̪ ʊ x ɐ s j o n̪
edukasyon	ʔ ɛ d̪ ʊ x ɐ ʃ o n̪
eemyendahan	ʔ ɛː ʔ ɛ m j ɛ n̪ d̪ ɐ h a n̪
eere	ʔ ɛ ʔ ɛː ɾ ɛ
eere	ʔ ɛː ʔ ɛː ɾ ɛ
ef	ʔ ɛ f
ef	ʔ ɛ p̚
efas	ʔ ɛː f ɐ s
efas	ʔ ɛː p ɐ s
efe	ʔ ɛː f ɛ
efe	ʔ ɛː p ɛ
egalitaryo	ʔ ɛ ɣ ɐ l ɪ t̪ a ɾ j o
egemoniya	ʔ ɛ ɣ ɛ m o n̪ iː j ɐ
egemonya	ʔ ɛ ɣ ɛ m o n̪ j ɐ
egemonya	ʔ ɛ ɣ ɛ m oː ɲ ɐ
egloga	ʔ ɛ ɡ l o ɣ a
egoismo	ʔ ɛ ɣ o w i s m o
ehe	ʔ ɛː h ɛ
ehekutibo	ʔ ɛ h ɛ x ʊ t̪ iː b o
ehemoniya	ʔ ɛ h ɛ m o n̪ iː j ɐ
ehemonya	ʔ ɛ h ɛ m o n̪ j ɐ
ehemonya	ʔ ɛ h ɛ m oː ɲ ɐ
ehemplo	ʔ ɛ h ɛ m p l o
ehersisyo	ʔ ɛ h ɛ ɾ s i s j o
ehersisyo	ʔ ɛ h ɛ ɾ s iː ʃ o
ehersito	ʔ ɛ h ɛ ɾ s ɪ t̪ o
eka	ʔ ɛ x a ʔ
eka	ʔ ɛː x ɐ
eka	ʔ ɛː x ɐ ʔ
ekiboko	ʔ ɛ x iː b o x o
ekinoks	ʔ ɛː x ɪ n̪ o k s
ekinoksiyo	ʔ ɛ x ɪ n̪ o k s j o
ekinoksiyo	ʔ ɛ x ɪ n̪ o k ʃ o
ekinoksyo	ʔ ɛ x ɪ n̪ o k s j o
ekinoksyo	ʔ ɛ x ɪ n̪ o k ʃ o
ekipahe	ʔ ɛ x ɪ p aː h ɛ
ekis	ʔ ɛː x ɪ s
ekisan	ʔ ɛ x iː s ɐ n̪
eklipse	ʔ ɛ k l i p s ɛ
ekonomiko	ʔ ɛ x o n̪ o m iː x o
ekonomista	ʔ ɛ x o n̪ o m i s t̪ ɐ
ekonomiya	ʔ ɛ x o n̪ o m iː j ɐ
eks	ʔ ɛ k s
eksaherado	ʔ ɛ k s ɐ h ɛ ɾ aː d̪ o
eksaherasyon	ʔ ɛ k s ɐ h ɛ ɾ ɐ s j o n̪
eksaherasyon	ʔ ɛ k s ɐ h ɛ ɾ ɐ ʃ o n̪
eksakto	ʔ ɛ k s a k t̪ o
eksalumna	ʔ ɛ k s ɐ l u m n̪ ɐ
eksalumno	ʔ ɛ k s ɐ l u m n̪ o
eksam	ʔ ɛ k s a m
eksamenasyon	ʔ ɛ k s ɐ m ɛ n̪ ɐ s j o n̪
eksamenasyon	ʔ ɛ k s ɐ m ɛ n̪ ɐ ʃ o n̪
eksaminador	ʔ ɛ k s ɐ m ɪ n̪ ɐ d̪ o ɾ
eksaminasyon	ʔ ɛ k s ɐ m ɪ n̪ ɐ s j o n̪
eksaminasyon	ʔ ɛ k s ɐ m ɪ n̪ ɐ ʃ o n̪
eksampol	ʔ ɛ k s a m p o l
eksayted	ʔ ɛ k s a ɪ̯ t̪ ɛ d̪̚
eksayting	ʔ ɛ k s a ɪ̯ t̪ ɪ ŋ
eksehomo	ʔ ɛ k s ɛ h oː m o
ekselensiya	ʔ ɛ k s ɛ l ɛ n̪ s j ɐ
ekselensiya	ʔ ɛ k s ɛ l ɛ n̪ ʃ ɐ
eksema	ʔ ɛ k s ɛː m ɐ
eksempted	ʔ ɛ k s ɛ m p t̪ ɛ d̪̚
eksemted	ʔ ɛ k s ɛ m t̪ ɛ d̪̚
eksena	ʔ ɛ k s ɛː n̪ ɐ
eksepsiyon	ʔ ɛ k s ɛ p s j o n̪
eksepsiyon	ʔ ɛ k s ɛ p ʃ o n̪
ekshibisyon	ʔ ɛ k s h ɪ b ɪ s j o n̪
ekshibisyon	ʔ ɛ k s h ɪ b ɪ ʃ o n̪
eksibisyon	ʔ ɛ k s ɪ b ɪ s j o n̪
eksibisyon	ʔ ɛ k s ɪ b ɪ ʃ o n̪
eksibit	ʔ ɛ k s iː b ɪ t̪̚
eksihensiya	ʔ ɛ k s ɪ h ɛ n̪ s j ɐ
eksihensiya	ʔ ɛ k s ɪ h ɛ n̪ ʃ ɐ
eksilo	ʔ ɛ k s iː l o
eksilyo	ʔ ɛ k s i l j o
eksistensiyalismo	ʔ ɛ k s ɪ s t̪ ɛ n̪ s j ɐ l i s m o
eksistensiyalismo	ʔ ɛ k s ɪ s t̪ ɛ n̪ ʃ ɐ l i s m o
eksistensyalismo	ʔ ɛ k s ɪ s t̪ ɛ n̪ s j ɐ l i s m o
eksistensyalismo	ʔ ɛ k s ɪ s t̪ ɛ n̪ ʃ ɐ l i s m o
eksklusibo	ʔ ɛ k s k l ʊ s iː b o
eksklusyon	ʔ ɛ k s k l ʊ s j o n̪
eksklusyon	ʔ ɛ k s k l ʊ ʃ o n̪
ekskomunikado	ʔ ɛ k s k o m ʊ n̪ ɪ x aː d̪ o
ekskomunikasyon	ʔ ɛ k s k o m ʊ n̪ ɪ x ɐ s j o n̪
ekskomunikasyon	ʔ ɛ k s k o m ʊ n̪ ɪ x ɐ ʃ o n̪
eksorsismo	ʔ ɛ k s o ɾ s i s m o
eksotisasyon	ʔ ɛ k s o t̪ ɪ s ɐ s j o n̪
eksotisasyon	ʔ ɛ k s o t̪ ɪ s ɐ ʃ o n̪
eksotisisasyon	ʔ ɛ k s oː t̪ ɪ s ɪ s ɐ s j o n̪
eksotisisasyon	ʔ ɛ k s oː t̪ ɪ s ɪ s ɐ ʃ o n̪
ekspedisyon	ʔ ɛ k s p ɛ d̪ ɪ s j o n̪
ekspedisyon	ʔ ɛ k s p ɛ d̪ ɪ ʃ o n̪
eksperimento	ʔ ɛ k s p ɛ ɾ ɪ m ɛ n̪ t̪ o
eksperto	ʔ ɛ k s p ɛ ɾ t̪ o
eksperyensiya	ʔ ɛ k s p ɛ ɾ j ɛ n̪ s j ɐ
eksperyensiya	ʔ ɛ k s p ɛ ɾ j ɛ n̪ ʃ ɐ
ekspirasyon	ʔ ɛ k s p ɪ ɾ ɐ s j o n̪
ekspirasyon	ʔ ɛ k s p ɪ ɾ ɐ ʃ o n̪
eksplanasyon	ʔ ɛ k s p l ɐ n̪ ɐ s j o n̪
eksplanasyon	ʔ ɛ k s p l ɐ n̪ ɐ ʃ o n̪
eksplikasyon	ʔ ɛ k s p l ɪ x ɐ s j o n̪
eksplikasyon	ʔ ɛ k s p l ɪ x ɐ ʃ o n̪
eksplorador	ʔ ɛ k s p l o ɾ ɐ d̪ o ɾ
eksplorasyon	ʔ ɛ k s p l o ɾ ɐ s j o n̪
eksplorasyon	ʔ ɛ k s p l o ɾ ɐ ʃ o n̪
eksplosibo	ʔ ɛ k s p l o s iː b o
eksplosyon	ʔ ɛ k s p l o s j o n̪
eksplosyon	ʔ ɛ k s p l o ʃ o n̪
eksportasyon	ʔ ɛ k s p o ɾ t̪ ɐ s j o n̪
eksportasyon	ʔ ɛ k s p o ɾ t̪ ɐ ʃ o n̪
ekspresyon	ʔ ɛ k s p ɾ ɛ s j o n̪
ekspresyon	ʔ ɛ k s p ɾ ɛ ʃ o n̪
ekspresyonismo	ʔ ɛ k s p ɾ ɛ s j o n̪ i s m o
ekspresyonismo	ʔ ɛ k s p ɾ ɛ ʃ o n̪ i s m o
ekspulsiyon	ʔ ɛ k s p ʊ l s j o n̪
ekspulsiyon	ʔ ɛ k s p ʊ l ʃ o n̪
ekstasi	ʔ ɛ k s t̪ ɐ s ɪ
ekstrabagansa	ʔ ɛ k s t̪ ɾ ɐ b ɐ ɣ a n̪ s ɐ
ekstrabagansiya	ʔ ɛ k s t̪ ɾ ɐ b ɐ ɣ a n̪ s j ɐ
ekstrabagansiya	ʔ ɛ k s t̪ ɾ ɐ b ɐ ɣ a n̪ ʃ ɐ
ekstrabagansya	ʔ ɛ k s t̪ ɾ ɐ b ɐ ɣ a n̪ s j ɐ
ekstrabagansya	ʔ ɛ k s t̪ ɾ ɐ b ɐ ɣ a n̪ ʃ ɐ
ekstranghero	ʔ ɛ k s t̪ ɾ ɐ ŋ h ɛː ɾ o
ekstraterestriyal	ʔ ɛ k s t̪ ɾ ɐ t̪ ɛ ɾ ɛ s t̪ ɾ j a l
ekstremelenggoles	ʔ ɛ k s t̪ ɾ ɛ m ɛ l ɛ ŋ ɡ oː l ɛ s
ekstremismo	ʔ ɛ k s t̪ ɾ ɛ m i s m o
ektarea	ʔ ɛ k t̪ aː ɾ j ɐ
ektarea	ʔ ɛ k t̪ aː ɾ ɛ j a
ektarya	ʔ ɛ k t̪ a ɾ j ɐ
ekuwador	ʔ ɛ k w ɐ d̪ o ɾ
ekwador	ʔ ɛ k w ɐ d̪ o ɾ
ekwalidad	ʔ ɛ k w ɐ l ɪ d̪ a d̪̚
ekwinoks	ʔ ɛ k w ɪ n̪ o k s
ekwinoksiyo	ʔ ɛ k w ɪ n̪ o k s j o
ekwinoksiyo	ʔ ɛ k w ɪ n̪ o k ʃ o
ekwinoksyo	ʔ ɛ k w ɪ n̪ o k s j o
ekwinoksyo	ʔ ɛ k w ɪ n̪ o k ʃ o
el	ʔ ɛ l
elaborasyon	ʔ ɛ l ɐ b o ɾ ɐ s j o n̪
elaborasyon	ʔ ɛ l ɐ b o ɾ ɐ ʃ o n̪
elado	ʔ ɛ l aː d̪ o
elastiko	ʔ ɛ l a s t̪ ɪ x o
ele	ʔ ɛː l ɛ
elebador	ʔ ɛ l ɛ b ɐ d̪ o ɾ
elegansiya	ʔ ɛ l ɛ ɣ a n̪ s j ɐ
elegansiya	ʔ ɛ l ɛ ɣ a n̪ ʃ ɐ
elegansya	ʔ ɛ l ɛ ɣ a n̪ s j ɐ
elegansya	ʔ ɛ l ɛ ɣ a n̪ ʃ ɐ
elegante	ʔ ɛ l ɛ ɣ a n̪ t̪ ɛ
elehiya	ʔ ɛ l ɛ h iː j ɐ
eleksiyon	ʔ ɛ l ɛ k s j o n̪
eleksiyon	ʔ ɛ l ɛ k ʃ o n̪
eleksyon	ʔ ɛ l ɛ k s j o n̪
eleksyon	ʔ ɛ l ɛ k ʃ o n̪
elektib	ʔ ɛ l ɛ k t̪ ɪ b̚
elektiv	ʔ ɛ l ɛ k t̪ ɪ b̚
elektiv	ʔ ɛ l ɛ k t̪ ɪ v
elektrisidad	ʔ ɛ l ɛ k t̪ ɾ ɪ s ɪ d̪ a d̪̚
elektrisista	ʔ ɛ l ɛ k t̪ ɾ ɪ s i s t̪ ɐ
elektrisyan	ʔ ɛ l ɛ k t̪ ɾ i s j ɐ n̪
elektrisyan	ʔ ɛ l ɛ k t̪ ɾ iː ʃ ɐ n̪
elektroiman	ʔ ɛ l ɛ k t̪ ɾ o ʔ ɪ m a n̪
elektrolito	ʔ ɛ l ɛ k t̪ ɾ oː l ɪ t̪ o
elektromagneto	ʔ ɛ l ɛ k t̪ ɾ o m ɐ ɡ n̪ ɛː t̪ o
elektroniko	ʔ ɛ l ɛ k t̪ ɾ oː n̪ ɪ x o
elementarya	ʔ ɛ l ɛ m ɛ n̪ t̪ a ɾ j ɐ
elemento	ʔ ɛ l ɛ m ɛ n̪ t̪ o
elepante	ʔ ɛ l ɛ p a n̪ t̪ ɛ
elesi	ʔ ɛː l ɛ s ɪ
elib	ʔ ɛː l ɪ b̚
elibs	ʔ ɛː l ɪ b s
elikoptero	ʔ ɛ l ɪ x o p t̪ ɛ ɾ o
elise	ʔ ɛː l ɪ s ɛ
elise	ʔ ɛː l ɪ s ɪ
elisi	ʔ ɛː l ɪ s ɪ
elle	ʔ ɛ l j ɛ
elohiyo	ʔ ɛ l oː h j o
elusibo	ʔ ɛ l ʊ s iː b o
elye	ʔ ɛ l j ɛ
elyen	ʔ ɛ l j ɛ n̪
elyo	ʔ ɛ l j o
em	ʔ ɛ m
embahada	ʔ ɛ m b ɐ h aː d̪ ɐ
embahador	ʔ ɛ m b ɐ h ɐ d̪ o ɾ
embalsama	ʔ ɛ m b ɐ l s ɐ m a
embalsamador	ʔ ɛ m b ɐ l s ɐ m ɐ d̪ o ɾ
embalsamo	ʔ ɛ m b a l s ɐ m o
embelop	ʔ ɛ m b ɛ l o p̚
embes	ʔ ɛ m b ɛ s
embornal	ʔ ɛ m b o ɾ n̪ a l
embudo	ʔ ɛ m b uː d̪ o
emburnal	ʔ ɛ m b ʊ ɾ n̪ a l
embutido	ʔ ɛ m b ʊ t̪ iː d̪ o
eme	ʔ ɛː m ɛ
emerhensiya	ʔ ɛ m ɛ ɾ h ɛ n̪ s j ɐ
emerhensiya	ʔ ɛ m ɛ ɾ h ɛ n̪ ʃ ɐ
emir	ʔ ɛ m ɪ ɾ
emisperyo	ʔ ɛ m ɪ s p ɛ ɾ j o
emorahiya	ʔ ɛ m o ɾ aː h j ɐ
emosyon	ʔ ɛ m o s j o n̪
emosyon	ʔ ɛ m o ʃ o n̪
emosyonal	ʔ ɛ m o s j o n̪ a l
emosyonal	ʔ ɛ m o ʃ o n̪ a l
empake	ʔ ɛ m p aː x ɛ
empanada	ʔ ɛ m p ɐ n̪ aː d̪ ɐ
empatso	ʔ ɛ m p a t̪ s o
empatso	ʔ ɛ m p aː t͡ʃ o
empenyo	ʔ ɛ m p ɛ n̪ j o
empenyo	ʔ ɛ m p ɛː ɲ o
emperador	ʔ ɛ m p ɛ ɾ ɐ d̪ o ɾ
emperadora	ʔ ɛ m p ɛ ɾ ɐ d̪ oː ɾ ɐ
emperatris	ʔ ɛ m p ɛ ɾ ɐ t̪ ɾ ɪ s
emperdible	ʔ ɛ m p ɛ ɾ d̪ iː b l ɛ
empermedad	ʔ ɛ m p ɛ ɾ m ɛ d̪ a d̪̚
empermeridad	ʔ ɛ m p ɛ ɾ m ɛ ɾ ɪ d̪ a d̪̚
emperyo	ʔ ɛ m p ɛ ɾ j o
empirisismo	ʔ ɛ m p ɪ ɾ ɪ s i s m o
emplasto	ʔ ɛ m p l a s t̪ o
empleada	ʔ ɛ m p l ɛ j aː d̪ ɐ
empleado	ʔ ɛ m p l ɛ j aː d̪ o
empleo	ʔ ɛ m p l ɛː j o
empleyada	ʔ ɛ m p l ɛ j aː d̪ ɐ
empleyado	ʔ ɛ m p l ɛ j aː d̪ o
empleyo	ʔ ɛ m p l ɛː j o
emyenda	ʔ ɛ m j ɛ n̪ d̪ ɐ
emyendahan	ʔ ɛ m j ɛ n̪ d̪ ɐ h a n̪
en	ʔ ɛ n̪
enagwas	ʔ ɛ n̪ a ɡ w ɐ s
endemiko	ʔ ɛ n̪ d̪ ɛː m ɪ x o
endo	ʔ ɛ n̪ d̪ o
endorso	ʔ ɛ n̪ d̪ o ɾ s o
endoso	ʔ ɛ n̪ d̪ oː s o
endyi	ʔ ɛ n̪ d̪ j ɪ
endyi	ʔ ɛ n̪ d͡ʒ ɪ
ene	ʔ ɛː n̪ ɛ
enerhiya	ʔ ɛ n̪ ɛ ɾ h iː j ɐ
engganyo	ʔ ɛ ŋ ɡ a n̪ j o
engganyo	ʔ ɛ ŋ ɡ aː ɲ o
engganyoso	ʔ ɛ ŋ ɡ ɐ n ɲ oː s o
engganyoso	ʔ ɛ ŋ ɡ ɐ n̪ j oː s o
engkabesamyento	ʔ ɛ ŋ k ɐ b ɛ s ɐ m j ɛ n̪ t̪ o
engkahe	ʔ ɛ ŋ k aː h ɛ
engkanto	ʔ ɛ ŋ k a n̪ t̪ o
engkarnadina	ʔ ɛ ŋ k ɐ ɾ n̪ ɐ d̪ iː n̪ ɐ
engklitiko	ʔ ɛ ŋ k l iː t̪ ɪ x o
engkuwentro	ʔ ɛ ŋ k w ɛ n̪ t̪ ɾ o
engot	ʔ ɛː ŋ o t̪̚
engrande	ʔ ɛ ŋ ɡ ɾ a n̪ d̪ ɛ
enklitiko	ʔ ɛ ŋ k l iː t̪ ɪ x o
enmiyenda	ʔ ɛ n̪ m j ɛ n̪ d̪ ɐ
ensalada	ʔ ɛ n̪ s ɐ l aː d̪ ɐ
ensayklopidya	ʔ ɛ n̪ s a ɪ̯ k l o p i d̪ j ɐ
ensayklopidya	ʔ ɛ n̪ s a ɪ̯ k l o p iː d͡ʒ ɐ
ensaymada	ʔ ɛ n̪ s a ɪ̯ m aː d̪ ɐ
ensayo	ʔ ɛ n̪ s aː j o
ensemada	ʔ ɛ n̪ s ɛ m aː d̪ ɐ
ensiklopedya	ʔ ɛ n̪ s ɪ k l o p ɛ d̪ j ɐ
ensiklopedya	ʔ ɛ n̪ s ɪ k l o p ɛː d͡ʒ ɐ
entablado	ʔ ɛ n̪ t̪ ɐ b l aː d̪ o
entendido	ʔ ɛ n̪ t̪ ɛ n̪ d̪ iː d̪ o
entero	ʔ ɛ n̪ t̪ ɛː ɾ o
entiyendes	ʔ ɛ n̪ t̪ j ɛ n̪ d̪ ɛ s
entiyendes	ʔ ɛ n̪ t͡ʃ ɛ n̪ d̪ ɛ s
entrada	ʔ ɛ n̪ t̪ ɾ aː d̪ ɐ
entrega	ʔ ɛ n̪ t̪ ɾ ɛː ɣ ɐ
entremetida	ʔ ɛ n̪ t̪ ɾ ɛ m ɛ t̪ iː d̪ ɐ
entremetido	ʔ ɛ n̪ t̪ ɾ ɛ m ɛ t̪ iː d̪ o
entri	ʔ ɛ n̪ t̪ ɾ ɪ
entusyasmo	ʔ ɛ n̪ t̪ ʊ s j a s m o
entusyasmo	ʔ ɛ n̪ t̪ ʊ ʃ a s m o
entyendes	ʔ ɛ n̪ t̪ j ɛ n̪ d̪ ɛ s
entyendes	ʔ ɛ n̪ t͡ʃ ɛ n̪ d̪ ɛ s
enye	ʔ ɛ n̪ j ɛ
enye	ʔ ɛː ɲ ɛ
epal	ʔ ɛː p ɐ l
epalog	ʔ ɛː p ɐ l o ɡ̚
epek	ʔ ɛ p ɛ k̚
epektibo	ʔ ɛ p ɛ k t̪ iː b o
epekto	ʔ ɛ p ɛ k t̪ o
eperbesente	ʔ ɛ p ɛ ɾ b ɛ s ɛ n̪ t̪ ɛ
epidemya	ʔ ɛ p ɪ d̪ ɛ m j ɐ
epiko	ʔ ɛː p ɪ x o
epilepsiya	ʔ ɛ p ɪ l ɛ p s j ɐ
epilepsiya	ʔ ɛ p ɪ l ɛ p ʃ ɐ
epilogo	ʔ ɛ p iː l o ɣ o
episentro	ʔ ɛ p ɪ s ɛ n̪ t̪ ɾ o
epistemolohiya	ʔ ɛ p ɪ s t̪ ɛ m o l o h iː j ɐ
epistola	ʔ ɛ p i s t̪ o l a
episyente	ʔ ɛ p ɪ s j ɛ n̪ t̪ ɛ
episyente	ʔ ɛ p ɪ ʃ ɛ n̪ t̪ ɛ
epron	ʔ ɛː p ɾ o n̪
equis	ʔ ɛː x ɪ s
erado	ʔ ɛ ɾ aː d̪ o
eraldo	ʔ ɛ ɾ a l d̪ o
erasyon	ʔ ɛ ɾ ɐ s j o n̪
erasyon	ʔ ɛ ɾ ɐ ʃ o n̪
erbolaryo	ʔ ɛ ɾ b o l a ɾ j o
ere	ʔ ɛː ɾ ɛ
eredera	ʔ ɛ ɾ ɛ d̪ ɛː ɾ ɐ
eredero	ʔ ɛ ɾ ɛ d̪ ɛː ɾ o
erehe	ʔ ɛ ɾ ɛː h ɛ
erehiya	ʔ ɛ ɾ ɛ h iː j ɐ
ereser	ʔ ɛ ɾ ɛː s ɛ ɾ
ereyser	ʔ ɛ ɾ e ɪ̯ s ɛ ɾ
ergo	ʔ ɛ ɾ ɡ o
ergu	ʔ ɛ ɾ ɡ ʊ
erkon	ʔ ɛ ɾ k o n̪
ermat	ʔ ɛ ɾ m ɐ t̪̚
ermats	ʔ ɛ ɾ m ɐ t̪ s
ermel	ʔ ɛ ɾ m ɛ l
ermeyl	ʔ ɛ ɾ m e ɪ̯ l
ermita	ʔ ɛ ɾ m iː t̪ ɐ
ermitanyo	ʔ ɛ ɾ m ɪ t̪ a n̪ j o
ermitanyo	ʔ ɛ ɾ m ɪ t̪ aː ɲ o
erna	ʔ ɛ ɾ n̪ ɐ
erobika	ʔ ɛ ɾ oː b ɪ x a
erobyo	ʔ ɛ ɾ o b j o
erodinamika	ʔ ɛ ɾ o d̪ ɪ n̪ aː m ɪ x a
erodinamiko	ʔ ɛ ɾ o d̪ ɪ n̪ aː m ɪ x o
erodrom	ʔ ɛː ɾ o d̪ ɾ o m
erodromo	ʔ ɛ ɾ o d̪ ɾ oː m o
erodromo	ʔ ɛ ɾ oː d̪ ɾ o m o
erograma	ʔ ɛ ɾ o ɡ ɾ aː m ɐ
eronauta	ʔ ɛ ɾ o n̪ a ʊ̯ t̪ ɐ
eronautika	ʔ ɛ ɾ o n̪ a ʊ̯ t̪ ɪ x a
eronawta	ʔ ɛ ɾ o n̪ a ʊ̯ t̪ ɐ
eronawtika	ʔ ɛ ɾ o n̪ a ʊ̯ t̪ ɪ x a
eronota	ʔ ɛ ɾ o n̪ oː t̪ ɐ
eronotika	ʔ ɛ ɾ o n̪ oː t̪ ɪ x a
eroplano	ʔ ɛ ɾ o p l aː n̪ o
eropobya	ʔ ɛ ɾ o p o b j ɐ
eropuwerto	ʔ ɛ ɾ o p w ɛ ɾ t̪ o
eropwerto	ʔ ɛ ɾ o p w ɛ ɾ t̪ o
erosol	ʔ ɛː ɾ o s o l
erostatika	ʔ ɛ ɾ o s t̪ aː t̪ ɪ x a
erostatiko	ʔ ɛ ɾ o s t̪ aː t̪ ɪ x o
erotekniya	ʔ ɛ ɾ o t̪ ɛ k n̪ j ɐ
erotekniya	ʔ ɛ ɾ o t̪ ɛ k ɲ ɐ
eroteknya	ʔ ɛ ɾ o t̪ ɛ k n̪ j ɐ
eroteknya	ʔ ɛ ɾ o t̪ ɛ k ɲ ɐ
erpat	ʔ ɛ ɾ p ɐ t̪̚
erpats	ʔ ɛ ɾ p ɐ t̪ s
erunauta	ʔ ɛ ɾ ʊ n̪ a ʊ̯ t̪ ɐ
erunautika	ʔ ɛ ɾ ʊ n̪ a ʊ̯ t̪ ɪ x a
erunawta	ʔ ɛ ɾ ʊ n̪ a ʊ̯ t̪ ɐ
erunawtika	ʔ ɛ ɾ ʊ n̪ a ʊ̯ t̪ ɪ x a
eruplano	ʔ ɛ ɾ ʊ p l aː n̪ o
erupsiyon	ʔ ɛ ɾ ʊ p s j o n̪
erupsiyon	ʔ ɛ ɾ ʊ p ʃ o n̪
erupsyon	ʔ ɛ ɾ ʊ p s j o n̪
erupsyon	ʔ ɛ ɾ ʊ p ʃ o n̪
erusol	ʔ ɛː ɾ ʊ s o l
eryal	ʔ ɛ ɾ j ɐ l
es	ʔ ɛ s
ese	ʔ ɛː s ɛ
eselyu	ʔ ɛː s ɛ l j ʊ
eselyu	ʔ ɛː z ɛ l j ʊ
esena	ʔ ɛ s ɛː n̪ ɐ
esenaryo	ʔ ɛ s ɛ n̪ a ɾ j o
esensiya	ʔ ɛ s ɛ n̪ s j ɐ
esensiya	ʔ ɛ s ɛ n̪ ʃ ɐ
esensiyal	ʔ ɛ s ɛ n̪ s j a l
esensiyal	ʔ ɛ s ɛ n̪ ʃ a l
esensya	ʔ ɛ s ɛ n̪ s j ɐ
esensya	ʔ ɛ s ɛ n̪ ʃ ɐ
eseptiko	ʔ ɛ s ɛ p t̪ ɪ x o
eseptisismo	ʔ ɛ s ɛ p t̪ ɪ s i s m o
esgrima	ʔ ɛ s ɡ ɾ iː m ɐ
eskabetse	ʔ ɛ s k ɐ b ɛ t̪ s ɛ
eskabetse	ʔ ɛ s k ɐ b ɛː t͡ʃ ɛ
eskala	ʔ ɛ s k aː l ɐ
eskalador	ʔ ɛ s k ɐ l ɐ d̪ o ɾ
eskalera	ʔ ɛ s k ɐ l ɛː ɾ ɐ
eskaleytor	ʔ ɛ s k ɐ l e ɪ̯ t̪ o ɾ
eskandalo	ʔ ɛ s k a n̪ d̪ ɐ l o
eskandalosa	ʔ ɛ s k ɐ n̪ d̪ ɐ l oː s ɐ
eskandaloso	ʔ ɛ s k ɐ n̪ d̪ ɐ l oː s o
eskaparate	ʔ ɛ s k ɐ p ɐ ɾ aː t̪ ɛ
eskapularyo	ʔ ɛ s k ɐ p ʊ l a ɾ j o
eskarlata	ʔ ɛ s k ɐ ɾ l aː t̪ ɐ
eskaut	ʔ ɛ s k a ʊ̯ t̪
eskeptisismo	ʔ ɛ s k ɛ p t̪ ɪ s i s m o
eskina	ʔ ɛ s k iː n̪ ɐ
eskinita	ʔ ɛ s k ɪ n̪ iː t̪ ɐ
eskoba	ʔ ɛ s k oː b ɐ
eskolar	ʔ ɛ s k o l a ɾ
eskolta	ʔ ɛ s k o l t̪ ɐ
eskomunikasyon	ʔ ɛ s k o m ʊ n̪ ɪ x ɐ s j o n̪
eskomunikasyon	ʔ ɛ s k o m ʊ n̪ ɪ x ɐ ʃ o n̪
eskopeta	ʔ ɛ s k o p ɛː t̪ ɐ
eskorsonera	ʔ ɛ s k o ɾ s o n̪ ɛː ɾ ɐ
eskotada	ʔ ɛ s k o t̪ aː d̪ ɐ
eskotado	ʔ ɛ s k o t̪ aː d̪ o
eskriba	ʔ ɛ s k ɾ iː b ɐ
eskrima	ʔ ɛ s k ɾ iː m ɐ
eskulptura	ʔ ɛ s k ʊ l p t̪ uː ɾ ɐ
eskultor	ʔ ɛ s k ʊ l t̪ o ɾ
eskultura	ʔ ɛ s k ʊ l t̪ uː ɾ ɐ
eskuwala	ʔ ɛ s k w aː l ɐ
eskuwela	ʔ ɛ s k w ɛː l ɐ
eskuwelahan	ʔ ɛ s k w ɛː l ɐ h a n̪
eskwela	ʔ ɛ s k w ɛː l ɐ
eskwelahan	ʔ ɛ s k w ɛː l ɐ h a n̪
esmalte	ʔ ɛ s m a l t̪ ɛ
esmeralda	ʔ ɛ s m ɛ ɾ a l d̪ ɐ
esmeril	ʔ ɛ s m ɛː ɾ ɪ l
esopago	ʔ ɛ s oː p ɐ ɣ o
espabiladera	ʔ ɛ s p ɐ b ɪ l ɐ d̪ ɛː ɾ ɐ
espada	ʔ ɛ s p aː d̪ ɐ
espadahan	ʔ ɛ s p ɐ d̪ ɐ h a n̪
espantaho	ʔ ɛ s p ɐ n̪ t̪ aː h o
esparago	ʔ ɛ s p aː ɾ ɐ ɣ o
espasol	ʔ ɛ s p ɐ s o l
espasyo	ʔ ɛ s p a s j o
espasyo	ʔ ɛ s p aː ʃ o
espeling	ʔ ɛ s p ɛː l ɪ ŋ
esperansa	ʔ ɛ s p ɛ ɾ a n̪ s ɐ
esperma	ʔ ɛ s p ɛ ɾ m ɐ
espesimen	ʔ ɛ s p ɛː s ɪ m ɛ n̪
espesipiko	ʔ ɛ s p ɛ s iː p ɪ x o
espesya	ʔ ɛ s p ɛ s j ɐ
espesya	ʔ ɛ s p ɛː ʃ ɐ
espesyal	ʔ ɛ s p ɛ s j a l
espesyal	ʔ ɛ s p ɛ ʃ a l
espesyalista	ʔ ɛ s p ɛ s j ɐ l i s t̪ ɐ
espesyalista	ʔ ɛ s p ɛ ʃ ɐ l i s t̪ ɐ
espesyas	ʔ ɛ s p ɛ s j ɐ s
espesyas	ʔ ɛ s p ɛː ʃ ɐ s
espesye	ʔ ɛ s p ɛ s j ɛ
espesye	ʔ ɛ s p ɛː ʃ ɛ
espiker	ʔ ɛ s p iː x ɛ ɾ
espinaka	ʔ ɛ s p ɪ n̪ aː x ɐ
espinghe	ʔ ɛ s p i ŋ h ɛ
espiritu	ʔ ɛ s p iː ɾ ɪ t̪ ʊ
espiritwalidad	ʔ ɛ s p ɪ ɾ ɪ t̪ w ɐ l ɪ d̪ a d̪̚
espiya	ʔ ɛ s p iː j ɐ
espiya	ʔ ɛ s p j a
esplikasyon	ʔ ɛ s p l ɪ x ɐ s j o n̪
esplikasyon	ʔ ɛ s p l ɪ x ɐ ʃ o n̪
espongha	ʔ ɛ s p o ŋ h ɐ
espontaneo	ʔ ɛ s p o n̪ t̪ aː n̪ ɛ j o
espontanyo	ʔ ɛ s p o n̪ t̪ a n̪ j o
espontanyo	ʔ ɛ s p o n̪ t̪ aː ɲ o
esposa	ʔ ɛ s p oː s ɐ
esposo	ʔ ɛ s p oː s o
establisimiyento	ʔ ɛ s t̪ ɐ b l ɪ s ɪ m j ɛ n̪ t̪ o
establisimyento	ʔ ɛ s t̪ ɐ b l ɪ s ɪ m j ɛ n̪ t̪ o
estadistika	ʔ ɛ s t̪ ɐ d̪ i s t̪ ɪ x a
estadistiko	ʔ ɛ s t̪ ɐ d̪ i s t̪ ɪ x o
estado	ʔ ɛ s t̪ aː d̪ o
estadyo	ʔ ɛ s t̪ a d̪ j o
estadyo	ʔ ɛ s t̪ aː d͡ʒ o
estalapata	ʔ ɛ s t̪ ɐ l ɐ p aː t̪ ɐ
estampa	ʔ ɛ s t̪ a m p ɐ
estampita	ʔ ɛ s t̪ ɐ m p iː t̪ ɐ
estandarte	ʔ ɛ s t̪ ɐ n̪ d̪ a ɾ t̪ ɛ
estante	ʔ ɛ s t̪ a n̪ t̪ ɛ
estapa	ʔ ɛ s t̪ aː p ɐ
estapador	ʔ ɛ s t̪ ɐ p ɐ d̪ o ɾ
estasyon	ʔ ɛ s t̪ ɐ s j o n̪
estasyon	ʔ ɛ s t̪ ɐ ʃ o n̪
estatistika	ʔ ɛ s t̪ ɐ t̪ i s t̪ ɪ x a
estatwa	ʔ ɛ s t̪ a t̪ w ɐ
este	ʔ ɛ s t̪ ɛ
estebol	ʔ ɛ s t̪ ɛː b o l
estereo	ʔ ɛ s t̪ ɛː ɾ ɛ j o
estereotipo	ʔ ɛ s t̪ ɛ ɾ ɛ j o t̪ iː p o
estero	ʔ ɛ s t̪ ɛː ɾ o
estetoskopyo	ʔ ɛ s t̪ ɛ t̪ o s k o p j o
estik	ʔ ɛ s t̪ ɪ k̚
estilo	ʔ ɛ s t̪ iː l o
estima	ʔ ɛ s t̪ ɪ m a
estirera	ʔ ɛ s t̪ ɪ ɾ ɛː ɾ ɐ
estirero	ʔ ɛ s t̪ ɪ ɾ ɛː ɾ o
estoisismo	ʔ ɛ s t̪ o w ɪ s i s m o
estoisismo	ʔ ɛ s t̪ o ɪ̯ s i s m o
estokada	ʔ ɛ s t̪ o x aː d̪ ɐ
estokado	ʔ ɛ s t̪ o x aː d̪ o
estola	ʔ ɛ s t̪ oː l ɐ
estorbo	ʔ ɛ s t̪ o ɾ b o
estorbo	ʔ ɪ s t̪ o ɾ b o
estrabagansa	ʔ ɛ s t̪ ɾ ɐ b ɐ ɣ a n̪ s ɐ
estrabagansiya	ʔ ɛ s t̪ ɾ ɐ b ɐ ɣ a n̪ s j ɐ
estrabagansiya	ʔ ɛ s t̪ ɾ ɐ b ɐ ɣ a n̪ ʃ ɐ
estrabagansya	ʔ ɛ s t̪ ɾ ɐ b ɐ ɣ a n̪ s j ɐ
estrabagansya	ʔ ɛ s t̪ ɾ ɐ b ɐ ɣ a n̪ ʃ ɐ
estranghero	ʔ ɛ s t̪ ɾ ɐ ŋ h ɛː ɾ o
estrasa	ʔ ɛ s t̪ ɾ aː s ɐ
estratehiko	ʔ ɛ s t̪ ɾ ɐ t̪ ɛː h ɪ x o
estratehiya	ʔ ɛ s t̪ ɾ ɐ t̪ ɛ h iː j ɐ
estratehiya	ʔ ɛ s t̪ ɾ ɐ t̪ ɛː h j ɐ
estrelya	ʔ ɛ s t̪ ɾ ɛ l j ɐ
estrelyado	ʔ ɛ s t̪ ɾ ɛ l j aː d̪ o
estremelenggoles	ʔ ɛ s t̪ ɾ ɛ m ɛ l ɛ ŋ ɡ oː l ɛ s
estretser	ʔ ɛ s t̪ ɾ ɛ t̪ s ɛ ɾ
estretser	ʔ ɛ s t̪ ɾ ɛː t͡ʃ ɛ ɾ
estrikto	ʔ ɛ s t̪ ɾ i k t̪ o
estronsiyo	ʔ ɛ s t̪ ɾ o n̪ s j o
estronsiyo	ʔ ɛ s t̪ ɾ o n̪ ʃ o
estruktura	ʔ ɛ s t̪ ɾ ʊ k t̪ uː ɾ ɐ
estudyante	ʔ ɛ s t̪ ʊ d d͡ʒ a n̪ t̪ ɛ
estudyante	ʔ ɛ s t̪ ʊ d̪ j a n̪ t̪ ɛ
estudyante	ʔ ɪ s t̪ ʊ d d͡ʒ a n̪ t̪ ɛ
estudyante	ʔ ɪ s t̪ ʊ d̪ j a n̪ t̪ ɛ
estutse	ʔ ɛ s t̪ u t̪ s ɛ
estutse	ʔ ɛ s t̪ uː t͡ʃ ɛ
etereo	ʔ ɛ t̪ ɛː ɾ ɛ j o
etika	ʔ ɛː t̪ ɪ x a
etiketa	ʔ ɛ t̪ ɪ x ɛː t̪ ɐ
etimologo	ʔ ɛ t̪ ɪ m oː l o ɣ o
etimolohiya	ʔ ɛ t̪ ɪ m o l o h iː j ɐ
etits	ʔ ɛː t̪ ɪ t̪ s
etneb	ʔ ɛ t̪ n̪ ɛ b̚
etniko	ʔ ɛ t̪ n̪ ɪ x o
etnisidad	ʔ ɛ t̪ n̪ ɪ s ɪ d̪ a d̪̚
eto	ʔ ɛː t̪ o
ets	ʔ ɛ t̪ s
ets	ʔ ɛ t͡ʃ
etsapuwera	ʔ ɛ t t͡ʃ ɐ p w ɛː ɾ ɐ
etsapuwera	ʔ ɛ t̪ s ɐ p w ɛː ɾ ɐ
etsetera	ʔ ɛ t t͡ʃ ɛː t̪ ɛ ɾ a
etsetera	ʔ ɛ t̪ s ɛː t̪ ɛ ɾ a
etsos	ʔ ɛ t̪ s o s
etsos	ʔ ɛː t͡ʃ o s
eufemismo	j ʊ f ɛ m i s m o
eufemismo	j ʊ p ɛ m i s m o
eulohiya	j ʊ l o h iː j ɐ
eunuko	j ʊ n̪ uː x o
eunuko	ʔ e ʊ̯ n̪ uː x o
eupemismo	j ʊ p ɛ m i s m o
eupemismo	ʔ e ʊ̯ p ɛ m i s m o
eurt	j ʊ ɹ t̪
ewan	ʔ ɛː w ɐ n̪
exag	ʔ ɛ k s a d̪ s
exag	ʔ ɛ k s a d͡ʒ
ey	ʔ e ɪ̯
eypron	ʔ e ɪ̯ p ɾ o n̪
eyre	ʔ e ɪ̯ ɾ ɛ
eyrosol	ʔ e ɪ̯ ɾ o s o l
eyts	ʔ e ɪ̯ t̪ s
eyts	ʔ e ɪ̯ t͡ʃ
eyyy	ʔ eːː ɪ̯
eñe	ʔ ɛ n̪ j ɛ
eñe	ʔ ɛː ɲ ɛ
f	f
f	p
f	ʔ ɛ f
f	ʔ ɛ p̚
f	ʔ ɛː f ɛ
f	ʔ ɛː p ɛ
fafa	f aː f ɐ
fafa	p aː p ɐ
fajar	f aː d͡ʒ ɐ ɾ
fajar	p a d̪ j ɐ ɾ
fajar	p aː d͡ʒ ɐ ɾ
fajr	f aː d͡ʒ ɐ ɾ
fajr	f aː d͡ʒ ɛ ɾ
fajr	p a d̪ j ɐ ɾ
fajr	p a d̪ j ɛ ɾ
fajr	p aː d͡ʒ ɐ ɾ
fajr	p aː d͡ʒ ɛ ɾ
fakulti	f aː x ʊ l t̪ ɪ
fakulti	p aː x ʊ l t̪ ɪ
fantaserye	f ɐ n̪ t̪ ɐ s ɛ ɾ j ɛ
fantaserye	p ɐ n̪ t̪ ɐ s ɛ ɾ j ɛ
faraon	f ɐ ɾ ɐ ʔ o n̪
faraon	p ɐ ɾ ɐ ʔ o n̪
fawnteyn	f a ʊ̯ n̪ t̪ e ɪ̯ n̪
fawnteyn	p a ʊ̯ n̪ t̪ e ɪ̯ n̪
feminismo	f ɛ m ɪ n̪ i s m o
feminismo	p ɛ m ɪ n̪ i s m o
ferson	f ɛ ɾ s o n̪
ferson	p ɛ ɾ s o n̪
feslak	f ɛ s l ɐ k̚
feslak	p ɛ s l ɐ k̚
fidbak	f i d̪ b ɐ k̚
fidbak	p i d̪ b ɐ k̚
filibusterismo	f ɪ l ɪ b ʊ s t̪ ɛ ɾ i s m o
filibusterismo	p ɪ l ɪ b ʊ s t̪ ɛ ɾ i s m o
fishda	f i ʃ d̪ ɐ ʔ
fishda	f ɪ ʃ d̪ a ʔ
fishda	p i s d̪ ɐ ʔ
fishda	p i ʃ d̪ ɐ ʔ
fishda	p ɪ s d̪ a ʔ
fishda	p ɪ ʃ d̪ a ʔ
fluwido	f l uː w ɪ d̪ o
fluwido	f l w i d̪ o
fluwido	p l uː w ɪ d̪ o
fluwido	p l w i d̪ o
foklor	f o k l o ɾ
foklor	p o k l o ɾ
folder	f o l d̪ ɛ ɾ
folder	p o l d̪ ɛ ɾ
folklor	f o l k l o ɾ
folklor	p o l k l o ɾ
foodtrip	f u d̪ t̪ ɾ ɪ p̚
foodtrip	p u d̪ t̪ ɾ ɪ p̚
forkast	f o ɾ k ɐ s t̪
forkast	p o ɾ k ɐ s t̪
fosil	f oː s ɪ l
fosil	p oː s ɪ l
fotobam	f oː t̪ o b a m
fotobam	p oː t̪ o b a m
frikwensi	f ɾ i k w ɛ n̪ s ɪ
frikwensi	p ɾ i k w ɛ n̪ s ɪ
funggus	f u ŋ ɡ ʊ s
funggus	p u ŋ ɡ ʊ s
funsiyon	f ʊ n̪ ʃ o n̪
funsiyon	p ʊ n̪ s j o n̪
funsiyon	p ʊ n̪ ʃ o n̪
funsyon	f ʊ n̪ ʃ o n̪
funsyon	p ʊ n̪ s j o n̪
funsyon	p ʊ n̪ ʃ o n̪
futbol	f u t̪ b o l
futbol	p u t̪ b o l
g	d̪ j
g	d̪ j ɪ
g	d͡ʒ
g	d͡ʒ ɪ
g	h
g	h ɛ
g	s
g	ɡ
g	ɡ a
g	ɣ
ga	ɡ ɐ
gaan	ɡ aː ʔ ɐ n̪
gaan	ɡ ɐ ʔ a n̪
gaang	ɡ ɐ ʔ a ŋ
gaano	ɡ ɐ ʔ aː n̪ o
gaano	ɡ ɐ ʔ ɐ n̪ o
gaanuman	ɡ ɐ ʔ aː n̪ ʊ m a n̪
gaanuman	ɡ ɐ ʔ ɐ n̪ ʊ m a n̪
gaas	ɡ ɐ ʔ a s
gabahid	ɡ ɐ b aː h ɪ d̪̚
gaban	ɡ ɐ b a n̪
gabay	ɡ ɐ b a ɪ̯
gabe	ɡ aː b ɛ
gabe	ɡ ɐ b ɛ
gabhian	ɡ ɐ b h ɪ ʔ a n̪
gabhiin	ɡ ɐ b h ɪ ʔ ɪ n̪
gabhin	ɡ ɐ b h ɪ n̪
gabi	ɡ aː b ɪ
gabi	ɡ ɐ b ɛ
gabi	ɡ ɐ b ɪ
gabihan	ɡ ɐ b iː h ɐ n̪
gabihan	ɡ ɐ b ɪ h a n̪
gabihin	ɡ ɐ b ɪ h ɪ n̪
gabinete	ɡ ɐ b ɪ n̪ ɛː t̪ ɛ
gabok	ɡ ɐ b o k̚
gabya	ɡ a b j ɐ
gadaliri	ɡ ɐ d̪ ɐ l iː ɾ ɪ ʔ
gadbles	ɡ a d̪ b l ɛ s
gadgad	ɡ ɐ d̪ ɡ a d̪̚
gadgaran	ɡ ɐ d̪ ɡ aː ɾ ɐ n̪
gadya	ɡ ɐ d d͡ʒ a ʔ
gadya	ɡ ɐ d̪ j a ʔ
gadyet	ɡ a d̪ j ɛ t̪̚
gadyet	ɡ aː d͡ʒ ɛ t̪̚
gaga	ɡ aː ɣ ɐ
gaga	ɡ aː ɣ ɐ ʔ
gaga	ɡ ɐ ɣ a
gaga	ɡ ɐ ɣ a ʔ
gagabay	ɡ aː ɣ ɐ b a ɪ̯
gagad	ɡ ɐ ɣ a d̪̚
gagamba	ɡ ɐ ɣ ɐ m b a
gagamit	ɡ ɐ ɣ aː m ɪ t̪̚
gagapang	ɡ ɐ ɣ aː p ɐ ŋ
gagapang	ɡ ɐ ɣ ɐ p a ŋ
gagi	ɡ aː ɣ ɪ
gagi	ɡ aː ɣ ɪ ʔ
gago	ɡ aː ɣ o
gaguhin	ɡ ɐ ɣ uː h ɪ n̪
gahak	ɡ aː h ɐ k̚
gahak	ɡ ɐ h a k̚
gahaman	ɡ ɐ h aː m ɐ n̪
gahaman	ɡ ɐ h ɐ m a n̪
gahasa	ɡ ɐ h aː s ɐ ʔ
gahasa	ɡ ɐ h ɐ s a ʔ
gahi	ɡ aː h ɪ ʔ
gahi	ɡ ɐ h ɪ ʔ
gahol	ɡ aː h o l
gahol	ɡ ɐ h o l
gahum	ɡ ɐ h ʊ m
gahumay	ɡ ɐ h uː m a ɪ̯
gakgak	ɡ ɐ k ɡ a k̚
gala	ɡ aː l ɐ
gala	ɡ aː l ɐ ʔ
gala	ɡ ɐ l a ʔ
galabok	ɡ ɐ l ɐ b o k̚
galagala	ɡ ɐ l ɐ ɣ aː l ɐ
galagala	ɡ ɐ l ɐ ɣ ɐ l a
galaiti	ɡ ɐ l ɐ ʔ iː t̪ ɪ
galak	ɡ ɐ l a k̚
galakgak	ɡ ɐ l ɐ k ɡ a k̚
galalan	ɡ ɐ l aː l ɐ n̪
galalan	ɡ ɐ l ɐ l a n̪
galamay	ɡ ɐ l ɐ m a ɪ̯
galang	ɡ aː l ɐ ŋ
galang	ɡ ɐ l a ŋ
galanggalangan	ɡ ɐ l a ŋ ɡ ɐ l ɐ ŋ a n̪
galante	ɡ ɐ l a n̪ t̪ ɛ
galapong	ɡ ɐ l ɐ p o ŋ
galauran	ɡ ɐ l ɐ ʔ uː ɾ ɐ n̪
galaw	ɡ aː l a ʊ̯
galaw	ɡ ɐ l a ʊ̯
galawan	ɡ ɐ l aː w ɐ n̪
galawgaw	ɡ ɐ l a ʊ̯ ɣ a ʊ̯
galawin	ɡ ɐ l ɐ w ɪ n̪
galbanisado	ɡ ɐ l b ɐ n̪ ɪ s aː d̪ o
galela	ɡ ɐ l ɛː l ɐ
galeon	ɡ ɐ l ɛ j o n̪
galera	ɡ ɐ l ɛː ɾ ɐ
galgal	ɡ ɐ l ɡ a l
galila	ɡ ɐ l iː l ɐ
galing	ɡ aː l ɪ ŋ
galing	ɡ ɐ l ɪ ŋ
galis	ɡ ɐ l ɪ s
galit	ɡ aː l ɛ t̪̚
galit	ɡ aː l ɪ t̪̚
galit	ɡ ɐ l ɛ t̪̚
galit	ɡ ɐ l ɪ t̪̚
galitgit	ɡ ɐ l ɪ t̪ ɡ ɪ t̪̚
galitin	ɡ ɐ l iː t̪ ɪ n̪
galiyos	ɡ ɐ l iː j o s
galon	ɡ ɐ l o n̪
galong	ɡ aː l o ŋ
galos	ɡ aː l o s
galoses	ɡ ɐ l oː s ɛ s
galugad	ɡ ɐ l uː ɣ ɐ d̪̚
galugad	ɡ ɐ l ʊ ɣ a d̪̚
galugarin	ɡ ɐ l ʊ ɣ aː ɾ ɪ n̪
galula	ɡ ɐ l uː l ɐ
galunggong	ɡ ɐ l ʊ ŋ ɡ o ŋ
galusgos	ɡ ɐ l ʊ s ɡ o s
galyon	ɡ ɐ l j o n̪
gamay	ɡ aː m a ɪ̯
gamay	ɡ ɐ m a ɪ̯
gambagamba	ɡ ɐ m b aː ɣ ɐ m b a
gambala	ɡ ɐ m b aː l ɐ ʔ
gambala	ɡ ɐ m b ɐ l a ʔ
gambang	ɡ ɐ m b a ŋ
gambi	ɡ ɐ m b ɪ ʔ
gambol	ɡ ɐ m b o l
gamit	ɡ aː m ɛ t̪̚
gamit	ɡ aː m ɪ t̪̚
gamit	ɡ ɐ m ɛ t̪̚
gamit	ɡ ɐ m ɪ t̪̚
gamitan	ɡ ɐ m iː t̪ ɐ n̪
gamitan	ɡ ɐ m ɪ t̪ a n̪
gamol	ɡ ɐ m o l
gamos	ɡ aː m o s
gamot	ɡ ɐ m o t̪̚
gamugamo	ɡ ɐ m ʊ ɣ ɐ m o
gamusa	ɡ ɐ m uː s ɐ
gamutin	ɡ ɐ m ʊ t̪ ɪ n̪
gana	ɡ aː n̪ ɐ
gana	ɡ ɐ n̪ a
ganansiya	ɡ ɐ n̪ a n̪ s j ɐ
ganansiya	ɡ ɐ n̪ a n̪ ʃ ɐ
ganap	ɡ ɐ n̪ a p̚
ganda	ɡ ɐ n̪ d̪ a
ganern	ɡ ɐ n̪ ə ɹ n̪
gang	ɡ a ŋ
gango	ɡ ɐ ŋ o
gangsa	ɡ a n̪ s ɐ
gangsa	ɡ ɐ n̪ s a ʔ
gangsal	ɡ ɐ n̪ s a l
gangster	ɡ a ŋ s t̪ ɛ ɾ
gangsterismo	ɡ ɐ ŋ s t̪ ɛ ɾ i s m o
ganhaw	ɡ ɐ n̪ h a ʊ̯
ganid	ɡ aː n̪ ɪ d̪̚
ganire	ɡ ɐ n̪ ɪ ɾ ɛ
ganiri	ɡ ɐ n̪ ɪ ɾ ɪ
ganito	ɡ ɐ n̪ ɪ t̪ o
ganiyan	ɡ ɐ n̪ j a n̪
ganiyan	ɡ ɐ ɲ a n̪
ganon	ɡ ɐ n̪ o n̪
ganoon	ɡ ɐ n̪ o n̪
ganoon	ɡ ɐ n̪ o ʔ o n̪
gansa	ɡ a n̪ s ɐ
gansa	ɡ ɐ n̪ s a ʔ
gansal	ɡ ɐ n̪ s a l
ganta	ɡ a n̪ t̪ ɐ
ganta	ɡ ɐ n̪ t̪ a
ganti	ɡ ɐ n̪ t̪ ɪ
gantihan	ɡ a n̪ t̪ iː h ɐ n̪
gantihan	ɡ ɐ n̪ t̪ ɪ h a n̪
gantimpagal	ɡ ɐ n̪ t̪ ɪ m p aː ɣ ɐ l
gantimpala	ɡ ɐ n̪ t̪ ɪ m p aː l ɐ ʔ
gantindusa	ɡ ɐ n̪ t̪ ɪ n̪ d̪ uː s ɐ
ganto	ɡ ɐ n̪ t̪ o
gantsilyo	ɡ ɐ n̪ t͡s i l j o
gantsilyo	ɡ ɐ n̪ t͡ʃ i l j o
gantso	ɡ a n̪ t͡s o
gantso	ɡ a n̪ t͡ʃ o
ganyak	ɡ ɐ n ɲ a k̚
ganyak	ɡ ɐ n̪ j a k̚
ganyan	ɡ ɐ n ɲ a n̪
ganyan	ɡ ɐ n̪ j a n̪
gaod	ɡ aː ʔ o d̪̚
gaong	ɡ aː ʔ o ŋ
gaong	ɡ ɐ ʔ o ŋ
gapang	ɡ aː p ɐ ŋ
gapang	ɡ ɐ p a ŋ
gapi	ɡ aː p ɪ ʔ
gapi	ɡ ɐ p ɪ ʔ
gapiso	ɡ ɐ p iː s o
gapo	ɡ ɐ p o ʔ
gapok	ɡ aː p o k̚
gapok	ɡ ɐ p o k̚
gapong	ɡ aː p o ŋ
gapong	ɡ ɐ p o ŋ
gapos	ɡ aː p o s
gapos	ɡ ɐ p o s
gaptol	ɡ ɐ p t̪ o l
gara	ɡ aː ɾ ɐ ʔ
garahe	ɡ ɐ ɾ aː h ɛ
garand	ɡ ɐ ɾ a n̪ d̪
garapal	ɡ ɐ ɾ ɐ p a l
garapata	ɡ ɐ ɾ ɐ p aː t̪ ɐ
garapon	ɡ ɐ ɾ ɐ p o n̪
garasiya	ɡ ɐ ɾ aː s j ɐ
garasiya	ɡ ɐ ɾ aː ʃ ɐ
garay	ɡ aː ɾ a ɪ̯
garay	ɡ ɐ ɾ a ɪ̯
garbansos	ɡ ɐ ɾ b a n̪ s o s
garbo	ɡ a ɾ b o
garboso	ɡ ɐ ɾ b oː s o
gargaran	ɡ ɐ ɾ ɡ aː ɾ ɐ n̪
garil	ɡ aː ɾ ɪ l
garil	ɡ ɐ ɾ ɪ l
garing	ɡ aː ɾ ɪ ŋ
gariya	ɡ ɐ ɾ iː j ɐ ʔ
garod	ɡ ɐ ɾ o d̪̚
garote	ɡ ɐ ɾ oː t̪ ɛ
garupa	ɡ ɐ ɾ uː p ɐ
garya	ɡ ɐ ɾ j a ʔ
gas	ɡ a s
gasa	ɡ aː s ɐ
gasela	ɡ ɐ s ɛː l ɐ
gasera	ɡ ɐ s ɛː ɾ ɐ
gaseta	ɡ ɐ s ɛː t̪ ɐ
gasgas	ɡ ɐ s ɡ a s
gasingsing	ɡ ɐ s ɪ n̪ s ɪ ŋ
gasino	ɡ ɐ s iː n̪ o
gaslaw	ɡ ɐ s l a ʊ̯
gaso	ɡ ɐ s o
gasolina	ɡ ɐ s o l iː n̪ ɐ
gasolinahan	ɡ aː s o l ɪ n̪ ɐ h a n̪
gasolinahan	ɡ ɐ s o l ɪ n̪ aː h ɐ n̪
gaspang	ɡ ɐ s p a ŋ
gasta	ɡ ɐ s t̪ a
gastador	ɡ ɐ s t̪ ɐ d̪ o ɾ
gastadora	ɡ ɐ s t̪ ɐ d̪ oː ɾ ɐ
gastos	ɡ a s t̪ o s
gastusin	ɡ a s t̪ ʊ s ɪ n̪
gastusin	ɡ ɐ s t̪ uː s ɪ n̪
gasuklay	ɡ ɐ s ʊ k l a ɪ̯
gasul	ɡ ɐ s ʊ l
gasulito	ɡ ɐ s ʊ l iː t̪ o
gata	ɡ ɐ t̪ a ʔ
gatang	ɡ aː t̪ ɐ ŋ
gatas	ɡ aː t̪ ɐ s
gatas	ɡ ɐ t̪ a s
gatid	ɡ aː t̪ ɪ d̪̚
gatilyo	ɡ ɐ t̪ i l j o
gatlang	ɡ ɐ t̪ l̪ a ŋ
gatong	ɡ aː t̪ o ŋ
gatos	ɡ ɐ t̪ o s
gatpuno	ɡ ɐ t̪ p uː n̪ o ʔ
gawa	ɡ ɐ w a ʔ
gawaan	ɡ aː w aː ʔ ɐ n̪
gawaan	ɡ ɐ w aː ʔ ɐ n̪
gawad	ɡ aː w ɐ d̪̚
gawain	ɡ aː w aː ʔ ɪ n̪
gawain	ɡ ɐ w ɐ ʔ ɪ n̪
gawak	ɡ aː w ɐ k̚
gawak	ɡ ɐ w a k̚
gawalagad	ɡ ɐ w ɐ l ɐ ɣ a d̪̚
gawan	ɡ ɐ w a n̪
gawangan	ɡ ɐ w aː ŋ ɐ n̪
gaway	ɡ aː w a ɪ̯
gawgaw	ɡ a ʊ̯ ɣ a ʊ̯
gawi	ɡ aː w ɪ ʔ
gawi	ɡ ɐ w ɪ
gawi	ɡ ɐ w ɪ ʔ
gawin	ɡ ɐ w ɪ n̪
gawis	ɡ aː w ɪ s
gaya	ɡ aː j ɐ
gayahin	ɡ ɐ j aː h ɪ n̪
gayak	ɡ ɐ j a k̚
gayang	ɡ aː j ɐ ŋ
gayari	ɡ ɐ j ɐ ɾ ɪ
gayas	ɡ aː j ɐ s
gayas	ɡ ɐ j a s
gayat	ɡ aː j ɐ t̪̚
gayon	ɡ ɐ j o n̪
gayot	ɡ ɐ j o t̪̚
gayuma	ɡ ɐ j uː m ɐ
gayumahin	ɡ ɐ j ʊ m aː h ɪ n̪
gayumpaman	ɡ ɐ j u m p ɐ m a n̪
gayundin	ɡ ɐ j ʊ n̪ d̪ ɪ n̪
gayunman	ɡ ɐ j ʊ n̪ m a n̪
gayunpaman	ɡ ɐ j u m p ɐ m a n̪
ge	h ɛ
ge	ɡ ɛ
gebuts	ɡ ɛː b ʊ t̪ s
gedli	ɡ ɛ d̪ l̪ ɪ
gege	ɡ ɛː ɣ ɛ
geim	ɡ e ɪ̯ m
gelpren	ɡ ɛ l p ɾ ɛ n̪
gelprend	ɡ ɛ l p ɾ ɛ n̪ d̪
gem	ɡ ɛ m
gento	ɡ ɛ n̪ t̪ o
gera	ɡ ɛː ɾ ɐ
gerero	ɡ ɛ ɾ ɛː ɾ o
gerilya	ɡ ɛ ɾ i l j ɐ
gerlalu	ɡ ə ɹ l ɐ l ʊ
gerlalu	ɡ ɛ ɾ l ɐ l ʊ
gerlpren	ɡ ə ɹ l p ɾ ɛ n̪
gerlprend	ɡ ə ɹ l p ɾ ɛ n̪ d̪
gets	ɡ ɛ t̪ s
gewang	ɡ ɛː w ɐ ŋ
geym	ɡ e ɪ̯ m
giba	ɡ ɪ b a ʔ
gibain	ɡ ɪ b ɐ ʔ ɪ n̪
gibang	ɡ iː b ɐ ŋ
gibay	ɡ iː b a ɪ̯
gibik	ɡ ɪ b ɪ k̚
gibis	ɡ ɪ b ɪ s
gibuts	ɡ iː b ʊ t̪ s
gidon	ɡ ɪ d̪ o n̪
giggi	ɡ ɪ ɡ ɡ ɪ ʔ
gigil	ɡ iː ɣ ɪ l
gigil	ɡ ɪ ɣ ɪ l
giginto	ɡ ɪ ɣ ɪ n̪ t̪ o ʔ
giho	ɡ iː h o ʔ
giit	ɡ iː ʔ ɪ t̪̚
giit	ɡ ɪ ʔ ɪ t̪̚
gikin	ɡ ɪ x ɪ n̪
gikla	ɡ ɪ k l a ʔ
gilagid	ɡ ɪ l aː ɣ ɪ d̪̚
gilagiran	ɡ ɪ l ɐ ɣ iː ɾ ɐ n̪
gilalas	ɡ ɪ l aː l ɐ s
gilalas	ɡ ɪ l ɐ l a s
gilas	ɡ iː l ɐ s
gilawgaw	ɡ ɪ l a ʊ̯ ɣ a ʊ̯
gilgil	ɡ ɪ l ɡ ɪ l
gili	ɡ ɪ l ɪ
gilib	ɡ ɪ l ɪ b̚
gilid	ɡ iː l ɪ d̪̚
gilidlaraw	ɡ ɪ l ɪ d̪ l̪ aː ɾ a ʊ̯
gilik	ɡ iː l ɪ k̚
giling	ɡ iː l ɪ ŋ
giling	ɡ ɪ l ɪ ŋ
gilir	ɡ iː l ɪ ɾ
gilis	ɡ iː l ɪ s
gilit	ɡ iː l ɪ t̪̚
gilit	ɡ ɪ l ɪ t̪̚
giliw	ɡ iː l ɪ ʊ̯
gilong	ɡ iː l o ŋ
gilong	ɡ ɪ l o ŋ
gilotina	ɡ ɪ l o t̪ iː n̪ ɐ
gilutina	ɡ ɪ l ʊ t̪ iː n̪ ɐ
gilyotina	ɡ ɪ l j o t̪ iː n̪ ɐ
gimbal	ɡ ɪ m b a l
gimik	ɡ iː m ɪ k̚
ginang	ɡ iː n̪ ɐ ŋ
ginataan	ɡ ɪ n̪ ɐ t̪ ɐ ʔ a n̪
ginatan	ɡ ɪ n̪ ɐ t̪ a n̪
ginaw	ɡ ɪ n̪ a ʊ̯
ginawin	ɡ ɪ n̪ ɐ w ɪ n̪
gingging	ɡ ɪ ŋ ɡ ɪ ŋ
ginggon	ɡ ɪ ŋ ɡ o n̪
ginhawa	ɡ ɪ n̪ h aː w ɐ
ginhawa	ɡ ɪ n̪ h aː w ɐ ʔ
giniling	ɡ ɪ n̪ iː l ɪ ŋ
ginilo	ɡ ɪ n̪ iː l o ʔ
gining	ɡ iː n̪ ɪ ŋ
ginintuan	ɡ ɪ n̪ ɪ n̪ t̪ ʊ ʔ a n̪
ginip	ɡ iː n̪ ɪ p̚
ginisa	ɡ ɪ n̪ ɪ s a
ginoo	ɡ ɪ n̪ o ʔ o
ginoo	ɡ ɪ n̪ oː ʔ o
ginsa	ɡ ɪ n̪ s a
ginto	ɡ ɪ n̪ t̪ o ʔ
gintsam	ɡ i n̪ t͡s ɐ m
gintsam	ɡ i n̪ t͡ʃ ɐ m
gintsam	ɡ ɪ n̪ t͡s a m
gintsam	ɡ ɪ n̪ t͡ʃ a m
ginulay	ɡ ɪ n̪ uː l a ɪ̯
ginumis	ɡ ɪ n̪ uː m ɪ s
gipalpal	ɡ ɪ p ɐ l p a l
gipit	ɡ ɪ p ɪ t̪̚
gipo	ɡ iː p o ʔ
gipo	ɡ ɪ p o ʔ
gipos	ɡ iː p o s
gipos	ɡ ɪ p o s
giri	ɡ iː ɾ ɪ ʔ
girimpula	ɡ ɪ ɾ ɪ m p ʊ l a
gisa	ɡ ɪ s a
gisado	ɡ ɪ s aː d̪ o
gisahin	ɡ ɪ s ɐ h ɪ n̪
gisantes	ɡ ɪ s a n̪ t̪ ɛ s
gisi	ɡ iː s ɪ ʔ
gisi	ɡ ɪ s ɪ ʔ
gising	ɡ iː s ɪ ŋ
gising	ɡ ɪ s ɪ ŋ
gisok	ɡ iː s o k̚
gitang	ɡ ɪ t̪ a ŋ
gitara	ɡ ɪ t̪ aː ɾ ɐ
gitarero	ɡ ɪ t̪ ɐ ɾ ɛː ɾ o
gitarista	ɡ ɪ t̪ ɐ ɾ i s t̪ ɐ
gitata	ɡ ɪ t̪ aː t̪ ɐ ʔ
gitata	ɡ ɪ t̪ ɐ t̪ a ʔ
gitgit	ɡ ɪ t̪ ɡ ɪ t̪̚
giting	ɡ iː t̪ ɪ ŋ
gitisig	ɡ ɪ t̪ iː s ɪ ɡ̚
gitla	ɡ ɪ t̪ l̪ a
gitlapi	ɡ ɪ t̪ l̪ aː p ɪ ʔ
gitlawas	ɡ ɪ t̪ l̪ aː w ɐ s
gitling	ɡ ɪ t̪ l̪ ɪ ŋ
gitna	ɡ ɪ t̪ n̪ a ʔ
gituldok	ɡ ɪ t̪ ʊ l d̪ o k̚
giwa	ɡ iː w ɐ ʔ
giwang	ɡ iː w ɐ ŋ
giwang	ɡ ɛː w ɐ ŋ
giya	ɡ iː j ɐ
giyang	ɡ j a ŋ
giyaot	ɡ j aː ʔ o t̪̚
giyera	ɡ j ɛː ɾ ɐ
giyerahin	ɡ j ɛ ɾ aː h ɪ n̪
giyon	ɡ j o n̪
glab	ɡ l a b̚
glabs	ɡ l a b s
gladyador	ɡ l ɐ d d͡ʒ ɐ d̪ o ɾ
gladyador	ɡ l ɐ d̪ j ɐ d̪ o ɾ
glandula	ɡ l a n̪ d̪ ʊ l a
glase	ɡ l ɐ s ɛ
glasyal	ɡ l ɐ s j a l
glasyal	ɡ l ɐ ʃ a l
glasyologo	ɡ l ɐ s j oː l o ɣ o
glasyologo	ɡ l ɐ ʃ oː l o ɣ o
gliserina	ɡ l ɪ s ɛ ɾ iː n̪ ɐ
globalisasyon	ɡ l o b ɐ l ɪ s ɐ s j o n̪
globalisasyon	ɡ l o b ɐ l ɪ s ɐ ʃ o n̪
globalisasyon	ɡ l oː b ɐ l ɪ s ɐ s j o n̪
globalisasyon	ɡ l oː b ɐ l ɪ s ɐ ʃ o n̪
globo	ɡ l oː b o
glorya	ɡ l o ɾ j ɐ
glosari	ɡ l oː s ɐ ɾ ɪ
glosaryo	ɡ l o s a ɾ j o
gnostiko	ɡ n̪ o s t̪ ɪ x o
gobernador	ɡ o b ɛ ɾ n̪ ɐ d̪ o ɾ
gobernadora	ɡ o b ɛ ɾ n̪ ɐ d̪ oː ɾ ɐ
gobyerno	ɡ o b j ɛ ɾ n̪ o
gofer	ɡ o f ɛ ɾ
gofer	ɡ o p ɛ ɾ
gofer	ɡ oː f ɛ ɾ
gofer	ɡ oː p ɛ ɾ
goldpis	ɡ o l d̪ p ɪ s
goli	ɡ oː l ɪ
goli	ɡ oː l ɪ ʔ
golondrina	ɡ o l o n̪ d̪ ɾ iː n̪ ɐ
golp	ɡ o l p
golpe	ɡ o l p ɛ
golpo	ɡ o l p o
golyorya	ɡ o l j o ɾ j a
golyorya	ɡ o l j o ɾ j ɐ
goma	ɡ oː m ɐ
gonorea	ɡ o n̪ o ɾ ɛː j ɐ
gora	ɡ oː ɾ ɐ
gorgorya	ɡ o ɾ ɡ o ɾ j a
gorgorya	ɡ o ɾ ɡ o ɾ j ɐ
gorilya	ɡ o ɾ i l j ɐ
goriyon	ɡ o ɾ j o n̪
goryon	ɡ o ɾ j o n̪
gota	ɡ oː t̪ ɐ
goto	ɡ oː t̪ o
gotohan	ɡ o t̪ o h a n̪
goyo	ɡ oː j o ʔ
graba	ɡ ɾ aː b ɐ
grabe	ɡ ɾ aː b ɛ
grabedad	ɡ ɾ ɐ b ɛ d̪ a d̪̚
grabidad	ɡ ɾ ɐ b ɪ d̪ a d̪̚
grado	ɡ ɾ aː d̪ o
graduwado	ɡ ɾ ɐ d̪ w aː d̪ o
gradwado	ɡ ɾ ɐ d̪ w aː d̪ o
gradwet	ɡ ɾ a d̪ w ɛ t̪̚
gradweyt	ɡ ɾ a d̪ w e ɪ̯ t̪
gramar	ɡ ɾ aː m ɐ ɾ
gramatika	ɡ ɾ ɐ m aː t̪ ɪ x a
gramatiko	ɡ ɾ ɐ m aː t̪ ɪ x o
gramo	ɡ ɾ aː m o
granada	ɡ ɾ ɐ n̪ aː d̪ ɐ
granate	ɡ ɾ ɐ n̪ aː t̪ ɛ
grap	ɡ ɾ a p̚
grapito	ɡ ɾ ɐ p iː t̪ o
grasa	ɡ ɾ aː s ɐ
grasya	ɡ ɾ a s j ɐ
grasya	ɡ ɾ aː ʃ ɐ
grawnded	ɡ ɾ a ʊ̯ n̪ d̪ ɛ d̪̚
gremyo	ɡ ɾ ɛ m j o
gril	ɡ ɾ ɪ l
grilyos	ɡ ɾ i l j o s
gripo	ɡ ɾ iː p o
groser	ɡ ɾ oː s ɛ ɾ
groseri	ɡ ɾ oː s ɛ ɾ ɪ
groseriya	ɡ ɾ o s ɛ ɾ iː j ɐ
groserya	ɡ ɾ o s ɛ ɾ j ɐ
grumadweyt	ɡ ɾ ʊ m a d̪ w e ɪ̯ t̪
grupo	ɡ ɾ uː p o
gubat	ɡ uː b ɐ t̪̚
gubat	ɡ ʊ b a t̪̚
gudbay	ɡ ʊ d̪ b a ɪ̯
gudnayt	ɡ ʊ d̪ n̪ a ɪ̯ t̪
gugo	ɡ uː ɣ o ʔ
gugol	ɡ uː ɣ o l
guham	ɡ ʊ h a m
guhit	ɡ uː h ɪ t̪̚
guhitin	ɡ ʊ h iː t̪ ɪ n̪
guho	ɡ uː h o ʔ
guho	ɡ ʊ h o ʔ
guisado	ɡ ɪ s aː d̪ o
gukgok	ɡ ʊ k ɡ o k̚
gulaman	ɡ ʊ l aː m ɐ n̪
gulang	ɡ uː l ɐ ŋ
gulangan	ɡ ʊ l aː ŋ ɐ n̪
gulangan	ɡ ʊ l ɐ ŋ a n̪
gulanit	ɡ ʊ l ɐ n̪ ɪ t̪̚
gulanta	ɡ ʊ l ɐ n̪ t̪ a ʔ
gulantang	ɡ ʊ l ɐ n̪ t̪ a ŋ
gulat	ɡ uː l ɐ t̪̚
gulat	ɡ ʊ l a t̪̚
gulatin	ɡ ʊ l aː t̪ ɪ n̪
gulay	ɡ uː l a ɪ̯
gulayin	ɡ ʊ l aː j ɪ n̪
gulayin	ɡ ʊ l ɐ j ɪ n̪
gulgorya	ɡ ʊ l ɡ o ɾ j a
gulgorya	ɡ ʊ l ɡ o ɾ j ɐ
gulgurya	ɡ ʊ l ɡ u ɾ j ɐ
gulgurya	ɡ ʊ l ɡ ʊ ɾ j a
gulinda	ɡ ʊ l ɪ n̪ d̪ a ʔ
gulindaan	ɡ uː l ɪ n̪ d̪ aː ʔ ɐ n̪
gulindaan	ɡ ʊ l ɪ n̪ d̪ ɐ ʔ a n̪
gulo	ɡ ʊ l o
gulo	ɡ ʊ l o ʔ
gulod	ɡ uː l o d̪̚
gulod	ɡ ʊ l o d̪̚
gulok	ɡ uː l o k̚
gulong	ɡ uː l o ŋ
gulong	ɡ ʊ l o ŋ
gulot	ɡ ʊ l o t̪̚
gulpi	ɡ ʊ l p ɪ
gulugod	ɡ ʊ l ʊ ɣ o d̪̚
guluhin	ɡ ʊ l ʊ h ɪ n̪
gulumihan	ɡ ʊ l ʊ m iː h ɐ n̪
gulunggulungan	ɡ ʊ l ʊ ŋ ɡ ʊ l uː ŋ ɐ n̪
gulurya	ɡ ʊ l u ɾ j ɐ
gulurya	ɡ ʊ l ʊ ɾ j a
gulyabaw	ɡ ʊ l j aː b a ʊ̯
gulyariya	ɡ ʊ l j ɐ ɾ iː j ɐ
gulyasan	ɡ ʊ l j aː s ɐ n̪
gulyeria	ɡ ʊ l j ɛ ɾ iː j ɐ
gulyeriya	ɡ ʊ l j ɛ ɾ iː j ɐ
gulyerya	ɡ ʊ l j ɛ ɾ j a
gulyerya	ɡ ʊ l j ɛ ɾ j ɐ
gulyirya	ɡ ʊ l j ɪ ɾ j a
gumabay	ɡ ʊ m ɐ b a ɪ̯
gumagabay	ɡ ʊ m aː ɣ ɐ b a ɪ̯
gumagad	ɡ ʊ m ɐ ɣ a d̪̚
gumagamit	ɡ ʊ m ɐ ɣ aː m ɪ t̪̚
gumagapang	ɡ ʊ m ɐ ɣ aː p ɐ ŋ
gumala	ɡ ʊ m aː l ɐ ʔ
gumalaw	ɡ ʊ m ɐ l a ʊ̯
gumaling	ɡ ʊ m ɐ l ɪ ŋ
gumamela	ɡ ʊ m ɐ m ɛː l ɐ
gumamit	ɡ ʊ m aː m ɪ t̪̚
gumanap	ɡ ʊ m ɐ n̪ a p̚
gumanda	ɡ ʊ m ɐ n̪ d̪ a
gumapang	ɡ ʊ m aː p ɐ ŋ
gumastos	ɡ ʊ m ɐ s t̪ o s
gumawa	ɡ ʊ m ɐ w a ʔ
gumayak	ɡ ʊ m ɐ j a k̚
gumban	ɡ ʊ m b a n̪
gumi	ɡ uː m ɪ
gumi	ɡ ʊ m ɪ
gumilid	ɡ ʊ m iː l ɪ d̪̚
gumimik	ɡ ʊ m iː m ɪ k̚
gumising	ɡ ʊ m iː s ɪ ŋ
gumps	ɡ a m p s
gumuho	ɡ ʊ m uː h o ʔ
gumulang	ɡ ʊ m uː l ɐ ŋ
gumulo	ɡ ʊ m ʊ l o
gumulong	ɡ ʊ m uː l o ŋ
gumuwapo	ɡ ʊ m w aː p o
gunaw	ɡ uː n̪ a ʊ̯
gunaw	ɡ ʊ n̪ a ʊ̯
gunggong	ɡ ʊ ŋ ɡ o ŋ
guni	ɡ ʊ n̪ ɪ
guniguni	ɡ ʊ n̪ ɪ ɣ ʊ n̪ ɪ
gunimbilang	ɡ ʊ n̪ ɪ m b iː l ɐ ŋ
gunita	ɡ ʊ n̪ ɪ t̪ a ʔ
gunitain	ɡ ʊ n̪ ɪ t̪ ɐ ʔ ɪ n̪
guno	ɡ ʊ n̪ o
gunot	ɡ uː n̪ o t̪̚
gunot	ɡ ʊ n̪ o t̪̚
gunting	ɡ ʊ n̪ t̪ ɪ ŋ
gupiling	ɡ ʊ p iː l ɪ ŋ
gupit	ɡ ʊ p ɪ t̪̚
gupo	ɡ uː p o ʔ
gupo	ɡ ʊ p o ʔ
gura	ɡ uː ɾ ɐ
gurami	ɡ ʊ ɾ aː m ɪ
gurang	ɡ ʊ ɾ a ŋ
gurgorya	ɡ ʊ ɾ ɡ o ɾ j a
gurgorya	ɡ ʊ ɾ ɡ o ɾ j ɐ
gurgurya	ɡ ʊ ɾ ɡ u ɾ j ɐ
gurgurya	ɡ ʊ ɾ ɡ ʊ ɾ j a
guri	ɡ ʊ ɾ ɪ
guriri	ɡ ʊ ɾ ɪ ɾ ɪ ʔ
gurlis	ɡ ʊ ɾ l ɪ s
guro	ɡ uː ɾ o ʔ
guro	ɡ ʊ ɾ o ʔ
guryon	ɡ ʊ ɾ j o n̪
gusali	ɡ ʊ s aː l ɪ ʔ
gusgos	ɡ ʊ s ɡ o s
gusgusin	ɡ ʊ s ɡ uː s ɪ n̪
gusi	ɡ uː s ɪ ʔ
gusilaw	ɡ ʊ s iː l a ʊ̯
gusot	ɡ ʊ s o t̪̚
gusto	ɡ u s t̪ o
gusto	ɡ ʊ s t̪ o
gutay	ɡ ʊ t̪ a ɪ̯
gutom	ɡ uː t̪ o m
gutom	ɡ ʊ t̪ o m
gutoy	ɡ ʊ t̪ o ɪ̯
gutumin	ɡ ʊ t̪ uː m ɪ n̪
guwang	ɡ w a ŋ
guwano	ɡ w aː n̪ o
guwantelete	ɡ w ɐ n̪ t̪ ɛ l ɛː t̪ ɛ
guwantes	ɡ w a n̪ t̪ ɛ s
guwapa	ɡ w aː p ɐ
guwaping	ɡ w ɐ p ɪ ŋ
guwapo	ɡ w aː p o
guwapx	ɡ w aː p ɛ k s
guwardakosta	ɡ w a ɾ d̪ ɐ x o s t̪ ɐ
guwardiya	ɡ w a ɾ d̪ j ɐ
guwardiya	ɡ w a ɾ d͡ʒ ɐ
guwatsinanggo	ɡ w ɐ t t͡ʃ ɪ n̪ a ŋ ɡ o
guwatsinanggo	ɡ w ɐ t̪ s ɪ n̪ a ŋ ɡ o
guya	ɡ uː j ɐ ʔ
guyabano	ɡ ʊ j ɐ b aː n̪ o
guyam	ɡ uː j ɐ m
gwantelete	ɡ w ɐ n̪ t̪ ɛ l ɛː t̪ ɛ
gwapa	ɡ w aː p ɐ
gwapo	ɡ w aː p o
gwapx	ɡ w aː p ɛ k s
g̃	ŋ
h	h
h	h a
h	ʔ a t̪ s ɛ
h	ʔ aː t͡ʃ ɛ
h	ʔ e ɪ̯ t̪ s
h	ʔ e ɪ̯ t͡ʃ
ha	h ɐ
haba	h aː b ɐ ʔ
haba	h ɐ b a ʔ
habag	h ɐ b a ɡ̚
habagat	h ɐ b aː ɣ ɐ t̪̚
habagatan	h aː b ɐ ɣ ɐ t̪ a n̪
habal	h aː b ɐ l
habambuhay	h aː b ɐ m b uː h a ɪ̯
haban	h ɐ b a n̪
habang	h aː b ɐ ŋ
habang	h ɐ b a ŋ
habas	h aː b ɐ s
habhab	h ɐ b h a b̚
habi	h aː b ɪ
habi	h aː b ɪ ʔ
habi	h ɐ b ɪ
habid	h ɐ b ɪ d̪̚
habilin	h ɐ b iː l ɪ n̪
habilog	h ɐ b ɪ l o ɡ̚
habitsuwelas	h ɐ b ɪ t̪ s w ɛː l ɐ s
habitsuwelas	h ɐ b ɪ t͡ʃ w ɛː l ɐ s
habla	h ɐ b l a
hablot	h ɐ b l o t̪̚
habol	h aː b o l
habol	h ɐ b o l
habonera	h ɐ b o n̪ ɛː ɾ ɐ
habonero	h ɐ b o n̪ ɛː ɾ o
habonete	h ɐ b o n̪ ɛː t̪ ɛ
habubos	h ɐ b uː b o s
habulan	h ɐ b uː l ɐ n̪
habulan	h ɐ b ʊ l a n̪
habulin	h ɐ b uː l ɪ n̪
habyog	h ɐ b j o ɡ̚
hache	ʔ a t̪ s ɛ
hache	ʔ aː t͡ʃ ɛ
hacienda	h ɐ s j ɛ n̪ d̪ ɐ
hacienda	h ɐ ʃ ɛ n̪ d̪ ɐ
hacienda	ʔ ɐ s j ɛ n̪ d̪ ɐ
hacienda	ʔ ɐ ʃ ɛ n̪ d̪ ɐ
haciendera	h ɐ s j ɛ n̪ d̪ ɛː ɾ ɐ
haciendera	h ɐ ʃ ɛ n̪ d̪ ɛː ɾ ɐ
haciendero	h ɐ s j ɛ n̪ d̪ ɛː ɾ o
haciendero	h ɐ ʃ ɛ n̪ d̪ ɛː ɾ o
hadhad	h ɐ d̪ h a d̪̚
hadith	h ɐ d̪ ɪ t̪̚
hadlang	h ɐ d̪ l̪ a ŋ
hadlika	h ɐ d̪ l̪ ɪ x a ʔ
hagad	h aː ɣ ɐ d̪̚
hagahas	h ɐ ɣ ɐ h a s
hagak	h aː ɣ ɐ k̚
hagak	h ɐ ɣ a k̚
hagakhak	h ɐ ɣ ɐ k h a k̚
hagap	h aː ɣ ɐ p̚
hagdan	h ɐ ɡ d̪ a n̪
hagdanan	h ɐ ɡ d̪ aː n̪ ɐ n̪
hagdanan	h ɐ ɡ d̪ ɐ n̪ a n̪
hagibis	h ɐ ɣ iː b ɪ s
hagibis	h ɐ ɣ ɪ b ɪ s
hagikgik	h ɐ ɣ ɪ k ɡ ɪ k̚
hagikhik	h ɐ ɣ ɪ k h ɪ k̚
hagilap	h ɐ ɣ iː l ɐ p̚
hagip	h ɐ ɣ ɪ p̚
hagis	h aː ɣ ɪ s
hagkan	h ɐ ɡ k a n̪
hagod	h aː ɣ o d̪̚
hagod	h ɐ ɣ o d̪̚
hagok	h aː ɣ o k̚
hagonoy	h ɐ ɣ oː n̪ o ɪ̯
hagran	h ɐ ɡ ɾ a n̪
hagukgok	h ɐ ɣ ʊ k ɡ o k̚
hagulgol	h ɐ ɣ ʊ l ɡ o l
hagulhol	h ɐ ɣ ʊ l h o l
hagunot	h ɐ ɣ ʊ n̪ o t̪̚
hagunoy	h ɐ ɣ uː n̪ o ɪ̯
hagupit	h ɐ ɣ ʊ p ɪ t̪̚
hagway	h ɐ ɡ w a ɪ̯
haha	h aː h ɐ
haha	h aː h ɐ ʔ
haha	h ɐ h a ʔ
hahagkan	h aː h ɐ ɡ k a n̪
hain	h aː ʔ ɪ n̪
haiskul	h a ɪ̯ s k ʊ l
haj	h a d̪ s
haj	h a d͡ʒ
haka	h aː x ɐ ʔ
hakaw	h aː x a ʊ̯
hakay	h ɐ x a ɪ̯
hakbang	h ɐ k b a ŋ
hakdog	h a k d̪ o ɡ̚
hake	h aː x ɛ
hakhak	h ɐ k h a k̚
haklit	h ɐ k l ɪ t̪̚
hakot	h aː x o t̪̚
hakot	h ɐ x o t̪̚
hala	h aː l ɐ
hala	h aː l ɐ ʔ
hala	h ɐ l a
halaan	h ɐ l aː ʔ ɐ n̪
halaan	h ɐ l ɐ ʔ a n̪
halabos	h ɐ l ɐ b o s
halaga	h ɐ l ɐ ɣ a
halak	h ɐ l a k̚
halakhak	h ɐ l ɐ k h a k̚
halal	h ɐ l a l
halalan	h ɐ l aː l ɐ n̪
halaman	h ɐ l aː m ɐ n̪
halamanan	h aː l ɐ m ɐ n̪ a n̪
halamanan	h ɐ l ɐ m aː n̪ ɐ n̪
halang	h aː l ɐ ŋ
halang	h ɐ l a ŋ
halangan	h ɐ l aː ŋ ɐ n̪
halari	h ɐ l aː ɾ ɪ ʔ
halas	h aː l ɐ s
halata	h ɐ l ɐ t̪ a ʔ
halatado	h ɐ l ɐ t̪ aː d̪ o
halay	h aː l a ɪ̯
halaya	h ɐ l ɐ j a
halayhay	h ɐ l a ɪ̯ h a ɪ̯
halayin	h ɐ l aː j ɪ n̪
halea	h ɐ l ɛ j a
halea	h ɐ l ɛː j ɐ
haleya	h ɐ l ɛ j a
haleya	h ɐ l ɛː j ɐ
halhal	h ɐ l h a l
hali	h ɐ l ɪ
hali	h ɐ l ɪ ʔ
halibhib	h ɐ l ɪ b h ɪ b̚
halibuyak	h ɐ l ɪ b ʊ j a k̚
halige	h ɐ l iː ɣ ɛ
haligi	h ɐ l iː ɣ ɛ
haligi	h ɐ l iː ɣ ɪ
haligutgot	h ɐ l ɪ ɣ ʊ t̪ ɡ o t̪̚
halihaw	h ɐ l iː h a ʊ̯
haliin	h ɐ l ɪ ʔ ɪ n̪
halik	h ɐ l ɪ k̚
halika	h ɐ l iː x ɐ
halika	h ɐ l ɪ x a
halikan	h aː l iː x ɐ n̪
halikan	h ɐ l ɪ x a n̪
halikayo	h ɐ l iː x ɐ j o
halikayo	h ɐ l ɪ x ɐ j o
halilaya	h ɐ l ɪ l aː j ɐ
halili	h ɐ l iː l ɪ
halili	h ɐ l ɪ l ɪ
halimaw	h ɐ l iː m a ʊ̯
halimbawa	h ɐ l ɪ m b aː w ɐ ʔ
halimunmon	h ɐ l ɪ m ʊ n̪ m o n̪
halimuyak	h ɐ l ɪ m uː j ɐ k̚
halimuyak	h ɐ l ɪ m ʊ j a k̚
halina	h ɐ l iː n̪ ɐ
haling	h aː l ɪ ŋ
haling	h ɐ l ɪ ŋ
halinghing	h ɐ l ɪ ŋ h ɪ ŋ
halinhinan	h aː l ɪ n̪ h iː n̪ ɐ n̪
halinlinan	h aː l ɪ n̪ l iː n̪ ɐ n̪
halintigal	h ɐ l ɪ n̪ t̪ ɪ ɣ a l
halintulad	h ɐ l ɪ n̪ t̪ uː l ɐ d̪̚
halip	h ɐ l ɪ p̚
haliparot	h ɐ l ɪ p aː ɾ o t̪̚
haliparot	h ɐ l ɪ p ɐ ɾ o t̪̚
haliryo	h ɐ l ɪ ɾ j o
haliryo	h ɐ l ɪ ɾ j o ʔ
halo	h aː l o
halo	h aː l o ʔ
halo	h ɐ l o
halo	h ɐ l o ʔ
halom	h aː l o m
halontiyan	h ɐ l o n̪ t̪ j a n̪
halontiyan	h ɐ l o n̪ t͡ʃ a n̪
halos	h aː l o s
halpunuan	h ɐ l p ʊ n̪ uː ʔ ɐ n̪
haltak	h ɐ l t̪ a k̚
halubid	h ɐ l ʊ b ɪ d̪̚
halubilo	h ɐ l ʊ b iː l o
halughog	h ɐ l ʊ ɡ h o ɡ̚
halughugin	h ɐ l ʊ ɡ h ʊ ɣ ɪ n̪
haluhalo	h aː l ʊ h aː l o ʔ
haluhalo	h ɐ l ʊ h aː l o ʔ
halukay	h ɐ l uː x a ɪ̯
halukay	h ɐ l ʊ x a ɪ̯
halukipkip	h ɐ l ʊ x ɪ p k ɪ p̚
halumanis	h ɐ l ʊ m ɐ n̪ ɪ s
halumbaba	h ɐ l ʊ m b aː b ɐ ʔ
halumbaba	h ɐ l ʊ m b ɐ b a ʔ
halumigmig	h ɐ l ʊ m ɪ ɡ m ɪ ɡ̚
halungkat	h ɐ l ʊ ŋ k a t̪̚
halungtiyan	h ɐ l ʊ ŋ t̪ j a n̪
halungtiyan	h ɐ l ʊ ŋ t͡ʃ a n̪
halungtiyang	h ɐ l ʊ ŋ t̪ j a ŋ
halungtiyang	h ɐ l ʊ ŋ t͡ʃ a ŋ
haluntiyan	h ɐ l ʊ n̪ t̪ j a n̪
haluntiyan	h ɐ l ʊ n̪ t͡ʃ a n̪
haluntiyang	h ɐ l ʊ n̪ t̪ j a ŋ
haluntiyang	h ɐ l ʊ n̪ t͡ʃ a ŋ
halusinasyon	h ɐ l ʊ s ɪ n̪ ɐ s j o n̪
halusinasyon	h ɐ l ʊ s ɪ n̪ ɐ ʃ o n̪
haluyhoy	h ɐ l ʊ ɪ̯ h o ɪ̯
halyas	h ɐ l j a s
hamak	h aː m ɐ k̚
hamakin	h ɐ m aː x ɪ n̪
hamba	h a m b ɐ
hambag	h a m b ɐ ɡ̚
hambalang	h ɐ m b aː l ɐ ŋ
hambalos	h ɐ m b aː l o s
hambaw	h ɐ m b a ʊ̯
hambing	h ɐ m b ɪ ŋ
hambingin	h ɐ m b iː ŋ ɪ n̪
hambingin	h ɐ m b ɪ ŋ ɪ n̪
hambo	h ɐ m b o
hambog	h ɐ m b o ɡ̚
hambubukag	h ɐ m b ʊ b ʊ x a ɡ̚
hamil	h aː m ɪ l
hamil	h ɐ m ɪ l
hamo	h aː m o
hamog	h ɐ m o ɡ̚
hamok	h aː m o k̚
hamon	h aː m o n̪
hamon	h ɐ m o n̪
hamos	h ɐ m o s
hampas	h ɐ m p a s
hampaslupa	h ɐ m p a s l uː p ɐ ʔ
hampaw	h ɐ m p a ʊ̯
hampiyas	h ɐ m p iː j ɐ s
hampok	h ɐ m p o k̚
hampol	h ɐ m p o l
hampon	h ɐ m p o n̪
hamsilog	h a m s ɪ l o ɡ̚
hamster	h a m s t̪ ɛ ɾ
hamunin	h ɐ m uː n̪ ɪ n̪
hamya	h ɐ m j a ʔ
hanal	h ɐ n̪ a l
hanap	h aː n̪ ɐ p̚
hanapbuhay	h aː n̪ ɐ p b uː h a ɪ̯
hanapin	h ɐ n̪ aː p ɪ n̪
hanash	h ɐ n̪ a s
hanash	h ɐ n̪ a ʃ
hanay	h aː n̪ a ɪ̯
hanayan	h ɐ n̪ aː j ɐ n̪
hanayan	h ɐ n̪ ɐ j a n̪
hanbag	h a m b ɐ ɡ̚
hanbuk	h a m b ʊ k̚
handa	h ɐ n̪ d̪ a ʔ
handaan	h ɐ n̪ d̪ aː ʔ ɐ n̪
handaan	h ɐ n̪ d̪ ɐ ʔ a n̪
handak	h ɐ n̪ d̪ a k̚
handalapak	h ɐ n̪ d̪ ɐ l ɐ p a k̚
handbag	h a n̪ d̪ b ɐ ɡ̚
handbuk	h a n̪ d̪ b ʊ k̚
handog	h ɐ n̪ d̪ o ɡ̚
handusay	h ɐ n̪ d̪ ʊ s a ɪ̯
hane	h ɐ n̪ ɛ
hanep	h aː n̪ ɛ p̚
hanga	h aː ŋ ɐ
hanga	h aː ŋ ɐ ʔ
hangad	h ɐ ŋ a d̪̚
hangal	h aː ŋ ɐ l
hangal	h ɐ ŋ a l
hangarin	h ɐ ŋ aː ɾ ɪ n̪
hangarin	h ɐ ŋ ɐ ɾ ɪ n̪
hanger	h aː ŋ ɛ ɾ
hanggan	h ɐ ŋ ɡ a n̪
hangganan	h ɐ ŋ ɡ aː n̪ ɐ n̪
hangganan	h ɐ ŋ ɡ ɐ n̪ a n̪
hanggang	h ɐ ŋ ɡ a ŋ
hanghang	h ɐ ŋ h a ŋ
hangin	h aː ŋ ɪ n̪
hanginsigan	h ɐ ŋ ɪ n̪ s iː ɣ ɐ n̪
hangintigilan	h ɐ ŋ ɪ n̪ t̪ ɪ ɣ iː l ɐ n̪
hangkaw	h ɐ ŋ k a ʊ̯
hango	h aː ŋ o ʔ
hango	h ɐ ŋ o ʔ
hangos	h aː ŋ o s
hangos	h ɐ ŋ o s
hangusangmatwiran	h ɐ ŋ ʊ s ɐ ŋ m ɐ t̪ w iː ɾ ɐ n̪
hangusangmatwiranin	h ɐ ŋ ʊ s ɐ ŋ m ɐ t̪ w ɪ ɾ aː n̪ ɪ n̪
hanimun	h aː n̪ ɪ m ʊ n̪
hanip	h aː n̪ ɪ p̚
hanra	h ɐ n̪ ɾ a ʔ
hansomkab	h a n̪ s o m k a b̚
hantik	h ɐ n̪ t̪ ɪ k̚
hantikan	h ɐ n̪ t̪ iː x ɐ n̪
hanting	h a n̪ t̪ ɪ ŋ
hantong	h ɐ n̪ t̪ o ŋ
hantungan	h ɐ n̪ t̪ uː ŋ ɐ n̪
hantungan	h ɐ n̪ t̪ ʊ ŋ a n̪
hanya	h ɐ n ɲ a ʔ
hanya	h ɐ n̪ j a ʔ
haong	h ɐ ʔ o ŋ
hapag	h ɐ p a ɡ̚
hapak	h ɐ p a k̚
hapay	h aː p a ɪ̯
hapay	h ɐ p a ɪ̯
hapdi	h ɐ p d̪ ɪ ʔ
hapin	h ɐ p ɪ n̪
hapis	h aː p ɪ s
hapis	h ɐ p ɪ s
hapit	h aː p ɪ t̪̚
hapit	h ɐ p ɪ t̪̚
haplos	h ɐ p l o s
hapo	h aː p o ʔ
hapo	h ɐ p o ʔ
hapon	h aː p o n̪
hapunan	h ɐ p uː n̪ ɐ n̪
hapunan	h ɐ p ʊ n̪ a n̪
harabe	h ɐ ɾ aː b ɛ
harabi	h ɐ ɾ aː b ɪ
harakiri	h aː ɾ ɐ x iː ɾ ɪ
haram	h ɐ ɾ a m
harana	h ɐ ɾ aː n̪ ɐ
harang	h aː ɾ ɐ ŋ
harang	h ɐ ɾ a ŋ
harap	h ɐ ɾ a p̚
harapan	h aː ɾ aː p ɐ n̪
harapan	h ɐ ɾ ɐ p a n̪
harapin	h ɐ ɾ ɐ p ɪ n̪
haraya	h ɐ ɾ aː j ɐ ʔ
harbat	h ɐ ɾ b a t̪̚
hardel	h a ɾ d̪ ɛ l
hardin	h ɐ ɾ d̪ ɪ n̪
hardinera	h ɐ ɾ d̪ ɪ n̪ ɛː ɾ ɐ
hardinero	h ɐ ɾ d̪ ɪ n̪ ɛː ɾ o
hari	h aː ɾ ɛ ʔ
hari	h aː ɾ ɪ ʔ
haribini	h ɐ ɾ ɪ b iː n̪ ɪ
haribini	h ɐ ɾ ɪ b iː n̪ ɪ ʔ
haribon	h aː ɾ ɪ b o n̪
harimanawari	h aː ɾ ɪ m ɐ n̪ ɐ w aː ɾ ɪ ʔ
harina	h ɐ ɾ iː n̪ ɐ
haringa	h aː ɾ ɪ ŋ a ʔ
harmonika	h ɐ ɾ m oː n̪ ɪ x a
haro	h aː ɾ o
haro	h ɐ ɾ o
harok	h aː ɾ o k̚
harot	h ɐ ɾ o t̪̚
harugari	h ɐ ɾ ʊ ɣ ɐ ɾ ɪ ʔ
harungas	h ɐ ɾ ʊ ŋ a s
harurot	h ɐ ɾ uː ɾ o t̪̚
hasa	h aː s ɐ ʔ
hasa	h ɐ s a ʔ
hasaan	h ɐ s ɐ ʔ a n̪
hasain	h ɐ s aː ʔ ɪ n̪
hasang	h aː s ɐ ŋ
hasel	h aː s ɛ l
hasik	h ɐ s ɪ k̚
hasikaso	h ɐ s ɪ x aː s o
hasinto	h ɐ s i n̪ t̪ o
hasmin	h ɐ s m ɪ n̪
haso	h ɐ s o ʔ
haspe	h ɐ s p ɛ
hasyenda	h ɐ s j ɛ n̪ d̪ ɐ
hasyenda	h ɐ ʃ ɛ n̪ d̪ ɐ
hatak	h aː t̪ ɐ k̚
hatak	h ɐ t̪ a k̚
hatakin	h ɐ t̪ aː x ɪ n̪
hataw	h aː t̪ a ʊ̯
hatdog	h a t̪ d̪ o ɡ̚
hati	h aː t̪ ɪ
hati	h aː t̪ ɪ ʔ
hati	h ɐ t̪ ɪ ʔ
hatid	h ɐ t̪ ɪ d̪̚
hatiin	h ɐ t̪ iː ʔ ɪ n̪
hatiin	h ɐ t̪ ɪ ʔ ɪ n̪
hatimbilang	h ɐ t̪ ɪ m b iː l ɐ ŋ
hatimbutod	h aː t̪ ɪ m b ʊ t̪ o d̪̚
hatinggabi	h aː t̪ ɪ ŋ ɡ ɐ b ɛ
hatinggabi	h aː t̪ ɪ ŋ ɡ ɐ b ɪ
hatinig	h ɐ t̪ iː n̪ ɪ ɡ̚
hatinsihay	h aː t̪ ɪ n̪ s iː h a ɪ̯
hatkeik	h a t̪ k e ɪ̯ k
hatkeyk	h a t̪ k e ɪ̯ k
hatol	h aː t̪ o l
hatset	h a t̪ s ɛ t̪̚
hatset	h aː t͡ʃ ɛ t̪̚
hatsing	h ɐ t t͡ʃ ɪ ŋ
hatsing	h ɐ t̪ s ɪ ŋ
haula	h a ʊ̯ l ɐ
havey	h ɐ b e ɪ̯
havey	h ɐ v e ɪ̯
haw	h a ʊ̯
hawa	h aː w ɐ
hawa	h aː w ɐ ʔ
hawak	h aː w ɐ k̚
hawakan	h ɐ w aː x ɐ n̪
hawakan	h ɐ w ɐ x a n̪
hawi	h aː w ɪ ʔ
hawi	h ɐ w ɪ ʔ
hawig	h aː w ɪ ɡ̚
hawig	h ɐ w ɪ ɡ̚
hawla	h a ʊ̯ l ɐ
hawong	h ɐ w o ŋ
hawsiyaw	h a ʊ̯ s j a ʊ̯
hawsiyaw	h a ʊ̯ ʃ a ʊ̯
hawsyaw	h a ʊ̯ s j a ʊ̯
hawsyaw	h a ʊ̯ ʃ a ʊ̯
hay	h a ɪ̯
haya	h aː j ɐ ʔ
hayaan	h ɐ j aː ʔ ɐ n̪
hayag	h aː j ɐ ɡ̚
hayag	h ɐ j a ɡ̚
hayaghimuan	h ɐ j ɐ ɡ h ɪ m uː ʔ ɐ n̪
hayahay	h ɐ j aː h a ɪ̯
hayan	h ɐ j a n̪
hayblad	h a ɪ̯ b l ɐ d̪̚
haybol	h a ɪ̯ b o l
haybulog	h a ɪ̯ b uː l o ɡ̚
haydrodyen	h a ɪ̯ d̪ ɾ o d d͡ʒ ɛ n̪
haydrodyen	h a ɪ̯ d̪ ɾ o d̪ j ɛ n̪
haydrodyin	h a ɪ̯ d̪ ɾ o d d͡ʒ ɪ n̪
haydrodyin	h a ɪ̯ d̪ ɾ o d̪ j ɪ n̪
hayin	h aː j ɪ n̪
haykap	h a ɪ̯ x a p̚
hayku	h a ɪ̯ x ʊ
haykulay	h a ɪ̯ x uː l a ɪ̯
haylayt	h a ɪ̯ l a ɪ̯ t̪
haymabu	h a ɪ̯ m ɐ b ʊ
haynayan	h a ɪ̯ n̪ aː j ɐ n̪
hayok	h aː j o k̚
hayok	h ɐ j o k̚
hayon	h ɐ j o n̪
hayop	h aː j o p̚
haypotesis	h a ɪ̯ p oː t̪ ɛ s ɪ s
haypotisis	h a ɪ̯ p oː t̪ ɪ s ɪ s
hayskul	h a ɪ̯ s k ʊ l
hayto	h a ɪ̯ t̪ o
haytunugan	h a ɪ̯ t̪ uː n̪ uː ɣ ɐ n̪
haywey	h a ɪ̯ w e ɪ̯
he	h ɛ
hebor	h ɛː b o ɾ
hedkuwarters	h ɛ d̪ k w a ɾ t̪ ə ɹ s
hedkwarters	h ɛ d̪ k w a ɾ t̪ ə ɹ s
hedonismo	h ɛ d̪ o n̪ i s m o
hegemoniya	h ɛ ɣ ɛ m o n̪ iː j ɐ
hegemonya	h ɛ ɣ ɛ m o n̪ j ɐ
hegemonya	h ɛ ɣ ɛ m oː ɲ ɐ
heke	h ɛː x ɛ
heklat	h ɛ k l ɐ t̪̚
heko	h ɛː x o
hektarea	h ɛ k t̪ aː ɾ j ɐ
hektarea	h ɛ k t̪ aː ɾ ɛ j a
hektarya	h ɛ k t̪ a ɾ j ɐ
hektometro	h ɛ k t̪ o m ɛ t̪ ɾ o
hele	h ɛː l ɛ
helera	h ɛ l ɛː ɾ ɐ
helikopter	h ɛ l ɪ x o p t̪ ɛ ɾ
helikoptero	h ɛ l ɪ x o p t̪ ɛ ɾ o
helmet	h ɛ l m ɛ t̪̚
hemisperyo	h ɛ m ɪ s p ɛ ɾ j o
hendarme	h ɛ n̪ d̪ a ɾ m ɛ
hene	h ɛː n̪ ɛ
henealohiya	h ɛ n̪ ɛ j ɐ l o h iː j ɐ
henerador	h ɛ n̪ ɛ ɾ ɐ d̪ o ɾ
heneral	h ɛ n̪ ɛ ɾ a l
henerala	h ɛ n̪ ɛ ɾ aː l ɐ
henerales	h ɛ n̪ ɛ ɾ aː l ɛ s
henerasyon	h ɛ n̪ ɛ ɾ ɐ s j o n̪
henerasyon	h ɛ n̪ ɛ ɾ ɐ ʃ o n̪
henetika	h ɛ n̪ ɛː t̪ ɪ x a
hentai	h ɛ n̪ t̪ a ɪ̯
henyo	h ɛ n̪ j o
henyo	h ɛː ɲ o
heodesya	h ɛ j o d̪ ɛ s j ɐ
heodesya	h ɛ j o d̪ ɛː ʃ ɐ
heograpiko	h ɛ j o ɡ ɾ aː p ɪ x o
heograpiya	h ɛ j o ɡ ɾ ɐ p iː j ɐ
heograpo	h ɛ j oː ɡ ɾ ɐ p o
heograpya	h ɛ j o ɡ ɾ ɐ p j a
heologo	h ɛ j oː l o ɣ o
heolohiya	h ɛ j o l o h iː j ɐ
heometriya	h ɛ j o m ɛ t̪ ɾ iː j ɐ
heosiyensiya	h ɛ j o s j ɛ n̪ s j ɐ
heosiyensiya	h ɛ j o ʃ ɛ n̪ ʃ ɐ
hepa	h ɛː p ɐ
hepalog	h ɛː p ɐ l o ɡ̚
hepe	h ɛː p ɛ
heranyo	h ɛ ɾ a n̪ j o
heranyo	h ɛ ɾ aː ɲ o
herarkiya	h ɛ ɾ ɐ ɾ k iː j ɐ
herbabuwena	h ɛ ɾ b ɐ b w ɛː n̪ ɐ
heringgilya	h ɛ ɾ ɪ ŋ ɡ i l j ɐ
hero	h ɛː ɾ o
heroglipiko	h ɛ ɾ o ɡ l iː p ɪ x o
heron	h ɛ ɾ o n̪
hesitante	h ɛ s ɪ t̪ a n̪ t̪ ɛ
hesitasyon	h ɛ s ɪ t̪ ɐ s j o n̪
hesitasyon	h ɛ s ɪ t̪ ɐ ʃ o n̪
hesusmaryosep	h ɛ s u s m ɐ ɾ j oː s ɛ p̚
heto	h ɛː t̪ o
heyograpiya	h ɛ j o ɡ ɾ ɐ p iː j ɐ
hibang	h iː b ɐ ŋ
hibang	h ɪ b a ŋ
hibat	h iː b ɐ t̪̚
hibaybay	h ɪ b a ɪ̯ b a ɪ̯
hibi	h iː b ɪ
hibi	h ɪ b ɪ ʔ
hibla	h ɪ b l a
hiblay	h ɪ b l a ɪ̯
hibnan	h ɪ b n̪ a n̪
hibnin	h ɪ b n̪ ɪ n̪
hibo	h iː b o ʔ
hibya	h i b j ɐ
hidman	h ɪ d̪ m a n̪
hidmin	h ɪ d̪ m ɪ n̪
hidroheno	h ɪ d̪ ɾ oː h ɛ n̪ o
hidwa	h ɪ d̪ w a ʔ
hidwaan	h ɪ d̪ w aː ʔ ɐ n̪
higa	h ɪ ɣ a ʔ
higaan	h ɪ ɣ aː ʔ ɐ n̪
higaan	h ɪ ɣ ɐ ʔ a n̪
higad	h iː ɣ ɐ d̪̚
higanta	h ɪ ɣ a n̪ t̪ ɐ
higante	h ɪ ɣ a n̪ t̪ ɛ
higanti	h ɪ ɣ ɐ n̪ t̪ ɪ
higit	h ɪ ɣ ɪ t̪̚
higlikas	h ɪ ɡ l ɪ x a s
higop	h iː ɣ o p̚
higote	h ɪ ɣ oː t̪ ɛ
higpit	h ɪ ɡ p ɪ t̪̚
higsipnayan	h ɪ ɡ s ɪ p n̪ aː j ɐ n̪
higtangkas	h ɪ ɡ t̪ ɐ ŋ k a s
higtao	h ɪ ɡ t̪ aː ʔ o
higute	h ɪ ɣ uː t̪ ɛ
hihip	h iː h ɪ p̚
hihip	h ɪ h ɪ p̚
hihipan	h ɪ h iː p ɐ n̪
hihipan	h ɪ h ɪ p a n̪
hiin	h ɪ ʔ ɪ n̪
hijab	h ɪ d̪ j a b̚
hijab	h ɪ d͡ʒ a b̚
hika	h iː x ɐ
hika	h iː x ɐ ʔ
hikab	h ɪ x a b̚
hikahos	h ɪ x aː h o s
hikahos	h ɪ x ɐ h o s
hikama	h iː x ɐ m a
hikaw	h iː x a ʊ̯
hikayat	h ɪ x aː j ɐ t̪̚
hikbi	h ɪ k b ɪ
hikbi	h ɪ k b ɪ ʔ
hiklas	h ɪ k l a s
hiklat	h ɛ k l ɐ t̪̚
hiklat	h ɪ k l a t̪̚
hikmat	h ɪ k m a t̪̚
hila	h iː l ɐ
hilab	h iː l ɐ b̚
hilabigat	h iː l ɐ b ɪ ɣ a t̪̚
hilaga	h ɪ l aː ɣ ɐ ʔ
hilagadya	h ɪ l ɐ ɣ ɐ d d͡ʒ a
hilagadya	h ɪ l ɐ ɣ ɐ d̪ j a
hilaganya	h ɪ l ɐ ɣ ɐ n ɲ a
hilaganya	h ɪ l ɐ ɣ ɐ n̪ j a
hilagarya	h ɪ l ɐ ɣ ɐ ɾ j a
hilahid	h ɪ l aː h ɪ d̪̚
hilahil	h ɪ l aː h ɪ l
hilahil	h ɪ l ɐ h ɪ l
hilako	h ɪ l ɐ x o ʔ
hilam	h iː l ɐ m
hilam	h ɪ l a m
hilamos	h ɪ l aː m o s
hilata	h ɪ l aː t̪ ɐ ʔ
hilata	h ɪ l ɐ t̪ a ʔ
hilatmata	h iː l ɐ t̪ m ɐ t̪ a
hilatsa	h ɪ l a t̪ s ɐ
hilatsa	h ɪ l aː t͡ʃ ɐ
hilatsa	h ɪ l ɐ t t͡ʃ a
hilatsa	h ɪ l ɐ t̪ s a
hilaw	h ɪ l a ʊ̯
hilera	h ɪ l ɛː ɾ ɐ
hilig	h iː l ɪ ɡ̚
hilig	h ɪ l ɪ ɡ̚
hilihid	h ɪ l iː h ɪ d̪̚
hilihid	h ɪ l ɪ h ɪ d̪̚
hilik	h ɪ l ɪ k̚
hiling	h ɪ l ɪ ŋ
hilis	h iː l ɪ s
hilis	h ɪ l ɪ s
hilo	h iː l o
hilo	h ɪ l o
hilod	h iː l o d̪̚
hilom	h iː l o m
hilom	h ɪ l o m
hilot	h iː l o t̪̚
himagas	h ɪ m aː ɣ ɐ s
himagsik	h ɪ m ɐ ɡ s ɪ k̚
himagsikan	h ɪ m ɐ ɡ s iː x ɐ n̪
himakas	h ɪ m ɐ x a s
himala	h ɪ m ɐ l a ʔ
himalad	h ɪ m aː l ɐ d̪̚
himalak	h ɪ m aː l ɐ k̚
himanting	h ɪ m ɐ n̪ t̪ ɪ ŋ
himas	h iː m ɐ s
himas	h ɪ m a s
himasmas	h ɪ m ɐ s m a s
himasok	h ɪ m aː s o k̚
himatay	h ɪ m ɐ t̪ a ɪ̯
himatayin	h ɪ m ɐ t̪ aː j ɪ n̪
himawis	h ɪ m aː w ɪ s
himay	h iː m a ɪ̯
himay	h ɪ m a ɪ̯
himbabahay	h ɪ m b ɐ b aː h a ɪ̯
himbak	h ɪ m b a k̚
himbing	h ɪ m b ɪ ŋ
himbubuli	h ɪ m b ʊ b uː l ɪ
himbubuli	h ɪ m b ʊ b ʊ l ɪ
himig	h iː m ɪ ɡ̚
himlay	h ɪ m l a ɪ̯
himnaryo	h ɪ m n̪ a ɾ j o
himnasta	h ɪ m n̪ a s t̪ ɐ
himnasya	h ɪ m n̪ a s j ɐ
himnasya	h ɪ m n̪ aː ʃ ɐ
himnasyo	h ɪ m n̪ a s j o
himnasyo	h ɪ m n̪ aː ʃ o
himno	h i m n̪ o
himo	h iː m o ʔ
himod	h iː m o d̪̚
himod	h ɪ m o d̪̚
himok	h iː m o k̚
himok	h ɪ m o k̚
himpak	h ɪ m p a k̚
himpapawid	h ɪ m p ɐ p ɐ w ɪ d̪̚
himpapawir	h ɪ m p ɐ p ɐ w ɪ ɾ
himpapayid	h ɪ m p ɐ p ɐ j ɪ d̪̚
himpil	h ɪ m p ɪ l
himpilan	h ɪ m p iː l ɐ n̪
himpilan	h ɪ m p ɪ l a n̪
himuti	h ɪ m uː t̪ ɪ
himuti	h ɪ m ʊ t̪ ɪ ʔ
himutok	h ɪ m ʊ t̪ o k̚
hina	h iː n̪ ɐ ʔ
hinagkan	h ɪ n̪ ɐ ɡ k a n̪
hinagpis	h ɪ n̪ ɐ ɡ p ɪ s
hinahabol	h ɪ n̪ ɐ h aː b o l
hinahagkan	h ɪ n̪ aː h ɐ ɡ k a n̪
hinaharap	h ɪ n̪ aː h ɐ ɾ a p̚
hinahon	h ɪ n̪ aː h o n̪
hinaing	h ɪ n̪ ɐ ʔ ɪ ŋ
hinakdal	h ɪ n̪ ɐ k d̪ a l
hinakot	h ɪ n̪ aː x o t̪̚
hinala	h ɪ n̪ aː l ɐ ʔ
hinampalan	h ɪ n̪ ɐ m p aː l ɐ n̪
hinampalan	h ɪ n̪ ɐ m p ɐ l a n̪
hinanakit	h ɪ n̪ ɐ n̪ ɐ x ɪ t̪̚
hinang	h iː n̪ ɐ ŋ
hinas	h iː n̪ ɐ s
hinaw	h iː n̪ a ʊ̯
hinaw	h ɪ n̪ a ʊ̯
hinay	h iː n̪ a ɪ̯
hinayang	h ɪ n̪ aː j ɐ ŋ
hinayupak	h ɪ n̪ ɐ j uː p ɐ k̚
hindi	h ɪ n̪ d̪ ɛ ʔ
hindi	h ɪ n̪ d̪ ɪ ʔ
hindik	h ɪ n̪ d̪ ɪ k̚
hindiriki	h ɪ n̪ d̪ ɪ ɾ ɪ x ɪ ʔ
hindot	h ɪ n̪ d̪ o t̪̚
hindurugo	h ɪ n̪ d̪ ʊ ɾ uː ɣ o ʔ
hindurugo	h ɪ n̪ d̪ ʊ ɾ ʊ ɣ o ʔ
hinebra	h ɪ n̪ ɛː b ɾ ɐ
hinete	h ɪ n̪ ɛː t̪ ɛ
hinga	h ɪ ŋ a
hingal	h iː ŋ ɐ l
hingal	h ɪ ŋ a l
hingalay	h ɪ ŋ aː l a ɪ̯
hingalin	h ɪ ŋ aː l ɪ n̪
hingalo	h ɪ ŋ ɐ l o ʔ
hingan	h ɪ ŋ a n̪
hinggigitna	h ɪ ŋ ɡ ɪ ɣ ɪ t̪ n̪ a ʔ
hinggil	h ɪ ŋ ɡ ɪ l
hingi	h ɪ ŋ ɪ ʔ
hingin	h ɪ ŋ ɪ n̪
hingka	h ɪ ŋ k a
hinguha	h ɪ ŋ uː h ɐ
hinguto	h ɪ ŋ uː t̪ o
hinhin	h ɪ n̪ h ɪ n̪
hinihipan	h ɪ n̪ ɪ h iː p ɐ n̪
hinihipan	h ɪ n̪ ɪ h ɪ p a n̪
hininga	h ɪ n̪ ɪ ŋ a
hininik	h ɪ n̪ ɪ n̪ ɪ k̚
hininikan	h ɪ n̪ ɪ n̪ ɪ x a n̪
hinlalaki	h ɪ n̪ l ɐ l ɐ x ɪ
hinlalato	h ɪ n̪ l ɐ l aː t̪ o ʔ
hinlalato	h ɪ n̪ l ɐ l ɐ t̪ o ʔ
hinliliit	h ɪ n̪ l ɪ l ɪ ʔ ɪ t̪̚
hinlog	h ɪ n̪ l o ɡ̚
hinog	h ɪ n̪ o ɡ̚
hinsa	h ɪ n̪ s a
hintakot	h ɪ n̪ t̪ aː x o t̪̚
hintay	h ɪ n̪ t̪ a ɪ̯
hintayin	h ɪ n̪ t̪ ɐ j ɪ n̪
hintin	h ɪ n̪ t̪ ɪ n̪
hinto	h ɪ n̪ t̪ o ʔ
hintuan	h ɪ n̪ t̪ uː ʔ ɐ n̪
hintuan	h ɪ n̪ t̪ ʊ ʔ a n̪
hintutubi	h ɪ n̪ t̪ ʊ t̪ ʊ b ɪ
hintuturo	h ɪ n̪ t̪ ʊ t̪ uː ɾ o ʔ
hinudas	h ɪ n̪ uː d̪ ɐ s
hinuha	h ɪ n̪ uː h ɐ
hinuha	h ɪ n̪ uː h ɐ ʔ
hinuhod	h ɪ n̪ uː h o d̪̚
hinyango	h ɪ n ɲ aː ŋ o ʔ
hinyango	h ɪ n̪ j aː ŋ o ʔ
hinyayango	h ɪ n ɲ ɐ j aː ŋ o ʔ
hinyayango	h ɪ n̪ j ɐ j aː ŋ o ʔ
hinyebra	h ɪ n ɲ ɛː b ɾ ɐ
hinyebra	h ɪ n̪ j ɛː b ɾ ɐ
hip	h ɪ p̚
hipag	h iː p ɐ ɡ̚
hipan	h iː p ɐ n̪
hipig	h ɪ p ɪ ɡ̚
hipik	h ɪ p ɪ k̚
hipno	h ɪ p n̪ o
hipno	h ɪ p n̪ o ʔ
hipnosis	h ɪ p n̪ oː s ɪ s
hipo	h iː p o ʔ
hipokondriya	h ɪ p o x o n̪ d̪ ɾ j ɐ
hipokrito	h ɪ p o k ɾ ɪ t̪ o
hipon	h iː p o n̪
hira	h iː ɾ ɐ
hira	h ɪ ɾ a
hira	h ɪ ɾ a ʔ
hiram	h ɪ ɾ a m
hiraman	h ɪ ɾ ɐ m a n̪
hiramin	h ɪ ɾ ɐ m ɪ n̪
hirandula	h ɪ ɾ a n̪ d̪ ʊ l a
hirang	h iː ɾ ɐ ŋ
hirang	h ɪ ɾ a ŋ
hirap	h iː ɾ ɐ p̚
hirap	h ɪ ɾ a p̚
hirapa	h ɪ ɾ aː p ɐ
hirape	h ɪ ɾ aː p ɛ
hirasol	h ɪ ɾ ɐ s o l
hirat	h iː ɾ ɐ t̪̚
hiraya	h ɪ ɾ aː j ɐ ʔ
hirin	h iː ɾ ɪ n̪
hiringgilya	h ɪ ɾ ɪ ŋ ɡ i l j ɐ
hirit	h iː ɾ ɪ t̪̚
hirman	h ɪ ɾ m a n̪
hirmin	h ɪ ɾ m ɪ n̪
hiro	h iː ɾ o
hirol	h iː ɾ o l
hiso	h iː s o ʔ
historikal	h ɪ s t̪ o ɾ ɪ x a l
historya	h ɪ s t̪ o ɾ j ɐ
historyador	h ɪ s t̪ o ɾ j ɐ d̪ o ɾ
historyograpiya	h ɪ s t̪ o ɾ j o ɡ ɾ ɐ p iː j ɐ
hita	h iː t̪ ɐ ʔ
hita	h ɪ t̪ a ʔ
hitad	h iː t̪ ɐ d̪̚
hitad	h ɪ t̪ a d̪̚
hitam	h iː t̪ ɐ m
hitam	h ɪ t̪ a m
hitambal	h ɪ t̪ ɐ m b a l
hithit	h ɪ t̪ h ɪ t̪̚
hithitin	h ɪ t̪ h ɪ t̪ ɪ n̪
hitik	h iː t̪ ɪ k̚
hitik	h ɪ t̪ ɪ k̚
hito	h iː t̪ o ʔ
hitso	h ɪ t t͡ʃ o
hitso	h ɪ t̪ s o
hitsura	h ɪ t t͡ʃ uː ɾ ɐ
hitsura	h ɪ t̪ s uː ɾ ɐ
hiugat	h ɪ ʔ ʊ ɣ a t̪̚
hiwa	h iː w ɐ ʔ
hiwa	h ɪ w a ʔ
hiwaga	h ɪ w aː ɣ ɐ ʔ
hiwalay	h ɪ w aː l a ɪ̯
hiwalay	h ɪ w ɐ l a ɪ̯
hiwas	h ɪ w a s
hiwatig	h ɪ w aː t̪ ɪ ɡ̚
hiwis	h ɪ w ɪ s
hiya	h j a
hiya	h j a ʔ
hiyain	h j ɐ ʔ ɪ n̪
hiyang	h j a ŋ
hiyas	h j a s
hiyaw	h j a ʊ̯
hiyin	h ɪ j ɪ n̪
hiyip	h ɪ j ɪ p̚
hiyo	h j o
hiyo	h j o ʔ
ho	h o
ho	h o ʔ
hokage	h o x aː ɣ ɛ
hokage	h oː x ɐ ɣ ɛ
holdap	h o l d̪ ɐ p̚
holdaper	h o l d̪ aː p ɛ ɾ
holen	h oː l ɛ n̪
homiliya	h o m ɪ l iː j ɐ
homoseksuwal	h o m o s ɛ k s w a l
homoseksuwalidad	h o m o s ɛ k s w ɐ l ɪ d̪ a d̪̚
homosekswal	h o m o s ɛ k s w a l
homosekswalidad	h o m o s ɛ k s w ɐ l ɪ d̪ a d̪̚
hop	h o p̚
hopia	h o p j ɐ ʔ
hopya	h o p j ɐ ʔ
hornal	h o ɾ n̪ a l
hornalan	h o ɾ n̪ aː l ɐ n̪
hornalan	h o ɾ n̪ ɐ l a n̪
horoskop	h oː ɾ o s k o p̚
hostes	h o s t̪ ɛ s
hota	h oː t̪ ɐ
hotel	h o t̪ ɛ l
hototay	h o t̪ oː t̪ a ɪ̯
hotsilog	h a t̪ s ɪ l o ɡ̚
howe	h oː w ɛ
hoy	h o ɪ̯
huat	h ʊ ʔ a t̪̚
hubad	h ʊ b a d̪̚
hubadera	h ʊ b ɐ d̪ ɛː ɾ ɐ
hubo	h uː b o ʔ
hubo	h ʊ b o ʔ
hubog	h uː b o ɡ̚
hubog	h ʊ b o ɡ̚
hudas	h uː d̪ ɐ s
hudasin	h ʊ d̪ aː s ɪ n̪
hudikatura	h ʊ d̪ ɪ x ɐ t̪ uː ɾ ɐ
hudo	h uː d̪ o
hudyat	h ʊ d d͡ʒ a t̪̚
hudyat	h ʊ d̪ j a t̪̚
huego	h w ɛː ɣ o
hugas	h uː ɣ ɐ s
hugasan	h ʊ ɣ aː s ɐ n̪
hugasan	h ʊ ɣ ɐ s a n̪
hugasin	h ʊ ɣ ɐ s ɪ n̪
hugis	h uː ɣ ɪ s
hugos	h uː ɣ o s
hugot	h uː ɣ o t̪̚
hugot	h ʊ ɣ o t̪̚
hugpong	h ʊ ɡ p o ŋ
huhot	h ʊ h o t̪̚
huhu	h uː h ʊ
huhutan	h uː h uː t̪ ɐ n̪
huhutan	h ʊ h uː t̪ ɐ n̪
huhutan	h ʊ h ʊ t̪ a n̪
hukay	h uː x a ɪ̯
hukayin	h ʊ x aː j ɪ n̪
hukbo	h ʊ k b o
hukbo	h ʊ k b o ʔ
hukom	h ʊ x o m
hukot	h uː x o t̪̚
hukot	h ʊ x o t̪̚
hukuman	h uː x uː m ɐ n̪
hukuman	h ʊ x uː m ɐ n̪
hukuman	h ʊ x ʊ m a n̪
hula	h uː l ɐ ʔ
hulagpos	h ʊ l ɐ ɡ p o s
hulapi	h ʊ l aː p ɪ ʔ
huli	h uː l ɪ
huli	h uː l ɪ ʔ
huli	h ʊ l ɪ
huli	h ʊ l ɪ ʔ
hulilip	h ʊ l iː l ɪ p̚
hulma	h ʊ l m a
hulmahin	h ʊ l m ɐ h ɪ n̪
hulo	h uː l o ʔ
hulo	h ʊ l o
hulog	h uː l o ɡ̚
hulog	h ʊ l o ɡ̚
huluna	h ʊ l uː n̪ ɐ
huma	h ʊ m a
humadlang	h ʊ m ɐ d̪ l̪ a ŋ
humagikgik	h ʊ m ɐ ɣ ɪ k ɡ ɪ k̚
humagikhik	h ʊ m ɐ ɣ ɪ k h ɪ k̚
humagulgol	h ʊ m ɐ ɣ ʊ l ɡ o l
humagulhol	h ʊ m ɐ ɣ ʊ l h o l
humalakhak	h ʊ m ɐ l ɐ k h a k̚
humalik	h ʊ m ɐ l ɪ k̚
humalili	h ʊ m ɐ l iː l ɪ
humaling	h ʊ m aː l ɪ ŋ
humaling	h ʊ m ɐ l ɪ ŋ
humanda	h ʊ m ɐ n̪ d̪ a ʔ
humandusay	h ʊ m ɐ n̪ d̪ uː s a ɪ̯
humano	h ʊ m aː n̪ o
humatsing	h ʊ m ɐ t t͡ʃ ɪ ŋ
humatsing	h ʊ m ɐ t̪ s ɪ ŋ
humawak	h ʊ m aː w ɐ k̚
humba	h ʊ m b a ʔ
humiga	h ʊ m ɪ ɣ a ʔ
humigit	h ʊ m ɪ ɣ ɪ t̪̚
humigop	h ʊ m iː ɣ o p̚
humihip	h ʊ m iː h ɪ p̚
humihip	h ʊ m ɪ h ɪ p̚
humilab	h ʊ m iː l ɐ b̚
humimas	h ʊ m iː m ɐ s
humina	h ʊ m iː n̪ ɐ ʔ
huminga	h ʊ m ɪ ŋ a
humingi	h ʊ m ɪ ŋ ɪ ʔ
huminto	h ʊ m ɪ n̪ t̪ o ʔ
humiram	h ʊ m ɪ ɾ a m
humirap	h ʊ m iː ɾ ɐ p̚
humpak	h ʊ m p a k̚
humpay	h ʊ m p a ɪ̯
humuthot	h ʊ m ʊ t̪ h o t̪̚
hunain	h ʊ n̪ aː ʔ ɪ n̪
hunghang	h ʊ ŋ h a ŋ
hungkag	h ʊ ŋ k a ɡ̚
huni	h uː n̪ ɪ
hunos	h uː n̪ o s
hunos	h ʊ n̪ o s
hunta	h u n̪ t̪ ɐ
hunta	h ʊ n̪ t̪ a
hunyango	h ʊ n ɲ aː ŋ o ʔ
hunyango	h ʊ n̪ j aː ŋ o ʔ
huo	h uː ʔ o
hupa	h uː p ɐ ʔ
hupa	h ʊ p a ʔ
hupaw	h uː p a ʊ̯
hupaw	h ʊ p a ʊ̯
hupot	h ʊ p o t̪̚
hurado	h ʊ ɾ aː d̪ o
huramentado	h ʊ ɾ ɐ m ɛ n̪ t̪ aː d̪ o
hurisdiksiyon	h ʊ ɾ ɪ s d̪ ɪ k s j o n̪
hurisdiksiyon	h ʊ ɾ ɪ s d̪ ɪ k ʃ o n̪
hurisdiksyon	h ʊ ɾ ɪ s d̪ i k s j o n̪
hurisdiksyon	h ʊ ɾ ɪ s d̪ i k ʃ o n̪
hurisprudensiya	h ʊ ɾ ɪ s p ɾ ʊ d̪ ɛ n̪ s j ɐ
hurisprudensiya	h ʊ ɾ ɪ s p ɾ ʊ d̪ ɛ n̪ ʃ ɐ
hurisprudensya	h ʊ ɾ ɪ s p ɾ ʊ d̪ ɛ n̪ s j ɐ
hurisprudensya	h ʊ ɾ ɪ s p ɾ ʊ d̪ ɛ n̪ ʃ ɐ
hurnal	h ʊ ɾ n̪ a l
hurnalan	h ʊ ɾ n̪ aː l ɐ n̪
hurnalan	h ʊ ɾ n̪ ɐ l a n̪
hurno	h ʊ ɾ n̪ o
husay	h uː s a ɪ̯
husay	h ʊ s a ɪ̯
husga	h ʊ s ɡ a
husgado	h ʊ s ɡ aː d̪ o
husgahan	h ʊ s ɡ ɐ h a n̪
husi	h uː s ɪ
hustisya	h ʊ s t̪ i s j ɐ
hustisya	h ʊ s t̪ iː ʃ ɐ
husto	h u s t̪ o
husto	h ʊ s t̪ o
hutan	h uː t̪ ɐ n̪
huthot	h ʊ t̪ h o t̪̚
huti	h uː t̪ ɪ
huwad	h w a d̪̚
huwag	h w a ɡ̚
huwag	w a ɡ̚
huwaho	h w aː h o
huwaran	h w aː ɾ ɐ n̪
huwas	h w a s
huwat	h w a t̪̚
huwataw	h w aː t̪ a ʊ̯
huwayo	h w aː j o ʔ
huwego	h w ɛː ɣ o
huwepe	h w ɛː p ɛ
huwes	h w ɛ s
huwes	w ɛ s
huweteng	h w ɛː t̪ ɛ ŋ
huweteng	w ɛː t̪ ɛ ŋ
huwiski	h w i s k ɪ
huwisyo	h w i s j o
huwisyo	h w iː ʃ o
huwisyo	w i s j o
huwisyo	w iː ʃ o
huy	h ʊ ɪ̯
huyad	h uː j ɐ d̪̚
huyong	h uː j o ŋ
huyong	h ʊ j o ŋ
hwego	h w ɛː ɣ o
iaanula	ʔ ɪ ʔ aː ʔ ɐ n̪ ʊ l a
iagpang	ʔ ɪ ʔ ɐ ɡ p a ŋ
iandar	ʔ ɪ ʔ ɐ n̪ d̪ a ɾ
ianula	ʔ ɪ ʔ ɐ n̪ ʊ l a
iba	ʔ iː b ɐ
iba	ʔ iː b ɐ ʔ
iba	ʔ ɪ b a
ibaba	ʔ ɪ b aː b ɐ ʔ
ibaba	ʔ ɪ b ɐ b a
ibaba	ʔ ɪ b ɐ b a ʔ
ibabaan	ʔ ɪ b ɐ b aː ʔ ɐ n̪
ibabaan	ʔ ɪ b ɐ b ɐ ʔ a n̪
ibabalik	ʔ ɪ b aː b ɐ l ɪ k̚
ibabaw	ʔ ɪ b aː b a ʊ̯
ibag	ʔ iː b ɐ ɡ̚
ibagsak	ʔ ɪ b ɐ ɡ s a k̚
ibahaw	ʔ ɪ b aː h a ʊ̯
ibahin	ʔ ɪ b ɐ h ɪ n̪
ibalatkayo	ʔ ɪ b ɐ l ɐ t̪ k ɐ j o ʔ
ibalik	ʔ ɪ b ɐ l ɪ k̚
ibangsilyo	ʔ ɪ b ɐ n̪ s i l j o
ibanto	ʔ ɪ b ɐ n̪ t̪ o ʔ
ibay	ʔ iː b a ɪ̯
ibayiw	ʔ ɪ b aː j ɪ ʊ̯
ibayo	ʔ ɪ b aː j o
ibayo	ʔ ɪ b ɐ j o
ibenta	ʔ ɪ b ɛ n̪ t̪ ɐ
ibibigay	ʔ ɪ b iː b ɪ ɣ a ɪ̯
ibig	ʔ iː b ɪ ɡ̚
ibigay	ʔ ɪ b ɪ ɣ a ɪ̯
ibigin	ʔ ɪ b iː ɣ ɪ n̪
ibili	ʔ ɪ b ɪ l ɪ
ibilis	ʔ ɪ b ɪ l ɪ s
ibinabalik	ʔ ɪ b ɪ n̪ aː b ɐ l ɪ k̚
ibinalik	ʔ ɪ b ɪ n̪ ɐ l ɪ k̚
ibinibigay	ʔ ɪ b ɪ n̪ iː b ɪ ɣ a ɪ̯
ibinigay	ʔ ɪ b ɪ n̪ ɪ ɣ a ɪ̯
ibintog	ʔ ɪ b ɪ n̪ t̪ o ɡ̚
ibis	ʔ iː b ɪ s
ibis	ʔ ɪ b ɪ s
ibon	ʔ iː b o n̪
ibos	ʔ iː b o s
iboto	ʔ ɪ b oː t̪ o
iboykot	ʔ ɪ b o ɪ̯ x o t̪̚
ibulagta	ʔ ɪ b ʊ l ɐ ɡ t̪ a ʔ
ibulgar	ʔ ɪ b ʊ l ɡ a ɾ
ibutod	ʔ ɪ b uː t̪ o d̪̚
ibutod	ʔ ɪ b ʊ t̪ o d̪̚
idalum	ʔ ɪ d̪ aː l ʊ m
idaos	ʔ ɪ d̪ aː ʔ o s
idausdos	ʔ ɪ d̪ ɐ ʔ ʊ s d̪ o s
idaw	ʔ iː d̪ a ʊ̯
idawit	ʔ ɪ d̪ aː w ɪ t̪̚
idea	ʔ ɪ d̪ ɛ j a
idea	ʔ ɪ d̪ ɛː j ɐ
ideal	ʔ ɪ d̪ ɛ j a l
idealismo	ʔ ɪ d̪ ɛ j ɐ l i s m o
idealista	ʔ ɪ d̪ ɛ j ɐ l i s t̪ ɐ
identidad	ʔ ɪ d̪ ɛ n̪ t̪ ɪ d̪ a d̪̚
identipika	ʔ ɪ d̪ ɛ n̪ t̪ ɪ p ɪ x a
identipikahin	ʔ ɪ d̪ ɛ n̪ t̪ ɪ p ɪ x ɐ h ɪ n̪
identipikasyon	ʔ ɪ d̪ ɛ n̪ t̪ ɪ p ɪ x ɐ s j o n̪
identipikasyon	ʔ ɪ d̪ ɛ n̪ t̪ ɪ p ɪ x ɐ ʃ o n̪
ideolohiya	ʔ ɪ d̪ ɛ j o l o h iː j ɐ
ideya	ʔ ɪ d̪ ɛ j a
ideya	ʔ ɪ d̪ ɛː j ɐ
ideyolohiya	ʔ ɪ d̪ ɛ j o l o h iː j ɐ
idi	ʔ ɪ d̪ ɪ
idikit	ʔ ɪ d̪ ɪ x ɪ t̪̚
idila	ʔ ɪ d̪ iː l ɐ ʔ
idlip	ʔ ɪ d̪ l̪ ɪ p̚
idolatriya	ʔ ɪ d̪ o l ɐ t̪ ɾ iː j ɐ
idolo	ʔ iː d̪ o l o
idra	ʔ iː d̪ ɾ ɐ
idroheno	ʔ ɪ d̪ ɾ oː h ɛ n̪ o
idrohino	ʔ ɪ d̪ ɾ oː h ɪ n̪ o
idyota	ʔ ɪ d d͡ʒ oː t̪ ɐ
idyota	ʔ ɪ d̪ j oː t̪ ɐ
iendoso	ʔ ɪ ʔ ɛ n̪ d̪ oː s o
iftar	ʔ ɪ f t̪ a ɾ
iftar	ʔ ɪ p t̪ a ɾ
igado	ʔ ɪ ɣ ɐ d̪ o
igan	ʔ iː ɣ ɐ n̪
igapos	ʔ ɪ ɣ aː p o s
igat	ʔ iː ɣ ɐ t̪̚
igaya	ʔ ɪ ɣ aː j ɐ
igba	ʔ ɪ ɡ b a
igbahan	ʔ ɪ ɡ b ɐ h a n̪
igera	ʔ ɪ ɣ ɛː ɾ ɐ
igi	ʔ iː ɣ ɪ
igib	ʔ ɪ ɣ ɪ b̚
igik	ʔ ɪ ɣ ɪ k̚
igkas	ʔ ɪ ɡ k a s
igkasin	ʔ ɪ ɡ k aː s ɪ n̪
iglap	ʔ ɪ ɡ l a p̚
iglesiya	ʔ ɪ ɡ l ɛː s j ɐ
iglesiya	ʔ ɪ ɡ l ɛː ʃ ɐ
iglesya	ʔ ɪ ɡ l ɛ s j ɐ
iglesya	ʔ ɪ ɡ l ɛː ʃ ɐ
ignoransiya	ʔ ɪ ɡ n̪ o ɾ a n̪ s j ɐ
ignoransiya	ʔ ɪ ɡ n̪ o ɾ a n̪ ʃ ɐ
ignoransya	ʔ ɪ ɡ n̪ o ɾ a n̪ s j ɐ
ignoransya	ʔ ɪ ɡ n̪ o ɾ a n̪ ʃ ɐ
ignorante	ʔ ɪ ɡ n̪ o ɾ a n̪ t̪ ɛ
igo	ʔ iː ɣ o ʔ
igop	ʔ iː ɣ o p̚
igsi	ʔ ɪ ɡ s ɪ ʔ
igtad	ʔ ɪ ɡ t̪ a d̪̚
igting	ʔ ɪ ɡ t̪ ɪ ŋ
igwaldad	ʔ ɪ ɡ w ɐ l d̪ a d̪̚
iha	ʔ iː h ɐ
ihada	ʔ ɪ h aː d̪ ɐ
ihado	ʔ ɪ h aː d̪ o
ihagis	ʔ ɪ h aː ɣ ɪ s
ihalili	ʔ ɪ h ɐ l iː l ɪ
ihalintulad	ʔ ɪ h ɐ l ɪ n̪ t̪ uː l ɐ d̪̚
ihambing	ʔ ɪ h ɐ m b ɪ ŋ
ihan	ʔ iː h ɐ n̪
ihandusay	ʔ ɪ h ɐ n̪ d̪ uː s a ɪ̯
ihanga	ʔ ɪ h aː ŋ ɐ ʔ
ihap	ʔ iː h ɐ p̚
ihaw	ʔ iː h a ʊ̯
ihi	ʔ iː h ɪ ʔ
ihi	ʔ ɪ h ɪ ʔ
ihian	ʔ ɪ h iː ʔ ɐ n̪
ihian	ʔ ɪ h ɪ ʔ a n̪
ihip	ʔ iː h ɪ p̚
ihiwalay	ʔ ɪ h ɪ w ɐ l a ɪ̯
ihiyene	ʔ ɪ h j ɛː n̪ ɛ
iho	ʔ iː h o
ihsan	ʔ ɪ s a n̪
ii	ʔ ɪ ʔ ɪ ʔ
iibig	ʔ ɪ ʔ iː b ɪ ɡ̚
iibigin	ʔ iː ʔ ɪ b iː ɣ ɪ n̪
iilan	ʔ iː ʔ ɪ l a n̪
iinog	ʔ iː ʔ iː n̪ o ɡ̚
iinog	ʔ ɪ ʔ iː n̪ o ɡ̚
iinom	ʔ iː ʔ ɪ n̪ o m
iisa	ʔ iː ʔ ɪ s a
iiyak	ʔ iː ʔ ɪ j a k̚
ika	ʔ iː x ɐ ʔ
ika	ʔ ɪ x a ʔ
ika'y	ʔ ɪ x a ɪ̯
ikaanim	ʔ ɪ x ɐ ʔ aː n̪ ɪ m
ikaapat	ʔ ɪ x ɐ ʔ aː p ɐ t̪̚
ikabalik	ʔ ɪ x ɐ b ɐ l ɪ k̚
ikabilanggo	ʔ ɪ x ɐ b ɪ l ɐ ŋ ɡ o ʔ
ikabit	ʔ ɪ x ɐ b ɪ t̪̚
ikadalawa	ʔ ɪ x ɐ d̪ ɐ l ɐ w a
ikadalawampu	ʔ ɪ x ɐ d̪ ɐ l ɐ w ɐ m p ʊ ʔ
ikagalak	ʔ ɪ x ɐ ɣ ɐ l a k̚
ikagalit	ʔ ɪ x ɐ ɣ aː l ɛ t̪̚
ikagalit	ʔ ɪ x ɐ ɣ aː l ɪ t̪̚
ikahon	ʔ ɪ x ɐ h o n̪
ikaisa	ʔ ɪ x ɐ ʔ ɪ s a
ikakasal	ʔ ɪ x aː x ɐ s a l
ikalabimpito	ʔ ɪ x ɐ l ɐ b i m p ɪ t̪ o
ikalabindalawa	ʔ ɪ x ɐ l ɐ b i n̪ d̪ ɐ l ɐ w a
ikalabingwalo	ʔ ɪ x ɐ l ɐ b i ŋ w ɐ l o
ikalabinlima	ʔ ɪ x ɐ l ɐ b i n̪ l ɪ m a
ikalabinsiyam	ʔ ɪ x ɐ l ɐ b i n̪ s j a m
ikalabinsiyam	ʔ ɪ x ɐ l ɐ b i n̪ ʃ a m
ikalabintatlo	ʔ ɪ x ɐ l ɐ b i n̪ t̪ ɐ t̪ l̪ o
ikalabog	ʔ ɪ x ɐ l ɐ b o ɡ̚
ikalat	ʔ ɪ x aː l ɐ t̪̚
ikalawa	ʔ ɪ x ɐ l ɐ w a
ikalima	ʔ ɪ x ɐ l ɪ m a
ikalwa	ʔ ɪ x ɐ l w a
ikanga	ʔ iː x ɐ ŋ a ʔ
ikanga	ʔ ɪ x aː ŋ ɐ ʔ
ikapayid	ʔ ɪ x ɐ p aː j ɪ d̪̚
ikapito	ʔ ɪ x ɐ p ɪ t̪ o
ikaralawa	ʔ ɪ x ɐ ɾ ɐ l ɐ w a
ikasampu	ʔ ɪ x ɐ s ɐ m p ʊ ʔ
ikasingko	ʔ ɪ x ɐ s i ŋ k o
ikasiyam	ʔ ɪ x ɐ s j a m
ikasiyam	ʔ ɪ x ɐ ʃ a m
ikatatlumpu	ʔ ɪ x ɐ t̪ ɐ t̪ l̪ ʊ m p ʊ ʔ
ikatha	ʔ ɪ x ɐ t̪ h a ʔ
ikatlo	ʔ ɪ x ɐ t̪ l̪ o
ikaw	ʔ ɪ x a ʊ̯
ikaw	ʔ ɪ x o ʊ̯
ikaw'y	ʔ ɪ x a ʊ̯ j
ikaw'y	ʔ ɪ x o ɪ̯
ikawalo	ʔ ɪ x ɐ w ɐ l o
ikay	ʔ iː x a ɪ̯
ikay	ʔ ɪ x a ɪ̯
ike'y	ʔ ɪ x e ɪ̯
iki	ʔ iː x ɪ ʔ
iki'y	ʔ ɪ x ɪ j
ikid	ʔ iː x ɪ d̪̚
ikinagagalak	ʔ ɪ x ɪ n̪ ɐ ɣ aː ɣ ɐ l a k̚
ikinalat	ʔ ɪ x ɪ n̪ aː l ɐ t̪̚
ikit	ʔ iː x ɪ t̪̚
ikli	ʔ ɪ k l ɪ ʔ
iklilat	ʔ ɪ k l iː l ɐ t̪̚
iklog	ʔ ɪ k l o ɡ̚
ikmo	ʔ ɪ k m o
iknat	ʔ ɪ k n̪ a t̪̚
ikog	ʔ iː x o ɡ̚
ikon	ʔ ɪ x o n̪
ikono	ʔ ɪ x oː n̪ o
ikonsidera	ʔ ɪ x o n̪ s ɪ d̪ ɛ ɾ a
ikot	ʔ iː x o t̪̚
iksi	ʔ ɪ k s ɪ ʔ
ikuha	ʔ ɪ x uː h ɐ
ikunwa	ʔ ɪ x ʊ n̪ w a ʔ
ikwilateral	ʔ ɪ k w ɪ l aː t̪ ɛ ɾ a l
ikwinoks	ʔ i k w ɪ n̪ o k s
ikyan	ʔ ɪ k j a n̪
ilabnaw	ʔ ɪ l ɐ b n̪ a ʊ̯
ilado	ʔ ɪ l aː d̪ o
ilag	ʔ iː l ɐ ɡ̚
ilag	ʔ ɪ l a ɡ̚
ilaganap	ʔ ɪ l ɐ ɣ aː n̪ ɐ p̚
ilagay	ʔ ɪ l ɐ ɣ a ɪ̯
ilaglag	ʔ ɪ l ɐ ɡ l a ɡ̚
ilahok	ʔ ɪ l ɐ h o k̚
ilakas	ʔ ɪ l ɐ x a s
ilalim	ʔ ɪ l aː l ɪ m
ilam	ʔ ɪ l a m
ilampas	ʔ ɪ l ɐ m p a s
ilan	ʔ ɪ l a n̪
ilang	ʔ ɪ l a ŋ
ilantad	ʔ ɪ l ɐ n̪ t̪ a d̪̚
ilap	ʔ ɪ l a p̚
ilapit	ʔ ɪ l aː p ɪ t̪̚
ilat	ʔ iː l ɐ t̪̚
ilaw	ʔ iː l a ʊ̯
ilawak	ʔ ɪ l aː w ɐ k̚
ilawan	ʔ ɪ l aː w ɐ n̪
ilawan	ʔ ɪ l ɐ w a n̪
ilay	ʔ iː l a ɪ̯
ilaya	ʔ ɪ l aː j ɐ
ilaya	ʔ ɪ l aː j ɐ ʔ
ilayahin	ʔ ɪ l ɐ j aː h ɪ n̪
ilayahin	ʔ ɪ l ɐ j ɐ h ɪ n̪
ilegal	ʔ ɪ l ɛ ɣ a l
ilegalidad	ʔ ɪ l ɛ ɣ ɐ l ɪ d̪ a d̪̚
ilehitimo	ʔ ɪ l ɛ h iː t̪ ɪ m o
ilera	ʔ ɪ l ɛː ɾ ɐ
ilihis	ʔ ɪ l ɪ h ɪ s
ilikas	ʔ ɪ l iː x ɐ s
ilikha	ʔ ɪ l ɪ k h a ʔ
iliko	ʔ ɪ l ɪ x o ʔ
iling	ʔ ɪ l ɪ ŋ
iliterasiya	ʔ ɪ l ɪ t̪ ɛ ɾ ɐ s iː j ɐ
iliterasya	ʔ ɪ l ɪ t̪ ɛ ɾ a s j ɐ
iliterasya	ʔ ɪ l ɪ t̪ ɛ ɾ aː ʃ ɐ
iliteret	ʔ ɪ l iː t̪ ɛ ɾ ɛ t̪̚
ilitereyt	ʔ ɪ l iː t̪ ɛ ɾ e ɪ̯ t̪
iliw	ʔ iː l ɪ ʊ̯
ilo	ʔ iː l o
ilo	ʔ ɪ l o
ilog	ʔ iː l o ɡ̚
ilohikal	ʔ ɪ l o h ɪ x a l
ilohiko	ʔ ɪ l oː h ɪ x o
ilong	ʔ ɪ l o ŋ
ilot	ʔ ɪ l o t̪̚
ilubog	ʔ ɪ l ʊ b o ɡ̚
iluhog	ʔ ɪ l uː h o ɡ̚
iluminasyon	ʔ ɪ l ʊ m ɪ n̪ ɐ s j o n̪
iluminasyon	ʔ ɪ l ʊ m ɪ n̪ ɐ ʃ o n̪
ilusibo	ʔ ɪ l ʊ s iː b o
ilustrado	ʔ ɪ l ʊ s t̪ ɾ aː d̪ o
ilustrasyon	ʔ ɪ l ʊ s t̪ ɾ ɐ s j o n̪
ilustrasyon	ʔ ɪ l ʊ s t̪ ɾ ɐ ʃ o n̪
ilusyon	ʔ ɪ l ʊ s j o n̪
ilusyon	ʔ ɪ l ʊ ʃ o n̪
ilusyonista	ʔ ɪ l ʊ s j o n̪ i s t̪ ɐ
ilusyonista	ʔ ɪ l ʊ ʃ o n̪ i s t̪ ɐ
ilusyunista	ʔ ɪ l ʊ s j ʊ n̪ i s t̪ ɐ
ilusyunista	ʔ ɪ l ʊ ʃ ʊ n̪ i s t̪ ɐ
ima	ʔ ɪ m a ʔ
imahe	ʔ ɪ m aː h ɛ
imahen	ʔ ɪ m aː h ɛ n̪
imahinasyon	ʔ ɪ m ɐ h ɪ n̪ ɐ s j o n̪
imahinasyon	ʔ ɪ m ɐ h ɪ n̪ ɐ ʃ o n̪
imam	ʔ iː m ɐ m
imam	ʔ ɪ m a m
imayiw	ʔ ɪ m aː j ɪ ʊ̯
imayo	ʔ ɪ m aː j o
imbabaw	ʔ ɪ m b ɐ b a ʊ̯
imbak	ʔ ɪ m b a k̚
imbalido	ʔ ɪ m b aː l ɪ d̪ o
imbalsamo	ʔ ɪ m b a l s ɐ m o
imbayog	ʔ ɪ m b aː j o ɡ̚
imbentaryo	ʔ ɪ m b ɛ n̪ t̪ a ɾ j o
imbento	ʔ ɪ m b ɛ n̪ t̪ o
imbentuhin	ʔ ɪ m b ɛ n̪ t̪ ʊ h ɪ n̪
imbes	ʔ ɪ m b ɛ s
imbestigador	ʔ ɪ m b ɛ s t̪ ɪ ɣ ɐ d̪ o ɾ
imbestigasyon	ʔ ɪ m b ɛ s t̪ ɪ ɣ ɐ s j o n̪
imbestigasyon	ʔ ɪ m b ɛ s t̪ ɪ ɣ ɐ ʃ o n̪
imbis	ʔ ɪ m b ɪ s
imbisibilidad	ʔ ɪ m b ɪ s ɪ b ɪ l ɪ d̪ a d̪̚
imbisible	ʔ ɪ m b ɪ s iː b l ɛ
imbita	ʔ ɪ m b ɪ t̪ a
imbitado	ʔ ɪ m b ɪ t̪ aː d̪ o
imbiyerna	ʔ ɪ m b j ɛ ɾ n̪ ɐ
imbornal	ʔ ɪ m b o ɾ n̪ a l
imbot	ʔ ɪ m b o t̪̚
imbudo	ʔ ɪ m b uː d̪ o
imburnal	ʔ ɪ m b ʊ ɾ n̪ a l
imi	ʔ ɪ m ɪ ʔ
imid	ʔ ɪ m ɪ d̪̚
imigrante	ʔ ɪ m ɪ ɡ ɾ a n̪ t̪ ɛ
imigrasyon	ʔ ɪ m ɪ ɡ ɾ ɐ s j o n̪
imigrasyon	ʔ ɪ m ɪ ɡ ɾ ɐ ʃ o n̪
imik	ʔ ɪ m ɪ k̚
imis	ʔ iː m ɪ s
imis	ʔ ɪ m ɪ s
imnaryo	ʔ ɪ m n̪ a ɾ j o
imno	ʔ i m n̪ o
imoral	ʔ ɪ m o ɾ a l
imoralidad	ʔ ɪ m o ɾ ɐ l ɪ d̪ a d̪̚
imortalidad	ʔ ɪ m o ɾ t̪ ɐ l ɪ d̪ a d̪̚
imortalisasyon	ʔ ɪ m o ɾ t̪ ɐ l ɪ s ɐ s j o n̪
imortalisasyon	ʔ ɪ m o ɾ t̪ ɐ l ɪ s ɐ ʃ o n̪
imos	ʔ iː m o s
imoy	ʔ ɪ m o ɪ̯
impakto	ʔ ɪ m p a k t̪ o
impalasto	ʔ ɪ m p ɐ l a s t̪ o
impapawid	ʔ ɪ m p ɐ p ɐ w ɪ d̪̚
imparsiyal	ʔ ɪ m p ɐ ɾ s j a l
imparsiyal	ʔ ɪ m p ɐ ɾ ʃ a l
impatso	ʔ ɪ m p a t̪ s o
impatso	ʔ ɪ m p aː t͡ʃ o
impeksiyon	ʔ ɪ m p ɛ k s j o n̪
impeksiyon	ʔ ɪ m p ɛ k ʃ o n̪
impeksyon	ʔ ɪ m p ɛ k s j o n̪
impeksyon	ʔ ɪ m p ɛ k ʃ o n̪
impenyo	ʔ ɪ m p ɛ n̪ j o
impenyo	ʔ ɪ m p ɛː ɲ o
imperatibo	ʔ ɪ m p ɛ ɾ ɐ t̪ iː b o
imperdible	ʔ ɪ m p ɛ ɾ d̪ iː b l ɛ
imperensiya	ʔ ɪ m p ɛ ɾ ɛ n̪ s j ɐ
imperensiya	ʔ ɪ m p ɛ ɾ ɛ n̪ ʃ ɐ
imperpeksiyon	ʔ ɪ m p ɛ ɾ p ɛ k s j o n̪
imperpeksiyon	ʔ ɪ m p ɛ ɾ p ɛ k ʃ o n̪
impertinente	ʔ ɪ m p ɛ ɾ t̪ ɪ n̪ ɛ n̪ t̪ ɛ
imperyalismo	ʔ ɪ m p ɛ ɾ j ɐ l i s m o
imperyalista	ʔ ɪ m p ɛ ɾ j ɐ l i s t̪ ɐ
imperyo	ʔ ɪ m p ɛ ɾ j o
impilya	ʔ ɪ m p i l j ɐ
impinitibo	ʔ ɪ m p ɪ n̪ ɪ t̪ iː b o
impis	ʔ ɪ m p ɪ s
impit	ʔ ɪ m p ɪ t̪̚
impiyerno	ʔ ɪ m p j ɛ ɾ n̪ o
implamasyon	ʔ ɪ m p l ɐ m ɐ s j o n̪
implamasyon	ʔ ɪ m p l ɐ m ɐ ʃ o n̪
implasto	ʔ ɪ m p l a s t̪ o
implasyon	ʔ ɪ m p l ɐ s j o n̪
implasyon	ʔ ɪ m p l ɐ ʃ o n̪
implikasyon	ʔ ɪ m p l ɪ x ɐ s j o n̪
implikasyon	ʔ ɪ m p l ɪ x ɐ ʃ o n̪
impluwensiya	ʔ ɪ m p l w ɛ n̪ s iː j ɐ
impluwensiya	ʔ ɪ m p l w ɛ n̪ s j ɐ
impluwensiya	ʔ ɪ m p l w ɛ n̪ ʃ ɐ
impluwensya	ʔ ɪ m p l w ɛ n̪ s j ɐ
impluwensya	ʔ ɪ m p l w ɛ n̪ ʃ ɐ
implwensya	ʔ ɪ m p l w ɛ n̪ s j ɐ
implwensya	ʔ ɪ m p l w ɛ n̪ ʃ ɐ
impo	ʔ ɪ m p o
impok	ʔ ɪ m p o k̚
impormal	ʔ ɪ m p o ɾ m a l
impormante	ʔ ɪ m p o ɾ m a n̪ t̪ ɛ
impormasyon	ʔ ɪ m p o ɾ m ɐ s j o n̪
impormasyon	ʔ ɪ m p o ɾ m ɐ ʃ o n̪
importansiya	ʔ ɪ m p o ɾ t̪ a n̪ s j ɐ
importansiya	ʔ ɪ m p o ɾ t̪ a n̪ ʃ ɐ
importansya	ʔ ɪ m p o ɾ t̪ a n̪ s j ɐ
importansya	ʔ ɪ m p o ɾ t̪ a n̪ ʃ ɐ
importante	ʔ ɪ m p o ɾ t̪ a n̪ t̪ ɛ
importasyon	ʔ ɪ m p o ɾ t̪ ɐ s j o n̪
importasyon	ʔ ɪ m p o ɾ t̪ ɐ ʃ o n̪
imposibilidad	ʔ ɪ m p o s ɪ b ɪ l ɪ d̪ a d̪̚
imposible	ʔ ɪ m p o s iː b l ɛ
impraestruktura	ʔ ɪ m p ɾ ɐ ʔ ɛ s t̪ ɾ ʊ k t̪ uː ɾ ɐ
imprastraktura	ʔ ɪ m p ɾ ɐ s t̪ ɾ ɐ k t̪ uː ɾ ɐ
imprastruktura	ʔ ɪ m p ɾ ɐ s t̪ ɾ ʊ k t̪ uː ɾ ɐ
improbabilidad	ʔ ɪ m p ɾ o b ɐ b ɪ l ɪ d̪ a d̪̚
impunidad	ʔ ɪ m p ʊ n̪ ɪ d̪ a d̪̚
impunto	ʔ ɪ m p u n̪ t̪ o
impyerno	ʔ ɪ m p j ɛ ɾ n̪ o
imsalapitibo	ʔ ɪ m s ɐ l ɐ p ɪ t̪ iː b o
ina	ʔ ɪ n̪ a
ina	ʔ ɪ n̪ a ʔ
inaaaban	ʔ ɪ n̪ aː ʔ ɐ ʔ ɐ b a n̪
inaaban	ʔ ɪ n̪ ɐ ʔ ɐ b a n̪
inaabisuhan	ʔ ɪ n̪ aː ʔ ɐ b ɪ s uː h ɐ n̪
inaama	ʔ ɪ n̪ aː ʔ ɐ m a
inaamyendahan	ʔ ɪ n̪ aː ʔ ɐ m j ɛ n̪ d̪ ɐ h a n̪
inaanak	ʔ ɪ n̪ aː ʔ ɐ n̪ a k̚
inaantok	ʔ ɪ n̪ aː ʔ ɐ n̪ t̪ o k̚
inaanula	ʔ ɪ n̪ aː ʔ ɐ n̪ ʊ l a
inaarawan	ʔ ɪ n̪ ɐ ʔ ɐ ɾ aː w ɐ n̪
inabisuhan	ʔ ɪ n̪ ɐ b ɪ s uː h ɐ n̪
inabraw	ʔ ɪ n̪ ɐ b ɾ a ʊ̯
inag	ʔ iː n̪ ɐ ɡ̚
inagurasyon	ʔ ɪ n̪ ɐ ɣ ʊ ɾ ɐ s j o n̪
inagurasyon	ʔ ɪ n̪ ɐ ɣ ʊ ɾ ɐ ʃ o n̪
inahin	ʔ ɪ n̪ ɐ h ɪ n̪
inain	ʔ ɪ n̪ ɐ ʔ ɪ n̪
inakay	ʔ ɪ n̪ aː x a ɪ̯
inakay	ʔ ɪ n̪ ɐ x a ɪ̯
inam	ʔ iː n̪ ɐ m
inambato	ʔ ɪ n̪ a m b ɐ t̪ o
inampalan	ʔ ɪ n̪ ɐ m p aː l ɐ n̪
inampalan	ʔ ɪ n̪ ɐ m p ɐ l a n̪
inamyendahan	ʔ ɪ n̪ ɐ m j ɛ n̪ d̪ ɐ h a n̪
inana	ʔ ɪ n̪ aː n̪ ɐ
inanak	ʔ ɪ n̪ ɐ n̪ a k̚
inandiwa	ʔ ɪ n̪ ɐ n̪ d̪ iː w ɐ ʔ
inang	ʔ ɪ n̪ a ŋ
inangit	ʔ ɪ n̪ ɐ ŋ ɪ t̪̚
inano	ʔ ɪ n̪ aː n̪ o
inano	ʔ ɪ n̪ aː n̪ o ʔ
inano	ʔ ɪ n̪ ɐ n̪ o
inanula	ʔ ɪ n̪ ɐ n̪ ʊ l a
inapo	ʔ ɪ n̪ ɐ p o
inarawan	ʔ ɪ n̪ ɐ ɾ aː w ɐ n̪
inari	ʔ ɪ n̪ aː ɾ ɪ ʔ
inasal	ʔ ɪ n̪ aː s ɐ l
inasal	ʔ ɪ n̪ ɐ s a l
inat	ʔ iː n̪ ɐ t̪̚
inat	ʔ ɪ n̪ a t̪̚
inawak	ʔ ɪ n̪ ɐ w a k̚
inay	ʔ ɪ n̪ a ɪ̯
inbisibilidad	ʔ ɪ m b ɪ s ɪ b ɪ l ɪ d̪ a d̪̚
inda	ʔ ɪ n̪ d̪ a
inda	ʔ ɪ n̪ d̪ a ʔ
indahin	ʔ ɪ n̪ d̪ ɐ h ɪ n̪
indak	ʔ ɪ n̪ d̪ a k̚
inday	ʔ ɪ n̪ d̪ a ɪ̯
indayog	ʔ ɪ n̪ d̪ aː j o ɡ̚
indeks	ʔ i n̪ d̪ ɛ k s
indemnisasyon	ʔ ɪ n̪ d̪ ɛ m n̪ ɪ s ɐ s j o n̪
indemnisasyon	ʔ ɪ n̪ d̪ ɛ m n̪ ɪ s ɐ ʃ o n̪
independensiya	ʔ ɪ n̪ d̪ ɛ p ɛ n̪ d̪ ɛ n̪ s j ɐ
independensiya	ʔ ɪ n̪ d̪ ɛ p ɛ n̪ d̪ ɛ n̪ ʃ ɐ
independensya	ʔ ɪ n̪ d̪ ɛ p ɛ n̪ d̪ ɛ n̪ s j ɐ
independensya	ʔ ɪ n̪ d̪ ɛ p ɛ n̪ d̪ ɛ n̪ ʃ ɐ
independiyente	ʔ ɪ n̪ d̪ ɛ p ɛ n̪ d̪ j ɛ n̪ t̪ ɛ
independiyente	ʔ ɪ n̪ d̪ ɛ p ɛ n̪ d͡ʒ ɛ n̪ t̪ ɛ
independyente	ʔ ɪ n̪ d̪ ɛ p ɛ n̪ d̪ j ɛ n̪ t̪ ɛ
independyente	ʔ ɪ n̪ d̪ ɛ p ɛ n̪ d͡ʒ ɛ n̪ t̪ ɛ
indesente	ʔ ɪ n̪ d̪ ɛ s ɛ n̪ t̪ ɛ
indibidwal	ʔ ɪ n̪ d̪ ɪ b ɪ d̪ w a l
indibidwalidad	ʔ ɪ n̪ d̪ ɪ b ɪ d̪ w ɐ l ɪ d̪ a d̪̚
indibidwalismo	ʔ ɪ n̪ d̪ ɪ b ɪ d̪ w ɐ l i s m o
indignasyon	ʔ ɪ n̪ d̪ ɪ ɡ n̪ ɐ s j o n̪
indignasyon	ʔ ɪ n̪ d̪ ɪ ɡ n̪ ɐ ʃ o n̪
indikasyon	ʔ ɪ n̪ d̪ ɪ x ɐ s j o n̪
indikasyon	ʔ ɪ n̪ d̪ ɪ x ɐ ʃ o n̪
indiyan	ʔ i n̪ d̪ j ɐ n̪
indiyan	ʔ i n̪ d͡ʒ ɐ n̪
indiyo	ʔ ɪ n̪ d̪ j o
indiyo	ʔ ɪ n̪ d͡ʒ o
indoy	ʔ ɪ n̪ d̪ o ɪ̯
indulhensiya	ʔ ɪ n̪ d̪ ʊ l h ɛ n̪ s j ɐ
indulhensiya	ʔ ɪ n̪ d̪ ʊ l h ɛ n̪ ʃ ɐ
indulto	ʔ ɪ n̪ d̪ u l t̪ o
industriya	ʔ ɪ n̪ d̪ u s t̪ ɾ j ɐ
industriyal	ʔ ɪ n̪ d̪ ʊ s t̪ ɾ j a l
industriyalisasyon	ʔ ɪ n̪ d̪ ʊ s t̪ ɾ j ɐ l ɪ s ɐ s j o n̪
industriyalisasyon	ʔ ɪ n̪ d̪ ʊ s t̪ ɾ j ɐ l ɪ s ɐ ʃ o n̪
industriyalismo	ʔ ɪ n̪ d̪ ʊ s t̪ ɾ j ɐ l i s m o
industriyalista	ʔ ɪ n̪ d̪ ʊ s t̪ ɾ j ɐ l i s t̪ ɐ
ine	ʔ ɪ n̪ ɛ ʔ
ineemyendahan	ʔ ɪ n̪ ɛː ʔ ɛ m j ɛ n̪ d̪ ɐ h a n̪
ineksiyon	ʔ ɪ n̪ ɛ k s j o n̪
ineksiyon	ʔ ɪ n̪ ɛ k ʃ o n̪
ineksyon	ʔ ɪ n̪ ɛ k s j o n̪
ineksyon	ʔ ɪ n̪ ɛ k ʃ o n̪
inekwalidad	ʔ ɪ n̪ ɛ k w ɐ l ɪ d̪ a d̪̚
inemyendahan	ʔ ɪ n̪ ɛ m j ɛ n̪ d̪ ɐ h a n̪
ineng	ʔ ɪ n̪ ɛ ŋ
ingat	ʔ iː ŋ ɐ t̪̚
ingaw	ʔ ɪ ŋ a ʊ̯
ingay	ʔ iː ŋ a ɪ̯
inggit	ʔ ɪ ŋ ɡ ɪ t̪̚
inggitera	ʔ ɪ ŋ ɡ ɪ t̪ ɛː ɾ ɐ
inggitero	ʔ ɪ ŋ ɡ ɪ t̪ ɛː ɾ o
inggo	ʔ ɪ ŋ ɡ o
ingil	ʔ iː ŋ ɪ l
ingit	ʔ ɪ ŋ ɪ t̪̚
ingkilino	ʔ ɪ ŋ k ɪ l iː n̪ o
ingkirdiyon	ʔ ɪ ŋ k ɪ ɾ d̪ j o n̪
ingkirdiyon	ʔ ɪ ŋ k ɪ ɾ d͡ʒ o n̪
ingkirdyon	ʔ ɪ ŋ k ɪ ɾ d̪ j o n̪
ingkirdyon	ʔ ɪ ŋ k ɪ ɾ d͡ʒ o n̪
ingklinasyon	ʔ ɪ ŋ k l ɪ n̪ ɐ s j o n̪
ingklinasyon	ʔ ɪ ŋ k l ɪ n̪ ɐ ʃ o n̪
ingklitik	ʔ ɪ ŋ k l iː t̪ ɪ k̚
ingklusibo	ʔ ɪ ŋ k l ʊ s iː b o
ingklusyon	ʔ ɪ ŋ k l ʊ s j o n̪
ingklusyon	ʔ ɪ ŋ k l ʊ ʃ o n̪
ingkong	ʔ ɪ ŋ k o ŋ
ingkorporado	ʔ ɪ ŋ k o ɾ p o ɾ aː d̪ o
ingkorporasyon	ʔ ɪ ŋ k o ɾ p o ɾ ɐ s j o n̪
ingkorporasyon	ʔ ɪ ŋ k o ɾ p o ɾ ɐ ʃ o n̪
ingkubador	ʔ ɪ ŋ k ʊ b ɐ d̪ o ɾ
ingrata	ʔ ɪ ŋ ɡ ɾ aː t̪ ɐ
ingrato	ʔ ɪ ŋ ɡ ɾ aː t̪ o
ingreso	ʔ ɪ ŋ ɡ ɾ ɛː s o
ingudngod	ʔ ɪ ŋ ʊ d̪ ŋ o d̪̚
inhalador	ʔ ɪ n̪ h ɐ l ɐ d̪ o ɾ
inhenyeriya	ʔ ɪ n̪ h ɛ n ɲ ɛ ɾ iː j ɐ
inhenyeriya	ʔ ɪ n̪ h ɛ n̪ j ɛ ɾ iː j ɐ
inhenyero	ʔ ɪ n̪ h ɛ n ɲ ɛː ɾ o
inhenyero	ʔ ɪ n̪ h ɛ n̪ j ɛː ɾ o
inhinyeriya	ʔ ɪ n̪ h ɪ n ɲ ɛ ɾ iː j ɐ
inhinyeriya	ʔ ɪ n̪ h ɪ n̪ j ɛ ɾ iː j ɐ
inhinyero	ʔ ɪ n̪ h ɪ n ɲ ɛː ɾ o
inhinyero	ʔ ɪ n̪ h ɪ n̪ j ɛː ɾ o
inhustisya	ʔ ɪ n̪ h ʊ s t̪ i s j ɐ
inhustisya	ʔ ɪ n̪ h ʊ s t̪ iː ʃ ɐ
iniaanula	ʔ ɪ n̪ ɪ ʔ aː ʔ ɐ n̪ ʊ l a
inianula	ʔ ɪ n̪ ɪ ʔ ɐ n̪ ʊ l a
iniba	ʔ ɪ n̪ iː b ɐ ʔ
iniba	ʔ ɪ n̪ ɪ b a
inibig	ʔ ɪ n̪ iː b ɪ ɡ̚
inidoro	ʔ ɪ n̪ ɪ d̪ oː ɾ o
iniibig	ʔ ɪ n̪ iː ʔ iː b ɪ ɡ̚
iniibig	ʔ ɪ n̪ ɪ ʔ iː b ɪ ɡ̚
iniina	ʔ ɪ n̪ iː ʔ ɪ n̪ a
iniinom	ʔ ɪ n̪ iː ʔ ɪ n̪ o m
iniksiyon	ʔ ɪ n̪ ɪ k s j o n̪
iniksiyon	ʔ ɪ n̪ ɪ k ʃ o n̪
iniksyon	ʔ ɪ n̪ ɪ k s j o n̪
iniksyon	ʔ ɪ n̪ ɪ k ʃ o n̪
inilubog	ʔ ɪ n̪ ɪ l ʊ b o ɡ̚
inin	ʔ ɪ n̪ ɪ n̪
ining	ʔ ɪ n̪ ɪ ŋ
inip	ʔ ɪ n̪ ɪ p̚
inipit	ʔ ɪ n̪ iː p ɪ t̪̚
iniri	ʔ ɪ n̪ ɪ ɾ ɪ
inis	ʔ ɪ n̪ ɪ s
inisin	ʔ ɪ n̪ ɪ s ɪ n̪
inisyatiba	ʔ ɪ n̪ ɪ s j ɐ t̪ iː b ɐ
inisyatiba	ʔ ɪ n̪ ɪ ʃ ɐ t̪ iː b ɐ
inisyatibo	ʔ ɪ n̪ ɪ s j ɐ t̪ iː b o
inisyatibo	ʔ ɪ n̪ ɪ ʃ ɐ t̪ iː b o
init	ʔ iː n̪ ɛ t̪̚
init	ʔ iː n̪ ɪ t̪̚
initan	ʔ ɪ n̪ iː t̪ ɐ n̪
initan	ʔ ɪ n̪ ɪ t̪ a n̪
initbiling	ʔ iː n̪ ɪ t̪ b ɪ l ɪ ŋ
initbulog	ʔ iː n̪ ɪ t̪ b uː l o ɡ̚
initdagitban	ʔ iː n̪ ɪ t̪ d̪ ɐ ɣ ɪ t̪ b a n̪
initdanumsigwasan	ʔ iː n̪ ɪ t̪ d̪ ɐ n̪ ʊ m s ɪ ɡ w aː s ɐ n̪
initin	ʔ ɪ n̪ iː t̪ ɪ n̪
initkapnayan	ʔ iː n̪ ɪ t̪ k ɐ p n̪ aː j ɐ n̪
initsigan	ʔ iː n̪ ɪ t̪ s iː ɣ ɐ n̪
initsipat	ʔ ɪ n̪ ɪ t̪ s ɪ p a t̪̚
initsukat	ʔ ɪ n̪ ɪ t̪ s uː x ɐ t̪̚
initsukatan	ʔ iː n̪ ɪ t̪ s ʊ x ɐ t̪ a n̪
initsukod	ʔ iː n̪ ɪ t̪ s uː x o d̪̚
initsupil	ʔ iː n̪ ɪ t̪ s uː p ɪ l
inkorporado	ʔ ɪ ŋ k o ɾ p o ɾ aː d̪ o
inla	ʔ ɪ n̪ l a
inmakulada	ʔ ɪ n̪ m ɐ x ʊ l aː d̪ ɐ
inmigrante	ʔ ɪ m ɪ ɡ ɾ a n̪ t̪ ɛ
inmigrante	ʔ ɪ n̪ m ɪ ɡ ɾ a n̪ t̪ ɛ
inmigrasyon	ʔ ɪ m ɪ ɡ ɾ ɐ s j o n̪
inmigrasyon	ʔ ɪ m ɪ ɡ ɾ ɐ ʃ o n̪
inmigrasyon	ʔ ɪ n̪ m ɪ ɡ ɾ ɐ s j o n̪
inmigrasyon	ʔ ɪ n̪ m ɪ ɡ ɾ ɐ ʃ o n̪
inmoral	ʔ ɪ m o ɾ a l
inmoral	ʔ ɪ n̪ m o ɾ a l
inmoralidad	ʔ ɪ n̪ m o ɾ ɐ l ɪ d̪ a d̪̚
inmortalidad	ʔ ɪ n̪ m o ɾ t̪ ɐ l ɪ d̪ a d̪̚
inmortalisasyon	ʔ ɪ n̪ m o ɾ t̪ ɐ l ɪ s ɐ s j o n̪
inmortalisasyon	ʔ ɪ n̪ m o ɾ t̪ ɐ l ɪ s ɐ ʃ o n̪
ino	ʔ ɪ n̪ o
inobasyon	ʔ ɪ n̪ o b ɐ s j o n̪
inobasyon	ʔ ɪ n̪ o b ɐ ʃ o n̪
inodoro	ʔ ɪ n̪ o d̪ oː ɾ o
inog	ʔ iː n̪ o ɡ̚
inom	ʔ ɪ n̪ o m
inosensiya	ʔ ɪ n̪ o s ɛ n̪ s j ɐ
inosensiya	ʔ ɪ n̪ o s ɛ n̪ ʃ ɐ
inosente	ʔ ɪ n̪ o s ɛ n̪ t̪ ɛ
insekto	ʔ ɪ n̪ s ɛ k t̪ o
insekyora	ʔ ɪ n̪ s ɛ k j oː ɾ ɐ
insensaryo	ʔ ɪ n̪ s ɛ n̪ s a ɾ j o
insensitibo	ʔ ɪ n̪ s ɛ n̪ s ɪ t̪ iː b o
insenso	ʔ ɪ n̪ s ɛ n̪ s o
insentibo	ʔ ɪ n̪ s ɛ n̪ t̪ iː b o
insesto	ʔ ɪ n̪ s ɛ s t̪ o
insidente	ʔ ɪ n̪ s ɪ d̪ ɛ n̪ t̪ ɛ
inskripsiyon	ʔ ɪ n̪ s k ɾ ɪ p s j o n̪
inskripsiyon	ʔ ɪ n̪ s k ɾ ɪ p ʃ o n̪
inso	ʔ ɪ n̪ s o
inspeksiyon	ʔ ɪ n̪ s p ɛ k s j o n̪
inspeksiyon	ʔ ɪ n̪ s p ɛ k ʃ o n̪
inspeksiyunin	ʔ ɪ n̪ s p ɛ k s j ʊ n̪ ɪ n̪
inspeksiyunin	ʔ ɪ n̪ s p ɛ k ʃ ʊ n̪ ɪ n̪
inspeksyon	ʔ ɪ n̪ s p ɛ k s j o n̪
inspeksyon	ʔ ɪ n̪ s p ɛ k ʃ o n̪
inspektor	ʔ ɪ n̪ s p ɛ k t̪ o ɾ
inspirado	ʔ ɪ n̪ s p ɪ ɾ aː d̪ o
inspirasyon	ʔ ɪ n̪ s p ɪ ɾ ɐ s j o n̪
inspirasyon	ʔ ɪ n̪ s p ɪ ɾ ɐ ʃ o n̪
inspirasyonal	ʔ ɪ n̪ s p ɪ ɾ ɐ s j o n̪ a l
inspirasyonal	ʔ ɪ n̪ s p ɪ ɾ ɐ ʃ o n̪ a l
inspirasyunal	ʔ ɪ n̪ s p ɪ ɾ ɐ s j ʊ n̪ a l
inspirasyunal	ʔ ɪ n̪ s p ɪ ɾ ɐ ʃ ʊ n̪ a l
instalasyon	ʔ ɪ n̪ s t̪ ɐ l ɐ s j o n̪
instalasyon	ʔ ɪ n̪ s t̪ ɐ l ɐ ʃ o n̪
instansiya	ʔ ɪ n̪ s t̪ a n̪ s j ɐ
instansiya	ʔ ɪ n̪ s t̪ a n̪ ʃ ɐ
instigador	ʔ ɪ n̪ s t̪ ɪ ɣ ɐ d̪ o ɾ
institusyon	ʔ ɪ n̪ s t̪ ɪ t̪ ʊ s j o n̪
institusyon	ʔ ɪ n̪ s t̪ ɪ t̪ ʊ ʃ o n̪
instituto	ʔ ɪ n̪ s t̪ ɪ t̪ uː t̪ o
instruksiyon	ʔ ɪ n̪ s t̪ ɾ ʊ k s j o n̪
instruksiyon	ʔ ɪ n̪ s t̪ ɾ ʊ k ʃ o n̪
instruksyon	ʔ ɪ n̪ s t̪ ɾ ʊ k s j o n̪
instruksyon	ʔ ɪ n̪ s t̪ ɾ ʊ k ʃ o n̪
instruktor	ʔ ɪ n̪ s t̪ ɾ ʊ k t̪ o ɾ
instrumento	ʔ ɪ n̪ s t̪ ɾ ʊ m ɛ n̪ t̪ o
insubordinasyon	ʔ ɪ n̪ s ʊ b o ɾ d̪ ɪ n̪ ɐ s j o n̪
insubordinasyon	ʔ ɪ n̪ s ʊ b o ɾ d̪ ɪ n̪ ɐ ʃ o n̪
insula	ʔ ɪ n̪ s ʊ l a
insulado	ʔ ɪ n̪ s ʊ l aː d̪ o
insulador	ʔ ɪ n̪ s ʊ l ɐ d̪ o ɾ
insulahin	ʔ ɪ n̪ s ʊ l ɐ h ɪ n̪
insulares	ʔ ɪ n̪ s ʊ l aː ɾ ɛ s
insulasyon	ʔ ɪ n̪ s ʊ l ɐ s j o n̪
insulasyon	ʔ ɪ n̪ s ʊ l ɐ ʃ o n̪
insulto	ʔ ɪ n̪ s u l t̪ o
insupisyente	ʔ ɪ n̪ s ʊ p ɪ s j ɛ n̪ t̪ ɛ
insupisyente	ʔ ɪ n̪ s ʊ p ɪ ʃ ɛ n̪ t̪ ɛ
insureksiyon	ʔ ɪ n̪ s ʊ ɾ ɛ k s j o n̪
insureksiyon	ʔ ɪ n̪ s ʊ ɾ ɛ k ʃ o n̪
insurekto	ʔ ɪ n̪ s ʊ ɾ ɛ k t̪ o
insurhensiya	ʔ ɪ n̪ s ʊ ɾ h ɛ n̪ s j ɐ
insurhensiya	ʔ ɪ n̪ s ʊ ɾ h ɛ n̪ ʃ ɐ
intablado	ʔ ɪ n̪ t̪ ɐ b l aː d̪ o
integral	ʔ ɪ n̪ t̪ ɛ ɡ ɾ a l
integrasyon	ʔ ɪ n̪ t̪ ɛ ɡ ɾ ɐ s j o n̪
integrasyon	ʔ ɪ n̪ t̪ ɛ ɡ ɾ ɐ ʃ o n̪
integridad	ʔ ɪ n̪ t̪ ɛ ɡ ɾ ɪ d̪ a d̪̚
intelektuwal	ʔ ɪ n̪ t̪ ɛ l ɛ k t̪ w a l
intelektuwalisado	ʔ ɪ n̪ t̪ ɛ l ɛ k t̪ w ɐ l ɪ s aː d̪ o
intelektuwalisasyon	ʔ ɪ n̪ t̪ ɛ l ɛ k t̪ w ɐ l ɪ s ɐ s j o n̪
intelektuwalisasyon	ʔ ɪ n̪ t̪ ɛ l ɛ k t̪ w ɐ l ɪ s ɐ ʃ o n̪
intelektwalisado	ʔ ɪ n̪ t̪ ɛ l ɛ k t̪ w ɐ l ɪ s aː d̪ o
intelihensiya	ʔ ɪ n̪ t̪ ɛ l ɪ h ɛ n̪ s j ɐ
intelihensiya	ʔ ɪ n̪ t̪ ɛ l ɪ h ɛ n̪ ʃ ɐ
intelihensya	ʔ ɪ n̪ t̪ ɛ l ɪ h ɛ n̪ s j ɐ
intelihensya	ʔ ɪ n̪ t̪ ɛ l ɪ h ɛ n̪ ʃ ɐ
intelihente	ʔ ɪ n̪ t̪ ɛ l ɪ h ɛ n̪ t̪ ɛ
intensibo	ʔ ɪ n̪ t̪ ɛ n̪ s iː b o
intensidad	ʔ ɪ n̪ t̪ ɛ n̪ s ɪ d̪ a d̪̚
intensiyon	ʔ ɪ n̪ t̪ ɛ n̪ s j o n̪
intensiyon	ʔ ɪ n̪ t̪ ɛ n̪ ʃ o n̪
intensiyonal	ʔ ɪ n̪ t̪ ɛ n̪ s j o n̪ a l
intensiyonal	ʔ ɪ n̪ t̪ ɛ n̪ ʃ o n̪ a l
intensyon	ʔ ɪ n̪ t̪ ɛ n̪ s j o n̪
intensyon	ʔ ɪ n̪ t̪ ɛ n̪ ʃ o n̪
interbensiyon	ʔ ɪ n̪ t̪ ɛ ɾ b ɛ n̪ s j o n̪
interbensiyon	ʔ ɪ n̪ t̪ ɛ ɾ b ɛ n̪ ʃ o n̪
interbiyu	ʔ i n̪ t̪ ɛ ɾ b j ʊ
interbiyuhin	ʔ ɪ n̪ t̪ ɛ ɾ b j ʊ h ɪ n̪
interbiyuwer	ʔ ɪ n̪ t̪ ɛ ɾ b j uː w ɛ ɾ
interbyu	ʔ i n̪ t̪ ɛ ɾ b j ʊ
interbyuwer	ʔ ɪ n̪ t̪ ɛ ɾ b j uː w ɛ ɾ
interes	ʔ ɪ n̪ t̪ ɛ ɾ ɛ s
interesado	ʔ ɪ n̪ t̪ ɛ ɾ ɛ s aː d̪ o
intermedya	ʔ ɪ n̪ t̪ ɛ ɾ m ɛ d̪ j ɐ
intermedya	ʔ ɪ n̪ t̪ ɛ ɾ m ɛː d͡ʒ ɐ
intermisyon	ʔ ɪ n̪ t̪ ɛ ɾ m ɪ s j o n̪
intermisyon	ʔ ɪ n̪ t̪ ɛ ɾ m ɪ ʃ o n̪
internado	ʔ ɪ n̪ t̪ ɛ ɾ n̪ aː d̪ o
internasyonal	ʔ ɪ n̪ t̪ ɛ ɾ n̪ ɐ s j o n̪ a l
internasyonal	ʔ ɪ n̪ t̪ ɛ ɾ n̪ ɐ ʃ o n̪ a l
interogasyon	ʔ ɪ n̪ t̪ ɛ ɾ o ɣ ɐ s j o n̪
interogasyon	ʔ ɪ n̪ t̪ ɛ ɾ o ɣ ɐ ʃ o n̪
interpretasyon	ʔ ɪ n̪ t̪ ɛ ɾ p ɾ ɛ t̪ ɐ s j o n̪
interpretasyon	ʔ ɪ n̪ t̪ ɛ ɾ p ɾ ɛ t̪ ɐ ʃ o n̪
interprete	ʔ ɪ n̪ t̪ ɛ ɾ p ɾ ɛ t̪ ɛ
interseksiyon	ʔ ɪ n̪ t̪ ɛ ɾ s ɛ k s j o n̪
interseksiyon	ʔ ɪ n̪ t̪ ɛ ɾ s ɛ k ʃ o n̪
interyor	ʔ ɪ n̪ t̪ ɛ ɾ j o ɾ
intimidasyon	ʔ ɪ n̪ t̪ ɪ m ɪ d̪ ɐ s j o n̪
intimidasyon	ʔ ɪ n̪ t̪ ɪ m ɪ d̪ ɐ ʃ o n̪
intindi	ʔ ɪ n̪ t̪ ɪ n̪ d̪ ɪ
intindihin	ʔ ɪ n̪ t̪ ɪ n̪ d̪ ɪ h ɪ n̪
intoksikasyon	ʔ ɪ n̪ t̪ o k s ɪ x ɐ s j o n̪
intoksikasyon	ʔ ɪ n̪ t̪ o k s ɪ x ɐ ʃ o n̪
intriga	ʔ ɪ n̪ t̪ ɾ iː ɣ ɐ
intrigera	ʔ ɪ n̪ t̪ ɾ ɪ ɣ ɛː ɾ ɐ
introduksiyon	ʔ ɪ n̪ t̪ ɾ o d̪ ʊ k s j o n̪
introduksiyon	ʔ ɪ n̪ t̪ ɾ o d̪ ʊ k ʃ o n̪
intrusyon	ʔ ɪ n̪ t̪ ɾ ʊ s j o n̪
intrusyon	ʔ ɪ n̪ t̪ ɾ ʊ ʃ o n̪
intuwisyon	ʔ ɪ n̪ t̪ w ɪ s j o n̪
intuwisyon	ʔ ɪ n̪ t̪ w ɪ ʃ o n̪
inugsukat	ʔ ɪ n̪ ʊ ɡ s uː x ɐ t̪̚
inugsukatan	ʔ ɪ n̪ ʊ ɡ s ʊ x ɐ t̪ a n̪
inuman	ʔ ɪ n̪ uː m ɐ n̪
inuman	ʔ ɪ n̪ ʊ m a n̪
inumin	ʔ iː n̪ uː m ɪ n̪
inumin	ʔ ɪ n̪ ʊ m ɪ n̪
inunan	ʔ ɪ n̪ uː n̪ ɐ n̪
inundasyon	ʔ ɪ n̪ ʊ n̪ d̪ ɐ s j o n̪
inundasyon	ʔ ɪ n̪ ʊ n̪ d̪ ɐ ʃ o n̪
inupas	ʔ ɪ n̪ uː p ɐ s
inusisa	ʔ ɪ n̪ ʊ s iː s ɐ ʔ
inutil	ʔ ɪ n̪ uː t̪ ɪ l
inuusisa	ʔ ɪ n̪ ʊ ʔ ʊ s iː s ɐ ʔ
inuwak	ʔ ɪ n̪ w a k̚
inyeksiyon	ʔ ɪ n ɲ ɛ k ʃ o n̪
inyeksiyon	ʔ ɪ n̪ j ɛ k s j o n̪
inyeksyon	ʔ ɪ n ɲ ɛ k ʃ o n̪
inyeksyon	ʔ ɪ n̪ j ɛ k s j o n̪
inyo	ʔ ɪ n ɲ o
inyo	ʔ ɪ n̪ j o
inyog	ʔ ɪ n ɲ o ɡ̚
inyog	ʔ ɪ n̪ j o ɡ̚
ipa	ʔ ɪ p a
ipaalam	ʔ ɪ p ɐ ʔ aː l ɐ m
ipaalam	ʔ ɪ p ɐ ʔ ɐ l a m
ipaayos	ʔ ɪ p ɐ ʔ aː j o s
ipabalik	ʔ ɪ p ɐ b ɐ l ɪ k̚
ipabasa	ʔ ɪ p ɐ b aː s ɐ
ipabasa	ʔ ɪ p ɐ b ɐ s a ʔ
ipabatid	ʔ ɪ p ɐ b ɐ t̪ ɪ d̪̚
ipadala	ʔ ɪ p ɐ d̪ ɐ l a
ipagawa	ʔ ɪ p ɐ ɣ ɐ w a ʔ
ipagbalatkayo	ʔ ɪ p ɐ ɡ b ɐ l ɐ t̪ k ɐ j o ʔ
ipagbilin	ʔ ɪ p ɐ ɡ b iː l ɪ n̪
ipagkaiba	ʔ ɪ p ɐ ɡ k aː ʔ ɪ b a
ipagkaiba	ʔ ɪ p ɐ ɡ k ɐ ʔ ɪ b a
ipagkaisa	ʔ ɪ p ɐ ɡ k aː ʔ ɪ s a
ipagkait	ʔ ɪ p ɐ ɡ k ɐ ʔ ɪ t̪̚
ipagkasundo	ʔ ɪ p ɐ ɡ k aː s ʊ n̪ d̪ o ʔ
ipagkunwa	ʔ ɪ p ɐ ɡ k ʊ n̪ w a ʔ
ipagkunwari	ʔ ɪ p ɐ ɡ k ʊ n̪ w ɐ ɾ ɪ ʔ
ipaglaban	ʔ ɪ p ɐ ɡ l aː b ɐ n̪
ipagmalaki	ʔ ɪ p ɐ ɡ m ɐ l ɐ x ɛ
ipagmalaki	ʔ ɪ p ɐ ɡ m ɐ l ɐ x ɪ
ipagmayabang	ʔ ɪ p ɐ ɡ m ɐ j ɐ b a ŋ
ipagnilay	ʔ ɪ p ɐ ɡ n̪ iː l a ɪ̯
ipagpanggap	ʔ ɪ p ɐ ɡ p ɐ ŋ ɡ a p̚
ipagsama	ʔ ɪ p ɐ ɡ s aː m ɐ
ipagsanggalang	ʔ ɪ p ɐ ɡ s ɐ ŋ ɡ ɐ l a ŋ
ipagtanggol	ʔ ɪ p ɐ ɡ t̪ ɐ ŋ ɡ o l
ipagtapat	ʔ ɪ p ɐ ɡ t̪ ɐ p a t̪̚
ipagwagi	ʔ ɪ p ɐ ɡ w ɐ ɣ ɪ
ipagwagi	ʔ ɪ p ɐ ɡ w ɐ ɣ ɪ ʔ
ipahalata	ʔ ɪ p ɐ h ɐ l ɐ t̪ a ʔ
ipahiwatig	ʔ ɪ p ɐ h ɪ w aː t̪ ɪ ɡ̚
ipaintindi	ʔ ɪ p ɐ ʔ ɪ n̪ t̪ ɪ n̪ d̪ ɪ
ipakahulugan	ʔ ɪ p ɐ x ɐ h ʊ l ʊ ɣ a n̪
ipakausap	ʔ ɪ p ɐ x ɐ ʔ uː s ɐ p̚
ipakita	ʔ ɪ p ɐ x iː t̪ ɐ
ipakita	ʔ ɪ p ɐ x iː t̪ ɐ ʔ
ipakuha	ʔ ɪ p ɐ x uː h ɐ
ipakuha	ʔ ɪ p ɐ x uː h ɐ ʔ
ipaliban	ʔ ɪ p ɐ l iː b ɐ n̪
ipalinaw	ʔ ɪ p ɐ l iː n̪ a ʊ̯
ipalinis	ʔ ɪ p ɐ l iː n̪ ɪ s
ipalit	ʔ ɪ p ɐ l ɪ t̪̚
ipaliwanag	ʔ ɪ p ɐ l ɪ w aː n̪ ɐ ɡ̚
ipamagitan	ʔ ɪ p ɐ m ɐ ɣ iː t̪ ɐ n̪
ipamahagi	ʔ ɪ p ɐ m ɐ h aː ɣ ɪ
ipamahagi	ʔ ɪ p ɐ m ɐ h aː ɣ ɪ ʔ
ipamigay	ʔ ɪ p ɐ m ɪ ɣ a ɪ̯
ipampatay	ʔ ɪ p ɐ m p ɐ t̪ a ɪ̯
ipamukha	ʔ ɪ p ɐ m ʊ k h a ʔ
ipamukha	ʔ ɪ p ɐ m ʊ x a ʔ
ipangako	ʔ ɪ p ɐ ŋ aː x o ʔ
ipanotaryo	ʔ ɪ p ɐ n̪ o t̪ a ɾ j o
ipantakip	ʔ ɪ p ɐ n̪ t̪ ɐ x ɪ p̚
ipapapatay	ʔ ɪ p aː p ɐ p ɐ t̪ a ɪ̯
ipapapatay	ʔ ɪ p ɐ p aː p ɐ t̪ a ɪ̯
ipapatay	ʔ ɪ p aː p ɐ t̪ a ɪ̯
ipapatay	ʔ ɪ p ɐ p ɐ t̪ a ɪ̯
ipaputol	ʔ ɪ p ɐ p uː t̪ o l
iparusa	ʔ ɪ p ɐ ɾ uː s ɐ
ipasabi	ʔ ɪ p ɐ s aː b ɪ
ipasadya	ʔ ɪ p ɐ s ɐ d d͡ʒ a ʔ
ipasadya	ʔ ɪ p ɐ s ɐ d̪ j a ʔ
ipasagot	ʔ ɪ p ɐ s ɐ ɣ o t̪̚
ipasimula	ʔ ɪ p ɐ s ɪ m ʊ l a ʔ
ipasok	ʔ ɪ p aː s o k̚
ipatalastas	ʔ ɪ p ɐ t̪ ɐ l ɐ s t̪ a s
ipatanggal	ʔ ɪ p ɐ t̪ ɐ ŋ ɡ a l
ipatapon	ʔ ɪ p ɐ t̪ aː p o n̪
ipatatag	ʔ ɪ p ɐ t̪ ɐ t̪ a ɡ̚
ipatay	ʔ ɪ p ɐ t̪ a ɪ̯
ipatong	ʔ ɪ p aː t̪ o ŋ
ipatotoo	ʔ ɪ p ɐ t̪ o t̪ o ʔ o
ipatunay	ʔ ɪ p ɐ t̪ uː n̪ a ɪ̯
ipatungkol	ʔ ɪ p ɐ t̪ ʊ ŋ k o l
ipatupad	ʔ ɪ p ɐ t̪ ʊ p a d̪̚
ipil	ʔ iː p ɪ l
ipin	ʔ iː p ɪ n̪
ipinagtanggol	ʔ ɪ p ɪ n̪ ɐ ɡ t̪ ɐ ŋ ɡ o l
ipinapapatay	ʔ ɪ p ɪ n̪ aː p ɐ p ɐ t̪ a ɪ̯
ipinapapatay	ʔ ɪ p ɪ n̪ ɐ p aː p ɐ t̪ a ɪ̯
ipinapatay	ʔ ɪ p ɪ n̪ aː p ɐ t̪ a ɪ̯
ipinapatay	ʔ ɪ p ɪ n̪ ɐ p ɐ t̪ a ɪ̯
ipinasimula	ʔ ɪ p ɪ n̪ ɐ s ɪ m ʊ l a ʔ
ipinatay	ʔ ɪ p ɪ n̪ ɐ t̪ a ɪ̯
ipinatunay	ʔ ɪ p ɪ n̪ ɐ t̪ uː n̪ a ɪ̯
ipinost	ʔ ɪ p ɪ n̪ o ʊ̯ s t̪
ipintig	ʔ ɪ p ɪ n̪ t̪ ɪ ɡ̚
ipis	ʔ iː p ɪ s
ipit	ʔ iː p ɪ t̪̚
ipitan	ʔ ɪ p iː t̪ ɐ n̪
ipitan	ʔ ɪ p ɪ t̪ a n̪
ipo	ʔ iː p o
ipod	ʔ iː p o d̪̚
ipodermiko	ʔ ɪ p o d̪ ɛ ɾ m ɪ x o
ipodromo	ʔ ɪ p o d̪ ɾ o m o
ipokrisiya	ʔ ɪ p o k ɾ ɪ s iː j ɐ
ipokrita	ʔ ɪ p o k ɾ ɪ t̪ a
ipon	ʔ iː p o n̪
ipon	ʔ ɪ p o n̪
ipopotamo	ʔ ɪ p o p oː t̪ ɐ m o
ipot	ʔ iː p o t̪̚
iprint	ʔ ɪ p ɾ ɪ n̪ t̪
ipuipo	ʔ iː p ʊ ʔ iː p o
ipunin	ʔ ɪ p uː n̪ ɪ n̪
ipuwesto	ʔ ɪ p w ɛ s t̪ o
iqama	ʔ ɪ x aː m ɐ
iragilap	ʔ ɪ ɾ ɐ ɣ ɪ l a p̚
iral	ʔ iː ɾ ɐ l
irap	ʔ iː ɾ ɐ p̚
iras	ʔ iː ɾ ɐ s
irasyonal	ʔ ɪ ɾ ɐ s j o n̪ a l
irasyonal	ʔ ɪ ɾ ɐ ʃ o n̪ a l
iraw	ʔ iː ɾ a ʊ̯
ire	ʔ ɪ ɾ ɛ
irebisa	ʔ ɪ ɾ ɛ b ɪ s a
iregular	ʔ ɪ ɾ ɛ ɣ ʊ l a ɾ
iregularidad	ʔ ɪ ɾ ɛ ɣ ʊ l ɐ ɾ ɪ d̪ a d̪̚
irekomenda	ʔ ɪ ɾ ɛ x o m ɛ n̪ d̪ a
iresponsabilidad	ʔ ɪ ɾ ɛ s p o n̪ s ɐ b ɪ l ɪ d̪ a d̪̚
iresponsable	ʔ ɪ ɾ ɛ s p o n̪ s a b l ɛ
iresponsibilidad	ʔ ɪ ɾ ɛ s p o n̪ s ɪ b ɪ l ɪ d̪ a d̪̚
iri	ʔ iː ɾ ɪ
iri	ʔ iː ɾ ɪ ʔ
iri	ʔ ɪ ɾ ɪ
iri	ʔ ɪ ɾ ɪ ʔ
irigasyon	ʔ ɪ ɾ ɪ ɣ ɐ s j o n̪
irigasyon	ʔ ɪ ɾ ɪ ɣ ɐ ʃ o n̪
irihin	ʔ ɪ ɾ ɪ h ɪ n̪
iring	ʔ iː ɾ ɪ ŋ
iringan	ʔ ɪ ɾ iː ŋ ɐ n̪
iritable	ʔ ɪ ɾ ɪ t̪ aː b l ɛ
iritasyon	ʔ ɪ ɾ ɪ t̪ ɐ s j o n̪
iritasyon	ʔ ɪ ɾ ɪ t̪ ɐ ʃ o n̪
irog	ʔ iː ɾ o ɡ̚
isa	ʔ ɪ s a
isaanyo	ʔ ɪ s ɐ ʔ ɐ n ɲ o ʔ
isaanyo	ʔ ɪ s ɐ ʔ ɐ n̪ j o ʔ
isaayos	ʔ ɪ s ɐ ʔ aː j o s
isabay	ʔ ɪ s ɐ b a ɪ̯
isabog	ʔ ɪ s aː b o ɡ̚
isabuhay	ʔ ɪ s ɐ b uː h a ɪ̯
isadiwa	ʔ ɪ s ɐ d̪ iː w ɐ ʔ
isadula	ʔ ɪ s ɐ d̪ ʊ l a ʔ
isagawa	ʔ ɪ s ɐ ɣ ɐ w a ʔ
isain	ʔ ɪ s aː ʔ ɪ n̪
isaisip	ʔ ɪ s ɐ ʔ iː s ɪ p̚
isakatuparan	ʔ ɪ s ɐ x ɐ t̪ ʊ p aː ɾ ɐ n̪
isakay	ʔ ɪ s aː x a ɪ̯
isakay	ʔ ɪ s ɐ x a ɪ̯
isaksak	ʔ ɪ s ɐ k s a k̚
isalarawan	ʔ ɪ s ɐ l ɐ ɾ aː w ɐ n̪
isalba	ʔ ɪ s ɐ l b a
isali	ʔ ɪ s aː l ɪ
isama	ʔ ɪ s aː m ɐ
isama	ʔ ɪ s ɐ m a
isama	ʔ ɪ s ɐ m a ʔ
isanggalang	ʔ ɪ s ɐ ŋ ɡ ɐ l a ŋ
isangkot	ʔ ɪ s ɐ ŋ k o t̪̚
isangla	ʔ ɪ s ɐ n̪ l a ʔ
isanlibo	ʔ ɪ s ɐ n̪ l iː b o
isantabi	ʔ ɪ s ɐ n̪ t̪ ɐ b ɪ
isapanahon	ʔ ɪ s ɐ p ɐ n̪ ɐ h o n̪
isapelikula	ʔ ɪ s ɐ p ɛ l iː x ʊ l a
isapinal	ʔ ɪ s ɐ p ɪ n̪ a l
isapribado	ʔ ɪ s ɐ p ɾ ɪ b aː d̪ o
isapubliko	ʔ ɪ s ɐ p u b l ɪ x o
isapuso	ʔ ɪ s ɐ p uː s o ʔ
isara	ʔ ɪ s ɐ ɾ a
isasaayos	ʔ ɪ s aː s ɐ ʔ aː j o s
isasantabi	ʔ ɪ s aː s ɐ n̪ t̪ ɐ b ɪ
isauli	ʔ ɪ s oː l ɪ ʔ
isauli	ʔ ɪ s ɐ ʔ uː l ɪ ʔ
isaulo	ʔ ɪ s ɐ ʔ uː l o
isaw	ʔ iː s a ʊ̯
isda	ʔ ɪ s d̪ a ʔ
isdangtuko	ʔ ɪ s d̪ a n̪ t̪ ʊ x o ʔ
isdantuko	ʔ ɪ s d̪ a n̪ t̪ ʊ x o ʔ
iset	ʔ ɪ s ɛ t̪̚
ishay	ʔ ɪ s h a ɪ̯
ishinare	ʔ ɪ s j ɪ n̪ e ɪ̯ ɾ
ishinare	ʔ ɪ ʃ ɪ n̪ e ɪ̯ ɾ
isig	ʔ iː s ɪ ɡ̚
isigan	ʔ iː s iː ɣ ɐ n̪
isigan	ʔ ɪ s iː ɣ ɐ n̪
isikdo	ʔ ɪ s ɪ k d̪ o
isiklab	ʔ ɪ s ɪ k l a b̚
isil	ʔ iː s ɪ l
isinaanyo	ʔ ɪ s ɪ n̪ ɐ ʔ ɐ n ɲ o ʔ
isinaanyo	ʔ ɪ s ɪ n̪ ɐ ʔ ɐ n̪ j o ʔ
isinaayos	ʔ ɪ s ɪ n̪ ɐ ʔ aː j o s
isinama	ʔ ɪ s ɪ n̪ aː m ɐ
isinama	ʔ ɪ s ɪ n̪ ɐ m a
isinama	ʔ ɪ s ɪ n̪ ɐ m a ʔ
isinantabi	ʔ ɪ s ɪ n̪ ɐ n̪ t̪ ɐ b ɪ
isinasaayos	ʔ ɪ s ɪ n̪ aː s ɐ ʔ aː j o s
isinasantabi	ʔ ɪ s ɪ n̪ aː s ɐ n̪ t̪ ɐ b ɪ
ising	ʔ iː s ɪ ŋ
isingit	ʔ ɪ s iː ŋ ɪ t̪̚
isip	ʔ iː s ɪ p̚
isipan	ʔ iː s iː p ɐ n̪
isipan	ʔ ɪ s iː p ɐ n̪
isipan	ʔ ɪ s ɪ p a n̪
isiphaynayan	ʔ iː s ɪ p h a ɪ̯ n̪ aː j ɐ n̪
isipin	ʔ ɪ s iː p ɪ n̪
isipin	ʔ ɪ s ɪ p ɪ n̪
isisi	ʔ ɪ s iː s ɪ
iska	ʔ ɪ s k a
iskabetse	ʔ ɪ s k ɐ b ɛ t̪ s ɛ
iskabetse	ʔ ɪ s k ɐ b ɛː t͡ʃ ɛ
iskalap	ʔ ɪ s k aː l ɐ p̚
iskalawag	ʔ ɪ s k aː l ɐ w a ɡ̚
iskandalo	ʔ ɪ s k a n̪ d̪ ɐ l o
iskandaloso	ʔ ɪ s k ɐ n̪ d̪ ɐ l oː s o
iskaparate	ʔ ɪ s k ɐ p ɐ ɾ aː t̪ ɛ
iskaut	ʔ ɪ s k a ʊ̯ t̪
iskawt	ʔ ɪ s k a ʊ̯ t̪
iskedyul	ʔ ɪ s k ɛ d̪ j ʊ l
iskedyul	ʔ ɪ s k ɛː d͡ʒ ʊ l
iskeptikal	ʔ ɪ s k ɛ p t̪ ɪ x a l
iskeptiko	ʔ ɪ s k ɛ p t̪ ɪ x o
iskeptisismo	ʔ ɪ s k ɛ p t̪ ɪ s i s m o
iskeyting	ʔ ɪ s k e ɪ̯ t̪ ɪ ŋ
isko	ʔ ɪ s k o
iskolar	ʔ ɪ s k oː l ɐ ɾ
iskolarsip	ʔ ɪ s k oː l ɐ ɾ s ɪ p̚
iskolarsyip	ʔ ɪ s k oː l ɐ ɾ s j ɪ p̚
iskolarsyip	ʔ ɪ s k oː l ɐ ɾ ʃ ɪ p̚
iskor	ʔ ɪ s k o ɾ
iskorbord	ʔ ɪ s k o ɾ b o ɹ d̪
iskotada	ʔ ɪ s k o t̪ aː d̪ ɐ
iskotado	ʔ ɪ s k o t̪ aː d̪ o
iskrambol	ʔ ɪ s k ɾ a m b o l
iskrin	ʔ ɪ s k ɾ ɪ n̪
iskrip	ʔ ɪ s k ɾ ɪ p̚
iskul	ʔ ɪ s k ʊ l
iskulptura	ʔ ɪ s k ʊ l p t̪ uː ɾ ɐ
iskultor	ʔ ɪ s k ʊ l t̪ o ɾ
iskultura	ʔ ɪ s k ʊ l t̪ uː ɾ ɐ
iskursunera	ʔ ɪ s k ʊ ɾ s ʊ n̪ ɛː ɾ ɐ
iskurukutoy	ʔ ɪ s k ʊ ɾ ʊ x ʊ t̪ o ɪ̯
iskutada	ʔ ɪ s k ʊ t̪ aː d̪ ɐ
iskutado	ʔ ɪ s k ʊ t̪ aː d̪ o
iskuter	ʔ ɪ s k uː t̪ ɛ ɾ
iskuwater	ʔ ɪ s k w aː t̪ ɛ ɾ
iskuwatras	ʔ ɪ s k w a t̪ ɾ ɐ s
iskuwirel	ʔ ɪ s k w iː ɾ ɛ l
iskwala	ʔ ɪ s k w aː l ɐ
iskwater	ʔ ɪ s k w aː t̪ ɛ ɾ
isla	ʔ i s l ɐ
islaid	ʔ ɪ s l a ɪ̯ d̪
islang	ʔ ɪ s l a ŋ
islang	ʔ ɪ s l ɛ ŋ
islayd	ʔ ɪ s l a ɪ̯ d̪
islip	ʔ ɪ s l ɪ p̚
islogan	ʔ ɪ s l oː ɣ ɐ n̪
ismagler	ʔ ɪ s m a ɡ l ɛ ɾ
ismid	ʔ ɪ s m ɪ d̪̚
ismokin	ʔ ɪ s m oː x ɪ n̪
ismoking	ʔ ɪ s m oː x ɪ ŋ
ismol	ʔ ɪ s m o l
ismolin	ʔ ɪ s m o l ɪ n̪
isnab	ʔ ɪ s n̪ a b̚
isnabera	ʔ ɪ s n̪ ɐ b ɛː ɾ ɐ
isnabero	ʔ ɪ s n̪ ɐ b ɛː ɾ o
isnabin	ʔ ɪ s n̪ ɐ b ɪ n̪
isnatser	ʔ ɪ s n̪ a t̪ s ɛ ɾ
isnatser	ʔ ɪ s n̪ aː t͡ʃ ɛ ɾ
iso	ʔ iː s o
iso	ʔ ɪ s o
iso	ʔ ɪ s o ʔ
isod	ʔ iː s o d̪̚
isoli	ʔ ɪ s oː l ɪ ʔ
isoy	ʔ ɪ s o ɪ̯
ispa	ʔ ɪ s p a
ispageti	ʔ ɪ s p ɐ ɣ ɛː t̪ ɪ
ispakol	ʔ ɪ s p ɐ x o l
ispeir	ʔ ɪ s p e ɪ̯ ɾ
ispeling	ʔ ɪ s p ɛː l ɪ ŋ
ispesya	ʔ ɪ s p ɛ s j ɐ
ispesya	ʔ ɪ s p ɛː ʃ ɐ
ispesyas	ʔ ɪ s p ɛ s j ɐ s
ispesyas	ʔ ɪ s p ɛː ʃ ɐ s
ispeyr	ʔ ɪ s p e ɪ̯ ɾ
ispiker	ʔ ɪ s p iː x ɛ ɾ
ispili	ʔ ɪ s p ɪ l ɪ
ispirasyonal	ʔ ɪ s p ɪ ɾ ɐ s j o n̪ a l
ispirasyonal	ʔ ɪ s p ɪ ɾ ɐ ʃ o n̪ a l
ispirasyunal	ʔ ɪ s p ɪ ɾ ɐ s j ʊ n̪ a l
ispirasyunal	ʔ ɪ s p ɪ ɾ ɐ ʃ ʊ n̪ a l
ispital	ʔ ɪ s p ɪ t̪ a l
ispontanyo	ʔ ɪ s p o n̪ t̪ a n̪ j o
ispontanyo	ʔ ɪ s p o n̪ t̪ aː ɲ o
isputing	ʔ ɪ s p uː t̪ ɪ ŋ
isra	ʔ ɪ s ɾ a ʔ
istakholder	ʔ ɪ s t̪ ɐ k h o l d̪ ɛ ɾ
istalapata	ʔ ɪ s t̪ ɐ l ɐ p aː t̪ ɐ
istambay	ʔ ɪ s t̪ a m b a ɪ̯
istan	ʔ ɪ s t̪ a n̪
istansa	ʔ ɪ s t̪ a n̪ s ɐ
istante	ʔ ɪ s t̪ a n̪ t̪ ɛ
istapador	ʔ ɪ s t̪ ɐ p ɐ d̪ o ɾ
istariray	ʔ ɪ s t̪ ɐ ɾ iː ɾ a ɪ̯
istasyon	ʔ ɪ s t̪ ɐ s j o n̪
istasyon	ʔ ɪ s t̪ ɐ ʃ o n̪
istatuwa	ʔ ɪ s t̪ aː t̪ w ɐ
istatwa	ʔ ɪ s t̪ a t̪ w ɐ
istebol	ʔ ɪ s t̪ ɛː b o l
isteryotayp	ʔ ɪ s t̪ ɛ ɾ j o t̪ a ɪ̯ p
isteryotipo	ʔ ɪ s t̪ ɛ ɾ j o t̪ iː p o
istetoskop	ʔ ɪ s t̪ ɛː t̪ o s k o p̚
isteybol	ʔ ɪ s t̪ e ɪ̯ b o l
istik	ʔ ɪ s t̪ ɪ k̚
istileto	ʔ ɪ s t̪ ɪ l ɛː t̪ o
istilwul	ʔ ɪ s t̪ i l w ʊ l
istirera	ʔ ɪ s t̪ ɪ ɾ ɛː ɾ ɐ
istirero	ʔ ɪ s t̪ ɪ ɾ ɛː ɾ o
istiryotayp	ʔ ɪ s t̪ i ɾ j o t̪ a ɪ̯ p
istitusyon	ʔ ɪ s t̪ ɪ t̪ ʊ s j o n̪
istitusyon	ʔ ɪ s t̪ ɪ t̪ ʊ ʃ o n̪
istituto	ʔ ɪ s t̪ ɪ t̪ uː t̪ o
istokada	ʔ ɪ s t̪ o x aː d̪ ɐ
istorbo	ʔ ɪ s t̪ o ɾ b o
istorya	ʔ ɪ s t̪ o ɾ j ɐ
istoryador	ʔ ɪ s t̪ o ɾ j ɐ d̪ o ɾ
istoryograpiya	ʔ ɪ s t̪ o ɾ j o ɡ ɾ ɐ p iː j ɐ
istraktura	ʔ ɪ s t̪ ɾ ɐ k t̪ uː ɾ ɐ
istrand	ʔ ɪ s t̪ ɾ a n̪ d̪
istratehiya	ʔ ɪ s t̪ ɾ ɐ t̪ ɛ h iː j ɐ
istratehiya	ʔ ɪ s t̪ ɾ ɐ t̪ ɛː h j ɐ
istres	ʔ ɪ s t̪ ɾ ɛ s
istretser	ʔ ɪ s t̪ ɾ ɛ t̪ s ɛ ɾ
istretser	ʔ ɪ s t̪ ɾ ɛː t͡ʃ ɛ ɾ
istrikto	ʔ ɪ s t̪ ɾ i k t̪ o
istroberi	ʔ ɪ s t̪ ɾ oː b ɛ ɾ ɪ
istrok	ʔ ɪ s t̪ ɾ o k̚
istrowk	ʔ ɪ s t̪ ɾ o ʊ̯ k
istukada	ʔ ɪ s t̪ ʊ x aː d̪ ɐ
isuksok	ʔ ɪ s ʊ k s o k̚
isulat	ʔ ɪ s uː l ɐ t̪̚
isumbong	ʔ ɪ s ʊ m b o ŋ
isuot	ʔ ɪ s uː ʔ o t̪̚
isuot	ʔ ɪ s ʊ ʔ o t̪̚
iswad	ʔ ɪ s w a d̪̚
isyu	ʔ i s j ʊ
isyu	ʔ iː ʃ ʊ
itaas	ʔ ɪ t̪ aː ʔ ɐ s
itaas	ʔ ɪ t̪ ɐ ʔ a s
itaboy	ʔ ɪ t̪ ɐ b o ɪ̯
itago	ʔ ɪ t̪ aː ɣ o ʔ
itak	ʔ ɪ t̪ a k̚
itakas	ʔ ɪ t̪ aː x ɐ s
itala	ʔ ɪ t̪ ɐ l a ʔ
itali	ʔ ɪ t̪ aː l ɪ ʔ
italik	ʔ ɪ t̪ aː l ɪ k̚
italiko	ʔ ɪ t̪ aː l ɪ x o
itanggi	ʔ ɪ t̪ ɐ ŋ ɡ ɪ
itanim	ʔ ɪ t̪ ɐ n̪ ɪ m
itapat	ʔ ɪ t̪ ɐ p a t̪̚
itapon	ʔ ɪ t̪ aː p o n̪
itapon	ʔ ɪ t̪ ɐ p o n̪
itatag	ʔ ɪ t̪ ɐ t̪ a ɡ̚
itatakas	ʔ ɪ t̪ ɐ t̪ aː x ɐ s
itay	ʔ ɪ t̪ a ɪ̯
iterasyon	ʔ ɪ t̪ ɛ ɾ ɐ s j o n̪
iterasyon	ʔ ɪ t̪ ɛ ɾ ɐ ʃ o n̪
itey	ʔ ɪ t̪ e ɪ̯
iti	ʔ iː t̪ ɪ
itik	ʔ iː t̪ ɪ k̚
itim	ʔ ɪ t̪ ɪ m
itinakas	ʔ ɪ t̪ ɪ n̪ aː x ɐ s
itinalik	ʔ ɪ t̪ ɪ n̪ aː l ɪ k̚
itinanim	ʔ ɪ t̪ ɪ n̪ ɐ n̪ ɪ m
itinatakas	ʔ ɪ t̪ ɪ n̪ ɐ t̪ aː x ɐ s
itindi	ʔ ɪ t̪ ɪ n̪ d̪ ɪ
itineraryo	ʔ ɪ t̪ ɪ n̪ ɛ ɾ a ɾ j o
iting	ʔ iː t̪ ɪ ŋ
itiwalag	ʔ ɪ t̪ ɪ w ɐ l a ɡ̚
itlo	ʔ ɪ t̪ l̪ o
itlog	ʔ ɪ t̪ l̪ o ɡ̚
itmo	ʔ ɪ t̪ m o
ito	ʔ ɛ t̪ o
ito	ʔ ɪ t̪ o
itoy	ʔ ɪ t̪ o ɪ̯
itsa	ʔ ɪ t t͡ʃ a
itsa	ʔ ɪ t̪ s a
itsura	ʔ ɪ t t͡ʃ uː ɾ ɐ
itsura	ʔ ɪ t̪ s uː ɾ ɐ
itubig	ʔ ɪ t̪ uː b ɪ ɡ̚
itulad	ʔ ɪ t̪ uː l ɐ d̪̚
itulog	ʔ ɪ t̪ uː l o ɡ̚
iunlad	ʔ ɪ ʔ ʊ n̪ l a d̪̚
iusli	ʔ ɪ ʔ ʊ s l ɪ ʔ
iuwi	ʔ ɪ ʔ uː w ɪ ʔ
iuwi	ʔ ɪ ʔ ʊ w ɪ ʔ
iwak	ʔ iː w ɐ k̚
iwal	ʔ iː w ɐ l
iwan	ʔ iː w ɐ n̪
iwanan	ʔ ɪ w aː n̪ ɐ n̪
iwang	ʔ iː w ɐ ŋ
iwas	ʔ iː w ɐ s
iwi	ʔ iː w ɪ
iwi	ʔ ɪ w ɪ
iyag	ʔ ɪ j a ɡ̚
iyak	ʔ ɪ j a k̚
iyakin	ʔ iː j aː x ɪ n̪
iyan	j a n̪
iyan	ʔ ɪ j a n̪
iyelo	ʔ ɪ j ɛː l o
iyero	ʔ ɪ j ɛː ɾ o
iyo	ʔ iː j o
iyo	ʔ ɪ j o
iyon	j o n̪
iyon	ʔ ɪ j o n̪
j	d̪ j
j	d̪ j e ɪ̯
j	d͡ʒ
j	d͡ʒ e ɪ̯
j	h
j	h oː t̪ ɐ
j	s
jabol	d̪ j ɐ b o l
jabol	d͡ʒ ɐ b o l
jaket	d̪ j aː x ɛ t̪̚
jaket	d͡ʒ aː x ɛ t̪̚
jakol	d̪ j ɐ x o l
jakol	d͡ʒ ɐ x o l
jan	d̪ j a n̪
jan	d͡ʒ a n̪
janitor	d̪ j aː n̪ ɪ t̪ o ɾ
janitor	d͡ʒ aː n̪ ɪ t̪ o ɾ
japayuki	d̪ j ɐ p ɐ j uː x ɪ
japayuki	d͡ʒ ɐ p ɐ j uː x ɪ
japorms	d̪ j ɐ p o ɹ m s
japorms	d͡ʒ ɐ p o ɹ m s
jebs	d̪ j ɛ b s
jebs	d͡ʒ ɛ b s
jeje	d̪ j ɛ d̪ j ɛ
jeje	d͡ʒ ɛː d͡ʒ ɛ
jejemon	d̪ j ɛ d̪ j ɛ m o n̪
jejemon	d͡ʒ ɛː d͡ʒ ɛ m o n̪
jepoy	d̪ j ɛː p o ɪ̯
jepoy	d͡ʒ ɛː p o ɪ̯
jeproks	d̪ j ɛ p ɾ o k s
jeproks	d͡ʒ ɛ p ɾ o k s
jerjer	d̪ j ɛ ɾ d̪ j ɛ ɾ
jerjer	d͡ʒ ə ɹ d͡ʒ ə ɹ
jerjer	d͡ʒ ɛ ɾ d͡ʒ ɛ ɾ
jihad	d̪ j iː h ɐ d̪̚
jihad	d̪ j ɪ h a d̪̚
jihad	d͡ʒ iː h ɐ d̪̚
jihad	d͡ʒ ɪ h a d̪̚
jilbab	d̪ j ɪ l b a b̚
jilbab	d͡ʒ ɪ l b a b̚
joga	d̪ j oː ɣ ɐ ʔ
joga	d͡ʒ oː ɣ ɐ ʔ
jologs	d̪ j oː l o ɡ s
jologs	d͡ʒ oː l o ɡ s
jontis	d̪ j o n̪ t̪ ɪ s
jontis	d͡ʒ o n̪ t̪ ɪ s
jota	h oː t̪ ɐ
jowa	d̪ j oː w ɐ
jowa	d̪ j oː w ɐ ʔ
jowa	d͡ʒ oː w ɐ
jowa	d͡ʒ oː w ɐ ʔ
judo	d̪ j uː d̪ o
judo	d͡ʒ uː d̪ o
jujitsu	d̪ j ʊ d̪ j iː t͡s ʊ
jujitsu	d͡ʒ ʊ d͡ʒ iː t͡s ʊ
julalay	d̪ j ʊ l aː l a ɪ̯
julalay	d͡ʒ ʊ l aː l a ɪ̯
jumbag	d̪ j u m b ɐ ɡ̚
jumbag	d͡ʒ u m b ɐ ɡ̚
junakis	d̪ j ʊ n̪ aː x ɪ s
junakis	d͡ʒ ʊ n̪ aː x ɪ s
junjun	d̪ j u n̪ d̪ j ʊ n̪
junjun	d͡ʒ u n̪ d͡ʒ ʊ n̪
jusko	d̪ j ʊ s k o
jusko	d͡ʒ ʊ s k o
jutay	d̪ j ʊ t̪ a ɪ̯
jutay	d͡ʒ ʊ t̪ a ɪ̯
juts	d̪ j ʊ t̪ s
juts	d͡ʒ ʊ t̪ s
k	k
k	k a
k	k e ɪ̯
k	k ɐ
k	x
ka	k a ʔ
ka	k ɐ
kaabisado	k ɐ ʔ ɐ b ɪ s aː d̪ o
kaabnormalan	k ɐ ʔ ɐ b n̪ o ɾ m ɐ l a n̪
kaabsurduhan	k ɐ ʔ ɐ b s u ɾ d̪ ʊ h a n̪
kaagad	k aː ɣ ɐ d̪̚
kaagad	k ɐ ʔ ɐ ɣ a d̪̚
kaagaw	k ɐ ʔ aː ɣ a ʊ̯
kaagnasan	k ɐ ʔ ɐ ɡ n̪ ɐ s a n̪
kaagulo	k ɐ ʔ ɐ ɣ uː l o
kaagulo	k ɐ ʔ ɐ ɣ uː l o ʔ
kaakuhan	k ɐ ʔ ɐ x uː h ɐ n̪
kaalaman	k ɐ ʔ ɐ l aː m ɐ n̪
kaalaman	k ɐ ʔ ɐ l ɐ m a n̪
kaalan	k ɐ ʔ aː l ɐ n̪
kaalibay	k ɐ ʔ ɐ l iː b a ɪ̯
kaalit	k ɐ ʔ aː l ɪ t̪̚
kaalkaldihan	k ɐ ʔ ɐ l k a l d̪ ɪ h a n̪
kaalunya	k ɐ ʔ aː l ʊ n ɲ a ʔ
kaalunya	k ɐ ʔ aː l ʊ n̪ j a ʔ
kaalyado	k ɐ ʔ ɐ l j aː d̪ o
kaanak	k ɐ ʔ aː n̪ ɐ k̚
kaanib	k ɐ ʔ aː n̪ ɪ b̚
kaanimalan	k ɐ ʔ ɐ n̪ ɪ m ɐ l a n̪
kaantiguhan	k ɐ ʔ ɐ n̪ t̪ ɪ ɣ uː h ɐ n̪
kaarawan	k ɐ ʔ ɐ ɾ ɐ w a n̪
kaasiduhan	k ɐ ʔ aː s ɪ d̪ ʊ h a n̪
kaasiman	k ɐ ʔ ɐ s iː m ɐ n̪
kaawaan	k ɐ ʔ ɐ w aː ʔ ɐ n̪
kaaway	k ɐ ʔ aː w a ɪ̯
kaayawan	k ɐ ʔ ɐ j ɐ w a n̪
kaayo	k ɐ ʔ aː j o ʔ
kaba	k ɐ b a
kababaan	k ɐ b ɐ b aː ʔ ɐ n̪
kababaihan	k ɐ b ɐ b ɐ ʔ iː h ɐ n̪
kababata	k ɐ b ɐ b aː t̪ ɐ ʔ
kababawan	k ɐ b ɐ b aː w ɐ n̪
kababayan	k ɐ b ɐ b aː j ɐ n̪
kabado	k ɐ b aː d̪ o
kabag	k aː b ɐ ɡ̚
kabag	k ɐ b a ɡ̚
kabagabagan	k ɐ b ɐ ɣ ɐ b aː ɣ ɐ n̪
kabagang	k ɐ b ɐ ɣ a ŋ
kabaguhan	k ɐ b ɐ ɣ uː h ɐ n̪
kabaguntauhan	k ɐ b ɐ ɣ ʊ n̪ t̪ ɐ ʔ uː h ɐ n̪
kabahayan	k ɐ b ɐ h aː j ɐ n̪
kabahayan	k ɐ b ɐ h ɐ j a n̪
kabaian	k ɐ b ɐ ʔ iː ʔ ɐ n̪
kabaiyoan	k ɐ b ɐ ʔ ɪ j o ʔ a n̪
kabaiyuan	k ɐ b ɐ ʔ ɪ j ʊ ʔ a n̪
kabaka	k ɐ b aː x ɐ
kabaklaan	k ɐ b ɐ k l ɐ ʔ a n̪
kabaktan	k ɐ b ɐ k t̪ a n̪
kabalagan	k ɐ b ɐ l aː ɣ ɐ n̪
kabalian	k ɐ b ɐ l iː ʔ ɐ n̪
kabaligtaran	k ɐ b ɐ l ɪ ɡ t̪ ɐ ɾ a n̪
kabalikan	k ɐ b ɐ l ɪ x a n̪
kabalintunaan	k ɐ b ɐ l ɪ n̪ t̪ ʊ n̪ aː ʔ ɐ n̪
kabaliwagan	k ɐ b ɐ l ɪ w ɐ ɣ a n̪
kabaliwan	k ɐ b ɐ l ɪ w a n̪
kabalulan	k ɐ b ɐ l ʊ l a n̪
kabalyero	k ɐ b ɐ l j ɛː ɾ o
kabalyo	k ɐ b a l j o
kaban	k aː b ɐ n̪
kaban	k ɐ b a n̪
kabanata	k ɐ b ɐ n̪ aː t̪ ɐ
kabanata	k ɐ b ɐ n̪ aː t̪ ɐ ʔ
kabandayan	k ɐ b ɐ n̪ d̪ ɐ j a n̪
kabaong	k ɐ b aː ʔ o ŋ
kabaret	k aː b ɐ ɾ ɛ t̪̚
kabaretista	k ɐ b ɐ ɾ ɛ t̪ i s t̪ ɐ
kabarkada	k ɐ b ɐ ɾ k aː d̪ ɐ
kabaro	k ɐ b aː ɾ o ʔ
kabasangal	k ɐ b ɐ s aː ŋ ɐ l
kabastusan	k ɐ b ɐ s t̪ ʊ s a n̪
kabata	k ɐ b aː t̪ ɐ ʔ
kabataan	k ɐ b ɐ t̪ aː ʔ ɐ n̪
kabatiran	k ɐ b ɐ t̪ iː ɾ ɐ n̪
kabatlayaan	k ɐ b ɐ t̪ l̪ ɐ j aː ʔ ɐ n̪
kabato	k ɐ b ɐ t̪ o
kabatuganan	k ɐ b ɐ t̪ ʊ ɣ aː n̪ ɐ n̪
kabawasan	k ɐ b ɐ w ɐ s a n̪
kabay	k aː b a ɪ̯
kabay	k ɐ b a ɪ̯
kabayan	k ɐ b aː j ɐ n̪
kabayanihan	k ɐ b ɐ j ɐ n̪ iː h ɐ n̪
kabayinan	k ɐ b ɐ j iː n̪ ɐ n̪
kabayiyan	k ɐ b ɐ j iː j ɐ n̪
kabayo	k ɐ b aː j o
kabayuan	k ɐ b ɐ j ʊ ʔ a n̪
kabayuhan	k aː b ɐ j ʊ h a n̪
kaberdehan	k ɐ b ɛ ɾ d̪ ɛ h a n̪
kabesa	k ɐ b ɛː s ɐ
kabesado	k ɐ b ɛ s aː d̪ o
kabesera	k ɐ b ɛ s ɛː ɾ ɐ
kabesilya	k ɐ b ɛ s i l j ɐ
kabibe	k ɐ b iː b ɛ
kabibi	k ɐ b iː b ɪ
kabibili	k ɐ b iː b ɪ l ɪ
kabig	k aː b ɪ ɡ̚
kabiglaan	k ɐ b ɪ ɡ l ɐ ʔ a n̪
kabiguan	k ɐ b iː ɣ uː ʔ ɐ n̪
kabiguan	k ɐ b ɪ ɣ ʊ ʔ a n̪
kabihasnan	k ɐ b j ɐ s n̪ a n̪
kabihasnan	k ɐ b ɪ h ɐ s n̪ a n̪
kabil	k aː b ɪ l
kabila	k ɐ b ɪ l a ʔ
kabili	k ɐ b ɪ l ɪ
kabilihan	k aː b ɪ l iː h ɐ n̪
kabilugan	k ɐ b ɪ l uː ɣ ɐ n̪
kabinet	k aː b ɪ n̪ ɛ t̪̚
kabinian	k ɐ b ɪ n̪ iː ʔ ɐ n̪
kabisa	k ɐ b iː s ɐ
kabisa	k ɐ b iː s ɐ ʔ
kabisado	k ɐ b ɪ s aː d̪ o
kabisera	k ɐ b ɪ s ɛː ɾ ɐ
kabisi	k ɐ b ɪ s ɪ ʔ
kabisilya	k ɐ b ɪ s i l j ɐ
kabisote	k ɐ b ɪ s oː t̪ ɛ
kabit	k ɐ b ɛ t̪̚
kabit	k ɐ b ɪ t̪̚
kabituinan	k ɐ b ɪ t̪ w ɪ n̪ a n̪
kabituinan	k ɐ b ɪ t̪ ʊ ʔ ɪ n̪ a n̪
kable	k aː b l ɛ
kablekotse	k aː b l ɛ x o t̪ s ɛ
kablekotse	k aː b l ɛ x oː t͡ʃ ɛ
kabo	k aː b o
kabog	k ɐ b o ɡ̚
kabogera	k ɐ b o ɣ ɛː ɾ ɐ
kabriya	k ɐ b ɾ iː j ɐ
kabuhayan	k ɐ b ʊ h aː j ɐ n̪
kabukiran	k ɐ b ʊ x iː ɾ ɐ n̪
kabulagsakan	k ɐ b ʊ l ɐ ɡ s ɐ x a n̪
kabulastugan	k ɐ b ʊ l ɐ s t̪ ʊ ɣ a n̪
kabuluhan	k ɐ b ʊ l ʊ h a n̪
kabulukan	k ɐ b ʊ l ʊ x a n̪
kabunegro	k aː b ʊ n̪ ɛː ɡ ɾ o
kabunyian	k ɐ b ʊ n ɲ ɪ ʔ a n̪
kabunyian	k ɐ b ʊ n̪ j ɪ ʔ a n̪
kabuoan	k ɐ b ʊ ʔ o ʔ a n̪
kabuoan	k ɐ b ʊ ʔ oː ʔ ɐ n̪
kabuoran	k ɐ b ʊ ʔ o ɾ a n̪
kaburata	k aː b ʊ ɾ aː t̪ ɐ
kaburatahin	k aː b ʊ ɾ ɐ t̪ aː h ɪ n̪
kabute	k aː b ʊ t̪ ɛ
kabute	k ɐ b ʊ t̪ ɛ
kabutehan	k ɐ b ʊ t̪ ɛ h a n̪
kabuti	k ɐ b ʊ t̪ ɪ
kabutihan	k ɐ b ʊ t̪ iː h ɐ n̪
kabutihan	k ɐ b ʊ t̪ ɪ h a n̪
kabuto	k ɐ b ʊ t̪ o
kabutse	k ɐ b ʊ t t͡ʃ ɛ
kabutse	k ɐ b ʊ t̪ s ɛ
kabuuan	k ɐ b ʊ ʔ uː ʔ ɐ n̪
kabuuan	k ɐ b ʊ ʔ ʊ ʔ a n̪
kabuuran	k ɐ b ʊ ʔ ʊ ɾ a n̪
kabuwanan	k ɐ b w aː n̪ ɐ n̪
kabuyaw	k ɐ b uː j a ʊ̯
kachakahan	k ɐ t t͡ʃ ɐ x aː h ɐ n̪
kachakahan	k ɐ t̪ s ɐ x aː h ɐ n̪
kachat	k ɐ t t͡ʃ a t̪̚
kachat	k ɐ t̪ s a t̪̚
kada	k aː d̪ ɐ
kadagibalingan	k ɐ d̪ ɐ ɣ ɪ b ɐ l ɪ ŋ a n̪
kadagsinan	k ɐ d̪ ɐ ɡ s ɪ n̪ a n̪
kadalahiraan	k ɐ d̪ ɐ l ɐ h ɪ ɾ aː ʔ ɐ n̪
kadayaan	k ɐ d̪ ɐ j aː ʔ ɐ n̪
kadena	k ɐ d̪ ɛː n̪ ɐ
kadete	k ɐ d̪ ɛː t̪ ɛ
kadeyt	k ɐ d̪ e ɪ̯ t̪
kadiliman	k ɐ d̪ ɪ l iː m ɐ n̪
kadiliman	k ɐ d̪ ɪ l ɪ m a n̪
kadiri	k ɐ d̪ iː ɾ ɪ
kadmiyo	k a d̪ m j o
kadre	k a d̪ ɾ ɛ
kadugo	k ɐ d̪ ʊ ɣ o ʔ
kaduseo	k ɐ d̪ ʊ s ɛː j o
kaduwagan	k ɐ d̪ w ɐ ɣ a n̪
kadyos	k ɐ d d͡ʒ o s
kadyos	k ɐ d̪ j o s
kadyot	k ɐ d d͡ʒ o t̪̚
kadyot	k ɐ d̪ j o t̪̚
kaedad	k ɐ ʔ ɛ d̪ a d̪̚
kaeskuwela	k ɐ ʔ ɛ s k w ɛː l ɐ
kagabi	k ɐ ɣ ɐ b ɛ
kagabi	k ɐ ɣ ɐ b ɪ
kagad	k aː ɣ ɐ d̪̚
kagagawan	k ɐ ɣ ɐ ɣ ɐ w a n̪
kagahapon	k ɐ ɣ ɐ h aː p o n̪
kagahasaan	k ɐ ɣ ɐ h ɐ s aː ʔ ɐ n̪
kagalingan	k ɐ ɣ ɐ l iː ŋ ɐ n̪
kagalingan	k ɐ ɣ ɐ l ɪ ŋ a n̪
kagalit	k ɐ ɣ ɐ l ɪ t̪̚
kagampan	k ɐ ɣ ɐ m p a n̪
kagamulan	k ɐ ɣ ɐ m ʊ l a n̪
kaganapan	k ɐ ɣ ɐ n̪ aː p ɐ n̪
kaganapan	k ɐ ɣ ɐ n̪ ɐ p a n̪
kagandahan	k ɐ ɣ ɐ n̪ d̪ aː h ɐ n̪
kagandahan	k ɐ ɣ ɐ n̪ d̪ ɐ h a n̪
kaganina	k ɐ ɣ ɐ n̪ iː n̪ ɐ
kagat	k ɐ ɣ a t̪̚
kagaw	k aː ɣ a ʊ̯
kagawad	k ɐ ɣ aː w ɐ d̪̚
kagawaran	k aː ɣ ɐ w ɐ ɾ a n̪
kagaya	k ɐ ɣ aː j ɐ
kagayutan	k ɐ ɣ ɐ j ʊ t̪ a n̪
kagigising	k ɐ ɣ ɪ ɣ iː s ɪ ŋ
kagilagilalas	k ɐ ɣ ɪ l ɐ ɣ ɪ l aː l ɐ s
kagilagilalas	k ɐ ɣ ɪ l ɐ ɣ ɪ l ɐ l a s
kagiliran	k ɐ ɣ ɪ l iː ɾ ɐ n̪
kaginoohan	k ɐ ɣ ɪ n̪ o ʔ o h a n̪
kaginuhan	k ɐ ɣ ɪ n̪ uː h ɐ n̪
kagipitan	k ɐ ɣ ɪ p iː t̪ ɐ n̪
kagisnan	k aː ɣ ɪ s n̪ a n̪
kagisnan	k ɐ ɣ ɪ s n̪ a n̪
kagitingan	k ɐ ɣ ɪ t̪ iː ŋ ɐ n̪
kagitnaan	k ɐ ɣ ɪ t̪ n̪ aː ʔ ɐ n̪
kagubatan	k ɐ ɣ ʊ b aː t̪ ɐ n̪
kagulangan	k ɐ ɣ ʊ l aː ŋ ɐ n̪
kaguluhan	k ɐ ɣ uː l uː h ɐ n̪
kaguluhan	k ɐ ɣ ʊ l ʊ h a n̪
kaguruan	k ɐ ɣ ʊ ɾ ʊ ʔ a n̪
kagustuhan	k ɐ ɣ ʊ s t̪ uː h ɐ n̪
kagutuman	k ɐ ɣ ʊ t̪ uː m ɐ n̪
kagyat	k ɐ ɡ j a t̪̚
kaha	k aː h ɐ
kahabaan	k ɐ h ɐ b aː ʔ ɐ n̪
kahabaan	k ɐ h ɐ b ɐ ʔ a n̪
kahabagan	k ɐ h ɐ b ɐ ɣ a n̪
kahalagahan	k ɐ h ɐ l ɐ ɣ ɐ h a n̪
kahalayan	k ɐ h ɐ l aː j ɐ n̪
kahalili	k ɐ h ɐ l iː l ɪ
kahandaan	k ɐ h ɐ n̪ d̪ ɐ ʔ a n̪
kahapon	k ɐ h aː p o n̪
kaharian	k ɐ h ɐ ɾ iː ʔ ɐ n̪
kaharian	k ɐ h ɐ ɾ ɪ ʔ a n̪
kahasik	k ɐ h ɐ s ɪ k̚
kahawig	k ɐ h ɐ w ɪ ɡ̚
kahayagan	k ɐ h ɐ j ɐ ɣ a n̪
kahel	k ɐ h ɛ l
kahelada	k ɐ h ɛ l aː d̪ ɐ
kahenyuhan	k ɐ h ɛ n̪ j ʊ h a n̪
kahenyuhan	k ɐ h ɛː ɲ ʊ h a n̪
kahera	k ɐ h ɛː ɾ ɐ
kahero	k ɐ h ɛː ɾ o
kahetilya	k ɐ h ɛ t̪ i l j ɐ
kahi	k aː h ɪ ʔ
kahig	k aː h ɪ ɡ̚
kahigin	k ɐ h iː ɣ ɪ n̪
kahihian	k ɐ h ɪ h ɪ ʔ a n̪
kahihinatnan	k aː h ɪ h ɪ n̪ ɐ t̪ n̪ a n̪
kahihinatnan	k ɐ h iː h ɪ n̪ ɐ t̪ n̪ a n̪
kahihiyaan	k ɐ h ɪ h j ɐ ʔ a n̪
kahihiyan	k ɐ h ɪ h j a n̪
kahilagaan	k ɐ h ɪ l ɐ ɣ aː ʔ ɐ n̪
kahimanawari	k aː h ɪ m ɐ n̪ ɐ w aː ɾ ɪ ʔ
kahinaan	k ɐ h ɪ n̪ aː ʔ ɐ n̪
kahinatnan	k aː h ɪ n̪ ɐ t̪ n̪ a n̪
kahinatnan	k ɐ h ɪ n̪ ɐ t̪ n̪ a n̪
kahiraman	k ɐ h ɪ ɾ aː m ɐ n̪
kahirapan	k ɐ h ɪ ɾ aː p ɐ n̪
kahit	k aː h ɪ t̪̚
kahita	k ɐ h iː t̪ ɐ
kahog	k aː h o ɡ̚
kahog	k ɐ h o ɡ̚
kahon	k ɐ h o n̪
kahoy	k aː h o ɪ̯
kahulilip	k ɐ h ʊ l iː l ɪ p̚
kahulugan	k ɐ h ʊ l ʊ ɣ a n̪
kahuyan	k ɐ h uː j ɐ n̪
kahuyan	k ɐ h ʊ j a n̪
kahuylalao	k aː h ʊ ɪ̯ l ɐ l ɐ ʔ o
kaibahan	k ɐ ʔ ɪ b ɐ h a n̪
kaibhan	k ɐ ʔ ɪ b h a n̪
kaibigan	k a ɪ̯ b iː ɣ ɐ n̪
kaibigan	k aː ʔ ɪ b iː ɣ ɐ n̪
kaibigan	k aː ʔ ɪ b ɪ ɣ a n̪
kaibigan	k ɐ ʔ iː b iː ɣ ɐ n̪
kaibigan	k ɐ ʔ ɪ b iː ɣ ɐ n̪
kaibigan	k ɐ ʔ ɪ b ɪ ɣ a n̪
kaibiganin	k a ɪ̯ b ɪ ɣ aː n̪ ɪ n̪
kaibiganin	k ɐ ʔ ɪ b ɪ ɣ aː n̪ ɪ n̪
kaibuturan	k aː ʔ ɪ b ʊ t̪ uː ɾ ɐ n̪
kaibuturan	k ɐ ʔ ɪ b ʊ t̪ uː ɾ ɐ n̪
kaida	k ɐ ʔ iː d̪ ɐ
kaila	k ɐ ʔ ɪ l a ʔ
kailaliman	k ɐ ʔ ɪ l ɐ l iː m ɐ n̪
kailan	k a ɪ̯ l a n̪
kailan	k e ɪ̯ l a n̪
kailan	k ɐ ʔ ɪ l a n̪
kailan	k ɛː l ɐ n̪
kailangan	k a ɪ̯ l aː ŋ ɐ n̪
kailangan	k ɐ ʔ ɪ l aː ŋ ɐ n̪
kailangan	k ɛː l aː ŋ ɐ n̪
kailanganin	k a ɪ̯ l ɐ ŋ aː n̪ ɪ n̪
kailanganin	k ɐ ʔ ɪ l ɐ ŋ aː n̪ ɪ n̪
kailanman	k a ɪ̯ l ɐ n̪ m a n̪
kailanman	k ɐ ʔ ɪ l ɐ n̪ m a n̪
kaiman	k ɐ ʔ ɪ m a n̪
kaimito	k a ɪ̯ m iː t̪ o
kaimposiblehan	k ɐ ʔ ɪ m p o s iː b l ɛ h a n̪
kaimposiblihan	k ɐ ʔ ɪ m p o s iː b l ɪ h a n̪
kain	k aː ʔ ɛ n̪
kain	k aː ʔ ɪ n̪
kainaman	k ɐ ʔ ɪ n̪ aː m ɐ n̪
kainan	k ɐ ʔ iː n̪ ɐ n̪
kainan	k ɐ ʔ ɪ n̪ a n̪
kaing	k ɐ ʔ ɪ ŋ
kaingin	k ɐ ʔ ɪ ŋ ɪ n̪
kainin	k ɐ ʔ iː n̪ ɪ n̪
kainis	k ɐ ʔ ɪ n̪ ɪ s
kaintan	k ɐ ʔ ɪ n̪ t̪ a n̪
kaipala	k ɐ ʔ ɪ p aː l ɐ ʔ
kaisahan	k ɐ ʔ ɪ s ɐ h a n̪
kaisandibdib	k ɐ ʔ ɪ s a n̪ d̪ ɪ b d̪ ɪ b̚
kaisipan	k ɐ ʔ ɪ s ɪ p a n̪
kait	k ɐ ʔ ɪ t̪̚
kaka	k aː x ɐ
kaka	k ɐ x a ʔ
kakabig	k ɐ x aː b ɪ ɡ̚
kakabili	k aː x ɐ b ɪ l ɪ
kakagat	k aː x ɐ ɣ a t̪̚
kakagising	k ɐ x ɐ ɣ iː s ɪ ŋ
kakahiyaan	k aː x ɐ h j ɐ ʔ a n̪
kakahiyan	k aː x ɐ h j a n̪
kakahuyan	k ɐ x ɐ h ʊ j a n̪
kakaiba	k aː x ɐ ʔ ɪ b a
kakain	k ɐ x aː ʔ ɪ n̪
kakainan	k ɐ x ɐ ʔ iː n̪ ɐ n̪
kakainan	k ɐ x ɐ ʔ ɪ n̪ a n̪
kakainin	k aː x ɐ ʔ iː n̪ ɪ n̪
kakak	k aː x ɐ k̚
kakakain	k ɐ x ɐ x aː ʔ ɪ n̪
kakalot	k ɐ x ɐ l o t̪̚
kakaluyin	k aː x ɐ l uː j ɪ n̪
kakaluyin	k ɐ x ɐ l uː j ɪ n̪
kakambal	k ɐ x ɐ m b a l
kakampi	k aː x ɐ m p ɪ
kakampi	k ɐ x ɐ m p ɪ
kakampink	k ɐ x ɐ m p ɪ ŋ k
kakanan	k aː x aː n̪ ɐ n̪
kakanan	k aː x ɐ n̪ a n̪
kakanan	k ɐ x aː n̪ ɐ n̪
kakanan	k ɐ x ɐ n̪ a n̪
kakanggata	k aː x ɐ ŋ ɡ ɐ t̪ a ʔ
kakanin	k aː x aː n̪ ɪ n̪
kakanin	k ɐ x ɐ n̪ ɪ n̪
kakanina	k aː x ɐ n̪ iː n̪ ɐ
kakaniyahan	k ɐ x ɐ n̪ j ɐ h a n̪
kakaniyahan	k ɐ x ɐ ɲ ɐ h a n̪
kakanyahan	k ɐ x ɐ n ɲ ɐ h a n̪
kakanyahan	k ɐ x ɐ n̪ j ɐ h a n̪
kakaphay	k ɐ x ɐ p h a ɪ̯
kakapitan	k aː x ɐ p iː t̪ ɐ n̪
kakapitan	k ɐ x ɐ p iː t̪ ɐ n̪
kakarampot	k aː x ɐ ɾ ɐ m p o t̪̚
kakastiguhin	k ɐ x ɐ s t̪ ɪ ɣ uː h ɪ n̪
kakatuwa	k aː x ɐ t̪ w a ʔ
kakatuwa	k ɐ x ɐ t̪ uː w ɐ
kakatwa	k ɐ x ɐ t̪ w a
kakatwa	k ɐ x ɐ t̪ w a ʔ
kakaw	k ɐ x a ʊ̯
kakawasaan	k ɐ x ɐ w ɐ s ɐ ʔ a n̪
kakawate	k ɐ x ɐ w aː t̪ ɛ
kakawati	k ɐ x ɐ w aː t̪ ɪ
kakawayan	k aː x ɐ w ɐ j a n̪
kakayahan	k ɐ x ɐ j ɐ h a n̪
kakayanan	k ɐ x ɐ j ɐ n̪ a n̪
kaki	k aː x ɪ
kaki	k ɐ x ɪ
kakilala	k ɐ x ɪ l aː l ɐ
kakilawan	k ɐ x ɪ l ɐ w a n̪
kaklase	k ɐ k l aː s ɛ
kako	k aː x o
kakompetensiya	k ɐ x o m p ɛ t̪ ɛ n̪ s j ɐ
kakompetensiya	k ɐ x o m p ɛ t̪ ɛ n̪ ʃ ɐ
kakompetensya	k ɐ x o m p ɛ t̪ ɛ n̪ s j ɐ
kakompetensya	k ɐ x o m p ɛ t̪ ɛ n̪ ʃ ɐ
kakompletuhan	k ɐ x o m p l ɛ t̪ uː h ɐ n̪
kakosa	k ɐ x oː s ɐ
kakto	k a k t̪ o
kaktus	k a k t̪ ʊ s
kakulangan	k ɐ x ʊ l ɐ ŋ a n̪
kakulawas	k ɐ x ʊ l aː w ɐ s
kakumpetensiya	k ɐ x ʊ m p ɛ t̪ ɛ n̪ s j ɐ
kakumpetensiya	k ɐ x ʊ m p ɛ t̪ ɛ n̪ ʃ ɐ
kakumpetensya	k ɐ x ʊ m p ɛ t̪ ɛ n̪ s j ɐ
kakumpetensya	k ɐ x ʊ m p ɛ t̪ ɛ n̪ ʃ ɐ
kakumpitensiya	k ɐ x ʊ m p ɪ t̪ ɛ n̪ s j ɐ
kakumpitensiya	k ɐ x ʊ m p ɪ t̪ ɛ n̪ ʃ ɐ
kakumpitensya	k ɐ x ʊ m p ɪ t̪ ɛ n̪ s j ɐ
kakumpitensya	k ɐ x ʊ m p ɪ t̪ ɛ n̪ ʃ ɐ
kakumpletuhan	k ɐ x ʊ m p l ɛ t̪ uː h ɐ n̪
kakuwentuhan	k ɐ k w ɛ n̪ t̪ uː h ɐ n̪
kakwentuhan	k ɐ k w ɛ n̪ t̪ uː h ɐ n̪
kal	k a l
kalaban	k ɐ l aː b ɐ n̪
kalabasa	k ɐ l ɐ b aː s ɐ
kalabasahan	k ɐ l ɐ b ɐ s aː h ɐ n̪
kalabaw	k ɐ l ɐ b a ʊ̯
kalabhasaan	k ɐ l ɐ b h ɐ s ɐ ʔ a n̪
kalabit	k ɐ l ɐ b ɪ t̪̚
kalabitin	k aː l ɐ b ɪ t̪ ɪ n̪
kalabitin	k ɐ l ɐ b ɪ t̪ ɪ n̪
kalabo	k ɐ l aː b o
kalabog	k ɐ l ɐ b o ɡ̚
kalabos	k ɐ l ɐ b o s
kalaboso	k ɐ l ɐ b oː s o
kalachuchi	k ɐ l ɐ t t͡ʃ uː t͡ʃ ɪ
kalachuchi	k ɐ l ɐ t̪ s u t̪ s ɪ
kaladkad	k ɐ l ɐ d̪ k a d̪̚
kaladkarin	k ɐ l ɐ d̪ k aː ɾ ɪ n̪
kaladkarin	k ɐ l ɐ d̪ k ɐ ɾ ɪ n̪
kalag	k ɐ l a ɡ̚
kalagayan	k ɐ l ɐ ɣ aː j ɐ n̪
kalagitna	k ɐ l ɐ ɣ ɪ t̪ n̪ a ʔ
kalagitnaan	k ɐ l ɐ ɣ ɪ t̪ n̪ aː ʔ ɐ n̪
kalagkag	k ɐ l ɐ ɡ k a ɡ̚
kalaguyo	k ɐ l ɐ ɣ uː j o ʔ
kalahati	k ɐ l ɐ h aː t̪ ɪ ʔ
kalahatian	k ɐ l ɐ h ɐ t̪ iː ʔ ɐ n̪
kalahay	k ɐ l ɐ h a ɪ̯
kalahok	k ɐ l ɐ h o k̚
kalakal	k ɐ l aː x ɐ l
kalakal	k ɐ l ɐ x a l
kalakalan	k aː l ɐ x ɐ l a n̪
kalakaran	k aː l ɐ x ɐ ɾ a n̪
kalakaran	k ɐ l ɐ x ɐ ɾ a n̪
kalakati	k ɐ l ɐ x aː t̪ ɪ ʔ
kalakbay	k ɐ l ɐ k b a ɪ̯
kalakhan	k ɐ l ɐ k h a n̪
kalakian	k ɐ l ɐ x iː ʔ ɐ n̪
kalakihan	k ɐ l ɐ x ɪ h a n̪
kalakiyan	k ɐ l ɐ x iː j ɐ n̪
kalakpan	k ɐ l ɐ k p a n̪
kalakuwerda	k ɐ l ɐ k w ɛ ɾ d̪ ɐ
kalakyan	k ɐ l ɐ k j a n̪
kalalakihan	k ɐ l aː l ɐ x ɪ h a n̪
kalalakihan	k ɐ l ɐ l ɐ x iː h ɐ n̪
kalalang	k ɐ l aː l ɐ ŋ
kalalang	k ɐ l ɐ l a ŋ
kalaliman	k ɐ l ɐ l iː m ɐ n̪
kalamaan	k ɐ l ɐ m aː ʔ ɐ n̪
kalamak	k ɐ l ɐ m a k̚
kalamansanay	k ɐ l ɐ m ɐ n̪ s aː n̪ a ɪ̯
kalamansi	k ɐ l ɐ m ɐ n̪ s ɪ ʔ
kalamares	k ɐ l ɐ m aː ɾ ɛ s
kalamayo	k ɐ l ɐ m aː j o
kalamba	k ɐ l ɐ m b a ʔ
kalambatan	k ɐ l ɐ m b ɐ t̪ a n̪
kalambigas	k ɐ l ɐ m b ɪ ɣ a s
kalambre	k ɐ l a m b ɾ ɛ
kalamidad	k ɐ l ɐ m ɪ d̪ a d̪̚
kalamismis	k ɐ l ɐ m ɪ s m ɪ s
kalamnan	k ɐ l ɐ m n̪ a n̪
kalampinay	k ɐ l ɐ m p iː n̪ a ɪ̯
kalamunding	k ɐ l ɐ m ʊ n̪ d̪ ɪ ŋ
kalamyas	k ɐ l ɐ m j a s
kalan	k ɐ l a n̪
kalanbanyaga	k ɐ l ɐ m b ɐ n ɲ aː ɣ ɐ ʔ
kalanbanyaga	k ɐ l ɐ m b ɐ n̪ j aː ɣ ɐ ʔ
kalanda	k ɐ l ɐ n̪ d̪ a
kalanda	k ɐ l ɐ n̪ d̪ a ʔ
kalandak	k ɐ l ɐ n̪ d̪ a k̚
kalandra	k ɐ l a n̪ d̪ ɾ ɐ
kalang	k aː l ɐ ŋ
kalangay	k ɐ l aː ŋ a ɪ̯
kalangbahala	k aː l ɐ m b ɐ h aː l ɐ ʔ
kalangitan	k ɐ l ɐ ŋ iː t̪ ɐ n̪
kalangitan	k ɐ l ɐ ŋ ɪ t̪ a n̪
kalansay	k ɐ l ɐ n̪ s a ɪ̯
kalantari	k ɐ l ɐ n̪ t̪ aː ɾ ɪ ʔ
kalantas	k ɐ l ɐ n̪ t̪ a s
kalap	k aː l ɐ p̚
kalap	k ɐ l a p̚
kalapa	k ɐ l ɐ p a ʔ
kalapastangan	k ɐ l ɐ p ɐ s t̪ aː ŋ ɐ n̪
kalapastanganan	k ɐ l ɐ p ɐ s t̪ ɐ ŋ aː n̪ ɐ n̪
kalapati	k ɐ l ɐ p aː t̪ ɪ
kalapatihan	k aː l ɐ p ɐ t̪ iː h ɐ n̪
kalapintero	k ɐ l ɐ p ɪ n̪ t̪ ɛː ɾ o
kalara	k ɐ l ɐ ɾ a
kalarawan	k ɐ l ɐ ɾ aː w ɐ n̪
kalarawnan	k ɐ l ɐ ɾ a ʊ̯ n̪ a n̪
kalaro	k ɐ l ɐ ɾ o ʔ
kalas	k ɐ l a s
kalasag	k ɐ l aː s ɐ ɡ̚
kalasag	k ɐ l ɐ s a ɡ̚
kalasaw	k ɐ l ɐ s a ʊ̯
kalasing	k ɐ l ɐ s ɪ ŋ
kalasingan	k ɐ l ɐ s ɪ ŋ a n̪
kalasusi	k ɐ l ɐ s uː s ɪ ʔ
kalasutsi	k ɐ l ɐ s u t̪ s ɪ ʔ
kalasutsi	k ɐ l ɐ s uː t͡ʃ ɪ ʔ
kalaswaan	k ɐ l ɐ s w ɐ ʔ a n̪
kalat	k aː l ɐ t̪̚
kalat	k ɐ l a t̪̚
kalatas	k ɐ l ɐ t̪ a s
kalatiw	k ɐ l ɐ t̪ ɪ ʊ̯
kalatiyo	k ɐ l ɐ t̪ iː j o
kalatiyo	k ɐ l ɐ t̪ j o
kalatiyo	k ɐ l ɐ t͡ʃ o
kalatowat	k ɐ l ɐ t̪ o w a t̪̚
kalatowat	k ɐ l ɐ t̪ oː w ɐ t̪̚
kalatsutsi	k ɐ l ɐ t t͡ʃ uː t͡ʃ ɪ ʔ
kalatsutsi	k ɐ l ɐ t̪ s u t̪ s ɪ ʔ
kalatuwat	k ɐ l ɐ t̪ uː w ɐ t̪̚
kalatuwat	k ɐ l ɐ t̪ w a t̪̚
kalatwat	k ɐ l ɐ t̪ w a t̪̚
kalatyo	k ɐ l ɐ t t͡ʃ o
kalatyo	k ɐ l ɐ t̪ j o
kalaunan	k ɐ l ɐ ʔ uː n̪ ɐ n̪
kalaw	k aː l a ʊ̯
kalawakan	k ɐ l ɐ w aː x ɐ n̪
kalawang	k ɐ l aː w ɐ ŋ
kalawangin	k ɐ l ɐ w aː ŋ ɪ n̪
kalawangin	k ɐ l ɐ w ɐ ŋ ɪ n̪
kalawit	k ɐ l aː w ɪ t̪̚
kalayaan	k ɐ l ɐ j aː ʔ ɐ n̪
kalayaan	k ɐ l ɐ j ɐ ʔ a n̪
kalayahan	k ɐ l ɐ j aː h ɐ n̪
kalaykay	k ɐ l a ɪ̯ x a ɪ̯
kalba	k ɐ l b a
kalbaryo	k ɐ l b a ɾ j o
kalbasa	k ɐ l b aː s ɐ
kalbit	k ɐ l b ɪ t̪̚
kalbo	k ɐ l b o
kalbo	k ɐ l b o ʔ
kalburo	k ɐ l b uː ɾ o
kalda	k ɐ l d̪ a
kaldera	k ɐ l d̪ ɛː ɾ ɐ
kaldereta	k ɐ l d̪ ɛ ɾ ɛː t̪ ɐ
kaldero	k ɐ l d̪ ɛː ɾ o
kalembang	k ɐ l ɛ m b ɐ ŋ
kalendaryo	k ɐ l ɛ n̪ d̪ a ɾ j o
kalesa	k ɐ l ɛː s ɐ
kali	k aː l ɪ
kali	k ɐ l ɛ ʔ
kali	k ɐ l ɪ
kali	k ɐ l ɪ ʔ
kalibangbang	k ɐ l ɪ b ɐ m b a ŋ
kalibid	k ɐ l iː b ɪ d̪̚
kalibkib	k ɐ l ɪ b k ɪ b̚
kalibre	k ɐ l iː b ɾ ɛ
kalibugan	k ɐ l ɪ b uː ɣ ɐ n̪
kalidad	k ɐ l ɪ d̪ a d̪̚
kalidoskopyo	k ɐ l ɪ d̪ o s k o p j o
kaligayahan	k ɐ l ɪ ɣ ɐ j ɐ h a n̪
kaligkig	k ɐ l ɪ ɡ k ɪ ɡ̚
kalihim	k ɐ l iː h ɪ m
kalihiman	k ɐ l ɪ h iː m ɐ n̪
kalihiman	k ɐ l ɪ h ɪ m a n̪
kaliitan	k ɐ l ɪ ʔ ɪ t̪ a n̪
kalikam	k ɐ l iː x ɐ m
kalikasan	k ɐ l iː x aː s ɐ n̪
kalikasan	k ɐ l ɪ x aː s ɐ n̪
kaliko	k ɐ l iː x o
kalikot	k ɐ l iː x o t̪̚
kalilya	k ɐ l i l j ɐ
kalima	k ɐ l ɪ m a
kalimaras	k ɐ l ɪ m ɐ ɾ a s
kalimatyo	k ɐ l ɪ m ɐ t t͡ʃ o
kalimatyo	k ɐ l ɪ m ɐ t̪ j o
kalimbahin	k ɐ l ɪ m b ɐ h ɪ n̪
kalimutan	k ɐ l ɪ m uː t̪ ɐ n̪
kalinangan	k ɐ l ɪ n̪ ɐ ŋ a n̪
kalinga	k ɐ l iː ŋ ɐ ʔ
kalingaan	k aː l ɪ ŋ ɐ ʔ a n̪
kalinggalan	k ɐ l ɪ ŋ ɡ ɐ l a n̪
kalinggitan	k ɐ l ɪ ŋ ɡ ɪ t̪ a n̪
kalingkingan	k aː l ɪ ŋ k iː ŋ ɐ n̪
kalinisan	k ɐ l ɪ n̪ iː s ɐ n̪
kalis	k aː l ɪ s
kaliskis	k ɐ l ɪ s k ɪ s
kalit	k ɐ l ɪ t̪̚
kaliwa	k ɐ l ɪ w a ʔ
kaliwanagan	k ɐ l ɪ w ɐ n̪ aː ɣ ɐ n̪
kaliwete	k ɐ l ɪ w ɛː t̪ ɛ
kaliya	k aː l j ɐ ʔ
kaliya	k ɐ l j a ʔ
kalkal	k ɐ l k a l
kalkulador	k ɐ l k ʊ l ɐ d̪ o ɾ
kalkulasyon	k ɐ l k ʊ l ɐ s j o n̪
kalkulasyon	k ɐ l k ʊ l ɐ ʃ o n̪
kalma	k a l m ɐ
kalma	k ɐ l m a
kalma	k ɐ l m a ʔ
kalmado	k ɐ l m aː d̪ o
kalmen	k ɐ l m ɛ n̪
kalmot	k ɐ l m o t̪̚
kalo	k aː l o ʔ
kalo	k ɐ l o ʔ
kalokohan	k ɐ l o x oː h ɐ n̪
kaloob	k ɐ l o ʔ o b̚
kalooban	k ɐ l o ʔ o b a n̪
kalooban	k ɐ l o ʔ oː b ɐ n̪
kalookan	k aː l o ʔ o x a n̪
kalookan	k ɐ l o ʔ oː x ɐ n̪
kalos	k aː l o s
kalos	k ɐ l o s
kalot	k aː l o t̪̚
kalot	k ɐ l o t̪̚
kalsada	k ɐ l s aː d̪ ɐ
kalsetin	k ɐ l s ɛ t̪ ɪ n̪
kalsiyo	k a l s j o
kalsiyo	k a l ʃ o
kalso	k ɐ l s o
kalsonsilyo	k ɐ l s o n̪ s i l j o
kaltas	k ɐ l t̪ a s
kaltasado	k ɐ l t̪ ɐ s aː d̪ o
kaltek	k a l t̪ ɛ k̚
kaluban	k ɐ l uː b ɐ n̪
kalubasa	k ɐ l ʊ b aː s ɐ
kalugay	k ɐ l uː ɣ a ɪ̯
kalukati	k ɐ l ʊ x aː t̪ ɪ ʔ
kalukbanan	k ɐ l ʊ k b aː n̪ ɐ n̪
kalukbanan	k ɐ l ʊ k b ɐ n̪ a n̪
kalukbananan	k ɐ l ʊ k b ɐ n̪ aː n̪ ɐ n̪
kaluluwa	k aː l ʊ l w a
kaluluwa	k ɐ l ʊ l w a
kalulwa	k aː l ʊ l w a
kalulwa	k ɐ l ʊ l w a
kalumbaba	k ɐ l ʊ m b aː b ɐ ʔ
kalumbaba	k ɐ l ʊ m b ɐ b a ʔ
kalumbahin	k ɐ l ʊ m b ɐ h ɪ n̪
kalumbibit	k ɐ l ʊ m b ɪ b ɪ t̪̚
kalumpang	k ɐ l ʊ m p a ŋ
kalumpit	k ɐ l ʊ m p ɪ t̪̚
kalungkutan	k ɐ l ʊ ŋ k uː t̪ ɐ n̪
kalungsuran	k ɐ l ʊ n̪ s ʊ ɾ a n̪
kalungtian	k ɐ l ʊ n̪ t̪ ɪ ʔ a n̪
kaluniya	k ɐ l ʊ n̪ iː j ɐ ʔ
kaluniya	k ɐ l ʊ n̪ j a ʔ
kaluniya	k ɐ l ʊ ɲ a ʔ
kaluntian	k ɐ l ʊ n̪ t̪ ɪ ʔ a n̪
kalunuran	k ɐ l ʊ n̪ uː ɾ ɐ n̪
kalunya	k aː l ʊ n ɲ a ʔ
kalunya	k aː l ʊ n̪ j a ʔ
kalunya	k ɐ l ʊ n ɲ a ʔ
kalunya	k ɐ l ʊ n̪ j a ʔ
kalupaan	k ɐ l ʊ p ɐ ʔ a n̪
kaluskos	k ɐ l ʊ s k o s
kalusugan	k aː l ʊ s uː ɣ ɐ n̪
kalusugan	k ɐ l ʊ s uː ɣ ɐ n̪
kalusugan	k ɐ l ʊ s ʊ ɣ a n̪
kaluwalhatian	k ɐ l w ɐ l h ɐ t̪ iː ʔ ɐ n̪
kalya	k a l j ɐ ʔ
kalya	k ɐ l j a ʔ
kalye	k a l j ɛ
kalyehon	k ɐ l j ɛ h o n̪
kalyo	k a l j o
kalyos	k ɐ l j o s
kama	k aː m ɐ
kamada	k ɐ m aː d̪ ɐ
kamagalingga	k ɐ m ɐ ɣ ɐ l ɪ ŋ ɡ a
kamagong	k ɐ m ɐ ɣ o ŋ
kamakaapat	k ɐ m ɐ x ɐ ʔ aː p ɐ t̪̚
kamakailan	k ɐ m ɐ x a ɪ̯ l a n̪
kamakailan	k ɐ m ɐ x ɐ ʔ ɪ l a n̪
kamakalawa	k ɐ m ɐ x ɐ l ɐ w a
kamakalima	k ɐ m ɐ x ɐ l ɪ m a
kamakapat	k ɐ m ɐ x aː p ɐ t̪̚
kamakapuwo	k ɐ m ɐ x ɐ p uː w o ʔ
kamakatlo	k ɐ m ɐ x ɐ t̪ l̪ o
kamaksi	k aː m ɐ k s ɪ ʔ
kamalala	k ɐ m ɐ l aː l ɐ
kamalasan	k ɐ m ɐ l aː s ɐ n̪
kamalayan	k ɐ m ɐ l ɐ j a n̪
kamaleon	k ɐ m ɐ l ɛ j o n̪
kamalian	k ɐ m ɐ l iː ʔ ɐ n̪
kamalig	k ɐ m aː l ɪ ɡ̚
kamanahan	k ɐ m ɐ n̪ aː h ɐ n̪
kamandag	k ɐ m ɐ n̪ d̪ a ɡ̚
kamanga	k ɐ m ɐ ŋ a ʔ
kamanggagawa	k ɐ m ɐ ŋ ɡ ɐ ɣ aː w ɐ ʔ
kamanggiyanis	k ɐ m ɐ ŋ ɡ j aː n̪ ɪ s
kamangiyanis	k ɐ m ɐ ŋ j aː n̪ ɪ s
kamangmangan	k ɐ m ɐ ŋ m ɐ ŋ a n̪
kamangsi	k ɐ m ɐ n̪ s ɪ ʔ
kamangyan	k ɐ m ɐ ŋ j a n̪
kamansi	k ɐ m ɐ n̪ s ɪ ʔ
kamantigi	k ɐ m ɐ n̪ t̪ iː ɣ ɪ ʔ
kamanyan	k ɐ m ɐ n ɲ a n̪
kamanyan	k ɐ m ɐ n̪ j a n̪
kamanyang	k ɐ m ɐ n ɲ a ŋ
kamanyang	k ɐ m ɐ n̪ j a ŋ
kamao	k ɐ m ɐ ʔ o
kamaoo	k ɐ m ɐ ʔ o ʔ o
kamaoo	k ɐ m ɐ ʔ oː ʔ o
kamape	k ɐ m ɐ p ɛ
kamara	k aː m ɐ ɾ a
kamaro	k aː m ɐ ɾ o
kamas	k ɐ m a s
kamatayan	k ɐ m ɐ t̪ aː j ɐ n̪
kamatis	k ɐ m aː t̪ ɪ s
kamatsile	k ɐ m a t̪ s ɪ l ɛ
kamatsile	k ɐ m aː t͡ʃ ɪ l ɛ
kamaw	k ɐ m a ʊ̯
kamay	k ɐ m a ɪ̯
kamayan	k ɐ m aː j ɐ n̪
kamayan	k ɐ m ɐ j a n̪
kamaydorea	k ɐ m a ɪ̯ d̪ o ɾ ɛː j ɐ
kambal	k ɐ m b a l
kambas	k a m b ɐ s
kambing	k ɐ m b ɪ ŋ
kambiyo	k a m b j o
kambyo	k a m b j o
kameleon	k ɐ m ɛ l ɛ j o n̪
kamelyo	k ɐ m ɛ l j o
kamelyon	k ɐ m ɛ l j o n̪
kamera	k aː m ɛ ɾ a
kameraman	k aː m ɛ ɾ ɐ m a n̪
kami	k ɐ m ɛ
kami	k ɐ m ɪ
kamihasnan	k aː m ɪ h ɐ s n̪ a n̪
kamikam	k ɐ m iː x ɐ m
kamisa	k ɐ m iː s ɐ
kamiseta	k ɐ m ɪ s ɛː t̪ ɐ
kamison	k ɐ m ɪ s o n̪
kamit	k ɐ m ɪ t̪̚
kamkam	k ɐ m k a m
kamo	k aː m o
kamo	k ɐ m o
kamot	k aː m o t̪̚
kamote	k ɐ m oː t̪ ɛ
kamotpusa	k aː m o t̪ p uː s ɐ ʔ
kampana	k ɐ m p aː n̪ ɐ ʔ
kampanaryo	k ɐ m p ɐ n̪ a ɾ j o
kampang	k ɐ m p a ŋ
kampanilya	k ɐ m p ɐ n̪ i l j ɐ
kampante	k ɐ m p a n̪ t̪ ɛ
kampanya	k ɐ m p a n̪ j ɐ
kampanya	k ɐ m p aː ɲ ɐ
kampanya	k ɐ m p ɐ n ɲ a
kampanya	k ɐ m p ɐ n̪ j a
kampay	k ɐ m p a ɪ̯
kampeon	k ɐ m p ɛ j o n̪
kampeonato	k ɐ m p ɛ j o n̪ aː t̪ o
kampetse	k ɐ m p ɛ t̪ s ɛ
kampetse	k ɐ m p ɛː t͡ʃ ɛ
kampilan	k ɐ m p iː l ɐ n̪
kamping	k ɐ m p ɪ ŋ
kampit	k ɐ m p ɪ t̪̚
kampiyon	k ɐ m p j o n̪
kampon	k ɐ m p o n̪
kampor	k a m p o ɾ
kamposanto	k ɐ m p o s a n̪ t̪ o
kampukan	k ɐ m p uː x ɐ n̪
kampupot	k ɐ m p uː p o t̪̚
kampyon	k ɐ m p j o n̪
kamto	k a m t̪ o
kamto	k ɐ m t̪ o
kamukha	k ɐ m ʊ k h a ʔ
kamukha	k ɐ m ʊ x a ʔ
kamulkap	k ɐ m ʊ l k a p̚
kamulkapanan	k ɐ m ʊ l k ɐ p aː n̪ ɐ n̪
kamumo	k ɐ m uː m o
kamunduhan	k ɐ m ʊ n̪ d̪ ʊ h a n̪
kamuning	k ɐ m ʊ n̪ ɪ ŋ
kamunti	k ɐ m ʊ n̪ t̪ ɪ ʔ
kamuntik	k ɐ m ʊ n̪ t̪ ɪ k̚
kamuplads	k aː m ʊ p l a d̪ s
kamuplads	k aː m ʊ p l a d͡ʒ
kamuplahe	k ɐ m ʊ p l aː h ɛ
kamuplas	k aː m ʊ p l a s
kamusta	k ɐ m ʊ s t̪ a
kamya	k a m j ɐ
kamya	k ɐ m j a
kamyas	k ɐ m j a s
kamyon	k ɐ m j o n̪
kana	k aː n̪ ɐ ʔ
kana	k ɐ n̪ a
kana	k ɐ n̪ a ʔ
kanakana	k ɐ n̪ ɐ x ɐ n̪ a ʔ
kanal	k ɐ n̪ a l
kanalado	k ɐ n̪ ɐ l aː d̪ o
kanan	k aː n̪ ɐ n̪
kanan	k ɐ n̪ a n̪
kanape	k ɐ n̪ ɐ p ɛ
kanaryo	k ɐ n̪ a ɾ j o
kanaw	k ɐ n̪ a ʊ̯
kanayunan	k ɐ n̪ ɐ j uː n̪ ɐ n̪
kandado	k ɐ n̪ d̪ aː d̪ o
kandaduhan	k ɐ n̪ d̪ ɐ d̪ uː h ɐ n̪
kandaki	k ɐ n̪ d̪ aː x ɪ ʔ
kandaki	k ɐ n̪ d̪ ɐ x ɪ ʔ
kandangaho	k ɐ n̪ d̪ ɐ ŋ aː h o ʔ
kandangaok	k ɐ n̪ d̪ ɐ ŋ aː ʔ o k̚
kandanggaok	k ɐ n̪ d̪ ɐ ŋ ɡ aː ʔ o k̚
kandarapa	k ɐ n̪ d̪ ɐ ɾ aː p ɐ ʔ
kandaro	k ɐ n̪ d̪ aː ɾ o
kandelabra	k ɐ n̪ d̪ ɛ l aː b ɾ ɐ
kandelabro	k ɐ n̪ d̪ ɛ l aː b ɾ o
kandelero	k ɐ n̪ d̪ ɛ l ɛː ɾ o
kandi	k ɐ n̪ d̪ ɪ
kandidata	k ɐ n̪ d̪ ɪ d̪ aː t̪ ɐ
kandidato	k ɐ n̪ d̪ ɪ d̪ aː t̪ o
kandidatura	k ɐ n̪ d̪ ɪ d̪ ɐ t̪ uː ɾ ɐ
kandila	k ɐ n̪ d̪ iː l ɐ ʔ
kandilero	k ɐ n̪ d̪ ɪ l ɛː ɾ o
kandililya	k ɐ n̪ d̪ ɪ l i l j ɐ
kandingga	k ɐ n̪ d̪ i ŋ ɡ ɐ
kandingga	k ɐ n̪ d̪ ɪ ŋ ɡ a
kandong	k ɐ n̪ d̪ o ŋ
kandoy	k ɐ n̪ d̪ o ɪ̯
kanduli	k ɐ n̪ d̪ uː l ɪ ʔ
kandungan	k ɐ n̪ d̪ uː ŋ ɐ n̪
kanela	k ɐ n̪ ɛː l ɐ
kanelado	k ɐ n̪ ɛ l aː d̪ o
kang	k a ŋ
kangalanan	k ɐ ŋ ɐ l ɐ n̪ a n̪
kangga	k ɐ ŋ ɡ a
kangga	k ɐ ŋ ɡ a ʔ
kanggaru	k a ŋ ɡ ɐ ɾ ʊ
kanggreho	k ɐ ŋ ɡ ɾ ɛː h o
kangina	k ɐ ŋ iː n̪ ɐ
kangkaro	k a ŋ k ɐ ɾ o
kangkaroso	k ɐ ŋ k ɐ ɾ oː s o
kangkong	k ɐ ŋ k o ŋ
kangkungan	k ɐ ŋ k uː ŋ ɐ n̪
kangreho	k ɐ ŋ ɡ ɾ ɛː h o
kanibal	k aː n̪ ɪ b a l
kanibal	k ɐ n̪ ɪ b a l
kanibalismo	k ɐ n̪ ɪ b ɐ l i s m o
kaniguan	k ɐ n̪ ɪ ɣ uː ʔ ɐ n̪
kanila	k ɐ n̪ ɪ l a
kanilado	k ɐ n̪ ɪ l aː d̪ o
kanilya	k ɐ n̪ i l j ɐ
kanilyado	k ɐ n̪ ɪ l j aː d̪ o
kanin	k aː n̪ ɪ n̪
kanina	k ɐ n̪ iː n̪ ɐ
kanino	k ɐ n̪ iː n̪ o
kanisid	k ɐ n̪ iː s ɪ d̪̚
kaniya	k aː n̪ j ɐ
kaniya	k aː ɲ ɐ
kaniya	k ɐ n̪ j a
kaniya	k ɐ ɲ a
kaniyugan	k ɐ n̪ j uː ɣ ɐ n̪
kaniyugan	k ɐ ɲ uː ɣ ɐ n̪
kankaro	k a ŋ k ɐ ɾ o
kanlong	k ɐ n̪ l o ŋ
kanlungan	k ɐ n̪ l uː ŋ ɐ n̪
kanluran	k ɐ n̪ l uː ɾ ɐ n̪
kanoa	k ɐ n̪ oː w ɐ
kanonisasyon	k ɐ n̪ o n̪ ɪ s ɐ s j o n̪
kanonisasyon	k ɐ n̪ o n̪ ɪ s ɐ ʃ o n̪
kanowa	k ɐ n̪ oː w ɐ
kansa	k a n̪ s ɐ
kansa	k ɐ n̪ s a
kanselasyon	k ɐ n̪ s ɛ l ɐ s j o n̪
kanselasyon	k ɐ n̪ s ɛ l ɐ ʃ o n̪
kanser	k a n̪ s ɛ ɾ
kansi	k a n̪ s ɪ
kansi	k ɐ n̪ s ɪ
kansilyer	k ɐ n̪ s ɪ l j ɛ ɾ
kansing	k ɐ n̪ s ɪ ŋ
kanta	k ɐ n̪ t̪ a
kantahan	k ɐ n̪ t̪ ɐ h a n̪
kantahin	k ɐ n̪ t̪ ɐ h ɪ n̪
kantarilya	k ɐ n̪ t̪ ɐ ɾ i l j ɐ
kanti	k ɐ n̪ t̪ ɪ ʔ
kantidad	k ɐ n̪ t̪ ɪ d̪ a d̪̚
kantin	k ɐ n̪ t̪ ɪ n̪
kanto	k a n̪ t̪ o
kanto	k ɐ n̪ t̪ o
kantog	k ɐ n̪ t̪ o ɡ̚
kanton	k ɐ n̪ t̪ o n̪
kantot	k ɐ n̪ t̪ o t̪̚
kantunan	k ɐ n̪ t̪ uː n̪ ɐ n̪
kantutan	k ɐ n̪ t̪ uː t̪ ɐ n̪
kantutay	k ɐ n̪ t̪ uː t̪ a ɪ̯
kantutero	k ɐ n̪ t̪ ʊ t̪ ɛː ɾ o
kantutin	k ɐ n̪ t̪ ʊ t̪ ɪ n̪
kanugnog	k ɐ n̪ ʊ ɡ n̪ o ɡ̚
kanula	k aː n̪ ʊ l a
kanumay	k ɐ n̪ uː m a ɪ̯
kanunuan	k ɐ n̪ ʊ n̪ uː ʔ ɐ n̪
kanya	k ɐ n ɲ a
kanya	k ɐ n ɲ a ʔ
kanya	k ɐ n̪ j a
kanya	k ɐ n̪ j a ʔ
kanyaw	k ɐ n ɲ a ʊ̯
kanyaw	k ɐ n̪ j a ʊ̯
kanyon	k ɐ n ɲ o n̪
kanyon	k ɐ n̪ j o n̪
kaoba	k ɐ w oː b ɐ
kaoba	k ɐ ʔ oː b ɐ
kaon	k ɐ ʔ o n̪
kaopisina	k ɐ ʔ o p ɪ s iː n̪ ɐ
kaos	k aː w o s
kaotiko	k ɐ w oː t̪ ɪ x o
kapabayaan	k ɐ p ɐ b ɐ j ɐ ʔ a n̪
kapabilidad	k ɐ p ɐ b ɪ l ɪ d̪ a d̪̚
kapag	k ɐ p a ɡ̚
kapagdaka	k ɐ p ɐ ɡ d̪ aː x ɐ
kapagka	k ɐ p ɐ ɡ k a ʔ
kapahamakan	k ɐ p ɐ h ɐ m ɐ x a n̪
kapak	k aː p ɐ k̚
kapakanan	k ɐ p ɐ x ɐ n̪ a n̪
kapal	k ɐ p a l
kapalaluan	k ɐ p ɐ l ɐ l uː ʔ ɐ n̪
kapalan	k ɐ p ɐ l a n̪
kapalaran	k ɐ p ɐ l aː ɾ ɐ n̪
kapalit	k ɐ p ɐ l ɪ t̪̚
kapalutan	k ɐ p ɐ l uː t̪ ɐ n̪
kapamilya	k ɐ p ɐ m i l j ɐ
kapanahunan	k ɐ p ɐ n̪ ɐ h uː n̪ ɐ n̪
kapananampalataya	k ɐ p ɐ n̪ ɐ n̪ ɐ m p ɐ l ɐ t̪ aː j ɐ
kapandakan	k ɐ p ɐ n̪ d̪ ɐ x a n̪
kapangahasan	k ɐ p ɐ ŋ ɐ h ɐ s a n̪
kapanganakan	k ɐ p ɐ ŋ ɐ n̪ aː x ɐ n̪
kapangitan	k ɐ p ɐ ŋ iː t̪ ɐ n̪
kapangyarihan	k ɐ p ɐ ŋ j ɐ ɾ iː h ɐ n̪
kapanlikhaan	k ɐ p ɐ n̪ l ɪ x ɐ ʔ a n̪
kapansanan	k ɐ p ɐ n̪ s aː n̪ ɐ n̪
kaparangan	k ɐ p ɐ ɾ aː ŋ ɐ n̪
kapas	k aː p ɐ s
kapas	k ɐ p a s
kapasidad	k ɐ p ɐ s ɪ d̪ a d̪̚
kapat	k aː p ɐ t̪̚
kapatagan	k ɐ p ɐ t̪ aː ɣ ɐ n̪
kapatas	k ɐ p ɐ t̪ a s
kapatawaran	k ɐ p ɐ t̪ ɐ w ɐ ɾ a n̪
kapatid	k ɐ p ɐ t̪ ɪ d̪̚
kapatiran	k aː p ɐ t̪ iː ɾ ɐ n̪
kapayapaan	k ɐ p ɐ j ɐ p aː ʔ ɐ n̪
kapayatan	k ɐ p ɐ j ɐ t̪ a n̪
kapayiran	k ɐ p ɐ j iː ɾ ɐ n̪
kapbiling	k ɐ p b ɪ l ɪ ŋ
kapbisa	k ɐ p b iː s ɐ ʔ
kapbulog	k ɐ p b uː l o ɡ̚
kape	k ɐ p ɛ
kapehan	k ɐ p ɛː h ɐ n̪
kapeina	k ɐ p e ɪ̯ n̪ ɐ
kapetera	k ɐ p ɛ t̪ ɛː ɾ ɐ
kapeyna	k ɐ p e ɪ̯ n̪ ɐ
kaphay	k ɐ p h a ɪ̯
kapid	k aː p ɪ d̪̚
kapidbahay	k aː p ɪ d̪ b aː h a ɪ̯
kapihan	k ɐ p iː h ɐ n̪
kapilya	k ɐ p i l j ɐ
kapingahan	k ɐ p ɪ ŋ ɐ h a n̪
kapiraso	k ɐ p ɪ ɾ aː s o
kapirasuhan	k ɐ p ɪ ɾ ɐ s uː h ɐ n̪
kapirayt	k aː p ɪ ɾ a ɪ̯ t̪
kapis	k ɐ p ɪ s
kapisanan	k ɐ p ɪ s aː n̪ ɐ n̪
kapit	k aː p ɪ t̪̚
kapitalismo	k ɐ p ɪ t̪ ɐ l i s m o
kapitalista	k ɐ p ɪ t̪ ɐ l i s t̪ ɐ
kapitalistiko	k ɐ p ɪ t̪ ɐ l i s t̪ ɪ x o
kapitan	k ɐ p iː t̪ ɐ n̪
kapitan	k ɐ p ɪ t̪ a n̪
kapitbahay	k aː p ɪ t̪ b aː h a ɪ̯
kapitbahayan	k aː p ɪ t̪ b ɐ h aː j ɐ n̪
kapitbansa	k aː p ɪ t̪ b ɐ n̪ s a ʔ
kapitbisig	k aː p ɪ t̪ b iː s ɪ ɡ̚
kapitolyo	k ɐ p ɪ t̪ o l j o
kapitulo	k ɐ p iː t̪ ʊ l o
kapkapan	k ɐ p k ɐ p a n̪
kapkeyk	k a p k e ɪ̯ k
kaplamuman	k ɐ p l ɐ m uː m ɐ n̪
kaplastikan	k ɐ p l a s t̪ ɪ x a n̪
kaplastikan	k ɐ p l ɐ s t̪ iː x ɐ n̪
kapnayan	k ɐ p n̪ aː j ɐ n̪
kapok	k aː p o k̚
kapol	k aː p o l
kapol	k ɐ p o l
kapon	k ɐ p o n̪
kapos	k ɐ p o s
kapote	k ɐ p oː t̪ ɛ
kapoti	k ɐ p oː t̪ ɪ
kapre	k a p ɾ ɛ
kaprisyosa	k ɐ p ɾ ɪ s j oː s ɐ
kaprisyosa	k ɐ p ɾ ɪ ʃ oː s ɐ
kaprisyoso	k ɐ p ɾ ɪ s j oː s o
kaprisyoso	k ɐ p ɾ ɪ ʃ oː s o
kapritso	k ɐ p ɾ i t̪ s o
kapritso	k ɐ p ɾ iː t͡ʃ o
kapritsosa	k ɐ p ɾ ɪ t t͡ʃ oː s ɐ
kapritsosa	k ɐ p ɾ ɪ t̪ s oː s ɐ
kapritsoso	k ɐ p ɾ ɪ t t͡ʃ oː s o
kapritsoso	k ɐ p ɾ ɪ t̪ s oː s o
kapsira	k ɐ p s iː ɾ ɐ ʔ
kapsula	k a p s ʊ l a
kapukan	k ɐ p uː x ɐ n̪
kapulisan	k ɐ p ʊ l ɪ s a n̪
kapuluan	k ɐ p ʊ l ʊ ʔ a n̪
kapulungan	k ɐ p ʊ l ʊ ŋ a n̪
kapuno	k ɐ p uː n̪ o ʔ
kapurko	k ɐ p u ɾ k o
kaputan	k ɐ p ʊ t̪ a n̪
kaputian	k aː p ʊ t̪ iː ʔ ɐ n̪
kaputian	k ɐ p ʊ t̪ ɪ ʔ a n̪
kaputol	k ɐ p uː t̪ o l
kapuwa	k aː p w ɐ ʔ
kapuwang	k ɐ p w a ŋ
kapwa	k a p w ɐ ʔ
kapyari	k ɐ p j aː ɾ ɪ ʔ
kar	k a ɾ
karaage	k ɐ ɾ aː ɣ ɛ
karaage	k ɐ ɾ ɐ ʔ aː ɣ ɛ
karabaw	k ɐ ɾ ɐ b a ʊ̯
karagatan	k ɐ ɾ ɐ ɣ aː t̪ ɐ n̪
karagatan	k ɐ ɾ ɐ ɣ ɐ t̪ a n̪
karagdagan	k ɐ ɾ ɐ ɡ d̪ aː ɣ ɐ n̪
karagilapan	k ɐ ɾ ɐ ɣ ɪ l ɐ p a n̪
karagragan	k ɐ ɾ ɐ ɡ ɾ aː ɣ ɐ n̪
karagsinan	k ɐ ɾ ɐ ɡ s ɪ n̪ a n̪
karahasan	k ɐ ɾ ɐ h ɐ s a n̪
karahay	k ɐ ɾ ɐ h a ɪ̯
karakoa	k ɐ ɾ ɐ x oː w ɐ
karakter	k aː ɾ ɐ k t̪ ɛ ɾ
karakter	k ɐ ɾ a k t̪ ɛ ɾ
karakter	k ɐ ɾ ɐ k t̪ ɛ ɾ
karamba	k ɐ ɾ a m b ɐ
karambola	k ɐ ɾ ɐ m b oː l ɐ
karamelo	k ɐ ɾ ɐ m ɛː l o
karamihan	k ɐ ɾ ɐ m iː h ɐ n̪
karampatan	k ɐ ɾ ɐ m p aː t̪ ɐ n̪
karampot	k ɐ ɾ ɐ m p o t̪̚
karanasan	k ɐ ɾ ɐ n̪ ɐ s a n̪
karang	k aː ɾ ɐ ŋ
karang	k ɐ ɾ a ŋ
karangalan	k ɐ ɾ ɐ ŋ aː l ɐ n̪
karaniwan	k ɐ ɾ ɐ n̪ iː w ɐ n̪
karantso	k ɐ ɾ a n̪ t͡s o
karantso	k ɐ ɾ a n̪ t͡ʃ o
karaoke	k ɐ ɾ ɐ ʔ oː x ɛ
karapatan	k ɐ ɾ ɐ p ɐ t̪ a n̪
kararampot	k ɐ ɾ ɐ ɾ ɐ m p o t̪̚
karate	k ɐ ɾ aː t̪ ɛ
karatig	k ɐ ɾ aː t̪ ɪ ɡ̚
karatula	k ɐ ɾ aː t̪ ʊ l a
karay	k aː ɾ a ɪ̯
karay	k ɐ ɾ a ɪ̯
karayama	k ɐ ɾ ɐ j aː m ɐ
karayom	k ɐ ɾ aː j o m
karbin	k ɐ ɾ b ɪ n̪
karbon	k ɐ ɾ b o n̪
karbono	k ɐ ɾ b oː n̪ o
karbungko	k ɐ ɾ b u ŋ k o
karbungkulo	k ɐ ɾ b u ŋ k ʊ l o
karburador	k ɐ ɾ b ʊ ɾ ɐ d̪ o ɾ
kard	k a ɹ d̪
kardbord	k a ɹ d̪ b o ɹ d̪
kardenal	k ɐ ɾ d̪ ɛ n̪ a l
kardenalato	k ɐ ɾ d̪ ɛ n̪ ɐ l aː t̪ o
kardiyologo	k ɐ ɾ d̪ j oː l o ɣ o
kardiyologo	k ɐ ɾ d͡ʒ oː l o ɣ o
kardiyolohiya	k ɐ ɾ d̪ j o l o h iː j ɐ
kardiyolohiya	k ɐ ɾ d͡ʒ o l o h iː j ɐ
karelebo	k ɐ ɾ ɛ l ɛː b o
karelyebo	k ɐ ɾ ɛ l j ɛː b o
karengkeng	k ɐ ɾ ɛ ŋ k ɛ ŋ
karera	k ɐ ɾ ɛː ɾ ɐ
karerahan	k ɐ ɾ ɛ ɾ aː h ɐ n̪
kareta	k ɐ ɾ ɛː t̪ ɐ
karetela	k ɐ ɾ ɛ t̪ ɛː l ɐ
karetera	k ɐ ɾ ɛ t̪ ɛː ɾ ɐ
karetero	k ɐ ɾ ɛ t̪ ɛː ɾ o
karetilya	k ɐ ɾ ɛ t̪ i l j ɐ
kargamento	k ɐ ɾ ɡ ɐ m ɛ n̪ t̪ o
kari	k aː ɾ ɪ
kari	k ɐ ɾ ɪ
karibal	k ɐ ɾ ɪ b a l
karihan	k ɐ ɾ iː h ɐ n̪
karikaturista	k ɐ ɾ ɪ x ɐ t̪ ʊ ɾ i s t̪ ɐ
kariktan	k ɐ ɾ ɪ k t̪ a n̪
karilyo	k ɐ ɾ i l j o
karilyon	k ɐ ɾ i l j o n̪
karilyon	k ɐ ɾ ɪ l j o n̪
kariman	k aː ɾ ɪ m a n̪
kariman	k ɐ ɾ ɪ m a n̪
karimlan	k ɐ ɾ ɪ m l a n̪
karinderia	k ɐ ɾ ɪ n̪ d̪ ɛ ɾ iː j ɐ
karinderiya	k ɐ ɾ ɪ n̪ d̪ ɛ ɾ iː j ɐ
karinderya	k ɐ ɾ ɪ n̪ d̪ ɛ ɾ j a
karinderya	k ɐ ɾ ɪ n̪ d̪ ɛ ɾ j ɐ
karinyo	k ɐ ɾ i n̪ j o
karinyo	k ɐ ɾ iː ɲ o
karinyosa	k ɐ ɾ ɪ n ɲ oː s ɐ
karinyosa	k ɐ ɾ ɪ n̪ j oː s ɐ
karinyuhan	k aː ɾ ɪ n ɲ uː h ɐ n̪
karinyuhan	k aː ɾ ɪ n̪ j uː h ɐ n̪
karipas	k ɐ ɾ iː p ɐ s
karir	k ɐ ɾ ɪ ɾ
karirin	k ɐ ɾ ɪ ɾ ɪ n̪
karisma	k ɐ ɾ i s m ɐ
karit	k aː ɾ ɪ t̪̚
karitela	k ɐ ɾ ɪ t̪ ɛː l ɐ
kariton	k ɐ ɾ ɪ t̪ o n̪
karlingga	k ɐ ɾ l i ŋ ɡ ɐ
karlingga	k ɐ ɾ l ɪ ŋ ɡ a
karlubang	k ɐ ɾ l uː b ɐ ŋ
karma	k a ɾ m ɐ
karmahin	k a ɾ m ɐ h ɪ n̪
karmin	k ɐ ɾ m ɪ n̪
karnabal	k ɐ ɾ n̪ ɐ b a l
karnap	k a ɾ n̪ ɐ p̚
karnaper	k ɐ ɾ n̪ aː p ɛ ɾ
karne	k ɐ ɾ n̪ ɛ
karnero	k ɐ ɾ n̪ ɛː ɾ o
karo	k aː ɾ o
karoling	k aː ɾ o l ɪ ŋ
karomata	k ɐ ɾ o m aː t̪ ɐ
karosa	k ɐ ɾ oː s ɐ
karot	k aː ɾ o t̪̚
karot	k ɐ ɾ o t̪̚
karpa	k a ɾ p ɐ
karpet	k a ɾ p ɛ t̪̚
karpintero	k ɐ ɾ p ɪ n̪ t̪ ɛː ɾ o
karpiyo	k a ɾ p j o
karpyo	k a ɾ p j o
karsada	k ɐ ɾ s aː d̪ ɐ
karsel	k a ɾ s ɛ l
karsel	k ɐ ɾ s ɛ l
karsonsilyo	k ɐ ɾ s o n̪ s i l j o
karta	k a ɾ t̪ ɐ
kartabon	k ɐ ɾ t̪ ɐ b o n̪
kartada	k ɐ ɾ t̪ aː d̪ ɐ
kartamoneda	k ɐ ɾ t̪ ɐ m o n̪ ɛː d̪ ɐ
kartero	k ɐ ɾ t̪ ɛː ɾ o
kartesyanismo	k ɐ ɾ t̪ ɛ s j ɐ n̪ i s m o
kartesyanismo	k ɐ ɾ t̪ ɛː ʃ ɐ n̪ i s m o
kartesyano	k a ɾ t̪ ɛ s j aː n̪ o
kartesyano	k a ɾ t̪ ɛ ʃ aː n̪ o
kartograpiya	k ɐ ɾ t̪ o ɡ ɾ ɐ p iː j ɐ
karton	k ɐ ɾ t̪ o n̪
kartunis	k a ɾ t̪ ʊ n̪ ɪ s
kartunis	k ɐ ɾ t̪ uː n̪ ɪ s
kartunist	k a ɾ t̪ ʊ n̪ ɪ s t̪
kartunist	k ɐ ɾ t̪ uː n̪ ɪ s t̪
kartunista	k ɐ ɾ t̪ ʊ n̪ i s t̪ ɐ
karumhan	k ɐ ɾ ʊ m h a n̪
karumihan	k ɐ ɾ ʊ m ɪ h a n̪
karunungan	k ɐ ɾ ʊ n̪ uː ŋ ɐ n̪
karupukan	k ɐ ɾ ʊ p ʊ x a n̪
karuwagan	k ɐ ɾ w ɐ ɣ a n̪
karwahe	k ɐ ɾ w aː h ɛ
kas	k a s
kasa	k aː s ɐ
kasa	k aː s ɐ ʔ
kasa	k ɐ s a
kasa	k ɐ s a ʔ
kasaba	k ɐ s aː b ɐ
kasabayan	k ɐ s ɐ b aː j ɐ n̪
kasabihan	k ɐ s ɐ b ɪ h a n̪
kasabwat	k ɐ s ɐ b w a t̪̚
kasag	k ɐ s a ɡ̚
kasaganaan	k ɐ s ɐ ɣ ɐ n̪ aː ʔ ɐ n̪
kasagwilan	k ɐ s ɐ ɡ w ɪ l a n̪
kasaksi	k ɐ s ɐ k s ɪ
kasal	k ɐ s a l
kasalanan	k ɐ s ɐ l aː n̪ ɐ n̪
kasalaulaan	k ɐ s ɐ l ɐ ʔ ʊ l aː ʔ ɐ n̪
kasali	k ɐ s aː l ɛ
kasali	k ɐ s aː l ɪ
kasalikupan	k ɐ s ɐ l ɪ x uː p ɐ n̪
kasalimuotan	k ɐ s ɐ l ɪ m ʊ ʔ o t̪ a n̪
kasalimuotan	k ɐ s ɐ l ɪ m ʊ ʔ oː t̪ ɐ n̪
kasalimuutan	k ɐ s ɐ l ɪ m ʊ ʔ uː t̪ ɐ n̪
kasalimuutan	k ɐ s ɐ l ɪ m ʊ ʔ ʊ t̪ a n̪
kasalukuyan	k ɐ s ɐ l ʊ x uː j ɐ n̪
kasalungat	k ɐ s ɐ l ʊ ŋ a t̪̚
kasama	k ɐ s aː m ɐ
kasama	k ɐ s ɐ m a
kasamaan	k ɐ s ɐ m ɐ ʔ a n̪
kasamahin	k aː s ɐ m ɐ h ɪ n̪
kasamahin	k ɐ s ɐ m aː h ɪ n̪
kasamantalahan	k ɐ s ɐ m ɐ n̪ t̪ ɐ l aː h ɐ n̪
kasamantalahan	k ɐ s ɐ m ɐ n̪ t̪ ɐ l ɐ h a n̪
kasambahay	k ɐ s ɐ m b aː h a ɪ̯
kasambahay	k ɐ s ɐ m b ɐ h a ɪ̯
kasanaan	k ɐ s ɐ n̪ aː ʔ ɐ n̪
kasangbahay	k ɐ s ɐ m b aː h a ɪ̯
kasangbahay	k ɐ s ɐ m b ɐ h a ɪ̯
kasangga	k ɐ s ɐ ŋ ɡ a ʔ
kasanyuan	k ɐ s ɐ n ɲ ʊ ʔ a n̪
kasanyuan	k ɐ s ɐ n̪ j ʊ ʔ a n̪
kasapi	k ɐ s aː p ɪ ʔ
kasapuwego	k ɐ s ɐ p w ɛː ɣ o
kasapwego	k ɐ s ɐ p w ɛː ɣ o
kasarian	k ɐ s ɐ ɾ ɪ ʔ a n̪
kasarilihan	k ɐ s ɐ ɾ ɪ l ɪ h a n̪
kasarilinan	k ɐ s ɐ ɾ ɪ l ɪ n̪ a n̪
kasarinlan	k ɐ s ɐ ɾ ɪ n̪ l a n̪
kasat	k ɐ s a t̪̚
kasawian	k ɐ s ɐ w iː ʔ ɐ n̪
kasayahan	k ɐ s ɐ j aː h ɐ n̪
kasayapan	k ɐ s ɐ j ɐ p a n̪
kasaykasay	k aː s a ɪ̯ x aː s a ɪ̯
kasaysayan	k ɐ s a ɪ̯ s aː j ɐ n̪
kasehoda	k ɐ s ɛ h oː d̪ ɐ
kasekway	k ɐ s ɛ k w a ɪ̯
kasera	k ɐ s ɛː ɾ ɐ
kasero	k ɐ s ɛː ɾ o
kaserola	k ɐ s ɛ ɾ oː l ɐ
kash	k a s
kash	k a ʃ
kasi	k aː s ɪ
kasi	k ɐ s ɪ
kasi	k ɐ s ɪ ʔ
kasiguraduhan	k ɐ s ɪ ɣ ʊ ɾ ɐ d̪ uː h ɐ n̪
kasikatan	k ɐ s ɪ x aː t̪ ɐ n̪
kasili	k ɐ s iː l ɪ
kasilonawan	k ɐ s ɪ l o n̪ ɐ w a n̪
kasilyas	k ɐ s i l j ɐ s
kasim	k aː s ɪ m
kasim	k ɐ s ɪ m
kasimbuti	k ɐ s ɪ m b uː t̪ ɪ
kasingkahulugan	k ɐ s ɪ ŋ k ɐ h ʊ l ʊ ɣ a n̪
kasiningan	k ɐ s ɪ n̪ iː ŋ ɐ n̪
kasinlaki	k ɐ s ɪ n̪ l ɐ x ɪ
kasinluwat	k ɐ s ɪ n̪ l w a t̪̚
kasino	k ɐ s iː n̪ o
kasintahan	k ɐ s ɪ n̪ t̪ aː h ɐ n̪
kasinungalingan	k ɐ s ɪ n̪ ʊ ŋ ɐ l iː ŋ ɐ n̪
kasinway	k ɐ s ɪ n̪ w a ɪ̯
kasinwayin	k ɐ s ɪ n̪ w aː j ɪ n̪
kasiraan	k ɐ s ɪ ɾ ɐ ʔ a n̪
kasiya	k aː s j ɐ
kasiya	k aː ʃ ɐ
kasiyahan	k ɐ s j aː h ɐ n̪
kasiyahan	k ɐ s ɪ j ɐ h a n̪
kaskaho	k ɐ s k aː h o
kaskaron	k ɐ s k ɐ ɾ o n̪
kaskas	k ɐ s k a s
kaskasero	k ɐ s k ɐ s ɛː ɾ o
kasko	k ɐ s k o
kasmura	k ɐ s m uː ɾ ɐ ʔ
kaso	k aː s o
kason	k ɐ s o n̪
kasosyo	k ɐ s o s j o
kasosyo	k ɐ s oː ʃ o
kasoy	k ɐ s o ɪ̯
kastanet	k a s t̪ ɐ n̪ ɛ t̪̚
kastanitas	k ɐ s t̪ ɐ n̪ iː t̪ ɐ s
kastaniyas	k ɐ s t̪ ɐ n̪ iː j ɐ s
kastanyas	k ɐ s t̪ a n̪ j ɐ s
kastanyas	k ɐ s t̪ aː ɲ ɐ s
kastanyas	k ɐ s t̪ ɐ n ɲ a s
kastanyas	k ɐ s t̪ ɐ n̪ j a s
kastanyetas	k ɐ s t̪ ɐ n ɲ ɛː t̪ ɐ s
kastanyetas	k ɐ s t̪ ɐ n̪ j ɛː t̪ ɐ s
kastanyo	k ɐ s t̪ a n̪ j o
kastanyo	k ɐ s t̪ aː ɲ o
kastigo	k ɐ s t̪ iː ɣ o
kastiguhin	k ɐ s t̪ ɪ ɣ uː h ɪ n̪
kastilyo	k ɐ s t̪ i l j o
kastor	k ɐ s t̪ o ɾ
kastuli	k ɐ s t̪ uː l ɪ ʔ
kasubha	k ɐ s ʊ b h a ʔ
kasubhain	k aː s ʊ b h aː ʔ ɪ n̪
kasukasuan	k ɐ s ʊ x ɐ s uː ʔ ɐ n̪
kasukasuan	k ɐ s ʊ x ɐ s ʊ ʔ a n̪
kasula	k ɐ s uː l ɐ
kasulatan	k ɐ s ʊ l ɐ t̪ a n̪
kasulinawan	k ɐ s ʊ l ɪ n̪ aː w ɐ n̪
kasultanan	k ɐ s ʊ l t̪ ɐ n̪ a n̪
kasulya	k ɐ s u l j ɐ
kasumba	k ɐ s ʊ m b a
kasundaluhan	k ɐ s ʊ n̪ d̪ ɐ l uː h ɐ n̪
kasunduan	k ɐ s ʊ n̪ d̪ uː ʔ ɐ n̪
kasunlaran	k ɐ s ʊ n̪ l ɐ ɾ a n̪
kasunuran	k ɐ s ʊ n̪ uː ɾ ɐ n̪
kasunuran	k ɐ s ʊ n̪ ʊ ɾ a n̪
kasuotan	k ɐ s ʊ ʔ o t̪ a n̪
kasuotan	k ɐ s ʊ ʔ oː t̪ ɐ n̪
kasuutan	k ɐ s ʊ ʔ uː t̪ ɐ n̪
kasuutan	k ɐ s ʊ ʔ ʊ t̪ a n̪
kasuy	k ɐ s ʊ ɪ̯
kaswalti	k a s w ɐ l t̪ ɪ
kaswaryo	k ɐ s w a ɾ j o
kaswela	k ɐ s w ɛː l ɐ
kasya	k a s j ɐ
kasya	k aː ʃ ɐ
kata	k aː t̪ ɐ ʔ
kata	k ɐ t̪ a
kata	k ɐ t̪ a ʔ
kataba	k ɐ t̪ aː b ɐ ʔ
kataba	k ɐ t̪ ɐ b a ʔ
katabi	k ɐ t̪ ɐ b ɛ
katabi	k ɐ t̪ ɐ b ɪ
kataga	k ɐ t̪ ɐ ɣ a ʔ
katahimikan	k ɐ t̪ ɐ h ɪ m iː x ɐ n̪
katakata	k ɐ t̪ ɐ x ɐ t̪ a ʔ
katakawan	k ɐ t̪ ɐ x aː w ɐ n̪
kataksilan	k ɐ t̪ ɐ k s ɪ l a n̪
katal	k ɐ t̪ a l
katalaghayan	k ɐ t̪ ɐ l ɐ ɡ h ɐ j a n̪
katalamitam	k ɐ t̪ ɐ l ɐ m iː t̪ ɐ m
katalamitan	k ɐ t̪ ɐ l ɐ m iː t̪ ɐ n̪
katalepsiya	k ɐ t̪ ɐ l ɛ p s j ɐ
katalepsiya	k ɐ t̪ ɐ l ɛ p ʃ ɐ
katalinuhan	k ɐ t̪ ɐ l ɪ n̪ uː h ɐ n̪
kataliwasan	k ɐ t̪ ɐ l ɪ w ɐ s a n̪
katalo	k ɐ t̪ aː l o
katalo	k ɐ t̪ ɐ l o
katalog	k aː t̪ ɐ l o ɡ̚
katalogo	k ɐ t̪ aː l o ɣ o
katalona	k ɐ t̪ ɐ l oː n̪ ɐ
katalonan	k ɐ t̪ ɐ l oː n̪ ɐ n̪
katalubata	k ɐ t̪ ɐ l ʊ b ɐ t̪ a ʔ
katalunan	k ɐ t̪ ɐ l uː n̪ ɐ n̪
katam	k ɐ t̪ a m
katamaran	k ɐ t̪ ɐ m ɐ ɾ a n̪
katambukan	k ɐ t̪ ɐ m b ʊ x a n̪
katan	k aː t̪ ɐ n̪
katana	k ɐ t̪ aː n̪ ɐ ʔ
katang	k aː t̪ ɐ ŋ
katang	k ɐ t̪ a ŋ
katangahan	k ɐ t̪ ɐ ŋ ɐ h a n̪
katangian	k ɐ t̪ ɐ ŋ iː ʔ ɐ n̪
katanungan	k ɐ t̪ ɐ n̪ uː ŋ ɐ n̪
katanway	k ɐ t̪ ɐ n̪ w a ɪ̯
katapat	k ɐ t̪ ɐ p a t̪̚
katapatan	k ɐ t̪ ɐ p aː t̪ ɐ n̪
katapusan	k ɐ t̪ ɐ p ʊ s a n̪
katarata	k ɐ t̪ ɐ ɾ aː t̪ ɐ
katarungan	k ɐ t̪ ɐ ɾ uː ŋ ɐ n̪
katarungan	k ɐ t̪ ɐ ɾ ʊ ŋ a n̪
katas	k ɐ t̪ a s
katastrope	k ɐ t̪ a s t̪ ɾ o p ɛ
katatagan	k ɐ t̪ ɐ t̪ ɐ ɣ a n̪
katauhan	k ɐ t̪ ɐ ʔ uː h ɐ n̪
katawan	k ɐ t̪ ɐ w a n̪
katay	k aː t̪ a ɪ̯
katay	k ɐ t̪ a ɪ̯
katayan	k aː t̪ aː j ɐ n̪
katayan	k ɐ t̪ ɐ j a n̪
katayin	k ɐ t̪ aː j ɪ n̪
katayin	k ɐ t̪ ɐ j ɪ n̪
katayuwat	k ɐ t̪ ɐ j uː w ɐ t̪̚
katedral	k ɐ t̪ ɛ d̪ ɾ a l
kategorikal	k ɐ t̪ ɛ ɣ o ɾ ɪ x a l
kategorya	k ɐ t̪ ɛ ɣ o ɾ j a
kategorya	k ɐ t̪ ɛ ɣ o ɾ j ɐ
katekismo	k ɐ t̪ ɛ x i s m o
katekista	k ɐ t̪ ɛ x i s t̪ ɐ
kateks	k ɐ t̪ ɛ k s
katerba	k ɐ t̪ ɛ ɾ b ɐ
katerpilar	k aː t̪ ɛ ɾ p iː l ɐ ɾ
katesismo	k ɐ t̪ ɛ s i s m o
katha	k ɐ t̪ h a ʔ
kathambuhay	k ɐ t̪ h a m b uː h a ɪ̯
kati	k aː t̪ ɪ
kati	k ɐ t̪ ɪ
kati	k ɐ t̪ ɪ ʔ
katib	k ɐ t̪ ɪ b̚
katibayan	k ɐ t̪ ɪ b aː j ɐ n̪
katig	k aː t̪ ɪ ɡ̚
katigalan	k ɐ t̪ ɪ ɣ ɐ l a n̪
katigan	k ɐ t̪ iː ɣ ɐ n̪
katiglan	k ɐ t̪ ɪ ɡ l a n̪
katihan	k ɐ t̪ iː h ɐ n̪
katimawaan	k ɐ t̪ ɪ m ɐ w aː ʔ ɐ n̪
katimon	k ɐ t̪ iː m o n̪
katinig	k ɐ t̪ iː n̪ ɪ ɡ̚
katinisan	k ɐ t̪ ɪ n̪ iː s ɐ n̪
katinisan	k ɐ t̪ ɪ n̪ ɪ s a n̪
katipan	k ɐ t̪ ɪ p a n̪
katipunan	k ɐ t̪ ɪ p uː n̪ ɐ n̪
katisismo	k ɐ t̪ ɪ s i s m o
katisismo	k ɐ t̪ ɪ s ɪ s m o
katiter	k aː t̪ ɪ t̪ ɛ ɾ
katitikan	k ɐ t̪ ɪ t̪ iː x ɐ n̪
katitikan	k ɐ t̪ ɪ t̪ ɪ x a n̪
katitis	k ɐ t̪ ɪ t̪ ɪ s
katiwala	k ɐ t̪ ɪ w aː l ɐ ʔ
katiwalian	k ɐ t̪ ɪ w ɐ l ɪ ʔ a n̪
katiyaw	k aː t̪ j a ʊ̯
katiyaw	k aː t͡ʃ a ʊ̯
katlabi	k ɐ t̪ l̪ aː b ɪ ʔ
katleya	k ɐ t̪ l̪ ɛː j ɐ
katlo	k ɐ t̪ l̪ o
katlo	k ɐ t̪ l̪ o ʔ
katmon	k ɐ t̪ m o n̪
kato	k ɐ t̪ o ʔ
katog	k ɐ t̪ o ɡ̚
katok	k ɐ t̪ o k̚
katokayo	k ɐ t̪ o x aː j o
katol	k ɐ t̪ o l
katoliko	k ɐ t̪ oː l ɪ x o
katolonan	k ɐ t̪ o l oː n̪ ɐ n̪
katorse	k ɐ t̪ o ɾ s ɛ
katoto	k ɐ t̪ oː t̪ o
katotohanan	k ɐ t̪ o t̪ o h aː n̪ ɐ n̪
katrabaho	k ɐ t̪ ɾ ɐ b aː h o
katre	k aː t̪ ɾ ɛ
katropa	k ɐ t̪ ɾ oː p ɐ
katsa	k ɐ t t͡ʃ a
katsa	k ɐ t̪ s a
katsakahan	k ɐ t t͡ʃ ɐ x aː h ɐ n̪
katsakahan	k ɐ t̪ s ɐ x aː h ɐ n̪
katsang	k ɐ t t͡ʃ a ŋ
katsang	k ɐ t̪ s a ŋ
katsarita	k ɐ t t͡ʃ ɐ ɾ iː t̪ ɐ
katsarita	k ɐ t̪ s ɐ ɾ iː t̪ ɐ
katser	k a t̪ s ɛ ɾ
katser	k aː t͡ʃ ɛ ɾ
katsismisan	k ɐ t͡s ɪ s m iː s ɐ n̪
katsismisan	k ɐ t͡ʃ ɪ s m iː s ɐ n̪
katsot	k ɐ t t͡ʃ o t̪̚
katsot	k ɐ t̪ s o t̪̚
katsumba	k ɐ t t͡ʃ u m b ɐ
katsumba	k ɐ t̪ s u m b ɐ
katsurita	k ɐ t t͡ʃ ʊ ɾ iː t̪ ɐ
katsurita	k ɐ t̪ s ʊ ɾ iː t̪ ɐ
katukayo	k ɐ t̪ ʊ x aː j o
katulad	k ɐ t̪ uː l ɐ d̪̚
katulalaan	k ɐ t̪ ʊ l ɐ l ɐ ʔ a n̪
katulong	k ɐ t̪ uː l o ŋ
katulunan	k ɐ t̪ ʊ l uː n̪ ɐ n̪
katumbas	k ɐ t̪ ʊ m b a s
katunayan	k ɐ t̪ ʊ n̪ aː j ɐ n̪
katunggakan	k ɐ t̪ ʊ ŋ ɡ ɐ x a n̪
katunggali	k ɐ t̪ ʊ ŋ ɡ ɐ l ɪ ʔ
katungkulan	k ɐ t̪ ʊ ŋ k uː l ɐ n̪
katungkulan	k ɐ t̪ ʊ ŋ k ʊ l a n̪
katuparan	k ɐ t̪ ʊ p aː ɾ ɐ n̪
katuray	k ɐ t̪ uː ɾ a ɪ̯
katuruan	k ɐ t̪ ʊ ɾ uː ʔ ɐ n̪
katuruan	k ɐ t̪ ʊ ɾ ʊ ʔ a n̪
katutak	k ɐ t̪ uː t̪ ɐ k̚
katutubo	k ɐ t̪ ʊ t̪ uː b o ʔ
katutuyutan	k ɐ t̪ ʊ t̪ ʊ j ʊ t̪ a n̪
katuwaan	k ɐ t̪ w aː ʔ ɐ n̪
katuwang	k ɐ t̪ w a ŋ
katuwiran	k ɐ t̪ w iː ɾ ɐ n̪
katwiran	k ɐ t̪ w iː ɾ ɐ n̪
katyaw	k a t̪ j a ʊ̯
katyaw	k aː t͡ʃ a ʊ̯
kaugnayan	k ɐ ʔ ʊ ɡ n̪ aː j ɐ n̪
kaulapan	k ɐ ʔ ʊ l aː p ɐ n̪
kaulatan	k ɐ ʔ ʊ l aː t̪ ɐ n̪
kaungasan	k ɐ ʔ ʊ ŋ ɐ s a n̪
kaunlaran	k ɐ ʔ ʊ n̪ l ɐ ɾ a n̪
kaunti	k o n̪ t̪ ɛ ʔ
kaunti	k o n̪ t̪ ɪ ʔ
kaunti	k ɐ ʔ ʊ n̪ t̪ ɪ ʔ
kauntian	k ɐ ʔ ʊ n̪ t̪ ɪ ʔ a n̪
kausap	k ɐ ʔ uː s ɐ p̚
kausap	k ɐ ʔ ʊ s a p̚
kausapin	k ɐ ʔ ʊ s aː p ɪ n̪
kautalan	k ɐ ʔ ʊ t̪ ɐ l a n̪
kautusan	k ɐ ʔ ʊ t̪ ʊ s a n̪
kaw	k a ʊ̯
kawa	k aː w ɐ
kawad	k aː w ɐ d̪̚
kawal	k aː w ɐ l
kawalan	k ɐ w ɐ l a n̪
kawali	k ɐ w aː l ɪ ʔ
kawan	k aː w ɐ n̪
kawanggawa	k aː w ɐ ŋ ɡ ɐ w a ʔ
kawani	k ɐ w aː n̪ ɪ
kawani	k ɐ w ɐ n̪ ɪ
kawanihan	k aː w ɐ n̪ ɪ h a n̪
kawasa	k ɐ w aː s ɐ ʔ
kawatan	k ɐ w aː t̪ ɐ n̪
kawatan	k ɐ w ɐ t̪ a n̪
kawawa	k ɐ w aː w ɐ ʔ
kawawaan	k ɐ w ɐ w aː ʔ ɐ n̪
kaway	k aː w a ɪ̯
kaway	k ɐ w a ɪ̯
kawayan	k aː w aː j ɐ n̪
kawayan	k ɐ w aː j ɐ n̪
kawayan	k ɐ w ɐ j a n̪
kawayanan	k ɐ w ɐ j ɐ n̪ a n̪
kawboy	k a ʊ̯ b o ɪ̯
kawi	k aː w ɪ ʔ
kawi	k ɐ w ɪ ʔ
kawil	k aː w ɪ l
kawil	k ɐ w ɪ l
kawing	k ɐ w ɪ ŋ
kawingan	k ɐ w iː ŋ ɐ n̪
kawit	k aː w ɪ t̪̚
kawkaw	k a ʊ̯ x a ʊ̯
kawkawin	k a ʊ̯ x ɐ w ɪ n̪
kawsa	k a ʊ̯ s ɐ
kay	k a ɪ̯
kaya	k aː j ɐ
kaya	k aː j ɐ ʔ
kaya	k ɐ j a ʔ
kayabangan	k ɐ j ɐ b aː ŋ ɐ n̪
kayabungan	k ɐ j ɐ b uː ŋ ɐ n̪
kayag	k aː j ɐ ɡ̚
kayagangan	k ɐ j ɐ ɣ aː ŋ ɐ n̪
kayagungan	k ɐ j ɐ ɣ uː ŋ ɐ n̪
kayakyakan	k ɐ j ɐ k j ɐ x a n̪
kayamanan	k ɐ j ɐ m aː n̪ ɐ n̪
kayamuan	k ɐ j ɐ m uː ʔ ɐ n̪
kayan	k ɐ j a n̪
kayapahan	k ɐ j ɐ p ɐ h a n̪
kayarian	k aː j ɐ ɾ ɪ ʔ a n̪
kayarian	k ɐ j ɐ ɾ iː ʔ ɐ n̪
kayat	k aː j ɐ t̪̚
kayawa	k ɐ j aː w ɐ ʔ
kayeluhan	k ɐ j ɛ l uː h ɐ n̪
kayeput	k ɐ j ɛː p ʊ t̪̚
kayepute	k ɐ j ɛ p uː t̪ ɛ
kaykay	k a ɪ̯ x a ɪ̯
kaymito	k a ɪ̯ m iː t̪ o
kayo	k aː j o
kayo	k ɐ j o
kayod	k aː j o d̪̚
kayog	k ɐ j o ɡ̚
kaypala	k a ɪ̯ p aː l ɐ ʔ
kayrel	k a ɪ̯ ɾ ɛ l
kaysa	k a ɪ̯ s a
kaysa	k ɛː s ɐ
kayumanggi	k ɐ j ʊ m ɐ ŋ ɡ ɪ
kayumanis	k ɐ j ʊ m aː n̪ ɪ s
kayumkom	k ɐ j ʊ m k o m
kayuran	k ɐ j ʊ ɾ a n̪
kayuyo	k ɐ j uː j o ʔ
kayuyuan	k ɐ j ʊ j uː ʔ ɐ n̪
ke	k ɛ
ke	k ɛ ʔ
keber	k ɛ b ɛ ɾ
kebs	k ɛ b s
keha	k ɛː h ɐ
keik	k e ɪ̯ k
kek	k ɛ k̚
kekok	k ɛː x o k̚
kekyam	k ɛ k j ɐ m
kelan	k e ɪ̯ l a n̪
kelan	k ɛː l ɐ n̪
kelot	k ɛː l o t̪̚
keluwa	k ɛ l w a ʔ
kembot	k ɛ m b o t̪̚
kemikal	k ɛ m ɪ x a l
kemikal	k ɛː m ɪ x a l
kemistri	k ɛː m ɪ s t̪ ɾ ɪ
kendeng	k ɛ n̪ d̪ ɛ ŋ
kendi	k ɛ n̪ d̪ ɪ
kendo	k ɛ n̪ d̪ o
kengkoy	k ɛ ŋ k o ɪ̯
kenopodyo	k ɛ n̪ o p o d̪ j o
kenopodyo	k ɛ n̪ o p oː d͡ʒ o
kepo	k iː p o
kepo	k ɛː p o
kepweng	k ɛ p w ɛ ŋ
kerelya	k ɛ ɾ ɛ l j ɐ
kerengkeng	k ɛ ɾ ɛ ŋ k ɛ ŋ
keri	k ɛː ɾ ɪ
kerida	k ɛ ɾ iː d̪ ɐ
kerido	k ɛ ɾ iː d̪ o
kerosin	k ɛː ɾ o s ɪ n̪
kerot	k ɛː ɾ o t̪̚
kerots	k ɛː ɾ o t̪ s
kerubin	k ɛ ɾ ʊ b ɪ n̪
kerubines	k ɛ ɾ ʊ b iː n̪ ɛ s
kerwe	k ɛ ɾ w ɛ ʔ
kesa	k ɛː s ɐ
kesehoda	k ɛ s ɛ h oː d̪ ɐ
keso	k ɛː s o
kesyo	k ɛ s j o
kesyo	k ɛː ʃ o
ket	k ɛ t̪̚
ketay	k ɛː t̪ a ɪ̯
ketong	k ɛː t̪ o ŋ
ketongan	k ɛ t̪ oː ŋ ɐ n̪
ketongin	k ɛ t̪ oː ŋ ɪ n̪
ketsap	k ɛ t̪ s ɐ p̚
ketsap	k ɛː t͡ʃ ɐ p̚
ketsapan	k ɛ t̪ s ɐ p a n̪
ketsapan	k ɛː t͡ʃ ɐ p a n̪
ketungan	k ɛ t̪ uː ŋ ɐ n̪
ketungin	k ɛ t̪ uː ŋ ɪ n̪
key	k e ɪ̯
keyboardista	k ɪ b o ɾ d̪ i s t̪ ɐ
keyk	k e ɪ̯ k
kiay	k iː ʔ a ɪ̯
kiay	k ɪ ʔ a ɪ̯
kiba	k ɪ b a
kibal	k iː b ɐ l
kibit	k ɪ b ɪ t̪̚
kibits	k iː b ɪ t̪ s
kibitser	k iː b ɪ t̪ s ɛ ɾ
kibla	k ɪ b l a
kibo	k ɪ b o ʔ
kibord	k iː b o ɹ d̪
kibordista	k ɪ b o ɾ d̪ i s t̪ ɐ
kidkid	k ɪ d̪ k ɪ d̪̚
kidlat	k ɪ d̪ l̪ a t̪̚
kidnap	k i d̪ n̪ ɐ p̚
kidnaper	k ɪ d̪ n̪ aː p ɛ ɾ
kidsulid	k ɪ d̪ s uː l ɪ d̪̚
kidya	k ɪ d d͡ʒ a
kidya	k ɪ d̪ j a
kihol	k iː h o l
kiit	k ɪ ʔ ɪ t̪̚
kikay	k iː x a ɪ̯
kiki	k iː x ɪ ʔ
kiki	k ɪ x ɪ
kikiam	k i k j ɐ m
kikig	k iː x ɪ ɡ̚
kikik	k iː x ɪ k̚
kikil	k iː x ɪ l
kikilan	k ɪ x iː l ɐ n̪
kikiligin	k iː x ɪ l ɪ ɣ ɪ n̪
kikinsot	k ɪ x ɪ n̪ s o t̪̚
kikiyam	k iː k j ɐ m
kikiyam	k ɪ k j a m
kikoy	k iː x o ɪ̯
kikyam	k i k j ɐ m
kikyam	k ɪ k j a m
kila	k ɪ l a
kilabot	k ɪ l aː b o t̪̚
kilabutan	k ɪ l ɐ b uː t̪ ɐ n̪
kilala	k ɪ l aː l ɐ
kilala	k ɪ l ɐ l a
kilates	k ɪ l aː t̪ ɛ s
kilatis	k ɪ l aː t̪ ɪ s
kilaw	k ɪ l a ʊ̯
kilawin	k ɪ l ɐ w ɪ n̪
kilay	k iː l a ɪ̯
kilig	k ɪ l ɪ ɡ̚
kiligin	k ɪ l ɪ ɣ ɪ n̪
kilik	k iː l ɪ k̚
kilikili	k ɪ l ɪ x iː l ɪ
kilikiti	k ɪ l ɪ x ɪ t̪ ɪ ʔ
kiling	k iː l ɪ ŋ
kiling	k ɪ l ɪ ŋ
kiliti	k ɪ l ɪ t̪ ɪ ʔ
kilitiin	k iː l ɪ t̪ iː ʔ ɪ n̪
kilitiin	k ɪ l ɪ t̪ ɪ ʔ ɪ n̪
kilitis	k ɪ l ɪ t̪ ɪ s
kilo	k iː l o
kilo	k ɪ l o ʔ
kilogramo	k ɪ l o ɡ ɾ aː m o
kilogramo	k ɪ l oː ɡ ɾ ɐ m o
kilometrahe	k ɪ l o m ɛ t̪ ɾ aː h ɛ
kilometro	k ɪ l o m ɛː t̪ ɾ o
kilometro	k ɪ l oː m ɛ t̪ ɾ o
kilos	k iː l o s
kilusan	k iː l ʊ s a n̪
kilusan	k ɪ l uː s ɐ n̪
kilusan	k ɪ l ʊ s a n̪
kiluwa	k ɪ l w a ʔ
kilyawan	k ɪ l j aː w ɐ n̪
kima	k iː m ɐ ʔ
kima	k ɪ m a
kima	k ɪ m a ʔ
kimaw	k ɪ m a ʊ̯
kimi	k iː m ɪ ʔ
kimi	k ɪ m ɪ ʔ
kimika	k iː m ɪ x a
kimiko	k iː m ɪ x o
kimkim	k ɪ m k ɪ m
kimlo	k ɪ m l o
kimona	k ɪ m oː n̪ ɐ
kimono	k ɪ m oː n̪ o
kimpal	k ɪ m p a l
kina	k iː n̪ ɐ
kina	k ɪ n̪ a
kinabukasan	k ɪ n̪ aː b ʊ x aː s ɐ n̪
kinagabihan	k ɪ n̪ aː ɣ ɐ b ɪ h a n̪
kinahapunan	k ɪ n̪ aː h ɐ p uː n̪ ɐ n̪
kinahig	k ɪ n̪ aː h ɪ ɡ̚
kinahinatnan	k ɪ n̪ aː h ɪ n̪ ɐ t̪ n̪ a n̪
kinahinatnan	k ɪ n̪ ɐ h ɪ n̪ ɐ t̪ n̪ a n̪
kinain	k ɪ n̪ aː ʔ ɪ n̪
kinakapatid	k ɪ n̪ aː x ɐ p ɐ t̪ ɪ d̪̚
kinakastigo	k ɪ n̪ ɐ x ɐ s t̪ iː ɣ o
kinakausap	k ɪ n̪ aː x ɐ ʔ uː s ɐ p̚
kinakawayan	k ɪ n̪ aː x ɐ w ɐ j a n̪
kinalabasan	k ɪ n̪ ɐ l ɐ b ɐ s a n̪
kinalabaw	k ɪ n̪ ɐ l ɐ b a ʊ̯
kinalabsan	k ɪ n̪ ɐ l ɐ b s a n̪
kinalaman	k ɪ n̪ ɐ l aː m ɐ n̪
kinalunesan	k ɪ n̪ ɐ l ʊ n̪ ɛː s ɐ n̪
kinalunisan	k ɪ n̪ ɐ l ʊ n̪ iː s ɐ n̪
kinamiyerkolesan	k ɪ n̪ ɐ m j ɛ ɾ k o l ɛ s a n̪
kinang	k ɪ n̪ a ŋ
kinasabaduhan	k ɪ n̪ ɐ s aː b ɐ d̪ ʊ h a n̪
kinastigo	k ɪ n̪ ɐ s t̪ iː ɣ o
kinatawan	k ɪ n̪ ɐ t̪ ɐ w a n̪
kinaumagahan	k ɪ n̪ aː ʔ ʊ m ɐ ɣ aː h ɐ n̪
kinauukulan	k ɪ n̪ aː ʔ ʊ ʔ ʊ x uː l ɐ n̪
kinawayan	k ɪ n̪ ɐ w aː j ɐ n̪
kinawayan	k ɪ n̪ ɐ w ɐ j a n̪
kindat	k ɪ n̪ d̪ a t̪̚
kinday	k ɪ n̪ d̪ a ɪ̯
kinding	k ɪ n̪ d̪ ɪ ŋ
kingke	k i ŋ k ɛ
kingke	k ɪ ŋ k ɛ
kingpin	k i m p ɪ n̪
kinig	k ɪ n̪ ɪ ɡ̚
kinigsipat	k ɪ n̪ ɪ ɡ s iː p ɐ t̪̚
kinigsulat	k ɪ n̪ ɪ ɡ s uː l ɐ t̪̚
kinikilig	k ɪ n̪ iː x ɪ l ɪ ɡ̚
kinilig	k ɪ n̪ ɪ l ɪ ɡ̚
kinina	k ɪ n̪ iː n̪ ɐ
kinokonsenti	k ɪ n̪ oː x o n̪ s ɛ n̪ t̪ ɪ
kinokontak	k ɪ n̪ o x o n̪ t̪ ɐ k̚
kinonsenti	k ɪ n̪ o n̪ s ɛ n̪ t̪ ɪ
kinontak	k ɪ n̪ o n̪ t̪ ɐ k̚
kinse	k i n̪ s ɛ
kintab	k ɪ n̪ t̪ a b̚
kintsay	k ɪ n̪ t͡s a ɪ̯
kintsay	k ɪ n̪ t͡ʃ a ɪ̯
kinudkod	k ɪ n̪ ʊ d̪ k o d̪̚
kinukudkod	k ɪ n̪ uː x ʊ d̪ k o d̪̚
kinyang	k ɪ n ɲ a ŋ
kinyang	k ɪ n̪ j a ŋ
kinyentos	k ɪ n ɲ ɛ n̪ t̪ o s
kinyentos	k ɪ n̪ j ɛ n̪ t̪ o s
kipangkipang	k ɪ p ɐ ŋ k iː p ɐ ŋ
kipot	k iː p o t̪̚
kipot	k ɪ p o t̪̚
kirat	k ɪ ɾ a t̪̚
kirey	k ɪ ɾ e ɪ̯
kiri	k ɪ ɾ ɪ
kirimpot	k ɪ ɾ ɪ m p o t̪̚
kirlat	k ɪ ɾ l a t̪̚
kiromansiya	k ɪ ɾ o m a n̪ s j ɐ
kiromansiya	k ɪ ɾ o m a n̪ ʃ ɐ
kiropraktiko	k ɪ ɾ o p ɾ a k t̪ ɪ x o
kirot	k ɪ ɾ o t̪̚
kisa	k iː s ɐ ʔ
kisame	k iː s ɐ m ɛ
kisap	k ɪ s a p̚
kisapmata	k ɪ s a p m ɐ t̪ a
kisay	k ɪ s a ɪ̯
kisig	k iː s ɪ ɡ̚
kisig	k ɪ s ɪ ɡ̚
kiskis	k ɪ s k ɪ s
kislap	k ɪ s l a p̚
kislot	k ɪ s l o t̪̚
kiso	k iː s o
kita	k iː t̪ ɐ
kita	k iː t̪ ɐ ʔ
kita	k ɪ t̪ a
kitaipon	k iː t̪ ɐ ʔ ɪ p o n̪
kitakits	k iː t̪ ɐ x ɪ t̪ s
kitaypone	k ɪ t̪ a ɪ̯ p oː n̪ ɛ
kitdi	k ɪ t̪ d̪ ɪ
kiti	k ɪ t̪ ɪ ʔ
kitib	k iː t̪ ɪ b̚
kitib	k ɪ t̪ ɪ b̚
kitid	k iː t̪ ɪ d̪̚
kitid	k ɪ t̪ ɪ d̪̚
kitig	k iː t̪ ɪ ɡ̚
kitig	k ɪ t̪ ɪ ɡ̚
kitikiti	k ɪ t̪ ɪ x ɪ t̪ ɪ
kitil	k ɪ t̪ ɪ l
kitir	k iː t̪ ɪ ɾ
kitkit	k ɪ t̪ k ɪ t̪̚
kitse	k ɪ t t͡ʃ ɛ
kitse	k ɪ t̪ s ɛ
kiya	k iː j ɐ ʔ
kiya	k j a ʔ
kiyakis	k j aː x ɪ s
kiyamoy	k j aː m o ɪ̯
kiyampong	k j a m p o ŋ
kiyang	k j a ŋ
kiyapo	k j aː p o ʔ
kiyas	k j a s
kiyaw	k iː j a ʊ̯
kiyaw	k j a ʊ̯
kiyeme	k j ɛː m ɛ
kiyo	k j o ʔ
kiyosko	k j o s k o
klab	k l a b̚
klabo	k l aː b o
klabos	k l aː b o s
klaridad	k l ɐ ɾ ɪ d̪ a d̪̚
klarin	k l ɐ ɾ ɪ n̪
klarinete	k l ɐ ɾ ɪ n̪ ɛː t̪ ɛ
klaripikasyon	k l ɐ ɾ ɪ p ɪ x ɐ s j o n̪
klaripikasyon	k l ɐ ɾ ɪ p ɪ x ɐ ʃ o n̪
klaro	k l aː ɾ o
klaroskuro	k l ɐ ɾ o s k uː ɾ o
klase	k l aː s ɛ
klasikal	k l ɐ s ɪ x a l
klasipikasyon	k l ɐ s ɪ p ɪ x ɐ s j o n̪
klasipikasyon	k l ɐ s ɪ p ɪ x ɐ ʃ o n̪
klaskard	k l a s k ɐ ɹ d̪
klasmeyt	k l a s m e ɪ̯ t̪
klasrum	k l a s ɾ ʊ m
klebe	k l ɛː b ɛ
klerigo	k l ɛː ɾ ɪ ɣ o
klerk	k l ə ɹ k
klibe	k l iː b ɛ
klima	k l iː m ɐ
klinik	k l iː n̪ ɪ k̚
klinika	k l iː n̪ ɪ x a
klirans	k l iː ɾ ɐ n̪ s
kliyente	k l j ɛ n̪ t̪ ɛ
kliyentela	k l j ɛ n̪ t̪ ɛː l ɐ
klorin	k l o ɾ ɪ n̪
kloropila	k l o ɾ o p iː l ɐ
kloropormo	k l o ɾ o p o ɾ m o
klub	k l ʊ b̚
ko	k o
koalisyon	k o w ɐ l ɪ s j o n̪
koalisyon	k o w ɐ l ɪ ʃ o n̪
kober	k oː b ɛ ɾ
koboy	k oː b o ɪ̯
kobra	k o b ɾ a
kobra	k oː b ɾ ɐ
kobrador	k o b ɾ ɐ d̪ o ɾ
kodak	k oː d̪ ɐ k̚
kodeina	k o d̪ e ɪ̯ n̪ ɐ
kodeina	k o d̪ ɛ ʔ iː n̪ ɐ
kodeyna	k o d̪ e ɪ̯ n̪ ɐ
kodigo	k oː d̪ ɪ ɣ o
kodipikasyon	k o d̪ ɪ p ɪ x ɐ s j o n̪
kodipikasyon	k o d̪ ɪ p ɪ x ɐ ʃ o n̪
koed	k o ʔ ɛ d̪̚
kognado	k o ɡ n̪ aː d̪ o
kok	k o k̚
kokaina	k o x a ɪ̯ n̪ ɐ
kokaina	k o x ɐ j iː n̪ ɐ
kokaina	k o x ɐ ʔ iː n̪ ɐ
kokak	k oː x ɐ k̚
kokang	k oː x ɐ ŋ
kokayna	k o x a ɪ̯ n̪ ɐ
kokomban	k oː x o m b a n̪
kokomband	k oː x o m b a n̪ d̪
kokonsentihin	k oː x o n̪ s ɛ n̪ t̪ ɪ h ɪ n̪
kokontakin	k o x o n̪ t̪ ɐ x ɪ n̪
kokote	k o x oː t̪ ɛ
kokwa	k o k w ɐ
kolado	k o l aː d̪ o
kolads	k o l a d̪ s
kolateral	k o l ɐ t̪ ɛ ɾ a l
kolehiyal	k o l ɛ h j a l
kolehiyala	k o l ɛ h j aː l ɐ
kolehiyo	k o l ɛː h j o
kolektibo	k o l ɛ k t̪ iː b o
kolera	k oː l ɛ ɾ a
koles	k oː l ɛ s
kolesterol	k o l ɛ s t̪ ɛ ɾ o l
kolget	k o l ɡ ɛ t̪̚
kolgeyt	k o l ɡ e ɪ̯ t̪
koliplawer	k o l ɪ p l aː w ɛ ɾ
koliplor	k o l ɪ p l o ɾ
koliplower	k o l ɪ p l oː w ɛ ɾ
kolis	k oː l ɪ s
kolitis	k o l iː t̪ ɪ s
kolmilyo	k o l m i l j o
kolokyo	k o l o k j o
kolokyum	k o l o k j ʊ m
kolon	k o l o n̪
kolon	k oː l o n̪
kolonia	k o l o n̪ j ɐ
kolonia	k o l oː ɲ ɐ
kolonisasyon	k o l o n̪ ɪ s ɐ s j o n̪
kolonisasyon	k o l o n̪ ɪ s ɐ ʃ o n̪
kolonya	k o l o n̪ j ɐ
kolonya	k o l oː ɲ ɐ
kolonyalismo	k o l o n ɲ ɐ l i s m o
kolonyalismo	k o l o n̪ j ɐ l i s m o
kolor	k o l o ɾ
kolor	k oː l o ɾ
koloran	k o l o ɾ a n̪
koloran	k o l oː ɾ ɐ n̪
kolorete	k o l o ɾ ɛː t̪ ɛ
kolorum	k o l oː ɾ ʊ m
kolum	k oː l ʊ m
kolumnista	k o l ʊ m n̪ i s t̪ ɐ
kolyarin	k o l j ɐ ɾ ɪ n̪
komadre	k o m a d̪ ɾ ɛ
komadrona	k o m ɐ d̪ ɾ oː n̪ ɐ
komandante	k o m ɐ n̪ d̪ a n̪ t̪ ɛ
komander	k o m a n̪ d̪ ɛ ɾ
komang	k oː m ɐ ŋ
kombensiyon	k o m b ɛ n̪ s j o n̪
kombensiyon	k o m b ɛ n̪ ʃ o n̪
kombensyon	k o m b ɛ n̪ s j o n̪
kombensyon	k o m b ɛ n̪ ʃ o n̪
kombenyente	k o m b ɛ n ɲ ɛ n̪ t̪ ɛ
kombenyente	k o m b ɛ n̪ j ɛ n̪ t̪ ɛ
kombinasyon	k o m b ɪ n̪ ɐ s j o n̪
kombinasyon	k o m b ɪ n̪ ɐ ʃ o n̪
kombinyente	k o m b ɪ n ɲ ɛ n̪ t̪ ɛ
kombinyente	k o m b ɪ n̪ j ɛ n̪ t̪ ɛ
kombo	k o m b o
komboy	k o m b o ɪ̯
kombulsiyon	k o m b ʊ l s j o n̪
kombulsiyon	k o m b ʊ l ʃ o n̪
kombulsyon	k o m b ʊ l s j o n̪
kombulsyon	k o m b ʊ l ʃ o n̪
komedya	k o m ɛ d̪ j ɐ
komedya	k o m ɛː d͡ʒ ɐ
komedyahan	k oː m ɛ d d͡ʒ ɐ h a n̪
komedyahan	k oː m ɛ d̪ j ɐ h a n̪
komedyante	k o m ɛ d d͡ʒ a n̪ t̪ ɛ
komedyante	k o m ɛ d̪ j a n̪ t̪ ɛ
komemorasyon	k o m ɛ m o ɾ ɐ s j o n̪
komemorasyon	k o m ɛ m o ɾ ɐ ʃ o n̪
komentador	k o m ɛ n̪ t̪ ɐ d̪ o ɾ
komentarista	k o m ɛ n̪ t̪ ɐ ɾ i s t̪ ɐ
komentaryo	k o m ɛ n̪ t̪ a ɾ j o
komento	k o m ɛ n̪ t̪ o
komersiyal	k o m ɛ ɾ s j a l
komersiyal	k o m ɛ ɾ ʃ a l
komersiyalisasyon	k o m ɛ ɾ s j ɐ l ɪ s ɐ s j o n̪
komersiyalisasyon	k o m ɛ ɾ ʃ ɐ l ɪ s ɐ ʃ o n̪
komersiyante	k o m ɛ ɾ s j a n̪ t̪ ɛ
komersiyante	k o m ɛ ɾ ʃ a n̪ t̪ ɛ
komersiyo	k o m ɛ ɾ s j o
komersiyo	k o m ɛ ɾ ʃ o
komersyo	k o m ɛ ɾ s j o
komersyo	k o m ɛ ɾ ʃ o
kometa	k o m ɛː t̪ ɐ
komikero	k o m ɪ x ɛː ɾ o
komiks	k oː m ɪ k s
komisyon	k o m ɪ s j o n̪
komisyon	k o m ɪ ʃ o n̪
komisyonado	k o m ɪ s j o n̪ aː d̪ o
komisyonado	k o m ɪ ʃ o n̪ aː d̪ o
komisyoner	k o m i s j o n̪ ɛ ɾ
komisyoner	k o m iː ʃ o n̪ ɛ ɾ
komite	k o m ɪ t̪ ɛ
komodipikasyon	k o m o d̪ ɪ p ɪ x ɐ s j o n̪
komodipikasyon	k o m o d̪ ɪ p ɪ x ɐ ʃ o n̪
komodoro	k o m o d̪ oː ɾ o
komonwels	k oː m o n̪ w ɛ l s
komonwelt	k oː m o n̪ w ɛ l t̪
kompadre	k o m p a d̪ ɾ ɛ
kompanya	k o m p ɐ n ɲ a
kompanya	k o m p ɐ n̪ j a
kompartment	k o m p a ɹ t̪ m ɛ n̪ t̪
kompas	k o m p a s
kompas	k o m p ɐ s
kompensasyon	k o m p ɛ n̪ s ɐ s j o n̪
kompensasyon	k o m p ɛ n̪ s ɐ ʃ o n̪
kompetisyon	k o m p ɛ t̪ ɪ s j o n̪
kompetisyon	k o m p ɛ t̪ ɪ ʃ o n̪
kompidante	k o m p ɪ d̪ a n̪ t̪ ɛ
kompiyuter	k o m p j uː t̪ ɛ ɾ
kompiyuteran	k o m p j uː t̪ ɛ ɾ a n̪
kompiyuterisado	k o m p j ʊ t̪ ɛ ɾ ɪ s aː d̪ o
kompleanyo	k o m p l ɛ j a n̪ j o
kompleanyo	k o m p l ɛ j aː ɲ o
kompleanyo	k o m p l ɛ ʔ a n̪ j o
kompleanyo	k o m p l ɛ ʔ aː ɲ o
kompleto	k o m p l ɛː t̪ o
komplikado	k o m p l ɪ x aː d̪ o
komplikasyon	k o m p l ɪ x ɐ s j o n̪
komplikasyon	k o m p l ɪ x ɐ ʃ o n̪
kompone	k o m p o n̪ ɛ
komportable	k o m p o ɾ t̪ aː b l ɛ
komposer	k o m p oː s ɛ ɾ
komposisyon	k o m p o s ɪ s j o n̪
komposisyon	k o m p o s ɪ ʃ o n̪
kompositor	k o m p o s ɪ t̪ o ɾ
komprehensibo	k o m p ɾ ɛ h ɛ n̪ s iː b o
komprehensiyon	k o m p ɾ ɛ h ɛ n̪ s j o n̪
komprehensiyon	k o m p ɾ ɛ h ɛ n̪ ʃ o n̪
komprehensyon	k o m p ɾ ɛ h ɛ n̪ s j o n̪
komprehensyon	k o m p ɾ ɛ h ɛ n̪ ʃ o n̪
komprensibo	k o m p ɾ ɛ n̪ s iː b o
komprensiyon	k o m p ɾ ɛ n̪ s j o n̪
komprensiyon	k o m p ɾ ɛ n̪ ʃ o n̪
komprensyon	k o m p ɾ ɛ n̪ s j o n̪
komprensyon	k o m p ɾ ɛ n̪ ʃ o n̪
kompresor	k o m p ɾ ɛ s o ɾ
kompresor	k o m p ɾ ɛː s o ɾ
kompromiso	k o m p ɾ o m iː s o
komprontasyon	k o m p ɾ o n̪ t̪ ɐ s j o n̪
komprontasyon	k o m p ɾ o n̪ t̪ ɐ ʃ o n̪
kompulsaryo	k o m p ʊ l s a ɾ j o
kompulsoryo	k o m p ʊ l s o ɾ j o
komputerisado	k o m p ʊ t̪ ɛ ɾ ɪ s aː d̪ o
kompuwesto	k o m p w ɛ s t̪ o
kompyuter	k o m p j uː t̪ ɛ ɾ
kompyuteran	k o m p j uː t̪ ɛ ɾ a n̪
kompyuterisado	k o m p j ʊ t̪ ɛ ɾ ɪ s aː d̪ o
komunales	k o m ʊ n̪ aː l ɛ s
komunidad	k o m ʊ n̪ ɪ d̪ a d̪̚
komunikasyon	k o m ʊ n̪ ɪ x ɐ s j o n̪
komunikasyon	k o m ʊ n̪ ɪ x ɐ ʃ o n̪
komunismo	k o m ʊ n̪ i s m o
komunista	k o m ʊ n̪ i s t̪ ɐ
komunyon	k o m ʊ n ɲ o n̪
komunyon	k o m ʊ n̪ j o n̪
komyuniti	k o m j uː n̪ ɪ t̪ ɪ
komyuter	k o m j uː t̪ ɛ ɾ
konde	k o n̪ d̪ ɛ
kondena	k o n̪ d̪ ɛ n̪ a
kondenahin	k o n̪ d̪ ɛ n̪ ɐ h ɪ n̪
kondensada	k o n̪ d̪ ɛ n̪ s aː d̪ ɐ
kondesa	k o n̪ d̪ ɛː s ɐ
kondimento	k o n̪ d̪ ɪ m ɛ n̪ t̪ o
kondisyon	k o n̪ d̪ ɪ s j o n̪
kondisyon	k o n̪ d̪ ɪ ʃ o n̪
kondisyoner	k o n̪ d̪ i s j o n̪ ɛ ɾ
kondisyoner	k o n̪ d̪ iː ʃ o n̪ ɛ ɾ
kondo	k o n̪ d̪ o
kondolensiya	k o n̪ d̪ o l ɛ n̪ s j ɐ
kondolensiya	k o n̪ d̪ o l ɛ n̪ ʃ ɐ
kondom	k o n̪ d̪ o m
kondominyum	k o n̪ d̪ o m i n̪ j ʊ m
kondominyum	k o n̪ d̪ o m iː ɲ ʊ m
konduktor	k o n̪ d̪ ʊ k t̪ o ɾ
koneho	k o n̪ ɛː h o
konek	k o n̪ ɛ k̚
koneksiyon	k o n̪ ɛ k s j o n̪
koneksiyon	k o n̪ ɛ k ʃ o n̪
koneksyon	k o n̪ ɛ k s j o n̪
koneksyon	k o n̪ ɛ k ʃ o n̪
konekta	k o n̪ ɛ k t̪ a
konektado	k o n̪ ɛ k t̪ aː d̪ o
konggresista	k o ŋ ɡ ɾ ɛ s i s t̪ ɐ
konggreso	k o ŋ ɡ ɾ ɛː s o
konghuga	k o ŋ h ʊ ɣ a
kongklabe	k o ŋ k l aː b ɛ
kongkreto	k o ŋ k ɾ ɛː t̪ o
kongratulasyon	k o ŋ ɡ ɾ ɐ t̪ ʊ l ɐ s j o n̪
kongratulasyon	k o ŋ ɡ ɾ ɐ t̪ ʊ l ɐ ʃ o n̪
kongregasyon	k o ŋ ɡ ɾ ɛ ɣ ɐ s j o n̪
kongregasyon	k o ŋ ɡ ɾ ɛ ɣ ɐ ʃ o n̪
kongresista	k o ŋ ɡ ɾ ɛ s i s t̪ ɐ
kongreso	k o ŋ ɡ ɾ ɛː s o
konhuga	k o n̪ h ʊ ɣ a
konhuntibitis	k o n̪ h ʊ n̪ t̪ ɪ b iː t̪ ɪ s
kono	k oː n̪ o
konotasyon	k o n̪ o t̪ ɐ s j o n̪
konotasyon	k o n̪ o t̪ ɐ ʃ o n̪
konsehal	k o n̪ s ɛ h a l
konsehala	k o n̪ s ɛ h aː l ɐ
konseho	k o n̪ s ɛː h o
konsensiya	k o n̪ s ɛ n̪ s j ɐ
konsensiya	k o n̪ s ɛ n̪ ʃ ɐ
konsensya	k o n̪ s ɛ n̪ s j ɐ
konsensya	k o n̪ s ɛ n̪ ʃ ɐ
konsenti	k o n̪ s ɛ n̪ t̪ ɪ
konsenti	k ʊ n̪ s ɪ n̪ t̪ ɪ
konsentidor	k o n̪ s ɛ n̪ t̪ ɪ d̪ o ɾ
konsentidora	k o n̪ s ɛ n̪ t̪ ɪ d̪ oː ɾ ɐ
konsentihin	k o n̪ s ɛ n̪ t̪ ɪ h ɪ n̪
konsento	k o n̪ s ɛ n̪ t̪ o
konsentrasyon	k o n̪ s ɛ n̪ t̪ ɾ ɐ s j o n̪
konsentrasyon	k o n̪ s ɛ n̪ t̪ ɾ ɐ ʃ o n̪
konsepsiyon	k o n̪ s ɛ p s j o n̪
konsepsiyon	k o n̪ s ɛ p ʃ o n̪
konsepto	k o n̪ s ɛ p t̪ o
konserbatibo	k o n̪ s ɛ ɾ b ɐ t̪ iː b o
konserbatismo	k o n̪ s ɛ ɾ b ɐ t̪ i s m o
konserbatoryo	k o n̪ s ɛ ɾ b ɐ t̪ o ɾ j o
konsi	k o n̪ s ɪ
konsidera	k o n̪ s ɪ d̪ ɛ ɾ a
konsiderable	k o n̪ s ɪ d̪ ɛ ɾ aː b l ɛ
konsiderahin	k o n̪ s ɪ d̪ ɛ ɾ ɐ h ɪ n̪
konsiderasyon	k o n̪ s ɪ d̪ ɛ ɾ ɐ s j o n̪
konsiderasyon	k o n̪ s ɪ d̪ ɛ ɾ ɐ ʃ o n̪
konsistent	k o n̪ s i s t̪ ɛ n̪ t̪
konsiyensiya	k o n̪ s j ɛ n̪ s j ɐ
konsiyensiya	k o n̪ ʃ ɛ n̪ ʃ ɐ
konsiyerto	k o n̪ s j ɛ ɾ t̪ o
konsiyerto	k o n̪ ʃ ɛ ɾ t̪ o
konsiyumer	k o n̪ s j uː m ɛ ɾ
konsiyumer	k o n̪ ʃ uː m ɛ ɾ
konsolasyon	k o n̪ s o l ɐ s j o n̪
konsolasyon	k o n̪ s o l ɐ ʃ o n̪
konsonante	k o n̪ s o n̪ a n̪ t̪ ɛ
konsorsiyum	k o n̪ s o ɾ s j ʊ m
konsorsiyum	k o n̪ s o ɾ ʃ ʊ m
konsorsyum	k o n̪ s o ɾ s j ʊ m
konsorsyum	k o n̪ s o ɾ ʃ ʊ m
konsorte	k o n̪ s o ɾ t̪ ɛ
konstable	k o n̪ s t̪ aː b l ɛ
konstabularyo	k o n̪ s t̪ ɐ b ʊ l a ɾ j o
konstelasyon	k o n̪ s t̪ ɛ l ɐ s j o n̪
konstelasyon	k o n̪ s t̪ ɛ l ɐ ʃ o n̪
konstitusyon	k o n̪ s t̪ ɪ t̪ ʊ s j o n̪
konstitusyon	k o n̪ s t̪ ɪ t̪ ʊ ʃ o n̪
konstituwente	k o n̪ s t̪ ɪ t̪ w ɛ n̪ t̪ ɛ
konstituyente	k o n̪ s t̪ ɪ t̪ ʊ j ɛ n̪ t̪ ɛ
konstruksiyon	k o n̪ s t̪ ɾ ʊ k s j o n̪
konstruksiyon	k o n̪ s t̪ ɾ ʊ k ʃ o n̪
konstruktibismo	k o n̪ s t̪ ɾ ʊ k t̪ ɪ b i s m o
konsul	k o n̪ s ʊ l
konsulado	k o n̪ s ʊ l aː d̪ o
konsulta	k o n̪ s u l t̪ ɐ
konsultant	k o n̪ s u l t̪ ɐ n̪ t̪
konsultasiyon	k o n̪ s ʊ l t̪ ɐ s j o n̪
konsultasiyon	k o n̪ s ʊ l t̪ ɐ ʃ o n̪
konsultasyon	k o n̪ s ʊ l t̪ ɐ s j o n̪
konsultasyon	k o n̪ s ʊ l t̪ ɐ ʃ o n̪
konsumer	k o n̪ s uː m ɛ ɾ
konsumido	k o n̪ s ʊ m iː d̪ o
konsumisyon	k o n̪ s ʊ m ɪ s j o n̪
konsumisyon	k o n̪ s ʊ m ɪ ʃ o n̪
konsumo	k o n̪ s uː m o
konsumpsiyon	k o n̪ s ʊ m p s j o n̪
konsumpsiyon	k o n̪ s ʊ m p ʃ o n̪
konsumpsyon	k o n̪ s ʊ m p s j o n̪
konsumpsyon	k o n̪ s ʊ m p ʃ o n̪
konsursiyom	k o n̪ s u ɾ s j o m
konsursiyom	k o n̪ s u ɾ ʃ o m
konsursyom	k o n̪ s u ɾ s j o m
konsursyom	k o n̪ s u ɾ ʃ o m
konsuwelo	k o n̪ s w ɛː l o
konsyensya	k o n̪ s j ɛ n̪ s j ɐ
konsyensya	k o n̪ ʃ ɛ n̪ ʃ ɐ
konsyerto	k o n̪ s j ɛ ɾ t̪ o
konsyerto	k o n̪ ʃ ɛ ɾ t̪ o
konsyumer	k o n̪ s j uː m ɛ ɾ
konsyumer	k o n̪ ʃ uː m ɛ ɾ
kontador	k o n̪ t̪ ɐ d̪ o ɾ
kontak	k o n̪ t̪ ɐ k̚
kontakin	k o n̪ t̪ ɐ x ɪ n̪
konteksto	k o n̪ t̪ ɛ k s t̪ o
kontekstuwal	k o n̪ t̪ ɛ k s t̪ w a l
kontekstwal	k o n̪ t̪ ɛ k s t̪ w a l
kontento	k o n̪ t̪ ɛ n̪ t̪ o
kontes	k o n̪ t̪ ɛ s
kontesera	k o n̪ t̪ ɛ s ɛː ɾ ɐ
kontesero	k o n̪ t̪ ɛ s ɛː ɾ o
kontest	k o n̪ t̪ ɛ s t̪
kontestant	k o n̪ t̪ ɛ s t̪ ɐ n̪ t̪
konti	k o n̪ t̪ ɪ ʔ
kontinente	k o n̪ t̪ ɪ n̪ ɛ n̪ t̪ ɛ
kontorsiyonista	k o n̪ t̪ o ɾ s j o n̪ i s t̪ ɐ
kontorsiyonista	k o n̪ t̪ o ɾ ʃ o n̪ i s t̪ ɐ
kontra	k o n̪ t̪ ɾ a
kontra	k o n̪ t̪ ɾ ɐ
kontraalmirante	k o n̪ t̪ ɾ ɐ ʔ ɐ l m ɪ ɾ a n̪ t̪ ɛ
kontrabaho	k o n̪ t̪ ɾ ɐ b aː h o
kontrabando	k o n̪ t̪ ɾ ɐ b a n̪ d̪ o
kontrabida	k o n̪ t̪ ɾ ɐ b iː d̪ ɐ
kontragahum	k o n̪ t̪ ɾ ɐ ɣ ɐ h ʊ m
kontraktor	k o n̪ t̪ ɾ a k t̪ o ɾ
kontraktor	k o n̪ t̪ ɾ ɐ k t̪ o ɾ
kontralason	k o n̪ t̪ ɾ ɐ l aː s o n̪
kontralmirante	k o n̪ t̪ ɾ ɐ l m ɪ ɾ a n̪ t̪ ɛ
kontras	k o n̪ t̪ ɾ ɐ s
kontrasenyas	k o n̪ t̪ ɾ ɐ s ɛ n̪ j ɐ s
kontrasenyas	k o n̪ t̪ ɾ ɐ s ɛː ɲ ɐ s
kontrasepsiyon	k o n̪ t̪ ɾ ɐ s ɛ p s j o n̪
kontrasepsiyon	k o n̪ t̪ ɾ ɐ s ɛ p ʃ o n̪
kontrasepsyon	k o n̪ t̪ ɾ ɐ s ɛ p s j o n̪
kontrasepsyon	k o n̪ t̪ ɾ ɐ s ɛ p ʃ o n̪
kontraseptibo	k o n̪ t̪ ɾ ɐ s ɛ p t̪ iː b o
kontrast	k o n̪ t̪ ɾ ɐ s t̪
kontrata	k o n̪ t̪ ɾ aː t̪ ɐ
kontratista	k o n̪ t̪ ɾ ɐ t̪ i s t̪ ɐ
kontribusyon	k o n̪ t̪ ɾ ɪ b ʊ s j o n̪
kontribusyon	k o n̪ t̪ ɾ ɪ b ʊ ʃ o n̪
kontrobersiya	k o n̪ t̪ ɾ o b ɛ ɾ s iː j ɐ
kontrobersiya	k o n̪ t̪ ɾ o b ɛ ɾ s j ɐ
kontrobersiya	k o n̪ t̪ ɾ o b ɛ ɾ ʃ ɐ
kontrobersiyal	k o n̪ t̪ ɾ o b ɛ ɾ s j a l
kontrobersiyal	k o n̪ t̪ ɾ o b ɛ ɾ ʃ a l
kontrobersya	k o n̪ t̪ ɾ o b ɛ ɾ s j ɐ
kontrobersya	k o n̪ t̪ ɾ o b ɛ ɾ ʃ ɐ
kontrobersyal	k o n̪ t̪ ɾ o b ɛ ɾ s j a l
kontrobersyal	k o n̪ t̪ ɾ o b ɛ ɾ ʃ a l
kontsaba	k o n̪ t͡s aː b ɐ
kontsaba	k o n̪ t͡ʃ aː b ɐ
kontsabahan	k o n̪ t͡s ɐ b ɐ h a n̪
kontsabahan	k o n̪ t͡ʃ ɐ b ɐ h a n̪
konya	k o n̪ j ɐ
konya	k oː ɲ ɐ
konyak	k o n ɲ a k̚
konyak	k o n̪ j a k̚
konyo	k o n̪ j o
konyo	k oː ɲ o
kooperasyon	k o ʔ o p ɛ ɾ ɐ s j o n̪
kooperasyon	k o ʔ o p ɛ ɾ ɐ ʃ o n̪
kooperatiba	k o ʔ o p ɛ ɾ ɐ t̪ iː b ɐ
koordinasyon	k o ʔ o ɾ d̪ ɪ n̪ ɐ s j o n̪
koordinasyon	k o ʔ o ɾ d̪ ɪ n̪ ɐ ʃ o n̪
kopas	k oː p ɐ s
kopirayt	k oː p ɪ ɾ a ɪ̯ t̪
kopo	k oː p o
kopomban	k oː p o m b a n̪
kopomband	k oː p o m b a n̪ d̪
kopon	k o p o n̪
kopon	k oː p o n̪
koponan	k o p o n̪ a n̪
kopong	k oː p o ŋ
kopra	k o p ɾ ɐ
kopya	k o p j ɐ
kopyahin	k o p j ɐ h ɪ n̪
kopyur	k o p j ʊ ɾ
koral	k o ɾ a l
korales	k o ɾ aː l ɛ s
korap	k o ɾ a p̚
korapsiyon	k o ɾ ɐ p s j o n̪
korapsiyon	k o ɾ ɐ p ʃ o n̪
korapsyon	k o ɾ ɐ p s j o n̪
korapsyon	k o ɾ ɐ p ʃ o n̪
kordero	k o ɾ d̪ ɛː ɾ o
kordiyon	k o ɾ d̪ j o n̪
kordiyon	k o ɾ d͡ʒ o n̪
korea	k o ɾ ɛː j ɐ
koredor	k o ɾ ɛ d̪ o ɾ
koreksiyonal	k o ɾ ɛ k s j o n̪ a l
koreksiyonal	k o ɾ ɛ k ʃ o n̪ a l
koreksyonal	k o ɾ ɛ k s j o n̪ a l
koreksyonal	k o ɾ ɛ k ʃ o n̪ a l
koreo	k o ɾ ɛ j o
koreo	k o ɾ ɛː j o
koreograpiya	k o ɾ ɛ j o ɡ ɾ ɐ p iː j ɐ
koreya	k o ɾ ɛː j ɐ
korido	k o ɾ iː d̪ o
koridor	k oː ɾ ɪ d̪ o ɾ
korista	k o ɾ i s t̪ ɐ
korkor	k o ɾ k o ɾ
korner	k o ɾ n̪ ɛ ɾ
korni	k o ɾ n̪ ɪ
kornik	k o ɾ n̪ ɪ k̚
koro	k oː ɾ o
korola	k o ɾ oː l ɐ
korona	k o ɾ oː n̪ ɐ
koronahan	k o ɾ o n̪ aː h ɐ n̪
koronel	k o ɾ o n̪ ɛ l
korporal	k o ɾ p o ɾ a l
korporasyon	k o ɾ p o ɾ ɐ s j o n̪
korporasyon	k o ɾ p o ɾ ɐ ʃ o n̪
korse	k o ɾ s ɛ
kort	k o ɹ t̪
korte	k o ɾ t̪ ɛ
kortesiya	k o ɾ t̪ ɛ s iː j ɐ
kortina	k o ɾ t̪ iː n̪ ɐ
kortosirkuwito	k o ɾ t̪ o s ɪ ɾ k w iː t̪ o
kortso	k o ɾ t͡s o
kortso	k o ɾ t͡ʃ o
korupsiyon	k o ɾ ʊ p s j o n̪
korupsiyon	k o ɾ ʊ p ʃ o n̪
korupsyon	k o ɾ ʊ p s j o n̪
korupsyon	k o ɾ ʊ p ʃ o n̪
korupto	k o ɾ u p t̪ o
koryente	k o ɾ j ɛ n̪ t̪ ɛ
koryentehin	k o ɾ j ɛ n̪ t̪ ɛ h ɪ n̪
koryentihin	k o ɾ j ɛ n̪ t̪ ɪ h ɪ n̪
kosta	k o s t̪ ɐ
kostado	k o s t̪ aː d̪ o
kostal	k o s t̪ a l
kostitusyon	k o s t̪ ɪ t̪ ʊ s j o n̪
kostitusyon	k o s t̪ ɪ t̪ ʊ ʃ o n̪
kostumer	k o s t̪ ʊ m ɛ ɾ
kostura	k o s t̪ uː ɾ ɐ
kota	k oː t̪ ɐ
kotamaya	k o t̪ ɐ m aː j ɐ
koteho	k o t̪ ɛː h o
kotilyon	k o t̪ ɪ l j o n̪
koton	k oː t̪ o n̪
kotong	k oː t̪ o ŋ
kotonya	k o t̪ o n̪ j ɐ
kotonya	k o t̪ oː ɲ ɐ
kotse	k o t̪ s ɛ
kotse	k oː t͡ʃ ɛ
kotsinilyo	k o t t͡ʃ ɪ n̪ i l j o
kotsinilyo	k o t̪ s ɪ n̪ i l j o
kotso	k o t̪ s o
kotso	k oː t͡ʃ o
kover	k oː b ɛ ɾ
kover	k oː v ɛ ɾ
koyo	k o j o
koyo	k oː j o ʔ
koyote	k o j oː t̪ ɛ
krapsman	k ɾ a p s m ɐ n̪
krayola	k ɾ ɐ j oː l ɐ
kreasyon	k ɾ ɛ j ɐ s j o n̪
kreasyon	k ɾ ɛ j ɐ ʃ o n̪
kreatibidad	k ɾ ɛ j ɐ t̪ ɪ b ɪ d̪ a d̪̚
kredensiyal	k ɾ ɛ d̪ ɛ n̪ s j a l
kredensiyal	k ɾ ɛ d̪ ɛ n̪ ʃ a l
kredibilidad	k ɾ ɛ d̪ ɪ b ɪ l ɪ d̪ a d̪̚
krema	k ɾ ɛː m ɐ
kremasyon	k ɾ ɛ m ɐ s j o n̪
kremasyon	k ɾ ɛ m ɐ ʃ o n̪
krematoryo	k ɾ ɛ m ɐ t̪ o ɾ j o
kresente	k ɾ ɛ s ɛ n̪ t̪ ɛ
kresyente	k ɾ ɛ s j ɛ n̪ t̪ ɛ
kresyente	k ɾ ɛ ʃ ɛ n̪ t̪ ɛ
kreyasyon	k ɾ ɛ j ɐ s j o n̪
kreyasyon	k ɾ ɛ j ɐ ʃ o n̪
kreyatibidad	k ɾ ɛ j ɐ t̪ ɪ b ɪ d̪ a d̪̚
kreyon	k ɾ ɛ j o n̪
kriket	k ɾ iː x ɛ t̪̚
krimen	k ɾ iː m ɛ n̪
krimen	k ɾ ɪ m ɛ n̪
kriminal	k ɾ ɪ m ɪ n̪ a l
kriminalidad	k ɾ ɪ m ɪ n̪ ɐ l ɪ d̪ a d̪̚
kriminolohiya	k ɾ ɪ m ɪ n̪ o l o h iː j ɐ
kriminolohiya	k ɾ ɪ m ɪ n̪ o l oː h j ɐ
krimson	k ɾ i m s o n̪
kring	k ɾ ɪ ŋ
krisantemo	k ɾ ɪ s ɐ n̪ t̪ ɛː m o
krisis	k ɾ iː s ɪ s
krisma	k ɾ i s m ɐ
kristal	k ɾ ɪ s t̪ a l
kristo	k ɾ i s t̪ o
kritikal	k ɾ ɪ t̪ ɪ x a l
kritiko	k ɾ iː t̪ ɪ x o
kritisismo	k ɾ ɪ t̪ ɪ s i s m o
krokis	k ɾ oː x ɪ s
krokodilo	k ɾ o x o d̪ iː l o
krokodilyo	k ɾ o x o d̪ i l j o
kromatiko	k ɾ o m aː t̪ ɪ x o
kromatina	k ɾ o m ɐ t̪ iː n̪ ɐ
kromosoma	k ɾ o m o s oː m ɐ
kromospera	k ɾ o m o s p ɛː ɾ ɐ
kroni	k ɾ oː n̪ ɪ
kroniismo	k ɾ o n̪ ɪ j i s m o
kroniyismo	k ɾ o n̪ ɪ j i s m o
kronolohiya	k ɾ o n̪ o l o h iː j ɐ
kropek	k ɾ oː p ɛ k̚
krudo	k ɾ uː d̪ o
krukat	k ɾ uː x ɐ t̪̚
krukis	k ɾ uː x ɪ s
krus	k ɾ ʊ s
krusipiho	k ɾ ʊ s ɪ p iː h o
kuba	k uː b ɐ ʔ
kubakob	k ʊ b aː x o b̚
kubakob	k ʊ b ɐ x o b̚
kubaw	k ʊ b a ʊ̯
kubeta	k ʊ b ɛː t̪ ɐ
kubierta	k ʊ b j ɛ ɾ t̪ ɐ
kubiko	k uː b ɪ x o
kubil	k ʊ b ɪ l
kubiyerta	k ʊ b j ɛ ɾ t̪ ɐ
kubkob	k ʊ b k o b̚
kubli	k ʊ b l ɪ
kubngulo	k ʊ b ŋ uː l o
kubnugin	k ʊ b n̪ uː ɣ ɪ n̪
kubo	k uː b o
kubra	k ʊ b ɾ a
kubrador	k ʊ b ɾ ɐ d̪ o ɾ
kubrekama	k ʊ b ɾ ɛ x aː m ɐ
kubtangkas	k ʊ b t̪ ɐ ŋ k a s
kubyerta	k ʊ b j ɛ ɾ t̪ ɐ
kubyertos	k ʊ b j ɛ ɾ t̪ o s
kuda	k ʊ d̪ a ʔ
kudeta	k uː d̪ ɛ t̪ a
kudkod	k ʊ d̪ k o d̪̚
kudkurin	k u d̪ k uː ɾ ɪ n̪
kudkurin	k ʊ d̪ k ʊ ɾ ɪ n̪
kudlit	k ʊ d̪ l̪ ɪ t̪̚
kudlong	k ʊ d̪ l̪ o ŋ
kudyapi	k ʊ d d͡ʒ aː p ɪ ʔ
kudyapi	k ʊ d d͡ʒ ɐ p ɪ ʔ
kudyapi	k ʊ d̪ j aː p ɪ ʔ
kudyapi	k ʊ d̪ j ɐ p ɪ ʔ
kugita	k ʊ ɣ iː t̪ ɐ ʔ
kugon	k uː ɣ o n̪
kugon	k ʊ ɣ o n̪
kuha	k uː h ɐ
kuha	k uː h ɐ ʔ
kuha	k ʊ h a
kuhala	k ʊ h aː l ɐ ʔ
kuhanan	k ʊ h aː n̪ ɐ n̪
kuhaw	k ʊ h a ʊ̯
kuhila	k ʊ h iː l ɐ ʔ
kuhila	k ʊ h ɪ l a ʔ
kuhol	k ʊ h o l
kukaratsa	k ʊ x ɐ ɾ a t̪ s ɐ
kukaratsa	k ʊ x ɐ ɾ aː t͡ʃ ɐ
kuki	k uː x ɪ
kukis	k uː x ɪ s
kuko	k uː x o ʔ
kuko	k ʊ x o
kukote	k ʊ x oː t̪ ɛ
kukudkurin	k uː x ʊ d̪ k ʊ ɾ ɪ n̪
kukuha	k uː x uː h ɐ
kukuha	k uː x uː h ɐ ʔ
kukuha	k ʊ x uː h ɐ
kukuha	k ʊ x uː h ɐ ʔ
kukunan	k ʊ x uː n̪ ɐ n̪
kukunan	k ʊ x ʊ n̪ a n̪
kukupas	k ʊ x uː p ɐ s
kukutsarahin	k uː x ʊ t t͡ʃ ɐ ɾ aː h ɪ n̪
kukutsarahin	k uː x ʊ t̪ s ɐ ɾ aː h ɪ n̪
kukuyuli	k ʊ x ʊ j uː l ɪ ʔ
kula	k uː l ɐ
kula	k ʊ l a
kulabo	k ʊ l aː b o ʔ
kulabo	k ʊ l ɐ b o ʔ
kulago	k ʊ l ɐ ɣ o
kulakling	k ʊ l ɐ k l ɪ ŋ
kulaknit	k ʊ l ɐ k n̪ ɪ t̪̚
kulalaying	k ʊ l ɐ l ɐ j ɪ ŋ
kulam	k uː l ɐ m
kulambo	k ʊ l ɐ m b o ʔ
kulang	k uː l ɐ ŋ
kulangot	k ʊ l aː ŋ o t̪̚
kulani	k ʊ l aː n̪ ɪ ʔ
kulanto	k ʊ l ɐ n̪ t̪ o
kulantro	k ʊ l a n̪ t̪ ɾ o
kulantro	k ʊ l ɐ n̪ t̪ ɾ o
kulap	k uː l ɐ p̚
kulapnit	k ʊ l ɐ p n̪ ɪ t̪̚
kulapo	k ʊ l ɐ p o
kulas	k uː l ɐ s
kulas	k ʊ l a s
kulase	k ʊ l aː s ɛ
kulasi	k ʊ l aː s ɪ
kulasim	k ʊ l ɐ s ɪ m
kulasisi	k ʊ l ɐ s iː s ɪ
kulasisi	k ʊ l ɐ s iː s ɪ ʔ
kulat	k uː l ɐ t̪̚
kulata	k ʊ l aː t̪ ɐ
kulata	k ʊ l aː t̪ ɐ ʔ
kulatahin	k ʊ l ɐ t̪ aː h ɪ n̪
kulatain	k ʊ l ɐ t̪ aː ʔ ɪ n̪
kulatkulat	k uː l ɐ t̪ k uː l ɐ t̪̚
kulaw	k ʊ l a ʊ̯
kulawin	k ʊ l ɐ w ɪ n̪
kulawo	k ʊ l aː w o ʔ
kulay	k uː l a ɪ̯
kulaybulog	k ʊ l a ɪ̯ b uː l o ɡ̚
kulayin	k uː l aː j ɪ n̪
kulayin	k ʊ l ɐ j ɪ n̪
kulaylawas	k ʊ l a ɪ̯ l aː w ɐ s
kulayo	k ʊ l aː j o
kulayputol	k ʊ l a ɪ̯ p uː t̪ o l
kulaysukat	k ʊ l a ɪ̯ s uː x ɐ t̪̚
kulaysukatan	k ʊ l a ɪ̯ s ʊ x ɐ t̪ a n̪
kulelat	k ʊ l ɛː l ɐ t̪̚
kulig	k ʊ l ɪ ɡ̚
kuliglig	k ʊ l ɪ ɡ l ɪ ɡ̚
kulilipaw	k ʊ l ɪ l iː p a ʊ̯
kulilis	k ʊ l iː l ɪ s
kulimba	k ʊ l ɪ m b a ʔ
kulimbat	k ʊ l ɪ m b a t̪̚
kulimlim	k ʊ l ɪ m l ɪ m
kulinarya	k ʊ l ɪ n̪ a ɾ j ɐ
kulintang	k ʊ l ɪ n̪ t̪ a ŋ
kuliplor	k ʊ l ɪ p l o ɾ
kulis	k uː l ɪ s
kulis	k ʊ l ɪ s
kulisap	k ʊ l iː s ɐ p̚
kulisaw	k ʊ l iː s a ʊ̯
kulit	k uː l ɪ t̪̚
kulit	k ʊ l ɪ t̪̚
kuliti	k ʊ l iː t̪ ɪ ʔ
kulitis	k ʊ l iː t̪ ɪ s
kulo	k uː l o
kulo	k ʊ l o
kulo	k ʊ l o ʔ
kulob	k uː l o b̚
kulob	k ʊ l o b̚
kulog	k ʊ l o ɡ̚
kulong	k ʊ l o ŋ
kulorete	k ʊ l o ɾ ɛː t̪ ɛ
kulos	k ʊ l o s
kulot	k uː l o t̪̚
kulots	k ʊ l o t̪ s
kulpuralis	k ʊ l p ʊ ɾ aː l ɪ s
kulson	k ʊ l s o n̪
kulto	k u l t̪ o
kulto	k ʊ l t̪ o
kultura	k ʊ l t̪ uː ɾ ɐ
kulubong	k ʊ l ʊ b o ŋ
kulubot	k ʊ l ʊ b o t̪̚
kulugo	k ʊ l ʊ ɣ o
kulumpol	k ʊ l ʊ m p o l
kulungan	k uː l uː ŋ ɐ n̪
kulungkulong	k uː l ʊ ŋ k uː l o ŋ
kulunoy	k ʊ l ʊ n̪ o ɪ̯
kuluntoy	k ʊ l ʊ n̪ t̪ o ɪ̯
kulurete	k ʊ l ʊ ɾ ɛː t̪ ɛ
kulutkulutan	k ʊ l ʊ t̪ k ʊ l uː t̪ ɐ n̪
kulyarin	k ʊ l j ɐ ɾ ɪ n̪
kulyawan	k ʊ l j aː w ɐ n̪
kumabig	k ʊ m aː b ɪ ɡ̚
kumadrona	k ʊ m ɐ d̪ ɾ oː n̪ ɐ
kumagat	k ʊ m ɐ ɣ a t̪̚
kumahog	k ʊ m ɐ h o ɡ̚
kumain	k ʊ m aː ʔ ɪ n̪
kumakabig	k ʊ m ɐ x aː b ɪ ɡ̚
kumakagat	k ʊ m aː x ɐ ɣ a t̪̚
kumakain	k ʊ m ɐ x aː ʔ ɪ n̪
kumalat	k ʊ m aː l ɐ t̪̚
kumampi	k ʊ m ɐ m p ɪ
kumanan	k ʊ m aː n̪ ɐ n̪
kumander	k ʊ m a n̪ d̪ ɛ ɾ
kumandidato	k ʊ m ɐ n̪ d̪ ɪ d̪ aː t̪ o
kumanta	k ʊ m ɐ n̪ t̪ a
kumapal	k ʊ m ɐ p a l
kumapit	k ʊ m aː p ɪ t̪̚
kumare	k ʊ m aː ɾ ɛ
kumaripas	k ʊ m ɐ ɾ iː p ɐ s
kumatawan	k ʊ m ɐ t̪ ɐ w a n̪
kumayod	k ʊ m aː j o d̪̚
kumbaga	k ʊ m b ɐ ɣ a
kumbensiyon	k ʊ m b ɛ n̪ s j o n̪
kumbensiyon	k ʊ m b ɛ n̪ ʃ o n̪
kumbensiyonal	k ʊ m b ɛ n̪ s j o n̪ a l
kumbensiyonal	k ʊ m b ɛ n̪ ʃ o n̪ a l
kumbensyon	k ʊ m b ɛ n̪ s j o n̪
kumbensyon	k ʊ m b ɛ n̪ ʃ o n̪
kumbento	k ʊ m b ɛ n̪ t̪ o
kumbenyente	k ʊ m b ɛ n ɲ ɛ n̪ t̪ ɛ
kumbenyente	k ʊ m b ɛ n̪ j ɛ n̪ t̪ ɛ
kumbida	k ʊ m b ɪ d̪ a
kumbinasyon	k ʊ m b ɪ n̪ ɐ s j o n̪
kumbinasyon	k ʊ m b ɪ n̪ ɐ ʃ o n̪
kumbinsi	k ʊ m b ɪ n̪ s ɪ
kumbinsido	k ʊ m b ɪ n̪ s iː d̪ o
kumbinsihin	k ʊ m b ɪ n̪ s ɪ h ɪ n̪
kumbinyente	k ʊ m b ɪ n ɲ ɛ n̪ t̪ ɛ
kumbinyente	k ʊ m b ɪ n̪ j ɛ n̪ t̪ ɛ
kumbo	k ʊ m b o ʔ
kumboy	k u m b o ɪ̯
kumboy	k ʊ m b o ɪ̯
kumbulsiyon	k ʊ m b ʊ l s j o n̪
kumbulsiyon	k ʊ m b ʊ l ʃ o n̪
kumbulsyon	k ʊ m b ʊ l s j o n̪
kumbulsyon	k ʊ m b ʊ l ʃ o n̪
kumedya	k ʊ m ɛ d̪ j ɐ
kumedya	k ʊ m ɛː d͡ʒ ɐ
kumedyahan	k uː m ɛ d d͡ʒ ɐ h a n̪
kumedyahan	k uː m ɛ d̪ j ɐ h a n̪
kumedyante	k ʊ m ɛ d d͡ʒ a n̪ t̪ ɛ
kumedyante	k ʊ m ɛ d̪ j a n̪ t̪ ɛ
kumento	k ʊ m ɛ n̪ t̪ o
kumidlat	k ʊ m ɪ d̪ l̪ a t̪̚
kumidya	k ʊ m ɪ d d͡ʒ a
kumidya	k ʊ m ɪ d̪ j a
kuminoy	k ʊ m ɪ n̪ o ɪ̯
kumintab	k ʊ m ɪ n̪ t̪ a b̚
kumintang	k ʊ m ɪ n̪ t̪ a ŋ
kumirya	k ʊ m ɪ ɾ j a
kumislot	k ʊ m ɪ s l o t̪̚
kumisyon	k ʊ m ɪ s j o n̪
kumisyon	k ʊ m ɪ ʃ o n̪
kumita	k ʊ m iː t̪ ɐ
kumita	k ʊ m iː t̪ ɐ ʔ
kumitil	k ʊ m ɪ t̪ ɪ l
kumonsulta	k ʊ m o n̪ s u l t̪ ɐ
kumot	k uː m o t̪̚
kumpanya	k ʊ m p ɐ n ɲ a
kumpanya	k ʊ m p ɐ n̪ j a
kumpare	k ʊ m p aː ɾ ɛ
kumpas	k ʊ m p a s
kumpay	k ʊ m p a ɪ̯
kumpederasyon	k ʊ m p ɛ d̪ ɛ ɾ ɐ s j o n̪
kumpederasyon	k ʊ m p ɛ d̪ ɛ ɾ ɐ ʃ o n̪
kumpensasyon	k ʊ m p ɛ n̪ s ɐ s j o n̪
kumpensasyon	k ʊ m p ɛ n̪ s ɐ ʃ o n̪
kumpeti	k ʊ m p ɛː t̪ ɪ
kumpetisyon	k ʊ m p ɛ t̪ i s j o n̪
kumpetisyon	k ʊ m p ɛ t̪ iː ʃ o n̪
kumpidante	k ʊ m p ɪ d̪ a n̪ t̪ ɛ
kumpidensiyal	k ʊ m p ɪ d̪ ɛ n̪ s j a l
kumpidensiyal	k ʊ m p ɪ d̪ ɛ n̪ ʃ a l
kumpidensyal	k ʊ m p ɪ d̪ ɛ n̪ s j a l
kumpidensyal	k ʊ m p ɪ d̪ ɛ n̪ ʃ a l
kumpigurasyon	k ʊ m p ɪ ɣ ʊ ɾ ɐ s j o n̪
kumpigurasyon	k ʊ m p ɪ ɣ ʊ ɾ ɐ ʃ o n̪
kumpil	k ʊ m p ɪ l
kumpilma	k ʊ m p ɪ l m a
kumpirma	k ʊ m p ɪ ɾ m a
kumpirmado	k ʊ m p ɪ ɾ m aː d̪ o
kumpirmasyon	k ʊ m p ɪ ɾ m ɐ s j o n̪
kumpirmasyon	k ʊ m p ɪ ɾ m ɐ ʃ o n̪
kumpisal	k ʊ m p ɪ s a l
kumpisalan	k ʊ m p ɪ s aː l ɐ n̪
kumpiska	k ʊ m p ɪ s k a
kumpites	k ʊ m p iː t̪ ɛ s
kumpitis	k ʊ m p iː t̪ ɪ s
kumpitiw	k ʊ m p iː t̪ ɪ ʊ̯
kumpiyansa	k ʊ m p j a n̪ s ɐ
kumpleanyo	k ʊ m p l ɛ j a n̪ j o
kumpleanyo	k ʊ m p l ɛ j aː ɲ o
kumpleanyo	k ʊ m p l ɛ ʔ a n̪ j o
kumpleanyo	k ʊ m p l ɛ ʔ aː ɲ o
kumpleanyos	k ʊ m p l ɛ j a n̪ j o s
kumpleanyos	k ʊ m p l ɛ j aː ɲ o s
kumpleanyos	k ʊ m p l ɛ ʔ a n̪ j o s
kumpleanyos	k ʊ m p l ɛ ʔ aː ɲ o s
kumpleto	k ʊ m p l ɛː t̪ o
kumplianyo	k ʊ m p l j a n ɲ o
kumplianyo	k ʊ m p l j a n̪ j o
kumplianyo	k ʊ m p l ɪ ʔ a n̪ j o
kumplianyo	k ʊ m p l ɪ ʔ aː ɲ o
kumplikado	k ʊ m p l ɪ x aː d̪ o
kumplikasyon	k ʊ m p l ɪ x ɐ s j o n̪
kumplikasyon	k ʊ m p l ɪ x ɐ ʃ o n̪
kumpol	k ʊ m p o l
kumporme	k ʊ m p o ɾ m ɛ
kumportable	k ʊ m p o ɾ t̪ aː b l ɛ
kumprehensibo	k ʊ m p ɾ ɛ h ɛ n̪ s iː b o
kumprehensiyon	k ʊ m p ɾ ɛ h ɛ n̪ s j o n̪
kumprehensiyon	k ʊ m p ɾ ɛ h ɛ n̪ ʃ o n̪
kumprehensyon	k ʊ m p ɾ ɛ h ɛ n̪ s j o n̪
kumprehensyon	k ʊ m p ɾ ɛ h ɛ n̪ ʃ o n̪
kumprensibo	k ʊ m p ɾ ɛ n̪ s iː b o
kumpronta	k ʊ m p ɾ o n̪ t̪ a
kumprontasyon	k ʊ m p ɾ o n̪ t̪ ɐ s j o n̪
kumprontasyon	k ʊ m p ɾ o n̪ t̪ ɐ ʃ o n̪
kumpulan	k ʊ m p uː l ɐ n̪
kumpuni	k ʊ m p ʊ n̪ ɪ
kumpurmi	k ʊ m p u ɾ m ɪ
kumpyansa	k ʊ m p j a n̪ s ɐ
kumuha	k ʊ m uː h ɐ
kumuha	k ʊ m uː h ɐ ʔ
kumukuha	k ʊ m uː x uː h ɐ
kumukuha	k ʊ m uː x uː h ɐ ʔ
kumukuha	k ʊ m ʊ x uː h ɐ
kumukuha	k ʊ m ʊ x uː h ɐ ʔ
kumukulo	k ʊ m uː x ʊ l o ʔ
kumukupas	k ʊ m ʊ x uː p ɐ s
kumulang	k ʊ m uː l ɐ ŋ
kumulatibo	k ʊ m ʊ l ɐ t̪ iː b o
kumulimlim	k ʊ m ʊ l ɪ m l ɪ m
kumulo	k ʊ m ʊ l o ʔ
kumulog	k ʊ m ʊ l o ɡ̚
kumunismo	k ʊ m ʊ n̪ i s m o
kumunista	k ʊ m ʊ n̪ i s t̪ ɐ
kumunoy	k ʊ m ʊ n̪ o ɪ̯
kumunsulta	k ʊ m ʊ n̪ s u l t̪ ɐ
kumunyon	k ʊ m ʊ n ɲ o n̪
kumunyon	k ʊ m ʊ n̪ j o n̪
kumupas	k ʊ m uː p ɐ s
kumurason	k ʊ m ʊ ɾ ɐ s o n̪
kumusta	k ʊ m ʊ s t̪ a
kumutan	k ʊ m uː t̪ ɐ n̪
kumuyakoy	k ʊ m ʊ j aː x o ɪ̯
kun	k ʊ n̪
kunan	k uː n̪ ɐ n̪
kunat	k uː n̪ ɐ t̪̚
kundangan	k ʊ n̪ d̪ aː ŋ ɐ n̪
kundena	k ʊ n̪ d̪ ɛ n̪ a
kundi	k ʊ n̪ d̪ ɪ ʔ
kundiman	k ʊ n̪ d̪ iː m ɐ n̪
kundol	k ʊ n̪ d̪ o l
kuneho	k ʊ n̪ ɛː h o
kuneksiyon	k ʊ n̪ ɛ k s j o n̪
kuneksiyon	k ʊ n̪ ɛ k ʃ o n̪
kuneksyon	k ʊ n̪ ɛ k s j o n̪
kuneksyon	k ʊ n̪ ɛ k ʃ o n̪
kung	k ʊ ŋ
kungyari	k ʊ ŋ j aː ɾ ɛ ʔ
kungyari	k ʊ ŋ j aː ɾ ɪ ʔ
kunin	k uː n̪ ɪ n̪
kuno	k ʊ n̪ o
kunot	k ʊ n̪ o t̪̚
kunsi	k ʊ n̪ s ɪ ʔ
kunsiderasyon	k ʊ n̪ s ɪ d̪ ɛ ɾ ɐ s j o n̪
kunsiderasyon	k ʊ n̪ s ɪ d̪ ɛ ɾ ɐ ʃ o n̪
kunsilba	k ʊ n̪ s ɪ l b a
kunsinti	k ʊ n̪ s ɪ n̪ t̪ ɪ
kunsintidor	k ʊ n̪ s ɪ n̪ t̪ ɪ d̪ o ɾ
kunsintidora	k ʊ n̪ s ɪ n̪ t̪ ɪ d̪ oː ɾ ɐ
kunsintihin	k ʊ n̪ s ɪ n̪ t̪ ɪ h ɪ n̪
kunsirto	k ʊ n̪ s ɪ ɾ t̪ o
kunsulta	k ʊ n̪ s u l t̪ ɐ
kunsumido	k ʊ n̪ s ʊ m iː d̪ o
kunsumisyon	k ʊ n̪ s ʊ m ɪ s j o n̪
kunsumisyon	k ʊ n̪ s ʊ m ɪ ʃ o n̪
kunsumo	k ʊ n̪ s uː m o
kuntador	k ʊ n̪ t̪ ɐ d̪ o ɾ
kunteksto	k ʊ n̪ t̪ ɛ k s t̪ o
kuntento	k ʊ n̪ t̪ ɛ n̪ t̪ o
kuntodo	k ʊ n̪ t̪ oː d̪ o
kuntsaba	k ʊ n̪ t͡s aː b ɐ
kuntsaba	k ʊ n̪ t͡ʃ aː b ɐ
kuntsabahan	k ʊ n̪ t͡s ɐ b ɐ h a n̪
kuntsabahan	k ʊ n̪ t͡ʃ ɐ b ɐ h a n̪
kunuwari	k ʊ n̪ w aː ɾ ɪ ʔ
kunwa	k ʊ n̪ w a ʔ
kunwari	k ʊ n̪ w aː ɾ ɛ ʔ
kunwari	k ʊ n̪ w aː ɾ ɪ ʔ
kunyari	k ʊ n ɲ aː ɾ ɛ ʔ
kunyari	k ʊ n ɲ aː ɾ ɪ ʔ
kunyari	k ʊ n̪ j aː ɾ ɛ ʔ
kunyari	k ʊ n̪ j aː ɾ ɪ ʔ
kunyas	k ʊ n ɲ a s
kunyas	k ʊ n̪ j a s
kupad	k uː p ɐ d̪̚
kupal	k uː p ɐ l
kupang	k uː p ɐ ŋ
kupas	k uː p ɐ s
kupas	k ʊ p a s
kupete	k ʊ p ɛː t̪ ɛ
kupi	k uː p ɪ ʔ
kupi	k ʊ p ɪ
kupi	k ʊ p ɪ ʔ
kuping	k uː p ɪ ŋ
kuping	k ʊ p ɪ ŋ
kupit	k uː p ɪ t̪̚
kupiti	k ʊ p iː t̪ ɪ
kupo	k uː p o
kupo	k uː p o ʔ
kupon	k ʊ p o n̪
kupong	k uː p o ŋ
kupya	k u p j ɐ
kupya	k ʊ p j a ʔ
kura	k uː ɾ ɐ
kura	k uː ɾ ɐ ʔ
kurag	k uː ɾ ɐ ɡ̚
kurakot	k ʊ ɾ aː x o t̪̚
kural	k ʊ ɾ a l
kuramos	k ʊ ɾ aː m o s
kurap	k ʊ ɾ a p̚
kurapsiyon	k ʊ ɾ ɐ p s j o n̪
kurapsiyon	k ʊ ɾ ɐ p ʃ o n̪
kurapsyon	k ʊ ɾ ɐ p s j o n̪
kurapsyon	k ʊ ɾ ɐ p ʃ o n̪
kurarap	k ʊ ɾ aː ɾ ɐ p̚
kurason	k ʊ ɾ ɐ s o n̪
kurasunin	k ʊ ɾ ɐ s ʊ n̪ ɪ n̪
kuratsa	k ʊ ɾ a t̪ s ɐ
kuratsa	k ʊ ɾ aː t͡ʃ ɐ
kuratsa	k ʊ ɾ ɐ t t͡ʃ a
kuratsa	k ʊ ɾ ɐ t̪ s a
kurba	k ʊ ɾ b a
kurbada	k ʊ ɾ b aː d̪ ɐ
kurbata	k ʊ ɾ b aː t̪ ɐ
kurdiyon	k ʊ ɾ d̪ j o n̪
kurdiyon	k ʊ ɾ d͡ʒ o n̪
kurdyon	k ʊ ɾ d̪ j o n̪
kurdyon	k ʊ ɾ d͡ʒ o n̪
kurikan	k ʊ ɾ ɪ x a n̪
kurikong	k ʊ ɾ ɪ x o ŋ
kurikulum	k ʊ ɾ iː x ʊ l ʊ m
kuripot	k ʊ ɾ iː p o t̪̚
kurita	k ʊ ɾ iː t̪ ɐ
kurkor	k ʊ ɾ k o ɾ
kuro	k uː ɾ o ʔ
kuros	k ʊ ɾ o s
kurot	k ʊ ɾ o t̪̚
kurse	k ʊ ɾ s ɛ
kursilista	k ʊ ɾ s ɪ l i s t̪ ɐ
kursilyista	k ʊ ɾ s ɪ l j i s t̪ ɐ
kursilyo	k ʊ ɾ s i l j o
kurso	k u ɾ s o
kurso	k ʊ ɾ s o
kursonada	k ʊ ɾ s o n̪ aː d̪ ɐ
kursunada	k ʊ ɾ s ʊ n̪ aː d̪ ɐ
kurtina	k ʊ ɾ t̪ iː n̪ ɐ
kurukya	k ʊ ɾ ʊ k j a ʔ
kurus	k ʊ ɾ ʊ s
kurya	k u ɾ j ɐ
kuryente	k ʊ ɾ j ɛ n̪ t̪ ɛ
kuryentihin	k ʊ ɾ j ɛ n̪ t̪ ɪ h ɪ n̪
kuryosidad	k ʊ ɾ j o s ɪ d̪ a d̪̚
kuryusidad	k ʊ ɾ j ʊ s ɪ d̪ a d̪̚
kusa	k uː s ɐ ʔ
kusi	k ʊ s ɪ
kusilba	k ʊ s ɪ l b a
kusim	k ʊ s ɪ m
kusin	k ʊ s ɪ n̪
kusina	k ʊ s iː n̪ ɐ
kusina	k ʊ s iː n̪ ɐ ʔ
kusinera	k ʊ s ɪ n̪ ɛː ɾ ɐ
kusinero	k ʊ s ɪ n̪ ɛː ɾ o
kusing	k ʊ s ɪ ŋ
kusinilya	k ʊ s ɪ n̪ i l j ɐ
kuskos	k ʊ s k o s
kuskusin	k ʊ s k ʊ s ɪ n̪
kusog	k ʊ s o ɡ̚
kusot	k uː s o t̪̚
kusot	k ʊ s o t̪̚
kustable	k ʊ s t̪ aː b l ɛ
kustabularyo	k ʊ s t̪ ɐ b ʊ l a ɾ j o
kustal	k ʊ s t̪ a l
kustodiya	k ʊ s t̪ o d̪ iː j ɐ
kustodiya	k ʊ s t̪ oː d̪ j ɐ
kustodiya	k ʊ s t̪ oː d͡ʒ ɐ
kustodya	k ʊ s t̪ o d̪ j ɐ
kustodya	k ʊ s t̪ oː d͡ʒ ɐ
kustomer	k u s t̪ o m ɛ ɾ
kustura	k ʊ s t̪ uː ɾ ɐ
kuta	k uː t̪ ɐ
kuta	k uː t̪ ɐ ʔ
kutab	k uː t̪ ɐ b̚
kutab	k ʊ t̪ a b̚
kutad	k uː t̪ ɐ d̪̚
kutad	k ʊ t̪ a d̪̚
kutamaya	k ʊ t̪ ɐ m aː j ɐ
kutba	k u t̪ b ɐ
kuteho	k ʊ t̪ ɛː h o
kutikuti	k ʊ t̪ ɪ x ʊ t̪ ɪ
kutiltil	k ʊ t̪ ɪ l t̪ ɪ l
kuting	k ʊ t̪ ɪ ŋ
kutingting	k ʊ t̪ ɪ n̪ t̪ ɪ ŋ
kutingtingin	k ʊ t̪ ɪ n̪ t̪ ɪ ŋ ɪ n̪
kutipaw	k ʊ t̪ ɪ p a ʊ̯
kutipyo	k ʊ t̪ i p j o
kutipyo	k ʊ t̪ ɪ p j o
kutis	k uː t̪ ɪ s
kutitap	k ʊ t̪ iː t̪ ɐ p̚
kutiyam	k uː t̪ j ɐ m
kutiyam	k uː t͡ʃ ɐ m
kutkot	k ʊ t̪ k o t̪̚
kuto	k uː t̪ o
kuto	k ʊ t̪ o ʔ
kutob	k ʊ t̪ o b̚
kutog	k ʊ t̪ o ɡ̚
kuton	k ʊ t̪ o n̪
kutong	k oː t̪ o ŋ
kutong	k uː t̪ o ŋ
kutos	k ʊ t̪ o s
kutsaba	k ʊ t t͡ʃ aː b ɐ
kutsaba	k ʊ t̪ s aː b ɐ
kutsabahan	k ʊ t t͡ʃ ɐ b ɐ h a n̪
kutsabahan	k ʊ t̪ s ɐ b ɐ h a n̪
kutsada	k ʊ t t͡ʃ aː d̪ ɐ
kutsada	k ʊ t̪ s aː d̪ ɐ
kutsara	k ʊ t t͡ʃ aː ɾ ɐ
kutsara	k ʊ t t͡ʃ aː ɾ ɐ ʔ
kutsara	k ʊ t̪ s aː ɾ ɐ
kutsara	k ʊ t̪ s aː ɾ ɐ ʔ
kutsarahin	k ʊ t t͡ʃ ɐ ɾ aː h ɪ n̪
kutsarahin	k ʊ t̪ s ɐ ɾ aː h ɪ n̪
kutsarain	k ʊ t t͡ʃ ɐ ɾ aː ʔ ɪ n̪
kutsarain	k ʊ t̪ s ɐ ɾ aː ʔ ɪ n̪
kutsarita	k ʊ t t͡ʃ ɐ ɾ iː t̪ ɐ
kutsarita	k ʊ t̪ s ɐ ɾ iː t̪ ɐ
kutsaritahin	k ʊ t t͡ʃ ɐ ɾ ɪ t̪ aː h ɪ n̪
kutsaritahin	k ʊ t̪ s ɐ ɾ ɪ t̪ aː h ɪ n̪
kutsaron	k ʊ t t͡ʃ ɐ ɾ o n̪
kutsaron	k ʊ t̪ s ɐ ɾ o n̪
kutsay	k ʊ t t͡ʃ a ɪ̯
kutsay	k ʊ t̪ s a ɪ̯
kutsero	k ʊ t t͡ʃ ɛː ɾ o
kutsero	k ʊ t̪ s ɛː ɾ o
kutsilyo	k ʊ t t͡ʃ i l j o
kutsilyo	k ʊ t̪ s i l j o
kutsina	k ʊ t t͡ʃ iː n̪ ɐ
kutsina	k ʊ t̪ s iː n̪ ɐ
kutsinilyo	k ʊ t t͡ʃ ɪ n̪ i l j o
kutsinilyo	k ʊ t̪ s ɪ n̪ i l j o
kutsino	k ʊ t t͡ʃ iː n̪ o
kutsino	k ʊ t̪ s iː n̪ o
kutsinta	k ʊ t t͡ʃ ɪ n̪ t̪ a ʔ
kutsinta	k ʊ t̪ s ɪ n̪ t̪ a ʔ
kutson	k ʊ t t͡ʃ o n̪
kutson	k ʊ t̪ s o n̪
kutsukutso	k ʊ t t͡ʃ ʊ x ʊ t t͡ʃ o
kutsukutso	k ʊ t̪ s ʊ x ʊ t̪ s o
kutya	k ʊ t t͡ʃ a ʔ
kutya	k ʊ t̪ j a ʔ
kutyam	k u t̪ j ɐ m
kutyam	k uː t͡ʃ ɐ m
kutyara	k ʊ t t͡ʃ aː ɾ ɐ
kutyara	k ʊ t t͡ʃ aː ɾ ɐ ʔ
kutyara	k ʊ t̪ j aː ɾ ɐ
kutyara	k ʊ t̪ j aː ɾ ɐ ʔ
kutyog	k u t̪ j o ɡ̚
kutyog	k uː t͡ʃ o ɡ̚
kuwa	k uː w ɐ
kuwa	k uː w ɐ ʔ
kuwa	k w a
kuwa	k w a ʔ
kuwaderno	k w ɐ d̪ ɛ ɾ n̪ o
kuwadra	k w a d̪ ɾ ɐ
kuwadra	k w ɐ d̪ ɾ a
kuwadrado	k w ɐ d̪ ɾ aː d̪ o
kuwadrilatero	k w ɐ d̪ ɾ ɪ l aː t̪ ɛ ɾ o
kuwadrilya	k w ɐ d̪ ɾ i l j ɐ
kuwadrilyon	k w ɐ d̪ ɾ ɪ l j o n̪
kuwadro	k w a d̪ ɾ o
kuwadrupedo	k w ɐ d̪ ɾ uː p ɛ d̪ o
kuwago	k w aː ɣ o
kuwaho	k w aː h o
kuwak	k w a k̚
kuwaki	k w aː x ɪ ʔ
kuwaki	k w ɐ x ɪ ʔ
kuwako	k w aː x o
kuwala	k w aː l ɐ
kuwala	k w aː l ɐ ʔ
kuwalidad	k w ɐ l ɪ d̪ a d̪̚
kuwalipikasyon	k w ɐ l ɪ p ɪ x ɐ s j o n̪
kuwalipikasyon	k w ɐ l ɪ p ɪ x ɐ ʃ o n̪
kuwalta	k w a l t̪ ɐ
kuwalta	k w ɐ l t̪ a
kuwan	k w a n̪
kuwapaw	k w aː p a ʊ̯
kuwarantena	k w aː ɾ ɐ n̪ t̪ ɛː n̪ ɐ
kuwarenta	k w ɐ ɾ ɛ n̪ t̪ ɐ
kuwarentahin	k w ɐ ɾ ɛ n̪ t̪ aː h ɪ n̪
kuwarentahin	k w ɐ ɾ ɛ n̪ t̪ ɐ h ɪ n̪
kuwarentena	k w ɐ ɾ ɛ n̪ t̪ ɛː n̪ ɐ
kuwarentenas	k w ɐ ɾ ɛ n̪ t̪ ɛː n̪ ɐ s
kuwarso	k w a ɾ s o
kuwarta	k w a ɾ t̪ ɐ
kuwarta	k w ɐ ɾ t̪ a
kuwartel	k w ɐ ɾ t̪ ɛ l
kuwarteto	k w ɐ ɾ t̪ ɛː t̪ o
kuwarto	k w a ɾ t̪ o
kuwasya	k w a s j ɐ
kuwasya	k w aː ʃ ɐ
kuwatro	k w aː t̪ ɾ o
kuwatsoy	k w ɐ t t͡ʃ o ɪ̯
kuwatsoy	k w ɐ t̪ s o ɪ̯
kuweba	k w ɛː b ɐ
kuwekong	k w ɛː x o ŋ
kuwela	k w ɛː l ɐ
kuwelyo	k w ɛ l j o
kuwenta	k w ɛ n̪ t̪ ɐ
kuwento	k w ɛ n̪ t̪ o
kuwerdas	k w ɛ ɾ d̪ ɐ s
kuwestiyon	k w ɛ s t̪ j o n̪
kuwestiyon	k w ɛ s t͡ʃ o n̪
kuwestiyonable	k w ɛ s t̪ j o n̪ aː b l ɛ
kuwestiyonable	k w ɛ s t͡ʃ o n̪ aː b l ɛ
kuwestiyoner	k w ɛ s t̪ j o n̪ ɛ ɾ
kuwestiyoner	k w ɛ s t͡ʃ o n̪ ɛ ɾ
kuwestiyoneyr	k w ɛ s t̪ j o n̪ e ɪ̯ ɾ
kuwestiyoneyr	k w ɛ s t͡ʃ o n̪ e ɪ̯ ɾ
kuwidaw	k w ɪ d̪ a ʊ̯
kuwintas	k w ɪ n̪ t̪ a s
kuwit	k w ɪ t̪̚
kuwiter	k w iː t̪ ɛ ɾ
kuwitib	k w iː t̪ ɪ b̚
kuwitis	k w iː t̪ ɪ s
kuwoin	k w o ɪ̯ n̪
kuwoyn	k w o ɪ̯ n̪
kuya	k uː j ɐ
kuyad	k uː j ɐ d̪̚
kuyakoy	k ʊ j aː x o ɪ̯
kuyang	k uː j ɐ ŋ
kuyaw	k uː j a ʊ̯
kuyo	k uː j o
kuyo	k uː j o ʔ
kuyog	k uː j o ɡ̚
kuyom	k uː j o m
kuyom	k ʊ j o m
kuys	k ʊ ɪ̯ s
kuyugin	k ʊ j uː ɣ ɪ n̪
kuyukot	k ʊ j ʊ x o t̪̚
kuyumad	k ʊ j ʊ m a d̪̚
kuyumos	k ʊ j uː m o s
kuyumpit	k ʊ j ʊ m p ɪ t̪̚
kwaderno	k w ɐ d̪ ɛ ɾ n̪ o
kwadra	k w a d̪ ɾ ɐ
kwago	k w aː ɣ o
kwaki	k w aː x ɪ ʔ
kwaki	k w ɐ x ɪ ʔ
kwalipikasyon	k w ɐ l ɪ p ɪ x ɐ s j o n̪
kwalipikasyon	k w ɐ l ɪ p ɪ x ɐ ʃ o n̪
kwalta	k w a l t̪ ɐ
kwalta	k w ɐ l t̪ a
kwarentahin	k w ɐ ɾ ɛ n̪ t̪ aː h ɪ n̪
kwarentahin	k w ɐ ɾ ɛ n̪ t̪ ɐ h ɪ n̪
kwarta	k w a ɾ t̪ ɐ
kwatro	k w aː t̪ ɾ o
kweba	k w ɛː b ɐ
kwekkwek	k w ɛ k k w ɛ k̚
kwekong	k w ɛː x o ŋ
kwela	k w ɛː l ɐ
kwenta	k w ɛ n̪ t̪ ɐ
kwento	k w ɛ n̪ t̪ o
kwestyonable	k w ɛ s t̪ j o n̪ aː b l ɛ
kwestyonable	k w ɛ s t͡ʃ o n̪ aː b l ɛ
kwestyoner	k w ɛ s t̪ j o n̪ ɛ ɾ
kwestyoner	k w ɛ s t͡ʃ o n̪ ɛ ɾ
kwestyoneyr	k w ɛ s t̪ j o n̪ e ɪ̯ ɾ
kwestyoneyr	k w ɛ s t͡ʃ o n̪ e ɪ̯ ɾ
kwintas	k w ɪ n̪ t̪ a s
kwitis	k w iː t̪ ɪ s
kyu	k j ʊ
kyut	k j ʊ t̪̚
kyutikel	k j uː t̪ ɪ x ɛ l
kyutiks	k j uː t̪ ɪ k s
l	l
l	l a
l	ʔ ɛ l
l	ʔ ɛː l ɛ
la	l ɐ
laab	l aː ʔ ɐ b̚
laab	l ɐ ʔ a b̚
laan	l aː ʔ ɐ n̪
laan	l ɐ ʔ a n̪
laang	l aː ʔ ɐ ŋ
laas	l aː ʔ ɐ s
laas	l ɐ ʔ a s
laba	l aː b ɐ
laba	l aː b ɐ ʔ
laba	l ɐ b a
laba	l ɐ b a ʔ
lababo	l ɐ b aː b o
labada	l ɐ b aː d̪ ɐ
labadora	l ɐ b ɐ d̪ oː ɾ ɐ
labag	l ɐ b a ɡ̚
labaha	l ɐ b aː h ɐ
labahan	l aː b aː h ɐ n̪
labahan	l ɐ b ɐ h a n̪
labahin	l aː b aː h ɪ n̪
labahita	l ɐ b ɐ h iː t̪ ɐ
labak	l ɐ b a k̚
labakara	l ɐ b ɐ x aː ɾ ɐ
laban	l aː b ɐ n̪
laban	l ɐ b a n̪
labanan	l ɐ b aː n̪ ɐ n̪
labanan	l ɐ b ɐ n̪ a n̪
labanawansikin	l ɐ b ɐ n̪ ɐ w ɐ n̪ s iː x ɪ n̪
labandera	l ɐ b ɐ n̪ d̪ ɛː ɾ ɐ
labanderiya	l ɐ b a n̪ d̪ ɛ ɾ iː j ɐ
labandero	l ɐ b ɐ n̪ d̪ ɛː ɾ o
labanos	l ɐ b ɐ n̪ o s
labas	l aː b ɐ s
labas	l ɐ b a s
labasan	l aː b aː s ɐ n̪
labasan	l ɐ b ɐ s a n̪
labaskaphay	l ɐ b ɐ s k ɐ p h a ɪ̯
labatiba	l ɐ b ɐ t̪ iː b ɐ
labaw	l aː b a ʊ̯
labawliknayan	l ɐ b a ʊ̯ l ɪ k n̪ aː j ɐ n̪
labawsugnayan	l ɐ b a ʊ̯ s ʊ ɡ n̪ aː j ɐ n̪
laberinto	l ɐ b ɛ ɾ i n̪ t̪ o
labern	l aː b ə ɹ n̪
labhan	l ɐ b h a n̪
labhasa	l ɐ b h ɐ s a ʔ
labi	l aː b ɪ ʔ
labi	l ɐ b ɪ
labi	l ɐ b ɪ ʔ
labihan	l ɐ b ɪ h a n̪
labimpito	l ɐ b i m p ɪ t̪ o
labindalawa	l ɐ b i n̪ d̪ ɐ l ɐ w a
labing	l aː b ɪ ŋ
labing	l ɐ b ɪ ŋ
labingwalo	l ɐ b i ŋ w ɐ l o
labingwalo	l ɐ b ɪ ŋ w ɐ l o
labinlima	l ɐ b i n̪ l ɪ m a
labinsiyam	l ɐ b i n̪ s j a m
labinsiyam	l ɐ b i n̪ ʃ a m
labintador	l ɐ b ɪ n̪ t̪ ɐ d̪ o ɾ
labintatlo	l ɐ b i n̪ t̪ ɐ t̪ l̪ o
labis	l aː b ɪ s
labiw	l ɐ b ɪ ʊ̯
lablab	l ɐ b l a b̚
lablayp	l a b l a ɪ̯ p
labnaw	l ɐ b n̪ a ʊ̯
labnot	l ɐ b n̪ o t̪̚
labo	l aː b o
labo	l aː b o ʔ
labo	l ɐ b o
labo	l ɐ b o ʔ
labok	l aː b o k̚
labon	l aː b o n̪
labon	l ɐ b o n̪
labong	l ɐ b o ŋ
laboratoryo	l ɐ b o ɾ ɐ t̪ o ɾ j o
labot	l aː b o t̪̚
labot	l ɐ b o t̪̚
laboy	l aː b o ɪ̯
labsan	l ɐ b s a n̪
labso	l ɐ b s o ʔ
labtik	l ɐ b t̪ ɪ k̚
labulabo	l aː b ʊ l aː b o
labuyo	l ɐ b uː j o ʔ
labyu	l a b j ʊ
labyu	l ɐ b j ʊ
labyu	l ɐ b j ʊ ʔ
ladaw	l aː d̪ a ʊ̯
lader	l aː d̪ ɛ ɾ
ladinaso	l ɐ d̪ ɪ n̪ aː s o
ladlad	l ɐ d̪ l̪ a d̪̚
ladrilyo	l ɐ d̪ ɾ i l j o
ladya	l a d̪ j ɐ
ladya	l aː d͡ʒ ɐ
ladya	l ɐ d d͡ʒ a ʔ
ladya	l ɐ d̪ j a ʔ
laga	l aː ɣ ɐ ʔ
lagabag	l ɐ ɣ ɐ b a ɡ̚
lagablab	l ɐ ɣ ɐ b l a b̚
lagabog	l ɐ ɣ ɐ b o ɡ̚
lagak	l ɐ ɣ a k̚
lagaklak	l ɐ ɣ ɐ k l a k̚
lagalag	l ɐ ɣ aː l ɐ ɡ̚
lagalag	l ɐ ɣ ɐ l a ɡ̚
lagan	l ɐ ɣ a n̪
laganap	l ɐ ɣ aː n̪ ɐ p̚
laganas	l ɐ ɣ ɐ n̪ a s
lagang	l ɐ ɣ a ŋ
lagap	l ɐ ɣ a p̚
lagapak	l ɐ ɣ ɐ p a k̚
lagare	l ɐ ɣ aː ɾ ɛ ʔ
lagare	l ɐ ɣ ɐ ɾ ɛ ʔ
lagari	l ɐ ɣ aː ɾ ɛ ʔ
lagari	l ɐ ɣ aː ɾ ɪ ʔ
lagari	l ɐ ɣ ɐ ɾ ɛ ʔ
lagari	l ɐ ɣ ɐ ɾ ɪ ʔ
lagas	l aː ɣ ɐ s
lagas	l ɐ ɣ a s
lagasaw	l ɐ ɣ ɐ s a ʊ̯
lagaslas	l ɐ ɣ ɐ s l a s
lagay	l ɐ ɣ a ɪ̯
lagayan	l aː ɣ aː j ɐ n̪
lagayan	l ɐ ɣ ɐ j a n̪
lagaylay	l ɐ ɣ a ɪ̯ l a ɪ̯
lagda	l ɐ ɡ d̪ a ʔ
lagdaan	l ɐ ɡ d̪ ɐ ʔ a n̪
lagets	l ɐ ɣ ɛ t̪ s
lagi	l aː ɣ ɛ
lagi	l aː ɣ ɛ ʔ
lagi	l aː ɣ ɪ
lagi	l aː ɣ ɪ ʔ
lagibas	l ɐ ɣ ɪ b a s
lagiin	l ɐ ɣ iː ʔ ɪ n̪
lagikway	l ɐ ɣ ɪ k w a ɪ̯
lagim	l ɐ ɣ ɪ m
laginit	l ɐ ɣ ɪ n̪ ɪ t̪̚
lagis	l ɐ ɣ ɪ s
lagislis	l ɐ ɣ ɪ s l ɪ s
lagitik	l ɐ ɣ ɪ t̪ ɪ k̚
lagitlit	l ɐ ɣ ɪ t̪ l̪ ɪ t̪̚
lagkit	l ɐ ɡ k ɪ t̪̚
laglag	l ɐ ɡ l a ɡ̚
lagmak	l ɐ ɡ m a k̚
lagnat	l ɐ ɡ n̪ a t̪̚
lagnatin	l a ɡ n̪ aː t̪ ɪ n̪
lagnatin	l ɐ ɡ n̪ ɐ t̪ ɪ n̪
lago	l aː ɣ o
lago	l ɐ ɣ o ʔ
lagod	l aː ɣ o d̪̚
lagod	l ɐ ɣ o d̪̚
lagok	l ɐ ɣ o k̚
lagom	l aː ɣ o m
lagong	l aː ɣ o ŋ
lagos	l ɐ ɣ o s
lagot	l ɐ ɣ o t̪̚
lagpak	l ɐ ɡ p a k̚
lagpas	l ɐ ɡ p a s
lagsang	l ɐ ɡ s a ŋ
lagumba	l ɐ ɣ ʊ m b a
lagumlalangin	l ɐ ɣ ʊ m l ɐ l aː ŋ ɪ n̪
lagumlalangin	l ɐ ɣ ʊ m l ɐ l ɐ ŋ ɪ n̪
lagundi	l ɐ ɣ ʊ n̪ d̪ ɪ ʔ
lagusan	l ɐ ɣ uː s ɐ n̪
lagusan	l ɐ ɣ ʊ s a n̪
laguslos	l ɐ ɣ ʊ s l o s
lagutok	l ɐ ɣ ʊ t̪ o k̚
laguyo	l ɐ ɣ uː j o ʔ
lagwa	l ɐ ɡ w a
lagwa	l ɐ ɡ w a ʔ
lagwas	l a ɡ w ɐ s
lagwat	l ɐ ɡ w a t̪̚
lagwerta	l ɐ ɡ w ɛ ɾ t̪ ɐ
lagyan	l ɐ ɡ j a n̪
lagyo	l ɐ ɡ j o ʔ
laha	l aː h ɐ
lahad	l aː h ɐ d̪̚
lahad	l ɐ h a d̪̚
lahar	l aː h ɐ ɾ
lahar	l ɐ h a ɾ
lahat	l ɐ h a t̪̚
lahi	l aː h ɪ ʔ
lahid	l aː h ɪ d̪̚
laho	l aː h o
laho	l aː h o ʔ
lahok	l ɐ h o k̚
lahoy	l aː h o ɪ̯
lain	l aː ʔ ɪ n̪
laing	l aː ʔ ɪ ŋ
laing	l ɐ ʔ ɪ ŋ
lait	l aː ʔ ɪ t̪̚
laitin	l ɐ ʔ iː t̪ ɪ n̪
laiw	l aː ʔ ɪ ʊ̯
laiwan	l ɐ ʔ iː w ɐ n̪
laka	l aː x ɐ
laka	l ɐ x a ʔ
lakad	l aː x ɐ d̪̚
lakad	l ɐ x a d̪̚
lakambini	l ɐ x ɐ m b iː n̪ ɪ
lakan	l ɐ x a n̪
lakandiwa	l ɐ x ɐ n̪ d̪ iː w ɐ ʔ
lakansugo	l ɐ x ɐ n̪ s uː ɣ o ʔ
lakas	l ɐ x a s
lakatan	l ɐ x ɐ t̪ a n̪
lakaya	l ɐ x aː j ɐ
lakbay	l ɐ k b a ɪ̯
lakdang	l ɐ k d̪ a ŋ
lakdaw	l ɐ k d̪ a ʊ̯
lakdawkaphay	l ɐ k d̪ a ʊ̯ x ɐ p h a ɪ̯
lakdawyugto	l ɐ k d̪ a ʊ̯ j ʊ ɡ t̪ o ʔ
laker	l aː x ɛ ɾ
laket	l aː x ɛ t̪̚
lakha	l ɐ k h a ʔ
lakhan	l ɐ k h a n̪
laki	l ɐ x ɛ
laki	l ɐ x ɪ
lakihan	l ɐ x ɪ h a n̪
lakip	l aː x ɪ p̚
lakip	l ɐ x ɪ p̚
lakit	l aː x ɪ t̪̚
laklak	l ɐ k l a k̚
lako	l aː x o ʔ
lako	l ɐ x o
lakompake	l aː x o m p ɐ x ɛ
lakre	l a k ɾ ɛ
laksa	l a k s ɐ
laksa	l ɐ k s a
laksa	l ɐ k s a ʔ
laksamana	l ɐ k s ɐ m aː n̪ ɐ
laksante	l ɐ k s a n̪ t̪ ɛ
laksatiba	l ɐ k s ɐ t̪ iː b ɐ
laktaw	l ɐ k t̪ a ʊ̯
laktosa	l ɐ k t̪ oː s ɐ
lakwatsa	l ɐ k w a t̪ s ɐ
lakwatsa	l ɐ k w aː t͡ʃ ɐ
lakwatsera	l ɐ k w ɐ t t͡ʃ ɛː ɾ ɐ
lakwatsera	l ɐ k w ɐ t̪ s ɛː ɾ ɐ
lakwatsero	l ɐ k w ɐ t t͡ʃ ɛː ɾ o
lakwatsero	l ɐ k w ɐ t̪ s ɛː ɾ o
lala	l aː l ɐ
lala	l aː l ɐ ʔ
lala	l ɐ l a
lala	l ɐ l a ʔ
lalab	l aː l ɐ b̚
lalaban	l aː l aː b ɐ n̪
lalaban	l aː l ɐ b a n̪
lalaban	l ɐ l aː b ɐ n̪
lalabas	l aː l ɐ b a s
lalabhan	l aː l ɐ b h a n̪
lalad	l ɐ l a d̪̚
lalagukan	l ɐ l ɐ ɣ uː x ɐ n̪
lalagukan	l ɐ l ɐ ɣ ʊ x a n̪
lalagyan	l aː l ɐ ɡ j a n̪
lalagyan	l ɐ l ɐ ɡ j a n̪
lalake	l aː l ɐ x ɛ
lalake	l ɐ l aː x ɛ
lalaki	l aː l ɐ x ɛ
lalaki	l aː l ɐ x ɪ
lalaki	l ɐ l aː x ɛ
lalaki	l ɐ l aː x ɪ
lalakinin	l ɐ l ɐ x iː n̪ ɪ n̪
lalakinin	l ɐ l ɐ x ɪ n̪ ɪ n̪
lalaksot	l ɐ l a k s o t̪̚
lalaksot	l ɐ l ɐ k s o t̪̚
lalamunan	l ɐ l ɐ m uː n̪ ɐ n̪
lalan	l ɐ l a n̪
lalang	l ɐ l a ŋ
lalanghutan	l ɐ l ɐ ŋ h uː t̪ ɐ n̪
lalanghutan	l ɐ l ɐ ŋ h ʊ t̪ a n̪
lalao	l ɐ l ɐ ʔ o
lalawigan	l ɐ l ɐ w iː ɣ ɐ n̪
lalawiganin	l ɐ l ɐ w ɪ ɣ ɐ n̪ ɪ n̪
lalay	l ɐ l a ɪ̯
lalayan	l ɐ l aː j ɐ n̪
lalayan	l ɐ l ɐ j a n̪
lali	l aː l ɪ ʔ
lalik	l aː l ɪ k̚
lalim	l aː l ɪ m
lalin	l aː l ɪ n̪
lalo	l aː l o ʔ
lalo	l ɐ l o ʔ
lamad	l aː m ɐ d̪̚
laman	l ɐ m a n̪
lamang	l aː m ɐ ŋ
lamang	l ɐ m a ŋ
lamas	l aː m ɐ s
lamas	l ɐ m a s
lamasin	l ɐ m aː s ɪ n̪
lamat	l aː m ɐ t̪̚
lamay	l aː m a ɪ̯
lamba	l ɐ m b a
lamba	l ɐ m b a ʔ
lambak	l ɐ m b a k̚
lambal	l ɐ m b a l
lambana	l ɐ m b ɐ n̪ a ʔ
lambang	l ɐ m b a ŋ
lambanog	l ɐ m b aː n̪ o ɡ̚
lambanog	l ɐ m b ɐ n̪ o ɡ̚
lambat	l ɐ m b a t̪̚
lambayog	l ɐ m b aː j o ɡ̚
lambi	l ɐ m b ɪ ʔ
lambing	l ɐ m b ɪ ŋ
lambit	l ɐ m b ɪ t̪̚
lambitin	l ɐ m b iː t̪ ɪ n̪
lambitin	l ɐ m b ɪ t̪ ɪ n̪
lambo	l ɐ m b o
lambo	l ɐ m b o ʔ
lambot	l ɐ m b o t̪̚
lambutsi	l ɐ m b u t̪ s ɪ
lambutsi	l ɐ m b uː t͡ʃ ɪ
lambutsing	l ɐ m b ʊ t t͡ʃ ɪ ŋ
lambutsing	l ɐ m b ʊ t̪ s ɪ ŋ
lambutsingan	l a m b ʊ t t͡ʃ iː ŋ ɐ n̪
lambutsingan	l a m b ʊ t̪ s iː ŋ ɐ n̪
lamesa	l ɐ m ɛː s ɐ
lamesita	l ɐ m ɛ s iː t̪ ɐ
lamgam	l ɐ m ɡ a m
lamig	l ɐ m ɛ ɡ̚
lamig	l ɐ m ɪ ɡ̚
lamira	l ɐ m iː ɾ ɐ ʔ
lamira	l ɐ m ɪ ɾ a ʔ
lamita	l ɐ m iː t̪ ɐ
lamlam	l ɐ m l a m
lamo	l aː m o ʔ
lamod	l aː m o d̪̚
lamog	l ɐ m o ɡ̚
lamok	l ɐ m o k̚
lamon	l aː m o n̪
lamos	l aː m o s
lampa	l ɐ m p a
lampara	l a m p ɐ ɾ a
lampas	l ɐ m p a s
lampaso	l ɐ m p aː s o
lampik	l ɐ m p ɪ k̚
lampin	l ɐ m p ɪ n̪
lampong	l ɐ m p o ŋ
lamudyo	l ɐ m u d̪ j o ʔ
lamudyo	l ɐ m uː d͡ʒ o ʔ
lamudyo	l ɐ m ʊ d d͡ʒ o ʔ
lamudyo	l ɐ m ʊ d̪ j o ʔ
lamuga	l ɐ m uː ɣ ɐ ʔ
lamukos	l ɐ m uː x o s
lamukos	l ɐ m ʊ x o s
lamuymoy	l ɐ m ʊ ɪ̯ m o ɪ̯
lamya	l ɐ m j a ʔ
lamyerda	l ɐ m j ɛ ɾ d̪ ɐ
lana	l aː n̪ ɐ
lanab	l aː n̪ ɐ b̚
lanap	l aː n̪ ɐ p̚
lanap	l ɐ n̪ a p̚
lanaw	l aː n̪ a ʊ̯
lanaw	l ɐ n̪ a ʊ̯
lanay	l aː n̪ a ɪ̯
lanay	l ɐ n̪ a ɪ̯
landa	l ɐ n̪ d̪ a
landak	l ɐ n̪ d̪ a k̚
landang	l ɐ n̪ d̪ a ŋ
landas	l a n̪ d̪ ɐ s
landas	l ɐ n̪ d̪ a s
landi	l ɐ n̪ d̪ ɪ ʔ
landit	l ɐ n̪ d̪ ɪ t̪̚
lang	l a ŋ
langal	l ɐ ŋ a l
langaray	l ɐ ŋ aː ɾ a ɪ̯
langasngas	l ɐ ŋ ɐ s ŋ a s
langaw	l aː ŋ a ʊ̯
langawin	l ɐ ŋ aː w ɪ n̪
langayak	l ɐ ŋ ɐ j a k̚
langgam	l ɐ ŋ ɡ a m
langgas	l ɐ ŋ ɡ a s
langgonisa	l ɐ ŋ ɡ o n̪ iː s ɐ
langgotse	l ɐ ŋ ɡ o t̪ s ɛ
langgotse	l ɐ ŋ ɡ oː t͡ʃ ɛ
langhap	l ɐ ŋ h a p̚
langhapan	l ɐ ŋ h aː p ɐ n̪
langib	l ɐ ŋ ɪ b̚
langil	l aː ŋ ɪ l
langis	l ɐ ŋ ɪ s
langit	l aː ŋ ɪ t̪̚
langitngit	l ɐ ŋ ɪ t̪ ŋ ɪ t̪̚
langka	l ɐ ŋ k a ʔ
langkaan	l ɐ ŋ k aː ʔ ɐ n̪
langkal	l ɐ ŋ k a l
langkap	l ɐ ŋ k a p̚
langkas	l ɐ ŋ k a s
langkaw	l ɐ ŋ k a ʊ̯
langkawas	l ɐ ŋ k ɐ w a s
langkay	l ɐ ŋ k a ɪ̯
langkayan	l ɐ ŋ k aː j ɐ n̪
langlang	l ɐ n̪ l a ŋ
lango	l ɐ ŋ o
langoy	l ɐ ŋ o ɪ̯
langpas	l ɐ m p a s
langyot	l ɐ ŋ j o t̪̚
lanip	l aː n̪ ɪ p̚
lanip	l ɐ n̪ ɪ p̚
lanlan	l ɐ n̪ l a n̪
lanog	l aː n̪ o ɡ̚
lansa	l a n̪ s ɐ
lansa	l ɐ n̪ s a
lansang	l ɐ n̪ s a ŋ
lansangan	l ɐ n̪ s aː ŋ ɐ n̪
lansina	l ɐ n̪ s iː n̪ ɐ ʔ
lansones	l ɐ n̪ s oː n̪ ɛ s
lansong	l ɐ n̪ s o ŋ
lansungan	l ɐ n̪ s uː ŋ ɐ n̪
lanta	l ɐ n̪ t̪ a
lantad	l ɐ n̪ t̪ a d̪̚
lantak	l ɐ n̪ t̪ a k̚
lantaka	l ɐ n̪ t̪ aː x ɐ ʔ
lantana	l ɐ n̪ t̪ aː n̪ ɐ ʔ
lantaran	l ɐ n̪ t̪ aː ɾ ɐ n̪
lantay	l ɐ n̪ t̪ a ɪ̯
lanting	l ɐ n̪ t̪ ɪ ŋ
lantod	l ɐ n̪ t̪ o d̪̚
lantong	l ɐ n̪ t̪ o ŋ
lantot	l ɐ n̪ t̪ o t̪̚
lantsa	l a n̪ t͡s ɐ
lantsa	l a n̪ t͡ʃ ɐ
lantutay	l ɐ n̪ t̪ uː t̪ a ɪ̯
lanubo	l ɐ n̪ uː b o ʔ
lanunab	l ɐ n̪ uː n̪ ɐ b̚
laog	l ɐ ʔ o ɡ̚
laon	l aː ʔ o n̪
laon	l ɐ ʔ o n̪
laos	l ɐ ʔ o s
laot	l aː ʔ o t̪̚
lapa	l aː p ɐ ʔ
lapa	l ɐ p a ʔ
lapaan	l aː p aː ʔ ɐ n̪
lapaan	l ɐ p ɐ ʔ a n̪
lapad	l aː p ɐ d̪̚
lapad	l ɐ p a d̪̚
lapag	l ɐ p a ɡ̚
lapain	l ɐ p aː ʔ ɪ n̪
lapas	l ɐ p a s
lapastangan	l ɐ p ɐ s t̪ aː ŋ ɐ n̪
lapastanganin	l ɐ p ɐ s t̪ ɐ ŋ aː n̪ ɪ n̪
lapat	l aː p ɐ t̪̚
lapat	l ɐ p a t̪̚
lapay	l aː p a ɪ̯
lapay	l ɐ p a ɪ̯
lapi	l aː p ɪ ʔ
lapian	l ɐ p iː ʔ ɐ n̪
lapida	l aː p ɪ d̪ a
lapig	l aː p ɪ ɡ̚
laping	l ɐ p ɪ ŋ
lapirot	l ɐ p iː ɾ o t̪̚
lapirot	l ɐ p ɪ ɾ o t̪̚
lapis	l aː p ɪ s
lapisa	l ɐ p ɪ s a ʔ
lapit	l aː p ɛ t̪̚
lapit	l aː p ɪ t̪̚
lapit	l ɐ p ɛ t̪̚
lapit	l ɐ p ɪ t̪̚
laplap	l ɐ p l a p̚
lapnis	l ɐ p n̪ ɪ s
lapnit	l ɐ p n̪ ɪ t̪̚
lapnos	l ɐ p n̪ o s
lapok	l aː p o k̚
lapok	l ɐ p o k̚
lapot	l aː p o t̪̚
laptop	l a p t̪ o p̚
laptop	l a p t̪ ɐ p̚
laptrip	l a p t̪ ɾ ɪ p̚
lapulapu	l aː p ʊ l aː p ʊ
lapurit	l ɐ p uː ɾ ɪ t̪̚
lapurit	l ɐ p ʊ ɾ ɪ t̪̚
lapuyot	l ɐ p uː j o t̪̚
lapya	l ɐ p j a ʔ
lapyad	l ɐ p j a d̪̚
lapyalimbagan	l ɐ p j aː l ɪ m b aː ɣ ɐ n̪
lara	l aː ɾ ɐ ʔ
larang	l aː ɾ ɐ ŋ
larangan	l ɐ ɾ aː ŋ ɐ n̪
laraw	l aː ɾ a ʊ̯
larawan	l ɐ ɾ aː w ɐ n̪
laray	l aː ɾ a ɪ̯
larga	l a ɾ ɡ ɐ
larga	l ɐ ɾ ɡ a
larinaso	l ɐ ɾ ɪ n̪ aː s o
larino	l ɐ ɾ iː n̪ o
lario	l ɐ ɾ j o
laris	l ɐ ɾ ɪ s
lariyo	l ɐ ɾ iː j o
lariyo	l ɐ ɾ j o
laro	l ɐ ɾ o
laro	l ɐ ɾ o ʔ
larot	l ɐ ɾ o t̪̚
laroy	l aː ɾ o ɪ̯
laroy	l ɐ ɾ o ɪ̯
laruan	l aː ɾ uː ʔ ɐ n̪
laruan	l ɐ ɾ ʊ ʔ a n̪
laryo	l ɐ ɾ j o
lasa	l aː s ɐ
lasa	l aː s ɐ ʔ
lasa	l ɐ s a ʔ
lasak	l aː s ɐ k̚
lasak	l ɐ s a k̚
lasap	l ɐ s a p̚
lasaw	l aː s a ʊ̯
lasaw	l ɐ s a ʊ̯
lasenggera	l ɐ s ɛ ŋ ɡ ɛː ɾ ɐ
lasenggero	l ɐ s ɛ ŋ ɡ ɛː ɾ o
lasenggo	l ɐ s ɛ ŋ ɡ o
lasgas	l ɐ s ɡ a s
lasigi	l ɐ s iː ɣ ɪ ʔ
lasing	l ɐ s ɪ ŋ
lasinggera	l ɐ s ɪ ŋ ɡ ɛː ɾ ɐ
lasinggero	l ɐ s ɪ ŋ ɡ ɛː ɾ o
lasingin	l ɐ s ɪ ŋ ɪ n̪
laskuta	l ɐ s k uː t̪ ɐ ʔ
laslas	l ɐ s l a s
laso	l aː s o
laso	l aː s o ʔ
laso	l ɐ s o ʔ
lasog	l ɐ s o ɡ̚
lason	l aː s o n̪
laspag	l ɐ s p a ɡ̚
lastag	l ɐ s t̪ a ɡ̚
lastay	l ɐ s t̪ a ɪ̯
lastiko	l a s t̪ ɪ x o
lasuna	l ɐ s ʊ n̪ a
lasuna	l ɐ s ʊ n̪ a ʔ
lasunin	l ɐ s uː n̪ ɪ n̪
laswa	l ɐ s w a ʔ
lata	l aː t̪ ɐ
lata	l ɐ t̪ a ʔ
latag	l aː t̪ ɐ ɡ̚
latag	l ɐ t̪ a ɡ̚
latak	l aː t̪ ɐ k̚
latak	l ɐ t̪ a k̚
latay	l aː t̪ a ɪ̯
lathala	l ɐ t̪ h aː l ɐ ʔ
lathala	l ɐ t̪ h ɐ l a ʔ
lathalain	l ɐ t̪ h ɐ l ɐ ʔ ɪ n̪
lati	l aː t̪ ɪ ʔ
latigo	l aː t̪ ɪ ɣ o
latik	l ɐ t̪ ɪ k̚
latiko	l aː t̪ ɪ x o
latite	l ɐ t̪ ɪ t̪ ɛ ʔ
latiti	l ɐ t̪ ɪ t̪ ɛ ʔ
latiti	l ɐ t̪ ɪ t̪ ɪ ʔ
latitud	l ɐ t̪ ɪ t̪ ʊ d̪̚
lato	l ɐ t̪ o
lato	l ɐ t̪ o ʔ
latok	l aː t̪ o k̚
latok	l ɐ t̪ o k̚
latoy	l ɐ t̪ o ɪ̯
latundan	l ɐ t̪ ʊ n̪ d̪ a n̪
lauas	l aː w ɐ s
lauas	l ɐ ʔ uː ʔ ɐ s
laud	l ɐ ʔ ʊ d̪̚
laudspiker	l a ʊ̯ d̪ s p iː x ɛ ɾ
lauriat	l o ɾ j ɐ t̪̚
lauya	l ɐ ʔ uː j ɐ
lavern	l aː b ə ɹ n̪
lavern	l aː v ə ɹ n̪
lawa	l aː w ɐ ʔ
lawaan	l ɐ w aː ʔ ɐ n̪
lawaan	l ɐ w ɐ ʔ a n̪
lawak	l aː w ɐ k̚
lawas	l aː w ɐ s
laway	l aː w a ɪ̯
laway	l ɐ w a ɪ̯
lawdspiker	l a ʊ̯ d̪ s p iː x ɛ ɾ
lawi	l ɐ w ɪ
lawig	l aː w ɪ ɡ̚
lawig	l ɐ w ɪ ɡ̚
lawin	l aː w ɪ n̪
lawing	l ɐ w ɪ ŋ
lawit	l aː w ɪ t̪̚
lawit	l ɐ w ɪ t̪̚
lawlaw	l a ʊ̯ l a ʊ̯
lawrel	l a ʊ̯ ɾ ɛ l
lawulta	l ɐ w ʊ l t̪ a
laya	l aː j ɐ
laya	l aː j ɐ ʔ
laya	l ɐ j a ʔ
layag	l aː j ɐ ɡ̚
layag	l ɐ j a ɡ̚
layagan	l ɐ j aː ɣ ɐ n̪
layagan	l ɐ j ɐ ɣ a n̪
layak	l ɐ j a k̚
layanglayang	l aː j ɐ n̪ l aː j ɐ ŋ
layas	l aː j ɐ s
layas	l ɐ j a s
layaw	l aː j a ʊ̯
layaw	l ɐ j a ʊ̯
layi	l ɐ j ɪ
layiw	l aː j ɪ ʊ̯
layiw	l ɐ j ɪ ʊ̯
layko	l a ɪ̯ x o
laylagnat	l a ɪ̯ l ɐ ɡ n̪ a t̪̚
laylay	l a ɪ̯ l a ɪ̯
laylayan	l a ɪ̯ l aː j ɐ n̪
layo	l aː j o ʔ
layo	l ɐ j o ʔ
layo	l ɐ ʔ ɪ ʊ̯
layog	l aː j o ɡ̚
layon	l aː j o n̪
layon	l ɐ j o n̪
layter	l a ɪ̯ t̪ ɛ ɾ
layunin	l ɐ j uː n̪ ɪ n̪
laywan	l a ɪ̯ w a n̪
lealista	l ɛ j ɐ l i s t̪ ɐ
lebadura	l ɛ b ɐ d̪ uː ɾ ɐ
lebel	l ɛ b ɛ l
lebuwa	l ɛː b w ɐ ʔ
lebwa	l ɛ b w ɐ ʔ
leche	l ɛ t̪ s ɛ
leche	l ɛː t͡ʃ ɛ
lechias	l ɛ t t͡ʃ iː j ɐ s
lechias	l ɛ t̪ s iː j ɐ s
leeg	l ɛ ʔ ɛ ɡ̚
leeg	l ɛː ʔ ɛ ɡ̚
legal	l ɛ ɣ a l
legalidad	l ɛ ɣ ɐ l ɪ d̪ a d̪̚
legasiya	l ɛ ɣ ɐ s iː j ɐ
legasiya	l ɛ ɣ ɐ s j a
legasiya	l ɛ ɣ ɐ ʃ a
legasya	l ɛ ɣ ɐ s j a
legasya	l ɛ ɣ ɐ ʃ a
legwas	l ɛ ɡ w ɐ s
lehislasyon	l ɛ h ɪ s l ɐ s j o n̪
lehislasyon	l ɛ h ɪ s l ɐ ʃ o n̪
lehislatura	l ɛ h ɪ s l ɐ t̪ uː ɾ ɐ
lehitimo	l ɛ h iː t̪ ɪ m o
lehiya	l ɛ h iː j ɐ
lehiya	l ɛ h j a
lekat	l ɛː x ɐ t̪̚
leksikograpiko	l ɛ k s ɪ x o ɡ ɾ aː p ɪ x o
leksikograpiya	l ɛ k s ɪ x o ɡ ɾ ɐ p iː j ɐ
leksikograpo	l ɛ k s ɪ x oː ɡ ɾ ɐ p o
leksiyon	l ɛ k s j o n̪
leksiyon	l ɛ k ʃ o n̪
leksiyon	l ɪ k s j o n̪
leksiyon	l ɪ k ʃ o n̪
lektern	l ɛ k t̪ ə ɹ n̪
lektiyur	l ɛ k t̪ j ʊ ɾ
lektiyur	l ɛ k t͡ʃ ʊ ɾ
lektyur	l ɛ k t̪ j ʊ ɾ
lektyur	l ɛ k t͡ʃ ʊ ɾ
lekyo	l ɛ k j o ʔ
lelang	l ɛː l ɐ ŋ
lelong	l ɛː l o ŋ
lemur	l ɛː m ʊ ɾ
lengguwa	l ɛ ŋ ɡ w ɐ
lengguwahe	l ɛ ŋ ɡ w aː h ɛ
lenggwa	l ɛ ŋ ɡ w ɐ
lente	l ɛ n̪ t̪ ɛ
lentehas	l ɛ n̪ t̪ ɛː h ɐ s
leon	l ɛ j o n̪
leopardo	l ɛ j o p a ɾ d̪ o
lesbiyana	l ɛ s b j aː n̪ ɐ
lesbyana	l ɛ s b j aː n̪ ɐ
leslie	l ɛ s l ɪ
lespu	l ɛ s p ʊ
letaniya	l ɛ t̪ ɐ n̪ iː j ɐ
lete	l ɛː t̪ ɛ
leteng	l ɛː t̪ ɛ ŋ
leterhed	l ɛː t̪ ɛ ɾ h ɛ d̪̚
letmaku	l ɛ t̪ m ɐ x ʊ
letra	l ɛ t̪ ɾ ɐ
letrado	l ɛ t̪ ɾ aː d̪ o
letrina	l ɛ t̪ ɾ iː n̪ ɐ
letse	l ɛ t̪ s ɛ
letse	l ɛː t͡ʃ ɛ
letson	l ɛ t t͡ʃ o n̪
letson	l ɛ t̪ s o n̪
letsugas	l ɛ t t͡ʃ uː ɣ ɐ s
letsugas	l ɛ t̪ s uː ɣ ɐ s
ley	l e ɪ̯
leybel	l e ɪ̯ b ɛ l
leyi	l ɛ j ɪ
libag	l ɪ b a ɡ̚
libak	l ɪ b a k̚
liban	l iː b ɐ n̪
liban	l ɪ b a n̪
libang	l ɪ b a ŋ
libay	l iː b a ɪ̯
libdin	l ɪ b d̪ ɪ n̪
libdo	l ɪ b d̪ o
libeloso	l ɪ b ɛ l oː s o
liberal	l ɪ b ɛ ɾ a l
liberalisasyon	l ɪ b ɛ ɾ ɐ l ɪ s ɐ s j o n̪
liberalisasyon	l ɪ b ɛ ɾ ɐ l ɪ s ɐ ʃ o n̪
liberalismo	l ɪ b ɛ ɾ ɐ l i s m o
liberasyon	l ɪ b ɛ ɾ ɐ s j o n̪
liberasyon	l ɪ b ɛ ɾ ɐ ʃ o n̪
libertaryanismo	l ɪ b ɛ ɾ t̪ ɐ ɾ j ɐ n̪ i s m o
libid	l iː b ɪ d̪̚
libid	l ɪ b ɪ d̪̚
libing	l ɪ b ɪ ŋ
libingan	l ɪ b iː ŋ ɐ n̪
libingan	l ɪ b ɪ ŋ a n̪
libirito	l ɪ b ɪ ɾ iː t̪ o
libis	l ɪ b ɪ s
liblib	l ɪ b l ɪ b̚
libo	l iː b o
libo	l ɪ b o
libog	l iː b o ɡ̚
libot	l iː b o t̪̚
libot	l ɪ b o t̪̚
liboy	l iː b o ɪ̯
libra	l i b ɾ ɐ
libre	l iː b ɾ ɛ
libre	l ɪ b ɾ ɛ
librepensador	l i b ɾ ɛ p ɛ n̪ s ɐ d̪ o ɾ
libreriya	l ɪ b ɾ ɛ ɾ iː j ɐ
librito	l ɪ b ɾ iː t̪ o
libro	l ɪ b ɾ o
libtos	l ɪ b t̪ o s
libumbon	l ɪ b ʊ m b o n̪
libuntaon	l iː b ʊ n̪ t̪ ɐ ʔ o n̪
lider	l iː d̪ ɛ ɾ
liderato	l ɪ d̪ ɛ ɾ aː t̪ o
liempo	l j ɛ m p o
liga	l iː ɣ ɐ
ligalig	l ɪ ɣ aː l ɪ ɡ̚
ligalig	l ɪ ɣ ɐ l ɪ ɡ̚
ligamento	l ɪ ɣ ɐ m ɛ n̪ t̪ o
ligamgam	l ɪ ɣ ɐ m ɡ a m
ligas	l iː ɣ ɐ s
ligas	l ɪ ɣ a s
ligat	l iː ɣ ɐ t̪̚
ligata	l ɪ ɣ aː t̪ ɐ ʔ
ligaw	l iː ɣ a ʊ̯
ligaw	l ɪ ɣ a ʊ̯
ligawgaw	l ɪ ɣ a ʊ̯ ɣ a ʊ̯
ligaya	l ɪ ɣ aː j ɐ
ligdin	l ɪ ɡ d̪ ɪ n̪
ligid	l iː ɣ ɪ d̪̚
ligid	l ɪ ɣ ɪ d̪̚
ligiran	l ɪ ɣ iː ɾ ɐ n̪
ligiran	l ɪ ɣ ɪ ɾ a n̪
ligis	l ɪ ɣ ɪ s
ligo	l iː ɣ o ʔ
ligo	l ɪ ɣ o
ligo	l ɪ ɣ o ʔ
ligoy	l iː ɣ o ɪ̯
ligpit	l ɪ ɡ p ɪ t̪̚
ligpitin	l ɪ ɡ p ɪ t̪ ɪ n̪
ligsa	l ɪ ɡ s a
ligta	l ɪ ɡ t̪ a ʔ
ligtas	l ɪ ɡ t̪ a s
ligwak	l ɪ ɡ w a k̚
ligwan	l ɪ ɡ w a n̪
liha	l iː h ɐ
liha	l iː h ɐ ʔ
liha	l ɪ h a
liham	l iː h ɐ m
lihi	l ɪ h ɪ
lihi	l ɪ h ɪ ʔ
lihim	l iː h ɪ m
lihim	l ɪ h ɪ m
lihis	l ɪ h ɪ s
lihisan	l ɪ h ɪ s a n̪
lihit	l iː h ɪ t̪̚
lihiya	l ɪ h iː j ɐ
lihiya	l ɪ h j a
liho	l iː h o ʔ
lihukan	l iː h uː x ɐ n̪
liig	l iː ʔ ɪ ɡ̚
liig	l ɪ ʔ ɪ ɡ̚
liing	l ɪ ʔ ɪ ŋ
liit	l iː ʔ ɪ t̪̚
liit	l ɪ ʔ ɪ t̪̚
likas	l iː x ɐ s
likas	l ɪ x a s
likat	l ɪ x a t̪̚
likaw	l iː x a ʊ̯
likaw	l ɪ x a ʊ̯
likha	l ɪ k h a ʔ
likhisog	l ɪ k h iː s o ɡ̚
likido	l iː x ɪ d̪ o
liknayan	l ɪ k n̪ aː j ɐ n̪
liko	l ɪ x o ʔ
likod	l ɪ x o d̪̚
likom	l iː x o m
likom	l ɪ x o m
likop	l iː x o p̚
likop	l ɪ x o p̚
likor	l ɪ x o ɾ
likot	l ɪ x o t̪̚
liksi	l ɪ k s ɪ ʔ
likuran	l ɪ x ʊ ɾ a n̪
lila	l iː l ɐ
lila	l iː l ɐ ʔ
lilagnat	l ɪ l ɐ ɡ n̪ a t̪̚
lilang	l iː l ɐ ŋ
lilay	l iː l a ɪ̯
lili	l iː l ɪ
lili	l iː l ɪ ʔ
lilignan	l ɪ l ɪ ɡ n̪ a n̪
lilik	l iː l ɪ k̚
liliknan	l ɪ l ɪ k n̪ a n̪
lilim	l iː l ɪ m
liling	l iː l ɪ ŋ
lilip	l iː l ɪ p̚
lilip	l ɪ l ɪ p̚
lilipad	l iː l ɪ p a d̪̚
lilipnan	l ɪ l ɪ p n̪ a n̪
lilo	l iː l o
lilok	l iː l o k̚
lilok	l ɪ l o k̚
lilom	l iː l o m
lima	l ɪ m a
limahi	l ɪ m aː h ɪ ʔ
limahi	l ɪ m ɐ h ɪ ʔ
limahid	l ɪ m aː h ɪ d̪̚
limahid	l ɪ m ɐ h ɪ d̪̚
limampu	l ɪ m ɐ m p ʊ ʔ
limandaan	l ɪ m ɐ n̪ d̪ ɐ ʔ a n̪
limanlaksa	l ɪ m ɐ n̪ l ɐ k s a ʔ
limas	l ɪ m a s
limatik	l ɪ m aː t̪ ɪ k̚
limatik	l ɪ m ɐ t̪ ɪ k̚
limay	l iː m a ɪ̯
limay	l ɪ m a ɪ̯
limbag	l ɪ m b a ɡ̚
limbagan	l ɪ m b aː ɣ ɐ n̪
limbay	l ɪ m b a ɪ̯
limeta	l ɪ m ɛː t̪ ɐ
limguhit	l ɪ m ɡ uː h ɪ t̪̚
limi	l iː m ɪ
limi	l iː m ɪ ʔ
limi	l ɪ m ɪ ʔ
limit	l iː m ɪ t̪̚
limita	l ɪ m ɪ t̪ a
limitado	l ɪ m ɪ t̪ aː d̪ o
limitasyon	l ɪ m ɪ t̪ ɐ s j o n̪
limitasyon	l ɪ m ɪ t̪ ɐ ʃ o n̪
limlim	l ɪ m l ɪ m
limon	l ɪ m o n̪
limonada	l ɪ m o n̪ aː d̪ ɐ
limonsito	l ɪ m o n̪ s iː t̪ o
limos	l ɪ m o s
limosnero	l ɪ m o s n̪ ɛː ɾ o
limot	l iː m o t̪̚
limot	l ɪ m o t̪̚
limpa	l i m p ɐ
limpa	l ɪ m p a ʔ
limpak	l ɪ m p a k̚
limpal	l ɪ m p a l
limpi	l ɪ m p ɪ ʔ
limpik	l ɪ m p ɪ k̚
limpiyo	l i m p j o
limsiha	l ɪ m s iː h ɐ ʔ
limuran	l ɪ m uː ɾ ɐ n̪
limuran	l ɪ m ʊ ɾ a n̪
limurang	l ɪ m uː ɾ ɐ ŋ
limusina	l ɪ m ʊ s iː n̪ ɐ
limwad	l ɪ m w a d̪̚
linab	l ɪ n̪ a b̚
linabhan	l ɪ n̪ ɐ b h a n̪
linahista	l ɪ n̪ ɐ h i s t̪ ɐ
linalabhan	l ɪ n̪ aː l ɐ b h a n̪
linamnam	l ɪ n̪ ɐ m n̪ a m
linang	l ɪ n̪ a ŋ
linangin	l ɪ n̪ aː ŋ ɪ n̪
linangin	l ɪ n̪ ɐ ŋ ɪ n̪
linatsay	l ɪ n̪ ɐ t t͡ʃ a ɪ̯
linatsay	l ɪ n̪ ɐ t̪ s a ɪ̯
linaw	l iː n̪ a ʊ̯
linay	l iː n̪ a ɪ̯
linay	l ɪ n̪ a ɪ̯
lindayag	l ɪ n̪ d̪ aː j ɐ ɡ̚
lindol	l ɪ n̪ d̪ o l
lindulin	l ɪ n̪ d̪ ʊ l ɪ n̪
linea	l iː n̪ j ɐ
linea	l iː n̪ ɛ j a
linea	l iː ɲ ɐ
lineada	l ɪ n̪ ɛ j aː d̪ ɐ
linga	l iː ŋ ɐ
linga	l iː ŋ ɐ ʔ
linga	l ɪ ŋ a
linga	l ɪ ŋ a ʔ
lingap	l ɪ ŋ a p̚
lingas	l iː ŋ ɐ s
lingat	l ɪ ŋ a t̪̚
lingaw	l iː ŋ a ʊ̯
lingaw	l ɪ ŋ a ʊ̯
lingawngaw	l ɪ ŋ a ʊ̯ ŋ a ʊ̯
linggal	l ɪ ŋ ɡ a l
linggam	l i ŋ ɡ ɐ m
linggatong	l ɪ ŋ ɡ aː t̪ o ŋ
linggaw	l ɪ ŋ ɡ a ʊ̯
linggi	l ɪ ŋ ɡ ɪ ʔ
linggit	l ɪ ŋ ɡ ɪ t̪̚
linggo	l ɪ ŋ ɡ o
lingguhan	l ɪ ŋ ɡ uː h ɐ n̪
lingguwista	l ɪ ŋ ɡ w i s t̪ ɐ
lingguwistika	l ɪ ŋ ɡ w i s t̪ ɪ x a
lingguwistiks	l ɪ ŋ ɡ w i s t̪ ɪ k s
linggwistika	l ɪ ŋ ɡ w i s t̪ ɪ x a
linggwistiks	l ɪ ŋ ɡ w i s t̪ ɪ k s
lingid	l ɪ ŋ ɪ d̪̚
lingil	l iː ŋ ɪ l
lingil	l ɪ ŋ ɪ l
lingindayat	l ɪ ŋ ɪ n̪ d̪ aː j ɐ t̪̚
lingindayat	l ɪ ŋ ɪ n̪ d̪ ɐ j a t̪̚
lingkaw	l ɪ ŋ k a ʊ̯
lingkod	l ɪ ŋ k o d̪̚
lingming	l ɪ ŋ m ɪ ŋ
lingo	l ɪ ŋ o
lingon	l ɪ ŋ o n̪
lingunan	l ɪ ŋ uː n̪ ɐ n̪
linib	l ɪ n̪ ɪ b̚
linis	l iː n̪ ɛ s
linis	l iː n̪ ɪ s
linis	l ɪ n̪ ɛ s
linis	l ɪ n̪ ɪ s
linisan	l ɪ n̪ iː s ɐ n̪
linisan	l ɪ n̪ ɪ s a n̪
linisin	l ɪ n̪ iː s ɪ n̪
linisin	l ɪ n̪ ɪ s ɪ n̪
linlang	l ɪ n̪ l a ŋ
linsad	l ɪ n̪ s a d̪̚
linse	l i n̪ s ɛ
linsil	l ɪ n̪ s ɪ l
linta	l ɪ n̪ t̪ a ʔ
lintik	l ɪ n̪ t̪ ɪ k̚
lintilaw	l ɪ n̪ t̪ iː l a ʊ̯
lintog	l ɪ n̪ t̪ o ɡ̚
lintos	l ɪ n̪ t̪ o s
linuknok	l ɪ n̪ ʊ k n̪ o k̚
linya	l i n̪ j ɐ
linya	l iː ɲ ɐ
linyada	l ɪ n ɲ aː d̪ ɐ
linyada	l ɪ n̪ j aː d̪ ɐ
lipa	l iː p ɐ ʔ
lipa	l ɪ p a
lipad	l ɪ p a d̪̚
lipak	l ɪ p a k̚
lipana	l ɪ p aː n̪ ɐ ʔ
lipas	l iː p ɐ s
lipas	l ɪ p a s
lipat	l iː p ɐ t̪̚
lipatan	l ɪ p aː t̪ ɐ n̪
lipdin	l ɪ p d̪ ɪ n̪
lipi	l iː p ɪ ʔ
lipistik	l iː p ɪ s t̪ ɪ k̚
lipit	l iː p ɪ t̪̚
liplayag	l ɪ p l aː j ɐ ɡ̚
lipol	l iː p o l
lipol	l ɪ p o l
lipon	l iː p o n̪
lipot	l iː p o t̪̚
lipot	l ɪ p o t̪̚
lipstik	l i p s t̪ ɪ k̚
lipumpon	l ɪ p ʊ m p o n̪
lipunan	l ɪ p uː n̪ ɐ n̪
lipunan	l ɪ p ʊ n̪ a n̪
lipya	l i p j ɐ ʔ
lipya	l ɪ p j a ʔ
lira	l iː ɾ ɐ
lira	l iː ɾ ɐ ʔ
lirika	l iː ɾ ɪ x a
liriks	l iː ɾ ɪ k s
lirip	l iː ɾ ɪ p̚
lirip	l ɪ ɾ ɪ p̚
liripan	l ɪ ɾ iː p ɐ n̪
liripan	l ɪ ɾ ɪ p a n̪
liripin	l ɪ ɾ iː p ɪ n̪
liripin	l ɪ ɾ ɪ p ɪ n̪
lirisismo	l ɪ ɾ ɪ s i s m o
lirisista	l ɪ ɾ ɪ s i s t̪ ɐ
lirot	l ɪ ɾ o t̪̚
liryo	l i ɾ j o
lisa	l ɪ s a ʔ
lisan	l iː s ɐ n̪
lisensiya	l ɪ s ɛ n̪ s j ɐ
lisensiya	l ɪ s ɛ n̪ ʃ ɐ
lisensiyado	l ɪ s ɛ n̪ s j aː d̪ o
lisensiyado	l ɪ s ɛ n̪ ʃ aː d̪ o
lisensya	l ɪ s ɛ n̪ s j ɐ
lisensya	l ɪ s ɛ n̪ ʃ ɐ
lislis	l ɪ s l ɪ s
liso	l iː s o
liso	l ɪ s o
liso	l ɪ s o ʔ
lisok	l ɪ s o k̚
lispu	l i s p ʊ
lista	l i s t̪ ɐ
lista	l ɪ s t̪ a
listahan	l ɪ s t̪ aː h ɐ n̪
listahan	l ɪ s t̪ ɐ h a n̪
listo	l i s t̪ o
listo	l ɪ s t̪ o
lisyon	l ɪ s j o n̪
lisyon	l ɪ ʃ o n̪
litak	l ɪ t̪ a k̚
litang	l ɪ t̪ a ŋ
litaniya	l ɪ t̪ ɐ n̪ iː j ɐ
litanya	l ɪ t̪ a n̪ j ɐ
litanya	l ɪ t̪ aː ɲ ɐ
litas	l iː t̪ ɐ s
litaw	l ɪ t̪ a ʊ̯
litdami	l ɪ t̪ d̪ aː m ɪ
literal	l ɪ t̪ ɛ ɾ a l
literasi	l iː t̪ ɛ ɾ ɐ s ɪ
literasiya	l ɪ t̪ ɛ ɾ ɐ s iː j ɐ
literasya	l ɪ t̪ ɛ ɾ a s j ɐ
literasya	l ɪ t̪ ɛ ɾ aː ʃ ɐ
literatura	l ɪ t̪ ɛ ɾ ɐ t̪ uː ɾ ɐ
literet	l iː t̪ ɛ ɾ ɛ t̪̚
litereyt	l iː t̪ ɛ ɾ e ɪ̯ t̪
lithaw	l ɪ t̪ h a ʊ̯
litid	l iː t̪ ɪ d̪̚
litigante	l ɪ t̪ ɪ ɣ a n̪ t̪ ɛ
litigasyon	l ɪ t̪ ɪ ɣ ɐ s j o n̪
litigasyon	l ɪ t̪ ɪ ɣ ɐ ʃ o n̪
litik	l iː t̪ ɪ k̚
litir	l iː t̪ ɪ ɾ
litis	l iː t̪ ɪ s
lito	l ɪ t̪ o
litograpiya	l ɪ t̪ o ɡ ɾ ɐ p iː j ɐ
litpuhoy	l ɪ t̪ p uː h o ɪ̯
litratista	l ɪ t̪ ɾ ɐ t̪ i s t̪ ɐ
litrato	l ɪ t̪ ɾ aː t̪ o
litro	l i t̪ ɾ o
litsidlan	l ɪ t̪ s ɪ d̪ l̪ a n̪
litsilid	l ɪ t̪ s ɪ l ɪ d̪̚
litsiyas	l ɪ t t͡ʃ iː j ɐ s
litsiyas	l ɪ t̪ s iː j ɐ s
litson	l ɪ t t͡ʃ o n̪
litson	l ɪ t̪ s o n̪
liturdan	l ɪ t̪ ʊ ɾ d̪ a n̪
liturhiya	l ɪ t̪ u ɾ h j ɐ
lityo	l i t̪ j o
lityo	l iː t͡ʃ o
liwaliw	l ɪ w ɐ l ɪ ʊ̯
liwalo	l ɪ w ɐ l o
liwalo	l ɪ w ɐ l o ʔ
liwanag	l ɪ w aː n̪ ɐ ɡ̚
liwanagin	l ɪ w ɐ n̪ aː ɣ ɪ n̪
liwas	l iː w ɐ s
liwas	l ɪ w a s
liwasan	l ɪ w aː s ɐ n̪
liwasan	l ɪ w ɐ s a n̪
liwat	l iː w ɐ t̪̚
liway	l ɪ w a ɪ̯
liwayway	l ɪ w a ɪ̯ w a ɪ̯
liya	l iː j ɐ ʔ
liya	l j a ʔ
liyab	l j a b̚
liyabe	l j aː b ɛ
liyad	l j a d̪̚
liyag	l j a ɡ̚
liyama	l j aː m ɐ
liyamado	l j ɐ m aː d̪ o
liyampo	l j a m p o
liyampo	l j ɐ m p o
liyangkoy	l j ɐ ŋ k o ɪ̯
liyebre	l j ɛ b ɾ ɛ
liyempo	l j ɛ m p o
liyit	l iː j ɪ t̪̚
ll	j
ll	l j
ll	ʔ ɛ l j ɛ
loa	l oː w ɐ
lobat	l o ʊ̯ b ɐ t̪̚
lobat	l oː b ɐ t̪̚
lobo	l oː b o
lodi	l oː d̪ ɪ
lods	l o d̪ s
logo	l oː ɣ o
logro	l o ɡ ɾ o
lohika	l oː h ɪ x a
lohikal	l o h ɪ x a l
lohiko	l oː h ɪ x o
lohuwa	l oː h w ɐ
lohwa	l oː h w ɐ
loka	l oː x ɐ
lokal	l o x a l
lokalidad	l o x ɐ l ɪ d̪ a d̪̚
lokasyon	l o x ɐ s j o n̪
lokasyon	l o x ɐ ʃ o n̪
loko	l oː x o
lola	l oː l ɐ
lola	l uː l ɐ
lolipap	l oː l ɪ p a p̚
lolo	l oː l o
lolo	l uː l o
lomi	l oː m ɪ
lomo	l oː m o
lona	l oː n̪ ɐ
longganisa	l o ŋ ɡ ɐ n̪ iː s ɐ
longhitud	l o ŋ h ɪ t̪ ʊ d̪̚
longsilog	l o n̪ s ɪ l o ɡ̚
lonta	l o n̪ t̪ ɐ
loob	l o ʔ o b̚
loob	l oː ʔ o b̚
loob	l uː ʔ o b̚
loobkaphay	l o ʔ o b k ɐ p h a ɪ̯
loobpananagos	l o ʔ o b p ɐ n̪ ɐ n̪ ɐ ɣ o s
loog	l oː ʔ o ɡ̚
look	l o ʔ o k̚
look	l oː ʔ o k̚
loro	l oː ɾ o
loryat	l o ɾ j ɐ t̪̚
losyang	l o s j ɐ ŋ
losyang	l oː ʃ ɐ ŋ
losyon	l o s j o n̪
losyon	l o ʃ o n̪
lote	l oː t̪ ɛ
loteng	l oː t̪ ɛ ŋ
loteriya	l o t̪ ɛ ɾ iː j ɐ
loterya	l o t̪ ɛ ɾ j a
loterya	l o t̪ ɛ ɾ j ɐ
lowa	l oː w ɐ
lowat	l o w a t̪̚
lowbat	l o ʊ̯ b ɐ t̪̚
loyalista	l o j ɐ l i s t̪ ɐ
luad	l uː ʔ ɐ d̪̚
luad	l ʊ ʔ a d̪̚
luag	l uː ʔ ɐ ɡ̚
luag	l ʊ ʔ a ɡ̚
lubak	l uː b ɐ k̚
lubak	l ʊ b a k̚
lubang	l uː b ɐ ŋ
lubaw	l uː b a ʊ̯
lubay	l ʊ b a ɪ̯
lubayan	l ʊ b ɐ j a n̪
lubha	l ʊ b h a ʔ
lubid	l uː b ɪ d̪̚
lubid	l ʊ b ɪ d̪̚
lubig	l ʊ b ɪ ɡ̚
lubigan	l ʊ b iː ɣ ɐ n̪
lubigan	l ʊ b ɪ ɣ a n̪
lublob	l ʊ b l o b̚
lubo	l uː b o ʔ
lubo	l ʊ b o
lubo	l ʊ b o ʔ
lubog	l ʊ b o ɡ̚
lubos	l ʊ b o s
lubot	l ʊ b o t̪̚
lubyak	l ʊ b j a k̚
luelang	l w ɛː l ɐ ŋ
luga	l uː ɣ ɐ ʔ
lugal	l ʊ ɣ a l
lugami	l ʊ ɣ aː m ɪ ʔ
lugami	l ʊ ɣ ɐ m ɪ ʔ
luganggang	l ʊ ɣ ɐ ŋ ɡ a ŋ
lugar	l ʊ ɣ a ɾ
lugas	l ʊ ɣ a s
lugaw	l uː ɣ a ʊ̯
lugaw	l ʊ ɣ a ʊ̯
lugay	l uː ɣ a ɪ̯
lugay	l ʊ ɣ a ɪ̯
lugi	l uː ɣ ɪ
lugi	l uː ɣ ɪ ʔ
lugit	l uː ɣ ɪ t̪̚
luglog	l ʊ ɡ l o ɡ̚
lugmok	l ʊ ɡ m o k̚
lugnas	l ʊ ɡ n̪ a s
lugo	l ʊ ɣ o
lugod	l ʊ ɣ o d̪̚
lugot	l uː ɣ o t̪̚
lugot	l ʊ ɣ o t̪̚
lugpo	l ʊ ɡ p o ʔ
lugso	l ʊ ɡ s o ʔ
luha	l uː h ɐ ʔ
luha	l ʊ h a ʔ
luhaan	l ʊ h aː ʔ ɐ n̪
luhaan	l ʊ h ɐ ʔ a n̪
luho	l uː h o
luho	l uː h o ʔ
luhod	l ʊ h o d̪̚
luhog	l uː h o ɡ̚
luhor	l ʊ h o ɾ
luhuran	l uː h uː ɾ ɐ n̪
luhuran	l ʊ h ʊ ɾ a n̪
lukad	l uː x ɐ d̪̚
lukaluka	l ʊ x ɐ l ʊ x a
lukaret	l ʊ x ɐ ɾ ɛ t̪̚
lukba	l ʊ k b a ʔ
lukban	l ʊ k b a n̪
lukbanan	l ʊ k b aː n̪ ɐ n̪
lukbanan	l ʊ k b ɐ n̪ a n̪
lukbot	l ʊ k b o t̪̚
lukemya	l ʊ x ɛ m j ɐ
luklok	l ʊ k l o k̚
luklukan	l ʊ k l uː x ɐ n̪
luklukan	l ʊ k l ʊ x a n̪
luko	l uː x o
luko	l ʊ x o
luko	l ʊ x o ʔ
lukob	l uː x o b̚
lukob	l ʊ x o b̚
lukong	l ʊ x o ŋ
lukot	l uː x o t̪̚
lukot	l ʊ x o t̪̚
luksa	l ʊ k s a ʔ
lukso	l ʊ k s o
lukto	l ʊ k t̪ o ʔ
lukton	l ʊ k t̪ o n̪
lukulok	l ʊ x ʊ l o k̚
lukuluko	l uː x ʊ l uː x o
lukuluko	l ʊ x ʊ l ʊ x o
lukutan	l ʊ x uː t̪ ɐ n̪
lula	l uː l ɐ ʔ
lula	l ʊ l a ʔ
lulam	l uː l ɐ m
lulan	l uː l ɐ n̪
lulay	l uː l a ɪ̯
lulod	l ʊ l o d̪̚
lulog	l uː l o ɡ̚
lulon	l ʊ l o n̪
lulong	l ʊ l o ŋ
lulos	l uː l o s
lulot	l uː l o t̪̚
lulot	l ʊ l o t̪̚
luma	l uː m ɐ ʔ
luma	l ʊ m a
lumabag	l ʊ m ɐ b a ɡ̚
lumaban	l ʊ m aː b ɐ n̪
lumabas	l ʊ m ɐ b a s
lumabnaw	l ʊ m ɐ b n̪ a ʊ̯
lumabo	l ʊ m aː b o ʔ
lumabo	l ʊ m ɐ b o
lumaganap	l ʊ m ɐ ɣ aː n̪ ɐ p̚
lumagda	l ʊ m ɐ ɡ d̪ a ʔ
lumagkit	l ʊ m ɐ ɡ k ɪ t̪̚
lumago	l ʊ m ɐ ɣ o ʔ
lumakad	l ʊ m aː x ɐ d̪̚
lumakas	l ʊ m ɐ x a s
lumakdang	l ʊ m ɐ k d̪ a ŋ
lumaki	l ʊ m ɐ x ɛ
lumaki	l ʊ m ɐ x ɪ
lumaktaw	l ʊ m ɐ k t̪ a ʊ̯
lumalaban	l ʊ m ɐ l aː b ɐ n̪
lumalabas	l ʊ m aː l ɐ b a s
lumambitin	l ʊ m ɐ m b iː t̪ ɪ n̪
lumamig	l ʊ m ɐ m ɪ ɡ̚
lumanay	l ʊ m aː n̪ a ɪ̯
lumangoy	l ʊ m ɐ ŋ o ɪ̯
lumanta	l ʊ m ɐ n̪ t̪ a ʔ
lumapad	l ʊ m aː p ɐ d̪̚
lumapad	l ʊ m ɐ p a d̪̚
lumapastangan	l ʊ m ɐ p ɐ s t̪ aː ŋ ɐ n̪
lumapirot	l ʊ m ɐ p ɪ ɾ o t̪̚
lumapit	l ʊ m aː p ɛ t̪̚
lumapit	l ʊ m aː p ɪ t̪̚
lumapot	l ʊ m aː p o t̪̚
lumawak	l ʊ m aː w ɐ k̚
lumay	l uː m a ɪ̯
lumay	l ʊ m a ɪ̯
lumaya	l ʊ m aː j ɐ ʔ
lumayas	l ʊ m aː j ɐ s
lumayo	l ʊ m aː j o ʔ
lumayo	l ʊ m ɐ j o ʔ
lumba	l ʊ m b a
lumba	l ʊ m b a ʔ
lumbak	l ʊ m b a k̚
lumbang	l ʊ m b a ŋ
lumbay	l ʊ m b a ɪ̯
lumbiya	l ʊ m b j a
lumbo	l ʊ m b o
lumbo	l ʊ m b o ʔ
lumboy	l ʊ m b o ɪ̯
lumi	l uː m ɪ ʔ
lumi	l ʊ m ɪ ʔ
lumigwak	l ʊ m ɪ ɡ w a k̚
lumihis	l ʊ m ɪ h ɪ s
lumiit	l ʊ m ɪ ʔ ɪ t̪̚
lumikha	l ʊ m ɪ k h a ʔ
lumiko	l ʊ m ɪ x o ʔ
lumilipad	l ʊ m iː l ɪ p a d̪̚
luminaw	l ʊ m iː n̪ a ʊ̯
lumindol	l ʊ m ɪ n̪ d̪ o l
luminis	l ʊ m iː n̪ ɪ s
lumipad	l ʊ m ɪ p a d̪̚
lumipol	l ʊ m iː p o l
lumiwanag	l ʊ m ɪ w aː n̪ ɐ ɡ̚
lummyen	l ʊ m m j ɛ n̪
lumo	l uː m o
lumo	l uː m o ʔ
lumo	l ʊ m o
lumon	l ʊ m o n̪
lumot	l uː m o t̪̚
lumpia	l ʊ m p j a ʔ
lumpiya	l ʊ m p j a ʔ
lumpo	l ʊ m p o
lumpok	l ʊ m p o k̚
lumpon	l ʊ m p o n̪
lumuha	l ʊ m uː h ɐ ʔ
lumuklok	l ʊ m ʊ k l o k̚
lumundag	l ʊ m ʊ n̪ d̪ a ɡ̚
lumura	l ʊ m ʊ ɾ a ʔ
lumutang	l ʊ m uː t̪ ɐ ŋ
lumuwag	l ʊ m w a ɡ̚
lunademyel	l uː n̪ ɐ d̪ ɛ m j ɛ l
lunademyelan	l uː n̪ ɐ d̪ ɛ m j ɛː l ɐ n̪
lunak	l ʊ n̪ a k̚
lunan	l ʊ n̪ a n̪
lunas	l uː n̪ ɐ s
lunas	l ʊ n̪ a s
lunatiko	l ʊ n̪ aː t̪ ɪ x o
lunaw	l uː n̪ a ʊ̯
lunaw	l ʊ n̪ a ʊ̯
lundag	l ʊ n̪ d̪ a ɡ̚
lunday	l ʊ n̪ d̪ a ɪ̯
lundo	l ʊ n̪ d̪ o ʔ
lunes	l uː n̪ ɛ s
lungad	l uː ŋ ɐ d̪̚
lungad	l ʊ ŋ a d̪̚
lungas	l ʊ ŋ a s
lungaw	l ʊ ŋ a ʊ̯
lungayngay	l ʊ ŋ a ɪ̯ ŋ a ɪ̯
lungga	l ʊ ŋ ɡ a ʔ
lunggati	l ʊ ŋ ɡ ɐ t̪ ɪ ʔ
lungib	l ʊ ŋ ɪ b̚
lungkag	l ʊ ŋ k a ɡ̚
lungki	l ʊ ŋ k ɪ ʔ
lungkot	l ʊ ŋ k o t̪̚
lungos	l uː ŋ o s
lungsod	l ʊ n̪ s o d̪̚
lungti	l ʊ n̪ t̪ ɪ ʔ
lungtian	l ʊ n̪ t̪ iː ʔ ɐ n̪
lungtian	l ʊ n̪ t̪ ɪ ʔ a n̪
luningning	l ʊ n̪ ɪ ŋ n̪ ɪ ŋ
luno	l ʊ n̪ o
lunod	l uː n̪ o d̪̚
lunod	l ʊ n̪ o d̪̚
lunok	l ʊ n̪ o k̚
lunos	l uː n̪ o s
lunot	l uː n̪ o t̪̚
lunot	l ʊ n̪ o t̪̚
lunsad	l ʊ n̪ s a d̪̚
lunsod	l ʊ n̪ s o d̪̚
lunti	l ʊ n̪ t̪ ɪ ʔ
luntian	l ʊ n̪ t̪ iː ʔ ɐ n̪
luntian	l ʊ n̪ t̪ ɪ ʔ a n̪
luntidinsol	l ʊ n̪ t̪ ɪ d̪ ɪ n̪ s o l
lunukin	l ʊ n̪ ʊ x ɪ n̪
lunurin	l ʊ n̪ uː ɾ ɪ n̪
lunya	l ʊ n ɲ a ʔ
lunya	l ʊ n̪ j a ʔ
luog	l uː ʔ o ɡ̚
luoy	l ʊ ʔ o ɪ̯
lupa	l uː p ɐ ʔ
lupagi	l ʊ p aː ɣ ɪ ʔ
lupagi	l ʊ p ɐ ɣ ɪ ʔ
lupain	l ʊ p ɐ ʔ ɪ n̪
lupak	l ʊ p a k̚
lupakaya	l ʊ p ɐ x aː j ɐ
lupakaya	l ʊ p ɐ x aː j ɐ ʔ
lupalop	l ʊ p aː l o p̚
lupasay	l ʊ p aː s a ɪ̯
lupasay	l ʊ p ɐ s a ɪ̯
lupaypay	l ʊ p a ɪ̯ p a ɪ̯
lupi	l ʊ p ɪ ʔ
lupig	l uː p ɪ ɡ̚
lupig	l ʊ p ɪ ɡ̚
luping	l uː p ɪ ŋ
luping	l ʊ p ɪ ŋ
lupit	l ʊ p ɛ t̪̚
lupit	l ʊ p ɪ t̪̚
lupog	l uː p o ɡ̚
lupog	l ʊ p o ɡ̚
lupon	l uː p o n̪
lura	l ʊ ɾ a ʔ
lusak	l uː s ɐ k̚
lusak	l ʊ s a k̚
lusaw	l uː s a ʊ̯
lusaw	l ʊ s a ʊ̯
lusay	l uː s a ɪ̯
lusay	l ʊ s a ɪ̯
lusero	l ʊ s ɛː ɾ o
luses	l uː s ɛ s
lusis	l uː s ɪ s
luslos	l ʊ s l o s
lusob	l uː s o b̚
lusog	l ʊ s o ɡ̚
lusok	l uː s o k̚
lusok	l ʊ s o k̚
lusong	l uː s o ŋ
lusong	l ʊ s o ŋ
lusot	l ʊ s o t̪̚
lustay	l ʊ s t̪ a ɪ̯
lusubin	l ʊ s uː b ɪ n̪
lutad	l ʊ t̪ a d̪̚
lutang	l uː t̪ ɐ ŋ
lutang	l ʊ t̪ a ŋ
lutas	l uː t̪ ɐ s
lutas	l ʊ t̪ a s
lutay	l uː t̪ a ɪ̯
lutay	l ʊ t̪ a ɪ̯
luto	l uː t̪ o
luto	l uː t̪ o ʔ
luto	l ʊ t̪ o ʔ
lutong	l ʊ t̪ o ŋ
lutuin	l ʊ t̪ uː ʔ ɪ n̪
luwa	l uː w ɐ
luwa	l w a
luwa	l w a ʔ
luwad	l w a d̪̚
luwag	l w a ɡ̚
luwal	l w a l
luwalhati	l w ɐ l h aː t̪ ɪ ʔ
luwan	l w a n̪
luwang	l uː w ɐ ŋ
luwang	l w a ŋ
luwas	l w a s
luwat	l w a t̪̚
luway	l w a ɪ̯
luwelang	l w ɛː l ɐ ŋ
luya	l uː j ɐ
luyok	l uː j o k̚
luyok	l ʊ j o k̚
luyos	l uː j o s
lyabe	l j aː b ɛ
m	m
m	m a
m	ʔ ɛ m
m	ʔ ɛː m ɛ
ma	m ɐ
maaaga	m ɐ ʔ ɐ ʔ aː ɣ ɐ
maaagap	m ɐ ʔ ɐ ʔ aː ɣ ɐ p̚
maaalab	m ɐ ʔ ɐ ʔ aː l ɐ b̚
maaamo	m ɐ ʔ ɐ ʔ aː m o ʔ
maaangas	m ɐ ʔ ɐ ʔ aː ŋ ɐ s
maaangas	m ɐ ʔ ɐ ʔ ɐ ŋ a s
maaanggo	m ɐ ʔ ɐ ʔ ɐ ŋ ɡ o
maaanghang	m ɐ ʔ ɐ ʔ ɐ ŋ h a ŋ
maaanghit	m ɐ ʔ ɐ ʔ ɐ ŋ h ɪ t̪̚
maaango	m ɐ ʔ ɐ ʔ ɐ ŋ o
maaantot	m ɐ ʔ ɐ ʔ ɐ n̪ t̪ o t̪̚
maaapektuhan	m ɐ ʔ aː ʔ ɐ p ɛ k t̪ ʊ h a n̪
maaaral	m ɐ ʔ ɐ ʔ aː ɾ ɐ l
maaari	m ɐ ʔ ɐ ʔ aː ɾ ɪ ʔ
maaarte	m ɐ ʔ ɐ ʔ a ɾ t̪ ɛ
maaasim	m ɐ ʔ ɐ ʔ aː s ɪ m
maaaskad	m ɐ ʔ ɐ ʔ ɐ s k a d̪̚
maaatik	m ɐ ʔ ɐ ʔ ɐ t̪ ɪ k̚
maaaya	m ɐ ʔ ɐ ʔ aː j ɐ
maaayos	m ɐ ʔ ɐ ʔ aː j o s
maabilidad	m ɐ ʔ ɐ b ɪ l ɪ d̪ a d̪̚
maabo	m ɐ ʔ ɐ b o
maabusyon	m ɐ ʔ ɐ b ʊ s j o n̪
maabusyon	m ɐ ʔ ɐ b ʊ ʃ o n̪
maabyad	m ɐ ʔ ɐ b j a d̪̚
maadhika	m ɐ ʔ ɐ d̪ h ɪ x a ʔ
maadik	m ɐ ʔ aː d̪ ɪ k̚
maaga	m ɐ ʔ aː ɣ ɐ
maagap	m ɐ ʔ aː ɣ ɐ p̚
maaghaman	m ɐ ʔ ɐ ɡ h ɐ m a n̪
maagiw	m ɐ ʔ aː ɣ ɪ ʊ̯
maagnas	m ɐ ʔ ɐ ɡ n̪ a s
maagos	m ɐ ʔ aː ɣ o s
maagrabyado	m ɐ ʔ ɐ ɡ ɾ ɐ b j aː d̪ o
maagwa	m ɐ ʔ ɐ ɡ w a
maagwat	m ɐ ʔ ɐ ɡ w a t̪̚
maahas	m ɐ ʔ aː h ɐ s
maakit	m ɐ ʔ aː x ɪ t̪̚
maaklat	m ɐ ʔ ɐ k l a t̪̚
maako	m ɐ ʔ ɐ x o
maaksaya	m ɐ ʔ ɐ k s ɐ j a
maaktibidad	m ɐ ʔ ɐ k t̪ ɪ b ɪ d̪ a d̪̚
maaktuhan	m ɐ ʔ a k t̪ ʊ h a n̪
maalaala	m ɐ ʔ ɐ l ɐ ʔ aː l ɐ
maalab	m ɐ ʔ aː l ɐ b̚
maalabok	m ɐ ʔ ɐ l ɐ b o k̚
maalahas	m ɐ ʔ ɐ l aː h ɐ s
maalalahanin	m ɐ ʔ ɐ l ɐ l ɐ h ɐ n̪ ɪ n̪
maalam	m ɐ ʔ aː l ɐ m
maalam	m ɐ ʔ ɐ l a m
maalamat	m ɐ ʔ ɐ l ɐ m a t̪̚
maalapaap	m ɐ ʔ ɐ l ɐ p aː ʔ ɐ p̚
maalat	m ɐ ʔ aː l ɐ t̪̚
maalikabok	m ɐ ʔ ɐ l ɪ x ɐ b o k̚
maalindog	m ɐ ʔ ɐ l ɪ n̪ d̪ o ɡ̚
maalingasaw	m ɐ ʔ ɐ l ɪ ŋ aː s a ʊ̯
maalinsangan	m ɐ ʔ ɐ l ɪ n̪ s aː ŋ ɐ n̪
maalintana	m ɐ ʔ ɐ l ɪ n̪ t̪ aː n̪ ɐ
maaliwalas	m ɐ ʔ ɐ l ɪ w aː l ɐ s
maalog	m ɐ ʔ ɐ l o ɡ̚
maalon	m ɐ ʔ aː l o n̪
maalusitha	m ɐ ʔ ɐ l ʊ s ɪ t̪ h a ʔ
maamag	m ɐ ʔ aː m ɐ ɡ̚
maambunan	m ɐ ʔ ɐ m b ʊ n̪ a n̪
maamo	m ɐ ʔ aː m o ʔ
maamos	m ɐ ʔ aː m o s
maanak	m ɐ ʔ aː n̪ ɐ k̚
maanak	m ɐ ʔ ɐ n̪ a k̚
maang	m aː ʔ ɐ ŋ
maang	m ɐ ʔ a ŋ
maangal	m ɐ ʔ aː ŋ ɐ l
maangal	m ɐ ʔ ɐ ŋ a l
maangas	m ɐ ʔ aː ŋ ɐ s
maangas	m ɐ ʔ ɐ ŋ a s
maanggo	m ɐ ʔ ɐ ŋ ɡ o
maanghang	m ɐ ʔ ɐ ŋ h a ŋ
maanghit	m ɐ ʔ ɐ ŋ h ɪ t̪̚
maango	m ɐ ʔ ɐ ŋ o
maanimo	m ɐ ʔ aː n̪ ɪ m o
maano	m ɐ ʔ ɐ n̪ o
maanta	m ɐ ʔ ɐ n̪ t̪ a
maantak	m ɐ ʔ ɐ n̪ t̪ a k̚
maantot	m ɐ ʔ ɐ n̪ t̪ o t̪̚
maapektuhan	m ɐ ʔ ɐ p ɛ k t̪ ʊ h a n̪
maapoy	m ɐ ʔ ɐ p o ɪ̯
maaral	m ɐ ʔ aː ɾ ɐ l
maaraw	m ɐ ʔ aː ɾ a ʊ̯
maardel	m ɐ ʔ ɐ ɾ d̪ ɛ l
maardil	m ɐ ʔ ɐ ɾ d̪ ɪ l
maari	m ɐ ʔ aː ɾ ɪ ʔ
maarte	m ɐ ʔ a ɾ t̪ ɛ
maasap	m ɐ ʔ aː s ɐ p̚
maasim	m ɐ ʔ aː s ɪ m
maasin	m ɐ ʔ ɐ s ɪ n̪
maaskad	m ɐ ʔ ɐ s k a d̪̚
maatik	m ɐ ʔ ɐ t̪ ɪ k̚
maawain	m ɐ ʔ ɐ w ɐ ʔ ɪ n̪
maaya	m ɐ ʔ aː j ɐ
maayos	m ɐ ʔ aː j o s
mababa	m ɐ b aː b ɐ ʔ
mababa	m ɐ b ɐ b a
mababa	m ɐ b ɐ b a ʔ
mabababa	m ɐ b aː b ɐ b a
mabababa	m ɐ b aː b ɐ b a ʔ
mabababa	m ɐ b ɐ b aː b ɐ ʔ
mabababaw	m ɐ b ɐ b aː b a ʊ̯
mababagal	m ɐ b ɐ b aː ɣ ɐ l
mababagsik	m ɐ b ɐ b ɐ ɡ s ɪ k̚
mababagyo	m ɐ b ɐ b ɐ ɡ j o
mababaho	m ɐ b ɐ b aː h o ʔ
mababait	m ɐ b ɐ b ɐ ʔ ɪ t̪̚
mababakas	m ɐ b aː b ɐ x a s
mababakas	m ɐ b ɐ b ɐ x a s
mababalahibo	m ɐ b ɐ b ɐ l ɐ h iː b o
mababalakid	m ɐ b aː b ɐ l aː x ɪ d̪̚
mababalakid	m ɐ b ɐ b ɐ l aː x ɪ d̪̚
mababalakubak	m ɐ b ɐ b ɐ l ɐ x uː b ɐ k̚
mababalang	m ɐ b ɐ b aː l ɐ ŋ
mababalasik	m ɐ b ɐ b ɐ l aː s ɪ k̚
mababanas	m ɐ b aː b ɐ n̪ a s
mababanas	m ɐ b ɐ b ɐ n̪ a s
mababangis	m ɐ b ɐ b ɐ ŋ ɪ s
mababaw	m ɐ b aː b a ʊ̯
mabagal	m ɐ b aː ɣ ɐ l
mabagansiya	m ɐ b ɐ ɣ a n̪ s j ɐ
mabagansiya	m ɐ b ɐ ɣ a n̪ ʃ ɐ
mabagay	m aː b aː ɣ a ɪ̯
mabagay	m ɐ b aː ɣ a ɪ̯
mabagsakan	m aː b ɐ ɡ s ɐ x a n̪
mabagsik	m ɐ b ɐ ɡ s ɪ k̚
mabagyo	m ɐ b ɐ ɡ j o
mabaho	m ɐ b aː h o ʔ
mabait	m ɐ b ɐ ʔ ɪ t̪̚
mabakas	m ɐ b ɐ x a s
mabalahaw	m aː b ɐ l aː h a ʊ̯
mabalahaw	m ɐ b ɐ l aː h a ʊ̯
mabalahibo	m ɐ b ɐ l ɐ h iː b o
mabalaho	m aː b ɐ l aː h o ʔ
mabalaho	m aː b ɐ l ɐ h o ʔ
mabalaho	m ɐ b ɐ l aː h o ʔ
mabalaho	m ɐ b ɐ l ɐ h o ʔ
mabalakid	m aː b ɐ l aː x ɪ d̪̚
mabalakid	m ɐ b ɐ l aː x ɪ d̪̚
mabalakubak	m ɐ b ɐ l ɐ x uː b ɐ k̚
mabalang	m ɐ b aː l ɐ ŋ
mabalasik	m ɐ b ɐ l aː s ɪ k̚
mabali	m ɐ b aː l ɪ ʔ
mabalik	m ɐ b ɐ l ɪ k̚
mabanas	m ɐ b ɐ n̪ a s
mabangis	m ɐ b ɐ ŋ ɪ s
mabango	m ɐ b ɐ ŋ o
mabantot	m ɐ b ɐ n̪ t̪ o t̪̚
mabasa	m ɐ b aː s ɐ
mabasa	m ɐ b ɐ s a
mabasa	m ɐ b ɐ s a ʔ
mabasag	m ɐ b aː s ɐ ɡ̚
mabato	m aː b ɐ t̪ o
mabato	m ɐ b ɐ t̪ o
mabayaran	m ɐ b ɐ j aː ɾ ɐ n̪
mabibig	m ɐ b ɪ b ɪ ɡ̚
mabibigat	m ɐ b ɪ b ɪ ɣ a t̪̚
mabigat	m ɐ b ɪ ɣ a t̪̚
mabigatan	m ɐ b ɪ ɣ ɐ t̪ a n̪
mabigo	m ɐ b ɪ ɣ o ʔ
mabikas	m ɐ b iː x ɐ s
mabilis	m ɐ b ɪ l ɪ s
mabilisan	m aː b ɪ l iː s ɐ n̪
mabilog	m ɐ b iː l o ɡ̚
mabini	m ɐ b iː n̪ ɪ ʔ
mabintog	m ɐ b ɪ n̪ t̪ o ɡ̚
mabisa	m ɐ b iː s ɐ ʔ
mabitamina	m ɐ b ɪ t̪ ɐ m iː n̪ ɐ
mabituin	m ɐ b ɪ t̪ w ɪ n̪
mabituin	m ɐ b ɪ t̪ ʊ ʔ ɪ n̪
mabituwin	m ɐ b ɪ t̪ w ɪ n̪
maboka	m ɐ b oː x ɐ
mabolo	m ɐ b oː l o
mabosesan	m ɐ b o s ɛː s ɐ n̪
mabubuhay	m ɐ b ʊ b uː h a ɪ̯
mabubulaklak	m ɐ b ʊ b ʊ l ɐ k l a k̚
mabubuti	m ɐ b ʊ b uː t̪ ɪ
mabubuwisit	m ɐ b ʊ b w iː s ɪ t̪̚
mabudol	m ɐ b uː d̪ o l
mabuhangin	m ɐ b ʊ h aː ŋ ɪ n̪
mabuhay	m ɐ b uː h a ɪ̯
mabuhok	m ɐ b ʊ h o k̚
mabuhol	m aː b ʊ h o l
mabuhol	m ɐ b ʊ h o l
mabula	m ɐ b ʊ l a ʔ
mabulaklak	m ɐ b ʊ l ɐ k l a k̚
mabulas	m ɐ b uː l ɐ s
mabulate	m ɐ b ʊ l aː t̪ ɛ
mabulbol	m ɐ b ʊ l b o l
mabulo	m ɐ b uː l o
mabulunan	m ɐ b ʊ l uː n̪ ɐ n̪
mabunga	m ɐ b uː ŋ ɐ
mabunganga	m ɐ b ʊ ŋ aː ŋ ɐ ʔ
mabunutan	m ɐ b ʊ n̪ uː t̪ ɐ n̪
mabunyi	m ɐ b ʊ n ɲ ɪ ʔ
mabunyi	m ɐ b ʊ n̪ j ɪ ʔ
maburok	m ɐ b uː ɾ o k̚
maburol	m aː b uː ɾ o l
maburol	m ɐ b ʊ ɾ o l
maburyong	m ɐ b ʊ ɾ j o ŋ
mabusisi	m ɐ b ʊ s iː s ɪ ʔ
mabutas	m ɐ b uː t̪ ɐ s
mabute	m ɐ b uː t̪ ɛ
mabuti	m ɐ b uː t̪ ɛ
mabuti	m ɐ b uː t̪ ɪ
mabutig	m ɐ b ʊ t̪ ɪ ɡ̚
mabuto	m ɐ b ʊ t̪ o
mabuway	m ɐ b w a ɪ̯
mabuwaya	m aː b w aː j ɐ
mabuwaya	m ɐ b w aː j ɐ
mabuwisit	m ɐ b w iː s ɪ t̪̚
machang	m a t̪ s ɐ ŋ
machang	m aː t͡ʃ ɐ ŋ
madadaldal	m ɐ d̪ aː d̪ ɐ l d̪ a l
madaga	m ɐ d̪ ɐ ɣ a ʔ
madagim	m ɐ d̪ ɐ ɣ ɪ m
madagta	m ɐ d̪ ɐ ɡ t̪ a ʔ
madahon	m ɐ d̪ aː h o n̪
madahuyo	m ɐ d̪ ɐ h uː j o ʔ
madalang	m ɐ d̪ aː l ɐ ŋ
madalas	m ɐ d̪ ɐ l a s
madaldal	m ɐ d̪ ɐ l d̪ a l
madali	m ɐ d̪ ɐ l ɪ ʔ
madalian	m aː d̪ ɐ l iː ʔ ɐ n̪
madalian	m ɐ d̪ ɐ l ɪ ʔ a n̪
madaliin	m ɐ d̪ ɐ l ɪ ʔ ɪ n̪
madam	m ɐ d̪ a m
madamay	m ɐ d̪ aː m a ɪ̯
madami	m ɐ d̪ aː m ɪ
madamo	m ɐ d̪ ɐ m o
madamot	m ɐ d̪ aː m o t̪̚
madaya	m aː d̪ aː j ɐ ʔ
madaya	m ɐ d̪ aː j ɐ ʔ
madeskaril	m ɐ d̪ ɛ s k ɐ ɾ ɪ l
madidilim	m ɐ d̪ ɪ d̪ ɪ l ɪ m
madiin	m ɐ d̪ ɪ ʔ ɪ n̪
madila	m ɐ d̪ iː l ɐ ʔ
madilag	m ɐ d̪ ɪ l a ɡ̚
madilaw	m ɐ d̪ ɪ l a ʊ̯
madilim	m ɐ d̪ ɪ l ɪ m
madiskaril	m ɐ d̪ ɪ s k ɐ ɾ ɪ l
madiwa	m ɐ d̪ iː w ɐ ʔ
madiwara	m ɐ d̪ ɪ w aː ɾ ɐ ʔ
madiwara	m ɐ d̪ ɪ w ɐ ɾ a ʔ
madla	m ɐ d̪ l̪ a ʔ
madlakasan	m ɐ d̪ l̪ ɐ x aː s ɐ n̪
madrama	m ɐ d̪ ɾ aː m ɐ
madrasa	m ɐ d̪ ɾ aː s ɐ
madrasta	m ɐ d̪ ɾ a s t̪ ɐ
madrastra	m ɐ d̪ ɾ a s t̪ ɾ ɐ
madre	m aː d̪ ɾ ɛ
madreselba	m ɐ d̪ ɾ ɛ s ɛ l b ɐ
madresilba	m ɐ d̪ ɾ ɛ s i l b ɐ
madugo	m ɐ d̪ ʊ ɣ o ʔ
madula	m ɐ d̪ uː l ɐ ʔ
madula	m ɐ d̪ ʊ l a ʔ
madulas	m aː d̪ ʊ l a s
madulas	m ɐ d̪ ʊ l a s
madumi	m aː d̪ ʊ m ɪ
madumi	m ɐ d̪ ʊ m ɪ
maduwal	m ɐ d̪ w a l
maduya	m ɐ d̪ uː j ɐ ʔ
madyikero	m ɐ d d͡ʒ ɪ x ɛː ɾ o
madyikero	m ɐ d̪ j ɪ x ɛː ɾ o
madyong	m ɐ d d͡ʒ o ŋ
madyong	m ɐ d̪ j o ŋ
maestra	m ɐ j ɛ s t̪ ɾ ɐ
maestra	m ɐ ʔ ɛ s t̪ ɾ ɐ
maestro	m ɐ j ɛ s t̪ ɾ o
maestro	m ɐ ʔ ɛ s t̪ ɾ o
maga	m ɐ ɣ a ʔ
magaan	m ɐ ɣ aː ʔ ɐ n̪
magaan	m ɐ ɣ ɐ ʔ a n̪
magaanan	m ɐ ɣ ɐ ʔ ɐ n̪ a n̪
magaang	m ɐ ɣ ɐ ʔ a ŋ
magabok	m ɐ ɣ ɐ b o k̚
magagalitin	m ɐ ɣ aː ɣ ɐ l ɪ t̪ ɪ n̪
magaganap	m ɐ ɣ aː ɣ ɐ n̪ a p̚
magaganda	m ɐ ɣ ɐ ɣ ɐ n̪ d̪ a
magagandahan	m ɐ ɣ aː ɣ ɐ n̪ d̪ ɐ h a n̪
magakgak	m ɐ ɣ ɐ k ɡ a k̚
magalang	m ɐ ɣ aː l ɐ ŋ
magalaw	m ɐ ɣ ɐ l a ʊ̯
magaling	m ɐ ɣ ɐ l ɪ ŋ
magalit	m ɐ ɣ aː l ɪ t̪̚
magamot	m ɐ ɣ ɐ m o t̪̚
maganap	m ɐ ɣ ɐ n̪ a p̚
maganda	m ɐ ɣ ɐ n̪ d̪ a
magandahan	m ɐ ɣ ɐ n̪ d̪ ɐ h a n̪
magandx	m ɐ ɣ ɐ n̪ d̪ ɛ k s
maganhaw	m ɐ ɣ ɐ n̪ h a ʊ̯
magarbo	m ɐ ɣ a ɾ b o
magaslaw	m ɐ ɣ ɐ s l a ʊ̯
magaso	m ɐ ɣ ɐ s o
magaspang	m ɐ ɣ ɐ s p a ŋ
magastos	m ɐ ɣ a s t̪ o s
magat	m aː ɣ ɐ t̪̚
magatas	m ɐ ɣ aː t̪ ɐ s
magawa	m aː ɣ ɐ w a ʔ
magawa	m ɐ ɣ ɐ w a ʔ
magayot	m ɐ ɣ ɐ j o t̪̚
magbababoy	m ɐ ɡ b ɐ b ɐ b o ɪ̯
magbabakal	m ɐ ɡ b ɐ b aː x ɐ l
magbabakal	m ɐ ɡ b ɐ b ɐ x a l
magbabakol	m ɐ ɡ b ɐ b ɐ x o l
magbabalot	m ɐ ɡ b ɐ b ɐ l o t̪̚
magbabaon	m ɐ ɡ b aː b ɐ ʔ o n̪
magbabaon	m ɐ ɡ b ɐ b aː ʔ o n̪
magbabasa	m ɐ ɡ b aː b ɐ s a
magbabasa	m ɐ ɡ b aː b ɐ s a ʔ
magbabasa	m ɐ ɡ b ɐ b ɐ s a
magbakal	m ɐ ɡ b aː x ɐ l
magbakal	m ɐ ɡ b ɐ x a l
magbakasakali	m ɐ ɡ b ɐ x aː s ɐ x aː l ɛ ʔ
magbakasakali	m ɐ ɡ b ɐ x aː s ɐ x aː l ɪ ʔ
magbalatkayo	m ɐ ɡ b ɐ l ɐ t̪ k ɐ j o ʔ
magbalik	m ɐ ɡ b ɐ l ɪ k̚
magbaluti	m ɐ ɡ b ɐ l uː t̪ ɪ ʔ
magbanda	m ɐ ɡ b a n̪ d̪ ɐ
magbansag	m ɐ ɡ b ɐ n̪ s a ɡ̚
magbanta	m ɐ ɡ b ɐ n̪ t̪ a ʔ
magbaon	m ɐ ɡ b aː ʔ o n̪
magbaon	m ɐ ɡ b ɐ ʔ o n̪
magbarena	m ɐ ɡ b ɐ ɾ ɛː n̪ ɐ
magbasa	m ɐ ɡ b ɐ s a
magbasa	m ɐ ɡ b ɐ s a ʔ
magbasanlot	m ɐ ɡ b ɐ s ɐ n̪ l o t̪̚
magbati	m ɐ ɡ b ɐ t̪ ɪ
magbati	m ɐ ɡ b ɐ t̪ ɪ ʔ
magbawas	m ɐ ɡ b ɐ w a s
magbayad	m ɐ ɡ b aː j ɐ d̪̚
magbenta	m ɐ ɡ b ɛ n̪ t̪ ɐ
magbentilador	m ɐ ɡ b ɛ n̪ t̪ ɪ l ɐ d̪ o ɾ
magbibigas	m ɐ ɡ b iː b ɪ ɣ a s
magbibigas	m ɐ ɡ b ɪ b iː ɣ ɐ s
magbibigas	m ɐ ɡ b ɪ b ɪ ɣ a s
magbigay	m ɐ ɡ b ɪ ɣ a ɪ̯
magbigti	m ɐ ɡ b ɪ ɡ t̪ ɪ
magbigti	m ɐ ɡ b ɪ ɡ t̪ ɪ ʔ
magbihis	m ɐ ɡ b iː h ɪ s
magbilad	m ɐ ɡ b ɪ l a d̪̚
magbilang	m ɐ ɡ b ɪ l a ŋ
magbili	m ɐ ɡ b ɪ l ɪ
magbinata	m ɐ ɡ b ɪ n̪ ɐ t̪ a ʔ
magbiro	m ɐ ɡ b ɪ ɾ o ʔ
magbisikleta	m ɐ ɡ b ɪ s ɪ k l ɛː t̪ ɐ
magbiyahe	m ɐ ɡ b j aː h ɛ
magbiyanan	m ɐ ɡ b j ɐ n̪ a n̪
magbiyenan	m ɐ ɡ b j ɛ n̪ a n̪
magbobote	m ɐ ɡ b o b o t̪ ɛ
magbrotsa	m ɐ ɡ b ɾ o t̪ s ɐ
magbrotsa	m ɐ ɡ b ɾ oː t͡ʃ ɐ
magbubukid	m ɐ ɡ b ʊ b uː x ɪ d̪̚
magbubukid	m ɐ ɡ b ʊ b ʊ x ɪ d̪̚
magbuhat	m ɐ ɡ b uː h ɐ t̪̚
magbuhat	m ɐ ɡ b ʊ h a t̪̚
magbukid	m ɐ ɡ b uː x ɪ d̪̚
magbulakbol	m ɐ ɡ b ʊ l ɐ k b o l
magbunganga	m ɐ ɡ b ʊ ŋ ɐ ŋ a ʔ
magbusisi	m ɐ ɡ b ʊ s iː s ɪ ʔ
magbutas	m ɐ ɡ b ʊ t̪ a s
magdabog	m ɐ ɡ d̪ ɐ b o ɡ̚
magdadalandan	m ɐ ɡ d̪ aː d̪ ɐ l ɐ n̪ d̪ a n̪
magdadalandan	m ɐ ɡ d̪ ɐ d̪ ɐ l ɐ n̪ d̪ a n̪
magdagdag	m ɐ ɡ d̪ ɐ ɡ d̪ a ɡ̚
magdala	m ɐ ɡ d̪ ɐ l a
magdalaga	m ɐ ɡ d̪ ɐ l ɐ ɣ a
magdamag	m ɐ ɡ d̪ ɐ m a ɡ̚
magdaos	m ɐ ɡ d̪ aː ʔ o s
magdaralandan	m ɐ ɡ d̪ aː ɾ ɐ l ɐ n̪ d̪ a n̪
magdaralandan	m ɐ ɡ d̪ ɐ ɾ ɐ l ɐ n̪ d̪ a n̪
magdaraong	m ɐ ɡ d̪ ɐ ɾ aː ʔ o ŋ
magdasal	m ɐ ɡ d̪ ɐ s a l
magdaspan	m ɐ ɡ d̪ a s p ɐ n̪
magdawit	m ɐ ɡ d̪ aː w ɪ t̪̚
magdebate	m ɐ ɡ d̪ ɛ b aː t̪ ɛ
magdede	m ɐ ɡ d̪ ɛː d̪ ɛ
magdede	m ɐ ɡ d̪ ɛː d̪ ɛ ʔ
magdedeliryo	m ɐ ɡ d̪ ɛ d̪ ɛ l i ɾ j o
magdeliryo	m ɐ ɡ d̪ ɛ l i ɾ j o
magdemanda	m ɐ ɡ d̪ ɛ m a n̪ d̪ ɐ
magdikdik	m ɐ ɡ d̪ ɪ k d̪ ɪ k̚
magdikit	m ɐ ɡ d̪ ɪ x ɪ t̪̚
magdilig	m ɐ ɡ d̪ ɪ l ɪ ɡ̚
magdiwang	m ɐ ɡ d̪ iː w ɐ ŋ
magdroga	m ɐ ɡ d̪ ɾ oː ɣ ɐ
magduda	m ɐ ɡ d̪ uː d̪ ɐ
magdulot	m ɐ ɡ d̪ uː l o t̪̚
magdusa	m ɐ ɡ d̪ uː s ɐ
magdyip	m ɐ ɡ d̪ j ɪ p̚
magdyip	m ɐ ɡ d͡ʒ ɪ p̚
magey	m ɐ ɣ e ɪ̯
maggantsilyo	m ɐ ɡ ɡ ɐ n̪ t͡s i l j o
maggantsilyo	m ɐ ɡ ɡ ɐ n̪ t͡ʃ i l j o
maggapas	m ɐ ɡ ɡ aː p ɐ s
maggatong	m ɐ ɡ ɡ aː t̪ o ŋ
maggayat	m ɐ ɡ ɡ ɐ j a t̪̚
maggiba	m ɐ ɡ ɡ ɪ b a ʔ
maggigitara	m a ɡ ɡ ɪ ɣ ɪ t̪ ɐ ɾ a
maggigitara	m ɐ ɡ ɡ iː ɣ ɪ t̪ aː ɾ ɐ
maggitara	m ɐ ɡ ɡ ɪ t̪ aː ɾ ɐ
magha	m ɐ ɡ h a ʔ
maghabi	m ɐ ɡ h aː b ɪ
maghabilin	m ɐ ɡ h ɐ b iː l ɪ n̪
maghabla	m ɐ ɡ h ɐ b l a
maghagilap	m ɐ ɡ h ɐ ɣ ɪ l a p̚
maghahasik	m ɐ ɡ h aː h ɐ s ɪ k̚
maghahasik	m ɐ ɡ h ɐ h aː s ɪ k̚
maghalabos	m ɐ ɡ h ɐ l ɐ b o s
maghalal	m ɐ ɡ h ɐ l a l
maghalikan	m ɐ ɡ h ɐ l iː x ɐ n̪
maghalili	m ɐ ɡ h ɐ l iː l ɪ
maghalili	m ɐ ɡ h ɐ l ɪ l ɪ
maghanap	m ɐ ɡ h ɐ n̪ a p̚
maghanapbuhay	m ɐ ɡ h aː n̪ ɐ p b uː h a ɪ̯
maghanda	m ɐ ɡ h ɐ n̪ d̪ a ʔ
maghangad	m ɐ ɡ h ɐ ŋ a d̪̚
maghapon	m ɐ ɡ h aː p o n̪
maghari	m ɐ ɡ h aː ɾ ɪ ʔ
maghasik	m ɐ ɡ h ɐ s ɪ k̚
maghati	m ɐ ɡ h aː t̪ ɪ ʔ
maghatid	m ɐ ɡ h ɐ t̪ ɪ d̪̚
maghatol	m ɐ ɡ h aː t̪ o l
maghawak	m ɐ ɡ h aː w ɐ k̚
maghiganti	m ɐ ɡ h ɪ ɣ ɐ n̪ t̪ ɪ
maghihipon	m ɐ ɡ h ɪ h iː p o n̪
maghihipon	m ɐ ɡ h ɪ h ɪ p o n̪
maghikab	m ɐ ɡ h ɪ x a b̚
maghikahos	m ɐ ɡ h ɪ x ɐ h o s
maghikaw	m ɐ ɡ h iː x a ʊ̯
maghilamos	m ɐ ɡ h ɪ l aː m o s
maghilik	m ɐ ɡ h ɪ l ɪ k̚
maghimagsik	m ɐ ɡ h ɪ m ɐ ɡ s ɪ k̚
maghimutok	m ɐ ɡ h ɪ m ʊ t̪ o k̚
maghinala	m ɐ ɡ h ɪ n̪ aː l ɐ ʔ
maghingalo	m ɐ ɡ h ɪ ŋ ɐ l o
maghininik	m ɐ ɡ h ɪ n̪ ɪ n̪ ɪ k̚
maghintay	m ɐ ɡ h ɪ n̪ t̪ a ɪ̯
maghinto	m ɐ ɡ h ɪ n̪ t̪ o ʔ
maghinuha	m ɐ ɡ h ɪ n̪ uː h ɐ ʔ
maghipon	m ɐ ɡ h iː p o n̪
maghirap	m ɐ ɡ h iː ɾ ɐ p̚
maghitso	m ɐ ɡ h ɪ t t͡ʃ o
maghitso	m ɐ ɡ h ɪ t̪ s o
maghiwalay	m ɐ ɡ h ɪ w ɐ l a ɪ̯
maghiyas	m ɐ ɡ h j a s
maghubad	m ɐ ɡ h ʊ b a d̪̚
maghugas	m ɐ ɡ h uː ɣ ɐ s
maghuhugas	m ɐ ɡ h ʊ h uː ɣ ɐ s
maghuhuwego	m ɐ ɡ h ʊ h w ɛ ɣ o
maghuhuwego	m ɐ ɡ h ʊ h w ɛː ɣ o
maghulog	m ɐ ɡ h uː l o ɡ̚
maghumpay	m ɐ ɡ h ʊ m p a ɪ̯
maghuramentado	m ɐ ɡ h ʊ ɾ ɐ m ɛ n̪ t̪ aː d̪ o
magigi	m ɐ ɣ iː ɣ ɪ ʔ
magiging	m ɐ ɣ iː ɣ ɪ ŋ
magilas	m ɐ ɣ iː l ɐ s
magiliw	m ɐ ɣ iː l ɪ ʊ̯
maginaw	m ɐ ɣ ɪ n̪ a ʊ̯
maging	m aː ɣ ɪ ŋ
maging	m ɐ ɣ ɪ ŋ
maginoo	m aː ɣ ɪ n̪ o ʔ o
maginoo	m ɐ ɣ ɪ n̪ o ʔ o
maginoo	m ɐ ɣ ɪ n̪ oː ʔ o
magisnan	m ɐ ɣ ɪ s n̪ a n̪
magiting	m ɐ ɣ iː t̪ ɪ ŋ
magjakol	m ɐ ɡ d̪ j ɐ x o l
magjakol	m ɐ ɡ d͡ʒ ɐ x o l
magkaaksidente	m ɐ ɡ k ɐ ʔ ɐ k s ɪ d̪ ɛ n̪ t̪ ɛ
magkaalmoranas	m ɐ ɡ k ɐ ʔ ɐ l m o ɾ aː n̪ ɐ s
magkaalmuranas	m ɐ ɡ k ɐ ʔ ɐ l m ʊ ɾ aː n̪ ɐ s
magkaaway	m ɐ ɡ k ɐ ʔ aː w a ɪ̯
magkabagang	m ɐ ɡ k ɐ b ɐ ɣ a ŋ
magkabalikan	m ɐ ɡ k aː b ɐ l iː x ɐ n̪
magkabilihan	m ɐ ɡ k ɐ b ɪ l iː h ɐ n̪
magkabit	m ɐ ɡ k ɐ b ɪ t̪̚
magkadiyabetes	m ɐ ɡ k ɐ d̪ j ɐ b ɛː t̪ ɛ s
magkadiyabetes	m ɐ ɡ k ɐ d͡ʒ ɐ b ɛː t̪ ɛ s
magkagrado	m ɐ ɡ k ɐ ɡ ɾ aː d̪ o
magkaibigan	m ɐ ɡ k ɐ ʔ ɪ b iː ɣ ɐ n̪
magkaisa	m ɐ ɡ k aː ʔ ɪ s a
magkakahoy	m ɐ ɡ k ɐ x ɐ h o ɪ̯
magkakaibigan	m ɐ ɡ k ɐ x ɐ ʔ ɪ b iː ɣ ɐ n̪
magkakalapati	m ɐ ɡ k ɐ x ɐ l ɐ p aː t̪ ɪ
magkakapatid	m ɐ ɡ k aː x ɐ p ɐ t̪ ɪ d̪̚
magkakapatid	m ɐ ɡ k ɐ x ɐ p ɐ t̪ ɪ d̪̚
magkakape	m ɐ ɡ k aː x ɐ p ɛ
magkakape	m ɐ ɡ k ɐ x ɐ p ɛ
magkakapitbahay	m ɐ ɡ k ɐ x aː p ɪ t̪ b aː h a ɪ̯
magkakarayom	m ɐ ɡ k ɐ x ɐ ɾ aː j o m
magkakarayom	m ɐ ɡ k ɐ x ɐ ɾ ɐ j o m
magkakari	m a ɡ k ɐ x ɐ ɾ ɪ
magkakari	m ɐ ɡ k ɐ x aː ɾ ɪ
magkakari	m ɐ ɡ k ɐ x ɐ ɾ ɪ
magkakarne	m ɐ ɡ k ɐ x ɐ ɾ n̪ ɛ
magkakaroon	m ɐ ɡ k aː x ɐ ɾ o n̪
magkakaroon	m ɐ ɡ k aː x ɐ ɾ o ʔ o n̪
magkakatay	m ɐ ɡ k ɐ x aː t̪ a ɪ̯
magkakatay	m ɐ ɡ k ɐ x ɐ t̪ a ɪ̯
magkakotse	m ɐ ɡ k ɐ x o t̪ s ɛ
magkakotse	m ɐ ɡ k ɐ x oː t͡ʃ ɛ
magkalat	m ɐ ɡ k aː l ɐ t̪̚
magkalat	m ɐ ɡ k ɐ l a t̪̚
magkali	m ɐ ɡ k aː l ɪ
magkalimbahin	m ɐ ɡ k ɐ l ɪ m b ɐ h ɪ n̪
magkamabutihan	m ɐ ɡ k ɐ m ɐ b ʊ t̪ ɪ h a n̪
magkamali	m ɐ ɡ k aː m ɐ l ɪ ʔ
magkamali	m ɐ ɡ k ɐ m ɐ l ɪ ʔ
magkamayroon	m ɐ ɡ k ɐ m a ɪ̯ ɾ o ʔ o n̪
magkamayroon	m ɐ ɡ k ɐ m ɛː ɾ o n̪
magkameron	m ɐ ɡ k ɐ m ɛː ɾ o n̪
magkanlong	m ɐ ɡ k ɐ n̪ l o ŋ
magkano	m ɐ ɡ k aː n̪ o
magkantahan	m ɐ ɡ k ɐ n̪ t̪ aː h ɐ n̪
magkantutan	m ɐ ɡ k ɐ n̪ t̪ uː t̪ ɐ n̪
magkapaa	m ɐ ɡ k ɐ p ɐ ʔ a
magkapareho	m ɐ ɡ k ɐ p ɐ ɾ ɛː h o
magkapatid	m ɐ ɡ k ɐ p ɐ t̪ ɪ d̪̚
magkape	m ɐ ɡ k ɐ p ɛ
magkapitbahay	m ɐ ɡ k aː p ɪ t̪ b aː h a ɪ̯
magkarga	m ɐ ɡ k ɐ ɾ ɡ a
magkaroon	m ɐ ɡ k ɐ ɾ o n̪
magkaroon	m ɐ ɡ k ɐ ɾ o ʔ o n̪
magkasakit	m ɐ ɡ k ɐ s ɐ x ɪ t̪̚
magkasiya	m ɐ ɡ k aː s j ɐ
magkasiya	m ɐ ɡ k aː ʃ ɐ
magkasundo	m ɐ ɡ k aː s ʊ n̪ d̪ o ʔ
magkasundo	m ɐ ɡ k ɐ s ʊ n̪ d̪ o ʔ
magkatakob	m ɐ ɡ k ɐ t̪ aː x o b̚
magkataon	m ɐ ɡ k aː t̪ ɐ ʔ o n̪
magkatapat	m ɐ ɡ k aː t̪ ɐ p a t̪̚
magkatapat	m ɐ ɡ k ɐ t̪ ɐ p a t̪̚
magkatay	m ɐ ɡ k aː t̪ a ɪ̯
magkausap	m ɐ ɡ k ɐ ʔ uː s ɐ p̚
magkautang	m ɐ ɡ k ɐ ʔ uː t̪ ɐ ŋ
magkekeso	m ɐ ɡ k ɛ x ɛ s o
magkekeso	m ɐ ɡ k ɛ x ɛː s o
magkeso	m ɐ ɡ k ɛː s o
magkeyk	m ɐ ɡ k e ɪ̯ k
magkudeta	m ɐ ɡ k uː d̪ ɛ t̪ a
magkulit	m ɐ ɡ k ʊ l ɪ t̪̚
magkumahog	m ɐ ɡ k ʊ m ɐ h o ɡ̚
magkumot	m ɐ ɡ k uː m o t̪̚
magkunwari	m ɐ ɡ k ʊ n̪ w ɐ ɾ ɪ ʔ
magkusi	m ɐ ɡ k ʊ s ɪ
magkuskos	m ɐ ɡ k ʊ s k o s
magkutsara	m ɐ ɡ k ʊ t t͡ʃ aː ɾ ɐ
magkutsara	m ɐ ɡ k ʊ t̪ s aː ɾ ɐ
magkutsaron	m ɐ ɡ k ʊ t t͡ʃ ɐ ɾ o n̪
magkutsaron	m ɐ ɡ k ʊ t̪ s ɐ ɾ o n̪
magkuwenta	m ɐ ɡ k w ɛ n̪ t̪ ɐ
magkuwento	m ɐ ɡ k w ɛ n̪ t̪ o
magkwento	m ɐ ɡ k w ɛ n̪ t̪ o
maglaba	m ɐ ɡ l ɐ b a
maglabas	m ɐ ɡ l ɐ b a s
magladlad	m ɐ ɡ l ɐ d̪ l̪ a d̪̚
maglagay	m ɐ ɡ l ɐ ɣ a ɪ̯
maglaho	m ɐ ɡ l aː h o ʔ
maglakad	m ɐ ɡ l ɐ x a d̪̚
maglakbay	m ɐ ɡ l ɐ k b a ɪ̯
maglako	m ɐ ɡ l aː x o ʔ
maglako	m ɐ ɡ l ɐ x o ʔ
maglakwatsa	m ɐ ɡ l ɐ k w a t̪ s ɐ
maglakwatsa	m ɐ ɡ l ɐ k w aː t͡ʃ ɐ
maglalako	m ɐ ɡ l aː l ɐ x o ʔ
maglalako	m ɐ ɡ l ɐ l aː x o ʔ
maglalaot	m ɐ ɡ l ɐ l ɐ ʔ o t̪̚
maglalaway	m ɐ ɡ l aː l ɐ w a ɪ̯
maglampungan	m ɐ ɡ l ɐ m p uː ŋ ɐ n̪
maglamyerda	m ɐ ɡ l ɐ m j ɛ ɾ d̪ ɐ
maglandi	m ɐ ɡ l ɐ n̪ d̪ ɪ ʔ
maglanggas	m ɐ ɡ l ɐ ŋ ɡ a s
maglangib	m ɐ ɡ l ɐ ŋ ɪ b̚
maglango	m ɐ ɡ l ɐ ŋ o
maglantod	m ɐ ɡ l ɐ n̪ t̪ o d̪̚
maglapa	m ɐ ɡ l aː p ɐ ʔ
maglapastangan	m ɐ ɡ l ɐ p ɐ s t̪ aː ŋ ɐ n̪
maglarawan	m ɐ ɡ l ɐ ɾ aː w ɐ n̪
maglaro	m ɐ ɡ l ɐ ɾ o ʔ
maglasing	m ɐ ɡ l ɐ s ɪ ŋ
maglaslas	m ɐ ɡ l ɐ s l a s
maglaso	m ɐ ɡ l aː s o
maglathala	m ɐ ɡ l ɐ t̪ h aː l ɐ ʔ
maglaway	m ɐ ɡ l ɐ w a ɪ̯
maglayag	m ɐ ɡ l ɐ j a ɡ̚
maglibing	m ɐ ɡ l ɪ b ɪ ŋ
maglihi	m ɐ ɡ l ɪ h ɪ ʔ
maglingid	m ɐ ɡ l ɪ ŋ ɪ d̪̚
maglingkod	m ɐ ɡ l ɪ ŋ k o d̪̚
maglinis	m ɐ ɡ l iː n̪ ɪ s
maglista	m ɐ ɡ l ɪ s t̪ a
magliwaliw	m ɐ ɡ l ɪ w ɐ l ɪ ʊ̯
magloko	m ɐ ɡ l o x o
maglola	m ɐ ɡ l oː l ɐ
maglolo	m ɐ ɡ l oː l o
maglupagi	m ɐ ɡ l ʊ p ɐ ɣ ɪ ʔ
maglustay	m ɐ ɡ l ʊ s t̪ a ɪ̯
magluto	m ɐ ɡ l uː t̪ o
magluto	m ɐ ɡ l uː t̪ o ʔ
magluwas	m ɐ ɡ l w a s
magluwat	m ɐ ɡ l w a t̪̚
magma	m a ɡ m ɐ
magmadali	m ɐ ɡ m ɐ d̪ ɐ l ɪ ʔ
magmaganda	m ɐ ɡ m ɐ ɣ ɐ n̪ d̪ a
magmahal	m ɐ ɡ m ɐ h a l
magmakaawa	m ɐ ɡ m ɐ x ɐ ʔ aː w ɐ ʔ
magmalinis	m ɐ ɡ m ɐ l ɪ n̪ ɪ s
magmaliw	m ɐ ɡ m aː l ɪ ʊ̯
magmamaruya	m ɐ ɡ m aː m ɐ ɾ uː j ɐ ʔ
magmamaruya	m ɐ ɡ m ɐ m ɐ ɾ ʊ j a ʔ
magmana	m ɐ ɡ m aː n̪ ɐ
magmaneho	m ɐ ɡ m ɐ n̪ ɛː h o
magmanibalang	m ɐ ɡ m aː n̪ ɪ b ɐ l a ŋ
magmanibalang	m ɐ ɡ m ɐ n̪ ɪ b ɐ l a ŋ
magmaniobra	m ɐ ɡ m ɐ n ɲ oː b ɾ ɐ
magmaniobra	m ɐ ɡ m ɐ n̪ j oː b ɾ ɐ
magmaniobra	m ɐ ɡ m ɐ n̪ ɪ ʔ oː b ɾ ɐ
magmanubalang	m ɐ ɡ m aː n̪ ʊ b ɐ l a ŋ
magmanubalang	m ɐ ɡ m ɐ n̪ ʊ b ɐ l a ŋ
magmartsa	m ɐ ɡ m a ɾ t͡s ɐ
magmartsa	m ɐ ɡ m a ɾ t͡ʃ ɐ
magmarunong	m ɐ ɡ m ɐ ɾ ʊ n̪ o ŋ
magmasahe	m ɐ ɡ m ɐ s aː h ɛ
magmatalino	m ɐ ɡ m ɐ t̪ ɐ l ɪ n̪ o
magmatigas	m ɐ ɡ m ɐ t̪ ɪ ɣ a s
magmayabang	m ɐ ɡ m ɐ j ɐ b a ŋ
magmeryenda	m ɐ ɡ m ɛ ɾ j ɛ n̪ d̪ ɐ
magmukmok	m ɐ ɡ m ʊ k m o k̚
magmula	m ɐ ɡ m ʊ l a ʔ
magmumog	m ɐ ɡ m uː m o ɡ̚
magmundo	m ɐ ɡ m ʊ n̪ d̪ o
magmura	m ɐ ɡ m uː ɾ ɐ
magmura	m ɐ ɡ m uː ɾ ɐ ʔ
magmura	m ɐ ɡ m ʊ ɾ a
magna	m a ɡ n̪ ɐ
magnais	m ɐ ɡ n̪ aː ʔ ɪ s
magnakaw	m ɐ ɡ n̪ aː x a ʊ̯
magnana	m ɐ ɡ n̪ aː n̪ ɐ ʔ
magnanakaw	m a ɡ n̪ ɐ n̪ aː x a ʊ̯
magnanakaw	m ɐ ɡ n̪ aː n̪ aː x a ʊ̯
magnanakaw	m ɐ ɡ n̪ ɐ n̪ aː x a ʊ̯
magnanay	m ɐ ɡ n̪ aː n̪ a ɪ̯
magnate	m ɐ ɡ n̪ aː t̪ ɛ
magnesyo	m ɐ ɡ n̪ ɛ s j o
magnesyo	m ɐ ɡ n̪ ɛː ʃ o
magnet	m a ɡ n̪ ɛ t̪̚
magnetiko	m ɐ ɡ n̪ ɛː t̪ ɪ x o
magngalit	m ɐ ɡ ŋ aː l ɪ t̪̚
magningas	m ɐ ɡ n̪ iː ŋ ɐ s
magningning	m ɐ ɡ n̪ ɪ ŋ n̪ ɪ ŋ
magniningning	m ɐ ɡ n̪ ɪ n̪ ɪ ŋ n̪ ɪ ŋ
magnipayer	m ɐ ɡ n̪ ɪ p aː j ɛ ɾ
magnipikador	m ɐ ɡ n̪ ɪ p ɪ x ɐ d̪ o ɾ
mago	m aː ɣ o
magpaa	m ɐ ɡ p ɐ ʔ a
magpaalam	m ɐ ɡ p ɐ ʔ aː l ɐ m
magpabaha	m ɐ ɡ p ɐ b ɐ h a ʔ
magpabalik	m ɐ ɡ p ɐ b ɐ l ɪ k̚
magpaganda	m ɐ ɡ p ɐ ɣ ɐ n̪ d̪ a
magpagawa	m ɐ ɡ p ɐ ɣ ɐ w a ʔ
magpagupit	m ɐ ɡ p ɐ ɣ ʊ p ɪ t̪̚
magpaguwapo	m ɐ ɡ p ɐ ɡ w aː p o
magpagwapo	m ɐ ɡ p ɐ ɡ w aː p o
magpahid	m ɐ ɡ p aː h ɪ d̪̚
magpahinga	m ɐ ɡ p ɐ h ɪ ŋ a
magpakabato	m ɐ ɡ p ɐ x ɐ b ɐ t̪ o
magpakahulugan	m ɐ ɡ p ɐ x ɐ h ʊ l ʊ ɣ a n̪
magpakailanman	m ɐ ɡ p ɐ x a ɪ̯ l ɐ n̪ m a n̪
magpakailanman	m ɐ ɡ p ɐ x ɐ ʔ ɪ l ɐ n̪ m a n̪
magpakain	m ɐ ɡ p ɐ x aː ʔ ɪ n̪
magpakalalaki	m ɐ ɡ p ɐ x ɐ l ɐ l aː x ɪ
magpakamatay	m ɐ ɡ p ɐ x ɐ m ɐ t̪ a ɪ̯
magpakasal	m ɐ ɡ p ɐ x ɐ s a l
magpakasasa	m ɐ ɡ p ɐ x ɐ s aː s ɐ ʔ
magpakita	m ɐ ɡ p ɐ x iː t̪ ɐ
magpakita	m ɐ ɡ p ɐ x iː t̪ ɐ ʔ
magpakumbaba	m ɐ ɡ p ɐ x ʊ m b ɐ b a ʔ
magpalaba	m ɐ ɡ p ɐ l ɐ b a
magpalaganap	m ɐ ɡ p ɐ l ɐ ɣ aː n̪ ɐ p̚
magpalaglag	m ɐ ɡ p ɐ l ɐ ɡ l a ɡ̚
magpaliwanag	m ɐ ɡ p ɐ l ɪ w aː n̪ ɐ ɡ̚
magpanatili	m ɐ ɡ p ɐ n̪ ɐ t̪ iː l ɪ
magpanggap	m ɐ ɡ p ɐ ŋ ɡ a p̚
magpansinan	m ɐ ɡ p ɐ n̪ s iː n̪ ɐ n̪
magpanumbalik	m ɐ ɡ p ɐ n̪ ʊ m b aː l ɪ k̚
magpaopera	m ɐ ɡ p ɐ ʔ o p ɛ ɾ a
magpapansin	m ɐ ɡ p ɐ p a n̪ s ɪ n̪
magpapansin	m ɐ ɡ p ɐ p ɐ n̪ s ɪ n̪
magpapastel	m ɐ ɡ p ɐ p ɐ s t̪ ɛ l
magpapaubaya	m ɐ ɡ p aː p ɐ ʔ ʊ b aː j ɐ ʔ
magpapawid	m ɐ ɡ p aː p aː w ɪ d̪̚
magpapawid	m ɐ ɡ p ɐ p aː w ɪ d̪̚
magpapawid	m ɐ ɡ p ɐ p ɐ w ɪ d̪̚
magpapayat	m ɐ ɡ p ɐ p aː j ɐ t̪̚
magpapayat	m ɐ ɡ p ɐ p ɐ j a t̪̚
magpapintura	m ɐ ɡ p ɐ p ɪ n̪ t̪ uː ɾ ɐ
magpaputi	m ɐ ɡ p ɐ p ʊ t̪ ɪ ʔ
magparami	m ɐ ɡ p ɐ ɾ aː m ɪ
magparaya	m ɐ ɡ p ɐ ɾ aː j ɐ ʔ
magpari	m ɐ ɡ p aː ɾ ɪ ʔ
magparinig	m ɐ ɡ p ɐ ɾ ɪ n̪ ɪ ɡ̚
magpasan	m ɐ ɡ p ɐ s a n̪
magpasaya	m ɐ ɡ p ɐ s ɐ j a
magpasikat	m ɐ ɡ p ɐ s iː x ɐ t̪̚
magpasinungaling	m ɐ ɡ p ɐ s ɪ n̪ ʊ ŋ aː l ɪ ŋ
magpasinungaling	m ɐ ɡ p ɐ s ɪ n̪ ʊ ŋ ɐ l ɪ ŋ
magpaskil	m ɐ ɡ p ɐ s k ɪ l
magpasubasta	m ɐ ɡ p ɐ s ʊ b a s t̪ ɐ
magpasulat	m ɐ ɡ p ɐ s uː l ɐ t̪̚
magpataba	m ɐ ɡ p ɐ t̪ ɐ b a ʔ
magpatakas	m ɐ ɡ p ɐ t̪ aː x ɐ s
magpatalsik	m ɐ ɡ p ɐ t̪ ɐ l s ɪ k̚
magpatiwakal	m ɐ ɡ p ɐ t̪ ɪ w ɐ x a l
magpatrolya	m ɐ ɡ p ɐ t̪ ɾ o l j ɐ
magpatrulya	m ɐ ɡ p ɐ t̪ ɾ u l j ɐ
magpatuli	m ɐ ɡ p ɐ t̪ uː l ɪ ʔ
magpatulog	m ɐ ɡ p ɐ t̪ uː l o ɡ̚
magpatuloy	m ɐ ɡ p ɐ t̪ uː l o ɪ̯
magpatuloy	m ɐ ɡ p ɐ t̪ ʊ l o ɪ̯
magpatunay	m ɐ ɡ p ɐ t̪ uː n̪ a ɪ̯
magpatupad	m ɐ ɡ p ɐ t̪ ʊ p a d̪̚
magpaubaya	m ɐ ɡ p ɐ ʔ ʊ b aː j ɐ ʔ
magpausok	m ɐ ɡ p ɐ ʔ uː s o k̚
magpautang	m ɐ ɡ p ɐ ʔ uː t̪ ɐ ŋ
magpawid	m ɐ ɡ p aː w ɪ d̪̚
magpawir	m ɐ ɡ p aː w ɪ ɾ
magpawis	m ɐ ɡ p ɐ w ɪ s
magpraktis	m ɐ ɡ p ɾ a k t̪ ɪ s
magprodukto	m ɐ ɡ p ɾ o d̪ u k t̪ o
magproseso	m ɐ ɡ p ɾ o s ɛː s o
magpunas	m ɐ ɡ p uː n̪ ɐ s
magpunas	m ɐ ɡ p ʊ n̪ a s
magpunta	m ɐ ɡ p ʊ n̪ t̪ a
magpuyat	m ɐ ɡ p ʊ j a t̪̚
magrasa	m ɐ ɡ ɾ aː s ɐ
magrasal	m ɐ ɡ ɾ ɐ s a l
magrekomenda	m ɐ ɡ ɾ ɛ x o m ɛ n̪ d̪ a
magrenta	m ɐ ɡ ɾ ɛ n̪ t̪ ɐ
magrepake	m ɐ ɡ ɾ ɛ p aː x ɛ
magribyu	m ɐ ɡ ɾ ɪ b j ʊ
magsabi	m ɐ ɡ s aː b ɛ
magsabi	m ɐ ɡ s aː b ɪ
magsabon	m ɐ ɡ s ɐ b o n̪
magsagawa	m ɐ ɡ s ɐ ɣ ɐ w a ʔ
magsagwan	m ɐ ɡ s ɐ ɡ w a n̪
magsahig	m ɐ ɡ s ɐ h ɪ ɡ̚
magsaka	m ɐ ɡ s aː x ɐ
magsalang	m ɐ ɡ s aː l ɐ ŋ
magsaliksik	m ɐ ɡ s ɐ l ɪ k s ɪ k̚
magsalita	m ɐ ɡ s ɐ l ɪ t̪ a ʔ
magsalsal	m ɐ ɡ s ɐ l s a l
magsandok	m ɐ ɡ s ɐ n̪ d̪ o k̚
magsanhi	m ɐ ɡ s ɐ n̪ h ɪ ʔ
magsapatos	m ɐ ɡ s ɐ p aː t̪ o s
magsarili	m ɐ ɡ s ɐ ɾ ɪ l ɪ
magsasaka	m ɐ ɡ s aː s aː x ɐ
magsasaka	m ɐ ɡ s ɐ s aː x ɐ
magsasaka	m ɐ ɡ s ɐ s ɐ x a
magsasapin	m ɐ ɡ s ɐ s ɐ p ɪ n̪
magsayaw	m ɐ ɡ s ɐ j a ʊ̯
magsayawan	m ɐ ɡ s ɐ j aː w ɐ n̪
magseks	m ɐ ɡ s ɛ k s
magsentimyento	m ɐ ɡ s ɛ n̪ t̪ ɪ m j ɛ n̪ t̪ o
magsibuyas	m ɐ ɡ s ɪ b uː j ɐ s
magsigarilyo	m ɐ ɡ s ɪ ɣ ɐ ɾ i l j o
magsikip	m ɐ ɡ s ɪ x ɪ p̚
magsilab	m ɐ ɡ s ɪ l a b̚
magsilbi	m ɐ ɡ s ɪ l b ɪ
magsimba	m ɐ ɡ s ɪ m b a
magsimula	m ɐ ɡ s ɪ m ʊ l a ʔ
magsinungaling	m ɐ ɡ s ɪ n̪ ʊ ŋ aː l ɪ ŋ
magsinungaling	m ɐ ɡ s ɪ n̪ ʊ ŋ ɐ l ɪ ŋ
magsisi	m ɐ ɡ s iː s ɪ
magsisibuyas	m ɐ ɡ s iː s ɪ b uː j ɐ s
magsisibuyas	m ɐ ɡ s iː s ɪ b ʊ j a s
magsisikulate	m ɐ ɡ s ɪ s ɪ x ʊ l ɐ t̪ ɛ
magsiwalat	m ɐ ɡ s ɪ w aː l ɐ t̪̚
magsiyasat	m ɐ ɡ s j aː s ɐ t̪̚
magsugal	m ɐ ɡ s ʊ ɣ a l
magsuklay	m ɐ ɡ s ʊ k l a ɪ̯
magsulat	m ɐ ɡ s ʊ l a t̪̚
magsumbong	m ɐ ɡ s ʊ m b o ŋ
magsunog	m ɐ ɡ s uː n̪ o ɡ̚
magsunog	m ɐ ɡ s ʊ n̪ o ɡ̚
magsuntukan	m ɐ ɡ s ʊ n̪ t̪ uː x ɐ n̪
magsuot	m ɐ ɡ s uː ʔ o t̪̚
magsuot	m ɐ ɡ s ʊ ʔ o t̪̚
magsusuka	m ɐ ɡ s uː s uː x ɐ ʔ
magsusuka	m ɐ ɡ s uː s ʊ x a
magsusuka	m ɐ ɡ s ʊ s uː x ɐ ʔ
magsusuka	m ɐ ɡ s ʊ s ʊ x a ʔ
magtaas	m ɐ ɡ t̪ aː ʔ ɐ s
magtaas	m ɐ ɡ t̪ ɐ ʔ a s
magtaban	m ɐ ɡ t̪ aː b ɐ n̪
magtae	m ɐ ɡ t̪ aː ʔ ɛ
magtae	m ɐ ɡ t̪ ɐ ʔ ɛ
magtago	m ɐ ɡ t̪ aː ɣ o ʔ
magtago	m ɐ ɡ t̪ ɐ ɣ o ʔ
magtagpo	m ɐ ɡ t̪ ɐ ɡ p o ʔ
magtagumpay	m ɐ ɡ t̪ ɐ ɣ ʊ m p a ɪ̯
magtahi	m ɐ ɡ t̪ ɐ h ɪ ʔ
magtaksil	m ɐ ɡ t̪ ɐ k s ɪ l
magtali	m ɐ ɡ t̪ aː l ɛ ʔ
magtali	m ɐ ɡ t̪ aː l ɪ ʔ
magtalik	m ɐ ɡ t̪ aː l ɪ k̚
magtalo	m ɐ ɡ t̪ aː l o
magtanan	m ɐ ɡ t̪ aː n̪ ɐ n̪
magtanda	m ɐ ɡ t̪ ɐ n̪ d̪ a ʔ
magtanggol	m ɐ ɡ t̪ ɐ ŋ ɡ o l
magtanim	m ɐ ɡ t̪ ɐ n̪ ɪ m
magtaning	m ɐ ɡ t̪ aː n̪ ɪ ŋ
magtanong	m ɐ ɡ t̪ ɐ n̪ o ŋ
magtapat	m ɐ ɡ t̪ ɐ p a t̪̚
magtapon	m ɐ ɡ t̪ aː p o n̪
magtapos	m ɐ ɡ t̪ ɐ p o s
magtarya	m ɐ ɡ t̪ ɐ ɾ j a
magtatabako	m ɐ ɡ t̪ ɐ t̪ ɐ b aː x o
magtatag	m ɐ ɡ t̪ ɐ t̪ a ɡ̚
magtataho	m ɐ ɡ t̪ ɐ t̪ ɐ h o ʔ
magtataning	m ɐ ɡ t̪ ɐ t̪ aː n̪ ɪ ŋ
magtimpi	m ɐ ɡ t̪ ɪ m p ɪ ʔ
magtimpla	m ɐ ɡ t̪ ɪ m p l a
magtinda	m ɐ ɡ t̪ ɪ n̪ d̪ a
magtinggal	m ɐ ɡ t̪ ɪ ŋ ɡ a l
magtipid	m ɐ ɡ t̪ ɪ p ɪ d̪̚
magtitinda	m a ɡ t̪ ɪ t̪ ɪ n̪ d̪ a
magtitinda	m ɐ ɡ t̪ iː t̪ ɪ n̪ d̪ a
magtrabaho	m ɐ ɡ t̪ ɾ ɐ b aː h o
magtraysikel	m ɐ ɡ t̪ ɾ a ɪ̯ s ɪ x ɛ l
magtses	m ɐ ɡ t͡s ɛ s
magtses	m ɐ ɡ t͡ʃ ɛ s
magtubig	m ɐ ɡ t̪ uː b ɪ ɡ̚
magtubig	m ɐ ɡ t̪ ʊ b ɪ ɡ̚
magtulungan	m ɐ ɡ t̪ ʊ l ʊ ŋ a n̪
magturo	m ɐ ɡ t̪ uː ɾ o ʔ
magturok	m ɐ ɡ t̪ uː ɾ o k̚
magugol	m ɐ ɣ uː ɣ o l
magugulatin	m ɐ ɣ ʊ ɣ ʊ l ɐ t̪ ɪ n̪
magugulo	m ɐ ɣ uː ɣ ʊ l o
magugulo	m ɐ ɣ ʊ ɣ ʊ l o
magugustuhan	m ɐ ɣ uː ɣ ʊ s t̪ ʊ h a n̪
magulang	m ɐ ɣ uː l ɐ ŋ
magulat	m ɐ ɣ uː l ɐ t̪̚
magulo	m ɐ ɣ ʊ l o
maguluhan	m ɐ ɣ ʊ l ʊ h a n̪
magusot	m ɐ ɣ ʊ s o t̪̚
magustuhan	m ɐ ɣ ʊ s t̪ ʊ h a n̪
magwagi	m ɐ ɡ w ɐ ɣ ɪ ʔ
magwahil	m ɐ ɡ w ɐ h ɪ l
magwala	m ɐ ɡ w ɐ l a ʔ
magwelga	m ɐ ɡ w ɛ l ɡ ɐ
magwewelga	m ɐ ɡ w ɛ w ɛ l ɡ ɐ
magwisik	m a ɡ w ɪ s ɪ k̚
magyabang	m ɐ ɡ j ɐ b a ŋ
magyangyang	m ɐ ɡ j ɐ ŋ j a ŋ
magyapak	m ɐ ɡ j ɐ p a k̚
magyasyas	m ɐ ɡ j ɐ s j a s
magyaya	m ɐ ɡ j aː j ɐ ʔ
magyelo	m ɐ ɡ j ɛː l o
magyibok	m ɐ ɡ j ɪ b o k̚
magyo	m ɐ ɡ j o
magyosi	m ɐ ɡ j oː s ɪ
magyoyo	m ɐ ɡ j oː j o ʔ
mahaba	m ɐ h aː b ɐ ʔ
mahabaan	m ɐ h ɐ b aː ʔ ɐ n̪
mahadera	m ɐ h ɐ d̪ ɛː ɾ ɐ
mahadero	m ɐ h ɐ d̪ ɛː ɾ o
mahadlika	m ɐ h ɐ d̪ l̪ ɪ x a
mahadlika	m ɐ h ɐ d̪ l̪ ɪ x a ʔ
mahaglika	m ɐ h ɐ ɡ l ɪ x a ʔ
mahahaba	m ɐ h ɐ h aː b ɐ ʔ
mahahalang	m ɐ h ɐ h aː l ɐ ŋ
mahahalay	m ɐ h ɐ h aː l a ɪ̯
mahahalimuyak	m ɐ h ɐ h ɐ l ɪ m uː j ɐ k̚
mahahapdi	m ɐ h ɐ h ɐ p d̪ ɪ ʔ
mahal	m ɐ h a l
mahalaga	m ɐ h ɐ l ɐ ɣ a
mahalang	m ɐ h aː l ɐ ŋ
mahalay	m ɐ h aː l a ɪ̯
mahalimuyak	m ɐ h ɐ l ɪ m uː j ɐ k̚
mahalin	m ɐ h ɐ l ɪ n̪
mahalumigmig	m ɐ h ɐ l ʊ m ɪ ɡ m ɪ ɡ̚
mahamog	m ɐ h ɐ m o ɡ̚
mahangin	m ɐ h aː ŋ ɪ n̪
mahapdi	m ɐ h ɐ p d̪ ɪ ʔ
maharani	m ɐ h ɐ ɾ aː n̪ ɪ
maharlika	m ɐ h a ɾ l ɪ x a
maharlika	m ɐ h ɐ ɾ l ɪ x a
maharlika	m ɐ h ɐ ɾ l ɪ x a ʔ
maharos	m ɐ h ɐ ɾ o s
maharot	m ɐ h ɐ ɾ o t̪̚
mahawas	m ɐ h ɐ w a s
mahayap	m ɐ h aː j ɐ p̚
mahayop	m ɐ h aː j o p̚
mahenta	m ɐ h ɛ n̪ t̪ ɐ
mahia	m aː h j ɐ
mahigit	m ɐ h ɪ ɣ ɪ t̪̚
mahigpit	m ɐ h ɪ ɡ p ɪ t̪̚
mahikaw	m ɐ h iː x a ʊ̯
mahilig	m ɐ h iː l ɪ ɡ̚
mahilo	m ɐ h iː l o
mahimala	m ɐ h ɪ m ɐ l a ʔ
mahiman	m ɐ h iː m ɐ n̪
mahina	m ɐ h iː n̪ ɐ ʔ
mahinahon	m ɐ h ɪ n̪ aː h o n̪
mahinala	m ɐ h ɪ n̪ aː l ɐ ʔ
mahinay	m ɐ h iː n̪ a ɪ̯
mahinhin	m ɐ h ɪ n̪ h ɪ n̪
mahirap	m ɐ h iː ɾ ɐ p̚
mahirapan	m ɐ h ɪ ɾ aː p ɐ n̪
mahistrado	m ɐ h ɪ s t̪ ɾ aː d̪ o
mahitik	m ɐ h iː t̪ ɪ k̚
mahiwaga	m ɐ h ɪ w aː ɣ ɐ ʔ
mahiya	m aː h j ɐ
mahiya	m ɐ h iː j ɐ
mahiya	m ɐ h j a ʔ
mahiyain	m ɐ h j aː ʔ ɪ n̪
mahugis	m ɐ h uː ɣ ɪ s
mahuli	m aː h uː l ɪ
mahuli	m aː h ʊ l ɪ
mahuli	m ɐ h uː l ɪ
mahuli	m ɐ h uː l ɪ ʔ
mahulog	m ɐ h uː l o ɡ̚
mahumaling	m ɐ h ʊ m ɐ l ɪ ŋ
mahusay	m ɐ h uː s a ɪ̯
mahya	m aː h j ɐ
mai	m ɐ ʔ ɪ
maibalik	m ɐ ʔ ɪ b ɐ l ɪ k̚
maibigin	m ɐ ʔ ɪ b ɪ ɣ ɪ n̪
maigi	m ɐ ʔ iː ɣ ɪ
maigsi	m ɐ ʔ ɪ ɡ s ɪ ʔ
maiitim	m ɐ ʔ ɪ ʔ ɪ t̪ ɪ m
maik	m a ɪ̯ k
maikasatuparan	m ɐ ʔ ɪ x ɐ s ɐ t̪ ʊ p aː ɾ ɐ n̪
maikli	m ɐ ʔ ɪ k l ɪ ʔ
maiksi	m ɐ ʔ ɪ k s ɪ ʔ
maiksian	m ɐ ʔ ɪ k s iː ʔ ɐ n̪
mailap	m ɐ ʔ ɪ l a p̚
maimbot	m ɐ ʔ ɪ m b o t̪̚
maimot	m ɐ ʔ iː m o t̪̚
maimpluwensiya	m ɐ ʔ ɪ m p l w ɛ n̪ s j ɐ
maimpluwensiya	m ɐ ʔ ɪ m p l w ɛ n̪ ʃ ɐ
maimpok	m ɐ ʔ ɪ m p o k̚
mainam	m ɐ ʔ iː n̪ ɐ m
maingat	m ɐ ʔ iː ŋ ɐ t̪̚
maingay	m ɐ ʔ iː ŋ a ɪ̯
mainggitin	m ɐ ʔ ɪ ŋ ɡ iː t̪ ɪ n̪
mainipin	m ɐ ʔ ɪ n̪ iː p ɪ n̪
mainis	m ɐ ʔ ɪ n̪ ɪ s
mainit	m ɐ ʔ iː n̪ ɪ t̪̚
mainsekto	m ɐ ʔ ɪ n̪ s ɛ k t̪ o
maintindihan	m aː ʔ ɪ n̪ t̪ ɪ n̪ d̪ ɪ h a n̪
maintindihan	m ɐ ʔ ɪ n̪ t̪ ɪ n̪ d̪ ɪ h a n̪
maipis	m ɐ ʔ iː p ɪ s
mairog	m ɐ ʔ iː ɾ o ɡ̚
mais	m aː ʔ ɪ s
mais	m ɐ ʔ ɪ s
maisahan	m ɐ ʔ ɪ s ɐ h a n̪
maisakatuparan	m ɐ ʔ ɪ s ɐ x ɐ t̪ ʊ p aː ɾ ɐ n̪
maisakatutuparan	m ɐ ʔ ɪ s ɐ x ɐ t̪ uː t̪ ʊ p aː ɾ ɐ n̪
maisan	m ɐ ʔ iː s ɐ n̪
maisapinal	m ɐ ʔ ɪ s ɐ p ɪ n̪ a l
maisasakatuparan	m ɐ ʔ ɪ s aː s ɐ x ɐ t̪ ʊ p aː ɾ ɐ n̪
maisip	m ɐ ʔ iː s ɪ p̚
maisto	m ɐ ʔ i s t̪ o
maitama	m ɐ ʔ ɪ t̪ aː m ɐ ʔ
maitim	m ɐ ʔ ɪ t̪ ɪ m
makaabay	m ɐ x ɐ ʔ aː b a ɪ̯
makaako	m ɐ x ɐ ʔ ɐ x o
makabago	m ɐ x ɐ b aː ɣ o
makabanghay	m ɐ x ɐ b ɐ ŋ h a ɪ̯
makabansa	m ɐ x ɐ b ɐ n̪ s a ʔ
makabasag	m ɐ x ɐ b aː s ɐ ɡ̚
makabayan	m ɐ x ɐ b aː j ɐ n̪
makabuhay	m ɐ x ɐ b uː h a ɪ̯
makabuluhan	m ɐ x ɐ b ʊ l ʊ h a n̪
makadiwa	m ɐ x ɐ d̪ iː w ɐ ʔ
makadiwari	m ɐ x ɐ d̪ ɪ w aː ɾ ɪ ʔ
makadiyos	m ɐ x ɐ d̪ j o s
makadiyos	m ɐ x ɐ d͡ʒ o s
makagawa	m ɐ x ɐ ɣ ɐ w a ʔ
makahalip	m ɐ x ɐ h ɐ l ɪ p̚
makahiya	m ɐ x ɐ h j a ʔ
makahoy	m ɐ x aː h o ɪ̯
makain	m aː x aː ʔ ɪ n̪
makain	m ɐ x aː ʔ ɪ n̪
makainan	m ɐ x ɐ ʔ iː n̪ ɐ n̪
makaitlo	m ɐ x aː ʔ ɪ t̪ l̪ o
makakain	m ɐ x ɐ x aː ʔ ɪ n̪
makakalikasan	m ɐ x ɐ x ɐ l ɪ x aː s ɐ n̪
makakalimutin	m ɐ x ɐ x ɐ l ɪ m ʊ t̪ ɪ n̪
makakaliwa	m ɐ x ɐ x ɐ l ɪ w a ʔ
makakanan	m ɐ x aː x aː n̪ ɐ n̪
makakanan	m ɐ x ɐ x aː n̪ ɐ n̪
makakaputangina	m ɐ x aː x ɐ p uː t̪ ɐ ŋ ɪ n̪ a
makakita	m ɐ x ɐ x iː t̪ ɐ
makakuha	m ɐ x ɐ x uː h ɐ
makalat	m ɐ x aː l ɐ t̪̚
makalawa	m ɐ x aː l ɐ w a
makalawa	m ɐ x ɐ l ɐ w a
makalima	m ɐ x aː l ɪ m a
makalima	m ɐ x ɐ l ɪ m a
makalimot	m ɐ x aː l iː m o t̪̚
makalimot	m ɐ x ɐ l iː m o t̪̚
makalimutan	m ɐ x ɐ l ɪ m uː t̪ ɐ n̪
makaluma	m ɐ x ɐ l uː m ɐ ʔ
makamandag	m ɐ x ɐ m ɐ n̪ d̪ a ɡ̚
makamundo	m ɐ x ɐ m ʊ n̪ d̪ o
makan	m ɐ x a n̪
makanan	m aː x aː n̪ ɐ n̪
makanan	m ɐ x aː n̪ ɐ n̪
makangalan	m ɐ x ɐ ŋ aː l ɐ n̪
makantot	m ɐ x ɐ n̪ t̪ o t̪̚
makapagpabagabag	m ɐ x ɐ p ɐ ɡ p ɐ b ɐ ɣ aː b ɐ ɡ̚
makapal	m ɐ x ɐ p a l
makapangyarihan	m ɐ x ɐ p ɐ ŋ j ɐ ɾ iː h ɐ n̪
makapuno	m ɐ x ɐ p ʊ n̪ o ʔ
makapuputangina	m ɐ x ɐ p ʊ p uː t̪ ɐ ŋ ɪ n̪ a
makaputangina	m ɐ x ɐ p uː t̪ ɐ ŋ ɪ n̪ a
makaramdam	m ɐ x ɐ ɾ ɐ m d̪ a m
makaroni	m ɐ x ɐ ɾ oː n̪ ɪ
makasagap	m ɐ x ɐ s aː ɣ ɐ p̚
makasalanan	m ɐ x ɐ s ɐ l aː n̪ ɐ n̪
makasarili	m ɐ x ɐ s ɐ ɾ iː l ɪ
makasarili	m ɐ x ɐ s ɐ ɾ ɪ l ɪ
makasaysayan	m ɐ x ɐ s a ɪ̯ s aː j ɐ n̪
makata	m ɐ x aː t̪ ɐ ʔ
makatao	m ɐ x ɐ t̪ aː ʔ o
makatapos	m ɐ x ɐ t̪ aː p o s
makatarungan	m ɐ x ɐ t̪ ɐ ɾ uː ŋ ɐ n̪
makatas	m ɐ x ɐ t̪ a s
makatatlo	m ɐ x aː t̪ ɐ t̪ l̪ o
makatatlo	m ɐ x ɐ t̪ ɐ t̪ l̪ o
makatha	m ɐ x ɐ t̪ h a ʔ
makati	m ɐ x ɐ t̪ ɪ
makati	m ɐ x ɐ t̪ ɪ ʔ
makatotohanan	m ɐ x ɐ t̪ o t̪ o h aː n̪ ɐ n̪
makatulog	m ɐ x ɐ t̪ uː l o ɡ̚
makatulog	m ɐ x ɐ t̪ ʊ l o ɡ̚
makatuwid	m ɐ x ɐ t̪ w ɪ d̪̚
makaumay	m ɐ x ɐ ʔ uː m a ɪ̯
makauri	m ɐ x ɐ ʔ uː ɾ ɪ ʔ
makausap	m ɐ x ɐ ʔ uː s ɐ p̚
makdo	m ɐ k d̪ o
makdo	m ɐ k d̪ o ʔ
makialam	m ɐ x ɪ ʔ ɐ l a m
makiapid	m ɐ x ɪ ʔ ɐ p ɪ d̪̚
makibahagi	m ɐ x ɪ b ɐ h aː ɣ ɪ
makibahagi	m ɐ x ɪ b ɐ h aː ɣ ɪ ʔ
makikain	m ɐ x ɪ x aː ʔ ɪ n̪
makikibahagi	m ɐ x iː x ɪ b ɐ h aː ɣ ɪ
makikibahagi	m ɐ x iː x ɪ b ɐ h aː ɣ ɪ ʔ
makikitid	m ɐ x ɪ x iː t̪ ɪ d̪̚
makilala	m ɐ x ɪ l aː l ɐ
makiling	m ɐ x iː l ɪ ŋ
makina	m aː x ɪ n̪ a
makinang	m ɐ x ɪ n̪ a ŋ
makinarya	m ɐ x ɪ n̪ a ɾ j ɐ
makinig	m ɐ x ɪ n̪ ɪ ɡ̚
makinilya	m ɐ x ɪ n̪ i l j ɐ
makinis	m ɐ x iː n̪ ɪ s
makinista	m ɐ x ɪ n̪ i s t̪ ɐ
makintab	m ɐ x ɪ n̪ t̪ a b̚
makipagbati	m ɐ x ɪ p ɐ ɡ b ɐ t̪ ɪ ʔ
makipagchat	m ɐ x ɪ p ɐ ɡ t͡s a t̪̚
makipagchat	m ɐ x ɪ p ɐ ɡ t͡ʃ a t̪̚
makipagkaibigan	m ɐ x ɪ p ɐ ɡ k a ɪ̯ b iː ɣ ɐ n̪
makipagkaibigan	m ɐ x ɪ p ɐ ɡ k ɐ ʔ ɪ b iː ɣ ɐ n̪
makipagkantahan	m ɐ x ɪ p ɐ ɡ k ɐ n̪ t̪ aː h ɐ n̪
makipagkantutan	m ɐ x ɪ p ɐ ɡ k ɐ n̪ t̪ uː t̪ ɐ n̪
makipagsapalaran	m ɐ x ɪ p ɐ ɡ s aː p ɐ l ɐ ɾ a n̪
makipagsuntukan	m ɐ x ɪ p ɐ ɡ s ʊ n̪ t̪ uː x ɐ n̪
makipagtalik	m ɐ x ɪ p ɐ ɡ t̪ aː l ɪ k̚
makipot	m ɐ x iː p o t̪̚
makisawsaw	m ɐ x ɪ s a ʊ̯ s a ʊ̯
makisig	m ɐ x iː s ɪ ɡ̚
makita	m aː x iː t̪ ɐ
makita	m aː x iː t̪ ɐ ʔ
makita	m ɐ x iː t̪ ɐ
makita	m ɐ x iː t̪ ɐ ʔ
makitawag	m ɐ x ɪ t̪ aː w ɐ ɡ̚
makitid	m ɐ x iː t̪ ɪ d̪̚
makitir	m ɐ x iː t̪ ɪ ɾ
makiusap	m ɐ x ɪ ʔ uː s ɐ p̚
makiuso	m ɐ x ɪ ʔ uː s o
makontento	m ɐ x o n̪ t̪ ɛ n̪ t̪ o
makopa	m ɐ x oː p ɐ
makoryente	m ɐ x o ɾ j ɛ n̪ t̪ ɛ
makoto	m ɐ x oː t̪ o
makrema	m ɐ k ɾ ɛː m ɐ
makruh	m ɐ k ɾ ʊ
maksi	m a k s ɪ
makuha	m ɐ x uː h ɐ
makuha	m ɐ x uː h ɐ ʔ
makukulay	m ɐ x ʊ x uː l a ɪ̯
makukulit	m ɐ x ʊ x ʊ l ɪ t̪̚
makulay	m ɐ x uː l a ɪ̯
makulimlim	m ɐ x ʊ l ɪ m l ɪ m
makulit	m ɐ x ʊ l ɪ t̪̚
makulog	m ɐ x ʊ l o ɡ̚
makunan	m ɐ x uː n̪ ɐ n̪
makunat	m ɐ x uː n̪ ɐ t̪̚
makuntento	m ɐ x ʊ n̪ t̪ ɛ n̪ t̪ o
makupad	m ɐ x uː p ɐ d̪̚
makuryente	m ɐ x ʊ ɾ j ɛ n̪ t̪ ɛ
makuto	m ɐ x uː t̪ o
makutsara	m ɐ x ʊ t t͡ʃ aː ɾ ɐ
makutsara	m ɐ x ʊ t t͡ʃ aː ɾ ɐ ʔ
makutsara	m ɐ x ʊ t̪ s aː ɾ ɐ
makutsara	m ɐ x ʊ t̪ s aː ɾ ɐ ʔ
makuyad	m ɐ x uː j ɐ d̪̚
makyabeliko	m ɐ k j ɐ b ɛː l ɪ x o
makyat	m ɐ k j a t̪̚
malaanonang	m ɐ l ɐ ʔ ɐ n̪ oː n̪ ɐ ŋ
malaayta	m ɐ l ɐ ʔ a ɪ̯ t̪ ɐ
malabay	m ɐ l aː b a ɪ̯
malabiga	m ɐ l ɐ b iː ɣ ɐ ʔ
malabis	m ɐ l aː b ɪ s
malabnaw	m ɐ l ɐ b n̪ a ʊ̯
malabo	m ɐ l aː b o ʔ
malabon	m ɐ l ɐ b o n̪
malabuhok	m ɐ l ɐ b ʊ h o k̚
malabuntala	m ɐ l ɐ b ʊ n̪ t̪ aː l ɐ ʔ
malagata	m ɐ l ɐ ɣ ɐ t̪ a ʔ
malagatas	m ɐ l ɐ ɣ aː t̪ ɐ s
malagim	m ɐ l ɐ ɣ ɪ m
malagkit	m ɐ l ɐ ɡ k ɪ t̪̚
malaglag	m ɐ l ɐ ɡ l a ɡ̚
malagong	m ɐ l aː ɣ o ŋ
malagwero	m ɐ l ɐ ɡ w ɛː ɾ o
malahagunot	m ɐ l ɐ h ɐ ɣ ʊ n̪ o t̪̚
malahukuman	m ɐ l ɐ h ʊ x uː m ɐ n̪
malaika	m ɐ l aː ʔ ɪ x a
malaita	m ɐ l ɐ ʔ iː t̪ ɐ
malak	m ɐ l a k̚
malakarit	m ɐ l ɐ x aː ɾ ɪ t̪̚
malakas	m ɐ l ɐ x a s
malakawayan	m ɐ l ɐ x ɐ w aː j ɐ n̪
malakeso	m ɐ l ɐ x ɛː s o
malaki	m ɐ l ɐ x ɛ
malaki	m ɐ l ɐ x ɪ
malakihan	m aː l ɐ x iː h ɐ n̪
malakihan	m ɐ l ɐ x ɪ h a n̪
malakristal	m ɐ l ɐ k ɾ ɪ s t̪ a l
malala	m ɐ l ɐ l a ʔ
malalakas	m ɐ l ɐ l ɐ x a s
malalaki	m ɐ l ɐ l ɐ x ɪ
malalandi	m aː l aː l ɐ n̪ d̪ ɪ ʔ
malalandi	m ɐ l aː l ɐ n̪ d̪ ɪ ʔ
malalandi	m ɐ l ɐ l ɐ n̪ d̪ ɪ ʔ
malalapad	m ɐ l ɐ l aː p ɐ d̪̚
malalim	m ɐ l aː l ɪ m
malalin	m ɐ l aː l ɪ n̪
malamad	m ɐ l aː m ɐ d̪̚
malaman	m aː l aː m ɐ n̪
malaman	m ɐ l aː m ɐ n̪
malaman	m ɐ l ɐ m a n̪
malamang	m ɐ l ɐ m a ŋ
malamat	m ɐ l aː m ɐ t̪̚
malambing	m ɐ l ɐ m b ɪ ŋ
malambot	m ɐ l ɐ m b o t̪̚
malamig	m ɐ l ɐ m ɪ ɡ̚
malamlam	m ɐ l ɐ m l a m
malamok	m ɐ l ɐ m o k̚
malamuyot	m ɐ l ɐ m uː j o t̪̚
malamya	m ɐ l ɐ m j a ʔ
malanasi	m ɐ l ɐ n̪ aː s ɪ ʔ
malandas	m ɐ l ɐ n̪ d̪ a s
malanday	m ɐ l ɐ n̪ d̪ a ɪ̯
malandi	m aː l ɐ n̪ d̪ ɪ ʔ
malandi	m ɐ l ɐ n̪ d̪ ɪ ʔ
malangaw	m ɐ l aː ŋ a ʊ̯
malanggam	m ɐ l ɐ ŋ ɡ a m
malangis	m ɐ l ɐ ŋ ɪ s
malansa	m ɐ l ɐ n̪ s a
malanta	m ɐ l ɐ n̪ t̪ a
malantod	m ɐ l ɐ n̪ t̪ o d̪̚
malanya	m ɐ l ɐ n ɲ a ʔ
malanya	m ɐ l ɐ n̪ j a ʔ
malaon	m ɐ l aː ʔ o n̪
malaon	m ɐ l ɐ ʔ o n̪
malapad	m ɐ l aː p ɐ d̪̚
malapatinig	m ɐ l ɐ p ɐ t̪ iː n̪ ɪ ɡ̚
malapit	m ɐ l aː p ɪ t̪̚
malapit	m ɐ l ɐ p ɪ t̪̚
malapot	m ɐ l aː p o t̪̚
malaragat	m ɐ l ɐ ɾ aː ɣ ɐ t̪̚
malaruhat	m ɐ l ɐ ɾ uː h ɐ t̪̚
malarya	m ɐ l a ɾ j ɐ
malas	m aː l ɐ s
malasa	m ɐ l aː s ɐ
malasado	m ɐ l ɐ s aː d̪ o
malasakit	m ɐ l ɐ s aː x ɪ t̪̚
malasin	m ɐ l aː s ɪ n̪
malastiga	m ɐ l ɐ s t̪ iː ɣ ɐ ʔ
malasugi	m ɐ l ɐ s uː ɣ ɪ ʔ
malaswa	m ɐ l ɐ s w a ʔ
malata	m ɐ l ɐ t̪ a ʔ
malatak	m ɐ l aː t̪ ɐ k̚
malatala	m ɐ l ɐ t̪ aː l ɐ ʔ
malati	m ɐ l ɐ t̪ ɪ ʔ
malatibig	m ɐ l ɐ t̪ ɪ b ɪ ɡ̚
malatingga	m ɐ l ɐ t̪ ɪ ŋ ɡ a ʔ
malatubig	m ɐ l ɐ t̪ uː b ɪ ɡ̚
malatubig	m ɐ l ɐ t̪ ʊ b ɪ ɡ̚
malawak	m ɐ l aː w ɐ k̚
malawakan	m ɐ l ɐ w aː x ɐ n̪
malaway	m ɐ l aː w a ɪ̯
malawig	m ɐ l aː w ɪ ɡ̚
malay	m aː l a ɪ̯
malaya	m ɐ l aː j ɐ ʔ
malayaw	m ɐ l aː j a ʊ̯
malayo	m ɐ l aː j o ʔ
malayog	m ɐ l aː j o ɡ̚
malbarosa	m ɐ l b ɐ ɾ oː s ɐ
maldita	m ɐ l d̪ iː t̪ ɐ
maldito	m ɐ l d̪ iː t̪ o
maleta	m ɐ l ɛː t̪ ɐ
mali	m aː l ɪ
mali	m ɐ l ɛ ʔ
mali	m ɐ l ɪ ʔ
malibag	m ɐ l ɪ b a ɡ̚
maliban	m aː l iː b ɐ n̪
maliban	m ɐ l iː b ɐ n̪
malibog	m ɐ l iː b o ɡ̚
malibro	m ɐ l ɪ b ɾ o
maligalig	m ɐ l ɪ ɣ aː l ɪ ɡ̚
maligamgam	m ɐ l ɪ ɣ ɐ m ɡ a m
maligat	m ɐ l iː ɣ ɐ t̪̚
maligaw	m aː l ɪ ɣ a ʊ̯
maligaw	m ɐ l ɪ ɣ a ʊ̯
maligawgaw	m ɐ l ɪ ɣ a ʊ̯ ɣ a ʊ̯
maligaya	m ɐ l ɪ ɣ aː j ɐ
maligo	m ɐ l iː ɣ o ʔ
maligoy	m ɐ l iː ɣ o ɪ̯
malihim	m ɐ l iː h ɪ m
maliit	m ɐ l iː ʔ ɪ t̪̚
maliit	m ɐ l ɪ ʔ ɪ t̪̚
maliitan	m ɐ l ɪ ʔ ɪ t̪ a n̪
maliitin	m ɐ l ɪ ʔ ɪ t̪ ɪ n̪
malik	m ɐ l ɪ k̚
malikhain	m ɐ l ɪ k h aː ʔ ɪ n̪
malikmata	m ɐ l i k m ɐ t̪ a
malikmata	m ɐ l ɪ k m aː t̪ ɐ ʔ
malikot	m ɐ l ɪ x o t̪̚
maliksi	m ɐ l ɪ k s ɪ
malikusog	m ɐ l ɪ x ʊ s o ɡ̚
malilang	m ɐ l iː l ɐ ŋ
maliliit	m ɐ l ɪ l iː ʔ ɪ t̪̚
maliliit	m ɐ l ɪ l ɪ ʔ ɪ t̪̚
malilim	m ɐ l iː l ɪ m
malilimutin	m ɐ l ɪ l ɪ m ʊ t̪ ɪ n̪
malilom	m ɐ l iː l o m
malimit	m ɐ l iː m ɪ t̪̚
malina	m ɐ l iː n̪ ɐ
malinab	m ɐ l ɪ n̪ a b̚
malinamnam	m ɐ l ɪ n̪ ɐ m n̪ a m
malinaw	m ɐ l iː n̪ a ʊ̯
malindol	m ɐ l ɪ n̪ d̪ o l
malingga	m ɐ l ɪ ŋ ɡ a
malinggit	m ɐ l ɪ ŋ ɡ ɪ t̪̚
malinis	m ɐ l iː n̪ ɪ s
malinta	m ɐ l ɪ n̪ t̪ a ʔ
malintikan	m ɐ l ɪ n̪ t̪ ɪ x a n̪
maliputo	m ɐ l ɪ p ʊ t̪ o ʔ
malis	m ɐ l ɪ s
malisa	m ɐ l iː s ɐ
malisa	m ɐ l ɪ s a ʔ
malisya	m ɐ l i s j ɐ
malisya	m ɐ l iː ʃ ɐ
malisyoso	m ɐ l ɪ s j oː s o
malisyoso	m ɐ l ɪ ʃ oː s o
maliw	m aː l ɪ ʊ̯
maliwag	m ɐ l iː w ɐ ɡ̚
maliwanag	m ɐ l ɪ w aː n̪ ɐ ɡ̚
maliyit	m ɐ l iː j ɪ t̪̚
mall	m o l
malmag	m ɐ l m a ɡ̚
maltratuhin	m ɐ l t̪ ɾ ɐ t̪ uː h ɪ n̪
malubak	m ɐ l ʊ b a k̚
malubha	m ɐ l ʊ b h a ʔ
maluho	m ɐ l uː h o
maluho	m ɐ l uː h o ʔ
malukong	m ɐ l ʊ x o ŋ
malulong	m ɐ l ʊ l o ŋ
malumanay	m ɐ l ʊ m aː n̪ a ɪ̯
malumay	m ɐ l uː m a ɪ̯
malumbay	m ɐ l ʊ m b a ɪ̯
malumot	m ɐ l uː m o t̪̚
malunggay	m ɐ l ʊ ŋ ɡ a ɪ̯
malungkot	m ɐ l ʊ ŋ k o t̪̚
maluningning	m ɐ l ʊ n̪ ɪ ŋ n̪ ɪ ŋ
malunod	m ɐ l uː n̪ o d̪̚
malupit	m ɐ l ʊ p ɪ t̪̚
malusog	m ɐ l ʊ s o ɡ̚
maluto	m ɐ l uː t̪ o ʔ
maluto	m ɐ l ʊ t̪ o ʔ
malutong	m ɐ l ʊ t̪ o ŋ
malutuan	m aː l ʊ t̪ ʊ ʔ a n̪
malutuan	m ɐ l ʊ t̪ uː ʔ ɐ n̪
maluwag	m ɐ l w a ɡ̚
maluwalhati	m ɐ l w ɐ l h aː t̪ ɪ ʔ
maluwang	m ɐ l w a ŋ
maluwat	m ɐ l w a t̪̚
malware	m a l w e ɪ̯ ɾ
mam	m a m
mama	m a m a
mama	m aː m ɐ
mama	m aː m ɐ ʔ
mama	m ɐ m a
mama	m ɐ m a ʔ
mamad	m ɐ m a d̪̚
mamaga	m ɐ m ɐ ɣ a ʔ
mamagitan	m ɐ m ɐ ɣ iː t̪ ɐ n̪
mamahagi	m ɐ m ɐ h aː ɣ ɪ
mamahagi	m ɐ m ɐ h aː ɣ ɪ ʔ
mamahalin	m aː m ɐ h aː l ɪ n̪
mamahalin	m aː m ɐ h ɐ l ɪ n̪
mamahayag	m aː m ɐ h ɐ j a ɡ̚
mamahayag	m ɐ m ɐ h ɐ j a ɡ̚
mamak	m ɐ m a k̚
mamakaitlo	m aː m ɐ x ɐ ʔ ɪ t̪ l̪ o
mamakyaw	m ɐ m ɐ k j a ʊ̯
mamakyu	m ɐ m a k j ʊ
mamalagi	m ɐ m ɐ l aː ɣ ɪ ʔ
mamalimos	m ɐ m ɐ l ɪ m o s
mamalis	m ɐ m ɐ l ɪ s
mamam	m aː m ɐ m
mamamahayag	m aː m ɐ m ɐ h ɐ j a ɡ̚
mamamahayag	m ɐ m aː m ɐ h ɐ j a ɡ̚
mamamahiin	m ɐ m ɐ m ɐ h iː ʔ ɪ n̪
mamamakyaw	m aː m ɐ m ɐ k j a ʊ̯
mamamakyaw	m ɐ m aː m ɐ k j a ʊ̯
mamamakyu	m ɐ m ɐ m a k j ʊ
mamamalaka	m aː m ɐ m ɐ l ɐ x a ʔ
mamamalaka	m ɐ m aː m ɐ l aː x ɐ ʔ
mamamalaka	m ɐ m aː m ɐ l ɐ x a ʔ
mamamana	m aː m ɐ m aː n̪ ɐ ʔ
mamamana	m ɐ m aː m aː n̪ ɐ
mamamana	m ɐ m aː m aː n̪ ɐ ʔ
mamamana	m ɐ m ɐ m aː n̪ ɐ
mamamana	m ɐ m ɐ m aː n̪ ɐ ʔ
mamamangka	m aː m ɐ m ɐ ŋ k a ʔ
mamamangka	m ɐ m aː m ɐ ŋ k a ʔ
mamamasyal	m aː m ɐ m ɐ s j a l
mamamasyal	m aː m ɐ m ɐ ʃ a l
mamamasyal	m ɐ m aː m ɐ s j a l
mamamasyal	m ɐ m aː m ɐ ʃ a l
mamamawid	m aː m ɐ m ɐ w ɪ d̪̚
mamamawid	m ɐ m aː m aː w ɪ d̪̚
mamamawid	m ɐ m ɐ m aː w ɪ d̪̚
mamamayad	m aː m ɐ m aː j ɐ d̪̚
mamamayad	m aː m ɐ m ɐ j a d̪̚
mamamayan	m aː m ɐ m ɐ j a n̪
mamanata	m ɐ m ɐ n̪ aː t̪ ɐ ʔ
mamanginoon	m ɐ m ɐ ŋ ɪ n̪ o ʔ o n̪
mamanginoon	m ɐ m ɐ ŋ ɪ n̪ oː ʔ o n̪
mamangka	m ɐ m ɐ ŋ k a ʔ
mamanglaw	m ɐ m ɐ n̪ l a ʊ̯
mamanhikan	m ɐ m ɐ n̪ h iː x ɐ n̪
mamanlaw	m ɐ m ɐ n̪ l a ʊ̯
mamantog	m ɐ m ɐ n̪ t̪ o ɡ̚
mamaraka	m ɐ m ɐ ɾ aː x ɐ
mamarcosin	m ɐ m a ɾ k o s ɪ n̪
mamaril	m ɐ m ɐ ɾ ɪ l
mamasa	m ɐ m ɐ s a ʔ
mamasada	m ɐ m ɐ s aː d̪ ɐ
mamasan	m aː m ɐ s a n̪
mamasang	m aː m ɐ s a ŋ
mamasko	m ɐ m ɐ s k o
mamasura	m ɐ m ɐ s uː ɾ ɐ
mamataan	m ɐ m ɐ t̪ ɐ ʔ a n̪
mamatay	m ɐ m ɐ t̪ a ɪ̯
mamatayan	m ɐ m ɐ t̪ ɐ j a n̪
mamaw	m aː m a ʊ̯
mamawid	m ɐ m aː w ɪ d̪̚
mamay	m aː m a ɪ̯
mamay	m ɐ m a ɪ̯
mamaya	m aː m ɐ j a ʔ
mamaya	m ɐ m ɐ j a ʔ
mamayawang	m ɐ m ɐ j ɐ w a ŋ
mamaywang	m ɐ m a ɪ̯ w a ŋ
mamaywang	m ɐ m ɛː w ɐ ŋ
mambabae	m ɐ m b ɐ b aː ʔ ɛ
mambabalarila	m ɐ m b ɐ b ɐ l ɐ ɾ iː l ɐ ʔ
mambabalarila	m ɐ m b ɐ b ɐ l ɐ ɾ ɪ l a ʔ
mambabarang	m a m b ɐ b aː ɾ ɐ ŋ
mambabatas	m ɐ m b ɐ b aː t̪ ɐ s
mambabatas	m ɐ m b ɐ b ɐ t̪ a s
mambibinyag	m ɐ m b ɪ b ɪ n ɲ a ɡ̚
mambibinyag	m ɐ m b ɪ b ɪ n̪ j a ɡ̚
mambiktima	m ɐ m b i k t̪ ɪ m a
mambobola	m ɐ m b o b oː l ɐ
mamboboso	m ɐ m b o b oː s o
mambola	m ɐ m b oː l ɐ
mamboso	m ɐ m b oː s o
mambugaw	m ɐ m b uː ɣ a ʊ̯
mambulahaw	m ɐ m b ʊ l aː h a ʊ̯
mambuwisit	m ɐ m b w iː s ɪ t̪̚
mameluko	m ɐ m ɛ l uː x o
mamersonal	m ɐ m ɛ ɾ s o n̪ a l
mamewang	m ɐ m ɛː w ɐ ŋ
mami	m aː m ɪ
mamigay	m ɐ m ɪ ɣ a ɪ̯
mamihasa	m ɐ m ɪ h aː s ɐ
mamihasa	m ɐ m ɪ h aː s ɐ ʔ
mamili	m ɐ m iː l ɪ ʔ
mamili	m ɐ m ɪ l ɪ
mamilis	m ɐ m ɪ l ɪ s
mamiloko	m ɐ m ɪ l oː x o
mamiluko	m ɐ m ɪ l uː x o
mamimili	m aː m ɪ m iː l ɪ
mamimili	m aː m ɪ m ɪ l ɪ
mamimili	m ɐ m iː m iː l ɪ ʔ
mamimili	m ɐ m iː m ɪ l ɪ
mamimili	m ɐ m ɪ m iː l ɪ ʔ
mamiminyag	m aː m ɪ m ɪ n ɲ a ɡ̚
mamiminyag	m aː m ɪ m ɪ n̪ j a ɡ̚
mamingwit	m ɐ m ɪ ŋ w ɪ t̪̚
mamintog	m ɐ m ɪ n̪ t̪ o ɡ̚
mamirata	m ɐ m ɪ ɾ aː t̪ ɐ
mamituin	m ɐ m ɪ t̪ uː ʔ ɪ n̪
mamituin	m ɐ m ɪ t̪ w ɪ n̪
mamitwin	m ɐ m ɪ t̪ w ɪ n̪
mamolitika	m ɐ m o l iː t̪ ɪ x a
mamon	m ɐ m o n̪
mamser	m a m s ɛ ɾ
mamsir	m a m s ə ɹ
mamsir	m a m s ɛ ɾ
mamugad	m ɐ m uː ɣ ɐ d̪̚
mamugot	m ɐ m uː ɣ o t̪̚
mamuhay	m ɐ m uː h a ɪ̯
mamuhunan	m ɐ m ʊ h uː n̪ ɐ n̪
mamula	m ɐ m uː l ɐ ʔ
mamula	m ɐ m ʊ l a
mamulaklak	m ɐ m ʊ l ɐ k l a k̚
mamulias	m ɐ m ʊ l iː ʔ ɐ s
mamulias	m ɐ m ʊ l ɪ ʔ a s
mamulis	m ɐ m ʊ l ɪ s
mamulitika	m ɐ m ʊ l iː t̪ ɪ x a
mamumuhunan	m aː m ʊ m ʊ h uː n̪ ɐ n̪
mamumuhunan	m aː m ʊ m ʊ h ʊ n̪ a n̪
mamumuhunan	m ɐ m uː m ʊ h uː n̪ ɐ n̪
mamumukyot	m aː m ʊ m ʊ k j o t̪̚
mamumukyot	m ɐ m ʊ m ʊ k j o t̪̚
mamumuna	m aː m ʊ m ʊ n̪ a
mamumuna	m ɐ m uː m ʊ n̪ a
mamumundok	m aː m ʊ m ʊ n̪ d̪ o k̚
mamumundok	m ɐ m uː m ʊ n̪ d̪ o k̚
mamumuro	m ɐ m uː m uː ɾ o
mamumuro	m ɐ m ʊ m uː ɾ o
mamumuslit	m aː m ʊ m ʊ s l ɪ t̪̚
mamumuyat	m aː m ʊ m ʊ j a t̪̚
mamumuyat	m ɐ m uː m uː j ɐ t̪̚
mamumuyat	m ɐ m ʊ m uː j ɐ t̪̚
mamuna	m ɐ m ʊ n̪ a
mamundok	m ɐ m ʊ n̪ d̪ o k̚
mamunga	m ɐ m uː ŋ ɐ
mamupo	m ɐ m ʊ p o ʔ
mamura	m aː m uː ɾ ɐ
mamura	m ɐ m uː ɾ ɐ
mamuro	m ɐ m uː ɾ o
mamuti	m ɐ m ʊ t̪ ɪ ʔ
mamutla	m ɐ m ʊ t̪ l̪ a ʔ
mamuyat	m ɐ m uː j ɐ t̪̚
man	m a n̪
mana	m aː n̪ ɐ
manabotahe	m ɐ n̪ ɐ b o t̪ aː h ɛ
manabunot	m ɐ n̪ ɐ b uː n̪ o t̪̚
manadyer	m aː n̪ ɐ d d͡ʒ ə ɹ
manadyer	m aː n̪ ɐ d d͡ʒ ɛ ɾ
manadyer	m aː n̪ ɐ d̪ j ə ɹ
manadyer	m aː n̪ ɐ d̪ j ɛ ɾ
managalog	m ɐ n̪ ɐ ɣ aː l o ɡ̚
managinip	m ɐ n̪ ɐ ɣ iː n̪ ɪ p̚
managot	m ɐ n̪ ɐ ɣ o t̪̚
manahan	m ɐ n̪ aː h ɐ n̪
manahimik	m ɐ n̪ ɐ h iː m ɪ k̚
manaig	m ɐ n̪ ɐ ʔ ɪ ɡ̚
manainga	m ɐ n̪ a ɪ̯ ŋ a
manainga	m ɐ n̪ ɐ ʔ iː ŋ ɐ
manainga	m ɐ n̪ ɛː ŋ ɐ
manakal	m ɐ n̪ ɐ x a l
manakawan	m ɐ n̪ ɐ x aː w ɐ n̪
manakit	m ɐ n̪ ɐ x ɪ t̪̚
manakmal	m ɐ n̪ ɐ k m a l
manalamin	m ɐ n̪ ɐ l ɐ m ɪ n̪
manalangin	m ɐ n̪ ɐ l aː ŋ ɪ n̪
manalikod	m ɐ n̪ ɐ l iː x o d̪̚
manalo	m ɐ n̪ aː l o
manamantala	m ɐ n̪ ɐ m ɐ n̪ t̪ ɐ l a
manamit	m ɐ n̪ ɐ m ɪ t̪̚
mananagalog	m aː n̪ ɐ n̪ ɐ ɣ ɐ l o ɡ̚
mananagalog	m ɐ n̪ aː n̪ ɐ ɣ aː l o ɡ̚
mananagwan	m aː n̪ ɐ n̪ ɐ ɡ w a n̪
mananahi	m ɐ n̪ aː n̪ ɐ h ɪ ʔ
mananahi	m ɐ n̪ ɐ n̪ aː h ɪ ʔ
mananakay	m ɐ n̪ ɐ n̪ aː x a ɪ̯
mananakop	m aː n̪ ɐ n̪ aː x o p̚
mananakop	m ɐ n̪ aː n̪ aː x o p̚
mananakop	m ɐ n̪ ɐ n̪ aː x o p̚
mananalamangka	m aː n̪ ɐ n̪ ɐ l ɐ m ɐ ŋ k a
mananaliksik	m aː n̪ ɐ n̪ ɐ l ɪ k s ɪ k̚
mananaliksik	m ɐ n̪ aː n̪ ɐ l ɪ k s ɪ k̚
mananaliksik	m ɐ n̪ ɐ n̪ ɐ l ɪ k s ɪ k̚
mananalita	m ɐ n̪ aː n̪ ɐ l ɪ t̪ a ʔ
mananalita	m ɐ n̪ ɐ n̪ ɐ l ɪ t̪ a ʔ
mananalo	m aː n̪ ɐ n̪ ɐ l o
mananalo	m ɐ n̪ ɐ n̪ aː l o
mananamantala	m ɐ n̪ aː n̪ ɐ m ɐ n̪ t̪ ɐ l a
mananamba	m aː n̪ ɐ n̪ ɐ m b a
manananaysay	m aː n̪ ɐ n̪ ɐ n̪ a ɪ̯ s a ɪ̯
manananggal	m ɐ n̪ ɐ n̪ ɐ ŋ ɡ a l
manananghalian	m ɐ n̪ aː n̪ ɐ ŋ h ɐ l iː ʔ ɐ n̪
manananim	m aː n̪ ɐ n̪ aː n̪ ɪ m
manananim	m aː n̪ ɐ n̪ ɐ n̪ ɪ m
mananawid	m aː n̪ ɐ n̪ aː w ɪ d̪̚
mananayaw	m ɐ n̪ ɐ n̪ aː j a ʊ̯
manang	m aː n̪ ɐ ŋ
mananghalian	m ɐ n̪ ɐ ŋ h ɐ l iː ʔ ɐ n̪
manapa	m ɐ n̪ ɐ p a
manapak	m ɐ n̪ ɐ p a k̚
manariwa	m ɐ n̪ ɐ ɾ iː w ɐ ʔ
manatili	m ɐ n̪ ɐ t̪ iː l ɪ
manatili	m ɐ n̪ ɐ t̪ iː l ɪ ʔ
manawa	m ɐ n̪ aː w ɐ ʔ
manawagan	m ɐ n̪ ɐ w aː ɣ ɐ n̪
mandadagat	m ɐ n̪ d̪ ɐ d̪ ɐ ɣ a t̪̚
mandadagitab	m ɐ n̪ d̪ ɐ d̪ ɐ ɣ iː t̪ ɐ b̚
mandadangkal	m ɐ n̪ d̪ ɐ d̪ ɐ ŋ k a l
mandambong	m ɐ n̪ d̪ ɐ m b o ŋ
mandamiyento	m ɐ n̪ d̪ ɐ m j ɛ n̪ t̪ o
mandamyento	m ɐ n̪ d̪ ɐ m j ɛ n̪ t̪ o
mandaragat	m ɐ n̪ d̪ ɐ ɾ ɐ ɣ a t̪̚
mandaragit	m a n̪ d̪ ɐ ɾ ɐ ɣ ɪ t̪̚
mandaragit	m ɐ n̪ d̪ aː ɾ aː ɣ ɪ t̪̚
mandaragit	m ɐ n̪ d̪ ɐ ɾ aː ɣ ɪ t̪̚
mandaragitab	m ɐ n̪ d̪ ɐ ɾ ɐ ɣ iː t̪ ɐ b̚
mandarambong	m ɐ n̪ d̪ aː ɾ ɐ m b o ŋ
mandarambong	m ɐ n̪ d̪ ɐ ɾ ɐ m b o ŋ
mandaraya	m a n̪ d̪ ɐ ɾ aː j ɐ ʔ
mandaraya	m ɐ n̪ d̪ aː ɾ aː j ɐ ʔ
mandaraya	m ɐ n̪ d̪ ɐ ɾ aː j ɐ ʔ
mandato	m ɐ n̪ d̪ aː t̪ o
mandatoryo	m ɐ n̪ d̪ ɐ t̪ o ɾ j o
mandila	m ɐ n̪ d̪ iː l ɐ ʔ
mandin	m ɐ n̪ d̪ ɪ n̪
mandirigma	m ɐ n̪ d̪ ɪ ɾ ɪ ɡ m a ʔ
mandolina	m ɐ n̪ d̪ o l iː n̪ ɐ
mandukot	m ɐ n̪ d̪ uː x o t̪̚
mandurukot	m ɐ n̪ d̪ ʊ ɾ uː x o t̪̚
manedyer	m aː n̪ ɛ d d͡ʒ ə ɹ
manedyer	m aː n̪ ɛ d d͡ʒ ɛ ɾ
manedyer	m aː n̪ ɛ d̪ j ə ɹ
manedyer	m aː n̪ ɛ d̪ j ɛ ɾ
maneho	m ɐ n̪ ɛː h o
mang	m a ŋ
manga	m ɐ ŋ a
mangabayo	m ɐ ŋ ɐ b aː j o
mangagat	m ɐ ŋ ɐ ɣ a t̪̚
mangahas	m ɐ ŋ ɐ h a s
mangaibigan	m ɐ ŋ a ɪ̯ b iː ɣ ɐ n̪
mangaibigan	m ɐ ŋ ɐ ʔ ɪ b iː ɣ ɐ n̪
mangailangan	m ɐ ŋ a ɪ̯ l aː ŋ ɐ n̪
mangailangan	m ɐ ŋ ɐ ʔ ɪ l aː ŋ ɐ n̪
mangako	m ɐ ŋ aː x o ʔ
mangalabasa	m ɐ ŋ ɐ l ɐ b aː s ɐ
mangalabit	m ɐ ŋ ɐ l ɐ b ɪ t̪̚
mangalakal	m ɐ ŋ ɐ l aː x ɐ l
mangalandakan	m ɐ ŋ ɐ l ɐ n̪ d̪ aː x ɐ n̪
mangalay	m ɐ ŋ aː l a ɪ̯
mangaligkig	m ɐ ŋ ɐ l ɪ ɡ k ɪ ɡ̚
mangalimbawa	m ɐ ŋ ɐ l ɪ m b aː w ɐ ʔ
mangaliwa	m ɐ ŋ ɐ l ɪ w a ʔ
mangaluluwa	m ɐ ŋ aː l ʊ l w a
mangalunya	m ɐ ŋ aː l ʊ n ɲ a ʔ
mangalunya	m ɐ ŋ aː l ʊ n̪ j a ʔ
mangalunya	m ɐ ŋ ɐ l ʊ n ɲ a ʔ
mangalunya	m ɐ ŋ ɐ l ʊ n̪ j a ʔ
mangamba	m ɐ ŋ ɐ m b a
mangamkam	m ɐ ŋ ɐ m k a m
mangamote	m ɐ ŋ ɐ m oː t̪ ɛ
mangamoy	m ɐ ŋ ɐ m o ɪ̯
mangampanya	m ɐ ŋ ɐ m p a n̪ j ɐ
mangampanya	m ɐ ŋ ɐ m p aː ɲ ɐ
mangampanya	m ɐ ŋ ɐ m p ɐ n ɲ a
mangampanya	m ɐ ŋ ɐ m p ɐ n̪ j a
manganak	m ɐ ŋ ɐ n̪ a k̚
mangangabayo	m aː ŋ ɐ ŋ ɐ b ɐ j o
mangangabayo	m ɐ ŋ aː ŋ ɐ b aː j o
mangangailangan	m ɐ ŋ ɐ ŋ a ɪ̯ l aː ŋ ɐ n̪
mangangailangan	m ɐ ŋ ɐ ŋ ɐ ʔ ɪ l aː ŋ ɐ n̪
mangangalakal	m aː ŋ ɐ ŋ ɐ l ɐ x a l
mangangalakal	m ɐ ŋ ɐ ŋ ɐ l aː x ɐ l
mangangaral	m aː ŋ ɐ ŋ aː ɾ ɐ l
mangangaral	m aː ŋ ɐ ŋ ɐ ɾ a l
mangangaral	m ɐ ŋ aː ŋ aː ɾ ɐ l
mangangaral	m ɐ ŋ ɐ ŋ aː ɾ ɐ l
mangangarit	m aː ŋ ɐ ŋ aː ɾ ɪ t̪̚
mangangaso	m ɐ ŋ ɐ ŋ aː s o
mangangatha	m aː ŋ ɐ ŋ ɐ t̪ h a ʔ
mangapitbahay	m ɐ ŋ aː p ɪ t̪ b aː h a ɪ̯
mangaral	m ɐ ŋ aː ɾ ɐ l
mangarap	m ɐ ŋ aː ɾ ɐ p̚
mangarnap	m ɐ ŋ a ɾ n̪ ɐ p̚
mangaroling	m ɐ ŋ aː ɾ o l ɪ ŋ
mangasambahay	m ɐ ŋ ɐ s ɐ m b aː h a ɪ̯
mangasambahay	m ɐ ŋ ɐ s ɐ m b ɐ h a ɪ̯
mangaso	m ɐ ŋ aː s o
mangatal	m ɐ ŋ ɐ t̪ a l
mangawit	m ɐ ŋ aː w ɪ t̪̚
mangayaw	m ɐ ŋ ɐ j a ʊ̯
mangga	m ɐ ŋ ɡ a
manggadya	m ɐ ŋ ɡ ɐ d d͡ʒ a ʔ
manggadya	m ɐ ŋ ɡ ɐ d̪ j a ʔ
manggagamit	m ɐ ŋ ɡ aː ɣ aː m ɪ t̪̚
manggagamit	m ɐ ŋ ɡ ɐ ɣ aː m ɪ t̪̚
manggagamot	m ɐ ŋ ɡ aː ɣ ɐ m o t̪̚
manggagamot	m ɐ ŋ ɡ ɐ ɣ aː m o t̪̚
manggagamot	m ɐ ŋ ɡ ɐ ɣ ɐ m o t̪̚
manggagantso	m ɐ ŋ ɡ ɐ ɣ a n̪ t͡s o
manggagantso	m ɐ ŋ ɡ ɐ ɣ a n̪ t͡ʃ o
manggagapas	m ɐ ŋ ɡ ɐ ɣ aː p ɐ s
manggagawa	m ɐ ŋ ɡ ɐ ɣ aː w ɐ ʔ
manggagawa	m ɐ ŋ ɡ ɐ ɣ ɐ w a ʔ
manggahan	m ɐ ŋ ɡ aː h ɐ n̪
manggamot	m ɐ ŋ ɡ ɐ m o t̪̚
manggantso	m ɐ ŋ ɡ a n̪ t͡s o
manggantso	m ɐ ŋ ɡ a n̪ t͡ʃ o
manggas	m ɐ ŋ ɡ a s
manggigitara	m a ŋ ɡ ɪ ɣ ɪ t̪ ɐ ɾ a
manggigitara	m ɐ ŋ ɡ iː ɣ ɪ t̪ aː ɾ ɐ
manggostan	m ɐ ŋ ɡ o s t̪ a n̪
manggugupit	m a ŋ ɡ ʊ ɣ ʊ p ɪ t̪̚
manggugupit	m ɐ ŋ ɡ ʊ ɣ uː p ɪ t̪̚
manggugupit	m ɐ ŋ ɡ ʊ ɣ ʊ p ɪ t̪̚
manggulo	m ɐ ŋ ɡ ʊ l o
manggustan	m ɐ ŋ ɡ ʊ s t̪ a n̪
manggustin	m a ŋ ɡ ʊ s t̪ ɪ n̪
manggustin	m ɐ ŋ ɡ ʊ s t̪ ɪ n̪
mangha	m ɐ ŋ h a ʔ
manghahabi	m ɐ ŋ h ɐ h aː b ɪ
manghahasa	m ɐ ŋ h ɐ h aː s ɐ ʔ
manghahawa	m ɐ ŋ h aː h aː w ɐ
manghahawa	m ɐ ŋ h aː h aː w ɐ ʔ
manghahawa	m ɐ ŋ h ɐ h aː w ɐ
manghahawa	m ɐ ŋ h ɐ h aː w ɐ ʔ
manghal	m ɐ ŋ h a l
manghalik	m ɐ ŋ h ɐ l ɪ k̚
manghaw	m ɐ ŋ h a ʊ̯
manghawa	m ɐ ŋ h aː w ɐ
manghawa	m ɐ ŋ h aː w ɐ ʔ
manghihilot	m ɐ ŋ h ɪ h iː l o t̪̚
manghihipo	m ɐ ŋ h iː h iː p o ʔ
manghihipo	m ɐ ŋ h ɪ h iː p o ʔ
manghimasok	m ɐ ŋ h ɪ m aː s o k̚
manghingi	m ɐ ŋ h ɪ ŋ ɪ ʔ
mangholdap	m ɐ ŋ h o l d̪ ɐ p̚
manghuhula	m ɐ ŋ h uː h uː l ɐ ʔ
manghuhula	m ɐ ŋ h ʊ h uː l ɐ ʔ
manghula	m ɐ ŋ h uː l ɐ ʔ
manghusga	m ɐ ŋ h ʊ s ɡ a
manghuthot	m ɐ ŋ h ʊ t̪ h o t̪̚
mangibabaw	m ɐ ŋ ɪ b aː b a ʊ̯
mangikil	m ɐ ŋ iː x ɪ l
mangilabot	m ɐ ŋ ɪ l aː b o t̪̚
mangilin	m ɐ ŋ iː l ɪ n̪
mangilin	m ɐ ŋ ɪ l ɪ n̪
mangiliti	m ɐ ŋ ɪ l ɪ t̪ ɪ ʔ
mangimayiw	m ɐ ŋ ɪ m aː j ɪ ʊ̯
mangimayo	m ɐ ŋ ɪ m aː j o
mangimi	m ɐ ŋ ɪ m ɪ
manginginom	m aː ŋ ɪ ŋ iː n̪ o m
mangingisda	m aː ŋ ɪ ŋ ɪ s d̪ a ʔ
mangingisda	m ɐ ŋ iː ŋ ɪ s d̪ a ʔ
mangingitlog	m aː ŋ ɪ ŋ ɪ t̪ l̪ o ɡ̚
mangingitlog	m ɐ ŋ iː ŋ ɪ t̪ l̪ o ɡ̚
manginsulto	m ɐ ŋ ɪ n̪ s u l t̪ o
mangisay	m ɐ ŋ ɪ s a ɪ̯
mangisda	m ɐ ŋ ɪ s d̪ a ʔ
mangitim	m ɐ ŋ ɪ t̪ ɪ m
mangitlog	m ɐ ŋ ɪ t̪ l̪ o ɡ̚
mangjombags	m ɐ n̪ d̪ j o m b ɐ ɡ s
mangjombags	m ɐ n̪ d͡ʒ o m b ɐ ɡ s
mangjumbag	m ɐ n̪ d̪ j u m b ɐ ɡ̚
mangjumbag	m ɐ n̪ d͡ʒ u m b ɐ ɡ̚
mangkakalot	m ɐ ŋ k ɐ x ɐ l o t̪̚
mangkarnap	m ɐ ŋ k a ɾ n̪ ɐ p̚
mangkok	m ɐ ŋ k o k̚
mangkomunidad	m ɐ ŋ k o m ʊ n̪ ɪ d̪ a d̪̚
mangkukulam	m ɐ ŋ k ʊ x uː l ɐ m
mangkumunidad	m ɐ ŋ k ʊ m ʊ n̪ ɪ d̪ a d̪̚
mangmang	m ɐ ŋ m a ŋ
mangmolestiya	m ɐ ŋ m o l ɛ s t̪ j ɐ
mangmolestiya	m ɐ ŋ m o l ɛ s t͡ʃ ɐ
mangobra	m ɐ ŋ o b ɾ a
mangobra	m ɐ ŋ oː b ɾ ɐ
mangomisyon	m ɐ ŋ o m ɪ s j o n̪
mangomisyon	m ɐ ŋ o m ɪ ʃ o n̪
mangopya	m ɐ ŋ o p j ɐ
mangubra	m ɐ ŋ ʊ b ɾ a
mangudyok	m ɐ ŋ ʊ d d͡ʒ o k̚
mangudyok	m ɐ ŋ ʊ d̪ j o k̚
manguha	m ɐ ŋ uː h ɐ
mangulangot	m ɐ ŋ ʊ l aː ŋ o t̪̚
mangulit	m ɐ ŋ ʊ l ɪ t̪̚
manguna	m ɐ ŋ uː n̪ ɐ
mangupit	m ɐ ŋ uː p ɪ t̪̚
mangutang	m ɐ ŋ uː t̪ ɐ ŋ
mangwika	m ɐ ŋ w iː x ɐ ʔ
mangyari	m ɐ ŋ j aː ɾ ɪ
manhid	m ɐ n̪ h ɪ d̪̚
manhik	m ɐ n̪ h ɪ k̚
mani	m ɐ n̪ ɪ
mani	m ɐ n̪ ɪ ʔ
maniba	m ɐ n̪ ɪ b a
manibalang	m aː n̪ ɪ b ɐ l a ŋ
manibalang	m ɐ n̪ ɪ b ɐ l a ŋ
manibela	m ɐ n̪ ɪ b ɛː l ɐ
manidyer	m aː n̪ ɪ d d͡ʒ ə ɹ
manidyer	m aː n̪ ɪ d d͡ʒ ɛ ɾ
manidyer	m aː n̪ ɪ d̪ j ə ɹ
manidyer	m aː n̪ ɪ d̪ j ɛ ɾ
manigarilyo	m ɐ n̪ ɪ ɣ ɐ ɾ i l j o
manigas	m ɐ n̪ ɪ ɣ a s
manigaw	m ɐ n̪ ɪ ɣ a ʊ̯
manigo	m ɐ n̪ iː ɣ o ʔ
manik	m aː n̪ ɪ k̚
manika	m ɐ n̪ iː x ɐ ʔ
manikin	m ɐ n̪ ɪ x ɪ n̪
manikip	m ɐ n̪ ɪ x ɪ p̚
manikurista	m ɐ n̪ ɪ x ʊ ɾ i s t̪ ɐ
manila	m ɐ n̪ iː l ɐ ʔ
manilaw	m ɐ n̪ ɪ l a ʊ̯
manilililok	m ɐ n̪ ɪ l ɪ l iː l o k̚
manilip	m ɐ n̪ iː l ɪ p̚
manilong	m ɐ n̪ iː l o ŋ
manimot	m ɐ n̪ ɪ m o t̪̚
manindak	m ɐ n̪ ɪ n̪ d̪ a k̚
manindigan	m ɐ n̪ ɪ n̪ d̪ iː ɣ ɐ n̪
maningas	m ɐ n̪ iː ŋ ɐ s
maningil	m ɐ n̪ ɪ ŋ ɪ l
maniniil	m aː n̪ ɪ n̪ ɪ ʔ ɪ l
maniningil	m aː n̪ ɪ n̪ iː ŋ ɪ l
maniningil	m ɐ n̪ iː n̪ ɪ ŋ ɪ l
maninipnay	m aː n̪ ɪ n̪ ɪ p n̪ a ɪ̯
maniniro	m ɐ n̪ ɪ n̪ iː ɾ o
maniniwala	m ɐ n̪ iː n̪ ɪ w aː l ɐ ʔ
maniniyot	m ɐ n̪ ɪ n̪ j o t̪̚
maniniyot	m ɐ n̪ ɪ ɲ o t̪̚
maniobra	m ɐ n ɲ oː b ɾ ɐ
maniobra	m ɐ n̪ j oː b ɾ ɐ
maniobra	m ɐ n̪ ɪ ʔ oː b ɾ ɐ
manipis	m ɐ n̪ ɪ p ɪ s
manipula	m ɐ n̪ ɪ p ʊ l a
manipulahin	m ɐ n̪ ɪ p ʊ l ɐ h ɪ n̪
manirahan	m ɐ n̪ ɪ ɾ aː h ɐ n̪
manisi	m ɐ n̪ iː s ɪ
maniwala	m ɐ n̪ ɪ w aː l ɐ ʔ
mankomunidad	m ɐ ŋ k o m ʊ n̪ ɪ d̪ a d̪̚
mankumunidad	m ɐ ŋ k ʊ m ʊ n̪ ɪ d̪ a d̪̚
manlaban	m ɐ n̪ l ɐ b a n̪
manlait	m ɐ n̪ l aː ʔ ɪ t̪̚
manlalakbay	m ɐ n̪ l ɐ l ɐ k b a ɪ̯
manlalaro	m ɐ n̪ l ɐ l aː ɾ o ʔ
manlalaro	m ɐ n̪ l ɐ l ɐ ɾ o ʔ
manlamang	m ɐ n̪ l ɐ m a ŋ
manlibak	m ɐ n̪ l ɪ b a k̚
manligaw	m ɐ n̪ l iː ɣ a ʊ̯
manliligaw	m ɐ n̪ l iː l iː ɣ a ʊ̯
manliligaw	m ɐ n̪ l ɪ l iː ɣ a ʊ̯
manlililok	m ɐ n̪ l ɪ l iː l o k̚
manlilimwad	m a n̪ l ɪ l ɪ m w a d̪̚
manlilingkis	m ɐ n̪ l ɪ l ɪ ŋ k ɪ s
manlilipad	m ɐ n̪ l ɪ l ɪ p a d̪̚
manlilirip	m ɐ n̪ l ɪ l ɪ ɾ ɪ p̚
manlimos	m ɐ n̪ l ɪ m o s
manlisik	m ɐ n̪ l iː s ɪ k̚
manloko	m ɐ n̪ l oː x o
manloloko	m ɐ n̪ l o l oː x o
manloob	m ɐ n̪ l o ʔ o b̚
manman	m ɐ n̪ m a n̪
mano	m aː n̪ o
manok	m ɐ n̪ o k̚
manong	m aː n̪ o ŋ
manonood	m aː n̪ o n̪ o ʔ o d̪̚
manonood	m ɐ n̪ oː n̪ o ʔ o d̪̚
manood	m ɐ n̪ o ʔ o d̪̚
manood	m ɐ n̪ oː ʔ o d̪̚
manoy	m ɐ n̪ o ɪ̯
mansa	m ɐ n̪ s a
mansanas	m ɐ n̪ s aː n̪ ɐ s
mansanitas	m ɐ n̪ s ɐ n̪ iː t̪ ɐ s
mansari	m a n̪ s ɐ ɾ ɪ
mansigit	m ɐ n̪ s iː ɣ ɪ t̪̚
mansiyon	m ɐ n̪ s j o n̪
mansiyon	m ɐ n̪ ʃ o n̪
mansusugnay	m ɐ n̪ s ʊ s u ɡ n̪ a ɪ̯
mansyon	m ɐ n̪ s j o n̪
mansyon	m ɐ n̪ ʃ o n̪
manta	m a n̪ t̪ ɐ
mantala	m ɐ n̪ t̪ aː l ɐ
mantala	m ɐ n̪ t̪ aː l ɐ ʔ
mantala	m ɐ n̪ t̪ ɐ l a
mantekado	m ɐ n̪ t̪ ɛ x aː d̪ o
mantekilya	m ɐ n̪ t̪ ɛ x i l j ɐ
mantene	m ɐ n̪ t̪ ɛ n̪ ɛ
mantenedor	m ɐ n̪ t̪ ɛ n̪ ɛ d̪ o ɾ
mantika	m ɐ n̪ t̪ iː x ɐ ʔ
mantikilya	m ɐ n̪ t̪ ɪ x i l j ɐ
mantilya	m ɐ n̪ t̪ i l j ɐ
mantini	m ɐ n̪ t̪ ɪ n̪ ɪ
mantinimyento	m ɐ n̪ t̪ ɪ n̪ ɪ m j ɛ n̪ t̪ o
manton	m ɐ n̪ t̪ o n̪
mantsa	m ɐ n̪ t͡s a
mantsa	m ɐ n̪ t͡ʃ a
mantsari	m a n̪ t̪ s ɐ ɾ ɪ
manubalang	m aː n̪ ʊ b ɐ l a ŋ
manubalang	m ɐ n̪ ʊ b ɐ l a ŋ
manubig	m ɐ n̪ ʊ b ɪ ɡ̚
manugang	m ɐ n̪ uː ɣ ɐ ŋ
manuhol	m ɐ n̪ uː h o l
manukan	m ɐ n̪ uː x ɐ n̪
manuklaw	m ɐ n̪ ʊ k l a ʊ̯
manulat	m ɐ n̪ uː l ɐ t̪̚
manumbalik	m ɐ n̪ ʊ m b aː l ɪ k̚
manundot	m ɐ n̪ ʊ n̪ d̪ o t̪̚
manungkulan	m ɐ n̪ ʊ ŋ k uː l ɐ n̪
manunog	m ɐ n̪ uː n̪ o ɡ̚
manuntok	m ɐ n̪ ʊ n̪ t̪ o k̚
manunuba	m aː n̪ ʊ n̪ ʊ b a ʔ
manunubig	m aː n̪ ʊ n̪ uː b ɪ ɡ̚
manunubig	m ɐ n̪ uː n̪ ʊ b ɪ ɡ̚
manunubos	m aː n̪ ʊ n̪ uː b o s
manunugal	m ɐ n̪ ʊ n̪ ʊ ɣ a l
manunuhol	m aː n̪ ʊ n̪ ʊ h o l
manunuklas	m aː n̪ ʊ n̪ ʊ k l a s
manunula	m aː n̪ ʊ n̪ uː l ɐ ʔ
manunula	m aː n̪ ʊ n̪ ʊ l a ʔ
manunulat	m aː n̪ ʊ n̪ uː l ɐ t̪̚
manunulat	m aː n̪ ʊ n̪ ʊ l a t̪̚
manununog	m aː n̪ ʊ n̪ uː n̪ o ɡ̚
manununog	m ɐ n̪ uː n̪ uː n̪ o ɡ̚
manununog	m ɐ n̪ ʊ n̪ uː n̪ o ɡ̚
manunupot	m aː n̪ ʊ n̪ uː p o t̪̚
manunuri	m ɐ n̪ ʊ n̪ uː ɾ ɪ ʔ
manuso	m ɐ n̪ uː s o
manusya	m ɐ n̪ ʊ s j a ʔ
manusya	m ɐ n̪ ʊ ʃ a ʔ
manyak	m a n̪ j ɐ k̚
manyak	m aː ɲ ɐ k̚
manyakis	m ɐ n ɲ aː x ɪ s
manyakis	m ɐ n̪ j aː x ɪ s
manyayango	m ɐ n ɲ ɐ j aː ŋ o ʔ
manyayango	m ɐ n̪ j ɐ j aː ŋ o ʔ
manyika	m ɐ n ɲ iː x ɐ ʔ
manyika	m ɐ n̪ j iː x ɐ ʔ
manyobra	m ɐ n ɲ o b ɾ ɐ
manyobra	m ɐ n̪ j o b ɾ ɐ
maoido	m ɐ ʔ o w iː d̪ o
maong	m ɐ ʔ o ŋ
maoy	m aː ʔ o ɪ̯
maoy	m ɐ ʔ o ɪ̯
mapa	m aː p ɐ
mapabalik	m ɐ p ɐ b ɐ l ɪ k̚
mapagbigay	m ɐ p ɐ ɡ b ɪ ɣ a ɪ̯
mapagbigyan	m ɐ p ɐ ɡ b ɪ ɡ j a n̪
mapaghiganti	m ɐ p ɐ ɡ h ɪ ɣ ɐ n̪ t̪ ɪ
mapagkakatiwalaan	m ɐ p ɐ ɡ k aː x ɐ t̪ ɪ w ɐ l aː ʔ ɐ n̪
mapagkamalan	m ɐ p ɐ ɡ k aː m ɐ l a n̪
mapagkamalian	m ɐ p ɐ ɡ k aː m ɐ l ɪ ʔ a n̪
mapagkawanggawa	m ɐ p ɐ ɡ k aː w ɐ ŋ ɡ ɐ w a ʔ
mapagkondena	m ɐ p ɐ ɡ k o n̪ d̪ ɛ n̪ a
mapagkumbaba	m ɐ p ɐ ɡ k ʊ m b ɐ b a ʔ
mapagkunwari	m ɐ p ɐ ɡ k ʊ n̪ w ɐ ɾ ɪ ʔ
mapaglapilapi	m ɐ p ɐ ɡ l aː p ɪ l aː p ɪ ʔ
mapagmahal	m ɐ p ɐ ɡ m ɐ h a l
mapagmalaki	m ɐ p ɐ ɡ m ɐ l ɐ x ɪ
mapagmalasakit	m ɐ p ɐ ɡ m ɐ l ɐ s aː x ɪ t̪̚
mapagmataas	m ɐ p ɐ ɡ m ɐ t̪ ɐ ʔ a s
mapagmatyag	m ɐ p ɐ ɡ m ɐ t t͡ʃ a ɡ̚
mapagmatyag	m ɐ p ɐ ɡ m ɐ t̪ j a ɡ̚
mapagmayabang	m ɐ p ɐ ɡ m ɐ j ɐ b a ŋ
mapagpatawad	m ɐ p ɐ ɡ p ɐ t̪ aː w ɐ d̪̚
mapagsamantala	m ɐ p ɐ ɡ s ɐ m ɐ n̪ t̪ ɐ l a
mapagtanto	m ɐ p ɐ ɡ t̪ ɐ n̪ t̪ o
mapagtripan	m ɐ p ɐ ɡ t̪ ɾ ɪ p a n̪
mapahamak	m ɐ p ɐ h aː m ɐ k̚
mapahiya	m aː p ɐ h j a ʔ
mapahiya	m ɐ p ɐ h j a ʔ
mapait	m ɐ p ɐ ʔ ɪ t̪̚
mapakla	m ɐ p ɐ k l a
mapako	m ɐ p aː x o ʔ
mapal	m ɐ p a l
mapalad	m ɐ p aː l ɐ d̪̚
mapalot	m ɐ p aː l o t̪̚
mapaminsala	m ɐ p ɐ m ɪ n̪ s aː l ɐ ʔ
mapanakit	m ɐ p ɐ n̪ ɐ x ɪ t̪̚
mapangahas	m ɐ p ɐ ŋ ɐ h a s
mapanganib	m aː p ɐ ŋ aː n̪ ɪ b̚
mapanganib	m ɐ p ɐ ŋ aː n̪ ɪ b̚
mapanganurin	m ɐ p ɐ ŋ ɐ n̪ uː ɾ ɪ n̪
mapanghi	m ɐ p ɐ ŋ h ɪ
mapanghusga	m ɐ p a ŋ h ʊ s ɡ a
mapangitan	m ɐ p ɐ ŋ iː t̪ ɐ n̪
mapanglaw	m ɐ p ɐ n̪ l a ʊ̯
mapangutya	m ɐ p ɐ ŋ ʊ t t͡ʃ a ʔ
mapangutya	m ɐ p ɐ ŋ ʊ t̪ j a ʔ
mapaniil	m ɐ p ɐ n̪ ɪ ʔ ɪ l
mapanira	m ɐ p ɐ n̪ iː ɾ ɐ ʔ
mapaniwalain	m ɐ p ɐ n̪ ɪ w ɐ l ɐ ʔ ɪ n̪
mapanlikha	m ɐ p ɐ n̪ l ɪ k h a ʔ
mapansin	m ɐ p ɐ n̪ s ɪ n̪
mapaoo	m ɐ p a ʊ̯ ʔ o
mapapait	m ɐ p ɐ p ɐ ʔ ɪ t̪̚
mapapel	m ɐ p ɐ p ɛ l
maparaan	m ɐ p ɐ ɾ ɐ ʔ a n̪
maparam	m ɐ p aː ɾ ɐ m
maparas	m ɐ p ɐ ɾ a s
mapasok	m ɐ p aː s o k̚
mapatay	m ɐ p ɐ t̪ a ɪ̯
mapatse	m ɐ p a t̪ s ɛ
mapatse	m ɐ p aː t͡ʃ ɛ
mapayapa	m ɐ p ɐ j aː p ɐ ʔ
mapera	m ɐ p ɛː ɾ ɐ
mapilak	m ɐ p iː l ɐ k̚
mapili	m aː p iː l ɪ ʔ
mapili	m ɐ p iː l ɪ ʔ
mapilit	m ɐ p iː l ɪ t̪̚
maplema	m ɐ p l ɛː m ɐ
mapuknat	m ɐ p ʊ k n̪ a t̪̚
mapula	m ɐ p ʊ l a
mapunla	m ɐ p ʊ n̪ l a ʔ
mapuno	m ɐ p uː n̪ o ʔ
mapuno	m ɐ p ʊ n̪ o ʔ
mapurol	m ɐ p ʊ ɾ o l
mapusok	m ɐ p uː s o k̚
mapusok	m ɐ p ʊ s o k̚
mapusuan	m ɐ p ʊ s uː ʔ ɐ n̪
mapusyaw	m ɐ p ʊ s j a ʊ̯
mapusyaw	m ɐ p ʊ ʃ a ʊ̯
maputi	m ɐ p ʊ t̪ ɪ ʔ
maputik	m ɐ p uː t̪ ɪ k̚
maputla	m ɐ p ʊ t̪ l̪ a ʔ
maragsa	m ɐ ɾ ɐ ɡ s a ʔ
marahan	m ɐ ɾ aː h ɐ n̪
marahas	m ɐ ɾ ɐ h a s
marahil	m ɐ ɾ aː h ɪ l
marahuya	m ɐ ɾ ɐ h uː j ɐ ʔ
marahuyo	m ɐ ɾ ɐ h uː j o ʔ
marak	m ɐ ɾ a k̚
marakulyo	m ɐ ɾ ɐ x u l j o
marakulyo	m ɐ ɾ ɐ x ʊ l j o
marali	m ɐ ɾ ɐ l ɪ ʔ
maralita	m ɐ ɾ aː l ɪ t̪ a ʔ
maramdaman	m ɐ ɾ ɐ m d̪ ɐ m a n̪
maramdamin	m ɐ ɾ ɐ m d̪ aː m ɪ n̪
marami	m ɐ ɾ aː m ɪ
maramot	m ɐ ɾ aː m o t̪̚
marang	m aː ɾ ɐ ŋ
marangal	m ɐ ɾ ɐ ŋ a l
marangya	m ɐ ɾ ɐ ŋ j a ʔ
marani	m ɐ ɾ ɐ n̪ ɪ ʔ
marapat	m ɐ ɾ aː p ɐ t̪̚
mararahuyo	m ɐ ɾ aː ɾ ɐ h uː j o ʔ
marawal	m ɐ ɾ aː w ɐ l
marcosin	m a ɾ k o s ɪ n̪
mardyinal	m a ɾ d̪ j ɪ n̪ a l
mardyinal	m a ɾ d͡ʒ ɪ n̪ a l
mare	m aː ɾ ɛ
margarin	m a ɾ ɡ ɐ ɾ ɪ n̪
margarina	m ɐ ɾ ɡ ɐ ɾ iː n̪ ɐ
margarita	m ɐ ɾ ɡ ɐ ɾ iː t̪ ɐ
marhuya	m ɐ ɾ h uː j ɐ ʔ
maribalang	m aː ɾ ɪ b ɐ l a ŋ
maribalang	m ɐ ɾ ɪ b ɐ l a ŋ
marihuwana	m ɐ ɾ ɪ h w aː n̪ ɐ
mariin	m ɐ ɾ ɪ ʔ ɪ n̪
marikit	m ɐ ɾ ɪ x ɪ t̪̚
marikita	m ɐ ɾ ɪ x iː t̪ ɐ
marikona	m ɐ ɾ ɪ x oː n̪ ɐ
marilag	m ɐ ɾ ɪ l a ɡ̚
marinero	m ɐ ɾ ɪ n̪ ɛː ɾ o
maringal	m ɐ ɾ ɪ ŋ a l
marinig	m aː ɾ ɪ n̪ ɪ ɡ̚
marinig	m ɐ ɾ ɪ n̪ ɪ ɡ̚
mariposa	m ɐ ɾ ɪ p oː s ɐ
mariseko	m ɐ ɾ ɪ s ɛː x o
marisekos	m ɐ ɾ ɪ s ɛː x o s
marites	m aː ɾ ɪ t̪ ɛ s
mariwana	m ɐ ɾ ɪ w aː n̪ ɐ
mariwara	m ɐ ɾ ɪ w aː ɾ ɐ ʔ
mariwara	m ɐ ɾ ɪ w ɐ ɾ a ʔ
mariwasa	m ɐ ɾ ɪ w ɐ s a ʔ
marka	m a ɾ k ɐ
marka	m ɐ ɾ k a
markahan	m ɐ ɾ k aː h ɐ n̪
markahan	m ɐ ɾ k ɐ h a n̪
markansiya	m ɐ ɾ k ɐ n̪ s iː j ɐ
markes	m ɐ ɾ k ɛ s
marla	m ɐ ɾ l a ʔ
marmol	m a ɾ m o l
marmol	m ɐ ɾ m o l
maron	m ɐ ɾ o n̪
mars	m a ɹ s
martilyo	m ɐ ɾ t̪ i l j o
martir	m ɐ ɾ t̪ ɪ ɾ
martsa	m a ɾ t͡s ɐ
martsa	m a ɾ t͡ʃ ɐ
marubalang	m aː ɾ ʊ b ɐ l a ŋ
marubalang	m ɐ ɾ ʊ b ɐ l a ŋ
marubdob	m ɐ ɾ ʊ b d̪ o b̚
marumi	m ɐ ɾ ʊ m ɪ
marungis	m ɐ ɾ uː ŋ ɪ s
marunong	m ɐ ɾ uː n̪ o ŋ
marupok	m ɐ ɾ ʊ p o k̚
marurok	m ɐ ɾ uː ɾ o k̚
maruya	m ɐ ɾ uː j ɐ ʔ
mas	m a s
masa	m aː s ɐ
masa	m ɐ s a ʔ
masabaw	m ɐ s ɐ b a ʊ̯
masabi	m aː s aː b ɪ
masabi	m ɐ s aː b ɪ
masabon	m aː s ɐ b o n̪
masabon	m ɐ s ɐ b o n̪
masads	m ɐ s a d̪ s
masads	m ɐ s a d͡ʒ
masagabal	m aː s ɐ ɣ aː b ɐ l
masagabal	m ɐ s ɐ ɣ aː b ɐ l
masagal	m ɐ s aː ɣ ɐ l
masagana	m ɐ s ɐ ɣ aː n̪ ɐ ʔ
masagap	m ɐ s aː ɣ ɐ p̚
masaghoy	m ɐ s ɐ ɡ h o ɪ̯
masagutan	m aː s ɐ ɣ ʊ t̪ a n̪
masagutan	m ɐ s ɐ ɣ ʊ t̪ a n̪
masagwa	m ɐ s ɐ ɡ w a ʔ
masagwil	m ɐ s ɐ ɡ w ɪ l
masahe	m ɐ s aː h ɛ
masahihan	m ɐ s ɐ h iː h ɐ n̪
masahista	m ɐ s ɐ h i s t̪ ɐ
masahol	m ɐ s aː h o l
masaker	m aː s ɐ x ɛ ɾ
masakim	m ɐ s ɐ x ɪ m
masakit	m ɐ s ɐ x ɛ t̪̚
masakit	m ɐ s ɐ x ɪ t̪̚
masaklap	m ɐ s ɐ k l a p̚
masaklaw	m ɐ s ɐ k l a ʊ̯
masakmata	m ɐ s ɐ k m ɐ t̪ a
masaksa	m ɐ s ɐ k s a ʔ
masaksi	m ɐ s ɐ k s ɪ
masaktan	m ɐ s ɐ k t̪ a n̪
masakuna	m ɐ s ɐ x ʊ n̪ a ʔ
masakyan	m ɐ s ɐ k j a n̪
masalapi	m ɐ s ɐ l ɐ p ɪ ʔ
masalimuot	m ɐ s ɐ l ɪ m uː ʔ o t̪̚
masalimuot	m ɐ s ɐ l ɪ m ʊ ʔ o t̪̚
masama	m ɐ s aː m ɐ
masama	m ɐ s ɐ m a ʔ
masamain	m ɐ s ɐ m ɐ ʔ ɪ n̪
masamid	m ɐ s ɐ m ɪ d̪̚
masamok	m ɐ s aː m o k̚
masampulan	m ɐ s a m p ʊ l a n̪
masamyo	m ɐ s ɐ m j o ʔ
masangay	m ɐ s ɐ ŋ a ɪ̯
masangsang	m ɐ s ɐ n̪ s a ŋ
masapot	m ɐ s aː p o t̪̚
masarap	m ɐ s ɐ ɾ a p̚
masasakyan	m ɐ s ɐ s ɐ k j a n̪
masasal	m ɐ s ɐ s a l
masasama	m ɐ s ɐ s aː m ɐ
masasama	m ɐ s ɐ s ɐ m a ʔ
masatsat	m ɐ s ɐ t̪ s a t̪̚
masaya	m ɐ s ɐ j a
masayahin	m ɐ s ɐ j aː h ɪ n̪
masayap	m ɐ s ɐ j a p̚
masdan	m ɐ s d̪ a n̪
masel	m aː s ɛ l
maselan	m ɐ s ɛː l ɐ n̪
maselang	m ɐ s ɛː l ɐ ŋ
masereno	m ɐ s ɛ ɾ ɛː n̪ o
masetera	m ɐ s ɛ t̪ ɛː ɾ ɐ
mashallah	m a s j aː l ɐ
mashallah	m aː ʃ aː l ɐ
masiba	m ɐ s iː b ɐ ʔ
masibol	m ɐ s iː b o l
masid	m ɐ s ɪ d̪̚
masidhi	m ɐ s ɪ d̪ h ɪ ʔ
masigabo	m ɐ s ɪ ɣ aː b o
masigalot	m ɐ s ɪ ɣ ɐ l o t̪̚
masigasig	m ɐ s ɪ ɣ aː s ɪ ɡ̚
masigid	m ɐ s ɪ ɣ ɪ d̪̚
masiging	m ɐ s ɪ ɣ ɪ ŋ
masigla	m ɐ s ɪ ɡ l a
masigwa	m ɐ s ɪ ɡ w a
masikap	m ɐ s iː x ɐ p̚
masikat	m ɐ s iː x ɐ t̪̚
masikhay	m ɐ s ɪ k h a ɪ̯
masikip	m ɐ s ɪ x ɪ p̚
masikmura	m aː s ɪ k m uː ɾ ɐ ʔ
masikmura	m ɐ s ɪ k m uː ɾ ɐ ʔ
masilakbo	m ɐ s ɪ l ɐ k b o
masilan	m ɐ s iː l ɐ n̪
masilaw	m ɐ s iː l a ʊ̯
masilya	m ɐ s i l j ɐ
masilya	m ɐ s ɪ l j a
masimpan	m ɐ s ɪ m p a n̪
masinggan	m ɐ s i ŋ ɡ ɐ n̪
masinggan	m ɐ s j i ŋ ɡ ɐ n̪
masinggan	m ɐ ʃ i ŋ ɡ ɐ n̪
masining	m ɐ s iː n̪ ɪ ŋ
masinop	m ɐ s iː n̪ o p̚
masinsinan	m ɐ s ɪ n̪ s iː n̪ ɐ n̪
masipag	m ɐ s iː p ɐ ɡ̚
masira	m ɐ s iː ɾ ɐ ʔ
masiraan	m ɐ s ɪ ɾ aː ʔ ɐ n̪
masirin	m ɐ s iː ɾ ɪ n̪
masirino	m ɐ s ɪ ɾ iː n̪ o
masitera	m ɐ s ɪ t̪ ɛː ɾ ɐ
masiyasat	m ɐ s j aː s ɐ t̪̚
masiyasip	m ɐ s j aː s ɪ p̚
masjid	m ɐ s d̪ j ɪ d̪̚
masjid	m ɐ s d͡ʒ ɪ d̪̚
maskabado	m ɐ s k ɐ b aː d̪ o
maskara	m a s k ɐ ɾ a
maskara	m ɐ s k ɐ ɾ a
maski	m ɐ s k ɪ
maskubado	m ɐ s k ʊ b aː d̪ o
maskulado	m ɐ s k ʊ l aː d̪ o
maso	m aː s o
masok	m aː s o k̚
masokista	m ɐ s o x i s t̪ ɐ
masubasko	m ɐ s ʊ b a s k o
masugapa	m ɐ s ʊ ɣ aː p ɐ ʔ
masugapa	m ɐ s ʊ ɣ ɐ p a ʔ
masugid	m ɐ s uː ɣ ɪ d̪̚
masukal	m ɐ s uː x ɐ l
masulong	m ɐ s uː l o ŋ
masumpungan	m aː s ʊ m p ʊ ŋ a n̪
masungit	m ɐ s uː ŋ ɛ t̪̚
masungit	m ɐ s uː ŋ ɪ t̪̚
masunugan	m ɐ s ʊ n̪ uː ɣ ɐ n̪
masunurin	m ɐ s ʊ n̪ uː ɾ ɪ n̪
masurka	m ɐ s u ɾ k ɐ
masurot	m ɐ s uː ɾ o t̪̚
masusi	m ɐ s uː s ɪ ʔ
masustansiya	m ɐ s ʊ s t̪ a n̪ s j ɐ
masustansiya	m ɐ s ʊ s t̪ a n̪ ʃ ɐ
masustansya	m ɐ s ʊ s t̪ a n̪ s j ɐ
masustansya	m ɐ s ʊ s t̪ a n̪ ʃ ɐ
masusukal	m ɐ s ʊ s uː x ɐ l
masuwag	m ɐ s w a ɡ̚
masuwerte	m ɐ s w ɛ ɾ t̪ ɛ
masuyo	m ɐ s uː j o ʔ
masyado	m ɐ s j aː d̪ o
masyado	m ɐ ʃ aː d̪ o
mata	m ɐ t̪ a
mata	m ɐ t̪ a ʔ
mataas	m ɐ t̪ aː ʔ ɐ s
mataas	m ɐ t̪ ɐ ʔ a s
mataba	m ɐ t̪ ɐ b a ʔ
matabang	m ɐ t̪ ɐ b a ŋ
matabil	m ɐ t̪ ɐ b ɪ l
matabsing	m ɐ t̪ ɐ b s ɪ ŋ
matabya	m ɐ t̪ a b j ɐ
matabya	m ɐ t̪ ɐ b j a
matadero	m ɐ t̪ ɐ d̪ ɛː ɾ o
matador	m ɐ t̪ ɐ d̪ o ɾ
matae	m ɐ t̪ ɐ ʔ ɛ
matagal	m ɐ t̪ ɐ ɣ a l
mataginting	m ɐ t̪ ɐ ɣ ɪ n̪ t̪ ɪ ŋ
matagumpay	m ɐ t̪ ɐ ɣ ʊ m p a ɪ̯
matagway	m ɐ t̪ ɐ ɡ w a ɪ̯
matahimik	m ɐ t̪ ɐ h iː m ɪ k̚
mataimtim	m ɐ t̪ ɐ ʔ ɪ m t̪ ɪ m
matakam	m ɐ t̪ ɐ x a m
matakaw	m ɐ t̪ aː x a ʊ̯
matakot	m ɐ t̪ aː x o t̪̚
matalas	m ɐ t̪ aː l ɐ s
matalbog	m ɐ t̪ ɐ l b o ɡ̚
matalik	m ɐ t̪ aː l ɪ k̚
matalim	m ɐ t̪ ɐ l ɪ m
matalinghaga	m ɐ t̪ ɐ l ɪ ŋ h aː ɣ ɐ ʔ
matalino	m ɐ t̪ ɐ l iː n̪ o
matalisik	m ɐ t̪ ɐ l iː s ɪ k̚
matalo	m ɐ t̪ aː l o
matambaka	m ɐ t̪ ɐ m b aː x ɐ
matambok	m ɐ t̪ ɐ m b o k̚
matamis	m ɐ t̪ ɐ m ɪ s
matamlay	m ɐ t̪ ɐ m l a ɪ̯
matanda	m ɐ t̪ ɐ n̪ d̪ a ʔ
matanggal	m ɐ t̪ ɐ ŋ ɡ a l
matanggap	m ɐ t̪ ɐ ŋ ɡ a p̚
matangkad	m aː t̪ ɐ ŋ k a d̪̚
matangkad	m ɐ t̪ ɐ ŋ k a d̪̚
matangkakal	m ɐ t̪ ɐ ŋ k aː x ɐ l
matangos	m ɐ t̪ aː ŋ o s
matapang	m ɐ t̪ aː p ɐ ŋ
matapat	m aː t̪ ɐ p a t̪̚
matapat	m ɐ t̪ ɐ p a t̪̚
matapilok	m ɐ t̪ ɐ p ɪ l o k̚
matapobre	m ɐ t̪ ɐ p oː b ɾ ɛ
matapon	m ɐ t̪ aː p o n̪
matapos	m ɐ t̪ aː p o s
matapunan	m ɐ t̪ ɐ p uː n̪ ɐ n̪
mataras	m ɐ t̪ aː ɾ ɐ s
mataray	m ɐ t̪ aː ɾ a ɪ̯
matarik	m ɐ t̪ ɐ ɾ ɪ k̚
matataas	m ɐ t̪ ɐ t̪ aː ʔ ɐ s
matataas	m ɐ t̪ ɐ t̪ ɐ ʔ a s
matatag	m aː t̪ ɐ t̪ a ɡ̚
matatag	m ɐ t̪ ɐ t̪ a ɡ̚
matatakutin	m ɐ t̪ ɐ t̪ ɐ x ʊ t̪ ɪ n̪
matatalino	m ɐ t̪ ɐ t̪ ɐ l iː n̪ o
matatamis	m ɐ t̪ ɐ t̪ ɐ m ɪ s
matataray	m ɐ t̪ ɐ t̪ aː ɾ a ɪ̯
matatarik	m ɐ t̪ ɐ t̪ ɐ ɾ ɪ k̚
matatas	m ɐ t̪ ɐ t̪ a s
matatatas	m ɐ t̪ ɐ t̪ ɐ t̪ a s
matatauhan	m ɐ t̪ ɐ t̪ ɐ ʔ uː h ɐ n̪
matatrapik	m ɐ t̪ ɐ t̪ ɾ aː p ɪ k̚
matauhan	m ɐ t̪ ɐ ʔ uː h ɐ n̪
matavia	m ɐ t̪ a b j ɐ
matavia	m ɐ t̪ a v j ɐ
matay	m ɐ t̪ a ɪ̯
matayog	m ɐ t̪ aː j o ɡ̚
mate	m aː t̪ ɛ
matematika	m ɐ t̪ ɛ m aː t̪ ɪ x a
matematiko	m ɐ t̪ ɛ m aː t̪ ɪ x o
materyal	m ɐ t̪ ɛ ɾ j a l
materyales	m ɐ t̪ ɛ ɾ j aː l ɛ s
materyalismo	m ɐ t̪ ɛ ɾ j ɐ l i s m o
materyalista	m ɐ t̪ ɛ ɾ j ɐ l i s t̪ ɐ
materyalistiko	m ɐ t̪ ɛ ɾ j ɐ l i s t̪ ɪ x o
materyosa	m ɐ t̪ ɛ ɾ j oː s ɐ
materyoso	m ɐ t̪ ɛ ɾ j oː s o
matibay	m ɐ t̪ iː b a ɪ̯
matigas	m ɐ t̪ ɪ ɣ a s
matigtig	m ɐ t̪ ɪ ɡ t̪ ɪ ɡ̚
matik	m aː t̪ ɪ k̚
matikitan	m ɐ t̪ ɪ x iː t̪ ɐ n̪
matilos	m ɐ t̪ iː l o s
matimbang	m ɐ t̪ ɪ m b a ŋ
matimpi	m ɐ t̪ ɪ m p ɪ ʔ
matimyas	m ɐ t̪ ɪ m j a s
matindi	m ɐ t̪ ɪ n̪ d̪ ɪ
matinga	m ɐ t̪ ɪ ŋ a
matingkad	m ɐ t̪ ɪ ŋ k a d̪̚
matinik	m aː t̪ ɪ n̪ ɪ k̚
matinik	m ɐ t̪ ɪ n̪ ɪ k̚
matinis	m ɐ t̪ iː n̪ ɪ s
matinis	m ɐ t̪ ɪ n̪ ɪ s
matino	m ɐ t̪ ɪ n̪ o ʔ
matipid	m ɐ t̪ ɪ p ɪ d̪̚
matipuno	m ɐ t̪ ɪ p uː n̪ o ʔ
matipuno	m ɐ t̪ ɪ p ʊ n̪ o ʔ
matira	m ɐ t̪ iː ɾ ɐ
matira	m ɐ t̪ ɪ ɾ a
matisod	m ɐ t̪ iː s o d̪̚
matitibay	m ɐ t̪ ɪ t̪ iː b a ɪ̯
matitigas	m ɐ t̪ ɪ t̪ ɪ ɣ a s
matitingkad	m ɐ t̪ ɪ t̪ ɪ ŋ k a d̪̚
matitinik	m ɐ t̪ iː t̪ ɪ n̪ ɪ k̚
matitinik	m ɐ t̪ ɪ t̪ ɪ n̪ ɪ k̚
matitisod	m ɐ t̪ ɪ t̪ iː s o d̪̚
matiwasay	m ɐ t̪ ɪ w ɐ s a ɪ̯
matiyaga	m ɐ t̪ j ɐ ɣ a ʔ
matiyaga	m ɐ t͡ʃ ɐ ɣ a ʔ
maton	m ɐ t̪ o n̪
matrabaho	m ɐ t̪ ɾ ɐ b aː h o
matrahedya	m ɐ t̪ ɾ ɐ h ɛ d̪ j ɐ
matrahedya	m ɐ t̪ ɾ ɐ h ɛː d͡ʒ ɐ
matraka	m ɐ t̪ ɾ aː x ɐ
matrapik	m ɐ t̪ ɾ aː p ɪ k̚
matres	m a t̪ ɾ ɛ s
matres	m ɐ t̪ ɾ ɛ s
matrikula	m ɐ t̪ ɾ iː x ʊ l a
matris	m ɐ t̪ ɾ ɪ s
matsakaw	m ɐ t t͡ʃ ɐ x a ʊ̯
matsakaw	m ɐ t̪ s ɐ x a ʊ̯
matsala	m a t̪ s ɐ l a
matsalab	m a t̪ s ɐ l a b̚
matsalove	m a t̪ s ɐ l a b̚
matsalove	m a t̪ s ɐ l a v
matsay	m ɐ t t͡ʃ a ɪ̯
matsay	m ɐ t̪ s a ɪ̯
matsete	m ɐ t t͡ʃ ɛː t̪ ɛ
matsete	m ɐ t̪ s ɛː t̪ ɛ
matsing	m ɐ t t͡ʃ ɪ ŋ
matsing	m ɐ t̪ s ɪ ŋ
matso	m a t̪ s o
matso	m aː t͡ʃ o
matsubasko	m ɐ t t͡ʃ ʊ b a s k o
matsubasko	m ɐ t̪ s ʊ b a s k o
matubig	m ɐ t̪ uː b ɪ ɡ̚
matubo	m ɐ t̪ uː b o ʔ
matulin	m ɐ t̪ uː l ɪ n̪
matulis	m ɐ t̪ uː l ɪ s
matulog	m ɐ t̪ uː l o ɡ̚
matumal	m ɐ t̪ uː m ɐ l
matunog	m ɐ t̪ ʊ n̪ o ɡ̚
matuoran	m ɐ t̪ ʊ ʔ o ɾ a n̪
maturan	m ɐ t̪ uː ɾ ɐ n̪
matutulin	m ɐ t̪ ʊ t̪ uː l ɪ n̪
matuuran	m ɐ t̪ ʊ ʔ ʊ ɾ a n̪
matuwid	m ɐ t̪ uː w ɪ d̪̚
matuwid	m ɐ t̪ w ɪ d̪̚
matwid	m ɐ t̪ w ɪ d̪̚
matwiran	m ɐ t̪ w iː ɾ ɐ n̪
matwiranin	m ɐ t̪ w ɪ ɾ aː n̪ ɪ n̪
matyag	m ɐ t t͡ʃ a ɡ̚
matyag	m ɐ t̪ j a ɡ̚
maugnay	m aː ʔ ʊ ɡ n̪ a ɪ̯
maugnay	m ɐ ʔ ʊ ɡ n̪ a ɪ̯
maugong	m ɐ ʔ uː ɣ o ŋ
maukilkil	m ɐ ʔ ʊ x ɪ l k ɪ l
maulan	m ɐ ʔ ʊ l a n̪
maulanan	m ɐ ʔ ʊ l ɐ n̪ a n̪
maulap	m ɐ ʔ uː l ɐ p̚
maulawin	m ɐ ʔ ʊ l aː w ɪ n̪
mauna	m ɐ ʔ uː n̪ ɐ
maunlad	m ɐ ʔ ʊ n̪ l a d̪̚
maurira	m ɐ ʔ ʊ ɾ iː ɾ ɐ ʔ
mausisa	m ɐ ʔ ʊ s iː s ɐ ʔ
mausog	m ɐ ʔ ʊ s o ɡ̚
mausok	m ɐ ʔ uː s o k̚
mausoleo	m a ʊ̯ s o l ɛː j o
mausukan	m aː ʔ ʊ s uː x ɐ n̪
mausukan	m ɐ ʔ ʊ s uː x ɐ n̪
mautak	m ɐ ʔ uː t̪ ɐ k̚
mautakan	m ɐ ʔ ʊ t̪ aː x ɐ n̪
mauwido	m ɐ ʔ ʊ w iː d̪ o
mawala	m ɐ w ɐ l a ʔ
mawalna	m ɐ w ɐ l n̪ a ʔ
mawasak	m ɐ w aː s ɐ k̚
mawido	m ɐ w iː d̪ o
mawo	m aː w o ʔ
mawsoleo	m a ʊ̯ s o l ɛː j o
may	m a ɪ̯
may	m e ɪ̯
may	m ɛ
maya	m aː j ɐ
maya	m ɐ j a ʔ
mayabang	m ɐ j aː b ɐ ŋ
mayabong	m ɐ j aː b o ŋ
mayag	m aː j ɐ ɡ̚
mayahin	m ɐ j aː h ɪ n̪
mayahin	m ɐ j ɐ h ɪ n̪
mayaman	m ɐ j aː m ɐ n̪
mayamanin	m aː j ɐ m ɐ n̪ ɪ n̪
mayamo	m ɐ j aː m o ʔ
mayapa	m ɐ j ɐ p a
mayapis	m ɐ j aː p ɪ s
mayaw	m aː j a ʊ̯
mayaw	m ɐ j a ʊ̯
mayayabang	m ɐ j ɐ j aː b ɐ ŋ
mayayaman	m ɐ j ɐ j aː m ɐ n̪
maybahay	m a ɪ̯ b aː h a ɪ̯
maybahay	m ɛː b aː h a ɪ̯
mayelo	m ɐ j ɛː l o
maygulang	m a ɪ̯ ɣ uː l ɐ ŋ
mayk	m a ɪ̯ k
maykapal	m a ɪ̯ x ɐ p a l
maykaraan	m a ɪ̯ x ɐ ɾ aː ʔ ɐ n̪
maykaraan	m a ɪ̯ x ɐ ɾ ɐ ʔ a n̪
maykaya	m a ɪ̯ x aː j ɐ
mayoldomo	m ɐ j o l d̪ oː m o
mayonesa	m ɐ j o n̪ ɛː s ɐ
mayor	m ɐ j o ɾ
mayora	m ɐ j oː ɾ ɐ
mayordomo	m ɐ j o ɾ d̪ oː m o
mayorya	m ɐ j o ɾ j a
mayorya	m ɐ j o ɾ j ɐ
mayroon	m a ɪ̯ ɾ o n̪
mayroon	m a ɪ̯ ɾ o ʔ o n̪
mayroon	m ɛː ɾ o n̪
maysala	m a ɪ̯ s aː l ɐ
maytines	m a ɪ̯ t̪ iː n̪ ɛ s
mayuldumo	m ɐ j ʊ l d̪ uː m o
mayumi	m ɐ j uː m ɪ ʔ
me	m ɛ
me	m ɛ ʔ
medalya	m ɛ d̪ a l j ɐ
medida	m ɛ d̪ iː d̪ ɐ
medik	m ɛː d̪ ɪ k̚
mediko	m ɛː d̪ ɪ x o
medisina	m ɛ d̪ ɪ s iː n̪ ɐ
medrinake	m ɛ d̪ ɾ ɪ n̪ aː x ɛ
medrinyake	m ɛ d̪ ɾ ɪ n ɲ aː x ɛ
medrinyake	m ɛ d̪ ɾ ɪ n̪ j aː x ɛ
medyaagwa	m ɛ d̪ j ɐ ʔ a ɡ w ɐ
medyaagwa	m ɛː d͡ʒ ɐ ʔ a ɡ w ɐ
medyanotse	m ɛ d̪ j ɐ n̪ o t̪ s ɛ
medyanotse	m ɛː d͡ʒ ɐ n̪ oː t͡ʃ ɛ
medyas	m ɛ d̪ j ɐ s
medyas	m ɛː d͡ʒ ɐ s
medyebal	m ɛ d d͡ʒ ɛ b a l
medyebal	m ɛ d̪ j ɛ b a l
medyibal	m ɛ d d͡ʒ ɪ b a l
medyibal	m ɛ d̪ j ɪ b a l
medyo	m ɛ d̪ j o
medyo	m ɛː d͡ʒ o
medyor	m ɛ d̪ j o ɾ
medyor	m ɛː d͡ʒ o ɾ
mee	m ɛ ʔ ɛ ʔ
megalomanya	m ɛ ɣ ɐ l o m a n̪ j ɐ
megalomanya	m ɛ ɣ ɐ l o m aː ɲ ɐ
meganon	m ɛː ɣ ɐ n̪ o n̪
megapon	m ɛː ɣ ɐ p o n̪
megapown	m ɛː ɣ ɐ p o ʊ̯ n̪
mej	m ɛ d̪ s
mej	m ɛ d͡ʒ
mejo	m ɛ d̪ j o
mejo	m ɛː d͡ʒ o
mekaniko	m ɛ x aː n̪ ɪ x o
mekanismo	m ɛ x ɐ n̪ i s m o
mellotron	m ɛː l o t̪ ɾ o n̪
melodiya	m ɛ l o d̪ iː j ɐ
melokoton	m ɛ l o x o t̪ o n̪
melon	m ɛ l o n̪
mema	m ɛː m ɐ
meme	m ɛː m ɛ
memeng	m ɛː m ɛ ŋ
memorya	m ɛ m o ɾ j ɐ
memoryado	m ɛ m o ɾ j aː d̪ o
menor	m ɛ n̪ o ɾ
menora	m ɛ n̪ oː ɾ ɐ
menos	m ɛː n̪ o s
mens	m ɛ n̪ s
mensahe	m ɛ n̪ s aː h ɛ
mensahero	m ɛ n̪ s ɐ h ɛː ɾ o
mental	m ɛ n̪ t̪ ɐ l
mentalidad	m ɛ n̪ t̪ ɐ l ɪ d̪ a d̪̚
mentol	m ɛ n̪ t̪ o l
menudensiya	m ɛ n̪ ʊ d̪ ɛ n̪ s j ɐ
menudensiya	m ɛ n̪ ʊ d̪ ɛ n̪ ʃ ɐ
menudo	m ɛ n̪ uː d̪ o
merengge	m ɛ ɾ ɛ ŋ ɡ ɛ
merienda	m ɛ ɾ j ɛ n̪ d̪ ɐ
meritokrasya	m ɛ ɾ ɪ t̪ o k ɾ a s j ɐ
meritokrasya	m ɛ ɾ ɪ t̪ o k ɾ aː ʃ ɐ
merkado	m ɛ ɾ k aː d̪ o
merkansiya	m ɛ ɾ k ɐ n̪ s iː j ɐ
merkansiya	m ɛ ɾ k ɐ n̪ s j a
merkansiya	m ɛ ɾ k ɐ n̪ ʃ a
meron	m ɛː ɾ o n̪
mersenaryo	m ɛ ɾ s ɛ n̪ a ɾ j o
meryenda	m ɛ ɾ j ɛ n̪ d̪ ɐ
mesa	m ɛː s ɐ
mesiyaniko	m ɛ s j aː n̪ ɪ x o
mesiyaniko	m ɛ ʃ aː n̪ ɪ x o
meskit	m ɛ s k ɪ t̪̚
meskita	m ɛ s k iː t̪ ɐ
mestisa	m ɛ s t̪ iː s ɐ
mestiso	m ɛ s t̪ iː s o
mesyaniko	m ɛ s j aː n̪ ɪ x o
mesyaniko	m ɛ ʃ aː n̪ ɪ x o
metal	m ɛ t̪ a l
metalurhiya	m ɛ t̪ ɐ l u ɾ h j ɐ
metalurhiya	m ɛ t̪ ɐ l ʊ ɾ h iː j ɐ
metamorposis	m ɛ t̪ ɐ m o ɾ p o s ɪ s
metamorposis	m ɛ t̪ ɐ m o ɾ p oː s ɪ s
metapisika	m ɛ t̪ ɐ p iː s ɪ x a
metapora	m ɛ t̪ aː p o ɾ a
metapora	m ɛ t̪ ɐ p oː ɾ ɐ
metatesis	m ɛ t̪ aː t̪ ɛ s ɪ s
metatesis	m ɛ t̪ ɐ t̪ ɛː s ɪ s
meteoro	m ɛ t̪ j oː ɾ o
meteoro	m ɛ t̪ ɛ j oː ɾ o
meteoro	m ɛ t͡ʃ oː ɾ o
meteorolohiya	m ɛ t̪ ɛ j o ɾ o l o h iː j ɐ
metikuloso	m ɛ t̪ ɪ x ʊ l oː s o
metodista	m ɛ t̪ o d̪ i s t̪ ɐ
metodo	m ɛː t̪ o d̪ o
metodolohiya	m ɛ t̪ o d̪ o l o h iː j ɐ
metralyadora	m ɛ t̪ ɾ ɐ l j ɐ d̪ oː ɾ ɐ
metro	m ɛː t̪ ɾ o
metsado	m ɛ t t͡ʃ aː d̪ o
metsado	m ɛ t̪ s aː d̪ o
mey	m e ɪ̯
meyl	m e ɪ̯ l
meyor	m ɛː j o ɾ
mga	m ɐ ŋ a
mibig	m iː b ɪ ɡ̚
midalya	m ɪ d̪ a l j ɐ
midya	m i d̪ j ɐ
midya	m iː d͡ʒ ɐ
midyum	m i d̪ j ʊ m
midyum	m iː d͡ʒ ʊ m
migmig	m i ɡ m ɪ ɡ̚
mihis	m iː h ɪ s
mikat	m iː x ɐ t̪̚
miki	m iː x ɪ
miklawas	m ɪ k l aː w ɐ s
mikrobyo	m ɪ k ɾ o b j o
mikrometro	m ɪ k ɾ o m ɛː t̪ ɾ o
mikrometro	m ɪ k ɾ oː m ɛ t̪ ɾ o
mikroorganismo	m ɪ k ɾ o ʔ o ɾ ɡ ɐ n̪ i s m o
mikropono	m ɪ k ɾ oː p o n̪ o
mikroskopyo	m ɪ k ɾ o s k o p j o
miksipat	m ɪ k s iː p ɐ t̪̚
miktataghay	m ɪ k t̪ aː t̪ ɐ ɡ h a ɪ̯
miktinig	m ɪ k t̪ iː n̪ ɪ ɡ̚
miktubo	m ɪ k t̪ uː b o
mil	m ɪ l
milagro	m ɪ l aː ɡ ɾ o
milagros	m ɪ l aː ɡ ɾ o s
mileniyo	m ɪ l ɛː n̪ j o
mileniyo	m ɪ l ɛː ɲ o
milenyal	m ɪ l ɛ n̪ j ɐ l
milenyal	m ɪ l ɛː ɲ ɐ l
milenyo	m ɪ l ɛ n̪ j o
milenyo	m ɪ l ɛː ɲ o
milenyum	m ɪ l ɛ n̪ j ʊ m
milenyum	m ɪ l ɛː ɲ ʊ m
miligramo	m ɪ l ɪ ɡ ɾ aː m o
mililitro	m ɪ l ɪ l iː t̪ ɾ o
milimetro	m ɪ l iː m ɛ t̪ ɾ o
milimetro	m ɪ l ɪ m ɛː t̪ ɾ o
militar	m ɪ l ɪ t̪ a ɾ
militarismo	m ɪ l ɪ t̪ ɐ ɾ i s m o
milokoton	m ɪ l o x o t̪ o n̪
milon	m ɪ l o n̪
milya	m i l j ɐ
milyahe	m ɪ l j aː h ɛ
milyon	m ɪ l j o n̪
milyonaryo	m ɪ l j o n̪ a ɾ j o
mima	m iː m ɐ
mimbar	m i m b ɐ ɾ
mimeograp	m iː m ɛ j o ɡ ɾ a p̚
mimiograp	m iː m j o ɡ ɾ a p̚
mimyograp	m i m j o ɡ ɾ a p̚
mina	m iː n̪ ɐ
minahan	m ɪ n̪ ɐ h a n̪
minalon	m ɪ n̪ ɐ l o n̪
minalong	m ɪ n̪ ɐ l o ŋ
minamarcos	m ɪ n̪ ɐ m a ɾ k o s
minandal	m ɪ n̪ ɐ n̪ d̪ a l
minangon	m ɪ n̪ aː ŋ o n̪
minarcos	m ɪ n̪ a ɾ k o s
minarete	m ɪ n̪ ɐ ɾ ɛː t̪ ɛ
minatamis	m ɪ n̪ ɐ t̪ ɐ m ɪ s
minatay	m ɪ n̪ ɐ t̪ a ɪ̯
minatayin	m ɪ n̪ ɐ t̪ ɐ j ɪ n̪
minero	m ɪ n̪ ɛː ɾ o
mingming	m ɪ ŋ m ɪ ŋ
minimal	m iː n̪ ɪ m a l
minimal	m ɪ n̪ ɪ m a l
minimalismo	m ɪ n̪ ɪ m ɐ l i s m o
minindal	m ɪ n̪ ɪ n̪ d̪ a l
ministeryo	m ɪ n̪ ɪ s t̪ ɛ ɾ j o
ministro	m ɪ n̪ i s t̪ ɾ o
miniyatura	m ɪ n̪ j ɐ t̪ uː ɾ ɐ
miniyatura	m ɪ ɲ ɐ t̪ uː ɾ ɐ
minola	m ɪ n̪ oː l ɐ
minorya	m ɪ n̪ o ɾ j a
minorya	m ɪ n̪ o ɾ j ɐ
minsan	m i n̪ s ɐ n̪
minsan	m ɪ n̪ s a n̪
minsanan	m ɪ n̪ s aː n̪ ɐ n̪
minsanduwa	m i n̪ s ɐ n̪ d̪ w a ʔ
minsanduwa	m ɪ n̪ s ɐ n̪ d̪ w a ʔ
mintis	m ɪ n̪ t̪ ɪ s
minudensiya	m ɪ n̪ ʊ d̪ ɛ n̪ s j ɐ
minudensiya	m ɪ n̪ ʊ d̪ ɛ n̪ ʃ ɐ
minutero	m ɪ n̪ ʊ t̪ ɛː ɾ o
minuto	m ɪ n̪ uː t̪ o
minutos	m ɪ n̪ uː t̪ o s
minwe	m ɪ n̪ w ɛ
minyatura	m ɪ n ɲ ɐ t̪ uː ɾ ɐ
minyatura	m ɪ n̪ j ɐ t̪ uː ɾ ɐ
minyo	m i n̪ j o
minyo	m iː ɲ o
mira	m iː ɾ ɐ
mirakulo	m ɪ ɾ aː x ʊ l o
mirasol	m ɪ ɾ ɐ s o l
mirindal	m ɪ ɾ ɪ n̪ d̪ a l
mirog	m iː ɾ o ɡ̚
miron	m ɪ ɾ o n̪
miryametro	m ɪ ɾ j aː m ɛ t̪ ɾ o
miryametro	m ɪ ɾ j ɐ m ɛː t̪ ɾ o
misa	m iː s ɐ
misail	m iː s a ɪ̯ l
misal	m ɪ s a l
misay	m iː s a ɪ̯
misay	m ɪ s a ɪ̯
misayl	m iː s a ɪ̯ l
misedukasyon	m ɪ s ɛ d̪ ʊ x ɐ s j o n̪
misedukasyon	m ɪ s ɛ d̪ ʊ x ɐ ʃ o n̪
miserikordiya	m ɪ s ɛ ɾ ɪ x o ɾ d̪ j ɐ
miserikordiya	m ɪ s ɛ ɾ ɪ x o ɾ d͡ʒ ɐ
miserikordya	m ɪ s ɛ ɾ ɪ x o ɾ d̪ j ɐ
miserikordya	m ɪ s ɛ ɾ ɪ x o ɾ d͡ʒ ɐ
misil	m iː s ɪ l
misimpormasyon	m ɪ s ɪ m p o ɾ m ɐ s j o n̪
misimpormasyon	m ɪ s ɪ m p o ɾ m ɐ ʃ o n̪
misis	m iː s ɪ s
miskol	m ɪ s k o l
miskonsepsiyon	m ɪ s k o n̪ s ɛ p s j o n̪
miskonsepsiyon	m ɪ s k o n̪ s ɛ p ʃ o n̪
miskonsepsyon	m ɪ s k o n̪ s ɛ p s j o n̪
miskonsepsyon	m ɪ s k o n̪ s ɛ p ʃ o n̪
mismis	m ɪ s m ɪ s
mismo	m i s m o
miso	m ɪ s o
mistah	m i s t̪ ɐ
mister	m i s t̪ ɛ ɾ
mister	m ɪ s t̪ ɛ ɾ
misterio	m ɪ s t̪ ɛ ɾ j o
misteryo	m ɪ s t̪ ɛ ɾ j o
misteryoso	m ɪ s t̪ ɛ ɾ j oː s o
mistula	m ɪ s t̪ uː l ɐ ʔ
miswa	m i s w ɐ
misyon	m ɪ s j o n̪
misyon	m ɪ ʃ o n̪
misyonaryo	m ɪ s j o n̪ a ɾ j o
misyonaryo	m ɪ ʃ o n̪ a ɾ j o
misyonero	m ɪ s j o n̪ ɛː ɾ o
misyonero	m ɪ ʃ o n̪ ɛː ɾ o
mita	m iː t̪ ɐ
mita	m iː t̪ ɐ ʔ
mital	m ɪ t̪ a l
mithi	m ɪ t̪ h ɪ ʔ
mitig	m iː t̪ ɪ ɡ̚
mitig	m ɪ t̪ ɪ ɡ̚
mitigasyon	m ɪ t̪ ɪ ɣ ɐ s j o n̪
mitigasyon	m ɪ t̪ ɪ ɣ ɐ ʃ o n̪
miting	m iː t̪ ɪ ŋ
mitolohiya	m ɪ t̪ o l o h iː j ɐ
mitsa	m ɪ t t͡ʃ a
mitsa	m ɪ t̪ s a
mitsado	m ɪ t t͡ʃ aː d̪ o
mitsado	m ɪ t̪ s aː d̪ o
miyel	m j ɛ l
miyembro	m j ɛ m b ɾ o
miyentras	m j ɛ n̪ t̪ ɾ ɐ s
mnemonika	n̪ ɛ m oː n̪ ɪ x a
mo	m o
mod	m o d̪̚
modelo	m o d̪ ɛː l o
modernisado	m o d̪ ɛ ɾ n̪ ɪ s aː d̪ o
modernisasyon	m o d̪ ɛ ɾ n̪ ɪ s ɐ s j o n̪
modernisasyon	m o d̪ ɛ ɾ n̪ ɪ s ɐ ʃ o n̪
moderno	m o d̪ ɛ ɾ n̪ o
modus	m oː d̪ ʊ s
modyul	m o d̪ j ʊ l
modyul	m oː d͡ʒ ʊ l
mohon	m o h o n̪
mokong	m oː x o ŋ
molabe	m o l aː b ɛ
molave	m o l aː b ɛ
molave	m o l aː v ɛ
mole	m o l ɛ
mole	m oː l ɛ
molekula	m o l ɛː x ʊ l a
molesta	m o l ɛ s t̪ ɐ
molestahin	m o l ɛ s t̪ ɐ h ɪ n̪
molestiya	m o l ɛ s t̪ j ɐ
molestiya	m o l ɛ s t͡ʃ ɐ
molestiyahin	m o l ɛ s t̪ j ɐ h ɪ n̪
molestiyahin	m o l ɛ s t͡ʃ ɐ h ɪ n̪
molihon	m o l ɪ h o n̪
molinilyo	m o l ɪ n̪ i l j o
momiya	m o m iː j ɐ
momo	m oː m o ʔ
momya	m o m j ɐ
monarka	m o n̪ a ɾ k ɐ
monarkiko	m o n̪ a ɾ k ɪ x o
monarkiya	m o n̪ ɐ ɾ k iː j ɐ
monasilyo	m o n̪ ɐ s i l j o
monasteryo	m o n̪ ɐ s t̪ ɛ ɾ j o
monay	m o n̪ a ɪ̯
monay	m oː n̪ a ɪ̯
monggo	m o ŋ ɡ o
monghe	m o ŋ h ɛ
mongol	m o ŋ ɡ o l
monigote	m o n̪ ɪ ɣ oː t̪ ɛ
monismo	m o n̪ i s m o
monopolisasyon	m o n̪ o p o l ɪ s ɐ s j o n̪
monopolisasyon	m o n̪ o p o l ɪ s ɐ ʃ o n̪
monopolyo	m o n̪ o p o l j o
monoptonggo	m o n̪ o p t̪ o ŋ ɡ o
monoteismo	m o n̪ o t̪ ɛ j i s m o
monstrosidad	m o n̪ s t̪ ɾ o s ɪ d̪ a d̪̚
monstruosidad	m o n̪ s t̪ ɾ w o s ɪ d̪ a d̪̚
monstruwosidad	m o n̪ s t̪ ɾ w o s ɪ d̪ a d̪̚
monumento	m o n̪ ʊ m ɛ n̪ t̪ o
moog	m o ʔ o ɡ̚
moog	m oː ʔ o ɡ̚
mook	m o ʔ o k̚
morado	m o ɾ aː d̪ o
moral	m o ɾ a l
moralidad	m o ɾ ɐ l ɪ d̪ a d̪̚
morena	m o ɾ ɛː n̪ ɐ
moreno	m o ɾ ɛː n̪ o
morge	m o ɾ ɡ ɛ
morisketa	m o ɾ ɪ s k ɛː t̪ ɐ
morong	m o ɾ o ŋ
morong	m oː ɾ o ŋ
mortuwaryo	m o ɾ t̪ w a ɾ j o
mortuworyo	m o ɾ t̪ w o ɾ j o
mortwaryo	m o ɾ t̪ w a ɾ j o
mortworyo	m o ɾ t̪ w o ɾ j o
moryon	m o ɾ j o n̪
mosang	m oː s ɐ ŋ
moskada	m o s k aː d̪ ɐ
moske	m o s k ɛ
moskete	m o s k ɛː t̪ ɛ
mosketero	m o s k ɛ t̪ ɛː ɾ o
moskitero	m o s k ɪ t̪ ɛː ɾ o
mosong	m oː s o ŋ
motel	m o t̪ ɛ l
motibo	m o t̪ iː b o
motin	m o t̪ ɪ n̪
motmot	m o t̪ m o t̪̚
motor	m o t̪ o ɾ
motorista	m o t̪ o ɾ i s t̪ ɐ
motorsiklo	m o t̪ o ɾ s i k l o
motosikleta	m o t̪ o s ɪ k l ɛː t̪ ɐ
motosiklista	m o t̪ o s ɪ k l i s t̪ ɐ
muang	m w a ŋ
muang	m ʊ ʔ a ŋ
mudmod	m ʊ d̪ m o d̪̚
mudra	m u d̪ ɾ ɐ
mudrakels	m u d̪ ɾ ɐ x ɛ l s
mufti	m u f t̪ ɪ
mufti	m u p t̪ ɪ
muha	m uː h ɐ
muhala	m ʊ h aː l ɐ ʔ
muher	m ʊ h ɛ ɾ
muherista	m ʊ h ɛ ɾ i s t̪ ɐ
muhi	m uː h ɪ ʔ
muhi	m ʊ h ɪ ʔ
mukbang	m u k b ɐ ŋ
mukbang	m ʊ k b a ŋ
mukha	m ʊ k h a ʔ
mukha	m ʊ x a ʔ
mukhasim	m ʊ k h aː s ɪ m
mukmok	m ʊ k m o k̚
muksa	m ʊ k s a ʔ
mula	m uː l ɐ
mula	m uː l ɐ ʔ
mula	m ʊ l a
mula	m ʊ l a ʔ
mulabe	m ʊ l aː b ɛ
mulala	m ʊ l aː l ɐ ʔ
mulala	m ʊ l ɐ l a ʔ
mulan	m ʊ l a n̪
mulangkap	m ʊ l ɐ ŋ k a p̚
mulapik	m ʊ l aː p ɪ k̚
mulasik	m ʊ l aː s ɪ k̚
mulat	m uː l ɐ t̪̚
mulat	m ʊ l a t̪̚
mulatil	m ʊ l aː t̪ ɪ l
mulawen	m ʊ l aː w ɛ n̪
mulawin	m ʊ l aː w ɪ n̪
mule	m ʊ l ɛ
muli	m uː l ɪ ʔ
muli	m ʊ l ɪ
muli	m ʊ l ɪ ʔ
mulias	m ʊ l iː ʔ ɐ s
mulias	m ʊ l ɪ ʔ a s
mulihon	m ʊ l ɪ h o n̪
mulimuli	m ʊ l ɪ m uː l ɪ ʔ
mulinilyo	m ʊ l ɪ n̪ i l j o
mulinsigla	m ʊ l ɪ n̪ s ɪ ɡ l a
mulintapang	m ʊ l ɪ n̪ t̪ aː p ɐ ŋ
mulinyari	m ʊ l ɪ n ɲ aː ɾ ɪ ʔ
mulinyari	m ʊ l ɪ n̪ j aː ɾ ɪ ʔ
mulkaphay	m ʊ l k ɐ p h a ɪ̯
mulmayawan	m ʊ l m ɐ j aː w ɐ n̪
mulpikan	m ʊ l p iː x ɐ n̪
multa	m ʊ l t̪ a
multilingguwal	m ʊ l t̪ ɪ l ɪ ŋ ɡ w a l
multiplikasyon	m ʊ l t̪ ɪ p l ɪ x ɐ s j o n̪
multiplikasyon	m ʊ l t̪ ɪ p l ɪ x ɐ ʃ o n̪
multo	m ʊ l t̪ o
multuhin	m ʊ l t̪ ʊ h ɪ n̪
mulumor	m ʊ l ʊ m o ɾ
mulyas	m ʊ l j a s
mulyihon	m ʊ l j ɪ h o n̪
mulyohon	m ʊ l j o h o n̪
mulyon	m ʊ l j o n̪
mumo	m uː m o
mumo	m uː m o ʔ
mumog	m uː m o ɡ̚
mumshie	m a m s j ɪ
mumshie	m a m ʃ ɪ
mumu	m uː m ʊ ʔ
muna	m uː n̪ ɐ
munay	m uː n̪ a ɪ̯
munay	m ʊ n̪ a ɪ̯
mundial	m ʊ n̪ d̪ j a l
mundial	m ʊ n̪ d͡ʒ a l
mundiyal	m ʊ n̪ d̪ j a l
mundiyal	m ʊ n̪ d͡ʒ a l
mundo	m u n̪ d̪ o
mundo	m ʊ n̪ d̪ o
mundyal	m ʊ n̪ d̪ j a l
mundyal	m ʊ n̪ d͡ʒ a l
munggo	m u ŋ ɡ o
munggo	m ʊ ŋ ɡ o
mungkahi	m ʊ ŋ k aː h ɪ ʔ
munglay	m ʊ n̪ l a ɪ̯
mungot	m uː ŋ o t̪̚
muni	m uː n̪ ɪ
muni	m uː n̪ ɪ ʔ
munika	m ʊ n̪ iː x ɐ ʔ
munimuni	m ʊ n̪ ɪ m uː n̪ ɪ
muning	m ʊ n̪ ɪ ŋ
munisipyo	m ʊ n̪ ɪ s i p j o
munisyon	m ʊ n̪ ɪ s j o n̪
munisyon	m ʊ n̪ ɪ ʃ o n̪
munlay	m ʊ n̪ l a ɪ̯
munsik	m ʊ n̪ s ɪ k̚
muntaklat	m ʊ n̪ t̪ ɐ k l a t̪̚
muntanga	m u n̪ t̪ ɐ ŋ a
munti	m ʊ n̪ t̪ ɪ ʔ
muntik	m ʊ n̪ t̪ ɪ k̚
muntikan	m ʊ n̪ t̪ iː x ɐ n̪
munyagit	m ʊ n ɲ aː ɣ ɪ t̪̚
munyagit	m ʊ n̪ j aː ɣ ɪ t̪̚
munyika	m ʊ n ɲ iː x ɐ ʔ
munyika	m ʊ n̪ j iː x ɐ ʔ
muog	m uː ʔ o ɡ̚
muog	m ʊ ʔ o ɡ̚
muok	m ʊ ʔ o k̚
mura	m uː ɾ ɐ
mura	m uː ɾ ɐ ʔ
mura	m ʊ ɾ a
murahin	m ʊ ɾ aː h ɪ n̪
mursiko	m ʊ ɾ s iː x o
mursikos	m ʊ ɾ s iː x o s
mursiyas	m ʊ ɾ s iː j ɐ s
musala	m ʊ s aː l ɐ
museo	m ʊ s ɛː j o
museyo	m ʊ s ɛː j o
mushaf	m u s h ɐ f
mushaf	m u s h ɐ p̚
musika	m uː s ɪ x a
musikero	m ʊ s ɪ x ɛː ɾ o
musiko	m uː s ɪ x o
musim	m uː s ɪ m
muskabado	m ʊ s k ɐ b aː d̪ o
muskada	m ʊ s k aː d̪ ɐ
muskubado	m ʊ s k ʊ b aː d̪ o
muskulado	m ʊ s k ʊ l aː d̪ o
muskulo	m u s k ʊ l o
muskulo	m ʊ s k ʊ l o
musmos	m ʊ s m o s
musoleyo	m ʊ s o l ɛː j o
muson	m ʊ s o n̪
musta	m ʊ s t̪ a
mustasa	m ʊ s t̪ aː s ɐ
muta	m uː t̪ ɐ ʔ
muta	m ʊ t̪ a
mutawi	m ʊ t̪ aː w ɪ
mutawi	m ʊ t̪ aː w ɪ ʔ
mutha	m ʊ t̪ h a ʔ
mutsatsa	m ʊ t t͡ʃ aː t͡ʃ ɐ
mutsatsa	m ʊ t̪ s a t̪ s ɐ
mutsatso	m ʊ t t͡ʃ aː t͡ʃ o
mutsatso	m ʊ t̪ s a t̪ s o
mutwal	m ʊ t̪ w a l
mutya	m ʊ t t͡ʃ a ʔ
mutya	m ʊ t̪ j a ʔ
muwak	m uː w ɐ k̚
muwak	m w a k̚
muwang	m w a ŋ
muwebles	m w ɛ b l ɛ s
muwerto	m w ɛ ɾ t̪ o
muwi	m uː w ɪ ʔ
muwi	m w ɪ ʔ
muyangit	m ʊ j aː ŋ ɪ t̪̚
myembro	m j ɛ m b ɾ o
n	n̪
n	n̪ a
n	n̪ ɐ
n	ʔ ɛ n̪
n	ʔ ɛː n̪ ɛ
n'yo	n̪ j o
n'yo	ɲ o
na	n̪ ɐ
na'ng	n̪ a ŋ
naaagnas	n̪ ɐ ʔ aː ʔ ɐ ɡ n̪ a s
naaapektuhan	n̪ ɐ ʔ aː ʔ ɐ p ɛ k t̪ ʊ h a n̪
naapektuhan	n̪ ɐ ʔ ɐ p ɛ k t̪ ʊ h a n̪
nababagay	n̪ aː b ɐ b aː ɣ a ɪ̯
nababagay	n̪ ɐ b aː b aː ɣ a ɪ̯
nababagay	n̪ ɐ b ɐ b aː ɣ a ɪ̯
nabasa	n̪ aː b aː s ɐ
nabasa	n̪ aː b ɐ s a ʔ
nabasa	n̪ ɐ b aː s ɐ
nabasa	n̪ ɐ b ɐ s a ʔ
nabubuhay	n̪ ɐ b ʊ b uː h a ɪ̯
nabubulok	n̪ ɐ b uː b ʊ l o k̚
nabubuwisit	n̪ ɐ b ʊ b w iː s ɪ t̪̚
nabudol	n̪ ɐ b uː d̪ o l
nabuhay	n̪ ɐ b uː h a ɪ̯
nabutas	n̪ ɐ b uː t̪ ɐ s
nabuwisit	n̪ ɐ b w iː s ɪ t̪̚
nadir	n̪ ɐ d̪ ɪ ɾ
naga	n̪ aː ɣ ɐ
naga	n̪ aː ɣ ɐ ʔ
nagaganap	n̪ ɐ ɣ aː ɣ ɐ n̪ a p̚
nagagandahan	n̪ ɐ ɣ aː ɣ ɐ n̪ d̪ ɐ h a n̪
nagakuwento	n̪ ɐ ɣ ɐ k w ɛ n̪ t̪ o
naganap	n̪ aː ɣ ɐ n̪ a p̚
naganap	n̪ ɐ ɣ ɐ n̪ a p̚
nagandahan	n̪ ɐ ɣ ɐ n̪ d̪ ɐ h a n̪
nagbabaon	n̪ ɐ ɡ b aː b ɐ ʔ o n̪
nagbabaon	n̪ ɐ ɡ b ɐ b aː ʔ o n̪
nagbaon	n̪ ɐ ɡ b aː ʔ o n̪
nagbaon	n̪ ɐ ɡ b ɐ ʔ o n̪
nagdedeliryo	n̪ ɐ ɡ d̪ ɛ d̪ ɛ l i ɾ j o
nagdeliryo	n̪ ɐ ɡ d̪ ɛ l i ɾ j o
nagdudulot	n̪ ɐ ɡ d̪ uː d̪ uː l o t̪̚
nagdudulot	n̪ ɐ ɡ d̪ ʊ d̪ uː l o t̪̚
naghahari	n̪ ɐ ɡ h aː h aː ɾ ɪ ʔ
naghahari	n̪ ɐ ɡ h ɐ h aː ɾ ɪ ʔ
naghahasik	n̪ ɐ ɡ h aː h ɐ s ɪ k̚
naghasik	n̪ ɐ ɡ h ɐ s ɪ k̚
naghihingalo	n̪ ɐ ɡ h iː h ɪ ŋ ɐ l o
naghugas	n̪ ɐ ɡ h uː ɣ ɐ s
naghuhugas	n̪ ɐ ɡ h ʊ h uː ɣ ɐ s
nagiging	n̪ ɐ ɣ iː ɣ ɪ ŋ
naging	n̪ aː ɣ ɪ ŋ
naging	n̪ ɐ ɣ ɪ ŋ
nagkaaksidente	n̪ ɐ ɡ k ɐ ʔ ɐ k s ɪ d̪ ɛ n̪ t̪ ɛ
nagkakabit	n̪ ɐ ɡ k aː x ɐ b ɪ t̪̚
nagkakaisa	n̪ ɐ ɡ k aː x ɐ ʔ ɪ s a
nagkakaisa	n̪ ɐ ɡ k ɐ x aː ʔ ɪ s a
nagkakamali	n̪ ɐ ɡ k ɐ x aː m ɐ l ɪ ʔ
nagkakaroon	n̪ ɐ ɡ k aː x ɐ ɾ o n̪
nagkakaroon	n̪ ɐ ɡ k aː x ɐ ɾ o ʔ o n̪
nagkaroon	n̪ ɐ ɡ k ɐ ɾ o n̪
nagkaroon	n̪ ɐ ɡ k ɐ ɾ o ʔ o n̪
nagkudeta	n̪ ɐ ɡ k uː d̪ ɛ t̪ a
nagkukuwento	n̪ ɐ ɡ k ʊ k w ɛ n̪ t̪ o
nagkukwento	n̪ ɐ ɡ k ʊ k w ɛ n̪ t̪ o
nagkuwento	n̪ ɐ ɡ k w ɛ n̪ t̪ o
nagkwento	n̪ ɐ ɡ k w ɛ n̪ t̪ o
naglalakad	n̪ ɐ ɡ l aː l ɐ x a d̪̚
naglalaway	n̪ ɐ ɡ l aː l ɐ w a ɪ̯
naglaway	n̪ ɐ ɡ l ɐ w a ɪ̯
nagnakaw	n̪ ɐ ɡ n̪ aː x a ʊ̯
nagnanais	n̪ ɐ ɡ n̪ aː n̪ aː ʔ ɪ s
nagnanais	n̪ ɐ ɡ n̪ ɐ n̪ aː ʔ ɪ s
nagnanakaw	n̪ ɐ ɡ n̪ ɐ n̪ aː x a ʊ̯
nagningning	n̪ ɐ ɡ n̪ ɪ ŋ n̪ ɪ ŋ
nagniningning	n̪ ɐ ɡ n̪ iː n̪ ɪ ŋ n̪ ɪ ŋ
nagpapaubaya	n̪ ɐ ɡ p aː p ɐ ʔ ʊ b aː j ɐ ʔ
nagpaubaya	n̪ ɐ ɡ p ɐ ʔ ʊ b aː j ɐ ʔ
nagsasagawa	n̪ ɐ ɡ s aː s ɐ ɣ ɐ w a ʔ
nagsasaka	n̪ ɐ ɡ s ɐ s aː x ɐ
nagsasanhi	n̪ ɐ ɡ s aː s ɐ n̪ h ɪ ʔ
nagsentimyento	n̪ ɐ ɡ s ɛ n̪ t̪ ɪ m j ɛ n̪ t̪ o
nagtaning	n̪ ɐ ɡ t̪ aː n̪ ɪ ŋ
nagtataning	n̪ ɐ ɡ t̪ ɐ t̪ aː n̪ ɪ ŋ
nagugustuhan	n̪ ɐ ɣ uː ɣ ʊ s t̪ ʊ h a n̪
nagustuhan	n̪ ɐ ɣ ʊ s t̪ ʊ h a n̪
nagwas	n̪ a ɡ w ɐ s
nagwelga	n̪ ɐ ɡ w ɛ l ɡ ɐ
nagwewelga	n̪ ɐ ɡ w ɛ w ɛ l ɡ ɐ
nahan	n̪ aː h ɐ n̪
naik	n̪ aː ʔ ɪ k̚
nais	n̪ aː ʔ ɪ s
naisakatuparan	n̪ ɐ ʔ ɪ s ɐ x ɐ t̪ ʊ p aː ɾ ɐ n̪
naisakatutuparan	n̪ ɐ ʔ ɪ s ɐ x ɐ t̪ uː t̪ ʊ p aː ɾ ɐ n̪
naisasakatuparan	n̪ ɐ ʔ ɪ s aː s ɐ x ɐ t̪ ʊ p aː ɾ ɐ n̪
naitgaun	n̪ a ɪ̯ t̪ ɡ a ʊ̯ n̪
naitklab	n̪ a ɪ̯ t̪ k l ɐ b̚
najis	n̪ ɐ d̪ j ɪ s
najis	n̪ ɐ d͡ʒ ɪ s
nak	n̪ a k̚
nakaaadik	n̪ ɐ x ɐ ʔ ɐ ʔ aː d̪ ɪ k̚
nakaaalarma	n̪ ɐ x ɐ ʔ aː ʔ ɐ l a ɾ m ɐ
nakabibingi	n̪ ɐ x ɐ b iː b ɪ ŋ ɪ
nakabobobo	n̪ ɐ x ɐ b o b oː b o
nakabubuwisit	n̪ ɐ x ɐ b ʊ b w iː s ɪ t̪̚
nakadekstros	n̪ ɐ x ɐ d̪ ɛ k s t̪ ɾ o s
nakagawa	n̪ ɐ x aː ɣ ɐ w a ʔ
nakagawa	n̪ ɐ x ɐ ɣ ɐ w a ʔ
nakahahawa	n̪ ɐ x ɐ h aː h aː w ɐ
nakahahawa	n̪ ɐ x ɐ h aː h aː w ɐ ʔ
nakahahawa	n̪ ɐ x ɐ h ɐ h aː w ɐ
nakahahawa	n̪ ɐ x ɐ h ɐ h aː w ɐ ʔ
nakaiilang	n̪ ɐ x ɐ ʔ iː ʔ ɪ l a ŋ
nakaiinis	n̪ ɐ x ɐ ʔ iː ʔ ɪ n̪ ɪ s
nakaiintriga	n̪ ɐ x ɐ ʔ iː ʔ ɪ n̪ t̪ ɾ iː ɣ ɐ
nakain	n̪ aː x aː ʔ ɪ n̪
nakain	n̪ ɐ x aː ʔ ɪ n̪
nakainom	n̪ ɐ x aː ʔ ɪ n̪ o m
nakainom	n̪ ɐ x ɐ ʔ ɪ n̪ o m
nakakaadik	n̪ ɐ x ɐ x ɐ ʔ aː d̪ ɪ k̚
nakakaalarma	n̪ ɐ x ɐ x ɐ ʔ ɐ l a ɾ m ɐ
nakakabingi	n̪ ɐ x aː x ɐ b ɪ ŋ ɪ
nakakabobo	n̪ ɐ x ɐ x ɐ b oː b o
nakakabuwisit	n̪ ɐ x ɐ x ɐ b w iː s ɪ t̪̚
nakakabwisit	n̪ ɐ x ɐ x ɐ b w iː s ɪ t̪̚
nakakahawa	n̪ ɐ x aː x ɐ h aː w ɐ
nakakahawa	n̪ ɐ x aː x ɐ h aː w ɐ ʔ
nakakailang	n̪ ɐ x ɐ x ɐ ʔ ɪ l a ŋ
nakakainis	n̪ ɐ x aː x ɐ ʔ ɪ n̪ ɪ s
nakakaintriga	n̪ ɐ x ɐ x ɐ ʔ ɪ n̪ t̪ ɾ iː ɣ ɐ
nakakalason	n̪ ɐ x aː x ɐ l aː s o n̪
nakakaloka	n̪ ɐ x ɐ x ɐ l oː x ɐ
nakakaloko	n̪ ɐ x ɐ x ɐ l oː x o
nakakalula	n̪ ɐ x aː x ɐ l uː l ɐ ʔ
nakakapagod	n̪ ɐ x ɐ x ɐ p aː ɣ o d̪̚
nakakapagpabagabag	n̪ ɐ x aː x ɐ p ɐ ɡ p ɐ b ɐ ɣ aː b ɐ ɡ̚
nakakapinsala	n̪ ɐ x aː x ɐ p ɪ n̪ s aː l ɐ ʔ
nakakaputangina	n̪ ɐ x aː x ɐ p uː t̪ ɐ ŋ ɪ n̪ a
nakakasira	n̪ ɐ x aː x ɐ s iː ɾ ɐ ʔ
nakakatakot	n̪ ɐ x aː x ɐ t̪ aː x o t̪̚
nakalalasing	n̪ ɐ x ɐ l aː l ɐ s ɪ ŋ
nakalalason	n̪ ɐ x ɐ l ɐ l aː s o n̪
nakaloloka	n̪ ɐ x ɐ l o l oː x ɐ
nakaloloko	n̪ ɐ x ɐ l o l oː x o
nakalulula	n̪ ɐ x ɐ l uː l uː l ɐ ʔ
nakalulula	n̪ ɐ x ɐ l ʊ l uː l ɐ ʔ
nakamulaga	n̪ ɐ x ɐ m ʊ l ɐ ɣ a ʔ
nakanino	n̪ aː x ɐ n̪ iː n̪ o
nakapaa	n̪ ɐ x ɐ p aː ʔ ɐ
nakapaa	n̪ ɐ x ɐ p ɐ ʔ a
nakapagpapabagabag	n̪ ɐ x ɐ p ɐ ɡ p aː p ɐ b ɐ ɣ aː b ɐ ɡ̚
nakapapagod	n̪ ɐ x ɐ p ɐ p aː ɣ o d̪̚
nakapipinsala	n̪ ɐ x ɐ p iː p ɪ n̪ s aː l ɐ ʔ
nakapuputangina	n̪ ɐ x ɐ p ʊ p uː t̪ ɐ ŋ ɪ n̪ a
nakaputangina	n̪ ɐ x ɐ p uː t̪ ɐ ŋ ɪ n̪ a
nakaraan	n̪ ɐ x ɐ ɾ ɐ ʔ a n̪
nakasisira	n̪ ɐ x ɐ s iː s iː ɾ ɐ ʔ
nakasisira	n̪ ɐ x ɐ s ɪ s iː ɾ ɐ ʔ
nakatatakot	n̪ ɐ x ɐ t̪ ɐ t̪ aː x o t̪̚
nakaumbok	n̪ ɐ x ɐ ʔ ʊ m b o k̚
nakaw	n̪ aː x a ʊ̯
nakawin	n̪ ɐ x aː w ɪ n̪
nakayukyok	n̪ ɐ x ɐ j ʊ k j o k̚
nakibahagi	n̪ ɐ x ɪ b ɐ h aː ɣ ɪ
nakibahagi	n̪ ɐ x ɪ b ɐ h aː ɣ ɪ ʔ
nakikibahagi	n̪ ɐ x iː x ɪ b ɐ h aː ɣ ɪ
nakikibahagi	n̪ ɐ x iː x ɪ b ɐ h aː ɣ ɪ ʔ
nako	n̪ aː x o
nako	n̪ ɐ x o
naks	n̪ a k s
naku	n̪ ɐ x ʊ
naligo	n̪ ɐ l iː ɣ o ʔ
nalik	n̪ ɐ l ɪ k̚
nalilibog	n̪ ɐ l ɪ l iː b o ɡ̚
nalis	n̪ ɐ l ɪ s
namakyu	n̪ ɐ m a k j ʊ
namamakyu	n̪ ɐ m ɐ m a k j ʊ
namamanglaw	n̪ ɐ m aː m ɐ n̪ l a ʊ̯
naman	n̪ ɐ m a n̪
namatay	n̪ ɐ m ɐ t̪ a ɪ̯
namayat	n̪ ɐ m aː j ɐ t̪̚
nami	n̪ ɐ m ɪ ʔ
namin	n̪ aː m ɛ n̪
namin	n̪ aː m ɪ n̪
namnam	n̪ ɐ m n̪ a m
namok	n̪ ɐ m o k̚
namputsa	n̪ ɐ m p u t̪ s ɐ ʔ
namputsa	n̪ ɐ m p uː t͡ʃ ɐ ʔ
namumulias	n̪ ɐ m uː m ʊ l iː ʔ ɐ s
namumulias	n̪ ɐ m uː m ʊ l ɪ ʔ a s
namumuro	n̪ ɐ m uː m uː ɾ o
namumuro	n̪ ɐ m ʊ m uː ɾ o
namuro	n̪ ɐ m uː ɾ o
nana	n̪ aː n̪ ɐ
nana	n̪ aː n̪ ɐ ʔ
nana	n̪ ɐ n̪ a ʔ
nanaginip	n̪ ɐ n̪ ɐ ɣ iː n̪ ɪ p̚
nanakawin	n̪ ɐ n̪ ɐ x aː w ɪ n̪
nanalik	n̪ aː n̪ ɐ l ɪ k̚
nanaman	n̪ ɐ n̪ ɐ m a n̪
nanamantala	n̪ ɐ n̪ ɐ m ɐ n̪ t̪ ɐ l a
nananaig	n̪ ɐ n̪ aː n̪ ɐ ʔ ɪ ɡ̚
nananamantala	n̪ ɐ n̪ aː n̪ ɐ m ɐ n̪ t̪ ɐ l a
nanananghalian	n̪ ɐ n̪ aː n̪ ɐ ŋ h ɐ l iː ʔ ɐ n̪
nanang	n̪ aː n̪ ɐ ŋ
nananghalian	n̪ ɐ n̪ ɐ ŋ h ɐ l iː ʔ ɐ n̪
nanapal	n̪ aː n̪ ɐ p a l
nanasok	n̪ aː n̪ aː s o k̚
nanatay	n̪ aː n̪ ɐ t̪ a ɪ̯
nanay	n̪ aː n̪ a ɪ̯
nanay	n̪ ɐ n̪ a ɪ̯
nanayag	n̪ aː n̪ aː j ɐ ɡ̚
nandito	n̪ ɐ n̪ d̪ iː t̪ o
nandiyan	n̪ ɐ n̪ d̪ iː j ɐ n̪
nandiyan	n̪ ɐ n̪ d̪ j a n̪
nandiyan	n̪ ɐ n̪ d͡ʒ a n̪
nandoon	n̪ ɐ n̪ d̪ o n̪
nandoon	n̪ ɐ n̪ d̪ o ʔ o n̪
nang	n̪ ɐ ŋ
nangailangan	n̪ ɐ ŋ a ɪ̯ l aː ŋ ɐ n̪
nangailangan	n̪ ɐ ŋ ɐ ʔ ɪ l aː ŋ ɐ n̪
nangangailangan	n̪ ɐ ŋ ɐ ŋ a ɪ̯ l aː ŋ ɐ n̪
nangangailangan	n̪ ɐ ŋ ɐ ŋ ɐ ʔ ɪ l aː ŋ ɐ n̪
nanghahawa	n̪ ɐ ŋ h aː h aː w ɐ
nanghahawa	n̪ ɐ ŋ h aː h aː w ɐ ʔ
nanghahawa	n̪ ɐ ŋ h ɐ h aː w ɐ
nanghahawa	n̪ ɐ ŋ h ɐ h aː w ɐ ʔ
nanghaw	n̪ ɐ ŋ h a ʊ̯
nanghawa	n̪ ɐ ŋ h aː w ɐ
nanghawa	n̪ ɐ ŋ h aː w ɐ ʔ
nangingitlog	n̪ ɐ ŋ iː ŋ ɪ t̪ l̪ o ɡ̚
nangitlog	n̪ ɐ ŋ ɪ t̪ l̪ o ɡ̚
nangka	n̪ ɐ ŋ k a ʔ
nangyari	n̪ ɐ ŋ j aː ɾ ɪ
nanhaw	n̪ ɐ n̪ h a ʊ̯
naninigarilyo	n̪ ɐ n̪ ɪ n̪ ɪ ɣ ɐ ɾ i l j o
naniniwala	n̪ ɐ n̪ iː n̪ ɪ w aː l ɐ ʔ
naniwala	n̪ ɐ n̪ ɪ w aː l ɐ ʔ
nanlaban	n̪ ɐ n̪ l ɐ b a n̪
nanlilimahid	n̪ ɐ n̪ l ɪ l ɪ m aː h ɪ d̪̚
nanometro	n̪ ɐ n̪ o m ɛː t̪ ɾ o
nanometro	n̪ ɐ n̪ oː m ɛ t̪ ɾ o
naog	n̪ aː ʔ o ɡ̚
naol	n̪ ɐ ʔ o l
napakamabubuti	n̪ ɐ p ɐ x ɐ m ɐ b ʊ b uː t̪ ɪ
napakamabuti	n̪ ɐ p ɐ x ɐ m ɐ b uː t̪ ɪ
napal	n̪ ɐ p a l
napkin	n̪ a p k ɪ n̪
napnap	n̪ ɐ p n̪ a p̚
naptalina	n̪ ɐ p t̪ ɐ l iː n̪ ɐ
narangha	n̪ ɐ ɾ a ŋ h ɐ
naranha	n̪ ɐ ɾ a n̪ h ɐ
narito	n̪ aː ɾ ɪ t̪ o
narito	n̪ ɐ ɾ ɪ t̪ o
nariyan	n̪ aː ɾ j ɐ n̪
nariyan	n̪ ɐ ɾ iː j ɐ n̪
nariyan	n̪ ɐ ɾ j a n̪
narkotiko	n̪ ɐ ɾ k oː t̪ ɪ x o
naroon	n̪ aː ɾ o n̪
naroon	n̪ aː ɾ o ʔ o n̪
naroon	n̪ ɐ ɾ o n̪
naroon	n̪ ɐ ɾ o ʔ o n̪
nars	n̪ a ɹ s
nasa	n̪ aː s ɐ
nasa	n̪ aː s ɐ ʔ
nasa	n̪ ɐ s a ʔ
nasaan	n̪ aː s ɐ n̪
nasaan	n̪ aː s ɐ ʔ a n̪
nasaan	n̪ ɐ s a n̪
nasaan	n̪ ɐ s ɐ ʔ a n̪
nasama	n̪ ɐ s aː m ɐ
nasan	n̪ aː s ɐ n̪
nasan	n̪ ɐ s a n̪
nasasama	n̪ ɐ s ɐ s aː m ɐ
nasnas	n̪ ɐ s n̪ a s
nasok	n̪ aː s o k̚
nasusuka	n̪ ɐ s uː s ʊ x a
nasyon	n̪ ɐ s j o n̪
nasyon	n̪ ɐ ʃ o n̪
nasyonalidad	n̪ ɐ s j o n̪ ɐ l ɪ d̪ a d̪̚
nasyonalidad	n̪ ɐ ʃ o n̪ ɐ l ɪ d̪ a d̪̚
nasyonalismo	n̪ ɐ s j o n̪ ɐ l i s m o
nasyonalismo	n̪ ɐ ʃ o n̪ ɐ l i s m o
natae	n̪ aː t̪ aː j ɛ
natae	n̪ ɐ t̪ ɐ ʔ ɛ
natatauhan	n̪ ɐ t̪ ɐ t̪ ɐ ʔ uː h ɐ n̪
natauhan	n̪ ɐ t̪ ɐ ʔ uː h ɐ n̪
natay	n̪ ɐ t̪ a ɪ̯
natin	n̪ aː t̪ ɛ n̪
natin	n̪ aː t̪ ɪ n̪
natisod	n̪ ɐ t̪ iː s o d̪̚
natitisod	n̪ ɐ t̪ ɪ t̪ iː s o d̪̚
natural	n̪ ɐ t̪ ʊ ɾ a l
naturalesa	n̪ ɐ t̪ ʊ ɾ ɐ l ɛː s ɐ
naturan	n̪ ɐ t̪ uː ɾ ɐ n̪
nawa	n̪ ɐ w a
nawa	n̪ ɐ w a ʔ
nay	n̪ a ɪ̯
nayag	n̪ aː j ɐ ɡ̚
naylon	n̪ a ɪ̯ l o n̪
nayon	n̪ aː j o n̪
naytgaun	n̪ a ɪ̯ t̪ ɡ a ʊ̯ n̪
naytgawn	n̪ a ɪ̯ t̪ ɡ a ʊ̯ n̪
naytklab	n̪ a ɪ̯ t̪ k l ɐ b̚
ne	n̪ ɛ
nebera	n̪ ɛ b ɛː ɾ ɐ
nega	n̪ ɛː ɣ ɐ
negatibo	n̪ ɛ ɣ ɐ t̪ iː b o
negosasyon	n̪ ɛ ɣ o s ɐ s j o n̪
negosasyon	n̪ ɛ ɣ o s ɐ ʃ o n̪
negosyador	n̪ ɛ ɣ o s j ɐ d̪ o ɾ
negosyador	n̪ ɛ ɣ o ʃ ɐ d̪ o ɾ
negosyante	n̪ ɛ ɣ o s j a n̪ t̪ ɛ
negosyante	n̪ ɛ ɣ o ʃ a n̪ t̪ ɛ
negosyo	n̪ ɛ ɣ o s j o
negosyo	n̪ ɛ ɣ oː ʃ o
negra	n̪ ɛː ɡ ɾ ɐ
negro	n̪ ɛː ɡ ɾ o
nemonika	n̪ ɛ m oː n̪ ɪ x a
nene	n̪ ɛː n̪ ɛ ʔ
nenok	n̪ ɛː n̪ o k̚
neolohismo	n̪ ɛ j o l o h i s m o
neon	n̪ ɛ j o n̪
neon	n̪ ɛː j o n̪
nepotismo	n̪ ɛ p o t̪ i s m o
neptuno	n̪ ɛ p t̪ uː n̪ o
nerbiyos	n̪ ɛ ɾ b j o s
nerbiyoso	n̪ ɛ ɾ b j oː s o
nerbyos	n̪ ɛ ɾ b j o s
nerbyoso	n̪ ɛ ɾ b j oː s o
neto	n̪ ɛ t̪ o
neto	n̪ ɛː t̪ o
neutralidad	n̪ j ʊ t̪ ɾ ɐ l ɪ d̪ a d̪̚
neutralidad	ɲ ʊ t̪ ɾ ɐ l ɪ d̪ a d̪̚
neutron	n̪ j uː t̪ ɾ o n̪
neutron	n̪ j ʊ t̪ ɾ o n̪
neutron	ɲ uː t̪ ɾ o n̪
neutron	ɲ ʊ t̪ ɾ o n̪
neyon	n̪ ɛ j o n̪
neyon	n̪ ɛː j o n̪
ng	n̪ ɐ ŋ
ng	ŋ
ng	ŋ a
nga	ŋ a
nga	ŋ a ʔ
ngakngak	ŋ ɐ k ŋ a k̚
ngalan	ŋ aː l ɐ n̪
ngalangala	ŋ ɐ l ɐ ŋ ɐ l a
ngalay	ŋ aː l a ɪ̯
ngalit	ŋ aː l ɪ t̪̚
ngalngal	ŋ ɐ l ŋ a l
nganga	ŋ aː ŋ ɐ ʔ
nganga	ŋ ɐ ŋ a
nganga	ŋ ɐ ŋ a ʔ
ngangayon	ŋ aː ŋ ɐ j o n̪
ngani	ŋ aː n̪ ɪ ʔ
ngarod	ŋ ɐ ɾ o d̪̚
ngata	ŋ ɐ t̪ a ʔ
ngatal	ŋ ɐ t̪ a l
ngatngat	ŋ ɐ t̪ ŋ a t̪̚
ngaun	ŋ ɐ j ʊ n̪
ngawa	ŋ ɐ w a ʔ
ngawit	ŋ aː w ɪ t̪̚
ngawit	ŋ ɐ w ɪ t̪̚
ngay	ŋ a ɪ̯
ngayngay	ŋ a ɪ̯ ŋ a ɪ̯
ngayon	ŋ ɐ j o n̪
ngek	ŋ ɛ k̚
ngetpa	ŋ ɛ t̪ p ɐ
ngibugho	ŋ ɪ b ʊ ɡ h o ʔ
ngidngid	ŋ ɪ d̪ ŋ ɪ d̪̚
ngikngik	ŋ ɪ k ŋ ɪ k̚
ngilin	ŋ iː l ɪ n̪
ngilin	ŋ ɪ l ɪ n̪
ngilo	ŋ ɪ l o
ngima	ŋ iː m ɐ
ngima	ŋ ɪ m a ʔ
ngimay	ŋ iː m a ɪ̯
ngimay	ŋ ɪ m a ɪ̯
nginag	ŋ iː n̪ ɐ ɡ̚
ngingi	ŋ iː ŋ ɪ ʔ
nginig	ŋ ɪ n̪ ɛ ɡ̚
nginig	ŋ ɪ n̪ ɪ ɡ̚
ngino	ŋ iː n̪ o
ngipin	ŋ iː p ɪ n̪
ngiplong	ŋ ɪ p l o ŋ
ngisi	ŋ iː s ɪ
ngisi	ŋ ɪ s ɪ
ngiti	ŋ ɪ t̪ ɪ ʔ
ngitngit	ŋ ɪ t̪ ŋ ɪ t̪̚
ngiyaw	ŋ j a ʊ̯
ngudngod	ŋ ʊ d̪ ŋ o d̪̚
ngumisi	ŋ ʊ m iː s ɪ
ngumiti	ŋ ʊ m ɪ t̪ ɪ ʔ
ngumuya	ŋ ʊ m ʊ j a ʔ
nguni	ŋ uː n̪ ɪ ʔ
nguni't	ŋ uː n̪ ɪ t̪̚
ngunit	ŋ uː n̪ ɪ t̪̚
nguso	ŋ uː s o ʔ
nguya	ŋ ʊ j a ʔ
nguyngoy	ŋ ʊ ɪ̯ ŋ o ɪ̯
ni	n̪ ɪ
nibel	n̪ ɪ b ɛ l
nibig	n̪ iː b ɪ ɡ̚
nido	n̪ iː d̪ o
nigo	n̪ iː ɣ o ʔ
nihilismo	n̪ ɪ h ɪ l i s m o
niig	n̪ ɪ ʔ ɪ ɡ̚
nikab	n̪ ɪ x a b̚
nikat	n̪ iː x ɐ t̪̚
nikel	n̪ iː x ɛ l
niknik	n̪ ɪ k n̪ ɪ k̚
nikotina	n̪ ɪ x o t̪ iː n̪ ɐ
nila	n̪ iː l ɐ ʔ
nila	n̪ ɪ l a
nilabasan	n̪ ɪ l ɐ b ɐ s a n̪
nilabhan	n̪ ɪ l ɐ b h a n̪
nilad	n̪ iː l ɐ d̪̚
nilaga	n̪ ɪ l aː ɣ ɐ ʔ
nilalabhan	n̪ ɪ l aː l ɐ b h a n̪
nilalang	n̪ ɪ l ɐ l a ŋ
nilay	n̪ iː l a ɪ̯
nilooban	n̪ ɪ l o ʔ o b a n̪
nilooban	n̪ ɪ l o ʔ oː b ɐ n̪
nilupak	n̪ ɪ l ʊ p a k̚
nimpa	n̪ i m p ɐ
nimsiha	n̪ ɪ m s iː h ɐ ʔ
nina	n̪ ɪ n̪ a
ninag	n̪ iː n̪ ɐ ɡ̚
ninakaw	n̪ ɪ n̪ aː x a ʊ̯
ninanakaw	n̪ ɪ n̪ ɐ n̪ aː x a ʊ̯
ninang	n̪ iː n̪ ɐ ŋ
ningas	n̪ iː ŋ ɐ s
ningning	n̪ ɪ ŋ n̪ ɪ ŋ
ninibig	n̪ iː n̪ iː b ɪ ɡ̚
ninikat	n̪ iː n̪ iː x ɐ t̪̚
ninirog	n̪ iː n̪ iː ɾ o ɡ̚
ninita	n̪ iː n̪ iː t̪ ɐ
ninita	n̪ iː n̪ iː t̪ ɐ ʔ
nino	n̪ iː n̪ o
ninong	n̪ iː n̪ o ŋ
ninuman	n̪ iː n̪ ʊ m a n̪
ninuno	n̪ ɪ n̪ uː n̪ o ʔ
ninyo	n̪ ɪ n ɲ o
ninyo	n̪ ɪ n̪ j o
nipa	n̪ iː p ɐ
nipis	n̪ ɪ p ɪ s
nirog	n̪ iː ɾ o ɡ̚
nisnis	n̪ ɪ s n̪ ɪ s
nita	n̪ iː t̪ ɐ
nita	n̪ iː t̪ ɐ ʔ
nito	n̪ ɪ t̪ o
nitrogliserina	n̪ ɪ t̪ ɾ o ɡ l ɪ s ɛ ɾ iː n̪ ɐ
nitroheno	n̪ ɪ t̪ ɾ oː h ɛ n̪ o
nitso	n̪ i t̪ s o
nitso	n̪ iː t͡ʃ o
niya	n̪ iː j ɐ
niya	n̪ j a
niya	ɲ a
niyan	n̪ j a n̪
niyan	ɲ a n̪
niyebe	n̪ j ɛː b ɛ
niyebe	ɲ ɛː b ɛ
niyo	n̪ iː j o
niyo	n̪ j o
niyo	ɲ o
niyog	n̪ j o ɡ̚
niyog	ɲ o ɡ̚
niyon	n̪ iː j o n̪
niyon	n̪ j o n̪
niyon	ɲ o n̪
niyor	n̪ j o ɾ
niyor	ɲ o ɾ
niyugan	n̪ j uː ɣ ɐ n̪
niyugan	ɲ uː ɣ ɐ n̪
nobela	n̪ o b ɛː l ɐ
nobelista	n̪ o b ɛ l i s t̪ ɐ
nobena	n̪ o b ɛː n̪ ɐ
nobenaryo	n̪ o b ɛ n̪ a ɾ j o
nobenta	n̪ o b ɛ n̪ t̪ ɐ
nobilidad	n̪ o b ɪ l ɪ d̪ a d̪̚
noble	n̪ oː b l ɛ
noblesa	n̪ o b l ɛː s ɐ
nobya	n̪ o b j ɐ
nobyo	n̪ o b j o
nognog	n̪ o ɡ n̪ o ɡ̚
nokturno	n̪ o k t̪ u ɾ n̪ o
nominatibo	n̪ o m ɪ n̪ ɐ t̪ iː b o
nones	n̪ oː n̪ ɛ s
noo	n̪ o ʔ o
noo	n̪ oː ʔ o
nood	n̪ o ʔ o d̪̚
nood	n̪ oː ʔ o d̪̚
noon	n̪ o n̪
noon	n̪ o ʔ o n̪
noor	n̪ o ʔ o ɾ
noor	n̪ oː ʔ o ɾ
nordeste	n̪ o ɾ d̪ ɛ s t̪ ɛ
normal	n̪ o ɾ m a l
normal	n̪ o ɾ m ɐ l
normalin	n̪ o ɾ m ɐ l ɪ n̪
norte	n̪ o ɾ t̪ ɛ
norweste	n̪ o ɾ w ɛ s t̪ ɛ
nosebleed	n̪ o ʊ̯ s b l ɪ d̪̚
nosi	n̪ oː s ɪ
nostiko	n̪ o s t̪ ɪ x o
nota	n̪ oː t̪ ɐ
notable	n̪ o t̪ a b l ɛ
notaryo	n̪ o t̪ a ɾ j o
notasyon	n̪ o t̪ ɐ s j o n̪
notasyon	n̪ o t̪ ɐ ʃ o n̪
notipikasyon	n̪ o t̪ ɪ p ɪ x ɐ s j o n̪
notipikasyon	n̪ o t̪ ɪ p ɪ x ɐ ʃ o n̪
nudels	n̪ uː d̪ ɛ l s
nugo	n̪ uː ɣ o
nuklear	n̪ ʊ k l ɛ j a ɾ
nukleyar	n̪ ʊ k l ɛ j a ɾ
nuksa	n̪ ʊ k s a ʔ
nulan	n̪ ʊ l a n̪
numero	n̪ uː m ɛ ɾ o
numipis	n̪ ʊ m ɪ p ɪ s
nunal	n̪ ʊ n̪ a l
nungka	n̪ u ŋ k ɐ
nuno	n̪ uː n̪ o ʔ
nunsiyo	n̪ u n̪ s j o
nunsiyo	n̪ u n̪ ʃ o
nunsyo	n̪ u n̪ s j o
nunsyo	n̪ u n̪ ʃ o
nunulan	n̪ uː n̪ ʊ l a n̪
nunuwi	n̪ uː n̪ uː w ɪ ʔ
nunuwi	n̪ uː n̪ w ɪ ʔ
nuod	n̪ uː ʔ o d̪̚
nuod	n̪ ʊ ʔ o d̪̚
nuses	n̪ uː s ɛ s
nusis	n̪ uː s ɪ s
nutrisyon	n̪ ʊ t̪ ɾ ɪ s j o n̪
nutrisyon	n̪ ʊ t̪ ɾ ɪ ʃ o n̪
nutrisyonist	n̪ ʊ t̪ ɾ i s j o n̪ ɪ s t̪
nutrisyonist	n̪ ʊ t̪ ɾ iː ʃ o n̪ ɪ s t̪
nutrisyonista	n̪ ʊ t̪ ɾ ɪ s j o n̪ i s t̪ ɐ
nutrisyonista	n̪ ʊ t̪ ɾ ɪ ʃ o n̪ i s t̪ ɐ
nutrisyunista	n̪ ʊ t̪ ɾ ɪ s j ʊ n̪ i s t̪ ɐ
nutrisyunista	n̪ ʊ t̪ ɾ ɪ ʃ ʊ n̪ i s t̪ ɐ
nuwebe	n̪ w ɛː b ɛ
nuwes	n̪ w ɛ s
nuwi	n̪ uː w ɪ ʔ
nuwi	n̪ w ɪ ʔ
nwebe	n̪ w ɛː b ɛ
nya	n̪ j a
nya	ɲ a
nyor	n̪ j o ɾ
nyor	ɲ o ɾ
n͠g	n̪ ɐ ŋ
o	o
o	ʔ o
o	ʔ o ʊ̯
oasis	ʔ o w aː s ɪ s
obaryo	ʔ o b a ɾ j o
obeha	ʔ o b ɛː h ɐ
obelisko	ʔ o b ɛ l i s k o
obertaim	ʔ oː b ɛ ɾ t̪ a ɪ̯ m
obertaym	ʔ oː b ɛ ɾ t̪ a ɪ̯ m
obhetibismo	ʔ o b h ɛ t̪ ɪ b i s m o
obhetibo	ʔ o b h ɛ t̪ iː b o
obheto	ʔ o b h ɛː t̪ o
obispado	ʔ o b ɪ s p aː d̪ o
obispo	ʔ o b i s p o
obitwaryo	ʔ o b ɪ t̪ w a ɾ j o
oblasyon	ʔ o b l ɐ s j o n̪
oblasyon	ʔ o b l ɐ ʃ o n̪
obliga	ʔ o b l ɪ ɣ a
obligado	ʔ o b l ɪ ɣ aː d̪ o
obligasyon	ʔ o b l ɪ ɣ ɐ s j o n̪
obligasyon	ʔ o b l ɪ ɣ ɐ ʃ o n̪
obligatoryo	ʔ o b l ɪ ɣ ɐ t̪ o ɾ j o
obliterasyon	ʔ o b l ɪ t̪ ɛ ɾ ɐ s j o n̪
obliterasyon	ʔ o b l ɪ t̪ ɛ ɾ ɐ ʃ o n̪
oblo	ʔ o b l o
obo	ʔ oː b o
obob	ʔ oː b o b̚
obra	ʔ o b ɾ a
obra	ʔ oː b ɾ ɐ
obrero	ʔ o b ɾ ɛː ɾ o
obserba	ʔ o b s ɛ ɾ b a
obserbasyon	ʔ o b s ɛ ɾ b ɐ s j o n̪
obserbasyon	ʔ o b s ɛ ɾ b ɐ ʃ o n̪
obserbatoryo	ʔ o b s ɛ ɾ b ɐ t̪ o ɾ j o
obsesyon	ʔ o b s ɛ s j o n̪
obsesyon	ʔ o b s ɛ ʃ o n̪
obstakulo	ʔ o b s t̪ aː x ʊ l o
oda	ʔ oː d̪ ɐ
odyens	ʔ o d̪ j ɛ n̪ s
odyens	ʔ oː d͡ʒ ɛ n̪ s
odyo	ʔ o d̪ j o
odyo	ʔ oː d͡ʒ o
oeste	ʔ o w ɛ s t̪ ɛ
ogag	ʔ oː ɣ ɐ ɡ̚
ogags	ʔ oː ɣ ɐ ɡ s
oh	ʔ o
ohaldre	ʔ o h a l d̪ ɾ ɛ
ohaldres	ʔ o h a l d̪ ɾ ɛ s
ohales	ʔ o h aː l ɛ s
ohetes	ʔ o h ɛː t̪ ɛ s
ohiya	ʔ o h iː j ɐ
oho	ʔ oː h o ʔ
oido	ʔ o w iː d̪ o
okasyon	ʔ o x ɐ s j o n̪
okasyon	ʔ o x ɐ ʃ o n̪
okasyonal	ʔ o x ɐ s j o n̪ a l
okasyonal	ʔ o x ɐ ʃ o n̪ a l
okey	ʔ o x e ɪ̯
okey	ʔ oː x e ɪ̯
okir	ʔ oː x ɪ ɾ
okoy	ʔ oː x o ɪ̯
okra	ʔ o k ɾ ɐ
okray	ʔ o k ɾ a ɪ̯
okre	ʔ o k ɾ ɛ
oks	ʔ o k s
oksidasyon	ʔ o k s ɪ d̪ ɐ s j o n̪
oksidasyon	ʔ o k s ɪ d̪ ɐ ʃ o n̪
oksidental	ʔ o k s ɪ d̪ ɛ n̪ t̪ a l
oksidente	ʔ o k s ɪ d̪ ɛ n̪ t̪ ɛ
oksiheno	ʔ o k s iː h ɛ n̪ o
oksiyon	ʔ o k s j o n̪
oksiyon	ʔ o k ʃ o n̪
oksyon	ʔ o k s j o n̪
oksyon	ʔ o k ʃ o n̪
oktaba	ʔ o k t̪ aː b ɐ
oktabina	ʔ o k t̪ ɐ b iː n̪ ɐ
oktagon	ʔ o k t̪ ɐ ɣ o n̪
oktopus	ʔ o k t̪ o p ʊ s
okultismo	ʔ o x ʊ l t̪ i s m o
okupa	ʔ o x ʊ p a
okupado	ʔ o x ʊ p aː d̪ o
okupante	ʔ o x ʊ p a n̪ t̪ ɛ
okupasyon	ʔ o x ʊ p ɐ s j o n̪
okupasyon	ʔ o x ʊ p ɐ ʃ o n̪
ola	ʔ oː l ɐ
olat	ʔ oː l ɐ t̪̚
olats	ʔ oː l ɐ t̪ s
oleo	ʔ oː l ɛ j o
oleomargarina	ʔ o l ɛ j o m ɐ ɾ ɡ ɐ ɾ iː n̪ ɐ
oliba	ʔ o l iː b ɐ
olibo	ʔ o l iː b o
oligarka	ʔ o l ɪ ɣ a ɾ k ɐ
oligarkiko	ʔ o l ɪ ɣ a ɾ k ɪ x o
oligarkiya	ʔ o l ɪ ɣ ɐ ɾ k iː j ɐ
oligopolyo	ʔ o l ɪ ɣ o p o l j o
olpaktoryo	ʔ o l p ɐ k t̪ o ɾ j o
olpatoryo	ʔ o l p ɐ t̪ o ɾ j o
olrayt	ʔ o l ɾ a ɪ̯ t̪
olyo	ʔ o l j o
omad	ʔ oː m ɐ d̪̚
omelet	ʔ oː m ɛ l ɛ t̪̚
omisyon	ʔ o m ɪ s j o n̪
omisyon	ʔ o m ɪ ʃ o n̪
omnipotensia	ʔ o m n̪ ɪ p o t̪ ɛ n̪ s j ɐ
omnipotensia	ʔ o m n̪ ɪ p o t̪ ɛ n̪ ʃ ɐ
omnipotensiya	ʔ o m n̪ ɪ p o t̪ ɛ n̪ s j ɐ
omnipotensiya	ʔ o m n̪ ɪ p o t̪ ɛ n̪ ʃ ɐ
omnipotensya	ʔ o m n̪ ɪ p o t̪ ɛ n̪ s j ɐ
omnipotensya	ʔ o m n̪ ɪ p o t̪ ɛ n̪ ʃ ɐ
omnisyensiya	ʔ o m n̪ ɪ s j ɛ n̪ s j ɐ
omnisyensiya	ʔ o m n̪ ɪ ʃ ɛ n̪ ʃ ɐ
omnisyente	ʔ o m n̪ ɪ s j ɛ n̪ t̪ ɛ
omnisyente	ʔ o m n̪ ɪ ʃ ɛ n̪ t̪ ɛ
omoseksuwal	ʔ o m o s ɛ k s w a l
omoseksuwalidad	ʔ o m o s ɛ k s w ɐ l ɪ d̪ a d̪̚
omosekswal	ʔ o m o s ɛ k s w a l
omosekswalidad	ʔ o m o s ɛ k s w ɐ l ɪ d̪ a d̪̚
oms	ʔ o m s
omsim	ʔ o m s ɪ m
omsimnida	ʔ o m s i m n̪ ɪ d̪ a
omyo	ʔ o m j o
on	ʔ o n̪
onab	ʔ oː n̪ ɐ b̚
onaman	ʔ oː n̪ ɐ m a n̪
onesto	ʔ o n̪ ɛ s t̪ o
onga	ʔ oː ŋ ɐ ʔ
onggo	ʔ o ŋ ɡ o
oniks	ʔ oː n̪ ɪ k s
onlayn	ʔ o n̪ l a ɪ̯ n̪
onomastika	ʔ o n̪ o m a s t̪ ɪ x a
onomatopeiko	ʔ o n̪ o m ɐ t̪ o p ɛː j ɪ x o
onomatopeya	ʔ o n̪ o m ɐ t̪ o p ɛː j ɐ
onomatopeyiko	ʔ o n̪ o m ɐ t̪ o p ɛː j ɪ x o
onor	ʔ o n̪ o ɾ
onorable	ʔ o n̪ o ɾ a b l ɛ
onsa	ʔ o n̪ s ɐ
onse	ʔ o n̪ s ɛ
onsehan	ʔ o n̪ s ɛ h a n̪
onsehan	ʔ o n̪ s ɛː h ɐ n̪
ontologo	ʔ o n̪ t̪ oː l o ɣ o
ontolohiko	ʔ o n̪ t̪ o l oː h ɪ x o
ontolohiya	ʔ o n̪ t̪ o l o h iː j ɐ
oo	ʔ o ʔ o ʔ
oo	ʔ oː ʔ o
oo	ʔ oː ʔ o ʔ
oo	ʔ uː ʔ o
oo	ʔ əː ʔ ə
ooo	ʔ o ʔ oː ʔ o
ooo	ʔ o ʔ oː ʔ o ʔ
ooo	ʔ oː ʔ oː ʔ o
ooo	ʔ oː ʔ oː ʔ o ʔ
oopo	ʔ oː ʔ o p o ʔ
opalo	ʔ oː p ɐ l o
opasidad	ʔ o p ɐ s ɪ d̪ a d̪̚
opensiba	ʔ o p ɛ n̪ s iː b ɐ
opensibo	ʔ o p ɛ n̪ s iː b o
opera	ʔ o p ɛ ɾ a
opera	ʔ oː p ɛ ɾ a
operado	ʔ o p ɛ ɾ aː d̪ o
operasyon	ʔ o p ɛ ɾ ɐ s j o n̪
operasyon	ʔ o p ɛ ɾ ɐ ʃ o n̪
operatiba	ʔ o p ɛ ɾ ɐ t̪ iː b ɐ
opereta	ʔ o p ɛ ɾ ɛː t̪ ɐ
opertoryo	ʔ o p ɛ ɾ t̪ o ɾ j o
opinyon	ʔ o p ɪ n ɲ o n̪
opinyon	ʔ o p ɪ n̪ j o n̪
opis	ʔ oː p ɪ s
opiser	ʔ oː p ɪ s ɛ ɾ
opisina	ʔ o p ɪ s iː n̪ ɐ
opisyal	ʔ o p ɪ s j a l
opisyal	ʔ o p ɪ ʃ a l
opisyales	ʔ o p ɪ s j aː l ɛ s
opisyales	ʔ o p ɪ ʃ aː l ɛ s
opisyo	ʔ o p i s j o
opisyo	ʔ o p iː ʃ o
oplan	ʔ o p l ɐ n̪
opo	ʔ oː p o ʔ
oportunidad	ʔ o p o ɾ t̪ ʊ n̪ ɪ d̪ a d̪̚
oportunismo	ʔ o p o ɾ t̪ ʊ n̪ i s m o
oportunista	ʔ o p o ɾ t̪ ʊ n̪ i s t̪ ɐ
oposisyon	ʔ o p o s ɪ s j o n̪
oposisyon	ʔ o p o s ɪ ʃ o n̪
opresyon	ʔ o p ɾ ɛ s j o n̪
opresyon	ʔ o p ɾ ɛ ʃ o n̪
ops	ʔ o p s
opsiyon	ʔ o p s j o n̪
opsiyon	ʔ o p ʃ o n̪
opsiyonal	ʔ o p s j o n̪ a l
opsiyonal	ʔ o p ʃ o n̪ a l
optalmologo	ʔ o p t̪ ɐ l m oː l o ɣ o
optalmolohiya	ʔ o p t̪ ɐ l m o l o h iː j ɐ
optimismo	ʔ o p t̪ ɪ m i s m o
optimista	ʔ o p t̪ ɪ m i s t̪ ɐ
optometra	ʔ o p t̪ oː m ɛ t̪ ɾ a
optometrista	ʔ o p t̪ o m ɛ t̪ ɾ i s t̪ ɐ
opyo	ʔ o p j o
opyum	ʔ o p j ʊ m
ora	ʔ oː ɾ ɐ
orakulo	ʔ o ɾ aː x ʊ l o
oramismo	ʔ oː ɾ ɐ m i s m o
oranggutan	ʔ o ɾ a ŋ ɡ ʊ t̪ a n̪
oraryo	ʔ o ɾ a ɾ j o
oras	ʔ oː ɾ ɐ s
orasan	ʔ o ɾ aː s ɐ n̪
orasan	ʔ o ɾ ɐ s a n̪
orasyon	ʔ o ɾ ɐ s j o n̪
orasyon	ʔ o ɾ ɐ ʃ o n̪
oratoryo	ʔ o ɾ ɐ t̪ o ɾ j o
orayt	ʔ o ɾ a ɪ̯ t̪
orayt	ʔ oː ɾ a ɪ̯ t̪
ordenador	ʔ o ɾ d̪ ɛ n̪ ɐ d̪ o ɾ
ordenansa	ʔ o ɾ d̪ ɛ n̪ a n̪ s ɐ
ordenasyon	ʔ o ɾ d̪ ɛ n̪ ɐ s j o n̪
ordenasyon	ʔ o ɾ d̪ ɛ n̪ ɐ ʃ o n̪
ordinansa	ʔ o ɾ d̪ ɪ n̪ a n̪ s ɐ
ordinaryo	ʔ o ɾ d̪ ɪ n̪ a ɾ j o
oregano	ʔ o ɾ ɛː ɣ ɐ n̪ o
org	ʔ o ɹ ɡ
organdi	ʔ o ɾ ɡ ɐ n̪ d̪ ɪ
organiko	ʔ o ɾ ɡ aː n̪ ɪ x o
organisado	ʔ o ɾ ɡ ɐ n̪ ɪ s aː d̪ o
organisasyon	ʔ o ɾ ɡ ɐ n̪ ɪ s ɐ s j o n̪
organisasyon	ʔ o ɾ ɡ ɐ n̪ ɪ s ɐ ʃ o n̪
organismo	ʔ o ɾ ɡ ɐ n̪ i s m o
organista	ʔ o ɾ ɡ ɐ n̪ i s t̪ ɐ
organo	ʔ o ɾ ɡ ɐ n̪ o
orgulyo	ʔ o ɾ ɡ u l j o
orig	ʔ o ɾ ɪ ɡ̚
orihen	ʔ o ɾ iː h ɛ n̪
orihinal	ʔ o ɾ ɪ h ɪ n̪ a l
orihinalidad	ʔ o ɾ ɪ h ɪ n̪ ɐ l ɪ d̪ a d̪̚
orinola	ʔ o ɾ ɪ n̪ oː l ɐ
orisonte	ʔ o ɾ ɪ s o n̪ t̪ ɛ
oriya	ʔ o ɾ iː j ɐ
oriya	ʔ o ɾ j a
orkesta	ʔ o ɾ k ɛ s t̪ ɐ
orkestra	ʔ o ɾ k ɛ s t̪ ɾ a
orkestra	ʔ o ɾ k ɛ s t̪ ɾ ɐ
orkid	ʔ o ɾ k ɪ d̪̚
orkidea	ʔ o ɾ k iː d̪ ɛ j a
orkidya	ʔ o ɾ k i d̪ j ɐ
orkidya	ʔ o ɾ k iː d͡ʒ ɐ
orkidyas	ʔ o ɾ k i d̪ j ɐ s
orkidyas	ʔ o ɾ k iː d͡ʒ ɐ s
ornitologo	ʔ o ɾ n̪ ɪ t̪ oː l o ɣ o
ornitolohiya	ʔ o ɾ n̪ ɪ t̪ o l o h iː j ɐ
oro	ʔ oː ɾ o
orocan	ʔ oː ɾ o x a n̪
oropel	ʔ o ɾ o p ɛ l
oros	ʔ oː ɾ o s
ortelano	ʔ o ɾ t̪ ɛ l aː n̪ o
ortograpiya	ʔ o ɾ t̪ o ɡ ɾ ɐ p iː j ɐ
orye	ʔ o ɾ j ɛ ʔ
oryental	ʔ o ɾ j ɛ n̪ t̪ a l
oryentasyon	ʔ o ɾ j ɛ n̪ t̪ ɐ s j o n̪
oryentasyon	ʔ o ɾ j ɛ n̪ t̪ ɐ ʃ o n̪
oryente	ʔ o ɾ j ɛ n̪ t̪ ɛ
osa	ʔ oː s ɐ
osilasyon	ʔ o s ɪ l ɐ s j o n̪
osilasyon	ʔ o s ɪ l ɐ ʃ o n̪
oslo	ʔ o s l o
oso	ʔ oː s o
ospital	ʔ o s p ɪ t̪ a l
ospitalidad	ʔ o s p ɪ t̪ ɐ l ɪ d̪ a d̪̚
ostiya	ʔ o s t̪ j ɐ
ostiya	ʔ o s t͡ʃ ɐ
ostrasismo	ʔ o s t̪ ɾ ɐ s i s m o
ostrits	ʔ o s t̪ ɾ ɪ t̪ s
ostrits	ʔ o s t̪ ɾ ɪ t͡ʃ
osyosera	ʔ o s j o s ɛː ɾ ɐ
osyosera	ʔ o ʃ o s ɛː ɾ ɐ
osyosero	ʔ o s j o s ɛː ɾ o
osyosero	ʔ o ʃ o s ɛː ɾ o
osyoso	ʔ o s j oː s o
osyoso	ʔ o ʃ oː s o
osyoso	ʔ ʊ s j oː s o
osyoso	ʔ ʊ ʃ oː s o
otap	ʔ oː t̪ ɐ p̚
otel	ʔ o t̪ ɛ l
otmil	ʔ o t̪ m ɪ l
oto	ʔ oː t̪ o
otomobil	ʔ oː t̪ o m oː b ɪ l
otonomus	ʔ o t̪ oː n̪ o m ʊ s
otoridad	ʔ o t̪ o ɾ ɪ d̪ a d̪̚
otsenta	ʔ o t t͡ʃ ɛ n̪ t̪ ɐ
otsenta	ʔ o t̪ s ɛ n̪ t̪ ɐ
otso	ʔ o t̪ s o
otso	ʔ oː t͡ʃ o
otsosiyentos	ʔ o t t͡ʃ o ʃ ɛ n̪ t̪ o s
otsosiyentos	ʔ o t̪ s o s j ɛ n̪ t̪ o s
otsosyentos	ʔ o t t͡ʃ o ʃ ɛ n̪ t̪ o s
otsosyentos	ʔ o t̪ s o s j ɛ n̪ t̪ o s
outfitera	ʔ a ʊ̯ t̪ f ɪ t̪ ɛː ɾ ɐ
outfitera	ʔ a ʊ̯ t̪ p ɪ t̪ ɛː ɾ ɐ
overtaym	ʔ oː b ɛ ɾ t̪ a ɪ̯ m
overtaym	ʔ oː v ɛ ɾ t̪ a ɪ̯ m
ow	ʔ o ʊ̯
oweste	ʔ o w ɛ s t̪ ɛ
owido	ʔ o w iː d̪ o
ows	ʔ o ʊ̯ s
oy	ʔ o ɪ̯
oyaye	ʔ o j aː j ɛ
oyaye	ʔ o j aː j ɛ ʔ
oyayi	ʔ o j aː j ɪ
oyayi	ʔ o j aː j ɪ ʔ
oyoy	ʔ o j o ɪ̯
p	p
p	p a
p	p ɐ
p	p ɛ
p	p ɪ
pa	p ɐ
paa	p aː ʔ ɐ
paa	p ɐ ʔ a
paaga	p ɐ ʔ aː ɣ ɐ
paaga	p ɐ ʔ ɐ ɣ a
paagwahan	p aː ʔ ɐ ɡ w aː h ɐ n̪
paagwahan	p ɐ ʔ ɐ ɡ w ɐ h a n̪
paaklatan	p aː ʔ ɐ k l aː t̪ ɐ n̪
paalala	p ɐ ʔ ɐ l aː l ɐ
paalala	p ɐ ʔ ɐ l ɐ l a
paalam	p ɐ ʔ aː l ɐ m
paalam	p ɐ ʔ ɐ l a m
paalisin	p ɐ ʔ ɐ l ɪ s ɪ n̪
paalkilahan	p aː ʔ ɐ l k ɪ l aː h ɐ n̪
paalsin	p ɐ ʔ ɐ l s ɪ n̪
paambundok	p ɐ ʔ a m b ʊ n̪ d̪ o k̚
paanakan	p aː ʔ ɐ n̪ aː x ɐ n̪
paandar	p ɐ ʔ ɐ n̪ d̪ a ɾ
paandarin	p ɐ ʔ ɐ n̪ d̪ ɐ ɾ ɪ n̪
paano	p aː n̪ o
paano	p ɐ ʔ aː n̪ o
paano	p ɐ ʔ ɐ n̪ o
paaralan	p aː ʔ ɐ ɾ ɐ l a n̪
paarkilahan	p aː ʔ ɐ ɾ k ɪ l aː h ɐ n̪
paasa	p ɐ ʔ aː s ɐ
paasahin	p ɐ ʔ ɐ s aː h ɪ n̪
paawat	p ɐ ʔ aː w ɐ t̪̚
pababa	p ɐ b ɐ b a ʔ
pabagalin	p ɐ b ɐ ɣ aː l ɪ n̪
pabahay	p ɐ b aː h a ɪ̯
pabalang	p ɐ b ɐ l a ŋ
pabalikin	p ɐ b ɐ l ɪ x ɪ n̪
pabango	p ɐ b ɐ ŋ o
pabasa	p ɐ b aː s ɐ
pabaya	p ɐ b ɐ j a ʔ
pabayaan	p ɐ b ɐ j aː ʔ ɐ n̪
pabebe	p ɐ b ɛː b ɛ
pabelyon	p ɐ b ɛ l j o n̪
pabigat	p ɐ b ɪ ɣ a t̪̚
pabilisin	p ɐ b ɪ l ɪ s ɪ n̪
pabini	p ɐ b iː n̪ ɪ ʔ
pabitak	p ɐ b ɪ t̪ a k̚
pabiyay	p ɐ b j a ɪ̯
pabling	p ɐ b l ɪ ŋ
pabliser	p a b l ɪ s ɛ ɾ
pablisyer	p a b l ɪ s j ɛ ɾ
pablisyer	p a b l ɪ ʃ ɛ ɾ
pabo	p aː b o
pabor	p ɐ b o ɾ
paboreal	p aː b o ɾ ɛ j a l
paboritismo	p ɐ b o ɾ ɪ t̪ i s m o
paborito	p ɐ b o ɾ iː t̪ o
pabrika	p a b ɾ ɪ x a
pabubulaanan	p ɐ b ʊ b ʊ l ɐ ʔ aː n̪ ɐ n̪
pabuksan	p ɐ b ʊ k s a n̪
pabula	p aː b ʊ l a
pabulaanan	p ɐ b ʊ l ɐ ʔ aː n̪ ɐ n̪
pabuya	p ɐ b uː j ɐ ʔ
padaanin	p ɐ d̪ ɐ ʔ aː n̪ ɪ n̪
padala	p ɐ d̪ ɐ l a
padaliin	p ɐ d̪ ɐ l ɪ ʔ ɪ n̪
padamdam	p ɐ d̪ ɐ m d̪ a m
padami	p ɐ d̪ ɐ m ɪ
padamihan	p aː d̪ ɐ m iː h ɐ n̪
padamihan	p ɐ d̪ ɐ m iː h ɐ n̪
pader	p ɐ d̪ ɛ ɾ
padpo	p ɐ d̪ p o
padrastro	p ɐ d̪ ɾ a s t̪ ɾ o
padre	p aː d̪ ɾ ɛ
padrino	p ɐ d̪ ɾ iː n̪ o
padugo	p ɐ d̪ ʊ ɣ o ʔ
padulas	p ɐ d̪ ʊ l a s
padulasan	p ɐ d̪ ʊ l aː s ɐ n̪
padyak	p ɐ d d͡ʒ a k̚
padyak	p ɐ d̪ j a k̚
padyama	p ɐ d d͡ʒ aː m ɐ
padyama	p ɐ d̪ j aː m ɐ
paelya	p ɐ ʔ ɛ l j ɐ
paepek	p ɐ ʔ ɛ p ɛ k̚
paet	p ɐ ʔ ɛ t̪̚
pag	p ɐ ɡ̚
paga	p ɐ ɣ a ʔ
pagagandahin	p ɐ ɣ aː ɣ ɐ n̪ d̪ ɐ h ɪ n̪
pagakpak	p ɐ ɣ ɐ k p a k̚
pagal	p ɐ ɣ a l
pagala	p ɐ ɣ aː l ɐ ʔ
pagalingin	p ɐ ɣ ɐ l ɪ ŋ ɪ n̪
pagamot	p ɐ ɣ aː m o t̪̚
pagamutan	p aː ɣ ɐ m uː t̪ ɐ n̪
pagandahin	p ɐ ɣ ɐ n̪ d̪ ɐ h ɪ n̪
pagare	p ɐ ɣ ɐ ɾ ɛ
pagatasan	p ɐ ɣ ɐ t̪ aː s ɐ n̪
pagaw	p aː ɣ a ʊ̯
pagaw	p ɐ ɣ a ʊ̯
pagawaan	p aː ɣ ɐ w aː ʔ ɐ n̪
pagaya	p ɐ ɣ aː j ɐ
pagbabago	p ɐ ɡ b ɐ b aː ɣ o
pagbabahagi	p ɐ ɡ b ɐ b ɐ h aː ɣ ɪ
pagbabahagi	p ɐ ɡ b ɐ b ɐ h aː ɣ ɪ ʔ
pagbabalik	p ɐ ɡ b ɐ b ɐ l ɪ k̚
pagbabasa	p ɐ ɡ b ɐ b ɐ s a
pagbabasa	p ɐ ɡ b ɐ b ɐ s a ʔ
pagbabasehan	p ɐ ɡ b ɐ b ɐ s ɛː h ɐ n̪
pagbaligtad	p ɐ ɡ b ɐ l ɪ ɡ t̪ a d̪̚
pagbasehan	p ɐ ɡ b ɐ s ɛː h ɐ n̪
pagbati	p ɐ ɡ b aː t̪ ɪ ʔ
pagbati	p ɐ ɡ b ɐ t̪ ɪ
pagbawalan	p ɐ ɡ b ɐ w aː l ɐ n̪
pagbawas	p ɐ ɡ b aː w ɐ s
pagbigkas	p ɐ ɡ b ɪ ɡ k a s
pagbilang	p ɐ ɡ b iː l ɐ ŋ
pagbubukid	p ɐ ɡ b ʊ b ʊ x ɪ d̪̚
pagbubuntis	p ɐ ɡ b ʊ b ʊ n̪ t̪ ɪ s
pagbuntunan	p ɐ ɡ b ʊ n̪ t̪ ʊ n̪ a n̪
pagdaan	p ɐ ɡ d̪ ɐ ʔ a n̪
pagdahak	p ɐ ɡ d̪ ɐ h a k̚
pagdalaw	p ɐ ɡ d̪ aː l a ʊ̯
pagdaragilap	p ɐ ɡ d̪ ɐ ɾ ɐ ɣ ɪ l a p̚
pagdating	p ɐ ɡ d̪ ɐ t̪ ɪ ŋ
pagdedeposito	p ɐ ɡ d̪ ɛ d̪ ɛ p oː s ɪ t̪ o
pagdila	p ɐ ɡ d̪ iː l ɐ ʔ
pagdinig	p ɐ ɡ d̪ ɪ n̪ ɪ ɡ̚
pagdiriwang	p ɐ ɡ d̪ ɪ ɾ iː w ɐ ŋ
pagdudahan	p ɐ ɡ d̪ ʊ d̪ aː h ɐ n̪
pagdudugo	p ɐ ɡ d̪ ʊ d̪ ʊ ɣ o ʔ
pagdurugo	p ɐ ɡ d̪ ʊ ɾ ʊ ɣ o ʔ
page	p aː ɣ ɛ
pagerper	p aː ɣ ɛ ɾ p ɛ ɾ
paggatas	p ɐ ɡ ɡ aː t̪ ɐ s
paggiba	p ɐ ɡ ɡ ɪ b a ʔ
paggising	p ɐ ɡ ɡ iː s ɪ ŋ
paghahabol	p ɐ ɡ h ɐ h aː b o l
paghahabol	p ɐ ɡ h ɐ h ɐ b o l
paghahambing	p ɐ ɡ h ɐ h ɐ m b ɪ ŋ
paghahanda	p ɐ ɡ h ɐ h ɐ n̪ d̪ a ʔ
paghahayupan	p ɐ ɡ h ɐ h ɐ j uː p ɐ n̪
paghakbang	p ɐ ɡ h ɐ k b a ŋ
paghanga	p ɐ ɡ h aː ŋ ɐ ʔ
paghigantihan	p ɐ ɡ h ɪ ɣ ɐ n̪ t̪ ɪ h a n̪
paghihiganti	p ɐ ɡ h ɪ h ɪ ɣ ɐ n̪ t̪ ɪ
paghihingalo	p ɐ ɡ h ɪ h ɪ ŋ ɐ l o ʔ
paghinalaan	p ɐ ɡ h ɪ n̪ ɐ l aː ʔ ɐ n̪
paghuhukom	p ɐ ɡ h ʊ h ʊ x o m
paghuyad	p ɐ ɡ h uː j ɐ d̪̚
pagi	p aː ɣ ɪ
pagitan	p ɐ ɣ iː t̪ ɐ n̪
pagka	p ɐ ɡ k a
pagkaalipin	p ɐ ɡ k ɐ ʔ ɐ l iː p ɪ n̪
pagkaantigo	p ɐ ɡ k ɐ ʔ ɐ n̪ t̪ iː ɣ o
pagkabalisa	p ɐ ɡ k ɐ b ɐ l ɪ s a
pagkabata	p ɐ ɡ k ɐ b aː t̪ ɐ ʔ
pagkabigo	p ɐ ɡ k ɐ b ɪ ɣ o ʔ
pagkabilanggo	p ɐ ɡ k ɐ b ɪ l ɐ ŋ ɡ o ʔ
pagkabuhay	p ɐ ɡ k aː b uː h a ɪ̯
pagkabuhay	p ɐ ɡ k ɐ b uː h a ɪ̯
pagkabuhay	p ɐ ɡ k ɐ b ʊ h a ɪ̯
pagkabuti	p ɐ ɡ k ɐ b uː t̪ ɪ
pagkaguluhan	p ɐ ɡ k aː ɣ ʊ l ʊ h a n̪
pagkaigkasin	p ɐ ɡ k ɐ ʔ ɪ ɡ k aː s ɪ n̪
pagkain	p ɐ ɡ k aː ʔ ɛ n̪
pagkain	p ɐ ɡ k aː ʔ ɪ n̪
pagkaisahan	p ɐ ɡ k ɐ ʔ ɪ s ɐ h a n̪
pagkaitan	p ɐ ɡ k a ɪ̯ t̪ a n̪
pagkaitan	p ɐ ɡ k ɐ ʔ ɪ t̪ a n̪
pagkakaibigan	p ɐ ɡ k ɐ x a ɪ̯ b iː ɣ ɐ n̪
pagkakaibigan	p ɐ ɡ k ɐ x ɐ ʔ ɪ b iː ɣ ɐ n̪
pagkakaisa	p ɐ ɡ k ɐ x aː ʔ ɪ s a
pagkakakilalanan	p ɐ ɡ k ɐ x aː x ɪ l ɐ l ɐ n̪ a n̪
pagkakakilanlan	p ɐ ɡ k ɐ x aː x ɪ l ɐ n̪ l a n̪
pagkakalason	p ɐ ɡ k ɐ x ɐ l aː s o n̪
pagkakamatay	p ɐ ɡ k aː x ɐ m ɐ t̪ a ɪ̯
pagkakasakit	p ɐ ɡ k ɐ x ɐ s ɐ x ɪ t̪̚
pagkakasiraan	p ɐ ɡ k ɐ x ɐ s ɪ ɾ ɐ ʔ a n̪
pagkakasundo	p ɐ ɡ k ɐ x aː s ʊ n̪ d̪ o ʔ
pagkakataon	p ɐ ɡ k ɐ x aː t̪ ɐ ʔ o n̪
pagkakaunawa	p ɐ ɡ k ɐ x ɐ ʔ ʊ n̪ aː w ɐ ʔ
pagkakaunawaan	p ɐ ɡ k ɐ x ɐ ʔ ʊ n̪ ɐ w ɐ ʔ a n̪
pagkalalaki	p ɐ ɡ k ɐ l ɐ l aː x ɪ
pagkalito	p ɐ ɡ k ɐ l ɪ t̪ o
pagkalooban	p ɐ ɡ k ɐ l o o b a n̪
pagkamakabagunsakupin	p ɐ ɡ k ɐ m ɐ x ɐ b ɐ ɣ ʊ n̪ s ɐ x uː p ɪ n̪
pagkamakagahum	p ɐ ɡ k ɐ m ɐ x ɐ ɣ aː h ʊ m
pagkamalan	p ɐ ɡ k aː m ɐ l a n̪
pagkamalikhain	p ɐ ɡ k ɐ m ɐ l ɪ k h aː ʔ ɪ n̪
pagkamapanlikha	p ɐ ɡ k ɐ m ɐ p ɐ n̪ l ɪ k h a ʔ
pagkamatatag	p ɐ ɡ k ɐ m ɐ t̪ ɐ t̪ a ɡ̚
pagkanonisa	p ɐ ɡ k ɐ n̪ o n̪ ɪ s a
pagkapangulo	p ɐ ɡ k aː p ɐ ŋ uː l o
pagkaraan	p ɐ ɡ k ɐ ɾ aː ʔ ɐ n̪
pagkaraan	p ɐ ɡ k ɐ ɾ ɐ ʔ a n̪
pagkasuplada	p ɐ ɡ k ɐ s ʊ p l aː d̪ ɐ
pagkasuplado	p ɐ ɡ k ɐ s ʊ p l aː d̪ o
pagkatapos	p ɐ ɡ k ɐ t̪ aː p o s
pagkatiwalaan	p ɐ ɡ k ɐ t̪ ɪ w ɐ l aː ʔ ɐ n̪
pagkaulila	p ɐ ɡ k ɐ ʔ ʊ l iː l ɐ
pagkawakaak	p ɐ ɡ k ɐ w ɐ x aː ʔ ɐ k̚
pagkilala	p ɐ ɡ k ɪ l aː l ɐ
pagkindat	p ɐ ɡ k ɪ n̪ d̪ a t̪̚
pagkit	p ɐ ɡ k ɪ t̪̚
pagkukunwari	p ɐ ɡ k ʊ x ʊ n̪ w ɐ ɾ ɪ ʔ
paglabag	p ɐ ɡ l ɐ b a ɡ̚
paglalarawan	p ɐ ɡ l ɐ l ɐ ɾ aː w ɐ n̪
paglalasing	p ɐ ɡ l ɐ l ɐ s ɪ ŋ
paglathala	p ɐ ɡ l ɐ t̪ h aː l ɐ ʔ
paglilikha	p ɐ ɡ l ɪ l ɪ k h a ʔ
paglilinaw	p ɐ ɡ l ɪ l iː n̪ a ʊ̯
paglilitis	p ɐ ɡ l ɪ l iː t̪ ɪ s
paglipas	p ɐ ɡ l iː p ɐ s
pagluluksa	p ɐ ɡ l ʊ l ʊ k s a ʔ
pagmalupitan	p ɐ ɡ m ɐ l ʊ p ɪ t̪ a n̪
pagmamadali	p ɐ ɡ m ɐ m ɐ d̪ ɐ l ɪ ʔ
pagmamahal	p ɐ ɡ m ɐ m ɐ h a l
pagmamalupit	p ɐ ɡ m ɐ m ɐ l ʊ p ɪ t̪̚
pagmimina	p ɐ ɡ m ɪ m iː n̪ ɐ
pagmulan	p ɐ ɡ m ʊ l a n̪
pagnanakaw	p ɐ ɡ n̪ ɐ n̪ aː x a ʊ̯
pagnanasa	p ɐ ɡ n̪ ɐ n̪ aː s ɐ ʔ
pagod	p aː ɣ o d̪̚
pagod	p ɐ ɣ o d̪̚
pagong	p ɐ ɣ o ŋ
pagpag	p ɐ ɡ p a ɡ̚
pagpapaagas	p ɐ ɡ p ɐ p ɐ ʔ aː ɣ ɐ s
pagpapabago	p ɐ ɡ p ɐ p ɐ b aː ɣ o
pagpapala	p ɐ ɡ p ɐ p aː l ɐ ʔ
pagpapalaglag	p ɐ ɡ p ɐ p ɐ l ɐ ɡ l a ɡ̚
pagpapalinaw	p ɐ ɡ p ɐ p ɐ l iː n̪ a ʊ̯
pagpapanggap	p ɐ ɡ p ɐ p ɐ ŋ ɡ a p̚
pagpaparami	p ɐ ɡ p ɐ p ɐ ɾ aː m ɪ
pagpapasadya	p ɐ ɡ p ɐ p ɐ s ɐ d d͡ʒ a ʔ
pagpapasadya	p ɐ ɡ p ɐ p ɐ s ɐ d̪ j a ʔ
pagpapatiwakal	p ɐ ɡ p ɐ p ɐ t̪ ɪ w ɐ x a l
pagpapatuloy	p ɐ ɡ p ɐ p ɐ t̪ uː l o ɪ̯
pagpapatupad	p ɐ ɡ p ɐ p ɐ t̪ ʊ p a d̪̚
pagpapatuyo	p ɐ ɡ p ɐ p ɐ t̪ ʊ j o ʔ
pagpapaunawa	p ɐ ɡ p ɐ p ɐ ʔ ʊ n̪ aː w ɐ ʔ
pagpatay	p ɐ ɡ p ɐ t̪ a ɪ̯
pagpepersonipika	p ɐ ɡ p ɛ p ɛ ɾ s o n̪ ɪ p ɪ x a
pagpipinta	p ɐ ɡ p ɪ p ɪ n̪ t̪ a
pagpipintura	p ɐ ɡ p ɪ p ɪ n̪ t̪ uː ɾ ɐ
pagpisan	p ɐ ɡ p iː s ɐ n̪
pagpuga	p ɐ ɡ p uː ɣ ɐ
pagpupugay	p ɐ ɡ p ʊ p uː ɣ a ɪ̯
pagpupugot	p ɐ ɡ p ʊ p uː ɣ o t̪̚
pagputok	p ɐ ɡ p ʊ t̪ o k̚
pagsabihan	p ɐ ɡ s ɐ b iː h ɐ n̪
pagsamantalahan	p ɐ ɡ s ɐ m ɐ n̪ t̪ ɐ l ɐ h a n̪
pagsasaanyo	p ɐ ɡ s ɐ s ɐ ʔ ɐ n ɲ o ʔ
pagsasaanyo	p ɐ ɡ s ɐ s ɐ ʔ ɐ n̪ j o ʔ
pagsasaayos	p ɐ ɡ s ɐ s ɐ ʔ aː j o s
pagsasabansa	p ɐ ɡ s ɐ s ɐ b ɐ n̪ s a ʔ
pagsasabatas	p ɐ ɡ s ɐ s ɐ b ɐ t̪ a s
pagsasabi	p ɐ ɡ s ɐ s aː b ɪ
pagsasadula	p ɐ ɡ s ɐ s ɐ d̪ ʊ l a ʔ
pagsasaka	p ɐ ɡ s ɐ s aː x ɐ
pagsasalin	p ɐ ɡ s ɐ s aː l ɪ n̪
pagsasama	p ɐ ɡ s ɐ s aː m ɐ
pagsasama	p ɐ ɡ s ɐ s ɐ m a
pagsasamantalahan	p ɐ ɡ s aː s ɐ m ɐ n̪ t̪ ɐ l ɐ h a n̪
pagsasanay	p ɐ ɡ s ɐ s aː n̪ a ɪ̯
pagsasapribado	p ɐ ɡ s ɐ s ɐ p ɾ ɪ b aː d̪ o
pagsasatao	p ɐ ɡ s ɐ s ɐ t̪ aː ʔ o
pagsasauli	p ɐ ɡ s o s oː l ɛ ʔ
pagsasauli	p ɐ ɡ s o s oː l ɪ ʔ
pagsasauli	p ɐ ɡ s ɐ s ɐ ʔ uː l ɪ ʔ
pagsaulan	p ɐ ɡ s ɐ ʔ ʊ l a n̪
pagsaulian	p ɐ ɡ s o l iː ʔ ɐ n̪
pagsaulian	p ɐ ɡ s ɐ ʔ ʊ l iː ʔ ɐ n̪
pagsaulian	p ɐ ɡ s ɐ ʔ ʊ l ɪ ʔ a n̪
pagsisihan	p ɐ ɡ s ɪ s iː h ɐ n̪
pagsisisi	p ɐ ɡ s ɪ s iː s ɪ
pagsisiyam	p ɐ ɡ s ɪ s j a m
pagsisiyam	p ɐ ɡ s ɪ ʃ a m
pagsolian	p ɐ ɡ s o l iː ʔ ɐ n̪
pagsulat	p ɐ ɡ s uː l ɐ t̪̚
pagsunlad	p ɐ ɡ s ʊ n̪ l a d̪̚
pagsusulit	p ɐ ɡ s ʊ s uː l ɪ t̪̚
pagsusunog	p ɐ ɡ s ʊ s ʊ n̪ o ɡ̚
pagsuway	p ɐ ɡ s w a ɪ̯
pagtaban	p ɐ ɡ t̪ aː b ɐ n̪
pagtae	p ɐ ɡ t̪ aː ʔ ɛ
pagtakpan	p ɐ ɡ t̪ ɐ k p a n̪
pagtalikod	p ɐ ɡ t̪ ɐ l iː x o d̪̚
pagtaluhan	p ɐ ɡ t̪ ɐ l uː h ɐ n̪
pagtalunan	p ɐ ɡ t̪ ɐ l uː n̪ ɐ n̪
pagtalunan	p ɐ ɡ t̪ ɐ l ʊ n̪ a n̪
pagtatae	p ɐ ɡ t̪ ɐ t̪ ɐ ʔ ɛ
pagtataksil	p ɐ ɡ t̪ ɐ t̪ ɐ k s ɪ l
pagtatalik	p ɐ ɡ t̪ ɐ t̪ aː l ɪ k̚
pagtataluhan	p ɐ ɡ t̪ ɐ t̪ ɐ l uː h ɐ n̪
pagtatalunan	p ɐ ɡ t̪ ɐ t̪ ɐ l uː n̪ ɐ n̪
pagtatalunan	p ɐ ɡ t̪ ɐ t̪ ɐ l ʊ n̪ a n̪
pagtatampo	p ɐ ɡ t̪ ɐ t̪ ɐ m p o
pagtatapos	p ɐ ɡ t̪ ɐ t̪ ɐ p o s
pagtatawanan	p ɐ ɡ t̪ ɐ t̪ ɐ w ɐ n̪ a n̪
pagtawanan	p ɐ ɡ t̪ ɐ w ɐ n̪ a n̪
pagtripan	p ɐ ɡ t̪ ɾ ɪ p a n̪
pagtutulungan	p ɐ ɡ t̪ ʊ t̪ ʊ l ʊ ŋ a n̪
pagulungan	p aː ɣ ʊ l ʊ ŋ a n̪
pagupitan	p aː ɣ ʊ p iː t̪ ɐ n̪
pagupitan	p ɐ ɣ ʊ p ɪ t̪ a n̪
pagurin	p ɐ ɣ uː ɾ ɪ n̪
pagwawaliwali	p ɐ ɡ w ɐ w aː l ɪ w aː l ɪ
pagwawasak	p ɐ ɡ w ɐ w aː s ɐ k̚
pagwitwit	p ɐ ɡ w ɪ t̪ w ɪ t̪̚
pagwiwisik	p ɐ ɡ w ɪ w ɪ s ɪ k̚
pagyagban	p ɐ ɡ j ɐ ɡ b a n̪
pagyagyag	p ɐ ɡ j ɐ ɡ j a ɡ̚
pagyayakag	p ɐ ɡ j ɐ j ɐ x a ɡ̚
pagyukyok	p ɐ ɡ j ʊ k j o k̚
pagyutyot	p ɐ ɡ j ʊ t t͡ʃ o t̪̚
pagyutyot	p ɐ ɡ j ʊ t̪ j o t̪̚
paha	p aː h ɐ
pahabain	p ɐ h ɐ b aː ʔ ɪ n̪
pahalagahan	p ɐ h ɐ l ɐ ɣ ɐ h a n̪
pahalang	p ɐ h ɐ l a ŋ
paham	p ɐ h a m
pahamak	p ɐ h aː m ɐ k̚
pahambing	p ɐ h ɐ m b ɪ ŋ
pahang	p ɐ h a ŋ
pahas	p ɐ h a s
pahayag	p ɐ h aː j ɐ ɡ̚
pahayag	p ɐ h ɐ j a ɡ̚
pahayagan	p aː h ɐ j ɐ ɣ a n̪
paheyang	p ɐ h ɛː j ɐ ŋ
pahibnin	p ɐ h ɪ b n̪ ɪ n̪
pahid	p aː h ɪ d̪̚
pahidmin	p ɐ h ɪ d̪ m ɪ n̪
pahilaga	p ɐ h ɪ l aː ɣ ɐ ʔ
pahilis	p ɐ h ɪ l ɪ s
pahina	p aː h ɪ n̪ a
pahinante	p ɐ h ɪ n̪ a n̪ t̪ ɛ
pahinarya	p ɐ h ɪ n̪ a ɾ j ɐ
pahinga	p ɐ h ɪ ŋ a
pahingahan	p aː h ɪ ŋ aː h ɐ n̪
pahingi	p a ɪ̯ ŋ ɛ ʔ
pahingi	p ɐ h ɪ ŋ ɛ ʔ
pahingi	p ɐ h ɪ ŋ ɪ ʔ
pahingi	p ɛː ŋ ɛ ʔ
pahintulot	p ɐ h ɪ n̪ t̪ uː l o t̪̚
pahinuhod	p ɐ h ɪ n̪ uː h o d̪̚
pahir	p aː h ɪ ɾ
pahiram	p ɐ h ɪ ɾ a m
pahiram	p ɛː ɾ ɐ m
pahiramin	p ɐ h ɪ ɾ ɐ m ɪ n̪
pahirmin	p ɐ h ɪ ɾ m ɪ n̪
pahiyain	p ɐ h j ɐ ʔ ɪ n̪
paho	p aː h o ʔ
pahol	p ɐ h o l
pahot	p aː h o t̪̚
pahutan	p ɐ h uː t̪ ɐ n̪
paiksiin	p ɐ ʔ ɪ k s ɪ ʔ ɪ n̪
pailalim	p ɐ ʔ ɪ l aː l ɪ m
pailalim	p ɐ ʔ ɪ l ɐ l ɪ m
pailaw	p ɐ ʔ iː l a ʊ̯
paimbabaw	p ɐ ʔ ɪ m b ɐ b a ʊ̯
pain	p aː ʔ ɪ n̪
paina	p ɐ ʔ ɪ n̪ a
painitin	p ɐ ʔ ɪ n̪ iː t̪ ɪ n̪
painog	p ɐ ʔ iː n̪ o ɡ̚
pairalin	p ɐ ʔ ɪ ɾ aː l ɪ n̪
paisahe	p a ɪ̯ s aː h ɛ
paisahe	p ɐ ʔ ɪ s aː h ɛ
paisano	p a ɪ̯ s aː n̪ o
paisano	p ɐ ʔ ɪ s aː n̪ o
pait	p ɐ ʔ ɛ t̪̚
pait	p ɐ ʔ ɪ t̪̚
paiwa	p ɐ ʔ iː w ɐ ʔ
paiwa	p ɐ ʔ ɪ w a ʔ
pak	p a k̚
pakahulugan	p ɐ x ɐ h ʊ l ʊ ɣ a n̪
pakainin	p aː x ɐ ʔ ɪ n̪ ɪ n̪
pakainin	p ɐ x ɐ ʔ iː n̪ ɪ n̪
pakalog	p ɐ x ɐ l o ɡ̚
pakana	p ɐ x ɐ n̪ a ʔ
pakanlog	p ɐ x ɐ n̪ l o ɡ̚
pakapalin	p ɐ x ɐ p ɐ l ɪ n̪
pakbet	p ɐ k b ɛ t̪̚
pakboy	p a k b o ɪ̯
paki	p ɐ x ɛ
paki	p ɐ x ɪ
pakialam	p ɐ x ɪ ʔ ɐ l a m
pakialamera	p ɐ x ɪ ʔ ɐ l ɐ m ɛː ɾ ɐ
pakialamero	p ɐ x ɪ ʔ ɐ l ɐ m ɛː ɾ o
pakid	p ɐ x ɪ d̪̚
pakielam	p ɐ x ɪ ʔ ɛː l ɐ m
pakikiapid	p ɐ x ɪ x ɪ ʔ ɐ p ɪ d̪̚
pakikiisa	p ɐ x ɪ x ɪ ʔ ɪ s a
pakikipagchat	p ɐ x ɪ x ɪ p ɐ ɡ t͡s a t̪̚
pakikipagchat	p ɐ x ɪ x ɪ p ɐ ɡ t͡ʃ a t̪̚
pakikipagsapalaran	p ɐ x ɪ x ɪ p ɐ ɡ s aː p ɐ l ɐ ɾ a n̪
pakikipagtalik	p ɐ x ɪ x ɪ p ɐ ɡ t̪ aː l ɪ k̚
pakikiramay	p ɐ x ɪ x ɪ ɾ aː m a ɪ̯
pakikisama	p ɐ x ɪ x ɪ s aː m ɐ
pakil	p aː x ɪ l
pakinabang	p ɐ x ɪ n̪ aː b ɐ ŋ
pakinggan	p ɐ x ɪ ŋ ɡ a n̪
pakinig	p ɐ x ɪ n̪ ɪ ɡ̚
pakipot	p ɐ x iː p o t̪̚
pakiramdam	p ɐ x ɪ ɾ ɐ m d̪ a m
pakita	p ɐ x iː t̪ ɐ
pakiusap	p ɐ x ɪ ʔ uː s ɐ p̚
pakiusapan	p ɐ x ɪ ʔ ʊ s aː p ɐ n̪
pakiwani	p ɐ x ɪ w ɐ n̪ ɪ
pakla	p ɐ k l a
pako	p aː x o ʔ
pako	p ɐ x o ʔ
pakonsuwelo	p ɐ x o n̪ s w ɛː l o
pakpak	p ɐ k p a k̚
paksa	p ɐ k s a ʔ
pakshet	p a k s j ɛ t̪̚
pakshet	p a k ʃ ɛ t̪̚
paksimile	p ɐ k s iː m ɪ l ɛ
paksiw	p ɐ k s ɪ ʊ̯
paksiyon	p ɐ k s j o n̪
paksiyon	p ɐ k ʃ o n̪
paksyon	p ɐ k s j o n̪
paksyon	p ɐ k ʃ o n̪
paktor	p a k t̪ o ɾ
paktor	p ɐ k t̪ o ɾ
pakulo	p ɐ x ʊ l o ʔ
pakulti	p aː x ʊ l t̪ ɪ
pakundangan	p ɐ x ʊ n̪ d̪ aː ŋ ɐ n̪
pakunwari	p ɐ x ʊ n̪ w ɐ ɾ ɪ ʔ
pakupya	p ɐ x ʊ p j a ʔ
pakwan	p ɐ k w a n̪
pakyaw	p ɐ k j a ʊ̯
pakyu	p a k j ʊ
pala	p aː l ɐ
pala	p aː l ɐ ʔ
pala	p ɐ l a
pala	p ɐ l a ʔ
palaalamatan	p ɐ l ɐ ʔ ɐ l ɐ m aː t̪ ɐ n̪
palaasalan	p ɐ l ɐ ʔ ɐ s aː l ɐ n̪
palaaway	p ɐ l ɐ ʔ ɐ w a ɪ̯
palaba	p ɐ l aː b ɐ ʔ
palaba	p ɐ l ɐ b a
palaba	p ɐ l ɐ b a ʔ
palaban	p ɐ l ɐ b a n̪
palabas	p ɐ l ɐ b a s
palabasa	p ɐ l ɐ b ɐ s a
palabasan	p aː l ɐ b aː s ɐ n̪
palabasin	p ɐ l ɐ b ɐ s ɪ n̪
palabathalaan	p ɐ l aː b ɐ t̪ h ɐ l aː ʔ ɐ n̪
palabi	p ɐ l aː b ɪ ʔ
palabigasan	p ɐ l aː b ɪ ɣ aː s ɐ n̪
palabilangan	p ɐ l aː b ɪ l aː ŋ ɐ n̪
palabilangan	p ɐ l aː b ɪ l ɐ ŋ a n̪
palabiro	p ɐ l ɐ b iː ɾ o ʔ
palabiro	p ɐ l ɐ b ɪ ɾ o ʔ
palabok	p ɐ l aː b o k̚
palaboy	p ɐ l aː b o ɪ̯
palabra	p ɐ l aː b ɾ ɐ
palad	p aː l ɐ d̪̚
paladesisyon	p ɐ l ɐ d̪ ɛ s ɪ s j o n̪
paladesisyon	p ɐ l ɐ d̪ ɛ s ɪ ʃ o n̪
paladiwaan	p ɐ l aː d̪ ɪ w aː ʔ ɐ n̪
paladutaan	p ɐ l ɐ d̪ ʊ t̪ aː ʔ ɐ n̪
palaeros	p ɐ l ɐ ʔ ɛː ɾ o s
palag	p ɐ l a ɡ̚
palaganapin	p ɐ l ɐ ɣ ɐ n̪ aː p ɪ n̪
palagatos	p ɐ l ɐ ɣ aː t̪ o s
palagay	p ɐ l ɐ ɣ a ɪ̯
palagayin	p ɐ l ɐ ɣ aː j ɪ n̪
palagi	p ɐ l aː ɣ ɪ ʔ
palagitlingan	p ɐ l aː ɣ ɪ t̪ l̪ iː ŋ ɐ n̪
palagunitaan	p ɐ l aː ɣ ʊ n̪ ɪ t̪ aː ʔ ɐ n̪
palagyan	p ɐ l ɐ ɡ j a n̪
palahalmanan	p ɐ l ɐ h ɐ l m aː n̪ ɐ n̪
palahaw	p ɐ l aː h a ʊ̯
palaibunan	p ɐ l aː ʔ ɪ b uː n̪ ɐ n̪
palainom	p ɐ l ɐ ʔ ɪ n̪ o m
palairos	p ɐ l ɐ ʔ iː ɾ o s
palaisdaan	p ɐ l aː ʔ ɪ s d̪ aː ʔ ɐ n̪
palaisipan	p ɐ l aː ʔ ɪ s ɪ p a n̪
palaka	p ɐ l ɐ x a ʔ
palakaibigan	p ɐ l ɐ x a ɪ̯ b iː ɣ ɐ n̪
palakaibigan	p ɐ l ɐ x ɐ ʔ ɪ b iː ɣ ɐ n̪
palakasan	p aː l ɐ x aː s ɐ n̪
palakat	p ɐ l aː x ɐ t̪̚
palakatwanan	p ɐ l ɐ x ɐ t̪ w aː n̪ ɐ n̪
palakaya	p ɐ l ɐ x aː j ɐ
palakda	p ɐ l ɐ k d̪ a ʔ
palakhin	p ɐ l ɐ k h ɪ n̪
palakihin	p ɐ l ɐ x ɪ h ɪ n̪
palakol	p ɐ l ɐ x o l
palakpak	p ɐ l ɐ k p a k̚
palakpakan	p ɐ l ɐ k p aː x ɐ n̪
palakpakan	p ɐ l ɐ k p ɐ x a n̪
palakuruan	p ɐ l aː x ʊ ɾ ʊ ʔ a n̪
palalamunan	p ɐ l ɐ l ɐ m uː n̪ ɐ n̪
palalo	p ɐ l aː l o ʔ
palamakatauhan	p ɐ l ɐ m ɐ x ɐ t̪ ɐ ʔ uː h ɐ n̪
palaman	p ɐ l ɐ m a n̪
palamara	p ɐ l ɐ m aː ɾ ɐ
palamata	p ɐ l ɐ m aː t̪ ɐ
palamata	p ɐ l ɐ m ɐ t̪ a
palamigin	p ɐ l ɐ m ɪ ɣ ɪ n̪
palamuhayan	p ɐ l ɐ m ʊ h aː j ɐ n̪
palamunin	p aː l ɐ m uː n̪ ɪ n̪
palamunin	p aː l ɐ m ʊ n̪ ɪ n̪
palamura	p ɐ l ɐ m ʊ ɾ a
palamuti	p ɐ l ɐ m uː t̪ ɪ
palamuti	p ɐ l ɐ m ʊ t̪ ɪ ʔ
palamutian	p ɐ l ɐ m ʊ t̪ ɪ ʔ a n̪
palanas	p ɐ l aː n̪ ɐ s
palang	p ɐ l a ŋ
palanggana	p ɐ l ɐ ŋ ɡ aː n̪ ɐ
palangii	p ɐ l ɐ ŋ iː ʔ ɪ
palangiti	p ɐ l ɐ ŋ ɪ t̪ ɪ ʔ
palansahan	p ɐ l ɐ n̪ s aː h ɐ n̪
palansak	p ɐ l ɐ n̪ s a k̚
palantsahan	p ɐ l ɐ n̪ t͡s aː h ɐ n̪
palantsahan	p ɐ l ɐ n̪ t͡ʃ aː h ɐ n̪
palaot	p ɐ l aː ʔ o t̪̚
palapa	p ɐ l aː p ɐ ʔ
palapag	p ɐ l ɐ p a ɡ̚
palapahaman	p ɐ l aː p ɐ h aː m ɐ n̪
palapala	p aː l ɐ p aː l ɐ
palapati	p ɐ l ɐ p aː t̪ ɪ
palapatik	p ɐ l ɐ p aː t̪ ɪ k̚
palar	p aː l ɐ ɾ
palara	p ɐ l ɐ ɾ a ʔ
palarin	p ɐ l aː ɾ ɪ n̪
palarindingan	p ɐ l ɐ ɾ ɪ n̪ d̪ iː ŋ ɐ n̪
palaruan	p aː l ɐ ɾ uː ʔ ɐ n̪
palarusdos	p ɐ l ɐ ɾ ʊ s d̪ o s
palasak	p ɐ l aː s ɐ k̚
palasak	p ɐ l ɐ s a k̚
palasihayan	p ɐ l aː s ɪ h aː j ɐ n̪
palasihayanan	p ɐ l aː s ɪ h ɐ j ɐ n̪ a n̪
palasimba	p ɐ l ɐ s ɪ m b a
palasingsingan	p ɐ l ɐ s ɪ n̪ s iː ŋ ɐ n̪
palaso	p ɐ l ɐ s o ʔ
palaspas	p ɐ l ɐ s p a s
palasurian	p ɐ l aː s ʊ ɾ ɪ ʔ a n̪
palasyo	p ɐ l a s j o
palasyo	p ɐ l aː ʃ o
palatal	p ɐ l ɐ t̪ a l
palatalastasan	p ɐ l ɐ t̪ ɐ l ɐ s t̪ aː s ɐ n̪
palatandaan	p ɐ l aː t̪ ɐ n̪ d̪ aː ʔ ɐ n̪
palatangkasan	p ɐ l ɐ t̪ ɐ ŋ k aː s ɐ n̪
palatanungan	p ɐ l ɐ t̪ ɐ n̪ uː ŋ ɐ n̪
palatatagnan	p ɐ l aː t̪ ɐ t̪ ɐ ɡ n̪ a n̪
palathaw	p ɐ l ɐ t̪ h a ʊ̯
palatina	p ɐ l ɐ t̪ iː n̪ ɐ
palatitikan	p ɐ l aː t̪ ɪ t̪ ɪ x a n̪
palaton	p ɐ l ɐ t̪ o n̪
palatumbasan	p ɐ l ɐ t̪ ʊ m b aː s ɐ n̪
palatuntunan	p ɐ l aː t̪ ʊ n̪ t̪ uː n̪ ɐ n̪
palaulatan	p ɐ l aː ʔ ʊ l aː t̪ ɐ n̪
palawika	p ɐ l ɐ w iː x ɐ ʔ
palawika	p ɐ l ɐ w ɪ x a ʔ
palawikaan	p ɐ l ɐ w ɪ x aː ʔ ɐ n̪
palay	p aː l a ɪ̯
palayan	p ɐ l aː j ɐ n̪
palayan	p ɐ l ɐ j a n̪
palayasin	p ɐ l ɐ j aː s ɪ n̪
palayaw	p ɐ l aː j a ʊ̯
palayok	p ɐ l ɐ j o k̚
palbiro	p ɐ l b iː ɾ o ʔ
palda	p a l d̪ ɐ
paldo	p ɐ l d̪ o
palengke	p ɐ l ɛ ŋ k ɛ
paleta	p ɐ l ɛː t̪ ɐ
paletada	p ɐ l ɛ t̪ aː d̪ ɐ
paletadahan	p ɐ l ɛ t̪ ɐ d̪ aː h ɐ n̪
pali	p ɐ l ɪ ʔ
paliban	p ɐ l iː b ɐ n̪
palibhasa	p ɐ l ɪ b h aː s ɐ ʔ
paligsa	p ɐ l ɪ ɡ s a
paligsahan	p ɐ l ɪ ɡ s aː h ɐ n̪
paliguan	p aː l ɪ ɣ ʊ ʔ a n̪
paliguan	p ɐ l ɪ ɣ uː ʔ ɐ n̪
palihan	p ɐ l iː h ɐ n̪
palihan	p ɐ l ɪ h a n̪
palihim	p ɐ l ɪ h ɪ m
paliitin	p ɐ l ɪ ʔ ɪ t̪ ɪ n̪
palike	p ɐ l iː x ɛ ʔ
palikero	p ɐ l ɪ x ɛː ɾ o
paliki	p ɐ l iː x ɪ ʔ
palikpik	p ɐ l ɪ k p ɪ k̚
palikuran	p aː l ɪ x uː ɾ ɐ n̪
palilyo	p ɐ l i l j o
palindan	p ɐ l ɪ n̪ d̪ a n̪
paling	p aː l ɪ ŋ
paling	p ɐ l ɪ ŋ
palintong	p ɐ l ɪ n̪ t̪ o ŋ
paliparan	p ɐ l ɪ p aː ɾ ɐ n̪
paliparan	p ɐ l ɪ p ɐ ɾ a n̪
palisan	p ɐ l iː s ɐ n̪
palisan	p ɐ l ɪ s a n̪
palisay	p ɐ l iː s a ɪ̯
palisi	p aː l ɪ s ɪ
palit	p ɐ l ɛ t̪̚
palit	p ɐ l ɪ t̪̚
palitada	p ɐ l ɪ t̪ aː d̪ ɐ
palitadahan	p ɐ l ɪ t̪ ɐ d̪ aː h ɐ n̪
palitan	p ɐ l iː t̪ ɐ n̪
palitan	p ɐ l ɪ t̪ a n̪
palitaw	p ɐ l ɪ t̪ a ʊ̯
palito	p ɐ l iː t̪ o
paliwanag	p ɐ l ɪ w aː n̪ ɐ ɡ̚
paliyo	p ɐ l iː j o
paliyo	p ɐ l j o
palo	p aː l o
palo	p aː l o ʔ
palomariya	p ɐ l o m ɐ ɾ iː j ɐ
palomarya	p ɐ l o m ɐ ɾ j a
palong	p aː l o ŋ
palos	p ɐ l o s
palot	p aː l o t̪̚
palpak	p ɐ l p a k̚
palpal	p ɐ l p a l
palpitasyon	p ɐ l p ɪ t̪ ɐ s j o n̪
palpitasyon	p ɐ l p ɪ t̪ ɐ ʃ o n̪
palsipika	p ɐ l s ɪ p ɪ x a
palsipikado	p ɐ l s ɪ p ɪ x aː d̪ o
palsipikador	p ɐ l s ɪ p ɪ x ɐ d̪ o ɾ
palsipikadora	p ɐ l s ɪ p ɪ x ɐ d̪ oː ɾ ɐ
palso	p ɐ l s o
paltak	p ɐ l t̪ a k̚
paltan	p ɐ l t̪ a n̪
paltik	p ɐ l t̪ ɪ k̚
paltok	p ɐ l t̪ o k̚
paltos	p ɐ l t̪ o s
paludpod	p ɐ l ʊ d̪ p o d̪̚
palugit	p ɐ l uː ɣ ɪ t̪̚
palumarya	p ɐ l ʊ m ɐ ɾ j a
palupalo	p ɐ l ʊ p aː l o ʔ
palupalo	p ɐ l ʊ p ɐ l o ʔ
palusot	p ɐ l ʊ s o t̪̚
palutang	p ɐ l uː t̪ ɐ ŋ
paluwagan	p ɐ l w aː ɣ ɐ n̪
palya	p a l j ɐ
palya	p ɐ l j a
palyo	p a l j o
palyo	p ɐ l j o
palyok	p ɐ l j o k̚
pamabat	p ɐ m aː b ɐ t̪̚
pamagat	p ɐ m ɐ ɣ a t̪̚
pamahagi	p ɐ m ɐ h aː ɣ ɪ
pamahagi	p ɐ m ɐ h aː ɣ ɪ ʔ
pamahalaan	p aː m ɐ h ɐ l aː ʔ ɐ n̪
pamahalaan	p aː m ɐ h ɐ l ɐ ʔ a n̪
pamahalaan	p ɐ m ɐ h ɐ l aː ʔ ɐ n̪
pamahaw	p ɐ m aː h a ʊ̯
pamahiin	p ɐ m ɐ h iː ʔ ɪ n̪
pamahiin	p ɐ m ɐ h ɪ ʔ ɪ n̪
pamahiran	p ɐ m ɐ h iː ɾ ɐ n̪
pamalagian	p aː m ɐ l ɐ ɣ ɪ ʔ a n̪
pamalagian	p ɐ m ɐ l ɐ ɣ iː ʔ ɐ n̪
pamalo	p ɐ m aː l o ʔ
pamaltik	p ɐ m ɐ l t̪ ɪ k̚
pamamagitan	p ɐ m ɐ m ɐ ɣ iː t̪ ɐ n̪
pamamahagi	p ɐ m ɐ m ɐ h aː ɣ ɪ
pamamahagi	p ɐ m ɐ m ɐ h aː ɣ ɪ ʔ
pamamahala	p ɐ m ɐ m ɐ h aː l ɐ ʔ
pamamahayag	p ɐ m aː m ɐ h ɐ j a ɡ̚
pamamalahiyo	p ɐ m ɐ m ɐ l aː h j o
pamamalo	p ɐ m ɐ m aː l o ʔ
pamamanas	p ɐ m ɐ m ɐ n̪ a s
pamamanhikan	p ɐ m ɐ m ɐ n̪ h iː x ɐ n̪
pamamaril	p ɐ m ɐ m ɐ ɾ ɪ l
pamamawid	p ɐ m ɐ m aː w ɪ d̪̚
pamamlahiyo	p ɐ m ɐ m l aː h j o
pamana	p ɐ m aː n̪ ɐ
pamandewang	p ɐ m ɐ n̪ d̪ ɛː w ɐ ŋ
pamangkin	p ɐ m ɐ ŋ k ɪ n̪
pamantasan	p ɐ m ɐ n̪ t̪ aː s ɐ n̪
pamantayan	p aː m ɐ n̪ t̪ aː j ɐ n̪
pamantayan	p ɐ m ɐ n̪ t̪ aː j ɐ n̪
pamapat	p ɐ m aː p ɐ t̪̚
pamasahe	p ɐ m ɐ s aː h ɛ
pamasok	p ɐ m aː s o k̚
pamayanan	p aː m ɐ j ɐ n̪ a n̪
pamaypay	p ɐ m a ɪ̯ p a ɪ̯
pambabae	p ɐ m b ɐ b aː ʔ ɛ
pambahay	p ɐ m b aː h a ɪ̯
pambansa	p ɐ m b ɐ n̪ s a
pambansa	p ɐ m b ɐ n̪ s a ʔ
pambata	p ɐ m b aː t̪ ɐ ʔ
pambati	p ɐ m b ɐ t̪ ɪ
pambihira	p ɐ m b ɪ h iː ɾ ɐ ʔ
pambilo	p ɐ m b ɪ l o
pambungad	p ɐ m b uː ŋ ɐ d̪̚
pambura	p ɐ m b ʊ ɾ a
pamilihan	p aː m ɪ l iː h ɐ n̪
pamilya	p ɐ m i l j ɐ
pamilyado	p ɐ m ɪ l j aː d̪ o
pamilyar	p ɐ m ɪ l j a ɾ
pamilyaridad	p ɐ m ɪ l j ɐ ɾ ɪ d̪ a d̪̚
pamimili	p ɐ m ɪ m iː l ɪ ʔ
pamimili	p ɐ m ɪ m ɪ l ɪ
pamimilosopo	p ɐ m ɪ m ɪ l oː s o p o
pamimirata	p ɐ m ɪ m ɪ ɾ aː t̪ ɐ
paminggalan	p aː m ɪ ŋ ɡ aː l ɐ n̪
paminta	p ɐ m ɪ n̪ t̪ a
pamitak	p ɐ m ɪ t̪ a k̚
pamitwin	p ɐ m ɪ t̪ w ɪ n̪
pamomolitika	p ɐ m o m o l iː t̪ ɪ x a
pamook	p ɐ m o ʔ o k̚
pampaalsa	p ɐ m p ɐ ʔ ɐ l s a
pampadulas	p ɐ m p ɐ d̪ ʊ l a s
pampagana	p ɐ m p ɐ ɣ aː n̪ ɐ
pampalaglag	p ɐ m p ɐ l ɐ ɡ l a ɡ̚
pampalamig	p ɐ m p ɐ l ɐ m ɪ ɡ̚
pampalasa	p ɐ m p ɐ l aː s ɐ
pampam	p ɐ m p a m
pampamanhid	p ɐ m p ɐ m ɐ n̪ h ɪ d̪̚
pampang	p ɐ m p a ŋ
pampanitikan	p ɐ m p aː n̪ ɪ t̪ ɪ x a n̪
pampano	p a m p ɐ n̪ o
pampapawis	p ɐ m p ɐ p aː w ɪ s
pampasabog	p ɐ m p ɐ s aː b o ɡ̚
pampasarap	p ɐ m p ɐ s ɐ ɾ a p̚
pampers	p a m p ə ɹ s
pampolitika	p a m p o l iː t̪ ɪ x a
pampook	p ɐ m p o ʔ o k̚
pampribado	p ɐ m p ɾ ɪ b aː d̪ o
pampubliko	p ɐ m p u b l ɪ x o
pamudpod	p ɐ m ʊ d̪ p o d̪̚
pamumuhay	p ɐ m ʊ m uː h a ɪ̯
pamumuo	p ɐ m ʊ m ʊ ʔ o ʔ
pamunuan	p aː m ʊ n̪ ʊ ʔ a n̪
pamunuan	p ɐ m ʊ n̪ uː ʔ ɐ n̪
pamuok	p ɐ m ʊ ʔ o k̚
pamuran	p ɐ m uː ɾ ɐ n̪
pamutat	p ɐ m uː t̪ ɐ t̪̚
pana	p aː n̪ ɐ ʔ
panablay	p ɐ n̪ ɐ b l a ɪ̯
panadero	p ɐ n̪ ɐ d̪ ɛː ɾ o
panaderya	p ɐ n̪ ɐ d̪ ɛ ɾ j a
panagano	p ɐ n̪ ɐ ɣ aː n̪ o
panagaraw	p ɐ n̪ ɐ ɣ ɐ ɾ a ʊ̯
panaginip	p ɐ n̪ ɐ ɣ iː n̪ ɪ p̚
panagko	p ɐ n̪ ɐ ɡ k o ʔ
panaguri	p ɐ n̪ ɐ ɣ ʊ ɾ ɪ ʔ
panagutin	p ɐ n̪ ɐ ɣ ʊ t̪ ɪ n̪
panahinga	p ɐ n̪ ɐ h iː ŋ ɐ
panahon	p ɐ n̪ aː h o n̪
panahon	p ɐ n̪ ɐ h o n̪
panahunan	p aː n̪ ɐ h uː n̪ ɐ n̪
panain	p ɐ n̪ aː ʔ ɪ n̪
panainga	p ɐ n̪ a ɪ̯ ŋ a
panainga	p ɐ n̪ ɐ ʔ iː ŋ ɐ
panainga	p ɐ n̪ ɛː ŋ ɐ
panakda	p ɐ n̪ ɐ k d̪ a ʔ
panakip	p ɐ n̪ ɐ x ɪ p̚
panaklaw	p ɐ n̪ ɐ k l a ʊ̯
panaklong	p ɐ n̪ ɐ k l o ŋ
panakot	p ɐ n̪ aː x o t̪̚
panaksak	p ɐ n̪ ɐ k s a k̚
panalangin	p ɐ n̪ ɐ l aː ŋ ɪ n̪
panalo	p ɐ n̪ aː l o
panalo	p ɐ n̪ ɐ l o
panambak	p ɐ n̪ ɐ m b a k̚
pananabotahe	p ɐ n̪ ɐ n̪ ɐ b o t̪ aː h ɛ
pananagos	p ɐ n̪ ɐ n̪ ɐ ɣ o s
pananagutan	p ɐ n̪ ɐ n̪ ɐ ɣ uː t̪ ɐ n̪
pananak	p ɐ n̪ aː n̪ ɐ k̚
pananak	p ɐ n̪ ɐ n̪ a k̚
pananalapi	p ɐ n̪ ɐ n̪ ɐ l ɐ p ɪ ʔ
pananamantala	p ɐ n̪ ɐ n̪ ɐ m ɐ n̪ t̪ ɐ l a
pananambang	p ɐ n̪ ɐ n̪ ɐ m b a ŋ
pananamit	p ɐ n̪ ɐ n̪ ɐ m ɪ t̪̚
pananampalataya	p ɐ n̪ ɐ n̪ ɐ m p ɐ l ɐ t̪ aː j ɐ
panananim	p ɐ n̪ ɐ n̪ ɐ n̪ ɪ m
pananaog	p ɐ n̪ ɐ n̪ aː ʔ o ɡ̚
pananasilaan	p ɐ n̪ aː n̪ ɐ s ɪ l aː ʔ ɐ n̪
pananatilihin	p ɐ n̪ aː n̪ ɐ t̪ ɪ l iː h ɪ n̪
pananaw	p ɐ n̪ ɐ n̪ a ʊ̯
pananawagan	p ɐ n̪ ɐ n̪ ɐ w aː ɣ ɐ n̪
panandaan	p aː n̪ ɐ n̪ d̪ aː ʔ ɐ n̪
panandalian	p ɐ n̪ ɐ n̪ d̪ ɐ l iː ʔ ɐ n̪
pananghalian	p ɐ n̪ ɐ ŋ h ɐ l iː ʔ ɐ n̪
pananim	p ɐ n̪ ɐ n̪ ɪ m
pananong	p ɐ n̪ ɐ n̪ o ŋ
panao	p ɐ n̪ aː ʔ o
panaog	p ɐ n̪ aː ʔ o ɡ̚
panara	p ɐ n̪ aː ɾ ɐ
panara	p ɐ n̪ ɐ ɾ a
panasila	p ɐ n̪ ɐ s iː l ɐ ʔ
panasilaan	p ɐ n̪ ɐ s ɪ l aː ʔ ɐ n̪
panastan	p ɐ n̪ ɐ s t̪ a n̪
panata	p ɐ n̪ aː t̪ ɐ
panata	p ɐ n̪ aː t̪ ɐ ʔ
panatag	p ɐ n̪ aː t̪ ɐ ɡ̚
panatiko	p ɐ n̪ aː t̪ ɪ x o
panatili	p ɐ n̪ ɐ t̪ iː l ɪ
panatilihin	p ɐ n̪ ɐ t̪ ɪ l iː h ɪ n̪
panauhan	p ɐ n̪ ɐ ʔ uː h ɐ n̪
panauhin	p ɐ n̪ ɐ ʔ uː h ɪ n̪
panaw	p aː n̪ a ʊ̯
panay	p aː n̪ a ɪ̯
panay	p ɐ n̪ a ɪ̯
panayam	p ɐ n̪ aː j ɐ m
panayam	p ɐ n̪ ɐ j a m
panda	p a n̪ d̪ ɐ
pandaigdig	p ɐ n̪ d̪ ɐ ʔ ɪ ɡ d̪ ɪ ɡ̚
pandaigdigan	p ɐ n̪ d̪ ɐ ʔ ɪ ɡ d̪ iː ɣ ɐ n̪
pandak	p ɐ n̪ d̪ a k̚
pandakaki	p ɐ n̪ d̪ ɐ x aː x ɪ
pandama	p ɐ n̪ d̪ ɐ m a
pandamdam	p ɐ n̪ d̪ ɐ m d̪ a m
pandan	p ɐ n̪ d̪ a n̪
pandangal	p ɐ n̪ d̪ aː ŋ ɐ l
pandanggo	p ɐ n̪ d̪ a ŋ ɡ o
pandapati	p ɐ n̪ d̪ ɐ p aː t̪ ɪ
panday	p ɐ n̪ d̪ a ɪ̯
pandekrema	p ɐ n̪ d̪ ɛ k ɾ ɛː m ɐ
pandemiko	p ɐ n̪ d̪ ɛː m ɪ x o
pandemya	p ɐ n̪ d̪ ɛ m j a
pandemya	p ɐ n̪ d̪ ɛ m j ɐ
panderetas	p ɐ n̪ d̪ ɛ ɾ ɛː t̪ ɐ s
pandesal	p a n̪ d̪ ɛ s a l
pandidiri	p ɐ n̪ d̪ ɪ d̪ iː ɾ ɪ
pandikit	p ɐ n̪ d̪ ɪ x ɪ t̪̚
pandinig	p ɐ n̪ d̪ ɪ n̪ ɪ ɡ̚
pandipandi	p ɐ n̪ d̪ ɪ p ɐ n̪ d̪ ɪ
pandisal	p a n̪ d̪ ɪ s a l
pandito	p ɐ n̪ d̪ iː t̪ o
pandiwa	p ɐ n̪ d̪ iː w ɐ ʔ
pandiwari	p ɐ n̪ d̪ ɪ w aː ɾ ɪ ʔ
pandong	p ɐ n̪ d̪ o ŋ
pandot	p ɐ n̪ d̪ o t̪̚
pandula	p ɐ n̪ d̪ uː l ɐ ʔ
pandula	p ɐ n̪ d̪ ʊ l a ʔ
panega	p ɐ n̪ ɛː ɣ ɐ
paneham	p ɐ n̪ ɛː h ɐ m
panenteismo	p ɐ n̪ ɛ n̪ t̪ ɛ j i s m o
panga	p ɐ ŋ a
pangadyi	p ɐ ŋ ɐ d d͡ʒ ɪ ʔ
pangadyi	p ɐ ŋ ɐ d̪ j ɪ ʔ
pangahas	p ɐ ŋ ɐ h a s
pangako	p ɐ ŋ aː x o ʔ
pangalan	p ɐ ŋ aː l ɐ n̪
pangalanan	p ɐ ŋ ɐ l aː n̪ ɐ n̪
pangalangala	p ɐ ŋ ɐ l ɐ ŋ ɐ l a
pangamba	p ɐ ŋ ɐ m b a
panganan	p ɐ ŋ aː n̪ ɐ n̪
panganay	p ɐ ŋ aː n̪ a ɪ̯
panganga	p ɐ ŋ aː ŋ ɐ ʔ
pangangailangan	p ɐ ŋ ɐ ŋ a ɪ̯ l aː ŋ ɐ n̪
pangangailangan	p ɐ ŋ ɐ ŋ ɐ ʔ ɪ l aː ŋ ɐ n̪
pangangalaga	p ɐ ŋ ɐ ŋ ɐ l aː ɣ ɐ ʔ
pangangalat	p ɐ ŋ ɐ ŋ aː l ɐ t̪̚
pangangaluluwa	p ɐ ŋ aː ŋ ɐ l ʊ l w a
pangangamatis	p ɐ ŋ ɐ ŋ ɐ m aː t̪ ɪ s
panganganino	p ɐ ŋ ɐ ŋ ɐ n̪ iː n̪ o
pangangasiwa	p ɐ ŋ ɐ ŋ ɐ s iː w ɐ ʔ
panganib	p ɐ ŋ aː n̪ ɪ b̚
panganinuhan	p ɐ ŋ ɐ n̪ ɪ n̪ uː h ɐ n̪
panganurin	p ɐ ŋ ɐ n̪ uː ɾ ɪ n̪
pangaral	p ɐ ŋ aː ɾ ɐ l
pangarap	p ɐ ŋ aː ɾ ɐ p̚
pangasi	p ɐ ŋ aː s ɪ ʔ
pangat	p ɐ ŋ a t̪̚
pangatawanan	p ɐ ŋ ɐ t̪ ɐ w ɐ n̪ a n̪
pangati	p ɐ ŋ ɐ t̪ ɪ ʔ
pangatnig	p ɐ ŋ ɐ t̪ n̪ ɪ ɡ̚
pangdan	p ɐ n̪ d̪ a n̪
panget	p aː ŋ ɛ t̪̚
panggagahasa	p ɐ ŋ ɡ ɐ ɣ ɐ h aː s ɐ ʔ
panggagamot	p ɐ ŋ ɡ ɐ ɣ ɐ m o t̪̚
panggagantso	p ɐ ŋ ɡ ɐ ɣ a n̪ t͡s o
panggagantso	p ɐ ŋ ɡ ɐ ɣ a n̪ t͡ʃ o
panggalingan	p ɐ ŋ ɡ ɐ l iː ŋ ɐ n̪
panggang	p ɐ ŋ ɡ a ŋ
panggap	p ɐ ŋ ɡ a p̚
panggasi	p ɐ ŋ ɡ aː s ɪ ʔ
panggatong	p ɐ ŋ ɡ aː t̪ o ŋ
panggingge	p ɐ ŋ ɡ i ŋ ɡ ɛ
pangginggi	p ɐ ŋ ɡ i ŋ ɡ ɪ
panggupit	p ɐ ŋ ɡ ʊ p ɪ t̪̚
panghadlang	p ɐ ŋ h ɐ d̪ l̪ a ŋ
panghahalay	p ɐ ŋ h ɐ h aː l a ɪ̯
panghalip	p ɐ ŋ h ɐ l ɪ p̚
panghaw	p ɐ ŋ h a ʊ̯
panghero	p ɐ ŋ h ɛː ɾ o
panghi	p ɐ ŋ h ɪ
panghibayo	p ɐ ŋ h ɪ b aː j o
panghihinawan	p ɐ ŋ h ɪ h ɪ n̪ aː w ɐ n̪
panghihinayang	p ɐ ŋ h ɪ h ɪ n̪ aː j ɐ ŋ
panghihip	p ɐ ŋ h iː h ɪ p̚
panghihip	p ɐ ŋ h ɪ h ɪ p̚
panghikwat	p ɐ ŋ h ɪ k w a t̪̚
panghilis	p ɐ ŋ h iː l ɪ s
panghimagas	p ɐ ŋ h ɪ m aː ɣ ɐ s
panghimasukan	p ɐ ŋ h ɪ m ɐ s uː x ɐ n̪
panghimawis	p ɐ ŋ h ɪ m aː w ɪ s
panghimpapawid	p ɐ ŋ h ɪ m p ɐ p ɐ w ɪ d̪̚
panghinain	p ɐ ŋ h ɪ n̪ aː ʔ ɪ n̪
panghinangay	p ɐ ŋ h ɪ n̪ ɐ ŋ a ɪ̯
panghininga	p ɐ ŋ h ɪ n̪ ɪ ŋ a
panghinuke	p ɐ ŋ h ɪ n̪ ʊ x ɛ
panghinuki	p ɐ ŋ h ɪ n̪ ʊ x ɪ
panghiro	p ɐ ŋ h iː ɾ o
panghiyip	p ɐ ŋ h ɪ j ɪ p̚
pangibayo	p ɐ ŋ ɪ b aː j o
pangil	p aː ŋ ɪ l
pangilagan	p ɐ ŋ ɪ l aː ɣ ɐ n̪
pangilin	p ɐ ŋ iː l ɪ n̪
pangilinan	p ɐ ŋ ɪ l iː n̪ ɐ n̪
pangilinan	p ɐ ŋ ɪ l ɪ n̪ a n̪
pangimay	p ɐ ŋ iː m a ɪ̯
pangimayiw	p ɐ ŋ ɪ m aː j ɪ ʊ̯
pangimayo	p ɐ ŋ ɪ m aː j o
pangimbulo	p ɐ ŋ ɪ m b uː l o
panginain	p ɐ ŋ ɪ n̪ aː ʔ ɪ n̪
panginainan	p ɐ ŋ ɪ n̪ ɐ ʔ ɪ n̪ a n̪
pangingikil	p ɐ ŋ ɪ ŋ iː x ɪ l
pangingilin	p ɐ ŋ ɪ ŋ iː l ɪ n̪
pangingilin	p ɐ ŋ ɪ ŋ ɪ l ɪ n̪
panginginain	p ɐ ŋ ɪ ŋ ɪ n̪ aː ʔ ɪ n̪
panginoon	p ɐ ŋ ɪ n̪ o ʔ o n̪
panginoon	p ɐ ŋ ɪ n̪ oː ʔ o n̪
pangit	p aː ŋ ɛ t̪̚
pangit	p aː ŋ ɪ t̪̚
pangitain	p ɐ ŋ ɪ t̪ aː ʔ ɪ n̪
pangkagawaran	p ɐ ŋ k aː ɣ ɐ w ɐ ɾ a n̪
pangkalahatan	p ɐ ŋ k ɐ l ɐ h ɐ t̪ a n̪
pangkalawakan	p ɐ ŋ k ɐ l ɐ w aː x ɐ n̪
pangkaraniwan	p ɐ ŋ k ɐ ɾ ɐ n̪ iː w ɐ n̪
pangkasaysayan	p ɐ ŋ k ɐ s a ɪ̯ s aː j ɐ n̪
pangkat	p ɐ ŋ k a t̪̚
pangkeyk	p a ŋ k e ɪ̯ k
pangkeyk	p ɐ ŋ k e ɪ̯ k
pangkilay	p ɐ ŋ k iː l a ɪ̯
pangko	p ɐ ŋ k o
pangkreas	p a ŋ k ɾ ɛ j a s
pangkreyas	p a ŋ k ɾ ɛ j a s
pangkultura	p ɐ ŋ k ʊ l t̪ uː ɾ ɐ
panglalayan	p ɐ n̪ l ɐ l aː j ɐ n̪
panglinis	p ɐ n̪ l iː n̪ ɪ s
panglukbutan	p ɐ n̪ l ʊ k b uː t̪ ɐ n̪
pangmatagalan	p ɐ ŋ m ɐ t̪ ɐ ɣ aː l ɐ n̪
pangmatanda	p ɐ ŋ m ɐ t̪ ɐ n̪ d̪ a ʔ
pangngalan	p ɐ ŋ ŋ aː l ɐ n̪
pango	p ɐ ŋ o ʔ
pangod	p ɐ ŋ o d̪̚
pangulo	p ɐ ŋ uː l o
panguman	p ɐ ŋ ʊ m a n̪
pangunahan	p ɐ ŋ ʊ n̪ aː h ɐ n̪
pangunahin	p aː ŋ ʊ n̪ aː h ɪ n̪
pangungusap	p ɐ ŋ ʊ ŋ uː s ɐ p̚
pangwilig	p ɐ ŋ w ɪ l ɪ ɡ̚
pangyapak	p ɐ ŋ j ɐ p a k̚
pangyarda	p ɐ ŋ j a ɾ d̪ ɐ
pangyari	p ɐ ŋ j aː ɾ ɪ
pangyayari	p ɐ ŋ j ɐ j aː ɾ ɪ
panhibahala	p ɐ n̪ h ɪ b ɐ h aː l ɐ ʔ
panhik	p ɐ n̪ h ɪ k̚
panibago	p ɐ n̪ ɪ b aː ɣ o
panibahala	p ɐ n̪ ɪ b ɐ h aː l ɐ ʔ
panibugho	p ɐ n̪ ɪ b ʊ ɡ h o ʔ
panibughuin	p ɐ n̪ ɪ b ʊ ɡ h uː ʔ ɪ n̪
panig	p aː n̪ ɪ ɡ̚
panihala	p ɐ n̪ ɪ h aː l ɐ ʔ
panik	p aː n̪ ɪ k̚
panik	p ɐ n̪ ɪ k̚
paniki	p ɐ n̪ iː x ɛ ʔ
paniki	p ɐ n̪ iː x ɪ
paniki	p ɐ n̪ iː x ɪ ʔ
panilan	p ɐ n̪ iː l ɐ n̪
panimbang	p ɐ n̪ ɪ m b a ŋ
panimbangan	p aː n̪ ɪ m b aː ŋ ɐ n̪
panimbangan	p ɐ n̪ ɪ m b ɐ ŋ a n̪
paninda	p ɐ n̪ ɪ n̪ d̪ a
panindigan	p ɐ n̪ ɪ n̪ d̪ ɪ ɣ a n̪
paningin	p ɐ n̪ ɪ ŋ ɪ n̪
paninigarilyo	p ɐ n̪ ɪ n̪ ɪ ɣ ɐ ɾ i l j o
paninindigan	p ɐ n̪ iː n̪ ɪ n̪ d̪ iː ɣ ɐ n̪
paninindigan	p ɐ n̪ iː n̪ ɪ n̪ d̪ ɪ ɣ a n̪
paniniwala	p ɐ n̪ iː n̪ ɪ w aː l ɐ ʔ
paniniwala	p ɐ n̪ ɪ n̪ ɪ w aː l ɐ ʔ
panipi	p ɐ n̪ iː p ɪ ʔ
panipisin	p ɐ n̪ ɪ p ɪ s ɪ n̪
panirahan	p aː n̪ ɪ ɾ aː h ɐ n̪
panirahanan	p ɐ n̪ ɪ ɾ ɐ h aː n̪ ɐ n̪
panis	p aː n̪ ɪ s
panis	p ɐ n̪ ɪ s
panitik	p ɐ n̪ iː t̪ ɪ k̚
panitikan	p aː n̪ ɪ t̪ ɪ x a n̪
paniyo	p ɐ n̪ j o ʔ
paniyo	p ɐ ɲ o ʔ
pankeik	p a ŋ k e ɪ̯ k
pankeyk	p a ŋ k e ɪ̯ k
pankreas	p a ŋ k ɾ ɛ j a s
panlaba	p ɐ n̪ l ɐ b a
panlabas	p ɐ n̪ l ɐ b a s
panlakad	p ɐ n̪ l aː x ɐ d̪̚
panlalayanan	p ɐ n̪ l ɐ l ɐ j aː n̪ ɐ n̪
panlampaso	p ɐ n̪ l ɐ m p aː s o
panlangit	p ɐ n̪ l aː ŋ ɪ t̪̚
panlapi	p ɐ n̪ l aː p ɪ ʔ
panlasa	p ɐ n̪ l aː s ɐ
panlikod	p ɐ n̪ l ɪ x o d̪̚
panlikuran	p a n̪ l ɪ x ʊ ɾ a n̪
panliligaw	p ɐ n̪ l ɪ l iː ɣ a ʊ̯
panlilimos	p ɐ n̪ l ɪ l ɪ m o s
panlinis	p ɐ n̪ l iː n̪ ɪ s
panlipunan	p ɐ n̪ l ɪ p uː n̪ ɐ n̪
panloloob	p ɐ n̪ l o l o ʔ o b̚
panloob	p ɐ n̪ l o ʔ o b̚
panlukbutan	p ɐ n̪ l ʊ k b uː t̪ ɐ n̪
panlulusob	p ɐ n̪ l ʊ l uː s o b̚
pano	p aː n̪ o
panorama	p aː n̪ o ɾ aː m ɐ
panos	p ɐ n̪ o s
panot	p aː n̪ o t̪̚
panot	p ɐ n̪ o t̪̚
panotsa	p ɐ n̪ o t t͡ʃ a
panotsa	p ɐ n̪ o t̪ s a
panrak	p ɐ n̪ ɾ a k̚
panrehiyon	p ɐ n̪ ɾ ɛ h j o n̪
panrelihiyon	p ɐ n̪ ɾ ɛ l ɪ h j o n̪
pansamantala	p ɐ n̪ s ɐ m ɐ n̪ t̪ ɐ l a
pansara	p ɐ n̪ s ɐ ɾ a
pansin	p ɐ n̪ s ɪ n̪
pansinin	p ɐ n̪ s ɪ n̪ ɪ n̪
pansit	p ɐ n̪ s ɪ t̪̚
pansiterya	p ɐ n̪ s ɪ t̪ ɛ ɾ j a
pansiterya	p ɐ n̪ s ɪ t̪ ɛ ɾ j ɐ
pansol	p ɐ n̪ s o l
pantablay	p ɐ n̪ t̪ ɐ b l a ɪ̯
pantakip	p ɐ n̪ t̪ ɐ x ɪ p̚
pantalan	p ɐ n̪ t̪ ɐ l a n̪
pantalon	p ɐ n̪ t̪ ɐ l o n̪
pantao	p ɐ n̪ t̪ aː ʔ o
pantas	p ɐ n̪ t̪ a s
pantasa	p ɐ n̪ t̪ ɐ s a
pantaserye	p ɐ n̪ t̪ ɐ s ɛ ɾ j ɛ
pantaw	p ɐ n̪ t̪ a ʊ̯
pantay	p ɐ n̪ t̪ a ɪ̯
pantaya	p ɐ n̪ t̪ aː j ɐ
pantaya	p ɐ n̪ t̪ ɐ j a
pantayin	p ɐ n̪ t̪ ɐ j ɪ n̪
pante	p a n̪ t̪ ɛ
pante	p ɐ n̪ t̪ ɛ
panteismo	p ɐ n̪ t̪ ɛ j i s m o
panteon	p ɐ n̪ t̪ ɛ j o n̪
panti	p a n̪ t̪ ɪ
panti	p ɐ n̪ t̪ ɪ
pantig	p ɐ n̪ t̪ ɪ ɡ̚
pantiyon	p ɐ n̪ t̪ j o n̪
pantiyon	p ɐ n̪ t͡ʃ o n̪
pantog	p ɐ n̪ t̪ o ɡ̚
pantomina	p a n̪ t̪ o m iː n̪ ɐ
pantropiko	p ɐ n̪ t̪ ɾ oː p ɪ x o
pantsimbag	p a n̪ t͡s ɪ m b a ɡ̚
pantsimbag	p a n̪ t͡ʃ ɪ m b a ɡ̚
pantukoy	p ɐ n̪ t̪ uː x o ɪ̯
pantuos	p ɐ n̪ t̪ ʊ ʔ o s
panukala	p ɐ n̪ ʊ x aː l ɐ ʔ
panukat	p ɐ n̪ uː x ɐ t̪̚
panulaan	p ɐ n̪ ʊ l aː ʔ ɐ n̪
panulat	p ɐ n̪ uː l ɐ t̪̚
panulukan	p aː n̪ ʊ l uː x ɐ n̪
panundong	p ɐ n̪ ʊ n̪ d̪ o ŋ
panuntunan	p ɐ n̪ ʊ n̪ t̪ uː n̪ ɐ n̪
panunuhol	p ɐ n̪ ʊ n̪ uː h o l
panunuluyan	p ɐ n̪ ʊ n̪ ʊ l uː j ɐ n̪
panunumpa	p ɐ n̪ ʊ n̪ ʊ m p a ʔ
panunuya	p ɐ n̪ ʊ n̪ ʊ j a ʔ
panuos	p ɐ n̪ ʊ ʔ o s
panuruan	p aː n̪ ʊ ɾ ʊ ʔ a n̪
panuto	p ɐ n̪ uː t̪ o
panutog	p ɐ n̪ uː t̪ o ɡ̚
panutsa	p ɐ n̪ ʊ t t͡ʃ a
panutsa	p ɐ n̪ ʊ t̪ s a
panuwelo	p ɐ n̪ w ɛː l o
panwelo	p ɐ n̪ w ɛː l o
panyapak	p ɐ n ɲ ɐ p a k̚
panyapak	p ɐ n̪ j ɐ p a k̚
panyo	p ɐ n ɲ o ʔ
panyo	p ɐ n̪ j o ʔ
panyuelo	p ɐ n ɲ w ɛː l o
panyuelo	p ɐ n̪ j ʊ w ɛː l o
panyuwelo	p ɐ n ɲ w ɛː l o
panyuwelo	p ɐ n̪ j ʊ w ɛː l o
paod	p ɐ ʔ o d̪̚
paol	p ɐ ʔ o l
paos	p aː ʔ o s
paos	p ɐ ʔ o s
papa	p a p a
papa	p aː p ɐ
papa	p aː p ɐ ʔ
papa	p ɐ p a
papa	p ɐ p a ʔ
papag	p aː p ɐ ɡ̚
papagandahin	p aː p ɐ ɣ ɐ n̪ d̪ ɐ h ɪ n̪
papagayo	p ɐ p ɐ ɣ aː j o
papagtaluhan	p aː p ɐ ɡ t̪ ɐ l uː h ɐ n̪
papagtalunan	p aː p ɐ ɡ t̪ ɐ l uː n̪ ɐ n̪
papagtalunan	p aː p ɐ ɡ t̪ ɐ l ʊ n̪ a n̪
papagtawanan	p aː p ɐ ɡ t̪ ɐ w ɐ n̪ a n̪
papair	p ɐ p ɐ ʔ ɪ ɾ
papaitan	p ɐ p ɐ ʔ iː t̪ ɐ n̪
papak	p ɐ p a k̚
papaletadahan	p ɐ p ɐ l ɛ t̪ ɐ d̪ aː h ɐ n̪
papalid	p ɐ p ɐ l ɪ d̪̚
papalitadahan	p ɐ p ɐ l ɪ t̪ ɐ d̪ aː h ɐ n̪
papan	p aː p ɐ n̪
papanasilaan	p aː p ɐ n̪ ɐ s ɪ l aː ʔ ɐ n̪
papanatilihin	p aː p ɐ n̪ ɐ t̪ ɪ l iː h ɪ n̪
papangitin	p ɐ p ɐ ŋ iː t̪ ɪ n̪
papansin	p ɐ p a n̪ s ɪ n̪
papansin	p ɐ p ɐ n̪ s ɪ n̪
papas	p aː p ɐ s
papasok	p aː p aː s o k̚
papasok	p ɐ p aː s o k̚
papasok	p ɐ p ɐ s o k̚
papasukin	p ɐ p ɐ s uː x ɪ n̪
papasyalan	p ɐ p ɐ s j ɐ l a n̪
papasyalan	p ɐ p ɐ ʃ ɐ l a n̪
papatay	p aː p ɐ t̪ a ɪ̯
papaw	p aː p a ʊ̯
papawid	p ɐ p ɐ w ɪ d̪̚
papawirin	p ɐ p ɐ w ɪ ɾ ɪ n̪
papawisan	p ɐ p ɐ w iː s ɐ n̪
papaya	p ɐ p aː j ɐ
papayid	p ɐ p ɐ j ɪ d̪̚
papayirin	p ɐ p ɐ j ɪ ɾ ɪ n̪
papel	p ɐ p ɛ l
papeles	p ɐ p ɛː l ɛ s
papet	p aː p ɛ t̪̚
papetero	p ɐ p ɛ t̪ ɛː ɾ o
papil	p ɐ p ɪ l
papiro	p aː p ɪ ɾ o
papiro	p ɐ p iː ɾ o
papitero	p ɐ p ɪ t̪ ɛː ɾ o
papkorn	p a p k o ɹ n̪
papunta	p ɐ p ʊ n̪ t̪ a
papuntahin	p ɐ p ʊ n̪ t̪ ɐ h ɪ n̪
paputok	p ɐ p ʊ t̪ o k̚
par	p a ɾ
para	p aː ɾ ɐ
paraan	p ɐ ɾ ɐ ʔ a n̪
paraanin	p ɐ ɾ ɐ ʔ aː n̪ ɪ n̪
parabula	p ɐ ɾ aː b ʊ l a
parada	p ɐ ɾ aː d̪ ɐ
paradahan	p aː ɾ ɐ d̪ ɐ h a n̪
paradahan	p ɐ ɾ ɐ d̪ aː h ɐ n̪
paradoha	p ɐ ɾ ɐ d̪ oː h ɐ
paradoks	p aː ɾ ɐ d̪ o k s
paradusdos	p ɐ ɾ ɐ d̪ ʊ s d̪ o s
paragala	p ɐ ɾ ɐ ɣ aː l ɐ
paragatos	p ɐ ɾ ɐ ɣ aː t̪ o s
paragos	p ɐ ɾ aː ɣ o s
paragwas	p ɐ ɾ a ɡ w ɐ s
parahin	p ɐ ɾ aː h ɪ n̪
paraiso	p ɐ ɾ ɐ ʔ iː s o
parak	p ɐ ɾ a k̚
parakaida	p ɐ ɾ ɐ x ɐ ʔ iː d̪ ɐ
parakayda	p ɐ ɾ ɐ x a ɪ̯ d̪ ɐ
parake	p aː ɾ ɐ x ɛ
paralelogramo	p ɐ ɾ ɐ l ɛ l o ɡ ɾ aː m o
parales	p ɐ ɾ aː l ɛ s
paralis	p ɐ ɾ aː l ɪ s
paralisado	p ɐ ɾ ɐ l ɪ s aː d̪ o
paralisis	p ɐ ɾ aː l ɪ s ɪ s
paraluman	p ɐ ɾ ɐ l uː m ɐ n̪
paralusdos	p ɐ ɾ ɐ l ʊ s d̪ o s
paramdam	p ɐ ɾ ɐ m d̪ a m
paramesyo	p ɐ ɾ ɐ m ɛ s j o
paramesyo	p ɐ ɾ ɐ m ɛː ʃ o
parami	p ɐ ɾ aː m ɪ
parami	p ɐ ɾ ɐ m ɪ
paramihan	p aː ɾ ɐ m iː h ɐ n̪
paramihan	p ɐ ɾ ɐ m iː h ɐ n̪
parang	p aː ɾ ɐ ŋ
paraon	p ɐ ɾ ɐ ʔ o n̪
parapara	p aː ɾ ɐ p aː ɾ ɐ
parapernalya	p ɐ ɾ ɐ p ɛ ɾ n̪ a l j ɐ
parapo	p aː ɾ ɐ p o
paraprase	p ɐ ɾ ɐ p ɾ aː s ɛ
pararayos	p aː ɾ ɐ ɾ aː j o s
parasyut	p aː ɾ ɐ s j ʊ t̪̚
parasyut	p aː ɾ ɐ ʃ ʊ t̪̚
paratang	p ɐ ɾ aː t̪ ɐ ŋ
parati	p ɐ ɾ aː t̪ ɪ
parausan	p aː ɾ ɐ ʔ ʊ s a n̪
paraw	p ɐ ɾ a ʊ̯
parayaw	p ɐ ɾ aː j a ʊ̯
parayso	p ɐ ɾ a ɪ̯ s o
pardilya	p ɐ ɾ d̪ i l j ɐ
pardiyas	p ɐ ɾ d̪ j a s
pardiyas	p ɐ ɾ d͡ʒ a s
pare	p aː ɾ ɛ
pare	p aː ɾ ɛ ʔ
pareha	p ɐ ɾ ɛː h ɐ
parehas	p ɐ ɾ ɛː h ɐ s
pareho	p ɐ ɾ ɛː h o
parentesis	p ɐ ɾ ɛ n̪ t̪ ɛ s ɪ s
pares	p aː ɾ ɛ s
paresan	p ɐ ɾ ɛ s a n̪
pargatas	p ɐ ɾ ɡ aː t̪ ɐ s
pari	p aː ɾ ɪ ʔ
parian	p ɐ ɾ iː ʔ ɐ n̪
parian	p ɐ ɾ ɪ ʔ a n̪
parianyo	p ɐ ɾ ɪ ʔ ɐ n ɲ o ʔ
parianyo	p ɐ ɾ ɪ ʔ ɐ n̪ j o ʔ
parigapay	p ɐ ɾ ɪ ɣ ɐ p a ɪ̯
parigilid	p ɐ ɾ ɪ ɣ ɪ l ɪ d̪̚
parigorik	p ɐ ɾ ɪ ɣ oː ɾ ɪ k̚
parihaba	p ɐ ɾ ɪ h ɐ b a ʔ
parika	p ɐ ɾ iː x ɐ
parikala	p ɐ ɾ ɪ x aː l ɐ
parikala	p ɐ ɾ ɪ x aː l ɐ ʔ
paril	p ɐ ɾ ɪ l
parilya	p ɐ ɾ i l j ɐ
parinig	p ɐ ɾ ɪ n̪ ɪ ɡ̚
parinlas	p ɐ ɾ i n̪ l ɐ s
parirala	p ɐ ɾ ɪ ɾ aː l ɐ
paris	p aː ɾ ɪ s
parisan	p ɐ ɾ ɪ s a n̪
parisukat	p ɐ ɾ ɪ s ʊ x a t̪̚
paritaan	p ɐ ɾ ɪ t̪ ɐ ʔ a n̪
paritadlong	p ɐ ɾ ɪ t̪ ɐ d̪ l̪ o ŋ
paritadlungin	p ɐ ɾ ɪ t̪ ɐ d̪ l̪ ʊ ŋ ɪ n̪
pariugat	p ɐ ɾ ɪ ʔ ʊ ɣ a t̪̚
pariwara	p ɐ ɾ ɪ w ɐ ɾ a ʔ
park	p a ɹ k
parke	p a ɾ k ɛ
parke	p ɐ ɾ k ɛ
parkingan	p a ɾ k ɪ ŋ a n̪
parkingan	p ɐ ɾ k iː ŋ ɐ n̪
parlamentaryo	p ɐ ɾ l ɐ m ɛ n̪ t̪ a ɾ j o
parlamento	p ɐ ɾ l ɐ m ɛ n̪ t̪ o
parliyamentaryo	p ɐ ɾ l j ɐ m ɛ n̪ t̪ a ɾ j o
parliyamento	p ɐ ɾ l j ɐ m ɛ n̪ t̪ o
parlorista	p ɐ ɾ l o ɾ i s t̪ ɐ
parlyamentaryo	p ɐ ɾ l j ɐ m ɛ n̪ t̪ a ɾ j o
parlyamento	p ɐ ɾ l j ɐ m ɛ n̪ t̪ o
parmasiya	p ɐ ɾ m aː s j ɐ
parmasiya	p ɐ ɾ m aː ʃ ɐ
parmasya	p ɐ ɾ m a s j ɐ
parmasya	p ɐ ɾ m aː ʃ ɐ
paroko	p aː ɾ o x o
paroko	p ɐ ɾ oː x o
parokya	p ɐ ɾ o k j ɐ
parokyal	p ɐ ɾ o k j a l
parokyano	p ɐ ɾ o k j aː n̪ o
parol	p ɐ ɾ o l
parola	p ɐ ɾ oː l ɐ
parpala	p ɐ ɾ p ɐ l a
parsela	p ɐ ɾ s ɛː l ɐ
parselpos	p a ɾ s ɛ l p o s
parselpost	p a ɾ s ɛ l p o s t̪
parseria	p ɐ ɾ s ɛ ɾ iː j ɐ
parseriya	p ɐ ɾ s ɛ ɾ iː j ɐ
parte	p ɐ ɾ t̪ ɛ
partida	p ɐ ɾ t̪ iː d̪ ɐ
partido	p ɐ ɾ t̪ iː d̪ o
partisano	p ɐ ɾ t̪ ɪ s aː n̪ o
partisipasyon	p ɐ ɾ t̪ ɪ s ɪ p ɐ s j o n̪
partisipasyon	p ɐ ɾ t̪ ɪ s ɪ p ɐ ʃ o n̪
partnersip	p a ɹ t̪ n̪ ɛ ɾ s ɪ p̚
partnersyip	p a ɹ t̪ n̪ ɛ ɾ s j ɪ p̚
partnersyip	p a ɹ t̪ n̪ ɛ ɾ ʃ ɪ p̚
partse	p ɐ ɾ t͡s ɛ
partse	p ɐ ɾ t͡ʃ ɛ
parugo	p ɐ ɾ ʊ ɣ o ʔ
paruka	p ɐ ɾ ʊ x a ʔ
paruparo	p ɐ ɾ ʊ p ɐ ɾ o
parusa	p ɐ ɾ uː s ɐ
parusahan	p aː ɾ ʊ s ɐ h a n̪
parusahan	p ɐ ɾ ʊ s aː h ɐ n̪
pasa	p aː s ɐ
pasa	p ɐ s a
pasa	p ɐ s a ʔ
pasabi	p ɐ s aː b ɪ
pasabog	p ɐ s aː b o ɡ̚
pasabugin	p ɐ s ɐ b uː ɣ ɪ n̪
pasada	p ɐ s aː d̪ ɐ
pasado	p ɐ s aː d̪ o
pasadya	p ɐ s ɐ d d͡ʒ a ʔ
pasadya	p ɐ s ɐ d̪ j a ʔ
pasagutan	p ɐ s ɐ ɣ ʊ t̪ a n̪
pasahe	p ɐ s aː h ɛ
pasahero	p ɐ s ɐ h ɛː ɾ o
pasakalye	p ɐ s ɐ x a l j ɛ
pasalamat	p ɐ s ɐ l aː m ɐ t̪̚
pasalubong	p ɐ s ɐ l uː b o ŋ
pasalubong	p ɐ s ɐ l ʊ b o ŋ
pasan	p ɐ s a n̪
pasang	p aː s ɐ ŋ
pasangit	p ɐ s aː ŋ ɪ t̪̚
pasanin	p ɐ s aː n̪ ɪ n̪
pasanin	p ɐ s ɐ n̪ ɪ n̪
pasantabi	p ɐ s ɐ n̪ t̪ aː b ɪ ʔ
pasaporte	p ɐ s ɐ p o ɾ t̪ ɛ
pasaring	p ɐ s aː ɾ ɪ ŋ
pasaring	p ɐ s ɐ ɾ ɪ ŋ
pasaringan	p ɐ s ɐ ɾ ɪ ŋ a n̪
pasas	p aː s ɐ s
pasasalamat	p ɐ s ɐ s ɐ l aː m ɐ t̪̚
pasatiyempo	p ɐ s ɐ t̪ j ɛ m p o
pasatiyempo	p ɐ s ɐ t͡ʃ ɛ m p o
pasaway	p ɐ s ɐ w a ɪ̯
pasayahin	p ɐ s ɐ j ɐ h ɪ n̪
pasayawin	p ɐ s ɐ j ɐ w ɪ n̪
pasbuk	p a s b ʊ k̚
pasensiya	p ɐ s ɛ n̪ s j ɐ
pasensiya	p ɐ s ɛ n̪ ʃ ɐ
pasensiyahan	p aː s ɛ n̪ s j aː h ɐ n̪
pasensiyahan	p aː s ɛ n̪ ʃ aː h ɐ n̪
pasensiyahan	p ɐ s ɛ n̪ s j ɐ h a n̪
pasensiyahan	p ɐ s ɛ n̪ ʃ ɐ h a n̪
pasensiyosa	p ɐ s ɛ n̪ s j oː s ɐ
pasensiyosa	p ɐ s ɛ n̪ ʃ oː s ɐ
pasensiyoso	p ɐ s ɛ n̪ s j oː s o
pasensiyoso	p ɐ s ɛ n̪ ʃ oː s o
pasensya	p ɐ s ɛ n̪ s j ɐ
pasensya	p ɐ s ɛ n̪ ʃ ɐ
pasensyosa	p ɐ s ɛ n̪ s j oː s ɐ
pasensyosa	p ɐ s ɛ n̪ ʃ oː s ɐ
pasensyoso	p ɐ s ɛ n̪ s j oː s o
pasensyoso	p ɐ s ɛ n̪ ʃ oː s o
pashnea	p ɐ s n̪ ɛː j ɐ
pashnea	p ɐ ʃ n̪ ɛː j ɐ
pasig	p aː s ɪ ɡ̚
pasigan	p ɐ s iː ɣ ɐ n̪
pasigan	p ɐ s ɪ ɣ a n̪
pasigayon	p ɐ s ɪ ɣ ɐ j o n̪
pasiglahin	p ɐ s ɪ ɡ l ɐ h ɪ n̪
pasikat	p ɐ s iː x ɐ t̪̚
pasil	p aː s ɪ l
pasilidad	p ɐ s ɪ l ɪ d̪ a d̪̚
pasilyo	p ɐ s i l j o
pasimada	p ɐ s ɪ m aː d̪ ɐ
pasimuno	p ɐ s ɪ m uː n̪ o ʔ
pasintabi	p ɐ s ɪ n̪ t̪ aː b ɪ ʔ
pasinungalingan	p ɐ s ɪ n̪ ʊ ŋ ɐ l iː ŋ ɐ n̪
pasipalin	p ɐ s ɪ p aː l ɪ n̪
pasipismo	p ɐ s ɪ p i s m o
pasismo	p ɐ s i s m o
pasista	p ɐ s i s t̪ ɐ
pasiti	p ɐ s iː t̪ ɪ
pasiya	p ɐ s j a
pasiya	p ɐ ʃ a
pasiyam	p ɐ s j a m
pasiyam	p ɐ ʃ a m
paskil	p ɐ s k ɪ l
paskuwa	p a s k w ɐ
paskuwas	p a s k w ɐ s
paskuwita	p ɐ s k w iː t̪ ɐ
paskwa	p a s k w ɐ
paskwas	p a s k w ɐ s
paslang	p ɐ s l a ŋ
paslit	p ɐ s l ɪ t̪̚
pasma	p ɐ s m a
pasmado	p ɐ s m aː d̪ o
paso	p aː s o
paso	p aː s o ʔ
paso	p ɐ s o
paso	p ɐ s o ʔ
pasok	p aː s o k̚
pasok	p ɐ s o k̚
pasol	p aː s o l
pasotis	p ɐ s oː t̪ ɪ s
password	p a s w o ɹ d̪
pasta	p a s t̪ ɐ
pasta	p a s t̪ ɐ ʔ
pasta	p ɐ s t̪ a ʔ
pastel	p ɐ s t̪ ɛ l
pasteleria	p ɐ s t̪ ɛ l ɛ ɾ iː j ɐ
pasteleriya	p ɐ s t̪ ɛ l ɛ ɾ iː j ɐ
pastelerya	p ɐ s t̪ ɛ l ɛ ɾ j a
pasterisasyon	p a s t̪ ɛ ɾ ɪ s ɐ s j o n̪
pasterisasyon	p a s t̪ ɛ ɾ ɪ s ɐ ʃ o n̪
pastil	p ɐ s t̪ ɪ l
pastilan	p ɐ s t̪ iː l ɐ n̪
pastiliya	p ɐ s t̪ iː l j ɐ
pastilya	p ɐ s t̪ i l j ɐ
pastilyas	p ɐ s t̪ i l j ɐ s
pastol	p ɐ s t̪ o l
pastor	p ɐ s t̪ o ɾ
pastora	p ɐ s t̪ oː ɾ ɐ
pastores	p ɐ s t̪ oː ɾ ɛ s
pastrak	p a s t̪ ɾ ɐ k̚
pastulan	p ɐ s t̪ uː l ɐ n̪
pasugalan	p aː s ʊ ɣ aː l ɐ n̪
pasuguan	p ɐ s ʊ ɣ uː ʔ ɐ n̪
pasukan	p ɐ s uː x ɐ n̪
pasukan	p ɐ s ʊ x a n̪
pasukdol	p ɐ s ʊ k d̪ o l
pasukin	p ɐ s uː x ɪ n̪
pasulo	p ɐ s uː l o
pasuwit	p ɐ s uː w ɪ t̪̚
pasuwit	p ɐ s w ɪ t̪̚
paswit	p ɐ s w ɪ t̪̚
pasword	p a s w o ɹ d̪
pasya	p ɐ s j a
pasya	p ɐ ʃ a
pasyal	p ɐ s j a l
pasyal	p ɐ ʃ a l
pasyalan	p ɐ s j aː l ɐ n̪
pasyalan	p ɐ s j ɐ l a n̪
pasyalan	p ɐ ʃ aː l ɐ n̪
pasyalan	p ɐ ʃ ɐ l a n̪
pasyente	p ɐ s j ɛ n̪ t̪ ɛ
pasyente	p ɐ ʃ ɛ n̪ t̪ ɛ
pata	p aː t̪ ɐ
pata	p aː t̪ ɐ ʔ
pata	p ɐ t̪ a ʔ
pataasan	p aː t̪ ɐ ʔ aː s ɐ n̪
pataasan	p ɐ t̪ ɐ ʔ aː s ɐ n̪
pataasan	p ɐ t̪ ɐ ʔ ɐ s a n̪
pataba	p ɐ t̪ ɐ b a ʔ
patadyong	p ɐ t̪ ɐ d d͡ʒ o ŋ
patadyong	p ɐ t̪ ɐ d̪ j o ŋ
patag	p aː t̪ ɐ ɡ̚
patagin	p ɐ t̪ aː ɣ ɪ n̪
patago	p ɐ t̪ aː ɣ o ʔ
patago	p ɐ t̪ ɐ ɣ o ʔ
patahian	p ɐ t̪ ɐ h iː ʔ ɐ n̪
patahimikin	p ɐ t̪ ɐ h ɪ m iː x ɪ n̪
patak	p ɐ t̪ a k̚
patakaran	p aː t̪ ɐ x ɐ ɾ a n̪
patakaran	p ɐ t̪ ɐ x aː ɾ ɐ n̪
patakbuhin	p ɐ t̪ ɐ k b ʊ h ɪ n̪
pataksil	p ɐ t̪ ɐ k s ɪ l
patalastas	p ɐ t̪ ɐ l ɐ s t̪ a s
patalim	p ɐ t̪ ɐ l ɪ m
patalismo	p ɐ t̪ ɐ l i s m o
patalsik	p ɐ t̪ ɐ l s ɪ k̚
patango	p aː t̪ ɐ ŋ o ʔ
patango	p ɐ t̪ ɐ ŋ o ʔ
patangwa	p ɐ t̪ ɐ ŋ w a
patani	p ɐ t̪ aː n̪ ɪ ʔ
patapos	p ɐ t̪ aː p o s
patapos	p ɐ t̪ ɐ p o s
patapusin	p ɐ t̪ ɐ p uː s ɪ n̪
pataraka	p ɐ t̪ ɐ ɾ aː x ɐ
patas	p aː t̪ ɐ s
patatagin	p ɐ t̪ ɐ t̪ ɐ ɣ ɪ n̪
patatango	p aː t̪ ɐ t̪ aː ŋ o ʔ
patatas	p ɐ t̪ aː t̪ ɐ s
pataw	p aː t̪ a ʊ̯
patawad	p ɐ t̪ aː w ɐ d̪̚
patawanin	p ɐ t̪ ɐ w aː n̪ ɪ n̪
patay	p ɐ t̪ a ɪ̯
patayin	p ɐ t̪ ɐ j ɪ n̪
patda	p ɐ t̪ d̪ a
pate	p aː t̪ ɛ
pate	p ɐ t̪ ɛ ʔ
pati	p ɐ t̪ ɪ
pati	p ɐ t̪ ɪ ʔ
patibong	p ɐ t̪ ɪ b o ŋ
patid	p aː t̪ ɪ d̪̚
patid	p ɐ t̪ ɪ d̪̚
patidyugto	p ɐ t̪ ɪ d̪ j ʊ ɡ t̪ o ʔ
patig	p ɐ t̪ ɪ ɡ̚
patik	p ɐ t̪ ɪ k̚
patilya	p ɐ t̪ i l j ɐ
patimog	p ɐ t̪ iː m o ɡ̚
pating	p ɐ t̪ ɪ ŋ
patinig	p ɐ t̪ iː n̪ ɪ ɡ̚
patintero	p aː t̪ ɪ n̪ t̪ ɛː ɾ o
patipati	p ɐ t̪ ɪ p aː t̪ ɪ
patis	p ɐ t̪ ɪ s
patiwarik	p ɐ t̪ ɪ w ɐ ɾ ɪ k̚
patnig	p ɐ t̪ n̪ ɪ ɡ̚
patnubay	p ɐ t̪ n̪ uː b a ɪ̯
patnugot	p ɐ t̪ n̪ uː ɣ o t̪̚
pato	p aː t̪ o
pato	p aː t̪ o ʔ
patok	p aː t̪ o k̚
patok	p ɐ t̪ o k̚
patol	p aː t̪ o l
patola	p ɐ t̪ oː l ɐ
patologo	p ɐ t̪ oː l o ɣ o
patolohiya	p ɐ t̪ o l o h iː j ɐ
patong	p aː t̪ o ŋ
patos	p aː t̪ o s
patotot	p ɐ t̪ oː t̪ o t̪̚
patpat	p ɐ t̪ p a t̪̚
patrianggulo	p ɐ t̪ ɾ ɪ ʔ a ŋ ɡ ʊ l o
patriarka	p ɐ t̪ ɾ j a ɾ k ɐ
patrimonyo	p ɐ t̪ ɾ ɪ m o n̪ j o
patrimonyo	p ɐ t̪ ɾ ɪ m oː ɲ o
patriota	p ɐ t̪ ɾ j oː t̪ ɐ
patriotismo	p ɐ t̪ ɾ j o t̪ i s m o
patrisidyo	p ɐ t̪ ɾ ɪ s i d̪ j o
patrisidyo	p ɐ t̪ ɾ ɪ s iː d͡ʒ o
patriya	p a t̪ ɾ j ɐ
patriyanggulo	p ɐ t̪ ɾ j a ŋ ɡ ʊ l o
patriyarka	p ɐ t̪ ɾ j a ɾ k ɐ
patriyota	p ɐ t̪ ɾ j oː t̪ ɐ
patriyotiko	p ɐ t̪ ɾ j oː t̪ ɪ x o
patriyotismo	p ɐ t̪ ɾ j o t̪ i s m o
patrolya	p ɐ t̪ ɾ o l j ɐ
patronahe	p ɐ t̪ ɾ o n̪ aː h ɛ
patrulya	p ɐ t̪ ɾ u l j ɐ
patsada	p ɐ t t͡ʃ aː d̪ ɐ
patsada	p ɐ t̪ s aː d̪ ɐ
patse	p ɐ t t͡ʃ ɛ
patse	p ɐ t̪ s ɛ
patubig	p ɐ t̪ uː b ɪ ɡ̚
patubigan	p ɐ t̪ ʊ b iː ɣ ɐ n̪
patubiling	p ɐ t̪ ʊ b ɪ l ɪ ŋ
patuka	p ɐ t̪ ʊ x a ʔ
patuloy	p ɐ t̪ uː l o ɪ̯
patuloy	p ɐ t̪ ʊ l o ɪ̯
patulugin	p ɐ t̪ ʊ l uː ɣ ɪ n̪
patumapat	p ɐ t̪ ʊ m ɐ p a t̪̚
patuna	p ɐ t̪ ʊ n̪ a
patunay	p ɐ t̪ uː n̪ a ɪ̯
patunayan	p ɐ t̪ ʊ n̪ aː j ɐ n̪
patungkulan	p ɐ t̪ ʊ ŋ k ʊ l a n̪
patungo	p ɐ t̪ uː ŋ o
patungo	p ɐ t̪ uː ŋ o ʔ
patupat	p ɐ t̪ uː p ɐ t̪̚
paturuan	p aː t̪ ʊ ɾ ʊ ʔ a n̪
paturuan	p ɐ t̪ ʊ ɾ uː ʔ ɐ n̪
patutot	p ɐ t̪ uː t̪ o t̪̚
patutsada	p ɐ t̪ ʊ t t͡ʃ aː d̪ ɐ
patutsada	p ɐ t̪ ʊ t̪ s aː d̪ ɐ
patuusan	p aː t̪ ʊ ʔ ʊ s a n̪
patuyuin	p ɐ t̪ ʊ j ʊ ʔ ɪ n̪
paud	p ɐ ʔ ʊ d̪̚
paul	p a ʊ̯ l
paumanhin	p ɐ ʔ ʊ m ɐ n̪ h ɪ n̪
paupahan	p ɐ ʔ ʊ p aː h ɐ n̪
paupahan	p ɐ ʔ ʊ p ɐ h a n̪
paupuin	p ɐ ʔ ʊ p ʊ ʔ ɪ n̪
pauso	p ɐ ʔ uː s o
pausukan	p aː ʔ ʊ s ʊ x a n̪
pausukan	p ɐ ʔ ʊ s uː x ɐ n̪
pauwe	p ɐ ʔ ʊ w ɛ ʔ
pauwi	p ɐ ʔ uː w ɪ ʔ
pauwi	p ɐ ʔ ʊ w ɛ ʔ
pauwi	p ɐ ʔ ʊ w ɪ ʔ
pauwiin	p ɐ ʔ ʊ w ɪ ʔ ɪ n̪
paw	p a ʊ̯
pawa	p aː w ɐ ʔ
pawatas	p ɐ w ɐ t̪ a s
pawid	p aː w ɪ d̪̚
pawid	p ɐ w ɪ d̪̚
pawikan	p ɐ w iː x ɐ n̪
pawis	p aː w ɪ s
pawis	p ɐ w ɪ s
pawisan	p ɐ w iː s ɐ n̪
pawisan	p ɐ w ɪ s a n̪
pawl	p a ʊ̯ l
pawnteyn	p a ʊ̯ n̪ t̪ e ɪ̯ n̪
pawol	p ɐ w o l
pawpaw	p a ʊ̯ p a ʊ̯
pawpawan	p a ʊ̯ p aː w ɐ n̪
pawsan	p a ʊ̯ s a n̪
paya	p aː j ɐ
payag	p aː j ɐ ɡ̚
payagpag	p ɐ j ɐ ɡ p a ɡ̚
payak	p ɐ j a k̚
payamanin	p ɐ j ɐ m aː n̪ ɪ n̪
payapa	p ɐ j aː p ɐ ʔ
payaso	p ɐ j aː s o
payat	p aː j ɐ t̪̚
payat	p ɐ j a t̪̚
payatot	p ɐ j aː t̪ o t̪̚
payi	p aː j ɪ ʔ
payid	p aː j ɪ d̪̚
payid	p ɐ j ɪ d̪̚
payipoy	p ɐ j iː p o ɪ̯
paykot	p a ɪ̯ x o t̪̚
payneta	p a ɪ̯ n̪ ɛː t̪ ɐ
payo	p aː j o
payola	p ɐ j oː l ɐ
payong	p aː j o ŋ
paypay	p a ɪ̯ p a ɪ̯
paypayin	p a ɪ̯ p ɐ j ɪ n̪
payreted	p a ɪ̯ ɾ ɛ t̪ ɛ d̪̚
paysahe	p a ɪ̯ s aː h ɛ
paysano	p a ɪ̯ s aː n̪ o
payuhan	p ɐ j uː h ɐ n̪
payupoy	p ɐ j uː p o ɪ̯
pe	p ɛ
peborit	p ɛː b o ɾ ɪ t̪̚
pebripugo	p ɛː b ɾ ɪ p uː ɣ o
pechay	p ɛ t̪ s a ɪ̯
pechay	p ɛː t͡ʃ a ɪ̯
pedal	p ɛ d̪ a l
pederalismo	p ɛ d̪ ɛ ɾ ɐ l i s m o
pederasyon	p ɛ d̪ ɛ ɾ ɐ s j o n̪
pederasyon	p ɛ d̪ ɛ ɾ ɐ ʃ o n̪
pedigri	p ɛː d̪ ɪ ɡ ɾ ɪ
pedikab	p ɛː d̪ ɪ x a b̚
peg	p ɛ ɡ̚
pekas	p ɛː x ɐ s
peke	p ɛː x ɛ ʔ
peklat	p ɛ k l ɐ t̪̚
pekpek	p ɛ k p ɛ k̚
peksman	p ɛ k s m ɐ n̪
pektus	p ɛ k t̪ ʊ s
pekulyar	p ɛ x ʊ l j a ɾ
pekulyaridad	p ɛ x ʊ l j ɐ ɾ ɪ d̪ a d̪̚
pelasyo	p ɛ l a s j o
pelasyo	p ɛ l aː ʃ o
peldespato	p ɛ l d̪ ɛ s p aː t̪ o
peligro	p ɛ l i ɡ ɾ o
peligroso	p ɛ l ɪ ɡ ɾ oː s o
pelikula	p ɛ l iː x ʊ l a
pelota	p ɛ l oː t̪ ɐ
peluka	p ɛ l uː x ɐ
pelus	p ɛ l ʊ s
pelyan	p ɛ l j ɐ n̪
pemenino	p ɛ m ɛ n̪ iː n̪ o
pemenismo	p ɛ m ɛ n̪ i s m o
peminino	p ɛ m ɪ n̪ iː n̪ o
peminismo	p ɛ m ɪ n̪ i s m o
pempal	p ɛ m p ɐ l
pena	p ɛː n̪ ɐ
penal	p ɛ n̪ a l
pendeho	p ɛ n̪ d̪ ɛː h o
penge	p ɛː ŋ ɛ ʔ
penikada	p ɛ n̪ ɪ x aː d̪ ɐ
penikado	p ɛ n̪ ɪ x aː d̪ o
penikula	p ɛ n̪ iː x ʊ l a
peninsula	p ɛ n̪ i n̪ s ʊ l a
peninsulares	p ɛ n̪ i n̪ s ʊ l aː ɾ ɛ s
penitensiya	p ɛ n̪ ɪ t̪ ɛ n̪ s j ɐ
penitensiya	p ɛ n̪ ɪ t̪ ɛ n̪ ʃ ɐ
penitensya	p ɛ n̪ ɪ t̪ ɛ n̪ s j ɐ
penitensya	p ɛ n̪ ɪ t̪ ɛ n̪ ʃ ɐ
penol	p ɛ n̪ o l
penomeno	p ɛ n̪ oː m ɛ n̪ o
penoy	p ɛː n̪ o ɪ̯
penpal	p ɛ m p ɐ l
pensiyon	p ɛ n̪ s j o n̪
pensiyon	p ɛ n̪ ʃ o n̪
pensiyonado	p ɛ n̪ s j o n̪ aː d̪ o
pensiyonado	p ɛ n̪ ʃ o n̪ aː d̪ o
pensyon	p ɛ n̪ s j o n̪
pensyon	p ɛ n̪ ʃ o n̪
pensyonado	p ɛ n̪ s j o n̪ aː d̪ o
pensyonado	p ɛ n̪ ʃ o n̪ aː d̪ o
pentada	p ɛ n̪ t̪ aː d̪ ɐ
pentagrama	p ɛ n̪ t̪ ɐ ɡ ɾ aː m ɐ
peon	p ɛ j o n̪
pepe	p ɛː p ɛ ʔ
pera	p iː ɾ ɐ
pera	p ɛː ɾ ɐ
peram	p ɛː ɾ ɐ m
peras	p ɛː ɾ ɐ s
perdegana	p ɛ ɾ d̪ ɛ ɣ aː n̪ ɐ
perdible	p ɛ ɾ d̪ i b l ɛ
perdigana	p ɛ ɾ d̪ ɪ ɣ aː n̪ ɐ
peregrinasyon	p ɛ ɾ ɛ ɡ ɾ ɪ n̪ ɐ s j o n̪
peregrinasyon	p ɛ ɾ ɛ ɡ ɾ ɪ n̪ ɐ ʃ o n̪
peregrino	p ɛ ɾ ɛ ɡ ɾ iː n̪ o
perehil	p ɛ ɾ ɛ h ɪ l
pereteriya	p ɛ ɾ ɛ t̪ ɛ ɾ iː j ɐ
performans	p ɛ ɾ f o ɾ m ɐ n̪ s
performans	p ɛ ɾ p o ɾ m ɐ n̪ s
perhuwisyo	p ɛ ɾ h w i s j o
perhuwisyo	p ɛ ɾ h w iː ʃ o
perhuwisyo	p ɛ ɾ w i s j o
perhuwisyo	p ɛ ɾ w iː ʃ o
perimetro	p ɛ ɾ iː m ɛ t̪ ɾ o
perimetro	p ɛ ɾ ɪ m ɛː t̪ ɾ o
perito	p ɛ ɾ iː t̪ o
periyodismo	p ɛ ɾ j o d̪ i s m o
perlas	p ɛ ɾ l ɐ s
perminante	p ɛ ɾ m ɪ n̪ a n̪ t̪ ɛ
permiso	p ɛ ɾ m iː s o
pero	p ɛː ɾ o
perokaril	p ɛ ɾ o x ɐ ɾ ɪ l
perpeksiyon	p ɛ ɾ p ɛ k s j o n̪
perpeksiyon	p ɛ ɾ p ɛ k ʃ o n̪
perpormans	p ɛ ɾ p o ɾ m ɐ n̪ s
persentahe	p ɛ ɾ s ɛ n̪ t̪ aː h ɛ
persepsiyon	p ɛ ɾ s ɛ p s j o n̪
persepsiyon	p ɛ ɾ s ɛ p ʃ o n̪
persepsyon	p ɛ ɾ s ɛ p s j o n̪
persepsyon	p ɛ ɾ s ɛ p ʃ o n̪
persigi	p ɛ ɾ s ɪ ɣ ɪ
persigido	p ɛ ɾ s ɪ ɣ iː d̪ o
persiyana	p ɛ ɾ s j aː n̪ ɐ
persiyana	p ɛ ɾ ʃ aː n̪ ɐ
personal	p ɛ ɾ s o n̪ a l
personalan	p ɛ ɾ s o n̪ aː l ɐ n̪
personalin	p ɛ ɾ s o n̪ ɐ l ɪ n̪
personel	p ɛ ɾ s o n̪ ɛ l
perspektiba	p ə ɹ s p ɛ k t̪ iː b ɐ
perspektibo	p ə ɹ s p ɛ k t̪ iː b o
perwisyo	p ɛ ɾ w i s j o
perwisyo	p ɛ ɾ w iː ʃ o
perya	p ɛ ɾ j ɐ
peryodikal	p ɛ ɾ j oː d̪ ɪ x a l
peryodiko	p ɛ ɾ j oː d̪ ɪ x o
peryodismo	p ɛ ɾ j o d̪ i s m o
peryodista	p ɛ ɾ j o d̪ i s t̪ ɐ
pesa	p ɛː s ɐ
pesa	p ɛː s ɐ ʔ
pesante	p ɛ s a n̪ t̪ ɛ
peseta	p ɛ s ɛː t̪ ɐ
pesimismo	p ɛ s ɪ m i s m o
peso	p ɛː s o
peste	p ɛ s t̪ ɛ
pestisidyo	p ɛ s t̪ ɪ s i d̪ j o
pestisidyo	p ɛ s t̪ ɪ s iː d͡ʒ o
petikot	p ɛː t̪ ɪ x o t̪̚
petiks	p ɛː t̪ ɪ k s
petisyon	p ɛ t̪ ɪ s j o n̪
petisyon	p ɛ t̪ ɪ ʃ o n̪
petmalu	p ɛ t̪ m ɐ l ʊ
petrolyo	p ɛ t̪ ɾ o l j o
petsa	p ɛ t̪ s ɐ
petsa	p ɛː t͡ʃ ɐ
petsay	p ɛ t̪ s a ɪ̯
petsay	p ɛː t͡ʃ a ɪ̯
peyborit	p e ɪ̯ b o ɾ ɪ t̪̚
peymuth	p e ɪ̯ m ʊ t̪̚
peyneta	p e ɪ̯ n̪ ɛː t̪ ɐ
peyrol	p e ɪ̯ ɾ o l
peyups	p ɛ j ʊ p s
pi	p ɪ
pi	p ɪ ʔ
piapi	p ɪ ʔ aː p ɪ
picha	p i t̪ s ɐ
picha	p iː s ɐ
picha	p iː t͡ʃ ɐ
pics	p ɪ k s
pidal	p ɪ d̪ a l
pidbak	p i d̪ b ɐ k̚
pidpid	p ɪ d̪ p ɪ d̪̚
piga	p ɪ ɣ a ʔ
pigain	p ɪ ɣ ɐ ʔ ɪ n̪
pighati	p ɪ ɡ h ɐ t̪ ɪ ʔ
pigi	p ɪ ɣ ɪ ʔ
pigil	p iː ɣ ɪ l
pigil	p ɪ ɣ ɪ l
piging	p iː ɣ ɪ ŋ
piging	p ɪ ɣ ɪ ŋ
pigis	p ɪ ɣ ɪ s
piglas	p ɪ ɡ l a s
pigsa	p ɪ ɡ s a
pigsa	p ɪ ɡ s a ʔ
pigta	p ɪ ɡ t̪ a ʔ
pigtas	p ɪ ɡ t̪ a s
pigura	p ɪ ɣ uː ɾ ɐ
pigurin	p ɪ ɣ ʊ ɾ ɪ n̪
piha	p iː h ɐ ʔ
pihik	p iː h ɪ k̚
pihikan	p ɪ h iː x ɐ n̪
piho	p iː h o
piing	p iː ʔ ɪ ŋ
piing	p ɪ ʔ ɪ ŋ
piit	p iː ʔ ɪ t̪̚
piit	p ɪ ʔ ɪ t̪̚
pikaporte	p ɪ x ɐ p o ɾ t̪ ɛ
pikat	p iː x ɐ t̪̚
piki	p ɪ x ɪ ʔ
pikit	p ɪ x ɪ t̪̚
piklat	p i k l ɐ t̪̚
pikniker	p i k n̪ ɪ x ɛ ɾ
piko	p ɪ x o ʔ
pikolo	p iː x o l o
pikon	p iː x o n̪
pikon	p ɪ x o n̪
pikot	p iː x o t̪̚
pikot	p ɪ x o t̪̚
piksi	p ɪ k s ɪ
piktoryal	p ɪ k t̪ o ɾ j ɐ l
pila	p iː l ɐ
pila	p ɪ l a
pilak	p iː l ɐ k̚
pilamento	p ɪ l ɐ m ɛ n̪ t̪ o
pilandok	p ɪ l ɐ n̪ d̪ o k̚
pilantik	p ɪ l ɐ n̪ t̪ ɪ k̚
pilantropiya	p ɪ l ɐ n̪ t̪ ɾ o p iː j ɐ
pilantropo	p ɪ l a n̪ t̪ ɾ o p o
pilapil	p ɪ l aː p ɪ l
pilarmoniko	p ɪ l ɐ ɾ m oː n̪ ɪ x o
pilas	p iː l ɐ s
pilas	p ɪ l a s
pilat	p iː l ɐ t̪̚
pilay	p iː l a ɪ̯
pilay	p ɪ l a ɪ̯
pilgrimahe	p ɪ l ɡ ɾ ɪ m aː h ɛ
pili	p iː l ɪ
pili	p iː l ɪ ʔ
pili	p ɪ l ɪ ʔ
pilibusterismo	p ɪ l ɪ b ʊ s t̪ ɛ ɾ i s m o
pilibustero	p ɪ l ɪ b ʊ s t̪ ɛː ɾ o
pilik	p ɪ l ɪ k̚
pilikmata	p ɪ l ɪ k m ɐ t̪ a
piling	p iː l ɪ ŋ
piling	p ɪ l ɪ ŋ
pilipisan	p iː l ɪ p ɪ s a n̪
pilipit	p ɪ l iː p ɪ t̪̚
pilipit	p ɪ l ɪ p ɪ t̪̚
pilipot	p ɪ l iː p o t̪̚
pilit	p ɪ l ɪ t̪̚
piliyagan	p ɪ l j aː ɣ ɐ n̪
pilma	p ɪ l m a
pilo	p iː l o
pilok	p ɪ l o k̚
pilosopiya	p ɪ l o s o p iː j ɐ
pilosopo	p ɪ l oː s o p o
pilosopya	p ɪ l o s o p j a
pilosopya	p ɪ l o s o p j ɐ
piloto	p ɪ l oː t̪ o
piluka	p ɪ l uː x ɐ
pilya	p i l j ɐ
pilyo	p i l j o
pimpin	p ɪ m p ɪ n̪
pimpong	p i m p o ŋ
pinabubulaanan	p ɪ n̪ ɐ b ʊ b ʊ l ɐ ʔ aː n̪ ɐ n̪
pinabulaanan	p ɪ n̪ ɐ b ʊ l ɐ ʔ aː n̪ ɐ n̪
pinagaganda	p ɪ n̪ ɐ ɣ aː ɣ ɐ n̪ d̪ a
pinaganda	p ɪ n̪ ɐ ɣ ɐ n̪ d̪ a
pinagbabasehan	p ɪ n̪ ɐ ɡ b ɐ b ɐ s ɛː h ɐ n̪
pinagbasehan	p ɪ n̪ ɐ ɡ b ɐ s ɛː h ɐ n̪
pinaghihinalaan	p ɪ n̪ ɐ ɡ h iː h ɪ n̪ ɐ l aː ʔ ɐ n̪
pinagmulan	p ɪ n̪ ɐ ɡ m ʊ l a n̪
pinagong	p ɪ n̪ ɐ ɣ o ŋ
pinagsamantalahan	p ɪ n̪ ɐ ɡ s ɐ m ɐ n̪ t̪ ɐ l ɐ h a n̪
pinagsasamantalahan	p ɪ n̪ ɐ ɡ s aː s ɐ m ɐ n̪ t̪ ɐ l ɐ h a n̪
pinagtaluhan	p ɪ n̪ a ɡ t̪ ɐ l uː h ɐ n̪
pinagtalunan	p ɪ n̪ a ɡ t̪ ɐ l uː n̪ ɐ n̪
pinagtalunan	p ɪ n̪ a ɡ t̪ ɐ l ʊ n̪ a n̪
pinagtataluhan	p ɪ n̪ ɐ ɡ t̪ ɐ t̪ ɐ l uː h ɐ n̪
pinagtatalunan	p ɪ n̪ ɐ ɡ t̪ ɐ t̪ ɐ l uː n̪ ɐ n̪
pinagtatalunan	p ɪ n̪ ɐ ɡ t̪ ɐ t̪ ɐ l ʊ n̪ a n̪
pinagtatawanan	p ɪ n̪ ɐ ɡ t̪ aː t̪ ɐ w ɐ n̪ a n̪
pinagtawanan	p ɪ n̪ ɐ ɡ t̪ ɐ w ɐ n̪ a n̪
pinak	p ɪ n̪ a k̚
pinakamabubuti	p ɪ n̪ ɐ x ɐ m ɐ b ʊ b uː t̪ ɪ
pinakamabuti	p ɪ n̪ ɐ x ɐ m ɐ b uː t̪ ɪ
pinakamadiwara	p ɪ n̪ ɐ x ɐ m ɐ d̪ ɪ w aː ɾ ɐ ʔ
pinakamadiwara	p ɪ n̪ ɐ x ɐ m ɐ d̪ ɪ w ɐ ɾ a ʔ
pinakamagulo	p ɪ n̪ ɐ x ɐ m ɐ ɣ ʊ l o
pinakamakapangyarihan	p ɪ n̪ ɐ x ɐ m ɐ x ɐ p ɐ ŋ j ɐ ɾ iː h ɐ n̪
pinakamalaki	p ɪ n̪ ɐ x ɐ m ɐ l ɐ x ɪ
pinakanakakapagpabagabag	p ɪ n̪ ɐ x ɐ n̪ ɐ x aː x ɐ p ɐ ɡ p ɐ b ɐ ɣ aː b ɐ ɡ̚
pinakanakakaputangina	p ɪ n̪ ɐ x ɐ n̪ ɐ x aː x ɐ p uː t̪ ɐ ŋ ɪ n̪ a
pinakanakapagpapabagabag	p ɪ n̪ ɐ x ɐ n̪ ɐ x ɐ p ɐ ɡ p ɐ p ɐ b ɐ ɣ aː b ɐ ɡ̚
pinakanakapuputangina	p ɪ n̪ ɐ x ɐ n̪ ɐ x ɐ p ʊ p uː t̪ ɐ ŋ ɪ n̪ a
pinakauna	p ɪ n̪ ɐ x ɐ ʔ uː n̪ ɐ
pinakbet	p ɪ n̪ ɐ k b ɛ t̪̚
pinal	p ɪ n̪ a l
pinalalayas	p ɪ n̪ ɐ l ɐ l aː j ɐ s
pinalayas	p ɪ n̪ ɐ l aː j ɐ s
pinaletadahan	p ɪ n̪ ɐ l ɛ t̪ ɐ d̪ aː h ɐ n̪
pinalisa	p ɪ n̪ ɐ l ɪ s a
pinalisasyon	p ɪ n̪ ɐ l ɪ s ɐ s j o n̪
pinalisasyon	p ɪ n̪ ɐ l ɪ s ɐ ʃ o n̪
pinalitadahan	p ɪ n̪ ɐ l ɪ t̪ ɐ d̪ aː h ɐ n̪
pinananasilaan	p ɪ n̪ ɐ n̪ aː n̪ ɐ s ɪ l aː ʔ ɐ n̪
pinananatili	p ɪ n̪ ɐ n̪ aː n̪ ɐ t̪ iː l ɪ
pinanasilaan	p ɪ n̪ ɐ n̪ ɐ s ɪ l aː ʔ ɐ n̪
pinanatili	p ɪ n̪ ɐ n̪ ɐ t̪ iː l ɪ
pinanggalingan	p ɪ n̪ ɐ ŋ ɡ ɐ l iː ŋ ɐ n̪
pinansas	p ɪ n̪ a n̪ s ɐ s
pinansiya	p ɪ n̪ a n̪ s j ɐ
pinansiya	p ɪ n̪ a n̪ ʃ ɐ
pinansiyal	p ɪ n̪ a n̪ s j ɐ l
pinansiyal	p ɪ n̪ a n̪ ʃ ɐ l
pinansiyal	p ɪ n̪ ɐ n̪ s j a l
pinansiyal	p ɪ n̪ ɐ n̪ ʃ a l
pinansya	p ɪ n̪ a n̪ s j ɐ
pinansya	p ɪ n̪ a n̪ ʃ ɐ
pinansyal	p ɪ n̪ a n̪ s j ɐ l
pinansyal	p ɪ n̪ a n̪ ʃ ɐ l
pinansyal	p ɪ n̪ ɐ n̪ s j a l
pinansyal	p ɪ n̪ ɐ n̪ ʃ a l
pinapaganda	p ɪ n̪ aː p ɐ ɣ ɐ n̪ d̪ a
pinapagtaluhan	p ɪ n̪ aː p ɐ ɡ t̪ ɐ l uː h ɐ n̪
pinapagtalunan	p ɪ n̪ aː p ɐ ɡ t̪ ɐ l uː n̪ ɐ n̪
pinapagtalunan	p ɪ n̪ aː p ɐ ɡ t̪ ɐ l ʊ n̪ a n̪
pinapagtawanan	p ɪ n̪ aː p ɐ ɡ t̪ ɐ w ɐ n̪ a n̪
pinapaitan	p ɪ n̪ ɐ p ɐ ʔ iː t̪ ɐ n̪
pinapalayas	p ɪ n̪ ɐ p ɐ l aː j ɐ s
pinapaletadahan	p ɪ n̪ ɐ p ɐ l ɛ t̪ ɐ d̪ aː h ɐ n̪
pinapalitadahan	p ɪ n̪ ɐ p ɐ l ɪ t̪ ɐ d̪ aː h ɐ n̪
pinapanasilaan	p ɪ n̪ aː p ɐ n̪ ɐ s ɪ l aː ʔ ɐ n̪
pinapanatili	p ɪ n̪ aː p ɐ n̪ ɐ t̪ iː l ɪ
pinapasyalan	p ɪ n̪ aː p ɐ s j ɐ l a n̪
pinapasyalan	p ɪ n̪ aː p ɐ ʃ ɐ l a n̪
pinapawisan	p ɪ n̪ aː p ɐ w iː s ɐ n̪
pinasyalan	p ɪ n̪ ɐ s j ɐ l a n̪
pinasyalan	p ɪ n̪ ɐ ʃ ɐ l a n̪
pinawisan	p ɪ n̪ ɐ w iː s ɐ n̪
pinaypay	p ɪ n̪ a ɪ̯ p a ɪ̯
pindang	p ɪ n̪ d̪ a ŋ
pindeho	p ɪ n̪ d̪ ɛː h o
pindol	p ɪ n̪ d̪ o l
pindot	p ɪ n̪ d̪ o t̪̚
pindutan	p ɪ n̪ d̪ uː t̪ ɐ n̪
pinga	p ɪ ŋ a
pingal	p ɪ ŋ a l
pingas	p iː ŋ ɐ s
pingas	p ɪ ŋ a s
pingga	p ɪ ŋ ɡ a
pinggan	p ɪ ŋ ɡ a n̪
pingguwino	p ɪ ŋ ɡ w iː n̪ o
pingkaw	p ɪ ŋ k a ʊ̯
pingki	p ɪ ŋ k ɪ ʔ
pingkit	p ɪ ŋ k ɪ t̪̚
pingkok	p ɪ ŋ k o k̚
pingod	p ɪ ŋ o d̪̚
pingol	p iː ŋ o l
pingol	p ɪ ŋ o l
pingot	p iː ŋ o t̪̚
pingot	p ɪ ŋ o t̪̚
pingpong	p i m p o ŋ
pinid	p iː n̪ ɪ d̪̚
pinid	p ɪ n̪ ɪ d̪̚
piniga	p ɪ n̪ ɪ ɣ a ʔ
pinilakan	p ɪ n̪ ɪ l aː x ɐ n̪
pinipig	p ɪ n̪ iː p ɪ ɡ̚
pinipiga	p ɪ n̪ iː p ɪ ɣ a ʔ
pinipirmahan	p ɪ n̪ iː p ɪ ɾ m ɐ h a n̪
pinirito	p ɪ n̪ ɪ ɾ iː t̪ o
pinirmahan	p ɪ n̪ ɪ ɾ m ɐ h a n̪
pinklawan	p ɪ ŋ k l aː w ɐ n̪
pino	p iː n̪ o
pinpin	p ɪ m p ɪ n̪
pinrito	p ɪ n̪ ɾ iː t̪ o
pinsala	p ɪ n̪ s aː l ɐ ʔ
pinsala	p ɪ n̪ s ɐ l a ʔ
pinsan	p i n̪ s ɐ n̪
pinsan	p ɪ n̪ s a n̪
pinse	p ɪ n̪ s ɛ
pinta	p i n̪ t̪ ɐ
pinta	p ɪ n̪ t̪ a
pintakasi	p ɪ n̪ t̪ ɐ x aː s ɪ
pintal	p ɪ n̪ t̪ a l
pintas	p ɪ n̪ t̪ a s
pintig	p ɪ n̪ t̪ ɪ ɡ̚
pinting	p ɪ n̪ t̪ ɪ ŋ
pinto	p ɪ n̪ t̪ o ʔ
pinton	p ɪ n̪ t̪ o n̪
pintor	p ɪ n̪ t̪ o ɾ
pintuan	p ɪ n̪ t̪ uː ʔ ɐ n̪
pintura	p ɪ n̪ t̪ uː ɾ ɐ
pinuhin	p ɪ n̪ uː h ɪ n̪
pinuno	p ɪ n̪ uː n̪ o ʔ
pinuno	p ɪ n̪ ʊ n̪ o ʔ
pinuntahan	p ɪ n̪ ʊ n̪ t̪ ɐ h a n̪
pinupuntahan	p ɪ n̪ uː p ʊ n̪ t̪ ɐ h a n̪
pinutangina	p ɪ n̪ uː t̪ ɐ ŋ ɪ n̪ a
pinya	p i n̪ j ɐ
pinya	p iː ɲ ɐ
pinya	p ɪ n ɲ a
pinya	p ɪ n̪ j a
pipay	p iː p a ɪ̯
pipi	p iː p ɪ
pipi	p iː p ɪ ʔ
pipi	p ɪ p ɪ
pipi	p ɪ p ɪ ʔ
pipichugin	p ɪ p ɪ t t͡ʃ uː ɣ ɪ n̪
pipichugin	p ɪ p ɪ t̪ s uː ɣ ɪ n̪
pipigain	p iː p ɪ ɣ ɐ ʔ ɪ n̪
pipino	p ɪ p iː n̪ o
pipirmahan	p iː p ɪ ɾ m ɐ h a n̪
pipit	p ɪ p ɪ t̪̚
pipitchugin	p ɪ p ɪ t t͡ʃ uː ɣ ɪ n̪
pipitchugin	p ɪ p ɪ t̪ s uː ɣ ɪ n̪
pipitsugin	p ɪ p ɪ t t͡ʃ uː ɣ ɪ n̪
pipitsugin	p ɪ p ɪ t̪ s uː ɣ ɪ n̪
pipityugin	p ɪ p ɪ t t͡ʃ uː ɣ ɪ n̪
pipityugin	p ɪ p ɪ t̪ j uː ɣ ɪ n̪
piral	p iː ɾ ɐ l
pirali	p ɪ ɾ ɐ l ɪ ʔ
piranggot	p ɪ ɾ ɐ ŋ ɡ o t̪̚
piraso	p ɪ ɾ aː s o
pirata	p ɪ ɾ aː t̪ ɐ
pirikpirik	p ɪ ɾ i k p ɪ ɾ ɪ k̚
piring	p ɪ ɾ ɪ ŋ
pirinsa	p ɪ ɾ i n̪ s ɐ
pirinsa	p ɪ ɾ ɪ n̪ s a
pirisulis	p ɪ ɾ ɪ s uː l ɪ s
pirit	p iː ɾ ɪ t̪̚
pirito	p ɪ ɾ iː t̪ o
pirituhin	p ɪ ɾ ɪ t̪ uː h ɪ n̪
pirma	p ɪ ɾ m a
pirmado	p ɪ ɾ m aː d̪ o
pirmahan	p ɪ ɾ m ɐ h a n̪
pirme	p ɪ ɾ m ɛ
pirmi	p ɪ ɾ m ɪ
pirot	p iː ɾ o t̪̚
pirurutong	p ɪ ɾ ʊ ɾ uː t̪ o ŋ
pirutin	p ɪ ɾ uː t̪ ɪ n̪
piryud	p i ɾ j ʊ d̪̚
pisa	p iː s ɐ
pisa	p ɪ s a ʔ
pisak	p ɪ s a k̚
pisan	p iː s ɐ n̪
pisan	p ɪ s a n̪
pisanan	p ɪ s aː n̪ ɐ n̪
pisanan	p ɪ s ɐ n̪ a n̪
pisang	p iː s ɐ ŋ
pisara	p ɪ s aː ɾ ɐ
pisaw	p ɪ s a ʊ̯
pisbol	p i s b o l
piseta	p ɪ s ɛː t̪ ɐ
pisi	p iː s ɪ ʔ
pisig	p iː s ɪ ɡ̚
pisik	p ɪ s ɪ k̚
pisika	p iː s ɪ x a
pisikal	p iː s ɪ x a l
pisikalan	p iː s ɪ x aː l ɐ n̪
pisil	p ɪ s ɪ l
piskal	p ɪ s k a l
piskalya	p ɪ s k a l j ɐ
piskalya	p ɪ s k ɐ l j a
pisngi	p ɪ s ŋ ɪ
pisngihan	p ɪ s ŋ iː h ɐ n̪
pisngihan	p ɪ s ŋ ɪ h a n̪
pisni	p ɪ s n̪ ɪ
pisnihan	p ɪ s n̪ iː h ɐ n̪
pisnihan	p ɪ s n̪ ɪ h a n̪
piso	p iː s o
pison	p ɪ s o n̪
pisonet	p iː s o n̪ ɛ t̪̚
pisos	p iː s o s
pisot	p ɪ s o t̪̚
pispis	p ɪ s p ɪ s
pista	p ɪ s t̪ a
pista	p ɪ s t̪ a ʔ
pistatso	p ɪ s t̪ a t̪ s o
pistatso	p ɪ s t̪ aː t͡ʃ o
pistola	p ɪ s t̪ oː l ɐ
pisukan	p ɪ s ʊ x a n̪
pita	p iː t̪ ɐ
pita	p ɪ t̪ a ʔ
pitagan	p ɪ t̪ aː ɣ ɐ n̪
pitaka	p ɪ t̪ aː x ɐ ʔ
pitandaan	p ɪ t̪ ɐ n̪ d̪ ɐ ʔ a n̪
pitas	p ɪ t̪ a s
pitaw	p ɪ t̪ a ʊ̯
pithaya	p ɪ t̪ h aː j ɐ ʔ
pitik	p iː t̪ ɪ k̚
pitik	p ɪ t̪ ɪ k̚
pitimini	p ɪ t̪ ɪ m iː n̪ ɪ
pitimini	p ɪ t̪ ɪ m ɪ n̪ ɪ
pitis	p iː t̪ ɪ s
pitis	p ɪ t̪ ɪ s
pito	p iː t̪ o
pito	p ɪ t̪ o
pitogo	p ɪ t̪ oː ɣ o
pitpit	p ɪ t̪ p ɪ t̪̚
pitsa	p i t̪ s ɐ
pitsa	p iː t͡ʃ ɐ
pitsa	p ɪ t t͡ʃ a
pitsa	p ɪ t̪ s a
pitsel	p ɪ t t͡ʃ ɛ l
pitsel	p ɪ t̪ s ɛ l
pitsiha	p ɪ t̪ s iː h ɐ ʔ
pitsipitsi	p i t̪ s ɪ p i t̪ s ɪ
pitsipitsi	p iː t͡ʃ ɪ p iː t͡ʃ ɪ
pitso	p ɪ t t͡ʃ o
pitso	p ɪ t t͡ʃ o ʔ
pitso	p ɪ t̪ s o
pitso	p ɪ t̪ s o ʔ
pitugo	p ɪ t̪ uː ɣ o
pitulon	p ɪ t̪ ʊ l o n̪
pitumbuko	p ɪ t̪ ʊ m b ʊ x o
pitumpu	p ɪ t̪ ʊ m p ʊ ʔ
pitundaan	p ɪ t̪ ʊ n̪ d̪ aː ʔ ɐ n̪
pitundaan	p ɪ t̪ ʊ n̪ d̪ ɐ ʔ a n̪
piyak	p j a k̚
piyanista	p j ɐ n̪ i s t̪ ɐ
piyano	p j aː n̪ o
piyansa	p j a n̪ s ɐ
piyaos	p j aː ʔ o s
piyaparan	p j ɐ p aː ɾ ɐ n̪
piyaparan	p j ɐ p ɐ ɾ a n̪
piyaya	p j aː j ɐ
piyedra	p j ɛ d̪ ɾ ɐ
piyedralumbre	p j ɛ d̪ ɾ ɐ l u m b ɾ ɛ
piyer	p j ɛ ɾ
piyesa	p j ɛː s ɐ
piyesta	p j ɛ s t̪ ɐ
piyo	p j o ʔ
piyok	p j o k̚
piyon	p j o n̪
piyot	p j o t̪̚
piyudalismo	p j ʊ d̪ ɐ l i s m o
piyus	p j ʊ s
pladlayt	p l a d̪ l̪ a ɪ̯ t̪
pladyarismo	p l ɐ d d͡ʒ ɐ ɾ i s m o
pladyarismo	p l ɐ d̪ j ɐ ɾ i s m o
plahelante	p l ɐ h ɛ l a n̪ t̪ ɛ
plahelasyon	p l ɐ h ɛ l ɐ s j o n̪
plahelasyon	p l ɐ h ɛ l ɐ ʃ o n̪
plahelo	p l ɐ h ɛː l o
plahiyador	p l ɐ h j ɐ d̪ o ɾ
plahiyarismo	p l ɐ h j ɐ ɾ i s m o
plahiyo	p l aː h j o
plais	p l a ɪ̯ s
plais	p l aː ʔ ɪ s
plaisdaan	p l aː ʔ ɪ s d̪ aː ʔ ɐ n̪
plaka	p l aː x ɐ
plakard	p l aː x ɐ ɹ d̪
plakda	p l ɐ k d̪ a ʔ
plamengko	p l ɐ m ɛ ŋ k o
planado	p l ɐ n̪ aː d̪ o
planeta	p l ɐ n̪ ɛː t̪ ɐ
planetaryum	p l ɐ n̪ ɛ t̪ a ɾ j ʊ m
planggana	p l ɐ ŋ ɡ aː n̪ ɐ
plano	p l aː n̪ o
plansahan	p l ɐ n̪ s aː h ɐ n̪
planta	p l a n̪ t̪ ɐ
plantilya	p l ɐ n̪ t̪ i l j ɐ
plantita	p l ɐ n̪ t̪ iː t̪ ɐ
plantito	p l ɐ n̪ t̪ iː t̪ o
plantsa	p l a n̪ t͡s ɐ
plantsa	p l a n̪ t͡ʃ ɐ
plantsado	p l ɐ n̪ t͡s aː d̪ o
plantsado	p l ɐ n̪ t͡ʃ aː d̪ o
plantsahan	p l ɐ n̪ t͡s aː h ɐ n̪
plantsahan	p l ɐ n̪ t͡ʃ aː h ɐ n̪
plapla	p l aː p l ɐ
plasa	p l aː s ɐ
plase	p l ɐ s ɛ
plases	p l aː s ɛ s
plasis	p l aː s ɪ s
plaskard	p l a s k ɐ ɹ d̪
plaslait	p l a s l a ɪ̯ t̪
plaslayt	p l a s l a ɪ̯ t̪
plastik	p l a s t̪ ɪ k̚
plat	p l a t̪̚
plata	p l aː t̪ ɐ
platino	p l ɐ t̪ iː n̪ o
platito	p l ɐ t̪ iː t̪ o
plato	p l aː t̪ o
platon	p l ɐ t̪ o n̪
platun	p l ɐ t̪ ʊ n̪
plauta	p l a ʊ̯ t̪ ɐ
plawta	p l a ʊ̯ t̪ ɐ
playwud	p l a ɪ̯ w ʊ d̪̚
plebisito	p l ɛ b ɪ s iː t̪ o
plekos	p l ɛː x o s
plektro	p l ɛ k t̪ ɾ o
plema	p l ɛː m ɐ
plenaryo	p l ɛ n̪ a ɾ j o
plete	p l ɛː t̪ ɛ
pliyeges	p l j ɛ ɣ ɛ s
plorera	p l o ɾ ɛː ɾ ɐ
plorwaks	p l o ɾ w ɐ k s
plota	p l oː t̪ ɐ
plotilya	p l o t̪ i l j ɐ
plukurarol	p l ʊ x ʊ ɾ aː ɾ o l
pluma	p l uː m ɐ
plumahe	p l ʊ m aː h ɛ
pluralismo	p l ʊ ɾ ɐ l i s m o
pluta	p l uː t̪ ɐ
plutokrasya	p l ʊ t̪ o k ɾ a s j ɐ
plutokrasya	p l ʊ t̪ o k ɾ aː ʃ ɐ
pluwido	p l uː w ɪ d̪ o
pluwido	p l w i d̪ o
po	p o ʔ
poblasyon	p o b l ɐ s j o n̪
poblasyon	p o b l ɐ ʃ o n̪
pobre	p oː b ɾ ɛ
poder	p o d̪ ɛ ɾ
pogi	p oː ɣ ɪ ʔ
pohiya	p oː h j ɐ
pohiya	p oː h j ɐ ʔ
poka	p oː x ɐ
poker	p oː x ɛ ɾ
poklor	p o k l o ɾ
poknat	p o k n̪ ɐ t̪̚
pokpok	p o k p o k̚
polaynas	p o l a ɪ̯ n̪ ɐ s
polbo	p o l b o
polbolt	p o l b o l t̪
polboron	p o l b o ɾ o n̪
polder	p o l d̪ ɛ ɾ
polen	p oː l ɛ n̪
poleo	p o l ɛː j o
poligamo	p o l iː ɣ ɐ m o
poligamya	p o l ɪ ɣ a m j ɐ
polis	p o l ɪ s
polisiya	p o l ɪ s iː j ɐ
polisya	p o l i s j ɐ
polisya	p o l iː ʃ ɐ
polisya	p o l ɪ s j a
polisya	p o l ɪ ʃ a
politeismo	p o l ɪ t̪ ɛ j i s m o
politekniko	p o l ɪ t̪ ɛ k n̪ ɪ x o
politika	p o l iː t̪ ɪ x a
politikal	p o l iː t̪ ɪ x a l
politikal	p o l ɪ t̪ ɪ x a l
politiko	p o l iː t̪ ɪ x o
polklor	p o l k l o ɾ
polo	p oː l o
polonchay	p oː l o n̪ t͡s a ɪ̯
polonchay	p oː l o n̪ t͡ʃ a ɪ̯
polosert	p oː l o s ə ɹ t̪
polosirt	p oː l o s ɪ ɹ t̪
polosyert	p oː l o s j ə ɹ t̪
polosyert	p oː l o ʃ ə ɹ t̪
polusyon	p o l ʊ s j o n̪
polusyon	p o l ʊ ʃ o n̪
polyeto	p o l j ɛː t̪ o
polyo	p o l j o
pomada	p o m aː d̪ ɐ
pomelo	p o m ɛː l o
pomes	p oː m ɛ s
pompal	p o m p ɐ l
ponda	p o n̪ d̪ ɐ
pondo	p o n̪ d̪ o
pondohan	p o n̪ d̪ o h a n̪
ponema	p o n̪ ɛː m ɐ
pong	p o ŋ
pongkan	p o ŋ k ɐ n̪
ponkan	p o ŋ k ɐ n̪
ponolohiya	p o n̪ o l o h iː j ɐ
ponpal	p o m p ɐ l
pontanel	p o n̪ t̪ ɐ n̪ ɛ l
pontempen	p o n̪ t̪ ɛ m p ɛ n̪
pook	p o ʔ o k̚
pook	p oː ʔ o k̚
poon	p o ʔ o n̪
poon	p oː ʔ o n̪
poot	p o ʔ o t̪̚
poot	p oː ʔ o t̪̚
popular	p o p ʊ l a ɾ
popularidad	p o p ʊ l ɐ ɾ ɪ d̪ a d̪̚
populasyon	p o p ʊ l ɐ s j o n̪
populasyon	p o p ʊ l ɐ ʃ o n̪
populatsero	p o p ʊ l ɐ t t͡ʃ ɛː ɾ o
populatsero	p o p ʊ l ɐ t̪ s ɛː ɾ o
populismo	p o p ʊ l i s m o
por	p o ɾ
pordiyosero	p o ɾ d̪ j o s ɛː ɾ o
pordiyosero	p o ɾ d͡ʒ o s ɛː ɾ o
pordyosero	p o ɾ d̪ j o s ɛː ɾ o
pordyosero	p o ɾ d͡ʒ o s ɛː ɾ o
porendyer	p oː ɾ ɛ n̪ d̪ j ɛ ɾ
porendyer	p oː ɾ ɛ n̪ d͡ʒ ɛ ɾ
porener	p oː ɾ ɛ n̪ ɛ ɾ
poriner	p oː ɾ ɪ n̪ ɛ ɾ
porke	p o ɾ k ɛ
porket	p o ɾ k ɛ t̪̚
porma	p o ɾ m ɐ
pormula	p o ɾ m ʊ l a
pormularyo	p o ɾ m ʊ l a ɾ j o
pormulasyon	p o ɾ m ʊ l ɐ s j o n̪
pormulasyon	p o ɾ m ʊ l ɐ ʃ o n̪
pornada	p o ɾ n̪ aː d̪ ɐ
pornograpiya	p o ɾ n̪ o ɡ ɾ ɐ p iː j ɐ
porsado	p o ɾ s aː d̪ o
porsiyento	p o ɾ s j ɛ n̪ t̪ o
porsiyento	p o ɾ ʃ ɛ n̪ t̪ o
porsyento	p o ɾ s j ɛ n̪ t̪ o
porsyento	p o ɾ ʃ ɛ n̪ t̪ o
portabol	p o ɾ t̪ ɐ b o l
portamoneda	p o ɾ t̪ ɐ m o n̪ ɛː d̪ ɐ
portpolyo	p o ɹ t̪ p o l j o
posas	p oː s ɐ s
posibilidad	p o s ɪ b ɪ l ɪ d̪ a d̪̚
posible	p o s iː b l ɛ
posil	p oː s ɪ l
posisyon	p o s ɪ s j o n̪
posisyon	p o s ɪ ʃ o n̪
positibismo	p o s ɪ t̪ ɪ b i s m o
positibo	p o s ɪ t̪ iː b o
posmaster	p o s m a s t̪ ɛ ɾ
posmoderno	p o s m o d̪ ɛ ɾ n̪ o
poso	p oː s o
posonegro	p oː s o n̪ ɛː ɡ ɾ o
posporo	p o s p o ɾ o
poste	p o s t̪ ɛ
poster	p o s t̪ ɛ ɾ
postiso	p o s t̪ iː s o
postmaster	p o s t̪ m a s t̪ ɛ ɾ
postmoderno	p o s t̪ m o d̪ ɛ ɾ n̪ o
postura	p o s t̪ uː ɾ ɐ
posturyosa	p o s t̪ ʊ ɾ j oː s ɐ
posturyoso	p o s t̪ ʊ ɾ j oː s o
pota	p oː t̪ ɐ
potable	p o t̪ aː b l ɛ
potahe	p o t̪ aː h ɛ
potasyo	p o t̪ a s j o
potasyo	p o t̪ aː ʃ o
potensiyal	p o t̪ ɛ n̪ s j a l
potensiyal	p o t̪ ɛ n̪ ʃ a l
potensyal	p o t̪ ɛ n̪ s j a l
potensyal	p o t̪ ɛ n̪ ʃ a l
potestades	p o t̪ ɛ s t̪ aː d̪ ɛ s
potobam	p oː t̪ o b a m
potosintesis	p o t̪ o s i n̪ t̪ ɛ s ɪ s
potostat	p oː t̪ o s t̪ a t̪̚
pots	p o t̪ s
prak	p ɾ a k̚
praksis	p ɾ a k s ɪ s
praktika	p ɾ a k t̪ ɪ x a
praktikal	p ɾ ɐ k t̪ ɪ x a l
praktikalidad	p ɾ ɐ k t̪ ɪ x ɐ l ɪ d̪ a d̪̚
praktiko	p ɾ a k t̪ ɪ x o
praktis	p ɾ a k t̪ ɪ s
praktisado	p ɾ ɐ k t̪ ɪ s aː d̪ o
pramis	p ɾ aː m ɪ s
pranela	p ɾ ɐ n̪ ɛː l ɐ
prangka	p ɾ a ŋ k ɐ
prangkisa	p ɾ ɐ ŋ k iː s ɐ
prangko	p ɾ a ŋ k o
praning	p ɾ ɐ n̪ ɪ ŋ
prayle	p ɾ a ɪ̯ l ɛ
prayoridad	p ɾ ɐ j o ɾ ɪ d̪ a d̪̚
pre	p ɾ ɛ
prebensiyon	p ɾ ɛ b ɛ n̪ s j o n̪
prebensiyon	p ɾ ɛ b ɛ n̪ ʃ o n̪
predestinasyon	p ɾ ɛ d̪ ɛ s t̪ ɪ n̪ ɐ s j o n̪
predestinasyon	p ɾ ɛ d̪ ɛ s t̪ ɪ n̪ ɐ ʃ o n̪
prediksiyon	p ɾ ɛ d̪ ɪ k s j o n̪
prediksiyon	p ɾ ɛ d̪ ɪ k ʃ o n̪
prediksyon	p ɾ ɛ d̪ ɪ k s j o n̪
prediksyon	p ɾ ɛ d̪ ɪ k ʃ o n̪
predistinasyon	p ɾ ɛ d̪ ɪ s t̪ ɪ n̪ ɐ s j o n̪
predistinasyon	p ɾ ɛ d̪ ɪ s t̪ ɪ n̪ ɐ ʃ o n̪
prehuwisyo	p ɾ ɛ h w i s j o
prehuwisyo	p ɾ ɛ h w iː ʃ o
prehuwisyo	p ɾ ɛ w i s j o
prehuwisyo	p ɾ ɛ w iː ʃ o
preiskul	p ɾ ɛː ʔ ɪ s k ʊ l
prekwensi	p ɾ ɛ k w ɛ n̪ s ɪ
prekwensiya	p ɾ ɛ k w ɛ n̪ s j ɐ
prekwensiya	p ɾ ɛ k w ɛ n̪ ʃ ɐ
prekwensya	p ɾ ɛ k w ɛ n̪ s j ɐ
prekwensya	p ɾ ɛ k w ɛ n̪ ʃ ɐ
prelado	p ɾ ɛ l aː d̪ o
premeditasyon	p ɾ ɛ m ɛ d̪ ɪ t̪ ɐ s j o n̪
premeditasyon	p ɾ ɛ m ɛ d̪ ɪ t̪ ɐ ʃ o n̪
premyo	p ɾ ɛ m j o
pren	p ɾ ɛ n̪
prend	p ɾ ɛ n̪ d̪
preno	p ɾ ɛː n̪ o
preparasyon	p ɾ ɛ p ɐ ɾ ɐ s j o n̪
preparasyon	p ɾ ɛ p ɐ ɾ ɐ ʃ o n̪
prerogatiba	p ɾ ɛ ɾ o ɣ ɐ t̪ iː b ɐ
prerogatibo	p ɾ ɛ ɾ o ɣ ɐ t̪ iː b o
presas	p ɾ ɛː s ɐ s
presbitero	p ɾ ɛ s b iː t̪ ɛ ɾ o
presbitero	p ɾ ɛ s b ɪ t̪ ɛː ɾ o
presensiya	p ɾ ɛ s ɛ n̪ s j ɐ
presensiya	p ɾ ɛ s ɛ n̪ ʃ ɐ
presensya	p ɾ ɛ s ɛ n̪ s j ɐ
presensya	p ɾ ɛ s ɛ n̪ ʃ ɐ
presenta	p ɾ ɛ s ɛ n̪ t̪ a
presentasyon	p ɾ ɛ s ɛ n̪ t̪ ɐ s j o n̪
presentasyon	p ɾ ɛ s ɛ n̪ t̪ ɐ ʃ o n̪
presidente	p ɾ ɛ s ɪ d̪ ɛ n̪ t̪ ɛ
presinto	p ɾ ɛ s i n̪ t̪ o
presipitasyon	p ɾ ɛ s ɪ p ɪ t̪ ɐ s j o n̪
presipitasyon	p ɾ ɛ s ɪ p ɪ t̪ ɐ ʃ o n̪
presko	p ɾ ɛ s k o
preso	p ɾ ɛː s o
prestihiyoso	p ɾ ɛ s t̪ ɪ h j oː s o
presupuwesto	p ɾ ɛ s ʊ p w ɛ s t̪ o
presyo	p ɾ ɛ s j o
presyo	p ɾ ɛː ʃ o
presyon	p ɾ ɛ s j o n̪
presyon	p ɾ ɛ ʃ o n̪
presyur	p ɾ ɛ s j ʊ ɾ
presyur	p ɾ ɛː ʃ ʊ ɾ
pribado	p ɾ ɪ b aː d̪ o
pribatisado	p ɾ ɪ b ɐ t̪ ɪ s aː d̪ o
pribatisasyon	p ɾ ɪ b ɐ t̪ ɪ s ɐ s j o n̪
pribatisasyon	p ɾ ɪ b ɐ t̪ ɪ s ɐ ʃ o n̪
pribilehiyo	p ɾ ɪ b ɪ l ɛː h j o
pridyider	p ɾ i d̪ j ɪ d̪ ɛ ɾ
pridyider	p ɾ iː d͡ʒ ɪ d̪ ɛ ɾ
pridyider	p ɾ ɪ d d͡ʒ ɪ d̪ ɛ ɾ
pridyider	p ɾ ɪ d̪ j ɪ d̪ ɛ ɾ
priholes	p ɾ ɪ h oː l ɛ s
prikwensi	p ɾ i k w ɛ n̪ s ɪ
prilanser	p ɾ iː l a n̪ s ɛ ɾ
primarya	p ɾ ɪ m a ɾ j ɐ
primera	p ɾ ɪ m ɛː ɾ ɐ
primero	p ɾ ɪ m ɛː ɾ o
primitibo	p ɾ ɪ m ɪ t̪ iː b o
primo	p ɾ iː m o
prinsa	p ɾ i n̪ s ɐ
prinsa	p ɾ ɪ n̪ s a
prinsesa	p ɾ ɪ n̪ s ɛː s ɐ
prinsibados	p ɾ ɪ n̪ s ɪ b aː d̪ o s
prinsipados	p ɾ ɪ n̪ s ɪ p aː d̪ o s
prinsipal	p ɾ ɪ n̪ s ɪ p a l
prinsipe	p ɾ i n̪ s ɪ p ɛ
prinsipyo	p ɾ ɪ n̪ s i p j o
priser	p ɾ iː s ɛ ɾ
priskul	p ɾ i s k ʊ l
prisma	p ɾ i s m ɐ
pritada	p ɾ ɪ t̪ aː d̪ ɐ
priter	p ɾ iː t̪ ɛ ɾ
prito	p ɾ iː t̪ o
prituhin	p ɾ ɪ t̪ uː h ɪ n̪
priyoridad	p ɾ j o ɾ ɪ d̪ a d̪̚
proa	p ɾ oː w ɐ
probabilidad	p ɾ o b ɐ b ɪ l ɪ d̪ a d̪̚
probado	p ɾ o b aː d̪ o
probasyon	p ɾ o b ɐ s j o n̪
probasyon	p ɾ o b ɐ ʃ o n̪
probetso	p ɾ o b ɛ t̪ s o
probetso	p ɾ o b ɛː t͡ʃ o
probinsia	p ɾ o b i n̪ s j ɐ
probinsia	p ɾ o b i n̪ ʃ ɐ
probinsiya	p ɾ o b i n̪ s j ɐ
probinsiya	p ɾ o b i n̪ ʃ ɐ
probinsiyal	p ɾ o b ɪ n̪ s j a l
probinsiyal	p ɾ o b ɪ n̪ ʃ a l
probinsiyana	p ɾ o b ɪ n̪ s j aː n̪ ɐ
probinsiyana	p ɾ o b ɪ n̪ ʃ aː n̪ ɐ
probinsiyano	p ɾ o b ɪ n̪ s j aː n̪ o
probinsiyano	p ɾ o b ɪ n̪ ʃ aː n̪ o
probinsya	p ɾ o b i n̪ s j ɐ
probinsya	p ɾ o b i n̪ ʃ ɐ
probinsyano	p ɾ o b ɪ n̪ s j aː n̪ o
probinsyano	p ɾ o b ɪ n̪ ʃ aː n̪ o
probisyon	p ɾ o b ɪ s j o n̪
probisyon	p ɾ o b ɪ ʃ o n̪
problema	p ɾ o b l ɛː m ɐ
problemado	p ɾ o b l ɛ m aː d̪ o
problemahin	p ɾ o b l ɛ m aː h ɪ n̪
problematiko	p ɾ o b l ɛ m aː t̪ ɪ x o
probokasyon	p ɾ o b o x ɐ s j o n̪
probokasyon	p ɾ o b o x ɐ ʃ o n̪
produksiyon	p ɾ o d̪ ʊ k s j o n̪
produksiyon	p ɾ o d̪ ʊ k ʃ o n̪
produksyon	p ɾ o d̪ ʊ k s j o n̪
produksyon	p ɾ o d̪ ʊ k ʃ o n̪
produktibo	p ɾ o d̪ ʊ k t̪ iː b o
produkto	p ɾ o d̪ u k t̪ o
prodyuser	p ɾ o d d͡ʒ uː s ɛ ɾ
prodyuser	p ɾ o d̪ j uː s ɛ ɾ
profayl	p ɾ oː f a ɪ̯ l
profayl	p ɾ oː p a ɪ̯ l
programa	p ɾ o ɡ ɾ aː m ɐ
proklamasyon	p ɾ o k l ɐ m ɐ s j o n̪
proklamasyon	p ɾ o k l ɐ m ɐ ʃ o n̪
proletaryado	p ɾ o l ɛ t̪ ɐ ɾ j aː d̪ o
proletaryo	p ɾ o l ɛ t̪ a ɾ j o
prologo	p ɾ oː l o ɣ o
promdi	p ɾ o m d̪ ɪ
prominente	p ɾ o m ɪ n̪ ɛ n̪ t̪ ɛ
promulgasyon	p ɾ o m ʊ l ɡ ɐ s j o n̪
promulgasyon	p ɾ o m ʊ l ɡ ɐ ʃ o n̪
propaganda	p ɾ o p ɐ ɣ a n̪ d̪ ɐ
propagandista	p ɾ o p ɐ ɣ ɐ n̪ d̪ i s t̪ ɐ
propanidad	p ɾ o p ɐ n̪ ɪ d̪ a d̪̚
propayl	p ɾ oː p a ɪ̯ l
propesiya	p ɾ o p ɛ s iː j ɐ
propesor	p ɾ o p ɛ s o ɾ
propesora	p ɾ o p ɛ s oː ɾ ɐ
propesyon	p ɾ o p ɛ s j o n̪
propesyon	p ɾ o p ɛ ʃ o n̪
propesyonal	p ɾ o p ɛ s j o n̪ a l
propesyonal	p ɾ o p ɛ ʃ o n̪ a l
propesyonalismo	p ɾ o p ɛ s j o n̪ ɐ l i s m o
propesyonalismo	p ɾ o p ɛ ʃ o n̪ ɐ l i s m o
propeta	p ɾ o p ɛː t̪ ɐ
propitaryo	p ɾ o p ɪ t̪ a ɾ j o
propyetaryo	p ɾ o p j ɛ t̪ a ɾ j o
proseso	p ɾ o s ɛː s o
prosidyur	p ɾ o s i d̪ j ʊ ɾ
prosidyur	p ɾ o s iː d͡ʒ ʊ ɾ
prosti	p ɾ o s t̪ ɪ
prostitusyon	p ɾ o s t̪ ɪ t̪ ʊ s j o n̪
prostitusyon	p ɾ o s t̪ ɪ t̪ ʊ ʃ o n̪
prostituta	p ɾ o s t̪ ɪ t̪ uː t̪ ɐ
prostityut	p ɾ o s t̪ ɪ t t͡ʃ ʊ t̪̚
prostityut	p ɾ o s t̪ ɪ t̪ j ʊ t̪̚
proteina	p ɾ o t̪ e ɪ̯ n̪ ɐ
proteksiyon	p ɾ o t̪ ɛ k s j o n̪
proteksiyon	p ɾ o t̪ ɛ k ʃ o n̪
proteksiyonismo	p ɾ o t̪ ɛ k s j o n̪ i s m o
proteksiyonismo	p ɾ o t̪ ɛ k ʃ o n̪ i s m o
proteksyon	p ɾ o t̪ ɛ k s j o n̪
proteksyon	p ɾ o t̪ ɛ k ʃ o n̪
protekta	p ɾ o t̪ ɛ k t̪ ɐ
protektado	p ɾ o t̪ ɛ k t̪ aː d̪ o
protektahan	p ɾ o t̪ ɛ k t̪ ɐ h a n̪
protektorado	p ɾ o t̪ ɛ k t̪ o ɾ aː d̪ o
protesta	p ɾ o t̪ ɛ s t̪ ɐ
proteyna	p ɾ o t̪ e ɪ̯ n̪ ɐ
protina	p ɾ o t̪ iː n̪ ɐ
protokol	p ɾ oː t̪ o x o l
protokolo	p ɾ o t̪ o x oː l o
prowa	p ɾ oː w ɐ
proyekto	p ɾ o j ɛ k t̪ o
prusisyon	p ɾ ʊ s ɪ s j o n̪
prusisyon	p ɾ ʊ s ɪ ʃ o n̪
prutas	p ɾ uː t̪ ɐ s
pruweba	p ɾ w ɛ b ɐ
pse	p s ɛ
pshe	p s j ɛ
pshe	p ʃ ɛ
psikoanalisis	s ɪ x o ʔ ɐ n̪ aː l ɪ s ɪ s
psikoanalista	s ɪ x o ʔ ɐ n̪ ɐ l i s t̪ ɐ
psikolohia	s ɪ x o l o h iː j ɐ
psikolohiya	s ɪ x o l o h iː j ɐ
pu	p ʊ ʔ
publikano	p ʊ b l ɪ x aː n̪ o
publikasyon	p ʊ b l ɪ x ɐ s j o n̪
publikasyon	p ʊ b l ɪ x ɐ ʃ o n̪
publiko	p u b l ɪ x o
puday	p ʊ d̪ a ɪ̯
puding	p uː d̪ ɪ ŋ
pudpod	p ʊ d̪ p o d̪̚
puga	p uː ɣ ɐ
puga	p ʊ ɣ a
pugad	p uː ɣ ɐ d̪̚
pugak	p ʊ ɣ a k̚
pugante	p ʊ ɣ a n̪ t̪ ɛ
pugita	p ʊ ɣ iː t̪ ɐ
pugita	p ʊ ɣ iː t̪ ɐ ʔ
pugo	p uː ɣ o ʔ
pugok	p ʊ ɣ o k̚
pugon	p ʊ ɣ o n̪
pugot	p uː ɣ o t̪̚
pugot	p ʊ ɣ o t̪̚
pugutan	p ʊ ɣ uː t̪ ɐ n̪
puhag	p uː h ɐ ɡ̚
puhag	p ʊ h a ɡ̚
puhoy	p uː h o ɪ̯
puhunan	p ʊ h uː n̪ ɐ n̪
puhunanan	p ʊ h ʊ n̪ aː n̪ ɐ n̪
puhuyin	p ʊ h uː j ɪ n̪
puka	p ʊ x a ʔ
pukaw	p uː x a ʊ̯
pukaw	p ʊ x a ʊ̯
puke	p uː x ɛ
puke	p uː x ɛ ʔ
puki	p uː x ɪ
puki	p uː x ɪ ʔ
puklo	p ʊ k l o ʔ
puko	p ʊ x o ʔ
pukol	p ʊ x o l
pukot	p uː x o t̪̚
pukpok	p ʊ k p o k̚
puksa	p ʊ k s a ʔ
pukyutan	p ʊ k j uː t̪ ɐ n̪
pula	p uː l ɐ ʔ
pula	p ʊ l a
pulad	p uː l ɐ d̪̚
pulad	p ʊ l a d̪̚
pulag	p uː l ɐ ɡ̚
pulahan	p ʊ l ɐ h a n̪
pulamulderiyos	p ʊ l ɐ m ʊ l d̪ ɛ ɾ j o s
pulangitan	p ʊ l ɐ ŋ iː t̪ ɐ n̪
pulas	p ʊ l a s
pulaw	p ʊ l a ʊ̯
pulayagan	p ʊ l ɐ j aː ɣ ɐ n̪
pulbolt	p u l b o l t̪
pulbos	p ʊ l b o s
pulbura	p ʊ l b ʊ ɾ a
pulburon	p ʊ l b ʊ ɾ o n̪
pulekos	p ʊ l ɛː x o s
pulgada	p ʊ l ɡ aː d̪ ɐ
pulgas	p ʊ l ɡ a s
pulgatoryo	p ʊ l ɡ ɐ t̪ o ɾ j o
puliagan	p ʊ l ɪ ʔ aː ɣ ɐ n̪
pulido	p ʊ l iː d̪ o
pulikat	p ʊ l iː x ɐ t̪̚
pulin	p uː l ɪ n̪
pulin	p ʊ l ɪ n̪
pulintapang	p ʊ l ɪ n̪ t̪ aː p ɐ ŋ
pulis	p ʊ l ɪ s
pulisya	p ʊ l i s j ɐ
pulisya	p ʊ l iː ʃ ɐ
pulisya	p ʊ l ɪ s j a
pulisya	p ʊ l ɪ ʃ a
pulitika	p ʊ l iː t̪ ɪ x a
pulitikal	p ʊ l iː t̪ ɪ x a l
pulitikal	p ʊ l ɪ t̪ ɪ x a l
pulitiko	p ʊ l iː t̪ ɪ x o
puliyagan	p ʊ l j aː ɣ ɐ n̪
pulmon	p ʊ l m o n̪
pulmonya	p ʊ l m o n ɲ a
pulmonya	p ʊ l m o n̪ j a
pulmunya	p ʊ l m ʊ n ɲ a
pulmunya	p ʊ l m ʊ n̪ j a
pulo	p uː l o ʔ
pulo	p ʊ l o ʔ
pulon	p uː l o n̪
pulong	p uː l o ŋ
pulos	p uː l o s
pulos	p ʊ l o s
pulot	p uː l o t̪̚
pulot	p ʊ l o t̪̚
pulpito	p u l p ɪ t̪ o
pulpol	p ʊ l p o l
pulseras	p ʊ l s ɛː ɾ ɐ s
pulso	p u l s o
pulso	p ʊ l s o
pulta	p ʊ l t̪ a
pultaon	p ʊ l t̪ ɐ ʔ o n̪
pulubi	p ʊ l uː b ɪ
pulumasi	p ʊ l ʊ m aː s ɪ
puluntal	p ʊ l ʊ n̪ t̪ a l
pulupeta	p ʊ l ʊ p ɛ t̪ a
pulupito	p ʊ l uː p ɪ t̪ o
pulupot	p ʊ l uː p o t̪̚
pulut	p ʊ l ʊ t̪̚
pulutan	p ʊ l uː t̪ ɐ n̪
pulutong	p ʊ l ʊ t̪ o ŋ
pulyagan	p ʊ l j aː ɣ ɐ n̪
pumalakpak	p ʊ m ɐ l ɐ k p a k̚
pumalaot	p ʊ m ɐ l aː ʔ o t̪̚
pumanaw	p ʊ m aː n̪ a ʊ̯
pumanghaw	p ʊ m ɐ ŋ h a ʊ̯
pumangit	p ʊ m aː ŋ ɪ t̪̚
pumanhik	p ʊ m ɐ n̪ h ɪ k̚
pumanhik	p ʊ m ɐ n̪ ɪ k̚
pumanig	p ʊ m aː n̪ ɪ ɡ̚
pumarada	p ʊ m ɐ ɾ aː d̪ ɐ
pumaroon	p ʊ m ɐ ɾ o n̪
pumaroon	p ʊ m ɐ ɾ o ʔ o n̪
pumasok	p ʊ m aː s o k̚
pumatay	p ʊ m ɐ t̪ a ɪ̯
pumayag	p ʊ m aː j ɐ ɡ̚
pumila	p ʊ m iː l ɐ
pumili	p ʊ m iː l ɪ ʔ
pumirma	p ʊ m ɪ ɾ m a
pumisik	p ʊ m ɪ s ɪ k̚
pumisil	p ʊ m ɪ s ɪ l
pumuksa	p ʊ m ʊ k s a ʔ
pumula	p ʊ m ʊ l a
pumulupot	p ʊ m ʊ l uː p o t̪̚
pumunta	p ʊ m ʊ n̪ t̪ a
pumuti	p ʊ m uː t̪ ɪ
pumuti	p ʊ m ʊ t̪ ɪ ʔ
pumutok	p ʊ m ʊ t̪ o k̚
pumutol	p ʊ m uː t̪ o l
puna	p ʊ n̪ a
punas	p uː n̪ ɐ s
punda	p ʊ n̪ d̪ a
pundakan	p ʊ n̪ d̪ aː x ɐ n̪
pundakan	p ʊ n̪ d̪ ɐ x a n̪
pundasyon	p ʊ n̪ d̪ ɐ s j o n̪
pundasyon	p ʊ n̪ d̪ ɐ ʃ o n̪
pundi	p ʊ n̪ d̪ ɪ
pundido	p ʊ n̪ d̪ iː d̪ o
pundo	p ʊ n̪ d̪ o
punebre	p ʊ n̪ ɛ b ɾ ɛ
punerarya	p ʊ n̪ ɛ ɾ a ɾ j ɐ
punga	p uː ŋ ɐ
pungapong	p ʊ ŋ aː p o ŋ
pungas	p ʊ ŋ a s
pungat	p ʊ ŋ a t̪̚
pungay	p uː ŋ a ɪ̯
punggal	p ʊ ŋ ɡ a l
punggi	p ʊ ŋ ɡ ɪ ʔ
punggok	p ʊ ŋ ɡ o k̚
punggus	p u ŋ ɡ ʊ s
pungko	p ʊ ŋ k o ʔ
punglo	p ʊ n̪ l o ʔ
pungog	p ʊ ŋ o ɡ̚
pungol	p ʊ ŋ o l
pungso	p ʊ n̪ s o
pungsoy	p ʊ n̪ s o ɪ̯
pungtod	p ʊ n̪ t̪ o d̪̚
punit	p uː n̪ ɪ t̪̚
punit	p ʊ n̪ ɪ t̪̚
punla	p ʊ n̪ l a ʔ
punlay	p ʊ n̪ l a ɪ̯
punlo	p ʊ n̪ l o ʔ
punlog	p ʊ n̪ l o ɡ̚
puno	p uː n̪ o ʔ
puno	p ʊ n̪ o ʔ
punongkahoy	p uː n̪ o ŋ k aː h o ɪ̯
punsiyon	p ʊ n̪ s j o n̪
punsiyon	p ʊ n̪ ʃ o n̪
punso	p ʊ n̪ s o
punso	p ʊ n̪ s o ʔ
punsoy	p ʊ n̪ s o ɪ̯
punsyon	p ʊ n̪ s j o n̪
punsyon	p ʊ n̪ ʃ o n̪
punta	p u n̪ t̪ ɐ
punta	p ʊ n̪ t̪ a
punta	p ʊ n̪ t̪ a ʔ
puntahan	p ʊ n̪ t̪ ɐ h a n̪
punterya	p ʊ n̪ t̪ ɛ ɾ j a
puntirya	p ʊ n̪ t̪ ɪ ɾ j a
punto	p u n̪ t̪ o
punto	p ʊ n̪ t̪ o
puntod	p ʊ n̪ t̪ o d̪̚
puntos	p u n̪ t̪ o s
punungkahoy	p uː n̪ ʊ ŋ k aː h o ɪ̯
punyagi	p ʊ n ɲ ɐ ɣ ɪ ʔ
punyagi	p ʊ n̪ j ɐ ɣ ɪ ʔ
punyal	p ʊ n ɲ a l
punyal	p ʊ n̪ j a l
punyalada	p ʊ n ɲ ɐ l aː d̪ ɐ
punyalada	p ʊ n̪ j ɐ l aː d̪ ɐ
punyeta	p ʊ n ɲ ɛː t̪ ɐ
punyeta	p ʊ n̪ j ɛː t̪ ɐ
puo	p uː ʔ o ʔ
puo	p ʊ ʔ o ʔ
puot	p uː ʔ o t̪̚
puot	p ʊ ʔ o t̪̚
pupo	p uː p o ʔ
pupo	p ʊ p o ʔ
pupol	p ʊ p o l
pupu	p uː p ʊ ʔ
pupuntahan	p uː p ʊ n̪ t̪ ɐ h a n̪
puras	p ʊ ɾ a s
purdiyusero	p ʊ ɾ d̪ j ʊ s ɛː ɾ o
purdiyusero	p ʊ ɾ d͡ʒ ʊ s ɛː ɾ o
purdyusero	p ʊ ɾ d̪ j ʊ s ɛː ɾ o
purdyusero	p ʊ ɾ d͡ʒ ʊ s ɛː ɾ o
purga	p ʊ ɾ ɡ a
purgatoryo	p ʊ ɾ ɡ ɐ t̪ o ɾ j o
purgoneta	p ʊ ɾ ɡ o n̪ ɛː t̪ ɐ
puri	p uː ɾ ɪ
purihin	p ʊ ɾ iː h ɪ n̪
puril	p uː ɾ ɪ l
puril	p ʊ ɾ ɪ l
purita	p ʊ ɾ iː t̪ ɐ
purnada	p ʊ ɾ n̪ aː d̪ ɐ
puro	p uː ɾ o
purok	p ʊ ɾ o k̚
purol	p ʊ ɾ o l
pursigi	p ʊ ɾ s ɪ ɣ ɪ
pursigido	p ʊ ɾ s ɪ ɣ iː d̪ o
purunggo	p ʊ ɾ ʊ ŋ ɡ o ʔ
pusa	p uː s ɐ ʔ
pusa	p ʊ s a ʔ
pusad	p uː s ɐ d̪̚
pusag	p ʊ s a ɡ̚
pusak	p uː s ɐ k̚
pusakal	p ʊ s ɐ x a l
pusali	p ʊ s aː l ɪ ʔ
pusan	p uː s ɐ n̪
pusaw	p ʊ s a ʊ̯
pusible	p ʊ s iː b l ɛ
pusit	p ʊ s ɪ t̪̚
puskart	p u s k ɐ ɹ t̪
puslit	p ʊ s l ɪ t̪̚
puslitan	p ʊ s l iː t̪ ɐ n̪
puslitan	p ʊ s l ɪ t̪ a n̪
puso	p uː s o ʔ
pusod	p uː s o d̪̚
pusod	p ʊ s o d̪̚
pusok	p uː s o k̚
pusok	p ʊ s o k̚
puson	p ʊ s o n̪
pusong	p uː s o ŋ
pusong	p ʊ s o ŋ
pusoy	p ʊ s o ɪ̯
pusta	p ʊ s t̪ a
pustahan	p ʊ s t̪ aː h ɐ n̪
pustiso	p ʊ s t̪ iː s o
pustoryosa	p ʊ s t̪ o ɾ j oː s ɐ
pustoryoso	p ʊ s t̪ o ɾ j oː s o
pustura	p ʊ s t̪ uː ɾ ɐ
pusturyosa	p ʊ s t̪ ʊ ɾ j oː s ɐ
pusturyoso	p ʊ s t̪ ʊ ɾ j oː s o
pusukan	p ʊ s ʊ x a n̪
pusyaw	p ʊ s j a ʊ̯
pusyaw	p ʊ ʃ a ʊ̯
puta	p uː t̪ ɐ
putahe	p ʊ t̪ aː h ɛ
putak	p ʊ t̪ a k̚
putakti	p ʊ t̪ ɐ k t̪ ɛ
putakti	p ʊ t̪ ɐ k t̪ ɪ
putaktihin	p ʊ t̪ ɐ k t̪ ɪ h ɪ n̪
putal	p ʊ t̪ a l
putangina	p uː t̪ ɐ ŋ ɪ n̪ a
putangina	p uː t̪ ɐ ŋ ʔ ɪ n̪ a
putanginahin	p uː t̪ ɐ ŋ ɪ n̪ ɐ h ɪ n̪
putat	p uː t̪ ɐ t̪̚
putaw	p ʊ t̪ a ʊ̯
putbol	p u t̪ b o l
puthaw	p ʊ t̪ h a ʊ̯
puti	p uː t̪ ɪ
puti	p ʊ t̪ ɪ ʔ
putik	p uː t̪ ɪ k̚
putika	p ʊ t̪ iː x ɐ
putla	p ʊ t̪ l̪ a ʔ
puto	p uː t̪ o
putok	p ʊ t̪ o k̚
putol	p uː t̪ o l
putol	p ʊ t̪ o l
putong	p uː t̪ o ŋ
putot	p uː t̪ o t̪̚
putot	p ʊ t̪ o t̪̚
putotoy	p ʊ t̪ oː t̪ o ɪ̯
putragis	p u t̪ ɾ ɐ ɣ ɪ s
putsa	p u t̪ s ɐ
putsa	p u t̪ s ɐ ʔ
putsa	p uː t͡ʃ ɐ
putsa	p uː t͡ʃ ɐ ʔ
putspa	p u t̪ s p ɐ
putukan	p ʊ t̪ uː x ɐ n̪
putukan	p ʊ t̪ ʊ x a n̪
putukin	p ʊ t̪ ʊ x ɪ n̪
putulan	p ʊ t̪ uː l ɐ n̪
putulin	p ʊ t̪ uː l ɪ n̪
putulin	p ʊ t̪ ʊ l ɪ n̪
pututan	p ʊ t̪ uː t̪ ɐ n̪
pututoy	p ʊ t̪ uː t̪ o ɪ̯
puwa	p uː w ɐ
puwaki	p w aː x ɪ ʔ
puwang	p w a ŋ
puwas	p w a s
puwe	p w ɛ
puwede	p w ɛː d̪ ɛ
puweds	p w ɛ d̪ s
puwego	p w ɛː ɣ o
puwente	p w ɛ n̪ t̪ ɛ
puwera	p w ɛː ɾ ɐ
puwerkospin	p w ɛ ɾ k o s p ɪ n̪
puwersa	p w ɛ ɾ s ɐ
puwersado	p w ɛ ɾ s aː d̪ o
puwersahan	p w ɛ ɾ s aː h ɐ n̪
puwersahan	p w ɛ ɾ s ɐ h a n̪
puwersahin	p w ɛ ɾ s ɐ h ɪ n̪
puwerta	p w ɛ ɾ t̪ ɐ
puwes	p w ɛ s
puwesto	p w ɛ s t̪ o
puwet	p w ɛ t̪̚
puwing	p uː w ɪ ŋ
puwing	p w ɪ ŋ
puwit	p w ɛ t̪̚
puwit	p w ɪ t̪̚
puwo	p uː w o ʔ
puyat	p uː j ɐ t̪̚
puyat	p ʊ j a t̪̚
puyit	p ʊ j ɪ t̪̚
puyo	p ʊ j o
puyod	p ʊ j o d̪̚
puyos	p ʊ j o s
puyupoy	p ʊ j uː p o ɪ̯
puyupoy	p ʊ j ʊ p o ɪ̯
pwaki	p w aː x ɪ ʔ
pwe	p w ɛ
pwede	p w ɛː d̪ ɛ
pweds	p w ɛ d̪ s
pwente	p w ɛ n̪ t̪ ɛ
pwera	p w ɛː ɾ ɐ
pwersa	p w ɛ ɾ s ɐ
pwersahan	p w ɛ ɾ s aː h ɐ n̪
pwersahan	p w ɛ ɾ s ɐ h a n̪
pwersahin	p w ɛ ɾ s ɐ h ɪ n̪
pwerta	p w ɛ ɾ t̪ ɐ
pwes	p w ɛ s
pwesto	p w ɛ s t̪ o
pyus	p j ʊ s
q	k
q	k j ʊ
q	k w
q	k ʊ
r	ɾ
r	ɾ a
r	ʔ a ɾ
r	ʔ ɛː ɾ ɛ
ra	ɾ ɐ
raan	ɾ aː ʔ ɐ n̪
raan	ɾ ɐ ʔ a n̪
raanan	ɾ ɐ ʔ aː n̪ ɐ n̪
rabi	ɾ ɐ b ɪ
rabinikal	ɾ ɐ b ɪ n̪ ɪ x a l
rabiniko	ɾ ɐ b iː n̪ ɪ x o
rabino	ɾ ɐ b iː n̪ o
rabis	ɾ aː b ɪ s
rabya	ɾ a b j ɐ
radar	ɾ ɐ d̪ a ɾ
radikal	ɾ ɐ d̪ ɪ x a l
radikalismo	ɾ ɐ d̪ ɪ x ɐ l i s m o
radiyaktibidad	ɾ ɐ d̪ j ɐ k t̪ ɪ b ɪ d̪ a d̪̚
radiyaktibidad	ɾ ɐ d͡ʒ ɐ k t̪ ɪ b ɪ d̪ a d̪̚
radiyaktibo	ɾ ɐ d̪ j ɐ k t̪ iː b o
radiyaktibo	ɾ ɐ d͡ʒ ɐ k t̪ iː b o
radyador	ɾ ɐ d d͡ʒ ɐ d̪ o ɾ
radyador	ɾ ɐ d̪ j ɐ d̪ o ɾ
radyaktibidad	ɾ ɐ d d͡ʒ ɐ k t̪ ɪ b ɪ d̪ a d̪̚
radyaktibidad	ɾ ɐ d̪ j ɐ k t̪ ɪ b ɪ d̪ a d̪̚
radyaktibo	ɾ ɐ d d͡ʒ ɐ k t̪ iː b o
radyaktibo	ɾ ɐ d̪ j ɐ k t̪ iː b o
radyasyon	ɾ ɐ d d͡ʒ ɐ ʃ o n̪
radyasyon	ɾ ɐ d̪ j ɐ s j o n̪
radyetor	ɾ ɐ d d͡ʒ ɛː t̪ o ɾ
radyetor	ɾ ɐ d̪ j ɛː t̪ o ɾ
radyeytor	ɾ ɐ d d͡ʒ e ɪ̯ t̪ o ɾ
radyeytor	ɾ ɐ d̪ j e ɪ̯ t̪ o ɾ
radyo	ɾ a d̪ j o
radyo	ɾ aː d͡ʒ o
radyoaktibidad	ɾ ɐ d d͡ʒ o ʔ ɐ k t̪ ɪ b ɪ d̪ a d̪̚
radyoaktibidad	ɾ ɐ d̪ j o ʔ ɐ k t̪ ɪ b ɪ d̪ a d̪̚
radyoaktibo	ɾ ɐ d d͡ʒ o ʔ ɐ k t̪ iː b o
radyoaktibo	ɾ ɐ d̪ j o ʔ ɐ k t̪ iː b o
radyobrodkas	ɾ a d̪ j o b ɾ o d̪ k ɐ s
radyobrodkas	ɾ aː d͡ʒ o b ɾ o d̪ k ɐ s
radyobrodkast	ɾ a d̪ j o b ɾ o d̪ k ɐ s t̪
radyobrodkast	ɾ aː d͡ʒ o b ɾ o d̪ k ɐ s t̪
radyolohiya	ɾ ɐ d d͡ʒ o l o h iː j ɐ
radyolohiya	ɾ ɐ d̪ j o l o h iː j ɐ
ragasa	ɾ ɐ ɣ ɐ s a ʔ
ragat	ɾ aː ɣ ɐ t̪̚
ragrag	ɾ ɐ ɡ ɾ a ɡ̚
ragragan	ɾ ɐ ɡ ɾ ɐ ɣ a n̪
ragsak	ɾ ɐ ɡ s a k̚
raha	ɾ aː h ɐ
raha	ɾ ɐ h a
rahan	ɾ aː h ɐ n̪
rahon	ɾ aː h o n̪
rahuyo	ɾ ɐ h uː j o ʔ
raket	ɾ aː x ɛ t̪̚
raketa	ɾ ɐ x ɛː t̪ ɐ
raketera	ɾ ɐ x ɛ t̪ ɛː ɾ ɐ
raketero	ɾ ɐ x ɛ t̪ ɛː ɾ o
raketir	ɾ aː x ɛ t̪ ɪ ɾ
rakista	ɾ ɐ x i s t̪ ɐ
rakitis	ɾ ɐ x iː t̪ ɪ s
rako	ɾ aː x o ʔ
rali	ɾ aː l ɪ
raliyista	ɾ ɐ l ɪ j i s t̪ ɐ
rambol	ɾ a m b o l
rambulan	ɾ ɐ m b uː l ɐ n̪
rambutan	ɾ ɐ m b ʊ t̪ a n̪
ramdam	ɾ ɐ m d̪ a m
ramen	ɾ aː m ɛ n̪
rami	ɾ aː m ɛ
rami	ɾ aː m ɪ
rampa	ɾ a m p ɐ
ranggo	ɾ a ŋ ɡ o
rangya	ɾ ɐ ŋ j a ʔ
rantso	ɾ a n̪ t͡s o
rantso	ɾ a n̪ t͡ʃ o
rapsodya	ɾ ɐ p s o d̪ j ɐ
rapsodya	ɾ ɐ p s oː d͡ʒ ɐ
rasa	ɾ aː s ɐ
rasal	ɾ ɐ s a l
rasismo	ɾ ɐ s i s m o
raso	ɾ aː s o
rason	ɾ ɐ s o n̪
rasonable	ɾ ɐ s o n̪ aː b l ɛ
raspa	ɾ a s p ɐ
raspa	ɾ ɐ s p a
rasyon	ɾ ɐ s j o n̪
rasyon	ɾ ɐ ʃ o n̪
rasyonal	ɾ ɐ s j o n̪ a l
rasyonal	ɾ ɐ ʃ o n̪ a l
rasyonalidad	ɾ ɐ s j o n̪ ɐ l ɪ d̪ a d̪̚
rasyonalidad	ɾ ɐ ʃ o n̪ ɐ l ɪ d̪ a d̪̚
rasyonalismo	ɾ ɐ s j o n̪ ɐ l i s m o
rasyonalismo	ɾ ɐ ʃ o n̪ ɐ l i s m o
rasyonalista	ɾ ɐ s j o n̪ ɐ l i s t̪ ɐ
rasyonalista	ɾ ɐ ʃ o n̪ ɐ l i s t̪ ɐ
ratan	ɾ ɐ t̪ a n̪
rati	ɾ aː t̪ ɛ
rati	ɾ aː t̪ ɪ
ratiles	ɾ aː t̪ ɪ l ɛ s
ratipika	ɾ ɐ t̪ ɪ p ɪ x a
ratipikado	ɾ ɐ t̪ ɪ p ɪ x aː d̪ o
ratipikahan	ɾ ɐ t̪ ɪ p ɪ x ɐ h a n̪
ratipikasyon	ɾ ɐ t̪ ɪ p ɪ x ɐ s j o n̪
ratipikasyon	ɾ ɐ t̪ ɪ p ɪ x ɐ ʃ o n̪
ratrat	ɾ ɐ t̪ ɾ a t̪̚
ratratin	ɾ ɐ t̪ ɾ ɐ t̪ ɪ n̪
raun	ɾ a ʊ̯ n̪
raw	ɾ a ʊ̯
rawn	ɾ a ʊ̯ n̪
rawnd	ɾ a ʊ̯ n̪ d̪
rayadilyo	ɾ ɐ j ɐ d̪ i l j o
rayama	ɾ ɐ j aː m ɐ
rayos	ɾ aː j o s
rayuma	ɾ ɐ j uː m ɐ
reaksiyon	ɾ ɛ j ɐ k s j o n̪
reaksiyon	ɾ ɛ j ɐ k ʃ o n̪
reaksiyon	ɾ ɛ ʔ ɐ k s j o n̪
reaksiyon	ɾ ɛ ʔ ɐ k ʃ o n̪
reaksiyonaryo	ɾ ɛ ʔ ɐ k s j o n̪ a ɾ j o
reaksiyonaryo	ɾ ɛ ʔ ɐ k ʃ o n̪ a ɾ j o
reaksyon	ɾ ɛ ʔ ɐ k s j o n̪
reaksyon	ɾ ɛ ʔ ɐ k ʃ o n̪
real	ɾ ɛ j a l
realidad	ɾ ɛ j ɐ l ɪ d̪ a d̪̚
realisasyon	ɾ ɛ j ɐ l ɪ s ɐ s j o n̪
realisasyon	ɾ ɛ j ɐ l ɪ s ɐ ʃ o n̪
realismo	ɾ ɛ j ɐ l i s m o
realista	ɾ ɛ j ɐ l i s t̪ ɐ
realistiko	ɾ ɛ j ɐ l i s t̪ ɪ x o
rebelasyon	ɾ ɛ b ɛ l ɐ s j o n̪
rebelasyon	ɾ ɛ b ɛ l ɐ ʃ o n̪
rebelde	ɾ ɛ b ɛ l d̪ ɛ
rebelyon	ɾ ɛ b ɛ l j o n̪
rebentador	ɾ ɛ b ɛ n̪ t̪ ɐ d̪ o ɾ
reberendo	ɾ ɛ b ɛ ɾ ɛ n̪ d̪ o
reberensiya	ɾ ɛ b ɛ ɾ ɛ n̪ s j ɐ
reberensiya	ɾ ɛ b ɛ ɾ ɛ n̪ ʃ ɐ
rebisa	ɾ ɛ b ɪ s a
rebisado	ɾ ɛ b ɪ s aː d̪ o
rebisyon	ɾ ɛ b ɪ s j o n̪
rebisyon	ɾ ɛ b ɪ ʃ o n̪
rebisyonismo	ɾ ɛ b ɪ s j o n̪ i s m o
rebisyonismo	ɾ ɛ b ɪ ʃ o n̪ i s m o
rebokada	ɾ ɛ b o x aː d̪ ɐ
rebokasyon	ɾ ɛ b o x ɐ s j o n̪
rebokasyon	ɾ ɛ b o x ɐ ʃ o n̪
rebolber	ɾ ɛ b o l b ɛ ɾ
rebolusyon	ɾ ɛ b o l ʊ s j o n̪
rebolusyon	ɾ ɛ b o l ʊ ʃ o n̪
rebolusyonaryo	ɾ ɛ b o l ʊ s j o n̪ a ɾ j o
rebolusyonaryo	ɾ ɛ b o l ʊ ʃ o n̪ a ɾ j o
rebolusyonista	ɾ ɛ b o l ʊ s j o n̪ i s t̪ ɐ
rebolusyonista	ɾ ɛ b o l ʊ ʃ o n̪ i s t̪ ɐ
rebosado	ɾ ɛ b o s aː d̪ o
rebulto	ɾ ɛ b u l t̪ o
rebyu	ɾ ɛ b j ʊ
rebyuhin	ɾ ɛ b j ʊ h ɪ n̪
redaksiyon	ɾ ɛ d̪ ɐ k s j o n̪
redaksiyon	ɾ ɛ d̪ ɐ k ʃ o n̪
reduksiyon	ɾ ɛ d̪ ʊ k s j o n̪
reduksiyon	ɾ ɛ d̪ ʊ k ʃ o n̪
reduplikasyon	ɾ ɛ d̪ ʊ p l ɪ x ɐ s j o n̪
reduplikasyon	ɾ ɛ d̪ ʊ p l ɪ x ɐ ʃ o n̪
reeleksiyon	ɾ ɛ ʔ ɛ l ɛ k s j o n̪
reeleksiyon	ɾ ɛ ʔ ɛ l ɛ k ʃ o n̪
reengkarnasyon	ɾ ɛ ʔ ɛ ŋ k ɐ ɾ n̪ ɐ s j o n̪
reengkarnasyon	ɾ ɛ ʔ ɛ ŋ k ɐ ɾ n̪ ɐ ʃ o n̪
ref	ɾ ɛ f
ref	ɾ ɛ p̚
regalo	ɾ ɛ ɣ aː l o
regla	ɾ ɛ ɡ l ɐ
reglamento	ɾ ɛ ɡ l ɐ m ɛ n̪ t̪ o
regular	ɾ ɛ ɣ ʊ l a ɾ
regularidad	ɾ ɛ ɣ ʊ l ɐ ɾ ɪ d̪ a d̪̚
regulasyon	ɾ ɛ ɣ ʊ l ɐ s j o n̪
regulasyon	ɾ ɛ ɣ ʊ l ɐ ʃ o n̪
rehabilitasyon	ɾ ɛ h ɐ b ɪ l ɪ t̪ ɐ s j o n̪
rehabilitasyon	ɾ ɛ h ɐ b ɪ l ɪ t̪ ɐ ʃ o n̪
rehas	ɾ ɛː h ɐ s
rehente	ɾ ɛ h ɛ n̪ t̪ ɛ
rehimen	ɾ ɛ h ɪ m ɛ n̪
rehimyento	ɾ ɛ h ɪ m j ɛ n̪ t̪ o
rehistrado	ɾ ɛ h ɪ s t̪ ɾ aː d̪ o
rehistrador	ɾ ɛ h ɪ s t̪ ɾ ɐ d̪ o ɾ
rehistrasyon	ɾ ɛ h ɪ s t̪ ɾ ɐ s j o n̪
rehistrasyon	ɾ ɛ h ɪ s t̪ ɾ ɐ ʃ o n̪
rehistro	ɾ ɛ h i s t̪ ɾ o
rehiyon	ɾ ɛ h j o n̪
rehiyonal	ɾ ɛ h j o n̪ a l
rehiyonalismo	ɾ ɛ h j o n̪ ɐ l i s m o
rehiyonalista	ɾ ɛ h j o n̪ ɐ l i s t̪ ɐ
reimbento	ɾ ɛ ʔ ɪ m b ɛ n̪ t̪ o
reispeling	ɾ ɛ ʔ ɪ s p ɛː l ɪ ŋ
rekado	ɾ ɛ x aː d̪ o
rekargo	ɾ ɛ x a ɾ ɡ o
rekisa	ɾ ɛ x iː s ɐ
rekisisyon	ɾ ɛ x ɪ s ɪ s j o n̪
rekisisyon	ɾ ɛ x ɪ s ɪ ʃ o n̪
rekisito	ɾ ɛ x ɪ s iː t̪ o
rekisitos	ɾ ɛ x ɪ s iː t̪ o s
reklamador	ɾ ɛ k l ɐ m ɐ d̪ o ɾ
reklamadora	ɾ ɛ k l ɐ m ɐ d̪ oː ɾ ɐ
reklamasyon	ɾ ɛ k l ɐ m ɐ s j o n̪
reklamasyon	ɾ ɛ k l ɐ m ɐ ʃ o n̪
reklamo	ɾ ɛ k l aː m o
reklasipikasyon	ɾ ɛ k l ɐ s ɪ p ɪ x ɐ s j o n̪
reklasipikasyon	ɾ ɛ k l ɐ s ɪ p ɪ x ɐ ʃ o n̪
rekluta	ɾ ɛ k l uː t̪ ɐ
rekober	ɾ ɛ x oː b ɛ ɾ
rekoleksiyon	ɾ ɛ x o l ɛ k s j o n̪
rekoleksiyon	ɾ ɛ x o l ɛ k ʃ o n̪
rekomenda	ɾ ɛ x o m ɛ n̪ d̪ a
rekomendasyon	ɾ ɛ x o m ɛ n̪ d̪ ɐ s j o n̪
rekomendasyon	ɾ ɛ x o m ɛ n̪ d̪ ɐ ʃ o n̪
rekonose	ɾ ɛ x o n̪ o s ɛ
rekonsiderasyon	ɾ ɛ x o n̪ s ɪ d̪ ɛ ɾ ɐ s j o n̪
rekonsiderasyon	ɾ ɛ x o n̪ s ɪ d̪ ɛ ɾ ɐ ʃ o n̪
rekonsilyasyon	ɾ ɛ x o n̪ s ɪ l j ɐ s j o n̪
rekonsilyasyon	ɾ ɛ x o n̪ s ɪ l j ɐ ʃ o n̪
rekonstruksiyon	ɾ ɛ x o n̪ s t̪ ɾ ʊ k s j o n̪
rekonstruksiyon	ɾ ɛ x o n̪ s t̪ ɾ ʊ k ʃ o n̪
rekord	ɾ ɛː x o ɹ d̪
rekording	ɾ ɛ x o ɾ d̪ ɪ ŋ
rekrut	ɾ ɛ k ɾ ʊ t̪̚
rekruter	ɾ ɛ k ɾ uː t̪ ɛ ɾ
rekta	ɾ ɛ k t̪ ɐ
rektanggulo	ɾ ɛ k t̪ a ŋ ɡ ʊ l o
rektipikasyon	ɾ ɛ k t̪ ɪ p ɪ x ɐ s j o n̪
rektipikasyon	ɾ ɛ k t̪ ɪ p ɪ x ɐ ʃ o n̪
rektor	ɾ ɛ k t̪ o ɾ
rekuperasyon	ɾ ɛ x ʊ p ɛ ɾ ɐ s j o n̪
rekuperasyon	ɾ ɛ x ʊ p ɛ ɾ ɐ ʃ o n̪
rekuwerdo	ɾ ɛ k w ɛ ɾ d̪ o
relahasyon	ɾ ɛ l ɐ h ɐ s j o n̪
relahasyon	ɾ ɛ l ɐ h ɐ ʃ o n̪
relaks	ɾ ɛː l ɐ k s
relaksasyon	ɾ ɛ l ɐ k s ɐ s j o n̪
relaksasyon	ɾ ɛ l ɐ k s ɐ ʃ o n̪
relasyon	ɾ ɛ l ɐ s j o n̪
relasyon	ɾ ɛ l ɐ ʃ o n̪
relatibismo	ɾ ɛ l ɐ t̪ ɪ b i s m o
relebante	ɾ ɛ l ɛ b a n̪ t̪ ɛ
relebo	ɾ ɛ l ɛː b o
relevante	ɾ ɛ l ɛ b a n̪ t̪ ɛ
relevante	ɾ ɛ l ɛ v a n̪ t̪ ɛ
relihiyon	ɾ ɛ l ɪ h j o n̪
relihiyosa	ɾ ɛ l ɪ h j oː s ɐ
relihiyoso	ɾ ɛ l ɪ h j oː s o
relikaryo	ɾ ɛ l ɪ x a ɾ j o
relikya	ɾ ɛ l i k j ɐ
relo	ɾ ɛ l o
relohero	ɾ ɛ l o h ɛː ɾ o
relokasyon	ɾ ɛ l o x ɐ s j o n̪
relokasyon	ɾ ɛ l o x ɐ ʃ o n̪
relos	ɾ ɛ l o s
relyebo	ɾ ɛ l j ɛː b o
relyeno	ɾ ɛ l j ɛː n̪ o
remata	ɾ ɛ m ɐ t̪ a
rematado	ɾ ɛ m ɐ t̪ aː d̪ o
remedyo	ɾ ɛ m ɛ d̪ j o
remedyo	ɾ ɛ m ɛː d͡ʒ o
remolatsa	ɾ ɛ m o l a t̪ s ɐ
remolatsa	ɾ ɛ m o l aː t͡ʃ ɐ
remunerasyon	ɾ ɛ m ʊ n̪ ɛ ɾ ɐ s j o n̪
remunerasyon	ɾ ɛ m ʊ n̪ ɛ ɾ ɐ ʃ o n̪
renasimyento	ɾ ɛ n̪ ɐ s ɪ m j ɛ n̪ t̪ o
renda	ɾ ɛ n̪ d̪ ɐ
rendang	ɾ ɛ n̪ d̪ ɐ ŋ
rendi	ɾ ɛ n̪ d̪ ɪ
reno	ɾ ɛː n̪ o
renta	ɾ ɛ n̪ t̪ ɐ
rentahan	ɾ ɛ n̪ t̪ aː h ɐ n̪
rentahan	ɾ ɛ n̪ t̪ ɐ h a n̪
rentas	ɾ ɛ n̪ t̪ ɐ s
renunsiya	ɾ ɛ n̪ ʊ n̪ s j a
renunsiya	ɾ ɛ n̪ ʊ n̪ ʃ a
reorganisa	ɾ ɛ ʔ o ɾ ɡ ɐ n̪ ɪ s a
reorganisasyon	ɾ ɛ ʔ o ɾ ɡ ɐ n̪ ɪ s ɐ s j o n̪
reorganisasyon	ɾ ɛ ʔ o ɾ ɡ ɐ n̪ ɪ s ɐ ʃ o n̪
repake	ɾ ɛ p aː x ɛ
reparasyon	ɾ ɛ p ɐ ɾ ɐ s j o n̪
reparasyon	ɾ ɛ p ɐ ɾ ɐ ʃ o n̪
repaso	ɾ ɛ p aː s o
reperendum	ɾ ɛ p ɛ ɾ ɛ n̪ d̪ ʊ m
reperensiya	ɾ ɛ p ɛ ɾ ɛ n̪ s j ɐ
reperensiya	ɾ ɛ p ɛ ɾ ɛ n̪ ʃ ɐ
reperi	ɾ ɛ p ɛ ɾ ɪ
reperi	ɾ ɛː p ɛ ɾ ɪ
repertoryo	ɾ ɛ p ɛ ɾ t̪ o ɾ j o
repetisyon	ɾ ɛ p ɛ t̪ ɪ s j o n̪
repetisyon	ɾ ɛ p ɛ t̪ ɪ ʃ o n̪
repike	ɾ ɛ p iː x ɛ
repinado	ɾ ɛ p ɪ n̪ aː d̪ o
repinador	ɾ ɛ p ɪ n̪ ɐ d̪ o ɾ
repineriya	ɾ ɛ p ɪ n̪ ɛ ɾ iː j ɐ
repleksiyon	ɾ ɛ p l ɛ k s j o n̪
repleksiyon	ɾ ɛ p l ɛ k ʃ o n̪
replektor	ɾ ɛ p l ɛ k t̪ o ɾ
repolyo	ɾ ɛ p o l j o
reporma	ɾ ɛ p o ɾ m ɐ
repormado	ɾ ɛ p o ɾ m aː d̪ o
repormasyon	ɾ ɛ p o ɾ m ɐ s j o n̪
repormasyon	ɾ ɛ p o ɾ m ɐ ʃ o n̪
repormista	ɾ ɛ p o ɾ m i s t̪ ɐ
reportahe	ɾ ɛ p o ɾ t̪ aː h ɛ
repositoryo	ɾ ɛ p o s ɪ t̪ o ɾ j o
repregunta	ɾ ɛ p ɾ ɛ ɣ u n̪ t̪ ɐ
representante	ɾ ɛ p ɾ ɛ s ɛ n̪ t̪ a n̪ t̪ ɛ
representasyon	ɾ ɛ p ɾ ɛ s ɛ n̪ t̪ ɐ s j o n̪
representasyon	ɾ ɛ p ɾ ɛ s ɛ n̪ t̪ ɐ ʃ o n̪
represko	ɾ ɛ p ɾ ɛ s k o
represyon	ɾ ɛ p ɾ ɛ s j o n̪
represyon	ɾ ɛ p ɾ ɛ ʃ o n̪
repridyeretor	ɾ ɛ p ɾ ɪ d d͡ʒ ɛ ɾ ɛː t̪ o ɾ
repridyeretor	ɾ ɛ p ɾ ɪ d̪ j ɛ ɾ ɛː t̪ o ɾ
repridyereytor	ɾ ɛ p ɾ ɪ d d͡ʒ ɛ ɾ e ɪ̯ t̪ o ɾ
repridyereytor	ɾ ɛ p ɾ ɪ d̪ j ɛ ɾ e ɪ̯ t̪ o ɾ
repriherador	ɾ ɛ p ɾ ɪ h ɛ ɾ ɐ d̪ o ɾ
repriherasyon	ɾ ɛ p ɾ ɪ h ɛ ɾ ɐ s j o n̪
repriherasyon	ɾ ɛ p ɾ ɪ h ɛ ɾ ɐ ʃ o n̪
reproduksiyon	ɾ ɛ p ɾ o d̪ ʊ k s j o n̪
reproduksiyon	ɾ ɛ p ɾ o d̪ ʊ k ʃ o n̪
reptil	ɾ ɛ p t̪ ɪ l
reptilya	ɾ ɛ p t̪ i l j ɐ
republika	ɾ ɛ p u b l ɪ x a
republikanismo	ɾ ɛ p ʊ b l ɪ x ɐ n̪ i s m o
republikano	ɾ ɛ p ʊ b l ɪ x aː n̪ o
reputasyon	ɾ ɛ p ʊ t̪ ɐ s j o n̪
reputasyon	ɾ ɛ p ʊ t̪ ɐ ʃ o n̪
resaytal	ɾ ɛ s a ɪ̯ t̪ ɐ l
resbak	ɾ ɛ s b ɐ k̚
resbakan	ɾ ɛ s b ɐ x a n̪
resepsiyon	ɾ ɛ s ɛ p s j o n̪
resepsiyon	ɾ ɛ s ɛ p ʃ o n̪
reserba	ɾ ɛ s ɛ ɾ b ɐ
reserbado	ɾ ɛ s ɛ ɾ b aː d̪ o
reserbasyon	ɾ ɛ s ɛ ɾ b ɐ s j o n̪
reserbasyon	ɾ ɛ s ɛ ɾ b ɐ ʃ o n̪
reseta	ɾ ɛ s ɛː t̪ ɐ
resetaryo	ɾ ɛ s ɛ t̪ a ɾ j o
resibaryo	ɾ ɛ s ɪ b a ɾ j o
resibo	ɾ ɛ s iː b o
residensiya	ɾ ɛ s ɪ d̪ ɛ n̪ s j ɐ
residensiya	ɾ ɛ s ɪ d̪ ɛ n̪ ʃ ɐ
residensiyal	ɾ ɛ s ɪ d̪ ɛ n̪ s j a l
residensiyal	ɾ ɛ s ɪ d̪ ɛ n̪ ʃ a l
residente	ɾ ɛ s ɪ d̪ ɛ n̪ t̪ ɛ
resignasyon	ɾ ɛ s ɪ ɡ n̪ ɐ s j o n̪
resignasyon	ɾ ɛ s ɪ ɡ n̪ ɐ ʃ o n̪
resina	ɾ ɛ s iː n̪ ɐ
resipe	ɾ ɛː s ɪ p ɛ
resipi	ɾ ɛː s ɪ p ɪ
resistansiya	ɾ ɛ s ɪ s t̪ a n̪ s j ɐ
resistansiya	ɾ ɛ s ɪ s t̪ a n̪ ʃ ɐ
resistansya	ɾ ɛ s ɪ s t̪ a n̪ s j ɐ
resistansya	ɾ ɛ s ɪ s t̪ a n̪ ʃ ɐ
resistensiya	ɾ ɛ s ɪ s t̪ ɛ n̪ s j ɐ
resistensiya	ɾ ɛ s ɪ s t̪ ɛ n̪ ʃ ɐ
resistensya	ɾ ɛ s ɪ s t̪ ɛ n̪ s j ɐ
resistensya	ɾ ɛ s ɪ s t̪ ɛ n̪ ʃ ɐ
resitasyon	ɾ ɛ s ɪ t̪ ɐ s j o n̪
resitasyon	ɾ ɛ s ɪ t̪ ɐ ʃ o n̪
resolba	ɾ ɛ s o l b a
resolbe	ɾ ɛ s o l b ɛ
resolusyon	ɾ ɛ s o l ʊ s j o n̪
resolusyon	ɾ ɛ s o l ʊ ʃ o n̪
resonable	ɾ ɛ s o n̪ aː b l ɛ
respetable	ɾ ɛ s p ɛ t̪ a b l ɛ
respeto	ɾ ɛ s p ɛː t̪ o
respirasyon	ɾ ɛ s p ɪ ɾ ɐ s j o n̪
respirasyon	ɾ ɛ s p ɪ ɾ ɐ ʃ o n̪
respiratoryo	ɾ ɛ s p ɪ ɾ ɐ t̪ o ɾ j o
respondante	ɾ ɛ s p o n̪ d̪ a n̪ t̪ ɛ
responde	ɾ ɛ s p o n̪ d̪ ɛ
respondente	ɾ ɛ s p o n̪ d̪ ɛ n̪ t̪ ɛ
respondiyante	ɾ ɛ s p o n̪ d̪ j a n̪ t̪ ɛ
respondiyante	ɾ ɛ s p o n̪ d͡ʒ a n̪ t̪ ɛ
respondiyente	ɾ ɛ s p o n̪ d̪ j ɛ n̪ t̪ ɛ
respondiyente	ɾ ɛ s p o n̪ d͡ʒ ɛ n̪ t̪ ɛ
respondyante	ɾ ɛ s p o n̪ d̪ j a n̪ t̪ ɛ
respondyante	ɾ ɛ s p o n̪ d͡ʒ a n̪ t̪ ɛ
respondyente	ɾ ɛ s p o n̪ d̪ j ɛ n̪ t̪ ɛ
respondyente	ɾ ɛ s p o n̪ d͡ʒ ɛ n̪ t̪ ɛ
responsabilidad	ɾ ɛ s p o n̪ s ɐ b ɪ l ɪ d̪ a d̪̚
responsable	ɾ ɛ s p o n̪ s a b l ɛ
responsibilidad	ɾ ɛ s p o n̪ s ɪ b ɪ l ɪ d̪ a d̪̚
restauran	ɾ ɛ s t̪ a ʊ̯ ɾ a n̪
restauran	ɾ ɛ s t̪ a ʊ̯ ɾ ɐ n̪
restawran	ɾ ɛ s t̪ a ʊ̯ ɾ a n̪
restawran	ɾ ɛ s t̪ a ʊ̯ ɾ ɐ n̪
restitusyon	ɾ ɛ s t̪ ɪ t̪ ʊ s j o n̪
restitusyon	ɾ ɛ s t̪ ɪ t̪ ʊ ʃ o n̪
restoran	ɾ ɛ s t̪ o ɾ a n̪
restorasyon	ɾ ɛ s t̪ o ɾ ɐ s j o n̪
restorasyon	ɾ ɛ s t̪ o ɾ ɐ ʃ o n̪
restorasyonista	ɾ ɛ s t̪ o ɾ ɐ s j o n̪ i s t̪ ɐ
restorasyonista	ɾ ɛ s t̪ o ɾ ɐ ʃ o n̪ i s t̪ ɐ
restriksiyon	ɾ ɛ s t̪ ɾ ɪ k s j o n̪
restriksiyon	ɾ ɛ s t̪ ɾ ɪ k ʃ o n̪
resulba	ɾ ɛ s ʊ l b a
resulta	ɾ ɛ s u l t̪ ɐ
resultado	ɾ ɛ s ʊ l t̪ aː d̪ o
resureksiyon	ɾ ɛ s ʊ ɾ ɛ k s j o n̪
resureksiyon	ɾ ɛ s ʊ ɾ ɛ k ʃ o n̪
retaso	ɾ ɛ t̪ aː s o
retensiyon	ɾ ɛ t̪ ɛ n̪ s j o n̪
retensiyon	ɾ ɛ t̪ ɛ n̪ ʃ o n̪
retirada	ɾ ɛ t̪ ɪ ɾ aː d̪ ɐ
retirado	ɾ ɛ t̪ ɪ ɾ aː d̪ o
retiro	ɾ ɛ t̪ iː ɾ o
reto	ɾ ɛː t̪ o
retokado	ɾ ɛ t̪ o x aː d̪ o
retoke	ɾ ɛ t̪ oː x ɛ
retorika	ɾ ɛ t̪ oː ɾ ɪ x a
retraksiyon	ɾ ɛ t̪ ɾ ɐ k s j o n̪
retraksiyon	ɾ ɛ t̪ ɾ ɐ k ʃ o n̪
retratista	ɾ ɛ t̪ ɾ ɐ t̪ i s t̪ ɐ
retrato	ɾ ɛ t̪ ɾ aː t̪ o
retribusyon	ɾ ɛ t̪ ɾ ɪ b ʊ s j o n̪
retribusyon	ɾ ɛ t̪ ɾ ɪ b ʊ ʃ o n̪
retroaktibo	ɾ ɛ t̪ ɾ o ʔ ɐ k t̪ iː b o
retsam	ɾ ɛ t̪ s ɐ m
reunyon	ɾ ɛ ʔ ʊ n ɲ o n̪
reunyon	ɾ ɛ ʔ ʊ n̪ j o n̪
reyal	ɾ ɛ j a l
reyalidad	ɾ ɛ j ɐ l ɪ d̪ a d̪̚
reyalisasyon	ɾ ɛ j ɐ l ɪ s ɐ s j o n̪
reyalisasyon	ɾ ɛ j ɐ l ɪ s ɐ ʃ o n̪
reyalismo	ɾ ɛ j ɐ l i s m o
reyalista	ɾ ɛ j ɐ l i s t̪ ɐ
reyna	ɾ e ɪ̯ n̪ ɐ
reyno	ɾ e ɪ̯ n̪ o
reyp	ɾ e ɪ̯ p
ribal	ɾ ɪ b a l
ribete	ɾ ɪ b ɛː t̪ ɛ
ribyu	ɾ ɪ b j ʊ
ribyuhin	ɾ ɪ b j ʊ h ɪ n̪
rido	ɾ ɪ d̪ o
rigalo	ɾ ɪ ɣ aː l o
rigodon	ɾ ɪ ɣ o d̪ o n̪
rigudon	ɾ ɪ ɣ ʊ d̪ o n̪
rikonosi	ɾ ɪ x o n̪ o s ɪ
rikrut	ɾ ɪ k ɾ ʊ t̪̚
rikruter	ɾ ɪ k ɾ uː t̪ ɛ ɾ
riles	ɾ iː l ɛ s
rilos	ɾ ɪ l o s
rimarim	ɾ ɪ m aː ɾ ɪ m
rimas	ɾ iː m ɐ s
rin	ɾ ɛ n̪
rin	ɾ ɪ n̪
rindi	ɾ ɪ n̪ d̪ ɪ
rine	ɾ iː n̪ ɛ
rinef	ɾ ɪ n̪ ɛ f
rinef	ɾ ɪ n̪ ɛ p̚
ringgit	ɾ i ŋ ɡ ɪ t̪̚
ringring	ɾ ɪ ŋ ɾ ɪ ŋ
rini	ɾ iː n̪ ɪ
rinoseronte	ɾ ɪ n̪ o s ɛ ɾ o n̪ t̪ ɛ
riple	ɾ i p l ɛ
risonable	ɾ ɪ s o n̪ aː b l ɛ
ritmiko	ɾ i t̪ m ɪ x o
ritmo	ɾ i t̪ m o
rito	ɾ iː t̪ o
ritrato	ɾ ɪ t̪ ɾ aː t̪ o
ritwal	ɾ ɪ t̪ w a l
riyan	ɾ iː j ɐ n̪
riyan	ɾ j a n̪
riyenda	ɾ j ɛ n̪ d̪ ɐ
riyesgo	ɾ j ɛ s ɡ o
robot	ɾ oː b o t̪̚
roler	ɾ oː l ɛ ɾ
rolyo	ɾ o l j o
romansa	ɾ o m a n̪ s ɐ
romantiko	ɾ o m a n̪ t̪ ɪ x o
romero	ɾ o m ɛː ɾ o
rompida	ɾ o m p iː d̪ ɐ
ronda	ɾ o n̪ d̪ ɐ
rondalya	ɾ o n̪ d̪ a l j ɐ
roon	ɾ o ʔ o n̪
ropero	ɾ o p ɛː ɾ o
roro	ɾ oː ɾ o
rosaryo	ɾ o s a ɾ j o
rosas	ɾ oː s ɐ s
roskas	ɾ o s k ɐ s
rotasyon	ɾ o t̪ ɐ s j o n̪
rotasyon	ɾ o t̪ ɐ ʃ o n̪
rotograbado	ɾ o t̪ o ɡ ɾ ɐ b aː d̪ o
rotonda	ɾ o t̪ o n̪ d̪ ɐ
rotunda	ɾ o t̪ u n̪ d̪ ɐ
rubi	ɾ ʊ b ɪ
rubriks	ɾ u b ɾ ɪ k s
rubya	ɾ u b j ɐ
rubyo	ɾ u b j o
ruler	ɾ uː l ɛ ɾ
ruleta	ɾ ʊ l ɛː t̪ ɐ
rumaan	ɾ ʊ m aː ʔ ɐ n̪
rumaan	ɾ ʊ m ɐ ʔ a n̪
rumba	ɾ u m b ɐ
rumesbak	ɾ ʊ m ɛ s b ɐ k̚
rumi	ɾ ʊ m ɪ
rumonda	ɾ ʊ m o n̪ d̪ ɐ
rumor	ɾ ʊ m o ɾ
rumupok	ɾ ʊ m ʊ p o k̚
rumurupok	ɾ ʊ m uː ɾ ʊ p o k̚
rupero	ɾ ʊ p ɛː ɾ o
rupok	ɾ ʊ p o k̚
rupya	ɾ u p j ɐ
rurok	ɾ uː ɾ o k̚
rurupok	ɾ ʊ ɾ ʊ p o k̚
ruta	ɾ uː t̪ ɐ
ruweda	ɾ w ɛː d̪ ɐ
ruwina	ɾ w iː n̪ ɐ
s	s
s	s a
s	s ɐ
s	ʔ ɛ s
s	ʔ ɛː s ɛ
s'ya	s j a
s'ya	ʃ a
sa	s a
sa	s ɐ
sa'kin	s aː x ɪ n̪
sa'min	s aː m ɪ n̪
sa'tin	s aː t̪ ɪ n̪
sa'yo	s ɐ j o
saa	s ɐ ʔ a
saab	s aː ʔ ɐ b̚
saab	s ɐ ʔ a b̚
saad	s aː ʔ ɐ d̪̚
saad	s ɐ ʔ a d̪̚
saak	s ɐ ʔ a k̚
saan	s a n̪
saan	s ɐ ʔ a n̪
saanman	s ɐ ʔ ɐ n̪ m a n̪
saat	s ɐ ʔ a t̪̚
saba	s ɐ b a
sabad	s ɐ b a d̪̚
sabak	s aː b ɐ k̚
sabal	s aː b ɐ l
sabalo	s aː b ɐ l o
sabana	s ɐ b aː n̪ ɐ
sabangan	s ɐ b aː ŋ ɐ n̪
sabangan	s ɐ b ɐ ŋ a n̪
sabansaan	s aː b ɐ n̪ s aː ʔ ɐ n̪
sabanyon	s ɐ b ɐ n ɲ o n̪
sabanyon	s ɐ b ɐ n̪ j o n̪
sabat	s aː b ɐ t̪̚
sabat	s ɐ b a t̪̚
sabaw	s ɐ b a ʊ̯
sabay	s ɐ b a ɪ̯
sabdiyek	s a b d̪ j ɛ k̚
sabdiyek	s a b d͡ʒ ɛ k̚
sabdyek	s a b d̪ j ɛ k̚
sabdyek	s a b d͡ʒ ɛ k̚
sabi	s aː b ɛ
sabi	s aː b ɪ
sabihan	s aː b iː h ɐ n̪
sabihan	s ɐ b iː h ɐ n̪
sabihin	s ɐ b iː h ɪ n̪
sabik	s ɐ b ɪ k̚
sabila	s aː b ɪ l a
sabilaw	s ɐ b iː l a ʊ̯
sabisabi	s aː b ɪ s aː b ɪ
sabisabi	s ɐ b ɪ s ɐ b ɪ
sabit	s aː b ɪ t̪̚
sabjek	s a b d̪ j ɛ k̚
sabjek	s a b d͡ʒ ɛ k̚
sablay	s ɐ b l a ɪ̯
sable	s aː b l ɛ
sabo	s aː b o
sabog	s aː b o ɡ̚
sabog	s ɐ b o ɡ̚
sabon	s ɐ b o n̪
sabong	s aː b o ŋ
sabongera	s ɐ b o ŋ ɛː ɾ ɐ
sabongero	s ɐ b o ŋ ɛː ɾ o
sabotahe	s ɐ b o t̪ aː h ɛ
saboy	s aː b o ɪ̯
sabsab	s ɐ b s a b̚
sabsaban	s ɐ b s aː b ɐ n̪
sabsidiya	s ɐ b s iː d̪ j ɐ
sabsidiya	s ɐ b s iː d͡ʒ ɐ
sabsidiya	s ɐ b s ɪ d̪ iː j ɐ
sabsidya	s ɐ b s i d̪ j ɐ
sabsidya	s ɐ b s iː d͡ʒ ɐ
sabukot	s ɐ b uː x o t̪̚
sabunan	s aː b uː n̪ ɐ n̪
sabunan	s ɐ b ʊ n̪ a n̪
sabungan	s ɐ b ʊ ŋ a n̪
sabungero	s ɐ b ʊ ŋ ɛː ɾ o
sabunin	s aː b uː n̪ ɪ n̪
sabunin	s ɐ b ʊ n̪ ɪ n̪
sabunot	s ɐ b uː n̪ o t̪̚
sabunutan	s aː b ʊ n̪ ʊ t̪ a n̪
sabunutan	s ɐ b ʊ n̪ uː t̪ ɐ n̪
sabutan	s ɐ b ʊ t̪ a n̪
sabwat	s ɐ b w a t̪̚
sabwatan	s ɐ b w aː t̪ ɐ n̪
sadagipik	s ɐ d̪ ɐ ɣ iː p ɪ k̚
sadagipikan	s ɐ d̪ aː ɣ ɪ p ɪ x a n̪
sadaka	s ɐ d̪ ɐ x a
sadaqa	s ɐ d̪ ɐ x a
sadhan	s ɐ d̪ h a n̪
sadismo	s ɐ d̪ i s m o
sadista	s ɐ d̪ i s t̪ ɐ
sadiwa	s ɐ d̪ iː w ɐ ʔ
sadiwantao	s ɐ d̪ iː w ɐ n̪ t̪ aː ʔ o
sadiya	s ɐ d̪ j a ʔ
sadiya	s ɐ d͡ʒ a ʔ
sadlak	s ɐ d̪ l̪ a k̚
sadlok	s ɐ d̪ l̪ o k̚
sadol	s ɐ d̪ o l
sadsad	s ɐ d̪ s a d̪̚
sadya	s ɐ d d͡ʒ a ʔ
sadya	s ɐ d̪ j a ʔ
sadyain	s ɐ d d͡ʒ ɐ ʔ ɪ n̪
sadyain	s ɐ d̪ j ɐ ʔ ɪ n̪
saga	s aː ɣ ɐ
saga	s aː ɣ ɐ ʔ
sagaak	s ɐ ɣ ɐ ʔ a k̚
sagabal	s ɐ ɣ aː b ɐ l
sagad	s aː ɣ ɐ d̪̚
sagad	s ɐ ɣ a d̪̚
sagadsad	s ɐ ɣ ɐ d̪ s a d̪̚
sagal	s aː ɣ ɐ l
sagala	s ɐ ɣ aː l ɐ
sagam	s aː ɣ ɐ m
sagana	s ɐ ɣ aː n̪ ɐ
sagana	s ɐ ɣ aː n̪ ɐ ʔ
sagansan	s ɐ ɣ ɐ n̪ s a n̪
sagap	s aː ɣ ɐ p̚
sagasa	s ɐ ɣ aː s ɐ ʔ
sagasa	s ɐ ɣ ɐ s a ʔ
sagasag	s ɐ ɣ ɐ s a ɡ̚
sagasain	s ɐ ɣ ɐ s aː ʔ ɪ n̪
sagat	s aː ɣ ɐ t̪̚
sagay	s aː ɣ a ɪ̯
sagayad	s ɐ ɣ aː j ɐ d̪̚
sagayad	s ɐ ɣ ɐ j a d̪̚
saghoy	s ɐ ɡ h o ɪ̯
sagi	s aː ɣ ɛ ʔ
sagi	s aː ɣ ɪ ʔ
sagid	s aː ɣ ɪ d̪̚
sagilap	s ɐ ɣ iː l ɐ p̚
sagimis	s aː ɣ ɪ m ɪ s
sagimsim	s ɐ ɣ ɪ m s ɪ m
sagimuymoy	s ɐ ɣ ɪ m ʊ ɪ̯ m o ɪ̯
saging	s aː ɣ ɪ ŋ
sagingan	s ɐ ɣ iː ŋ ɐ n̪
sagingan	s ɐ ɣ ɪ ŋ a n̪
saginsin	s ɐ ɣ ɪ n̪ s ɪ n̪
sagip	s ɐ ɣ ɪ p̚
sagisag	s ɐ ɣ iː s ɐ ɡ̚
sagitan	s ɐ ɣ iː t̪ ɐ n̪
sagitsit	s ɐ ɣ ɪ t̪ s ɪ t̪̚
sagka	s ɐ ɡ k a ʔ
sagkaan	s ɐ ɡ k ɐ ʔ a n̪
saglit	s ɐ ɡ l ɛ t̪̚
saglit	s ɐ ɡ l ɪ t̪̚
sago	s aː ɣ o
sago	s ɐ ɣ o
sagot	s ɐ ɣ o t̪̚
sagoy	s ɐ ɣ o ɪ̯
sagpak	s ɐ ɡ p a k̚
sagpi	s ɐ ɡ p ɪ ʔ
sagrado	s ɐ ɡ ɾ aː d̪ o
sags	s a ɡ s
sagsag	s ɐ ɡ s a ɡ̚
sagubang	s ɐ ɣ ʊ b a ŋ
sagupa	s ɐ ɣ uː p ɐ ʔ
sagutan	s aː ɣ uː t̪ ɐ n̪
sagutan	s ɐ ɣ ʊ t̪ a n̪
sagutin	s aː ɣ uː t̪ ɪ n̪
sagutin	s ɐ ɣ ʊ t̪ ɪ n̪
sagwa	s ɐ ɡ w a ʔ
sagwan	s ɐ ɡ w a n̪
sagwil	s ɐ ɡ w ɪ l
saha	s aː h ɐ ʔ
sahang	s aː h ɐ ŋ
sahat	s aː h ɐ t̪̚
sahig	s ɐ h ɛ ɡ̚
sahig	s ɐ h ɪ ɡ̚
sahing	s aː h ɪ ŋ
saho	s ɐ h o ʔ
sahod	s aː h o d̪̚
sahog	s ɐ h o ɡ̚
sahol	s aː h o l
sahol	s ɐ h o l
sahuran	s ɐ h uː ɾ ɐ n̪
sahuran	s ɐ h ʊ ɾ a n̪
said	s ɐ ʔ ɪ d̪̚
saidlain	s a ɪ̯ d̪ l̪ a ɪ̯ n̪
saikawalo	s ɐ ʔ ɪ x ɐ w ɐ l o
sailalim	s ɐ ʔ ɪ l aː l ɪ m
saing	s aː ʔ ɪ ŋ
sais	s ɐ ʔ ɪ s
sajada	s ɐ d̪ j aː d̪ ɐ
sajada	s ɐ d͡ʒ aː d̪ ɐ
saka	s aː x ɐ
saka	s ɐ x a
saka	s ɐ x a ʔ
sakag	s ɐ x a ɡ̚
sakahan	s aː x aː h ɐ n̪
sakahan	s ɐ x ɐ h a n̪
sakal	s ɐ x a l
sakalam	s aː x ɐ l a m
sakali	s ɐ x aː l ɛ ʔ
sakali	s ɐ x aː l ɪ ʔ
sakalin	s ɐ x ɐ l ɪ n̪
sakam	s ɐ x a m
sakang	s ɐ x a ŋ
sakapuwego	s ɐ x ɐ p w ɛː ɣ o
sakapwego	s ɐ x ɐ p w ɛː ɣ o
sakate	s ɐ x aː t̪ ɛ
sakay	s ɐ x a ɪ̯
sakayan	s aː x aː j ɐ n̪
sakayan	s ɐ x ɐ j a n̪
sakdal	s ɐ k d̪ a l
saket	s aː x ɛ t̪̚
saket	s ɐ x ɛ t̪̚
sakidlat	s ɐ x ɪ d̪ l̪ a t̪̚
sakil	s aː x ɪ l
sakim	s ɐ x ɪ m
sakit	s aː x ɪ t̪̚
sakit	s ɐ x ɛ t̪̚
sakit	s ɐ x ɪ t̪̚
sakitin	s aː x iː t̪ ɪ n̪
sakitin	s ɐ x iː t̪ ɪ n̪
sakla	s ɐ k l a ʔ
saklamento	s ɐ k l ɐ m ɛ n̪ t̪ o
saklang	s ɐ k l a ŋ
saklap	s ɐ k l a p̚
saklaw	s ɐ k l a ʊ̯
saklay	s ɐ k l a ɪ̯
saklit	s ɐ k l ɪ t̪̚
saklob	s ɐ k l o b̚
saklolo	s ɐ k l oː l o
sakmal	s ɐ k m a l
sakmata	s ɐ k m ɐ t̪ a
sakmura	s ɐ k m uː ɾ ɐ ʔ
saknong	s ɐ k n̪ o ŋ
sako	s aː x o
sakob	s aː x o b̚
sakol	s aː x o l
sakol	s ɐ x o l
sakon	s ɐ x o n̪
sakong	s aː x o ŋ
sakop	s aː x o p̚
sakop	s ɐ x o p̚
sakote	s ɐ x oː t̪ ɛ
sakramento	s ɐ k ɾ ɐ m ɛ n̪ t̪ o
sakrilehiyo	s ɐ k ɾ ɪ l ɛː h j o
sakripisyo	s ɐ k ɾ ɪ p i s j o
sakripisyo	s ɐ k ɾ ɪ p iː ʃ o
sakristan	s ɐ k ɾ ɪ s t̪ a n̪
sakristiya	s ɐ k ɾ ɪ s t̪ iː j ɐ
saks	s a k s
saksa	s ɐ k s a ʔ
saksak	s a k s ɐ k̚
saksak	s ɐ k s a k̚
saksakan	s ɐ k s aː x ɐ n̪
saksakan	s ɐ k s ɐ x a n̪
saksakin	s ɐ k s ɐ x ɪ n̪
sakses	s ɐ k s ɛ s
saksi	s ɐ k s ɪ
saksihan	s ɐ k s ɪ h a n̪
saktan	s ɐ k t̪ a n̪
sakto	s a k t̪ o
sakuna	s ɐ x ʊ n̪ a
sakuna	s ɐ x ʊ n̪ a ʔ
sakupbayan	s ɐ x ʊ p b aː j ɐ n̪
sakwa	s ɐ k w a
sakwako	s ɐ k w aː x o
sakya	s ɐ k j a ʔ
sakyamuni	s ɐ k j ɐ m uː n̪ ɪ
sakyan	s ɐ k j a n̪
sala	s aː l ɐ
sala	s aː l ɐ ʔ
sala	s ɐ l a
sala	s ɐ l a ʔ
salaan	s ɐ l aː ʔ ɐ n̪
salaan	s ɐ l ɐ ʔ a n̪
salab	s aː l ɐ b̚
salab	s ɐ l a b̚
salabat	s ɐ l aː b ɐ t̪̚
salabat	s ɐ l ɐ b a t̪̚
salabay	s ɐ l aː b a ɪ̯
salabay	s ɐ l ɐ b a ɪ̯
salabid	s ɐ l ɐ b ɪ d̪̚
saladin	s ɐ l ɐ d̪ ɪ n̪
saladyo	s ɐ l ɐ d d͡ʒ o
saladyo	s ɐ l ɐ d̪ j o
salag	s aː l ɐ ɡ̚
salag	s ɐ l a ɡ̚
salaghati	s ɐ l ɐ ɡ h aː t̪ ɪ ʔ
salagimsim	s ɐ l ɐ ɣ ɪ m s ɪ m
salaginto	s ɐ l ɐ ɣ ɪ n̪ t̪ o ʔ
salagoy	s ɐ l ɐ ɣ o ɪ̯
salagubang	s ɐ l ɐ ɣ uː b ɐ ŋ
salahilo	s ɐ l ɐ h iː l o
salahula	s ɐ l ɐ h uː l ɐ ʔ
salain	s ɐ l aː ʔ ɪ n̪
salakab	s ɐ l ɐ x a b̚
salakat	s ɐ l ɐ x a t̪̚
salakata	s ɐ l ɐ x ɐ t̪ a ʔ
salakay	s ɐ l aː x a ɪ̯
salakayin	s ɐ l ɐ x aː j ɪ n̪
salakot	s ɐ l ɐ x o t̪̚
salalak	s ɐ l aː l ɐ k̚
salalay	s ɐ l aː l a ɪ̯
salamangka	s ɐ l ɐ m a ŋ k ɐ
salamangka	s ɐ l ɐ m ɐ ŋ k a
salamangkero	s ɐ l ɐ m ɐ ŋ k ɛː ɾ o
salamat	s ɐ l aː m ɐ t̪̚
salamats	s ɐ l aː m ɐ t̪ s
salami	s ɐ l aː m ɪ
salamin	s ɐ l ɐ m ɪ n̪
salamisim	s ɐ l ɐ m iː s ɪ m
salampak	s ɐ l ɐ m p a k̚
salampay	s ɐ l ɐ m p a ɪ̯
salamuch	s ɐ l aː m ɐ t̪ s
salamuch	s ɐ l aː m ɐ t͡ʃ
salamuha	s ɐ l ɐ m uː h ɐ ʔ
salang	s aː l ɐ ŋ
salang	s ɐ l a ŋ
salanggapang	s ɐ l ɐ ŋ ɡ ɐ p a ŋ
salangit	s ɐ l aː ŋ ɪ t̪̚
salangkipot	s aː l ɐ ŋ k ɪ p o t̪̚
salansan	s ɐ l ɐ n̪ s a n̪
salanta	s ɐ l ɐ n̪ t̪ a ʔ
salap	s aː l ɐ p̚
salap	s ɐ l a p̚
salapang	s ɐ l ɐ p a ŋ
salapaw	s ɐ l aː p a ʊ̯
salapaw	s ɐ l ɐ p a ʊ̯
salapi	s ɐ l ɐ p ɪ ʔ
salapid	s ɐ l aː p ɪ d̪̚
salapid	s ɐ l ɐ p ɪ d̪̚
salapot	s ɐ l aː p o t̪̚
salapsap	s ɐ l ɐ p s a p̚
salara	s ɐ l aː ɾ ɐ
salarin	s ɐ l ɐ ɾ ɪ n̪
salaryo	s ɐ l a ɾ j o
salas	s aː l ɐ s
salasa	s ɐ l aː s ɐ ʔ
salasala	s ɐ l aː s ɐ l a
salat	s ɐ l a t̪̚
salatan	s ɐ l aː t̪ ɐ n̪
salaula	s ɐ l ɐ ʔ uː l ɐ ʔ
salawa	s ɐ l ɐ w a
salawag	s ɐ l aː w ɐ ɡ̚
salawahan	s aː l ɐ w ɐ h a n̪
salawahan	s ɐ l ɐ w aː h ɐ n̪
salawak	s ɐ l ɐ w a k̚
salawal	s ɐ l ɐ w a l
salawikain	s ɐ l aː w ɪ x ɐ ʔ ɪ n̪
salawilis	s ɐ l ɐ w iː l ɪ s
salawsaw	s ɐ l a ʊ̯ s a ʊ̯
salay	s aː l a ɪ̯
salay	s ɐ l a ɪ̯
salaysay	s ɐ l a ɪ̯ s a ɪ̯
salba	s ɐ l b a
salbabida	s ɐ l b ɐ b iː d̪ ɐ
salbahe	s ɐ l b aː h ɛ
salbakuta	s ɐ l b ɐ x uː t̪ ɐ
saleko	s ɐ l ɛː x o
salero	s ɐ l ɛː ɾ o
sali	s aː l ɛ
sali	s aː l ɪ
sali	s aː l ɪ ʔ
salida	s ɐ l iː d̪ ɐ
salidangdang	s ɐ l ɪ d̪ ɐ n̪ d̪ a ŋ
salig	s aː l ɪ ɡ̚
saligan	s aː l iː ɣ ɐ n̪
saligan	s ɐ l iː ɣ ɐ n̪
saligan	s ɐ l ɪ ɣ a n̪
salik	s aː l ɪ k̚
salikmata	s ɐ l i k m ɐ t̪ a
salikmata	s ɐ l ɪ k m aː t̪ ɐ ʔ
salikop	s ɐ l iː x o p̚
salikop	s ɐ l ɪ x o p̚
saliksik	s ɐ l ɪ k s ɪ k̚
salimao	s ɐ l ɪ m ɐ ʔ o
salimpusa	s aː l ɪ m p uː s ɐ ʔ
salimuot	s ɐ l ɪ m uː ʔ o t̪̚
salimuot	s ɐ l ɪ m ʊ ʔ o t̪̚
salin	s aː l ɪ n̪
saling	s ɐ l ɪ ŋ
salingket	s aː l ɪ ŋ k ɛ t̪̚
salinidad	s ɐ l ɪ n̪ ɪ d̪ a d̪̚
salinlahi	s aː l ɪ n̪ l aː h ɪ ʔ
salipadpad	s ɐ l ɪ p ɐ d̪ p a d̪̚
salipapaw	s ɐ l ɪ p ɐ p a ʊ̯
salipawpaw	s ɐ l ɪ p a ʊ̯ p a ʊ̯
salirandang	s ɐ l ɪ ɾ ɐ n̪ d̪ a ŋ
salirangdang	s ɐ l ɪ ɾ ɐ n̪ d̪ a ŋ
salirangrang	s ɐ l ɪ ɾ ɐ ŋ ɾ a ŋ
saliranrang	s ɐ l ɪ ɾ ɐ n̪ ɾ a ŋ
saliro	s ɐ l iː ɾ o
salisi	s ɐ l ɪ s ɪ
salisipan	s ɐ l ɪ s ɪ p a n̪
salit	s ɐ l ɪ t̪̚
salita	s ɐ l ɪ t̪ a ʔ
salitain	s ɐ l ɪ t̪ aː ʔ ɪ n̪
salitain	s ɐ l ɪ t̪ ɐ ʔ ɪ n̪
salitikan	s aː l ɪ t̪ ɪ x a n̪
salitin	s ɐ l ɪ t̪ ɪ n̪
salitre	s ɐ l i t̪ ɾ ɛ
saliw	s aː l ɪ ʊ̯
saliw	s ɐ l ɪ ʊ̯
saliwa	s ɐ l ɪ w a ʔ
salmo	s a l m o
salmon	s ɐ l m o n̪
salo	s aː l o
salo	s aː l o ʔ
salo	s ɐ l o
salog	s aː l o ɡ̚
salok	s aː l o k̚
salong	s aː l o ŋ
salong	s ɐ l o ŋ
saloobin	s aː l o ʔ o b ɪ n̪
saloong	s ɐ l o ʔ o ŋ
salop	s ɐ l o p̚
salot	s aː l o t̪̚
saloy	s aː l o ɪ̯
salpikaw	s ɐ l p ɪ x a ʊ̯
salpok	s ɐ l p o k̚
salpukin	s ɐ l p ʊ x ɪ n̪
salsa	s a l s ɐ
salsahan	s a l s ɐ h a n̪
salsal	s ɐ l s a l
salsitsas	s ɐ l s i t̪ s ɐ s
salsitsas	s ɐ l s iː t͡ʃ ɐ s
salsitson	s ɐ l s ɪ t t͡ʃ o n̪
salsitson	s ɐ l s ɪ t̪ s o n̪
salt	s o l t̪
salta	s ɐ l t̪ a
saltik	s ɐ l t̪ ɪ k̚
salubayo	s ɐ l ʊ b ɐ j o
salubong	s ɐ l uː b o ŋ
salubong	s ɐ l ʊ b o ŋ
salubsob	s ɐ l ʊ b s o b̚
saludo	s ɐ l uː d̪ o
salukoy	s ɐ l uː x o ɪ̯
salulo	s ɐ l uː l o ʔ
salumpong	s ɐ l ʊ m p o ŋ
salumpuwit	s ɐ l ʊ m p w ɪ t̪̚
salungat	s ɐ l ʊ ŋ a t̪̚
salungguhit	s ɐ l ʊ ŋ ɡ uː h ɪ t̪̚
salungguhitan	s ɐ l ʊ ŋ ɡ ʊ h iː t̪ ɐ n̪
salungki	s ɐ l ʊ ŋ k ɪ ʔ
salungso	s ɐ l ʊ n̪ s o ʔ
saluno	s ɐ l uː n̪ o ʔ
saluobin	s aː l ʊ ʔ o b ɪ n̪
saluong	s ɐ l ʊ ʔ o ŋ
saluubin	s aː l ʊ ʔ ʊ b ɪ n̪
saluwal	s ɐ l w a l
saluyan	s ɐ l uː j ɐ n̪
saluyot	s ɐ l uː j o t̪̚
saluysoy	s ɐ l ʊ ɪ̯ s o ɪ̯
salvage	s a l b e ɪ̯ d̪ s
salvage	s a l b e ɪ̯ d͡ʒ
salvage	s a l v e ɪ̯ d͡ʒ
salwa	s ɐ l w a
salwak	s ɐ l w a k̚
sama	s aː m ɐ
sama	s ɐ m a
sama	s ɐ m a ʔ
samahan	s aː m aː h ɐ n̪
samahan	s ɐ m aː h ɐ n̪
samahan	s ɐ m ɐ h a n̪
samain	s aː m aː ʔ ɪ n̪
samain	s ɐ m ɐ ʔ ɪ n̪
samakailan	s ɐ m ɐ x a ɪ̯ l a n̪
samakailan	s ɐ m ɐ x ɐ ʔ ɪ l a n̪
samakalawa	s ɐ m ɐ x ɐ l ɐ w a
samakatlo	s ɐ m ɐ x ɐ t̪ l̪ o
samakatuwid	s ɐ m ɐ x ɐ t̪ w ɪ d̪̚
samakatwid	s ɐ m ɐ x ɐ t̪ w ɪ d̪̚
samalamig	s ɐ m aː l ɐ m ɪ ɡ̚
samalamig	s ɐ m ɐ l ɐ m ɪ ɡ̚
samantala	s ɐ m ɐ n̪ t̪ aː l ɐ
samantala	s ɐ m ɐ n̪ t̪ aː l ɐ ʔ
samantala	s ɐ m ɐ n̪ t̪ ɐ l a
samaral	s ɐ m aː ɾ ɐ l
samaritano	s ɐ m ɐ ɾ ɪ t̪ aː n̪ o
samasam	s ɐ m aː s ɐ m
samat	s aː m ɐ t̪̚
samat	s ɐ m a t̪̚
samay	s aː m a ɪ̯
samaya	s ɐ m ɐ j a ʔ
samaynaka	s ɐ m a ɪ̯ n̪ aː x ɐ ʔ
samaynaka	s ɐ m a ɪ̯ n̪ ɐ x a ʔ
samba	s a m b ɐ
samba	s ɐ m b a
sambahayan	s ɐ m b ɐ h ɐ j a n̪
sambakol	s ɐ m b aː x o l
sambal	s ɐ m b a l
sambalilo	s ɐ m b ɐ l iː l o
sambasamba	s ɐ m b aː s ɐ m b a
sambat	s ɐ m b a t̪̚
sambit	s ɐ m b ɪ t̪̚
sambog	s ɐ m b o ɡ̚
sambong	s ɐ m b o ŋ
sambot	s ɐ m b o t̪̚
sambulat	s ɐ m b uː l ɐ t̪̚
samg	s a m d̪ j ɪ
samg	s a m d͡ʒ ɪ
samgiyup	s a m ɡ j ʊ p̚
samgiyupsal	s a m ɡ j ʊ p s a l
samgiyupsalan	s a m ɡ j ʊ p s aː l ɐ n̪
samgyup	s a m ɡ j ʊ p̚
samgyupsal	s a m ɡ j ʊ p s a l
samgyupsalan	s a m ɡ j ʊ p s aː l ɐ n̪
samid	s ɐ m ɪ d̪̚
samil	s aː m ɪ l
saminaka	s ɐ m ɪ n̪ ɐ x a ʔ
samlang	s ɐ m l a ŋ
samo	s aː m o ʔ
samok	s aː m o k̚
samot	s aː m o t̪̚
sampa	s ɐ m p a
sampaga	s ɐ m p aː ɣ ɐ
sampagita	s ɐ m p ɐ ɣ iː t̪ ɐ
sampaguita	s ɐ m p ɐ ɣ iː t̪ ɐ
sampal	s ɐ m p a l
sampalataya	s ɐ m p ɐ l ɐ t̪ aː j ɐ
sampalin	s ɐ m p ɐ l ɪ n̪
sampalok	s ɐ m p aː l o k̚
sampan	s ɐ m p a n̪
sampay	s ɐ m p a ɪ̯
sampayan	s ɐ m p aː j ɐ n̪
sampayan	s ɐ m p ɐ j a n̪
sampid	s ɐ m p ɪ d̪̚
sampo	s ɐ m p o ʔ
sampol	s a m p o l
sampon	s ɐ m p o n̪
sampu	s ɐ m p ʊ ʔ
sampun	s ɐ m p ʊ n̪
sampuo	s ɐ m p uː ʔ o ʔ
sampuo	s ɐ m p ʊ ʔ o ʔ
sampurado	s ɐ m p ʊ ɾ aː d̪ o
samsam	s ɐ m s a m
samsamin	s ɐ m s ɐ m ɪ n̪
samuol	s ɐ m uː ʔ o l
samuray	s ɐ m ʊ ɾ a ɪ̯
samyo	s ɐ m j o
samyo	s ɐ m j o ʔ
san	s a n̪
sana	s aː n̪ ɐ
sana	s aː n̪ ɐ ʔ
sana	s ɐ n̪ a ʔ
sanaol	s aː n̪ ɐ ʔ o l
sanap	s aː n̪ ɐ p̚
sanap	s ɐ n̪ a p̚
sanay	s aː n̪ a ɪ̯
sanay	s ɐ n̪ a ɪ̯
sanayan	s aː n̪ aː j ɐ n̪
sanayan	s ɐ n̪ ɐ j a n̪
sanaysay	s ɐ n̪ a ɪ̯ s a ɪ̯
sandaan	s ɐ n̪ d̪ aː ʔ ɐ n̪
sandaan	s ɐ n̪ d̪ ɐ ʔ a n̪
sandaigdigan	s ɐ n̪ d̪ ɐ ʔ ɪ ɡ d̪ iː ɣ ɐ n̪
sandakati	s ɐ n̪ d̪ ɐ x aː t̪ ɪ ʔ
sandal	s ɐ n̪ d̪ a l
sandali	s ɐ n̪ d̪ aː l ɪ ʔ
sandali	s ɐ n̪ d̪ ɐ l ɛ ʔ
sandali	s ɐ n̪ d̪ ɐ l ɪ ʔ
sandalo	s a n̪ d̪ ɐ l o
sandalyas	s ɐ n̪ d̪ a l j ɐ s
sandalyas	s ɐ n̪ d̪ ɐ l j a s
sandamakmak	s ɐ n̪ d̪ ɐ m ɐ k m a k̚
sandamukal	s ɐ n̪ d̪ ɐ m uː x ɐ l
sandana	s ɐ n̪ d̪ ɐ n̪ a ʔ
sandata	s ɐ n̪ d̪ aː t̪ ɐ
sandatahan	s a n̪ d̪ ɐ t̪ ɐ h a n̪
sandatahan	s ɐ n̪ d̪ aː t̪ aː h ɐ n̪
sandatahan	s ɐ n̪ d̪ ɐ t̪ aː h ɐ n̪
sandirit	s ɐ n̪ d̪ iː ɾ ɪ t̪̚
sando	s a n̪ d̪ o
sandok	s ɐ n̪ d̪ o k̚
sandugo	s ɐ n̪ d̪ ʊ ɣ o ʔ
sanduguan	s ɐ n̪ d̪ ʊ ɣ ʊ ʔ a n̪
sandurugo	s ɐ n̪ d̪ ʊ ɾ ʊ ɣ o ʔ
sandwits	s a n̪ d̪ w ɪ t̪ s
sandwits	s a n̪ d̪ w ɪ t͡ʃ
sang	s a ŋ
sanga	s ɐ ŋ a
sangab	s aː ŋ ɐ b̚
sangag	s ɐ ŋ a ɡ̚
sangagin	s ɐ ŋ ɐ ɣ ɪ n̪
sangal	s ɐ ŋ a l
sangandaan	s ɐ ŋ ɐ n̪ d̪ ɐ ʔ a n̪
sangat	s aː ŋ ɐ t̪̚
sangay	s ɐ ŋ a ɪ̯
sangga	s ɐ ŋ ɡ a
sangga	s ɐ ŋ ɡ a ʔ
sanggalang	s ɐ ŋ ɡ ɐ l a ŋ
sanggano	s a ŋ ɡ ɐ n̪ o
sanggawali	s ɐ ŋ ɡ ɐ w ɐ l ɪ ʔ
sanggi	s ɐ ŋ ɡ ɪ ʔ
sanggol	s ɐ ŋ ɡ o l
sanggumay	s ɐ ŋ ɡ uː m a ɪ̯
sangguni	s ɐ ŋ ɡ uː n̪ ɪ ʔ
sanggunian	s ɐ ŋ ɡ ʊ n̪ ɪ ʔ a n̪
sanghaya	s ɐ ŋ h aː j ɐ ʔ
sanghaya	s ɐ ŋ h ɐ j a ʔ
sanghiblayan	s ɐ ŋ h ɪ b l aː j ɐ n̪
sanghid	s ɐ ŋ h ɪ d̪̚
sanghod	s ɐ ŋ h o d̪̚
sangi	s aː ŋ ɪ ʔ
sangig	s ɐ ŋ ɪ ɡ̚
sangkaing	s ɐ ŋ k ɐ ʔ ɪ ŋ
sangkaka	s ɐ ŋ k aː x ɐ
sangkal	s ɐ ŋ k a l
sangkalan	s ɐ ŋ k aː l ɐ n̪
sangkalan	s ɐ ŋ k ɐ l a n̪
sangkap	s ɐ ŋ k a p̚
sangkapat	s ɐ ŋ k aː p ɐ t̪̚
sangkaramihan	s ɐ ŋ k ɐ ɾ ɐ m iː h ɐ n̪
sangkatauhan	s ɐ ŋ k ɐ t̪ ɐ ʔ uː h ɐ n̪
sangkaterba	s ɐ ŋ k ɐ t̪ ɛ ɾ b ɐ
sangkatlo	s ɐ ŋ k ɐ t̪ l̪ o
sangkatutak	s ɐ ŋ k ɐ t̪ uː t̪ ɐ k̚
sangke	s ɐ ŋ k ɛ ʔ
sangki	s ɐ ŋ k ɪ ʔ
sangkletas	s ɐ ŋ k l ɛː t̪ ɐ s
sangko	s a ŋ k o
sangko	s ɐ ŋ k o
sangkong	s ɐ ŋ k o ŋ
sangkot	s ɐ ŋ k o t̪̚
sangktuwaryo	s ɐ ŋ k t̪ w a ɾ j o
sangkutsa	s ɐ ŋ k ʊ t t͡ʃ a
sangkutsa	s ɐ ŋ k ʊ t̪ s a
sangla	s ɐ n̪ l a ʔ
sanglaan	s ɐ n̪ l aː ʔ ɐ n̪
sanglaan	s ɐ n̪ l ɐ ʔ a n̪
sanglay	s ɐ n̪ l a ɪ̯
sangmatwiran	s ɐ ŋ m ɐ t̪ w iː ɾ ɐ n̪
sangmukti	s ɐ ŋ m ʊ k t̪ ɪ ʔ
sangod	s ɐ ŋ o d̪̚
sangpuo	s ɐ m p uː ʔ o ʔ
sangpuo	s ɐ m p ʊ ʔ o ʔ
sangsala	s ɐ n̪ s aː l ɐ ʔ
sangsang	s ɐ n̪ s a ŋ
sangyawa	s ɐ ŋ j aː w ɐ ʔ
sangyod	s ɐ ŋ j o d̪̚
sangyuta	s ɐ ŋ j uː t̪ ɐ ʔ
sanhi	s ɐ n̪ h ɪ ʔ
sanib	s aː n̪ ɪ b̚
saniban	s ɐ n̪ iː b ɐ n̪
sanidad	s ɐ n̪ ɪ d̪ a d̪̚
sanitaryo	s ɐ n̪ ɪ t̪ a ɾ j o
sanke	s ɐ ŋ k ɛ ʔ
sanki	s ɐ ŋ k ɪ ʔ
sanktuwaryo	s ɐ ŋ k t̪ w a ɾ j o
sanla	s ɐ n̪ l a ʔ
sanlaksa	s ɐ n̪ l ɐ k s a ʔ
sanlangitan	s ɐ n̪ l ɐ ŋ iː t̪ ɐ n̪
sanlangitan	s ɐ n̪ l ɐ ŋ ɪ t̪ a n̪
sanlibo	s ɐ n̪ l iː b o
sanlibutan	s ɐ n̪ l ɪ b ʊ t̪ a n̪
sanlibutnin	s ɐ n̪ l ɪ b ʊ t̪ n̪ ɪ n̪
sanling	s ɐ n̪ l ɪ ŋ
sano	s ɐ n̪ o ʔ
sanog	s aː n̪ o ɡ̚
sanrok	s ɐ n̪ ɾ o k̚
sanrurugo	s ɐ n̪ ɾ ʊ ɾ ʊ ɣ o ʔ
sansala	s ɐ n̪ s aː l ɐ ʔ
sansan	s ɐ n̪ s a n̪
sanse	s ɐ n̪ s ɛ
sansinukbin	s ɐ n̪ s ɪ n̪ ʊ k b ɪ n̪
sansinukob	s ɐ n̪ s ɪ n̪ uː x o b̚
sansinukuban	s ɐ n̪ s ɪ n̪ ʊ x uː b ɐ n̪
santa	s a n̪ t̪ ɐ
santa	s ɐ n̪ t̪ a
santabi	s ɐ n̪ t̪ aː b ɪ ʔ
santabi	s ɐ n̪ t̪ ɐ b ɪ
santacruzan	s ɐ n̪ t̪ ɐ k ɾ uː s ɐ n̪
santakrusan	s ɐ n̪ t̪ ɐ k ɾ uː s ɐ n̪
santan	s ɐ n̪ t̪ a n̪
santelmo	s ɐ n̪ t̪ ɛ l m o
santo	s a n̪ t̪ o
santo	s ɐ n̪ t̪ o
santol	s ɐ n̪ t̪ o l
santolan	s ɐ n̪ t̪ oː l ɐ n̪
santuhin	s ɐ n̪ t̪ ʊ h ɪ n̪
santulan	s ɐ n̪ t̪ uː l ɐ n̪
santuolyo	s ɐ n̪ t̪ ʊ ʔ o l j o
santuwaryo	s ɐ n̪ t̪ w a ɾ j o
santwaryo	s ɐ n̪ t̪ w a ɾ j o
sanwits	s a n̪ w ɪ t̪ s
sanwits	s a n̪ w ɪ t͡ʃ
sanyo	s ɐ n ɲ o ʔ
sanyo	s ɐ n̪ j o ʔ
sao	s ɐ ʔ o
saog	s aː ʔ o ɡ̚
saog	s ɐ ʔ o ɡ̚
saoy	s ɐ ʔ o ɪ̯
sapa	s aː p ɐ ʔ
sapa	s ɐ p a
sapad	s aː p ɐ d̪̚
sapad	s ɐ p a d̪̚
sapagka	s ɐ p ɐ ɡ k a ʔ
sapagkat	s ɐ p ɐ ɡ k a t̪̚
sapait	s ɐ p aː ʔ ɪ t̪̚
sapak	s aː p ɐ k̚
sapak	s ɐ p a k̚
sapalaran	s aː p ɐ l ɐ ɾ a n̪
sapanahon	s ɐ p ɐ n̪ ɐ h o n̪
sapang	s ɐ p a ŋ
sapantaha	s ɐ p ɐ n̪ t̪ aː h ɐ ʔ
sapat	s ɐ p a t̪̚
sapatero	s ɐ p ɐ t̪ ɛː ɾ o
sapatilya	s ɐ p ɐ t̪ ɪ l j a
sapatos	s ɐ p aː t̪ o s
sapaw	s aː p a ʊ̯
sapi	s aː p ɪ ʔ
sapid	s aː p ɪ d̪̚
sapilitan	s aː p ɪ l ɪ t̪ a n̪
sapin	s ɐ p ɪ n̪
sapinan	s ɐ p ɪ n̪ a n̪
sapiro	s aː p ɪ ɾ o
sapisapi	s aː p ɪ s aː p ɪ ʔ
sapit	s aː p ɪ t̪̚
saplot	s ɐ p l o t̪̚
sapnan	s ɐ p n̪ a n̪
sapnit	s ɐ p n̪ ɪ t̪̚
sapo	s aː p o
sapo	s ɐ p o
sapo	s ɐ p o ʔ
sapodilya	s ɐ p o d̪ i l j ɐ
sapok	s ɐ p o k̚
sapol	s ɐ p o l
sapot	s aː p o t̪̚
sapot	s ɐ p o t̪̚
sapsap	s ɐ p s a p̚
sapsoy	s ɐ p s o ɪ̯
sapsuy	s ɐ p s ʊ ɪ̯
sapul	s ɐ p ʊ l
sapupo	s ɐ p uː p o
sapupuhin	s ɐ p ʊ p uː h ɪ n̪
sapyaw	s a p j a ʊ̯
sapyaw	s ɐ p j a ʊ̯
sara	s ɐ ɾ a
sarado	s ɐ ɾ aː d̪ o
saragate	s ɐ ɾ ɐ ɣ aː t̪ ɛ
sarahan	s aː ɾ aː h ɐ n̪
sarahan	s ɐ ɾ ɐ h a n̪
sarang	s ɐ ɾ a ŋ
saranggola	s ɐ ɾ ɐ ŋ ɡ oː l ɐ
sarap	s ɐ ɾ a p̚
sarat	s ɐ ɾ a t̪̚
saray	s aː ɾ a ɪ̯
sarbey	s a ɾ b e ɪ̯
sarciado	s ɐ ɾ s j aː d̪ o
sarciado	s ɐ ɾ ʃ aː d̪ o
sardinas	s ɐ ɾ d̪ iː n̪ ɐ s
sarhan	s ɐ ɾ h a n̪
sarhento	s ɐ ɾ h ɛ n̪ t̪ o
sari	s aː ɾ ɪ
sari	s aː ɾ ɪ ʔ
saribuhay	s ɐ ɾ ɪ b uː h a ɪ̯
sarili	s ɐ ɾ iː l ɪ
sarilinin	s ɐ ɾ ɪ l iː n̪ ɪ n̪
sarimanok	s ɐ ɾ ɪ m ɐ n̪ o k̚
sariwa	s ɐ ɾ iː w ɐ ʔ
sariwain	s ɐ ɾ ɪ w aː ʔ ɪ n̪
sarkasmo	s ɐ ɾ k a s m o
sarkastiko	s ɐ ɾ k a s t̪ ɪ x o
saro	s aː ɾ o
sarol	s ɐ ɾ o l
sarong	s aː ɾ o ŋ
sarsa	s a ɾ s ɐ
sarsahan	s a ɾ s ɐ h a n̪
sarsaparilya	s ɐ ɾ s ɐ p ɐ ɾ i l j ɐ
sarsiado	s ɐ ɾ s j aː d̪ o
sarsiado	s ɐ ɾ ʃ aː d̪ o
sarsiyado	s ɐ ɾ s j aː d̪ o
sarsiyado	s ɐ ɾ ʃ aː d̪ o
sarsuwela	s ɐ ɾ s w ɛː l ɐ
sarswela	s ɐ ɾ s w ɛː l ɐ
sarsyado	s ɐ ɾ s j aː d̪ o
sarsyado	s ɐ ɾ ʃ aː d̪ o
sarutso	s ɐ ɾ ʊ t t͡ʃ o
sarutso	s ɐ ɾ ʊ t̪ s o
sasa	s aː s ɐ
sasa	s aː s ɐ ʔ
sasa	s ɐ s a
sasa	s ɐ s a ʔ
sasabungin	s ɐ s ɐ b uː ŋ ɪ n̪
sasabunutan	s aː s ɐ b ʊ n̪ uː t̪ ɐ n̪
sasag	s aː s ɐ ɡ̚
sasag	s ɐ s a ɡ̚
sasak	s aː s ɐ k̚
sasakyan	s aː s ɐ k j a n̪
sasakyan	s ɐ s ɐ k j a n̪
sasal	s ɐ s a l
sasama	s ɐ s aː m ɐ
sasama	s ɐ s ɐ m a ʔ
sasang	s ɐ s a ŋ
sasangan	s aː s aː ŋ ɐ n̪
sasangan	s ɐ s ɐ ŋ a n̪
sasapinan	s aː s ɐ p ɪ n̪ a n̪
sasapinan	s ɐ s ɐ p ɪ n̪ a n̪
sasapnan	s aː s ɐ p n̪ a n̪
sasapnan	s ɐ s ɐ p n̪ a n̪
saserdote	s ɐ s ɛ ɾ d̪ oː t̪ ɛ
sashimi	s a s j ɪ m ɪ
sashimi	s aː ʃ ɪ m ɪ
sashimi	s ɐ s j iː m ɪ
sashimi	s ɐ ʃ iː m ɪ
saspek	s a s p ɛ k̚
sasti	s ɐ s t̪ ɪ
sastre	s a s t̪ ɾ ɛ
sastre	s ɐ s t̪ ɾ ɛ
satambal	s ɐ t̪ ɐ m b a l
satay	s aː t̪ a ɪ̯
sate	s aː t̪ ɛ
sate	s aː t̪ ɛ ʔ
satelait	s aː t̪ ɛ l a ɪ̯ t̪
satelayt	s aː t̪ ɛ l a ɪ̯ t̪
satelite	s ɐ t̪ ɛː l ɪ t̪ ɛ
satin	s aː t̪ ɪ n̪
satin	s ɐ t̪ ɪ n̪
satira	s aː t̪ ɪ ɾ a
satirikal	s ɐ t̪ ɪ ɾ ɪ x a l
satiriko	s ɐ t̪ iː ɾ ɪ x o
satiyan	s ɐ t̪ j a n̪
satiyan	s ɐ t͡ʃ a n̪
satol	s aː t̪ o l
satol	s ɐ t̪ o l
satsaron	s ɐ t t͡ʃ ɐ ɾ o n̪
satsaron	s ɐ t̪ s ɐ ɾ o n̪
satsat	s ɐ t̪ s a t̪̚
saugnay	s ɐ ʔ ʊ ɡ n̪ a ɪ̯
saulado	s ɐ ʔ ʊ l aː d̪ o
sauli	s oː l ɛ ʔ
sauli	s oː l ɪ ʔ
sauli	s ɐ ʔ uː l ɪ ʔ
saulo	s ɐ ʔ uː l o
sauluhin	s ɐ ʔ ʊ l uː h ɪ n̪
saulupong	s ɐ ʔ ʊ l ʊ p o ŋ
sauna	s ɐ ʔ uː n̪ ɐ
sawa	s aː w ɐ ʔ
sawa	s ɐ w a
sawa	s ɐ w a ʔ
sawali	s ɐ w aː l ɪ ʔ
sawata	s ɐ w ɐ t̪ a ʔ
sawatain	s ɐ w ɐ t̪ ɐ ʔ ɪ n̪
saway	s ɐ w a ɪ̯
sawayin	s ɐ w ɐ j ɪ n̪
sawi	s ɐ w ɪ ʔ
sawil	s ɐ w ɪ l
sawing	s ɐ w ɪ ŋ
sawo	s aː w o
sawo	s aː w o ʔ
sawong	s ɐ w o ŋ
sawsaw	s a ʊ̯ s a ʊ̯
sawsawan	s a ʊ̯ s aː w ɐ n̪
sawsawan	s a ʊ̯ s ɐ w a n̪
saya	s aː j ɐ
saya	s ɐ j a
sayad	s aː j ɐ d̪̚
sayad	s ɐ j a d̪̚
sayang	s aː j ɐ ŋ
sayang	s ɐ j a ŋ
sayans	s aː j ɐ n̪ s
sayantifik	s ɐ j ɐ n̪ t̪ iː f ɪ k̚
sayantifik	s ɐ j ɐ n̪ t̪ iː p ɪ k̚
sayantipik	s ɐ j ɐ n̪ t̪ iː p ɪ k̚
sayantipiko	s ɐ j ɐ n̪ t̪ iː p ɪ x o
sayantis	s aː j ɐ n̪ t̪ ɪ s
sayantist	s aː j ɐ n̪ t̪ ɪ s t̪
sayantista	s ɐ j ɐ n̪ t̪ i s t̪ ɐ
sayaong	s ɐ j ɐ ʔ o ŋ
sayap	s ɐ j a p̚
sayari	s ɐ j aː ɾ ɪ ʔ
sayaw	s ɐ j a ʊ̯
sayawan	s aː j aː w ɐ n̪
sayawan	s ɐ j aː w ɐ n̪
sayawan	s ɐ j ɐ w a n̪
sayawin	s ɐ j ɐ w ɪ n̪
saydlayn	s a ɪ̯ d̪ l̪ a ɪ̯ n̪
sayentipiko	s ɐ j ɛ n̪ t̪ iː p ɪ x o
sayentista	s ɐ j ɛ n̪ t̪ i s t̪ ɐ
sayi	s aː j ɛ ʔ
sayi	s aː j ɪ ʔ
sayimsim	s ɐ j ɪ m s ɪ m
saykoanalisis	s a ɪ̯ x o ʔ ɐ n̪ aː l ɪ s ɪ s
saykoanalitikal	s a ɪ̯ x o ʔ ɐ n̪ ɐ l iː t̪ ɪ x a l
saykoanalitiko	s a ɪ̯ x o ʔ ɐ n̪ ɐ l iː t̪ ɪ x o
saykolodyi	s a ɪ̯ x oː l o d d͡ʒ ɪ
saykolodyi	s a ɪ̯ x oː l o d̪ j ɪ
saykolohiya	s a ɪ̯ x o l o h iː j ɐ
saykoloji	s a ɪ̯ x oː l o d̪ j ɪ
saykoloji	s a ɪ̯ x oː l o d͡ʒ ɪ
saykomotor	s a ɪ̯ x o m oː t̪ o ɾ
saynat	s a ɪ̯ n̪ a t̪̚
saynete	s a ɪ̯ n̪ ɛː t̪ ɛ
sayo	s ɐ j o
sayod	s ɐ j o d̪̚
sayote	s ɐ j oː t̪ ɛ
saysay	s a ɪ̯ s a ɪ̯
sayusay	s ɐ j uː s a ɪ̯
scoobs	ʔ ɪ s k ʊ b s
se	s ɛ
sebada	s ɛ b aː d̪ ɐ
sebastipol	s ɛ b ɐ s t̪ ɪ p o l
sebekoy	s ɛː b ɛː x o ɪ̯
seben	s ɛː b ɛ n̪
sebo	s ɛː b o
sebra	s ɛ b ɾ ɐ
seda	s ɛː d̪ ɐ
sedisyon	s ɛ d̪ ɪ s j o n̪
sedisyon	s ɛ d̪ ɪ ʃ o n̪
sedula	s ɛː d̪ ʊ l a
segidilya	s ɛ ɣ ɪ d̪ i l j ɐ
segidilyas	s ɛ ɣ ɪ d̪ i l j ɐ s
segunda	s ɛ ɣ u n̪ d̪ ɐ
segundahan	s ɛ ɣ u n̪ d̪ ɐ h a n̪
segundahan	s ɛ ɣ ʊ n̪ d̪ ɐ h a n̪
segundahan	s ɛː ɣ ʊ n̪ d̪ aː h ɐ n̪
segundaryo	s ɛ ɣ ʊ n̪ d̪ a ɾ j o
segundo	s ɛ ɣ u n̪ d̪ o
segurado	s ɛ ɣ ʊ ɾ aː d̪ o
seguridad	s ɛ ɣ ʊ ɾ ɪ d̪ a d̪̚
segurista	s ɛ ɣ ʊ ɾ i s t̪ ɐ
seguro	s ɛ ɣ uː ɾ o
seis	s ɐ ʔ ɪ s
seis	s ɛ ʔ ɪ s
seismiko	s i s m ɪ x o
seissiyentos	s ɐ ʔ ɪ s s j ɛ n̪ t̪ o s
seissiyentos	s ɐ ʔ ɪ s ʃ ɛ n̪ t̪ o s
seissiyentos	s ɛ ʔ ɪ s s j ɛ n̪ t̪ o s
seissiyentos	s ɛ ʔ ɪ s ʃ ɛ n̪ t̪ o s
seisyentos	s ɐ ʔ ɪ s j ɛ n̪ t̪ o s
seisyentos	s ɐ ʔ ɪ ʃ ɛ n̪ t̪ o s
seisyentos	s ɛ ʔ ɪ s j ɛ n̪ t̪ o s
seisyentos	s ɛ ʔ ɪ ʃ ɛ n̪ t̪ o s
seko	s ɛː x o
sekreta	s ɛ k ɾ ɛː t̪ ɐ
sekretaryat	s ɛ k ɾ ɛ t̪ a ɾ j ɐ t̪̚
sekreto	s ɛ k ɾ ɛː t̪ o
sekreto	s ɪ k ɾ ɛː t̪ o
seks	s ɛ k s
seksi	s ɛ k s ɪ
seksismo	s ɛ k s i s m o
seksiyon	s ɛ k s j o n̪
seksiyon	s ɛ k ʃ o n̪
seksuwal	s ɛ k s w a l
seksuwalidad	s ɛ k s w ɐ l ɪ d̪ a d̪̚
sekswal	s ɛ k s w a l
sekswalidad	s ɛ k s w ɐ l ɪ d̪ a d̪̚
sekta	s ɛ k t̪ ɐ
sekular	s ɛ x ʊ l a ɾ
sekularismo	s ɛ x ʊ l ɐ ɾ i s m o
sekundarya	s ɛ x ʊ n̪ d̪ a ɾ j ɐ
sekyu	s ɛ k j ʊ ʔ
selan	s ɛː l ɐ n̪
selang	s ɛː l ɐ ŋ
selda	s ɛ l d̪ ɐ
selebrasyon	s ɛ l ɛ b ɾ ɐ s j o n̪
selebrasyon	s ɛ l ɛ b ɾ ɐ ʃ o n̪
seleksiyon	s ɛ l ɛ k s j o n̪
seleksiyon	s ɛ l ɛ k ʃ o n̪
seleksyon	s ɛ l ɛ k s j o n̪
seleksyon	s ɛ l ɛ k ʃ o n̪
selepono	s ɛ l ɛː p o n̪ o
selestiyal	s ɛ l ɛ s t̪ j a l
selestiyal	s ɛ l ɛ s t̪ j ɐ l
selestiyal	s ɛ l ɛ s t͡ʃ a l
selestiyal	s ɛ l ɛ s t͡ʃ ɐ l
selestyal	s ɛ l ɛ s t̪ j a l
selestyal	s ɛ l ɛ s t̪ j ɐ l
selestyal	s ɛ l ɛ s t͡ʃ a l
selestyal	s ɛ l ɛ s t͡ʃ ɐ l
selfi	s ɛ l f ɪ
selfi	s ɛ l p ɪ
selopen	s ɛː l o p ɛ n̪
selopeyn	s ɛː l o p e ɪ̯ n̪
selopin	s ɛː l o p ɪ n̪
selos	s ɛː l o s
selosiya	s ɛ l o s iː j ɐ
selpon	s ɛ l p o n̪
selula	s ɛː l ʊ l a
selyo	s ɛ l j o
semana	s ɛ m aː n̪ ɐ
semantika	s ɛ m a n̪ t̪ ɪ x a
sementado	s ɛ m ɛ n̪ t̪ aː d̪ o
sementeryo	s ɛ m ɛ n̪ t̪ ɛ ɾ j o
semento	s ɛ m ɛ n̪ t̪ o
semestre	s ɛ m ɛ s t̪ ɾ ɛ
semikolon	s ɛː m ɪ x oː l o n̪
semilya	s ɛ m i l j ɐ
seminar	s ɛ m ɪ n̪ a ɾ
seminar	s ɛː m ɪ n̪ a ɾ
seminarista	s ɛ m ɪ n̪ ɐ ɾ i s t̪ ɐ
seminaryo	s ɛ m ɪ n̪ a ɾ j o
semplang	s ɛ m p l ɐ ŋ
sena	s ɛː n̪ ɐ
senado	s ɛ n̪ aː d̪ o
senador	s ɛ n̪ ɐ d̪ o ɾ
senadora	s ɛ n̪ ɐ d̪ oː ɾ ɐ
senakulo	s ɛ n̪ aː x ʊ l o
senglot	s ɛ n̪ l o t̪̚
senisa	s ɛ n̪ iː s ɐ
senisera	s ɛ n̪ ɪ s ɛː ɾ ɐ
senisero	s ɛ n̪ ɪ s ɛː ɾ o
sensasyon	s ɛ n̪ s ɐ s j o n̪
sensasyon	s ɛ n̪ s ɐ ʃ o n̪
sensasyonal	s ɛ n̪ s ɐ s j o n̪ a l
sensasyonal	s ɛ n̪ s ɐ ʃ o n̪ a l
sensibilidad	s ɛ n̪ s ɪ b ɪ l ɪ d̪ a d̪̚
sensitibo	s ɛ n̪ s ɪ t̪ iː b o
sensura	s ɛ n̪ s uː ɾ ɐ
sentenaryo	s ɛ n̪ t̪ ɛ n̪ a ɾ j o
sentensiya	s ɛ n̪ t̪ ɛ n̪ s j ɐ
sentensiya	s ɛ n̪ t̪ ɛ n̪ ʃ ɐ
sentensiyador	s ɛ n̪ t̪ ɛ n̪ s j ɐ d̪ o ɾ
sentensiyador	s ɛ n̪ t̪ ɛ n̪ ʃ ɐ d̪ o ɾ
sentensiyahan	s ɛ n̪ t̪ ɛ n̪ s j ɐ h a n̪
sentensiyahan	s ɛ n̪ t̪ ɛ n̪ ʃ ɐ h a n̪
sentensya	s ɛ n̪ t̪ ɛ n̪ s j ɐ
sentensya	s ɛ n̪ t̪ ɛ n̪ ʃ ɐ
sentensyahan	s ɛ n̪ t̪ ɛ n̪ s j ɐ h a n̪
sentensyahan	s ɛ n̪ t̪ ɛ n̪ ʃ ɐ h a n̪
sentido	s ɛ n̪ t̪ iː d̪ o
sentigrado	s ɛ n̪ t̪ ɪ ɡ ɾ aː d̪ o
sentigramo	s ɛ n̪ t̪ iː ɡ ɾ ɐ m o
sentigramo	s ɛ n̪ t̪ ɪ ɡ ɾ aː m o
sentilitro	s ɛ n̪ t̪ ɪ l i t̪ ɾ o
sentimetro	s ɛ n̪ t̪ ɪ m ɛː t̪ ɾ o
sentimo	s ɛ n̪ t̪ ɪ m o
sentimos	s ɛ n̪ t̪ ɪ m o s
sentimyento	s ɛ n̪ t̪ ɪ m j ɛ n̪ t̪ o
sentinela	s ɛ n̪ t̪ ɪ n̪ ɛː l ɐ
sentral	s ɛ n̪ t̪ ɾ a l
sentro	s ɛ n̪ t̪ ɾ o
senyal	s ɛ n ɲ a l
senyal	s ɛ n̪ j a l
senyales	s ɛ n ɲ aː l ɛ s
senyales	s ɛ n̪ j aː l ɛ s
senyas	s ɛ n̪ j ɐ s
senyas	s ɛː ɲ ɐ s
senyasan	s ɛ n̪ j aː s ɐ n̪
senyasan	s ɛ n̪ j ɐ s a n̪
senyasan	s ɛː ɲ aː s ɐ n̪
senyasan	s ɛː ɲ ɐ s a n̪
senyo	s ɛ n̪ j o
senyo	s ɛː ɲ o
senyor	s ɛ n ɲ o ɾ
senyor	s ɛ n̪ j o ɾ
senyora	s ɛ n ɲ oː ɾ ɐ
senyora	s ɛ n̪ j oː ɾ ɐ
senyorita	s ɛ n ɲ o ɾ iː t̪ ɐ
senyorita	s ɛ n̪ j o ɾ iː t̪ ɐ
senyorito	s ɛ n ɲ o ɾ iː t̪ o
senyorito	s ɛ n̪ j o ɾ iː t̪ o
separatismo	s ɛ p ɐ ɾ ɐ t̪ i s m o
separatista	s ɛ p ɐ ɾ ɐ t̪ i s t̪ ɐ
sepelin	s ɛː p ɛ l ɪ n̪
sepilyo	s ɛ p i l j o
sepulturero	s ɛ p ʊ l t̪ ʊ ɾ ɛː ɾ o
sepya	s ɛ p j ɐ
ser	s ɛ ɾ
seradura	s ɛ ɾ ɐ d̪ uː ɾ ɐ
serapin	s ɛ ɾ ɐ p ɪ n̪
serapina	s ɛ ɾ ɐ p iː n̪ ɐ
serapines	s ɛ ɾ ɐ p iː n̪ ɛ s
serbesa	s ɛ ɾ b ɛː s ɐ
serbi	s ɛ ɾ b ɪ
serbidor	s ɛ ɾ b ɪ d̪ o ɾ
serbidora	s ɛ ɾ b ɪ d̪ oː ɾ ɐ
serbisyo	s ɛ ɾ b i s j o
serbisyo	s ɛ ɾ b iː ʃ o
seremonya	s ɛ ɾ ɛ m o n̪ j ɐ
seremonya	s ɛ ɾ ɛ m oː ɲ ɐ
seremonyal	s ɛ ɾ ɛ m o n ɲ a l
seremonyal	s ɛ ɾ ɛ m o n̪ j a l
serenata	s ɛ ɾ ɛ n̪ aː t̪ ɐ
sereno	s ɛ ɾ ɛː n̪ o
seresa	s ɛ ɾ ɛː s ɐ
sereso	s ɛ ɾ ɛː s o
serip	s j ɛː ɾ ɪ p̚
serip	s ɛː ɾ ɪ p̚
serip	ʃ ɛː ɾ ɪ p̚
sermon	s ɛ ɾ m o n̪
sero	s ɛː ɾ o
serpentina	s ɛ ɾ p ɛ n̪ t̪ iː n̪ ɐ
sertamen	s ɛ ɾ t̪ aː m ɛ n̪
sertipikado	s ɛ ɾ t̪ ɪ p ɪ x aː d̪ o
sertipikasyon	s ɛ ɾ t̪ ɪ p ɪ x ɐ s j o n̪
sertipikasyon	s ɛ ɾ t̪ ɪ p ɪ x ɐ ʃ o n̪
seruleo	s ɛ ɾ uː l j o
seruleo	s ɛ ɾ uː l ɛ j o
serulyo	s ɛ ɾ u l j o
serutso	s ɛ ɾ u t̪ s o
serutso	s ɛ ɾ uː t͡ʃ o
serye	s ɛ ɾ j ɛ
seryo	s ɛ ɾ j o
seryoso	s ɛ ɾ j oː s o
sesante	s ɛ s a n̪ t̪ ɛ
sesantehin	s ɛ s a n̪ t̪ ɛ h ɪ n̪
sesaryan	s ɛ s a ɾ j ɐ n̪
sesenta	s ɛ s ɛ n̪ t̪ ɐ
sesyon	s ɛ s j o n̪
sesyon	s ɛ ʃ o n̪
setelment	s ɛː t̪ ɛ l m ɛ n̪ t̪
setenta	s ɛ t̪ ɛ n̪ t̪ ɐ
setro	s ɛː t̪ ɾ o
seudonimo	s ɛ j ʊ d̪ oː n̪ ɪ m o
seyo	s ɛː j o
señor	s ɛ n ɲ o ɾ
señor	s ɛ n̪ j o ɾ
sha	s j a
sha	ʃ a
shabu	s j ɐ b ʊ
shabu	ʃ ɐ b ʊ
shahada	s j ɐ h aː d̪ ɐ
shahada	ʃ ɐ h aː d̪ ɐ
shakoy	s j aː x o ɪ̯
shakoy	ʃ aː x o ɪ̯
sharia	s j ɐ ɾ iː j ɐ
sharia	ʃ ɐ ɾ iː j ɐ
sharks	s j a ɹ k s
sharks	ʃ a ɹ k s
sharon	s j aː ɾ o n̪
sharon	ʃ aː ɾ o n̪
shawarma	s j ɐ w a ɾ m ɐ
shawarma	ʃ ɐ w a ɾ m ɐ
shet	s j ɛ t̪̚
shet	ʃ ɛ t̪̚
shiboli	s j iː b o l ɪ
shiboli	ʃ iː b o l ɪ
shibuli	s j iː b ʊ l ɪ
shibuli	ʃ iː b ʊ l ɪ
shokoy	s j oː x o ɪ̯
shokoy	ʃ oː x o ɪ̯
shorpet	s j o ɾ p ɛ t̪̚
shorpet	ʃ o ɾ p ɛ t̪̚
shota	s j oː t̪ ɐ ʔ
shota	ʃ oː t̪ ɐ ʔ
shpluk	ʃ p l ʊ k̚
shpluk	ʔ ɪ s p l ʊ k̚
shunga	s j ʊ ŋ a
shunga	ʃ ʊ ŋ a
shupatid	s j ʊ p ɐ t̪ ɪ d̪̚
shupatid	ʃ ʊ p ɐ t̪ ɪ d̪̚
si	s ɪ
siba	s iː b ɐ ʔ
sibak	s ɪ b a k̚
siban	s iː b ɐ n̪
sibasib	s ɪ b aː s ɪ b̚
sibastopol	s ɪ b ɐ s t̪ o p o l
sibastupol	s ɪ b ɐ s t̪ ʊ p o l
sibat	s ɪ b a t̪̚
sibi	s iː b ɪ
sibi	s iː b ɪ ʔ
sibig	s iː b ɪ ɡ̚
sibika	s iː b ɪ x a
sibil	s ɪ b ɪ l
sibilisa	s ɪ b ɪ l ɪ s a
sibilisado	s ɪ b ɪ l ɪ s aː d̪ o
sibilisasyon	s ɪ b ɪ l ɪ s ɐ s j o n̪
sibilisasyon	s ɪ b ɪ l ɪ s ɐ ʃ o n̪
sibilyan	s ɪ b i l j ɐ n̪
sibilyan	s ɪ b ɪ l j a n̪
sibo	s iː b o
sibo	s iː b o ʔ
sibog	s ɪ b o ɡ̚
sibol	s iː b o l
sibol	s ɪ b o l
sibsib	s ɪ b s ɪ b̚
sibucao	s ɪ b ʊ x a ʊ̯
sibukaw	s ɪ b ʊ x a ʊ̯
sibuyas	s ɪ b uː j ɐ s
sideral	s ɪ d̪ ɛ ɾ a l
sidha	s ɪ d̪ h a
sidha	s ɪ d̪ h a ʔ
sidhi	s ɪ d̪ h ɪ ʔ
sidlan	s ɪ d̪ l̪ a n̪
sidra	s iː d̪ ɾ ɐ
sidras	s iː d̪ ɾ ɐ s
siga	s iː ɣ ɐ
siga	s iː ɣ ɐ ʔ
siga	s ɪ ɣ a ʔ
sigadilyas	s ɪ ɣ ɐ d̪ i l j ɐ s
sigalot	s ɪ ɣ ɐ l o t̪̚
sigam	s ɪ ɣ a m
sigang	s ɪ ɣ a ŋ
sigaras	s iː ɣ ɐ ɾ a s
sigaret	s iː ɣ ɐ ɾ ɛ t̪̚
sigarilya	s ɪ ɣ ɐ ɾ i l j ɐ
sigarilyas	s ɪ ɣ ɐ ɾ i l j ɐ s
sigarilyo	s ɪ ɣ ɐ ɾ i l j o
sigaro	s ɪ ɣ aː ɾ o
sigasig	s ɪ ɣ aː s ɪ ɡ̚
sigaw	s ɪ ɣ a ʊ̯
sigay	s iː ɣ a ɪ̯
sige	s iː ɣ ɛ
sige	s ɪ ɣ ɛ
sigi	s ɪ ɣ ɪ
sigi	s ɪ ɣ ɪ ʔ
sigid	s ɪ ɣ ɪ d̪̚
sigik	s ɪ ɣ ɪ k̚
siging	s ɪ ɣ ɪ ŋ
sigit	s ɪ ɣ ɪ t̪̚
sigla	s ɪ ɡ l a
siglap	s ɪ ɡ l a p̚
siglaw	s ɪ ɡ l a ʊ̯
siglo	s i ɡ l o
sigmo	s ɪ ɡ m o ʔ
sigmuan	s ɪ ɡ m uː ʔ ɐ n̪
signipikante	s ɪ ɡ n̪ ɪ p ɪ x a n̪ t̪ ɛ
signo	s i ɡ n̪ o
signos	s i ɡ n̪ o s
signos	s ɪ ɡ n̪ o s
sigok	s ɪ ɣ o k̚
sigras	s i ɡ ɾ ɐ s
sigsa	s ɪ ɡ s a
sigsig	s ɪ ɡ s ɪ ɡ̚
sigurado	s ɪ ɣ ʊ ɾ aː d̪ o
siguraduhin	s ɪ ɣ ʊ ɾ ɐ d̪ uː h ɪ n̪
sigurista	s ɪ ɣ ʊ ɾ i s t̪ ɐ
siguro	s ɪ ɣ uː ɾ o
sigwa	s ɪ ɡ w a
sigwada	s ɪ ɡ w aː d̪ ɐ
sigwasan	s ɪ ɡ w aː s ɐ n̪
sigya	s ɪ ɡ j a
siha	s iː h ɐ ʔ
siha	s ɪ h a ʔ
sihang	s iː h ɐ ŋ
sihay	s iː h a ɪ̯
sihayan	s ɪ h aː j ɐ n̪
siid	s ɪ ʔ ɪ d̪̚
siil	s ɪ ʔ ɪ l
siim	s ɪ ʔ ɪ m
siit	s ɪ ʔ ɪ t̪̚
sikad	s iː x ɐ d̪̚
sikada	s ɪ x aː d̪ ɐ
sikal	s iː x ɐ l
sikal	s ɪ x a l
sikang	s iː x ɐ ŋ
sikap	s iː x ɐ p̚
sikat	s iː x ɐ t̪̚
sikat	s ɪ x a t̪̚
sikatsikat	s iː x ɐ t̪ s iː x ɐ t̪̚
sikdo	s ɪ k d̪ o
sikhay	s ɪ k h a ɪ̯
siki	s ɪ x ɪ ʔ
sikil	s iː x ɪ l
sikil	s ɪ x ɪ l
sikip	s ɪ x ɪ p̚
siklab	s ɪ k l a b̚
siklan	s ɪ k l a n̪
siklang	s ɪ k l a ŋ
siklista	s ɪ k l i s t̪ ɐ
siklo	s i k l o
sikmat	s ɪ k m a t̪̚
sikmura	s ɪ k m uː ɾ ɐ
sikmura	s ɪ k m uː ɾ ɐ ʔ
sikno	s ɪ k n̪ o ʔ
siko	s iː x o
siko	s ɪ x o
sikoanalisis	s ɪ x o ʔ ɐ n̪ aː l ɪ s ɪ s
sikoanalista	s ɪ x o ʔ ɐ n̪ ɐ l i s t̪ ɐ
sikoanalitikal	s ɪ x o ʔ ɐ n̪ ɐ l ɪ t̪ ɪ x a l
sikoanalitiko	s ɪ x o ʔ ɐ n̪ ɐ l iː t̪ ɪ x o
sikolo	s ɪ x oː l o
sikologo	s ɪ x oː l o ɣ o
sikolohia	s ɪ x o l o h iː j ɐ
sikolohista	s ɪ x o l o h i s t̪ ɐ
sikolohiya	s ɪ x o l o h iː j ɐ
sikolohiya	s ɪ x o l o h j a
sikolohya	s ɪ x o l o h j a
sikot	s iː x o t̪̚
sikote	s ɪ x oː t̪ ɛ
sikoy	s iː x o ɪ̯
sikoy	s ɪ x o ɪ̯
sikreto	s ɪ k ɾ ɛː t̪ o
siksik	s ɪ k s ɪ k̚
siksikan	s ɪ k s iː x ɐ n̪
siksikan	s ɪ k s ɪ x a n̪
siksin	s ɪ k s ɪ n̪
sikulate	s ɪ x ʊ l aː t̪ ɛ
sikulo	s ɪ x uː l o
sikwan	s ɪ k w a n̪
sikwat	s ɪ k w a t̪̚
sikyu	s ɪ k j ʊ ʔ
sila	s iː l ɐ ʔ
sila	s ɪ l a
silab	s ɪ l a b̚
silaba	s iː l ɐ b a
silabasyon	s ɪ l ɐ b ɐ s j o n̪
silabasyon	s ɪ l ɐ b ɐ ʃ o n̪
silabikasyon	s ɪ l ɐ b ɪ x ɐ s j o n̪
silabikasyon	s ɪ l ɐ b ɪ x ɐ ʃ o n̪
silag	s iː l ɐ ɡ̚
silahis	s ɪ l aː h ɪ s
silakbo	s ɪ l ɐ k b o
silam	s iː l ɐ m
silam	s ɪ l a m
silambang	s ɪ l ɐ m b a ŋ
silang	s iː l ɐ ŋ
silang	s ɪ l a ŋ
silangan	s ɪ l aː ŋ ɐ n̪
silat	s ɪ l a t̪̚
silaw	s iː l a ʊ̯
silaw	s ɪ l a ʊ̯
silay	s iː l a ɪ̯
silbato	s ɪ l b aː t̪ o
silbi	s i l b ɪ
silbi	s ɪ l b ɛ
silbi	s ɪ l b ɪ
silbiro	s ɪ l b iː ɾ o
sile	s iː l ɛ
sili	s iː l ɛ
sili	s iː l ɪ
sili	s ɪ l ɪ
silid	s ɪ l ɪ d̪̚
silidkaphay	s ɪ l ɪ d̪ k ɐ p h a ɪ̯
silidkapnayan	s ɪ l ɪ d̪ k ɐ p n̪ aː j ɐ n̪
silidkatwan	s ɪ l i d̪ k ɐ t̪ w a n̪
silidkilos	s ɪ l i d̪ k iː l o s
silidkulay	s ɪ l i d̪ k ʊ l a ɪ̯
silidlawas	s ɪ l i d̪ l̪ aː w ɐ s
silidmanahan	s ɪ l ɪ d̪ m ɐ n̪ aː h ɐ n̪
silig	s ɪ l ɪ ɡ̚
silim	s iː l ɪ m
silindro	s ɪ l i n̪ d̪ ɾ o
silinyador	s ɪ l ɪ n ɲ ɐ d̪ o ɾ
silinyador	s ɪ l ɪ n̪ j ɐ d̪ o ɾ
silip	s iː l ɪ p̚
siliw	s ɪ l ɪ ʊ̯
silo	s iː l o ʔ
silog	s ɪ l o ɡ̚
silohiya	s ɪ l o h j a
silopono	s ɪ l oː p o n̪ o
silsil	s ɪ l s ɪ l
silweta	s ɪ l w ɛː t̪ ɐ
silya	s i l j ɐ
silya	s ɪ l j a
silyeriya	s ɪ l j ɛ ɾ iː j ɐ
silyerya	s ɪ l j ɛ ɾ j a
sim	s ɪ m
sima	s iː m ɐ ʔ
sima	s ɪ m a ʔ
simana	s ɪ m aː n̪ ɐ
simangot	s ɪ m aː ŋ o t̪̚
simba	s i m b ɐ
simba	s ɪ m b a
simbahan	s ɪ m b aː h ɐ n̪
simbahan	s ɪ m b ɐ h a n̪
simberguwensa	s ɪ m b ɛ ɾ ɡ w ɛ n̪ s ɐ
simbergwensa	s ɪ m b ɛ ɾ ɡ w ɛ n̪ s ɐ
simbolismo	s ɪ m b o l i s m o
simbolo	s i m b o l o
simenteryo	s ɪ m ɛ n̪ t̪ ɛ ɾ j o
simento	s ɪ m ɛ n̪ t̪ o
simetriya	s ɪ m ɛ t̪ ɾ iː j ɐ
simetriya	s ɪ m ɛ t̪ ɾ j ɐ
simi	s iː m ɪ ʔ
simot	s ɪ m o t̪̚
simoy	s iː m o ɪ̯
simpan	s ɪ m p a n̪
simpangol	s ɪ m p aː ŋ o l
simpatiko	s ɪ m p aː t̪ ɪ x o
simpatiya	s ɪ m p ɐ t̪ iː j ɐ
simpatiya	s ɪ m p ɐ t̪ j a
simpatiya	s ɪ m p ɐ t͡ʃ a
simpatya	s ɪ m p ɐ t t͡ʃ a
simpatya	s ɪ m p ɐ t̪ j a
simpian	s ɪ m p iː ʔ ɐ n̪
simpit	s ɪ m p ɪ t̪̚
simple	s i m p l ɛ
simplehan	s i m p l ɛ h a n̪
simplipikasyon	s ɪ m p l ɪ p ɪ x ɐ s j o n̪
simplipikasyon	s ɪ m p l ɪ p ɪ x ɐ ʃ o n̪
simpok	s ɪ m p o k̚
simposyum	s ɪ m p o s j ʊ m
simposyum	s ɪ m p oː ʃ ʊ m
simula	s ɪ m ʊ l a ʔ
simulain	s ɪ m ʊ l aː ʔ ɪ n̪
simulan	s ɪ m ʊ l a n̪
simulasyon	s ɪ m ʊ l ɐ s j o n̪
simulasyon	s ɪ m ʊ l ɐ ʃ o n̪
simuno	s ɪ m uː n̪ o ʔ
simutsang	s iː m ʊ t t͡ʃ a ŋ
simutsang	s iː m ʊ t̪ s a ŋ
sina	s iː n̪ ɐ
sina	s ɪ n̪ a
sinabunutan	s ɪ n̪ ɐ b ʊ n̪ uː t̪ ɐ n̪
sinadobo	s ɪ n̪ ɐ d̪ oː b o
sinag	s iː n̪ ɐ ɡ̚
sinag	s ɪ n̪ a ɡ̚
sinagoga	s ɪ n̪ ɐ ɣ oː ɣ ɐ
sinaing	s ɪ n̪ aː ʔ ɪ ŋ
sinakyan	s ɪ n̪ ɐ k j a n̪
sinama	s ɪ n̪ aː m ɐ
sinama	s ɪ n̪ ɐ m a ʔ
sinamay	s ɪ n̪ ɐ m a ɪ̯
sinamomo	s ɪ n̪ ɐ m oː m o
sinamong	s ɪ n̪ ɐ m o ŋ
sinandomeng	s ɪ n̪ ɐ n̪ d̪ oː m ɛ ŋ
sinangag	s ɪ n̪ ɐ ŋ a ɡ̚
sinaniban	s ɪ n̪ ɐ n̪ iː b ɐ n̪
sinap	s iː n̪ ɐ p̚
sinapismo	s ɪ n̪ ɐ p i s m o
sinapupo	s ɪ n̪ ɐ p uː p o
sinapupunan	s ɪ n̪ ɐ p ʊ p uː n̪ ɐ n̪
sinapupunan	s ɪ n̪ ɐ p ʊ p ʊ n̪ a n̪
sinasabunutan	s ɪ n̪ aː s ɐ b ʊ n̪ uː t̪ ɐ n̪
sinat	s iː n̪ ɐ t̪̚
sinauna	s ɪ n̪ ɐ ʔ uː n̪ ɐ
sinaya	s ɪ n̪ aː j ɐ
sinaya	s ɪ n̪ aː j ɐ ʔ
sindak	s ɪ n̪ d̪ a k̚
sindakin	s ɪ n̪ d̪ ɐ x ɪ n̪
sindal	s ɪ n̪ d̪ a l
sindi	s ɪ n̪ d̪ ɪ
sindikato	s ɪ n̪ d̪ ɪ x aː t̪ o
sine	s iː n̪ ɛ
sinehan	s ɪ n̪ ɛ h a n̪
sinelas	s ɪ n̪ ɛː l ɐ s
sinepete	s ɪ n̪ ɛ p ɛː t̪ ɛ
singa	s ɪ ŋ a
singap	s ɪ ŋ a p̚
singasing	s ɪ ŋ aː s ɪ ŋ
singaw	s ɪ ŋ a ʊ̯
singga	s ɪ ŋ ɡ a
singgalong	s ɪ ŋ ɡ aː l o ŋ
singgi	s ɪ ŋ ɡ ɪ ʔ
singguwatse	s ɪ ŋ ɡ w ɐ t t͡ʃ ɛ
singguwatse	s ɪ ŋ ɡ w ɐ t̪ s ɛ
singguwatsi	s ɪ ŋ ɡ w ɐ t t͡ʃ ɪ
singguwatsi	s ɪ ŋ ɡ w ɐ t̪ s ɪ
singhal	s ɪ ŋ h a l
singhap	s ɪ ŋ h a p̚
singhot	s ɪ ŋ h o t̪̚
singhutin	s ɪ ŋ h ʊ t̪ ɪ n̪
singil	s ɪ ŋ ɪ l
singit	s iː ŋ ɪ t̪̚
singkad	s ɪ ŋ k a d̪̚
singkahulugan	s ɪ ŋ k ɐ h ʊ l ʊ ɣ a n̪
singkak	s ɪ ŋ k a k̚
singkal	s ɪ ŋ k a l
singkamas	s ɪ ŋ k ɐ m a s
singkamasan	s ɪ ŋ k ɐ m aː s ɐ n̪
singki	s ɪ ŋ k ɪ ʔ
singkit	s ɪ ŋ k ɪ t̪̚
singko	s i ŋ k o
singko	s ɪ ŋ k o ʔ
singkol	s ɪ ŋ k o l
singkona	s ɪ ŋ k oː n̪ ɐ
singkopa	s i ŋ k o p a
singkuhin	s ɪ ŋ k ʊ h ɪ n̪
singkuwenta	s ɪ ŋ k w ɛ n̪ t̪ ɐ
singli	s ɪ n̪ l ɪ
singsing	s ɪ n̪ s ɪ ŋ
sinigang	s ɪ n̪ ɪ ɣ a ŋ
sinigurado	s ɪ n̪ ɪ ɣ ʊ ɾ aː d̪ o
sinigwelas	s ɪ n̪ ɪ ɡ w ɛː l ɐ s
sinili	s ɪ n̪ ɪ l ɪ
sining	s iː n̪ ɪ ŋ
sinipete	s ɪ n̪ ɪ p ɛː t̪ ɛ
sinipit	s ɪ n̪ iː p ɪ t̪̚
sinipit	s ɪ n̪ ɪ p ɪ t̪̚
sinipite	s ɪ n̪ ɪ p iː t̪ ɛ
sinisa	s ɪ n̪ iː s ɐ
sinisera	s ɪ n̪ ɪ s ɛː ɾ ɐ
sinisero	s ɪ n̪ ɪ s ɛː ɾ o
sinisigurado	s ɪ n̪ ɪ s ɪ ɣ ʊ ɾ aː d̪ o
sinkuwenta	s ɪ ŋ k w ɛ n̪ t̪ ɐ
sino	s iː n̪ o
sinok	s ɪ n̪ o k̚
sinop	s iː n̪ o p̚
sinsay	s ɪ n̪ s a ɪ̯
sinsin	s ɪ n̪ s ɪ n̪
sinsing	s ɪ n̪ s ɪ ŋ
sinsoro	s ɪ n̪ s oː ɾ o
sinta	s ɪ n̪ t̪ a
sinta	s ɪ n̪ t̪ a ʔ
sintabi	s ɪ n̪ t̪ aː b ɪ ʔ
sintang	s ɪ n̪ t̪ a ŋ
sintas	s ɪ n̪ t̪ a s
sinto	s ɪ n̪ t̪ o ʔ
sintog	s ɪ n̪ t̪ o ɡ̚
sintomas	s i n̪ t̪ o m a s
sintomas	s ɪ n̪ t̪ oː m ɐ s
sintones	s ɪ n̪ t̪ oː n̪ ɛ s
sintonis	s ɪ n̪ t̪ oː n̪ ɪ s
sintores	s ɪ n̪ t̪ oː ɾ ɛ s
sintunado	s ɪ n̪ t̪ ʊ n̪ aː d̪ o
sintunis	s ɪ n̪ t̪ uː n̪ ɪ s
sinturis	s ɪ n̪ t̪ uː ɾ ɪ s
sinturon	s ɪ n̪ t̪ ʊ ɾ o n̪
sinukin	s ɪ n̪ uː x ɪ n̪
sinukin	s ɪ n̪ ʊ x ɪ n̪
sinukmani	s ɪ n̪ ʊ k m aː n̪ ɪ ʔ
sinulaman	s ɪ n̪ ʊ l aː m ɐ n̪
sinulid	s ɪ n̪ uː l ɪ d̪̚
sinuliran	s iː n̪ ʊ l ɪ ɾ a n̪
sinuliran	s ɪ n̪ ʊ l iː ɾ ɐ n̪
sinuman	s iː n̪ ʊ m a n̪
sinumbilang	s ɪ n̪ ʊ m b iː l ɐ ŋ
sinumpaan	s ɪ n̪ ʊ m p ɐ ʔ a n̪
sinungaling	s ɪ n̪ ʊ ŋ aː l ɪ ŋ
sinupin	s ɪ n̪ uː p ɪ n̪
sinway	s ɪ n̪ w a ɪ̯
sinyor	s ɪ n ɲ o ɾ
sinyor	s ɪ n̪ j o ɾ
sinyora	s ɪ n ɲ oː ɾ ɐ
sinyora	s ɪ n̪ j oː ɾ ɐ
sinyuldiya	s ɪ n ɲ ʊ l d͡ʒ a
sinyuldiya	s ɪ n̪ j ʊ l d̪ j a
siomai	s j oː m a ɪ̯
siomai	ʃ oː m a ɪ̯
siopao	s j oː p a ʊ̯
siopao	ʃ oː p a ʊ̯
sipa	s iː p ɐ ʔ
sipa	s ɪ p a ʔ
sipag	s iː p ɐ ɡ̚
sipagin	s ɪ p aː ɣ ɪ n̪
sipain	s ɪ p aː ʔ ɪ n̪
sipak	s ɪ p a k̚
sipat	s iː p ɐ t̪̚
sipatin	s ɪ p aː t̪ ɪ n̪
sipay	s ɪ p a ɪ̯
sipero	s ɪ p ɛː ɾ o
siphaw	s ɪ p h a ʊ̯
siphayo	s ɪ p h aː j o ʔ
siphayo	s ɪ p h ɐ j o ʔ
sipi	s iː p ɪ ʔ
sipi	s ɪ p ɪ ʔ
sipilis	s iː p ɪ l ɪ s
sipilyo	s ɪ p i l j o
siping	s iː p ɪ ŋ
sipit	s iː p ɪ t̪̚
sipitin	s ɪ p iː t̪ ɪ n̪
sipnayan	s ɪ p n̪ aː j ɐ n̪
sipol	s iː p o l
sipon	s ɪ p o n̪
sipot	s ɪ p o t̪̚
sipra	s i p ɾ ɐ
sipres	s ɪ p ɾ ɛ s
sipsip	s ɪ p s ɪ p̚
sipunin	s iː p uː n̪ ɪ n̪
sipunin	s ɪ p ʊ n̪ ɪ n̪
sira	s iː ɾ ɐ ʔ
sira	s ɪ ɾ a ʔ
siraan	s ɪ ɾ aː ʔ ɐ n̪
siraan	s ɪ ɾ ɐ ʔ a n̪
sirain	s ɪ ɾ aː ʔ ɪ n̪
sirain	s ɪ ɾ ɐ ʔ ɪ n̪
siraulo	s ɪ ɾ ɐ ʔ uː l o
sirena	s ɪ ɾ ɛː n̪ ɐ
sirimiyas	s ɪ ɾ ɪ m iː j ɐ s
sirit	s iː ɾ ɪ t̪̚
sirkito	s i ɾ k ɪ t̪ o
sirkon	s i ɾ k o n̪
sirkulasyon	s ɪ ɾ k ʊ l ɐ s j o n̪
sirkulasyon	s ɪ ɾ k ʊ l ɐ ʃ o n̪
sirkumperensiya	s ɪ ɾ k ʊ m p ɛ ɾ ɛ n̪ s j ɐ
sirkumperensiya	s ɪ ɾ k ʊ m p ɛ ɾ ɛ n̪ ʃ ɐ
sirkunstansiya	s ɪ ɾ k ʊ n̪ s t̪ a n̪ s j ɐ
sirkunstansiya	s ɪ ɾ k ʊ n̪ s t̪ a n̪ ʃ ɐ
sirkuwito	s ɪ ɾ k w iː t̪ o
siruhano	s ɪ ɾ ʊ h aː n̪ o
siruhiya	s ɪ ɾ ʊ h iː j ɐ
sirup	s iː ɾ ʊ p̚
sirwelas	s ɪ ɾ w ɛː l ɐ s
siryales	s ɪ ɾ j aː l ɛ s
siryales	s ɪ ɾ j ɐ l ɛ s
sisante	s ɪ s a n̪ t̪ ɛ
sisantehin	s ɪ s a n̪ t̪ ɛ h ɪ n̪
sisay	s iː s a ɪ̯
sisenta	s ɪ s ɛ n̪ t̪ ɐ
sisi	s iː s ɛ
sisi	s iː s ɪ
sisid	s iː s ɪ d̪̚
sisidlan	s iː s ɪ d̪ l̪ a n̪
sisidlan	s ɪ s ɪ d̪ l̪ a n̪
sisig	s iː s ɪ ɡ̚
sisig	s ɪ s ɪ ɡ̚
sisiguraduhin	s ɪ s ɪ ɣ ʊ ɾ ɐ d̪ uː h ɪ n̪
sisihan	s ɪ s ɪ h a n̪
sisihin	s ɪ s iː h ɪ n̪
sisikat	s iː s iː x ɐ t̪̚
sisikat	s ɪ s iː x ɐ t̪̚
sisil	s ɪ s ɪ l
sisiliran	s iː s ɪ l ɪ ɾ a n̪
sisiliran	s ɪ s ɪ l ɪ ɾ a n̪
sisilog	s iː s ɪ l o ɡ̚
sisip	s ɪ s ɪ p̚
sisiw	s iː s ɪ ʊ̯
sisiwa	s ɪ s iː w ɐ
sisiyo	s ɪ s iː j o
sismatiko	s ɪ s m aː t̪ ɪ x o
sismiko	s i s m ɪ x o
sismolohiya	s ɪ s m o l o h iː j ɐ
sismometro	s ɪ s m o m ɛː t̪ ɾ o
sismometro	s ɪ s m oː m ɛ t̪ ɾ o
sisne	s i s n̪ ɛ
siso	s iː s o
sistema	s ɪ s t̪ ɛː m ɐ
sistematiko	s ɪ s t̪ ɛ m aː t̪ ɪ x o
sistemiko	s ɪ s t̪ ɛː m ɪ x o
sita	s iː t̪ ɐ
sita	s ɪ t̪ a
sitasyon	s ɪ t̪ ɐ s j o n̪
sitasyon	s ɪ t̪ ɐ ʃ o n̪
sitaw	s iː t̪ a ʊ̯
sitenta	s ɪ t̪ ɛ n̪ t̪ ɐ
sitha	s ɪ t̪ h a ʔ
sitolohiya	s ɪ t̪ o l o h iː j ɐ
sitsaron	s ɪ t t͡ʃ ɐ ɾ o n̪
sitsaron	s ɪ t̪ s ɐ ɾ o n̪
sitse	s ɪ t t͡ʃ ɛ
sitse	s ɪ t̪ s ɛ
sitsirika	s ɪ t t͡ʃ ɪ ɾ iː x ɐ
sitsirika	s ɪ t̪ s ɪ ɾ iː x ɐ
sitsirya	s ɪ t t͡ʃ i ɾ j ɐ
sitsirya	s ɪ t t͡ʃ ɪ ɾ j a
sitsirya	s ɪ t̪ s i ɾ j ɐ
sitsirya	s ɪ t̪ s ɪ ɾ j a
sitwasyon	s ɪ t̪ w ɐ s j o n̪
sitwasyon	s ɪ t̪ w ɐ ʃ o n̪
sityo	s i t̪ j o
sityo	s iː t͡ʃ o
siwalat	s ɪ w aː l ɐ t̪̚
siwalat	s ɪ w ɐ l a t̪̚
siwang	s iː w ɐ ŋ
siya	s iː j ɐ
siya	s j a
siya	ʃ a
siyaho	s j aː h o
siyaho	ʃ aː h o
siyak	s j a k̚
siyakoy	s j aː x o ɪ̯
siyakoy	ʃ aː x o ɪ̯
siyam	s j a m
siyam	ʃ a m
siyamnapu	s j a m n̪ ɐ p ʊ ʔ
siyamnapu	ʃ a m n̪ ɐ p ʊ ʔ
siyamnaraan	s j a m n̪ ɐ ɾ ɐ ʔ a n̪
siyamnaraan	ʃ a m n̪ ɐ ɾ ɐ ʔ a n̪
siyampu	s j a m p ʊ
siyampu	ʃ a m p ʊ
siyanga	s j ɐ ŋ a ʔ
siyanga	ʃ ɐ ŋ a ʔ
siyano	s j aː n̪ o ʔ
siyano	ʃ aː n̪ o ʔ
siyansi	s j ɐ n̪ s ɪ
siyansi	ʃ ɐ n̪ s ɪ
siyantung	s j a n̪ t̪ ʊ ŋ
siyantung	ʃ a n̪ t̪ ʊ ŋ
siyap	s j a p̚
siyap	ʃ a p̚
siyasat	s j aː s ɐ t̪̚
siyasatan	s iː j ɐ s ɐ t̪ a n̪
siyasatan	s j ɐ s aː t̪ ɐ n̪
siyasatan	ʃ ɐ s aː t̪ ɐ n̪
siyasig	s j aː s ɪ ɡ̚
siyasik	s j aː s ɪ k̚
siyasip	s j aː s ɪ p̚
siyemay	s j ɛː m a ɪ̯
siyemay	ʃ ɛː m a ɪ̯
siyempre	s j ɛ m p ɾ ɛ
siyempre	ʃ ɛ m p ɾ ɛ
siyena	s j ɛː n̪ ɐ
siyena	ʃ ɛː n̪ ɐ
siyensiya	s j ɛ n̪ s j ɐ
siyensiya	ʃ ɛ n̪ ʃ ɐ
siyentipiko	s j ɛ n̪ t̪ iː p ɪ x o
siyentipiko	ʃ ɛ n̪ t̪ iː p ɪ x o
siyentista	s j ɛ n̪ t̪ i s t̪ ɐ
siyentista	ʃ ɛ n̪ t̪ i s t̪ ɐ
siyento	s j ɛ n̪ t̪ o
siyento	ʃ ɛ n̪ t̪ o
siyesta	s j ɛ s t̪ ɐ
siyesta	ʃ ɛ s t̪ ɐ
siyete	s j ɛː t̪ ɛ
siyete	ʃ ɛː t̪ ɛ
siyetemesino	s j ɛ t̪ ɛ m ɛ s iː n̪ o
siyetemesino	ʃ ɛ t̪ ɛ m ɛ s iː n̪ o
siyobe	s j oː b ɛ
siyobe	ʃ oː b ɛ
siyok	s j o k̚
siyoki	s j oː x ɪ ʔ
siyoki	ʃ oː x ɪ ʔ
siyokla	s j o k l a ʔ
siyokla	ʃ o k l a ʔ
siyokot	s j o x o t̪̚
siyokot	s j oː x o t̪̚
siyokot	ʃ o x o t̪̚
siyokot	ʃ oː x o t̪̚
siyokoy	s j oː x o ɪ̯
siyokoy	ʃ oː x o ɪ̯
siyoktong	s j o k t̪ o ŋ
siyoktong	ʃ o k t̪ o ŋ
siyomay	s j oː m a ɪ̯
siyomay	ʃ oː m a ɪ̯
siyopaw	s j oː p a ʊ̯
siyopaw	ʃ oː p a ʊ̯
siyota	s j oː t̪ ɐ ʔ
siyota	ʃ oː t̪ ɐ ʔ
siyoti	s j oː t̪ ɪ
siyoti	ʃ oː t̪ ɪ
siyudad	s j ʊ d̪ a d̪̚
siyudad	ʃ ʊ d̪ a d̪̚
siyurbol	s j u ɾ b o l
siyurbol	ʃ u ɾ b o l
siyurpit	s j u ɾ p ɪ t̪̚
siyurpit	ʃ u ɾ p ɪ t̪̚
siyuting	s j uː t̪ ɪ ŋ
siyuting	ʃ uː t̪ ɪ ŋ
slang	ʔ ɪ s l a ŋ
so	s o
so	s o ʊ̯
soberania	s o b ɛ ɾ ɐ n̪ iː j ɐ
soberanidad	s o b ɛ ɾ ɐ n̪ ɪ d̪ a d̪̚
soberaniya	s o b ɛ ɾ ɐ n̪ iː j ɐ
soberano	s o b ɛ ɾ aː n̪ o
soberanya	s o b ɛ ɾ a n̪ j ɐ
soberanya	s o b ɛ ɾ aː ɲ ɐ
soberenidad	s o b ɛ ɾ ɛ n̪ ɪ d̪ a d̪̚
soberenya	s o b ɛ ɾ ɛ n̪ j ɐ
soberenya	s o b ɛ ɾ ɛː ɲ ɐ
sobla	s o b l a
sobra	s o b ɾ ɐ
sobre	s oː b ɾ ɛ
sobrekarga	s oː b ɾ ɛ x a ɾ ɡ ɐ
sobrepelis	s o b ɾ ɛ p ɛ l ɪ s
sobrepelyis	s o b ɾ ɛ p ɛ l j ɪ s
sodiyako	s o d̪ iː j ɐ x o
sodyak	s o d̪ j ɐ k̚
sodyak	s oː d͡ʒ ɐ k̚
sodyako	s o d d͡ʒ aː x o
sodyako	s o d̪ j aː x o
solapa	s o l aː p ɐ
solb	s o l b
solenoyde	s o l ɛ n̪ o ɪ̯ d̪ ɛ
soli	s oː l ɛ ʔ
soli	s oː l ɪ ʔ
solideo	s o l ɪ d̪ ɛː j o
solido	s o l iː d̪ o
solido	s oː l ɪ d̪ o
solihiya	s o l ɪ h iː j ɐ
solihiya	s o l ɪ h j a
solipsismo	s o l ɪ p s i s m o
solisitor	s o l iː s ɪ t̪ o ɾ
solista	s o l i s t̪ ɐ
solo	s oː l o
soloista	s o l o w i s t̪ ɐ
solowista	s o l o w i s t̪ ɐ
solstisyo	s o l s t̪ i s j o
solstisyo	s o l s t̪ iː ʃ o
soltada	s o l t̪ aː d̪ ɐ
soltador	s o l t̪ ɐ d̪ o ɾ
soluhin	s o l uː h ɪ n̪
solusyon	s o l ʊ s j o n̪
solusyon	s o l ʊ ʃ o n̪
sombi	s o m b ɪ
sombrero	s o m b ɾ ɛː ɾ o
soologo	s o ʔ oː l o ɣ o
soolohiko	s o ʔ o l oː h ɪ x o
soolohiya	s o ʔ o l o h iː j ɐ
sopa	s o p a
sopas	s oː p ɐ s
sopbol	s o p b o l
sopistikado	s o p ɪ s t̪ ɪ x aː d̪ o
soplete	s o p l ɛː t̪ ɛ
sorbetes	s o ɾ b ɛː t̪ ɛ s
sori	s oː ɾ ɪ
soro	s oː ɾ o
sorpresa	s o ɾ p ɾ ɛː s ɐ
sosi	s oː s ɪ
sospetsa	s o s p ɛ t̪ s ɐ
sospetsa	s o s p ɛː t͡ʃ ɐ
sosyal	s o s j a l
sosyal	s o ʃ a l
sosyalismo	s o s j ɐ l i s m o
sosyalismo	s o ʃ ɐ l i s m o
sosyalista	s o s j ɐ l i s t̪ ɐ
sosyalista	s o ʃ ɐ l i s t̪ ɐ
sosyedad	s o s j ɛ d̪ a d̪̚
sosyedad	s o ʃ ɛ d̪ a d̪̚
sosyo	s o s j o
sosyo	s oː ʃ o
sosyolek	s o s j o l ɛ k̚
sosyolek	s oː ʃ o l ɛ k̚
sosyologo	s o s j oː l o ɣ o
sosyologo	s o ʃ oː l o ɣ o
sosyolohiya	s o s j o l o h iː j ɐ
sosyolohiya	s o s j o l oː h j ɐ
sosyolohiya	s o ʃ o l o h iː j ɐ
sosyolohiya	s o ʃ o l oː h j ɐ
sota	s oː t̪ ɐ
sotana	s o t̪ aː n̪ ɐ
sotanghon	s oː t̪ ɐ ŋ h o n̪
sotsoa	s o t̪ s o w a
sotsoa	s oː t͡ʃ o w a
sotsowa	s o t̪ s o w a
sotsowa	s oː t͡ʃ o w a
sotsua	s oː t͡s w ɐ
sotsua	s oː t͡ʃ w ɐ
sotsuwa	s oː t͡s w ɐ
sotsuwa	s oː t͡ʃ w ɐ
sotswa	s o t̪ s w ɐ
sotswa	s o t͡ʃ w ɐ
spakol	ʔ ɪ s p ɐ x o l
spamsilog	ʔ ɪ s p ɐ m s ɪ l o ɡ̚
starbs	ʔ ɪ s t̪ a ɹ b s
stariray	ʔ ɪ s t̪ ɐ ɾ iː ɾ a ɪ̯
stirera	ʔ ɪ s t̪ ɪ ɾ ɛː ɾ ɐ
stirero	ʔ ɪ s t̪ ɪ ɾ ɛː ɾ o
strikto	ʔ ɪ s t̪ ɾ ɪ k t̪ o
suam	s uː ʔ ɐ m
suam	s w a m
suang	s uː ʔ ɐ ŋ
subali	s ʊ b aː l ɪ ʔ
subalit	s ʊ b aː l ɪ t̪̚
subasko	s ʊ b a s k o
subasob	s ʊ b aː s o b̚
subasob	s ʊ b ɐ s o b̚
subasta	s ʊ b a s t̪ ɐ
subaybay	s ʊ b a ɪ̯ b a ɪ̯
subersibo	s ʊ b ɛ ɾ s iː b o
subhetibismo	s ʊ b h ɛ t̪ ɪ b i s m o
subida	s ʊ b iː d̪ ɐ
subido	s ʊ b iː d̪ o
subla	s ʊ b l a
submarino	s ʊ b m ɐ ɾ iː n̪ o
subo	s uː b o ʔ
subo	s ʊ b o
subo	s ʊ b o ʔ
subok	s uː b o k̚
subok	s ʊ b o k̚
subsidiya	s ʊ b s iː d̪ j ɐ
subsidiya	s ʊ b s iː d͡ʒ ɐ
subsidiya	s ʊ b s ɪ d̪ iː j ɐ
subsidya	s ʊ b s i d̪ j ɐ
subsidya	s ʊ b s iː d͡ʒ ɐ
subsidyo	s ʊ b s i d̪ j o
subsidyo	s ʊ b s iː d͡ʒ o
subsob	s ʊ b s o b̚
subtitulo	s ʊ b t̪ iː t̪ ʊ l o
subtraksiyon	s ʊ b t̪ ɾ a k s j o n̪
subtraksiyon	s ʊ b t̪ ɾ a k ʃ o n̪
subtraksiyon	s ʊ b t̪ ɾ ɐ k s j o n̪
subtraksiyon	s ʊ b t̪ ɾ ɐ k ʃ o n̪
subtraksyon	s ʊ b t̪ ɾ a k s j o n̪
subtraksyon	s ʊ b t̪ ɾ a k ʃ o n̪
subtraksyon	s ʊ b t̪ ɾ ɐ k s j o n̪
subtraksyon	s ʊ b t̪ ɾ ɐ k ʃ o n̪
subukan	s ʊ b uː x ɐ n̪
subukan	s ʊ b ʊ x a n̪
subyang	s ʊ b j a ŋ
sudeste	s ʊ d̪ ɛ s t̪ ɛ
sudlan	s ʊ d̪ l̪ a n̪
sudoeste	s ʊ d̪ o w ɛ s t̪ ɛ
sudoweste	s ʊ d̪ o w ɛ s t̪ ɛ
sudsod	s ʊ d̪ s o d̪̚
sudsuran	s ʊ d̪ s uː ɾ ɐ n̪
sudsuran	s ʊ d̪ s ʊ ɾ a n̪
suerte	s w ɛ ɾ t̪ ɛ
suga	s uː ɣ ɐ
suga	s ʊ ɣ a ʔ
sugaan	s ʊ ɣ aː ʔ ɐ n̪
sugadagindas	s ʊ ɣ aː d̪ ɐ ɣ ɪ n̪ d̪ a s
sugadagitban	s ʊ ɣ ɐ d̪ ɐ ɣ ɪ t̪ b a n̪
sugal	s ʊ ɣ a l
sugalan	s uː ɣ aː l ɐ n̪
sugalan	s ʊ ɣ ɐ l a n̪
suganda	s ʊ ɣ ɐ n̪ d̪ a
sugapa	s ʊ ɣ aː p ɐ ʔ
sugapa	s ʊ ɣ ɐ p a ʔ
sugarol	s ʊ ɣ ɐ ɾ o l
sugasipat	s ʊ ɣ aː s iː p ɐ t̪̚
sugasukod	s ʊ ɣ aː s uː x o d̪̚
sugat	s uː ɣ ɐ t̪̚
sugat	s ʊ ɣ a t̪̚
sugba	s ʊ ɡ b a
sugbulog	s ʊ ɡ b uː l o ɡ̚
sughaynayan	s ʊ ɡ h a ɪ̯ n̪ aː j ɐ n̪
sugi	s uː ɣ ɪ ʔ
suglaguman	s ʊ ɡ l aː ɣ uː m ɐ n̪
sugnay	s ʊ ɡ n̪ a ɪ̯
sugnayan	s ʊ ɡ n̪ aː j ɐ n̪
sugnayanin	s ʊ ɡ n̪ ɐ j aː n̪ ɪ n̪
sugnayanon	s ʊ ɡ n̪ ɐ j aː n̪ o n̪
sugnayin	s ʊ ɡ n̪ aː j ɪ n̪
sugo	s uː ɣ o ʔ
sugod	s uː ɣ o d̪̚
sugod	s ʊ ɣ o d̪̚
sugok	s ʊ ɣ o k̚
sugpo	s ʊ ɡ p o ʔ
suha	s uː h ɐ ʔ
suha	s ʊ h a ʔ
suhay	s uː h a ɪ̯
suhestiyon	s ʊ h ɛ s t̪ j o n̪
suhestiyon	s ʊ h ɛ s t͡ʃ o n̪
suhestyon	s ʊ h ɛ s t̪ j o n̪
suhestyon	s ʊ h ɛ s t͡ʃ o n̪
suhi	s ʊ h ɪ ʔ
suhol	s uː h o l
suhulan	s ʊ h uː l ɐ n̪
suhulan	s ʊ h ʊ l a n̪
suhur	s ʊ h ʊ ɾ
suka	s uː x ɐ
suka	s uː x ɐ ʔ
suka	s ʊ x a
sukal	s uː x ɐ l
sukat	s uː x ɐ t̪̚
sukat	s ʊ x a t̪̚
sukbit	s ʊ k b ɪ t̪̚
sukdan	s ʊ k d̪ a n̪
sukdol	s ʊ k d̪ o l
sukdulan	s ʊ k d̪ uː l ɐ n̪
sukdulan	s ʊ k d̪ ʊ l a n̪
sukdusik	s ʊ k d̪ uː s ɪ k̚
sukgisan	s ʊ k ɡ iː s ɐ n̪
suki	s uː x ɪ ʔ
sukiyaki	s ʊ k j aː x ɪ
suklam	s ʊ k l a m
suklay	s ʊ k l a ɪ̯
sukli	s ʊ k l ɪ ʔ
suklob	s ʊ k l o b̚
sukmani	s ʊ k m aː n̪ ɪ ʔ
suko	s uː x o ʔ
suko	s ʊ x o
suko	s ʊ x o ʔ
sukob	s uː x o b̚
sukod	s uː x o d̪̚
sukol	s uː x o l
sukol	s ʊ x o l
sukong	s uː x o ŋ
sukot	s uː x o t̪̚
suksok	s ʊ k s o k̚
sukuyuli	s ʊ x ʊ j uː l ɪ
sula	s uː l ɐ ʔ
sula	s ʊ l a ʔ
sulak	s ʊ l a k̚
sulake	s ʊ l aː x ɛ
sulam	s uː l ɐ m
sulaman	s ʊ l aː m ɐ n̪
sulapid	s ʊ l aː p ɪ d̪̚
sulasi	s ʊ l aː s ɪ
sulasok	s ʊ l aː s o k̚
sulat	s uː l ɐ t̪̚
sulatan	s uː l aː t̪ ɐ n̪
sulatan	s ʊ l aː t̪ ɐ n̪
sulatan	s ʊ l ɐ t̪ a n̪
sulatin	s ʊ l aː t̪ ɪ n̪
sulatin	s ʊ l ɐ t̪ ɪ n̪
sulatroniko	s ʊ l ɐ t̪ ɾ oː n̪ ɪ x o
sulayaw	s ʊ l aː j a ʊ̯
sulib	s ʊ l ɪ b̚
sulid	s uː l ɪ d̪̚
sulidlawas	s ʊ l ɪ d̪ l̪ aː w ɐ s
suligi	s ʊ l iː ɣ ɪ ʔ
sulihia	s ʊ l ɪ h iː j ɐ
sulihiya	s ʊ l ɪ h iː j ɐ
sulihiya	s ʊ l ɪ h j a
sulikap	s ʊ l iː x ɐ p̚
sulinaw	s ʊ l iː n̪ a ʊ̯
suliran	s ʊ l ɪ ɾ a n̪
suliranin	s uː l ɪ ɾ ɐ n̪ ɪ n̪
suliranin	s ʊ l ɪ ɾ aː n̪ ɪ n̪
sulit	s uː l ɪ t̪̚
sulit	s ʊ l ɪ t̪̚
sulitin	s ʊ l iː t̪ ɪ n̪
sulo	s ʊ l o
sulo	s ʊ l o ʔ
sulok	s uː l o k̚
sulong	s uː l o ŋ
suloy	s uː l o ɪ̯
sulsi	s ʊ l s ɪ
sulsol	s ʊ l s o l
sultan	s ʊ l t̪ a n̪
sultana	s ʊ l t̪ aː n̪ ɐ
sultanato	s ʊ l t̪ ɐ n̪ aː t̪ o
sulukasok	s ʊ l ʊ x aː s o k̚
sulupanak	s ʊ l ʊ p aː n̪ ɐ k̚
sulupanaka	s ʊ l ʊ p ɐ n̪ aː x ɐ ʔ
sulyak	s ʊ l j a k̚
sulyang	s ʊ l j a ŋ
sulyap	s ʊ l j a p̚
sulyasid	s ʊ l j aː s ɪ d̪̚
sulyaw	s ʊ l j a ʊ̯
suma	s uː m ɐ
suma	s uː m ɐ ʔ
sumabat	s ʊ m ɐ b a t̪̚
sumabog	s ʊ m aː b o ɡ̚
sumadiyos	s ʊ m ɐ d̪ j o s
sumadiyos	s ʊ m ɐ d͡ʒ o s
sumadsad	s ʊ m ɐ d̪ s a d̪̚
sumagadsad	s ʊ m ɐ ɣ ɐ d̪ s a d̪̚
sumagitsit	s ʊ m ɐ ɣ ɪ t̪ s ɪ t̪̚
sumagot	s ʊ m ɐ ɣ o t̪̚
sumahimpapawid	s ʊ m ɐ h ɪ m p ɐ p ɐ w ɪ d̪̚
sumaibabaw	s ʊ m ɐ ʔ ɪ b aː b a ʊ̯
sumailalim	s ʊ m ɐ ʔ ɪ l aː l ɪ m
sumaisip	s ʊ m ɐ ʔ iː s ɪ p̚
sumakaalaman	s ʊ m ɐ x ɐ ʔ ɐ l aː m ɐ n̪
sumakaalaman	s ʊ m ɐ x ɐ ʔ ɐ l ɐ m a n̪
sumakalunuran	s ʊ m ɐ x ɐ l ʊ n̪ uː ɾ ɐ n̪
sumakay	s ʊ m ɐ x a ɪ̯
sumakit	s ʊ m ɐ x ɪ t̪̚
sumaksak	s ʊ m ɐ k s a k̚
sumakses	s ʊ m ɐ k s ɛ s
sumalahat	s ʊ m ɐ l ɐ h a t̪̚
sumalamin	s ʊ m ɐ l ɐ m ɪ n̪
sumalangit	s ʊ m ɐ l aː ŋ ɪ t̪̚
sumalapang	s ʊ m ɐ l ɐ p a ŋ
sumalapaw	s ʊ m ɐ l aː p a ʊ̯
sumalisi	s ʊ m ɐ l ɪ s ɪ
sumalpok	s ʊ m ɐ l p o k̚
sumama	s ʊ m aː m ɐ
sumama	s ʊ m ɐ m a ʔ
sumampalataya	s ʊ m ɐ m p ɐ l ɐ t̪ aː j ɐ
suman	s uː m ɐ n̪
sumangayon	s ʊ m ɐ ŋ ʔ aː j o n̪
sumapanganib	s ʊ m ɐ p ɐ ŋ aː n̪ ɪ b̚
sumapayapa	s ʊ m ɐ p ɐ j aː p ɐ ʔ
sumasaibabaw	s ʊ m aː s ɐ ʔ ɪ b aː b a ʊ̯
sumasalangit	s ʊ m aː s ɐ l aː ŋ ɪ t̪̚
sumasampalataya	s ʊ m aː s ɐ m p ɐ l ɐ t̪ aː j ɐ
sumatotal	s uː m ɐ t̪ o t̪ a l
sumatotal	s ʊ m ɐ t̪ o t̪ a l
sumaya	s ʊ m aː j ɐ
sumaya	s ʊ m ɐ j a
sumayaw	s ʊ m ɐ j a ʊ̯
sumbali	s ʊ m b aː l ɪ
sumbalilo	s ʊ m b ɐ l iː l o
sumbi	s ʊ m b ɪ ʔ
sumbilang	s ʊ m b iː l ɐ ŋ
sumbo	s ʊ m b o
sumbong	s ʊ m b o ŋ
sumbrero	s ʊ m b ɾ ɛː ɾ o
sumbungera	s ʊ m b ʊ ŋ ɛː ɾ ɐ
sumbungero	s ʊ m b ʊ ŋ ɛː ɾ o
sumeksi	s ʊ m ɛ k s ɪ
sumemplang	s ʊ m ɛ m p l ɐ ŋ
sumigwa	s ʊ m ɪ ɡ w a
sumikat	s ʊ m iː x ɐ t̪̚
sumikip	s ʊ m ɪ x ɪ p̚
sumilang	s ʊ m iː l ɐ ŋ
sumilip	s ʊ m iː l ɪ p̚
sumimangot	s ʊ m ɪ m aː ŋ o t̪̚
suminga	s ʊ m ɪ ŋ a
sumingaw	s ʊ m ɪ ŋ a ʊ̯
suminta	s ʊ m ɪ n̪ t̪ a
sumipsip	s ʊ m ɪ p s ɪ p̚
sumisid	s ʊ m iː s ɪ d̪̚
sumisikat	s ʊ m iː s iː x ɐ t̪̚
sumisikat	s ʊ m ɪ s iː x ɐ t̪̚
sumite	s ʊ m ɪ t̪ ɛ
sumpa	s u m p ɐ
sumpa	s ʊ m p a ʔ
sumpaan	s ʊ m p ɐ ʔ a n̪
sumpak	s ʊ m p a k̚
sumpit	s ʊ m p ɪ t̪̚
sumpong	s ʊ m p o ŋ
sumugal	s ʊ m ʊ ɣ a l
sumuka	s ʊ m uː x ɐ
sumulat	s ʊ m uː l ɐ t̪̚
sumulong	s ʊ m uː l o ŋ
sumulsol	s ʊ m ʊ l s o l
sumunod	s ʊ m ʊ n̪ o d̪̚
sumunor	s ʊ m ʊ n̪ o ɾ
sumuong	s ʊ m ʊ ʔ o ŋ
sumusulat	s ʊ m ʊ s uː l ɐ t̪̚
sumuway	s ʊ m w a ɪ̯
sunat	s ʊ n̪ a t̪̚
sundalo	s ʊ n̪ d̪ aː l o
sundan	s ʊ n̪ d̪ a n̪
sundang	s ʊ n̪ d̪ a ŋ
sunday	s ʊ n̪ d̪ a ɪ̯
sundin	s ʊ n̪ d̪ ɪ n̪
sundo	s ʊ n̪ d̪ o ʔ
sundong	s ʊ n̪ d̪ o ŋ
sundot	s ʊ n̪ d̪ o t̪̚
sungal	s ʊ ŋ a l
sungalngal	s ʊ ŋ ɐ l ŋ a l
sungalngalin	s ʊ ŋ ɐ l ŋ ɐ l ɪ n̪
sungaw	s uː ŋ a ʊ̯
sungaw	s ʊ ŋ a ʊ̯
sungay	s uː ŋ a ɪ̯
sunggab	s ʊ ŋ ɡ a b̚
sunggaban	s ʊ ŋ ɡ ɐ b a n̪
sunggo	s ʊ ŋ ɡ o
sunggo	s ʊ ŋ ɡ o ʔ
sungi	s uː ŋ ɪ ʔ
sungi	s ʊ ŋ ɪ ʔ
sungit	s uː ŋ ɛ t̪̚
sungit	s uː ŋ ɪ t̪̚
sungka	s u ŋ k ɐ
sungka	s ʊ ŋ k a ʔ
sungki	s ʊ ŋ k ɪ ʔ
sungkit	s ʊ ŋ k ɪ t̪̚
sungko	s ʊ ŋ k o ʔ
sungkol	s ʊ ŋ k o l
sungo	s ʊ ŋ o
sungsong	s ʊ n̪ s o ŋ
sunlad	s ʊ n̪ l a d̪̚
sunna	s uː n̪ ɐ
sunod	s ʊ n̪ o d̪̚
sunog	s uː n̪ o ɡ̚
sunog	s ʊ n̪ o ɡ̚
sunok	s ʊ n̪ o k̚
sunor	s ʊ n̪ o ɾ
sunran	s ʊ n̪ ɾ a n̪
sunro	s ʊ n̪ ɾ o ʔ
sunson	s ʊ n̪ s o n̪
sunsong	s ʊ n̪ s o ŋ
suntok	s ʊ n̪ t̪ o k̚
suntukan	s ʊ n̪ t̪ uː x ɐ n̪
suntukin	s ʊ n̪ t̪ ʊ x ɪ n̪
sunugin	s ʊ n̪ uː ɣ ɪ n̪
sunungaling	s ʊ n̪ ʊ ŋ aː l ɪ ŋ
sunuran	s uː n̪ uː ɾ ɐ n̪
sunuran	s ʊ n̪ ʊ ɾ a n̪
sunurin	s ʊ n̪ ʊ ɾ ɪ n̪
suob	s uː ʔ o b̚
suob	s ʊ ʔ o b̚
suoban	s ʊ ʔ o b a n̪
suong	s uː ʔ o ŋ
suong	s ʊ ʔ o ŋ
suongin	s ʊ ʔ o ŋ ɪ n̪
suot	s uː ʔ o t̪̚
suot	s ʊ ʔ o t̪̚
superbagyo	s uː p ɛ ɾ b ɐ ɡ j o
superbisor	s ʊ p ɛ ɾ b ɪ s o ɾ
superbisyon	s ʊ p ɛ ɾ b ɪ s j o n̪
superbisyon	s ʊ p ɛ ɾ b ɪ ʃ o n̪
superintendente	s ʊ p ɛ ɾ ɪ n̪ t̪ ɛ n̪ d̪ ɛ n̪ t̪ ɛ
superyora	s ʊ p ɛ ɾ j oː ɾ ɐ
superyoridad	s ʊ p ɛ ɾ j o ɾ ɪ d̪ a d̪̚
supil	s uː p ɪ l
supil	s ʊ p ɪ l
supla	s ʊ p l a
suplada	s ʊ p l aː d̪ ɐ
suplado	s ʊ p l aː d̪ o
suplay	s ʊ p l a ɪ̯
suplayan	s ʊ p l ɐ j a n̪
suplayer	s ʊ p l aː j ɛ ɾ
suplete	s ʊ p l ɛː t̪ ɛ
suplikasyon	s ʊ p l ɪ x ɐ s j o n̪
suplikasyon	s ʊ p l ɪ x ɐ ʃ o n̪
suplina	s ʊ p l iː n̪ ɐ
supling	s ʊ p l ɪ ŋ
suplong	s ʊ p l o ŋ
supok	s uː p o k̚
supok	s ʊ p o k̚
suporta	s ʊ p o ɾ t̪ ɐ
suportado	s ʊ p o ɾ t̪ aː d̪ o
suportahan	s ʊ p o ɾ t̪ ɐ h a n̪
supositoryo	s ʊ p o s ɪ t̪ o ɾ j o
supot	s uː p o t̪̚
supot	s ʊ p o t̪̚
suprahista	s ʊ p ɾ ɐ h i s t̪ ɐ
suprahiyo	s ʊ p ɾ aː h j o
suprema	s ʊ p ɾ ɛː m ɐ
supremo	s ʊ p ɾ ɛː m o
supsop	s ʊ p s o p̚
sur	s ʊ ɾ
sura	s uː ɾ ɐ
sura	s uː ɾ ɐ ʔ
sura	s ʊ ɾ a
surah	s uː ɾ ɐ
suri	s uː ɾ ɪ ʔ
surian	s ʊ ɾ iː ʔ ɐ n̪
surian	s ʊ ɾ ɪ ʔ a n̪
surimbangkay	s uː ɾ ɪ m b ɐ ŋ k a ɪ̯
suriso	s ʊ ɾ iː s o
suro	s uː ɾ o ʔ
surot	s uː ɾ o t̪̚
surotso	s ʊ ɾ o t̪ s o
surotso	s ʊ ɾ oː t͡ʃ o
surpresa	s ʊ ɾ p ɾ ɛː s ɐ
surtido	s ʊ ɾ t̪ iː d̪ o
surutso	s ʊ ɾ u t̪ s o
surutso	s ʊ ɾ uː t͡ʃ o
sus	s ʊ s
susan	s uː s ɐ n̪
sushi	s u s j ɪ
sushi	s uː ʃ ɪ
susi	s uː s ɪ ʔ
susian	s ʊ s iː ʔ ɐ n̪
susian	s ʊ s ɪ ʔ a n̪
suskripsiyon	s ʊ s k ɾ ɪ p s j o n̪
suskripsiyon	s ʊ s k ɾ ɪ p ʃ o n̪
suskrisyon	s ʊ s k ɾ ɪ s j o n̪
suskrisyon	s ʊ s k ɾ ɪ ʃ o n̪
suskritor	s ʊ s k ɾ ɪ t̪ o ɾ
susmaryosep	s u s m ɐ ɾ j oː s ɛ p̚
susmaryosep	s ʊ s m ɐ ɾ j oː s ɛ p̚
suso	s uː s o
suso	s ʊ s o ʔ
susog	s uː s o ɡ̚
suson	s ʊ s o n̪
susop	s ʊ s o p̚
susot	s ʊ s o t̪̚
suspek	s a s p ɛ k̚
suspek	s u s p ɛ k̚
suspende	s ʊ s p ɛ n̪ d̪ ɛ
suspendido	s ʊ s p ɛ n̪ d̪ iː d̪ o
suspensiyon	s ʊ s p ɛ n̪ s j o n̪
suspensiyon	s ʊ s p ɛ n̪ ʃ o n̪
suspensyon	s ʊ s p ɛ n̪ s j o n̪
suspensyon	s ʊ s p ɛ n̪ ʃ o n̪
suspetsa	s ʊ s p ɛ t̪ s ɐ
suspetsa	s ʊ s p ɛː t͡ʃ ɐ
sustansiya	s ʊ s t̪ a n̪ s j ɐ
sustansiya	s ʊ s t̪ a n̪ ʃ ɐ
sustansya	s ʊ s t̪ a n̪ s j ɐ
sustansya	s ʊ s t̪ a n̪ ʃ ɐ
sustantibo	s ʊ s t̪ ɐ n̪ t̪ iː b o
sustento	s ʊ s t̪ ɛ n̪ t̪ o
susugan	s ʊ s uː ɣ ɐ n̪
susuhong	s ʊ s uː h o ŋ
susukuyuli	s ʊ s ʊ x ʊ j uː l ɪ
susulat	s ʊ s uː l ɐ t̪̚
susulbot	s ʊ s ʊ l b o t̪̚
susunod	s uː s ʊ n̪ o d̪̚
susunor	s uː s ʊ n̪ o ɾ
susuwi	s ʊ s w ɪ ʔ
suswi	s ʊ s w ɪ ʔ
sutana	s ʊ t̪ aː n̪ ɐ
sutil	s uː t̪ ɪ l
sutil	s ʊ t̪ ɪ l
sutla	s ʊ t̪ l̪ a ʔ
sutmondilaw	s ʊ t̪ m o n̪ d̪ ɪ l a ʊ̯
sutmundilaw	s ʊ t̪ m u n̪ d̪ ɪ l a ʊ̯
sutsoa	s u t̪ s o w a
sutsoa	s uː t͡ʃ o w a
sutsot	s ʊ t̪ s o t̪̚
sutsowa	s u t̪ s o w a
sutsowa	s uː t͡ʃ o w a
sutsua	s uː t͡s w ɐ
sutsua	s uː t͡ʃ w ɐ
sutsuwa	s uː t͡s w ɐ
sutsuwa	s uː t͡ʃ w ɐ
sutswa	s u t̪ s w ɐ
sutswa	s u t͡ʃ w ɐ
sutura	s ʊ t̪ uː ɾ ɐ
suuban	s ʊ ʔ ʊ b a n̪
suungin	s ʊ ʔ ʊ ŋ ɪ n̪
suwabe	s w aː b ɛ
suwag	s w a ɡ̚
suwahe	s w aː h ɛ
suwail	s w ɐ ʔ ɪ l
suwak	s uː w ɐ k̚
suwangit	s w aː ŋ ɪ t̪̚
suwapang	s w aː p ɐ ŋ
suwastika	s w a s t̪ ɪ x a
suwato	s w aː t̪ o ʔ
suway	s w a ɪ̯
suwelas	s w ɛː l ɐ s
suweldo	s w ɛ l d̪ o
suwelduhan	s w ɛ l d̪ uː h ɐ n̪
suwelduhan	s w ɛ l d̪ ʊ h a n̪
suwero	s w ɛː ɾ o
suwerte	s w ɛ ɾ t̪ ɛ
suwertehin	s w ɛ ɾ t̪ ɛ h ɪ n̪
suwertihin	s w ɛ ɾ t̪ ɪ h ɪ n̪
suweter	s w ɛː t̪ ɛ ɾ
suwipistek	s w iː p ɪ s t̪ ɛ k̚
suwipistik	s w iː p ɪ s t̪ ɪ k̚
suwipstik	s w i p s t̪ ɪ k̚
suwis	s w ɪ s
suwisidyo	s w ɪ s i d̪ j o
suwisidyo	s w ɪ s iː d͡ʒ o
suwitik	s w iː t̪ ɪ k̚
suya	s uː j ɐ ʔ
suya	s ʊ j a ʔ
suyo	s uː j o ʔ
suyod	s uː j o d̪̚
suyod	s ʊ j o d̪̚
suyor	s uː j o ɾ
suyor	s ʊ j o ɾ
suyurin	s ʊ j uː ɾ ɪ n̪
swabe	s w aː b ɛ
swak	s w a k̚
swapang	s w aː p ɐ ŋ
swastika	s w a s t̪ ɪ x a
sweldo	s w ɛ l d̪ o
swerte	s w ɛ ɾ t̪ ɛ
swswsw	s w s w s w s
sya	s j a
sya	ʃ a
syabu	s j aː b ʊ
syabu	ʃ aː b ʊ
syensya	s j ɛ n̪ s j ɐ
syensya	ʃ ɛ n̪ ʃ ɐ
syentipiko	s j ɛ n̪ t̪ iː p ɪ x o
syentipiko	ʃ ɛ n̪ t̪ iː p ɪ x o
syete	s j ɛː t̪ ɛ
syete	ʃ ɛː t̪ ɛ
syokoy	s j oː x o ɪ̯
syokoy	ʃ oː x o ɪ̯
syorpit	s j o ɾ p ɪ t̪̚
syorpit	ʃ o ɾ p ɪ t̪̚
syota	s j oː t̪ ɐ ʔ
syota	ʃ oː t̪ ɐ ʔ
syower	s j oː w ɛ ɾ
syower	ʃ oː w ɛ ɾ
t	t̪
t	t̪ a
t	t̪ ɛ
t	t̪ ɪ
ta	t̪ a ʔ
ta	t̪ ɐ
ta's	t̪ a s
taad	t̪ aː ʔ ɐ d̪̚
taad	t̪ ɐ ʔ a d̪̚
taal	t̪ aː ʔ ɐ l
taal	t̪ ɐ ʔ a l
taan	t̪ aː ʔ ɐ n̪
taan	t̪ ɐ ʔ a n̪
taas	t̪ aː ʔ ɐ s
taas	t̪ ɐ ʔ a s
taasan	t̪ ɐ ʔ aː s ɐ n̪
taasan	t̪ ɐ ʔ ɐ s a n̪
taba	t̪ ɐ b a ʔ
tabad	t̪ aː b ɐ d̪̚
tabad	t̪ ɐ b a d̪̚
tabag	t̪ aː b ɐ ɡ̚
tabak	t̪ ɐ b a k̚
tabako	t̪ ɐ b aː x o
tabakuhan	t̪ ɐ b ɐ x uː h ɐ n̪
tabal	t̪ aː b ɐ l
taban	t̪ aː b ɐ n̪
tabang	t̪ ɐ b a ŋ
tabas	t̪ aː b ɐ s
tabas	t̪ ɐ b a s
tabasko	t̪ ɐ b a s k o
tabatsing	t̪ ɐ b a t̪ s ɪ ŋ
tabatsing	t̪ ɐ b aː t͡ʃ ɪ ŋ
tabatsing	t̪ ɐ b ɐ t t͡ʃ ɪ ŋ
tabatsing	t̪ ɐ b ɐ t̪ s ɪ ŋ
tabatsingtsing	t̪ ɐ b ɐ t t͡ʃ i n̪ t͡ʃ ɪ ŋ
tabatsingtsing	t̪ ɐ b ɐ t t͡ʃ ɪ n̪ t͡ʃ ɪ ŋ
tabatsingtsing	t̪ ɐ b ɐ t̪ s i n̪ t͡s ɪ ŋ
tabatsingtsing	t̪ ɐ b ɐ t̪ s ɪ n̪ t͡s ɪ ŋ
tabatsoy	t̪ ɐ b a t̪ s o ɪ̯
tabatsoy	t̪ ɐ b aː t͡ʃ o ɪ̯
tabatsoy	t̪ ɐ b ɐ t t͡ʃ o ɪ̯
tabatsoy	t̪ ɐ b ɐ t̪ s o ɪ̯
tabaw	t̪ aː b a ʊ̯
tabayag	t̪ ɐ b aː j ɐ ɡ̚
tabayag	t̪ ɐ b ɐ j a ɡ̚
taberna	t̪ ɐ b ɛ ɾ n̪ ɐ
tabernakulo	t̪ ɐ b ɛ ɾ n̪ aː x ʊ l o
tabi	t̪ aː b ɪ ʔ
tabi	t̪ ɐ b ɛ
tabi	t̪ ɐ b ɪ
tabig	t̪ aː b ɪ ɡ̚
tabigi	t̪ ɐ b iː ɣ ɪ ʔ
tabike	t̪ ɐ b iː x ɛ
tabike	t̪ ɐ b iː x ɛ ʔ
tabil	t̪ aː b ɪ l
tabil	t̪ ɐ b ɪ l
tabing	t̪ aː b ɪ ŋ
tabingi	t̪ ɐ b ɪ ŋ ɪ ʔ
tabla	t̪ a b l ɐ
tabla	t̪ ɐ b l a
tablan	t̪ ɐ b l a n̪
tablaro	t̪ ɐ b l aː ɾ o
tablasuson	t̪ ɐ b l ɐ s ʊ s o n̪
tablaw	t̪ ɐ b l a ʊ̯
tablay	t̪ ɐ b l a ɪ̯
tablea	t̪ ɐ b l ɛː j ɐ
tablero	t̪ ɐ b l ɛː ɾ o
tabletas	t̪ ɐ b l ɛː t̪ ɐ s
tableya	t̪ ɐ b l ɛː j ɐ
tabliya	t̪ ɐ b l iː j ɐ
tabloyd	t̪ a b l o ɪ̯ d̪
tabo	t̪ aː b o ʔ
tabog	t̪ aː b o ɡ̚
tabol	t̪ aː b o l
tabon	t̪ aː b o n̪
tabon	t̪ ɐ b o n̪
taboy	t̪ ɐ b o ɪ̯
tabsik	t̪ ɐ b s ɪ k̚
tabtab	t̪ ɐ b t̪ a b̚
tabtabin	t̪ ɐ b t̪ ɐ b ɪ n̪
tabugi	t̪ ɐ b ʊ ɣ ɪ ʔ
tabugian	t̪ ɐ b ʊ ɣ ɪ ʔ a n̪
tabunan	t̪ ɐ b uː n̪ ɐ n̪
taburaw	t̪ ɐ b ʊ ɾ a ʊ̯
taburete	t̪ ɐ b ʊ ɾ ɛː t̪ ɛ
tadhana	t̪ ɐ d̪ h aː n̪ ɐ ʔ
tadhana	t̪ ɐ d̪ h ɐ n̪ a ʔ
tadlong	t̪ ɐ d̪ l̪ o ŋ
tadtad	t̪ ɐ d̪ t̪ a d̪̚
tadyak	t̪ ɐ d d͡ʒ a k̚
tadyak	t̪ ɐ d̪ j a k̚
tadyang	t̪ ɐ d d͡ʒ a ŋ
tadyang	t̪ ɐ d̪ j a ŋ
tae	t̪ aː ʔ ɛ
tae	t̪ ɐ ʔ ɛ
taeb	t̪ aː ʔ ɛ b̚
taena	t̪ aː ʔ ɛ n̪ a
taga	t̪ ɐ ɣ a ʔ
tagaangkat	t̪ ɐ ɣ ɐ ʔ ɐ ŋ k a t̪̚
tagababa	t̪ ɐ ɣ ɐ b ɐ b a ʔ
tagabantay	t̪ ɐ ɣ ɐ b ɐ n̪ t̪ a ɪ̯
tagabas	t̪ ɐ ɣ aː b ɐ s
tagabasa	t̪ ɐ ɣ ɐ b aː s ɐ
tagabukid	t̪ ɐ ɣ ɐ b uː x ɪ d̪̚
tagagamit	t̪ ɐ ɣ ɐ ɣ aː m ɪ t̪̚
tagahanga	t̪ ɐ ɣ ɐ h aː ŋ ɐ ʔ
tagahugas	t̪ ɐ ɣ ɐ h uː ɣ ɐ s
tagaigib	t̪ ɐ ɣ ɐ ʔ ɪ ɣ ɪ b̚
tagain	t̪ ɐ ɣ ɐ ʔ ɪ n̪
tagak	t̪ ɐ ɣ a k̚
tagaktak	t̪ ɐ ɣ ɐ k t̪ a k̚
tagal	t̪ ɐ ɣ a l
tagalinang	t̪ ɐ ɣ ɐ l ɪ n̪ a ŋ
tagalinis	t̪ ɐ ɣ ɐ l iː n̪ ɪ s
tagaluto	t̪ ɐ ɣ ɐ l uː t̪ o ʔ
tagamasid	t̪ ɐ ɣ ɐ m ɐ s ɪ d̪̚
tagan	t̪ ɐ ɣ a n̪
tagapaglathala	t̪ ɐ ɣ ɐ p ɐ ɡ l ɐ t̪ h aː l ɐ ʔ
tagapagligtas	t̪ ɐ ɣ ɐ p ɐ ɡ l ɪ ɡ t̪ a s
tagapaglipat	t̪ ɐ ɣ ɐ p ɐ ɡ l iː p ɐ t̪̚
tagapagluto	t̪ ɐ ɣ ɐ p ɐ ɡ l uː t̪ o ʔ
tagapagmana	t̪ ɐ ɣ ɐ p ɐ ɡ m aː n̪ ɐ
tagapagsagawa	t̪ ɐ ɣ ɐ p a ɡ s ɐ ɣ ɐ w a ʔ
tagapagsaliksik	t̪ ɐ ɣ ɐ p ɐ ɡ s ɐ l ɪ k s ɪ k̚
tagapagsalin	t̪ ɐ ɣ ɐ p ɐ ɡ s aː l ɪ n̪
tagapagsalita	t̪ ɐ ɣ ɐ p ɐ ɡ s ɐ l ɪ t̪ a ʔ
tagapagturo	t̪ ɐ ɣ ɐ p ɐ ɡ t̪ uː ɾ o ʔ
tagapakinig	t̪ ɐ ɣ ɐ p ɐ x ɪ n̪ ɪ ɡ̚
tagapamagitan	t̪ ɐ ɣ ɐ p ɐ m ɐ ɣ iː t̪ ɐ n̪
tagapamahala	t̪ ɐ ɣ ɐ p ɐ m ɐ h aː l ɐ ʔ
tagapamanihala	t̪ ɐ ɣ ɐ p ɐ m ɐ n̪ ɪ h aː l ɐ ʔ
tagapamatnubay	t̪ ɐ ɣ ɐ p ɐ m ɐ t̪ n̪ uː b a ɪ̯
tagapanayam	t̪ ɐ ɣ ɐ p ɐ n̪ aː j ɐ m
tagapanayam	t̪ ɐ ɣ ɐ p ɐ n̪ ɐ j a m
tagapangasiwa	t̪ ɐ ɣ ɐ p ɐ ŋ ɐ s iː w ɐ ʔ
tagapangulo	t̪ ɐ ɣ ɐ p ɐ ŋ uː l o
tagapayo	t̪ ɐ ɣ ɐ p aː j o
tagarito	t̪ ɐ ɣ ɐ ɾ iː t̪ o
tagariyan	t̪ ɐ ɣ ɐ ɾ j a n̪
tagaroon	t̪ ɐ ɣ ɐ ɾ o ʔ o n̪
tagas	t̪ aː ɣ ɐ s
tagasaan	t̪ ɐ ɣ ɐ s ɐ ʔ a n̪
tagasan	t̪ ɐ ɣ aː s ɐ n̪
tagasan	t̪ ɐ ɣ ɐ s a n̪
tagasaw	t̪ ɐ ɣ ɐ s a ʊ̯
tagasunod	t̪ ɐ ɣ ɐ s ʊ n̪ o d̪̚
tagasuporta	t̪ ɐ ɣ ɐ s ʊ p o ɾ t̪ ɐ
tagatuos	t̪ ɐ ɣ ɐ t̪ ʊ ʔ o s
tagay	t̪ aː ɣ a ɪ̯
tagaytay	t̪ ɐ ɣ a ɪ̯ t̪ a ɪ̯
tagbagyo	t̪ ɐ ɡ b ɐ ɡ j o
tagbik	t̪ ɐ ɡ b ɪ k̚
tagdan	t̪ ɐ ɡ d̪ a n̪
tagenggong	t̪ ɐ ɣ ɛ ŋ ɡ o ŋ
tagginaw	t̪ ɐ ɡ ɡ ɪ n̪ a ʊ̯
taggutom	t̪ ɐ ɡ ɡ ʊ t̪ o m
taghap	t̪ ɐ ɡ h a p̚
taghikaw	t̪ ɐ ɡ h ɪ x a ʊ̯
taghirap	t̪ ɐ ɡ h ɪ ɾ a p̚
taghiyawat	t̪ ɐ ɡ h j aː w ɐ t̪̚
taghiyawat	t̪ ɐ ɡ j aː w ɐ t̪̚
taghok	t̪ ɐ ɡ h o k̚
taghoy	t̪ ɐ ɡ h o ɪ̯
taghoy	t̪ ɐ ɣ o ɪ̯
tagiamo	t̪ ɐ ɣ ɪ ʔ aː m o ʔ
tagibang	t̪ ɐ ɣ ɪ b a ŋ
tagigapay	t̪ ɐ ɣ ɪ ɣ ɐ p a ɪ̯
tagihaba	t̪ ɐ ɣ ɪ h ɐ b a ʔ
tagihawat	t̪ ɐ ɣ ɪ h aː w ɐ t̪̚
tagihilis	t̪ ɐ ɣ ɪ h ɪ l ɪ s
tagikaw	t̪ ɐ ɣ ɪ x a ʊ̯
tagiktik	t̪ ɐ ɣ ɪ k t̪ ɪ k̚
tagilaiw	t̪ ɐ ɣ ɪ l aː ʔ ɪ ʊ̯
tagilayiw	t̪ ɐ ɣ ɪ l aː j ɪ ʊ̯
tagilayiw	t̪ ɐ ɣ ɪ l ɐ j ɪ ʊ̯
tagilid	t̪ ɐ ɣ iː l ɪ d̪̚
tagilid	t̪ ɐ ɣ ɪ l ɪ d̪̚
tagiliran	t̪ ɐ ɣ ɪ l iː ɾ ɐ n̪
tagilo	t̪ ɐ ɣ ɪ l o
tagilog	t̪ ɐ ɣ ɪ l o ɡ̚
tagis	t̪ ɐ ɣ ɪ s
tagisuyo	t̪ ɐ ɣ ɪ s uː j o ʔ
taglagas	t̪ ɐ ɡ l ɐ ɣ a s
taglamig	t̪ ɐ ɡ l ɐ m ɪ ɡ̚
taglay	t̪ ɐ ɡ l a ɪ̯
tagmangga	t̪ ɐ ɡ m ɐ ŋ ɡ a
tagniyebe	t̪ ɐ ɡ n̪ j ɛː b ɛ
tagniyebe	t̪ ɐ ɡ ɲ ɛː b ɛ
tago	t̪ aː ɣ o ʔ
tago	t̪ ɐ ɣ o ʔ
tagok	t̪ ɐ ɣ o k̚
tagos	t̪ ɐ ɣ o s
tagpi	t̪ ɐ ɡ p ɪ ʔ
tagpo	t̪ ɐ ɡ p o ʔ
tagpuan	t̪ ɐ ɡ p uː ʔ ɐ n̪
tagpuin	t̪ ɐ ɡ p ʊ ʔ ɪ n̪
tagsibol	t̪ ɐ ɡ s iː b o l
tagsibol	t̪ ɐ ɡ s ɪ b o l
tagtag	t̪ ɐ ɡ t̪ a ɡ̚
tagtanim	t̪ ɐ ɡ t̪ ɐ n̪ ɪ m
tagtrangkaso	t̪ ɐ ɡ t̪ ɾ ɐ ŋ k aː s o
tagtuyot	t̪ ɐ ɡ t̪ ʊ j o t̪̚
taguan	t̪ ɐ ɣ uː ʔ ɐ n̪
taguan	t̪ ɐ ɣ ʊ ʔ a n̪
tagubilin	t̪ ɐ ɣ ʊ b iː l ɪ n̪
tagulabay	t̪ ɐ ɣ ʊ l ɐ b a ɪ̯
tagulamin	t̪ ɐ ɣ ʊ l ɐ m ɪ n̪
taguling	t̪ ɐ ɣ uː l ɪ ŋ
taguling	t̪ ɐ ɣ ʊ l ɪ ŋ
tagumanak	t̪ ɐ ɣ ʊ m ɐ n̪ a k̚
tagumpay	t̪ ɐ ɣ ʊ m p a ɪ̯
tagunya	t̪ ɐ ɣ ʊ n ɲ a ʔ
tagunya	t̪ ɐ ɣ ʊ n̪ j a ʔ
tagupak	t̪ ɐ ɣ ʊ p a k̚
taguri	t̪ ɐ ɣ ʊ ɾ ɪ ʔ
taguyod	t̪ ɐ ɣ uː j o d̪̚
tagway	t̪ ɐ ɡ w a ɪ̯
tagyawat	t̪ ɐ ɡ j aː w ɐ t̪̚
tagyelo	t̪ ɐ ɡ j ɛː l o
tahajud	t̪ ɐ h ɐ d̪ j ʊ d̪̚
tahajud	t̪ ɐ h ɐ d͡ʒ ʊ d̪̚
tahak	t̪ aː h ɐ k̚
tahak	t̪ ɐ h a k̚
tahaklaw	t̪ ɐ h ɐ k l a ʊ̯
tahan	t̪ aː h ɐ n̪
tahan	t̪ ɐ h a n̪
tahanan	t̪ ɐ h aː n̪ ɐ n̪
tahanan	t̪ ɐ h ɐ n̪ a n̪
tahandas	t̪ ɐ h ɐ n̪ d̪ a s
tahapik	t̪ ɐ h aː p ɪ k̚
tahas	t̪ ɐ h a s
tahasan	t̪ ɐ h aː s ɐ n̪
tahasik	t̪ ɐ h aː s ɪ k̚
tahaw	t̪ aː h a ʊ̯
tahaw	t̪ ɐ h a ʊ̯
tahi	t̪ ɐ h ɪ ʔ
tahid	t̪ ɐ h ɪ d̪̚
tahik	t̪ aː h ɪ k̚
tahilan	t̪ ɐ h iː l ɐ n̪
tahimik	t̪ ɐ h iː m ɪ k̚
tahinga	t̪ ɐ h iː ŋ ɐ
taho	t̪ ɐ h o
taho	t̪ ɐ h o ʔ
tahol	t̪ ɐ h o l
tahong	t̪ ɐ h o ŋ
tahure	t̪ a ʊ̯ ɾ ɛ
tahure	t̪ aː h ʊ ɾ ɛ
taib	t̪ aː ʔ ɪ b̚
taihan	t̪ ɐ ʔ iː h ɐ n̪
taimtim	t̪ ɐ ʔ ɪ m t̪ ɪ m
tainga	t̪ a ɪ̯ ŋ a
tainga	t̪ ɐ ʔ iː ŋ ɐ
tainga	t̪ ɛː ŋ ɐ
taingambaboy	t̪ a ɪ̯ ŋ ɐ m b aː b o ɪ̯
taingambaboy	t̪ ɐ ʔ iː ŋ ɐ m b aː b o ɪ̯
taingambabuy	t̪ a ɪ̯ ŋ ɐ m b aː b ʊ ɪ̯
taingambabuy	t̪ ɐ ʔ iː ŋ ɐ m b aː b ʊ ɪ̯
taingambabuy	t̪ ɛ ŋ ɐ m b aː b ʊ ɪ̯
taiwanak	t̪ ɐ ʔ ɪ w ɐ n̪ a k̚
taka	t̪ aː x ɐ
taka	t̪ aː x ɐ ʔ
taka	t̪ ɐ x a
takal	t̪ aː x ɐ l
takal	t̪ ɐ x a l
takam	t̪ ɐ x a m
takap	t̪ ɐ x a p̚
takas	t̪ aː x ɐ s
takatak	t̪ ɐ x aː t̪ ɐ k̚
takatak	t̪ ɐ x ɐ t̪ a k̚
takaw	t̪ aː x a ʊ̯
takaw	t̪ ɐ x a ʊ̯
takba	t̪ ɐ k b a
takban	t̪ ɐ k b a n̪
takbir	t̪ ɐ k b ɪ ɾ
takbo	t̪ ɐ k b o
takbuhan	t̪ ɐ k b uː h ɐ n̪
takbuhan	t̪ ɐ k b ʊ h a n̪
takbuhin	t̪ ɐ k b uː h ɪ n̪
takbuhin	t̪ ɐ k b ʊ h ɪ n̪
takda	t̪ ɐ k d̪ a ʔ
takdang	t̪ ɐ k d̪ a ŋ
takig	t̪ ɐ x ɪ ɡ̚
takilya	t̪ ɐ x i l j ɐ
takin	t̪ ɐ x ɪ n̪
taking	t̪ aː x ɪ ŋ
takip	t̪ ɐ x ɪ p̚
takipsilim	t̪ ɐ x ɪ p s iː l ɪ m
takitaki	t̪ ɐ x ɪ t̪ aː x ɪ
taklab	t̪ ɐ k l a b̚
taklesa	t̪ ɐ k l ɛː s ɐ
taklip	t̪ ɐ k l ɪ p̚
taklob	t̪ ɐ k l o b̚
taklobo	t̪ ɐ k l oː b o
taknahaynayan	t̪ ɐ k n̪ aː h a ɪ̯ n̪ aː j ɐ n̪
tako	t̪ aː x o
tako	t̪ ɐ x o ʔ
takob	t̪ aː x o b̚
takong	t̪ ɐ x o ŋ
takore	t̪ ɐ x o ɾ ɛ
takore	t̪ ɐ x o ɾ ɛ ʔ
takot	t̪ aː x o t̪̚
takot	t̪ ɐ x o t̪̚
takoyaki	t̪ ɐ x o j aː x ɪ
takpan	t̪ ɐ k p a n̪
taksan	t̪ ɐ k s a n̪
taksi	t̪ a k s ɪ
taksil	t̪ ɐ k s ɪ l
taktak	t̪ ɐ k t̪ a k̚
takte	t̪ ɐ k t̪ ɛ
taktika	t̪ a k t̪ ɪ x a
takuko	t̪ ɐ x uː x o
takupis	t̪ ɐ x uː p ɪ s
takure	t̪ ɐ x ʊ ɾ ɛ
takure	t̪ ɐ x ʊ ɾ ɛ ʔ
takuri	t̪ ɐ x ʊ ɾ ɛ
takuri	t̪ ɐ x ʊ ɾ ɛ ʔ
takuri	t̪ ɐ x ʊ ɾ ɪ
takuri	t̪ ɐ x ʊ ɾ ɪ ʔ
takutin	t̪ ɐ x uː t̪ ɪ n̪
takutin	t̪ ɐ x ʊ t̪ ɪ n̪
takwil	t̪ ɐ k w ɪ l
tala	t̪ aː l ɐ
tala	t̪ aː l ɐ ʔ
tala	t̪ ɐ l a ʔ
talaan	t̪ aː l aː ʔ ɐ n̪
talaan	t̪ ɐ l ɐ ʔ a n̪
talaantugoy	t̪ ɐ l ɐ ʔ ɐ n̪ t̪ ʊ ɣ o ɪ̯
talaarawan	t̪ ɐ l aː ʔ ɐ ɾ ɐ w a n̪
talaarawan	t̪ ɐ l ɐ ʔ ɐ ɾ aː w ɐ n̪
talaawitan	t̪ ɐ l aː ʔ ɐ w iː t̪ ɐ n̪
talab	t̪ ɐ l a b̚
talaba	t̪ ɐ l ɐ b a
talababa	t̪ ɐ l aː b ɐ b a ʔ
talabatasan	t̪ ɐ l aː b ɐ t̪ ɐ s a n̪
talabing	t̪ ɐ l aː b ɪ ŋ
talabis	t̪ ɐ l ɐ b ɪ s
talabunyian	t̪ ɐ l aː b ʊ n ɲ iː ʔ ɐ n̪
talabunyian	t̪ ɐ l aː b ʊ n̪ j iː ʔ ɐ n̪
taladalasan	t̪ ɐ l aː d̪ ɐ l aː s ɐ n̪
talaga	t̪ ɐ l aː ɣ ɐ ʔ
talaga	t̪ ɐ l ɐ ɣ a
talaghay	t̪ ɐ l ɐ ɡ h a ɪ̯
talahanayan	t̪ ɐ l aː h ɐ n̪ aː j ɐ n̪
talahanayan	t̪ ɐ l aː h ɐ n̪ ɐ j a n̪
talahib	t̪ ɐ l aː h ɪ b̚
talahiban	t̪ aː l ɐ h ɪ b a n̪
talahiban	t̪ ɐ l ɐ h iː b ɐ n̪
talahuluganan	t̪ ɐ l aː h ʊ l ʊ ɣ aː n̪ ɐ n̪
talak	t̪ ɐ l a k̚
talakay	t̪ ɐ l aː x a ɪ̯
talakayan	t̪ aː l ɐ x ɐ j a n̪
talakitok	t̪ ɐ l ɐ x iː t̪ o k̚
talaksan	t̪ ɐ l ɐ k s a n̪
talalahian	t̪ ɐ l aː l ɐ h iː ʔ ɐ n̪
talalan	t̪ ɐ l ɐ l a n̪
talamak	t̪ ɐ l ɐ m a k̚
talamapahan	t̪ ɐ l aː m ɐ p aː h ɐ n̪
talamayawan	t̪ ɐ l aː m ɐ j aː w ɐ n̪
talambuhay	t̪ ɐ l ɐ m b uː h a ɪ̯
talamitam	t̪ ɐ l ɐ m iː t̪ ɐ m
talampak	t̪ ɐ l ɐ m p a k̚
talampakan	t̪ aː l ɐ m p aː x ɐ n̪
talampakan	t̪ ɐ l ɐ m p aː x ɐ n̪
talampas	t̪ ɐ l ɐ m p a s
talandak	t̪ ɐ l ɐ n̪ d̪ a k̚
talandi	t̪ ɐ l ɐ n̪ d̪ ɪ ʔ
talang	t̪ aː l ɐ ŋ
talanga	t̪ ɐ l aː ŋ ɐ ʔ
talangas	t̪ ɐ l ɐ ŋ a s
talangbulo	t̪ aː l ɐ m b uː l o
talangguhit	t̪ ɐ l ɐ ŋ ɡ uː h ɪ t̪̚
talangi	t̪ ɐ l aː ŋ ɪ ʔ
talangka	t̪ ɐ l ɐ ŋ k a ʔ
talangkas	t̪ ɐ l ɐ ŋ k a s
talangnginag	t̪ ɐ l ɐ ŋ ŋ iː n̪ ɐ ɡ̚
talangpas	t̪ ɐ l ɐ m p a s
talanyo	t̪ aː l ɐ n ɲ o ʔ
talanyo	t̪ aː l ɐ n̪ j o ʔ
talaorasan	t̪ ɐ l aː ʔ o ɾ ɐ s a n̪
talapak	t̪ ɐ l ɐ p a k̚
talapihitan	t̪ ɐ l aː p ɪ h ɪ t̪ a n̪
talaro	t̪ ɐ l aː ɾ o ʔ
talaro	t̪ ɐ l ɐ ɾ o ʔ
talarok	t̪ ɐ l aː ɾ o k̚
talas	t̪ aː l ɐ s
talas	t̪ ɐ l a s
talasalitaan	t̪ ɐ l aː s ɐ l ɪ t̪ aː ʔ ɐ n̪
talasantauhan	t̪ ɐ l aː s ɐ n̪ t̪ ɐ ʔ uː h ɐ n̪
talasimpanan	t̪ ɐ l aː s ɪ m p aː n̪ ɐ n̪
talasok	t̪ ɐ l aː s o k̚
talasok	t̪ ɐ l ɐ s o k̚
talasokrasiya	t̪ ɐ l ɐ s o k ɾ ɐ s iː j ɐ
talasokrasya	t̪ ɐ l ɐ s o k ɾ a s j ɐ
talasokrasya	t̪ ɐ l ɐ s o k ɾ aː ʃ ɐ
talastas	t̪ ɐ l ɐ s t̪ a s
talasukatan	t̪ ɐ l aː s ʊ x ɐ t̪ a n̪
talata	t̪ ɐ l aː t̪ ɐ ʔ
talataan	t̪ aː l ɐ t̪ ɐ ʔ a n̪
talataan	t̪ ɐ l ɐ t̪ aː ʔ ɐ n̪
talatakdaan	t̪ ɐ l aː t̪ ɐ k d̪ aː ʔ ɐ n̪
talatanungan	t̪ ɐ l aː t̪ ɐ n̪ uː ŋ ɐ n̪
talatinigan	t̪ ɐ l aː t̪ ɪ n̪ iː ɣ ɐ n̪
talatugtugan	t̪ ɐ l aː t̪ ʊ ɡ t̪ uː ɣ ɐ n̪
talatuntunan	t̪ ɐ l aː t̪ ʊ n̪ t̪ uː n̪ ɐ n̪
talaupahan	t̪ ɐ l aː ʔ ʊ p aː h ɐ n̪
talaupahan	t̪ ɐ l aː ʔ ʊ p ɐ h a n̪
talausapan	t̪ ɐ l aː ʔ ʊ s aː p ɐ n̪
talaw	t̪ aː l a ʊ̯
talbog	t̪ ɐ l b o ɡ̚
talbos	t̪ ɐ l b o s
talbustubo	t̪ ɐ l b u s t̪ ʊ b o
talentado	t̪ ɐ l ɛ n̪ t̪ aː d̪ o
talento	t̪ ɐ l ɛ n̪ t̪ o
talhak	t̪ ɐ l h a k̚
tali	t̪ aː l ɛ ʔ
tali	t̪ aː l ɪ ʔ
tali	t̪ ɐ l ɛ ʔ
tali	t̪ ɐ l ɪ
tali	t̪ ɐ l ɪ ʔ
taliba	t̪ ɐ l iː b ɐ ʔ
talibad	t̪ ɐ l ɪ b a d̪̚
talibadbad	t̪ ɐ l ɪ b ɐ d̪ b a d̪̚
talibas	t̪ ɐ l ɪ b a s
talibatab	t̪ ɐ l ɪ b aː t̪ ɐ b̚
talibong	t̪ ɐ l iː b o ŋ
talibong	t̪ ɐ l ɪ b o ŋ
talibugso	t̪ ɐ l ɪ b ʊ ɡ s o ʔ
talihabso	t̪ ɐ l ɪ h ɐ b s o ʔ
talihalat	t̪ ɐ l ɪ h aː l ɐ t̪̚
talihilig	t̪ ɐ l ɪ h iː l ɪ ɡ̚
talik	t̪ aː l ɪ k̚
talik	t̪ ɐ l ɪ k̚
talikakas	t̪ ɐ l ɪ x ɐ x a s
talikala	t̪ ɐ l ɪ x ɐ l a ʔ
talikba	t̪ ɐ l ɪ k b a
talikba	t̪ ɐ l ɪ k b a ʔ
talikod	t̪ ɐ l iː x o d̪̚
talikod	t̪ ɐ l ɪ x o d̪̚
talikodgenic	t̪ ɐ l iː x o d̪ j ɛː n̪ ɪ k̚
talikodgenic	t̪ ɐ l iː x o d͡ʒ ɛː n̪ ɪ k̚
taliktik	t̪ ɐ l ɪ k t̪ ɪ k̚
talikuran	t̪ ɐ l ɪ x uː ɾ ɐ n̪
talilis	t̪ ɐ l iː l ɪ s
talilis	t̪ ɐ l ɪ l ɪ s
talilong	t̪ ɐ l iː l o ŋ
talim	t̪ ɐ l ɪ m
talima	t̪ ɐ l iː m ɐ
talimang	t̪ ɐ l ɪ m a ŋ
talimangmang	t̪ ɐ l ɪ m ɐ ŋ m a ŋ
talimaras	t̪ ɐ l ɪ m ɐ ɾ a s
talimusak	t̪ ɐ l ɪ m ʊ s a k̚
talindaw	t̪ ɐ l ɪ n̪ d̪ a ʊ̯
taling	t̪ aː l ɪ ŋ
talingdaw	t̪ ɐ l ɪ n̪ d̪ a ʊ̯
talingdiking	t̪ ɐ l ɪ n̪ d̪ ɪ x ɪ ŋ
talinghaga	t̪ ɐ l ɪ ŋ h aː ɣ ɐ ʔ
talino	t̪ ɐ l iː n̪ o
talinong	t̪ ɐ l iː n̪ o ŋ
talipa	t̪ ɐ l ɪ p a
talipa	t̪ ɐ l ɪ p a ʔ
talipandas	t̪ ɐ l ɪ p ɐ n̪ d̪ a s
talipapa	t̪ ɐ l ɪ p ɐ p a ʔ
talipya	t̪ ɐ l ɪ p j a ʔ
taliris	t̪ ɐ l iː ɾ ɪ s
talisay	t̪ ɐ l iː s a ɪ̯
talisod	t̪ ɐ l iː s o d̪̚
talisuyo	t̪ ɐ l ɪ s uː j o ʔ
talitis	t̪ ɐ l iː t̪ ɪ s
taliwakas	t̪ ɐ l ɪ w ɐ x a s
taliwas	t̪ ɐ l ɪ w a s
talo	t̪ aː l o
talo	t̪ ɐ l o
talo	t̪ ɐ l o ʔ
talob	t̪ aː l o b̚
talohimig	t̪ ɐ l o h iː m ɪ ɡ̚
taloiryap	t̪ ɐ l o ʔ ɪ ɾ j a p̚
talon	t̪ ɐ l o n̪
talong	t̪ ɐ l o ŋ
talop	t̪ aː l o p̚
talop	t̪ ɐ l o p̚
talortor	t̪ ɐ l ʊ ɾ t̪ o ɾ
talos	t̪ ɐ l o s
talpak	t̪ ɐ l p a k̚
talpog	t̪ ɐ l p o ɡ̚
talsik	t̪ ɐ l s ɪ k̚
taltaguhit	t̪ ɐ l t̪ ɐ ɣ uː h ɪ t̪̚
taltak	t̪ ɐ l t̪ a k̚
taltal	t̪ ɐ l t̪ a l
talubanat	t̪ ɐ l ʊ b ɐ n̪ a t̪̚
talubata	t̪ ɐ l ʊ b aː t̪ ɐ ʔ
talubata	t̪ ɐ l ʊ b ɐ t̪ a ʔ
taludtod	t̪ ɐ l ʊ d̪ t̪ o d̪̚
taludturan	t̪ aː l ʊ d̪ t̪ uː ɾ ɐ n̪
taluhiyang	t̪ ɐ l ʊ h j a ŋ
taluhog	t̪ ɐ l uː h o ɡ̚
taluidyap	t̪ ɐ l ʊ ʔ ɪ d d͡ʒ a p̚
taluidyap	t̪ ɐ l ʊ ʔ ɪ d̪ j a p̚
taluiryap	t̪ ɐ l ʊ ʔ ɪ ɾ j a p̚
talukab	t̪ ɐ l uː x ɐ b̚
talukap	t̪ ɐ l uː x ɐ p̚
talukbong	t̪ ɐ l ʊ k b o ŋ
talulot	t̪ ɐ l uː l o t̪̚
talumpati	t̪ ɐ l ʊ m p aː t̪ ɪ ʔ
talunan	t̪ aː l uː n̪ ɐ n̪
talunan	t̪ ɐ l ʊ n̪ a n̪
talundas	t̪ ɐ l ʊ n̪ d̪ a s
talungtong	t̪ ɐ l ʊ n̪ t̪ o ŋ
talunin	t̪ ɐ l uː n̪ ɪ n̪
talunin	t̪ ɐ l ʊ n̪ ɪ n̪
talunton	t̪ ɐ l ʊ n̪ t̪ o n̪
talunyuhay	t̪ ɐ l ʊ n ɲ uː h a ɪ̯
talunyuhay	t̪ ɐ l ʊ n̪ j uː h a ɪ̯
talupak	t̪ ɐ l uː p ɐ k̚
talurami	t̪ ɐ l ʊ ɾ aː m ɪ
talurang	t̪ ɐ l uː ɾ ɐ ŋ
talusaling	t̪ ɐ l ʊ s ɐ l ɪ ŋ
talusik	t̪ ɐ l uː s ɪ k̚
taluugat	t̪ ɐ l ʊ ʔ ʊ ɣ a t̪̚
talyasi	t̪ ɐ l j aː s ɪ ʔ
talyer	t̪ ɐ l j ɛ ɾ
tama	t̪ aː m ɐ ʔ
tamaan	t̪ ɐ m aː ʔ ɐ n̪
tamad	t̪ ɐ m a d̪̚
tamak	t̪ ɐ m a k̚
tamales	t̪ ɐ m aː l ɛ s
tamalis	t̪ ɐ m aː l ɪ s
tamaraw	t̪ aː m ɐ ɾ a ʊ̯
tamaraw	t̪ ɐ m ɐ ɾ a ʊ̯
tamasa	t̪ ɐ m aː s ɐ
tambaas	t̪ ɐ m b ɐ ʔ a s
tambad	t̪ ɐ m b a d̪̚
tambag	t̪ ɐ m b a ɡ̚
tambak	t̪ ɐ m b a k̚
tambakan	t̪ ɐ m b aː x ɐ n̪
tambakan	t̪ ɐ m b ɐ x a n̪
tambakol	t̪ ɐ m b aː x o l
tambal	t̪ ɐ m b a l
tambalan	t̪ ɐ m b aː l ɐ n̪
tamban	t̪ ɐ m b a n̪
tambang	t̪ ɐ m b a ŋ
tambangan	t̪ ɐ m b aː ŋ ɐ n̪
tambangan	t̪ ɐ m b ɐ ŋ a n̪
tambanggalan	t̪ ɐ m b ɐ ŋ ɡ aː l ɐ n̪
tambanggalan	t̪ ɐ m b ɐ ŋ ɡ ɐ l a n̪
tambaw	t̪ ɐ m b a ʊ̯
tambay	t̪ a m b a ɪ̯
tambay	t̪ ɐ m b a ɪ̯
tambayan	t̪ a m b ɐ j a n̪
tambayan	t̪ ɐ m b aː j ɐ n̪
tambiki	t̪ ɐ m b iː x ɪ ʔ
tambilang	t̪ ɐ m b iː l ɐ ŋ
tambisi	t̪ ɐ m b ɪ s ɪ ʔ
tambiyolo	t̪ ɐ m b j oː l o
tambling	t̪ a m b l ɪ ŋ
tambo	t̪ ɐ m b o ʔ
tambog	t̪ ɐ m b o ɡ̚
tambok	t̪ ɐ m b o k̚
tambol	t̪ ɐ m b o l
tambolero	t̪ ɐ m b o l ɛː ɾ o
tambs	t̪ a m b s
tambugak	t̪ ɐ m b uː ɣ ɐ k̚
tambugak	t̪ ɐ m b ʊ ɣ a k̚
tambukulan	t̪ ɐ m b ʊ x uː l ɐ n̪
tambulan	t̪ ɐ m b uː l ɐ n̪
tambuli	t̪ ɐ m b uː l ɪ ʔ
tamburin	t̪ ɐ m b ʊ ɾ ɪ n̪
tambutso	t̪ ɐ m b u t̪ s o
tambutso	t̪ ɐ m b uː t͡ʃ o
tambyolo	t̪ ɐ m b j oː l o
tameme	t̪ ɐ m ɛː m ɛ ʔ
tamis	t̪ ɐ m ɪ s
tamlay	t̪ ɐ m l a ɪ̯
tamnan	t̪ ɐ m n̪ a n̪
tamo	t̪ aː m o
tamo	t̪ ɐ m o
tamo	t̪ ɐ m o ʔ
tamod	t̪ ɐ m o d̪̚
tampa	t̪ ɐ m p a
tampak	t̪ ɐ m p a k̚
tampal	t̪ ɐ m p a l
tampalasan	t̪ ɐ m p ɐ l aː s ɐ n̪
tampalpuke	t̪ ɐ m p ɐ l p uː x ɛ
tampalpuki	t̪ ɐ m p ɐ l p uː x ɪ
tampat	t̪ ɐ m p a t̪̚
tampay	t̪ ɐ m p a ɪ̯
tampi	t̪ ɐ m p ɪ ʔ
tampipi	t̪ ɐ m p iː p ɪ ʔ
tampisaw	t̪ ɐ m p ɪ s a ʊ̯
tampo	t̪ ɐ m p o
tamtaman	t̪ ɐ m t̪ aː m ɐ n̪
tana	t̪ ɐ n̪ a
tanan	t̪ aː n̪ ɐ n̪
tanan	t̪ ɐ n̪ a n̪
tanaw	t̪ ɐ n̪ a ʊ̯
tanawan	t̪ aː n̪ aː w ɐ n̪
tanawan	t̪ ɐ n̪ aː w ɐ n̪
tanawan	t̪ ɐ n̪ ɐ w a n̪
tanda	t̪ a n̪ d̪ ɐ
tanda	t̪ ɐ n̪ d̪ a ʔ
tandang	t̪ ɐ n̪ d̪ a ŋ
tandayag	t̪ ɐ n̪ d̪ aː j ɐ ɡ̚
tandayag	t̪ ɐ n̪ d̪ ɐ j a ɡ̚
tanders	t̪ a n̪ d̪ ə ɹ s
tandiyerin	t̪ a n̪ d̪ j ɛ ɾ ɪ n̪
tandiyerin	t̪ a n̪ d͡ʒ ɛ ɾ ɪ n̪
tandos	t̪ ɐ n̪ d̪ o s
tandyerin	t̪ a n̪ d̪ j ɛ ɾ ɪ n̪
tandyerin	t̪ a n̪ d͡ʒ ɛ ɾ ɪ n̪
tanga	t̪ aː ŋ ɐ
tanga	t̪ aː ŋ ɐ ʔ
tanga	t̪ ɐ ŋ a
tangalog	t̪ ɐ ŋ aː l o ɡ̚
tangan	t̪ aː ŋ ɐ n̪
tangay	t̪ ɐ ŋ a ɪ̯
tange	t̪ ɐ ŋ ɛ ʔ
tangek	t̪ ɐ ŋ ɛ k̚
tangengot	t̪ ɐ ŋ ɛː ŋ o t̪̚
tangga	t̪ a ŋ ɡ ɐ
tanggal	t̪ ɐ ŋ ɡ a l
tanggalin	t̪ a ŋ ɡ aː l ɪ n̪
tanggalin	t̪ ɐ ŋ ɡ ɐ l ɪ n̪
tanggap	t̪ ɐ ŋ ɡ a p̚
tanggapan	t̪ ɐ ŋ ɡ aː p ɐ n̪
tanggapan	t̪ ɐ ŋ ɡ ɐ p a n̪
tanggi	t̪ ɐ ŋ ɡ ɪ
tangginggi	t̪ ɐ ŋ ɡ i ŋ ɡ ɪ ʔ
tanggo	t̪ a ŋ ɡ o
tanggol	t̪ ɐ ŋ ɡ o l
tanghal	t̪ ɐ ŋ h a l
tanghali	t̪ ɐ ŋ h aː l ɪ ʔ
tanghalian	t̪ ɐ ŋ h ɐ l iː ʔ ɐ n̪
tanghaliin	t̪ ɐ ŋ h ɐ l iː ʔ ɪ n̪
tanghas	t̪ ɐ ŋ h a s
tangherina	t̪ ɐ ŋ h ɛ ɾ iː n̪ ɐ
tanghod	t̪ ɐ ŋ h o d̪̚
tangi	t̪ aː ŋ ɪ ʔ
tangi	t̪ ɐ ŋ ɪ ʔ
tangile	t̪ ɐ ŋ iː l ɛ
tangile	t̪ ɐ ŋ iː l ɛ ʔ
tangina	t̪ ɐ ŋ ɪ n̪ a
tangina	t̪ ɐ ŋ ʔ ɪ n̪ a
tangis	t̪ aː ŋ ɪ s
tangka	t̪ ɐ ŋ k a ʔ
tangkad	t̪ ɐ ŋ k a d̪̚
tangkal	t̪ ɐ ŋ k a l
tangkalag	t̪ ɐ ŋ k ɐ l a ɡ̚
tangkas	t̪ ɐ ŋ k a s
tangkay	t̪ ɐ ŋ k a ɪ̯
tangke	t̪ a ŋ k ɛ
tangke	t̪ ɐ ŋ k ɛ
tangkig	t̪ ɐ ŋ k ɪ ɡ̚
tangkilik	t̪ ɐ ŋ k iː l ɪ k̚
tangkito	t̪ ɐ ŋ k iː t̪ o
tangkulok	t̪ ɐ ŋ k uː l o k̚
tanglad	t̪ ɐ n̪ l a d̪̚
tanglaw	t̪ ɐ n̪ l a ʊ̯
tangluyan	t̪ ɐ n̪ l uː j ɐ n̪
tangluyan	t̪ ɐ n̪ l ʊ j a n̪
tango	t̪ ɐ ŋ o ʔ
tangos	t̪ aː ŋ o s
tangrib	t̪ ɐ ŋ ɾ ɪ b̚
tangwa	t̪ ɐ ŋ w a
tangway	t̪ ɐ ŋ w a ɪ̯
tanigi	t̪ ɐ n̪ iː ɣ ɪ ʔ
tanikala	t̪ ɐ n̪ ɪ x ɐ l a ʔ
tanim	t̪ ɐ n̪ ɪ m
taniman	t̪ aː n̪ iː m ɐ n̪
taniman	t̪ ɐ n̪ ɪ m a n̪
taning	t̪ aː n̪ ɪ ŋ
tanke	t̪ a ŋ k ɛ
tanke	t̪ ɐ ŋ k ɛ
tankito	t̪ ɐ ŋ k iː t̪ o
tanlap	t̪ ɐ n̪ l a p̚
tanlaw	t̪ ɐ n̪ l a ʊ̯
tanod	t̪ aː n̪ o d̪̚
tanong	t̪ ɐ n̪ o ŋ
tansan	t̪ a n̪ s ɐ n̪
tansan	t̪ ɐ n̪ s a n̪
tansiya	t̪ ɐ n̪ s j a
tansiya	t̪ ɐ n̪ ʃ a
tanso	t̪ ɐ n̪ s o ʔ
tansya	t̪ ɐ n̪ s j a
tansya	t̪ ɐ n̪ ʃ a
tantan	t̪ ɐ n̪ t̪ a n̪
tantiya	t̪ ɐ n̪ t̪ j a
tantiya	t̪ ɐ n̪ t͡ʃ a
tantiyado	t̪ ɐ n̪ t̪ j aː d̪ o
tantiyado	t̪ ɐ n̪ t͡ʃ aː d̪ o
tantiyahin	t̪ ɐ n̪ t̪ j ɐ h ɪ n̪
tantiyahin	t̪ ɐ n̪ t͡ʃ ɐ h ɪ n̪
tanto	t̪ a n̪ t̪ o
tanto	t̪ ɐ n̪ t̪ o ʔ
tantsing	t̪ ɐ n̪ t͡s ɪ ŋ
tantsing	t̪ ɐ n̪ t͡ʃ ɪ ŋ
tantya	t̪ ɐ n̪ t̪ j a
tantya	t̪ ɐ n̪ t͡ʃ a
tanungin	t̪ ɐ n̪ ʊ ŋ ɪ n̪
tanway	t̪ ɐ n̪ w a ɪ̯
tanyag	t̪ ɐ n ɲ a ɡ̚
tanyag	t̪ ɐ n̪ j a ɡ̚
tao	t̪ aː ʔ o
tao	t̪ ɐ ʔ o
taob	t̪ ɐ ʔ o b̚
taog	t̪ aː ʔ o ɡ̚
taoke	t̪ a ʊ̯ x ɛ
taol	t̪ ɐ ʔ o l
taon	t̪ ɐ ʔ o n̪
taong	t̪ aː ʔ o ŋ
taong	t̪ ɐ ʔ o ŋ
taos	t̪ ɐ ʔ o s
tapa	t̪ aː p ɐ
tapa	t̪ ɐ p a
tapaboka	t̪ aː p ɐ b oː x ɐ
tapak	t̪ aː p ɐ k̚
tapak	t̪ ɐ p a k̚
tapal	t̪ aː p ɐ l
tapalodo	t̪ ɐ p ɐ l oː d̪ o
tapang	t̪ aː p ɐ ŋ
tapangko	t̪ ɐ p a ŋ k o
tapapetso	t̪ ɐ p ɐ p ɛ t̪ s o
tapapetso	t̪ ɐ p ɐ p ɛː t͡ʃ o
tapas	t̪ aː p ɐ s
tapas	t̪ ɐ p a s
tapat	t̪ ɐ p a t̪̚
tapatin	t̪ ɐ p ɐ t̪ ɪ n̪
tapay	t̪ aː p a ɪ̯
tapayan	t̪ ɐ p aː j ɐ n̪
tapayan	t̪ ɐ p ɐ j a n̪
tapayin	t̪ ɐ p aː j ɪ n̪
tapeta	t̪ ɐ p ɛː t̪ ɐ
tapetan	t̪ ɐ p ɛ t̪ a n̪
tapi	t̪ ɐ p ɪ ʔ
tapik	t̪ ɐ p ɪ k̚
tapil	t̪ aː p ɪ l
tapil	t̪ ɐ p ɪ l
tapilok	t̪ ɐ p ɪ l o k̚
taping	t̪ aː p ɪ ŋ
taping	t̪ ɐ p ɪ ŋ
tapir	t̪ ɐ p ɪ ɾ
tapis	t̪ aː p ɪ s
tapon	t̪ aː p o n̪
tapon	t̪ ɐ p o n̪
tapos	t̪ aː p o s
tapos	t̪ ɐ p o s
tapsi	t̪ a p s ɪ
tapsilog	t̪ a p s ɪ l o ɡ̚
tapsilogan	t̪ a p s ɪ l oː ɣ ɐ n̪
tapsilugan	t̪ a p s ɪ l uː ɣ ɐ n̪
tapulaw	t̪ ɐ p uː l a ʊ̯
tapunan	t̪ ɐ p uː n̪ ɐ n̪
tapunan	t̪ ɐ p ʊ n̪ a n̪
tapusin	t̪ ɐ p uː s ɪ n̪
tapusin	t̪ ɐ p ʊ s ɪ n̪
tapyas	t̪ ɐ p j a s
tapyoka	t̪ ɐ p j oː x ɐ
tara	t̪ aː ɾ ɐ
tara	t̪ ɐ ɾ a
tarak	t̪ aː ɾ ɐ k̚
tarak	t̪ ɐ ɾ a k̚
tarakan	t̪ ɐ ɾ aː x ɐ n̪
tarakan	t̪ ɐ ɾ ɐ x a n̪
taralets	t̪ aː ɾ ɐ l ɛ t̪ s
tarambulo	t̪ ɐ ɾ a m b ʊ l o
tarambulo	t̪ ɐ ɾ ɐ m b uː l o
tarampula	t̪ ɐ ɾ ɐ m p uː l ɐ
taranate	t̪ ɐ ɾ ɐ n̪ aː t̪ ɛ
tarang	t̪ ɐ ɾ a ŋ
tarangka	t̪ ɐ ɾ ɐ ŋ k a
tarangkahan	t̪ ɐ ɾ ɐ ŋ k aː h ɐ n̪
tarangkahan	t̪ ɐ ɾ ɐ ŋ k ɐ h a n̪
taranta	t̪ ɐ ɾ ɐ n̪ t̪ a
tarantado	t̪ ɐ ɾ ɐ n̪ t̪ aː d̪ o
taras	t̪ aː ɾ ɐ s
taras	t̪ ɐ ɾ a s
tarat	t̪ ɐ ɾ a t̪̚
tarawi	t̪ ɐ ɾ aː w ɪ
taray	t̪ aː ɾ a ɪ̯
tarheta	t̪ ɐ ɾ h ɛː t̪ ɐ
tarik	t̪ ɐ ɾ ɛ k̚
tarik	t̪ ɐ ɾ ɪ k̚
tarika	t̪ ɐ ɾ iː x ɐ
tariktik	t̪ ɐ ɾ ɪ k t̪ ɪ k̚
taring	t̪ ɐ ɾ ɪ ŋ
taripa	t̪ ɐ ɾ iː p ɐ
tarnate	t̪ ɐ ɾ n̪ aː t̪ ɛ
tarp	t̪ a ɹ p
tarpo	t̪ a ɾ p o
tarpolin	t̪ a ɾ p o l ɪ n̪
tarpolitiko	t̪ ɐ ɾ p o l iː t̪ ɪ x o
tarugo	t̪ ɐ ɾ uː ɣ o
tarya	t̪ ɐ ɾ j a
tas	t̪ a s
tasa	t̪ aː s ɐ
tasa	t̪ ɐ s a
tasahan	t̪ aː s aː h ɐ n̪
tasahan	t̪ ɐ s aː h ɐ n̪
tasahan	t̪ ɐ s ɐ h a n̪
tasbi	t̪ ɐ s b ɪ
tasbih	t̪ ɐ s b ɪ
tasik	t̪ aː s ɪ k̚
tastas	t̪ ɐ s t̪ a s
tata	t̪ aː t̪ ɐ
tata	t̪ aː t̪ ɐ ʔ
tata	t̪ ɐ t̪ a
tata	t̪ ɐ t̪ a ʔ
tatag	t̪ aː t̪ ɐ ɡ̚
tatag	t̪ ɐ t̪ a ɡ̚
tataghay	t̪ aː t̪ ɐ ɡ h a ɪ̯
tatagnan	t̪ aː t̪ ɐ ɡ n̪ a n̪
tatagnan	t̪ ɐ t̪ ɐ ɡ n̪ a n̪
tatagukan	t̪ ɐ t̪ aː ɣ uː x ɐ n̪
tatagukan	t̪ ɐ t̪ ɐ ɣ ʊ x a n̪
tatahanan	t̪ aː t̪ ɐ h ɐ n̪ a n̪
tatak	t̪ ɐ t̪ a k̚
tatakan	t̪ ɐ t̪ ɐ x a n̪
tatakangbislig	t̪ ɐ t̪ ɐ x ɐ m b ɪ s l ɪ ɡ̚
tatal	t̪ aː t̪ ɐ l
tatalunan	t̪ aː t̪ ɐ l ʊ n̪ a n̪
tatama	t̪ ɐ t̪ aː m ɐ ʔ
tatang	t̪ aː t̪ ɐ ŋ
tatangnan	t̪ aː t̪ ɐ ŋ n̪ a n̪
tatangnan	t̪ ɐ t̪ ɐ ŋ n̪ a n̪
tatap	t̪ aː t̪ ɐ p̚
tatap	t̪ ɐ t̪ a p̚
tatas	t̪ ɐ t̪ a s
tataw	t̪ aː t̪ a ʊ̯
tataw	t̪ ɐ t̪ a ʊ̯
tatawagan	t̪ ɐ t̪ ɐ w aː ɣ ɐ n̪
tatay	t̪ aː t̪ a ɪ̯
tatay	t̪ ɐ t̪ a ɪ̯
tate	t̪ ɐ t̪ ɛ ʔ
tatiyaw	t̪ aː t̪ j a ʊ̯
tatiyaw	t̪ aː t͡ʃ a ʊ̯
tatlo	t̪ ɐ t̪ l̪ o
tatlumpu	t̪ ɐ t̪ l̪ ʊ m p ʊ ʔ
tatlundaan	t̪ ɐ t̪ l̪ ʊ n̪ d̪ aː ʔ ɐ n̪
tatlundaan	t̪ ɐ t̪ l̪ ʊ n̪ d̪ ɐ ʔ a n̪
tato	t̪ ɐ t̪ o ʔ
tatsiha	t̪ ɐ t̪ s iː h ɐ ʔ
tatsihaan	t̪ ɐ t̪ s ɪ h aː ʔ ɐ n̪
tatsulok	t̪ ɐ t̪ s uː l o k̚
tatsulok	t̪ ɐ t̪ s ʊ l o k̚
tatu	t̪ ɐ t̪ ʊ
tatu	t̪ ɐ t̪ ʊ ʔ
tatwa	t̪ ɐ t̪ w a ʔ
tatyaw	t̪ a t̪ j a ʊ̯
tatyaw	t̪ aː t͡ʃ a ʊ̯
tauban	t̪ ɐ ʔ uː b ɐ n̪
tauhan	t̪ ɐ ʔ uː h ɐ n̪
taumbayan	t̪ aː ʔ ʊ m b aː j ɐ n̪
taunan	t̪ aː ʔ uː n̪ ɐ n̪
taunan	t̪ aː ʔ ʊ n̪ a n̪
taupu	t̪ aː ʔ ʊ p ʊ ʔ
tautay	t̪ ɐ ʔ uː t̪ a ɪ̯
tawa	t̪ aː w ɐ
tawa	t̪ ɐ w a
tawad	t̪ aː w ɐ d̪̚
tawag	t̪ aː w ɐ ɡ̚
tawagan	t̪ aː w aː ɣ ɐ n̪
tawagan	t̪ ɐ w aː ɣ ɐ n̪
tawagan	t̪ ɐ w ɐ ɣ a n̪
tawak	t̪ ɐ w a k̚
tawanan	t̪ aː w aː n̪ ɐ n̪
tawanan	t̪ ɐ w aː n̪ ɐ n̪
tawanan	t̪ ɐ w ɐ n̪ a n̪
tawaran	t̪ aː w aː ɾ ɐ n̪
tawaran	t̪ ɐ w aː ɾ ɐ n̪
tawaran	t̪ ɐ w ɐ ɾ a n̪
tawas	t̪ aː w ɐ s
tawas	t̪ ɐ w a s
taway	t̪ ɐ w a ɪ̯
tawge	t̪ a ʊ̯ ɣ ɛ
tawid	t̪ ɐ w ɪ d̪̚
tawilis	t̪ ɐ w iː l ɪ s
tawilis	t̪ ɐ w ɪ l ɪ s
tawing	t̪ ɐ w ɪ ŋ
tawiran	t̪ aː w iː ɾ ɐ n̪
tawiran	t̪ ɐ w ɪ ɾ a n̪
tawke	t̪ a ʊ̯ x ɛ
tawo	t̪ aː w o
tawpe	t̪ a ʊ̯ p ɛ
tawpu	t̪ a ʊ̯ p ʊ ʔ
tawsi	t̪ a ʊ̯ s ɪ ʔ
tawtaw	t̪ a ʊ̯ t̪ a ʊ̯
tay	t̪ a ɪ̯
taya	t̪ aː j ɐ
taya	t̪ ɐ j a
taya	t̪ ɐ j a ʔ
tayaba	t̪ ɐ j aː b ɐ
tayabas	t̪ ɐ j aː b ɐ s
tayabutab	t̪ ɐ j ɐ b uː t̪ ɐ b̚
tayahan	t̪ aː j aː h ɐ n̪
tayahan	t̪ ɐ j aː h ɐ n̪
tayahan	t̪ ɐ j ɐ h a n̪
tayakad	t̪ ɐ j ɐ x a d̪̚
tayamutam	t̪ ɐ j ɐ m uː t̪ ɐ m
tayangtang	t̪ ɐ j ɐ n̪ t̪ a ŋ
tayinga	t̪ ɐ j iː ŋ ɐ
tayiwanak	t̪ ɐ j ɪ w ɐ n̪ a k̚
taympers	t̪ a ɪ̯ m p ə ɹ s
tayo	t̪ aː j o
tayo	t̪ ɐ j o ʔ
tayog	t̪ aː j o ɡ̚
tayom	t̪ aː j o m
tayon	t̪ aː j o n̪
tayong	t̪ aː j o ŋ
taytay	t̪ a ɪ̯ t̪ a ɪ̯
tayubasi	t̪ ɐ j ʊ b aː s ɪ
tayudtod	t̪ ɐ j ʊ d̪ t̪ o d̪̚
tayudturan	t̪ ɐ j u d̪ t̪ ʊ ɾ a n̪
tayukod	t̪ ɐ j uː x o d̪̚
tayukod	t̪ ɐ j ʊ x o d̪̚
tayuman	t̪ aː j uː m ɐ n̪
tayuman	t̪ ɐ j ʊ m a n̪
tayutay	t̪ ɐ j uː t̪ a ɪ̯
tayutay	t̪ ɐ j ʊ t̪ a ɪ̯
tayuto	t̪ ɐ j uː t̪ o ʔ
tayuto	t̪ ɐ j ʊ t̪ o ʔ
tayuwanak	t̪ ɐ j ʊ w ɐ n̪ a k̚
tayuwat	t̪ ɐ j uː w ɐ t̪̚
taywanak	t̪ a ɪ̯ w ɐ n̪ a k̚
te	t̪ ɛ
teatro	t̪ ɛ j aː t̪ ɾ o
tebol	t̪ ɛː b o l
tegi	t̪ ɛː ɣ ɪ
teh	t̪ ɛ
teham	t̪ ɛː h ɐ m
teismo	t̪ ɛ j i s m o
teista	t̪ ɛ j i s t̪ ɐ
teka	t̪ ɛː x ɐ
tekas	t̪ ɛː x ɐ s
tekayo	t̪ ɛː x ɐ j o
tekila	t̪ ɛ x iː l ɐ
tekla	t̪ ɛ k l ɐ
teklado	t̪ ɛ k l aː d̪ o
teknik	t̪ ɛ k n̪ ɪ k̚
teknika	t̪ ɛ k n̪ ɪ x a
teknikalidad	t̪ ɛ k n̪ ɪ x ɐ l ɪ d̪ a d̪̚
teknikolor	t̪ ɛ k n̪ ɪ x o l o ɾ
teknikolor	t̪ ɛ k n̪ ɪ x oː l o ɾ
teknolohiya	t̪ ɛ k n̪ o l o h iː j ɐ
teknolohiya	t̪ ɛ k n̪ o l oː h j ɐ
teks	t̪ ɛ k s
teksas	t̪ ɛ k s ɐ s
teksbuk	t̪ ɛ k s b ʊ k̚
teksmeyt	t̪ ɛ k s m e ɪ̯ t̪
teksto	t̪ ɛ k s t̪ o
tekstura	t̪ ɛ k s t̪ uː ɾ ɐ
tekwan	t̪ ɛ k w ɐ n̪
tela	t̪ ɛː l ɐ
telebabad	t̪ ɛ l ɛ b aː b ɐ d̪̚
telebasura	t̪ ɛ l ɛ b ɐ s uː ɾ ɐ
telebisyon	t̪ ɛ l ɛ b ɪ s j o n̪
telebisyon	t̪ ɛ l ɛ b ɪ ʃ o n̪
telegrama	t̪ ɛ l ɛ ɡ ɾ aː m ɐ
telegrapo	t̪ ɛ l ɛ ɡ ɾ ɐ p o
telekomunikasyon	t̪ ɛ l ɛ x o m ʊ n̪ ɪ x ɐ s j o n̪
telekomunikasyon	t̪ ɛ l ɛ x o m ʊ n̪ ɪ x ɐ ʃ o n̪
telekonsulta	t̪ ɛː l ɛ x o n̪ s u l t̪ ɐ
telenobela	t̪ ɛ l ɛ n̪ o b ɛː l ɐ
teleolohiya	t̪ ɛ l ɛ j o l o h iː j ɐ
telepatiya	t̪ ɛ l ɛ p ɐ t̪ iː j ɐ
telepono	t̪ ɛ l ɛː p o n̪ o
teleradyo	t̪ ɛː l ɛ ɾ a d̪ j o
teleradyo	t̪ ɛː l ɛ ɾ aː d͡ʒ o
teleserye	t̪ ɛ l ɛ s ɛ ɾ j ɛ
teleskopyo	t̪ ɛ l ɛ s k o p j o
tema	t̪ ɛː m ɐ
temperatura	t̪ ɛ m p ɛ ɾ ɐ t̪ uː ɾ ɐ
templo	t̪ ɛ m p l o
tempura	t̪ ɛ m p uː ɾ ɐ
temuna	t̪ ɛː m uː n̪ ɐ
tenedor	t̪ ɛ n̪ ɛ d̪ o ɾ
teneduriya	t̪ ɛ n̪ ɛ d̪ ʊ ɾ iː j ɐ
tenga	t̪ ɛː ŋ ɐ
tengga	t̪ ɛ ŋ ɡ ɐ
tenidor	t̪ ɛ n̪ ɪ d̪ o ɾ
tenis	t̪ ɛː n̪ ɪ s
tenkyu	t̪ ɛ ŋ k j ʊ
tenor	t̪ ɛ n̪ o ɾ
tenoryo	t̪ ɛ n̪ o ɾ j o
tensiyon	t̪ ɛ n̪ s j o n̪
tensiyon	t̪ ɛ n̪ ʃ o n̪
tensiyonado	t̪ ɛ n̪ s j o n̪ aː d̪ o
tensiyonado	t̪ ɛ n̪ ʃ o n̪ aː d̪ o
tensyon	t̪ ɛ n̪ s j o n̪
tensyon	t̪ ɛ n̪ ʃ o n̪
tensyonado	t̪ ɛ n̪ s j o n̪ aː d̪ o
tensyonado	t̪ ɛ n̪ ʃ o n̪ aː d̪ o
tenyente	t̪ ɛ n ɲ ɛ n̪ t̪ ɛ
tenyente	t̪ ɛ n̪ j ɛ n̪ t̪ ɛ
teodisea	t̪ ɛ j o d̪ ɪ s ɛː j ɐ
teodisiya	t̪ ɛ j o d̪ ɪ s iː j ɐ
teokrasya	t̪ ɛ j o k ɾ a s j ɐ
teokrasya	t̪ ɛ j o k ɾ aː ʃ ɐ
teologo	t̪ ɛ j oː l o ɣ o
teolohia	t̪ ɛ j o l o h iː j ɐ
teolohiya	t̪ ɛ j o l o h iː j ɐ
teoriya	t̪ ɛ j o ɾ iː j ɐ
teorya	t̪ ɛ j o ɾ j ɐ
tepok	t̪ ɛː p o k̚
terakota	t̪ ɛː ɾ ɐ x oː t̪ ɐ
terasa	t̪ ɛ ɾ aː s ɐ
terestriyal	t̪ ɛ ɾ ɛ s t̪ ɾ j a l
terible	t̪ ɛ ɾ i b l ɛ
teritoryo	t̪ ɛ ɾ ɪ t̪ o ɾ j o
terminal	t̪ ɛ ɾ m ɪ n̪ a l
termino	t̪ ɛ ɾ m ɪ n̪ o
termometro	t̪ ɛ ɾ m o m ɛː t̪ ɾ o
termometro	t̪ ɛ ɾ m oː m ɛ t̪ ɾ o
termos	t̪ ɛ ɾ m o s
ternate	t̪ ɛ ɾ n̪ aː t̪ ɛ
terno	t̪ ɛ ɾ n̪ o
terorismo	t̪ ɛ ɾ o ɾ i s m o
terorista	t̪ ɛ ɾ o ɾ i s t̪ ɐ
tersera	t̪ ɛ ɾ s ɛː ɾ ɐ
tersiyaryo	t̪ ɛ ɾ s j a ɾ j o
tersiyaryo	t̪ ɛ ɾ ʃ a ɾ j o
tersiyopelo	t̪ ɛ ɾ s j o p ɛː l o
tersiyopelo	t̪ ɛ ɾ ʃ o p ɛː l o
tesauro	t̪ ɛ s a ʊ̯ ɾ o
tesawro	t̪ ɛ s a ʊ̯ ɾ o
tesbuk	t̪ ɛ s b ʊ k̚
tesis	t̪ ɛː s ɪ s
tesoreriya	t̪ ɛ s o ɾ ɛ ɾ iː j ɐ
tesorero	t̪ ɛ s o ɾ ɛː ɾ o
testamento	t̪ ɛ s t̪ ɐ m ɛ n̪ t̪ o
testigo	t̪ ɛ s t̪ iː ɣ o
testimonya	t̪ ɛ s t̪ ɪ m o n̪ j ɐ
testimonya	t̪ ɛ s t̪ ɪ m oː ɲ ɐ
testimonyo	t̪ ɛ s t̪ ɪ m o n̪ j o
testimonyo	t̪ ɛ s t̪ ɪ m oː ɲ o
testing	t̪ ɛ s t̪ ɪ ŋ
testo	t̪ ɛ s t̪ o
testura	t̪ ɛ s t̪ uː ɾ ɐ
tetano	t̪ ɛː t̪ ɐ n̪ o
tewanak	t̪ ɛː w ɐ n̪ a k̚
teybol	t̪ e ɪ̯ b o l
teyms	t̪ e ɪ̯ m s
teyp	t̪ e ɪ̯ p
teyping	t̪ e ɪ̯ p ɪ ŋ
ti	t̪ ɪ
tiad	t̪ ɪ ʔ a d̪̚
tiangge	t̪ j ɐ ŋ ɡ ɛ ʔ
tiangge	t͡ʃ ɐ ŋ ɡ ɛ ʔ
tiba	t̪ iː b ɐ ʔ
tiba	t̪ ɪ b a
tiba	t̪ ɪ b a ʔ
tibadbad	t̪ ɪ b ɐ d̪ b a d̪̚
tibag	t̪ ɪ b a ɡ̚
tibagan	t̪ iː b aː ɣ ɐ n̪
tibagan	t̪ ɪ b ɐ ɣ a n̪
tibak	t̪ iː b ɐ k̚
tibak	t̪ ɪ b a k̚
tibalbal	t̪ ɪ b ɐ l b a l
tibalsik	t̪ ɪ b ɐ l s ɪ k̚
tibalyaw	t̪ ɪ b ɐ l j a ʊ̯
tibatib	t̪ ɪ b aː t̪ ɪ b̚
tibatib	t̪ ɪ b ɐ t̪ ɪ b̚
tibaw	t̪ iː b a ʊ̯
tibay	t̪ iː b a ɪ̯
tibi	t̪ ɪ b ɪ
tibig	t̪ ɪ b ɪ ɡ̚
tibo	t̪ iː b o ʔ
tibo	t̪ ɪ b o ʔ
tibok	t̪ ɪ b o k̚
tibong	t̪ iː b o ŋ
tibong	t̪ ɪ b o ŋ
tiboom	t̪ ɪ b ʊ m
tibs	t̪ ɪ b s
tibtib	t̪ ɪ b t̪ ɪ b̚
tibubos	t̪ ɪ b uː b o s
tibuyo	t̪ iː b ʊ j o ʔ
tifon	t̪ ɪ f o n̪
tifon	t̪ ɪ p o n̪
tigad	t̪ iː ɣ ɐ d̪̚
tigal	t̪ ɪ ɣ a l
tigam	t̪ ɪ ɣ a m
tigang	t̪ iː ɣ ɐ ŋ
tigang	t̪ ɪ ɣ a ŋ
tigas	t̪ ɪ ɣ a s
tigasaan	t̪ ɪ ɣ ɐ s ɐ ʔ a n̪
tigasan	t̪ ɪ ɣ ɐ s a n̪
tigasin	t̪ iː ɣ aː s ɪ n̪
tigbi	t̪ ɪ ɡ b ɪ
tigbuhol	t̪ ɪ ɡ b ʊ h o l
tigdas	t̪ ɪ ɡ d̪ a s
tighaba	t̪ ɪ ɡ h ɐ b a ʔ
tighabol	t̪ ɪ ɡ h ɐ b o l
tighoy	t̪ ɪ ɡ h o ɪ̯
tigib	t̪ ɪ ɣ ɪ b̚
tigidig	t̪ ɪ ɣ ɪ d̪ ɪ ɡ̚
tigil	t̪ iː ɣ ɪ l
tigil	t̪ ɪ ɣ ɪ l
tigilan	t̪ ɪ ɣ iː l ɐ n̪
tigilan	t̪ ɪ ɣ ɪ l a n̪
tigis	t̪ iː ɣ ɪ s
tigis	t̪ ɪ ɣ ɪ s
tigiti	t̪ ɪ ɣ iː t̪ ɪ
tigkal	t̪ ɪ ɡ k a l
tigmak	t̪ ɪ ɡ m a k̚
tigmamanok	t̪ ɪ ɡ m ɐ m ɐ n̪ o k̚
tigmata	t̪ ɪ ɡ m ɐ t̪ a
tignan	t̪ ɪ ɡ n̪ a n̪
tignas	t̪ ɪ ɡ n̪ a s
tigok	t̪ ɪ ɣ o k̚
tigpas	t̪ ɪ ɡ p a s
tigpo	t̪ ɪ ɡ p o ʔ
tigre	t̪ iː ɡ ɾ ɛ
tigyawat	t̪ ɪ ɡ j aː w ɐ t̪̚
tiham	t̪ iː h ɐ m
tihaya	t̪ ɪ h aː j ɐ ʔ
tihaya	t̪ ɪ h ɐ j a ʔ
tiheras	t̪ ɪ h ɛː ɾ ɐ s
tihil	t̪ iː h ɪ l
tihiras	t̪ ɪ h iː ɾ ɐ s
tihiras	t̪ ɪ h ɪ ɾ a s
tiho	t̪ iː h o ʔ
tiim	t̪ ɪ ʔ ɪ m
tiis	t̪ ɪ ʔ ɪ s
tiisin	t̪ ɪ ʔ iː s ɪ n̪
tiisin	t̪ ɪ ʔ ɪ s ɪ n̪
tika	t̪ iː x ɐ
tika	t̪ iː x ɐ ʔ
tika	t̪ ɪ x a
tika	t̪ ɪ x a ʔ
tikab	t̪ ɪ x a b̚
tikal	t̪ iː x ɐ l
tikal	t̪ ɪ x a l
tikang	t̪ ɪ x a ŋ
tikas	t̪ iː x ɐ s
tikayo	t̪ ɪ x ɐ j o
tikbalang	t̪ ɪ k b aː l ɐ ŋ
tikdas	t̪ ɪ k d̪ a s
tiket	t̪ iː x ɛ t̪̚
tikho	t̪ ɪ k h o ʔ
tikim	t̪ ɪ x ɪ m
tikin	t̪ ɪ x ɪ n̪
tikitan	t̪ ɪ x iː t̪ ɐ n̪
tikitan	t̪ ɪ x ɪ t̪ a n̪
tikitiki	t̪ ɪ x ɪ t̪ iː x ɪ
tikling	t̪ ɪ k l ɪ ŋ
tiklo	t̪ ɪ k l o ʔ
tiklop	t̪ ɪ k l o p̚
tikman	t̪ ɪ k m a n̪
tikod	t̪ ɪ x o d̪̚
tikom	t̪ iː x o m
tikom	t̪ ɪ x o m
tikoy	t̪ iː x o ɪ̯
tikri	t̪ ɪ k ɾ ɪ ʔ
tiktik	t̪ ɪ k t̪ ɪ k̚
tiktiko	t̪ ɪ k t̪ iː x o ʔ
tiktilaok	t̪ ɪ k t̪ ɪ l aː ʔ o k̚
tikwas	t̪ ɪ k w a s
tikwi	t̪ ɪ k w ɪ
tikwi	t̪ ɪ k w ɪ ʔ
tila	t̪ iː l ɐ
tila	t̪ iː l ɐ ʔ
tilad	t̪ ɪ l a d̪̚
tilagpak	t̪ ɪ l ɐ ɡ p a k̚
tilalay	t̪ ɪ l aː l a ɪ̯
tilamsik	t̪ ɪ l ɐ m s ɪ k̚
tilandog	t̪ ɪ l ɐ n̪ d̪ o ɡ̚
tilandoy	t̪ ɪ l ɐ n̪ d̪ o ɪ̯
tilao	t̪ ɪ l ɐ ʔ o
tilaok	t̪ ɪ l aː ʔ o k̚
tilap	t̪ iː l ɐ p̚
tilapon	t̪ ɪ l aː p o n̪
tilapya	t̪ ɪ l a p j ɐ
tilapya	t̪ ɪ l a p j ɐ ʔ
tilapya	t̪ ɪ l ɐ p j a ʔ
tilarok	t̪ ɪ l aː ɾ o k̚
tilas	t̪ iː l ɐ s
tilasitha	t̪ ɪ l ɐ s ɪ t̪ h a ʔ
tilay	t̪ iː l a ɪ̯
tilde	t̪ i l d̪ ɛ
tili	t̪ iː l ɪ
tili	t̪ ɪ l ɪ
tili	t̪ ɪ l ɪ ʔ
tililing	t̪ ɪ l ɪ l ɪ ŋ
tilin	t̪ iː l ɪ n̪
tilis	t̪ iː l ɪ s
tilis	t̪ ɪ l ɪ s
tilos	t̪ iː l o s
tilos	t̪ ɪ l o s
tim	t̪ ɪ m
timak	t̪ ɪ m a k̚
timang	t̪ ɪ m a ŋ
timawa	t̪ ɪ m aː w ɐ ʔ
timayok	t̪ ɪ m aː j o k̚
timba	t̪ ɪ m b a ʔ
timbang	t̪ ɪ m b a ŋ
timbangan	t̪ ɪ m b aː ŋ ɐ n̪
timbangan	t̪ ɪ m b ɐ ŋ a n̪
timbanin	t̪ ɪ m b aː n̪ ɪ n̪
timbaw	t̪ ɪ m b a ʊ̯
timbog	t̪ ɪ m b o ɡ̚
timbol	t̪ ɪ m b o l
timbon	t̪ ɪ m b o n̪
timbre	t̪ i m b ɾ ɛ
timbs	t̪ ɪ m b s
timbulan	t̪ ɪ m b uː l ɐ n̪
timbulog	t̪ ɪ m b uː l o ɡ̚
timbulog	t̪ ɪ m b ʊ l o ɡ̚
timbulugin	t̪ ɪ m b ʊ l uː ɣ ɪ n̪
timbuwang	t̪ ɪ m b w a ŋ
timig	t̪ iː m ɪ ɡ̚
timo	t̪ iː m o ʔ
timog	t̪ iː m o ɡ̚
timos	t̪ iː m o s
timpalak	t̪ ɪ m p aː l ɐ k̚
timpalak	t̪ ɪ m p ɐ l a k̚
timpi	t̪ ɪ m p ɪ ʔ
timpla	t̪ ɪ m p l a
timsim	t̪ ɪ m s ɪ m
timuro	t̪ ɪ m uː ɾ o ʔ
timyas	t̪ ɪ m j a s
tina	t̪ iː n̪ ɐ ʔ
tinag	t̪ iː n̪ ɐ ɡ̚
tinag	t̪ ɪ n̪ a ɡ̚
tinalaban	t̪ ɪ n̪ ɐ l ɐ b a n̪
tinalong	t̪ ɪ n̪ ɐ l o ŋ
tinalunan	t̪ ɪ n̪ ɐ l ʊ n̪ a n̪
tinamaan	t̪ ɪ n̪ ɐ m aː ʔ ɐ n̪
tinampo	t̪ ɪ n̪ ɐ m p o
tinaon	t̪ ɪ n̪ ɐ ʔ o n̪
tinapa	t̪ ɪ n̪ aː p ɐ
tinapa	t̪ ɪ n̪ ɐ p a
tinapay	t̪ ɪ n̪ aː p a ɪ̯
tinatalunan	t̪ ɪ n̪ aː t̪ ɐ l ʊ n̪ a n̪
tinaw	t̪ iː n̪ a ʊ̯
tinaw	t̪ ɪ n̪ a ʊ̯
tinda	t̪ i n̪ d̪ ɐ
tinda	t̪ ɪ n̪ d̪ a
tindahan	t̪ ɪ n̪ d̪ aː h ɐ n̪
tindak	t̪ ɪ n̪ d̪ a k̚
tindalo	t̪ ɪ n̪ d̪ aː l o ʔ
tindalo	t̪ ɪ n̪ d̪ ɐ l o
tindera	t̪ ɪ n̪ d̪ ɛː ɾ ɐ
tindero	t̪ ɪ n̪ d̪ ɛː ɾ o
tindi	t̪ ɪ n̪ d̪ ɪ
tindig	t̪ ɪ n̪ d̪ ɪ ɡ̚
tinedor	t̪ ɪ n̪ ɛ d̪ o ɾ
tinedyer	t̪ ɪ n̪ ɛ d̪ j ɛ ɾ
tinedyer	t̪ ɪ n̪ ɛː d͡ʒ ɛ ɾ
tinga	t̪ ɪ ŋ a
tingala	t̪ ɪ ŋ ɐ l a ʔ
tingalaan	t̪ iː ŋ ɐ l aː ʔ ɐ n̪
tingalaan	t̪ ɪ ŋ ɐ l ɐ ʔ a n̪
tingga	t̪ ɪ ŋ ɡ a ʔ
tinggahitam	t̪ ɪ ŋ ɡ ɐ h iː t̪ ɐ m
tinggaputi	t̪ ɪ ŋ ɡ ɐ p uː t̪ ɪ
tinggil	t̪ ɪ ŋ ɡ ɪ l
tinghoy	t̪ i ŋ h o ɪ̯
tinghoy	t̪ ɪ ŋ h o ɪ̯
tingi	t̪ ɪ ŋ ɪ
tingi	t̪ ɪ ŋ ɪ ʔ
tingid	t̪ ɪ ŋ ɪ d̪̚
tingig	t̪ iː ŋ ɪ ɡ̚
tingin	t̪ ɪ ŋ ɪ n̪
tinginan	t̪ iː ŋ iː n̪ ɐ n̪
tinginan	t̪ ɪ ŋ ɪ n̪ a n̪
tingirin	t̪ iː ŋ iː ɾ ɪ n̪
tingirin	t̪ ɪ ŋ ɪ ɾ ɪ n̪
tingka	t̪ ɪ ŋ k a ʔ
tingkad	t̪ ɪ ŋ k a d̪̚
tingkayad	t̪ ɪ ŋ k ɐ j a d̪̚
tingloy	t̪ ɪ n̪ l o ɪ̯
tingnan	t̪ ɪ ŋ n̪ a n̪
tingni	t̪ ɪ ŋ n̪ ɪ
tingting	t̪ ɪ n̪ t̪ ɪ ŋ
tingwirin	t̪ ɪ ŋ w iː ɾ ɪ n̪
tinidor	t̪ ɪ n̪ ɪ d̪ o ɾ
tinig	t̪ iː n̪ ɪ ɡ̚
tinik	t̪ ɪ n̪ ɪ k̚
tinikling	t̪ ɪ n̪ ɪ k l ɪ ŋ
tiningalaan	t̪ ɪ n̪ ɪ ŋ ɐ l ɐ ʔ a n̪
tininte	t̪ ɪ n̪ ɪ n̪ t̪ ɛ
tininti	t̪ ɪ n̪ ɪ n̪ t̪ ɪ
tinip	t̪ ɪ n̪ ɪ p̚
tinis	t̪ iː n̪ ɪ s
tinis	t̪ ɪ n̪ ɪ s
tinitingalaan	t̪ ɪ n̪ iː t̪ ɪ ŋ ɐ l ɐ ʔ a n̪
tinloy	t̪ ɪ n̪ l o ɪ̯
tino	t̪ ɪ n̪ o ʔ
tinola	t̪ ɪ n̪ oː l ɐ
tinrahan	t̪ ɪ n̪ ɾ aː h ɐ n̪
tinsim	t̪ ɪ n̪ s ɪ m
tinta	t̪ i n̪ t̪ ɐ
tinta	t̪ ɪ n̪ t̪ a
tintero	t̪ ɪ n̪ t̪ ɛː ɾ o
tintimpiye	t̪ ɪ n̪ t̪ ɪ m p j ɛ
tintimpye	t̪ ɪ n̪ t̪ ɪ m p j ɛ
tinyente	t̪ ɪ n ɲ ɛ n̪ t̪ ɛ
tinyente	t̪ ɪ n̪ j ɛ n̪ t̪ ɛ
tip	t̪ ɪ p̚
tipa	t̪ ɪ p a
tipa	t̪ ɪ p a ʔ
tipak	t̪ ɪ p a k̚
tipaklong	t̪ ɪ p ɐ k l o ŋ
tipan	t̪ ɪ p a n̪
tipano	t̪ iː p ɐ n̪ o
tipar	t̪ ɪ p a ɾ
tipdas	t̪ ɪ p d̪ a s
tipid	t̪ ɪ p ɪ d̪̚
tipik	t̪ ɪ p ɪ k̚
tiplag	t̪ ɪ p l a ɡ̚
tiplas	t̪ ɪ p l a s
tiple	t̪ i p l ɛ
tipo	t̪ iː p o
tipo	t̪ iː p o ʔ
tipo	t̪ ɪ p o ʔ
tipon	t̪ iː p o n̪
tipon	t̪ ɪ p o n̪
tipuno	t̪ ɪ p uː n̪ o ʔ
tira	t̪ iː ɾ ɐ
tira	t̪ iː ɾ ɐ ʔ
tira	t̪ ɪ ɾ a
tira	t̪ ɪ ɾ a ʔ
tirabuson	t̪ ɪ ɾ ɐ b ʊ s o n̪
tirada	t̪ ɪ ɾ aː d̪ ɐ
tirador	t̪ ɪ ɾ ɐ d̪ o ɾ
tirahan	t̪ iː ɾ aː h ɐ n̪
tirahan	t̪ ɪ ɾ aː h ɐ n̪
tirahan	t̪ ɪ ɾ ɐ h a n̪
tirahin	t̪ ɪ ɾ aː h ɪ n̪
tirak	t̪ ɪ ɾ a k̚
tiramisu	t̪ ɪ ɾ ɐ m ɪ s ʊ
tiraniya	t̪ ɪ ɾ aː n̪ j ɐ
tiraniya	t̪ ɪ ɾ aː ɲ ɐ
tiraniya	t̪ ɪ ɾ ɐ n̪ iː j ɐ
tirgas	t̪ i ɾ ɡ ɐ s
tirgasin	t̪ i ɾ ɡ ɐ s ɪ n̪
tirik	t̪ iː ɾ ɪ k̚
tirik	t̪ ɪ ɾ ɪ k̚
tirintas	t̪ ɪ ɾ ɪ n̪ t̪ a s
tiririt	t̪ ɪ ɾ ɪ ɾ ɪ t̪̚
tiris	t̪ ɪ ɾ ɪ s
tirong	t̪ ɪ ɾ o ŋ
tirya	t̪ i ɾ j ɐ
tisa	t̪ iː s ɐ
tisa	t̪ iː s ɐ ʔ
tisay	t̪ ɪ s a ɪ̯
tisod	t̪ iː s o d̪̚
tisod	t̪ ɪ s o d̪̚
tisoy	t̪ ɪ s o ɪ̯
tistis	t̪ ɪ s t̪ ɪ s
tisyu	t̪ i s j ʊ
tisyu	t̪ iː ʃ ʊ
tita	t̪ iː t̪ ɐ
tite	t̪ iː t̪ ɛ ʔ
titi	t̪ iː t̪ ɛ ʔ
titi	t̪ iː t̪ ɪ
titi	t̪ iː t̪ ɪ ʔ
titi	t̪ ɪ t̪ ɪ ʔ
titig	t̪ iː t̪ ɪ ɡ̚
titik	t̪ iː t̪ ɪ k̚
titil	t̪ iː t̪ ɪ l
titingala	t̪ ɪ t̪ ɪ ŋ ɐ l a ʔ
titingalaan	t̪ iː t̪ ɪ ŋ ɐ l ɐ ʔ a n̪
titis	t̪ iː t̪ ɪ s
titis	t̪ ɪ t̪ ɪ s
titisan	t̪ ɪ t̪ iː s ɐ n̪
titisan	t̪ ɪ t̪ ɪ s a n̪
tito	t̪ iː t̪ o
tito	t̪ iː t̪ o ʔ
titser	t̪ i t̪ s ɛ ɾ
titser	t̪ iː t͡ʃ ɛ ɾ
titulo	t̪ iː t̪ ʊ l o
tiwa	t̪ iː w ɐ
tiwa	t̪ iː w ɐ ʔ
tiwakal	t̪ ɪ w ɐ x a l
tiwal	t̪ iː w ɐ l
tiwala	t̪ ɪ w aː l ɐ ʔ
tiwalag	t̪ ɪ w ɐ l a ɡ̚
tiwalagan	t̪ iː w ɐ l aː ɣ ɐ n̪
tiwalagan	t̪ ɪ w ɐ l ɐ ɣ a n̪
tiwali	t̪ ɪ w ɐ l ɪ ʔ
tiwangwang	t̪ ɪ w ɐ ŋ w a ŋ
tiwarik	t̪ ɪ w ɐ ɾ ɪ k̚
tiwas	t̪ ɪ w a s
tiwasan	t̪ iː w aː s ɐ n̪
tiwasay	t̪ ɪ w aː s a ɪ̯
tiwasay	t̪ ɪ w ɐ s a ɪ̯
tiya	t̪ iː j ɐ
tiya	t̪ j a
tiya	t͡ʃ a
tiyad	t̪ j a d̪̚
tiyaga	t̪ j ɐ ɣ a ʔ
tiyaga	t͡ʃ ɐ ɣ a ʔ
tiyahin	t̪ j aː h ɪ n̪
tiyahin	t͡ʃ aː h ɪ n̪
tiyak	t̪ j a k̚
tiyak	t͡ʃ a k̚
tiyakad	t̪ j ɐ x a d̪̚
tiyakad	t͡ʃ ɐ x a d̪̚
tiyan	t̪ j a n̪
tiyan	t͡ʃ a n̪
tiyanak	t̪ j aː n̪ ɐ k̚
tiyanak	t͡ʃ aː n̪ ɐ k̚
tiyane	t̪ j aː n̪ ɛ ʔ
tiyane	t͡ʃ aː n̪ ɛ ʔ
tiyang	t̪ j a ŋ
tiyang	t͡ʃ a ŋ
tiyangge	t̪ j ɐ ŋ ɡ ɛ ʔ
tiyangge	t͡ʃ ɐ ŋ ɡ ɛ ʔ
tiyanggi	t̪ j a ŋ ɡ ɪ
tiyanggi	t̪ j ɐ ŋ ɡ ɪ ʔ
tiyanggi	t͡ʃ a ŋ ɡ ɪ
tiyanggi	t͡ʃ ɐ ŋ ɡ ɪ ʔ
tiyani	t̪ j aː n̪ ɛ ʔ
tiyani	t̪ j aː n̪ ɪ ʔ
tiyani	t͡ʃ aː n̪ ɛ ʔ
tiyani	t͡ʃ aː n̪ ɪ ʔ
tiyansa	t̪ j a n̪ s ɐ
tiyansa	t͡ʃ a n̪ s ɐ
tiyaong	t̪ j aː ʔ o ŋ
tiyaong	t̪ j ɐ ʔ o ŋ
tiyaong	t͡ʃ aː ʔ o ŋ
tiyaong	t͡ʃ ɐ ʔ o ŋ
tiyara	t̪ j aː ɾ ɐ
tiyara	t͡ʃ aː ɾ ɐ
tiyempo	t̪ j ɛ m p o
tiyempo	t͡ʃ ɛ m p o
tiyempuhan	t̪ j ɛ m p uː h ɐ n̪
tiyempuhan	t̪ j ɛ m p ʊ h a n̪
tiyempuhan	t͡ʃ ɛ m p uː h ɐ n̪
tiyempuhan	t͡ʃ ɛ m p ʊ h a n̪
tiyera	t̪ j ɛː ɾ ɐ
tiyera	t͡ʃ ɛː ɾ ɐ
tiyesa	t̪ j ɛː s ɐ
tiyesa	t͡ʃ ɛː s ɐ
tiyo	t̪ iː j o
tiyo	t̪ j o
tiyo	t͡ʃ o
tiyobibo	t̪ j o b iː b o
tiyobibo	t͡ʃ o b iː b o
tiyong	t̪ j o ŋ
tiyong	t͡ʃ o ŋ
tiyope	t̪ j oː p ɛ ʔ
tiyope	t͡ʃ oː p ɛ ʔ
tiyubibo	t̪ j ʊ b iː b o
tiyubibo	t͡ʃ ʊ b iː b o
tiyuhin	t̪ j uː h ɪ n̪
tiyuhin	t͡ʃ uː h ɪ n̪
tiyuka	t̪ j uː x ɐ ʔ
tiyuka	t͡ʃ uː x ɐ ʔ
tiyutor	t̪ j uː t̪ o ɾ
tiyutor	t͡ʃ uː t̪ o ɾ
tlg	t̪ ɐ l ɐ ɣ a
to	t̪ o
tobalats	t̪ o b ɐ l a t̪ s
todas	t̪ oː d̪ ɐ s
todo	t̪ oː d̪ o
toga	t̪ oː ɣ ɐ
toge	t̪ oː ɣ ɛ
tok	t̪ o k̚
toka	t̪ oː x ɐ
tokador	t̪ o x ɐ d̪ o ɾ
tokaya	t̪ o x aː j ɐ
tokayo	t̪ o x aː j o
tokhang	t̪ o k h a ŋ
tokneneng	t̪ o k n̪ ɛː n̪ ɛ ŋ
tokoy	t̪ oː x o ɪ̯
tokwa	t̪ o k w ɐ
tol	t̪ o l
tolda	t̪ o l d̪ ɐ
tolerable	t̪ o l ɛ ɾ a b l ɛ
tolerante	t̪ o l ɛ ɾ a n̪ t̪ ɛ
tolongges	t̪ o l o ŋ ɡ ɛ s
toma	t̪ oː m ɐ
toma	t̪ oː m ɐ ʔ
tomador	t̪ o m ɐ d̪ o ɾ
tomboy	t̪ o m b o ɪ̯
tomguts	t̪ o m ɡ ʊ t̪ s
tomo	t̪ oː m o
tonelada	t̪ o n̪ ɛ l aː d̪ ɐ
tong	t̪ o ŋ
tonghits	t̪ o ŋ h ɪ t̪ s
tongits	t̪ oː ŋ ɪ t̪ s
tongpats	t̪ o m p ɐ t̪ s
toniko	t̪ oː n̪ ɪ x o
tono	t̪ oː n̪ o
tonsura	t̪ o n̪ s uː ɾ ɐ
tonta	t̪ o n̪ t̪ ɐ
tonto	t̪ o n̪ t̪ o
topak	t̪ oː p ɐ k̚
topasyo	t̪ o p a s j o
topasyo	t̪ o p aː ʃ o
topograpiya	t̪ o p o ɡ ɾ ɐ p iː j ɐ
tordo	t̪ o ɾ d̪ o
tore	t̪ oː ɾ ɛ
torero	t̪ o ɾ ɛː ɾ o
torete	t̪ o ɾ ɛː t̪ ɛ
tornabiyahe	t̪ o ɾ n̪ ɐ b j aː h ɛ
torneo	t̪ o ɾ n̪ ɛː j o
tornilyo	t̪ o ɾ n̪ i l j o
toro	t̪ oː ɾ o
torotot	t̪ o ɾ oː t̪ o t̪̚
torpe	t̪ o ɾ p ɛ
torta	t̪ o ɾ t̪ ɐ
tortiyur	t̪ o ɾ t̪ j ʊ ɾ
tortiyur	t̪ o ɾ t͡ʃ ʊ ɾ
tortyur	t̪ o ɾ t̪ j ʊ ɾ
tortyur	t̪ o ɾ t͡ʃ ʊ ɾ
tosilog	t̪ oː s ɪ l o ɡ̚
tosino	t̪ o s iː n̪ o
tosta	t̪ o s t̪ a
tostado	t̪ o s t̪ aː d̪ o
tostador	t̪ o s t̪ ɐ d̪ o ɾ
total	t̪ o t̪ a l
total	t̪ oː t̪ ɐ l
totnak	t̪ o t̪ n̪ ɐ k̚
totniyak	t̪ o t̪ n̪ j ɐ k̚
totniyak	t̪ o t̪ ɲ ɐ k̚
totnyak	t̪ o t̪ n̪ j ɐ k̚
totnyak	t̪ o t̪ ɲ ɐ k̚
toto	t̪ oː t̪ o
toto	t̪ oː t̪ o ʔ
totoo	t̪ o t̪ o ʔ o
totoo	t̪ o t̪ oː ʔ o
totoy	t̪ oː t̪ o ɪ̯
toyo	t̪ oː j o ʔ
toyomansi	t̪ oː j o m ɐ n̪ s ɪ ʔ
trabahador	t̪ ɾ ɐ b ɐ h ɐ d̪ o ɾ
trabahadora	t̪ ɾ ɐ b ɐ h ɐ d̪ oː ɾ ɐ
trabahadores	t̪ ɾ ɐ b ɐ h ɐ d̪ oː ɾ ɛ s
trabaho	t̪ ɾ ɐ b aː h o
trabyesa	t̪ ɾ ɐ b j ɛː s ɐ
tradisyon	t̪ ɾ ɐ d̪ ɪ s j o n̪
tradisyon	t̪ ɾ ɐ d̪ ɪ ʃ o n̪
tradisyonal	t̪ ɾ ɐ d̪ ɪ s j o n̪ a l
tradisyonal	t̪ ɾ ɐ d̪ ɪ ʃ o n̪ a l
tradisyunal	t̪ ɾ ɐ d̪ ɪ s j ʊ n̪ a l
tradisyunal	t̪ ɾ ɐ d̪ ɪ ʃ ʊ n̪ a l
tradyektori	t̪ ɾ ɐ d d͡ʒ ɛ k t̪ o ɾ ɪ
tradyektori	t̪ ɾ ɐ d̪ j ɛ k t̪ o ɾ ɪ
trahe	t̪ ɾ aː h ɛ
trahedya	t̪ ɾ ɐ h ɛ d̪ j ɐ
trahedya	t̪ ɾ ɐ h ɛː d͡ʒ ɐ
traidor	t̪ ɾ a ɪ̯ d̪ o ɾ
traidor	t̪ ɾ ɐ ʔ ɪ d̪ o ɾ
traidora	t̪ ɾ a ɪ̯ d̪ oː ɾ ɐ
traidora	t̪ ɾ ɐ ʔ ɪ d̪ oː ɾ ɐ
traisyon	t̪ ɾ a ɪ̯ s j o n̪
traisyon	t̪ ɾ a ɪ̯ ʃ o n̪
traisyon	t̪ ɾ ɐ ʔ ɪ s j o n̪
traisyon	t̪ ɾ ɐ ʔ ɪ ʃ o n̪
trajektori	t̪ ɾ ɐ d̪ j ɛ k t̪ o ɾ ɪ
trajektori	t̪ ɾ ɐ d͡ʒ ɛ k t̪ o ɾ ɪ
trak	t̪ ɾ a k̚
trambiya	t̪ ɾ ɐ m b iː j ɐ
trambiya	t̪ ɾ ɐ m b j a
trangkaso	t̪ ɾ ɐ ŋ k aː s o
transaksiyon	t̪ ɾ ɐ n̪ s ɐ k s j o n̪
transaksiyon	t̪ ɾ ɐ n̪ s ɐ k ʃ o n̪
translacion	t̪ ɾ ɐ n̪ s l ɐ s j o n̪
translacion	t̪ ɾ ɐ n̪ s l ɐ ʃ o n̪
translasyon	t̪ ɾ ɐ n̪ s l ɐ s j o n̪
translasyon	t̪ ɾ ɐ n̪ s l ɐ ʃ o n̪
transmisyon	t̪ ɾ ɐ n̪ s m ɪ s j o n̪
transmisyon	t̪ ɾ ɐ n̪ s m ɪ ʃ o n̪
transparensi	t̪ ɾ ɐ n̪ s p aː ɾ ɛ n̪ s ɪ
transparente	t̪ ɾ ɐ n̪ s p ɐ ɾ ɛ n̪ t̪ ɛ
transpinay	t̪ ɾ a n̪ s p ɪ n̪ a ɪ̯
transpinoy	t̪ ɾ a n̪ s p ɪ n̪ o ɪ̯
transpormasyon	t̪ ɾ ɐ n̪ s p o ɾ m ɐ s j o n̪
transpormasyon	t̪ ɾ ɐ n̪ s p o ɾ m ɐ ʃ o n̪
transportasyon	t̪ ɾ ɐ n̪ s p o ɾ t̪ ɐ s j o n̪
transportasyon	t̪ ɾ ɐ n̪ s p o ɾ t̪ ɐ ʃ o n̪
transporte	t̪ ɾ ɐ n̪ s p o ɾ t̪ ɛ
trapeseo	t̪ ɾ ɐ p ɛ s ɛː j o
trapeseyo	t̪ ɾ ɐ p ɛ s ɛː j o
trapesoyde	t̪ ɾ ɐ p ɛ s o ɪ̯ d̪ ɛ
trapesyo	t̪ ɾ ɐ p ɛ s j o
trapesyo	t̪ ɾ ɐ p ɛː ʃ o
trapik	t̪ ɾ aː p ɪ k̚
trapikante	t̪ ɾ ɐ p ɪ x a n̪ t̪ ɛ
trapiko	t̪ ɾ aː p ɪ x o
trapo	t̪ ɾ aː p o
trasparente	t̪ ɾ ɐ s p ɐ ɾ ɛ n̪ t̪ ɛ
tratado	t̪ ɾ ɐ t̪ aː d̪ o
trato	t̪ ɾ aː t̪ o
trawma	t̪ ɾ a ʊ̯ m ɐ
trawma	t̪ ɾ oː m ɐ
trayanggulo	t̪ ɾ ɐ j a ŋ ɡ ʊ l o
traydor	t̪ ɾ a ɪ̯ d̪ o ɾ
traydora	t̪ ɾ a ɪ̯ d̪ oː ɾ ɐ
trayektorya	t̪ ɾ ɐ j ɛ k t̪ o ɾ j ɐ
traylingguwal	t̪ ɾ a ɪ̯ l i ŋ ɡ w ɐ l
traylingguwal	t̪ ɾ a ɪ̯ l ɪ ŋ ɡ w a l
traylinggwal	t̪ ɾ a ɪ̯ l i ŋ ɡ w ɐ l
traylinggwal	t̪ ɾ a ɪ̯ l ɪ ŋ ɡ w a l
traymestre	t̪ ɾ a ɪ̯ m ɛ s t̪ ɾ ɛ
traysikel	t̪ ɾ a ɪ̯ s ɪ x ɛ l
traysikelan	t̪ ɾ a ɪ̯ s ɪ x ɛː l ɐ n̪
traysiyon	t̪ ɾ a ɪ̯ s j o n̪
traysiyon	t̪ ɾ a ɪ̯ ʃ o n̪
traysyon	t̪ ɾ a ɪ̯ s j o n̪
traysyon	t̪ ɾ a ɪ̯ ʃ o n̪
tren	t̪ ɾ ɛ n̪
trenta	t̪ ɾ ɛ n̪ t̪ ɐ
trentahin	t̪ ɾ ɛ n̪ t̪ aː h ɪ n̪
trentahin	t̪ ɾ ɛ n̪ t̪ ɐ h ɪ n̪
trepilya	t̪ ɾ ɛ p i l j ɐ
tres	t̪ ɾ ɛ s
trese	t̪ ɾ ɛː s ɛ
tresyentos	t̪ ɾ ɛ s j ɛ n̪ t̪ o s
tresyentos	t̪ ɾ ɛ ʃ ɛ n̪ t̪ o s
treynta	t̪ ɾ e ɪ̯ n̪ t̪ ɐ
treynta	t̪ ɾ ɛ n̪ t̪ ɐ
treyntahin	t̪ ɾ e ɪ̯ n̪ t̪ aː h ɪ n̪
treyntahin	t̪ ɾ e ɪ̯ n̪ t̪ ɐ h ɪ n̪
trianggulo	t̪ ɾ ɪ ʔ a ŋ ɡ ʊ l o
tribo	t̪ ɾ iː b o
tribu	t̪ ɾ iː b ʊ
tribunal	t̪ ɾ ɪ b ʊ n̪ a l
tributaryo	t̪ ɾ ɪ b ʊ t̪ a ɾ j o
tributo	t̪ ɾ ɪ b uː t̪ o
triduo	t̪ ɾ i d̪ w o
triduo	t̪ ɾ iː d̪ ʊ ʔ o
tridwo	t̪ ɾ i d̪ w o
trigo	t̪ ɾ iː ɣ o
trigonometriya	t̪ ɾ ɪ ɣ o n̪ o m ɛ t̪ ɾ iː j ɐ
triguhan	t̪ ɾ ɪ ɣ uː h ɐ n̪
trilohiya	t̪ ɾ ɪ l o h iː j ɐ
trilyon	t̪ ɾ i l j o n̪
trilyon	t̪ ɾ ɪ l j o n̪
trimestre	t̪ ɾ ɪ m ɛ s t̪ ɾ ɛ
trinidad	t̪ ɾ ɪ n̪ ɪ d̪ a d̪̚
trinitaryanismo	t̪ ɾ ɪ n̪ ɪ t̪ ɐ ɾ j ɐ n̪ i s m o
trinsera	t̪ ɾ ɪ n̪ s ɛː ɾ ɐ
trintas	t̪ ɾ ɪ n̪ t̪ a s
trintsera	t̪ ɾ ɪ n̪ t͡s ɛː ɾ ɐ
trintsera	t̪ ɾ ɪ n̪ t͡ʃ ɛː ɾ ɐ
trip	t̪ ɾ ɪ p̚
tripulante	t̪ ɾ ɪ p ʊ l a n̪ t̪ ɛ
trisiklo	t̪ ɾ ɪ s i k l o
triyanggulo	t̪ ɾ j a ŋ ɡ ʊ l o
trombon	t̪ ɾ o m b o n̪
trompeta	t̪ ɾ o m p ɛː t̪ ɐ
trono	t̪ ɾ oː n̪ o
tropa	t̪ ɾ oː p ɐ
tropatuts	t̪ ɾ o p ɐ t̪ ʊ t̪ s
tropeo	t̪ ɾ o p ɛː j o
tropikal	t̪ ɾ o p ɪ x a l
tropiko	t̪ ɾ oː p ɪ x o
troso	t̪ ɾ oː s o
trosohan	t̪ ɾ o s o h a n̪
truhel	t̪ ɾ ʊ h ɛ l
trumpeta	t̪ ɾ ʊ m p ɛː t̪ ɐ
trumpo	t̪ ɾ ʊ m p o
tsa	t͡s a
tsa	t͡ʃ a
tsaa	t͡s ɐ ʔ a
tsaa	t͡ʃ ɐ ʔ a
tsabita	t͡s ɐ b iː t̪ ɐ
tsabita	t͡ʃ ɐ b iː t̪ ɐ
tsaga	t͡s ɐ ɣ a ʔ
tsaga	t͡ʃ ɐ ɣ a ʔ
tsaka	t͡s aː x ɐ
tsaka	t͡s ɐ x a ʔ
tsaka	t͡ʃ aː x ɐ
tsaketa	t͡s ɐ x ɛː t̪ ɐ
tsaketa	t͡ʃ ɐ x ɛː t̪ ɐ
tsakon	t͡s ɐ x o n̪
tsakon	t͡ʃ ɐ x o n̪
tsaleko	t͡s ɐ l ɛː x o
tsaleko	t͡ʃ ɐ l ɛː x o
tsamba	t͡s a m b ɐ
tsamba	t͡ʃ a m b ɐ
tsami	t͡s aː m ɪ
tsami	t͡ʃ aː m ɪ
tsampaka	t͡s ɐ m p aː x ɐ
tsampaka	t͡ʃ ɐ m p aː x ɐ
tsampan	t͡s ɐ m p a n̪
tsampan	t͡ʃ ɐ m p a n̪
tsampiyon	t͡s a m p j o n̪
tsampiyon	t͡ʃ a m p j o n̪
tsampoy	t͡s ɐ m p o ɪ̯
tsampoy	t͡ʃ ɐ m p o ɪ̯
tsampurado	t͡s ɐ m p ʊ ɾ aː d̪ o
tsampurado	t͡ʃ ɐ m p ʊ ɾ aː d̪ o
tsampyon	t͡s a m p j o n̪
tsampyon	t͡ʃ a m p j o n̪
tsandelyer	t͡s ɐ n̪ d̪ ɛ l j ɛ ɾ
tsandelyer	t͡ʃ ɐ n̪ d̪ ɛ l j ɛ ɾ
tsandilyer	t͡s ɐ n̪ d̪ ɪ l j ɛ ɾ
tsandilyer	t͡ʃ ɐ n̪ d̪ ɪ l j ɛ ɾ
tsane	t͡s aː n̪ ɛ ʔ
tsane	t͡ʃ aː n̪ ɛ ʔ
tsang	t͡s a ŋ
tsang	t͡ʃ a ŋ
tsani	t͡s aː n̪ ɪ ʔ
tsani	t͡ʃ aː n̪ ɪ ʔ
tsansa	t͡s a n̪ s ɐ
tsansa	t͡ʃ a n̪ s ɐ
tsapa	t͡s aː p ɐ
tsapa	t͡ʃ aː p ɐ
tsapsoy	t͡s ɐ p s o ɪ̯
tsapsoy	t͡ʃ ɐ p s o ɪ̯
tsapstik	t͡s a p s t̪ ɪ k̚
tsapstik	t͡ʃ a p s t̪ ɪ k̚
tsapsuy	t͡s ɐ p s ʊ ɪ̯
tsapsuy	t͡ʃ ɐ p s ʊ ɪ̯
tsapter	t͡s a p t̪ ɛ ɾ
tsapter	t͡ʃ a p t̪ ɛ ɾ
tsarera	t͡s ɐ ɾ ɛː ɾ ɐ
tsarera	t͡ʃ ɐ ɾ ɛː ɾ ɐ
tsarol	t͡s ɐ ɾ o l
tsarol	t͡ʃ ɐ ɾ o l
tsart	t͡s a ɹ t̪
tsart	t͡ʃ a ɹ t̪
tsarter	t͡s a ɾ t̪ ɛ ɾ
tsarter	t͡ʃ a ɾ t̪ ɛ ɾ
tsasis	t͡s aː s ɪ s
tsasis	t͡ʃ aː s ɪ s
tsato	t͡s ɐ t̪ o ʔ
tsato	t͡ʃ ɐ t̪ o ʔ
tsatsa	t͡s aː t͡s ɐ
tsatsa	t͡ʃ aː t͡ʃ ɐ
tsatu	t͡s ɐ t̪ ʊ ʔ
tsatu	t͡ʃ ɐ t̪ ʊ ʔ
tsawmin	t͡s a ʊ̯ m ɪ n̪
tsawmin	t͡ʃ a ʊ̯ m ɪ n̪
tse	s ɛ
tse	t͡s ɛ
tse	t͡ʃ ɛ
tsek	t͡s ɛ k̚
tsek	t͡ʃ ɛ k̚
tseke	t͡s ɛː x ɛ
tseke	t͡ʃ ɛː x ɛ
tsekerd	t͡s ɛː x ə ɹ d̪
tsekerd	t͡ʃ ɛː x ə ɹ d̪
tseklis	t͡s ɛ k l ɪ s
tseklis	t͡ʃ ɛ k l ɪ s
tseklist	t͡s ɛ k l ɪ s t̪
tseklist	t͡ʃ ɛ k l ɪ s t̪
tsekpoint	t͡s ɛ k p o ɪ̯ n̪ t̪
tsekpoint	t͡ʃ ɛ k p o ɪ̯ n̪ t̪
tsekpoynt	t͡s ɛ k p o ɪ̯ n̪ t̪
tsekpoynt	t͡ʃ ɛ k p o ɪ̯ n̪ t̪
tsekutso	t͡s ɛː x ʊ t̪ s o
tsekutso	t͡ʃ ɛː x ʊ t t͡ʃ o
tsempedak	t͡s ɛ m p ɛː d̪ ɐ k̚
tsempedak	t͡ʃ ɛ m p ɛː d̪ ɐ k̚
tserman	t͡s ɛ ɾ m ɐ n̪
tserman	t͡ʃ ɛ ɾ m ɐ n̪
tses	t͡s ɛ s
tses	t͡ʃ ɛ s
tsesbord	t͡s ɛ s b o ɹ d̪
tsesbord	t͡ʃ ɛ s b o ɹ d̪
tsetseburetse	t͡s ɛ t̪ s ɛ b ʊ ɾ ɛ t̪ s ɛ
tsetseburetse	t͡ʃ ɛ t t͡ʃ ɛ b ʊ ɾ ɛː t͡ʃ ɛ
tsibog	t͡s ɪ b o ɡ̚
tsibog	t͡ʃ ɪ b o ɡ̚
tsika	t͡s iː x ɐ
tsika	t͡ʃ iː x ɐ
tsikboy	t͡s ɪ k b o ɪ̯
tsikboy	t͡ʃ ɪ k b o ɪ̯
tsiken	t͡s iː x ɛ n̪
tsiken	t͡ʃ iː x ɛ n̪
tsikilya	t͡s ɪ x i l j ɐ
tsikilya	t͡ʃ ɪ x i l j ɐ
tsikilyo	t͡s ɪ x i l j o
tsikilyo	t͡ʃ ɪ x i l j o
tsikinini	t͡s ɪ x ɪ n̪ iː n̪ ɪ ʔ
tsikinini	t͡ʃ ɪ x ɪ n̪ iː n̪ ɪ ʔ
tsikiting	t͡s ɪ x ɪ t̪ ɪ ŋ
tsikiting	t͡ʃ ɪ x ɪ t̪ ɪ ŋ
tsiklet	t͡s i k l ɛ t̪̚
tsiklet	t͡ʃ i k l ɛ t̪̚
tsiko	t͡s iː x o
tsiko	t͡ʃ iː x o
tsikot	t͡s ɪ x o t̪̚
tsikot	t͡ʃ ɪ x o t̪̚
tsiks	t͡s ɪ k s
tsiks	t͡ʃ ɪ k s
tsiminea	t͡s ɪ m ɪ n̪ ɛː j ɐ
tsiminea	t͡ʃ ɪ m ɪ n̪ ɛː j ɐ
tsimpansi	t͡s ɪ m p ɐ n̪ s ɪ
tsimpansi	t͡ʃ ɪ m p ɐ n̪ s ɪ
tsinelas	t͡s ɪ n̪ ɛː l ɐ s
tsinelas	t͡ʃ ɪ n̪ ɛː l ɐ s
tsinita	t͡s ɪ n̪ iː t̪ ɐ
tsinita	t͡ʃ ɪ n̪ iː t̪ ɐ
tsinito	t͡s ɪ n̪ iː t̪ o
tsinito	t͡ʃ ɪ n̪ iː t̪ o
tsip	t͡s ɪ p̚
tsip	t͡ʃ ɪ p̚
tsipipay	t͡s ɪ p iː p a ɪ̯
tsipipay	t͡ʃ ɪ p iː p a ɪ̯
tsireta	t͡s ɪ ɾ ɛː t̪ ɐ
tsireta	t͡ʃ ɪ ɾ ɛː t̪ ɐ
tsismis	t͡s i s m ɪ s
tsismis	t͡s ɪ s m ɪ s
tsismis	t͡ʃ i s m ɪ s
tsismis	t͡ʃ ɪ s m ɪ s
tsismosa	t͡s ɪ s m oː s ɐ
tsismosa	t͡ʃ ɪ s m oː s ɐ
tsismoso	t͡s ɪ s m oː s o
tsismoso	t͡ʃ ɪ s m oː s o
tsispa	t͡s i s p ɐ
tsispa	t͡ʃ i s p ɐ
tsitsa	t͡s i t̪ s ɐ
tsitsa	t͡ʃ iː t͡ʃ ɐ
tsitsaron	t͡s ɪ t̪ s ɐ ɾ o n̪
tsitsaron	t͡ʃ ɪ t t͡ʃ ɐ ɾ o n̪
tsitsirika	t͡s ɪ t̪ s ɪ ɾ iː x ɐ
tsitsirika	t͡ʃ ɪ t t͡ʃ ɪ ɾ iː x ɐ
tsitsirya	t͡s ɪ t̪ s i ɾ j ɐ
tsitsirya	t͡s ɪ t̪ s ɪ ɾ j a
tsitsirya	t͡ʃ ɪ t t͡ʃ i ɾ j ɐ
tsitsirya	t͡ʃ ɪ t t͡ʃ ɪ ɾ j a
tso	t͡s o
tso	t͡ʃ o
tsok	t͡s o k̚
tsok	t͡ʃ o k̚
tsokaran	t͡s o x aː ɾ ɐ n̪
tsokaran	t͡ʃ o x aː ɾ ɐ n̪
tsoker	t͡s oː x ɛ ɾ
tsoker	t͡ʃ oː x ɛ ɾ
tsoko	t͡s oː x o
tsoko	t͡ʃ oː x o
tsokolate	t͡s o x o l aː t̪ ɛ
tsokolate	t͡ʃ o x o l aː t̪ ɛ
tsoku	t͡s oː x ʊ
tsoku	t͡ʃ oː x ʊ
tsong	t͡s o ŋ
tsong	t͡ʃ o ŋ
tsonggo	t͡s o ŋ ɡ o
tsonggo	t͡ʃ o ŋ ɡ o
tsongke	t͡s o ŋ k ɛ
tsongke	t͡s o ŋ k ɛ ʔ
tsongke	t͡ʃ o ŋ k ɛ
tsongke	t͡ʃ o ŋ k ɛ ʔ
tsongki	t͡s o ŋ k ɪ
tsongki	t͡s o ŋ k ɪ ʔ
tsongki	t͡ʃ o ŋ k ɪ
tsongki	t͡ʃ o ŋ k ɪ ʔ
tsoriso	t͡s o ɾ iː s o
tsoriso	t͡ʃ o ɾ iː s o
tsotso	t͡s o t̪ s o ʔ
tsotso	t͡ʃ oː t͡ʃ o ʔ
tsubasko	t͡s ʊ b a s k o
tsubasko	t͡ʃ ʊ b a s k o
tsubibo	t͡s ʊ b iː b o
tsubibo	t͡ʃ ʊ b iː b o
tsugi	t͡s uː ɣ ɪ
tsugi	t͡ʃ uː ɣ ɪ
tsuka	t͡s uː x ɐ ʔ
tsuka	t͡ʃ uː x ɐ ʔ
tsukoy	t͡s uː x o ɪ̯
tsukoy	t͡ʃ uː x o ɪ̯
tsuktsak	t͡s u k t͡s ɐ k̚
tsuktsak	t͡ʃ u k t͡ʃ ɐ k̚
tsuleta	t͡s ʊ l ɛː t̪ ɐ
tsuleta	t͡ʃ ʊ l ɛː t̪ ɐ
tsumaka	t͡s ʊ m aː x ɐ
tsumaka	t͡ʃ ʊ m aː x ɐ
tsumibog	t͡s ʊ m ɪ b o ɡ̚
tsumibog	t͡ʃ ʊ m ɪ b o ɡ̚
tsunami	t͡s ʊ n̪ aː m ɪ
tsunami	t͡ʃ ʊ n̪ aː m ɪ
tsup	t͡s ʊ p̚
tsup	t͡ʃ ʊ p̚
tsupa	t͡s uː p ɐ
tsupa	t͡s ʊ p a ʔ
tsupa	t͡ʃ uː p ɐ
tsupa	t͡ʃ ʊ p a ʔ
tsuper	t͡s ʊ p ɛ ɾ
tsuper	t͡ʃ ʊ p ɛ ɾ
tsupon	t͡s ʊ p o n̪
tsupon	t͡ʃ ʊ p o n̪
tsutor	t͡s uː t̪ o ɾ
tsutor	t͡ʃ uː t̪ o ɾ
tuba	t̪ uː b ɐ
tuba	t̪ ʊ b a ʔ
tubal	t̪ uː b ɐ l
tubalan	t̪ ʊ b ɐ l a n̪
tuberkulosis	t̪ ʊ b ɛ ɾ k ʊ l oː s ɪ s
tubero	t̪ ʊ b ɛː ɾ o
tubig	t̪ uː b ɛ ɡ̚
tubig	t̪ uː b ɪ ɡ̚
tubig	t̪ ʊ b ɛ ɡ̚
tubig	t̪ ʊ b ɪ ɡ̚
tubigan	t̪ ʊ b iː ɣ ɐ n̪
tubigan	t̪ ʊ b ɪ ɣ a n̪
tubigbilos	t̪ ʊ b ɪ ɡ b iː l o s
tublik	t̪ ʊ b l ɪ k̚
tubo	t̪ uː b o
tubo	t̪ uː b o ʔ
tubo	t̪ ʊ b o
tubo	t̪ ʊ b o ʔ
tubog	t̪ ʊ b o ɡ̚
tubos	t̪ ʊ b o s
tubuhan	t̪ ʊ b ʊ h a n̪
tubusin	t̪ ʊ b ʊ s ɪ n̪
tudla	t̪ ʊ d̪ l̪ a ʔ
tudlang	t̪ ʊ d̪ l̪ a ŋ
tudlik	t̪ ʊ d̪ l̪ ɪ k̚
tudyo	t̪ ʊ d d͡ʒ o
tudyo	t̪ ʊ d̪ j o
tuga	t̪ ʊ ɣ a
tuga	t̪ ʊ ɣ a ʔ
tugagas	t̪ ʊ ɣ aː ɣ ɐ s
tugagas	t̪ ʊ ɣ ɐ ɣ a s
tugak	t̪ ʊ ɣ a k̚
tugano	t̪ ʊ ɣ aː n̪ o
tugatog	t̪ ʊ ɣ aː t̪ o ɡ̚
tugda	t̪ ʊ ɡ d̪ a ʔ
tugday	t̪ ʊ ɡ d̪ a ɪ̯
tugi	t̪ ʊ ɣ ɪ ʔ
tugis	t̪ uː ɣ ɪ s
tugma	t̪ ʊ ɡ m a ʔ
tugnaw	t̪ ʊ ɡ n̪ a ʊ̯
tugno	t̪ ʊ ɡ n̪ o ʔ
tugon	t̪ ʊ ɣ o n̪
tugot	t̪ uː ɣ o t̪̚
tugoy	t̪ uː ɣ o ɪ̯
tugoysukat	t̪ ʊ ɣ o ɪ̯ s uː x ɐ t̪̚
tugoysukatan	t̪ ʊ ɣ o ɪ̯ s ʊ x ɐ t̪ a n̪
tugtog	t̪ ʊ ɡ t̪ o ɡ̚
tugtugin	t̪ ʊ ɡ t̪ uː ɣ ɪ n̪
tugtugin	t̪ ʊ ɡ t̪ ʊ ɣ ɪ n̪
tuguysipat	t̪ ʊ ɣ ʊ ɪ̯ s iː p ɐ t̪̚
tugya	t̪ ʊ ɡ j a ʔ
tuhak	t̪ ʊ h a k̚
tuhod	t̪ uː h o d̪̚
tuhog	t̪ uː h o ɡ̚
tuhog	t̪ ʊ h o ɡ̚
tuka	t̪ uː x ɐ
tuka	t̪ ʊ x a ʔ
tukador	t̪ ʊ x ɐ d̪ o ɾ
tukaki	t̪ ʊ x aː x ɪ ʔ
tukaki	t̪ ʊ x ɐ x ɪ ʔ
tukang	t̪ ʊ x a ŋ
tukarol	t̪ ʊ x ɐ ɾ o l
tukayo	t̪ ʊ x aː j o
tukhe	t̪ ʊ k h ɛ ʔ
tukhi	t̪ ʊ k h ɪ ʔ
tukil	t̪ uː x ɪ l
tuklap	t̪ ʊ k l a p̚
tuklas	t̪ ʊ k l a s
tuklaw	t̪ ʊ k l a ʊ̯
tuklawin	t̪ ʊ k l ɐ w ɪ n̪
tuklong	t̪ ʊ k l o ŋ
tukmol	t̪ ʊ k m o l
tukneneng	t̪ ʊ k n̪ ɛː n̪ ɛ ŋ
tuko	t̪ ʊ x o
tuko	t̪ ʊ x o ʔ
tukod	t̪ uː x o d̪̚
tukong	t̪ uː x o ŋ
tukong	t̪ ʊ x o ŋ
tukoy	t̪ uː x o ɪ̯
tukoy	t̪ ʊ x o ɪ̯
tukso	t̪ ʊ k s o
tuktok	t̪ ʊ k t̪ o k̚
tula	t̪ uː l ɐ
tula	t̪ ʊ l a ʔ
tulad	t̪ uː l ɐ d̪̚
tulag	t̪ ʊ l a ɡ̚
tulaga	t̪ ʊ l ɐ ɣ a ʔ
tulak	t̪ uː l ɐ k̚
tulakbahala	t̪ uː l ɐ k b ɐ h aː l ɐ ʔ
tulakis	t̪ ʊ l aː x ɪ s
tulakis	t̪ ʊ l ɐ x ɪ s
tulala	t̪ ʊ l aː l ɐ ʔ
tulala	t̪ ʊ l ɐ l a ʔ
tulali	t̪ ʊ l aː l ɪ
tulali	t̪ ʊ l ɐ l ɪ
tulanasan	t̪ ʊ l ɐ n̪ aː s ɐ n̪
tular	t̪ uː l ɐ ɾ
tularan	t̪ ʊ l aː ɾ ɐ n̪
tulas	t̪ uː l ɐ s
tulasok	t̪ ʊ l ɐ s o k̚
tulatod	t̪ ʊ l aː t̪ o d̪̚
tulatod	t̪ ʊ l ɐ t̪ o d̪̚
tulay	t̪ ʊ l a ɪ̯
tuldik	t̪ ʊ l d̪ ɪ k̚
tuldok	t̪ ʊ l d̪ o k̚
tuldukan	t̪ ʊ l d̪ ʊ x a n̪
tuli	t̪ uː l ɪ ʔ
tuli	t̪ ʊ l ɪ ʔ
tulig	t̪ ʊ l ɪ ɡ̚
tuligsa	t̪ ʊ l ɪ ɡ s a ʔ
tuligsain	t̪ ʊ l ɪ ɡ s ɐ ʔ ɪ n̪
tulik	t̪ ʊ l ɪ k̚
tulikan	t̪ ʊ l ɪ x a n̪
tulin	t̪ uː l ɪ n̪
tulingag	t̪ ʊ l ɪ ŋ a ɡ̚
tulingan	t̪ ʊ l iː ŋ ɐ n̪
tuliro	t̪ ʊ l ɪ ɾ o
tulis	t̪ uː l ɪ s
tulis	t̪ ʊ l ɪ s
tulisan	t̪ ʊ l iː s ɐ n̪
tulisan	t̪ ʊ l ɪ s a n̪
tulisanes	t̪ ʊ l ɪ s aː n̪ ɛ s
tulisanismo	t̪ ʊ l ɪ s ɐ n̪ i s m o
tuliya	t̪ ʊ l j a
tulo	t̪ uː l o ʔ
tulod	t̪ uː l o d̪̚
tulog	t̪ uː l o ɡ̚
tulog	t̪ ʊ l o ɡ̚
tulok	t̪ ʊ l o k̚
tulong	t̪ uː l o ŋ
tulos	t̪ uː l o s
tulot	t̪ uː l o t̪̚
tuloy	t̪ uː l o ɪ̯
tuloy	t̪ ʊ l o ɪ̯
tulugan	t̪ ʊ l uː ɣ ɐ n̪
tulugan	t̪ ʊ l ʊ ɣ a n̪
tulungan	t̪ ʊ l uː ŋ ɐ n̪
tulungan	t̪ ʊ l ʊ ŋ a n̪
tulya	t̪ ʊ l j a
tulyahan	t̪ ʊ l j aː h ɐ n̪
tuma	t̪ uː m ɐ
tumaba	t̪ ʊ m ɐ b a ʔ
tumae	t̪ ʊ m aː ʔ ɛ
tumahimik	t̪ ʊ m ɐ h iː m ɪ k̚
tumakas	t̪ ʊ m aː x ɐ s
tumakbo	t̪ ʊ m ɐ k b o
tumal	t̪ uː m ɐ l
tumalab	t̪ ʊ m ɐ l a b̚
tumalas	t̪ ʊ m aː l ɐ s
tumalim	t̪ ʊ m ɐ l ɪ m
tumalima	t̪ ʊ m ɐ l iː m ɐ
tumalino	t̪ ʊ m ɐ l iː n̪ o
tumalon	t̪ ʊ m ɐ l o n̪
tumama	t̪ ʊ m aː m ɐ ʔ
tumamad	t̪ ʊ m ɐ m a d̪̚
tumambling	t̪ ʊ m a m b l ɪ ŋ
tumanda	t̪ ʊ m ɐ n̪ d̪ a ʔ
tumandayag	t̪ ʊ m ɐ n̪ d̪ aː j ɐ ɡ̚
tumanggap	t̪ ʊ m ɐ ŋ ɡ a p̚
tumanggi	t̪ ʊ m ɐ ŋ ɡ ɪ
tumanggong	t̪ ʊ m a ŋ ɡ o ŋ
tumangis	t̪ ʊ m aː ŋ ɪ s
tumangka	t̪ ʊ m ɐ ŋ k a ʔ
tumangkad	t̪ ʊ m ɐ ŋ k a d̪̚
tumanog	t̪ ʊ m aː n̪ o ɡ̚
tumapak	t̪ ʊ m aː p ɐ k̚
tumapat	t̪ ʊ m ɐ p a t̪̚
tumapon	t̪ ʊ m aː p o n̪
tumawa	t̪ ʊ m aː w ɐ
tumawad	t̪ ʊ m aː w ɐ d̪̚
tumawag	t̪ ʊ m aː w ɐ ɡ̚
tumayo	t̪ ʊ m ɐ j o ʔ
tumba	t̪ u m b ɐ
tumba	t̪ ʊ m b a
tumbado	t̪ ʊ m b aː d̪ o
tumbaga	t̪ ʊ m b aː ɣ ɐ
tumbalik	t̪ ʊ m b aː l ɪ k̚
tumbalik	t̪ ʊ m b ɐ l ɪ k̚
tumbas	t̪ ʊ m b a s
tumbasan	t̪ ʊ m b aː s ɐ n̪
tumbasan	t̪ ʊ m b ɐ s a n̪
tumbesi	t̪ ʊ m b ɛː s ɪ
tumbok	t̪ ʊ m b o k̚
tumbong	t̪ ʊ m b o ŋ
tumigas	t̪ ʊ m ɪ ɣ a s
tumili	t̪ ʊ m ɪ l ɪ ʔ
tumimos	t̪ ʊ m iː m o s
tumingala	t̪ ʊ m ɪ ŋ ɐ l a ʔ
tumingin	t̪ ʊ m ɪ ŋ ɪ n̪
tumira	t̪ ʊ m iː ɾ ɐ
tumira	t̪ ʊ m ɪ ɾ a
tumirik	t̪ ʊ m iː ɾ ɪ k̚
tumitingala	t̪ ʊ m iː t̪ ɪ ŋ ɐ l a ʔ
tumiwalag	t̪ ʊ m ɪ w ɐ l a ɡ̚
tumoma	t̪ ʊ m oː m ɐ
tumoma	t̪ ʊ m oː m ɐ ʔ
tumor	t̪ ʊ m o ɾ
tumpa	t̪ ʊ m p a
tumpak	t̪ ʊ m p a k̚
tumpang	t̪ ʊ m p a ŋ
tumpok	t̪ ʊ m p o k̚
tumugis	t̪ ʊ m uː ɣ ɪ s
tumugtog	t̪ ʊ m ʊ ɡ t̪ o ɡ̚
tumukso	t̪ ʊ m ʊ k s o
tumula	t̪ ʊ m ʊ l a ʔ
tumulak	t̪ ʊ m uː l ɐ k̚
tumuldok	t̪ ʊ m ʊ l d̪ o k̚
tumulong	t̪ ʊ m uː l o ŋ
tuna	t̪ uː n̪ ɐ
tuna	t̪ ʊ n̪ a ʔ
tunaisa	t̪ ʊ n̪ ɐ ʔ ɪ s a
tunaw	t̪ uː n̪ a ʊ̯
tunaw	t̪ ʊ n̪ a ʊ̯
tunawin	t̪ ʊ n̪ aː w ɪ n̪
tunay	t̪ uː n̪ a ɪ̯
tundok	t̪ ʊ n̪ d̪ o k̚
tungag	t̪ ʊ ŋ a ɡ̚
tungalat	t̪ ʊ ŋ aː l ɐ t̪̚
tunganga	t̪ ʊ ŋ aː ŋ ɐ ʔ
tungapik	t̪ ʊ ŋ aː p ɪ k̚
tungaw	t̪ ʊ ŋ a ʊ̯
tungayaw	t̪ ʊ ŋ aː j a ʊ̯
tungga	t̪ ʊ ŋ ɡ a ʔ
tunggak	t̪ ʊ ŋ ɡ a k̚
tunggali	t̪ ʊ ŋ ɡ aː l ɪ ʔ
tunggali	t̪ ʊ ŋ ɡ ɐ l ɪ ʔ
tunggo	t̪ ʊ ŋ ɡ o
tunghay	t̪ ʊ ŋ h a ɪ̯
tungkab	t̪ ʊ ŋ k a b̚
tungki	t̪ ʊ ŋ k ɪ ʔ
tungko	t̪ ʊ ŋ k o ʔ
tungkod	t̪ ʊ ŋ k o d̪̚
tungkol	t̪ ʊ ŋ k o l
tungkos	t̪ ʊ ŋ k o s
tungkulin	t̪ ʊ ŋ k uː l ɪ n̪
tungkulin	t̪ ʊ ŋ k ʊ l ɪ n̪
tungo	t̪ uː ŋ o
tungo	t̪ uː ŋ o ʔ
tungo	t̪ ʊ ŋ o
tungod	t̪ uː ŋ o d̪̚
tungod	t̪ ʊ ŋ o d̪̚
tungtong	t̪ ʊ n̪ t̪ o ŋ
tunog	t̪ ʊ n̪ o ɡ̚
tunsoy	t̪ ʊ n̪ s o ɪ̯
tunton	t̪ ʊ n̪ t̪ o n̪
tuntong	t̪ ʊ n̪ t̪ o ŋ
tunugan	t̪ uː n̪ uː ɣ ɐ n̪
tunugan	t̪ ʊ n̪ ʊ ɣ a n̪
tuod	t̪ ʊ ʔ o d̪̚
tuon	t̪ ʊ ʔ o n̪
tuos	t̪ uː ʔ o s
tuos	t̪ ʊ ʔ o s
tupa	t̪ uː p ɐ
tupa	t̪ ʊ p a
tupa	t̪ ʊ p a ʔ
tupad	t̪ ʊ p a d̪̚
tupada	t̪ ʊ p aː d̪ ɐ
tupak	t̪ uː p ɐ k̚
tupak	t̪ ʊ p a k̚
tupe	t̪ ʊ p ɛ
tupi	t̪ ʊ p ɪ
tupi	t̪ ʊ p ɪ ʔ
tupok	t̪ uː p o k̚
tupok	t̪ ʊ p o k̚
turan	t̪ uː ɾ ɐ n̪
turero	t̪ ʊ ɾ ɛː ɾ o
turing	t̪ uː ɾ ɪ ŋ
turismo	t̪ ʊ ɾ i s m o
turista	t̪ ʊ ɾ i s t̪ ɐ
turkesa	t̪ ʊ ɾ k ɛː s ɐ
turnilyo	t̪ ʊ ɾ n̪ i l j o
turo	t̪ uː ɾ o ʔ
turo	t̪ ʊ ɾ o
turok	t̪ uː ɾ o k̚
turon	t̪ ʊ ɾ o n̪
turong	t̪ uː ɾ o ŋ
turoso	t̪ ʊ ɾ oː s o
turotot	t̪ ʊ ɾ oː t̪ o t̪̚
turumpo	t̪ ʊ ɾ ʊ m p o
turupya	t̪ ʊ ɾ ʊ p j a ʔ
tusak	t̪ uː s ɐ k̚
tuso	t̪ uː s o
tusok	t̪ uː s o k̚
tustos	t̪ ʊ s t̪ o s
tuta	t̪ uː t̪ ɐ ʔ
tuto	t̪ uː t̪ o
tuto	t̪ uː t̪ o ʔ
tutok	t̪ uː t̪ o k̚
tutol	t̪ uː t̪ o l
tutol	t̪ ʊ t̪ o l
tutong	t̪ ʊ t̪ o ŋ
tutos	t̪ uː t̪ o s
tutpik	t̪ u t̪ p ɪ k̚
tutsang	t̪ u t̪ s ɐ ŋ
tutsang	t̪ uː t͡ʃ ɐ ŋ
tutsang	t̪ ʊ t t͡ʃ a ŋ
tutsang	t̪ ʊ t̪ s a ŋ
tutubi	t̪ ʊ t̪ ʊ b ɪ
tutuldok	t̪ uː t̪ ʊ l d̪ o k̚
tutuldok	t̪ ʊ t̪ ʊ l d̪ o k̚
tutuli	t̪ ʊ t̪ ʊ l ɪ
tuwa	t̪ uː w ɐ ʔ
tuwa	t̪ w a ʔ
tuwabak	t̪ w aː b ɐ k̚
tuwad	t̪ uː w ɐ d̪̚
tuwad	t̪ w a d̪̚
tuwalya	t̪ w a l j ɐ
tuwan	t̪ w a n̪
tuwang	t̪ w a ŋ
tuway	t̪ w a ɪ̯
tuwerka	t̪ w ɛ ɾ k ɐ
tuwi	t̪ uː w ɪ ʔ
tuwi	t̪ w ɪ ʔ
tuwid	t̪ uː w ɪ d̪̚
tuwid	t̪ w ɪ d̪̚
tuwina	t̪ w iː n̪ ɐ
tuwing	t̪ w ɪ ŋ
tuwiran	t̪ w iː ɾ ɐ n̪
tuwirin	t̪ uː w iː ɾ ɪ n̪
tuwirin	t̪ w ɪ ɾ ɪ n̪
tuya	t̪ uː j ɐ ʔ
tuya	t̪ ʊ j a
tuya	t̪ ʊ j a ʔ
tuyain	t̪ ʊ j ɐ ʔ ɪ n̪
tuyo	t̪ uː j o
tuyo	t̪ uː j o ʔ
tuyo	t̪ ʊ j o ʔ
tuyong	t̪ uː j o ŋ
tuyot	t̪ uː j o t̪̚
tuyot	t̪ ʊ j o t̪̚
tuyuin	t̪ ʊ j ʊ ʔ ɪ n̪
tyaga	t̪ j ɐ ɣ a ʔ
tyaga	t͡ʃ ɐ ɣ a ʔ
tyane	t̪ j aː n̪ ɛ ʔ
tyane	t͡ʃ aː n̪ ɛ ʔ
tyani	t̪ j aː n̪ ɪ ʔ
tyani	t͡ʃ aː n̪ ɪ ʔ
tyansa	t̪ j a n̪ s ɐ
tyansa	t͡ʃ a n̪ s ɐ
tyutor	t̪ j uː t̪ o ɾ
tyutor	t͡ʃ uː t̪ o ɾ
u	j ʊ
u	ʊ
u	ʔ ʊ
uad	ʔ ʊ ʔ a d̪̚
uang	ʔ ʊ ʔ a ŋ
ubad	ʔ uː b ɐ d̪̚
uban	ʔ uː b ɐ n̪
ubas	ʔ uː b ɐ s
ubas	ʔ ʊ b a s
ubasan	ʔ ʊ b ɐ s a n̪
ubat	ʔ uː b ɐ t̪̚
ubaya	ʔ ʊ b aː j ɐ
ubaya	ʔ ʊ b aː j ɐ ʔ
ube	ʔ uː b ɛ
ubi	ʔ uː b ɪ
ubo	ʔ uː b o ʔ
ubo	ʔ ʊ b o
ubod	ʔ uː b o d̪̚
ubos	ʔ uː b o s
ubos	ʔ ʊ b o s
ubra	ʔ u b ɾ ɐ
ubra	ʔ ʊ b ɾ a
udlot	ʔ ʊ d̪ l̪ o t̪̚
udon	ʔ uː d̪ o n̪
udong	ʔ uː d̪ o ŋ
udoy	ʔ ʊ d̪ o ɪ̯
udyo	ʔ ʊ d d͡ʒ o
udyo	ʔ ʊ d̪ j o
udyok	ʔ ʊ d d͡ʒ o k̚
udyok	ʔ ʊ d̪ j o k̚
udyong	ʔ ʊ d d͡ʒ o ŋ
udyong	ʔ ʊ d̪ j o ŋ
udyukan	ʔ ʊ d d͡ʒ ʊ x a n̪
udyukan	ʔ ʊ d̪ j ʊ x a n̪
uga	ʔ uː ɣ ɐ ʔ
uga	ʔ ʊ ɣ a ʔ
ugaga	ʔ ʊ ɣ aː ɣ ɐ ʔ
ugak	ʔ ʊ ɣ a k̚
ugali	ʔ ʊ ɣ aː l ɪ ʔ
ugat	ʔ ʊ ɣ a t̪̚
ugaw	ʔ ʊ ɣ a ʊ̯
ugma	ʔ ʊ ɡ m a ʔ
ugnay	ʔ ʊ ɡ n̪ a ɪ̯
ugnayan	ʔ ʊ ɡ n̪ aː j ɐ n̪
ugnayan	ʔ ʊ ɡ n̪ ɐ j a n̪
ugnaypaa	ʔ ʊ ɡ n̪ a ɪ̯ p ɐ ʔ a
ugod	ʔ ʊ ɣ o d̪̚
ugong	ʔ uː ɣ o ŋ
ugoy	ʔ uː ɣ o ɪ̯
ugoy	ʔ ʊ ɣ o ɪ̯
uha	ʔ ʊ h a ʔ
uhaw	ʔ uː h a ʊ̯
uhaw	ʔ ʊ h a ʊ̯
uhay	ʔ uː h a ɪ̯
uhiya	ʔ ʊ h iː j ɐ
uhod	ʔ uː h o d̪̚
uhog	ʔ uː h o ɡ̚
uhog	ʔ ʊ h o ɡ̚
uhor	ʔ uː h o ɾ
uka	ʔ ʊ x a ʔ
ukab	ʔ uː x ɐ b̚
ukab	ʔ ʊ x a b̚
ukay	ʔ uː x a ɪ̯
ukay	ʔ ʊ x a ɪ̯
ukilkil	ʔ ʊ x ɪ l k ɪ l
ukit	ʔ uː x ɪ t̪̚
ukol	ʔ uː x o l
ukoy	ʔ uː x o ɪ̯
ulag	ʔ uː l ɐ ɡ̚
ulaga	ʔ ʊ l ɐ ɣ a ʔ
ulahipan	ʔ ʊ l ɐ h iː p ɐ n̪
ulak	ʔ uː l ɐ k̚
ulak	ʔ ʊ l a k̚
ulakan	ʔ ʊ l aː x ɐ n̪
ulakan	ʔ ʊ l ɐ x a n̪
ulalo	ʔ ʊ l aː l o
ulalo	ʔ ʊ l aː l o ʔ
ulam	ʔ uː l ɐ m
ulama	ʔ ʊ l ɐ m a ʔ
ulan	ʔ ʊ l a n̪
ulanag	ʔ ʊ l aː n̪ ɐ ɡ̚
ulang	ʔ ʊ l a ŋ
ulap	ʔ uː l ɐ p̚
ulapot	ʔ ʊ l aː p o t̪̚
ulat	ʔ uː l ɐ t̪̚
ulay	ʔ uː l a ɪ̯
ulay	ʔ ʊ l a ɪ̯
ulayaw	ʔ ʊ l aː j a ʊ̯
ulbo	ʔ ʊ l b o ʔ
ule	ʔ uː l ɛ
uli	ʔ uː l ɪ
uli	ʔ uː l ɪ ʔ
uli	ʔ ʊ l ɪ ʔ
ulian	ʔ ʊ l iː ʔ ɐ n̪
ulianin	ʔ ʊ l j aː n̪ ɪ n̪
ulianin	ʔ ʊ l ɪ ʔ aː n̪ ɪ n̪
uliao	ʔ ʊ l j aː ʔ o
uliao	ʔ ʊ l j ɐ ʔ o
ulikba	ʔ ʊ l ɪ k b a ʔ
ulila	ʔ ʊ l iː l ɐ
ulila	ʔ ʊ l iː l ɐ ʔ
uling	ʔ uː l ɪ ŋ
ulinig	ʔ ʊ l iː n̪ ɪ ɡ̚
ulipores	ʔ ʊ l ɪ p oː ɾ ɛ s
ulirat	ʔ ʊ l iː ɾ ɐ t̪̚
ulirat	ʔ ʊ l ɪ ɾ a t̪̚
ulit	ʔ uː l ɛ t̪̚
ulit	ʔ uː l ɪ t̪̚
ulit	ʔ ʊ l ɛ t̪̚
ulit	ʔ ʊ l ɪ t̪̚
uliuli	ʔ ʊ l ɪ ʔ uː l ɪ
uliyanin	ʔ ʊ l j aː n̪ ɪ n̪
ulnong	ʔ ʊ l n̪ o ŋ
ulnuagamahin	ʔ ʊ l n̪ ʊ ʔ ɐ ɣ ɐ m aː h ɪ n̪
ulnuagimatin	ʔ ʊ l n̪ ʊ ʔ ɐ ɣ ɪ m aː t̪ ɪ n̪
ulnubanwahin	ʔ ʊ l n̪ ʊ b ɐ n̪ w aː h ɪ n̪
ulnuhaynayan	ʔ ʊ l n̪ ʊ h a ɪ̯ n̪ aː j ɐ n̪
ulnukalnangin	ʔ ʊ l n̪ ʊ x ɐ l n̪ ɐ ŋ ɪ n̪
ulnungkuro	ʔ ʊ l n̪ ʊ ŋ k uː ɾ o ʔ
ulo	ʔ uː l o
ulo	ʔ ʊ l o
ulob	ʔ uː l o b̚
ulohati	ʔ ʊ l o h aː t̪ ɪ ʔ
ulok	ʔ uː l o k̚
ulok	ʔ ʊ l o k̚
ulol	ʔ uː l o l
ulol	ʔ ʊ l o l
ulon	ʔ ʊ l o n̪
ulop	ʔ uː l o p̚
ulopista	ʔ ʊ l o p ɪ s t̪ a ʔ
ulser	ʔ u l s ɛ ɾ
ulsera	ʔ u l s ɛ ɾ a
ultimo	ʔ u l t̪ ɪ m o
uluhati	ʔ ʊ l ʊ h aː t̪ ɪ ʔ
ulumbubong	ʔ uː l ʊ m b ʊ b o ŋ
ulunan	ʔ ʊ l ʊ n̪ a n̪
ulupista	ʔ ʊ l ʊ p ɪ s t̪ a ʔ
ulupong	ʔ ʊ l uː p o ŋ
ulupong	ʔ ʊ l ʊ p o ŋ
ulyabid	ʔ ʊ l j aː b ɪ d̪̚
ulyanin	ʔ ʊ l j aː n̪ ɪ n̪
ulyao	ʔ ʊ l j aː ʔ o
ulyao	ʔ ʊ l j ɐ ʔ o
ulyaw	ʔ ʊ l j a ʊ̯
ulyawo	ʔ ʊ l j aː w o
uma	ʔ uː m ɐ
uma	ʔ uː m ɐ ʔ
uma	ʔ ʊ m a
umaa	ʔ ʊ m aː ʔ ɐ ʔ
umaa	ʔ ʊ m ɐ ʔ a ʔ
umaaa	ʔ ʊ m aː ʔ ɐ ʔ a ʔ
umaakyat	ʔ ʊ m ɐ ʔ a k j ɐ t̪̚
umaapaw	ʔ ʊ m ɐ ʔ aː p a ʊ̯
umaawat	ʔ ʊ m ɐ ʔ aː w ɐ t̪̚
umabay	ʔ ʊ m aː b a ɪ̯
umabay	ʔ ʊ m ɐ b a ɪ̯
umabsent	ʔ ʊ m a b s ɛ n̪ t̪
umabyad	ʔ ʊ m ɐ b j a d̪̚
umaga	ʔ ʊ m aː ɣ ɐ
umagahas	ʔ ʊ m ɐ ɣ aː h ɐ s
umagahas	ʔ ʊ m ɐ ɣ ɐ h a s
umagaw	ʔ ʊ m aː ɣ a ʊ̯
umagnas	ʔ ʊ m ɐ ɡ n̪ a s
umagos	ʔ ʊ m aː ɣ o s
umakyat	ʔ ʊ m ɐ k j a t̪̚
umalingawngaw	ʔ ʊ m ɐ l ɪ ŋ a ʊ̯ ŋ a ʊ̯
umalis	ʔ ʊ m ɐ l ɪ s
umalog	ʔ ʊ m ɐ l o ɡ̚
umambon	ʔ ʊ m ɐ m b o n̪
umamin	ʔ ʊ m aː m ɪ n̪
umamoy	ʔ ʊ m ɐ m o ɪ̯
umandar	ʔ ʊ m ɐ n̪ d̪ a ɾ
umang	ʔ uː m ɐ ŋ
umano	ʔ ʊ m ɐ n̪ o
umanta	ʔ ʊ m ɐ n̪ t̪ a
umantabay	ʔ ʊ m ɐ n̪ t̪ aː b a ɪ̯
umapaw	ʔ ʊ m aː p a ʊ̯
umaraw	ʔ ʊ m aː ɾ a ʊ̯
umasa	ʔ ʊ m aː s ɐ
umasim	ʔ ʊ m aː s ɪ m
umasinta	ʔ ʊ m ɐ s ɪ n̪ t̪ a
umat	ʔ uː m ɐ t̪̚
umatsoy	ʔ ʊ m ɐ t t͡ʃ o ɪ̯
umatsoy	ʔ ʊ m ɐ t̪ s o ɪ̯
umaum	ʔ ʊ m aː ʔ ʊ m
umawat	ʔ ʊ m aː w ɐ t̪̚
umawit	ʔ ʊ m aː w ɪ t̪̚
umay	ʔ uː m a ɪ̯
umay	ʔ ʊ m a ɪ̯
umayos	ʔ ʊ m aː j o s
umbok	ʔ ʊ m b o k̚
umebak	ʔ ʊ m ɛː b ɐ k̚
umedad	ʔ ʊ m ɛ d̪ a d̪̚
umedo	ʔ uː m ɛ d̪ o
umento	ʔ ʊ m ɛ n̪ t̪ o
umepal	ʔ ʊ m ɛː p ɐ l
umere	ʔ ʊ m ɛː ɾ ɛ
umibig	ʔ ʊ m iː b ɪ ɡ̚
umid	ʔ uː m ɪ d̪̚
umid	ʔ ʊ m ɪ d̪̚
umido	ʔ uː m ɪ d̪ o
umihi	ʔ ʊ m iː h ɪ ʔ
umihip	ʔ ʊ m iː h ɪ p̚
umiibig	ʔ ʊ m ɪ ʔ iː b ɪ ɡ̚
umiinom	ʔ ʊ m iː ʔ ɪ n̪ o m
umiintindi	ʔ ʊ m iː ʔ ɪ n̪ t̪ ɪ n̪ d̪ ɪ
umiiyak	ʔ ʊ m iː ʔ ɪ j a k̚
umikot	ʔ ʊ m iː x o t̪̚
umiling	ʔ ʊ m ɪ l ɪ ŋ
umimik	ʔ ʊ m ɪ m ɪ k̚
umingay	ʔ ʊ m iː ŋ a ɪ̯
uminog	ʔ ʊ m iː n̪ o ɡ̚
uminom	ʔ ʊ m ɪ n̪ o m
umintindi	ʔ ʊ m ɪ n̪ t̪ ɪ n̪ d̪ ɪ
umirog	ʔ ʊ m iː ɾ o ɡ̚
umis	ʔ uː m ɪ s
umiskor	ʔ ʊ m ɪ s k o ɾ
umisod	ʔ ʊ m iː s o d̪̚
umiwas	ʔ ʊ m iː w ɐ s
umiyak	ʔ ʊ m j a k̚
ummah	ʔ uː m ɐ
umog	ʔ uː m o ɡ̚
umoo	ʔ ʊ m oː ʔ o
umoo	ʔ ʊ m oː ʔ o ʔ
umopo	ʔ ʊ m oː p o ʔ
umpisa	ʔ ʊ m p ɪ s a
umpisahan	ʔ ʊ m p ɪ s ɐ h a n̪
umpog	ʔ ʊ m p o ɡ̚
umpok	ʔ ʊ m p o k̚
umubo	ʔ ʊ m ʊ b o
umuha	ʔ ʊ m ʊ h a ʔ
umulan	ʔ ʊ m ʊ l a n̪
umulit	ʔ ʊ m uː l ɪ t̪̚
umunlad	ʔ ʊ m ʊ n̪ l a d̪̚
umupo	ʔ ʊ m uː p o ʔ
umupo	ʔ ʊ m ʊ p o ʔ
umurong	ʔ ʊ m uː ɾ o ŋ
umusbong	ʔ ʊ m ʊ s b o ŋ
umutot	ʔ ʊ m ʊ t̪ o t̪̚
umuwi	ʔ ʊ m uː w ɪ ʔ
umuwi	ʔ ʊ m w ɪ ʔ
un	j ʊ n̪
una	ʔ uː n̪ ɐ
unaba	ʔ ʊ n̪ aː b ɐ
unahin	ʔ ʊ n̪ aː h ɪ n̪
unan	ʔ uː n̪ ɐ n̪
unano	ʔ ʊ n̪ aː n̪ o
unano	ʔ ʊ n̪ aː n̪ o ʔ
unat	ʔ uː n̪ ɐ t̪̚
unat	ʔ ʊ n̪ a t̪̚
unawa	ʔ ʊ n̪ aː w ɐ ʔ
unawa	ʔ ʊ n̪ ɐ w a ʔ
unda	ʔ ʊ n̪ d̪ a
unda	ʔ ʊ n̪ d̪ a ʔ
undas	ʔ ʊ n̪ d̪ a s
unday	ʔ ʊ n̪ d̪ a ɪ̯
undayan	ʔ ʊ n̪ d̪ ɐ j a n̪
undras	ʔ ʊ n̪ d̪ ɾ a s
unga	ʔ ʊ ŋ a ʔ
ungag	ʔ ʊ ŋ a ɡ̚
ungal	ʔ uː ŋ ɐ l
ungas	ʔ ʊ ŋ a s
unggi	ʔ ʊ ŋ ɡ ɪ ʔ
unggo	ʔ ʊ ŋ ɡ o ʔ
unggoy	ʔ ʊ ŋ ɡ o ɪ̯
ungi	ʔ uː ŋ ɪ ʔ
ungi	ʔ ʊ ŋ ɪ ʔ
ungis	ʔ uː ŋ ɪ s
ungkat	ʔ ʊ ŋ k a t̪̚
ungkatin	ʔ ʊ ŋ k ɐ t̪ ɪ n̪
ungmaasawa	ʔ ʊ ŋ m ɐ ʔ ɐ s aː w ɐ
ungol	ʔ uː ŋ o l
ungos	ʔ ʊ ŋ o s
ungot	ʔ ʊ ŋ o t̪̚
unibersalismo	ʔ ʊ n̪ ɪ b ɛ ɾ s ɐ l i s m o
unibersidad	ʔ ʊ n̪ ɪ b ɛ ɾ s ɪ d̪ a d̪̚
uniberso	ʔ ʊ n̪ ɪ b ɛ ɾ s o
unipikasyon	ʔ ʊ n̪ ɪ p ɪ x ɐ s j o n̪
unipikasyon	ʔ ʊ n̪ ɪ p ɪ x ɐ ʃ o n̪
unipormado	ʔ ʊ n̪ ɪ p o ɾ m aː d̪ o
uniporme	ʔ ʊ n̪ ɪ p o ɾ m ɛ
unlad	ʔ ʊ n̪ l a d̪̚
unlak	ʔ ʊ n̪ l a k̚
unlapi	ʔ ʊ n̪ l aː p ɪ ʔ
unlar	ʔ ʊ n̪ l a ɾ
uno	ʔ uː n̪ o
uno	ʔ ʊ n̪ o
unos	ʔ uː n̪ o s
unos	ʔ ʊ n̪ o s
unras	ʔ ʊ n̪ ɾ a s
unsik	ʔ ʊ n̪ s ɪ k̚
unsiyon	ʔ ʊ n̪ s j o n̪
unsiyon	ʔ ʊ n̪ ʃ o n̪
unti	ʔ ʊ n̪ t̪ ɛ ʔ
unti	ʔ ʊ n̪ t̪ ɪ ʔ
untipuno	ʔ ʊ n̪ t̪ ɪ p uː n̪ o ʔ
untipunuan	ʔ ʊ n̪ t̪ ɪ p ʊ n̪ uː ʔ ɐ n̪
untog	ʔ ʊ n̪ t̪ o ɡ̚
untos	ʔ ʊ n̪ t̪ o s
unyon	ʔ ʊ n ɲ o n̪
unyon	ʔ ʊ n̪ j o n̪
unyonismo	ʔ ʊ n ɲ o n̪ i s m o
unyonismo	ʔ ʊ n̪ j o n̪ i s m o
unyonista	ʔ ʊ n ɲ o n̪ i s t̪ ɐ
unyonista	ʔ ʊ n̪ j o n̪ i s t̪ ɐ
uo	ʔ uː ʔ o ʔ
uo	ʔ ʊ ʔ o ʔ
uod	ʔ uː ʔ o d̪̚
uod	ʔ ʊ ʔ o d̪̚
uom	ʔ ʊ ʔ o m
uorin	ʔ ʊ ʔ o ɾ ɪ n̪
uorin	ʔ ʊ ʔ oː ɾ ɪ n̪
uot	ʔ ʊ ʔ o t̪̚
upa	ʔ uː p ɐ
upahan	ʔ ʊ p aː h ɐ n̪
upahan	ʔ ʊ p ɐ h a n̪
upak	ʔ uː p ɐ k̚
upakan	ʔ ʊ p aː x ɐ n̪
upan	ʔ uː p ɐ n̪
upan	ʔ ʊ p a n̪
upang	ʔ uː p ɐ ŋ
upas	ʔ uː p ɐ s
upas	ʔ ʊ p a s
upasala	ʔ ʊ p ɐ s aː l ɐ ʔ
upat	ʔ ʊ p a t̪̚
upaw	ʔ uː p a ʊ̯
upaw	ʔ ʊ p a ʊ̯
upisyo	ʔ ʊ p i s j o
upisyo	ʔ ʊ p iː ʃ o
upo	ʔ uː p o
upo	ʔ uː p o ʔ
upo	ʔ ʊ p o ʔ
upod	ʔ uː p o d̪̚
upod	ʔ ʊ p o d̪̚
upong	ʔ uː p o ŋ
upong	ʔ ʊ p o ŋ
upos	ʔ ʊ p o s
upuan	ʔ ʊ p uː ʔ ɐ n̪
upuan	ʔ ʊ p ʊ ʔ a n̪
urali	ʔ ʊ ɾ aː l ɪ ʔ
urang	ʔ uː ɾ ɐ ŋ
uranyo	ʔ ʊ ɾ a n̪ j o
uranyo	ʔ ʊ ɾ aː ɲ o
uraro	ʔ ʊ ɾ ɐ ɾ o
urat	ʔ ʊ ɾ a t̪̚
uraw	ʔ ʊ ɾ a ʊ̯
uri	ʔ uː ɾ ɪ ʔ
uria	ʔ ʊ ɾ iː j ɐ
uria	ʔ ʊ ɾ j a
urilat	ʔ ʊ ɾ iː l ɐ t̪̚
urilat	ʔ ʊ ɾ ɪ l a t̪̚
urira	ʔ ʊ ɾ iː ɾ ɐ ʔ
uriya	ʔ ʊ ɾ iː j ɐ
uriya	ʔ ʊ ɾ j a
urong	ʔ uː ɾ o ŋ
urong	ʔ ʊ ɾ o ŋ
uroy	ʔ ʊ ɾ o ɪ̯
usa	ʔ ʊ s a
usad	ʔ uː s ɐ d̪̚
usad	ʔ ʊ s a d̪̚
usal	ʔ ʊ s a l
usang	ʔ uː s ɐ ŋ
usap	ʔ uː s ɐ p̚
usapan	ʔ ʊ s aː p ɐ n̪
usapin	ʔ ʊ s aː p ɪ n̪
usapin	ʔ ʊ s ɐ p ɪ n̪
usbing	ʔ ʊ s b ɪ ŋ
usbong	ʔ ʊ s b o ŋ
usig	ʔ uː s ɪ ɡ̚
usigin	ʔ ʊ s iː ɣ ɪ n̪
usisa	ʔ ʊ s iː s ɐ ʔ
usisain	ʔ ʊ s ɪ s aː ʔ ɪ n̪
usisera	ʔ ʊ s ɪ s ɛː ɾ ɐ
usisero	ʔ ʊ s ɪ s ɛː ɾ o
uslak	ʔ ʊ s l a k̚
usli	ʔ ʊ s l ɪ ʔ
usngal	ʔ ʊ s ŋ a l
uso	ʔ uː s o
uso	ʔ ʊ s o ʔ
usod	ʔ uː s o d̪̚
usog	ʔ uː s o ɡ̚
usog	ʔ ʊ s o ɡ̚
usok	ʔ uː s o k̚
usong	ʔ uː s o ŋ
ustad	ʔ ʊ s t̪ a d̪̚
usyoso	ʔ ʊ s j oː s o
usyoso	ʔ ʊ ʃ oː s o
utab	ʔ uː t̪ ɐ b̚
utak	ʔ uː t̪ ɐ k̚
utal	ʔ uː t̪ ɐ l
utal	ʔ ʊ t̪ a l
utang	ʔ uː t̪ ɐ ŋ
utas	ʔ ʊ t̪ a s
utaw	ʔ uː t̪ a ʊ̯
utaw	ʔ ʊ t̪ a ʊ̯
utdo	ʔ ʊ t̪ d̪ o
uten	ʔ uː t̪ ɛ n̪
utilitarismo	ʔ ʊ t̪ ɪ l ɪ t̪ ɐ ɾ i s m o
utilitaryanismo	ʔ ʊ t̪ ɪ l ɪ t̪ ɐ ɾ j ɐ n̪ i s m o
utilitaryo	ʔ ʊ t̪ ɪ l ɪ t̪ a ɾ j o
utin	ʔ uː t̪ ɪ n̪
utitab	ʔ ʊ t̪ iː t̪ ɐ b̚
uto	ʔ ʊ t̪ o ʔ
utog	ʔ uː t̪ o ɡ̚
utol	ʔ uː t̪ o l
utong	ʔ ʊ t̪ o ŋ
utos	ʔ uː t̪ o s
utos	ʔ ʊ t̪ o s
utot	ʔ ʊ t̪ o t̪̚
utoy	ʔ uː t̪ o ɪ̯
utusan	ʔ ʊ t̪ uː s ɐ n̪
utusan	ʔ ʊ t̪ ʊ s a n̪
ututin	ʔ uː t̪ uː t̪ ɪ n̪
ututin	ʔ ʊ t̪ ʊ t̪ ɪ n̪
uulan	ʔ uː ʔ ʊ l a n̪
uurin	ʔ ʊ ʔ uː ɾ ɪ n̪
uurin	ʔ ʊ ʔ ʊ ɾ ɪ n̪
uusisain	ʔ ʊ ʔ ʊ s ɪ s aː ʔ ɪ n̪
uutot	ʔ ʊ ʔ ʊ t̪ o t̪̚
uwak	ʔ ʊ w a k̚
uwakin	ʔ ʊ w aː x ɪ n̪
uwakin	ʔ ʊ w ɐ x ɪ n̪
uwang	ʔ ʊ w a ŋ
uwas	ʔ uː w ɐ s
uwas	ʔ ʊ w a s
uway	ʔ ʊ w a ɪ̯
uwesped	w ɛ s p ɛ d̪̚
uwesped	ʔ ʊ w ɛ s p ɛ d̪̚
uwi	ʔ uː w ɪ ʔ
uwi	ʔ ʊ w ɛ ʔ
uwi	ʔ ʊ w ɪ ʔ
uwian	ʔ uː w iː ʔ ɐ n̪
uwian	ʔ ʊ w ɪ ʔ a n̪
uwido	ʔ ʊ w iː d̪ o
uy	ʔ ʊ ɪ̯
uyad	ʔ uː j ɐ d̪̚
uyam	ʔ ʊ j a m
uyan	ʔ uː j ɐ n̪
uyaw	ʔ uː j a ʊ̯
uyayi	ʔ ʊ j aː j ɪ
uyayi	ʔ ʊ j aː j ɪ ʔ
uyinap	ʔ ʊ j iː n̪ ɐ p̚
uyog	ʔ ʊ j o ɡ̚
uyom	ʔ uː j o m
uyom	ʔ ʊ j o m
uyot	ʔ ʊ j o t̪̚
v	b
v	b ɛ
v	b ɪ
v	v
v	v ɪ
vaklush	b ɐ k l ʊ s
vaklush	b ɐ k l ʊ ʃ
vaklush	v ɐ k l ʊ ʃ
van	b a n̪
van	v a n̪
varayti	b ɐ ɾ a ɪ̯ t̪ ɪ
varayti	v ɐ ɾ a ɪ̯ t̪ ɪ
varyant	b a ɾ j ɐ n̪ t̪
varyant	v a ɾ j ɐ n̪ t̪
ve	b ɛ
ve	v ɛ
velosidad	b ɛ l o s ɪ d̪ a d̪̚
velosidad	v ɛ l o s ɪ d̪ a d̪̚
vendo	b ɛ n̪ d̪ o
vendo	v ɛ n̪ d̪ o
vi	b ɪ
vi	v ɪ
video	b i d̪ j o
video	b iː d̪ ɛ j o
video	b iː d͡ʒ o
video	v iː d̪ ɛ j o
video	v iː d͡ʒ o
videohan	b i d̪ j o h a n̪
videohan	b iː d͡ʒ o h a n̪
videohan	v iː d͡ʒ o h a n̪
videoke	b ɪ d d͡ʒ oː x ɛ
videoke	b ɪ d̪ j oː x ɛ
videoke	b ɪ d̪ ɛ j oː x ɛ
videoke	v ɪ d d͡ʒ oː x ɛ
videoke	v ɪ d̪ ɛ j oː x ɛ
vidyo	b i d̪ j o
vidyo	b iː d͡ʒ o
vidyo	v iː d͡ʒ o
vidyoke	b ɪ d d͡ʒ oː x ɛ
vidyoke	b ɪ d̪ j oː x ɛ
vidyoke	v ɪ d d͡ʒ oː x ɛ
vigilante	b ɪ d̪ j ɪ l a n̪ t̪ ɛ
vigilante	b ɪ d͡ʒ ɪ l a n̪ t̪ ɛ
vigilante	v ɪ d͡ʒ ɪ l a n̪ t̪ ɛ
virus	b a ɪ̯ ɾ ʊ s
virus	b iː ɾ ʊ s
virus	v a ɪ̯ ɾ ʊ s
virus	v iː ɾ ʊ s
w	d̪ oː b o l j ʊ
w	w
w	w a
wa	w a ʔ
wa	w ɐ
waag	w aː ʔ ɐ ɡ̚
waag	w ɐ ʔ a ɡ̚
waagan	w ɐ ʔ aː ɣ ɐ n̪
waak	w aː ʔ ɐ k̚
waak	w ɐ ʔ a k̚
waang	w aː ʔ ɐ ŋ
wadwad	w ɐ d̪ w a d̪̚
wag	w a ɡ̚
wagas	w ɐ ɣ a s
wagayway	w ɐ ɣ a ɪ̯ w a ɪ̯
wagaywayan	w ɐ ɣ a ɪ̯ w aː j ɐ n̪
wagaywayan	w ɐ ɣ a ɪ̯ w ɐ j a n̪
wagi	w ɐ ɣ ɪ
wagi	w ɐ ɣ ɪ ʔ
wagiswis	w ɐ ɣ ɪ s w ɪ s
waglit	w ɐ ɡ l ɪ t̪̚
wagwag	w ɐ ɡ w a ɡ̚
wagwagan	w ɐ ɡ w aː ɣ ɐ n̪
wagwagin	w ɐ ɡ w ɐ ɣ ɪ n̪
wahoy	w aː h o ɪ̯
wais	w a ɪ̯ s
wais	w aː ʔ ɪ s
wakaak	w ɐ x aː ʔ ɐ k̚
wakas	w ɐ x a s
waki	w aː x ɪ
waklas	w ɐ k l a s
waksi	w ɐ k s ɪ
wakwak	w a k w ɐ k̚
wakwak	w ɐ k w a k̚
wakya	w ɐ k j a ʔ
wala	w aː l ɐ ʔ
wala	w ɐ l a ʔ
walandyo	w ɐ l ɐ n̪ d̪ j o
walandyo	w ɐ l ɐ n̪ d͡ʒ o
walangya	w ɐ l ɐ ŋ j a ʔ
walanjo	w ɐ l ɐ n̪ d̪ j o
walanjo	w ɐ l ɐ n̪ d͡ʒ o
walastik	w aː l ɐ s t̪ ɪ k̚
walat	w aː l ɐ t̪̚
walat	w ɐ l a t̪̚
walawad	w ɐ l aː w ɐ d̪̚
walawala	w ɐ l ɐ w aː l ɐ
walawala	w ɐ l ɐ w aː l ɐ ʔ
walay	w aː l a ɪ̯
waldas	w ɐ l d̪ a s
walet	w aː l ɛ t̪̚
waley	w ɐ l e ɪ̯
walidwid	w ɐ l ɪ d̪ w ɪ d̪̚
waling	w aː l ɪ ŋ
walingwaling	w aː l ɪ ŋ w aː l ɪ ŋ
walis	w aː l ɪ s
walis	w ɐ l ɪ s
walisan	w aː l iː s ɐ n̪
walisan	w ɐ l ɪ s a n̪
waliswis	w ɐ l ɪ s w ɪ s
waliwali	w aː l ɪ w aː l ɪ
walna	w ɐ l n̪ a ʔ
walo	w ɐ l o
walongdaan	w ɐ l o n̪ d̪ aː ʔ ɐ n̪
walongdaan	w ɐ l o n̪ d̪ ɐ ʔ a n̪
walsan	w ɐ l s a n̪
waluhin	w ɐ l ʊ h ɪ n̪
walumpu	w ɐ l ʊ m p ʊ ʔ
walundaan	w ɐ l ʊ n̪ d̪ aː ʔ ɐ n̪
walundaan	w ɐ l ʊ n̪ d̪ ɐ ʔ a n̪
walunlibo	w ɐ l ʊ n̪ l iː b o
walwal	w ɐ l w a l
wanakosey	w ɐ n̪ aː x o s e ɪ̯
wangis	w aː ŋ ɪ s
wangki	w ɐ ŋ k ɪ ʔ
wangwang	w a ŋ w ɐ ŋ
wangwang	w ɐ ŋ w a ŋ
wani	w aː n̪ ɪ
wani	w ɐ n̪ ɪ
wani	w ɐ n̪ ɪ ʔ
wans	w a n̪ s
wansoy	w ɐ n̪ s o ɪ̯
wantusawa	w ɐ n̪ t̪ ʊ s aː w ɐ ʔ
warak	w aː ɾ ɐ k̚
warak	w ɐ ɾ a k̚
warant	w aː ɾ ɐ n̪ t̪
warat	w ɐ ɾ a t̪̚
waray	w aː ɾ a ɪ̯
waray	w ɐ ɾ a ɪ̯
warden	w a ɾ d̪ ɛ n̪
wardi	w a ɾ d̪ ɪ
wari	w aː ɾ ɪ ʔ
warla	w a ɾ l ɐ
warlahin	w a ɾ l ɐ h ɪ n̪
was	w a s
wasak	w aː s ɐ k̚
wasak	w ɐ s a k̚
wasakin	w ɐ s aː x ɪ n̪
wasakin	w ɐ s ɐ x ɪ n̪
washington	w a s j ɪ n̪ t̪ o n̪
washington	w aː ʃ ɪ n̪ t̪ o n̪
wasiwas	w ɐ s iː w ɐ s
waso	w aː s o ʔ
wasto	w ɐ s t̪ o ʔ
watak	w ɐ t̪ a k̚
watashi	w aː t̪ ɐ s j ɪ
watashi	w aː t̪ ɐ ʃ ɪ
wataw	w aː t̪ a ʊ̯
watawat	w ɐ t̪ aː w ɐ t̪̚
wating	w ɐ t̪ ɪ ŋ
watusi	w aː t̪ uː s ɪ
watusi	w ɐ t̪ ʊ s ɪ
wawa	w aː w ɐ ʔ
wawa	w ɐ w a
wawa	w ɐ w a ʔ
way	w a ɪ̯
ways	w a ɪ̯ s
wayway	w a ɪ̯ w a ɪ̯
webera	w ɛ b ɛː ɾ ɐ
weder	w ɛː d̪ ɛ ɾ
weh	w ɛ
weh	w ɛː
welga	w ɛ l ɡ ɐ
welgista	w ɛ l ɡ i s t̪ ɐ
wenggol	w ɛ ŋ ɡ o l
werpa	w ɛ ɾ p ɐ
werto	w ɛ ɾ t̪ o
weste	w ɛ s t̪ ɛ
wew	w e ʊ̯
weyt	w e ɪ̯ t̪
wido	w iː d̪ o
wigwig	w ɪ ɡ w ɪ ɡ̚
wika	w iː x ɐ ʔ
wikain	w ɪ x aː ʔ ɪ n̪
wikain	w ɪ x ɐ ʔ ɪ n̪
wikantawo	w ɪ x ɐ n̪ t̪ aː w o
wiklas	w ɪ k l a s
wilig	w ɪ l ɪ ɡ̚
wilik	w iː l ɪ k̚
wiliwid	w ɪ l iː w ɪ d̪̚
wiliwid	w ɪ l ɪ w ɪ d̪̚
winagwag	w ɪ n̪ ɐ ɡ w a ɡ̚
windang	w ɪ n̪ d̪ a ŋ
windmil	w i n̪ d̪ m ɪ l
wingkag	w ɪ ŋ k a ɡ̚
winmil	w i n̪ m ɪ l
wis	w ɪ s
wisik	w ɪ s ɪ k̚
wisit	w iː s ɪ t̪̚
wisit	w ɪ s ɪ t̪̚
wiski	w i s k ɪ
wiswis	w ɪ s w ɪ s
wisyo	w i s j o
wisyo	w iː ʃ o
wit	w ɪ t̪̚
witwit	w ɪ t̪ w ɪ t̪̚
wiwi	w iː w ɪ ʔ
workbuk	w o ɹ k b ʊ k̚
wudu	w uː d̪ ʊ
x	h
x	k s
x	ʔ ɛ k s
x	ʔ ɛː x ɪ s
xa	s j a
xa	ʃ a
xerex	s ɛː ɾ ɛ k s
xerox	s ɛː ɾ o k s
y	j
y	j a
y	j ɛ
y	w a ɪ̯
y	ɪ
y	ʔ ɪ
ya	j ɐ
yaang	j aː ʔ ɐ ŋ
yaang	j ɐ ʔ a ŋ
yabag	j ɐ b a ɡ̚
yabang	j aː b ɐ ŋ
yabangan	j ɐ b aː ŋ ɐ n̪
yabangan	j ɐ b ɐ ŋ a n̪
yabat	j aː b ɐ t̪̚
yabat	j ɐ b a t̪̚
yabatan	j ɐ b aː t̪ ɐ n̪
yabo	j ɐ b o
yabong	j aː b o ŋ
yabyab	j ɐ b j a b̚
yadyad	j ɐ d̪ j a d̪̚
yaga	j aː ɣ ɐ ʔ
yagang	j aː ɣ ɐ ŋ
yagang	j ɐ ɣ a ŋ
yagasyas	j ɐ ɣ ɐ s j a s
yagballs	j a ɡ b o l s
yagban	j ɐ ɡ b a n̪
yagit	j ɐ ɣ ɪ t̪̚
yago	j aː ɣ o
yagong	j aː ɣ o ŋ
yagpag	j ɐ ɡ p a ɡ̚
yagyag	j ɐ ɡ j a ɡ̚
yahod	j aː h o d̪̚
yahong	j ɐ h o ŋ
yak	j a k̚
yakag	j aː x ɐ ɡ̚
yakagan	j ɐ x ɐ ɣ a n̪
yakal	j ɐ x a l
yakap	j aː x ɐ p̚
yakapin	j ɐ x aː p ɪ n̪
yakis	j aː x ɪ s
yakos	j aː x o s
yakyak	j ɐ k j a k̚
yakyakan	j ɐ k j aː x ɐ n̪
yakyakan	j ɐ k j ɐ x a n̪
yakyakin	j ɐ k j ɐ x ɪ n̪
yama	j aː m ɐ ʔ
yama	j ɐ m a
yaman	j aː m ɐ n̪
yamang	j aː m ɐ ŋ
yamas	j ɐ m a s
yamba	j ɐ m b a ʔ
yamo	j aː m o
yamo	j aː m o ʔ
yamot	j aː m o t̪̚
yamot	j ɐ m o t̪̚
yamuam	j ɐ m uː ʔ ɐ m
yamukmok	j ɐ m ʊ k m o k̚
yamungmong	j ɐ m ʊ ŋ m o ŋ
yamutmot	j ɐ m ʊ t̪ m o t̪̚
yanga	j ɐ ŋ a
yangasngas	j ɐ ŋ ɐ s ŋ a s
yangga	j ɐ ŋ ɡ a ʔ
yanggi	j a ŋ ɡ ɪ
yangit	j ɐ ŋ ɪ t̪̚
yangkaw	j ɐ ŋ k a ʊ̯
yangot	j aː ŋ o t̪̚
yangot	j ɐ ŋ o t̪̚
yangyang	j ɐ ŋ j a ŋ
yanig	j ɐ n̪ ɪ ɡ̚
yano	j aː n̪ o
yanot	j aː n̪ o t̪̚
yanot	j ɐ n̪ o t̪̚
yansumi	j ɐ n̪ s ʊ m ɪ
yantadig	j ɐ n̪ t̪ ɐ d̪ ɪ ɡ̚
yantas	j ɐ n̪ t̪ a s
yantaw	j ɐ n̪ t̪ a ʊ̯
yantok	j ɐ n̪ t̪ o k̚
yao	j aː ʔ o
yaon	j aː ʔ o n̪
yaon	j ɐ ʔ o n̪
yaong	j ɐ ʔ o ŋ
yapa	j ɐ p a
yapak	j aː p ɐ k̚
yapak	j ɐ p a k̚
yapang	j ɐ p a ŋ
yapo	j aː p o
yapos	j ɐ p o s
yapsaw	j ɐ p s a ʊ̯
yapyap	j ɐ p j a p̚
yarda	j a ɾ d̪ ɐ
yare	j ɐ ɾ ɛ
yari	j aː ɾ ɪ
yari	j aː ɾ ɪ ʔ
yari	j ɐ ɾ ɪ
yari	j ɐ ɾ ɪ ʔ
yarn	j a ɹ n̪
yaros	j aː ɾ o s
yasak	j aː s ɐ k̚
yasak	j ɐ s a k̚
yasang	j aː s ɐ ŋ
yasang	j ɐ s a ŋ
yasuwi	j ɐ s uː w ɪ
yasyas	j ɐ s j a s
yata	j aː t̪ ɐ ʔ
yatab	j aː t̪ ɐ b̚
yatap	j aː t̪ ɐ p̚
yate	j aː t̪ ɛ
yatihan	j ɐ t̪ iː h ɐ n̪
yatihan	j ɐ t̪ ɪ h a n̪
yatyat	j ɐ t t͡ʃ a t̪̚
yatyat	j ɐ t̪ j a t̪̚
yawe	j aː w ɛ
yawi	j aː w ɪ
yawts	j a ʊ̯ t̪ s
yaya	j aː j ɐ
yaya	j aː j ɐ ʔ
yaya	j ɐ j a
yaya	j ɐ j a ʔ
yayaman	j ɐ j aː m ɐ n̪
yayamang	j ɐ j aː m ɐ ŋ
yayat	j aː j ɐ t̪̚
yayat	j ɐ j a t̪̚
yayo	j aː j o
ye	j ɛ
yeba	j ɛː b ɐ
yegwa	j ɛ ɡ w ɐ
yegwariso	j ɛ ɡ w ɐ ɾ iː s o
yehey	j ɛː h e ɪ̯
yelo	j iː l o
yelo	j ɛː l o
yema	j ɛː m ɐ
yena	j ɛː n̪ ɐ
yerbabuwena	j ɛ ɾ b ɐ b w ɛː n̪ ɐ
yero	j ɛː ɾ o
yeso	j ɛː s o
yibok	j iː b o k̚
yibok	j ɪ b o k̚
yiri	j ɪ ɾ ɪ
yobmot	j o b m o t̪̚
yodo	j oː d̪ o
yoga	j oː ɣ ɐ
yon	j o n̪
yoni	j oː n̪ ɪ
yorme	j o ɾ m ɛ
yosi	j oː s ɪ
yoyo	j oː j o ʔ
yoyoan	j o j o ʔ a n̪
yoyoin	j o j oː ʔ ɪ n̪
yu	j ʊ
yudeputa	j ʊ d̪ ɛ p uː t̪ ɐ
yugal	j ʊ ɣ a l
yugayog	j ʊ ɣ aː j o ɡ̚
yugto	j ʊ ɡ t̪ o ʔ
yugyog	j ʊ ɡ j o ɡ̚
yukayok	j ʊ x aː j o k̚
yukayok	j ʊ x ɐ j o k̚
yukdo	j ʊ k d̪ o
yukelele	j ʊ x ɛ l ɛː l ɛ
yuko	j ʊ x o ʔ
yukod	j ʊ x o d̪̚
yukos	j uː x o s
yukos	j ʊ x o s
yukulele	j ʊ x ʊ l ɛː l ɛ
yukyok	j ʊ k j o k̚
yumabang	j ʊ m aː b ɐ ŋ
yumabong	j ʊ m aː b o ŋ
yumahod	j ʊ m aː h o d̪̚
yumakap	j ʊ m aː x ɐ p̚
yumaman	j ʊ m aː m ɐ n̪
yumamot	j ʊ m ɐ m o t̪̚
yumanig	j ʊ m ɐ n̪ ɪ ɡ̚
yumao	j ʊ m aː ʔ o
yumari	j ʊ m aː ɾ ɪ ʔ
yumasak	j ʊ m aː s ɐ k̚
yumi	j uː m ɪ ʔ
yumukdo	j ʊ m ʊ k d̪ o
yumuko	j ʊ m ʊ x o ʔ
yumupyop	j ʊ m ʊ p j o p̚
yumurak	j ʊ m uː ɾ ɐ k̚
yun	j ʊ n̪
yungib	j uː ŋ ɪ b̚
yungib	j ʊ ŋ ɪ b̚
yungyong	j ʊ ŋ j o ŋ
yuniberso	j ʊ n̪ ɪ b ɛ ɾ s o
yunipikasyon	j ʊ n̪ ɪ p ɪ x ɐ s j o n̪
yunipikasyon	j ʊ n̪ ɪ p ɪ x ɐ ʃ o n̪
yunit	j uː n̪ ɪ t̪̚
yunot	j uː n̪ o t̪̚
yupapa	j ʊ p aː p ɐ ʔ
yupemismo	j ʊ p ɛ m i s m o
yupi	j uː p ɪ ʔ
yupi	j ʊ p ɪ ʔ
yupimismo	j ʊ p ɪ m i s m o
yupyop	j ʊ p j o p̚
yurak	j uː ɾ ɐ k̚
yurakan	j ʊ ɾ aː x ɐ n̪
yuta	j uː t̪ ɐ ʔ
yutyot	j ʊ t t͡ʃ o t̪̚
yutyot	j ʊ t̪ j o t̪̚
z	s
z	s e ɪ̯
z	s ɛː t̪ ɐ
z	s ɪ
z	z
z	z e ɪ̯
z	z ɛː t̪ ɐ
z	z ɪ
zeta	s ɛː t̪ ɐ
zeta	z ɛː t̪ ɐ
zey	s e ɪ̯
zey	z e ɪ̯
zi	s ɪ
zi	z ɪ
zodyak	s o d̪ j ɐ k̚
zodyak	s oː d͡ʒ ɐ k̚
zodyak	z oː d͡ʒ ɐ k̚
zoolohiya	s o ʔ o l o h iː j ɐ
zoolohiya	z o ʔ o l o h iː j ɐ
zumba	s u m b ɐ
zumba	z u m b ɐ
Ë	ə
Ñ	ɲ
Ñ	ʔ ɛ n̪ j ɛ
Ñ	ʔ ɛː ɲ ɛ
ë	ə
ñ	ɲ
ñ	ʔ ɛ n̪ j ɛ
ñ	ʔ ɛː ɲ ɛ
ñu	n̪ j ʊ
ñu	ɲ ʊ
