A	ʔ aː ˧˧
A Di Đà	ʔ aː ˧˧ z i ˧˧ ʔ ɗ aː ˨˩
A Di Đà Phật	ʔ aː ˧˧ z i ˧˧ ʔ ɗ aː ˨˩ f ə t̚ ˧˨ ʔ
A Lưới	ʔ aː ˧˧ l ɨ ə j ˧˦
A Lịch Sơn	ʔ aː ˧˧ l ï k̟̚ ˧˨ ʔ s əː n ˧˧
A Lịch Sơn Đắc Lộ	ʔ aː ˧˧ l ï k̟̚ ˧˨ ʔ s əː n ˧˧ ʔ ɗ a k̚ ˧˦ l o ˧˨ ʔ
A Phú Hãn	ʔ aː ˧˧ f u ˧˦ h aː n ˦ˀ˥
A Q	ʔ aː ˧˧ k w i ˧˧
A Sào	ʔ aː ˧˧ s aː w ˨˩
A Tu La	ʔ aː ˧˧ t u ˧˧ l aː ˧˧
A Tư Đà	ʔ aː ˧˧ t ɨ ˧˧ ʔ ɗ aː ˨˩
ACE	ʔ a j ŋ̟ ˧˧ t͡ɕ i ˧˨ ʔ ʔ ɛ m ˧˧
ADN	ʔ aː ˧˧ ʔ ɗ e ˧˧ ʔ ɛ n ˧˧
AI	ʔ ə j ˧˧ ʔ aː j ˧˧
AI tạo sinh	ʔ ə j ˧˧ ʔ aː j ˧˧ t aː w ˧˨ ʔ s ï ŋ ˧˧
Ai Cập	ʔ aː j ˧˧ k ə p̚ ˧˨ ʔ
Ai Cập cổ đại	ʔ aː j ˧˧ k ə p̚ ˧˨ ʔ k o ˧˩ ʔ ɗ aː j ˧˨ ʔ
Ai Lao	ʔ aː j ˧˧ l aː w ˧˧
Alexanđê	ʔ aː ˧˧ l ɛ k̚ ˧˦ s aː n ˧˧ ʔ ɗ e ˧˧
Ambrôsiô	ʔ aː m ˧˧ ʔ ɓ ɹ o ˧˧ s i ˧˧ ʔ o ˧˧
An	ʔ aː n ˧˧
An Dương	ʔ aː n ˧˧ z ɨ ə ŋ ˧˧
An Giang	ʔ aː n ˧˧ z aː ŋ ˧˧
An Huy	ʔ aː n ˧˧ h w i ˧˧
An Hải	ʔ aː n ˧˧ h aː j ˧˩
An Lão	ʔ aː n ˧˧ l aː w ˦ˀ˥
An Lê Mân	ʔ aː n ˧˧ l e ˧˧ m ə n ˧˧
An Nam	ʔ aː n ˧˧ n aː m ˧˧
An Ngãi	ʔ aː n ˧˧ ŋ aː j ˦ˀ˥
Anê	ʔ aː n ˧˧ n e ˧˧
B	ʔ ɓ e ˧˧
B	ʔ ɓ e ˧˧ ʔ ɓ ɔ ˨˩
B	ʔ ɓ əː ˨˩
BLDS	ʔ ɓ o ˧˨ ʔ l w ə t̚ ˧˨ ʔ z ə n ˧˧ s ɨ ˧˨ ʔ
BTC	ʔ ɓ aː n ˧˧ t o ˧˩ t͡ɕ ɨ k̚ ˧˦
Bin	ʔ ɓ i n ˧˧
Binh pháp Tôn Tử	ʔ ɓ ï ŋ ˧˧ f aː p̚ ˧˦ t o n ˧˧ t ɨ ˧˩
Bo	ʔ ɓ ɔ ˧˧
Bon	ʔ ɓ ɔ n ˧˧
Brigitta	ʔ ɓ ɹ i ˧˧ z i t̚ ˧˦ t aː ˧˧
Brâu	ʔ ɓ ɹ ə w ˧˧
Buôn Ma Thuột	ʔ ɓ u ə n ˧˧ m aː ˧˧ tʰ u ə t̚ ˧˨ ʔ
Bàn Cổ	ʔ ɓ aː n ˨˩ k o ˧˩
Bàn Môn Điếm	ʔ ɓ aː n ˨˩ m o n ˧˧ ʔ ɗ i ə m ˧˦
Bành	ʔ ɓ a j ŋ̟ ˨˩
Bành Hồ	ʔ ɓ a j ŋ̟ ˨˩ h o ˨˩
Bình	ʔ ɓ ï ŋ ˨˩
Bình Chánh	ʔ ɓ ï ŋ ˨˩ t͡ɕ a j ŋ̟ ˧˦
Bình Dương	ʔ ɓ ï ŋ ˨˩ z ɨ ə ŋ ˧˧
Bình Nhưỡng	ʔ ɓ ï ŋ ˨˩ ɲ ɨ ə ŋ ˦ˀ˥
Bình Phước	ʔ ɓ ï ŋ ˨˩ f ɨ ə k̚ ˧˦
Bình Thuận	ʔ ɓ ï ŋ ˨˩ tʰ w ə n ˧˨ ʔ
Bình Trị Thiên	ʔ ɓ ï ŋ ˨˩ t͡ɕ i ˧˨ ʔ tʰ i ə n ˧˧
Bình Đông	ʔ ɓ ï ŋ ˨˩ ʔ ɗ ə w ŋ͡m ˧˧
Bình Định	ʔ ɓ ï ŋ ˨˩ ʔ ɗ ï ŋ ˧˨ ʔ
Bính	ʔ ɓ ï ŋ ˧˦
Bò sát	ʔ ɓ ɔ ˨˩ s aː t̚ ˧˦
Bôn	ʔ ɓ o n ˧˧
Bùi	ʔ ɓ u j ˨˩
Bưởi	ʔ ɓ ɨ ə j ˧˩
Bản	ʔ ɓ aː n ˧˩
Bắc	ʔ ɓ a k̚ ˧˦
Bỉ	ʔ ɓ i ˧˩
Bỉm Sơn	ʔ ɓ i m ˧˩ s əː n ˧˧
Bọ Cạp	ʔ ɓ ɔ ˧˨ ʔ k aː p̚ ˧˨ ʔ
Bố Y	ʔ ɓ o ˧˦ ʔ i ˧˧
Bố Đại	ʔ ɓ o ˧˦ ʔ ɗ aː j ˧˨ ʔ
Bồ	ʔ ɓ o ˨˩
Bồ Tát	ʔ ɓ o ˨˩ t aː t̚ ˧˦
Bồ Tát Quan Thế Âm	ʔ ɓ o ˨˩ t aː t̚ ˧˦ k w aː n ˧˧ tʰ e ˧˦ ʔ ə m ˧˧
Bồ Đào Nha	ʔ ɓ o ˨˩ ʔ ɗ aː w ˨˩ ɲ aː ˧˧
Bồn Man	ʔ ɓ o n ˨˩ m aː n ˧˧
Bờ Biển Ngà	ʔ ɓ əː ˨˩ ʔ ɓ i ə n ˧˩ ŋ aː ˨˩
Bờ Tây	ʔ ɓ əː ˨˩ t ə j ˧˧
Bụt	ʔ ɓ u t̚ ˧˨ ʔ
Bụt nhà không thiêng	ʔ ɓ u t̚ ˧˨ ʔ ɲ aː ˨˩ x ə w ŋ͡m ˧˧ tʰ i ə ŋ ˧˧
Bửu	ʔ ɓ i w ˧˩
C	k əː ˨˩
C	s e ˧˧
CH	s e ˧˧ h aː t̚ ˧˦
CH	t͡ɕ əː ˨˩
CH	t͡ɕ əː ˨˩ ɲ ɛ ˧˨ ʔ
CPU	s e ˧˧ p e ˧˧ ʔ u ˧˧
Ca Li	k aː ˧˧ l i ˧˧
Cam Bốt	k aː m ˧˧ ʔ ɓ o t̚ ˧˦
Cam Túc	k aː m ˧˧ t ʊ w k͡p̚ ˧˦
Can Chi	k aː n ˧˧ t͡ɕ i ˧˧
Can Lộc	k aː n ˧˧ l ə w k͡p̚ ˧˨ ʔ
Cang	k aː ŋ ˧˧
Canh	k a j ŋ̟ ˧˧
Canh Tuất	k a j ŋ̟ ˧˧ t w ə t̚ ˧˦
Cao	k aː w ˧˧
Cao Bằng	k aː w ˧˧ ʔ ɓ a ŋ ˨˩
Cao Câu Li	k aː w ˧˧ k ə w ˧˧ l i ˧˧
Cao Hùng	k aː w ˧˧ h ʊ w ŋ͡m ˨˩
Cao Li	k aː w ˧˧ l i ˧˧
Cao Lệ	k aː w ˧˧ l e ˧˨ ʔ
Cao Man	k aː w ˧˧ m aː n ˧˧
Cao Miên	k aː w ˧˧ m i ə n ˧˧
Cao Đài	k aː w ˧˧ ʔ ɗ aː j ˨˩
Cao Đài Tiên Ông Đại Bồ Tát Ma Ha Tát	k aː w ˧˧ ʔ ɗ aː j ˨˩ t i ə n ˧˧ ʔ ə w ŋ͡m ˧˧ ʔ ɗ aː j ˧˨ ʔ ʔ ɓ o ˨˩ t aː t̚ ˧˦ m aː ˧˧ h aː ˧˧ t aː t̚ ˧˦
Cebu	s ɛ ˧˧ ʔ ɓ u ˨˩
Chi	t͡ɕ i ˧˧
Chi Na	t͡ɕ i ˧˧ n aː ˧˧
Choang	t͡ɕ w aː ŋ ˧˧
Chu	t͡ɕ u ˧˧
Chu Ru	t͡ɕ u ˧˧ z u ˧˧
Chu Tước	t͡ɕ u ˧˧ t ɨ ə k̚ ˧˦
Chung	t͡ɕ ʊ w ŋ͡m ˧˧
Châu	t͡ɕ ə w ˧˧
Châu Hải	t͡ɕ ə w ˧˧ h aː j ˧˩
Châu Úc	t͡ɕ ə w ˧˧ ʔ ʊ w k͡p̚ ˧˦
Châu Đại Dương	t͡ɕ ə w ˧˧ ʔ ɗ aː j ˧˨ ʔ z ɨ ə ŋ ˧˧
Chính thống giáo	t͡ɕ ï ŋ ˧˦ tʰ ə w ŋ͡m ˧˦ z aː w ˧˦
Chó	t͡ɕ ɔ ˧˦
Chúa	t͡ɕ u ə ˧˦
Chúa Ba Ngôi	t͡ɕ u ə ˧˦ ʔ ɓ aː ˧˧ ŋ o j ˧˧
Chúa Dêu	t͡ɕ u ə ˧˦ z e w ˧˧
Chúa Trời	t͡ɕ u ə ˧˦ t͡ɕ əː j ˨˩
Chúa nhật	t͡ɕ u ə ˧˦ ɲ ə t̚ ˧˨ ʔ
Chúa ơi	t͡ɕ u ə ˧˦ ʔ əː j ˧˧
Chũ	t͡ɕ u ˦ˀ˥
Chơ Ro	t͡ɕ əː ˧˧ z ɔ ˧˧
Chất Tri	t͡ɕ ə t̚ ˧˦ t͡ɕ i ˧˧
Chế	t͡ɕ e ˧˦
Chệc	t͡ɕ e k̚ ˧˨ ʔ
Chệch	t͡ɕ ə j k̟̚ ˧˨ ʔ
Chệt	t͡ɕ e t̚ ˧˨ ʔ
Chợ Gạo	t͡ɕ əː ˧˨ ʔ ɣ aː w ˧˨ ʔ
Chợ Lớn	t͡ɕ əː ˧˨ ʔ l əː n ˧˦
Chức Nữ	t͡ɕ ɨ k̚ ˧˦ n ɨ ˦ˀ˥
Chử Đồng Tử	t͡ɕ ɨ ˧˩ ʔ ɗ ə w ŋ͡m ˨˩ t ɨ ˧˩
Chữ thập đỏ	t͡ɕ ɨ ˦ˀ˥ tʰ ə p̚ ˧˨ ʔ ʔ ɗ ɔ ˧˩
Cà Lồ	k aː ˨˩ l o ˨˩
Cà Mau	k aː ˨˩ m a w ˧˧
Cà Ná	k aː ˨˩ n aː ˧˦
Các	k aː k̚ ˧˦
Các Thánh	k aː k̚ ˧˦ tʰ a j ŋ̟ ˧˦
Cách mạng Tháng Tám	k a j k̟̚ ˧˦ m aː ŋ ˧˨ ʔ tʰ aː ŋ ˧˦ t aː m ˧˦
Cái Bè	k aː j ˧˦ ʔ ɓ ɛ ˨˩
Cái Răng	k aː j ˧˦ z a ŋ ˧˧
Cân Xứng	k ə n ˧˧ s ɨ ŋ ˧˦
Công Nguyên	k ə w ŋ͡m ˧˧ ŋ w i ə n ˧˧
Công Tăng	k ə w ŋ͡m ˧˧ t a ŋ ˧˧
Công giáo	k ə w ŋ͡m ˧˧ z aː w ˧˦
Cường	k ɨ ə ŋ ˨˩
Cảng Thơm	k aː ŋ ˧˩ tʰ əː m ˧˧
Cấn	k ə n ˧˦
Cần	k ə n ˨˩
Cần Giờ	k ə n ˨˩ z əː ˨˩
Cần Thơ	k ə n ˨˩ tʰ əː ˧˧
Cần Vương	k ə n ˨˩ v ɨ ə ŋ ˧˧
Cầu	k ə w ˨˩
Cầu Giấy	k ə w ˨˩ z ə j ˧˦
Cầu Đỏ	k ə w ˨˩ ʔ ɗ ɔ ˧˩
Cận Đông	k ə n ˧˨ ʔ ʔ ɗ ə w ŋ͡m ˧˧
Cứu Thế Quân	k i w ˧˦ tʰ e ˧˦ k w ə n ˧˧
Cửu Chân	k i w ˧˩ t͡ɕ ə n ˧˧
Cửu Long	k i w ˧˩ l a w ŋ͡m ˧˧
Cựu Kim Sơn	k i w ˧˨ ʔ k i m ˧˧ s əː n ˧˧
Cựu Thế Giới	k i w ˧˨ ʔ tʰ e ˧˦ z əː j ˧˦
Cựu Đường thư	k i w ˧˨ ʔ ʔ ɗ ɨ ə ŋ ˨˩ tʰ ɨ ˧˧
Cựu Ước	k i w ˧˨ ʔ ʔ ɨ ə k̚ ˧˦
D	z e ˧˧
D	z əː ˨˩
D	ʔ ɗ e ˧˧
Da Đỏ	z aː ˧˧ ʔ ɗ ɔ ˧˩
Dao	z aː w ˧˧
Davao	ʔ ɗ aː ˧˦ v aː w ˧˧
Di Lặc	z i ˧˧ l a k̚ ˧˨ ʔ
Diêm Vương	z i ə m ˧˧ v ɨ ə ŋ ˧˧
Diêm Vương tinh	z i ə m ˧˧ v ɨ ə ŋ ˧˧ t ï ŋ ˧˧
Diên	z i ə n ˧˧
Diên Biên	z i ə n ˧˧ ʔ ɓ i ə n ˧˧
Diến Điện	z i ə n ˧˦ ʔ ɗ i ə n ˧˨ ʔ
Diễn	z i ə n ˦ˀ˥
Diệp	z i ə p̚ ˧˨ ʔ
Diệu	z i ə w ˧˨ ʔ
Do Thái	z ɔ ˧˧ tʰ aː j ˧˦
Do Thái giáo	z ɔ ˧˧ tʰ aː j ˧˦ z aː w ˧˦
Do Thái phục quốc	z ɔ ˧˧ tʰ aː j ˧˦ f ʊ w k͡p̚ ˧˨ ʔ k u ə k̚ ˧˦
Doãn	z w aː n ˦ˀ˥
Du	z u ˧˧
Dung	z ʊ w ŋ͡m ˧˧
Dàng	z aː ŋ ˨˩
Dân quân tự vệ	z ə n ˧˧ k w ə n ˧˧ t ɨ ˧˨ ʔ v e ˧˨ ʔ
Dân số kí	z ə n ˧˧ s o ˧˦ k i ˧˦
Dêu	z e w ˧˧
Dòng Tên	z a w ŋ͡m ˨˩ t e n ˧˧
Dần	z ə n ˨˩
Dớt	z əː t̚ ˧˦
E	ʔ ɛ ˧˧
EU	ʔ ɛ ˧˧ ʔ u ˧˧
FA	ʔ ɛ p̚ ˧˦ ʔ aː ˧˧
Facebook	f ə j ˧˧ ʔ ɓ ʊ w k͡p̚ ˧˦
Fansipan	f aː n ˧˧ s i ˧˧ p a ŋ ˧˧
Fêlix	f e ˧˧ l ï k̟̚ ˧˦
G	z e ˧˧
G	ɣ əː ˨˩
GATO	ɣ aː ˧˧ t o ˧˧
GPHĐ	z ə j ˧˦ f ɛ p̚ ˧˦ h w aː t̚ ˧˨ ʔ ʔ ɗ ə w ŋ͡m ˧˨ ʔ
Gia	z aː ˧˧
Gia Hưng	z aː ˧˧ h ɨ ŋ ˧˧
Gia Lai	z aː ˧˧ l aː j ˧˧
Gia Lâm	z aː ˧˧ l ə m ˧˧
Gia Nghĩa	z aː ˧˧ ŋ i ə ˦ˀ˥
Gia Nã Đại	z aː ˧˧ n aː ˦ˀ˥ ʔ ɗ aː j ˧˨ ʔ
Gia Rai	z aː ˧˧ z aː j ˧˧
Gia Tô	z aː ˧˧ t o ˧˧
Gia Định	z aː ˧˧ ʔ ɗ ï ŋ ˧˨ ʔ
Gianh	z a j ŋ̟ ˧˧
Giao Chỉ	z aː w ˧˧ t͡ɕ i ˧˩
Giao Chỉ Chi Na	z aː w ˧˧ t͡ɕ i ˧˩ t͡ɕ i ˧˧ n aː ˧˧
Gioan Baotixita	z w aː n ˧˧ ʔ ɓ aː w ˧˧ t i ˧˧ s i ˧˧ t aː ˧˧
Giu ba	z u ˧˧ ʔ ɓ aː ˧˧
Giuliô	z u ˧˧ l i ˧˧ ʔ o ˧˧
Giuđa	z u ˧˧ ʔ ɗ aː ˧˧
Giuđa Ítcariốt	z u ˧˧ ʔ ɗ aː ˧˧ ʔ i t̚ ˧˦ k aː ˧˧ z i ˧˧ ʔ o t̚ ˧˦
Giuđa Ítcariốt	z u ˧˧ ʔ ɗ aː ˧˧ ʔ i t̚ ˧˦ k aː ˧˧ ɹ i ˧˧ ʔ o t̚ ˧˦
Giàu	z a w ˨˩
Giáng sinh	z aː ŋ ˧˦ s ï ŋ ˧˧
Giáng sinh vui vẻ	z aː ŋ ˧˦ s ï ŋ ˧˧ v u j ˧˧ v ɛ ˧˩
Giáo hội Công giáo	z aː w ˧˦ h o j ˧˨ ʔ k ə w ŋ͡m ˧˧ z aː w ˧˦
Giáp	z aː p̚ ˧˦
Giáp Thìn	z aː p̚ ˧˦ tʰ i n ˨˩
Giáp xác	z aː p̚ ˧˦ s aː k̚ ˧˦
Giáy	z a j ˧˦
Giêsu Maria	z e ˧˧ s u ˧˧ m aː ˧˧ z i ˧˧ ʔ aː ˧˧
Gióp	z ɔ p̚ ˧˦
Giăng	z a ŋ ˧˧
Giẻ Triêng	z ɛ ˧˩ t͡ɕ i ə ŋ ˧˧
Giỏi	z ɔ j ˧˩
Google	ɣ u ˧˧ ɣ o ˨˩
Grêgôriô	ɹ e ˧˧ ɣ o ˧˧ z i ˧˧ ʔ o ˧˧
Grêgôriô	ɹ e ˧˧ ɣ o ˧˧ ɹ i ˧˧ ʔ o ˧˧
Guốc chẵn	ɣ u ə k̚ ˧˦ t͡ɕ a n ˦ˀ˥
Guốc lẻ	ɣ u ə k̚ ˧˦ l ɛ ˧˩
Gò Sặt	ɣ ɔ ˨˩ s a t̚ ˧˨ ʔ
Gò Vấp	ɣ ɔ ˨˩ v ə p̚ ˧˦
Gạo	ɣ aː w ˧˨ ʔ
Gặm nhấm	ɣ a m ˧˨ ʔ ɲ ə m ˧˦
H	h a t̚ ˧˦
H	h aː t̚ ˧˦
H	h əː ˨˩
H'Mông	h əː ˧˧ m ə w ŋ͡m ˧˧
H'Mông	h əː ˨˩ m ə w ŋ͡m ˧˧
Hai Bà Trưng	h aː j ˧˧ ʔ ɓ aː ˨˩ t͡ɕ ɨ ŋ ˧˧
Hi Lạp	h i ˧˧ l aː p̚ ˧˨ ʔ
Hi Lạp cổ đại	h i ˧˧ l aː p̚ ˧˨ ʔ k o ˧˩ ʔ ɗ aː j ˧˨ ʔ
Hi Mã Lạp Sơn	h i ˧˧ m aː ˦ˀ˥ l aː p̚ ˧˨ ʔ s əː n ˧˧
Hilariô	h i ˧˧ l aː ˧˧ z i ˧˧ ʔ o ˧˧
Hilariô	h i ˧˧ l aː ˧˧ ɹ i ˧˧ ʔ o ˧˧
Hiến	h i ə n ˧˦
Hiếu	h i ə w ˧˦
Hiếu Kinh	h i ə w ˧˦ k ï ŋ ˧˧
Hiền	h i ə n ˨˩
Hiển	h i ə n ˧˩
Hiệp	h i ə p̚ ˧˨ ʔ
Hiệu	h i ə w ˧˨ ʔ
Hoa	h w aː ˧˧
Hoa Kì	h w aː ˧˧ k i ˨˩
Hoa Lang	h w aː ˧˧ l aː ŋ ˧˧
Hoa Liên	h w aː ˧˧ l i ə n ˧˧
Hoa Lệ Ước	h w aː ˧˧ l e ˧˨ ʔ ʔ ɨ ə k̚ ˧˦
Hoa Thịnh Đốn	h w aː ˧˧ tʰ ï ŋ ˧˨ ʔ ʔ ɗ o n ˧˦
Hoa Vi	h w aː ˧˧ v i ˧˧
Hoa kiều	h w aː ˧˧ k i ə w ˨˩
Hoa lục	h w aː ˧˧ l ʊ w k͡p̚ ˧˨ ʔ
Hoa ngữ	h w aː ˧˧ ŋ ɨ ˦ˀ˥
Hoa văn	h w aː ˧˧ v a n ˧˧
Hoa Đông	h w aː ˧˧ ʔ ɗ ə w ŋ͡m ˧˧
Hoà	h w aː ˨˩
Hoà Bình	h w aː ˨˩ ʔ ɓ ï ŋ ˨˩
Hoà Cường	h w aː ˨˩ k ɨ ə ŋ ˨˩
Hoà Hảo	h w aː ˨˩ h aː w ˧˩
Hoà chế Hán ngữ	h w aː ˨˩ t͡ɕ e ˧˦ h aː n ˧˦ ŋ ɨ ˦ˀ˥
Hung	h ʊ w ŋ͡m ˧˧
Hy Lạp	h i ˧˧ l aː p̚ ˧˨ ʔ
Hyginô	h i ˧˧ z i ˧˧ n o ˧˧
Hà	h aː ˨˩
Hà Bắc	h aː ˨˩ ʔ ɓ a k̚ ˧˦
Hà Giang	h aː ˨˩ z aː ŋ ˧˧
Hà Lan	h aː ˨˩ l aː n ˧˧
Hà Liên	h aː ˨˩ l i ə n ˧˧
Hà Lội	h aː ˨˩ l o j ˧˨ ʔ
Hà Nam	h aː ˨˩ n aː m ˧˧
Hà Nhì	h aː ˨˩ ɲ i ˨˩
Hà Nội	h aː ˨˩ n o j ˧˨ ʔ
Hà Tiên	h aː ˨˩ t i ə n ˧˧
Hà Trung	h aː ˨˩ t͡ɕ ʊ w ŋ͡m ˧˧
Hà Tĩnh	h aː ˨˩ t ï ŋ ˦ˀ˥
Hà thành	h aː ˨˩ tʰ a j ŋ̟ ˨˩
Hình Thiên	h ï ŋ ˨˩ tʰ i ə n ˧˧
Hình nhện	h ï ŋ ˨˩ ɲ e n ˧˨ ʔ
Hòn Vọng Phu	h ɔ n ˨˩ v a w ŋ͡m ˧˨ ʔ f u ˧˧
Hưng	h ɨ ŋ ˧˧
Hưng Yên	h ɨ ŋ ˧˧ ʔ i ə n ˧˧
Hương	h ɨ ə ŋ ˧˧
Hương Cảng	h ɨ ə ŋ ˧˧ k aː ŋ ˧˩
Hương Khê	h ɨ ə ŋ ˧˧ x e ˧˧
Hương Sơn	h ɨ ə ŋ ˧˧ s əː n ˧˧
Hường	h ɨ ə ŋ ˨˩
Hạ	h aː ˧˨ ʔ
Hạ Lan	h aː ˧˨ ʔ l aː n ˧˧
Hạ Long	h aː ˧˨ ʔ l a w ŋ͡m ˧˧
Hạ Môn	h aː ˧˨ ʔ m o n ˧˧
Hạ Uy Di	h aː ˧˨ ʔ ʔ w i ˧˧ z i ˧˧
Hết	h e t̚ ˧˦
Hố Nai	h o ˧˦ n aː j ˧˧
Hồ	h o ˨˩
Hồ Bắc	h o ˨˩ ʔ ɓ a k̚ ˧˦
Hồ Chí Minh	h o ˨˩ t͡ɕ i ˧˦ m ï ŋ ˧˧
Hồ Gươm	h o ˨˩ ɣ ɨ ə m ˧˧
Hồ Nam	h o ˨˩ n aː m ˧˧
Hồi Quốc	h o j ˨˩ k u ə k̚ ˧˦
Hồi giáo	h o j ˨˩ z aː w ˧˦
Hồi quốc	h o j ˨˩ k u ə k̚ ˧˦
Hổ Cáp	h o ˧˩ k aː p̚ ˧˦
Hội An	h o j ˧˨ ʔ ʔ aː n ˧˧
Hội Tam Điểm	h o j ˧˨ ʔ t aː m ˧˧ ʔ ɗ i ə m ˧˩
Hội đồng Bảo an Liên Hiệp Quốc	h o j ˧˨ ʔ ʔ ɗ ə w ŋ͡m ˨˩ ʔ ɓ aː w ˧˩ ʔ aː n ˧˧ l i ə n ˧˧ h i ə p̚ ˧˨ ʔ k u ə k̚ ˧˦
Hứa	h ɨ ə ˧˦
I	ʔ i ˧˧
I	ʔ i ˧˧ ŋ a n ˧˦
I Rắc	ʔ i ˧˧ z a k̚ ˧˦
Inhaxiô	ʔ i ˧˧ ɲ aː ˧˧ s i ˧˧ ʔ o ˧˧
Isave	ʔ i ˧˧ s aː ˧˧ v ɛ ˧˧
Jakarta	z aː ˧˧ k aː k̚ ˧˦ t aː ˧˧
Jêsus	z e ˧˧ s u ˧˧
K	k aː ˧˧
Khe Sanh	x ɛ ˧˧ s a j ŋ̟ ˧˧
Khăn Đỏ	x a n ˧˧ ʔ ɗ ɔ ˧˩
Khương	x ɨ ə ŋ ˧˧
Kim	k i m ˧˧
Kim Bình Mai	k i m ˧˧ ʔ ɓ ï ŋ ˨˩ m aː j ˧˧
Kim Liên	k i m ˧˧ l i ə n ˧˧
Kim Môn	k i m ˧˧ m o n ˧˧
Kim Ngưu	k i m ˧˧ ŋ i w ˧˧
Kim Nhật Thành	k i m ˧˧ ɲ ə t̚ ˧˨ ʔ tʰ a j ŋ̟ ˨˩
Kim Song Trường	k i m ˧˧ s a w ŋ͡m ˧˧ t͡ɕ ɨ ə ŋ ˨˩
Kim cương thừa	k i m ˧˧ k ɨ ə ŋ ˧˧ tʰ ɨ ə ˨˩
Kim tinh	k i m ˧˧ t ï ŋ ˧˧
Kinh	k ï ŋ ˧˧
Kinh Dịch	k ï ŋ ˧˧ z ï k̟̚ ˧˨ ʔ
Kinh Lễ	k ï ŋ ˧˧ l e ˦ˀ˥
Kinh Thi	k ï ŋ ˧˧ tʰ i ˧˧
Kinh Thánh	k ï ŋ ˧˧ tʰ a j ŋ̟ ˧˦
Kinh Thư	k ï ŋ ˧˧ tʰ ɨ ˧˧
Kinh Xuân Thu	k ï ŋ ˧˧ s w ə n ˧˧ tʰ u ˧˧
Kinh Đô	k ï ŋ ˧˧ ʔ ɗ o ˧˧
Kiên	k i ə n ˧˧
Kiên Giang	k i ə n ˧˧ z aː ŋ ˧˧
Kiên Hải	k i ə n ˧˧ h aː j ˧˩
Kiêu	k i ə w ˧˧
Kiếm	k i ə m ˧˦
Kiến An	k i ə n ˧˦ ʔ aː n ˧˧
Kiến Thuỵ	k i ə n ˧˦ tʰ w i ˧˨ ʔ
Kiều	k i ə w ˨˩
Kiệt	k i ə t̚ ˧˨ ʔ
Kon Tum	k ɔ n ˧˧ t u m ˧˧
Kon Tum	k ə w ŋ͡m ˧˧ t u m ˧˧
Kép	k ɛ p̚ ˧˦
Kê Thành	k e ˧˧ tʰ a j ŋ̟ ˨˩
Kẻ Chợ	k ɛ ˧˩ t͡ɕ əː ˧˨ ʔ
Kỉ	k i ˧˩
Kỳ	k i ˨˩
Kỳ Anh	k i ˨˩ ʔ a j ŋ̟ ˧˧
L	l əː ˨˩
L	l əː ˨˩ k aː w ˧˧
L	ʔ ɛ ˧˧ l əː ˨˩
La	l aː ˧˧
La Chí	l aː ˧˧ t͡ɕ i ˧˦
La Ha	l aː ˧˧ h aː ˧˧
La Hay	l aː ˧˧ h a j ˧˧
La Hủ	l aː ˧˧ h u ˧˩
La Mã	l aː ˧˧ m aː ˦ˀ˥
La Sát	l aː ˧˧ s aː t̚ ˧˦
Lan	l aː n ˧˧
Lan Xang	l aː n ˧˧ s aː ŋ ˧˧
Latinh	l aː ˧˧ t ï ŋ ˧˧
Li	l i ˧˧
Linh	l ï ŋ ˧˧
Linh trưởng	l ï ŋ ˧˧ t͡ɕ ɨ ə ŋ ˧˩
Linô	l i n ˧˧ n o ˧˧
Liêm	l i ə m ˧˧
Liên	l i ə n ˧˧
Liên Giang	l i ə n ˧˧ z aː ŋ ˧˧
Liên Hiệp Quốc	l i ə n ˧˧ h i ə p̚ ˧˨ ʔ k u ə k̚ ˧˦
Liên Hợp Quốc	l i ə n ˧˧ h əː p̚ ˧˨ ʔ k u ə k̚ ˧˦
Liên Xô	l i ə n ˧˧ s o ˧˧
Liên bang Cộng hoà Xã hội Chủ nghĩa Xô viết	l i ə n ˧˧ ʔ ɓ aː ŋ ˧˧ k ə w ŋ͡m ˧˨ ʔ h w aː ˨˩ s aː ˦ˀ˥ h o j ˧˨ ʔ t͡ɕ u ˧˩ ŋ i ə ˦ˀ˥ s o ˧˧ v i ə t̚ ˧˦
Liên bang Nga	l i ə n ˧˧ ʔ ɓ aː ŋ ˧˧ ŋ aː ˧˧
Liên bang Xô viết	l i ə n ˧˧ ʔ ɓ aː ŋ ˧˧ s o ˧˧ v i ə t̚ ˧˦
Liên minh châu Phi	l i ə n ˧˧ m ï ŋ ˧˧ t͡ɕ ə w ˧˧ f i ˧˧
Liên minh châu Âu	l i ə n ˧˧ m ï ŋ ˧˧ t͡ɕ ə w ˧˧ ʔ ə w ˧˧
Liên Âu	l i ə n ˧˧ ʔ ə w ˧˧
Liêu	l i ə w ˧˧
Liêu Ninh	l i ə w ˧˧ n ï ŋ ˧˧
Liễu	l i ə w ˦ˀ˥
Liễu Hạnh	l i ə w ˦ˀ˥ h a j ŋ̟ ˧˨ ʔ
Liễu Hạnh Công Chúa	l i ə w ˦ˀ˥ h a j ŋ̟ ˧˨ ʔ k ə w ŋ͡m ˧˧ t͡ɕ u ə ˧˦
Liệu	l i ə w ˧˨ ʔ
Loan	l w aː n ˧˧
Long	l a w ŋ͡m ˧˧
Long An	l a w ŋ͡m ˧˧ ʔ aː n ˧˧
Long Thụ	l a w ŋ͡m ˧˧ tʰ u ˧˨ ʔ
Long Đất	l a w ŋ͡m ˧˧ ʔ ɗ ə t̚ ˧˦
Luân	l w ə n ˧˧
Luân Đôn	l w ə n ˧˧ ʔ ɗ o n ˧˧
Luận	l w ə n ˧˨ ʔ
Luận Ngữ	l w ə n ˧˨ ʔ ŋ ɨ ˦ˀ˥
Làng Gốm Bát Tràng	l aː ŋ ˨˩ ɣ o m ˧˦ ʔ ɓ aː t̚ ˧˦ t͡ɕ aː ŋ ˨˩
Lào	l aː w ˨˩
Lào Cai	l aː w ˨˩ k aː j ˧˧
Lá cờ lấp lánh ánh sao	l aː ˧˦ k əː ˨˩ l ə p̚ ˧˦ l a j ŋ̟ ˧˦ ʔ a j ŋ̟ ˧˦ s aː w ˧˧
Lâm	l ə m ˧˧
Lâm An	l ə m ˧˧ ʔ aː n ˧˧
Lâm Cung Thánh Mẫu	l ə m ˧˧ k ʊ w ŋ͡m ˧˧ tʰ a j ŋ̟ ˧˦ m ə w ˦ˀ˥
Lâm Viên	l ə m ˧˧ v i ə n ˧˧
Lâm Đồng	l ə m ˧˧ ʔ ɗ ə w ŋ͡m ˨˩
Lâm Ấp	l ə m ˧˧ ʔ ə p̚ ˧˦
Lân	l ə n ˧˧
Lã	l aː ˦ˀ˥
Lã Phụng Tiên	l aː ˦ˀ˥ f ʊ w ŋ͡m ˧˨ ʔ t i ə n ˧˧
Lãnh thổ Bắc	l a j ŋ̟ ˦ˀ˥ tʰ o ˧˩ ʔ ɓ a k̚ ˧˦
Lãnh thổ Bắc Úc	l a j ŋ̟ ˦ˀ˥ tʰ o ˧˩ ʔ ɓ a k̚ ˧˦ ʔ ʊ w k͡p̚ ˧˦
Lãnh thổ Thủ đô Úc	l a j ŋ̟ ˦ˀ˥ tʰ o ˧˩ tʰ u ˧˩ ʔ ɗ o ˧˧ ʔ ʊ w k͡p̚ ˧˦
Lão Tử	l aː w ˦ˀ˥ t ɨ ˧˩
Lão giáo	l aː w ˦ˀ˥ z aː w ˧˦
Lí	l i ˧˦
Lô Lô	l o ˧˧ l o ˧˧
Lôrensô	l o ˧˧ z ɛ n ˧˧ s o ˧˧
Lôrensô	l o ˧˧ ɹ ɛ n ˧˧ s o ˧˧
Lõi Quỷ	l ɔ j ˦ˀ˥ k w i ˧˩
Lĩnh	l ï ŋ ˦ˀ˥
Lĩnh Nam	l ï ŋ ˦ˀ˥ n aː m ˧˧
Lạc	l aː k̚ ˧˨ ʔ
Lạc Long Quân	l aː k̚ ˧˨ ʔ l a w ŋ͡m ˧˧ k w ə n ˧˧
Lạng Sơn	l aː ŋ ˧˨ ʔ s əː n ˧˧
Lầu Năm Góc	l ə w ˨˩ n a m ˧˧ ɣ a w k͡p̚ ˧˦
Lẩu Gà Bình Thuận	l ə w ˧˩ ɣ aː ˨˩ ʔ ɓ ï ŋ ˨˩ tʰ w ə n ˧˨ ʔ
Lập	l ə p̚ ˧˨ ʔ
Lọ Lem	l ɔ ˧˨ ʔ l ɛ m ˧˧
Lốt	l o t̚ ˧˦
Lỗ	l o ˦ˀ˥
Lỗ Ma Ni	l o ˦ˀ˥ m aː ˧˧ n i ˧˧
Lộ Đức	l o ˧˨ ʔ ʔ ɗ ɨ k̚ ˧˦
Lộc	l ə w k͡p̚ ˧˨ ʔ
Lợi	l əː j ˧˨ ʔ
Lục	l ʊ w k͡p̚ ˧˨ ʔ
Lục Cung Thánh Mẫu	l ʊ w k͡p̚ ˧˨ ʔ k ʊ w ŋ͡m ˧˧ tʰ a j ŋ̟ ˧˦ m ə w ˦ˀ˥
MC	ʔ ɛ m ˧˧ s i ˧˧
MTDTGPMNVN	m a t̚ ˧˨ ʔ t͡ɕ ə n ˧˨ ʔ z ə n ˧˧ t ə w k͡p̚ ˧˨ ʔ z aː j ˧˩ f a w ŋ͡m ˧˦ m i ə n ˨˩ n aː m ˧˧ v i ə t̚ ˧˨ ʔ n aː m ˧˧
Mai	m aː j ˧˧
Man Đần	m aː n ˧˧ ʔ ɗ ə n ˨˩
Manila	m aː ˧˧ n i ˧˧ l aː ˧˧
Maroc	m aː ˧˧ z ə w k͡p̚ ˧˦
Maroc	m aː ˧˧ ɹ ə w k͡p̚ ˧˦
Martinô	m aː ˧˧ t i n ˧˧ n o ˧˧
May	m a j ˧˧
Mi	m i ˧˧
Micae	m i ˧˧ k aː ˧˧ ʔ ɛ ˧˧
Minecraft	m aː j ˧˧ k əː ˨˩ z aː p̚ ˧˦
Minecraft	m aː j ˧˧ k əː ˨˩ ɹ aː p̚ ˧˦
Minh	m ï ŋ ˧˧
Minh Trị	m ï ŋ ˧˧ t͡ɕ i ˧˨ ʔ
Minh triều	m ï ŋ ˧˧ t͡ɕ i ə w ˨˩
Miu	m i w ˧˧
Miên	m i ə n ˧˧
Miên Dương	m i ə n ˧˧ z ɨ ə ŋ ˧˧
Miêu Lật	m i ə w ˧˧ l ə t̚ ˧˨ ʔ
Miến Điện	m i ə n ˧˦ ʔ ɗ i ə n ˧˨ ʔ
Mân Đàn	m ə n ˧˧ ʔ ɗ aː n ˨˩
Mãn	m aː n ˦ˀ˥
Mãn Châu	m aː n ˦ˀ˥ t͡ɕ ə w ˧˧
Mãn Châu quốc	m aː n ˦ˀ˥ t͡ɕ ə w ˧˧ k u ə k̚ ˧˦
Mão	m aː w ˦ˀ˥
Mèo	m ɛ w ˨˩
Móng Cái	m a w ŋ͡m ˧˦ k aː j ˧˦
Mông	m ə w ŋ͡m ˧˧
Mông Cương	m ə w ŋ͡m ˧˧ k ɨ ə ŋ ˧˧
Mông Cổ	m ə w ŋ͡m ˧˧ k o ˧˩
Mônica	m o n ˧˧ n i ˧˧ k aː ˧˧
Mùi	m u j ˨˩
Mĩ	m i ˦ˀ˥
Mĩ Khê	m i ˦ˀ˥ x e ˧˧
Mĩ Lợi Gia	m i ˦ˀ˥ l əː j ˧˨ ʔ z aː ˧˧
Mĩ Quốc	m i ˦ˀ˥ k u ə k̚ ˧˦
Mĩ Tho	m i ˦ˀ˥ tʰ ɔ ˧˧
Mĩ châu	m i ˦ˀ˥ t͡ɕ ə w ˧˧
Mĩ hoá	m i ˦ˀ˥ h w aː ˧˦
Mĩ kim	m i ˦ˀ˥ k i m ˧˧
Mạnh	m a j ŋ̟ ˧˨ ʔ
Mạnh Thường quân	m a j ŋ̟ ˧˨ ʔ tʰ ɨ ə ŋ ˨˩ k w ə n ˧˧
Mạnh Tử	m a j ŋ̟ ˧˨ ʔ t ɨ ˧˩
Mạnh Đức Tư Cưu	m a j ŋ̟ ˧˨ ʔ ʔ ɗ ɨ k̚ ˧˦ t ɨ ˧˧ k i w ˧˧
Mảng	m aː ŋ ˧˩
Mẫn	m ə n ˦ˀ˥
Mẫu Liễu	m ə w ˦ˀ˥ l i ə w ˦ˀ˥
Mẫu Liễu Hạnh	m ə w ˦ˀ˥ l i ə w ˦ˀ˥ h a j ŋ̟ ˧˨ ʔ
Mẫu Thoải	m ə w ˦ˀ˥ tʰ w aː j ˧˩
Mẫu Thượng Ngàn	m ə w ˦ˀ˥ tʰ ɨ ə ŋ ˧˨ ʔ ŋ aː n ˨˩
Mẫu Thượng Thiên	m ə w ˦ˀ˥ tʰ ɨ ə ŋ ˧˨ ʔ tʰ i ə n ˧˧
Mẫu Tổ	m ə w ˦ˀ˥ t o ˧˩
Mẫu Đệ Nhất	m ə w ˦ˀ˥ ʔ ɗ e ˧˨ ʔ ɲ ə t̚ ˧˦
Mậu	m ə w ˧˨ ʔ
Mậu Thìn	m ə w ˧˨ ʔ tʰ i n ˨˩
Mậu Tuất	m ə w ˧˨ ʔ t w ə t̚ ˧˦
Mặc Tây Ca	m a k̚ ˧˨ ʔ t ə j ˧˧ k aː ˧˧
Mặc gia	m a k̚ ˧˨ ʔ z aː ˧˧
Mặc giáo	m a k̚ ˧˨ ʔ z aː w ˧˦
Mặt Lăng	m a t̚ ˧˨ ʔ l a ŋ ˧˧
Mặt Trăng	m a t̚ ˧˨ ʔ t͡ɕ a ŋ ˧˧
Mặt Trời	m a t̚ ˧˨ ʔ t͡ɕ əː j ˨˩
Mặt trận Dân tộc Giải phóng miền Nam Việt Nam	m a t̚ ˧˨ ʔ t͡ɕ ə n ˧˨ ʔ z ə n ˧˧ t ə w k͡p̚ ˧˨ ʔ z aː j ˧˩ f a w ŋ͡m ˧˦ m i ə n ˨˩ n aː m ˧˧ v i ə t̚ ˧˨ ʔ n aː m ˧˧
Mặt trận Tổ quốc Việt Nam	m a t̚ ˧˨ ʔ t͡ɕ ə n ˧˨ ʔ t o ˧˩ k u ə k̚ ˧˦ v i ə t̚ ˧˨ ʔ n aː m ˧˧
Mẹo	m ɛ w ˧˨ ʔ
Mẽo	m ɛ w ˦ˀ˥
Mỏ Cày	m ɔ ˧˩ k a j ˨˩
Mộc Tinh	m ə w k͡p̚ ˧˨ ʔ t ï ŋ ˧˧
Mộc tinh	m ə w k͡p̚ ˧˨ ʔ t ï ŋ ˧˧
Mộng Khê bút đàm	m ə w ŋ͡m ˧˨ ʔ x e ˧˧ ʔ ɓ u t̚ ˧˦ ʔ ɗ aː m ˨˩
Mực	m ɨ k̚ ˧˨ ʔ
Nghi Lan	ŋ i ˧˧ l aː n ˧˧
Nghi Xuân	ŋ i ˧˧ s w ə n ˧˧
Nghiêm	ŋ i ə m ˧˧
Nghèn	ŋ ɛ n ˨˩
Nghê	ŋ e ˧˧
Nghìn lẻ một đêm	ŋ i n ˨˩ l ɛ ˧˩ m o t̚ ˧˨ ʔ ʔ ɗ e m ˧˧
Nghĩa	ŋ i ə ˦ˀ˥
Nghĩa Hoà Đoàn	ŋ i ə ˦ˀ˥ h w aː ˨˩ ʔ ɗ w aː n ˨˩
Nghĩa dũng quân tiến hành khúc	ŋ i ə ˦ˀ˥ z ʊ w ŋ͡m ˦ˀ˥ k w ə n ˧˧ t i ə n ˧˦ h a j ŋ̟ ˨˩ x ʊ w k͡p̚ ˧˦
Nghệ An	ŋ e ˧˨ ʔ ʔ aː n ˧˧
Nghệ Tĩnh	ŋ e ˧˨ ʔ t ï ŋ ˦ˀ˥
Nghệ ngữ	ŋ e ˧˨ ʔ ŋ ɨ ˦ˀ˥
Ngoại Mông	ŋ w aː j ˧˨ ʔ m ə w ŋ͡m ˧˧
Ngoại Mông Cổ	ŋ w aː j ˧˨ ʔ m ə w ŋ͡m ˧˧ k o ˧˩
Nguyên	ŋ w i ə n ˧˧
Nguyễn	ŋ w i ə n ˦ˀ˥
Nguỵ	ŋ w i ˧˨ ʔ
Ngân	ŋ ə n ˧˧
Ngân Hà	ŋ ə n ˧˧ h aː ˨˩
Ngân hàng Thế giới	ŋ ə n ˧˧ h aː ŋ ˨˩ tʰ e ˧˦ z əː j ˧˦
Ngô	ŋ o ˧˧
Ngô Quyền	ŋ o ˧˧ k w i ə n ˨˩
Ngũ Hành Sơn	ŋ u ˦ˀ˥ h a j ŋ̟ ˨˩ s əː n ˧˧
Ngũ Vị Tôn Quan	ŋ u ˦ˀ˥ v i ˧˨ ʔ t o n ˧˧ k w aː n ˧˧
Ngũ kinh	ŋ u ˦ˀ˥ k ï ŋ ˧˧
Ngũ Đại Hồ	ŋ u ˦ˀ˥ ʔ ɗ aː j ˧˨ ʔ h o ˨˩
Ngũ Đại Thập Quốc	ŋ u ˦ˀ˥ ʔ ɗ aː j ˧˨ ʔ tʰ ə p̚ ˧˨ ʔ k u ə k̚ ˧˦
Ngũ Đế	ŋ u ˦ˀ˥ ʔ ɗ e ˧˦
Ngọ	ŋ ɔ ˧˨ ʔ
Ngọc	ŋ a w k͡p̚ ˧˨ ʔ
Ngọc Hoàng	ŋ a w k͡p̚ ˧˨ ʔ h w aː ŋ ˨˩
Ngọc Hoàng Thượng Đế	ŋ a w k͡p̚ ˧˨ ʔ h w aː ŋ ˨˩ tʰ ɨ ə ŋ ˧˨ ʔ ʔ ɗ e ˧˦
Ngọc Hoàng Đại Đế	ŋ a w k͡p̚ ˧˨ ʔ h w aː ŋ ˨˩ ʔ ɗ aː j ˧˨ ʔ ʔ ɗ e ˧˦
Ngọc Linh	ŋ a w k͡p̚ ˧˨ ʔ l ï ŋ ˧˧
Ngọc Lân	ŋ a w k͡p̚ ˧˨ ʔ l ə n ˧˧
Ngọc Đế	ŋ a w k͡p̚ ˧˨ ʔ ʔ ɗ e ˧˦
Nhung	ɲ ʊ w ŋ͡m ˧˧
Nhàn	ɲ aː n ˨˩
Nhâm	ɲ ə m ˧˧
Nhân Dân Tự Vệ	ɲ ə n ˧˧ z ə n ˧˧ t ɨ ˧˨ ʔ v e ˧˨ ʔ
Nhân Mã	ɲ ə n ˧˧ m aː ˦ˀ˥
Nhùng	ɲ ʊ w ŋ͡m ˨˩
Như	ɲ ɨ ˧˧
Như Lai	ɲ ɨ ˧˧ l aː j ˧˧
Nhữ	ɲ ɨ ˦ˀ˥
Nhựt	ɲ ɨ t̚ ˧˨ ʔ
Nin	n i n ˧˧
Ninh Bình	n ï ŋ ˧˧ ʔ ɓ ï ŋ ˨˩
Ninh Hạ	n ï ŋ ˧˧ h aː ˧˨ ʔ
Ninh Thuận	n ï ŋ ˧˧ tʰ w ə n ˧˨ ʔ
Niu Oóc	n i w ˧˧ ʔ ɔ k̚ ˧˦
Nôm	n o m ˧˧
Nông	n ə w ŋ͡m ˧˧
Nùng	n ʊ w ŋ͡m ˨˩
Nội Mông	n o j ˧˨ ʔ m ə w ŋ͡m ˧˧
Nội Mông Cổ	n o j ˧˨ ʔ m ə w ŋ͡m ˧˧ k o ˧˩
Nụy Khấu	n w i ˧˨ ʔ x ə w ˧˦
Nữ Chân	n ɨ ˦ˀ˥ t͡ɕ ə n ˧˧
Nữ Oa	n ɨ ˦ˀ˥ ʔ w aː ˧˧
OK	ʔ o ˧˧ k e ˧˧
Phanxicô	f aː n ˧˧ s i ˧˧ k o ˧˧
Phaolô	f aː w ˧˧ l o ˧˧
Phi	f i ˧˧
Phi Luật Tân	f i ˧˧ l w ə t̚ ˧˨ ʔ t ə n ˧˧
Phi Mã	f i ˧˧ m aː ˦ˀ˥
Phi châu	f i ˧˧ t͡ɕ ə w ˧˧
Phnôm Pênh	f əː ˨˩ n o m ˧˧ p ə j ŋ̟ ˧˧
Phong	f a w ŋ͡m ˧˧
Phong Thần	f a w ŋ͡m ˧˧ tʰ ə n ˨˩
Phongxiô Philatô	f a w ŋ͡m ˧˧ s i ˧˧ ʔ o ˧˧ f i ˧˧ l aː ˧˧ t o ˧˧
Phu Tử	f u ˧˧ t ɨ ˧˩
Pháp	f aː p̚ ˧˦
Pháp Lan Tây	f aː p̚ ˧˦ l aː n ˧˧ t ə j ˧˧
Pháp Luân Công	f aː p̚ ˧˦ l w ə n ˧˧ k ə w ŋ͡m ˧˧
Pháp Luân Đại Pháp	f aː p̚ ˧˦ l w ə n ˧˧ ʔ ɗ aː j ˧˨ ʔ f aː p̚ ˧˦
Pháp ngữ	f aː p̚ ˧˦ ŋ ɨ ˦ˀ˥
Pháp quốc	f aː p̚ ˧˦ k u ə k̚ ˧˦
Pháp thuộc	f aː p̚ ˧˦ tʰ u ə k̚ ˧˨ ʔ
Phây	f ə j ˧˧
Phí	f i ˧˦
Phó	f ɔ ˧˦
Phù Lá	f u ˨˩ l aː ˧˦
Phù Nam	f u ˨˩ n aː m ˧˧
Phù Tang	f u ˨˩ t aː ŋ ˧˧
Phù Yên	f u ˨˩ ʔ i ə n ˧˧
Phù Đổng Thiên Vương	f u ˨˩ ʔ ɗ ə w ŋ͡m ˧˩ tʰ i ə n ˧˧ v ɨ ə ŋ ˧˧
Phùng	f ʊ w ŋ͡m ˨˩
Phú Lãng Sa	f u ˧˦ l aː ŋ ˦ˀ˥ s aː ˧˧
Phú Quý	f u ˧˦ k w i ˧˦
Phú Quốc	f u ˧˦ k u ə k̚ ˧˦
Phú Sĩ	f u ˧˦ s i ˦ˀ˥
Phú Thọ	f u ˧˦ tʰ ɔ ˧˨ ʔ
Phú Vang	f u ˧˦ v aː ŋ ˧˧
Phú Xuân	f u ˧˦ s w ə n ˧˧
Phú Yên	f u ˧˦ ʔ i ə n ˧˧
Phúc	f ʊ w k͡p̚ ˧˦
Phúc Châu	f ʊ w k͡p̚ ˧˦ t͡ɕ ə w ˧˧
Phúc Kiến	f ʊ w k͡p̚ ˧˦ k i ə n ˧˦
Phương	f ɨ ə ŋ ˧˧
Phước	f ɨ ə k̚ ˧˦
Phước Sơn	f ɨ ə k̚ ˧˦ s əː n ˧˧
Phượng	f ɨ ə ŋ ˧˨ ʔ
Phấn Trắng	f ə n ˧˦ t͡ɕ a ŋ ˧˦
Phần Lan	f ə n ˨˩ l aː n ˧˧
Phận	f ə n ˧˨ ʔ
Phật	f ə t̚ ˧˨ ʔ
Phật Dược Sư	f ə t̚ ˧˨ ʔ z ɨ ə k̚ ˧˨ ʔ s ɨ ˧˧
Phật Lãng Sa	f ə t̚ ˧˨ ʔ l aː ŋ ˦ˀ˥ s aː ˧˧
Phật giáo	f ə t̚ ˧˨ ʔ z aː w ˧˦
Phật tính	f ə t̚ ˧˨ ʔ t ï ŋ ˧˦
Phật tử	f ə t̚ ˧˨ ʔ t ɨ ˧˩
Phật Đà	f ə t̚ ˧˨ ʔ ʔ ɗ aː ˨˩
Phật Đản	f ə t̚ ˧˨ ʔ ʔ ɗ aː n ˧˩
Phố Mới	f o ˧˦ m əː j ˧˦
Phổ	f o ˧˩
Phổ Hiền	f o ˧˩ h i ə n ˨˩
Phục	f ʊ w k͡p̚ ˧˨ ʔ
Phục Hi	f ʊ w k͡p̚ ˧˨ ʔ h i ˧˧
Phục Hưng	f ʊ w k͡p̚ ˧˨ ʔ h ɨ ŋ ˧˧
Phục sinh	f ʊ w k͡p̚ ˧˨ ʔ s ï ŋ ˧˧
Phụng	f ʊ w ŋ͡m ˧˨ ʔ
Piô	p i ˧˧ ʔ o ˧˧
Pleiku	p l ə j ˧˧ k u ˧˧
Pleiku	p əː ˨˩ l ə j ˧˧ k u ˧˧
Plây Ku	p l ə j ˧˧ k u ˧˧
Pu Péo	p u ˧˧ p ɛ w ˧˦
Q	k u ˧˧
Q	k w i ˧˧
Q	k w əː ˨˩
Quan Thế Âm	k w aː n ˧˧ tʰ e ˧˦ ʔ ə m ˧˧
Quan thoại	k w aː n ˧˧ tʰ w aː j ˧˨ ʔ
Quan Âm	k w aː n ˧˧ ʔ ə m ˧˧
Quang	k w aː ŋ ˧˧
Quách	k w a j k̟̚ ˧˦
Quán Thế Âm	k w aː n ˧˦ tʰ e ˧˦ ʔ ə m ˧˧
Quân	k w ə n ˧˧
Quân Giải phóng miền Nam Việt Nam	k w ə n ˧˧ z aː j ˧˩ f a w ŋ͡m ˧˦ m i ə n ˨˩ n aː m ˧˧ v i ə t̚ ˧˨ ʔ n aː m ˧˧
Quả Đất	k w aː ˧˩ ʔ ɗ ə t̚ ˧˦
Quảng	k w aː ŋ ˧˩
Quảng Bình	k w aː ŋ ˧˩ ʔ ɓ ï ŋ ˨˩
Quảng Châu	k w aː ŋ ˧˩ t͡ɕ ə w ˧˧
Quảng Huế	k w aː ŋ ˧˩ h w e ˧˦
Quảng Nam	k w aː ŋ ˧˩ n aː m ˧˧
Quảng Ngãi	k w aː ŋ ˧˩ ŋ aː j ˦ˀ˥
Quảng Ninh	k w aː ŋ ˧˩ n ï ŋ ˧˧
Quảng Trị	k w aː ŋ ˧˩ t͡ɕ i ˧˨ ʔ
Quảng Tây	k w aː ŋ ˧˩ t ə j ˧˧
Quảng Đà	k w aː ŋ ˧˩ ʔ ɗ aː ˨˩
Quảng Đông	k w aː ŋ ˧˩ ʔ ɗ ə w ŋ͡m ˧˧
Quận Cam	k w ə n ˧˨ ʔ k aː m ˧˧
Quế	k w e ˧˦
Quế Lâm	k w e ˧˦ l ə m ˧˧
Quốc	k u ə k̚ ˧˦
Quốc dân Đảng	k u ə k̚ ˧˦ z ə n ˧˧ ʔ ɗ aː ŋ ˧˩
Quốc âm	k u ə k̚ ˧˦ ʔ ə m ˧˧
R	z əː ˨˩
R	ʔ ɛ ˧˧ z əː ˨˩
Ruột khoang	z u ə t̚ ˧˨ ʔ x w aː ŋ ˧˧
Rút	z u t̚ ˧˦
Rơ Măm	z əː ˧˧ m a m ˧˧
Rục	z ʊ w k͡p̚ ˧˨ ʔ
S	s əː ˨˩
S	s əː ˨˩ n a ŋ ˧˨ ʔ
S	ʔ ɛ t̚ ˧˦ s i ˨˩
SYT	s əː ˧˩ ʔ i ˧˧ t e ˧˦
Sa Huỳnh	s aː ˧˧ h w ï ŋ̟ ˨˩
Sa Pa	s aː ˧˧ p aː ˧˧
Sa Đéc	s aː ˧˧ ʔ ɗ ɛ k̚ ˧˦
San	s aː n ˧˧
Sang	s aː ŋ ˧˧
Stêphanô	s t e ˧˧ f aː n ˧˧ n o ˧˧
Su	s u ˧˧
Suối Hoa	s u ə j ˧˦ h w aː ˧˧
Sylvestrô	s i w ˧˧ v ɛ t̚ ˧˦ s t ɹ o ˧˧
Sài Gòn	s aː j ˨˩ ɣ ɔ n ˨˩
Sài thành	s aː j ˨˩ tʰ a j ŋ̟ ˨˩
Sách Phi Á	s a j k̟̚ ˧˦ f i ˧˧ ʔ aː ˧˦
Sán Chay	s aː n ˧˦ t͡ɕ a j ˧˧
Sán Dìu	s aː n ˧˦ z i w ˨˩
Sán Đầu	s aː n ˧˦ ʔ ɗ ə w ˨˩
Sáng	s aː ŋ ˧˦
Sáng thế kí	s aː ŋ ˧˦ tʰ e ˧˦ k i ˧˦
Sát	s aː t̚ ˧˦
Sát Hợp Đài	s aː t̚ ˧˦ h əː p̚ ˧˨ ʔ ʔ ɗ aː j ˨˩
Sâm	s ə m ˧˧
Sơn	s əː n ˧˧
Sơn Chà	s əː n ˧˧ t͡ɕ aː ˨˩
Sơn Dương	s əː n ˧˧ z ɨ ə ŋ ˧˧
Sơn Hải quan	s əː n ˧˧ h aː j ˧˩ k w aː n ˧˧
Sơn La	s əː n ˧˧ l aː ˧˧
Sơn Tinh	s əː n ˧˧ t ï ŋ ˧˧
Sơn Trà	s əː n ˧˧ t͡ɕ aː ˨˩
Sơn Tây	s əː n ˧˧ t ə j ˧˧
Sơn Vi	s əː n ˧˧ v i ˧˧
Sơn Đông	s əː n ˧˧ ʔ ɗ ə w ŋ͡m ˧˧
Sư Tử	s ɨ ˧˧ t ɨ ˧˩
Sở Khanh	s əː ˧˩ x a j ŋ̟ ˧˧
Sừng châu Phi	s ɨ ŋ ˨˩ t͡ɕ ə w ˧˧ f i ˧˧
Sử ký	s ɨ ˧˩ k i ˧˦
Sửu	s i w ˧˩
T	t e ˧˧
T	t əː ˨˩
TGB	t ə n ˧˧ z aː ˧˧ ʔ ɓ aː ˧˧
TGP	t ə w ŋ͡m ˧˩ z aː w ˧˦ f ə n ˧˨ ʔ
THCS	t͡ɕ ʊ w ŋ͡m ˧˧ h a w k͡p̚ ˧˨ ʔ k əː ˧˧ s əː ˧˩
TP	tʰ a j ŋ̟ ˨˩ f o ˧˦
TPHCM	tʰ a j ŋ̟ ˨˩ f o ˧˦ h o ˨˩ t͡ɕ i ˧˦ m ï ŋ ˧˧
TTNT	t͡ɕ i ˧˦ t w e ˧˨ ʔ ɲ ə n ˧˧ t aː w ˧˨ ʔ
TTX	tʰ ə w ŋ͡m ˧˧ t ə n ˧˦ s aː ˦ˀ˥
TV	t i ˧˧ v i ˧˧
Tam Hoàng	t aː m ˧˧ h w aː ŋ ˨˩
Tam Hoàng Ngũ Đế	t aː m ˧˧ h w aː ŋ ˨˩ ŋ u ˦ˀ˥ ʔ ɗ e ˧˦
Tam Hàn	t aː m ˧˧ h aː n ˨˩
Tam Quốc	t aː m ˧˧ k u ə k̚ ˧˦
Tam Vị Nhất Thể	t aː m ˧˧ v i ˧˨ ʔ ɲ ə t̚ ˧˦ tʰ e ˧˩
Tam quốc diễn nghĩa	t aː m ˧˧ k u ə k̚ ˧˦ z i ə n ˦ˀ˥ ŋ i ə ˦ˀ˥
Tam thiên tự	t aː m ˧˧ tʰ i ə n ˧˧ t ɨ ˧˨ ʔ
Tam thập lục kế	t aː m ˧˧ tʰ ə p̚ ˧˨ ʔ l ʊ w k͡p̚ ˧˨ ʔ k e ˧˦
Tam tự kinh	t aː m ˧˧ t ɨ ˧˨ ʔ k ï ŋ ˧˧
Tam Á	t aː m ˧˧ ʔ aː ˧˦
Tam Điệp	t aː m ˧˧ ʔ ɗ i ə p̚ ˧˨ ʔ
Tang Côn	t aː ŋ ˧˧ k o n ˧˧
Than Đá	tʰ aː n ˧˧ ʔ ɗ aː ˧˦
Thanh	tʰ a j ŋ̟ ˧˧
Thanh Diêu	tʰ a j ŋ̟ ˧˧ z i ə w ˧˧
Thanh Hoá	tʰ a j ŋ̟ ˧˧ h w aː ˧˦
Thanh Hải	tʰ a j ŋ̟ ˧˧ h aː j ˧˩
Thanh Đảo	tʰ a j ŋ̟ ˧˧ ʔ ɗ aː w ˧˩
Thi	tʰ i ˧˧
Thi Thiên	tʰ i ˧˧ tʰ i ə n ˧˧
Thiên	tʰ i ə n ˧˧
Thiên An Môn	tʰ i ə n ˧˧ ʔ aː n ˧˧ m o n ˧˧
Thiên Bình	tʰ i ə n ˧˧ ʔ ɓ ï ŋ ˨˩
Thiên Can	tʰ i ə n ˧˧ k aː n ˧˧
Thiên Chúa	tʰ i ə n ˧˧ t͡ɕ u ə ˧˦
Thiên Chúa giáo	tʰ i ə n ˧˧ t͡ɕ u ə ˧˦ z aː w ˧˦
Thiên Chủ	tʰ i ə n ˧˧ t͡ɕ u ˧˩
Thiên Cầm	tʰ i ə n ˧˧ k ə m ˨˩
Thiên Hiết	tʰ i ə n ˧˧ h i ə t̚ ˧˦
Thiên Hạt	tʰ i ə n ˧˧ h aː t̚ ˧˨ ʔ
Thiên Hậu	tʰ i ə n ˧˧ h ə w ˧˨ ʔ
Thiên Hậu Thánh Mẫu	tʰ i ə n ˧˧ h ə w ˧˨ ʔ tʰ a j ŋ̟ ˧˦ m ə w ˦ˀ˥
Thiên Long	tʰ i ə n ˧˧ l a w ŋ͡m ˧˧
Thiên Lôi	tʰ i ə n ˧˧ l o j ˧˧
Thiên Ma	tʰ i ə n ˧˧ m aː ˧˧
Thiên Mã	tʰ i ə n ˧˧ m aː ˦ˀ˥
Thiên Nga	tʰ i ə n ˧˧ ŋ aː ˧˧
Thiên Quyền	tʰ i ə n ˧˧ k w i ə n ˨˩
Thiên Sơn	tʰ i ə n ˧˧ s əː n ˧˧
Thiên Thượng Thánh Mẫu	tʰ i ə n ˧˧ tʰ ɨ ə ŋ ˧˨ ʔ tʰ a j ŋ̟ ˧˦ m ə w ˦ˀ˥
Thiên Trúc	tʰ i ə n ˧˧ t͡ɕ ʊ w k͡p̚ ˧˦
Thiên Tân	tʰ i ə n ˧˧ t ə n ˧˧
Thiên Vương tinh	tʰ i ə n ˧˧ v ɨ ə ŋ ˧˧ t ï ŋ ˧˧
Thiên Xứng	tʰ i ə n ˧˧ s ɨ ŋ ˧˦
Thiên Yết	tʰ i ə n ˧˧ ʔ i ə t̚ ˧˦
Thiên tự văn	tʰ i ə n ˧˧ t ɨ ˧˨ ʔ v a n ˧˧
Thiên Đàn	tʰ i ə n ˧˧ ʔ ɗ aː n ˨˩
Thiết Mộc Chân	tʰ i ə t̚ ˧˦ m ə w k͡p̚ ˧˨ ʔ t͡ɕ ə n ˧˧
Thiều	tʰ i ə w ˨˩
Thiểm Tây	tʰ i ə m ˧˩ t ə j ˧˧
Thiện	tʰ i ə n ˧˨ ʔ
Thiệu	tʰ i ə w ˧˨ ʔ
Thuyết văn giải tự	tʰ w i ə t̚ ˧˦ v a n ˧˧ z aː j ˧˩ t ɨ ˧˨ ʔ
Thuý	tʰ w i ˧˦
Thuỵ	tʰ w i ˧˨ ʔ
Thuỵ Sĩ	tʰ w i ˧˨ ʔ s i ˦ˀ˥
Thuỵ Điển	tʰ w i ˧˨ ʔ ʔ ɗ i ə n ˧˩
Thuỷ Tinh	tʰ w i ˧˩ t ï ŋ ˧˧
Thuỷ tinh	tʰ w i ˧˩ t ï ŋ ˧˧
Thái	tʰ aː j ˧˦
Thái Bình	tʰ aː j ˧˦ ʔ ɓ ï ŋ ˨˩
Thái Bình Dương	tʰ aː j ˧˦ ʔ ɓ ï ŋ ˨˩ z ɨ ə ŋ ˧˧
Thái Bình Thiên Quốc	tʰ aː j ˧˦ ʔ ɓ ï ŋ ˨˩ tʰ i ə n ˧˧ k u ə k̚ ˧˦
Thái Bạch Kim Tinh	tʰ aː j ˧˦ ʔ ɓ a j k̟̚ ˧˨ ʔ k i m ˧˧ t ï ŋ ˧˧
Thái Dương	tʰ aː j ˧˦ z ɨ ə ŋ ˧˧
Thái Dương hệ	tʰ aː j ˧˦ z ɨ ə ŋ ˧˧ h e ˧˨ ʔ
Thái Lan	tʰ aː j ˧˦ l aː n ˧˧
Thái Nguyên	tʰ aː j ˧˦ ŋ w i ə n ˧˧
Thái Sơn	tʰ aː j ˧˦ s əː n ˧˧
Thêôđorô	tʰ e ˧˧ ʔ o ˧˧ ʔ ɗ ɔ ˧˧ z o ˧˧
Thêôđorô	tʰ e ˧˧ ʔ o ˧˧ ʔ ɗ ɔ ˧˧ ɹ o ˧˧
Thìn	tʰ i n ˨˩
Thìn Hàn	tʰ i n ˨˩ h aː n ˨˩
Thích	tʰ ï k̟̚ ˧˦
Thích Đề Hoàn Nhân	tʰ ï k̟̚ ˧˦ ʔ ɗ e ˨˩ h w aː n ˨˩ ɲ ə n ˧˧
Thư	tʰ ɨ ˧˧
Thương	tʰ ɨ ə ŋ ˧˧
Thương Hiệt	tʰ ɨ ə ŋ ˧˧ h i ə t̚ ˧˨ ʔ
Thường	tʰ ɨ ə ŋ ˨˩
Thường Nga	tʰ ɨ ə ŋ ˨˩ ŋ aː ˧˧
Thường niên	tʰ ɨ ə ŋ ˨˩ n i ə n ˧˧
Thượng Bình	tʰ ɨ ə ŋ ˧˨ ʔ ʔ ɓ ï ŋ ˨˩
Thượng Hải	tʰ ɨ ə ŋ ˧˨ ʔ h aː j ˧˩
Thượng Nhật	tʰ ɨ ə ŋ ˧˨ ʔ ɲ ə t̚ ˧˨ ʔ
Thượng toạ bộ	tʰ ɨ ə ŋ ˧˨ ʔ t w aː ˧˨ ʔ ʔ ɓ o ˧˨ ʔ
Thượng Đình	tʰ ɨ ə ŋ ˧˨ ʔ ʔ ɗ ï ŋ ˨˩
Thượng Đô	tʰ ɨ ə ŋ ˧˨ ʔ ʔ ɗ o ˧˧
Thượng Đế	tʰ ɨ ə ŋ ˧˨ ʔ ʔ ɗ e ˧˦
Thạch	tʰ a j k̟̚ ˧˨ ʔ
Thạch Bồ	tʰ a j k̟̚ ˧˨ ʔ ʔ ɓ o ˨˩
Thạch Hà	tʰ a j k̟̚ ˧˨ ʔ h aː ˨˩
Thạch Hãn	tʰ a j k̟̚ ˧˨ ʔ h aː n ˦ˀ˥
Thạch Hòa	tʰ a j k̟̚ ˧˨ ʔ h w aː ˨˩
Thạch Thất	tʰ a j k̟̚ ˧˨ ʔ tʰ ə t̚ ˧˦
Thất Nữ	tʰ ə t̚ ˧˦ n ɨ ˦ˀ˥
Thất Tịch	tʰ ə t̚ ˧˦ t ï k̟̚ ˧˨ ʔ
Thần Kinh	tʰ ə n ˨˩ k ï ŋ ˧˧
Thần Nông	tʰ ə n ˨˩ n ə w ŋ͡m ˧˧
Thần Tài	tʰ ə n ˨˩ t aː j ˨˩
Thần khúc	tʰ ə n ˨˩ x ʊ w k͡p̚ ˧˦
Thập Can	tʰ ə p̚ ˧˨ ʔ k aː n ˧˧
Thập tam kinh	tʰ ə p̚ ˧˨ ʔ t aː m ˧˧ k ï ŋ ˧˧
Thế kỉ Ánh sáng	tʰ e ˧˦ k i ˧˩ ʔ a j ŋ̟ ˧˦ s aː ŋ ˧˦
Thế vận hội	tʰ e ˧˦ v ə n ˧˨ ʔ h o j ˧˨ ʔ
Thể	tʰ e ˧˩
Thị	tʰ i ˧˨ ʔ
Thịnh	tʰ ï ŋ ˧˨ ʔ
Thừa Thiên	tʰ ɨ ə ˨˩ tʰ i ə n ˧˧
Thừa Thiên Huế	tʰ ɨ ə ˨˩ tʰ i ə n ˧˧ h w e ˧˦
Tiêu	t i ə w ˧˧
Tiết Diên Đà	t i ə t̚ ˧˦ z i ə n ˧˧ ʔ ɗ aː ˨˩
Tiệp	t i ə p̚ ˧˨ ʔ
Tiệp Khắc	t i ə p̚ ˧˨ ʔ x a k̚ ˧˦
Trang	t͡ɕ aː ŋ ˧˧
Trang Tử	t͡ɕ aː ŋ ˧˧ t ɨ ˧˩
Trinh Nữ	t͡ɕ ï ŋ ˧˧ n ɨ ˦ˀ˥
Triết	t͡ɕ i ə t̚ ˧˦
Triết Biệt	t͡ɕ i ə t̚ ˧˦ ʔ ɓ i ə t̚ ˧˨ ʔ
Triều	t͡ɕ i ə w ˨˩
Triều Châu	t͡ɕ i ə w ˨˩ t͡ɕ ə w ˧˧
Triều Tiên	t͡ɕ i ə w ˨˩ t i ə n ˧˧
Triệu	t͡ɕ i ə w ˧˨ ʔ
Triệu vương	t͡ɕ i ə w ˧˨ ʔ v ɨ ə ŋ ˧˧
Trà	t͡ɕ aː ˨˩
Trà Khúc	t͡ɕ aː ˨˩ x ʊ w k͡p̚ ˧˦
Trà Vinh	t͡ɕ aː ˨˩ v ï ŋ ˧˧
Tràng An	t͡ɕ aː ŋ ˨˩ ʔ aː n ˧˧
Trái Đất	t͡ɕ aː j ˧˦ ʔ ɗ ə t̚ ˧˦
Trát Mộc Hợp	t͡ɕ aː t̚ ˧˦ m ə w k͡p̚ ˧˨ ʔ h əː p̚ ˧˨ ʔ
Trân	t͡ɕ ə n ˧˧
Trân Châu Cảng	t͡ɕ ə n ˧˧ t͡ɕ ə w ˧˧ k aː ŋ ˧˩
Trình	t͡ɕ ï ŋ ˨˩
Trí	t͡ɕ i ˧˦
Trăm	t͡ɕ a m ˧˧
Trường Thạnh	t͡ɕ ɨ ə ŋ ˨˩ tʰ a j ŋ̟ ˧˨ ʔ
Trảng Bàng	t͡ɕ aː ŋ ˧˩ ʔ ɓ aː ŋ ˨˩
Trấn Vũ	t͡ɕ ə n ˧˦ v u ˦ˀ˥
Trầm	t͡ɕ ə m ˨˩
Trần	t͡ɕ ə n ˨˩
Trần Thị B	t͡ɕ ə n ˨˩ tʰ i ˧˨ ʔ ʔ ɓ e ˧˧
Trịnh	t͡ɕ ï ŋ ˧˨ ʔ
Tua Rua	t u ə ˧˧ z u ə ˧˧
Tung Của	t ʊ w ŋ͡m ˧˧ k u ə ˧˩
Tung Hoành gia	t ʊ w ŋ͡m ˧˧ h w a j ŋ̟ ˨˩ z aː ˧˧
Tuy Hoà	t w i ˧˧ h w aː ˨˩
Tuyên Quang	t w i ə n ˧˧ k w aː ŋ ˧˧
Tuyết	t w i ə t̚ ˧˦
Tuyền Châu	t w i ə n ˨˩ t͡ɕ ə w ˧˧
Tuấn	t w ə n ˧˦
Tuất	t w ə t̚ ˧˦
Tuần Thánh	t w ə n ˨˩ tʰ a j ŋ̟ ˧˦
Tuệ	t w e ˧˨ ʔ
Tuỳ	t w i ˨˩
Tà Ôi	t aː ˨˩ ʔ o j ˧˧
Tài	t aː j ˨˩
Tào Tháo rượt	t aː w ˨˩ tʰ aː w ˧˦ z ɨ ə t̚ ˧˨ ʔ
Tàu	t a w ˨˩
Tàu Chợ Lớn	t a w ˨˩ t͡ɕ əː ˧˨ ʔ l əː n ˧˦
Tày	t a j ˨˩
Tác ta	t aː k̚ ˧˦ t aː ˧˧
Táo	t aː w ˧˦
Táo quân	t aː w ˧˦ k w ə n ˧˧
Tâm	t ə m ˧˧
Tôn	t o n ˧˧
Tôn Ngộ Không	t o n ˧˧ ŋ o ˧˨ ʔ x ə w ŋ͡m ˧˧
Tôn Nữ	t o n ˧˧ n ɨ ˦ˀ˥
Tôn Thất	t o n ˧˧ tʰ ə t̚ ˧˦
Tôn Tử	t o n ˧˧ t ɨ ˧˩
Tùng	t ʊ w ŋ͡m ˨˩
Tú	t u ˧˦
Tún	t u n ˧˦
Tăng	t a ŋ ˧˧
Tưởng	t ɨ ə ŋ ˧˩
Tượng Nữ thần Tự do	t ɨ ə ŋ ˧˨ ʔ n ɨ ˦ˀ˥ tʰ ə n ˨˩ t ɨ ˧˨ ʔ z ɔ ˧˧
Tạ	t aː ˧˨ ʔ
Tạng	t aː ŋ ˧˨ ʔ
Tạng kinh	t aː ŋ ˧˨ ʔ k ï ŋ ˧˧
Tản Viên Sơn Thánh	t aː n ˧˩ v i ə n ˧˧ s əː n ˧˧ tʰ a j ŋ̟ ˧˦
Tết Nguyên Tiêu	t e t̚ ˧˦ ŋ w i ə n ˧˧ t i ə w ˧˧
Tết Nguyên Đán	t e t̚ ˧˦ ŋ w i ə n ˧˧ ʔ ɗ aː n ˧˦
Tết Thanh minh	t e t̚ ˧˦ tʰ a j ŋ̟ ˧˧ m ï ŋ ˧˧
Tết Trung thu	t e t̚ ˧˦ t͡ɕ ʊ w ŋ͡m ˧˧ tʰ u ˧˧
Tết Tây	t e t̚ ˧˦ t ə j ˧˧
Tết Độc lập	t e t̚ ˧˦ ʔ ɗ ə w k͡p̚ ˧˨ ʔ l ə p̚ ˧˨ ʔ
Tống	t ə w ŋ͡m ˧˦
Tống triều	t ə w ŋ͡m ˧˦ t͡ɕ i ə w ˨˩
Tốt	t o t̚ ˧˦
Tứ Hải	t ɨ ˧˦ h aː j ˧˩
Tứ Linh	t ɨ ˧˦ l ï ŋ ˧˧
Tứ Pháp	t ɨ ˧˦ f aː p̚ ˧˦
Tứ Phủ	t ɨ ˧˦ f u ˧˩
Tứ Xuyên	t ɨ ˧˦ s w i ə n ˧˧
Tứ bất tử	t ɨ ˧˦ ʔ ɓ ə t̚ ˧˦ t ɨ ˧˩
Tứ thư	t ɨ ˧˦ tʰ ɨ ˧˧
Tứ thư Ngũ kinh	t ɨ ˧˦ tʰ ɨ ˧˧ ŋ u ˦ˀ˥ k ï ŋ ˧˧
Tứ đại danh tác	t ɨ ˧˦ ʔ ɗ aː j ˧˨ ʔ z a j ŋ̟ ˧˧ t aː k̚ ˧˦
Tử Cấm Thành	t ɨ ˧˩ k ə m ˧˦ tʰ a j ŋ̟ ˨˩
Tự học toản yếu	t ɨ ˧˨ ʔ h a w k͡p̚ ˧˨ ʔ t w aː n ˧˩ ʔ i ə w ˧˦
U	ʔ u ˧˧
U Cà	ʔ u ˧˧ k aː ˨˩
U Minh	ʔ u ˧˧ m ï ŋ ˧˧
Urbanô	ʔ w əː ˧˧ ʔ ɓ aː n ˧˧ n o ˧˧
Uy Kiên	ʔ w i ˧˧ k i ə n ˧˧
Uyên	ʔ w i ə n ˧˧
Uên	ʔ w e n ˧˧
Uông	ʔ u ə ŋ ˧˧
Uông Bí	ʔ u ə ŋ ˧˧ ʔ ɓ i ˧˦
Uỷ ban Thường vụ Quốc hội	ʔ w i ˧˩ ʔ ɓ aː n ˧˧ tʰ ɨ ə ŋ ˨˩ v u ˧˨ ʔ k u ə k̚ ˧˦ h o j ˧˨ ʔ
V	v e ˧˧
V	v əː ˨˩
Va Ti Căng	v aː ˧˧ t i ˧˧ k a ŋ ˧˧
Va linh tinh	v aː ˧˧ l ï ŋ ˧˧ t ï ŋ ˧˧
Valentinô	v aː ˧˧ l ɛ n ˧˧ t i n ˧˧ n o ˧˧
Vu Gia	v u ˧˧ z aː ˧˧
Vu Lan	v u ˧˧ l aː n ˧˧
Vua Tin Vịt	v u ə ˧˧ t i n ˧˧ v i t̚ ˧˨ ʔ
Vui	v u j ˧˧
Vy	v i ˧˧
Vân	v ə n ˧˧
Vân Lâm	v ə n ˧˧ l ə m ˧˧
Vân Nam	v ə n ˧˧ n aː m ˧˧
Vân Đồn	v ə n ˧˧ ʔ ɗ o n ˨˩
Văn	v a n ˧˧
Văn Chương	v a n ˧˧ t͡ɕ ɨ ə ŋ ˧˧
Văn Hoá	v a n ˧˧ h w aː ˧˦
Văn Học	v a n ˧˧ h a w k͡p̚ ˧˨ ʔ
Văn Lang	v a n ˧˧ l aː ŋ ˧˧
Văn Lãng	v a n ˧˧ l aː ŋ ˦ˀ˥
Văn Minh	v a n ˧˧ m ï ŋ ˧˧
Văn Phong	v a n ˧˧ f a w ŋ͡m ˧˧
Vũ	v u ˦ˀ˥
Vũ Hán	v u ˦ˀ˥ h aː n ˧˦
Vũ Quang	v u ˦ˀ˥ k w aː ŋ ˧˧
Vũng Tàu	v ʊ w ŋ͡m ˦ˀ˥ t a w ˨˩
Vưu	v i w ˧˧
Vương	v ɨ ə ŋ ˧˧
Vương Hãn	v ɨ ə ŋ ˧˧ h aː n ˦ˀ˥
Vương quốc Anh	v ɨ ə ŋ ˧˧ k u ə k̚ ˧˦ ʔ a j ŋ̟ ˧˧
Vương quốc Na Uy	v ɨ ə ŋ ˧˧ k u ə k̚ ˧˦ n aː ˧˧ ʔ w i ˧˧
Vương quốc Thái Lan	v ɨ ə ŋ ˧˧ k u ə k̚ ˧˦ tʰ aː j ˧˦ l aː n ˧˧
Vương quốc Tây Ban Nha	v ɨ ə ŋ ˧˧ k u ə k̚ ˧˦ t ə j ˧˧ ʔ ɓ aː n ˧˧ ɲ aː ˧˧
Vượng	v ɨ ə ŋ ˧˨ ʔ
Vạn Lí Trường Thành	v aː n ˧˨ ʔ l i ˧˦ t͡ɕ ɨ ə ŋ ˨˩ tʰ a j ŋ̟ ˨˩
Vạn Thọ	v aː n ˧˨ ʔ tʰ ɔ ˧˨ ʔ
Vạn Tượng	v aː n ˧˨ ʔ t ɨ ə ŋ ˧˨ ʔ
Vạn diệp tập	v aː n ˧˨ ʔ z i ə p̚ ˧˨ ʔ t ə p̚ ˧˨ ʔ
Vẹc Sai	v ɛ k̚ ˧˨ ʔ s aː j ˧˧
Vụ Nổ Lớn	v u ˧˨ ʔ n o ˧˩ l əː n ˧˦
X	s əː ˨˩
X	s əː ˨˩ ɲ ɛ ˧˨ ʔ
X	ʔ ï k̟̚ ˧˦
X	ʔ ï k̟̚ ˧˦ s i ˨˩
X quang	ʔ ï k̟̚ ˧˦ k w aː ŋ ˧˧
X quang	ʔ ï k̟̚ ˧˦ s i ˨˩ k w aː ŋ ˧˧
Xanh	s a j ŋ̟ ˧˧
Xaviê	s aː ˧˧ v i ˧˧ ʔ e ˧˧
Xi Vưu	s i ˧˧ v i w ˧˧
Xinh Mun	s ï ŋ ˧˧ m u n ˧˧
Xiêm	s i ə m ˧˧
Xiêm La	s i ə m ˧˧ l aː ˧˧
Xiêm Riệp	s i ə m ˧˧ z i ə p̚ ˧˨ ʔ
Xiêm Riệp	s i ə m ˧˧ ɹ i ə p̚ ˧˨ ʔ
Xiêng Khoảng	s i ə ŋ ˧˧ x w aː ŋ ˧˩
Xoài Riêng	s w aː j ˨˩ z i ə ŋ ˧˧
Xtiêng	s t i ə ŋ ˧˧
Xuyên	s w i ə n ˧˧
Xuân	s w ə n ˧˧
Xuân Thu	s w ə n ˧˧ tʰ u ˧˧
Xuất hành	s w ə t̚ ˧˦ h a j ŋ̟ ˨˩
Xá Lợi Phất	s aː ˧˦ l əː j ˧˨ ʔ f ə t̚ ˧˦
Xích Kim	s ï k̟̚ ˧˦ k i m ˧˧
Xích Lão Ôn	s ï k̟̚ ˧˦ l aː w ˦ˀ˥ ʔ o n ˧˧
Xô viết	s o ˧˧ v i ə t̚ ˧˦
Xăng Phăng	s a ŋ ˧˧ f a ŋ ˧˧
Xơ Đăng	s əː ˧˧ ʔ ɗ a ŋ ˧˧
Xạ Thủ	s aː ˧˨ ʔ tʰ u ˧˩
Xử Nữ	s ɨ ˧˩ n ɨ ˦ˀ˥
Y	ʔ i ˧˧ z aː j ˨˩
Y	ʔ i ˧˧ ɣ əː ˨˩ z ɛ t̚ ˧˦
Y Lãng	ʔ i ˧˧ l aː ŋ ˦ˀ˥
Y Nhã	ʔ i ˧˧ ɲ aː ˦ˀ˥
Y Pha Nho	ʔ i ˧˧ f aː ˧˧ ɲ ɔ ˧˧
Y Ta Li	ʔ i ˧˧ t aː ˧˧ l i ˧˧
YouTube	z u ˧˧ t u p̚ ˧˦
Yên	ʔ i ə n ˧˧
Yên Bái	ʔ i ə n ˧˧ ʔ ɓ aː j ˧˦
Yên Bình	ʔ i ə n ˧˧ ʔ ɓ ï ŋ ˨˩
Yên Bằng	ʔ i ə n ˧˧ ʔ ɓ a ŋ ˨˩
Yên Nghĩa	ʔ i ə n ˧˧ ŋ i ə ˦ˀ˥
Yến	ʔ i ə n ˧˦
a còng	ʔ aː ˧˧ k a w ŋ͡m ˨˩
a dua	ʔ aː ˧˧ z u ə ˧˧
a giao	ʔ aː ˧˧ z aː w ˧˧
a ha	ʔ aː ˧˧ h aː ˧˧
a hoàn	ʔ aː ˧˧ h w aː n ˨˩
a la xô	ʔ aː ˧˧ l aː ˧˧ s o ˧˧
a men	ʔ aː ˧˧ m ɛ n ˧˧
a móc	ʔ aː ˧˧ m a w k͡p̚ ˧˦
a phiến	ʔ aː ˧˧ f i ə n ˧˦
a tòng	ʔ aː ˧˧ t a w ŋ͡m ˨˩
acc	ʔ aː k̚ ˧˨ ʔ
actini	ʔ aː k̚ ˧˦ t i ˧˧ n i ˧˧
ad	ʔ aː t̚ ˧˦
adrenalin	ʔ aː ˧˧ ʔ ɗ ɹ e ˧˧ n aː ˧˧ l i n ˧˧
agon	ʔ aː k̚ ˧˦ ɣ ə w ŋ͡m ˧˧
agon	ʔ aː k̚ ˧˨ ʔ ɣ ə w ŋ͡m ˧˧
agon	ʔ aː ˧˧ ɣ ə w ŋ͡m ˧˧
ai	ʔ aː j ˧˧
ai ai	ʔ aː j ˧˧ ʔ aː j ˧˧
ai bảo	ʔ aː j ˧˧ ʔ ɓ aː w ˧˩
ai dè	ʔ aː j ˧˧ z ɛ ˨˩
ai khảo mà xưng	ʔ aː j ˧˧ x aː w ˧˩ m aː ˨˩ s ɨ ŋ ˧˧
ai mượn	ʔ aː j ˧˧ m ɨ ə n ˧˨ ʔ
ai ngờ	ʔ aː j ˧˧ ŋ əː ˨˩
ai nấy	ʔ aː j ˧˧ n ə j ˧˦
ai oán	ʔ aː j ˧˧ ʔ w aː n ˧˦
ai điếu	ʔ aː j ˧˧ ʔ ɗ i ə w ˧˦
ai đó	ʔ aː j ˧˧ ʔ ɗ ɔ ˧˦
ai đời	ʔ aː j ˧˧ ʔ ɗ əː j ˨˩
album	ʔ aː n ˧˧ ʔ ɓ u m ˧˧
album	ʔ aː n ˧˧ ʔ ɓ ɔ m ˧˧
alpha	ʔ aː n ˧˧ f aː ˧˧
alô	ʔ aː ˧˧ l o ˧˧
am	ʔ aː m ˧˧
am hiểu	ʔ aː m ˧˧ h i ə w ˧˩
am thanh cảnh vắng	ʔ aː m ˧˧ tʰ a j ŋ̟ ˧˧ k a j ŋ̟ ˧˩ v a ŋ ˧˦
am tường	ʔ aː m ˧˧ t ɨ ə ŋ ˨˩
amen	ʔ aː ˧˧ m ɛ n ˧˧
amerixi	ʔ aː ˧˧ m e ˧˧ z i ˧˧ s i ˧˧
amerixi	ʔ aː ˧˧ m e ˧˧ ɹ i ˧˧ s i ˧˧
amidan	ʔ aː ˧˧ m i ˧˧ ʔ ɗ aː n ˧˧
amoni	ʔ aː ˧˧ m o ˧˧ n i ˧˧
amoniac	ʔ aː ˧˧ m o ˧˧ n i ˧˧ ʔ a k̚ ˧˦
ampe	ʔ aː m ˧˧ p ɛ ˧˧
ampe kế	ʔ aː m ˧˧ p ɛ ˧˧ k e ˧˦
ampli	ʔ aː m ˧˧ p l i ˧˧
an	ʔ aː n ˧˧
an bài	ʔ aː n ˧˧ ʔ ɓ aː j ˨˩
an bần lạc đạo	ʔ aː n ˧˧ ʔ ɓ ə n ˨˩ l aː k̚ ˧˨ ʔ ʔ ɗ aː w ˧˨ ʔ
an cư lạc nghiệp	ʔ aː n ˧˧ k ɨ ˧˧ l aː k̚ ˧˨ ʔ ŋ i ə p̚ ˧˨ ʔ
an dưỡng	ʔ aː n ˧˧ z ɨ ə ŋ ˦ˀ˥
an dưỡng đường	ʔ aː n ˧˧ z ɨ ə ŋ ˦ˀ˥ ʔ ɗ ɨ ə ŋ ˨˩
an giấc	ʔ aː n ˧˧ z ə k̚ ˧˦
an giấc nghìn thu	ʔ aː n ˧˧ z ə k̚ ˧˦ ŋ i n ˨˩ tʰ u ˧˧
an giấc ngàn thu	ʔ aː n ˧˧ z ə k̚ ˧˦ ŋ aː n ˨˩ tʰ u ˧˧
an hưởng	ʔ aː n ˧˧ h ɨ ə ŋ ˧˩
an khang	ʔ aː n ˧˧ x aː ŋ ˧˧
an khang thịnh vượng	ʔ aː n ˧˧ x aː ŋ ˧˧ tʰ ï ŋ ˧˨ ʔ v ɨ ə ŋ ˧˨ ʔ
an lành	ʔ aː n ˧˧ l a j ŋ̟ ˨˩
an lạc	ʔ aː n ˧˧ l aː k̚ ˧˨ ʔ
an nghỉ	ʔ aː n ˧˧ ŋ i ˧˩
an nguy	ʔ aː n ˧˧ ŋ w i ˧˧
an định	ʔ aː n ˧˧ ʔ ɗ ï ŋ ˧˨ ʔ
ang	ʔ aː ŋ ˧˧
anh	ʔ a j ŋ̟ ˧˧
ankanol	ʔ aː n ˧˧ k aː ˧˧ n o n ˧˧
anken	ʔ aː n ˧˧ k ɛ n ˧˧
antimon	ʔ aː n ˧˧ t i ˧˧ m o n ˧˧
anđêhit	ʔ aː n ˧˧ ʔ ɗ e ˧˧ h i t̚ ˧˦
ao	ʔ aː w ˧˧
aptomat	ʔ aː p̚ ˧˦ t o ˧˧ m aː t̚ ˧˦
asen	ʔ aː ˧˧ s ɛ n ˧˧
au	ʔ a w ˧˧
axeton	ʔ aː ˧˧ s e ˧˧ t o n ˧˧
ađênôzin	ʔ aː ˧˧ ʔ ɗ e ˧˧ n o ˧˧ z i n ˧˧
ađênôzin triphotphat	ʔ aː ˧˧ ʔ ɗ e ˧˧ n o ˧˧ z i n ˧˧ t ɹ i ˧˧ f o t̚ ˧˦ f aː t̚ ˧˦
b	ʔ ɓ e ˧˧
b	ʔ ɓ e ˧˧ ʔ ɓ ɔ ˨˩
b	ʔ ɓ əː ˨˩
bang	ʔ ɓ aː ŋ ˧˧
bang bang	ʔ ɓ aː ŋ ˧˧ ʔ ɓ aː ŋ ˧˧
bang giao	ʔ ɓ aː ŋ ˧˧ z aː w ˧˧
bang liên	ʔ ɓ aː ŋ ˧˧ l i ə n ˧˧
bang đỏ	ʔ ɓ aː ŋ ˧˧ ʔ ɗ ɔ ˧˩
banh	ʔ ɓ a j ŋ̟ ˧˧
banh đũa	ʔ ɓ a j ŋ̟ ˧˧ ʔ ɗ u ə ˦ˀ˥
bao	ʔ ɓ aː w ˧˧
bao biếm	ʔ ɓ aː w ˧˧ ʔ ɓ i ə m ˧˦
bao báp	ʔ ɓ aː w ˧˧ ʔ ɓ aː p̚ ˧˦
bao bì	ʔ ɓ aː w ˧˧ ʔ ɓ i ˨˩
bao bọc	ʔ ɓ aː w ˧˧ ʔ ɓ a w k͡p̚ ˧˨ ʔ
bao cao su	ʔ ɓ aː w ˧˧ k aː w ˧˧ s u ˧˧
bao che	ʔ ɓ aː w ˧˧ t͡ɕ ɛ ˧˧
bao chiếm	ʔ ɓ aː w ˧˧ t͡ɕ i ə m ˧˦
bao cấp	ʔ ɓ aː w ˧˧ k ə p̚ ˧˦
bao dung	ʔ ɓ aː w ˧˧ z ʊ w ŋ͡m ˧˧
bao dương vật	ʔ ɓ aː w ˧˧ z ɨ ə ŋ ˧˧ v ə t̚ ˧˨ ʔ
bao giờ	ʔ ɓ aː w ˧˧ z əː ˨˩
bao gồm	ʔ ɓ aː w ˧˧ ɣ o m ˨˩
bao đồng	ʔ ɓ aː w ˧˧ ʔ ɗ ə w ŋ͡m ˨˩
bari	ʔ ɓ aː ˧˧ z i ˧˧
bari	ʔ ɓ aː ˧˧ ɹ i ˧˧
bay	ʔ ɓ a j ˧˧
bazơ	ʔ ɓ aː ˧˧ z əː ˧˧
be	ʔ ɓ ɛ ˧˧
ben	ʔ ɓ ɛ n ˧˧
beri	ʔ ɓ ɛ ˧˧ z i ˧˧
beri	ʔ ɓ ɛ ˧˧ ɹ i ˧˧
bi	ʔ ɓ i ˧˧
bia	ʔ ɓ i ə ˧˧
bim	ʔ ɓ i m ˧˧
bim bim	ʔ ɓ i m ˧˧ ʔ ɓ i m ˧˧
binh	ʔ ɓ ï ŋ ˧˧
binh biến	ʔ ɓ ï ŋ ˧˧ ʔ ɓ i ə n ˧˦
binh bông	ʔ ɓ ï ŋ ˧˧ ʔ ɓ ə w ŋ͡m ˧˧
binh bị	ʔ ɓ ï ŋ ˧˧ ʔ ɓ i ˧˨ ʔ
binh chế	ʔ ɓ ï ŋ ˧˧ t͡ɕ e ˧˦
binh chủng	ʔ ɓ ï ŋ ˧˧ t͡ɕ ʊ w ŋ͡m ˧˩
binh gia	ʔ ɓ ï ŋ ˧˧ z aː ˧˧
binh khí	ʔ ɓ ï ŋ ˧˧ x i ˧˦
binh lính	ʔ ɓ ï ŋ ˧˧ l ï ŋ ˧˦
binh lửa	ʔ ɓ ï ŋ ˧˧ l ɨ ə ˧˩
binh lực	ʔ ɓ ï ŋ ˧˧ l ɨ k̚ ˧˨ ʔ
binh nhì	ʔ ɓ ï ŋ ˧˧ ɲ i ˨˩
binh nhất	ʔ ɓ ï ŋ ˧˧ ɲ ə t̚ ˧˦
binh pháp	ʔ ɓ ï ŋ ˧˧ f aː p̚ ˧˦
binh sĩ	ʔ ɓ ï ŋ ˧˧ s i ˦ˀ˥
binh thư	ʔ ɓ ï ŋ ˧˧ tʰ ɨ ˧˧
binh vận	ʔ ɓ ï ŋ ˧˧ v ə n ˧˨ ʔ
binh đoàn	ʔ ɓ ï ŋ ˧˧ ʔ ɗ w aː n ˨˩
bis	ʔ ɓ i t̚ ˧˦ s əː ˧˧
bismut	ʔ ɓ i t̚ ˧˧ m u t̚ ˧˧
bit	ʔ ɓ i t̚ ˧˧
bitmut	ʔ ɓ i t̚ ˧˦ m u t̚ ˧˦
biếu	ʔ ɓ i ə w ˧˦
biếu xén	ʔ ɓ i ə w ˧˦ s ɛ n ˧˦
biển	ʔ ɓ i ə n ˧˩
biểu	ʔ ɓ i ə w ˧˩
biểu diễn	ʔ ɓ i ə w ˧˩ z i ə n ˦ˀ˥
biểu dương	ʔ ɓ i ə w ˧˩ z ɨ ə ŋ ˧˧
biểu hiện	ʔ ɓ i ə w ˧˩ h i ə n ˧˨ ʔ
biểu hiện gen	ʔ ɓ i ə w ˧˩ h i ə n ˧˨ ʔ z ɛ n ˧˧
biểu hiện gen	ʔ ɓ i ə w ˧˩ h i ə n ˧˨ ʔ ɣ ɛ n ˧˧
biểu kiến	ʔ ɓ i ə w ˧˩ k i ə n ˧˦
biểu lí	ʔ ɓ i ə w ˧˩ l i ˧˦
biểu lộ	ʔ ɓ i ə w ˧˩ l o ˧˨ ʔ
biểu mẫu	ʔ ɓ i ə w ˧˩ m ə w ˦ˀ˥
biểu ngữ	ʔ ɓ i ə w ˧˩ ŋ ɨ ˦ˀ˥
biểu quyết	ʔ ɓ i ə w ˧˩ k w i ə t̚ ˧˦
biểu thị	ʔ ɓ i ə w ˧˩ tʰ i ˧˨ ʔ
biểu thức	ʔ ɓ i ə w ˧˩ tʰ ɨ k̚ ˧˦
biểu trưng	ʔ ɓ i ə w ˧˩ t͡ɕ ɨ ŋ ˧˧
biểu tình	ʔ ɓ i ə w ˧˩ t ï ŋ ˨˩
biểu tượng	ʔ ɓ i ə w ˧˩ t ɨ ə ŋ ˧˨ ʔ
biểu đạt	ʔ ɓ i ə w ˧˩ ʔ ɗ aː t̚ ˧˨ ʔ
biểu đồ	ʔ ɓ i ə w ˧˩ ʔ ɗ o ˨˩
biệt kích	ʔ ɓ i ə t̚ ˧˨ ʔ k ï k̟̚ ˧˦
biệt li	ʔ ɓ i ə t̚ ˧˨ ʔ l i ˧˧
biệt lập	ʔ ɓ i ə t̚ ˧˨ ʔ l ə p̚ ˧˨ ʔ
biệt ngữ	ʔ ɓ i ə t̚ ˧˨ ʔ ŋ ɨ ˦ˀ˥
biệt thự	ʔ ɓ i ə t̚ ˧˨ ʔ tʰ ɨ ˧˨ ʔ
biệt tài	ʔ ɓ i ə t̚ ˧˨ ʔ t aː j ˨˩
biệt tích	ʔ ɓ i ə t̚ ˧˨ ʔ t ï k̟̚ ˧˦
biệt xứ	ʔ ɓ i ə t̚ ˧˨ ʔ s ɨ ˧˦
blu	ʔ ɓ l u ˧˧
blu	ʔ ɓ əː ˨˩ l u ˧˧
bo	ʔ ɓ ɔ ˧˧
bo bo	ʔ ɓ ɔ ˧˧ ʔ ɓ ɔ ˧˧
bo mạch	ʔ ɓ ɔ ˧˧ m a j k̟̚ ˧˨ ʔ
bo mạch chủ	ʔ ɓ ɔ ˧˧ m a j k̟̚ ˧˨ ʔ t͡ɕ u ˧˩
bo mạch in	ʔ ɓ ɔ ˧˧ m a j k̟̚ ˧˨ ʔ ʔ i n ˧˧
bo xì	ʔ ɓ ɔ ˧˧ s i ˨˩
boa	ʔ ɓ w aː ˧˧
bohri	ʔ ɓ o ˧˧ z i ˧˧
bom	ʔ ɓ ɔ m ˧˧
bom ba càng	ʔ ɓ ɔ m ˧˧ ʔ ɓ aː ˧˧ k aː ŋ ˨˩
bom chìm	ʔ ɓ ɔ m ˧˧ t͡ɕ i m ˨˩
bom nguyên tử	ʔ ɓ ɔ m ˧˧ ŋ w i ə n ˧˧ t ɨ ˧˩
bom tấn	ʔ ɓ ɔ m ˧˧ t ə n ˧˦
bom xịt	ʔ ɓ ɔ m ˧˧ s i t̚ ˧˨ ʔ
bon	ʔ ɓ ɔ n ˧˧
bon bon	ʔ ɓ ɔ n ˧˧ ʔ ɓ ɔ n ˧˧
bon chen	ʔ ɓ ɔ n ˧˧ t͡ɕ ɛ n ˧˧
bong	ʔ ɓ a w ŋ͡m ˧˧
bong bóng	ʔ ɓ a w ŋ͡m ˧˧ ʔ ɓ a w ŋ͡m ˧˦
bong vụ	ʔ ɓ a w ŋ͡m ˧˧ v u ˧˨ ʔ
boong	ʔ ɓ ɔ ŋ ˧˧
bro	ʔ ɓ əː ˨˩ z o ˧˧
bro	ʔ ɓ ɹ o ˧˧
brom	ʔ ɓ əː ˨˩ z o m ˧˧
brom	ʔ ɓ əː ˨˩ ɹ o m ˧˧
brom	ʔ ɓ ɹ o m ˧˧
bu	ʔ ɓ u ˧˧
bu lông	ʔ ɓ u ˧˧ l ə w ŋ͡m ˧˧
bugi	ʔ ɓ u ˧˧ ɣ i ˧˧
bui	ʔ ɓ u j ˧˧
bung	ʔ ɓ ʊ w ŋ͡m ˧˧
bung xung	ʔ ɓ ʊ w ŋ͡m ˧˧ s ʊ w ŋ͡m ˧˧
buôn	ʔ ɓ u ə n ˧˧
buôn bán	ʔ ɓ u ə n ˧˧ ʔ ɓ aː n ˧˦
buôn dưa lê	ʔ ɓ u ə n ˧˧ z ɨ ə ˧˧ l e ˧˧
buôn lậu	ʔ ɓ u ə n ˧˧ l ə w ˧˨ ʔ
buôn người	ʔ ɓ u ə n ˧˧ ŋ ɨ ə j ˨˩
buông	ʔ ɓ u ə ŋ ˧˧
buông lơi	ʔ ɓ u ə ŋ ˧˧ l əː j ˧˧
buông lỏng	ʔ ɓ u ə ŋ ˧˧ l a w ŋ͡m ˧˩
buông lời	ʔ ɓ u ə ŋ ˧˧ l əː j ˨˩
buông tha	ʔ ɓ u ə ŋ ˧˧ tʰ aː ˧˧
buông thõng	ʔ ɓ u ə ŋ ˧˧ tʰ a w ŋ͡m ˦ˀ˥
buông thả	ʔ ɓ u ə ŋ ˧˧ tʰ aː ˧˩
buông tuồng	ʔ ɓ u ə ŋ ˧˧ t u ə ŋ ˨˩
buông xuôi	ʔ ɓ u ə ŋ ˧˧ s u ə j ˧˧
buýt	ʔ ɓ w i t̚ ˧˦
buốt	ʔ ɓ u ə t̚ ˧˦
buồi	ʔ ɓ u ə j ˨˩
buồm	ʔ ɓ u ə m ˨˩
buồm lòng	ʔ ɓ u ə m ˨˩ l a w ŋ͡m ˨˩
buồm ưng	ʔ ɓ u ə m ˨˩ ʔ ɨ ŋ ˧˧
buồn	ʔ ɓ u ə n ˨˩
buồn bã	ʔ ɓ u ə n ˨˩ ʔ ɓ aː ˦ˀ˥
buồn bực	ʔ ɓ u ə n ˨˩ ʔ ɓ ɨ k̚ ˧˨ ʔ
buồn cười	ʔ ɓ u ə n ˨˩ k ɨ ə j ˨˩
buồn khổ	ʔ ɓ u ə n ˨˩ x o ˧˩
buồn lòng	ʔ ɓ u ə n ˨˩ l a w ŋ͡m ˨˩
buồn ngủ	ʔ ɓ u ə n ˨˩ ŋ u ˧˩
buồn nôn	ʔ ɓ u ə n ˨˩ n o n ˧˧
buồn phiền	ʔ ɓ u ə n ˨˩ f i ə n ˨˩
buồn rầu	ʔ ɓ u ə n ˨˩ z ə w ˨˩
buồn tẻ	ʔ ɓ u ə n ˨˩ t ɛ ˧˩
buồn tủi	ʔ ɓ u ə n ˨˩ t u j ˧˩
buồng	ʔ ɓ u ə ŋ ˨˩
buồng trứng	ʔ ɓ u ə ŋ ˨˩ t͡ɕ ɨ ŋ ˧˦
buồng tắm	ʔ ɓ u ə ŋ ˨˩ t a m ˧˦
buổi	ʔ ɓ u ə j ˧˩
buổi chiều	ʔ ɓ u ə j ˧˩ t͡ɕ i ə w ˨˩
buổi họp	ʔ ɓ u ə j ˧˩ h ɔ p̚ ˧˨ ʔ
buổi lễ	ʔ ɓ u ə j ˧˩ l e ˦ˀ˥
buổi sáng	ʔ ɓ u ə j ˧˩ s aː ŋ ˧˦
buổi trưa	ʔ ɓ u ə j ˧˩ t͡ɕ ɨ ə ˧˧
buổi tối	ʔ ɓ u ə j ˧˩ t o j ˧˦
buổi đực buổi cái	ʔ ɓ u ə j ˧˩ ʔ ɗ ɨ k̚ ˧˨ ʔ ʔ ɓ u ə j ˧˩ k aː j ˧˦
buộc	ʔ ɓ u ə k̚ ˧˨ ʔ
buộc lòng	ʔ ɓ u ə k̚ ˧˨ ʔ l a w ŋ͡m ˨˩
buộc tội	ʔ ɓ u ə k̚ ˧˨ ʔ t o j ˧˨ ʔ
buột	ʔ ɓ u ə t̚ ˧˨ ʔ
buột miệng	ʔ ɓ u ə t̚ ˧˨ ʔ m i ə ŋ ˧˨ ʔ
bà	ʔ ɓ aː ˨˩
bàn cờ	ʔ ɓ aː n ˨˩ k əː ˨˩
bàn ghế	ʔ ɓ aː n ˨˩ ɣ e ˧˦
bàn giao	ʔ ɓ aː n ˨˩ z aː w ˧˧
bàn giấy	ʔ ɓ aː n ˨˩ z ə j ˧˦
bàn luận	ʔ ɓ aː n ˨˩ l w ə n ˧˨ ʔ
bàn là	ʔ ɓ aː n ˨˩ l aː ˨˩
bàn mổ	ʔ ɓ aː n ˨˩ m o ˧˩
bàn phím	ʔ ɓ aː n ˨˩ f i m ˧˦
bàn tay	ʔ ɓ aː n ˨˩ t a j ˧˧
bàn tay vô hình	ʔ ɓ aː n ˨˩ t a j ˧˧ v o ˧˧ h ï ŋ ˨˩
bàn thạch	ʔ ɓ aː n ˨˩ tʰ a j k̟̚ ˧˨ ʔ
bàn thảo	ʔ ɓ aː n ˨˩ tʰ aː w ˧˩
bàn thắng	ʔ ɓ aː n ˨˩ tʰ a ŋ ˧˦
bàn thờ	ʔ ɓ aː n ˨˩ tʰ əː ˨˩
bàn toạ	ʔ ɓ aː n ˨˩ t w aː ˧˨ ʔ
bàn tán	ʔ ɓ aː n ˨˩ t aː n ˧˦
bàn tính	ʔ ɓ aː n ˨˩ t ï ŋ ˧˦
bàn ủi	ʔ ɓ aː n ˨˩ ʔ u j ˧˩
bàng	ʔ ɓ aː ŋ ˨˩
bàng bạc	ʔ ɓ aː ŋ ˨˩ ʔ ɓ aː k̚ ˧˨ ʔ
bàng hoàng	ʔ ɓ aː ŋ ˨˩ h w aː ŋ ˨˩
bàng hệ	ʔ ɓ aː ŋ ˨˩ h e ˧˨ ʔ
bàng quan	ʔ ɓ aː ŋ ˨˩ k w aː n ˧˧
bàng quang	ʔ ɓ aː ŋ ˨˩ k w aː ŋ ˧˧
bàng thính	ʔ ɓ aː ŋ ˨˩ tʰ ï ŋ ˧˦
bành	ʔ ɓ a j ŋ̟ ˨˩
bành trướng	ʔ ɓ a j ŋ̟ ˨˩ t͡ɕ ɨ ə ŋ ˧˦
bành tô	ʔ ɓ a j ŋ̟ ˨˩ t o ˧˧
bào	ʔ ɓ aː w ˨˩
bán	ʔ ɓ aː n ˧˦
bán anh em xa mua láng giềng gần	ʔ ɓ aː n ˧˦ ʔ a j ŋ̟ ˧˧ ʔ ɛ m ˧˧ s aː ˧˧ m u ə ˧˧ l aː ŋ ˧˦ z i ə ŋ ˨˩ ɣ ə n ˨˩
bán buôn	ʔ ɓ aː n ˧˦ ʔ ɓ u ə n ˧˧
bán chác	ʔ ɓ aː n ˧˦ t͡ɕ aː k̚ ˧˦
bán chạy	ʔ ɓ aː n ˧˦ t͡ɕ a j ˧˨ ʔ
bán chạy như tôm tươi	ʔ ɓ aː n ˧˦ t͡ɕ a j ˧˨ ʔ ɲ ɨ ˧˧ t o m ˧˧ t ɨ ə j ˧˧
bán cầu	ʔ ɓ aː n ˧˦ k ə w ˨˩
bán dâm	ʔ ɓ aː n ˧˦ z ə m ˧˧
bán dẫn	ʔ ɓ aː n ˧˦ z ə n ˦ˀ˥
bán hoá thạch	ʔ ɓ aː n ˧˦ h w aː ˧˦ tʰ a j k̟̚ ˧˨ ʔ
bán hàng	ʔ ɓ aː n ˧˦ h aː ŋ ˨˩
bán khai	ʔ ɓ aː n ˧˦ x aː j ˧˧
bán kính	ʔ ɓ aː n ˧˦ k ï ŋ ˧˦
bán kết	ʔ ɓ aː n ˧˦ k e t̚ ˧˦
bán lẻ	ʔ ɓ aː n ˧˦ l ɛ ˧˩
bán manh	ʔ ɓ aː n ˧˦ m a j ŋ̟ ˧˧
bán mình	ʔ ɓ aː n ˧˦ m ï ŋ ˨˩
bán niên	ʔ ɓ aː n ˧˦ n i ə n ˧˧
bán phần	ʔ ɓ aː n ˧˦ f ə n ˨˩
bán sống bán chết	ʔ ɓ aː n ˧˦ s ə w ŋ͡m ˧˦ ʔ ɓ aː n ˧˦ t͡ɕ e t̚ ˧˦
bán thân	ʔ ɓ aː n ˧˦ tʰ ə n ˧˧
bán trú	ʔ ɓ aː n ˧˦ t͡ɕ u ˧˦
bán tín bán nghi	ʔ ɓ aː n ˧˦ t i n ˧˦ ʔ ɓ aː n ˧˦ ŋ i ˧˧
bán tự động	ʔ ɓ aː n ˧˦ t ɨ ˧˨ ʔ ʔ ɗ ə w ŋ͡m ˧˨ ʔ
bán đảo	ʔ ɓ aː n ˧˦ ʔ ɗ aː w ˧˩
bán đảo Đông Dương	ʔ ɓ aː n ˧˦ ʔ ɗ aː w ˧˩ ʔ ɗ ə w ŋ͡m ˧˧ z ɨ ə ŋ ˧˧
bán đấu giá	ʔ ɓ aː n ˧˦ ʔ ɗ ə w ˧˦ z aː ˧˦
bán độ	ʔ ɓ aː n ˧˦ ʔ ɗ o ˧˨ ʔ
bán đứng	ʔ ɓ aː n ˧˦ ʔ ɗ ɨ ŋ ˧˦
báng	ʔ ɓ aː ŋ ˧˦
báng bổ	ʔ ɓ aː ŋ ˧˦ ʔ ɓ o ˧˩
bánh	ʔ ɓ a j ŋ̟ ˧˦
bánh Thánh	ʔ ɓ a j ŋ̟ ˧˦ tʰ a j ŋ̟ ˧˦
bánh bao	ʔ ɓ a j ŋ̟ ˧˦ ʔ ɓ aː w ˧˧
bánh bá trạng	ʔ ɓ a j ŋ̟ ˧˦ ʔ ɓ aː ˧˦ t͡ɕ aː ŋ ˧˨ ʔ
bánh bèo	ʔ ɓ a j ŋ̟ ˧˦ ʔ ɓ ɛ w ˨˩
bánh bía	ʔ ɓ a j ŋ̟ ˧˦ ʔ ɓ i ə ˧˦
bánh bò	ʔ ɓ a j ŋ̟ ˧˦ ʔ ɓ ɔ ˨˩
bánh bó	ʔ ɓ a j ŋ̟ ˧˦ ʔ ɓ ɔ ˧˦
bánh bông lan	ʔ ɓ a j ŋ̟ ˧˦ ʔ ɓ ə w ŋ͡m ˧˧ l aː n ˧˧
bánh cam	ʔ ɓ a j ŋ̟ ˧˦ k aː m ˧˧
bánh canh	ʔ ɓ a j ŋ̟ ˧˦ k a j ŋ̟ ˧˧
bánh canh cua	ʔ ɓ a j ŋ̟ ˧˦ k a j ŋ̟ ˧˧ k u ə ˧˧
bánh chay	ʔ ɓ a j ŋ̟ ˧˦ t͡ɕ a j ˧˧
bánh chè	ʔ ɓ a j ŋ̟ ˧˦ t͡ɕ ɛ ˨˩
bánh chưng	ʔ ɓ a j ŋ̟ ˧˦ t͡ɕ ɨ ŋ ˧˧
bánh cuốn	ʔ ɓ a j ŋ̟ ˧˦ k u ə n ˧˦
bánh cốm	ʔ ɓ a j ŋ̟ ˧˦ k o m ˧˦
bánh cống	ʔ ɓ a j ŋ̟ ˧˦ k ə w ŋ͡m ˧˦
bánh da heo	ʔ ɓ a j ŋ̟ ˧˦ z aː ˧˧ h ɛ w ˧˧
bánh da lợn	ʔ ɓ a j ŋ̟ ˧˦ z aː ˧˧ l əː n ˧˨ ʔ
bánh dày	ʔ ɓ a j ŋ̟ ˧˦ z a j ˨˩
bánh dầy	ʔ ɓ a j ŋ̟ ˧˦ z ə j ˨˩
bánh dẻo	ʔ ɓ a j ŋ̟ ˧˦ z ɛ w ˧˩
bánh dẻo lạnh	ʔ ɓ a j ŋ̟ ˧˦ z ɛ w ˧˩ l a j ŋ̟ ˧˨ ʔ
bánh giò	ʔ ɓ a j ŋ̟ ˧˦ z ɔ ˨˩
bánh giầy	ʔ ɓ a j ŋ̟ ˧˦ z ə j ˨˩
bánh gật gù	ʔ ɓ a j ŋ̟ ˧˦ ɣ ə t̚ ˧˨ ʔ ɣ u ˨˩
bánh hỏi	ʔ ɓ a j ŋ̟ ˧˦ h ɔ j ˧˩
bánh kem	ʔ ɓ a j ŋ̟ ˧˦ k ɛ m ˧˧
bánh kẹp	ʔ ɓ a j ŋ̟ ˧˦ k ɛ p̚ ˧˨ ʔ
bánh kếp	ʔ ɓ a j ŋ̟ ˧˦ k e p̚ ˧˦
bánh lái	ʔ ɓ a j ŋ̟ ˧˦ l aː j ˧˦
bánh lăng	ʔ ɓ a j ŋ̟ ˧˦ l a ŋ ˧˧
bánh lễ	ʔ ɓ a j ŋ̟ ˧˦ l e ˦ˀ˥
bánh lọt	ʔ ɓ a j ŋ̟ ˧˦ l ɔ t̚ ˧˨ ʔ
bánh lọt mặn	ʔ ɓ a j ŋ̟ ˧˦ l ɔ t̚ ˧˨ ʔ m a n ˧˨ ʔ
bánh mì	ʔ ɓ a j ŋ̟ ˧˦ m i ˨˩
bánh mì Pháp	ʔ ɓ a j ŋ̟ ˧˦ m i ˨˩ f aː p̚ ˧˦
bánh mì hoa cúc	ʔ ɓ a j ŋ̟ ˧˦ m i ˨˩ h w aː ˧˧ k ʊ w k͡p̚ ˧˦
bánh mì kẹp	ʔ ɓ a j ŋ̟ ˧˦ m i ˨˩ k ɛ p̚ ˧˨ ʔ
bánh ngọt	ʔ ɓ a j ŋ̟ ˧˦ ŋ ɔ t̚ ˧˨ ʔ
bánh nướng	ʔ ɓ a j ŋ̟ ˧˦ n ɨ ə ŋ ˧˦
bánh phu thê	ʔ ɓ a j ŋ̟ ˧˦ f u ˧˧ tʰ e ˧˧
bánh phồng tôm	ʔ ɓ a j ŋ̟ ˧˦ f ə w ŋ͡m ˨˩ t o m ˧˧
bánh phở	ʔ ɓ a j ŋ̟ ˧˦ f əː ˧˩
bánh pía	ʔ ɓ a j ŋ̟ ˧˦ p i ə ˧˦
bánh quy	ʔ ɓ a j ŋ̟ ˧˦ k w i ˧˧
bánh quy giòn	ʔ ɓ a j ŋ̟ ˧˦ k w i ˧˧ z ɔ n ˨˩
bánh rán	ʔ ɓ a j ŋ̟ ˧˦ z aː n ˧˦
bánh răng	ʔ ɓ a j ŋ̟ ˧˦ z a ŋ ˧˧
bánh răng bừa	ʔ ɓ a j ŋ̟ ˧˦ z a ŋ ˧˧ ʔ ɓ ɨ ə ˨˩
bánh sinh nhật	ʔ ɓ a j ŋ̟ ˧˦ s ï ŋ ˧˧ ɲ ə t̚ ˧˨ ʔ
bánh su kem	ʔ ɓ a j ŋ̟ ˧˦ s u ˧˧ k ɛ m ˧˧
bánh sừng bò	ʔ ɓ a j ŋ̟ ˧˦ s ɨ ŋ ˨˩ ʔ ɓ ɔ ˨˩
bánh sừng trâu	ʔ ɓ a j ŋ̟ ˧˦ s ɨ ŋ ˨˩ t͡ɕ ə w ˧˧
bánh tiêu	ʔ ɓ a j ŋ̟ ˧˦ t i ə w ˧˧
bánh trung thu	ʔ ɓ a j ŋ̟ ˧˦ t͡ɕ ʊ w ŋ͡m ˧˧ tʰ u ˧˧
bánh trái	ʔ ɓ a j ŋ̟ ˧˦ t͡ɕ aː j ˧˦
bánh tráng	ʔ ɓ a j ŋ̟ ˧˦ t͡ɕ aː ŋ ˧˦
bánh tráng nướng	ʔ ɓ a j ŋ̟ ˧˦ t͡ɕ aː ŋ ˧˦ n ɨ ə ŋ ˧˦
bánh trôi nước	ʔ ɓ a j ŋ̟ ˧˦ t͡ɕ o j ˧˧ n ɨ ə k̚ ˧˦
bánh tây	ʔ ɓ a j ŋ̟ ˧˦ t ə j ˧˧
bánh tét	ʔ ɓ a j ŋ̟ ˧˦ t ɛ t̚ ˧˦
bánh tẻ	ʔ ɓ a j ŋ̟ ˧˦ t ɛ ˧˩
bánh vòng	ʔ ɓ a j ŋ̟ ˧˦ v a w ŋ͡m ˨˩
bánh vẽ	ʔ ɓ a j ŋ̟ ˧˦ v ɛ ˦ˀ˥
bánh xe	ʔ ɓ a j ŋ̟ ˧˦ s ɛ ˧˧
bánh xèo	ʔ ɓ a j ŋ̟ ˧˦ s ɛ w ˨˩
bánh xếp	ʔ ɓ a j ŋ̟ ˧˦ s e p̚ ˧˦
bánh ú	ʔ ɓ a j ŋ̟ ˧˦ ʔ u ˧˦
bánh đa	ʔ ɓ a j ŋ̟ ˧˦ ʔ ɗ aː ˧˧
bánh đa cua	ʔ ɓ a j ŋ̟ ˧˦ ʔ ɗ aː ˧˧ k u ə ˧˧
bánh đa nướng	ʔ ɓ a j ŋ̟ ˧˦ ʔ ɗ aː ˧˧ n ɨ ə ŋ ˧˦
bánh đa đỏ	ʔ ɓ a j ŋ̟ ˧˦ ʔ ɗ aː ˧˧ ʔ ɗ ɔ ˧˩
bánh đúc	ʔ ɓ a j ŋ̟ ˧˦ ʔ ɗ ʊ w k͡p̚ ˧˦
bánh đậu xanh	ʔ ɓ a j ŋ̟ ˧˦ ʔ ɗ ə w ˧˨ ʔ s a j ŋ̟ ˧˧
bánh ướt	ʔ ɓ a j ŋ̟ ˧˦ ʔ ɨ ə t̚ ˧˦
bâng khuâng	ʔ ɓ ə ŋ ˧˧ x w ə ŋ ˧˧
bâng quơ	ʔ ɓ ə ŋ ˧˧ k w əː ˧˧
bênh	ʔ ɓ ə j ŋ̟ ˧˧
bìa	ʔ ɓ i ə ˨˩
bìm bìm	ʔ ɓ i m ˨˩ ʔ ɓ i m ˨˩
bìm bịp	ʔ ɓ i m ˨˩ ʔ ɓ i p̚ ˧˨ ʔ
bìm nắp	ʔ ɓ i m ˨˩ n a p̚ ˧˦
bình	ʔ ɓ ï ŋ ˨˩
bình an	ʔ ɓ ï ŋ ˨˩ ʔ aː n ˧˧
bình an vô sự	ʔ ɓ ï ŋ ˨˩ ʔ aː n ˧˧ v o ˧˧ s ɨ ˧˨ ʔ
bình bát	ʔ ɓ ï ŋ ˨˩ ʔ ɓ aː t̚ ˧˦
bình bình	ʔ ɓ ï ŋ ˨˩ ʔ ɓ ï ŋ ˨˩
bình bầu	ʔ ɓ ï ŋ ˨˩ ʔ ɓ ə w ˨˩
bình chân	ʔ ɓ ï ŋ ˨˩ t͡ɕ ə n ˧˧
bình chú	ʔ ɓ ï ŋ ˨˩ t͡ɕ u ˧˦
bình chọn	ʔ ɓ ï ŋ ˨˩ t͡ɕ ɔ n ˧˨ ʔ
bình diện	ʔ ɓ ï ŋ ˨˩ z i ə n ˧˨ ʔ
bình dân	ʔ ɓ ï ŋ ˨˩ z ə n ˧˧
bình dưỡng khí	ʔ ɓ ï ŋ ˨˩ z ɨ ə ŋ ˦ˀ˥ x i ˧˦
bình dị	ʔ ɓ ï ŋ ˨˩ z i ˧˨ ʔ
bình luận	ʔ ɓ ï ŋ ˨˩ l w ə n ˧˨ ʔ
bình luận viên	ʔ ɓ ï ŋ ˨˩ l w ə n ˧˨ ʔ v i ə n ˧˧
bình lặng	ʔ ɓ ï ŋ ˨˩ l a ŋ ˧˨ ʔ
bình minh	ʔ ɓ ï ŋ ˨˩ m ï ŋ ˧˧
bình nguyên	ʔ ɓ ï ŋ ˨˩ ŋ w i ə n ˧˧
bình nhật	ʔ ɓ ï ŋ ˨˩ ɲ ə t̚ ˧˨ ʔ
bình nóng lạnh	ʔ ɓ ï ŋ ˨˩ n a w ŋ͡m ˧˦ l a j ŋ̟ ˧˨ ʔ
bình phong	ʔ ɓ ï ŋ ˨˩ f a w ŋ͡m ˧˧
bình phương	ʔ ɓ ï ŋ ˨˩ f ɨ ə ŋ ˧˧
bình phẩm	ʔ ɓ ï ŋ ˨˩ f ə m ˧˩
bình phục	ʔ ɓ ï ŋ ˨˩ f ʊ w k͡p̚ ˧˨ ʔ
bình quyền	ʔ ɓ ï ŋ ˨˩ k w i ə n ˨˩
bình quân	ʔ ɓ ï ŋ ˨˩ k w ə n ˧˧
bình sinh	ʔ ɓ ï ŋ ˨˩ s ï ŋ ˧˧
bình thuỷ	ʔ ɓ ï ŋ ˨˩ tʰ w i ˧˩
bình thân	ʔ ɓ ï ŋ ˨˩ tʰ ə n ˧˧
bình thường	ʔ ɓ ï ŋ ˨˩ tʰ ɨ ə ŋ ˨˩
bình thường hoá	ʔ ɓ ï ŋ ˨˩ tʰ ɨ ə ŋ ˨˩ h w aː ˧˦
bình thản	ʔ ɓ ï ŋ ˨˩ tʰ aː n ˧˩
bình thời	ʔ ɓ ï ŋ ˨˩ tʰ əː j ˨˩
bình tâm	ʔ ɓ ï ŋ ˨˩ t ə m ˧˧
bình tĩnh	ʔ ɓ ï ŋ ˨˩ t ï ŋ ˦ˀ˥
bình vôi	ʔ ɓ ï ŋ ˨˩ v o j ˧˧
bình xăng	ʔ ɓ ï ŋ ˨˩ s a ŋ ˧˧
bình yên	ʔ ɓ ï ŋ ˨˩ ʔ i ə n ˧˧
bình điện	ʔ ɓ ï ŋ ˨˩ ʔ ɗ i ə n ˧˨ ʔ
bình đẳng	ʔ ɓ ï ŋ ˨˩ ʔ ɗ a ŋ ˧˩
bình đẳng giới	ʔ ɓ ï ŋ ˨˩ ʔ ɗ a ŋ ˧˩ z əː j ˧˦
bình địa	ʔ ɓ ï ŋ ˨˩ ʔ ɗ i ə ˧˨ ʔ
bình định	ʔ ɓ ï ŋ ˨˩ ʔ ɗ ï ŋ ˧˨ ʔ
bình ổn	ʔ ɓ ï ŋ ˨˩ ʔ o n ˧˩
bìu	ʔ ɓ i w ˨˩
bìu dái	ʔ ɓ i w ˨˩ z aː j ˧˦
bím	ʔ ɓ i m ˧˦
bính bong	ʔ ɓ ï ŋ ˧˦ ʔ ɓ a w ŋ͡m ˧˧
bính boong	ʔ ɓ ï ŋ ˧˦ ʔ ɓ ɔ ŋ ˧˧
bính âm	ʔ ɓ ï ŋ ˧˦ ʔ ə m ˧˧
bíp	ʔ ɓ i p̚ ˧˦
bít	ʔ ɓ i t̚ ˧˦
bít tất	ʔ ɓ i t̚ ˧˦ t ə t̚ ˧˦
bít tất tay	ʔ ɓ i t̚ ˧˦ t ə t̚ ˧˦ t a j ˧˧
bít tết	ʔ ɓ i t̚ ˧˦ t e t̚ ˧˦
bíu	ʔ ɓ i w ˧˦
bò	ʔ ɓ ɔ ˨˩
bò bía	ʔ ɓ ɔ ˨˩ ʔ ɓ i ə ˧˦
bò cạp	ʔ ɓ ɔ ˨˩ k aː p̚ ˧˨ ʔ
bò húc	ʔ ɓ ɔ ˨˩ h ʊ w k͡p̚ ˧˦
bò kho	ʔ ɓ ɔ ˨˩ x ɔ ˧˧
bò lê	ʔ ɓ ɔ ˨˩ l e ˧˧
bò mộng	ʔ ɓ ɔ ˨˩ m ə w ŋ͡m ˧˨ ʔ
bò né	ʔ ɓ ɔ ˨˩ n ɛ ˧˦
bò rừng	ʔ ɓ ɔ ˨˩ z ɨ ŋ ˨˩
bò sát	ʔ ɓ ɔ ˨˩ s aː t̚ ˧˦
bò tót	ʔ ɓ ɔ ˨˩ t ɔ t̚ ˧˦
bò viên	ʔ ɓ ɔ ˨˩ v i ə n ˧˧
bò vàng	ʔ ɓ ɔ ˨˩ v aː ŋ ˨˩
bò vẽ	ʔ ɓ ɔ ˨˩ v ɛ ˦ˀ˥
bò đỏ	ʔ ɓ ɔ ˨˩ ʔ ɗ ɔ ˧˩
bòn	ʔ ɓ ɔ n ˨˩
bòn bon	ʔ ɓ ɔ n ˨˩ ʔ ɓ ɔ n ˧˧
bòn rút	ʔ ɓ ɔ n ˨˩ z u t̚ ˧˦
bòng bong	ʔ ɓ a w ŋ͡m ˨˩ ʔ ɓ a w ŋ͡m ˧˧
bòng bòng	ʔ ɓ a w ŋ͡m ˨˩ ʔ ɓ a w ŋ͡m ˨˩
bó	ʔ ɓ ɔ ˧˦
bó buộc	ʔ ɓ ɔ ˧˦ ʔ ɓ u ə k̚ ˧˨ ʔ
bó hoa	ʔ ɓ ɔ ˧˦ h w aː ˧˧
bó tay	ʔ ɓ ɔ ˧˦ t a j ˧˧
bó tay chấm com	ʔ ɓ ɔ ˧˦ t a j ˧˧ t͡ɕ ə m ˧˦ k ɔ m ˧˧
bóc	ʔ ɓ a w k͡p̚ ˧˦
bóc lịch	ʔ ɓ a w k͡p̚ ˧˦ l ï k̟̚ ˧˨ ʔ
bóc lột	ʔ ɓ a w k͡p̚ ˧˦ l o t̚ ˧˨ ʔ
bóc mẽ	ʔ ɓ a w k͡p̚ ˧˦ m ɛ ˦ˀ˥
bóc tem	ʔ ɓ a w k͡p̚ ˧˦ t ɛ m ˧˧
bóc trần	ʔ ɓ a w k͡p̚ ˧˦ t͡ɕ ə n ˨˩
bói	ʔ ɓ ɔ j ˧˦
bói cá	ʔ ɓ ɔ j ˧˦ k aː ˧˦
bói toán	ʔ ɓ ɔ j ˧˦ t w aː n ˧˦
bón	ʔ ɓ ɔ n ˧˦
bón phân	ʔ ɓ ɔ n ˧˦ f ə n ˧˧
bóng	ʔ ɓ a w ŋ͡m ˧˦
bóng bay	ʔ ɓ a w ŋ͡m ˧˦ ʔ ɓ a j ˧˧
bóng bàn	ʔ ɓ a w ŋ͡m ˧˦ ʔ ɓ aː n ˨˩
bóng bán dẫn	ʔ ɓ a w ŋ͡m ˧˦ ʔ ɓ aː n ˧˦ z ə n ˦ˀ˥
bóng bảy	ʔ ɓ a w ŋ͡m ˧˦ ʔ ɓ a j ˧˩
bóng bầu dục	ʔ ɓ a w ŋ͡m ˧˦ ʔ ɓ ə w ˨˩ z ʊ w k͡p̚ ˧˨ ʔ
bóng bẩy	ʔ ɓ a w ŋ͡m ˧˦ ʔ ɓ ə j ˧˩
bóng chuyền	ʔ ɓ a w ŋ͡m ˧˦ t͡ɕ w i ə n ˨˩
bóng chày	ʔ ɓ a w ŋ͡m ˧˦ t͡ɕ a j ˨˩
bóng dáng	ʔ ɓ a w ŋ͡m ˧˦ z aː ŋ ˧˦
bóng gió	ʔ ɓ a w ŋ͡m ˧˦ z ɔ ˧˦
bóng gỗ	ʔ ɓ a w ŋ͡m ˧˦ ɣ o ˦ˀ˥
bóng hồng	ʔ ɓ a w ŋ͡m ˧˦ h ə w ŋ͡m ˨˩
bóng loáng	ʔ ɓ a w ŋ͡m ˧˦ l w aː ŋ ˧˦
bóng ma	ʔ ɓ a w ŋ͡m ˧˦ m aː ˧˧
bóng mềm	ʔ ɓ a w ŋ͡m ˧˦ m e m ˨˩
bóng ném	ʔ ɓ a w ŋ͡m ˧˦ n ɛ m ˧˦
bóng nước	ʔ ɓ a w ŋ͡m ˧˦ n ɨ ə k̚ ˧˦
bóng rổ	ʔ ɓ a w ŋ͡m ˧˦ z o ˧˩
bóng truyền	ʔ ɓ a w ŋ͡m ˧˦ t͡ɕ w i ə n ˨˩
bóng tròn	ʔ ɓ a w ŋ͡m ˧˦ t͡ɕ ɔ n ˨˩
bóng tối	ʔ ɓ a w ŋ͡m ˧˦ t o j ˧˦
bóng vợt	ʔ ɓ a w ŋ͡m ˧˦ v əː t̚ ˧˨ ʔ
bóng đá	ʔ ɓ a w ŋ͡m ˧˦ ʔ ɗ aː ˧˦
bóng đái	ʔ ɓ a w ŋ͡m ˧˦ ʔ ɗ aː j ˧˦
bóng đè	ʔ ɓ a w ŋ͡m ˧˦ ʔ ɗ ɛ ˨˩
bóng đèn	ʔ ɓ a w ŋ͡m ˧˦ ʔ ɗ ɛ n ˨˩
bóp	ʔ ɓ ɔ p̚ ˧˦
bóp chẹt	ʔ ɓ ɔ p̚ ˧˦ t͡ɕ ɛ t̚ ˧˨ ʔ
bóp cổ nhận nước	ʔ ɓ ɔ p̚ ˧˦ k o ˧˩ ɲ ə n ˧˨ ʔ n ɨ ə k̚ ˧˦
bóp méo	ʔ ɓ ɔ p̚ ˧˦ m ɛ w ˧˦
bót	ʔ ɓ ɔ t̚ ˧˦
bô	ʔ ɓ o ˧˧
bô bô	ʔ ɓ o ˧˧ ʔ ɓ o ˧˧
bô lão	ʔ ɓ o ˧˧ l aː w ˦ˀ˥
bô lô ba la	ʔ ɓ o ˧˧ l o ˧˧ ʔ ɓ aː ˧˧ l aː ˧˧
bôi	ʔ ɓ o j ˧˧
bôi bác	ʔ ɓ o j ˧˧ ʔ ɓ aː k̚ ˧˦
bôi nhọ	ʔ ɓ o j ˧˧ ɲ ɔ ˧˨ ʔ
bôi tro trát trấu	ʔ ɓ o j ˧˧ t͡ɕ ɔ ˧˧ t͡ɕ aː t̚ ˧˦ t͡ɕ ə w ˧˦
bôi đen	ʔ ɓ o j ˧˧ ʔ ɗ ɛ n ˧˧
bôm	ʔ ɓ o m ˧˧
bôm bốp	ʔ ɓ o m ˧˧ ʔ ɓ o p̚ ˧˦
bôn	ʔ ɓ o n ˧˧
bôn ba	ʔ ɓ o n ˧˧ ʔ ɓ aː ˧˧
bôn tẩu	ʔ ɓ o n ˧˧ t ə w ˧˩
bông	ʔ ɓ ə w ŋ͡m ˧˧
bông bụp	ʔ ɓ ə w ŋ͡m ˧˧ ʔ ɓ u p̚ ˧˨ ʔ
bõ	ʔ ɓ ɔ ˦ˀ˥
bõ công	ʔ ɓ ɔ ˦ˀ˥ k ə w ŋ͡m ˧˧
bù	ʔ ɓ u ˨˩
bù lu bù loa	ʔ ɓ u ˨˩ l u ˧˧ ʔ ɓ u ˨˩ l w aː ˧˧
bù nhìn	ʔ ɓ u ˨˩ ɲ i n ˨˩
bù trừ	ʔ ɓ u ˨˩ t͡ɕ ɨ ˨˩
bù tọt	ʔ ɓ u ˨˩ t ɔ t̚ ˧˨ ʔ
bù xù	ʔ ɓ u ˨˩ s u ˨˩
bù đầu	ʔ ɓ u ˨˩ ʔ ɗ ə w ˨˩
bù đắp	ʔ ɓ u ˨˩ ʔ ɗ a p̚ ˧˦
bùa	ʔ ɓ u ə ˨˩
bùa chú	ʔ ɓ u ə ˨˩ t͡ɕ u ˧˦
bùa yêu	ʔ ɓ u ə ˨˩ ʔ i ə w ˧˧
bùi	ʔ ɓ u j ˨˩
bùi ngùi	ʔ ɓ u j ˨˩ ŋ u j ˨˩
bùi nhùi	ʔ ɓ u j ˨˩ ɲ u j ˨˩
bùm	ʔ ɓ u m ˨˩
bùm bụp	ʔ ɓ u m ˨˩ ʔ ɓ u p̚ ˧˨ ʔ
bùn	ʔ ɓ u n ˨˩
bùn lầy	ʔ ɓ u n ˨˩ l ə j ˨˩
bùng	ʔ ɓ ʊ w ŋ͡m ˨˩
bùng binh	ʔ ɓ ʊ w ŋ͡m ˨˩ ʔ ɓ ï ŋ ˧˧
bùng nổ	ʔ ɓ ʊ w ŋ͡m ˨˩ n o ˧˩
bùng phát	ʔ ɓ ʊ w ŋ͡m ˨˩ f aː t̚ ˧˦
bú	ʔ ɓ u ˧˦
bú cu	ʔ ɓ u ˧˦ k u ˧˧
bú fame	ʔ ɓ u ˧˦ f e m ˧˧
búa	ʔ ɓ u ə ˧˦
búa khoan	ʔ ɓ u ə ˧˦ x w aː n ˧˧
búa la xua	ʔ ɓ u ə ˧˦ l aː ˧˧ s u ə ˧˧
búa liềm	ʔ ɓ u ə ˧˦ l i ə m ˨˩
búa tạ	ʔ ɓ u ə ˧˦ t aː ˧˨ ʔ
búa và liềm	ʔ ɓ u ə ˧˦ v aː ˨˩ l i ə m ˨˩
búi	ʔ ɓ u j ˧˦
bún	ʔ ɓ u n ˧˦
bún bò Huế	ʔ ɓ u n ˧˦ ʔ ɓ ɔ ˨˩ h w e ˧˦
bún chả	ʔ ɓ u n ˧˦ t͡ɕ aː ˧˩
bún cua	ʔ ɓ u n ˧˦ k u ə ˧˧
bún măng vịt	ʔ ɓ u n ˧˦ m a ŋ ˧˧ v i t̚ ˧˨ ʔ
bún mắm	ʔ ɓ u n ˧˦ m a m ˧˦
bún mẹ	ʔ ɓ u n ˧˦ m ɛ ˧˨ ʔ
bún mọc	ʔ ɓ u n ˧˦ m a w k͡p̚ ˧˨ ʔ
bún riêu	ʔ ɓ u n ˧˦ z i ə w ˧˧
bún sông	ʔ ɓ u n ˧˦ s ə w ŋ͡m ˧˧
bún thang	ʔ ɓ u n ˧˦ tʰ aː ŋ ˧˧
bún thịt nướng	ʔ ɓ u n ˧˦ tʰ i t̚ ˧˨ ʔ n ɨ ə ŋ ˧˦
bún đậu mắm tôm	ʔ ɓ u n ˧˦ ʔ ɗ ə w ˧˨ ʔ m a m ˧˦ t o m ˧˧
bún ốc	ʔ ɓ u n ˧˦ ʔ ə w k͡p̚ ˧˦
búng	ʔ ɓ ʊ w ŋ͡m ˧˦
búp	ʔ ɓ u p̚ ˧˦
búp bê	ʔ ɓ u p̚ ˧˦ ʔ ɓ e ˧˧
búp phê	ʔ ɓ u p̚ ˧˦ f e ˧˧
bút	ʔ ɓ u t̚ ˧˦
bút bi	ʔ ɓ u t̚ ˧˦ ʔ ɓ i ˧˧
bút chiến	ʔ ɓ u t̚ ˧˦ t͡ɕ i ə n ˧˦
bút chì	ʔ ɓ u t̚ ˧˦ t͡ɕ i ˨˩
bút chì bấm	ʔ ɓ u t̚ ˧˦ t͡ɕ i ˨˩ ʔ ɓ ə m ˧˦
bút chì kim	ʔ ɓ u t̚ ˧˦ t͡ɕ i ˨˩ k i m ˧˧
bút chì màu	ʔ ɓ u t̚ ˧˦ t͡ɕ i ˨˩ m a w ˨˩
bút danh	ʔ ɓ u t̚ ˧˦ z a j ŋ̟ ˧˧
bút hiệu	ʔ ɓ u t̚ ˧˦ h i ə w ˧˨ ʔ
bút kí	ʔ ɓ u t̚ ˧˦ k i ˧˦
bút lông	ʔ ɓ u t̚ ˧˦ l ə w ŋ͡m ˧˧
bút lông dầu	ʔ ɓ u t̚ ˧˦ l ə w ŋ͡m ˧˧ z ə w ˨˩
bút máy	ʔ ɓ u t̚ ˧˦ m a j ˧˦
bút mực	ʔ ɓ u t̚ ˧˦ m ɨ k̚ ˧˨ ʔ
bút nghiên	ʔ ɓ u t̚ ˧˦ ŋ i ə n ˧˧
bút nguyên tử	ʔ ɓ u t̚ ˧˦ ŋ w i ə n ˧˧ t ɨ ˧˩
bút pháp	ʔ ɓ u t̚ ˧˦ f aː p̚ ˧˦
bút tích	ʔ ɓ u t̚ ˧˦ t ï k̟̚ ˧˦
bút tích học	ʔ ɓ u t̚ ˧˦ t ï k̟̚ ˧˦ h a w k͡p̚ ˧˨ ʔ
bút đàm	ʔ ɓ u t̚ ˧˦ ʔ ɗ aː m ˨˩
bĩnh	ʔ ɓ ï ŋ ˦ˀ˥
bĩu	ʔ ɓ i w ˦ˀ˥
bơ	ʔ ɓ əː ˧˧
bơ phờ	ʔ ɓ əː ˧˧ f əː ˨˩
bơ thực vật	ʔ ɓ əː ˧˧ tʰ ɨ k̚ ˧˨ ʔ v ə t̚ ˧˨ ʔ
bơ vơ	ʔ ɓ əː ˧˧ v əː ˧˧
bơi	ʔ ɓ əː j ˧˧
bơi chó	ʔ ɓ əː j ˧˧ t͡ɕ ɔ ˧˦
bơi lội	ʔ ɓ əː j ˧˧ l o j ˧˨ ʔ
bơm	ʔ ɓ əː m ˧˧
bơm cho	ʔ ɓ əː m ˧˧ t͡ɕ ɔ ˧˧
bư	ʔ ɓ ɨ ˧˧
bưng	ʔ ɓ ɨ ŋ ˧˧
bưng biền	ʔ ɓ ɨ ŋ ˧˧ ʔ ɓ i ə n ˨˩
bưng bít	ʔ ɓ ɨ ŋ ˧˧ ʔ ɓ i t̚ ˧˦
bưng bô	ʔ ɓ ɨ ŋ ˧˧ ʔ ɓ o ˧˧
bưu	ʔ ɓ i w ˧˧
bưu chính	ʔ ɓ i w ˧˧ t͡ɕ ï ŋ ˧˦
bưu chính viễn thông	ʔ ɓ i w ˧˧ t͡ɕ ï ŋ ˧˦ v i ə n ˦ˀ˥ tʰ ə w ŋ͡m ˧˧
bưu cục	ʔ ɓ i w ˧˧ k ʊ w k͡p̚ ˧˨ ʔ
bưu kiện	ʔ ɓ i w ˧˧ k i ə n ˧˨ ʔ
bưu phiếu	ʔ ɓ i w ˧˧ f i ə w ˧˦
bưu phí	ʔ ɓ i w ˧˧ f i ˧˦
bưu phẩm	ʔ ɓ i w ˧˧ f ə m ˧˩
bưu thiếp	ʔ ɓ i w ˧˧ tʰ i ə p̚ ˧˦
bưu tá	ʔ ɓ i w ˧˧ t aː ˧˦
bưu điện	ʔ ɓ i w ˧˧ ʔ ɗ i ə n ˧˨ ʔ
bươi	ʔ ɓ ɨ ə j ˧˧
bươm	ʔ ɓ ɨ ə m ˧˧
bươm bướm	ʔ ɓ ɨ ə m ˧˧ ʔ ɓ ɨ ə m ˧˦
bươn	ʔ ɓ ɨ ə n ˧˧
bươn chải	ʔ ɓ ɨ ə n ˧˧ t͡ɕ aː j ˧˩
bương	ʔ ɓ ɨ ə ŋ ˧˧
bươu	ʔ ɓ i ə w ˧˧
bước	ʔ ɓ ɨ ə k̚ ˧˦
bước ngoặt	ʔ ɓ ɨ ə k̚ ˧˦ ŋ w a t̚ ˧˨ ʔ
bước sóng	ʔ ɓ ɨ ə k̚ ˧˦ s a w ŋ͡m ˧˦
bước đường	ʔ ɓ ɨ ə k̚ ˧˦ ʔ ɗ ɨ ə ŋ ˨˩
bước đầu	ʔ ɓ ɨ ə k̚ ˧˦ ʔ ɗ ə w ˨˩
bướm	ʔ ɓ ɨ ə m ˧˦
bướm đêm	ʔ ɓ ɨ ə m ˧˦ ʔ ɗ e m ˧˧
bướng	ʔ ɓ ɨ ə ŋ ˧˦
bướng bỉnh	ʔ ɓ ɨ ə ŋ ˧˦ ʔ ɓ ï ŋ ˧˩
bướu	ʔ ɓ i ə w ˧˦
bướu cổ	ʔ ɓ i ə w ˧˦ k o ˧˩
bưởi	ʔ ɓ ɨ ə j ˧˩
bưởi chùm	ʔ ɓ ɨ ə j ˧˩ t͡ɕ u m ˨˩
bượp	ʔ ɓ ɨ ə p̚ ˧˨ ʔ
bạn	ʔ ɓ aː n ˧˨ ʔ
bạn bè	ʔ ɓ aː n ˧˨ ʔ ʔ ɓ ɛ ˨˩
bạn gái	ʔ ɓ aː n ˧˨ ʔ ɣ aː j ˧˦
bạn hữu	ʔ ɓ aː n ˧˨ ʔ h i w ˦ˀ˥
bạn thân	ʔ ɓ aː n ˧˨ ʔ tʰ ə n ˧˧
bạn trai	ʔ ɓ aː n ˧˨ ʔ t͡ɕ aː j ˧˧
bạn đọc	ʔ ɓ aː n ˧˨ ʔ ʔ ɗ a w k͡p̚ ˧˨ ʔ
bạn đời	ʔ ɓ aː n ˧˨ ʔ ʔ ɗ əː j ˨˩
bản	ʔ ɓ aː n ˧˩
bản chí	ʔ ɓ aː n ˧˩ t͡ɕ i ˧˦
bản chất	ʔ ɓ aː n ˧˩ t͡ɕ ə t̚ ˧˦
bản doanh	ʔ ɓ aː n ˧˩ z w a j ŋ̟ ˧˧
bản dịch	ʔ ɓ aː n ˧˩ z ï k̟̚ ˧˨ ʔ
bản gốc	ʔ ɓ aː n ˧˩ ɣ ə w k͡p̚ ˧˦
bản lĩnh	ʔ ɓ aː n ˧˩ l ï ŋ ˦ˀ˥
bản lề	ʔ ɓ aː n ˧˩ l e ˨˩
bản ngã	ʔ ɓ aː n ˧˩ ŋ aː ˦ˀ˥
bản ngữ	ʔ ɓ aː n ˧˩ ŋ ɨ ˦ˀ˥
bản nhạc	ʔ ɓ aː n ˧˩ ɲ aː k̚ ˧˨ ʔ
bản năng	ʔ ɓ aː n ˧˩ n a ŋ ˧˧
bản quyền	ʔ ɓ aː n ˧˩ k w i ə n ˨˩
bản sao	ʔ ɓ aː n ˧˩ s aː w ˧˧
bản sắc	ʔ ɓ aː n ˧˩ s a k̚ ˧˦
bản thân	ʔ ɓ aː n ˧˩ tʰ ə n ˧˧
bản thảo	ʔ ɓ aː n ˧˩ tʰ aː w ˧˩
bản thổ	ʔ ɓ aː n ˧˩ tʰ o ˧˩
bản tin	ʔ ɓ aː n ˧˩ t i n ˧˧
bản tính	ʔ ɓ aː n ˧˩ t ï ŋ ˧˦
bản vị	ʔ ɓ aː n ˧˩ v i ˧˨ ʔ
bản xứ	ʔ ɓ aː n ˧˩ s ɨ ˧˦
bản án	ʔ ɓ aː n ˧˩ ʔ aː n ˧˦
bản địa	ʔ ɓ aː n ˧˩ ʔ ɗ i ə ˧˨ ʔ
bản địa hoá	ʔ ɓ aː n ˧˩ ʔ ɗ i ə ˧˨ ʔ h w aː ˧˦
bản đồ	ʔ ɓ aː n ˧˩ ʔ ɗ o ˨˩
bảng	ʔ ɓ aː ŋ ˧˩
bảng biểu	ʔ ɓ aː ŋ ˧˩ ʔ ɓ i ə w ˧˩
bảng chọn	ʔ ɓ aː ŋ ˧˩ t͡ɕ ɔ n ˧˨ ʔ
bảng chữ cái	ʔ ɓ aː ŋ ˧˩ t͡ɕ ɨ ˦ˀ˥ k aː j ˧˦
bảng cửu chương	ʔ ɓ aː ŋ ˧˩ k i w ˧˩ t͡ɕ ɨ ə ŋ ˧˧
bảng hiệu	ʔ ɓ aː ŋ ˧˩ h i ə w ˧˨ ʔ
bảng mã	ʔ ɓ aː ŋ ˧˩ m aː ˦ˀ˥
bảng mẫu tự phiên âm quốc tế	ʔ ɓ aː ŋ ˧˩ m ə w ˦ˀ˥ t ɨ ˧˨ ʔ f i ə n ˧˧ ʔ ə m ˧˧ k u ə k̚ ˧˦ t e ˧˦
bảng nhãn	ʔ ɓ aː ŋ ˧˩ ɲ aː n ˦ˀ˥
bảng tuần hoàn	ʔ ɓ aː ŋ ˧˩ t w ə n ˨˩ h w aː n ˨˩
bảng tuần hoàn các nguyên tố hoá học	ʔ ɓ aː ŋ ˧˩ t w ə n ˨˩ h w aː n ˨˩ k aː k̚ ˧˦ ŋ w i ə n ˧˧ t o ˧˦ h w aː ˧˦ h a w k͡p̚ ˧˨ ʔ
bảng vàng	ʔ ɓ aː ŋ ˧˩ v aː ŋ ˨˩
bảng đen	ʔ ɓ aː ŋ ˧˩ ʔ ɗ ɛ n ˧˧
bảnh	ʔ ɓ a j ŋ̟ ˧˩
bảnh bao	ʔ ɓ a j ŋ̟ ˧˩ ʔ ɓ aː w ˧˧
bảnh mắt	ʔ ɓ a j ŋ̟ ˧˩ m a t̚ ˧˦
bấc	ʔ ɓ ə k̚ ˧˦
bấm	ʔ ɓ ə m ˧˦
bấm chuột	ʔ ɓ ə m ˧˦ t͡ɕ u ə t̚ ˧˨ ʔ
bấm chí	ʔ ɓ ə m ˧˦ t͡ɕ i ˧˦
bấm đàn	ʔ ɓ ə m ˧˦ ʔ ɗ aː n ˨˩
bấn	ʔ ɓ ə n ˧˦
bấn loạn	ʔ ɓ ə n ˧˦ l w aː n ˧˨ ʔ
bấp bênh	ʔ ɓ ə p̚ ˧˦ ʔ ɓ ə j ŋ̟ ˧˧
bất	ʔ ɓ ə t̚ ˧˦
bất an	ʔ ɓ ə t̚ ˧˦ ʔ aː n ˧˧
bất biến	ʔ ɓ ə t̚ ˧˦ ʔ ɓ i ə n ˧˦
bất bình	ʔ ɓ ə t̚ ˧˦ ʔ ɓ ï ŋ ˨˩
bất bại	ʔ ɓ ə t̚ ˧˦ ʔ ɓ aː j ˧˨ ʔ
bất bạo động	ʔ ɓ ə t̚ ˧˦ ʔ ɓ aː w ˧˨ ʔ ʔ ɗ ə w ŋ͡m ˧˨ ʔ
bất bằng	ʔ ɓ ə t̚ ˧˦ ʔ ɓ a ŋ ˨˩
bất chính	ʔ ɓ ə t̚ ˧˦ t͡ɕ ï ŋ ˧˦
bất chấp	ʔ ɓ ə t̚ ˧˦ t͡ɕ ə p̚ ˧˦
bất chợt	ʔ ɓ ə t̚ ˧˦ t͡ɕ əː t̚ ˧˨ ʔ
bất công	ʔ ɓ ə t̚ ˧˦ k ə w ŋ͡m ˧˧
bất cần	ʔ ɓ ə t̚ ˧˦ k ə n ˨˩
bất cẩn	ʔ ɓ ə t̚ ˧˦ k ə n ˧˩
bất cập	ʔ ɓ ə t̚ ˧˦ k ə p̚ ˧˨ ʔ
bất cập vật	ʔ ɓ ə t̚ ˧˦ k ə p̚ ˧˨ ʔ v ə t̚ ˧˨ ʔ
bất cốc	ʔ ɓ ə t̚ ˧˦ k ə w k͡p̚ ˧˦
bất cứ	ʔ ɓ ə t̚ ˧˦ k ɨ ˧˦
bất diệt	ʔ ɓ ə t̚ ˧˦ z i ə t̚ ˧˨ ʔ
bất giác	ʔ ɓ ə t̚ ˧˦ z aː k̚ ˧˦
bất hiếu	ʔ ɓ ə t̚ ˧˦ h i ə w ˧˦
bất hoà	ʔ ɓ ə t̚ ˧˦ h w aː ˨˩
bất hại	ʔ ɓ ə t̚ ˧˦ h aː j ˧˨ ʔ
bất hạnh	ʔ ɓ ə t̚ ˧˦ h a j ŋ̟ ˧˨ ʔ
bất hảo	ʔ ɓ ə t̚ ˧˦ h aː w ˧˩
bất hợp lí	ʔ ɓ ə t̚ ˧˦ h əː p̚ ˧˨ ʔ l i ˧˦
bất hợp lệ	ʔ ɓ ə t̚ ˧˦ h əː p̚ ˧˨ ʔ l e ˧˨ ʔ
bất hợp pháp	ʔ ɓ ə t̚ ˧˦ h əː p̚ ˧˨ ʔ f aː p̚ ˧˦
bất hợp tác	ʔ ɓ ə t̚ ˧˦ h əː p̚ ˧˨ ʔ t aː k̚ ˧˦
bất hủ	ʔ ɓ ə t̚ ˧˦ h u ˧˩
bất kham	ʔ ɓ ə t̚ ˧˦ x aː m ˧˧
bất khuất	ʔ ɓ ə t̚ ˧˦ x w ə t̚ ˧˦
bất khả	ʔ ɓ ə t̚ ˧˦ x aː ˧˩
bất khả chiến bại	ʔ ɓ ə t̚ ˧˦ x aː ˧˩ t͡ɕ i ə n ˧˦ ʔ ɓ aː j ˧˨ ʔ
bất khả kháng	ʔ ɓ ə t̚ ˧˦ x aː ˧˩ x aː ŋ ˧˦
bất khả thi	ʔ ɓ ə t̚ ˧˦ x aː ˧˩ tʰ i ˧˧
bất kì	ʔ ɓ ə t̚ ˧˦ k i ˨˩
bất kính	ʔ ɓ ə t̚ ˧˦ k ï ŋ ˧˦
bất kể	ʔ ɓ ə t̚ ˧˦ k e ˧˩
bất li thân	ʔ ɓ ə t̚ ˧˦ l i ˧˧ tʰ ə n ˧˧
bất lợi	ʔ ɓ ə t̚ ˧˦ l əː j ˧˨ ʔ
bất đắc chí	ʔ ɓ ə t̚ ˧˦ ʔ ɗ a k̚ ˧˦ t͡ɕ i ˧˦
bất đắc dĩ	ʔ ɓ ə t̚ ˧˦ ʔ ɗ a k̚ ˧˦ z i ˦ˀ˥
bất đắc kì tử	ʔ ɓ ə t̚ ˧˦ ʔ ɗ a k̚ ˧˦ k i ˨˩ t ɨ ˧˩
bất đẳng thức	ʔ ɓ ə t̚ ˧˦ ʔ ɗ a ŋ ˧˩ tʰ ɨ k̚ ˧˦
bất định	ʔ ɓ ə t̚ ˧˦ ʔ ɗ ï ŋ ˧˨ ʔ
bất đồ	ʔ ɓ ə t̚ ˧˦ ʔ ɗ o ˨˩
bất đồng	ʔ ɓ ə t̚ ˧˦ ʔ ɗ ə w ŋ͡m ˨˩
bất động	ʔ ɓ ə t̚ ˧˦ ʔ ɗ ə w ŋ͡m ˧˨ ʔ
bất động sản	ʔ ɓ ə t̚ ˧˦ ʔ ɗ ə w ŋ͡m ˧˨ ʔ s aː n ˧˩
bần	ʔ ɓ ə n ˨˩
bần cùng	ʔ ɓ ə n ˨˩ k ʊ w ŋ͡m ˨˩
bần cùng sinh đạo tặc	ʔ ɓ ə n ˨˩ k ʊ w ŋ͡m ˨˩ s ï ŋ ˧˧ ʔ ɗ aː w ˧˨ ʔ t a k̚ ˧˨ ʔ
bần hàn	ʔ ɓ ə n ˨˩ h aː n ˨˩
bần thần	ʔ ɓ ə n ˨˩ tʰ ə n ˨˩
bần tiện	ʔ ɓ ə n ˨˩ t i ə n ˧˨ ʔ
bần tăng	ʔ ɓ ə n ˨˩ t a ŋ ˧˧
bần đạo	ʔ ɓ ə n ˨˩ ʔ ɗ aː w ˧˨ ʔ
bẩm sinh	ʔ ɓ ə m ˧˩ s ï ŋ ˧˧
bẩm tính	ʔ ɓ ə m ˧˩ t ï ŋ ˧˦
bẩn	ʔ ɓ ə n ˧˩
bẩn bựa	ʔ ɓ ə n ˧˩ ʔ ɓ ɨ ə ˧˨ ʔ
bẩn thỉu	ʔ ɓ ə n ˧˩ tʰ i w ˧˩
bận	ʔ ɓ ə n ˧˨ ʔ
bận bịu	ʔ ɓ ə n ˧˨ ʔ ʔ ɓ i w ˧˨ ʔ
bận rộn	ʔ ɓ ə n ˧˨ ʔ z o n ˧˨ ʔ
bận tâm	ʔ ɓ ə n ˧˨ ʔ t ə m ˧˧
bập	ʔ ɓ ə p̚ ˧˨ ʔ
bập bênh	ʔ ɓ ə p̚ ˧˨ ʔ ʔ ɓ ə j ŋ̟ ˧˧
bập bõm	ʔ ɓ ə p̚ ˧˨ ʔ ʔ ɓ ɔ m ˦ˀ˥
bập bùng	ʔ ɓ ə p̚ ˧˨ ʔ ʔ ɓ ʊ w ŋ͡m ˨˩
bập bẹ	ʔ ɓ ə p̚ ˧˨ ʔ ʔ ɓ ɛ ˧˨ ʔ
bậu	ʔ ɓ ə w ˧˨ ʔ
bắp	ʔ ɓ a p̚ ˧˦
bắt	ʔ ɓ a t̚ ˧˦
bỉm	ʔ ɓ i m ˧˩
bỉnh bút	ʔ ɓ ï ŋ ˧˩ ʔ ɓ u t̚ ˧˦
bịn rịn	ʔ ɓ i n ˧˨ ʔ z i n ˧˨ ʔ
bịnh	ʔ ɓ ï ŋ ˧˨ ʔ
bịp	ʔ ɓ i p̚ ˧˨ ʔ
bịp bợm	ʔ ɓ i p̚ ˧˨ ʔ ʔ ɓ əː m ˧˨ ʔ
bịt	ʔ ɓ i t̚ ˧˨ ʔ
bịt miệng	ʔ ɓ i t̚ ˧˨ ʔ m i ə ŋ ˧˨ ʔ
bịt mắt	ʔ ɓ i t̚ ˧˨ ʔ m a t̚ ˧˦
bịt mắt bắt dê	ʔ ɓ i t̚ ˧˨ ʔ m a t̚ ˧˦ ʔ ɓ a t̚ ˧˦ z e ˧˧
bịt tai trộm chuông	ʔ ɓ i t̚ ˧˨ ʔ t aː j ˧˧ t͡ɕ o m ˧˨ ʔ t͡ɕ u ə ŋ ˧˧
bọ	ʔ ɓ ɔ ˧˨ ʔ
bọ chét	ʔ ɓ ɔ ˧˨ ʔ t͡ɕ ɛ t̚ ˧˦
bọ chét mèo	ʔ ɓ ɔ ˧˨ ʔ t͡ɕ ɛ t̚ ˧˦ m ɛ w ˨˩
bọ chó	ʔ ɓ ɔ ˧˨ ʔ t͡ɕ ɔ ˧˦
bọ cánh cứng	ʔ ɓ ɔ ˧˨ ʔ k a j ŋ̟ ˧˦ k ɨ ŋ ˧˦
bọ cạp	ʔ ɓ ɔ ˧˨ ʔ k aː p̚ ˧˨ ʔ
bọ dừa	ʔ ɓ ɔ ˧˨ ʔ z ɨ ə ˨˩
bọ gậy	ʔ ɓ ɔ ˧˨ ʔ ɣ ə j ˧˨ ʔ
bọ hung	ʔ ɓ ɔ ˧˨ ʔ h ʊ w ŋ͡m ˧˧
bọ ngựa	ʔ ɓ ɔ ˧˨ ʔ ŋ ɨ ə ˧˨ ʔ
bọ que	ʔ ɓ ɔ ˧˨ ʔ k w ɛ ˧˧
bọ rùa	ʔ ɓ ɔ ˧˨ ʔ z u ə ˨˩
bọ xít	ʔ ɓ ɔ ˧˨ ʔ s i t̚ ˧˦
bọc	ʔ ɓ a w k͡p̚ ˧˨ ʔ
bọn	ʔ ɓ ɔ n ˧˨ ʔ
bọng	ʔ ɓ a w ŋ͡m ˧˨ ʔ
bọng đái	ʔ ɓ a w ŋ͡m ˧˨ ʔ ʔ ɗ aː j ˧˦
bọt	ʔ ɓ ɔ t̚ ˧˨ ʔ
bọt biển	ʔ ɓ ɔ t̚ ˧˨ ʔ ʔ ɓ i ə n ˧˩
bỏ	ʔ ɓ ɔ ˧˩
bỏ bê	ʔ ɓ ɔ ˧˩ ʔ ɓ e ˧˧
bỏ bớt	ʔ ɓ ɔ ˧˩ ʔ ɓ əː t̚ ˧˦
bỏ chạy	ʔ ɓ ɔ ˧˩ t͡ɕ a j ˧˨ ʔ
bỏ cuộc	ʔ ɓ ɔ ˧˩ k u ə k̚ ˧˨ ʔ
bỏ dở	ʔ ɓ ɔ ˧˩ z əː ˧˩
bỏ lỡ	ʔ ɓ ɔ ˧˩ l əː ˦ˀ˥
bỏ mặc	ʔ ɓ ɔ ˧˩ m a k̚ ˧˨ ʔ
bỏ mẹ	ʔ ɓ ɔ ˧˩ m ɛ ˧˨ ʔ
bỏ mối	ʔ ɓ ɔ ˧˩ m o j ˧˦
bỏ mứa	ʔ ɓ ɔ ˧˩ m ɨ ə ˧˦
bỏ ngang	ʔ ɓ ɔ ˧˩ ŋ aː ŋ ˧˧
bỏ ngoài tai	ʔ ɓ ɔ ˧˩ ŋ w aː j ˨˩ t aː j ˧˧
bỏ ngỏ	ʔ ɓ ɔ ˧˩ ŋ ɔ ˧˩
bỏ nhỏ	ʔ ɓ ɔ ˧˩ ɲ ɔ ˧˩
bỏ phiếu	ʔ ɓ ɔ ˧˩ f i ə w ˧˦
bỏ qua	ʔ ɓ ɔ ˧˩ k w aː ˧˧
bỏ quên	ʔ ɓ ɔ ˧˩ k w e n ˧˧
bỏ rơi	ʔ ɓ ɔ ˧˩ z əː j ˧˧
bỏ sót	ʔ ɓ ɔ ˧˩ s ɔ t̚ ˧˦
bỏ trốn	ʔ ɓ ɔ ˧˩ t͡ɕ o n ˧˦
bỏ tù	ʔ ɓ ɔ ˧˩ t u ˨˩
bỏ túi	ʔ ɓ ɔ ˧˩ t u j ˧˦
bỏ việc	ʔ ɓ ɔ ˧˩ v i ə k̚ ˧˨ ʔ
bỏ về	ʔ ɓ ɔ ˧˩ v e ˨˩
bỏ xót	ʔ ɓ ɔ ˧˩ s ɔ t̚ ˧˦
bỏm bẻm	ʔ ɓ ɔ m ˧˩ ʔ ɓ ɛ m ˧˩
bỏng	ʔ ɓ a w ŋ͡m ˧˩
bỏng ngô	ʔ ɓ a w ŋ͡m ˧˩ ŋ o ˧˧
bố	ʔ ɓ o ˧˦
bố cáo	ʔ ɓ o ˧˦ k aː w ˧˦
bố cục	ʔ ɓ o ˧˦ k ʊ w k͡p̚ ˧˨ ʔ
bố khỉ	ʔ ɓ o ˧˦ x i ˧˩
bố mày	ʔ ɓ o ˧˦ m a j ˨˩
bố mẹ	ʔ ɓ o ˧˦ m ɛ ˧˨ ʔ
bố nó	ʔ ɓ o ˧˦ n ɔ ˧˦
bố phòng	ʔ ɓ o ˧˦ f a w ŋ͡m ˨˩
bố ráp	ʔ ɓ o ˧˦ z aː p̚ ˧˦
bố thí	ʔ ɓ o ˧˦ tʰ i ˧˦
bố trí	ʔ ɓ o ˧˦ t͡ɕ i ˧˦
bố trận	ʔ ɓ o ˧˦ t͡ɕ ə n ˧˨ ʔ
bố đường	ʔ ɓ o ˧˦ ʔ ɗ ɨ ə ŋ ˨˩
bố đời	ʔ ɓ o ˧˦ ʔ ɗ əː j ˨˩
bốc	ʔ ɓ ə w k͡p̚ ˧˦
bốc cháy	ʔ ɓ ə w k͡p̚ ˧˦ t͡ɕ a j ˧˦
bốc hoả	ʔ ɓ ə w k͡p̚ ˧˦ h w aː ˧˩
bốc phét	ʔ ɓ ə w k͡p̚ ˧˦ f ɛ t̚ ˧˦
bốc thăm	ʔ ɓ ə w k͡p̚ ˧˦ tʰ a m ˧˧
bốc đầu	ʔ ɓ ə w k͡p̚ ˧˦ ʔ ɗ ə w ˨˩
bốc đồng	ʔ ɓ ə w k͡p̚ ˧˦ ʔ ɗ ə w ŋ͡m ˨˩
bối cảnh	ʔ ɓ o j ˧˦ k a j ŋ̟ ˧˩
bối rối	ʔ ɓ o j ˧˦ z o j ˧˦
bốn	ʔ ɓ o n ˧˦
bốn bề	ʔ ɓ o n ˧˦ ʔ ɓ e ˨˩
bốn bể	ʔ ɓ o n ˧˦ ʔ ɓ e ˧˩
bốn mắt	ʔ ɓ o n ˧˦ m a t̚ ˧˦
bốn phương	ʔ ɓ o n ˧˦ f ɨ ə ŋ ˧˧
bồ	ʔ ɓ o ˨˩
bồ bịch	ʔ ɓ o ˨˩ ʔ ɓ ï k̟̚ ˧˨ ʔ
bồ các	ʔ ɓ o ˨˩ k aː k̚ ˧˦
bồ câu	ʔ ɓ o ˨˩ k ə w ˧˧
bồ côi	ʔ ɓ o ˨˩ k o j ˧˧
bồ công anh	ʔ ɓ o ˨˩ k ə w ŋ͡m ˧˧ ʔ a j ŋ̟ ˧˧
bồ hòn	ʔ ɓ o ˨˩ h ɔ n ˨˩
bồ hóng	ʔ ɓ o ˨˩ h a w ŋ͡m ˧˦
bồ kết	ʔ ɓ o ˨˩ k e t̚ ˧˦
bồ nhí	ʔ ɓ o ˨˩ ɲ i ˧˦
bồ nông	ʔ ɓ o ˨˩ n ə w ŋ͡m ˧˧
bồ tát	ʔ ɓ o ˨˩ t aː t̚ ˧˦
bồ đào cầu khuẩn	ʔ ɓ o ˨˩ ʔ ɗ aː w ˨˩ k ə w ˨˩ x w ə n ˧˩
bồ đề	ʔ ɓ o ˨˩ ʔ ɗ e ˨˩
bồ đề tâm	ʔ ɓ o ˨˩ ʔ ɗ e ˨˩ t ə m ˧˧
bồi	ʔ ɓ o j ˨˩
bồi bàn	ʔ ɓ o j ˨˩ ʔ ɓ aː n ˨˩
bồi bút	ʔ ɓ o j ˨˩ ʔ ɓ u t̚ ˧˦
bồi bếp	ʔ ɓ o j ˨˩ ʔ ɓ e p̚ ˧˦
bồi bổ	ʔ ɓ o j ˨˩ ʔ ɓ o ˧˩
bồi dưỡng	ʔ ɓ o j ˨˩ z ɨ ə ŋ ˦ˀ˥
bồi hoàn	ʔ ɓ o j ˨˩ h w aː n ˨˩
bồi hồi	ʔ ɓ o j ˨˩ h o j ˨˩
bồi thường	ʔ ɓ o j ˨˩ tʰ ɨ ə ŋ ˨˩
bồi thẩm	ʔ ɓ o j ˨˩ tʰ ə m ˧˩
bồi thẩm đoàn	ʔ ɓ o j ˨˩ tʰ ə m ˧˩ ʔ ɗ w aː n ˨˩
bồi tự	ʔ ɓ o j ˨˩ t ɨ ˧˨ ʔ
bồi đắp	ʔ ɓ o j ˨˩ ʔ ɗ a p̚ ˧˦
bồm	ʔ ɓ o m ˨˩
bồm bộp	ʔ ɓ o m ˨˩ ʔ ɓ o p̚ ˧˨ ʔ
bồn	ʔ ɓ o n ˨˩
bồn binh	ʔ ɓ o n ˨˩ ʔ ɓ ï ŋ ˧˧
bồn chồn	ʔ ɓ o n ˨˩ t͡ɕ o n ˨˩
bồn cầu	ʔ ɓ o n ˨˩ k ə w ˨˩
bồn tắm	ʔ ɓ o n ˨˩ t a m ˧˦
bồn địa	ʔ ɓ o n ˨˩ ʔ ɗ i ə ˧˨ ʔ
bổ	ʔ ɓ o ˧˩
bổ chính	ʔ ɓ o ˧˩ t͡ɕ ï ŋ ˧˦
bổ củi	ʔ ɓ o ˧˩ k u j ˧˩
bổ dưỡng	ʔ ɓ o ˧˩ z ɨ ə ŋ ˦ˀ˥
bổ dụng	ʔ ɓ o ˧˩ z ʊ w ŋ͡m ˧˨ ʔ
bổ khuyết	ʔ ɓ o ˧˩ x w i ə t̚ ˧˦
bổ nghĩa	ʔ ɓ o ˧˩ ŋ i ə ˦ˀ˥
bổ ngữ	ʔ ɓ o ˧˩ ŋ ɨ ˦ˀ˥
bổ nhiệm	ʔ ɓ o ˧˩ ɲ i ə m ˧˨ ʔ
bổ sung	ʔ ɓ o ˧˩ s ʊ w ŋ͡m ˧˧
bổ thể	ʔ ɓ o ˧˩ tʰ e ˧˩
bổ túc	ʔ ɓ o ˧˩ t ʊ w k͡p̚ ˧˦
bổ tử	ʔ ɓ o ˧˩ t ɨ ˧˩
bổ ích	ʔ ɓ o ˧˩ ʔ ï k̟̚ ˧˦
bổ đề	ʔ ɓ o ˧˩ ʔ ɗ e ˨˩
bổi	ʔ ɓ o j ˧˩
bổi hổi	ʔ ɓ o j ˧˩ h o j ˧˩
bổn	ʔ ɓ o n ˧˩
bổn cũ soạn lại	ʔ ɓ o n ˧˩ k u ˦ˀ˥ s w aː n ˧˨ ʔ l aː j ˧˨ ʔ
bổn phận	ʔ ɓ o n ˧˩ f ə n ˧˨ ʔ
bỗ bã	ʔ ɓ o ˦ˀ˥ ʔ ɓ aː ˦ˀ˥
bộ	ʔ ɓ o ˧˨ ʔ
bộ Anh	ʔ ɓ o ˧˨ ʔ ʔ a j ŋ̟ ˧˧
bộ ba	ʔ ɓ o ˧˨ ʔ ʔ ɓ aː ˧˧
bộ binh	ʔ ɓ o ˧˨ ʔ ʔ ɓ ï ŋ ˧˧
bộ bài	ʔ ɓ o ˧˨ ʔ ʔ ɓ aː j ˨˩
bộ bài Tây	ʔ ɓ o ˧˨ ʔ ʔ ɓ aː j ˨˩ t ə j ˧˧
bộ bảy	ʔ ɓ o ˧˨ ʔ ʔ ɓ a j ˧˩
bộ chính trị	ʔ ɓ o ˧˨ ʔ t͡ɕ ï ŋ ˧˦ t͡ɕ i ˧˨ ʔ
bộ chế hoà khí	ʔ ɓ o ˧˨ ʔ t͡ɕ e ˧˦ h w aː ˨˩ x i ˧˦
bộ dạng	ʔ ɓ o ˧˨ ʔ z aː ŋ ˧˨ ʔ
bộ gõ	ʔ ɓ o ˧˨ ʔ ɣ ɔ ˦ˀ˥
bộ hành	ʔ ɓ o ˧˨ ʔ h a j ŋ̟ ˨˩
bộ hạ	ʔ ɓ o ˧˨ ʔ h aː ˧˨ ʔ
bộ luật	ʔ ɓ o ˧˨ ʔ l w ə t̚ ˧˨ ʔ
bộ luật dân sự	ʔ ɓ o ˧˨ ʔ l w ə t̚ ˧˨ ʔ z ə n ˧˧ s ɨ ˧˨ ʔ
bộ luật hình sự	ʔ ɓ o ˧˨ ʔ l w ə t̚ ˧˨ ʔ h ï ŋ ˨˩ s ɨ ˧˨ ʔ
bộ lạc	ʔ ɓ o ˧˨ ʔ l aː k̚ ˧˨ ʔ
bộ máy	ʔ ɓ o ˧˨ ʔ m a j ˧˦
bộ môn	ʔ ɓ o ˧˨ ʔ m o n ˧˧
bộ mặt	ʔ ɓ o ˧˨ ʔ m a t̚ ˧˨ ʔ
bộ nhớ	ʔ ɓ o ˧˨ ʔ ɲ əː ˧˦
bộ nhớ truy cập ngẫu nhiên	ʔ ɓ o ˧˨ ʔ ɲ əː ˧˦ t͡ɕ w i ˧˧ k ə p̚ ˧˨ ʔ ŋ ə w ˦ˀ˥ ɲ i ə n ˧˧
bộ nhớ đệm	ʔ ɓ o ˧˨ ʔ ɲ əː ˧˦ ʔ ɗ e m ˧˨ ʔ
bộ nhớ ảo	ʔ ɓ o ˧˨ ʔ ɲ əː ˧˦ ʔ aː w ˧˩
bộ năm	ʔ ɓ o ˧˨ ʔ n a m ˧˧
bộ phận	ʔ ɓ o ˧˨ ʔ f ə n ˧˨ ʔ
bộ sáu	ʔ ɓ o ˧˨ ʔ s a w ˧˦
bộ sậu	ʔ ɓ o ˧˨ ʔ s ə w ˧˨ ʔ
bộ thủ	ʔ ɓ o ˧˨ ʔ tʰ u ˧˩
bộ trưởng	ʔ ɓ o ˧˨ ʔ t͡ɕ ɨ ə ŋ ˧˩
bộ tám	ʔ ɓ o ˧˨ ʔ t aː m ˧˦
bộ tộc	ʔ ɓ o ˧˨ ʔ t ə w k͡p̚ ˧˨ ʔ
bộ tứ	ʔ ɓ o ˧˨ ʔ t ɨ ˧˦
bộ vuông	ʔ ɓ o ˧˨ ʔ v u ə ŋ ˧˧
bộ xương	ʔ ɓ o ˧˨ ʔ s ɨ ə ŋ ˧˧
bộ xử lí	ʔ ɓ o ˧˨ ʔ s ɨ ˧˩ l i ˧˦
bộ xử lí trung tâm	ʔ ɓ o ˧˨ ʔ s ɨ ˧˩ l i ˧˦ t͡ɕ ʊ w ŋ͡m ˧˧ t ə m ˧˧
bộ óc	ʔ ɓ o ˧˨ ʔ ʔ a w k͡p̚ ˧˦
bộ điệu	ʔ ɓ o ˧˨ ʔ ʔ ɗ i ə w ˧˨ ʔ
bộ đôi	ʔ ɓ o ˧˨ ʔ ʔ ɗ o j ˧˧
bộ đồ	ʔ ɓ o ˧˨ ʔ ʔ ɗ o ˨˩
bộ đội	ʔ ɓ o ˧˨ ʔ ʔ ɗ o j ˧˨ ʔ
bộc bạch	ʔ ɓ ə w k͡p̚ ˧˨ ʔ ʔ ɓ a j k̟̚ ˧˨ ʔ
bộc lộ	ʔ ɓ ə w k͡p̚ ˧˨ ʔ l o ˧˨ ʔ
bộc phát	ʔ ɓ ə w k͡p̚ ˧˨ ʔ f aː t̚ ˧˦
bộc trực	ʔ ɓ ə w k͡p̚ ˧˨ ʔ t͡ɕ ɨ k̚ ˧˨ ʔ
bội	ʔ ɓ o j ˧˨ ʔ
bội bạc	ʔ ɓ o j ˧˨ ʔ ʔ ɓ aː k̚ ˧˨ ʔ
bội chi	ʔ ɓ o j ˧˨ ʔ t͡ɕ i ˧˧
bội chung nhỏ nhất	ʔ ɓ o j ˧˨ ʔ t͡ɕ ʊ w ŋ͡m ˧˧ ɲ ɔ ˧˩ ɲ ə t̚ ˧˦
bội nghịch	ʔ ɓ o j ˧˨ ʔ ŋ ï k̟̚ ˧˨ ʔ
bội phản	ʔ ɓ o j ˧˨ ʔ f aː n ˧˩
bội phần	ʔ ɓ o j ˧˨ ʔ f ə n ˨˩
bội số	ʔ ɓ o j ˧˨ ʔ s o ˧˦
bội số chung nhỏ nhất	ʔ ɓ o j ˧˨ ʔ s o ˧˦ t͡ɕ ʊ w ŋ͡m ˧˧ ɲ ɔ ˧˩ ɲ ə t̚ ˧˦
bội thu	ʔ ɓ o j ˧˨ ʔ tʰ u ˧˧
bội thực	ʔ ɓ o j ˧˨ ʔ tʰ ɨ k̚ ˧˨ ʔ
bội tinh	ʔ ɓ o j ˧˨ ʔ t ï ŋ ˧˧
bội tín	ʔ ɓ o j ˧˨ ʔ t i n ˧˦
bội ước	ʔ ɓ o j ˧˨ ʔ ʔ ɨ ə k̚ ˧˦
bộn	ʔ ɓ o n ˧˨ ʔ
bớ	ʔ ɓ əː ˧˦
bới	ʔ ɓ əː j ˧˦
bới lông tìm vết	ʔ ɓ əː j ˧˦ l ə w ŋ͡m ˧˧ t i m ˨˩ v e t̚ ˧˦
bới móc	ʔ ɓ əː j ˧˦ m a w k͡p̚ ˧˦
bớn	ʔ ɓ əː n ˧˦
bớp	ʔ ɓ əː p̚ ˧˦
bớt	ʔ ɓ əː t̚ ˧˦
bớt miệng	ʔ ɓ əː t̚ ˧˦ m i ə ŋ ˧˨ ʔ
bờ	ʔ ɓ əː ˨˩
bờ bến	ʔ ɓ əː ˨˩ ʔ ɓ e n ˧˦
bờ kè	ʔ ɓ əː ˨˩ k ɛ ˨˩
bờ lốc	ʔ ɓ əː ˨˩ l ə w k͡p̚ ˧˦
bờ mẫu	ʔ ɓ əː ˨˩ m ə w ˦ˀ˥
bời lời	ʔ ɓ əː j ˨˩ l əː j ˨˩
bờm	ʔ ɓ əː m ˨˩
bờm xờm	ʔ ɓ əː m ˨˩ s əː m ˨˩
bở	ʔ ɓ əː ˧˩
bở hơi tai	ʔ ɓ əː ˧˩ h əː j ˧˧ t aː j ˧˧
bởi	ʔ ɓ əː j ˧˩
bởi chưng	ʔ ɓ əː j ˧˩ t͡ɕ ɨ ŋ ˧˧
bởi lẽ	ʔ ɓ əː j ˧˩ l ɛ ˦ˀ˥
bởi thế	ʔ ɓ əː j ˧˩ tʰ e ˧˦
bởi vì	ʔ ɓ əː j ˧˩ v i ˨˩
bởi vậy	ʔ ɓ əː j ˧˩ v ə j ˧˨ ʔ
bỡ ngỡ	ʔ ɓ əː ˦ˀ˥ ŋ əː ˦ˀ˥
bỡn	ʔ ɓ əː n ˦ˀ˥
bỡn cợt	ʔ ɓ əː n ˦ˀ˥ k əː t̚ ˧˨ ʔ
bợ	ʔ ɓ əː ˧˨ ʔ
bợ đỡ	ʔ ɓ əː ˧˨ ʔ ʔ ɗ əː ˦ˀ˥
bợm	ʔ ɓ əː m ˧˨ ʔ
bợm bãi	ʔ ɓ əː m ˧˨ ʔ ʔ ɓ aː j ˦ˀ˥
bợm nhậu	ʔ ɓ əː m ˧˨ ʔ ɲ ə w ˧˨ ʔ
bợn	ʔ ɓ əː n ˧˨ ʔ
bụ	ʔ ɓ u ˧˨ ʔ
bụ bẫm	ʔ ɓ u ˧˨ ʔ ʔ ɓ ə m ˦ˀ˥
bục	ʔ ɓ ʊ w k͡p̚ ˧˨ ʔ
bục giảng	ʔ ɓ ʊ w k͡p̚ ˧˨ ʔ z aː ŋ ˧˩
bục mặt	ʔ ɓ ʊ w k͡p̚ ˧˨ ʔ m a t̚ ˧˨ ʔ
bụi	ʔ ɓ u j ˧˨ ʔ
bụi bặm	ʔ ɓ u j ˧˨ ʔ ʔ ɓ a m ˧˨ ʔ
bụi hồng	ʔ ɓ u j ˧˨ ʔ h ə w ŋ͡m ˨˩
bụi đời	ʔ ɓ u j ˧˨ ʔ ʔ ɗ əː j ˨˩
bụm	ʔ ɓ u m ˧˨ ʔ
bụng	ʔ ɓ ʊ w ŋ͡m ˧˨ ʔ
bụng chân	ʔ ɓ ʊ w ŋ͡m ˧˨ ʔ t͡ɕ ə n ˧˧
bụng cấp	ʔ ɓ ʊ w ŋ͡m ˧˨ ʔ k ə p̚ ˧˦
bụng dạ	ʔ ɓ ʊ w ŋ͡m ˧˨ ʔ z aː ˧˨ ʔ
bụp giấm	ʔ ɓ u p̚ ˧˨ ʔ z ə m ˧˦
bủa	ʔ ɓ u ə ˧˩
bủa vây	ʔ ɓ u ə ˧˩ v ə j ˧˧
bủh	ʔ ɓ u ˧˩
bủh	ʔ ɓ ɹ əː ˨˩
bủn	ʔ ɓ u n ˧˩
bủn rủn	ʔ ɓ u n ˧˩ z u n ˧˩
bủn xỉn	ʔ ɓ u n ˧˩ s i n ˧˩
bủng	ʔ ɓ ʊ w ŋ͡m ˧˩
bứa	ʔ ɓ ɨ ə ˧˦
bức	ʔ ɓ ɨ k̚ ˧˦
bức bách	ʔ ɓ ɨ k̚ ˧˦ ʔ ɓ a j k̟̚ ˧˦
bức bí	ʔ ɓ ɨ k̚ ˧˦ ʔ ɓ i ˧˦
bức bối	ʔ ɓ ɨ k̚ ˧˦ ʔ ɓ o j ˧˦
bức rút	ʔ ɓ ɨ k̚ ˧˦ z u t̚ ˧˦
bức thiết	ʔ ɓ ɨ k̚ ˧˦ tʰ i ə t̚ ˧˦
bức tử	ʔ ɓ ɨ k̚ ˧˦ t ɨ ˧˩
bức xúc	ʔ ɓ ɨ k̚ ˧˦ s ʊ w k͡p̚ ˧˦
bức xạ	ʔ ɓ ɨ k̚ ˧˦ s aː ˧˨ ʔ
bức xạ điện từ	ʔ ɓ ɨ k̚ ˧˦ s aː ˧˨ ʔ ʔ ɗ i ə n ˧˨ ʔ t ɨ ˨˩
bứng	ʔ ɓ ɨ ŋ ˧˦
bứt	ʔ ɓ ɨ t̚ ˧˦
bứt phá	ʔ ɓ ɨ t̚ ˧˦ f aː ˧˦
bứt rứt	ʔ ɓ ɨ t̚ ˧˦ z ɨ t̚ ˧˦
bứt tốc	ʔ ɓ ɨ t̚ ˧˦ t ə w k͡p̚ ˧˦
bừa	ʔ ɓ ɨ ə ˨˩
bừa bãi	ʔ ɓ ɨ ə ˨˩ ʔ ɓ aː j ˦ˀ˥
bừa bộn	ʔ ɓ ɨ ə ˨˩ ʔ ɓ o n ˧˨ ʔ
bừng	ʔ ɓ ɨ ŋ ˨˩
bửa	ʔ ɓ ɨ ə ˧˩
bửn	ʔ ɓ ɨ n ˧˩
bửu bối	ʔ ɓ i w ˧˩ ʔ ɓ o j ˧˦
bữa	ʔ ɓ ɨ ə ˦ˀ˥
bữa cơm	ʔ ɓ ɨ ə ˦ˀ˥ k əː m ˧˧
bữa diếp	ʔ ɓ ɨ ə ˦ˀ˥ z i ə p̚ ˧˦
bữa hổm	ʔ ɓ ɨ ə ˦ˀ˥ h o m ˧˩
bữa nay	ʔ ɓ ɨ ə ˦ˀ˥ n a j ˧˧
bữa ăn	ʔ ɓ ɨ ə ˦ˀ˥ ʔ a n ˧˧
bự	ʔ ɓ ɨ ˧˨ ʔ
bự đùng	ʔ ɓ ɨ ˧˨ ʔ ʔ ɗ ʊ w ŋ͡m ˨˩
bựa	ʔ ɓ ɨ ə ˧˨ ʔ
bực	ʔ ɓ ɨ k̚ ˧˨ ʔ
bực bội	ʔ ɓ ɨ k̚ ˧˨ ʔ ʔ ɓ o j ˧˨ ʔ
bực dọc	ʔ ɓ ɨ k̚ ˧˨ ʔ z a w k͡p̚ ˧˨ ʔ
bực mình	ʔ ɓ ɨ k̚ ˧˨ ʔ m ï ŋ ˨˩
bực tức	ʔ ɓ ɨ k̚ ˧˨ ʔ t ɨ k̚ ˧˦
c	k əː ˨˩
c	s e ˧˧
ca	k aː ˧˧
ca dao	k aː ˧˧ z aː w ˧˧
ca dé	k aː ˧˧ z ɛ ˧˦
ca hát	k aː ˧˧ h aː t̚ ˧˦
ca khúc	k aː ˧˧ x ʊ w k͡p̚ ˧˦
ca kíp	k aː ˧˧ k i p̚ ˧˦
ca kịch	k aː ˧˧ k ï k̟̚ ˧˨ ʔ
ca mắc	k aː ˧˧ m a k̚ ˧˦
ca ngợi	k aː ˧˧ ŋ əː j ˧˨ ʔ
ca nhạc	k aː ˧˧ ɲ aː k̚ ˧˨ ʔ
ca nô	k aː ˧˧ n o ˧˧
ca ri	k aː ˧˧ z i ˧˧
ca sĩ	k aː ˧˧ s i ˦ˀ˥
ca trù	k aː ˧˧ t͡ɕ u ˨˩
ca tụng	k aː ˧˧ t ʊ w ŋ͡m ˧˨ ʔ
ca từ	k aː ˧˧ t ɨ ˨˩
ca ve	k aː ˧˧ v ɛ ˧˧
ca vát	k aː ˧˧ v aː t̚ ˧˦
ca vũ	k aː ˧˧ v u ˦ˀ˥
ca đoàn	k aː ˧˧ ʔ ɗ w aː n ˨˩
cacbon	k aː k̚ ˧˦ ʔ ɓ ɔ n ˧˧
cacbon	k aː k̚ ˧˨ ʔ ʔ ɓ ɔ n ˧˧
cacbon đioxit	k aː k̚ ˧˦ ʔ ɓ ɔ n ˧˧ ʔ ɗ i ˧˧ ʔ o ˧˧ s i t̚ ˧˦
cai	k aː j ˧˧
cai cơ	k aː j ˧˧ k əː ˧˧
cai nghiện	k aː j ˧˧ ŋ i ə n ˧˨ ʔ
cai quản	k aː j ˧˧ k w aː n ˧˩
cai sữa	k aː j ˧˧ s ɨ ə ˦ˀ˥
cai trị	k aː j ˧˧ t͡ɕ i ˧˨ ʔ
cai đội	k aː j ˧˧ ʔ ɗ o j ˧˨ ʔ
califoni	k aː ˧˧ l i ˧˧ f ɔ ˧˧ n i ˧˧
cam	k aː m ˧˧
cam chịu	k aː m ˧˧ t͡ɕ i w ˧˨ ʔ
cam go	k aː m ˧˧ ɣ ɔ ˧˧
cam kết	k aː m ˧˧ k e t̚ ˧˦
cam nhông	k aː m ˧˧ ɲ ə w ŋ͡m ˧˧
cam sành	k aː m ˧˧ s a j ŋ̟ ˨˩
cam thảo	k aː m ˧˧ tʰ aː w ˧˩
cam tâm	k aː m ˧˧ t ə m ˧˧
cam vắt	k aː m ˧˧ v a t̚ ˧˦
cam đoan	k aː m ˧˧ ʔ ɗ w aː n ˧˧
can	k aː n ˧˧
can chi	k aː n ˧˧ t͡ɕ i ˧˧
can dự	k aː n ˧˧ z ɨ ˧˨ ʔ
can gián	k aː n ˧˧ z aː n ˧˦
can hệ	k aː n ˧˧ h e ˧˨ ʔ
can khương	k aː n ˧˧ x ɨ ə ŋ ˧˧
can liên	k aː n ˧˧ l i ə n ˧˧
can ngăn	k aː n ˧˧ ŋ a n ˧˧
can qua	k aː n ˧˧ k w aː ˧˧
can thiệp	k aː n ˧˧ tʰ i ə p̚ ˧˨ ʔ
can trường	k aː n ˧˧ t͡ɕ ɨ ə ŋ ˨˩
can đảm	k aː n ˧˧ ʔ ɗ aː m ˧˩
canh	k a j ŋ̟ ˧˧
canh chua	k a j ŋ̟ ˧˧ t͡ɕ u ə ˧˧
canh chừng	k a j ŋ̟ ˧˧ t͡ɕ ɨ ŋ ˨˩
canh cánh	k a j ŋ̟ ˧˧ k a j ŋ̟ ˧˦
canh giữ	k a j ŋ̟ ˧˧ z ɨ ˦ˀ˥
canh gác	k a j ŋ̟ ˧˧ ɣ aː k̚ ˧˦
canh ki na	k a j ŋ̟ ˧˧ k i ˧˧ n aː ˧˧
canh me	k a j ŋ̟ ˧˧ m ɛ ˧˧
canh nông	k a j ŋ̟ ˧˧ n ə w ŋ͡m ˧˧
canh phòng	k a j ŋ̟ ˧˧ f a w ŋ͡m ˨˩
canh tác	k a j ŋ̟ ˧˧ t aː k̚ ˧˦
canh tân	k a j ŋ̟ ˧˧ t ə n ˧˧
canxi	k aː n ˧˧ s i ˧˧
cao	k aː w ˧˧
cao bồi	k aː w ˧˧ ʔ ɓ o j ˨˩
cao chạy xa bay	k aː w ˧˧ t͡ɕ a j ˧˨ ʔ s aː ˧˧ ʔ ɓ a j ˧˧
cao cán	k aː w ˧˧ k aː n ˧˦
cao cường	k aː w ˧˧ k ɨ ə ŋ ˨˩
cao cả	k aː w ˧˧ k aː ˧˩
cao cấp	k aː w ˧˧ k ə p̚ ˧˦
cao danh quý tính	k aː w ˧˧ z a j ŋ̟ ˧˧ k w i ˧˦ t ï ŋ ˧˦
cao huyết áp	k aː w ˧˧ h w i ə t̚ ˧˦ ʔ aː p̚ ˧˦
cao học	k aː w ˧˧ h a w k͡p̚ ˧˨ ʔ
cao hổ cốt	k aː w ˧˧ h o ˧˩ k o t̚ ˧˦
cao hứng	k aː w ˧˧ h ɨ ŋ ˧˦
cao khảo	k aː w ˧˧ x aː w ˧˩
cao kiến	k aː w ˧˧ k i ə n ˧˦
cao kều	k aː w ˧˧ k e w ˨˩
cao lương	k aː w ˧˧ l ɨ ə ŋ ˧˧
cao lương mĩ vị	k aː w ˧˧ l ɨ ə ŋ ˧˧ m i ˦ˀ˥ v i ˧˨ ʔ
cao lương mỹ vị	k aː w ˧˧ l ɨ ə ŋ ˧˧ m i ˦ˀ˥ v i ˧˨ ʔ
cao lầu	k aː w ˧˧ l ə w ˨˩
cao lớn	k aː w ˧˧ l əː n ˧˦
cao điểm	k aː w ˧˧ ʔ ɗ i ə m ˧˩
cao đẳng	k aː w ˧˧ ʔ ɗ a ŋ ˧˩
cao đẹp	k aː w ˧˧ ʔ ɗ ɛ p̚ ˧˨ ʔ
cao địa	k aː w ˧˧ ʔ ɗ i ə ˧˨ ʔ
cao độ	k aː w ˧˧ ʔ ɗ o ˧˨ ʔ
cap	k aː p̚ ˧˦
capo	k aː ˧˧ p o ˧˧
cađimi	k aː ˧˧ ʔ ɗ i ˧˧ m i ˧˧
ch	s e ˧˧ h aː t̚ ˧˦
ch	t͡ɕ əː ˨˩
ch	t͡ɕ əː ˨˩ ɲ ɛ ˧˨ ʔ
cha	t͡ɕ aː ˧˧
chay	t͡ɕ a j ˧˧
che	t͡ɕ ɛ ˧˧
che chắn	t͡ɕ ɛ ˧˧ t͡ɕ a n ˧˦
che chở	t͡ɕ ɛ ˧˧ t͡ɕ əː ˧˩
che giấu	t͡ɕ ɛ ˧˧ z ə w ˧˦
che khuất	t͡ɕ ɛ ˧˧ x w ə t̚ ˧˦
che kín	t͡ɕ ɛ ˧˧ k i n ˧˦
che mờ	t͡ɕ ɛ ˧˧ m əː ˨˩
che phủ	t͡ɕ ɛ ˧˧ f u ˧˩
che đậy	t͡ɕ ɛ ˧˧ ʔ ɗ ə j ˧˨ ʔ
check	t͡ɕ ə j k̟̚ ˧˦
chem chép	t͡ɕ ɛ m ˧˧ t͡ɕ ɛ p̚ ˧˦
chen	t͡ɕ ɛ n ˧˧
chen chúc	t͡ɕ ɛ n ˧˧ t͡ɕ ʊ w k͡p̚ ˧˦
chen lấn	t͡ɕ ɛ n ˧˧ l ə n ˧˦
cheo	t͡ɕ ɛ w ˧˧
cheo cheo	t͡ɕ ɛ w ˧˧ t͡ɕ ɛ w ˧˧
cheo leo	t͡ɕ ɛ w ˧˧ l ɛ w ˧˧
chi	t͡ɕ i ˧˧
chi bằng	t͡ɕ i ˧˧ ʔ ɓ a ŋ ˨˩
chi bộ	t͡ɕ i ˧˧ ʔ ɓ o ˧˨ ʔ
chi chiết	t͡ɕ i ˧˧ t͡ɕ i ə t̚ ˧˦
chi chít	t͡ɕ i ˧˧ t͡ɕ i t̚ ˧˦
chi cấp	t͡ɕ i ˧˧ k ə p̚ ˧˦
chi cục	t͡ɕ i ˧˧ k ʊ w k͡p̚ ˧˨ ʔ
chi dùng	t͡ɕ i ˧˧ z ʊ w ŋ͡m ˨˩
chi hội	t͡ɕ i ˧˧ h o j ˧˨ ʔ
chi li	t͡ɕ i ˧˧ l i ˧˧
chi lưu	t͡ɕ i ˧˧ l i w ˧˧
chi nhánh	t͡ɕ i ˧˧ ɲ a j ŋ̟ ˧˦
chi phiếu	t͡ɕ i ˧˧ f i ə w ˧˦
chi phí	t͡ɕ i ˧˧ f i ˧˦
chi phối	t͡ɕ i ˧˧ f o j ˧˦
chi sau	t͡ɕ i ˧˧ s a w ˧˧
chi thu	t͡ɕ i ˧˧ tʰ u ˧˧
chi tiêu	t͡ɕ i ˧˧ t i ə w ˧˧
chi tiết	t͡ɕ i ˧˧ t i ə t̚ ˧˦
chi đoàn	t͡ɕ i ˧˧ ʔ ɗ w aː n ˨˩
chi đội	t͡ɕ i ˧˧ ʔ ɗ o j ˧˨ ʔ
chi đội trưởng	t͡ɕ i ˧˧ ʔ ɗ o j ˧˨ ʔ t͡ɕ ɨ ə ŋ ˧˩
chin	t͡ɕ i n ˧˧
chip	t͡ɕ i p̚ ˧˦
chiu	t͡ɕ i w ˧˧
chiu chít	t͡ɕ i w ˧˧ t͡ɕ i t̚ ˧˦
chiu chíu	t͡ɕ i w ˧˧ t͡ɕ i w ˧˦
chiên	t͡ɕ i ə n ˧˧
chiếm	t͡ɕ i ə m ˧˦
cho	t͡ɕ ɔ ˧˧
cho biết	t͡ɕ ɔ ˧˧ ʔ ɓ i ə t̚ ˧˦
cho dù	t͡ɕ ɔ ˧˧ z u ˨˩
cho hay	t͡ɕ ɔ ˧˧ h a j ˧˧
cho không	t͡ɕ ɔ ˧˧ x ə w ŋ͡m ˧˧
cho là	t͡ɕ ɔ ˧˧ l aː ˨˩
cho nên	t͡ɕ ɔ ˧˧ n e n ˧˧
cho phép	t͡ɕ ɔ ˧˧ f ɛ p̚ ˧˦
cho rằng	t͡ɕ ɔ ˧˧ z a ŋ ˨˩
cho thuê	t͡ɕ ɔ ˧˧ tʰ w e ˧˧
cho thấy	t͡ɕ ɔ ˧˧ tʰ ə j ˧˦
cho tên	t͡ɕ ɔ ˧˧ t e n ˧˧
cho đến	t͡ɕ ɔ ˧˧ ʔ ɗ e n ˧˦
choa	t͡ɕ w aː ˧˧
choai	t͡ɕ w aː j ˧˧
choe choé	t͡ɕ w ɛ ˧˧ t͡ɕ w ɛ ˧˦
choi choi	t͡ɕ ɔ j ˧˧ t͡ɕ ɔ j ˧˧
chon chót	t͡ɕ ɔ n ˧˧ t͡ɕ ɔ t̚ ˧˦
chong	t͡ɕ a w ŋ͡m ˧˧
chong chóng	t͡ɕ a w ŋ͡m ˧˧ t͡ɕ a w ŋ͡m ˧˦
choài	t͡ɕ w aː j ˨˩
choàng	t͡ɕ w aː ŋ ˨˩
choán	t͡ɕ w aː n ˧˦
choáng	t͡ɕ w aː ŋ ˧˦
choáng ngợp	t͡ɕ w aː ŋ ˧˦ ŋ əː p̚ ˧˨ ʔ
choáng váng	t͡ɕ w aː ŋ ˧˦ v aː ŋ ˧˦
choãi	t͡ɕ w aː j ˦ˀ˥
choé	t͡ɕ w ɛ ˧˦
choại	t͡ɕ w aː j ˧˨ ʔ
choảng	t͡ɕ w aː ŋ ˧˩
choắt	t͡ɕ w a t̚ ˧˦
chu	t͡ɕ u ˧˧
chu cha	t͡ɕ u ˧˧ t͡ɕ aː ˧˧
chu choa	t͡ɕ u ˧˧ t͡ɕ w aː ˧˧
chu cấp	t͡ɕ u ˧˧ k ə p̚ ˧˦
chu du	t͡ɕ u ˧˧ z u ˧˧
chu kì	t͡ɕ u ˧˧ k i ˨˩
chu kì bán rã	t͡ɕ u ˧˧ k i ˨˩ ʔ ɓ aː n ˧˦ z aː ˦ˀ˥
chu kì tế bào	t͡ɕ u ˧˧ k i ˨˩ t e ˧˦ ʔ ɓ aː w ˨˩
chu niên	t͡ɕ u ˧˧ n i ə n ˧˧
chu sa	t͡ɕ u ˧˧ s aː ˧˧
chu toàn	t͡ɕ u ˧˧ t w aː n ˨˩
chu trình	t͡ɕ u ˧˧ t͡ɕ ï ŋ ˨˩
chu tất	t͡ɕ u ˧˧ t ə t̚ ˧˦
chu vi	t͡ɕ u ˧˧ v i ˧˧
chu đáo	t͡ɕ u ˧˧ ʔ ɗ aː w ˧˦
chua	t͡ɕ u ə ˧˧
chua chát	t͡ɕ u ə ˧˧ t͡ɕ aː t̚ ˧˦
chua lè	t͡ɕ u ə ˧˧ l ɛ ˨˩
chua ngoa	t͡ɕ u ə ˧˧ ŋ w aː ˧˧
chui	t͡ɕ u j ˧˧
chui lủi	t͡ɕ u j ˧˧ l u j ˧˩
chui nhủi	t͡ɕ u j ˧˧ ɲ u j ˧˩
chum	t͡ɕ u m ˧˧
chung	t͡ɕ ʊ w ŋ͡m ˧˧
chung chiêng	t͡ɕ ʊ w ŋ͡m ˧˧ t͡ɕ i ə ŋ ˧˧
chung chung	t͡ɕ ʊ w ŋ͡m ˧˧ t͡ɕ ʊ w ŋ͡m ˧˧
chung chạ	t͡ɕ ʊ w ŋ͡m ˧˧ t͡ɕ aː ˧˨ ʔ
chung cuộc	t͡ɕ ʊ w ŋ͡m ˧˧ k u ə k̚ ˧˨ ʔ
chung cư	t͡ɕ ʊ w ŋ͡m ˧˧ k ɨ ˧˧
chung khảo	t͡ɕ ʊ w ŋ͡m ˧˧ x aː w ˧˩
chung kết	t͡ɕ ʊ w ŋ͡m ˧˧ k e t̚ ˧˦
chung quanh	t͡ɕ ʊ w ŋ͡m ˧˧ k w a j ŋ̟ ˧˧
chung quy	t͡ɕ ʊ w ŋ͡m ˧˧ k w i ˧˧
chung sức	t͡ɕ ʊ w ŋ͡m ˧˧ s ɨ k̚ ˧˦
chung thuỷ	t͡ɕ ʊ w ŋ͡m ˧˧ tʰ w i ˧˩
chung thân	t͡ɕ ʊ w ŋ͡m ˧˧ tʰ ə n ˧˧
chung tình	t͡ɕ ʊ w ŋ͡m ˧˧ t ï ŋ ˨˩
chung đụng	t͡ɕ ʊ w ŋ͡m ˧˧ ʔ ɗ ʊ w ŋ͡m ˧˨ ʔ
chuyên	t͡ɕ w i ə n ˧˧
chuyên biệt	t͡ɕ w i ə n ˧˧ ʔ ɓ i ə t̚ ˧˨ ʔ
chuyên chính	t͡ɕ w i ə n ˧˧ t͡ɕ ï ŋ ˧˦
chuyên chính tư sản	t͡ɕ w i ə n ˧˧ t͡ɕ ï ŋ ˧˦ t ɨ ˧˧ s aː n ˧˩
chuyên chính vô sản	t͡ɕ w i ə n ˧˧ t͡ɕ ï ŋ ˧˦ v o ˧˧ s aː n ˧˩
chuyên chú	t͡ɕ w i ə n ˧˧ t͡ɕ u ˧˦
chuyên chế	t͡ɕ w i ə n ˧˧ t͡ɕ e ˧˦
chuyên chở	t͡ɕ w i ə n ˧˧ t͡ɕ əː ˧˩
chuyên cơ	t͡ɕ w i ə n ˧˧ k əː ˧˧
chuyên cần	t͡ɕ w i ə n ˧˧ k ə n ˨˩
chuyên dụng	t͡ɕ w i ə n ˧˧ z ʊ w ŋ͡m ˧˨ ʔ
chuyên gia	t͡ɕ w i ə n ˧˧ z aː ˧˧
chuyên khoa	t͡ɕ w i ə n ˧˧ x w aː ˧˧
chuyên khảo	t͡ɕ w i ə n ˧˧ x aː w ˧˩
chuyên môn	t͡ɕ w i ə n ˧˧ m o n ˧˧
chuyên mục	t͡ɕ w i ə n ˧˧ m ʊ w k͡p̚ ˧˨ ʔ
chuyên nghiệp	t͡ɕ w i ə n ˧˧ ŋ i ə p̚ ˧˨ ʔ
chuyên ngành	t͡ɕ w i ə n ˧˧ ŋ a j ŋ̟ ˨˩
chuyên sâu	t͡ɕ w i ə n ˧˧ s ə w ˧˧
chuyên trách	t͡ɕ w i ə n ˧˧ t͡ɕ a j k̟̚ ˧˦
chuyên trị	t͡ɕ w i ə n ˧˧ t͡ɕ i ˧˨ ʔ
chuyên tâm	t͡ɕ w i ə n ˧˧ t ə m ˧˧
chuyên viên	t͡ɕ w i ə n ˧˧ v i ə n ˧˧
chuyên viên lưu trữ	t͡ɕ w i ə n ˧˧ v i ə n ˧˧ l i w ˧˧ t͡ɕ ɨ ˦ˀ˥
chuyên án	t͡ɕ w i ə n ˧˧ ʔ aː n ˧˦
chuyên đề	t͡ɕ w i ə n ˧˧ ʔ ɗ e ˨˩
chuyến	t͡ɕ w i ə n ˧˦
chuyến bay	t͡ɕ w i ə n ˧˦ ʔ ɓ a j ˧˧
chuyến đi	t͡ɕ w i ə n ˧˦ ʔ ɗ i ˧˧
chuyền	t͡ɕ w i ə n ˨˩
chuyển	t͡ɕ w i ə n ˧˩
chuyển biến	t͡ɕ w i ə n ˧˩ ʔ ɓ i ə n ˧˦
chuyển chú	t͡ɕ w i ə n ˧˩ t͡ɕ u ˧˦
chuyển dạ	t͡ɕ w i ə n ˧˩ z aː ˧˨ ʔ
chuyển dịch	t͡ɕ w i ə n ˧˩ z ï k̟̚ ˧˨ ʔ
chuyển giao	t͡ɕ w i ə n ˧˩ z aː w ˧˧
chuyển giới	t͡ɕ w i ə n ˧˩ z əː j ˧˦
chuyển hoá	t͡ɕ w i ə n ˧˩ h w aː ˧˦
chuyển hoá chất	t͡ɕ w i ə n ˧˩ h w aː ˧˦ t͡ɕ ə t̚ ˧˦
chuyển khoản	t͡ɕ w i ə n ˧˩ x w aː n ˧˩
chuyển khẩu	t͡ɕ w i ə n ˧˩ x ə w ˧˩
chuyển mạch	t͡ɕ w i ə n ˧˩ m a j k̟̚ ˧˨ ʔ
chuyển ngữ	t͡ɕ w i ə n ˧˩ ŋ ɨ ˦ˀ˥
chuyển phát	t͡ɕ w i ə n ˧˩ f aː t̚ ˧˦
chuyển thể	t͡ɕ w i ə n ˧˩ tʰ e ˧˩
chuyển tiếp	t͡ɕ w i ə n ˧˩ t i ə p̚ ˧˦
chuyển tự	t͡ɕ w i ə n ˧˩ t ɨ ˧˨ ʔ
chuyển đổi	t͡ɕ w i ə n ˧˩ ʔ ɗ o j ˧˩
chuyển đổi số	t͡ɕ w i ə n ˧˩ ʔ ɗ o j ˧˩ s o ˧˦
chuyển động	t͡ɕ w i ə n ˧˩ ʔ ɗ ə w ŋ͡m ˧˨ ʔ
chuyển động học	t͡ɕ w i ə n ˧˩ ʔ ɗ ə w ŋ͡m ˧˨ ʔ h a w k͡p̚ ˧˨ ʔ
chuyện	t͡ɕ w i ə n ˧˨ ʔ
chuyện cổ tích	t͡ɕ w i ə n ˧˨ ʔ k o ˧˩ t ï k̟̚ ˧˦
chuyện thường ngày ở huyện	t͡ɕ w i ə n ˧˨ ʔ tʰ ɨ ə ŋ ˨˩ ŋ a j ˨˩ ʔ əː ˧˩ h w i ə n ˧˨ ʔ
chuyện trò	t͡ɕ w i ə n ˧˨ ʔ t͡ɕ ɔ ˨˩
chuyện đâu còn có đó	t͡ɕ w i ə n ˧˨ ʔ ʔ ɗ ə w ˧˧ k ɔ n ˨˩ k ɔ ˧˦ ʔ ɗ ɔ ˧˦
chuyện đó	t͡ɕ w i ə n ˧˨ ʔ ʔ ɗ ɔ ˧˦
chuyện ấy	t͡ɕ w i ə n ˧˨ ʔ ʔ ə j ˧˦
chuôi	t͡ɕ u ə j ˧˧
chuôm	t͡ɕ u ə m ˧˧
chuông	t͡ɕ u ə ŋ ˧˧
chuông gió	t͡ɕ u ə ŋ ˧˧ z ɔ ˧˦
chuẩn	t͡ɕ w ə n ˧˩
chuẩn bị	t͡ɕ w ə n ˧˩ ʔ ɓ i ˧˨ ʔ
chuẩn mực	t͡ɕ w ə n ˧˩ m ɨ k̚ ˧˨ ʔ
chuẩn tinh	t͡ɕ w ə n ˧˩ t ï ŋ ˧˧
chuẩn tướng	t͡ɕ w ə n ˧˩ t ɨ ə ŋ ˧˦
chuẩn xác	t͡ɕ w ə n ˧˩ s aː k̚ ˧˦
chuẩn đoán	t͡ɕ w ə n ˧˩ ʔ ɗ w aː n ˧˦
chuẩn đô đốc	t͡ɕ w ə n ˧˩ ʔ ɗ o ˧˧ ʔ ɗ ə w k͡p̚ ˧˦
chuếnh choáng	t͡ɕ w ə j ŋ̟ ˧˦ t͡ɕ w aː ŋ ˧˦
chuốc	t͡ɕ u ə k̚ ˧˦
chuối	t͡ɕ u ə j ˧˦
chuối ngự	t͡ɕ u ə j ˧˦ ŋ ɨ ˧˨ ʔ
chuối nước	t͡ɕ u ə j ˧˦ n ɨ ə k̚ ˧˦
chuối tiêu	t͡ɕ u ə j ˧˦ t i ə w ˧˧
chuối tá quạ	t͡ɕ u ə j ˧˦ t aː ˧˦ k w aː ˧˨ ʔ
chuốt	t͡ɕ u ə t̚ ˧˦
chuồi	t͡ɕ u ə j ˨˩
chuồn	t͡ɕ u ə n ˨˩
chuồn chuồn	t͡ɕ u ə n ˨˩ t͡ɕ u ə n ˨˩
chuồn chuồn kim	t͡ɕ u ə n ˨˩ t͡ɕ u ə n ˨˩ k i m ˧˧
chuồng	t͡ɕ u ə ŋ ˨˩
chuỗi	t͡ɕ u ə j ˦ˀ˥
chuỗi cung ứng	t͡ɕ u ə j ˦ˀ˥ k ʊ w ŋ͡m ˧˧ ʔ ɨ ŋ ˧˦
chuỗi thức ăn	t͡ɕ u ə j ˦ˀ˥ tʰ ɨ k̚ ˧˦ ʔ a n ˧˧
chuộc	t͡ɕ u ə k̚ ˧˨ ʔ
chuộng	t͡ɕ u ə ŋ ˧˨ ʔ
chuột	t͡ɕ u ə t̚ ˧˨ ʔ
chuột bạch	t͡ɕ u ə t̚ ˧˨ ʔ ʔ ɓ a j k̟̚ ˧˨ ʔ
chuột chù	t͡ɕ u ə t̚ ˧˨ ʔ t͡ɕ u ˨˩
chuột chũi	t͡ɕ u ə t̚ ˧˨ ʔ t͡ɕ u j ˦ˀ˥
chuột cống	t͡ɕ u ə t̚ ˧˨ ʔ k ə w ŋ͡m ˧˦
chuột lang	t͡ɕ u ə t̚ ˧˨ ʔ l aː ŋ ˧˧
chuột lang nước	t͡ɕ u ə t̚ ˧˨ ʔ l aː ŋ ˧˧ n ɨ ə k̚ ˧˦
chuột lắt	t͡ɕ u ə t̚ ˧˨ ʔ l a t̚ ˧˦
chuột nhảy	t͡ɕ u ə t̚ ˧˨ ʔ ɲ a j ˧˩
chuột nhắt	t͡ɕ u ə t̚ ˧˨ ʔ ɲ a t̚ ˧˦
chuột rút	t͡ɕ u ə t̚ ˧˨ ʔ z u t̚ ˧˦
chuột sóc	t͡ɕ u ə t̚ ˧˨ ʔ s a w k͡p̚ ˧˦
chuột túi	t͡ɕ u ə t̚ ˧˨ ʔ t u j ˧˦
chuột xạ	t͡ɕ u ə t̚ ˧˨ ʔ s aː ˧˨ ʔ
chuột đồng	t͡ɕ u ə t̚ ˧˨ ʔ ʔ ɗ ə w ŋ͡m ˨˩
chuỳ	t͡ɕ w i ˨˩
chuỷ thủ	t͡ɕ w i ˧˩ tʰ u ˧˩
cháo	t͡ɕ aː w ˧˦
châu	t͡ɕ ə w ˧˧
châu Mĩ	t͡ɕ ə w ˧˧ m i ˦ˀ˥
châu Phi	t͡ɕ ə w ˧˧ f i ˧˧
châu báu	t͡ɕ ə w ˧˧ ʔ ɓ a w ˧˦
châu bản	t͡ɕ ə w ˧˧ ʔ ɓ aː n ˧˩
châu chấu	t͡ɕ ə w ˧˧ t͡ɕ ə w ˧˦
châu chấu đá xe	t͡ɕ ə w ˧˧ t͡ɕ ə w ˧˦ ʔ ɗ aː ˧˦ s ɛ ˧˧
châu lục	t͡ɕ ə w ˧˧ l ʊ w k͡p̚ ˧˨ ʔ
châu thổ	t͡ɕ ə w ˧˧ tʰ o ˧˩
châu Á	t͡ɕ ə w ˧˧ ʔ aː ˧˦
châu Âu	t͡ɕ ə w ˧˧ ʔ ə w ˧˧
châu Úc	t͡ɕ ə w ˧˧ ʔ ʊ w k͡p̚ ˧˦
chè	t͡ɕ ɛ ˨˩
chè bà ba	t͡ɕ ɛ ˨˩ ʔ ɓ aː ˨˩ ʔ ɓ aː ˧˧
chè bách niên hảo hợp	t͡ɕ ɛ ˨˩ ʔ ɓ a j k̟̚ ˧˦ n i ə n ˧˧ h aː w ˧˩ h əː p̚ ˧˨ ʔ
chè bánh lọt	t͡ɕ ɛ ˨˩ ʔ ɓ a j ŋ̟ ˧˦ l ɔ t̚ ˧˨ ʔ
chè bánh xếp	t͡ɕ ɛ ˨˩ ʔ ɓ a j ŋ̟ ˧˦ s e p̚ ˧˦
chè bồm	t͡ɕ ɛ ˨˩ ʔ ɓ o m ˨˩
chè sâm bổ lượng	t͡ɕ ɛ ˨˩ s ə m ˧˧ ʔ ɓ o ˧˩ l ɨ ə ŋ ˧˨ ʔ
chè trôi nước	t͡ɕ ɛ ˨˩ t͡ɕ o j ˧˧ n ɨ ə k̚ ˧˦
chè đậu đỏ	t͡ɕ ɛ ˨˩ ʔ ɗ ə w ˧˨ ʔ ʔ ɗ ɔ ˧˩
chèn	t͡ɕ ɛ n ˨˩
chèn ép	t͡ɕ ɛ n ˨˩ ʔ ɛ p̚ ˧˦
chèn đét ơi	t͡ɕ ɛ n ˨˩ ʔ ɗ ɛ t̚ ˧˦ ʔ əː j ˧˧
chèn ơi	t͡ɕ ɛ n ˨˩ ʔ əː j ˧˧
chèng bèng	t͡ɕ ɛ ŋ ˨˩ ʔ ɓ ɛ ŋ ˨˩
chèng đéc ơi	t͡ɕ ɛ ŋ ˨˩ ʔ ɗ ɛ k̚ ˧˦ ʔ əː j ˧˧
chèng ơi	t͡ɕ ɛ ŋ ˨˩ ʔ əː j ˧˧
chèo	t͡ɕ ɛ w ˨˩
chèo bẻo	t͡ɕ ɛ w ˨˩ ʔ ɓ ɛ w ˧˩
chèo chống	t͡ɕ ɛ w ˨˩ t͡ɕ ə w ŋ͡m ˧˦
chèo kéo	t͡ɕ ɛ w ˨˩ k ɛ w ˧˦
chèo thuyền	t͡ɕ ɛ w ˨˩ tʰ w i ə n ˨˩
ché	t͡ɕ ɛ ˧˦
chém	t͡ɕ ɛ m ˧˦
chém gió	t͡ɕ ɛ m ˧˦ z ɔ ˧˦
chém giết	t͡ɕ ɛ m ˧˦ z i ə t̚ ˧˦
chém đầu	t͡ɕ ɛ m ˧˦ ʔ ɗ ə w ˨˩
chén	t͡ɕ ɛ n ˧˦
chén chú chén anh	t͡ɕ ɛ n ˧˦ t͡ɕ u ˧˦ t͡ɕ ɛ n ˧˦ ʔ a j ŋ̟ ˧˧
chéo	t͡ɕ ɛ w ˧˦
chép	t͡ɕ ɛ p̚ ˧˦
chép miệng	t͡ɕ ɛ p̚ ˧˦ m i ə ŋ ˧˨ ʔ
chét	t͡ɕ ɛ t̚ ˧˦
chê	t͡ɕ e ˧˧
chê bai	t͡ɕ e ˧˧ ʔ ɓ aː j ˧˧
chê chán	t͡ɕ e ˧˧ t͡ɕ aː n ˧˦
chê cười	t͡ɕ e ˧˧ k ɨ ə j ˨˩
chê trách	t͡ɕ e ˧˧ t͡ɕ a j k̟̚ ˧˦
chêm	t͡ɕ e m ˧˧
chên	t͡ɕ e n ˧˧
chênh	t͡ɕ ə j ŋ̟ ˧˧
chênh chếch	t͡ɕ ə j ŋ̟ ˧˧ t͡ɕ ə j k̟̚ ˧˦
chênh lệch	t͡ɕ ə j ŋ̟ ˧˧ l ə j k̟̚ ˧˨ ʔ
chênh vênh	t͡ɕ ə j ŋ̟ ˧˧ v ə j ŋ̟ ˧˧
chì	t͡ɕ i ˨˩
chính	t͡ɕ ï ŋ ˧˦
chính phủ lưu vong	t͡ɕ ï ŋ ˧˦ f u ˧˩ l i w ˧˧ v a w ŋ͡m ˧˧
chính quy	t͡ɕ ï ŋ ˧˦ k w i ˧˧
chính quyền	t͡ɕ ï ŋ ˧˦ k w i ə n ˨˩
chính quốc	t͡ɕ ï ŋ ˧˦ k u ə k̚ ˧˦
chính ra	t͡ɕ ï ŋ ˧˦ z aː ˧˧
chính sách	t͡ɕ ï ŋ ˧˦ s a j k̟̚ ˧˦
chính sử	t͡ɕ ï ŋ ˧˦ s ɨ ˧˩
chính sự	t͡ɕ ï ŋ ˧˦ s ɨ ˧˨ ʔ
chính thất	t͡ɕ ï ŋ ˧˦ tʰ ə t̚ ˧˦
chính thể	t͡ɕ ï ŋ ˧˦ tʰ e ˧˩
chính thống	t͡ɕ ï ŋ ˧˦ tʰ ə w ŋ͡m ˧˦
chính thức	t͡ɕ ï ŋ ˧˦ tʰ ɨ k̚ ˧˦
chính trường	t͡ɕ ï ŋ ˧˦ t͡ɕ ɨ ə ŋ ˨˩
chính trị	t͡ɕ ï ŋ ˧˦ t͡ɕ i ˧˨ ʔ
chính trị gia	t͡ɕ ï ŋ ˧˦ t͡ɕ i ˧˨ ʔ z aː ˧˧
chính trị học	t͡ɕ ï ŋ ˧˦ t͡ɕ i ˧˨ ʔ h a w k͡p̚ ˧˨ ʔ
chính trị phạm	t͡ɕ ï ŋ ˧˦ t͡ɕ i ˧˨ ʔ f aː m ˧˨ ʔ
chính trị viên	t͡ɕ ï ŋ ˧˦ t͡ɕ i ˧˨ ʔ v i ə n ˧˧
chính trực	t͡ɕ ï ŋ ˧˦ t͡ɕ ɨ k̚ ˧˨ ʔ
chính tâm	t͡ɕ ï ŋ ˧˦ t ə m ˧˧
chính tông	t͡ɕ ï ŋ ˧˦ t ə w ŋ͡m ˧˧
chính tả	t͡ɕ ï ŋ ˧˦ t aː ˧˩
chính uỷ	t͡ɕ ï ŋ ˧˦ ʔ w i ˧˩
chính văn	t͡ɕ ï ŋ ˧˦ v a n ˧˧
chính xác	t͡ɕ ï ŋ ˧˦ s aː k̚ ˧˦
chính yếu	t͡ɕ ï ŋ ˧˦ ʔ i ə w ˧˦
chíp	t͡ɕ i p̚ ˧˦
chíp chíp	t͡ɕ i p̚ ˧˦ t͡ɕ i p̚ ˧˦
chít	t͡ɕ i t̚ ˧˦
chíu	t͡ɕ i w ˧˦
chíu chít	t͡ɕ i w ˧˦ t͡ɕ i t̚ ˧˦
chò	t͡ɕ ɔ ˨˩
chò chỉ	t͡ɕ ɔ ˨˩ t͡ɕ i ˧˩
chòi	t͡ɕ ɔ j ˨˩
chòi canh	t͡ɕ ɔ j ˨˩ k a j ŋ̟ ˧˧
chòi mòi	t͡ɕ ɔ j ˨˩ m ɔ j ˨˩
chòm	t͡ɕ ɔ m ˨˩
chòm sao	t͡ɕ ɔ m ˨˩ s aː w ˧˧
chòm xóm	t͡ɕ ɔ m ˨˩ s ɔ m ˧˦
chòng	t͡ɕ a w ŋ͡m ˨˩
chòng chọc	t͡ɕ a w ŋ͡m ˨˩ t͡ɕ a w k͡p̚ ˧˨ ʔ
chó	t͡ɕ ɔ ˧˦
chó biển	t͡ɕ ɔ ˧˦ ʔ ɓ i ə n ˧˩
chó chê mèo lắm lông	t͡ɕ ɔ ˧˦ t͡ɕ e ˧˧ m ɛ w ˨˩ l a m ˧˦ l ə w ŋ͡m ˧˧
chó chê mèo mửa	t͡ɕ ɔ ˧˦ t͡ɕ e ˧˧ m ɛ w ˨˩ m ɨ ə ˧˩
chó chăn cừu Đức	t͡ɕ ɔ ˧˦ t͡ɕ a n ˧˧ k i w ˨˩ ʔ ɗ ɨ k̚ ˧˦
chó chết	t͡ɕ ɔ ˧˦ t͡ɕ e t̚ ˧˦
chó cỏ	t͡ɕ ɔ ˧˦ k ɔ ˧˩
chó cứ sủa còn đoàn người cứ đi	t͡ɕ ɔ ˧˦ k ɨ ˧˦ s u ə ˧˩ k ɔ n ˨˩ ʔ ɗ w aː n ˨˩ ŋ ɨ ə j ˨˩ k ɨ ˧˦ ʔ ɗ i ˧˧
chó hoang châu Phi	t͡ɕ ɔ ˧˦ h w aː ŋ ˧˧ t͡ɕ ə w ˧˧ f i ˧˧
chó lài	t͡ɕ ɔ ˧˦ l aː j ˨˩
chó má	t͡ɕ ɔ ˧˦ m aː ˧˦
chó ngáp phải ruồi	t͡ɕ ɔ ˧˦ ŋ aː p̚ ˧˦ f aː j ˧˩ z u ə j ˨˩
chó rừng	t͡ɕ ɔ ˧˦ z ɨ ŋ ˨˩
chó rừng lông vàng	t͡ɕ ɔ ˧˦ z ɨ ŋ ˨˩ l ə w ŋ͡m ˧˧ v aː ŋ ˨˩
chó sói	t͡ɕ ɔ ˧˦ s ɔ j ˧˦
chó sói lửa	t͡ɕ ɔ ˧˦ s ɔ j ˧˦ l ɨ ə ˧˩
chó sói đất	t͡ɕ ɔ ˧˦ s ɔ j ˧˦ ʔ ɗ ə t̚ ˧˦
chó săn	t͡ɕ ɔ ˧˦ s a n ˧˧
chó vàng	t͡ɕ ɔ ˧˦ v aː ŋ ˨˩
chó xù	t͡ɕ ɔ ˧˦ s u ˨˩
chó đẻ	t͡ɕ ɔ ˧˦ ʔ ɗ ɛ ˧˩
chó đểu	t͡ɕ ɔ ˧˦ ʔ ɗ e w ˧˩
chó đốm	t͡ɕ ɔ ˧˦ ʔ ɗ o m ˧˦
chói	t͡ɕ ɔ j ˧˦
chói chang	t͡ɕ ɔ j ˧˦ t͡ɕ aː ŋ ˧˧
chói loá	t͡ɕ ɔ j ˧˦ l w aː ˧˦
chóng	t͡ɕ a w ŋ͡m ˧˦
chóng mặt	t͡ɕ a w ŋ͡m ˧˦ m a t̚ ˧˨ ʔ
chóng vánh	t͡ɕ a w ŋ͡m ˧˦ v a j ŋ̟ ˧˦
chóp	t͡ɕ ɔ p̚ ˧˦
chóp bu	t͡ɕ ɔ p̚ ˧˦ ʔ ɓ u ˧˧
chót	t͡ɕ ɔ t̚ ˧˦
chót vót	t͡ɕ ɔ t̚ ˧˦ v ɔ t̚ ˧˦
chôm	t͡ɕ o m ˧˧
chôm chôm	t͡ɕ o m ˧˧ t͡ɕ o m ˧˧
chôn	t͡ɕ o n ˧˧
chôn cất	t͡ɕ o n ˧˧ k ə t̚ ˧˦
chôn nhau cắt rốn	t͡ɕ o n ˧˧ ɲ a w ˧˧ k a t̚ ˧˦ z o n ˧˦
chôn rau cắt rốn	t͡ɕ o n ˧˧ z a w ˧˧ k a t̚ ˧˦ z o n ˧˦
chôn sống	t͡ɕ o n ˧˧ s ə w ŋ͡m ˧˦
chôn vùi	t͡ɕ o n ˧˧ v u j ˨˩
chông	t͡ɕ ə w ŋ͡m ˧˧
chông gai	t͡ɕ ə w ŋ͡m ˧˧ ɣ aː j ˧˧
chõ	t͡ɕ ɔ ˦ˀ˥
chõng	t͡ɕ a w ŋ͡m ˦ˀ˥
chù vù	t͡ɕ u ˨˩ v u ˨˩
chùa	t͡ɕ u ə ˨˩
chùa chiền	t͡ɕ u ə ˨˩ t͡ɕ i ə n ˨˩
chùi	t͡ɕ u j ˨˩
chùm	t͡ɕ u m ˨˩
chùm bao	t͡ɕ u m ˨˩ ʔ ɓ aː w ˧˧
chùm lé	t͡ɕ u m ˨˩ l ɛ ˧˦
chùm ruột	t͡ɕ u m ˨˩ z u ə t̚ ˧˨ ʔ
chùn	t͡ɕ u n ˨˩
chùn bước	t͡ɕ u n ˨˩ ʔ ɓ ɨ ə k̚ ˧˦
chùng	t͡ɕ ʊ w ŋ͡m ˨˩
chùng chình	t͡ɕ ʊ w ŋ͡m ˨˩ t͡ɕ ï ŋ ˨˩
chú	t͡ɕ u ˧˦
chú dẫn	t͡ɕ u ˧˦ z ə n ˦ˀ˥
chú giải	t͡ɕ u ˧˦ z aː j ˧˩
chú hề	t͡ɕ u ˧˦ h e ˨˩
chú lùn	t͡ɕ u ˧˦ l u n ˨˩
chú mày	t͡ɕ u ˧˦ m a j ˨˩
chú mục	t͡ɕ u ˧˦ m ʊ w k͡p̚ ˧˨ ʔ
chú rể	t͡ɕ u ˧˦ z e ˧˩
chú thích	t͡ɕ u ˧˦ tʰ ï k̟̚ ˧˦
chú tiểu	t͡ɕ u ˧˦ t i ə w ˧˩
chú trọng	t͡ɕ u ˧˦ t͡ɕ a w ŋ͡m ˧˨ ʔ
chú tâm	t͡ɕ u ˧˦ t ə m ˧˧
chú âm phù hiệu	t͡ɕ u ˧˦ ʔ ə m ˧˧ f u ˨˩ h i ə w ˧˨ ʔ
chú ý	t͡ɕ u ˧˦ ʔ i ˧˦
chú đại bi	t͡ɕ u ˧˦ ʔ ɗ aː j ˧˨ ʔ ʔ ɓ i ˧˧
chúa	t͡ɕ u ə ˧˦
chúa Xuân	t͡ɕ u ə ˧˦ s w ə n ˧˧
chúa hề	t͡ɕ u ə ˧˦ h e ˨˩
chúa sơn lâm	t͡ɕ u ə ˧˦ s əː n ˧˧ l ə m ˧˧
chúa thượng	t͡ɕ u ə ˧˦ tʰ ɨ ə ŋ ˧˨ ʔ
chúa tể	t͡ɕ u ə ˧˦ t e ˧˩
chúc	t͡ɕ ʊ w k͡p̚ ˧˦
chúc may mắn	t͡ɕ ʊ w k͡p̚ ˧˦ m a j ˧˧ m a n ˧˦
chúc mừng	t͡ɕ ʊ w k͡p̚ ˧˦ m ɨ ŋ ˨˩
chúc mừng năm mới	t͡ɕ ʊ w k͡p̚ ˧˦ m ɨ ŋ ˨˩ n a m ˧˧ m əː j ˧˦
chúc mừng sinh nhật	t͡ɕ ʊ w k͡p̚ ˧˦ m ɨ ŋ ˨˩ s ï ŋ ˧˧ ɲ ə t̚ ˧˨ ʔ
chúc ngủ ngon	t͡ɕ ʊ w k͡p̚ ˧˦ ŋ u ˧˩ ŋ ɔ n ˧˧
chúc phúc	t͡ɕ ʊ w k͡p̚ ˧˦ f ʊ w k͡p̚ ˧˦
chúc tụng	t͡ɕ ʊ w k͡p̚ ˧˦ t ʊ w ŋ͡m ˧˨ ʔ
chúi	t͡ɕ u j ˧˦
chúm chím	t͡ɕ u m ˧˦ t͡ɕ i m ˧˦
chúng	t͡ɕ ʊ w ŋ͡m ˧˦
chúng mày	t͡ɕ ʊ w ŋ͡m ˧˦ m a j ˨˩
chúng mình	t͡ɕ ʊ w ŋ͡m ˧˦ m ï ŋ ˨˩
chúng nó	t͡ɕ ʊ w ŋ͡m ˧˦ n ɔ ˧˦
chúng sinh	t͡ɕ ʊ w ŋ͡m ˧˦ s ï ŋ ˧˧
chúng ta	t͡ɕ ʊ w ŋ͡m ˧˦ t aː ˧˧
chúng tao	t͡ɕ ʊ w ŋ͡m ˧˦ t aː w ˧˧
chúng tôi	t͡ɕ ʊ w ŋ͡m ˧˦ t o j ˧˧
chút	t͡ɕ u t̚ ˧˦
chút xíu	t͡ɕ u t̚ ˧˦ s i w ˧˦
chút éc	t͡ɕ u t̚ ˧˦ ʔ ɛ k̚ ˧˦
chút ít	t͡ɕ u t̚ ˧˦ ʔ i t̚ ˧˦
chút đỉnh	t͡ɕ u t̚ ˧˦ ʔ ɗ ï ŋ ˧˩
chũm choẹ	t͡ɕ u m ˦ˀ˥ t͡ɕ w ɛ ˧˨ ʔ
chơ	t͡ɕ əː ˧˧
chơ vơ	t͡ɕ əː ˧˧ v əː ˧˧
chơi	t͡ɕ əː j ˧˧
chơi bời	t͡ɕ əː j ˧˧ ʔ ɓ əː j ˨˩
chơi chữ	t͡ɕ əː j ˧˧ t͡ɕ ɨ ˦ˀ˥
chơi hụi	t͡ɕ əː j ˧˧ h u j ˧˨ ʔ
chơi khăm	t͡ɕ əː j ˧˧ x a m ˧˧
chơi ngang	t͡ɕ əː j ˧˧ ŋ aː ŋ ˧˧
chơi nhởi	t͡ɕ əː j ˧˧ ɲ əː j ˧˩
chơi trội	t͡ɕ əː j ˧˧ t͡ɕ o j ˧˨ ʔ
chơi vơi	t͡ɕ əː j ˧˧ v əː j ˧˧
chơi xỏ	t͡ɕ əː j ˧˧ s ɔ ˧˩
chơi ác	t͡ɕ əː j ˧˧ ʔ aː k̚ ˧˦
chơi điện tử	t͡ɕ əː j ˧˧ ʔ ɗ i ə n ˧˨ ʔ t ɨ ˧˩
chơi đùa	t͡ɕ əː j ˧˧ ʔ ɗ u ə ˨˩
chơi đĩ	t͡ɕ əː j ˧˧ ʔ ɗ i ˦ˀ˥
chơi đẹp	t͡ɕ əː j ˧˧ ʔ ɗ ɛ p̚ ˧˨ ʔ
chơi đểu	t͡ɕ əː j ˧˧ ʔ ɗ e w ˧˩
chơm chởm	t͡ɕ əː m ˧˧ t͡ɕ əː m ˧˩
chư	t͡ɕ ɨ ˧˧
chư hầu	t͡ɕ ɨ ˧˧ h ə w ˨˩
chư vị	t͡ɕ ɨ ˧˧ v i ˧˨ ʔ
chưa	t͡ɕ ɨ ə ˧˧
chưa biết mèo nào cắn mỉu nào	t͡ɕ ɨ ə ˧˧ ʔ ɓ i ə t̚ ˧˦ m ɛ w ˨˩ n aː w ˨˩ k a n ˧˦ m i w ˧˩ n aː w ˨˩
chưa hề	t͡ɕ ɨ ə ˧˧ h e ˨˩
chưa thấy quan tài chưa đổ lệ	t͡ɕ ɨ ə ˧˧ tʰ ə j ˧˦ k w aː n ˧˧ t aː j ˨˩ t͡ɕ ɨ ə ˧˧ ʔ ɗ o ˧˩ l e ˧˨ ʔ
chưn	t͡ɕ ɨ n ˧˧
chưng	t͡ɕ ɨ ŋ ˧˧
chải	t͡ɕ aː j ˧˩
chất béo	t͡ɕ ə t̚ ˧˦ ʔ ɓ ɛ w ˧˦
chất chuyển hoá	t͡ɕ ə t̚ ˧˦ t͡ɕ w i ə n ˧˩ h w aː ˧˦
chất chơi	t͡ɕ ə t̚ ˧˦ t͡ɕ əː j ˧˧
chất chứa	t͡ɕ ə t̚ ˧˦ t͡ɕ ɨ ə ˧˦
chất cách điện	t͡ɕ ə t̚ ˧˦ k a j k̟̚ ˧˦ ʔ ɗ i ə n ˧˨ ʔ
chất cản quang	t͡ɕ ə t̚ ˧˦ k aː n ˧˩ k w aː ŋ ˧˧
chất diệp lục	t͡ɕ ə t̚ ˧˦ z i ə p̚ ˧˨ ʔ l ʊ w k͡p̚ ˧˨ ʔ
chất dẫn điện	t͡ɕ ə t̚ ˧˦ z ə n ˦ˀ˥ ʔ ɗ i ə n ˧˨ ʔ
chất dẻo	t͡ɕ ə t̚ ˧˦ z ɛ w ˧˩
chất hoá học	t͡ɕ ə t̚ ˧˦ h w aː ˧˦ h a w k͡p̚ ˧˨ ʔ
chất khí	t͡ɕ ə t̚ ˧˦ x i ˧˦
chất liệu	t͡ɕ ə t̚ ˧˦ l i ə w ˧˨ ʔ
chất lượng	t͡ɕ ə t̚ ˧˦ l ɨ ə ŋ ˧˨ ʔ
chất lỏng	t͡ɕ ə t̚ ˧˦ l a w ŋ͡m ˧˩
chất nổ	t͡ɕ ə t̚ ˧˦ n o ˧˩
chất phác	t͡ɕ ə t̚ ˧˦ f aː k̚ ˧˦
chất rắn	t͡ɕ ə t̚ ˧˦ z a n ˧˦
chất trắng	t͡ɕ ə t̚ ˧˦ t͡ɕ a ŋ ˧˦
chất tẩy	t͡ɕ ə t̚ ˧˦ t ə j ˧˩
chất tẩy rửa	t͡ɕ ə t̚ ˧˦ t ə j ˧˩ z ɨ ə ˧˩
chất vấn	t͡ɕ ə t̚ ˧˦ v ə n ˧˦
chất xám	t͡ɕ ə t̚ ˧˦ s aː m ˧˦
chất xơ	t͡ɕ ə t̚ ˧˦ s əː ˧˧
chất đạm	t͡ɕ ə t̚ ˧˦ ʔ ɗ aː m ˧˨ ʔ
chất đống	t͡ɕ ə t̚ ˧˦ ʔ ɗ ə w ŋ͡m ˧˦
chất đốt	t͡ɕ ə t̚ ˧˦ ʔ ɗ o t̚ ˧˦
chất độc	t͡ɕ ə t̚ ˧˦ ʔ ɗ ə w k͡p̚ ˧˨ ʔ
chất độc da cam	t͡ɕ ə t̚ ˧˦ ʔ ɗ ə w k͡p̚ ˧˨ ʔ z aː ˧˧ k aː m ˧˧
chấu	t͡ɕ ə w ˧˦
chấy	t͡ɕ ə j ˧˦
chấy rận	t͡ɕ ə j ˧˦ z ə n ˧˨ ʔ
chầu	t͡ɕ ə w ˨˩
chầu chực	t͡ɕ ə w ˨˩ t͡ɕ ɨ k̚ ˧˨ ʔ
chầu rìa	t͡ɕ ə w ˨˩ z i ə ˨˩
chầu trời	t͡ɕ ə w ˨˩ t͡ɕ əː j ˨˩
chầu văn	t͡ɕ ə w ˨˩ v a n ˧˧
chầy	t͡ɕ ə j ˨˩
chẫu	t͡ɕ ə w ˦ˀ˥
chật	t͡ɕ ə t̚ ˧˨ ʔ
chật chội	t͡ɕ ə t̚ ˧˨ ʔ t͡ɕ o j ˧˨ ʔ
chật cứng	t͡ɕ ə t̚ ˧˨ ʔ k ɨ ŋ ˧˦
chật hẹp	t͡ɕ ə t̚ ˧˨ ʔ h ɛ p̚ ˧˨ ʔ
chật ních	t͡ɕ ə t̚ ˧˨ ʔ n ï k̟̚ ˧˦
chật vật	t͡ɕ ə t̚ ˧˨ ʔ v ə t̚ ˧˨ ʔ
chậu	t͡ɕ ə w ˧˨ ʔ
chậy	t͡ɕ ə j ˧˨ ʔ
chặt	t͡ɕ a t̚ ˧˨ ʔ
chẹo	t͡ɕ ɛ w ˧˨ ʔ
chẹt	t͡ɕ ɛ t̚ ˧˨ ʔ
chẻ	t͡ɕ ɛ ˧˩
chẻo	t͡ɕ ɛ w ˧˩
chẽm	t͡ɕ ɛ m ˦ˀ˥
chẽn	t͡ɕ ɛ n ˦ˀ˥
chế	t͡ɕ e ˧˦
chế biến	t͡ɕ e ˧˦ ʔ ɓ i ə n ˧˦
chế giễu	t͡ɕ e ˧˦ z i ə w ˦ˀ˥
chế ngự	t͡ɕ e ˧˦ ŋ ɨ ˧˨ ʔ
chế nhạo	t͡ɕ e ˧˦ ɲ aː w ˧˨ ʔ
chế tài	t͡ɕ e ˧˦ t aː j ˨˩
chế tác	t͡ɕ e ˧˦ t aː k̚ ˧˦
chế tạo	t͡ɕ e ˧˦ t aː w ˧˨ ʔ
chế xuất	t͡ɕ e ˧˦ s w ə t̚ ˧˦
chế định	t͡ɕ e ˧˦ ʔ ɗ ï ŋ ˧˨ ʔ
chế độ	t͡ɕ e ˧˦ ʔ ɗ o ˧˨ ʔ
chế độ cũ	t͡ɕ e ˧˦ ʔ ɗ o ˧˨ ʔ k u ˦ˀ˥
chế độ ăn kiêng	t͡ɕ e ˧˦ ʔ ɗ o ˧˨ ʔ ʔ a n ˧˧ k i ə ŋ ˧˧
chếch	t͡ɕ ə j k̟̚ ˧˦
chếch lệch	t͡ɕ ə j k̟̚ ˧˦ l ə j k̟̚ ˧˨ ʔ
chếnh choáng	t͡ɕ ə j ŋ̟ ˧˦ t͡ɕ w aː ŋ ˧˦
chết	t͡ɕ e t̚ ˧˦
chết cha	t͡ɕ e t̚ ˧˦ t͡ɕ aː ˧˧
chết chóc	t͡ɕ e t̚ ˧˦ t͡ɕ a w k͡p̚ ˧˦
chết chẹt	t͡ɕ e t̚ ˧˦ t͡ɕ ɛ t̚ ˧˨ ʔ
chết chửa	t͡ɕ e t̚ ˧˦ t͡ɕ ɨ ə ˧˩
chết dở	t͡ɕ e t̚ ˧˦ z əː ˧˩
chết giấc	t͡ɕ e t̚ ˧˦ z ə k̚ ˧˦
chết hụt	t͡ɕ e t̚ ˧˦ h u t̚ ˧˨ ʔ
chết lâm sàng	t͡ɕ e t̚ ˧˦ l ə m ˧˧ s aː ŋ ˨˩
chết máy	t͡ɕ e t̚ ˧˦ m a j ˧˦
chết ngạt	t͡ɕ e t̚ ˧˦ ŋ aː t̚ ˧˨ ʔ
chết ngất	t͡ɕ e t̚ ˧˦ ŋ ə t̚ ˧˦
chết ngắt	t͡ɕ e t̚ ˧˦ ŋ a t̚ ˧˦
chết nhát	t͡ɕ e t̚ ˧˦ ɲ aː t̚ ˧˦
chết non	t͡ɕ e t̚ ˧˦ n ɔ n ˧˧
chết não	t͡ɕ e t̚ ˧˦ n aː w ˦ˀ˥
chết queo	t͡ɕ e t̚ ˧˦ k w ɛ w ˧˧
chết sống	t͡ɕ e t̚ ˧˦ s ə w ŋ͡m ˧˦
chết tiệt	t͡ɕ e t̚ ˧˦ t i ə t̚ ˧˨ ʔ
chết toi	t͡ɕ e t̚ ˧˦ t ɔ j ˧˧
chết tươi	t͡ɕ e t̚ ˧˦ t ɨ ə j ˧˧
chết yểu	t͡ɕ e t̚ ˧˦ ʔ i ə w ˧˩
chết điếng	t͡ɕ e t̚ ˧˦ ʔ ɗ i ə ŋ ˧˦
chết đuối	t͡ɕ e t̚ ˧˦ ʔ ɗ u ə j ˧˦
chết đói	t͡ɕ e t̚ ˧˦ ʔ ɗ ɔ j ˧˦
chết đứng	t͡ɕ e t̚ ˧˦ ʔ ɗ ɨ ŋ ˧˦
chểnh mảng	t͡ɕ ə j ŋ̟ ˧˩ m aː ŋ ˧˩
chễm chệ	t͡ɕ e m ˦ˀ˥ t͡ɕ e ˧˨ ʔ
chệch	t͡ɕ ə j k̟̚ ˧˨ ʔ
chịt	t͡ɕ i t̚ ˧˨ ʔ
chịu	t͡ɕ i w ˧˨ ʔ
chịu chơi	t͡ɕ i w ˧˨ ʔ t͡ɕ əː j ˧˧
chịu khó	t͡ɕ i w ˧˨ ʔ x ɔ ˧˦
chịu lửa	t͡ɕ i w ˧˨ ʔ l ɨ ə ˧˩
chịu nhiệt	t͡ɕ i w ˧˨ ʔ ɲ i ə t̚ ˧˨ ʔ
chịu phép	t͡ɕ i w ˧˨ ʔ f ɛ p̚ ˧˦
chịu thua	t͡ɕ i w ˧˨ ʔ tʰ u ə ˧˧
chịu đựng	t͡ɕ i w ˧˨ ʔ ʔ ɗ ɨ ŋ ˧˨ ʔ
chọc	t͡ɕ a w k͡p̚ ˧˨ ʔ
chọc ghẹo	t͡ɕ a w k͡p̚ ˧˨ ʔ ɣ ɛ w ˧˨ ʔ
chọc giận	t͡ɕ a w k͡p̚ ˧˨ ʔ z ə n ˧˨ ʔ
chọc lét	t͡ɕ a w k͡p̚ ˧˨ ʔ l ɛ t̚ ˧˦
chọc phá	t͡ɕ a w k͡p̚ ˧˨ ʔ f aː ˧˦
chọc quê	t͡ɕ a w k͡p̚ ˧˨ ʔ k w e ˧˧
chọc tiết	t͡ɕ a w k͡p̚ ˧˨ ʔ t i ə t̚ ˧˦
chọc trời	t͡ɕ a w k͡p̚ ˧˨ ʔ t͡ɕ əː j ˨˩
chọc tức	t͡ɕ a w k͡p̚ ˧˨ ʔ t ɨ k̚ ˧˦
chọi	t͡ɕ ɔ j ˧˨ ʔ
chọn	t͡ɕ ɔ n ˧˨ ʔ
chọn lọc	t͡ɕ ɔ n ˧˨ ʔ l a w k͡p̚ ˧˨ ʔ
chọn lựa	t͡ɕ ɔ n ˧˨ ʔ l ɨ ə ˧˨ ʔ
chọt	t͡ɕ ɔ t̚ ˧˨ ʔ
chỏ	t͡ɕ ɔ ˧˩
chỏm	t͡ɕ ɔ m ˧˩
chỏng	t͡ɕ a w ŋ͡m ˧˩
chốc	t͡ɕ ə w k͡p̚ ˧˦
chốc chốc	t͡ɕ ə w k͡p̚ ˧˦ t͡ɕ ə w k͡p̚ ˧˦
chốc lát	t͡ɕ ə w k͡p̚ ˧˦ l aː t̚ ˧˦
chốc lở	t͡ɕ ə w k͡p̚ ˧˦ l əː ˧˩
chối	t͡ɕ o j ˧˦
chối bỏ	t͡ɕ o j ˧˦ ʔ ɓ ɔ ˧˩
chối cãi	t͡ɕ o j ˧˦ k aː j ˦ˀ˥
chối từ	t͡ɕ o j ˧˦ t ɨ ˨˩
chốn	t͡ɕ o n ˧˦
chống	t͡ɕ ə w ŋ͡m ˧˦
chống báng	t͡ɕ ə w ŋ͡m ˧˦ ʔ ɓ aː ŋ ˧˦
chống chế	t͡ɕ ə w ŋ͡m ˧˦ t͡ɕ e ˧˦
chống chếnh	t͡ɕ ə w ŋ͡m ˧˦ t͡ɕ ə j ŋ̟ ˧˦
chống chọi	t͡ɕ ə w ŋ͡m ˧˦ t͡ɕ ɔ j ˧˨ ʔ
chống cự	t͡ɕ ə w ŋ͡m ˧˦ k ɨ ˧˨ ʔ
chống giữ	t͡ɕ ə w ŋ͡m ˧˦ z ɨ ˦ˀ˥
chống lưng	t͡ɕ ə w ŋ͡m ˧˦ l ɨ ŋ ˧˧
chống lại	t͡ɕ ə w ŋ͡m ˧˦ l aː j ˧˨ ʔ
chống nạnh	t͡ɕ ə w ŋ͡m ˧˦ n a j ŋ̟ ˧˨ ʔ
chống phá	t͡ɕ ə w ŋ͡m ˧˦ f aː ˧˦
chống phát xít	t͡ɕ ə w ŋ͡m ˧˦ f aː t̚ ˧˦ s i t̚ ˧˦
chống trả	t͡ɕ ə w ŋ͡m ˧˦ t͡ɕ aː ˧˩
chống án	t͡ɕ ə w ŋ͡m ˧˦ ʔ aː n ˧˦
chống đẩy	t͡ɕ ə w ŋ͡m ˧˦ ʔ ɗ ə j ˧˩
chống đối	t͡ɕ ə w ŋ͡m ˧˦ ʔ ɗ o j ˧˦
chống đỡ	t͡ɕ ə w ŋ͡m ˧˦ ʔ ɗ əː ˦ˀ˥
chốt	t͡ɕ o t̚ ˧˦
chồi	t͡ɕ o j ˨˩
chồm	t͡ɕ o m ˨˩
chồm hỗm	t͡ɕ o m ˨˩ h o m ˦ˀ˥
chồn	t͡ɕ o n ˨˩
chồn hôi	t͡ɕ o n ˨˩ h o j ˧˧
chồn nâu	t͡ɕ o n ˨˩ n ə w ˧˧
chồng	t͡ɕ ə w ŋ͡m ˨˩
chồng chất	t͡ɕ ə w ŋ͡m ˨˩ t͡ɕ ə t̚ ˧˦
chổi	t͡ɕ o j ˧˩
chổng	t͡ɕ ə w ŋ͡m ˧˩
chổng kềnh	t͡ɕ ə w ŋ͡m ˧˩ k ə j ŋ̟ ˨˩
chỗ	t͡ɕ o ˦ˀ˥
chỗ kín	t͡ɕ o ˦ˀ˥ k i n ˧˦
chỗ ngồi	t͡ɕ o ˦ˀ˥ ŋ o j ˨˩
chỗ phạm	t͡ɕ o ˦ˀ˥ f aː m ˧˨ ʔ
chỗ đứng	t͡ɕ o ˦ˀ˥ ʔ ɗ ɨ ŋ ˧˦
chỗ ở	t͡ɕ o ˦ˀ˥ ʔ əː ˧˩
chộ	t͡ɕ o ˧˨ ʔ
chộn rộn	t͡ɕ o n ˧˨ ʔ z o n ˧˨ ʔ
chộp	t͡ɕ o p̚ ˧˨ ʔ
chột	t͡ɕ o t̚ ˧˨ ʔ
chột bụng	t͡ɕ o t̚ ˧˨ ʔ ʔ ɓ ʊ w ŋ͡m ˧˨ ʔ
chột dạ	t͡ɕ o t̚ ˧˨ ʔ z aː ˧˨ ʔ
chớ	t͡ɕ əː ˧˦
chới với	t͡ɕ əː j ˧˦ v əː j ˧˦
chớm	t͡ɕ əː m ˧˦
chớp	t͡ɕ əː p̚ ˧˦
chớp bóng	t͡ɕ əː p̚ ˧˦ ʔ ɓ a w ŋ͡m ˧˦
chớp mắt	t͡ɕ əː p̚ ˧˦ m a t̚ ˧˦
chớp nhoáng	t͡ɕ əː p̚ ˧˦ ɲ w aː ŋ ˧˦
chớt	t͡ɕ əː t̚ ˧˦
chớt nhả	t͡ɕ əː t̚ ˧˦ ɲ aː ˧˩
chờ	t͡ɕ əː ˨˩
chờ chực	t͡ɕ əː ˨˩ t͡ɕ ɨ k̚ ˧˨ ʔ
chờ mong	t͡ɕ əː ˨˩ m a w ŋ͡m ˧˧
chờ đợi	t͡ɕ əː ˨˩ ʔ ɗ əː j ˧˨ ʔ
chờn chợn	t͡ɕ əː n ˨˩ t͡ɕ əː n ˧˨ ʔ
chờn vờn	t͡ɕ əː n ˨˩ v əː n ˨˩
chở	t͡ɕ əː ˧˩
chợ	t͡ɕ əː ˧˨ ʔ
chợ búa	t͡ɕ əː ˧˨ ʔ ʔ ɓ u ə ˧˦
chợ cóc	t͡ɕ əː ˧˨ ʔ k a w k͡p̚ ˧˦
chợ nổi	t͡ɕ əː ˧˨ ʔ n o j ˧˩
chợ phiên	t͡ɕ əː ˧˨ ʔ f i ə n ˧˧
chợ trời	t͡ɕ əː ˧˨ ʔ t͡ɕ əː j ˨˩
chợ xanh	t͡ɕ əː ˧˨ ʔ s a j ŋ̟ ˧˧
chợ xổm	t͡ɕ əː ˧˨ ʔ s o m ˧˩
chợ đêm	t͡ɕ əː ˧˨ ʔ ʔ ɗ e m ˧˧
chợ đầu mối	t͡ɕ əː ˧˨ ʔ ʔ ɗ ə w ˨˩ m o j ˧˦
chợn	t͡ɕ əː n ˧˨ ʔ
chợp	t͡ɕ əː p̚ ˧˨ ʔ
chợp mắt	t͡ɕ əː p̚ ˧˨ ʔ m a t̚ ˧˦
chợt	t͡ɕ əː t̚ ˧˨ ʔ
chục	t͡ɕ ʊ w k͡p̚ ˧˨ ʔ
chụm	t͡ɕ u m ˧˨ ʔ
chụp	t͡ɕ u p̚ ˧˨ ʔ
chụp hình	t͡ɕ u p̚ ˧˨ ʔ h ï ŋ ˨˩
chụp mũ	t͡ɕ u p̚ ˧˨ ʔ m u ˦ˀ˥
chụp ảnh	t͡ɕ u p̚ ˧˨ ʔ ʔ a j ŋ̟ ˧˩
chụp ếch	t͡ɕ u p̚ ˧˨ ʔ ʔ ə j k̟̚ ˧˦
chụt	t͡ɕ u t̚ ˧˨ ʔ
chủ	t͡ɕ u ˧˩
chủ biên	t͡ɕ u ˧˩ ʔ ɓ i ə n ˧˧
chủ bút	t͡ɕ u ˧˩ ʔ ɓ u t̚ ˧˦
chủ chốt	t͡ɕ u ˧˩ t͡ɕ o t̚ ˧˦
chủ chứa	t͡ɕ u ˧˩ t͡ɕ ɨ ə ˧˦
chủ công	t͡ɕ u ˧˩ k ə w ŋ͡m ˧˧
chủ hôn	t͡ɕ u ˧˩ h o n ˧˧
chủ khảo	t͡ɕ u ˧˩ x aː w ˧˩
chủ kiến	t͡ɕ u ˧˩ k i ə n ˧˦
chủ lưu	t͡ɕ u ˧˩ l i w ˧˧
chủ lực	t͡ɕ u ˧˩ l ɨ k̚ ˧˨ ʔ
chủ mưu	t͡ɕ u ˧˩ m i w ˧˧
chủ nghĩa	t͡ɕ u ˧˩ ŋ i ə ˦ˀ˥
chủ nghĩa Do Thái phục quốc	t͡ɕ u ˧˩ ŋ i ə ˦ˀ˥ z ɔ ˧˧ tʰ aː j ˧˦ f ʊ w k͡p̚ ˧˨ ʔ k u ə k̚ ˧˦
chủ nghĩa Mác	t͡ɕ u ˧˩ ŋ i ə ˦ˀ˥ m aː k̚ ˧˦
chủ nghĩa Quốc xã	t͡ɕ u ˧˩ ŋ i ə ˦ˀ˥ k u ə k̚ ˧˦ s aː ˦ˀ˥
chủ nghĩa bài Do Thái	t͡ɕ u ˧˩ ŋ i ə ˦ˀ˥ ʔ ɓ aː j ˨˩ z ɔ ˧˧ tʰ aː j ˧˦
chủ nghĩa bài Hoa Kì	t͡ɕ u ˧˩ ŋ i ə ˦ˀ˥ ʔ ɓ aː j ˨˩ h w aː ˧˧ k i ˨˩
chủ nghĩa bài Trung Quốc	t͡ɕ u ˧˩ ŋ i ə ˦ˀ˥ ʔ ɓ aː j ˨˩ t͡ɕ ʊ w ŋ͡m ˧˧ k u ə k̚ ˧˦
chủ nghĩa bài Việt Nam	t͡ɕ u ˧˩ ŋ i ə ˦ˀ˥ ʔ ɓ aː j ˨˩ v i ə t̚ ˧˨ ʔ n aː m ˧˧
chủ nghĩa bảo thủ	t͡ɕ u ˧˩ ŋ i ə ˦ˀ˥ ʔ ɓ aː w ˧˩ tʰ u ˧˩
chủ nghĩa chiết trung	t͡ɕ u ˧˩ ŋ i ə ˦ˀ˥ t͡ɕ i ə t̚ ˧˦ t͡ɕ ʊ w ŋ͡m ˧˧
chủ nghĩa chủng tộc	t͡ɕ u ˧˩ ŋ i ə ˦ˀ˥ t͡ɕ ʊ w ŋ͡m ˧˩ t ə w k͡p̚ ˧˨ ʔ
chủ nghĩa cá nhân	t͡ɕ u ˧˩ ŋ i ə ˦ˀ˥ k aː ˧˦ ɲ ə n ˧˧
chủ nghĩa công lợi	t͡ɕ u ˧˩ ŋ i ə ˦ˀ˥ k ə w ŋ͡m ˧˧ l əː j ˧˨ ʔ
chủ nghĩa cấp tiến	t͡ɕ u ˧˩ ŋ i ə ˦ˀ˥ k ə p̚ ˧˦ t i ə n ˧˦
chủ nghĩa cộng sản	t͡ɕ u ˧˩ ŋ i ə ˦ˀ˥ k ə w ŋ͡m ˧˨ ʔ s aː n ˧˩
chủ nghĩa duy tâm	t͡ɕ u ˧˩ ŋ i ə ˦ˀ˥ z w i ˧˧ t ə m ˧˧
chủ nghĩa duy vật	t͡ɕ u ˧˩ ŋ i ə ˦ˀ˥ z w i ˧˧ v ə t̚ ˧˨ ʔ
chủ nghĩa duy vật biện chứng	t͡ɕ u ˧˩ ŋ i ə ˦ˀ˥ z w i ˧˧ v ə t̚ ˧˨ ʔ ʔ ɓ i ə n ˧˨ ʔ t͡ɕ ɨ ŋ ˧˦
chủ nghĩa duy vật lịch sử	t͡ɕ u ˧˩ ŋ i ə ˦ˀ˥ z w i ˧˧ v ə t̚ ˧˨ ʔ l ï k̟̚ ˧˨ ʔ s ɨ ˧˩
chủ nghĩa dân tuý	t͡ɕ u ˧˩ ŋ i ə ˦ˀ˥ z ə n ˧˧ t w i ˧˦
chủ nghĩa dân tộc	t͡ɕ u ˧˩ ŋ i ə ˦ˀ˥ z ə n ˧˧ t ə w k͡p̚ ˧˨ ʔ
chủ nghĩa hoài nghi	t͡ɕ u ˧˩ ŋ i ə ˦ˀ˥ h w aː j ˨˩ ŋ i ˧˧
chủ nghĩa khu vực	t͡ɕ u ˧˩ ŋ i ə ˦ˀ˥ x u ˧˧ v ɨ k̚ ˧˨ ʔ
chủ nghĩa khủng bố	t͡ɕ u ˧˩ ŋ i ə ˦ˀ˥ x ʊ w ŋ͡m ˧˩ ʔ ɓ o ˧˦
chủ nghĩa kinh nghiệm	t͡ɕ u ˧˩ ŋ i ə ˦ˀ˥ k ï ŋ ˧˧ ŋ i ə m ˧˨ ʔ
chủ nghĩa lãng mạn	t͡ɕ u ˧˩ ŋ i ə ˦ˀ˥ l aː ŋ ˦ˀ˥ m aː n ˧˨ ʔ
chủ nghĩa nam nữ bình quyền	t͡ɕ u ˧˩ ŋ i ə ˦ˀ˥ n aː m ˧˧ n ɨ ˦ˀ˥ ʔ ɓ ï ŋ ˨˩ k w i ə n ˨˩
chủ nghĩa ngoại lệ	t͡ɕ u ˧˩ ŋ i ə ˦ˀ˥ ŋ w aː j ˧˨ ʔ l e ˧˨ ʔ
chủ nghĩa nhân văn	t͡ɕ u ˧˩ ŋ i ə ˦ˀ˥ ɲ ə n ˧˧ v a n ˧˧
chủ nghĩa phát xít	t͡ɕ u ˧˩ ŋ i ə ˦ˀ˥ f aː t̚ ˧˦ s i t̚ ˧˦
chủ nghĩa phân biệt chủng tộc	t͡ɕ u ˧˩ ŋ i ə ˦ˀ˥ f ə n ˧˧ ʔ ɓ i ə t̚ ˧˨ ʔ t͡ɕ ʊ w ŋ͡m ˧˩ t ə w k͡p̚ ˧˨ ʔ
chủ nghĩa phục quốc Do Thái	t͡ɕ u ˧˩ ŋ i ə ˦ˀ˥ f ʊ w k͡p̚ ˧˨ ʔ k u ə k̚ ˧˦ z ɔ ˧˧ tʰ aː j ˧˦
chủ nghĩa quốc gia	t͡ɕ u ˧˩ ŋ i ə ˦ˀ˥ k u ə k̚ ˧˦ z aː ˧˧
chủ nghĩa quốc tế	t͡ɕ u ˧˩ ŋ i ə ˦ˀ˥ k u ə k̚ ˧˦ t e ˧˦
chủ nghĩa thế tục	t͡ɕ u ˧˩ ŋ i ə ˦ˀ˥ tʰ e ˧˦ t ʊ w k͡p̚ ˧˨ ʔ
chủ nghĩa thực dân	t͡ɕ u ˧˩ ŋ i ə ˦ˀ˥ tʰ ɨ k̚ ˧˨ ʔ z ə n ˧˧
chủ nghĩa thực dân mới	t͡ɕ u ˧˩ ŋ i ə ˦ˀ˥ tʰ ɨ k̚ ˧˨ ʔ z ə n ˧˧ m əː j ˧˦
chủ nghĩa thực dân định cư	t͡ɕ u ˧˩ ŋ i ə ˦ˀ˥ tʰ ɨ k̚ ˧˨ ʔ z ə n ˧˧ ʔ ɗ ï ŋ ˧˨ ʔ k ɨ ˧˧
chủ nghĩa tiêu dùng	t͡ɕ u ˧˩ ŋ i ə ˦ˀ˥ t i ə w ˧˧ z ʊ w ŋ͡m ˨˩
chủ nghĩa tiêu thụ	t͡ɕ u ˧˩ ŋ i ə ˦ˀ˥ t i ə w ˧˧ tʰ u ˧˨ ʔ
chủ nghĩa tiến bộ	t͡ɕ u ˧˩ ŋ i ə ˦ˀ˥ t i ə n ˧˦ ʔ ɓ o ˧˨ ʔ
chủ nghĩa trung gian	t͡ɕ u ˧˩ ŋ i ə ˦ˀ˥ t͡ɕ ʊ w ŋ͡m ˧˧ z aː n ˧˧
chủ nghĩa trọng thương	t͡ɕ u ˧˩ ŋ i ə ˦ˀ˥ t͡ɕ a w ŋ͡m ˧˨ ʔ tʰ ɨ ə ŋ ˧˧
chủ nghĩa tân cổ điển	t͡ɕ u ˧˩ ŋ i ə ˦ˀ˥ t ə n ˧˧ k o ˧˩ ʔ ɗ i ə n ˧˩
chủ nghĩa tân tự do	t͡ɕ u ˧˩ ŋ i ə ˦ˀ˥ t ə n ˧˧ t ɨ ˧˨ ʔ z ɔ ˧˧
chủ nghĩa tư bản	t͡ɕ u ˧˩ ŋ i ə ˦ˀ˥ t ɨ ˧˧ ʔ ɓ aː n ˧˩
chủ nghĩa tự do	t͡ɕ u ˧˩ ŋ i ə ˦ˀ˥ t ɨ ˧˨ ʔ z ɔ ˧˧
chủ nghĩa tự do cá nhân	t͡ɕ u ˧˩ ŋ i ə ˦ˀ˥ t ɨ ˧˨ ʔ z ɔ ˧˧ k aː ˧˦ ɲ ə n ˧˧
chủ nghĩa tự do cổ điển	t͡ɕ u ˧˩ ŋ i ə ˦ˀ˥ t ɨ ˧˨ ʔ z ɔ ˧˧ k o ˧˩ ʔ ɗ i ə n ˧˩
chủ nghĩa tự do mới	t͡ɕ u ˧˩ ŋ i ə ˦ˀ˥ t ɨ ˧˨ ʔ z ɔ ˧˧ m əː j ˧˦
chủ nghĩa vô chính phủ	t͡ɕ u ˧˩ ŋ i ə ˦ˀ˥ v o ˧˧ t͡ɕ ï ŋ ˧˦ f u ˧˩
chủ nghĩa vô trị	t͡ɕ u ˧˩ ŋ i ə ˦ˀ˥ v o ˧˧ t͡ɕ i ˧˨ ʔ
chủ nghĩa vị lợi	t͡ɕ u ˧˩ ŋ i ə ˦ˀ˥ v i ˧˨ ʔ l əː j ˧˨ ʔ
chủ nghĩa xã hội	t͡ɕ u ˧˩ ŋ i ə ˦ˀ˥ s aː ˦ˀ˥ h o j ˧˨ ʔ
chủ nghĩa xã hội dân chủ	t͡ɕ u ˧˩ ŋ i ə ˦ˀ˥ s aː ˦ˀ˥ h o j ˧˨ ʔ z ə n ˧˧ t͡ɕ u ˧˩
chủ nghĩa xã hội khoa học	t͡ɕ u ˧˩ ŋ i ə ˦ˀ˥ s aː ˦ˀ˥ h o j ˧˨ ʔ x w aː ˧˧ h a w k͡p̚ ˧˨ ʔ
chủ nghĩa xã hội không tưởng	t͡ɕ u ˧˩ ŋ i ə ˦ˀ˥ s aː ˦ˀ˥ h o j ˧˨ ʔ x ə w ŋ͡m ˧˧ t ɨ ə ŋ ˧˩
chủ nghĩa xét lại	t͡ɕ u ˧˩ ŋ i ə ˦ˀ˥ s ɛ t̚ ˧˦ l aː j ˧˨ ʔ
chủ nghĩa yêu nước	t͡ɕ u ˧˩ ŋ i ə ˦ˀ˥ ʔ i ə w ˧˧ n ɨ ə k̚ ˧˦
chủ nghĩa đế quốc	t͡ɕ u ˧˩ ŋ i ə ˦ˀ˥ ʔ ɗ e ˧˦ k u ə k̚ ˧˦
chủ ngữ	t͡ɕ u ˧˩ ŋ ɨ ˦ˀ˥
chủ nhiệm	t͡ɕ u ˧˩ ɲ i ə m ˧˨ ʔ
chủ nhà	t͡ɕ u ˧˩ ɲ aː ˨˩
chủ nhân	t͡ɕ u ˧˩ ɲ ə n ˧˧
chủ nhật	t͡ɕ u ˧˩ ɲ ə t̚ ˧˨ ʔ
chủ nợ	t͡ɕ u ˧˩ n əː ˧˨ ʔ
chủ quan	t͡ɕ u ˧˩ k w aː n ˧˧
chủ quyền	t͡ɕ u ˧˩ k w i ə n ˨˩
chủ quản	t͡ɕ u ˧˩ k w aː n ˧˩
chủ soái	t͡ɕ u ˧˩ s w aː j ˧˦
chủ sự	t͡ɕ u ˧˩ s ɨ ˧˨ ʔ
chủ thầu	t͡ɕ u ˧˩ tʰ ə w ˨˩
chủ thể	t͡ɕ u ˧˩ tʰ e ˧˩
chủ thớt	t͡ɕ u ˧˩ tʰ əː t̚ ˧˦
chủ toạ	t͡ɕ u ˧˩ t w aː ˧˨ ʔ
chủ trì	t͡ɕ u ˧˩ t͡ɕ i ˨˩
chủ trương	t͡ɕ u ˧˩ t͡ɕ ɨ ə ŋ ˧˧
chủ trị	t͡ɕ u ˧˩ t͡ɕ i ˧˨ ʔ
chủ tâm	t͡ɕ u ˧˩ t ə m ˧˧
chủ tướng	t͡ɕ u ˧˩ t ɨ ə ŋ ˧˦
chủ tế	t͡ɕ u ˧˩ t e ˧˦
chủ tịch	t͡ɕ u ˧˩ t ï k̟̚ ˧˨ ʔ
chủ tịch đoàn	t͡ɕ u ˧˩ t ï k̟̚ ˧˨ ʔ ʔ ɗ w aː n ˨˩
chủ từ	t͡ɕ u ˧˩ t ɨ ˨˩
chủ xị	t͡ɕ u ˧˩ s i ˧˨ ʔ
chủ yếu	t͡ɕ u ˧˩ ʔ i ə w ˧˦
chủ âm	t͡ɕ u ˧˩ ʔ ə m ˧˧
chủ ý	t͡ɕ u ˧˩ ʔ i ˧˦
chủ điền	t͡ɕ u ˧˩ ʔ ɗ i ə n ˨˩
chủ đích	t͡ɕ u ˧˩ ʔ ɗ ï k̟̚ ˧˦
chủ đạo	t͡ɕ u ˧˩ ʔ ɗ aː w ˧˨ ʔ
chủ đề	t͡ɕ u ˧˩ ʔ ɗ e ˨˩
chủ định	t͡ɕ u ˧˩ ʔ ɗ ï ŋ ˧˨ ʔ
chủ động	t͡ɕ u ˧˩ ʔ ɗ ə w ŋ͡m ˧˨ ʔ
chủi	t͡ɕ u j ˧˩
chủn	t͡ɕ u n ˧˩
chủng	t͡ɕ ʊ w ŋ͡m ˧˩
chủng loại	t͡ɕ ʊ w ŋ͡m ˧˩ l w aː j ˧˨ ʔ
chủng ngừa	t͡ɕ ʊ w ŋ͡m ˧˩ ŋ ɨ ə ˨˩
chủng tộc	t͡ɕ ʊ w ŋ͡m ˧˩ t ə w k͡p̚ ˧˨ ʔ
chủng tộc thượng đẳng	t͡ɕ ʊ w ŋ͡m ˧˩ t ə w k͡p̚ ˧˨ ʔ tʰ ɨ ə ŋ ˧˨ ʔ ʔ ɗ a ŋ ˧˩
chủng tử	t͡ɕ ʊ w ŋ͡m ˧˩ t ɨ ˧˩
chủng viện	t͡ɕ ʊ w ŋ͡m ˧˩ v i ə n ˧˨ ʔ
chứ	t͡ɕ ɨ ˧˦
chứ lị	t͡ɕ ɨ ˧˦ l i ˧˨ ʔ
chứa	t͡ɕ ɨ ə ˧˦
chứa chấp	t͡ɕ ɨ ə ˧˦ t͡ɕ ə p̚ ˧˦
chứa đựng	t͡ɕ ɨ ə ˧˦ ʔ ɗ ɨ ŋ ˧˨ ʔ
chức	t͡ɕ ɨ k̚ ˧˦
chức danh	t͡ɕ ɨ k̚ ˧˦ z a j ŋ̟ ˧˧
chức nghiệp	t͡ɕ ɨ k̚ ˧˦ ŋ i ə p̚ ˧˨ ʔ
chức năng	t͡ɕ ɨ k̚ ˧˦ n a ŋ ˧˧
chức quyền	t͡ɕ ɨ k̚ ˧˦ k w i ə n ˨˩
chức sắc	t͡ɕ ɨ k̚ ˧˦ s a k̚ ˧˦
chức trách	t͡ɕ ɨ k̚ ˧˦ t͡ɕ a j k̟̚ ˧˦
chức vị	t͡ɕ ɨ k̚ ˧˦ v i ˧˨ ʔ
chức vụ	t͡ɕ ɨ k̚ ˧˦ v u ˧˨ ʔ
chừ	t͡ɕ ɨ ˨˩
chừa	t͡ɕ ɨ ə ˨˩
chử	t͡ɕ ɨ ˧˩
chửa	t͡ɕ ɨ ə ˧˩
chửa hoang	t͡ɕ ɨ ə ˧˩ h w aː ŋ ˧˧
chửi	t͡ɕ ɨ j ˧˩
chửi bới	t͡ɕ ɨ j ˧˩ ʔ ɓ əː j ˧˦
chửi mắng	t͡ɕ ɨ j ˧˩ m a ŋ ˧˦
chửi rủa	t͡ɕ ɨ j ˧˩ z u ə ˧˩
chửi thề	t͡ɕ ɨ j ˧˩ tʰ e ˨˩
chữ	t͡ɕ ɨ ˦ˀ˥
chữ Hán	t͡ɕ ɨ ˦ˀ˥ h aː n ˧˦
chữ Nho	t͡ɕ ɨ ˦ˀ˥ ɲ ɔ ˧˧
chữ Nôm	t͡ɕ ɨ ˦ˀ˥ n o m ˧˧
chữ Trung Quốc	t͡ɕ ɨ ˦ˀ˥ t͡ɕ ʊ w ŋ͡m ˧˧ k u ə k̚ ˧˦
chữ Tàu	t͡ɕ ɨ ˦ˀ˥ t a w ˨˩
chữ cái	t͡ɕ ɨ ˦ˀ˥ k aː j ˧˦
chữ cứng	t͡ɕ ɨ ˦ˀ˥ k ɨ ŋ ˧˦
chữ hành	t͡ɕ ɨ ˦ˀ˥ h a j ŋ̟ ˨˩
chữ khải	t͡ɕ ɨ ˦ˀ˥ x aː j ˧˩
chữ khẩu	t͡ɕ ɨ ˦ˀ˥ x ə w ˧˩
chữ kép	t͡ɕ ɨ ˦ˀ˥ k ɛ p̚ ˧˦
chữ kí	t͡ɕ ɨ ˦ˀ˥ k i ˧˦
chữ mềm	t͡ɕ ɨ ˦ˀ˥ m e m ˨˩
chữ nghĩa	t͡ɕ ɨ ˦ˀ˥ ŋ i ə ˦ˀ˥
chữ nhật	t͡ɕ ɨ ˦ˀ˥ ɲ ə t̚ ˧˨ ʔ
chữ nổi	t͡ɕ ɨ ˦ˀ˥ n o j ˧˩
chữ số	t͡ɕ ɨ ˦ˀ˥ s o ˧˦
chữ số có nghĩa	t͡ɕ ɨ ˦ˀ˥ s o ˧˦ k ɔ ˧˦ ŋ i ə ˦ˀ˥
chữ thảo	t͡ɕ ɨ ˦ˀ˥ tʰ aː w ˧˩
chữ thập	t͡ɕ ɨ ˦ˀ˥ tʰ ə p̚ ˧˨ ʔ
chữ thập đỏ	t͡ɕ ɨ ˦ˀ˥ tʰ ə p̚ ˧˨ ʔ ʔ ɗ ɔ ˧˩
chữ viết	t͡ɕ ɨ ˦ˀ˥ v i ə t̚ ˧˦
chữ vạn	t͡ɕ ɨ ˦ˀ˥ v aː n ˧˨ ʔ
chữ đơn	t͡ɕ ɨ ˦ˀ˥ ʔ ɗ əː n ˧˧
chữa	t͡ɕ ɨ ə ˦ˀ˥
chữa bệnh	t͡ɕ ɨ ə ˦ˀ˥ ʔ ɓ ə j ŋ̟ ˧˨ ʔ
chữa lợn lành thành lợn què	t͡ɕ ɨ ə ˦ˀ˥ l əː n ˧˨ ʔ l a j ŋ̟ ˨˩ tʰ a j ŋ̟ ˨˩ l əː n ˧˨ ʔ k w ɛ ˨˩
chữa trị	t͡ɕ ɨ ə ˦ˀ˥ t͡ɕ i ˧˨ ʔ
chực	t͡ɕ ɨ k̚ ˧˨ ʔ
clip	k l i p̚ ˧˦
clip	k əː ˨˩ l i p̚ ˧˦
co	k ɔ ˧˧
comment	k ɔ m ˧˧ m ɛ n ˧˧
comment	k ɔ m ˨˩ m ɛ n ˧˧
con	k ɔ n ˧˧
cong	k a w ŋ͡m ˧˧
copy	k ɔ p̚ ˧˦ p i ˧˧
cre	k ɹ ɛ ˧˧
crush	k əː ˨˩ z əː t̚ ˧˦
crush	k ɹ əː t̚ ˧˦
cu	k u ˧˧
cute	k u ˧˧ t ɛ ˧˧
cà	k aː ˨˩
cà bát	k aː ˨˩ ʔ ɓ aː t̚ ˧˦
cà chua	k aː ˨˩ t͡ɕ u ə ˧˧
cà chớn	k aː ˨˩ t͡ɕ əː n ˧˦
cà cuống	k aː ˨˩ k u ə ŋ ˧˦
cà dái dê	k aː ˨˩ z aː j ˧˦ z e ˧˧
cà dầm tương	k aː ˨˩ z ə m ˨˩ t ɨ ə ŋ ˧˧
cà giựt	k aː ˨˩ z ɨ t̚ ˧˨ ʔ
cà gỉ	k aː ˨˩ z i ˧˩
cà kheo	k aː ˨˩ x ɛ w ˧˧
cà khịa	k aː ˨˩ x i ə ˧˨ ʔ
cà khổ	k aː ˨˩ x o ˧˩
cà kê	k aː ˨˩ k e ˧˧
cà lem	k aː ˨˩ l ɛ m ˧˧
cà là gỉ	k aː ˨˩ l aː ˨˩ z i ˧˩
cà lăm	k aː ˨˩ l a m ˧˧
cà na	k aː ˨˩ n aː ˧˧
cà nhắc	k aː ˨˩ ɲ a k̚ ˧˦
cà nông	k aː ˨˩ n ə w ŋ͡m ˧˧
cà pháo	k aː ˨˩ f aː w ˧˦
cà độc dược	k aː ˨˩ ʔ ɗ ə w k͡p̚ ˧˨ ʔ z ɨ ə k̚ ˧˨ ʔ
cài	k aː j ˨˩
cài áo	k aː j ˨˩ ʔ aː w ˧˦
cài đặt	k aː j ˨˩ ʔ ɗ a t̚ ˧˨ ʔ
càm ràm	k aː m ˨˩ z aː m ˨˩
càn	k aː n ˨˩
càn khôn	k aː n ˨˩ x o n ˧˧
càn quét	k aː n ˨˩ k w ɛ t̚ ˧˦
càng	k aː ŋ ˨˩
càng cuốc	k aː ŋ ˨˩ k u ə k̚ ˧˦
càng đông càng vui	k aː ŋ ˨˩ ʔ ɗ ə w ŋ͡m ˧˧ k aː ŋ ˨˩ v u j ˧˧
càng đước	k aː ŋ ˨˩ ʔ ɗ ɨ ə k̚ ˧˦
cành	k a j ŋ̟ ˨˩
cành nhánh	k a j ŋ̟ ˨˩ ɲ a j ŋ̟ ˧˦
các	k aː k̚ ˧˦
các hạ	k aː k̚ ˧˦ h aː ˧˨ ʔ
các kiểu	k aː k̚ ˧˦ k i ə w ˧˩
các tông	k aː k̚ ˧˦ t ə w ŋ͡m ˧˧
cách	k a j k̟̚ ˧˦
cách biệt	k a j k̟̚ ˧˦ ʔ ɓ i ə t̚ ˧˨ ʔ
cách chức	k a j k̟̚ ˧˦ t͡ɕ ɨ k̚ ˧˦
cách cách	k a j k̟̚ ˧˦ k a j k̟̚ ˧˦
cách li	k a j k̟̚ ˧˦ l i ˧˧
cách mạng	k a j k̟̚ ˧˦ m aː ŋ ˧˨ ʔ
cách mạng màu	k a j k̟̚ ˧˦ m aː ŋ ˧˨ ʔ m a w ˨˩
cách mạng màu sắc	k a j k̟̚ ˧˦ m aː ŋ ˧˨ ʔ m a w ˨˩ s a k̚ ˧˦
cách mạng sắc màu	k a j k̟̚ ˧˦ m aː ŋ ˧˨ ʔ s a k̚ ˧˦ m a w ˨˩
cách mạng tư sản	k a j k̟̚ ˧˦ m aː ŋ ˧˨ ʔ t ɨ ˧˧ s aː n ˧˩
cách mạng vô sản	k a j k̟̚ ˧˦ m aː ŋ ˧˨ ʔ v o ˧˧ s aː n ˧˩
cách mệnh	k a j k̟̚ ˧˦ m ə j ŋ̟ ˧˨ ʔ
cách ngôn	k a j k̟̚ ˧˦ ŋ o n ˧˧
cách quãng	k a j k̟̚ ˧˦ k w aː ŋ ˦ˀ˥
cách thuỷ	k a j k̟̚ ˧˦ tʰ w i ˧˩
cách thức	k a j k̟̚ ˧˦ tʰ ɨ k̚ ˧˦
cách trở	k a j k̟̚ ˧˦ t͡ɕ əː ˧˩
cách tân	k a j k̟̚ ˧˦ t ə n ˧˧
cách điện	k a j k̟̚ ˧˦ ʔ ɗ i ə n ˧˨ ʔ
cách điệu	k a j k̟̚ ˧˦ ʔ ɗ i ə w ˧˨ ʔ
cách đây	k a j k̟̚ ˧˦ ʔ ɗ ə j ˧˧
cái	k aː j ˧˦
cái gai trong mắt	k aː j ˧˦ ɣ aː j ˧˧ t͡ɕ a w ŋ͡m ˧˧ m a t̚ ˧˦
cái ghẻ	k aː j ˧˦ ɣ ɛ ˧˩
cái gì	k aː j ˧˦ z i ˨˩
cái gọi là	k aː j ˧˦ ɣ ɔ j ˧˨ ʔ l aː ˨˩
cái ngàn vàng	k aː j ˧˦ ŋ aː n ˨˩ v aː ŋ ˨˩
cái này	k aː j ˧˦ n a j ˨˩
cái này là gì	k aː j ˧˦ n a j ˨˩ l aː ˨˩ z i ˨˩
cái răng cái tóc là góc con người	k aː j ˧˦ z a ŋ ˧˧ k aː j ˧˦ t a w k͡p̚ ˧˦ l aː ˨˩ ɣ a w k͡p̚ ˧˦ k ɔ n ˧˧ ŋ ɨ ə j ˨˩
cái rốn của vũ trụ	k aː j ˧˦ z o n ˧˦ k u ə ˧˩ v u ˦ˀ˥ t͡ɕ u ˧˨ ʔ
cái tôi	k aː j ˧˦ t o j ˧˧
cám	k aː m ˧˦
cám cảnh	k aː m ˧˦ k a j ŋ̟ ˧˩
cám dỗ	k aː m ˧˦ z o ˦ˀ˥
cám hấp	k aː m ˧˦ h ə p̚ ˧˦
cám ơn	k aː m ˧˦ ʔ əː n ˧˧
cám ơn rất nhiều	k aː m ˧˦ ʔ əː n ˧˧ z ə t̚ ˧˦ ɲ i ə w ˨˩
cán	k aː n ˧˦
cán bộ	k aː n ˧˦ ʔ ɓ o ˧˨ ʔ
cán cân	k aː n ˧˦ k ə n ˧˧
cán giá	k aː n ˧˦ z aː ˧˦
cán hoạt	k aː n ˧˦ h w aː t̚ ˧˨ ʔ
cán khuẩn	k aː n ˧˦ x w ə n ˧˩
cán sự	k aː n ˧˦ s ɨ ˧˨ ʔ
cán tài	k aː n ˧˦ t aː j ˨˩
cáng	k aː ŋ ˧˦
cáng đáng	k aː ŋ ˧˦ ʔ ɗ aː ŋ ˧˦
cánh	k a j ŋ̟ ˧˦
cánh cam	k a j ŋ̟ ˧˦ k aː m ˧˧
cánh gà	k a j ŋ̟ ˧˦ ɣ aː ˨˩
cánh hữu	k a j ŋ̟ ˧˦ h i w ˦ˀ˥
cánh kiến đỏ	k a j ŋ̟ ˧˦ k i ə n ˧˦ ʔ ɗ ɔ ˧˩
cánh quạt	k a j ŋ̟ ˧˦ k w aː t̚ ˧˨ ʔ
cánh tay	k a j ŋ̟ ˧˦ t a j ˧˧
cánh tay phải	k a j ŋ̟ ˧˦ t a j ˧˧ f aː j ˧˩
cánh tả	k a j ŋ̟ ˧˦ t aː ˧˩
cân	k ə n ˧˧
cân Anh	k ə n ˧˧ ʔ a j ŋ̟ ˧˧
cân bằng	k ə n ˧˧ ʔ ɓ a ŋ ˨˩
cân chìm	k ə n ˧˧ t͡ɕ i m ˨˩
cân nhắc	k ə n ˧˧ ɲ a k̚ ˧˦
cân não	k ə n ˧˧ n aː w ˦ˀ˥
cân nặng	k ə n ˧˧ n a ŋ ˧˨ ʔ
cân thăng bằng	k ə n ˧˧ tʰ a ŋ ˧˧ ʔ ɓ a ŋ ˨˩
cân đối	k ə n ˧˧ ʔ ɗ o j ˧˦
câng	k ə ŋ ˧˧
câu	k ə w ˧˧
câu chuyện	k ə w ˧˧ t͡ɕ w i ə n ˧˨ ʔ
câu chấp	k ə w ˧˧ t͡ɕ ə p̚ ˧˦
câu cú	k ə w ˧˧ k u ˧˦
câu cấu	k ə w ˧˧ k ə w ˧˦
câu cửa miệng	k ə w ˧˧ k ɨ ə ˧˩ m i ə ŋ ˧˨ ʔ
câu giờ	k ə w ˧˧ z əː ˨˩
câu hỏi	k ə w ˧˧ h ɔ j ˧˩
câu kết	k ə w ˧˧ k e t̚ ˧˦
câu lưu	k ə w ˧˧ l i w ˧˧
câu lạc bộ	k ə w ˧˧ l aː k̚ ˧˨ ʔ ʔ ɓ o ˧˨ ʔ
câu nói	k ə w ˧˧ n ɔ j ˧˦
câu nệ	k ə w ˧˧ n e ˧˨ ʔ
câu rút	k ə w ˧˧ z u t̚ ˧˦
câu thúc	k ə w ˧˧ tʰ ʊ w k͡p̚ ˧˦
câu vui	k ə w ˧˧ v u j ˧˧
câu đố	k ə w ˧˧ ʔ ɗ o ˧˦
câu đối	k ə w ˧˧ ʔ ɗ o j ˧˦
cãi	k aː j ˦ˀ˥
cãi chày cãi cối	k aː j ˦ˀ˥ t͡ɕ a j ˨˩ k aː j ˦ˀ˥ k o j ˧˦
cãi cọ	k aː j ˦ˀ˥ k ɔ ˧˨ ʔ
cãi lộn	k aː j ˦ˀ˥ l o n ˧˨ ʔ
cãi vã	k aː j ˦ˀ˥ v aː ˦ˀ˥
cóc	k a w k͡p̚ ˧˦
công chuyện	k ə w ŋ͡m ˧˧ t͡ɕ w i ə n ˧˨ ʔ
công chính	k ə w ŋ͡m ˧˧ t͡ɕ ï ŋ ˧˦
công chúa	k ə w ŋ͡m ˧˧ t͡ɕ u ə ˧˦
công chúng	k ə w ŋ͡m ˧˧ t͡ɕ ʊ w ŋ͡m ˧˦
công chức	k ə w ŋ͡m ˧˧ t͡ɕ ɨ k̚ ˧˦
công chứng	k ə w ŋ͡m ˧˧ t͡ɕ ɨ ŋ ˧˦
công chứng viên	k ə w ŋ͡m ˧˧ t͡ɕ ɨ ŋ ˧˦ v i ə n ˧˧
công cuộc	k ə w ŋ͡m ˧˧ k u ə k̚ ˧˨ ʔ
công công	k ə w ŋ͡m ˧˧ k ə w ŋ͡m ˧˧
công cốc	k ə w ŋ͡m ˧˧ k ə w k͡p̚ ˧˦
công cộng	k ə w ŋ͡m ˧˧ k ə w ŋ͡m ˧˨ ʔ
công cụ	k ə w ŋ͡m ˧˧ k u ˧˨ ʔ
công danh	k ə w ŋ͡m ˧˧ z a j ŋ̟ ˧˧
công dung ngôn hạnh	k ə w ŋ͡m ˧˧ z ʊ w ŋ͡m ˧˧ ŋ o n ˧˧ h a j ŋ̟ ˧˨ ʔ
công dân	k ə w ŋ͡m ˧˧ z ə n ˧˧
công dụng	k ə w ŋ͡m ˧˧ z ʊ w ŋ͡m ˧˨ ʔ
công hiệu	k ə w ŋ͡m ˧˧ h i ə w ˧˨ ʔ
công hàm	k ə w ŋ͡m ˧˧ h aː m ˨˩
công hầu bá tử nam	k ə w ŋ͡m ˧˧ h ə w ˨˩ ʔ ɓ aː ˧˦ t ɨ ˧˩ n aː m ˧˧
công hữu	k ə w ŋ͡m ˧˧ h i w ˦ˀ˥
công khai	k ə w ŋ͡m ˧˧ x aː j ˧˧
công khố	k ə w ŋ͡m ˧˧ x o ˧˦
công kích	k ə w ŋ͡m ˧˧ k ï k̟̚ ˧˦
công lao	k ə w ŋ͡m ˧˧ l aː w ˧˧
công lênh	k ə w ŋ͡m ˧˧ l ə j ŋ̟ ˧˧
công lí	k ə w ŋ͡m ˧˧ l i ˧˦
công lịch	k ə w ŋ͡m ˧˧ l ï k̟̚ ˧˨ ʔ
công lợi	k ə w ŋ͡m ˧˧ l əː j ˧˨ ʔ
công lực	k ə w ŋ͡m ˧˧ l ɨ k̚ ˧˨ ʔ
công nghiệp	k ə w ŋ͡m ˧˧ ŋ i ə p̚ ˧˨ ʔ
công nghiệp hoá	k ə w ŋ͡m ˧˧ ŋ i ə p̚ ˧˨ ʔ h w aː ˧˦
công nghệ	k ə w ŋ͡m ˧˧ ŋ e ˧˨ ʔ
công nghệ cao	k ə w ŋ͡m ˧˧ ŋ e ˧˨ ʔ k aː w ˧˧
công nghệ sinh học	k ə w ŋ͡m ˧˧ ŋ e ˧˨ ʔ s ï ŋ ˧˧ h a w k͡p̚ ˧˨ ʔ
công nghệ thông tin	k ə w ŋ͡m ˧˧ ŋ e ˧˨ ʔ tʰ ə w ŋ͡m ˧˧ t i n ˧˧
công nhân	k ə w ŋ͡m ˧˧ ɲ ə n ˧˧
công nhân quý tộc	k ə w ŋ͡m ˧˧ ɲ ə n ˧˧ k w i ˧˦ t ə w k͡p̚ ˧˨ ʔ
công nhận	k ə w ŋ͡m ˧˧ ɲ ə n ˧˨ ʔ
công nông	k ə w ŋ͡m ˧˧ n ə w ŋ͡m ˧˧
công năng	k ə w ŋ͡m ˧˧ n a ŋ ˧˧
công nữ	k ə w ŋ͡m ˧˧ n ɨ ˦ˀ˥
công phu	k ə w ŋ͡m ˧˧ f u ˧˧
công quả	k ə w ŋ͡m ˧˧ k w aː ˧˩
công quốc	k ə w ŋ͡m ˧˧ k u ə k̚ ˧˦
công suất	k ə w ŋ͡m ˧˧ s w ə t̚ ˧˦
công sản	k ə w ŋ͡m ˧˧ s aː n ˧˩
công sở	k ə w ŋ͡m ˧˧ s əː ˧˩
công sứ	k ə w ŋ͡m ˧˧ s ɨ ˧˦
công sức	k ə w ŋ͡m ˧˧ s ɨ k̚ ˧˦
công sự	k ə w ŋ͡m ˧˧ s ɨ ˧˨ ʔ
công ta	k ə w ŋ͡m ˧˧ t aː ˧˧
công ten nơ	k ə w ŋ͡m ˧˧ t ɛ n ˧˧ n əː ˧˧
công thành danh toại	k ə w ŋ͡m ˧˧ tʰ a j ŋ̟ ˨˩ z a j ŋ̟ ˧˧ t w aː j ˧˨ ʔ
công thái học	k ə w ŋ͡m ˧˧ tʰ aː j ˧˦ h a w k͡p̚ ˧˨ ʔ
công thương	k ə w ŋ͡m ˧˧ tʰ ɨ ə ŋ ˧˧
công thần	k ə w ŋ͡m ˧˧ tʰ ə n ˨˩
công thức	k ə w ŋ͡m ˧˧ tʰ ɨ k̚ ˧˦
công thức hoá học	k ə w ŋ͡m ˧˧ tʰ ɨ k̚ ˧˦ h w aː ˧˦ h a w k͡p̚ ˧˨ ʔ
công thức máu	k ə w ŋ͡m ˧˧ tʰ ɨ k̚ ˧˦ m a w ˧˦
công thự	k ə w ŋ͡m ˧˧ tʰ ɨ ˧˨ ʔ
công ti	k ə w ŋ͡m ˧˧ t i ˧˧
công tác	k ə w ŋ͡m ˧˧ t aː k̚ ˧˦
công tâm	k ə w ŋ͡m ˧˧ t ə m ˧˧
công tắc	k ə w ŋ͡m ˧˧ t a k̚ ˧˦
công tố	k ə w ŋ͡m ˧˧ t o ˧˦
công ích	k ə w ŋ͡m ˧˧ ʔ ï k̟̚ ˧˦
công điện	k ə w ŋ͡m ˧˧ ʔ ɗ i ə n ˧˨ ʔ
công đoàn	k ə w ŋ͡m ˧˧ ʔ ɗ w aː n ˨˩
công đoạn	k ə w ŋ͡m ˧˧ ʔ ɗ w aː n ˧˨ ʔ
công đồng	k ə w ŋ͡m ˧˧ ʔ ɗ ə w ŋ͡m ˨˩
công đức	k ə w ŋ͡m ˧˧ ʔ ɗ ɨ k̚ ˧˦
công ơn	k ə w ŋ͡m ˧˧ ʔ əː n ˧˧
cũng	k ʊ w ŋ͡m ˦ˀ˥
cư	k ɨ ˧˧
cưng	k ɨ ŋ ˧˧
cưng chiều	k ɨ ŋ ˧˧ t͡ɕ i ə w ˨˩
cưu mang	k i w ˧˧ m aː ŋ ˧˧
cươi	k ɨ ə j ˧˧
cương	k ɨ ə ŋ ˧˧
cương cứng	k ɨ ə ŋ ˧˧ k ɨ ŋ ˧˦
cương liệu	k ɨ ə ŋ ˧˧ l i ə w ˧˨ ʔ
cương lĩnh	k ɨ ə ŋ ˧˧ l ï ŋ ˦ˀ˥
cương nghị	k ɨ ə ŋ ˧˧ ŋ i ˧˨ ʔ
cương nhu	k ɨ ə ŋ ˧˧ ɲ u ˧˧
cương quyết	k ɨ ə ŋ ˧˧ k w i ə t̚ ˧˦
cương thi	k ɨ ə ŋ ˧˧ tʰ i ˧˧
cương trực	k ɨ ə ŋ ˧˧ t͡ɕ ɨ k̚ ˧˨ ʔ
cương vị	k ɨ ə ŋ ˧˧ v i ˧˨ ʔ
cương vực	k ɨ ə ŋ ˧˧ v ɨ k̚ ˧˨ ʔ
cước	k ɨ ə k̚ ˧˦
cước chú	k ɨ ə k̚ ˧˦ t͡ɕ u ˧˦
cước phí	k ɨ ə k̚ ˧˦ f i ˧˦
cưới	k ɨ ə j ˧˦
cưới hỏi	k ɨ ə j ˧˦ h ɔ j ˧˩
cưới xin	k ɨ ə j ˧˦ s i n ˧˧
cướp	k ɨ ə p̚ ˧˦
cướp biển	k ɨ ə p̚ ˧˦ ʔ ɓ i ə n ˧˩
cướp bóc	k ɨ ə p̚ ˧˦ ʔ ɓ a w k͡p̚ ˧˦
cướp giật	k ɨ ə p̚ ˧˦ z ə t̚ ˧˨ ʔ
cười	k ɨ ə j ˨˩
cười bò	k ɨ ə j ˨˩ ʔ ɓ ɔ ˨˩
cười chê	k ɨ ə j ˨˩ t͡ɕ e ˧˧
cười khẩy	k ɨ ə j ˨˩ x ə j ˧˩
cười lăn	k ɨ ə j ˨˩ l a n ˧˧
cười lăn cười bò	k ɨ ə j ˨˩ l a n ˧˧ k ɨ ə j ˨˩ ʔ ɓ ɔ ˨˩
cười mỉm	k ɨ ə j ˨˩ m i m ˧˩
cười nhạo	k ɨ ə j ˨˩ ɲ aː w ˧˨ ʔ
cười phá lên	k ɨ ə j ˨˩ f aː ˧˦ l e n ˧˧
cười trừ	k ɨ ə j ˨˩ t͡ɕ ɨ ˨˩
cười vỡ bụng	k ɨ ə j ˨˩ v əː ˦ˀ˥ ʔ ɓ ʊ w ŋ͡m ˧˨ ʔ
cười xoà	k ɨ ə j ˨˩ s w aː ˨˩
cườm	k ɨ ə m ˨˩
cường	k ɨ ə ŋ ˨˩
cường hoá	k ɨ ə ŋ ˨˩ h w aː ˧˦
cường hào	k ɨ ə ŋ ˨˩ h aː w ˨˩
cường lực	k ɨ ə ŋ ˨˩ l ɨ k̚ ˧˨ ʔ
cường quốc	k ɨ ə ŋ ˨˩ k u ə k̚ ˧˦
cường thuỷ	k ɨ ə ŋ ˨˩ tʰ w i ˧˩
cường tráng	k ɨ ə ŋ ˨˩ t͡ɕ aː ŋ ˧˦
cường điệu	k ɨ ə ŋ ˨˩ ʔ ɗ i ə w ˧˨ ʔ
cường đại	k ɨ ə ŋ ˨˩ ʔ ɗ aː j ˧˨ ʔ
cường đạo	k ɨ ə ŋ ˨˩ ʔ ɗ aː w ˧˨ ʔ
cường địch	k ɨ ə ŋ ˨˩ ʔ ɗ ï k̟̚ ˧˨ ʔ
cường độ	k ɨ ə ŋ ˨˩ ʔ ɗ o ˧˨ ʔ
cưỡi	k ɨ ə j ˦ˀ˥
cưỡng	k ɨ ə ŋ ˦ˀ˥
cưỡng bức	k ɨ ə ŋ ˦ˀ˥ ʔ ɓ ɨ k̚ ˧˦
cưỡng chế	k ɨ ə ŋ ˦ˀ˥ t͡ɕ e ˧˦
cưỡng dâm	k ɨ ə ŋ ˦ˀ˥ z ə m ˧˧
cưỡng hiếp	k ɨ ə ŋ ˦ˀ˥ h i ə p̚ ˧˦
cưỡng ép	k ɨ ə ŋ ˦ˀ˥ ʔ ɛ p̚ ˧˦
cưỡng đoạt	k ɨ ə ŋ ˦ˀ˥ ʔ ɗ w aː t̚ ˧˨ ʔ
cược	k ɨ ə k̚ ˧˨ ʔ
cạc	k aː k̚ ˧˨ ʔ
cạc màn hình	k aː k̚ ˧˨ ʔ m aː n ˨˩ h ï ŋ ˨˩
cạc mạng	k aː k̚ ˧˨ ʔ m aː ŋ ˧˨ ʔ
cạc âm thanh	k aː k̚ ˧˨ ʔ ʔ ə m ˧˧ tʰ a j ŋ̟ ˧˧
cạch	k a j k̟̚ ˧˨ ʔ
cạm	k aː m ˧˨ ʔ
cạm bẫy	k aː m ˧˨ ʔ ʔ ɓ ə j ˦ˀ˥
cạn	k aː n ˧˨ ʔ
cạn cợt	k aː n ˧˨ ʔ k əː t̚ ˧˨ ʔ
cạn kiệt	k aː n ˧˨ ʔ k i ə t̚ ˧˨ ʔ
cạn lời	k aː n ˧˨ ʔ l əː j ˨˩
cạnh	k a j ŋ̟ ˧˨ ʔ
cạnh huyền	k a j ŋ̟ ˧˨ ʔ h w i ə n ˨˩
cạnh khoé	k a j ŋ̟ ˧˨ ʔ x w ɛ ˧˦
cạnh tranh	k a j ŋ̟ ˧˨ ʔ t͡ɕ a j ŋ̟ ˧˧
cạnh tranh lành mạnh	k a j ŋ̟ ˧˨ ʔ t͡ɕ a j ŋ̟ ˧˧ l a j ŋ̟ ˨˩ m a j ŋ̟ ˧˨ ʔ
cải	k aː j ˧˩
cải biên	k aː j ˧˩ ʔ ɓ i ə n ˧˧
cải biến	k aː j ˧˩ ʔ ɓ i ə n ˧˦
cải bắp	k aː j ˧˩ ʔ ɓ a p̚ ˧˦
cải bẹ xanh	k aː j ˧˩ ʔ ɓ ɛ ˧˨ ʔ s a j ŋ̟ ˧˧
cải chính	k aː j ˧˩ t͡ɕ ï ŋ ˧˦
cải cách	k aː j ˧˩ k a j k̟̚ ˧˦
cải củ	k aː j ˧˩ k u ˧˩
cải dạng	k aː j ˧˩ z aː ŋ ˧˨ ʔ
cải dầu	k aː j ˧˩ z ə w ˨˩
cải giá	k aː j ˧˩ z aː ˧˦
cải hoá	k aː j ˧˩ h w aː ˧˦
cải làn	k aː j ˧˩ l aː n ˨˩
cải lương	k aː j ˧˩ l ɨ ə ŋ ˧˧
cải rổ	k aː j ˧˩ z o ˧˩
cải thiện	k aː j ˧˩ tʰ i ə n ˧˨ ʔ
cải thìa	k aː j ˧˩ tʰ i ə ˨˩
cải thảo	k aː j ˧˩ tʰ aː w ˧˩
cải tiến	k aː j ˧˩ t i ə n ˧˦
cải trang	k aː j ˧˩ t͡ɕ aː ŋ ˧˧
cải tà quy chính	k aː j ˧˩ t aː ˨˩ k w i ˧˧ t͡ɕ ï ŋ ˧˦
cải táng	k aː j ˧˩ t aː ŋ ˧˦
cải tạo	k aː j ˧˩ t aː w ˧˨ ʔ
cải tổ	k aː j ˧˩ t o ˧˩
cải tử hoàn sinh	k aː j ˧˩ t ɨ ˧˩ h w aː n ˨˩ s ï ŋ ˧˧
cải xanh	k aː j ˧˩ s a j ŋ̟ ˧˧
cải xoong	k aː j ˧˩ s ɔ ŋ ˧˧
cải xoăn	k aː j ˧˩ s w a n ˧˧
cải đạo	k aː j ˧˩ ʔ ɗ aː w ˧˨ ʔ
cảm	k aː m ˧˩
cảm biến	k aː m ˧˩ ʔ ɓ i ə n ˧˦
cảm giác	k aː m ˧˩ z aː k̚ ˧˦
cảm hoài	k aː m ˧˩ h w aː j ˨˩
cảm hoá	k aː m ˧˩ h w aː ˧˦
cảm hứng	k aː m ˧˩ h ɨ ŋ ˧˦
cảm kích	k aː m ˧˩ k ï k̟̚ ˧˦
cảm lạnh	k aː m ˧˩ l a j ŋ̟ ˧˨ ʔ
cảm nghĩ	k aː m ˧˩ ŋ i ˦ˀ˥
cảm nhận	k aː m ˧˩ ɲ ə n ˧˨ ʔ
cảm nắng	k aː m ˧˩ n a ŋ ˧˦
cảm phiền	k aː m ˧˩ f i ə n ˨˩
cảm phục	k aː m ˧˩ f ʊ w k͡p̚ ˧˨ ʔ
cảm thán	k aː m ˧˩ tʰ aː n ˧˦
cảm thông	k aː m ˧˩ tʰ ə w ŋ͡m ˧˧
cảm thương	k aː m ˧˩ tʰ ɨ ə ŋ ˧˧
cảm thấy	k aː m ˧˩ tʰ ə j ˧˦
cảm thụ	k aː m ˧˩ tʰ u ˧˨ ʔ
cảm tình	k aː m ˧˩ t ï ŋ ˨˩
cảm tính	k aː m ˧˩ t ï ŋ ˧˦
cảm tưởng	k aː m ˧˩ t ɨ ə ŋ ˧˩
cảm tạ	k aː m ˧˩ t aː ˧˨ ʔ
cảm từ	k aː m ˧˩ t ɨ ˨˩
cảm tử	k aː m ˧˩ t ɨ ˧˩
cảm xúc	k aː m ˧˩ s ʊ w k͡p̚ ˧˦
cảm động	k aː m ˧˩ ʔ ɗ ə w ŋ͡m ˧˨ ʔ
cảm ơn	k aː m ˧˩ ʔ əː n ˧˧
cảm ứng	k aː m ˧˩ ʔ ɨ ŋ ˧˦
cản	k aː n ˧˩
cản quang	k aː n ˧˩ k w aː ŋ ˧˧
cản trở	k aː n ˧˩ t͡ɕ əː ˧˩
cảng	k aː ŋ ˧˩
cảng hàng không	k aː ŋ ˧˩ h aː ŋ ˨˩ x ə w ŋ͡m ˧˧
cảnh	k a j ŋ̟ ˧˩
cảnh binh	k a j ŋ̟ ˧˩ ʔ ɓ ï ŋ ˧˧
cảnh báo	k a j ŋ̟ ˧˩ ʔ ɓ aː w ˧˦
cảnh cáo	k a j ŋ̟ ˧˩ k aː w ˧˦
cảnh giác	k a j ŋ̟ ˧˩ z aː k̚ ˧˦
cảnh huống	k a j ŋ̟ ˧˩ h u ə ŋ ˧˦
cảnh khuyển	k a j ŋ̟ ˧˩ x w i ə n ˧˩
cảnh ngộ	k a j ŋ̟ ˧˩ ŋ o ˧˨ ʔ
cảnh quan	k a j ŋ̟ ˧˩ k w aː n ˧˧
cảnh sát	k a j ŋ̟ ˧˩ s aː t̚ ˧˦
cảnh sát biển	k a j ŋ̟ ˧˩ s aː t̚ ˧˦ ʔ ɓ i ə n ˧˩
cảnh sát chính tả	k a j ŋ̟ ˧˩ s aː t̚ ˧˦ t͡ɕ ï ŋ ˧˦ t aː ˧˩
cảnh sát hình sự	k a j ŋ̟ ˧˩ s aː t̚ ˧˦ h ï ŋ ˨˩ s ɨ ˧˨ ʔ
cảnh sát trưởng	k a j ŋ̟ ˧˩ s aː t̚ ˧˦ t͡ɕ ɨ ə ŋ ˧˩
cảnh sắc	k a j ŋ̟ ˧˩ s a k̚ ˧˦
cảnh trí	k a j ŋ̟ ˧˩ t͡ɕ i ˧˦
cảnh tượng	k a j ŋ̟ ˧˩ t ɨ ə ŋ ˧˨ ʔ
cảnh tỉnh	k a j ŋ̟ ˧˩ t ï ŋ ˧˩
cảnh vật	k a j ŋ̟ ˧˩ v ə t̚ ˧˨ ʔ
cấn	k ə n ˧˦
cấp	k ə p̚ ˧˦
cấp bách	k ə p̚ ˧˦ ʔ ɓ a j k̟̚ ˧˦
cấp bậc	k ə p̚ ˧˦ ʔ ɓ ə k̚ ˧˨ ʔ
cấp cứu	k ə p̚ ˧˦ k i w ˧˦
cấp dưỡng	k ə p̚ ˧˦ z ɨ ə ŋ ˦ˀ˥
cấp phát	k ə p̚ ˧˦ f aː t̚ ˧˦
cấp số	k ə p̚ ˧˦ s o ˧˦
cấp thiết	k ə p̚ ˧˦ tʰ i ə t̚ ˧˦
cấp tiến	k ə p̚ ˧˦ t i ə n ˧˦
cấp tính	k ə p̚ ˧˦ t ï ŋ ˧˦
cấp tốc	k ə p̚ ˧˦ t ə w k͡p̚ ˧˦
cấp uỷ	k ə p̚ ˧˦ ʔ w i ˧˩
cấp vốn	k ə p̚ ˧˦ v o n ˧˦
cấp độ	k ə p̚ ˧˦ ʔ ɗ o ˧˨ ʔ
cất	k ə t̚ ˧˦
cất bước	k ə t̚ ˧˦ ʔ ɓ ɨ ə k̚ ˧˦
cất cánh	k ə t̚ ˧˦ k a j ŋ̟ ˧˦
cất công	k ə t̚ ˧˦ k ə w ŋ͡m ˧˧
cất giấu	k ə t̚ ˧˦ z ə w ˧˦
cất giữ	k ə t̚ ˧˦ z ɨ ˦ˀ˥
cất nhắc	k ə t̚ ˧˦ ɲ a k̚ ˧˦
cất tiếng	k ə t̚ ˧˦ t i ə ŋ ˧˦
cất trữ	k ə t̚ ˧˦ t͡ɕ ɨ ˦ˀ˥
cấu	k ə w ˧˦
cần	k ə n ˨˩
cần câu	k ə n ˨˩ k ə w ˧˧
cần cù	k ə n ˨˩ k u ˨˩
cần cẩu	k ə n ˨˩ k ə w ˧˩
cần cỏ	k ə n ˨˩ k ɔ ˧˩
cần kiệm	k ə n ˨˩ k i ə m ˧˨ ʔ
cần kíp	k ə n ˨˩ k i p̚ ˧˦
cần lao	k ə n ˨˩ l aː w ˧˧
cần lời giải thích	k ə n ˨˩ l əː j ˨˩ z aː j ˧˩ tʰ ï k̟̚ ˧˦
cần mẫn	k ə n ˨˩ m ə n ˦ˀ˥
cần nước	k ə n ˨˩ n ɨ ə k̚ ˧˦
cần quyền	k ə n ˨˩ k w i ə n ˨˩
cần sa	k ə n ˨˩ s aː ˧˧
cần thiết	k ə n ˨˩ tʰ i ə t̚ ˧˦
cần thăng	k ə n ˨˩ tʰ a ŋ ˧˧
cần thủ	k ə n ˨˩ tʰ u ˧˩
cần tây	k ə n ˨˩ t ə j ˧˧
cần tăng dân số	k ə n ˨˩ t a ŋ ˧˧ z ə n ˧˧ s o ˧˦
cần xé	k ə n ˨˩ s ɛ ˧˦
cầu	k ə w ˨˩
cầu an	k ə w ˨˩ ʔ aː n ˧˧
cầu bơ cầu bất	k ə w ˨˩ ʔ ɓ əː ˧˧ k ə w ˨˩ ʔ ɓ ə t̚ ˧˦
cầu chui	k ə w ˨˩ t͡ɕ u j ˧˧
cầu chì	k ə w ˨˩ t͡ɕ i ˨˩
cầu chúc	k ə w ˨˩ t͡ɕ ʊ w k͡p̚ ˧˦
cầu cơ	k ə w ˨˩ k əː ˧˧
cầu cạn	k ə w ˨˩ k aː n ˧˨ ʔ
cầu cạnh	k ə w ˨˩ k a j ŋ̟ ˧˨ ʔ
cầu cống	k ə w ˨˩ k ə w ŋ͡m ˧˦
cầu cứu	k ə w ˨˩ k i w ˧˦
cầu dao	k ə w ˨˩ z aː w ˧˧
cầu gai	k ə w ˨˩ ɣ aː j ˧˧
cầu hoà	k ə w ˨˩ h w aː ˨˩
cầu được ước thấy	k ə w ˨˩ ʔ ɗ ɨ ə k̚ ˧˨ ʔ ʔ ɨ ə k̚ ˧˦ tʰ ə j ˧˦
cẩn	k ə n ˧˩
cẩn cáo	k ə n ˧˩ k aː w ˧˦
cẩn thận	k ə n ˧˩ tʰ ə n ˧˨ ʔ
cẩn trọng	k ə n ˧˩ t͡ɕ a w ŋ͡m ˧˨ ʔ
cẩn tắc vô ưu	k ə n ˧˩ t a k̚ ˧˦ v o ˧˧ ʔ i w ˧˧
cận	k ə n ˧˨ ʔ
cận chiến	k ə n ˧˨ ʔ t͡ɕ i ə n ˧˦
cận cảnh	k ə n ˧˨ ʔ k a j ŋ̟ ˧˩
cận giáp	k ə n ˧˨ ʔ z aː p̚ ˧˦
cận huyết	k ə n ˧˨ ʔ h w i ə t̚ ˧˦
cận kề	k ə n ˧˨ ʔ k e ˨˩
cận lâm sàng	k ə n ˧˨ ʔ l ə m ˧˧ s aː ŋ ˨˩
cận sử	k ə n ˧˨ ʔ s ɨ ˧˩
cận thị	k ə n ˧˨ ʔ tʰ i ˧˨ ʔ
cận vệ	k ə n ˧˨ ʔ v e ˧˨ ʔ
cận điểm	k ə n ˧˨ ʔ ʔ ɗ i ə m ˧˩
cận đại	k ə n ˧˨ ʔ ʔ ɗ aː j ˧˨ ʔ
cập	k ə p̚ ˧˨ ʔ
cập nhập	k ə p̚ ˧˨ ʔ ɲ ə p̚ ˧˨ ʔ
cập nhật	k ə p̚ ˧˨ ʔ ɲ ə t̚ ˧˨ ʔ
cập nhật hoá	k ə p̚ ˧˨ ʔ ɲ ə t̚ ˧˨ ʔ h w aː ˧˦
cập rập	k ə p̚ ˧˨ ʔ z ə p̚ ˧˨ ʔ
cập vật	k ə p̚ ˧˨ ʔ v ə t̚ ˧˨ ʔ
cật	k ə t̚ ˧˨ ʔ
cật lực	k ə t̚ ˧˨ ʔ l ɨ k̚ ˧˨ ʔ
cật vấn	k ə t̚ ˧˨ ʔ v ə n ˧˦
cốp	k o p̚ ˧˦
cứa	k ɨ ə ˧˦
cứng	k ɨ ŋ ˧˦
cứng cáp	k ɨ ŋ ˧˦ k aː p̚ ˧˦
cứng cỏi	k ɨ ŋ ˧˦ k ɔ j ˧˩
cứng cổ	k ɨ ŋ ˧˦ k o ˧˩
cứng cựa	k ɨ ŋ ˧˦ k ɨ ə ˧˨ ʔ
cứng họng	k ɨ ŋ ˧˦ h a w ŋ͡m ˧˨ ʔ
cứng miệng	k ɨ ŋ ˧˦ m i ə ŋ ˧˨ ʔ
cứng ngắc	k ɨ ŋ ˧˦ ŋ a k̚ ˧˦
cứng nhắc	k ɨ ŋ ˧˦ ɲ a k̚ ˧˦
cứng rắn	k ɨ ŋ ˧˦ z a n ˧˦
cứng đầu	k ɨ ŋ ˧˦ ʔ ɗ ə w ˨˩
cứt	k ɨ t̚ ˧˦
cứt lợn	k ɨ t̚ ˧˦ l əː n ˧˨ ʔ
cứt mũi	k ɨ t̚ ˧˦ m u j ˦ˀ˥
cứt ráy	k ɨ t̚ ˧˦ z a j ˧˦
cứu	k i w ˧˦
cứu chuộc	k i w ˧˦ t͡ɕ u ə k̚ ˧˨ ʔ
cứu chúa	k i w ˧˦ t͡ɕ u ə ˧˦
cứu chữa	k i w ˧˦ t͡ɕ ɨ ə ˦ˀ˥
cứu cánh	k i w ˧˦ k a j ŋ̟ ˧˦
cứu hoả	k i w ˧˦ h w aː ˧˩
cứu hộ	k i w ˧˦ h o ˧˨ ʔ
cứu mạng	k i w ˧˦ m aː ŋ ˧˨ ʔ
cứu nguy	k i w ˧˦ ŋ w i ˧˧
cứu nạn	k i w ˧˦ n aː n ˧˨ ʔ
cứu quốc	k i w ˧˦ k u ə k̚ ˧˦
cứu tinh	k i w ˧˦ t ï ŋ ˧˧
cứu trợ	k i w ˧˦ t͡ɕ əː ˧˨ ʔ
cứu tế	k i w ˧˦ t e ˧˦
cứu vãn	k i w ˧˦ v aː n ˦ˀ˥
cứu vớt	k i w ˧˦ v əː t̚ ˧˦
cứu độ	k i w ˧˦ ʔ ɗ o ˧˨ ʔ
cừu	k i w ˨˩
cừu hận	k i w ˨˩ h ə n ˧˨ ʔ
cừu thị	k i w ˨˩ tʰ i ˧˨ ʔ
cừu địch	k i w ˨˩ ʔ ɗ ï k̟̚ ˧˨ ʔ
cửa sông	k ɨ ə ˧˩ s ə w ŋ͡m ˧˧
cửa sổ	k ɨ ə ˧˩ s o ˧˩
cửa tiệm	k ɨ ə ˧˩ t i ə m ˧˨ ʔ
cửa xoay	k ɨ ə ˧˩ s w a j ˧˧
cửi	k ɨ j ˧˩
cửng	k ɨ ŋ ˧˩
cửu	k i w ˧˩
cửu diệu	k i w ˧˩ z i ə w ˧˨ ʔ
cửu giác	k i w ˧˩ z aː k̚ ˧˦
cửu tuyền	k i w ˧˩ t w i ə n ˨˩
cửu vĩ hồ	k i w ˧˩ v i ˦ˀ˥ h o ˨˩
cửu vạn	k i w ˧˩ v aː n ˧˨ ʔ
cữu	k i w ˦ˀ˥
cựa	k ɨ ə ˧˨ ʔ
cực	k ɨ k̚ ˧˨ ʔ
cực chẳng đã	k ɨ k̚ ˧˨ ʔ t͡ɕ a ŋ ˧˩ ʔ ɗ aː ˦ˀ˥
cực hình	k ɨ k̚ ˧˨ ʔ h ï ŋ ˨˩
cực khoái	k ɨ k̚ ˧˨ ʔ x w aː j ˧˦
cực khổ	k ɨ k̚ ˧˨ ʔ x o ˧˩
cực kì	k ɨ k̚ ˧˨ ʔ k i ˨˩
cực lạc	k ɨ k̚ ˧˨ ʔ l aː k̚ ˧˨ ʔ
cực nhọc	k ɨ k̚ ˧˨ ʔ ɲ a w k͡p̚ ˧˨ ʔ
cực quang	k ɨ k̚ ˧˨ ʔ k w aː ŋ ˧˧
cực thịnh	k ɨ k̚ ˧˨ ʔ tʰ ï ŋ ˧˨ ʔ
cực tiểu	k ɨ k̚ ˧˨ ʔ t i ə w ˧˩
cực trị	k ɨ k̚ ˧˨ ʔ t͡ɕ i ˧˨ ʔ
cực tím	k ɨ k̚ ˧˨ ʔ t i m ˧˦
cực tím sâu	k ɨ k̚ ˧˨ ʔ t i m ˧˦ s ə w ˧˧
cực đoan	k ɨ k̚ ˧˨ ʔ ʔ ɗ w aː n ˧˧
cực đại	k ɨ k̚ ˧˨ ʔ ʔ ɗ aː j ˧˨ ʔ
cực độ	k ɨ k̚ ˧˨ ʔ ʔ ɗ o ˧˨ ʔ
cựu	k i w ˧˨ ʔ
cựu chiến binh	k i w ˧˨ ʔ t͡ɕ i ə n ˧˦ ʔ ɓ ï ŋ ˧˧
d	z e ˧˧
d	z əː ˨˩
d	ʔ ɗ e ˧˧
da	z aː ˧˧
da bọc xương	z aː ˧˧ ʔ ɓ a w k͡p̚ ˧˨ ʔ s ɨ ə ŋ ˧˧
da cam	z aː ˧˧ k aː m ˧˧
da diết	z aː ˧˧ z i ə t̚ ˧˦
da dẻ	z aː ˧˧ z ɛ ˧˩
da gà	z aː ˧˧ ɣ aː ˨˩
da liễu	z aː ˧˧ l i ə w ˦ˀ˥
da màu	z aː ˧˧ m a w ˨˩
da thuộc	z aː ˧˧ tʰ u ə k̚ ˧˨ ʔ
da thịt	z aː ˧˧ tʰ i t̚ ˧˨ ʔ
dai	z aː j ˧˧
dai dẳng	z aː j ˧˧ z a ŋ ˧˩
dam	z aː m ˧˧
dame	ʔ ɗ aː m ˧˧
dan díu	z aː n ˧˧ z i w ˧˦
dang	z aː ŋ ˧˧
dang dở	z aː ŋ ˧˧ z əː ˧˩
danh	z a j ŋ̟ ˧˧
danh bạ	z a j ŋ̟ ˧˧ ʔ ɓ aː ˧˨ ʔ
danh bất hư truyền	z a j ŋ̟ ˧˧ ʔ ɓ ə t̚ ˧˦ h ɨ ˧˧ t͡ɕ w i ə n ˨˩
danh ca	z a j ŋ̟ ˧˧ k aː ˧˧
danh chính ngôn thuận	z a j ŋ̟ ˧˧ t͡ɕ ï ŋ ˧˦ ŋ o n ˧˧ tʰ w ə n ˧˨ ʔ
danh cách	z a j ŋ̟ ˧˧ k a j k̟̚ ˧˦
danh dự	z a j ŋ̟ ˧˧ z ɨ ˧˨ ʔ
danh gia	z a j ŋ̟ ˧˧ z aː ˧˧
danh gia vọng tộc	z a j ŋ̟ ˧˧ z aː ˧˧ v a w ŋ͡m ˧˨ ʔ t ə w k͡p̚ ˧˨ ʔ
danh giá	z a j ŋ̟ ˧˧ z aː ˧˦
danh hiệu	z a j ŋ̟ ˧˧ h i ə w ˧˨ ʔ
danh hoạ	z a j ŋ̟ ˧˧ h w aː ˧˨ ʔ
danh hài	z a j ŋ̟ ˧˧ h aː j ˨˩
danh lam	z a j ŋ̟ ˧˧ l aː m ˧˧
danh lam thắng cảnh	z a j ŋ̟ ˧˧ l aː m ˧˧ tʰ a ŋ ˧˦ k a j ŋ̟ ˧˩
danh lợi	z a j ŋ̟ ˧˧ l əː j ˧˨ ʔ
danh mục	z a j ŋ̟ ˧˧ m ʊ w k͡p̚ ˧˨ ʔ
danh nghĩa	z a j ŋ̟ ˧˧ ŋ i ə ˦ˀ˥
danh ngôn	z a j ŋ̟ ˧˧ ŋ o n ˧˧
danh nhân	z a j ŋ̟ ˧˧ ɲ ə n ˧˧
danh pháp	z a j ŋ̟ ˧˧ f aː p̚ ˧˦
danh phận	z a j ŋ̟ ˧˧ f ə n ˧˨ ʔ
danh sách	z a j ŋ̟ ˧˧ s a j k̟̚ ˧˦
danh sĩ	z a j ŋ̟ ˧˧ s i ˦ˀ˥
danh thiếp	z a j ŋ̟ ˧˧ tʰ i ə p̚ ˧˦
danh thần	z a j ŋ̟ ˧˧ tʰ ə n ˨˩
danh thủ	z a j ŋ̟ ˧˧ tʰ u ˧˩
danh tiếng	z a j ŋ̟ ˧˧ t i ə ŋ ˧˦
danh tài	z a j ŋ̟ ˧˧ t aː j ˨˩
danh tác	z a j ŋ̟ ˧˧ t aː k̚ ˧˦
danh tánh	z a j ŋ̟ ˧˧ t a j ŋ̟ ˧˦
danh tính	z a j ŋ̟ ˧˧ t ï ŋ ˧˦
danh tướng	z a j ŋ̟ ˧˧ t ɨ ə ŋ ˧˦
danh từ	z a j ŋ̟ ˧˧ t ɨ ˨˩
danh từ chung	z a j ŋ̟ ˧˧ t ɨ ˨˩ t͡ɕ ʊ w ŋ͡m ˧˧
danh từ hoá	z a j ŋ̟ ˧˧ t ɨ ˨˩ h w aː ˧˦
danh từ riêng	z a j ŋ̟ ˧˧ t ɨ ˨˩ z i ə ŋ ˧˧
danh tự	z a j ŋ̟ ˧˧ t ɨ ˧˨ ʔ
danh vị	z a j ŋ̟ ˧˧ v i ˧˨ ʔ
danh vọng	z a j ŋ̟ ˧˧ v a w ŋ͡m ˧˨ ʔ
danh xưng	z a j ŋ̟ ˧˧ s ɨ ŋ ˧˧
danh y	z a j ŋ̟ ˧˧ ʔ i ˧˧
danh động từ	z a j ŋ̟ ˧˧ ʔ ɗ ə w ŋ͡m ˧˨ ʔ t ɨ ˨˩
dao	z aː w ˧˧
dao cau	z aː w ˧˧ k a w ˧˧
dao cạo	z aː w ˧˧ k aː w ˧˨ ʔ
dao găm	z aː w ˧˧ ɣ a m ˧˧
dao lam	z aː w ˧˧ l aː m ˧˧
dao nhíp	z aː w ˧˧ ɲ i p̚ ˧˦
dao rọc giấy	z aː w ˧˧ z a w k͡p̚ ˧˨ ʔ z ə j ˧˦
dao động	z aː w ˧˧ ʔ ɗ ə w ŋ͡m ˧˨ ʔ
darmstadti	ʔ ɗ aː m ˧˧ s t aː t̚ ˧˧ t i ˧˧
day	z a j ˧˧
day dứt	z a j ˧˧ z ɨ t̚ ˧˦
debut	ʔ ɗ i ˨˩ ʔ ɓ i w ˧˧
dell	ʔ ɗ ɛ w ˧˦
di	z i ˧˧
di chiếu	z i ˧˧ t͡ɕ i ə w ˧˦
di chuyển	z i ˧˧ t͡ɕ w i ə n ˧˩
di chúc	z i ˧˧ t͡ɕ ʊ w k͡p̚ ˧˦
di chỉ	z i ˧˧ t͡ɕ i ˧˩
di chứng	z i ˧˧ t͡ɕ ɨ ŋ ˧˦
di căn	z i ˧˧ k a n ˧˧
di cư	z i ˧˧ k ɨ ˧˧
di cảo	z i ˧˧ k aː w ˧˩
di dân	z i ˧˧ z ə n ˧˧
di hài	z i ˧˧ h aː j ˨˩
di lí	z i ˧˧ l i ˧˦
di ngôn	z i ˧˧ ŋ o n ˧˧
di sản	z i ˧˧ s aː n ˧˩
di thực	z i ˧˧ tʰ ɨ k̚ ˧˨ ʔ
di truyền	z i ˧˧ t͡ɕ w i ə n ˨˩
di truyền học	z i ˧˧ t͡ɕ w i ə n ˨˩ h a w k͡p̚ ˧˨ ʔ
di tích	z i ˧˧ t ï k̟̚ ˧˦
di tản	z i ˧˧ t aː n ˧˩
di vật	z i ˧˧ v ə t̚ ˧˨ ʔ
di động	z i ˧˧ ʔ ɗ ə w ŋ͡m ˧˨ ʔ
dinh	z ï ŋ ˧˧
dinh dưỡng	z ï ŋ ˧˧ z ɨ ə ŋ ˦ˀ˥
dinh thự	z ï ŋ ˧˧ tʰ ɨ ˧˨ ʔ
dinh tê	z ï ŋ ˧˧ t e ˧˧
diêm	z i ə m ˧˧
diêm dân	z i ə m ˧˧ z ə n ˧˧
diêm dúa	z i ə m ˧˧ z u ə ˧˦
diêm tiêu	z i ə m ˧˧ t i ə w ˧˧
diên vĩ	z i ə n ˧˧ v i ˦ˀ˥
diêu bông	z i ə w ˧˧ ʔ ɓ ə w ŋ͡m ˧˧
diếp	z i ə p̚ ˧˦
diếp cá	z i ə p̚ ˧˦ k aː ˧˦
diều	z i ə w ˨˩
diều hâu	z i ə w ˨˩ h ə w ˧˧
diễm phúc	z i ə m ˦ˀ˥ f ʊ w k͡p̚ ˧˦
diễn	z i ə n ˦ˀ˥
diễn biến	z i ə n ˦ˀ˥ ʔ ɓ i ə n ˧˦
diễn biến hoà bình	z i ə n ˦ˀ˥ ʔ ɓ i ə n ˧˦ h w aː ˨˩ ʔ ɓ ï ŋ ˨˩
diễn giả	z i ə n ˦ˀ˥ z aː ˧˩
diễn giải	z i ə n ˦ˀ˥ z aː j ˧˩
diễn hoạt	z i ə n ˦ˀ˥ h w aː t̚ ˧˨ ʔ
diễn hành	z i ə n ˦ˀ˥ h a j ŋ̟ ˨˩
diễn kịch	z i ə n ˦ˀ˥ k ï k̟̚ ˧˨ ʔ
diễn nghĩa	z i ə n ˦ˀ˥ ŋ i ə ˦ˀ˥
diễn ngôn	z i ə n ˦ˀ˥ ŋ o n ˧˧
diễn ra	z i ə n ˦ˀ˥ z aː ˧˧
diễn thuyết	z i ə n ˦ˀ˥ tʰ w i ə t̚ ˧˦
diễn tiến	z i ə n ˦ˀ˥ t i ə n ˧˦
diễn tả	z i ə n ˦ˀ˥ t aː ˧˩
diễn tấu	z i ə n ˦ˀ˥ t ə w ˧˦
diễn tập	z i ə n ˦ˀ˥ t ə p̚ ˧˨ ʔ
diễn viên	z i ə n ˦ˀ˥ v i ə n ˧˧
diễn viên hài	z i ə n ˦ˀ˥ v i ə n ˧˧ h aː j ˨˩
diễn viên lồng tiếng	z i ə n ˦ˀ˥ v i ə n ˧˧ l ə w ŋ͡m ˨˩ t i ə ŋ ˧˦
diễn văn	z i ə n ˦ˀ˥ v a n ˧˧
diễn xuất	z i ə n ˦ˀ˥ s w ə t̚ ˧˦
diễn đàn	z i ə n ˦ˀ˥ ʔ ɗ aː n ˨˩
diễn đơn	z i ə n ˦ˀ˥ ʔ ɗ əː n ˧˧
diễn đạt	z i ə n ˦ˀ˥ ʔ ɗ aː t̚ ˧˨ ʔ
diễu	z i ə w ˦ˀ˥
diễu binh	z i ə w ˦ˀ˥ ʔ ɓ ï ŋ ˧˧
diễu hành	z i ə w ˦ˀ˥ h a j ŋ̟ ˨˩
diệc	z i ə k̚ ˧˨ ʔ
diện	z i ə n ˧˨ ʔ
diện kiến	z i ə n ˧˨ ʔ k i ə n ˧˦
diện mạo	z i ə n ˧˨ ʔ m aː w ˧˨ ʔ
diện tích	z i ə n ˧˨ ʔ t ï k̟̚ ˧˦
diện tích toàn phần	z i ə n ˧˨ ʔ t ï k̟̚ ˧˦ t w aː n ˨˩ f ə n ˨˩
diện tích xung quanh	z i ə n ˧˨ ʔ t ï k̟̚ ˧˦ s ʊ w ŋ͡m ˧˧ k w a j ŋ̟ ˧˧
diệp	z i ə p̚ ˧˨ ʔ
diệp lục tố	z i ə p̚ ˧˨ ʔ l ʊ w k͡p̚ ˧˨ ʔ t o ˧˦
diệt	z i ə t̚ ˧˨ ʔ
diệt chủng	z i ə t̚ ˧˨ ʔ t͡ɕ ʊ w ŋ͡m ˧˩
diệt khuẩn	z i ə t̚ ˧˨ ʔ x w ə n ˧˩
diệt trừ	z i ə t̚ ˧˨ ʔ t͡ɕ ɨ ˨˩
diệt vong	z i ə t̚ ˧˨ ʔ v a w ŋ͡m ˧˧
diệu	z i ə w ˧˨ ʔ
diệu kì	z i ə w ˧˨ ʔ k i ˨˩
diệu kế	z i ə w ˧˨ ʔ k e ˧˦
do	z ɔ ˧˧
do dự	z ɔ ˧˧ z ɨ ˧˨ ʔ
do thám	z ɔ ˧˧ tʰ aː m ˧˦
do đó	z ɔ ˧˧ ʔ ɗ ɔ ˧˦
doa	z w aː ˧˧
doanh	z w a j ŋ̟ ˧˧
doanh nghiệp	z w a j ŋ̟ ˧˧ ŋ i ə p̚ ˧˨ ʔ
doanh nghiệp liên doanh	z w a j ŋ̟ ˧˧ ŋ i ə p̚ ˧˨ ʔ l i ə n ˧˧ z w a j ŋ̟ ˧˧
doanh nghiệp nhà nước	z w a j ŋ̟ ˧˧ ŋ i ə p̚ ˧˨ ʔ ɲ aː ˨˩ n ɨ ə k̚ ˧˦
doanh nhân	z w a j ŋ̟ ˧˧ ɲ ə n ˧˧
doanh số	z w a j ŋ̟ ˧˧ s o ˧˦
doanh thu	z w a j ŋ̟ ˧˧ tʰ u ˧˧
doanh trại	z w a j ŋ̟ ˧˧ t͡ɕ aː j ˧˨ ʔ
doi	z ɔ j ˧˧
dom	z ɔ m ˧˧
don	z ɔ n ˧˧
dong	z a w ŋ͡m ˧˧
dong riềng	z a w ŋ͡m ˧˧ z i ə ŋ ˨˩
doành	z w a j ŋ̟ ˨˩
doạ	z w aː ˧˨ ʔ
doạ dẫm	z w aː ˧˨ ʔ z ə m ˦ˀ˥
dress code	ʔ ɗ əː ˨˩ z ɛ t̚ ˧˦ k o t̚ ˧˦
du	z u ˧˧
du côn	z u ˧˧ k o n ˧˧
du di	z u ˧˧ z i ˧˧
du dương	z u ˧˧ z ɨ ə ŋ ˧˧
du hành	z u ˧˧ h a j ŋ̟ ˨˩
du học	z u ˧˧ h a w k͡p̚ ˧˨ ʔ
du học sinh	z u ˧˧ h a w k͡p̚ ˧˨ ʔ s ï ŋ ˧˧
du khách	z u ˧˧ x a j k̟̚ ˧˦
du kích	z u ˧˧ k ï k̟̚ ˧˦
du lịch	z u ˧˧ l ï k̟̚ ˧˨ ʔ
du lịch bụi	z u ˧˧ l ï k̟̚ ˧˨ ʔ ʔ ɓ u j ˧˨ ʔ
du mục	z u ˧˧ m ʊ w k͡p̚ ˧˨ ʔ
du nhập	z u ˧˧ ɲ ə p̚ ˧˨ ʔ
du thuyền	z u ˧˧ tʰ w i ə n ˨˩
du đãng	z u ˧˧ ʔ ɗ aː ŋ ˦ˀ˥
dung	z ʊ w ŋ͡m ˧˧
dung dưỡng	z ʊ w ŋ͡m ˧˧ z ɨ ə ŋ ˦ˀ˥
dung dị	z ʊ w ŋ͡m ˧˧ z i ˧˨ ʔ
dung dịch	z ʊ w ŋ͡m ˧˧ z ï k̟̚ ˧˨ ʔ
dung hoà	z ʊ w ŋ͡m ˧˧ h w aː ˨˩
dung lượng	z ʊ w ŋ͡m ˧˧ l ɨ ə ŋ ˧˨ ʔ
dung môi	z ʊ w ŋ͡m ˧˧ m o j ˧˧
dung mạo	z ʊ w ŋ͡m ˧˧ m aː w ˧˨ ʔ
dung nham	z ʊ w ŋ͡m ˧˧ ɲ aː m ˧˧
dung nhan	z ʊ w ŋ͡m ˧˧ ɲ aː n ˧˧
dung tha	z ʊ w ŋ͡m ˧˧ tʰ aː ˧˧
dung thứ	z ʊ w ŋ͡m ˧˧ tʰ ɨ ˧˦
duy	z w i ˧˧
dzô	z o ˧˧
dzô dziên	z o ˧˧ z i ə n ˧˧
dà	z aː ˨˩
dài	z aː j ˨˩
dài dài	z aː j ˨˩ z aː j ˨˩
dài dòng	z aː j ˨˩ z a w ŋ͡m ˨˩
dài hơi	z aː j ˨˩ h əː j ˧˧
dài hạn	z aː j ˨˩ h aː n ˧˨ ʔ
dài lưng tốn vải	z aː j ˨˩ l ɨ ŋ ˧˧ t o n ˧˦ v aː j ˧˩
dàn	z aː n ˨˩
dàn bài	z aː n ˨˩ ʔ ɓ aː j ˨˩
dàn dựng	z aː n ˨˩ z ɨ ŋ ˧˨ ʔ
dàn nhạc	z aː n ˨˩ ɲ aː k̚ ˧˨ ʔ
dàn xếp	z aː n ˨˩ s e p̚ ˧˦
dành	z a j ŋ̟ ˨˩
dành dành	z a j ŋ̟ ˨˩ z a j ŋ̟ ˨˩
dành dụm	z a j ŋ̟ ˨˩ z u m ˧˨ ʔ
dào	z aː w ˨˩
dào ôi	z aː w ˨˩ ʔ o j ˧˧
dàu	z a w ˨˩
dày	z a j ˨˩
dày cộm	z a j ˨˩ k o m ˧˨ ʔ
dày cộp	z a j ˨˩ k o p̚ ˧˨ ʔ
dày dạn	z a j ˨˩ z aː n ˧˨ ʔ
dày dặn	z a j ˨˩ z a n ˧˨ ʔ
dày đặc	z a j ˨˩ ʔ ɗ a k̚ ˧˨ ʔ
dác	z aː k̚ ˧˦
dái	z aː j ˧˦
dái mít	z aː j ˧˦ m i t̚ ˧˦
dái tai	z aː j ˧˦ t aː j ˧˧
dám	z aː m ˧˦
dán	z aː n ˧˦
dáng	z aː ŋ ˧˦
dáng bộ	z aː ŋ ˧˦ ʔ ɓ o ˧˨ ʔ
dáng dấp	z aː ŋ ˧˦ z ə p̚ ˧˦
dáng vẻ	z aː ŋ ˧˦ v ɛ ˧˩
dáng điệu	z aː ŋ ˧˦ ʔ ɗ i ə w ˧˨ ʔ
dát	z aː t̚ ˧˦
dâm	z ə m ˧˧
dâm bụt	z ə m ˧˧ ʔ ɓ u t̚ ˧˨ ʔ
dâm dê	z ə m ˧˧ z e ˧˧
dâm dật	z ə m ˧˧ z ə t̚ ˧˨ ʔ
dâm phụ	z ə m ˧˧ f u ˧˨ ʔ
dâm ô	z ə m ˧˧ ʔ o ˧˧
dâm đãng	z ə m ˧˧ ʔ ɗ aː ŋ ˦ˀ˥
dân	z ə n ˧˧
dân binh	z ə n ˧˧ ʔ ɓ ï ŋ ˧˧
dân biểu	z ə n ˧˧ ʔ ɓ i ə w ˧˩
dân ca	z ə n ˧˧ k aː ˧˧
dân chúng	z ə n ˧˧ t͡ɕ ʊ w ŋ͡m ˧˦
dân chơi	z ə n ˧˧ t͡ɕ əː j ˧˧
dân chủ	z ə n ˧˧ t͡ɕ u ˧˩
dân chủ hoá	z ə n ˧˧ t͡ɕ u ˧˩ h w aː ˧˦
dân chủ tập trung	z ə n ˧˧ t͡ɕ u ˧˩ t ə p̚ ˧˨ ʔ t͡ɕ ʊ w ŋ͡m ˧˧
dân chủ xã hội chủ nghĩa	z ə n ˧˧ t͡ɕ u ˧˩ s aː ˦ˀ˥ h o j ˧˨ ʔ t͡ɕ u ˧˩ ŋ i ə ˦ˀ˥
dân cày	z ə n ˧˧ k a j ˨˩
dân cư	z ə n ˧˧ k ɨ ˧˧
dân dã	z ə n ˧˧ z aː ˦ˀ˥
dân dấn	z ə n ˧˧ z ə n ˧˦
dân dụng	z ə n ˧˧ z ʊ w ŋ͡m ˧˨ ʔ
dân gian	z ə n ˧˧ z aː n ˧˧
dân luật	z ə n ˧˧ l w ə t̚ ˧˨ ʔ
dân lành	z ə n ˧˧ l a j ŋ̟ ˨˩
dân lập	z ə n ˧˧ l ə p̚ ˧˨ ʔ
dân mạng	z ə n ˧˧ m aː ŋ ˧˨ ʔ
dân quyền	z ə n ˧˧ k w i ə n ˨˩
dân quân	z ə n ˧˧ k w ə n ˧˧
dân quốc	z ə n ˧˧ k u ə k̚ ˧˦
dân sinh	z ə n ˧˧ s ï ŋ ˧˧
dân số	z ə n ˧˧ s o ˧˦
dân sự	z ə n ˧˧ s ɨ ˧˨ ʔ
dân trí	z ə n ˧˧ t͡ɕ i ˧˦
dân trị	z ə n ˧˧ t͡ɕ i ˧˨ ʔ
dân tuý	z ə n ˧˧ t w i ˧˦
dân tình	z ə n ˧˧ t ï ŋ ˨˩
dân tộc	z ə n ˧˧ t ə w k͡p̚ ˧˨ ʔ
dân tộc chủ nghĩa	z ə n ˧˧ t ə w k͡p̚ ˧˨ ʔ t͡ɕ u ˧˩ ŋ i ə ˦ˀ˥
dân tộc học	z ə n ˧˧ t ə w k͡p̚ ˧˨ ʔ h a w k͡p̚ ˧˨ ʔ
dân tộc thiểu số	z ə n ˧˧ t ə w k͡p̚ ˧˨ ʔ tʰ i ə w ˧˩ s o ˧˦
dân vận	z ə n ˧˧ v ə n ˧˨ ʔ
dân vệ	z ə n ˧˧ v e ˧˨ ʔ
dân ý	z ə n ˧˧ ʔ i ˧˦
dân đen	z ə n ˧˧ ʔ ɗ ɛ n ˧˧
dâu	z ə w ˧˧
dã	z aː ˦ˀ˥
dã man	z aː ˦ˀ˥ m aː n ˧˧
dã man con ngan	z aː ˦ˀ˥ m aː n ˧˧ k ɔ n ˧˧ ŋ aː n ˧˧
dã ngoại	z aː ˦ˀ˥ ŋ w aː j ˧˨ ʔ
dã sử	z aː ˦ˀ˥ s ɨ ˧˩
dã thú	z aː ˦ˀ˥ tʰ u ˧˦
dã tràng	z aː ˦ˀ˥ t͡ɕ aː ŋ ˨˩
dã tâm	z aː ˦ˀ˥ t ə m ˧˧
dãi	z aː j ˦ˀ˥
dãn	z aː n ˦ˀ˥
dãy	z a j ˦ˀ˥
dãy núi	z a j ˦ˀ˥ n u j ˧˦
dãy núi Trường Sơn	z a j ˦ˀ˥ n u j ˧˦ t͡ɕ ɨ ə ŋ ˨˩ s əː n ˧˧
dép	z ɛ p̚ ˧˦
dép lào	z ɛ p̚ ˧˦ l aː w ˨˩
dép lốp	z ɛ p̚ ˧˦ l o p̚ ˧˦
dép tổ ong	z ɛ p̚ ˧˦ t o ˧˩ ʔ a w ŋ͡m ˧˧
dét	z ɛ t̚ ˧˦
dê	z e ˧˧
dê cụ	z e ˧˧ k u ˧˨ ʔ
dê già	z e ˧˧ z aː ˨˩
dê hoang dã	z e ˧˧ h w aː ŋ ˧˧ z aː ˦ˀ˥
dê trên	z e ˧˧ t͡ɕ e n ˧˧
dê xồm	z e ˧˧ s o m ˨˩
dì	z i ˨˩
dì ghẻ	z i ˨˩ ɣ ɛ ˧˩
dìm	z i m ˨˩
dìu	z i w ˨˩
dìu dắt	z i w ˨˩ z a t̚ ˧˦
dìu dặt	z i w ˨˩ z a t̚ ˧˨ ʔ
dí	z i ˧˦
dí dỏm	z i ˧˦ z ɔ m ˧˩
dích dắc	z ï k̟̚ ˧˦ z a k̚ ˧˦
dím	z i m ˧˦
dính	z ï ŋ ˧˦
dính dáng	z ï ŋ ˧˦ z aː ŋ ˧˦
dít	z i t̚ ˧˦
dò	z ɔ ˨˩
dò dẫm	z ɔ ˨˩ z ə m ˦ˀ˥
dò hỏi	z ɔ ˨˩ h ɔ j ˧˩
dò la	z ɔ ˨˩ l aː ˧˧
dòm	z ɔ m ˨˩
dòm ngó	z ɔ m ˨˩ ŋ ɔ ˧˦
dòn	z ɔ n ˨˩
dòng	z a w ŋ͡m ˨˩
dòng biển	z a w ŋ͡m ˨˩ ʔ ɓ i ə n ˧˩
dòng chảy	z a w ŋ͡m ˨˩ t͡ɕ a j ˧˩
dòng dõi	z a w ŋ͡m ˨˩ z ɔ j ˦ˀ˥
dòng họ	z a w ŋ͡m ˨˩ h ɔ ˧˨ ʔ
dòng kẻ phụ	z a w ŋ͡m ˨˩ k ɛ ˧˩ f u ˧˨ ʔ
dòng triều	z a w ŋ͡m ˨˩ t͡ɕ i ə w ˨˩
dòng điện	z a w ŋ͡m ˨˩ ʔ ɗ i ə n ˧˨ ʔ
dó	z ɔ ˧˦
dóc	z a w k͡p̚ ˧˦
dóm	z ɔ m ˧˦
dô	z o ˧˧
dô diên	z o ˧˧ z i ə n ˧˧
dôi	z o j ˧˧
dôn	z o n ˧˧
dông	z ə w ŋ͡m ˧˧
dông bão	z ə w ŋ͡m ˧˧ ʔ ɓ aː w ˦ˀ˥
dông dài	z ə w ŋ͡m ˧˧ z aː j ˨˩
dông tố	z ə w ŋ͡m ˧˧ t o ˧˦
dõi	z ɔ j ˦ˀ˥
dõi theo	z ɔ j ˦ˀ˥ tʰ ɛ w ˧˧
dõng dạc	z a w ŋ͡m ˦ˀ˥ z aː k̚ ˧˨ ʔ
dù	z u ˨˩
dù dì	z u ˨˩ z i ˨˩
dù lượn	z u ˨˩ l ɨ ə n ˧˨ ʔ
dù mặc	z u ˨˩ m a k̚ ˧˨ ʔ
dùi	z u j ˨˩
dùi cui	z u j ˨˩ k u j ˧˧
dùi mài	z u j ˨˩ m aː j ˨˩
dùm	z u m ˨˩
dúi	z u j ˧˦
dúm	z u m ˧˦
dăm	z a m ˧˧
dăm ba	z a m ˧˧ ʔ ɓ aː ˧˧
dăm bữa nửa tháng	z a m ˧˧ ʔ ɓ ɨ ə ˦ˀ˥ n ɨ ə ˧˩ tʰ aː ŋ ˧˦
dĩ	z i ˦ˀ˥
dĩ chí	z i ˦ˀ˥ t͡ɕ i ˧˦
dĩ hoà vi quý	z i ˦ˀ˥ h w aː ˨˩ v i ˧˧ k w i ˧˦
dĩ nhiên	z i ˦ˀ˥ ɲ i ə n ˧˧
dĩ vãng	z i ˦ˀ˥ v aː ŋ ˦ˀ˥
dĩa	z i ə ˦ˀ˥
dĩa bay	z i ə ˦ˀ˥ ʔ ɓ a j ˧˧
dĩa cân	z i ə ˦ˀ˥ k ə n ˧˧
dĩa hát	z i ə ˦ˀ˥ h aː t̚ ˧˦
dĩn	z i n ˦ˀ˥
dĩnh ngộ	z ï ŋ ˦ˀ˥ ŋ o ˧˨ ʔ
dơ	z əː ˧˧
dơ bẩn	z əː ˧˧ ʔ ɓ ə n ˧˩
dơ dáy	z əː ˧˧ z a j ˧˦
dơ hì	z əː ˧˧ h i ˨˩
dơi	z əː j ˧˧
dơi quạ	z əː j ˧˧ k w aː ˧˨ ʔ
dướng	z ɨ ə ŋ ˧˦
dưỡng chất	z ɨ ə ŋ ˦ˀ˥ t͡ɕ ə t̚ ˧˦
dưỡng dục	z ɨ ə ŋ ˦ˀ˥ z ʊ w k͡p̚ ˧˨ ʔ
dưỡng khí	z ɨ ə ŋ ˦ˀ˥ x i ˧˦
dưỡng lão	z ɨ ə ŋ ˦ˀ˥ l aː w ˦ˀ˥
dưỡng sinh	z ɨ ə ŋ ˦ˀ˥ s ï ŋ ˧˧
dưỡng sức	z ɨ ə ŋ ˦ˀ˥ s ɨ k̚ ˧˦
dưỡng trí viện	z ɨ ə ŋ ˦ˀ˥ t͡ɕ i ˧˦ v i ə n ˧˨ ʔ
dượng	z ɨ ə ŋ ˧˨ ʔ
dượt	z ɨ ə t̚ ˧˨ ʔ
dạ	z aː ˧˨ ʔ
dạ con	z aː ˧˨ ʔ k ɔ n ˧˧
dạ cỏ	z aː ˧˨ ʔ k ɔ ˧˩
dạ dày	z aː ˧˨ ʔ z a j ˨˩
dạ hội	z aː ˧˨ ʔ h o j ˧˨ ʔ
dạ khúc	z aː ˧˨ ʔ x ʊ w k͡p̚ ˧˦
dạ oanh	z aː ˧˨ ʔ ʔ w a j ŋ̟ ˧˧
dạ tiệc	z aː ˧˨ ʔ t i ə k̚ ˧˨ ʔ
dạ vâng	z aː ˧˨ ʔ v ə ŋ ˧˧
dạ vũ	z aː ˧˨ ʔ v u ˦ˀ˥
dại	z aː j ˧˨ ʔ
dại dột	z aː j ˧˨ ʔ z o t̚ ˧˨ ʔ
dại khờ	z aː j ˧˨ ʔ x əː ˨˩
dạm ngõ	z aː m ˧˨ ʔ ŋ ɔ ˦ˀ˥
dạn	z aː n ˧˨ ʔ
dạn dĩ	z aː n ˧˨ ʔ z i ˦ˀ˥
dạng	z aː ŋ ˧˨ ʔ
dạng vô định	z aː ŋ ˧˨ ʔ v o ˧˧ ʔ ɗ ï ŋ ˧˨ ʔ
dạo	z aː w ˧˨ ʔ
dạo này	z aː w ˧˨ ʔ n a j ˨˩
dạo đầu	z aː w ˧˨ ʔ ʔ ɗ ə w ˨˩
dạt	z aː t̚ ˧˨ ʔ
dạt dào	z aː t̚ ˧˨ ʔ z aː w ˨˩
dạy	z a j ˧˨ ʔ
dạy bảo	z a j ˧˨ ʔ ʔ ɓ aː w ˧˩
dạy dỗ	z a j ˧˨ ʔ z o ˦ˀ˥
dạy học	z a j ˧˨ ʔ h a w k͡p̚ ˧˨ ʔ
dạy đời	z a j ˧˨ ʔ ʔ ɗ əː j ˨˩
dải	z aː j ˧˩
dải phân cách	z aː j ˧˩ f ə n ˧˧ k a j k̟̚ ˧˦
dấm đài	z ə m ˧˦ ʔ ɗ aː j ˨˩
dầm	z ə m ˨˩
dầm dề	z ə m ˨˩ z e ˨˩
dần	z ə n ˨˩
dần dà	z ə n ˨˩ z aː ˨˩
dần dần	z ə n ˨˩ z ə n ˨˩
dẫn	z ə n ˦ˀ˥
dẫn chứng	z ə n ˦ˀ˥ t͡ɕ ɨ ŋ ˧˦
dẫn dắt	z ə n ˦ˀ˥ z a t̚ ˧˦
dẫn dụ	z ə n ˦ˀ˥ z u ˧˨ ʔ
dẫn giải	z ə n ˦ˀ˥ z aː j ˧˩
dẫn nhập	z ə n ˦ˀ˥ ɲ ə p̚ ˧˨ ʔ
dẫn điện	z ə n ˦ˀ˥ ʔ ɗ i ə n ˧˨ ʔ
dẫn đầu	z ə n ˦ˀ˥ ʔ ɗ ə w ˨˩
dẫn độ	z ə n ˦ˀ˥ ʔ ɗ o ˧˨ ʔ
dậm	z ə m ˧˨ ʔ
dậm doạ	z ə m ˧˨ ʔ z w aː ˧˨ ʔ
dậm dật	z ə m ˧˨ ʔ z ə t̚ ˧˨ ʔ
dậm dọa	z ə m ˧˨ ʔ z w aː ˧˨ ʔ
dắng dỏi	z a ŋ ˧˦ z ɔ j ˧˩
dắt	z a t̚ ˧˦
dắt mũi	z a t̚ ˧˦ m u j ˦ˀ˥
dằm	z a m ˨˩
dằn	z a n ˨˩
dằn mặt	z a n ˨˩ m a t̚ ˧˨ ʔ
dằn túi	z a n ˨˩ t u j ˧˦
dằn vặt	z a n ˨˩ v a t̚ ˧˨ ʔ
dằng dặc	z a ŋ ˨˩ z a k̚ ˧˨ ʔ
dặm	z a m ˧˨ ʔ
dặn	z a n ˧˨ ʔ
dặn dò	z a n ˧˨ ʔ z ɔ ˨˩
dặt	z a t̚ ˧˨ ʔ
dặt dìu	z a t̚ ˧˨ ʔ z i w ˨˩
dặt dẹo	z a t̚ ˧˨ ʔ z ɛ w ˧˨ ʔ
dẹp	z ɛ p̚ ˧˨ ʔ
dẹp tiệm	z ɛ p̚ ˧˨ ʔ t i ə m ˧˨ ʔ
dẹp yên	z ɛ p̚ ˧˨ ʔ ʔ i ə n ˧˧
dẹt	z ɛ t̚ ˧˨ ʔ
dẻo	z ɛ w ˧˩
dẻo dai	z ɛ w ˧˩ z aː j ˧˧
dế	z e ˧˦
dế chũi	z e ˧˦ t͡ɕ u j ˦ˀ˥
dế dũi	z e ˧˦ z u j ˦ˀ˥
dế mèn	z e ˧˦ m ɛ n ˨˩
dế nhũi	z e ˧˦ ɲ u j ˦ˀ˥
dế trũi	z e ˧˦ t͡ɕ u j ˦ˀ˥
dềnh	z ə j ŋ̟ ˨˩
dễ	z e ˦ˀ˥
dễ bảo	z e ˦ˀ˥ ʔ ɓ aː w ˧˩
dễ chịu	z e ˦ˀ˥ t͡ɕ i w ˧˨ ʔ
dễ dàng	z e ˦ˀ˥ z aː ŋ ˨˩
dễ dãi	z e ˦ˀ˥ z aː j ˦ˀ˥
dễ dầu	z e ˦ˀ˥ z ə w ˨˩
dễ gần	z e ˦ˀ˥ ɣ ə n ˨˩
dễ như trở bàn tay	z e ˦ˀ˥ ɲ ɨ ˧˧ t͡ɕ əː ˧˩ ʔ ɓ aː n ˨˩ t a j ˧˧
dễ như ăn bánh	z e ˦ˀ˥ ɲ ɨ ˧˧ ʔ a n ˧˧ ʔ ɓ a j ŋ̟ ˧˦
dễ như ăn cháo	z e ˦ˀ˥ ɲ ɨ ˧˧ ʔ a n ˧˧ t͡ɕ aː w ˧˦
dễ như ăn kẹo	z e ˦ˀ˥ ɲ ɨ ˧˧ ʔ a n ˧˧ k ɛ w ˧˨ ʔ
dễ sợ	z e ˦ˀ˥ s əː ˧˨ ʔ
dễ thương	z e ˦ˀ˥ tʰ ɨ ə ŋ ˧˧
dễ thường	z e ˦ˀ˥ tʰ ɨ ə ŋ ˨˩
dễ tính	z e ˦ˀ˥ t ï ŋ ˧˦
dễ ợt	z e ˦ˀ˥ ʔ əː t̚ ˧˨ ʔ
dện	z e n ˧˨ ʔ
dệt	z e t̚ ˧˨ ʔ
dị	z i ˧˨ ʔ
dị biệt	z i ˧˨ ʔ ʔ ɓ i ə t̚ ˧˨ ʔ
dị bản	z i ˧˨ ʔ ʔ ɓ aː n ˧˩
dị cấu trúc	z i ˧˨ ʔ k ə w ˧˦ t͡ɕ ʊ w k͡p̚ ˧˦
dị giáo	z i ˧˨ ʔ z aː w ˧˦
dị giới	z i ˧˨ ʔ z əː j ˧˦
dị hoá	z i ˧˨ ʔ h w aː ˧˦
dị hợm	z i ˧˨ ʔ h əː m ˧˨ ʔ
dị nghị	z i ˧˨ ʔ ŋ i ˧˨ ʔ
dị nguyên	z i ˧˨ ʔ ŋ w i ə n ˧˧
dị thường	z i ˧˨ ʔ tʰ ɨ ə ŋ ˨˩
dị thế giới	z i ˧˨ ʔ tʰ e ˧˦ z əː j ˧˦
dị thể	z i ˧˨ ʔ tʰ e ˧˩
dị tính	z i ˧˨ ʔ t ï ŋ ˧˦
dị vật	z i ˧˨ ʔ v ə t̚ ˧˨ ʔ
dị đoan	z i ˧˨ ʔ ʔ ɗ w aː n ˧˧
dị ứng	z i ˧˨ ʔ ʔ ɨ ŋ ˧˦
dịch	z ï k̟̚ ˧˨ ʔ
dịch bệnh	z ï k̟̚ ˧˨ ʔ ʔ ɓ ə j ŋ̟ ˧˨ ʔ
dịch bệnh học	z ï k̟̚ ˧˨ ʔ ʔ ɓ ə j ŋ̟ ˧˨ ʔ h a w k͡p̚ ˧˨ ʔ
dịch chuyển	z ï k̟̚ ˧˨ ʔ t͡ɕ w i ə n ˧˩
dịch chuyển tức thời	z ï k̟̚ ˧˨ ʔ t͡ɕ w i ə n ˧˩ t ɨ k̚ ˧˦ tʰ əː j ˨˩
dịch giả	z ï k̟̚ ˧˨ ʔ z aː ˧˩
dịch hạch	z ï k̟̚ ˧˨ ʔ h a j k̟̚ ˧˨ ʔ
dịch học	z ï k̟̚ ˧˨ ʔ h a w k͡p̚ ˧˨ ʔ
dịch máy	z ï k̟̚ ˧˨ ʔ m a j ˧˦
dịch thuật	z ï k̟̚ ˧˨ ʔ tʰ w ə t̚ ˧˨ ʔ
dịch tả	z ï k̟̚ ˧˨ ʔ t aː ˧˩
dịch tễ	z ï k̟̚ ˧˨ ʔ t e ˦ˀ˥
dịch tễ học	z ï k̟̚ ˧˨ ʔ t e ˦ˀ˥ h a w k͡p̚ ˧˨ ʔ
dịch vị	z ï k̟̚ ˧˨ ʔ v i ˧˨ ʔ
dịch vụ	z ï k̟̚ ˧˨ ʔ v u ˧˨ ʔ
dịp	z i p̚ ˧˨ ʔ
dịu	z i w ˧˨ ʔ
dịu dàng	z i w ˧˨ ʔ z aː ŋ ˨˩
dịu hiền	z i w ˧˨ ʔ h i ə n ˨˩
dịu ngọt	z i w ˧˨ ʔ ŋ ɔ t̚ ˧˨ ʔ
dọc	z a w k͡p̚ ˧˨ ʔ
dọc mùng	z a w k͡p̚ ˧˨ ʔ m ʊ w ŋ͡m ˨˩
dọi	z ɔ j ˧˨ ʔ
dọn	z ɔ n ˧˨ ʔ
dọn dẹp	z ɔ n ˧˨ ʔ z ɛ p̚ ˧˨ ʔ
dỏ	z ɔ ˧˩
dỏm	z ɔ m ˧˩
dỏng	z a w ŋ͡m ˧˩
dốc	z ə w k͡p̚ ˧˦
dối	z o j ˧˦
dối trá	z o j ˧˦ t͡ɕ aː ˧˦
dốt	z o t̚ ˧˦
dốt đặc	z o t̚ ˧˦ ʔ ɗ a k̚ ˧˨ ʔ
dốt đặc cán mai	z o t̚ ˧˦ ʔ ɗ a k̚ ˧˨ ʔ k aː n ˧˦ m aː j ˧˧
dồi	z o j ˨˩
dồi dào	z o j ˨˩ z aː w ˨˩
dồn	z o n ˨˩
dồn dập	z o n ˨˩ z ə p̚ ˧˨ ʔ
dồn nén	z o n ˨˩ n ɛ n ˧˦
dồng dộc	z ə w ŋ͡m ˨˩ z ə w k͡p̚ ˧˨ ʔ
dổ	z o ˧˩
dổi	z o j ˧˩
dỗ	z o ˦ˀ˥
dỗ dành	z o ˦ˀ˥ z a j ŋ̟ ˨˩
dỗi	z o j ˦ˀ˥
dộc	z ə w k͡p̚ ˧˨ ʔ
dội	z o j ˧˨ ʔ
dộng	z ə w ŋ͡m ˧˨ ʔ
dột	z o t̚ ˧˨ ʔ
dột nát	z o t̚ ˧˨ ʔ n aː t̚ ˧˦
dớp	z əː p̚ ˧˦
dờ	z əː ˨˩
dời	z əː j ˨˩
dở	z əː ˧˩
dở dang	z əː ˧˩ z aː ŋ ˧˧
dở dở ương ương	z əː ˧˩ z əː ˧˩ ʔ ɨ ə ŋ ˧˧ ʔ ɨ ə ŋ ˧˧
dở hơi	z əː ˧˩ h əː j ˧˧
dở ẹc	z əː ˧˩ ʔ ɛ k̚ ˧˨ ʔ
dởm	z əː m ˧˩
dỡ	z əː ˦ˀ˥
dợ	z əː ˧˨ ʔ
dợm	z əː m ˧˨ ʔ
dợn	z əː n ˧˨ ʔ
dợn sóng	z əː n ˧˨ ʔ s a w ŋ͡m ˧˦
dụ	z u ˧˨ ʔ
dụ dỗ	z u ˧˨ ʔ z o ˦ˀ˥
dụ khị	z u ˧˨ ʔ x i ˧˨ ʔ
dục	z ʊ w k͡p̚ ˧˨ ʔ
dục năng	z ʊ w k͡p̚ ˧˨ ʔ n a ŋ ˧˧
dục tốc bất đạt	z ʊ w k͡p̚ ˧˨ ʔ t ə w k͡p̚ ˧˦ ʔ ɓ ə t̚ ˧˦ ʔ ɗ aː t̚ ˧˨ ʔ
dục vọng	z ʊ w k͡p̚ ˧˨ ʔ v a w ŋ͡m ˧˨ ʔ
dức	z ɨ k̚ ˧˦
dứt	z ɨ t̚ ˧˦
dứt khoát	z ɨ t̚ ˧˦ x w aː t̚ ˧˦
dứt điểm	z ɨ t̚ ˧˦ ʔ ɗ i ə m ˧˩
dửu dân	z i w ˧˩ z ə n ˧˧
dựt	z ɨ t̚ ˧˨ ʔ
e	ʔ ɛ ˧˧
e dè	ʔ ɛ ˧˧ z ɛ ˨˩
e hèm	ʔ ɛ ˧˧ h ɛ m ˨˩
e lệ	ʔ ɛ ˧˧ l e ˧˨ ʔ
e ngại	ʔ ɛ ˧˧ ŋ aː j ˧˨ ʔ
e sợ	ʔ ɛ ˧˧ s əː ˧˨ ʔ
e ấp	ʔ ɛ ˧˧ ʔ ə p̚ ˧˦
electron	ʔ e ˧˧ l ɛ k̚ ˧˦ t͡ɕ ə w ŋ͡m ˧˧
electron	ʔ ɛ ˧˧ l ɛ k̚ ˧˦ t͡ɕ ə w ŋ͡m ˧˧
elip	ʔ e ˧˧ l i p̚ ˧˦
elip	ʔ ɛ ˧˧ l i p̚ ˧˦
em	ʔ ɛ m ˧˧
em bé	ʔ ɛ m ˧˧ ʔ ɓ ɛ ˧˦
em dâu	ʔ ɛ m ˧˧ z ə w ˧˧
em gái	ʔ ɛ m ˧˧ ɣ aː j ˧˦
em rể	ʔ ɛ m ˧˧ z e ˧˩
em trai	ʔ ɛ m ˧˧ t͡ɕ aː j ˧˧
em yêu anh	ʔ ɛ m ˧˧ ʔ i ə w ˧˧ ʔ a j ŋ̟ ˧˧
eng	ʔ ɛ ŋ ˧˧
eng éc	ʔ ɛ ŋ ˧˧ ʔ ɛ k̚ ˧˦
ensteni	ʔ ɛ n ˧˧ s t ɛ ˧˧ n i ˧˧
enzim	ʔ ɛ n ˧˧ z i m ˧˧
eo	ʔ ɛ w ˧˧
eo biển	ʔ ɛ w ˧˧ ʔ ɓ i ə n ˧˩
eo biển Manche	ʔ ɛ w ˧˧ ʔ ɓ i ə n ˧˩ m a ŋ ˧˧ s əː ˧˧
eo biển Đài Loan	ʔ ɛ w ˧˧ ʔ ɓ i ə n ˧˩ ʔ ɗ aː j ˨˩ l w aː n ˧˧
eo hẹp	ʔ ɛ w ˧˧ h ɛ p̚ ˧˨ ʔ
eo éo	ʔ ɛ w ˧˧ ʔ ɛ w ˧˦
eo ơi	ʔ ɛ w ˧˧ ʔ əː j ˧˧
eribi	ʔ ɛ ˧˧ z i ˧˧ ʔ ɓ i ˧˧
eribi	ʔ ɛ ˧˧ ɹ i ˧˧ ʔ ɓ i ˧˧
este	ʔ ɛ t̚ ˧˦ s t ɛ ˧˧
este	ʔ ɛ t̚ ˧˦ t ɛ ˧˧
europi	ʔ e w ˧˧ z o ˧˧ p i ˧˧
europi	ʔ e w ˧˧ ɹ o ˧˧ p i ˧˧
fan	f aː n ˧˧
fan hâm mộ	f aː n ˧˧ h ə m ˧˧ m o ˧˨ ʔ
fara	f aː ˧˧ z aː ˧˧
fara	f aː ˧˧ ɹ aː ˧˧
fecmi	f ɛ k̚ ˧˦ m i ˧˧
fecmi	f ɛ k̚ ˧˨ ʔ m i ˧˧
fen	f ɛ n ˧˧
file	f aː j ˧˧
flerovi	f l e ˧˧ z ɔ ˧˧ v i ˧˧
flerovi	f l e ˧˧ ɹ ɔ ˧˧ v i ˧˧
flex	f l ə j k̟̚ ˧˦
flo	f l ɔ ˧˧
flo	f əː ˨˩ l ɔ ˧˧
florua	f l ɔ ˧˧ z u ə ˧˧
florua	f l ɔ ˧˧ ɹ u ə ˧˧
flycam	f l aː j ˧˧ k aː m ˧˧
flycam	f əː ˨˩ l aː j ˧˧ k aː m ˧˧
franxi	f əː ˨˩ z aː n ˧˧ s i ˧˧
franxi	f əː ˨˩ ɹ aː n ˧˧ s i ˧˧
franxi	f ɹ aː n ˧˧ s i ˧˧
freeship	f i ˧˧ s i p̚ ˧˦
freeship	f əː ˨˩ z i ˧˧ s i p̚ ˧˦
freeship	f ɹ i ˧˧ s i p̚ ˧˦
g	z e ˧˧
g	ɣ əː ˨˩
g	ɣ əː ˨˩ ʔ ɗ əː n ˧˧
ga	ɣ aː ˧˧
gai	ɣ aː j ˧˧
gai góc	ɣ aː j ˧˧ ɣ a w k͡p̚ ˧˦
gai ốc	ɣ aː j ˧˧ ʔ ə w k͡p̚ ˧˦
gali	ɣ aː ˧˧ l i ˧˧
gam	ɣ aː m ˧˧
game	ɣ e m ˧˧
game	ɣ ɛ m ˧˧
game thủ	ɣ e m ˧˧ tʰ u ˧˩
game thủ	ɣ ɛ m ˧˧ tʰ u ˧˩
gan	ɣ aː n ˧˧
gan bàn tay	ɣ aː n ˧˧ ʔ ɓ aː n ˨˩ t a j ˧˧
gan béo	ɣ aː n ˧˧ ʔ ɓ ɛ w ˧˦
gan dạ	ɣ aː n ˧˧ z aː ˧˨ ʔ
gan lì	ɣ aː n ˧˧ l i ˨˩
gan ngỗng béo	ɣ aː n ˧˧ ŋ ə w ŋ͡m ˦ˀ˥ ʔ ɓ ɛ w ˧˦
gan nhiễm mỡ	ɣ aː n ˧˧ ɲ i ə m ˦ˀ˥ m əː ˦ˀ˥
gang	ɣ aː ŋ ˧˧
gang tấc	ɣ aː ŋ ˧˧ t ə k̚ ˧˦
ganh	ɣ a j ŋ̟ ˧˧
ganh ghét	ɣ a j ŋ̟ ˧˧ ɣ ɛ t̚ ˧˦
ganh tị	ɣ a j ŋ̟ ˧˧ t i ˧˨ ʔ
ganh đua	ɣ a j ŋ̟ ˧˧ ʔ ɗ u ə ˧˧
gay	ɣ a j ˧˧
gay cấn	ɣ a j ˧˧ k ə n ˧˦
gay go	ɣ a j ˧˧ ɣ ɔ ˧˧
gay gắt	ɣ a j ˧˧ ɣ a t̚ ˧˦
gađolini	ɣ aː ˧˧ ʔ ɗ o ˧˧ l i ˧˧ n i ˧˧
gemani	z ɛ ˧˧ m aː ˧˧ n i ˧˧
gen	z ɛ n ˧˧
gen	ɣ ɛ n ˧˧
gh	ɣ əː ˨˩ k ɛ p̚ ˧˦
ghe	ɣ ɛ ˧˧
ghe lườn	ɣ ɛ ˧˧ l ɨ ə n ˨˩
ghen	ɣ ɛ n ˧˧
ghen ghét	ɣ ɛ n ˧˧ ɣ ɛ t̚ ˧˦
ghen tuông	ɣ ɛ n ˧˧ t u ə ŋ ˧˧
ghen tị	ɣ ɛ n ˧˧ t i ˧˨ ʔ
ghen tức	ɣ ɛ n ˧˧ t ɨ k̚ ˧˦
ghen ăn tức ở	ɣ ɛ n ˧˧ ʔ a n ˧˧ t ɨ k̚ ˧˦ ʔ əː ˧˩
ghi	ɣ i ˧˧
ghi bàn	ɣ i ˧˧ ʔ ɓ aː n ˨˩
ghi chép	ɣ i ˧˧ t͡ɕ ɛ p̚ ˧˦
ghi chú	ɣ i ˧˧ t͡ɕ u ˧˦
ghi công	ɣ i ˧˧ k ə w ŋ͡m ˧˧
ghi danh	ɣ i ˧˧ z a j ŋ̟ ˧˧
ghi hình	ɣ i ˧˧ h ï ŋ ˨˩
ghi nhận	ɣ i ˧˧ ɲ ə n ˧˨ ʔ
ghi nhớ	ɣ i ˧˧ ɲ əː ˧˦
ghi sổ	ɣ i ˧˧ s o ˧˩
ghi tên	ɣ i ˧˧ t e n ˧˧
ghi xương khắc cốt	ɣ i ˧˧ s ɨ ə ŋ ˧˧ x a k̚ ˧˦ k o t̚ ˧˦
ghi âm	ɣ i ˧˧ ʔ ə m ˧˧
ghim	ɣ i m ˧˧
ghiền	ɣ i ə n ˨˩
ghè	ɣ ɛ ˨˩
ghèn	ɣ ɛ n ˨˩
ghé	ɣ ɛ ˧˦
ghém	ɣ ɛ m ˧˦
ghép	ɣ ɛ p̚ ˧˦
ghét	ɣ ɛ t̚ ˧˦
ghét bỏ	ɣ ɛ t̚ ˧˦ ʔ ɓ ɔ ˧˩
ghét cay ghét đắng	ɣ ɛ t̚ ˧˦ k a j ˧˧ ɣ ɛ t̚ ˧˦ ʔ ɗ a ŋ ˧˦
ghê	ɣ e ˧˧
ghê tởm	ɣ e ˧˧ t əː m ˧˩
ghì	ɣ i ˨˩
ghìm	ɣ i m ˨˩
ghín	ɣ i n ˧˦
ghẹ	ɣ ɛ ˧˨ ʔ
ghẹo	ɣ ɛ w ˧˨ ʔ
ghẻ	ɣ ɛ ˧˩
ghẻ lạnh	ɣ ɛ ˧˩ l a j ŋ̟ ˧˨ ʔ
ghẻ lở	ɣ ɛ ˧˩ l əː ˧˩
ghẽ	ɣ ɛ ˦ˀ˥
ghế	ɣ e ˧˦
ghế bành	ɣ e ˧˦ ʔ ɓ a j ŋ̟ ˨˩
ghế tréo	ɣ e ˧˦ t͡ɕ ɛ w ˧˦
ghế xếp	ɣ e ˧˦ s e p̚ ˧˦
ghế đẩu	ɣ e ˧˦ ʔ ɗ ə w ˧˩
ghếch	ɣ ə j k̟̚ ˧˦
ghềnh	ɣ ə j ŋ̟ ˨˩
ghệ	ɣ e ˧˨ ʔ
ghệt	ɣ e t̚ ˧˨ ʔ
gi	z i ˧˧
gia	z aː ˧˧
gia bảo	z aː ˧˧ ʔ ɓ aː w ˧˩
gia chủ	z aː ˧˧ t͡ɕ u ˧˩
gia công	z aː ˧˧ k ə w ŋ͡m ˧˧
gia cảnh	z aː ˧˧ k a j ŋ̟ ˧˩
gia cầm	z aː ˧˧ k ə m ˨˩
gia cố	z aː ˧˧ k o ˧˦
gia dụng	z aː ˧˧ z ʊ w ŋ͡m ˧˨ ʔ
gia huấn	z aː ˧˧ h w ə n ˧˦
gia hạn	z aː ˧˧ h aː n ˧˨ ʔ
gia hộ	z aː ˧˧ h o ˧˨ ʔ
gia nhiệt	z aː ˧˧ ɲ i ə t̚ ˧˨ ʔ
gia nhập	z aː ˧˧ ɲ ə p̚ ˧˨ ʔ
gia phổ	z aː ˧˧ f o ˧˩
gia quyến	z aː ˧˧ k w i ə n ˧˦
gia quyền	z aː ˧˧ k w i ə n ˨˩
gia súc	z aː ˧˧ s ʊ w k͡p̚ ˧˦
gia sư	z aː ˧˧ s ɨ ˧˧
gia sản	z aː ˧˧ s aː n ˧˩
gia thanh	z aː ˧˧ tʰ a j ŋ̟ ˧˧
gia thần	z aː ˧˧ tʰ ə n ˨˩
gia tiên	z aː ˧˧ t i ə n ˧˧
gia truyền	z aː ˧˧ t͡ɕ w i ə n ˨˩
gia trưởng	z aː ˧˧ t͡ɕ ɨ ə ŋ ˧˩
gia tài	z aː ˧˧ t aː j ˨˩
gia tăng	z aː ˧˧ t a ŋ ˧˧
gia tư	z aː ˧˧ t ɨ ˧˧
gia tốc	z aː ˧˧ t ə w k͡p̚ ˧˦
gia tộc	z aː ˧˧ t ə w k͡p̚ ˧˨ ʔ
gia vị	z aː ˧˧ v i ˧˨ ʔ
gia đinh	z aː ˧˧ ʔ ɗ ï ŋ ˧˧
gia đình	z aː ˧˧ ʔ ɗ ï ŋ ˨˩
gia đình trị	z aː ˧˧ ʔ ɗ ï ŋ ˨˩ t͡ɕ i ˧˨ ʔ
giai	z aː j ˧˧
giai cấp	z aː j ˧˧ k ə p̚ ˧˦
giai nhân	z aː j ˧˧ ɲ ə n ˧˧
giai phẩm	z aː j ˧˧ f ə m ˧˩
giai thoại	z aː j ˧˧ tʰ w aː j ˧˨ ʔ
giai thừa	z aː j ˧˧ tʰ ɨ ə ˨˩
giai điệu	z aː j ˧˧ ʔ ɗ i ə w ˧˨ ʔ
giai đoạn	z aː j ˧˧ ʔ ɗ w aː n ˧˨ ʔ
giam	z aː m ˧˧
giam cầm	z aː m ˧˧ k ə m ˨˩
gian	z aː n ˧˧
gian dâm	z aː n ˧˧ z ə m ˧˧
gian dối	z aː n ˧˧ z o j ˧˦
gian hàng	z aː n ˧˧ h aː ŋ ˨˩
gian hùng	z aː n ˧˧ h ʊ w ŋ͡m ˨˩
gian khó	z aː n ˧˧ x ɔ ˧˦
gian khổ	z aː n ˧˧ x o ˧˩
gian lao	z aː n ˧˧ l aː w ˧˧
gian lận	z aː n ˧˧ l ə n ˧˨ ʔ
gian manh	z aː n ˧˧ m a j ŋ̟ ˧˧
gian nan	z aː n ˧˧ n aː n ˧˧
gian ngoan	z aː n ˧˧ ŋ w aː n ˧˧
gian nguy	z aː n ˧˧ ŋ w i ˧˧
gian phu	z aː n ˧˧ f u ˧˧
gian thần	z aː n ˧˧ tʰ ə n ˨˩
gian truân	z aː n ˧˧ t͡ɕ w ə n ˧˧
gian tà	z aː n ˧˧ t aː ˨˩
gian xảo	z aː n ˧˧ s aː w ˧˩
gian ác	z aː n ˧˧ ʔ aː k̚ ˧˦
giao	z aː w ˧˧
giao chiến	z aː w ˧˧ t͡ɕ i ə n ˧˦
giao cảm	z aː w ˧˧ k aː m ˧˩
giao cấu	z aː w ˧˧ k ə w ˧˦
giao cắt	z aː w ˧˧ k a t̚ ˧˦
giao diện	z aː w ˧˧ z i ə n ˧˨ ʔ
giao du	z aː w ˧˧ z u ˧˧
giao dịch	z aː w ˧˧ z ï k̟̚ ˧˨ ʔ
giao hoà	z aː w ˧˧ h w aː ˨˩
giao hoán	z aː w ˧˧ h w aː n ˧˦
giao hàng	z aː w ˧˧ h aː ŋ ˨˩
giao hưởng	z aː w ˧˧ h ɨ ə ŋ ˧˩
giao hợp	z aː w ˧˧ h əː p̚ ˧˨ ʔ
giao hữu	z aː w ˧˧ h i w ˦ˀ˥
giao kèo	z aː w ˧˧ k ɛ w ˨˩
giao long	z aː w ˧˧ l a w ŋ͡m ˧˧
giao lưu	z aː w ˧˧ l i w ˧˧
giao mùa	z aː w ˧˧ m u ə ˨˩
giao nộp	z aː w ˧˧ n o p̚ ˧˨ ʔ
giao phó	z aː w ˧˧ f ɔ ˧˦
giao phối	z aː w ˧˧ f o j ˧˦
giao thiệp	z aː w ˧˧ tʰ i ə p̚ ˧˨ ʔ
giao thoa	z aː w ˧˧ tʰ w aː ˧˧
giao thông	z aː w ˧˧ tʰ ə w ŋ͡m ˧˧
giao thông công cộng	z aː w ˧˧ tʰ ə w ŋ͡m ˧˧ k ə w ŋ͡m ˧˧ k ə w ŋ͡m ˧˨ ʔ
giao thương	z aː w ˧˧ tʰ ɨ ə ŋ ˧˧
giao thời	z aː w ˧˧ tʰ əː j ˨˩
giao thừa	z aː w ˧˧ tʰ ɨ ə ˨˩
giao tiếp	z aː w ˧˧ t i ə p̚ ˧˦
giao tranh	z aː w ˧˧ t͡ɕ a j ŋ̟ ˧˧
giao tuyến	z aː w ˧˧ t w i ə n ˧˦
giao tế	z aː w ˧˧ t e ˧˦
giao tử	z aː w ˧˧ t ɨ ˧˩
giao điểm	z aː w ˧˧ ʔ ɗ i ə m ˧˩
giao ước	z aː w ˧˧ ʔ ɨ ə k̚ ˧˦
gieo	z ɛ w ˧˧
gieo nhân nào gặt quả nấy	z ɛ w ˧˧ ɲ ə n ˧˧ n aː w ˨˩ ɣ a t̚ ˧˨ ʔ k w aː ˧˩ n ə j ˧˦
gieo rắc	z ɛ w ˧˧ z a k̚ ˧˦
gieo sạ	z ɛ w ˧˧ s aː ˧˨ ʔ
gio	z ɔ ˧˧
giong	z a w ŋ͡m ˧˧
gioăng	z w a ŋ ˧˧
giun	z u n ˧˧
giun chỉ	z u n ˧˧ t͡ɕ i ˧˩
giun dẹp	z u n ˧˧ z ɛ p̚ ˧˨ ʔ
giun kim	z u n ˧˧ k i m ˧˧
giun lươn	z u n ˧˧ l ɨ ə n ˧˧
giun sán	z u n ˧˧ s aː n ˧˦
giun tròn	z u n ˧˧ t͡ɕ ɔ n ˨˩
giun đũa	z u n ˧˧ ʔ ɗ u ə ˦ˀ˥
giun đất	z u n ˧˧ ʔ ɗ ə t̚ ˧˦
giun đốt	z u n ˧˧ ʔ ɗ o t̚ ˧˦
giuýp	z w i p̚ ˧˦
giuống	z u ə ŋ ˧˦
giuộc	z u ə k̚ ˧˨ ʔ
già	z aː ˨˩
già chơi trống bỏi	z aː ˨˩ t͡ɕ əː j ˧˧ t͡ɕ ə w ŋ͡m ˧˦ ʔ ɓ ɔ j ˧˩
già cả	z aː ˨˩ k aː ˧˩
già cốc	z aː ˨˩ k ə w k͡p̚ ˧˦
già cốc đế	z aː ˨˩ k ə w k͡p̚ ˧˦ ʔ ɗ e ˧˦
già cỗi	z aː ˨˩ k o j ˦ˀ˥
già dặn	z aː ˨˩ z a n ˧˨ ʔ
già giặn	z aː ˨˩ z a n ˧˨ ʔ
già khú	z aː ˨˩ x u ˧˦
già lam	z aː ˨˩ l aː m ˧˧
già nua	z aː ˨˩ n u ə ˧˧
già yếu	z aː ˨˩ ʔ i ə w ˧˦
già đòn non lẽ	z aː ˨˩ ʔ ɗ ɔ n ˨˩ n ɔ n ˧˧ l ɛ ˦ˀ˥
giàn	z aː n ˨˩
giàn giáo	z aː n ˨˩ z aː w ˧˦
giàn giụa	z aː n ˨˩ z u ə ˧˨ ʔ
giàng	z aː ŋ ˨˩
giành	z a j ŋ̟ ˨˩
giành giật	z a j ŋ̟ ˨˩ z ə t̚ ˧˨ ʔ
giàu	z a w ˨˩
giàu có	z a w ˨˩ k ɔ ˧˦
giàu mạnh	z a w ˨˩ m a j ŋ̟ ˧˨ ʔ
giàu sang	z a w ˨˩ s aː ŋ ˧˧
giày	z a j ˨˩
giày bata	z a j ˨˩ ʔ ɓ aː ˧˧ t aː ˧˧
giày cao gót	z a j ˨˩ k aː w ˧˧ ɣ ɔ t̚ ˧˦
giày dép	z a j ˨˩ z ɛ p̚ ˧˦
giày sô	z a j ˨˩ s o ˧˧
giày vò	z a j ˨˩ v ɔ ˨˩
giày ống	z a j ˨˩ ʔ ə w ŋ͡m ˧˦
giá	z aː ˧˦
giá biểu	z aː ˧˦ ʔ ɓ i ə w ˧˩
giá chuộc	z aː ˧˦ t͡ɕ u ə k̚ ˧˨ ʔ
giá chợ	z aː ˧˦ t͡ɕ əː ˧˨ ʔ
giá cả	z aː ˧˦ k aː ˧˩
giá lạnh	z aː ˧˦ l a j ŋ̟ ˧˨ ʔ
giá rét	z aː ˧˦ z ɛ t̚ ˧˦
giá thành	z aː ˧˦ tʰ a j ŋ̟ ˨˩
giá thú	z aː ˧˦ tʰ u ˧˦
giá trị	z aː ˧˦ t͡ɕ i ˧˨ ʔ
giá trị lớn nhất	z aː ˧˦ t͡ɕ i ˧˨ ʔ l əː n ˧˦ ɲ ə t̚ ˧˦
giá trị nhỏ nhất	z aː ˧˦ t͡ɕ i ˧˨ ʔ ɲ ɔ ˧˩ ɲ ə t̚ ˧˦
giá trị trao đổi	z aː ˧˦ t͡ɕ i ˧˨ ʔ t͡ɕ aː w ˧˧ ʔ ɗ o j ˧˩
giá trị tuyệt đối	z aː ˧˦ t͡ɕ i ˧˨ ʔ t w i ə t̚ ˧˨ ʔ ʔ ɗ o j ˧˦
giá trị tổng kiểm	z aː ˧˦ t͡ɕ i ˧˨ ʔ t ə w ŋ͡m ˧˩ k i ə m ˧˩
giá vốn	z aː ˧˦ v o n ˧˦
giá đỗ	z aː ˧˦ ʔ ɗ o ˦ˀ˥
giác	z aː k̚ ˧˦
giác mạc	z aː k̚ ˧˦ m aː k̚ ˧˨ ʔ
giác ngộ	z aː k̚ ˧˦ ŋ o ˧˨ ʔ
giác quan	z aː k̚ ˧˦ k w aː n ˧˧
giác sát	z aː k̚ ˧˦ s aː t̚ ˧˦
giái	z aː j ˧˦
giám	z aː m ˧˦
giám hộ	z aː m ˧˦ h o ˧˨ ʔ
giám khảo	z aː m ˧˦ x aː w ˧˩
giám mục	z aː m ˧˦ m ʊ w k͡p̚ ˧˨ ʔ
giám ngục	z aː m ˧˦ ŋ ʊ w k͡p̚ ˧˨ ʔ
giám sát	z aː m ˧˦ s aː t̚ ˧˦
giám thị	z aː m ˧˦ tʰ i ˧˨ ʔ
giám tỉnh	z aː m ˧˦ t ï ŋ ˧˩
giám định	z aː m ˧˦ ʔ ɗ ï ŋ ˧˨ ʔ
giám đốc	z aː m ˧˦ ʔ ɗ ə w k͡p̚ ˧˦
giáng	z aː ŋ ˧˦
giáng hạ	z aː ŋ ˧˦ h aː ˧˨ ʔ
giáng lâm	z aː ŋ ˧˦ l ə m ˧˧
giáng sinh	z aː ŋ ˧˦ s ï ŋ ˧˧
giáng thuỷ	z aː ŋ ˧˦ tʰ w i ˧˩
giáng thế	z aː ŋ ˧˦ tʰ e ˧˦
giáng trần	z aː ŋ ˧˦ t͡ɕ ə n ˨˩
giáo	z aː w ˧˦
giáo chủ	z aː w ˧˦ t͡ɕ u ˧˩
giáo cả	z aː w ˧˦ k aː ˧˩
giáo dân	z aː w ˧˦ z ə n ˧˧
giáo dưỡng	z aː w ˧˦ z ɨ ə ŋ ˦ˀ˥
giáo dục	z aː w ˧˦ z ʊ w k͡p̚ ˧˨ ʔ
giáo dục học	z aː w ˧˦ z ʊ w k͡p̚ ˧˨ ʔ h a w k͡p̚ ˧˨ ʔ
giáo dục quốc phòng	z aː w ˧˦ z ʊ w k͡p̚ ˧˨ ʔ k u ə k̚ ˧˦ f a w ŋ͡m ˨˩
giáo dục thể chất	z aː w ˧˦ z ʊ w k͡p̚ ˧˨ ʔ tʰ e ˧˩ t͡ɕ ə t̚ ˧˦
giáo giở	z aː w ˧˦ z əː ˧˩
giáo hoàng	z aː w ˧˦ h w aː ŋ ˨˩
giáo hạt	z aː w ˧˦ h aː t̚ ˧˨ ʔ
giáo hội	z aː w ˧˦ h o j ˧˨ ʔ
giáo khoa	z aː w ˧˦ x w aː ˧˧
giáo khu	z aː w ˧˦ x u ˧˧
giáo lí	z aː w ˧˦ l i ˧˦
giáo phái	z aː w ˧˦ f aː j ˧˦
giáo phận	z aː w ˧˦ f ə n ˧˨ ʔ
giáo sĩ	z aː w ˧˦ s i ˦ˀ˥
giáo sư	z aː w ˧˦ s ɨ ˧˧
giáo thụ	z aː w ˧˦ tʰ u ˧˨ ʔ
giáo triều	z aː w ˧˦ t͡ɕ i ə w ˨˩
giáo trình	z aː w ˧˦ t͡ɕ ï ŋ ˨˩
giáo tỉnh	z aː w ˧˦ t ï ŋ ˧˩
giáo viên	z aː w ˧˦ v i ə n ˧˧
giáo xứ	z aː w ˧˦ s ɨ ˧˦
giáo án	z aː w ˧˦ ʔ aː n ˧˦
giáo điều	z aː w ˧˦ ʔ ɗ i ə w ˨˩
giáo đường	z aː w ˧˦ ʔ ɗ ɨ ə ŋ ˨˩
giáp	z aː p̚ ˧˦
giáp cốt	z aː p̚ ˧˦ k o t̚ ˧˦
giáp cốt văn	z aː p̚ ˧˦ k o t̚ ˧˦ v a n ˧˧
giáp lá cà	z aː p̚ ˧˦ l aː ˧˦ k aː ˨˩
giáp trạng	z aː p̚ ˧˦ t͡ɕ aː ŋ ˧˨ ʔ
giâm	z ə m ˧˧
giâu	z ə w ˧˧
giây	z ə j ˧˧
giây lát	z ə j ˧˧ l aː t̚ ˧˦
giây phút	z ə j ˧˧ f u t̚ ˧˦
giã	z aː ˦ˀ˥
giã từ	z aː ˦ˀ˥ t ɨ ˨˩
giãi	z aː j ˦ˀ˥
giãi bày	z aː j ˦ˀ˥ ʔ ɓ a j ˨˩
giãy	z a j ˦ˀ˥
giãy chết	z a j ˦ˀ˥ t͡ɕ e t̚ ˧˦
giãy nảy	z a j ˦ˀ˥ n a j ˧˩
gièm	z ɛ m ˨˩
gièm pha	z ɛ m ˨˩ f aː ˧˧
gié	z ɛ ˧˦
giéo	z ɛ w ˧˦
giéo giắt	z ɛ w ˧˦ z a t̚ ˧˦
giê	z e ˧˧
giê dưới	z e ˧˧ z ɨ ə j ˧˦
giêng	z i ə ŋ ˧˧
giò	z ɔ ˨˩
giò cháo quẩy	z ɔ ˨˩ t͡ɕ aː w ˧˦ k w ə j ˧˩
giò lụa	z ɔ ˨˩ l u ə ˧˨ ʔ
giò thủ	z ɔ ˨˩ tʰ u ˧˩
giòi	z ɔ j ˨˩
giòn	z ɔ n ˨˩
giòn giã	z ɔ n ˨˩ z aː ˦ˀ˥
giòn rụm	z ɔ n ˨˩ z u m ˧˨ ʔ
giòn tan	z ɔ n ˨˩ t aː n ˧˧
gió	z ɔ ˧˦
gió Lào	z ɔ ˧˦ l aː w ˨˩
gió bấc	z ɔ ˧˦ ʔ ɓ ə k̚ ˧˦
gió chiều nào theo chiều ấy	z ɔ ˧˦ t͡ɕ i ə w ˨˩ n aː w ˨˩ tʰ ɛ w ˧˧ t͡ɕ i ə w ˨˩ ʔ ə j ˧˦
gió chướng	z ɔ ˧˦ t͡ɕ ɨ ə ŋ ˧˦
gió giật	z ɔ ˧˦ z ə t̚ ˧˨ ʔ
gió lùa	z ɔ ˧˦ l u ə ˨˩
gió lốc	z ɔ ˧˦ l ə w k͡p̚ ˧˦
gió mùa	z ɔ ˧˦ m u ə ˨˩
gió mậu dịch	z ɔ ˧˦ m ə w ˧˨ ʔ z ï k̟̚ ˧˨ ʔ
gió táp mưa sa	z ɔ ˧˦ t aː p̚ ˧˦ m ɨ ə ˧˧ s aː ˧˧
gió vàng	z ɔ ˧˦ v aː ŋ ˨˩
gióc	z a w k͡p̚ ˧˦
gióng	z a w ŋ͡m ˧˦
giông	z ə w ŋ͡m ˧˧
giông bão	z ə w ŋ͡m ˧˧ ʔ ɓ aː w ˦ˀ˥
giõi	z ɔ j ˦ˀ˥
giùi	z u j ˨˩
giùm	z u m ˨˩
giú	z u ˧˦
giúp	z u p̚ ˧˦
giúp lễ	z u p̚ ˧˦ l e ˦ˀ˥
giúp việc	z u p̚ ˧˦ v i ə k̚ ˧˨ ʔ
giúp ích	z u p̚ ˧˦ ʔ ï k̟̚ ˧˦
giúp đỡ	z u p̚ ˧˦ ʔ ɗ əː ˦ˀ˥
giăm	z a m ˧˧
giăng	z a ŋ ˧˧
giũ	z u ˦ˀ˥
giũa	z u ə ˦ˀ˥
giơ	z əː ˧˧
giơ cao đánh khẽ	z əː ˧˧ k aː w ˧˧ ʔ ɗ a j ŋ̟ ˧˦ x ɛ ˦ˀ˥
giương	z ɨ ə ŋ ˧˧
giường	z ɨ ə ŋ ˨˩
giạ	z aː ˧˨ ʔ
giại	z aː j ˧˨ ʔ
giạng	z aː ŋ ˧˨ ʔ
giạt	z aː t̚ ˧˨ ʔ
giả	z aː ˧˩
giả bộ	z aː ˧˩ ʔ ɓ o ˧˨ ʔ
giả cách	z aː ˧˩ k a j k̟̚ ˧˦
giả câm giả điếc	z aː ˧˩ k ə m ˧˧ z aː ˧˩ ʔ ɗ i ə k̚ ˧˦
giả cầy	z aː ˧˩ k ə j ˨˩
giả danh	z aː ˧˩ z a j ŋ̟ ˧˧
giả dược	z aː ˧˩ z ɨ ə k̚ ˧˨ ʔ
giả dối	z aː ˧˩ z o j ˧˦
giả dụ	z aː ˧˩ z u ˧˨ ʔ
giả khoa học	z aː ˧˩ x w aː ˧˧ h a w k͡p̚ ˧˨ ʔ
giả kim	z aː ˧˩ k i m ˧˧
giả kim thuật	z aː ˧˩ k i m ˧˧ tʰ w ə t̚ ˧˨ ʔ
giả lập	z aː ˧˩ l ə p̚ ˧˨ ʔ
giả mạo	z aː ˧˩ m aː w ˧˨ ʔ
giả nhân giả nghĩa	z aː ˧˩ ɲ ə n ˧˧ z aː ˧˩ ŋ i ə ˦ˀ˥
giả như	z aː ˧˩ ɲ ɨ ˧˧
giả sử	z aː ˧˩ s ɨ ˧˩
giả thiết	z aː ˧˩ tʰ i ə t̚ ˧˦
giả thuyết	z aː ˧˩ tʰ w i ə t̚ ˧˦
giả thử	z aː ˧˩ tʰ ɨ ˧˩
giả trang	z aː ˧˩ t͡ɕ aː ŋ ˧˧
giả tá	z aː ˧˩ t aː ˧˦
giả tưởng	z aː ˧˩ t ɨ ə ŋ ˧˩
giả tạo	z aː ˧˩ t aː w ˧˨ ʔ
giả vờ	z aː ˧˩ v əː ˨˩
giả đò	z aː ˧˩ ʔ ɗ ɔ ˨˩
giả định	z aː ˧˩ ʔ ɗ ï ŋ ˧˨ ʔ
giải	z aː j ˧˩
giải cứu	z aː j ˧˩ k i w ˧˦
giải giáp	z aː j ˧˩ z aː p̚ ˧˦
giải khát	z aː j ˧˩ x aː t̚ ˧˦
giải lao	z aː j ˧˩ l aː w ˧˧
giải mã	z aː j ˧˩ m aː ˦ˀ˥
giải nghĩa	z aː j ˧˩ ŋ i ə ˦ˀ˥
giải nghệ	z aː j ˧˩ ŋ e ˧˨ ʔ
giải nguyên	z aː j ˧˩ ŋ w i ə n ˧˧
giải ngân	z aː j ˧˩ ŋ ə n ˧˧
giải ngũ	z aː j ˧˩ ŋ u ˦ˀ˥
giải ngố	z aː j ˧˩ ŋ o ˧˦
giải nhiệt	z aː j ˧˩ ɲ i ə t̚ ˧˨ ʔ
giải oan	z aː j ˧˩ ʔ w aː n ˧˧
giải pháp	z aː j ˧˩ f aː p̚ ˧˦
giải phóng	z aː j ˧˩ f a w ŋ͡m ˧˦
giải phẫu	z aː j ˧˩ f ə w ˦ˀ˥
giải phẫu bệnh lí	z aː j ˧˩ f ə w ˦ˀ˥ ʔ ɓ ə j ŋ̟ ˧˨ ʔ l i ˧˦
giải phẫu học	z aː j ˧˩ f ə w ˦ˀ˥ h a w k͡p̚ ˧˨ ʔ
giải quyết	z aː j ˧˩ k w i ə t̚ ˧˦
giải quyết nỗi buồn	z aː j ˧˩ k w i ə t̚ ˧˦ n o j ˦ˀ˥ ʔ ɓ u ə n ˨˩
giải thoát	z aː j ˧˩ tʰ w aː t̚ ˧˦
giải thuật	z aː j ˧˩ tʰ w ə t̚ ˧˨ ʔ
giải thích	z aː j ˧˩ tʰ ï k̟̚ ˧˦
giải thưởng	z aː j ˧˩ tʰ ɨ ə ŋ ˧˩
giải thể	z aː j ˧˩ tʰ e ˧˩
giải toả	z aː j ˧˩ t w aː ˧˩
giải trãi	z aː j ˧˩ t͡ɕ aː j ˦ˀ˥
giải trình	z aː j ˧˩ t͡ɕ ï ŋ ˨˩
giải trí	z aː j ˧˩ t͡ɕ i ˧˦
giải tán	z aː j ˧˩ t aː n ˧˦
giải tích	z aː j ˧˩ t ï k̟̚ ˧˦
giải âm	z aː j ˧˩ ʔ ə m ˧˧
giải đáp	z aː j ˧˩ ʔ ɗ aː p̚ ˧˦
giải độc	z aː j ˧˩ ʔ ɗ ə w k͡p̚ ˧˨ ʔ
giảm	z aː m ˧˩
giảm bớt	z aː m ˧˩ ʔ ɓ əː t̚ ˧˦
giảm giá	z aː m ˧˩ z aː ˧˦
giảm hình	z aː m ˧˩ h ï ŋ ˨˩
giảm nhiệt	z aː m ˧˩ ɲ i ə t̚ ˧˨ ʔ
giảm phân	z aː m ˧˩ f ə n ˧˧
giảm sút	z aː m ˧˩ s u t̚ ˧˦
giảm thiểu	z aː m ˧˩ tʰ i ə w ˧˩
giảm tốc	z aː m ˧˩ t ə w k͡p̚ ˧˦
giảm đau	z aː m ˧˩ ʔ ɗ a w ˧˧
giản	z aː n ˧˩
giảng	z aː ŋ ˧˩
giảng dạy	z aː ŋ ˧˩ z a j ˧˨ ʔ
giảng dụ	z aː ŋ ˧˩ z u ˧˨ ʔ
giảng giải	z aː ŋ ˧˩ z aː j ˧˩
giảng hoà	z aː ŋ ˧˩ h w aː ˨˩
giảng viên	z aː ŋ ˧˩ v i ə n ˧˧
giảng đường	z aː ŋ ˧˩ ʔ ɗ ɨ ə ŋ ˨˩
giảng đạo	z aː ŋ ˧˩ ʔ ɗ aː w ˧˨ ʔ
giảnh	z a j ŋ̟ ˧˩
giảo	z aː w ˧˩
giảo hoạt	z aː w ˧˩ h w aː t̚ ˧˨ ʔ
giấc	z ə k̚ ˧˦
giấc hoè	z ə k̚ ˧˦ h w ɛ ˨˩
giấc mơ	z ə k̚ ˧˦ m əː ˧˧
giấc mơ Mĩ	z ə k̚ ˧˦ m əː ˧˧ m i ˦ˀ˥
giấc điệp	z ə k̚ ˧˦ ʔ ɗ i ə p̚ ˧˨ ʔ
giấm	z ə m ˧˦
giấm trắng	z ə m ˧˦ t͡ɕ a ŋ ˧˦
giấu	z ə w ˧˦
giấu giếm	z ə w ˧˦ z i ə m ˧˦
giấu như mèo giấu cứt	z ə w ˧˦ ɲ ɨ ˧˧ m ɛ w ˨˩ z ə w ˧˦ k ɨ t̚ ˧˦
giấu nhẹm	z ə w ˧˦ ɲ ɛ m ˧˨ ʔ
giấy	z ə j ˧˦
giấy bạc	z ə j ˧˦ ʔ ɓ aː k̚ ˧˨ ʔ
giấy bồi	z ə j ˧˦ ʔ ɓ o j ˨˩
giấy can	z ə j ˧˦ k aː n ˧˧
giấy chứng nhận	z ə j ˧˦ t͡ɕ ɨ ŋ ˧˦ ɲ ə n ˧˨ ʔ
giấy dó	z ə j ˧˦ z ɔ ˧˦
giấy nhám	z ə j ˧˦ ɲ aː m ˧˦
giấy nến	z ə j ˧˦ n e n ˧˦
giấy phép	z ə j ˧˦ f ɛ p̚ ˧˦
giấy phép lái xe	z ə j ˧˦ f ɛ p̚ ˧˦ l aː j ˧˦ s ɛ ˧˧
giấy sáp	z ə j ˧˦ s aː p̚ ˧˦
giấy than	z ə j ˧˦ tʰ aː n ˧˧
giấy thông hành	z ə j ˧˦ tʰ ə w ŋ͡m ˧˧ h a j ŋ̟ ˨˩
giấy tờ	z ə j ˧˦ t əː ˨˩
giấy vệ sinh	z ə j ˧˦ v e ˧˨ ʔ s ï ŋ ˧˧
giấy xuất cảnh	z ə j ˧˦ s w ə t̚ ˧˦ k a j ŋ̟ ˧˩
giấy ướt	z ə j ˧˦ ʔ ɨ ə t̚ ˧˦
giầm	z ə m ˨˩
giần	z ə n ˨˩
giần giật	z ə n ˨˩ z ə t̚ ˧˨ ʔ
giầu	z ə w ˨˩
giầy	z ə j ˨˩
giầy dép	z ə j ˨˩ z ɛ p̚ ˧˦
giẫm	z ə m ˦ˀ˥
giẫm đạp	z ə m ˦ˀ˥ ʔ ɗ aː p̚ ˧˨ ʔ
giậm	z ə m ˧˨ ʔ
giậm chân	z ə m ˧˨ ʔ t͡ɕ ə n ˧˧
giậm chân tại chỗ	z ə m ˧˨ ʔ t͡ɕ ə n ˧˧ t aː j ˧˨ ʔ t͡ɕ o ˦ˀ˥
giậm giật	z ə m ˧˨ ʔ z ə t̚ ˧˨ ʔ
giận	z ə n ˧˨ ʔ
giận cá chém thớt	z ə n ˧˨ ʔ k aː ˧˦ t͡ɕ ɛ m ˧˦ tʰ əː t̚ ˧˦
giận dỗi	z ə n ˧˨ ʔ z o j ˦ˀ˥
giận dữ	z ə n ˧˨ ʔ z ɨ ˦ˀ˥
giận hờn	z ə n ˧˨ ʔ h əː n ˨˩
giập	z ə p̚ ˧˨ ʔ
giập giờn	z ə p̚ ˧˨ ʔ z əː n ˨˩
giật	z ə t̚ ˧˨ ʔ
giật gân	z ə t̚ ˧˨ ʔ ɣ ə n ˧˧
giật mình	z ə t̚ ˧˨ ʔ m ï ŋ ˨˩
giậu	z ə w ˧˨ ʔ
giắt	z a t̚ ˧˦
giằm	z a m ˨˩
giằng	z a ŋ ˨˩
giằng xé	z a ŋ ˨˩ s ɛ ˧˦
giặc	z a k̚ ˧˨ ʔ
giặc cỏ	z a k̚ ˧˨ ʔ k ɔ ˧˩
giặc giã	z a k̚ ˧˨ ʔ z aː ˦ˀ˥
giặc lái	z a k̚ ˧˨ ʔ l aː j ˧˦
giặt	z a t̚ ˧˨ ʔ
giặt giũ	z a t̚ ˧˨ ʔ z u ˦ˀ˥
giặt gỵa	z a t̚ ˧˨ ʔ z i ə ˧˨ ʔ
giẹp	z ɛ p̚ ˧˨ ʔ
giẻ	z ɛ ˧˩
giẻ cùi	z ɛ ˧˩ k u j ˨˩
giẻ rách	z ɛ ˧˩ z a j k̟̚ ˧˦
giếm	z i ə m ˧˦
giếng	z i ə ŋ ˧˦
giếng dầu	z i ə ŋ ˧˦ z ə w ˨˩
giếng trời	z i ə ŋ ˧˦ t͡ɕ əː j ˨˩
giết	z i ə t̚ ˧˦
giết chết	z i ə t̚ ˧˦ t͡ɕ e t̚ ˧˦
giết gà dùng dao mổ trâu	z i ə t̚ ˧˦ ɣ aː ˨˩ z ʊ w ŋ͡m ˨˩ z aː w ˧˧ m o ˧˩ t͡ɕ ə w ˧˧
giết hại	z i ə t̚ ˧˦ h aː j ˧˨ ʔ
giết mổ	z i ə t̚ ˧˦ m o ˧˩
giết người	z i ə t̚ ˧˦ ŋ ɨ ə j ˨˩
giền	z e n ˨˩
giềng	z i ə ŋ ˨˩
giềng giềng	z i ə ŋ ˨˩ z i ə ŋ ˨˩
giễu	z i ə w ˦ˀ˥
giọi	z ɔ j ˧˨ ʔ
giọng	z a w ŋ͡m ˧˨ ʔ
giọng ca	z a w ŋ͡m ˧˨ ʔ k aː ˧˧
giọng nói	z a w ŋ͡m ˧˨ ʔ n ɔ j ˧˦
giọng điệu	z a w ŋ͡m ˧˨ ʔ ʔ ɗ i ə w ˧˨ ʔ
giọt	z ɔ t̚ ˧˨ ʔ
giọt nước tràn li	z ɔ t̚ ˧˨ ʔ n ɨ ə k̚ ˧˦ t͡ɕ aː n ˨˩ l i ˧˧
giỏ	z ɔ ˧˩
giỏi	z ɔ j ˧˩
giỏi giang	z ɔ j ˧˩ z aː ŋ ˧˧
giốc	z ə w k͡p̚ ˧˦
giống	z ə w ŋ͡m ˧˦
giống bột	z ə w ŋ͡m ˧˦ ʔ ɓ o t̚ ˧˨ ʔ
giống cái	z ə w ŋ͡m ˧˦ k aː j ˧˦
giống má	z ə w ŋ͡m ˧˦ m aː ˧˦
giống nhau như đúc	z ə w ŋ͡m ˧˦ ɲ a w ˧˧ ɲ ɨ ˧˧ ʔ ɗ ʊ w k͡p̚ ˧˦
giống như	z ə w ŋ͡m ˧˦ ɲ ɨ ˧˧
giống nòi	z ə w ŋ͡m ˧˦ n ɔ j ˨˩
giống đực	z ə w ŋ͡m ˧˦ ʔ ɗ ɨ k̚ ˧˨ ʔ
giồi	z o j ˨˩
giồng	z ə w ŋ͡m ˨˩
giồng giọt	z ə w ŋ͡m ˨˩ z ɔ t̚ ˧˨ ʔ
giỗ	z o ˦ˀ˥
giỗ chạp	z o ˦ˀ˥ t͡ɕ aː p̚ ˧˨ ʔ
giỗ kị	z o ˦ˀ˥ k i ˧˨ ʔ
giội	z o j ˧˨ ʔ
giới	z əː j ˧˦
giới chức	z əː j ˧˦ t͡ɕ ɨ k̚ ˧˦
giới hạn	z əː j ˧˦ h aː n ˧˨ ʔ
giới luật	z əː j ˧˦ l w ə t̚ ˧˨ ʔ
giới nghiêm	z əː j ˧˦ ŋ i ə m ˧˧
giới thiệu	z əː j ˧˦ tʰ i ə w ˧˨ ʔ
giới trẻ	z əː j ˧˦ t͡ɕ ɛ ˧˩
giới tính	z əː j ˧˦ t ï ŋ ˧˦
giới từ	z əː j ˧˦ t ɨ ˨˩
giờ	z əː ˨˩
giờ Dần	z əː ˨˩ z ə n ˨˩
giờ Dậu	z əː ˨˩ z ə w ˧˨ ʔ
giờ Hợi	z əː ˨˩ h əː j ˧˨ ʔ
giờ Mão	z əː ˨˩ m aː w ˦ˀ˥
giờ Mùi	z əː ˨˩ m u j ˨˩
giờ Ngọ	z əː ˨˩ ŋ ɔ ˧˨ ʔ
giờ Sửu	z əː ˨˩ s i w ˧˩
giờ Thân	z əː ˨˩ tʰ ə n ˧˧
giờ Thìn	z əː ˨˩ tʰ i n ˨˩
giờ Tuất	z əː ˨˩ t w ə t̚ ˧˦
giờ Tí	z əː ˨˩ t i ˧˦
giờ Tị	z əː ˨˩ t i ˧˨ ʔ
giờ cao su	z əː ˨˩ k aː w ˧˧ s u ˧˧
giờ cao điểm	z əː ˨˩ k aː w ˧˧ ʔ ɗ i ə m ˧˩
giờ dây thun	z əː ˨˩ z ə j ˧˧ tʰ u n ˧˧
giờ giấc	z əː ˨˩ z ə k̚ ˧˦
giờ hành chính	z əː ˨˩ h a j ŋ̟ ˨˩ t͡ɕ ï ŋ ˧˦
giờ khắc	z əː ˨˩ x a k̚ ˧˦
giờ phút	z əː ˨˩ f u t̚ ˧˦
giờ tối	z əː ˨˩ t o j ˧˦
giờ đây	z əː ˨˩ ʔ ɗ ə j ˧˧
giời	z əː j ˨˩
giời leo	z əː j ˨˩ l ɛ w ˧˧
giở	z əː ˧˩
giở chứng	z əː ˧˩ t͡ɕ ɨ ŋ ˧˦
giở quẻ	z əː ˧˩ k w ɛ ˧˩
giở trò	z əː ˧˩ t͡ɕ ɔ ˨˩
giỡn	z əː n ˦ˀ˥
giỡn mặt	z əː n ˦ˀ˥ m a t̚ ˧˨ ʔ
giục	z ʊ w k͡p̚ ˧˨ ʔ
giụi	z u j ˧˨ ʔ
giủi	z u j ˧˩
giừ	z ɨ ˨˩
giữ	z ɨ ˦ˀ˥
giữ chân	z ɨ ˦ˀ˥ t͡ɕ ə n ˧˧
giữ chỗ	z ɨ ˦ˀ˥ t͡ɕ o ˦ˀ˥
giữ gìn	z ɨ ˦ˀ˥ z i n ˨˩
giữ kẽ	z ɨ ˦ˀ˥ k ɛ ˦ˀ˥
giữ nguyên	z ɨ ˦ˀ˥ ŋ w i ə n ˧˧
giữ trẻ	z ɨ ˦ˀ˥ t͡ɕ ɛ ˧˩
giữ vững	z ɨ ˦ˀ˥ v ɨ ŋ ˦ˀ˥
giữa	z ɨ ə ˦ˀ˥
giữa chừng	z ɨ ə ˦ˀ˥ t͡ɕ ɨ ŋ ˨˩
giữa đường đứt gánh	z ɨ ə ˦ˀ˥ ʔ ɗ ɨ ə ŋ ˨˩ ʔ ɗ ɨ t̚ ˧˦ ɣ a j ŋ̟ ˧˦
giựt	z ɨ t̚ ˧˨ ʔ
glucozơ	ɣ l u ˧˧ k o ˧˧ z əː ˧˧
go	ɣ ɔ ˧˧
golf	ɣ o n ˧˧
gom	ɣ ɔ m ˧˧
gom góp	ɣ ɔ m ˧˧ ɣ ɔ p̚ ˧˦
goá	ɣ w aː ˧˦
goá bụa	ɣ w aː ˧˦ ʔ ɓ u ə ˧˨ ʔ
goá phụ	ɣ w aː ˧˦ f u ˧˨ ʔ
gu	ɣ u ˧˧
gu dông	ɣ u ˧˧ z ə w ŋ͡m ˧˧
guitar	ɣ i ˧˧ t aː ˧˧
guốc	ɣ u ə k̚ ˧˦
guồi	ɣ u ə j ˨˩
guồng	ɣ u ə ŋ ˨˩
guồng máy	ɣ u ə ŋ ˨˩ m a j ˧˦
guột	ɣ u ə t̚ ˧˨ ʔ
gà	ɣ aː ˨˩
gà công nghiệp	ɣ aː ˨˩ k ə w ŋ͡m ˧˧ ŋ i ə p̚ ˧˨ ʔ
gà cồ	ɣ aː ˨˩ k o ˨˩
gà gô	ɣ aː ˨˩ ɣ o ˧˧
gà lôi	ɣ aː ˨˩ l o j ˧˧
gà móng đỏ	ɣ aː ˨˩ m a w ŋ͡m ˧˦ ʔ ɗ ɔ ˧˩
gà mờ	ɣ aː ˨˩ m əː ˨˩
gà nước	ɣ aː ˨˩ n ɨ ə k̚ ˧˦
gà qué	ɣ aː ˨˩ k w ɛ ˧˦
gà ri	ɣ aː ˨˩ z i ˧˧
gà rừng	ɣ aː ˨˩ z ɨ ŋ ˨˩
gà sao	ɣ aː ˨˩ s aː w ˧˧
gà ta	ɣ aː ˨˩ t aː ˧˧
gà trống nuôi con	ɣ aː ˨˩ t͡ɕ ə w ŋ͡m ˧˦ n u ə j ˧˧ k ɔ n ˧˧
gà tây	ɣ aː ˨˩ t ə j ˧˧
gà ác	ɣ aː ˨˩ ʔ aː k̚ ˧˦
gà Đông Tảo	ɣ aː ˨˩ ʔ ɗ ə w ŋ͡m ˧˧ t aː w ˧˩
gà đẻ trứng vàng	ɣ aː ˨˩ ʔ ɗ ɛ ˧˩ t͡ɕ ɨ ŋ ˧˦ v aː ŋ ˨˩
gà đồng	ɣ aː ˨˩ ʔ ɗ ə w ŋ͡m ˨˩
gài	ɣ aː j ˨˩
gàn	ɣ aː n ˨˩
gàn bát sách	ɣ aː n ˨˩ ʔ ɓ aː t̚ ˧˦ s a j k̟̚ ˧˦
gào	ɣ aː w ˨˩
gàu	ɣ a w ˨˩
gàu sòng	ɣ a w ˨˩ s a w ŋ͡m ˨˩
gá	ɣ aː ˧˦
gác	ɣ aː k̚ ˧˦
gác bút	ɣ aː k̚ ˧˦ ʔ ɓ u t̚ ˧˦
gác xép	ɣ aː k̚ ˧˦ s ɛ p̚ ˧˦
gái	ɣ aː j ˧˦
gái bao	ɣ aː j ˧˦ ʔ ɓ aː w ˧˧
gái bán hoa	ɣ aː j ˧˦ ʔ ɓ aː n ˧˦ h w aː ˧˧
gái già	ɣ aː j ˧˦ z aː ˨˩
gái gọi	ɣ aː j ˧˦ ɣ ɔ j ˧˨ ʔ
gái mại dâm	ɣ aː j ˧˦ m aː j ˧˨ ʔ z ə m ˧˧
gái nhảy	ɣ aː j ˧˦ ɲ a j ˧˩
gái điếm	ɣ aː j ˧˦ ʔ ɗ i ə m ˧˦
gán	ɣ aː n ˧˦
gán cho	ɣ aː n ˧˦ t͡ɕ ɔ ˧˧
gán ghép	ɣ aː n ˧˦ ɣ ɛ p̚ ˧˦
gánh	ɣ a j ŋ̟ ˧˦
gánh chịu	ɣ a j ŋ̟ ˧˦ t͡ɕ i w ˧˨ ʔ
gánh nặng	ɣ a j ŋ̟ ˧˦ n a ŋ ˧˨ ʔ
gánh vác	ɣ a j ŋ̟ ˧˦ v aː k̚ ˧˦
gáo	ɣ aː w ˧˦
gáy	ɣ a j ˧˦
gân	ɣ ə n ˧˧
gâu	ɣ ə w ˧˧
gây	ɣ ə j ˧˧
gây dựng	ɣ ə j ˧˧ z ɨ ŋ ˧˨ ʔ
gây giống	ɣ ə j ˧˧ z ə w ŋ͡m ˧˦
gây hấn	ɣ ə j ˧˧ h ə n ˧˦
gây mê	ɣ ə j ˧˧ m e ˧˧
gây quỹ	ɣ ə j ˧˧ k w i ˦ˀ˥
gây rối	ɣ ə j ˧˧ z o j ˧˦
gây sự	ɣ ə j ˧˧ s ɨ ˧˨ ʔ
gây tê	ɣ ə j ˧˧ t e ˧˧
gã	ɣ aː ˦ˀ˥
gãi	ɣ aː j ˦ˀ˥
gãy	ɣ a j ˦ˀ˥
gãy gọn	ɣ a j ˦ˀ˥ ɣ ɔ n ˧˨ ʔ
gét gô	ɣ ɛ t̚ ˧˦ ɣ o ˧˧
gì	z i ˨˩
gìn	z i n ˨˩
gìn giữ	z i n ˨˩ z ɨ ˦ˀ˥
gò	ɣ ɔ ˨˩
gò bó	ɣ ɔ ˨˩ ʔ ɓ ɔ ˧˦
gò má	ɣ ɔ ˨˩ m aː ˧˦
gòn	ɣ ɔ n ˨˩
góc	ɣ a w k͡p̚ ˧˦
góc bù nhau	ɣ a w k͡p̚ ˧˦ ʔ ɓ u ˨˩ ɲ a w ˧˧
góc bẹt	ɣ a w k͡p̚ ˧˦ ʔ ɓ ɛ t̚ ˧˨ ʔ
góc cạnh	ɣ a w k͡p̚ ˧˦ k a j ŋ̟ ˧˨ ʔ
góc kề nhau	ɣ a w k͡p̚ ˧˦ k e ˨˩ ɲ a w ˧˧
góc nhìn	ɣ a w k͡p̚ ˧˦ ɲ i n ˨˩
góc nhọn	ɣ a w k͡p̚ ˧˦ ɲ ɔ n ˧˨ ʔ
góc phương vị	ɣ a w k͡p̚ ˧˦ f ɨ ə ŋ ˧˧ v i ˧˨ ʔ
góc phụ nhau	ɣ a w k͡p̚ ˧˦ f u ˧˨ ʔ ɲ a w ˧˧
góc tù	ɣ a w k͡p̚ ˧˦ t u ˨˩
góc vuông	ɣ a w k͡p̚ ˧˦ v u ə ŋ ˧˧
góc đối đỉnh	ɣ a w k͡p̚ ˧˦ ʔ ɗ o j ˧˦ ʔ ɗ ï ŋ ˧˩
góc độ	ɣ a w k͡p̚ ˧˦ ʔ ɗ o ˧˨ ʔ
gói	ɣ ɔ j ˧˦
gói ghém	ɣ ɔ j ˧˦ ɣ ɛ m ˧˦
góp	ɣ ɔ p̚ ˧˦
góp mặt	ɣ ɔ p̚ ˧˦ m a t̚ ˧˨ ʔ
góp phần	ɣ ɔ p̚ ˧˦ f ə n ˨˩
góp tay	ɣ ɔ p̚ ˧˦ t a j ˧˧
góp ý	ɣ ɔ p̚ ˧˦ ʔ i ˧˦
gót	ɣ ɔ t̚ ˧˦
gót chân	ɣ ɔ t̚ ˧˦ t͡ɕ ə n ˧˧
gô	ɣ o ˧˧
gô cổ	ɣ o ˧˧ k o ˧˩
gôm	ɣ o m ˧˧
gôm xịt tóc	ɣ o m ˧˧ s i t̚ ˧˨ ʔ t a w k͡p̚ ˧˦
gôn	ɣ o n ˧˧
gông	ɣ ə w ŋ͡m ˧˧
gõ	ɣ ɔ ˦ˀ˥
gõ kiến	ɣ ɔ ˦ˀ˥ k i ə n ˧˦
gù	ɣ u ˨˩
gùi	ɣ u j ˨˩
gùn	ɣ u n ˨˩
gút	ɣ u t̚ ˧˦
gút mắc	ɣ u t̚ ˧˦ m a k̚ ˧˦
găm	ɣ a m ˧˧
găm bi	ɣ a m ˧˧ ʔ ɓ i ˧˧
găng	ɣ a ŋ ˧˧
găng tay	ɣ a ŋ ˧˧ t a j ˧˧
gơ	ɣ əː ˧˧
gươm	ɣ ɨ ə m ˧˧
gươm giáo	ɣ ɨ ə m ˧˧ z aː w ˧˦
gương	ɣ ɨ ə ŋ ˧˧
gương chiếu hậu	ɣ ɨ ə ŋ ˧˧ t͡ɕ i ə w ˧˦ h ə w ˧˨ ʔ
gương mẫu	ɣ ɨ ə ŋ ˧˧ m ə w ˦ˀ˥
gương mặt	ɣ ɨ ə ŋ ˧˧ m a t̚ ˧˨ ʔ
gương vỡ lại lành	ɣ ɨ ə ŋ ˧˧ v əː ˦ˀ˥ l aː j ˧˨ ʔ l a j ŋ̟ ˨˩
gưởi	ɣ ɨ ə j ˧˩
gượm	ɣ ɨ ə m ˧˨ ʔ
gượng	ɣ ɨ ə ŋ ˧˨ ʔ
gượng gạo	ɣ ɨ ə ŋ ˧˨ ʔ ɣ aː w ˧˨ ʔ
gạ	ɣ aː ˧˨ ʔ
gạ gẫm	ɣ aː ˧˨ ʔ ɣ ə m ˦ˀ˥
gạc	ɣ aː k̚ ˧˨ ʔ
gạch	ɣ a j k̟̚ ˧˨ ʔ
gạch bỏ	ɣ a j k̟̚ ˧˨ ʔ ʔ ɓ ɔ ˧˩
gạch dưới	ɣ a j k̟̚ ˧˨ ʔ z ɨ ə j ˧˦
gạch ngang	ɣ a j k̟̚ ˧˨ ʔ ŋ aː ŋ ˧˧
gạch đá	ɣ a j k̟̚ ˧˨ ʔ ʔ ɗ aː ˧˦
gạn	ɣ aː n ˧˨ ʔ
gạn đục khơi trong	ɣ aː n ˧˨ ʔ ʔ ɗ ʊ w k͡p̚ ˧˨ ʔ x əː j ˧˧ t͡ɕ a w ŋ͡m ˧˧
gạo	ɣ aː w ˧˨ ʔ
gạo cội	ɣ aː w ˧˨ ʔ k o j ˧˨ ʔ
gạo lứt	ɣ aː w ˧˨ ʔ l ɨ t̚ ˧˦
gạo nếp	ɣ aː w ˧˨ ʔ n e p̚ ˧˦
gạo tẻ	ɣ aː w ˧˨ ʔ t ɛ ˧˩
gạo đỏ	ɣ aː w ˧˨ ʔ ʔ ɗ ɔ ˧˩
gạt	ɣ aː t̚ ˧˨ ʔ
gạt tàn	ɣ aː t̚ ˧˨ ʔ t aː n ˨˩
gả	ɣ aː ˧˩
gảy	ɣ a j ˧˩
gấc	ɣ ə k̚ ˧˦
gấm	ɣ ə m ˧˦
gấm vóc	ɣ ə m ˧˦ v a w k͡p̚ ˧˦
gấp	ɣ ə p̚ ˧˦
gấp gáp	ɣ ə p̚ ˧˦ ɣ aː p̚ ˧˦
gấp khúc	ɣ ə p̚ ˧˦ x ʊ w k͡p̚ ˧˦
gấp làm đôi	ɣ ə p̚ ˧˦ l aː m ˨˩ ʔ ɗ o j ˧˧
gấp rút	ɣ ə p̚ ˧˦ z u t̚ ˧˦
gấp đôi	ɣ ə p̚ ˧˦ ʔ ɗ o j ˧˧
gấu	ɣ ə w ˧˦
gấu Bắc Cực	ɣ ə w ˧˦ ʔ ɓ a k̚ ˧˦ k ɨ k̚ ˧˨ ʔ
gấu bông	ɣ ə w ˧˦ ʔ ɓ ə w ŋ͡m ˧˧
gấu chó	ɣ ə w ˧˦ t͡ɕ ɔ ˧˦
gấu lợn	ɣ ə w ˧˦ l əː n ˧˨ ʔ
gấu ngựa	ɣ ə w ˧˦ ŋ ɨ ə ˧˨ ʔ
gấu nước	ɣ ə w ˧˦ n ɨ ə k̚ ˧˦
gấu trúc	ɣ ə w ˧˦ t͡ɕ ʊ w k͡p̚ ˧˦
gấu trắng	ɣ ə w ˧˦ t͡ɕ a ŋ ˧˦
gấu túi	ɣ ə w ˧˦ t u j ˧˦
gấu ó	ɣ ə w ˧˦ ʔ ɔ ˧˦
gầm	ɣ ə m ˨˩
gầm ghì	ɣ ə m ˨˩ ɣ i ˨˩
gầm gừ	ɣ ə m ˨˩ ɣ ɨ ˨˩
gần	ɣ ə n ˨˩
gần chùa gọi bụt bằng anh	ɣ ə n ˨˩ t͡ɕ u ə ˨˩ ɣ ɔ j ˧˨ ʔ ʔ ɓ u t̚ ˧˨ ʔ ʔ ɓ a ŋ ˨˩ ʔ a j ŋ̟ ˧˧
gần gũi	ɣ ə n ˨˩ ɣ u j ˦ˀ˥
gần gụi	ɣ ə n ˨˩ ɣ u j ˧˨ ʔ
gần như	ɣ ə n ˨˩ ɲ ɨ ˧˧
gần xa	ɣ ə n ˨˩ s aː ˧˧
gần xịt	ɣ ə n ˨˩ s i t̚ ˧˨ ʔ
gần đây	ɣ ə n ˨˩ ʔ ɗ ə j ˧˧
gần đất xa trời	ɣ ə n ˨˩ ʔ ɗ ə t̚ ˧˦ s aː ˧˧ t͡ɕ əː j ˨˩
gầu	ɣ ə w ˨˩
gầy	ɣ ə j ˨˩
gầy dựng	ɣ ə j ˨˩ z ɨ ŋ ˧˨ ʔ
gầy guộc	ɣ ə j ˨˩ ɣ u ə k̚ ˧˨ ʔ
gầy gò	ɣ ə j ˨˩ ɣ ɔ ˨˩
gầy nhom	ɣ ə j ˨˩ ɲ ɔ m ˧˧
gầy yếu	ɣ ə j ˨˩ ʔ i ə w ˧˦
gẩm	ɣ ə m ˧˩
gẫm	ɣ ə m ˦ˀ˥
gẫu	ɣ ə w ˦ˀ˥
gập	ɣ ə p̚ ˧˨ ʔ
gập ghềnh	ɣ ə p̚ ˧˨ ʔ ɣ ə j ŋ̟ ˨˩
gật	ɣ ə t̚ ˧˨ ʔ
gật gù	ɣ ə t̚ ˧˨ ʔ ɣ u ˨˩
gật đầu	ɣ ə t̚ ˧˨ ʔ ʔ ɗ ə w ˨˩
gậy	ɣ ə j ˧˨ ʔ
gậy chống	ɣ ə j ˧˨ ʔ t͡ɕ ə w ŋ͡m ˧˦
gậy gộc	ɣ ə j ˧˨ ʔ ɣ ə w k͡p̚ ˧˨ ʔ
gắm	ɣ a m ˧˦
gắn	ɣ a n ˧˦
gắn bó	ɣ a n ˧˦ ʔ ɓ ɔ ˧˦
gắn kết	ɣ a n ˧˦ k e t̚ ˧˦
gắng	ɣ a ŋ ˧˦
gắng gượng	ɣ a ŋ ˧˦ ɣ ɨ ə ŋ ˧˨ ʔ
gắng sức	ɣ a ŋ ˧˦ s ɨ k̚ ˧˦
gắp	ɣ a p̚ ˧˦
gắp lửa bỏ tay người	ɣ a p̚ ˧˦ l ɨ ə ˧˩ ʔ ɓ ɔ ˧˩ t a j ˧˧ ŋ ɨ ə j ˨˩
gắt	ɣ a t̚ ˧˦
gắt gao	ɣ a t̚ ˧˦ ɣ aː w ˧˧
gắt gỏng	ɣ a t̚ ˧˦ ɣ a w ŋ͡m ˧˩
gắt như mắm tôm	ɣ a t̚ ˧˦ ɲ ɨ ˧˧ m a m ˧˦ t o m ˧˧
gằn	ɣ a n ˨˩
gặc	ɣ a k̚ ˧˨ ʔ
gặm	ɣ a m ˧˨ ʔ
gặm nhấm	ɣ a m ˧˨ ʔ ɲ ə m ˧˦
gặng	ɣ a ŋ ˧˨ ʔ
gặp	ɣ a p̚ ˧˨ ʔ
gặp gỡ	ɣ a p̚ ˧˨ ʔ ɣ əː ˦ˀ˥
gặp may	ɣ a p̚ ˧˨ ʔ m a j ˧˧
gặp phải	ɣ a p̚ ˧˨ ʔ f aː j ˧˩
gặt	ɣ a t̚ ˧˨ ʔ
gặt hái	ɣ a t̚ ˧˨ ʔ h aː j ˧˦
gỉ	z i ˧˩
gọ	ɣ ɔ ˧˨ ʔ
gọi	ɣ ɔ j ˧˨ ʔ
gọi bằng cụ	ɣ ɔ j ˧˨ ʔ ʔ ɓ a ŋ ˨˩ k u ˧˨ ʔ
gọi là	ɣ ɔ j ˧˨ ʔ l aː ˨˩
gọi vốn	ɣ ɔ j ˧˨ ʔ v o n ˧˦
gọn	ɣ ɔ n ˧˨ ʔ
gọn ghẽ	ɣ ɔ n ˧˨ ʔ ɣ ɛ ˦ˀ˥
gọn gàng	ɣ ɔ n ˧˨ ʔ ɣ aː ŋ ˨˩
gọn hơ	ɣ ɔ n ˧˨ ʔ h əː ˧˧
gọn nhẹ	ɣ ɔ n ˧˨ ʔ ɲ ɛ ˧˨ ʔ
gọng	ɣ a w ŋ͡m ˧˨ ʔ
gọt	ɣ ɔ t̚ ˧˨ ʔ
gỏi	ɣ ɔ j ˧˩
gỏi cuốn	ɣ ɔ j ˧˩ k u ə n ˧˦
gỏi đu đủ	ɣ ɔ j ˧˩ ʔ ɗ u ˧˧ ʔ ɗ u ˧˩
gốc	ɣ ə w k͡p̚ ˧˦
gốc Việt	ɣ ə w k͡p̚ ˧˦ v i ə t̚ ˧˨ ʔ
gốc gác	ɣ ə w k͡p̚ ˧˦ ɣ aː k̚ ˧˦
gốc rễ	ɣ ə w k͡p̚ ˧˦ z e ˦ˀ˥
gốc tích	ɣ ə w k͡p̚ ˧˦ t ï k̟̚ ˧˦
gốc tử	ɣ ə w k͡p̚ ˧˦ t ɨ ˧˩
gốc tự do	ɣ ə w k͡p̚ ˧˦ t ɨ ˧˨ ʔ z ɔ ˧˧
gối	ɣ o j ˧˦
gối dựa	ɣ o j ˧˦ z ɨ ə ˧˨ ʔ
gối xếp	ɣ o j ˧˦ s e p̚ ˧˦
gối ôm	ɣ o j ˧˦ ʔ o m ˧˧
gốm	ɣ o m ˧˦
gồ ghề	ɣ o ˨˩ ɣ e ˨˩
gồm	ɣ o m ˨˩
gồm ba	ɣ o m ˨˩ ʔ ɓ aː ˧˧
gồng	ɣ ə w ŋ͡m ˨˩
gồng gánh	ɣ ə w ŋ͡m ˨˩ ɣ a j ŋ̟ ˧˦
gỗ	ɣ o ˦ˀ˥
gỗ trôi giạt	ɣ o ˦ˀ˥ t͡ɕ o j ˧˧ z aː t̚ ˧˨ ʔ
gộc	ɣ ə w k͡p̚ ˧˨ ʔ
gội	ɣ o j ˧˨ ʔ
gộp	ɣ o p̚ ˧˨ ʔ
gớm	ɣ əː m ˧˦
gớm ghiếc	ɣ əː m ˧˦ ɣ i ə k̚ ˧˦
gờ	ɣ əː ˨˩
gờ kép	ɣ əː ˨˩ k ɛ p̚ ˧˦
gờ đơn	ɣ əː ˨˩ ʔ ɗ əː n ˧˧
gờm	ɣ əː m ˨˩
gở	ɣ əː ˧˩
gởi	ɣ əː j ˧˩
gỡ	ɣ əː ˦ˀ˥
gỡ bỏ	ɣ əː ˦ˀ˥ ʔ ɓ ɔ ˧˩
gỡ gạc	ɣ əː ˦ˀ˥ ɣ aː k̚ ˧˨ ʔ
gợi	ɣ əː j ˧˨ ʔ
gợi cảm	ɣ əː j ˧˨ ʔ k aː m ˧˩
gợi mở	ɣ əː j ˧˨ ʔ m əː ˧˩
gợi nhớ	ɣ əː j ˧˨ ʔ ɲ əː ˧˦
gợi tả	ɣ əː j ˧˨ ʔ t aː ˧˩
gợi ý	ɣ əː j ˧˨ ʔ ʔ i ˧˦
gợi đòn	ɣ əː j ˧˨ ʔ ʔ ɗ ɔ n ˨˩
gợn	ɣ əː n ˧˨ ʔ
gục	ɣ ʊ w k͡p̚ ˧˨ ʔ
gục gặc	ɣ ʊ w k͡p̚ ˧˨ ʔ ɣ a k̚ ˧˨ ʔ
gục ngã	ɣ ʊ w k͡p̚ ˧˨ ʔ ŋ aː ˦ˀ˥
gừng	ɣ ɨ ŋ ˨˩
gừng càng già càng cay	ɣ ɨ ŋ ˨˩ k aː ŋ ˨˩ z aː ˨˩ k aː ŋ ˨˩ k a j ˧˧
gửi	ɣ ɨ j ˧˩
gửi rể	ɣ ɨ j ˧˩ z e ˧˩
gửi trứng cho ác	ɣ ɨ j ˧˩ t͡ɕ ɨ ŋ ˧˦ t͡ɕ ɔ ˧˧ ʔ aː k̚ ˧˦
h	h aː t̚ ˧˦
h	h əː ˨˩
ha	h aː t̚ ˧˦ ʔ aː ˧˧
ha	h aː ˧˧
ha	h ɛ k̚ ˧˦ t aː ˧˧
hack não	h a j k̟̚ ˧˦ n aː w ˦ˀ˥
hafini	h aː ˧˧ f i ˧˧ n i ˧˧
hai	h aː j ˧˧
hai bàn tay trắng	h aː j ˧˧ ʔ ɓ aː n ˨˩ t a j ˧˧ t͡ɕ a ŋ ˧˦
hai chấm	h aː j ˧˧ t͡ɕ ə m ˧˦
hai lúa	h aː j ˧˧ l u ə ˧˦
hai mươi	h aː j ˧˧ m ɨ ə j ˧˧
hai mươi ba	h aː j ˧˧ m ɨ ə j ˧˧ ʔ ɓ aː ˧˧
ham	h aː m ˧˧
han	h aː n ˧˧
hang	h aː ŋ ˧˧
hay	h a j ˧˧
hen	h ɛ n ˧˧
heo quay	h ɛ w ˧˧ k w a j ˧˧
heo rừng	h ɛ w ˧˧ z ɨ ŋ ˨˩
heo đất	h ɛ w ˧˧ ʔ ɗ ə t̚ ˧˦
hi	h i ˧˧
hi hóp	h i ˧˧ h ɔ p̚ ˧˦
hi hữu	h i ˧˧ h i w ˦ˀ˥
hi sinh	h i ˧˧ s ï ŋ ˧˧
hi vọng	h i ˧˧ v a w ŋ͡m ˧˨ ʔ
hia	h i ə ˧˧
hic	h ï k̟̚ ˧˦
hin	h i n ˧˧
hiu	h i w ˧˧
hiu hắt	h i w ˧˧ h a t̚ ˧˦
hiu quạnh	h i w ˧˧ k w a j ŋ̟ ˧˨ ʔ
hiên	h i ə n ˧˧
hiên ngang	h i ə n ˧˧ ŋ aː ŋ ˧˧
hiđro	h i ˧˧ ʔ ɗ əː ˨˩ z o ˧˧
hiđro	h i ˧˧ ʔ ɗ əː ˨˩ ɹ o ˧˧
hiđro	h i ˧˧ ʔ ɗ ɹ o ˧˧
hiđrocacbon	h i ˧˧ ʔ ɗ ɹ o ˧˧ k aː k̚ ˧˦ ʔ ɓ ɔ n ˧˧
hiđroxit	h i ˧˧ ʔ ɗ ɹ ɔ ˧˧ s i t̚ ˧˦
hiếm	h i ə m ˧˦
hiếm hoi	h i ə m ˧˦ h ɔ j ˧˧
hiếm khi	h i ə m ˧˦ x i ˧˧
hiếm muộn	h i ə m ˧˦ m u ə n ˧˨ ʔ
hiến	h i ə n ˧˦
hiến binh	h i ə n ˧˦ ʔ ɓ ï ŋ ˧˧
hiến chương	h i ə n ˧˦ t͡ɕ ɨ ə ŋ ˧˧
hiến dâng	h i ə n ˧˦ z ə ŋ ˧˧
hiến kế	h i ə n ˧˦ k e ˧˦
hiến pháp	h i ə n ˧˦ f aː p̚ ˧˦
hiến thân	h i ə n ˧˦ tʰ ə n ˧˧
hiến tế	h i ə n ˧˦ t e ˧˦
hiếp	h i ə p̚ ˧˦
hiếp dâm	h i ə p̚ ˧˦ z ə m ˧˧
hiếu	h i ə w ˧˦
hiếu chiến	h i ə w ˧˦ t͡ɕ i ə n ˧˦
hiếu học	h i ə w ˧˦ h a w k͡p̚ ˧˨ ʔ
hiếu khách	h i ə w ˧˦ x a j k̟̚ ˧˦
hiếu kì	h i ə w ˧˦ k i ˨˩
hiếu sự	h i ə w ˧˦ s ɨ ˧˨ ʔ
hiếu thuận	h i ə w ˧˦ tʰ w ə n ˧˨ ʔ
hiếu thảo	h i ə w ˧˦ tʰ aː w ˧˩
hiếu đễ	h i ə w ˧˦ ʔ ɗ e ˦ˀ˥
hiếu động	h i ə w ˧˦ ʔ ɗ ə w ŋ͡m ˧˨ ʔ
hiềm khích	h i ə m ˨˩ x ï k̟̚ ˧˦
hiền	h i ə n ˨˩
hiền hoà	h i ə n ˨˩ h w aː ˨˩
hiền hậu	h i ə n ˨˩ h ə w ˧˨ ʔ
hiền lành	h i ə n ˨˩ l a j ŋ̟ ˨˩
hiền nhân	h i ə n ˨˩ ɲ ə n ˧˧
hiền sĩ	h i ə n ˨˩ s i ˦ˀ˥
hiểm	h i ə m ˧˩
hiểm hoạ	h i ə m ˧˩ h w aː ˧˨ ʔ
hiểm hoạ da vàng	h i ə m ˧˩ h w aː ˧˨ ʔ z aː ˧˧ v aː ŋ ˨˩
hiểm hóc	h i ə m ˧˩ h a w k͡p̚ ˧˦
hiểm nghèo	h i ə m ˧˩ ŋ ɛ w ˨˩
hiểm nguy	h i ə m ˧˩ ŋ w i ˧˧
hiểm trở	h i ə m ˧˩ t͡ɕ əː ˧˩
hiểm yếu	h i ə m ˧˩ ʔ i ə w ˧˦
hiểm ác	h i ə m ˧˩ ʔ aː k̚ ˧˦
hiểm địa	h i ə m ˧˩ ʔ ɗ i ə ˧˨ ʔ
hiểm độc	h i ə m ˧˩ ʔ ɗ ə w k͡p̚ ˧˨ ʔ
hiển hiện	h i ə n ˧˩ h i ə n ˧˨ ʔ
hiển hách	h i ə n ˧˩ h a j k̟̚ ˧˦
hiển nhiên	h i ə n ˧˩ ɲ i ə n ˧˧
hiển thị	h i ə n ˧˩ tʰ i ˧˨ ʔ
hiển đạt	h i ə n ˧˩ ʔ ɗ aː t̚ ˧˨ ʔ
hiểu	h i ə w ˧˩
hiểu biết	h i ə w ˧˩ ʔ ɓ i ə t̚ ˧˦
hiểu lầm	h i ə w ˧˩ l ə m ˨˩
hiện	h i ə n ˧˨ ʔ
hiện diện	h i ə n ˧˨ ʔ z i ə n ˧˨ ʔ
hiện hành	h i ə n ˧˨ ʔ h a j ŋ̟ ˨˩
hiện hữu	h i ə n ˧˨ ʔ h i w ˦ˀ˥
hiện nay	h i ə n ˧˨ ʔ n a j ˧˧
hiện thân	h i ə n ˧˨ ʔ tʰ ə n ˧˧
hiện thực	h i ə n ˧˨ ʔ tʰ ɨ k̚ ˧˨ ʔ
hiện thực hoá	h i ə n ˧˨ ʔ tʰ ɨ k̚ ˧˨ ʔ h w aː ˧˦
hiện thực huyền ảo	h i ə n ˧˨ ʔ tʰ ɨ k̚ ˧˨ ʔ h w i ə n ˨˩ ʔ aː w ˧˩
hiện trường	h i ə n ˧˨ ʔ t͡ɕ ɨ ə ŋ ˨˩
hiện trạng	h i ə n ˧˨ ʔ t͡ɕ aː ŋ ˧˨ ʔ
hiện tượng	h i ə n ˧˨ ʔ t ɨ ə ŋ ˧˨ ʔ
hiện tượng học	h i ə n ˧˨ ʔ t ɨ ə ŋ ˧˨ ʔ h a w k͡p̚ ˧˨ ʔ
hiện tại	h i ə n ˧˨ ʔ t aː j ˧˨ ʔ
hiện tại phân từ	h i ə n ˧˨ ʔ t aː j ˧˨ ʔ f ə n ˧˧ t ɨ ˨˩
hiện vật	h i ə n ˧˨ ʔ v ə t̚ ˧˨ ʔ
hiện đại	h i ə n ˧˨ ʔ ʔ ɗ aː j ˧˨ ʔ
hiện đại hoá	h i ə n ˧˨ ʔ ʔ ɗ aː j ˧˨ ʔ h w aː ˧˦
hiệp	h i ə p̚ ˧˨ ʔ
hiệp hội	h i ə p̚ ˧˨ ʔ h o j ˧˨ ʔ
hiệp khách	h i ə p̚ ˧˨ ʔ x a j k̟̚ ˧˦
hiệp khí đạo	h i ə p̚ ˧˨ ʔ x i ˧˦ ʔ ɗ aː w ˧˨ ʔ
hiệp phụ	h i ə p̚ ˧˨ ʔ f u ˧˨ ʔ
hiệp sĩ	h i ə p̚ ˧˨ ʔ s i ˦ˀ˥
hiệp vần	h i ə p̚ ˧˨ ʔ v ə n ˨˩
hiệp định	h i ə p̚ ˧˨ ʔ ʔ ɗ ï ŋ ˧˨ ʔ
hiệp đồng	h i ə p̚ ˧˨ ʔ ʔ ɗ ə w ŋ͡m ˨˩
hiệp ước	h i ə p̚ ˧˨ ʔ ʔ ɨ ə k̚ ˧˦
hiệu	h i ə w ˧˨ ʔ
hiệu dụng	h i ə w ˧˨ ʔ z ʊ w ŋ͡m ˧˨ ʔ
hiệu lệnh	h i ə w ˧˨ ʔ l ə j ŋ̟ ˧˨ ʔ
hiệu lực	h i ə w ˧˨ ʔ l ɨ k̚ ˧˨ ʔ
hiệu nghiệm	h i ə w ˧˨ ʔ ŋ i ə m ˧˨ ʔ
hiệu năng	h i ə w ˧˨ ʔ n a ŋ ˧˧
hiệu phó	h i ə w ˧˨ ʔ f ɔ ˧˦
hiệu quả	h i ə w ˧˨ ʔ k w aː ˧˩
hiệu suất	h i ə w ˧˨ ʔ s w ə t̚ ˧˦
hiệu sách	h i ə w ˧˨ ʔ s a j k̟̚ ˧˦
hiệu số	h i ə w ˧˨ ʔ s o ˧˦
hiệu thuốc	h i ə w ˧˨ ʔ tʰ u ə k̚ ˧˦
hiệu triệu	h i ə w ˧˨ ʔ t͡ɕ i ə w ˧˨ ʔ
hiệu trưởng	h i ə w ˧˨ ʔ t͡ɕ ɨ ə ŋ ˧˩
hiệu điện thế	h i ə w ˧˨ ʔ ʔ ɗ i ə n ˧˨ ʔ tʰ e ˧˦
hiệu đính	h i ə w ˧˨ ʔ ʔ ɗ ï ŋ ˧˦
hiệu ứng	h i ə w ˧˨ ʔ ʔ ɨ ŋ ˧˦
hiệu ứng nhà kính	h i ə w ˧˨ ʔ ʔ ɨ ŋ ˧˦ ɲ aː ˨˩ k ï ŋ ˧˦
ho	h ɔ ˧˧
ho gà	h ɔ ˧˧ ɣ aː ˨˩
ho he	h ɔ ˧˧ h ɛ ˧˧
hoa	h w aː ˧˧
hoa bia	h w aː ˧˧ ʔ ɓ i ə ˧˧
hoa bất tử	h w aː ˧˧ ʔ ɓ ə t̚ ˧˦ t ɨ ˧˩
hoa chè	h w aː ˧˧ t͡ɕ ɛ ˨˩
hoa chúc	h w aː ˧˧ t͡ɕ ʊ w k͡p̚ ˧˦
hoa có chủ	h w aː ˧˧ k ɔ ˧˦ t͡ɕ u ˧˩
hoa giáp	h w aː ˧˧ z aː p̚ ˧˦
hoa giấy	h w aː ˧˧ z ə j ˧˦
hoa hiên	h w aː ˧˧ h i ə n ˧˧
hoa hậu	h w aː ˧˧ h ə w ˧˨ ʔ
hoa hồng	h w aː ˧˧ h ə w ŋ͡m ˨˩
hoa khôi	h w aː ˧˧ x o j ˧˧
hoa kim châm	h w aː ˧˧ k i m ˧˧ t͡ɕ ə m ˧˧
hoa liễu	h w aː ˧˧ l i ə w ˦ˀ˥
hoa lá	h w aː ˧˧ l aː ˧˦
hoa lơ	h w aː ˧˧ l əː ˧˧
hoa lơ trắng	h w aː ˧˧ l əː ˧˧ t͡ɕ a ŋ ˧˦
hoa lệ	h w aː ˧˧ l e ˧˨ ʔ
hoa màu	h w aː ˧˧ m a w ˨˩
hoa mười giờ	h w aː ˧˧ m ɨ ə j ˨˩ z əː ˨˩
hoa mắt	h w aː ˧˧ m a t̚ ˧˦
hoa nhài cắm bãi cứt trâu	h w aː ˧˧ ɲ aː j ˨˩ k a m ˧˦ ʔ ɓ aː j ˦ˀ˥ k ɨ t̚ ˧˦ t͡ɕ ə w ˧˧
hoa niên	h w aː ˧˧ n i ə n ˧˧
hoa quả	h w aː ˧˧ k w aː ˧˩
hoa sữa	h w aː ˧˧ s ɨ ə ˦ˀ˥
hoa tai	h w aː ˧˧ t aː j ˧˧
hoa tay	h w aː ˧˧ t a j ˧˧
hoa thị	h w aː ˧˧ tʰ i ˧˨ ʔ
hoa tiêu	h w aː ˧˧ t i ə w ˧˧
hoa trà	h w aː ˧˧ t͡ɕ aː ˨˩
hoa văn	h w aː ˧˧ v a n ˧˧
hoa đăng	h w aː ˧˧ ʔ ɗ a ŋ ˧˧
hoe	h w ɛ ˧˧
hoen	h w ɛ n ˧˧
hoen hoét	h w ɛ n ˧˧ h w ɛ t̚ ˧˦
hoi	h ɔ j ˧˧
hom hem	h ɔ m ˧˧ h ɛ m ˧˧
hon hỏn	h ɔ n ˧˧ h ɔ n ˧˩
hong	h a w ŋ͡m ˧˧
honmi	h o n ˧˧ m i ˧˧
hot	h ɔ t̚ ˧˦
hoà	h w aː ˨˩
hoà bình	h w aː ˨˩ ʔ ɓ ï ŋ ˨˩
hoà giải	h w aː ˨˩ z aː j ˧˩
hoà hảo	h w aː ˨˩ h aː w ˧˩
hoà hợp	h w aː ˨˩ h əː p̚ ˧˨ ʔ
hoà đồng	h w aː ˨˩ ʔ ɗ ə w ŋ͡m ˨˩
hoàng	h w aː ŋ ˨˩
hoè	h w ɛ ˨˩
hoóc môn	h ɔ k̚ ˧˦ m o n ˧˧
hoại	h w aː j ˧˨ ʔ
hypebol	h i ˧˧ p ɛ k̚ ˧˦ ʔ ɓ o n ˧˧
hypebol	h i ˧˧ p ɛ k̚ ˧˨ ʔ ʔ ɓ o n ˧˧
hypebol	h i ˧˧ p ɛ ˧˧ ʔ ɓ o n ˧˧
hà	h aː ˨˩
hà chính	h aː ˨˩ t͡ɕ ï ŋ ˧˦
hà cớ	h aː ˨˩ k əː ˧˦
hà cớ gì	h aː ˨˩ k əː ˧˦ z i ˨˩
hà hiếp	h aː ˨˩ h i ə p̚ ˧˦
hà mã	h aː ˨˩ m aː ˦ˀ˥
hà thủ ô	h aː ˨˩ tʰ u ˧˩ ʔ o ˧˧
hà tiện	h aː ˨˩ t i ə n ˧˨ ʔ
hà tất	h aː ˨˩ t ə t̚ ˧˦
hàng	h aː ŋ ˨˩
hàu	h a w ˨˩
há	h aː ˧˦
há cảo	h aː ˧˦ k aː w ˧˩
há hốc	h aː ˧˦ h ə w k͡p̚ ˧˦
há miệng chờ sung	h aː ˧˦ m i ə ŋ ˧˨ ʔ t͡ɕ əː ˨˩ s ʊ w ŋ͡m ˧˧
hách dịch	h a j k̟̚ ˧˦ z ï k̟̚ ˧˨ ʔ
hái	h aː j ˧˦
háng	h aː ŋ ˧˦
hèo	h ɛ w ˨˩
hé	h ɛ ˧˦
héo	h ɛ w ˧˦
héo hắt	h ɛ w ˧˦ h a t̚ ˧˦
héo queo	h ɛ w ˧˦ k w ɛ w ˧˧
héo quắt	h ɛ w ˧˦ k w a t̚ ˧˦
héo ruột	h ɛ w ˧˦ z u ə t̚ ˧˨ ʔ
héo úa	h ɛ w ˧˦ ʔ u ə ˧˦
hét	h ɛ t̚ ˧˦
hét ra lửa	h ɛ t̚ ˧˦ z aː ˧˧ l ɨ ə ˧˩
hên	h e n ˧˧
hên xui	h e n ˧˧ s u j ˧˧
hì hục	h i ˨˩ h ʊ w k͡p̚ ˧˨ ʔ
hì hụi	h i ˨˩ h u j ˧˨ ʔ
hình	h ï ŋ ˨˩
hình bán nguyệt	h ï ŋ ˨˩ ʔ ɓ aː n ˧˦ ŋ w i ə t̚ ˧˨ ʔ
hình bình hành	h ï ŋ ˨˩ ʔ ɓ ï ŋ ˨˩ h a j ŋ̟ ˨˩
hình chiếu	h ï ŋ ˨˩ t͡ɕ i ə w ˧˦
hình chóp	h ï ŋ ˨˩ t͡ɕ ɔ p̚ ˧˦
hình cầu	h ï ŋ ˨˩ k ə w ˨˩
hình dong	h ï ŋ ˨˩ z a w ŋ͡m ˧˧
hình dung	h ï ŋ ˨˩ z ʊ w ŋ͡m ˧˧
hình dung từ	h ï ŋ ˨˩ z ʊ w ŋ͡m ˧˧ t ɨ ˨˩
hình dáng	h ï ŋ ˨˩ z aː ŋ ˧˦
hình dạng	h ï ŋ ˨˩ z aː ŋ ˧˨ ʔ
hình hoạ	h ï ŋ ˨˩ h w aː ˧˨ ʔ
hình hài	h ï ŋ ˨˩ h aː j ˨˩
hình học	h ï ŋ ˨˩ h a w k͡p̚ ˧˨ ʔ
hình hộp chữ nhật	h ï ŋ ˨˩ h o p̚ ˧˨ ʔ t͡ɕ ɨ ˦ˀ˥ ɲ ə t̚ ˧˨ ʔ
hình lập phương	h ï ŋ ˨˩ l ə p̚ ˧˨ ʔ f ɨ ə ŋ ˧˧
hình mẫu	h ï ŋ ˨˩ m ə w ˦ˀ˥
hình nhi thượng học	h ï ŋ ˨˩ ɲ i ˧˧ tʰ ɨ ə ŋ ˧˨ ʔ h a w k͡p̚ ˧˨ ʔ
hình nhân	h ï ŋ ˨˩ ɲ ə n ˧˧
hình như	h ï ŋ ˨˩ ɲ ɨ ˧˧
hình nón	h ï ŋ ˨˩ n ɔ n ˧˦
hình nền	h ï ŋ ˨˩ n e n ˨˩
hình nộm	h ï ŋ ˨˩ n o m ˧˨ ʔ
hình phạt	h ï ŋ ˨˩ f aː t̚ ˧˨ ʔ
hình sự	h ï ŋ ˨˩ s ɨ ˧˨ ʔ
hình thang	h ï ŋ ˨˩ tʰ aː ŋ ˧˧
hình thanh	h ï ŋ ˨˩ tʰ a j ŋ̟ ˧˧
hình thoi	h ï ŋ ˨˩ tʰ ɔ j ˧˧
hình thành	h ï ŋ ˨˩ tʰ a j ŋ̟ ˨˩
hình thái	h ï ŋ ˨˩ tʰ aː j ˧˦
hình thái học	h ï ŋ ˨˩ tʰ aː j ˧˦ h a w k͡p̚ ˧˨ ʔ
hình thù	h ï ŋ ˨˩ tʰ u ˨˩
hình thể	h ï ŋ ˨˩ tʰ e ˧˩
hình thức	h ï ŋ ˨˩ tʰ ɨ k̚ ˧˦
hình tròn	h ï ŋ ˨˩ t͡ɕ ɔ n ˨˩
hình trụ	h ï ŋ ˨˩ t͡ɕ u ˧˨ ʔ
hình tích	h ï ŋ ˨˩ t ï k̟̚ ˧˦
hình tượng	h ï ŋ ˨˩ t ɨ ə ŋ ˧˨ ʔ
hình vuông	h ï ŋ ˨˩ v u ə ŋ ˧˧
hình vị	h ï ŋ ˨˩ v i ˧˨ ʔ
hình ảnh	h ï ŋ ˨˩ ʔ a j ŋ̟ ˧˩
hí	h i ˧˦
hí ha hí hửng	h i ˧˦ h aː ˧˧ h i ˧˦ h ɨ ŋ ˧˩
hí hoáy	h i ˧˦ h w a j ˧˦
hí hửng	h i ˧˦ h ɨ ŋ ˧˩
hí kịch	h i ˧˦ k ï k̟̚ ˧˨ ʔ
hích	h ï k̟̚ ˧˦
híp	h i p̚ ˧˦
hít	h i t̚ ˧˦
hít hà	h i t̚ ˧˦ h aː ˨˩
hít thở	h i t̚ ˧˦ tʰ əː ˧˩
hít đất	h i t̚ ˧˦ ʔ ɗ ə t̚ ˧˦
hò	h ɔ ˨˩
hò hét	h ɔ ˨˩ h ɛ t̚ ˧˦
hò hẹn	h ɔ ˨˩ h ɛ n ˧˨ ʔ
hòm	h ɔ m ˨˩
hòm thư	h ɔ m ˨˩ tʰ ɨ ˧˧
hòn	h ɔ n ˨˩
hòn non bộ	h ɔ n ˨˩ n ɔ n ˧˧ ʔ ɓ o ˧˨ ʔ
hòng	h a w ŋ͡m ˨˩
hóc	h a w k͡p̚ ˧˦
hói	h ɔ j ˧˦
hóm hỉnh	h ɔ m ˧˦ h ï ŋ ˧˩
hóng	h a w ŋ͡m ˧˦
hóng gió	h a w ŋ͡m ˧˦ z ɔ ˧˦
hóng mát	h a w ŋ͡m ˧˦ m aː t̚ ˧˦
hóp	h ɔ p̚ ˧˦
hót	h ɔ t̚ ˧˦
hô	h o ˧˧
hô hào	h o ˧˧ h aː w ˨˩
hô hấp	h o ˧˧ h ə p̚ ˧˦
hôi	h o j ˧˧
hôi của	h o j ˧˧ k u ə ˧˩
hôi hám	h o j ˧˧ h aː m ˧˦
hôi tanh	h o j ˧˧ t a j ŋ̟ ˧˧
hôm	h o m ˧˧
hôm kia	h o m ˧˧ k i ə ˧˧
hôm nay	h o m ˧˧ n a j ˧˧
hõm	h ɔ m ˦ˀ˥
hĩ	h i ˦ˀ˥
hĩm	h i m ˦ˀ˥
hơi	h əː j ˧˧
hưng	h ɨ ŋ ˧˧
hưng cảm	h ɨ ŋ ˧˧ k aː m ˧˩
hưng khởi	h ɨ ŋ ˧˧ x əː j ˧˩
hưng phấn	h ɨ ŋ ˧˧ f ə n ˧˦
hưng phế	h ɨ ŋ ˧˧ f e ˧˦
hưng vong	h ɨ ŋ ˧˧ v a w ŋ͡m ˧˧
hưu	h i w ˧˧
hưu bổng	h i w ˧˧ ʔ ɓ ə w ŋ͡m ˧˩
hưu chiến	h i w ˧˧ t͡ɕ i ə n ˧˦
hưu hạ	h i w ˧˧ h aː ˧˨ ʔ
hưu trí	h i w ˧˧ t͡ɕ i ˧˦
hương	h ɨ ə ŋ ˧˧
hương bản	h ɨ ə ŋ ˧˧ ʔ ɓ aː n ˧˩
hương cống	h ɨ ə ŋ ˧˧ k ə w ŋ͡m ˧˦
hương hoả	h ɨ ə ŋ ˧˧ h w aː ˧˩
hương liệu	h ɨ ə ŋ ˧˧ l i ə w ˧˨ ʔ
hương nhu	h ɨ ə ŋ ˧˧ ɲ u ˧˧
hương nhu tía	h ɨ ə ŋ ˧˧ ɲ u ˧˧ t i ə ˧˦
hương sắc	h ɨ ə ŋ ˧˧ s a k̚ ˧˦
hương thơm	h ɨ ə ŋ ˧˧ tʰ əː m ˧˧
hương thảo	h ɨ ə ŋ ˧˧ tʰ aː w ˧˩
hương vị	h ɨ ə ŋ ˧˧ v i ˧˨ ʔ
hươu	h i ə w ˧˧
hươu cao cổ	h i ə w ˧˧ k aː w ˧˧ k o ˧˩
hươu nai	h i ə w ˧˧ n aː j ˧˧
hươu sao	h i ə w ˧˧ s aː w ˧˧
hươu xạ	h i ə w ˧˧ s aː ˧˨ ʔ
hướng	h ɨ ə ŋ ˧˦
hướng dương	h ɨ ə ŋ ˧˦ z ɨ ə ŋ ˧˧
hướng dẫn	h ɨ ə ŋ ˧˦ z ə n ˦ˀ˥
hướng dẫn viên	h ɨ ə ŋ ˧˦ z ə n ˦ˀ˥ v i ə n ˧˧
hướng nghiệp	h ɨ ə ŋ ˧˦ ŋ i ə p̚ ˧˨ ʔ
hướng ngoại	h ɨ ə ŋ ˧˦ ŋ w aː j ˧˨ ʔ
hướng nội	h ɨ ə ŋ ˧˦ n o j ˧˨ ʔ
hướng trung	h ɨ ə ŋ ˧˦ t͡ɕ ʊ w ŋ͡m ˧˧
hướng tâm	h ɨ ə ŋ ˧˦ t ə m ˧˧
hướng đạo	h ɨ ə ŋ ˧˦ ʔ ɗ aː w ˧˨ ʔ
hướng đạo sinh	h ɨ ə ŋ ˧˦ ʔ ɗ aː w ˧˨ ʔ s ï ŋ ˧˧
hường	h ɨ ə ŋ ˨˩
hưởng	h ɨ ə ŋ ˧˩
hưởng dương	h ɨ ə ŋ ˧˩ z ɨ ə ŋ ˧˧
hưởng lạc	h ɨ ə ŋ ˧˩ l aː k̚ ˧˨ ʔ
hưởng thọ	h ɨ ə ŋ ˧˩ tʰ ɔ ˧˨ ʔ
hưởng thụ	h ɨ ə ŋ ˧˩ tʰ u ˧˨ ʔ
hưởng ứng	h ɨ ə ŋ ˧˩ ʔ ɨ ŋ ˧˦
hạ	h aː ˧˨ ʔ
hạ bì	h aː ˧˨ ʔ ʔ ɓ i ˨˩
hạ bạc	h aː ˧˨ ʔ ʔ ɓ aː k̚ ˧˨ ʔ
hạ bệ	h aː ˧˨ ʔ ʔ ɓ e ˧˨ ʔ
hạ bộ	h aː ˧˨ ʔ ʔ ɓ o ˧˨ ʔ
hạ chí	h aː ˧˨ ʔ t͡ɕ i ˧˦
hạ cánh	h aː ˧˨ ʔ k a j ŋ̟ ˧˦
hạ cấp	h aː ˧˨ ʔ k ə p̚ ˧˦
hạ du	h aː ˧˨ ʔ z u ˧˧
hạ giá	h aː ˧˨ ʔ z aː ˧˦
hạ giới	h aː ˧˨ ʔ z əː j ˧˦
hạ gục	h aː ˧˨ ʔ ɣ ʊ w k͡p̚ ˧˨ ʔ
hạ hồi phân giải	h aː ˧˨ ʔ h o j ˨˩ f ə n ˧˧ z aː j ˧˩
hạ lưu	h aː ˧˨ ʔ l i w ˧˧
hạ lệnh	h aː ˧˨ ʔ l ə j ŋ̟ ˧˨ ʔ
hạ mình	h aː ˧˨ ʔ m ï ŋ ˨˩
hạ nghĩ sĩ	h aː ˧˨ ʔ ŋ i ˦ˀ˥ s i ˦ˀ˥
hạ nghị sĩ	h aː ˧˨ ʔ ŋ i ˧˨ ʔ s i ˦ˀ˥
hạ nghị viện	h aː ˧˨ ʔ ŋ i ˧˨ ʔ v i ə n ˧˨ ʔ
hạ nguồn	h aː ˧˨ ʔ ŋ u ə n ˨˩
hạ sinh	h aː ˧˨ ʔ s ï ŋ ˧˧
hạ sách	h aː ˧˨ ʔ s a j k̟̚ ˧˦
hạ sĩ	h aː ˧˨ ʔ s i ˦ˀ˥
hạ sĩ quan	h aː ˧˨ ʔ s i ˦ˀ˥ k w aː n ˧˧
hạ thuỷ	h aː ˧˨ ʔ tʰ w i ˧˩
hạ thế	h aː ˧˨ ʔ tʰ e ˧˦
hạ thổ	h aː ˧˨ ʔ tʰ o ˧˩
hạ tầng	h aː ˧˨ ʔ t ə ŋ ˨˩
hạ tầng cơ sở	h aː ˧˨ ʔ t ə ŋ ˨˩ k əː ˧˧ s əː ˧˩
hạ uy cầm	h aː ˧˨ ʔ ʔ w i ˧˧ k ə m ˨˩
hạ viện	h aː ˧˨ ʔ v i ə n ˧˨ ʔ
hạ đẳng	h aː ˧˨ ʔ ʔ ɗ a ŋ ˧˩
hạ độc	h aː ˧˨ ʔ ʔ ɗ ə w k͡p̚ ˧˨ ʔ
hạc	h aː k̚ ˧˨ ʔ
hạc quyền	h aː k̚ ˧˨ ʔ k w i ə n ˨˩
hạch	h a j k̟̚ ˧˨ ʔ
hạch hạnh nhân	h a j k̟̚ ˧˨ ʔ h a j ŋ̟ ˧˨ ʔ ɲ ə n ˧˧
hạch sách	h a j k̟̚ ˧˨ ʔ s a j k̟̚ ˧˦
hạch toán	h a j k̟̚ ˧˨ ʔ t w aː n ˧˦
hạch tâm	h a j k̟̚ ˧˨ ʔ t ə m ˧˧
hạch đá	h a j k̟̚ ˧˨ ʔ ʔ ɗ aː ˧˦
hả	h aː ˧˩
hả dạ	h aː ˧˩ z aː ˧˨ ʔ
hả hê	h aː ˧˩ h e ˧˧
hẹo	h ɛ w ˧˨ ʔ
hẹp	h ɛ p̚ ˧˨ ʔ
hẹp hòi	h ɛ p̚ ˧˨ ʔ h ɔ j ˨˩
hẻo	h ɛ w ˧˩
hẻo lánh	h ɛ w ˧˩ l a j ŋ̟ ˧˦
hếch	h ə j k̟̚ ˧˦
hến	h e n ˧˦
hếp	h e p̚ ˧˦
hết	h e t̚ ˧˦
hết biết	h e t̚ ˧˦ ʔ ɓ i ə t̚ ˧˦
hết cả	h e t̚ ˧˦ k aː ˧˩
hết hền hệt	h e t̚ ˧˦ h e n ˨˩ h e t̚ ˧˨ ʔ
hết hồn	h e t̚ ˧˦ h o n ˨˩
hết lòng	h e t̚ ˧˦ l a w ŋ͡m ˨˩
hết lẽ	h e t̚ ˧˦ l ɛ ˦ˀ˥
hết mình	h e t̚ ˧˦ m ï ŋ ˨˩
hết mực	h e t̚ ˧˦ m ɨ k̚ ˧˨ ʔ
hết nước	h e t̚ ˧˦ n ɨ ə k̚ ˧˦
hết nấc	h e t̚ ˧˦ n ə k̚ ˧˦
hết sức	h e t̚ ˧˦ s ɨ k̚ ˧˦
hết thuốc chữa	h e t̚ ˧˦ tʰ u ə k̚ ˧˦ t͡ɕ ɨ ə ˦ˀ˥
hết thảy	h e t̚ ˧˦ tʰ a j ˧˩
hết thời	h e t̚ ˧˦ tʰ əː j ˨˩
hết trơn	h e t̚ ˧˦ t͡ɕ əː n ˧˧
hết trơn hết trọi	h e t̚ ˧˦ t͡ɕ əː n ˧˧ h e t̚ ˧˦ t͡ɕ ɔ j ˧˨ ʔ
hết ý	h e t̚ ˧˦ ʔ i ˧˦
hết đát	h e t̚ ˧˦ ʔ ɗ aː t̚ ˧˦
hề	h e ˨˩
hễ	h e ˦ˀ˥
hệ	h e ˧˨ ʔ
hệ Mặt Trời	h e ˧˨ ʔ m a t̚ ˧˨ ʔ t͡ɕ əː j ˨˩
hệ hình	h e ˧˨ ʔ h ï ŋ ˨˩
hệ hô hấp	h e ˧˨ ʔ h o ˧˧ h ə p̚ ˧˦
hệ luỵ	h e ˧˨ ʔ l w i ˧˨ ʔ
hệ miễn dịch	h e ˧˨ ʔ m i ə n ˦ˀ˥ z ï k̟̚ ˧˨ ʔ
hệ phái	h e ˧˨ ʔ f aː j ˧˦
hệ phương trình	h e ˧˨ ʔ f ɨ ə ŋ ˧˧ t͡ɕ ï ŋ ˨˩
hệ quy chiếu	h e ˧˨ ʔ k w i ˧˧ t͡ɕ i ə w ˧˦
hệ quả	h e ˧˨ ʔ k w aː ˧˩
hệ số	h e ˧˨ ʔ s o ˧˦
hệ thống	h e ˧˨ ʔ tʰ ə w ŋ͡m ˧˦
hệ thống hoá	h e ˧˨ ʔ tʰ ə w ŋ͡m ˧˦ h w aː ˧˦
hệ tiêu hoá	h e ˧˨ ʔ t i ə w ˧˧ h w aː ˧˦
hệ tiết niệu	h e ˧˨ ʔ t i ə t̚ ˧˦ n i ə w ˧˨ ʔ
hệ toạ độ	h e ˧˨ ʔ t w aː ˧˨ ʔ ʔ ɗ o ˧˨ ʔ
hệ trọng	h e ˧˨ ʔ t͡ɕ a w ŋ͡m ˧˨ ʔ
hệ tuần hoàn	h e ˧˨ ʔ t w ə n ˨˩ h w aː n ˨˩
hệ tư tưởng	h e ˧˨ ʔ t ɨ ˧˧ t ɨ ə ŋ ˧˩
hệ điều hành	h e ˧˨ ʔ ʔ ɗ i ə w ˨˩ h a j ŋ̟ ˨˩
hệch	h ə j k̟̚ ˧˨ ʔ
hệt	h e t̚ ˧˨ ʔ
hỉ	h i ˧˩
hỉ nộ ái ố	h i ˧˩ n o ˧˨ ʔ ʔ aː j ˧˦ ʔ o ˧˦
hịch	h ï k̟̚ ˧˨ ʔ
họ	h ɔ ˧˨ ʔ
họ hàng	h ɔ ˧˨ ʔ h aː ŋ ˨˩
học chế	h a w k͡p̚ ˧˨ ʔ t͡ɕ e ˧˦
học giả	h a w k͡p̚ ˧˨ ʔ z aː ˧˩
học hiệu	h a w k͡p̚ ˧˨ ʔ h i ə w ˧˨ ʔ
học hành	h a w k͡p̚ ˧˨ ʔ h a j ŋ̟ ˨˩
học hỏi	h a w k͡p̚ ˧˨ ʔ h ɔ j ˧˩
học khu	h a w k͡p̚ ˧˨ ʔ x u ˧˧
học kì	h a w k͡p̚ ˧˨ ʔ k i ˨˩
học liệu	h a w k͡p̚ ˧˨ ʔ l i ə w ˧˨ ʔ
học lỏm	h a w k͡p̚ ˧˨ ʔ l ɔ m ˧˩
học lực	h a w k͡p̚ ˧˨ ʔ l ɨ k̚ ˧˨ ʔ
học máy	h a w k͡p̚ ˧˨ ʔ m a j ˧˦
học phí	h a w k͡p̚ ˧˨ ʔ f i ˧˦
học sinh	h a w k͡p̚ ˧˨ ʔ s ï ŋ ˧˧
học sâu	h a w k͡p̚ ˧˨ ʔ s ə w ˧˧
học sĩ	h a w k͡p̚ ˧˨ ʔ s i ˦ˀ˥
học thuyết	h a w k͡p̚ ˧˨ ʔ tʰ w i ə t̚ ˧˦
học thuật	h a w k͡p̚ ˧˨ ʔ tʰ w ə t̚ ˧˨ ʔ
học thuộc	h a w k͡p̚ ˧˨ ʔ tʰ u ə k̚ ˧˨ ʔ
học thêm	h a w k͡p̚ ˧˨ ʔ tʰ e m ˧˧
học thức	h a w k͡p̚ ˧˨ ʔ tʰ ɨ k̚ ˧˦
học trò	h a w k͡p̚ ˧˨ ʔ t͡ɕ ɔ ˨˩
học tập	h a w k͡p̚ ˧˨ ʔ t ə p̚ ˧˨ ʔ
học viên	h a w k͡p̚ ˧˨ ʔ v i ə n ˧˧
học viện	h a w k͡p̚ ˧˨ ʔ v i ə n ˧˨ ʔ
học vấn	h a w k͡p̚ ˧˨ ʔ v ə n ˧˦
học vẹt	h a w k͡p̚ ˧˨ ʔ v ɛ t̚ ˧˨ ʔ
học vị	h a w k͡p̚ ˧˨ ʔ v i ˧˨ ʔ
học vụ	h a w k͡p̚ ˧˨ ʔ v u ˧˨ ʔ
học đường	h a w k͡p̚ ˧˨ ʔ ʔ ɗ ɨ ə ŋ ˨˩
họng	h a w ŋ͡m ˧˨ ʔ
họp	h ɔ p̚ ˧˨ ʔ
họp báo	h ɔ p̚ ˧˨ ʔ ʔ ɓ aː w ˧˦
họp hành	h ɔ p̚ ˧˨ ʔ h a j ŋ̟ ˨˩
họp mặt	h ɔ p̚ ˧˨ ʔ m a t̚ ˧˨ ʔ
hỏi	h ɔ j ˧˩
hỏi cung	h ɔ j ˧˩ k ʊ w ŋ͡m ˧˧
hỏi han	h ɔ j ˧˩ h aː n ˧˧
hỏi thăm	h ɔ j ˧˩ tʰ a m ˧˧
hỏng	h a w ŋ͡m ˧˩
hỏng hóc	h a w ŋ͡m ˧˩ h a w k͡p̚ ˧˦
hố	h o ˧˦
hố phân	h o ˧˦ f ə n ˧˧
hố xí	h o ˧˦ s i ˧˦
hố đen	h o ˧˦ ʔ ɗ ɛ n ˧˧
hốc	h ə w k͡p̚ ˧˦
hốc hác	h ə w k͡p̚ ˧˦ h aː k̚ ˧˦
hối	h o j ˧˦
hối cải	h o j ˧˦ k aː j ˧˩
hối hả	h o j ˧˦ h aː ˧˩
hối hận	h o j ˧˦ h ə n ˧˨ ʔ
hối lỗi	h o j ˧˦ l o j ˦ˀ˥
hối lộ	h o j ˧˦ l o ˧˨ ʔ
hối tiếc	h o j ˧˦ t i ə k̚ ˧˦
hối đoái	h o j ˧˦ ʔ ɗ w aː j ˧˦
hốt	h o t̚ ˧˦
hồ	h o ˨˩
hồ Hoàn Kiếm	h o ˨˩ h w aː n ˨˩ k i ə m ˧˦
hồ Lắk	h o ˨˩ l a k̚ ˧˦
hồ Tây	h o ˨˩ t ə j ˧˧
hồ cá	h o ˨˩ k aː ˧˦
hồ cầm	h o ˨˩ k ə m ˨˩
hồ cừu	h o ˨˩ k i w ˨˩
hồ hởi	h o ˨˩ h əː j ˧˩
hồ li	h o ˨˩ l i ˧˧
hồ lô	h o ˨˩ l o ˧˧
hồ nghi	h o ˨˩ ŋ i ˧˧
hồ sơ	h o ˨˩ s əː ˧˧
hồ thuỷ	h o ˨˩ tʰ w i ˧˩
hồ tiêu	h o ˨˩ t i ə w ˧˧
hồ trăn	h o ˨˩ t͡ɕ a n ˧˧
hồ tư loạn tưởng	h o ˨˩ t ɨ ˧˧ l w aː n ˧˨ ʔ t ɨ ə ŋ ˧˩
hồ điệp	h o ˨˩ ʔ ɗ i ə p̚ ˧˨ ʔ
hồ đồ	h o ˨˩ ʔ ɗ o ˨˩
hồ đồng	h o ˨˩ ʔ ɗ ə w ŋ͡m ˨˩
hồi	h o j ˨˩
hồi báo	h o j ˨˩ ʔ ɓ aː w ˧˦
hồi hưu	h o j ˨˩ h i w ˧˧
hồi hương	h o j ˨˩ h ɨ ə ŋ ˧˧
hồi hộp	h o j ˨˩ h o p̚ ˧˨ ʔ
hồi kí	h o j ˨˩ k i ˧˦
hồi lưu	h o j ˨˩ l i w ˧˧
hồi phục	h o j ˨˩ f ʊ w k͡p̚ ˧˨ ʔ
hồi quy	h o j ˨˩ k w i ˧˧
hồi sinh	h o j ˨˩ s ï ŋ ˧˧
hồi sức	h o j ˨˩ s ɨ k̚ ˧˦
hồi tràng	h o j ˨˩ t͡ɕ aː ŋ ˨˩
hồi tưởng	h o j ˨˩ t ɨ ə ŋ ˧˩
hồi tỉnh	h o j ˨˩ t ï ŋ ˧˩
hồi âm	h o j ˨˩ ʔ ə m ˧˧
hồng	h ə w ŋ͡m ˨˩
hổ	h o ˧˩
hổ báo	h o ˧˩ ʔ ɓ aː w ˧˦
hổ khẩu	h o ˧˩ x ə w ˧˩
hổ lốn	h o ˧˩ l o n ˧˦
hổ mang	h o ˧˩ m aː ŋ ˧˧
hổ phách	h o ˧˩ f a j k̟̚ ˧˦
hổ phụ sinh hổ tử	h o ˧˩ f u ˧˨ ʔ s ï ŋ ˧˧ h o ˧˩ t ɨ ˧˩
hổ quyền	h o ˧˩ k w i ə n ˨˩
hổ sư	h o ˧˩ s ɨ ˧˧
hổ thẹn	h o ˧˩ tʰ ɛ n ˧˨ ʔ
hổi	h o j ˧˩
hỗ	h o ˦ˀ˥
hỗ huệ	h o ˦ˀ˥ h w e ˧˨ ʔ
hỗ trợ	h o ˦ˀ˥ t͡ɕ əː ˧˨ ʔ
hỗ tương	h o ˦ˀ˥ t ɨ ə ŋ ˧˧
hộ	h o ˧˨ ʔ
hộ chiếu	h o ˧˨ ʔ t͡ɕ i ə w ˧˦
hộ khẩu	h o ˧˨ ʔ x ə w ˧˩
hộ lí	h o ˧˨ ʔ l i ˧˦
hộ pháp	h o ˧˨ ʔ f aː p̚ ˧˦
hộ sinh	h o ˧˨ ʔ s ï ŋ ˧˧
hộ tịch	h o ˧˨ ʔ t ï k̟̚ ˧˨ ʔ
hộ tống	h o ˧˨ ʔ t ə w ŋ͡m ˧˦
hộ vệ	h o ˧˨ ʔ v e ˧˨ ʔ
hộc	h ə w k͡p̚ ˧˨ ʔ
hộc máu	h ə w k͡p̚ ˧˨ ʔ m a w ˧˦
hộc tốc	h ə w k͡p̚ ˧˨ ʔ t ə w k͡p̚ ˧˦
hội	h o j ˧˨ ʔ
hội chẩn	h o j ˧˨ ʔ t͡ɕ ə n ˧˩
hội chợ	h o j ˧˨ ʔ t͡ɕ əː ˧˨ ʔ
hội chứng	h o j ˧˨ ʔ t͡ɕ ɨ ŋ ˧˦
hội chứng suy giảm miễn dịch mắc phải	h o j ˧˨ ʔ t͡ɕ ɨ ŋ ˧˦ s w i ˧˧ z aː m ˧˩ m i ə n ˦ˀ˥ z ï k̟̚ ˧˨ ʔ m a k̚ ˧˦ f aː j ˧˩
hội chứng sợ	h o j ˧˨ ʔ t͡ɕ ɨ ŋ ˧˦ s əː ˧˨ ʔ
hội chứng sợ chú hề	h o j ˧˨ ʔ t͡ɕ ɨ ŋ ˧˦ s əː ˧˨ ʔ t͡ɕ u ˧˦ h e ˨˩
hội hoạ	h o j ˧˨ ʔ h w aː ˧˨ ʔ
hội hè	h o j ˧˨ ʔ h ɛ ˨˩
hội họp	h o j ˧˨ ʔ h ɔ p̚ ˧˨ ʔ
hội khuyến học	h o j ˧˨ ʔ x w i ə n ˧˦ h a w k͡p̚ ˧˨ ʔ
hội kiến	h o j ˧˨ ʔ k i ə n ˧˦
hội nghị	h o j ˧˨ ʔ ŋ i ˧˨ ʔ
hội nghị thượng đỉnh	h o j ˧˨ ʔ ŋ i ˧˨ ʔ tʰ ɨ ə ŋ ˧˨ ʔ ʔ ɗ ï ŋ ˧˩
hội ngộ	h o j ˧˨ ʔ ŋ o ˧˨ ʔ
hội nhập	h o j ˧˨ ʔ ɲ ə p̚ ˧˨ ʔ
hội quán	h o j ˧˨ ʔ k w aː n ˧˦
hội thao	h o j ˧˨ ʔ tʰ aː w ˧˧
hội thoại	h o j ˧˨ ʔ tʰ w aː j ˧˨ ʔ
hội thảo	h o j ˧˨ ʔ tʰ aː w ˧˩
hội thẩm	h o j ˧˨ ʔ tʰ ə m ˧˩
hội thẩm nhân dân	h o j ˧˨ ʔ tʰ ə m ˧˩ ɲ ə n ˧˧ z ə n ˧˧
hội trường	h o j ˧˨ ʔ t͡ɕ ɨ ə ŋ ˨˩
hội trưởng	h o j ˧˨ ʔ t͡ɕ ɨ ə ŋ ˧˩
hội tuyển	h o j ˧˨ ʔ t w i ə n ˧˩
hội tụ	h o j ˧˨ ʔ t u ˧˨ ʔ
hội viên	h o j ˧˨ ʔ v i ə n ˧˧
hội ái hữu	h o j ˧˨ ʔ ʔ aː j ˧˦ h i w ˦ˀ˥
hội âm	h o j ˧˨ ʔ ʔ ə m ˧˧
hội ý	h o j ˧˨ ʔ ʔ i ˧˦
hội đoàn	h o j ˧˨ ʔ ʔ ɗ w aː n ˨˩
hội đàm	h o j ˧˨ ʔ ʔ ɗ aː m ˨˩
hội đồng	h o j ˧˨ ʔ ʔ ɗ ə w ŋ͡m ˨˩
hội đồng nhân dân	h o j ˧˨ ʔ ʔ ɗ ə w ŋ͡m ˨˩ ɲ ə n ˧˧ z ə n ˧˧
hội đồng quản trị	h o j ˧˨ ʔ ʔ ɗ ə w ŋ͡m ˨˩ k w aː n ˧˩ t͡ɕ i ˧˨ ʔ
hội đồng xét xử	h o j ˧˨ ʔ ʔ ɗ ə w ŋ͡m ˨˩ s ɛ t̚ ˧˦ s ɨ ˧˩
hợp	h əː p̚ ˧˨ ʔ
hụi	h u j ˧˨ ʔ
hứa hôn	h ɨ ə ˧˦ h o n ˧˧
hứa hẹn	h ɨ ə ˧˦ h ɛ n ˧˨ ʔ
hứa lèo	h ɨ ə ˧˦ l ɛ w ˨˩
hức	h ɨ k̚ ˧˦
hứng	h ɨ ŋ ˧˦
hứng chí	h ɨ ŋ ˧˦ t͡ɕ i ˧˦
hứng khởi	h ɨ ŋ ˧˦ x əː j ˧˩
hứng thú	h ɨ ŋ ˧˦ tʰ u ˧˦
hứng tình	h ɨ ŋ ˧˦ t ï ŋ ˨˩
hừm	h ɨ m ˨˩
hừng hực	h ɨ ŋ ˨˩ h ɨ k̚ ˧˨ ʔ
hừng đông	h ɨ ŋ ˨˩ ʔ ɗ ə w ŋ͡m ˧˧
hửi	h ɨ j ˧˩
hửng	h ɨ ŋ ˧˩
hững hờ	h ɨ ŋ ˦ˀ˥ h əː ˨˩
hữu	h i w ˦ˀ˥
hữu cơ	h i w ˦ˀ˥ k əː ˧˧
hữu danh	h i w ˦ˀ˥ z a j ŋ̟ ˧˧
hữu danh vô thực	h i w ˦ˀ˥ z a j ŋ̟ ˧˧ v o ˧˧ tʰ ɨ k̚ ˧˨ ʔ
hữu dũng vô mưu	h i w ˦ˀ˥ z ʊ w ŋ͡m ˦ˀ˥ v o ˧˧ m i w ˧˧
hữu dụng	h i w ˦ˀ˥ z ʊ w ŋ͡m ˧˨ ʔ
hữu hiệu	h i w ˦ˀ˥ h i ə w ˧˨ ʔ
hữu hạn	h i w ˦ˀ˥ h aː n ˧˨ ʔ
hữu khuynh	h i w ˦ˀ˥ x w ï ŋ̟ ˧˧
hữu lí	h i w ˦ˀ˥ l i ˧˦
hữu nghị	h i w ˦ˀ˥ ŋ i ˧˨ ʔ
hữu ngạn	h i w ˦ˀ˥ ŋ aː n ˧˨ ʔ
hữu nhũ	h i w ˦ˀ˥ ɲ u ˦ˀ˥
hữu phái	h i w ˦ˀ˥ f aː j ˧˦
hữu quan	h i w ˦ˀ˥ k w aː n ˧˧
hữu sản	h i w ˦ˀ˥ s aː n ˧˩
hữu thanh	h i w ˦ˀ˥ tʰ a j ŋ̟ ˧˧
hữu thuỷ vô chung	h i w ˦ˀ˥ tʰ w i ˧˩ v o ˧˧ t͡ɕ ʊ w ŋ͡m ˧˧
hữu tuyến	h i w ˦ˀ˥ t w i ə n ˧˦
hữu tình	h i w ˦ˀ˥ t ï ŋ ˨˩
hữu tỉ	h i w ˦ˀ˥ t i ˧˩
hữu xạ tự nhiên hương	h i w ˦ˀ˥ s aː ˧˨ ʔ t ɨ ˧˨ ʔ ɲ i ə n ˧˧ h ɨ ə ŋ ˧˧
hữu ích	h i w ˦ˀ˥ ʔ ï k̟̚ ˧˦
i dài	ʔ i ˧˧ z aː j ˨˩
i ngắn	ʔ i ˧˧ ŋ a n ˧˦
i tờ	ʔ i ˧˧ t əː ˨˩
iPad	ʔ aː j ˧˧ p aː t̚ ˧˦
ib	ʔ i ˧˧ ʔ ɓ e ˧˧
ig	ʔ i ˧˧ ɣ əː ˨˩
im	ʔ i m ˧˧
im lìm	ʔ i m ˧˧ l i m ˨˩
im lặng	ʔ i m ˧˧ l a ŋ ˧˨ ʔ
im ả	ʔ i m ˧˧ ʔ aː ˧˩
im ắng	ʔ i m ˧˧ ʔ a ŋ ˧˦
im ỉm	ʔ i m ˧˧ ʔ i m ˧˩
in	ʔ i n ˧˧
in thạch bản	ʔ i n ˧˧ tʰ a j k̟̚ ˧˨ ʔ ʔ ɓ aː n ˧˩
in thạch bản ngâm	ʔ i n ˧˧ tʰ a j k̟̚ ˧˨ ʔ ʔ ɓ aː n ˧˩ ŋ ə m ˧˧
in tư	ʔ i n ˧˧ t ɨ ˧˧
in đá	ʔ i n ˧˧ ʔ ɗ aː ˧˦
in đậm	ʔ i n ˧˧ ʔ ɗ ə m ˧˨ ʔ
in ấn	ʔ i n ˧˧ ʔ ə n ˧˦
inbox	ʔ i n ˧˧ ʔ ɓ a w k͡p̚ ˧˦
inbox	ʔ i n ˧˧ ʔ ɓ ə w k͡p̚ ˧˦
info	ʔ i n ˧˧ f ɔ ˧˧
inh	ʔ ï ŋ ˧˧
inh tai nhức óc	ʔ ï ŋ ˧˧ t aː j ˧˧ ɲ ɨ k̚ ˧˦ ʔ a w k͡p̚ ˧˦
inh ỏi	ʔ ï ŋ ˧˧ ʔ ɔ j ˧˩
inđi	ʔ i n ˧˧ ʔ ɗ i ˧˧
ion	ʔ i ˧˧ ʔ ɔ n ˧˧
ion	ʔ i ˧˧ ʔ ə w ŋ͡m ˧˧
ion hoá	ʔ i ˧˧ ʔ ə w ŋ͡m ˧˧ h w aː ˧˦
iot	ʔ i ˧˧ ʔ o t̚ ˧˦
iriđi	ʔ i ˧˧ z i ˧˧ ʔ ɗ i ˧˧
iriđi	ʔ i ˧˧ ɹ i ˧˧ ʔ ɗ i ˧˧
iu	ʔ i w ˧˧
iu ấp	ʔ i w ˧˧ ʔ ə p̚ ˧˦
j	z i ˧˧
jun	z u n ˧˧ k e ˧˦
k	k aː ˧˧
kaki	k aː ˧˧ k i ˧˧
kali	k aː ˧˧ l i ˧˧
ke	k ɛ ˧˧
kem	k ɛ m ˧˧
kem chống nắng	k ɛ m ˧˧ t͡ɕ ə w ŋ͡m ˧˦ n a ŋ ˧˦
kem dâu	k ɛ m ˧˧ z ə w ˧˧
kem mứt	k ɛ m ˧˧ m ɨ t̚ ˧˦
kem que	k ɛ m ˧˧ k w ɛ ˧˧
kem đánh răng	k ɛ m ˧˧ ʔ ɗ a j ŋ̟ ˧˦ z a ŋ ˧˧
ken	k ɛ n ˧˧
keng	k ɛ ŋ ˧˧
kenvin	k ɛ n ˧˧ v i n ˧˧
keo	k ɛ w ˧˧
keo kiệt	k ɛ w ˧˧ k i ə t̚ ˧˨ ʔ
keo như kẹo kéo	k ɛ w ˧˧ ɲ ɨ ˧˧ k ɛ w ˧˨ ʔ k ɛ w ˧˦
keo ong	k ɛ w ˧˧ ʔ a w ŋ͡m ˧˧
keo sơn	k ɛ w ˧˧ s əː n ˧˧
keo xịt tóc	k ɛ w ˧˧ s i t̚ ˧˨ ʔ t a w k͡p̚ ˧˦
khe	x ɛ ˧˧
khen	x ɛ n ˧˧
khen ngợi	x ɛ n ˧˧ ŋ əː j ˧˨ ʔ
khen thưởng	x ɛ n ˧˧ tʰ ɨ ə ŋ ˧˩
khi	x i ˧˧
khi dễ	x i ˧˧ z e ˦ˀ˥
khi nào	x i ˧˧ n aː w ˨˩
khi nào cũng	x i ˧˧ n aː w ˨˩ k ʊ w ŋ͡m ˦ˀ˥
khi và chỉ khi	x i ˧˧ v aː ˨˩ t͡ɕ i ˧˩ x i ˧˧
khi ấy	x i ˧˧ ʔ ə j ˧˦
khinh	x ï ŋ ˧˧
khinh bạc	x ï ŋ ˧˧ ʔ ɓ aː k̚ ˧˨ ʔ
khinh bỉ	x ï ŋ ˧˧ ʔ ɓ i ˧˩
khinh công	x ï ŋ ˧˧ k ə w ŋ͡m ˧˧
khinh khi	x ï ŋ ˧˧ x i ˧˧
khinh khí	x ï ŋ ˧˧ x i ˧˦
khinh khí cầu	x ï ŋ ˧˧ x i ˧˦ k ə w ˨˩
khinh lờn	x ï ŋ ˧˧ l əː n ˨˩
khinh miệt	x ï ŋ ˧˧ m i ə t̚ ˧˨ ʔ
khinh nhờn	x ï ŋ ˧˧ ɲ əː n ˨˩
khinh suất	x ï ŋ ˧˧ s w ə t̚ ˧˦
khinh thường	x ï ŋ ˧˧ tʰ ɨ ə ŋ ˨˩
khinh thị	x ï ŋ ˧˧ tʰ i ˧˨ ʔ
khinh tội	x ï ŋ ˧˧ t o j ˧˨ ʔ
khiêm cung	x i ə m ˧˧ k ʊ w ŋ͡m ˧˧
khiêm nhường	x i ə m ˧˧ ɲ ɨ ə ŋ ˨˩
khiêm tốn	x i ə m ˧˧ t o n ˧˦
khiên	x i ə n ˧˧
khiên cưỡng	x i ə n ˧˧ k ɨ ə ŋ ˦ˀ˥
khiêng	x i ə ŋ ˧˧
khiêu dâm	x i ə w ˧˧ z ə m ˧˧
khiêu dâm trẻ em	x i ə w ˧˧ z ə m ˧˧ t͡ɕ ɛ ˧˩ ʔ ɛ m ˧˧
khiêu khích	x i ə w ˧˧ x ï k̟̚ ˧˦
khiêu vũ	x i ə w ˧˧ v u ˦ˀ˥
khiếm khuyết	x i ə m ˧˦ x w i ə t̚ ˧˦
khiếm nhã	x i ə m ˧˦ ɲ aː ˦ˀ˥
khiếm thính	x i ə m ˧˦ tʰ ï ŋ ˧˦
khiếm thị	x i ə m ˧˦ tʰ i ˧˨ ʔ
khiến	x i ə n ˧˦
khiếp	x i ə p̚ ˧˦
khiếp nhược	x i ə p̚ ˧˦ ɲ ɨ ə k̚ ˧˨ ʔ
khiếp sợ	x i ə p̚ ˧˦ s əː ˧˨ ʔ
khiếp đảm	x i ə p̚ ˧˦ ʔ ɗ aː m ˧˩
khiếu	x i ə w ˧˦
khiếu kiện	x i ə w ˧˦ k i ə n ˧˨ ʔ
khiếu nại	x i ə w ˧˦ n aː j ˧˨ ʔ
khiền	x i ə n ˨˩
khiển	x i ə n ˧˩
khiển trách	x i ə n ˧˩ t͡ɕ a j k̟̚ ˧˦
kho	x ɔ ˧˧
kho báu	x ɔ ˧˧ ʔ ɓ a w ˧˦
kho bạc	x ɔ ˧˧ ʔ ɓ aː k̚ ˧˨ ʔ
kho dữ liệu	x ɔ ˧˧ z ɨ ˦ˀ˥ l i ə w ˧˨ ʔ
kho tàng	x ɔ ˧˧ t aː ŋ ˨˩
khoá	x w aː ˧˦
khoảng	x w aː ŋ ˧˩
khuya	x w i ə ˧˧
khuynh	x w ï ŋ̟ ˧˧
khuynh diệp	x w ï ŋ̟ ˧˧ z i ə p̚ ˧˨ ʔ
khuynh gia bại sản	x w ï ŋ̟ ˧˧ z aː ˧˧ ʔ ɓ aː j ˧˨ ʔ s aː n ˧˩
khuynh hướng	x w ï ŋ̟ ˧˧ h ɨ ə ŋ ˧˦
khuynh đảo	x w ï ŋ̟ ˧˧ ʔ ɗ aː w ˧˩
khuỵu	x w i w ˧˨ ʔ
khuỷu	x w i w ˧˩
khuỷu tay	x w i w ˧˩ t a j ˧˧
kháng	x aː ŋ ˧˦
khâm phục	x ə m ˧˧ f ʊ w k͡p̚ ˧˨ ʔ
khâu	x ə w ˧˧
khâu nhục	x ə w ˧˧ ɲ ʊ w k͡p̚ ˧˨ ʔ
khè	x ɛ ˨˩
khéo	x ɛ w ˧˦
khéo léo	x ɛ w ˧˦ l ɛ w ˧˦
khéo tay	x ɛ w ˧˦ t a j ˧˧
khép	x ɛ p̚ ˧˦
khép kín	x ɛ p̚ ˧˦ k i n ˧˦
khép mình	x ɛ p̚ ˧˦ m ï ŋ ˨˩
khép nép	x ɛ p̚ ˧˦ n ɛ p̚ ˧˦
khét	x ɛ t̚ ˧˦
khét lẹt	x ɛ t̚ ˧˦ l ɛ t̚ ˧˨ ʔ
khét tiếng	x ɛ t̚ ˧˦ t i ə ŋ ˧˦
khê	x e ˧˧
khêu	x e w ˧˧
khí	x i ˧˦
khí cacbonic	x i ˧˦ k aː k̚ ˧˦ ʔ ɓ ɔ n ˧˧ n ï k̟̚ ˧˦
khí cacbonic	x i ˧˦ k aː k̚ ˧˦ ʔ ɓ ɔ ˧˧ n ï k̟̚ ˧˦
khí chất	x i ˧˦ t͡ɕ ə t̚ ˧˦
khí công	x i ˧˦ k ə w ŋ͡m ˧˧
khí cầu	x i ˧˦ k ə w ˨˩
khí cụ	x i ˧˦ k u ˧˨ ʔ
khí hiếm	x i ˧˦ h i ə m ˧˦
khí hậu	x i ˧˦ h ə w ˧˨ ʔ
khí hậu học	x i ˧˦ h ə w ˧˨ ʔ h a w k͡p̚ ˧˨ ʔ
khí khái	x i ˧˦ x aː j ˧˦
khí khổng	x i ˧˦ x ə w ŋ͡m ˧˩
khí lí tưởng	x i ˧˦ l i ˧˦ t ɨ ə ŋ ˧˩
khí nhạc	x i ˧˦ ɲ aː k̚ ˧˨ ʔ
khí quyển	x i ˧˦ k w i ə n ˧˩
khí quản	x i ˧˦ k w aː n ˧˩
khí thải	x i ˧˦ tʰ aː j ˧˩
khí thế	x i ˧˦ tʰ e ˧˦
khí trời	x i ˧˦ t͡ɕ əː j ˨˩
khí tài	x i ˧˦ t aː j ˨˩
khí tê	x i ˧˦ t e ˧˧
khí tượng	x i ˧˦ t ɨ ə ŋ ˧˨ ʔ
khí tượng học	x i ˧˦ t ɨ ə ŋ ˧˨ ʔ h a w k͡p̚ ˧˨ ʔ
khí áp	x i ˧˦ ʔ aː p̚ ˧˦
khí áp kế	x i ˧˦ ʔ aː p̚ ˧˦ k e ˧˦
khí đốt	x i ˧˦ ʔ ɗ o t̚ ˧˦
khía	x i ə ˧˦
khía cạnh	x i ə ˧˦ k a j ŋ̟ ˧˨ ʔ
khích	x ï k̟̚ ˧˦
khích bác	x ï k̟̚ ˧˦ ʔ ɓ aː k̚ ˧˦
khích lệ	x ï k̟̚ ˧˦ l e ˧˨ ʔ
khít	x i t̚ ˧˦
khít khìn khịt	x i t̚ ˧˦ x i n ˨˩ x i t̚ ˧˨ ʔ
khò	x ɔ ˨˩
khò khà khò khè	x ɔ ˨˩ x aː ˨˩ x ɔ ˨˩ x ɛ ˨˩
khò khè	x ɔ ˨˩ x ɛ ˨˩
khò khò	x ɔ ˨˩ x ɔ ˨˩
khó	x ɔ ˧˦
khó chịu	x ɔ ˧˦ t͡ɕ i w ˧˨ ʔ
khó dễ	x ɔ ˧˦ z e ˦ˀ˥
khó khăn	x ɔ ˧˦ x a n ˧˧
khó lòng	x ɔ ˧˦ l a w ŋ͡m ˨˩
khó nhọc	x ɔ ˧˦ ɲ a w k͡p̚ ˧˨ ʔ
khó tính	x ɔ ˧˦ t ï ŋ ˧˦
khó xử	x ɔ ˧˦ s ɨ ˧˩
khó ở	x ɔ ˧˦ ʔ əː ˧˩
khăn giấy	x a n ˧˧ z ə j ˧˦
khăn mỏ quạ	x a n ˧˧ m ɔ ˧˩ k w aː ˧˨ ʔ
khăn piêu	x a n ˧˧ p i ə w ˧˧
khăn quàng	x a n ˧˧ k w aː ŋ ˨˩
khăn rằn	x a n ˧˧ z a n ˨˩
khăn san	x a n ˧˧ s aː n ˧˧
khăn tay	x a n ˧˧ t a j ˧˧
khăn tắm	x a n ˧˧ t a m ˧˦
khăn vấn	x a n ˧˧ v ə n ˧˦
khăn ăn	x a n ˧˧ ʔ a n ˧˧
khăn đóng	x a n ˧˧ ʔ ɗ a w ŋ͡m ˧˦
khăng khít	x a ŋ ˧˧ x i t̚ ˧˦
khăng khăng	x a ŋ ˧˧ x a ŋ ˧˧
khư	x ɨ ˧˧
khư khư	x ɨ ˧˧ x ɨ ˧˧
khươm	x ɨ ə m ˧˧
khương	x ɨ ə ŋ ˧˧
khước từ	x ɨ ə k̚ ˧˦ t ɨ ˨˩
khướt	x ɨ ə t̚ ˧˦
khướu	x i ə w ˧˦
khảo	x aː w ˧˩
khấc	x ə k̚ ˧˦
khấm khá	x ə m ˧˦ x aː ˧˦
khấn	x ə n ˧˦
khấn khứa	x ə n ˧˦ x ɨ ə ˧˦
khấn vái	x ə n ˧˦ v aː j ˧˦
khấp	x ə p̚ ˧˦
khấp khểnh	x ə p̚ ˧˦ x ə j ŋ̟ ˧˩
khấp khởi	x ə p̚ ˧˦ x əː j ˧˩
khất	x ə t̚ ˧˦
khấu	x ə w ˧˦
khấu đầu	x ə w ˧˦ ʔ ɗ ə w ˨˩
khẩn cấp	x ə n ˧˩ k ə p̚ ˧˦
khẩn cầu	x ə n ˧˩ k ə w ˨˩
khẩn thiết	x ə n ˧˩ tʰ i ə t̚ ˧˦
khẩn trương	x ə n ˧˩ t͡ɕ ɨ ə ŋ ˧˧
khẩu	x ə w ˧˩
khẩu Phật tâm xà	x ə w ˧˩ f ə t̚ ˧˨ ʔ t ə m ˧˧ s aː ˨˩
khẩu chiến	x ə w ˧˩ t͡ɕ i ə n ˧˦
khẩu cầm	x ə w ˧˩ k ə m ˨˩
khẩu hiệu	x ə w ˧˩ h i ə w ˧˨ ʔ
khẩu khí	x ə w ˧˩ x i ˧˦
khẩu nghiệp	x ə w ˧˩ ŋ i ə p̚ ˧˨ ʔ
khẩu ngữ	x ə w ˧˩ ŋ ɨ ˦ˀ˥
khẩu phần	x ə w ˧˩ f ə n ˨˩
khẩu phục	x ə w ˧˩ f ʊ w k͡p̚ ˧˨ ʔ
khẩu trang	x ə w ˧˩ t͡ɕ aː ŋ ˧˧
khẩu vị	x ə w ˧˩ v i ˧˨ ʔ
khẩu âm	x ə w ˧˩ ʔ ə m ˧˧
khập khiễng	x ə p̚ ˧˨ ʔ x i ə ŋ ˦ˀ˥
khắp	x a p̚ ˧˦
khắp nơi	x a p̚ ˧˦ n əː j ˧˧
khắt khe	x a t̚ ˧˦ x ɛ ˧˧
khẳn	x a n ˧˩
khẳng khiu	x a ŋ ˧˩ x i w ˧˧
khẳng khái	x a ŋ ˧˩ x aː j ˧˦
khẳng định	x a ŋ ˧˩ ʔ ɗ ï ŋ ˧˨ ʔ
khẹc	x ɛ k̚ ˧˨ ʔ
khẽ	x ɛ ˦ˀ˥
khẽ khàng	x ɛ ˦ˀ˥ x aː ŋ ˨˩
khế	x e ˧˦
khế kinh	x e ˧˦ k ï ŋ ˧˧
khế ước	x e ˧˦ ʔ ɨ ə k̚ ˧˦
khề khà	x e ˨˩ x aː ˨˩
khều	x e w ˨˩
khể thủ	x e ˧˩ tʰ u ˧˩
khểnh	x ə j ŋ̟ ˧˩
khệ nệ	x e ˧˨ ʔ n e ˧˨ ʔ
khệnh khạng	x ə j ŋ̟ ˧˨ ʔ x aː ŋ ˧˨ ʔ
khỉ	x i ˧˩
khỉ ho cò gáy	x i ˧˩ h ɔ ˧˧ k ɔ ˨˩ ɣ a j ˧˦
khỉ không đuôi	x i ˧˩ x ə w ŋ͡m ˧˧ ʔ ɗ u ə j ˧˧
khỉ mặt chó	x i ˧˩ m a t̚ ˧˨ ʔ t͡ɕ ɔ ˧˦
khỉ đầu chó	x i ˧˩ ʔ ɗ ə w ˨˩ t͡ɕ ɔ ˧˦
khỉ đột	x i ˧˩ ʔ ɗ o t̚ ˧˨ ʔ
khịa	x i ə ˧˨ ʔ
khịt	x i t̚ ˧˨ ʔ
khỏ	x ɔ ˧˩
khứ	x ɨ ˧˦
khứ hồi	x ɨ ˧˦ h o j ˨˩
khứa	x ɨ ə ˧˦
khứng	x ɨ ŋ ˧˦
khứu giác	x i w ˧˦ z aː k̚ ˧˦
khử	x ɨ ˧˩
khử trùng	x ɨ ˧˩ t͡ɕ ʊ w ŋ͡m ˨˩
khựa	x ɨ ə ˧˨ ʔ
khựng	x ɨ ŋ ˧˨ ʔ
ki	k i ˧˧
ki bo	k i ˧˧ ʔ ɓ ɔ ˧˧
kia	k i ə ˧˧
kia kìa	k i ə ˧˧ k i ə ˨˩
kilôgam	k i ˧˧ l o ˧˧ ɣ aː m ˧˧
kilômet	k i ˧˧ l o ˧˧ m ɛ t̚ ˧˦
kilômét	k i ˧˧ l o ˧˧ m ɛ t̚ ˧˦
kilôoat	k i ˧˧ l o ˧˧ ʔ w aː t̚ ˧˦
kim	k i m ˧˧
kim bản vị	k i m ˧˧ ʔ ɓ aː n ˧˩ v i ˧˨ ʔ
kim cang	k i m ˧˧ k aː ŋ ˧˧
kim chi	k i m ˧˧ t͡ɕ i ˧˧
kim chỉ nam	k i m ˧˧ t͡ɕ i ˧˩ n aː m ˧˧
kim cương	k i m ˧˧ k ɨ ə ŋ ˧˧
kim cổ	k i m ˧˧ k o ˧˩
kim hoàn	k i m ˧˧ h w aː n ˨˩
kim khí	k i m ˧˧ x i ˧˦
kim loại	k i m ˧˧ l w aː j ˧˨ ʔ
kim loại hiếm	k i m ˧˧ l w aː j ˧˨ ʔ h i ə m ˧˦
kim loại học	k i m ˧˧ l w aː j ˧˨ ʔ h a w k͡p̚ ˧˨ ʔ
kim loại kiềm	k i m ˧˧ l w aː j ˧˨ ʔ k i ə m ˨˩
kim loại kiềm thổ	k i m ˧˧ l w aː j ˧˨ ʔ k i ə m ˨˩ tʰ o ˧˩
kim loại màu	k i m ˧˧ l w aː j ˧˨ ʔ m a w ˨˩
kim loại nguyên sinh	k i m ˧˧ l w aː j ˧˨ ʔ ŋ w i ə n ˧˧ s ï ŋ ˧˧
kim loại quý	k i m ˧˧ l w aː j ˧˨ ʔ k w i ˧˦
kim loại sạch	k i m ˧˧ l w aː j ˧˨ ʔ s a j k̟̚ ˧˨ ʔ
kim loại thô	k i m ˧˧ l w aː j ˧˨ ʔ tʰ o ˧˧
kim loại tái sinh	k i m ˧˧ l w aː j ˧˨ ʔ t aː j ˧˦ s ï ŋ ˧˧
kim loại đen	k i m ˧˧ l w aː j ˧˨ ʔ ʔ ɗ ɛ n ˧˧
kim ngân	k i m ˧˧ ŋ ə n ˧˧
kim ngạch	k i m ˧˧ ŋ a j k̟̚ ˧˨ ʔ
kim nhũ	k i m ˧˧ ɲ u ˦ˀ˥
kim phượng	k i m ˧˧ f ɨ ə ŋ ˧˨ ʔ
kim quất	k i m ˧˧ k w ə t̚ ˧˦
kim sinh học	k i m ˧˧ s ï ŋ ˧˧ h a w k͡p̚ ˧˨ ʔ
kim thanh	k i m ˧˧ tʰ a j ŋ̟ ˧˧
kim thạch học	k i m ˧˧ tʰ a j k̟̚ ˧˨ ʔ h a w k͡p̚ ˧˨ ʔ
kim tiêm	k i m ˧˧ t i ə m ˧˧
kim tiêm dưới da	k i m ˧˧ t i ə m ˧˧ z ɨ ə j ˧˦ z aː ˧˧
kim tiền	k i m ˧˧ t i ə n ˨˩
kim tuyến	k i m ˧˧ t w i ə n ˧˦
kim tương học	k i m ˧˧ t ɨ ə ŋ ˧˧ h a w k͡p̚ ˧˨ ʔ
kim tự tháp	k i m ˧˧ t ɨ ˧˨ ʔ tʰ aː p̚ ˧˦
kim âu	k i m ˧˧ ʔ ə w ˧˧
kim ô	k i m ˧˧ ʔ o ˧˧
kinh	k ï ŋ ˧˧
kinh Pháp Hoa	k ï ŋ ˧˧ f aː p̚ ˧˦ h w aː ˧˧
kinh doanh	k ï ŋ ˧˧ z w a j ŋ̟ ˧˧
kinh dị	k ï ŋ ˧˧ z i ˧˨ ʔ
kinh dị hợm	k ï ŋ ˧˧ z i ˧˨ ʔ h əː m ˧˨ ʔ
kinh giới	k ï ŋ ˧˧ z əː j ˧˦
kinh hoàng	k ï ŋ ˧˧ h w aː ŋ ˨˩
kinh hãi	k ï ŋ ˧˧ h aː j ˦ˀ˥
kinh khiếp	k ï ŋ ˧˧ x i ə p̚ ˧˦
kinh khủng	k ï ŋ ˧˧ x ʊ w ŋ͡m ˧˩
kinh khủng khiếp	k ï ŋ ˧˧ x ʊ w ŋ͡m ˧˩ x i ə p̚ ˧˦
kinh kì	k ï ŋ ˧˧ k i ˨˩
kinh kỳ	k ï ŋ ˧˧ k i ˨˩
kinh lạc	k ï ŋ ˧˧ l aː k̚ ˧˨ ʔ
kinh nghiệm	k ï ŋ ˧˧ ŋ i ə m ˧˨ ʔ
kinh nguyệt	k ï ŋ ˧˧ ŋ w i ə t̚ ˧˨ ʔ
kinh ngạc	k ï ŋ ˧˧ ŋ aː k̚ ˧˨ ʔ
kinh niên	k ï ŋ ˧˧ n i ə n ˧˧
kinh phí	k ï ŋ ˧˧ f i ˧˦
kinh qua	k ï ŋ ˧˧ k w aː ˧˧
kinh sư	k ï ŋ ˧˧ s ɨ ˧˧
kinh sợ	k ï ŋ ˧˧ s əː ˧˨ ʔ
kinh thiên động địa	k ï ŋ ˧˧ tʰ i ə n ˧˧ ʔ ɗ ə w ŋ͡m ˧˨ ʔ ʔ ɗ i ə ˧˨ ʔ
kinh truyện	k ï ŋ ˧˧ t͡ɕ w i ə n ˧˨ ʔ
kinh tuyến	k ï ŋ ˧˧ t w i ə n ˧˦
kinh tế	k ï ŋ ˧˧ t e ˧˦
kinh tế chính trị	k ï ŋ ˧˧ t e ˧˦ t͡ɕ ï ŋ ˧˦ t͡ɕ i ˧˨ ʔ
kinh tế học	k ï ŋ ˧˧ t e ˧˦ h a w k͡p̚ ˧˨ ʔ
kinh tế học cổ điển	k ï ŋ ˧˧ t e ˧˦ h a w k͡p̚ ˧˨ ʔ k o ˧˩ ʔ ɗ i ə n ˧˩
kinh tế học tài chính	k ï ŋ ˧˧ t e ˧˦ h a w k͡p̚ ˧˨ ʔ t aː j ˨˩ t͡ɕ ï ŋ ˧˦
kinh tế học tân cổ điển	k ï ŋ ˧˧ t e ˧˦ h a w k͡p̚ ˧˨ ʔ t ə n ˧˧ k o ˧˩ ʔ ɗ i ə n ˧˩
kinh tế học vi mô	k ï ŋ ˧˧ t e ˧˦ h a w k͡p̚ ˧˨ ʔ v i ˧˧ m o ˧˧
kinh tế học vĩ mô	k ï ŋ ˧˧ t e ˧˦ h a w k͡p̚ ˧˨ ʔ v i ˦ˀ˥ m o ˧˧
kinh tế số	k ï ŋ ˧˧ t e ˧˦ s o ˧˦
kinh tế tuần hoàn	k ï ŋ ˧˧ t e ˧˦ t w ə n ˨˩ h w aː n ˨˩
kinh tế xã hội	k ï ŋ ˧˧ t e ˧˦ s aː ˦ˀ˥ h o j ˧˨ ʔ
kinh điển	k ï ŋ ˧˧ ʔ ɗ i ə n ˧˩
kinh đô	k ï ŋ ˧˧ ʔ ɗ o ˧˧
kinh độ	k ï ŋ ˧˧ ʔ ɗ o ˧˨ ʔ
kiêm	k i ə m ˧˧
kiêm nhiệm	k i ə m ˧˧ ɲ i ə m ˧˨ ʔ
kiêm ái	k i ə m ˧˧ ʔ aː j ˧˦
kiên	k i ə n ˧˧
kiên cường	k i ə n ˧˧ k ɨ ə ŋ ˨˩
kiên cố	k i ə n ˧˧ k o ˧˦
kiên nhẫn	k i ə n ˧˧ ɲ ə n ˦ˀ˥
kiên quyết	k i ə n ˧˧ k w i ə t̚ ˧˦
kiên trì	k i ə n ˧˧ t͡ɕ i ˨˩
kiên định	k i ə n ˧˧ ʔ ɗ ï ŋ ˧˨ ʔ
kiêng	k i ə ŋ ˧˧
kiêng cữ	k i ə ŋ ˧˧ k ɨ ˦ˀ˥
kiêng dè	k i ə ŋ ˧˧ z ɛ ˨˩
kiêng khem	k i ə ŋ ˧˧ x ɛ m ˧˧
kiêng kị	k i ə ŋ ˧˧ k i ˧˨ ʔ
kiêng nể	k i ə ŋ ˧˧ n e ˧˩
kiêu	k i ə w ˧˧
kiêu bạc	k i ə w ˧˧ ʔ ɓ aː k̚ ˧˨ ʔ
kiêu căng	k i ə w ˧˧ k a ŋ ˧˧
kiêu kì	k i ə w ˧˧ k i ˨˩
kiêu ngoa	k i ə w ˧˧ ŋ w aː ˧˧
kiêu ngạo	k i ə w ˧˧ ŋ aː w ˧˨ ʔ
kiêu sa	k i ə w ˧˧ s aː ˧˧
kiêu xa	k i ə w ˧˧ s aː ˧˧
kiếm	k i ə m ˧˦
kiếm chác	k i ə m ˧˦ t͡ɕ aː k̚ ˧˦
kiếm hiệp	k i ə m ˧˦ h i ə p̚ ˧˨ ʔ
kiếm khách	k i ə m ˧˦ x a j k̟̚ ˧˦
kiếm sống	k i ə m ˧˦ s ə w ŋ͡m ˧˦
kiếm thuật	k i ə m ˧˦ tʰ w ə t̚ ˧˨ ʔ
kiếm tìm	k i ə m ˧˦ t i m ˨˩
kiếm ăn	k i ə m ˧˦ ʔ a n ˧˧
kiếm đạo	k i ə m ˧˦ ʔ ɗ aː w ˧˨ ʔ
kiến	k i ə n ˧˦
kiến ba khoang	k i ə n ˧˦ ʔ ɓ aː ˧˧ x w aː ŋ ˧˧
kiến bò	k i ə n ˧˦ ʔ ɓ ɔ ˨˩
kiến giải	k i ə n ˧˦ z aː j ˧˩
kiến lập	k i ə n ˧˦ l ə p̚ ˧˨ ʔ
kiến lửa	k i ə n ˧˦ l ɨ ə ˧˩
kiến nghị	k i ə n ˧˦ ŋ i ˧˨ ʔ
kiến quốc	k i ə n ˧˦ k u ə k̚ ˧˦
kiến sư tử	k i ə n ˧˦ s ɨ ˧˧ t ɨ ˧˩
kiến thiết	k i ə n ˧˦ tʰ i ə t̚ ˧˦
kiến thức	k i ə n ˧˦ tʰ ɨ k̚ ˧˦
kiến trúc	k i ə n ˧˦ t͡ɕ ʊ w k͡p̚ ˧˦
kiến trúc máy tính	k i ə n ˧˦ t͡ɕ ʊ w k͡p̚ ˧˦ m a j ˧˦ t ï ŋ ˧˦
kiến trúc sư	k i ə n ˧˦ t͡ɕ ʊ w k͡p̚ ˧˦ s ɨ ˧˧
kiến trúc thượng tầng	k i ə n ˧˦ t͡ɕ ʊ w k͡p̚ ˧˦ tʰ ɨ ə ŋ ˧˨ ʔ t ə ŋ ˨˩
kiến tạo	k i ə n ˧˦ t aː w ˧˨ ʔ
kiến tập	k i ə n ˧˦ t ə p̚ ˧˨ ʔ
kiếng	k i ə ŋ ˧˦
kiếng cận	k i ə ŋ ˧˦ k ə n ˧˨ ʔ
kiếp	k i ə p̚ ˧˦
kiết	k i ə t̚ ˧˦
kiết lị	k i ə t̚ ˧˦ l i ˧˨ ʔ
kiết xác	k i ə t̚ ˧˦ s aː k̚ ˧˦
kiếu	k i ə w ˧˦
kiềm	k i ə m ˨˩
kiềm chế	k i ə m ˨˩ t͡ɕ e ˧˦
kiềm hãm	k i ə m ˨˩ h aː m ˦ˀ˥
kiềm toả	k i ə m ˨˩ t w aː ˧˩
kiền kiền	k i ə n ˨˩ k i ə n ˨˩
kiềng	k i ə ŋ ˨˩
kiều	k i ə w ˨˩
kiều bào	k i ə w ˨˩ ʔ ɓ aː w ˨˩
kiều hối	k i ə w ˨˩ h o j ˧˦
kiều mạch	k i ə w ˨˩ m a j k̟̚ ˧˨ ʔ
kiều vụ	k i ə w ˨˩ v u ˧˨ ʔ
kiểm	k i ə m ˧˩
kiểm chứng	k i ə m ˧˩ t͡ɕ ɨ ŋ ˧˦
kiểm duyệt	k i ə m ˧˩ z w i ə t̚ ˧˨ ʔ
kiểm dịch	k i ə m ˧˩ z ï k̟̚ ˧˨ ʔ
kiểm kê	k i ə m ˧˩ k e ˧˧
kiểm kê dân số	k i ə m ˧˩ k e ˧˧ z ə n ˧˧ s o ˧˦
kiểm lâm	k i ə m ˧˩ l ə m ˧˧
kiểm nghiệm	k i ə m ˧˩ ŋ i ə m ˧˨ ʔ
kiểm ngân	k i ə m ˧˩ ŋ ə n ˧˧
kiểm soát	k i ə m ˧˩ s w aː t̚ ˧˦
kiểm sát	k i ə m ˧˩ s aː t̚ ˧˦
kiểm sát viên	k i ə m ˧˩ s aː t̚ ˧˦ v i ə n ˧˧
kiểm toán	k i ə m ˧˩ t w aː n ˧˦
kiểm tra	k i ə m ˧˩ t͡ɕ aː ˧˧
kiểm điểm	k i ə m ˧˩ ʔ ɗ i ə m ˧˩
kiểm định	k i ə m ˧˩ ʔ ɗ ï ŋ ˧˨ ʔ
kiểng	k i ə ŋ ˧˩
kiểu	k i ə w ˧˩
kiểu chữ	k i ə w ˧˩ t͡ɕ ɨ ˦ˀ˥
kiểu cách	k i ə w ˧˩ k a j k̟̚ ˧˦
kiểu dáng	k i ə w ˧˩ z aː ŋ ˧˦
kiểu gõ	k i ə w ˧˩ ɣ ɔ ˦ˀ˥
kiểu mẫu	k i ə w ˧˩ m ə w ˦ˀ˥
kiểu thơm	k i ə w ˧˩ tʰ əː m ˧˧
kiễng	k i ə ŋ ˦ˀ˥
kiệm	k i ə m ˧˨ ʔ
kiện	k i ə n ˧˨ ʔ
kiện cáo	k i ə n ˧˨ ʔ k aː w ˧˦
kiện khang	k i ə n ˧˨ ʔ x aː ŋ ˧˧
kiện toàn	k i ə n ˧˨ ʔ t w aː n ˨˩
kiện tụng	k i ə n ˧˨ ʔ t ʊ w ŋ͡m ˧˨ ʔ
kiệt	k i ə t̚ ˧˨ ʔ
kiệt quệ	k i ə t̚ ˧˨ ʔ k w e ˧˨ ʔ
kiệt sức	k i ə t̚ ˧˨ ʔ s ɨ k̚ ˧˦
kiệt tác	k i ə t̚ ˧˨ ʔ t aː k̚ ˧˦
kiệt xuất	k i ə t̚ ˧˨ ʔ s w ə t̚ ˧˦
kiệu	k i ə w ˧˨ ʔ
koala	k o ˧˧ ʔ aː ˧˧ l aː ˧˧
kripton	k əː ˨˩ z i p̚ ˧˦ t ə w ŋ͡m ˧˧
kripton	k əː ˨˩ ɹ i p̚ ˧˦ t ə w ŋ͡m ˧˧
kripton	k ɹ i p̚ ˧˦ t ə w ŋ͡m ˧˧
kute	k u ˧˧ t ɛ ˧˧
kách mệnh	k a j k̟̚ ˧˦ m ə j ŋ̟ ˧˨ ʔ
kè	k ɛ ˨˩
kè kè	k ɛ ˨˩ k ɛ ˨˩
kèm	k ɛ m ˨˩
kèm cặp	k ɛ m ˨˩ k a p̚ ˧˨ ʔ
kèm nhèm	k ɛ m ˨˩ ɲ ɛ m ˨˩
kèm theo	k ɛ m ˨˩ tʰ ɛ w ˧˧
kèn	k ɛ n ˨˩
kèn bầu	k ɛ n ˨˩ ʔ ɓ ə w ˨˩
kèn cựa	k ɛ n ˨˩ k ɨ ə ˧˨ ʔ
kèn fagôt	k ɛ n ˨˩ f aː ˧˧ ɣ o t̚ ˧˦
kèn túi	k ɛ n ˨˩ t u j ˧˦
kèn ôboa	k ɛ n ˨˩ ʔ o ˧˧ ʔ ɓ w aː ˧˧
kèo	k ɛ w ˨˩
kèo nèo	k ɛ w ˨˩ n ɛ w ˨˩
ké	k ɛ ˧˦
kém	k ɛ m ˧˦
kém cỏi	k ɛ m ˧˦ k ɔ j ˧˩
kém tắm	k ɛ m ˧˦ t a m ˧˦
kén	k ɛ n ˧˦
kén chọn	k ɛ n ˧˦ t͡ɕ ɔ n ˧˨ ʔ
kéo	k ɛ w ˧˦
kéo co	k ɛ w ˧˦ k ɔ ˧˧
kéo dài	k ɛ w ˧˦ z aː j ˨˩
kéo lê	k ɛ w ˧˦ l e ˧˧
kép	k ɛ p̚ ˧˦
két	k ɛ t̚ ˧˦
kê	k e ˧˧
kê khai	k e ˧˧ x aː j ˧˧
kê đơn	k e ˧˧ ʔ ɗ əː n ˧˧
kì	k i ˨˩
kì bí	k i ˨˩ ʔ ɓ i ˧˦
kì can	k i ˨˩ k aː n ˧˧
kì công	k i ˨˩ k ə w ŋ͡m ˧˧
kì cọ	k i ˨˩ k ɔ ˧˨ ʔ
kì cục	k i ˨˩ k ʊ w k͡p̚ ˧˨ ʔ
kì cựu	k i ˨˩ k i w ˧˨ ʔ
kì diệu	k i ˨˩ z i ə w ˧˨ ʔ
kì dư	k i ˨˩ z ɨ ˧˧
kì dị	k i ˨˩ z i ˧˨ ʔ
kì giông	k i ˨˩ z ə w ŋ͡m ˧˧
kì hạm	k i ˨˩ h aː m ˧˨ ʔ
kì hạn	k i ˨˩ h aː n ˧˨ ʔ
kì học	k i ˨˩ h a w k͡p̚ ˧˨ ʔ
kì khu	k i ˨˩ x u ˧˧
kì khôi	k i ˨˩ x o j ˧˧
kì lân	k i ˨˩ l ə n ˧˧
kì lân biển	k i ˨˩ l ə n ˧˧ ʔ ɓ i ə n ˧˩
kì lạ	k i ˨˩ l aː ˧˨ ʔ
kì nam	k i ˨˩ n aː m ˧˧
kì ngộ	k i ˨˩ ŋ o ˧˨ ʔ
kì nhông	k i ˨˩ ɲ ə w ŋ͡m ˧˧
kì phùng địch thủ	k i ˨˩ f ʊ w ŋ͡m ˨˩ ʔ ɗ ï k̟̚ ˧˨ ʔ tʰ u ˧˩
kì quan	k i ˨˩ k w aː n ˧˧
kì quái	k i ˨˩ k w aː j ˧˦
kì quặc	k i ˨˩ k w a k̚ ˧˨ ʔ
kì sau	k i ˨˩ s a w ˧˧
kì thú	k i ˨˩ tʰ u ˧˦
kì thị	k i ˨˩ tʰ i ˧˨ ʔ
kì thủ	k i ˨˩ tʰ u ˧˩
kì thực	k i ˨˩ tʰ ɨ k̚ ˧˨ ʔ
kì tài	k i ˨˩ t aː j ˨˩
kì tích	k i ˨˩ t ï k̟̚ ˧˦
kì tôm	k i ˨˩ t o m ˧˧
kì vĩ	k i ˨˩ v i ˦ˀ˥
kì vọng	k i ˨˩ v a w ŋ͡m ˧˨ ʔ
kì đà	k i ˨˩ ʔ ɗ aː ˨˩
kì đảo	k i ˨˩ ʔ ɗ aː w ˧˩
kì ảo	k i ˨˩ ʔ aː w ˧˩
kìa	k i ə ˨˩
kìm	k i m ˨˩
kìm hãm	k i m ˨˩ h aː m ˦ˀ˥
kìm kẹp	k i m ˨˩ k ɛ p̚ ˧˨ ʔ
kìm nén	k i m ˨˩ n ɛ n ˧˦
kình	k ï ŋ ˨˩
kình chống	k ï ŋ ˨˩ t͡ɕ ə w ŋ͡m ˧˦
kình nghê	k ï ŋ ˨˩ ŋ e ˧˧
kình ngư	k ï ŋ ˨˩ ŋ ɨ ˧˧
kí	k i ˧˦
kí giả	k i ˧˦ z aː ˧˩
kí hiệu	k i ˧˦ h i ə w ˧˨ ʔ
kí kết	k i ˧˦ k e t̚ ˧˦
kí lô	k i ˧˦ l o ˧˧
kí pháp khoa học	k i ˧˦ f aː p̚ ˧˦ x w aː ˧˧ h a w k͡p̚ ˧˨ ʔ
kí sinh	k i ˧˦ s ï ŋ ˧˧
kí sinh trùng	k i ˧˦ s ï ŋ ˧˧ t͡ɕ ʊ w ŋ͡m ˨˩
kí sinh trùng học	k i ˧˦ s ï ŋ ˧˧ t͡ɕ ʊ w ŋ͡m ˨˩ h a w k͡p̚ ˧˨ ʔ
kí sự	k i ˧˦ s ɨ ˧˨ ʔ
kí thác	k i ˧˦ tʰ aː k̚ ˧˦
kí tên	k i ˧˦ t e n ˧˧
kí túc xá	k i ˧˦ t ʊ w k͡p̚ ˧˦ s aː ˧˦
kí tự	k i ˧˦ t ɨ ˧˨ ʔ
kí ức	k i ˧˦ ʔ ɨ k̚ ˧˦
kích	k ï k̟̚ ˧˦
kích bác	k ï k̟̚ ˧˦ ʔ ɓ aː k̚ ˧˦
kích dục	k ï k̟̚ ˧˦ z ʊ w k͡p̚ ˧˨ ʔ
kích hoạt	k ï k̟̚ ˧˦ h w aː t̚ ˧˨ ʔ
kích thích	k ï k̟̚ ˧˦ tʰ ï k̟̚ ˧˦
kích thích tố	k ï k̟̚ ˧˦ tʰ ï k̟̚ ˧˦ t o ˧˦
kích thước	k ï k̟̚ ˧˦ tʰ ɨ ə k̚ ˧˦
kích động	k ï k̟̚ ˧˦ ʔ ɗ ə w ŋ͡m ˧˨ ʔ
kích ứng	k ï k̟̚ ˧˦ ʔ ɨ ŋ ˧˦
kín	k i n ˧˦
kín đáo	k i n ˧˦ ʔ ɗ aː w ˧˦
kính	k ï ŋ ˧˦
kính chúc	k ï ŋ ˧˦ t͡ɕ ʊ w k͡p̚ ˧˦
kính chắn gió	k ï ŋ ˧˦ t͡ɕ a n ˧˦ z ɔ ˧˦
kính coong	k ï ŋ ˧˦ k ɔ ŋ ˧˧
kính cáo	k ï ŋ ˧˦ k aː w ˧˦
kính cẩn	k ï ŋ ˧˦ k ə n ˧˩
kính cận	k ï ŋ ˧˦ k ə n ˧˨ ʔ
kính hiển vi	k ï ŋ ˧˦ h i ə n ˧˩ v i ˧˧
kính lão đắc thọ	k ï ŋ ˧˦ l aː w ˦ˀ˥ ʔ ɗ a k̚ ˧˦ tʰ ɔ ˧˨ ʔ
kính lúp	k ï ŋ ˧˦ l u p̚ ˧˦
kính mắt	k ï ŋ ˧˦ m a t̚ ˧˦
kính mến	k ï ŋ ˧˦ m e n ˧˦
kính ngữ	k ï ŋ ˧˦ ŋ ɨ ˦ˀ˥
kính nhi viễn chi	k ï ŋ ˧˦ ɲ i ˧˧ v i ə n ˦ˀ˥ t͡ɕ i ˧˧
kính nhường	k ï ŋ ˧˦ ɲ ɨ ə ŋ ˨˩
kính nể	k ï ŋ ˧˦ n e ˧˩
kính quý	k ï ŋ ˧˦ k w i ˧˦
kính râm	k ï ŋ ˧˦ z ə m ˧˧
kính trọng	k ï ŋ ˧˦ t͡ɕ a w ŋ͡m ˧˨ ʔ
kính viễn vọng	k ï ŋ ˧˦ v i ə n ˦ˀ˥ v a w ŋ͡m ˧˨ ʔ
kính vạn hoa	k ï ŋ ˧˦ v aː n ˧˨ ʔ h w aː ˧˧
kính yêu	k ï ŋ ˧˦ ʔ i ə w ˧˧
kính áp tròng	k ï ŋ ˧˦ ʔ aː p̚ ˧˦ t͡ɕ a w ŋ͡m ˨˩
kính đeo mắt	k ï ŋ ˧˦ ʔ ɗ ɛ w ˧˧ m a t̚ ˧˦
kíp	k i p̚ ˧˦
ký nhi viện	k i ˧˦ ɲ i ˧˧ v i ə n ˧˨ ʔ
kĩ	k i ˦ˀ˥
kĩ càng	k i ˦ˀ˥ k aː ŋ ˨˩
kĩ lưỡng	k i ˦ˀ˥ l ɨ ə ŋ ˦ˀ˥
kĩ nghệ	k i ˦ˀ˥ ŋ e ˧˨ ʔ
kĩ năng	k i ˦ˀ˥ n a ŋ ˧˧
kĩ sư	k i ˦ˀ˥ s ɨ ˧˧
kĩ thuật	k i ˦ˀ˥ tʰ w ə t̚ ˧˨ ʔ
kĩ thuật cơ khí	k i ˦ˀ˥ tʰ w ə t̚ ˧˨ ʔ k əː ˧˧ x i ˧˦
kĩ thuật phần mềm	k i ˦ˀ˥ tʰ w ə t̚ ˧˨ ʔ f ə n ˨˩ m e m ˨˩
kĩ thuật số	k i ˦ˀ˥ tʰ w ə t̚ ˧˨ ʔ s o ˧˦
kĩ thuật viên	k i ˦ˀ˥ tʰ w ə t̚ ˧˨ ʔ v i ə n ˧˧
kĩ thuật điện	k i ˦ˀ˥ tʰ w ə t̚ ˧˨ ʔ ʔ ɗ i ə n ˧˨ ʔ
kĩ trị	k i ˦ˀ˥ t͡ɕ i ˧˨ ʔ
kĩ xảo	k i ˦ˀ˥ s aː w ˧˩
kĩu kịt	k i w ˦ˀ˥ k i t̚ ˧˨ ʔ
kơ nia	k əː ˧˧ n i ə ˧˧
kẹc	k ɛ k̚ ˧˨ ʔ
kẹo	k ɛ w ˧˨ ʔ
kẹo bông gòn	k ɛ w ˧˨ ʔ ʔ ɓ ə w ŋ͡m ˧˧ ɣ ɔ n ˨˩
kẹo bơ cứng	k ɛ w ˧˨ ʔ ʔ ɓ əː ˧˧ k ɨ ŋ ˧˦
kẹo cao su	k ɛ w ˧˨ ʔ k aː w ˧˧ s u ˧˧
kẹo cu đơ	k ɛ w ˧˨ ʔ k u ˧˧ ʔ ɗ əː ˧˧
kẹo dừa	k ɛ w ˧˨ ʔ z ɨ ə ˨˩
kẹo kéo	k ɛ w ˧˨ ʔ k ɛ w ˧˦
kẹo mút	k ɛ w ˧˨ ʔ m u t̚ ˧˦
kẹo đồng	k ɛ w ˧˨ ʔ ʔ ɗ ə w ŋ͡m ˨˩
kẹp	k ɛ p̚ ˧˨ ʔ
kẹp giấy	k ɛ p̚ ˧˨ ʔ z ə j ˧˦
kẹt	k ɛ t̚ ˧˨ ʔ
kẹt xe	k ɛ t̚ ˧˨ ʔ s ɛ ˧˧
kẻ	k ɛ ˧˩
kẻ chợ	k ɛ ˧˩ t͡ɕ əː ˧˨ ʔ
kẻ cả	k ɛ ˧˩ k aː ˧˩
kẻ hầu người hạ	k ɛ ˧˩ h ə w ˨˩ ŋ ɨ ə j ˨˩ h aː ˧˨ ʔ
kẻ sĩ	k ɛ ˧˩ s i ˦ˀ˥
kẻ thù	k ɛ ˧˩ tʰ u ˨˩
kẻ đắp chăn bông kẻ lạnh lùng	k ɛ ˧˩ ʔ ɗ a p̚ ˧˦ t͡ɕ a n ˧˧ ʔ ɓ ə w ŋ͡m ˧˧ k ɛ ˧˩ l a j ŋ̟ ˧˨ ʔ l ʊ w ŋ͡m ˨˩
kẻng	k ɛ ŋ ˧˩
kẻng tam giác	k ɛ ŋ ˧˩ t aː m ˧˧ z aː k̚ ˧˦
kẻo	k ɛ w ˧˩
kẽ	k ɛ ˦ˀ˥
kẽ hở	k ɛ ˦ˀ˥ h əː ˧˩
kẽm	k ɛ m ˦ˀ˥
kẽo cà kẽo kẹt	k ɛ w ˦ˀ˥ k aː ˨˩ k ɛ w ˦ˀ˥ k ɛ t̚ ˧˨ ʔ
kẽo kẹt	k ɛ w ˦ˀ˥ k ɛ t̚ ˧˨ ʔ
kề	k e ˨˩
kền	k e n ˨˩
kể	k e ˧˩
kỉ	k i ˧˩
kỉ băng hà	k i ˧˩ ʔ ɓ a ŋ ˧˧ h aː ˨˩
kỉ cương	k i ˧˩ k ɨ ə ŋ ˧˧
kỉ hà	k i ˧˩ h aː ˨˩
kỉ luật	k i ˧˩ l w ə t̚ ˧˨ ʔ
kỉ lục	k i ˧˩ l ʊ w k͡p̚ ˧˨ ʔ
kỉ nguyên	k i ˧˩ ŋ w i ə n ˧˧
kỉ niệm	k i ˧˩ n i ə m ˧˨ ʔ
kỉ niệm chương	k i ˧˩ n i ə m ˧˨ ʔ t͡ɕ ɨ ə ŋ ˧˧
kỉ tử	k i ˧˩ t ɨ ˧˩
kỉ vật	k i ˧˩ v ə t̚ ˧˨ ʔ
kỉ yếu	k i ˧˩ ʔ i ə w ˧˦
kị	k i ˧˨ ʔ
kị binh	k i ˧˨ ʔ ʔ ɓ ï ŋ ˧˧
kị huý	k i ˧˨ ʔ h w i ˧˦
kị khí	k i ˧˨ ʔ x i ˧˦
kị mã	k i ˧˨ ʔ m aː ˦ˀ˥
kị nước	k i ˧˨ ʔ n ɨ ə k̚ ˧˦
kị rơ	k i ˧˨ ʔ z əː ˧˧
kị sĩ	k i ˧˨ ʔ s i ˦ˀ˥
kịch	k ï k̟̚ ˧˨ ʔ
kịch bản	k ï k̟̚ ˧˨ ʔ ʔ ɓ aː n ˧˩
kịch câm	k ï k̟̚ ˧˨ ʔ k ə m ˧˧
kịch cỡm	k ï k̟̚ ˧˨ ʔ k əː m ˦ˀ˥
kịch liệt	k ï k̟̚ ˧˨ ʔ l i ə t̚ ˧˨ ʔ
kịch mục	k ï k̟̚ ˧˨ ʔ m ʊ w k͡p̚ ˧˨ ʔ
kịch nói	k ï k̟̚ ˧˨ ʔ n ɔ j ˧˦
kịch phát	k ï k̟̚ ˧˨ ʔ f aː t̚ ˧˦
kịch tác gia	k ï k̟̚ ˧˨ ʔ t aː k̚ ˧˦ z aː ˧˧
kịch tính	k ï k̟̚ ˧˨ ʔ t ï ŋ ˧˦
kịp	k i p̚ ˧˨ ʔ
kịp thời	k i p̚ ˧˨ ʔ tʰ əː j ˨˩
kỳ nam	k i ˨˩ n aː m ˧˧
la	l aː ˧˧
la bàn	l aː ˧˧ ʔ ɓ aː n ˨˩
la cà	l aː ˧˧ k aː ˨˩
la hán	l aː ˧˧ h aː n ˧˦
la hét	l aː ˧˧ h ɛ t̚ ˧˦
la liếm	l aː ˧˧ l i ə m ˧˦
la liệt	l aː ˧˧ l i ə t̚ ˧˨ ʔ
la làng	l aː ˧˧ l aː ŋ ˨˩
la mắng	l aː ˧˧ m a ŋ ˧˦
la đà	l aː ˧˧ ʔ ɗ aː ˨˩
lan	l aː n ˧˧
lan can	l aː n ˧˧ k aː n ˧˧
lan man	l aː n ˧˧ m aː n ˧˧
lan rộng	l aː n ˧˧ z ə w ŋ͡m ˧˨ ʔ
lan toả	l aː n ˧˧ t w aː ˧˩
lan truyền	l aː n ˧˧ t͡ɕ w i ə n ˨˩
lan tràn	l aː n ˧˧ t͡ɕ aː n ˨˩
lang	l aː ŋ ˧˧
lang ben	l aː ŋ ˧˧ ʔ ɓ ɛ n ˧˧
lang băm	l aː ŋ ˧˧ ʔ ɓ a m ˧˧
lang bạt	l aː ŋ ˧˧ ʔ ɓ aː t̚ ˧˨ ʔ
lang bạt kì hồ	l aː ŋ ˧˧ ʔ ɓ aː t̚ ˧˨ ʔ k i ˨˩ h o ˨˩
lang chạ	l aː ŋ ˧˧ t͡ɕ aː ˧˨ ʔ
lang thang	l aː ŋ ˧˧ tʰ aː ŋ ˧˧
lanh	l a j ŋ̟ ˧˧
lanh lảnh	l a j ŋ̟ ˧˧ l a j ŋ̟ ˧˩
lanh lẹ	l a j ŋ̟ ˧˧ l ɛ ˧˨ ʔ
lanh lợi	l a j ŋ̟ ˧˧ l əː j ˧˨ ʔ
lantan	l aː n ˧˧ t aː n ˧˧
lao	l aː w ˧˧
lao công	l aː w ˧˧ k ə w ŋ͡m ˧˧
lao lực	l aː w ˧˧ l ɨ k̚ ˧˨ ʔ
lao móc	l aː w ˧˧ m a w k͡p̚ ˧˦
lao phổi	l aː w ˧˧ f o j ˧˩
lao tố	l aː w ˧˧ t o ˧˦
lao xao	l aː w ˧˧ s aː w ˧˧
lao đao	l aː w ˧˧ ʔ ɗ aː w ˧˧
lao động	l aː w ˧˧ ʔ ɗ ə w ŋ͡m ˧˨ ʔ
lao động phổ thông	l aː w ˧˧ ʔ ɗ ə w ŋ͡m ˧˨ ʔ f o ˧˩ tʰ ə w ŋ͡m ˧˧
lau	l a w ˧˧
lau chau	l a w ˧˧ t͡ɕ a w ˧˧
lau chùi	l a w ˧˧ t͡ɕ u j ˨˩
lau lách	l a w ˧˧ l a j k̟̚ ˧˦
lay	l a j ˧˧
lay chuyển	l a j ˧˧ t͡ɕ w i ə n ˧˩
lay phay	l a j ˧˧ f a j ˧˧
lay động	l a j ˧˧ ʔ ɗ ə w ŋ͡m ˧˨ ʔ
lay ơn	l a j ˧˧ ʔ əː n ˧˧
le	l ɛ ˧˧
le le	l ɛ ˧˧ l ɛ ˧˧
le lói	l ɛ ˧˧ l ɔ j ˧˦
lem	l ɛ m ˧˧
lem luốc	l ɛ m ˧˧ l u ə k̚ ˧˦
lem nhem	l ɛ m ˧˧ ɲ ɛ m ˧˧
len	l ɛ n ˧˧
leo	l ɛ w ˧˧
leo cây	l ɛ w ˧˧ k ə j ˧˧
leo lét	l ɛ w ˧˧ l ɛ t̚ ˧˦
leo thang	l ɛ w ˧˧ tʰ aː ŋ ˧˧
leo trèo	l ɛ w ˧˧ t͡ɕ ɛ w ˨˩
li	l i ˧˧
li bì	l i ˧˧ ʔ ɓ i ˨˩
li dị	l i ˧˧ z i ˧˨ ʔ
li hôn	l i ˧˧ h o n ˧˧
li hương	l i ˧˧ h ɨ ə ŋ ˧˧
li khai	l i ˧˧ x aː j ˧˧
li kì	l i ˧˧ k i ˨˩
li thân	l i ˧˧ tʰ ə n ˧˧
li ti	l i ˧˧ t i ˧˧
li tán	l i ˧˧ t aː n ˧˦
lia	l i ə ˧˧
lia lịa	l i ə ˧˧ l i ə ˧˨ ʔ
lim	l i m ˧˧
lim dim	l i m ˧˧ z i m ˧˧
linh	l ï ŋ ˧˧
linh cảm	l ï ŋ ˧˧ k aː m ˧˩
linh cẩu	l ï ŋ ˧˧ k ə w ˧˩
linh cữu	l ï ŋ ˧˧ k i w ˦ˀ˥
linh diệu	l ï ŋ ˧˧ z i ə w ˧˨ ʔ
linh dương	l ï ŋ ˧˧ z ɨ ə ŋ ˧˧
linh dương hoẵng	l ï ŋ ˧˧ z ɨ ə ŋ ˧˧ h w a ŋ ˦ˀ˥
linh hoạt	l ï ŋ ˧˧ h w aː t̚ ˧˨ ʔ
linh hồn	l ï ŋ ˧˧ h o n ˨˩
linh hồn mồ côi	l ï ŋ ˧˧ h o n ˨˩ m o ˨˩ k o j ˧˧
linh kiện	l ï ŋ ˧˧ k i ə n ˧˨ ʔ
linh miêu	l ï ŋ ˧˧ m i ə w ˧˧
linh mục	l ï ŋ ˧˧ m ʊ w k͡p̚ ˧˨ ʔ
linh nghiệm	l ï ŋ ˧˧ ŋ i ə m ˧˨ ʔ
linh ngữ	l ï ŋ ˧˧ ŋ ɨ ˦ˀ˥
linh ta linh tinh	l ï ŋ ˧˧ t aː ˧˧ l ï ŋ ˧˧ t ï ŋ ˧˧
linh thiêng	l ï ŋ ˧˧ tʰ i ə ŋ ˧˧
linh tinh	l ï ŋ ˧˧ t ï ŋ ˧˧
linh vật	l ï ŋ ˧˧ v ə t̚ ˧˨ ʔ
linh đinh	l ï ŋ ˧˧ ʔ ɗ ï ŋ ˧˧
linh đình	l ï ŋ ˧˧ ʔ ɗ ï ŋ ˨˩
linh địa	l ï ŋ ˧˧ ʔ ɗ i ə ˧˨ ʔ
linh động	l ï ŋ ˧˧ ʔ ɗ ə w ŋ͡m ˧˨ ʔ
linh ứng	l ï ŋ ˧˧ ʔ ɨ ŋ ˧˦
linsơ	l i n ˧˧ s əː ˧˧
liti	l i ˧˧ t i ˧˧
liu điu	l i w ˧˧ ʔ ɗ i w ˧˧
live	l aː j ˧˧
livermori	l i ˧˧ v əː ˧˧ m o ˧˧ z i ˧˧
livermori	l i ˧˧ v əː ˧˧ m o ˧˧ ɹ i ˧˧
livestream	l aː j ˧˧ s t ɹ i m ˧˧
livestream	l aː j ˧˧ t͡ɕ i m ˧˧
liêm chính	l i ə m ˧˧ t͡ɕ ï ŋ ˧˦
liêm khiết	l i ə m ˧˧ x i ə t̚ ˧˦
liêm sỉ	l i ə m ˧˧ s i ˧˩
liên	l i ə n ˧˧
liên Triều	l i ə n ˧˧ t͡ɕ i ə w ˨˩
liên ba	l i ə n ˧˧ ʔ ɓ aː ˧˧
liên bang	l i ə n ˧˧ ʔ ɓ aː ŋ ˧˧
liên can	l i ə n ˧˧ k aː n ˧˧
liên chi	l i ə n ˧˧ t͡ɕ i ˧˧
liên cầu khuẩn	l i ə n ˧˧ k ə w ˨˩ x w ə n ˧˩
liên danh	l i ə n ˧˧ z a j ŋ̟ ˧˧
liên doanh	l i ə n ˧˧ z w a j ŋ̟ ˧˧
liên hiệp	l i ə n ˧˧ h i ə p̚ ˧˨ ʔ
liên hoan	l i ə n ˧˧ h w aː n ˧˧
liên hoàn	l i ə n ˧˧ h w aː n ˨˩
liên hệ	l i ə n ˧˧ h e ˧˨ ʔ
liên hồi	l i ə n ˧˧ h o j ˨˩
liên khúc	l i ə n ˧˧ x ʊ w k͡p̚ ˧˦
liên kiều	l i ə n ˧˧ k i ə w ˨˩
liên kết	l i ə n ˧˧ k e t̚ ˧˦
liên kết cộng hóa trị	l i ə n ˧˧ k e t̚ ˧˦ k ə w ŋ͡m ˧˨ ʔ h w aː ˧˦ t͡ɕ i ˧˨ ʔ
liên luỵ	l i ə n ˧˧ l w i ˧˨ ʔ
liên lạc	l i ə n ˧˧ l aː k̚ ˧˨ ʔ
liên minh	l i ə n ˧˧ m ï ŋ ˧˧
liên minh cá nhân	l i ə n ˧˧ m ï ŋ ˧˧ k aː ˧˦ ɲ ə n ˧˧
liên miên	l i ə n ˧˧ m i ə n ˧˧
liên quan	l i ə n ˧˧ k w aː n ˧˧
liên thanh	l i ə n ˧˧ tʰ a j ŋ̟ ˧˧
liên tiếp	l i ə n ˧˧ t i ə p̚ ˧˦
liên tiểu bang	l i ə n ˧˧ t i ə w ˧˩ ʔ ɓ aː ŋ ˧˧
liên tưởng	l i ə n ˧˧ t ɨ ə ŋ ˧˩
liên tỉnh	l i ə n ˧˧ t ï ŋ ˧˩
liên tục	l i ə n ˧˧ t ʊ w k͡p̚ ˧˨ ʔ
liên từ	l i ə n ˧˧ t ɨ ˨˩
liên đoàn	l i ə n ˧˧ ʔ ɗ w aː n ˨˩
liên đảng	l i ə n ˧˧ ʔ ɗ aː ŋ ˧˩
liên đội	l i ə n ˧˧ ʔ ɗ o j ˧˨ ʔ
liên đội trưởng	l i ə n ˧˧ ʔ ɗ o j ˧˨ ʔ t͡ɕ ɨ ə ŋ ˧˩
liên đới	l i ə n ˧˧ ʔ ɗ əː j ˧˦
liêng biêng	l i ə ŋ ˧˧ ʔ ɓ i ə ŋ ˧˧
liêu xiêu	l i ə w ˧˧ s i ə w ˧˧
liếc	l i ə k̚ ˧˦
liếm	l i ə m ˧˦
liếm gót	l i ə m ˧˦ ɣ ɔ t̚ ˧˦
liếm láp	l i ə m ˧˦ l aː p̚ ˧˦
liến thoắng	l i ə n ˧˦ tʰ w a ŋ ˧˦
liếp	l i ə p̚ ˧˦
liềm	l i ə m ˨˩
liền	l i ə n ˨˩
liền kề	l i ə n ˨˩ k e ˨˩
liền tay	l i ə n ˨˩ t a j ˧˧
liều	l i ə w ˨˩
liều lĩnh	l i ə w ˨˩ l ï ŋ ˦ˀ˥
liều lượng	l i ə w ˨˩ l ɨ ə ŋ ˧˨ ʔ
liều mạng	l i ə w ˨˩ m aː ŋ ˧˨ ʔ
liểng	l i ə ŋ ˧˩
liểng xiểng	l i ə ŋ ˧˩ s i ə ŋ ˧˩
liễu	l i ə w ˦ˀ˥
liễu yếu đào tơ	l i ə w ˦ˀ˥ ʔ i ə w ˧˦ ʔ ɗ aː w ˨˩ t əː ˧˧
liệm	l i ə m ˧˨ ʔ
liện	l i ə n ˧˨ ʔ
liệng	l i ə ŋ ˧˨ ʔ
liệp	l i ə p̚ ˧˨ ʔ
liệt	l i ə t̚ ˧˨ ʔ
liệt cường	l i ə t̚ ˧˨ ʔ k ɨ ə ŋ ˨˩
liệt dương	l i ə t̚ ˧˨ ʔ z ɨ ə ŋ ˧˧
liệt giường liệt chiếu	l i ə t̚ ˧˨ ʔ z ɨ ə ŋ ˨˩ l i ə t̚ ˧˨ ʔ t͡ɕ i ə w ˧˦
liệt kháng	l i ə t̚ ˧˨ ʔ x aː ŋ ˧˦
liệt kê	l i ə t̚ ˧˨ ʔ k e ˧˧
liệt sĩ	l i ə t̚ ˧˨ ʔ s i ˦ˀ˥
liệu	l i ə w ˧˨ ʔ
liệu cơm gắp mắm	l i ə w ˧˨ ʔ k əː m ˧˧ ɣ a p̚ ˧˦ m a m ˧˦
liệu hồn	l i ə w ˧˨ ʔ h o n ˨˩
liệu pháp	l i ə w ˧˨ ʔ f aː p̚ ˧˦
liệu pháp hành vi nhận thức	l i ə w ˧˨ ʔ f aː p̚ ˧˦ h a j ŋ̟ ˨˩ v i ˧˧ ɲ ə n ˧˨ ʔ tʰ ɨ k̚ ˧˦
lo	l ɔ ˧˧
lo buồn	l ɔ ˧˧ ʔ ɓ u ə n ˨˩
lo bò trắng răng	l ɔ ˧˧ ʔ ɓ ɔ ˨˩ t͡ɕ a ŋ ˧˦ z a ŋ ˧˧
lo lắng	l ɔ ˧˧ l a ŋ ˧˦
lo nghĩ	l ɔ ˧˧ ŋ i ˦ˀ˥
lo ngại	l ɔ ˧˧ ŋ aː j ˧˨ ʔ
lo phiền	l ɔ ˧˧ f i ə n ˨˩
lo sợ	l ɔ ˧˧ s əː ˧˨ ʔ
lo toan	l ɔ ˧˧ t w aː n ˧˧
lo xa	l ɔ ˧˧ s aː ˧˧
lo âu	l ɔ ˧˧ ʔ ə w ˧˧
loa	l w aː ˧˧
loa kèn	l w aː ˧˧ k ɛ n ˨˩
loan	l w aː n ˧˧
loan báo	l w aː n ˧˧ ʔ ɓ aː w ˧˦
loan truyền	l w aː n ˧˧ t͡ɕ w i ə n ˨˩
loang	l w aː ŋ ˧˧
loang lổ	l w aː ŋ ˧˧ l o ˧˩
loanh quanh	l w a j ŋ̟ ˧˧ k w a j ŋ̟ ˧˧
loay	l w a j ˧˧
loay hoay	l w a j ˧˧ h w a j ˧˧
loe	l w ɛ ˧˧
loi	l ɔ j ˧˧
loi choi	l ɔ j ˧˧ t͡ɕ ɔ j ˧˧
lom khom	l ɔ m ˧˧ x ɔ m ˧˧
lom lom	l ɔ m ˧˧ l ɔ m ˧˧
lon	l ɔ n ˧˧
lon ton	l ɔ n ˧˧ t ɔ n ˧˧
long	l a w ŋ͡m ˧˧
long diên hương	l a w ŋ͡m ˧˧ z i ə n ˧˧ h ɨ ə ŋ ˧˧
long lanh	l a w ŋ͡m ˧˧ l a j ŋ̟ ˧˧
long nhãn	l a w ŋ͡m ˧˧ ɲ aː n ˦ˀ˥
long não	l a w ŋ͡m ˧˧ n aː w ˦ˀ˥
long quyền	l a w ŋ͡m ˧˧ k w i ə n ˨˩
long sòng sọc	l a w ŋ͡m ˧˧ s a w ŋ͡m ˨˩ s a w k͡p̚ ˧˨ ʔ
long trọng	l a w ŋ͡m ˧˧ t͡ɕ a w ŋ͡m ˧˨ ʔ
long trời lở đất	l a w ŋ͡m ˧˧ t͡ɕ əː j ˨˩ l əː ˧˩ ʔ ɗ ə t̚ ˧˦
long vương	l a w ŋ͡m ˧˧ v ɨ ə ŋ ˧˧
long đong	l a w ŋ͡m ˧˧ ʔ ɗ a w ŋ͡m ˧˧
loong toong	l ɔ ŋ ˧˧ t ɔ ŋ ˧˧
lorenxi	l ɔ ˧˧ z ɛ n ˧˧ s i ˧˧
lorenxi	l ɔ ˧˧ ɹ ɛ n ˧˧ s i ˧˧
loà	l w aː ˨˩
loài	l w aː j ˨˩
loài kim	l w aː j ˨˩ k i m ˧˧
loài người	l w aː j ˨˩ ŋ ɨ ə j ˨˩
loá	l w aː ˧˦
loán	l w aː n ˧˦
loáng	l w aː ŋ ˧˦
loát	l w aː t̚ ˧˦
loãng	l w aː ŋ ˦ˀ˥
loãng xương	l w aː ŋ ˦ˀ˥ s ɨ ə ŋ ˧˧
loè	l w ɛ ˨˩
loè loẹt	l w ɛ ˨˩ l w ɛ t̚ ˧˨ ʔ
loé	l w ɛ ˧˦
loét	l w ɛ t̚ ˧˦
loăng quăng	l w a ŋ ˧˧ k w a ŋ ˧˧
loại	l w aː j ˧˨ ʔ
loại bỏ	l w aː j ˧˨ ʔ ʔ ɓ ɔ ˧˩
loại hình	l w aː j ˧˨ ʔ h ï ŋ ˨˩
loại suy	l w aː j ˧˨ ʔ s w i ˧˧
loại từ	l w aː j ˧˨ ʔ t ɨ ˨˩
loại từ vòng gửi xe	l w aː j ˧˨ ʔ t ɨ ˨˩ v a w ŋ͡m ˨˩ ɣ ɨ j ˧˩ s ɛ ˧˧
loạn	l w aː n ˧˨ ʔ
loạn li	l w aː n ˧˨ ʔ l i ˧˧
loạn luân	l w aː n ˧˨ ʔ l w ə n ˧˧
loạn lạc	l w aː n ˧˨ ʔ l aː k̚ ˧˨ ʔ
loạn ngôn	l w aː n ˧˨ ʔ ŋ o n ˧˧
loạn thần	l w aː n ˧˨ ʔ tʰ ə n ˨˩
loạn thị	l w aː n ˧˨ ʔ tʰ i ˧˨ ʔ
loạn trí	l w aː n ˧˨ ʔ t͡ɕ i ˧˦
loạn xạ	l w aː n ˧˨ ʔ s aː ˧˨ ʔ
loạng choạng	l w aː ŋ ˧˨ ʔ t͡ɕ w aː ŋ ˧˨ ʔ
loạng quạng	l w aː ŋ ˧˨ ʔ k w aː ŋ ˧˨ ʔ
loạt	l w aː t̚ ˧˨ ʔ
loắt choắt	l w a t̚ ˧˦ t͡ɕ w a t̚ ˧˦
lu	l u ˧˧
lu bu	l u ˧˧ ʔ ɓ u ˧˧
lu bù	l u ˧˧ ʔ ɓ u ˨˩
lu mờ	l u ˧˧ m əː ˨˩
luân	l w ə n ˧˧
luân hồi	l w ə n ˧˧ h o j ˨˩
luân lí	l w ə n ˧˧ l i ˧˦
luân lí học	l w ə n ˧˧ l i ˧˦ h a w k͡p̚ ˧˨ ʔ
luân lưu	l w ə n ˧˧ l i w ˧˧
luân phiên	l w ə n ˧˧ f i ə n ˧˧
luân thường	l w ə n ˧˧ tʰ ɨ ə ŋ ˨˩
luân thường đạo lí	l w ə n ˧˧ tʰ ɨ ə ŋ ˨˩ ʔ ɗ aː w ˧˨ ʔ l i ˧˦
luẩn quẩn	l w ə n ˧˩ k w ə n ˧˩
luận	l w ə n ˧˨ ʔ
luận chiến	l w ə n ˧˨ ʔ t͡ɕ i ə n ˧˦
luận chứng	l w ə n ˧˨ ʔ t͡ɕ ɨ ŋ ˧˦
luận cương	l w ə n ˧˨ ʔ k ɨ ə ŋ ˧˧
luận cứ	l w ə n ˧˨ ʔ k ɨ ˧˦
luận lí	l w ə n ˧˨ ʔ l i ˧˦
luận lí học	l w ə n ˧˨ ʔ l i ˧˦ h a w k͡p̚ ˧˨ ʔ
luận tội	l w ə n ˧˨ ʔ t o j ˧˨ ʔ
luận văn	l w ə n ˧˨ ʔ v a n ˧˧
luận án	l w ə n ˧˨ ʔ ʔ aː n ˧˦
luận điệu	l w ə n ˧˨ ʔ ʔ ɗ i ə w ˧˨ ʔ
luận đề	l w ə n ˧˨ ʔ ʔ ɗ e ˨˩
luật	l w ə t̚ ˧˨ ʔ
luật gia	l w ə t̚ ˧˨ ʔ z aː ˧˧
luật học	l w ə t̚ ˧˨ ʔ h a w k͡p̚ ˧˨ ʔ
luật lệ	l w ə t̚ ˧˨ ʔ l e ˧˨ ʔ
luật pháp	l w ə t̚ ˧˨ ʔ f aː p̚ ˧˦
luật quốc tế	l w ə t̚ ˧˨ ʔ k u ə k̚ ˧˦ t e ˧˦
luật rừng	l w ə t̚ ˧˨ ʔ z ɨ ŋ ˨˩
luật sư	l w ə t̚ ˧˨ ʔ s ɨ ˧˧
luật định	l w ə t̚ ˧˨ ʔ ʔ ɗ ï ŋ ˧˨ ʔ
luồng	l u ə ŋ ˨˩
là	l aː ˨˩
là là	l aː ˨˩ l aː ˨˩
là lạ	l aː ˨˩ l aː ˧˨ ʔ
là đà	l aː ˨˩ ʔ ɗ aː ˨˩
làm biếng	l aː m ˨˩ ʔ ɓ i ə ŋ ˧˦
làm bộ	l aː m ˨˩ ʔ ɓ o ˧˨ ʔ
làm bộ làm tịch	l aː m ˨˩ ʔ ɓ o ˧˨ ʔ l aː m ˨˩ t ï k̟̚ ˧˨ ʔ
làm cao	l aː m ˨˩ k aː w ˧˧
làm cho	l aː m ˨˩ t͡ɕ ɔ ˧˧
làm chủ	l aː m ˨˩ t͡ɕ u ˧˩
làm chứng	l aː m ˨˩ t͡ɕ ɨ ŋ ˧˦
làm công ăn lương	l aː m ˨˩ k ə w ŋ͡m ˧˧ ʔ a n ˧˧ l ɨ ə ŋ ˧˧
làm cảm	l aː m ˨˩ k aː m ˧˩
làm cỏ	l aː m ˨˩ k ɔ ˧˩
làm duyên	l aː m ˨˩ z w i ə n ˧˧
làm dâu	l aː m ˨˩ z ə w ˧˧
làm dâu trăm họ	l aː m ˨˩ z ə w ˧˧ t͡ɕ a m ˧˧ h ɔ ˧˨ ʔ
làm dấu	l aː m ˨˩ z ə w ˧˦
làm dầm	l aː m ˨˩ z ə m ˨˩
làm giàu	l aː m ˨˩ z a w ˨˩
làm hư	l aː m ˨˩ h ɨ ˧˧
làm khó	l aː m ˨˩ x ɔ ˧˦
làm lành	l aː m ˨˩ l a j ŋ̟ ˨˩
làm lễ	l aː m ˨˩ l e ˦ˀ˥
làm lụng	l aː m ˨˩ l ʊ w ŋ͡m ˧˨ ʔ
làm màu	l aː m ˨˩ m a w ˨˩
làm mưa làm gió	l aː m ˨˩ m ɨ ə ˧˧ l aː m ˨˩ z ɔ ˧˦
làm mối	l aː m ˨˩ m o j ˧˦
làm nhục	l aː m ˨˩ ɲ ʊ w k͡p̚ ˧˨ ʔ
làm nên	l aː m ˨˩ n e n ˧˧
làm phiền	l aː m ˨˩ f i ə n ˨˩
làm phép	l aː m ˨˩ f ɛ p̚ ˧˦
làm phúc	l aː m ˨˩ f ʊ w k͡p̚ ˧˦
làm quen	l aː m ˨˩ k w ɛ n ˧˧
làm ra vẻ	l aː m ˨˩ z aː ˧˧ v ɛ ˧˩
làm reo	l aː m ˨˩ z ɛ w ˧˧
làm sao	l aː m ˨˩ s aː w ˧˧
làm theo	l aː m ˨˩ tʰ ɛ w ˧˧
làm thinh	l aː m ˨˩ tʰ ï ŋ ˧˧
làm thân	l aː m ˨˩ tʰ ə n ˧˧
làm thịt	l aː m ˨˩ tʰ i t̚ ˧˨ ʔ
làm trâu làm ngựa	l aː m ˨˩ t͡ɕ ə w ˧˧ l aː m ˨˩ ŋ ɨ ə ˧˨ ʔ
làm trò	l aː m ˨˩ t͡ɕ ɔ ˨˩
làm tròn	l aː m ˨˩ t͡ɕ ɔ n ˨˩
làm tình	l aː m ˨˩ t ï ŋ ˨˩
làm việc	l aː m ˨˩ v i ə k̚ ˧˨ ʔ
làm vườn	l aː m ˨˩ v ɨ ə n ˨˩
làm ăn	l aː m ˨˩ ʔ a n ˧˧
làm đẹp	l aː m ˨˩ ʔ ɗ ɛ p̚ ˧˨ ʔ
làm ơn	l aː m ˨˩ ʔ əː n ˧˧
làm ơn làm phước	l aː m ˨˩ ʔ əː n ˧˧ l aː m ˨˩ f ɨ ə k̚ ˧˦
làm ơn mắc oán	l aː m ˨˩ ʔ əː n ˧˧ m a k̚ ˧˦ ʔ w aː n ˧˦
làn	l aː n ˨˩
làn sóng	l aː n ˨˩ s a w ŋ͡m ˧˦
làn điệu	l aː n ˨˩ ʔ ɗ i ə w ˧˨ ʔ
làn đường	l aː n ˨˩ ʔ ɗ ɨ ə ŋ ˨˩
làng	l aː ŋ ˨˩
làng mạc	l aː ŋ ˨˩ m aː k̚ ˧˨ ʔ
làng nghề	l aː ŋ ˨˩ ŋ e ˨˩
làng nước	l aː ŋ ˨˩ n ɨ ə k̚ ˧˦
làng xã	l aː ŋ ˨˩ s aː ˦ˀ˥
làng xóm	l aː ŋ ˨˩ s ɔ m ˧˦
lành	l a j ŋ̟ ˨˩
lành lặn	l a j ŋ̟ ˨˩ l a n ˧˨ ʔ
lành mạnh	l a j ŋ̟ ˨˩ m a j ŋ̟ ˧˨ ʔ
lành nghề	l a j ŋ̟ ˨˩ ŋ e ˨˩
lành tính	l a j ŋ̟ ˨˩ t ï ŋ ˧˦
làu	l a w ˨˩
làu bàu	l a w ˨˩ ʔ ɓ a w ˨˩
làu táu	l a w ˨˩ t a w ˧˦
lá	l aː ˧˦
lá chắn	l aː ˧˦ t͡ɕ a n ˧˦
lá cây	l aː ˧˦ k ə j ˧˧
lá gai	l aː ˧˦ ɣ aː j ˧˧
lá lành đùm lá rách	l aː ˧˦ l a j ŋ̟ ˨˩ ʔ ɗ u m ˨˩ l aː ˧˦ z a j k̟̚ ˧˦
lá lách	l aː ˧˦ l a j k̟̚ ˧˦
lá lốt	l aː ˧˦ l o t̚ ˧˦
lá mía	l aː ˧˦ m i ə ˧˦
lá ngón	l aː ˧˦ ŋ ɔ n ˧˦
lác	l aː k̚ ˧˦
lác mắt	l aː k̚ ˧˦ m a t̚ ˧˦
lác đác	l aː k̚ ˧˦ ʔ ɗ aː k̚ ˧˦
lán	l aː n ˧˦
láng	l aː ŋ ˧˦
láng giềng	l aː ŋ ˧˦ z i ə ŋ ˨˩
láng mướt	l aː ŋ ˧˦ m ɨ ə t̚ ˧˦
lánh	l a j ŋ̟ ˧˦
lánh xa	l a j ŋ̟ ˧˦ s aː ˧˧
láo	l aː w ˧˦
láo xược	l aː w ˧˦ s ɨ ə k̚ ˧˨ ʔ
láp	l aː p̚ ˧˦
lát	l aː t̚ ˧˦
láu	l a w ˧˦
láu cá	l a w ˧˦ k aː ˧˦
láu lỉnh	l a w ˧˦ l ï ŋ ˧˩
láy	l a j ˧˦
láy rền	l a j ˧˦ z e n ˨˩
lâm	l ə m ˧˧
lâm ba	l ə m ˧˧ ʔ ɓ aː ˧˧
lâm bệnh	l ə m ˧˧ ʔ ɓ ə j ŋ̟ ˧˨ ʔ
lâm chung	l ə m ˧˧ t͡ɕ ʊ w ŋ͡m ˧˧
lâm li	l ə m ˧˧ l i ˧˧
lâm nghiệp	l ə m ˧˧ ŋ i ə p̚ ˧˨ ʔ
lâm nguy	l ə m ˧˧ ŋ w i ˧˧
lâm râm	l ə m ˧˧ z ə m ˧˧
lâm sàng	l ə m ˧˧ s aː ŋ ˨˩
lâm sản	l ə m ˧˧ s aː n ˧˩
lâm thời	l ə m ˧˧ tʰ əː j ˨˩
lâm trận	l ə m ˧˧ t͡ɕ ə n ˧˨ ʔ
lâm tặc	l ə m ˧˧ t a k̚ ˧˨ ʔ
lâm viên	l ə m ˧˧ v i ə n ˧˧
lân	l ə n ˧˧
lân bang	l ə n ˧˧ ʔ ɓ aː ŋ ˧˧
lân cận	l ə n ˧˧ k ə n ˧˨ ʔ
lân la	l ə n ˧˧ l aː ˧˧
lân quang	l ə n ˧˧ k w aː ŋ ˧˧
lâng	l ə ŋ ˧˧
lâng lâng	l ə ŋ ˧˧ l ə ŋ ˧˧
lâu	l ə w ˧˧
lâu dài	l ə w ˧˧ z aː j ˨˩
lâu la	l ə w ˧˧ l aː ˧˧
lâu lâu	l ə w ˧˧ l ə w ˧˧
lâu ngày	l ə w ˧˧ ŋ a j ˨˩
lâu đài	l ə w ˧˧ ʔ ɗ aː j ˨˩
lâu đời	l ə w ˧˧ ʔ ɗ əː j ˨˩
lây	l ə j ˧˧
lây lan	l ə j ˧˧ l aː n ˧˧
lây truyền	l ə j ˧˧ t͡ɕ w i ə n ˨˩
lã chã	l aː ˦ˀ˥ t͡ɕ aː ˦ˀ˥
lãi	l aː j ˦ˀ˥
lãm	l aː m ˦ˀ˥
lãng	l aː ŋ ˦ˀ˥
lãng khách	l aː ŋ ˦ˀ˥ x a j k̟̚ ˧˦
lãng mạn	l aː ŋ ˦ˀ˥ m aː n ˧˨ ʔ
lãng nhách	l aː ŋ ˦ˀ˥ ɲ a j k̟̚ ˧˦
lãng nhân	l aː ŋ ˦ˀ˥ ɲ ə n ˧˧
lãng phí	l aː ŋ ˦ˀ˥ f i ˧˦
lãng quên	l aː ŋ ˦ˀ˥ k w e n ˧˧
lãng tử	l aː ŋ ˦ˀ˥ t ɨ ˧˩
lãng xẹt	l aː ŋ ˦ˀ˥ s ɛ t̚ ˧˨ ʔ
lãng đãng	l aː ŋ ˦ˀ˥ ʔ ɗ aː ŋ ˦ˀ˥
lãnh	l a j ŋ̟ ˦ˀ˥
lãnh chúa	l a j ŋ̟ ˦ˀ˥ t͡ɕ u ə ˧˦
lãnh cảm	l a j ŋ̟ ˦ˀ˥ k aː m ˧˩
lãnh hải	l a j ŋ̟ ˦ˀ˥ h aː j ˧˩
lãnh sự	l a j ŋ̟ ˦ˀ˥ s ɨ ˧˨ ʔ
lãnh sự quán	l a j ŋ̟ ˦ˀ˥ s ɨ ˧˨ ʔ k w aː n ˧˦
lãnh thổ	l a j ŋ̟ ˦ˀ˥ tʰ o ˧˩
lãnh tụ	l a j ŋ̟ ˦ˀ˥ t u ˧˨ ʔ
lãnh vực	l a j ŋ̟ ˦ˀ˥ v ɨ k̚ ˧˨ ʔ
lãnh án	l a j ŋ̟ ˦ˀ˥ ʔ aː n ˧˦
lãnh đạm	l a j ŋ̟ ˦ˀ˥ ʔ ɗ aː m ˧˨ ʔ
lãnh đạo	l a j ŋ̟ ˦ˀ˥ ʔ ɗ aː w ˧˨ ʔ
lãnh địa	l a j ŋ̟ ˦ˀ˥ ʔ ɗ i ə ˧˨ ʔ
lão	l aː w ˦ˀ˥
lão gia	l aː w ˦ˀ˥ z aː ˧˧
lão hoá	l aː w ˦ˀ˥ h w aː ˧˦
lão luyện	l aː w ˦ˀ˥ l w i ə n ˧˨ ʔ
lão làng	l aː w ˦ˀ˥ l aː ŋ ˨˩
lão ngư	l aː w ˦ˀ˥ ŋ ɨ ˧˧
lão suy	l aː w ˦ˀ˥ s w i ˧˧
lão sư	l aː w ˦ˀ˥ s ɨ ˧˧
lão thành	l aː w ˦ˀ˥ tʰ a j ŋ̟ ˨˩
lão thị	l aː w ˦ˀ˥ tʰ i ˧˨ ʔ
lè	l ɛ ˨˩
lè phè	l ɛ ˨˩ f ɛ ˨˩
lè tè	l ɛ ˨˩ t ɛ ˨˩
lèm bèm	l ɛ m ˨˩ ʔ ɓ ɛ m ˨˩
lèn	l ɛ n ˨˩
lèo	l ɛ w ˨˩
lèo lái	l ɛ w ˨˩ l aː j ˧˦
lé	l ɛ ˧˦
lém lỉnh	l ɛ m ˧˦ l ï ŋ ˧˩
lén	l ɛ n ˧˦
lén lút	l ɛ n ˧˦ l u t̚ ˧˦
léng phéng	l ɛ ŋ ˧˦ f ɛ ŋ ˧˦
léo	l ɛ w ˧˦
lép	l ɛ p̚ ˧˦
lì	l i ˨˩
lì lợm	l i ˨˩ l əː m ˧˨ ʔ
lì xì	l i ˨˩ s i ˨˩
lìa	l i ə ˨˩
lìa trần	l i ə ˨˩ t͡ɕ ə n ˨˩
lìa đời	l i ə ˨˩ ʔ ɗ əː j ˨˩
lìn	l i n ˨˩
lí	l i ˧˦
lí do	l i ˧˦ z ɔ ˧˧
lí do lí trấu	l i ˧˦ z ɔ ˧˧ l i ˧˦ t͡ɕ ə w ˧˦
lí giải	l i ˧˦ z aː j ˧˩
lí học	l i ˧˦ h a w k͡p̚ ˧˨ ʔ
lí luận	l i ˧˦ l w ə n ˧˨ ʔ
lí lắc	l i ˧˦ l a k̚ ˧˦
lí lẽ	l i ˧˦ l ɛ ˦ˀ˥
lí lịch	l i ˧˦ l ï k̟̚ ˧˨ ʔ
lí nhí	l i ˧˦ ɲ i ˧˦
lí sự	l i ˧˦ s ɨ ˧˨ ʔ
lí thuyết	l i ˧˦ tʰ w i ə t̚ ˧˦
lí thú	l i ˧˦ tʰ u ˧˦
lí trí	l i ˧˦ t͡ɕ i ˧˦
lí tính	l i ˧˦ t ï ŋ ˧˦
lí tưởng	l i ˧˦ t ɨ ə ŋ ˧˩
lích kích	l ï k̟̚ ˧˦ k ï k̟̚ ˧˦
lính	l ï ŋ ˧˦
lính canh	l ï ŋ ˧˦ k a j ŋ̟ ˧˧
lính phòng không	l ï ŋ ˧˦ f a w ŋ͡m ˨˩ x ə w ŋ͡m ˧˧
lính quýnh	l ï ŋ ˧˦ k w ï ŋ̟ ˧˦
lính thuỷ	l ï ŋ ˧˦ tʰ w i ˧˩
lính thuỷ đánh bộ	l ï ŋ ˧˦ tʰ w i ˧˩ ʔ ɗ a j ŋ̟ ˧˦ ʔ ɓ o ˧˨ ʔ
lính đánh thuê	l ï ŋ ˧˦ ʔ ɗ a j ŋ̟ ˧˦ tʰ w e ˧˧
líp	l i p̚ ˧˦
lít	l i t̚ ˧˦
lít nhít	l i t̚ ˧˦ ɲ i t̚ ˧˦
líu	l i w ˧˦
líu lo	l i w ˧˦ l ɔ ˧˧
lò	l ɔ ˨˩
lò bánh mì	l ɔ ˨˩ ʔ ɓ a j ŋ̟ ˧˦ m i ˨˩
lò cao	l ɔ ˨˩ k aː w ˧˧
lò cò	l ɔ ˨˩ k ɔ ˨˩
lò gạch	l ɔ ˨˩ ɣ a j k̟̚ ˧˨ ʔ
lò luyện thi	l ɔ ˨˩ l w i ə n ˧˨ ʔ tʰ i ˧˧
lò mổ	l ɔ ˨˩ m o ˧˩
lò nướng	l ɔ ˨˩ n ɨ ə ŋ ˧˦
lò rèn	l ɔ ˨˩ z ɛ n ˨˩
lò sát sinh	l ɔ ˨˩ s aː t̚ ˧˦ s ï ŋ ˧˧
lò sưởi	l ɔ ˨˩ s ɨ ə j ˧˩
lò than	l ɔ ˨˩ tʰ aː n ˧˧
lò vi ba	l ɔ ˨˩ v i ˧˧ ʔ ɓ aː ˧˧
lò vi sóng	l ɔ ˨˩ v i ˧˧ s a w ŋ͡m ˧˦
lò vôi	l ɔ ˨˩ v o j ˧˧
lò xo	l ɔ ˨˩ s ɔ ˧˧
lò đúc	l ɔ ˨˩ ʔ ɗ ʊ w k͡p̚ ˧˦
lòi	l ɔ j ˨˩
lòi tói	l ɔ j ˨˩ t ɔ j ˧˦
lòn	l ɔ n ˨˩
lòn hòn	l ɔ n ˨˩ h ɔ n ˨˩
lòng	l a w ŋ͡m ˨˩
lòng bàn tay	l a w ŋ͡m ˨˩ ʔ ɓ aː n ˨˩ t a j ˧˧
lòng dạ	l a w ŋ͡m ˨˩ z aː ˧˨ ʔ
lòng khòng	l a w ŋ͡m ˨˩ x a w ŋ͡m ˨˩
lòng lang dạ sói	l a w ŋ͡m ˨˩ l aː ŋ ˧˧ z aː ˧˨ ʔ s ɔ j ˧˦
lòng lang dạ thú	l a w ŋ͡m ˨˩ l aː ŋ ˧˧ z aː ˧˨ ʔ tʰ u ˧˦
lòng sông	l a w ŋ͡m ˨˩ s ə w ŋ͡m ˧˧
lòng thà lòng thòng	l a w ŋ͡m ˨˩ tʰ aː ˨˩ l a w ŋ͡m ˨˩ tʰ a w ŋ͡m ˨˩
lòng thành	l a w ŋ͡m ˨˩ tʰ a j ŋ̟ ˨˩
lòng thòng	l a w ŋ͡m ˨˩ tʰ a w ŋ͡m ˨˩
lòng trắng	l a w ŋ͡m ˨˩ t͡ɕ a ŋ ˧˦
lòng vòng	l a w ŋ͡m ˨˩ v a w ŋ͡m ˨˩
lòng đào	l a w ŋ͡m ˨˩ ʔ ɗ aː w ˨˩
lòng đường	l a w ŋ͡m ˨˩ ʔ ɗ ɨ ə ŋ ˨˩
lòng đất	l a w ŋ͡m ˨˩ ʔ ɗ ə t̚ ˧˦
lòng đỏ	l a w ŋ͡m ˨˩ ʔ ɗ ɔ ˧˩
ló	l ɔ ˧˦
lóc	l a w k͡p̚ ˧˦
lói	l ɔ j ˧˦
lóng	l a w ŋ͡m ˧˦
lóng ngóng	l a w ŋ͡m ˧˦ ŋ a w ŋ͡m ˧˦
lót	l ɔ t̚ ˧˦
lót dạ	l ɔ t̚ ˧˦ z aː ˧˨ ʔ
lót tích	l ɔ t̚ ˧˦ t ï k̟̚ ˧˦
lô	l o ˧˧
lô cốt	l o ˧˧ k o t̚ ˧˦
lô hội	l o ˧˧ h o j ˧˨ ʔ
lô nhô	l o ˧˧ ɲ o ˧˧
lô tô	l o ˧˧ t o ˧˧
lô xô	l o ˧˧ s o ˧˧
lô đề	l o ˧˧ ʔ ɗ e ˨˩
lôgarit	l o ˧˧ ɣ aː ˧˧ z i t̚ ˧˧
lôgarit	l o ˧˧ ɣ aː ˧˧ ɹ i t̚ ˧˧
lôgic	l o ˧˧ z ï k̟̚ ˧˦
lôi	l o j ˧˧
lôi cuốn	l o j ˧˧ k u ə n ˧˦
lôi kéo	l o j ˧˧ k ɛ w ˧˦
lôi thôi	l o j ˧˧ tʰ o j ˧˧
lôi đình	l o j ˧˧ ʔ ɗ ï ŋ ˨˩
lôm	l o m ˧˧
lôm côm	l o m ˧˧ k o m ˧˧
lôm nhôm	l o m ˧˧ ɲ o m ˧˧
lông	l ə w ŋ͡m ˧˧
lông ba lông bông	l ə w ŋ͡m ˧˧ ʔ ɓ aː ˧˧ l ə w ŋ͡m ˧˧ ʔ ɓ ə w ŋ͡m ˧˧
lông bông	l ə w ŋ͡m ˧˧ ʔ ɓ ə w ŋ͡m ˧˧
lông lá	l ə w ŋ͡m ˧˧ l aː ˧˦
lông mao	l ə w ŋ͡m ˧˧ m aː w ˧˧
lông mi	l ə w ŋ͡m ˧˧ m i ˧˧
lông mày	l ə w ŋ͡m ˧˧ m a j ˨˩
lông măng	l ə w ŋ͡m ˧˧ m a ŋ ˧˧
lông nheo	l ə w ŋ͡m ˧˧ ɲ ɛ w ˧˧
lông tơ	l ə w ŋ͡m ˧˧ t əː ˧˧
lông vũ	l ə w ŋ͡m ˧˧ v u ˦ˀ˥
lõ	l ɔ ˦ˀ˥
lõi	l ɔ j ˦ˀ˥
lõm	l ɔ m ˦ˀ˥
lõm bõm	l ɔ m ˦ˀ˥ ʔ ɓ ɔ m ˦ˀ˥
lõng	l a w ŋ͡m ˦ˀ˥
lõng bõng	l a w ŋ͡m ˦ˀ˥ ʔ ɓ a w ŋ͡m ˦ˀ˥
lù	l u ˨˩
lù mù	l u ˨˩ m u ˨˩
lùa	l u ə ˨˩
lùa gà	l u ə ˨˩ ɣ aː ˨˩
lú	l u ˧˦
lú lẫn	l u ˧˦ l ə n ˦ˀ˥
lúa	l u ə ˧˦
lúa Chiêm	l u ə ˧˦ t͡ɕ i ə m ˧˧
lúa miến	l u ə ˧˦ m i ə n ˧˦
lúa mì	l u ə ˧˦ m i ˨˩
lúa mạch	l u ə ˧˦ m a j k̟̚ ˧˨ ʔ
lúa nước	l u ə ˧˦ n ɨ ə k̚ ˧˦
lúc	l ʊ w k͡p̚ ˧˦
lúc la lúc lắc	l ʊ w k͡p̚ ˧˦ l aː ˧˧ l ʊ w k͡p̚ ˧˦ l a k̚ ˧˦
lúc lắc	l ʊ w k͡p̚ ˧˦ l a k̚ ˧˦
lúc nhúc	l ʊ w k͡p̚ ˧˦ ɲ ʊ w k͡p̚ ˧˦
lúc đó	l ʊ w k͡p̚ ˧˦ ʔ ɗ ɔ ˧˦
lúc ấy	l ʊ w k͡p̚ ˧˦ ʔ ə j ˧˦
lăm	l a m ˧˧
lăm le	l a m ˧˧ l ɛ ˧˧
lăn	l a n ˧˧
lăn tăn	l a n ˧˧ t a n ˧˧
lăng	l a ŋ ˧˧
lăng kính	l a ŋ ˧˧ k ï ŋ ˧˦
lăng mạ	l a ŋ ˧˧ m aː ˧˨ ʔ
lăng mộ	l a ŋ ˧˧ m o ˧˨ ʔ
lăng nhăng	l a ŋ ˧˧ ɲ a ŋ ˧˧
lăng quăng	l a ŋ ˧˧ k w a ŋ ˧˧
lăng trì	l a ŋ ˧˧ t͡ɕ i ˨˩
lăng trụ	l a ŋ ˧˧ t͡ɕ u ˧˨ ʔ
lăng trụ đứng	l a ŋ ˧˧ t͡ɕ u ˧˨ ʔ ʔ ɗ ɨ ŋ ˧˦
lăng tẩm	l a ŋ ˧˧ t ə m ˧˩
lăng xăng	l a ŋ ˧˧ s a ŋ ˧˧
lĩnh	l ï ŋ ˦ˀ˥
lĩnh hội	l ï ŋ ˦ˀ˥ h o j ˧˨ ʔ
lĩnh thổ	l ï ŋ ˦ˀ˥ tʰ o ˧˩
lĩnh vực	l ï ŋ ˦ˀ˥ v ɨ k̚ ˧˨ ʔ
lũ	l u ˦ˀ˥
lũ lượt	l u ˦ˀ˥ l ɨ ə t̚ ˧˨ ʔ
lũ lụt	l u ˦ˀ˥ l u t̚ ˧˨ ʔ
lũ quét	l u ˦ˀ˥ k w ɛ t̚ ˧˦
lũ ống	l u ˦ˀ˥ ʔ ə w ŋ͡m ˧˦
lơ	l əː ˧˧
lơ là	l əː ˧˧ l aː ˨˩
lơ láo	l əː ˧˧ l aː w ˧˦
lơ lớ	l əː ˧˧ l əː ˧˦
lơ lửng	l əː ˧˧ l ɨ ŋ ˧˩
lơ mơ	l əː ˧˧ m əː ˧˧
lơ ngơ	l əː ˧˧ ŋ əː ˧˧
lơ thơ	l əː ˧˧ tʰ əː ˧˧
lơ tơ mơ	l əː ˧˧ t əː ˧˧ m əː ˧˧
lơ vơ	l əː ˧˧ v əː ˧˧
lơ xe	l əː ˧˧ s ɛ ˧˧
lơ xê mi	l əː ˧˧ s e ˧˧ m i ˧˧
lơ đãng	l əː ˧˧ ʔ ɗ aː ŋ ˦ˀ˥
lơi	l əː j ˧˧
lơi lỏng	l əː j ˧˧ l a w ŋ͡m ˧˩
lượng	l ɨ ə ŋ ˧˨ ʔ
lạ	l aː ˧˨ ʔ
lạ gì	l aː ˧˨ ʔ z i ˨˩
lạ lùng	l aː ˧˨ ʔ l ʊ w ŋ͡m ˨˩
lạ lẫm	l aː ˧˨ ʔ l ə m ˦ˀ˥
lạ mắt	l aː ˧˨ ʔ m a t̚ ˧˦
lạ thường	l aː ˧˨ ʔ tʰ ɨ ə ŋ ˨˩
lạ đời	l aː ˧˨ ʔ ʔ ɗ əː j ˨˩
lạc	l aː k̚ ˧˨ ʔ
lạc hậu	l aː k̚ ˧˨ ʔ h ə w ˧˨ ʔ
lạc loài	l aː k̚ ˧˨ ʔ l w aː j ˨˩
lạc lõng	l aː k̚ ˧˨ ʔ l a w ŋ͡m ˦ˀ˥
lạc lối	l aː k̚ ˧˨ ʔ l o j ˧˦
lạc quan	l aː k̚ ˧˨ ʔ k w aː n ˧˧
lạc thành	l aː k̚ ˧˨ ʔ tʰ a j ŋ̟ ˨˩
lạc đà	l aː k̚ ˧˨ ʔ ʔ ɗ aː ˨˩
lạc đàn	l aː k̚ ˧˨ ʔ ʔ ɗ aː n ˨˩
lạc đường	l aː k̚ ˧˨ ʔ ʔ ɗ ɨ ə ŋ ˨˩
lạc đề	l aː k̚ ˧˨ ʔ ʔ ɗ e ˨˩
lạm dụng	l aː m ˧˨ ʔ z ʊ w ŋ͡m ˧˨ ʔ
lạm dụng tình dục	l aː m ˧˨ ʔ z ʊ w ŋ͡m ˧˨ ʔ t ï ŋ ˨˩ z ʊ w k͡p̚ ˧˨ ʔ
lạm phát	l aː m ˧˨ ʔ f aː t̚ ˧˦
lạm phát phi mã	l aː m ˧˨ ʔ f aː t̚ ˧˦ f i ˧˧ m aː ˦ˀ˥
lạm quyền	l aː m ˧˨ ʔ k w i ə n ˨˩
lạng	l aː ŋ ˧˨ ʔ
lạnh	l a j ŋ̟ ˧˨ ʔ
lạnh buốt	l a j ŋ̟ ˧˨ ʔ ʔ ɓ u ə t̚ ˧˦
lạnh giá	l a j ŋ̟ ˧˨ ʔ z aː ˧˦
lạnh lùng	l a j ŋ̟ ˧˨ ʔ l ʊ w ŋ͡m ˨˩
lạnh lẽo	l a j ŋ̟ ˧˨ ʔ l ɛ w ˦ˀ˥
lạnh ngắt	l a j ŋ̟ ˧˨ ʔ ŋ a t̚ ˧˦
lạnh nhạt	l a j ŋ̟ ˧˨ ʔ ɲ aː t̚ ˧˨ ʔ
lạnh tanh	l a j ŋ̟ ˧˨ ʔ t a j ŋ̟ ˧˧
lạp	l aː p̚ ˧˨ ʔ
lạp thể	l aː p̚ ˧˨ ʔ tʰ e ˧˩
lạp xưởng	l aː p̚ ˧˨ ʔ s ɨ ə ŋ ˧˩
lạt	l aː t̚ ˧˨ ʔ
lạt mềm buộc chặt	l aː t̚ ˧˨ ʔ m e m ˨˩ ʔ ɓ u ə k̚ ˧˨ ʔ t͡ɕ a t̚ ˧˨ ʔ
lạt nhách	l aː t̚ ˧˨ ʔ ɲ a j k̟̚ ˧˦
lạy	l a j ˧˨ ʔ
lạy hồn	l a j ˧˨ ʔ h o n ˨˩
lả	l aː ˧˩
lảm nhảm	l aː m ˧˩ ɲ aː m ˧˩
lảng	l aː ŋ ˧˩
lảng tránh	l aː ŋ ˧˩ t͡ɕ a j ŋ̟ ˧˦
lảng vảng	l aː ŋ ˧˩ v aː ŋ ˧˩
lảo đảo	l aː w ˧˩ ʔ ɗ aː w ˧˩
lấm	l ə m ˧˦
lấm lem	l ə m ˧˦ l ɛ m ˧˧
lấm láp	l ə m ˧˦ l aː p̚ ˧˦
lấm lét	l ə m ˧˦ l ɛ t̚ ˧˦
lấm tấm	l ə m ˧˦ t ə m ˧˦
lấn	l ə n ˧˦
lấn chiếm	l ə n ˧˦ t͡ɕ i ə m ˧˦
lấn cấn	l ə n ˧˦ k ə n ˧˦
lấn lướt	l ə n ˧˦ l ɨ ə t̚ ˧˦
lấn sân	l ə n ˧˦ s ə n ˧˧
lấn át	l ə n ˧˦ ʔ aː t̚ ˧˦
lấp	l ə p̚ ˧˦
lấp liếm	l ə p̚ ˧˦ l i ə m ˧˦
lấp lánh	l ə p̚ ˧˦ l a j ŋ̟ ˧˦
lấp ló	l ə p̚ ˧˦ l ɔ ˧˦
lất phất	l ə t̚ ˧˦ f ə t̚ ˧˦
lấy	l ə j ˧˦
lấy dạ tiểu nhân đo lòng quân tử	l ə j ˧˦ z aː ˧˨ ʔ t i ə w ˧˩ ɲ ə n ˧˧ ʔ ɗ ɔ ˧˧ l a w ŋ͡m ˨˩ k w ə n ˧˧ t ɨ ˧˩
lấy làm	l ə j ˧˦ l aː m ˨˩
lấy lòng	l ə j ˧˦ l a w ŋ͡m ˨˩
lấy lại	l ə j ˧˦ l aː j ˧˨ ʔ
lấy lệ	l ə j ˧˦ l e ˧˨ ʔ
lấy trứng chọi đá	l ə j ˧˦ t͡ɕ ɨ ŋ ˧˦ t͡ɕ ɔ j ˧˨ ʔ ʔ ɗ aː ˧˦
lấy độc trị độc	l ə j ˧˦ ʔ ɗ ə w k͡p̚ ˧˨ ʔ t͡ɕ i ˧˨ ʔ ʔ ɗ ə w k͡p̚ ˧˨ ʔ
lầm	l ə m ˨˩
lầm lì	l ə m ˨˩ l i ˨˩
lầm lẫn	l ə m ˨˩ l ə n ˦ˀ˥
lầm lỗi	l ə m ˨˩ l o j ˦ˀ˥
lầm lỡ	l ə m ˨˩ l əː ˦ˀ˥
lầm than	l ə m ˨˩ tʰ aː n ˧˧
lầm đường lạc lối	l ə m ˨˩ ʔ ɗ ɨ ə ŋ ˨˩ l aː k̚ ˧˨ ʔ l o j ˧˦
lần	l ə n ˨˩
lần hồi	l ə n ˨˩ h o j ˨˩
lần lượt	l ə n ˨˩ l ɨ ə t̚ ˧˨ ʔ
lần lần	l ə n ˨˩ l ə n ˨˩
lần lữa	l ə n ˨˩ l ɨ ə ˦ˀ˥
lần mò	l ə n ˨˩ m ɔ ˨˩
lầu	l ə w ˨˩
lầu xanh	l ə w ˨˩ s a j ŋ̟ ˧˧
lầy	l ə j ˨˩
lầy lội	l ə j ˨˩ l o j ˧˨ ʔ
lẩm bẩm	l ə m ˧˩ ʔ ɓ ə m ˧˩
lẩm nhẩm	l ə m ˧˩ ɲ ə m ˧˩
lẩn	l ə n ˧˩
lẩn mẩn	l ə n ˧˩ m ə n ˧˩
lẩn quẩn	l ə n ˧˩ k w ə n ˧˩
lẩu	l ə w ˧˩
lẩu gà	l ə w ˧˩ ɣ aː ˨˩
lẩy bẩy	l ə j ˧˩ ʔ ɓ ə j ˧˩
lẫm	l ə m ˦ˀ˥
lẫm cẫm	l ə m ˦ˀ˥ k ə m ˦ˀ˥
lẫm liệt	l ə m ˦ˀ˥ l i ə t̚ ˧˨ ʔ
lẫn	l ə n ˦ˀ˥
lẫn lộn	l ə n ˦ˀ˥ l o n ˧˨ ʔ
lẫn nhau	l ə n ˦ˀ˥ ɲ a w ˧˧
lẫy	l ə j ˦ˀ˥
lẫy lừng	l ə j ˦ˀ˥ l ɨ ŋ ˨˩
lậm	l ə m ˧˨ ʔ
lậm ngôn	l ə m ˧˨ ʔ ŋ o n ˧˧
lận	l ə n ˧˨ ʔ
lận đận	l ə n ˧˨ ʔ ʔ ɗ ə n ˧˨ ʔ
lập	l ə p̚ ˧˨ ʔ
lập bập	l ə p̚ ˧˨ ʔ ʔ ɓ ə p̚ ˧˨ ʔ
lập chí	l ə p̚ ˧˨ ʔ t͡ɕ i ˧˦
lập công	l ə p̚ ˧˨ ʔ k ə w ŋ͡m ˧˧
lập dị	l ə p̚ ˧˨ ʔ z i ˧˨ ʔ
lập loè	l ə p̚ ˧˨ ʔ l w ɛ ˨˩
lập loòng	l ə p̚ ˧˨ ʔ l ɔ ŋ ˨˩
lập luận	l ə p̚ ˧˨ ʔ l w ə n ˧˨ ʔ
lập lại	l ə p̚ ˧˨ ʔ l aː j ˧˨ ʔ
lập mưu	l ə p̚ ˧˨ ʔ m i w ˧˧
lập nghiệp	l ə p̚ ˧˨ ʔ ŋ i ə p̚ ˧˨ ʔ
lập nên	l ə p̚ ˧˨ ʔ n e n ˧˧
lập pháp	l ə p̚ ˧˨ ʔ f aː p̚ ˧˦
lập phương	l ə p̚ ˧˨ ʔ f ɨ ə ŋ ˧˧
lập quốc	l ə p̚ ˧˨ ʔ k u ə k̚ ˧˦
lập trình	l ə p̚ ˧˨ ʔ t͡ɕ ï ŋ ˨˩
lập trình viên	l ə p̚ ˧˨ ʔ t͡ɕ ï ŋ ˨˩ v i ə n ˧˧
lập trường	l ə p̚ ˧˨ ʔ t͡ɕ ɨ ə ŋ ˨˩
lập tức	l ə p̚ ˧˨ ʔ t ɨ k̚ ˧˦
lật	l ə t̚ ˧˨ ʔ
lật lọng	l ə t̚ ˧˨ ʔ l a w ŋ͡m ˧˨ ʔ
lật mặt	l ə t̚ ˧˨ ʔ m a t̚ ˧˨ ʔ
lật tẩy	l ə t̚ ˧˨ ʔ t ə j ˧˩
lật đật	l ə t̚ ˧˨ ʔ ʔ ɗ ə t̚ ˧˨ ʔ
lật đổ	l ə t̚ ˧˨ ʔ ʔ ɗ o ˧˩
lậu	l ə w ˧˨ ʔ
lậu hoặc	l ə w ˧˨ ʔ h w a k̚ ˧˨ ʔ
lắc	l a k̚ ˧˦
lắc bạc	l a k̚ ˧˦ ʔ ɓ aː k̚ ˧˨ ʔ
lắc lê	l a k̚ ˧˦ l e ˧˧
lắc lư	l a k̚ ˧˦ l ɨ ˧˧
lắc đầu	l a k̚ ˧˦ ʔ ɗ ə w ˨˩
lắm	l a m ˧˦
lắm chuyện	l a m ˧˦ t͡ɕ w i ə n ˧˨ ʔ
lắm lần	l a m ˧˦ l ə n ˨˩
lắng	l a ŋ ˧˦
lắng nghe	l a ŋ ˧˦ ŋ ɛ ˧˧
lắng đọng	l a ŋ ˧˦ ʔ ɗ a w ŋ͡m ˧˨ ʔ
lắp	l a p̚ ˧˦
lắp bắp	l a p̚ ˧˦ ʔ ɓ a p̚ ˧˦
lắp ghép	l a p̚ ˧˦ ɣ ɛ p̚ ˧˦
lắp ráp	l a p̚ ˧˦ z aː p̚ ˧˦
lắp đặt	l a p̚ ˧˦ ʔ ɗ a t̚ ˧˨ ʔ
lắt lay	l a t̚ ˧˦ l a j ˧˧
lằn	l a n ˨˩
lằn ranh	l a n ˨˩ z a j ŋ̟ ˧˧
lằn ranh đỏ	l a n ˨˩ z a j ŋ̟ ˧˧ ʔ ɗ ɔ ˧˩
lằng	l a ŋ ˨˩
lằng nhằng	l a ŋ ˨˩ ɲ a ŋ ˨˩
lẳn	l a n ˧˩
lẳng lơ	l a ŋ ˧˩ l əː ˧˧
lẳng lặng	l a ŋ ˧˩ l a ŋ ˧˨ ʔ
lẵng	l a ŋ ˦ˀ˥
lặc lè	l a k̚ ˧˨ ʔ l ɛ ˨˩
lặn	l a n ˧˨ ʔ
lặn lội	l a n ˧˨ ʔ l o j ˧˨ ʔ
lặng	l a ŋ ˧˨ ʔ
lặng im	l a ŋ ˧˨ ʔ ʔ i m ˧˧
lặng lẽ	l a ŋ ˧˨ ʔ l ɛ ˦ˀ˥
lặng thinh	l a ŋ ˧˨ ʔ tʰ ï ŋ ˧˧
lặng thầm	l a ŋ ˧˨ ʔ tʰ ə m ˨˩
lặp	l a p̚ ˧˨ ʔ
lặp lại	l a p̚ ˧˨ ʔ l aː j ˧˨ ʔ
lặt	l a t̚ ˧˨ ʔ
lặt vặt	l a t̚ ˧˨ ʔ v a t̚ ˧˨ ʔ
lẹ	l ɛ ˧˨ ʔ
lẹ làng	l ɛ ˧˨ ʔ l aː ŋ ˨˩
lẹm	l ɛ m ˧˨ ʔ
lẹo	l ɛ w ˧˨ ʔ
lẻ	l ɛ ˧˩
lẻ loi	l ɛ ˧˩ l ɔ j ˧˧
lẻ tẻ	l ɛ ˧˩ t ɛ ˧˩
lẻn	l ɛ n ˧˩
lẻo	l ɛ w ˧˩
lẽ	l ɛ ˦ˀ˥
lẽ phải	l ɛ ˦ˀ˥ f aː j ˧˩
lẽ ra	l ɛ ˦ˀ˥ z aː ˧˧
lẽ thường	l ɛ ˦ˀ˥ tʰ ɨ ə ŋ ˨˩
lẽo đẽo	l ɛ w ˦ˀ˥ ʔ ɗ ɛ w ˦ˀ˥
lếu láo	l e w ˧˦ l aː w ˧˦
lều	l e w ˨˩
lều báo	l e w ˨˩ ʔ ɓ aː w ˧˦
lều tranh	l e w ˨˩ t͡ɕ a j ŋ̟ ˧˧
lều trại	l e w ˨˩ t͡ɕ aː j ˧˨ ʔ
lỉnh	l ï ŋ ˧˩
lỉnh kỉnh	l ï ŋ ˧˩ k ï ŋ ˧˩
lị	l i ˧˨ ʔ
lị trực khuẩn	l i ˧˨ ʔ t͡ɕ ɨ k̚ ˧˨ ʔ x w ə n ˧˩
lịch	l ï k̟̚ ˧˨ ʔ
lịch lãm	l ï k̟̚ ˧˨ ʔ l aː m ˦ˀ˥
lịch pháp	l ï k̟̚ ˧˨ ʔ f aː p̚ ˧˦
lịch sử	l ï k̟̚ ˧˨ ʔ s ɨ ˧˩
lịch sự	l ï k̟̚ ˧˨ ʔ s ɨ ˧˨ ʔ
lịch thiệp	l ï k̟̚ ˧˨ ʔ tʰ i ə p̚ ˧˨ ʔ
lịch trình	l ï k̟̚ ˧˨ ʔ t͡ɕ ï ŋ ˨˩
lịch đại	l ï k̟̚ ˧˨ ʔ ʔ ɗ aː j ˧˨ ʔ
lịm	l i m ˧˨ ʔ
lọ	l ɔ ˧˨ ʔ
lọ mọ	l ɔ ˧˨ ʔ m ɔ ˧˨ ʔ
lọ nghẹ	l ɔ ˧˨ ʔ ŋ ɛ ˧˨ ʔ
lọc	l a w k͡p̚ ˧˨ ʔ
lọc lõi	l a w k͡p̚ ˧˨ ʔ l ɔ j ˦ˀ˥
lọi	l ɔ j ˧˨ ʔ
lọn	l ɔ n ˧˨ ʔ
lọng	l a w ŋ͡m ˧˨ ʔ
lọng cọng	l a w ŋ͡m ˧˨ ʔ k a w ŋ͡m ˧˨ ʔ
lọp	l ɔ p̚ ˧˨ ʔ
lọt	l ɔ t̚ ˧˨ ʔ
lọt lòng	l ɔ t̚ ˧˨ ʔ l a w ŋ͡m ˨˩
lọt vào mắt xanh	l ɔ t̚ ˧˨ ʔ v aː w ˨˩ m a t̚ ˧˦ s a j ŋ̟ ˧˧
lỏ	l ɔ ˧˩
lỏm	l ɔ m ˧˩
lỏng	l a w ŋ͡m ˧˩
lỏng lẻo	l a w ŋ͡m ˧˩ l ɛ w ˧˩
lố	l o ˧˦
lố bịch	l o ˧˦ ʔ ɓ ï k̟̚ ˧˨ ʔ
lố lăng	l o ˧˦ l a ŋ ˧˧
lốc	l ə w k͡p̚ ˧˦
lốc xoáy	l ə w k͡p̚ ˧˦ s w a j ˧˦
lối	l o j ˧˦
lối ra	l o j ˧˦ z aː ˧˧
lối sống	l o j ˧˦ s ə w ŋ͡m ˧˦
lối vào	l o j ˧˦ v aː w ˨˩
lốm đốm	l o m ˧˦ ʔ ɗ o m ˧˦
lốp	l o p̚ ˧˦
lốp bốp	l o p̚ ˧˦ ʔ ɓ o p̚ ˧˦
lốp cốp	l o p̚ ˧˦ k o p̚ ˧˦
lốp đốp	l o p̚ ˧˦ ʔ ɗ o p̚ ˧˦
lốt	l o t̚ ˧˦
lồ ô	l o ˨˩ ʔ o ˧˧
lồi	l o j ˨˩
lồi xỉ	l o j ˨˩ s i ˧˩
lồm	l o m ˨˩
lồm cồm	l o m ˨˩ k o m ˨˩
lồn	l o n ˨˩
lồng	l ə w ŋ͡m ˨˩
lồng bàn	l ə w ŋ͡m ˨˩ ʔ ɓ aː n ˨˩
lồng lộn	l ə w ŋ͡m ˨˩ l o n ˧˨ ʔ
lồng lộng	l ə w ŋ͡m ˨˩ l ə w ŋ͡m ˧˨ ʔ
lồng ngực	l ə w ŋ͡m ˨˩ ŋ ɨ k̚ ˧˨ ʔ
lồng tiếng	l ə w ŋ͡m ˨˩ t i ə ŋ ˧˦
lồng đèn	l ə w ŋ͡m ˨˩ ʔ ɗ ɛ n ˨˩
lổng chổng	l ə w ŋ͡m ˧˩ t͡ɕ ə w ŋ͡m ˧˩
lỗ	l o ˦ˀ˥
lỗ chân lông	l o ˦ˀ˥ t͡ɕ ə n ˧˧ l ə w ŋ͡m ˧˧
lỗ châu mai	l o ˦ˀ˥ t͡ɕ ə w ˧˧ m aː j ˧˧
lỗ chỗ	l o ˦ˀ˥ t͡ɕ o ˦ˀ˥
lỗ hổng	l o ˦ˀ˥ h ə w ŋ͡m ˧˩
lỗ lã	l o ˦ˀ˥ l aː ˦ˀ˥
lỗ mãng	l o ˦ˀ˥ m aː ŋ ˦ˀ˥
lỗ mũi	l o ˦ˀ˥ m u j ˦ˀ˥
lỗ tai cây	l o ˦ˀ˥ t aː j ˧˧ k ə j ˧˧
lỗ trôn	l o ˦ˀ˥ t͡ɕ o n ˧˧
lỗ vốn	l o ˦ˀ˥ v o n ˧˦
lỗ đen	l o ˦ˀ˥ ʔ ɗ ɛ n ˧˧
lỗ đít	l o ˦ˀ˥ ʔ ɗ i t̚ ˧˦
lỗi	l o j ˦ˀ˥
lỗi lạc	l o j ˦ˀ˥ l aː k̚ ˧˨ ʔ
lỗi lầm	l o j ˦ˀ˥ l ə m ˨˩
lỗi thời	l o j ˦ˀ˥ tʰ əː j ˨˩
lộ	l o ˧˨ ʔ
lộ diện	l o ˧˨ ʔ z i ə n ˧˨ ʔ
lộ giới	l o ˧˨ ʔ z əː j ˧˦
lộ liễu	l o ˧˨ ʔ l i ə w ˦ˀ˥
lộ thiên	l o ˧˨ ʔ tʰ i ə n ˧˧
lộ trình	l o ˧˨ ʔ t͡ɕ ï ŋ ˨˩
lộ tẩy	l o ˧˨ ʔ t ə j ˧˩
lộc	l ə w k͡p̚ ˧˨ ʔ
lội	l o j ˧˨ ʔ
lội bộ	l o j ˧˨ ʔ ʔ ɓ o ˧˨ ʔ
lộm	l o m ˧˨ ʔ
lộm cộm	l o m ˧˨ ʔ k o m ˧˨ ʔ
lộn	l o n ˧˨ ʔ
lộn xộn	l o n ˧˨ ʔ s o n ˧˨ ʔ
lộng	l ə w ŋ͡m ˧˨ ʔ
lộng giả thành chân	l ə w ŋ͡m ˧˨ ʔ z aː ˧˩ tʰ a j ŋ̟ ˨˩ t͡ɕ ə n ˧˧
lộng hành	l ə w ŋ͡m ˧˨ ʔ h a j ŋ̟ ˨˩
lộng lẫy	l ə w ŋ͡m ˧˨ ʔ l ə j ˦ˀ˥
lộng ngôn	l ə w ŋ͡m ˧˨ ʔ ŋ o n ˧˧
lộng quyền	l ə w ŋ͡m ˧˨ ʔ k w i ə n ˨˩
lộp	l o p̚ ˧˨ ʔ
lộp bà lộp bộp	l o p̚ ˧˨ ʔ ʔ ɓ aː ˨˩ l o p̚ ˧˨ ʔ ʔ ɓ o p̚ ˧˨ ʔ
lộp bộp	l o p̚ ˧˨ ʔ ʔ ɓ o p̚ ˧˨ ʔ
lộp cộp	l o p̚ ˧˨ ʔ k o p̚ ˧˨ ʔ
lộp độp	l o p̚ ˧˨ ʔ ʔ ɗ o p̚ ˧˨ ʔ
lột	l o t̚ ˧˨ ʔ
lột xác	l o t̚ ˧˨ ʔ s aː k̚ ˧˦
lớn	l əː n ˧˦
lớn bổng	l əː n ˧˦ ʔ ɓ ə w ŋ͡m ˧˩
lớn hơn	l əː n ˧˦ h əː n ˧˧
lớn lao	l əː n ˧˦ l aː w ˧˧
lớn lên	l əː n ˧˦ l e n ˧˧
lớn mạnh	l əː n ˧˦ m a j ŋ̟ ˧˨ ʔ
lớn mật	l əː n ˧˦ m ə t̚ ˧˨ ʔ
lớn tiếng	l əː n ˧˦ t i ə ŋ ˧˦
lớn tuổi	l əː n ˧˦ t u ə j ˧˩
lớp	l əː p̚ ˧˦
lớp chồi	l əː p̚ ˧˦ t͡ɕ o j ˨˩
lớp học	l əː p̚ ˧˦ h a w k͡p̚ ˧˨ ʔ
lớp lang	l əː p̚ ˧˦ l aː ŋ ˧˧
lớp lá	l əː p̚ ˧˦ l aː ˧˦
lớp mầm	l əː p̚ ˧˦ m ə m ˨˩
lớp trưởng	l əː p̚ ˧˦ t͡ɕ ɨ ə ŋ ˧˩
lớp tớp	l əː p̚ ˧˦ t əː p̚ ˧˦
lớt phớt	l əː t̚ ˧˦ f əː t̚ ˧˦
lờ	l əː ˨˩
lờ mờ	l əː ˨˩ m əː ˨˩
lờ đờ	l əː ˨˩ ʔ ɗ əː ˨˩
lời	l əː j ˨˩
lời chào	l əː j ˨˩ t͡ɕ aː w ˨˩
lời chào cao hơn mâm cỗ	l əː j ˨˩ t͡ɕ aː w ˨˩ k aː w ˧˧ h əː n ˧˧ m ə m ˧˧ k o ˦ˀ˥
lời hứa	l əː j ˨˩ h ɨ ə ˧˦
lời khuyên	l əː j ˨˩ x w i ə n ˧˧
lời lãi	l əː j ˨˩ l aː j ˦ˀ˥
lời lẽ	l əː j ˨˩ l ɛ ˦ˀ˥
lời nói	l əː j ˨˩ n ɔ j ˧˦
lời nói đầu	l əː j ˨˩ n ɔ j ˧˦ ʔ ɗ ə w ˨˩
lời ong tiếng ve	l əː j ˨˩ ʔ a w ŋ͡m ˧˧ t i ə ŋ ˧˦ v ɛ ˧˧
lời tựa	l əː j ˨˩ t ɨ ə ˧˨ ʔ
lờn	l əː n ˨˩
lở	l əː ˧˩
lở mồm long móng	l əː ˧˩ m o m ˨˩ l a w ŋ͡m ˧˧ m a w ŋ͡m ˧˦
lở đất	l əː ˧˩ ʔ ɗ ə t̚ ˧˦
lởm chởm	l əː m ˧˩ t͡ɕ əː m ˧˩
lởn vởn	l əː n ˧˩ v əː n ˧˩
lỡ	l əː ˦ˀ˥
lỡ làng	l əː ˦ˀ˥ l aː ŋ ˨˩
lỡ lầm	l əː ˦ˀ˥ l ə m ˨˩
lỡ thời	l əː ˦ˀ˥ tʰ əː j ˨˩
lỡ đường	l əː ˦ˀ˥ ʔ ɗ ɨ ə ŋ ˨˩
lợ	l əː ˧˨ ʔ
lợi	l əː j ˧˨ ʔ
lợi dụng	l əː j ˧˨ ʔ z ʊ w ŋ͡m ˧˨ ʔ
lợi hại	l əː j ˧˨ ʔ h aː j ˧˨ ʔ
lợi nhuận	l əː j ˧˨ ʔ ɲ w ə n ˧˨ ʔ
lợi niệu	l əː j ˧˨ ʔ n i ə w ˧˨ ʔ
lợi thế	l əː j ˧˨ ʔ tʰ e ˧˦
lợi tiểu	l əː j ˧˨ ʔ t i ə w ˧˩
lợi tức	l əː j ˧˨ ʔ t ɨ k̚ ˧˦
lợi ích	l əː j ˧˨ ʔ ʔ ï k̟̚ ˧˦
lợn	l əː n ˧˨ ʔ
lợn cợn	l əː n ˧˨ ʔ k əː n ˧˨ ʔ
lợn lòi	l əː n ˧˨ ʔ l ɔ j ˨˩
lợn nước	l əː n ˧˨ ʔ n ɨ ə k̚ ˧˦
lợn rừng	l əː n ˧˨ ʔ z ɨ ŋ ˨˩
lợn đất	l əː n ˧˨ ʔ ʔ ɗ ə t̚ ˧˦
lợp	l əː p̚ ˧˨ ʔ
lụ khụ	l u ˧˨ ʔ x u ˧˨ ʔ
lụa	l u ə ˧˨ ʔ
lụa là	l u ə ˧˨ ʔ l aː ˨˩
lục	l ʊ w k͡p̚ ˧˨ ʔ
lục bát	l ʊ w k͡p̚ ˧˨ ʔ ʔ ɓ aː t̚ ˧˦
lục bình	l ʊ w k͡p̚ ˧˨ ʔ ʔ ɓ ï ŋ ˨˩
lục cục	l ʊ w k͡p̚ ˧˨ ʔ k ʊ w k͡p̚ ˧˨ ʔ
lục giác	l ʊ w k͡p̚ ˧˨ ʔ z aː k̚ ˧˦
lục huyền cầm	l ʊ w k͡p̚ ˧˨ ʔ h w i ə n ˨˩ k ə m ˨˩
lục địa	l ʊ w k͡p̚ ˧˨ ʔ ʔ ɗ i ə ˧˨ ʔ
lục đục	l ʊ w k͡p̚ ˧˨ ʔ ʔ ɗ ʊ w k͡p̚ ˧˨ ʔ
m	m əː ˨˩
m	ʔ ɛ m ˧˧ m əː ˨˩
ma	m aː ˧˧
man	m aː n ˧˧
man di	m aː n ˧˧ z i ˧˧
man dại	m aː n ˧˧ z aː j ˧˨ ʔ
man mác	m aː n ˧˧ m aː k̚ ˧˦
man rợ	m aː n ˧˧ z əː ˧˨ ʔ
man trá	m aː n ˧˧ t͡ɕ aː ˧˦
mang	m aː ŋ ˧˧
mang con bỏ chợ	m aː ŋ ˧˧ k ɔ n ˧˧ ʔ ɓ ɔ ˧˩ t͡ɕ əː ˧˨ ʔ
mang máng	m aː ŋ ˧˧ m aː ŋ ˧˦
mang nặng đẻ đau	m aː ŋ ˧˧ n a ŋ ˧˨ ʔ ʔ ɗ ɛ ˧˩ ʔ ɗ a w ˧˧
mang tiếng	m aː ŋ ˧˧ t i ə ŋ ˧˦
mang tên	m aː ŋ ˧˧ t e n ˧˧
manga	m aː n ˧˧ ɣ aː ˧˧
mangan	m aː n ˧˧ ɣ aː n ˧˧
manh	m a j ŋ̟ ˧˧
manh giông	m a j ŋ̟ ˧˧ z ə w ŋ͡m ˧˧
manh mún	m a j ŋ̟ ˧˧ m u n ˧˦
manh mối	m a j ŋ̟ ˧˧ m o j ˧˦
manh nha	m a j ŋ̟ ˧˧ ɲ aː ˧˧
manh tràng	m a j ŋ̟ ˧˧ t͡ɕ aː ŋ ˨˩
manh tâm	m a j ŋ̟ ˧˧ t ə m ˧˧
manh động	m a j ŋ̟ ˧˧ ʔ ɗ ə w ŋ͡m ˧˨ ʔ
mao mạch	m aː w ˧˧ m a j k̟̚ ˧˨ ʔ
mau	m a w ˧˧
mau chóng	m a w ˧˧ t͡ɕ a w ŋ͡m ˧˦
mau mắn	m a w ˧˧ m a n ˧˦
mau nước mắt	m a w ˧˧ n ɨ ə k̚ ˧˦ m a t̚ ˧˦
may	m a j ˧˧
may mắn	m a j ˧˧ m a n ˧˦
may mặc	m a j ˧˧ m a k̚ ˧˨ ʔ
may ra	m a j ˧˧ z aː ˧˧
me	m ɛ ˧˧
me Tây	m ɛ ˧˧ t ə j ˧˧
meitneri	m a j ˧˧ n əː ˧˧ z i ˧˧
meme	m i m ˧˧
meme	m ɛ ˧˧ m ɛ ˧˧
men	m ɛ n ˧˧
men tiêu hoá	m ɛ n ˧˧ t i ə w ˧˧ h w aː ˧˦
mentor	m ɛ n ˧˧ t əː ˨˩
menđelevi	m ɛ n ˧˧ ʔ ɗ e ˧˧ l e ˧˧ v i ˧˧
meo	m ɛ w ˧˧
metro	m e ˧˧ t͡ɕ o ˧˧
mi	m i ˧˧
mi mắt	m i ˧˧ m a t̚ ˧˦
mi nhon	m i ˧˧ ɲ ɔ n ˧˧
mi tâm	m i ˧˧ t ə m ˧˧
mic	m ï k̟̚ ˧˦
min	m i n ˧˧
minh	m ï ŋ ˧˧
minh bạch	m ï ŋ ˧˧ ʔ ɓ a j k̟̚ ˧˨ ʔ
minh chủ	m ï ŋ ˧˧ t͡ɕ u ˧˩
minh chứng	m ï ŋ ˧˧ t͡ɕ ɨ ŋ ˧˦
minh hoạ	m ï ŋ ˧˧ h w aː ˧˨ ʔ
minh mông	m ï ŋ ˧˧ m ə w ŋ͡m ˧˧
minh mẫn	m ï ŋ ˧˧ m ə n ˦ˀ˥
minh oan	m ï ŋ ˧˧ ʔ w aː n ˧˧
minh quyết	m ï ŋ ˧˧ k w i ə t̚ ˧˦
minh quân	m ï ŋ ˧˧ k w ə n ˧˧
minh quản	m ï ŋ ˧˧ k w aː n ˧˩
minh ti	m ï ŋ ˧˧ t i ˧˧
minh tinh	m ï ŋ ˧˧ t ï ŋ ˧˧
minh tinh màn bạc	m ï ŋ ˧˧ t ï ŋ ˧˧ m aː n ˨˩ ʔ ɓ aː k̚ ˧˨ ʔ
minh triết	m ï ŋ ˧˧ t͡ɕ i ə t̚ ˧˦
minh tâm	m ï ŋ ˧˧ t ə m ˧˧
minh tâm khắc cốt	m ï ŋ ˧˧ t ə m ˧˧ x a k̚ ˧˦ k o t̚ ˧˦
minh xác	m ï ŋ ˧˧ s aː k̚ ˧˦
minh ước	m ï ŋ ˧˧ ʔ ɨ ə k̚ ˧˦
miu	m i w ˧˧
miên man	m i ə n ˧˧ m aː n ˧˧
miêu tả	m i ə w ˧˧ t aː ˧˩
miến	m i ə n ˧˦
miếng	m i ə ŋ ˧˦
miếng trầu là đầu câu chuyện	m i ə ŋ ˧˦ t͡ɕ ə w ˨˩ l aː ˨˩ ʔ ɗ ə w ˨˩ k ə w ˧˧ t͡ɕ w i ə n ˧˨ ʔ
miết	m i ə t̚ ˧˦
miếu	m i ə w ˧˦
miếu hiệu	m i ə w ˧˦ h i ə w ˧˨ ʔ
miền	m i ə n ˨˩
miền Bắc	m i ə n ˨˩ ʔ ɓ a k̚ ˧˦
miền Nam	m i ə n ˨˩ n aː m ˧˧
miền Trung	m i ə n ˨˩ t͡ɕ ʊ w ŋ͡m ˧˧
miền Tây	m i ə n ˨˩ t ə j ˧˧
miền quê	m i ə n ˨˩ k w e ˧˧
miền xuôi	m i ə n ˨˩ s u ə j ˧˧
miền Đông	m i ə n ˨˩ ʔ ɗ ə w ŋ͡m ˧˧
miểng	m i ə ŋ ˧˩
miễn	m i ə n ˦ˀ˥
miễn bàn	m i ə n ˦ˀ˥ ʔ ɓ aː n ˨˩
miễn chấp	m i ə n ˦ˀ˥ t͡ɕ ə p̚ ˧˦
miễn cưỡng	m i ə n ˦ˀ˥ k ɨ ə ŋ ˦ˀ˥
miễn dịch	m i ə n ˦ˀ˥ z ï k̟̚ ˧˨ ʔ
miễn dịch cộng đồng	m i ə n ˦ˀ˥ z ï k̟̚ ˧˨ ʔ k ə w ŋ͡m ˧˨ ʔ ʔ ɗ ə w ŋ͡m ˨˩
miễn dịch học	m i ə n ˦ˀ˥ z ï k̟̚ ˧˨ ʔ h a w k͡p̚ ˧˨ ʔ
miễn nhiễm	m i ə n ˦ˀ˥ ɲ i ə m ˦ˀ˥
miễn nhiệm	m i ə n ˦ˀ˥ ɲ i ə m ˧˨ ʔ
miễn phí	m i ə n ˦ˀ˥ f i ˧˦
miễn thuế	m i ə n ˦ˀ˥ tʰ w e ˧˦
miễn trừ	m i ə n ˦ˀ˥ t͡ɕ ɨ ˨˩
miễu	m i ə w ˦ˀ˥
miện	m i ə n ˧˨ ʔ
miệng	m i ə ŋ ˧˨ ʔ
miệng hùm gan sứa	m i ə ŋ ˧˨ ʔ h u m ˨˩ ɣ aː n ˧˧ s ɨ ə ˧˦
miệng lưỡi	m i ə ŋ ˧˨ ʔ l ɨ ə j ˦ˀ˥
miệng ăn núi lở	m i ə ŋ ˧˨ ʔ ʔ a n ˧˧ n u j ˧˦ l əː ˧˩
miệt mài	m i ə t̚ ˧˨ ʔ m aː j ˨˩
miệt thị	m i ə t̚ ˧˨ ʔ tʰ i ˧˨ ʔ
miệt vườn	m i ə t̚ ˧˨ ʔ v ɨ ə n ˨˩
mlem	m əː ˨˩ l ɛ m ˧˧
mo	m ɔ ˧˧
mo nang	m ɔ ˧˧ n aː ŋ ˧˧
moa	m w aː ˧˧
modem	m o ˧˧ ʔ ɗ e m ˧˧
moi	m ɔ j ˧˧
molipđen	m o ˧˧ l i p̚ ˧˦ ʔ ɗ ɛ n ˧˧
mom	m ɔ m ˧˧
mon men	m ɔ n ˧˧ m ɛ n ˧˧
mong	m a w ŋ͡m ˧˧
mong chờ	m a w ŋ͡m ˧˧ t͡ɕ əː ˨˩
mong manh	m a w ŋ͡m ˧˧ m a j ŋ̟ ˧˧
mong muốn	m a w ŋ͡m ˧˧ m u ə n ˧˦
mong mỏi	m a w ŋ͡m ˧˧ m ɔ j ˧˩
mong ngóng	m a w ŋ͡m ˧˧ ŋ a w ŋ͡m ˧˦
mong đợi	m a w ŋ͡m ˧˧ ʔ ɗ əː j ˧˨ ʔ
mong ước	m a w ŋ͡m ˧˧ ʔ ɨ ə k̚ ˧˦
monoxit	m o ˧˧ n o ˧˧ s i t̚ ˧˦
moscovi	m aː t̚ ˧˦ s k əː ˧˧ v i ˧˧
moóc	m ɔ k̚ ˧˦
moạ	m w aː ˧˨ ʔ
moả	m w aː ˧˩
mu	m u ˧˧
mua	m u ə ˧˧
mua bán	m u ə ˧˧ ʔ ɓ aː n ˧˦
mua chuộc	m u ə ˧˧ t͡ɕ u ə k̚ ˧˨ ʔ
mua dâm	m u ə ˧˧ z ə m ˧˧
mua sắm	m u ə ˧˧ s a m ˧˦
mua vui	m u ə ˧˧ v u j ˧˧
mui	m u j ˧˧
mun	m u n ˧˧
muôi	m u ə j ˧˧
muôn	m u ə n ˧˧
muôn hình	m u ə n ˧˧ h ï ŋ ˨˩
muôn hình vạn trạng	m u ə n ˧˧ h ï ŋ ˨˩ v aː n ˧˨ ʔ t͡ɕ aː ŋ ˧˨ ʔ
muôn năm	m u ə n ˧˧ n a m ˧˧
muôn thuở	m u ə n ˧˧ tʰ w əː ˧˩
muôn thú	m u ə n ˧˧ tʰ u ˧˦
muôn trùng	m u ə n ˧˧ t͡ɕ ʊ w ŋ͡m ˨˩
muôn tâu	m u ə n ˧˧ t ə w ˧˧
muôn vàn	m u ə n ˧˧ v aː n ˨˩
muôn đời	m u ə n ˧˧ ʔ ɗ əː j ˨˩
muông	m u ə ŋ ˧˧
muông thú	m u ə ŋ ˧˧ tʰ u ˧˦
muối	m u ə j ˧˦
muối bỏ biển	m u ə j ˧˦ ʔ ɓ ɔ ˧˩ ʔ ɓ i ə n ˧˩
muối mè	m u ə j ˧˦ m ɛ ˨˩
muối mỏ	m u ə j ˧˦ m ɔ ˧˩
muối ăn	m u ə j ˧˦ ʔ a n ˧˧
muốn	m u ə n ˧˦
muốn ăn thì lăn vào bếp	m u ə n ˧˦ ʔ a n ˧˧ tʰ i ˨˩ l a n ˧˧ v aː w ˨˩ ʔ ɓ e p̚ ˧˦
muống	m u ə ŋ ˧˦
muồi	m u ə j ˨˩
muồm muỗm	m u ə m ˨˩ m u ə m ˦ˀ˥
muồng	m u ə ŋ ˨˩
muỗi	m u ə j ˦ˀ˥
muỗm	m u ə m ˦ˀ˥
muỗng	m u ə ŋ ˦ˀ˥
muỗng canh	m u ə ŋ ˦ˀ˥ k a j ŋ̟ ˧˧
muỗng cà phê	m u ə ŋ ˦ˀ˥ k aː ˨˩ f e ˧˧
muội	m u ə j ˧˨ ʔ
muộn	m u ə n ˧˨ ʔ
muộn màng	m u ə n ˧˨ ʔ m aː ŋ ˨˩
muộn mằn	m u ə n ˧˨ ʔ m a n ˨˩
muộn phiền	m u ə n ˧˨ ʔ f i ə n ˨˩
màn	m aː n ˨˩
màn bạc	m aː n ˨˩ ʔ ɓ aː k̚ ˧˨ ʔ
màn cửa	m aː n ˨˩ k ɨ ə ˧˩
màn hình	m aː n ˨˩ h ï ŋ ˨˩
màn hình cảm ứng	m aː n ˨˩ h ï ŋ ˨˩ k aː m ˧˩ ʔ ɨ ŋ ˧˦
màn thầu	m aː n ˨˩ tʰ ə w ˨˩
màn trời chiếu đất	m aː n ˨˩ t͡ɕ əː j ˨˩ t͡ɕ i ə w ˧˦ ʔ ɗ ə t̚ ˧˦
màn ảnh	m aː n ˨˩ ʔ a j ŋ̟ ˧˩
màng	m aː ŋ ˨˩
màng cứng	m aː ŋ ˨˩ k ɨ ŋ ˧˦
màng lưới	m aː ŋ ˨˩ l ɨ ə j ˧˦
màng mềm	m aː ŋ ˨˩ m e m ˨˩
màng nhĩ	m aː ŋ ˨˩ ɲ i ˦ˀ˥
màng nhầy	m aː ŋ ˨˩ ɲ ə j ˨˩
màng nhện	m aː ŋ ˨˩ ɲ e n ˧˨ ʔ
màng não	m aː ŋ ˨˩ n aː w ˦ˀ˥
màng tang	m aː ŋ ˨˩ t aː ŋ ˧˧
màng trinh	m aː ŋ ˨˩ t͡ɕ ï ŋ ˧˧
màng óc	m aː ŋ ˨˩ ʔ a w k͡p̚ ˧˦
mào	m aː w ˨˩
mào gà	m aː w ˨˩ ɣ aː ˨˩
màu	m a w ˨˩
màu mè	m a w ˨˩ m ɛ ˨˩
màu mỡ	m a w ˨˩ m əː ˦ˀ˥
màu sắc	m a w ˨˩ s a k̚ ˧˦
mày	m a j ˨˩
mày hả mạy	m a j ˨˩ h aː ˧˩ m a j ˧˨ ʔ
mày tao chi tớ	m a j ˨˩ t aː w ˧˧ t͡ɕ i ˧˧ t əː ˧˦
má	m aː ˧˦
mán	m aː n ˧˦
máng	m aː ŋ ˧˦
mánh	m a j ŋ̟ ˧˦
mánh khoé	m a j ŋ̟ ˧˦ x w ɛ ˧˦
mánh lới	m a j ŋ̟ ˧˦ l əː j ˧˦
mát	m aː t̚ ˧˦
mát mặt	m aː t̚ ˧˦ m a t̚ ˧˨ ʔ
mát mẻ	m aː t̚ ˧˦ m ɛ ˧˩
mát rượi	m aː t̚ ˧˦ z ɨ ə j ˧˨ ʔ
mát tay	m aː t̚ ˧˦ t a j ˧˧
máu	m a w ˧˦
máu Hoạn thư	m a w ˧˦ h w aː n ˧˨ ʔ tʰ ɨ ˧˧
máu cam	m a w ˧˦ k aː m ˧˧
máu lạnh	m a w ˧˦ l a j ŋ̟ ˧˨ ʔ
máu lửa	m a w ˧˦ l ɨ ə ˧˩
máu me	m a w ˧˦ m ɛ ˧˧
máu mặt	m a w ˧˦ m a t̚ ˧˨ ʔ
máu mủ	m a w ˧˦ m u ˧˩
máu nóng	m a w ˧˦ n a w ŋ͡m ˧˦
máu trắng	m a w ˧˦ t͡ɕ a ŋ ˧˦
máu đen	m a w ˧˦ ʔ ɗ ɛ n ˧˧
máu đỏ	m a w ˧˦ ʔ ɗ ɔ ˧˩
máy	m a j ˧˦
máy bay	m a j ˧˦ ʔ ɓ a j ˧˧
máy bay bà già	m a j ˧˦ ʔ ɓ a j ˧˧ ʔ ɓ aː ˨˩ z aː ˨˩
máy bay lên thẳng	m a j ˧˦ ʔ ɓ a j ˧˧ l e n ˧˧ tʰ a ŋ ˧˩
máy bay ném bom	m a j ˧˦ ʔ ɓ a j ˧˧ n ɛ m ˧˦ ʔ ɓ ɔ m ˧˧
máy bay phản lực	m a j ˧˦ ʔ ɓ a j ˧˧ f aː n ˧˩ l ɨ k̚ ˧˨ ʔ
máy bay tiêm kích	m a j ˧˦ ʔ ɓ a j ˧˧ t i ə m ˧˧ k ï k̟̚ ˧˦
máy bay trực thăng	m a j ˧˦ ʔ ɓ a j ˧˧ t͡ɕ ɨ k̚ ˧˨ ʔ tʰ a ŋ ˧˧
máy bán hàng	m a j ˧˦ ʔ ɓ aː n ˧˦ h aː ŋ ˨˩
máy bộ đàm	m a j ˧˦ ʔ ɓ o ˧˨ ʔ ʔ ɗ aː m ˨˩
máy chiếu	m a j ˧˦ t͡ɕ i ə w ˧˦
máy chiếu hình	m a j ˧˦ t͡ɕ i ə w ˧˦ h ï ŋ ˨˩
máy chém	m a j ˧˦ t͡ɕ ɛ m ˧˦
máy chạy bộ	m a j ˧˦ t͡ɕ a j ˧˨ ʔ ʔ ɓ o ˧˨ ʔ
máy chụp hình	m a j ˧˦ t͡ɕ u p̚ ˧˨ ʔ h ï ŋ ˨˩
máy chủ	m a j ˧˦ t͡ɕ u ˧˩
máy chữ	m a j ˧˦ t͡ɕ ɨ ˦ˀ˥
máy cơ	m a j ˧˦ k əː ˧˧
máy giặt	m a j ˧˦ z a t̚ ˧˨ ʔ
máy hát	m a j ˧˦ h aː t̚ ˧˦
máy hút bụi	m a j ˧˦ h u t̚ ˧˦ ʔ ɓ u j ˧˨ ʔ
máy hút mùi	m a j ˧˦ h u t̚ ˧˦ m u j ˨˩
máy in	m a j ˧˦ ʔ i n ˧˧
máy khoan	m a j ˧˦ x w aː n ˧˧
máy khách	m a j ˧˦ x a j k̟̚ ˧˦
máy khâu	m a j ˧˦ x ə w ˧˧
máy kéo	m a j ˧˦ k ɛ w ˧˦
máy kéo tạ	m a j ˧˦ k ɛ w ˧˦ t aː ˧˨ ʔ
máy lạnh	m a j ˧˦ l a j ŋ̟ ˧˨ ʔ
máy may	m a j ˧˦ m a j ˧˧
máy móc	m a j ˧˦ m a w k͡p̚ ˧˦
máy nước	m a j ˧˦ n ɨ ə k̚ ˧˦
máy nổ	m a j ˧˦ n o ˧˩
máy phát thanh	m a j ˧˦ f aː t̚ ˧˦ tʰ a j ŋ̟ ˧˧
máy phát điện	m a j ˧˦ f aː t̚ ˧˦ ʔ ɗ i ə n ˧˨ ʔ
máy quay	m a j ˧˦ k w a j ˧˧
máy quay đĩa	m a j ˧˦ k w a j ˧˧ ʔ ɗ i ə ˦ˀ˥
máy rung	m a j ˧˦ z ʊ w ŋ͡m ˧˧
máy rửa bát	m a j ˧˦ z ɨ ə ˧˩ ʔ ɓ aː t̚ ˧˦
máy rửa chén	m a j ˧˦ z ɨ ə ˧˩ t͡ɕ ɛ n ˧˦
máy sưởi	m a j ˧˦ s ɨ ə j ˧˩
máy sấy	m a j ˧˦ s ə j ˧˦
máy sấy quần áo	m a j ˧˦ s ə j ˧˦ k w ə n ˨˩ ʔ aː w ˧˦
máy sấy tóc	m a j ˧˦ s ə j ˧˦ t a w k͡p̚ ˧˦
máy tính	m a j ˧˦ t ï ŋ ˧˦
máy tính bảng	m a j ˧˦ t ï ŋ ˧˦ ʔ ɓ aː ŋ ˧˩
máy tính bảng đồ hoạ	m a j ˧˦ t ï ŋ ˧˦ ʔ ɓ aː ŋ ˧˩ ʔ ɗ o ˨˩ h w aː ˧˨ ʔ
máy tính cá nhân	m a j ˧˦ t ï ŋ ˧˦ k aː ˧˦ ɲ ə n ˧˧
máy tính tiền	m a j ˧˦ t ï ŋ ˧˦ t i ə n ˨˩
máy tính xách tay	m a j ˧˦ t ï ŋ ˧˦ s a j k̟̚ ˧˦ t a j ˧˧
máy tính để bàn	m a j ˧˦ t ï ŋ ˧˦ ʔ ɗ e ˧˩ ʔ ɓ aː n ˨˩
máy vi tính	m a j ˧˦ v i ˧˧ t ï ŋ ˧˦
máy xay	m a j ˧˦ s a j ˧˧
máy xay sinh tố	m a j ˧˦ s a j ˧˧ s ï ŋ ˧˧ t o ˧˦
máy điều hoà không khí	m a j ˧˦ ʔ ɗ i ə w ˨˩ h w aː ˨˩ x ə w ŋ͡m ˧˧ x i ˧˦
máy điều hoà nhiệt độ	m a j ˧˦ ʔ ɗ i ə w ˨˩ h w aː ˨˩ ɲ i ə t̚ ˧˨ ʔ ʔ ɗ o ˧˨ ʔ
máy điện	m a j ˧˦ ʔ ɗ i ə n ˧˨ ʔ
máy đánh chữ	m a j ˧˦ ʔ ɗ a j ŋ̟ ˧˦ t͡ɕ ɨ ˦ˀ˥
máy đèn	m a j ˧˦ ʔ ɗ ɛ n ˨˩
máy ảnh	m a j ˧˦ ʔ a j ŋ̟ ˧˩
máy ủi	m a j ˧˦ ʔ u j ˧˩
mâm	m ə m ˧˧
mâm cỗ	m ə m ˧˧ k o ˦ˀ˥
mâm xôi	m ə m ˧˧ s o j ˧˧
mân	m ə n ˧˧
mân côi	m ə n ˧˧ k o j ˧˧
mân mê	m ə n ˧˧ m e ˧˧
mân mó	m ə n ˧˧ m ɔ ˧˦
mâu	m ə w ˧˧
mâu thuẫn	m ə w ˧˧ tʰ w ə n ˦ˀ˥
mây	m ə j ˧˧
mây mù	m ə j ˧˧ m u ˨˩
mây mưa	m ə j ˧˧ m ɨ ə ˧˧
mây tích	m ə j ˧˧ t ï k̟̚ ˧˦
mã	m aː ˦ˀ˥
mãn	m aː n ˦ˀ˥
mãn nguyện	m aː n ˦ˀ˥ ŋ w i ə n ˧˨ ʔ
mãn nhãn	m aː n ˦ˀ˥ ɲ aː n ˦ˀ˥
mãn tính	m aː n ˦ˀ˥ t ï ŋ ˧˦
mãn ý	m aː n ˦ˀ˥ ʔ i ˧˦
mãng	m aː ŋ ˦ˀ˥
mãng cầu	m aː ŋ ˦ˀ˥ k ə w ˨˩
mãng cầu ta	m aː ŋ ˦ˀ˥ k ə w ˨˩ t aː ˧˧
mãng cầu tây	m aː ŋ ˦ˀ˥ k ə w ˨˩ t ə j ˧˧
mãng cầu xiêm	m aː ŋ ˦ˀ˥ k ə w ˨˩ s i ə m ˧˧
mãng xà	m aː ŋ ˦ˀ˥ s aː ˨˩
mãnh	m a j ŋ̟ ˦ˀ˥
mãnh liệt	m a j ŋ̟ ˦ˀ˥ l i ə t̚ ˧˨ ʔ
mãnh lực	m a j ŋ̟ ˦ˀ˥ l ɨ k̚ ˧˨ ʔ
mão	m aː w ˦ˀ˥
mè	m ɛ ˨˩
mè nheo	m ɛ ˨˩ ɲ ɛ w ˧˧
mèm	m ɛ m ˨˩
mèn mén	m ɛ n ˨˩ m ɛ n ˧˦
mèn đét ơi	m ɛ n ˨˩ ʔ ɗ ɛ t̚ ˧˦ ʔ əː j ˧˧
mèn ơi	m ɛ n ˨˩ ʔ əː j ˧˧
mèng đéc ơi	m ɛ ŋ ˨˩ ʔ ɗ ɛ k̚ ˧˦ ʔ əː j ˧˧
mèng ơi	m ɛ ŋ ˨˩ ʔ əː j ˧˧
mèo	m ɛ w ˨˩
mèo báo	m ɛ w ˨˩ ʔ ɓ aː w ˧˦
mèo già hoá cáo	m ɛ w ˨˩ z aː ˨˩ h w aː ˧˦ k aː w ˧˦
mèo khen mèo dài đuôi	m ɛ w ˨˩ x ɛ n ˧˧ m ɛ w ˨˩ z aː j ˨˩ ʔ ɗ u ə j ˧˧
mèo mướp	m ɛ w ˨˩ m ɨ ə p̚ ˧˦
mèo mả gà đồng	m ɛ w ˨˩ m aː ˧˩ ɣ aː ˨˩ ʔ ɗ ə w ŋ͡m ˨˩
mèo rừng	m ɛ w ˨˩ z ɨ ŋ ˨˩
mèo tam thể	m ɛ w ˨˩ t aː m ˧˧ tʰ e ˧˩
mé	m ɛ ˧˦
méc	m ɛ k̚ ˧˦
mén	m ɛ n ˧˦
méng	m ɛ ŋ ˧˦
méo	m ɛ w ˧˦
méo mó	m ɛ w ˧˦ m ɔ ˧˦
mép	m ɛ p̚ ˧˦
mét	m ɛ t̚ ˧˦
mét khối	m ɛ t̚ ˧˦ x o j ˧˦
mì	m i ˨˩
mì Quảng	m i ˨˩ k w aː ŋ ˧˩
mì chính	m i ˨˩ t͡ɕ ï ŋ ˧˦
mì căn	m i ˨˩ k a n ˧˧
mì gói	m i ˨˩ ɣ ɔ j ˧˦
mì gõ	m i ˨˩ ɣ ɔ ˦ˀ˥
mì li	m i ˨˩ l i ˧˧
mì tôm	m i ˨˩ t o m ˧˧
mì Ý	m i ˨˩ ʔ i ˧˦
mì ăn liền	m i ˨˩ ʔ a n ˧˧ l i ə n ˨˩
mìn	m i n ˨˩
mình	m ï ŋ ˨˩
mình mẩy	m ï ŋ ˨˩ m ə j ˧˩
mình vóc	m ï ŋ ˨˩ v a w k͡p̚ ˧˦
mình ên	m ï ŋ ˨˩ ʔ e n ˧˧
mí	m i ˧˦
mía	m i ə ˧˦
mía lau	m i ə ˧˦ l a w ˧˧
mím	m i m ˧˦
mít	m i t̚ ˧˦
mít tinh	m i t̚ ˧˦ t ï ŋ ˧˧
mít tố nữ	m i t̚ ˧˦ t o ˧˦ n ɨ ˦ˀ˥
mít ướt	m i t̚ ˧˦ ʔ ɨ ə t̚ ˧˦
mò	m ɔ ˨˩
mò kim đáy bể	m ɔ ˨˩ k i m ˧˧ ʔ ɗ a j ˧˦ ʔ ɓ e ˧˩
mò trăng đáy nước	m ɔ ˨˩ t͡ɕ a ŋ ˧˧ ʔ ɗ a j ˧˦ n ɨ ə k̚ ˧˦
mòi	m ɔ j ˨˩
mòn	m ɔ n ˨˩
mòn mỏi	m ɔ n ˨˩ m ɔ j ˧˩
mòng	m a w ŋ͡m ˨˩
mòng biển	m a w ŋ͡m ˨˩ ʔ ɓ i ə n ˧˩
mòng két	m a w ŋ͡m ˨˩ k ɛ t̚ ˧˦
mó	m ɔ ˧˦
móc	m a w k͡p̚ ˧˦
móc chìa khoá	m a w k͡p̚ ˧˦ t͡ɕ i ə ˨˩ x w aː ˧˦
móc lốp	m a w k͡p̚ ˧˦ l o p̚ ˧˦
móc lồn	m a w k͡p̚ ˧˦ l o n ˨˩
móc nghéo	m a w k͡p̚ ˧˦ ŋ ɛ w ˧˦
móc túi	m a w k͡p̚ ˧˦ t u j ˧˦
móm	m ɔ m ˧˦
món	m ɔ n ˧˦
món ăn	m ɔ n ˧˦ ʔ a n ˧˧
móng	m a w ŋ͡m ˧˦
móng chân	m a w ŋ͡m ˧˦ t͡ɕ ə n ˧˧
móng huyền	m a w ŋ͡m ˧˦ h w i ə n ˨˩
móng tay	m a w ŋ͡m ˧˦ t a j ˧˧
móng vuốt	m a w ŋ͡m ˧˦ v u ə t̚ ˧˦
móp	m ɔ p̚ ˧˦
mót	m ɔ t̚ ˧˦
mô	m o ˧˧
mô Phật	m o ˧˧ f ə t̚ ˧˨ ʔ
mô bệnh học	m o ˧˧ ʔ ɓ ə j ŋ̟ ˧˨ ʔ h a w k͡p̚ ˧˨ ʔ
mô hình	m o ˧˧ h ï ŋ ˨˩
mô men lực	m o ˧˧ m ɛ n ˧˧ l ɨ k̚ ˧˨ ʔ
mô phỏng	m o ˧˧ f a w ŋ͡m ˧˩
mô ten	m o ˧˧ t ɛ n ˧˧
mô thức	m o ˧˧ tʰ ɨ k̚ ˧˦
mô tê	m o ˧˧ t e ˧˧
mô tô	m o ˧˧ t o ˧˧
mô tả	m o ˧˧ t aː ˧˩
môi	m o j ˧˧
môi giới	m o j ˧˧ z əː j ˧˦
môi sinh	m o j ˧˧ s ï ŋ ˧˧
môi trường	m o j ˧˧ t͡ɕ ɨ ə ŋ ˨˩
môi trường sống	m o j ˧˧ t͡ɕ ɨ ə ŋ ˨˩ s ə w ŋ͡m ˧˦
môn	m o n ˧˧
môn học	m o n ˧˧ h a w k͡p̚ ˧˨ ʔ
môn phái	m o n ˧˧ f aː j ˧˦
môn đăng hộ đối	m o n ˧˧ ʔ ɗ a ŋ ˧˧ h o ˧˨ ʔ ʔ ɗ o j ˧˦
môn đệ	m o n ˧˧ ʔ ɗ e ˧˨ ʔ
mông	m ə w ŋ͡m ˧˧
mông lung	m ə w ŋ͡m ˧˧ l ʊ w ŋ͡m ˧˧
mông muội	m ə w ŋ͡m ˧˧ m u ə j ˧˨ ʔ
mông mênh	m ə w ŋ͡m ˧˧ m ə j ŋ̟ ˧˧
mông đít	m ə w ŋ͡m ˧˧ ʔ ɗ i t̚ ˧˦
mông đổng	m ə w ŋ͡m ˧˧ ʔ ɗ ə w ŋ͡m ˧˩
mõ	m ɔ ˦ˀ˥
mõm	m ɔ m ˦ˀ˥
mù	m u ˨˩
mù chữ	m u ˨˩ t͡ɕ ɨ ˦ˀ˥
mù công nghệ	m u ˨˩ k ə w ŋ͡m ˧˧ ŋ e ˧˨ ʔ
mù màu	m u ˨˩ m a w ˨˩
mù mịt	m u ˨˩ m i t̚ ˧˨ ʔ
mù quáng	m u ˨˩ k w aː ŋ ˧˦
mù soa	m u ˨˩ s w aː ˧˧
mù tạc	m u ˨˩ t aː k̚ ˧˨ ʔ
mù tạt	m u ˨˩ t aː t̚ ˧˨ ʔ
mù u	m u ˨˩ ʔ u ˧˧
mù đêm	m u ˨˩ ʔ ɗ e m ˧˧
mùa	m u ə ˨˩
mùa hè	m u ə ˨˩ h ɛ ˨˩
mùa hạ	m u ə ˨˩ h aː ˧˨ ʔ
mùa màng	m u ə ˨˩ m aː ŋ ˨˩
mùa mưa	m u ə ˨˩ m ɨ ə ˧˧
mùa nước nổi	m u ə ˨˩ n ɨ ə k̚ ˧˦ n o j ˧˩
mùa thu	m u ə ˨˩ tʰ u ˧˧
mùa vụ	m u ə ˨˩ v u ˧˨ ʔ
mùa xuân	m u ə ˨˩ s w ə n ˧˧
mùa đông	m u ə ˨˩ ʔ ɗ ə w ŋ͡m ˧˧
mùi	m u j ˨˩
mùi mẫn	m u j ˨˩ m ə n ˦ˀ˥
mùi soa	m u j ˨˩ s w aː ˧˧
mùi tàu	m u j ˨˩ t a w ˨˩
mùi tây	m u j ˨˩ t ə j ˧˧
mùi vị	m u j ˨˩ v i ˧˨ ʔ
mùn	m u n ˨˩
mùn cưa	m u n ˨˩ k ɨ ə ˧˧
mùng	m ʊ w ŋ͡m ˨˩
múa	m u ə ˧˦
múa rìu qua mắt thợ	m u ə ˧˦ z i w ˨˩ k w aː ˧˧ m a t̚ ˧˦ tʰ əː ˧˨ ʔ
múa rối nước	m u ə ˧˦ z o j ˧˦ n ɨ ə k̚ ˧˦
múa võ	m u ə ˧˦ v ɔ ˦ˀ˥
múc	m ʊ w k͡p̚ ˧˦
múi	m u j ˧˦
múi giờ	m u j ˧˦ z əː ˨˩
múp	m u p̚ ˧˦
mút	m u t̚ ˧˦
măm	m a m ˧˧
măng	m a ŋ ˧˧
măng cụt	m a ŋ ˧˧ k u t̚ ˧˨ ʔ
măng non	m a ŋ ˧˧ n ɔ n ˧˧
măng sét	m a ŋ ˧˧ s ɛ t̚ ˧˦
măng tây	m a ŋ ˧˧ t ə j ˧˧
măng tô	m a ŋ ˧˧ t o ˧˧
măng đá	m a ŋ ˧˧ ʔ ɗ aː ˧˦
mĩ	m i ˦ˀ˥
mĩ học	m i ˦ˀ˥ h a w k͡p̚ ˧˨ ʔ
mĩ lệ	m i ˦ˀ˥ l e ˧˨ ʔ
mĩ mãn	m i ˦ˀ˥ m aː n ˦ˀ˥
mĩ nghệ	m i ˦ˀ˥ ŋ e ˧˨ ʔ
mĩ nhân	m i ˦ˀ˥ ɲ ə n ˧˧
mĩ nhân kế	m i ˦ˀ˥ ɲ ə n ˧˧ k e ˧˦
mĩ nhân ngư	m i ˦ˀ˥ ɲ ə n ˧˧ ŋ ɨ ˧˧
mĩ nữ	m i ˦ˀ˥ n ɨ ˦ˀ˥
mĩ phẩm	m i ˦ˀ˥ f ə m ˧˩
mĩ thuật	m i ˦ˀ˥ tʰ w ə t̚ ˧˨ ʔ
mĩ thuật công nghiệp	m i ˦ˀ˥ tʰ w ə t̚ ˧˨ ʔ k ə w ŋ͡m ˧˧ ŋ i ə p̚ ˧˨ ʔ
mĩ từ pháp	m i ˦ˀ˥ t ɨ ˨˩ f aː p̚ ˧˦
mĩ vị	m i ˦ˀ˥ v i ˧˨ ʔ
mũ	m u ˦ˀ˥
mũ bảo hiểm	m u ˦ˀ˥ ʔ ɓ aː w ˧˩ h i ə m ˧˩
mũ cánh chuồn	m u ˦ˀ˥ k a j ŋ̟ ˧˦ t͡ɕ u ə n ˨˩
mũ cối	m u ˦ˀ˥ k o j ˧˦
mũ len	m u ˦ˀ˥ l ɛ n ˧˧
mũ miện	m u ˦ˀ˥ m i ə n ˧˨ ʔ
mũ mạo	m u ˦ˀ˥ m aː w ˧˨ ʔ
mũ nón	m u ˦ˀ˥ n ɔ n ˧˦
mũ nồi	m u ˦ˀ˥ n o j ˨˩
mũi	m u j ˦ˀ˥
mũi Cà Mau	m u j ˦ˀ˥ k aː ˨˩ m a w ˧˧
mũi Hảo Vọng	m u j ˦ˀ˥ h aː w ˧˩ v a w ŋ͡m ˧˨ ʔ
mũi tên	m u j ˦ˀ˥ t e n ˧˧
mũm mĩm	m u m ˦ˀ˥ m i m ˦ˀ˥
mơ	m əː ˧˧
mơ hồ	m əː ˧˧ h o ˨˩
mơ màng	m əː ˧˧ m aː ŋ ˨˩
mơ mộng	m əː ˧˧ m ə w ŋ͡m ˧˨ ʔ
mơ tây	m əː ˧˧ t ə j ˧˧
mơ tưởng	m əː ˧˧ t ɨ ə ŋ ˧˩
mơ ước	m əː ˧˧ ʔ ɨ ə k̚ ˧˦
mơn mởn	m əː n ˧˧ m əː n ˧˩
mơn trớn	m əː n ˧˧ t͡ɕ əː n ˧˦
mưa	m ɨ ə ˧˧
mưa bão	m ɨ ə ˧˧ ʔ ɓ aː w ˦ˀ˥
mưa bóng mây	m ɨ ə ˧˧ ʔ ɓ a w ŋ͡m ˧˦ m ə j ˧˧
mưa gió	m ɨ ə ˧˧ z ɔ ˧˦
mưa ngâu	m ɨ ə ˧˧ ŋ ə w ˧˧
mưa phùn	m ɨ ə ˧˧ f u n ˨˩
mưa rào	m ɨ ə ˧˧ z aː w ˨˩
mưa tuyết	m ɨ ə ˧˧ t w i ə t̚ ˧˦
mưa đá	m ɨ ə ˧˧ ʔ ɗ aː ˧˦
mưng mủ	m ɨ ŋ ˧˧ m u ˧˩
mươi	m ɨ ə j ˧˧
mười	m ɨ ə j ˨˩
mười ba	m ɨ ə j ˨˩ ʔ ɓ aː ˧˧
mười bảy	m ɨ ə j ˨˩ ʔ ɓ a j ˧˩
mười bốn	m ɨ ə j ˨˩ ʔ ɓ o n ˧˦
mười chín	m ɨ ə j ˨˩ t͡ɕ i n ˧˦
mười hai	m ɨ ə j ˨˩ h aː j ˧˧
mười lăm	m ɨ ə j ˨˩ l a m ˧˧
mười mươi	m ɨ ə j ˨˩ m ɨ ə j ˧˧
mười một	m ɨ ə j ˨˩ m o t̚ ˧˨ ʔ
mười phân vẹn mười	m ɨ ə j ˨˩ f ə n ˧˧ v ɛ n ˧˨ ʔ m ɨ ə j ˨˩
mười sáu	m ɨ ə j ˨˩ s a w ˧˦
mại vô	m aː j ˧˨ ʔ v o ˧˧
mạn	m aː n ˧˨ ʔ
mạn hoạ	m aː n ˧˨ ʔ h w aː ˧˨ ʔ
mạn ngược	m aː n ˧˨ ʔ ŋ ɨ ə k̚ ˧˨ ʔ
mạn phép	m aː n ˧˨ ʔ f ɛ p̚ ˧˦
mạn tính	m aː n ˧˨ ʔ t ï ŋ ˧˦
mạn đà la	m aː n ˧˨ ʔ ʔ ɗ aː ˨˩ l aː ˧˧
mạng	m aː ŋ ˧˨ ʔ
mạng lưới	m aː ŋ ˧˨ ʔ l ɨ ə j ˧˦
mạng lưới xã hội	m aː ŋ ˧˨ ʔ l ɨ ə j ˧˦ s aː ˦ˀ˥ h o j ˧˨ ʔ
mạng mẽo	m aː ŋ ˧˨ ʔ m ɛ w ˦ˀ˥
mạng nhện	m aː ŋ ˧˨ ʔ ɲ e n ˧˨ ʔ
mạng thần kinh	m aː ŋ ˧˨ ʔ tʰ ə n ˨˩ k ï ŋ ˧˧
mạng xã hội	m aː ŋ ˧˨ ʔ s aː ˦ˀ˥ h o j ˧˨ ʔ
mạnh	m a j ŋ̟ ˧˨ ʔ
mạnh dạn	m a j ŋ̟ ˧˨ ʔ z aː n ˧˨ ʔ
mạnh giỏi	m a j ŋ̟ ˧˨ ʔ z ɔ j ˧˩
mạnh khoẻ	m a j ŋ̟ ˧˨ ʔ x w ɛ ˧˩
mạnh mẽ	m a j ŋ̟ ˧˨ ʔ m ɛ ˦ˀ˥
mạnh thường quân	m a j ŋ̟ ˧˨ ʔ tʰ ɨ ə ŋ ˨˩ k w ə n ˧˧
mạo	m aː w ˧˨ ʔ
mạo danh	m aː w ˧˨ ʔ z a j ŋ̟ ˧˧
mạo hiểm	m aː w ˧˨ ʔ h i ə m ˧˩
mạo muội	m aː w ˧˨ ʔ m u ə j ˧˨ ʔ
mạo từ	m aː w ˧˨ ʔ t ɨ ˨˩
mạt	m aː t̚ ˧˨ ʔ
mạt chược	m aː t̚ ˧˨ ʔ t͡ɕ ɨ ə k̚ ˧˨ ʔ
mạt cưa mướp đắng	m aː t̚ ˧˨ ʔ k ɨ ə ˧˧ m ɨ ə p̚ ˧˦ ʔ ɗ a ŋ ˧˦
mạt gà	m aː t̚ ˧˨ ʔ ɣ aː ˨˩
mạt kiếp	m aː t̚ ˧˨ ʔ k i ə p̚ ˧˦
mạt sát	m aː t̚ ˧˨ ʔ s aː t̚ ˧˦
mạt thế	m aː t̚ ˧˨ ʔ tʰ e ˧˦
mạt trà	m aː t̚ ˧˨ ʔ t͡ɕ aː ˨˩
mạy tèo	m a j ˧˨ ʔ t ɛ w ˨˩
mảng	m aː ŋ ˧˩
mảnh	m a j ŋ̟ ˧˩
mảnh dẻ	m a j ŋ̟ ˧˩ z ɛ ˧˩
mảnh khảnh	m a j ŋ̟ ˧˩ x a j ŋ̟ ˧˩
mảnh tước	m a j ŋ̟ ˧˩ t ɨ ə k̚ ˧˦
mảy may	m a j ˧˩ m a j ˧˧
mấn	m ə n ˧˦
mấp máy	m ə p̚ ˧˦ m a j ˧˦
mấp mé	m ə p̚ ˧˦ m ɛ ˧˦
mấp mô	m ə p̚ ˧˦ m o ˧˧
mất	m ə t̚ ˧˦
mất công	m ə t̚ ˧˦ k ə w ŋ͡m ˧˧
mất cả chì lẫn chài	m ə t̚ ˧˦ k aː ˧˩ t͡ɕ i ˨˩ l ə n ˦ˀ˥ t͡ɕ aː j ˨˩
mất cắp	m ə t̚ ˧˦ k a p̚ ˧˦
mất dạy	m ə t̚ ˧˦ z a j ˧˨ ʔ
mất giá	m ə t̚ ˧˦ z aː ˧˦
mất hút con mẹ hàng lươn	m ə t̚ ˧˦ h u t̚ ˧˦ k ɔ n ˧˧ m ɛ ˧˨ ʔ h aː ŋ ˨˩ l ɨ ə n ˧˧
mất lòng	m ə t̚ ˧˦ l a w ŋ͡m ˨˩
mất mát	m ə t̚ ˧˦ m aː t̚ ˧˦
mất mùa	m ə t̚ ˧˦ m u ə ˨˩
mất mặt	m ə t̚ ˧˦ m a t̚ ˧˨ ʔ
mất ngủ	m ə t̚ ˧˦ ŋ u ˧˩
mất nước	m ə t̚ ˧˦ n ɨ ə k̚ ˧˦
mất nết	m ə t̚ ˧˦ n e t̚ ˧˦
mất sổ gạo	m ə t̚ ˧˦ s o ˧˩ ɣ aː w ˧˨ ʔ
mất tiêu	m ə t̚ ˧˦ t i ə w ˧˧
mất trí	m ə t̚ ˧˦ t͡ɕ i ˧˦
mất tích	m ə t̚ ˧˦ t ï k̟̚ ˧˦
mất ăn mất ngủ	m ə t̚ ˧˦ ʔ a n ˧˧ m ə t̚ ˧˦ ŋ u ˧˩
mấu	m ə w ˧˦
mấu chốt	m ə w ˧˦ t͡ɕ o t̚ ˧˦
mấy	m ə j ˧˦
mấy chốc	m ə j ˧˦ t͡ɕ ə w k͡p̚ ˧˦
mấy hồi	m ə j ˧˦ h o j ˨˩
mầm	m ə m ˨˩
mầm mống	m ə m ˨˩ m ə w ŋ͡m ˧˦
mầm non	m ə m ˨˩ n ɔ n ˧˧
mần	m ə n ˨˩
mầu	m ə w ˨˩
mầu nhiệm	m ə w ˨˩ ɲ i ə m ˧˨ ʔ
mầy	m ə j ˨˩
mẩn	m ə n ˧˩
mẩu	m ə w ˧˩
mẩy	m ə j ˧˩
mẫm bóng	m ə m ˦ˀ˥ ʔ ɓ a w ŋ͡m ˧˦
mẫn	m ə n ˦ˀ˥
mẫn cán	m ə n ˦ˀ˥ k aː n ˧˦
mẫn cảm	m ə n ˦ˀ˥ k aː m ˧˩
mẫn tiệp	m ə n ˦ˀ˥ t i ə p̚ ˧˨ ʔ
mẫu	m ə w ˦ˀ˥
mẫu câu	m ə w ˦ˀ˥ k ə w ˧˧
mẫu giáo	m ə w ˦ˀ˥ z aː w ˧˦
mẫu hậu	m ə w ˦ˀ˥ h ə w ˧˨ ʔ
mẫu hệ	m ə w ˦ˀ˥ h e ˧˨ ʔ
mẫu mã	m ə w ˦ˀ˥ m aː ˦ˀ˥
mẫu mực	m ə w ˦ˀ˥ m ɨ k̚ ˧˨ ʔ
mẫu quốc	m ə w ˦ˀ˥ k u ə k̚ ˧˦
mẫu số	m ə w ˦ˀ˥ s o ˧˦
mẫu tự	m ə w ˦ˀ˥ t ɨ ˧˨ ʔ
mẫu vật	m ə w ˦ˀ˥ v ə t̚ ˧˨ ʔ
mẫu âm	m ə w ˦ˀ˥ ʔ ə m ˧˧
mẫu đơn	m ə w ˦ˀ˥ ʔ ɗ əː n ˧˧
mận	m ə n ˧˨ ʔ
mận bắc	m ə n ˧˨ ʔ ʔ ɓ a k̚ ˧˦
mập	m ə p̚ ˧˨ ʔ
mập mạp	m ə p̚ ˧˨ ʔ m aː p̚ ˧˨ ʔ
mập mờ	m ə p̚ ˧˨ ʔ m əː ˨˩
mập ú	m ə p̚ ˧˨ ʔ ʔ u ˧˦
mật	m ə t̚ ˧˨ ʔ
mật danh	m ə t̚ ˧˨ ʔ z a j ŋ̟ ˧˧
mật khẩu	m ə t̚ ˧˨ ʔ x ə w ˧˩
mật mã	m ə t̚ ˧˨ ʔ m aː ˦ˀ˥
mật mã học	m ə t̚ ˧˨ ʔ m aː ˦ˀ˥ h a w k͡p̚ ˧˨ ʔ
mật ong	m ə t̚ ˧˨ ʔ ʔ a w ŋ͡m ˧˧
mật phục	m ə t̚ ˧˨ ʔ f ʊ w k͡p̚ ˧˨ ʔ
mật thiết	m ə t̚ ˧˨ ʔ tʰ i ə t̚ ˧˦
mật độ	m ə t̚ ˧˨ ʔ ʔ ɗ o ˧˨ ʔ
mậu dịch	m ə w ˧˨ ʔ z ï k̟̚ ˧˨ ʔ
mắc	m a k̚ ˧˦
mắc cười	m a k̚ ˧˦ k ɨ ə j ˨˩
mắc cọp	m a k̚ ˧˦ k ɔ p̚ ˧˨ ʔ
mắc cỡ	m a k̚ ˧˦ k əː ˦ˀ˥
mắc dịch	m a k̚ ˧˦ z ï k̟̚ ˧˨ ʔ
mắc khén	m a k̚ ˧˦ x ɛ n ˧˦
mắc kẹt	m a k̚ ˧˦ k ɛ t̚ ˧˨ ʔ
mắc ma	m a k̚ ˧˦ m aː ˧˧
mắc mưu	m a k̚ ˧˦ m i w ˧˧
mắc mật	m a k̚ ˧˦ m ə t̚ ˧˨ ʔ
mắc mỏ	m a k̚ ˧˦ m ɔ ˧˩
mắc phải	m a k̚ ˧˦ f aː j ˧˩
mắm	m a m ˧˦
mắm muối	m a m ˧˦ m u ə j ˧˦
mắm ruốc	m a m ˧˦ z u ə k̚ ˧˦
mắm sặc	m a m ˧˦ s a k̚ ˧˨ ʔ
mắm sặt	m a m ˧˦ s a t̚ ˧˨ ʔ
mắm tôm	m a m ˧˦ t o m ˧˧
mắn	m a n ˧˦
mắn đẻ	m a n ˧˦ ʔ ɗ ɛ ˧˩
mắng	m a ŋ ˧˦
mắng mỏ	m a ŋ ˧˦ m ɔ ˧˩
mắng vốn	m a ŋ ˧˦ v o n ˧˦
mắt	m a t̚ ˧˦
mắt chữ O mồm chữ A	m a t̚ ˧˦ t͡ɕ ɨ ˦ˀ˥ ʔ ɔ ˧˧ m o m ˨˩ t͡ɕ ɨ ˦ˀ˥ ʔ aː ˧˧
mắt cá	m a t̚ ˧˦ k aː ˧˦
mắt kính	m a t̚ ˧˦ k ï ŋ ˧˦
mắt mèo	m a t̚ ˧˦ m ɛ w ˨˩
mắt nhắm mắt mở	m a t̚ ˧˦ ɲ a m ˧˦ m a t̚ ˧˦ m əː ˧˩
mắt xanh	m a t̚ ˧˦ s a j ŋ̟ ˧˧
mặc	m a k̚ ˧˨ ʔ
mặc cả	m a k̚ ˧˨ ʔ k aː ˧˩
mặc cảm	m a k̚ ˧˨ ʔ k aː m ˧˩
mặc dù	m a k̚ ˧˨ ʔ z u ˨˩
mặc dầu	m a k̚ ˧˨ ʔ z ə w ˨˩
mặc khải	m a k̚ ˧˨ ʔ x aː j ˧˩
mặc kệ	m a k̚ ˧˨ ʔ k e ˧˨ ʔ
mặc nhiên	m a k̚ ˧˨ ʔ ɲ i ə n ˧˧
mặc niệm	m a k̚ ˧˨ ʔ n i ə m ˧˨ ʔ
mặc tình	m a k̚ ˧˨ ʔ t ï ŋ ˨˩
mặc xác	m a k̚ ˧˨ ʔ s aː k̚ ˧˦
mặc định	m a k̚ ˧˨ ʔ ʔ ɗ ï ŋ ˧˨ ʔ
mặn	m a n ˧˨ ʔ
mặn chát	m a n ˧˨ ʔ t͡ɕ aː t̚ ˧˦
mặn mà	m a n ˧˨ ʔ m aː ˨˩
mặn nồng	m a n ˧˨ ʔ n ə w ŋ͡m ˨˩
mặt	m a t̚ ˧˨ ʔ
mặt búng ra sữa	m a t̚ ˧˨ ʔ ʔ ɓ ʊ w ŋ͡m ˧˦ z aː ˧˧ s ɨ ə ˦ˀ˥
mặt bằng	m a t̚ ˧˨ ʔ ʔ ɓ a ŋ ˨˩
mặt chữ điền	m a t̚ ˧˨ ʔ t͡ɕ ɨ ˦ˀ˥ ʔ ɗ i ə n ˨˩
mặt cắt	m a t̚ ˧˨ ʔ k a t̚ ˧˦
mặt dày	m a t̚ ˧˨ ʔ z a j ˨˩
mặt dày mày dạn	m a t̚ ˧˨ ʔ z a j ˨˩ m a j ˨˩ z aː n ˧˨ ʔ
mặt hàng	m a t̚ ˧˨ ʔ h aː ŋ ˨˩
mặt khác	m a t̚ ˧˨ ʔ x aː k̚ ˧˦
mặt mày	m a t̚ ˧˨ ʔ m a j ˨˩
mặt mũi	m a t̚ ˧˨ ʔ m u j ˦ˀ˥
mặt nước	m a t̚ ˧˨ ʔ n ɨ ə k̚ ˧˦
mặt nạ	m a t̚ ˧˨ ʔ n aː ˧˨ ʔ
mặt phẳng	m a t̚ ˧˨ ʔ f a ŋ ˧˩
mặt tiền	m a t̚ ˧˨ ʔ t i ə n ˨˩
mặt trái	m a t̚ ˧˨ ʔ t͡ɕ aː j ˧˦
mặt trận	m a t̚ ˧˨ ʔ t͡ɕ ə n ˧˨ ʔ
mặt đường	m a t̚ ˧˨ ʔ ʔ ɗ ɨ ə ŋ ˨˩
mặt đất	m a t̚ ˧˨ ʔ ʔ ɗ ə t̚ ˧˦
mặt đứng	m a t̚ ˧˨ ʔ ʔ ɗ ɨ ŋ ˧˦
mẹ	m ɛ ˧˨ ʔ
mẹ con	m ɛ ˧˨ ʔ k ɔ n ˧˧
mẹ kiếp	m ɛ ˧˨ ʔ k i ə p̚ ˧˦
mẹ kế	m ɛ ˧˨ ʔ k e ˧˦
mẹ nó	m ɛ ˧˨ ʔ n ɔ ˧˦
mẹ thiên hạ	m ɛ ˧˨ ʔ tʰ i ə n ˧˧ h aː ˧˨ ʔ
mẹ tròn con vuông	m ɛ ˧˨ ʔ t͡ɕ ɔ n ˨˩ k ɔ n ˧˧ v u ə ŋ ˧˧
mẹ đẻ	m ɛ ˧˨ ʔ ʔ ɗ ɛ ˧˩
mẹng	m ɛ ŋ ˧˨ ʔ
mẹo	m ɛ w ˧˨ ʔ
mẻ	m ɛ ˧˩
mẽ	m ɛ ˦ˀ˥
mếu	m e w ˧˦
mếu máo	m e w ˧˦ m aː w ˧˦
mềm	m e m ˨˩
mệnh lệnh	m ə j ŋ̟ ˧˨ ʔ l ə j ŋ̟ ˧˨ ʔ
mệnh một	m ə j ŋ̟ ˧˨ ʔ m o t̚ ˧˨ ʔ
mệt	m e t̚ ˧˨ ʔ
mệt mỏi	m e t̚ ˧˨ ʔ m ɔ j ˧˩
mệt nhọc	m e t̚ ˧˨ ʔ ɲ a w k͡p̚ ˧˨ ʔ
mệt nách	m e t̚ ˧˨ ʔ n a j k̟̚ ˧˦
mệt quá	m e t̚ ˧˨ ʔ k w aː ˧˦
mệt rũ	m e t̚ ˧˨ ʔ z u ˦ˀ˥
mỉa	m i ə ˧˩
mỉa mai	m i ə ˧˩ m aː j ˧˧
mỉm	m i m ˧˩
mỉm cười	m i m ˧˩ k ɨ ə j ˨˩
mị	m i ˧˨ ʔ
mị dân	m i ˧˨ ʔ z ə n ˧˧
mị nương	m i ˧˨ ʔ n ɨ ə ŋ ˧˧
mịch	m ï k̟̚ ˧˨ ʔ
mịn	m i n ˧˨ ʔ
mịn màng	m i n ˧˨ ʔ m aː ŋ ˨˩
mịt	m i t̚ ˧˨ ʔ
mịt mù	m i t̚ ˧˨ ʔ m u ˨˩
mịt mùng	m i t̚ ˧˨ ʔ m ʊ w ŋ͡m ˨˩
mọc	m a w k͡p̚ ˧˨ ʔ
mọc rễ	m a w k͡p̚ ˧˨ ʔ z e ˦ˀ˥
mọc sừng	m a w k͡p̚ ˧˨ ʔ s ɨ ŋ ˨˩
mọi	m ɔ j ˧˨ ʔ
mọi cà lơ	m ɔ j ˧˨ ʔ k aː ˨˩ l əː ˧˧
mọi lúc	m ɔ j ˧˨ ʔ l ʊ w k͡p̚ ˧˦
mọi người	m ɔ j ˧˨ ʔ ŋ ɨ ə j ˨˩
mọi rợ	m ɔ j ˧˨ ʔ z əː ˧˨ ʔ
mọi vật	m ɔ j ˧˨ ʔ v ə t̚ ˧˨ ʔ
mọi đen	m ɔ j ˧˨ ʔ ʔ ɗ ɛ n ˧˧
mọn	m ɔ n ˧˨ ʔ
mọng	m a w ŋ͡m ˧˨ ʔ
mọt	m ɔ t̚ ˧˨ ʔ
mọt sách	m ɔ t̚ ˧˨ ʔ s a j k̟̚ ˧˦
mỏ	m ɔ ˧˩
mỏ hàn	m ɔ ˧˩ h aː n ˨˩
mỏ lết	m ɔ ˧˩ l e t̚ ˧˦
mỏ neo	m ɔ ˧˩ n ɛ w ˧˧
mỏ nhọn	m ɔ ˧˩ ɲ ɔ n ˧˨ ʔ
mỏ ác	m ɔ ˧˩ ʔ aː k̚ ˧˦
mỏi	m ɔ j ˧˩
mỏi mệt	m ɔ j ˧˩ m e t̚ ˧˨ ʔ
mỏi nhừ	m ɔ j ˧˩ ɲ ɨ ˨˩
mỏm	m ɔ m ˧˩
mỏng	m a w ŋ͡m ˧˩
mỏng dính	m a w ŋ͡m ˧˩ z ï ŋ ˧˦
mỏng manh	m a w ŋ͡m ˧˩ m a j ŋ̟ ˧˧
mố	m o ˧˦
mốc	m ə w k͡p̚ ˧˦
mốc meo	m ə w k͡p̚ ˧˦ m ɛ w ˧˧
mối	m o j ˧˦
mối nguy	m o j ˧˦ ŋ w i ˧˧
mống	m ə w ŋ͡m ˧˦
mống mắt	m ə w ŋ͡m ˧˦ m a t̚ ˧˦
mốt	m o t̚ ˧˦
mồ	m o ˨˩
mồ côi	m o ˨˩ k o j ˧˧
mồ hôi	m o ˨˩ h o j ˧˧
mồ mả	m o ˨˩ m aː ˧˩
mồi	m o j ˨˩
mồm	m o m ˨˩
mồm mép	m o m ˨˩ m ɛ p̚ ˧˦
mồm mép tép nhảy	m o m ˨˩ m ɛ p̚ ˧˦ t ɛ p̚ ˧˦ ɲ a j ˧˩
mồn lèo	m o n ˨˩ l ɛ w ˨˩
mồn mồn	m o n ˨˩ m o n ˨˩
mồn một	m o n ˨˩ m o t̚ ˧˨ ʔ
mồng	m ə w ŋ͡m ˨˩
mồng tơi	m ə w ŋ͡m ˨˩ t əː j ˧˧
mổ	m o ˧˩
mổ cò	m o ˧˩ k ɔ ˨˩
mỗ	m o ˦ˀ˥
mỗi	m o j ˦ˀ˥
mỗi người một nẻo	m o j ˦ˀ˥ ŋ ɨ ə j ˨˩ m o t̚ ˧˨ ʔ n ɛ w ˧˩
mộ	m o ˧˨ ʔ
mộ chí	m o ˧˨ ʔ t͡ɕ i ˧˦
mộ gió	m o ˧˨ ʔ z ɔ ˧˦
mộ đạo	m o ˧˨ ʔ ʔ ɗ aː w ˧˨ ʔ
mộc	m ə w k͡p̚ ˧˨ ʔ
mộc bản	m ə w k͡p̚ ˧˨ ʔ ʔ ɓ aː n ˧˩
mộc cầm	m ə w k͡p̚ ˧˨ ʔ k ə m ˨˩
mộc dục	m ə w k͡p̚ ˧˨ ʔ z ʊ w k͡p̚ ˧˨ ʔ
mộc hương	m ə w k͡p̚ ˧˨ ʔ h ɨ ə ŋ ˧˧
mộc lan	m ə w k͡p̚ ˧˨ ʔ l aː n ˧˧
mộc mạc	m ə w k͡p̚ ˧˨ ʔ m aː k̚ ˧˨ ʔ
mộc ngư	m ə w k͡p̚ ˧˨ ʔ ŋ ɨ ˧˧
mộc nhĩ	m ə w k͡p̚ ˧˨ ʔ ɲ i ˦ˀ˥
mộc nhĩ đen	m ə w k͡p̚ ˧˨ ʔ ɲ i ˦ˀ˥ ʔ ɗ ɛ n ˧˧
mộc qua	m ə w k͡p̚ ˧˨ ʔ k w aː ˧˧
mộc tê	m ə w k͡p̚ ˧˨ ʔ t e ˧˧
mộc tặc	m ə w k͡p̚ ˧˨ ʔ t a k̚ ˧˨ ʔ
mội	m o j ˧˨ ʔ
mộng	m ə w ŋ͡m ˧˨ ʔ
mộng du	m ə w ŋ͡m ˧˨ ʔ z u ˧˧
mộng tưởng	m ə w ŋ͡m ˧˨ ʔ t ɨ ə ŋ ˧˩
mộng đổng	m ə w ŋ͡m ˧˨ ʔ ʔ ɗ ə w ŋ͡m ˧˩
một	m o t̚ ˧˨ ʔ
một chiều	m o t̚ ˧˨ ʔ t͡ɕ i ə w ˨˩
một chút	m o t̚ ˧˨ ʔ t͡ɕ u t̚ ˧˦
một cách	m o t̚ ˧˨ ʔ k a j k̟̚ ˧˦
một công đôi chuyện	m o t̚ ˧˨ ʔ k ə w ŋ͡m ˧˧ ʔ ɗ o j ˧˧ t͡ɕ w i ə n ˧˨ ʔ
một công đôi việc	m o t̚ ˧˨ ʔ k ə w ŋ͡m ˧˧ ʔ ɗ o j ˧˧ v i ə k̚ ˧˨ ʔ
một dược	m o t̚ ˧˨ ʔ z ɨ ə k̚ ˧˨ ʔ
một giọt máu đào hơn ao nước lã	m o t̚ ˧˨ ʔ z ɔ t̚ ˧˨ ʔ m a w ˧˦ ʔ ɗ aː w ˨˩ h əː n ˧˧ ʔ aː w ˧˧ n ɨ ə k̚ ˧˦ l aː ˦ˀ˥
một mai	m o t̚ ˧˨ ʔ m aː j ˧˧
một mình	m o t̚ ˧˨ ʔ m ï ŋ ˨˩
một mũi tên trúng hai đích	m o t̚ ˧˨ ʔ m u j ˦ˀ˥ t e n ˧˧ t͡ɕ ʊ w ŋ͡m ˧˦ h aː j ˧˧ ʔ ɗ ï k̟̚ ˧˦
một mất một còn	m o t̚ ˧˨ ʔ m ə t̚ ˧˦ m o t̚ ˧˨ ʔ k ɔ n ˨˩
một mực	m o t̚ ˧˨ ʔ m ɨ k̚ ˧˨ ʔ
một nghề cho chín còn hơn chín nghề	m o t̚ ˧˨ ʔ ŋ e ˨˩ t͡ɕ ɔ ˧˧ t͡ɕ i n ˧˦ k ɔ n ˨˩ h əː n ˧˧ t͡ɕ i n ˧˦ ŋ e ˨˩
một ngàn	m o t̚ ˧˨ ʔ ŋ aː n ˨˩
một nách hai con	m o t̚ ˧˨ ʔ n a j k̟̚ ˧˦ h aː j ˧˧ k ɔ n ˧˧
một nắng hai sương	m o t̚ ˧˨ ʔ n a ŋ ˧˦ h aː j ˧˧ s ɨ ə ŋ ˧˧
một nụ cười bằng mười thang thuốc bổ	m o t̚ ˧˨ ʔ n u ˧˨ ʔ k ɨ ə j ˨˩ ʔ ɓ a ŋ ˨˩ m ɨ ə j ˨˩ tʰ aː ŋ ˧˧ tʰ u ə k̚ ˧˦ ʔ ɓ o ˧˩
một số	m o t̚ ˧˨ ʔ s o ˧˦
một sớm một chiều	m o t̚ ˧˨ ʔ s əː m ˧˦ m o t̚ ˧˨ ʔ t͡ɕ i ə w ˨˩
một thời	m o t̚ ˧˨ ʔ tʰ əː j ˨˩
một triệu	m o t̚ ˧˨ ʔ t͡ɕ i ə w ˧˨ ʔ
một trăm	m o t̚ ˧˨ ʔ t͡ɕ a m ˧˧
một trời một vực	m o t̚ ˧˨ ʔ t͡ɕ əː j ˨˩ m o t̚ ˧˨ ʔ v ɨ k̚ ˧˨ ʔ
một tỉ	m o t̚ ˧˨ ʔ t i ˧˩
một vài	m o t̚ ˧˨ ʔ v aː j ˨˩
một ít	m o t̚ ˧˨ ʔ ʔ i t̚ ˧˦
một đi không trở lại	m o t̚ ˧˨ ʔ ʔ ɗ i ˧˧ x ə w ŋ͡m ˧˧ t͡ɕ əː ˧˩ l aː j ˧˨ ʔ
mớ	m əː ˧˦
mới	m əː j ˧˦
mới coong	m əː j ˧˦ k ɔ ŋ ˧˧
mới lạ	m əː j ˧˦ l aː ˧˨ ʔ
mới mẻ	m əː j ˧˦ m ɛ ˧˩
mới tinh	m əː j ˧˦ t ï ŋ ˧˧
mới toanh	m əː j ˧˦ t w a j ŋ̟ ˧˧
mới đây	m əː j ˧˦ ʔ ɗ ə j ˧˧
mới đầu	m əː j ˧˦ ʔ ɗ ə w ˨˩
mớm	m əː m ˧˦
mớn nước	m əː n ˧˦ n ɨ ə k̚ ˧˦
mờ	m əː ˨˩
mờ mịt	m əː ˨˩ m i t̚ ˧˨ ʔ
mờ nhạt	m əː ˨˩ ɲ aː t̚ ˧˨ ʔ
mờ sương	m əː ˨˩ s ɨ ə ŋ ˧˧
mờ ảo	m əː ˨˩ ʔ aː w ˧˩
mời	m əː j ˨˩
mời chào	m əː j ˨˩ t͡ɕ aː w ˨˩
mời gọi	m əː j ˨˩ ɣ ɔ j ˧˨ ʔ
mời lơi	m əː j ˨˩ l əː j ˧˧
mở	m əː ˧˩
mở bài	m əː ˧˩ ʔ ɓ aː j ˨˩
mở cửa	m əː ˧˩ k ɨ ə ˧˩
mở hàng	m əː ˧˩ h aː ŋ ˨˩
mở lòng	m əː ˧˩ l a w ŋ͡m ˨˩
mở mang	m əː ˧˩ m aː ŋ ˧˧
mở màn	m əː ˧˩ m aː n ˨˩
mở nắp chai	m əː ˧˩ n a p̚ ˧˦ t͡ɕ aː j ˧˧
mở rộng	m əː ˧˩ z ə w ŋ͡m ˧˨ ʔ
mở toang	m əː ˧˩ t w aː ŋ ˧˧
mở đầu	m əː ˧˩ ʔ ɗ ə w ˨˩
mỡ	m əː ˦ˀ˥
mỡ nước	m əː ˦ˀ˥ n ɨ ə k̚ ˧˦
mợ	m əː ˧˨ ʔ
mụ	m u ˧˨ ʔ
mụ mị	m u ˧˨ ʔ m i ˧˨ ʔ
mục	m ʊ w k͡p̚ ˧˨ ʔ
mục lục	m ʊ w k͡p̚ ˧˨ ʔ l ʊ w k͡p̚ ˧˨ ʔ
mục nát	m ʊ w k͡p̚ ˧˨ ʔ n aː t̚ ˧˦
mục súc	m ʊ w k͡p̚ ˧˨ ʔ s ʊ w k͡p̚ ˧˦
mục sư	m ʊ w k͡p̚ ˧˨ ʔ s ɨ ˧˧
mục sở thị	m ʊ w k͡p̚ ˧˨ ʔ s əː ˧˩ tʰ i ˧˨ ʔ
mục tiêu	m ʊ w k͡p̚ ˧˨ ʔ t i ə w ˧˧
mục từ	m ʊ w k͡p̚ ˧˨ ʔ t ɨ ˨˩
mục vụ	m ʊ w k͡p̚ ˧˨ ʔ v u ˧˨ ʔ
mục đích	m ʊ w k͡p̚ ˧˨ ʔ ʔ ɗ ï k̟̚ ˧˦
mục đích luận	m ʊ w k͡p̚ ˧˨ ʔ ʔ ɗ ï k̟̚ ˧˦ l w ə n ˧˨ ʔ
mục đồng	m ʊ w k͡p̚ ˧˨ ʔ ʔ ɗ ə w ŋ͡m ˨˩
mụn	m u n ˧˨ ʔ
mụn cám	m u n ˧˨ ʔ k aː m ˧˦
mụn nhọt	m u n ˧˨ ʔ ɲ ɔ t̚ ˧˨ ʔ
mụn rộp	m u n ˧˨ ʔ z o p̚ ˧˨ ʔ
mụp	m u p̚ ˧˨ ʔ
mụt	m u t̚ ˧˨ ʔ
mụt ruồi	m u t̚ ˧˨ ʔ z u ə j ˨˩
mủ	m u ˧˩
mủi	m u j ˧˩
mủi lòng	m u j ˧˩ l a w ŋ͡m ˨˩
mủn	m u n ˧˩
mứa	m ɨ ə ˧˦
mức	m ɨ k̚ ˧˦
mức sống	m ɨ k̚ ˧˦ s ə w ŋ͡m ˧˦
mức độ	m ɨ k̚ ˧˦ ʔ ɗ o ˧˨ ʔ
mừng	m ɨ ŋ ˨˩
mừng húm	m ɨ ŋ ˨˩ h u m ˧˦
mừng quýnh	m ɨ ŋ ˨˩ k w ï ŋ̟ ˧˦
mừng rỡ	m ɨ ŋ ˨˩ z əː ˦ˀ˥
mừng tuổi	m ɨ ŋ ˨˩ t u ə j ˧˩
mửa	m ɨ ə ˧˩
mửa mật	m ɨ ə ˧˩ m ə t̚ ˧˨ ʔ
mựa	m ɨ ə ˧˨ ʔ
mực	m ɨ k̚ ˧˨ ʔ
mực Tàu	m ɨ k̚ ˧˨ ʔ t a w ˨˩
mực dái	m ɨ k̚ ˧˨ ʔ z aː j ˧˦
mực ghim	m ɨ k̚ ˧˨ ʔ ɣ i m ˧˧
mực khổng lồ	m ɨ k̚ ˧˨ ʔ x ə w ŋ͡m ˧˩ l o ˨˩
mực kim	m ɨ k̚ ˧˨ ʔ k i m ˧˧
mực lá	m ɨ k̚ ˧˨ ʔ l aː ˧˦
mực ma	m ɨ k̚ ˧˨ ʔ m aː ˧˧
mực mai	m ɨ k̚ ˧˨ ʔ m aː j ˧˧
mực nang	m ɨ k̚ ˧˨ ʔ n aː ŋ ˧˧
mực quỷ	m ɨ k̚ ˧˨ ʔ k w i ˧˩
mực thẻ	m ɨ k̚ ˧˨ ʔ tʰ ɛ ˧˩
mực thỏi	m ɨ k̚ ˧˨ ʔ tʰ ɔ j ˧˩
mực tuộc	m ɨ k̚ ˧˨ ʔ t u ə k̚ ˧˨ ʔ
mực tàu	m ɨ k̚ ˧˨ ʔ t a w ˨˩
mực xà	m ɨ k̚ ˧˨ ʔ s aː ˨˩
mực ống	m ɨ k̚ ˧˨ ʔ ʔ ə w ŋ͡m ˧˦
na	n aː ˧˧
nail	n ɛ w ˧˧
nam	n aː m ˧˧
nan	n aː n ˧˧
nang	n aː ŋ ˧˧
nay	n a j ˧˧
nem	n ɛ m ˧˧
neon	n e ˧˧ ʔ ə w ŋ͡m ˧˧
net	n ɛ t̚ ˧˦
ngang	ŋ aː ŋ ˧˧
ngang bướng	ŋ aː ŋ ˧˧ ʔ ɓ ɨ ə ŋ ˧˦
ngang hàng	ŋ aː ŋ ˧˧ h aː ŋ ˨˩
ngang ngược	ŋ aː ŋ ˧˧ ŋ ɨ ə k̚ ˧˨ ʔ
ngang ngửa	ŋ aː ŋ ˧˧ ŋ ɨ ə ˧˩
ngang nhau	ŋ aː ŋ ˧˧ ɲ a w ˧˧
ngang nhiên	ŋ aː ŋ ˧˧ ɲ i ə n ˧˧
ngang tàng	ŋ aː ŋ ˧˧ t aː ŋ ˨˩
ngao	ŋ aː w ˧˧
ngao ngán	ŋ aː w ˧˧ ŋ aː n ˧˦
ngay	ŋ a j ˧˧
ngay cạnh	ŋ a j ˧˧ k a j ŋ̟ ˧˨ ʔ
ngay cả	ŋ a j ˧˧ k aː ˧˩
ngay lập tức	ŋ a j ˧˧ l ə p̚ ˧˨ ʔ t ɨ k̚ ˧˦
ngay ngáy	ŋ a j ˧˧ ŋ a j ˧˦
ngay ngắn	ŋ a j ˧˧ ŋ a n ˧˦
ngay thật	ŋ a j ˧˧ tʰ ə t̚ ˧˨ ʔ
ngay thẳng	ŋ a j ˧˧ tʰ a ŋ ˧˩
ngay tức thì	ŋ a j ˧˧ t ɨ k̚ ˧˦ tʰ i ˨˩
ngay và luôn	ŋ a j ˧˧ v aː ˨˩ l u ə n ˧˧
ngh	ŋ əː ˨˩ k ɛ p̚ ˧˦
nghe	ŋ ɛ ˧˧
nghe lời	ŋ ɛ ˧˧ l əː j ˨˩
nghe nói	ŋ ɛ ˧˧ n ɔ j ˧˦
nghe phong thanh	ŋ ɛ ˧˧ f a w ŋ͡m ˧˧ tʰ a j ŋ̟ ˧˧
nghe theo	ŋ ɛ ˧˧ tʰ ɛ w ˧˧
nghen	ŋ ɛ n ˧˧
nghi	ŋ i ˧˧
nghi binh	ŋ i ˧˧ ʔ ɓ ï ŋ ˧˧
nghi hoặc	ŋ i ˧˧ h w a k̚ ˧˨ ʔ
nghi kị	ŋ i ˧˧ k i ˧˨ ʔ
nghi lễ	ŋ i ˧˧ l e ˦ˀ˥
nghi ngút	ŋ i ˧˧ ŋ u t̚ ˧˦
nghi ngờ	ŋ i ˧˧ ŋ əː ˨˩
nghi phạm	ŋ i ˧˧ f aː m ˧˨ ʔ
nghi thức	ŋ i ˧˧ tʰ ɨ k̚ ˧˦
nghi tắc	ŋ i ˧˧ t a k̚ ˧˦
nghi vấn	ŋ i ˧˧ v ə n ˧˦
nghi án	ŋ i ˧˧ ʔ aː n ˧˦
nghiêm	ŋ i ə m ˧˧
nghiêm chỉnh	ŋ i ə m ˧˧ t͡ɕ ï ŋ ˧˩
nghiêm cấm	ŋ i ə m ˧˧ k ə m ˧˦
nghiêm cẩn	ŋ i ə m ˧˧ k ə n ˧˩
nghiêm khắc	ŋ i ə m ˧˧ x a k̚ ˧˦
nghiêm minh	ŋ i ə m ˧˧ m ï ŋ ˧˧
nghiêm nghị	ŋ i ə m ˧˧ ŋ i ˧˨ ʔ
nghiêm ngặt	ŋ i ə m ˧˧ ŋ a t̚ ˧˨ ʔ
nghiêm trang	ŋ i ə m ˧˧ t͡ɕ aː ŋ ˧˧
nghiêm trị	ŋ i ə m ˧˧ t͡ɕ i ˧˨ ʔ
nghiêm trọng	ŋ i ə m ˧˧ t͡ɕ a w ŋ͡m ˧˨ ʔ
nghiêm túc	ŋ i ə m ˧˧ t ʊ w k͡p̚ ˧˦
nghiêm đường	ŋ i ə m ˧˧ ʔ ɗ ɨ ə ŋ ˨˩
nghiên	ŋ i ə n ˧˧
nghiên cứu	ŋ i ə n ˧˧ k i w ˧˦
nghiên cứu sinh	ŋ i ə n ˧˧ k i w ˧˦ s ï ŋ ˧˧
nghiêng	ŋ i ə ŋ ˧˧
nghiêng nghiêng	ŋ i ə ŋ ˧˧ ŋ i ə ŋ ˧˧
nghiêng nước nghiêng thành	ŋ i ə ŋ ˧˧ n ɨ ə k̚ ˧˦ ŋ i ə ŋ ˧˧ tʰ a j ŋ̟ ˨˩
nghiêu khê	ŋ i ə w ˧˧ x e ˧˧
nghiến	ŋ i ə n ˧˦
nghiền	ŋ i ə n ˨˩
nghiền ngẫm	ŋ i ə n ˨˩ ŋ ə m ˦ˀ˥
nghiễm nhiên	ŋ i ə m ˦ˀ˥ ɲ i ə n ˧˧
nghiệm	ŋ i ə m ˧˨ ʔ
nghiệm thu	ŋ i ə m ˧˨ ʔ tʰ u ˧˧
nghiện	ŋ i ə n ˧˨ ʔ
nghiện ngập	ŋ i ə n ˧˨ ʔ ŋ ə p̚ ˧˨ ʔ
nghiệp	ŋ i ə p̚ ˧˨ ʔ
nghiệp dư	ŋ i ə p̚ ˧˨ ʔ z ɨ ˧˧
nghiệp quật	ŋ i ə p̚ ˧˨ ʔ k w ə t̚ ˧˨ ʔ
nghiệp vụ	ŋ i ə p̚ ˧˨ ʔ v u ˧˨ ʔ
nghiệt	ŋ i ə t̚ ˧˨ ʔ
nghiệt chướng	ŋ i ə t̚ ˧˨ ʔ t͡ɕ ɨ ə ŋ ˧˦
nghiệt chủng	ŋ i ə t̚ ˧˨ ʔ t͡ɕ ʊ w ŋ͡m ˧˩
nghiệt ngã	ŋ i ə t̚ ˧˨ ʔ ŋ aː ˦ˀ˥
nghè	ŋ ɛ ˨˩
nghèo	ŋ ɛ w ˨˩
nghèo hèn	ŋ ɛ w ˨˩ h ɛ n ˨˩
nghèo khó	ŋ ɛ w ˨˩ x ɔ ˧˦
nghèo khổ	ŋ ɛ w ˨˩ x o ˧˩
nghèo nàn	ŋ ɛ w ˨˩ n aː n ˨˩
nghèo rớt mồng tơi	ŋ ɛ w ˨˩ z əː t̚ ˧˦ m ə w ŋ͡m ˨˩ t əː j ˧˧
nghèo đói	ŋ ɛ w ˨˩ ʔ ɗ ɔ j ˧˦
nghé	ŋ ɛ ˧˦
nghé ọ	ŋ ɛ ˧˦ ʔ ɔ ˧˨ ʔ
nghén	ŋ ɛ n ˧˦
nghê	ŋ e ˧˧
nghênh	ŋ ə j ŋ̟ ˧˧
nghênh ngang	ŋ ə j ŋ̟ ˧˧ ŋ aː ŋ ˧˧
nghênh xuân	ŋ ə j ŋ̟ ˧˧ s w ə n ˧˧
nghênh đón	ŋ ə j ŋ̟ ˧˧ ʔ ɗ ɔ n ˧˦
nghêu	ŋ e w ˧˧
nghêu ngao	ŋ e w ˧˧ ŋ aː w ˧˧
nghì	ŋ i ˨˩
nghìn	ŋ i n ˨˩
nghìn thu	ŋ i n ˨˩ tʰ u ˧˧
nghìn xưa	ŋ i n ˨˩ s ɨ ə ˧˧
nghí	ŋ i ˧˦
nghí ngoáy	ŋ i ˧˦ ŋ w a j ˧˦
nghía	ŋ i ə ˧˦
nghĩ	ŋ i ˦ˀ˥
nghĩ lại	ŋ i ˦ˀ˥ l aː j ˧˨ ʔ
nghĩ ngợi	ŋ i ˦ˀ˥ ŋ əː j ˧˨ ʔ
nghĩ ra	ŋ i ˦ˀ˥ z aː ˧˧
nghĩ sao	ŋ i ˦ˀ˥ s aː w ˧˧
nghĩ tới	ŋ i ˦ˀ˥ t əː j ˧˦
nghĩ đến	ŋ i ˦ˀ˥ ʔ ɗ e n ˧˦
nghĩa	ŋ i ə ˦ˀ˥
nghĩa bóng	ŋ i ə ˦ˀ˥ ʔ ɓ a w ŋ͡m ˧˦
nghĩa dũng	ŋ i ə ˦ˀ˥ z ʊ w ŋ͡m ˦ˀ˥
nghĩa hiệp	ŋ i ə ˦ˀ˥ h i ə p̚ ˧˨ ʔ
nghĩa huynh	ŋ i ə ˦ˀ˥ h w ï ŋ̟ ˧˧
nghĩa lí	ŋ i ə ˦ˀ˥ l i ˧˦
nghĩa mẹ	ŋ i ə ˦ˀ˥ m ɛ ˧˨ ʔ
nghĩa phụ	ŋ i ə ˦ˀ˥ f u ˧˨ ʔ
nghĩa quân	ŋ i ə ˦ˀ˥ k w ə n ˧˧
nghĩa rộng	ŋ i ə ˦ˀ˥ z ə w ŋ͡m ˧˨ ʔ
nghĩa sĩ	ŋ i ə ˦ˀ˥ s i ˦ˀ˥
nghĩa trang	ŋ i ə ˦ˀ˥ t͡ɕ aː ŋ ˧˧
nghĩa vụ	ŋ i ə ˦ˀ˥ v u ˧˨ ʔ
nghĩa vụ luận	ŋ i ə ˦ˀ˥ v u ˧˨ ʔ l w ə n ˧˨ ʔ
nghĩa vụ quân sự	ŋ i ə ˦ˀ˥ v u ˧˨ ʔ k w ə n ˧˧ s ɨ ˧˨ ʔ
nghĩa đen	ŋ i ə ˦ˀ˥ ʔ ɗ ɛ n ˧˧
nghĩa đệ	ŋ i ə ˦ˀ˥ ʔ ɗ e ˧˨ ʔ
nghĩa địa	ŋ i ə ˦ˀ˥ ʔ ɗ i ə ˧˨ ʔ
nghẹ	ŋ ɛ ˧˨ ʔ
nghẹn	ŋ ɛ n ˧˨ ʔ
nghẹn ngào	ŋ ɛ n ˧˨ ʔ ŋ aː w ˨˩
nghẹo	ŋ ɛ w ˧˨ ʔ
nghẹt	ŋ ɛ t̚ ˧˨ ʔ
nghẹt mũi	ŋ ɛ t̚ ˧˨ ʔ m u j ˦ˀ˥
nghẽn	ŋ ɛ n ˦ˀ˥
nghẽn tắc	ŋ ɛ n ˦ˀ˥ t a k̚ ˧˦
nghếch	ŋ ə j k̟̚ ˧˦
nghếch ngác	ŋ ə j k̟̚ ˧˦ ŋ aː k̚ ˧˦
nghề	ŋ e ˨˩
nghề của chàng	ŋ e ˨˩ k u ə ˧˩ t͡ɕ aː ŋ ˨˩
nghề của nàng	ŋ e ˨˩ k u ə ˧˩ n aː ŋ ˨˩
nghề nghiệp	ŋ e ˨˩ ŋ i ə p̚ ˧˨ ʔ
nghề ngỗng	ŋ e ˨˩ ŋ ə w ŋ͡m ˦ˀ˥
nghề tay trái	ŋ e ˨˩ t a j ˧˧ t͡ɕ aː j ˧˦
nghển	ŋ e n ˧˩
nghễ	ŋ e ˦ˀ˥
nghệ	ŋ e ˧˨ ʔ
nghệ danh	ŋ e ˧˨ ʔ z a j ŋ̟ ˧˧
nghệ nhân	ŋ e ˧˨ ʔ ɲ ə n ˧˧
nghệ sĩ	ŋ e ˧˨ ʔ s i ˦ˀ˥
nghệ sĩ nhân dân	ŋ e ˧˨ ʔ s i ˦ˀ˥ ɲ ə n ˧˧ z ə n ˧˧
nghệ sĩ ưu tú	ŋ e ˧˨ ʔ s i ˦ˀ˥ ʔ i w ˧˧ t u ˧˦
nghệ thuật	ŋ e ˧˨ ʔ tʰ w ə t̚ ˧˨ ʔ
nghệ thuật vị nhân sinh	ŋ e ˧˨ ʔ tʰ w ə t̚ ˧˨ ʔ v i ˧˨ ʔ ɲ ə n ˧˧ s ï ŋ ˧˧
nghệ thuật ẩm thực	ŋ e ˧˨ ʔ tʰ w ə t̚ ˧˨ ʔ ʔ ə m ˧˩ tʰ ɨ k̚ ˧˨ ʔ
nghệ tây	ŋ e ˧˨ ʔ t ə j ˧˧
nghệt	ŋ e t̚ ˧˨ ʔ
nghỉ	ŋ i ˧˩
nghỉ dưỡng	ŋ i ˧˩ z ɨ ə ŋ ˦ˀ˥
nghỉ hè	ŋ i ˧˩ h ɛ ˨˩
nghỉ hưu	ŋ i ˧˩ h i w ˧˧
nghỉ lễ	ŋ i ˧˩ l e ˦ˀ˥
nghỉ mát	ŋ i ˧˩ m aː t̚ ˧˦
nghỉ ngơi	ŋ i ˧˩ ŋ əː j ˧˧
nghỉ phép	ŋ i ˧˩ f ɛ p̚ ˧˦
nghỉ việc	ŋ i ˧˩ v i ə k̚ ˧˨ ʔ
nghị	ŋ i ˧˨ ʔ
nghị luận	ŋ i ˧˨ ʔ l w ə n ˧˨ ʔ
nghị lực	ŋ i ˧˨ ʔ l ɨ k̚ ˧˨ ʔ
nghị quyết	ŋ i ˧˨ ʔ k w i ə t̚ ˧˦
nghị sĩ	ŋ i ˧˨ ʔ s i ˦ˀ˥
nghị sự	ŋ i ˧˨ ʔ s ɨ ˧˨ ʔ
nghị trình	ŋ i ˧˨ ʔ t͡ɕ ï ŋ ˨˩
nghị trường	ŋ i ˧˨ ʔ t͡ɕ ɨ ə ŋ ˨˩
nghị viên	ŋ i ˧˨ ʔ v i ə n ˧˧
nghị viện	ŋ i ˧˨ ʔ v i ə n ˧˨ ʔ
nghị án	ŋ i ˧˨ ʔ ʔ aː n ˧˦
nghị định	ŋ i ˧˨ ʔ ʔ ɗ ï ŋ ˧˨ ʔ
nghị định thư	ŋ i ˧˨ ʔ ʔ ɗ ï ŋ ˧˨ ʔ tʰ ɨ ˧˧
nghịch	ŋ ï k̟̚ ˧˨ ʔ
nghịch biến	ŋ ï k̟̚ ˧˨ ʔ ʔ ɓ i ə n ˧˦
nghịch cảnh	ŋ ï k̟̚ ˧˨ ʔ k a j ŋ̟ ˧˩
nghịch lí	ŋ ï k̟̚ ˧˨ ʔ l i ˧˦
nghịch ngợm	ŋ ï k̟̚ ˧˨ ʔ ŋ əː m ˧˨ ʔ
nghịch nhĩ	ŋ ï k̟̚ ˧˨ ʔ ɲ i ˦ˀ˥
nghịch tử	ŋ ï k̟̚ ˧˨ ʔ t ɨ ˧˩
nghịch đảo	ŋ ï k̟̚ ˧˨ ʔ ʔ ɗ aː w ˧˩
nghịt	ŋ i t̚ ˧˨ ʔ
ngoa	ŋ w aː ˧˧
ngoan	ŋ w aː n ˧˧
ngoan cường	ŋ w aː n ˧˧ k ɨ ə ŋ ˨˩
ngoan cố	ŋ w aː n ˧˧ k o ˧˦
ngoan ngoãn	ŋ w aː n ˧˧ ŋ w aː n ˦ˀ˥
ngoe nguẩy	ŋ w ɛ ˧˧ ŋ w ə j ˧˩
ngoi	ŋ ɔ j ˧˧
ngon	ŋ ɔ n ˧˧
ngon giấc	ŋ ɔ n ˧˧ z ə k̚ ˧˦
ngon lành	ŋ ɔ n ˧˧ l a j ŋ̟ ˨˩
ngon miệng	ŋ ɔ n ˧˧ m i ə ŋ ˧˨ ʔ
ngon mắt	ŋ ɔ n ˧˧ m a t̚ ˧˦
ngon ngọt	ŋ ɔ n ˧˧ ŋ ɔ t̚ ˧˨ ʔ
ngon ăn	ŋ ɔ n ˧˧ ʔ a n ˧˧
ngoài	ŋ w aː j ˨˩
ngoài cuộc	ŋ w aː j ˨˩ k u ə k̚ ˧˨ ʔ
ngoài cùng	ŋ w aː j ˨˩ k ʊ w ŋ͡m ˨˩
ngoài giá thú	ŋ w aː j ˨˩ z aː ˧˦ tʰ u ˧˦
ngoài ra	ŋ w aː j ˨˩ z aː ˧˧
ngoài trời	ŋ w aː j ˨˩ t͡ɕ əː j ˨˩
ngoái	ŋ w aː j ˧˦
ngoáo ộp	ŋ w aː w ˧˦ ʔ o p̚ ˧˨ ʔ
ngoáy	ŋ w a j ˧˦
ngoé	ŋ w ɛ ˧˦
ngoém	ŋ w ɛ m ˧˦
ngoại	ŋ w aː j ˧˨ ʔ
ngoại bang	ŋ w aː j ˧˨ ʔ ʔ ɓ aː ŋ ˧˧
ngoại bào	ŋ w aː j ˧˨ ʔ ʔ ɓ aː w ˨˩
ngoại cảnh	ŋ w aː j ˧˨ ʔ k a j ŋ̟ ˧˩
ngoại giao	ŋ w aː j ˧˨ ʔ z aː w ˧˧
ngoại giao bẫy nợ	ŋ w aː j ˧˨ ʔ z aː w ˧˧ ʔ ɓ ə j ˦ˀ˥ n əː ˧˨ ʔ
ngoại giao cây tre	ŋ w aː j ˧˨ ʔ z aː w ˧˧ k ə j ˧˧ t͡ɕ ɛ ˧˧
ngoại giới	ŋ w aː j ˧˨ ʔ z əː j ˧˦
ngoại hình	ŋ w aː j ˧˨ ʔ h ï ŋ ˨˩
ngoại hạng	ŋ w aː j ˧˨ ʔ h aː ŋ ˧˨ ʔ
ngoại hối	ŋ w aː j ˧˨ ʔ h o j ˧˦
ngoại khoa	ŋ w aː j ˧˨ ʔ x w aː ˧˧
ngoại khoá	ŋ w aː j ˧˨ ʔ x w aː ˧˦
ngoại kỉ	ŋ w aː j ˧˨ ʔ k i ˧˩
ngoại lai	ŋ w aː j ˧˨ ʔ l aː j ˧˧
ngoại lệ	ŋ w aː j ˧˨ ʔ l e ˧˨ ʔ
ngoại ngữ	ŋ w aː j ˧˨ ʔ ŋ ɨ ˦ˀ˥
ngoại quốc	ŋ w aː j ˧˨ ʔ k u ə k̚ ˧˦
ngoại sinh	ŋ w aː j ˧˨ ʔ s ï ŋ ˧˧
ngoại sử	ŋ w aː j ˧˨ ʔ s ɨ ˧˩
ngoại thành	ŋ w aː j ˧˨ ʔ tʰ a j ŋ̟ ˨˩
ngoại thương	ŋ w aː j ˧˨ ʔ tʰ ɨ ə ŋ ˧˧
ngoại thất	ŋ w aː j ˧˨ ʔ tʰ ə t̚ ˧˦
ngoại tiếp	ŋ w aː j ˧˨ ʔ t i ə p̚ ˧˦
ngoại truyện	ŋ w aː j ˧˨ ʔ t͡ɕ w i ə n ˧˨ ʔ
ngoại trú	ŋ w aː j ˧˨ ʔ t͡ɕ u ˧˦
ngoại trưởng	ŋ w aː j ˧˨ ʔ t͡ɕ ɨ ə ŋ ˧˩
ngoại trừ	ŋ w aː j ˧˨ ʔ t͡ɕ ɨ ˨˩
ngoại tuyến	ŋ w aː j ˧˨ ʔ t w i ə n ˧˦
ngoại tình	ŋ w aː j ˧˨ ʔ t ï ŋ ˨˩
ngoại tệ	ŋ w aː j ˧˨ ʔ t e ˧˨ ʔ
ngoại viện	ŋ w aː j ˧˨ ʔ v i ə n ˧˨ ʔ
ngoại vụ	ŋ w aː j ˧˨ ʔ v u ˧˨ ʔ
ngoại xâm	ŋ w aː j ˧˨ ʔ s ə m ˧˧
ngoại ô	ŋ w aː j ˧˨ ʔ ʔ o ˧˧
ngoại đạo	ŋ w aː j ˧˨ ʔ ʔ ɗ aː w ˧˨ ʔ
ngoại độc tố	ŋ w aː j ˧˨ ʔ ʔ ɗ ə w k͡p̚ ˧˨ ʔ t o ˧˦
ngoại động từ	ŋ w aː j ˧˨ ʔ ʔ ɗ ə w ŋ͡m ˧˨ ʔ t ɨ ˨˩
ngoạm	ŋ w aː m ˧˨ ʔ
ngoạn	ŋ w aː n ˧˨ ʔ
ngoạn mục	ŋ w aː n ˧˨ ʔ m ʊ w k͡p̚ ˧˨ ʔ
ngoạt	ŋ w aː t̚ ˧˨ ʔ
ngoải	ŋ w aː j ˧˩
ngoảnh	ŋ w a j ŋ̟ ˧˩
ngoảnh đi ngoảnh lại	ŋ w a j ŋ̟ ˧˩ ʔ ɗ i ˧˧ ŋ w a j ŋ̟ ˧˩ l aː j ˧˨ ʔ
ngoảy	ŋ w a j ˧˩
ngoắc	ŋ w a k̚ ˧˦
ngoắt	ŋ w a t̚ ˧˦
ngoắt ngoéo	ŋ w a t̚ ˧˦ ŋ w ɛ w ˧˦
ngoằn ngoèo	ŋ w a n ˨˩ ŋ w ɛ w ˨˩
ngoặc	ŋ w a k̚ ˧˨ ʔ
ngoặc kép	ŋ w a k̚ ˧˨ ʔ k ɛ p̚ ˧˦
ngoặc vuông	ŋ w a k̚ ˧˨ ʔ v u ə ŋ ˧˧
ngoặc đơn	ŋ w a k̚ ˧˨ ʔ ʔ ɗ əː n ˧˧
ngoặt	ŋ w a t̚ ˧˨ ʔ
ngoẹo	ŋ w ɛ w ˧˨ ʔ
ngu	ŋ u ˧˧
ngu dân	ŋ u ˧˧ z ə n ˧˧
ngu muội	ŋ u ˧˧ m u ə j ˧˨ ʔ
ngu ngốc	ŋ u ˧˧ ŋ ə w k͡p̚ ˧˦
ngu si	ŋ u ˧˧ s i ˧˧
ngu xuẩn	ŋ u ˧˧ s w ə n ˧˩
ngu đần	ŋ u ˧˧ ʔ ɗ ə n ˨˩
nguy	ŋ w i ˧˧
nguy cơ	ŋ w i ˧˧ k əː ˧˧
nguy cấp	ŋ w i ˧˧ k ə p̚ ˧˦
nguy hiểm	ŋ w i ˧˧ h i ə m ˧˩
nguy hại	ŋ w i ˧˧ h aː j ˧˨ ʔ
nguy kịch	ŋ w i ˧˧ k ï k̟̚ ˧˨ ʔ
nguy nga	ŋ w i ˧˧ ŋ aː ˧˧
nguy ngập	ŋ w i ˧˧ ŋ ə p̚ ˧˨ ʔ
nguyên	ŋ w i ə n ˧˧
nguyên bản	ŋ w i ə n ˧˧ ʔ ɓ aː n ˧˩
nguyên chất	ŋ w i ə n ˧˧ t͡ɕ ə t̚ ˧˦
nguyên cám	ŋ w i ə n ˧˧ k aː m ˧˦
nguyên cáo	ŋ w i ə n ˧˧ k aː w ˧˦
nguyên cớ	ŋ w i ə n ˧˧ k əː ˧˦
nguyên do	ŋ w i ə n ˧˧ z ɔ ˧˧
nguyên hàm	ŋ w i ə n ˧˧ h aː m ˨˩
nguyên hình	ŋ w i ə n ˧˧ h ï ŋ ˨˩
nguyên âm	ŋ w i ə n ˧˧ ʔ ə m ˧˧
nguyên âm đôi	ŋ w i ə n ˧˧ ʔ ə m ˧˧ ʔ ɗ o j ˧˧
nguyên âm đơn	ŋ w i ə n ˧˧ ʔ ə m ˧˧ ʔ ɗ əː n ˧˧
nguyên đán	ŋ w i ə n ˧˧ ʔ ɗ aː n ˧˦
nguyên đơn	ŋ w i ə n ˧˧ ʔ ɗ əː n ˧˧
nguôi	ŋ u ə j ˧˧
nguệch ngoạc	ŋ w ə j k̟̚ ˧˨ ʔ ŋ w aː k̚ ˧˨ ʔ
nguồn	ŋ u ə n ˨˩
nguồn cơn	ŋ u ə n ˨˩ k əː n ˧˧
nguồn cội	ŋ u ə n ˨˩ k o j ˧˨ ʔ
nguồn gốc	ŋ u ə n ˨˩ ɣ ə w k͡p̚ ˧˦
nguồn lực	ŋ u ə n ˨˩ l ɨ k̚ ˧˨ ʔ
nguồn mở	ŋ u ə n ˨˩ m əː ˧˩
nguội	ŋ u ə j ˧˨ ʔ
nguỵ	ŋ w i ˧˨ ʔ
nguỵ biện	ŋ w i ˧˨ ʔ ʔ ɓ i ə n ˧˨ ʔ
nguỵ khoa học	ŋ w i ˧˨ ʔ x w aː ˧˧ h a w k͡p̚ ˧˨ ʔ
nguỵ quân tử	ŋ w i ˧˨ ʔ k w ə n ˧˧ t ɨ ˧˩
nguỵ trang	ŋ w i ˧˨ ʔ t͡ɕ aː ŋ ˧˧
nguỵ tạo	ŋ w i ˧˨ ʔ t aː w ˧˨ ʔ
nguỵ đời	ŋ w i ˧˨ ʔ ʔ ɗ əː j ˨˩
ngàn xưa	ŋ aː n ˨˩ s ɨ ə ˧˧
ngành	ŋ a j ŋ̟ ˨˩
ngành nghề	ŋ a j ŋ̟ ˨˩ ŋ e ˨˩
ngào	ŋ aː w ˨˩
ngào ngạt	ŋ aː w ˨˩ ŋ aː t̚ ˧˨ ʔ
ngày	ŋ a j ˨˩
ngày Tết	ŋ a j ˨˩ t e t̚ ˧˦
ngày càng	ŋ a j ˨˩ k aː ŋ ˨˩
ngày hôm nay	ŋ a j ˨˩ h o m ˧˧ n a j ˧˧
ngày kia	ŋ a j ˨˩ k i ə ˧˧
ngày lễ	ŋ a j ˨˩ l e ˦ˀ˥
ngày mai	ŋ a j ˨˩ m aː j ˧˧
ngày mốt	ŋ a j ˨˩ m o t̚ ˧˦
ngày nay	ŋ a j ˨˩ n a j ˧˧
ngày nghỉ	ŋ a j ˨˩ ŋ i ˧˩
ngày ngày	ŋ a j ˨˩ ŋ a j ˨˩
ngày nảy ngày nay	ŋ a j ˨˩ n a j ˧˩ ŋ a j ˨˩ n a j ˧˧
ngày rày	ŋ a j ˨˩ z a j ˨˩
ngày sinh	ŋ a j ˨˩ s ï ŋ ˧˧
ngày sinh tháng đẻ	ŋ a j ˨˩ s ï ŋ ˧˧ tʰ aː ŋ ˧˦ ʔ ɗ ɛ ˧˩
ngày tháng	ŋ a j ˨˩ tʰ aː ŋ ˧˦
ngày thường	ŋ a j ˨˩ tʰ ɨ ə ŋ ˨˩
ngày xưa	ŋ a j ˨˩ s ɨ ə ˧˧
ngày xửa ngày xưa	ŋ a j ˨˩ s ɨ ə ˧˩ ŋ a j ˨˩ s ɨ ə ˧˧
ngán	ŋ aː n ˧˦
ngán ngẩm	ŋ aː n ˧˦ ŋ ə m ˧˩
ngáng	ŋ aː ŋ ˧˦
ngáo	ŋ aː w ˧˦
ngáo đá	ŋ aː w ˧˦ ʔ ɗ aː ˧˦
ngáp	ŋ aː p̚ ˧˦
ngáp ngắn ngáp dài	ŋ aː p̚ ˧˦ ŋ a n ˧˦ ŋ aː p̚ ˧˦ z aː j ˨˩
ngát	ŋ aː t̚ ˧˦
ngáy	ŋ a j ˧˦
ngâm	ŋ ə m ˧˧
ngâm nga	ŋ ə m ˧˧ ŋ aː ˧˧
ngâm ngợi	ŋ ə m ˧˧ ŋ əː j ˧˨ ʔ
ngâm vịnh	ŋ ə m ˧˧ v ï ŋ ˧˨ ʔ
ngân	ŋ ə n ˧˧
ngân bản vị	ŋ ə n ˧˧ ʔ ɓ aː n ˧˩ v i ˧˨ ʔ
ngân hàng	ŋ ə n ˧˧ h aː ŋ ˨˩
ngân khoản	ŋ ə n ˧˧ x w aː n ˧˩
ngân khố	ŋ ə n ˧˧ x o ˧˦
ngân nga	ŋ ə n ˧˧ ŋ aː ˧˧
ngân phiếu	ŋ ə n ˧˧ f i ə w ˧˦
ngân quỹ	ŋ ə n ˧˧ k w i ˦ˀ˥
ngân sách	ŋ ə n ˧˧ s a j k̟̚ ˧˦
ngâu	ŋ ə w ˧˧
ngây	ŋ ə j ˧˧
ngây dại	ŋ ə j ˧˧ z aː j ˧˨ ʔ
ngây ngô	ŋ ə j ˧˧ ŋ o ˧˧
ngây thơ	ŋ ə j ˧˧ tʰ əː ˧˧
ngây thơ như con cầy tơ	ŋ ə j ˧˧ tʰ əː ˧˧ ɲ ɨ ˧˧ k ɔ n ˧˧ k ə j ˨˩ t əː ˧˧
ngò	ŋ ɔ ˨˩
ngò gai	ŋ ɔ ˨˩ ɣ aː j ˧˧
ngò om	ŋ ɔ ˨˩ ʔ ɔ m ˧˧
ngò rí	ŋ ɔ ˨˩ z i ˧˦
ngò ôm	ŋ ɔ ˨˩ ʔ o m ˧˧
ngòi	ŋ ɔ j ˨˩
ngòi bút	ŋ ɔ j ˨˩ ʔ ɓ u t̚ ˧˦
ngòi nổ	ŋ ɔ j ˨˩ n o ˧˩
ngó	ŋ ɔ ˧˦
ngó ngàng	ŋ ɔ ˧˦ ŋ aː ŋ ˨˩
ngóc	ŋ a w k͡p̚ ˧˦
ngóc ngách	ŋ a w k͡p̚ ˧˦ ŋ a j k̟̚ ˧˦
ngói	ŋ ɔ j ˧˦
ngón	ŋ ɔ n ˧˦
ngón chân	ŋ ɔ n ˧˦ t͡ɕ ə n ˧˧
ngón cái	ŋ ɔ n ˧˦ k aː j ˧˦
ngón giữa	ŋ ɔ n ˧˦ z ɨ ə ˦ˀ˥
ngón tay	ŋ ɔ n ˧˦ t a j ˧˧
ngón tay cái	ŋ ɔ n ˧˦ t a j ˧˧ k aː j ˧˦
ngón tay thối	ŋ ɔ n ˧˦ t a j ˧˧ tʰ o j ˧˦
ngón tay trỏ	ŋ ɔ n ˧˦ t a j ˧˧ t͡ɕ ɔ ˧˩
ngón trỏ	ŋ ɔ n ˧˦ t͡ɕ ɔ ˧˩
ngón áp út	ŋ ɔ n ˧˦ ʔ aː p̚ ˧˦ ʔ u t̚ ˧˦
ngón út	ŋ ɔ n ˧˦ ʔ u t̚ ˧˦
ngóng	ŋ a w ŋ͡m ˧˦
ngóng đợi	ŋ a w ŋ͡m ˧˦ ʔ ɗ əː j ˧˨ ʔ
ngót	ŋ ɔ t̚ ˧˦
ngót nghét	ŋ ɔ t̚ ˧˦ ŋ ɛ t̚ ˧˦
ngô	ŋ o ˧˧
ngô nghê	ŋ o ˧˧ ŋ e ˧˧
ngô đồng	ŋ o ˧˧ ʔ ɗ ə w ŋ͡m ˨˩
ngôi	ŋ o j ˧˧
ngôi vị	ŋ o j ˧˧ v i ˧˨ ʔ
ngôn	ŋ o n ˧˧
ngôn luận	ŋ o n ˧˧ l w ə n ˧˨ ʔ
ngôn lù	ŋ o n ˧˧ l u ˨˩
ngôn ngữ	ŋ o n ˧˧ ŋ ɨ ˦ˀ˥
ngôn ngữ hình thể	ŋ o n ˧˧ ŋ ɨ ˦ˀ˥ h ï ŋ ˨˩ tʰ e ˧˩
ngôn ngữ học	ŋ o n ˧˧ ŋ ɨ ˦ˀ˥ h a w k͡p̚ ˧˨ ʔ
ngôn ngữ lập trình	ŋ o n ˧˧ ŋ ɨ ˦ˀ˥ l ə p̚ ˧˨ ʔ t͡ɕ ï ŋ ˨˩
ngôn ngữ tự nhiên	ŋ o n ˧˧ ŋ ɨ ˦ˀ˥ t ɨ ˧˨ ʔ ɲ i ə n ˧˧
ngôn tình	ŋ o n ˧˧ t ï ŋ ˨˩
ngôn từ	ŋ o n ˧˧ t ɨ ˨˩
ngông	ŋ ə w ŋ͡m ˧˧
ngông cuồng	ŋ ə w ŋ͡m ˧˧ k u ə ŋ ˨˩
ngõ	ŋ ɔ ˦ˀ˥
ngõ cụt	ŋ ɔ ˦ˀ˥ k u t̚ ˧˨ ʔ
ngõ hẻm	ŋ ɔ ˦ˀ˥ h ɛ m ˧˩
ngõi	ŋ ɔ j ˦ˀ˥
ngù	ŋ u ˨˩
ngùi	ŋ u j ˨˩
ngùn ngụt	ŋ u n ˨˩ ŋ u t̚ ˧˨ ʔ
ngúc	ŋ ʊ w k͡p̚ ˧˦
ngúc ngoắc	ŋ ʊ w k͡p̚ ˧˦ ŋ w a k̚ ˧˦
ngúc ngắc	ŋ ʊ w k͡p̚ ˧˦ ŋ a k̚ ˧˦
ngút ngàn	ŋ u t̚ ˧˦ ŋ aː n ˨˩
ngăm	ŋ a m ˧˧
ngăn	ŋ a n ˧˧
ngăn chặn	ŋ a n ˧˧ t͡ɕ a n ˧˨ ʔ
ngăn cách	ŋ a n ˧˧ k a j k̟̚ ˧˦
ngăn cản	ŋ a n ˧˧ k aː n ˧˩
ngăn cấm	ŋ a n ˧˧ k ə m ˧˦
ngăn kéo	ŋ a n ˧˧ k ɛ w ˧˦
ngăn ngừa	ŋ a n ˧˧ ŋ ɨ ə ˨˩
ngăn nắp	ŋ a n ˧˧ n a p̚ ˧˦
ngũ	ŋ u ˦ˀ˥
ngũ cung	ŋ u ˦ˀ˥ k ʊ w ŋ͡m ˧˧
ngũ cốc	ŋ u ˦ˀ˥ k ə w k͡p̚ ˧˦
ngũ cốc nguyên cám	ŋ u ˦ˀ˥ k ə w k͡p̚ ˧˦ ŋ w i ə n ˧˧ k aː m ˧˦
ngũ gia bì	ŋ u ˦ˀ˥ z aː ˧˧ ʔ ɓ i ˨˩
ngũ giác	ŋ u ˦ˀ˥ z aː k̚ ˧˦
ngũ giới	ŋ u ˦ˀ˥ z əː j ˧˦
ngũ hành	ŋ u ˦ˀ˥ h a j ŋ̟ ˨˩
ngũ luân	ŋ u ˦ˀ˥ l w ə n ˧˧
ngũ mã phanh thây	ŋ u ˦ˀ˥ m aː ˦ˀ˥ f a j ŋ̟ ˧˧ tʰ ə j ˧˧
ngũ nghịch	ŋ u ˦ˀ˥ ŋ ï k̟̚ ˧˨ ʔ
ngũ ngôn	ŋ u ˦ˀ˥ ŋ o n ˧˧
ngũ ngôn tuyệt cú	ŋ u ˦ˀ˥ ŋ o n ˧˧ t w i ə t̚ ˧˨ ʔ k u ˧˦
ngũ ngôn tứ tuyệt	ŋ u ˦ˀ˥ ŋ o n ˧˧ t ɨ ˧˦ t w i ə t̚ ˧˨ ʔ
ngũ quan	ŋ u ˦ˀ˥ k w aː n ˧˧
ngũ quả	ŋ u ˦ˀ˥ k w aː ˧˩
ngũ sắc	ŋ u ˦ˀ˥ s a k̚ ˧˦
ngũ thường	ŋ u ˦ˀ˥ tʰ ɨ ə ŋ ˨˩
ngũ trược	ŋ u ˦ˀ˥ t͡ɕ ɨ ə k̚ ˧˨ ʔ
ngũ tạng	ŋ u ˦ˀ˥ t aː ŋ ˧˨ ʔ
ngũ uẩn	ŋ u ˦ˀ˥ ʔ w ə n ˧˩
ngũ vị hương	ŋ u ˦ˀ˥ v i ˧˨ ʔ h ɨ ə ŋ ˧˧
ngũ âm	ŋ u ˦ˀ˥ ʔ ə m ˧˧
ngũ đoản	ŋ u ˦ˀ˥ ʔ ɗ w aː n ˧˩
ngơ	ŋ əː ˧˧
ngơ ngác	ŋ əː ˧˧ ŋ aː k̚ ˧˦
ngơ ngẩn	ŋ əː ˧˧ ŋ ə n ˧˩
ngơi	ŋ əː j ˧˧
ngạn	ŋ aː n ˧˨ ʔ
ngạn ngữ	ŋ aː n ˧˨ ʔ ŋ ɨ ˦ˀ˥
ngạn nhiên	ŋ aː n ˧˨ ʔ ɲ i ə n ˧˧
ngạnh	ŋ a j ŋ̟ ˧˨ ʔ
ngạo	ŋ aː w ˧˨ ʔ
ngạo mạn	ŋ aː w ˧˨ ʔ m aː n ˧˨ ʔ
ngạo nghễ	ŋ aː w ˧˨ ʔ ŋ e ˦ˀ˥
ngạo ngạn	ŋ aː w ˧˨ ʔ ŋ aː n ˧˨ ʔ
ngạt	ŋ aː t̚ ˧˨ ʔ
ngạt thở	ŋ aː t̚ ˧˨ ʔ tʰ əː ˧˩
ngấm	ŋ ə m ˧˦
ngấm ngầm	ŋ ə m ˧˦ ŋ ə m ˨˩
ngấn	ŋ ə n ˧˦
ngấp	ŋ ə p̚ ˧˦
ngấp nghé	ŋ ə p̚ ˧˦ ŋ ɛ ˧˦
ngất	ŋ ə t̚ ˧˦
ngất ngây	ŋ ə t̚ ˧˦ ŋ ə j ˧˧
ngất xỉu	ŋ ə t̚ ˧˦ s i w ˧˩
ngấu nghiến	ŋ ə w ˧˦ ŋ i ə n ˧˦
ngấy	ŋ ə j ˧˦
ngầm	ŋ ə m ˨˩
ngần	ŋ ə n ˨˩
ngần ngại	ŋ ə n ˨˩ ŋ aː j ˧˨ ʔ
ngần ngừ	ŋ ə n ˨˩ ŋ ɨ ˨˩
ngầu	ŋ ə w ˨˩
ngầu pín	ŋ ə w ˨˩ p i n ˧˦
ngẩn	ŋ ə n ˧˩
ngẩn ngơ	ŋ ə n ˧˩ ŋ əː ˧˧
ngẩng	ŋ ə ŋ ˧˩
ngẫm	ŋ ə m ˦ˀ˥
ngẫm nghĩ	ŋ ə m ˦ˀ˥ ŋ i ˦ˀ˥
ngẫu	ŋ ə w ˦ˀ˥
ngẫu hứng	ŋ ə w ˦ˀ˥ h ɨ ŋ ˧˦
ngẫu nhiên	ŋ ə w ˦ˀ˥ ɲ i ə n ˧˧
ngẫu tượng	ŋ ə w ˦ˀ˥ t ɨ ə ŋ ˧˨ ʔ
ngậm	ŋ ə m ˧˨ ʔ
ngậm ngùi	ŋ ə m ˧˨ ʔ ŋ u j ˨˩
ngậm nước	ŋ ə m ˧˨ ʔ n ɨ ə k̚ ˧˦
ngập	ŋ ə p̚ ˧˨ ʔ
ngập ngụa	ŋ ə p̚ ˧˨ ʔ ŋ u ə ˧˨ ʔ
ngập ngừng	ŋ ə p̚ ˧˨ ʔ ŋ ɨ ŋ ˨˩
ngập tràn	ŋ ə p̚ ˧˨ ʔ t͡ɕ aː n ˨˩
ngậu sị	ŋ ə w ˧˨ ʔ s i ˧˨ ʔ
ngậy	ŋ ə j ˧˨ ʔ
ngắc	ŋ a k̚ ˧˦
ngắc ngoải	ŋ a k̚ ˧˦ ŋ w aː j ˧˩
ngắc ngư	ŋ a k̚ ˧˦ ŋ ɨ ˧˧
ngắc ngứ	ŋ a k̚ ˧˦ ŋ ɨ ˧˦
ngắm	ŋ a m ˧˦
ngắm nghía	ŋ a m ˧˦ ŋ i ə ˧˦
ngắn	ŋ a n ˧˦
ngắn gọn	ŋ a n ˧˦ ɣ ɔ n ˧˨ ʔ
ngắn hạn	ŋ a n ˧˦ h aː n ˧˨ ʔ
ngắn ngủi	ŋ a n ˧˦ ŋ u j ˧˩
ngắn ngủn	ŋ a n ˧˦ ŋ u n ˧˩
ngắt	ŋ a t̚ ˧˦
ngắt lời	ŋ a t̚ ˧˦ l əː j ˨˩
ngẳng	ŋ a ŋ ˧˩
ngặc ngừ	ŋ a k̚ ˧˨ ʔ ŋ ɨ ˨˩
ngặt	ŋ a t̚ ˧˨ ʔ
ngặt nỗi	ŋ a t̚ ˧˨ ʔ n o j ˦ˀ˥
ngọ	ŋ ɔ ˧˨ ʔ
ngọ nguậy	ŋ ɔ ˧˨ ʔ ŋ w ə j ˧˨ ʔ
ngọc	ŋ a w k͡p̚ ˧˨ ʔ
ngọc học	ŋ a w k͡p̚ ˧˨ ʔ h a w k͡p̚ ˧˨ ʔ
ngọc khấu	ŋ a w k͡p̚ ˧˨ ʔ x ə w ˧˦
ngọc lam	ŋ a w k͡p̚ ˧˨ ʔ l aː m ˧˧
ngọc lan	ŋ a w k͡p̚ ˧˨ ʔ l aː n ˧˧
ngọc lan tây	ŋ a w k͡p̚ ˧˨ ʔ l aː n ˧˧ t ə j ˧˧
ngọc lục bảo	ŋ a w k͡p̚ ˧˨ ʔ l ʊ w k͡p̚ ˧˨ ʔ ʔ ɓ aː w ˧˩
ngọc nữ	ŋ a w k͡p̚ ˧˨ ʔ n ɨ ˦ˀ˥
ngọc phả	ŋ a w k͡p̚ ˧˨ ʔ f aː ˧˩
ngọc thạch	ŋ a w k͡p̚ ˧˨ ʔ tʰ a j k̟̚ ˧˨ ʔ
ngọc trai	ŋ a w k͡p̚ ˧˨ ʔ t͡ɕ aː j ˧˧
ngọn	ŋ ɔ n ˧˨ ʔ
ngọn nguồn	ŋ ɔ n ˧˨ ʔ ŋ u ə n ˨˩
ngọn ngành	ŋ ɔ n ˧˨ ʔ ŋ a j ŋ̟ ˨˩
ngọng	ŋ a w ŋ͡m ˧˨ ʔ
ngọng nghịu	ŋ a w ŋ͡m ˧˨ ʔ ŋ i w ˧˨ ʔ
ngọt	ŋ ɔ t̚ ˧˨ ʔ
ngọt hậu	ŋ ɔ t̚ ˧˨ ʔ h ə w ˧˨ ʔ
ngọt lịm	ŋ ɔ t̚ ˧˨ ʔ l i m ˧˨ ʔ
ngọt ngào	ŋ ɔ t̚ ˧˨ ʔ ŋ aː w ˨˩
ngọt xớt	ŋ ɔ t̚ ˧˨ ʔ s əː t̚ ˧˦
ngỏ	ŋ ɔ ˧˩
ngỏ ý	ŋ ɔ ˧˩ ʔ i ˧˦
ngỏng	ŋ a w ŋ͡m ˧˩
ngố	ŋ o ˧˦
ngố tàu	ŋ o ˧˦ t a w ˨˩
ngốc	ŋ ə w k͡p̚ ˧˦
ngốc nghếch	ŋ ə w k͡p̚ ˧˦ ŋ ə j k̟̚ ˧˦
ngốn	ŋ o n ˧˦
ngốt	ŋ o t̚ ˧˦
ngồ ngộ	ŋ o ˨˩ ŋ o ˧˨ ʔ
ngồi	ŋ o j ˨˩
ngồi thụp	ŋ o j ˨˩ tʰ u p̚ ˧˨ ʔ
ngồi tù	ŋ o j ˨˩ t u ˨˩
ngồi xổm	ŋ o j ˨˩ s o m ˧˩
ngồi yên	ŋ o j ˨˩ ʔ i ə n ˧˧
ngổn ngang	ŋ o n ˧˩ ŋ aː ŋ ˧˧
ngỗ	ŋ o ˦ˀ˥
ngỗ nghịch	ŋ o ˦ˀ˥ ŋ ï k̟̚ ˧˨ ʔ
ngỗ ngược	ŋ o ˦ˀ˥ ŋ ɨ ə k̚ ˧˨ ʔ
ngỗng	ŋ ə w ŋ͡m ˦ˀ˥
ngộ	ŋ o ˧˨ ʔ
ngộ nghĩnh	ŋ o ˧˨ ʔ ŋ ï ŋ ˦ˀ˥
ngộ nhận	ŋ o ˧˨ ʔ ɲ ə n ˧˨ ʔ
ngộ ái nị	ŋ o ˧˨ ʔ ʔ aː j ˧˦ n i ˧˨ ʔ
ngộ độc	ŋ o ˧˨ ʔ ʔ ɗ ə w k͡p̚ ˧˨ ʔ
ngộ độc thực phẩm	ŋ o ˧˨ ʔ ʔ ɗ ə w k͡p̚ ˧˨ ʔ tʰ ɨ k̚ ˧˨ ʔ f ə m ˧˩
ngộp	ŋ o p̚ ˧˨ ʔ
ngột	ŋ o t̚ ˧˨ ʔ
ngột ngạt	ŋ o t̚ ˧˨ ʔ ŋ aː t̚ ˧˨ ʔ
ngớ	ŋ əː ˧˦
ngớ ngẩn	ŋ əː ˧˦ ŋ ə n ˧˩
ngớp	ŋ əː p̚ ˧˦
ngớt	ŋ əː t̚ ˧˦
ngờ	ŋ əː ˨˩
ngờ kép	ŋ əː ˨˩ k ɛ p̚ ˧˦
ngờ ngợ	ŋ əː ˨˩ ŋ əː ˧˨ ʔ
ngờ vực	ŋ əː ˨˩ v ɨ k̚ ˧˨ ʔ
ngờ đơn	ŋ əː ˨˩ ʔ ɗ əː n ˧˧
ngời	ŋ əː j ˨˩
ngời ngời	ŋ əː j ˨˩ ŋ əː j ˨˩
ngỡ	ŋ əː ˦ˀ˥
ngỡ ngàng	ŋ əː ˦ˀ˥ ŋ aː ŋ ˨˩
ngợi	ŋ əː j ˧˨ ʔ
ngợm	ŋ əː m ˧˨ ʔ
ngợp	ŋ əː p̚ ˧˨ ʔ
ngụ	ŋ u ˧˨ ʔ
ngụ cư	ŋ u ˧˨ ʔ k ɨ ˧˧
ngụ ngôn	ŋ u ˧˨ ʔ ŋ o n ˧˧
ngụ ý	ŋ u ˧˨ ʔ ʔ i ˧˦
ngục	ŋ ʊ w k͡p̚ ˧˨ ʔ
ngục thất	ŋ ʊ w k͡p̚ ˧˨ ʔ tʰ ə t̚ ˧˦
ngục tốt	ŋ ʊ w k͡p̚ ˧˨ ʔ t o t̚ ˧˦
ngụm	ŋ u m ˧˨ ʔ
ngụp	ŋ u p̚ ˧˨ ʔ
ngụy quyền	ŋ w i ˧˨ ʔ k w i ə n ˨˩
ngủ	ŋ u ˧˩
ngủ chay	ŋ u ˧˩ t͡ɕ a j ˧˧
ngủ gật	ŋ u ˧˩ ɣ ə t̚ ˧˨ ʔ
ngủ gục	ŋ u ˧˩ ɣ ʊ w k͡p̚ ˧˨ ʔ
ngủ mê	ŋ u ˧˩ m e ˧˧
ngủ ngon	ŋ u ˧˩ ŋ ɔ n ˧˧
ngủ ngày	ŋ u ˧˩ ŋ a j ˨˩
ngủ nướng	ŋ u ˧˩ n ɨ ə ŋ ˧˦
ngủ quên	ŋ u ˧˩ k w e n ˧˧
ngủ say	ŋ u ˧˩ s a j ˧˧
ngủm	ŋ u m ˧˩
ngủm củ tỏi	ŋ u m ˧˩ k u ˧˩ t ɔ j ˧˩
nhai	ɲ aː j ˧˧
nhang	ɲ aː ŋ ˧˧
nhanh	ɲ a j ŋ̟ ˧˧
nhanh chóng	ɲ a j ŋ̟ ˧˧ t͡ɕ a w ŋ͡m ˧˦
nhanh lên	ɲ a j ŋ̟ ˧˧ l e n ˧˧
nhanh nhạy	ɲ a j ŋ̟ ˧˧ ɲ a j ˧˨ ʔ
nhanh nhảu	ɲ a j ŋ̟ ˧˧ ɲ a w ˧˩
nhanh nhẹn	ɲ a j ŋ̟ ˧˧ ɲ ɛ n ˧˨ ʔ
nhanh trí	ɲ a j ŋ̟ ˧˧ t͡ɕ i ˧˦
nhao	ɲ aː w ˧˧
nhau	ɲ a w ˧˧
nhau tiền đạo	ɲ a w ˧˧ t i ə n ˨˩ ʔ ɗ aː w ˧˨ ʔ
nhi	ɲ i ˧˧
nhiếp	ɲ i ə p̚ ˧˦
nhum	ɲ u m ˧˧
nhung	ɲ ʊ w ŋ͡m ˧˧
nhung mao	ɲ ʊ w ŋ͡m ˧˧ m aː w ˧˧
nhuyễn	ɲ w i ə n ˦ˀ˥
nhuyễn thể	ɲ w i ə n ˦ˀ˥ tʰ e ˧˩
nhuôm	ɲ u ə m ˧˧
nhuốm	ɲ u ə m ˧˦
nhuộm	ɲ u ə m ˧˨ ʔ
nhuỵ	ɲ w i ˧˨ ʔ
nhà lá	ɲ aː ˨˩ l aː ˧˦
nhàn cư vi bất thiện	ɲ aː n ˨˩ k ɨ ˧˧ v i ˧˧ ʔ ɓ ə t̚ ˧˦ tʰ i ə n ˧˨ ʔ
nhàn rỗi	ɲ aː n ˨˩ z o j ˦ˀ˥
nhành	ɲ a j ŋ̟ ˨˩
nhào	ɲ aː w ˨˩
nhào lộn	ɲ aː w ˨˩ l o n ˧˨ ʔ
nhàu	ɲ a w ˨˩
nhánh	ɲ a j ŋ̟ ˧˦
nháo	ɲ aː w ˧˦
nháo nhào	ɲ aː w ˧˦ ɲ aː w ˨˩
nháo nhác	ɲ aː w ˧˦ ɲ aː k̚ ˧˦
nháp	ɲ aː p̚ ˧˦
nhát	ɲ aː t̚ ˧˦
nhát cáy	ɲ aː t̚ ˧˦ k a j ˧˦
nhát gan	ɲ aː t̚ ˧˦ ɣ aː n ˧˧
nhát gái	ɲ aː t̚ ˧˦ ɣ aː j ˧˦
nhát gừng	ɲ aː t̚ ˧˦ ɣ ɨ ŋ ˨˩
nhát ma	ɲ aː t̚ ˧˦ m aː ˧˧
nhát nhúa	ɲ aː t̚ ˧˦ ɲ u ə ˧˦
nháy	ɲ a j ˧˦
nháy nháy	ɲ a j ˧˦ ɲ a j ˧˦
nhâm nhi	ɲ ə m ˧˧ ɲ i ˧˧
nhân	ɲ ə n ˧˧
nhân bản	ɲ ə n ˧˧ ʔ ɓ aː n ˧˩
nhân chưng	ɲ ə n ˧˧ t͡ɕ ɨ ŋ ˧˧
nhân chủng học	ɲ ə n ˧˧ t͡ɕ ʊ w ŋ͡m ˧˩ h a w k͡p̚ ˧˨ ʔ
nhân chứng	ɲ ə n ˧˧ t͡ɕ ɨ ŋ ˧˦
nhân cách	ɲ ə n ˧˧ k a j k̟̚ ˧˦
nhân công	ɲ ə n ˧˧ k ə w ŋ͡m ˧˧
nhân danh	ɲ ə n ˧˧ z a j ŋ̟ ˧˧
nhân duyên	ɲ ə n ˧˧ z w i ə n ˧˧
nhân dân	ɲ ə n ˧˧ z ə n ˧˧
nhân dân tệ	ɲ ə n ˧˧ z ə n ˧˧ t e ˧˨ ʔ
nhân dịp	ɲ ə n ˧˧ z i p̚ ˧˨ ʔ
nhân dục	ɲ ə n ˧˧ z ʊ w k͡p̚ ˧˨ ʔ
nhân gian	ɲ ə n ˧˧ z aː n ˧˧
nhân giả	ɲ ə n ˧˧ z aː ˧˩
nhân giống	ɲ ə n ˧˧ z ə w ŋ͡m ˧˦
nhân hoà	ɲ ə n ˧˧ h w aː ˨˩
nhân hoá	ɲ ə n ˧˧ h w aː ˧˦
nhân hậu	ɲ ə n ˧˧ h ə w ˧˨ ʔ
nhân khẩu	ɲ ə n ˧˧ x ə w ˧˩
nhân khẩu học	ɲ ə n ˧˧ x ə w ˧˩ h a w k͡p̚ ˧˨ ʔ
nhân loại	ɲ ə n ˧˧ l w aː j ˧˨ ʔ
nhân loại học	ɲ ə n ˧˧ l w aː j ˧˨ ʔ h a w k͡p̚ ˧˨ ʔ
nhân lực	ɲ ə n ˧˧ l ɨ k̚ ˧˨ ʔ
nhân mã	ɲ ə n ˧˧ m aː ˦ˀ˥
nhân nghĩa	ɲ ə n ˧˧ ŋ i ə ˦ˀ˥
nhân ngư	ɲ ə n ˧˧ ŋ ɨ ˧˧
nhân nhượng	ɲ ə n ˧˧ ɲ ɨ ə ŋ ˧˨ ʔ
nhân phẩm	ɲ ə n ˧˧ f ə m ˧˩
nhân quyền	ɲ ə n ˧˧ k w i ə n ˨˩
nhân quả	ɲ ə n ˧˧ k w aː ˧˩
nhân quả báo ứng	ɲ ə n ˧˧ k w aː ˧˩ ʔ ɓ aː w ˧˦ ʔ ɨ ŋ ˧˦
nhân sinh	ɲ ə n ˧˧ s ï ŋ ˧˧
nhân sinh quan	ɲ ə n ˧˧ s ï ŋ ˧˧ k w aː n ˧˧
nhân sâm	ɲ ə n ˧˧ s ə m ˧˧
nhân sơ	ɲ ə n ˧˧ s əː ˧˧
nhân sư	ɲ ə n ˧˧ s ɨ ˧˧
nhân sự	ɲ ə n ˧˧ s ɨ ˧˨ ʔ
nhân tai	ɲ ə n ˧˧ t aː j ˧˧
nhân thân	ɲ ə n ˧˧ tʰ ə n ˧˧
nhân thần	ɲ ə n ˧˧ tʰ ə n ˨˩
nhân thể	ɲ ə n ˧˧ tʰ e ˧˩
nhân thọ	ɲ ə n ˧˧ tʰ ɔ ˧˨ ʔ
nhân thực	ɲ ə n ˧˧ tʰ ɨ k̚ ˧˨ ʔ
nhân tiện	ɲ ə n ˧˧ t i ə n ˧˨ ʔ
nhân trung	ɲ ə n ˧˧ t͡ɕ ʊ w ŋ͡m ˧˧
nhân tài	ɲ ə n ˧˧ t aː j ˨˩
nhân tình	ɲ ə n ˧˧ t ï ŋ ˨˩
nhân tính	ɲ ə n ˧˧ t ï ŋ ˧˦
nhân tướng học	ɲ ə n ˧˧ t ɨ ə ŋ ˧˦ h a w k͡p̚ ˧˨ ʔ
nhân tạo	ɲ ə n ˧˧ t aː w ˧˨ ʔ
nhân tế bào	ɲ ə n ˧˧ t e ˧˦ ʔ ɓ aː w ˨˩
nhân tố	ɲ ə n ˧˧ t o ˧˦
nhân từ	ɲ ə n ˧˧ t ɨ ˨˩
nhân tử	ɲ ə n ˧˧ t ɨ ˧˩
nhân văn	ɲ ə n ˧˧ v a n ˧˧
nhân văn học	ɲ ə n ˧˧ v a n ˧˧ h a w k͡p̚ ˧˨ ʔ
nhân ái	ɲ ə n ˧˧ ʔ aː j ˧˦
nhân đạo	ɲ ə n ˧˧ ʔ ɗ aː w ˧˨ ʔ
nhân định thắng thiên	ɲ ə n ˧˧ ʔ ɗ ï ŋ ˧˨ ʔ tʰ a ŋ ˧˦ tʰ i ə n ˧˧
nhãn	ɲ aː n ˦ˀ˥
nhãn cầu	ɲ aː n ˦ˀ˥ k ə w ˨˩
nhãn hiệu	ɲ aː n ˦ˀ˥ h i ə w ˧˨ ʔ
nhãn nhục	ɲ aː n ˦ˀ˥ ɲ ʊ w k͡p̚ ˧˨ ʔ
nhãng	ɲ aː ŋ ˦ˀ˥
nhão	ɲ aː w ˦ˀ˥
nhúm	ɲ u m ˧˦
nhún	ɲ u n ˧˦
nhún nhường	ɲ u n ˧˦ ɲ ɨ ə ŋ ˨˩
nhúng	ɲ ʊ w ŋ͡m ˧˦
nhút nhát	ɲ u t̚ ˧˦ ɲ aː t̚ ˧˦
nhăm	ɲ a m ˧˧
nhăm nhe	ɲ a m ˧˧ ɲ ɛ ˧˧
nhăn	ɲ a n ˧˧
nhăn nhó	ɲ a n ˧˧ ɲ ɔ ˧˦
nhăn nhở	ɲ a n ˧˧ ɲ əː ˧˩
nhũn	ɲ u n ˦ˀ˥
nhũn nhặn	ɲ u n ˦ˀ˥ ɲ a n ˧˨ ʔ
nhũng nhiễu	ɲ ʊ w ŋ͡m ˦ˀ˥ ɲ i ə w ˦ˀ˥
như	ɲ ɨ ˧˧
như gió	ɲ ɨ ˧˧ z ɔ ˧˦
như nhau	ɲ ɨ ˧˧ ɲ a w ˧˧
như nước đổ lá khoai	ɲ ɨ ˧˧ n ɨ ə k̚ ˧˦ ʔ ɗ o ˧˩ l aː ˧˦ x w aː j ˧˧
như nước đổ đầu vịt	ɲ ɨ ˧˧ n ɨ ə k̚ ˧˦ ʔ ɗ o ˧˩ ʔ ɗ ə w ˨˩ v i t̚ ˧˨ ʔ
như thế	ɲ ɨ ˧˧ tʰ e ˧˦
như thể	ɲ ɨ ˧˧ tʰ e ˧˩
như vậy	ɲ ɨ ˧˧ v ə j ˧˨ ʔ
như ý	ɲ ɨ ˧˧ ʔ i ˧˦
như đúng rồi	ɲ ɨ ˧˧ ʔ ɗ ʊ w ŋ͡m ˧˦ z o j ˨˩
nhưng	ɲ ɨ ŋ ˧˧
nhưng mà	ɲ ɨ ŋ ˧˧ m aː ˨˩
nhướn	ɲ ɨ ə n ˧˦
nhường	ɲ ɨ ə ŋ ˨˩
nhường nhịn	ɲ ɨ ə ŋ ˨˩ ɲ i n ˧˨ ʔ
nhường nào	ɲ ɨ ə ŋ ˨˩ n aː w ˨˩
nhược bằng	ɲ ɨ ə k̚ ˧˨ ʔ ʔ ɓ a ŋ ˨˩
nhược cơ	ɲ ɨ ə k̚ ˧˨ ʔ k əː ˧˧
nhược thán	ɲ ɨ ə k̚ ˧˨ ʔ tʰ aː n ˧˦
nhược thị	ɲ ɨ ə k̚ ˧˨ ʔ tʰ i ˧˨ ʔ
nhược tiểu	ɲ ɨ ə k̚ ˧˨ ʔ t i ə w ˧˩
nhược trương	ɲ ɨ ə k̚ ˧˨ ʔ t͡ɕ ɨ ə ŋ ˧˧
nhược điểm	ɲ ɨ ə k̚ ˧˨ ʔ ʔ ɗ i ə m ˧˩
nhượng	ɲ ɨ ə ŋ ˧˨ ʔ
nhạn	ɲ aː n ˧˨ ʔ
nhạo	ɲ aː w ˧˨ ʔ
nhạt	ɲ aː t̚ ˧˨ ʔ
nhạt nhoà	ɲ aː t̚ ˧˨ ʔ ɲ w aː ˨˩
nhạt nhùng	ɲ aː t̚ ˧˨ ʔ ɲ ʊ w ŋ͡m ˨˩
nhạt nhẽo	ɲ aː t̚ ˧˨ ʔ ɲ ɛ w ˦ˀ˥
nhạt thếch	ɲ aː t̚ ˧˨ ʔ tʰ ə j k̟̚ ˧˦
nhạy	ɲ a j ˧˨ ʔ
nhạy bén	ɲ a j ˧˨ ʔ ʔ ɓ ɛ n ˧˦
nhạy cảm	ɲ a j ˧˨ ʔ k aː m ˧˩
nhảy	ɲ a j ˧˩
nhảy chân sáo	ɲ a j ˧˩ t͡ɕ ə n ˧˧ s aː w ˧˦
nhảy cóc	ɲ a j ˧˩ k a w k͡p̚ ˧˦
nhảy cầu	ɲ a j ˧˩ k ə w ˨˩
nhảy cẫng	ɲ a j ˧˩ k ə ŋ ˦ˀ˥
nhảy cừu	ɲ a j ˧˩ k i w ˨˩
nhảy dây	ɲ a j ˧˩ z ə j ˧˧
nhảy dù	ɲ a j ˧˩ z u ˨˩
nhảy dựng	ɲ a j ˧˩ z ɨ ŋ ˧˨ ʔ
nhảy múa	ɲ a j ˧˩ m u ə ˧˦
nhảy mũi	ɲ a j ˧˩ m u j ˦ˀ˥
nhảy ngựa	ɲ a j ˧˩ ŋ ɨ ə ˧˨ ʔ
nhảy nhót	ɲ a j ˧˩ ɲ ɔ t̚ ˧˦
nhảy vọt	ɲ a j ˧˩ v ɔ t̚ ˧˨ ʔ
nhảy xa	ɲ a j ˧˩ s aː ˧˧
nhấc	ɲ ə k̚ ˧˦
nhấm	ɲ ə m ˧˦
nhấm nháp	ɲ ə m ˧˦ ɲ aː p̚ ˧˦
nhất	ɲ ə t̚ ˧˦
nhầm	ɲ ə m ˨˩
nhầm lẫn	ɲ ə m ˨˩ l ə n ˦ˀ˥
nhẩm	ɲ ə m ˧˩
nhậm chức	ɲ ə m ˧˨ ʔ t͡ɕ ɨ k̚ ˧˦
nhận	ɲ ə n ˧˨ ʔ
nhắc	ɲ a k̚ ˧˦
nhắc lại	ɲ a k̚ ˧˦ l aː j ˧˨ ʔ
nhắc nhở	ɲ a k̚ ˧˦ ɲ əː ˧˩
nhắm	ɲ a m ˧˦
nhắm mắt	ɲ a m ˧˦ m a t̚ ˧˦
nhắm mắt nhắm mũi	ɲ a m ˧˦ m a t̚ ˧˦ ɲ a m ˧˦ m u j ˦ˀ˥
nhắm nghiền	ɲ a m ˧˦ ŋ i ə n ˨˩
nhắn	ɲ a n ˧˦
nhắn gửi	ɲ a n ˧˦ ɣ ɨ j ˧˩
nhắn nhủ	ɲ a n ˧˦ ɲ u ˧˩
nhắt	ɲ a t̚ ˧˦
nhằm	ɲ a m ˨˩
nhằm nhò	ɲ a m ˨˩ ɲ ɔ ˨˩
nhằn	ɲ a n ˨˩
nhẵn	ɲ a n ˦ˀ˥
nhặng	ɲ a ŋ ˧˨ ʔ
nhặng xị	ɲ a ŋ ˧˨ ʔ s i ˧˨ ʔ
nhặt	ɲ a t̚ ˧˨ ʔ
nhặt lá đá ống bơ	ɲ a t̚ ˧˨ ʔ l aː ˧˦ ʔ ɗ aː ˧˦ ʔ ə w ŋ͡m ˧˦ ʔ ɓ əː ˧˧
nhặt nhạnh	ɲ a t̚ ˧˨ ʔ ɲ a j ŋ̟ ˧˨ ʔ
nhột	ɲ o t̚ ˧˨ ʔ
nhụt chí	ɲ u t̚ ˧˨ ʔ t͡ɕ i ˧˦
nhủi	ɲ u j ˧˩
nhức	ɲ ɨ k̚ ˧˦
nhức nhối	ɲ ɨ k̚ ˧˦ ɲ o j ˧˦
nhứt	ɲ ɨ t̚ ˧˦
nhừ	ɲ ɨ ˨˩
nhừ tử	ɲ ɨ ˨˩ t ɨ ˧˩
nhử	ɲ ɨ ˧˩
những	ɲ ɨ ŋ ˦ˀ˥
nhựa	ɲ ɨ ə ˧˨ ʔ
nhựa thơm	ɲ ɨ ə ˧˨ ʔ tʰ əː m ˧˧
nhựa thơm trắng	ɲ ɨ ə ˧˨ ʔ tʰ əː m ˧˧ t͡ɕ a ŋ ˧˦
nhựa đường	ɲ ɨ ə ˧˨ ʔ ʔ ɗ ɨ ə ŋ ˨˩
ni	n i ˧˧
ni cô	n i ˧˧ k o ˧˧
ni lông	n i ˧˧ l ə w ŋ͡m ˧˧
ni viện	n i ˧˧ v i ə n ˧˨ ʔ
nia	n i ə ˧˧
nick	n ï k̟̚ ˧˦
nicotin	n i ˧˧ k o ˧˧ t i n ˧˧
nihoni	n i ˧˧ h o ˧˧ n i ˧˧
niken	n i ˧˧ k ɛ n ˧˧
ninh	n ï ŋ ˧˧
niobi	n i ˧˧ ʔ o ˧˧ ʔ ɓ i ˧˧
nitrat	n i ˧˧ t͡ɕ aː t̚ ˧˦
nitroglyxerin	n i ˧˧ t͡ɕ ɔ ˧˧ ɣ l i ˧˧ s ɛ ˧˧ z i n ˧˧
nitroglyxerin	n i ˧˧ t͡ɕ ɔ ˧˧ ɣ l i ˧˧ s ɛ ˧˧ ɹ i n ˧˧
nitơ	n i ˧˧ t əː ˧˧
niêm mạc	n i ə m ˧˧ m aː k̚ ˧˨ ʔ
niêm phong	n i ə m ˧˧ f a w ŋ͡m ˧˧
niên	n i ə n ˧˧
niên biểu	n i ə n ˧˧ ʔ ɓ i ə w ˧˩
niên giám	n i ə n ˧˧ z aː m ˧˦
niên giám điện thoại	n i ə n ˧˧ z aː m ˧˦ ʔ ɗ i ə n ˧˨ ʔ tʰ w aː j ˧˨ ʔ
niên hiệu	n i ə n ˧˧ h i ə w ˧˨ ʔ
niên thiếu	n i ə n ˧˧ tʰ i ə w ˧˦
niên đại	n i ə n ˧˧ ʔ ɗ aː j ˧˨ ʔ
niên đại học	n i ə n ˧˧ ʔ ɗ aː j ˧˨ ʔ h a w k͡p̚ ˧˨ ʔ
niêu	n i ə w ˧˧
niết bàn	n i ə t̚ ˧˦ ʔ ɓ aː n ˨˩
niềm	n i ə m ˨˩
niềm nở	n i ə m ˨˩ n əː ˧˩
niền	n i ə n ˨˩
niềng	n i ə ŋ ˨˩
niễng	n i ə ŋ ˦ˀ˥
niễng mũn	n i ə ŋ ˦ˀ˥ m u n ˦ˀ˥
niệm	n i ə m ˧˨ ʔ
niệm Phật	n i ə m ˧˨ ʔ f ə t̚ ˧˨ ʔ
niệm chú	n i ə m ˧˨ ʔ t͡ɕ u ˧˦
niệt	n i ə t̚ ˧˨ ʔ
niệu khoa	n i ə w ˧˨ ʔ x w aː ˧˧
niệu quản	n i ə w ˧˨ ʔ k w aː n ˧˩
niệu đạo	n i ə w ˧˨ ʔ ʔ ɗ aː w ˧˨ ʔ
no	n ɔ ˧˧
no bụng	n ɔ ˧˧ ʔ ɓ ʊ w ŋ͡m ˧˨ ʔ
no bụng đói con mắt	n ɔ ˧˧ ʔ ɓ ʊ w ŋ͡m ˧˨ ʔ ʔ ɗ ɔ j ˧˦ k ɔ n ˧˧ m a t̚ ˧˦
no nê	n ɔ ˧˧ n e ˧˧
no đủ	n ɔ ˧˧ ʔ ɗ u ˧˩
no ấm	n ɔ ˧˧ ʔ ə m ˧˦
nobeli	n o ˧˧ ʔ ɓ e ˧˧ l i ˧˧
noi	n ɔ j ˧˧
noi gương	n ɔ j ˧˧ ɣ ɨ ə ŋ ˧˧
nom	n ɔ m ˧˧
non	n ɔ n ˧˧
non choẹt	n ɔ n ˧˧ t͡ɕ w ɛ t̚ ˧˨ ʔ
non nước	n ɔ n ˧˧ n ɨ ə k̚ ˧˦
non nớt	n ɔ n ˧˧ n əː t̚ ˧˦
non sông	n ɔ n ˧˧ s ə w ŋ͡m ˧˧
nong	n a w ŋ͡m ˧˧
noãn	n w aː n ˦ˀ˥
noãn hoàng	n w aː n ˦ˀ˥ h w aː ŋ ˨˩
noãn thai sinh	n w aː n ˦ˀ˥ tʰ aː j ˧˧ s ï ŋ ˧˧
nua	n u ə ˧˧
nui	n u j ˧˧
nung	n ʊ w ŋ͡m ˧˧
nung nấu	n ʊ w ŋ͡m ˧˧ n ə w ˧˦
nuy	n w i ˧˧
nuôi	n u ə j ˧˧
nuôi cấy	n u ə j ˧˧ k ə j ˧˦
nuôi dưỡng	n u ə j ˧˧ z ɨ ə ŋ ˦ˀ˥
nuôi nấng	n u ə j ˧˧ n ə ŋ ˧˦
nuôi ong tay áo	n u ə j ˧˧ ʔ a w ŋ͡m ˧˧ t a j ˧˧ ʔ aː w ˧˦
nuôi sống	n u ə j ˧˧ s ə w ŋ͡m ˧˦
nuông	n u ə ŋ ˧˧
nuông chiều	n u ə ŋ ˧˧ t͡ɕ i ə w ˨˩
nuối	n u ə j ˧˦
nuối tiếc	n u ə j ˧˦ t i ə k̚ ˧˦
nuốt	n u ə t̚ ˧˦
nuốt chửng	n u ə t̚ ˧˦ t͡ɕ ɨ ŋ ˧˩
nuốt lời	n u ə t̚ ˧˦ l əː j ˨˩
nuột	n u ə t̚ ˧˨ ʔ
não	n aː w ˦ˀ˥
ní	n i ˧˦
ních	n ï k̟̚ ˧˦
nín	n i n ˧˦
nín nhịn	n i n ˧˦ ɲ i n ˧˨ ʔ
nít	n i t̚ ˧˦
níu	n i w ˧˦
níu kéo	n i w ˧˦ k ɛ w ˧˦
nò	n ɔ ˨˩
nòi	n ɔ j ˨˩
nòi giống	n ɔ j ˨˩ z ə w ŋ͡m ˧˦
nòng	n a w ŋ͡m ˨˩
nòng cốt	n a w ŋ͡m ˨˩ k o t̚ ˧˦
nòng nọc	n a w ŋ͡m ˨˩ n a w k͡p̚ ˧˨ ʔ
nòng trơn	n a w ŋ͡m ˨˩ t͡ɕ əː n ˧˧
nó	n ɔ ˧˦
nóc	n a w k͡p̚ ˧˦
nói	n ɔ j ˧˦
nói chung	n ɔ j ˧˦ t͡ɕ ʊ w ŋ͡m ˧˧
nói chuyện	n ɔ j ˧˦ t͡ɕ w i ə n ˧˨ ʔ
nói chơi	n ɔ j ˧˦ t͡ɕ əː j ˧˧
nói dối	n ɔ j ˧˦ z o j ˧˦
nói gì thì nói	n ɔ j ˧˦ z i ˨˩ tʰ i ˨˩ n ɔ j ˧˦
nói hươu nói vượn	n ɔ j ˧˦ h i ə w ˧˧ n ɔ j ˧˦ v ɨ ə n ˧˨ ʔ
nói khoác	n ɔ j ˧˦ x w aː k̚ ˧˦
nói khó	n ɔ j ˧˦ x ɔ ˧˦
nói leo	n ɔ j ˧˦ l ɛ w ˧˧
nói lái	n ɔ j ˧˦ l aː j ˧˦
nói láo	n ɔ j ˧˦ l aː w ˧˦
nói lậm	n ɔ j ˧˦ l ə m ˧˨ ʔ
nói móc	n ɔ j ˧˦ m a w k͡p̚ ˧˦
nói một đằng làm một nẻo	n ɔ j ˧˦ m o t̚ ˧˨ ʔ ʔ ɗ a ŋ ˨˩ l aː m ˨˩ m o t̚ ˧˨ ʔ n ɛ w ˧˩
nói ngọng	n ɔ j ˧˦ ŋ a w ŋ͡m ˧˨ ʔ
nói nhỏ	n ɔ j ˧˦ ɲ ɔ ˧˩
nói này nói kia	n ɔ j ˧˦ n a j ˨˩ n ɔ j ˧˦ k i ə ˧˧
nói năng	n ɔ j ˧˦ n a ŋ ˧˧
nói phét	n ɔ j ˧˦ f ɛ t̚ ˧˦
nói riêng	n ɔ j ˧˦ z i ə ŋ ˧˧
nói sạo	n ɔ j ˧˦ s aː w ˧˨ ʔ
nói thách	n ɔ j ˧˦ tʰ a j k̟̚ ˧˦
nói thầm	n ɔ j ˧˦ tʰ ə m ˨˩
nói thẳng	n ɔ j ˧˦ tʰ a ŋ ˧˩
nói trắng ra	n ɔ j ˧˦ t͡ɕ a ŋ ˧˦ z aː ˧˧
nói vã bọt mép	n ɔ j ˧˦ v aː ˦ˀ˥ ʔ ɓ ɔ t̚ ˧˨ ʔ m ɛ p̚ ˧˦
nói xấu	n ɔ j ˧˦ s ə w ˧˦
nói đâu quên đấy	n ɔ j ˧˦ ʔ ɗ ə w ˧˧ k w e n ˧˧ ʔ ɗ ə j ˧˦
nói đớt	n ɔ j ˧˦ ʔ ɗ əː t̚ ˧˦
nón	n ɔ n ˧˦
nón ba tầm	n ɔ n ˧˦ ʔ ɓ aː ˧˧ t ə m ˨˩
nón bài thơ	n ɔ n ˧˦ ʔ ɓ aː j ˨˩ tʰ əː ˧˧
nón bảo hiểm	n ɔ n ˧˦ ʔ ɓ aː w ˧˩ h i ə m ˧˩
nón len	n ɔ n ˧˦ l ɛ n ˧˧
nón lá	n ɔ n ˧˦ l aː ˧˦
nón lưỡi trai	n ɔ n ˧˦ l ɨ ə j ˦ˀ˥ t͡ɕ aː j ˧˧
nón mê	n ɔ n ˧˦ m e ˧˧
nón mũ	n ɔ n ˧˦ m u ˦ˀ˥
nón quai thao	n ɔ n ˧˦ k w aː j ˧˧ tʰ aː w ˧˧
nóng	n a w ŋ͡m ˧˦
nóng bỏng	n a w ŋ͡m ˧˦ ʔ ɓ a w ŋ͡m ˧˩
nóng chảy	n a w ŋ͡m ˧˦ t͡ɕ a j ˧˩
nóng giận	n a w ŋ͡m ˧˦ z ə n ˧˨ ʔ
nóng hổi	n a w ŋ͡m ˧˦ h o j ˧˩
nóng lòng	n a w ŋ͡m ˧˦ l a w ŋ͡m ˨˩
nóng máy	n a w ŋ͡m ˧˦ m a j ˧˦
nóng nảy	n a w ŋ͡m ˧˦ n a j ˧˩
nóng nực	n a w ŋ͡m ˧˦ n ɨ k̚ ˧˨ ʔ
nóng ruột	n a w ŋ͡m ˧˦ z u ə t̚ ˧˨ ʔ
nóng sốt	n a w ŋ͡m ˧˦ s o t̚ ˧˦
nóng tính	n a w ŋ͡m ˧˦ t ï ŋ ˧˦
nóng vội	n a w ŋ͡m ˧˦ v o j ˧˨ ʔ
nóp	n ɔ p̚ ˧˦
nô	n o ˧˧
nô dịch	n o ˧˧ z ï k̟̚ ˧˨ ʔ
nô lệ	n o ˧˧ l e ˧˨ ʔ
nô nức	n o ˧˧ n ɨ k̚ ˧˦
nô tài	n o ˧˧ t aː j ˨˩
nô tì	n o ˧˧ t i ˨˩
nô đùa	n o ˧˧ ʔ ɗ u ə ˨˩
nôi	n o j ˧˧
nôm	n o m ˧˧
nôm na	n o m ˧˧ n aː ˧˧
nôn	n o n ˧˧
nôn khan	n o n ˧˧ x aː n ˧˧
nôn nao	n o n ˧˧ n aː w ˧˧
nôn nóng	n o n ˧˧ n a w ŋ͡m ˧˦
nôn nả	n o n ˧˧ n aː ˧˩
nông	n ə w ŋ͡m ˧˧
nông choèn	n ə w ŋ͡m ˧˧ t͡ɕ w ɛ n ˨˩
nông cạn	n ə w ŋ͡m ˧˧ k aː n ˧˨ ʔ
nông cụ	n ə w ŋ͡m ˧˧ k u ˧˨ ʔ
nông dân	n ə w ŋ͡m ˧˧ z ə n ˧˧
nông gia	n ə w ŋ͡m ˧˧ z aː ˧˧
nông học	n ə w ŋ͡m ˧˧ h a w k͡p̚ ˧˨ ʔ
nông nghiệp	n ə w ŋ͡m ˧˧ ŋ i ə p̚ ˧˨ ʔ
nông nghiệp hữu cơ	n ə w ŋ͡m ˧˧ ŋ i ə p̚ ˧˨ ʔ h i w ˦ˀ˥ k əː ˧˧
nông nghiệp thông minh	n ə w ŋ͡m ˧˧ ŋ i ə p̚ ˧˨ ʔ tʰ ə w ŋ͡m ˧˧ m ï ŋ ˧˧
nông nhàn	n ə w ŋ͡m ˧˧ ɲ aː n ˨˩
nông nô	n ə w ŋ͡m ˧˧ n o ˧˧
nông nổi	n ə w ŋ͡m ˧˧ n o j ˧˩
nông nỗi	n ə w ŋ͡m ˧˧ n o j ˦ˀ˥
nông phu	n ə w ŋ͡m ˧˧ f u ˧˧
nông sản	n ə w ŋ͡m ˧˧ s aː n ˧˩
nông sợt	n ə w ŋ͡m ˧˧ s əː t̚ ˧˨ ʔ
nông thôn	n ə w ŋ͡m ˧˧ tʰ o n ˧˧
nông thôn mới	n ə w ŋ͡m ˧˧ tʰ o n ˧˧ m əː j ˧˦
nông trường	n ə w ŋ͡m ˧˧ t͡ɕ ɨ ə ŋ ˨˩
nông trại	n ə w ŋ͡m ˧˧ t͡ɕ aː j ˧˨ ʔ
nôốc	n o k̚ ˧˦
nõ	n ɔ ˦ˀ˥
nõn	n ɔ n ˦ˀ˥
nùi	n u j ˨˩
núc	n ʊ w k͡p̚ ˧˦
núc nác	n ʊ w k͡p̚ ˧˦ n aː k̚ ˧˦
núi	n u j ˧˦
núi Nhạn	n u j ˧˦ ɲ aː n ˧˨ ʔ
núi cao còn có núi cao hơn	n u j ˧˦ k aː w ˧˧ k ɔ n ˨˩ k ɔ ˧˦ n u j ˧˦ k aː w ˧˧ h əː n ˧˧
núi lửa	n u j ˧˦ l ɨ ə ˧˩
núi ngầm	n u j ˧˦ ŋ ə m ˨˩
núi non	n u j ˧˦ n ɔ n ˧˧
núi rừng	n u j ˧˦ z ɨ ŋ ˨˩
núi sông	n u j ˧˦ s ə w ŋ͡m ˧˧
núm	n u m ˧˦
núm vú	n u m ˧˦ v u ˧˦
núm vú giả	n u m ˧˦ v u ˧˦ z aː ˧˩
núng	n ʊ w ŋ͡m ˧˦
núng thế	n ʊ w ŋ͡m ˧˦ tʰ e ˧˦
núp	n u p̚ ˧˦
nút	n u t̚ ˧˦
nút bấm	n u t̚ ˧˦ ʔ ɓ ə m ˧˦
nút bần	n u t̚ ˧˦ ʔ ɓ ə n ˨˩
nĩa	n i ə ˦ˀ˥
nũng	n ʊ w ŋ͡m ˦ˀ˥
nơ	n əː ˧˧
nơ bướm	n əː ˧˧ ʔ ɓ ɨ ə m ˧˦
nơi	n əː j ˧˧
nơi chốn	n əː j ˧˧ t͡ɕ o n ˧˦
nơi nơi	n əː j ˧˧ n əː j ˧˧
nơi sinh	n əː j ˧˧ s ï ŋ ˧˧
nơm	n əː m ˧˧
nơm nớp	n əː m ˧˧ n əː p̚ ˧˦
nơtron	n əː ˧˧ t͡ɕ ə w ŋ͡m ˧˧
nưa	n ɨ ə ˧˧
nước	n ɨ ə k̚ ˧˦
nước biển	n ɨ ə k̚ ˧˦ ʔ ɓ i ə n ˧˩
nước bước	n ɨ ə k̚ ˧˦ ʔ ɓ ɨ ə k̚ ˧˦
nước bọt	n ɨ ə k̚ ˧˦ ʔ ɓ ɔ t̚ ˧˨ ʔ
nước chanh	n ɨ ə k̚ ˧˦ t͡ɕ a j ŋ̟ ˧˧
nước chè	n ɨ ə k̚ ˧˦ t͡ɕ ɛ ˨˩
nước chảy đá mòn	n ɨ ə k̚ ˧˦ t͡ɕ a j ˧˩ ʔ ɗ aː ˧˦ m ɔ n ˨˩
nước chấm	n ɨ ə k̚ ˧˦ t͡ɕ ə m ˧˦
nước có ga	n ɨ ə k̚ ˧˦ k ɔ ˧˦ ɣ aː ˧˧
nước cường toan	n ɨ ə k̚ ˧˦ k ɨ ə ŋ ˨˩ t w aː n ˧˧
nước cất	n ɨ ə k̚ ˧˦ k ə t̚ ˧˦
nước cống	n ɨ ə k̚ ˧˦ k ə w ŋ͡m ˧˦
nước cốt dừa	n ɨ ə k̚ ˧˦ k o t̚ ˧˦ z ɨ ə ˨˩
nước cứng	n ɨ ə k̚ ˧˦ k ɨ ŋ ˧˦
nước da	n ɨ ə k̚ ˧˦ z aː ˧˧
nước dãi	n ɨ ə k̚ ˧˦ z aː j ˦ˀ˥
nước dùng	n ɨ ə k̚ ˧˦ z ʊ w ŋ͡m ˨˩
nước dừa	n ɨ ə k̚ ˧˦ z ɨ ə ˨˩
nước giải	n ɨ ə k̚ ˧˦ z aː j ˧˩
nước giải khát	n ɨ ə k̚ ˧˦ z aː j ˧˩ x aː t̚ ˧˦
nước gạo	n ɨ ə k̚ ˧˦ ɣ aː w ˧˨ ʔ
nước hoa	n ɨ ə k̚ ˧˦ h w aː ˧˧
nước hàng	n ɨ ə k̚ ˧˦ h aː ŋ ˨˩
nước khoáng	n ɨ ə k̚ ˧˦ x w aː ŋ ˧˦
nước kiệu	n ɨ ə k̚ ˧˦ k i ə w ˧˨ ʔ
nước kết tinh	n ɨ ə k̚ ˧˦ k e t̚ ˧˦ t ï ŋ ˧˧
nước lã	n ɨ ə k̚ ˧˦ l aː ˦ˀ˥
nước lèo	n ɨ ə k̚ ˧˦ l ɛ w ˨˩
nước lên	n ɨ ə k̚ ˧˦ l e n ˧˧
nước lạnh	n ɨ ə k̚ ˧˦ l a j ŋ̟ ˧˨ ʔ
nước lọc	n ɨ ə k̚ ˧˦ l a w k͡p̚ ˧˨ ʔ
nước máy	n ɨ ə k̚ ˧˦ m a j ˧˦
nước ép	n ɨ ə k̚ ˧˦ ʔ ɛ p̚ ˧˦
nước đá	n ɨ ə k̚ ˧˦ ʔ ɗ aː ˧˦
nước đái	n ɨ ə k̚ ˧˦ ʔ ɗ aː j ˧˦
nước đôi	n ɨ ə k̚ ˧˦ ʔ ɗ o j ˧˧
nước đường	n ɨ ə k̚ ˧˦ ʔ ɗ ɨ ə ŋ ˨˩
nước đại	n ɨ ə k̚ ˧˦ ʔ ɗ aː j ˧˨ ʔ
nước đến chân mới nhảy	n ɨ ə k̚ ˧˦ ʔ ɗ e n ˧˦ t͡ɕ ə n ˧˧ m əː j ˧˦ ɲ a j ˧˩
nước độc	n ɨ ə k̚ ˧˦ ʔ ɗ ə w k͡p̚ ˧˨ ʔ
nước đục	n ɨ ə k̚ ˧˦ ʔ ɗ ʊ w k͡p̚ ˧˨ ʔ
nước đục thả câu	n ɨ ə k̚ ˧˦ ʔ ɗ ʊ w k͡p̚ ˧˨ ʔ tʰ aː ˧˩ k ə w ˧˧
nạn	n aː n ˧˨ ʔ
nến	n e n ˧˦
nỉ non	n i ˧˩ n ɔ n ˧˧
nị	n i ˧˨ ʔ
nịch	n ï k̟̚ ˧˨ ʔ
nịnh	n ï ŋ ˧˨ ʔ
nịnh bợ	n ï ŋ ˧˨ ʔ ʔ ɓ əː ˧˨ ʔ
nịnh thần	n ï ŋ ˧˨ ʔ tʰ ə n ˨˩
nịnh đầm	n ï ŋ ˧˨ ʔ ʔ ɗ ə m ˨˩
nịt	n i t̚ ˧˨ ʔ
nịt vú	n i t̚ ˧˨ ʔ v u ˧˦
nọ	n ɔ ˧˨ ʔ
nọc	n a w k͡p̚ ˧˨ ʔ
nọc nọc	n a w k͡p̚ ˧˨ ʔ n a w k͡p̚ ˧˨ ʔ
nọc độc	n a w k͡p̚ ˧˨ ʔ ʔ ɗ ə w k͡p̚ ˧˨ ʔ
nọng	n a w ŋ͡m ˧˨ ʔ
nỏ	n ɔ ˧˩
nốc	n ə w k͡p̚ ˧˦
nối	n o j ˧˦
nối chữ	n o j ˧˦ t͡ɕ ɨ ˦ˀ˥
nối dòng	n o j ˧˦ z a w ŋ͡m ˨˩
nối dõi	n o j ˧˦ z ɔ j ˦ˀ˥
nối gót	n o j ˧˦ ɣ ɔ t̚ ˧˦
nối liền	n o j ˧˦ l i ə n ˨˩
nối lại	n o j ˧˦ l aː j ˧˨ ʔ
nối nghiệp	n o j ˧˦ ŋ i ə p̚ ˧˨ ʔ
nối ngôi	n o j ˧˦ ŋ o j ˧˧
nối tiếp	n o j ˧˦ t i ə p̚ ˧˦
nối từ	n o j ˧˦ t ɨ ˨˩
nốt	n o t̚ ˧˦
nốt chu sa	n o t̚ ˧˦ t͡ɕ u ˧˧ s aː ˧˧
nốt ruồi	n o t̚ ˧˦ z u ə j ˨˩
nốt tròn	n o t̚ ˧˦ t͡ɕ ɔ n ˨˩
nốt trắng	n o t̚ ˧˦ t͡ɕ a ŋ ˧˦
nốt đen	n o t̚ ˧˦ ʔ ɗ ɛ n ˧˧
nồi	n o j ˨˩
nồi cơm điện	n o j ˨˩ k əː m ˧˧ ʔ ɗ i ə n ˧˨ ʔ
nồi niêu	n o j ˨˩ n i ə w ˧˧
nồi niêu xoong chảo	n o j ˨˩ n i ə w ˧˧ s ɔ ŋ ˧˧ t͡ɕ aː w ˧˩
nồi nấu chảy	n o j ˨˩ n ə w ˧˦ t͡ɕ a j ˧˩
nồi áp suất	n o j ˨˩ ʔ aː p̚ ˧˦ s w ə t̚ ˧˦
nồi đất	n o j ˨˩ ʔ ɗ ə t̚ ˧˦
nồng	n ə w ŋ͡m ˨˩
nồng hậu	n ə w ŋ͡m ˨˩ h ə w ˧˨ ʔ
nồng nhiệt	n ə w ŋ͡m ˨˩ ɲ i ə t̚ ˧˨ ʔ
nồng nàn	n ə w ŋ͡m ˨˩ n aː n ˨˩
nồng nặc	n ə w ŋ͡m ˨˩ n a k̚ ˧˨ ʔ
nồng độ	n ə w ŋ͡m ˨˩ ʔ ɗ o ˧˨ ʔ
nồng ấm	n ə w ŋ͡m ˨˩ ʔ ə m ˧˦
nổ	n o ˧˩
nổ não	n o ˧˩ n aː w ˦ˀ˥
nổi	n o j ˧˩
nổi bật	n o j ˧˩ ʔ ɓ ə t̚ ˧˨ ʔ
nổi cơn tam bành	n o j ˧˩ k əː n ˧˧ t aː m ˧˧ ʔ ɓ a j ŋ̟ ˨˩
nổi cộm	n o j ˧˩ k o m ˧˨ ʔ
nổi danh	n o j ˧˩ z a j ŋ̟ ˧˧
nổi dậy	n o j ˧˩ z ə j ˧˨ ʔ
nổi giận	n o j ˧˩ z ə n ˧˨ ʔ
nổi loạn	n o j ˧˩ l w aː n ˧˨ ʔ
nổi nênh	n o j ˧˩ n ə j ŋ̟ ˧˧
nổi tiếng	n o j ˧˩ t i ə ŋ ˧˦
nổi trội	n o j ˧˩ t͡ɕ o j ˧˨ ʔ
nổng	n ə w ŋ͡m ˧˩
nỗ lực	n o ˦ˀ˥ l ɨ k̚ ˧˨ ʔ
nỗi	n o j ˦ˀ˥
nỗi niềm	n o j ˦ˀ˥ n i ə m ˨˩
nộ	n o ˧˨ ʔ
nội	n o j ˧˨ ʔ
nội bào	n o j ˧˨ ʔ ʔ ɓ aː w ˨˩
nội bào tử	n o j ˧˨ ʔ ʔ ɓ aː w ˨˩ t ɨ ˧˩
nội bệnh lí	n o j ˧˨ ʔ ʔ ɓ ə j ŋ̟ ˧˨ ʔ l i ˧˦
nội bộ	n o j ˧˨ ʔ ʔ ɓ o ˧˨ ʔ
nội chiến	n o j ˧˨ ʔ t͡ɕ i ə n ˧˦
nội các	n o j ˧˨ ʔ k aː k̚ ˧˦
nội dung	n o j ˧˨ ʔ z ʊ w ŋ͡m ˧˧
nội gián	n o j ˧˨ ʔ z aː n ˧˦
nội khoa	n o j ˧˨ ʔ x w aː ˧˧
nội khí quản	n o j ˧˨ ʔ x i ˧˦ k w aː n ˧˩
nội lực	n o j ˧˨ ʔ l ɨ k̚ ˧˨ ʔ
nội quy	n o j ˧˨ ʔ k w i ˧˧
nội san	n o j ˧˨ ʔ s aː n ˧˧
nội sinh	n o j ˧˨ ʔ s ï ŋ ˧˧
nội soi	n o j ˧˨ ʔ s ɔ j ˧˧
nội thuỷ	n o j ˧˨ ʔ tʰ w i ˧˩
nội thành	n o j ˧˨ ʔ tʰ a j ŋ̟ ˨˩
nội thương	n o j ˧˨ ʔ tʰ ɨ ə ŋ ˧˧
nội thất	n o j ˧˨ ʔ tʰ ə t̚ ˧˦
nội thị	n o j ˧˨ ʔ tʰ i ˧˨ ʔ
nội tiếp	n o j ˧˨ ʔ t i ə p̚ ˧˦
nội tiết	n o j ˧˨ ʔ t i ə t̚ ˧˦
nội tiết tố	n o j ˧˨ ʔ t i ə t̚ ˧˦ t o ˧˦
nội tiểu bang	n o j ˧˨ ʔ t i ə w ˧˩ ʔ ɓ aː ŋ ˧˧
nội trú	n o j ˧˨ ʔ t͡ɕ u ˧˦
nội trợ	n o j ˧˨ ʔ t͡ɕ əː ˧˨ ʔ
nội tâm	n o j ˧˨ ʔ t ə m ˧˧
nội tâm mạc	n o j ˧˨ ʔ t ə m ˧˧ m aː k̚ ˧˨ ʔ
nội tại	n o j ˧˨ ʔ t aː j ˧˨ ʔ
nội tạng	n o j ˧˨ ʔ t aː ŋ ˧˨ ʔ
nội tỉnh	n o j ˧˨ ʔ t ï ŋ ˧˩
nội vụ	n o j ˧˨ ʔ v u ˧˨ ʔ
nội y	n o j ˧˨ ʔ ʔ i ˧˧
nội ô	n o j ˧˨ ʔ ʔ o ˧˧
nội đô	n o j ˧˨ ʔ ʔ ɗ o ˧˧
nội địa	n o j ˧˨ ʔ ʔ ɗ i ə ˧˨ ʔ
nội độc tố	n o j ˧˨ ʔ ʔ ɗ ə w k͡p̚ ˧˨ ʔ t o ˧˦
nội động từ	n o j ˧˨ ʔ ʔ ɗ ə w ŋ͡m ˧˨ ʔ t ɨ ˨˩
nội ứng	n o j ˧˨ ʔ ʔ ɨ ŋ ˧˦
nộm	n o m ˧˨ ʔ
nộp	n o p̚ ˧˨ ʔ
nộp mạng	n o p̚ ˧˨ ʔ m aː ŋ ˧˨ ʔ
nột	n o t̚ ˧˨ ʔ
nớ	n əː ˧˦
nới	n əː j ˧˦
nới giá	n əː j ˧˦ z aː ˧˦
nới lỏng	n əː j ˧˦ l a w ŋ͡m ˧˩
nới rộng	n əː j ˧˦ z ə w ŋ͡m ˧˨ ʔ
nở	n əː ˧˩
nở mặt	n əː ˧˩ m a t̚ ˧˨ ʔ
nở nang	n əː ˧˩ n aː ŋ ˧˧
nở rộ	n əː ˧˩ z o ˧˨ ʔ
nỡ	n əː ˦ˀ˥
nỡm	n əː m ˦ˀ˥
nợ	n əː ˧˨ ʔ
nợ như chúa Chổm	n əː ˧˨ ʔ ɲ ɨ ˧˧ t͡ɕ u ə ˧˦ t͡ɕ o m ˧˩
nợ nần	n əː ˧˨ ʔ n ə n ˨˩
nụ	n u ˧˨ ʔ
nụ cười	n u ˧˨ ʔ k ɨ ə j ˨˩
nứa	n ɨ ə ˧˦
nức	n ɨ k̚ ˧˦
nức nở	n ɨ k̚ ˧˦ n əː ˧˩
nức tiếng	n ɨ k̚ ˧˦ t i ə ŋ ˧˦
nứng	n ɨ ŋ ˧˦
nừng	n ɨ ŋ ˨˩
nửa	n ɨ ə ˧˩
nửa chừng	n ɨ ə ˧˩ t͡ɕ ɨ ŋ ˨˩
nửa nạc nửa mỡ	n ɨ ə ˧˩ n aː k̚ ˧˨ ʔ n ɨ ə ˧˩ m əː ˦ˀ˥
nửa vời	n ɨ ə ˧˩ v əː j ˨˩
nửa đêm	n ɨ ə ˧˩ ʔ ɗ e m ˧˧
nửa đời	n ɨ ə ˧˩ ʔ ɗ əː j ˨˩
nữ	n ɨ ˦ˀ˥
nữ cai trị	n ɨ ˦ˀ˥ k aː j ˧˧ t͡ɕ i ˧˨ ʔ
nữ chính	n ɨ ˦ˀ˥ t͡ɕ ï ŋ ˧˦
nữ công	n ɨ ˦ˀ˥ k ə w ŋ͡m ˧˧
nữ công gia chánh	n ɨ ˦ˀ˥ k ə w ŋ͡m ˧˧ z aː ˧˧ t͡ɕ a j ŋ̟ ˧˦
nữ giới	n ɨ ˦ˀ˥ z əː j ˧˦
nữ hoàng	n ɨ ˦ˀ˥ h w aː ŋ ˨˩
nữ sinh	n ɨ ˦ˀ˥ s ï ŋ ˧˧
nữ thần	n ɨ ˦ˀ˥ tʰ ə n ˨˩
nữ trang	n ɨ ˦ˀ˥ t͡ɕ aː ŋ ˧˧
nữ tính	n ɨ ˦ˀ˥ t ï ŋ ˧˦
nữ tù trưởng	n ɨ ˦ˀ˥ t u ˨˩ t͡ɕ ɨ ə ŋ ˧˩
nữ tướng	n ɨ ˦ˀ˥ t ɨ ə ŋ ˧˦
nữ vương	n ɨ ˦ˀ˥ v ɨ ə ŋ ˧˧
nữa	n ɨ ə ˦ˀ˥
nữa là	n ɨ ə ˦ˀ˥ l aː ˨˩
nực	n ɨ k̚ ˧˨ ʔ
nực cười	n ɨ k̚ ˧˨ ʔ k ɨ ə j ˨˩
nựng	n ɨ ŋ ˧˨ ʔ
nựng nịu	n ɨ ŋ ˧˨ ʔ n i w ˧˨ ʔ
oa	ʔ w aː ˧˧
ok	ʔ o ˧˧ k e ˧˧
organ	ʔ ɔ k̚ ˧˦ ɣ aː n ˧˧
parabol	p aː ˧˧ z aː ˧˧ ʔ ɓ o n ˧˧
parabol	p aː ˧˧ ɹ aː ˧˧ ʔ ɓ o n ˧˧
phao	f aː w ˧˧
phao câu	f aː w ˧˧ k ə w ˧˧
phau	f a w ˧˧
phay	f a j ˧˧
phe	f ɛ ˧˧
phe cánh	f ɛ ˧˧ k a j ŋ̟ ˧˦
phe phẩy	f ɛ ˧˧ f ə j ˧˩
phen	f ɛ n ˧˧
phenol	f e ˧˧ n o n ˧˧
phenolphtalein	f e ˧˧ n o n ˧˧ f əː ˨˩ t aː ˧˧ l e ˧˧ ʔ i n ˧˧
phi	f i ˧˧
phi Mĩ hoá	f i ˧˧ m i ˦ˀ˥ h w aː ˧˦
phi bạo lực	f i ˧˧ ʔ ɓ aː w ˧˨ ʔ l ɨ k̚ ˧˨ ʔ
phi công	f i ˧˧ k ə w ŋ͡m ˧˧
phi công trẻ	f i ˧˧ k ə w ŋ͡m ˧˧ t͡ɕ ɛ ˧˩
phi công trẻ lái máy bay bà già	f i ˧˧ k ə w ŋ͡m ˧˧ t͡ɕ ɛ ˧˩ l aː j ˧˦ m a j ˧˦ ʔ ɓ a j ˧˧ ʔ ɓ aː ˨˩ z aː ˨˩
phi cơ	f i ˧˧ k əː ˧˧
phi cảng	f i ˧˧ k aː ŋ ˧˩
phi hành gia	f i ˧˧ h a j ŋ̟ ˨˩ z aː ˧˧
phi hành đoàn	f i ˧˧ h a j ŋ̟ ˨˩ ʔ ɗ w aː n ˨˩
phi hư cấu	f i ˧˧ h ɨ ˧˧ k ə w ˧˦
phi kim	f i ˧˧ k i m ˧˧
phi lao	f i ˧˧ l aː w ˧˧
phi liên kết	f i ˧˧ l i ə n ˧˧ k e t̚ ˧˦
phi lê	f i ˧˧ l e ˧˧
phi lí	f i ˧˧ l i ˧˦
phi lộ	f i ˧˧ l o ˧˨ ʔ
phi lợi nhuận	f i ˧˧ l əː j ˧˨ ʔ ɲ w ə n ˧˨ ʔ
phi mã	f i ˧˧ m aː ˦ˀ˥
phi nghĩa	f i ˧˧ ŋ i ə ˦ˀ˥
phi ngã	f i ˧˧ ŋ aː ˦ˀ˥
phi phàm	f i ˧˧ f aː m ˨˩
phi pháp	f i ˧˧ f aː p̚ ˧˦
phi quốc xã hoá	f i ˧˧ k u ə k̚ ˧˦ s aː ˦ˀ˥ h w aː ˧˦
phi tang	f i ˧˧ t aː ŋ ˧˧
phi thuyền	f i ˧˧ tʰ w i ə n ˨˩
phi thân	f i ˧˧ tʰ ə n ˧˧
phi thường	f i ˧˧ tʰ ɨ ə ŋ ˨˩
phi thực dân hoá	f i ˧˧ tʰ ɨ k̚ ˧˨ ʔ z ə n ˧˧ h w aː ˧˦
phi tiêu	f i ˧˧ t i ə w ˧˧
phi toàn cầu hoá	f i ˧˧ t w aː n ˨˩ k ə w ˨˩ h w aː ˧˦
phi trường	f i ˧˧ t͡ɕ ɨ ə ŋ ˨˩
phi tần	f i ˧˧ t ə n ˨˩
phi vật thể	f i ˧˧ v ə t̚ ˧˨ ʔ tʰ e ˧˩
phi xuất	f i ˧˧ s w ə t̚ ˧˦
phi đoàn	f i ˧˧ ʔ ɗ w aː n ˨˩
phi đô la hoá	f i ˧˧ ʔ ɗ o ˧˧ l aː ˧˧ h w aː ˧˦
phim	f i m ˧˧
phim chiến tranh	f i m ˧˧ t͡ɕ i ə n ˧˦ t͡ɕ a j ŋ̟ ˧˧
phim chưởng	f i m ˧˧ t͡ɕ ɨ ə ŋ ˧˩
phim câm	f i m ˧˧ k ə m ˧˧
phim hài	f i m ˧˧ h aː j ˨˩
phim khiêu dâm	f i m ˧˧ x i ə w ˧˧ z ə m ˧˧
phim kinh dị	f i m ˧˧ k ï ŋ ˧˧ z i ˧˨ ʔ
phim ma	f i m ˧˧ m aː ˧˧
phim sex	f i m ˧˧ s ə j k̟̚ ˧˦
phim truyện	f i m ˧˧ t͡ɕ w i ə n ˧˨ ʔ
phim trường	f i m ˧˧ t͡ɕ ɨ ə ŋ ˨˩
phim tài liệu	f i m ˧˧ t aː j ˨˩ l i ə w ˧˨ ʔ
phim ảnh	f i m ˧˧ ʔ a j ŋ̟ ˧˩
phin	f i n ˧˧
phiên	f i ə n ˧˧
phiên bản	f i ə n ˧˧ ʔ ɓ aː n ˧˩
phiên chế	f i ə n ˧˧ t͡ɕ e ˧˦
phiên dịch	f i ə n ˧˧ z ï k̟̚ ˧˨ ʔ
phiên phiến	f i ə n ˧˧ f i ə n ˧˦
phiên thiết	f i ə n ˧˧ tʰ i ə t̚ ˧˦
phiên âm	f i ə n ˧˧ ʔ ə m ˧˧
phiêu lưu	f i ə w ˧˧ l i w ˧˧
phiếm	f i ə m ˧˦
phiếm chỉ	f i ə m ˧˦ t͡ɕ i ˧˩
phiếm du	f i ə m ˧˦ z u ˧˧
phiếm hàm	f i ə m ˧˦ h aː m ˨˩
phiếm luận	f i ə m ˧˦ l w ə n ˧˨ ʔ
phiếm thần	f i ə m ˧˦ tʰ ə n ˨˩
phiếm thần luận	f i ə m ˧˦ tʰ ə n ˨˩ l w ə n ˧˨ ʔ
phiếm xưng	f i ə m ˧˦ s ɨ ŋ ˧˧
phiếm đàm	f i ə m ˧˦ ʔ ɗ aː m ˨˩
phiếm định	f i ə m ˧˦ ʔ ɗ ï ŋ ˧˨ ʔ
phiến	f i ə n ˧˦
phiến diện	f i ə n ˧˦ z i ə n ˧˨ ʔ
phiếu	f i ə w ˧˦
phiếu bầu	f i ə w ˧˦ ʔ ɓ ə w ˨˩
phiền	f i ə n ˨˩
phiền hà	f i ə n ˨˩ h aː ˨˩
phiền lòng	f i ə n ˨˩ l a w ŋ͡m ˨˩
phiền muộn	f i ə n ˨˩ m u ə n ˧˨ ʔ
phiền nhiễu	f i ə n ˨˩ ɲ i ə w ˦ˀ˥
phiền não	f i ə n ˨˩ n aː w ˦ˀ˥
phiền phức	f i ə n ˨˩ f ɨ k̚ ˧˦
phiền toái	f i ə n ˨˩ t w aː j ˧˦
pho	f ɔ ˧˧
pho mát	f ɔ ˧˧ m aː t̚ ˧˦
pho tượng	f ɔ ˧˧ t ɨ ə ŋ ˧˨ ʔ
phoi	f ɔ j ˧˧
phom	f ɔ m ˧˧
phong	f a w ŋ͡m ˧˧
phong ba	f a w ŋ͡m ˧˧ ʔ ɓ aː ˧˧
phong ba bão táp không bằng ngữ pháp Việt Nam	f a w ŋ͡m ˧˧ ʔ ɓ aː ˧˧ ʔ ɓ aː w ˦ˀ˥ t aː p̚ ˧˦ x ə w ŋ͡m ˧˧ ʔ ɓ a ŋ ˨˩ ŋ ɨ ˦ˀ˥ f aː p̚ ˧˦ v i ə t̚ ˧˨ ʔ n aː m ˧˧
phong bì	f a w ŋ͡m ˧˧ ʔ ɓ i ˨˩
phong cách	f a w ŋ͡m ˧˧ k a j k̟̚ ˧˦
phong cảnh	f a w ŋ͡m ˧˧ k a j ŋ̟ ˧˩
phong cấp	f a w ŋ͡m ˧˧ k ə p̚ ˧˦
phong cầm	f a w ŋ͡m ˧˧ k ə m ˨˩
phong hoá	f a w ŋ͡m ˧˧ h w aː ˧˦
phong kiến	f a w ŋ͡m ˧˧ k i ə n ˧˦
phong lan	f a w ŋ͡m ˧˧ l aː n ˧˧
phong lưu	f a w ŋ͡m ˧˧ l i w ˧˧
phong nhã	f a w ŋ͡m ˧˧ ɲ aː ˦ˀ˥
phong phanh	f a w ŋ͡m ˧˧ f a j ŋ̟ ˧˧
phong phú	f a w ŋ͡m ˧˧ f u ˧˦
phong sát	f a w ŋ͡m ˧˧ s aː t̚ ˧˦
phong sương	f a w ŋ͡m ˧˧ s ɨ ə ŋ ˧˧
phong thanh	f a w ŋ͡m ˧˧ tʰ a j ŋ̟ ˧˧
phong thuỷ	f a w ŋ͡m ˧˧ tʰ w i ˧˩
phong thái	f a w ŋ͡m ˧˧ tʰ aː j ˧˦
phong thánh	f a w ŋ͡m ˧˧ tʰ a j ŋ̟ ˧˦
phong thấp	f a w ŋ͡m ˧˧ tʰ ə p̚ ˧˦
phong thần	f a w ŋ͡m ˧˧ tʰ ə n ˨˩
phong thổ	f a w ŋ͡m ˧˧ tʰ o ˧˩
phong toả	f a w ŋ͡m ˧˧ t w aː ˧˩
phong trào	f a w ŋ͡m ˧˧ t͡ɕ aː w ˨˩
phong trào Nghĩa Hoà Đoàn	f a w ŋ͡m ˧˧ t͡ɕ aː w ˨˩ ŋ i ə ˦ˀ˥ h w aː ˨˩ ʔ ɗ w aː n ˨˩
phong trần	f a w ŋ͡m ˧˧ t͡ɕ ə n ˨˩
phong tình	f a w ŋ͡m ˧˧ t ï ŋ ˨˩
phong tước	f a w ŋ͡m ˧˧ t ɨ ə k̚ ˧˦
phong tục	f a w ŋ͡m ˧˧ t ʊ w k͡p̚ ˧˨ ʔ
phong tục tập quán	f a w ŋ͡m ˧˧ t ʊ w k͡p̚ ˧˨ ʔ t ə p̚ ˧˨ ʔ k w aː n ˧˦
phong vương	f a w ŋ͡m ˧˧ v ɨ ə ŋ ˧˧
phong vị	f a w ŋ͡m ˧˧ v i ˧˨ ʔ
phong độ	f a w ŋ͡m ˧˧ ʔ ɗ o ˧˨ ʔ
photphat	f o t̚ ˧˦ f aː t̚ ˧˦
photpho	f o t̚ ˧˦ f ɔ ˧˧
photphua	f o t̚ ˧˦ f u ə ˧˧
phu	f u ˧˧
phu nhân	f u ˧˧ ɲ ə n ˧˧
phu phen	f u ˧˧ f ɛ n ˧˧
phu phụ	f u ˧˧ f u ˧˨ ʔ
phu quân	f u ˧˧ k w ə n ˧˧
phu thê	f u ˧˧ tʰ e ˧˧
phu xe	f u ˧˧ s ɛ ˧˧
phun	f u n ˧˧
phun trào	f u n ˧˧ t͡ɕ aː w ˨˩
phung phí	f ʊ w ŋ͡m ˧˧ f i ˧˦
phuy	f w i ˧˧
phá	f aː ˧˦
pháo	f aː w ˧˦
pháo binh	f aː w ˧˦ ʔ ɓ ï ŋ ˧˧
pháo bông	f aː w ˧˦ ʔ ɓ ə w ŋ͡m ˧˧
pháo hoa	f aː w ˧˦ h w aː ˧˧
pháo lồng	f aː w ˧˦ l ə w ŋ͡m ˨˩
pháo tay	f aː w ˧˦ t a j ˧˧
pháo đài	f aː w ˧˦ ʔ ɗ aː j ˨˩
pháp	f aː p̚ ˧˦
pháp chế	f aː p̚ ˧˦ t͡ɕ e ˧˦
pháp danh	f aː p̚ ˧˦ z a j ŋ̟ ˧˧
pháp gia	f aː p̚ ˧˦ z aː ˧˧
pháp luân	f aː p̚ ˧˦ l w ə n ˧˧
pháp luật	f aː p̚ ˧˦ l w ə t̚ ˧˨ ʔ
pháp lí	f aː p̚ ˧˦ l i ˧˦
pháp lệnh	f aː p̚ ˧˦ l ə j ŋ̟ ˧˨ ʔ
pháp nhân	f aː p̚ ˧˦ ɲ ə n ˧˧
pháp quyền	f aː p̚ ˧˦ k w i ə n ˨˩
pháp sư	f aː p̚ ˧˦ s ɨ ˧˧
pháp thuật	f aː p̚ ˧˦ tʰ w ə t̚ ˧˨ ʔ
pháp tuyến	f aː p̚ ˧˦ t w i ə n ˧˦
pháp y	f aː p̚ ˧˦ ʔ i ˧˧
pháp điển	f aː p̚ ˧˦ ʔ ɗ i ə n ˧˩
pháp điển hoá	f aː p̚ ˧˦ ʔ ɗ i ə n ˧˩ h w aː ˧˦
phát	f aː t̚ ˧˦
phát biểu	f aː t̚ ˧˦ ʔ ɓ i ə w ˧˩
phát bệnh	f aː t̚ ˧˦ ʔ ɓ ə j ŋ̟ ˧˨ ʔ
phát cuồng	f aː t̚ ˧˦ k u ə ŋ ˨˩
phát dục	f aː t̚ ˧˦ z ʊ w k͡p̚ ˧˨ ʔ
phát giác	f aː t̚ ˧˦ z aː k̚ ˧˦
phát hiện	f aː t̚ ˧˦ h i ə n ˧˨ ʔ
phát hoả	f aː t̚ ˧˦ h w aː ˧˩
phát huy	f aː t̚ ˧˦ h w i ˧˧
phát hành	f aː t̚ ˧˦ h a j ŋ̟ ˨˩
phát kiến	f aː t̚ ˧˦ k i ə n ˧˦
phát lưu	f aː t̚ ˧˦ l i w ˧˧
phát lộ	f aː t̚ ˧˦ l o ˧˨ ʔ
phát minh	f aː t̚ ˧˦ m ï ŋ ˧˧
phát ngôn	f aː t̚ ˧˦ ŋ o n ˧˧
phát ngôn viên	f aː t̚ ˧˦ ŋ o n ˧˧ v i ə n ˧˧
phát nổ	f aː t̚ ˧˦ n o ˧˩
phát quang	f aː t̚ ˧˦ k w aː ŋ ˧˧
phát sinh	f aː t̚ ˧˦ s ï ŋ ˧˧
phát sóng	f aː t̚ ˧˦ s a w ŋ͡m ˧˦
phát thanh	f aː t̚ ˧˦ tʰ a j ŋ̟ ˧˧
phát thanh viên	f aː t̚ ˧˦ tʰ a j ŋ̟ ˧˧ v i ə n ˧˧
phát triển	f aː t̚ ˧˦ t͡ɕ i ə n ˧˩
phát tác	f aː t̚ ˧˦ t aː k̚ ˧˦
phát tán	f aː t̚ ˧˦ t aː n ˧˦
phát xít	f aː t̚ ˧˦ s i t̚ ˧˦
phát âm	f aː t̚ ˧˦ ʔ ə m ˧˧
phát điên	f aː t̚ ˧˦ ʔ ɗ i ə n ˧˧
phát điện	f aː t̚ ˧˦ ʔ ɗ i ə n ˧˨ ʔ
phát đạt	f aː t̚ ˧˦ ʔ ɗ aː t̚ ˧˨ ʔ
phát động	f aː t̚ ˧˦ ʔ ɗ ə w ŋ͡m ˧˨ ʔ
phát ốm	f aː t̚ ˧˦ ʔ o m ˧˦
phân	f ə n ˧˧
phân biệt	f ə n ˧˧ ʔ ɓ i ə t̚ ˧˨ ʔ
phân biệt vùng miền	f ə n ˧˧ ʔ ɓ i ə t̚ ˧˨ ʔ v ʊ w ŋ͡m ˨˩ m i ə n ˨˩
phân biệt đối xử	f ə n ˧˧ ʔ ɓ i ə t̚ ˧˨ ʔ ʔ ɗ o j ˧˦ s ɨ ˧˩
phân bua	f ə n ˧˧ ʔ ɓ u ə ˧˧
phân bì	f ə n ˧˧ ʔ ɓ i ˨˩
phân bón	f ə n ˧˧ ʔ ɓ ɔ n ˧˦
phân băng li tích	f ə n ˧˧ ʔ ɓ a ŋ ˧˧ l i ˧˧ t ï k̟̚ ˧˦
phân bố	f ə n ˧˧ ʔ ɓ o ˧˦
phân bổ	f ə n ˧˧ ʔ ɓ o ˧˩
phân chia	f ə n ˧˧ t͡ɕ i ə ˧˧
phân công	f ə n ˧˧ k ə w ŋ͡m ˧˧
phân công lao động	f ə n ˧˧ k ə w ŋ͡m ˧˧ l aː w ˧˧ ʔ ɗ ə w ŋ͡m ˧˨ ʔ
phân giải	f ə n ˧˧ z aː j ˧˩
phân hiệu	f ə n ˧˧ h i ə w ˧˨ ʔ
phân hoá	f ə n ˧˧ h w aː ˧˦
phân hoá tố	f ə n ˧˧ h w aː ˧˦ t o ˧˦
phân huỷ	f ə n ˧˧ h w i ˧˩
phân hội	f ə n ˧˧ h o j ˧˨ ʔ
phân khoa	f ə n ˧˧ x w aː ˧˧
phân khối	f ə n ˧˧ x o j ˧˦
phân li	f ə n ˧˧ l i ˧˧
phân loại	f ə n ˧˧ l w aː j ˧˨ ʔ
phân loại học	f ə n ˧˧ l w aː j ˧˨ ʔ h a w k͡p̚ ˧˨ ʔ
phân loại sinh học	f ə n ˧˧ l w aː j ˧˨ ʔ s ï ŋ ˧˧ h a w k͡p̚ ˧˨ ʔ
phân lưu	f ə n ˧˧ l i w ˧˧
phân nửa	f ə n ˧˧ n ɨ ə ˧˩
phân phát	f ə n ˧˧ f aː t̚ ˧˦
phân phối	f ə n ˧˧ f o j ˧˦
phân quyền	f ə n ˧˧ k w i ə n ˨˩
phân rẽ	f ə n ˧˧ z ɛ ˦ˀ˥
phân số	f ə n ˧˧ s o ˧˦
phân thân	f ə n ˧˧ tʰ ə n ˧˧
phân tán	f ə n ˧˧ t aː n ˧˦
phân tâm	f ə n ˧˧ t ə m ˧˧
phân tâm học	f ə n ˧˧ t ə m ˧˧ h a w k͡p̚ ˧˨ ʔ
phân tích	f ə n ˧˧ t ï k̟̚ ˧˦
phân từ	f ə n ˧˧ t ɨ ˨˩
phân từ hiện tại	f ə n ˧˧ t ɨ ˨˩ h i ə n ˧˨ ʔ t aː j ˧˨ ʔ
phân từ quá khứ	f ə n ˧˧ t ɨ ˨˩ k w aː ˧˦ x ɨ ˧˦
phân tử	f ə n ˧˧ t ɨ ˧˩
phân tử khối	f ə n ˧˧ t ɨ ˧˩ x o j ˧˦
phân viện	f ə n ˧˧ v i ə n ˧˨ ʔ
phân vân	f ə n ˧˧ v ə n ˧˧
phân vùng	f ə n ˧˧ v ʊ w ŋ͡m ˨˩
phân xử	f ə n ˧˧ s ɨ ˧˩
phân định	f ə n ˧˧ ʔ ɗ ï ŋ ˧˨ ʔ
phân ưu	f ə n ˧˧ ʔ i w ˧˧
phây	f ə j ˧˧
phè	f ɛ ˨˩
phè phỡn	f ɛ ˨˩ f əː n ˦ˀ˥
phèn	f ɛ n ˨˩
phèo	f ɛ w ˨˩
phép	f ɛ p̚ ˧˦
phép biện chứng	f ɛ p̚ ˧˦ ʔ ɓ i ə n ˧˨ ʔ t͡ɕ ɨ ŋ ˧˦
phép chia	f ɛ p̚ ˧˦ t͡ɕ i ə ˧˧
phép cộng	f ɛ p̚ ˧˦ k ə w ŋ͡m ˧˨ ʔ
phép mầu	f ɛ p̚ ˧˦ m ə w ˨˩
phép nhân	f ɛ p̚ ˧˦ ɲ ə n ˧˧
phép thuật	f ɛ p̚ ˧˦ tʰ w ə t̚ ˧˨ ʔ
phép thắng lợi tinh thần	f ɛ p̚ ˧˦ tʰ a ŋ ˧˦ l əː j ˧˨ ʔ t ï ŋ ˧˧ tʰ ə n ˨˩
phép thử	f ɛ p̚ ˧˦ tʰ ɨ ˧˩
phép toán	f ɛ p̚ ˧˦ t w aː n ˧˦
phép toán số học	f ɛ p̚ ˧˦ t w aː n ˧˦ s o ˧˦ h a w k͡p̚ ˧˨ ʔ
phép trừ	f ɛ p̚ ˧˦ t͡ɕ ɨ ˨˩
phép tắc	f ɛ p̚ ˧˦ t a k̚ ˧˦
phép vua thua lệ làng	f ɛ p̚ ˧˦ v u ə ˧˧ tʰ u ə ˧˧ l e ˧˨ ʔ l aː ŋ ˨˩
phét	f ɛ t̚ ˧˦
phét lác	f ɛ t̚ ˧˦ l aː k̚ ˧˦
phê	f e ˧˧
phê bình	f e ˧˧ ʔ ɓ ï ŋ ˨˩
phê chuẩn	f e ˧˧ t͡ɕ w ə n ˧˩
phê cỏ	f e ˧˧ k ɔ ˧˩
phê duyệt	f e ˧˧ z w i ə t̚ ˧˨ ʔ
phê như con tê tê	f e ˧˧ ɲ ɨ ˧˧ k ɔ n ˧˧ t e ˧˧ t e ˧˧
phê phán	f e ˧˧ f aː n ˧˦
phê điểm	f e ˧˧ ʔ ɗ i ə m ˧˩
phên	f e n ˧˧
phên giậu	f e n ˧˧ z ə w ˧˨ ʔ
phì	f i ˨˩
phì cười	f i ˨˩ k ɨ ə j ˨˩
phì nhiêu	f i ˨˩ ɲ i ə w ˧˧
phì đại	f i ˨˩ ʔ ɗ aː j ˧˨ ʔ
phìa	f i ə ˨˩
phìa tạo	f i ə ˨˩ t aː w ˧˨ ʔ
phình	f ï ŋ ˨˩
phí	f i ˧˦
phí hoài	f i ˧˦ h w aː j ˨˩
phí phạm	f i ˧˦ f aː m ˧˨ ʔ
phí tổn	f i ˧˦ t o n ˧˩
phía	f i ə ˧˦
phích	f ï k̟̚ ˧˦
phím	f i m ˧˦
phò	f ɔ ˨˩
phò mã	f ɔ ˨˩ m aː ˦ˀ˥
phòi	f ɔ j ˨˩
phòng	f a w ŋ͡m ˨˩
phòng bệnh	f a w ŋ͡m ˨˩ ʔ ɓ ə j ŋ̟ ˧˨ ʔ
phòng bệnh hơn chữa bệnh	f a w ŋ͡m ˨˩ ʔ ɓ ə j ŋ̟ ˧˨ ʔ h əː n ˧˧ t͡ɕ ɨ ə ˦ˀ˥ ʔ ɓ ə j ŋ̟ ˧˨ ʔ
phòng bị	f a w ŋ͡m ˨˩ ʔ ɓ i ˧˨ ʔ
phòng chống	f a w ŋ͡m ˨˩ t͡ɕ ə w ŋ͡m ˧˦
phòng hộ	f a w ŋ͡m ˨˩ h o ˧˨ ʔ
phòng khi	f a w ŋ͡m ˨˩ x i ˧˧
phòng khách	f a w ŋ͡m ˨˩ x a j k̟̚ ˧˦
phòng khám	f a w ŋ͡m ˨˩ x aː m ˧˦
phòng không	f a w ŋ͡m ˨˩ x ə w ŋ͡m ˧˧
phòng mạch	f a w ŋ͡m ˨˩ m a j k̟̚ ˧˨ ʔ
phòng mổ	f a w ŋ͡m ˨˩ m o ˧˩
phòng ngủ	f a w ŋ͡m ˨˩ ŋ u ˧˩
phòng ngừa	f a w ŋ͡m ˨˩ ŋ ɨ ə ˨˩
phòng thân	f a w ŋ͡m ˨˩ tʰ ə n ˧˧
phòng thí nghiệm	f a w ŋ͡m ˨˩ tʰ i ˧˦ ŋ i ə m ˧˨ ʔ
phòng thủ	f a w ŋ͡m ˨˩ tʰ u ˧˩
phòng tuyến	f a w ŋ͡m ˨˩ t w i ə n ˧˦
phòng tắm	f a w ŋ͡m ˨˩ t a m ˧˦
phòng tắm hơi	f a w ŋ͡m ˨˩ t a m ˧˦ h əː j ˧˧
phòng vé	f a w ŋ͡m ˨˩ v ɛ ˧˦
phòng vệ	f a w ŋ͡m ˨˩ v e ˧˨ ʔ
phòng xa	f a w ŋ͡m ˨˩ s aː ˧˧
phòng ăn	f a w ŋ͡m ˨˩ ʔ a n ˧˧
phòng đôi	f a w ŋ͡m ˨˩ ʔ ɗ o j ˧˧
phòng ốc	f a w ŋ͡m ˨˩ ʔ ə w k͡p̚ ˧˦
phó	f ɔ ˧˦
phó chủ tịch	f ɔ ˧˦ t͡ɕ u ˧˩ t ï k̟̚ ˧˨ ʔ
phó giám đốc	f ɔ ˧˦ z aː m ˧˦ ʔ ɗ ə w k͡p̚ ˧˦
phó giáp	f ɔ ˧˦ z aː p̚ ˧˦
phó giáp trạng	f ɔ ˧˦ z aː p̚ ˧˦ t͡ɕ aː ŋ ˧˨ ʔ
phó hiệu trưởng	f ɔ ˧˦ h i ə w ˧˨ ʔ t͡ɕ ɨ ə ŋ ˧˩
phó mát	f ɔ ˧˦ m aː t̚ ˧˦
phó mặc	f ɔ ˧˦ m a k̚ ˧˨ ʔ
phó nháy	f ɔ ˧˦ ɲ a j ˧˦
phó thác	f ɔ ˧˦ tʰ aː k̚ ˧˦
phó thủ tướng	f ɔ ˧˦ tʰ u ˧˩ t ɨ ə ŋ ˧˦
phó tế	f ɔ ˧˦ t e ˧˦
phó từ	f ɔ ˧˦ t ɨ ˨˩
phó đô đốc	f ɔ ˧˦ ʔ ɗ o ˧˧ ʔ ɗ ə w k͡p̚ ˧˦
phó đề đốc	f ɔ ˧˦ ʔ ɗ e ˨˩ ʔ ɗ ə w k͡p̚ ˧˦
phóng	f a w ŋ͡m ˧˦
phóng hoả	f a w ŋ͡m ˧˦ h w aː ˧˩
phóng khoáng	f a w ŋ͡m ˧˦ x w aː ŋ ˧˦
phóng lợn	f a w ŋ͡m ˧˦ l əː n ˧˨ ʔ
phóng sinh	f a w ŋ͡m ˧˦ s ï ŋ ˧˧
phóng sự	f a w ŋ͡m ˧˦ s ɨ ˧˨ ʔ
phóng thanh	f a w ŋ͡m ˧˦ tʰ a j ŋ̟ ˧˧
phóng thích	f a w ŋ͡m ˧˦ tʰ ï k̟̚ ˧˦
phóng tinh	f a w ŋ͡m ˧˦ t ï ŋ ˧˧
phóng tác	f a w ŋ͡m ˧˦ t aː k̚ ˧˦
phóng túng	f a w ŋ͡m ˧˦ t ʊ w ŋ͡m ˧˦
phóng uế	f a w ŋ͡m ˧˦ ʔ w e ˧˦
phóng viên	f a w ŋ͡m ˧˦ v i ə n ˧˧
phóng xạ	f a w ŋ͡m ˧˦ s aː ˧˨ ʔ
phóng điện	f a w ŋ͡m ˧˦ ʔ ɗ i ə n ˧˨ ʔ
phóng đãng	f a w ŋ͡m ˧˦ ʔ ɗ aː ŋ ˦ˀ˥
phóng đại	f a w ŋ͡m ˧˦ ʔ ɗ aː j ˧˨ ʔ
phô	f o ˧˧
phô bay	f o ˧˧ ʔ ɓ a j ˧˧
phô bày	f o ˧˧ ʔ ɓ a j ˨˩
phô diễn	f o ˧˧ z i ə n ˦ˀ˥
phô mai	f o ˧˧ m aː j ˧˧
phô trương	f o ˧˧ t͡ɕ ɨ ə ŋ ˧˧
phô trương thanh thế	f o ˧˧ t͡ɕ ɨ ə ŋ ˧˧ tʰ a j ŋ̟ ˧˧ tʰ e ˧˦
phôi	f o j ˧˧
phôi pha	f o j ˧˧ f aː ˧˧
phôi thai	f o j ˧˧ tʰ aː j ˧˧
phôi thai học	f o j ˧˧ tʰ aː j ˧˧ h a w k͡p̚ ˧˨ ʔ
phôn	f o n ˧˧
phông	f ə w ŋ͡m ˧˧
phù	f u ˨˩
phù chú	f u ˨˩ t͡ɕ u ˧˦
phù du	f u ˨˩ z u ˧˧
phù dâu	f u ˨˩ z ə w ˧˧
phù hiệu	f u ˨˩ h i ə w ˧˨ ʔ
phù hộ	f u ˨˩ h o ˧˨ ʔ
phù hợp	f u ˨˩ h əː p̚ ˧˨ ʔ
phù nề	f u ˨˩ n e ˨˩
phù phiếm	f u ˨˩ f i ə m ˧˦
phù rể	f u ˨˩ z e ˧˩
phù sa	f u ˨˩ s aː ˧˧
phù thuỷ	f u ˨˩ tʰ w i ˧˩
phù trì	f u ˨˩ t͡ɕ i ˨˩
phù trợ	f u ˨˩ t͡ɕ əː ˧˨ ʔ
phù vân	f u ˨˩ v ə n ˧˧
phù điêu	f u ˨˩ ʔ ɗ i ə w ˧˧
phù đồ	f u ˨˩ ʔ ɗ o ˨˩
phùn	f u n ˨˩
phú	f u ˧˦
phú cường	f u ˧˦ k ɨ ə ŋ ˨˩
phú hộ	f u ˧˦ h o ˧˨ ʔ
phú nông	f u ˧˦ n ə w ŋ͡m ˧˧
phú quý	f u ˧˦ k w i ˧˦
phúc	f ʊ w k͡p̚ ˧˦
phúc hạch	f ʊ w k͡p̚ ˧˦ h a j k̟̚ ˧˨ ʔ
phúc hậu	f ʊ w k͡p̚ ˧˦ h ə w ˧˨ ʔ
phúc khảo	f ʊ w k͡p̚ ˧˦ x aː w ˧˩
phúc lợi	f ʊ w k͡p̚ ˧˦ l əː j ˧˨ ʔ
phúc mạc	f ʊ w k͡p̚ ˧˦ m aː k̚ ˧˨ ʔ
phúc thẩm	f ʊ w k͡p̚ ˧˦ tʰ ə m ˧˩
phúc tra	f ʊ w k͡p̚ ˧˦ t͡ɕ aː ˧˧
phúc xạ	f ʊ w k͡p̚ ˧˦ s aː ˧˨ ʔ
phúc âm	f ʊ w k͡p̚ ˧˦ ʔ ə m ˧˧
phúc đức	f ʊ w k͡p̚ ˧˦ ʔ ɗ ɨ k̚ ˧˦
phúng phính	f ʊ w ŋ͡m ˧˦ f ï ŋ ˧˦
phút	f u t̚ ˧˦
phăm phăm	f a m ˧˧ f a m ˧˧
phăng phăng	f a ŋ ˧˧ f a ŋ ˧˧
phăng teo	f a ŋ ˧˧ t ɛ w ˧˧
phũ	f u ˦ˀ˥
phũ phàng	f u ˦ˀ˥ f aː ŋ ˨˩
phơ	f əː ˧˧
phơi	f əː j ˧˧
phơi bày	f əː j ˧˧ ʔ ɓ a j ˨˩
phơi nhiễm	f əː j ˧˧ ɲ i ə m ˦ˀ˥
phơi nắng	f əː j ˧˧ n a ŋ ˧˦
phơn	f əː n ˧˧
phương	f ɨ ə ŋ ˧˧
phương Tây	f ɨ ə ŋ ˧˧ t ə j ˧˧
phương chi	f ɨ ə ŋ ˧˧ t͡ɕ i ˧˧
phương châm	f ɨ ə ŋ ˧˧ t͡ɕ ə m ˧˧
phương diện	f ɨ ə ŋ ˧˧ z i ə n ˧˨ ʔ
phương hướng	f ɨ ə ŋ ˧˧ h ɨ ə ŋ ˧˦
phương hại	f ɨ ə ŋ ˧˧ h aː j ˧˨ ʔ
phương ngôn	f ɨ ə ŋ ˧˧ ŋ o n ˧˧
phương ngữ	f ɨ ə ŋ ˧˧ ŋ ɨ ˦ˀ˥
phương ngữ học	f ɨ ə ŋ ˧˧ ŋ ɨ ˦ˀ˥ h a w k͡p̚ ˧˨ ʔ
phương phi	f ɨ ə ŋ ˧˧ f i ˧˧
phương pháp	f ɨ ə ŋ ˧˧ f aː p̚ ˧˦
phương pháp luận	f ɨ ə ŋ ˧˧ f aː p̚ ˧˦ l w ə n ˧˨ ʔ
phương sách	f ɨ ə ŋ ˧˧ s a j k̟̚ ˧˦
phương thức	f ɨ ə ŋ ˧˧ tʰ ɨ k̚ ˧˦
phương thức cấu âm	f ɨ ə ŋ ˧˧ tʰ ɨ k̚ ˧˦ k ə w ˧˦ ʔ ə m ˧˧
phương thức sản xuất	f ɨ ə ŋ ˧˧ tʰ ɨ k̚ ˧˦ s aː n ˧˩ s w ə t̚ ˧˦
phương tiện	f ɨ ə ŋ ˧˧ t i ə n ˧˨ ʔ
phương tiện giao thông	f ɨ ə ŋ ˧˧ t i ə n ˧˨ ʔ z aː w ˧˧ tʰ ə w ŋ͡m ˧˧
phương trình	f ɨ ə ŋ ˧˧ t͡ɕ ï ŋ ˨˩
phương trình hoá học	f ɨ ə ŋ ˧˧ t͡ɕ ï ŋ ˨˩ h w aː ˧˦ h a w k͡p̚ ˧˨ ʔ
phương trình tham số	f ɨ ə ŋ ˧˧ t͡ɕ ï ŋ ˨˩ tʰ aː m ˧˧ s o ˧˦
phương trình tổng quát	f ɨ ə ŋ ˧˧ t͡ɕ ï ŋ ˨˩ t ə w ŋ͡m ˧˩ k w aː t̚ ˧˦
phương trình vi phân	f ɨ ə ŋ ˧˧ t͡ɕ ï ŋ ˨˩ v i ˧˧ f ə n ˧˧
phương án	f ɨ ə ŋ ˧˧ ʔ aː n ˧˦
phương án B	f ɨ ə ŋ ˧˧ ʔ aː n ˧˦ ʔ ɓ e ˧˧
phương Đông	f ɨ ə ŋ ˧˧ ʔ ɗ ə w ŋ͡m ˧˧
phước	f ɨ ə k̚ ˧˦
phướn	f ɨ ə n ˧˦
phường	f ɨ ə ŋ ˨˩
phường hội	f ɨ ə ŋ ˨˩ h o j ˧˨ ʔ
phượng	f ɨ ə ŋ ˧˨ ʔ
phượng hoàng	f ɨ ə ŋ ˧˨ ʔ h w aː ŋ ˨˩
phượng vĩ	f ɨ ə ŋ ˧˨ ʔ v i ˦ˀ˥
phượt	f ɨ ə t̚ ˧˨ ʔ
phạm	f aː m ˧˨ ʔ
phạt	f aː t̚ ˧˨ ʔ
phải	f aː j ˧˩
phản	f aː n ˧˩
phấn	f ə n ˧˦
phấn chấn	f ə n ˧˦ t͡ɕ ə n ˧˦
phấn khích	f ə n ˧˦ x ï k̟̚ ˧˦
phấn khởi	f ə n ˧˦ x əː j ˧˩
phấn sáp	f ə n ˧˦ s aː p̚ ˧˦
phấn tiên	f ə n ˧˦ t i ə n ˧˧
phấn đấu	f ə n ˧˦ ʔ ɗ ə w ˧˦
phấp phới	f ə p̚ ˧˦ f əː j ˧˦
phất	f ə t̚ ˧˦
phất phơ	f ə t̚ ˧˦ f əː ˧˧
phần	f ə n ˨˩
phần cứng	f ə n ˨˩ k ɨ ŋ ˧˦
phần lớn	f ə n ˨˩ l əː n ˧˦
phần mềm	f ə n ˨˩ m e m ˨˩
phần mềm có hại	f ə n ˨˩ m e m ˨˩ k ɔ ˧˦ h aː j ˧˨ ʔ
phần mềm xấu	f ə n ˨˩ m e m ˨˩ s ə w ˧˦
phần mộ	f ə n ˨˩ m o ˧˨ ʔ
phần nhiều	f ə n ˨˩ ɲ i ə w ˨˩
phần nào	f ə n ˨˩ n aː w ˨˩
phần phụ	f ə n ˨˩ f u ˧˨ ʔ
phần thưởng	f ə n ˨˩ tʰ ɨ ə ŋ ˧˩
phần trăm	f ə n ˨˩ t͡ɕ a m ˧˧
phần tử	f ə n ˨˩ t ɨ ˧˩
phần đông	f ə n ˨˩ ʔ ɗ ə w ŋ͡m ˧˧
phẩm	f ə m ˧˩
phẩm chất	f ə m ˧˩ t͡ɕ ə t̚ ˧˦
phẩm cách	f ə m ˧˩ k a j k̟̚ ˧˦
phẩm giá	f ə m ˧˩ z aː ˧˦
phẩm hàm	f ə m ˧˩ h aː m ˨˩
phẩm trật	f ə m ˧˩ t͡ɕ ə t̚ ˧˨ ʔ
phẩm vật	f ə m ˧˩ v ə t̚ ˧˨ ʔ
phẩy	f ə j ˧˩
phẫn	f ə n ˦ˀ˥
phẫn chí	f ə n ˦ˀ˥ t͡ɕ i ˧˦
phẫn nộ	f ə n ˦ˀ˥ n o ˧˨ ʔ
phẫn uất	f ə n ˦ˀ˥ ʔ w ə t̚ ˧˦
phẫu	f ə w ˦ˀ˥
phẫu thuật	f ə w ˦ˀ˥ tʰ w ə t̚ ˧˨ ʔ
phẫu thuật tạo hình	f ə w ˦ˀ˥ tʰ w ə t̚ ˧˨ ʔ t aː w ˧˨ ʔ h ï ŋ ˨˩
phận	f ə n ˧˨ ʔ
phận sự	f ə n ˧˨ ʔ s ɨ ˧˨ ʔ
phập phồng	f ə p̚ ˧˨ ʔ f ə w ŋ͡m ˨˩
phật	f ə t̚ ˧˨ ʔ
phật lòng	f ə t̚ ˧˨ ʔ l a w ŋ͡m ˨˩
phật lăng	f ə t̚ ˧˨ ʔ l a ŋ ˧˧
phật thủ	f ə t̚ ˧˨ ʔ tʰ u ˧˩
phật ý	f ə t̚ ˧˨ ʔ ʔ i ˧˦
phắn	f a n ˧˦
phắt	f a t̚ ˧˦
phẳng	f a ŋ ˧˩
phẳng lì	f a ŋ ˧˩ l i ˨˩
phẳng lặng	f a ŋ ˧˩ l a ŋ ˧˨ ʔ
phẳng phiu	f a ŋ ˧˩ f i w ˧˧
phẻ	f ɛ ˧˩
phế	f e ˧˦
phế bào	f e ˧˦ ʔ ɓ aː w ˨˩
phế cầu khuẩn	f e ˧˦ k ə w ˨˩ x w ə n ˧˩
phế liệu	f e ˧˦ l i ə w ˧˨ ʔ
phế nang	f e ˧˦ n aː ŋ ˧˧
phế phẩm	f e ˧˦ f ə m ˧˩
phế quản	f e ˧˦ k w aː n ˧˩
phế truất	f e ˧˦ t͡ɕ w ə t̚ ˧˦
phế tích	f e ˧˦ t ï k̟̚ ˧˦
phếch	f ə j k̟̚ ˧˦
phết	f e t̚ ˧˦
phều phào	f e w ˨˩ f aː w ˨˩
phễu	f e w ˦ˀ˥
phệ	f e ˧˨ ʔ
phỉ	f i ˧˩
phỉ nhổ	f i ˧˩ ɲ o ˧˩
phỉ thuý	f i ˧˩ tʰ w i ˧˦
phỉnh	f ï ŋ ˧˩
phị	f i ˧˨ ʔ
phịa	f i ə ˧˨ ʔ
phịch	f ï k̟̚ ˧˨ ʔ
phọt	f ɔ t̚ ˧˨ ʔ
phọt cứt	f ɔ t̚ ˧˨ ʔ k ɨ t̚ ˧˦
phọt phẹt	f ɔ t̚ ˧˨ ʔ f ɛ t̚ ˧˨ ʔ
phỏng	f a w ŋ͡m ˧˩
phỏng dịch	f a w ŋ͡m ˧˩ z ï k̟̚ ˧˨ ʔ
phỏng sinh học	f a w ŋ͡m ˧˩ s ï ŋ ˧˧ h a w k͡p̚ ˧˨ ʔ
phỏng vấn	f a w ŋ͡m ˧˩ v ə n ˧˦
phỏng đoán	f a w ŋ͡m ˧˩ ʔ ɗ w aː n ˧˦
phố	f o ˧˦
phố Tây	f o ˧˦ t ə j ˧˧
phố cổ	f o ˧˦ k o ˧˩
phố phường	f o ˧˦ f ɨ ə ŋ ˨˩
phố tàu	f o ˧˦ t a w ˨˩
phố xá	f o ˧˦ s aː ˧˦
phối	f o j ˧˦
phối cảnh	f o j ˧˦ k a j ŋ̟ ˧˩
phối hợp	f o j ˧˦ h əː p̚ ˧˨ ʔ
phối ngẫu	f o j ˧˦ ŋ ə w ˦ˀ˥
phốp pháp	f o p̚ ˧˦ f aː p̚ ˧˦
phốt	f o t̚ ˧˦
phồn	f o n ˨˩
phồn hoa	f o n ˨˩ h w aː ˧˧
phồn thể	f o n ˨˩ tʰ e ˧˩
phồn thịnh	f o n ˨˩ tʰ ï ŋ ˧˨ ʔ
phồn thực	f o n ˨˩ tʰ ɨ k̚ ˧˨ ʔ
phồn vinh	f o n ˨˩ v ï ŋ ˧˧
phồng	f ə w ŋ͡m ˨˩
phổ	f o ˧˩
phổ biến	f o ˧˩ ʔ ɓ i ə n ˧˦
phổ cập	f o ˧˩ k ə p̚ ˧˨ ʔ
phổ quát	f o ˧˩ k w aː t̚ ˧˦
phổ thông	f o ˧˩ tʰ ə w ŋ͡m ˧˧
phổ thông thoại	f o ˧˩ tʰ ə w ŋ͡m ˧˧ tʰ w aː j ˧˨ ʔ
phổi	f o j ˧˩
phổng phao	f ə w ŋ͡m ˧˩ f aː w ˧˧
phỗng	f ə w ŋ͡m ˦ˀ˥
phới	f əː j ˧˦
phớt	f əː t̚ ˧˦
phớt lờ	f əː t̚ ˧˦ l əː ˨˩
phớt tỉnh	f əː t̚ ˧˦ t ï ŋ ˧˩
phờ	f əː ˨˩
phờ phạc	f əː ˨˩ f aː k̚ ˧˨ ʔ
phở	f əː ˧˩
phở cuốn	f əː ˧˩ k u ə n ˧˦
phởn phơ	f əː n ˧˩ f əː ˧˧
phụ	f u ˧˨ ʔ
phụ bạc	f u ˧˨ ʔ ʔ ɓ aː k̚ ˧˨ ʔ
phụ chú	f u ˧˨ ʔ t͡ɕ u ˧˦
phụ công	f u ˧˨ ʔ k ə w ŋ͡m ˧˧
phụ cận	f u ˧˨ ʔ k ə n ˧˨ ʔ
phụ gia	f u ˧˨ ʔ z aː ˧˧
phụ giáo	f u ˧˨ ʔ z aː w ˧˦
phụ giúp	f u ˧˨ ʔ z u p̚ ˧˦
phụ hoạ	f u ˧˨ ʔ h w aː ˧˨ ʔ
phụ huynh	f u ˧˨ ʔ h w ï ŋ̟ ˧˧
phụ hệ	f u ˧˨ ʔ h e ˧˨ ʔ
phụ khoa	f u ˧˨ ʔ x w aː ˧˧
phụ kiện	f u ˧˨ ʔ k i ə n ˧˨ ʔ
phụ lòng	f u ˧˨ ʔ l a w ŋ͡m ˨˩
phụ lưu	f u ˧˨ ʔ l i w ˧˧
phụ lục	f u ˧˨ ʔ l ʊ w k͡p̚ ˧˨ ʔ
phụ nữ	f u ˧˨ ʔ n ɨ ˦ˀ˥
phụ phí	f u ˧˨ ʔ f i ˧˦
phụ phẩm	f u ˧˨ ʔ f ə m ˧˩
phụ thuộc	f u ˧˨ ʔ tʰ u ə k̚ ˧˨ ʔ
phụ trách	f u ˧˨ ʔ t͡ɕ a j k̟̚ ˧˦
phụ trương	f u ˧˨ ʔ t͡ɕ ɨ ə ŋ ˧˧
phụ trội	f u ˧˨ ʔ t͡ɕ o j ˧˨ ʔ
phụ trợ	f u ˧˨ ʔ t͡ɕ əː ˧˨ ʔ
phụ tá	f u ˧˨ ʔ t aː ˧˦
phụ tình	f u ˧˨ ʔ t ï ŋ ˨˩
phụ tùng	f u ˧˨ ʔ t ʊ w ŋ͡m ˨˩
phụ tố	f u ˧˨ ʔ t o ˧˦
phụ từ	f u ˧˨ ʔ t ɨ ˨˩
phụ âm	f u ˧˨ ʔ ʔ ə m ˧˧
phụ đề	f u ˧˨ ʔ ʔ ɗ e ˨˩
phục	f ʊ w k͡p̚ ˧˨ ʔ
phục chế	f ʊ w k͡p̚ ˧˨ ʔ t͡ɕ e ˧˦
phục dựng	f ʊ w k͡p̚ ˧˨ ʔ z ɨ ŋ ˧˨ ʔ
phục hưng	f ʊ w k͡p̚ ˧˨ ʔ h ɨ ŋ ˧˧
phục hồi	f ʊ w k͡p̚ ˧˨ ʔ h o j ˨˩
phục kích	f ʊ w k͡p̚ ˧˨ ʔ k ï k̟̚ ˧˦
phục nguyên	f ʊ w k͡p̚ ˧˨ ʔ ŋ w i ə n ˧˧
phục quốc	f ʊ w k͡p̚ ˧˨ ʔ k u ə k̚ ˧˦
phục quốc Do Thái	f ʊ w k͡p̚ ˧˨ ʔ k u ə k̚ ˧˦ z ɔ ˧˧ tʰ aː j ˧˦
phục sinh	f ʊ w k͡p̚ ˧˨ ʔ s ï ŋ ˧˧
phục sức	f ʊ w k͡p̚ ˧˨ ʔ s ɨ k̚ ˧˦
phục thù	f ʊ w k͡p̚ ˧˨ ʔ tʰ u ˨˩
phục tùng	f ʊ w k͡p̚ ˧˨ ʔ t ʊ w ŋ͡m ˨˩
phục viên	f ʊ w k͡p̚ ˧˨ ʔ v i ə n ˧˧
phục vụ	f ʊ w k͡p̚ ˧˨ ʔ v u ˧˨ ʔ
phụng dưỡng	f ʊ w ŋ͡m ˧˨ ʔ z ɨ ə ŋ ˦ˀ˥
phụng hoàng	f ʊ w ŋ͡m ˧˨ ʔ h w aː ŋ ˨˩
phụng mệnh	f ʊ w ŋ͡m ˧˨ ʔ m ə j ŋ̟ ˧˨ ʔ
phụng phịu	f ʊ w ŋ͡m ˧˨ ʔ f i w ˧˨ ʔ
phụng sự	f ʊ w ŋ͡m ˧˨ ʔ s ɨ ˧˨ ʔ
phụt	f u t̚ ˧˨ ʔ
phụt cứt	f u t̚ ˧˨ ʔ k ɨ t̚ ˧˦
phủ	f u ˧˩
phủ nhận	f u ˧˩ ɲ ə n ˧˨ ʔ
phủ phê	f u ˧˩ f e ˧˧
phủ quyết	f u ˧˩ k w i ə t̚ ˧˦
phủ xanh	f u ˧˩ s a j ŋ̟ ˧˧
phủ đầu	f u ˧˩ ʔ ɗ ə w ˨˩
phủ định	f u ˧˩ ʔ ɗ ï ŋ ˧˨ ʔ
phủi	f u j ˧˩
phức	f ɨ k̚ ˧˦
phức cảm	f ɨ k̚ ˧˦ k aː m ˧˩
phức hợp	f ɨ k̚ ˧˦ h əː p̚ ˧˨ ʔ
phức thể	f ɨ k̚ ˧˦ tʰ e ˧˩
phức tạp	f ɨ k̚ ˧˦ t aː p̚ ˧˨ ʔ
phức tạp hoá	f ɨ k̚ ˧˦ t aː p̚ ˧˨ ʔ h w aː ˧˦
phứt	f ɨ t̚ ˧˦
piano	p i ˧˧ ʔ aː ˧˧ n o ˧˧
pin	p i n ˧˧
pin	ʔ ɓ i n ˧˧
pin sạc	p i n ˧˧ s aː k̚ ˧˨ ʔ
platin	p l aː ˧˧ t i n ˧˧
plutoni	p l u ˧˧ t o ˧˧ n i ˧˧
poloni	p o ˧˧ l o ˧˧ n i ˧˧
poloni	ʔ ɓ o ˧˧ l o ˧˧ n i ˧˧
polyetylen	p ɔ ˧˧ l i ˧˧ ʔ e ˧˧ t i ˧˧ l ɛ n ˧˧
prazeođim	p ɹ aː ˧˧ z ɛ w ˧˧ ʔ ɗ i m ˧˧
prometi	p əː ˨˩ z o ˧˧ m e ˧˧ t i ˧˧
prometi	p əː ˨˩ ɹ o ˧˧ m e ˧˧ t i ˧˧
prometi	p ɹ o ˧˧ m e ˧˧ t i ˧˧
prometi	ʔ ɓ əː ˨˩ z o ˧˧ m e ˧˧ t i ˧˧
prometi	ʔ ɓ əː ˨˩ ɹ o ˧˧ m e ˧˧ t i ˧˧
protactini	p ɹ o ˧˧ t aː k̚ ˧˦ t i ˧˧ n i ˧˧
protein	p ɹ o ˧˧ t e ˧˧ ʔ i n ˧˧
prôton	p ɹ o ˧˧ t ə w ŋ͡m ˧˧
pích	p ï k̟̚ ˧˦
pích	ʔ ɓ ï k̟̚ ˧˦
pín	p i n ˧˦
píp	p i p̚ ˧˦
pít tông	p i t̚ ˧˦ t ə w ŋ͡m ˧˧
pô	p o ˧˧
pô	ʔ ɓ o ˧˧
pơ mu	p əː ˧˧ m u ˧˧
qua	k w aː ˧˧
qua cầu rút ván	k w aː ˧˧ k ə w ˨˩ z u t̚ ˧˦ v aː n ˧˦
qua khỏi	k w aː ˧˧ x ɔ j ˧˩
qua loa	k w aː ˧˧ l w aː ˧˧
qua lại	k w aː ˧˧ l aː j ˧˨ ʔ
qua mắt	k w aː ˧˧ m a t̚ ˧˦
qua mặt	k w aː ˧˧ m a t̚ ˧˨ ʔ
qua quýt	k w aː ˧˧ k w i t̚ ˧˦
qua đời	k w aː ˧˧ ʔ ɗ əː j ˨˩
quai	k w aː j ˧˧
quai bị	k w aː j ˧˧ ʔ ɓ i ˧˨ ʔ
quai nón	k w aː j ˧˧ n ɔ n ˧˦
quan	k w aː n ˧˧
quan chấp chính	k w aː n ˧˧ t͡ɕ ə p̚ ˧˦ t͡ɕ ï ŋ ˧˦
quan chế	k w aː n ˧˧ t͡ɕ e ˧˦
quan chức	k w aː n ˧˧ t͡ɕ ɨ k̚ ˧˦
quan hệ	k w aː n ˧˧ h e ˧˨ ʔ
quan hệ sản xuất	k w aː n ˧˧ h e ˧˨ ʔ s aː n ˧˩ s w ə t̚ ˧˦
quan hệ tình dục	k w aː n ˧˧ h e ˧˨ ʔ t ï ŋ ˨˩ z ʊ w k͡p̚ ˧˨ ʔ
quan họ	k w aː n ˧˧ h ɔ ˧˨ ʔ
quan lang	k w aː n ˧˧ l aː ŋ ˧˧
quan liêu	k w aː n ˧˧ l i ə w ˧˧
quan lại	k w aː n ˧˧ l aː j ˧˨ ʔ
quan ngại	k w aː n ˧˧ ŋ aː j ˧˨ ʔ
quan nhân	k w aː n ˧˧ ɲ ə n ˧˧
quan niệm	k w aː n ˧˧ n i ə m ˧˨ ʔ
quan quân	k w aː n ˧˧ k w ə n ˧˧
quan sát	k w aː n ˧˧ s aː t̚ ˧˦
quan thiết	k w aː n ˧˧ tʰ i ə t̚ ˧˦
quan to	k w aː n ˧˧ t ɔ ˧˧
quan trắc	k w aː n ˧˧ t͡ɕ a k̚ ˧˦
quan trọng	k w aː n ˧˧ t͡ɕ a w ŋ͡m ˧˨ ʔ
quan tài	k w aː n ˧˧ t aː j ˨˩
quan tái	k w aː n ˧˧ t aː j ˧˦
quan tâm	k w aː n ˧˧ t ə m ˧˧
quan viên	k w aː n ˧˧ v i ə n ˧˧
quan điểm	k w aː n ˧˧ ʔ ɗ i ə m ˧˩
quan ải	k w aː n ˧˧ ʔ aː j ˧˩
quang	k w aː ŋ ˧˧
quang cảnh	k w aː ŋ ˧˧ k a j ŋ̟ ˧˩
quang cầu	k w aː ŋ ˧˧ k ə w ˨˩
quang gánh	k w aː ŋ ˧˧ ɣ a j ŋ̟ ˧˦
quang hoá học	k w aː ŋ ˧˧ h w aː ˧˦ h a w k͡p̚ ˧˨ ʔ
quang học	k w aː ŋ ˧˧ h a w k͡p̚ ˧˨ ʔ
quang hợp	k w aː ŋ ˧˧ h əː p̚ ˧˨ ʔ
quang khắc	k w aː ŋ ˧˧ x a k̚ ˧˦
quang lâm	k w aː ŋ ˧˧ l ə m ˧˧
quang minh	k w aː ŋ ˧˧ m ï ŋ ˧˧
quang minh chính đại	k w aː ŋ ˧˧ m ï ŋ ˧˧ t͡ɕ ï ŋ ˧˦ ʔ ɗ aː j ˧˨ ʔ
quang năng	k w aː ŋ ˧˧ n a ŋ ˧˧
quang phổ	k w aː ŋ ˧˧ f o ˧˩
quang phổ học	k w aː ŋ ˧˧ f o ˧˩ h a w k͡p̚ ˧˨ ʔ
quang tuyến	k w aː ŋ ˧˧ t w i ə n ˧˦
quang tử	k w aː ŋ ˧˧ t ɨ ˧˩
quang tử học	k w aː ŋ ˧˧ t ɨ ˧˩ h a w k͡p̚ ˧˨ ʔ
quang vinh	k w aː ŋ ˧˧ v ï ŋ ˧˧
quang đãng	k w aː ŋ ˧˧ ʔ ɗ aː ŋ ˦ˀ˥
quanh	k w a j ŋ̟ ˧˧
quanh co	k w a j ŋ̟ ˧˧ k ɔ ˧˧
quanh năm	k w a j ŋ̟ ˧˧ n a m ˧˧
quao	k w aː w ˧˧
quay	k w a j ˧˧
quay cuồng	k w a j ˧˧ k u ə ŋ ˨˩
quay cóp	k w a j ˧˧ k ɔ p̚ ˧˦
quay lại	k w a j ˧˧ l aː j ˧˨ ʔ
quay tay	k w a j ˧˧ t a j ˧˧
quay trở	k w a j ˧˧ t͡ɕ əː ˧˩
quay xe	k w a j ˧˧ s ɛ ˧˧
quay đầu là bờ	k w a j ˧˧ ʔ ɗ ə w ˨˩ l aː ˨˩ ʔ ɓ əː ˨˩
que	k w ɛ ˧˧
quen	k w ɛ n ˧˧
quen biết	k w ɛ n ˧˧ ʔ ɓ i ə t̚ ˧˦
quen thuộc	k w ɛ n ˧˧ tʰ u ə k̚ ˧˨ ʔ
quen thói	k w ɛ n ˧˧ tʰ ɔ j ˧˦
queo	k w ɛ w ˧˧
qui phục	k w i ˧˧ f ʊ w k͡p̚ ˧˨ ʔ
quyết	k w i ə t̚ ˧˦
quà	k w aː ˨˩
quà cáp	k w aː ˨˩ k aː p̚ ˧˦
quàn	k w aː n ˨˩
quàng	k w aː ŋ ˨˩
quàng xiên	k w aː ŋ ˨˩ s i ə n ˧˧
quành	k w a j ŋ̟ ˨˩
quành quạch	k w a j ŋ̟ ˨˩ k w a j k̟̚ ˧˨ ʔ
quào	k w aː w ˨˩
quày	k w a j ˨˩
quày quả	k w a j ˨˩ k w aː ˧˩
quá	k w aː ˧˦
quá chén	k w aː ˧˦ t͡ɕ ɛ n ˧˦
quá cảnh	k w aː ˧˦ k a j ŋ̟ ˧˩
quá cố	k w aː ˧˦ k o ˧˦
quá giang	k w aː ˧˦ z aː ŋ ˧˧
quá khích	k w aː ˧˦ x ï k̟̚ ˧˦
quá khứ	k w aː ˧˦ x ɨ ˧˦
quá khứ phân từ	k w aː ˧˦ x ɨ ˧˦ f ə n ˧˧ t ɨ ˨˩
quá lời	k w aː ˧˦ l əː j ˨˩
quá mức	k w aː ˧˦ m ɨ k̚ ˧˦
quá quắt	k w aː ˧˦ k w a t̚ ˧˦
quá sức	k w aː ˧˦ s ɨ k̚ ˧˦
quá tam ba bận	k w aː ˧˦ t aː m ˧˧ ʔ ɓ aː ˧˧ ʔ ɓ ə n ˧˨ ʔ
quá tay	k w aː ˧˦ t a j ˧˧
quá thể	k w aː ˧˦ tʰ e ˧˩
quá trình	k w aː ˧˦ t͡ɕ ï ŋ ˨˩
quá trớn	k w aː ˧˦ t͡ɕ əː n ˧˦
quá trời	k w aː ˧˦ t͡ɕ əː j ˨˩
quá tải	k w aː ˧˦ t aː j ˧˩
quá tắc vật đạn cải	k w aː ˧˦ t a k̚ ˧˦ v ə t̚ ˧˨ ʔ ʔ ɗ aː n ˧˨ ʔ k aː j ˧˩
quá xá	k w aː ˧˦ s aː ˧˦
quá đáng	k w aː ˧˦ ʔ ɗ aː ŋ ˧˦
quá đỗi	k w aː ˧˦ ʔ ɗ o j ˦ˀ˥
quá độ	k w aː ˧˦ ʔ ɗ o ˧˨ ʔ
quách	k w a j k̟̚ ˧˦
quái	k w aː j ˧˦
quái gở	k w aː j ˧˦ ɣ əː ˧˩
quái lạ	k w aː j ˧˦ l aː ˧˨ ʔ
quái thai	k w aː j ˧˦ tʰ aː j ˧˧
quái thú	k w aː j ˧˦ tʰ u ˧˦
quái vật	k w aː j ˧˦ v ə t̚ ˧˨ ʔ
quái xế	k w aː j ˧˦ s e ˧˦
quái ác	k w aː j ˧˦ ʔ aː k̚ ˧˦
quái đản	k w aː j ˧˦ ʔ ɗ aː n ˧˩
quán	k w aː n ˧˦
quán cà phê	k w aː n ˧˦ k aː ˨˩ f e ˧˧
quán cóc	k w aː n ˧˦ k a w k͡p̚ ˧˦
quán net	k w aː n ˧˦ n ɛ t̚ ˧˧
quán quân	k w aː n ˧˦ k w ə n ˧˧
quán rượu	k w aː n ˧˦ z i ə w ˧˨ ʔ
quán triệt	k w aː n ˧˦ t͡ɕ i ə t̚ ˧˨ ʔ
quán tính	k w aː n ˧˦ t ï ŋ ˧˦
quán từ	k w aː n ˧˦ t ɨ ˨˩
quán xá	k w aː n ˧˦ s aː ˧˦
quán ăn	k w aː n ˧˦ ʔ a n ˧˧
quáng	k w aː ŋ ˧˦
quáng gà	k w aː ŋ ˧˦ ɣ aː ˨˩
quánh	k w a j ŋ̟ ˧˦
quát	k w aː t̚ ˧˦
quát tháo	k w aː t̚ ˧˦ tʰ aː w ˧˦
quân	k w ə n ˧˧
quân bình	k w ə n ˧˧ ʔ ɓ ï ŋ ˨˩
quân bất hí ngôn	k w ə n ˧˧ ʔ ɓ ə t̚ ˧˦ h i ˧˦ ŋ o n ˧˧
quân chủ	k w ə n ˧˧ t͡ɕ u ˧˩
quân chủ chuyên chế	k w ə n ˧˧ t͡ɕ u ˧˩ t͡ɕ w i ə n ˧˧ t͡ɕ e ˧˦
quân chủ lập hiến	k w ə n ˧˧ t͡ɕ u ˧˩ l ə p̚ ˧˨ ʔ h i ə n ˧˦
quân chủng	k w ə n ˧˧ t͡ɕ ʊ w ŋ͡m ˧˩
quân cờ	k w ə n ˧˧ k əː ˨˩
quân dân	k w ə n ˧˧ z ə n ˧˧
quân hàm	k w ə n ˧˧ h aː m ˨˩
quân hành	k w ə n ˧˧ h a j ŋ̟ ˨˩
quân hạm	k w ə n ˧˧ h aː m ˧˨ ʔ
quân khu	k w ə n ˧˧ x u ˧˧
quân lính	k w ə n ˧˧ l ï ŋ ˧˦
quân lệnh	k w ə n ˧˧ l ə j ŋ̟ ˧˨ ʔ
quân lực	k w ə n ˧˧ l ɨ k̚ ˧˨ ʔ
quân nhân	k w ə n ˧˧ ɲ ə n ˧˧
quân phiệt	k w ə n ˧˧ f i ə t̚ ˧˨ ʔ
quân phục	k w ə n ˧˧ f ʊ w k͡p̚ ˧˨ ʔ
quân sĩ	k w ə n ˧˧ s i ˦ˀ˥
quân sư	k w ə n ˧˧ s ɨ ˧˧
quân sự	k w ə n ˧˧ s ɨ ˧˨ ʔ
quân ta bắn quân mình	k w ə n ˧˧ t aː ˧˧ ʔ ɓ a n ˧˦ k w ə n ˧˧ m ï ŋ ˨˩
quân ta đánh thắng quân mình	k w ə n ˧˧ t aː ˧˧ ʔ ɗ a j ŋ̟ ˧˦ tʰ a ŋ ˧˦ k w ə n ˧˧ m ï ŋ ˨˩
quân thù	k w ə n ˧˧ tʰ u ˨˩
quân tình nguyện	k w ə n ˧˧ t ï ŋ ˨˩ ŋ w i ə n ˧˨ ʔ
quân tử	k w ə n ˧˧ t ɨ ˧˩
quân tử bất khí	k w ə n ˧˧ t ɨ ˧˩ ʔ ɓ ə t̚ ˧˦ x i ˧˦
quân tử nhất ngôn	k w ə n ˧˧ t ɨ ˧˩ ɲ ə t̚ ˧˦ ŋ o n ˧˧
quân vô hí ngôn	k w ə n ˧˧ v o ˧˧ h i ˧˦ ŋ o n ˧˧
quân vương	k w ə n ˧˧ v ɨ ə ŋ ˧˧
quân đoàn	k w ə n ˧˧ ʔ ɗ w aː n ˨˩
quân đội	k w ə n ˧˧ ʔ ɗ o j ˧˨ ʔ
quây	k w ə j ˧˧
quây quần	k w ə j ˧˧ k w ə n ˨˩
quãng	k w aː ŋ ˦ˀ˥
què	k w ɛ ˨˩
quèn	k w ɛ n ˨˩
qué	k w ɛ ˧˦
quéo	k w ɛ w ˧˦
quét	k w ɛ t̚ ˧˦
quét dọn	k w ɛ t̚ ˧˦ z ɔ n ˧˨ ʔ
quê	k w e ˧˧
quê cũ	k w e ˧˧ k u ˦ˀ˥
quê hương	k w e ˧˧ h ɨ ə ŋ ˧˧
quê mùa	k w e ˧˧ m u ə ˨˩
quê nhà	k w e ˧˧ ɲ aː ˨˩
quê quán	k w e ˧˧ k w aː n ˧˦
quên	k w e n ˧˧
quên bẵng	k w e n ˧˧ ʔ ɓ a ŋ ˦ˀ˥
quên lãng	k w e n ˧˧ l aː ŋ ˦ˀ˥
quăn	k w a n ˧˧
quăng	k w a ŋ ˧˧
quĩ	k w i ˦ˀ˥
quạ	k w aː ˧˨ ʔ
quạc	k w aː k̚ ˧˨ ʔ
quạnh	k w a j ŋ̟ ˧˨ ʔ
quạnh quẽ	k w a j ŋ̟ ˧˨ ʔ k w ɛ ˦ˀ˥
quạt	k w aː t̚ ˧˨ ʔ
quạt máy	k w aː t̚ ˧˨ ʔ m a j ˧˦
quạt trần	k w aː t̚ ˧˨ ʔ t͡ɕ ə n ˨˩
quạt điện	k w aː t̚ ˧˨ ʔ ʔ ɗ i ə n ˧˨ ʔ
quạu	k w a w ˧˨ ʔ
quạu quọ	k w a w ˧˨ ʔ k w ɔ ˧˨ ʔ
quạu đeo	k w a w ˧˨ ʔ ʔ ɗ ɛ w ˧˧
quả	k w aː ˧˩
quả báo	k w aː ˧˩ ʔ ɓ aː w ˧˦
quả cảm	k w aː ˧˩ k aː m ˧˩
quả cầu tuyết	k w aː ˧˩ k ə w ˨˩ t w i ə t̚ ˧˦
quả mọng	k w aː ˧˩ m a w ŋ͡m ˧˨ ʔ
quả nhiên	k w aː ˧˩ ɲ i ə n ˧˧
quả nhân	k w aː ˧˩ ɲ ə n ˧˧
quả phụ	k w aː ˧˩ f u ˧˨ ʔ
quả quyết	k w aː ˧˩ k w i ə t̚ ˧˦
quả tang	k w aː ˧˩ t aː ŋ ˧˧
quả thật	k w aː ˧˩ tʰ ə t̚ ˧˨ ʔ
quả thể	k w aː ˧˩ tʰ e ˧˩
quả thực	k w aː ˧˩ tʰ ɨ k̚ ˧˨ ʔ
quả văng	k w aː ˧˩ v a ŋ ˧˧
quản	k w aː n ˧˩
quản bút	k w aː n ˧˩ ʔ ɓ u t̚ ˧˦
quản cơ	k w aː n ˧˩ k əː ˧˧
quản gia	k w aː n ˧˩ z aː ˧˧
quản giáo	k w aː n ˧˩ z aː w ˧˦
quản lí	k w aː n ˧˩ l i ˧˦
quản thủ	k w aː n ˧˩ tʰ u ˧˩
quản trị	k w aː n ˧˩ t͡ɕ i ˧˨ ʔ
quản tượng	k w aː n ˧˩ t ɨ ə ŋ ˧˨ ʔ
quảng	k w aː ŋ ˧˩
quảng bá	k w aː ŋ ˧˩ ʔ ɓ aː ˧˦
quảng cáo	k w aː ŋ ˧˩ k aː w ˧˦
quảng trường	k w aː ŋ ˧˩ t͡ɕ ɨ ə ŋ ˨˩
quảy	k w a j ˧˩
quấc	k w ə k̚ ˧˦
quấn	k w ə n ˧˦
quấn quýt	k w ə n ˧˦ k w i t̚ ˧˦
quất	k w ə t̚ ˧˦
quấy	k w ə j ˧˦
quấy phá	k w ə j ˧˦ f aː ˧˦
quấy rầy	k w ə j ˧˦ z ə j ˨˩
quấy rối	k w ə j ˧˦ z o j ˧˦
quần	k w ə n ˨˩
quần bò	k w ə n ˨˩ ʔ ɓ ɔ ˨˩
quần chíp	k w ə n ˨˩ t͡ɕ i p̚ ˧˦
quần chúng	k w ə n ˨˩ t͡ɕ ʊ w ŋ͡m ˧˦
quần què	k w ə n ˨˩ k w ɛ ˨˩
quần quật	k w ə n ˨˩ k w ə t̚ ˧˨ ʔ
quần sịp	k w ə n ˨˩ s i p̚ ˧˨ ʔ
quần thể	k w ə n ˨˩ tʰ e ˧˩
quần tây	k w ə n ˨˩ t ə j ˧˧
quần vợt	k w ə n ˨˩ v əː t̚ ˧˨ ʔ
quần xà lỏn	k w ə n ˨˩ s aː ˨˩ l ɔ n ˧˩
quần xì	k w ə n ˨˩ s i ˨˩
quần yếm	k w ə n ˨˩ ʔ i ə m ˧˦
quần áo	k w ə n ˨˩ ʔ aː w ˧˦
quần đảo	k w ə n ˨˩ ʔ ɗ aː w ˧˩
quần đảo Hoàng Sa	k w ə n ˨˩ ʔ ɗ aː w ˧˩ h w aː ŋ ˨˩ s aː ˧˧
quần đảo Trường Sa	k w ə n ˨˩ ʔ ɗ aː w ˧˩ t͡ɕ ɨ ə ŋ ˨˩ s aː ˧˧
quầng	k w ə ŋ ˨˩
quầy	k w ə j ˨˩
quẩn	k w ə n ˧˩
quẩy	k w ə j ˧˩
quẫn bách	k w ə n ˦ˀ˥ ʔ ɓ a j k̟̚ ˧˦
quẫn trí	k w ə n ˦ˀ˥ t͡ɕ i ˧˦
quẫy	k w ə j ˦ˀ˥
quận	k w ə n ˧˨ ʔ
quận chúa	k w ə n ˧˨ ʔ t͡ɕ u ə ˧˦
quận hạt	k w ə n ˧˨ ʔ h aː t̚ ˧˨ ʔ
quận uỷ	k w ə n ˧˨ ʔ ʔ w i ˧˩
quật	k w ə t̚ ˧˨ ʔ
quật khởi	k w ə t̚ ˧˨ ʔ x əː j ˧˩
quật ngã	k w ə t̚ ˧˨ ʔ ŋ aː ˦ˀ˥
quậy	k w ə j ˧˨ ʔ
quắc	k w a k̚ ˧˦
quắp	k w a p̚ ˧˦
quắt	k w a t̚ ˧˦
quằn quại	k w a n ˨˩ k w aː j ˧˨ ʔ
quẳng	k w a ŋ ˧˩
quặc	k w a k̚ ˧˨ ʔ
quặm	k w a m ˧˨ ʔ
quặn	k w a n ˧˨ ʔ
quặn thắt	k w a n ˧˨ ʔ tʰ a t̚ ˧˦
quặng	k w a ŋ ˧˨ ʔ
quặp	k w a p̚ ˧˨ ʔ
quặt	k w a t̚ ˧˨ ʔ
quẹo	k w ɛ w ˧˨ ʔ
quẹt	k w ɛ t̚ ˧˨ ʔ
quẻ	k w ɛ ˧˩
quế	k w e ˧˦
quế bì	k w e ˧˦ ʔ ɓ i ˨˩
quế đơn	k w e ˧˦ ʔ ɗ əː n ˧˧
quết	k w e t̚ ˧˦
quệt	k w e t̚ ˧˨ ʔ
quốc	k u ə k̚ ˧˦
quốc ca	k u ə k̚ ˧˦ k aː ˧˧
quốc doanh	k u ə k̚ ˧˦ z w a j ŋ̟ ˧˧
quốc dân	k u ə k̚ ˧˦ z ə n ˧˧
quốc gia	k u ə k̚ ˧˦ z aː ˧˧
quốc giáo	k u ə k̚ ˧˦ z aː w ˧˦
quốc hiệu	k u ə k̚ ˧˦ h i ə w ˧˨ ʔ
quốc hoa	k u ə k̚ ˧˦ h w aː ˧˧
quốc huy	k u ə k̚ ˧˦ h w i ˧˧
quốc học	k u ə k̚ ˧˦ h a w k͡p̚ ˧˨ ʔ
quốc hồn	k u ə k̚ ˧˦ h o n ˨˩
quốc hội	k u ə k̚ ˧˦ h o j ˧˨ ʔ
quốc hữu hoá	k u ə k̚ ˧˦ h i w ˦ˀ˥ h w aː ˧˦
quốc khánh	k u ə k̚ ˧˦ x a j ŋ̟ ˧˦
quốc khố	k u ə k̚ ˧˦ x o ˧˦
quốc kì	k u ə k̚ ˧˦ k i ˨˩
quốc lộ	k u ə k̚ ˧˦ l o ˧˨ ʔ
quốc ngữ	k u ə k̚ ˧˦ ŋ ɨ ˦ˀ˥
quốc pháp	k u ə k̚ ˧˦ f aː p̚ ˧˦
quốc phòng	k u ə k̚ ˧˦ f a w ŋ͡m ˨˩
quốc phục	k u ə k̚ ˧˦ f ʊ w k͡p̚ ˧˨ ʔ
ra	z aː ˧˧
ra	ɹ aː ˧˧
ram	z aː m ˧˧
rang	z aː ŋ ˧˧
rau	z a w ˧˧
reo	z ɛ w ˧˧
rep	ɹ ɛ p̚ ˧˧
rim	z i m ˧˧
rin	z i n ˧˧
rin rít	z i n ˧˧ z i t̚ ˧˦
rinh	z ï ŋ ˧˧
riu	z i w ˧˧
riu riu	z i w ˧˧ z i w ˧˧
riêu	z i ə w ˧˧
riết	z i ə t̚ ˧˦
riết siết	z i ə t̚ ˧˦ s i ə t̚ ˧˦
riệu	z i ə w ˧˨ ʔ
robot	z o ˧˧ ʔ ɓ o t̚ ˧˦
roentgeni	ɹ əː n ˧˧ ɣ ɛ n ˧˧ n i ˧˧
roi	z ɔ j ˧˧
roi vọt	z ɔ j ˧˧ v ɔ t̚ ˧˨ ʔ
rong	z a w ŋ͡m ˧˧
rong biển	z a w ŋ͡m ˧˧ ʔ ɓ i ə n ˧˩
rong chơi	z a w ŋ͡m ˧˧ t͡ɕ əː j ˧˧
rong kinh	z a w ŋ͡m ˧˧ k ï ŋ ˧˧
rong ruổi	z a w ŋ͡m ˧˧ z u ə j ˧˩
rođi	ɹ o ˧˧ ʔ ɗ i ˧˧
ru	z u ˧˧
ru hời	z u ˧˧ h əː j ˨˩
ru rú	z u ˧˧ z u ˧˦
rubiđi	ɹ u ˧˧ ʔ ɓ i ˧˧ ʔ ɗ i ˧˧
rui	z u j ˧˧
rum	z u m ˧˧
run	z u n ˧˧
run rẩy	z u n ˧˧ z ə j ˧˩
run rủi	z u n ˧˧ z u j ˧˩
run sợ	z u n ˧˧ s əː ˧˨ ʔ
rung	z ʊ w ŋ͡m ˧˧
rung chuyển	z ʊ w ŋ͡m ˧˧ t͡ɕ w i ə n ˧˩
rung cảm	z ʊ w ŋ͡m ˧˧ k aː m ˧˩
rung rinh	z ʊ w ŋ͡m ˧˧ z ï ŋ ˧˧
rung động	z ʊ w ŋ͡m ˧˧ ʔ ɗ ə w ŋ͡m ˧˨ ʔ
ruteni	ɹ u ˧˧ t e ˧˧ n i ˧˧
ruýp	z w i p̚ ˧˦
ruốc	z u ə k̚ ˧˦
ruồi	z u ə j ˨˩
ruồi bâu kiến đậu	z u ə j ˨˩ ʔ ɓ ə w ˧˧ k i ə n ˧˦ ʔ ɗ ə w ˧˨ ʔ
ruồi muỗi	z u ə j ˨˩ m u ə j ˦ˀ˥
ruồi nhuế	z u ə j ˨˩ ɲ w e ˧˦
ruồi nhặng	z u ə j ˨˩ ɲ a ŋ ˧˨ ʔ
ruồi trâu	z u ə j ˨˩ t͡ɕ ə w ˧˧
ruổi	z u ə j ˧˩
ruổi rong	z u ə j ˧˩ z a w ŋ͡m ˧˧
ruỗng	z u ə ŋ ˦ˀ˥
ruộng	z u ə ŋ ˧˨ ʔ
ruộng đất	z u ə ŋ ˧˨ ʔ ʔ ɗ ə t̚ ˧˦
ruột	z u ə t̚ ˧˨ ʔ
ruột già	z u ə t̚ ˧˨ ʔ z aː ˨˩
ruột gà	z u ə t̚ ˧˨ ʔ ɣ aː ˨˩
ruột non	z u ə t̚ ˧˨ ʔ n ɔ n ˧˧
ruột rà	z u ə t̚ ˧˨ ʔ z aː ˨˩
ruột thịt	z u ə t̚ ˧˨ ʔ tʰ i t̚ ˧˨ ʔ
ruột thừa	z u ə t̚ ˧˨ ʔ tʰ ɨ ə ˨˩
ruột tượng	z u ə t̚ ˧˨ ʔ t ɨ ə ŋ ˧˨ ʔ
ruột để ngoài da	z u ə t̚ ˧˨ ʔ ʔ ɗ e ˧˩ ŋ w aː j ˨˩ z aː ˧˧
ràng	z aː ŋ ˨˩
rách	z a j k̟̚ ˧˦
rán	z aː n ˧˦
ráp	z aː p̚ ˧˦
rãnh	z a j ŋ̟ ˦ˀ˥
rê	z e ˧˧
rình	z ï ŋ ˨˩
rình mò	z ï ŋ ˨˩ m ɔ ˨˩
rình rang	z ï ŋ ˨˩ z aː ŋ ˧˧
rình rập	z ï ŋ ˨˩ z ə p̚ ˧˨ ʔ
rìu	z i w ˨˩
ríp pê	z i p̚ ˧˦ p e ˧˧
rít	z i t̚ ˧˦
ríu	z i w ˧˦
ríu ra ríu rít	z i w ˧˦ z aː ˧˧ z i w ˧˦ z i t̚ ˧˦
ríu rít	z i w ˧˦ z i t̚ ˧˦
rò	z ɔ ˨˩
rò rỉ	z ɔ ˨˩ z i ˧˩
ròm	z ɔ m ˨˩
ròng	z a w ŋ͡m ˨˩
ròng rã	z a w ŋ͡m ˨˩ z aː ˦ˀ˥
ròng ròng	z a w ŋ͡m ˨˩ z a w ŋ͡m ˨˩
ròng rọc	z a w ŋ͡m ˨˩ z a w k͡p̚ ˧˨ ʔ
róc rách	z a w k͡p̚ ˧˦ z a j k̟̚ ˧˦
rón rén	z ɔ n ˧˦ z ɛ n ˧˦
rót	z ɔ t̚ ˧˦
rô	z o ˧˧
rôm	z o m ˧˧
rôm rả	z o m ˧˧ z aː ˧˩
rông	z ə w ŋ͡m ˧˧
rõ	z ɔ ˦ˀ˥
rõ ràng	z ɔ ˦ˀ˥ z aː ŋ ˨˩
rõ rệt	z ɔ ˦ˀ˥ z e t̚ ˧˨ ʔ
rõi	z ɔ j ˦ˀ˥
rù quến	z u ˨˩ k w e n ˧˦
rù rì	z u ˨˩ z i ˨˩
rùa	z u ə ˨˩
rùm	z u m ˨˩
rùm beng	z u m ˨˩ ʔ ɓ ɛ ŋ ˧˧
rùn	z u n ˨˩
rùng	z ʊ w ŋ͡m ˨˩
rùng mình	z ʊ w ŋ͡m ˨˩ m ï ŋ ˨˩
rùng rợn	z ʊ w ŋ͡m ˨˩ z əː n ˧˨ ʔ
rú	z u ˧˦
rú ga	z u ˧˦ ɣ aː ˧˧
rúc	z ʊ w k͡p̚ ˧˦
rúm	z u m ˧˦
rúm ró	z u m ˧˦ z ɔ ˧˦
rún	z u n ˧˦
rút	z u t̚ ˧˦
rút cục	z u t̚ ˧˦ k ʊ w k͡p̚ ˧˨ ʔ
rút gọn	z u t̚ ˧˦ ɣ ɔ n ˧˨ ʔ
rút lui	z u t̚ ˧˦ l u j ˧˧
rút ruột	z u t̚ ˧˦ z u ə t̚ ˧˨ ʔ
rũ	z u ˦ˀ˥
rũ rượi	z u ˦ˀ˥ z ɨ ə j ˧˨ ʔ
rũ xuống	z u ˦ˀ˥ s u ə ŋ ˧˦
rũa	z u ə ˦ˀ˥
rơ	z əː ˧˧
rơ	ɹ əː ˧˧
rơ le	z əː ˧˧ l ɛ ˧˧
rơi	z əː j ˧˧
rơi rớt	z əː j ˧˧ z əː t̚ ˧˦
rơi rụng	z əː j ˧˧ z ʊ w ŋ͡m ˧˨ ʔ
rơm	z əː m ˧˧
rơm rác	z əː m ˧˧ z aː k̚ ˧˦
rơm rớm	z əː m ˧˧ z əː m ˧˦
rơn	z əː n ˧˧
rơzơfođi	ɹ əː ˧˧ z əː ˧˧ f ɔ ˧˧ ʔ ɗ i ˧˧
rưa rứa	z ɨ ə ˧˧ z ɨ ə ˧˦
rưng rưng	z ɨ ŋ ˧˧ z ɨ ŋ ˧˧
rươi	z ɨ ə j ˧˧
rương	z ɨ ə ŋ ˧˧
rước	z ɨ ə k̚ ˧˦
rước lễ	z ɨ ə k̚ ˧˦ l e ˦ˀ˥
rưới	z ɨ ə j ˧˦
rướm	z ɨ ə m ˧˦
rướn	z ɨ ə n ˧˦
rười rượi	z ɨ ə j ˨˩ z ɨ ə j ˧˨ ʔ
rườm rà	z ɨ ə m ˨˩ z aː ˨˩
rường	z ɨ ə ŋ ˨˩
rường cột	z ɨ ə ŋ ˨˩ k o t̚ ˧˨ ʔ
rưởi	z ɨ ə j ˧˩
rưỡi	z ɨ ə j ˦ˀ˥
rượi	z ɨ ə j ˧˨ ʔ
rượn	z ɨ ə n ˧˨ ʔ
rượt	z ɨ ə t̚ ˧˨ ʔ
rượt bắt	z ɨ ə t̚ ˧˨ ʔ ʔ ɓ a t̚ ˧˦
rượu	z i ə w ˧˨ ʔ
rượu bia	z i ə w ˧˨ ʔ ʔ ɓ i ə ˧˧
rượu chè	z i ə w ˧˨ ʔ t͡ɕ ɛ ˨˩
rượu cẩm	z i ə w ˧˨ ʔ k ə m ˧˩
rượu cốctay	z i ə w ˧˨ ʔ k ə w k͡p̚ ˧˦ t a j ˧˧
rượu mùi	z i ə w ˧˨ ʔ m u j ˨˩
rượu nho	z i ə w ˧˨ ʔ ɲ ɔ ˧˧
rượu nếp	z i ə w ˧˨ ʔ n e p̚ ˧˦
rượu quốc lủi	z i ə w ˧˨ ʔ k u ə k̚ ˧˦ l u j ˧˩
rượu táo	z i ə w ˧˨ ʔ t aː w ˧˦
rượu vang	z i ə w ˧˨ ʔ v aː ŋ ˧˧
rượu đế	z i ə w ˧˨ ʔ ʔ ɗ e ˧˦
rảo	z aː w ˧˩
rầm	z ə m ˨˩
rịn	z i n ˧˨ ʔ
rịt	z i t̚ ˧˨ ʔ
rọ	z ɔ ˧˨ ʔ
rọ mõm	z ɔ ˧˨ ʔ m ɔ m ˦ˀ˥
rọc	z a w k͡p̚ ˧˨ ʔ
rọc rọc	z a w k͡p̚ ˧˨ ʔ z a w k͡p̚ ˧˨ ʔ
rọi	z ɔ j ˧˨ ʔ
rỏng	z a w ŋ͡m ˧˩
rối	z o j ˧˦
rối beng	z o j ˧˦ ʔ ɓ ɛ ŋ ˧˧
rối bời	z o j ˧˦ ʔ ɓ əː j ˨˩
rối loạn	z o j ˧˦ l w aː n ˧˨ ʔ
rối ren	z o j ˧˦ z ɛ n ˧˧
rối rít	z o j ˧˦ z i t̚ ˧˦
rối trí	z o j ˧˦ t͡ɕ i ˧˦
rốn	z o n ˧˦
rống	z ə w ŋ͡m ˧˦
rốt	z o t̚ ˧˦
rốt cuộc	z o t̚ ˧˦ k u ə k̚ ˧˨ ʔ
rốt cục	z o t̚ ˧˦ k ʊ w k͡p̚ ˧˨ ʔ
rốt lòng	z o t̚ ˧˦ l a w ŋ͡m ˨˩
rốt ráo	z o t̚ ˧˦ z aː w ˧˦
rồ	z o ˨˩
rồ dại	z o ˨˩ z aː j ˧˨ ʔ
rồi	z o j ˨˩
rồng	z ə w ŋ͡m ˨˩
rồng Komodo	z ə w ŋ͡m ˨˩ k o ˧˧ m o ˧˧ ʔ ɗ o ˧˧
rồng bay phượng múa	z ə w ŋ͡m ˨˩ ʔ ɓ a j ˧˧ f ɨ ə ŋ ˧˨ ʔ m u ə ˧˦
rồng bay phụng múa	z ə w ŋ͡m ˨˩ ʔ ɓ a j ˧˧ f ʊ w ŋ͡m ˧˨ ʔ m u ə ˧˦
rồng rắn lên mây	z ə w ŋ͡m ˨˩ z a n ˧˦ l e n ˧˧ m ə j ˧˧
rồng rồng	z ə w ŋ͡m ˨˩ z ə w ŋ͡m ˨˩
rồng đến nhà tôm	z ə w ŋ͡m ˨˩ ʔ ɗ e n ˧˦ ɲ aː ˨˩ t o m ˧˧
rổ	z o ˧˩
rổi	z o j ˧˩
rỗ	z o ˦ˀ˥
rỗi	z o j ˦ˀ˥
rỗi hơi	z o j ˦ˀ˥ h əː j ˧˧
rỗng	z ə w ŋ͡m ˦ˀ˥
rỗng như đít Bụt	z ə w ŋ͡m ˦ˀ˥ ɲ ɨ ˧˧ ʔ ɗ i t̚ ˧˦ ʔ ɓ u t̚ ˧˨ ʔ
rỗng tuếch	z ə w ŋ͡m ˦ˀ˥ t w ə j k̟̚ ˧˦
rộ	z o ˧˨ ʔ
rộc	z ə w k͡p̚ ˧˨ ʔ
rộn	z o n ˧˨ ʔ
rộn ràng	z o n ˧˨ ʔ z aː ŋ ˨˩
rộn rã	z o n ˧˨ ʔ z aː ˦ˀ˥
rộn rịp	z o n ˧˨ ʔ z i p̚ ˧˨ ʔ
rộng	z ə w ŋ͡m ˧˨ ʔ
rộng cẳng	z ə w ŋ͡m ˧˨ ʔ k a ŋ ˧˩
rộng lượng	z ə w ŋ͡m ˧˨ ʔ l ɨ ə ŋ ˧˨ ʔ
rộng lớn	z ə w ŋ͡m ˧˨ ʔ l əː n ˧˦
rộng mở	z ə w ŋ͡m ˧˨ ʔ m əː ˧˩
rộng rinh	z ə w ŋ͡m ˧˨ ʔ z ï ŋ ˧˧
rộng rãi	z ə w ŋ͡m ˧˨ ʔ z aː j ˦ˀ˥
rộng thênh thang	z ə w ŋ͡m ˧˨ ʔ tʰ ə j ŋ̟ ˧˧ tʰ aː ŋ ˧˧
rộp	z o p̚ ˧˨ ʔ
rột	z o t̚ ˧˨ ʔ
rớ	z əː ˧˦
rớm	z əː m ˧˦
rớt	z əː t̚ ˧˦
rớt đài	z əː t̚ ˧˦ ʔ ɗ aː j ˨˩
rờ	z əː ˨˩
rời	z əː j ˨˩
rời khỏi	z əː j ˨˩ x ɔ j ˧˩
rời rạc	z əː j ˨˩ z aː k̚ ˧˨ ʔ
rờn	z əː n ˨˩
rởm	z əː m ˧˩
rỡ	z əː ˦ˀ˥
rợ	z əː ˧˨ ʔ
rợn	z əː n ˧˨ ʔ
rợp	z əː p̚ ˧˨ ʔ
rục	z ʊ w k͡p̚ ˧˨ ʔ
rục rịch	z ʊ w k͡p̚ ˧˨ ʔ z ï k̟̚ ˧˨ ʔ
rụi	z u j ˧˨ ʔ
rụng	z ʊ w ŋ͡m ˧˨ ʔ
rụt	z u t̚ ˧˨ ʔ
rụt rè	z u t̚ ˧˨ ʔ z ɛ ˨˩
rủ	z u ˧˩
rủ rỉ	z u ˧˩ z i ˧˩
rủ rỉ rù rì	z u ˧˩ z i ˧˩ z u ˨˩ z i ˨˩
rủa	z u ə ˧˩
rủi	z u j ˧˩
rủi ro	z u j ˧˩ z ɔ ˧˧
rủn	z u n ˧˩
rủn chí	z u n ˧˩ t͡ɕ i ˧˦
rủng rỉnh	z ʊ w ŋ͡m ˧˩ z ï ŋ ˧˩
rứa	z ɨ ə ˧˦
rứt	z ɨ t̚ ˧˦
rứt ruột	z ɨ t̚ ˧˦ z u ə t̚ ˧˨ ʔ
rừng	z ɨ ŋ ˨˩
rừng già	z ɨ ŋ ˨˩ z aː ˨˩
rừng khộp	z ɨ ŋ ˨˩ x o p̚ ˧˨ ʔ
rừng mưa	z ɨ ŋ ˨˩ m ɨ ə ˧˧
rừng ngập mặn	z ɨ ŋ ˨˩ ŋ ə p̚ ˧˨ ʔ m a n ˧˨ ʔ
rừng nho biển thánh	z ɨ ŋ ˨˩ ɲ ɔ ˧˧ ʔ ɓ i ə n ˧˩ tʰ a j ŋ̟ ˧˦
rừng núi	z ɨ ŋ ˨˩ n u j ˧˦
rừng rú	z ɨ ŋ ˨˩ z u ˧˦
rừng rậm	z ɨ ŋ ˨˩ z ə m ˧˨ ʔ
rừng thiêng nước độc	z ɨ ŋ ˨˩ tʰ i ə ŋ ˧˧ n ɨ ə k̚ ˧˦ ʔ ɗ ə w k͡p̚ ˧˨ ʔ
rừng thưa	z ɨ ŋ ˨˩ tʰ ɨ ə ˧˧
rừng vàng biển bạc	z ɨ ŋ ˨˩ v aː ŋ ˨˩ ʔ ɓ i ə n ˧˩ ʔ ɓ aː k̚ ˧˨ ʔ
rử	z ɨ ˧˩
rửa	z ɨ ə ˧˩
rửa ráy	z ɨ ə ˧˩ z a j ˧˦
rửa tiền	z ɨ ə ˧˩ t i ə n ˨˩
rữa	z ɨ ə ˦ˀ˥
rựa	z ɨ ə ˧˨ ʔ
rực	z ɨ k̚ ˧˨ ʔ
rực rỡ	z ɨ k̚ ˧˨ ʔ z əː ˦ˀ˥
rựng	z ɨ ŋ ˧˨ ʔ
sa	s aː ˧˧
sa cơ lỡ vận	s aː ˧˧ k əː ˧˧ l əː ˦ˀ˥ v ə n ˧˨ ʔ
sa di	s aː ˧˧ z i ˧˧
sa giông	s aː ˧˧ z ə w ŋ͡m ˧˧
sa hoàng	s aː ˧˧ h w aː ŋ ˨˩
sa kê	s aː ˧˧ k e ˧˧
sa lầy	s aː ˧˧ l ə j ˨˩
sa mạc	s aː ˧˧ m aː k̚ ˧˨ ʔ
sa mạc hoá	s aː ˧˧ m aː k̚ ˧˨ ʔ h w aː ˧˦
sa ngã	s aː ˧˧ ŋ aː ˦ˀ˥
sa sút	s aː ˧˧ s u t̚ ˧˦
sa sầm	s aː ˧˧ s ə m ˨˩
sa thạch	s aː ˧˧ tʰ a j k̟̚ ˧˨ ʔ
sa thải	s aː ˧˧ tʰ aː j ˧˩
sa trường	s aː ˧˧ t͡ɕ ɨ ə ŋ ˨˩
sa tế	s aː ˧˧ t e ˧˦
sa đoạ	s aː ˧˧ ʔ ɗ w aː ˧˨ ʔ
sa đì	s aː ˧˧ ʔ ɗ i ˨˩
sai	s aː j ˧˧
sai biệt	s aː j ˧˧ ʔ ɓ i ə t̚ ˧˨ ʔ
sai bảo	s aː j ˧˧ ʔ ɓ aː w ˧˩
sai khiến	s aː j ˧˧ x i ə n ˧˦
sai lầm	s aː j ˧˧ l ə m ˨˩
sai một li đi một dặm	s aː j ˧˧ m o t̚ ˧˨ ʔ l i ˧˧ ʔ ɗ i ˧˧ m o t̚ ˧˨ ʔ z a m ˧˨ ʔ
sai phạm	s aː j ˧˧ f aː m ˧˨ ʔ
sai sót	s aː j ˧˧ s ɔ t̚ ˧˦
sai số	s aː j ˧˧ s o ˧˦
sai trái	s aː j ˧˧ t͡ɕ aː j ˧˦
sai vặt	s aː j ˧˧ v a t̚ ˧˨ ʔ
sam	s aː m ˧˧
samari	s aː ˧˧ m aː ˧˧ z i ˧˧
samari	s aː ˧˧ m aː ˧˧ ɹ i ˧˧
san	s aː n ˧˧
san hô	s aː n ˧˧ h o ˧˧
san phẳng	s aː n ˧˧ f a ŋ ˧˩
san sát	s aː n ˧˧ s aː t̚ ˧˦
san sẻ	s aː n ˧˧ s ɛ ˧˩
sang	s aː ŋ ˧˧
sang chấn	s aː ŋ ˧˧ t͡ɕ ə n ˧˦
sang ngang	s aː ŋ ˧˧ ŋ aː ŋ ˧˧
sang năm	s aː ŋ ˧˧ n a m ˧˧
sang sảng	s aː ŋ ˧˧ s aː ŋ ˧˩
sang số	s aː ŋ ˧˧ s o ˧˦
sang trọng	s aː ŋ ˧˧ t͡ɕ a w ŋ͡m ˧˨ ʔ
sang tên	s aː ŋ ˧˧ t e n ˧˧
sanh	s a j ŋ̟ ˧˧
sanh nhật	s a j ŋ̟ ˧˧ ɲ ə t̚ ˧˨ ʔ
sanh nhựt	s a j ŋ̟ ˧˧ ɲ ɨ t̚ ˧˨ ʔ
sanh sản	s a j ŋ̟ ˧˧ s aː n ˧˩
sanh viên	s a j ŋ̟ ˧˧ v i ə n ˧˧
sao	s aː w ˧˧
sao Diêm Vương	s aː w ˧˧ z i ə m ˧˧ v ɨ ə ŋ ˧˧
sao Hoả	s aː w ˧˧ h w aː ˧˩
sao Hôm	s aː w ˧˧ h o m ˧˧
sao Hải Vương	s aː w ˧˧ h aː j ˧˩ v ɨ ə ŋ ˧˧
sao Kim	s aː w ˧˧ k i m ˧˧
sao Mai	s aː w ˧˧ m aː j ˧˧
sao Mộc	s aː w ˧˧ m ə w k͡p̚ ˧˨ ʔ
sao Thiên Vương	s aː w ˧˧ tʰ i ə n ˧˧ v ɨ ə ŋ ˧˧
sao Thuỷ	s aː w ˧˧ tʰ w i ˧˩
sao Thổ	s aː w ˧˧ tʰ o ˧˩
sao Vĩ	s aː w ˧˧ v i ˦ˀ˥
sao biển	s aː w ˧˧ ʔ ɓ i ə n ˧˩
sao băng	s aː w ˧˧ ʔ ɓ a ŋ ˧˧
sao chép	s aː w ˧˧ t͡ɕ ɛ p̚ ˧˦
sao chổi	s aː w ˧˧ t͡ɕ o j ˧˩
sao khổng lồ đỏ	s aː w ˧˧ x ə w ŋ͡m ˧˩ l o ˨˩ ʔ ɗ ɔ ˧˩
sao kê	s aː w ˧˧ k e ˧˧
sao la	s aː w ˧˧ l aː ˧˧
sao lùn	s aː w ˧˧ l u n ˨˩
sao lùn trắng	s aː w ˧˧ l u n ˨˩ t͡ɕ a ŋ ˧˦
sao sao	s aː w ˧˧ s aː w ˧˧
sao xẹt	s aː w ˧˧ s ɛ t̚ ˧˨ ʔ
sao y bản chính	s aː w ˧˧ ʔ i ˧˧ ʔ ɓ aː n ˧˩ t͡ɕ ï ŋ ˧˦
sao đen	s aː w ˧˧ ʔ ɗ ɛ n ˧˧
sao đỏ	s aː w ˧˧ ʔ ɗ ɔ ˧˩
sau	s a w ˧˧
sau Công Nguyên	s a w ˧˧ k ə w ŋ͡m ˧˧ ŋ w i ə n ˧˧
sau chót	s a w ˧˧ t͡ɕ ɔ t̚ ˧˦
sau cánh gà	s a w ˧˧ k a j ŋ̟ ˧˦ ɣ aː ˨˩
sau cùng	s a w ˧˧ k ʊ w ŋ͡m ˨˩
sau hết	s a w ˧˧ h e t̚ ˧˦
sau khi	s a w ˧˧ x i ˧˧
sau rốt	s a w ˧˧ z o t̚ ˧˦
sau sau	s a w ˧˧ s a w ˧˧
sau tất cả	s a w ˧˧ t ə t̚ ˧˦ k aː ˧˩
sau đó	s a w ˧˧ ʔ ɗ ɔ ˧˦
say	s a j ˧˧
say mê	s a j ˧˧ m e ˧˧
say nắng	s a j ˧˧ n a ŋ ˧˦
say rượu	s a j ˧˧ z i ə w ˧˨ ʔ
say sóng	s a j ˧˧ s a w ŋ͡m ˧˦
say sưa	s a j ˧˧ s ɨ ə ˧˧
say xe	s a j ˧˧ s ɛ ˧˧
say xỉn	s a j ˧˧ s i n ˧˩
say đắm	s a j ˧˧ ʔ ɗ a m ˧˦
say độ cao	s a j ˧˧ ʔ ɗ o ˧˨ ʔ k aː w ˧˧
se	s ɛ ˧˧
selen	s e ˧˧ l ɛ n ˧˧
sen	s ɛ n ˧˧
seo	s ɛ w ˧˧
ship	s i p̚ ˧˦
si	s i ˧˧
sim	s i m ˧˧
sin	s i n ˧˧
so	s ɔ ˧˧
son	s ɔ n ˧˧
spam	s p a m ˧˧
stibi	s t i ˧˧ ʔ ɓ i ˧˧
stibi	s əː ˨˩ t i ˧˧ ʔ ɓ i ˧˧
stronti	s t ɹ ɔ n ˧˧ t i ˧˧
stronti	s əː ˨˩ t͡ɕ ɔ n ˧˧ t i ˧˧
su hào	s u ˧˧ h aː w ˨˩
su su	s u ˧˧ s u ˧˧
sub	s a p̚ ˧˦
sui	s u j ˧˧
sui gia	s u j ˧˧ z aː ˧˧
sum họp	s u m ˧˧ h ɔ p̚ ˧˨ ʔ
sun	s u n ˧˧
sunfat	s u n ˧˧ f aː t̚ ˧˦
sunfit	s u n ˧˧ f i t̚ ˧˦
sunfua	s u n ˧˧ f u ə ˧˧
sung	s ʊ w ŋ͡m ˧˧
sung công	s ʊ w ŋ͡m ˧˧ k ə w ŋ͡m ˧˧
sung huyết	s ʊ w ŋ͡m ˧˧ h w i ə t̚ ˧˦
sung mãn	s ʊ w ŋ͡m ˧˧ m aː n ˦ˀ˥
sung sướng	s ʊ w ŋ͡m ˧˧ s ɨ ə ŋ ˧˦
sung sức	s ʊ w ŋ͡m ˧˧ s ɨ k̚ ˧˦
sung túc	s ʊ w ŋ͡m ˧˧ t ʊ w k͡p̚ ˧˦
suy	s w i ˧˧
suy biến	s w i ˧˧ ʔ ɓ i ə n ˧˦
suy bụng ta ra bụng người	s w i ˧˧ ʔ ɓ ʊ w ŋ͡m ˧˨ ʔ t aː ˧˧ z aː ˧˧ ʔ ɓ ʊ w ŋ͡m ˧˨ ʔ ŋ ɨ ə j ˨˩
suy dinh dưỡng	s w i ˧˧ z ï ŋ ˧˧ z ɨ ə ŋ ˦ˀ˥
suy diễn	s w i ˧˧ z i ə n ˦ˀ˥
suy giảm	s w i ˧˧ z aː m ˧˩
suy gẫm	s w i ˧˧ ɣ ə m ˦ˀ˥
suy hao	s w i ˧˧ h aː w ˧˧
suy kiệt	s w i ˧˧ k i ə t̚ ˧˨ ʔ
suy luận	s w i ˧˧ l w ə n ˧˨ ʔ
suy lí	s w i ˧˧ l i ˧˦
suy nghĩ	s w i ˧˧ ŋ i ˦ˀ˥
suy ngẫm	s w i ˧˧ ŋ ə m ˦ˀ˥
suy nhược	s w i ˧˧ ɲ ɨ ə k̚ ˧˨ ʔ
suy nhược thần kinh	s w i ˧˧ ɲ ɨ ə k̚ ˧˨ ʔ tʰ ə n ˨˩ k ï ŋ ˧˧
suy ra	s w i ˧˧ z aː ˧˧
suy suyển	s w i ˧˧ s w i ə n ˧˩
suy thoái	s w i ˧˧ tʰ w aː j ˧˦
suy tàn	s w i ˧˧ t aː n ˨˩
suy tính	s w i ˧˧ t ï ŋ ˧˦
suy tôn	s w i ˧˧ t o n ˧˧
suy tư	s w i ˧˧ t ɨ ˧˧
suy tưởng	s w i ˧˧ t ɨ ə ŋ ˧˩
suy vi	s w i ˧˧ v i ˧˧
suy xét	s w i ˧˧ s ɛ t̚ ˧˦
suy yếu	s w i ˧˧ ʔ i ə w ˧˦
suy đoán	s w i ˧˧ ʔ ɗ w aː n ˧˦
suy đồi	s w i ˧˧ ʔ ɗ o j ˨˩
suyễn	s w i ə n ˦ˀ˥
suôn	s u ə n ˧˧
suôn sẻ	s u ə n ˧˧ s ɛ ˧˩
suông	s u ə ŋ ˧˧
suýt	s w i t̚ ˧˦
suýt nữa	s w i t̚ ˧˦ n ɨ ə ˦ˀ˥
suất	s w ə t̚ ˧˦
suất lĩnh	s w ə t̚ ˧˦ l ï ŋ ˦ˀ˥
suất thập	s w ə t̚ ˧˦ tʰ ə p̚ ˧˨ ʔ
suất đội	s w ə t̚ ˧˦ ʔ ɗ o j ˧˨ ʔ
suối	s u ə j ˧˦
suối vàng	s u ə j ˧˦ v aː ŋ ˨˩
suốt	s u ə t̚ ˧˦
suốt ngày	s u ə t̚ ˧˦ ŋ a j ˨˩
suốt đời	s u ə t̚ ˧˦ ʔ ɗ əː j ˨˩
suỵt	s w i t̚ ˧˨ ʔ
sà	s aː ˨˩
sà lan	s aː ˨˩ l aː n ˧˧
sài	s aː j ˨˩
sài lang	s aː j ˨˩ l aː ŋ ˧˧
sàm ngôn	s aː m ˨˩ ŋ o n ˧˧
sàm sỡ	s aː m ˨˩ s əː ˦ˀ˥
sàn	s aː n ˨˩
sàn diễn	s aː n ˨˩ z i ə n ˦ˀ˥
sàn nhà	s aː n ˨˩ ɲ aː ˨˩
sàn sàn	s aː n ˨˩ s aː n ˨˩
sàng	s aː ŋ ˨˩
sàng lọc	s aː ŋ ˨˩ l a w k͡p̚ ˧˨ ʔ
sành	s a j ŋ̟ ˨˩
sành sỏi	s a j ŋ̟ ˨˩ s ɔ j ˧˩
sành điệu	s a j ŋ̟ ˨˩ ʔ ɗ i ə w ˧˨ ʔ
sào	s aː w ˨˩
sào huyệt	s aː w ˨˩ h w i ə t̚ ˧˨ ʔ
sá	s aː ˧˦
sá sùng	s aː ˧˦ s ʊ w ŋ͡m ˨˩
sách	s a j k̟̚ ˧˦
sách báo	s a j k̟̚ ˧˦ ʔ ɓ aː w ˧˦
sách dẫn	s a j k̟̚ ˧˦ z ə n ˦ˀ˥
sách giáo khoa	s a j k̟̚ ˧˦ z aː w ˧˦ x w aː ˧˧
sách gối đầu giường	s a j k̟̚ ˧˦ ɣ o j ˧˦ ʔ ɗ ə w ˨˩ z ɨ ə ŋ ˨˩
sách huỷ	s a j k̟̚ ˧˦ h w i ˧˩
sách lược	s a j k̟̚ ˧˦ l ɨ ə k̚ ˧˨ ʔ
sách vở	s a j k̟̚ ˧˦ v əː ˧˩
sách điện tử	s a j k̟̚ ˧˦ ʔ ɗ i ə n ˧˨ ʔ t ɨ ˧˩
sái	s aː j ˧˦
sám hối	s aː m ˧˦ h o j ˧˦
sán	s aː n ˧˦
sán dây	s aː n ˧˦ z ə j ˧˧
sán lá	s aː n ˧˦ l aː ˧˦
sán xơ mít	s aː n ˧˦ s əː ˧˧ m i t̚ ˧˦
sáng	s aː ŋ ˧˦
sáng bạch	s aː ŋ ˧˦ ʔ ɓ a j k̟̚ ˧˨ ʔ
sáng choang	s aː ŋ ˧˦ t͡ɕ w aː ŋ ˧˧
sáng chói	s aː ŋ ˧˦ t͡ɕ ɔ j ˧˦
sáng chế	s aː ŋ ˧˦ t͡ɕ e ˧˦
sáng dạ	s aː ŋ ˧˦ z aː ˧˨ ʔ
sáng giá	s aː ŋ ˧˦ z aː ˧˦
sáng kiến	s aː ŋ ˧˦ k i ə n ˧˦
sáng láng	s aː ŋ ˧˦ l aː ŋ ˧˦
sáng lạng	s aː ŋ ˧˦ l aː ŋ ˧˨ ʔ
sáng lập	s aː ŋ ˧˦ l ə p̚ ˧˨ ʔ
sáng mắt	s aː ŋ ˧˦ m a t̚ ˧˦
sáng ngời	s aː ŋ ˧˦ ŋ əː j ˨˩
sáng nắng chiều mưa	s aː ŋ ˧˦ n a ŋ ˧˦ t͡ɕ i ə w ˨˩ m ɨ ə ˧˧
sáng suốt	s aː ŋ ˧˦ s u ə t̚ ˧˦
sáng sớm	s aː ŋ ˧˦ s əː m ˧˦
sáng sủa	s aː ŋ ˧˦ s u ə ˧˩
sáng trưng	s aː ŋ ˧˦ t͡ɕ ɨ ŋ ˧˧
sáng tác	s aː ŋ ˧˦ t aː k̚ ˧˦
sáng tạo	s aː ŋ ˧˦ t aː w ˧˨ ʔ
sáng tỏ	s aː ŋ ˧˦ t ɔ ˧˩
sánh	s a j ŋ̟ ˧˦
sánh vai	s a j ŋ̟ ˧˦ v aː j ˧˧
sáo	s aː w ˧˦
sáo ngữ	s aː w ˧˦ ŋ ɨ ˦ˀ˥
sáo nhỏ	s aː w ˧˦ ɲ ɔ ˧˩
sáo rỗng	s aː w ˧˦ z ə w ŋ͡m ˦ˀ˥
sáp	s aː p̚ ˧˦
sáp nhập	s aː p̚ ˧˦ ɲ ə p̚ ˧˨ ʔ
sát	s aː t̚ ˧˦
sát cánh	s aː t̚ ˧˦ k a j ŋ̟ ˧˦
sát gái	s aː t̚ ˧˦ ɣ aː j ˧˦
sát hạch	s aː t̚ ˧˦ h a j k̟̚ ˧˨ ʔ
sát hại	s aː t̚ ˧˦ h aː j ˧˨ ʔ
sát khuẩn	s aː t̚ ˧˦ x w ə n ˧˩
sát na	s aː t̚ ˧˦ n aː ˧˧
sát nhân	s aː t̚ ˧˦ ɲ ə n ˧˧
sát nhập	s aː t̚ ˧˦ ɲ ə p̚ ˧˨ ʔ
sát nách	s aː t̚ ˧˦ n a j k̟̚ ˧˦
sát nút	s aː t̚ ˧˦ n u t̚ ˧˦
sát phạt	s aː t̚ ˧˦ f aː t̚ ˧˨ ʔ
sát sanh	s aː t̚ ˧˦ s a j ŋ̟ ˧˧
sát sinh	s aː t̚ ˧˦ s ï ŋ ˧˧
sát sàn sạt	s aː t̚ ˧˦ s aː n ˨˩ s aː t̚ ˧˨ ʔ
sát sạt	s aː t̚ ˧˦ s aː t̚ ˧˨ ʔ
sát thủ	s aː t̚ ˧˦ tʰ u ˧˩
sát trùng	s aː t̚ ˧˦ t͡ɕ ʊ w ŋ͡m ˨˩
sáu	s a w ˧˦
sáu múi	s a w ˧˦ m u j ˧˦
sâm	s ə m ˧˧
sâm banh	s ə m ˧˧ ʔ ɓ a j ŋ̟ ˧˧
sâm bổ lượng	s ə m ˧˧ ʔ ɓ o ˧˩ l ɨ ə ŋ ˧˨ ʔ
sâm cầm	s ə m ˧˧ k ə m ˨˩
sãi	s aː j ˦ˀ˥
sì	s i ˨˩
sù sụ	s u ˨˩ s u ˧˨ ʔ
sùi	s u j ˨˩
sùi sụt	s u j ˨˩ s u t̚ ˧˨ ʔ
sùm	s u m ˨˩
sùm soà	s u m ˨˩ s w aː ˨˩
sùm sụp	s u m ˨˩ s u p̚ ˧˨ ʔ
sùng	s ʊ w ŋ͡m ˨˩
sùng bái	s ʊ w ŋ͡m ˨˩ ʔ ɓ aː j ˧˦
sùng bái hàng hoá	s ʊ w ŋ͡m ˨˩ ʔ ɓ aː j ˧˦ h aː ŋ ˨˩ h w aː ˧˦
sùng kính	s ʊ w ŋ͡m ˨˩ k ï ŋ ˧˦
sùng phụng	s ʊ w ŋ͡m ˨˩ f ʊ w ŋ͡m ˧˨ ʔ
sùng đạo	s ʊ w ŋ͡m ˨˩ ʔ ɗ aː w ˧˨ ʔ
sú	s u ˧˦
súc	s ʊ w k͡p̚ ˧˦
súc sinh	s ʊ w k͡p̚ ˧˦ s ï ŋ ˧˧
súc sắc	s ʊ w k͡p̚ ˧˦ s a k̚ ˧˦
súc tích	s ʊ w k͡p̚ ˧˦ t ï k̟̚ ˧˦
súc vật	s ʊ w k͡p̚ ˧˦ v ə t̚ ˧˨ ʔ
sún	s u n ˧˦
súng	s ʊ w ŋ͡m ˧˦
súng bắn keo	s ʊ w ŋ͡m ˧˦ ʔ ɓ a n ˧˦ k ɛ w ˧˧
súng cối	s ʊ w ŋ͡m ˧˦ k o j ˧˦
súng hoả mai	s ʊ w ŋ͡m ˧˦ h w aː ˧˩ m aː j ˧˧
súng liên thanh	s ʊ w ŋ͡m ˧˦ l i ə n ˧˧ tʰ a j ŋ̟ ˧˧
súng lục	s ʊ w ŋ͡m ˧˦ l ʊ w k͡p̚ ˧˨ ʔ
súng máy	s ʊ w ŋ͡m ˧˦ m a j ˧˦
súng ngắn	s ʊ w ŋ͡m ˧˦ ŋ a n ˧˦
súng nước	s ʊ w ŋ͡m ˧˦ n ɨ ə k̚ ˧˦
súng phun lửa	s ʊ w ŋ͡m ˧˦ f u n ˧˧ l ɨ ə ˧˩
súng sáu	s ʊ w ŋ͡m ˧˦ s a w ˧˦
súng trường	s ʊ w ŋ͡m ˧˦ t͡ɕ ɨ ə ŋ ˨˩
súng đạn	s ʊ w ŋ͡m ˧˦ ʔ ɗ aː n ˧˨ ʔ
súp lơ	s u p̚ ˧˦ l əː ˧˧
sút	s u t̚ ˧˦
sút giảm	s u t̚ ˧˦ z aː m ˧˩
sút kém	s u t̚ ˧˦ k ɛ m ˧˦
săm	s a m ˧˧
săm soi	s a m ˧˧ s ɔ j ˧˧
săn	s a n ˧˧
săn bắn	s a n ˧˧ ʔ ɓ a n ˧˦
săn bắt	s a n ˧˧ ʔ ɓ a t̚ ˧˦
săn chắc	s a n ˧˧ t͡ɕ a k̚ ˧˦
săn sóc	s a n ˧˧ s a w k͡p̚ ˧˦
săn đuổi	s a n ˧˧ ʔ ɗ u ə j ˧˩
săn đón	s a n ˧˧ ʔ ɗ ɔ n ˧˦
săng	s a ŋ ˧˧
sũng	s ʊ w ŋ͡m ˦ˀ˥
sơ lược	s əː ˧˧ l ɨ ə k̚ ˧˨ ʔ
sơ mi	s əː ˧˧ m i ˧˧
sơ ri	s əː ˧˧ z i ˧˧
sơ ri	s əː ˧˧ ɹ i ˧˧
sơ sinh	s əː ˧˧ s ï ŋ ˧˧
sơ suất	s əː ˧˧ s w ə t̚ ˧˦
sơ sài	s əː ˧˧ s aː j ˨˩
sơ sẩy	s əː ˧˧ s ə j ˧˩
sơ thẩm	s əː ˧˧ tʰ ə m ˧˩
sơ tán	s əː ˧˧ t aː n ˧˦
sơ ý	s əː ˧˧ ʔ i ˧˦
sơn	s əː n ˧˧
sơn ca	s əː n ˧˧ k aː ˧˧
sơn cước	s əː n ˧˧ k ɨ ə k̚ ˧˦
sơn dương	s əː n ˧˧ z ɨ ə ŋ ˧˧
sơn hà	s əː n ˧˧ h aː ˨˩
sơn hào hải vị	s əː n ˧˧ h aː w ˨˩ h aː j ˧˩ v i ˧˨ ʔ
sơn kê tiêu	s əː n ˧˧ k e ˧˧ t i ə w ˧˧
sơn lâm	s əː n ˧˧ l ə m ˧˧
sơn mài	s əː n ˧˧ m aː j ˨˩
sơn mạch	s əː n ˧˧ m a j k̟̚ ˧˨ ʔ
sơn nữ	s əː n ˧˧ n ɨ ˦ˀ˥
sơn pháo	s əː n ˧˧ f aː w ˧˦
sơn thuỷ	s əː n ˧˧ tʰ w i ˧˩
sơn tra	s əː n ˧˧ t͡ɕ aː ˧˧
sơn trà	s əː n ˧˧ t͡ɕ aː ˨˩
sơn tặc	s əː n ˧˧ t a k̚ ˧˨ ʔ
sơn vé	s əː n ˧˧ v ɛ ˧˦
sư	s ɨ ˧˧
sư bá	s ɨ ˧˧ ʔ ɓ aː ˧˦
sư cô	s ɨ ˧˧ k o ˧˧
sư huynh	s ɨ ˧˧ h w ï ŋ̟ ˧˧
sư hổ	s ɨ ˧˧ h o ˧˩
sư muội	s ɨ ˧˧ m u ə j ˧˨ ʔ
sư mẫu	s ɨ ˧˧ m ə w ˦ˀ˥
sư nương	s ɨ ˧˧ n ɨ ə ŋ ˧˧
sư phạm	s ɨ ˧˧ f aː m ˧˨ ʔ
sư phụ	s ɨ ˧˧ f u ˧˨ ʔ
sư thúc	s ɨ ˧˧ tʰ ʊ w k͡p̚ ˧˦
sư thầy	s ɨ ˧˧ tʰ ə j ˨˩
sư tỉ	s ɨ ˧˧ t i ˧˩
sư tử	s ɨ ˧˧ t ɨ ˧˩
sư tử Hà Đông	s ɨ ˧˧ t ɨ ˧˩ h aː ˨˩ ʔ ɗ ə w ŋ͡m ˧˧
sư đoàn	s ɨ ˧˧ ʔ ɗ w aː n ˨˩
sư đệ	s ɨ ˧˧ ʔ ɗ e ˧˨ ʔ
sưa	s ɨ ə ˧˧
sưng	s ɨ ŋ ˧˧
sưng húp	s ɨ ŋ ˧˧ h u p̚ ˧˦
sưu	s i w ˧˧
sưu tầm	s i w ˧˧ t ə m ˨˩
sưu tập	s i w ˧˧ t ə p̚ ˧˨ ʔ
sương	s ɨ ə ŋ ˧˧
sương muối	s ɨ ə ŋ ˧˧ m u ə j ˧˦
sương mù	s ɨ ə ŋ ˧˧ m u ˨˩
sương sáo	s ɨ ə ŋ ˧˧ s aː w ˧˦
sương sâm	s ɨ ə ŋ ˧˧ s ə m ˧˧
sương sương	s ɨ ə ŋ ˧˧ s ɨ ə ŋ ˧˧
sướng	s ɨ ə ŋ ˧˦
sướng rơn	s ɨ ə ŋ ˧˦ z əː n ˧˧
sướt mướt	s ɨ ə t̚ ˧˦ m ɨ ə t̚ ˧˦
sườn	s ɨ ə n ˨˩
sường sượng	s ɨ ə ŋ ˨˩ s ɨ ə ŋ ˧˨ ʔ
sưởi	s ɨ ə j ˧˩
sượng	s ɨ ə ŋ ˧˨ ʔ
sượng trân	s ɨ ə ŋ ˧˨ ʔ t͡ɕ ə n ˧˧
sạ	s aː ˧˨ ʔ
sạc	s aː k̚ ˧˨ ʔ
sạch	s a j k̟̚ ˧˨ ʔ
sạch bách	s a j k̟̚ ˧˨ ʔ ʔ ɓ a j k̟̚ ˧˦
sạch nước cản	s a j k̟̚ ˧˨ ʔ n ɨ ə k̚ ˧˦ k aː n ˧˩
sạch sành sanh	s a j k̟̚ ˧˨ ʔ s a j ŋ̟ ˨˩ s a j ŋ̟ ˧˧
sạch sẽ	s a j k̟̚ ˧˨ ʔ s ɛ ˦ˀ˥
sạm	s aː m ˧˨ ʔ
sạn	s aː n ˧˨ ʔ
sạo	s aː w ˧˨ ʔ
sạo sục	s aː w ˧˨ ʔ s ʊ w k͡p̚ ˧˨ ʔ
sạp	s aː p̚ ˧˨ ʔ
sạt	s aː t̚ ˧˨ ʔ
sạt lở	s aː t̚ ˧˨ ʔ l əː ˧˩
sạt lở đất	s aː t̚ ˧˨ ʔ l əː ˧˩ ʔ ɗ ə t̚ ˧˦
sạt nghiệp	s aː t̚ ˧˨ ʔ ŋ i ə p̚ ˧˨ ʔ
sạu	s a w ˧˨ ʔ
sả	s aː ˧˩
sải	s aː j ˧˩
sản	s aː n ˧˩
sản giật	s aː n ˧˩ z ə t̚ ˧˨ ʔ
sản khoa	s aː n ˧˩ x w aː ˧˧
sản lượng	s aː n ˧˩ l ɨ ə ŋ ˧˨ ʔ
sản nghiệp	s aː n ˧˩ ŋ i ə p̚ ˧˨ ʔ
sản phẩm	s aː n ˧˩ f ə m ˧˩
sản phụ	s aː n ˧˩ f u ˧˨ ʔ
sản phụ khoa	s aː n ˧˩ f u ˧˨ ʔ x w aː ˧˧
sản sinh	s aː n ˧˩ s ï ŋ ˧˧
sản vật	s aː n ˧˩ v ə t̚ ˧˨ ʔ
sản xuất	s aː n ˧˩ s w ə t̚ ˧˦
sảng khoái	s aː ŋ ˧˩ x w aː j ˧˦
sảnh	s a j ŋ̟ ˧˩
sảo	s aː w ˧˩
sảy	s a j ˧˩
sấm	s ə m ˧˦
sấu	s ə w ˧˦
sắc	s a k̚ ˧˦
sắc bén	s a k̚ ˧˦ ʔ ɓ ɛ n ˧˦
sắc chỉ	s a k̚ ˧˦ t͡ɕ i ˧˩
sắc lẻm	s a k̚ ˧˦ l ɛ m ˧˩
sắc lệnh	s a k̚ ˧˦ l ə j ŋ̟ ˧˨ ʔ
sắc màu	s a k̚ ˧˦ m a w ˨˩
sắc mặt	s a k̚ ˧˦ m a t̚ ˧˨ ʔ
sắc nhọn	s a k̚ ˧˦ ɲ ɔ n ˧˨ ʔ
sắc phong	s a k̚ ˧˦ f a w ŋ͡m ˧˧
sắc phục	s a k̚ ˧˦ f ʊ w k͡p̚ ˧˨ ʔ
sắc sảo	s a k̚ ˧˦ s aː w ˧˩
sắc thái	s a k̚ ˧˦ tʰ aː j ˧˦
sắc tố	s a k̚ ˧˦ t o ˧˦
sắc tố đen	s a k̚ ˧˦ t o ˧˦ ʔ ɗ ɛ n ˧˧
sắc tộc	s a k̚ ˧˦ t ə w k͡p̚ ˧˨ ʔ
sắc đẹp	s a k̚ ˧˦ ʔ ɗ ɛ p̚ ˧˨ ʔ
sắm	s a m ˧˦
sắm sửa	s a m ˧˦ s ɨ ə ˧˩
sắm vai	s a m ˧˦ v aː j ˧˧
sắn	s a n ˧˦
sắp	s a p̚ ˧˦
sắp sửa	s a p̚ ˧˦ s ɨ ə ˧˩
sắp tới	s a p̚ ˧˦ t əː j ˧˦
sắp xếp	s a p̚ ˧˦ s e p̚ ˧˦
sắp đặt	s a p̚ ˧˦ ʔ ɗ a t̚ ˧˨ ʔ
sắt	s a t̚ ˧˦
sắt son	s a t̚ ˧˦ s ɔ n ˧˧
sẵn	s a n ˦ˀ˥
sẵn có	s a n ˦ˀ˥ k ɔ ˧˦
sẵn lòng	s a n ˦ˀ˥ l a w ŋ͡m ˨˩
sẵn sàng	s a n ˦ˀ˥ s aː ŋ ˨˩
sặc	s a k̚ ˧˨ ʔ
sặc sỡ	s a k̚ ˧˨ ʔ s əː ˦ˀ˥
sặc sụa	s a k̚ ˧˨ ʔ s u ə ˧˨ ʔ
sặt	s a t̚ ˧˨ ʔ
sếu	s e w ˧˦
sớ	s əː ˧˦
sới	s əː j ˧˦
sớm	s əː m ˧˦
sớm muộn	s əː m ˧˦ m u ə n ˧˨ ʔ
sớn sác	s əː n ˧˦ s aː k̚ ˧˦
sớt	s əː t̚ ˧˦
sờ	s əː ˨˩
sờ mó	s əː ˨˩ m ɔ ˧˦
sờ nặng	s əː ˨˩ n a ŋ ˧˨ ʔ
sờ sờ	s əː ˨˩ s əː ˨˩
sờn	s əː n ˨˩
sở	s əː ˧˩
sở dĩ	s əː ˧˩ z i ˦ˀ˥
sở hữu	s əː ˧˩ h i w ˦ˀ˥
sở hữu trí tuệ	s əː ˧˩ h i w ˦ˀ˥ t͡ɕ i ˧˦ t w e ˧˨ ʔ
sở thuộc	s əː ˧˩ tʰ u ə k̚ ˧˨ ʔ
sở thích	s əː ˧˩ tʰ ï k̟̚ ˧˦
sở thú	s əː ˧˩ tʰ u ˧˦
sở trường	s əː ˧˩ t͡ɕ ɨ ə ŋ ˨˩
sở trưởng	s əː ˧˩ t͡ɕ ɨ ə ŋ ˧˩
sở tại	s əː ˧˩ t aː j ˧˨ ʔ
sở đoản	s əː ˧˩ ʔ ɗ w aː n ˧˩
sở đoảng	s əː ˧˩ ʔ ɗ w aː ŋ ˧˩
sởi	s əː j ˧˩
sởn	s əː n ˧˩
sởn gáy	s əː n ˧˩ ɣ a j ˧˦
sởn sơ	s əː n ˧˩ s əː ˧˧
sợ	s əː ˧˨ ʔ
sợ hãi	s əː ˧˨ ʔ h aː j ˦ˀ˥
sợ sệt	s əː ˧˨ ʔ s e t̚ ˧˨ ʔ
sợi	s əː j ˧˨ ʔ
sợi huyết	s əː j ˧˨ ʔ h w i ə t̚ ˧˦
sụ	s u ˧˨ ʔ
sục	s ʊ w k͡p̚ ˧˨ ʔ
sục sạo	s ʊ w k͡p̚ ˧˨ ʔ s aː w ˧˨ ʔ
sụm	s u m ˧˨ ʔ
sụn	s u n ˧˨ ʔ
sụn chêm	s u n ˧˨ ʔ t͡ɕ e m ˧˧
sụp	s u p̚ ˧˨ ʔ
sụp đổ	s u p̚ ˧˨ ʔ ʔ ɗ o ˧˩
sụt	s u t̚ ˧˨ ʔ
sụt lún	s u t̚ ˧˨ ʔ l u n ˧˦
sụt sà sụt sịt	s u t̚ ˧˨ ʔ s aː ˨˩ s u t̚ ˧˨ ʔ s i t̚ ˧˨ ʔ
sụt sịt	s u t̚ ˧˨ ʔ s i t̚ ˧˨ ʔ
sủa	s u ə ˧˩
sủi	s u j ˧˩
sủi cảo	s u j ˧˩ k aː w ˧˩
sủi dìn	s u j ˧˩ z i n ˨˩
sủng ái	s ʊ w ŋ͡m ˧˩ ʔ aː j ˧˦
sứ	s ɨ ˧˦
sứ giả	s ɨ ˧˦ z aː ˧˩
sứ mạng	s ɨ ˧˦ m aː ŋ ˧˨ ʔ
sứ mệnh	s ɨ ˧˦ m ə j ŋ̟ ˧˨ ʔ
sứ đồ	s ɨ ˧˦ ʔ ɗ o ˨˩
sứa	s ɨ ə ˧˦
sức	s ɨ k̚ ˧˦
sức bật	s ɨ k̚ ˧˦ ʔ ɓ ə t̚ ˧˨ ʔ
sức hút	s ɨ k̚ ˧˦ h u t̚ ˧˦
sức khoẻ	s ɨ k̚ ˧˦ x w ɛ ˧˩
sức khoẻ tinh thần	s ɨ k̚ ˧˦ x w ɛ ˧˩ t ï ŋ ˧˧ tʰ ə n ˨˩
sức khoẻ tâm thần	s ɨ k̚ ˧˦ x w ɛ ˧˩ t ə m ˧˧ tʰ ə n ˨˩
sức lao động	s ɨ k̚ ˧˦ l aː w ˧˧ ʔ ɗ ə w ŋ͡m ˧˨ ʔ
sức lực	s ɨ k̚ ˧˦ l ɨ k̚ ˧˨ ʔ
sức mạnh	s ɨ k̚ ˧˦ m a j ŋ̟ ˧˨ ʔ
sức sống	s ɨ k̚ ˧˦ s ə w ŋ͡m ˧˦
sức vóc	s ɨ k̚ ˧˦ v a w k͡p̚ ˧˦
sức ép	s ɨ k̚ ˧˦ ʔ ɛ p̚ ˧˦
sứt	s ɨ t̚ ˧˦
sứt môi	s ɨ t̚ ˧˦ m o j ˧˧
sứt mẻ	s ɨ t̚ ˧˦ m ɛ ˧˩
sừng	s ɨ ŋ ˨˩
sừng sỏ	s ɨ ŋ ˨˩ s ɔ ˧˩
sừng sững	s ɨ ŋ ˨˩ s ɨ ŋ ˦ˀ˥
sử	s ɨ ˧˩
sử dụng	s ɨ ˧˩ z ʊ w ŋ͡m ˧˨ ʔ
sử học	s ɨ ˧˩ h a w k͡p̚ ˧˨ ʔ
sử kí	s ɨ ˧˩ k i ˧˦
sử liệu	s ɨ ˧˩ l i ə w ˧˨ ʔ
sử sách	s ɨ ˧˩ s a j k̟̚ ˧˦
sử thi	s ɨ ˧˩ tʰ i ˧˧
sử xanh	s ɨ ˧˩ s a j ŋ̟ ˧˧
sử địa	s ɨ ˧˩ ʔ ɗ i ə ˧˨ ʔ
sửa	s ɨ ə ˧˩
sửa chữa	s ɨ ə ˧˩ t͡ɕ ɨ ə ˦ˀ˥
sửa sang	s ɨ ə ˧˩ s aː ŋ ˧˧
sửa soạn	s ɨ ə ˧˩ s w aː n ˧˨ ʔ
sửa đổi	s ɨ ə ˧˩ ʔ ɗ o j ˧˩
sửng	s ɨ ŋ ˧˩
sửng sốt	s ɨ ŋ ˧˩ s o t̚ ˧˦
sửu nhi	s i w ˧˩ ɲ i ˧˧
sữa	s ɨ ə ˦ˀ˥
sữa bột	s ɨ ə ˦ˀ˥ ʔ ɓ o t̚ ˧˨ ʔ
sữa chua	s ɨ ə ˦ˀ˥ t͡ɕ u ə ˧˧
sữa tươi	s ɨ ə ˦ˀ˥ t ɨ ə j ˧˧
sữa tắm	s ɨ ə ˦ˀ˥ t a m ˧˦
sữa đậu nành	s ɨ ə ˦ˀ˥ ʔ ɗ ə w ˧˨ ʔ n a j ŋ̟ ˨˩
sữa đặc	s ɨ ə ˦ˀ˥ ʔ ɗ a k̚ ˧˨ ʔ
sững	s ɨ ŋ ˦ˀ˥
sững sờ	s ɨ ŋ ˦ˀ˥ s əː ˨˩
sự	s ɨ ˧˨ ʔ
sự biến	s ɨ ˧˨ ʔ ʔ ɓ i ə n ˧˦
sự cố	s ɨ ˧˨ ʔ k o ˧˦
sự kiện	s ɨ ˧˨ ʔ k i ə n ˧˨ ʔ
sự nghiệp	s ɨ ˧˨ ʔ ŋ i ə p̚ ˧˨ ʔ
sự thật	s ɨ ˧˨ ʔ tʰ ə t̚ ˧˨ ʔ
sự thực	s ɨ ˧˨ ʔ tʰ ɨ k̚ ˧˨ ʔ
sự tình	s ɨ ˧˨ ʔ t ï ŋ ˨˩
sự tích	s ɨ ˧˨ ʔ t ï k̟̚ ˧˦
sự việc	s ɨ ˧˨ ʔ v i ə k̚ ˧˨ ʔ
sự vật	s ɨ ˧˨ ʔ v ə t̚ ˧˨ ʔ
sự vụ	s ɨ ˧˨ ʔ v u ˧˨ ʔ
sự đời	s ɨ ˧˨ ʔ ʔ ɗ əː j ˨˩
sực	s ɨ k̚ ˧˨ ʔ
sực nức	s ɨ k̚ ˧˨ ʔ n ɨ k̚ ˧˦
t	t e ˧˧
t	t əː ˨˩
ta	t aː ˧˧
ta luy	t aː ˧˧ l w i ˧˧
ta thán	t aː ˧˧ tʰ aː n ˧˦
ta đây	t aː ˧˧ ʔ ɗ ə j ˧˧
taekwondo	t ə j ˧˧ k o n ˧˧ ʔ ɗ o ˧˧
tai	t aː j ˧˧
tai biến	t aː j ˧˧ ʔ ɓ i ə n ˧˦
tai chua	t aː j ˧˧ t͡ɕ u ə ˧˧
tai hoạ	t aː j ˧˧ h w aː ˧˨ ʔ
tai hại	t aː j ˧˧ h aː j ˧˨ ʔ
tai mắt	t aː j ˧˧ m a t̚ ˧˦
tai nghe	t aː j ˧˧ ŋ ɛ ˧˧
tai nạn	t aː j ˧˧ n aː n ˧˨ ʔ
tai qua nạn khỏi	t aː j ˧˧ k w aː ˧˧ n aː n ˧˨ ʔ x ɔ j ˧˩
tai quái	t aː j ˧˧ k w aː j ˧˦
tai tiếng	t aː j ˧˧ t i ə ŋ ˧˦
tai to mặt lớn	t aː j ˧˧ t ɔ ˧˧ m a t̚ ˧˨ ʔ l əː n ˧˦
tai vách mạch dừng	t aː j ˧˧ v a j k̟̚ ˧˦ m a j k̟̚ ˧˨ ʔ z ɨ ŋ ˨˩
tai ách	t aː j ˧˧ ʔ a j k̟̚ ˧˦
tai ương	t aː j ˧˧ ʔ ɨ ə ŋ ˧˧
tali	t aː ˧˧ l i ˧˧
tam	t aː m ˧˧
tam bảo	t aː m ˧˧ ʔ ɓ aː w ˧˩
tam cúc	t aː m ˧˧ k ʊ w k͡p̚ ˧˦
tam cương	t aː m ˧˧ k ɨ ə ŋ ˧˧
tam cương ngũ thường	t aː m ˧˧ k ɨ ə ŋ ˧˧ ŋ u ˦ˀ˥ tʰ ɨ ə ŋ ˨˩
tam cấp	t aː m ˧˧ k ə p̚ ˧˦
tam giác	t aː m ˧˧ z aː k̚ ˧˦
tam giác cân	t aː m ˧˧ z aː k̚ ˧˦ k ə n ˧˧
tam giác long	t aː m ˧˧ z aː k̚ ˧˦ l a w ŋ͡m ˧˧
tam giác nhọn	t aː m ˧˧ z aː k̚ ˧˦ ɲ ɔ n ˧˨ ʔ
tam giác tù	t aː m ˧˧ z aː k̚ ˧˦ t u ˨˩
tam giác vuông	t aː m ˧˧ z aː k̚ ˧˦ v u ə ŋ ˧˧
tam giác đều	t aː m ˧˧ z aː k̚ ˧˦ ʔ ɗ e w ˨˩
tam giáo	t aː m ˧˧ z aː w ˧˦
tam khôi	t aː m ˧˧ x o j ˧˧
tam nhật	t aː m ˧˧ ɲ ə t̚ ˧˨ ʔ
tam quan	t aː m ˧˧ k w aː n ˧˧
tam sao thất bản	t aː m ˧˧ s aː w ˧˧ tʰ ə t̚ ˧˦ ʔ ɓ aː n ˧˩
tam suất	t aː m ˧˧ s w ə t̚ ˧˦
tam tai	t aː m ˧˧ t aː j ˧˧
tam thập lục	t aː m ˧˧ tʰ ə p̚ ˧˨ ʔ l ʊ w k͡p̚ ˧˨ ʔ
tam thức	t aː m ˧˧ tʰ ɨ k̚ ˧˦
tam tiêu	t aː m ˧˧ t i ə w ˧˧
tam tòng	t aː m ˧˧ t a w ŋ͡m ˨˩
tam âm la	t aː m ˧˧ ʔ ə m ˧˧ l aː ˧˧
tam đoạn luận	t aː m ˧˧ ʔ ɗ w aː n ˧˨ ʔ l w ə n ˧˨ ʔ
tan	t aː n ˧˧
tan hoang	t aː n ˧˧ h w aː ŋ ˧˧
tan nát	t aː n ˧˧ n aː t̚ ˧˦
tan rã	t aː n ˧˧ z aː ˦ˀ˥
tan trường	t aː n ˧˧ t͡ɕ ɨ ə ŋ ˨˩
tan tành	t aː n ˧˧ t a j ŋ̟ ˨˩
tan tác	t aː n ˧˧ t aː k̚ ˧˦
tan tầm	t aː n ˧˧ t ə m ˨˩
tan vỡ	t aː n ˧˧ v əː ˦ˀ˥
tang	t aː ŋ ˧˧
tang chứng	t aː ŋ ˧˧ t͡ɕ ɨ ŋ ˧˦
tang thương	t aː ŋ ˧˧ tʰ ɨ ə ŋ ˧˧
tang tóc	t aː ŋ ˧˧ t a w k͡p̚ ˧˦
tang tảng	t aː ŋ ˧˧ t aː ŋ ˧˩
tanh	t a j ŋ̟ ˧˧
tantan	t aː n ˧˧ t aː n ˧˧
tao	t aː w ˧˧
tao khang	t aː w ˧˧ x aː ŋ ˧˧
tao nhã	t aː w ˧˧ ɲ aː ˦ˀ˥
tao phùng	t aː w ˧˧ f ʊ w ŋ͡m ˨˩
tau	t a w ˧˧
tay	t a j ˧˧
tay chân	t a j ˧˧ t͡ɕ ə n ˧˧
tay kiếm	t a j ˧˧ k i ə m ˧˦
tay lái	t a j ˧˧ l aː j ˧˦
tay nải	t a j ˧˧ n aː j ˧˩
tay sai	t a j ˧˧ s aː j ˧˧
tay to	t a j ˧˧ t ɔ ˧˧
tay trong	t a j ˧˧ t͡ɕ a w ŋ͡m ˧˧
tay trên	t a j ˧˧ t͡ɕ e n ˧˧
tay trắng	t a j ˧˧ t͡ɕ a ŋ ˧˦
tay trắng tay đen	t a j ˧˧ t͡ɕ a ŋ ˧˦ t a j ˧˧ ʔ ɗ ɛ n ˧˧
tay vịn	t a j ˧˧ v i n ˧˨ ʔ
tay áo	t a j ˧˧ ʔ aː w ˧˦
team	t i m ˧˧
teo	t ɛ w ˧˧
test	t ɛ t̚ ˧˦
tha	tʰ aː ˧˧
tha bổng	tʰ aː ˧˧ ʔ ɓ ə w ŋ͡m ˧˩
tha hoá	tʰ aː ˧˧ h w aː ˧˦
tha hồ	tʰ aː ˧˧ h o ˨˩
tha ma	tʰ aː ˧˧ m aː ˧˧
tha phương cầu thực	tʰ aː ˧˧ f ɨ ə ŋ ˧˧ k ə w ˨˩ tʰ ɨ k̚ ˧˨ ʔ
tha thiết	tʰ aː ˧˧ tʰ i ə t̚ ˧˦
tha thẩn	tʰ aː ˧˧ tʰ ə n ˧˩
tha thứ	tʰ aː ˧˧ tʰ ɨ ˧˦
tha tội	tʰ aː ˧˧ t o j ˧˨ ʔ
tha động từ	tʰ aː ˧˧ ʔ ɗ ə w ŋ͡m ˧˨ ʔ t ɨ ˨˩
thai	tʰ aː j ˧˧
thai kì	tʰ aː j ˧˧ k i ˨˩
thai nghén	tʰ aː j ˧˧ ŋ ɛ n ˧˦
thai ngoài tử cung	tʰ aː j ˧˧ ŋ w aː j ˨˩ t ɨ ˧˩ k ʊ w ŋ͡m ˧˧
thai nhi	tʰ aː j ˧˧ ɲ i ˧˧
tham	tʰ aː m ˧˧
tham chiến	tʰ aː m ˧˧ t͡ɕ i ə n ˧˦
tham chiếu	tʰ aː m ˧˧ t͡ɕ i ə w ˧˦
tham dục	tʰ aː m ˧˧ z ʊ w k͡p̚ ˧˨ ʔ
tham dự	tʰ aː m ˧˧ z ɨ ˧˨ ʔ
tham gia	tʰ aː m ˧˧ z aː ˧˧
tham khảo	tʰ aː m ˧˧ x aː w ˧˩
tham lam	tʰ aː m ˧˧ l aː m ˧˧
tham luận	tʰ aː m ˧˧ l w ə n ˧˨ ʔ
tham mưu	tʰ aː m ˧˧ m i w ˧˧
tham mưu trưởng	tʰ aː m ˧˧ m i w ˧˧ t͡ɕ ɨ ə ŋ ˧˩
tham nhũng	tʰ aː m ˧˧ ɲ ʊ w ŋ͡m ˦ˀ˥
tham quan	tʰ aː m ˧˧ k w aː n ˧˧
tham sinh uý tử	tʰ aː m ˧˧ s ï ŋ ˧˧ ʔ w i ˧˦ t ɨ ˧˩
tham số	tʰ aː m ˧˧ s o ˧˦
tham thì thâm	tʰ aː m ˧˧ tʰ i ˨˩ tʰ ə m ˧˧
tham tài	tʰ aː m ˧˧ t aː j ˨˩
tham tàn	tʰ aː m ˧˧ t aː n ˨˩
tham vấn	tʰ aː m ˧˧ v ə n ˧˦
tham vọng	tʰ aː m ˧˧ v a w ŋ͡m ˧˨ ʔ
tham ô	tʰ aː m ˧˧ ʔ o ˧˧
tham ăn	tʰ aː m ˧˧ ʔ a n ˧˧
than	tʰ aː n ˧˧
than chì	tʰ aː n ˧˧ t͡ɕ i ˨˩
than củi	tʰ aː n ˧˧ k u j ˧˩
than gỗ	tʰ aː n ˧˧ ɣ o ˦ˀ˥
than hoạt tính	tʰ aː n ˧˧ h w aː t̚ ˧˨ ʔ t ï ŋ ˧˦
than khóc	tʰ aː n ˧˧ x a w k͡p̚ ˧˦
than phiền	tʰ aː n ˧˧ f i ə n ˨˩
than thở	tʰ aː n ˧˧ tʰ əː ˧˩
than trách	tʰ aː n ˧˧ t͡ɕ a j k̟̚ ˧˦
than vãn	tʰ aː n ˧˧ v aː n ˦ˀ˥
than ôi	tʰ aː n ˧˧ ʔ o j ˧˧
than đá	tʰ aː n ˧˧ ʔ ɗ aː ˧˦
thang	tʰ aː ŋ ˧˧
thang cuốn	tʰ aː ŋ ˧˧ k u ə n ˧˦
thang máy	tʰ aː ŋ ˧˧ m a j ˧˦
thanh	tʰ a j ŋ̟ ˧˧
thanh bình	tʰ a j ŋ̟ ˧˧ ʔ ɓ ï ŋ ˨˩
thanh bạch	tʰ a j ŋ̟ ˧˧ ʔ ɓ a j k̟̚ ˧˨ ʔ
thanh cao	tʰ a j ŋ̟ ˧˧ k aː w ˧˧
thanh danh	tʰ a j ŋ̟ ˧˧ z a j ŋ̟ ˧˧
thanh ghi	tʰ a j ŋ̟ ˧˧ ɣ i ˧˧
thanh âm	tʰ a j ŋ̟ ˧˧ ʔ ə m ˧˧
thanh điệu	tʰ a j ŋ̟ ˧˧ ʔ ɗ i ə w ˧˨ ʔ
thanh đạm	tʰ a j ŋ̟ ˧˧ ʔ ɗ aː m ˧˨ ʔ
the	tʰ ɛ ˧˧
the thé	tʰ ɛ ˧˧ tʰ ɛ ˧˦
then	tʰ ɛ n ˧˧
then chốt	tʰ ɛ n ˧˧ t͡ɕ o t̚ ˧˦
theo	tʰ ɛ w ˧˧
theo dõi	tʰ ɛ w ˧˧ z ɔ j ˦ˀ˥
theo dõi liên lạc	tʰ ɛ w ˧˧ z ɔ j ˦ˀ˥ l i ə n ˧˧ l aː k̚ ˧˨ ʔ
theo gót	tʰ ɛ w ˧˧ ɣ ɔ t̚ ˧˦
theo đuổi	tʰ ɛ w ˧˧ ʔ ɗ u ə j ˧˩
theo đòi	tʰ ɛ w ˧˧ ʔ ɗ ɔ j ˨˩
thi	tʰ i ˧˧
thi ca	tʰ i ˧˧ k aː ˧˧
thi công	tʰ i ˧˧ k ə w ŋ͡m ˧˧
thi cử	tʰ i ˧˧ k ɨ ˧˩
thi hài	tʰ i ˧˧ h aː j ˨˩
thi hành	tʰ i ˧˧ h a j ŋ̟ ˨˩
thi hành án	tʰ i ˧˧ h a j ŋ̟ ˨˩ ʔ aː n ˧˦
thi hào	tʰ i ˧˧ h aː w ˨˩
thi nhân	tʰ i ˧˧ ɲ ə n ˧˧
thi phú	tʰ i ˧˧ f u ˧˦
thi sĩ	tʰ i ˧˧ s i ˦ˀ˥
thi thoảng	tʰ i ˧˧ tʰ w aː ŋ ˧˩
thi thể	tʰ i ˧˧ tʰ e ˧˩
thi thố	tʰ i ˧˧ tʰ o ˧˦
thi triển	tʰ i ˧˧ t͡ɕ i ə n ˧˩
thi vị	tʰ i ˧˧ v i ˧˨ ʔ
thi đua	tʰ i ˧˧ ʔ ɗ u ə ˧˧
thi đấu	tʰ i ˧˧ ʔ ɗ ə w ˧˦
thi đậu	tʰ i ˧˧ ʔ ɗ ə w ˧˨ ʔ
thi đỗ	tʰ i ˧˧ ʔ ɗ o ˦ˀ˥
thinh	tʰ ï ŋ ˧˧
thinh không	tʰ ï ŋ ˧˧ x ə w ŋ͡m ˧˧
thiu	tʰ i w ˧˧
thiêm thiếp	tʰ i ə m ˧˧ tʰ i ə p̚ ˧˦
thiên	tʰ i ə n ˧˧
thiên ba	tʰ i ə n ˧˧ ʔ ɓ aː ˧˧
thiên biến vạn hoá	tʰ i ə n ˧˧ ʔ ɓ i ə n ˧˦ v aː n ˧˨ ʔ h w aː ˧˦
thiên bẩm	tʰ i ə n ˧˧ ʔ ɓ ə m ˧˩
thiên chức	tʰ i ə n ˧˧ t͡ɕ ɨ k̚ ˧˦
thiên cung	tʰ i ə n ˧˧ k ʊ w ŋ͡m ˧˧
thiên cơ	tʰ i ə n ˧˧ k əː ˧˧
thiên cư	tʰ i ə n ˧˧ k ɨ ˧˧
thiên cầu	tʰ i ə n ˧˧ k ə w ˨˩
thiên cổ	tʰ i ə n ˧˧ k o ˧˩
thiên cực	tʰ i ə n ˧˧ k ɨ k̚ ˧˨ ʔ
thiên di	tʰ i ə n ˧˧ z i ˧˧
thiên giới	tʰ i ə n ˧˧ z əː j ˧˦
thiên hoa	tʰ i ə n ˧˧ h w aː ˧˧
thiên hoàng	tʰ i ə n ˧˧ h w aː ŋ ˨˩
thiên hoá	tʰ i ə n ˧˧ h w aː ˧˦
thiên hà	tʰ i ə n ˧˧ h aː ˨˩
thiên hà Tiên Nữ	tʰ i ə n ˧˧ h aː ˨˩ t i ə n ˧˧ n ɨ ˦ˀ˥
thiên hình vạn trạng	tʰ i ə n ˧˧ h ï ŋ ˨˩ v aː n ˧˨ ʔ t͡ɕ aː ŋ ˧˨ ʔ
thiên hướng	tʰ i ə n ˧˧ h ɨ ə ŋ ˧˦
thiên hướng tình dục	tʰ i ə n ˧˧ h ɨ ə ŋ ˧˦ t ï ŋ ˨˩ z ʊ w k͡p̚ ˧˨ ʔ
thiên hạ	tʰ i ə n ˧˧ h aː ˧˨ ʔ
thiên hạ đệ nhất	tʰ i ə n ˧˧ h aː ˧˨ ʔ ʔ ɗ e ˧˨ ʔ ɲ ə t̚ ˧˦
thiên kim	tʰ i ə n ˧˧ k i m ˧˧
thiên kiến	tʰ i ə n ˧˧ k i ə n ˧˦
thiên la địa võng	tʰ i ə n ˧˧ l aː ˧˧ ʔ ɗ i ə ˧˨ ʔ v a w ŋ͡m ˦ˀ˥
thiên lí	tʰ i ə n ˧˧ l i ˧˦
thiên lương	tʰ i ə n ˧˧ l ɨ ə ŋ ˧˧
thiên lệch	tʰ i ə n ˧˧ l ə j k̟̚ ˧˨ ʔ
thiên lộc	tʰ i ə n ˧˧ l ə w k͡p̚ ˧˨ ʔ
thiên mưu bách kế	tʰ i ə n ˧˧ m i w ˧˧ ʔ ɓ a j k̟̚ ˧˦ k e ˧˦
thiên mệnh	tʰ i ə n ˧˧ m ə j ŋ̟ ˧˨ ʔ
thiên nga	tʰ i ə n ˧˧ ŋ aː ˧˧
thiên nga trắng	tʰ i ə n ˧˧ ŋ aː ˧˧ t͡ɕ a ŋ ˧˦
thiên nhan	tʰ i ə n ˧˧ ɲ aː n ˧˧
thiên nhiên	tʰ i ə n ˧˧ ɲ i ə n ˧˧
thiên niên kỉ	tʰ i ə n ˧˧ n i ə n ˧˧ k i ˧˩
thiên phú	tʰ i ə n ˧˧ f u ˧˦
thiên phương bách kế	tʰ i ə n ˧˧ f ɨ ə ŋ ˧˧ ʔ ɓ a j k̟̚ ˧˦ k e ˧˦
thiên quốc	tʰ i ə n ˧˧ k u ə k̚ ˧˦
thiên sứ	tʰ i ə n ˧˧ s ɨ ˧˦
thiên tai	tʰ i ə n ˧˧ t aː j ˧˧
thiên thai	tʰ i ə n ˧˧ tʰ aː j ˧˧
thiên thu	tʰ i ə n ˧˧ tʰ u ˧˧
thiên thượng	tʰ i ə n ˧˧ tʰ ɨ ə ŋ ˧˨ ʔ
thiên thạch	tʰ i ə n ˧˧ tʰ a j k̟̚ ˧˨ ʔ
thiên thần	tʰ i ə n ˧˧ tʰ ə n ˨˩
thiên thần hộ mệnh	tʰ i ə n ˧˧ tʰ ə n ˨˩ h o ˧˨ ʔ m ə j ŋ̟ ˧˨ ʔ
thiên thần sa ngã	tʰ i ə n ˧˧ tʰ ə n ˨˩ s aː ˧˧ ŋ aː ˦ˀ˥
thiên thể	tʰ i ə n ˧˧ tʰ e ˧˩
thiên thời	tʰ i ə n ˧˧ tʰ əː j ˨˩
thiên tiên	tʰ i ə n ˧˧ t i ə n ˧˧
thiên tuế	tʰ i ə n ˧˧ t w e ˧˦
thiên tài	tʰ i ə n ˧˧ t aː j ˨˩
thiên tào	tʰ i ə n ˧˧ t aː w ˨˩
thiên tính	tʰ i ə n ˧˧ t ï ŋ ˧˦
thiên tư	tʰ i ə n ˧˧ t ɨ ˧˧
thiên tướng	tʰ i ə n ˧˧ t ɨ ə ŋ ˧˦
thiên tạo	tʰ i ə n ˧˧ t aː w ˧˨ ʔ
thiên tải nhất thì	tʰ i ə n ˧˧ t aː j ˧˩ ɲ ə t̚ ˧˦ tʰ i ˨˩
thiên tử	tʰ i ə n ˧˧ t ɨ ˧˩
thiên văn	tʰ i ə n ˧˧ v a n ˧˧
thiên văn học	tʰ i ə n ˧˧ v a n ˧˧ h a w k͡p̚ ˧˨ ʔ
thiên vị	tʰ i ə n ˧˧ v i ˧˨ ʔ
thiên ái	tʰ i ə n ˧˧ ʔ aː j ˧˦
thiên ân	tʰ i ə n ˧˧ ʔ ə n ˧˧
thiên điểu	tʰ i ə n ˧˧ ʔ ɗ i ə w ˧˩
thiên đàng	tʰ i ə n ˧˧ ʔ ɗ aː ŋ ˨˩
thiên đình	tʰ i ə n ˧˧ ʔ ɗ ï ŋ ˨˩
thiên đô	tʰ i ə n ˧˧ ʔ ɗ o ˧˧
thiên đường	tʰ i ə n ˧˧ ʔ ɗ ɨ ə ŋ ˨˩
thiên đạo	tʰ i ə n ˧˧ ʔ ɗ aː w ˧˨ ʔ
thiên để	tʰ i ə n ˧˧ ʔ ɗ e ˧˩
thiên đỉnh	tʰ i ə n ˧˧ ʔ ɗ ï ŋ ˧˩
thiên địa	tʰ i ə n ˧˧ ʔ ɗ i ə ˧˨ ʔ
thiên địa hội	tʰ i ə n ˧˧ ʔ ɗ i ə ˧˨ ʔ h o j ˧˨ ʔ
thiên địch	tʰ i ə n ˧˧ ʔ ɗ ï k̟̚ ˧˨ ʔ
thiên định	tʰ i ə n ˧˧ ʔ ɗ ï ŋ ˧˨ ʔ
thiêng	tʰ i ə ŋ ˧˧
thiêng liêng	tʰ i ə ŋ ˧˧ l i ə ŋ ˧˧
thiêu	tʰ i ə w ˧˧
thiêu thân	tʰ i ə w ˧˧ tʰ ə n ˧˧
thiêu đốt	tʰ i ə w ˧˧ ʔ ɗ o t̚ ˧˦
thiếc	tʰ i ə k̚ ˧˦
thiến	tʰ i ə n ˧˦
thiếp	tʰ i ə p̚ ˧˦
thiết	tʰ i ə t̚ ˧˦
thiết bị	tʰ i ə t̚ ˧˦ ʔ ɓ i ˧˨ ʔ
thiết giáp	tʰ i ə t̚ ˧˦ z aː p̚ ˧˦
thiết giáp hạm	tʰ i ə t̚ ˧˦ z aː p̚ ˧˦ h aː m ˧˨ ʔ
thiết kế	tʰ i ə t̚ ˧˦ k e ˧˦
thiết kế đồ hoạ	tʰ i ə t̚ ˧˦ k e ˧˦ ʔ ɗ o ˨˩ h w aː ˧˨ ʔ
thiết lập	tʰ i ə t̚ ˧˦ l ə p̚ ˧˨ ʔ
thiết nghĩ	tʰ i ə t̚ ˧˦ ŋ i ˦ˀ˥
thiết quân luật	tʰ i ə t̚ ˧˦ k w ə n ˧˧ l w ə t̚ ˧˨ ʔ
thiết tha	tʰ i ə t̚ ˧˦ tʰ aː ˧˧
thiết thực	tʰ i ə t̚ ˧˦ tʰ ɨ k̚ ˧˨ ʔ
thiết trí	tʰ i ə t̚ ˧˦ t͡ɕ i ˧˦
thiết tưởng	tʰ i ə t̚ ˧˦ t ɨ ə ŋ ˧˩
thiết yếu	tʰ i ə t̚ ˧˦ ʔ i ə w ˧˦
thiếu	tʰ i ə w ˧˦
thiếu gia	tʰ i ə w ˧˦ z aː ˧˧
thiếu gì	tʰ i ə w ˧˦ z i ˨˩
thiếu hụt	tʰ i ə w ˧˦ h u t̚ ˧˨ ʔ
thiếu máu	tʰ i ə w ˧˦ m a w ˧˦
thiếu nam	tʰ i ə w ˧˦ n aː m ˧˧
thiếu nhi	tʰ i ə w ˧˦ ɲ i ˧˧
thiếu niên	tʰ i ə w ˧˦ n i ə n ˧˧
thiếu nữ	tʰ i ə w ˧˦ n ɨ ˦ˀ˥
thiếu phụ	tʰ i ə w ˧˦ f u ˧˨ ʔ
thiếu sót	tʰ i ə w ˧˦ s ɔ t̚ ˧˦
thiếu thốn	tʰ i ə w ˧˦ tʰ o n ˧˦
thiếu trước hụt sau	tʰ i ə w ˧˦ t͡ɕ ɨ ə k̚ ˧˦ h u t̚ ˧˨ ʔ s a w ˧˧
thiếu tá	tʰ i ə w ˧˦ t aː ˧˦
thiếu tướng	tʰ i ə w ˧˦ t ɨ ə ŋ ˧˦
thiếu uý	tʰ i ə w ˧˦ ʔ w i ˧˦
thiếu vắng	tʰ i ə w ˧˦ v a ŋ ˧˦
thiền	tʰ i ə n ˨˩
thiền na	tʰ i ə n ˨˩ n aː ˧˧
thiền sư	tʰ i ə n ˨˩ s ɨ ˧˧
thiền trượng	tʰ i ə n ˨˩ t͡ɕ ɨ ə ŋ ˧˨ ʔ
thiền vu	tʰ i ə n ˨˩ v u ˧˧
thiền định	tʰ i ə n ˨˩ ʔ ɗ ï ŋ ˧˨ ʔ
thiều	tʰ i ə w ˨˩
thiều quang	tʰ i ə w ˨˩ k w aː ŋ ˧˧
thiểm	tʰ i ə m ˧˩
thiển cận	tʰ i ə n ˧˩ k ə n ˧˨ ʔ
thiển ý	tʰ i ə n ˧˩ ʔ i ˧˦
thiểu não	tʰ i ə w ˧˩ n aː w ˦ˀ˥
thiểu năng	tʰ i ə w ˧˩ n a ŋ ˧˧
thiểu số	tʰ i ə w ˧˩ s o ˧˦
thiện	tʰ i ə n ˧˨ ʔ
thiện chí	tʰ i ə n ˧˨ ʔ t͡ɕ i ˧˦
thiện cảm	tʰ i ə n ˧˨ ʔ k aː m ˧˩
thiện nguyện	tʰ i ə n ˧˨ ʔ ŋ w i ə n ˧˨ ʔ
thiện nguyện viên	tʰ i ə n ˧˨ ʔ ŋ w i ə n ˧˨ ʔ v i ə n ˧˧
thiện tai	tʰ i ə n ˧˨ ʔ t aː j ˧˧
thiệp	tʰ i ə p̚ ˧˨ ʔ
thiệt	tʰ i ə t̚ ˧˨ ʔ
thiệt hại	tʰ i ə t̚ ˧˨ ʔ h aː j ˧˨ ʔ
thiệt mạng	tʰ i ə t̚ ˧˨ ʔ m aː ŋ ˧˨ ʔ
thiệt thòi	tʰ i ə t̚ ˧˨ ʔ tʰ ɔ j ˨˩
thiệt tình	tʰ i ə t̚ ˧˨ ʔ t ï ŋ ˨˩
tho	tʰ ɔ ˧˧
thon	tʰ ɔ n ˧˧
thui	tʰ u j ˧˧
thuyên chuyển	tʰ w i ə n ˧˧ t͡ɕ w i ə n ˧˩
thuyên giảm	tʰ w i ə n ˧˧ z aː m ˧˩
thuyên tắc	tʰ w i ə n ˧˧ t a k̚ ˧˦
thuyên tắc phổi	tʰ w i ə n ˧˧ t a k̚ ˧˦ f o j ˧˩
thuyên tắc ối	tʰ w i ə n ˧˧ t a k̚ ˧˦ ʔ o j ˧˦
thuyết	tʰ w i ə t̚ ˧˦
thuyết giáo	tʰ w i ə t̚ ˧˦ z aː w ˧˦
thuyết giảng	tʰ w i ə t̚ ˧˦ z aː ŋ ˧˩
thuyết minh	tʰ w i ə t̚ ˧˦ m ï ŋ ˧˧
thuyết mạt thế	tʰ w i ə t̚ ˧˦ m aː t̚ ˧˨ ʔ tʰ e ˧˦
thuyết nhất nguyên	tʰ w i ə t̚ ˧˦ ɲ ə t̚ ˧˦ ŋ w i ə n ˧˧
thuyết phục	tʰ w i ə t̚ ˧˦ f ʊ w k͡p̚ ˧˨ ʔ
thuyết thông linh	tʰ w i ə t̚ ˧˦ tʰ ə w ŋ͡m ˧˧ l ï ŋ ˧˧
thuyết tiến hoá	tʰ w i ə t̚ ˧˦ t i ə n ˧˦ h w aː ˧˦
thuyết trình	tʰ w i ə t̚ ˧˦ t͡ɕ ï ŋ ˨˩
thuyết trình viên	tʰ w i ə t̚ ˧˦ t͡ɕ ï ŋ ˨˩ v i ə n ˧˧
thuyền	tʰ w i ə n ˨˩
thuyền buồm	tʰ w i ə n ˨˩ ʔ ɓ u ə m ˨˩
thuyền bè	tʰ w i ə n ˨˩ ʔ ɓ ɛ ˨˩
thuyền chài	tʰ w i ə n ˨˩ t͡ɕ aː j ˨˩
thuyền máy	tʰ w i ə n ˨˩ m a j ˧˦
thuyền nhân	tʰ w i ə n ˨˩ ɲ ə n ˧˧
thuyền phó	tʰ w i ə n ˨˩ f ɔ ˧˦
thuyền quyên	tʰ w i ə n ˨˩ k w i ə n ˧˧
thuyền rồng	tʰ w i ə n ˨˩ z ə w ŋ͡m ˨˩
thuyền tam bản	tʰ w i ə n ˨˩ t aː m ˧˧ ʔ ɓ aː n ˧˩
thuyền trưởng	tʰ w i ə n ˨˩ t͡ɕ ɨ ə ŋ ˧˩
thuyền viên	tʰ w i ə n ˨˩ v i ə n ˧˧
thuyền độc mộc	tʰ w i ə n ˨˩ ʔ ɗ ə w k͡p̚ ˧˨ ʔ m ə w k͡p̚ ˧˨ ʔ
thuế	tʰ w e ˧˦
thuỵ	tʰ w i ˧˨ ʔ
thuỵ hiệu	tʰ w i ˧˨ ʔ h i ə w ˧˨ ʔ
thuỷ lôi	tʰ w i ˧˩ l o j ˧˧
thuỷ lợi	tʰ w i ˧˩ l əː j ˧˨ ʔ
thuỷ lực	tʰ w i ˧˩ l ɨ k̚ ˧˨ ʔ
thuỷ lực học	tʰ w i ˧˩ l ɨ k̚ ˧˨ ʔ h a w k͡p̚ ˧˨ ʔ
thuỷ mặc	tʰ w i ˧˩ m a k̚ ˧˨ ʔ
thuỷ ngân	tʰ w i ˧˩ ŋ ə n ˧˧
thuỷ năng	tʰ w i ˧˩ n a ŋ ˧˧
thuỷ phi cơ	tʰ w i ˧˩ f i ˧˧ k əː ˧˧
thuỷ phân	tʰ w i ˧˩ f ə n ˧˧
thuỷ phủ	tʰ w i ˧˩ f u ˧˩
thuỷ quan	tʰ w i ˧˩ k w aː n ˧˧
thuỷ quyển	tʰ w i ˧˩ k w i ə n ˧˩
thuỷ quái	tʰ w i ˧˩ k w aː j ˧˦
thuỷ quân	tʰ w i ˧˩ k w ə n ˧˧
thuỷ quân lục chiến	tʰ w i ˧˩ k w ə n ˧˧ l ʊ w k͡p̚ ˧˨ ʔ t͡ɕ i ə n ˧˦
thuỷ sinh	tʰ w i ˧˩ s ï ŋ ˧˧
thuỷ sản	tʰ w i ˧˩ s aː n ˧˩
thuỷ thần	tʰ w i ˧˩ tʰ ə n ˨˩
thuỷ thổ	tʰ w i ˧˩ tʰ o ˧˩
thuỷ thủ	tʰ w i ˧˩ tʰ u ˧˩
thuỷ tinh	tʰ w i ˧˩ t ï ŋ ˧˧
thuỷ tinh thể	tʰ w i ˧˩ t ï ŋ ˧˧ tʰ e ˧˩
thuỷ tiên	tʰ w i ˧˩ t i ə n ˧˧
thuỷ triều	tʰ w i ˧˩ t͡ɕ i ə w ˨˩
thuỷ triều đỏ	tʰ w i ˧˩ t͡ɕ i ə w ˨˩ ʔ ɗ ɔ ˧˩
thuỷ táng	tʰ w i ˧˩ t aː ŋ ˧˦
thuỷ tạ	tʰ w i ˧˩ t aː ˧˨ ʔ
thuỷ tặc	tʰ w i ˧˩ t a k̚ ˧˨ ʔ
thuỷ tề	tʰ w i ˧˩ t e ˨˩
thuỷ tộc	tʰ w i ˧˩ t ə w k͡p̚ ˧˨ ʔ
thuỷ tức	tʰ w i ˧˩ t ɨ k̚ ˧˦
thuỷ văn	tʰ w i ˧˩ v a n ˧˧
thuỷ văn học	tʰ w i ˧˩ v a n ˧˧ h a w k͡p̚ ˧˨ ʔ
thuỷ vận	tʰ w i ˧˩ v ə n ˧˨ ʔ
thà	tʰ aː ˨˩
thài lài	tʰ aː j ˨˩ l aː j ˨˩
thá	tʰ aː ˧˦
thác	tʰ aː k̚ ˧˦
thác nước	tʰ aː k̚ ˧˦ n ɨ ə k̚ ˧˦
thách	tʰ a j k̟̚ ˧˦
thách thức	tʰ a j k̟̚ ˧˦ tʰ ɨ k̚ ˧˦
thách đấu	tʰ a j k̟̚ ˧˦ ʔ ɗ ə w ˧˦
thái	tʰ aː j ˧˦
thái bình	tʰ aː j ˧˦ ʔ ɓ ï ŋ ˨˩
thái cực	tʰ aː j ˧˦ k ɨ k̚ ˧˨ ʔ
thái cực quyền	tʰ aː j ˧˦ k ɨ k̚ ˧˨ ʔ k w i ə n ˨˩
thái dương	tʰ aː j ˧˦ z ɨ ə ŋ ˧˧
thái dương quyển	tʰ aː j ˧˦ z ɨ ə ŋ ˧˧ k w i ə n ˧˩
thái dụng	tʰ aː j ˧˦ z ʊ w ŋ͡m ˧˨ ʔ
thái giám	tʰ aː j ˧˦ z aː m ˧˦
thái hoà	tʰ aː j ˧˦ h w aː ˨˩
thái hoàng thái hậu	tʰ aː j ˧˦ h w aː ŋ ˨˩ tʰ aː j ˧˦ h ə w ˧˨ ʔ
thái hậu	tʰ aː j ˧˦ h ə w ˧˨ ʔ
thái quá	tʰ aː j ˧˦ k w aː ˧˦
thái trưởng công chúa	tʰ aː j ˧˦ t͡ɕ ɨ ə ŋ ˧˩ k ə w ŋ͡m ˧˧ t͡ɕ u ə ˧˦
thái tử	tʰ aː j ˧˦ t ɨ ˧˩
thái độ	tʰ aː j ˧˦ ʔ ɗ o ˧˨ ʔ
thám	tʰ aː m ˧˦
thám hiểm	tʰ aː m ˧˦ h i ə m ˧˩
thám hoa	tʰ aː m ˧˦ h w aː ˧˧
thám sát	tʰ aː m ˧˦ s aː t̚ ˧˦
thám thính	tʰ aː m ˧˦ tʰ ï ŋ ˧˦
thám tử	tʰ aː m ˧˦ t ɨ ˧˩
thán khí	tʰ aː n ˧˦ x i ˧˦
thán phục	tʰ aː n ˧˦ f ʊ w k͡p̚ ˧˨ ʔ
thán từ	tʰ aː n ˧˦ t ɨ ˨˩
tháng	tʰ aː ŋ ˧˦
tháng ba	tʰ aː ŋ ˧˦ ʔ ɓ aː ˧˧
tháng bảy	tʰ aː ŋ ˧˦ ʔ ɓ a j ˧˩
tháng chín	tʰ aː ŋ ˧˦ t͡ɕ i n ˧˦
tháng chạp	tʰ aː ŋ ˧˦ t͡ɕ aː p̚ ˧˨ ʔ
tháng giêng	tʰ aː ŋ ˧˦ z i ə ŋ ˧˧
tháng hai	tʰ aː ŋ ˧˦ h aː j ˧˧
tháng mười	tʰ aː ŋ ˧˦ m ɨ ə j ˨˩
tháng mười hai	tʰ aː ŋ ˧˦ m ɨ ə j ˨˩ h aː j ˧˧
tháng mười một	tʰ aː ŋ ˧˦ m ɨ ə j ˨˩ m o t̚ ˧˨ ʔ
tháng một	tʰ aː ŋ ˧˦ m o t̚ ˧˨ ʔ
tháng ngày	tʰ aː ŋ ˧˦ ŋ a j ˨˩
tháng năm	tʰ aː ŋ ˧˦ n a m ˧˧
tháng sáu	tʰ aː ŋ ˧˦ s a w ˧˦
tháng tám	tʰ aː ŋ ˧˦ t aː m ˧˦
tháng tư	tʰ aː ŋ ˧˦ t ɨ ˧˧
thâu	tʰ ə w ˧˧
thâu tóm	tʰ ə w ˧˧ t ɔ m ˧˦
thâu đêm suốt sáng	tʰ ə w ˧˧ ʔ ɗ e m ˧˧ s u ə t̚ ˧˦ s aː ŋ ˧˦
thây	tʰ ə j ˧˧
thây ma	tʰ ə j ˧˧ m aː ˧˧
thè	tʰ ɛ ˨˩
thèm	tʰ ɛ m ˨˩
thèm muốn	tʰ ɛ m ˨˩ m u ə n ˧˦
thèo lèo	tʰ ɛ w ˨˩ l ɛ w ˨˩
théc	tʰ ɛ k̚ ˧˦
thép	tʰ ɛ p̚ ˧˦
thét	tʰ ɛ t̚ ˧˦
thê	tʰ e ˧˧
thê lương	tʰ e ˧˧ l ɨ ə ŋ ˧˧
thê thảm	tʰ e ˧˧ tʰ aː m ˧˩
thê tử	tʰ e ˧˧ t ɨ ˧˩
thêm	tʰ e m ˧˧
thêm mắm thêm muối	tʰ e m ˧˧ m a m ˧˦ tʰ e m ˧˧ m u ə j ˧˦
thênh	tʰ ə j ŋ̟ ˧˧
thênh thang	tʰ ə j ŋ̟ ˧˧ tʰ aː ŋ ˧˧
thêu	tʰ e w ˧˧
thêu thùa	tʰ e w ˧˧ tʰ u ə ˨˩
thì	tʰ i ˨˩
thì có	tʰ i ˨˩ k ɔ ˧˦
thì giờ	tʰ i ˨˩ z əː ˨˩
thì hiện tại	tʰ i ˨˩ h i ə n ˧˨ ʔ t aː j ˧˨ ʔ
thì là	tʰ i ˨˩ l aː ˨˩
thì là Ai Cập	tʰ i ˨˩ l aː ˨˩ ʔ aː j ˧˧ k ə p̚ ˧˨ ʔ
thì phải	tʰ i ˨˩ f aː j ˧˩
thì quá khứ	tʰ i ˨˩ k w aː ˧˦ x ɨ ˧˦
thì thào	tʰ i ˨˩ tʰ aː w ˨˩
thì thầm	tʰ i ˨˩ tʰ ə m ˨˩
thì tiết	tʰ i ˨˩ t i ə t̚ ˧˦
thì tương lai	tʰ i ˨˩ t ɨ ə ŋ ˧˧ l aː j ˧˧
thìa	tʰ i ə ˨˩
thìa canh	tʰ i ə ˨˩ k a j ŋ̟ ˧˧
thìa cà phê	tʰ i ə ˨˩ k aː ˨˩ f e ˧˧
thình	tʰ ï ŋ ˨˩
thình lình	tʰ ï ŋ ˨˩ l ï ŋ ˨˩
thình thình	tʰ ï ŋ ˨˩ tʰ ï ŋ ˨˩
thình thịch	tʰ ï ŋ ˨˩ tʰ ï k̟̚ ˧˨ ʔ
thí	tʰ i ˧˦
thí bà nội	tʰ i ˧˦ ʔ ɓ aː ˨˩ n o j ˧˨ ʔ
thí dụ	tʰ i ˧˦ z u ˧˨ ʔ
thí mẹ	tʰ i ˧˦ m ɛ ˧˨ ʔ
thí mồ	tʰ i ˧˦ m o ˨˩
thí nghiệm	tʰ i ˧˦ ŋ i ə m ˧˨ ʔ
thí sinh	tʰ i ˧˦ s ï ŋ ˧˧
thí điểm	tʰ i ˧˦ ʔ ɗ i ə m ˧˩
thích	tʰ ï k̟̚ ˧˦
thích chí	tʰ ï k̟̚ ˧˦ t͡ɕ i ˧˦
thích hợp	tʰ ï k̟̚ ˧˦ h əː p̚ ˧˨ ʔ
thích khách	tʰ ï k̟̚ ˧˦ x a j k̟̚ ˧˦
thích nghi	tʰ ï k̟̚ ˧˦ ŋ i ˧˧
thích thú	tʰ ï k̟̚ ˧˦ tʰ u ˧˦
thích đáng	tʰ ï k̟̚ ˧˦ ʔ ɗ aː ŋ ˧˦
thích ứng	tʰ ï k̟̚ ˧˦ ʔ ɨ ŋ ˧˦
thím	tʰ i m ˧˦
thính	tʰ ï ŋ ˧˦
thính giác	tʰ ï ŋ ˧˦ z aː k̚ ˧˦
thính giả	tʰ ï ŋ ˧˦ z aː ˧˩
thính lực	tʰ ï ŋ ˧˦ l ɨ k̚ ˧˨ ʔ
thính phòng	tʰ ï ŋ ˧˦ f a w ŋ͡m ˨˩
thò	tʰ ɔ ˨˩
thù	tʰ u ˨˩
thăn	tʰ a n ˧˧
thư	tʰ ɨ ˧˧
thư giãn	tʰ ɨ ˧˧ z aː n ˦ˀ˥
thư hoạ	tʰ ɨ ˧˧ h w aː ˧˨ ʔ
thư hùng	tʰ ɨ ˧˧ h ʊ w ŋ͡m ˨˩
thư kí	tʰ ɨ ˧˧ k i ˧˦
thư lại	tʰ ɨ ˧˧ l aː j ˧˨ ʔ
thư mục	tʰ ɨ ˧˧ m ʊ w k͡p̚ ˧˨ ʔ
thư ngỏ	tʰ ɨ ˧˧ ŋ ɔ ˧˩
thư pháp	tʰ ɨ ˧˧ f aː p̚ ˧˦
thư pháp gia	tʰ ɨ ˧˧ f aː p̚ ˧˦ z aː ˧˧
thư phòng	tʰ ɨ ˧˧ f a w ŋ͡m ˨˩
thư sinh	tʰ ɨ ˧˧ s ï ŋ ˧˧
thư tay	tʰ ɨ ˧˧ t a j ˧˧
thư thái	tʰ ɨ ˧˧ tʰ aː j ˧˦
thư thể	tʰ ɨ ˧˧ tʰ e ˧˩
thư tín	tʰ ɨ ˧˧ t i n ˧˦
thư tịch	tʰ ɨ ˧˧ t ï k̟̚ ˧˨ ʔ
thư từ	tʰ ɨ ˧˧ t ɨ ˨˩
thư viện	tʰ ɨ ˧˧ v i ə n ˧˨ ʔ
thư điện tử	tʰ ɨ ˧˧ ʔ ɗ i ə n ˧˨ ʔ t ɨ ˧˩
thưa	tʰ ɨ ə ˧˧
thưa kiện	tʰ ɨ ə ˧˧ k i ə n ˧˨ ʔ
thưa thớt	tʰ ɨ ə ˧˧ tʰ əː t̚ ˧˦
thưng	tʰ ɨ ŋ ˧˧
thương	tʰ ɨ ə ŋ ˧˧
thương binh	tʰ ɨ ə ŋ ˧˧ ʔ ɓ ï ŋ ˧˧
thương cán	tʰ ɨ ə ŋ ˧˧ k aː n ˧˦
thương cảm	tʰ ɨ ə ŋ ˧˧ k aː m ˧˩
thương cảng	tʰ ɨ ə ŋ ˧˧ k aː ŋ ˧˩
thương gia	tʰ ɨ ə ŋ ˧˧ z aː ˧˧
thương hiệu	tʰ ɨ ə ŋ ˧˧ h i ə w ˧˨ ʔ
thương hàn	tʰ ɨ ə ŋ ˧˧ h aː n ˨˩
thương hại	tʰ ɨ ə ŋ ˧˧ h aː j ˧˨ ʔ
thương hải tang điền	tʰ ɨ ə ŋ ˧˧ h aː j ˧˩ t aː ŋ ˧˧ ʔ ɗ i ə n ˨˩
thương lượng	tʰ ɨ ə ŋ ˧˧ l ɨ ə ŋ ˧˨ ʔ
thương mại	tʰ ɨ ə ŋ ˧˧ m aː j ˧˨ ʔ
thương mến	tʰ ɨ ə ŋ ˧˧ m e n ˧˦
thương nghiệp	tʰ ɨ ə ŋ ˧˧ ŋ i ə p̚ ˧˨ ʔ
thương người như thể thương thân	tʰ ɨ ə ŋ ˧˧ ŋ ɨ ə j ˨˩ ɲ ɨ ˧˧ tʰ e ˧˩ tʰ ɨ ə ŋ ˧˧ tʰ ə n ˧˧
thương nhân	tʰ ɨ ə ŋ ˧˧ ɲ ə n ˧˧
thương nhớ	tʰ ɨ ə ŋ ˧˧ ɲ əː ˧˦
thương pháp	tʰ ɨ ə ŋ ˧˧ f aː p̚ ˧˦
thương phẩm	tʰ ɨ ə ŋ ˧˧ f ə m ˧˩
thương số	tʰ ɨ ə ŋ ˧˧ s o ˧˦
thương thuyết	tʰ ɨ ə ŋ ˧˧ tʰ w i ə t̚ ˧˦
thương tiếc	tʰ ɨ ə ŋ ˧˧ t i ə k̚ ˧˦
thương tâm	tʰ ɨ ə ŋ ˧˧ t ə m ˧˧
thương tình	tʰ ɨ ə ŋ ˧˧ t ï ŋ ˨˩
thương tích	tʰ ɨ ə ŋ ˧˧ t ï k̟̚ ˧˦
thương tật	tʰ ɨ ə ŋ ˧˧ t ə t̚ ˧˨ ʔ
thương vụ	tʰ ɨ ə ŋ ˧˧ v u ˧˨ ʔ
thương xá	tʰ ɨ ə ŋ ˧˧ s aː ˧˦
thương xót	tʰ ɨ ə ŋ ˧˧ s ɔ t̚ ˧˦
thương yêu	tʰ ɨ ə ŋ ˧˧ ʔ i ə w ˧˧
thương đội	tʰ ɨ ə ŋ ˧˧ ʔ ɗ o j ˧˨ ʔ
thước	tʰ ɨ ə k̚ ˧˦
thước Anh	tʰ ɨ ə k̚ ˧˦ ʔ a j ŋ̟ ˧˧
thước kẻ	tʰ ɨ ə k̚ ˧˦ k ɛ ˧˩
thước tây	tʰ ɨ ə k̚ ˧˦ t ə j ˧˧
thước đo	tʰ ɨ ə k̚ ˧˦ ʔ ɗ ɔ ˧˧
thước đo góc	tʰ ɨ ə k̚ ˧˦ ʔ ɗ ɔ ˧˧ ɣ a w k͡p̚ ˧˦
thườn thượt	tʰ ɨ ə n ˨˩ tʰ ɨ ə t̚ ˧˨ ʔ
thường	tʰ ɨ ə ŋ ˨˩
thường dân	tʰ ɨ ə ŋ ˨˩ z ə n ˧˧
thường hay	tʰ ɨ ə ŋ ˨˩ h a j ˧˧
thường kì	tʰ ɨ ə ŋ ˨˩ k i ˨˩
thường lệ	tʰ ɨ ə ŋ ˨˩ l e ˧˨ ʔ
thường nhật	tʰ ɨ ə ŋ ˨˩ ɲ ə t̚ ˧˨ ʔ
thường niên	tʰ ɨ ə ŋ ˨˩ n i ə n ˧˧
thường phục	tʰ ɨ ə ŋ ˨˩ f ʊ w k͡p̚ ˧˨ ʔ
thường thường	tʰ ɨ ə ŋ ˨˩ tʰ ɨ ə ŋ ˨˩
thường thức	tʰ ɨ ə ŋ ˨˩ tʰ ɨ k̚ ˧˦
thường trú	tʰ ɨ ə ŋ ˨˩ t͡ɕ u ˧˦
thường trú dân	tʰ ɨ ə ŋ ˨˩ t͡ɕ u ˧˦ z ə n ˧˧
thường trực	tʰ ɨ ə ŋ ˨˩ t͡ɕ ɨ k̚ ˧˨ ʔ
thường tình	tʰ ɨ ə ŋ ˨˩ t ï ŋ ˨˩
thường vụ	tʰ ɨ ə ŋ ˨˩ v u ˧˨ ʔ
thường xanh	tʰ ɨ ə ŋ ˨˩ s a j ŋ̟ ˧˧
thường xuyên	tʰ ɨ ə ŋ ˨˩ s w i ə n ˧˧
thưởng	tʰ ɨ ə ŋ ˧˩
thưởng ngoạn	tʰ ɨ ə ŋ ˧˩ ŋ w aː n ˧˨ ʔ
thưởng thức	tʰ ɨ ə ŋ ˧˩ tʰ ɨ k̚ ˧˦
thưởng trăng	tʰ ɨ ə ŋ ˧˩ t͡ɕ a ŋ ˧˧
thược dược	tʰ ɨ ə k̚ ˧˨ ʔ z ɨ ə k̚ ˧˨ ʔ
thượng	tʰ ɨ ə ŋ ˧˨ ʔ
thượng cấp	tʰ ɨ ə ŋ ˧˨ ʔ k ə p̚ ˧˦
thượng cổ	tʰ ɨ ə ŋ ˧˨ ʔ k o ˧˩
thượng du	tʰ ɨ ə ŋ ˧˨ ʔ z u ˧˧
thượng hạng	tʰ ɨ ə ŋ ˧˨ ʔ h aː ŋ ˧˨ ʔ
thượng lưu	tʰ ɨ ə ŋ ˧˨ ʔ l i w ˧˧
thượng lộ bình an	tʰ ɨ ə ŋ ˧˨ ʔ l o ˧˨ ʔ ʔ ɓ ï ŋ ˨˩ ʔ aː n ˧˧
thượng nghị sĩ	tʰ ɨ ə ŋ ˧˨ ʔ ŋ i ˧˨ ʔ s i ˦ˀ˥
thượng nghị viện	tʰ ɨ ə ŋ ˧˨ ʔ ŋ i ˧˨ ʔ v i ə n ˧˨ ʔ
thượng nguồn	tʰ ɨ ə ŋ ˧˨ ʔ ŋ u ə n ˨˩
thượng ngạn	tʰ ɨ ə ŋ ˧˨ ʔ ŋ aː n ˧˨ ʔ
thượng phong	tʰ ɨ ə ŋ ˧˨ ʔ f a w ŋ͡m ˧˧
thượng sách	tʰ ɨ ə ŋ ˧˨ ʔ s a j k̟̚ ˧˦
thượng sĩ	tʰ ɨ ə ŋ ˧˨ ʔ s i ˦ˀ˥
thượng thư	tʰ ɨ ə ŋ ˧˨ ʔ tʰ ɨ ˧˧
thượng thận	tʰ ɨ ə ŋ ˧˨ ʔ tʰ ə n ˧˨ ʔ
thượng thặng	tʰ ɨ ə ŋ ˧˨ ʔ tʰ a ŋ ˧˨ ʔ
thượng thừa	tʰ ɨ ə ŋ ˧˨ ʔ tʰ ɨ ə ˨˩
thượng toạ	tʰ ɨ ə ŋ ˧˨ ʔ t w aː ˧˨ ʔ
thượng tá	tʰ ɨ ə ŋ ˧˨ ʔ t aː ˧˦
thượng tầng	tʰ ɨ ə ŋ ˧˨ ʔ t ə ŋ ˨˩
thượng đẳng	tʰ ɨ ə ŋ ˧˨ ʔ ʔ ɗ a ŋ ˧˩
thượng đỉnh	tʰ ɨ ə ŋ ˧˨ ʔ ʔ ɗ ï ŋ ˧˩
thạc sĩ	tʰ aː k̚ ˧˨ ʔ s i ˦ˀ˥
thạch	tʰ a j k̟̚ ˧˨ ʔ
thạch anh	tʰ a j k̟̚ ˧˨ ʔ ʔ a j ŋ̟ ˧˧
thạch bản	tʰ a j k̟̚ ˧˨ ʔ ʔ ɓ aː n ˧˩
thạch cao	tʰ a j k̟̚ ˧˨ ʔ k aː w ˧˧
thạch dừa	tʰ a j k̟̚ ˧˨ ʔ z ɨ ə ˨˩
thạch lựu	tʰ a j k̟̚ ˧˨ ʔ l i w ˧˨ ʔ
thạch nhũ	tʰ a j k̟̚ ˧˨ ʔ ɲ u ˦ˀ˥
thạch quyển	tʰ a j k̟̚ ˧˨ ʔ k w i ə n ˧˩
thạch sùng	tʰ a j k̟̚ ˧˨ ʔ s ʊ w ŋ͡m ˨˩
thạch tín	tʰ a j k̟̚ ˧˨ ʔ t i n ˧˦
thạch tùng	tʰ a j k̟̚ ˧˨ ʔ t ʊ w ŋ͡m ˨˩
thả	tʰ aː ˧˩
thả cửa	tʰ aː ˧˩ k ɨ ə ˧˩
thả ga	tʰ aː ˧˩ ɣ aː ˧˧
thả thính	tʰ aː ˧˩ tʰ ï ŋ ˧˦
thả tim	tʰ aː ˧˩ t i m ˧˧
thải	tʰ aː j ˧˩
thải trừ	tʰ aː j ˧˩ t͡ɕ ɨ ˨˩
thảm	tʰ aː m ˧˩
thảm cảnh	tʰ aː m ˧˩ k a j ŋ̟ ˧˩
thảm hoạ	tʰ aː m ˧˩ h w aː ˧˨ ʔ
thảm hại	tʰ aː m ˧˩ h aː j ˧˨ ʔ
thảm khốc	tʰ aː m ˧˩ x ə w k͡p̚ ˧˦
thảm kịch	tʰ aː m ˧˩ k ï k̟̚ ˧˨ ʔ
thảm sát	tʰ aː m ˧˩ s aː t̚ ˧˦
thảm thiết	tʰ aː m ˧˩ tʰ i ə t̚ ˧˦
thảm trạng	tʰ aː m ˧˩ t͡ɕ aː ŋ ˧˨ ʔ
thảm đỏ	tʰ aː m ˧˩ ʔ ɗ ɔ ˧˩
thản nhiên	tʰ aː n ˧˩ ɲ i ə n ˧˧
thảng bình	tʰ aː ŋ ˧˩ ʔ ɓ ï ŋ ˨˩
thảng hoặc	tʰ aː ŋ ˧˩ h w a k̚ ˧˨ ʔ
thảng thốt	tʰ aː ŋ ˧˩ tʰ o t̚ ˧˦
thấp	tʰ ə p̚ ˧˦
thấp thoáng	tʰ ə p̚ ˧˦ tʰ w aː ŋ ˧˦
thấp thỏm	tʰ ə p̚ ˧˦ tʰ ɔ m ˧˩
thất	tʰ ə t̚ ˧˦
thất bát	tʰ ə t̚ ˧˦ ʔ ɓ aː t̚ ˧˦
thất bại	tʰ ə t̚ ˧˦ ʔ ɓ aː j ˧˨ ʔ
thất bại là mẹ thành công	tʰ ə t̚ ˧˦ ʔ ɓ aː j ˧˨ ʔ l aː ˨˩ m ɛ ˧˨ ʔ tʰ a j ŋ̟ ˨˩ k ə w ŋ͡m ˧˧
thất bảo	tʰ ə t̚ ˧˦ ʔ ɓ aː w ˧˩
thất chí	tʰ ə t̚ ˧˦ t͡ɕ i ˧˦
thất cơ lỡ vận	tʰ ə t̚ ˧˦ k əː ˧˧ l əː ˦ˀ˥ v ə n ˧˨ ʔ
thất giác	tʰ ə t̚ ˧˦ z aː k̚ ˧˦
thất học	tʰ ə t̚ ˧˦ h a w k͡p̚ ˧˨ ʔ
thất hứa	tʰ ə t̚ ˧˦ h ɨ ə ˧˦
thất lạc	tʰ ə t̚ ˧˦ l aː k̚ ˧˨ ʔ
thất lễ	tʰ ə t̚ ˧˦ l e ˦ˀ˥
thất nghiệp	tʰ ə t̚ ˧˦ ŋ i ə p̚ ˧˨ ʔ
thất ngôn	tʰ ə t̚ ˧˦ ŋ o n ˧˧
thất ngôn tuyệt cú	tʰ ə t̚ ˧˦ ŋ o n ˧˧ t w i ə t̚ ˧˨ ʔ k u ˧˦
thất ngôn tứ tuyệt	tʰ ə t̚ ˧˦ ŋ o n ˧˧ t ɨ ˧˦ t w i ə t̚ ˧˨ ʔ
thất sắc	tʰ ə t̚ ˧˦ s a k̚ ˧˦
thất sở	tʰ ə t̚ ˧˦ s əː ˧˩
thất thanh	tʰ ə t̚ ˧˦ tʰ a j ŋ̟ ˧˧
thất thiệt	tʰ ə t̚ ˧˦ tʰ i ə t̚ ˧˨ ʔ
thất thoát	tʰ ə t̚ ˧˦ tʰ w aː t̚ ˧˦
thất thu	tʰ ə t̚ ˧˦ tʰ u ˧˧
thất thân	tʰ ə t̚ ˧˦ tʰ ə n ˧˧
thất thường	tʰ ə t̚ ˧˦ tʰ ɨ ə ŋ ˨˩
thất thần	tʰ ə t̚ ˧˦ tʰ ə n ˨˩
thất thế	tʰ ə t̚ ˧˦ tʰ e ˧˦
thất thểu	tʰ ə t̚ ˧˦ tʰ e w ˧˩
thất thủ	tʰ ə t̚ ˧˦ tʰ u ˧˩
thất truyền	tʰ ə t̚ ˧˦ t͡ɕ w i ə n ˨˩
thất tình	tʰ ə t̚ ˧˦ t ï ŋ ˨˩
thất vọng	tʰ ə t̚ ˧˦ v a w ŋ͡m ˧˨ ʔ
thất xuất	tʰ ə t̚ ˧˦ s w ə t̚ ˧˦
thất điên bát đảo	tʰ ə t̚ ˧˦ ʔ ɗ i ə n ˧˧ ʔ ɓ aː t̚ ˧˦ ʔ ɗ aː w ˧˩
thất đức	tʰ ə t̚ ˧˦ ʔ ɗ ɨ k̚ ˧˦
thấu	tʰ ə w ˧˦
thấu cảm	tʰ ə w ˧˦ k aː m ˧˩
thấu hiểu	tʰ ə w ˧˦ h i ə w ˧˩
thấu kính	tʰ ə w ˧˦ k ï ŋ ˧˦
thấu suốt	tʰ ə w ˧˦ s u ə t̚ ˧˦
thấu thị	tʰ ə w ˧˦ tʰ i ˧˨ ʔ
thấu tình	tʰ ə w ˧˦ t ï ŋ ˨˩
thấu đáo	tʰ ə w ˧˦ ʔ ɗ aː w ˧˦
thấy	tʰ ə j ˧˦
thấy chưa	tʰ ə j ˧˦ t͡ɕ ɨ ə ˧˧
thấy mặt đặt tên	tʰ ə j ˧˦ m a t̚ ˧˨ ʔ ʔ ɗ a t̚ ˧˨ ʔ t e n ˧˧
thấy mồ	tʰ ə j ˧˦ m o ˨˩
thần khí	tʰ ə n ˨˩ x i ˧˦
thần kinh	tʰ ə n ˨˩ k ï ŋ ˧˧
thần kinh học	tʰ ə n ˨˩ k ï ŋ ˧˧ h a w k͡p̚ ˧˨ ʔ
thần kì	tʰ ə n ˨˩ k i ˨˩
thần linh	tʰ ə n ˨˩ l ï ŋ ˧˧
thần minh	tʰ ə n ˨˩ m ï ŋ ˧˧
thần nanh đỏ mỏ	tʰ ə n ˨˩ n a j ŋ̟ ˧˧ ʔ ɗ ɔ ˧˩ m ɔ ˧˩
thần phong	tʰ ə n ˨˩ f a w ŋ͡m ˧˧
thần quyền	tʰ ə n ˨˩ k w i ə n ˨˩
thần số học	tʰ ə n ˨˩ s o ˧˦ h a w k͡p̚ ˧˨ ʔ
thần thoại	tʰ ə n ˨˩ tʰ w aː j ˧˨ ʔ
thần thái	tʰ ə n ˨˩ tʰ aː j ˧˦
thần thánh	tʰ ə n ˨˩ tʰ a j ŋ̟ ˧˦
thần tiên	tʰ ə n ˨˩ t i ə n ˧˧
thần trí	tʰ ə n ˨˩ t͡ɕ i ˧˦
thần trụ trời	tʰ ə n ˨˩ t͡ɕ u ˧˨ ʔ t͡ɕ əː j ˨˩
thần tình	tʰ ə n ˨˩ t ï ŋ ˨˩
thần tượng	tʰ ə n ˨˩ t ɨ ə ŋ ˧˨ ʔ
thần tốc	tʰ ə n ˨˩ t ə w k͡p̚ ˧˦
thần y	tʰ ə n ˨˩ ʔ i ˧˧
thầu	tʰ ə w ˨˩
thầu dầu	tʰ ə w ˨˩ z ə w ˨˩
thầy	tʰ ə j ˨˩
thầy bói	tʰ ə j ˨˩ ʔ ɓ ɔ j ˧˦
thầy bói xem voi	tʰ ə j ˨˩ ʔ ɓ ɔ j ˧˦ s ɛ m ˧˧ v ɔ j ˧˧
thầy chùa	tʰ ə j ˨˩ t͡ɕ u ə ˨˩
thầy cãi	tʰ ə j ˨˩ k aː j ˦ˀ˥
thầy giáo	tʰ ə j ˨˩ z aː w ˧˦
thầy kiện	tʰ ə j ˨˩ k i ə n ˧˨ ʔ
thầy lang	tʰ ə j ˨˩ l aː ŋ ˧˧
thầy mo	tʰ ə j ˨˩ m ɔ ˧˧
thầy sáu	tʰ ə j ˨˩ s a w ˧˦
thầy thuốc	tʰ ə j ˨˩ tʰ u ə k̚ ˧˦
thầy tu	tʰ ə j ˨˩ t u ˧˧
thầy tào	tʰ ə j ˨˩ t aː w ˨˩
thầy đồ	tʰ ə j ˨˩ ʔ ɗ o ˨˩
thẩu	tʰ ə w ˧˩
thẩy	tʰ ə j ˧˩
thẫn thờ	tʰ ə n ˦ˀ˥ tʰ əː ˨˩
thận	tʰ ə n ˧˨ ʔ
thận trọng	tʰ ə n ˧˨ ʔ t͡ɕ a w ŋ͡m ˧˨ ʔ
thập	tʰ ə p̚ ˧˨ ʔ
thập cẩm	tʰ ə p̚ ˧˨ ʔ k ə m ˧˩
thập giá	tʰ ə p̚ ˧˨ ʔ z aː ˧˦
thập giác	tʰ ə p̚ ˧˨ ʔ z aː k̚ ˧˦
thập kỉ	tʰ ə p̚ ˧˨ ʔ k i ˧˩
thập lục phân	tʰ ə p̚ ˧˨ ʔ l ʊ w k͡p̚ ˧˨ ʔ f ə n ˧˧
thập niên	tʰ ə p̚ ˧˨ ʔ n i ə n ˧˧
thập phân	tʰ ə p̚ ˧˨ ʔ f ə n ˧˧
thập phương	tʰ ə p̚ ˧˨ ʔ f ɨ ə ŋ ˧˧
thập thò	tʰ ə p̚ ˧˨ ʔ tʰ ɔ ˨˩
thập tử nhất sinh	tʰ ə p̚ ˧˨ ʔ t ɨ ˧˩ ɲ ə t̚ ˧˦ s ï ŋ ˧˧
thập tự	tʰ ə p̚ ˧˨ ʔ t ɨ ˧˨ ʔ
thập tự giá	tʰ ə p̚ ˧˨ ʔ t ɨ ˧˨ ʔ z aː ˧˦
thập ác	tʰ ə p̚ ˧˨ ʔ ʔ aː k̚ ˧˦
thật	tʰ ə t̚ ˧˨ ʔ
thật lòng	tʰ ə t̚ ˧˨ ʔ l a w ŋ͡m ˨˩
thật lực	tʰ ə t̚ ˧˨ ʔ l ɨ k̚ ˧˨ ʔ
thật ra	tʰ ə t̚ ˧˨ ʔ z aː ˧˧
thật sự	tʰ ə t̚ ˧˨ ʔ s ɨ ˧˨ ʔ
thật sự mà nói	tʰ ə t̚ ˧˨ ʔ s ɨ ˧˨ ʔ m aː ˨˩ n ɔ j ˧˦
thật thà	tʰ ə t̚ ˧˨ ʔ tʰ aː ˨˩
thật tâm	tʰ ə t̚ ˧˨ ʔ t ə m ˧˧
thật tình	tʰ ə t̚ ˧˨ ʔ t ï ŋ ˨˩
thẹn	tʰ ɛ n ˧˨ ʔ
thẹn thùng	tʰ ɛ n ˧˨ ʔ tʰ ʊ w ŋ͡m ˨˩
thẹo	tʰ ɛ w ˧˨ ʔ
thẻ	tʰ ɛ ˧˩
thẻ ghi nợ	tʰ ɛ ˧˩ ɣ i ˧˧ n əː ˧˨ ʔ
thẻ tín dụng	tʰ ɛ ˧˩ t i n ˧˦ z ʊ w ŋ͡m ˧˨ ʔ
thẻ xanh	tʰ ɛ ˧˩ s a j ŋ̟ ˧˧
thẽ thọt	tʰ ɛ ˦ˀ˥ tʰ ɔ t̚ ˧˨ ʔ
thế	tʰ e ˧˦
thế chiến	tʰ e ˧˦ t͡ɕ i ə n ˧˦
thế chân	tʰ e ˧˦ t͡ɕ ə n ˧˧
thế chấp	tʰ e ˧˦ t͡ɕ ə p̚ ˧˦
thế cuộc	tʰ e ˧˦ k u ə k̚ ˧˨ ʔ
thế cục	tʰ e ˧˦ k ʊ w k͡p̚ ˧˨ ʔ
thế gian	tʰ e ˧˦ z aː n ˧˧
thế giới	tʰ e ˧˦ z əː j ˧˦
thế giới ngữ	tʰ e ˧˦ z əː j ˧˦ ŋ ɨ ˦ˀ˥
thế giới quan	tʰ e ˧˦ z əː j ˧˦ k w aː n ˧˧
thế giới thứ ba	tʰ e ˧˦ z əː j ˧˦ tʰ ɨ ˧˦ ʔ ɓ aː ˧˧
thế hệ	tʰ e ˧˦ h e ˧˨ ʔ
thế hệ cợt nhả	tʰ e ˧˦ h e ˧˨ ʔ k əː t̚ ˧˨ ʔ ɲ aː ˧˩
thế kỉ	tʰ e ˧˦ k i ˧˩
thế lực	tʰ e ˧˦ l ɨ k̚ ˧˨ ʔ
thế mà	tʰ e ˧˦ m aː ˨˩
thế mạnh	tʰ e ˧˦ m a j ŋ̟ ˧˨ ʔ
thế nhưng	tʰ e ˧˦ ɲ ɨ ŋ ˧˧
thế nào	tʰ e ˧˦ n aː w ˨˩
thế năng	tʰ e ˧˦ n a ŋ ˧˧
thế thiên hành đạo	tʰ e ˧˦ tʰ i ə n ˧˧ h a j ŋ̟ ˨˩ ʔ ɗ aː w ˧˨ ʔ
thế thái	tʰ e ˧˦ tʰ aː j ˧˦
thế thân	tʰ e ˧˦ tʰ ə n ˧˧
thế thì	tʰ e ˧˦ tʰ i ˨˩
thế tập	tʰ e ˧˦ t ə p̚ ˧˨ ʔ
thế tục	tʰ e ˧˦ t ʊ w k͡p̚ ˧˨ ʔ
thế à	tʰ e ˧˦ ʔ aː ˨˩
thế đại	tʰ e ˧˦ ʔ ɗ aː j ˧˨ ʔ
thếch	tʰ ə j k̟̚ ˧˦
thếp	tʰ e p̚ ˧˦
thết	tʰ e t̚ ˧˦
thết đãi	tʰ e t̚ ˧˦ ʔ ɗ aː j ˦ˀ˥
thề	tʰ e ˨˩
thề cá trê chui ống	tʰ e ˨˩ k aː ˧˦ t͡ɕ e ˧˧ t͡ɕ u j ˧˧ ʔ ə w ŋ͡m ˧˦
thềm	tʰ e m ˨˩
thềm lục địa	tʰ e m ˨˩ l ʊ w k͡p̚ ˧˨ ʔ ʔ ɗ i ə ˧˨ ʔ
thều thào	tʰ e w ˨˩ tʰ aː w ˨˩
thể	tʰ e ˧˩
thể chất	tʰ e ˧˩ t͡ɕ ə t̚ ˧˦
thể chế	tʰ e ˧˩ t͡ɕ e ˧˦
thể chế hoá	tʰ e ˧˩ t͡ɕ e ˧˦ h w aː ˧˦
thể cách	tʰ e ˧˩ k a j k̟̚ ˧˦
thể diện	tʰ e ˧˩ z i ə n ˧˨ ʔ
thể dịch	tʰ e ˧˩ z ï k̟̚ ˧˨ ʔ
thể dục	tʰ e ˧˩ z ʊ w k͡p̚ ˧˨ ʔ
thể dục dụng cụ	tʰ e ˧˩ z ʊ w k͡p̚ ˧˨ ʔ z ʊ w ŋ͡m ˧˨ ʔ k u ˧˨ ʔ
thể dục nghệ thuật	tʰ e ˧˩ z ʊ w k͡p̚ ˧˨ ʔ ŋ e ˧˨ ʔ tʰ w ə t̚ ˧˨ ʔ
thể dục thể hình	tʰ e ˧˩ z ʊ w k͡p̚ ˧˨ ʔ tʰ e ˧˩ h ï ŋ ˨˩
thể dục thể thao	tʰ e ˧˩ z ʊ w k͡p̚ ˧˨ ʔ tʰ e ˧˩ tʰ aː w ˧˧
thể hiện	tʰ e ˧˩ h i ə n ˧˨ ʔ
thể hình	tʰ e ˧˩ h ï ŋ ˨˩
thể khảm	tʰ e ˧˩ x aː m ˧˩
thể loại	tʰ e ˧˩ l w aː j ˧˨ ʔ
thể lệ	tʰ e ˧˩ l e ˧˨ ʔ
thể lực	tʰ e ˧˩ l ɨ k̚ ˧˨ ʔ
thể nào	tʰ e ˧˩ n aː w ˨˩
thể thao	tʰ e ˧˩ tʰ aː w ˧˧
thể thao gia	tʰ e ˧˩ tʰ aː w ˧˧ z aː ˧˧
thể thuật	tʰ e ˧˩ tʰ w ə t̚ ˧˨ ʔ
thể thống	tʰ e ˧˩ tʰ ə w ŋ͡m ˧˦
thể thức	tʰ e ˧˩ tʰ ɨ k̚ ˧˦
thể tình	tʰ e ˧˩ t ï ŋ ˨˩
thể tích	tʰ e ˧˩ t ï k̟̚ ˧˦
thể xác	tʰ e ˧˩ s aː k̚ ˧˦
thệ nguyện	tʰ e ˧˨ ʔ ŋ w i ə n ˧˨ ʔ
thệ sư	tʰ e ˧˨ ʔ s ɨ ˧˧
thệ ước	tʰ e ˧˨ ʔ ʔ ɨ ə k̚ ˧˦
thỉnh cầu	tʰ ï ŋ ˧˩ k ə w ˨˩
thỉnh giáo	tʰ ï ŋ ˧˩ z aː w ˧˦
thỉnh nguyện	tʰ ï ŋ ˧˩ ŋ w i ə n ˧˨ ʔ
thỉnh thoảng	tʰ ï ŋ ˧˩ tʰ w aː ŋ ˧˩
thị	tʰ i ˧˨ ʔ
thị chính	tʰ i ˧˨ ʔ t͡ɕ ï ŋ ˧˦
thị giác	tʰ i ˧˨ ʔ z aː k̚ ˧˦
thị hiếu	tʰ i ˧˨ ʔ h i ə w ˧˦
thị kính	tʰ i ˧˨ ʔ k ï ŋ ˧˦
thị lực	tʰ i ˧˨ ʔ l ɨ k̚ ˧˨ ʔ
thị phi	tʰ i ˧˨ ʔ f i ˧˧
thị phạm	tʰ i ˧˨ ʔ f aː m ˧˨ ʔ
thị phần	tʰ i ˧˨ ʔ f ə n ˨˩
thị sai	tʰ i ˧˨ ʔ s aː j ˧˧
thị sát	tʰ i ˧˨ ʔ s aː t̚ ˧˦
thị thực	tʰ i ˧˨ ʔ tʰ ɨ k̚ ˧˨ ʔ
thị thực nhập cảnh	tʰ i ˧˨ ʔ tʰ ɨ k̚ ˧˨ ʔ ɲ ə p̚ ˧˨ ʔ k a j ŋ̟ ˧˩
thị trường	tʰ i ˧˨ ʔ t͡ɕ ɨ ə ŋ ˨˩
thị trưởng	tʰ i ˧˨ ʔ t͡ɕ ɨ ə ŋ ˧˩
thị trấn	tʰ i ˧˨ ʔ t͡ɕ ə n ˧˦
thị tộc	tʰ i ˧˨ ʔ t ə w k͡p̚ ˧˨ ʔ
thị uy	tʰ i ˧˨ ʔ ʔ w i ˧˧
thị vệ	tʰ i ˧˨ ʔ v e ˧˨ ʔ
thị xã	tʰ i ˧˨ ʔ s aː ˦ˀ˥
thịch	tʰ ï k̟̚ ˧˨ ʔ
thịnh	tʰ ï ŋ ˧˨ ʔ
thịnh hành	tʰ ï ŋ ˧˨ ʔ h a j ŋ̟ ˨˩
thịnh nộ	tʰ ï ŋ ˧˨ ʔ n o ˧˨ ʔ
thịnh soạn	tʰ ï ŋ ˧˨ ʔ s w aː n ˧˨ ʔ
thịnh suy	tʰ ï ŋ ˧˨ ʔ s w i ˧˧
thịnh tình	tʰ ï ŋ ˧˨ ʔ t ï ŋ ˨˩
thịnh vượng	tʰ ï ŋ ˧˨ ʔ v ɨ ə ŋ ˧˨ ʔ
thịnh vượng chung	tʰ ï ŋ ˧˨ ʔ v ɨ ə ŋ ˧˨ ʔ t͡ɕ ʊ w ŋ͡m ˧˧
thịt	tʰ i t̚ ˧˨ ʔ
thịt chó	tʰ i t̚ ˧˨ ʔ t͡ɕ ɔ ˧˦
thịt cầy	tʰ i t̚ ˧˨ ʔ k ə j ˨˩
thịt kho tàu	tʰ i t̚ ˧˨ ʔ x ɔ ˧˧ t a w ˨˩
thịt lợn muối	tʰ i t̚ ˧˨ ʔ l əː n ˧˨ ʔ m u ə j ˧˦
thịt lợn muối xông khói	tʰ i t̚ ˧˨ ʔ l əː n ˧˨ ʔ m u ə j ˧˦ s ə w ŋ͡m ˧˧ x ɔ j ˧˦
thịt thà	tʰ i t̚ ˧˨ ʔ tʰ aː ˨˩
thời	tʰ əː j ˨˩
thứ	tʰ ɨ ˧˦
thứ ba	tʰ ɨ ˧˦ ʔ ɓ aː ˧˧
thứ bảy	tʰ ɨ ˧˦ ʔ ɓ a j ˧˩
thứ bậc	tʰ ɨ ˧˦ ʔ ɓ ə k̚ ˧˨ ʔ
thứ bốn	tʰ ɨ ˧˦ ʔ ɓ o n ˧˦
thứ hai	tʰ ɨ ˧˦ h aː j ˧˧
thứ hạng	tʰ ɨ ˧˦ h aː ŋ ˧˨ ʔ
thứ lỗi	tʰ ɨ ˧˦ l o j ˦ˀ˥
thứ nam	tʰ ɨ ˧˦ n aː m ˧˧
thứ nguyên	tʰ ɨ ˧˦ ŋ w i ə n ˧˧
thứ nhân	tʰ ɨ ˧˦ ɲ ə n ˧˧
thứ nhì	tʰ ɨ ˧˦ ɲ i ˨˩
thứ nhất	tʰ ɨ ˧˦ ɲ ə t̚ ˧˦
thứ năm	tʰ ɨ ˧˦ n a m ˧˧
thứ nữ	tʰ ɨ ˧˦ n ɨ ˦ˀ˥
thứ sáu	tʰ ɨ ˧˦ s a w ˧˦
thứ thiệt	tʰ ɨ ˧˦ tʰ i ə t̚ ˧˨ ʔ
thứ trưởng	tʰ ɨ ˧˦ t͡ɕ ɨ ə ŋ ˧˩
thứ tư	tʰ ɨ ˧˦ t ɨ ˧˧
thứ tự	tʰ ɨ ˧˦ t ɨ ˧˨ ʔ
thứ yếu	tʰ ɨ ˧˦ ʔ i ə w ˧˦
thứ đến	tʰ ɨ ˧˦ ʔ ɗ e n ˧˦
thức	tʰ ɨ k̚ ˧˦
thức dậy	tʰ ɨ k̚ ˧˦ z ə j ˧˨ ʔ
thức giả	tʰ ɨ k̚ ˧˦ z aː ˧˩
thức giấc	tʰ ɨ k̚ ˧˦ z ə k̚ ˧˦
thức tỉnh	tʰ ɨ k̚ ˧˦ t ï ŋ ˧˩
thức uống	tʰ ɨ k̚ ˧˦ ʔ u ə ŋ ˧˦
thức ăn	tʰ ɨ k̚ ˧˦ ʔ a n ˧˧
thức ăn nhanh	tʰ ɨ k̚ ˧˦ ʔ a n ˧˧ ɲ a j ŋ̟ ˧˧
thừ	tʰ ɨ ˨˩
thừa	tʰ ɨ ə ˨˩
thừa biết	tʰ ɨ ə ˨˩ ʔ ɓ i ə t̚ ˧˦
thừa cơ	tʰ ɨ ə ˨˩ k əː ˧˧
thừa hưởng	tʰ ɨ ə ˨˩ h ɨ ə ŋ ˧˩
thừa kế	tʰ ɨ ə ˨˩ k e ˧˦
thừa nhận	tʰ ɨ ə ˨˩ ɲ ə n ˧˨ ʔ
thừa nước đục thả câu	tʰ ɨ ə ˨˩ n ɨ ə k̚ ˧˦ ʔ ɗ ʊ w k͡p̚ ˧˨ ʔ tʰ aː ˧˩ k ə w ˧˧
thừa số	tʰ ɨ ə ˨˩ s o ˧˦
thừa số nguyên tố	tʰ ɨ ə ˨˩ s o ˧˦ ŋ w i ə n ˧˧ t o ˧˦
thừa thãi	tʰ ɨ ə ˨˩ tʰ aː j ˦ˀ˥
thừa thắng	tʰ ɨ ə ˨˩ tʰ a ŋ ˧˦
thừa tác viên	tʰ ɨ ə ˨˩ t aː k̚ ˧˦ v i ə n ˧˧
thừng	tʰ ɨ ŋ ˨˩
thử	tʰ ɨ ˧˩
thử nghiệm	tʰ ɨ ˧˩ ŋ i ə m ˧˨ ʔ
thử sức	tʰ ɨ ˧˩ s ɨ k̚ ˧˦
thử thách	tʰ ɨ ˧˩ tʰ a j k̟̚ ˧˦
thử tài	tʰ ɨ ˧˩ t aː j ˨˩
thửa	tʰ ɨ ə ˧˩
thửa có	tʰ ɨ ə ˧˩ k ɔ ˧˦
thửa làm	tʰ ɨ ə ˧˩ l aː m ˨˩
thửa mặc	tʰ ɨ ə ˧˩ m a k̚ ˧˨ ʔ
thửa rằng	tʰ ɨ ə ˧˩ z a ŋ ˨˩
thửa được	tʰ ɨ ə ˧˩ ʔ ɗ ɨ ə k̚ ˧˨ ʔ
thự	tʰ ɨ ˧˨ ʔ
thực	tʰ ɨ k̚ ˧˨ ʔ
thực chiến	tʰ ɨ k̚ ˧˨ ʔ t͡ɕ i ə n ˧˦
thực chất	tʰ ɨ k̚ ˧˨ ʔ t͡ɕ ə t̚ ˧˦
thực chứng luận	tʰ ɨ k̚ ˧˨ ʔ t͡ɕ ɨ ŋ ˧˦ l w ə n ˧˨ ʔ
thực dân	tʰ ɨ k̚ ˧˨ ʔ z ə n ˧˧
thực dân hoá	tʰ ɨ k̚ ˧˨ ʔ z ə n ˧˧ h w aː ˧˦
thực dụng	tʰ ɨ k̚ ˧˨ ʔ z ʊ w ŋ͡m ˧˨ ʔ
thực hiện	tʰ ɨ k̚ ˧˨ ʔ h i ə n ˧˨ ʔ
thực hành	tʰ ɨ k̚ ˧˨ ʔ h a j ŋ̟ ˨˩
thực hư	tʰ ɨ k̚ ˧˨ ʔ h ɨ ˧˧
thực khách	tʰ ɨ k̚ ˧˨ ʔ x a j k̟̚ ˧˦
thực lòng	tʰ ɨ k̚ ˧˨ ʔ l a w ŋ͡m ˨˩
thực lực	tʰ ɨ k̚ ˧˨ ʔ l ɨ k̚ ˧˨ ʔ
thực nghiệm	tʰ ɨ k̚ ˧˨ ʔ ŋ i ə m ˧˨ ʔ
thực phẩm	tʰ ɨ k̚ ˧˨ ʔ f ə m ˧˩
thực quản	tʰ ɨ k̚ ˧˨ ʔ k w aː n ˧˩
thực ra	tʰ ɨ k̚ ˧˨ ʔ z aː ˧˧
thực sự	tʰ ɨ k̚ ˧˨ ʔ s ɨ ˧˨ ʔ
thực thi	tʰ ɨ k̚ ˧˨ ʔ tʰ i ˧˧
thực thà	tʰ ɨ k̚ ˧˨ ʔ tʰ aː ˨˩
thực thể	tʰ ɨ k̚ ˧˨ ʔ tʰ e ˧˩
thực thụ	tʰ ɨ k̚ ˧˨ ʔ tʰ u ˧˨ ʔ
thực tiễn	tʰ ɨ k̚ ˧˨ ʔ t i ə n ˦ˀ˥
thực trạng	tʰ ɨ k̚ ˧˨ ʔ t͡ɕ aː ŋ ˧˨ ʔ
thực tại	tʰ ɨ k̚ ˧˨ ʔ t aː j ˧˨ ʔ
thực tập	tʰ ɨ k̚ ˧˨ ʔ t ə p̚ ˧˨ ʔ
thực tế	tʰ ɨ k̚ ˧˨ ʔ t e ˧˦
thực tế hỗn hợp	tʰ ɨ k̚ ˧˨ ʔ t e ˧˦ h o n ˦ˀ˥ h əː p̚ ˧˨ ʔ
thực tế tăng cường	tʰ ɨ k̚ ˧˨ ʔ t e ˧˦ t a ŋ ˧˧ k ɨ ə ŋ ˨˩
thực tế ảo	tʰ ɨ k̚ ˧˨ ʔ t e ˧˦ ʔ aː w ˧˩
thực từ	tʰ ɨ k̚ ˧˨ ʔ t ɨ ˨˩
thực vật	tʰ ɨ k̚ ˧˨ ʔ v ə t̚ ˧˨ ʔ
thực vật học	tʰ ɨ k̚ ˧˨ ʔ v ə t̚ ˧˨ ʔ h a w k͡p̚ ˧˨ ʔ
thực vật lâu năm	tʰ ɨ k̚ ˧˨ ʔ v ə t̚ ˧˨ ʔ l ə w ˧˧ n a m ˧˧
thực đơn	tʰ ɨ k̚ ˧˨ ʔ ʔ ɗ əː n ˧˧
thực địa	tʰ ɨ k̚ ˧˨ ʔ ʔ ɗ i ə ˧˨ ʔ
ti	t i ˧˧
tim	t i m ˧˧
tin	t i n ˧˧
titan	t i ˧˧ t aː n ˧˧
tiêu	t i ə w ˧˧
tiêu biến	t i ə w ˧˧ ʔ ɓ i ə n ˧˦
tiêu biểu	t i ə w ˧˧ ʔ ɓ i ə w ˧˩
tiêu bản	t i ə w ˧˧ ʔ ɓ aː n ˧˩
tiêu chuẩn	t i ə w ˧˧ t͡ɕ w ə n ˧˩
tiêu chuẩn hoá	t i ə w ˧˧ t͡ɕ w ə n ˧˩ h w aː ˧˦
tiêu chí	t i ə w ˧˧ t͡ɕ i ˧˦
tiêu chảy	t i ə w ˧˧ t͡ɕ a j ˧˩
tiêu cự	t i ə w ˧˧ k ɨ ˧˨ ʔ
tiêu cực	t i ə w ˧˧ k ɨ k̚ ˧˨ ʔ
tiêu dao	t i ə w ˧˧ z aː w ˧˧
tiêu diệt	t i ə w ˧˧ z i ə t̚ ˧˨ ʔ
tiêu dùng	t i ə w ˧˧ z ʊ w ŋ͡m ˨˩
tiêu hao	t i ə w ˧˧ h aː w ˧˧
tiêu hoá	t i ə w ˧˧ h w aː ˧˦
tiêu điều	t i ə w ˧˧ ʔ ɗ i ə w ˨˩
tiêu điểm	t i ə w ˧˧ ʔ ɗ i ə m ˧˩
tiêu đề	t i ə w ˧˧ ʔ ɗ e ˨˩
tiếng Mĩ	t i ə ŋ ˧˦ m i ˦ˀ˥
tiếng Mễ	t i ə ŋ ˧˦ m e ˦ˀ˥
tiếng Mễ Tây Cơ	t i ə ŋ ˧˦ m e ˦ˀ˥ t ə j ˧˧ k əː ˧˧
tiếng Nam	t i ə ŋ ˧˦ n aː m ˧˧
tiếng Nga	t i ə ŋ ˧˦ ŋ aː ˧˧
tiếng Nhật	t i ə ŋ ˧˦ ɲ ə t̚ ˧˨ ʔ
tiếng Pháp	t i ə ŋ ˧˦ f aː p̚ ˧˦
tiếng Phạn	t i ə ŋ ˧˦ f aː n ˧˨ ʔ
tiếng Thái	t i ə ŋ ˧˦ tʰ aː j ˧˦
tiếng Triều Tiên	t i ə ŋ ˧˦ t͡ɕ i ə w ˨˩ t i ə n ˧˧
tiếng Trung	t i ə ŋ ˧˦ t͡ɕ ʊ w ŋ͡m ˧˧
tiếng Trung Quốc	t i ə ŋ ˧˦ t͡ɕ ʊ w ŋ͡m ˧˧ k u ə k̚ ˧˦
tiếng Tây	t i ə ŋ ˧˦ t ə j ˧˧
tiếng Tây Ban Nha	t i ə ŋ ˧˦ t ə j ˧˧ ʔ ɓ aː n ˧˧ ɲ aː ˧˧
tiếng Việt	t i ə ŋ ˧˦ v i ə t̚ ˧˨ ʔ
tiếng Việt Nam	t i ə ŋ ˧˦ v i ə t̚ ˧˨ ʔ n aː m ˧˧
tiếng mẹ đẻ	t i ə ŋ ˧˦ m ɛ ˧˨ ʔ ʔ ɗ ɛ ˧˩
tiếng ngáy	t i ə ŋ ˧˦ ŋ a j ˧˦
tiếng nói	t i ə ŋ ˧˦ n ɔ j ˧˦
tiếng phổ thông	t i ə ŋ ˧˦ f o ˧˩ tʰ ə w ŋ͡m ˧˧
tiếng sét ái tình	t i ə ŋ ˧˦ s ɛ t̚ ˧˦ ʔ aː j ˧˦ t ï ŋ ˨˩
tiếng thơm	t i ə ŋ ˧˦ tʰ əː m ˧˧
tiếng tăm	t i ə ŋ ˧˦ t a m ˧˧
tiếng vang	t i ə ŋ ˧˦ v aː ŋ ˧˧
tiếng vọng	t i ə ŋ ˧˦ v a w ŋ͡m ˧˨ ʔ
tiếng Ý	t i ə ŋ ˧˦ ʔ i ˧˦
tiếng ồn	t i ə ŋ ˧˦ ʔ o n ˨˩
tiếp	t i ə p̚ ˧˦
tiếp cận	t i ə p̚ ˧˦ k ə n ˧˨ ʔ
tiếp cứu	t i ə p̚ ˧˦ k i w ˧˦
tiếp diễn	t i ə p̚ ˧˦ z i ə n ˦ˀ˥
tiếp giáp	t i ə p̚ ˧˦ z aː p̚ ˧˦
tiếp khách	t i ə p̚ ˧˦ x a j k̟̚ ˧˦
tiếp nhận	t i ə p̚ ˧˦ ɲ ə n ˧˨ ʔ
tiếp quản	t i ə p̚ ˧˦ k w aː n ˧˩
tiếp sức	t i ə p̚ ˧˦ s ɨ k̚ ˧˦
tiếp tay	t i ə p̚ ˧˦ t a j ˧˧
tiếp theo	t i ə p̚ ˧˦ tʰ ɛ w ˧˧
tiếp thu	t i ə p̚ ˧˦ tʰ u ˧˧
tiếp thị	t i ə p̚ ˧˦ tʰ i ˧˨ ʔ
tiếp tuyến	t i ə p̚ ˧˦ t w i ə n ˧˦
tiếp tân	t i ə p̚ ˧˦ t ə n ˧˧
tiếp tế	t i ə p̚ ˧˦ t e ˧˦
tiếp tục	t i ə p̚ ˧˦ t ʊ w k͡p̚ ˧˨ ʔ
tiếp viên	t i ə p̚ ˧˦ v i ə n ˧˧
tiếp vĩ ngữ	t i ə p̚ ˧˦ v i ˦ˀ˥ ŋ ɨ ˦ˀ˥
tiếp xúc	t i ə p̚ ˧˦ s ʊ w k͡p̚ ˧˦
tiếp điểm	t i ə p̚ ˧˦ ʔ ɗ i ə m ˧˩
tiếp đãi	t i ə p̚ ˧˦ ʔ ɗ aː j ˦ˀ˥
tiếp đầu ngữ	t i ə p̚ ˧˦ ʔ ɗ ə w ˨˩ ŋ ɨ ˦ˀ˥
tiếp ứng	t i ə p̚ ˧˦ ʔ ɨ ŋ ˧˦
tiết	t i ə t̚ ˧˦
tiết canh	t i ə t̚ ˧˦ k a j ŋ̟ ˧˧
tiết chế	t i ə t̚ ˧˦ t͡ɕ e ˧˦
tiết hạnh	t i ə t̚ ˧˦ h a j ŋ̟ ˧˨ ʔ
tiết khí	t i ə t̚ ˧˦ x i ˧˦
tiết kiệm	t i ə t̚ ˧˦ k i ə m ˧˨ ʔ
tiết liệt	t i ə t̚ ˧˦ l i ə t̚ ˧˨ ʔ
tiết lộ	t i ə t̚ ˧˦ l o ˧˨ ʔ
tiết mục	t i ə t̚ ˧˦ m ʊ w k͡p̚ ˧˨ ʔ
tiết niệu	t i ə t̚ ˧˦ n i ə w ˧˨ ʔ
tiết tháo	t i ə t̚ ˧˦ tʰ aː w ˧˦
tiết tấu	t i ə t̚ ˧˦ t ə w ˧˦
tiết độ sứ	t i ə t̚ ˧˦ ʔ ɗ o ˧˨ ʔ s ɨ ˧˦
tiễn	t i ə n ˦ˀ˥
tiệt	t i ə t̚ ˧˨ ʔ
tiệt quyền đạo	t i ə t̚ ˧˨ ʔ k w i ə n ˨˩ ʔ ɗ aː w ˧˨ ʔ
tiệt trùng	t i ə t̚ ˧˨ ʔ t͡ɕ ʊ w ŋ͡m ˨˩
to	t ɔ ˧˧
toa	t w aː ˧˧
toe	t w ɛ ˧˧
tong	t a w ŋ͡m ˧˧
tra	t͡ɕ aː ˧˧
tra cứu	t͡ɕ aː ˧˧ k i w ˧˦
tra hỏi	t͡ɕ aː ˧˧ h ɔ j ˧˩
tra tấn	t͡ɕ aː ˧˧ t ə n ˧˦
tra vấn	t͡ɕ aː ˧˧ v ə n ˧˦
trai	t͡ɕ aː j ˧˧
trai bao	t͡ɕ aː j ˧˧ ʔ ɓ aː w ˧˧
trai gái	t͡ɕ aː j ˧˧ ɣ aː j ˧˦
trai lí	t͡ɕ aː j ˧˧ l i ˧˦
trai lơ	t͡ɕ aː j ˧˧ l əː ˧˧
trai tráng	t͡ɕ aː j ˧˧ t͡ɕ aː ŋ ˧˦
trai tân	t͡ɕ aː j ˧˧ t ə n ˧˧
trang	t͡ɕ aː ŋ ˧˧
trang bị	t͡ɕ aː ŋ ˧˧ ʔ ɓ i ˧˨ ʔ
trang chủ	t͡ɕ aː ŋ ˧˧ t͡ɕ u ˧˩
trang hoàng	t͡ɕ aː ŋ ˧˧ h w aː ŋ ˨˩
trang lứa	t͡ɕ aː ŋ ˧˧ l ɨ ə ˧˦
trang mạng	t͡ɕ aː ŋ ˧˧ m aː ŋ ˧˨ ʔ
trang nghiêm	t͡ɕ aː ŋ ˧˧ ŋ i ə m ˧˧
trang nhà	t͡ɕ aː ŋ ˧˧ ɲ aː ˨˩
trang nhã	t͡ɕ aː ŋ ˧˧ ɲ aː ˦ˀ˥
trang phục	t͡ɕ aː ŋ ˧˧ f ʊ w k͡p̚ ˧˨ ʔ
trang sức	t͡ɕ aː ŋ ˧˧ s ɨ k̚ ˧˦
trang thiết bị	t͡ɕ aː ŋ ˧˧ tʰ i ə t̚ ˧˦ ʔ ɓ i ˧˨ ʔ
trang trí	t͡ɕ aː ŋ ˧˧ t͡ɕ i ˧˦
trang trại	t͡ɕ aː ŋ ˧˧ t͡ɕ aː j ˧˨ ʔ
trang trải	t͡ɕ aː ŋ ˧˧ t͡ɕ aː j ˧˩
trang trọng	t͡ɕ aː ŋ ˧˧ t͡ɕ a w ŋ͡m ˧˨ ʔ
trang viên	t͡ɕ aː ŋ ˧˧ v i ə n ˧˧
trang web	t͡ɕ aː ŋ ˧˧ ʔ w ɛ p̚ ˧˦
trang điểm	t͡ɕ aː ŋ ˧˧ ʔ ɗ i ə m ˧˩
tranh	t͡ɕ a j ŋ̟ ˧˧
tranh biện	t͡ɕ a j ŋ̟ ˧˧ ʔ ɓ i ə n ˧˨ ʔ
tranh chấp	t͡ɕ a j ŋ̟ ˧˧ t͡ɕ ə p̚ ˧˦
tranh cãi	t͡ɕ a j ŋ̟ ˧˧ k aː j ˦ˀ˥
tranh cử	t͡ɕ a j ŋ̟ ˧˧ k ɨ ˧˩
tranh giành	t͡ɕ a j ŋ̟ ˧˧ z a j ŋ̟ ˨˩
tranh luận	t͡ɕ a j ŋ̟ ˧˧ l w ə n ˧˨ ʔ
tranh thủ	t͡ɕ a j ŋ̟ ˧˧ tʰ u ˧˩
tranh truyện	t͡ɕ a j ŋ̟ ˧˧ t͡ɕ w i ə n ˧˨ ʔ
tranh tài	t͡ɕ a j ŋ̟ ˧˧ t aː j ˨˩
tranh tụng	t͡ɕ a j ŋ̟ ˧˧ t ʊ w ŋ͡m ˧˨ ʔ
tranh vẽ	t͡ɕ a j ŋ̟ ˧˧ v ɛ ˦ˀ˥
tranh đua	t͡ɕ a j ŋ̟ ˧˧ ʔ ɗ u ə ˧˧
tranh đấu	t͡ɕ a j ŋ̟ ˧˧ ʔ ɗ ə w ˧˦
trao	t͡ɕ aː w ˧˧
trao đổi	t͡ɕ aː w ˧˧ ʔ ɗ o j ˧˩
trao đổi chất	t͡ɕ aː w ˧˧ ʔ ɗ o j ˧˩ t͡ɕ ə t̚ ˧˦
trau	t͡ɕ a w ˧˧
trau chuốt	t͡ɕ a w ˧˧ t͡ɕ u ə t̚ ˧˦
trau dồi	t͡ɕ a w ˧˧ z o j ˨˩
trau giồi	t͡ɕ a w ˧˧ z o j ˨˩
tre	t͡ɕ ɛ ˧˧
tre già măng mọc	t͡ɕ ɛ ˧˧ z aː ˨˩ m a ŋ ˧˧ m a w k͡p̚ ˧˨ ʔ
tre pheo	t͡ɕ ɛ ˧˧ f ɛ w ˧˧
trend	t͡ɕ ɛ n ˧˧
treo	t͡ɕ ɛ w ˧˧
treo cổ	t͡ɕ ɛ w ˧˧ k o ˧˩
treo giò	t͡ɕ ɛ w ˧˧ z ɔ ˨˩
treo đầu dê bán thịt chó	t͡ɕ ɛ w ˧˧ ʔ ɗ ə w ˨˩ z e ˧˧ ʔ ɓ aː n ˧˦ tʰ i t̚ ˧˨ ʔ t͡ɕ ɔ ˧˦
tri	t͡ɕ i ˧˧
tri châu	t͡ɕ i ˧˧ t͡ɕ ə w ˧˧
tri giác	t͡ɕ i ˧˧ z aː k̚ ˧˦
tri huyện	t͡ɕ i ˧˧ h w i ə n ˧˨ ʔ
tri kỉ	t͡ɕ i ˧˧ k i ˧˩
tri ngôn	t͡ɕ i ˧˧ ŋ o n ˧˧
tri thức	t͡ɕ i ˧˧ tʰ ɨ k̚ ˧˦
tri thức luận	t͡ɕ i ˧˧ tʰ ɨ k̚ ˧˦ l w ə n ˧˨ ʔ
tri âm	t͡ɕ i ˧˧ ʔ ə m ˧˧
tri ân	t͡ɕ i ˧˧ ʔ ə n ˧˧
trinh	t͡ɕ ï ŋ ˧˧
trinh bạch	t͡ɕ ï ŋ ˧˧ ʔ ɓ a j k̟̚ ˧˨ ʔ
trinh nữ	t͡ɕ ï ŋ ˧˧ n ɨ ˦ˀ˥
trinh sát	t͡ɕ ï ŋ ˧˧ s aː t̚ ˧˦
trinh thám	t͡ɕ ï ŋ ˧˧ tʰ aː m ˧˦
trinh tiết	t͡ɕ ï ŋ ˧˧ t i ə t̚ ˧˦
triphotphat	t ɹ i ˧˧ f o t̚ ˧˦ f aː t̚ ˧˦
triếp	t͡ɕ i ə p̚ ˧˦
triết	t͡ɕ i ə t̚ ˧˦
triết gia	t͡ɕ i ə t̚ ˧˦ z aː ˧˧
triết học	t͡ɕ i ə t̚ ˧˦ h a w k͡p̚ ˧˨ ʔ
triết lí	t͡ɕ i ə t̚ ˧˦ l i ˧˦
triền	t͡ɕ i ə n ˨˩
triền miên	t͡ɕ i ə n ˨˩ m i ə n ˧˧
triều	t͡ɕ i ə w ˨˩
triều chính	t͡ɕ i ə w ˨˩ t͡ɕ ï ŋ ˧˦
triều cường	t͡ɕ i ə w ˨˩ k ɨ ə ŋ ˨˩
triều kém	t͡ɕ i ə w ˨˩ k ɛ m ˧˦
triều phục	t͡ɕ i ə w ˨˩ f ʊ w k͡p̚ ˧˨ ʔ
triều đình	t͡ɕ i ə w ˨˩ ʔ ɗ ï ŋ ˨˩
triều đại	t͡ɕ i ə w ˨˩ ʔ ɗ aː j ˧˨ ʔ
triển	t͡ɕ i ə n ˧˩
triển khai	t͡ɕ i ə n ˧˩ x aː j ˧˧
triển lãm	t͡ɕ i ə n ˧˩ l aː m ˦ˀ˥
triển vọng	t͡ɕ i ə n ˧˩ v a w ŋ͡m ˧˨ ʔ
triện	t͡ɕ i ə n ˧˨ ʔ
triện thư	t͡ɕ i ə n ˧˨ ʔ tʰ ɨ ˧˧
triệp	t͡ɕ i ə p̚ ˧˨ ʔ
triệt	t͡ɕ i ə t̚ ˧˨ ʔ
triệt hạ	t͡ɕ i ə t̚ ˧˨ ʔ h aː ˧˨ ʔ
triệt phá	t͡ɕ i ə t̚ ˧˨ ʔ f aː ˧˦
triệt sản	t͡ɕ i ə t̚ ˧˨ ʔ s aː n ˧˩
triệt tiêu	t͡ɕ i ə t̚ ˧˨ ʔ t i ə w ˧˧
triệt để	t͡ɕ i ə t̚ ˧˨ ʔ ʔ ɗ e ˧˩
triệu	t͡ɕ i ə w ˧˨ ʔ
triệu chứng	t͡ɕ i ə w ˧˨ ʔ t͡ɕ ɨ ŋ ˧˦
triệu chứng học	t͡ɕ i ə w ˧˨ ʔ t͡ɕ ɨ ŋ ˧˦ h a w k͡p̚ ˧˨ ʔ
triệu hồi	t͡ɕ i ə w ˧˨ ʔ h o j ˨˩
triệu phú	t͡ɕ i ə w ˧˨ ʔ f u ˧˦
triệu tập	t͡ɕ i ə w ˧˨ ʔ t ə p̚ ˧˨ ʔ
tro	t͡ɕ ɔ ˧˧
tro tàn	t͡ɕ ɔ ˧˧ t aː n ˨˩
trong	t͡ɕ a w ŋ͡m ˧˧
trong chớp mắt	t͡ɕ a w ŋ͡m ˧˧ t͡ɕ əː p̚ ˧˦ m a t̚ ˧˦
trong cái rủi có cái may	t͡ɕ a w ŋ͡m ˧˧ k aː j ˧˦ z u j ˧˩ k ɔ ˧˦ k aː j ˧˦ m a j ˧˧
trong khi	t͡ɕ a w ŋ͡m ˧˧ x i ˧˧
trong khi đó	t͡ɕ a w ŋ͡m ˧˧ x i ˧˧ ʔ ɗ ɔ ˧˦
trong lành	t͡ɕ a w ŋ͡m ˧˧ l a j ŋ̟ ˨˩
trong suốt	t͡ɕ a w ŋ͡m ˧˧ s u ə t̚ ˧˦
trong sáng	t͡ɕ a w ŋ͡m ˧˧ s aː ŋ ˧˦
trong sạch	t͡ɕ a w ŋ͡m ˧˧ s a j k̟̚ ˧˨ ʔ
trong trắng	t͡ɕ a w ŋ͡m ˧˧ t͡ɕ a ŋ ˧˦
trung	t͡ɕ ʊ w ŋ͡m ˧˧
trà	t͡ɕ aː ˨˩
trà bơ	t͡ɕ aː ˨˩ ʔ ɓ əː ˧˧
trà oản	t͡ɕ aː ˨˩ ʔ w aː n ˧˩
trà sữa	t͡ɕ aː ˨˩ s ɨ ə ˦ˀ˥
trà trân châu	t͡ɕ aː ˨˩ t͡ɕ ə n ˧˧ t͡ɕ ə w ˧˧
trà trộn	t͡ɕ aː ˨˩ t͡ɕ o n ˧˨ ʔ
trà xanh	t͡ɕ aː ˨˩ s a j ŋ̟ ˧˧
trà đen	t͡ɕ aː ˨˩ ʔ ɗ ɛ n ˧˧
trà đá	t͡ɕ aː ˨˩ ʔ ɗ aː ˧˦
trà đạo	t͡ɕ aː ˨˩ ʔ ɗ aː w ˧˨ ʔ
tràm	t͡ɕ aː m ˨˩
tràn	t͡ɕ aː n ˨˩
tràn lan	t͡ɕ aː n ˨˩ l aː n ˧˧
tràn ngập	t͡ɕ aː n ˨˩ ŋ ə p̚ ˧˨ ʔ
tràn trề	t͡ɕ aː n ˨˩ t͡ɕ e ˨˩
tràn đầy	t͡ɕ aː n ˨˩ ʔ ɗ ə j ˨˩
tràng	t͡ɕ aː ŋ ˨˩
tràng giang đại hải	t͡ɕ aː ŋ ˨˩ z aː ŋ ˧˧ ʔ ɗ aː j ˧˨ ʔ h aː j ˧˩
tràng pháo	t͡ɕ aː ŋ ˨˩ f aː w ˧˦
tràng thạch	t͡ɕ aː ŋ ˨˩ tʰ a j k̟̚ ˧˨ ʔ
trào	t͡ɕ aː w ˨˩
trào lưu	t͡ɕ aː w ˨˩ l i w ˧˧
trào phúng	t͡ɕ aː w ˨˩ f ʊ w ŋ͡m ˧˦
trá	t͡ɕ aː ˧˦
trá hàng	t͡ɕ aː ˧˦ h aː ŋ ˨˩
trá hình	t͡ɕ aː ˧˦ h ï ŋ ˨˩
trác tuyệt	t͡ɕ aː k̚ ˧˦ t w i ə t̚ ˧˨ ʔ
trách	t͡ɕ a j k̟̚ ˧˦
trách móc	t͡ɕ a j k̟̚ ˧˦ m a w k͡p̚ ˧˦
trách mắng	t͡ɕ a j k̟̚ ˧˦ m a ŋ ˧˦
trách nhiệm	t͡ɕ a j k̟̚ ˧˦ ɲ i ə m ˧˨ ʔ
trái	t͡ɕ aː j ˧˦
trái cây	t͡ɕ aː j ˧˦ k ə j ˧˧
trái cấm	t͡ɕ aː j ˧˦ k ə m ˧˦
trái khoán	t͡ɕ aː j ˧˦ x w aː n ˧˦
trái khoáy	t͡ɕ aː j ˧˦ x w a j ˧˦
trái lại	t͡ɕ aː j ˧˦ l aː j ˧˨ ʔ
trái ngang	t͡ɕ aː j ˧˦ ŋ aː ŋ ˧˧
trái nghĩa	t͡ɕ aː j ˧˦ ŋ i ə ˦ˀ˥
trái ngược	t͡ɕ aː j ˧˦ ŋ ɨ ə k̚ ˧˨ ʔ
trái phiếu	t͡ɕ aː j ˧˦ f i ə w ˧˦
trái phá	t͡ɕ aː j ˧˦ f aː ˧˦
trái phép	t͡ɕ aː j ˧˦ f ɛ p̚ ˧˦
trái tim	t͡ɕ aː j ˧˦ t i m ˧˧
trái tim bàn tay	t͡ɕ aː j ˧˦ t i m ˧˧ ʔ ɓ aː n ˨˩ t a j ˧˧
trái tim ngón tay	t͡ɕ aː j ˧˦ t i m ˧˧ ŋ ɔ n ˧˦ t a j ˧˧
trái với	t͡ɕ aː j ˧˦ v əː j ˧˦
trái xoan	t͡ɕ aː j ˧˦ s w aː n ˧˧
trám	t͡ɕ aː m ˧˦
trán	t͡ɕ aː n ˧˦
tráng	t͡ɕ aː ŋ ˧˦
tráng chí	t͡ɕ aː ŋ ˧˦ t͡ɕ i ˧˦
tráng kiện	t͡ɕ aː ŋ ˧˦ k i ə n ˧˨ ʔ
tráng lệ	t͡ɕ aː ŋ ˧˦ l e ˧˨ ʔ
tráng miệng	t͡ɕ aː ŋ ˧˦ m i ə ŋ ˧˨ ʔ
tráng sĩ	t͡ɕ aː ŋ ˧˦ s i ˦ˀ˥
tránh	t͡ɕ a j ŋ̟ ˧˦
tránh ra	t͡ɕ a j ŋ̟ ˧˦ z aː ˧˧
tránh vỏ dưa gặp vỏ dừa	t͡ɕ a j ŋ̟ ˧˦ v ɔ ˧˩ z ɨ ə ˧˧ ɣ a p̚ ˧˨ ʔ v ɔ ˧˩ z ɨ ə ˨˩
tránh xa	t͡ɕ a j ŋ̟ ˧˦ s aː ˧˧
tráo	t͡ɕ aː w ˧˦
tráo trở	t͡ɕ aː w ˧˦ t͡ɕ əː ˧˩
tráo đổi	t͡ɕ aː w ˧˦ ʔ ɗ o j ˧˩
tráp	t͡ɕ aː p̚ ˧˦
trát	t͡ɕ aː t̚ ˧˦
trâm	t͡ɕ ə m ˧˧
trâm bầu	t͡ɕ ə m ˧˧ ʔ ɓ ə w ˨˩
trân	t͡ɕ ə n ˧˧
trân châu	t͡ɕ ə n ˧˧ t͡ɕ ə w ˧˧
trân quý	t͡ɕ ə n ˧˧ k w i ˧˦
trân trọng	t͡ɕ ə n ˧˧ t͡ɕ a w ŋ͡m ˧˨ ʔ
trân trối	t͡ɕ ə n ˧˧ t͡ɕ o j ˧˦
trâng tráo	t͡ɕ ə ŋ ˧˧ t͡ɕ aː w ˧˦
trâu	t͡ɕ ə w ˧˧
trâu buộc ghét trâu ăn	t͡ɕ ə w ˧˧ ʔ ɓ u ə k̚ ˧˨ ʔ ɣ ɛ t̚ ˧˦ t͡ɕ ə w ˧˧ ʔ a n ˧˧
trâu bò	t͡ɕ ə w ˧˧ ʔ ɓ ɔ ˨˩
trâu già gặm cỏ non	t͡ɕ ə w ˧˧ z aː ˨˩ ɣ a m ˧˨ ʔ k ɔ ˧˩ n ɔ n ˧˧
trâu nước	t͡ɕ ə w ˧˧ n ɨ ə k̚ ˧˦
trây lười	t͡ɕ ə j ˧˧ l ɨ ə j ˨˩
trã	t͡ɕ aː ˦ˀ˥
trèo	t͡ɕ ɛ w ˨˩
trèo cao té đau	t͡ɕ ɛ w ˨˩ k aː w ˧˧ t ɛ ˧˦ ʔ ɗ a w ˧˧
trèo cây	t͡ɕ ɛ w ˨˩ k ə j ˧˧
tré	t͡ɕ ɛ ˧˦
trét	t͡ɕ ɛ t̚ ˧˦
trên	t͡ɕ e n ˧˧
trên dưới	t͡ɕ e n ˧˧ z ɨ ə j ˧˦
trên không	t͡ɕ e n ˧˧ x ə w ŋ͡m ˧˧
trên mạng	t͡ɕ e n ˧˧ m aː ŋ ˧˨ ʔ
trêu	t͡ɕ e w ˧˧
trêu chọc	t͡ɕ e w ˧˧ t͡ɕ a w k͡p̚ ˧˨ ʔ
trêu ghẹo	t͡ɕ e w ˧˧ ɣ ɛ w ˧˨ ʔ
trêu ngươi	t͡ɕ e w ˧˧ ŋ ɨ ə j ˧˧
trì	t͡ɕ i ˨˩
trì hoãn	t͡ɕ i ˨˩ h w aː n ˦ˀ˥
trì trệ	t͡ɕ i ˨˩ t͡ɕ e ˧˨ ʔ
trì tục	t͡ɕ i ˨˩ t ʊ w k͡p̚ ˧˨ ʔ
trì độn	t͡ɕ i ˨˩ ʔ ɗ o n ˧˨ ʔ
trình	t͡ɕ ï ŋ ˨˩
trình bày	t͡ɕ ï ŋ ˨˩ ʔ ɓ a j ˨˩
trình báo	t͡ɕ ï ŋ ˨˩ ʔ ɓ aː w ˧˦
trình bệnh	t͡ɕ ï ŋ ˨˩ ʔ ɓ ə j ŋ̟ ˧˨ ʔ
trình chiếu	t͡ɕ ï ŋ ˨˩ t͡ɕ i ə w ˧˦
trình cắm	t͡ɕ ï ŋ ˨˩ k a m ˧˦
trình diễn	t͡ɕ ï ŋ ˨˩ z i ə n ˦ˀ˥
trình duyệt	t͡ɕ ï ŋ ˨˩ z w i ə t̚ ˧˨ ʔ
trình dược viên	t͡ɕ ï ŋ ˨˩ z ɨ ə k̚ ˧˨ ʔ v i ə n ˧˧
trình làng	t͡ɕ ï ŋ ˨˩ l aː ŋ ˨˩
trình tự	t͡ɕ ï ŋ ˨˩ t ɨ ˧˨ ʔ
trình đơn	t͡ɕ ï ŋ ˨˩ ʔ ɗ əː n ˧˧
trình độ	t͡ɕ ï ŋ ˨˩ ʔ ɗ o ˧˨ ʔ
trìu mến	t͡ɕ i w ˨˩ m e n ˧˦
trí	t͡ɕ i ˧˦
trí cùng lực kiệt	t͡ɕ i ˧˦ k ʊ w ŋ͡m ˨˩ l ɨ k̚ ˧˨ ʔ k i ə t̚ ˧˨ ʔ
trí dục	t͡ɕ i ˧˦ z ʊ w k͡p̚ ˧˨ ʔ
trí giả	t͡ɕ i ˧˦ z aː ˧˩
trí khôn	t͡ɕ i ˧˦ x o n ˧˧
trí lự	t͡ɕ i ˧˦ l ɨ ˧˨ ʔ
trí lực	t͡ɕ i ˧˦ l ɨ k̚ ˧˨ ʔ
trí mạng	t͡ɕ i ˧˦ m aː ŋ ˧˨ ʔ
trí nhớ	t͡ɕ i ˧˦ ɲ əː ˧˦
trí não	t͡ɕ i ˧˦ n aː w ˦ˀ˥
trí năng	t͡ɕ i ˧˦ n a ŋ ˧˧
trí sĩ	t͡ɕ i ˧˦ s i ˦ˀ˥
trí thuật	t͡ɕ i ˧˦ tʰ w ə t̚ ˧˨ ʔ
trí thức	t͡ɕ i ˧˦ tʰ ɨ k̚ ˧˦
trí tri cách vật	t͡ɕ i ˧˦ t͡ɕ i ˧˧ k a j k̟̚ ˧˦ v ə t̚ ˧˨ ʔ
trí trá	t͡ɕ i ˧˦ t͡ɕ aː ˧˦
trí tuệ	t͡ɕ i ˧˦ t w e ˧˨ ʔ
trí tuệ nhân tạo	t͡ɕ i ˧˦ t w e ˧˨ ʔ ɲ ə n ˧˧ t aː w ˧˨ ʔ
trí tuệ xúc cảm	t͡ɕ i ˧˦ t w e ˧˨ ʔ s ʊ w k͡p̚ ˧˦ k aː m ˧˩
trí tưởng	t͡ɕ i ˧˦ t ɨ ə ŋ ˧˩
trí tưởng tượng	t͡ɕ i ˧˦ t ɨ ə ŋ ˧˩ t ɨ ə ŋ ˧˨ ʔ
trí tử	t͡ɕ i ˧˦ t ɨ ˧˩
trí xảo	t͡ɕ i ˧˦ s aː w ˧˩
trí óc	t͡ɕ i ˧˦ ʔ a w k͡p̚ ˧˦
trích	t͡ɕ ï k̟̚ ˧˦
trích dẫn	t͡ɕ ï k̟̚ ˧˦ z ə n ˦ˀ˥
trích lập	t͡ɕ ï k̟̚ ˧˦ l ə p̚ ˧˨ ʔ
trò	t͡ɕ ɔ ˨˩
trò chuyện	t͡ɕ ɔ ˨˩ t͡ɕ w i ə n ˧˨ ʔ
trò chơi	t͡ɕ ɔ ˨˩ t͡ɕ əː j ˧˧
trò chơi nhịp điệu	t͡ɕ ɔ ˨˩ t͡ɕ əː j ˧˧ ɲ i p̚ ˧˨ ʔ ʔ ɗ i ə w ˧˨ ʔ
trò chơi điện tử	t͡ɕ ɔ ˨˩ t͡ɕ əː j ˧˧ ʔ ɗ i ə n ˧˨ ʔ t ɨ ˧˩
trò hề	t͡ɕ ɔ ˨˩ h e ˨˩
trò nhời	t͡ɕ ɔ ˨˩ ɲ əː j ˨˩
trò trống	t͡ɕ ɔ ˨˩ t͡ɕ ə w ŋ͡m ˧˦
tròn	t͡ɕ ɔ n ˨˩
tròn quay	t͡ɕ ɔ n ˨˩ k w a j ˧˧
tròn trĩnh	t͡ɕ ɔ n ˨˩ t͡ɕ ï ŋ ˦ˀ˥
tròn trịa	t͡ɕ ɔ n ˨˩ t͡ɕ i ə ˧˨ ʔ
tròn xoe	t͡ɕ ɔ n ˨˩ s w ɛ ˧˧
tróc	t͡ɕ a w k͡p̚ ˧˦
tróc nã	t͡ɕ a w k͡p̚ ˧˦ n aː ˦ˀ˥
trói	t͡ɕ ɔ j ˧˦
trói buộc	t͡ɕ ɔ j ˧˦ ʔ ɓ u ə k̚ ˧˨ ʔ
trót	t͡ɕ ɔ t̚ ˧˦
trùn	t͡ɕ u n ˨˩
trăm	t͡ɕ a m ˧˧
trăm họ	t͡ɕ a m ˧˧ h ɔ ˧˨ ʔ
trăm nghe không bằng mắt thấy	t͡ɕ a m ˧˧ ŋ ɛ ˧˧ x ə w ŋ͡m ˧˧ ʔ ɓ a ŋ ˨˩ m a t̚ ˧˦ tʰ ə j ˧˦
trăm năm	t͡ɕ a m ˧˧ n a m ˧˧
trăm phần trăm	t͡ɕ a m ˧˧ f ə n ˨˩ t͡ɕ a m ˧˧
trăm trận trăm thắng	t͡ɕ a m ˧˧ t͡ɕ ə n ˧˨ ʔ t͡ɕ a m ˧˧ tʰ a ŋ ˧˦
trăn	t͡ɕ a n ˧˧
trăn trở	t͡ɕ a n ˧˧ t͡ɕ əː ˧˩
trăng	t͡ɕ a ŋ ˧˧
trăng hoa	t͡ɕ a ŋ ˧˧ h w aː ˧˧
trăng mật	t͡ɕ a ŋ ˧˧ m ə t̚ ˧˨ ʔ
trăng non	t͡ɕ a ŋ ˧˧ n ɔ n ˧˧
trăng tròn	t͡ɕ a ŋ ˧˧ t͡ɕ ɔ n ˨˩
trăng trối	t͡ɕ a ŋ ˧˧ t͡ɕ o j ˧˦
trĩ	t͡ɕ i ˦ˀ˥
trĩ đỏ	t͡ɕ i ˦ˀ˥ ʔ ɗ ɔ ˧˩
trĩu	t͡ɕ i w ˦ˀ˥
trướng	t͡ɕ ɨ ə ŋ ˧˦
trường tiểu học	t͡ɕ ɨ ə ŋ ˨˩ t i ə w ˧˩ h a w k͡p̚ ˧˨ ʔ
trường trung học	t͡ɕ ɨ ə ŋ ˨˩ t͡ɕ ʊ w ŋ͡m ˧˧ h a w k͡p̚ ˧˨ ʔ
trường trung học cơ sở	t͡ɕ ɨ ə ŋ ˨˩ t͡ɕ ʊ w ŋ͡m ˧˧ h a w k͡p̚ ˧˨ ʔ k əː ˧˧ s əː ˧˩
trường trung học phổ thông	t͡ɕ ɨ ə ŋ ˨˩ t͡ɕ ʊ w ŋ͡m ˧˧ h a w k͡p̚ ˧˨ ʔ f o ˧˩ tʰ ə w ŋ͡m ˧˧
trường tồn	t͡ɕ ɨ ə ŋ ˨˩ t o n ˨˩
trường vốn	t͡ɕ ɨ ə ŋ ˨˩ v o n ˧˦
trưởng	t͡ɕ ɨ ə ŋ ˧˩
trưởng công chúa	t͡ɕ ɨ ə ŋ ˧˩ k ə w ŋ͡m ˧˧ t͡ɕ u ə ˧˦
trưởng giả	t͡ɕ ɨ ə ŋ ˧˩ z aː ˧˩
trưởng họ	t͡ɕ ɨ ə ŋ ˧˩ h ɔ ˧˨ ʔ
trưởng nam	t͡ɕ ɨ ə ŋ ˧˩ n aː m ˧˧
trưởng nữ	t͡ɕ ɨ ə ŋ ˧˩ n ɨ ˦ˀ˥
trưởng thành	t͡ɕ ɨ ə ŋ ˧˩ tʰ a j ŋ̟ ˨˩
trưởng thượng	t͡ɕ ɨ ə ŋ ˧˩ tʰ ɨ ə ŋ ˧˨ ʔ
trượng	t͡ɕ ɨ ə ŋ ˧˨ ʔ
trượng phu	t͡ɕ ɨ ə ŋ ˧˨ ʔ f u ˧˧
trượt	t͡ɕ ɨ ə t̚ ˧˨ ʔ
trượt băng	t͡ɕ ɨ ə t̚ ˧˨ ʔ ʔ ɓ a ŋ ˧˧
trượt nước	t͡ɕ ɨ ə t̚ ˧˨ ʔ n ɨ ə k̚ ˧˦
trượt tuyết	t͡ɕ ɨ ə t̚ ˧˨ ʔ t w i ə t̚ ˧˦
trượt ván	t͡ɕ ɨ ə t̚ ˧˨ ʔ v aː n ˧˦
trượt vỏ chuối	t͡ɕ ɨ ə t̚ ˧˨ ʔ v ɔ ˧˩ t͡ɕ u ə j ˧˦
trạ	t͡ɕ aː ˧˨ ʔ
trạc	t͡ɕ aː k̚ ˧˨ ʔ
trại	t͡ɕ aː j ˧˨ ʔ
trại giam	t͡ɕ aː j ˧˨ ʔ z aː m ˧˧
trại tập trung	t͡ɕ aː j ˧˨ ʔ t ə p̚ ˧˨ ʔ t͡ɕ ʊ w ŋ͡m ˧˧
trại âm	t͡ɕ aː j ˧˨ ʔ ʔ ə m ˧˧
trạm	t͡ɕ aː m ˧˨ ʔ
trạm xe buýt	t͡ɕ aː m ˧˨ ʔ s ɛ ˧˧ ʔ ɓ w i t̚ ˧˦
trạm xá	t͡ɕ aː m ˧˨ ʔ s aː ˧˦
trạng	t͡ɕ aː ŋ ˧˨ ʔ
trạng huống	t͡ɕ aː ŋ ˧˨ ʔ h u ə ŋ ˧˦
trạng nguyên	t͡ɕ aː ŋ ˧˨ ʔ ŋ w i ə n ˧˧
trạng ngữ	t͡ɕ aː ŋ ˧˨ ʔ ŋ ɨ ˦ˀ˥
trạng sư	t͡ɕ aː ŋ ˧˨ ʔ s ɨ ˧˧
trạng thái	t͡ɕ aː ŋ ˧˨ ʔ tʰ aː j ˧˦
trạng từ	t͡ɕ aː ŋ ˧˨ ʔ t ɨ ˨˩
trạng từ chỉ mức độ	t͡ɕ aː ŋ ˧˨ ʔ t ɨ ˨˩ t͡ɕ i ˧˩ m ɨ k̚ ˧˦ ʔ ɗ o ˧˨ ʔ
trạnh	t͡ɕ a j ŋ̟ ˧˨ ʔ
trả	t͡ɕ aː ˧˩
trả giá	t͡ɕ aː ˧˩ z aː ˧˦
trả góp	t͡ɕ aː ˧˩ ɣ ɔ p̚ ˧˦
trả lại	t͡ɕ aː ˧˩ l aː j ˧˨ ʔ
trả lời	t͡ɕ aː ˧˩ l əː j ˨˩
trả thù	t͡ɕ aː ˧˩ tʰ u ˨˩
trả treo	t͡ɕ aː ˧˩ t͡ɕ ɛ w ˧˧
trả đũa	t͡ɕ aː ˧˩ ʔ ɗ u ə ˦ˀ˥
trải	t͡ɕ aː j ˧˩
trải lòng	t͡ɕ aː j ˧˩ l a w ŋ͡m ˨˩
trải nghiệm	t͡ɕ aː j ˧˩ ŋ i ə m ˧˨ ʔ
trải qua	t͡ɕ aː j ˧˩ k w aː ˧˧
trảm	t͡ɕ aː m ˧˩
trảng	t͡ɕ aː ŋ ˧˩
trảu	t͡ɕ a w ˧˩
trảy	t͡ɕ a j ˧˩
trấn	t͡ɕ ə n ˧˦
trấn an	t͡ɕ ə n ˧˦ ʔ aː n ˧˧
trấn lột	t͡ɕ ə n ˧˦ l o t̚ ˧˨ ʔ
trấn nhậm	t͡ɕ ə n ˧˦ ɲ ə m ˧˨ ʔ
trấn thủ	t͡ɕ ə n ˧˦ tʰ u ˧˩
trấn tĩnh	t͡ɕ ə n ˧˦ t ï ŋ ˦ˀ˥
trấn áp	t͡ɕ ə n ˧˦ ʔ aː p̚ ˧˦
trấu	t͡ɕ ə w ˧˦
trầm	t͡ɕ ə m ˨˩
trầm cảm	t͡ɕ ə m ˨˩ k aː m ˧˩
trầm hương	t͡ɕ ə m ˨˩ h ɨ ə ŋ ˧˧
trầm kha	t͡ɕ ə m ˨˩ x aː ˧˧
trầm luân	t͡ɕ ə m ˨˩ l w ə n ˧˧
trầm lặng	t͡ɕ ə m ˨˩ l a ŋ ˧˨ ʔ
trầm mình	t͡ɕ ə m ˨˩ m ï ŋ ˨˩
trầm mặc	t͡ɕ ə m ˨˩ m a k̚ ˧˨ ʔ
trầm ngâm	t͡ɕ ə m ˨˩ ŋ ə m ˧˧
trầm trọng	t͡ɕ ə m ˨˩ t͡ɕ a w ŋ͡m ˧˨ ʔ
trầm trồ	t͡ɕ ə m ˨˩ t͡ɕ o ˨˩
trầm tích	t͡ɕ ə m ˨˩ t ï k̟̚ ˧˦
trầm tính	t͡ɕ ə m ˨˩ t ï ŋ ˧˦
trầm tĩnh	t͡ɕ ə m ˨˩ t ï ŋ ˦ˀ˥
trầm tư	t͡ɕ ə m ˨˩ t ɨ ˧˧
trầm tư mặc tưởng	t͡ɕ ə m ˨˩ t ɨ ˧˧ m a k̚ ˧˨ ʔ t ɨ ə ŋ ˧˩
trần	t͡ɕ ə n ˨˩
trần ai	t͡ɕ ə n ˨˩ ʔ aː j ˧˧
trần bì	t͡ɕ ə n ˨˩ ʔ ɓ i ˨˩
trần gian	t͡ɕ ə n ˨˩ z aː n ˧˧
trần thuật	t͡ɕ ə n ˨˩ tʰ w ə t̚ ˧˨ ʔ
trần thế	t͡ɕ ə n ˨˩ tʰ e ˧˦
trần truồng	t͡ɕ ə n ˨˩ t͡ɕ u ə ŋ ˨˩
trần trụi	t͡ɕ ə n ˨˩ t͡ɕ u j ˧˨ ʔ
trầng	t͡ɕ ə ŋ ˨˩
trầu	t͡ɕ ə w ˨˩
trầu cau	t͡ɕ ə w ˨˩ k a w ˧˧
trầu không	t͡ɕ ə w ˨˩ x ə w ŋ͡m ˧˧
trầy	t͡ɕ ə j ˨˩
trầy trật	t͡ɕ ə j ˨˩ t͡ɕ ə t̚ ˧˨ ʔ
trầy trụa	t͡ɕ ə j ˨˩ t͡ɕ u ə ˧˨ ʔ
trẩu	t͡ɕ ə w ˧˩
trẩy	t͡ɕ ə j ˧˩
trẫm	t͡ɕ ə m ˦ˀ˥
trẫm mình	t͡ɕ ə m ˦ˀ˥ m ï ŋ ˨˩
trận	t͡ɕ ə n ˧˨ ʔ
trận cầu	t͡ɕ ə n ˧˨ ʔ k ə w ˨˩
trận thế	t͡ɕ ə n ˧˨ ʔ tʰ e ˧˦
trận vong	t͡ɕ ə n ˧˨ ʔ v a w ŋ͡m ˧˧
trận đánh	t͡ɕ ə n ˧˨ ʔ ʔ ɗ a j ŋ̟ ˧˦
trận đấu	t͡ɕ ə n ˧˨ ʔ ʔ ɗ ə w ˧˦
trận địa	t͡ɕ ə n ˧˨ ʔ ʔ ɗ i ə ˧˨ ʔ
trận địa pháo	t͡ɕ ə n ˧˨ ʔ ʔ ɗ i ə ˧˨ ʔ f aː w ˧˦
trập trùng	t͡ɕ ə p̚ ˧˨ ʔ t͡ɕ ʊ w ŋ͡m ˨˩
trật	t͡ɕ ə t̚ ˧˨ ʔ
trật lất	t͡ɕ ə t̚ ˧˨ ʔ l ə t̚ ˧˦
trật tự	t͡ɕ ə t̚ ˧˨ ʔ t ɨ ˧˨ ʔ
trắc	t͡ɕ a k̚ ˧˦
trắc diện	t͡ɕ a k̚ ˧˦ z i ə n ˧˨ ʔ
trắc nghiệm	t͡ɕ a k̚ ˧˦ ŋ i ə m ˧˨ ʔ
trắc trở	t͡ɕ a k̚ ˧˦ t͡ɕ əː ˧˩
trắc ẩn	t͡ɕ a k̚ ˧˦ ʔ ə n ˧˩
trắm	t͡ɕ a m ˧˦
trắng	t͡ɕ a ŋ ˧˦
trắng bệch	t͡ɕ a ŋ ˧˦ ʔ ɓ ə j k̟̚ ˧˨ ʔ
trắng bốp	t͡ɕ a ŋ ˧˦ ʔ ɓ o p̚ ˧˦
trắng dã	t͡ɕ a ŋ ˧˦ z aː ˦ˀ˥
trắng hếu	t͡ɕ a ŋ ˧˦ h e w ˧˦
trắng lốp	t͡ɕ a ŋ ˧˦ l o p̚ ˧˦
trắng muốt	t͡ɕ a ŋ ˧˦ m u ə t̚ ˧˦
trắng mịn	t͡ɕ a ŋ ˧˦ m i n ˧˨ ʔ
trắng tay	t͡ɕ a ŋ ˧˦ t a j ˧˧
trắng toát	t͡ɕ a ŋ ˧˦ t w aː t̚ ˧˦
trắng trẻo	t͡ɕ a ŋ ˧˦ t͡ɕ ɛ w ˧˩
trắng trợn	t͡ɕ a ŋ ˧˦ t͡ɕ əː n ˧˨ ʔ
trắng xoá	t͡ɕ a ŋ ˧˦ s w aː ˧˦
trắng án	t͡ɕ a ŋ ˧˦ ʔ aː n ˧˦
trằm	t͡ɕ a m ˨˩
trằn trọc	t͡ɕ a n ˨˩ t͡ɕ a w k͡p̚ ˧˨ ʔ
trặc	t͡ɕ a k̚ ˧˨ ʔ
trẹc	t͡ɕ ɛ k̚ ˧˨ ʔ
trẹo	t͡ɕ ɛ w ˧˨ ʔ
trẻ	t͡ɕ ɛ ˧˩
trẻ con	t͡ɕ ɛ ˧˩ k ɔ n ˧˧
trẻ em	t͡ɕ ɛ ˧˩ ʔ ɛ m ˧˧
trẻ măng	t͡ɕ ɛ ˧˩ m a ŋ ˧˧
trẻ sơ sinh	t͡ɕ ɛ ˧˩ s əː ˧˧ s ï ŋ ˧˧
trẻ thơ	t͡ɕ ɛ ˧˩ tʰ əː ˧˧
trẻ trung	t͡ɕ ɛ ˧˩ t͡ɕ ʊ w ŋ͡m ˧˧
trẻ trâu	t͡ɕ ɛ ˧˩ t͡ɕ ə w ˧˧
trẽn	t͡ɕ ɛ n ˦ˀ˥
trề	t͡ɕ e ˨˩
trển	t͡ɕ e n ˧˩
trễ	t͡ɕ e ˦ˀ˥
trễ tràng	t͡ɕ e ˦ˀ˥ t͡ɕ aː ŋ ˨˩
trệch	t͡ɕ ə j k̟̚ ˧˨ ʔ
trệt	t͡ɕ e t̚ ˧˨ ʔ
trỉa	t͡ɕ i ə ˧˩
trị	t͡ɕ i ˧˨ ʔ
trị an	t͡ɕ i ˧˨ ʔ ʔ aː n ˧˧
trị giá	t͡ɕ i ˧˨ ʔ z aː ˧˦
trị liệu	t͡ɕ i ˧˨ ʔ l i ə w ˧˨ ʔ
trị số	t͡ɕ i ˧˨ ʔ s o ˧˦
trị thuỷ	t͡ɕ i ˧˨ ʔ tʰ w i ˧˩
trị vì	t͡ɕ i ˧˨ ʔ v i ˨˩
trịch thượng	t͡ɕ ï k̟̚ ˧˨ ʔ tʰ ɨ ə ŋ ˧˨ ʔ
trịnh trọng	t͡ɕ ï ŋ ˧˨ ʔ t͡ɕ a w ŋ͡m ˧˨ ʔ
trọ	t͡ɕ ɔ ˧˨ ʔ
trọc	t͡ɕ a w k͡p̚ ˧˨ ʔ
trọc lốc	t͡ɕ a w k͡p̚ ˧˨ ʔ l ə w k͡p̚ ˧˦
trọc phú	t͡ɕ a w k͡p̚ ˧˨ ʔ f u ˧˦
trọi	t͡ɕ ɔ j ˧˨ ʔ
trọn	t͡ɕ ɔ n ˧˨ ʔ
trọn gói	t͡ɕ ɔ n ˧˨ ʔ ɣ ɔ j ˧˦
trọn vẹn	t͡ɕ ɔ n ˧˨ ʔ v ɛ n ˧˨ ʔ
trỏ	t͡ɕ ɔ ˧˩
trừu	t͡ɕ i w ˨˩
trừu tượng	t͡ɕ i w ˨˩ t ɨ ə ŋ ˧˨ ʔ
trừu tượng hoá	t͡ɕ i w ˨˩ t ɨ ə ŋ ˧˨ ʔ h w aː ˧˦
tu	t u ˧˧
tu chí	t u ˧˧ t͡ɕ i ˧˦
tu chính	t u ˧˧ t͡ɕ ï ŋ ˧˦
tu chính án	t u ˧˧ t͡ɕ ï ŋ ˧˦ ʔ aː n ˧˦
tu dưỡng	t u ˧˧ z ɨ ə ŋ ˦ˀ˥
tu huýt	t u ˧˧ h w i t̚ ˧˦
tu hài	t u ˧˧ h aː j ˨˩
tu hành	t u ˧˧ h a j ŋ̟ ˨˩
tu hú	t u ˧˧ h u ˧˦
tu nghiệp	t u ˧˧ ŋ i ə p̚ ˧˨ ʔ
tu sĩ	t u ˧˧ s i ˦ˀ˥
tu sức	t u ˧˧ s ɨ k̚ ˧˦
tu sửa	t u ˧˧ s ɨ ə ˧˩
tu thành chính quả	t u ˧˧ tʰ a j ŋ̟ ˨˩ t͡ɕ ï ŋ ˧˦ k w aː ˧˩
tu từ	t u ˧˧ t ɨ ˨˩
tu từ học	t u ˧˧ t ɨ ˨˩ h a w k͡p̚ ˧˨ ʔ
tu viện	t u ˧˧ v i ə n ˧˨ ʔ
tu xuất	t u ˧˧ s w ə t̚ ˧˦
tua	t u ə ˧˧
tua bin	t u ə ˧˧ ʔ ɓ i n ˧˧
tua rua	t u ə ˧˧ z u ə ˧˧
tui	t u j ˧˧
tuli	t u ˧˧ l i ˧˧
tulip	t u ˧˧ l i p̚ ˧˦
tum	t u m ˧˧
tung	t ʊ w ŋ͡m ˧˧
tung hoành	t ʊ w ŋ͡m ˧˧ h w a j ŋ̟ ˨˩
tung hô	t ʊ w ŋ͡m ˧˧ h o ˧˧
tung hứng	t ʊ w ŋ͡m ˧˧ h ɨ ŋ ˧˦
tung tích	t ʊ w ŋ͡m ˧˧ t ï k̟̚ ˧˦
tung tăng	t ʊ w ŋ͡m ˧˧ t a ŋ ˧˧
tung tẩy	t ʊ w ŋ͡m ˧˧ t ə j ˧˩
tung độ	t ʊ w ŋ͡m ˧˧ ʔ ɗ o ˧˨ ʔ
tuy	t w i ˧˧
tuy nhiên	t w i ˧˧ ɲ i ə n ˧˧
tuy rằng	t w i ˧˧ z a ŋ ˨˩
tuy thế	t w i ˧˧ tʰ e ˧˦
tuy vậy	t w i ˧˧ v ə j ˧˨ ʔ
tuyn	t w i n ˧˧
tuyên bố	t w i ə n ˧˧ ʔ ɓ o ˧˦
tuyên chiến	t w i ə n ˧˧ t͡ɕ i ə n ˧˦
tuyên cáo	t w i ə n ˧˧ k aː w ˧˦
tuyên dương	t w i ə n ˧˧ z ɨ ə ŋ ˧˧
tuyên ngôn	t w i ə n ˧˧ ŋ o n ˧˧
tuyên truyền	t w i ə n ˧˧ t͡ɕ w i ə n ˨˩
tuyên án	t w i ə n ˧˧ ʔ aː n ˧˦
tuyến	t w i ə n ˧˦
tuyến cuối	t w i ə n ˧˦ k u ə j ˧˦
tuyến lệ	t w i ə n ˧˦ l e ˧˨ ʔ
tuyến tiền liệt	t w i ə n ˧˦ t i ə n ˨˩ l i ə t̚ ˧˨ ʔ
tuyến tính	t w i ə n ˧˦ t ï ŋ ˧˦
tuyến vị	t w i ə n ˧˦ v i ˧˨ ʔ
tuyến đường	t w i ə n ˧˦ ʔ ɗ ɨ ə ŋ ˨˩
tuyến đầu	t w i ə n ˧˦ ʔ ɗ ə w ˨˩
tuyết	t w i ə t̚ ˧˦
tuyển	t w i ə n ˧˩
tuyển chọn	t w i ə n ˧˩ t͡ɕ ɔ n ˧˨ ʔ
tuyển cử	t w i ə n ˧˩ k ɨ ˧˩
tuyển dụng	t w i ə n ˧˩ z ʊ w ŋ͡m ˧˨ ʔ
tuyển mộ	t w i ə n ˧˩ m o ˧˨ ʔ
tuyển sinh	t w i ə n ˧˩ s ï ŋ ˧˧
tuyển thủ	t w i ə n ˧˩ tʰ u ˧˩
tuyển trạch	t w i ə n ˧˩ t͡ɕ a j k̟̚ ˧˨ ʔ
tuyển tập	t w i ə n ˧˩ t ə p̚ ˧˨ ʔ
tuyển đế hầu	t w i ə n ˧˩ ʔ ɗ e ˧˦ h ə w ˨˩
tuyệt	t w i ə t̚ ˧˨ ʔ
tuyệt bút	t w i ə t̚ ˧˨ ʔ ʔ ɓ u t̚ ˧˦
tuyệt chiêu	t w i ə t̚ ˧˨ ʔ t͡ɕ i ə w ˧˧
tuyệt chủng	t w i ə t̚ ˧˨ ʔ t͡ɕ ʊ w ŋ͡m ˧˩
tuyệt cú	t w i ə t̚ ˧˨ ʔ k u ˧˦
tuyệt diệu	t w i ə t̚ ˧˨ ʔ z i ə w ˧˨ ʔ
tuyệt giao	t w i ə t̚ ˧˨ ʔ z aː w ˧˧
tuyệt hảo	t w i ə t̚ ˧˨ ʔ h aː w ˧˩
tuyệt kĩ	t w i ə t̚ ˧˨ ʔ k i ˦ˀ˥
tuyệt mật	t w i ə t̚ ˧˨ ʔ m ə t̚ ˧˨ ʔ
tuyệt nhiên	t w i ə t̚ ˧˨ ʔ ɲ i ə n ˧˧
tuyệt phẩm	t w i ə t̚ ˧˨ ʔ f ə m ˧˩
tuyệt sắc	t w i ə t̚ ˧˨ ʔ s a k̚ ˧˦
tuyệt sắc giai nhân	t w i ə t̚ ˧˨ ʔ s a k̚ ˧˦ z aː j ˧˧ ɲ ə n ˧˧
tuyệt thế	t w i ə t̚ ˧˨ ʔ tʰ e ˧˦
tuyệt thực	t w i ə t̚ ˧˨ ʔ tʰ ɨ k̚ ˧˨ ʔ
tuyệt trần	t w i ə t̚ ˧˨ ʔ t͡ɕ ə n ˨˩
tuyệt tình	t w i ə t̚ ˧˨ ʔ t ï ŋ ˨˩
tuyệt vọng	t w i ə t̚ ˧˨ ʔ v a w ŋ͡m ˧˨ ʔ
tuyệt vời	t w i ə t̚ ˧˨ ʔ v əː j ˨˩
tuyệt xảo	t w i ə t̚ ˧˨ ʔ s aː w ˧˩
tuyệt đại đa số	t w i ə t̚ ˧˨ ʔ ʔ ɗ aː j ˧˨ ʔ ʔ ɗ aː ˧˧ s o ˧˦
tuyệt đối	t w i ə t̚ ˧˨ ʔ ʔ ɗ o j ˧˦
tuân	t w ə n ˧˧
tuân thủ	t w ə n ˧˧ tʰ u ˧˩
tuôn	t u ə n ˧˧
tuý quyền	t w i ˧˦ k w i ə n ˨˩
tuýp	t w i p̚ ˧˦
tuấn mã	t w ə n ˧˦ m aː ˦ˀ˥
tuần	t w ə n ˨˩
tuần báo	t w ə n ˨˩ ʔ ɓ aː w ˧˦
tuần duyên	t w ə n ˨˩ z w i ə n ˧˧
tuần dương hạm	t w ə n ˨˩ z ɨ ə ŋ ˧˧ h aː m ˧˨ ʔ
tuần hoàn	t w ə n ˨˩ h w aː n ˨˩
tuần hương	t w ə n ˨˩ h ɨ ə ŋ ˧˧
tuần lễ	t w ə n ˨˩ l e ˦ˀ˥
tuần lộc	t w ə n ˨˩ l ə w k͡p̚ ˧˨ ʔ
tuần phủ	t w ə n ˨˩ f u ˧˩
tuần san	t w ə n ˨˩ s aː n ˧˧
tuần tiễu	t w ə n ˨˩ t i ə w ˦ˀ˥
tuần tra	t w ə n ˨˩ t͡ɕ aː ˧˧
tuần trăng	t w ə n ˨˩ t͡ɕ a ŋ ˧˧
tuần tự	t w ə n ˨˩ t ɨ ˧˨ ʔ
tuẫn tiết	t w ə n ˦ˀ˥ t i ə t̚ ˧˦
tuế	t w e ˧˦
tuềnh toàng	t w ə j ŋ̟ ˨˩ t w aː ŋ ˨˩
tuốt	t u ə t̚ ˧˦
tuồng	t u ə ŋ ˨˩
tuồng mắng	t u ə ŋ ˨˩ m a ŋ ˧˦
tuổi	t u ə j ˧˩
tuổi ta	t u ə j ˧˩ t aː ˧˧
tuổi thơ	t u ə j ˧˩ tʰ əː ˧˧
tuổi thọ	t u ə j ˧˩ tʰ ɔ ˧˨ ʔ
tuổi trẻ	t u ə j ˧˩ t͡ɕ ɛ ˧˩
tuổi tác	t u ə j ˧˩ t aː k̚ ˧˦
tuổi tây	t u ə j ˧˩ t ə j ˧˧
tuổi xanh	t u ə j ˧˩ s a j ŋ̟ ˧˧
tuổi xuân	t u ə j ˧˩ s w ə n ˧˧
tuột	t u ə t̚ ˧˨ ʔ
tuỳ	t w i ˨˩
tuỳ biến	t w i ˨˩ ʔ ɓ i ə n ˧˦
tuỳ bút	t w i ˨˩ ʔ ɓ u t̚ ˧˦
tuỳ duyên	t w i ˨˩ z w i ə n ˧˧
tuỳ theo	t w i ˨˩ tʰ ɛ w ˧˧
tuỳ thời	t w i ˨˩ tʰ əː j ˨˩
tuỳ tiện	t w i ˨˩ t i ə n ˧˨ ʔ
tuỳ ý	t w i ˨˩ ʔ i ˧˦
tuỵ	t w i ˧˨ ʔ
tuỵ tạng	t w i ˧˨ ʔ t aː ŋ ˧˨ ʔ
tuỵ đạo	t w i ˧˨ ʔ ʔ ɗ aː w ˧˨ ʔ
tuỷ	t w i ˧˩
tuỷ sống	t w i ˧˩ s ə w ŋ͡m ˧˦
tuỷ xương	t w i ˧˩ s ɨ ə ŋ ˧˧
tà	t aː ˨˩
tà dâm	t aː ˨˩ z ə m ˧˧
tà dương	t aː ˨˩ z ɨ ə ŋ ˧˧
tà giáo	t aː ˨˩ z aː w ˧˦
tà ma	t aː ˨˩ m aː ˧˧
tà phái	t aː ˨˩ f aː j ˧˦
tà thuật	t aː ˨˩ tʰ w ə t̚ ˧˨ ʔ
tà tà	t aː ˨˩ t aː ˨˩
tà đạo	t aː ˨˩ ʔ ɗ aː w ˧˨ ʔ
tài	t aː j ˨˩
tài ba	t aː j ˨˩ ʔ ɓ aː ˧˧
tài binh	t aː j ˨˩ ʔ ɓ ï ŋ ˧˧
tài chính	t aː j ˨˩ t͡ɕ ï ŋ ˧˦
tài chính hoá	t aː j ˨˩ t͡ɕ ï ŋ ˧˦ h w aː ˧˦
tài chế	t aː j ˨˩ t͡ɕ e ˧˦
tài cán	t aː j ˨˩ k aː n ˧˦
tài giỏi	t aː j ˨˩ z ɔ j ˧˩
tài hoa	t aː j ˨˩ h w aː ˧˧
tài khoản	t aː j ˨˩ x w aː n ˧˩
tài liệu	t aː j ˨˩ l i ə w ˧˨ ʔ
tài lẻ	t aː j ˨˩ l ɛ ˧˩
tài lộc	t aː j ˨˩ l ə w k͡p̚ ˧˨ ʔ
tài lực	t aː j ˨˩ l ɨ k̚ ˧˨ ʔ
tài nguyên	t aː j ˨˩ ŋ w i ə n ˧˧
tài năng	t aː j ˨˩ n a ŋ ˧˧
tài phiệt	t aː j ˨˩ f i ə t̚ ˧˨ ʔ
tài phán	t aː j ˨˩ f aː n ˧˦
tài sản	t aː j ˨˩ s aː n ˧˩
tài sắc	t aː j ˨˩ s a k̚ ˧˦
tài trí	t aː j ˨˩ t͡ɕ i ˧˦
tài trợ	t aː j ˨˩ t͡ɕ əː ˧˨ ʔ
tài tình	t aː j ˨˩ t ï ŋ ˨˩
tài tử	t aː j ˨˩ t ɨ ˧˩
tài xế	t aː j ˨˩ s e ˧˦
tài đức	t aː j ˨˩ ʔ ɗ ɨ k̚ ˧˦
tàm tạm	t aː m ˨˩ t aː m ˧˨ ʔ
tàn	t aː n ˨˩
tàn bạo	t aː n ˨˩ ʔ ɓ aː w ˧˨ ʔ
tàn canh gió lạnh	t aː n ˨˩ k a j ŋ̟ ˧˧ z ɔ ˧˦ l a j ŋ̟ ˧˨ ʔ
tàn cuộc	t aː n ˨˩ k u ə k̚ ˧˨ ʔ
tàn dư	t aː n ˨˩ z ɨ ˧˧
tàn hại	t aː n ˨˩ h aː j ˧˨ ʔ
tàn khốc	t aː n ˨˩ x ə w k͡p̚ ˧˦
tàn nhang	t aː n ˨˩ ɲ aː ŋ ˧˧
tàn nhưng không phế	t aː n ˨˩ ɲ ɨ ŋ ˧˧ x ə w ŋ͡m ˧˧ f e ˧˦
tàn nhẫn	t aː n ˨˩ ɲ ə n ˦ˀ˥
tàn phá	t aː n ˨˩ f aː ˧˦
tàn phế	t aː n ˨˩ f e ˧˦
tàn quân	t aː n ˨˩ k w ə n ˧˧
tàn sát	t aː n ˨˩ s aː t̚ ˧˦
tàn tật	t aː n ˨˩ t ə t̚ ˧˨ ʔ
tàn tệ	t aː n ˨˩ t e ˧˨ ʔ
tàn ác	t aː n ˨˩ ʔ aː k̚ ˧˦
tàng	t aː ŋ ˨˩
tàng hình	t aː ŋ ˨˩ h ï ŋ ˨˩
tàng trữ	t aː ŋ ˨˩ t͡ɕ ɨ ˦ˀ˥
tào lao	t aː w ˨˩ l aː w ˧˧
tào phớ	t aː w ˨˩ f əː ˧˦
tàu	t a w ˨˩
tàu bay	t a w ˨˩ ʔ ɓ a j ˧˧
tàu bè	t a w ˨˩ ʔ ɓ ɛ ˨˩
tàu chiến	t a w ˨˩ t͡ɕ i ə n ˧˦
tàu chợ	t a w ˨˩ t͡ɕ əː ˧˨ ʔ
tàu cánh ngầm	t a w ˨˩ k a j ŋ̟ ˧˦ ŋ ə m ˨˩
tàu du lịch	t a w ˨˩ z u ˧˧ l ï k̟̚ ˧˨ ʔ
tàu hoả	t a w ˨˩ h w aː ˧˩
tàu hủ	t a w ˨˩ h u ˧˩
tàu hủ ki	t a w ˨˩ h u ˧˩ k i ˧˧
tàu lượn	t a w ˨˩ l ɨ ə n ˧˨ ʔ
tàu lượn siêu tốc	t a w ˨˩ l ɨ ə n ˧˨ ʔ s i ə w ˧˧ t ə w k͡p̚ ˧˦
tàu lửa	t a w ˨˩ l ɨ ə ˧˩
tàu ngầm	t a w ˨˩ ŋ ə m ˨˩
tàu sân bay	t a w ˨˩ s ə n ˧˧ ʔ ɓ a j ˧˧
tàu thuyền	t a w ˨˩ tʰ w i ə n ˨˩
tàu thuỷ	t a w ˨˩ tʰ w i ˧˩
tàu tuần dương	t a w ˨˩ t w ə n ˨˩ z ɨ ə ŋ ˧˧
tàu vũ trụ	t a w ˨˩ v u ˦ˀ˥ t͡ɕ u ˧˨ ʔ
tàu ô	t a w ˨˩ ʔ o ˧˧
tàu điện	t a w ˨˩ ʔ ɗ i ə n ˧˨ ʔ
tàu điện ngầm	t a w ˨˩ ʔ ɗ i ə n ˧˨ ʔ ŋ ə m ˨˩
tày	t a j ˨˩
tày trời	t a j ˨˩ t͡ɕ əː j ˨˩
tày đình	t a j ˨˩ ʔ ɗ ï ŋ ˨˩
tá	t aː ˧˦
tá hoả	t aː ˧˦ h w aː ˧˩
tá tràng	t aː ˧˦ t͡ɕ aː ŋ ˨˩
tá túc	t aː ˧˦ t ʊ w k͡p̚ ˧˦
tác	t aː k̚ ˧˦
tác chiến	t aː k̚ ˧˦ t͡ɕ i ə n ˧˦
tác dụng	t aː k̚ ˧˦ z ʊ w ŋ͡m ˧˨ ʔ
tác gia	t aː k̚ ˧˦ z aː ˧˧
tác giả	t aː k̚ ˧˦ z aː ˧˩
tác hại	t aː k̚ ˧˦ h aː j ˧˨ ʔ
tác hợp	t aː k̚ ˧˦ h əː p̚ ˧˨ ʔ
tác nghiệp	t aː k̚ ˧˦ ŋ i ə p̚ ˧˨ ʔ
tác nhân	t aː k̚ ˧˦ ɲ ə n ˧˧
tác phong	t aː k̚ ˧˦ f a w ŋ͡m ˧˧
tác phẩm	t aː k̚ ˧˦ f ə m ˧˩
tác thành	t aː k̚ ˧˦ tʰ a j ŋ̟ ˨˩
tác tử	t aː k̚ ˧˦ t ɨ ˧˩
tác vụ	t aː k̚ ˧˦ v u ˧˨ ʔ
tác động	t aː k̚ ˧˦ ʔ ɗ ə w ŋ͡m ˧˨ ʔ
tác động vật lí	t aː k̚ ˧˦ ʔ ɗ ə w ŋ͡m ˧˨ ʔ v ə t̚ ˧˨ ʔ l i ˧˦
tách	t a j k̟̚ ˧˦
tách bạch	t a j k̟̚ ˧˦ ʔ ɓ a j k̟̚ ˧˨ ʔ
tách rời	t a j k̟̚ ˧˦ z əː j ˨˩
tái	t aː j ˧˦
tái bản	t aː j ˧˦ ʔ ɓ aː n ˧˩
tái chế	t aː j ˧˦ t͡ɕ e ˧˦
tái cử	t aː j ˧˦ k ɨ ˧˩
tái diễn	t aː j ˧˦ z i ə n ˦ˀ˥
tái giá	t aː j ˧˦ z aː ˧˦
tái hiện	t aː j ˧˦ h i ə n ˧˨ ʔ
tái hợp	t aː j ˧˦ h əː p̚ ˧˨ ʔ
tái lập	t aː j ˧˦ l ə p̚ ˧˨ ʔ
tái ngộ	t aː j ˧˦ ŋ o ˧˨ ʔ
tái sinh	t aː j ˧˦ s ï ŋ ˧˧
tái sản xuất	t aː j ˧˦ s aː n ˧˩ s w ə t̚ ˧˦
tái thiết	t aː j ˧˦ tʰ i ə t̚ ˧˦
tái thẩm	t aː j ˧˦ tʰ ə m ˧˩
tái tạo	t aː j ˧˦ t aː w ˧˨ ʔ
tái xuất	t aː j ˧˦ s w ə t̚ ˧˦
tám	t aː m ˧˦
tám hoánh	t aː m ˧˦ h w a j ŋ̟ ˧˦
tám kiếp	t aː m ˧˦ k i ə p̚ ˧˦
tám đời vương	t aː m ˧˦ ʔ ɗ əː j ˨˩ v ɨ ə ŋ ˧˧
tán	t aː n ˧˦
tán dương	t aː n ˧˦ z ɨ ə ŋ ˧˧
tán gẫu	t aː n ˧˦ ɣ ə w ˦ˀ˥
tán hươu tán vượn	t aː n ˧˦ h i ə w ˧˧ t aː n ˧˦ v ɨ ə n ˧˨ ʔ
tán loạn	t aː n ˧˦ l w aː n ˧˨ ʔ
tán thành	t aː n ˧˦ tʰ a j ŋ̟ ˨˩
tán thán	t aː n ˧˦ tʰ aː n ˧˦
tán thưởng	t aː n ˧˦ tʰ ɨ ə ŋ ˧˩
tán thủ	t aː n ˧˦ tʰ u ˧˩
tán tỉnh	t aː n ˧˦ t ï ŋ ˧˩
tán tụng	t aː n ˧˦ t ʊ w ŋ͡m ˧˨ ʔ
tán đả	t aː n ˧˦ ʔ ɗ aː ˧˩
tán đồng	t aː n ˧˦ ʔ ɗ ə w ŋ͡m ˨˩
táng	t aː ŋ ˧˦
táng tận lương tâm	t aː ŋ ˧˦ t ə n ˧˨ ʔ l ɨ ə ŋ ˧˧ t ə m ˧˧
tánh	t a j ŋ̟ ˧˦
táo	t aː w ˧˦
táo bón	t aː w ˧˦ ʔ ɓ ɔ n ˧˦
táo bạo	t aː w ˧˦ ʔ ɓ aː w ˧˨ ʔ
táo mèo	t aː w ˧˦ m ɛ w ˨˩
táo ta	t aː w ˧˦ t aː ˧˧
táo tàu	t aː w ˧˦ t a w ˨˩
táo tây	t aː w ˧˦ t ə j ˧˧
táp	t aː p̚ ˧˦
táp lô	t aː p̚ ˧˦ l o ˧˧
táp đờ luy	t aː p̚ ˧˦ ʔ ɗ əː ˨˩ l w i ˧˧
tát	t aː t̚ ˧˦
táu	t a w ˧˦
táy máy	t a j ˧˦ m a j ˧˦
tâm	t ə m ˧˧
tâm bệnh học	t ə m ˧˧ ʔ ɓ ə j ŋ̟ ˧˨ ʔ h a w k͡p̚ ˧˨ ʔ
tâm can	t ə m ˧˧ k aː n ˧˧
tâm cao khí ngạo	t ə m ˧˧ k aː w ˧˧ x i ˧˦ ŋ aː w ˧˨ ʔ
tâm chí	t ə m ˧˧ t͡ɕ i ˧˦
tâm huyết	t ə m ˧˧ h w i ə t̚ ˧˦
tâm hồn	t ə m ˧˧ h o n ˨˩
tâm khảm	t ə m ˧˧ x aː m ˧˩
tâm linh	t ə m ˧˧ l ï ŋ ˧˧
tâm lí	t ə m ˧˧ l i ˧˦
tâm lí học	t ə m ˧˧ l i ˧˦ h a w k͡p̚ ˧˨ ʔ
tâm lực	t ə m ˧˧ l ɨ k̚ ˧˨ ʔ
tâm nguyện	t ə m ˧˧ ŋ w i ə n ˧˨ ʔ
tâm nhĩ	t ə m ˧˧ ɲ i ˦ˀ˥
tâm niệm	t ə m ˧˧ n i ə m ˧˨ ʔ
tâm phục	t ə m ˧˧ f ʊ w k͡p̚ ˧˨ ʔ
tâm phục khẩu phục	t ə m ˧˧ f ʊ w k͡p̚ ˧˨ ʔ x ə w ˧˩ f ʊ w k͡p̚ ˧˨ ʔ
tâm sinh lí	t ə m ˧˧ s ï ŋ ˧˧ l i ˧˦
tâm sức	t ə m ˧˧ s ɨ k̚ ˧˦
tâm sự	t ə m ˧˧ s ɨ ˧˨ ʔ
tâm thu	t ə m ˧˧ tʰ u ˧˧
tâm thất	t ə m ˧˧ tʰ ə t̚ ˧˦
tâm thần	t ə m ˧˧ tʰ ə n ˨˩
tâm thần phân liệt	t ə m ˧˧ tʰ ə n ˨˩ f ə n ˧˧ l i ə t̚ ˧˨ ʔ
tâm thế	t ə m ˧˧ tʰ e ˧˦
tâm thức	t ə m ˧˧ tʰ ɨ k̚ ˧˦
tâm truyền	t ə m ˧˧ t͡ɕ w i ə n ˨˩
tâm trí	t ə m ˧˧ t͡ɕ i ˧˦
tâm trương	t ə m ˧˧ t͡ɕ ɨ ə ŋ ˧˧
tâm trạng	t ə m ˧˧ t͡ɕ aː ŋ ˧˨ ʔ
tâm tình	t ə m ˧˧ t ï ŋ ˨˩
tâm tính	t ə m ˧˧ t ï ŋ ˧˦
tâm tư	t ə m ˧˧ t ɨ ˧˧
tâm điểm	t ə m ˧˧ ʔ ɗ i ə m ˧˩
tâm đắc	t ə m ˧˧ ʔ ɗ a k̚ ˧˦
tâm địa	t ə m ˧˧ ʔ ɗ i ə ˧˨ ʔ
tã	t aː ˦ˀ˥
tãi	t aː j ˦ˀ˥
tém	t ɛ m ˧˦
tí	t i ˧˦
tót	t ɔ t̚ ˧˦
tô	t o ˧˧
tôm	t o m ˧˧
tôm càng xanh	t o m ˧˧ k aː ŋ ˨˩ s a j ŋ̟ ˧˧
tôm he	t o m ˧˧ h ɛ ˧˧
tôm hùm	t o m ˧˧ h u m ˨˩
tôm sú	t o m ˧˧ s u ˧˦
tôm tít	t o m ˧˧ t i t̚ ˧˦
tôn	t o n ˧˧
tôn chỉ	t o n ˧˧ t͡ɕ i ˧˩
tôn giáo	t o n ˧˧ z aː w ˧˦
tôn giáo học	t o n ˧˧ z aː w ˧˦ h a w k͡p̚ ˧˨ ʔ
tôn hiệu	t o n ˧˧ h i ə w ˧˨ ʔ
tôn kính	t o n ˧˧ k ï ŋ ˧˦
tôn quý	t o n ˧˧ k w i ˧˦
tôn sùng	t o n ˧˧ s ʊ w ŋ͡m ˨˩
tôn thờ	t o n ˧˧ tʰ əː ˨˩
tôn ti trật tự	t o n ˧˧ t i ˧˧ t͡ɕ ə t̚ ˧˨ ʔ t ɨ ˧˨ ʔ
tôn trọng	t o n ˧˧ t͡ɕ a w ŋ͡m ˧˨ ʔ
tôn vinh	t o n ˧˧ v ï ŋ ˧˧
tôn xưng	t o n ˧˧ s ɨ ŋ ˧˧
tông	t ə w ŋ͡m ˧˧
tông hiến	t ə w ŋ͡m ˧˧ h i ə n ˧˦
tông huấn	t ə w ŋ͡m ˧˧ h w ə n ˧˦
tông miếu	t ə w ŋ͡m ˧˧ m i ə w ˧˦
tông sắc	t ə w ŋ͡m ˧˧ s a k̚ ˧˦
tông thư	t ə w ŋ͡m ˧˧ tʰ ɨ ˧˧
tông đồ	t ə w ŋ͡m ˧˧ ʔ ɗ o ˨˩
tù	t u ˨˩
tù binh	t u ˨˩ ʔ ɓ ï ŋ ˧˧
tù mù	t u ˨˩ m u ˨˩
tù nhân	t u ˨˩ ɲ ə n ˧˧
tù nhân lương tâm	t u ˨˩ ɲ ə n ˧˧ l ɨ ə ŋ ˧˧ t ə m ˧˧
tù trưởng	t u ˨˩ t͡ɕ ɨ ə ŋ ˧˩
tù và	t u ˨˩ v aː ˨˩
tùm lum	t u m ˨˩ l u m ˧˧
tùm lum tà la	t u m ˨˩ l u m ˧˧ t aː ˨˩ l aː ˧˧
tùng	t ʊ w ŋ͡m ˨˩
tùng cúc	t ʊ w ŋ͡m ˨˩ k ʊ w k͡p̚ ˧˦
tùng cúc trúc mai	t ʊ w ŋ͡m ˨˩ k ʊ w k͡p̚ ˧˦ t͡ɕ ʊ w k͡p̚ ˧˦ m aː j ˧˧
tùng xẻo	t ʊ w ŋ͡m ˨˩ s ɛ w ˧˩
tú	t u ˧˦
tú bà	t u ˧˦ ʔ ɓ aː ˨˩
tú cầu	t u ˧˦ k ə w ˨˩
tú lơ khơ	t u ˧˦ l əː ˧˧ x əː ˧˧
tú tài	t u ˧˦ t aː j ˨˩
túa	t u ə ˧˦
túc	t ʊ w k͡p̚ ˧˦
túc cầu	t ʊ w k͡p̚ ˧˦ k ə w ˨˩
túc nho	t ʊ w k͡p̚ ˧˦ ɲ ɔ ˧˧
túc trái tiền oan	t ʊ w k͡p̚ ˧˦ t͡ɕ aː j ˧˦ t i ə n ˨˩ ʔ w aː n ˧˧
túc trực	t ʊ w k͡p̚ ˧˦ t͡ɕ ɨ k̚ ˧˨ ʔ
túc tắc	t ʊ w k͡p̚ ˧˦ t a k̚ ˧˦
túc từ	t ʊ w k͡p̚ ˧˦ t ɨ ˨˩
túi	t u j ˧˦
túi bóng	t u j ˧˦ ʔ ɓ a w ŋ͡m ˧˦
túi mật	t u j ˧˦ m ə t̚ ˧˨ ʔ
túi ngủ	t u j ˧˦ ŋ u ˧˩
túi ngực	t u j ˧˦ ŋ ɨ k̚ ˧˨ ʔ
túi nôn	t u j ˧˦ n o n ˧˧
túi tiết	t u j ˧˦ t i ə t̚ ˧˦
túi tiền	t u j ˧˦ t i ə n ˨˩
túi xách	t u j ˧˦ s a j k̟̚ ˧˦
túm	t u m ˧˦
túm năm tụm ba	t u m ˧˦ n a m ˧˧ t u m ˧˨ ʔ ʔ ɓ aː ˧˧
túm tụm	t u m ˧˦ t u m ˧˨ ʔ
túng	t ʊ w ŋ͡m ˧˦
túng thiếu	t ʊ w ŋ͡m ˧˦ tʰ i ə w ˧˦
túp	t u p̚ ˧˦
tút	t u t̚ ˧˦
tý	t i ˧˦
tăm	t a m ˧˧
tăm hơi	t a m ˧˧ h əː j ˧˧
tăm tối	t a m ˧˧ t o j ˧˦
tăm xỉa răng	t a m ˧˧ s i ə ˧˩ z a ŋ ˧˧
tăng	t a ŋ ˧˧
tăng cường	t a ŋ ˧˧ k ɨ ə ŋ ˨˩
tăng gia	t a ŋ ˧˧ z aː ˧˧
tăng già	t a ŋ ˧˧ z aː ˨˩
tăng giá	t a ŋ ˧˧ z aː ˧˦
tăng ni	t a ŋ ˧˧ n i ˧˧
tăng sản	t a ŋ ˧˧ s aː n ˧˩
tăng trưởng	t a ŋ ˧˧ t͡ɕ ɨ ə ŋ ˧˩
tăng trưởng kinh tế	t a ŋ ˧˧ t͡ɕ ɨ ə ŋ ˧˩ k ï ŋ ˧˧ t e ˧˦
tăng trọng	t a ŋ ˧˧ t͡ɕ a w ŋ͡m ˧˨ ʔ
tăng tốc	t a ŋ ˧˧ t ə w k͡p̚ ˧˦
tăng viện	t a ŋ ˧˧ v i ə n ˧˨ ʔ
tăng xông	t a ŋ ˧˧ s ə w ŋ͡m ˧˧
tăng đoàn	t a ŋ ˧˧ ʔ ɗ w aː n ˨˩
tăng động	t a ŋ ˧˧ ʔ ɗ ə w ŋ͡m ˧˨ ʔ
tơ	t əː ˧˧
tơ cơ	t əː ˧˧ k əː ˧˧
tơ lụa	t əː ˧˧ l u ə ˧˨ ʔ
tơ tưởng	t əː ˧˧ t ɨ ə ŋ ˧˩
tơi	t əː j ˧˧
tơi bời	t əː j ˧˧ ʔ ɓ əː j ˨˩
tư	t ɨ ˧˧
tư biện	t ɨ ˧˧ ʔ ɓ i ə n ˧˨ ʔ
tư bản	t ɨ ˧˧ ʔ ɓ aː n ˧˩
tư bản bất biến	t ɨ ˧˧ ʔ ɓ aː n ˧˩ ʔ ɓ ə t̚ ˧˦ ʔ ɓ i ə n ˧˦
tư bản chủ nghĩa	t ɨ ˧˧ ʔ ɓ aː n ˧˩ t͡ɕ u ˧˩ ŋ i ə ˦ˀ˥
tư bản cố định	t ɨ ˧˧ ʔ ɓ aː n ˧˩ k o ˧˦ ʔ ɗ ï ŋ ˧˨ ʔ
tư bản khả biến	t ɨ ˧˧ ʔ ɓ aː n ˧˩ x aː ˧˩ ʔ ɓ i ə n ˧˦
tư bản lưu động	t ɨ ˧˧ ʔ ɓ aː n ˧˩ l i w ˧˧ ʔ ɗ ə w ŋ͡m ˧˨ ʔ
tư chất	t ɨ ˧˧ t͡ɕ ə t̚ ˧˦
tư cách	t ɨ ˧˧ k a j k̟̚ ˧˦
tư duy	t ɨ ˧˧ z w i ˧˧
tư duy phản biện	t ɨ ˧˧ z w i ˧˧ f aː n ˧˩ ʔ ɓ i ə n ˧˨ ʔ
tư dục	t ɨ ˧˧ z ʊ w k͡p̚ ˧˨ ʔ
tư liệu	t ɨ ˧˧ l i ə w ˧˨ ʔ
tư liệu sản xuất	t ɨ ˧˧ l i ə w ˧˨ ʔ s aː n ˧˩ s w ə t̚ ˧˦
tư lệnh	t ɨ ˧˧ l ə j ŋ̟ ˧˨ ʔ
tư lợi	t ɨ ˧˧ l əː j ˧˨ ʔ
tư lự	t ɨ ˧˧ l ɨ ˧˨ ʔ
tư nhân	t ɨ ˧˧ ɲ ə n ˧˧
tư nhân hoá	t ɨ ˧˧ ɲ ə n ˧˧ h w aː ˧˦
tư pháp	t ɨ ˧˧ f aː p̚ ˧˦
tư sản	t ɨ ˧˧ s aː n ˧˩
tư thông	t ɨ ˧˧ tʰ ə w ŋ͡m ˧˧
tư thế	t ɨ ˧˧ tʰ e ˧˦
tư thục	t ɨ ˧˧ tʰ ʊ w k͡p̚ ˧˨ ʔ
tư tưởng	t ɨ ˧˧ t ɨ ə ŋ ˧˩
tư vấn	t ɨ ˧˧ v ə n ˧˦
tương hỗ	t ɨ ə ŋ ˧˧ h o ˦ˀ˥
tương khắc	t ɨ ə ŋ ˧˧ x a k̚ ˧˦
tương kị	t ɨ ə ŋ ˧˧ k i ˧˨ ʔ
tương lai	t ɨ ə ŋ ˧˧ l aː j ˧˧
tương phản	t ɨ ə ŋ ˧˧ f aː n ˧˩
tương quan	t ɨ ə ŋ ˧˧ k w aː n ˧˧
tương sinh	t ɨ ə ŋ ˧˧ s ï ŋ ˧˧
tương thân tương ái	t ɨ ə ŋ ˧˧ tʰ ə n ˧˧ t ɨ ə ŋ ˧˧ ʔ aː j ˧˦
tương thích	t ɨ ə ŋ ˧˧ tʰ ï k̟̚ ˧˦
tương truyền	t ɨ ə ŋ ˧˧ t͡ɕ w i ə n ˨˩
tương trợ	t ɨ ə ŋ ˧˧ t͡ɕ əː ˧˨ ʔ
tương tàn	t ɨ ə ŋ ˧˧ t aː n ˨˩
tương tác	t ɨ ə ŋ ˧˧ t aː k̚ ˧˦
tương tư	t ɨ ə ŋ ˧˧ t ɨ ˧˧
tương tự	t ɨ ə ŋ ˧˧ t ɨ ˧˨ ʔ
tương xứng	t ɨ ə ŋ ˧˧ s ɨ ŋ ˧˦
tương đương	t ɨ ə ŋ ˧˧ ʔ ɗ ɨ ə ŋ ˧˧
tương đối	t ɨ ə ŋ ˧˧ ʔ ɗ o j ˧˦
tương đồng	t ɨ ə ŋ ˧˧ ʔ ɗ ə w ŋ͡m ˨˩
tương ớt	t ɨ ə ŋ ˧˧ ʔ əː t̚ ˧˦
tương ứng	t ɨ ə ŋ ˧˧ ʔ ɨ ŋ ˧˦
tướng	t ɨ ə ŋ ˧˦
tướng lĩnh	t ɨ ə ŋ ˧˦ l ï ŋ ˦ˀ˥
tướng mạo	t ɨ ə ŋ ˧˦ m aː w ˧˨ ʔ
tướng quân	t ɨ ə ŋ ˧˦ k w ə n ˧˧
tường	t ɨ ə ŋ ˨˩
tường lửa	t ɨ ə ŋ ˨˩ l ɨ ə ˧˩
tường minh	t ɨ ə ŋ ˨˩ m ï ŋ ˧˧
tường thuật	t ɨ ə ŋ ˨˩ tʰ w ə t̚ ˧˨ ʔ
tường trình	t ɨ ə ŋ ˨˩ t͡ɕ ï ŋ ˨˩
tường tận	t ɨ ə ŋ ˨˩ t ə n ˧˨ ʔ
tường vi	t ɨ ə ŋ ˨˩ v i ˧˧
tườu	t i ə w ˨˩
tưởng	t ɨ ə ŋ ˧˩
tưởng bở	t ɨ ə ŋ ˧˩ ʔ ɓ əː ˧˩
tưởng nhớ	t ɨ ə ŋ ˧˩ ɲ əː ˧˦
tưởng niệm	t ɨ ə ŋ ˧˩ n i ə m ˧˨ ʔ
tưởng thưởng	t ɨ ə ŋ ˧˩ tʰ ɨ ə ŋ ˧˩
tưởng tượng	t ɨ ə ŋ ˧˩ t ɨ ə ŋ ˧˨ ʔ
tượng	t ɨ ə ŋ ˧˨ ʔ
tượng Nữ thần Tự do	t ɨ ə ŋ ˧˨ ʔ n ɨ ˦ˀ˥ tʰ ə n ˨˩ t ɨ ˧˨ ʔ z ɔ ˧˧
tượng hình	t ɨ ə ŋ ˧˨ ʔ h ï ŋ ˨˩
tượng thanh	t ɨ ə ŋ ˧˨ ʔ tʰ a j ŋ̟ ˧˧
tượng trưng	t ɨ ə ŋ ˧˨ ʔ t͡ɕ ɨ ŋ ˧˧
tượng đài	t ɨ ə ŋ ˧˨ ʔ ʔ ɗ aː j ˨˩
tạ	t aː ˧˨ ʔ
tạ lỗi	t aː ˧˨ ʔ l o j ˦ˀ˥
tạ thế	t aː ˧˨ ʔ tʰ e ˧˦
tạ từ	t aː ˧˨ ʔ t ɨ ˨˩
tạ ơn	t aː ˧˨ ʔ ʔ əː n ˧˧
tạc	t aː k̚ ˧˨ ʔ
tạc đạn	t aː k̚ ˧˨ ʔ ʔ ɗ aː n ˧˨ ʔ
tạch	t a j k̟̚ ˧˨ ʔ
tại	t aː j ˧˨ ʔ
tại chỗ	t aː j ˧˨ ʔ t͡ɕ o ˦ˀ˥
tại chức	t aː j ˧˨ ʔ t͡ɕ ɨ k̚ ˧˦
tại gia	t aː j ˧˨ ʔ z aː ˧˧
tại hạ	t aː j ˧˨ ʔ h aː ˧˨ ʔ
tại ngoại	t aː j ˧˨ ʔ ŋ w aː j ˧˨ ʔ
tại ngoại hậu cứu	t aː j ˧˨ ʔ ŋ w aː j ˧˨ ʔ h ə w ˧˨ ʔ k i w ˧˦
tại sao	t aː j ˧˨ ʔ s aː w ˧˧
tại vì	t aː j ˧˨ ʔ v i ˨˩
tại vị	t aː j ˧˨ ʔ v i ˧˨ ʔ
tạm	t aː m ˧˨ ʔ
tạm biệt	t aː m ˧˨ ʔ ʔ ɓ i ə t̚ ˧˨ ʔ
tạm bợ	t aː m ˧˨ ʔ ʔ ɓ əː ˧˨ ʔ
tạm dịch	t aː m ˧˨ ʔ z ï k̟̚ ˧˨ ʔ
tạm thời	t aː m ˧˨ ʔ tʰ əː j ˨˩
tạm trú	t aː m ˧˨ ʔ t͡ɕ u ˧˦
tạm ứng	t aː m ˧˨ ʔ ʔ ɨ ŋ ˧˦
tạng	t aː ŋ ˧˨ ʔ
tạnh	t a j ŋ̟ ˧˨ ʔ
tạo	t aː w ˧˨ ʔ
tạo dựng	t aː w ˧˨ ʔ z ɨ ŋ ˧˨ ʔ
tạo hoá	t aː w ˧˨ ʔ h w aː ˧˦
tạo hình	t aː w ˧˨ ʔ h ï ŋ ˨˩
tạo lập	t aː w ˧˨ ʔ l ə p̚ ˧˨ ʔ
tạo nên	t aː w ˧˨ ʔ n e n ˧˧
tạo phản	t aː w ˧˨ ʔ f aː n ˧˩
tạo thành	t aː w ˧˨ ʔ tʰ a j ŋ̟ ˨˩
tạo vật	t aː w ˧˨ ʔ v ə t̚ ˧˨ ʔ
tạp	t aː p̚ ˧˨ ʔ
tạp chí	t aː p̚ ˧˨ ʔ t͡ɕ i ˧˦
tạp chủng	t aː p̚ ˧˨ ʔ t͡ɕ ʊ w ŋ͡m ˧˩
tạp dề	t aː p̚ ˧˨ ʔ z e ˨˩
tạp hoá	t aː p̚ ˧˨ ʔ h w aː ˧˦
tạp kĩ	t aː p̚ ˧˨ ʔ k i ˦ˀ˥
tạp nham	t aː p̚ ˧˨ ʔ ɲ aː m ˧˧
tạp phẩm	t aː p̚ ˧˨ ʔ f ə m ˧˩
tạp pín lù	t aː p̚ ˧˨ ʔ p i n ˧˦ l u ˨˩
tạp trở	t aː p̚ ˧˨ ʔ t͡ɕ əː ˧˩
tạp vụ	t aː p̚ ˧˨ ʔ v u ˧˨ ʔ
tạp âm	t aː p̚ ˧˨ ʔ ʔ ə m ˧˧
tạt	t aː t̚ ˧˨ ʔ
tả	t aː ˧˩
tả chân	t aː ˧˩ t͡ɕ ə n ˧˧
tả khuynh	t aː ˧˩ x w ï ŋ̟ ˧˧
tả ngạn	t aː ˧˩ ŋ aː n ˧˨ ʔ
tả phái	t aː ˧˩ f aː j ˧˦
tả pín lù	t aː ˧˩ p i n ˧˦ l u ˨˩
tả tơi	t aː ˧˩ t əː j ˧˧
tải	t aː j ˧˩
tải lên	t aː j ˧˩ l e n ˧˧
tải trọng	t aː j ˧˩ t͡ɕ a w ŋ͡m ˧˨ ʔ
tải xuống	t aː j ˧˩ s u ə ŋ ˧˦
tản	t aː n ˧˩
tản bộ	t aː n ˧˩ ʔ ɓ o ˧˨ ʔ
tản mát	t aː n ˧˩ m aː t̚ ˧˦
tản mạn	t aː n ˧˩ m aː n ˧˨ ʔ
tản văn	t aː n ˧˩ v a n ˧˧
tảng	t aː ŋ ˧˩
tảng lờ	t aː ŋ ˧˩ l əː ˨˩
tảng sáng	t aː ŋ ˧˩ s aː ŋ ˧˦
tảo	t aː w ˧˩
tảo hôn	t aː w ˧˩ h o n ˧˧
tảo mộ	t aː w ˧˩ m o ˧˨ ʔ
tảo tần	t aː w ˧˩ t ə n ˨˩
tấc	t ə k̚ ˧˦
tấc đất tấc vàng	t ə k̚ ˧˦ ʔ ɗ ə t̚ ˧˦ t ə k̚ ˧˦ v aː ŋ ˨˩
tầm	t ə m ˨˩
tầm bậy	t ə m ˨˩ ʔ ɓ ə j ˧˨ ʔ
tầm gửi	t ə m ˨˩ ɣ ɨ j ˧˩
tầm khảo	t ə m ˨˩ x aː w ˧˩
tầm ma	t ə m ˨˩ m aː ˧˧
tầm mắt	t ə m ˨˩ m a t̚ ˧˦
tắc	t a k̚ ˧˦
tắc kè	t a k̚ ˧˦ k ɛ ˨˩
tắc kè hoa	t a k̚ ˧˦ k ɛ ˨˩ h w aː ˧˧
tắc nghẽn	t a k̚ ˧˦ ŋ ɛ n ˦ˀ˥
tắc te	t a k̚ ˧˦ t ɛ ˧˧
tắc trách	t a k̚ ˧˦ t͡ɕ a j k̟̚ ˧˦
tắc tị	t a k̚ ˧˦ t i ˧˨ ʔ
tắc xi	t a k̚ ˧˦ s i ˧˧
tắc đường	t a k̚ ˧˦ ʔ ɗ ɨ ə ŋ ˨˩
tắm	t a m ˧˦
tắm rửa	t a m ˧˦ z ɨ ə ˧˩
tắp	t a p̚ ˧˦
tắt	t a t̚ ˧˦
tắt điện	t a t̚ ˧˦ ʔ ɗ i ə n ˧˨ ʔ
tằm	t a m ˨˩
tằn tiện	t a n ˨˩ t i ə n ˧˨ ʔ
tằng hắng	t a ŋ ˨˩ h a ŋ ˧˦
tằng tịu	t a ŋ ˨˩ t i w ˧˨ ʔ
tặc	t a k̚ ˧˨ ʔ
tặng	t a ŋ ˧˨ ʔ
tết nhất	t e t̚ ˧˦ ɲ ə t̚ ˧˦
tếu	t e w ˧˦
tốn	t o n ˧˦
tốn kém	t o n ˧˦ k ɛ m ˧˦
tống	t ə w ŋ͡m ˧˦
tống khứ	t ə w ŋ͡m ˧˦ x ɨ ˧˦
tống tiền	t ə w ŋ͡m ˧˦ t i ə n ˨˩
tốp	t o p̚ ˧˦
tốt	t o t̚ ˧˦
tốt bụng	t o t̚ ˧˦ ʔ ɓ ʊ w ŋ͡m ˧˨ ʔ
tốt khoe xấu che	t o t̚ ˧˦ x w ɛ ˧˧ s ə w ˧˦ t͡ɕ ɛ ˧˧
tốt lành	t o t̚ ˧˦ l a j ŋ̟ ˨˩
tốt nghiệp	t o t̚ ˧˦ ŋ i ə p̚ ˧˨ ʔ
tốt số	t o t̚ ˧˦ s o ˧˦
tốt thông	t o t̚ ˧˦ tʰ ə w ŋ͡m ˧˧
tốt đẹp	t o t̚ ˧˦ ʔ ɗ ɛ p̚ ˧˨ ʔ
tồn	t o n ˨˩
tồn kho	t o n ˨˩ x ɔ ˧˧
tồn tại	t o n ˨˩ t aː j ˧˨ ʔ
tồn đọng	t o n ˨˩ ʔ ɗ a w ŋ͡m ˧˨ ʔ
tổn hại	t o n ˧˩ h aː j ˧˨ ʔ
tổn thương	t o n ˧˩ tʰ ɨ ə ŋ ˧˧
tổn thất	t o n ˧˩ tʰ ə t̚ ˧˦
tổn thọ	t o n ˧˩ tʰ ɔ ˧˨ ʔ
tổng	t ə w ŋ͡m ˧˩
tổng binh	t ə w ŋ͡m ˧˩ ʔ ɓ ï ŋ ˧˧
tổng biên tập	t ə w ŋ͡m ˧˩ ʔ ɓ i ə n ˧˧ t ə p̚ ˧˨ ʔ
tổng bí thư	t ə w ŋ͡m ˧˩ ʔ ɓ i ˧˦ tʰ ɨ ˧˧
tổng công ti	t ə w ŋ͡m ˧˩ k ə w ŋ͡m ˧˧ t i ˧˧
tổng cộng	t ə w ŋ͡m ˧˩ k ə w ŋ͡m ˧˨ ʔ
tổng cục	t ə w ŋ͡m ˧˩ k ʊ w k͡p̚ ˧˨ ʔ
tổng duyệt	t ə w ŋ͡m ˧˩ z w i ə t̚ ˧˨ ʔ
tổng giám mục	t ə w ŋ͡m ˧˩ z aː m ˧˦ m ʊ w k͡p̚ ˧˨ ʔ
tổng giáo phận	t ə w ŋ͡m ˧˩ z aː w ˧˦ f ə n ˧˨ ʔ
tổng hoà	t ə w ŋ͡m ˧˩ h w aː ˨˩
tổng hành dinh	t ə w ŋ͡m ˧˩ h a j ŋ̟ ˨˩ z ï ŋ ˧˧
tổng hợp	t ə w ŋ͡m ˧˩ h əː p̚ ˧˨ ʔ
tổng kết	t ə w ŋ͡m ˧˩ k e t̚ ˧˦
tổng lãnh sự	t ə w ŋ͡m ˧˩ l a j ŋ̟ ˦ˀ˥ s ɨ ˧˨ ʔ
tổng lãnh sự quán	t ə w ŋ͡m ˧˩ l a j ŋ̟ ˦ˀ˥ s ɨ ˧˨ ʔ k w aː n ˧˦
tổng lãnh thiên thần	t ə w ŋ͡m ˧˩ l a j ŋ̟ ˦ˀ˥ tʰ i ə n ˧˧ tʰ ə n ˨˩
tổng quan	t ə w ŋ͡m ˧˩ k w aː n ˧˧
tổng quát	t ə w ŋ͡m ˧˩ k w aː t̚ ˧˦
tổng sản phẩm nội địa	t ə w ŋ͡m ˧˩ s aː n ˧˩ f ə m ˧˩ n o j ˧˨ ʔ ʔ ɗ i ə ˧˨ ʔ
tổng số	t ə w ŋ͡m ˧˩ s o ˧˦
tổng thư kí	t ə w ŋ͡m ˧˩ tʰ ɨ ˧˧ k i ˧˦
tổng thể	t ə w ŋ͡m ˧˩ tʰ e ˧˩
tổng thống	t ə w ŋ͡m ˧˩ tʰ ə w ŋ͡m ˧˦
tổng trưởng	t ə w ŋ͡m ˧˩ t͡ɕ ɨ ə ŋ ˧˩
tổng tuyển cử	t ə w ŋ͡m ˧˩ t w i ə n ˧˩ k ɨ ˧˩
tổng tư lệnh	t ə w ŋ͡m ˧˩ t ɨ ˧˧ l ə j ŋ̟ ˧˨ ʔ
tổng y viện	t ə w ŋ͡m ˧˩ ʔ i ˧˧ v i ə n ˧˨ ʔ
tổng đài	t ə w ŋ͡m ˧˩ ʔ ɗ aː j ˨˩
tổng đài viên	t ə w ŋ͡m ˧˩ ʔ ɗ aː j ˨˩ v i ə n ˧˧
tổng đốc	t ə w ŋ͡m ˧˩ ʔ ɗ ə w k͡p̚ ˧˦
tổng động viên	t ə w ŋ͡m ˧˩ ʔ ɗ ə w ŋ͡m ˧˨ ʔ v i ə n ˧˧
tỗn	t o n ˦ˀ˥
tội danh	t o j ˧˨ ʔ z a j ŋ̟ ˧˧
tội lỗi	t o j ˧˨ ʔ l o j ˦ˀ˥
tội nghiệp	t o j ˧˨ ʔ ŋ i ə p̚ ˧˨ ʔ
tội nhân	t o j ˧˨ ʔ ɲ ə n ˧˧
tội phạm	t o j ˧˨ ʔ f aː m ˧˨ ʔ
tội phạm học	t o j ˧˨ ʔ f aː m ˧˨ ʔ h a w k͡p̚ ˧˨ ʔ
tội trạng	t o j ˧˨ ʔ t͡ɕ aː ŋ ˧˨ ʔ
tội ác	t o j ˧˨ ʔ ʔ aː k̚ ˧˦
tội ác chiến tranh	t o j ˧˨ ʔ ʔ aː k̚ ˧˦ t͡ɕ i ə n ˧˦ t͡ɕ a j ŋ̟ ˧˧
tột	t o t̚ ˧˨ ʔ
tột độ	t o t̚ ˧˨ ʔ ʔ ɗ o ˧˨ ʔ
tớ	t əː ˧˦
tới	t əː j ˧˦
tới bến	t əː j ˧˦ ʔ ɓ e n ˧˦
tới lui	t əː j ˧˦ l u j ˧˧
tới nơi tới chốn	t əː j ˧˦ n əː j ˧˧ t əː j ˧˦ t͡ɕ o n ˧˦
tới tấp	t əː j ˧˦ t ə p̚ ˧˦
tờ	t əː ˨˩
tờ bướm	t əː ˨˩ ʔ ɓ ɨ ə m ˧˦
tờ khai	t əː ˨˩ x aː j ˧˧
tờ mây	t əː ˨˩ m ə j ˧˧
tờ mờ	t əː ˨˩ m əː ˨˩
tờ mục vụ	t əː ˨˩ m ʊ w k͡p̚ ˧˨ ʔ v u ˧˨ ʔ
tờ rơi	t əː ˨˩ z əː j ˧˧
tởm	t əː m ˧˩
tởn	t əː n ˧˩
tợ	t əː ˧˨ ʔ
tợn	t əː n ˧˨ ʔ
tợp	t əː p̚ ˧˨ ʔ
tụ	t u ˧˨ ʔ
tụ cầu	t u ˧˨ ʔ k ə w ˨˩
tụ cầu khuẩn	t u ˧˨ ʔ k ə w ˨˩ x w ə n ˧˩
tụ cầu vàng	t u ˧˨ ʔ k ə w ˨˩ v aː ŋ ˨˩
tụ họp	t u ˧˨ ʔ h ɔ p̚ ˧˨ ʔ
tụ hội	t u ˧˨ ʔ h o j ˧˨ ʔ
tụ tập	t u ˧˨ ʔ t ə p̚ ˧˨ ʔ
tụ điểm	t u ˧˨ ʔ ʔ ɗ i ə m ˧˩
tục	t ʊ w k͡p̚ ˧˨ ʔ
tục biên	t ʊ w k͡p̚ ˧˨ ʔ ʔ ɓ i ə n ˧˧
tục lệ	t ʊ w k͡p̚ ˧˨ ʔ l e ˧˨ ʔ
tục ngữ	t ʊ w k͡p̚ ˧˨ ʔ ŋ ɨ ˦ˀ˥
tục tĩu	t ʊ w k͡p̚ ˧˨ ʔ t i w ˦ˀ˥
tục đọc	t ʊ w k͡p̚ ˧˨ ʔ ʔ ɗ a w k͡p̚ ˧˨ ʔ
tụi	t u j ˧˨ ʔ
tụi nó	t u j ˧˨ ʔ n ɔ ˧˦
tụi tui	t u j ˧˨ ʔ t u j ˧˧
tụm	t u m ˧˨ ʔ
tụng	t ʊ w ŋ͡m ˧˨ ʔ
tụng kinh	t ʊ w ŋ͡m ˧˨ ʔ k ï ŋ ˧˧
tụt	t u t̚ ˧˨ ʔ
tụt hậu	t u t̚ ˧˨ ʔ h ə w ˧˨ ʔ
tụt mood	t u t̚ ˧˨ ʔ m u t̚ ˧˦
tụt xuống	t u t̚ ˧˨ ʔ s u ə ŋ ˧˦
tủ	t u ˧˩
tủ kiếng	t u ˧˩ k i ə ŋ ˧˦
tủ kính	t u ˧˩ k ï ŋ ˧˦
tủ lạnh	t u ˧˩ l a j ŋ̟ ˧˨ ʔ
tủ sách	t u ˧˩ s a j k̟̚ ˧˦
tủa	t u ə ˧˩
tủi	t u j ˧˩
tủi hờn	t u j ˧˩ h əː n ˨˩
tủi thân	t u j ˧˩ tʰ ə n ˧˧
tủm tỉm	t u m ˧˩ t i m ˧˩
tủn mủn	t u n ˧˩ m u n ˧˩
tứ	t ɨ ˧˦
tứ chi	t ɨ ˧˦ t͡ɕ i ˧˧
tứ diện	t ɨ ˧˦ z i ə n ˧˨ ʔ
tứ dân	t ɨ ˧˦ z ə n ˧˧
tứ giác	t ɨ ˧˦ z aː k̚ ˧˦
tứ hải giai huynh đệ	t ɨ ˧˦ h aː j ˧˩ z aː j ˧˧ h w ï ŋ̟ ˧˧ ʔ ɗ e ˧˨ ʔ
tứ kết	t ɨ ˧˦ k e t̚ ˧˦
tứ nghệ	t ɨ ˧˦ ŋ e ˧˨ ʔ
tứ phía	t ɨ ˧˦ f i ə ˧˦
tứ quý	t ɨ ˧˦ k w i ˧˦
tứ sắc	t ɨ ˧˦ s a k̚ ˧˦
tứ thiết	t ɨ ˧˦ tʰ i ə t̚ ˧˦
tứ trụ	t ɨ ˧˦ t͡ɕ u ˧˨ ʔ
tứ tung	t ɨ ˧˦ t ʊ w ŋ͡m ˧˧
tứ tuyệt	t ɨ ˧˦ t w i ə t̚ ˧˨ ʔ
tứ đại mĩ nhân	t ɨ ˧˦ ʔ ɗ aː j ˧˨ ʔ m i ˦ˀ˥ ɲ ə n ˧˧
tứ đức	t ɨ ˧˦ ʔ ɗ ɨ k̚ ˧˦
tức	t ɨ k̚ ˧˦
tức bực	t ɨ k̚ ˧˦ ʔ ɓ ɨ k̚ ˧˨ ʔ
tức cười	t ɨ k̚ ˧˦ k ɨ ə j ˨˩
tức cảnh sinh tình	t ɨ k̚ ˧˦ k a j ŋ̟ ˧˩ s ï ŋ ˧˧ t ï ŋ ˨˩
tức giận	t ɨ k̚ ˧˦ z ə n ˧˨ ʔ
tức khắc	t ɨ k̚ ˧˦ x a k̚ ˧˦
tức là	t ɨ k̚ ˧˦ l aː ˨˩
tức nhiên	t ɨ k̚ ˧˦ ɲ i ə n ˧˧
tức nước vỡ bờ	t ɨ k̚ ˧˦ n ɨ ə k̚ ˧˦ v əː ˦ˀ˥ ʔ ɓ əː ˨˩
tức thì	t ɨ k̚ ˧˦ tʰ i ˨˩
tức tốc	t ɨ k̚ ˧˦ t ə w k͡p̚ ˧˦
từ	t ɨ ˨˩
từ bi	t ɨ ˨˩ ʔ ɓ i ˧˧
từ biệt	t ɨ ˨˩ ʔ ɓ i ə t̚ ˧˨ ʔ
từ bỏ	t ɨ ˨˩ ʔ ɓ ɔ ˧˩
từ chương	t ɨ ˨˩ t͡ɕ ɨ ə ŋ ˧˧
từ chối	t ɨ ˨˩ t͡ɕ o j ˧˦
từ chức	t ɨ ˨˩ t͡ɕ ɨ k̚ ˧˦
từ cổ chí kim	t ɨ ˨˩ k o ˧˩ t͡ɕ i ˧˦ k i m ˧˧
từ ghép	t ɨ ˨˩ ɣ ɛ p̚ ˧˦
từ giã	t ɨ ˨˩ z aː ˦ˀ˥
từ khi	t ɨ ˨˩ x i ˧˧
từ khoá	t ɨ ˨˩ x w aː ˧˦
từ loại	t ɨ ˨˩ l w aː j ˧˨ ʔ
từ láy	t ɨ ˨˩ l a j ˧˦
từ lóng	t ɨ ˨˩ l a w ŋ͡m ˧˦
từ mượn	t ɨ ˨˩ m ɨ ə n ˧˨ ʔ
từ mẫu	t ɨ ˨˩ m ə w ˦ˀ˥
từ ngoại lai	t ɨ ˨˩ ŋ w aː j ˧˨ ʔ l aː j ˧˧
từ nguyên	t ɨ ˨˩ ŋ w i ə n ˧˧
từ nguyên học	t ɨ ˨˩ ŋ w i ə n ˧˧ h a w k͡p̚ ˧˨ ʔ
từ ngữ	t ɨ ˨˩ ŋ ɨ ˦ˀ˥
từ pháp	t ɨ ˨˩ f aː p̚ ˧˦
từ phản nghĩa	t ɨ ˨˩ f aː n ˧˩ ŋ i ə ˦ˀ˥
từ quyển	t ɨ ˨˩ k w i ə n ˧˩
từ sông ra biển	t ɨ ˨˩ s ə w ŋ͡m ˧˧ z aː ˧˧ ʔ ɓ i ə n ˧˩
từ sông tới biển	t ɨ ˨˩ s ə w ŋ͡m ˧˧ t əː j ˧˦ ʔ ɓ i ə n ˧˩
từ sông đến biển	t ɨ ˨˩ s ə w ŋ͡m ˧˧ ʔ ɗ e n ˧˦ ʔ ɓ i ə n ˧˩
từ thiện	t ɨ ˨˩ tʰ i ə n ˧˨ ʔ
từ trái nghĩa	t ɨ ˨˩ t͡ɕ aː j ˧˦ ŋ i ə ˦ˀ˥
từ trường	t ɨ ˨˩ t͡ɕ ɨ ə ŋ ˨˩
từ trần	t ɨ ˨˩ t͡ɕ ə n ˨˩
từ tính	t ɨ ˨˩ t ï ŋ ˧˦
từ tạ	t ɨ ˨˩ t aː ˧˨ ʔ
từ tố	t ɨ ˨˩ t o ˧˦
từ tốn	t ɨ ˨˩ t o n ˧˦
từ từ	t ɨ ˨˩ t ɨ ˨˩
từ vị	t ɨ ˨˩ v i ˧˨ ʔ
từ vựng	t ɨ ˨˩ v ɨ ŋ ˧˨ ʔ
từ ái	t ɨ ˨˩ ʔ aː j ˧˦
từ điển	t ɨ ˨˩ ʔ ɗ i ə n ˧˩
từ điển bách khoa	t ɨ ˨˩ ʔ ɗ i ə n ˧˩ ʔ ɓ a j k̟̚ ˧˦ x w aː ˧˧
từ đầu đến chân	t ɨ ˨˩ ʔ ɗ ə w ˨˩ ʔ ɗ e n ˧˦ t͡ɕ ə n ˧˧
từ đồng nghĩa	t ɨ ˨˩ ʔ ɗ ə w ŋ͡m ˨˩ ŋ i ə ˦ˀ˥
từa lưa	t ɨ ə ˨˩ l ɨ ə ˧˧
từa lưa tà la	t ɨ ə ˨˩ l ɨ ə ˧˧ t aː ˨˩ l aː ˧˧
tử	t ɨ ˧˩
tử chiến	t ɨ ˧˩ t͡ɕ i ə n ˧˦
tử cung	t ɨ ˧˩ k ʊ w ŋ͡m ˧˧
tử huyệt	t ɨ ˧˩ h w i ə t̚ ˧˨ ʔ
tử hình	t ɨ ˧˩ h ï ŋ ˨˩
tử ngoại	t ɨ ˧˩ ŋ w aː j ˧˨ ʔ
tử ngữ	t ɨ ˧˩ ŋ ɨ ˦ˀ˥
tử nạn	t ɨ ˧˩ n aː n ˧˨ ʔ
tử suất	t ɨ ˧˩ s w ə t̚ ˧˦
tử sĩ	t ɨ ˧˩ s i ˦ˀ˥
tử số	t ɨ ˧˩ s o ˧˦
tử thi	t ɨ ˧˩ tʰ i ˧˧
tử thù	t ɨ ˧˩ tʰ u ˨˩
tử thần	t ɨ ˧˩ tʰ ə n ˨˩
tử trận	t ɨ ˧˩ t͡ɕ ə n ˧˨ ʔ
tử tù	t ɨ ˧˩ t u ˨˩
tử tước	t ɨ ˧˩ t ɨ ə k̚ ˧˦
tử tế	t ɨ ˧˩ t e ˧˦
tử vi	t ɨ ˧˩ v i ˧˧
tử vong	t ɨ ˧˩ v a w ŋ͡m ˧˧
tử vong học	t ɨ ˧˩ v a w ŋ͡m ˧˧ h a w k͡p̚ ˧˨ ʔ
tử vì đạo	t ɨ ˧˩ v i ˨˩ ʔ ɗ aː w ˧˨ ʔ
tửa	t ɨ ə ˧˩
tửu	t i w ˧˩
tửu lượng	t i w ˧˩ l ɨ ə ŋ ˧˨ ʔ
tửu quán	t i w ˧˩ k w aː n ˧˦
tự	t ɨ ˧˨ ʔ
tự biên tự diễn	t ɨ ˧˨ ʔ ʔ ɓ i ə n ˧˧ t ɨ ˧˨ ʔ z i ə n ˦ˀ˥
tự bạch	t ɨ ˧˨ ʔ ʔ ɓ a j k̟̚ ˧˨ ʔ
tự cao	t ɨ ˧˨ ʔ k aː w ˧˧
tự chế	t ɨ ˧˨ ʔ t͡ɕ e ˧˦
tự chủ	t ɨ ˧˨ ʔ t͡ɕ u ˧˩
tự cung tự cấp	t ɨ ˧˨ ʔ k ʊ w ŋ͡m ˧˧ t ɨ ˧˨ ʔ k ə p̚ ˧˦
tự cường	t ɨ ˧˨ ʔ k ɨ ə ŋ ˨˩
tự diễn biến	t ɨ ˧˨ ʔ z i ə n ˦ˀ˥ ʔ ɓ i ə n ˧˦
tự do	t ɨ ˧˨ ʔ z ɔ ˧˧
tự do báo chí	t ɨ ˧˨ ʔ z ɔ ˧˧ ʔ ɓ aː w ˧˦ t͡ɕ i ˧˦
tự do chủ nghĩa	t ɨ ˧˨ ʔ z ɔ ˧˧ t͡ɕ u ˧˩ ŋ i ə ˦ˀ˥
tự do hoá	t ɨ ˧˨ ʔ z ɔ ˧˧ h w aː ˧˦
tự do ngôn luận	t ɨ ˧˨ ʔ z ɔ ˧˧ ŋ o n ˧˧ l w ə n ˧˨ ʔ
tự dưng	t ɨ ˧˨ ʔ z ɨ ŋ ˧˧
tự giác	t ɨ ˧˨ ʔ z aː k̚ ˧˦
tự hào	t ɨ ˧˨ ʔ h aː w ˨˩
tự hồ	t ɨ ˧˨ ʔ h o ˨˩
tự khắc	t ɨ ˧˨ ʔ x a k̚ ˧˦
tự kỉ	t ɨ ˧˨ ʔ k i ˧˩
tự kỉ ám thị	t ɨ ˧˨ ʔ k i ˧˩ ʔ aː m ˧˦ tʰ i ˧˨ ʔ
tự luận	t ɨ ˧˨ ʔ l w ə n ˧˨ ʔ
tự làm tự chịu	t ɨ ˧˨ ʔ l aː m ˨˩ t ɨ ˧˨ ʔ t͡ɕ i w ˧˨ ʔ
tự lập	t ɨ ˧˨ ʔ l ə p̚ ˧˨ ʔ
tự lực	t ɨ ˧˨ ʔ l ɨ k̚ ˧˨ ʔ
tự miễn	t ɨ ˧˨ ʔ m i ə n ˦ˀ˥
tự miễn dịch	t ɨ ˧˨ ʔ m i ə n ˦ˀ˥ z ï k̟̚ ˧˨ ʔ
tự nguyện	t ɨ ˧˨ ʔ ŋ w i ə n ˧˨ ʔ
tự ngã	t ɨ ˧˨ ʔ ŋ aː ˦ˀ˥
tự nhiên	t ɨ ˧˨ ʔ ɲ i ə n ˧˧
tự nhục	t ɨ ˧˨ ʔ ɲ ʊ w k͡p̚ ˧˨ ʔ
tự nhủ	t ɨ ˧˨ ʔ ɲ u ˧˩
tự phong	t ɨ ˧˨ ʔ f a w ŋ͡m ˧˧
tự phát	t ɨ ˧˨ ʔ f aː t̚ ˧˦
tự phụ	t ɨ ˧˨ ʔ f u ˧˨ ʔ
tự quyết	t ɨ ˧˨ ʔ k w i ə t̚ ˧˦
tự quản	t ɨ ˧˨ ʔ k w aː n ˧˩
tự sinh tự diệt	t ɨ ˧˨ ʔ s ï ŋ ˧˧ t ɨ ˧˨ ʔ z i ə t̚ ˧˨ ʔ
tự sát	t ɨ ˧˨ ʔ s aː t̚ ˧˦
tự sướng	t ɨ ˧˨ ʔ s ɨ ə ŋ ˧˦
tự sắc	t ɨ ˧˨ ʔ s a k̚ ˧˦
tự sự	t ɨ ˧˨ ʔ s ɨ ˧˨ ʔ
tự thân vận động	t ɨ ˧˨ ʔ tʰ ə n ˧˧ v ə n ˧˨ ʔ ʔ ɗ ə w ŋ͡m ˧˨ ʔ
tự thú	t ɨ ˧˨ ʔ tʰ u ˧˦
tự ti	t ɨ ˧˨ ʔ t i ˧˧
tự tin	t ɨ ˧˨ ʔ t i n ˧˧
tự tiện	t ɨ ˧˨ ʔ t i ə n ˧˨ ʔ
tự truyện	t ɨ ˧˨ ʔ t͡ɕ w i ə n ˧˨ ʔ
tự trị	t ɨ ˧˨ ʔ t͡ɕ i ˧˨ ʔ
tự trọng	t ɨ ˧˨ ʔ t͡ɕ a w ŋ͡m ˧˨ ʔ
tự tung tự tác	t ɨ ˧˨ ʔ t ʊ w ŋ͡m ˧˧ t ɨ ˧˨ ʔ t aː k̚ ˧˦
tự tôn	t ɨ ˧˨ ʔ t o n ˧˧
tự túc	t ɨ ˧˨ ʔ t ʊ w k͡p̚ ˧˦
tự tại	t ɨ ˧˨ ʔ t aː j ˧˨ ʔ
tự tử	t ɨ ˧˨ ʔ t ɨ ˧˩
tự viện	t ɨ ˧˨ ʔ v i ə n ˧˨ ʔ
tự vấn	t ɨ ˧˨ ʔ v ə n ˧˦
tự vẫn	t ɨ ˧˨ ʔ v ə n ˦ˀ˥
tự vệ	t ɨ ˧˨ ʔ v e ˧˨ ʔ
tự xưng	t ɨ ˧˨ ʔ s ɨ ŋ ˧˧
tự ái	t ɨ ˧˨ ʔ ʔ aː j ˧˦
tự ý	t ɨ ˧˨ ʔ ʔ i ˧˦
tự điền	t ɨ ˧˨ ʔ ʔ ɗ i ə n ˨˩
tự điển	t ɨ ˧˨ ʔ ʔ ɗ i ə n ˧˩
tự đắc	t ɨ ˧˨ ʔ ʔ ɗ a k̚ ˧˦
tự động	t ɨ ˧˨ ʔ ʔ ɗ ə w ŋ͡m ˧˨ ʔ
tự động hoá	t ɨ ˧˨ ʔ ʔ ɗ ə w ŋ͡m ˧˨ ʔ h w aː ˧˦
tự động từ	t ɨ ˧˨ ʔ ʔ ɗ ə w ŋ͡m ˧˨ ʔ t ɨ ˨˩
tựa	t ɨ ə ˧˨ ʔ
tựa hồ	t ɨ ə ˧˨ ʔ h o ˨˩
tựa đề	t ɨ ə ˧˨ ʔ ʔ ɗ e ˨˩
tựu	t i w ˧˨ ʔ
tựu trung	t i w ˧˨ ʔ t͡ɕ ʊ w ŋ͡m ˧˧
tựu trường	t i w ˧˨ ʔ t͡ɕ ɨ ə ŋ ˨˩
t’rưng	t əː ˧˧ z ɨ ŋ ˧˧
t’rưng	t əː ˧˧ ɹ ɨ ŋ ˧˧
u	ʔ u ˧˧
u buồn	ʔ u ˧˧ ʔ ɓ u ə n ˨˩
u du	ʔ u ˧˧ z u ˧˧
u là trời	ʔ u ˧˧ l aː ˨˩ t͡ɕ əː j ˨˩
u minh	ʔ u ˧˧ m ï ŋ ˧˧
u mê	ʔ u ˧˧ m e ˧˧
u tối	ʔ u ˧˧ t o j ˧˦
u uất	ʔ u ˧˧ ʔ w ə t̚ ˧˦
u uẩn	ʔ u ˧˧ ʔ w ə n ˧˩
u ám	ʔ u ˧˧ ʔ aː m ˧˦
u ẩn	ʔ u ˧˧ ʔ ə n ˧˩
ui da	ʔ u j ˧˧ z aː ˧˧
um sùm	ʔ u m ˧˧ s u m ˨˩
um tùm	ʔ u m ˧˧ t u m ˨˩
unbibi	ʔ u n ˧˧ ʔ ɓ i ˧˧ ʔ ɓ i ˧˧
unbihexi	ʔ u n ˧˧ ʔ ɓ i ˧˧ h ɛ k̚ ˧˦ s i ˧˧
unbinili	ʔ u n ˧˧ ʔ ɓ i ˧˧ n i ˧˧ l i ˧˧
unbipenti	ʔ u n ˧˧ ʔ ɓ i ˧˧ p ɛ n ˧˧ t i ˧˧
unbiquadi	ʔ u n ˧˧ ʔ ɓ i ˧˧ k w aː ˧˧ ʔ ɗ i ˧˧
unbitri	ʔ u n ˧˧ ʔ ɓ i ˧˧ t ɹ i ˧˧
unbiuni	ʔ u n ˧˧ ʔ ɓ i ˧˧ ʔ u n ˧˧ n i ˧˧
ung	ʔ ʊ w ŋ͡m ˧˧
ung dung	ʔ ʊ w ŋ͡m ˧˧ z ʊ w ŋ͡m ˧˧
ung nhọt	ʔ ʊ w ŋ͡m ˧˧ ɲ ɔ t̚ ˧˨ ʔ
ung thư	ʔ ʊ w ŋ͡m ˧˧ tʰ ɨ ˧˧
ung thư cổ tử cung	ʔ ʊ w ŋ͡m ˧˧ tʰ ɨ ˧˧ k o ˧˩ t ɨ ˧˩ k ʊ w ŋ͡m ˧˧
ung thư gan	ʔ ʊ w ŋ͡m ˧˧ tʰ ɨ ˧˧ ɣ aː n ˧˧
ununenni	ʔ u n ˧˧ ʔ u n ˧˧ ʔ ɛ n ˧˧ n i ˧˧
urani	ʔ u ˧˧ z aː ˧˧ n i ˧˧
urani	ʔ u ˧˧ ɹ aː ˧˧ n i ˧˧
uy	ʔ w i ˧˧
uy danh	ʔ w i ˧˧ z a j ŋ̟ ˧˧
uy hiếp	ʔ w i ˧˧ h i ə p̚ ˧˦
uy lực	ʔ w i ˧˧ l ɨ k̚ ˧˨ ʔ
uy nghi	ʔ w i ˧˧ ŋ i ˧˧
uy nghiêm	ʔ w i ˧˧ ŋ i ə m ˧˧
uy phong	ʔ w i ˧˧ f a w ŋ͡m ˧˧
uy tín	ʔ w i ˧˧ t i n ˧˦
uyên	ʔ w i ə n ˧˧
uyên bác	ʔ w i ə n ˧˧ ʔ ɓ aː k̚ ˧˦
uyên thâm	ʔ w i ə n ˧˧ tʰ ə m ˧˧
uyên áo	ʔ w i ə n ˧˧ ʔ aː w ˧˦
uyên ương	ʔ w i ə n ˧˧ ʔ ɨ ə ŋ ˧˧
uyển chuyển	ʔ w i ə n ˧˩ t͡ɕ w i ə n ˧˩
uyển ngữ	ʔ w i ə n ˧˩ ŋ ɨ ˦ˀ˥
uôn	ʔ u ə n ˧˧
uý	ʔ w i ˧˦
uý lạo	ʔ w i ˧˦ l aː w ˧˨ ʔ
uất	ʔ w ə t̚ ˧˦
uất hận	ʔ w ə t̚ ˧˦ h ə n ˧˨ ʔ
uất ức	ʔ w ə t̚ ˧˦ ʔ ɨ k̚ ˧˦
uầy	ʔ w ə j ˨˩
uẩn khúc	ʔ w ə n ˧˩ x ʊ w k͡p̚ ˧˦
uể oải	ʔ w e ˧˩ ʔ w aː j ˧˩
uốn	ʔ u ə n ˧˦
uốn lượn	ʔ u ə n ˧˦ l ɨ ə n ˧˨ ʔ
uốn nắn	ʔ u ə n ˧˦ n a n ˧˦
uốn ván	ʔ u ə n ˧˦ v aː n ˧˦
uống	ʔ u ə ŋ ˧˦
uống nước nhớ nguồn	ʔ u ə ŋ ˧˦ n ɨ ə k̚ ˧˦ ɲ əː ˧˦ ŋ u ə n ˨˩
uổng	ʔ u ə ŋ ˧˩
uổng phí	ʔ u ə ŋ ˧˩ f i ˧˦
uỵch	ʔ w ï k̟̚ ˧˨ ʔ
uỷ	ʔ w i ˧˩
uỷ ban	ʔ w i ˧˩ ʔ ɓ aː n ˧˧
uỷ ban nhân dân	ʔ w i ˧˩ ʔ ɓ aː n ˧˧ ɲ ə n ˧˧ z ə n ˧˧
uỷ mị	ʔ w i ˧˩ m i ˧˨ ʔ
uỷ nhiệm	ʔ w i ˧˩ ɲ i ə m ˧˨ ʔ
uỷ nhiệm chi	ʔ w i ˧˩ ɲ i ə m ˧˨ ʔ t͡ɕ i ˧˧
uỷ viên	ʔ w i ˧˩ v i ə n ˧˧
v	v e ˧˧
v	v əː ˨˩
va	v aː ˧˧
va chạm	v aː ˧˧ t͡ɕ aː m ˧˨ ʔ
va ni	v aː ˧˧ n i ˧˧
vai	v aː j ˧˧
vai trò	v aː j ˧˧ t͡ɕ ɔ ˨˩
vai vế	v aː j ˧˧ v e ˧˦
van	v aː n ˧˧
van vỉ	v aː n ˧˧ v i ˧˩
vanađi	v aː ˧˧ n aː ˧˧ ʔ ɗ i ˧˧
vang	v aː ŋ ˧˧
vang dội	v aː ŋ ˧˧ z o j ˧˨ ʔ
vang lừng	v aː ŋ ˧˧ l ɨ ŋ ˨˩
vang vọng	v aː ŋ ˧˧ v a w ŋ͡m ˧˨ ʔ
vay	v a j ˧˧
vay mượn	v a j ˧˧ m ɨ ə n ˧˨ ʔ
ve	v ɛ ˧˧
ve chai	v ɛ ˧˧ t͡ɕ aː j ˧˧
ve sầu	v ɛ ˧˧ s ə w ˨˩
ve vãn	v ɛ ˧˧ v aː n ˦ˀ˥
ve vẩy	v ɛ ˧˧ v ə j ˧˩
vectơ	v ɛ k̚ ˧˦ t əː ˧˧
vectơ pháp tuyến	v ɛ k̚ ˧˦ t əː ˧˧ f aː p̚ ˧˦ t w i ə n ˧˦
ven	v ɛ n ˧˧
ven biển	v ɛ n ˧˧ ʔ ɓ i ə n ˧˩
veo	v ɛ w ˧˧
vi	v i ˧˧
vi ba	v i ˧˧ ʔ ɓ aː ˧˧
vi diệu	v i ˧˧ z i ə w ˧˨ ʔ
vi hiến	v i ˧˧ h i ə n ˧˦
vi khuẩn	v i ˧˧ x w ə n ˧˩
vi khuẩn học	v i ˧˧ x w ə n ˧˩ h a w k͡p̚ ˧˨ ʔ
vi khí hậu	v i ˧˧ x i ˧˦ h ə w ˧˨ ʔ
vi lô	v i ˧˧ l o ˧˧
vi lượng	v i ˧˧ l ɨ ə ŋ ˧˨ ʔ
vi lượng đồng căn	v i ˧˧ l ɨ ə ŋ ˧˨ ʔ ʔ ɗ ə w ŋ͡m ˨˩ k a n ˧˧
vi mô	v i ˧˧ m o ˧˧
vi mạch	v i ˧˧ m a j k̟̚ ˧˨ ʔ
vi mạch tích hợp	v i ˧˧ m a j k̟̚ ˧˨ ʔ t ï k̟̚ ˧˦ h əː p̚ ˧˨ ʔ
video	v i ˧˧ z ɛ w ˧˧
video	v i ˧˧ ʔ ɗ ɛ w ˧˧
viên	v i ə n ˧˧
voi	v ɔ j ˧˧
vu	v u ˧˧
vu cáo	v u ˧˧ k aː w ˧˦
vu hích	v u ˧˧ h ï k̟̚ ˧˦
vu khống	v u ˧˧ x ə w ŋ͡m ˧˦
vu oan	v u ˧˧ ʔ w aː n ˧˧
vu vơ	v u ˧˧ v əː ˧˧
vua	v u ə ˧˧
vua chúa	v u ə ˧˧ t͡ɕ u ə ˧˦
vui	v u j ˧˧
vui chơi	v u j ˧˧ t͡ɕ əː j ˧˧
vui lòng	v u j ˧˧ l a w ŋ͡m ˨˩
vui mừng	v u j ˧˧ m ɨ ŋ ˨˩
vui nhộn	v u j ˧˧ ɲ o n ˧˨ ʔ
vui sướng	v u j ˧˧ s ɨ ə ŋ ˧˦
vui thú	v u j ˧˧ tʰ u ˧˦
vui tính	v u j ˧˧ t ï ŋ ˧˦
vui tươi	v u j ˧˧ t ɨ ə j ˧˧
vui vẻ	v u j ˧˧ v ɛ ˧˩
vun	v u n ˧˧
vun trồng	v u n ˧˧ t͡ɕ ə w ŋ͡m ˨˩
vun vén	v u n ˧˧ v ɛ n ˧˦
vun vút	v u n ˧˧ v u t̚ ˧˦
vun xới	v u n ˧˧ s əː j ˧˦
vun đắp	v u n ˧˧ ʔ ɗ a p̚ ˧˦
vung	v ʊ w ŋ͡m ˧˧
vung tay quá trán	v ʊ w ŋ͡m ˧˧ t a j ˧˧ k w aː ˧˦ t͡ɕ aː n ˧˦
vung vinh	v ʊ w ŋ͡m ˧˧ v ï ŋ ˧˧
vung vãi	v ʊ w ŋ͡m ˧˧ v aː j ˦ˀ˥
vuông	v u ə ŋ ˧˧
vuông góc	v u ə ŋ ˧˧ ɣ a w k͡p̚ ˧˦
vuông vắn	v u ə ŋ ˧˧ v a n ˧˦
vuốt	v u ə t̚ ˧˦
vuốt râu hùm	v u ə t̚ ˧˦ z ə w ˧˧ h u m ˨˩
vuốt ve	v u ə t̚ ˧˦ v ɛ ˧˧
vuột	v u ə t̚ ˧˨ ʔ
và	v aː ˨˩
vài	v aː j ˨˩
vài ba	v aː j ˨˩ ʔ ɓ aː ˧˧
vàm	v aː m ˨˩
vàng	v aː ŋ ˨˩
vàng bạc	v aː ŋ ˨˩ ʔ ɓ aː k̚ ˧˨ ʔ
vàng chanh	v aː ŋ ˨˩ t͡ɕ a j ŋ̟ ˧˧
vàng da	v aː ŋ ˨˩ z aː ˧˧
vàng hoe	v aː ŋ ˨˩ h w ɛ ˧˧
vàng khè	v aː ŋ ˨˩ x ɛ ˨˩
vàng mã	v aː ŋ ˨˩ m aː ˦ˀ˥
vàng mơ	v aː ŋ ˨˩ m əː ˧˧
vàng ròng	v aː ŋ ˨˩ z a w ŋ͡m ˨˩
vàng son	v aː ŋ ˨˩ s ɔ n ˧˧
vàng tây	v aː ŋ ˨˩ t ə j ˧˧
vành	v a j ŋ̟ ˨˩
vành khuyên	v a j ŋ̟ ˨˩ x w i ə n ˧˧
vành móng ngựa	v a j ŋ̟ ˨˩ m a w ŋ͡m ˧˦ ŋ ɨ ə ˧˨ ʔ
vành đai	v a j ŋ̟ ˨˩ ʔ ɗ aː j ˧˧
vào	v aː w ˨˩
vào sinh ra tử	v aː w ˨˩ s ï ŋ ˧˧ z aː ˧˧ t ɨ ˧˩
vá	v aː ˧˦
vá vỏ	v aː ˧˦ v ɔ ˧˩
vác	v aː k̚ ˧˦
vách	v a j k̟̚ ˧˦
vách núi	v a j k̟̚ ˧˦ n u j ˧˦
vách đá	v a j k̟̚ ˧˦ ʔ ɗ aː ˧˦
vái	v aː j ˧˦
vái giời	v aː j ˧˦ z əː j ˨˩
ván	v aː n ˧˦
ván ngựa	v aː n ˧˦ ŋ ɨ ə ˧˨ ʔ
ván trượt	v aː n ˧˦ t͡ɕ ɨ ə t̚ ˧˨ ʔ
ván ép	v aː n ˧˦ ʔ ɛ p̚ ˧˦
váng	v aː ŋ ˧˦
váng sữa	v aː ŋ ˧˦ s ɨ ə ˦ˀ˥
váng vất	v aː ŋ ˧˦ v ə t̚ ˧˦
váy	v a j ˧˦
vâm	v ə m ˧˧
vân	v ə n ˧˧
vân vân	v ə n ˧˧ v ə n ˧˧
vân vân mây mây	v ə n ˧˧ v ə n ˧˧ m ə j ˧˧ m ə j ˧˧
vân vân và mây mây	v ə n ˧˧ v ə n ˧˧ v aː ˨˩ m ə j ˧˧ m ə j ˧˧
vân vê	v ə n ˧˧ v e ˧˧
vâng	v ə ŋ ˧˧
vâng dạ	v ə ŋ ˧˧ z aː ˧˨ ʔ
vâng lời	v ə ŋ ˧˧ l əː j ˨˩
vây	v ə j ˧˧
vây cánh	v ə j ˧˧ k a j ŋ̟ ˧˦
vây hãm	v ə j ˧˧ h aː m ˦ˀ˥
vã	v aː ˦ˀ˥
vãi	v aː j ˦ˀ˥
vãi cả lồn	v aː j ˦ˀ˥ k aː ˧˩ l o n ˨˩
vãi lồn	v aː j ˦ˀ˥ l o n ˨˩
vãn	v aː n ˦ˀ˥
vãn hồi	v aː n ˦ˀ˥ h o j ˨˩
vãng lai	v aː ŋ ˦ˀ˥ l aː j ˧˧
vè	v ɛ ˨˩
vèo	v ɛ w ˨˩
vé	v ɛ ˧˦
vé số	v ɛ ˧˦ s o ˧˦
véc ni	v ɛ k̚ ˧˦ n i ˧˧
vén	v ɛ n ˧˦
véo	v ɛ w ˧˦
vét	v ɛ t̚ ˧˦
vê	v e ˧˧
vê đúp	v e ˧˧ ʔ ɗ u p̚ ˧˦
vêbe	v e ˧˧ ʔ ɓ ɛ ˧˧
vên vên	v e n ˧˧ v e n ˧˧
vênh	v ə j ŋ̟ ˧˧
vêu	v e w ˧˧
vô	v o ˧˧
vô ý	v o ˧˧ ʔ i ˧˦
vô ý thức	v o ˧˧ ʔ i ˧˦ tʰ ɨ k̚ ˧˦
vôi	v o j ˧˧
vôi bột	v o j ˧˧ ʔ ɓ o t̚ ˧˨ ʔ
vôi chín	v o j ˧˧ t͡ɕ i n ˧˦
vôi hoá	v o j ˧˧ h w aː ˧˦
vôi sống	v o j ˧˧ s ə w ŋ͡m ˧˦
vôi tôi	v o j ˧˧ t o j ˧˧
vôn	v o n ˧˧
vù	v u ˨˩
vùa	v u ə ˨˩
vùi	v u j ˨˩
vùi dập	v u j ˨˩ z ə p̚ ˧˨ ʔ
vùi lấp	v u j ˨˩ l ə p̚ ˧˦
vùn vụt	v u n ˨˩ v u t̚ ˧˨ ʔ
vùng	v ʊ w ŋ͡m ˨˩
vùng biên	v ʊ w ŋ͡m ˨˩ ʔ ɓ i ə n ˧˧
vùng biển	v ʊ w ŋ͡m ˨˩ ʔ ɓ i ə n ˧˩
vùng dưới đồi	v ʊ w ŋ͡m ˨˩ z ɨ ə j ˧˦ ʔ ɗ o j ˨˩
vùng miền	v ʊ w ŋ͡m ˨˩ m i ə n ˨˩
vùng nhớ đệm	v ʊ w ŋ͡m ˨˩ ɲ əː ˧˦ ʔ ɗ e m ˧˨ ʔ
vùng trời	v ʊ w ŋ͡m ˨˩ t͡ɕ əː j ˨˩
vùng văn hoá chữ Hán	v ʊ w ŋ͡m ˨˩ v a n ˧˧ h w aː ˧˦ t͡ɕ ɨ ˦ˀ˥ h aː n ˧˦
vùng văn hoá Á Đông	v ʊ w ŋ͡m ˨˩ v a n ˧˧ h w aː ˧˦ ʔ aː ˧˦ ʔ ɗ ə w ŋ͡m ˧˧
vùng văn hoá Đông Á	v ʊ w ŋ͡m ˨˩ v a n ˧˧ h w aː ˧˦ ʔ ɗ ə w ŋ͡m ˧˧ ʔ aː ˧˦
vùng vẫy	v ʊ w ŋ͡m ˨˩ v ə j ˦ˀ˥
vùng vằng	v ʊ w ŋ͡m ˨˩ v a ŋ ˨˩
vùng đất	v ʊ w ŋ͡m ˨˩ ʔ ɗ ə t̚ ˧˦
vùng đặc quyền kinh tế	v ʊ w ŋ͡m ˨˩ ʔ ɗ a k̚ ˧˨ ʔ k w i ə n ˨˩ k ï ŋ ˧˧ t e ˧˦
vú	v u ˧˦
vú sữa	v u ˧˦ s ɨ ə ˦ˀ˥
vú vê	v u ˧˦ v e ˧˧
vút	v u t̚ ˧˦
văn	v a n ˧˧
văn bia	v a n ˧˧ ʔ ɓ i ə ˧˧
văn bản	v a n ˧˧ ʔ ɓ aː n ˧˩
văn bản quy phạm pháp luật	v a n ˧˧ ʔ ɓ aː n ˧˩ k w i ˧˧ f aː m ˧˨ ʔ f aː p̚ ˧˦ l w ə t̚ ˧˨ ʔ
văn bằng	v a n ˧˧ ʔ ɓ a ŋ ˨˩
văn chương	v a n ˧˧ t͡ɕ ɨ ə ŋ ˧˧
văn cảnh	v a n ˧˧ k a j ŋ̟ ˧˩
văn hiến	v a n ˧˧ h i ə n ˧˦
văn hoá	v a n ˧˧ h w aː ˧˦
văn hoá phẩm	v a n ˧˧ h w aː ˧˦ f ə m ˧˩
văn hào	v a n ˧˧ h aː w ˨˩
văn học	v a n ˧˧ h a w k͡p̚ ˧˨ ʔ
văn khoa	v a n ˧˧ x w aː ˧˧
văn kiện	v a n ˧˧ k i ə n ˧˨ ʔ
văn lí	v a n ˧˧ l i ˧˦
văn minh	v a n ˧˧ m ï ŋ ˧˧
văn miếu	v a n ˧˧ m i ə w ˧˦
văn mạch	v a n ˧˧ m a j k̟̚ ˧˨ ʔ
văn nghệ	v a n ˧˧ ŋ e ˧˨ ʔ
văn ngôn	v a n ˧˧ ŋ o n ˧˧
văn nhân	v a n ˧˧ ɲ ə n ˧˧
văn phong	v a n ˧˧ f a w ŋ͡m ˧˧
văn pháp	v a n ˧˧ f aː p̚ ˧˦
văn phòng	v a n ˧˧ f a w ŋ͡m ˨˩
văn phòng phẩm	v a n ˧˧ f a w ŋ͡m ˨˩ f ə m ˧˩
văn phạm	v a n ˧˧ f aː m ˧˨ ʔ
văn sĩ	v a n ˧˧ s i ˦ˀ˥
văn tự	v a n ˧˧ t ɨ ˧˨ ʔ
văn võ song toàn	v a n ˧˧ v ɔ ˦ˀ˥ s a w ŋ͡m ˧˧ t w aː n ˨˩
văn vần	v a n ˧˧ v ə n ˨˩
văn vẻ	v a n ˧˧ v ɛ ˧˩
văn xuôi	v a n ˧˧ s u ə j ˧˧
văng	v a ŋ ˧˧
văng tục	v a ŋ ˧˧ t ʊ w k͡p̚ ˧˨ ʔ
văng vẳng	v a ŋ ˧˧ v a ŋ ˧˩
vũ	v u ˦ˀ˥
vũ bão	v u ˦ˀ˥ ʔ ɓ aː w ˦ˀ˥
vũ công	v u ˦ˀ˥ k ə w ŋ͡m ˧˧
vũ cầu	v u ˦ˀ˥ k ə w ˨˩
vũ khí	v u ˦ˀ˥ x i ˧˦
vũ khí huỷ diệt hàng loạt	v u ˦ˀ˥ x i ˧˦ h w i ˧˩ z i ə t̚ ˧˨ ʔ h aː ŋ ˨˩ l w aː t̚ ˧˨ ʔ
vũ khí hạt nhân	v u ˦ˀ˥ x i ˧˦ h aː t̚ ˧˨ ʔ ɲ ə n ˧˧
vũ kế	v u ˦ˀ˥ k e ˧˦
vũ kịch	v u ˦ˀ˥ k ï k̟̚ ˧˨ ʔ
vũ lượng	v u ˦ˀ˥ l ɨ ə ŋ ˧˨ ʔ
vũ lượng kế	v u ˦ˀ˥ l ɨ ə ŋ ˧˨ ʔ k e ˧˦
vũ lực	v u ˦ˀ˥ l ɨ k̚ ˧˨ ʔ
vũ nữ	v u ˦ˀ˥ n ɨ ˦ˀ˥
vũ nữ thoát y	v u ˦ˀ˥ n ɨ ˦ˀ˥ tʰ w aː t̚ ˧˦ ʔ i ˧˧
vũ phu	v u ˦ˀ˥ f u ˧˧
vũ trang	v u ˦ˀ˥ t͡ɕ aː ŋ ˧˧
vũ trường	v u ˦ˀ˥ t͡ɕ ɨ ə ŋ ˨˩
vũ trụ	v u ˦ˀ˥ t͡ɕ u ˧˨ ʔ
vũ trụ học	v u ˦ˀ˥ t͡ɕ u ˧˨ ʔ h a w k͡p̚ ˧˨ ʔ
vũ trụ luận	v u ˦ˀ˥ t͡ɕ u ˧˨ ʔ l w ə n ˧˨ ʔ
vũ điệu	v u ˦ˀ˥ ʔ ɗ i ə w ˧˨ ʔ
vũ đoàn	v u ˦ˀ˥ ʔ ɗ w aː n ˨˩
vũ đài	v u ˦ˀ˥ ʔ ɗ aː j ˨˩
vũ đạo	v u ˦ˀ˥ ʔ ɗ aː w ˧˨ ʔ
vũng	v ʊ w ŋ͡m ˦ˀ˥
vơ	v əː ˧˧
vơ vét	v əː ˧˧ v ɛ t̚ ˧˦
vơ đũa cả nắm	v əː ˧˧ ʔ ɗ u ə ˦ˀ˥ k aː ˧˩ n a m ˧˦
vơi	v əː j ˧˧
vươn	v ɨ ə n ˧˧
vươn mình	v ɨ ə n ˧˧ m ï ŋ ˨˩
vươn ra biển lớn	v ɨ ə n ˧˧ z aː ˧˧ ʔ ɓ i ə n ˧˩ l əː n ˧˦
vương	v ɨ ə ŋ ˧˧
vương gia	v ɨ ə ŋ ˧˧ z aː ˧˧
vương giả	v ɨ ə ŋ ˧˧ z aː ˧˩
vương hậu	v ɨ ə ŋ ˧˧ h ə w ˧˨ ʔ
vương miện	v ɨ ə ŋ ˧˧ m i ə n ˧˨ ʔ
vương phi	v ɨ ə ŋ ˧˧ f i ˧˧
vương quốc	v ɨ ə ŋ ˧˧ k u ə k̚ ˧˦
vương thái hậu	v ɨ ə ŋ ˧˧ tʰ aː j ˧˦ h ə w ˧˨ ʔ
vương triều	v ɨ ə ŋ ˧˧ t͡ɕ i ə w ˨˩
vương tử	v ɨ ə ŋ ˧˧ t ɨ ˧˩
vương vấn	v ɨ ə ŋ ˧˧ v ə n ˧˦
vương đại phi	v ɨ ə ŋ ˧˧ ʔ ɗ aː j ˧˨ ʔ f i ˧˧
vướng	v ɨ ə ŋ ˧˦
vướng mắc	v ɨ ə ŋ ˧˦ m a k̚ ˧˦
vườn	v ɨ ə n ˨˩
vườn bách thú	v ɨ ə n ˨˩ ʔ ɓ a j k̟̚ ˧˦ tʰ u ˧˦
vườn bách thảo	v ɨ ə n ˨˩ ʔ ɓ a j k̟̚ ˧˦ tʰ aː w ˧˩
vườn không nhà trống	v ɨ ə n ˨˩ x ə w ŋ͡m ˧˧ ɲ aː ˨˩ t͡ɕ ə w ŋ͡m ˧˦
vườn quốc gia	v ɨ ə n ˨˩ k u ə k̚ ˧˦ z aː ˧˧
vườn rau	v ɨ ə n ˨˩ z a w ˧˧
vườn thượng uyển	v ɨ ə n ˨˩ tʰ ɨ ə ŋ ˧˨ ʔ ʔ w i ə n ˧˩
vườn trẻ	v ɨ ə n ˨˩ t͡ɕ ɛ ˧˩
vườn ươm	v ɨ ə n ˨˩ ʔ ɨ ə m ˧˧
vưởng	v ɨ ə ŋ ˧˩
vượn	v ɨ ə n ˧˨ ʔ
vượn cáo	v ɨ ə n ˧˨ ʔ k aː w ˧˦
vượng	v ɨ ə ŋ ˧˨ ʔ
vượt	v ɨ ə t̚ ˧˨ ʔ
vượt biên	v ɨ ə t̚ ˧˨ ʔ ʔ ɓ i ə n ˧˧
vượt bậc	v ɨ ə t̚ ˧˨ ʔ ʔ ɓ ə k̚ ˧˨ ʔ
vượt qua	v ɨ ə t̚ ˧˨ ʔ k w aː ˧˧
vượt trội	v ɨ ə t̚ ˧˨ ʔ t͡ɕ o j ˧˨ ʔ
vạ	v aː ˧˨ ʔ
vạ lây	v aː ˧˨ ʔ l ə j ˧˧
vạc	v aː k̚ ˧˨ ʔ
vạch	v a j k̟̚ ˧˨ ʔ
vạch lá tìm sâu	v a j k̟̚ ˧˨ ʔ l aː ˧˦ t i m ˨˩ s ə w ˧˧
vạch ngang	v a j k̟̚ ˧˨ ʔ ŋ aː ŋ ˧˧
vạch trần	v a j k̟̚ ˧˨ ʔ t͡ɕ ə n ˨˩
vạch áo cho người xem lưng	v a j k̟̚ ˧˨ ʔ ʔ aː w ˧˦ t͡ɕ ɔ ˧˧ ŋ ɨ ə j ˨˩ s ɛ m ˧˧ l ɨ ŋ ˧˧
vại	v aː j ˧˨ ʔ
vạm vỡ	v aː m ˧˨ ʔ v əː ˦ˀ˥
vạn	v aː n ˧˨ ʔ
vạn bất đắc dĩ	v aː n ˧˨ ʔ ʔ ɓ ə t̚ ˧˦ ʔ ɗ a k̚ ˧˦ z i ˦ˀ˥
vạn chài	v aː n ˧˨ ʔ t͡ɕ aː j ˨˩
vạn hạnh	v aː n ˧˨ ʔ h a j ŋ̟ ˧˨ ʔ
vạn năng	v aː n ˧˨ ʔ n a ŋ ˧˧
vạn sự	v aː n ˧˨ ʔ s ɨ ˧˨ ʔ
vạn sự khởi đầu nan	v aː n ˧˨ ʔ s ɨ ˧˨ ʔ x əː j ˧˩ ʔ ɗ ə w ˨˩ n aː n ˧˧
vạn sự như ý	v aː n ˧˨ ʔ s ɨ ˧˨ ʔ ɲ ɨ ˧˧ ʔ i ˧˦
vạn thặng	v aː n ˧˨ ʔ tʰ a ŋ ˧˨ ʔ
vạn thọ	v aː n ˧˨ ʔ tʰ ɔ ˧˨ ʔ
vạn tuế	v aː n ˧˨ ʔ t w e ˧˦
vạn vật	v aː n ˧˨ ʔ v ə t̚ ˧˨ ʔ
vạn vật hấp dẫn	v aː n ˧˨ ʔ v ə t̚ ˧˨ ʔ h ə p̚ ˧˦ z ə n ˦ˀ˥
vạn vật học	v aː n ˧˨ ʔ v ə t̚ ˧˨ ʔ h a w k͡p̚ ˧˨ ʔ
vạng	v aː ŋ ˧˨ ʔ
vạt	v aː t̚ ˧˨ ʔ
vả	v aː ˧˩
vả chăng	v aː ˧˩ t͡ɕ a ŋ ˧˧
vả lại	v aː ˧˩ l aː j ˧˨ ʔ
vải	v aː j ˧˩
vải dù	v aː j ˧˩ z u ˨˩
vải vóc	v aː j ˧˩ v a w k͡p̚ ˧˦
vảy	v a j ˧˩
vấn	v ə n ˧˦
vấn nạn	v ə n ˧˦ n aː n ˧˨ ʔ
vấn vương	v ə n ˧˦ v ɨ ə ŋ ˧˧
vấn đáp	v ə n ˧˦ ʔ ɗ aː p̚ ˧˦
vấn đề	v ə n ˧˦ ʔ ɗ e ˨˩
vấp	v ə p̚ ˧˦
vấp ngã	v ə p̚ ˧˦ ŋ aː ˦ˀ˥
vấp váp	v ə p̚ ˧˦ v aː p̚ ˧˦
vất	v ə t̚ ˧˦
vất vưởng	v ə t̚ ˧˦ v ɨ ə ŋ ˧˩
vất vả	v ə t̚ ˧˦ v aː ˧˩
vấy	v ə j ˧˦
vần	v ə n ˨˩
vần thơ	v ə n ˨˩ tʰ əː ˧˧
vần vũ	v ə n ˨˩ v u ˦ˀ˥
vần điệu	v ə n ˨˩ ʔ ɗ i ə w ˧˨ ʔ
vầng	v ə ŋ ˨˩
vầu	v ə w ˨˩
vầy	v ə j ˨˩
vẩn	v ə n ˧˩
vẩn vơ	v ə n ˧˩ v əː ˧˧
vẩn đục	v ə n ˧˩ ʔ ɗ ʊ w k͡p̚ ˧˨ ʔ
vẫn	v ə n ˦ˀ˥
vẫn còn	v ə n ˦ˀ˥ k ɔ n ˨˩
vẫn thạch	v ə n ˦ˀ˥ tʰ a j k̟̚ ˧˨ ʔ
vẫy	v ə j ˦ˀ˥
vận	v ə n ˧˨ ʔ
vận chuyển	v ə n ˧˨ ʔ t͡ɕ w i ə n ˧˩
vận dụng	v ə n ˧˨ ʔ z ʊ w ŋ͡m ˧˨ ʔ
vận hành	v ə n ˧˨ ʔ h a j ŋ̟ ˨˩
vận may	v ə n ˧˨ ʔ m a j ˧˧
vận mệnh	v ə n ˧˨ ʔ m ə j ŋ̟ ˧˨ ʔ
vận mệnh hiển nhiên	v ə n ˧˨ ʔ m ə j ŋ̟ ˧˨ ʔ h i ə n ˧˩ ɲ i ə n ˧˧
vận số	v ə n ˧˨ ʔ s o ˧˦
vận tải	v ə n ˧˨ ʔ t aː j ˧˩
vận tốc	v ə n ˧˨ ʔ t ə w k͡p̚ ˧˦
vận động	v ə n ˧˨ ʔ ʔ ɗ ə w ŋ͡m ˧˨ ʔ
vận động trường	v ə n ˧˨ ʔ ʔ ɗ ə w ŋ͡m ˧˨ ʔ t͡ɕ ɨ ə ŋ ˨˩
vận động viên	v ə n ˧˨ ʔ ʔ ɗ ə w ŋ͡m ˧˨ ʔ v i ə n ˧˧
vật	v ə t̚ ˧˨ ʔ
vật chất	v ə t̚ ˧˨ ʔ t͡ɕ ə t̚ ˧˦
vật chất tối	v ə t̚ ˧˨ ʔ t͡ɕ ə t̚ ˧˦ t o j ˧˦
vật chủ	v ə t̚ ˧˨ ʔ t͡ɕ u ˧˩
vật chứng	v ə t̚ ˧˨ ʔ t͡ɕ ɨ ŋ ˧˦
vật cưng	v ə t̚ ˧˨ ʔ k ɨ ŋ ˧˧
vật cản	v ə t̚ ˧˨ ʔ k aː n ˧˩
vật dục	v ə t̚ ˧˨ ʔ z ʊ w k͡p̚ ˧˨ ʔ
vật dụng	v ə t̚ ˧˨ ʔ z ʊ w ŋ͡m ˧˨ ʔ
vật học	v ə t̚ ˧˨ ʔ h a w k͡p̚ ˧˨ ʔ
vật kính	v ə t̚ ˧˨ ʔ k ï ŋ ˧˦
vật liệu	v ə t̚ ˧˨ ʔ l i ə w ˧˨ ʔ
vật lí	v ə t̚ ˧˨ ʔ l i ˧˦
vật lí cổ điển	v ə t̚ ˧˨ ʔ l i ˧˦ k o ˧˩ ʔ ɗ i ə n ˧˩
vật lí hoá học	v ə t̚ ˧˨ ʔ l i ˧˦ h w aː ˧˦ h a w k͡p̚ ˧˨ ʔ
vật lí học	v ə t̚ ˧˨ ʔ l i ˧˦ h a w k͡p̚ ˧˨ ʔ
vật lộn	v ə t̚ ˧˨ ʔ l o n ˧˨ ʔ
vật phẩm	v ə t̚ ˧˨ ʔ f ə m ˧˩
vật thể	v ə t̚ ˧˨ ʔ tʰ e ˧˩
vật tư	v ə t̚ ˧˨ ʔ t ɨ ˧˧
vật tổ	v ə t̚ ˧˨ ʔ t o ˧˩
vật tự thể	v ə t̚ ˧˨ ʔ t ɨ ˧˨ ʔ tʰ e ˧˩
vật vã	v ə t̚ ˧˨ ʔ v aː ˦ˀ˥
vật vờ	v ə t̚ ˧˨ ʔ v əː ˨˩
vật đen	v ə t̚ ˧˨ ʔ ʔ ɗ ɛ n ˧˧
vật đổi sao dời	v ə t̚ ˧˨ ʔ ʔ ɗ o j ˧˩ s aː w ˧˧ z əː j ˨˩
vậy	v ə j ˧˨ ʔ
vậy hả	v ə j ˧˨ ʔ h aː ˧˩
vậy mà	v ə j ˧˨ ʔ m aː ˨˩
vắn	v a n ˧˦
vắn tắt	v a n ˧˦ t a t̚ ˧˦
vắng	v a ŋ ˧˦
vắng bóng	v a ŋ ˧˦ ʔ ɓ a w ŋ͡m ˧˦
vắng hoe	v a ŋ ˧˦ h w ɛ ˧˧
vắng lặng	v a ŋ ˧˦ l a ŋ ˧˨ ʔ
vắng mặt	v a ŋ ˧˦ m a t̚ ˧˨ ʔ
vắng mợ chợ vẫn đông	v a ŋ ˧˦ m əː ˧˨ ʔ t͡ɕ əː ˧˨ ʔ v ə n ˦ˀ˥ ʔ ɗ ə w ŋ͡m ˧˧
vắng như chùa Bà Đanh	v a ŋ ˧˦ ɲ ɨ ˧˧ t͡ɕ u ə ˨˩ ʔ ɓ aː ˨˩ ʔ ɗ a j ŋ̟ ˧˧
vắng tanh	v a ŋ ˧˦ t a j ŋ̟ ˧˧
vắng vẻ	v a ŋ ˧˦ v ɛ ˧˩
vắt	v a t̚ ˧˦
vắt chân chữ ngũ	v a t̚ ˧˦ t͡ɕ ə n ˧˧ t͡ɕ ɨ ˦ˀ˥ ŋ u ˦ˀ˥
vắt sữa	v a t̚ ˧˦ s ɨ ə ˦ˀ˥
vằn	v a n ˨˩
vằn thắn	v a n ˨˩ tʰ a n ˧˦
vằng	v a ŋ ˨˩
vằng vặc	v a ŋ ˨˩ v a k̚ ˧˨ ʔ
vẳng	v a ŋ ˧˩
vặc	v a k̚ ˧˨ ʔ
vặn	v a n ˧˨ ʔ
vặt	v a t̚ ˧˨ ʔ
vặt vãnh	v a t̚ ˧˨ ʔ v a j ŋ̟ ˦ˀ˥
vẹm	v ɛ m ˧˨ ʔ
vẹn	v ɛ n ˧˨ ʔ
vẹn toàn	v ɛ n ˧˨ ʔ t w aː n ˨˩
vẹo	v ɛ w ˧˨ ʔ
vẹo vọ	v ɛ w ˧˨ ʔ v ɔ ˧˨ ʔ
vẹt	v ɛ t̚ ˧˨ ʔ
vẻ	v ɛ ˧˩
vẻ mặt	v ɛ ˧˩ m a t̚ ˧˨ ʔ
vẻ vang	v ɛ ˧˩ v aː ŋ ˧˧
vẽ	v ɛ ˦ˀ˥
vẽ kiểu	v ɛ ˦ˀ˥ k i ə w ˧˩
vẽ vời	v ɛ ˦ˀ˥ v əː j ˨˩
vế	v e ˧˦
vế câu	v e ˧˦ k ə w ˧˧
vết	v e t̚ ˧˦
vết bẩn	v e t̚ ˧˦ ʔ ɓ ə n ˧˩
vết thương	v e t̚ ˧˦ tʰ ɨ ə ŋ ˧˧
vết tích	v e t̚ ˧˦ t ï k̟̚ ˧˦
vết xước	v e t̚ ˧˦ s ɨ ə k̚ ˧˦
vếu	v e w ˧˦
về	v e ˨˩
về già	v e ˨˩ z aː ˨˩
về hưu	v e ˨˩ h i w ˧˧
về hướng	v e ˨˩ h ɨ ə ŋ ˧˦
về phe	v e ˨˩ f ɛ ˧˧
về phía	v e ˨˩ f i ə ˧˦
vểnh	v ə j ŋ̟ ˧˩
vệ	v e ˧˨ ʔ
vệ binh	v e ˧˨ ʔ ʔ ɓ ï ŋ ˧˧
vệ sinh	v e ˧˨ ʔ s ï ŋ ˧˧
vệ sĩ	v e ˧˨ ʔ s i ˦ˀ˥
vệ tinh	v e ˧˨ ʔ t ï ŋ ˧˧
vện	v e n ˧˨ ʔ
vện vàng	v e n ˧˨ ʔ v aː ŋ ˨˩
vệt	v e t̚ ˧˨ ʔ
vốc	v ə w k͡p̚ ˧˦
vối	v o j ˧˦
vốn	v o n ˧˦
vốn dĩ	v o n ˧˦ z i ˦ˀ˥
vốn liếng	v o n ˧˦ l i ə ŋ ˧˦
vốn từ	v o n ˧˦ t ɨ ˨˩
vốt	v o t̚ ˧˦
vồ	v o ˨˩
vồ vập	v o ˨˩ v ə p̚ ˧˨ ʔ
vồn	v o n ˨˩
vồn vã	v o n ˨˩ v aː ˦ˀ˥
vồng	v ə w ŋ͡m ˨˩
vỗ	v o ˦ˀ˥
vỗ béo	v o ˦ˀ˥ ʔ ɓ ɛ w ˧˦
vỗ tay	v o ˦ˀ˥ t a j ˧˧
vỗ về	v o ˦ˀ˥ v e ˨˩
vội	v o j ˧˨ ʔ
vội vàng	v o j ˧˨ ʔ v aː ŋ ˨˩
vội vã	v o j ˧˨ ʔ v aː ˦ˀ˥
vớ	v əː ˧˦
vớ vẩn	v əː ˧˦ v ə n ˧˩
với	v əː j ˧˦
với chả	v əː j ˧˦ t͡ɕ aː ˧˩
với chẳng	v əː j ˧˦ t͡ɕ a ŋ ˧˩
với lại	v əː j ˧˦ l aː j ˧˨ ʔ
với nhau	v əː j ˧˦ ɲ a w ˧˧
vớt	v əː t̚ ˧˦
vờ	v əː ˨˩
vờ vĩnh	v əː ˨˩ v ï ŋ ˦ˀ˥
vờ vịt	v əː ˨˩ v i t̚ ˧˨ ʔ
vời	v əː j ˨˩
vời vợi	v əː j ˨˩ v əː j ˧˨ ʔ
vờn	v əː n ˨˩
vở	v əː ˧˩
vỡ	v əː ˦ˀ˥
vỡ chợ	v əː ˦ˀ˥ t͡ɕ əː ˧˨ ʔ
vỡ giọng	v əː ˦ˀ˥ z a w ŋ͡m ˧˨ ʔ
vỡ lòng	v əː ˦ˀ˥ l a w ŋ͡m ˨˩
vỡ lẽ	v əː ˦ˀ˥ l ɛ ˦ˀ˥
vỡ lở	v əː ˦ˀ˥ l əː ˧˩
vỡ tan	v əː ˦ˀ˥ t aː n ˧˧
vợ	v əː ˧˨ ʔ
vợ bé	v əː ˧˨ ʔ ʔ ɓ ɛ ˧˦
vợ chồng	v əː ˧˨ ʔ t͡ɕ ə w ŋ͡m ˨˩
vợ lớn	v əː ˧˨ ʔ l əː n ˧˦
vợ vua	v əː ˧˨ ʔ v u ə ˧˧
vợi	v əː j ˧˨ ʔ
vợt	v əː t̚ ˧˨ ʔ
vụ	v u ˧˨ ʔ
vụ kiện	v u ˧˨ ʔ k i ə n ˧˨ ʔ
vụ lợi	v u ˧˨ ʔ l əː j ˧˨ ʔ
vụ mùa	v u ˧˨ ʔ m u ə ˨˩
vụ việc	v u ˧˨ ʔ v i ə k̚ ˧˨ ʔ
vục	v ʊ w k͡p̚ ˧˨ ʔ
vụn	v u n ˧˨ ʔ
vụn vặt	v u n ˧˨ ʔ v a t̚ ˧˨ ʔ
vụng	v ʊ w ŋ͡m ˧˨ ʔ
vụng chèo khéo chống	v ʊ w ŋ͡m ˧˨ ʔ t͡ɕ ɛ w ˨˩ x ɛ w ˧˦ t͡ɕ ə w ŋ͡m ˧˦
vụng về	v ʊ w ŋ͡m ˧˨ ʔ v e ˨˩
vụt	v u t̚ ˧˨ ʔ
vứt	v ɨ t̚ ˧˦
vứt bỏ	v ɨ t̚ ˧˦ ʔ ɓ ɔ ˧˩
vừa	v ɨ ə ˨˩
vừa lòng	v ɨ ə ˨˩ l a w ŋ͡m ˨˩
vừa miệng	v ɨ ə ˨˩ m i ə ŋ ˧˨ ʔ
vừa mắt	v ɨ ə ˨˩ m a t̚ ˧˦
vừa mới	v ɨ ə ˨˩ m əː j ˧˦
vừa phải	v ɨ ə ˨˩ f aː j ˧˩
vừa sức	v ɨ ə ˨˩ s ɨ k̚ ˧˦
vừa vặn	v ɨ ə ˨˩ v a n ˧˨ ʔ
vừa ý	v ɨ ə ˨˩ ʔ i ˧˦
vừa ăn cướp vừa la làng	v ɨ ə ˨˩ ʔ a n ˧˧ k ɨ ə p̚ ˧˦ v ɨ ə ˨˩ l aː ˧˧ l aː ŋ ˨˩
vừa đánh trống vừa ăn cướp	v ɨ ə ˨˩ ʔ ɗ a j ŋ̟ ˧˦ t͡ɕ ə w ŋ͡m ˧˦ v ɨ ə ˨˩ ʔ a n ˧˧ k ɨ ə p̚ ˧˦
vừng	v ɨ ŋ ˨˩
vữa	v ɨ ə ˦ˀ˥
vững	v ɨ ŋ ˦ˀ˥
vững bền	v ɨ ŋ ˦ˀ˥ ʔ ɓ e n ˨˩
vững chãi	v ɨ ŋ ˦ˀ˥ t͡ɕ aː j ˦ˀ˥
vững chắc	v ɨ ŋ ˦ˀ˥ t͡ɕ a k̚ ˧˦
vững mạnh	v ɨ ŋ ˦ˀ˥ m a j ŋ̟ ˧˨ ʔ
vững vàng	v ɨ ŋ ˦ˀ˥ v aː ŋ ˨˩
vựa	v ɨ ə ˧˨ ʔ
vực	v ɨ k̚ ˧˨ ʔ
vực dậy	v ɨ k̚ ˧˨ ʔ z ə j ˧˨ ʔ
w	v e ˧˧ k ɛ p̚ ˧˦
web	ɣ w ɛ p̚ ˧˦
wibu	ɣ w i ˧˧ ʔ ɓ u ˧˧
wibu	ʔ w i ˧˧ ʔ ɓ u ˧˧
xa	s aː ˧˧
xa cách	s aː ˧˧ k a j k̟̚ ˧˦
xa giá	s aː ˧˧ z aː ˧˦
xa hoa	s aː ˧˧ h w aː ˧˧
xa kê	s aː ˧˧ k e ˧˧
xa lánh	s aː ˧˧ l a j ŋ̟ ˧˦
xa lạ	s aː ˧˧ l aː ˧˨ ʔ
xa lắc	s aː ˧˧ l a k̚ ˧˦
xa lắc xa lơ	s aː ˧˧ l a k̚ ˧˦ s aː ˧˧ l əː ˧˧
xa lộ	s aː ˧˧ l o ˧˨ ʔ
xa pô chê	s aː ˧˧ p o ˧˧ t͡ɕ e ˧˧
xa tít	s aː ˧˧ t i t̚ ˧˦
xa vắng	s aː ˧˧ v a ŋ ˧˦
xa xa	s aː ˧˧ s aː ˧˧
xa xôi	s aː ˧˧ s o j ˧˧
xa xăm	s aː ˧˧ s a m ˧˧
xa xưa	s aː ˧˧ s ɨ ə ˧˧
xa xỉ	s aː ˧˧ s i ˧˩
xa xỉ phẩm	s aː ˧˧ s i ˧˩ f ə m ˧˩
xan	s aː n ˧˧
xanh	s a j ŋ̟ ˧˧
xanh biếc	s a j ŋ̟ ˧˧ ʔ ɓ i ə k̚ ˧˦
xanh cỏ	s a j ŋ̟ ˧˧ k ɔ ˧˩
xanh da trời	s a j ŋ̟ ˧˧ z aː ˧˧ t͡ɕ əː j ˨˩
xanh dương	s a j ŋ̟ ˧˧ z ɨ ə ŋ ˧˧
xanh lam	s a j ŋ̟ ˧˧ l aː m ˧˧
xanh lá cây	s a j ŋ̟ ˧˧ l aː ˧˦ k ə j ˧˧
xanh lè	s a j ŋ̟ ˧˧ l ɛ ˨˩
xanh lơ	s a j ŋ̟ ˧˧ l əː ˧˧
xanh lục	s a j ŋ̟ ˧˧ l ʊ w k͡p̚ ˧˨ ʔ
xanh mòng két	s a j ŋ̟ ˧˧ m a w ŋ͡m ˨˩ k ɛ t̚ ˧˦
xanh ngắt	s a j ŋ̟ ˧˧ ŋ a t̚ ˧˦
xanh ngọc	s a j ŋ̟ ˧˧ ŋ a w k͡p̚ ˧˨ ʔ
xanh nước biển	s a j ŋ̟ ˧˧ n ɨ ə k̚ ˧˦ ʔ ɓ i ə n ˧˩
xanh rì	s a j ŋ̟ ˧˧ z i ˨˩
xanh rờn	s a j ŋ̟ ˧˧ z əː n ˨˩
xanh tươi	s a j ŋ̟ ˧˧ t ɨ ə j ˧˧
xanh xao	s a j ŋ̟ ˧˧ s aː w ˧˧
xao lãng	s aː w ˧˧ l aː ŋ ˦ˀ˥
xao xuyến	s aː w ˧˧ s w i ə n ˧˦
xay	s a j ˧˧
xe	s ɛ ˧˧
xe ba gác	s ɛ ˧˧ ʔ ɓ aː ˧˧ ɣ aː k̚ ˧˦
xe ben	s ɛ ˧˧ ʔ ɓ ɛ n ˧˧
xe buýt	s ɛ ˧˧ ʔ ɓ w i t̚ ˧˦
xe bò	s ɛ ˧˧ ʔ ɓ ɔ ˨˩
xe bù ệt	s ɛ ˧˧ ʔ ɓ u ˨˩ ʔ e t̚ ˧˨ ʔ
xe ca	s ɛ ˧˧ k aː ˧˧
xenon	s e ˧˧ n ə w ŋ͡m ˧˧
xeo giấy	s ɛ w ˧˧ z ə j ˧˦
xeri	s ɛ ˧˧ z i ˧˧
xeri	s ɛ ˧˧ ɹ i ˧˧
xesi	s e ˧˧ s i ˧˧
xeton	s e ˧˧ t o n ˧˧
xi	s i ˧˧
xi nhan	s i ˧˧ ɲ aː n ˧˧
xi nhê	s i ˧˧ ɲ e ˧˧
xin	s i n ˧˧
xin chào	s i n ˧˧ t͡ɕ aː w ˨˩
xin lỗi	s i n ˧˧ l o j ˦ˀ˥
xin việc	s i n ˧˧ v i ə k̚ ˧˨ ʔ
xinh	s ï ŋ ˧˧
xinh xắn	s ï ŋ ˧˧ s a n ˧˦
xinh xẻo	s ï ŋ ˧˧ s ɛ w ˧˩
xinh đẹp	s ï ŋ ˧˧ ʔ ɗ ɛ p̚ ˧˨ ʔ
xiêm	s i ə m ˧˧
xiên	s i ə n ˧˧
xiên bẩn	s i ə n ˧˧ ʔ ɓ ə n ˧˩
xiêu	s i ə w ˧˧
xiêu lòng	s i ə w ˧˧ l a w ŋ͡m ˨˩
xiếc	s i ə k̚ ˧˦
xiếm	s i ə m ˧˦
xiết	s i ə t̚ ˧˦
xiềng	s i ə ŋ ˨˩
xiềng xích	s i ə ŋ ˨˩ s ï k̟̚ ˧˦
xiển dương	s i ə n ˧˩ z ɨ ə ŋ ˧˧
xiểng	s i ə ŋ ˧˩
xiểng liểng	s i ə ŋ ˧˩ l i ə ŋ ˧˩
xiệp	s i ə p̚ ˧˨ ʔ
xoa	s w aː ˧˧
xoa bóp	s w aː ˧˧ ʔ ɓ ɔ p̚ ˧˦
xoa dịu	s w aː ˧˧ z i w ˧˨ ʔ
xoan	s w aː n ˧˧
xoang	s w aː ŋ ˧˧
xoay	s w a j ˧˧
xoay chiều	s w a j ˧˧ t͡ɕ i ə w ˨˩
xoay quanh	s w a j ˧˧ k w a j ŋ̟ ˧˧
xoay xở	s w a j ˧˧ s əː ˧˩
xoe	s w ɛ ˧˧
xoi	s ɔ j ˧˧
xoi mói	s ɔ j ˧˧ m ɔ j ˧˦
xong	s a w ŋ͡m ˧˧
xong phim	s a w ŋ͡m ˧˧ f i m ˧˧
xoong	s ɔ ŋ ˧˧
xoài	s w aː j ˨˩
xoài hôi	s w aː j ˨˩ h o j ˧˧
xoàn	s w aː n ˨˩
xoàng	s w aː ŋ ˨˩
xoàng xĩnh	s w aː ŋ ˨˩ s ï ŋ ˦ˀ˥
xoành xoạch	s w a j ŋ̟ ˨˩ s w a j k̟̚ ˧˨ ʔ
xoá	s w aː ˧˦
xoá bỏ	s w aː ˧˦ ʔ ɓ ɔ ˧˩
xoá sổ	s w aː ˧˦ s o ˧˩
xoáy	s w a j ˧˦
xoã	s w aː ˦ˀ˥
xoè	s w ɛ ˨˩
xoăn	s w a n ˧˧
xoạc	s w aː k̚ ˧˨ ʔ
xoảng	s w aː ŋ ˧˩
xoắn	s w a n ˧˦
xoắn xuýt	s w a n ˧˦ s w i t̚ ˧˦
xoắn ốc	s w a n ˧˦ ʔ ə w k͡p̚ ˧˦
xu	s u ˧˧
xu hướng	s u ˧˧ h ɨ ə ŋ ˧˦
xu thế	s u ˧˧ tʰ e ˧˦
xu xoa	s u ˧˧ s w aː ˧˧
xua	s u ə ˧˧
xua tan	s u ə ˧˧ t aː n ˧˧
xua đuổi	s u ə ˧˧ ʔ ɗ u ə j ˧˩
xui	s u j ˧˧
xui xẻo	s u j ˧˧ s ɛ w ˧˩
xum xuê	s u m ˧˧ s w e ˧˧
xung	s ʊ w ŋ͡m ˧˧
xung khắc	s ʊ w ŋ͡m ˧˧ x a k̚ ˧˦
xung kích	s ʊ w ŋ͡m ˧˧ k ï k̟̚ ˧˦
xung phong	s ʊ w ŋ͡m ˧˧ f a w ŋ͡m ˧˧
xung quanh	s ʊ w ŋ͡m ˧˧ k w a j ŋ̟ ˧˧
xung yếu	s ʊ w ŋ͡m ˧˧ ʔ i ə w ˧˦
xung đột	s ʊ w ŋ͡m ˧˧ ʔ ɗ o t̚ ˧˨ ʔ
xupap	s u ˧˧ p aː p̚ ˧˦
xuyên	s w i ə n ˧˧
xuyên khung	s w i ə n ˧˧ x ʊ w ŋ͡m ˧˧
xuyên qua	s w i ə n ˧˧ k w aː ˧˧
xuyên quốc gia	s w i ə n ˧˧ k u ə k̚ ˧˦ z aː ˧˧
xuyên suốt	s w i ə n ˧˧ s u ə t̚ ˧˦
xuyên sơn	s w i ə n ˧˧ s əː n ˧˧
xuyên sơn giáp	s w i ə n ˧˧ s əː n ˧˧ z aː p̚ ˧˦
xuyên tạc	s w i ə n ˧˧ t aː k̚ ˧˨ ʔ
xuyến	s w i ə n ˧˦
xuân	s w ə n ˧˧
xuân hạ thu đông	s w ə n ˧˧ h aː ˧˨ ʔ tʰ u ˧˧ ʔ ɗ ə w ŋ͡m ˧˧
xuân sơn	s w ə n ˧˧ s əː n ˧˧
xuân thu	s w ə n ˧˧ tʰ u ˧˧
xuân tiết	s w ə n ˧˧ t i ə t̚ ˧˦
xuân đào	s w ə n ˧˧ ʔ ɗ aː w ˨˩
xuôi	s u ə j ˧˧
xuôi chiều	s u ə j ˧˧ t͡ɕ i ə w ˨˩
xuôi xị	s u ə j ˧˧ s i ˧˨ ʔ
xuýt	s w i t̚ ˧˦
xuýt xoa	s w i t̚ ˧˦ s w aː ˧˧
xuất	s w ə t̚ ˧˦
xuất bản	s w ə t̚ ˧˦ ʔ ɓ aː n ˧˩
xuất chinh	s w ə t̚ ˧˦ t͡ɕ ï ŋ ˧˧
xuất chúng	s w ə t̚ ˧˦ t͡ɕ ʊ w ŋ͡m ˧˦
xuất cư	s w ə t̚ ˧˦ k ɨ ˧˧
xuất cảng	s w ə t̚ ˧˦ k aː ŋ ˧˩
xuất cảnh	s w ə t̚ ˧˦ k a j ŋ̟ ˧˩
xuất gia	s w ə t̚ ˧˦ z aː ˧˧
xuất giá	s w ə t̚ ˧˦ z aː ˧˦
xuất hiện	s w ə t̚ ˧˦ h i ə n ˧˨ ʔ
xuất huyết	s w ə t̚ ˧˦ h w i ə t̚ ˧˦
xuất khẩu	s w ə t̚ ˧˦ x ə w ˧˩
xuất kì bất ý	s w ə t̚ ˧˦ k i ˨˩ ʔ ɓ ə t̚ ˧˦ ʔ i ˧˦
xuất nhập cảnh	s w ə t̚ ˧˦ ɲ ə p̚ ˧˨ ʔ k a j ŋ̟ ˧˩
xuất nhập khẩu	s w ə t̚ ˧˦ ɲ ə p̚ ˧˨ ʔ x ə w ˧˩
xuất phát	s w ə t̚ ˧˦ f aː t̚ ˧˦
xuất quân	s w ə t̚ ˧˦ k w ə n ˧˧
xuất quỷ nhập thần	s w ə t̚ ˧˦ k w i ˧˩ ɲ ə p̚ ˧˨ ʔ tʰ ə n ˨˩
xuất siêu	s w ə t̚ ˧˦ s i ə w ˧˧
xuất sĩ	s w ə t̚ ˧˦ s i ˦ˀ˥
xuất sắc	s w ə t̚ ˧˦ s a k̚ ˧˦
xuất thân	s w ə t̚ ˧˦ tʰ ə n ˧˧
xuất thần	s w ə t̚ ˧˦ tʰ ə n ˨˩
xuất tinh	s w ə t̚ ˧˦ t ï ŋ ˧˧
xuất trận	s w ə t̚ ˧˦ t͡ɕ ə n ˧˨ ʔ
xuất viện	s w ə t̚ ˧˦ v i ə n ˧˨ ʔ
xuất xứ	s w ə t̚ ˧˦ s ɨ ˧˦
xuất đầu lộ diện	s w ə t̚ ˧˦ ʔ ɗ ə w ˨˩ l o ˧˨ ʔ z i ə n ˧˨ ʔ
xuất ư ý ngoại	s w ə t̚ ˧˦ ʔ ɨ ˧˧ ʔ i ˧˦ ŋ w aː j ˧˨ ʔ
xuề xoà	s w e ˨˩ s w aː ˨˩
xuề xòa	s w e ˨˩ s w aː ˨˩
xuể	s w e ˧˩
xuống	s u ə ŋ ˧˦
xuống cân	s u ə ŋ ˧˦ k ə n ˧˧
xuống cấp	s u ə ŋ ˧˦ k ə p̚ ˧˦
xuống dốc	s u ə ŋ ˧˦ z ə w k͡p̚ ˧˦
xuống hố	s u ə ŋ ˧˦ h o ˧˦
xuống lỗ	s u ə ŋ ˧˦ l o ˦ˀ˥
xuống nước	s u ə ŋ ˧˦ n ɨ ə k̚ ˧˦
xuống số	s u ə ŋ ˧˦ s o ˧˦
xuống tóc	s u ə ŋ ˧˦ t a w k͡p̚ ˧˦
xuồng	s u ə ŋ ˨˩
xuồng ba lá	s u ə ŋ ˨˩ ʔ ɓ aː ˧˧ l aː ˧˦
xuồng cứu sinh	s u ə ŋ ˨˩ k i w ˧˦ s ï ŋ ˧˧
xuỳ	s w i ˨˩
xà	s aː ˨˩
xà beng	s aː ˨˩ ʔ ɓ ɛ ŋ ˧˧
xà bông	s aː ˨˩ ʔ ɓ ə w ŋ͡m ˧˧
xà bần	s aː ˨˩ ʔ ɓ ə n ˨˩
xà cột	s aː ˨˩ k o t̚ ˧˨ ʔ
xà cừ	s aː ˨˩ k ɨ ˨˩
xà lim	s aː ˨˩ l i m ˧˧
xà lách	s aː ˨˩ l a j k̟̚ ˧˦
xà mâu	s aː ˨˩ m ə w ˧˧
xà neng	s aː ˨˩ n ɛ ŋ ˧˧
xà niêng	s aː ˨˩ n i ə ŋ ˧˧
xà phòng	s aː ˨˩ f a w ŋ͡m ˨˩
xà quyền	s aː ˨˩ k w i ə n ˨˩
xà quần	s aː ˨˩ k w ə n ˨˩
xà tích	s aː ˨˩ t ï k̟̚ ˧˦
xà ích	s aː ˨˩ ʔ ï k̟̚ ˧˦
xài	s aː j ˨˩
xài phí	s aː j ˨˩ f i ˧˦
xàm	s aː m ˨˩
xào	s aː w ˨˩
xào xạc	s aː w ˨˩ s aː k̚ ˧˨ ʔ
xá	s aː ˧˦
xá tội	s aː ˧˦ t o j ˧˨ ʔ
xá xíu	s aː ˧˦ s i w ˧˦
xá xị	s aː ˧˦ s i ˧˨ ʔ
xác	s aː k̚ ˧˦
xác chết	s aː k̚ ˧˦ t͡ɕ e t̚ ˧˦
xác lập	s aː k̚ ˧˦ l ə p̚ ˧˨ ʔ
xác minh	s aː k̚ ˧˦ m ï ŋ ˧˧
xác nhận	s aː k̚ ˧˦ ɲ ə n ˧˨ ʔ
xác pháo	s aː k̚ ˧˦ f aː w ˧˦
xác suất	s aː k̚ ˧˦ s w ə t̚ ˧˦
xác thịt	s aː k̚ ˧˦ tʰ i t̚ ˧˨ ʔ
xác thực	s aː k̚ ˧˦ tʰ ɨ k̚ ˧˨ ʔ
xác đáng	s aː k̚ ˧˦ ʔ ɗ aː ŋ ˧˦
xác định	s aː k̚ ˧˦ ʔ ɗ ï ŋ ˧˨ ʔ
xác ướp	s aː k̚ ˧˦ ʔ ɨ ə p̚ ˧˦
xách	s a j k̟̚ ˧˦
xách tay	s a j k̟̚ ˧˦ t a j ˧˧
xái	s aː j ˧˦
xám	s aː m ˧˦
xám xịt	s aː m ˧˦ s i t̚ ˧˨ ʔ
xán lạn	s aː n ˧˦ l aː n ˧˨ ʔ
xáng	s aː ŋ ˧˦
xáo	s aː w ˧˦
xáo trộn	s aː w ˧˦ t͡ɕ o n ˧˨ ʔ
xáo động	s aː w ˧˦ ʔ ɗ ə w ŋ͡m ˧˨ ʔ
xáp	s aː p̚ ˧˦
xáp lá cà	s aː p̚ ˧˦ l aː ˧˦ k aː ˨˩
xát	s aː t̚ ˧˦
xát muối vào vết thương	s aː t̚ ˧˦ m u ə j ˧˦ v aː w ˨˩ v e t̚ ˧˦ tʰ ɨ ə ŋ ˧˧
xáy	s a j ˧˦
xâm	s ə m ˧˧
xâm chiếm	s ə m ˧˧ t͡ɕ i ə m ˧˦
xâm hại	s ə m ˧˧ h aː j ˧˨ ʔ
xâm lăng	s ə m ˧˧ l a ŋ ˧˧
xâm lược	s ə m ˧˧ l ɨ ə k̚ ˧˨ ʔ
xâm lấn	s ə m ˧˧ l ə n ˧˦
xâm nhập	s ə m ˧˧ ɲ ə p̚ ˧˨ ʔ
xâm phạm	s ə m ˧˧ f aː m ˧˨ ʔ
xâm thực	s ə m ˧˧ tʰ ɨ k̚ ˧˨ ʔ
xâm đoạt	s ə m ˧˧ ʔ ɗ w aː t̚ ˧˨ ʔ
xâu	s ə w ˧˧
xâu chuỗi	s ə w ˧˧ t͡ɕ u ə j ˦ˀ˥
xâu xé	s ə w ˧˧ s ɛ ˧˦
xây	s ə j ˧˧
xây cất	s ə j ˧˧ k ə t̚ ˧˦
xây dựng	s ə j ˧˧ z ɨ ŋ ˧˨ ʔ
xây đắp	s ə j ˧˧ ʔ ɗ a p̚ ˧˦
xã	s aː ˦ˀ˥
xã giao	s aː ˦ˀ˥ z aː w ˧˧
xã hội	s aː ˦ˀ˥ h o j ˧˨ ʔ
xã hội chủ nghĩa	s aː ˦ˀ˥ h o j ˧˨ ʔ t͡ɕ u ˧˩ ŋ i ə ˦ˀ˥
xã hội hoá	s aː ˦ˀ˥ h o j ˧˨ ʔ h w aː ˧˦
xã hội học	s aː ˦ˀ˥ h o j ˧˨ ʔ h a w k͡p̚ ˧˨ ʔ
xã hội đen	s aː ˦ˀ˥ h o j ˧˨ ʔ ʔ ɗ ɛ n ˧˧
xã tắc	s aː ˦ˀ˥ t a k̚ ˧˦
xã đoàn	s aː ˦ˀ˥ ʔ ɗ w aː n ˨˩
xèo	s ɛ w ˨˩
xé	s ɛ ˧˦
xéo	s ɛ w ˧˦
xéo xắt	s ɛ w ˧˦ s a t̚ ˧˦
xép	s ɛ p̚ ˧˦
xét	s ɛ t̚ ˧˦
xét nghiệm	s ɛ t̚ ˧˦ ŋ i ə m ˧˨ ʔ
xét nét	s ɛ t̚ ˧˦ n ɛ t̚ ˧˦
xét xử	s ɛ t̚ ˧˦ s ɨ ˧˩
xét đoán	s ɛ t̚ ˧˦ ʔ ɗ w aː n ˧˦
xê	s e ˧˧
xê dịch	s e ˧˧ z ï k̟̚ ˧˨ ʔ
xêm xêm	s e m ˧˧ s e m ˧˧
xênh xang	s ə j ŋ̟ ˧˧ s aː ŋ ˧˧
xì	s i ˨˩
xì dách	s i ˨˩ z a j k̟̚ ˧˦
xì dầu	s i ˨˩ z ə w ˨˩
xì ke	s i ˨˩ k ɛ ˧˧
xì phé	s i ˨˩ f ɛ ˧˦
xì trum	s i ˨˩ t͡ɕ u m ˧˧
xì trây	s i ˨˩ t͡ɕ ə j ˧˧
xì tố	s i ˨˩ t o ˧˦
xì xào	s i ˨˩ s aː w ˨˩
xì xụp	s i ˨˩ s u p̚ ˧˨ ʔ
xìa	s i ə ˨˩
xình xịch	s ï ŋ ˨˩ s ï k̟̚ ˧˨ ʔ
xìu	s i w ˨˩
xí	s i ˧˦
xí hổ	s i ˧˦ h o ˧˩
xí muội	s i ˧˦ m u ə j ˧˨ ʔ
xí nghiệp	s i ˧˦ ŋ i ə p̚ ˧˨ ʔ
xí ngầu	s i ˧˦ ŋ ə w ˨˩
xí quách	s i ˧˦ k w a j k̟̚ ˧˦
xí xoá	s i ˧˦ s w aː ˧˦
xí xớn	s i ˧˦ s əː n ˧˦
xía	s i ə ˧˦
xích	s ï k̟̚ ˧˦
xích hậu	s ï k̟̚ ˧˦ h ə w ˧˨ ʔ
xích kinh	s ï k̟̚ ˧˦ k ï ŋ ˧˧
xích lô	s ï k̟̚ ˧˦ l o ˧˧
xích mích	s ï k̟̚ ˧˦ m ï k̟̚ ˧˦
xích mạ	s ï k̟̚ ˧˦ m aː ˧˨ ʔ
xích vĩ	s ï k̟̚ ˧˦ v i ˦ˀ˥
xích đu	s ï k̟̚ ˧˦ ʔ ɗ u ˧˧
xích đạo	s ï k̟̚ ˧˦ ʔ ɗ aː w ˧˨ ʔ
xích địa	s ï k̟̚ ˧˦ ʔ ɗ i ə ˧˨ ʔ
xíu	s i w ˧˦
xíu mại	s i w ˧˦ m aː j ˧˨ ʔ
xó	s ɔ ˧˦
xó xỉnh	s ɔ ˧˦ s ï ŋ ˧˩
xóc	s a w k͡p̚ ˧˦
xói	s ɔ j ˧˦
xói mòn	s ɔ j ˧˦ m ɔ n ˨˩
xóm	s ɔ m ˧˦
xóm làng	s ɔ m ˧˦ l aː ŋ ˨˩
xóm nhà lá	s ɔ m ˧˦ ɲ aː ˨˩ l aː ˧˦
xót	s ɔ t̚ ˧˦
xót thương	s ɔ t̚ ˧˦ tʰ ɨ ə ŋ ˧˧
xót xa	s ɔ t̚ ˧˦ s aː ˧˧
xô	s o ˧˧
xô bồ	s o ˧˧ ʔ ɓ o ˨˩
xô rạp	s o ˧˧ z aː p̚ ˧˨ ʔ
xô xát	s o ˧˧ s aː t̚ ˧˦
xô đẩy	s o ˧˧ ʔ ɗ ə j ˧˩
xôi	s o j ˧˧
xôi cadé	s o j ˧˧ k aː ˧˧ z ɛ ˧˦
xôi vò	s o j ˧˧ v ɔ ˨˩
xôn xao	s o n ˧˧ s aː w ˧˧
xông	s ə w ŋ͡m ˧˧
xông nhà	s ə w ŋ͡m ˧˧ ɲ aː ˨˩
xông pha	s ə w ŋ͡m ˧˧ f aː ˧˧
xông xáo	s ə w ŋ͡m ˧˧ s aː w ˧˦
xông đất	s ə w ŋ͡m ˧˧ ʔ ɗ ə t̚ ˧˦
xõng	s a w ŋ͡m ˦ˀ˥
xù	s u ˨˩
xù xì	s u ˨˩ s i ˨˩
xùm xoà	s u m ˨˩ s w aː ˨˩
xú uế	s u ˧˦ ʔ w e ˧˦
xú xuân	s u ˧˦ s w ə n ˧˧
xúc	s ʊ w k͡p̚ ˧˦
xúc giác	s ʊ w k͡p̚ ˧˦ z aː k̚ ˧˦
xúc phạm	s ʊ w k͡p̚ ˧˦ f aː m ˧˨ ʔ
xúc than	s ʊ w k͡p̚ ˧˦ tʰ aː n ˧˧
xúc tiến	s ʊ w k͡p̚ ˧˦ t i ə n ˧˦
xúc tu	s ʊ w k͡p̚ ˧˦ t u ˧˧
xúc tác	s ʊ w k͡p̚ ˧˦ t aː k̚ ˧˦
xúc xích	s ʊ w k͡p̚ ˧˦ s ï k̟̚ ˧˦
xúc xắc	s ʊ w k͡p̚ ˧˦ s a k̚ ˧˦
xúc động	s ʊ w k͡p̚ ˧˦ ʔ ɗ ə w ŋ͡m ˧˨ ʔ
xúi	s u j ˧˦
xúi giục	s u j ˧˦ z ʊ w k͡p̚ ˧˨ ʔ
xúi hẻo	s u j ˧˦ h ɛ w ˧˩
xúi quẩy	s u j ˧˦ k w ə j ˧˩
xúm	s u m ˧˦
xúm xít	s u m ˧˦ s i t̚ ˧˦
xúng xính	s ʊ w ŋ͡m ˧˦ s ï ŋ ˧˦
xúp	s u p̚ ˧˦
xúp cua	s u p̚ ˧˦ k u ə ˧˧
xút	s u t̚ ˧˦
xăm	s a m ˧˧
xăm xăm	s a m ˧˧ s a m ˧˧
xăng	s a ŋ ˧˧
xăng nhớt	s a ŋ ˧˧ ɲ əː t̚ ˧˦
xăng xái	s a ŋ ˧˧ s aː j ˧˦
xơ	s əː ˧˧
xơ cua	s əː ˧˧ k u ə ˧˧
xơ cứng	s əː ˧˧ k ɨ ŋ ˧˦
xơ cứng rải rác	s əː ˧˧ k ɨ ŋ ˧˦ z aː j ˧˩ z aː k̚ ˧˦
xơ gan	s əː ˧˧ ɣ aː n ˧˧
xơ hoá	s əː ˧˧ h w aː ˧˦
xơ múi	s əː ˧˧ m u j ˧˦
xơ rơ	s əː ˧˧ z əː ˧˧
xơ xác	s əː ˧˧ s aː k̚ ˧˦
xơi	s əː j ˧˧
xư	s ɨ ˧˧
xưa	s ɨ ə ˧˧
xưa kia	s ɨ ə ˧˧ k i ə ˧˧
xưa lắc xưa lơ	s ɨ ə ˧˧ l a k̚ ˧˦ s ɨ ə ˧˧ l əː ˧˧
xưa nay	s ɨ ə ˧˧ n a j ˧˧
xưng	s ɨ ŋ ˧˧
xưng bá	s ɨ ŋ ˧˧ ʔ ɓ aː ˧˦
xưng hiệu	s ɨ ŋ ˧˧ h i ə w ˧˨ ʔ
xưng hô	s ɨ ŋ ˧˧ h o ˧˧
xưng hùng	s ɨ ŋ ˧˧ h ʊ w ŋ͡m ˨˩
xưng tội	s ɨ ŋ ˧˧ t o j ˧˨ ʔ
xưng xưng	s ɨ ŋ ˧˧ s ɨ ŋ ˧˧
xương	s ɨ ə ŋ ˧˧
xương bàn đạp	s ɨ ə ŋ ˧˧ ʔ ɓ aː n ˨˩ ʔ ɗ aː p̚ ˧˨ ʔ
xương búa	s ɨ ə ŋ ˧˧ ʔ ɓ u ə ˧˦
xương bướm	s ɨ ə ŋ ˧˧ ʔ ɓ ɨ ə m ˧˦
xương chày	s ɨ ə ŋ ˧˧ t͡ɕ a j ˨˩
xương chậu	s ɨ ə ŋ ˧˧ t͡ɕ ə w ˧˨ ʔ
xương cùng	s ɨ ə ŋ ˧˧ k ʊ w ŋ͡m ˨˩
xương cả	s ɨ ə ŋ ˧˧ k aː ˧˩
xương cụt	s ɨ ə ŋ ˧˧ k u t̚ ˧˨ ʔ
xương dăm	s ɨ ə ŋ ˧˧ z a m ˧˧
xương hàm dưới	s ɨ ə ŋ ˧˧ h aː m ˨˩ z ɨ ə j ˧˦
xương hàm trên	s ɨ ə ŋ ˧˧ h aː m ˨˩ t͡ɕ e n ˧˧
xương hộp	s ɨ ə ŋ ˧˧ h o p̚ ˧˨ ʔ
xương lá mía	s ɨ ə ŋ ˧˧ l aː ˧˦ m i ə ˧˦
xương lệ	s ɨ ə ŋ ˧˧ l e ˧˨ ʔ
xương móc	s ɨ ə ŋ ˧˧ m a w k͡p̚ ˧˦
xương nguyệt	s ɨ ə ŋ ˧˧ ŋ w i ə t̚ ˧˨ ʔ
xương quai xanh	s ɨ ə ŋ ˧˧ k w aː j ˧˧ s a j ŋ̟ ˧˧
xương quay	s ɨ ə ŋ ˧˧ k w a j ˧˧
xương rắn	s ɨ ə ŋ ˧˧ z a n ˧˦
xương rồng	s ɨ ə ŋ ˧˧ z ə w ŋ͡m ˨˩
xương sàng	s ɨ ə ŋ ˧˧ s aː ŋ ˨˩
xương sên	s ɨ ə ŋ ˧˧ s e n ˧˧
xương sườn	s ɨ ə ŋ ˧˧ s ɨ ə n ˨˩
xương sống	s ɨ ə ŋ ˧˧ s ə w ŋ͡m ˧˦
xương thang	s ɨ ə ŋ ˧˧ tʰ aː ŋ ˧˧
xương thuyền	s ɨ ə ŋ ˧˧ tʰ w i ə n ˨˩
xương thái dương	s ɨ ə ŋ ˧˧ tʰ aː j ˧˦ z ɨ ə ŋ ˧˧
xương tháp	s ɨ ə ŋ ˧˧ tʰ aː p̚ ˧˦
xương thê	s ɨ ə ŋ ˧˧ tʰ e ˧˧
xương trán	s ɨ ə ŋ ˧˧ t͡ɕ aː n ˧˦
xương trụ	s ɨ ə ŋ ˧˧ t͡ɕ u ˧˨ ʔ
xương xương	s ɨ ə ŋ ˧˧ s ɨ ə ŋ ˧˧
xương xẩu	s ɨ ə ŋ ˧˧ s ə w ˧˩
xương đe	s ɨ ə ŋ ˧˧ ʔ ɗ ɛ ˧˧
xương đòn	s ɨ ə ŋ ˧˧ ʔ ɗ ɔ n ˨˩
xương đậu	s ɨ ə ŋ ˧˧ ʔ ɗ ə w ˧˨ ʔ
xương đỉnh	s ɨ ə ŋ ˧˧ ʔ ɗ ï ŋ ˧˩
xước	s ɨ ə k̚ ˧˦
xướng	s ɨ ə ŋ ˧˦
xướng ca	s ɨ ə ŋ ˧˦ k aː ˧˧
xướng ca vô loài	s ɨ ə ŋ ˧˦ k aː ˧˧ v o ˧˧ l w aː j ˨˩
xướng danh	s ɨ ə ŋ ˧˦ z a j ŋ̟ ˧˧
xướng ngôn viên	s ɨ ə ŋ ˧˦ ŋ o n ˧˧ v i ə n ˧˧
xường xám	s ɨ ə ŋ ˨˩ s aː m ˧˦
xưởng	s ɨ ə ŋ ˧˩
xạ hương	s aː ˧˨ ʔ h ɨ ə ŋ ˧˧
xạ khuẩn	s aː ˧˨ ʔ x w ə n ˧˩
xạ thủ	s aː ˧˨ ʔ tʰ u ˧˩
xạ thủ bắn tỉa	s aː ˧˨ ʔ tʰ u ˧˩ ʔ ɓ a n ˧˦ t i ə ˧˩
xạ trị	s aː ˧˨ ʔ t͡ɕ i ˧˨ ʔ
xạ tuyến	s aː ˧˨ ʔ t w i ə n ˧˦
xạm	s aː m ˧˨ ʔ
xạo	s aː w ˧˨ ʔ
xả	s aː ˧˩
xả láng	s aː ˧˩ l aː ŋ ˧˦
xảo	s aː w ˧˩
xảo diệu	s aː w ˧˩ z i ə w ˧˨ ʔ
xảo ngôn	s aː w ˧˩ ŋ o n ˧˧
xảo quyệt	s aː w ˧˩ k w i ə t̚ ˧˨ ʔ
xảo thuật	s aː w ˧˩ tʰ w ə t̚ ˧˨ ʔ
xảo trá	s aː w ˧˩ t͡ɕ aː ˧˦
xảy	s a j ˧˩
xấc	s ə k̚ ˧˦
xấc láo	s ə k̚ ˧˦ l aː w ˧˦
xấc xược	s ə k̚ ˧˦ s ɨ ə k̚ ˧˨ ʔ
xấp	s ə p̚ ˧˦
xấp xỉ	s ə p̚ ˧˦ s i ˧˩
xấu	s ə w ˧˦
xấu bụng	s ə w ˧˦ ʔ ɓ ʊ w ŋ͡m ˧˨ ʔ
xấu hoắc	s ə w ˧˦ h w a k̚ ˧˦
xấu hổ	s ə w ˧˦ h o ˧˩
xấu số	s ə w ˧˦ s o ˧˦
xấu tính	s ə w ˧˦ t ï ŋ ˧˦
xấu xa	s ə w ˧˦ s aː ˧˧
xấu xí	s ə w ˧˦ s i ˧˦
xầm xì	s ə m ˨˩ s i ˨˩
xẩm	s ə m ˧˩
xập xoè	s ə p̚ ˧˨ ʔ s w ɛ ˨˩
xập xình	s ə p̚ ˧˨ ʔ s ï ŋ ˨˩
xập xí xập ngầu	s ə p̚ ˧˨ ʔ s i ˧˦ s ə p̚ ˧˨ ʔ ŋ ə w ˨˩
xắc	s a k̚ ˧˦
xắc cốt	s a k̚ ˧˦ k o t̚ ˧˦
xắn	s a n ˧˦
xắt	s a t̚ ˧˦
xẵng	s a ŋ ˦ˀ˥
xẹo	s ɛ w ˧˨ ʔ
xẹp	s ɛ p̚ ˧˨ ʔ
xẹp lép	s ɛ p̚ ˧˨ ʔ l ɛ p̚ ˧˦
xẻo	s ɛ w ˧˩
xế	s e ˧˦
xế chiều	s e ˧˦ t͡ɕ i ə w ˨˩
xế hộp	s e ˧˦ h o p̚ ˧˨ ʔ
xế điếc	s e ˧˦ ʔ ɗ i ə k̚ ˧˦
xế độp	s e ˧˦ ʔ ɗ o p̚ ˧˨ ʔ
xếch	s ə j k̟̚ ˧˦
xếp	s e p̚ ˧˦
xếp bằng	s e p̚ ˧˦ ʔ ɓ a ŋ ˨˩
xếp hàng	s e p̚ ˧˦ h aː ŋ ˨˩
xếp hình	s e p̚ ˧˦ h ï ŋ ˨˩
xếp hạng	s e p̚ ˧˦ h aː ŋ ˧˨ ʔ
xếp đặt	s e p̚ ˧˦ ʔ ɗ a t̚ ˧˨ ʔ
xệ	s e ˧˨ ʔ
xệch	s ə j k̟̚ ˧˨ ʔ
xỉ	s i ˧˩
xỉa	s i ə ˧˩
xỉn	s i n ˧˩
xỉu	s i w ˧˩
xị	s i ˧˨ ʔ
xịch	s ï k̟̚ ˧˨ ʔ
xịn	s i n ˧˨ ʔ
xịn xò	s i n ˧˨ ʔ s ɔ ˨˩
xịt	s i t̚ ˧˨ ʔ
xịu	s i w ˧˨ ʔ
xỏ	s ɔ ˧˩
xỏ lá	s ɔ ˧˩ l aː ˧˦
xỏ lá ba que	s ɔ ˧˩ l aː ˧˦ ʔ ɓ aː ˧˧ k w ɛ ˧˧
xỏ mũi	s ɔ ˧˩ m u j ˦ˀ˥
xốc	s ə w k͡p̚ ˧˦
xốc nổi	s ə w k͡p̚ ˧˦ n o j ˧˩
xốc vác	s ə w k͡p̚ ˧˦ v aː k̚ ˧˦
xốc xếch	s ə w k͡p̚ ˧˦ s ə j k̟̚ ˧˦
xối	s o j ˧˦
xối xả	s o j ˧˦ s aː ˧˩
xống	s ə w ŋ͡m ˧˦
xốp	s o p̚ ˧˦
xốt	s o t̚ ˧˦
xốt vang	s o t̚ ˧˦ v aː ŋ ˧˧
xổ	s o ˧˩
xổ số	s o ˧˩ s o ˧˦
xổi	s o j ˧˩
xộ khám	s o ˧˨ ʔ x aː m ˧˦
xộc	s ə w k͡p̚ ˧˨ ʔ
xới	s əː j ˧˦
xờ nhẹ	s əː ˨˩ ɲ ɛ ˧˨ ʔ
xởi lởi	s əː j ˧˩ l əː j ˧˩
xủng xoảng	s ʊ w ŋ͡m ˧˩ s w aː ŋ ˧˩
xứ	s ɨ ˧˦
xứ Mũi	s ɨ ˧˦ m u j ˦ˀ˥
xứ Nghệ	s ɨ ˧˦ ŋ e ˧˨ ʔ
xứ Quảng	s ɨ ˧˦ k w aː ŋ ˧˩
xứ Thanh	s ɨ ˧˦ tʰ a j ŋ̟ ˧˧
xứ Uên	s ɨ ˧˦ ʔ w e n ˧˧
xứ người	s ɨ ˧˦ ŋ ɨ ə j ˨˩
xứ sở	s ɨ ˧˦ s əː ˧˩
xức	s ɨ k̚ ˧˦
xứng	s ɨ ŋ ˧˦
xứng đáng	s ɨ ŋ ˧˦ ʔ ɗ aː ŋ ˧˦
xứng đôi	s ɨ ŋ ˧˦ ʔ ɗ o j ˧˧
xử	s ɨ ˧˩
xử dụng	s ɨ ˧˩ z ʊ w ŋ͡m ˧˨ ʔ
xử lí	s ɨ ˧˩ l i ˧˦
xử lí ngôn ngữ tự nhiên	s ɨ ˧˩ l i ˧˦ ŋ o n ˧˧ ŋ ɨ ˦ˀ˥ t ɨ ˧˨ ʔ ɲ i ə n ˧˧
xử phạt	s ɨ ˧˩ f aː t̚ ˧˨ ʔ
xử trí	s ɨ ˧˩ t͡ɕ i ˧˦
xử tử	s ɨ ˧˩ t ɨ ˧˩
xửng	s ɨ ŋ ˧˩
xực	s ɨ k̚ ˧˨ ʔ
y	ʔ i ˧˧
y chang	ʔ i ˧˧ t͡ɕ aː ŋ ˧˧
y cụ	ʔ i ˧˧ k u ˧˨ ʔ
y dược	ʔ i ˧˧ z ɨ ə k̚ ˧˨ ʔ
y hệt	ʔ i ˧˧ h e t̚ ˧˨ ʔ
y học	ʔ i ˧˧ h a w k͡p̚ ˧˨ ʔ
y khoa	ʔ i ˧˧ x w aː ˧˧
y lệnh	ʔ i ˧˧ l ə j ŋ̟ ˧˨ ʔ
y nghiệp	ʔ i ˧˧ ŋ i ə p̚ ˧˨ ʔ
y nguyên	ʔ i ˧˧ ŋ w i ə n ˧˧
y như	ʔ i ˧˧ ɲ ɨ ˧˧
y như rằng	ʔ i ˧˧ ɲ ɨ ˧˧ z a ŋ ˨˩
y phí	ʔ i ˧˧ f i ˧˦
y phục	ʔ i ˧˧ f ʊ w k͡p̚ ˧˨ ʔ
y sinh	ʔ i ˧˧ s ï ŋ ˧˧
y sĩ	ʔ i ˧˧ s i ˦ˀ˥
y tá	ʔ i ˧˧ t aː ˧˦
y tế	ʔ i ˧˧ t e ˧˦
y viện	ʔ i ˧˧ v i ə n ˧˨ ʔ
y văn	ʔ i ˧˧ v a n ˧˧
y xì	ʔ i ˧˧ s i ˨˩
y án	ʔ i ˧˧ ʔ aː n ˧˦
y đạo	ʔ i ˧˧ ʔ ɗ aː w ˧˨ ʔ
y đức	ʔ i ˧˧ ʔ ɗ ɨ k̚ ˧˦
ytecbi	ʔ i ˧˧ t ɛ k̚ ˧˦ ʔ ɓ i ˧˧
ytri	ʔ i ˧˧ t͡ɕ i ˧˧
yên	ʔ i ə n ˧˧
yên bình	ʔ i ə n ˧˧ ʔ ɓ ï ŋ ˨˩
yên giấc	ʔ i ə n ˧˧ z ə k̚ ˧˦
yên lành	ʔ i ə n ˧˧ l a j ŋ̟ ˨˩
yên lòng	ʔ i ə n ˧˧ l a w ŋ͡m ˨˩
yên lặng	ʔ i ə n ˧˧ l a ŋ ˧˨ ʔ
yên nghỉ	ʔ i ə n ˧˧ ŋ i ˧˩
yên sĩ phi lí thuần	ʔ i ə n ˧˧ s i ˦ˀ˥ f i ˧˧ l i ˧˦ tʰ w ə n ˨˩
yên thân	ʔ i ə n ˧˧ tʰ ə n ˧˧
yên trí	ʔ i ə n ˧˧ t͡ɕ i ˧˦
yên tâm	ʔ i ə n ˧˧ t ə m ˧˧
yên tĩnh	ʔ i ə n ˧˧ t ï ŋ ˦ˀ˥
yên vui	ʔ i ə n ˧˧ v u j ˧˧
yên ả	ʔ i ə n ˧˧ ʔ aː ˧˩
yên ắng	ʔ i ə n ˧˧ ʔ a ŋ ˧˦
yên ổn	ʔ i ə n ˧˧ ʔ o n ˧˩
yêng hùng	ʔ i ə ŋ ˧˧ h ʊ w ŋ͡m ˨˩
yêu	ʔ i ə w ˧˧
yêu chiều	ʔ i ə w ˧˧ t͡ɕ i ə w ˨˩
yêu cầu	ʔ i ə w ˧˧ k ə w ˨˩
yêu dấu	ʔ i ə w ˧˧ z ə w ˧˦
yêu kiều	ʔ i ə w ˧˧ k i ə w ˨˩
yêu mến	ʔ i ə w ˧˧ m e n ˧˦
yêu nước	ʔ i ə w ˧˧ n ɨ ə k̚ ˧˦
yêu quái	ʔ i ə w ˧˧ k w aː j ˧˦
yêu quý	ʔ i ə w ˧˧ k w i ˧˦
yêu sách	ʔ i ə w ˧˧ s a j k̟̚ ˧˦
yêu thuật	ʔ i ə w ˧˧ tʰ w ə t̚ ˧˨ ʔ
yêu thích	ʔ i ə w ˧˧ tʰ ï k̟̚ ˧˦
yêu thương	ʔ i ə w ˧˧ tʰ ɨ ə ŋ ˧˧
yêu tinh	ʔ i ə w ˧˧ t ï ŋ ˧˧
yêu đương	ʔ i ə w ˧˧ ʔ ɗ ɨ ə ŋ ˧˧
yêu đời	ʔ i ə w ˧˧ ʔ ɗ əː j ˨˩
yếm	ʔ i ə m ˧˦
yếm khí	ʔ i ə m ˧˦ x i ˧˦
yến	ʔ i ə n ˧˦
yến mạch	ʔ i ə n ˧˦ m a j k̟̚ ˧˨ ʔ
yến sào	ʔ i ə n ˧˦ s aː w ˨˩
yến ẩm	ʔ i ə n ˧˦ ʔ ə m ˧˩
yếng sáng	ʔ i ə ŋ ˧˦ s aː ŋ ˧˦
yết hầu	ʔ i ə t̚ ˧˦ h ə w ˨˩
yết kiến	ʔ i ə t̚ ˧˦ k i ə n ˧˦
yếu	ʔ i ə w ˧˦
yếu bóng vía	ʔ i ə w ˧˦ ʔ ɓ a w ŋ͡m ˧˦ v i ə ˧˦
yếu chỉ	ʔ i ə w ˧˦ t͡ɕ i ˧˩
yếu kém	ʔ i ə w ˧˦ k ɛ m ˧˦
yếu lĩnh	ʔ i ə w ˧˦ l ï ŋ ˦ˀ˥
yếu thế	ʔ i ə w ˧˦ tʰ e ˧˦
yếu tố	ʔ i ə w ˧˦ t o ˧˦
yếu điểm	ʔ i ə w ˧˦ ʔ ɗ i ə m ˧˩
yếu đuối	ʔ i ə w ˧˦ ʔ ɗ u ə j ˧˦
yếu ớt	ʔ i ə w ˧˦ ʔ əː t̚ ˧˦
yểm	ʔ i ə m ˧˩
yểm trợ	ʔ i ə m ˧˩ t͡ɕ əː ˧˨ ʔ
yểng	ʔ i ə ŋ ˧˩
yểu	ʔ i ə w ˧˩
yểu điệu	ʔ i ə w ˧˩ ʔ ɗ i ə w ˧˨ ʔ
ziriconi	z i ˧˧ z i ˧˧ k ɔ ˧˧ n i ˧˧
ziriconi	z i ˧˧ ɹ i ˧˧ k ɔ ˧˧ n i ˧˧
À	ʔ aː ˨˩
Á	ʔ aː ˧˦
Á Căn Đình	ʔ aː ˧˦ k a n ˧˧ ʔ ɗ ï ŋ ˨˩
Á Tế Á	ʔ aː ˧˦ t e ˧˦ ʔ aː ˧˦
Á Vận Hội	ʔ aː ˧˦ v ə n ˧˨ ʔ h o j ˧˨ ʔ
Á châu	ʔ aː ˧˦ t͡ɕ ə w ˧˧
Á rập	ʔ aː ˧˦ z ə p̚ ˧˨ ʔ
Á Đông	ʔ aː ˧˦ ʔ ɗ ə w ŋ͡m ˧˧
Ái Nghĩa	ʔ aː j ˧˦ ŋ i ə ˦ˀ˥
Ái Nhĩ Lan	ʔ aː j ˧˦ ɲ i ˦ˀ˥ l aː n ˧˧
Ái Tân Giác La	ʔ aː j ˧˦ t ə n ˧˧ z aː k̚ ˧˦ l aː ˧˧
Ái quốc ca	ʔ aː j ˧˦ k u ə k̚ ˧˦ k aː ˧˧
Ánh	ʔ a j ŋ̟ ˧˦
Â	ʔ əː ˧˦
Ã	ʔ aː ˦ˀ˥
È	ʔ ɛ ˨˩
É	ʔ ɛ ˧˦
Ê	ʔ e ˧˧
Êugêniô	ʔ e w ˧˧ ɣ e n ˧˧ n i ˧˧ ʔ o ˧˧
Ích Xà	ʔ ï k̟̚ ˧˦ s aː ˨˩
Ítcariốt	ʔ i t̚ ˧˦ k aː ˧˧ z i ˧˧ ʔ o t̚ ˧˦
Ítcariốt	ʔ i t̚ ˧˦ k aː ˧˧ ɹ i ˧˧ ʔ o t̚ ˧˦
Úc	ʔ ʊ w k͡p̚ ˧˦
Úc châu	ʔ ʊ w k͡p̚ ˧˦ t͡ɕ ə w ˧˧
Úc Đại Lợi	ʔ ʊ w k͡p̚ ˧˦ ʔ ɗ aː j ˧˨ ʔ l əː j ˧˨ ʔ
Út	ʔ u t̚ ˧˦
Ý	ʔ i ˧˦
Ý Đại Lợi	ʔ i ˧˦ ʔ ɗ aː j ˧˨ ʔ l əː j ˧˨ ʔ
à	ʔ aː ˨˩
à thế à	ʔ aː ˨˩ tʰ e ˧˦ ʔ aː ˨˩
à uôm	ʔ aː ˨˩ ʔ u ə m ˧˧
ào	ʔ aː w ˨˩
á	ʔ aː ˧˦
á hoá thạch	ʔ aː ˧˦ h w aː ˧˦ tʰ a j k̟̚ ˧˨ ʔ
á hậu	ʔ aː ˧˦ h ə w ˧˨ ʔ
á khoa	ʔ aː ˧˦ x w aː ˧˧
á khôi	ʔ aː ˧˦ x o j ˧˧
á khẩu	ʔ aː ˧˦ x ə w ˧˩
á kim	ʔ aː ˧˦ k i m ˧˧
á nhiệt đới	ʔ aː ˧˦ ɲ i ə t̚ ˧˨ ʔ ʔ ɗ əː j ˧˦
á phiện	ʔ aː ˧˦ f i ə n ˧˨ ʔ
á quân	ʔ aː ˧˦ k w ə n ˧˧
á sừng	ʔ aː ˧˦ s ɨ ŋ ˨˩
á thánh	ʔ aː ˧˦ tʰ a j ŋ̟ ˧˦
á thần	ʔ aː ˧˦ tʰ ə n ˨˩
á à	ʔ aː ˧˦ ʔ aː ˨˩
á đù	ʔ aː ˧˦ ʔ ɗ u ˨˩
ác	ʔ aː k̚ ˧˦
ác bá	ʔ aː k̚ ˧˦ ʔ ɓ aː ˧˦
ác chiến	ʔ aː k̚ ˧˦ t͡ɕ i ə n ˧˦
ác cái là	ʔ aː k̚ ˧˦ k aː j ˧˦ l aː ˨˩
ác cảm	ʔ aː k̚ ˧˦ k aː m ˧˩
ác giả ác báo	ʔ aː k̚ ˧˦ z aː ˧˩ ʔ aː k̚ ˧˦ ʔ ɓ aː w ˧˦
ác hiểm	ʔ aː k̚ ˧˦ h i ə m ˧˩
ác hại	ʔ aː k̚ ˧˦ h aː j ˧˨ ʔ
ác khẩu	ʔ aː k̚ ˧˦ x ə w ˧˩
ác liệt	ʔ aː k̚ ˧˦ l i ə t̚ ˧˨ ʔ
ác là	ʔ aː k̚ ˧˦ l aː ˨˩
ác miệng	ʔ aː k̚ ˧˦ m i ə ŋ ˧˨ ʔ
ác mộng	ʔ aː k̚ ˧˦ m ə w ŋ͡m ˧˨ ʔ
ác một cái là	ʔ aː k̚ ˧˦ m o t̚ ˧˨ ʔ k aː j ˧˦ l aː ˨˩
ác nghiệt	ʔ aː k̚ ˧˦ ŋ i ə t̚ ˧˨ ʔ
ác nhân	ʔ aː k̚ ˧˦ ɲ ə n ˧˧
ác nhân sát đức	ʔ aː k̚ ˧˦ ɲ ə n ˧˧ s aː t̚ ˧˦ ʔ ɗ ɨ k̚ ˧˦
ác như hùm	ʔ aː k̚ ˧˦ ɲ ɨ ˧˧ h u m ˨˩
ác quả	ʔ aː k̚ ˧˦ k w aː ˧˩
ác quỷ	ʔ aː k̚ ˧˦ k w i ˧˩
ác thú	ʔ aː k̚ ˧˦ tʰ u ˧˦
ác tà	ʔ aː k̚ ˧˦ t aː ˨˩
ác tâm	ʔ aː k̚ ˧˦ t ə m ˧˧
ác tính	ʔ aː k̚ ˧˦ t ï ŋ ˧˦
ác tăng	ʔ aː k̚ ˧˦ t a ŋ ˧˧
ác tật	ʔ aː k̚ ˧˦ t ə t̚ ˧˨ ʔ
ác vàng	ʔ aː k̚ ˧˦ v aː ŋ ˨˩
ác ôn	ʔ aː k̚ ˧˦ ʔ o n ˧˧
ác ý	ʔ aː k̚ ˧˦ ʔ i ˧˦
ác đấu	ʔ aː k̚ ˧˦ ʔ ɗ ə w ˧˦
ác độc	ʔ aː k̚ ˧˦ ʔ ɗ ə w k͡p̚ ˧˨ ʔ
ác đức	ʔ aː k̚ ˧˦ ʔ ɗ ɨ k̚ ˧˦
ách	ʔ a j k̟̚ ˧˦
ách nô lệ	ʔ a j k̟̚ ˧˦ n o ˧˧ l e ˧˨ ʔ
ách nạn	ʔ a j k̟̚ ˧˦ n aː n ˧˨ ʔ
ách tắc	ʔ a j k̟̚ ˧˦ t a k̚ ˧˦
ách vận	ʔ a j k̟̚ ˧˦ v ə n ˧˨ ʔ
ái	ʔ aː j ˧˦
ái chà	ʔ aː j ˧˦ t͡ɕ aː ˨˩
ái dà	ʔ aː j ˧˦ z aː ˨˩
ái hữu	ʔ aː j ˧˦ h i w ˦ˀ˥
ái khanh	ʔ aː j ˧˦ x a j ŋ̟ ˧˧
ái lực	ʔ aː j ˧˦ l ɨ k̚ ˧˨ ʔ
ái mộ	ʔ aː j ˧˦ m o ˧˨ ʔ
ái nam ái nữ	ʔ aː j ˧˦ n aː m ˧˧ ʔ aː j ˧˦ n ɨ ˦ˀ˥
ái ngại	ʔ aː j ˧˦ ŋ aː j ˧˨ ʔ
ái ngữ	ʔ aː j ˧˦ ŋ ɨ ˦ˀ˥
ái nữ	ʔ aː j ˧˦ n ɨ ˦ˀ˥
ái phi	ʔ aː j ˧˦ f i ˧˧
ái quần	ʔ aː j ˧˦ k w ə n ˨˩
ái quốc	ʔ aː j ˧˦ k u ə k̚ ˧˦
ái tình	ʔ aː j ˧˦ t ï ŋ ˨˩
ái ân	ʔ aː j ˧˦ ʔ ə n ˧˧
ám	ʔ aː m ˧˦
ám chỉ	ʔ aː m ˧˦ t͡ɕ i ˧˩
ám hiệu	ʔ aː m ˧˦ h i ə w ˧˨ ʔ
ám hại	ʔ aː m ˧˦ h aː j ˧˨ ʔ
ám khí	ʔ aː m ˧˦ x i ˧˦
ám muội	ʔ aː m ˧˦ m u ə j ˧˨ ʔ
ám quẻ	ʔ aː m ˧˦ k w ɛ ˧˩
ám sát	ʔ aː m ˧˦ s aː t̚ ˧˦
ám thị	ʔ aː m ˧˦ tʰ i ˧˨ ʔ
ám tiêu	ʔ aː m ˧˦ t i ə w ˧˧
ám tả	ʔ aː m ˧˦ t aː ˧˩
ám ảnh	ʔ aː m ˧˦ ʔ a j ŋ̟ ˧˩
án hành chính	ʔ aː n ˧˦ h a j ŋ̟ ˨˩ t͡ɕ ï ŋ ˧˦
ã	ʔ aː ˦ˀ˥
è	ʔ ɛ ˨˩
è cổ	ʔ ɛ ˨˩ k o ˧˩
è ạch	ʔ ɛ ˨˩ ʔ a j k̟̚ ˧˨ ʔ
èo uột	ʔ ɛ w ˨˩ ʔ u ə t̚ ˧˨ ʔ
é	ʔ ɛ ˧˦
éc	ʔ ɛ k̚ ˧˦
ém	ʔ ɛ m ˧˦
én	ʔ ɛ n ˧˦
éo	ʔ ɛ w ˧˦
éo le	ʔ ɛ w ˧˦ l ɛ ˧˧
ép	ʔ ɛ p̚ ˧˦
ép buộc	ʔ ɛ p̚ ˧˦ ʔ ɓ u ə k̚ ˧˨ ʔ
ép phê	ʔ ɛ p̚ ˧˦ f e ˧˧
ép xung	ʔ ɛ p̚ ˧˦ s ʊ w ŋ͡m ˧˧
ét	ʔ ɛ t̚ ˧˦
ê	ʔ e ˧˧
ê a	ʔ e ˧˧ ʔ aː ˧˧
ê chề	ʔ e ˧˧ t͡ɕ e ˨˩
ê hề	ʔ e ˧˧ h e ˨˩
ê ẩm	ʔ e ˧˧ ʔ ə m ˧˩
êkip	ʔ e ˧˧ k i p̚ ˧˦
êm	ʔ e m ˧˧
êm dịu	ʔ e m ˧˧ z i w ˧˨ ʔ
êm ái	ʔ e m ˧˧ ʔ aː j ˧˦
êm đềm	ʔ e m ˧˧ ʔ ɗ e m ˨˩
êm ả	ʔ e m ˧˧ ʔ aː ˧˩
êm ấm	ʔ e m ˧˧ ʔ ə m ˧˦
êtanol	ʔ e ˧˧ t aː ˧˧ n ɔ n ˧˧
êu	ʔ e w ˧˧
ì	ʔ i ˨˩
ì oạp	ʔ i ˨˩ ʔ w aː p̚ ˧˨ ʔ
ì à ì ạch	ʔ i ˨˩ ʔ aː ˨˩ ʔ i ˨˩ ʔ a j k̟̚ ˧˨ ʔ
ì ạch	ʔ i ˨˩ ʔ a j k̟̚ ˧˨ ʔ
í	ʔ i ˧˦
ích	ʔ ï k̟̚ ˧˦
ích kỉ	ʔ ï k̟̚ ˧˦ k i ˧˩
ích lợi	ʔ ï k̟̚ ˧˦ l əː j ˧˨ ʔ
ít	ʔ i t̚ ˧˦
ít khi	ʔ i t̚ ˧˦ x i ˧˧
ít nhiều	ʔ i t̚ ˧˦ ɲ i ə w ˨˩
ít nhất	ʔ i t̚ ˧˦ ɲ ə t̚ ˧˦
ít nói	ʔ i t̚ ˧˦ n ɔ j ˧˦
ít ỏi	ʔ i t̚ ˧˦ ʔ ɔ j ˧˩
ó	ʔ ɔ ˧˦
óc	ʔ a w k͡p̚ ˧˦
ô	ʔ o ˧˧
õ	ʔ ɔ ˦ˀ˥
ù	ʔ u ˨˩
ù tai	ʔ u ˨˩ t aː j ˧˧
ùa	ʔ u ə ˨˩
ùn	ʔ u n ˨˩
ùn tắc	ʔ u n ˨˩ t a k̚ ˧˦
ùn ùn	ʔ u n ˨˩ ʔ u n ˨˩
ú	ʔ u ˧˦
ú tim	ʔ u ˧˦ t i m ˧˧
úa	ʔ u ə ˧˦
úa tàn	ʔ u ə ˧˦ t aː n ˨˩
úi	ʔ u j ˧˦
úm ba la xì bùa	ʔ u m ˧˦ ʔ ɓ aː ˧˧ l aː ˧˧ s i ˨˩ ʔ ɓ u ə ˨˩
ún	ʔ u n ˧˦
úng	ʔ ʊ w ŋ͡m ˧˦
úp	ʔ u p̚ ˧˦
út	ʔ u t̚ ˧˦
út nam	ʔ u t̚ ˧˦ n aː m ˧˧
út nữ	ʔ u t̚ ˧˦ n ɨ ˦ˀ˥
ý	ʔ i ˧˦
ý chí	ʔ i ˧˦ t͡ɕ i ˧˦
ý dân	ʔ i ˧˦ z ə n ˧˧
ý dĩ	ʔ i ˧˦ z i ˦ˀ˥
ý kiến	ʔ i ˧˦ k i ə n ˧˦
ý kiến ý cò	ʔ i ˧˦ k i ə n ˧˦ ʔ i ˧˦ k ɔ ˨˩
ý muốn	ʔ i ˧˦ m u ə n ˧˦
ý nghĩ	ʔ i ˧˦ ŋ i ˦ˀ˥
ý nghĩa	ʔ i ˧˦ ŋ i ə ˦ˀ˥
ý nguyện	ʔ i ˧˦ ŋ w i ə n ˧˨ ʔ
ý nhị	ʔ i ˧˦ ɲ i ˧˨ ʔ
ý niệm	ʔ i ˧˦ n i ə m ˧˨ ʔ
ý thức	ʔ i ˧˦ tʰ ɨ k̚ ˧˦
ý thức giai cấp	ʔ i ˧˦ tʰ ɨ k̚ ˧˦ z aː j ˧˧ k ə p̚ ˧˦
ý thức hệ	ʔ i ˧˦ tʰ ɨ k̚ ˧˦ h e ˧˨ ʔ
ý trí	ʔ i ˧˦ t͡ɕ i ˧˦
ý tưởng	ʔ i ˧˦ t ɨ ə ŋ ˧˩
ý tại ngôn ngoại	ʔ i ˧˦ t aː j ˧˨ ʔ ŋ o n ˧˧ ŋ w aː j ˧˨ ʔ
ý tứ	ʔ i ˧˦ t ɨ ˧˦
ý vị	ʔ i ˧˦ v i ˧˨ ʔ
ý định	ʔ i ˧˦ ʔ ɗ ï ŋ ˧˨ ʔ
ý đồ	ʔ i ˧˦ ʔ ɗ o ˨˩
ăn	ʔ a n ˧˧
ăn chơi	ʔ a n ˧˧ t͡ɕ əː j ˧˧
ăn chực	ʔ a n ˧˧ t͡ɕ ɨ k̚ ˧˨ ʔ
ăn cơm	ʔ a n ˧˧ k əː m ˧˧
ăn cơm trước kẻng	ʔ a n ˧˧ k əː m ˧˧ t͡ɕ ɨ ə k̚ ˧˦ k ɛ ŋ ˧˩
ăn cưới	ʔ a n ˧˧ k ɨ ə j ˧˦
ăn cướp	ʔ a n ˧˧ k ɨ ə p̚ ˧˦
ăn cỏ	ʔ a n ˧˧ k ɔ ˧˩
ăn cỗ	ʔ a n ˧˧ k o ˦ˀ˥
ăn diện	ʔ a n ˧˧ z i ə n ˧˨ ʔ
ăn dầm nằm dề	ʔ a n ˧˧ z ə m ˨˩ n a m ˨˩ z e ˨˩
ăn dặm	ʔ a n ˧˧ z a m ˧˨ ʔ
ăn dỗ	ʔ a n ˧˧ z o ˦ˀ˥
ăn gian	ʔ a n ˧˧ z aː n ˧˧
ăn giỗ	ʔ a n ˧˧ z o ˦ˀ˥
ăn hiếp	ʔ a n ˧˧ h i ə p̚ ˧˦
ăn hoa hồng	ʔ a n ˧˧ h w aː ˧˧ h ə w ŋ͡m ˨˩
ăn hàng	ʔ a n ˧˧ h aː ŋ ˨˩
ăn hại	ʔ a n ˧˧ h aː j ˧˨ ʔ
ăn học	ʔ a n ˧˧ h a w k͡p̚ ˧˨ ʔ
ăn hỏi	ʔ a n ˧˧ h ɔ j ˧˩
ăn kem trước cổng	ʔ a n ˧˧ k ɛ m ˧˧ t͡ɕ ɨ ə k̚ ˧˦ k ə w ŋ͡m ˧˩
ăn khao	ʔ a n ˧˧ x aː w ˧˧
ăn khách	ʔ a n ˧˧ x a j k̟̚ ˧˦
ăn không ngồi rồi	ʔ a n ˧˧ x ə w ŋ͡m ˧˧ ŋ o j ˨˩ z o j ˨˩
ăn khớp	ʔ a n ˧˧ x əː p̚ ˧˦
ăn kiêng	ʔ a n ˧˧ k i ə ŋ ˧˧
ăn liền	ʔ a n ˧˧ l i ə n ˨˩
ăn lót dạ	ʔ a n ˧˧ l ɔ t̚ ˧˦ z aː ˧˨ ʔ
ăn lông ở lỗ	ʔ a n ˧˧ l ə w ŋ͡m ˧˧ ʔ əː ˧˩ l o ˦ˀ˥
ăn lương	ʔ a n ˧˧ l ɨ ə ŋ ˧˧
ăn lậm	ʔ a n ˧˧ l ə m ˧˨ ʔ
ăn lồn	ʔ a n ˧˧ l o n ˨˩
ăn may	ʔ a n ˧˧ m a j ˧˧
ăn miếng trả miếng	ʔ a n ˧˧ m i ə ŋ ˧˦ t͡ɕ aː ˧˩ m i ə ŋ ˧˦
ăn mày	ʔ a n ˧˧ m a j ˨˩
ăn mòn	ʔ a n ˧˧ m ɔ n ˨˩
ăn mảnh	ʔ a n ˧˧ m a j ŋ̟ ˧˩
ăn mặc	ʔ a n ˧˧ m a k̚ ˧˨ ʔ
ăn mặn	ʔ a n ˧˧ m a n ˧˨ ʔ
ăn mừng	ʔ a n ˧˧ m ɨ ŋ ˨˩
ăn nhậu	ʔ a n ˧˧ ɲ ə w ˧˨ ʔ
ăn nhẹ	ʔ a n ˧˧ ɲ ɛ ˧˨ ʔ
ăn nhờ ở đậu	ʔ a n ˧˧ ɲ əː ˨˩ ʔ əː ˧˩ ʔ ɗ ə w ˧˨ ʔ
ăn nên làm ra	ʔ a n ˧˧ n e n ˧˧ l aː m ˨˩ z aː ˧˧
ăn nói	ʔ a n ˧˧ n ɔ j ˧˦
ăn năn	ʔ a n ˧˧ n a n ˧˧
ăn nằm	ʔ a n ˧˧ n a m ˨˩
ăn ong	ʔ a n ˧˧ ʔ a w ŋ͡m ˧˧
ăn phở	ʔ a n ˧˧ f əː ˧˩
ăn quả nhớ kẻ trồng cây	ʔ a n ˧˧ k w aː ˧˩ ɲ əː ˧˦ k ɛ ˧˩ t͡ɕ ə w ŋ͡m ˨˩ k ə j ˧˧
ăn quịt	ʔ a n ˧˧ k w i t̚ ˧˨ ʔ
ăn roi	ʔ a n ˧˧ z ɔ j ˧˧
ăn đong	ʔ a n ˧˧ ʔ ɗ a w ŋ͡m ˧˧
ăn đêm	ʔ a n ˧˧ ʔ ɗ e m ˧˧
ăn đòn	ʔ a n ˧˧ ʔ ɗ ɔ n ˨˩
ăn đứt	ʔ a n ˧˧ ʔ ɗ ɨ t̚ ˧˦
ăn ở	ʔ a n ˧˧ ʔ əː ˧˩
Đ	ʔ ɗ e ˧˧
Đ	ʔ ɗ əː ˨˩
ĐCG	ʔ ɗ ɨ k̚ ˧˦ t͡ɕ u ə ˧˦ z e ˧˧ s u ˧˧
ĐCSVN	ʔ ɗ aː ŋ ˧˩ k ə w ŋ͡m ˧˨ ʔ s aː n ˧˩ v i ə t̚ ˧˨ ʔ n aː m ˧˧
ĐM	ʔ ɗ e ˧˧ m əː ˨˩
ĐM	ʔ ɗ əː ˨˩ m əː ˨˩
ĐTC	ʔ ɗ ɨ k̚ ˧˦ tʰ a j ŋ̟ ˧˦ t͡ɕ aː ˧˧
Đa Kao	ʔ ɗ aː ˧˧ k aː w ˧˧
Đa Minh	ʔ ɗ aː ˧˧ m ï ŋ ˧˧
Đa Đảo	ʔ ɗ aː ˧˧ ʔ ɗ aː w ˧˩
Đam La	ʔ ɗ aː m ˧˧ l aː ˧˧
Đaminh	ʔ ɗ aː ˧˧ m ï ŋ ˧˧
Đan	ʔ ɗ aː n ˧˧
Đan Mạch	ʔ ɗ aː n ˧˧ m a j k̟̚ ˧˨ ʔ
Đinh	ʔ ɗ ï ŋ ˧˧
Điônisiô	ʔ ɗ i ˧˧ ʔ o n ˧˧ n i ˧˧ s i ˧˧ ʔ o ˧˧
Điền	ʔ ɗ i ə n ˨˩
Điện Biên	ʔ ɗ i ə n ˧˨ ʔ ʔ ɓ i ə n ˧˧
Điện Biên Phủ	ʔ ɗ i ə n ˧˨ ʔ ʔ ɓ i ə n ˧˧ f u ˧˩
Điện Bàn	ʔ ɗ i ə n ˧˨ ʔ ʔ ɓ aː n ˨˩
Điệp	ʔ ɗ i ə p̚ ˧˨ ʔ
Đoan	ʔ ɗ w aː n ˧˧
Đoàn	ʔ ɗ w aː n ˨˩
Đoàn viên	ʔ ɗ w aː n ˨˩ v i ə n ˧˧
Đuống	ʔ ɗ u ə ŋ ˧˦
Đà Lôi	ʔ ɗ aː ˨˩ l o j ˧˧
Đà Lạt	ʔ ɗ aː ˨˩ l aː t̚ ˧˨ ʔ
Đà Nẵng	ʔ ɗ aː ˨˩ n a ŋ ˦ˀ˥
Đài	ʔ ɗ aː j ˨˩
Đài Bắc	ʔ ɗ aː j ˨˩ ʔ ɓ a k̚ ˧˦
Đài Loan	ʔ ɗ aː j ˨˩ l w aː n ˧˧
Đài Nam	ʔ ɗ aː j ˨˩ n aː m ˧˧
Đài Sơn	ʔ ɗ aː j ˨˩ s əː n ˧˧
Đài Trung	ʔ ɗ aː j ˨˩ t͡ɕ ʊ w ŋ͡m ˧˧
Đài Đông	ʔ ɗ aː j ˨˩ ʔ ɗ ə w ŋ͡m ˧˧
Đàm	ʔ ɗ aː m ˨˩
Đàng Ngoài	ʔ ɗ aː ŋ ˨˩ ŋ w aː j ˨˩
Đàng Trong	ʔ ɗ aː ŋ ˨˩ t͡ɕ a w ŋ͡m ˧˧
Đào	ʔ ɗ aː w ˨˩
Đào Viên	ʔ ɗ aː w ˨˩ v i ə n ˧˧
Đình Bảng	ʔ ɗ ï ŋ ˨˩ ʔ ɓ aː ŋ ˧˩
Đính	ʔ ɗ ï ŋ ˧˦
Đường	ʔ ɗ ɨ ə ŋ ˨˩
Đường Sơn	ʔ ɗ ɨ ə ŋ ˨˩ s əː n ˧˧
Đường thi	ʔ ɗ ɨ ə ŋ ˨˩ tʰ i ˧˧
Đường triều	ʔ ɗ ɨ ə ŋ ˨˩ t͡ɕ i ə w ˨˩
Được	ʔ ɗ ɨ ə k̚ ˧˨ ʔ
Đại	ʔ ɗ aː j ˧˨ ʔ
Đại Anh	ʔ ɗ aː j ˧˨ ʔ ʔ a j ŋ̟ ˧˧
Đại Cồ Việt	ʔ ɗ aː j ˧˨ ʔ k o ˨˩ v i ə t̚ ˧˨ ʔ
Đại Hàn	ʔ ɗ aː j ˧˨ ʔ h aː n ˨˩
Đại Hàn Dân Quốc	ʔ ɗ aː j ˧˨ ʔ h aː n ˨˩ z ə n ˧˧ k u ə k̚ ˧˦
Đại Hùng	ʔ ɗ aː j ˧˨ ʔ h ʊ w ŋ͡m ˨˩
Đại Học	ʔ ɗ aː j ˧˨ ʔ h a w k͡p̚ ˧˨ ʔ
Đại Kim	ʔ ɗ aː j ˧˨ ʔ k i m ˧˧
Đại Liên	ʔ ɗ aː j ˧˨ ʔ l i ə n ˧˧
Đại Lộc	ʔ ɗ aː j ˧˨ ʔ l ə w k͡p̚ ˧˨ ʔ
Đại Nam	ʔ ɗ aː j ˧˨ ʔ n aː m ˧˧
Đại Ngu	ʔ ɗ aː j ˧˨ ʔ ŋ u ˧˧
Đại Tây Dương	ʔ ɗ aː j ˧˨ ʔ t ə j ˧˧ z ɨ ə ŋ ˧˧
Đại Tống	ʔ ɗ aː j ˧˨ ʔ t ə w ŋ͡m ˧˦
Đại Việt	ʔ ɗ aː j ˧˨ ʔ v i ə t̚ ˧˨ ʔ
Đại Việt sử kí	ʔ ɗ aː j ˧˨ ʔ v i ə t̚ ˧˨ ʔ s ɨ ˧˩ k i ˧˦
Đại Việt sử ký toàn thư	ʔ ɗ aː j ˧˨ ʔ v i ə t̚ ˧˨ ʔ s ɨ ˧˩ k i ˧˦ t w aː n ˨˩ tʰ ɨ ˧˧
Đại hãn	ʔ ɗ aː j ˧˨ ʔ h aː n ˦ˀ˥
Đại khủng hoảng	ʔ ɗ aː j ˧˨ ʔ x ʊ w ŋ͡m ˧˩ h w aː ŋ ˧˩
Đại nhảy vọt	ʔ ɗ aː j ˧˨ ʔ ɲ a j ˧˩ v ɔ t̚ ˧˨ ʔ
Đại thừa	ʔ ɗ aː j ˧˨ ʔ tʰ ɨ ə ˨˩
Đại tạng kinh	ʔ ɗ aː j ˧˨ ʔ t aː ŋ ˧˨ ʔ k ï ŋ ˧˧
Đại Đạo Tam Kỳ Phổ Độ	ʔ ɗ aː j ˧˨ ʔ ʔ ɗ aː w ˧˨ ʔ t aː m ˧˧ k i ˨˩ f o ˧˩ ʔ ɗ o ˧˨ ʔ
Đại Đế	ʔ ɗ aː j ˧˨ ʔ ʔ ɗ e ˧˦
Đạo Chích	ʔ ɗ aː w ˧˨ ʔ t͡ɕ ï k̟̚ ˧˦
Đạo Mẫu	ʔ ɗ aː w ˧˨ ʔ m ə w ˦ˀ˥
Đạo giáo	ʔ ɗ aː w ˧˨ ʔ z aː w ˧˦
Đạo Đức Kinh	ʔ ɗ aː w ˧˨ ʔ ʔ ɗ ɨ k̚ ˧˦ k ï ŋ ˧˧
Đạp Lân	ʔ ɗ aː p̚ ˧˨ ʔ l ə n ˧˧
Đạt	ʔ ɗ aː t̚ ˧˨ ʔ
Đảng	ʔ ɗ aː ŋ ˧˩
Đảng Cộng sản Trung Quốc	ʔ ɗ aː ŋ ˧˩ k ə w ŋ͡m ˧˨ ʔ s aː n ˧˩ t͡ɕ ʊ w ŋ͡m ˧˧ k u ə k̚ ˧˦
Đảng Cộng sản Việt Nam	ʔ ɗ aː ŋ ˧˩ k ə w ŋ͡m ˧˨ ʔ s aː n ˧˩ v i ə t̚ ˧˨ ʔ n aː m ˧˧
Đảng viên	ʔ ɗ aː ŋ ˧˩ v i ə n ˧˧
Đất Mũi	ʔ ɗ ə t̚ ˧˦ m u j ˦ˀ˥
Đất Đỏ	ʔ ɗ ə t̚ ˧˦ ʔ ɗ ɔ ˧˩
Đầm Sen	ʔ ɗ ə m ˨˩ s ɛ n ˧˧
Đậu	ʔ ɗ ə w ˧˨ ʔ
Đắc Lộ	ʔ ɗ a k̚ ˧˦ l o ˧˨ ʔ
Đắk Lắk	ʔ ɗ a k̚ ˧˦ l a k̚ ˧˦
Đắk Nông	ʔ ɗ a k̚ ˧˦ n ə w ŋ͡m ˧˧
Đặng	ʔ ɗ a ŋ ˧˨ ʔ
Định	ʔ ɗ ï ŋ ˧˨ ʔ
Đống Đa	ʔ ɗ ə w ŋ͡m ˧˦ ʔ ɗ aː ˧˧
Đồ Sơn	ʔ ɗ o ˨˩ s əː n ˧˧
Đồng Hới	ʔ ɗ ə w ŋ͡m ˨˩ h əː j ˧˦
Đồng Lộc	ʔ ɗ ə w ŋ͡m ˨˩ l ə w k͡p̚ ˧˨ ʔ
Đồng Nai	ʔ ɗ ə w ŋ͡m ˨˩ n aː j ˧˧
Đồng Tháp	ʔ ɗ ə w ŋ͡m ˨˩ tʰ aː p̚ ˧˦
Đồng Xoài	ʔ ɗ ə w ŋ͡m ˨˩ s w aː j ˨˩
Đồng Xuân	ʔ ɗ ə w ŋ͡m ˨˩ s w ə n ˧˧
Đỗ	ʔ ɗ o ˦ˀ˥
Động vật nguyên sinh	ʔ ɗ ə w ŋ͡m ˧˨ ʔ v ə t̚ ˧˨ ʔ ŋ w i ə n ˧˧ s ï ŋ ˧˧
Đột Quyết	ʔ ɗ o t̚ ˧˨ ʔ k w i ə t̚ ˧˦
Đức	ʔ ɗ ɨ k̚ ˧˦
Đức Bà	ʔ ɗ ɨ k̚ ˧˦ ʔ ɓ aː ˨˩
Đức Chúa Giêsu	ʔ ɗ ɨ k̚ ˧˦ t͡ɕ u ə ˧˦ z e ˧˧ s u ˧˧
Đức Mẹ	ʔ ɗ ɨ k̚ ˧˦ m ɛ ˧˨ ʔ
Đức Phật Mẫu	ʔ ɗ ɨ k̚ ˧˦ f ə t̚ ˧˨ ʔ m ə w ˦ˀ˥
Đức Quốc Xã	ʔ ɗ ɨ k̚ ˧˦ k u ə k̚ ˧˦ s aː ˦ˀ˥
Đức Thánh Cha	ʔ ɗ ɨ k̚ ˧˦ tʰ a j ŋ̟ ˧˦ t͡ɕ aː ˧˧
Đức Thọ	ʔ ɗ ɨ k̚ ˧˦ tʰ ɔ ˧˨ ʔ
Đức ông	ʔ ɗ ɨ k̚ ˧˦ ʔ ə w ŋ͡m ˧˧
đ	ʔ ɗ e ˧˧
đ	ʔ ɗ əː ˨˩
đa	ʔ ɗ aː ˧˧
đa chiều	ʔ ɗ aː ˧˧ t͡ɕ i ə w ˨˩
đa cảm	ʔ ɗ aː ˧˧ k aː m ˧˩
đa cấp	ʔ ɗ aː ˧˧ k ə p̚ ˧˦
đa di năng	ʔ ɗ aː ˧˧ z i ˧˧ n a ŋ ˧˧
đa dạng	ʔ ɗ aː ˧˧ z aː ŋ ˧˨ ʔ
đa dạng hoá	ʔ ɗ aː ˧˧ z aː ŋ ˧˨ ʔ h w aː ˧˦
đa giác	ʔ ɗ aː ˧˧ z aː k̚ ˧˦
đa khoa	ʔ ɗ aː ˧˧ x w aː ˧˧
đa mưu túc trí	ʔ ɗ aː ˧˧ m i w ˧˧ t ʊ w k͡p̚ ˧˦ t͡ɕ i ˧˦
đa nghi	ʔ ɗ aː ˧˧ ŋ i ˧˧
đa nghi như Tào Tháo	ʔ ɗ aː ˧˧ ŋ i ˧˧ ɲ ɨ ˧˧ t aː w ˨˩ tʰ aː w ˧˦
đa ngành	ʔ ɗ aː ˧˧ ŋ a j ŋ̟ ˨˩
đa ngôn ngữ	ʔ ɗ aː ˧˧ ŋ o n ˧˧ ŋ ɨ ˦ˀ˥
đa năng	ʔ ɗ aː ˧˧ n a ŋ ˧˧
đa nền	ʔ ɗ aː ˧˧ n e n ˨˩
đa phương	ʔ ɗ aː ˧˧ f ɨ ə ŋ ˧˧
đa phương hoá	ʔ ɗ aː ˧˧ f ɨ ə ŋ ˧˧ h w aː ˧˦
đa phương tiện	ʔ ɗ aː ˧˧ f ɨ ə ŋ ˧˧ t i ə n ˧˨ ʔ
đa phần	ʔ ɗ aː ˧˧ f ə n ˨˩
đa quốc gia	ʔ ɗ aː ˧˧ k u ə k̚ ˧˦ z aː ˧˧
đa sắc	ʔ ɗ aː ˧˧ s a k̚ ˧˦
đa số	ʔ ɗ aː ˧˧ s o ˧˦
đa ta	ʔ ɗ aː ˧˧ t aː ˧˧
đa thê	ʔ ɗ aː ˧˧ tʰ e ˧˧
đa thức	ʔ ɗ aː ˧˧ tʰ ɨ k̚ ˧˦
đa tiết	ʔ ɗ aː ˧˧ t i ə t̚ ˧˦
đa tài	ʔ ɗ aː ˧˧ t aː j ˨˩
đa tình	ʔ ɗ aː ˧˧ t ï ŋ ˨˩
đa tạ	ʔ ɗ aː ˧˧ t aː ˧˨ ʔ
đa tạng	ʔ ɗ aː ˧˧ t aː ŋ ˧˨ ʔ
đa vũ trụ	ʔ ɗ aː ˧˧ v u ˦ˀ˥ t͡ɕ u ˧˨ ʔ
đa xơ cứng	ʔ ɗ aː ˧˧ s əː ˧˧ k ɨ ŋ ˧˦
đa âm	ʔ ɗ aː ˧˧ ʔ ə m ˧˧
đa đa	ʔ ɗ aː ˧˧ ʔ ɗ aː ˧˧
đa đoan	ʔ ɗ aː ˧˧ ʔ ɗ w aː n ˧˧
đai	ʔ ɗ aː j ˧˧
đai an toàn	ʔ ɗ aː j ˧˧ ʔ aː n ˧˧ t w aː n ˨˩
đam	ʔ ɗ aː m ˧˧
đam mê	ʔ ɗ aː m ˧˧ m e ˧˧
đam mỹ	ʔ ɗ aː m ˧˧ m i ˦ˀ˥
đan	ʔ ɗ aː n ˧˧
đan sĩ	ʔ ɗ aː n ˧˧ s i ˦ˀ˥
đan viện	ʔ ɗ aː n ˧˧ v i ə n ˧˨ ʔ
đan xen	ʔ ɗ aː n ˧˧ s ɛ n ˧˧
đan điền	ʔ ɗ aː n ˧˧ ʔ ɗ i ə n ˨˩
đang	ʔ ɗ aː ŋ ˧˧
đang không	ʔ ɗ aː ŋ ˧˧ x ə w ŋ͡m ˧˧
đang thì	ʔ ɗ aː ŋ ˧˧ tʰ i ˨˩
đanh	ʔ ɗ a j ŋ̟ ˧˧
đanh thép	ʔ ɗ a j ŋ̟ ˧˧ tʰ ɛ p̚ ˧˦
đanh đá	ʔ ɗ a j ŋ̟ ˧˧ ʔ ɗ aː ˧˦
đao	ʔ ɗ aː w ˧˧
đao to búa lớn	ʔ ɗ aː w ˧˧ t ɔ ˧˧ ʔ ɓ u ə ˧˦ l əː n ˧˦
đau	ʔ ɗ a w ˧˧
đau buồn	ʔ ɗ a w ˧˧ ʔ ɓ u ə n ˨˩
đau khổ	ʔ ɗ a w ˧˧ x o ˧˩
đau lòng	ʔ ɗ a w ˧˧ l a w ŋ͡m ˨˩
đau nhức	ʔ ɗ a w ˧˧ ɲ ɨ k̚ ˧˦
đau nửa đầu	ʔ ɗ a w ˧˧ n ɨ ə ˧˩ ʔ ɗ ə w ˨˩
đau thương	ʔ ɗ a w ˧˧ tʰ ɨ ə ŋ ˧˧
đau đáu	ʔ ɗ a w ˧˧ ʔ ɗ a w ˧˦
đau đầu	ʔ ɗ a w ˧˧ ʔ ɗ ə w ˨˩
đau đớn	ʔ ɗ a w ˧˧ ʔ ɗ əː n ˧˦
đau ốm	ʔ ɗ a w ˧˧ ʔ o m ˧˦
đay	ʔ ɗ a j ˧˧
đay nghiến	ʔ ɗ a j ˧˧ ŋ i ə n ˧˦
đe	ʔ ɗ ɛ ˧˧
đe doạ	ʔ ɗ ɛ ˧˧ z w aː ˧˨ ʔ
đem	ʔ ɗ ɛ m ˧˧
đem chuông đi đánh xứ người	ʔ ɗ ɛ m ˧˧ t͡ɕ u ə ŋ ˧˧ ʔ ɗ i ˧˧ ʔ ɗ a j ŋ̟ ˧˦ s ɨ ˧˦ ŋ ɨ ə j ˨˩
đem con bỏ chợ	ʔ ɗ ɛ m ˧˧ k ɔ n ˧˧ ʔ ɓ ɔ ˧˩ t͡ɕ əː ˧˨ ʔ
đen	ʔ ɗ ɛ n ˧˧
đen kịt	ʔ ɗ ɛ n ˧˧ k i t̚ ˧˨ ʔ
đen sì	ʔ ɗ ɛ n ˧˧ s i ˨˩
đen thui	ʔ ɗ ɛ n ˧˧ tʰ u j ˧˧
đen tuyền	ʔ ɗ ɛ n ˧˧ t w i ə n ˨˩
đen tối	ʔ ɗ ɛ n ˧˧ t o j ˧˦
đen đúa	ʔ ɗ ɛ n ˧˧ ʔ ɗ u ə ˧˦
đen đỏ	ʔ ɗ ɛ n ˧˧ ʔ ɗ ɔ ˧˩
đen đủi	ʔ ɗ ɛ n ˧˧ ʔ ɗ u j ˧˩
đeo	ʔ ɗ ɛ w ˧˧
đeo ba lô ngược	ʔ ɗ ɛ w ˧˧ ʔ ɓ aː ˧˧ l o ˧˧ ŋ ɨ ə k̚ ˧˨ ʔ
đinh	ʔ ɗ ï ŋ ˧˧
đinh ba	ʔ ɗ ï ŋ ˧˧ ʔ ɓ aː ˧˧
đinh hương	ʔ ɗ ï ŋ ˧˧ h ɨ ə ŋ ˧˧
đinh lăng	ʔ ɗ ï ŋ ˧˧ l a ŋ ˧˧
đinh ninh	ʔ ɗ ï ŋ ˧˧ n ï ŋ ˧˧
đinh tặc	ʔ ɗ ï ŋ ˧˧ t a k̚ ˧˨ ʔ
đinh vít	ʔ ɗ ï ŋ ˧˧ v i t̚ ˧˦
đioxit	ʔ ɗ i ˧˧ ʔ o ˧˧ s i t̚ ˧˦
điprozi	ʔ ɗ i p̚ ˧˧ z ɔ ˧˧ z i ˧˧
điprozi	ʔ ɗ i p̚ ˧˧ ɹ ɔ ˧˧ z i ˧˧
điên	ʔ ɗ i ə n ˧˧
điên cuồng	ʔ ɗ i ə n ˧˧ k u ə ŋ ˨˩
điên dại	ʔ ɗ i ə n ˧˧ z aː j ˧˨ ʔ
điên khùng	ʔ ɗ i ə n ˧˧ x ʊ w ŋ͡m ˨˩
điên rồ	ʔ ɗ i ə n ˧˧ z o ˨˩
điên tiết	ʔ ɗ i ə n ˧˧ t i ə t̚ ˧˦
điên điển	ʔ ɗ i ə n ˧˧ ʔ ɗ i ə n ˧˩
điên đảo	ʔ ɗ i ə n ˧˧ ʔ ɗ aː w ˧˩
điêu	ʔ ɗ i ə w ˧˧
điêu khắc	ʔ ɗ i ə w ˧˧ x a k̚ ˧˦
điêu linh	ʔ ɗ i ə w ˧˧ l ï ŋ ˧˧
điêu luyện	ʔ ɗ i ə w ˧˧ l w i ə n ˧˨ ʔ
điêu ngoa	ʔ ɗ i ə w ˧˧ ŋ w aː ˧˧
điêu tàn	ʔ ɗ i ə w ˧˧ t aː n ˨˩
điêu đứng	ʔ ɗ i ə w ˧˧ ʔ ɗ ɨ ŋ ˧˦
điếm	ʔ ɗ i ə m ˧˦
điếng	ʔ ɗ i ə ŋ ˧˦
điếu	ʔ ɗ i ə w ˧˦
điếu cày	ʔ ɗ i ə w ˧˦ k a j ˨˩
điếu ngư can	ʔ ɗ i ə w ˧˦ ŋ ɨ ˧˧ k aː n ˧˧
điền	ʔ ɗ i ə n ˨˩
điền chủ	ʔ ɗ i ə n ˨˩ t͡ɕ u ˧˩
điền khí	ʔ ɗ i ə n ˨˩ x i ˧˦
điền kinh	ʔ ɗ i ə n ˨˩ k ï ŋ ˧˧
điều	ʔ ɗ i ə w ˨˩
điều chế	ʔ ɗ i ə w ˨˩ t͡ɕ e ˧˦
điều chỉnh	ʔ ɗ i ə w ˨˩ t͡ɕ ï ŋ ˧˩
điều dưỡng	ʔ ɗ i ə w ˨˩ z ɨ ə ŋ ˦ˀ˥
điều dưỡng viên	ʔ ɗ i ə w ˨˩ z ɨ ə ŋ ˦ˀ˥ v i ə n ˧˧
điều hoà	ʔ ɗ i ə w ˨˩ h w aː ˨˩
điều hành	ʔ ɗ i ə w ˨˩ h a j ŋ̟ ˨˩
điều hợp	ʔ ɗ i ə w ˨˩ h əː p̚ ˧˨ ʔ
điều khiển	ʔ ɗ i ə w ˨˩ x i ə n ˧˩
điều khiển từ xa	ʔ ɗ i ə w ˨˩ x i ə n ˧˩ t ɨ ˨˩ s aː ˧˧
điều khoản	ʔ ɗ i ə w ˨˩ x w aː n ˧˩
điều kiện	ʔ ɗ i ə w ˨˩ k i ə n ˧˨ ʔ
điều kiện cần	ʔ ɗ i ə w ˨˩ k i ə n ˧˨ ʔ k ə n ˨˩
điều kiện đủ	ʔ ɗ i ə w ˨˩ k i ə n ˧˨ ʔ ʔ ɗ u ˧˩
điều lệ	ʔ ɗ i ə w ˨˩ l e ˧˨ ʔ
điều màu	ʔ ɗ i ə w ˨˩ m a w ˨˩
điều nghiên	ʔ ɗ i ə w ˨˩ ŋ i ə n ˧˧
điều phải chứng minh	ʔ ɗ i ə w ˨˩ f aː j ˧˩ t͡ɕ ɨ ŋ ˧˦ m ï ŋ ˧˧
điều phối	ʔ ɗ i ə w ˨˩ f o j ˧˦
điều phối viên	ʔ ɗ i ə w ˨˩ f o j ˧˦ v i ə n ˧˧
điều răn	ʔ ɗ i ə w ˨˩ z a n ˧˧
điều tiếng	ʔ ɗ i ə w ˨˩ t i ə ŋ ˧˦
điều tiết	ʔ ɗ i ə w ˨˩ t i ə t̚ ˧˦
điều tra	ʔ ɗ i ə w ˨˩ t͡ɕ aː ˧˧
điều tra dân số	ʔ ɗ i ə w ˨˩ t͡ɕ aː ˧˧ z ə n ˧˧ s o ˧˦
điều trần	ʔ ɗ i ə w ˨˩ t͡ɕ ə n ˨˩
điều trị	ʔ ɗ i ə w ˨˩ t͡ɕ i ˧˨ ʔ
điều vị	ʔ ɗ i ə w ˨˩ v i ˧˨ ʔ
điều độ	ʔ ɗ i ə w ˨˩ ʔ ɗ o ˧˨ ʔ
điều động	ʔ ɗ i ə w ˨˩ ʔ ɗ ə w ŋ͡m ˧˨ ʔ
điều ước	ʔ ɗ i ə w ˨˩ ʔ ɨ ə k̚ ˧˦
điển	ʔ ɗ i ə n ˧˩
điển cố	ʔ ɗ i ə n ˧˩ k o ˧˦
điển hình	ʔ ɗ i ə n ˧˩ h ï ŋ ˨˩
điển trai	ʔ ɗ i ə n ˧˩ t͡ɕ aː j ˧˧
điển tích	ʔ ɗ i ə n ˧˩ t ï k̟̚ ˧˦
điểu	ʔ ɗ i ə w ˧˩
điểu học	ʔ ɗ i ə w ˧˩ h a w k͡p̚ ˧˨ ʔ
điện	ʔ ɗ i ə n ˧˨ ʔ
điện Kremli	k əː ˨˩ z ɛ m ˧˧ l i ˧˧
điện báo	ʔ ɗ i ə n ˧˨ ʔ ʔ ɓ aː w ˧˦
điện cơ	ʔ ɗ i ə n ˧˨ ʔ k əː ˧˧
điện cơ đồ	ʔ ɗ i ə n ˧˨ ʔ k əː ˧˧ ʔ ɗ o ˨˩
điện cực	ʔ ɗ i ə n ˧˨ ʔ k ɨ k̚ ˧˨ ʔ
điện dẫn	ʔ ɗ i ə n ˧˨ ʔ z ə n ˦ˀ˥
điện giải	ʔ ɗ i ə n ˧˨ ʔ z aː j ˧˩
điện hoá	ʔ ɗ i ə n ˧˨ ʔ h w aː ˧˦
điện hạ	ʔ ɗ i ə n ˧˨ ʔ h aː ˧˨ ʔ
điện khí	ʔ ɗ i ə n ˧˨ ʔ x i ˧˦
điện lưới	ʔ ɗ i ə n ˧˨ ʔ l ɨ ə j ˧˦
điện lực	ʔ ɗ i ə n ˧˨ ʔ l ɨ k̚ ˧˨ ʔ
điện máy	ʔ ɗ i ə n ˧˨ ʔ m a j ˧˦
điện mặt trời	ʔ ɗ i ə n ˧˨ ʔ m a t̚ ˧˨ ʔ t͡ɕ əː j ˨˩
điện não đồ	ʔ ɗ i ə n ˧˨ ʔ n aː w ˦ˀ˥ ʔ ɗ o ˨˩
điện năng	ʔ ɗ i ə n ˧˨ ʔ n a ŋ ˧˧
điện phân	ʔ ɗ i ə n ˧˨ ʔ f ə n ˧˧
điện quang	ʔ ɗ i ə n ˧˨ ʔ k w aː ŋ ˧˧
điện thoại	ʔ ɗ i ə n ˧˨ ʔ tʰ w aː j ˧˨ ʔ
điện thoại bàn	ʔ ɗ i ə n ˧˨ ʔ tʰ w aː j ˧˨ ʔ ʔ ɓ aː n ˨˩
điện thoại công cộng	ʔ ɗ i ə n ˧˨ ʔ tʰ w aː j ˧˨ ʔ k ə w ŋ͡m ˧˧ k ə w ŋ͡m ˧˨ ʔ
điện thoại cục gạch	ʔ ɗ i ə n ˧˨ ʔ tʰ w aː j ˧˨ ʔ k ʊ w k͡p̚ ˧˨ ʔ ɣ a j k̟̚ ˧˨ ʔ
điện thoại di động	ʔ ɗ i ə n ˧˨ ʔ tʰ w aː j ˧˨ ʔ z i ˧˧ ʔ ɗ ə w ŋ͡m ˧˨ ʔ
điện thoại niên giám	ʔ ɗ i ə n ˧˨ ʔ tʰ w aː j ˧˨ ʔ n i ə n ˧˧ z aː m ˧˦
điện thoại thông minh	ʔ ɗ i ə n ˧˨ ʔ tʰ w aː j ˧˨ ʔ tʰ ə w ŋ͡m ˧˧ m ï ŋ ˧˧
điện thoại viên	ʔ ɗ i ə n ˧˨ ʔ tʰ w aː j ˧˨ ʔ v i ə n ˧˧
điện thư	ʔ ɗ i ə n ˧˨ ʔ tʰ ɨ ˧˧
điện thế	ʔ ɗ i ə n ˧˨ ʔ tʰ e ˧˦
điện toán	ʔ ɗ i ə n ˧˨ ʔ t w aː n ˧˦
điện toán đám mây	ʔ ɗ i ə n ˧˨ ʔ t w aː n ˧˦ ʔ ɗ aː m ˧˦ m ə j ˧˧
điện trường	ʔ ɗ i ə n ˧˨ ʔ t͡ɕ ɨ ə ŋ ˨˩
điện trở	ʔ ɗ i ə n ˧˨ ʔ t͡ɕ əː ˧˩
điện tâm đồ	ʔ ɗ i ə n ˧˨ ʔ t ə m ˧˧ ʔ ɗ o ˨˩
điện tích	ʔ ɗ i ə n ˧˨ ʔ t ï k̟̚ ˧˦
điện tín	ʔ ɗ i ə n ˧˨ ʔ t i n ˧˦
điện từ	ʔ ɗ i ə n ˧˨ ʔ t ɨ ˨˩
điện từ học	ʔ ɗ i ə n ˧˨ ʔ t ɨ ˨˩ h a w k͡p̚ ˧˨ ʔ
điện tử	ʔ ɗ i ə n ˧˨ ʔ t ɨ ˧˩
điện tử học	ʔ ɗ i ə n ˧˨ ʔ t ɨ ˧˩ h a w k͡p̚ ˧˨ ʔ
điện áp	ʔ ɗ i ə n ˧˨ ʔ ʔ aː p̚ ˧˦
điện đàm	ʔ ɗ i ə n ˧˨ ʔ ʔ ɗ aː m ˨˩
điện động	ʔ ɗ i ə n ˧˨ ʔ ʔ ɗ ə w ŋ͡m ˧˨ ʔ
điện ảnh	ʔ ɗ i ə n ˧˨ ʔ ʔ a j ŋ̟ ˧˩
điệp	ʔ ɗ i ə p̚ ˧˨ ʔ
điệp khúc	ʔ ɗ i ə p̚ ˧˨ ʔ x ʊ w k͡p̚ ˧˦
điệp ngữ	ʔ ɗ i ə p̚ ˧˨ ʔ ŋ ɨ ˦ˀ˥
điệp thức	ʔ ɗ i ə p̚ ˧˨ ʔ tʰ ɨ k̚ ˧˦
điệu	ʔ ɗ i ə w ˧˨ ʔ
điệu bộ	ʔ ɗ i ə w ˧˨ ʔ ʔ ɓ o ˧˨ ʔ
điệu hổ li sơn	ʔ ɗ i ə w ˧˨ ʔ h o ˧˩ l i ˧˧ s əː n ˧˧
điệu đà	ʔ ɗ i ə w ˧˨ ʔ ʔ ɗ aː ˨˩
điệu đàng	ʔ ɗ i ə w ˧˨ ʔ ʔ ɗ aː ŋ ˨˩
đo	ʔ ɗ ɔ ˧˧
đo lường	ʔ ɗ ɔ ˧˧ l ɨ ə ŋ ˨˩
đo đạc	ʔ ɗ ɔ ˧˧ ʔ ɗ aː k̚ ˧˨ ʔ
đo đạt	ʔ ɗ ɔ ˧˧ ʔ ɗ aː t̚ ˧˨ ʔ
đo đỏ	ʔ ɗ ɔ ˧˧ ʔ ɗ ɔ ˧˩
đoan	ʔ ɗ w aː n ˧˧
đoan chính	ʔ ɗ w aː n ˧˧ t͡ɕ ï ŋ ˧˦
đoan trang	ʔ ɗ w aː n ˧˧ t͡ɕ aː ŋ ˧˧
đom đóm	ʔ ɗ ɔ m ˧˧ ʔ ɗ ɔ m ˧˦
đon đả	ʔ ɗ ɔ n ˧˧ ʔ ɗ aː ˧˩
đong	ʔ ɗ a w ŋ͡m ˧˧
đoài	ʔ ɗ w aː j ˨˩
đoàn	ʔ ɗ w aː n ˨˩
đoàn ca	ʔ ɗ w aː n ˨˩ k aː ˧˧
đoàn chủ tịch	ʔ ɗ w aː n ˨˩ t͡ɕ u ˧˩ t ï k̟̚ ˧˨ ʔ
đoàn kết	ʔ ɗ w aː n ˨˩ k e t̚ ˧˦
đoàn thể	ʔ ɗ w aː n ˨˩ tʰ e ˧˩
đoàn tụ	ʔ ɗ w aː n ˨˩ t u ˧˨ ʔ
đoàn viên	ʔ ɗ w aː n ˨˩ v i ə n ˧˧
đoàn đại biểu	ʔ ɗ w aː n ˨˩ ʔ ɗ aː j ˧˨ ʔ ʔ ɓ i ə w ˧˩
đoàng hoàng	ʔ ɗ w aː ŋ ˨˩ h w aː ŋ ˨˩
đoá	ʔ ɗ w aː ˧˦
đoác	ʔ ɗ w aː k̚ ˧˦
đoái hoài	ʔ ɗ w aː j ˧˦ h w aː j ˨˩
đoán	ʔ ɗ w aː n ˧˦
đoạn	ʔ ɗ w aː n ˧˨ ʔ
đoạn thẳng	ʔ ɗ w aː n ˧˨ ʔ tʰ a ŋ ˧˩
đoạn trường	ʔ ɗ w aː n ˧˨ ʔ t͡ɕ ɨ ə ŋ ˨˩
đoạn tuyệt	ʔ ɗ w aː n ˧˨ ʔ t w i ə t̚ ˧˨ ʔ
đoạn đầu đài	ʔ ɗ w aː n ˧˨ ʔ ʔ ɗ ə w ˨˩ ʔ ɗ aː j ˨˩
đoạt	ʔ ɗ w aː t̚ ˧˨ ʔ
đoản	ʔ ɗ w aː n ˧˩
đoản mạch	ʔ ɗ w aː n ˧˩ m a j k̟̚ ˧˨ ʔ
đoản mệnh	ʔ ɗ w aː n ˧˩ m ə j ŋ̟ ˧˨ ʔ
đoảng	ʔ ɗ w aː ŋ ˧˩
đu	ʔ ɗ u ˧˧
đu càng	ʔ ɗ u ˧˧ k aː ŋ ˨˩
đu quay	ʔ ɗ u ˧˧ k w a j ˧˧
đu đủ	ʔ ɗ u ˧˧ ʔ ɗ u ˧˩
đua	ʔ ɗ u ə ˧˧
đua tranh	ʔ ɗ u ə ˧˧ t͡ɕ a j ŋ̟ ˧˧
đua ô tô	ʔ ɗ u ə ˧˧ ʔ o ˧˧ t o ˧˧
đua đòi	ʔ ɗ u ə ˧˧ ʔ ɗ ɔ j ˨˩
đui	ʔ ɗ u j ˧˧
đun	ʔ ɗ u n ˧˧
đung đưa	ʔ ɗ ʊ w ŋ͡m ˧˧ ʔ ɗ ɨ ə ˧˧
đupni	ʔ ɗ u p̚ ˧˦ n i ˧˧
đuôi	ʔ ɗ u ə j ˧˧
đuôi sam	ʔ ɗ u ə j ˧˧ s aː m ˧˧
đuông	ʔ ɗ u ə ŋ ˧˧
đuốc	ʔ ɗ u ə k̚ ˧˦
đuối	ʔ ɗ u ə j ˧˦
đuổi	ʔ ɗ u ə j ˧˩
đuổi bắt	ʔ ɗ u ə j ˧˩ ʔ ɓ a t̚ ˧˦
đuổi theo	ʔ ɗ u ə j ˧˩ tʰ ɛ w ˧˧
đà	ʔ ɗ aː ˨˩
đà điểu	ʔ ɗ aː ˨˩ ʔ ɗ i ə w ˧˩
đài	ʔ ɗ aː j ˨˩
đài các	ʔ ɗ aː j ˨˩ k aː k̚ ˧˦
đài khí tượng	ʔ ɗ aː j ˨˩ x i ˧˦ t ɨ ə ŋ ˧˨ ʔ
đài nguyên	ʔ ɗ aː j ˨˩ ŋ w i ə n ˧˧
đài phun nước	ʔ ɗ aː j ˨˩ f u n ˧˧ n ɨ ə k̚ ˧˦
đài phát thanh	ʔ ɗ aː j ˨˩ f aː t̚ ˧˦ tʰ a j ŋ̟ ˧˧
đài quyền đạo	ʔ ɗ aː j ˨˩ k w i ə n ˨˩ ʔ ɗ aː w ˧˨ ʔ
đài thọ	ʔ ɗ aː j ˨˩ tʰ ɔ ˧˨ ʔ
đài truyền hình	ʔ ɗ aː j ˨˩ t͡ɕ w i ə n ˨˩ h ï ŋ ˨˩
đàm	ʔ ɗ aː m ˨˩
đàm phán	ʔ ɗ aː m ˨˩ f aː n ˧˦
đàm thoại	ʔ ɗ aː m ˨˩ tʰ w aː j ˧˨ ʔ
đàm tiếu	ʔ ɗ aː m ˨˩ t i ə w ˧˦
đàn	ʔ ɗ aː n ˨˩
đàn bà	ʔ ɗ aː n ˨˩ ʔ ɓ aː ˨˩
đàn bà con gái	ʔ ɗ aː n ˨˩ ʔ ɓ aː ˨˩ k ɔ n ˧˧ ɣ aː j ˧˦
đàn bầu	ʔ ɗ aː n ˨˩ ʔ ɓ ə w ˨˩
đàn cò	ʔ ɗ aː n ˨˩ k ɔ ˨˩
đàn gáo	ʔ ɗ aː n ˨˩ ɣ aː w ˧˦
đàn gảy tai trâu	ʔ ɗ aː n ˨˩ ɣ a j ˧˩ t aː j ˧˧ t͡ɕ ə w ˧˧
đàn hạc	ʔ ɗ aː n ˨˩ h aː k̚ ˧˨ ʔ
đàn hặc	ʔ ɗ aː n ˨˩ h a k̚ ˧˨ ʔ
đàn hồi	ʔ ɗ aː n ˨˩ h o j ˨˩
đàn nguyệt	ʔ ɗ aː n ˨˩ ŋ w i ə t̚ ˧˨ ʔ
đàn nhị	ʔ ɗ aː n ˨˩ ɲ i ˧˨ ʔ
đàn tam	ʔ ɗ aː n ˨˩ t aː m ˧˧
đàn tranh	ʔ ɗ aː n ˨˩ t͡ɕ a j ŋ̟ ˧˧
đàn xếp	ʔ ɗ aː n ˨˩ s e p̚ ˧˦
đàn áp	ʔ ɗ aː n ˨˩ ʔ aː p̚ ˧˦
đàn ông	ʔ ɗ aː n ˨˩ ʔ ə w ŋ͡m ˧˧
đàn ông đàn ang	ʔ ɗ aː n ˨˩ ʔ ə w ŋ͡m ˧˧ ʔ ɗ aː n ˨˩ ʔ aː ŋ ˧˧
đàn đáy	ʔ ɗ aː n ˨˩ ʔ ɗ a j ˧˦
đàn địch	ʔ ɗ aː n ˨˩ ʔ ɗ ï k̟̚ ˧˨ ʔ
đàng	ʔ ɗ aː ŋ ˨˩
đàng hoàng	ʔ ɗ aː ŋ ˨˩ h w aː ŋ ˨˩
đàng điếm	ʔ ɗ aː ŋ ˨˩ ʔ ɗ i ə m ˧˦
đành	ʔ ɗ a j ŋ̟ ˨˩
đành hanh	ʔ ɗ a j ŋ̟ ˨˩ h a j ŋ̟ ˧˧
đành rằng	ʔ ɗ a j ŋ̟ ˨˩ z a ŋ ˨˩
đào	ʔ ɗ aː w ˨˩
đào bới	ʔ ɗ aː w ˨˩ ʔ ɓ əː j ˧˦
đào hoa	ʔ ɗ aː w ˨˩ h w aː ˧˧
đào luyện	ʔ ɗ aː w ˨˩ l w i ə n ˧˨ ʔ
đào lộn hột	ʔ ɗ aː w ˨˩ l o n ˧˨ ʔ h o t̚ ˧˨ ʔ
đào mỏ	ʔ ɗ aː w ˨˩ m ɔ ˧˩
đào ngũ	ʔ ɗ aː w ˨˩ ŋ u ˦ˀ˥
đào thải	ʔ ɗ aː w ˨˩ tʰ aː j ˧˩
đào tạo	ʔ ɗ aː w ˨˩ t aː w ˧˨ ʔ
đào tẩu	ʔ ɗ aː w ˨˩ t ə w ˧˩
đào vong	ʔ ɗ aː w ˨˩ v a w ŋ͡m ˧˧
đày	ʔ ɗ a j ˨˩
đá	ʔ ɗ aː ˧˦
đá banh	ʔ ɗ aː ˧˦ ʔ ɓ a j ŋ̟ ˧˧
đá bào	ʔ ɗ aː ˧˦ ʔ ɓ aː w ˨˩
đá bóng	ʔ ɗ aː ˧˦ ʔ ɓ a w ŋ͡m ˧˦
đá chanh	ʔ ɗ aː ˧˦ t͡ɕ a j ŋ̟ ˧˧
đá cầu	ʔ ɗ aː ˧˦ k ə w ˨˩
đá da trời	ʔ ɗ aː ˧˦ z aː ˧˧ t͡ɕ əː j ˨˩
đá dăm	ʔ ɗ aː ˧˦ z a m ˧˧
đá gà	ʔ ɗ aː ˧˦ ɣ aː ˨˩
đá hoa	ʔ ɗ aː ˧˦ h w aː ˧˧
đá hoa cương	ʔ ɗ aː ˧˦ h w aː ˧˧ k ɨ ə ŋ ˧˧
đá lông nheo	ʔ ɗ aː ˧˦ l ə w ŋ͡m ˧˧ ɲ ɛ w ˧˧
đá lạnh	ʔ ɗ aː ˧˦ l a j ŋ̟ ˧˨ ʔ
đá lửa	ʔ ɗ aː ˧˦ l ɨ ə ˧˩
đá nhám	ʔ ɗ aː ˧˦ ɲ aː m ˧˦
đá ong	ʔ ɗ aː ˧˦ ʔ a w ŋ͡m ˧˧
đá quý	ʔ ɗ aː ˧˦ k w i ˧˦
đá vôi	ʔ ɗ aː ˧˦ v o j ˧˧
đá vỏ chai	ʔ ɗ aː ˧˦ v ɔ ˧˩ t͡ɕ aː j ˧˧
đái	ʔ ɗ aː j ˧˦
đái dầm	ʔ ɗ aː j ˧˦ z ə m ˨˩
đái ra quần	ʔ ɗ aː j ˧˦ z aː ˧˧ k w ə n ˨˩
đái tháo đường	ʔ ɗ aː j ˧˦ tʰ aː w ˧˦ ʔ ɗ ɨ ə ŋ ˨˩
đám	ʔ ɗ aː m ˧˦
đám cưới	ʔ ɗ aː m ˧˦ k ɨ ə j ˧˦
đám ma	ʔ ɗ aː m ˧˦ m aː ˧˧
đám tang	ʔ ɗ aː m ˧˦ t aː ŋ ˧˧
đám đông	ʔ ɗ aː m ˧˦ ʔ ɗ ə w ŋ͡m ˧˧
đán	ʔ ɗ aː n ˧˦
đáng	ʔ ɗ aː ŋ ˧˦
đáng ghét	ʔ ɗ aː ŋ ˧˦ ɣ ɛ t̚ ˧˦
đáng giá	ʔ ɗ aː ŋ ˧˦ z aː ˧˦
đáng gờm	ʔ ɗ aː ŋ ˧˦ ɣ əː m ˨˩
đáng khinh	ʔ ɗ aː ŋ ˧˦ x ï ŋ ˧˧
đáng kiếp	ʔ ɗ aː ŋ ˧˦ k i ə p̚ ˧˦
đáng kể	ʔ ɗ aː ŋ ˧˦ k e ˧˩
đáng lý	ʔ ɗ aː ŋ ˧˦ l i ˧˦
đáng ngại	ʔ ɗ aː ŋ ˧˦ ŋ aː j ˧˨ ʔ
đáng sợ	ʔ ɗ aː ŋ ˧˦ s əː ˧˨ ʔ
đáng thương	ʔ ɗ aː ŋ ˧˦ tʰ ɨ ə ŋ ˧˧
đáng tiếc	ʔ ɗ aː ŋ ˧˦ t i ə k̚ ˧˦
đáng yêu	ʔ ɗ aː ŋ ˧˦ ʔ i ə w ˧˧
đáng đời	ʔ ɗ aː ŋ ˧˦ ʔ ɗ əː j ˨˩
đánh	ʔ ɗ a j ŋ̟ ˧˦
đánh bóng	ʔ ɗ a j ŋ̟ ˧˦ ʔ ɓ a w ŋ͡m ˧˦
đánh bạc	ʔ ɗ a j ŋ̟ ˧˦ ʔ ɓ aː k̚ ˧˨ ʔ
đánh bại	ʔ ɗ a j ŋ̟ ˧˦ ʔ ɓ aː j ˧˨ ʔ
đánh bật	ʔ ɗ a j ŋ̟ ˧˦ ʔ ɓ ə t̚ ˧˨ ʔ
đánh bắt	ʔ ɗ a j ŋ̟ ˧˦ ʔ ɓ a t̚ ˧˦
đánh chữ	ʔ ɗ a j ŋ̟ ˧˦ t͡ɕ ɨ ˦ˀ˥
đánh cắp	ʔ ɗ a j ŋ̟ ˧˦ k a p̚ ˧˦
đánh dấu	ʔ ɗ a j ŋ̟ ˧˦ z ə w ˧˦
đánh ghen	ʔ ɗ a j ŋ̟ ˧˦ ɣ ɛ n ˧˧
đánh giá	ʔ ɗ a j ŋ̟ ˧˦ z aː ˧˦
đánh giáp lá cà	ʔ ɗ a j ŋ̟ ˧˦ z aː p̚ ˧˦ l aː ˧˦ k aː ˨˩
đánh gió	ʔ ɗ a j ŋ̟ ˧˦ z ɔ ˧˦
đánh giặc	ʔ ɗ a j ŋ̟ ˧˦ z a k̚ ˧˨ ʔ
đánh hơi	ʔ ɗ a j ŋ̟ ˧˦ h əː j ˧˧
đánh hội đồng	ʔ ɗ a j ŋ̟ ˧˦ h o j ˧˨ ʔ ʔ ɗ ə w ŋ͡m ˨˩
đánh khăng	ʔ ɗ a j ŋ̟ ˧˦ x a ŋ ˧˧
đánh lộn	ʔ ɗ a j ŋ̟ ˧˦ l o n ˧˨ ʔ
đánh lừa	ʔ ɗ a j ŋ̟ ˧˦ l ɨ ə ˨˩
đánh máy	ʔ ɗ a j ŋ̟ ˧˦ m a j ˧˦
đánh nhau	ʔ ɗ a j ŋ̟ ˧˦ ɲ a w ˧˧
đánh răng	ʔ ɗ a j ŋ̟ ˧˦ z a ŋ ˧˧
đánh rắm	ʔ ɗ a j ŋ̟ ˧˦ z a m ˧˦
đánh rắn động cỏ	ʔ ɗ a j ŋ̟ ˧˦ z a n ˧˦ ʔ ɗ ə w ŋ͡m ˧˨ ʔ k ɔ ˧˩
đánh số	ʔ ɗ a j ŋ̟ ˧˦ s o ˧˦
đánh thắng	ʔ ɗ a j ŋ̟ ˧˦ tʰ a ŋ ˧˦
đánh thức	ʔ ɗ a j ŋ̟ ˧˦ tʰ ɨ k̚ ˧˦
đánh tiếng	ʔ ɗ a j ŋ̟ ˧˦ t i ə ŋ ˧˦
đánh tráo	ʔ ɗ a j ŋ̟ ˧˦ t͡ɕ aː w ˧˦
đánh trống bỏ dùi	ʔ ɗ a j ŋ̟ ˧˦ t͡ɕ ə w ŋ͡m ˧˦ ʔ ɓ ɔ ˧˩ z u j ˨˩
đánh trống lảng	ʔ ɗ a j ŋ̟ ˧˦ t͡ɕ ə w ŋ͡m ˧˦ l aː ŋ ˧˩
đánh trống ngực	ʔ ɗ a j ŋ̟ ˧˦ t͡ɕ ə w ŋ͡m ˧˦ ŋ ɨ k̚ ˧˨ ʔ
đánh tỉa	ʔ ɗ a j ŋ̟ ˧˦ t i ə ˧˩
đánh võng	ʔ ɗ a j ŋ̟ ˧˦ v a w ŋ͡m ˦ˀ˥
đánh vần	ʔ ɗ a j ŋ̟ ˧˦ v ə n ˨˩
đánh đu	ʔ ɗ a j ŋ̟ ˧˦ ʔ ɗ u ˧˧
đánh đuổi	ʔ ɗ a j ŋ̟ ˧˦ ʔ ɗ u ə j ˧˩
đánh đòn	ʔ ɗ a j ŋ̟ ˧˦ ʔ ɗ ɔ n ˨˩
đánh đấm	ʔ ɗ a j ŋ̟ ˧˦ ʔ ɗ ə m ˧˦
đánh đầu	ʔ ɗ a j ŋ̟ ˧˦ ʔ ɗ ə w ˨˩
đánh địt	ʔ ɗ a j ŋ̟ ˧˦ ʔ ɗ i t̚ ˧˨ ʔ
đánh đố	ʔ ɗ a j ŋ̟ ˧˦ ʔ ɗ o ˧˦
đánh đồng	ʔ ɗ a j ŋ̟ ˧˦ ʔ ɗ ə w ŋ͡m ˨˩
đánh đổi	ʔ ɗ a j ŋ̟ ˧˦ ʔ ɗ o j ˧˩
đáo hạn	ʔ ɗ aː w ˧˦ h aː n ˧˨ ʔ
đáo để	ʔ ɗ aː w ˧˦ ʔ ɗ e ˧˩
đáp	ʔ ɗ aː p̚ ˧˦
đáp trả	ʔ ɗ aː p̚ ˧˦ t͡ɕ aː ˧˩
đáp án	ʔ ɗ aː p̚ ˧˦ ʔ aː n ˧˦
đáp ứng	ʔ ɗ aː p̚ ˧˦ ʔ ɨ ŋ ˧˦
đát	ʔ ɗ aː t̚ ˧˦
đáy	ʔ ɗ a j ˧˦
đáy lòng	ʔ ɗ a j ˧˦ l a w ŋ͡m ˨˩
đâm	ʔ ɗ ə m ˧˧
đâm ra	ʔ ɗ ə m ˧˧ z aː ˧˧
đâu	ʔ ɗ ə w ˧˧
đâu có	ʔ ɗ ə w ˧˧ k ɔ ˧˦
đâu ra đấy	ʔ ɗ ə w ˧˧ z aː ˧˧ ʔ ɗ ə j ˧˦
đâu vào đấy	ʔ ɗ ə w ˧˧ v aː w ˨˩ ʔ ɗ ə j ˧˦
đâu đâu	ʔ ɗ ə w ˧˧ ʔ ɗ ə w ˧˧
đâu đó	ʔ ɗ ə w ˧˧ ʔ ɗ ɔ ˧˦
đây	ʔ ɗ ə j ˧˧
đã	ʔ ɗ aː ˦ˀ˥
đã nghèo còn mắc cái eo	ʔ ɗ aː ˦ˀ˥ ŋ ɛ w ˨˩ k ɔ n ˨˩ m a k̚ ˧˦ k aː j ˧˦ ʔ ɛ w ˧˧
đã và đang	ʔ ɗ aː ˦ˀ˥ v aː ˨˩ ʔ ɗ aː ŋ ˧˧
đã đành	ʔ ɗ aː ˦ˀ˥ ʔ ɗ a j ŋ̟ ˨˩
đã đời	ʔ ɗ aː ˦ˀ˥ ʔ ɗ əː j ˨˩
đãi	ʔ ɗ aː j ˦ˀ˥
đãi ngộ	ʔ ɗ aː j ˦ˀ˥ ŋ o ˧˨ ʔ
đãng	ʔ ɗ aː ŋ ˦ˀ˥
đãng trí	ʔ ɗ aː ŋ ˦ˀ˥ t͡ɕ i ˧˦
đãy	ʔ ɗ a j ˦ˀ˥
đè	ʔ ɗ ɛ ˨˩
đè nặng	ʔ ɗ ɛ ˨˩ n a ŋ ˧˨ ʔ
đèn	ʔ ɗ ɛ n ˨˩
đèn bão	ʔ ɗ ɛ n ˨˩ ʔ ɓ aː w ˦ˀ˥
đèn cầy	ʔ ɗ ɛ n ˨˩ k ə j ˨˩
đèn dầu	ʔ ɗ ɛ n ˨˩ z ə w ˨˩
đèn giao thông	ʔ ɗ ɛ n ˨˩ z aː w ˧˧ tʰ ə w ŋ͡m ˧˧
đèn kéo quân	ʔ ɗ ɛ n ˨˩ k ɛ w ˧˦ k w ə n ˧˧
đèn lồng	ʔ ɗ ɛ n ˨˩ l ə w ŋ͡m ˨˩
đèn pha	ʔ ɗ ɛ n ˨˩ f aː ˧˧
đèn pin	ʔ ɗ ɛ n ˨˩ p i n ˧˧
đèn xanh	ʔ ɗ ɛ n ˨˩ s a j ŋ̟ ˧˧
đèn xanh đèn đỏ	ʔ ɗ ɛ n ˨˩ s a j ŋ̟ ˧˧ ʔ ɗ ɛ n ˨˩ ʔ ɗ ɔ ˧˩
đèn xanh đỏ	ʔ ɗ ɛ n ˨˩ s a j ŋ̟ ˧˧ ʔ ɗ ɔ ˧˩
đèn ông sao	ʔ ɗ ɛ n ˨˩ ʔ ə w ŋ͡m ˧˧ s aː w ˧˧
đèn điện	ʔ ɗ ɛ n ˨˩ ʔ ɗ i ə n ˧˨ ʔ
đèn đuốc	ʔ ɗ ɛ n ˨˩ ʔ ɗ u ə k̚ ˧˦
đèn đóm	ʔ ɗ ɛ n ˨˩ ʔ ɗ ɔ m ˧˦
đèn đường	ʔ ɗ ɛ n ˨˩ ʔ ɗ ɨ ə ŋ ˨˩
đèn đỏ	ʔ ɗ ɛ n ˨˩ ʔ ɗ ɔ ˧˩
đèo	ʔ ɗ ɛ w ˨˩
đèo núi	ʔ ɗ ɛ w ˨˩ n u j ˧˦
đéo	ʔ ɗ ɛ w ˧˦
đéo bao giờ	ʔ ɗ ɛ w ˧˦ ʔ ɓ aː w ˧˧ z əː ˨˩
đê	ʔ ɗ e ˧˧
đê hèn	ʔ ɗ e ˧˧ h ɛ n ˨˩
đê mê	ʔ ɗ e ˧˧ m e ˧˧
đê tiện	ʔ ɗ e ˧˧ t i ə n ˧˨ ʔ
đê điều	ʔ ɗ e ˧˧ ʔ ɗ i ə w ˨˩
đình	ʔ ɗ ï ŋ ˨˩
đình bản	ʔ ɗ ï ŋ ˨˩ ʔ ɓ aː n ˧˩
đình chiến	ʔ ɗ ï ŋ ˨˩ t͡ɕ i ə n ˧˦
đình chỉ	ʔ ɗ ï ŋ ˨˩ t͡ɕ i ˧˩
đình công	ʔ ɗ ï ŋ ˨˩ k ə w ŋ͡m ˧˧
đình lạm	ʔ ɗ ï ŋ ˨˩ l aː m ˧˨ ʔ
đình trệ	ʔ ɗ ï ŋ ˨˩ t͡ɕ e ˧˨ ʔ
đình đám	ʔ ɗ ï ŋ ˨˩ ʔ ɗ aː m ˧˦
đình đốn	ʔ ɗ ï ŋ ˨˩ ʔ ɗ o n ˧˦
đìu hiu	ʔ ɗ i w ˨˩ h i w ˧˧
đính	ʔ ɗ ï ŋ ˧˦
đính chính	ʔ ɗ ï ŋ ˧˦ t͡ɕ ï ŋ ˧˦
đính hôn	ʔ ɗ ï ŋ ˧˦ h o n ˧˧
đính kèm	ʔ ɗ ï ŋ ˧˦ k ɛ m ˨˩
đính ước	ʔ ɗ ï ŋ ˧˦ ʔ ɨ ə k̚ ˧˦
đít	ʔ ɗ i t̚ ˧˦
đít chai	ʔ ɗ i t̚ ˧˦ t͡ɕ aː j ˧˧
đò	ʔ ɗ ɔ ˨˩
đòi	ʔ ɗ ɔ j ˨˩
đòi cơn	ʔ ɗ ɔ j ˨˩ k əː n ˧˧
đòi hỏi	ʔ ɗ ɔ j ˨˩ h ɔ j ˧˩
đòm	ʔ ɗ ɔ m ˨˩
đòn	ʔ ɗ ɔ n ˨˩
đòn bẩy	ʔ ɗ ɔ n ˨˩ ʔ ɓ ə j ˧˩
đòn gánh	ʔ ɗ ɔ n ˨˩ ɣ a j ŋ̟ ˧˦
đòng đong	ʔ ɗ a w ŋ͡m ˨˩ ʔ ɗ a w ŋ͡m ˧˧
đòng đòng	ʔ ɗ a w ŋ͡m ˨˩ ʔ ɗ a w ŋ͡m ˨˩
đòng đọc	ʔ ɗ a w ŋ͡m ˨˩ ʔ ɗ a w k͡p̚ ˧˨ ʔ
đó	ʔ ɗ ɔ ˧˦
đói	ʔ ɗ ɔ j ˧˦
đói meo	ʔ ɗ ɔ j ˧˦ m ɛ w ˧˧
đói nghèo	ʔ ɗ ɔ j ˧˦ ŋ ɛ w ˨˩
đón	ʔ ɗ ɔ n ˧˦
đón chào	ʔ ɗ ɔ n ˧˦ t͡ɕ aː w ˨˩
đón nhận	ʔ ɗ ɔ n ˧˦ ɲ ə n ˧˨ ʔ
đón tiếp	ʔ ɗ ɔ n ˧˦ t i ə p̚ ˧˦
đón đầu	ʔ ɗ ɔ n ˧˦ ʔ ɗ ə w ˨˩
đóng	ʔ ɗ a w ŋ͡m ˧˦
đóng băng	ʔ ɗ a w ŋ͡m ˧˦ ʔ ɓ a ŋ ˧˧
đóng cửa	ʔ ɗ a w ŋ͡m ˧˦ k ɨ ə ˧˩
đóng cửa dạy nhau	ʔ ɗ a w ŋ͡m ˧˦ k ɨ ə ˧˩ z a j ˧˨ ʔ ɲ a w ˧˧
đóng góp	ʔ ɗ a w ŋ͡m ˧˦ ɣ ɔ p̚ ˧˦
đóng khung	ʔ ɗ a w ŋ͡m ˧˦ x ʊ w ŋ͡m ˧˧
đóng kịch	ʔ ɗ a w ŋ͡m ˧˦ k ï k̟̚ ˧˨ ʔ
đóng thùng	ʔ ɗ a w ŋ͡m ˧˦ tʰ ʊ w ŋ͡m ˨˩
đô	ʔ ɗ o ˧˧
đô hộ	ʔ ɗ o ˧˧ h o ˧˨ ʔ
đô hội	ʔ ɗ o ˧˧ h o j ˧˨ ʔ
đô la	ʔ ɗ o ˧˧ l aː ˧˧
đô la hoá	ʔ ɗ o ˧˧ l aː ˧˧ h w aː ˧˦
đô thị	ʔ ɗ o ˧˧ tʰ i ˧˨ ʔ
đô thị hoá	ʔ ɗ o ˧˧ tʰ i ˧˨ ʔ h w aː ˧˦
đô trưởng	ʔ ɗ o ˧˧ t͡ɕ ɨ ə ŋ ˧˩
đô vật	ʔ ɗ o ˧˧ v ə t̚ ˧˨ ʔ
đô đốc	ʔ ɗ o ˧˧ ʔ ɗ ə w k͡p̚ ˧˦
đõ	ʔ ɗ ɔ ˦ˀ˥
đù	ʔ ɗ u ˨˩
đùa	ʔ ɗ u ə ˨˩
đùi	ʔ ɗ u j ˨˩
đùm	ʔ ɗ u m ˨˩
đùm bọc	ʔ ɗ u m ˨˩ ʔ ɓ a w k͡p̚ ˧˨ ʔ
đùm đùm đề đề	ʔ ɗ u m ˨˩ ʔ ɗ u m ˨˩ ʔ ɗ e ˨˩ ʔ ɗ e ˨˩
đùn	ʔ ɗ u n ˨˩
đùng	ʔ ɗ ʊ w ŋ͡m ˨˩
đú	ʔ ɗ u ˧˦
đúc	ʔ ɗ ʊ w k͡p̚ ˧˦
đúc kết	ʔ ɗ ʊ w k͡p̚ ˧˦ k e t̚ ˧˦
đúc rút	ʔ ɗ ʊ w k͡p̚ ˧˦ z u t̚ ˧˦
đúng	ʔ ɗ ʊ w ŋ͡m ˧˦
đúng mức	ʔ ɗ ʊ w ŋ͡m ˧˦ m ɨ k̚ ˧˦
đúng mực	ʔ ɗ ʊ w ŋ͡m ˧˦ m ɨ k̚ ˧˨ ʔ
đúng điệu	ʔ ɗ ʊ w ŋ͡m ˧˦ ʔ ɗ i ə w ˧˨ ʔ
đúng đắn	ʔ ɗ ʊ w ŋ͡m ˧˦ ʔ ɗ a n ˧˦
đúp	ʔ ɗ u p̚ ˧˦
đúp lờ vê	ʔ ɗ u p̚ ˧˦ l əː ˨˩ v e ˧˧
đút	ʔ ɗ u t̚ ˧˦
đút lót	ʔ ɗ u t̚ ˧˦ l ɔ t̚ ˧˦
đăm	ʔ ɗ a m ˧˧
đăm chiêu	ʔ ɗ a m ˧˧ t͡ɕ i ə w ˧˧
đăm đăm	ʔ ɗ a m ˧˧ ʔ ɗ a m ˧˧
đăng	ʔ ɗ a ŋ ˧˧
đăng báo	ʔ ɗ a ŋ ˧˧ ʔ ɓ aː w ˧˦
đăng bạ	ʔ ɗ a ŋ ˧˧ ʔ ɓ aː ˧˨ ʔ
đăng bộ	ʔ ɗ a ŋ ˧˧ ʔ ɓ o ˧˨ ʔ
đăng cai	ʔ ɗ a ŋ ˧˧ k aː j ˧˧
đăng kiểm	ʔ ɗ a ŋ ˧˧ k i ə m ˧˩
đăng kí	ʔ ɗ a ŋ ˧˧ k i ˧˦
đăng lục	ʔ ɗ a ŋ ˧˧ l ʊ w k͡p̚ ˧˨ ʔ
đăng nhập	ʔ ɗ a ŋ ˧˧ ɲ ə p̚ ˧˨ ʔ
đăng quang	ʔ ɗ a ŋ ˧˧ k w aː ŋ ˧˧
đăng ten	ʔ ɗ a ŋ ˧˧ t ɛ n ˧˧
đăng tiêu hoa to	ʔ ɗ a ŋ ˧˧ t i ə w ˧˧ h w aː ˧˧ t ɔ ˧˧
đăng tải	ʔ ɗ a ŋ ˧˧ t aː j ˧˩
đăng xuất	ʔ ɗ a ŋ ˧˧ s w ə t̚ ˧˦
đĩnh	ʔ ɗ ï ŋ ˦ˀ˥
đĩnh đạc	ʔ ɗ ï ŋ ˦ˀ˥ ʔ ɗ aː k̚ ˧˨ ʔ
đũa	ʔ ɗ u ə ˦ˀ˥
đũa cả	ʔ ɗ u ə ˦ˀ˥ k aː ˧˩
đũa thần	ʔ ɗ u ə ˦ˀ˥ tʰ ə n ˨˩
đũng	ʔ ɗ ʊ w ŋ͡m ˦ˀ˥
đũy	ʔ ɗ w i ˦ˀ˥
đơ	ʔ ɗ əː ˧˧
đơm	ʔ ɗ əː m ˧˧
đơm đặt	ʔ ɗ əː m ˧˧ ʔ ɗ a t̚ ˧˨ ʔ
đơn	ʔ ɗ əː n ˧˧
đơn bạc	ʔ ɗ əː n ˧˧ ʔ ɓ aː k̚ ˧˨ ʔ
đơn ca	ʔ ɗ əː n ˧˧ k aː ˧˧
đơn chiếc	ʔ ɗ əː n ˧˧ t͡ɕ i ə k̚ ˧˦
đơn cử	ʔ ɗ əː n ˧˧ k ɨ ˧˩
đơn giản	ʔ ɗ əː n ˧˧ z aː n ˧˩
đơn giản hoá	ʔ ɗ əː n ˧˧ z aː n ˧˩ h w aː ˧˦
đơn lẻ	ʔ ɗ əː n ˧˧ l ɛ ˧˩
đơn nhất	ʔ ɗ əː n ˧˧ ɲ ə t̚ ˧˦
đơn phương	ʔ ɗ əː n ˧˧ f ɨ ə ŋ ˧˧
đơn sai	ʔ ɗ əː n ˧˧ s aː j ˧˧
đơn sơ	ʔ ɗ əː n ˧˧ s əː ˧˧
đơn thuần	ʔ ɗ əː n ˧˧ tʰ w ə n ˨˩
đơn thuốc	ʔ ɗ əː n ˧˧ tʰ u ə k̚ ˧˦
đơn thân	ʔ ɗ əː n ˧˧ tʰ ə n ˧˧
đơn thương độc mã	ʔ ɗ əː n ˧˧ tʰ ɨ ə ŋ ˧˧ ʔ ɗ ə w k͡p̚ ˧˨ ʔ m aː ˦ˀ˥
đơn thức	ʔ ɗ əː n ˧˧ tʰ ɨ k̚ ˧˦
đơn tiết	ʔ ɗ əː n ˧˧ t i ə t̚ ˧˦
đơn vị	ʔ ɗ əː n ˧˧ v i ˧˨ ʔ
đơn âm	ʔ ɗ əː n ˧˧ ʔ ə m ˧˧
đơn đao	ʔ ɗ əː n ˧˧ ʔ ɗ aː w ˧˧
đơn điệu	ʔ ɗ əː n ˧˧ ʔ ɗ i ə w ˧˨ ʔ
đơn độc	ʔ ɗ əː n ˧˧ ʔ ɗ ə w k͡p̚ ˧˨ ʔ
đưa	ʔ ɗ ɨ ə ˧˧
đưa ma	ʔ ɗ ɨ ə ˧˧ m aː ˧˧
đưa ra	ʔ ɗ ɨ ə ˧˧ z aː ˧˧
đưa tình	ʔ ɗ ɨ ə ˧˧ t ï ŋ ˨˩
đưa đám	ʔ ɗ ɨ ə ˧˧ ʔ ɗ aː m ˧˦
đưa đẩy	ʔ ɗ ɨ ə ˧˧ ʔ ɗ ə j ˧˩
đương	ʔ ɗ ɨ ə ŋ ˧˧
đương chức	ʔ ɗ ɨ ə ŋ ˧˧ t͡ɕ ɨ k̚ ˧˦
đương kim	ʔ ɗ ɨ ə ŋ ˧˧ k i m ˧˧
đương nhiên	ʔ ɗ ɨ ə ŋ ˧˧ ɲ i ə n ˧˧
đương nhiệm	ʔ ɗ ɨ ə ŋ ˧˧ ɲ i ə m ˧˨ ʔ
đương quy	ʔ ɗ ɨ ə ŋ ˧˧ k w i ˧˧
đương sự	ʔ ɗ ɨ ə ŋ ˧˧ s ɨ ˧˨ ʔ
đương thì	ʔ ɗ ɨ ə ŋ ˧˧ tʰ i ˨˩
đương thời	ʔ ɗ ɨ ə ŋ ˧˧ tʰ əː j ˨˩
đương đại	ʔ ɗ ɨ ə ŋ ˧˧ ʔ ɗ aː j ˧˨ ʔ
đương đầu	ʔ ɗ ɨ ə ŋ ˧˧ ʔ ɗ ə w ˨˩
đước	ʔ ɗ ɨ ə k̚ ˧˦
đưới	ʔ ɗ ɨ ə j ˧˦
đướn	ʔ ɗ ɨ ə n ˧˦
đười ươi	ʔ ɗ ɨ ə j ˨˩ ʔ ɨ ə j ˧˧
đường	ʔ ɗ ɨ ə ŋ ˨˩
đường biên	ʔ ɗ ɨ ə ŋ ˨˩ ʔ ɓ i ə n ˧˧
đường băng	ʔ ɗ ɨ ə ŋ ˨˩ ʔ ɓ a ŋ ˧˧
đường bệ	ʔ ɗ ɨ ə ŋ ˨˩ ʔ ɓ e ˧˨ ʔ
đường bộ	ʔ ɗ ɨ ə ŋ ˨˩ ʔ ɓ o ˧˨ ʔ
đường cao	ʔ ɗ ɨ ə ŋ ˨˩ k aː w ˧˧
đường cao tốc	ʔ ɗ ɨ ə ŋ ˨˩ k aː w ˧˧ t ə w k͡p̚ ˧˦
đường chim bay	ʔ ɗ ɨ ə ŋ ˨˩ t͡ɕ i m ˧˧ ʔ ɓ a j ˧˧
đường chéo	ʔ ɗ ɨ ə ŋ ˨˩ t͡ɕ ɛ w ˧˦
đường cong	ʔ ɗ ɨ ə ŋ ˨˩ k a w ŋ͡m ˧˧
đường cát	ʔ ɗ ɨ ə ŋ ˨˩ k aː t̚ ˧˦
đường cônic	ʔ ɗ ɨ ə ŋ ˨˩ k o ˧˧ n ï k̟̚ ˧˧
đường cùng	ʔ ɗ ɨ ə ŋ ˨˩ k ʊ w ŋ͡m ˨˩
đường dây	ʔ ɗ ɨ ə ŋ ˨˩ z ə j ˧˧
đường dòng	ʔ ɗ ɨ ə ŋ ˨˩ z a w ŋ͡m ˨˩
đường dẫn	ʔ ɗ ɨ ə ŋ ˨˩ z ə n ˦ˀ˥
đường huyết	ʔ ɗ ɨ ə ŋ ˨˩ h w i ə t̚ ˧˦
đường hô hấp	ʔ ɗ ɨ ə ŋ ˨˩ h o ˧˧ h ə p̚ ˧˦
đường hô hấp dưới	ʔ ɗ ɨ ə ŋ ˨˩ h o ˧˧ h ə p̚ ˧˦ z ɨ ə j ˧˦
đường hô hấp trên	ʔ ɗ ɨ ə ŋ ˨˩ h o ˧˧ h ə p̚ ˧˦ t͡ɕ e n ˧˧
đường hầm	ʔ ɗ ɨ ə ŋ ˨˩ h ə m ˨˩
đường kính	ʔ ɗ ɨ ə ŋ ˨˩ k ï ŋ ˧˦
đường lang quyền	ʔ ɗ ɨ ə ŋ ˨˩ l aː ŋ ˧˧ k w i ə n ˨˩
đường lối	ʔ ɗ ɨ ə ŋ ˨˩ l o j ˧˦
đường mòn	ʔ ɗ ɨ ə ŋ ˨˩ m ɔ n ˨˩
đường mạch nha	ʔ ɗ ɨ ə ŋ ˨˩ m a j k̟̚ ˧˨ ʔ ɲ aː ˧˧
đường nét	ʔ ɗ ɨ ə ŋ ˨˩ n ɛ t̚ ˧˦
đường phân	ʔ ɗ ɨ ə ŋ ˨˩ f ə n ˧˧
đường phân giác	ʔ ɗ ɨ ə ŋ ˨˩ f ə n ˧˧ z aː k̚ ˧˦
đường phèn	ʔ ɗ ɨ ə ŋ ˨˩ f ɛ n ˨˩
đường phên	ʔ ɗ ɨ ə ŋ ˨˩ f e n ˧˧
đường phố	ʔ ɗ ɨ ə ŋ ˨˩ f o ˧˦
đường phổi	ʔ ɗ ɨ ə ŋ ˨˩ f o j ˧˩
đường ranh	ʔ ɗ ɨ ə ŋ ˨˩ z a j ŋ̟ ˧˧
đường sinh	ʔ ɗ ɨ ə ŋ ˨˩ s ï ŋ ˧˧
đường sá	ʔ ɗ ɨ ə ŋ ˨˩ s aː ˧˦
đường sắt	ʔ ɗ ɨ ə ŋ ˨˩ s a t̚ ˧˦
đường sắt cao tốc	ʔ ɗ ɨ ə ŋ ˨˩ s a t̚ ˧˦ k aː w ˧˧ t ə w k͡p̚ ˧˦
đường sắt nhẹ	ʔ ɗ ɨ ə ŋ ˨˩ s a t̚ ˧˦ ɲ ɛ ˧˨ ʔ
đường sữa	ʔ ɗ ɨ ə ŋ ˨˩ s ɨ ə ˦ˀ˥
đường thuỷ	ʔ ɗ ɨ ə ŋ ˨˩ tʰ w i ˧˩
đường thẳng	ʔ ɗ ɨ ə ŋ ˨˩ tʰ a ŋ ˧˩
đường thốt nốt	ʔ ɗ ɨ ə ŋ ˨˩ tʰ o t̚ ˧˦ n o t̚ ˧˦
đường tiêu hoá	ʔ ɗ ɨ ə ŋ ˨˩ t i ə w ˧˧ h w aː ˧˦
đường trung bình	ʔ ɗ ɨ ə ŋ ˨˩ t͡ɕ ʊ w ŋ͡m ˧˧ ʔ ɓ ï ŋ ˨˩
đường trung trực	ʔ ɗ ɨ ə ŋ ˨˩ t͡ɕ ʊ w ŋ͡m ˧˧ t͡ɕ ɨ k̚ ˧˨ ʔ
đường tròn	ʔ ɗ ɨ ə ŋ ˨˩ t͡ɕ ɔ n ˨˩
đường tròn bàng tiếp	ʔ ɗ ɨ ə ŋ ˨˩ t͡ɕ ɔ n ˨˩ ʔ ɓ aː ŋ ˨˩ t i ə p̚ ˧˦
đường tròn ngoại tiếp	ʔ ɗ ɨ ə ŋ ˨˩ t͡ɕ ɔ n ˨˩ ŋ w aː j ˧˨ ʔ t i ə p̚ ˧˦
đường tròn nội tiếp	ʔ ɗ ɨ ə ŋ ˨˩ t͡ɕ ɔ n ˨˩ n o j ˧˨ ʔ t i ə p̚ ˧˦
đường tỉnh	ʔ ɗ ɨ ə ŋ ˨˩ t ï ŋ ˧˩
đường vàng	ʔ ɗ ɨ ə ŋ ˨˩ v aː ŋ ˨˩
đường đi nước bước	ʔ ɗ ɨ ə ŋ ˨˩ ʔ ɗ i ˧˧ n ɨ ə k̚ ˧˦ ʔ ɓ ɨ ə k̚ ˧˦
đường đường	ʔ ɗ ɨ ə ŋ ˨˩ ʔ ɗ ɨ ə ŋ ˨˩
đường đường chính chính	ʔ ɗ ɨ ə ŋ ˨˩ ʔ ɗ ɨ ə ŋ ˨˩ t͡ɕ ï ŋ ˧˦ t͡ɕ ï ŋ ˧˦
đường đột	ʔ ɗ ɨ ə ŋ ˨˩ ʔ ɗ o t̚ ˧˨ ʔ
được	ʔ ɗ ɨ ə k̚ ˧˨ ʔ
được cái	ʔ ɗ ɨ ə k̚ ˧˨ ʔ k aː j ˧˦
được voi đòi tiên	ʔ ɗ ɨ ə k̚ ˧˨ ʔ v ɔ j ˧˧ ʔ ɗ ɔ j ˨˩ t i ə n ˧˧
đượm	ʔ ɗ ɨ ə m ˧˨ ʔ
đượm đà	ʔ ɗ ɨ ə m ˧˨ ʔ ʔ ɗ aː ˨˩
đạc	ʔ ɗ aː k̚ ˧˨ ʔ
đạc điền	ʔ ɗ aː k̚ ˧˨ ʔ ʔ ɗ i ə n ˨˩
đại	ʔ ɗ aː j ˧˨ ʔ
đại bi	ʔ ɗ aː j ˧˨ ʔ ʔ ɓ i ˧˧
đại biểu	ʔ ɗ aː j ˧˨ ʔ ʔ ɓ i ə w ˧˩
đại bàng	ʔ ɗ aː j ˧˨ ʔ ʔ ɓ aː ŋ ˨˩
đại bác	ʔ ɗ aː j ˧˨ ʔ ʔ ɓ aː k̚ ˧˦
đại bộ phận	ʔ ɗ aː j ˧˨ ʔ ʔ ɓ o ˧˨ ʔ f ə n ˧˨ ʔ
đại ca	ʔ ɗ aː j ˧˨ ʔ k aː ˧˧
đại chiến	ʔ ɗ aː j ˧˨ ʔ t͡ɕ i ə n ˧˦
đại chúng	ʔ ɗ aː j ˧˨ ʔ t͡ɕ ʊ w ŋ͡m ˧˦
đại công quốc	ʔ ɗ aː j ˧˨ ʔ k ə w ŋ͡m ˧˧ k u ə k̚ ˧˦
đại cương	ʔ ɗ aː j ˧˨ ʔ k ɨ ə ŋ ˧˧
đại cục	ʔ ɗ aː j ˧˨ ʔ k ʊ w k͡p̚ ˧˨ ʔ
đại danh từ	ʔ ɗ aː j ˧˨ ʔ z a j ŋ̟ ˧˧ t ɨ ˨˩
đại diện	ʔ ɗ aː j ˧˨ ʔ z i ə n ˧˨ ʔ
đại dương	ʔ ɗ aː j ˧˨ ʔ z ɨ ə ŋ ˧˧
đại dịch	ʔ ɗ aː j ˧˨ ʔ z ï k̟̚ ˧˨ ʔ
đại gia	ʔ ɗ aː j ˧˨ ʔ z aː ˧˧
đại gia đình	ʔ ɗ aː j ˧˨ ʔ z aː ˧˧ ʔ ɗ ï ŋ ˨˩
đại giáo đường	ʔ ɗ aː j ˧˨ ʔ z aː w ˧˦ ʔ ɗ ɨ ə ŋ ˨˩
đại hiệp	ʔ ɗ aː j ˧˨ ʔ h i ə p̚ ˧˨ ʔ
đại hoạ	ʔ ɗ aː j ˧˨ ʔ h w aː ˧˨ ʔ
đại học	ʔ ɗ aː j ˧˨ ʔ h a w k͡p̚ ˧˨ ʔ
đại học sĩ	ʔ ɗ aː j ˧˨ ʔ h a w k͡p̚ ˧˨ ʔ s i ˦ˀ˥
đại học đường	ʔ ɗ aː j ˧˨ ʔ h a w k͡p̚ ˧˨ ʔ ʔ ɗ ɨ ə ŋ ˨˩
đại hồng thuỷ	ʔ ɗ aː j ˧˨ ʔ h ə w ŋ͡m ˨˩ tʰ w i ˧˩
đại hội	ʔ ɗ aː j ˧˨ ʔ h o j ˧˨ ʔ
đại hội đồng	ʔ ɗ aː j ˧˨ ʔ h o j ˧˨ ʔ ʔ ɗ ə w ŋ͡m ˨˩
đại khái	ʔ ɗ aː j ˧˨ ʔ x aː j ˧˦
đại kiện tướng	ʔ ɗ aː j ˧˨ ʔ k i ə n ˧˨ ʔ t ɨ ə ŋ ˧˦
đại kị	ʔ ɗ aː j ˧˨ ʔ k i ˧˨ ʔ
đại liên	ʔ ɗ aː j ˧˨ ʔ l i ə n ˧˧
đại loại	ʔ ɗ aː j ˧˨ ʔ l w aː j ˧˨ ʔ
đại lí	ʔ ɗ aː j ˧˨ ʔ l i ˧˦
đại lượng	ʔ ɗ aː j ˧˨ ʔ l ɨ ə ŋ ˧˨ ʔ
đại lượng tỉ lệ nghịch	ʔ ɗ aː j ˧˨ ʔ l ɨ ə ŋ ˧˨ ʔ t i ˧˩ l e ˧˨ ʔ ŋ ï k̟̚ ˧˨ ʔ
đại lễ	ʔ ɗ aː j ˧˨ ʔ l e ˦ˀ˥
đại lộ	ʔ ɗ aː j ˧˨ ʔ l o ˧˨ ʔ
đại lục	ʔ ɗ aː j ˧˨ ʔ l ʊ w k͡p̚ ˧˨ ʔ
đại mạch	ʔ ɗ aː j ˧˨ ʔ m a j k̟̚ ˧˨ ʔ
đại nghị	ʔ ɗ aː j ˧˨ ʔ ŋ i ˧˨ ʔ
đại nghịch	ʔ ɗ aː j ˧˨ ʔ ŋ ï k̟̚ ˧˨ ʔ
đại ngu	ʔ ɗ aː j ˧˨ ʔ ŋ u ˧˧
đại ngàn	ʔ ɗ aː j ˧˨ ʔ ŋ aː n ˨˩
đại nhân	ʔ ɗ aː j ˧˨ ʔ ɲ ə n ˧˧
đại nhạc hội	ʔ ɗ aː j ˧˨ ʔ ɲ aː k̚ ˧˨ ʔ h o j ˧˨ ʔ
đại não	ʔ ɗ aː j ˧˨ ʔ n aː w ˦ˀ˥
đại nội	ʔ ɗ aː j ˧˨ ʔ n o j ˧˨ ʔ
đại phong cầm	ʔ ɗ aː j ˧˨ ʔ f a w ŋ͡m ˧˧ k ə m ˨˩
đại pháo	ʔ ɗ aː j ˧˨ ʔ f aː w ˧˦
đại quan	ʔ ɗ aː j ˧˨ ʔ k w aː n ˧˧
đại quy mô	ʔ ɗ aː j ˧˨ ʔ k w i ˧˧ m o ˧˧
đại số	ʔ ɗ aː j ˧˨ ʔ s o ˧˦
đại số học	ʔ ɗ aː j ˧˨ ʔ s o ˧˦ h a w k͡p̚ ˧˨ ʔ
đại số tuyến tính	ʔ ɗ aː j ˧˨ ʔ s o ˧˦ t w i ə n ˧˦ t ï ŋ ˧˦
đại sứ	ʔ ɗ aː j ˧˨ ʔ s ɨ ˧˦
đại sứ quán	ʔ ɗ aː j ˧˨ ʔ s ɨ ˧˦ k w aː n ˧˦
đại sự	ʔ ɗ aː j ˧˨ ʔ s ɨ ˧˨ ʔ
đại thắng	ʔ ɗ aː j ˧˨ ʔ tʰ a ŋ ˧˦
đại thể	ʔ ɗ aː j ˧˨ ʔ tʰ e ˧˩
đại thụ	ʔ ɗ aː j ˧˨ ʔ tʰ u ˧˨ ʔ
đại thực bào	ʔ ɗ aː j ˧˨ ʔ tʰ ɨ k̚ ˧˨ ʔ ʔ ɓ aː w ˨˩
đại tinh tinh	ʔ ɗ aː j ˧˨ ʔ t ï ŋ ˧˧ t ï ŋ ˧˧
đại tiểu tiện	ʔ ɗ aː j ˧˨ ʔ t i ə w ˧˩ t i ə n ˧˨ ʔ
đại tiện	ʔ ɗ aː j ˧˨ ʔ t i ə n ˧˨ ʔ
đại trà	ʔ ɗ aː j ˧˨ ʔ t͡ɕ aː ˨˩
đại tràng	ʔ ɗ aː j ˧˨ ʔ t͡ɕ aː ŋ ˨˩
đại trượng phu	ʔ ɗ aː j ˧˨ ʔ t͡ɕ ɨ ə ŋ ˧˨ ʔ f u ˧˧
đại tài	ʔ ɗ aː j ˧˨ ʔ t aː j ˨˩
đại tá	ʔ ɗ aː j ˧˨ ʔ t aː ˧˦
đại tướng	ʔ ɗ aː j ˧˨ ʔ t ɨ ə ŋ ˧˦
đại từ	ʔ ɗ aː j ˧˨ ʔ t ɨ ˨˩
đại từ nghi vấn	ʔ ɗ aː j ˧˨ ʔ t ɨ ˨˩ ŋ i ˧˧ v ə n ˧˦
đại từ nhân xưng	ʔ ɗ aː j ˧˨ ʔ t ɨ ˨˩ ɲ ə n ˧˧ s ɨ ŋ ˧˧
đại từ sở hữu	ʔ ɗ aː j ˧˨ ʔ t ɨ ˨˩ s əː ˧˩ h i w ˦ˀ˥
đại uý	ʔ ɗ aː j ˧˨ ʔ ʔ w i ˧˦
đại ý	ʔ ɗ aː j ˧˨ ʔ ʔ i ˧˦
đại đa số	ʔ ɗ aː j ˧˨ ʔ ʔ ɗ aː ˧˧ s o ˧˦
đại đoàn kết	ʔ ɗ aː j ˧˨ ʔ ʔ ɗ w aː n ˨˩ k e t̚ ˧˦
đại đoàn kết dân tộc	ʔ ɗ aː j ˧˨ ʔ ʔ ɗ w aː n ˨˩ k e t̚ ˧˦ z ə n ˧˧ t ə w k͡p̚ ˧˨ ʔ
đại để	ʔ ɗ aː j ˧˨ ʔ ʔ ɗ e ˧˩
đại đồng	ʔ ɗ aː j ˧˨ ʔ ʔ ɗ ə w ŋ͡m ˨˩
đại đội	ʔ ɗ aː j ˧˨ ʔ ʔ ɗ o j ˧˨ ʔ
đại đức	ʔ ɗ aː j ˧˨ ʔ ʔ ɗ ɨ k̚ ˧˦
đạm	ʔ ɗ aː m ˧˨ ʔ
đạm bạc	ʔ ɗ aː m ˧˨ ʔ ʔ ɓ aː k̚ ˧˨ ʔ
đạn	ʔ ɗ aː n ˧˨ ʔ
đạn dược	ʔ ɗ aː n ˧˨ ʔ z ɨ ə k̚ ˧˨ ʔ
đạn pháo	ʔ ɗ aː n ˧˨ ʔ f aː w ˧˦
đạo	ʔ ɗ aː w ˧˨ ʔ
đạo Cao Đài	ʔ ɗ aː w ˧˨ ʔ k aː w ˧˧ ʔ ɗ aː j ˨˩
đạo Cơ Đốc	ʔ ɗ aː w ˧˨ ʔ k əː ˧˧ ʔ ɗ ə w k͡p̚ ˧˦
đạo Do Thái	ʔ ɗ aː w ˧˨ ʔ z ɔ ˧˧ tʰ aː j ˧˦
đạo Dừa	ʔ ɗ aː w ˧˨ ʔ z ɨ ə ˨˩
đạo Hoà Hảo	ʔ ɗ aː w ˧˨ ʔ h w aː ˨˩ h aː w ˧˩
đạo Hồi	ʔ ɗ aː w ˧˨ ʔ h o j ˨˩
đạo Khổng	ʔ ɗ aː w ˧˨ ʔ x ə w ŋ͡m ˧˩
đạo Lão	ʔ ɗ aː w ˧˨ ʔ l aː w ˦ˀ˥
đạo Nho	ʔ ɗ aː w ˧˨ ʔ ɲ ɔ ˧˧
đạo Phật	ʔ ɗ aː w ˧˨ ʔ f ə t̚ ˧˨ ʔ
đạo Thiên Chúa	ʔ ɗ aː w ˧˨ ʔ tʰ i ə n ˧˧ t͡ɕ u ə ˧˦
đạo Tin Lành	ʔ ɗ aː w ˧˨ ʔ t i n ˧˧ l a j ŋ̟ ˨˩
đạo chích	ʔ ɗ aː w ˧˨ ʔ t͡ɕ ï k̟̚ ˧˦
đạo cụ	ʔ ɗ aː w ˧˨ ʔ k u ˧˨ ʔ
đạo diễn	ʔ ɗ aː w ˧˨ ʔ z i ə n ˦ˀ˥
đạo hàm	ʔ ɗ aː w ˧˨ ʔ h aː m ˨˩
đạo luật	ʔ ɗ aː w ˧˨ ʔ l w ə t̚ ˧˨ ʔ
đạo lí	ʔ ɗ aː w ˧˨ ʔ l i ˧˦
đạo lương	ʔ ɗ aː w ˧˨ ʔ l ɨ ə ŋ ˧˧
đạo mạo	ʔ ɗ aː w ˧˨ ʔ m aː w ˧˨ ʔ
đạo nhân	ʔ ɗ aː w ˧˨ ʔ ɲ ə n ˧˧
đạo quán	ʔ ɗ aː w ˧˨ ʔ k w aː n ˧˦
đạo quân	ʔ ɗ aː w ˧˨ ʔ k w ə n ˧˧
đạo sĩ	ʔ ɗ aː w ˧˨ ʔ s i ˦ˀ˥
đạo trường	ʔ ɗ aː w ˧˨ ʔ t͡ɕ ɨ ə ŋ ˨˩
đạo tặc	ʔ ɗ aː w ˧˨ ʔ t a k̚ ˧˨ ʔ
đạo văn	ʔ ɗ aː w ˧˨ ʔ v a n ˧˧
đạo đức	ʔ ɗ aː w ˧˨ ʔ ʔ ɗ ɨ k̚ ˧˦
đạo đức giả	ʔ ɗ aː w ˧˨ ʔ ʔ ɗ ɨ k̚ ˧˦ z aː ˧˩
đạo đức học	ʔ ɗ aː w ˧˨ ʔ ʔ ɗ ɨ k̚ ˧˦ h a w k͡p̚ ˧˨ ʔ
đạp	ʔ ɗ aː p̚ ˧˨ ʔ
đạp xe	ʔ ɗ aː p̚ ˧˨ ʔ s ɛ ˧˧
đạt	ʔ ɗ aː t̚ ˧˨ ʔ
đạt lỗ hoa xích	ʔ ɗ aː t̚ ˧˨ ʔ l o ˦ˀ˥ h w aː ˧˧ s ï k̟̚ ˧˦
đả	ʔ ɗ aː ˧˩
đả kích	ʔ ɗ aː ˧˩ k ï k̟̚ ˧˦
đả nữ	ʔ ɗ aː ˧˩ n ɨ ˦ˀ˥
đả thông	ʔ ɗ aː ˧˩ tʰ ə w ŋ͡m ˧˧
đả thương	ʔ ɗ aː ˧˩ tʰ ɨ ə ŋ ˧˧
đả đảo	ʔ ɗ aː ˧˩ ʔ ɗ aː w ˧˩
đả động	ʔ ɗ aː ˧˩ ʔ ɗ ə w ŋ͡m ˧˨ ʔ
đảm	ʔ ɗ aː m ˧˩
đảm bảo	ʔ ɗ aː m ˧˩ ʔ ɓ aː w ˧˩
đảm bảo phá huỷ lẫn nhau	ʔ ɗ aː m ˧˩ ʔ ɓ aː w ˧˩ f aː ˧˦ h w i ˧˩ l ə n ˦ˀ˥ ɲ a w ˧˧
đảm nhiệm	ʔ ɗ aː m ˧˩ ɲ i ə m ˧˨ ʔ
đảm nhận	ʔ ɗ aː m ˧˩ ɲ ə n ˧˨ ʔ
đảm phụ	ʔ ɗ aː m ˧˩ f u ˧˨ ʔ
đảm đang	ʔ ɗ aː m ˧˩ ʔ ɗ aː ŋ ˧˧
đảm đương	ʔ ɗ aː m ˧˩ ʔ ɗ ɨ ə ŋ ˧˧
đảng	ʔ ɗ aː ŋ ˧˩
đảng bộ	ʔ ɗ aː ŋ ˧˩ ʔ ɓ o ˧˨ ʔ
đảng cộng sản	ʔ ɗ aː ŋ ˧˩ k ə w ŋ͡m ˧˨ ʔ s aː n ˧˩
đảng phái	ʔ ɗ aː ŋ ˧˩ f aː j ˧˦
đảng phí	ʔ ɗ aː ŋ ˧˩ f i ˧˦
đảng uỷ	ʔ ɗ aː ŋ ˧˩ ʔ w i ˧˩
đảng viên	ʔ ɗ aː ŋ ˧˩ v i ə n ˧˧
đảng đối lập	ʔ ɗ aː ŋ ˧˩ ʔ ɗ o j ˧˦ l ə p̚ ˧˨ ʔ
đảnh	ʔ ɗ a j ŋ̟ ˧˩
đảo	ʔ ɗ aː w ˧˩
đảo Anh	ʔ ɗ aː w ˧˩ ʔ a j ŋ̟ ˧˧
đảo Phục Sinh	ʔ ɗ aː w ˧˩ f ʊ w k͡p̚ ˧˨ ʔ s ï ŋ ˧˧
đảo chính	ʔ ɗ aː w ˧˩ t͡ɕ ï ŋ ˧˦
đảo lộn	ʔ ɗ aː w ˧˩ l o n ˧˨ ʔ
đảo ngược	ʔ ɗ aː w ˧˩ ŋ ɨ ə k̚ ˧˨ ʔ
đảo quốc	ʔ ɗ aː w ˧˩ k u ə k̚ ˧˦
đấm	ʔ ɗ ə m ˧˦
đấm bóp	ʔ ɗ ə m ˧˦ ʔ ɓ ɔ p̚ ˧˦
đấm bốc	ʔ ɗ ə m ˧˦ ʔ ɓ ə w k͡p̚ ˧˦
đấng	ʔ ɗ ə ŋ ˧˦
đất	ʔ ɗ ə t̚ ˧˦
đất bồi	ʔ ɗ ə t̚ ˧˦ ʔ ɓ o j ˨˩
đất chật người đông	ʔ ɗ ə t̚ ˧˦ t͡ɕ ə t̚ ˧˨ ʔ ŋ ɨ ə j ˨˩ ʔ ɗ ə w ŋ͡m ˧˧
đất cát	ʔ ɗ ə t̚ ˧˦ k aː t̚ ˧˦
đất có lề quê có thói	ʔ ɗ ə t̚ ˧˦ k ɔ ˧˦ l e ˨˩ k w e ˧˧ k ɔ ˧˦ tʰ ɔ j ˧˦
đất hiếm	ʔ ɗ ə t̚ ˧˦ h i ə m ˧˦
đất khách quê người	ʔ ɗ ə t̚ ˧˦ x a j k̟̚ ˧˦ k w e ˧˧ ŋ ɨ ə j ˨˩
đất liền	ʔ ɗ ə t̚ ˧˦ l i ə n ˨˩
đất lành chim đậu	ʔ ɗ ə t̚ ˧˦ l a j ŋ̟ ˨˩ t͡ɕ i m ˧˧ ʔ ɗ ə w ˧˨ ʔ
đất lề quê thói	ʔ ɗ ə t̚ ˧˦ l e ˨˩ k w e ˧˧ tʰ ɔ j ˧˦
đất mặn	ʔ ɗ ə t̚ ˧˦ m a n ˧˨ ʔ
đất nung	ʔ ɗ ə t̚ ˧˦ n ʊ w ŋ͡m ˧˧
đất nước	ʔ ɗ ə t̚ ˧˦ n ɨ ə k̚ ˧˦
đất phèn	ʔ ɗ ə t̚ ˧˦ f ɛ n ˨˩
đất phù sa	ʔ ɗ ə t̚ ˧˦ f u ˨˩ s aː ˧˧
đất sét	ʔ ɗ ə t̚ ˧˦ s ɛ t̚ ˧˦
đất sỏi	ʔ ɗ ə t̚ ˧˦ s ɔ j ˧˩
đất thịt	ʔ ɗ ə t̚ ˧˦ tʰ i t̚ ˧˨ ʔ
đất trời	ʔ ɗ ə t̚ ˧˦ t͡ɕ əː j ˨˩
đất tổ	ʔ ɗ ə t̚ ˧˦ t o ˧˩
đất đai	ʔ ɗ ə t̚ ˧˦ ʔ ɗ aː j ˧˧
đất đá	ʔ ɗ ə t̚ ˧˦ ʔ ɗ aː ˧˦
đất đỏ	ʔ ɗ ə t̚ ˧˦ ʔ ɗ ɔ ˧˩
đấu	ʔ ɗ ə w ˧˦
đấu củng	ʔ ɗ ə w ˧˦ k ʊ w ŋ͡m ˧˩
đấu giá	ʔ ɗ ə w ˧˦ z aː ˧˦
đấu khẩu	ʔ ɗ ə w ˧˦ x ə w ˧˩
đấu kiếm	ʔ ɗ ə w ˧˦ k i ə m ˧˦
đấu thầu	ʔ ɗ ə w ˧˦ tʰ ə w ˨˩
đấu thủ	ʔ ɗ ə w ˧˦ tʰ u ˧˩
đấu tranh	ʔ ɗ ə w ˧˦ t͡ɕ a j ŋ̟ ˧˧
đấu trí	ʔ ɗ ə w ˧˦ t͡ɕ i ˧˦
đấu trường	ʔ ɗ ə w ˧˦ t͡ɕ ɨ ə ŋ ˨˩
đấu tố	ʔ ɗ ə w ˧˦ t o ˧˦
đấu vật	ʔ ɗ ə w ˧˦ v ə t̚ ˧˨ ʔ
đấu xảo	ʔ ɗ ə w ˧˦ s aː w ˧˩
đấu đá	ʔ ɗ ə w ˧˦ ʔ ɗ aː ˧˦
đấy	ʔ ɗ ə j ˧˦
đầm	ʔ ɗ ə m ˨˩
đầm lầy	ʔ ɗ ə m ˨˩ l ə j ˨˩
đầm phá	ʔ ɗ ə m ˨˩ f aː ˧˦
đầm đìa	ʔ ɗ ə m ˨˩ ʔ ɗ i ə ˨˩
đầm ấm	ʔ ɗ ə m ˨˩ ʔ ə m ˧˦
đần	ʔ ɗ ə n ˨˩
đần độn	ʔ ɗ ə n ˨˩ ʔ ɗ o n ˧˨ ʔ
đầu	ʔ ɗ ə w ˨˩
đầu buồi	ʔ ɗ ə w ˨˩ ʔ ɓ u ə j ˨˩
đầu bạc răng long	ʔ ɗ ə w ˨˩ ʔ ɓ aː k̚ ˧˨ ʔ z a ŋ ˧˧ l a w ŋ͡m ˧˧
đầu bếp	ʔ ɗ ə w ˨˩ ʔ ɓ e p̚ ˧˦
đầu chôm chôm	ʔ ɗ ə w ˨˩ t͡ɕ o m ˧˧ t͡ɕ o m ˧˧
đầu cua tai nheo	ʔ ɗ ə w ˨˩ k u ə ˧˧ t aː j ˧˧ ɲ ɛ w ˧˧
đầu cơ	ʔ ɗ ə w ˨˩ k əː ˧˧
đầu gấu	ʔ ɗ ə w ˨˩ ɣ ə w ˧˦
đầu gối	ʔ ɗ ə w ˨˩ ɣ o j ˧˦
đầu hàng	ʔ ɗ ə w ˨˩ h aː ŋ ˨˩
đầu khấc	ʔ ɗ ə w ˨˩ x ə k̚ ˧˦
đầu lâu	ʔ ɗ ə w ˨˩ l ə w ˧˧
đầu lòng	ʔ ɗ ə w ˨˩ l a w ŋ͡m ˨˩
đầu mối	ʔ ɗ ə w ˨˩ m o j ˧˦
đầu não	ʔ ɗ ə w ˨˩ n aː w ˦ˀ˥
đầu nước	ʔ ɗ ə w ˨˩ n ɨ ə k̚ ˧˦
đầu phiếu	ʔ ɗ ə w ˨˩ f i ə w ˧˦
đầu quân	ʔ ɗ ə w ˨˩ k w ə n ˧˧
đầu ra	ʔ ɗ ə w ˨˩ z aː ˧˧
đầu ruồi	ʔ ɗ ə w ˨˩ z u ə j ˨˩
đầu rìu	ʔ ɗ ə w ˨˩ z i w ˨˩
đầu sóng ngọn gió	ʔ ɗ ə w ˨˩ s a w ŋ͡m ˧˦ ŋ ɔ n ˧˨ ʔ z ɔ ˧˦
đầu sỏ	ʔ ɗ ə w ˨˩ s ɔ ˧˩
đầu tay	ʔ ɗ ə w ˨˩ t a j ˧˧
đầu thai	ʔ ɗ ə w ˨˩ tʰ aː j ˧˧
đầu thú	ʔ ɗ ə w ˨˩ tʰ u ˧˦
đầu tiên	ʔ ɗ ə w ˨˩ t i ə n ˧˧
đầu trâu mặt ngựa	ʔ ɗ ə w ˨˩ t͡ɕ ə w ˧˧ m a t̚ ˧˨ ʔ ŋ ɨ ə ˧˨ ʔ
đầu têu	ʔ ɗ ə w ˨˩ t e w ˧˧
đầu tư	ʔ ɗ ə w ˨˩ t ɨ ˧˧
đầu tắt mặt tối	ʔ ɗ ə w ˨˩ t a t̚ ˧˦ m a t̚ ˧˨ ʔ t o j ˧˦
đầu voi đuôi chuột	ʔ ɗ ə w ˨˩ v ɔ j ˧˧ ʔ ɗ u ə j ˧˧ t͡ɕ u ə t̚ ˧˨ ʔ
đầu vào	ʔ ɗ ə w ˨˩ v aː w ˨˩
đầu óc	ʔ ɗ ə w ˨˩ ʔ a w k͡p̚ ˧˦
đầu đinh	ʔ ɗ ə w ˨˩ ʔ ɗ ï ŋ ˧˧
đầu đuôi	ʔ ɗ ə w ˨˩ ʔ ɗ u ə j ˧˧
đầu đạn	ʔ ɗ ə w ˨˩ ʔ ɗ aː n ˧˨ ʔ
đầu đảng	ʔ ɗ ə w ˨˩ ʔ ɗ aː ŋ ˧˩
đầu đất	ʔ ɗ ə w ˨˩ ʔ ɗ ə t̚ ˧˦
đầu đọc	ʔ ɗ ə w ˨˩ ʔ ɗ a w k͡p̚ ˧˨ ʔ
đầu độc	ʔ ɗ ə w ˨˩ ʔ ɗ ə w k͡p̚ ˧˨ ʔ
đầy	ʔ ɗ ə j ˨˩
đầy bụng	ʔ ɗ ə j ˨˩ ʔ ɓ ʊ w ŋ͡m ˧˨ ʔ
đầy nhóc	ʔ ɗ ə j ˨˩ ɲ a w k͡p̚ ˧˦
đầy rẫy	ʔ ɗ ə j ˨˩ z ə j ˦ˀ˥
đầy tháng	ʔ ɗ ə j ˨˩ tʰ aː ŋ ˧˦
đầy tớ	ʔ ɗ ə j ˨˩ t əː ˧˦
đầy đặn	ʔ ɗ ə j ˨˩ ʔ ɗ a n ˧˨ ʔ
đầy đủ	ʔ ɗ ə j ˨˩ ʔ ɗ u ˧˩
đầy ắp	ʔ ɗ ə j ˨˩ ʔ a p̚ ˧˦
đẩu	ʔ ɗ ə w ˧˩
đẩy	ʔ ɗ ə j ˧˩
đẩy lùi	ʔ ɗ ə j ˧˩ l u j ˨˩
đẩy mạnh	ʔ ɗ ə j ˧˩ m a j ŋ̟ ˧˨ ʔ
đẩy tạ	ʔ ɗ ə j ˧˩ t aː ˧˨ ʔ
đẫm	ʔ ɗ ə m ˦ˀ˥
đẫm máu	ʔ ɗ ə m ˦ˀ˥ m a w ˧˦
đẫy	ʔ ɗ ə j ˦ˀ˥
đậm	ʔ ɗ ə m ˧˨ ʔ
đậm nét	ʔ ɗ ə m ˧˨ ʔ n ɛ t̚ ˧˦
đậm đà	ʔ ɗ ə m ˧˨ ʔ ʔ ɗ aː ˨˩
đậm đặc	ʔ ɗ ə m ˧˨ ʔ ʔ ɗ a k̚ ˧˨ ʔ
đập	ʔ ɗ ə p̚ ˧˨ ʔ
đập hộp	ʔ ɗ ə p̚ ˧˨ ʔ h o p̚ ˧˨ ʔ
đập phá	ʔ ɗ ə p̚ ˧˨ ʔ f aː ˧˦
đập tan	ʔ ɗ ə p̚ ˧˨ ʔ t aː n ˧˧
đập vỡ	ʔ ɗ ə p̚ ˧˨ ʔ v əː ˦ˀ˥
đậu	ʔ ɗ ə w ˧˨ ʔ
đậu Hà Lan	ʔ ɗ ə w ˧˨ ʔ h aː ˨˩ l aː n ˧˧
đậu Lima	ʔ ɗ ə w ˧˨ ʔ l i ˧˧ m aː ˧˧
đậu bắp	ʔ ɗ ə w ˧˨ ʔ ʔ ɓ a p̚ ˧˦
đậu cô ve	ʔ ɗ ə w ˧˨ ʔ k o ˧˧ v ɛ ˧˧
đậu dải	ʔ ɗ ə w ˧˨ ʔ z aː j ˧˩
đậu dải áo	ʔ ɗ ə w ˧˨ ʔ z aː j ˧˩ ʔ aː w ˧˦
đậu hoà lan	ʔ ɗ ə w ˧˨ ʔ h w aː ˨˩ l aː n ˧˧
đậu hũ	ʔ ɗ ə w ˧˨ ʔ h u ˦ˀ˥
đậu hủ	ʔ ɗ ə w ˧˨ ʔ h u ˧˩
đậu khấu	ʔ ɗ ə w ˧˨ ʔ x ə w ˧˦
đậu lăng	ʔ ɗ ə w ˧˨ ʔ l a ŋ ˧˧
đậu má	ʔ ɗ ə w ˧˨ ʔ m aː ˧˦
đậu mùa	ʔ ɗ ə w ˧˨ ʔ m u ə ˨˩
đậu ngự	ʔ ɗ ə w ˧˨ ʔ ŋ ɨ ˧˨ ʔ
đậu nành	ʔ ɗ ə w ˧˨ ʔ n a j ŋ̟ ˨˩
đậu phộng	ʔ ɗ ə w ˧˨ ʔ f ə w ŋ͡m ˧˨ ʔ
đậu phộng rau má	ʔ ɗ ə w ˧˨ ʔ f ə w ŋ͡m ˧˨ ʔ z a w ˧˧ m aː ˧˦
đậu phụ	ʔ ɗ ə w ˧˨ ʔ f u ˧˨ ʔ
đậu phụng	ʔ ɗ ə w ˧˨ ʔ f ʊ w ŋ͡m ˧˨ ʔ
đậu rồng	ʔ ɗ ə w ˧˨ ʔ z ə w ŋ͡m ˨˩
đậu thận	ʔ ɗ ə w ˧˨ ʔ tʰ ə n ˧˨ ʔ
đậu trắng	ʔ ɗ ə w ˧˨ ʔ t͡ɕ a ŋ ˧˦
đậu tây	ʔ ɗ ə w ˧˨ ʔ t ə j ˧˧
đậu tương	ʔ ɗ ə w ˧˨ ʔ t ɨ ə ŋ ˧˧
đậu ve	ʔ ɗ ə w ˧˨ ʔ v ɛ ˧˧
đậu ván	ʔ ɗ ə w ˧˨ ʔ v aː n ˧˦
đậu xanh	ʔ ɗ ə w ˧˨ ʔ s a j ŋ̟ ˧˧
đậu xanh rau má	ʔ ɗ ə w ˧˨ ʔ s a j ŋ̟ ˧˧ z a w ˧˧ m aː ˧˦
đậu xương rồng	ʔ ɗ ə w ˧˨ ʔ s ɨ ə ŋ ˧˧ z ə w ŋ͡m ˨˩
đậu xị	ʔ ɗ ə w ˧˨ ʔ s i ˧˨ ʔ
đậu đen	ʔ ɗ ə w ˧˨ ʔ ʔ ɗ ɛ n ˧˧
đậu đũa	ʔ ɗ ə w ˧˨ ʔ ʔ ɗ u ə ˦ˀ˥
đậu đỏ	ʔ ɗ ə w ˧˨ ʔ ʔ ɗ ɔ ˧˩
đậy	ʔ ɗ ə j ˧˨ ʔ
đắc chí	ʔ ɗ a k̚ ˧˦ t͡ɕ i ˧˦
đắc cử	ʔ ɗ a k̚ ˧˦ k ɨ ˧˩
đắc lực	ʔ ɗ a k̚ ˧˦ l ɨ k̚ ˧˨ ʔ
đắc thắng	ʔ ɗ a k̚ ˧˦ tʰ a ŋ ˧˦
đắc ý	ʔ ɗ a k̚ ˧˦ ʔ i ˧˦
đắc đạo	ʔ ɗ a k̚ ˧˦ ʔ ɗ aː w ˧˨ ʔ
đắm	ʔ ɗ a m ˧˦
đắm đuối	ʔ ɗ a m ˧˦ ʔ ɗ u ə j ˧˦
đắn đo	ʔ ɗ a n ˧˦ ʔ ɗ ɔ ˧˧
đắng	ʔ ɗ a ŋ ˧˦
đắng cay	ʔ ɗ a ŋ ˧˦ k a j ˧˧
đắng lòng	ʔ ɗ a ŋ ˧˦ l a w ŋ͡m ˨˩
đắng nghét	ʔ ɗ a ŋ ˧˦ ŋ ɛ t̚ ˧˦
đắp	ʔ ɗ a p̚ ˧˦
đắp chiếu	ʔ ɗ a p̚ ˧˦ t͡ɕ i ə w ˧˦
đắt	ʔ ɗ a t̚ ˧˦
đắt đỏ	ʔ ɗ a t̚ ˧˦ ʔ ɗ ɔ ˧˩
đằm	ʔ ɗ a m ˨˩
đằm thắm	ʔ ɗ a m ˨˩ tʰ a m ˧˦
đằng	ʔ ɗ a ŋ ˨˩
đằng này	ʔ ɗ a ŋ ˨˩ n a j ˨˩
đằng đằng	ʔ ɗ a ŋ ˨˩ ʔ ɗ a ŋ ˨˩
đằng đẵng	ʔ ɗ a ŋ ˨˩ ʔ ɗ a ŋ ˦ˀ˥
đằng ấy	ʔ ɗ a ŋ ˨˩ ʔ ə j ˧˦
đẳng	ʔ ɗ a ŋ ˧˩
đẳng chu	ʔ ɗ a ŋ ˧˩ t͡ɕ u ˧˧
đẳng cấp	ʔ ɗ a ŋ ˧˩ k ə p̚ ˧˦
đẳng lập	ʔ ɗ a ŋ ˧˩ l ə p̚ ˧˨ ʔ
đẳng thức	ʔ ɗ a ŋ ˧˩ tʰ ɨ k̚ ˧˦
đẳng trương	ʔ ɗ a ŋ ˧˩ t͡ɕ ɨ ə ŋ ˧˧
đẵn	ʔ ɗ a n ˦ˀ˥
đặc	ʔ ɗ a k̚ ˧˨ ʔ
đặc biệt	ʔ ɗ a k̚ ˧˨ ʔ ʔ ɓ i ə t̚ ˧˨ ʔ
đặc ân	ʔ ɗ a k̚ ˧˨ ʔ ʔ ə n ˧˧
đặm	ʔ ɗ a m ˧˨ ʔ
đặng	ʔ ɗ a ŋ ˧˨ ʔ
đặt	ʔ ɗ a t̚ ˧˨ ʔ
đặt chân	ʔ ɗ a t̚ ˧˨ ʔ t͡ɕ ə n ˧˧
đặt cọc	ʔ ɗ a t̚ ˧˨ ʔ k a w k͡p̚ ˧˨ ʔ
đặt hàng	ʔ ɗ a t̚ ˧˨ ʔ h aː ŋ ˨˩
đặt nặng	ʔ ɗ a t̚ ˧˨ ʔ n a ŋ ˧˨ ʔ
đặt ra	ʔ ɗ a t̚ ˧˨ ʔ z aː ˧˧
đặt tên	ʔ ɗ a t̚ ˧˨ ʔ t e n ˧˧
đặt vòng	ʔ ɗ a t̚ ˧˨ ʔ v a w ŋ͡m ˨˩
đẹp	ʔ ɗ ɛ p̚ ˧˨ ʔ
đẹp mắt	ʔ ɗ ɛ p̚ ˧˨ ʔ m a t̚ ˧˦
đẹp trai	ʔ ɗ ɛ p̚ ˧˨ ʔ t͡ɕ aː j ˧˧
đẹp đẽ	ʔ ɗ ɛ p̚ ˧˨ ʔ ʔ ɗ ɛ ˦ˀ˥
đẹt	ʔ ɗ ɛ t̚ ˧˨ ʔ
đẻ	ʔ ɗ ɛ ˧˩
đẻ hoang	ʔ ɗ ɛ ˧˩ h w aː ŋ ˧˧
đẻ non	ʔ ɗ ɛ ˧˩ n ɔ n ˧˧
đẻ đái	ʔ ɗ ɛ ˧˩ ʔ ɗ aː j ˧˦
đẻn	ʔ ɗ ɛ n ˧˩
đẻo đai	ʔ ɗ ɛ w ˧˩ ʔ ɗ aː j ˧˧
đẽo	ʔ ɗ ɛ w ˦ˀ˥
đề	ʔ ɗ e ˨˩
đề bạt	ʔ ɗ e ˨˩ ʔ ɓ aː t̚ ˧˨ ʔ
đề cao	ʔ ɗ e ˨˩ k aː w ˧˧
đề co	ʔ ɗ e ˨˩ k ɔ ˧˧
đề cương	ʔ ɗ e ˨˩ k ɨ ə ŋ ˧˧
đề cập	ʔ ɗ e ˨˩ k ə p̚ ˧˨ ʔ
đề cử	ʔ ɗ e ˨˩ k ɨ ˧˩
đề cử viên	ʔ ɗ e ˨˩ k ɨ ˧˩ v i ə n ˧˧
đề huề	ʔ ɗ e ˨˩ h w e ˨˩
đề kháng	ʔ ɗ e ˨˩ x aː ŋ ˧˦
đề nghị	ʔ ɗ e ˨˩ ŋ i ˧˨ ʔ
đề phòng	ʔ ɗ e ˨˩ f a w ŋ͡m ˨˩
đề ra	ʔ ɗ e ˨˩ z aː ˧˧
đề tài	ʔ ɗ e ˨˩ t aː j ˨˩
đề xuất	ʔ ɗ e ˨˩ s w ə t̚ ˧˦
đề án	ʔ ɗ e ˨˩ ʔ aː n ˧˦
đề đạt	ʔ ɗ e ˨˩ ʔ ɗ aː t̚ ˧˨ ʔ
đề đốc	ʔ ɗ e ˨˩ ʔ ɗ ə w k͡p̚ ˧˦
để	ʔ ɗ e ˧˩
để bụng	ʔ ɗ e ˧˩ ʔ ɓ ʊ w ŋ͡m ˧˨ ʔ
để cho	ʔ ɗ e ˧˩ t͡ɕ ɔ ˧˧
để dành	ʔ ɗ e ˧˩ z a j ŋ̟ ˨˩
đỉnh	ʔ ɗ ï ŋ ˧˩
đỉnh cao	ʔ ɗ ï ŋ ˧˩ k aː w ˧˧
đỉnh điểm	ʔ ɗ ï ŋ ˧˩ ʔ ɗ i ə m ˧˩
định	ʔ ɗ ï ŋ ˧˨ ʔ
định cư	ʔ ɗ ï ŋ ˧˨ ʔ k ɨ ˧˧
định danh	ʔ ɗ ï ŋ ˧˨ ʔ z a j ŋ̟ ˧˧
định hình	ʔ ɗ ï ŋ ˧˨ ʔ h ï ŋ ˨˩
định hướng	ʔ ɗ ï ŋ ˧˨ ʔ h ɨ ə ŋ ˧˦
định kiến	ʔ ɗ ï ŋ ˧˨ ʔ k i ə n ˧˦
định kì	ʔ ɗ ï ŋ ˧˨ ʔ k i ˨˩
định luật	ʔ ɗ ï ŋ ˧˨ ʔ l w ə t̚ ˧˨ ʔ
định lí	ʔ ɗ ï ŋ ˧˨ ʔ l i ˧˦
định mệnh	ʔ ɗ ï ŋ ˧˨ ʔ m ə j ŋ̟ ˧˨ ʔ
định nghĩa	ʔ ɗ ï ŋ ˧˨ ʔ ŋ i ə ˦ˀ˥
định ngữ	ʔ ɗ ï ŋ ˧˨ ʔ ŋ ɨ ˦ˀ˥
định rõ	ʔ ɗ ï ŋ ˧˨ ʔ z ɔ ˦ˀ˥
định vị	ʔ ɗ ï ŋ ˧˨ ʔ v i ˧˨ ʔ
địt	ʔ ɗ i t̚ ˧˨ ʔ
địt mẹ	ʔ ɗ i t̚ ˧˨ ʔ m ɛ ˧˨ ʔ
địu	ʔ ɗ i w ˧˨ ʔ
đọ	ʔ ɗ ɔ ˧˨ ʔ
đọ mắt	ʔ ɗ ɔ ˧˨ ʔ m a t̚ ˧˦
đọc	ʔ ɗ a w k͡p̚ ˧˨ ʔ
đọi	ʔ ɗ ɔ j ˧˨ ʔ
đọng	ʔ ɗ a w ŋ͡m ˧˨ ʔ
đọt	ʔ ɗ ɔ t̚ ˧˨ ʔ
đọt mọt	ʔ ɗ ɔ t̚ ˧˨ ʔ m ɔ t̚ ˧˨ ʔ
đỏ	ʔ ɗ ɔ ˧˩
đỏ au	ʔ ɗ ɔ ˧˩ ʔ a w ˧˧
đỏ bừng	ʔ ɗ ɔ ˧˩ ʔ ɓ ɨ ŋ ˨˩
đỏ chon chót	ʔ ɗ ɔ ˧˩ t͡ɕ ɔ n ˧˧ t͡ɕ ɔ t̚ ˧˦
đỏ choé	ʔ ɗ ɔ ˧˩ t͡ɕ w ɛ ˧˦
đỏ choét	ʔ ɗ ɔ ˧˩ t͡ɕ w ɛ t̚ ˧˦
đỏ chói	ʔ ɗ ɔ ˧˩ t͡ɕ ɔ j ˧˦
đỏ chót	ʔ ɗ ɔ ˧˩ t͡ɕ ɔ t̚ ˧˦
đỏ con mắt	ʔ ɗ ɔ ˧˩ k ɔ n ˧˧ m a t̚ ˧˦
đỏ cạch	ʔ ɗ ɔ ˧˩ k a j k̟̚ ˧˨ ʔ
đỏ gay	ʔ ɗ ɔ ˧˩ ɣ a j ˧˧
đỏ hoe	ʔ ɗ ɔ ˧˩ h w ɛ ˧˧
đỏ hoen hoét	ʔ ɗ ɔ ˧˩ h w ɛ n ˧˧ h w ɛ t̚ ˧˦
đỏ hon hỏn	ʔ ɗ ɔ ˧˩ h ɔ n ˧˧ h ɔ n ˧˩
đỏ hoét	ʔ ɗ ɔ ˧˩ h w ɛ t̚ ˧˦
đỏ hung	ʔ ɗ ɔ ˧˩ h ʊ w ŋ͡m ˧˧
đỏ hỏn	ʔ ɗ ɔ ˧˩ h ɔ n ˧˩
đỏ ké	ʔ ɗ ɔ ˧˩ k ɛ ˧˦
đỏ lòm	ʔ ɗ ɔ ˧˩ l ɔ m ˨˩
đỏ mặt	ʔ ɗ ɔ ˧˩ m a t̚ ˧˨ ʔ
đỏ mặt tía tai	ʔ ɗ ɔ ˧˩ m a t̚ ˧˨ ʔ t i ə ˧˦ t aː j ˧˧
đỏ nọc	ʔ ɗ ɔ ˧˩ n a w k͡p̚ ˧˨ ʔ
đỏ quành quạch	ʔ ɗ ɔ ˧˩ k w a j ŋ̟ ˨˩ k w a j k̟̚ ˧˨ ʔ
đỏ quạch	ʔ ɗ ɔ ˧˩ k w a j k̟̚ ˧˨ ʔ
đỏ rực	ʔ ɗ ɔ ˧˩ z ɨ k̚ ˧˨ ʔ
đỏ tía	ʔ ɗ ɔ ˧˩ t i ə ˧˦
đỏ đen	ʔ ɗ ɔ ˧˩ ʔ ɗ ɛ n ˧˧
đỏ đèn	ʔ ɗ ɔ ˧˩ ʔ ɗ ɛ n ˨˩
đỏ đòng đọc	ʔ ɗ ɔ ˧˩ ʔ ɗ a w ŋ͡m ˨˩ ʔ ɗ a w k͡p̚ ˧˨ ʔ
đỏ đắn	ʔ ɗ ɔ ˧˩ ʔ ɗ a n ˧˦
đỏ đọc	ʔ ɗ ɔ ˧˩ ʔ ɗ a w k͡p̚ ˧˨ ʔ
đỏ ửng	ʔ ɗ ɔ ˧˩ ʔ ɨ ŋ ˧˩
đỏi	ʔ ɗ ɔ j ˧˩
đỏm	ʔ ɗ ɔ m ˧˩
đỏm dáng	ʔ ɗ ɔ m ˧˩ z aː ŋ ˧˦
đỏng	ʔ ɗ a w ŋ͡m ˧˩
đỏng đa đỏng đảnh	ʔ ɗ a w ŋ͡m ˧˩ ʔ ɗ aː ˧˧ ʔ ɗ a w ŋ͡m ˧˩ ʔ ɗ a j ŋ̟ ˧˩
đỏng đảnh	ʔ ɗ a w ŋ͡m ˧˩ ʔ ɗ a j ŋ̟ ˧˩
đố	ʔ ɗ o ˧˦
đố kị	ʔ ɗ o ˧˦ k i ˧˨ ʔ
đốc	ʔ ɗ ə w k͡p̚ ˧˦
đốc chiến	ʔ ɗ ə w k͡p̚ ˧˦ t͡ɕ i ə n ˧˦
đốc thúc	ʔ ɗ ə w k͡p̚ ˧˦ tʰ ʊ w k͡p̚ ˧˦
đống	ʔ ɗ ə w ŋ͡m ˧˦
đốp	ʔ ɗ o p̚ ˧˦
đốt	ʔ ɗ o t̚ ˧˦
đốt cháy giai đoạn	ʔ ɗ o t̚ ˧˦ t͡ɕ a j ˧˦ z aː j ˧˧ ʔ ɗ w aː n ˧˨ ʔ
đốt phá	ʔ ɗ o t̚ ˧˦ f aː ˧˦
đốt sống	ʔ ɗ o t̚ ˧˦ s ə w ŋ͡m ˧˦
đồ	ʔ ɗ o ˨˩
đồ biển	ʔ ɗ o ˨˩ ʔ ɓ i ə n ˧˩
đồ bơi	ʔ ɗ o ˨˩ ʔ ɓ əː j ˧˧
đồ chơi	ʔ ɗ o ˨˩ t͡ɕ əː j ˧˧
đồ dùng	ʔ ɗ o ˨˩ z ʊ w ŋ͡m ˨˩
đồ gốm	ʔ ɗ o ˨˩ ɣ o m ˧˦
đồ hoạ	ʔ ɗ o ˨˩ h w aː ˧˨ ʔ
đồ hàng	ʔ ɗ o ˨˩ h aː ŋ ˨˩
đồ hộp	ʔ ɗ o ˨˩ h o p̚ ˧˨ ʔ
đồ lót	ʔ ɗ o ˨˩ l ɔ t̚ ˧˦
đồ lề	ʔ ɗ o ˨˩ l e ˨˩
đồ mã	ʔ ɗ o ˨˩ m aː ˦ˀ˥
đồ ngủ	ʔ ɗ o ˨˩ ŋ u ˧˩
đồ sộ	ʔ ɗ o ˨˩ s o ˧˨ ʔ
đồ thị	ʔ ɗ o ˨˩ tʰ i ˧˨ ʔ
đồ tể	ʔ ɗ o ˨˩ t e ˧˩
đồ uống	ʔ ɗ o ˨˩ ʔ u ə ŋ ˧˦
đồ vật	ʔ ɗ o ˨˩ v ə t̚ ˧˨ ʔ
đồ án	ʔ ɗ o ˨˩ ʔ aː n ˧˦
đồ ăn	ʔ ɗ o ˨˩ ʔ a n ˧˧
đồ ăn nhanh	ʔ ɗ o ˨˩ ʔ a n ˧˧ ɲ a j ŋ̟ ˧˧
đồ đạc	ʔ ɗ o ˨˩ ʔ ɗ aː k̚ ˧˨ ʔ
đồ đệ	ʔ ɗ o ˨˩ ʔ ɗ e ˧˨ ʔ
đồng biến	ʔ ɗ ə w ŋ͡m ˨˩ ʔ ɓ i ə n ˧˦
đồng bóng	ʔ ɗ ə w ŋ͡m ˨˩ ʔ ɓ a w ŋ͡m ˧˦
đồng bằng Sông Hồng	ʔ ɗ ə w ŋ͡m ˨˩ ʔ ɓ a ŋ ˨˩ s ə w ŋ͡m ˧˧ h ə w ŋ͡m ˨˩
đồng bằng duyên hải	ʔ ɗ ə w ŋ͡m ˨˩ ʔ ɓ a ŋ ˨˩ z w i ə n ˧˧ h aː j ˧˩
đồng bằng duyên hải miền Trung	ʔ ɗ ə w ŋ͡m ˨˩ ʔ ɓ a ŋ ˨˩ z w i ə n ˧˧ h aː j ˧˩ m i ə n ˨˩ t͡ɕ ʊ w ŋ͡m ˧˧
đồng bằng sông Cửu Long	ʔ ɗ ə w ŋ͡m ˨˩ ʔ ɓ a ŋ ˨˩ s ə w ŋ͡m ˧˧ k i w ˧˩ l a w ŋ͡m ˧˧
đồng bệnh tương liên	ʔ ɗ ə w ŋ͡m ˨˩ ʔ ɓ ə j ŋ̟ ˧˨ ʔ t ɨ ə ŋ ˧˧ l i ə n ˧˧
đồng bọn	ʔ ɗ ə w ŋ͡m ˨˩ ʔ ɓ ɔ n ˧˨ ʔ
đồng bộ	ʔ ɗ ə w ŋ͡m ˨˩ ʔ ɓ o ˧˨ ʔ
đồng cam cộng khổ	ʔ ɗ ə w ŋ͡m ˨˩ k aː m ˧˧ k ə w ŋ͡m ˧˨ ʔ x o ˧˩
đồng chí	ʔ ɗ ə w ŋ͡m ˨˩ t͡ɕ i ˧˦
đồng cách ngữ	ʔ ɗ ə w ŋ͡m ˨˩ k a j k̟̚ ˧˦ ŋ ɨ ˦ˀ˥
đồng căn	ʔ ɗ ə w ŋ͡m ˨˩ k a n ˧˧
đồng cảm	ʔ ɗ ə w ŋ͡m ˨˩ k aː m ˧˩
đồng cỏ	ʔ ɗ ə w ŋ͡m ˨˩ k ɔ ˧˩
đồng dao	ʔ ɗ ə w ŋ͡m ˨˩ z aː w ˧˧
đồng dạng	ʔ ɗ ə w ŋ͡m ˨˩ z aː ŋ ˧˨ ʔ
đồng hao	ʔ ɗ ə w ŋ͡m ˨˩ h aː w ˧˧
đồng hoá	ʔ ɗ ə w ŋ͡m ˨˩ h w aː ˧˦
đồng hành	ʔ ɗ ə w ŋ͡m ˨˩ h a j ŋ̟ ˨˩
đồng hương	ʔ ɗ ə w ŋ͡m ˨˩ h ɨ ə ŋ ˧˧
đồng hồ	ʔ ɗ ə w ŋ͡m ˨˩ h o ˨˩
đồng hồ cát	ʔ ɗ ə w ŋ͡m ˨˩ h o ˨˩ k aː t̚ ˧˦
đồng hồ quả quýt	ʔ ɗ ə w ŋ͡m ˨˩ h o ˨˩ k w aː ˧˩ k w i t̚ ˧˦
đồng hồ sinh học	ʔ ɗ ə w ŋ͡m ˨˩ h o ˨˩ s ï ŋ ˧˧ h a w k͡p̚ ˧˨ ʔ
đồng hồ tính cước	ʔ ɗ ə w ŋ͡m ˨˩ h o ˨˩ t ï ŋ ˧˦ k ɨ ə k̚ ˧˦
đồng hồ vạn năng	ʔ ɗ ə w ŋ͡m ˨˩ h o ˨˩ v aː n ˧˨ ʔ n a ŋ ˧˧
đồng loã	ʔ ɗ ə w ŋ͡m ˨˩ l w aː ˦ˀ˥
đồng loại	ʔ ɗ ə w ŋ͡m ˨˩ l w aː j ˧˨ ʔ
đồng loạt	ʔ ɗ ə w ŋ͡m ˨˩ l w aː t̚ ˧˨ ʔ
đồng lòng	ʔ ɗ ə w ŋ͡m ˨˩ l a w ŋ͡m ˨˩
đồng lương	ʔ ɗ ə w ŋ͡m ˨˩ l ɨ ə ŋ ˧˧
đồng minh	ʔ ɗ ə w ŋ͡m ˨˩ m ï ŋ ˧˧
đồng môn	ʔ ɗ ə w ŋ͡m ˨˩ m o n ˧˧
đồng nghiệp	ʔ ɗ ə w ŋ͡m ˨˩ ŋ i ə p̚ ˧˨ ʔ
đồng nghĩa	ʔ ɗ ə w ŋ͡m ˨˩ ŋ i ə ˦ˀ˥
đồng nhất	ʔ ɗ ə w ŋ͡m ˨˩ ɲ ə t̚ ˧˦
đồng phạm	ʔ ɗ ə w ŋ͡m ˨˩ f aː m ˧˨ ʔ
đồng phẳng	ʔ ɗ ə w ŋ͡m ˨˩ f a ŋ ˧˩
đồng phục	ʔ ɗ ə w ŋ͡m ˨˩ f ʊ w k͡p̚ ˧˨ ʔ
đồng quê	ʔ ɗ ə w ŋ͡m ˨˩ k w e ˧˧
đồng ruộng	ʔ ɗ ə w ŋ͡m ˨˩ z u ə ŋ ˧˨ ʔ
đồng rêu	ʔ ɗ ə w ŋ͡m ˨˩ z e w ˧˧
đồng rúp	ʔ ɗ ə w ŋ͡m ˨˩ z u p̚ ˧˦
đồng sàng dị mộng	ʔ ɗ ə w ŋ͡m ˨˩ s aː ŋ ˨˩ z i ˧˨ ʔ m ə w ŋ͡m ˧˨ ʔ
đồng thanh	ʔ ɗ ə w ŋ͡m ˨˩ tʰ a j ŋ̟ ˧˧
đồng thau	ʔ ɗ ə w ŋ͡m ˨˩ tʰ a w ˧˧
đồng thoại	ʔ ɗ ə w ŋ͡m ˨˩ tʰ w aː j ˧˨ ʔ
đồng thuận	ʔ ɗ ə w ŋ͡m ˨˩ tʰ w ə n ˧˨ ʔ
đồng thời	ʔ ɗ ə w ŋ͡m ˨˩ tʰ əː j ˨˩
đồng tiền	ʔ ɗ ə w ŋ͡m ˨˩ t i ə n ˨˩
đồng trinh	ʔ ɗ ə w ŋ͡m ˨˩ t͡ɕ ï ŋ ˧˧
đồng tâm	ʔ ɗ ə w ŋ͡m ˨˩ t ə m ˧˧
đồng tình	ʔ ɗ ə w ŋ͡m ˨˩ t ï ŋ ˨˩
đồng tính	ʔ ɗ ə w ŋ͡m ˨˩ t ï ŋ ˧˦
đồng tử	ʔ ɗ ə w ŋ͡m ˨˩ t ɨ ˧˩
đồng vị	ʔ ɗ ə w ŋ͡m ˨˩ v i ˧˨ ʔ
đồng xu	ʔ ɗ ə w ŋ͡m ˨˩ s u ˧˧
đồng ý	ʔ ɗ ə w ŋ͡m ˨˩ ʔ i ˧˦
đồng điệu	ʔ ɗ ə w ŋ͡m ˨˩ ʔ ɗ i ə w ˧˨ ʔ
đồng đại	ʔ ɗ ə w ŋ͡m ˨˩ ʔ ɗ aː j ˧˨ ʔ
đồng đều	ʔ ɗ ə w ŋ͡m ˨˩ ʔ ɗ e w ˨˩
đồng đội	ʔ ɗ ə w ŋ͡m ˨˩ ʔ ɗ o j ˧˨ ʔ
đồng ứng cử viên	ʔ ɗ ə w ŋ͡m ˨˩ ʔ ɨ ŋ ˧˦ k ɨ ˧˩ v i ə n ˧˧
đổ	ʔ ɗ o ˧˩
đổ bê tông	ʔ ɗ o ˧˩ ʔ ɓ e ˧˧ t ə w ŋ͡m ˧˧
đổ bể	ʔ ɗ o ˧˩ ʔ ɓ e ˧˩
đổ bộ	ʔ ɗ o ˧˩ ʔ ɓ o ˧˨ ʔ
đổ dầu vào lửa	ʔ ɗ o ˧˩ z ə w ˨˩ v aː w ˨˩ l ɨ ə ˧˩
đổ máu	ʔ ɗ o ˧˩ m a w ˧˦
đổ nát	ʔ ɗ o ˧˩ n aː t̚ ˧˦
đổ sập	ʔ ɗ o ˧˩ s ə p̚ ˧˨ ʔ
đổ thêm dầu vào lửa	ʔ ɗ o ˧˩ tʰ e m ˧˧ z ə w ˨˩ v aː w ˨˩ l ɨ ə ˧˩
đổ thừa	ʔ ɗ o ˧˩ tʰ ɨ ə ˨˩
đổ vỡ	ʔ ɗ o ˧˩ v əː ˦ˀ˥
đổ xô	ʔ ɗ o ˧˩ s o ˧˧
đổ đốn	ʔ ɗ o ˧˩ ʔ ɗ o n ˧˦
đổng	ʔ ɗ ə w ŋ͡m ˧˩
đỗ	ʔ ɗ o ˦ˀ˥
độ	ʔ ɗ o ˧˨ ʔ
độ C	ʔ ɗ o ˧˨ ʔ s e ˧˧
độ F	ʔ ɗ o ˧˨ ʔ ʔ ɛ p̚ ˧˦
độ K	ʔ ɗ o ˧˨ ʔ k aː ˧˧
độ lượng	ʔ ɗ o ˧˨ ʔ l ɨ ə ŋ ˧˨ ʔ
độ phân giải	ʔ ɗ o ˧˨ ʔ f ə n ˧˧ z aː j ˧˩
độ ẩm	ʔ ɗ o ˧˨ ʔ ʔ ə m ˧˩
độc	ʔ ɗ ə w k͡p̚ ˧˨ ʔ
độc bản	ʔ ɗ ə w k͡p̚ ˧˨ ʔ ʔ ɓ aː n ˧˩
độc chiếm	ʔ ɗ ə w k͡p̚ ˧˨ ʔ t͡ɕ i ə m ˧˦
độc giả	ʔ ɗ ə w k͡p̚ ˧˨ ʔ z aː ˧˩
độc huyền cầm	ʔ ɗ ə w k͡p̚ ˧˨ ʔ h w i ə n ˨˩ k ə m ˨˩
độc hành	ʔ ɗ ə w k͡p̚ ˧˨ ʔ h a j ŋ̟ ˨˩
độc hại	ʔ ɗ ə w k͡p̚ ˧˨ ʔ h aː j ˧˨ ʔ
độc lập	ʔ ɗ ə w k͡p̚ ˧˨ ʔ l ə p̚ ˧˨ ʔ
độc mồm độc miệng	ʔ ɗ ə w k͡p̚ ˧˨ ʔ m o m ˨˩ ʔ ɗ ə w k͡p̚ ˧˨ ʔ m i ə ŋ ˧˨ ʔ
độc nhất	ʔ ɗ ə w k͡p̚ ˧˨ ʔ ɲ ə t̚ ˧˦
độc nhất vô nhị	ʔ ɗ ə w k͡p̚ ˧˨ ʔ ɲ ə t̚ ˧˦ v o ˧˧ ɲ i ˧˨ ʔ
độc quyền	ʔ ɗ ə w k͡p̚ ˧˨ ʔ k w i ə n ˨˩
độc thoại	ʔ ɗ ə w k͡p̚ ˧˨ ʔ tʰ w aː j ˧˨ ʔ
độc thân	ʔ ɗ ə w k͡p̚ ˧˨ ʔ tʰ ə n ˧˧
độc tài	ʔ ɗ ə w k͡p̚ ˧˨ ʔ t aː j ˨˩
độc tấu	ʔ ɗ ə w k͡p̚ ˧˨ ʔ t ə w ˧˦
độc tố	ʔ ɗ ə w k͡p̚ ˧˨ ʔ t o ˧˦
độc ác	ʔ ɗ ə w k͡p̚ ˧˨ ʔ ʔ aː k̚ ˧˦
độc đáo	ʔ ɗ ə w k͡p̚ ˧˨ ʔ ʔ ɗ aː w ˧˦
độc đạo	ʔ ɗ ə w k͡p̚ ˧˨ ʔ ʔ ɗ aː w ˧˨ ʔ
độc đắc	ʔ ɗ ə w k͡p̚ ˧˨ ʔ ʔ ɗ a k̚ ˧˦
động	ʔ ɗ ə w ŋ͡m ˧˨ ʔ
động chạm	ʔ ɗ ə w ŋ͡m ˧˨ ʔ t͡ɕ aː m ˧˨ ʔ
động cơ	ʔ ɗ ə w ŋ͡m ˧˨ ʔ k əː ˧˧
động danh từ	ʔ ɗ ə w ŋ͡m ˧˨ ʔ z a j ŋ̟ ˧˧ t ɨ ˨˩
động dục	ʔ ɗ ə w ŋ͡m ˧˨ ʔ z ʊ w k͡p̚ ˧˨ ʔ
động kinh	ʔ ɗ ə w ŋ͡m ˧˨ ʔ k ï ŋ ˧˧
động lòng	ʔ ɗ ə w ŋ͡m ˧˨ ʔ l a w ŋ͡m ˨˩
động lượng	ʔ ɗ ə w ŋ͡m ˧˨ ʔ l ɨ ə ŋ ˧˨ ʔ
động lực	ʔ ɗ ə w ŋ͡m ˧˨ ʔ l ɨ k̚ ˧˨ ʔ
động lực học	ʔ ɗ ə w ŋ͡m ˧˨ ʔ l ɨ k̚ ˧˨ ʔ h a w k͡p̚ ˧˨ ʔ
động mạch	ʔ ɗ ə w ŋ͡m ˧˨ ʔ m a j k̟̚ ˧˨ ʔ
động mạch chủ	ʔ ɗ ə w ŋ͡m ˧˨ ʔ m a j k̟̚ ˧˨ ʔ t͡ɕ u ˧˩
động mạch cảnh	ʔ ɗ ə w ŋ͡m ˧˨ ʔ m a j k̟̚ ˧˨ ʔ k a j ŋ̟ ˧˩
động mạch phổi	ʔ ɗ ə w ŋ͡m ˧˨ ʔ m a j k̟̚ ˧˨ ʔ f o j ˧˩
động mạch vành	ʔ ɗ ə w ŋ͡m ˧˨ ʔ m a j k̟̚ ˧˨ ʔ v a j ŋ̟ ˨˩
động năng	ʔ ɗ ə w ŋ͡m ˧˨ ʔ n a ŋ ˧˧
động phòng	ʔ ɗ ə w ŋ͡m ˧˨ ʔ f a w ŋ͡m ˨˩
động sản	ʔ ɗ ə w ŋ͡m ˧˨ ʔ s aː n ˧˩
động thái	ʔ ɗ ə w ŋ͡m ˧˨ ʔ tʰ aː j ˧˦
động thực vật	ʔ ɗ ə w ŋ͡m ˧˨ ʔ tʰ ɨ k̚ ˧˨ ʔ v ə t̚ ˧˨ ʔ
động trời	ʔ ɗ ə w ŋ͡m ˧˨ ʔ t͡ɕ əː j ˨˩
động tác	ʔ ɗ ə w ŋ͡m ˧˨ ʔ t aː k̚ ˧˦
động tĩnh	ʔ ɗ ə w ŋ͡m ˧˨ ʔ t ï ŋ ˦ˀ˥
động từ	ʔ ɗ ə w ŋ͡m ˧˨ ʔ t ɨ ˨˩
động viên	ʔ ɗ ə w ŋ͡m ˧˨ ʔ v i ə n ˧˧
động vật	ʔ ɗ ə w ŋ͡m ˧˨ ʔ v ə t̚ ˧˨ ʔ
động vật có xương sống	ʔ ɗ ə w ŋ͡m ˧˨ ʔ v ə t̚ ˧˨ ʔ k ɔ ˧˦ s ɨ ə ŋ ˧˧ s ə w ŋ͡m ˧˦
động vật học	ʔ ɗ ə w ŋ͡m ˧˨ ʔ v ə t̚ ˧˨ ʔ h a w k͡p̚ ˧˨ ʔ
động vật nguyên sinh	ʔ ɗ ə w ŋ͡m ˧˨ ʔ v ə t̚ ˧˨ ʔ ŋ w i ə n ˧˧ s ï ŋ ˧˧
động đất	ʔ ɗ ə w ŋ͡m ˧˨ ʔ ʔ ɗ ə t̚ ˧˦
động đực	ʔ ɗ ə w ŋ͡m ˧˨ ʔ ʔ ɗ ɨ k̚ ˧˨ ʔ
độp	ʔ ɗ o p̚ ˧˨ ʔ
đột	ʔ ɗ o t̚ ˧˨ ʔ
đột biến	ʔ ɗ o t̚ ˧˨ ʔ ʔ ɓ i ə n ˧˦
đột khởi	ʔ ɗ o t̚ ˧˨ ʔ x əː j ˧˩
đột kích	ʔ ɗ o t̚ ˧˨ ʔ k ï k̟̚ ˧˦
đột ngột	ʔ ɗ o t̚ ˧˨ ʔ ŋ o t̚ ˧˨ ʔ
đột nhiên	ʔ ɗ o t̚ ˧˨ ʔ ɲ i ə n ˧˧
đột nhập	ʔ ɗ o t̚ ˧˨ ʔ ɲ ə p̚ ˧˨ ʔ
đột phá	ʔ ɗ o t̚ ˧˨ ʔ f aː ˧˦
đột quỵ	ʔ ɗ o t̚ ˧˨ ʔ k w i ˧˨ ʔ
đột xuất	ʔ ɗ o t̚ ˧˨ ʔ s w ə t̚ ˧˦
đớ	ʔ ɗ əː ˧˦
đới	ʔ ɗ əː j ˧˦
đớn	ʔ ɗ əː n ˧˦
đớn đau	ʔ ɗ əː n ˧˦ ʔ ɗ a w ˧˧
đớp	ʔ ɗ əː p̚ ˧˦
đớp thính	ʔ ɗ əː p̚ ˧˦ tʰ ï ŋ ˧˦
đớt	ʔ ɗ əː t̚ ˧˦
đờ	ʔ ɗ əː ˨˩
đời	ʔ ɗ əː j ˨˩
đời nào	ʔ ɗ əː j ˨˩ n aː w ˨˩
đời sống	ʔ ɗ əː j ˨˩ s ə w ŋ͡m ˧˦
đời thường	ʔ ɗ əː j ˨˩ tʰ ɨ ə ŋ ˨˩
đời đời	ʔ ɗ əː j ˨˩ ʔ ɗ əː j ˨˩
đờm	ʔ ɗ əː m ˨˩
đờn	ʔ ɗ əː n ˨˩
đờn ca tài tử	ʔ ɗ əː n ˨˩ k aː ˧˧ t aː j ˨˩ t ɨ ˧˩
đỡ	ʔ ɗ əː ˦ˀ˥
đỡ đần	ʔ ɗ əː ˦ˀ˥ ʔ ɗ ə n ˨˩
đỡ đầu	ʔ ɗ əː ˦ˀ˥ ʔ ɗ ə w ˨˩
đợ	ʔ ɗ əː ˧˨ ʔ
đợi	ʔ ɗ əː j ˧˨ ʔ
đợi chờ	ʔ ɗ əː j ˧˨ ʔ t͡ɕ əː ˨˩
đợt	ʔ ɗ əː t̚ ˧˨ ʔ
đụ	ʔ ɗ u ˧˨ ʔ
đụ má	ʔ ɗ u ˧˨ ʔ m aː ˧˦
đụ mẹ	ʔ ɗ u ˧˨ ʔ m ɛ ˧˨ ʔ
đục	ʔ ɗ ʊ w k͡p̚ ˧˨ ʔ
đụn	ʔ ɗ u n ˧˨ ʔ
đụn cát	ʔ ɗ u n ˧˨ ʔ k aː t̚ ˧˦
đụng	ʔ ɗ ʊ w ŋ͡m ˧˨ ʔ
đụng chạm	ʔ ɗ ʊ w ŋ͡m ˧˨ ʔ t͡ɕ aː m ˧˨ ʔ
đụng đít	ʔ ɗ ʊ w ŋ͡m ˧˨ ʔ ʔ ɗ i t̚ ˧˦
đụng độ	ʔ ɗ ʊ w ŋ͡m ˧˨ ʔ ʔ ɗ o ˧˨ ʔ
đụt	ʔ ɗ u t̚ ˧˨ ʔ
đủ	ʔ ɗ u ˧˩
đủ ăn	ʔ ɗ u ˧˩ ʔ a n ˧˧
đủ đầy	ʔ ɗ u ˧˩ ʔ ɗ ə j ˨˩
đủ đủ	ʔ ɗ u ˧˩ ʔ ɗ u ˧˩
đứa	ʔ ɗ ɨ ə ˧˦
đứa bé	ʔ ɗ ɨ ə ˧˦ ʔ ɓ ɛ ˧˦
đứa trẻ	ʔ ɗ ɨ ə ˧˦ t͡ɕ ɛ ˧˩
đức	ʔ ɗ ɨ k̚ ˧˦
đức dục	ʔ ɗ ɨ k̚ ˧˦ z ʊ w k͡p̚ ˧˨ ʔ
đức hạnh	ʔ ɗ ɨ k̚ ˧˦ h a j ŋ̟ ˧˨ ʔ
đức hồng y	ʔ ɗ ɨ k̚ ˧˦ h ə w ŋ͡m ˨˩ ʔ i ˧˧
đức tính	ʔ ɗ ɨ k̚ ˧˦ t ï ŋ ˧˦
đức ông	ʔ ɗ ɨ k̚ ˧˦ ʔ ə w ŋ͡m ˧˧
đứng	ʔ ɗ ɨ ŋ ˧˦
đứng bóng	ʔ ɗ ɨ ŋ ˧˦ ʔ ɓ a w ŋ͡m ˧˦
đứng dậy	ʔ ɗ ɨ ŋ ˧˦ z ə j ˧˨ ʔ
đứng hình	ʔ ɗ ɨ ŋ ˧˦ h ï ŋ ˨˩
đứng mũi chịu sào	ʔ ɗ ɨ ŋ ˧˦ m u j ˦ˀ˥ t͡ɕ i w ˧˨ ʔ s aː w ˨˩
đứng ngoài	ʔ ɗ ɨ ŋ ˧˦ ŋ w aː j ˨˩
đứng ngồi không yên	ʔ ɗ ɨ ŋ ˧˦ ŋ o j ˨˩ x ə w ŋ͡m ˧˧ ʔ i ə n ˧˧
đứng như trời trồng	ʔ ɗ ɨ ŋ ˧˦ ɲ ɨ ˧˧ t͡ɕ əː j ˨˩ t͡ɕ ə w ŋ͡m ˨˩
đứng núi này trông núi kia	ʔ ɗ ɨ ŋ ˧˦ n u j ˧˦ n a j ˨˩ t͡ɕ ə w ŋ͡m ˧˧ n u j ˧˦ k i ə ˧˧
đứng núi này trông núi nọ	ʔ ɗ ɨ ŋ ˧˦ n u j ˧˦ n a j ˨˩ t͡ɕ ə w ŋ͡m ˧˧ n u j ˧˦ n ɔ ˧˨ ʔ
đứng trước	ʔ ɗ ɨ ŋ ˧˦ t͡ɕ ɨ ə k̚ ˧˦
đứng tuổi	ʔ ɗ ɨ ŋ ˧˦ t u ə j ˧˩
đứng tên	ʔ ɗ ɨ ŋ ˧˦ t e n ˧˧
đứng đường	ʔ ɗ ɨ ŋ ˧˦ ʔ ɗ ɨ ə ŋ ˨˩
đứng đắn	ʔ ɗ ɨ ŋ ˧˦ ʔ ɗ a n ˧˦
đứt	ʔ ɗ ɨ t̚ ˧˦
đứt bóng	ʔ ɗ ɨ t̚ ˧˦ ʔ ɓ a w ŋ͡m ˧˦
đứt gãy	ʔ ɗ ɨ t̚ ˧˦ ɣ a j ˦ˀ˥
đứt quãng	ʔ ɗ ɨ t̚ ˧˦ k w aː ŋ ˦ˀ˥
đứt ruột	ʔ ɗ ɨ t̚ ˧˦ z u ə t̚ ˧˨ ʔ
đừ	ʔ ɗ ɨ ˨˩
đừng	ʔ ɗ ɨ ŋ ˨˩
đực	ʔ ɗ ɨ k̚ ˧˨ ʔ
đực rựa	ʔ ɗ ɨ k̚ ˧˨ ʔ z ɨ ə ˧˨ ʔ
đựng	ʔ ɗ ɨ ŋ ˧˨ ʔ
ĩ	ʔ i ˦ˀ˥
ũ	ʔ u ˦ˀ˥
Ư	ʔ ɨ ˧˧
Ước Bang	ʔ ɨ ə k̚ ˧˦ ʔ ɓ aː ŋ ˧˧
ư	ʔ ɨ ˧˧
ưa	ʔ ɨ ə ˧˧
ưa chuộng	ʔ ɨ ə ˧˧ t͡ɕ u ə ŋ ˧˨ ʔ
ưa nhìn	ʔ ɨ ə ˧˧ ɲ i n ˨˩
ưa thích	ʔ ɨ ə ˧˧ tʰ ï k̟̚ ˧˦
ưng	ʔ ɨ ŋ ˧˧
ưng biển	ʔ ɨ ŋ ˧˧ ʔ ɓ i ə n ˧˩
ưng ý	ʔ ɨ ŋ ˧˧ ʔ i ˧˦
ưu	ʔ i w ˧˧
ưu du	ʔ i w ˧˧ z u ˧˧
ưu phiền	ʔ i w ˧˧ f i ə n ˨˩
ưu sinh	ʔ i w ˧˧ s ï ŋ ˧˧
ưu sầu	ʔ i w ˧˧ s ə w ˨˩
ưu thán	ʔ i w ˧˧ tʰ aː n ˧˦
ưu thắng	ʔ i w ˧˧ tʰ a ŋ ˧˦
ưu thế	ʔ i w ˧˧ tʰ e ˧˦
ưu tiên	ʔ i w ˧˧ t i ə n ˧˧
ưu trương	ʔ i w ˧˧ t͡ɕ ɨ ə ŋ ˧˧
ưu tú	ʔ i w ˧˧ t u ˧˦
ưu tư	ʔ i w ˧˧ t ɨ ˧˧
ưu việt	ʔ i w ˧˧ v i ə t̚ ˧˨ ʔ
ưu ái	ʔ i w ˧˧ ʔ aː j ˧˦
ưu điểm	ʔ i w ˧˧ ʔ ɗ i ə m ˧˩
ưu đãi	ʔ i w ˧˧ ʔ ɗ aː j ˦ˀ˥
ươi	ʔ ɨ ə j ˧˧
ươm	ʔ ɨ ə m ˧˧
ươn	ʔ ɨ ə n ˧˧
ương	ʔ ɨ ə ŋ ˧˧
ước	ʔ ɨ ə k̚ ˧˦
ước ao	ʔ ɨ ə k̚ ˧˦ ʔ aː w ˧˧
ước chung lớn nhất	ʔ ɨ ə k̚ ˧˦ t͡ɕ ʊ w ŋ͡m ˧˧ l əː n ˧˦ ɲ ə t̚ ˧˦
ước hẹn	ʔ ɨ ə k̚ ˧˦ h ɛ n ˧˨ ʔ
ước lượng	ʔ ɨ ə k̚ ˧˦ l ɨ ə ŋ ˧˨ ʔ
ước lệ	ʔ ɨ ə k̚ ˧˦ l e ˧˨ ʔ
ước muốn	ʔ ɨ ə k̚ ˧˦ m u ə n ˧˦
ước mơ	ʔ ɨ ə k̚ ˧˦ m əː ˧˧
ước số chung lớn nhất	ʔ ɨ ə k̚ ˧˦ s o ˧˦ t͡ɕ ʊ w ŋ͡m ˧˧ l əː n ˧˦ ɲ ə t̚ ˧˦
ước thúc	ʔ ɨ ə k̚ ˧˦ tʰ ʊ w k͡p̚ ˧˦
ước tính	ʔ ɨ ə k̚ ˧˦ t ï ŋ ˧˦
ướp	ʔ ɨ ə p̚ ˧˦
ướt	ʔ ɨ ə t̚ ˧˦
ướt nhẹp	ʔ ɨ ə t̚ ˧˦ ɲ ɛ p̚ ˧˨ ʔ
ướt sũng	ʔ ɨ ə t̚ ˧˦ s ʊ w ŋ͡m ˦ˀ˥
ướt át	ʔ ɨ ə t̚ ˧˦ ʔ aː t̚ ˧˦
ưỡn	ʔ ɨ ə n ˦ˀ˥
Ạ	ʔ aː ˧˨ ʔ
ạ	ʔ aː ˧˨ ʔ
ạch	ʔ a j k̟̚ ˧˨ ʔ
Ả	ʔ aː ˧˩
Ả Rập	ʔ aː ˧˩ z ə p̚ ˧˨ ʔ
Ả Rập	ʔ aː ˧˩ ɹ ə p̚ ˧˨ ʔ
Ả Rập Xê Út	ʔ aː ˧˩ z ə p̚ ˧˨ ʔ s e ˧˧ ʔ u t̚ ˧˦
ả	ʔ aː ˧˩
ả đào	ʔ aː ˧˩ ʔ ɗ aː w ˨˩
ả đầu	ʔ aː ˧˩ ʔ ɗ ə w ˨˩
ải	ʔ aː j ˧˩
ải quan	ʔ aː j ˧˩ k w aː n ˧˧
ải thâm	ʔ aː j ˧˩ tʰ ə m ˧˧
ảm	ʔ aː m ˧˩
ảm đạm	ʔ aː m ˧˩ ʔ ɗ aː m ˧˨ ʔ
Ấn	ʔ ə n ˧˦
ấ	ʔ əː ˧˦
ấm	ʔ ə m ˧˦
ấn	ʔ ə n ˧˦
ấy	ʔ ə j ˧˦
ầ	ʔ əː ˨˩
ẫ	ʔ əː ˦ˀ˥
ắ	ʔ aː ˧˦
ắng	ʔ a ŋ ˧˦
ẳng	ʔ a ŋ ˧˩
ẵ	ʔ aː ˦ˀ˥
Ặ	ʔ aː ˧˨ ʔ
Ẹ	ʔ ɛ ˧˨ ʔ
ẹ	ʔ ɛ ˧˨ ʔ
ẹp	ʔ ɛ p̚ ˧˨ ʔ
Ẻ	ʔ ɛ ˧˩
ẻ	ʔ ɛ ˧˩
ẻm	ʔ ɛ m ˧˩
ẻo lả	ʔ ɛ w ˧˩ l aː ˧˩
Ẽ	ʔ ɛ ˦ˀ˥
ẽ	ʔ ɛ ˦ˀ˥
ế	ʔ e ˧˦
ế ẩm	ʔ e ˧˦ ʔ ə m ˧˩
ếch	ʔ ə j k̟̚ ˧˦
ếch giun	ʔ ə j k̟̚ ˧˦ z u n ˧˧
ếch ngồi đáy giếng	ʔ ə j k̟̚ ˧˦ ŋ o j ˨˩ ʔ ɗ a j ˧˦ z i ə ŋ ˧˦
ề	ʔ e ˨˩
ềnh	ʔ ə j ŋ̟ ˨˩
ể	ʔ e ˧˩
ễ	ʔ e ˦ˀ˥
ễnh	ʔ ə j ŋ̟ ˦ˀ˥
ễnh ương	ʔ ə j ŋ̟ ˦ˀ˥ ʔ ɨ ə ŋ ˧˧
ệ	ʔ e ˧˨ ʔ
ỉ	ʔ i ˧˩
ỉa	ʔ i ə ˧˩
ỉa chảy	ʔ i ə ˧˩ t͡ɕ a j ˧˩
ỉa ra quần	ʔ i ə ˧˩ z aː ˧˧ k w ə n ˨˩
ỉa đùn	ʔ i ə ˧˩ ʔ ɗ u n ˨˩
ỉm	ʔ i m ˧˩
ỉn	ʔ i n ˧˩
ỉu	ʔ i w ˧˩
ỉu xìu	ʔ i w ˧˩ s i w ˨˩
ị	ʔ i ˧˨ ʔ
ịch	ʔ ï k̟̚ ˧˨ ʔ
ịn	ʔ i n ˧˨ ʔ
ịt	ʔ i t̚ ˧˨ ʔ
ọ	ʔ ɔ ˧˨ ʔ
ụ	ʔ u ˧˨ ʔ
ụm bò	ʔ u m ˧˨ ʔ ʔ ɓ ɔ ˨˩
ụt ịt	ʔ u t̚ ˧˨ ʔ ʔ i t̚ ˧˨ ʔ
ủ	ʔ u ˧˩
ủ dột	ʔ u ˧˩ z o t̚ ˧˨ ʔ
ủ rũ	ʔ u ˧˩ z u ˦ˀ˥
ủ su	ʔ u ˧˩ s u ˧˧
ủ ê	ʔ u ˧˩ ʔ e ˧˧
ủa	ʔ u ə ˧˩
ủi	ʔ u j ˧˩
ủn ỉn	ʔ u n ˧˩ ʔ i n ˧˩
ủng	ʔ ʊ w ŋ͡m ˧˩
ủng hộ	ʔ ʊ w ŋ͡m ˧˩ h o ˧˨ ʔ
ứ	ʔ ɨ ˧˦
ứ đọng	ʔ ɨ ˧˦ ʔ ɗ a w ŋ͡m ˧˨ ʔ
ứa	ʔ ɨ ə ˧˦
ức	ʔ ɨ k̚ ˧˦
ức chế	ʔ ɨ k̚ ˧˦ t͡ɕ e ˧˦
ứng	ʔ ɨ ŋ ˧˦
ứng biến	ʔ ɨ ŋ ˧˦ ʔ ɓ i ə n ˧˦
ứng cứu	ʔ ɨ ŋ ˧˦ k i w ˧˦
ứng cử	ʔ ɨ ŋ ˧˦ k ɨ ˧˩
ứng cử viên	ʔ ɨ ŋ ˧˦ k ɨ ˧˩ v i ə n ˧˧
ứng dụng	ʔ ɨ ŋ ˧˦ z ʊ w ŋ͡m ˧˨ ʔ
ứng hiện	ʔ ɨ ŋ ˧˦ h i ə n ˧˨ ʔ
ứng khẩu	ʔ ɨ ŋ ˧˦ x ə w ˧˩
ứng nghiệm	ʔ ɨ ŋ ˧˦ ŋ i ə m ˧˨ ʔ
ứng phó	ʔ ɨ ŋ ˧˦ f ɔ ˧˦
ứng thí	ʔ ɨ ŋ ˧˦ tʰ i ˧˦
ứng tuyển	ʔ ɨ ŋ ˧˦ t w i ə n ˧˩
ứng tác	ʔ ɨ ŋ ˧˦ t aː k̚ ˧˦
ứng viên	ʔ ɨ ŋ ˧˦ v i ə n ˧˧
ứng xử	ʔ ɨ ŋ ˧˦ s ɨ ˧˩
ừ	ʔ ɨ ˨˩
ừa	ʔ ɨ ə ˨˩
ừm	ʔ ɨ m ˨˩
ử	ʔ ɨ ˧˩
ửng	ʔ ɨ ŋ ˧˩
ửng hồng	ʔ ɨ ŋ ˧˩ h ə w ŋ͡m ˨˩
ữ	ʔ ɨ ˦ˀ˥
ự	ʔ ɨ ˧˨ ʔ
ực	ʔ ɨ k̚ ˧˨ ʔ
ỳ	ʔ i ˨˩
ỵ	ʔ i ˧˨ ʔ
ỷ	ʔ i ˧˩
ỷ lại	ʔ i ˧˩ l aː j ˧˨ ʔ
ỷ y	ʔ i ˧˩ ʔ i ˧˧
ỹ	ʔ i ˦ˀ˥
