אָ	ɔ
אָאַזע	ɔ a z ə
אַאָרטאַ	a ɔ r t a
אָבֿ	ɔ v
אָבֿ	uː v
אָבֿ	uː f
אָבֿ	ɔ v
אָבֿ	uː v
אָבֿ	uː f
אַבאַזשור	a b a ʒ ʊ ʀ
אָבאָיעס	ɔ b ɔ j ə s
אַבאָנעמענט	a b ɔ n ɛ m ɛ n t
אָבאָראָנע	ɔ b ɔ ʀ ɔ n ɜ
אַבאָרט	a b ɔ ʁ t
אַבֿדה	a v ɛ ɪ̯ d ə
אַבֿדה	a v e ɪ̯ d ə
אַבֿדה	a v a ɪ̯ d ə
אַבֿדהות	a v ɛ ɪ̯ d ɜ s
אַבוטילאָן	a b ʊ t ɪ ɫ ɔ n
אָבטשעסטווע	ɔ b t͡ʃ ɛ s t v ɜ
אַבי	a b i
אבֿיון	ɛ v j ə n
אָביעקט	ɔ b j ɛ k t
אָביעקטיוו	ɔ b j ɛ k t ɪ v
אָבֿל	ɔ v ɫ̩
אַבלאַווע	a b ɫ a v ə
אָבלאַווע	ɔ b ɫ a v ɜ
אַבֿלות	a v ɛ ɪ̯ ɫ ə s
אַבֿלות	a v e ɪ̯ ɫ ə s
אַבֿלות	a v a ɪ̯ ɫ ə s
אָבֿלטע	ɔ v ɫ̩ t ɜ
אָבליגאַטאָריש	ɔ b ʎ ɪ ɡ a t ɔ r ɪ ʃ
אָבליגאַציע	ɔ b ʎ ɪ ɡ a t͡s j ɜ
אַבֿלים	a v ɛ ɪ̯ ɫ ə m
אַבלמאָסק	a b ɫ̩ m ɔ s k
אבֿן־בוחן	ɛ v n̩ b ɔ ɪ̯ χ n̩
אבֿן־בוחן	ɛ v n̩ b e ɪ̯ χ n̩
אבֿן־בוחן	ɛ ɪ̯ v n̩ b ɔ ɪ̯ χ n̩
אבֿן־טובֿ	ɛ v n̩ t ɔ v
אבֿן־טובֿ	ɛ ɪ̯ v n̩ t ɔ v
אבֿן־נגף	ɛ v n̩ n ɛ ɡ ɜ f
אַבֿנימ־טובֿות	a v ɔ n ɜ m t ɔ ɪ̯ v ɜ s
אַבסאָלווענט	a b s ɔ ɫ v ɛ n t
אַבסאָלוט	a b s ɔ ɫ ʊ t
אַבסאָרבירונג	a b s ɔ r b ɪ r ʊ n ɡ
אַבסאָרבירן	a b s ɔ r b ɪ r n̩
אַבסורד	a b s ʊ r d
אָבסטעטריק	ɔ b s t ɛ t r ɪ k
אָבסטעטריקער	ɔ b s t ɛ t r ɪ k ɜ r
אַבסטראַהירן	a b s t r a h ɪ r n̩
אַבסטראַקציע	a b s t r a k t͡s j ɜ
אָבסטרויִרן	ɔ b s t r ʊ ɪ r n̩
אָבסטרוקציע	ɔ b s t r ʊ k t͡s j ɜ
אָבסערוואַטאָר	ɔ b s ɛ r v a t ɔ r
אָבסערוואַטאָריע	ɔ b s ɛ r v a t ɔ r j ɜ
אָבסערוואַציע	ɔ b s ɛ r v a t͡s j ɜ
אָבסערווירן	ɔ b s ɛ r v ɪ r n̩
אָבעזיאַנע	ɔ b ɜ z j a n ɜ
אָבער	ɔ b ə ʀ
אָבערגלויבן	ɔ b ə ʁ ɡ ɫ ɔ ɪ̯ b n̩
אָבצאַס	ɔ b t͡s a s
אָבצע	ɔ p t͡s ə
אבֿר	ɛ ɪ̯ v ə ʁ
אָבראָק	ɔ b ʀ ɔ k
אַבֿרהם	a v ʁ ɔ ə m
אַבֿרהם	a v ʁ ɔ m
אַבֿרהם	a v ʁ uː ə m
אַבֿרהם	a v ʁ uː m
אַבֿרהם	a v ʁ u ə m
אַבֿרהם	a v ʁ u m
אבֿרים	ɛ ɪ̯ v ʁ ə m
אַגאַווע	a ɡ a v ə
אַגאַט	a ɡ a t
אַגאָניע	a ɡ ɔ n j ə
אַגאַפּאַנטוס	a ɡ a p a n t u s
אַגאַריק	a ɡ a r ɪ k
אַגבֿ	a ɡ ə v
אַגבֿ־אורחא	a ɡ ə v ʊ ʁ χ ə
אַגבֿ־אורחא	a ɡ ə v iː ʁ χ ə
אַגבֿ־אורחא	a ɡ ə f iː ʁ χ ə
אַגבֿ־אורחא	a ɡ ə v i ʁ χ ə
אַגבֿ־אורחא	a ɡ ə f i ʁ χ ə
אַגבֿדיק	a ɡ ə v d ɪ k
אַגיטאַציע	a ɡ ɪ t a t͡s j ɜ
אַגיטירן	a ɡ ɪ t ɪ r n̩
אַגענט	a ɡ ɛ n t
אַגענטור	a ɡ ɜ n t ʊ r
אָגער	ɔ ɡ ɜ r
אַגראַפֿקע	a ɡ r a f k ɜ
אַגרימאָניע	a ɡ r i m ɔ n j ə
אַגריקולטור	a ɡ r ɪ k ʊ ɫ t ʊ r
אַגריקולטורעל	a ɡ r ɪ k ʊ ɫ t ʊ r ɛ ɫ
אַגרעס	a ɡ r ə s
אַגרעסיוו	a ɡ r ɜ s ɪ v
אַגרעסיע	a ɡ r ɛ s j ɜ
אַדאָניס	a d ɔ n ɪ s
אַדאָפּטירונג	a d ɔ p t ɪ r ʊ n ɡ
אַדאָפּטירן	a d ɔ p t ɪ r n̩
אַדוואָקאַט	a d v ɔ k a t
אַדוואָקאַטנשאַפֿט	a d v ɔ k a t n̩ ʃ a f t
אַדווערב	a d v ɛ r b
אדוני	a d ɔ ɪ̯ n a ɪ̯
אַדורך	a d ʊ ʀ χ
אַדורכ־	a d ʊ ʁ χ
אַדורכ־	a d ɔ ʁ ə χ
אַדורכ־	a d ɔ ʁ χ
אַדורכ־	a d ɛ ʁ ə χ
אַדורכ־	a d ɛ ʁ χ
אַדיעקטיוו	a d j ɛ k t ɪ v
אַדיקט	a d ɪ k t
אַדיקציע	a d ɪ k t͡s j ɜ
אַדל	a d ɫ̩
אַדלדיק	a d ɫ̩ d ɪ k
אַדליגע	a d ʎ i ɡ ɜ
אַדלמאַן	a d ɫ̩ m a n
אָדלער	ɔ d ɫ ə ʀ
אַדלפֿרוי	a d ɫ̩ f r ɔ ɪ̯
אָדם	ɔ d ɜ m
אָדם	uː d ɜ m
אָדם	u d ə m
אדמה	a d u m ɜ
אדמה	a d ɔ m ɜ
אַדמיניסטראַטיוו	a d m ɪ n ɪ s t r a t ɪ v
אַדמיניסטראַציע	a d m ɪ n ɪ s t ʀ a t͡s j ə
אַדמיניסטרירן	a d m ɪ n ɪ s t r ɪ r n̩
אַדמיראַל	a d m ɪ r a l
אָדעס	ɔ d ɛ s
אָדעקאָלאָן	ɔ d ɜ k ɔ ɫ ɔ n
אַדעקוואַט	a d ɜ k v a t
אָדער	ɔ d ə ʀ
אָדר	ɔ d ə ʁ
אָדר	uː d ə ʁ
אַדרבא	a d ə r a b ə
אַדרבא	a d ə r a b ə
אַדרעס	a d r ɛ s
אַדרעס	a d r ɛ s
אַדרעסאַט	a d r ɜ s a t
אַדרעסן	a d ʀ ɛ s n̩
אַדרעסן־בוך	a d r ɛ s n̩ b u χ
אַהאַ	a h a
אָהאָ	ɔ h ɔ
אַהבֿה	a h a v ə
אַהבֿה	a a v ə
אַהבֿה	a h a v ə
אַהבֿה	a h a ɪ̯ v ə
אַהבֿה	a v ə
אַהבֿה	a ɪ̯ v ə
אַהבֿה	a h aː v ə
אַהיים	a h ɛ ɪ̯ m
אַהיימגיין	a h ɛ ɪ̯ m ɡ ɛ ɪ̯ n
אַהיימגעגאַנגען	a h ɛ ɪ̯ m ɡ ə ɡ a ŋ ɡ ə n
אַהיימלויפֿן	a h ɛ ɪ̯ m ɫ ɔ ɪ̯ f n̩
אַהין	a h ɪ n
אַהינגיין	a h ɪ n ɡ ɛ ɪ̯ n
אַהינגיין	a h ɪ n ɡ e ɪ̯ n
אַהינגיין	a h ɪ n ɡ a ɪ̯ n
אַהינגיין	a h ɨ n ɡ ɛ ɪ̯ n
אַהערגעקומען	a h ɛ ʁ ɡ ə k ʊ m ə n
אַהערקומען	a h ɛ ʁ k ʊ m ə n
אהרן	a r n̩
אוגערקע	ʊ ɡ ə ʁ k ə
אוגערקעס	ʊ ɡ ə ʁ k ə s
אָוואַ	ɔ v a
אוּוואַדזשען	ʊ v a d͡ʒ ɛ n
אוּווערטור	ʊ v ɛ ʀ t ʊ ʀ
אָוונט	ɔ v n̩ t
אָוונטברויט	ɔ v n̩ t b r ɔ ɪ̯ t
אַוועק	a v ɛ k
אַוועקאײַלן	a v ɛ k a ɪ̯ ɫ n̩
אַוועקגיין	a v ɛ k ɡ ɛ ɪ̯ n
אַוועקגיין	a v ɛ k ɡ a ɪ̯ n
אַוועקקומען	a v ɛ k ʊ m ə n
אוזאָר	ʊ z ɔ ʁ
אוזער	ʊ z ɛ ʀ
אוטווערדזשען	ʊ t v ɛ ʀ d͡ʒ ɛ n
אוטשאַסטאָק	ʊ t͡ʃ a s t ɔ k
אוטשאָק	ʊ t͡ʃ ɔ k
אוטשעניע	ʊ t͡ʃ ɛ n j ɜ
אויב	ɔ ɪ̯ b
אויבן	ɔ ɪ̯ b n̩
אויבנאָן	ɔ ɪ̯ b m ɔ n
אויבנאָן	e ɪ̯ b m ɔ n
אויבנאָן	ɔ ɪ̯ b m uː n
אויבס	ɔ ɪ̯ b s
אויבסט	ɔ ɪ̯ b s t
אויג	ɔ ɪ̯ ɡ
אויג	e ɪ̯ ɡ
אויגן	ɔ ɪ̯ ɡ n̩
אויגנצאָן	ɔ ɪ̯ ɡ n̩ t͡s ɔ n
אויוון	ɔ ɪ̯ v n̩
אויוונס	ɔ ɪ̯ v n̩ s
אויטאָבוס	ɔ ɪ̯ t ɔ b ʊ s
אויטאָמאַט	ɔ ɪ̯ t ɔ m a t
אויטאָמאַטיש	ɔ ɪ̯ t ɔ m a t ɪ ʃ
אויטאָנאָם	ɔ ɪ̯ t ɔ n ɔ m
אויטאָנאָמיע	ɔ ɪ̯ t ɔ n ɔ m j ɜ
אויטאָנאָמיש	ɔ ɪ̯ t ɔ n ɔ m ɪ ʃ
אויטענטיש	ɔ ɪ̯ t e n t ɪ ʃ
אויטענטישקייט	ɔ ɪ̯ t e n t ɪ ʃ k a ɪ̯ t
אויך	ɔ ɪ̯ χ
אויך	o ʊ̯ χ
אויך	e ɪ̯ χ
אויס־	ɔ ɪ̯ s
אויסבאָדן	ɔ ɪ̯ s b ɔ d n̩
אויסבאָדן	ɔ ʊ̯ s b uː d n̩
אויסבאָדן	ɔ ʊ̯ s b u d n̩
אויסבלייזן	ɔ ɪ̯ s b ɫ ɛ ɪ̯ z n̩
אויסברייטערן	ɔ ɪ̯ s b r ɛ ɪ̯ t ɜ r n̩
אויסגעבן	ɔ ɪ̯ s ɡ ɛ b n̩
אויסגעלאָשן	ɔ ɪ̯ s ɡ ə ɫ ɔ ʃ n̩
אויסגעשריבן	ɔ ɪ̯ s ɡ ə ʃ ʀ ɪ̯ b n̩
אויסוועג	ɔ ɪ̯ s v ɛ ɡ
אויסוועג	ɔ ʊ̯ s v ɛ ɡ
אויסזידלונג	ɔ ɪ̯ s z ɪ d l ʊ ŋ
אויסזען	ɔ ɪ s z ɛ n
אויסטראַליע	ɔ ɪ̯ s t ʀ a ʎ j ə
אויסטראַליש	ɔ ɪ̯ s t ʁ a ʎ ɪ ʃ
אויסלאַכן	ɔ ɪ̯ s ɫ a χ n̩
אויסלאַנד	ɔ ɪ̯ s ɫ a n d
אויסלענדיש	ɔ ɪ̯ s ɫ ɛ n d ɪ ʃ
אויסלענדער	ɔ ɪ̯ s ɫ ɛ n d ə ʀ
אויסלענדערשע	ɔ ɪ̯ s ɫ ɛ n d ə ʀ ʃ ə
אויסלעשן	ɔ ɪ̯ s ɫ ɛ ʃ n̩
אויסמאַכן	ɔ ɪ̯ s m a χ n̩
אויסמעקן	ɔ ɪ̯ s m ɛ k n̩
אויסמשלען	ɔ ɪ̯ s m ɔ ʃ l ə n
אויסניצן	ɔ ɪ̯ s n ɪ t͡s n̩
אויספֿאַלן	ɔ ɪ̯ s f a ɫ n̩
אויסשטאַרבן	ɔ ɪ̯ s ʃ t a ʁ b n̩
אויסשטעלונג	ɔ j s ʃ t ɛ l ʊ ŋ ɡ
אויסשטשערבען	ɔ ɪ̯ s ʃ t͡ʃ ɛ r b ə n
אויסשטשערבען	ɔ ɪ̯ ʃ t͡ʃ ɛ r b ə n
אויסשטשערבען	ɔ ɪ̯ s ʃ t͡ʃ ɛ r b n̩
אויסשטשערבען	ɔ ɪ̯ ʃ t͡ʃ ɛ r b n̩
אויסשפּאַנען	ɔ ɪ̯ s ʃ p a n ə n
אויסשפּיר	ɔ j s ʃ p i ʀ
אויסשרײַבן	ɔ ɪ̯ s ʃ ʁ a ɪ̯ b n̩
אוּיעזד	u j ɛ z d
אויער	ɔ ɪ ə ʁ
אויער	e ɪ ə ʁ
אויערן	ɔ ɪ̯ ə ʁ n̩
אויף	a f
אויף	a f
אויף	ɔ f
אויף	ʌ f
אויפֿ־	ɔ ɪ̯ f
אויפֿ־	a f
אויפֿ־	ɔ f
אויפֿגאַבע	ɔ ɪ̯ f ɡ a b ə
אויפֿגאַבע	a f ɡ a b ə
אויפֿגאַבע	ɔ f ɡ a b ə
אויפֿגאַנג	ɔ j f ɡ a ŋ ɡ
אויפֿגעהערט	ɔ ɪ̯ f ɡ ə h ɛ ʁ t
אויפֿהערן	a f h ɛ ʁ n̩
אויפֿוועקן	ɔ ɪ̯ f v ɛ k ŋ̩
אויפֿוועקן	a f v ɛ k n̩
אויפֿוועקן	ɔ f v ɛ k n̩
אויפֿטו	ɔ j f t ʊ
אויפֿמאַכן	ɔ ɪ̯ f m a χ n̩
אויפֿמאַכן	a f m a χ n̩
אויפֿמאַכן	ɔ f m a χ n̩
אויפֿן	ɔ j f n̩
אויפֿן	a f n̩
אויפֿן	ɔ f n̩
אויפֿן	ʌ f n̩
אויפּס	ɔ ɪ̯ p s
אויפּסט	ɔ ɪ̯ p s t
אויפֿעפֿענען	ɔ ɪ̯ f ɛ f ə n ə n
אויפֿעפֿענען	a f ɛ f ə n ə n
אויפֿעפֿענען	ɔ f ɛ f ə n ə n
אויפֿצומאָרגנס	ɔ ɪ̯ f t͡s ʊ m ɔ ʁ ɡ n̩ s
אויפֿצומאָרגנס	a f t͡s ʊ m ɔ ʁ ɡ n̩ s
אויפֿרײַס	ɔ j f ʀ a j s
אויפֿרײַס	ɔ ə̯ f ʀ a ɛ̯ s
אויפֿרײַס	ʊ f ʀ a ɛ̯ s
אויפֿריכטן	ɔ ɪ̯ f ʁ ɪ χ t n̩
אויפֿשטאַנד	ɔ ɪ̯ f ʃ t a n d
אויפֿשטיין	ɔ ɪ̯ f ʃ t ɛ ɪ̯ n
אויפֿשטיין	ɔ ɪ̯ f ʃ t e ɪ̯ n
אויפֿשטיין	ɔ f ʃ t a ɪ̯ n
אויפֿשטיין	ʊ f ʃ t ɛ ɪ̯ n
אויפֿשנײַדן	ɔ ɪ̯ f ʃ n a ɪ̯ d n̩
אויקען	ɔ ɪ̯ k ə n
אוירינג	ɔ ɪ̯ ʀ ɪ ŋ ɡ
אוירינג	e ɪ̯ ʀ ɪ ŋ ɡ
אוירינג	ɔ ɪ̯ ʀ ɨ ŋ ɡ
אוירינגל	ɔ ɪ̯ ʀ ɪ ŋ ɡ l̩
אוירינגל	e ɪ̯ ʀ ɪ ŋ ɡ l̩
אוירינגל	ɔ ɪ̯ ʀ ɨ ŋ ɡ l̩
אולאַמקע	ʊ ɫ a m k ə
אומאײַננעמיק	ʊ m a ɪ̯ n n e m ɪ k
אומבאַווײַבט	ʊ m b a v a ɪ̯ b t
אומבאַווײַבט	ʊ m b a v a ɪ̯ p t
אומבאַקאַנט	ʊ m b a k a n t
אומברענגען	ʊ m b ʁ ɛ ŋ ɡ ə n
אומגעזונט	ʊ m ɡ ɛ z ʊ n t
אומגערעכט	ʊ m ɡ ɛ ʀ ɛ x t
אומדערוואַרט	ʊ m d ə r v a r t
אומדריי	ʊ m d ʀ ɛ j
אומדרך־ארץ	ʊ m d ɛ r ə χ ɛ r ə t͡s
אומדרך־ארץ	ʊ m d ɛ r χ ɛ r ə t͡s
אומדרך־ארץ	ɪ m d ɛ r ə χ ɛ ɪ̯ r ə t͡s
אומדרך־ארץ	ɪ m d ɛ r χ ɛ ɪ̯ r ə t͡s
אומדרך־ארץ	ɨ m d ɛ r ə χ ɛ ɪ̯ r ə t͡s
אומדרך־ארץ	ɨ m d ɛ r χ ɛ ɪ̯ r ə t͡s
אומדרך־ארצדיק	ʊ m d ɛ r ə χ ɛ r ə t͡s d ɪ k
אומדרך־ארצדיק	ʊ m d ɛ r χ ɛ r ə t͡s d ɪ k
אומדרך־ארצדיק	ɪ m d ɛ r ə χ ɛ ɪ̯ r ə t͡s d ɪ k
אומדרך־ארצדיק	ɪ m d ɛ r χ ɛ ɪ̯ r ə t͡s d ɪ k
אומדרך־ארצדיק	ɨ m d ɛ r ə χ ɛ ɪ̯ r ə t͡s d ɨ k
אומדרך־ארצדיק	ɨ m d ɛ r χ ɛ ɪ̯ r ə t͡s d ɨ k
אומה	ʊ m ə
אומה	ɪ m ə
אומה	ɨ m ə
אומוויסנדיג	ʊ m v i s n d i k
אומוועג	ʊ m v ɛ ɡ
אומזיניק	ʊ m z ɪ n ɪ k
אומזיסט	ʊ m z ɪ s t
אומזעיִק	ʊ m z ɛ ɪ k
אומזעיִק	ɪ m z ɛ ɪ̯ ɪ k
אומזעיִק	ɨ m z ɛ ɪ̯ ɪ k
אומזעעוודיק	ʊ m z ɛ ə v d ɪ k
אומזעעוודיק	ɪ m z ɛ ɪ̯ ə v d ɪ k
אומזעעוודיק	ɨ m z ɛ ɪ̯ ə v d ɪ k
אומנישט	ʊ m n ɪ ʃ t
אומעט	ʊ m ə t
אומפֿאַרבעסערלעך	ʊ m f a r b ɛ s ə r ɫ ə χ
אומפּינקטלעך	ʊ m p ɪ ŋ k t ɫ ə χ
אומפֿרײַנדלעך	ʊ m f ʁ a ɪ̯ n d ɫ ə χ
אומפֿרײַנדלעכע	ʊ m f ʁ a ɪ̯ n d ɫ ə χ ə
אומצוויייִק	ʊ m t͡s v ɛ ɪ̯ ɪ k
אומצוויייִק	ʊ m t͡s v e ɪ̯ ɪ k
אומצוויייִק	ɪ m t͡s v a ɪ̯ ɪ k
אומצוויייִק	ɨ m t͡s v ɛ ɪ̯ ɪ k
אומקום	ʊ m k ʊ m
אומקומעניש	ʊ m k ʊ m ə n ɪ ʃ
אומקערן	ʊ m k ɛ ʁ n̩
אונדזער	ʊ n d͡z ə ʁ
אונדזערע	ʊ n d͡z ə ʁ ə
אונטן	ʊ n t n̩
אונטערדריקונג	ʊ n t ə r d r ɪ k ʊ ŋ ɡ
אונטערדריקער	ʊ n t ə ʁ d ʁ ɪ k ə ʁ
אונטערהאַנדלען	ʊ n t ə ʁ h a n d ɫ ə n
אונטערהייבער	ʊ n t ə ʁ h ɛ ɪ̯ b ə ʁ
אונטערהינקען	ʊ n t ə ʁ h ɪ ŋ k ə n
אונטערהעלפֿן	ʊ n t ə ʁ h ɛ l f n̩
אונטערוועש	ʊ n t ə ʁ v ɛ ʃ
אונטערן	u n t ə ʁ n
אונטערפֿאָרן	ʊ n t ə r f ɔ r n̩
אונטערצינדן	ʊ n t ə ʁ t͡s ɪ n d n̩
אונטערשטעלן	ʊ n t ə ʁ ʃ t ɛ ɫ n̩
אוניווערסיטעט	ʊ n ɪ v ɛ r s ɪ t ɛ t
אונץ	ʊ n t͡s
אופֿן	ɔ ɪ̯ f n̩
אופֿן	e ɪ̯ f n̩
אוקראַיִניש	ʊ k r a j ɪ n ɪ ʃ
אוקראַיִניש	ʊ k r a ɪ n ɪ ʃ
אוקראַיִנע	ʊ k r a j ɪ n ɜ
אוקראַיִנע	ʊ k r a ɪ n ɜ
אוראײַנוווינער	ʊ r a ɪ̯ n v ɔ ɪ̯ n ə r
אוראַניום	ʊ ʁ a n j ʊ m
אורטייל	ʊ ʁ t ɛ ɪ̯ l
אורטייל	ʊ ʁ t e ɪ̯ l
אורטייל	ɪ ʁ t a ɪ̯ l
אורטייל	ɨ ʁ t ɛ ɪ̯ l
אורטיילן	ʊ ʁ t ɛ ɪ̯ l n̩
אורטיילן	ʊ ʁ t e ɪ̯ l n̩
אורטיילן	ɪ ʁ t a ɪ̯ l n̩
אורטיילן	ɨ ʁ t ɛ ɪ̯ l n̩
אורין	ʊ ʁ ɪ n
אורינירן	ʊ ʁ ɪ n ɪ ʁ n̩
אות	ɔ s
אותיות	ɔ ɪ̯ s j ə s
אַז	ʔ a z
אַז	ʔ ä z
אַז	ʔ æ z
אַזאַ	a z a
אַזאָט	a z ɔ t
אַזאַן	a z a n
אַזוי	a z ɔ ɪ̯
אַזוי	a z e ɪ̯
אַזוי	ɔ z ɔ ɪ̯
אַזוי	a z ɔ u̯
אַזיאַטיש	a z j a t ɪ ʃ
אַזעלכע	a z ɛ ɫ χ ə
אָזשעניצע	ɔ ʒ ə n ɪ t s ə
אָזשענע	ɔ ʒ ə n ə
אַחוץ	a χ ʊ t͡s
אָט	ɔ t
אָטכאַיען	ɔ t χ a ɪ̯ ə n
אַטלאַס	a t l a s
אַטמאָספֿער	a t m ɔ s f ɛ ʁ
אַטריבוט	a t r ɪ b ʊ t
־אַטש	a t͡ʃ
איבופּראָפֿען	i b ʊ p r ɔ f ɛ n
איבן	ɪ b n̩
איבן	iː b n̩
איבן	i b n̩
איבעראַיאָר	ɪ b ə r a j ɔ r
איבעראַיאָר	ɪ b ə r a j uː r
איבעראַיאָר	ɪ b ə r a j u r
איבעראַיאָריק	ɪ b ə r a j ɔ r ɪ k
איבעראַיאָריק	ɪ b ə r a j uː r ɪ k
איבעראַיאָריק	ɪ b ə r a j u r ɪ k
איבעראַכטאָג	ɪ b ə ʁ a χ t ɔ ɡ
איבעראַכטאָג	ɪ b ə ʁ a χ t uː ɡ
איבעראַכטאָג	ɪ b ə ʁ a χ t u ɡ
איבעראַל	i b ə ʁ a ɫ
איבערהאַקן	i b ə ʁ h a k ŋ̩
איבערווייטיקן	ɪ b ə r v e ɪ̯ t ɪ k n̩
איבערזעצן	i b ə ʁ z ɛ t͡s n̩
איבערלייענען	ɪ b ə ʁ l ɛ ɪ̯ ə n ə n
איבערלייענען	ɪ b ə ʁ l e ɪ̯ ə n ə n
איבערלייענען	ɪ b ə ʁ l a ɪ̯ ə n ə n
איבערלעבן	ɪ b ɜ r l ɛ b n̩
איבערלעבן	iː b ɜ r l e ɪ̯ b n̩
איבערצײַגונג	ɪ b ə ʁ t͡s a ɪ̯ ɡ ʊ ŋ ɡ
איבערצײַגונג	iː b ə ʁ t͡s aː ɡ ɪ ŋ ɡ
איבערצײַגונג	i b ə ʁ t͡s a ɡ ɨ ŋ ɡ
איבערצײַגן	ɪ b ə ʁ t͡s a ɪ̯ ɡ ŋ̩
איבערציִען	ɪ b ə ʁ t͡s ɪ ə n
איבערקומען	ɪ b ə r k ʊ m ə n
איבערקומען	ɪ b ə r k ɪ m ə n
איבערקומען	ɨ b ə r k ɨ m ə n
איבערקוקן	ɪ b ə ʁ k ʊ k n̩
איבערקערן	i b ə ʁ k ɛ ʁ n̩
איבערשעה	ɪ b ə ʁ ʃ ɔ
איבערשעה	ɪ b ə ʁ ʃ uː
איבערשעה	ɪ b ə ʁ ʃ u
איבערשפּרײַזן	i b ə ʁ ʃ p ʁ a ɪ̯ z n̩
אידיאָט	ɪ d j ɔ t
אידעע	ɪ d ɛ ə
איוויע	ɪ v j ə
איוויע	iː v j ə
איז	i z
איז	ɪ z
איזאָליר	ɪ z ɔ l i r
איזאָלירונג	ɪ z ɔ l i r ʊ ŋ ɡ
איזאָלירן	ɪ z ɔ l i r n̩
איזשאָריש	ɪ ʒ ɔ ʁ ɪ ʃ
איזשאָרסק	ɪ ʒ ɔ ʁ s k
איטאַליע	ɪ t a ʎ j ə
איטלעך	ɪ t ɫ ə χ
איטריום	ɪ t ʁ j ʊ m
איי	ɛ ɪ̯
אייגן	ɛ ɪ̯ ɡ n̩
אייגנטום	ɛ ɪ ɡ n̩ t ʊ m
אייגננוץ	ɛ ɪ̯ ɡ n̩ n ʊ t͡s
אייגננוץ	e ɪ̯ ɡ n̩ n ʊ t͡s
אייגננוץ	a ɪ̯ ɡ n̩ n ɪ t͡s
אייגננוץ	ɛ ɪ̯ ɡ n̩ n ɪ t͡s
איידל	ɛ ɪ̯ d ɫ̩
איידל	e ɪ̯ d ɫ̩
איידעם	ɛ ɪ̯ d ə m
אײַז	a ɪ̯ z
אײַז	aː z
אײַזהאָקי	a ɪ̯ z h ɔ k ɪ
אײַזהאָקיי	a ɪ̯ z h ɔ k ɛ ɪ̯
אייזל	ɛ ɪ̯ z l̩
אײַזן	a ɪ̯ z n̩
אײַזנבאַן	a ɪ̯ z n̩ b a n
אײַזערן	a ɪ̯ z ɜ r n̩
אײַזקרעם	a ɪ̯ z k ʁ ɛ m
אײַטער	a j t ɛ ʀ
אײַך	a ɪ̯ χ
אײַך	aː χ
אייל	ɛ ɪ̯ ɫ
אײַל	a ɪ̯ ɫ
אײַל	a ɪ̯ ɫ
איילבערט	ɛ ɪ̯ ɫ b ə ʁ t
איילבערט־אייל	ɛ ɪ̯ ɫ b ə ʁ t ɛ ɪ̯ ɫ
אײַלן	a ɪ̯ ɫ n̩
אײַלן	a ɪ̯ ɫ n̩
אײַלע	a ɪ̯ ɫ ə
אײַן	a ɪ̯ n
אײַנבירגערונג	a ɪ̯ n b ɪ r ɡ ə r ʊ ŋ
אײַנברען	a ɪ̯ n b r ɛ n
אײַנגעוויינען	a ɪ̯ n ɡ ə v ɛ ɪ̯ n ə n
אײַנגעמאַכטס	a ɪ̯ n ɡ ə m a χ t͡s
אײַנגעעקשנט	a ɪ̯ n ɡ ə a k ʃ n̩ t
אײַנוווינען	a ɪ̯ n v ɔ ɪ̯ n ə n
אײַנוווינער	a ɪ̯ n v ɔ ɪ̯ n ə r
איינזאַם	ɛ ɪ n z a m
איינטאָגפֿליג	ɛ ɪ̯ n t ɔ ɡ f ʎ ɪ ɡ
אײַנטענהן	a ɪ̯ n t a ɪ̯ n ə n
אײַנטענהן	aː n t aː n ə n
אײַנטענהן	a n t a n ə n
אייניקל	ɛ ɪ̯ n ɪ k ɫ̩
אייניקלעך	ɛ ɪ̯ n ə k ɫ ə χ
אײַנמאַכן	a ɪ̯ n m a χ n̩
איינס	ɛ ɪ̯ n s
איינס	aː n s
איינס	e ɪ̯ n s
איינס	a ɪ̯ n s
איינפֿאַך	ɛ ɪ̯ n f a χ
אײַנפֿלאַנץ	a ɪ̯ n f l a n t͡s
אײַנפֿלאַנץ	aː n f l a n t͡s
אײַנפֿלאַנץ	a n f l ɔ n t͡s
אײַנפּלאַצירן	a ɪ̯ n p l a t͡s ɪ r n̩
אײַנפּלאַצירן	aː n p l a t͡s ɪ r n̩
אײַנפֿלוס	a j n f l ʊ s
אײַנקויפֿן	a ɪ̯ n k ɔ ɪ̯ f n̩
אײַנשרײַבן	a ɪ̯ n ʃ ʁ a ɪ̯ b n̩
אייעלע	ɛ ɪ̯ ə ɫ ə
אײַער	a ɪ̯ ə ʁ
אייערלויף	ɛ j ə r l ɔ ɪ̯ f
אייערנעכטן	ɛ ɪ̯ ə ʁ n ɛ χ t n̩
אייפֿערזוכט	e ɪ̯ f ə r z ʊ χ t
אייפֿערזיכטיק	e ɪ̯ f ə r z ɪ χ t ɪ k
אייר	ɪ j ə ʁ
אייראָפּע	ɛ ɪ̯ ʁ ɔ p ə
אייראָפּע	e ɪ̯ ʁ ɔ p ə
אייראָפּע	a ɪ̯ ʁ ɔ p ə
אייראָפּעיִש	ɛ ɪ̯ ʁ ɔ p ɛ ɪ ʃ
איך	ɪ χ
איכ׳ל	ɪ χ ɫ̩
אים	ɪ m
אימייל	ɪ m ɛ ɪ̯ l
אימייל	ɪ m ɛ ɪ̯ l
אימפּעט	ɪ m p ɛ t
אימפּעראַטאָר	ɪ m p ə r a t ɔ r
אינדוסטריעל	ɪ n d ʊ s t r ɪ j ɛ ɫ
אינדוסטריעל	ɪ n d ʊ s t r ɪ ɛ ɫ
אינדזל	ɪ n d͡z ɫ̩
אינדזליאַנער	ɪ n d͡z ʎ a n ə r
אינדיווידואַליזירט	ɪ n d ɪ v ɪ d ʊ a ɫ ɪ z ɪ ʁ t
אינדיווידואַליזירן	ɪ n d ɪ v ɪ d ʊ a ɫ ɪ z ɪ ʁ n̩
אינדיום	ɪ n d j ʊ m
אינדיק	i n d ɪ k
אינדערפֿרי	ɪ n d ə ʁ f ʁ ɪ
אינזעקט	ɪ n z ɛ k t
אינטערוואַל	ɪ n t ə r v a ɫ
אינטערנאַציאָנאַל	ɪ n t ə ʁ n a t͡s j ɔ n a ɫ
אינטערנעט	ɪ n t ə r n ɛ t
אינטערנעץ	ɪ n t ə ʁ n ɛ t͡s
אינטערעסאַנט	ɪ n t ɛ ʁ ɛ s a n t
אינלאַנד	ɪ n ɫ a n d
אינסטאַלאַטאָר	ɪ n s t a ɫ a t ɔ r
אינסעקט	ɪ n s ɛ k t
אינסצענירן	ɪ n s t͡s ə n iː r n̩
אינעווייניק	ɪ n ə v ɛ ɪ̯ n ɪ k
אינפֿאָרמאַציע	ɪ n f ɔ ʁ m a t͡s j ə
אינפֿוזאָריע	ɪ n f ʊ z ɔ ʁ j ə
איסלאַם	ɪ s ɫ a m
איסלאַנד	ɪ s ɫ a n d
אַיעדן	a j ɛ d n̩
אַיעדער	a j ɛ d ə ʁ
איצט	ɪ t͡s t
אַיִר	a ɪ ʁ
אַיִר	a ɪ ʁ
איראַן	ɪ ʁ a n
איראַק	ɪ ʁ a k
איריס	ɪ r ɪ s
איריס	ɪ r ɪ s
איריסקע	ɪ r ɪ s k ə
אירצן	ɪ ʁ t͡s n̩
אירצן	ɨ ʁ t͡s n̩
אכזריות	a χ z ɔ ʁ j ə s
אַכט	a χ t
אַכט	ɔ χ t
אַכטונג	a χ t ʊ ŋ ɡ
אַכלען	a χ l ə n
אַכלען	h a χ ə l ə n
אַכלען	a χ ə l ə n
אַכסניא	a χ s a n j ə
אַכציקער	a χ t͡s ɪ k ə r
אלא	ɛ ɫ ə
אַלאַמברירן	a ɫ a m b r i r n̩
אַלדאָס	a l d ɔ s
אַלדאָס	a l d ə s
אַלדי	a l d ɪ
אלול	ɛ l ə l
אלול	ɛ l ɪ l
אַלומיניום	a l ʊ m ɪ n j ʊ m
אַלט	a ɫ t
אַלטע	a ɫ t ə
אליהו	ɛ ʎ j ɔ h u
אָליוו	ɔ ʎ ɪ v
אַליין	a ɫ ɛ ɪ̯ n
אַליין־דרך־ארץ	a l ɛ ɪ̯ n ‿ d ɛ r ə χ ɛ r ə t͡s
אַליין־דרך־ארץ	a l ɛ ɪ̯ n ‿ d ɛ r χ ɛ r ə t͡s
אַליין־דרך־ארץ	a l a ɪ̯ n ‿ d ɛ r ə χ ɛ ɪ̯ r ə t͡s
אַליין־דרך־ארץ	a l a ɪ̯ n ‿ d ɛ r χ ɛ ɪ̯ r ə t͡s
אַליין־דרך־ארץ	a l ɛ ɪ̯ n ‿ d ɛ r ə χ ɛ ɪ̯ r ə t͡s
אַליין־דרך־ארץ	a l ɛ ɪ̯ n ‿ d ɛ r χ ɛ ɪ̯ r ə t͡s
אַלע	a ɫ ə
אַלעע	a ʎ ɛ ɛ
אַלערוועגן	a l ə r v ɛ ɡ n̩
אַלף־בית	a l ɜ f b ɛ ɪ̯ s
אַלפּן	a ɫ p n̩
אַלפּן	a ɫ p m̩
אַלץ	a l t͡s
אָלרײַטניק	ɔ ɫ ʁ a ɪ̯ t n ɪ k
אָלשינע	ɔ ɫ ʃ ɪ n ə
אם־ירצה־השם	ɪ m j ɪ ʁ t s ə a ʃ ɛ m
אם־ירצה־השם	m ɪ ʁ t s ə ʃ ɛ m
אם־ירצה־השם	m ɛ ʁ t ʃ ə m
אַמאָליק	a m ɔ l ɪ k
אַמאָליק	a m uː l ɪ k
אַמאָליק	a m u l ɨ k
אַמאַרעטאָ	a m a r ɛ t ɔ
אַמבאָס	a m b ɔ s
אַמבאַסאַדע	a m b a s a d ə
אַמט	a m t
אַמייזע	a m e ɪ̯ z ə
אָמן	ɔ m ɛ ɪ̯ n
אָמן	ʊ m a ɪ̯ n
אַמנעזיע	a m n ɛ z j ə
אַמעריקאַניש	a m ɛ ʁ ɪ k a n ɪ ʃ
אַמעריקאַנישן	a m ɛ ʁ ɪ k a n ɪ ʃ n̩
אַמעריקאַנישע	a m ɛ ʁ ɪ k a n ɪ ʃ ə
אַמעריקע	a m ɛ ʁ ɪ k ə
אַמעריקע	a m eː ʁ ɪ k e
אַמפֿאָראַ	a m f ɔ r a
אַמפּער	a m p ə r
אַמפּער	a m p ɛ r
אמת	ɛ m ə s
אמתדיק	ɛ m ə z d i k
אַן	a n
אָן	ɔ n
אָן	uː n
אָן	u n
אָן	oː n
אָן	aː n
אַנאַלפֿאַבעט	a n a l f a b ɛ t
אַנאַלפֿאַבעטיש	a n a l f a b ɛ t ɪ ʃ
אַנאַנאַס	a n a n a s
אַנאַקאַרד	a n a k a r d
אַנגאַזשירן	a ŋ ɡ a ʒ ɪ ʁ n̩
אַנדאָרע	a n d ɔ ʁ ə
אַנדעזיט	a n d ɜ z ɪ t
אַנדער	a n d ə ʁ
אָנדערטהאַלבן	ɔ n d ə ʁ t h a ɫ b n̩
אַנדערש	a n d ə ʁ ʃ
אָנהייב	ɔ n h ɛ ɪ̯ b
אָנהייבן	ɔ n h ɛ ɪ̯ b n̩
אָנוואַרעמען	ɔ n v a ʁ ə m ə n
אַנולירן	a n ʊ l ɪ ʁ n̩
אַנומלט	a n ʊ m ɫ̩ t
אַנונג	a n ʊ ŋ ɡ
אָנחזירן	ɔ n χ a z ə ʁ n̩
אָנטאָן	ɔ n t ɔ n
אַנטאַרקטיקע	a n t a ʁ k t ɪ k ə
אַנטוויקלער	a n t v ɪ k ɫ ə r
אָנטייל	ɔ n t ɛ ɪ̯ ɫ
אַנטילן	a n t ɪ ʎ n̩
אַנטימאָניום	a n t ɪ m ɔ n j ʊ m
אַנטיסעמיט	a n t ɪ s ɛ m ɪ t
אַנטיסעמיטיזם	a n t ɪ s ɜ m ɪ t ɪ z m̩
אַנטיסעמיטיזם	a n t ɪ s ɜ m ɪ t ɪ z ɜ m
אַנטפּלעקונג	a n t p ɫ ɛ k ʊ ŋ ɡ
אַנטפּלעקן	a n t p ɫ ɛ k ŋ̩
אַנטקעגנ־	a n t k ɛ ɡ n̩
אַנטקעגנאיבער	a n t k ɛ ɡ n̩ ɪ b ə r
אַנטקעגנשמייכלען	a n t k ɛ ɡ n̩ ʃ m ɛ ɪ̯ χ l ə n
אַנטראָפּאָלאָגיסט	a n t r ɔ p ɔ l ɔ ɡ ɪ s t
אַנטראָפּאָלאָגיע	a n t r ɔ p ɔ l ɔ ɡ j ə
אַנטראָפּאָלאָגיש	a n t r ɔ p ɔ l ɔ ɡ ɪ ʃ
אַנטראָפּאָמאָרפֿיזם	a n t r ɔ p ɔ m ɔ r f i z m
אַנטשולדיק	a n t ʃ ʊ ɫ d ɪ k
אַנטשולדיקט	a n t ʃ ʊ ɫ d ɪ k t
אַנטשולדיקן	a n t ʃ ʊ ɫ d ɪ k n̩
אַניז	a n ɪ z
אַנישט	a n ɪ ʃ t
אָנלאָדער	ɔ n ɫ ɔ d ə ʁ
אָנלײַן	ɔ n ɫ a ɪ̯ n
אָנלײַן	ɔ n ɫ a ɪ̯ n
אָנמיניק	ɔ n m ɪ n ɪ k
אָנפֿירן	ɔ n f ɪ ʁ n̩
אָנפֿירער	ɔ n f ɪ ʁ ə ʁ
אָנקומען	ɔ ŋ k ʊ m ə n
אָנקלאָג	ɔ n k ɫ ɔ ɡ
אָנקלאָגן	ɔ n k ɫ ɔ ɡ n̩
אָנרופֿן	ɔ n ʁ ʊ f n̩
אָנרײַסן	ɔ n r a ɪ̯ s n̩
אָנרירן	ɔ n ʁ ɪ ʁ n̩
אָנשיכּורן	ɔ n ʃ ɪ k ə ʁ ə n
אָסאָבע	ɔ s ɔ b ə
אַסאָציִיִרן	a s ɔ t͡s ɪ ɪ ʁ n̩
אסור	ɔ s ə ʁ
אסור	uː s ə ʁ
אַסותא	a s ʊ s ə
אַסותא	a s i s ə
אַסותא	ɔ s i s ə
אַסטראַכאַן	a s t ʁ a χ a n
אַסטראָנאָמיע	a s t ʁ ɔ n ɔ m ɪ ə
אַסיגנאַציע	a s ɪ ɡ n a t͡s j ə
אַספּיראַנט	a s p ɪ r a n t
אַספּיראַנטקע	a s p ɪ r a n t k ə
אַסרן	a s ə ʁ n̩
אסתּר	ɛ s t ə ʁ
אָפּ	ɔ p
אַפּאָלאָ	a p ɔ l ɔ
אָפּאָסום	ɔ p ɔ s ʊ m
אָפּבײַסן	ɔ p b a ɪ̯ s n̩
אָפּבערשטן	ɔ p b ɛ r ʃ t n̩
אַפֿגאַניסטאַן	a f ɡ a n ɪ s t a n
אָפּגעביסן	ɔ p ɡ ə b ɪ s n̩
אָפּדיכען	ɔ p d ɪ χ ə n
אָפּהאַלטן	ɔ p h a l t n̩
אָפּוואַלגערן	ɔ p v a l ɡ ɛ r n̩
אָפּוואַקסן	ɔ p v a k s n̩
אָפּזאָגן	ɔ p z ɔ ɡ ŋ̩
אַפֿילו	a f ɪ ɫ ə
אָפֿיס	ɔ f ɪ s
אָפֿיסן	ɔ f ɪ s n̩
אָפֿיציעל	ɔ f ɪ t͡s j ɛ ɫ
אַפֿיקומן	a f i k ɔ ɪ̯ m ə n
אַפֿיקומן	a f i k ɛ j m ə n
אַפּיקורס	a p ɪ k ɔ ɪ̯ ʁ ə s
אַפּל	a p ɫ̩
אָפּלאָזן	ɔ p ɫ ɔ z n̩
אָפּלייג	ɔ p l ɛ ɪ̯ ɡ
אָפּלייגן	ɔ p ɫ ɛ ɪ̯ ɡ ŋ̩
אָפּלייגעכץ	ɔ p ɫ ɛ ɪ̯ ɡ ə χ t͡s
אָפֿלײַן	ɔ f l a ɪ̯ n
אָפּלייקענונג	ɔ p ɫ ɛ ɪ̯ k ə n ʊ ŋ ɡ
אָפּלייקענונג	u p ɫ a ɪ̯ k ə n i ŋ k
אָפּלייקענונג	u p ɫ ɛ ɪ̯ k ə n ɨ ŋ ɡ
אָפּמשלען	ɔ p m ɔ ʃ l ə n
אָפּמשלען	uː p m uː ʃ l ə n
אָפּמשלען	u p m u ʃ l ə n
אָפֿן	ɔ f n̩
אַפֿע	a f ə
אַפּעל	a p ɛ ɫ
אַפֿענדל	a f ə n d ɫ̩
אַפֿענדל	a f n̩ d ɫ̩
אַפֿענע	a f ə n ə
אָפֿענעם	ɔ f ə n ə m
אָפּפֿלייץ	ɔ p f l e ɪ̯ t͡s
אָפּציע	ɔ p t͡s j ɜ
אָפּקילן	ɔ p k ɪ ɫ n̩
אָפּקלינגען	ɔ p k l ɪ ŋ ɡ ə n
אָפּקלינגען	ɔ p k l ɪ ŋ ɡ n̩
אַפֿראָדיטע	a f r ɔ d ɪ t ə
אָפּרופֿן	ɔ p r ʊ f n̩
אַפּריל	a p ʁ ɪ ʎ
אַפֿריקאַניש	a f ʁ ɪ k a n ɪ ʃ
אַפּריקאָס	a p r ɪ k ɔ s
אַפֿריקע	a f ʁ ɪ k ə
אָפּשטאַם	ɔ p ʃ t a m
אָפּשטאַמלינג	ɔ p ʃ t a m l ɪ n ɡ
אָפּשיקן	ɔ p ʃ ɪ k n̩
אָפּשיקער	ɔ p ʃ ɪ k ə ʁ
אָפּשיקערס	ɔ p ʃ ɪ k ə ʁ s
אָפּשפּרעכן	ɔ p ʃ p ʁ ɛ χ n̩
אפֿשר	ɛ f ʃ ə ʁ
אָפּשריפֿט	ɔ p ʃ r ɪ f t
אָפּשרעקן	ɔ p ʃ ʁ ɛ k n̩
אַקאַדעמיע	a k a d ɛ m ɪ j ə
אַקאַדעמיע	a k a d ɛ m j ə
אַקאַציע	a k a t͡s j ə
אַקוואַריום	a k v a r j ʊ m
אָקיי	ɔ k ɛ ɪ̯
אָקס	ɔ k s
אָקסיגען	ɔ k s ɪ ɡ ɛ n
אַקסל	a k s ɫ̩
אַקסלען	a k s ɫ̩ ə n
אָקסנפֿליג	ɔ k s n̩ f ʎ ɪ ɡ
אַקעגן	a k ɛ ɡ n̩
אַקער	a k ə ʁ
אַקצידענט	a k t͡s ɪ d ɛ n t
אַקציע	a k t͡s j ə
אַקצענט	a k t͡s ɛ n t
אָראַנג־אוטאַנג	ɔ ʁ a ŋ ɡ ʊ t a ŋ ɡ
אָראַנזש	ɔ ʁ a n ʒ
אַראָפּ	a ʁ ɔ p
אַראָפּגענומען	a ʁ ɔ p ɡ ə n ʊ m ə n
אַראָפּנעמען	a ʁ ɔ p n ɛ m ə n
אַראָפּפֿאַלן	a ʁ ɔ p f a ɫ n̩
אָראַקעל	ɔ ʁ a k ə ɫ
אַרבע־כּנפֿות	a ʁ b ə k a n f ə s
אַרבעטסלאָז	a ʁ b ɛ t s l ɔ z
אַרבעטער	a ʁ b ɛ t ə ʁ
אַרבעס	a ʁ b ə s
אַרגאָן	a ʁ ɡ ɔ n
אָרגאַן	ɔ ʁ ɡ a n
אָרגעל	ɔ ʁ ɡ ə ɫ
אַרגענטינע	a ʁ ɡ ɛ n t ɪ n ə
אַרוגולע	a r ʊ ɡ ʊ ɫ ə
אַרויס	a ʁ ɔ ɪ̯ s
אַרויסגאַנג	a ʁ ɔ ɪ̯ s ɡ a ŋ ɡ
אַרויסגיין	a ʁ ɔ ɪ̯ s ɡ ɛ ɪ̯ n
אַרויסגיין	a ʁ o ʊ̯ s ɡ a ɪ̯ n
אַרויסגעבן	a ʁ ɔ ɪ̯ s ɡ ɛ b n̩
אַרויסגעבער	a ʁ ɔ ɪ̯ s ɡ ɛ b ə ʁ
אַרויסגעבער	a ʁ o ʊ̯ s ɡ eː b ə ʁ
אַרויסגעבער	ɔ ʁ ʊ s ɡ i b ə ʁ
אַרויסציִען	a ʁ ɔ ɪ̯ s t͡s ɪ ə n
אַרויסציִען	a ʁ ɔ ʊ̯ s t͡s iː ə n
אַרויסציִען	a ʁ ɔ ʊ̯ s t͡s i ə n
אַרויף	a ʁ ɔ ɪ̯ f
אַרויף	a ʁ a f
אַרויף	a ʁ ɔ f
אַרויף	a r o ʊ̯ f
אַרום	a ʁ ʊ m
אַרום	a ʁ ɔ m
אַרומגיין	a ʁ ʊ m ɡ ɛ ɪ̯ n
אַרומנעמיק	a r ʊ m n ɛ m ɪ k
אַרומנעמען	a ʁ ʊ m n ɛ m ə n
אַרומנעמען	a ʁ ɪ m n e ɪ̯ m ə n
אַרומנעמען	a ʁ ɪ m n eː m ə n
אַרומנעמען	ɔ ʁ ɨ m n i m ɜ n
אַרומנעמען	ɔ ʁ ɨ m n ɛ ɪ̯ m ə n
אָרון	ɔ ʁ ə n
אָרון־קודש	ɔ ʁ ə n k ɔ ɪ̯ d ə ʃ
אַרט	a ʁ t
אָרט	ɔ ʁ t
אָרטאָלאַן	ɔ ʁ t ɔ ɫ a n
אַריבערפֿאָרן	a ʁ i b ə ʁ f ɔ ʁ n̩
אַריבערקריגן	a r ɪ b ə r k r ɪ ɡ n̩
אָריגאַן	ɔ r ɪ ɡ a n
אַריטמעטיק	a r ɪ t m ɛ t ɪ k
אַריטמעטיש	a r ɪ t m ɛ t ɪ ʃ
אַרײַנגאַנג	a ʁ a ɪ̯ n ɡ a ŋ ɡ
אַרײַנגיין	a ʁ a ɪ̯ n ɡ ɛ ɪ̯ n
אַרײַנוואַשעווען	a ʁ a ɪ̯ n v a ʃ ə v ə n
אַרײַנזעצן	a ʁ a ɪ̯ n z ɛ t͡s n̩
אַרײַנכאַפּן	a r a ɪ̯ n χ a p n̩
אַריכות	a ʁ ɪ χ ə s
אַריכת־יומים	a ʁ ɪ χ ə s j ɔ m ə m
אַריכת־יומים	a ʁ ɪ χ ə s j u m ə m
אַריסטאָקראַטיע	a r ɪ s t ɔ k r a t j ə
אַרכעאָלאָגיע	a r χ ɛ ɔ l ɔ ɡ j ə
אַרמברוסט	a ʁ m b ʁ ʊ s t
אַרמיי	a ʁ m ɛ ɪ̯
אַרמיי	a ʁ m e ɪ̯
אַרמיי	a ʁ m a ɪ̯
אָרניטאָגראַפֿיע	ɔ ʁ n ɪ t ɔ ɡ ʁ a f j ə
אָרניטאָלאָגיסט	ɔ ʁ n ɪ t ɔ ɫ ɔ ɡ ɪ s t
אָרניטאָלאָגיע	ɔ ʁ n ɪ t ɔ ɫ ɔ ɡ j ə
אַרסעניק	a ʁ s ɛ n ɪ k
אָרעם	ɔ ʁ ə m
אָרעמקייט	ɔ ʁ ə m k a ɪ̯ t
אַרץ	a r t͡s
אָרקעסטער	ɔ ʁ k ɛ s t ə ʁ
אש־להבֿה	ɛ ɪ̯ ʃ l ə h ɔ v ə
אש־להבֿה	a ɪ̯ ʃ l ə h u v ə
אש־להבֿהדיק	ɛ ɪ̯ ʃ l ə h ɔ v ə d ɪ k
אש־להבֿהדיק	a ɪ̯ ʃ l ə h u v ə d ɪ k
אשה	ɪ ʃ ə
אַשכּנזי	a ʃ k ə n a z i
אתרוג	ɛ s ʁ ə ɡ
אתרוגים	ɛ s ʁ ɔ ɪ̯ ɡ ə m
באַאײַנפֿלוסונג	b a a ɪ̯ n f ɫ ʊ s ʊ ŋ ɡ
באַאײַנפֿלוסן	b a a ɪ̯ n f ɫ ʊ s n̩
באָבע	b ɔ b ə
באָבע־מעשׂה	b ɔ b ə m a ɪ s ə
באָבע־מעשׂה	b ʊ b ə m a n s ə
באָבע־מעשׂה	b ʊ b ə m a s ə
באַבעלע	b a b ə ɫ ə
באָבקע	b ɔ p k ə
באָבקעס	b ɔ p k ə s
באַגנבֿענען	b a ɡ a n v ə n ə n
באַגריסן	b a ɡ ʁ ɪ s ə n
באָד	b ɔ d
באָד	b uː t
באָד	b u d
באַדויערונג	b a d ɔ ɪ̯ ə ʁ ʊ ŋ ɡ
באַדויערונג	b a d o ʊ̯ ə ʁ ɪ ŋ ɡ
באַדויערונג	b ɔ d ɔ ɪ̯ ə ʁ ɨ ŋ ɡ
באַדויערן	b a d ɔ ɪ̯ ə ʁ n̩
באַדויערן	b a d o ʊ̯ ə ʁ n̩
באַדויערן	b ɔ d ɔ ɪ̯ ə ʁ n̩
באָדן	b ɔ d n̩
באָדקאָסטום	b ɔ d k ɔ s t ʊ m
באַהאַלט	b a h a ɫ t
באַהאַלטן	b a h a ɫ t n̩
באַהאַלטסט	b a h a ɫ t s t
באַהאַרצט	b a h a ʁ t͡s t
באַהבֿה	b ə a h a v ə
באַהבֿה	b ə a h a v ə
באַהבֿה	b ə ə h a v ə
באַהבֿה	b ə a ɪ̯ v ə
באַחנט	b a χ ɛ ɪ̯ n t
באַטײַט	b a t a ɪ̯ t
באַטעמט	b a t a m t
באַלאַגאַן	b a ɫ a ɡ a n
באַלאַנגט	b a ɫ a ŋ k t
באַלאַנגען	b a ɫ a ŋ ɡ ə ŋ
באַלד	b a ɫ d
באַלויפֿונג	b a ɫ ɔ ɪ̯ f ʊ ŋ ɡ
באַלזאַם־יאָדלע	b a l z a m j ɔ d l ə
באַליבט	b a ɫ ɪ b t
באָלניצע	b ɔ ɫ n ɪ t s ə
באָלניצע	b ɔ ʎ n ɪ t s ə
באַלעבאַטיש	b a l ə b a t ɪ ʃ
באַלעבאַטיש	b a l ə b a t ɨ ʃ
באַלעבאַטעווען	b a l ə b a t ə v ə n
באַלקאָן	b a ɫ k ɔ n
באָמאָז	b ɔ m ɔ z
באָמאָז	b ɔ m ɔ s
באַמבוק	b a m b ʊ k
באַמוטשונג	b a m ʊ t͡ʃ ʊ ŋ ɡ
באַמיע	b a m j ə
באַמערקן	b a m ɛ ʁ k n̩
באמת	b ə ɛ m ə s
באַן	b a n
באַנאַל	b a n a ɫ
באַנאַל	b a n a ʎ
באַנאַנע	b a n a n ə
באַנד	b a n d
באַנײַען	b a n a ɪ̯ ə n
באַניצן	b a n ɪ t͡s n̩
באַניצער	b a n ɪ t͡s ɜ r
באַנק	b a ŋ k
באַנקאָמאַט	b a ŋ k ɔ m a t
באַנקראָט	b a n k ʁ ɔ t
באַסיין	b a s ɛ ɪ̯ n
באַעוולען	b a a v l ə n
באַפֿעלקערונג	b a f ɛ ɫ k ə r ʊ ŋ
באַפֿרײַ	b a f ʁ a ɪ̯
באַפֿרײַט	b a f ʁ a ɪ̯ t
באַפֿרײַנדן	b a f ʁ a ɪ̯ n d n̩
באַפֿרײַנדן	b a f ʁ aː n d n̩
באַפֿרײַנדן	b a f ʁ a n d n̩
באַפֿרײַען	b a f ʁ a ɪ̯ ə n
באָץ	b ɔ t͡s
באַצאָל	b a t͡s a ɫ
באָק	b ɔ k
באַקאַליי	b a k a l ɛ ɪ̯
באַקאַנט	b a k a n t
באַקוועם	b a k v ɛ m
באַקום	b a k ʊ m
באַקומט	b a k ʊ m t
באַקומען	b a k ʊ m ə n
באַקומער	b a k ʊ m ə ʁ
באַקומערס	b a k ʊ m ə ʁ s
באַקלאַוואַ	b a k ɫ a v a
באַקן	b a k n̩
באַקסאָדע	b a k s ɔ d ə
באַקענען	b a k ɛ n ə n
באָר	b ɔ ʁ
באַראַבאַן	b a ʁ a b a n
באַראַנאָוויטש	b a r a n ɔ v ɪ t͡ʃ
באַרגיק	b a ʁ ɡ ɪ k
באַריין	b a ʁ ɛ ɪ̯ n
באַריכט	b a r ɪ χ t
באַריער	b a r ɪ j ɛ r
באַריער	b a r j ɛ r
באַרן	b a ʁ n̩
באַרעכטיקט	b a r e χ t ɪ k t
באַשטיין	b a ʃ t e ɪ n
באַשטיין	b a ʃ t æ i n
באַשטיין	b a ʃ t a i n
באַשטיין	b a ʃ t e i n
באַשטעלונג	b a ʃ t ɛ ɫ ʊ ŋ ɡ
באַשטעלט	b a ʃ t ɛ ɫ t
באַשטעלן	b a ʃ t ɛ ɫ n̩
באַשטערנדלען	b a ʃ t ɛ r n d ɫ ə n
באַשיידן	b a ʃ ɛ ɪ̯ d n̩
באַשיינען	b a ʃ ɛ ɪ̯ n ə n
באַשיינען	b a ʃ a ɪ̯ n ə n
באַשמוצן	b a ʃ m ʊ t͡s n̩
באַשערט	b a ʃ ɛ ʁ t
באשר	b a n ʃ ə ʁ
באשר	b a ʃ ə ʁ
באַשרײַבונג	b a ʃ r a ɪ̯ b ʊ n ɡ
באַשרײַבונג	b a ʃ r aː b ɪ n ɡ
בדחן	b a d χ ə n
בדלות	b ə d a ɫ ə s
בהמה	b ə h ɛ ɪ̯ m ə
בודקע	b ʊ d k ə
בוהײַ	b u h a ɪ̯
בוטערבראָד	b ʊ t ə r b r ɔ d
בוטערבראָד	b ʊ t ə r b r ɔ t
בוי	b ɔ ɪ̯
בוּיאַן	b ʊ j a n
בויט	b ɔ ɪ̯ t
בוים	b ɔ ɪ̯ m
בוים־מאַרדער	b ɔ ɪ̯ m m a ʁ d ə ʁ
בויען	b ɔ ɪ̯ ə n
בוכוואַץ	b ʊ χ v a t͡s
בוכווייץ	b ʊ χ v ɛ ɪ̯ t͡s
בוכטשע	b ʊ χ t͡ʃ ə
בולט	b ɔ ɪ̯ l ə t
בולט	b e ɪ̯ l ə t
בוליאָן	b ʊ ʎ ɔ n
בולקע	b ʊ ɫ k ə
בונט	b ʊ n t
בונטעווען	b ʊ n t ə v ə n
בורא־עולם	b ɔ ɪ̯ ʁ ə ɔ ɪ̯ l ə m
בורא־עולם	b e ɪ̯ ʁ ə e ɪ̯ l ə m
בורבאָן	b ʊ r b ɔ n
בוש	b ʊ ʃ
בוש־ראַץ	b ʊ ʃ ʁ a t͡s
בושה	b ʊ ʃ ə
בושל	b ʊ ʃ ɫ̩
בזיון	b ə z ɔ ɪ̯ ə n
בחור	b ɔ χ ə ʁ
בחור	b u χ ə ʁ
בחורווײַז	b ɔ χ ə ʁ v a ɪ̯ z
בחורים	b ɔ χ ɛ ʁ ə m
בחינה	p χ ɪ n ə
בחינם	b ɜ χ ɪ n ɜ m
בחרם	b ə χ ɛ ɪ̯ ʁ ə m
בטוח	b ə t ʊ ə χ
בטחון	b ə t ɔ χ n̩
ביאָלאָגיע	b j ɔ ɫ ɔ ɡ j ə
ביאַלי	b j a ɫ ɪ
ביבל	b ɪ b ɫ̩
ביבליאָטעק	b ɪ b ʎ j ɔ t ɛ k
ביוקר	b ə j ɔ ɪ̯ k ə ʁ
ביוקר	b ə j e ɪ̯ k ə ʁ
ביוראָ	b j ʊ ʁ ɔ
ביוש	b ɪ j ə ʃ
ביז	b ɪ z
ביז	b ɨ z
ביטומען	b ɪ t ʊ m ə n
ביטל	b ɪ t ɫ̩
ביטל	b iː t ɫ̩
ביטע	b ɪ t ə
ביטקוין	b ɪ t k ɔ ɪ̯ n
בייגל	b ɛ ɪ̯ ɡ ɫ̩
בייגל	b a ɪ̯ ɡ ɫ̩
ביידע	b ɛ ɪ̯ d ə
בײַוואַלן	b a ɪ̯ v a ɫ n̩
בייז	b ɛ ɪ̯ z
בײַזײַן	b a ɪ̯ z a ɪ̯ n
בײַטאָג	b a ɪ̯ t ɔ ɡ
בײַטל	b a ɪ̯ t ɫ̩
בײַטלען	b a ɪ̯ t l̩ n
בײַכער	b a ɪ̯ χ ə ʁ
ביימל	b ɛ ɪ̯ m ɫ̩
ביימל־ראַץ	b ɛ ɪ̯ m ɫ̩ ʁ a t͡s
ביין	b ɛ ɪ̯ n
בײַנאַכט	b a ɪ̯ n a χ t
ביינדל	b ɛ ɪ̯ n d ɫ̩
ביינער	b ɛ ɪ̯ n ə ʁ
בייסבאָל	b ɛ ɪ̯ s b ɔ l
בײַסט	b a ɪ̯ s t
בײַסן	b a ɪ̯ s n̩
בײַקומען	b a ɪ̯ k ʊ m ə n
בײַקע	b a ɪ̯ k ə
בײַשטײַערונג	b a ɪ̯ ʃ t a ɪ̯ ə ʁ ʊ ŋ ɡ
בײַשטײַערן	b a ɪ̯ ʃ t a ɪ̯ ə ʁ n̩
ביליאָן	b ɪ l j ɔ n
ביליק	b ɪ ɫ ɪ k
ביליק	b ɪ ɫ ɪ ɡ
בילן	b ɪ ɫ n̩
בילסט	b ɪ ɫ s t
בילעט	b ɪ ʎ ɛ t
בין	b ɪ n
בין	b iː n
בין	b ɪ n
בין	b i n
בין	b ɨ n
בין־השמשות	b ɛ ɪ̯ n h a ʃ m ɔ ʃ ə s
בין־השמשות	b ɛ ɪ̯ n a ʃ m ɔ ʃ ə s
בינסט	b ɪ n s t
ביס	b ɪ s
ביסל	b ɪ s ɫ̩
ביסלעכווײַז	b ɪ s ɫ ə χ v a ɪ̯ z
ביפֿסטייק	b iː f s t ɛ ɪ̯ k
ביפֿסטייק	b i f s t ɛ ɪ̯ k
ביצה	b ɛ ɪ̯ t͡s ə
ביציקל	b ɪ t͡s ɪ k ɫ̩
ביקס	b ɪ k s
ביר	b ɪ ʁ
בירגערמײַסטער	b ɪ r ɡ ə r m a ɪ̯ s t ə r
בירזשע	b ɪ r ʒ ə
בית	b ɛ ɪ̯ s
בית	b a ɪ̯ s
בית־דין	b ɛ z d n̩
בית־דין	b ɛ z n̩
בית־דין	b e ɪ̯ z d ɪ n
בית־דין	b a ɪ̯ z d ɪ n
בית־דין	b ɛ ɪ̯ z d ɨ n
בית־הכּנסת	b ɛ ɪ̯ s a k n ɛ s ə s
בית־הכּסא	b ɛ ɪ̯ s h a k ɪ s ə
בית־הכּסא	b ɛ ɪ̯ s a k ɪ s ə
בית־הקבֿרות	b ɛ ɪ̯ s a k v ɔ ʁ ə s
בית־הקבֿרות	b e ɪ̯ s a k v ɔ ʁ ə s
בית־הקבֿרות	b a ɪ̯ s a k v uː ʁ ə s
בית־הקבֿרות	b ɛ ɪ̯ s a k v u ʁ ə s
בית־מדרש	b ə s m ɛ d ʁ ə ʃ
בכּבֿוד	b ə k ɔ v ə d
בכּבֿוד	b ə k ʊ v ə d
בכּבֿודיק	b ə k ɔ v ə d ɪ k
בכּבֿודיק	b ə k u v ə d ɪ k
בכור	b χ ɔ ʁ
בכור	p χ ɔ ʁ
בכלל	b ɪ χ ɫ a ɫ
בלאָבלאַט־אַקאַציע	b l ɔ b l a t a k a t͡s j ə
בלאַט	b ɫ a t
בלאַט־אינזעקט	b ɫ a t ɪ n z ɛ k t
בלאָנדזשען	b ɫ ɔ n d͡ʒ ə n
בלוט	b ɫ ʊ t
בלוט	b ɫ uː t
בלוט	b ɫ iː t
בלוט	b ɫ ɨ t
בלוטיק	b ɫ ʊ t ɪ k
בלוטיקט	b ɫ ʊ t ɪ k t
בלוטיקן	b ɫ ʊ t ɪ k n̩
בלוטיקסט	b ɫ ʊ t ɪ k s t
בלוי	b ɫ ɔ ɪ̯
בלוי	b ɫ ɔ
בלוי	b ɫ oː
בלוי	b ɫ o ʊ̯
בלוי	b ɫ o ʊ̯
בלוי	b ɫ ɔ ɪ̯
בלויען	b l ɔ ɪ̯ ə n
בלויען	b l ɔ ə n
בלויען	b l ɔ ʊ̯ ə n
בלום	b ɫ ʊ m
בליאַסקען	b ʎ a s k ə n
בלײַ	b l a ɪ̯
בלײַ	b l aː
בלײַ	b l a
בלײַב	b ɫ a ɪ̯ b
בלײַבן	b ɫ a ɪ̯ b n̩
בלײַער	b ɫ a ɪ̯ ə ʁ
בליץ	b ʎ ɪ t͡s
בליצבריוו	b ʎ ɪ t͡s b ʁ ɪ v
בליציק	b l ɪ t͡s ɪ k
בליציק	b l ɨ t͡s ɨ k
בליצמיסט	b ʎ ɪ t͡s m ɪ s t
בליצפּאָסט	b ʎ ɪ t͡s p ɔ s t
בלישטשען	b l ɪ ʃ t͡ʃ ə n
בלעטל	b ɫ ɛ t ɫ̩
בלעך	b l ɛ χ
בלעכער	b ɫ ɛ χ ə ʁ
בן־נח	b ɛ n n ɔ ɪ̯ ə χ
בן־עיר	b ə n ɪ ʁ
בן־תּורה	b ɛ n t ɔ ɪ̯ ʁ ə
בן־תּורה	b ɛ n t e ɪ̯ ʁ ə
בנין	b ɪ n j ə n
בנינים	b ɪ n j ɔ n ɪ m
בסך־הכּל	b ə s a χ a k l̩
בעבל	b ɛ b ɫ̩
בעזבאָזשניק	b ɛ z b ɔ ʒ n ɪ k
בעזעם	b ɛ z ə m
בעט	b ɛ t
בעט	b ɛ t
בעטאָן	b ə t ɔ n
בעטטישל	b ɛ t t ɪ ʃ ɫ̩
בעטן	b ɛ t n̩
בעטן	b ɛ t n̩
בעכער	b ɛ χ ɛ ɾ
בעל	b a l
בעל־אַבֿידה	b a l a v ɛ ɪ̯ d ə
בעל־דרך־ארץ	b a l d ɛ r ə χ ɛ r ə t͡s
בעל־דרך־ארץ	b a l d ɛ r χ ɛ r ə t͡s
בעל־דרך־ארץ	b a l d ɛ r ə χ ɛ ɪ̯ r ə t͡s
בעל־דרך־ארץ	b a l d ɛ r χ ɛ ɪ̯ r ə t͡s
בעל־הבית	b a ɫ ə b ɔ s
בעל־חובֿ	b a l χ ɔ ɪ̯ v
בעל־חובֿ	b a l χ e ɪ̯ v
בעל־חי	b a ɫ χ a ɪ̯
בעל־חלומות	b a l χ a l ɔ ɪ̯ m ə s
בעל־חלומות	b a l χ a l e ɪ̯ m ə s
בעל־יועץ	b a ʎ ɔ ɪ̯ ə t͡s
בעל־יועץ	b a ʎ e ɪ̯ ə t͡s
בעל־יועץ	b a ʎ ɔ ɪ̯ ə t͡s
בעל־יועץ	b ɔ ʎ ɔ ɪ̯ ə t͡s
בעל־מיצווה	b a l m ɪ t͡s v ə
בעל־מלאָכה	b a l m ə l ɔ χ ə
בעל־מלאָכה	b a l m ə l u χ ə
בעל־נצחון	b a l n ɪ t͡s ɔ χ n̩
בעל־נצחון	b a l n ɪ t͡s u χ n̩
בעל־תּנ״ך	b a l t a n a χ
בעל־תּשובֿה	b a ɫ t͡ʃ ʊ v ə
בעלאַדאָנאַ	b ɛ ɫ a d ɔ n a
בעלז	b ɛ ɫ z
בעלי־בתּים	b a ɫ ə b a t ə m
בעלמע	b ɛ l m ɛ
בעלעטאַזש	b ɛ ʎ ɛ t a ʒ
בעלעטאַזש	b ɛ ɫ ɛ t a ʒ
בענדין	b ə n d ɪ n
בענזאָל	b ɛ n z ɔ ɫ
בענזאָל	b ə n z ɔ ɫ
בענזין	b ɛ n z i n
בענזין	b ɛ n z ɪ n
בענכל	b ɛ n χ ɫ̩
בענכל	b eː n χ ɫ̩
בענק	b ɛ ŋ k
בענקל	b ɛ ŋ k ɫ̩
בענקלעך	b ɛ ŋ k ɫ ə x
בעסער	b ɛ s ə ʁ
בעצם	b ɛ t͡s m̩
בעקן	b ɛ k ŋ̩
בעקען	b ɛ k ə n
בעקער	b ɛ k ə ʁ
בערגל	b ɛ ʁ ɡ ɫ̩
בערזע	b ɛ r z ə
בערטע	b ɛ r t ə
בעריליום	b ɛ ʁ ɪ l j ʊ m
בעריליום	b ə ʁ ɪ l j ʊ m
בערך	b ɛ ɛ ʀ ɛ x
בערן	b ɛ ʁ n̩
בעת־מעשׂה	b ɛ ɪ̯ s m a ɪ̯ s ə
בעת־מעשׂה	b e ɪ̯ s m a ɪ̯ s ə
בעת־מעשׂה	b a ɪ̯ s m aː s ə
בעת־מעשׂה	b a ɪ̯ s m a n s ə
בעת־מעשׂה	b ɛ ɪ̯ s m a n s ə
בעת־מעשׂה	b ɛ ɪ̯ s m a s ə
בפֿירוש	b ə f ɛ ɪ̯ ʁ ə ʃ
בפֿירוש	b ə f a ɪ̯ ʁ ə ʃ
בקיצור	b ə k ɪ t͡s ə ʁ
בקריעת־ים־סוף	b ə k ʁ ɪ j ə s j a m s ʊ f
בר־מינן	b a ʁ m ə n ə n
בר־מיצווה	b a ʁ m ɪ t͡s v ə
בר־מיצווה־בחור	b a ʁ m ɪ t͡s v ə b ɔ χ ə ʁ
בר־מיצווה־בחור	b a ʁ m ɪ t͡s v ə b u χ ə ʁ
בראַוואָ	b r a v ɔ
בראָטן	b ʁ ɔ t n̩
בראָך	b ʁ ɔ χ
בראָם	b ʁ ɔ m
בראָנדז	b ʁ ɔ n d͡z
בראָנטש	b r ɔ n t͡ʃ
בראָנטש	b r ʌ n t͡ʃ
בראָנפֿן	b ʁ o n f ɱ̩
בראַסלעוו	b r a s ɫ ə v
בראָקאָלי	b r ɔ k ɔ ʎ ɪ
בראשית	b ʁ ɛ ɪ̯ ʃ ə s
בראשית	b ʁ e ɪ̯ ʃ ə s
בראשית	b ʁ a ɪ̯ ʃ ə s
בראשיתדיק	b ʁ ɛ ɪ̯ ʃ ə s d ɪ k
בראשיתדיק	b ʁ e ɪ̯ ʃ ə s d ɪ k
בראשיתדיק	b ʁ a ɪ̯ ʃ ə s d ɪ k
בראשיתדיק	b ʁ ɛ ɪ̯ ʃ ə s d ɨ k
ברודער	b ʁ ʊ d ə ʁ
ברודער	b ʁ uː d ə ʁ
ברודער	b ʁ iː d ə ʁ
ברודער	b ʁ ɨ d ə ʁ
ברויט	b r ɔ ɪ̯ t
ברוין	b ʁ ɔ ɪ̯ n
ברוין	b ʁ o ʊ̯ n
ברוך	b ɔ ʁ ɛ χ
ברוך	b u ʁ ə χ
ברוך־הבא	b ɔ r ə χ a b ə
ברוך־הבא	b ɔ r χ a b ə
ברוך־הבא	b ɔ r ə χ a b ɔ
ברוך־הבא	b ʊ r ə χ a b ʊ
ברוק	b r ʊ k
ברידערשאַפֿט	b ʁ ɪ d ə ʁ ʃ a f t
בריה	b ɪ ʁ j ə
בריהן	b ɛ ʁ j ə n
בריווטרעגער	b ʁ ɪ v t ʁ ɛ ɡ ə ʁ
בריווטרעגער	b ʁ iː v t ʁ ɛ ɡ ə ʁ
בריווטרעגער	b ʁ i v t ʁ ɛ ɡ ə ʁ
בריוון	b ʁ ɪ v n̩
בריטווע	b ʁ ɪ t v ə
בריטיש	b ʁ ɪ t ɪ ʃ
ברייזל	b r ɛ ɪ̯ z ɫ̩
ברייט	b r ɛ ɪ̯ t
ברייטער	b r ɛ ɪ̯ t ɜ r
ברילן	b ʁ ɪ ɫ n̩
בריסק	b r ɪ s k
בריק	b ʁ ɪ k
ברכה	b ʁ ɔ χ ə
ברכות	b ʁ ɔ χ ə s
ברעג	b ʁ ɛ ɡ
ברעט	b r ɛ t
ברעכער	b ʁ ɛ χ ə ʁ
ברענגען	b ʁ ɛ ŋ ɡ ə n
ברענט	b ʁ ɛ n t
ברענען	b ʁ ɛ n ə n
בשׂורה	p s ʊ ʁ ə
בשעת	b ə ʃ a s
בשעת	b ə ʃ aː s
בת־יענה	b a s j a ɪ̯ n ə
בת־ישׂראל	b a s j ɪ s ʁ ɔ ə ɫ
בת־מיצווה	b a s m ɪ t͡s v ə
בתולה	p s ʊ ɫ ə
בתּכלית	b ə t a χ l ə s
גאווה	ɡ a j v ɛ
גאולה	ɡ ə ʊ ɫ ə
גאָון	ɡ ɔ ə n
גאָון	ɡ u ə n
גאונים	ɡ ə ɔ ɪ n ə m
גאונים	ɡ ə ɛ ɪ n ə m
גאונים	ɡ ə ɔ ɪ n ə m
גאָט	ɡ ɔ t
גאַטקעס	ɡ a t k ə s
גאַלאָן	ɡ a ɫ ɔ n
גאָלד	ɡ ɔ ɫ d
גאָלדשמיד	ɡ ɔ ɫ d ʃ m ɪ d
גאַליום	ɡ a l j ʊ m
גאַליציאַניש	ɡ a l ɪ t͡s j a n ɪ ʃ
גאַליציאַנער	ɡ a l ɪ t͡s j a n ə r
גאַליציע	ɡ a l ɪ t͡s ɪ j ə
גאַליציע	ɡ a l ɪ t͡s j ə
גאַליציש	ɡ a l ɪ t͡s ɪ ʃ
גאָלמעסער	ɡ ɔ ɫ m ɛ s ə ʁ
גאָלן	ɡ ɔ ɫ n̩
גאָלקרעם	ɡ ɔ l k ʁ e m
גאָמבע	ɡ ɔ m b ə
גאַנדז	ɡ a n d͡z
גאַנץ	ɡ a n t͡s
גאַס	ɡ a s
גאַסט	ɡ a s t
גאַסטראָנאָמיע	ɡ a s t r ɔ n ɔ m j ə
גאָפּל	ɡ ɔ p ɫ̩
גאָר	ɡ ɔ ʁ
גאָר	ɡ u ʁ
גאַרטל	ɡ a ʁ t ɫ̩
גאָרטשיצע	ɡ ɔ r t͡ʃ ɪ t͡s ə
גאָרילע	ɡ o ʁ ɪ ɫ ə
גאָרן	ɡ ɔ ʁ n
גבֿול	ɡ v ʊ ɫ
גבֿול	ɡ v ɪ ɫ
גבֿול	ɡ v ɨ ɫ
גבֿיר	ɡ v ɪ ʁ
גבֿיר	ɡ v ɪ ʁ
גבֿיר	ɡ ə v ɪ ʁ
גבֿיר	ɡ v iː ʁ
גבֿיר	ɡ ə v iː ʁ
גבֿיר	ɡ v i ʁ
גבֿיר	ɡ ə v i ʁ
גבֿירימשאַפֿט	ɡ v iː r ɪ m ʃ a f t
גדול־הדור	ɡ ɔ d ɫ̩ h a d ɔ ʁ
גדול־הדור	ɡ ɔ d ɫ̩ a d ɔ ʁ
גדול־הדור	ɡ uː d ɫ̩ h a d ɔ r
גדול־הדור	ɡ uː d ɫ̩ a d ɔ r
גדלן	ɡ a d l ə n
גואַקאַמאָלע	ɡ u a k a m ɔ ɫ ə
גואַש	ɡ ʊ a ʃ
גוגל	ɡ ʊ ɡ ɫ̩
גוגלען	ɡ ʊ ɡ ɫ ə n
גוואָזדיקע	ɡ v ɔ z d ɪ k ə
גוואָזדיקע	ɡ v ɔ z d i k ə
גוזמא	ɡ ʊ z m ə
גוזמא	ɡ ɪ z m ə
גוזמא	ɡ ɨ z m ə
גוזמאדיק	ɡ ʊ z m ə d ɪ k
גוזמאדיק	ɡ ɪ z m ə d ɪ k
גוזמאדיק	ɡ ɨ z m ə d ɪ k
גוזמאדיקייט	ɡ ʊ z m ə d ɪ k a ɪ̯ t
גוזמאדיקייט	ɡ ɪ z m ə d ɪ k a ɪ̯ t
גוזמאדיקייט	ɡ ɨ z m ə d ɪ k a ɪ̯ t
גוט־וואָך	ɡ ʊ t v ɔ χ
גוט־עלעף	ɡ ʊ t ɛ ɫ ə f
גוט־שבת	ɡ ʊ t ʃ a b ə s
גוטהאַרציק	ɡ ʊ t h a r t͡s ɪ k
גוי	ɡ ɔ ɪ̯
גוי	ɡ ɔː
גולם	ɡ ɔ ɪ̯ l ə m
גולם	ɡ e ɪ̯ l ə m
גולמען	ɡ ɔ ɪ̯ l ə m ə n
גולמען	ɡ e ɪ̯ l ə m ə n
גומי	ɡ ʊ m ɪ
גומען	ɡ ʊ m ə n
גופֿה	ɡ ʊ f ə
גופֿה	ɡ iː f ə
גופֿה	ɡ i f ə
גזלן	ɡ a z ɫ ə n
גזלעווויסטווע	ɡ a z ɫ ə v ɔ ɪ̯ s t v ə
גזלעווויע	ɡ a z ɫ ə v ɔ ɪ̯ ə
גזר־דין	ɡ z a ʁ d ɪ n
גט	ɡ ɛ t
גיב	ɡ ɪ b
גיהנום	ɡ ɛ n ə m
גיהנום	ɡ ə h ɛ n ə m
גיטאַר	ɡ ɪ t a ʁ
גיטאַרע	ɡ ɪ t a r ə
גיי	ɡ ɛ ɪ̯
גיי	ɡ a ɪ̯
גיי	ɡ ɛ ɪ̯
גיין	ɡ ɛ ɪ̯ n
גײַסענען	ɡ a ɪ̯ s ə n ə n
גיכשפּײַז	ɡ ɪ χ ʃ p a ɪ̯ z
גילטיק	ɡ ɪ l t ɪ k
גילטן	ɡ ɪ l t n̩
גיליאָטין	ɡ ɪ ʎ j ɔ t ɪ n
גימנאַסטיק	ɡ ɪ m n a s t ɪ k
גינען	ɡ ɪ n ə n
גיריק	ɡ ɪ r ɪ k
גלאָז	ɡ ɫ ɔ z
גלוטען	ɡ ɫ ʊ t ə n
גלח	ɡ a ɫ ə χ
גליאַנדער	ɡ ʎ a n d ə r
גליווער	ɡ ʎ ɪ v ə r
גליווערן	ɡ ʎ ɪ v ə r n̩
גליטשן	ɡ ɫ ɪ t͡ʃ n̩
גלײַך	ɡ ɫ a ɪ̯ χ
גלײַך	ɡ ɫ aː χ
גלײַך	ɡ ɫ a χ
גם־אתּם	ɡ a m a t ə m
גמרא	ɡ ə m ɔ ʁ ə
גמרא	ɡ ə m ɔ ʁ ə
גמרא	ɡ m ɔ ʁ ə
גמרא	ɡ ə m uː ʁ ə
גמרא	ɡ m uː ʁ ə
גמרא	ɡ ə m u ʁ ə
גמרא	ɡ m u ʁ ə
גן־עדן	ɡ a n ‿ ɛ ɪ̯ d n̩
גן־עדן	ɡ a n ‿ e ɪ̯ d n̩
גן־עדן	ɡ a n ‿ e ɪ̯ d ə m
גן־עדן	ɡ a n ‿ a ɪ̯ d n̩
גן־עדן	ɡ a n ‿ a ɪ̯ d ə m
גנאַי	ɡ n a ɪ̯
גנאַייִק	ɡ n a ɪ̯ ɪ k
גנבֿ	ɡ a n ə f
גנבֿ	ɡ a n ə v
גנבֿענען	ɡ a n v ə n ə n
געאײַל	ɡ ə a ɪ̯ l
געאײַל	ɡ ə aː l
געאײַל	ɡ ə a l
געבורטסטאָג	ɡ ə b ʊ ʁ t s t ɔ ɡ
געבליבן	ɡ ə b ʎ ɪ b n̩
געבן	ɡ ɛ b n̩
געבן	ɡ e ɪ̯ b n̩
געבעטן	ɡ ə b ɛ t n̩
געבעקס	ɡ ə b ɛ k s
געגאַנגען	ɡ ə ɡ a ŋ ɡ ə n
געגנט	ɡ ɛ ɡ n̩ t
געגעבן	ɡ ə ɡ ɛ b n̩
געגעסן	ɡ ə ɡ ɛ s n̩
געדויערן	ɡ ə d ɔ ɪ̯ ə ʁ n
געדויערן	ɡ ə d o ʊ̯ ə ʁ n
געהילף	ɡ ə h ɪ ɫ f
געהילפֿן	ɡ ə h ɪ ɫ f n̩
געהערן	ɡ ə h ɛ ʁ n̩
געוואַרט	ɡ ə v a ʁ t
געוווינען	ɡ ə v ɔ ɪ̯ n ə n
געוווינען	ɡ ə v e ɪ̯ n ə n
געוויין	ɡ ə v ɛ ɪ̯ n
געוויינט	ɡ ə v ɛ ɪ̯ n t
געוויינען	ɡ ə v ɛ ɪ̯ n ə n
געוויס	ɡ ə v ɪ s
געוויקס	ɡ ə v ɪ k s
געווען	ɡ ə v ɛ n
געווען	ɡ ə v eː n
געווען	ɡ ə v e ɪ̯ n
געווער	ɡ ɜ v ɛ r
געזאָגט	ɡ ə z ɔ k t
געזאָגט	ɡ ə z u k t
געזאָגט	ɡ ə z ʊ k t
געזשאַווערט	ɡ ə ʒ a v ə ʁ t
געטאָן	ɡ ə t ɔ n
געטיילט	ɡ ə t ɛ ɪ̯ ɫ t
געטראַנק	ɡ ə t ʁ a ŋ k
געטראַנקן	ɡ ə t ʁ a ŋ k n̩
געטרויען	ɡ ə t r ɔ ɪ̯ ə n
געל	ɡ ɛ ɫ
געלאָפֿן	ɡ ə ɫ ɔ f n̩
געלב	ɡ ɛ ɫ b
געלט	ɡ ɛ ɫ t
געלייגט	ɡ ə ɫ ɛ ɪ̯ k t
געלינקט	ɡ ə ʎ ɪ ŋ k t
געלעבט	ɡ ə ɫ ɛ p t
געמאַכט	ɡ ə m a χ t
געמזע	ɡ ɛ m z ə
געמיט	ɡ ə m ɪ t
געמיין	ɡ ə m ɛ ɪ̯ n
געמיין	ɡ ə m a ɪ̯ n
געמיינדע	ɡ e m ɛ ɪ̯ n d ə
געמיינדע	ɡ ə m a ɪ̯ n d ə
געמײַנדע	ɡ e m a ɪ̯ n d ə
געמײַנדע	ɡ ə m aː n d ə
געמיינזאַם	ɡ ə m ɛ ɪ̯ n z a m
געמיינזאַם	ɡ ə m a ɪ̯ n z a m
געמיינשאַפֿט	ɡ ə m ɛ ɪ̯ n ʃ a f t
געמיינשאַפֿט	ɡ ə m a ɪ̯ n ʃ a f t
געמיש	ɡ ə m ɪ ʃ
געמיש	ɡ ə m ɨ ʃ
גענדזל	ɡ ɛ n d͡z ɫ̩
גענוג	ɡ ə n ʊ ɡ
גענוי	ɡ ə n ɔ ɪ̯
גענומען	ɡ ə n ʊ m ə n
געסט	ɡ ɛ s t
געסטאַפּאָוועץ	ɡ ə s t a p ɔ v ə t͡s
געסרחה	ɡ ə s ʁ ɔ χ ə
געפֿונען	ɡ ə f ʊ n ə n
געפֿינט	ɡ ə f ɪ n t
געפֿינען	ɡ ə f ɪ n ə n
געפּלאַנט	ɡ ə p l a n t
געפֿעלט	ɡ ə f ɛ ɫ t
געפֿעלן	ɡ ə f ɛ ɫ n̩
געפֿערלעך	ɡ ə f ɛ ʁ ɫ ə χ
געפּרעגלעכץ	ɡ ə p r ɛ ɡ ɫ ə χ t͡s
געצעלט	ɡ ə t͡s ɛ ɫ t
געקענט	ɡ ə k ɛ n t
געקראָכן	ɡ ə k ʁ ɔ χ n̩
גערמאַניום	ɡ ɛ ʁ m a n j ʊ m
גערעגנט	ɡ ə ʁ ɛ ɡ n̩ t
גערעכנט	ɡ ə ʁ ɛ χ n̩ t
געשוואָלן	ɡ ə ʃ v ɔ ɫ n̩
געשוויסטער	ɡ ə ʃ v ɪ s t ə ʁ
געשטאַלט	ɡ ɜ ʃ t a l t
געשטאָרבן	ɡ ə ʃ t ɔ ʁ b n̩
געשטונקען	ɡ ə ʃ t ʊ ŋ k ə n
געשײַנט	ɡ ə ʃ a ɪ̯ n t
געשיכטע	ɡ ɜ ʃ ɪ χ t ɜ
געשיר	ɡ ə ʃ ɪ ʁ
געשיר	ɡ ə ʃ iː ʁ
געשלעג	ɡ ə ʃ ɫ ɛ ɡ
געשמאַק	ɡ ə ʃ m a k
געשמאַקע	ɡ ə ʃ m a k ə
געשנייט	ɡ ə ʃ n ɛ ɪ̯ t
געשעט	ɡ ə ʃ ɛ t
געשען	ɡ ə ʃ ɛ n
געשעפֿט	ɡ ə ʃ ɛ f t
גראַבליעווען	ɡ r a b ʎ ə v ə n
גראַגער	ɡ ʁ a ɡ ə ʁ
גראַד	ɡ ʁ a d
גראָד	ɡ ʁ ɔ d
גראָדנע	ɡ r ɔ d n ə
גראַמאַטיק	ɡ ʁ a m a t ɪ k
גראַניט	ɡ r a n ɪ t
גראַץ	ɡ ʁ a t͡s
גרוזיע	ɡ ʁ ʊ z j ə
גרוי	ɡ r ɔ ɪ̯
גרוי	ɡ r ɔ
גרוי	ɡ r o ʊ̯
גרוי	ɡ r oː
גרוי	ɡ r o ʊ̯
גרוי	ɡ r ɔ ɪ̯
גרויס	ɡ r ɔ ɪ̯ s
גרויסהערצאָג	ɡ r ɔ ɪ̯ s h ɛ ʁ t͡s ɔ ɡ
גרויסהערצאָגשאַפֿט	ɡ r ɔ ɪ̯ s h ɛ ʁ t͡s ɔ ɡ ʃ a f t
גרויסע	ɡ r ɔ ɪ̯ s ə
גרונדוואַגע	ɡ r ʊ n d v a ɡ ə
גרונט	ɡ ʁ ʊ n t
גרוש	ɡ ɔ ʁ ə ʃ
גרײַפּל	ɡ r a ɪ̯ p ɫ̩
גריכיש	ɡ ʁ ɪ χ ɪ ʃ
גריכנלאַנד	ɡ ʁ ɪ χ ɫ a n d
גריל	ɡ ʁ ɪ ɫ
גרין	ɡ ʁ ɪ n
גרין	ɡ ʁ iː n
גרין	ɡ ʁ i n
גרינג	ɡ ʁ ɪ ŋ ɡ
גרינגער	ɡ ʁ ɪ ŋ ɡ ə ʁ
גרינטלעך	ɡ r ɪ n t ɫ ə χ
גרינצײַג	ɡ ʁ ɪ n t͡s a ɪ̯ ɡ
גריקע	ɡ r ɪ k ə
גרעבער	ɡ ʁ ɛ b ə ʁ
גרעבער־וועספּע	ɡ ʁ ɛ b ə ʁ v ɛ s p ə
גרעסער	ɡ ʁ ɛ s ə ʁ
דאָ	d ɔ
דאָ	d ʊ
דאגה	d a ɪ̯ ɡ ə
דאגה	d aː ɡ ə
דאגה	d a ɡ ə
דאגהן	d a ɪ̯ ɡ ə n
דאגהן	d aː ɡ ə n
דאגהן	d a ɡ ə n
דאַוונען	d a v n ə n
דאַוונען	d ɔ v n ə n
דאַוונען	d ɔ ɪ n ə n
דאַטיוו	d a t ɪ v
דאַטיף	d a t ɪ f
דאָיִקייט	d ɔ ɪ k a ɪ̯ t
דאַך	d a χ
דאָלאַר	d ɔ ɫ a ʁ
דאַלוי	d a ɫ ɔ ɪ̯
דאָלוי	d ɔ ɫ ɔ ɪ̯
דאָליע	d ɔ ɫ j ə
דאָלמעטשער	d ɔ ɫ m ɛ t͡ʃ ə r
דאָמינאָ	d ɔ m ɪ n ɔ
דאָמינאָ	d ɔ m ɪ n ɔ
דאָמינאָ־שפּיל	d ɔ m ɪ n ɔ ʃ p ɪ ɫ
דאָמינאָ־שפּיל	d ɔ m ɪ n ɔ ʃ p ɪ ɫ
דאָמקראַט	d ɔ m k ʁ a t
דאָנאַט	d ɔ n a t
דאָנאַט	d ɔ n ɐ t
דאַנען	d a n ə n
דאָנעצק	d ɔ n ɛ t͡s k
דאַנקבאַר	d a ŋ k b a r
דאָצענט	d ɔ t͡s ɛ n t
דאָצענטור	d ɔ t͡s ə n t ʊ r
דאָקטאָר	d ɔ k t ɔ ʁ
דאָקטוירים	d ɔ k t ɔ ɪ ʁ ɪ m
דאַקטיל	d a k t ɪ ɫ
דאַקטיליש	d a k t ɪ ɫ ɪ ʃ
דאָקטער	d ɔ k t ə ʁ
דאָרט	d ɔ ʁ t
דאַרף	d a ʁ f
דאַרפֿן	d a ʁ f n̩
דאַרפֿסט	d a ʁ f s t
דאָרש	d ɔ ʁ ʃ
דאָרשטיק	d ɔ ʁ ʃ t ɪ k
דבֿיקות	d v ɛ ɪ̯ k ə s
דבֿיקות	d v e ɪ̯ k ə s
דבֿיקות	d v a ɪ̯ k ə s
דבֿיקותדיק	d v ɛ ɪ̯ k ə s d ɪ k
דבֿיקותדיק	d v e ɪ̯ k ə s d ɪ k
דבֿיקותדיק	d v a ɪ̯ k ə s d ɪ k
דבֿיקותדיק	d v ɛ ɪ̯ k ə s d ɨ k
דבֿקען	d v ɛ ɪ̯ k ə n
דבֿקען	d v e ɪ̯ k ə n
דבֿקען	d v a ɪ̯ k ə n
דו	d ʊ
דו	d uː
דו	d iː
דו	d i
דוד	d ɔ v ə d
דוד	d uː v ə d
דוד	d u v ə d
דוד	d oː v ə d
דויערן	d ɔ ɪ̯ ə ʁ n̩
דויערן	d o ʊ̯ ə ʁ n̩
דוצן	d ʊ t͡s n̩
דוצן	d iː t͡s n̩
דוצן	d i t͡s n̩
דור	d ɔ ʁ
דורות	d ɔ ɪ̯ ʁ ə s
דורך	d ʊ ʁ χ
דורך	d ɔ ʁ ə χ
דורך	d ɔ ʁ χ
דורך	d ɛ ʁ ə χ
דורך	d ɛ ʁ χ
דורכ־	d ʊ ʁ χ
דורכ־	d ɔ ʁ ə χ
דורכ־	d ɔ ʁ χ
דורכ־	d ɛ ʁ ə χ
דורכ־	d ɛ ʁ χ
דורכדרינגלעך	d ʊ ʁ χ d ʁ ɪ n ɡ l ə χ
דורכויס	d ʊ r χ ɔ ɪ̯ s
דורכזען	d ʊ ʁ χ z ɛ n
דורכזען	d ɔ ʁ ə χ z ɛ ɪ̯ n
דורכזען	d ɔ ʁ χ z ɛ ɪ̯ n
דורכזען	d ɛ ʁ ə χ z ɛ ɪ̯ n
דורכזען	d ɛ ʁ χ z ɛ ɪ̯ n
דורכזעעוודיק	d ʊ ʁ χ z ɛ ə v d ɪ k
דורכזעעוודיק	d ɔ ʁ ə χ z ɛ ə v d ɪ k
דורכזעעוודיק	d ɔ ʁ χ z ɛ ə v d ɪ k
דורכזעעוודיק	d ɛ ʁ ə χ z ɛ ə v d ɪ k
דורכזעעוודיק	d ɛ ʁ χ z ɛ ə v d ɪ k
דורכפֿאַלן	d ʊ ʁ χ f a ɫ n̩
דורכקומען	d ʊ ʁ χ k ʊ m ə n
דורכקומען	d ɔ ʁ ə χ k ɪ m ə n
דורכקומען	d ɔ ʁ χ k ɪ m ə n
דורכקומען	d ɛ ʁ ə χ k ɨ m ə n
דורכקומען	d ɛ ʁ χ k ɨ m ə n
דורכרײַסן	d ʊ ʁ χ ʁ a ɪ̯ s n̩
דזשוכע	d͡ʒ ʊ χ ə
דזשינס	d͡ʒ i n s
דזשעלאָ	d͡ʒ ɛ ɫ ɔ
דזשעלניצע	d͡ʒ ɛ l n ɪ t͡s ə
דזשענדער	d͡ʒ ɛ n d ə ʁ
דחק	t χ a k
דיאָריט	d j ɔ r ɪ t
דיבוק	d ɪ b ə k
דיוגאָנג	d j ʊ ɡ ɔ ŋ ɡ
דײַטש	d a ɪ̯ t͡ʃ
דײַטש	d aː t͡ʃ
דײַטש	d a t͡ʃ
דײַטשלאַנד	d a ɪ̯ t ʃ ɫ a n d
דײַטשלאַנד	d aː t͡ʃ ɫ a n d
דײַטשלאַנד	d a t͡ʃ ɫ ɔ n d
דיין	d a ɪ̯ ə n
דיין	d a ɪ̯ n
דײַן	d a ɪ̯ n
דײַן	d aː n
דײַן	d a n
דײַנע	d a ɪ̯ n ə
דיכען	d ɪ χ ə n
דימענט	d ɪ m ə n t
דימענט־זשוק	d ɪ m ə n t ʒ ʊ k
דימענטן	d iː m ə n t n̩
דימענטן	d ɪ m ə n t n̩
דין	d ɪ n
דינג	d ɪ ŋ ɡ
דינגען	d ɪ ŋ ɡ ə n
דיניעפּײַ	d ɪ n j ə p a ɪ̯
דיניעפּײַ	d ɪ ɲ ə p a ɪ̯
דיסטריקט	d ɪ s t ʁ ɪ k t
דיסטריקט	d ɪ s t ʁ ɪ k t
דיספֿאָריע	d ɪ s f ɔ ʁ j ə
דיסק	d ɪ s k
דיסקאָנטירן	d ɪ s k ɔ n t iː r n̩
דיסקל	d ɪ s k ɫ̩
דיפֿטאָנג	d ɪ f t ɔ ŋ ɡ
דיק	d ɪ k
דיקטאַטאָר	d ɪ k t a t ɔ r
דירה	d ɪ ʁ ə
דירה־געלט	d ɪ ʁ ə ɡ ɛ ɫ t
דירהלע	d ɪ ʁ ə ɫ ə
דלות	d a ɫ ə s
דעליקאַט	d ɛ ɫ ɪ k a t
דעליקאַטעסן	d ə ʎ ɪ k a t ɛ s n̩
דעלפֿין	d ɛ ʎ f ɪ n
דעלפֿינען	d ɛ ʎ f ɪ n ə n
דעמאָלט	d ɛ m ɔ ɫ t
דעמאָן	d ɛ m ɔ n
דעמאָניש	d ɛ m ɔ n ɪ ʃ
דעמאַרק	d ɛ m a r k
דעמאַרק	d ə m a r k
דען	d ɛ n
דען	d ə n
דעסערט	d ɛ s ɛ ʁ t
דעקל	d ɛ k ɫ̩
דעקן	d ɛ k n̩
דעקרעאָליזאַציע	d ɛ k ʁ ɛ ɔ ɫ i z a t͡s j ɜ
דערבײַ	d ɛ ʁ b a ɪ̯
דערבראָטן	d ɛ r b r ɔ t n̩
דערהײַנטיקונג	d ɛ ʁ h a ɪ̯ n t ɪ k ʊ ŋ ɡ
דערהײַנטיקן	d ɛ ʁ h a ɪ̯ n t ɪ k ŋ̩
דערוואַקסנשאַפֿט	d ə ʁ v a k s n̩ ʃ a f t
דערוואַקסענע	d ə ʁ v a k s ə n ə
דערוואַקסענעם	d ə ʁ v a k s ə n ə m
דערוואַקסענער	d ə ʁ v a k s ə n ə ʁ
דערוואַרט	d ə r v a r t
דערוואַרטן	d ə r v a r t n̩
דערנענטערן	d ɛ r n ɛ ə n t ə r n̩
דערנענטערן	d ɛ r n ɛ n t ə r n̩
דערצו	d ə r t͡s ʊ
דערצייל	d ɛ ʁ t͡s ɛ ɪ̯ ɫ
דערציילן	d ɛ ʁ t͡s ɛ ɪ̯ ɫ ə n
דערציילער	d ɛ ʁ t͡s ɛ ɪ̯ ɫ ə ʁ
דערקוטשיק	d ɛ ʁ k ʊ t͡ʃ ɪ k
דערקוטשען	d ɛ ʁ k ʊ t͡ʃ ə n
דערקלערן	d ɛ ʁ k l ɛ ʁ n̩
דערקענונג	d ɛ ʁ k ɛ n ʊ ŋ ɡ
דערקענען	d ɛ ʁ k ɛ n ə n
דערשײַנונג	d ɛ ʁ ʃ a ɪ̯ n ʊ ŋ ɡ
דערשרעקן	d ɛ ʁ ʃ ʁ ɛ k n̩
דראָט	d ʁ ɔ t
דראָנגאַטש	d r ɔ ŋ ɡ a t͡ʃ
דראַקאָן	d ʁ a k ɔ n
דרויסן	d ʁ ɔ ɪ̯ s n̩
דרום	d ɔ ʁ ə m
דרום	d uː ʁ ə m
דרום	d u ʁ ə m
דרום־אַמעריקע	d ɔ ʁ ə m a m ɛ ʁ ɪ k ə
דרום־ליכט	d ɔ ʁ ə m l ɪ χ t
דרום־מזרח	d ɔ ʁ ə m m ɪ z ʁ ə χ
דרום־מערבֿ	d ɔ ʁ ə m m a ɪ̯ ʁ ə v
דרום־קאָרעע	d ɔ r ɜ m k ɔ r ɛ ɜ
דרומדיק	d ɔ r ə m d i k
דרומדיק	d uː r ə m d i k
דריט	d ʁ ɪ t
דריי	d ʁ ɛ ɪ̯
דריי	d ʁ a ɪ̯
דרײַ	d r a ɪ̯
דרײַ	d r aː ɪ̯
דרײַ	d r aː
דרײַ	d r a ɪ̯
דרײַ	d r a
דריידל	d ʁ ɛ ɪ̯ d ɫ̩
דרײַסיק	d r a ɪ̯ s ɪ k
דרײַסיק	d r aː s ɪ k
דרײַסיק	d r a s ɨ k
דרײַסיקסט	d ʁ a ɪ̯ s ɪ k s t
דרײַצן	d ʁ a ɪ̯ t͡s n̩
דרײַצן	d ʁ aː t͡s n̩
דרײַצן	d ʁ a t͡s n̩
דריקן	d ʁ ɪ k n̩
דריקנדיק	d ʁ ɪ k n̩ d ɪ k
דרך־ארץ	d ɛ r ə χ ɛ r ə t͡s
דרך־ארץ	d ɛ r χ ɛ r ə t͡s
דרך־ארץ	d ɛ r ə χ ɛ ɪ̯ r ə t͡s
דרך־ארץ	d ɛ r χ ɛ ɪ̯ r ə t͡s
דרך־ארצדיק	d ɛ r ə χ ɛ r ə t͡s d ɪ k
דרך־ארצדיק	d ɛ r χ ɛ r ə t͡s d ɪ k
דרך־ארצדיק	d ɛ r ə χ ɛ ɪ̯ r ə t͡s d ɪ k
דרך־ארצדיק	d ɛ r χ ɛ ɪ̯ r ə t͡s d ɪ k
דרענגל	d r ɛ ŋ ɡ ɫ̩
דרשענען	d a ʁ ʃ ə n ə n
האַביכט	h a b ɪ χ t
האָגל	h ɔ ɡ l̩
האָגל	h uː ɡ l̩
האָגל	h u ɡ l̩
האַדן	h a d n̩
האַוואַיִש	h a v a ɪ ʃ
האָלאַנד	h ɔ ɫ a n d
האַלבאינדזל	h a ɫ b ɪ n d͡z ɫ̩
האַלדז	h a ɫ d͡z
האַלזבאַנד	h a ɫ z b a n d
האַלטונג	h a ɫ t ʊ ŋ ɡ
האַלטן	h a ɫ t n̩
האָלענדער	h ɔ ɫ ɛ n d ɛ r
האַמער	h a m ə ʁ
האָן	h ɔ n
האַנטבײַטל	h a n t b a ɪ̯ t ɫ̩
האַנטביכל	h a n t b ɪ χ ɫ̩
האַנטעך	h a n t ə χ
האַנטעכער	h a n t ə χ ə ʁ
האַנטשריפֿט	h a n t ʃ r ɪ f t
האָניק	h ɔ n ɪ k
האַנפֿלינק	h a n f l ɪ ŋ k
האָף	h ɔ f
האָפֿן	h ɔ f n̩
האָפֿנטלעך	h ɔ f n̩ t l ə χ
האָפֿסט	h ɔ f s t
האָקי	h ɔ k ɪ
האָקיי	h ɔ k ɛ ɪ̯
האָקן	h ɔ k ŋ̩
האָקן	h aː k ŋ̩
האָקן	h uː k ŋ̩
האָקן	h u k ŋ̩
האַקנקרייץ	h a k ŋ̩ k ʁ ɛ ɪ̯ t͡s
האָרעוואַניע	h ɔ ʁ ə v a n j ə
האָרעווען	h ɔ ʁ ə v ə n
האַרץ	h a ʁ t͡s
הו־האַ	h u h a
הויז	h ɔ ɪ̯ z
הויך	h ɔ ɪ̯ χ
הויך	h ɔ ɪ̯ ə χ
הויל	h ɔ ɪ̯ l
הויף	h ɔ j f
הויפּט	h ɛ ɪ̯ p t
הויפּט	h ɔ ɪ̯ p t
הון	h ʊ n
הונדערט	h ʊ n d ə r t
הונדערט	h ɪ n d ə r t
הונדערט	h ɨ n d ə r t
הונט	h ʊ n t
הונט	h ɪ n t
הונט	h ɨ n t
הוסט	h ʊ s t
הוסט	h i s t
הוצאה	h ə t͡s ɔ ə
הוצאה	h e ɪ̯ t͡s ɔ ə
הוצאה	h ə t͡s uː ə
הוצאה	h ɔ ɪ̯ t͡s uː ə
הוראַגאַן	h ʊ ʁ a ɡ a n
הוראַגאַנען	h ʊ ʁ a ɡ a n ə n
הוראַניצע	h ʊ r a n ɪ t͡s ə
הוראַניק	h ʊ r a n ɪ k
הורג	h ɔ ɪ r ə ɡ
הורג	h e ɪ r ə ɡ
הורג	h ɛ ɪ r ə ɡ
הושענא	h ə ʃ a ɪ̯ n ə
הזהרה	h a z h ɔ ʁ ə
הידראָגען	h ɪ d ʁ ɔ ɡ ɛ n
היטן	h ɪ t n̩
הייד	h ɛ i d
הייד	h o j d
הײַיאָר	h a ɪ̯ j ɔ ʁ
היילער	h ɛ ɪ̯ ɫ ə ʁ
היים	h ɛ ɪ̯ m
הײַנט	h a ɪ̯ n t
הײַנט	aː n t
הײַנט	a n t
הייס	h ɛ ɪ̯ s
הייס	h e ɪ̯ s
הייס	h a ɪ̯ s
הייסט	h ɛ ɪ̯ s t
הייסן	h ɛ ɪ̯ s n̩
הײַפֿיש	h a ɪ̯ f ɪ ʃ
הײַפֿיש	h aː f ɪ ʃ
הייצונג	h ɛ ɪ̯ t͡s ʊ ŋ ɡ
הימל	h ɪ m ɫ̩
הינדל	h ɪ n d ɫ̩
הינט	h ɪ n t
הינטאַרניע	h ɪ n t a r ɲ ə
הינטיש	h ɪ n t ɪ ʃ
הינטעלע	h ɪ n t ə ɫ ə
הינטער	h ɪ n t ə ʁ
היפּאָקריט	h ɪ p ɔ k ʁ i t
היפּאָקריטסטווע	h ɪ p ɔ k r ɪ t s t v ə
היפּוך	h ɛ ɪ̯ p ə x
הירזש	h i ʀ ʒ
הלוואה	h a l v ɔ ə
הלוואה	h a l v ɔ j ə
הלוואה	h a l v ɔ ə
הלוואה	a l v ɔ j ə
הלוואה	a l v ɔ ə
הלוואה	h a l v uː ə
הלוואה	a l v uː ə
הלוואה	h a l v u ə
הלוואה	a l v u ə
הלכה	h a ɫ ɔ χ ə
המון־עם	h a m o ɪ̯ n a m
המן	h ɔ m ɜ n
המן	h uː m ɜ n
המן־טאַשן	h ɔ m ə n t a ʃ n̩
המן־טאַשן	h ɔ m ə n t a ʃ n̩
המן־טאַשן	h ɔ m ə t a ʃ n̩
המן־טאַשן	h ɔ m ə n t a s n̩
המן־טאַשן	h ɔ m ə t a s n̩
המן־טאַשן	h ɔ m ə n t ə s
הנאָה	h a n ɔ ə
הנאָה	h a n uː ə
הנאָה	h a n u ə
הנהגה	h a n h ɔ ɡ ə
הנהגה	h a n h ɔ ɡ ə
הנהגה	h a n ɔ ɡ ə
הנהגה	a n h ɔ ɡ ə
הנהגה	a n ɔ ɡ ə
הנהגה	h a n h uː ɡ ə
הנהגה	h a n uː ɡ ə
הנהגה	a n h uː ɡ ə
הנהגה	a n uː ɡ ə
הנהגה	h a n h u ɡ ə
הנהגה	h a n u ɡ ə
הנהגה	a n h u ɡ ə
הנהגה	a n u ɡ ə
העברעיִש	h ɛ b ʁ ɛ ɪ ʃ
העברעיִשע	h ɛ b ʁ ɛ ɪ ʃ ə
העכט	h ɛ χ t
העלדזער	h ɛ ɫ d͡z ə ʁ
העליום	h ɛ l j ʊ m
העלפֿאַנד	h ɛ l f a n d
העלפֿאַנדן	h ɛ l f a n d n̩
העלפֿט	h ɛ ɫ f t
העלפֿיק	h ɛ ɫ f ɪ k
העלפֿיק	h ɛ ɫ f ɨ k
העמערל	h ɛ m ə ʁ ɫ̩
הענג	h ɛ ŋ ɡ
הענגען	h ɛ ŋ ɡ ə n
הענדל	h ɛ n d ɫ̩
הענער	h ɛ n ə ʁ
העפֿטיק	h ɛ f t ɪ k
הערה	h ə ɔ ʁ ə
הערה	h ə uː ʁ ə
הערה	h ə u ʁ ə
הערצאָג	h ɛ ʁ t͡s ɔ ɡ
הערצאָגשאַפֿט	h ɛ ʁ t͡s ɔ ɡ ʃ a f t
הערצער	h ɛ ʁ t͡s ə ʁ
הפֿסקה	h a f s ɔ k ə
הפֿקר	h ɛ f k ə ʁ
הצטרכות	h ə t͡s t a ʁ χ ə s
השם	h a ʃ ɛ m
התחלה	h a s χ ɔ l ə
התחלה	a s χ ɔ l ə
התחלה	h a s χ uː l ə
התחלה	a s χ uː l ə
וואַגינע	v a ɡ ɪ n ə
וואָגן	v ɔ ɡ ŋ̩
וואָגן	v ʊ ɡ ŋ̩
וואַזע	v a z ə
וואַטיקאַן	v a t ɪ k a n
וואַטשן	v a t͡ʃ n̩
וואָך	v ɔ χ
וואָכעדיק	v ɔ χ ə d ɪ k
וואַלד	v a ɫ d
וואָלוול	v ɔ ɫ v ɫ̩
וואָלט	v ɔ ɫ t
וואָלין	v ɔ ɫ iː n
וואַלן	v a ɫ n̩
וואָלף	v ɔ ɫ f
וואַלפֿיש	v a ɫ f ɪ ʃ
וואָלקן	v ɔ l k n̩
וואָלקן־קראַצער	v ɔ ɫ k n̩ k ʁ a t͡s ə ʁ
וואָלקנס	v ɔ l k n̩ s
וואָלקעלאַק	v ɔ ɫ k ə ɫ a k
וואַנאַדיום	v a n a d j ʊ m
וואַנדאַל	v a n d a ɫ
וואַנט	v a n t
וואָנטאָן	v ɔ n t ɔ n
וואַנע	v a n ə
וואַנען	v a n ə n
וואַסער	v a s ə ʁ
וואָסער	v ɔ s ə ʁ
וואַסערבאַבעלע	v a s ə ʁ b a b ə ɫ ə
וואַסערהון	v a s ə ʁ h ʊ n
וואַסערשטאָף	v a s ə ʁ ʃ t ɔ f
וואַסערשערער	v a s ə ʁ ʃ ɛ ʁ ə ʁ
וואַסערשרעק	v a s ə ʁ ʃ ʁ ɛ k
וואַפֿליע	v a f ʎ ə
וואַפֿליעניצע	v a f ʎ ə n ɪ t͡s ə
וואָפֿן	v ɔ f n̩
וואָקאַבולאַר	v ɔ k a b ʊ ɫ a r
וואָקאַל	v ɔ k a ɫ
וואָקזאַל	v ɔ k z a l
וואַקסט	v a k s t
וואַקסן	v a k s n̩
וואַקצין	v a k t͡s ɪ n
וואָראָנע	v ɔ ʁ ɔ n ə
וואַרגן	v a ʁ ɡ n̩
וואַרטן	v a ʁ t n̩
וואַרטסט	v a ʁ t s t
וואַריעטע	v a r j ə t ɛ
וואַריעטע	v a r j ə t eː
וואַרעמען	v a ʁ ə m ə n
וואַרעמעס	v a ʁ ɛ m ɛ s
וואַש	v a ʃ
וואַשבעקן	v a ʃ b ɛ k ŋ̩
וואַשן	v a ʃ n̩
וואַשצימער	v a ʃ t͡s ɪ m ə ʁ
וווּ	v ʊ
וווּ	v uː
וווּ	v iː
וווּ	v i
וווּהין	v ʊ h ɪ n
וווינען	v ɔ j n ə n
וווּלקאַן	v ʊ l k a n
וווּנדער	v ʊ n d ə ʁ
וווּנדערלעך	v ʊ n d ə ʁ ɫ ə χ
וווּנדערלעכע	v ʊ n d ə ʁ ɫ ə χ ə
וווּרשטל	v ʊ ʁ ʃ t l̩
וווּרשטל	v ɪ ʁ ʃ t ɫ̩
וווּרשטערײַ	v ʊ r ʃ t ə r a ɪ̯
ווי	v ɪ
וויאַזוי	v j a z ɔ ɪ
וויאָלאָנטשעל	v ɪ ɔ ɫ ɔ n t͡ʃ ɛ ɫ
וויאָלאָנטשעלאָ	v ɪ ɔ ɫ ɔ n t͡ʃ ɛ ɫ ɔ
וויאַנען	v j a n ə n
ווידעאָ	v ɪ d ɛ ɔ
ווידעאָ־שפּיל	v ɪ d ɛ ɔ ʃ p ɪ ɫ
ווידער	v ɪ d ə ʁ
ווידערקול	v ɪ d ə ʁ k ɔ l
ווידערקלאַנג	v ɪ d ə ʁ k l a n ɡ
וויזוי	v ɪ z ɔ ɪ
וויזיט	v ɪ z ɪ t
וויזיט	v ɪ z i t
וויזל	v ɪ z ɫ̩
וויזל־קאַץ	v ɪ z ɫ̩ k a t͡s
וויזשניץ	v ɪ ʒ n ɪ t͡s
וויי	v ɛ ɪ̯
ווײַ־פֿײַ	v a ɪ̯ f a ɪ̯
ווײַב	v a ɪ̯ b
ווײַב	v aː b
ווײַבעריש	v a ɪ̯ b ə ʁ ɪ ʃ
ווײַבעריש	v aː b ə ʁ ɪ ʃ
ווײַבעריש	v a b ə ʁ ɪ ʃ
ווײַבערש	v a ɪ̯ b ə ʁ ʃ
ווײַבערש	v aː b ə ʁ ʃ
ווײַבערש	v a b ə ʁ ʃ
ווײַבערשול	v a ɪ̯ b ə ʁ ʃ ʊ ɫ
ווײַבערשול	v aː b ə ʁ ʃ ɪ ɫ
־ווײַז	v a ɪ̯ z
ווײַזפֿינגער	v a ɪ z f ɪ n ɡ ə ʁ
ווײַזפֿינגער	v aː z f ɪ n ɡ ə ʁ
ווײַט	v a ɪ̯ t
ווייטאָג	v ɛ ɪ̯ t ɔ ɡ
ווייטאָגן	v ɛ ɪ̯ t ɔ ɡ n̩
ווייטיק	v ɛ ɪ̯ t ɪ k
ווייטיקדיק	v ɛ ɪ̯ t ɪ k d ɪ k
ווײַל	v a ɪ̯ ɫ
ווײַל	v aː ɫ
ווײַן	v a ɪ̯ n
ווײַנזויף	v a ɪ̯ n z ɔ ɪ̯ f
ווייניק	v ɛ ɪ̯ n ɪ k
ווייניקער	v ɛ ɪ̯ n ɪ k ə ʁ
ווײַנשטיין	v a ɪ̯ n ʃ t e ɪ̯ n
ווײַס	v a ɪ̯ s
ווײַס	v aː s
ווײַס	v a s
ווײַסיאָדלע	v a ɪ̯ s j ɔ d l ə
ווײַסל	v a ɪ̯ s l̩
ווײַסע	v a ɪ̯ s ə
ווײַסער	v a ɪ̯ s ə ʁ
ווײַסצווײַג־אַקאַציע	v a ɪ̯ s t͡s v a ɪ̯ ɡ a k a t͡s j ə
ווייץ	v ɛ ɪ̯ t͡s
ווייץ	v e ɪ̯ t͡s
ווייץ	v a ɪ̯ t͡s
וויכטיקייט	v ɪ χ t ɪ k a ɪ̯ t
וויל	v ɪ ɫ
ווילד	v ɪ ɫ d
ווילדע	v ɪ ɫ d ə
ווינט	v ɪ n t
וויניצע	v ɪ n ɪ t͡s ə
וויסט	v ɪ s t
וויִע	v i ə
וויפֿל	v ɪ f ɫ̩
וויציק	v ɪ t͡s ɪ k
ווירצן	v ɪ r t͡s n̩
וולד	v ɫ a d
ווסתּ	v ɛ s t
וועג	v ɛ ɡ
וועג	v eː ɡ
וועג	v e ɪ̯ ɡ
וועגווײַזער	v ɛ ɡ v a ɪ̯ z ə ʁ
וועגן	v ɛ ɡ ŋ̩
וועגן	v e ɪ̯ ɡ ŋ̩
וועגן	v eː ɡ ŋ̩
וועדליק	v ɛ d ɫ ɪ k
וועט	v ɛ t
וועטער	v ɛ t ə ʁ
וועטשינאַ	v ɛ t͡ʃ ɪ n a
וועטשערע	v ɛ t͡ʃ ə ʁ ə
וועלאָסיפּעד	v ɛ l ɔ s ɪ p ɛ d
וועלט	v ɛ ɫ t
וועלטטייל	v ɛ ɫ t t ɛ ɪ̯ ɫ
וועלן	v ɛ ɫ n̩
וועלף	v ɛ ɫ f
וועלפֿיכע	v ɛ l f ɪ χ ə
וועלפֿיכע	v ɛ l f ɨ χ ə
ווען	v ɛ n
װענגרע	v ɛ ŋ ɡ r ɜ
וועסט	v ɛ s t
וועסנע	v ɛ s n ə
וועספּ	v ɛ s p
וועספּע	v ɛ s p ə
וועקער	v ɛ k ə ʁ
ווער	v ɛ r
ווער	v eː r
ווער	v i r
ווערטער	v ɛ ʁ t ə ʁ
ווערמוט	v ɛ r m ʊ t
ווערן	v ɛ ʁ n̩
ווערפֿל	v ɛ ʁ f ɫ̩
וועש	v ɛ ʃ
וצדקתך	v ɛ ɪ̯ t͡s ɪ d k ɔ s χ ə
זאָ	z ɔ
זאָגן	z ɔ ɡ ŋ̩
זאָגן	z uː ɡ ŋ̩
זאָגן	z u ɡ ŋ̩
זאָגסט	z ɔ ɡ s t
זאָגעניש	z ɔ ɡ ə n ɪ ʃ
זאָגעניש	z ʊ ɡ ə n ɪ ʃ
זאָגעניש	z u ɡ ə n ɪ ʃ
זאַט	z a t
זאַכן	z a χ n̩
זאַל	z a ɫ
זאַלבע	z a ɫ b ə
זאַלבע־נאַנד	z a l b ə n a n d
זאַלץ	z a ɫ t͡s
זאַלצבורג	z a ɫ t͡s b ʊ ʁ ɡ
זאַלציק	z a ɫ t͡s ɪ k
זאַמד	z a m d
זאַמדיק	z a m d ɪ k
זאַמדקאַסטן	z a m d k a s t n̩
זאַמדקאַסטן	z a m k a s t n̩
זאַמעט	z a m ə t
זאַמעט	z ɔ m ə t
זאַמען	z a m ə n
זאַפּאָראָזשיע	z a p ɔ r ɔ ʒ j ə
זאַץ	z a t͡s
זאַק	z a k
זאַקוסקע	z a k ʊ s k ə
זאָקן	z ɔ k n̩
זויבער	z ɔ ɪ̯ b ə ʁ
זוימען	z ɔ ɪ̯ m n̩
זוימען	z ɛ ɪ̯ m n̩
זויער	z ɔ ɪ̯ ə ʁ
זויער	z ɔ ʊ̯ ə ʁ
זויערשטאָף	z ɔ ɪ̯ ə ʁ ʃ t ɔ f
זויערשטאָף	z o ʊ̯ ə ʁ ʃ t ɔ f
זויפֿן	z ɔ ɪ̯ f n̩
זויפֿן	z o ʊ̯ f n̩
זוך	z ʊ χ
זוכט	z ʊ χ t
זוכן	z ʊ χ n̩
זוכצעטל	z ʊ χ t͡s ɛ t ɫ̩
זוכצעטל	z iː χ t͡s ɛ t ɫ̩
זוכצעטל	z i χ t͡s ɛ t ɫ̩
זומער	z ʊ m ə ʁ
זומער	z iː m ə ʁ
זומער	z i m ə ʁ
זומערהויז	z ʊ m ə ʁ h ɔ ɪ̯ z
זומערפּלאַץ	z ʊ m ə ʁ p ɫ a t͡s
זומערפּלאַץ	z iː m ə ʁ p ɫ a t͡s
זומערפּלאַץ	z i m ə ʁ p ɫ a t͡s
זומפּ	z ʊ m p
זומפּ	z ɪ m p
זומפּ	z ɨ m p
זומפּיק	z ʊ m p ɪ k
זומפּיק	z ɪ m p ɪ k
זומפּיק	z ɨ m p ɪ k
זון	z ʊ n
זון	z ɪ n
זון	z ɨ n
זון	z ʊ n
זון	z iː n
זון	z i n
זונה	z ɔ ɪ̯ n ə
זונה	z e ɪ̯ n ə
זונטיק	z ʊ n t ɪ k
זונטיק	s ʊ n t ɪ k
זונטיק	ʒ ʊ n t ɪ k
זוניק	z ʊ n ɪ k
זוניקער	z ʊ n ɪ k ə ʁ
זופּ	z ʊ p
זי	z i
זיבן	z ɪ b n̩
זיבעט	z ɪ b ə t
זיבעטע	z ɪ b ə t ə
זיבעטער	z ɪ b ə t ə ʁ
זיבעציק	z ɪ b ə t͡s ɪ k
זיבעצן	z ɪ b ə t͡s n̩
זיד	z iː d
זיד	z ɪ d
זידן	z ɪ d n̩
זידן	z iː d n̩
זידן	z i d n̩
זיווג	z ɪ v ə ɡ
זיי	z ɛ ɪ̯
זיי	z e ɪ̯
זיי	z a ɪ̯
זײַ	z a ɪ̯
זײַד	z a ɪ̯ d
זײַדוואָרעם	z a ɪ̯ d v ɔ r ə m
זײַדן	z a ɪ̯ d n̩
זײַדן־אַפֿע	z a ɪ̯ d n̩ a f ə
זיידע	z ɛ ɪ̯ d ə
זיידע	z a ɪ̯ d ə
זיידעס	z ɛ ɪ̯ d ə s
זײַט	z a t
זײַט	z a ɪ̯ t
זײַט	z aː t
זײַטל	z a ɪ̯ t ɫ̩
זײַל	z a ɪ̯ ɫ
זײַלן	z a ɪ̯ ɫ n̩
זײַן	z a ɪ̯ n
זײַן	z aː n
זײַן	z a n
זײַנע	z a ɪ̯ n ə
זייער	z ɛ ɪ̯ ə r
זייער	z a ɪ̯ ə r
זילבער	z ɪ l b ə ʁ
זילבער־אַקאַציע	z ɪ l b ə r a k a t͡s j ə
זינגען	z ɪ n ɡ n̩
זינד	z ɪ n d
זינט	z ɪ n t
זיס	z ɪ s
זיס	z iː s
זיס	z i s
זיץ	z ɪ t͡s
זיצן	z ɪ t͡s n̩
זיצן	z ɨ t͡s n̩
זיקנה	z ɪ k n ə
זיקנה	z ɨ k n ə
זכות	z χ ʊ s
זכות	z χ ɪ s
זכות	z χ ɨ s
זכר	z ɔ χ ɜ r
זמן	z m a n
זנבֿ	z ɔ n ə v
זנבֿ	z uː n ə v
זנבֿ	z u n ə v
זעברע	z ɛ b ʁ ə
זעברעס	z ɛ b ʁ ə s
זעגעכץ	z ɛ ɡ ə χ t͡s
זעגשטויב	z ɛ ɡ ʃ t ɔ ɪ̯ b
זעיִק	z ɛ ɪ k
זעיִק	z ɛ ɪ̯ ɪ k
זעכציק	z ɛ χ t͡s ɪ k
זעכצן	z ɛ χ t͡s n̩
זעלב	z ɛ ɫ b
זעלביק	z ɛ ɫ b ɪ k
זעלבן	z ɛ ɫ b n̩
זעלבסטמאָרד	z ɛ l b s t m ɔ r d
זעלבע	z ɛ ɫ b ə
זעלבשטענדיק	z ɛ ɫ b ʃ t ɛ n d ɪ k
זעלטן	z ɛ ɫ t n̩
זעלצערוואַסער	z ɛ ɫ t͡s ə ʁ v a s ə ʁ
זעמל	z ɛ m ɫ̩
זען	z ɛ n
זען	z eː n
זען	z e ɪ̯ n
זענען	z ɛ n ə n
זענעפֿט	z ɛ n ə f t
זעעוודיק	z ɛ ə v d ɪ k
זעעוודיק	z ɛ ɪ̯ ə v d ɪ k
זעצט	z ɛ t͡s t
זעצן	z ɛ t͡s n̩
זעקס	z ɛ k s
זעקסט	z ɛ k s t
זעקסטע	z ɛ k s t ə
זקן	z ɔ k n̩
זקן	z uː k n̩
זקן	z u k n̩
זקנדיק	z ɔ k n̩ d ɪ k
זקנדיק	z uː k n̩ d ɪ k
זקנדיק	z u k n̩ d ɨ k
זקנה	z k ɛ ɪ̯ n ə
זקנה	z k e ɪ̯ n ə
זקנה	z k a ɪ̯ n ə
זקנים	s k ɛ ɪ̯ n ə m
זקניש	z k ɛ ɪ̯ n ɪ ʃ
זקניש	z k e ɪ̯ n ɪ ʃ
זקניש	z k a ɪ̯ n ɪ ʃ
זקניש	z k ɛ ɪ̯ n ɨ ʃ
זשאַבעשוווּם	ʒ a b ə ʃ v ʊ m
זשאַווער	ʒ a v ə ʁ
זשאַווערן	ʒ a v ə ʁ n
זשאָקיי	ʒ ɔ k ɛ ɪ̯
זשוואַווע	ʒ v a v ə
זשוויר	ʒ v ɪ r
זשוק	ʒ ʊ k
זשוראַוו	ʒ ʊ ʁ a v
זשוראַוו	ʒ ʊ ʁ a v
זשוראַוול	ʒ ʊ ʁ a v ɫ̩
זשיטאָמיר	ʒ ɪ t ɔ m ɪ r
זשיראַף	ʒ ɪ ʁ a f
זשיראַפֿן	ʒ ɪ ʁ a f n̩
זשלאָב	ʒ ɫ ɔ b
זשמוט	ʒ m ʊ t
זשמעניע	ʒ m ɛ n j ə
זשעלע	ʒ ə ɫ ɛ
זשען־זשען	ʒ ə n ʒ ɛ n
זשעני	ʒ ɛ n i
זשענירן	ʒ ə n iː r n̩
זשענירן	ʒ ə n ɪ r n̩
חבֿר	χ a v ə r
חבֿרה־מאַן	χ ɛ v ʁ ə m a n
חבֿרון	χ ɛ v r ə n
חבֿרטע	χ a v ə ʁ t ə
חבֿרים	χ a v ɛ ɪ̯ r ɜ m
חבֿרים	χ a v e ɪ̯ r ɜ m
חבֿרים	χ a v a ɪ̯ r ɜ m
חבֿרים	χ ɔ v ɛ ɪ̯ r ɜ m
חגא	χ ɔ ɡ ə
חגא	χ u ɡ ə
חדשים	χ a d ɔ ʃ ɪ m
חובֿ	χ ɔ ɪ̯ v
חובֿ	χ e ɪ̯ v
חודש	χ ɔ ɪ̯ d ə ʃ
חודש	χ e ɪ̯ d ə ʃ
חווה	χ a v ə
חוטא	χ ɔ ɪ̯ t ə
חוטא	χ e ɪ̯ t ə
חוטאן	χ ɔ ɪ̯ t ə n
חוטאן	χ e ɪ̯ t ə n
חול־המועד	χ a ɫ ə m ɔ ɪ̯ ə d
חולנית	χ ɔ ɪ̯ l a n ə s
חולנית	χ e ɪ̯ l a n ə s
חונף	χ ɔ ɪ̯ n ə f
חונף	χ e ɪ̯ n ə f
חוצפּה	χ ʊ t͡s p ə
חוצפּה	χ ɪ t͡s p ə
חורבן	χ ʊ r b n̩
חורבן	χ ɔ r b n̩
חורבן	χ ɛ r b n̩
חורש	χ ɔ ɪ̯ r ə ʃ
חורש	χ e ɪ̯ r ə ʃ
חושימדיק	χ uː ʃ ɪ m d ɪ k
חושימדיק	χ uː ʃ ə m d ɪ k
חזיון	χ ɪ z ɔ ɪ̯ ə n
חזיונות	χ ɪ z j ɔ ɪ̯ n ə s
חזיר־ניסל	χ a z ə ʁ n ɪ s ɫ̩
חזירײַ	χ a z ə r a ɪ̯
חזירים	χ a z ɛ ɪ̯ ʁ ə m
חזירימלעך	χ a z e ɪ̯ r ɪ m ɫ ə χ
חזירימלעך	χ a z e ɪ̯ r ə m ɫ ə χ
חזרן	χ a z ə ʁ ə n
חטא	χ ɛ t
חיה	χ a ɪ̯ ə
חיות	χ ɪ j ə s
חיות	χ a ɪ̯ ə s
חכם	χ ɔ χ ə m
חכמים	χ a χ ɔ m ə m
חלבֿ	x ɛ j ɫ ɛ v
חלה	χ a ɫ ə
חלומדיק	χ ɔ l ə m d ɪ k
חלומדיק	χ uː l ə m d ɪ k
חלומדיק	χ u l ə m d ɪ k
חלומען	χ ɔ ɫ ə m ə n
חלות	χ a ɫ ə s
חלל	χ ɔ ɫ ə ɫ
חלק	χ ɛ ɪ̯ ɫ ə k
חלש	χ a ɫ ə ʃ
חלשן	χ a ɫ ə ʃ n̩
חמץ	χ ɔ m ə t͡s
חמץ	χ u m ə t͡s
חמצדיק	χ ɔ m ə t͡s d ɪ k
חמצדיק	χ u m ə t͡s d ɪ k
חן־יאָדלע	χ ɛ ɪ̯ n j ɔ d ɫ ə
חנוכּה	χ a n ə k ə
חניפֿה	χ n ɪ f ə
חניפֿה	χ ə n ɪ f ə
חניפֿהניק	χ n i f ə n ɪ k
חניפֿהניק	χ ə n ɪ f ə n ɪ k
חנפֿענען	χ a n f ə n ə n
חס־ושלום	χ a s v ə ʃ ɔ ɫ ə m
חסד	χ ɛ s ə d
חסד	χ e ɪ̯ s ə d
חסרדיק	χ ɔ s ə ʁ d ɪ k
חפֿץ	χ ɛ ɪ̯ f ə t͡s
חצות	χ t͡s ɔ s
חרד	χ ɔ r ɜ d
חרדיש	χ a r ɛ ɪ̯ d ɪ ʃ
חרובֿ	χ ɔ ʁ ə v
חרובֿ	χ uː ʁ ə v
חרובֿ	χ u ʁ ə v
חרוסת	χ a ʁ ɔ ɪ̯ s ə s
חרטה	χ a ʁ ɔ t ə
חריף	χ aː r ə f
חריף	χ a r ə f
חריפֿות	χ r ɪ f ə s
חריפֿות	χ a r ɪ f ə s
חריפֿותדיק	χ r ɪ f ə s d ɪ k
חריפֿותדיק	χ a r ɪ f ə s d ɪ k
חרפּה	x a ʀ p ɛ
חשבון	χ ɛ ʃ b n̩
חשבונות	χ ɛ ʒ b ɔ ɪ n ə s
חשבונען	χ ɛ ʃ b ɜ n ɜ n
חשד	x ʃ a d
חשובֿ	χ ɔ ʃ ə v
חשובֿ	χ u ʃ ə v
חשוון	χ ɛ ʃ v n̩
חשיבֿות	χ ʃ ɪ v ə s
חשיבֿות	χ ə ʃ ɪ v ə s
חשיבֿותדיק	χ ʃ ɪ v ə s d ɪ k
חשיבֿותדיק	χ ə ʃ ɪ v ə s d ɪ k
חתונה	χ a s ə n ə
חתימה	χ s ɪ m ə
חתן	χ ɔ s n̩
חתן	χ uː s n̩
טאָג	t ɔ ɡ
טאָג	t uː ɡ
טאָג	t u ɡ
טאָג־טעגלעך	t ɔ ɡ t ɛ ɡ ɫ ə χ
טאַדזשיקיסטאַן	t a d͡ʒ ɪ k ɪ s t a n
טאהש	t ɔ ʃ
טאָוול	t ɔ v l̩
טאַטריקע	t a t r ɪ k ə
טאָכטער	t ɔ χ t ə ʁ
טאָכטערשאַפֿט	t ɔ χ t ə ʁ ʃ a f t
טאַליע	t a ʎ j ə
טאָלמאַטש	t ɔ ɫ m a t͡ʃ
טאָלערירן	t ɔ ɫ ə ʁ ɪ ʁ n̩
טאַמאַרינד	t a m a r i n d
טאַמאַרינד	t a m a r ɪ n d
טאָמער	t ɔ m ə ʁ
טאָן	t ɔ n
טאָן	t u n
טאַנטע	t a n t ə
טאַנצן	t a n t͡s n̩
טאָפּ	t ɔ p
טאָפּאָל	t ɔ p ɔ ʎ
טאַפּיר	t a p ɪ r
טאַץ	t a t͡s
טאַקאָ	t a k ɔ
טאַקסי	t a k s i
טאַקסע	t a k s ə
טאַראַנטולאַ	t a r a n t ʊ l a
טאָרטיִע	t ɔ r t i ə
טאָרטיִע	t ɔ r t i j ə
טאָרנאַדאָ	t ɔ ʁ n a d ɔ
טאַרסיער	t a ʁ s ɪ ə ʁ
טאַש	t a ʃ
טבֿת	t ɛ ɪ̯ v ə s
טבֿת	t a ɪ̯ v ə s
טהרה	t a ʁ ə
טהרה	t a a ʁ ə
טהרה	t a ɪ̯ ʁ ə
טהרה	t aː ʁ ə
טהרה	t ə h ɔ ʁ ə
טהרה	t a ɪ̯ ʁ ə
טהרה	t aː ʁ ə
טהרה	t ə h ɔ ʁ ə
טויב	t ɔ ɪ b
טויב	t e ɪ b
טויב	t ɔ ɪ b
טויב	t o ʊ b
טויזנט	t ɔ ɪ̯ z n̩ t
טויזנט	t oː z n̩ t
טויזנט	t o ʊ̯ z n̩ t
טויזנט	t o ʊ̯ z n̩ t
טויזנט	t ɔ ɪ̯ z n̩ t
טויזנט	t u z n̩ t
טויט	t ɔ ɪ̯ t
טויט	t ɔ ɪ̯ t
טויטנבעט	t ɔ ɪ̯ t n̩ b ɛ t
טויטפֿויגל	t ɔ ɪ̯ t f ɔ ɪ̯ ɡ ɫ̩
טוך	t ʊ χ
טון	t u n
טון	t iː n
טונקל	t ʊ ŋ k l̩
טוץ	t u t͡s
טוץ	t iː t͡s
טוץ	t i t͡s
טוצן	t u t͡s n̩
טורבין	t ʊ r b iː n
טוריסט	t ʊ ʁ ɪ s t
טוריסטן	t ʊ ʁ ɪ s t n̩
טורעם	t ʊ ʁ ə m
טורקיז	t ʊ r k ɪ z
טיגער	t ɪ ɡ ə ʁ
טיטאַניום	t ɪ t a n j ʊ m
טיי	t ɛ ɪ̯
טייטל	t ɛ ɪ̯ t ɫ̩
טייטלבוים	t ɛ ɪ̯ t ɫ̩ b ɔ ɪ̯ m
טײַך	t a ɪ̯ χ
טײַכן	t a ɪ̯ χ n̩
טייל	t ɛ ɪ̯ ɫ
טײַלאַנד	t a ɪ̯ l a n d
טיילכל	t e ɪ̯ χ ɫ̩
טיילכל	t a ɪ̯ χ ɫ̩
טיילמאָליק	t ɛ ɪ̯ l m ɔ l ɪ k
טיילמאָליק	t e ɪ̯ l m ɔ l ɪ k
טיילמאָליק	t a ɪ̯ l m uː l ɪ k
טיילמאָליק	t ɛ ɪ̯ l m u l ɨ k
טיילן	t ɛ ɪ̯ ɫ n̩
טײַס	t a ɪ̯ s
טײַפֿון	t a ɪ̯ f ʊ n
טימיאַן	t ɪ m j a n
טיסע	t ɪ s ə
טיף	t ɪ f
טיפּ	t ɪ p
טיפּאָגראַפֿיע	t ɪ p ɔ ɡ r a f j ə
טיפּאָגראַפֿיש	t ɪ p ɔ ɡ r a f ɪ ʃ
טיפּיש	t ɪ p ɪ ʃ
טיפּישע	t ɪ p ɪ ʃ ə
טיפּש	t ɪ p ə ʃ
טיש	t ɪ ʃ
טישטעך	t ɪ ʃ t ə χ
טישלערײַ	t ɪ ʃ l ə r a ɪ̯
טכינע	t χ ɪ n ə
טלית	t a l ə s
טלית־קטן	t a l ə s k ɔ t n̩
טעג	t ɛ ɡ
טעגלעך	t ɛ ɡ ɫ ə χ
טעות	t ɔ ə s
טעכטערל	t ɛ χ t ə ʁ ɫ̩
טעכטערלעך	t ɛ χ t ə ʁ ɫ ə χ
טעכטערלעך	t ɛ χ t ə ʁ ɫ ə χ
טעכנעטיום	t ɛ χ n ɛ t j ʊ m
טעכנעציום	t ɛ χ n ɛ t͡s j ʊ m
טעלור	t ɛ l ʊ ʁ
טעלעוויזאָר	t ɛ ʎ ɛ v ɪ z ɔ ʁ
טעלעפֿאָן	t ɛ ʎ ɛ f ɔ n
טעלעפֿאָניר	t ɛ l ɛ f ɔ n ɪ ʁ
טעלעפֿאָנירן	t ɛ l ɛ f ɔ n ɪ ʁ n̩
טעלעפּאָרטירן	t ə l ə p ɔ ʁ t i ʁ n̩
טעלער	t ɛ ɫ ə ʁ
טענהן	t a ɪ̯ n ə n
טענהן	t aː n ə n
טענהן	t a n ə n
טעניס	t ɛ n ɪ s
טענענבוים	t ɛ n ə n b ɔ ɪ̯ m
טעסען	t ɛ s ə n
טעפּ	t ɛ p
טעפּל	t ɛ p ɫ̩
טעפּעך	t ɛ p ə χ
טעקע	t ɛ k ə
טערמין	t ɛ r m iː n
טערמין	t ɛ r m ɪ n
טערק	t ɛ ʁ k
טראָטשינעס	t r ɔ t͡ʃ ɪ n ə s
טראָן	t ʁ ɔ n
טראַנס־	t ʁ a n s
טראַנסמאַן	t ʁ a n s m a n
טראַנסמיניק	t ʁ a n s m ɪ n ɪ k
טראַנספֿאָביע	t ʁ a n s f ɔ b j ə
טראַנספֿאָביש	t ʁ a n s f ɔ b ɪ ʃ
טראַנספֿרוי	t ʁ a n s f ʁ ɔ ɪ̯
טראָפּן	t r ɔ p n̩
טראָפּן	t r ɔ p m̩
טרויבנזאַפֿט	t ʁ ɔ ɪ̯ b n̩ z a f t
טרוים	t ʁ ɔ ɪ̯ m
טרוים	t ʁ e ɪ̯ m
טרויעריק	t ʁ ɔ ɪ̯ ə ʁ ɪ k
טרוסקאַפֿקע	t ʁ ʊ s k a f k ə
טרופֿל	t r ʊ f ɫ̩
טרופֿליע	t r ʊ f ʎ ə
טרוקן	t ʁ ʊ k n̩
טריוויע	t r iː v ɪ j ə
טריוויע	t r iː v j ə
טריומוויראַט	t r j ʊ m v ɪ r a t
טריומף	t ʁ j ʊ m f
טריומף	t ʁ ɪ ʊ m f
טריטווײַז	t r ɪ t v a ɪ̯ z
טרייף	t ʁ ɛ ɪ̯ f
טרייף	t ʁ a ɪ̯ f
טרינק	t ʁ ɪ ŋ k
טרינקגעלט	t ʁ ɪ ŋ k ɡ ɛ ɫ t
טרינקט	t ʁ ɪ ŋ k t
טרינקען	t ʁ ɪ ŋ k ə n
טריפֿל	t r ɪ f ɫ̩
טריפֿלעך	t r ɪ f ɫ ə χ
טריפֿן	t r iː f n̩
טריפֿן	t r i f n̩
טריפֿן	t r ɪ f n̩
טריפֿן	t r ɛ ɪ̯ f n̩
טריפֿן	t r a ɪ̯ f n̩
טרענקען	t ʁ ɛ n k ə n
טרעפּ	t ʁ ɛ p
טרעפּל	t ʁ ɛ p ɫ
טשאַד	t͡ʃ a d
טשאַדען	t͡ʃ a d ə n
טשאַטע	t͡ʃ a t ə
טשאַטעס	t͡ʃ a t ə s
טשאָלנט	t͡ʃ ɔ ɫ ə n t
טשאָלנט	t͡ʃ uː ɫ ə n t
טשאָלנט	t͡ʃ u ɫ ə n t
טשוואָק	t͡ʃ v ɔ k
טשיזשיק	t͡ʃ ɪ ʒ ɪ k
טשײַניק	t ʃ a ɪ̯ n ɪ k
טשיפּל	t ʃ ɪ p ɫ̩
טשיפּקעלע	t ʃ ɪ p k ə ɫ ə
טשירקון	t͡ʃ ɪ ʁ k ʊ n
טשעטשניע	t͡ʃ ɛ t͡ʃ n j ə
טשעטשניע	t͡ʃ ɛ t͡ʃ ɲ ə
טשעטשניער	t͡ʃ ɛ t͡ʃ n j ə r
טשעטשניער	t͡ʃ ɛ t͡ʃ ɲ ə r
טשעטשניערין	t͡ʃ ɛ t͡ʃ n j ə r ɪ n
טשעטשניערין	t͡ʃ ɛ t͡ʃ ɲ ə r ɪ n
טשעטשעניש	t͡ʃ ɛ t͡ʃ ə n ɪ ʃ
טשעך	t͡ʃ ɛ x
טשעכײַ	t͡ʃ ɛ x a ɪ̯
טשעלאָ	t͡ʃ ɛ ɫ ɔ
טשערנאָבל	t͡ʃ ɛ r n ɔ b ɫ̩
טשערנאָוויץ	t͡ʃ ɛ r n ɔ v ɪ t͡s
טשערעפּאַכע	t͡ʃ ɛ ʁ ə p a χ ə
יאַגדע	j a ɡ d ə
יאָגן	j ɔ ɡ ŋ̩
יאָגן	j aː ɡ ŋ̩
יאָגן	j ʊ ɡ ŋ̩
יאָגן	j u ɡ ŋ̩
יאָד	j ɔ d
יאָדלע	j ɔ d ɫ ə
יאַזדע	j a z d ə
יאַיִטשניצע	j a i t͡ʃ n ɪ t͡s ə
יאַיִטשניצע	j a ɪ t͡ʃ n ɪ t͡s ə
יאָך	j ɔ χ
יאַכטבאַסיין	j a χ t b a s ɛ ɪ̯ n
יאַנואַר	j a n ʊ a ʁ
יאַפּאַן	j a p a n
יאַקאָש	j a k ɔ ʃ
יאָר	j ɔ r
יאָר	j uː r
יאָר	j u r
יאָרצענדליק	j ɔ ʁ t͡s ɛ n d l ɪ k
יאַשטשערקע	j a ʃ t͡ʃ ə ʁ k ə
יאָשקע	j ɔ ʃ k ə
ידיד	j ə d ɪ d
ידיעה	j ə d i ə
יהודה	j ə h ʊ d ə
יודע	j ʊ d ə
יויך	j ɔ ɪ̯ χ
יום	j ɔ m
יום־טובֿ	j ɔ n t ə f
יום־טובֿ	j ɔ n t ə v
יום־טובֿים	j ɔ n t ɔ ɪ̯ v ɪ m
יום־כּיפּור	j ɔ ŋ k ɪ p ə r
יונג	j ʊ ŋ ɡ
יונג	j ɪ ŋ ɡ
יונגערמאַן	j ʊ ŋ ɡ ə ʁ m a n
יונגערמאַנווײַז	j ʊ ŋ ɡ ə ʁ m a n v a ɪ̯ z
יונה	j ɔ ɪ̯ n ə
יונה	j e ɪ̯ n ə
יוסט	j ʊ s t
יוסי	j ɔ s i
יוסף	j ɔ s ə f
יוסף	j ɔ ɪ̯ s ə f
יושקע	j ʊ ʃ k ə
יושר	j ɔ j ʃ ɛ ʀ
יושר	j ɔ ə̯ ʃ ə ʀ
יזכּור	j ɪ z k ə ʁ
יזכּור	j ɨ z k ə ʁ
יזכּור־בוך	j ɪ z k ə ʁ b ʊ χ
יזכּור־בוך	j ɪ z k ə ʁ b iː χ
יזכּור־בוך	j ɪ z k ə ʁ b i χ
יחזקאל	j ə χ ɛ s k ɫ̩
יחידות	j ə χ i d ə s
יחסן	j a χ s n̩
יחסניש	j a χ s ɔ n ɪ ʃ
יחסניש	j a χ s uː n ɪ ʃ
יחסניש	j a χ s u n ɪ ʃ
ײ	ɛ ɪ̯
ײ	e ɪ̯
ײ	a ɪ̯
ײ	e ɪ̯
ײ	ɛ ɪ̯
ײ	aː
ײַ	a ɪ̯
ײַ	aː
ײַ	a ɪ̯
ײַ	a
ײַ	a ɪ̯
ייִאוש	j ɪ j ə ʃ
ייִאוש	j ɪ ə ʃ
ייִד	j ɪ d
ייִד	j i d
ייִד	i d
ייִד	j iː t
ייִדיש	j ɪ d ɪ ʃ
ייִדיש־קינד	j ɪ d ɪ ʃ k ɪ n d
ייִדישע	j ɪ d ɪ ʃ ə
ייִדישע	ɪ d ɪ ʃ ə
ייִדישער	j ɪ d ɪ ʃ ə ʁ
ייִדישער	ɪ d ɪ ʃ ə ʁ
ייִדישקייט	j ɪ d ɪ ʃ k a ɪ̯ t
ייִחוס	j ɪ χ ə s
יײַכל	j a ɪ̯ χ ɫ̩
ייִנגל	j ɪ ŋ ɡ ɫ̩
ייִנגלווײַז	j ɪ ŋ ɡ ɫ̩ v a ɪ̯ z
ייִנגער	j ɪ ŋ ɡ ə ʁ
ייִנגער	ɪ ŋ ɡ ə ʁ
ים	j a m
ים־אָדלער	j a m ɔ d ɫ ə ʁ
ים־גרונט	j a m ɡ ʁ ʊ n t
ים־מיידל	j a m m e ɪ̯ d ɫ̩
ים־נאָדל	j a m n ɔ d ɫ̩
ים־פֿרוי	j a m f ʁ ɔ ɪ̯
ים־קו	j a m k ʊ
ים־ראַק	j a m ʁ a k
ימח־שמוניק	j ɪ m a χ ʃ m ɔ ɪ n ɪ k
ימח־שמוניק	j ɪ m a χ ʃ m e ɪ n ɪ k
יסוד	j ɜ s ɔ d
יסוד־שטיין	j ɜ s ɔ d ʃ t ɛ ɪ̯ n
יעגער	j ɛ ɡ ə ʁ
יעגער	j eː ɡ ə ʁ
יעגער	j e ɪ̯ ɡ ə ʁ
יעגער	j i ɡ ə ʁ
יעגערײַ	j ɛ ɡ ə r a ɪ̯
יעדעס	j ɛ d ə s
יעדער	j ɛ d ə ʁ
יעזוס	j ɛ z ʊ s
יעטווידער	j ɛ t v ɪ d ə ʁ
יעלניק	j ɛ ʎ n ɪ k
יעלניק	j ɛ l n ɪ k
יענס	j ɛ n s
יענע	j ɛ n ə
יענער	j ɛ n ə ʁ
יעצט	j ɛ t͡s t
יעקבֿ	j a ŋ k ə v
יערן	j ɛː r n̩
יערן	j ɛ r n̩
יערן	j eː r n̩
יערן	j e r n̩
יציאה	j ə t͡s ɪ j ə
יציאה	j ə t͡s iː j ə
יציאה	j ə t͡s i j ə
יצר	j ɛ ɪ̯ t͡s ə ʁ
יצר	j e ɪ̯ t͡s ə ʁ
יצר	j a ɪ̯ t͡s ə ʁ
יקרות	j a k r ə s
יקרותדיק	j a k r ə s d ɪ k
ירדן	j a ʁ d ə n
ירושה	j ə ʁ ʊ ʃ ə
ירושלים	j ə r ʊ ʃ ɔ ɫ a j ə m
ירושלים	j ə r ɪ ʃ ʊ ɫ a j ə m
ירשענען	j a r ʃ ɜ n ɜ n
ישו	j ɛ ɪ̯ ʃ ʊ
ישו	j ɪ ʃ ʊ
ישועה	j ɜ ʃ ʊ ɜ
ישועה	j ɜ ʃ iː ɜ
ישועה	j ɜ ʃ i ɜ
ישׂראל	j ɪ s ʁ ɔ ə ɫ
ישׂראל	j ɪ s ʁ uː ɫ
ישׂראל	j ɨ s ʁ u ɫ
ישׂראלדיק	j i s ʁ ɔ ə l d ɪ k
ישׂראלדיקע	j i s ʁ ɔ ə l d ɪ k ə
כאָטש	χ ɔ t͡ʃ
כאַלאַפּעניאָ	χ a ɫ a p ɛ n j ɔ
כאַלאַפּעניאָ	χ a ɫ a p ɛ ɲ ɔ
כאַלט	χ a ɫ t
כאַפּן	χ a p n̩
כאַרקאָוו	χ a r k ɔ v
כּבֿוד	k ɔ v ə d
כּבֿוד	k ʊ v ə d
כּדי	k ə d ɛ ɪ̯
כּהונה	k ə h ʊ n ə
כּהונה	k ə h ɪ n ə
כּהונה	k ə ɨ n ə
כּהן	k ɔ ɪ̯ ə n
כוואַליע	χ v a ʎ ə
כוואַליעסווײַז	χ v a ʎ ə s v a ɪ̯ z
כּוונה	k a v ɔ n ə
כּוונה	k a v uː n ə
כּוונה	k ɔ v u n ə
כומוס	χ ʊ m ʊ s
כּוס	k ɔ s
כּופֿר־בעיקר	k ɔ ɪ̯ f ə ʁ b ə ɪ k ə ʁ
כּופֿר־בעיקר	k e ɪ̯ f ə ʁ b ə ɪ k ə ʁ
כּזבֿ	k ɔ z ɜ v
כּזבֿ	k uː z ɜ v
כּזבֿ	k u z ɜ v
כּזבֿ	k ɛ z ɜ v
כּזבֿ	k e ɪ̯ z ɜ v
כּזבֿ	k i z ɜ v
כּזבֿ־ושקר	k ɔ z ə v v ə ʃ ɛ k ə r
כּזבֿ־ושקר	k uː z ə v v ə ʃ e ɪ̯ k ə r
כּזבֿ־ושקר	k uː z ə v v ə ʃ eː k ə r
כּזבֿ־ושקר	k u z ə v v ə ʃ eː k ə r
כּזבֿ־ושקר	k ɛ z ə v v ə ʃ ɛ k ə r
כּזבֿ־ושקר	k e ɪ̯ z ə v v ə ʃ e ɪ̯ k ə r
כּזבֿ־ושקר	k eː z ə v v ə ʃ eː k ə r
כּזבֿ־ושקר	k i z ə v v ə ʃ eː k ə r
כּזבֿ־ושקרדיק	k ɔ z ə v v ə ʃ ɛ k ə r d ɪ k
כּזבֿן	k a z v n̩
כטשוף	χ t͡ʃ ʊ f
כיבע	χ ɪ b ə
כינע	χ ɪ n ə
כינעזיש	x ɪ n ɛ z ɪ ʃ
כינעזישער	x ɪ n ɛ z ɪ ʃ ə ʁ
כּישוף	k ɪ ʃ ə f
כּיתּה	k ɪ t ə
כּיתּות	k ɪ t ə s
כּל־זמן	k ɔ l z m a n
כּל־ימיו	k ɔ l j ɔ m ə v
כּל־ימיו	k ɔ l j ɔ m ɔ v
כּל־ימיו	k ɔ l j ɔ m ɔ v
כּל־ימיו	k ɔ l j uː m ə f
כּל־ימיו	k ɔ l j uː m ɔ f
כּל־ימיו	k ɔ l j uː m ɔ f
כלאָר	χ l ɔ ʁ
כּלבֿ	k ɛ ɫ ə v
כּלבֿ	k e ɪ̯ ɫ ə v
כּלבֿטע	k ɫ a f t ə
כּלה	k a ɫ ə
כלעבן	x l ɛ b n
כלעבן	x l e ɪ̯ b n̩
כּלערליי	k ɔ l ə ʁ l ɛ ɪ̯
כּלערליי	k ɔ l ə ʁ l e ɪ̯
כּלערליי	k ɔ l ə ʁ l a ɪ̯
כמורנע	χ m ʊ ʁ n ə
כּמעט	k ɪ m a t
כּסדר	k ə s ɛ ɪ̯ d ə ʁ
כּסדרדיק	k ə s ɛ ɪ̯ d ə ʁ d ɪ k
כּסלו	k ɪ s l ə v
כעמיע	χ ɛ m j ə
כעמיקאַליע	χ ɛ m ɪ k a ʎ ə
כּעסן	k a ɪ̯ s n̩
כּעסן	k aː s n̩
כּעסן	k a s n̩
כּעסן	k a s n̩
כּעסן	k a ɪ̯ s n̩
כּעסן	k a ɪ̯ ə s n̩
כּעסן	k a s n̩
כּעסן	k aː s n̩
כּפֿלען	k ɛ ɪ̯ f l ə n
כּפֿלען	k e ɪ̯ f l ə n
כּפֿלען	k a ɪ̯ f l ə n
כּפּרה	k a p ɔ ʁ ə
כּפּרה־הינדל	k a p ɔ ʁ ə h ɪ n d l̩
כּפּרה־הינדל	k a p uː ʁ ə h ɪ n d l̩
כּפּרה־הינדל	k a p u ʁ ə h ɨ n d l̩
כּקריעת־ים־סוף	k ə k ʁ ɪ j ə s j a m s ʊ f
כראָם	χ ʁ ɔ m
כראָמיום	χ ʁ ɔ m j ʊ m
כראָניק	χ r ɔ n ɪ k
כרושטש	χ ʁ ʊ ʃ t͡ʃ
כרעמזל	χ ə ʁ ɛ m z ɫ̩
כרעמזל	χ ʁ ɛ m z ɫ̩
כרעמזלעך	χ ʁ ɛ m z ɫ ə χ
כּשר	k ɔ ʃ ə ʁ
כּשר	k uː ʃ ə ʁ
כּשר	k u ʃ ə ʁ
כּשרות	k a ʃ ʁ ə s
כּתבֿ	k s a v
כּתובה	k s ʊ b ə
כּתובֿים	k s ʊ v ə m
כּתובֿים	k s iː v ə m
כּתובֿים	k s i v ə m
כ׳האָב	χ ɔ b
־ל	ɫ̩
לא־יוצלח	l ɔ ɪ̯ j ʊ t͡s l ə χ
לא־יוצלח	l ɔ j ʊ t͡s l ə χ
לא־יוצלח	l e ɪ̯ j ʊ t͡s l ə χ
לא־יוצלח	l e j ʊ t͡s l ə χ
לא־יוצלח	l ɔ ɪ̯ j ɪ t͡s l ə χ
לא־יוצלח	l ɔ j ɪ t͡s l ə χ
לא־יוצלח	l ɔ ɪ̯ j ɨ t͡s l ə χ
לא־יוצלח	l ɔ j ɨ t͡s l ə χ
לאַבירינט	ɫ a b ɪ ʁ ɪ n t
לאַגראַן	ɫ a ɡ r a n
לאַדינאָ	ɫ a d ɪ n ɔ
לאַווינע	l a v i n ɛ
לאַווע	l a v ə
לאָזט	ɫ ɔ s t
לאָזן	ɫ ɔ z n̩
לאָזן	ɫ ɔ n
לאָזסט	ɫ ɔ s t
לאַטײַן	l a t a ɪ̯ n
לאַטקע	ɫ a t k ə
לאַטקעס	ɫ a t k ə s
לאָך	ɫ ɔ χ
לאַכט	ɫ a χ t
לאַכן	ɫ a χ n̩
לאַמאַ	ɫ a m a
לאָמיך	ɫ ɔ m ɪ χ
לאָמיר	ɫ ɔ m ɪ ʁ
לאַנג	ɫ a ŋ ɡ
לאַנג	ɫ a ŋ
לאַנג	ɫ a ɪ̯ ŋ ɡ
לאַנג	ɫ a ɪ̯ ŋ
לאַנדן	ɫ a n d n̩
לאַנדשאַפֿט	ɫ a n d ʃ a f t
לאָנטש	ɫ ɔ n t͡ʃ
לאַפּסערדאַק	ɫ a p s ə r d aː k
לאָצמאַן	ɫ ɔ t͡s m a n
לאָקאַל	ɫ ɔ k a ɫ
לאָקש	ɫ ɔ k ʃ
לאָרבערבלאַט	ɫ ɔ r b ə r b ɫ a t
לבֿנה	l ə v ɔ n ə
לבֿנה	l ə v uː n ə
לבֿנה	l ə v u n ə
לבֿנהדיק	l ə v ɔ n ə d ɪ k
לבֿנהדיק	l ə v uː n ə d ɪ k
לבֿנהדיק	l ə v u n ə d ɪ k
לבֿנון	ɫ ə v ɔ n ə n
להבֿדיל	ɫ ɛ h a v d ɫ̩
להבֿדיל	ɫ ə h a v d ɫ̩
להוט	l ɔ ə t
להוט	l ɔ h ə t
להוט	l ɔ ə t
להוט	l uː h ə t
להוט	l uː ə t
להוט	l u h ə t
להוט	l u ə t
להיפּוך	l ə h ɛ ɪ̯ p ə x
לוגאַנסק	ɫ ʊ ɡ a n s k
לוויה	ɫ ə v a j ə
לוויה	ɫ ə v a ɪ̯ ə
לוח	ɫ ʊ ə χ
לויט	ɫ ɔ ɪ̯ t
לוין	ɫ ɔ ɪ̯ n
לוינע	ɫ ɔ ɪ̯ n ə
לויף	ɫ ɔ ɪ̯ f
לויפֿן	ɫ ɔ ɪ̯ f n̩
לויפֿן	ɫ e ɪ̯ f n̩
לולבֿ	ɫ ʊ ɫ ə v
לולבֿים	ɫ ʊ ɫ ɔ v ə m
לונג	ɫ ʊ ŋ ɡ
לונג	ʎ ɪ ŋ ɡ
לופֿט	ɫ ʊ f t
לופֿטמענטש	ɫ ʊ f t m ɛ n t͡ʃ
לחיים	ɫ ə χ a ɪ̯ ə m
לחלוטין	l a χ l ʊ t n̩
לחלוטין	l a χ l ɪ t n̩
לחלוטין	l a χ l ɨ t n̩
לטובֿת	l ə t ɔ ɪ̯ v ə s
לטובֿת	l ə t e ɪ̯ v ə s
ליאָדע	ʎ ɔ d ə
ליב	ɫ ɪ b
ליבן	ʎ i b n̩
ליבער	l ɪ b ə r
ליבערשט	ʎ ɪ b ə ʁ ʃ t
ליגט	ʎ ɪ k t
ליד	l ɪ d
ליד	l iː t
לידער	ʎ ɪ d ə ʁ
ליובאָווניק	ʎ ʊ b ɔ v n ɪ k
ליובאָווניק	ʎ ʊ b ɔ f n ɪ k
ליוורעע	ʎ ɪ v r ɛ ə
ליוורעע	ʎ ɪ v r ɛ ɛ
ליטווינער	ʎ ɪ t v ɪ n ə ʁ
ליטוויש	ɫ ɪ t v ɪ ʃ
ליטיום	l ɪ t j ʊ m
לייב	ɫ e ɪ̯ b
לייב־מוראַשקע	ɫ e ɪ̯ b m ʊ ʁ a ʃ k ə
לײַבל	ɫ a ɪ̯ b ɫ̩
לייבן	ɫ ɛ ɪ̯ b n̩
לײַבקע	ɫ a ɪ̯ b k ə
לייג	ɫ ɛ ɪ̯ ɡ
לייגט	ɫ ɛ ɪ̯ k t
לייגן	ɫ ɛ ɪ̯ ɡ n̩
ליידיק	ɫ ɛ ɪ̯ d ɪ k
ליידיקן	ɫ ɛ ɪ̯ d ɪ k n̩
ליידער	ɫ ɛ ɪ̯ d ə ʁ
לייוואָרט	ɫ ɛ ɪ̯ v ɔ ʁ t
לײַוואָרט	l a j v ɔ r t
לייזונג	ɫ ɛ ɪ̯ z ʊ ŋ ɡ
לייזונגען	ɫ ɛ ɪ̯ z ʊ ŋ ɡ ə n
לײַט	l a ɪ̯ t
לייטער	ɫ ɛ ɪ̯ t ə ʁ
לייטערס	ɫ ɛ ɪ̯ t ə ʁ s
לײַכט	ɫ a ɪ̯ χ t
לײַכטער	ɫ a ɪ̯ χ t ə ʁ
לײַכטערס	ɫ a ɪ̯ χ t ə ʁ s
לײַלעך	ɫ a ɪ̯ ɫ ə χ
ליים	ɫ ɛ ɪ̯ m
ליים	ɫ e ɪ̯ m
ליים	ɫ a ɪ̯ m
לײַם	ɫ a ɪ̯ m
ליימען	ɫ ɛ ɪ̯ m ə n
לײַמען	ɫ a ɪ̯ m ə n
לײַסטונג	ɫ a ɪ̯ s t ʊ ŋ ɡ
לײַסטונג	ɫ aː s t ɪ ŋ ɡ
לײַסטונג	ɫ a s t ɨ ŋ ɡ
לייען	ɫ ɛ ɪ̯ ə n
לייענען	ɫ ɛ ɪ̯ ə n ə n
לייענען	ɫ ɛ ɪ̯ n ə n
לייענען	ɫ a ɪ̯ ə n ə n
לייענען	ɫ a ɪ̯ n ə n
ליכט	ʎ ɪ χ t
ליכטנשטיין	ɫ ɪ χ t n̩ ʃ t ɛ ɪ̯ n
לילית	ɫ ɪ ɫ ə s
לילית	ɫ ɪ ɫ ɪ s
לימענאַד	ʎ ɪ m ə n a d
לימענע	l ɪ m ə n ə
לינאָטיפּ	l ɪ n ɔ t ɪ p
לינק	ɫ ɪ ŋ k
לינקאַטש	ɫ ɪ ŋ k a t͡ʃ
לינקס	ɫ ɪ ŋ k s
ליסינע	l ɪ s ɪ n ə
ליסינע	l ɪ s ə n ə
ליפֿט	ʎ ɪ f t
ליפֿטן	ʎ ɪ f t n̩
ליקער	ʎ ɪ k ɛ r
לכּבֿוד	ɫ ə k ɔ v ə d
למען־השם	ɫ ə m a n h a ʃ ɛ m
למען־השם	ɫ ə m a n a ʃ ɛ m
לסוף	ɫ ə s ɔ f
לעבן	ɫ ɛ b n̩
לעבן־געבליבענער	ɫ ɛ b n̩ ɡ ɛ b ʎ ɪ b ə n ə ʁ
לעבעדיק	l e j b ə d ɪ k
לעגיאָן	ɫ ə ɡ j ɔ n
לעדל	ɫ ɛ d ɫ̩
לעזביאַנקע	l ɛ z b j a n k ə
לעטיש	ɫ ɛ t ɪ ʃ
לעטלאַנד	ɫ ɛ t ɫ a n d
לעכערן	l ɛ χ ə ʁ n̩
לעמבערג	l ɛ m b ə r ɡ
לעמור	ʎ ə m ʊ ʁ
לעמינג	ʎ ɛ m ɪ ŋ ɡ
לעמפּערט	ʎ ɛ m p ə ʁ t
לענג	ɫ ɛ ŋ ɡ
לענגאויס	l ɛ n ɡ ɔ ɪ̯ s
לענגאויס	l ɛ n ɡ ɔ ʊ̯ s
לעסביאַניש	l ɛ s b j a n ɪ ʃ
לעסביאַניש	l ɛ s b j a n ɨ ʃ
לעסטערן	ɫ ɛ s t ə ʁ n̩
לעפּטאָפּ	ɫ ɛ p t ɔ p
לעפּיש	ɫ ɛ p ɪ ʃ
לעפֿל	ɫ ɛ f ɫ̩
לעקעך	ɫ ɛ k ə χ
לערן	ɫ ɛ ʁ n̩
לערנט	ɫ ɛ ʁ n t
לערנסט	ɫ ɛ ʁ n̩ s t
לערנען	ɫ ɛ ʁ n ə n
לערערין	ɫ ɛ ʁ ə ʁ ɪ n
לעש	ɫ ɛ ʃ
לעשן	ɫ ɛ ʃ n̩
לפֿי	l ə f ɪ
לשון	ɫ ɔ ʃ n̩
לשון	ɫ uː ʃ n̩
לשון	ɫ u ʃ n̩
לשון	ɫ oː ʃ n̩
לשון־הרע	l ɔ ʃ n̩ h ɔ ʁ ə
לשון־הרע	l ɔ ʃ n̩ h ɔ ʁ ə
לשון־הרע	l ɔ ʃ n̩ ɔ ʁ ə
לשון־הרע	l uː ʃ n̩ h uː ʁ ə
לשון־הרע	l uː ʃ n̩ uː ʁ ə
לשון־הרע	l u ʃ n̩ h u ʁ ə
לשון־הרע	l u ʃ n̩ u ʁ ə
לשון־הרען	l ɔ ʃ n̩ h ɔ ʁ ə n
לשון־הרען	l ɔ ʃ n̩ h ɔ ʁ ə n
לשון־הרען	l ɔ ʃ n̩ ɔ ʁ ə n
לשון־הרען	l uː ʃ n̩ h uː ʁ ə n
לשון־הרען	l uː ʃ n̩ uː ʁ ə n
לשון־הרען	l u ʃ n̩ h u ʁ ə n
לשון־הרען	l u ʃ n̩ u ʁ ə n
לשון־הרעניק	l ɔ ʃ n̩ h ɔ ʁ ə n ɪ k
לשון־הרעניק	l ɔ ʃ n̩ h ɔ ʁ ə n ɪ k
לשון־הרעניק	l ɔ ʃ n̩ ɔ ʁ ə n ɪ k
לשון־הרעניק	l uː ʃ n̩ h uː ʁ ə n ɪ k
לשון־הרעניק	l uː ʃ n̩ uː ʁ ə n ɪ k
לשון־הרעניק	l u ʃ n̩ h u ʁ ə n ɨ k
לשון־הרעניק	l u ʃ n̩ u ʁ ə n ɨ k
לשון־זכר	l ɔ ʃ n̩ z ɔ χ ə ʁ
לשון־זכר	l uː ʃ n̩ z uː χ ə ʁ
לשון־זכר	l u ʃ n̩ z u χ ə ʁ
לשון־נקבֿה	l ɔ ʃ n̩ n ə k ɛ ɪ̯ v ə
לשון־נקבֿה	l ɔ ʃ n̩ n ə k e ɪ̯ v ə
לשון־נקבֿה	l ɔ ʃ n̩ n ə k a ɪ̯ v ə
לשונות	ɫ ə ʃ ɔ ɪ̯ n̩ ə s
לשם	l ə ʃ ɛ m
לשם־שמים	ɫ ə ʃ ɛ ɪ̯ m ʃ ɔ m a j ə m
מאַגנאָליע	m a ɡ n ɔ l j ə
מאַגנעזיום	m a ɡ n ɛ z j ʊ m
מאַדיירע	m a d ɛ ɪ̯ r ə
מאדים	m a ɪ d ə m
מאָדנע	m ɔ d n ə
מאַהאַלע	m a h a ɫ ə
מאַזשייק	m a ʒ e ɪ̯ k
מאָטעל	m ɔ t ɛ ʎ
מאַטעמאַטיק	m a t ɛ m a t ɪ k
מאַטערן	m a t ə ʁ n̩
מאַטראַץ	m a t ʁ a t͡s
מאַיאָראַן	m a j ɔ ʁ a n
מאַיִס	m a ɪ s
מאָך	m ɔ χ
מאַכן	m a χ n̩
מאָל	m ɔ ɫ
מאָל	m ʊ ɫ
מאָל	m ɔ ʎ
מאַלאַגאַ	m a ɫ a ɡ a
מאָלאָדיעץ	m ɔ l ɔ d j ɛ t͡s
מאָלאָדיעץ	m ɔ l ɔ d j ɛ t͡s
מאָלאָטשנע	m ɔ ɫ ɔ t͡ʃ n ə
מאָלדאַווע	m ɔ ɫ d a v ə
מאַלטאַ	m a ɫ t a
מאָליבדען	m ɔ l ɪ b d ɛ n
מאַליניק	m a ɫ ɪ n ɪ k
מאַלפּע	m a ɫ p ə
מאַלפּעס	m a ɫ p ə s
מאַמאָט	m a m ɔ t
מאַמאָנט	m a m ɔ n t
מאַמינקע	m a m ɪ nʲ k ə
מאַמינקע	m a m ɪ ŋ k ə
מאַמע־לשון	m a m ə ɫ ɔ ʃ n̩
מאַמעליגע	m a m ə ʎ ɪ ɡ ə
מאָמענטבילד	m ɔ m ɛ n t b ɪ ɫ d
מאַמעש	m a m ə ʃ
מאָן	m o n
מאַנגאָ	m a ŋ ɡ ɔ
מאַנגאָ־בוים	m a ŋ ɡ ɔ b ɔ ɪ̯ m
מאַנגאַן	m a n ɡ a n
מאַנגאַנעז	m a n ɡ a n ɛ z
מאַנדאָלינע	m a n d ɔ l ɪ n ə
מאַנדלברויט	m a n d l̩ b r ɔ ɪ̯ t
מאַנדלשמיר	m a n d ɫ̩ ʃ m iː r
מאַנדריל	m a n d ʁ ɪ ɫ
מאַנהעטן	m a n h ɛ t n̩
מאָנט	m ɔ n t
מאָנט	m uː n t
מאָנט	m u n t
מאָנטיק	m ɔ n t ɪ k
מאַנטל	m a n t ɫ̩
מאַנטלען	m a n t ɫ ə n
מאָנטענעגראָ	m ɔ n t ə n ɛ ɡ ʁ ɔ
מאָניטאָר	m ɔ n ɪ t ɔ ʁ
מאָניטאָרן	m ɔ n ɪ t ɔ ʁ n̩
מאַסטאָדאָן	m a s t ɔ d ɔ n
מאַסלינע	m a s ʎ ɪ n ə
מאַסלינקע	m a s ʎ ɪ n k ə
מאַסע	m a s ə
מאָסקאַל	m ɔ s k a ʎ
מאָסקווע	m ɔ s k v ə
מאָסקיט	m ɔ s k ɪ t
מאַסקע	m a s k ə
מאָפֿין	m ɔ f ɪ n
מאָפֿין	m ʌ f ɪ n
מאַפּע	m a p ə
מאָקאַ	m ɔ k a
מאַקאַראָנען	m a k a r ɔ n ə n
מאַקעראָנדל	m a k ə r ɔ n d ɫ̩
מאַראָזשענע	m a r ɔ ʒ ə n ə
מאַראַסקינאָ	m a r a s k i n ɔ
מאָרגן	m ɔ ʁ ɡ n̩
מאָרד	m ɔ ʀ d
מאָרדע	m ɔ r d ə
מאַרדער	m a ʁ d ə ʁ
מאָרמאָן	m ɔ ʁ m ɔ n
מאָרמאָניזם	m ɔ ʁ m ɔ n ɪ z m̩
מאָרמאָניש	m ɔ ʁ m ɔ n ɪ ʃ
מאַרס	m a ʁ s
מאַרסאַלאַ	m a r s a ɫ a
מאַרץ	m a ʁ t͡s
מאַרק	m a ʁ k
מאַרקע	m a ʁ k ə
מאַרשעליק	m a ʁ ʃ ə l ɪ k
מאַרשרוטקע	m a r ʃ r ʊ t k ə
מאַשין	m a ʃ ɪ n
מאַשינביקס	m a ʃ ɪ n b ɪ k s
מאַשינען	m a ʃ ɪ n ə n
מבול	m a b ɫ̩
מבולט	m a b ɫ̩ t
מבולען	m a b ɫ̩ ə n
מבֿינות	m ə v ɪ n ə s
מבֿינות	m ə v iː n ə s
מבֿינות	m ə v i n ə s
מבֿינותדיק	m ə v ɪ n ə s d ɪ k
מבֿינותדיק	m ə v iː n ə s d ɪ k
מבֿינותדיק	m ə v i n ə s d ɨ k
מגילה	m ə ɡ ɪ ɫ ə
מגפֿה	m a ɡ ɛ ɪ̯ f ə
מדבר	m ɪ d b ə r
מדבריות	m ɪ d b ɔ ʁ j ə s
מדינה	m ə d ɪ n ə
מדרגה	m a d ʁ ɛ ɪ̯ ɡ ə
מה־דאָך	m a d ə x
מהות	m ə h uː s
מהלך	m ə h a ɫ ə χ
מהפּכה	m a h ə p ɛ ɪ̯ χ ə
מהפּכה	m a h ə p e ɪ̯ χ ə
מהפּכה	m a p e ɪ̯ χ ə
מהפּכה	m a h ə p a ɪ̯ χ ə
מהפּכה	m a p a ɪ̯ χ ə
מהפּכה	m a h ə p ɛ ɪ̯ χ ə
מהפּכה	m a p ɛ ɪ̯ χ ə
מוּווי	m ʊ v ɪ
מוז	m ʊ z
מוזיי	m u z ɛ ɪ̯
מוזיקאַנט	m ʊ z ɪ k a n t
מוזיקער	m ʊ z ɪ k ə ʁ
מוזן	m ʊ z n̩
מויז	m ɔ ɪ̯ z
מויל	m ɔ ɪ̯ ɫ
מויל	m o ʊ̯ ɫ
מויל	m ɔː ɫ
מויער	m ɔ ɪ̯ ə ʁ
מויערנברעכער	m ɔ ɪ̯ ə ʁ n̩ b ʁ ɛ χ ə ʁ
מוסד	m ɔ ɪ̯ s ə d
מוסד	m e ɪ̯ s ə d
מוסקאַט	m ʊ s k a t
מוסקל	m ʊ s k ɫ̩
מוסקלען	m ʊ s k ɫ̩ ə n
מופֿת	m ɔ ɪ̯ f ə s
מופֿתים	m ɔ f s ə m
מורא	m ɔ ɪ̯ ʁ ə
מוראדיק	m ɔ ɪ̯ ʁ ə d ɪ k
מוראַשקע	m ʊ ʁ a ʃ k ə
מוראַשקעס	m ʊ ʁ a ʃ k ə s
מורקען	m ʊ ʁ k ə n
מושבֿ	m ɔ ɪ̯ ʃ ə v
מושבֿ	m e ɪ̯ ʃ ə v
מושבֿ־זקנים	m ɔ ɪ̯ ʃ ə v z k ɛ ɪ̯ n ə m
מושבֿ־זקנים	m e ɪ̯ ʃ ə v z k e ɪ̯ n ə m
מושבֿ־זקנים	m ɔ ɪ̯ ʃ ə v z k a ɪ̯ n ə m
מושטאַרדע	m ʊ ʃ t a r d ə
מושקאַט	m ʊ ʃ k a t
מושקעט	m ʊ ʃ k ə t
מזומן	m ə z ʊ m ə n
מזומנקע	m ə z ʊ m ə n k ə
מזיק	m a z ə k
מזל	m a z ɫ̩
מזל־טובֿ	m a z ɫ̩ t ɔ v
מזרח	m ɪ z ʁ ə χ
מחבר	m ə χ a b ə ʁ
מחויבֿ	m ɛ χ ʊ j ə v
מחותּן	m ə χ ʊ t n̩
מחותּנים	m a χ ə t ɔ n ə m
מחותּנתטע	m ə χ ʊ t ɛ n ə s t ə
מחותּנתטע	m ə χ ɪ t e ɪ̯ n ə s t ə
מחיה	m ə χ a ɪ̯ ə
מחיהדיק	m ə χ a ɪ̯ ə d ɪ k
מחמת	m a χ m ə s
מחנה	m a χ n ə
מחנותווײַז	m a χ n ə s v a ɪ̯ z
מחנותווײַז	m a χ n ə s v aː z
מחנותווײַז	m a χ n ə s v a z
מי־יודע	m ɪ j ə d ɛ ɪ̯ ə
מיאוס	m i ə s
מיד	m ɪ d
מיד	m iː d
מיזיניק	m ɪ z ɪ n ɪ k
מיזינקע	m ɪ z ɪ n k ɜ
מיזלי	m ɪ z ʎ ɪ
מיטאָג	m ɪ t ɔ ɡ
מיטאַרבעטער	m ɪ t a ʁ b ə t ə ʁ
מיטטיילונג	m ɪ t t e ɪ̯ ɫ ʊ ŋ ɡ
מיטטיילונג	m ɪ t e ɪ̯ ɫ ʊ ŋ ɡ
מיטטיילונג	m ɪ t t a ɪ̯ ɫ ʊ ŋ ɡ
מיטטיילונג	m ɪ t a ɪ̯ ɫ ʊ ŋ ɡ
מיטל	m ɪ t l̩
מיטלענדיש	m ɪ t l ɛ n d ɪ ʃ
מיטן	m ɪ t n̩
מיטנעמען	m ɪ t n ɛ m ə n
מיטקינד	m ɪ t k ɪ n d
מיטשלעפּן	m ɪ t ʃ l ɛ p n̩
מיטשלעפּן	m ɨ t ʃ l ɛ p n̩
מײַ	m a ɪ̯
מיידל	m e ɪ̯ d ɫ̩
מיידלווײַז	m ɛ ɪ̯ d ɫ̩ v a ɪ̯ z
מיידלעך	m e ɪ̯ d ɫ ə χ
מײַדן	m a ɪ̯ d n̩
מײַדן	m aː d n̩
מײַדן	m a d n̩
מײַז	m a ɪ̯ z
מײַל	m a ɪ̯ ɫ
מײַן	m a ɪ̯ n
מײַן	m aː n
מיינונג	m ɛ ɪ̯ n ʊ ŋ ɡ
מיינונג	m a ɪ̯ n ɪ ŋ ɡ
מיינסטנס	m ɛ ɪ̯ n s t n̩ s
מיינסטנס	m ɛ ɪ̯ n s n̩ s
מיינסטנס	m a ɪ̯ n s t n̩ s
מיינסטנס	m a ɪ̯ n s n̩ s
מײַנע	m a ɪ̯ n ə
מײַנעם	m a ɪ̯ n ə m
מײַנער	m a ɪ̯ n ə ʁ
מייער	m ɛ ɪ̯ ə ʁ
מייערן	m ɛ ɪ̯ ə ʁ n
מײַראַן	m a ɪ̯ ʁ a n
מיך	m ɪ χ
מיכאל	m ɪ χ ɔ ə l
מיכאל	m ɪ χ uː ɫ
מילא	m ɛ ɪ̯ ɫ ə
מילגרוים	m ɪ ɫ ɡ r ɔ ɪ̯ m
מיליאָן	m ɪ ʎ j ɔ n
מיליאַרד	m ɪ ʎ j a ʁ d
מילך	m ɪ ɫ χ
מילך	m ɪ l ə χ
מילכיק	m ɪ l χ ɪ k
מילכיק	m ɪ l ç ɪ k
מילכיק	m ɪ l ʃ ɪ k
מים	m i m
מים	m a j ɪ m
מים	m a ɪ̯ ə m
מינאַרעט	m ɪ n a ʁ ɛ t
מינהג	m ɪ n ə ɡ
מינהגים	m ɪ n h ɔ ɡ ə m
מינוט	m ɪ n ʊ t
מינוט	m ɪ n ɪ t
מינוס	m ɪ n ʊ s
מיניבוס	m ɪ n ɪ b ʊ s
מיניסטעריום	m ɪ n ɪ s t ɛ r ɪ j ʊ m
מיניסטעריום	m ɪ n ɪ s t ɛ r j ʊ m
מינכן	m ɪ n χ n̩
מינערווע	m ɪ n ɛ ʁ v ə
מיסט	m ɪ s t
מיסטבאַרג	m ɪ s t b a ʁ ɡ
מיסטעריע	m ɪ s t ɛ ʁ j ə
מיסטקאַסטן	m ɪ s t k a s t n̩
מיסעס	m ɪ s ə s
מיצווה	m ɪ t͡s v ə
מיצריש	m ɪ t͡s r ɪ ʃ
מיצרישן	m ɪ t͡s ʁ ɪ ʃ n̩
מיצרית	m ɪ t͡s ʁ ɪ s
מיקראָטאָם	m ɪ k ʁ ɔ t ɔ m
מיקראָספּעקטראָסקאָפּ	m ɪ k ʁ ɔ s p ɛ k t ʁ ɔ s k ɔ p
מיקראָסקאָפּ	m ɪ k ʁ ɔ s k ɔ p
מיקראָסקאָפּיע	m ɪ k ʁ ɔ s k ɔ p j ə
מיקראָסקאָפּיש	m ɪ k ʁ ɔ s k ɔ p ɪ ʃ
מיר	m ɪ ʁ
מירל	m ɪ ʁ ɫ̩
מישונג	m ɪ ʃ ʊ ŋ ɡ
מישן	m ɪ ʃ n̩
מישער	m ɪ ʃ ə r
מכשיר	m a χ ʃ ə r
מכשפֿה	m a χ ʃ ɛ ɪ̯ f ə
מלאך	m a ɫ ə χ
מלאך־המות	m a l ə χ a m ɔ v ə s
מלאך־המות	m a l ə χ a m uː v ə s
מלאך־המות	m a l ə χ a m u v ə s
מלוכה	m ə l ʊ χ ə
מלוכה	m ə l ʊ χ ə
מלוכה	m l ʊ χ ə
מלוכה	m ə l iː χ ə
מלוכה	m l iː χ ə
מלוכה	m ə l i χ ə
מלוכה	m l i χ ə
מלחמה	m ɪ l χ ɔ m ə
מלך	m ɛ ɪ̯ l ɜ χ
מלכות	m a l χ ə s
מלשין	m a ɫ ʃ n̩
ממילא	m ɪ m ɛ ɪ̯ ɫ ə
ממש	m a m ə ʃ
מנהל	m ə n a h ə l
מנהל	m ə n a j ə l
מנהל	m ə n a ə l
מנהל	m ə n aː h ə l
מנהל	m ə n aː ə l
מנוחה	m ə n ʊ χ ə
מנוחה	m ə n iː χ ə
מנוחה	m ə n i χ ə
מנורה	m ə n ɔ ɪ̯ ʁ ə
מנורות	m ə n ɔ ɪ̯ ʁ ə s
מעגאַטעריום	m ɛ ɡ a t ɛ ʁ j ʊ m
מעגאַלאָזאַורוס	m ɛ ɡ a ɫ ɔ z a ʊ̯ ʁ ʊ s
מעגלעך	m ɛ ɡ ɫ ə χ
מעדוזע	m ɛ d ʊ z ə
מעדוזעס	m ɛ d ʊ z ə s
מעדיצין	m ɛ d ɪ t͡s i n
מעווע	m ɛ v ə
מעטשעט	m ə t ʃ ɛ t
מעך	m ə χ
מעך	m ɛ χ
מעכטיק	m ɛ χ t ɪ k
מעלדונג	m ɛ ɫ d ʊ ŋ
מעלדן	m ɛ l d n̩
מעלפּאָמענע	m ɛ ɫ p ɔ m ɛ n ə
מעלקן	m ɛ l k n̩
מעמל	m ɛ m ɫ̩
מענדל	m ɛ n d l̩
מענטע	m ɛ n t ə
מעניו	m ɛ ɲ u
מעניוען	m ɛ ɲ u ə n
מענער	m ɛ n ə ʁ
מעסער־אַקאַציע	m ɛ s ə r a k a t͡s j ə
מעפֿיסטאָ	m ɛ f ɪ s t ɔ
מעפֿיסטאָפֿעל	m ɛ f ɪ s t ɔ f ɛ ɫ
מעפֿיסטאָפֿעליש	m ɛ f ɪ s t ɔ f ɛ ɫ ɪ ʃ
מעקן	m ɛ k n̩
מעקסיקע	m ɛ k s ɪ k ə
מעקער	m ɛ k ə ʁ
מעקערס	m ɛ k ə ʁ s
מערבֿ	m a ɪ̯ r ə v
מערבֿ	m aː r ə v
מערבֿ	m aː r ə f
מערבֿ	m a r ə v
מערביק	m ɛ r b ɪ k
מעריבֿ	m a ɪ̯ r ə v
מעריבֿ	m aː r ə v
מעריבֿ	m aː r ə f
מעריבֿ	m a r ə v
מערען	m ɛ ɾ ɛ n
מערק	m ɛ ʁ k
מערקור	m ɛ ʁ k ʊ ʁ
מערקוריוס	m ɛ ʁ k ʊ ʁ j ʊ s
מעשׂה	m a ɪ̯ s ə
מעשׂה	m aː s ə
מעשׂה	m a n s ə
מעשׂים	m a ɪ̯ s ə m
מעשׂים	m a n s ə m
מעשן	m ɛ ʃ n̩
מעת־לעת	m ə s l ɛ s
מפּיל־קינד	m a p ɫ̩ k ɪ n d
מפּלה	m a p ɔ ɫ ə
מפּלען	m a p ɫ ə n
מפֿרש	m ə f a ʁ ə ʃ
מצבֿ	m a t͡s ə v
מצה	m a t͡s ə
מצות	m a t͡s ə s
מציאה	m ə t͡s i j ə
מציאות	m ə t͡s i j ə s
מצרים	m ɪ t͡s ʁ a j ə m
מקור	m ɔ k ə ʁ
מקור	m uː k ə ʁ
מקור	m u k ə ʁ
מרדכי	m ɔ ʁ t χ ə
משׂא	m a s ə
משה	m ɔ ɪ̯ ʃ ə
משוגע	m ə ʃ u ɡ ə
משוגע	m ɜ ʃ ʊ ɡ ɜ
משוגע	m ɜ ʃ iː ɡ ɜ
משוגע	m ɜ ʃ i ɡ ɜ
משוגעים	m ə ʃ ʊ ɡ ɔ ɪ m
משוגענער	m ə ʃ ʊ ɡ ə n ə ʁ
משוגענערווײַז	m ə ʃ ʊ ɡ ə n ə ʁ v a ɪ̯ z
משוגעת	m ə ʃ ʊ ɡ a s
משוגעת	m ə ʃ ɪ ɡ aː s
משוגעת	m ə ʃ ɨ ɡ a s
משונה	m ə ʃ ʊ n ə
משונה	m ə ʃ ɪ n ə
משונה	m ə ʃ ɨ n ə
משונהדיק	m ə ʃ ʊ n ə d ɪ k
משונהדיק	m ə ʃ ɪ n ə d ɪ k
משונהדיק	m ə ʃ ɨ n ə d ɪ k
משיח	m ɔ ʃ i ə χ
משיחיש	m ə ʃ ɪ χ ɪ ʃ
משכּון	m a ʃ k n̩
משלען	m ɔ ʃ l ə n
משלען	m uː ʃ l ə n
משלען	m u ʃ l ə n
משפּחה	m ɪ ʃ p ɔ χ ɜ
משפּחה	m ɪ ʃ p uː χ ɜ
משפּחה	m ɨ ʃ p u χ ɜ
משפּטן	m ɪ ʃ p ə t n̩
משרת	m ə ʃ ɔ ʁ ə s
מת	m ɛ ɪ̯ s
מתּנה	m a t ɔ n ə
מ׳האָט	m ɔ t
מ׳האָט	m uː t
נאָדל	n ɔ d ɫ̩
נאַהיט	n a h i t
נאָז	n ɔ z
נאַטור	n a t ʊ ʁ
נאָטיץ	n ɔ t ɪ t͡s
נאַטירלעך	n a t ɪ r l ə χ
נאַטירלעך	n a t iː r l ə χ
נאַטריום	n a t ʁ j ʊ m
נאַטשאָ	n a t͡ʃ ɔ
נאָך	n ɔ χ
נאָכ־	n ɔ χ
נאָכ־	n uː χ
נאָכ־	n u χ
נאָכאַמאָל	n ɔ χ a m ɔ ɫ
נאָכגיין	n ɔ χ ɡ ɛ ɪ̯ n
נאָכהענגערל	n ɔ χ h ɛ ŋ ɡ ə r ɫ̩
נאָכהענגערל	n ɔ χ ɛ ŋ ɡ ə r ɫ̩
נאַכט	n a χ t
נאָכטאָן	n ɔ χ t ɔ n
נאָכטאָן	n uː χ t uː n
נאָכטײַטן	n ɔ χ t a ɪ̯ t n̩
נאַכטסאָווע	n a χ t s ɔ v ə
נאַכטפֿויגל	n a χ t f ɔ ɪ̯ ɡ ɫ̩
נאָכיאָגן	n ɔ χ j ɔ ɡ n̩
נאָכמיטאָג	n ɔ χ m ɪ t ɔ ɡ
נאָכמיטאָג	n ɔ χ m ɪ t ɔ ɡ
נאָכמיטאָגדיק	n ɔ χ m ɪ t ɔ ɡ d ɪ k
נאָכמיטאָגדיק	n ɔ χ m ɪ t ɔ ɡ d ɪ k
נאָכפֿאָלגן	n ɔ χ f ɔ l ɡ n̩
נאָכקוקן	n ɔ χ k ʊ k n̩
נאָכקוקן	n uː χ k ɪ k n̩
נאָכקוקן	n u χ k ɨ k n̩
נאָכשטופּן	n ɔ χ ʃ t ʊ p m̩
נאָכשטופּן	n ɔ χ ʃ t ɪ p m̩
נאָכשטופּן	n ɔ χ ʃ t ɨ p m̩
נאַליווקע	n a ʎ ɪ f k ə
נאַליווקע	n a ʎ ɪ v k ə
נאָמען	n ɔ m ə n
נאָמען	n uː m ə n
נאָמען	n u m ə n
נאַס	n a s
נאַסטיעזש	n a s t j ɛ ʒ
נאַסטיעזש	n a sʲ tʲ e ʒ
נאָענטקייט	n ɔ ə n t k a ɪ̯ t
נאָענטקייט	n ɔ ə n t k e ɪ̯ t
נאַפּשיקלאַד	n a p ʃ ɪ k ɫ a d
נאַפּשיקלאַד	n a p ʃ ɪ k ɫ a t
נאָר	n ɔ ʁ
נאָרדמאַן־יאָדלע	n ɔ r d m a n j ɔ d l ə
נאָרוועגיע	n ɔ ʁ v ɛ ɡ j ə
נאַריש	n a ʁ ɪ ʃ
נאַרישער	n a ʁ ɪ ʃ ə ʁ
נאָרמאַל	n ɔ ʁ m a ɫ
נאַרן	n a ʀ n
נאַש	n a ʃ
נאַשבראַט	n a ʃ b r a t
נאַשן	n a ʃ n̩
נבֿיא	n ɔ v i
נבֿיאה	n ə v ɪ j ə
נבֿיאות	n ə v ɪ j ə s
נבֿיאים	n ə v ɪ j ə m
נבֿיאים	n ə v ɪ ə m
נבֿלה	n ə v ɛ ɪ̯ ɫ ə
נוגאַט	n ʊ ɡ a t
נוגשׂ	n ɔ ɪ̯ ɡ ə s
נוגשׂ	n e ɪ̯ ɡ ə s
נודנע	n ʊ d n ə
נויטפֿאַל	n ɔ j t f a l
נול	n ʊ ɫ
נומער	n ʊ m ə ʁ
נוס	n ʊ s
נוקען	n ʊ k ə n
נוקען	n iː k ə n
נוקען	n i k ə n
נותן	n ɔ ɪ s n̩
נותן	n ɛ ɪ s n̩
נחלה	n ɔ χ ɫ ə
נחת	n a χ ə s
ניאָביום	n j ɔ b j ʊ m
נידעריק	n ɪ d ə ʁ ɪ k
ניטאָיִק	n ɪ t ɔ ɪ k
ניי	n ɛ ɪ̯
נײַ	n a ɪ̯
נײַ־לבֿנה	n a ɪ̯ l ə v ɔ n ə
נײַ־לבֿנה	n aː l ə v uː n ə
נײַ־לבֿנה	n a l ə v u n ə
נייגן	n ɛ ɪ̯ ɡ n̩
נייגן	n a ɪ̯ ɡ n̩
נייגן	n e ɪ̯ ɡ n̩
נייטיק	n e ɪ̯ t ɪ k
נייטראַל	n ɛ ɪ̯ t r a l
ניין	n ɛ ɪ̯ n
ניין	n a ɪ̯ n
נײַן	n a ɪ̯ n
נײַן	n aː n
נײַן	n a n
נײַנט	n a ɪ̯ n t
נײַנציק	n a ɪ̯ n t͡s ɪ k
נײַנציק	n aː n t͡s ɪ k
נײַנציק	n a n t͡s ɨ k
נײַע	n a ɪ̯ ə
נייען	n ɛ ɪ̯ ə n
ניסן	n ɪ s n̩
ניסן	n iː s n̩
ניסן	n ɪ s n̩
ניפֿטר	n ɪ f t ə ʁ
ניצול	n ɪ t͡s ɫ̩
ניצן	n ɪ t͡s n̩
־ניצע	n ɪ t s ə
־ניק	n ɪ k
ניקל	n ɪ k l̩
ניקלנע	n ɪ k l̩ n ə
נישטאָ	n ɪ ʃ t ɔ
ניתּבע	n ɪ t b ə
נמאס	n ɪ m ə s
נמאס	n ɨ m ə s
נס	n ɛ s
נסיעה	n ɛ s i ə
נע־ונד	n a v ə n a d
נע־ונד	n a v n a d
נעאָן	n ɛ ɔ n
נעבן	n ɛ b n̩
נעבעך	n ɛ b ə χ
נעבעכל	n ɛ b ə χ ɫ̩
נעגעלע	n ɛ ɡ ə ɫ ə
נעכטן	n ɛ χ t n̩
נעלקנאייל	n ɛ ɫ k n̩ ɛ ɪ̯ ɫ
נעם	n ɛ m
נעמען	n ɛ m ə n
נעפּטוניום	n ɛ p t ʊ n j ʊ m
נעקסט	n ɛ k s t
נפֿלע	n ɛ ɪ̯ f ə l ə
נפֿלע	n e ɪ̯ f ə l ə
נפֿלע	n a ɪ̯ f ə l ə
נפֿש	n ɛ f ɜ ʃ
נפֿש	n eː f ɜ ʃ
נפֿש	n e ɪ̯ f ɜ ʃ
נפֿש	n ɛ ɪ̯ f ɜ ʃ
נפֿש	n i f ɜ ʃ
נצח	n ɛ t͡s ə χ
נצח	n e ɪ̯ t͡s ə χ
נצח	n a ɪ̯ t͡s ə χ
נצח	n ɛ ɪ̯ t͡s ə χ
נצחדיק	n ɛ t͡s ə χ d ɪ k
נצחדיק	n e ɪ̯ t͡s ə χ d ɪ k
נצחדיק	n a ɪ̯ t͡s ə χ d ɪ k
נצחדיק	n ɛ ɪ̯ t͡s ə χ d ɨ k
נצחון	n ɪ t͡s ɔ χ n̩
נצחון	n ɪ t͡s u χ n̩
נצחונדיק	n ɪ t͡s ɔ χ n̩ d ɪ k
נצחונדיק	n ɪ t͡s u χ n̩ d ɪ k
נקבֿה	n ɜ k ɛ ɪ̯ v ɜ
נקודה	n ə k ʊ d ə
נקודה	n ə k iː d ə
נשמה	n ə ʃ ɔ m ə
נשמה	n ə ʃ uː m ə
נשמה	n ə ʃ u m ə
נשמה	n ə ʃ oː m ə
סאַדיזם	s a d ɪ z m̩
סאַדיסט	s a d ɪ s t
סאַדיסטיש	s a d ɪ s t ɪ ʃ
סאָדע	s ɔ d ə
סאָוואַ	s ɔ v a
סאָווע	s ɔ v ə
סאָוועטן־פֿאַרבאַנד	s ɔ v ɛ t n f a r b a n d
סאָוס	s ɔ ʊ s
סאַזשע	s a ʒ ə
סאָכע	s ɔ χ ə
סאַלאַט	s a ɫ a t
סאָלדאַט	s ɔ ɫ d a t
סאָלדאַטן	s ɔ ɫ d a t n̩
סאַמאָדערזשאַוויע	s a m ɔ d ɛ r ʒ a v j ɛ
סאַמאָוואַר	s a m ɔ v a ʁ
סאַמאַרקאַנד	s a m a r k aː n d
סאָנדיי	s ɔ n d ɛ ɪ̯
סאָנדיי	s ʌ n d ɛ ɪ̯
סאָס	s ɔ s
סאָציאָלאָגיע	s ɔ t͡s j ɔ ɫ ɔ ɡ j ə
סאַקסאָפֿאָן	s a k s ɔ f ɔ n
סאַראָקע	s a ʁ ɔ k ə
סאָראָקע	s ɔ ʁ ɔ k ə
סאָרגע	s ɔ r ɡ ə
סאַרדינקע	s a ʁ d ɪ ŋ k ə
סאַרדעל	s a ʁ d ɛ ɫ
סאָרט	s ɔ ʁ t
סבֿרא	s v ɔ ʁ ə
סבֿרא	s v uː ʁ ə
סבֿרא	s v u ʁ ə
סדר	s ɛ ɪ̯ d ə ʁ
סוועטער	s v ɛ t ə ʁ
סויע	s ɔ ɪ̯ ə
סויעמילך	s ɔ ɪ̯ ə m ɪ ɫ χ
סוכּה	s ʊ k ə
סוכּה	s ɪ k ə
סוכּות	s ʊ k ə s
סוכּות	s ɪ k ə s
סוכּות	s ɨ k ə s
סוס	s ʊ s
סוס	s ɪ s
סוס	s ɨ s
סוף	s ɔ f
סוף־וואָך	s ɔ f v ɔ χ
סוף־כּל־סוף	s ɔ f k l̩ s ɔ f
סוף־סוף	s ɔ f s ɔ f
סופֿלאָז	s ɔ f ɫ ɔ z
סוריקאַטע	s ʊ r ɪ k a t ə
סושי	s u ʃ i
סושי	s u ʃ ɪ
סטאַזשירונג	s t a ʒ ɪ r ʊ n ɡ
סטאָלאָווע	s t ɔ ɫ ɔ v ə
סטאָלאָווקע	s t ɔ ɫ ɔ v k ə
סטאַנציע	s t a n t͡s j ə
סטאַשקעשמיר	s t a ʃ k ə ʃ m i r
סטואַרד	s t ʊ a ʁ d
סטואַרדקע	s t ʊ a ʁ d k ə
סטופּע	s t ʊ p ə
סטיראָל	s t ɪ r ɔ ɫ
סטיראָשוים	s t ɪ r ɔ ʃ ɔ ɪ̯ m
סטעליע	s t ɛ ʎ j ə
סטראָנטיום	s t ʁ ɔ n t j ʊ m
סיגנאַציע	s ɪ ɡ n a t͡s j ə
סיגנעט	s ɪ ɡ n ɛ t
סידור	s ɪ d ə ʀ
סיוון	s ɪ v n̩
סײַדן	s a ɪ̯ d n̩
סײַדן	s aː d n̩
סייטשאַס	s ɛ ɪ̯ t͡ʃ a s
סייטשאַס	s ɪ t͡ʃ a s
סילוק	s ɪ l ə k
סילוק	s ɨ l ə k
סילוקן	s ɪ l ə k n̩
סילוקן	s ɨ l ə k n̩
סיליציום	s ɪ l ɪ t͡s j ʊ m
סיליקאָן	s ɪ l ɪ k ɔ n
סינטעז	s ɪ n t ɛ z
סינטעז	s ɪ n t ɛ s
סיפּור	s ɪ p ə ʁ
סיפּור־המעשׂה	s ɪ p ə ʁ h a m a ɪ̯ s e
סיפּור־המעשׂה	s ɪ p ə ʁ h a m a ɪ̯ s e
סיפּור־המעשׂה	s ɪ p ə ʁ a m a ɪ̯ s e
סיפּור־המעשׂה	s ɪ p ə ʁ h a m a n s e
סיפּור־המעשׂה	s ɪ p ə ʁ a m a n s e
סיפּור־המעשׂה	s ɪ p ə ʁ h a m aː s e
סיפּור־המעשׂה	s ɪ p ə ʁ a m aː s e
סיפּור־המעשׂה	s ɪ p ə ʁ h a m a n s e
סיפּור־המעשׂה	s ɪ p ə ʁ h a m a s e
סיפּור־המעשׂה	s ɪ p ə ʁ a m a n s e
סיפּור־המעשׂה	s ɪ p ə ʁ a m a s e
סיריע	s ɪ ʁ j ə
סך־הכּל	s a χ a k ɫ̩
סכך	s χ a χ
סכך־בוים	s χ a χ b ɔ ɪ̯ m
סכּנה	s a k ɔ n ə
סכּנה	s ə k ɔ n ə
סכּנהדיק	s a k ɔ n ə d ɪ k
סכּנהדיק	s ə k ɔ n ə d ɪ k
סכּנות	s a k ɔ n ə s
סכּנות	s ə k ɔ n ə s
סלאָבאָדקע	s ɫ ɔ b ɔ d k ə
סלאָוואַקײַ	s ɫ ɔ v a k a ɪ̯
סלאָוועניע	s ɫ ɔ v ɛ n j ə
סלאָנים	s ɫ ɔ n ɪ m
סלוי	s ɫ ɔ ɪ̯
סלויעס	s ɫ ɔ ɪ̯ ə s
סלוצק	s ɫ ʊ t͡s k
סליעדעווען	s ʎ eː d ə v ə n
סם־בלעטלעך	s a m b l ɛ t l ə χ
סמאַהע	s m a h ə
סמעטענע	s m ɛ t ə n ə
סנה	s n ɛ
סנה	s n ɛ ɪ̯
סעודה	s ʊ d ə
סעזאָן	s ɛ z ɔ n
סעזאָן	s ə z ɔ n
סעלדעריי	s ɛ ʎ d ə r ɛ ɪ̯
סעלעניום	s ɛ l ɛ n j ʊ m
סעלעריע	s ə ɫ ɛ r j ə
סעמעטשקע	s ɛ m ə t͡ʃ k ə
סעמעסטער	s ɛ m ɛ s t ə ʁ
סענדוויטש	s ɛ n d v ɪ t͡ʃ
סענטימענט	s ɛ n t ɪ m ɛ n t
סעפּטעמבער	s ɛ p t ɛ m b ə ʁ
סעקולאַריזירן	s ɛ k ʊ ɫ a r ɪ z i r n̩
סעקונדע	s ə k ʊ n d ə
סעקונדע	s k ʊ n d ə
סעקטע	s ɛ k t ə
סעקרעטאַר	s ə k ʁ ə t a ʁ
סעקרעטאַרשע	s e k ʁ ə t a ʁ ʃ ə
סערביע	s ɛ ʁ b j ə
ספּאַמפֿלייש	s p a m f ɫ ɛ ɪ̯ ʃ
ספּעציאַליסט	s p ɛ t͡s j a ʎ ɪ s t
ספּעציאַליסטן	s p ɛ t͡s j a ʎ ɪ s t n̩
ספּעציאַליסטקע	s p ɛ t͡s j a ʎ ɪ s t k ə
ספּעקטאָר	s p ɛ k t ɔ ʁ
ספּעקטראָסקאָפּ	s p ɛ k t ʁ ɔ s k ɔ p
ספֿק	s ɔ f ə k
ספֿר	s ɛ ɪ̯ f ə ʁ
ספֿר	s a ɪ̯ f ə ʁ
ספֿר־הזכּרון	s ɛ ɪ̯ f ə ʁ h a z ɪ k ɔ ʁ n̩
ספֿר־הזכּרון	s e ɪ̯ f ə ʁ h a z ɪ k ɔ ʁ n̩
ספֿר־הזכּרון	s e ɪ̯ f ə ʁ a z ɪ k ɔ ʁ n̩
ספֿר־הזכּרון	s a ɪ̯ f ə ʁ h a z ɪ k uː ʁ n̩
ספֿר־הזכּרון	s a ɪ̯ f ə ʁ a z ɪ k uː ʁ n̩
ספֿר־הזכּרון	s ɛ ɪ̯ f ə ʁ h a z ɪ k u ʁ n̩
ספֿר־הזכּרון	s ɛ ɪ̯ f ə ʁ a z ɪ k u ʁ n̩
סצימיטאַר	s t͡s ɪ m ɪ t a r
סקאַמייקע	s k a m ɛ ɪ̯ k ə
סקאַמייקע	s k a m e ɪ̯ k ə
סקאָן	s k ɔ n
סקאַנדיום	s k a n d j ʊ m
סקאָרינקע	s k ɔ r ɪ n k ə
סקאָרינקע	s k ɔ r ɪ ŋ k ə
סקאָרפּיאָן	s k ɔ ʁ p j ɔ n
סקווער	s k v ɛ r
סקעלעט	s k ə ɫ ɛ t
סתּם	s t a m
ס׳האָט	s ɔ t
ס׳האָט	s uː t
ס׳רובֿ	s ʁ ɔ v
עבֿר	ɔ v ə ʁ
עבֿר	uː v ə ʁ
עבֿר	u v ə ʁ
עבֿרדיק	ɔ v ə ʁ d ɪ k
עבֿרדיק	uː v ə ʁ d ɪ k
עבֿרדיק	u v ə ʁ d ɪ k
עבֿרה	a v ɛ ɪ r ə
עבֿריתּ	ɪ v ʁ ɪ t
עגלה	a ɡ ɔ l ə
עגלה	a ɡ uː l ə
עגלה	a ɡ u l ə
עגמת־נפֿש	a ɡ m ə s n ɛ f ə ʃ
עגמת־נפֿש	a ɡ m ə s n ɛ ɪ̯ f ə ʃ
עדות	ɛ ɪ̯ d ə s
עדות	a ɪ̯ d ə s
־עוודיק	ə v d ɪ k
עוולה	a v l ə
־עווען	ə v ə n
עוועניו	ɛ v ɛ n j ʊ
עולה	ɔ ɪ̯ ɫ ə
עולים	ɔ ɪ̯ ɫ ɪ m
עומר	ɔ ɪ̯ m ɜ r
עומר	e ɪ̯ m ɜ r
עזה	a z ə
עטיקעט	ɛ t ɪ k ɛ t
עטלעך	ɛ t ɫ ə χ
עטלעכע	ɛ t l ə χ ə
עכאָ	ɛ χ ɔ
עכאָיִרן	ɛ χ ɔ ɪ ʁ n̩
עכט	ɛ χ t
־עכץ	ə χ t͡s
על־פּי	a l p ɪ
על־פּי	a l p ə
עלטער	ɛ l t ɜ r
עלטער־זיידע	ɛ ɫ t ə ʁ z ɛ ɪ̯ d ə
עלטערע	ɛ ɫ t ə ʁ ə
עלסטער	ɛ ɫ s t ə ʁ
עלעהיי	ɛ l ə h ɛ ɪ̯
עלעהיי	ɛ l ə h e ɪ̯
עלעהיי	ɛ l ə h a ɪ̯
עלעווייטעד	ɛ ɫ ə v ɛ ɪ̯ t ə d
עלעקטרײַ	ɛ ɫ ɛ k t r a ɪ̯
עם	ɛ m
עם	a m
עמו	ɛ m ʊ
עמידה	a m ɪ d ə
עמידה	a m iː d ə
עמידה	a m i d ə
עמעצער	ɛ m ə t͡s ə ʁ
עמער	ɛ m ə ʁ
ענגלאַנד	ɛ ŋ ɡ ɫ a n d
ענגליש	ɛ ŋ ɡ ʎ ɪ ʃ
ענדלאָז	ɛ n d l ɔ z
ענדלעך	ɛ n d l ə χ
ענדערונג	ɛ n d ɜ r ʊ n ɡ
ענדערן	ɛ n d ɜ r n̩
ענטל	ɛ n t ɫ̩
ענטל־שנאָבל	ɛ n t ɫ̩ ʃ n ɔ b ɫ̩
ענטע	ɛ n t ə
ענטפֿער	ɛ n t f ə ʁ
ענטפֿערן	ɛ n t f ɛ ʁ n
ענטשילאַדע	ɛ n t͡ʃ ɪ ɫ a d ə
־עניש	ə n ɪ ʃ
ענעס	ɛ n ə s
עס	ɛ s
עס	s
עס	s ə
עס	ɛ s
עסט	ɛ s t
עסטלאַנד	ɛ s t ɫ a n d
עסטראַגאָן	ɛ s t r a ɡ ɔ n
עסטרײַך	ɛ s t ʁ a ɪ̯ χ
עסיק	ɛ s ɪ k
עסן	ɛ s n̩
עסער	ɛ s ə r
עסערײַ	ɛ s ə r a ɪ̯
עספּעראַנטיסט	ɛ s p ɛ r a n t ɪ s t
עספּרעסאָ	ɛ s p r ɛ s ɔ
עפּאָכע	ə p ɔ χ ə
עפּלפּײַ	ɛ p ɫ̩ p a ɪ̯
עפֿן	ɛ f n̩
עפֿנט	ɛ f n̩ t
עפֿנטלעך	ɛ f n̩ t ɫ ə χ
עפֿענען	ɛ f ə n ə n
עפּעס	ɛ p ə s
עפֿעקטיוו	ɛ f ɛ k t ɪ v
עפֿעקטיוו	ɛ f ɛ k t ɪ f
עפֿעקטיווירן	ɛ f ɛ k t ɪ v ɪ r n̩
עץ	ɛ t͡s
עק	ɛ k
עקבער	ɛ k b ə r
עקבער	ɛ ɡ b ə r
עקדיש	ɛ k d ɪ ʃ
עקדעש	ɛ k d ə ʃ
עקזאַמען	ɛ k z a m ə n
עקזאַמענס	ɛ k z a m ə n s
עקלער	ə k ɫ ɛ r
עקן	ɛ k n̩
עקסיסטענץ	ɛ k s ɪ s t ɛ n t͡s
עקספּערט	ɛ k s p ɛ ʁ t
עקשנען	a k ʃ n ə n
ער	ɛ ʁ
ערבֿ	ɛ ʁ ə v
ערבֿ	ɛ ɪ̯ ʁ ə v
ערבֿ	ɔ ʁ ə v
ערבֿ	uː ʁ ə v
ערבֿ	u ʁ ə v
ערגסט	ɛ r ɡ s t
ערגעץ	ɛ ʁ ɡ ə t͡s
ערד	ɛ ʁ d
ערד	ɛ ɪ̯ ə ʁ d
ערד	ɛ ɪ̯ ʁ d
־ערהייט	ə r h e ɪ̯ t
ערל	ɔ ʁ l̩
ערל	uː ʁ l̩
ערל	u ʁ l̩
ערלה	ɔ ʁ ɫ ə
־ערליי	ə ʁ l ɛ ɪ̯
־ערליי	ə ʁ l e ɪ̯
־ערליי	ə l e ɪ̯
־ערליי	ə ʁ l a ɪ̯
־ערליי	ə l a ɪ̯
־ערליי	ə ʁ l ɛ ɪ̯
־ערליי	ə l ɛ ɪ̯
ערלעך	ɛ ʁ ɫ ə χ
ערלעכקייט	ɛ ʁ ɫ ə χ k a ɪ̯ t
ערשט	ɛ ʁ ʃ t
ערשטנס	ɛ ʁ ʃ t n̩ s
ערשטנס	ɛ ɪ̯ ə ʁ ʃ t n̩ s
ערשטנס	ɛ ɪ̯ ʁ ʃ t n̩ s
עשעלאָן	ɛ ʃ ə ɫ ɔ n
עשפּער	ɛ ʃ p ə ʁ
עתיד	ɔ s ə d
עתיד	uː s ə d
עתיד	u s ə d
עתידיק	ɔ s ə d ɪ k
עתידיק	uː s ə d ɪ k
עתידיק	u s ə d ɪ k
פֿאַגאָט	f a ɡ ɔ t
פּאָגראָם	p ɔ ɡ ʁ ɔ m
פֿאָדזש	f ɔ d͡ʒ
פֿאָדזש	f ʌ d͡ʒ
פּאָדליג	p ɔ d ɫ ɪ ɡ
פּאָדליג	p ɔ d ɫ ɪ k
פּאָדליק	p ɔ d ɫ ɪ k
פּאָדלעץ	p ɔ d ɫ ɛ t͡s
פֿאָדעם	f ɔ d ə m
פּאַווע־פֿאַזאַן	p a v ə f a z a n
פּאַוזע	p a ʊ̯ z ə
פֿאַזאַן	f a z a n
פּאָזעווען	p ɔ z ə v ə n
פּאָזעמקע	p ɔ z ɛ m k ə
פּאַטאַלאָק	p a t a ɫ ɔ k
פּאָטאַסיום	p ɔ t a s j ʊ m
פּאַטיקע	p a t ɪ k ə
פּאַטלעזשאַן	p a t ɫ ə ʒ a n
פּאָטעפֿאַלנאָסט	p ɔ t ə f a ʎ n ɔ s t
פּאָטעפֿאַלנע	p ɔ t ə f a ʎ n ə
פּאַטש	p a t͡ʃ
פּאַטשולי	p a t͡ʃ ʊ ʎ ɪ
פּאָטשט	p ɔ t͡ʃ t
פֿאַטשיילע	f a t͡ʃ ɛ ɪ̯ l ə
פּאַיאַץ	p a j a t͡s
פֿאַך	f a χ
פֿאָך	f ɔ χ
פּאַכווע	p a χ v ə
פֿאַל	f a ɫ
פּאַלאַדיום	p a l a d j ʊ m
פּאַלאַץ	p a ɫ a t͡s
פּאַלאַצן	p a ɫ a t͡s n̩
פֿאָלגן	f ɔ ɫ ɡ n̩
פּאָלטאַווע	p ɔ ɫ t a v ə
פּאָליסטירען	p ɔ ʎ ɪ s t ɪ r ɛ n
פּאָליציי	p ɔ l ɪ t͡s ɛ ɪ̯
פּאָליצע	p ɔ ʎ ɪ t͡s ə
פּאָליצעס	p ɔ ʎ ɪ t͡s ə s
פּאָלירן	p ɔ l ɪ r n̩
פֿאַלן	f a ɫ n̩
פּאַלעסטיניש	p a ɫ ə s t ɪ n ɪ ʃ
פּאַלעסטינע	p a ɫ ə s t ɪ n ə
פּאַלעסטינער	p a ɫ ə s t ɪ n ə ʁ
פּאַלעסטינערין	p a ɫ ə s t ɪ n ə r ɪ n
פּאַלעסטינערקע	p a ɫ ə s t ɪ n ə r k ə
פֿאָלקסגעזונט	f ɔ ɫ k s ɡ ə z ʊ n t
פּאָמידאָר	p ɔ m ɪ d ɔ ʁ
פּאָמידאָרן־זאַפֿט	p ɔ m i d ɔ r n̩ z a f t
פּאַמעלעך	p a m ɛ ɫ ə χ
פּאַמעלעכער	p a m ɛ ɫ ə χ ə ʁ
פֿאַן	f a n
פֿאַנאַטיקער	f a n a t ɪ k ə ʁ
פּאַנדע	p a n d ə
פּאַנדעס	p a n d ə s
פֿאַנטאַזיע	f a n t a z j ə
פּאָנטשיק	p ɔ n t͡ʃ ɪ k
פּאָנטשקע	p ɔ n t͡ʃ k ə
פּאַנסטוואָווע	p a n s t v o v ə
פּאַס	p a s
פֿאַס	f a s
פּאַסט	p a s t
פּאַסטעל	p a s t ɛ ɫ
פּאַסטראַמע	p a s t r a m ə
פּאַסיק	p a s ɪ k
פּאַסן	p a s n̩
פּאַספּאָרט	p a s p ɔ ʁ t
פּאָעט	p ɔ ɛ t
פּאַעליאַ	p a ɛ ʎ a
פּאָפּ	p ɔ p
פּאַפּאַראַצי	p a p a r a t͡s ɪ
פּאַפּאַראַצי	p a p a r a t͡s i
פּאָפּוגײַ	p ɔ p ʊ ɡ a ɪ̯
פּאָפּוגײַען	p ɔ p ʊ ɡ a ɪ̯ ə n
פּאַפּיר	p a p i r
פּאַפּשוי	p a p ʃ ɔ ɪ̯
פּאָץ	p ɔ t͡s
פּאַציענט	p a t͡s j ɛ n t
פֿאַקטאַזיע	f a k t a z j ə
פֿאַר	f a ʁ
פֿאָראורטייל	f ɔ ʁ ʊ ʁ t ɛ ɪ̯ l
פֿאָראורטייל	f ɔ ʁ ʊ ʁ t e ɪ̯ l
פֿאָראורטייל	f ɔ ʁ ɪ ʁ t a ɪ̯ l
פֿאָראורטייל	f ɔ ʁ ɨ ʁ t ɛ ɪ̯ l
פֿאַראיבל	f a ʁ ɪ b ɫ̩
פֿאַראייניקט	f a r ɛ ɪ̯ n ɪ k t
פֿאַראייניקט	f a r a ɪ̯ n ɪ k t
פּאַראָם	p a r ɔ m
פֿאַרב	f a ʁ b
פֿאַרבײַסן	f a ʁ b a ɪ̯ s n̩
פֿאַרבינדונג	f a ʁ b ɪ n d ʊ ŋ ɡ
פֿאַרבינדט	f a ʁ b ɪ n t
פֿאַרבינדן	f a ʁ b ɪ n d n̩
פֿאַרביק	f a ʁ b ɪ k
פֿאַרבלאָנדזשען	f a ʁ b ɫ ɔ n d͡ʒ ə n
פֿאַרבן	f a ʁ b n̩
פֿאַרבער	f a ʁ b ə ʁ
פֿאַרבערײַ	f a ʁ b ə ʁ a ɪ̯
פֿאַרברענט	f a ʁ b ʁ ɛ n t
פֿאַרברענסט	f a ʁ b ʁ ɛ n s t
פֿאַרברענען	f a ʁ b ʁ ɛ n ə n
פֿאַרגאַנגען	f a ʁ ɡ a ŋ ɡ ə n
פֿאַרגאַנגענהייט	f a ʁ ɡ a ŋ ɡ ə n h a ɪ̯ t
פֿאַרגאַנצן	f a r ɡ a n t͡s n̩
פֿאַרגולמט	f a ʁ ɡ ɔ ɪ̯ l ə m t
פֿאַרגולמט	f a ʁ ɡ e ɪ̯ l ə m t
פֿאַרגייט	f a ʁ ɡ ɛ ɪ̯ t
פֿאַרגיין	f a ʁ ɡ ɛ ɪ̯ n
פֿאַרגלייבטקייט	f a ʁ ɡ ɫ ɛ ɪ̯ p t k a ɪ̯ t
פֿאַרגלייבטקייט	f a ʁ ɡ ɫ e ɪ̯ p t k a ɪ̯ t
פֿאַרגלייבטקייט	f a ʁ ɡ ɫ a ɪ̯ p t k a ɪ̯ t
פֿאַרגלייבטקייט	f ɔ ʁ ɡ ɫ ɛ ɪ̯ p t k ɛ ɪ̯ t
פֿאַרגלײַך	f a ʁ ɡ ɫ a ɪ̯ χ
פֿאַרגלײַכט	f a ʁ ɡ ɫ a ɪ̯ χ t
פֿאַרגלײַכן	f a ʁ ɡ ɫ a ɪ̯ χ n̩
פֿאַרגעוואַלדיקונג	f a ʁ ɡ ə v a ɫ d ɪ k ʊ ŋ ɡ
פֿאַרגעוואַלדיקן	f a ʁ ɡ ə v a ɫ d ɪ k ŋ̩
פֿאַרגעסן	f a ʁ ɡ ɛ s n̩
פֿאַרגעסעניש	f a ʁ ɡ ɛ s ə n ɪ ʃ
פֿאַרדאַמען	f a ʁ d a m ə n
פֿאַרדאַרבן	f a ʁ d a ʁ b n̩
פֿאַרדײַען	f a r d a ɪ̯ ə n
פֿאַרדינגען	f a ʁ d ɪ ŋ ɡ ə n
פֿאַרדינסט	f a ʁ d ɪ n s t
פֿאַרדינען	f a ʁ d ɪ n ə n
פֿאַרדריסן	f a ʁ d ʁ ɪ s n̩
פֿאַרהערן	f a ʁ h ɛ ʁ ə n
פֿאַרוואַלטונג	f a ʁ v a l t ʊ n ɡ
פֿאַרוואַלטונג	f a ʁ v a l t ɪ n ɡ
פֿאַרוואַלטונג	f a ʁ v a l t ɨ n ɡ
פֿאַרוואַלטן	f a ʁ v a l t n̩
פֿאַרוואַלטער	f a ʁ v a l t ə ʁ
פֿאַרוואָס	f a ʁ v ɔ s
פֿאָרויסזאָגן	f ɔ ʁ ɔ ɪ̯ s z ɔ ɡ n̩
פֿאָרויסזען	f ɔ ʁ ɔ ɪ̯ s z ɛ n
פֿאָרויספֿילן	f ɔ ʁ ɔ ɪ̯ s f ɪ l n̩
פּאַרוק	p a ʁ ʊ k
פּאַרוק	p a ʁ ɪ k
פּאַרוק	p a ʁ ɨ k
פֿאַרזאָרגן	f a r z o r ɡ n̩
פֿאָרזיכטיק	f ɔ ʁ z i χ t ɪ k
פֿאַרזיכניק	f a ʁ z ɪ χ n ɪ k
פֿאַרזיכערונג	f a ʁ z ɪ χ ə ʁ ʊ ŋ ɡ
פֿאַרזיכערן	f a ʁ z ɪ χ ə ʁ n̩
פֿאַרחובֿט	f a ʁ χ ɔ ɪ̯ v t
פֿאַרחובֿט	f a ʁ χ e ɪ̯ v t
פֿאַרחלומט	f a ʁ χ ɔ l ə m t
פֿאַרחלומט	f a ʁ χ uː l ə m t
פֿאַרחלומט	f a ʁ χ u l ə m t
פּאָרט	p ɔ r t
פּאַרטאַטש	p a r t a t͡ʃ
פּאָרטוגאַל	p ɔ ʁ t ʊ ɡ a ɫ
פּאָרטווײַן	p ɔ r t v a ɪ̯ n
פֿאַרטיליקונג	f a ʁ t ɪ ɫ ɪ k ʊ ŋ ɡ
פֿאַרטיליקן	f a ʁ t ɪ ɫ ɪ k ŋ̩
פֿאַרטיק	f a ʁ t ɪ k
פֿאַרטעך	f a ʁ t ə χ
פּאָרטשטאָט	p ɔ r t ʃ t ɔ t
פֿאַרייִאושט	f a r j ɪ ɜ ʃ t
פֿאַרלאָזן	f a r l ɔ z n̩
פֿאַרלוירן	f a ʁ ɫ ɔ ɪ̯ ʁ n̩
פֿאַרלירן	f a ʁ ʎ ɪ ʁ n̩
פֿאַרם	f a ʁ ə m
פֿאַרמאָג	f a ʁ m ɔ ɡ
פֿאַרמאָגן	f a ʁ m ɔ ɡ n̩
פֿאַרמאַכט	f a ʁ m a χ t
פֿאַרמאַכן	f a ʁ m a χ n̩
פֿאַרמעגן	f a r m eː ɡ n̩
פּאַרמעט	p a ʁ m ɛ t
פּאַרמעטן	p a ʁ m ɛ t n
פֿאַרמעסט	f a ʁ m ɛ s t
פֿאַרמער	f a ʁ m ə ʁ
פֿאַרמערין	f a ʁ m ə ʁ ɪ n
פֿאַרמערס	f a ʁ m ə ʁ s
פֿאַרמשכּונען	f a ʁ m a ʃ k ə n ə n
פֿאַרנהײַט	f a ʁ n̩ h a ɪ̯ t
פֿאַרנומען	f a ʁ n ʊ m ə n
פֿאַרנייען	f a ʁ n ɛ ɪ̯ ə n
פּאַרנע	p a r n ə
פֿאַרסאַזשעט	f a ʁ s a ʒ ə t
פֿאַרסך־הכּלען	f a ʁ s a χ a k l ə n
פֿאַרסך־הכּלען	f a ʁ s ə χ a k l ə n
פֿאַרסמען	f a ʁ s a m ə n
פּאַרע	p a ʁ ə
פֿאַרפֿוילט	f a ʀ f ʊ i l t
פֿאַרפֿלייץ	f a ʁ f ɫ ɛ ɪ̯ t͡s
פֿאַרפֿלייצונג	f a ʁ f ɫ ɛ ɪ̯ t͡s ʊ ŋ ɡ
פֿאַרפֿלייצן	f a ʁ f ɫ ɛ ɪ̯ t͡s n̩
פֿאַרפּסח	f a r p ɛ ɪ̯ s ə χ
פֿאַרצווײַגט	f a r t͡s v a ɪ̯ ɡ t
פֿאַרצייכענען	f a ʁ t͡s ɛ ɪ̯ χ ə n ə n
פּאָרצעלײַ	p ɔ ʁ t͡s ə ɫ a ɪ̯
פֿאַרקויף	f a ʁ k ɔ ɪ̯ f
פֿאַרקויפֿער	f a ʁ k ɔ ɪ̯ f ə ʁ
פֿאַרקויפֿערין	f a ʁ k ɔ ɪ̯ f ə ʁ ɪ n
פֿאַרקילונג	f a ʁ k ɪ ɫ ʊ ŋ ɡ
פֿאַרקנעכטן	f a ʁ k n ɛ χ t n̩
פֿאַרקרימען	f a ʁ k ʁ ɪ m ə n
פֿאַרראָט	f a ʁ ʁ ɔ t
פֿאַרראָטן	f a ʁ ʁ ɔ t n̩
פֿאַרריכט	f a ʁ ʁ ɪ χ t
פֿאַרריכטן	f a ʁ ʁ ɪ χ t n̩
פֿאַרריסן	f a ʁ ʁ ɪ s n̩
פֿאַררעטער	f a ʁ ʁ ɛ t ə ʁ
פֿאַררעטער	f a ʁ ʁ eː t ə ʁ
פֿאַררעטער	f a ʁ ʁ e ɪ̯ t ə ʁ
פֿאַרשאָלטן	f a ʁ ʃ ɔ ɫ t n̩
פֿאַרשוואַרצן	f a ʁ ʃ v a ʁ t͡s n̩
פֿאָרשונג	f ɔ ʀ ʃ ʊ ŋ ɡ
פֿאַרשטאַרבן	f a ʁ ʃ t a ʁ b m̩
פֿאַרשטיין	f a ʁ ʃ t ɛ ɪ̯ n
פֿאַרשטיין	f a ʁ ʃ t e ɪ̯ n
פֿאַרשטיין	f a ʁ ʃ t a ɪ̯ n
פֿאַרשטעל	f a ʁ ʃ t ɛ ɫ
פֿאַרשטעלט	f a ʁ ʃ t ɛ ɫ t
פֿאַרשטעלן	f a ʁ ʃ t ɛ ɫ n̩
פֿאָרשטעלן	f ɔ ʁ ʃ t ɛ ɫ n̩
פֿאַרשטעלסט	f a ʁ ʃ t ɛ ɫ s t
פֿאַרשטענדלעך	f a ʁ ʃ t ɛ n d l ə χ
פֿאַרשידן	f a ʁ ʃ ɪ d n̩
פֿאַרשיידן	f a ʁ ʃ e ɪ̯ d n̩
פֿאַרשיכּורן	f a ʁ ʃ ɪ k ə ʁ n̩
פֿאַרשפּרעכן	f a ʁ ʃ p ʁ ɛ χ n̩
פֿאָרשריט	f ɔ r ʃ r ɪ t
פֿאַרשרצונג	f a ʁ ʃ ɛ ʁ ə t͡s ʊ ŋ ɡ
פֿאַרשרצן	f a ʁ ʃ ɛ ʁ ə t͡s n̩
פֿאַרתּכלעווען	f a ʁ t a χ l ə v ə n
פּאַשטעט	p a ʃ t ɛ t
פּאַשען	p a ʃ ə n
פּובליקאַציע	p ʊ b l ɪ k a t͡s j ə
פּוטער	p ʊ t ə ʁ
פֿוטער	f ʊ t ə ʁ
פֿוטער־פּלאַץ	f ʊ t ə ʁ p ɫ a t͡s
פּוטערברויט	p ʊ t ə r b r ɔ ɪ̯ t
פּוטערמילך	p ʊ t ə ʁ m ɪ ɫ χ
פֿויגל	f ɔ ɪ̯ ɡ ɫ̩
פּויזע	p ɔ ɪ̯ z ə
פֿויל	f ɔ ɪ̯ ɫ
פֿויל	f oː ɫ
פֿויל	f o ʊ̯ ɫ
פֿױל	f ɔ ɪ̯ l
פֿױל	f oː l
פֿױל	f o ʊ̯ l
פּויליש	p ɔ ɪ̯ ʎ ɪ ʃ
פּוילן	p ɔ ɪ̯ ɫ n̩
פּויער	p ɔ ɪ̯ ə ʁ
פּויערטע	p ɔ j ɛ ʀ t ɛ
פּוכשישקע־יאָדלע	p u χ ʃ ɪ ʃ k ə j ɔ d l ə
פֿול	f ʊ ɫ
פּולווער	p ʊ ɫ v ə ʁ
פּולס	p ʊ l s
פּולסאָדער	p ʊ l s ɔ d ə r
פֿונאַנדעראַרבעטן	f ʊ n a n d ə r a r b ɛ t n̩
פֿונדאַמענט	f ʊ n d a m ɛ n t
פֿונט	f ʊ n t
פֿונעם	f ʊ n ə m
פּונקט	p ʊ ŋ k t
פּוסט־און־פּאַסניק	p ʊ s t ʊ n p a s n ɪ k
פּוסט־און־פּאַסניק	p ʊ s t ə p a s n ɪ k
פּוסט־און־פּאַסעווען	p ʊ s t ʊ n p a s ə v ə n
פּוסט־און־פּאַסעווען	p ʊ s t ə p a s ə v ə n
פֿוספֿינגער	f ʊ s f ɪ ŋ ɡ ɜ r
פּוסק	p ɔ ɪ̯ s ə k
פּועל	p ɔ ɪ̯ ə ɫ
פּועל־יוצא	p ɔ ɪ̯ l j ɔ ɪ̯ t͡s ə
פּועל־יוצא	p e ɪ̯ l j e ɪ̯ t͡s ə
פֿופֿציק	f ʊ f t͡s ɪ k
פֿופֿציק	f ɪ f t͡s ɪ k
פֿופֿציק	f ɨ f t͡s ɨ k
פֿופֿצן	f ʊ f t͡s n̩
פּורפּור	p ʊ r p ʊ r
פּורפּורן	p ʊ ʁ p ʊ ʁ n̩
פּושקע	p ʊ ʃ k ə
פּזרנות	p a z r ɔ n ə s
פּחד	p a χ ə d
פֿיאָלעט	f j ɔ l ɛ t
פּיאַסאַוואַ	p j a s a v a
פֿיזיק	f ɪ z ɪ k
פּײַ	p a ɪ̯
פֿײַג	f a ɪ̯ ɡ
פֿייגל	f ɛ ɪ̯ ɡ ɫ̩
פֿײַגנבוים	f a ɪ̯ ɡ n̩ b ɔ ɪ̯ m
פֿייגעלע	f ɛ ɪ̯ ɡ ə ɫ ə
פֿײַוול	f a ɪ̯ v ɫ̩
פֿײַן	f a ɪ̯ n
פֿײַנקוכן	f a ɪ̯ n k ʊ χ n̩
פֿײַער	f a ɪ̯ ə r
פֿײַער־לעשער	f a ɪ̯ e ʁ ɫ ɛ ʃ ə ʁ
פֿײַערן	f a ɪ̯ ə ʁ n
פּילאָווינעס	p ɪ ɫ ɔ v ɪ n ə s
פֿילהאַרמאָניע	f ɪ ɫ h a r m ɔ n j ə
פֿיליער	f ɪ ʎ ə r
פֿילם	f ɪ ɫ m̩
פֿילע	f ɪ ɫ ɛ
פֿילפֿאַרביק	f ɪ ɫ f a ʁ b ɪ k
פּילצל	p ɪ l t͡s l̩
פּינגווין	p ɪ ŋ ɡ v ɪ n
פֿינלאַנד	f ɪ n ɫ a n d
פֿינף	f ɪ n f
פֿינף	f ɪ n ə f
פֿינפֿט	f ɪ n f t
פֿינפֿטע	f ɪ n f t ə
פֿינפֿטער	f ɪ n f t ə ʁ
פֿינצטער	f ɪ n t͡s t ɜ r
פֿינצטערניש	f ɪ n t͡s t ə ʁ n ɪ ʃ
פּינקטלעך	p ɪ ŋ k t ɫ ə x
פּיסאַר	p ɪ s a r
פֿיסנאָגע	f ɪ s n ɔ ɡ ə
פּיעטוך	p j ɛ t ʊ χ
פּיעשטשען	p j ɛ ʃ t͡ʃ ə n
פּיפּלערכע	p ɪ p ɫ ɛ ʁ χ ə
פֿיר	f ɪ r
פֿיר	f iː r
פֿיר	f i r
פֿירהאַנג	f ɪ ʁ h a ŋ ɡ
פּירוש	p i ʀ ʊ ʃ
פּירוש	p e j ʀ ʊ ʃ
פֿירמע	f ɪ ʁ m ə
פֿירן	f ɪ ʁ n̩
פֿירער	f ɪ r ə r
פֿיש	f ɪ ʃ
פּישן	p ɪ ʃ n̩
פּישעכץ	p ɪ ʃ ə χ t͡s
פֿלאָוט	f ɫ ɔ ʊ̯ t
פֿלאָט	f l ɔ t
פּלאַטין	p l a t ɪ n
פּלאַטינום	p l a t ɪ n ʊ m
פּלאַטע	p l a t ɜ
פֿלאַטערל	f ɫ a t ə ʁ ɫ̩
פֿלאַמינגאָ	f ɫ a m ɪ ŋ ɡ ɔ
פֿלאָמיס	f ɫ ɔ m ɪ s
פּלאַן	p ɫ a n
פּלאַנט	p ɫ a n t
פּלאַנען	p ɫ a n ə n
פּלאַסטיק	p ɫ a s t ɪ k
פּלאַסטיש	p ɫ a s t ɪ ʃ
פּלאַסטישער	p ɫ a s t ɪ ʃ ə ʁ
פֿלאַסטער	f ɫ a s t ə r
פּלאַץ	p ɫ a t͡s
פֿלאַש	f ɫ a ʃ
פֿלואָר	f l ʊ ɔ ʁ
פּלוג	p ɫ u ɡ
פּלוטאָ	p ɫ ʊ t ɔ
פּלוטאָן	p ɫ ʊ t ɔ n
פּלוטאָניום	p l ʊ t ɔ n j ʊ m
פּלויט	p ɫ ɔ ɪ̯ t
פּלוס	p ɫ ʊ s
פּלוצלינג	p ɫ ʊ t͡s ʎ ɪ ŋ ɡ
פֿליג	f l ɪ ɡ
פּליט	p ɔ ɫ ə t
פֿליט	f ɫ ɪ t
פֿלייטל	f ɫ ɛ ɪ̯ t ɫ̩
פֿלײַסן	f l a ɪ̯ s n̩
פֿלײַסן	f l aː s n̩
פֿלײַסן	f l a s n̩
פֿליִיִק	f ɫ iː ɪ k
פֿלייש	f ɫ ɛ ɪ̯ ʃ
פֿלייש	f ɫ e ɪ̯ ʃ
פֿלייש	f ɫ a ɪ̯ ʃ
פֿלייש	f ɫ aː ʃ
פֿליישיק	f ɫ ɛ ɪ̯ ʃ ɪ k
פּלימעניצע	p ʎ ɪ m ɛ n ɪ t͡s ə
פּלימעניצעס	p ʎ ɪ m ɛ n ɪ t͡s ə s
פּלימעניק	p ʎ ɪ m ɛ n ɪ k
פּלימעניקעס	p ʎ ɪ m ə n ɪ k ə s
פֿליסטערן	f l ɪ s t ɘ ʁ ŋ
פֿליפֿעלד	f ʎ ɪ f ɛ ɫ d
פֿלעג	f ɫ ɛ ɡ
פֿלעגן	f ɫ ɛ ɡ n̩
פֿלעגסט	f ɫ ɛ ɡ s t
פֿלעשל	f ɫ ɛ ʃ ɫ̩
פּניה	p n ɪ j ə
פּניה	p n ɨ j ə
פּניותדיק	p n ɪ j ə s d ɪ k
פּניותדיק	p n ɨ j ə s d ɨ k
פּסול	p ɔ s ɫ̩
פּסוק	p ɔ s e k
פּסוק	p u s e k
פּסח	p ɛ ɪ̯ s ə χ
פּעגאַזוס	p ɛ ɡ a z ʊ s
פּעדאָפֿיל	p ɛ d ɔ f ɪ ɫ
פּעדאָפֿיליע	p ɛ d ɔ f ɪ ɫ j ə
פּעדאָפֿיליש	p ɛ d ɔ f ɪ ɫ ɪ ʃ
פֿעט־גאַנדז	f ɛ t ɡ a n d͡z
פֿעטס	f ɛ t s
פֿעטער	f ɛ t ə ʁ
פֿעטערס	f ɛ t ə ʁ s
פּעטרישקע	p ɛ t r ɪ ʃ k ə
פֿעיִק	f ɛ ɪ k
פֿעיִק	f e ɪ̯ ɪ k
פֿעיִק	f eː ɪ k
פֿעלדהאָקי	f ɛ ɫ d h ɔ k ɪ
פֿעלדהאָקיי	f ɛ ɫ d h ɔ k ɛ ɪ̯
פּעליקאַן	p ɛ l ɪ k a n
פֿענדל	f ɛ n d ɫ̩
פֿענדלעך	f ɛ n d ɫ ə χ
פּעניס	p ɛ n ɪ s
פֿענכל	f ɛ n χ ɫ̩
פּענסנע	p ɛ n s n ɛ
פּענסנע	p ɛ n s n ɛ
פֿענצטער	f ɛ n t͡s t ə ʁ
פֿעסטונג	f ɛ s t ʊ ŋ ɡ
פֿעע	f ɛ ə
פֿעפֿער	f ɛ f ə ʁ
פֿעפֿערזיכטיק	f ɛ f ə r z ɪ χ t ɪ k
פּעקאַנפּײַ	p ə k a n p a ɪ̯
פּעקל	p ɛ k ɫ̩
פֿערד	f ɛ r d
פֿערדל	f ɛ ʁ d ɫ̩
פֿערדלעך	f ɛ ʁ d ɫ ə χ
פֿערט	f ɛ ʁ t
פּערסאָנאַזש	p ɛ ʁ s ɔ n a ʒ
פּערפּעלן	p ɛ r p ɜ l n̩
פֿערציק	f ɛ r t͡s ɪ k
פּראָבלעם	p ʁ ɔ b l ɛ m
פֿראַגע	f ʁ a ɡ ə
פּראָטעיִן	p r ɔ t ɛ ɪ n
פֿראַלע	f r aː l ə
פּראָם	p r ɔ m
פֿראַנקרײַך	f ʁ a ŋ k ʁ a ɪ̯ χ
פֿראַנקרײַך	f ʁ a n k ʁ aː χ
פֿראַנקרײַך	f ʁ ɔ n k ʁ a χ
פּראָפֿעסאָר	p ʁ ɔ f ɛ s ɔ ʁ
פּראָפֿעסאָרין	p ʁ ɔ f ɛ s ɔ ʁ ɪ n
פֿראָש	f ʁ ɔ ʃ
פּרוּוול	p ʁ ʊ v ɫ̩
פֿרוי	f ʁ ɔ ɪ̯
פֿרויען	f ʁ ɔ ɪ̯ ə n
פֿרוכטבאַר	f ʁ ʊ χ t b a ʁ
פֿרוכטבאַרקייט	f ʁ ʊ χ t b a ʁ k a ɪ̯ t
פֿרום	f r ʊ m
פֿרומקייט	f ʁ ʊ m k a ɪ̯ t
פֿרומקייט	f ʁ ɪ m k a ɪ̯ t
פֿרומקייט	f ʁ ɨ m k e ɪ̯ t
פּרט	p ʀ a t
פּרי	p ɛ ɪ̯ ʁ ə
פּרי	p e ɪ̯ ʁ ə
פּרי	p a ɪ̯ ʁ ə
פֿרידזשידער	f ʁ ɪ d͡ʒ ɪ d ɛ ʁ
פֿרידזשידערס	f ʁ ɪ d͡ʒ ɪ d ɛ ʁ s
פֿרידלעך	f r ɪ d l ɜ χ
פֿרידן	f ʁ ɪ d n̩
פּריוואַט	p ʁ ɪ v a t
פּריוואַטיקייט	p ʁ ɪ v a t ɪ k a ɪ̯ t
פּריוואַטיקייט	p ʁ ɪ v a t ɪ k e ɪ̯ t
פּריזמע	p r ɪ z m ə
פֿרײַ	f ʁ a ɪ̯
פֿרייד	f ʁ ɛ ɪ̯ d
פֿרייד	f ʁ aː d
פֿרייד	f ʁ e ɪ̯ d
פֿרייד	f ʁ a ɪ̯ d
פֿרײַהייט	f ʁ a ɪ̯ h ɛ ɪ̯ t
פֿרײַהייט	f ʁ a ɪ̯ h e ɪ̯ t
פֿרײַהייט	f ʁ aː h a ɪ̯ t
פֿרײַהייט	f ʁ a ɪ̯ h a ɪ̯ t
פֿרייזער־יאָדלע	f r ɛ ɪ̯ z ə r j ɔ d l ə
פֿרײַנדלעך	f ʁ a ɪ̯ n d ɫ ə χ
פֿרײַנט	f ʁ a ɪ̯ n t
פֿרײַע	f ʁ a ɪ̯ ə
פֿרילינג	f ʁ ɪ ʎ ɪ ŋ ɡ
פּריסאַדעס	p r ɪ s a d ə s
פּריסטער	p ʁ ɪ s t ə ʁ
פֿריקאַדעל	f r ɪ k a d ɛ ɫ
פֿריקאַדעלקע	f r ɪ k a d ɛ ʎ k ə
פֿריקאַדעלקע	f r ɪ k a d ɛ ɫ k ə
פּריקאַשטשיק	p ʁ ɪ k a ʃ t ʃ ɪ k
פֿריש	f ʁ ɪ ʃ
פֿרישטיק	f ʁ ɪ ʃ t ɪ k
פּרנסה	p a ʁ n ɔ s ə
פֿרעג	f ʁ ɛ ɡ
פֿרעגט	f ʁ ɛ k t
פּרעגל	p ʁ ɛ ɡ ɫ̩
פּרעגלט	p ʁ ɛ ɡ ɫ̩ t
פּרעגלסט	p ʁ ɛ ɡ ɫ̩ s t
פּרעגלען	p ʁ ɛ ɡ ɫ ə n
פֿרעגן	f ʁ ɛ ɡ n̩
פּרעדיקאַט	p r ɛ d ɪ k a t
פּרעה	p a ʁ ə
פּרעזידענט	p ʁ ɛ z ɪ d ɛ n t
פּרעזשעניצע	p r ɛ ʒ ə n ɪ t͡s ə
פּרעכטיק	p ʁ ɛ χ t ɪ k
פֿרעמדוואָרט	f r ɛ m d v ɔ r t
פֿרעמדלעך	f ʁ ɛ m d ɫ ə χ
פֿרעמדער	f ʁ ɛ m d ə ʁ
פֿרעמדשאַפֿט	f r ɛ m d ʃ a f t
פּרעסאײַזן	p r ɛ s a ɪ̯ z n̩
פֿרעסן	f ʁ ɛ s n̩
פּרעפֿערירט	p ʁ ɛ f ɛ ʁ ɪ ʁ t
פּרעפֿערירן	p ʁ ɛ f ɛ ʁ ɪ ʁ n̩
פּרעצל	p r ɛ t͡s ɫ̩
פּרעשבאָריק	p r ɛ ʃ b ɔ r ɪ k
פּשעניטשקע	p ʃ ɛ n ɪ t͡ʃ k ə
צאָל	t͡s ɔ l
צאַצקע	t͡s a t͡s k ə
צבֿועצטווע	t͡s v ʊ a t͡s v ə
צבֿועק	t͡s v ʊ a k
צבֿיעות	t͡s v ɪ j ə s
צבֿיעות	t͡s v ɪ ə s
צבֿיעותדיק	t͡s v ɪ j ə z d ɪ k
צבֿיעותדיק	t͡s v ɪ ə z d ɪ k
צדקהלע	t͡s d ɔ k ə ɫ ə
צו	t͡s u
צואה	t͡s ɔ ɪ̯ ə
צובינדן	t͡s ʊ b ɪ n d n̩
צוגיין	t͡s ʊ ɡ ɛ ɪ̯ n
צוגיין	t͡s ʊ ɡ e ɪ̯ n
צוגיין	t͡s iː ɡ a ɪ̯ n
צוגיין	t͡s i ɡ ɛ ɪ̯ n
צוגעוווינט	t͡s ʊ ɡ ə v ɔ ɪ̯ n t
צוגעוווינען	t͡s ʊ ɡ ə v ɔ ɪ̯ n ə n
צוגעוויינען	t͡s ʊ ɡ ə v ɛ ɪ̯ n ə n
צוואַנג	t͡s v a ŋ ɡ
צוואַנציק	t͡s v a n t͡s ɪ k
צוואַנציק	t͡s v ɔ n t͡s ɨ k
צוואַנציקסט	t͡s v a n t͡s ɪ k s t
צוואָק	t͡s v ɔ k
צוויי	t͡s v ɛ ɪ̯
צוויי	t͡s v e ɪ̯
צוויי	t͡s v a ɪ̯
צווײַג	t͡s v a ɪ̯ ɡ
צווײַגן	t͡s v a ɪ̯ ɡ n̩
צווייט	t͡s v ɛ ɪ̯ t
צוויייִק	t͡s v ɛ ɪ̯ ɪ k
צוויייִק	t͡s v e ɪ̯ ɪ k
צוויייִק	t͡s v a ɪ̯ ɪ k
צווייערליי	t͡s v ɛ ɪ̯ ə ʁ l ɛ ɪ̯
צווייערליי	t͡s v e ɪ̯ ə ʁ l e ɪ̯
צווייערליי	t͡s v e ɪ̯ ə l e ɪ̯
צווייערליי	t͡s v a ɪ̯ ə ʁ l a ɪ̯
צווייערליי	t͡s v a ɪ̯ ə l a ɪ̯
צווילינג	t͡s v ɪ ʎ ɪ ŋ ɡ
צווינטער	t͡s v ɪ n t ə r
צוויק	t͡s v iː k
צוויק	t͡s v ɪ k
צווישן	t͡s v ɪ ʃ n̩
צוועלף	t͡s v ɛ ɫ f
צוועק	t͡s v ɛ k
צוזאָגן	t͡s u z ɔ ɡ n̩
צוזאַמענאַרבעטן	t͡s ʊ z a m ə n a ʁ b ə t n̩
צולאָג	t͡s ʊ l ɔ ɡ
צולאָג	t͡s iː l ʊ ɡ
צולאָג	t͡s i l u ɡ
צולייגן	t͡s ʊ ɫ ɛ ɪ̯ ɡ ŋ̩
צולעצט	t͡s ʊ ɫ ɛ t͡s t
צולעצט	t͡s ɪ ɫ ɛ t͡s t
צום	t͡s ʊ m
צונאָמען	t͡s ʊ n ɔ m ə n
צונאָמען	t͡s ɪ n uː m ə n
צונאָמען	t͡s i n u m ə n
צונויפֿציִען	t͡s ʊ n ɔ ɪ̯ f t͡s i ə n
צופֿאַל	t͡s ʊ f a ɫ
צופֿוס	t͡s ʊ f ʊ s
צופֿוס	t͡s ɪ f ɪ s
צופֿוס	t͡s ɨ f ɨ s
צופֿרידן	t͡s ʊ f ʁ ɪ d n̩
צוקונפֿט	t͡s ʊ k ʊ n f t
צוקער	t͡s ʊ k ə ʁ
צוקער	t͡s ɪ k ə ʁ
צוקער	t͡s ɨ k ə ʁ
צוריישן	t͡s u r ɛ ɪ̯ ʃ n̩
צוריקהאַלטן	t͡s ʊ r ɪ k h a ɫ t n̩
צוריקלויפֿן	t͡s ʊ r ɪ k ɫ ɔ ɪ̯ f n̩
צוריקלויפֿן	t͡s ɪ r ɪ k ɫ ɔ ɪ̯ f n̩
צוריקלויפֿן	t͡s ʊ r ɪ k ɫ e ɪ̯ f n̩
צורר	t͡s ɔ ɪ̯ ʁ ə ʁ
צורר	t͡s e ɪ̯ ʁ ə ʁ
צי	t͡s i
ציאַן	t͡s j a n
ציבעלע	t͡s ɪ b ə ɫ ə
ציוניסט	t͡s ɪ ə n ɪ s t
ציטראָן	t͡s ɪ t r ɔ n
צײַט	t͡s a ɪ̯ t
צײַט	t͡s aː t
צײַט	t͡s a t
צײַטונג	t͡s a ɪ̯ t ʊ ŋ ɡ
צײַטונג	t͡s aː t ɪ ŋ ɡ
צײַטיק	t͡s a ɪ̯ t ɪ k
צייכן	t͡s ɛ ɪ̯ χ n̩
צייכנס	t͡s ɛ ɪ̯ χ n̩ s
ציין	t͡s ɛ ɪ̯ n
ציין	t͡s a ɪ̯ n
ציינבערשטל	t͡s ɛ ɪ̯ n b ɛ ʁ ʃ t ɫ̩
ציל	t͡s ɪ l
צימער	t͡s ɪ m ə ʁ
צימער־שותּף	t͡s ɪ m ə ʁ ʃ ʊ t ə f
צימער־שותּף	t͡s ɪ m ə ʁ ʃ ɪ t ə f
צימערן	t͡s ɪ m ə ʁ n̩
צין	t͡s ɪ n
צינד	t͡s ɪ n d
צינדט	t͡s ɪ n t
צינדן	t s ɪ n d n̩
צינדפֿלאַש	t͡s ɪ n d f l a ʃ
צינק	t͡s ɪ ŋ k
ציסמיניק	t͡s ɪ s m ɪ n ɪ k
ציפּערן	t͡s ɪ p ə ʁ n̩
ציפּקע	t͡s ɪ p k ɜ
ציצה	t͡s ɪ t͡s ə
ציקלאָטראָן	t͡s ɪ k ɫ ɔ t r ɔ n
ציריך	t͡s ɪ r ɪ χ
צירקאָניום	t͡s ɪ ʁ k ɔ n j ʊ m
צירקל	t͡s ɪ ʁ k ɫ̩
צלם	t͡s ɛ ɪ̯ ɫ ə m
צמח	t͡s ɛ m ə χ
צמח	t͡s ɛ ɪ̯ m ə χ
צעבונטעוועט	t͡s ə b ʊ n t ə v ə t
צעבונטעווען	t͡s ə b ʊ n t ə v ə n
צעבראָכן	t͡s ə b ʁ ɔ χ n̩
צעברעך	t͡s ə b ʁ ɛ χ
צעברעכט	t͡s ə b ʁ ɛ χ t
צעברעכן	t͡s ə b ʁ ɛ χ n̩
צעטל	t͡s ɛ t ɫ̩
צעלאָזן	t͡s ə ɫ ɔ z n̩
צעלניק	t͡s ɛ ʎ n ɪ k
צעלניק	t͡s ɛ ɫ n ɪ k
צעלקע	t͡s ɛ ɫ k ə
צעמישונג	t͡ʃ ə m ɪ ʃ ʊ ŋ ɡ
צעמישן	t͡s ə m ɪ ʃ n̩
צען	t͡s ɛ n
צען	t͡s eː n
צען	t͡s eː n
צען	t͡s e ɪ̯ n
צען	t͡s ɛ ɪ̯ n
צען	t͡s i n
צענט	t͡s ɛ n t
צענטראַל	t͡s ɛ n t ʁ a ɫ
צענער	t͡s ɛ n ə ʁ
צער	t͡s a r
צערטלעך	t͡s ɛ ʁ t ɫ ə x
צעשנײַדן	t͡s ə ʃ n a ɪ̯ d n̩
צפֿאָן־קאָרעע	t͡s ɔ f n̩ k ɔ r ɛ ɜ
צפֿון	t͡s ɔ f n̩
צפֿון	t͡s uː f n̩
צפֿון	t͡s uː f n̩
צפֿון־אַמעריקע	t͡s ɔ f n a m ɛ ʁ ɪ k ə
צפֿון־ליכט	t͡s ɔ f n̩ l ɪ χ t
צפֿון־מאַקעדאָניע	t͡s ɔ f n̩ m a k ə d ɔ n j ə
צפֿון־מזרח	t͡s ɔ f n̩ m ɪ z ʁ ə χ
צפֿון־מערבֿ	t͡s ɔ f n̩ m a ɪ̯ ʁ ə v
קאָבאַלט	k ɔ b a l t
קאַבאַק	k a b a k
קאַבינעט	k a b ɪ n ɛ t
קאַבע	k a b ə
קאַדמיום	k a d m j ʊ m
קאָוואַדלע	k ɔ v a d l ə
קאָוונע	k ɔ v n ə
קאַווע	k a v ə
קאַטשן	k a t͡ʃ n̩
קאַטשער	k a t͡ʃ ə ʁ
קאַטשקע	k a t͡ʃ k ə
קאַיאָר	k a j ɔ ʁ
קאַיאָר	k ə j ɔ ʁ
קאַיוט	k a j u t
קאָכאַניק	k ɔ χ a n ɪ k
קאָכלעפֿל	k ɔ χ l ɛ f l̩
קאָלדרע	k ɔ ɫ d ʁ ə
קאַלט	k a ɫ t
קאַלט	k ɔ ɫ t
קאַלטבלוטיק	k a l t b l ʊ t ɪ k
קאַליום	k a l j ʊ m
קאַליע	k a ʎ ə
קאָלנער	k ɔ ɫ n ə ʁ
קאָלעגע	k ɔ ʎ ɛ ɡ ə
קאָלעגעס	k ɔ ʎ ɛ ɡ ə s
קאַלענדאַר	k a ʎ ɛ n d a ʁ
קאַלציום	k a l t͡s j ʊ m
קאָמאַנדירן	k ɔ m a n d iː r n̩
קאָמאַר	k o m a ʁ
קאָמבעלע	k ɔ m b ə ɫ ə
קאַמזויל	k a m z ɔ ɪ̯ ɫ
קאָמעט	k ɔ m ɛ t
קאָמפּאַס	k ɔ m p a s
קאָמפּיוטער	k ɔ m p j ʊ t ə ʁ
קאָמפּיוטערס	k ɔ m p j ʊ t ə ʁ s
קאַנאַדע	k a n a d ə
קאַנאַדער	k a n a d ɛ ʁ
קאַנאַטניק	k a n a t n ɪ k
קאָנווערט	k ɔ n v ɛ ʁ t
קאָנווערטן	k ɔ n v ɛ ʁ t n̩
קאָנוס	k ɔ n ʊ s
קאָנזשילעס	k ɔ n ʒ ɪ ɫ ə s
קאַנטאָנעזיש	k a n t ɔ n ɛ z ɪ ʃ
קאָנטאַקטירן	k ɔ n t a k t i ʁ n̩
קאַנטין	k a n t i n
קאַנטינע	k a n t i n ə
קאָנטינענט	k ɔ n t ɪ n ɛ n t
קאָנטע	k ɔ n t ə
קאָנטראָל	k ɔ n t r ɔ ʎ
קאָנטראָל	k ɔ n t r ɔ ɫ
קאָנטראָלירן	k ɔ n t r ɔ ʎ ɪ r n̩
קאָנטראַסט	k ɔ n t r a s t
קאָנישינע	k ɔ n ɪ ʃ ɪ n ə
קאָנסאָמע	k ɔ n s ɔ m ɛ
קאָנעטיקאָט	k ɔ n ɛ t ɪ k ɔ t
קאָנצעפּט	k ɔ n t͡s ɛ p t
קאָסאָוואָ	k ɔ s ɔ v ɔ
קאָסט	k ɔ s t
קאָסטאַרד	k ɔ s t ɐ r d
קאָסטאַרד	k ʌ s t ɐ r d
קאָסטאַרד	k ʌ s t ɚ d
קאָסטיום	k ɔ s t j ʊ m
קאָסטן	k ɔ s t n̩
קאָסמעטיק	k ɔ s m ɛ t ɪ k
קאָפּ	k ɔ p
קאַפּוטשינאָ	k a p ʊ t͡ʃ i n ɔ
קאַפּוסטע	k a p ʊ s t ə
קאָפּטוך	k ɔ p t ʊ χ
קאָפּטוך	k ɔ p t iː χ
קאָפּטוך	k ɔ p t i χ
קאַפּיטאַן	k a p ɪ t a n
קאַפּיטאַנען	k a p i t a n ə n
קאַפֿע	k a f ɛ
קאַפֿעטעריע	k a f ə t ɛ r ɪ j ə
קאַפֿעטעריע	k a f ə t ɛ r j ə
קאָפּער	k ɔ p ə r
קאַצעט	k a t͡s ɛ t
קאַקאַאָ	k a k a ɔ
קאַקאַדו	k a k a d ʊ
קאָקאָסנוס	k ɔ k ɔ s n ʊ s
קאָקאָשעס	k ɔ k ɔ ʃ ə s
קאַקטוס	k a k t ʊ s
קאָקס	k ɔ k s
קאָראַן	k ɔ ʁ a n
קאָראַן	k ʊ ʁ a n
קאַרבאָן	k a ʁ b ɔ n
קאַרדעמאָן	k a r d ə m ɔ n
קאַרוסעל	k a ʁ ʊ s ɛ ɫ
קאָרזש	k ɔ r ʒ
קאָרזש	k ɔ r ʃ
קאַרטאָן	k a ʁ t ɔ n
קאַרטאָנען	k a ʁ t ɔ n ə n
קאַרטאָפֿל	k a ʁ t ɔ f ɫ̩
קאַרטיאָזשניק	k a ʁ t j ɔ ʒ n ɪ k
קאַרטל	k a r t ɫ̩
קאַרע	k aː r ə
קאַרע	k a r ə
קאָרע	k ɔ r ə
קאָרעאַנער	k ɔ ʁ ɛ a n ɜ r
קאָרעיִש	k ɔ r ɛ ɪ ʃ
קאָרעע	k ɔ r ɛ ɜ
קאַרש	k a ʁ ʃ
קאַרשנבוים	k a ʁ ʃ n̩ b ɔ ɪ̯ m
קאַשטאַן	k a ʃ t a n
קאַשטן	k a ʃ t n̩
קאָשמאַר	k o ʃ m a ʁ
קאַשע	k a ʃ ə
קברן	k a b ʁ ə n
קדוש	k ɔ d ə ʃ
קדוש־ברוך־הוא	k ɔ d ə ʃ b ɔ ʁ ə χ u
קדוש־ברוך־הוא	k ɔ d ə ʃ b ɔ ʁ χ u
קדוש־ברוך־הוא	k uː d ə ʃ b uː ʁ ə χ iː
קדוש־ברוך־הוא	k uː d ə ʃ b uː ʁ χ iː
קדוש־ברוך־הוא	k u d ə ʃ b u ʁ ə χ i
קדוש־ברוך־הוא	k u d ə ʃ b u ʁ χ i
קדושים	ɡ d ɔ ɪ̯ ʃ ə m
קהל	k ɔ ɔ l
קהל	k ɔ l
קהל	k ɔ h ə l
קהל	k ɔ ə l
קהל	k uː l
קהל	k uː h ə l
קהל	k uː ə l
קהל	k u l
קהל	k u h ə l
קהל	k u ə l
קהלן	k ɔ ɔ l n̩
קהלן	k ɔ l n̩
קהלן	k ɔ h ə l n̩
קהלן	k ɔ ə l n̩
קהלן	k uː l n̩
קהלן	k uː h ə l n̩
קהלן	k uː ə l n̩
קהלן	k u l n̩
קהלן	k u h ə l n̩
קהלן	k u ə l n̩
קהלש	k ɔ ɔ l ʃ
קהלש	k ɔ l ʃ
קהלש	k ɔ h ə l ʃ
קהלש	k ɔ ə l ʃ
קהלש	k uː l ʃ
קהלש	k uː h ə l ʃ
קהלש	k uː ə l ʃ
קהלש	k u l ʃ
קהלש	k u h ə l ʃ
קהלש	k u ə l ʃ
קהלת	k o ɪ̯ h ɛ l ə s
קהלת	k e ɪ̯ h ɛ l ɛ s
קהלת	k o ɪ̯ h e ɪ̯ l e ɪ̯ s
קו	k ʊ
קוב	k ʊ b
קוגל	k ʊ ɡ ɫ̩
קודם־כּל	k ɔ ɪ̯ d ə m k ɔ l
קודם־כּל	k ɔ ɪ̯ d ə m k l̩
קודם־כּל	k ɔ ɪ̯ d ə m k l̩
קודם־כּל	k e ɪ̯ d ə m k ɔ l
קודם־כּל	k e ɪ̯ d ə m k l̩
קודם־כּל	k e ɪ̯ d ə m k l̩
קוואַדראַטנע	k v a d ʁ a t n ə
קוואַנטיטעט	k v a n t ɪ t ɛ t
קוואַסעץ	k v a s ə t͡s
קוואַסעץ	k v a s ɛ t͡s
קווייט	k v ɛ ɪ̯ t
קווייט	k v e ɪ̯ t
קווייט	k v a ɪ̯ t
קווינטעסענץ	k v ɪ n t ə s ɛ n t͡s
קוויר	k v ɪ ʁ
קווענטעניק	k v ɛ n t ə n ɪ k
קוועקזילבער	k v ɛ k z ɪ ɫ b ə ʁ
קויבער	k e͡ɪ b ə ʁ
קויבער	k ɔ͡ɪ b ə ʁ
קויבער	k ɔ͡ɪ b ə ʁ
קוילנשטאָף	k ɔ ɪ̯ l n̩ ʃ t ɔ f
קוילעטש	k ɔ ɪ̯ ɫ ə t͡ʃ
קוילען	k ɔ ɪ̯ ɫ ə n
קוים	k ɔ ɪ̯ m
קוים	k a m
קויף	k ɔ ɪ̯ f
קויפֿן	k ɔ ɪ̯ f n̩
קויפֿן	k e ɪ̯ f n̩
קויפֿן	k aː f n̩
קוכער	k ʊ χ ə ʁ
קולות	k ɔ ɪ̯ l ə s
קולות	k e ɪ̯ l ə s
קומט	k ʊ m t
קומסט	k ʊ m s t
קומעדיק	k ʊ m ə d ɪ k
קונה	k ɔ ɪ̯ n ə
קונה	k e ɪ̯ n ə
קוסט	k ʊ s t
קוסקוס	k ʊ s k ʊ s
קופּער	k ʊ p ə ʁ
קופּער	k ɪ p ə ʁ
קופּער	k ɨ p ə ʁ
קוקוק	k ʊ k ʊ k
קוקורוזע	k ʊ k ʊ r ʊ z ə
קוקי	k ʊ k ɪ
קוקן	k u k n̩
קוקן	k ɪ k n
קוקעריקו	k ʊ k ə ʁ ɪ k ʊ
קוראַסאַאָ	k ʊ r a s a ɔ
קוראָפּאַטע	k ʊ ʁ ɔ p a t ə
קורץ	k ʊ ʁ t͡s
קוש	k ʊ ʃ
קיווי	k ɪ v ɪ
קיוויפֿרוכט	k ɪ v ɪ f r ʊ χ t
קיטל	k ɪ t l
קײַגומי	k a ɪ̯ ɡ ʊ m ɪ
קײַגומע	k a ɪ̯ ɡ ʊ m ə
קיין	k ɛ n
קיין	k e ɪ̯ n
קיין	k a n
קיינמאָל	k ɛ ɪ̯ n m ɔ ɫ
קייסעך	k ɛ ɪ s ə χ
קײַען	k a ɪ̯ ə n
קײַקל	k ɑ j k ə l
קיך	k ɪ χ
קיכל	k ɪ χ ɫ̩
קיכלעך	k ɪ χ ɫ ə χ
קיל	k ɪ l
קילקייט	k ɪ ɫ k a ɪ t
קילקייט	k iː ɫ k a ɪ t
קילקייט	k ɪ ɫ k e ɪ t
קילקייט	k iː ɫ k e ɪ t
קימל	k ɪ m l̩
קימלברויט	k ɪ m l̩ b r ɔ ɪ̯ t
קימפּעטאָרין	k ɪ m p ɛ t ɔ ʁ n̩
קין	k a ɪ̯ n
קינאה	k ɪ n ə
קינאהדיק	k ɪ n ə d ɪ k
קינד	k ɪ n d
קינדער	k ɪ n d ə ʁ
קינדעריאָרן	k ɪ n d ə ʁ j ɔ ʁ n̩
קינזשאַל־אַקאַציע	k ɪ n ʒ a l a k a t͡s j ə
קיניגרײַך	k ɪ n ɪ ɡ ʁ a ɪ̯ χ
קיִעוו	k ɪ ə v
קיפּל	k ɪ p ɫ̩
קיצור	k ɪ t͡s ə r
קירבעס	k ɪ ʁ b ə s
קירצער	k ɪ ʁ t͡s ə ʁ
קירקע	k ɪ ʁ k ə
קלאַוויאַטור	k ɫ a v j a t ʊ ʁ
קלאַוויש	k ɫ a v ɪ ʃ
קלאַמאָטן	k ɫ a m ɔ t n̩
קלאַנג	k l a n ɡ
קלאַפּ	k ɫ a p
קלאַפֿטער	k ɫ a f t ə r
קלאָץ	k ɫ ɔ t͡s
קלאָר	k ɫ ɔ ʁ
קלוב	k ɫ ʊ b
קלוג	k ɫ ʊ ɡ
קלוג	k ʎ i k
קליגער	k ɫ ɪ ɡ ə ʁ
קליי	k ɫ ɛ ɪ̯
קלייד	k l ɛ ɪ̯ d
קליידל	k ɫ ɛ ɪ̯ d ɫ̩
קליידער	k l ɛ ɪ̯ d ɜ r
קלייט	k ɫ ɛ ɪ̯ t
קליין	k ɫ ɛ ɪ̯ n
קליין	k ɫ a ɪ̯ n
קליינגעלט	k l ɛ ɪ̯ n ɡ ɛ l t
קליינגעלט	k l e ɪ̯ n ɡ ɛ l t
קליינגעלט	k l a ɪ̯ n ɡ ɛ l t
קליינינק	k ɫ ɛ ɪ̯ n ɪ ŋ k
קליינינק	k ɫ a ɪ̯ n ɪ ŋ k
קליינינקע	k ɫ ɛ ɪ̯ n ɪ ŋ k ə
קליינינקע	k ɫ a ɪ̯ n ɪ ŋ k ə
קליינע	k ɫ ɛ ɪ̯ n ə
קלײַפּעדע	k ɫ a ɪ̯ p eː d ə
קליניק	k ʎ ɪ n ɪ k
קליענט	k ʎ i ɛ n t
קליענטן	k ʎ i ɛ n t n̩
קליפּה	k ʎ ɪ p ə
קלעבעדיק	k ɫ ɛ b ə d ɪ k
קלעזמער	k l ɛ z m ə ʁ
קלעפּיק	k ɫ ɛ p ɪ k
קלעפּעדיק	k ɫ ɛ p ə d ɪ k
קלעצל	k ɫ ɛ t͡s ɫ̩
קמיניק	k m ɪ n ɪ k
קנאָבל	k n ɔ b ɫ̩
קנאָבלברויט	k n ɔ b ɫ̩ b r ɔ ɪ̯ t
קנאָי	k a n ɔ ə
קנאָי	k a n ɔ ɪ
קנאָי	k a n uː ə
קנאָי	k a n uː ɪ
קנאָיש	k a n ɔ ɪ ʃ
קנויט	k n ɔ ɪ̯ t
קנויטן	k n ɔ ɪ̯ t n̩
קנוניא	k n ʊ n j ə
קנוניא	k n i n j ə
קניִען	k n ɪ ə n
קנעטן	k n ɛ t n̩
קנעכט	k n ɛ χ t
קסענאָן	k s ɛ n ɔ n
קסענאָפֿאָביע	k s ɛ n ɔ f ɔ b j ə
קסענאָפֿאָביש	k s ɛ n ɔ f ɔ b ɪ ʃ
קעז	k ɛ z
קעז	k eː z
קעז	k e ɪ̯ z
קעז	k ɛ ɪ̯ z
קעז	k i z
קעזיק	k ɛ z ɪ k
קעזיק	k eː z ɪ k
קעזיק	k e ɪ̯ z ɪ k
קעזיק	k ɛ ɪ̯ z ɪ k
קעזיק	k i z ɪ k
קעלטסט	k ɛ ɫ t s t
קעלטער	k ɛ ɫ t ə ʁ
קעלטערס	k ɛ ɫ t ə ʁ s
קעלישעק	k ɛ ɫ ɪ ʃ ə k
קעלן	k ɛ ɫ n̩
קעלער	k ɛ ɫ ə ʁ
קעלץ	k ɛ ɫ t͡s
קעלצער	k ɛ ɫ t͡s ə r
קעמל	k ɛ m ɫ̩
קעמפֿער	k ɛ m f ə ʁ
קען	k ɛ n
קענגורו	k ɛ ŋ ɡ ʊ ʁ ʊ
קענגערו	k ɛ ŋ ɡ ə ʁ ʊ
קעניג	k ɛ n ɪ ɡ
קעניג	k e ɪ̯ n ɪ ɡ
קעניגין	k ɛ n ɪ ɡ ɪ n
קעניגן	k ɛ n ɪ ɡ n̩
קעניגרײַך	k ɛ n ɪ ɡ ʁ a ɪ̯ χ
קענסט	k ɛ n s t
קעסט	k ɛ s t
קעסט	k eː s t
קעפּ	k ɛ p
קעפֿער	k ɛ f ə r
קעץ	k ɛ t͡s
קעקס	k ɛ k s
קעראַמיק	k ɛ ʁ a m ɪ k
קעראַמיש	k ɛ ʁ a m ɪ ʃ
קערל	k ɛ r ɫ̩
קערלינג	k ɛ r ʎ ɪ ŋ ɡ
קצבֿ	k a t͡s ə v
קראָ	k ʁ ɔ
קראָאַטיע	k ʁ ɔ a t j ə
קראַב	k ʁ a b
קראַגן	k ʁ a ɡ n̩
קראַגן־ביין	k ʁ a ɡ n̩ b ɛ ɪ̯ n
קראָהע	k ʁ ɔ h ə
קראָם	k ʁ ɔ m
קראַניך	k ʁ a n ɪ χ
קראַנק	k ʁ a ŋ k
קראַנקהייט	k ʁ a ŋ k h ɛ ɪ̯ t
קראַנקייט	k r a ŋ k ɛ ɪ̯ t
קראַנקײַט	k ʁ a ŋ k a ɪ̯ t
קראַסאַװעץ	k ʁ a s a v ə t͡s
קראָפּ	k ʁ ɔ p
קראָפּ	k ʁ ɔ p
קראָפּ־גאַנדז	k ʁ ɔ p ɡ a n d͡z
קראַפֿטסטאַנציע	k r a f t s t a n t͡s j ə
קראָקאָדיל	k ʁ ɔ k ɔ d ɪ ɫ
קראָקעט	k r ɔ k ɛ t
קרואַסאַן	k r ʊ a s a n
קרובֿ	k ɔ ʁ ə v
קרובֿה	k ʁ ɔ ɪ̯ v ə
קרובֿות	k ʁ ɔ ɪ̯ v ə s
קרובֿים	k ʁ ɔ ɪ̯ v ɪ m
קרוג	k ʁ ʊ ɡ
קריאת־שמע	k ʁ ɪ ʃ m ə
קריוודען	k r ɪ v d ə n
קריוודען	k r ɪ v d n̩
קרײַד	k ʁ a ɪ̯ d
קרייץ	k ʁ ɛ ɪ̯ t͡s
קרייציקונג	k ʁ ɛ ɪ̯ t͡s ɪ k ʊ ŋ ɡ
קרייציקן	k r ɛ ɪ̯ t͡s ɪ k n̩
קרייציקנדיק	k r ɛ ɪ̯ t͡s ɪ k n̩ d ɪ k
קרייצצוג	k ʁ ɛ ɪ̯ t͡s t͡s ʊ ɡ
קריכט	k ʁ ɪ χ t
קריכן	k ʁ ɪ χ n̩
קרים	k r ɪ m
קריעת־ים־סוף	k ʁ ɪ j ə s j a m s ʊ f
קריפּטאָן	k ʁ ɪ p t ɔ n
קרעאָל	k ʁ ɛ ɔ ɫ̩
קרעבס	k r ɛ b s
קרעבס־עסער	k r ɛ b s ɛ s ə r
קרעם	k ʁ ɛ m
קרענק	k ʁ ɛ ŋ k
קרעפֿטיק	k r ɛ f t ɪ k
קרעפּלפֿלייש	k r e p ɫ̩ f ɫ e ɪ̯ ʃ
קרעפּקע	k r ɛ p k ə
קשיא	k a ʃ ə
ראָב	ʁ ɔ b
ראַבאַרבער	r a b a r b ə r
ראָד	ʁ ɔ d
ראָדיום	ʁ ɔ d j ʊ m
ראָוונע	r o v n ə
ראָז	r ɔ z
ראַזיר־מעסער	ʁ a z ɪ ʁ m ɛ s ə ʁ
ראַזירן	ʁ a z ɪ ʁ n̩
ראָזמאַרין	r ɔ z m a r i n
ראָזמאַרין	r ɔ z m a r ɪ n
ראָזשינקע	ʁ ɔ ʒ ɪ ŋ k ə
ראַכיט	r a χ ɪ t
ראַנדעוווּ	ʁ a n d ɛ v ʊ
ראַנדעוווּ	ʁ a n d ə v ʊ
ראַנדקע	ʁ a n d k ə
ראַנדקעווען	ʁ a n d k ə v ə n
ראַץ	ʁ a t͡s
ראַק	ʁ a k
ראָש־השנה	ʁ ɔ ʃ ə ʃ ɔ n ə
ראָש־השנה	ʁ e ɪ̯ ʃ ə ʃ ʊ n ə
ראָש־השנה	ʁ ɔ ʃ ə ʃ u n ə
ראָש־ישיבֿה	ʁ ɔ ʃ j ə ʃ ɪ v ə
ראָש־ישיבֿה	ʁ ɔ ʃ j ə ʃ iː v ə
ראָש־ישיבֿה	ʁ ɔ ʃ j ə ʃ ɨ v ə
ראָשטשינע	r ɔ ʃ t͡ʃ ɪ n ə
ראָשטשינען	r ɔ ʃ t͡ʃ ɪ n ə n
ראָשי־תּיבֿות	ʁ ɔ ʃ ə t ɛ ɪ̯ v ə s
ראָשי־תּיבֿות	ʁ uː ʃ ə t a ɪ̯ v ə s
ראשית	ʁ ɛ ɪ̯ ʃ ɪ s
ראשית	ʁ e ɪ̯ ʃ ɪ s
ראשית	ʁ a ɪ̯ ʃ ɪ s
רבֿ	ʁ ɔ v
רבֿ	ʁ uː v
רבֿ	ʁ u v
רבֿ	ʁ u v
רבי	ʁ ɛ b ə
רבין	ʁ ɛ b n̩
רבֿל	ʁ ɛ v l̩
רבֿל	ʁ e͡ɪ v l̩
רבֿקה	r ɪ v k ɜ
רגילות	r ə ɡ ɪ l ə s
רגע	ʁ ɛ ɡ ə
רגש	ʁ ɛ ɡ ə ʃ
רדיפֿה	ʁ ə d ɪ f ə
רדיפֿה	ʁ ə d iː f ə
רדיפֿה	ʁ ə d i f ə
רדיפֿות	ʁ ə d ɪ f ə s
רדיפֿות	ʁ ə d iː f ə s
רדיפֿות	ʁ ə d i f ə s
רדיפות	ʁ ə d ɪ f ə s
רו	ʁ ʊ
רובֿ	ʁ ɔ v
רובידיום	ʁ ʊ b ɪ d j ʊ m
רודע	r ʊ d ə
רודף	ʁ ɔ ɪ̯ d ə f
רודף	ʁ e ɪ̯ d ə f
רודפֿן	ʁ ɔ ɪ̯ d ə f n̩
רודפֿן	ʁ e ɪ̯ d ə f n̩
רוח	ʁ ʊ ə χ
רוח	ʁ iː ə χ
רוח	ʁ i ə χ
רוטעניום	ʁ ʊ t ɛ n j ʊ m
רוי	ʁ ɔ ɪ̯
רויזן	ʁ ɔ ɪ̯ z n̩
רויט	r ɔ ɪ̯ t
רויט	r e ɪ̯ t
רויט	r o ʊ̯ t
רויטן	ʁ ɔ ɪ̯ t n̩
רויע	ʁ ɔ ɪ̯ ə
רויען	ʁ ɔ ɪ̯ ə n
רויִק	ʁ ʊ ɪ k
רומעניע	r ʊ m ɛ n j ɜ
רוס	ʁ ʊ s
רוס	ʁ ʊ s
רוס	ʁ iː s
רוס	ʁ i s
רוסיק	ʁ ʊ s ɪ k
רוסיש	ʁ ʊ s ɪ ʃ
רוסישן	ʁ ʊ s ɪ ʃ n̩
רוסלאַנד	ʁ ʊ s ɫ a n d
רוסקע	ʁ ʊ s k ə
רוען	ʁ ʊ ə n
רוקן	ʁ ʊ k n̩
רושם	ʁ ɔ ɪ̯ ʃ ə m
רושם	ʁ e ɪ̯ ʃ ə m
רות	r u s
רות	r i s
רחל	r ɔ χ l̩
רחל	r uː χ l̩
רחל	r u χ l̩
רחמנות	ʁ a χ m ɔ n ə s
רחמנות	ʁ a χ m uː n ə s
רחמנותדיק	ʁ a χ m ɔ n ə s d ɪ k
ריזאָטאָ	r ɪ z ɔ t ɔ
ריזן־יאָדלע	r i z n̩ j ɔ d l ə
ריטם	r ɪ t m̩
ריטם	r ɪ t ə m
ריי	ʁ ɛ ɪ̯
רײַז	ʁ a ɪ̯ z
רײַז	ʁ aː z
רײַזן	r a ɪ̯ z n̩
רייַזע	ʁ a ɪ̯ z ə
רײַזע	r a ɪ̯ z ɜ
רייכער	ʁ ɛ ɪ̯ χ ə ʁ
רייכערט	ʁ ɛ ɪ̯ χ ə ʁ t
רייכערן	ʁ ɛ ɪ̯ χ ə ʁ n
ריין	ʁ ɛ ɪ̯ n
ריין	ʁ a ɪ̯ n
רייניק	ʁ ɛ ɪ̯ n ɪ k
רייניקן	ʁ ɛ ɪ̯ n ɪ k n̩
רייען	ʁ ɛ ɪ̯ ə n
ריכטן	ʁ ɪ χ t n̩
רעבעל	r ə b ɛ ɫ
רעבעל	r ɛ b ɛ ɫ
רעגן	r ɛ ɡ n̩
רעגן־וואַסער	ʁ ɛ ɡ n̩ v a s ə ʁ
רעגן־מאַנטל	r ɛ ɡ n̩ m a n t l̩
רעגן־מאַנטל	r e ɪ̯ ɡ n̩ m a n t l̩
רעגן־מאַנטל	r ɛ ɪ̯ ɡ n̩ m ɔ n t l̩
רעגנט	ʁ ɛ ɡ n̩ t
רעגענען	ʁ ɛ ɡ ə n ə n
רעדאַקטאָר	ʁ ə d a k t ɔ ʁ
רעדאַקטירן	ʁ ə d a k t ɪ ʁ n̩
רעדט	ʁ ɛ t
רעדל	ʁ ɛ d ɫ̩
רעדן	ʁ ɛ d n̩
רעדן	ʁ eː d n̩
רעדן	ʁ e ɪ̯ d n̩
רעדן	ʁ i d n̩
רעדער	ʁ ɛ d ə ʁ
רעזאָנאַנץ	ʁ ɛ z ɔ n a n t͡s
רעזולטאַט	ʁ ɛ z ʊ ɫ t a t
רעזערוואַציע	ʁ ɛ z ɛ ʁ v a t͡s j ə
רעזערווירן	ʁ ɛ z ɛ ʁ v ɪ ʁ n̩
רעטשקע	r ɛ t͡ʃ k ə
רעכטס	ʁ ɛ χ t s
רעכנט	ʁ ɛ χ n̩ t
רעכענען	r ɛ χ ə n ə n
רעכענקונסט	r ɛ χ ə n k u n s t
רענצל	ʁ ɛ n t͡s ɫ̩
רעסורס	r ɛ s ʊ r s
רעסורס	r ə s ʊ r s
רעסטאָראַן	ʁ ɛ s t ɔ ʁ a n
רעפּאַראַטור	ʁ ɛ p a ʁ a t ʊ ʁ
רעצעפּט	ʁ ə t͡s ɛ p t
רפֿואה	ʁ ə f ʊ ə
רצון	ʁ ɔ t͡s n̩
רצון	ʁ uː t͡s n̩
רצון	ʁ u t͡s n̩
רשימה	r ə ʃ ɪ m ə
רשע	ʁ ɔ ʃ ə
ר׳	ʁ ɛ b
ר׳	ʁ ɛ b ə
שאָבן	ʃ ɔ b n̩
שאָבן	ʃ ɔ b m̩
שאָד	ʃ ɔ d
שאַוול	ʃ a v ɫ̩
שאָטלאַנד	ʃ ɔ t ɫ a n d
שאָטנדיק	ʃ ɔ t n̩ d ɪ k
שאַל	ʃ a l
שאַלאָט	ʃ a ɫ ɔ t
שאַלאַטן	ʃ a ɫ a t n̩
שאַלוויִע	ʃ a ɫ v i j ə
שאַלוויִע	ʃ a ɫ v i ə
שאַלוויִע	ʃ a ɫ v ɪ j ə
שאַלוויִע	ʃ a ɫ v ɪ ə
שאַלפּיי	ʃ a ɫ p ɛ ɪ̯
שאַנד	ʃ a n d
שאַנדע	ʃ a n d ə
שאַנק	ʃ a ŋ k
שאָסיי	ʃ ɔ s ɛ ɪ̯
שאָף	ʃ ɔ f
שאַפֿן	ʃ a f n̩
שאַפֿע	ʃ a f ə
שאָפֿער	ʃ ɔ f ɛ ʁ
שאָקאָלאַד	ʃ ɔ k ɔ ɫ a d
שאַראַבאַן	ʃ a r a b a n
שאַרף	ʃ a ʁ f
שבֿועות	ʃ v u ə s
שבֿועות	ʃ v i ə s
שבֿט	ʃ ɛ ɪ̯ v ə t
שבֿט	ʃ a ɪ̯ v ə t
שבֿט	ʃ v a t
שבֿע־ברכות	ʃ ɛ v ə b ʁ ɔ χ ə s
שבֿע־ברכות	ʃ e ɪ̯ v ə b ʁ uː χ ə s
שבֿעה	ʃ ɪ v ə
שבֿעה	ʃ ɨ v ə
שדכן	ʃ a d χ n
שדרה	ʃ ɛ d ʁ ə
שווא	ʃ e ɪ̯ v ə
שווא	ʃ a ɪ̯ v ə
שווא	ʃ ɛ ɪ̯ v ə
שוואָ	ʃ v ɔ
שוואָ	ʃ v uː
שוואָ	ʃ v u
שוואַך	ʃ v a χ
שוואַכער	ʃ v a χ ə ʁ
שוואָם	ʃ v ɔ m
שוואַן	ʃ v a n
שוואַרמע	ʃ v a ʁ m ə
שוואַרץ	ʃ v a r t͡s
שוואַרצברויט	ʃ v a r t͡s b r ɔ ɪ̯ t
שוווּם	ʃ v ʊ m
שווייס	ʃ v ɛ ɪ̯ s
שווייס	ʃ v e ɪ̯ s
שווייס	ʃ v a ɪ̯ s
שווייץ	ʃ v ɛ ɪ̯ t͡s
שווימבאַסיין	ʃ v ɪ m b a s ɛ ɪ̯ n
שווימבאַסיינען	ʃ v ɪ m b a s ɛ ɪ̯ n ə n
שווימען	ʃ v ɪ m ə n
שוועבל	ʃ v ɛ b l̩
שוועד	ʃ v ɛ d
שוועדן	ʃ v ɛ d n̩
שוועדן	ʃ v eː d n̩
שוועדן	ʃ v e ɪ̯ d n̩
שוועדן	ʃ v ɛ ɪ̯ d n̩
שוועדן	ʃ v i d n̩
שוועל	ʃ v ɛ ɫ
שוועמל	ʃ v ɛ m ɫ̩
שוועמלעך	ʃ v ɛ m ɫ ə x
שוועסטער	ʃ v ɛ s t ə ʁ
שוועסטערל	ʃ v ɛ s t ə ʁ ɫ̩
שוועסטערקינד	ʃ v ɛ s t ə ʁ k ɪ n d
שוועסטערקינדער	ʃ v ɛ s t ə ʁ k ɪ n d ə ʁ
שווער	ʃ v ɛ ʁ
שווערד	ʃ v ɛ ʁ d
שוועריקייט	ʃ v ɛ r ɪ k a ɪ̯ t
שווערן	ʃ v ɛ ʁ n̩
שווערן	ʃ v ɛ ɪ̯ ə ʁ n̩
שווערן	ʃ v ɛ ɪ̯ ʁ n̩
שווערקייט	ʃ v ɛ r k a ɪ̯ t
שויוול	ʃ ɔ ɪ v l̩
שוימגומי	ʃ ɔ ɪ̯ m ɡ ʊ m ɪ
שוין	ʃ ɔ ɪ̯ n
שויס	ʃ ɔ ɪ̯ s
שויס	ʃ e ɪ̯ s
שויס־קאָמפּיוטער	ʃ ɔ ɪ̯ s k ɔ m p j ʊ t ə ʁ
שוך	ʃ ʊ χ
שוך	ʃ iː χ
שוך	ʃ i χ
שול	ʃ ʊ l
שול	ʃ iː l
שול	ʃ i l
שולן	ʃ ʊ ɫ n̩
שולע	ʃ u ɫ ə
שׂונא־ישׂראל	s ɔ ɪ̯ n ə j ɪ s r ɔ ə l
שׂונא־ישׂראל	s e ɪ̯ n ə ɪ s r ɔ ə l
שׂונא־ישׂראל	s e ɪ̯ n ə ɪ s r ɔ l
שׂונא־ישׂראל	s ɔ ɪ̯ n ə j i s r uː ə l
שׂונא־ישׂראל	s ɔ ɪ̯ n ə j i s r uː l
שׂונא־ישׂראל	s ɔ ɪ̯ n ə i s r uː ə l
שׂונא־ישׂראל	s ɔ ɪ̯ n ə i s r uː l
שׂונא־ישׂראל	s ɔ ɪ̯ n ə j i s r u ə l
שׂונא־ישׂראל	s ɔ ɪ̯ n ə j i s r u l
שׂונא־ישׂראל	s ɔ ɪ̯ n ə i s r u ə l
שׂונא־ישׂראל	s ɔ ɪ̯ n ə i s r u l
שופֿט	ʃ ɔ ɪ̯ f ə t
שופֿר	ʃ ɔ ɪ̯ f e r
שותּף	ʃ ʊ t ə f
שותּף	ʃ ɪ t ə f
שותּפֿות	ʃ ʊ t f ə s
שותּפֿות	ʃ ɪ t f ə s
שותּפֿות	ʃ ɨ t f ə s
שחור	ʃ ɔ χ ə ʁ
שחור	ʃ uː χ ə ʁ
שחור	ʃ u χ ə ʁ
שטאַם	ʃ t a m
שטאַמט	ʃ t a m t
שטאַמען	ʃ t a m ə n
שטאָף	ʃ t ɔ f
שטאָק	ʃ t ɔ k
שטאָקפֿיש	ʃ t ɔ k f ɪ ʃ
שטאַרב	ʃ t a ʁ b
שטאַרבט	ʃ t a ʁ p t
שטאַרבן	ʃ t a ʁ b n̩
שטאָרך	ʃ t ɔ ʁ χ
שטאַרק	ʃ t a ʁ k
שטאַרקן	ʃ t a ʁ k n̩
שטוב־חיה	ʃ t ʊ b χ a ɪ̯ e
שטוב־חיה	ʃ t iː b χ a ɪ̯ e
שטוב־חיה	ʃ t i b χ a ɪ̯ e
שטודירן	ʃ t ʊ d ɪ ʁ n̩
שטודירסט	ʃ t ʊ d ɪ ʁ s t
שטויסן	ʃ t ɔ ɪ̯ s n̩
שטויסן	ʃ t e ɪ̯ s n̩
שטויסן	ʃ t ɔ ʊ̯ s n̩
שטומפּיק	ʃ t ʊ m p ɪ k
שטומפּיק	ʃ t ɪ m p ɪ k
שטומפּיק	ʃ t ɨ m p ɨ k
שטורעם	ʃ t u ʁ ə m
שטורעמבאָק	ʃ t ʊ ʁ ə m b ɔ k
שטורעמען	ʃ t ʊ r ə m ə n
שטורקאַץ	ʃ t ʊ ʁ k a t͡s
שטח	ʃ ɛ t ə χ
שטײַגן	ʃ t a ɪ̯ ɡ n̩
שטיין	ʃ t ɛ ɪ̯ n
שטייסל	ʃ t ɛ ɪ̯ s l̩
שטייסל	ʃ t a ɪ̯ s l̩
שטייסל	ʃ t e ɪ̯ s l̩
שטײַער	ʃ t a ɪ̯ ə r
שטײַערן	ʃ t a ɪ̯ ə ʁ n̩
שטיל	ʃ t ɪ ɫ
שטים	ʃ t ɪ m
שטימונג	ʃ t ɪ m ʊ ŋ ɡ
שטינקט	ʃ t ɪ ŋ k t
שטינקען	ʃ t ɪ ŋ k ə n
שטיפֿ־	ʃ t ɪ f
שטיפֿברודער	ʃ t ɪ f b r ʊ d ɜ r
שטיפֿברידער	ʃ t ɪ f b ʁ ɪ d ə ʁ
שטיפֿטאַטע	ʃ t ɪ f t a t ɜ
שטיפֿשוועסטער	ʃ t ɪ f ʃ v ɛ s t ɜ r
שטיק	ʃ t ɪ k
שטיקל	ʃ t ɪ k ɫ̩
שטיקשטאָף	ʃ t ɪ k ʃ t ɔ f
שטעט	ʃ t ɛ t
שטעכט	ʃ t ɛ χ t
שטעכן	ʃ t ɛ χ n̩
שטעל	ʃ t ɛ ɫ
שטעלן	ʃ t ɛ l n̩
שטעלע	ʃ t ɛ ɫ ə
שטענדיק	ʃ t ɛ n d ɪ k
שטעקן	ʃ t ɛ k n̩
שטער	ʃ t ɛ ʁ
שטערן	ʃ t ɛ ʁ n̩
שטערנדל	ʃ t ɛ r n d ɫ̩
שטראַל	ʃ t ʁ a l
שטרוי	ʃ t ʁ ɔ ɪ̯
שטרויס	ʃ t r ɔ ɪ̯ s
שטרעבן	ʃ t ʁ ɛ b n̩
שטרעבן	ʃ t ʁ e ɪ b n̩
שטרעבן	ʃ t ʁ i b n̩
שיטן	ʃ ɪ t n̩
שיטן	ʃ ɨ t n̩
שייטל	ʃ ɛ ɪ̯ t ɫ̩
שייטלעך	ʃ ɛ ɪ̯ t ɫ ə χ
שײַכות	ʃ a ɪ̯ χ ə s
שיילן	ʃ ɛ ɪ̯ l n̩
שיין	ʃ ɛ ɪ̯ n
שיין	ʃ e ɪ̯ n
שיין	ʃ a ɪ̯ n
שיינבוים	ʃ ɛ ɪ̯ n b ɔ ɪ̯ m
שײַנען	ʃ a ɪ̯ n ə n
שיכּור	ʃ ɪ k ə ʁ
שיכּורט	ʃ ɪ k ə ʁ t
שיכּורים	ʃ ɪ k ʊ ʁ ɪ m
שיכּורן	ʃ ɪ k ə ʁ ə n
שילד	ʃ ɪ ɫ d
שילוּיע	ʃ ɪ ɫ ʊ j ə
שׂינאת־ישׂראל	s ɪ n ə s j ɪ s ʁ ɔ ə ɫ
שׂינאת־ישׂראל	s ɪ n ə s j ɪ s ʁ uː ɫ
שׂינאת־ישׂראל	s ɨ n ə s j ɨ s ʁ u ɫ
שינקע	ʃ ɪ ŋ k ə
שיסל	ʃ ɪ s ɫ̩
שיִער	ʃ i ə ʁ
שיפֿל	ʃ ɪ f ɫ̩
שיק	ʃ ɪ k
שיקאַגאָ	ʃ i k a ɡ ɔ
שיקן	ʃ ɪ k n̩
שירה	ʃ i ʁ ə
שירעם	ʃ ɪ ʁ ə m
שׂכל	s ɛ ɪ̯ χ l̩
שׂכל	s e ɪ̯ χ l̩
שׂכל	s a ɪ̯ χ l̩
שׂכל־הישר	s ɛ ɪ̯ χ l̩ h a j ɔ ʃ ə ʁ
שׂכל־הישר	s e ɪ̯ χ l̩ h a j ɔ ʃ ə ʁ
שׂכל־הישר	s e ɪ̯ χ l̩ a j ɔ ʃ ə ʁ
שׂכל־הישר	s a ɪ̯ χ l̩ h a j uː ʃ ə ʁ
שׂכל־הישר	s a ɪ̯ χ l̩ a j uː ʃ ə ʁ
שׂכל־הישר	s ɛ ɪ̯ χ l̩ h a j u ʃ ə ʁ
שׂכל־הישר	s ɛ ɪ̯ χ l̩ a j u ʃ ə ʁ
שׂכלדיק	s ɛ ɪ̯ χ l̩ d ɪ k
שׂכלדיק	s e ɪ̯ χ l̩ d ɪ k
שׂכלדיק	s a ɪ̯ χ l̩ d ɪ k
שׂכלדיק	s ɛ ɪ̯ χ l̩ d ɨ k
שׂכלדיקייט	s ɛ ɪ̯ χ l̩ d ɪ k a ɪ̯ t
שׂכלדיקייט	s e ɪ̯ χ l̩ d ɪ k a ɪ̯ t
שׂכלדיקייט	s a ɪ̯ χ l̩ d ɪ k a ɪ̯ t
שׂכלדיקייט	s ɛ ɪ̯ χ l̩ d ɨ k ɛ ɪ̯ t
שכן	ʃ ɔ χ n̩
שכנים	ʃ x ɛ ɪ̯ n ə m
שׂכר־לימוד	s χ a ʁ l ɪ m ə d
שׂכר־לימוד	s χ a ʁ l ɨ m ə d
שלאָג	ʃ ɫ ɔ ɡ
שלאָגן	ʃ ɫ ɔ ɡ ŋ̩
שלאַנגען	ʃ l a ŋ ɡ ə n
שלאַף	ʃ l a f
שלאָף	ʃ l ɔ f
שלאָף־מויז	ʃ ɫ ɔ f m ɔ ɪ̯ z
שלאָפֿזאַק	ʃ ɫ ɔ f z a k
שלאָפֿזעק	ʃ ɫ ɔ f z ɛ k
שלאָפֿן	ʃ ɫ ɔ f n̩
שלאָפֿראָק	ʃ ɫ ɔ f ʁ ɔ k
שלאַקסרעגן	ʃ ɫ a k s ʁ ɛ ɡ n̩
שלום	ʃ ɔ ɫ ə m
שלום	ʃ uː ɫ ə m
שלום	ʃ u ɫ ə m
שלומדיק	ʃ ɔ ɫ ə m d ɪ k
שלוש־סעודות	ʃ a l ə ʃ ʊ d ə s
שלח־מנות	ʃ a ɫ a χ m ɔ n ə s
שלח־מנות	ʃ ɫ a χ m ɔ n ə s
שלײַם	ʃ ɫ a ɪ̯ m
שלייערן	ʃ l ɛ ɪ̯ ə ʁ n̩
שלייערן	ʃ l e ɪ̯ ə ʁ n̩
שלייערן	ʃ l a ɪ̯ ə ʁ n̩
שלייף	ʃ ɫ ɛ ɪ̯ f
שלייף	ʃ ɫ e ɪ̯ f
שלייף	ʃ ɫ a ɪ̯ f
שלימזל	ʃ ʎ ɪ m a z ɫ̩
שליסל	ʃ ʎ ɪ s ɫ̩
שליסל־קייטל	ʃ ʎ ɪ s ɫ̩ k ɛ ɪ̯ t ɫ̩
שליסלביין	ʃ ʎ ɪ s ɫ̩ b ɛ ɪ̯ n
שלמה	ʃ ɫ ɔ ɪ̯ m ə
שלעכט	ʃ ɫ ɛ χ t
שמאָל	ʃ m ɔ ɫ
שמאַנט	ʃ m a n t
שמאָק	ʃ m ɔ k
שמאָראַק	ʃ m ɔ r a k
שמדן	ʃ m a d n̩
שמונה־עשׂרה	ʃ m ɔ ɪ̯ n ə ɛ s ʁ ə
שמונה־עשׂרה	ʃ m ɔ ɪ̯ n ɛ s ʁ ə
שמונה־עשׂרה	ʃ m e ɪ̯ n ə ɛ s ʁ ə
שמונה־עשׂרה	ʃ m e ɪ̯ n ɛ s ʁ ə
שמונה־עשׂרה	ʃ ɪ m ə n ɛ s ʁ ə
שמונה־עשׂרה	ʃ a m ə n ɛ s ʁ ə
שמועס	ʃ m u ə s
שמוץ	ʃ m ʊ t͡s
שמוציק	ʃ m u t͡s ɪ k
שמות	ʃ m ɔ ɪ̯ s
שׂמחה	s ɪ m χ ə
שׂמחות	s ɪ m χ ə s
שמיד	ʃ m ɪ d
שמידן	ʃ m ɪ d n̩
שמעק	ʃ m ɛ k
שמעקן	ʃ m ɛ k n̩
שמערלינג	ʃ m ɛ ʁ ɫ ɪ ŋ ɡ
שנאָבל	ʃ n ɔ b ɫ̩
שׂנאה	s ɪ n ɜ
שנאָז	ʃ n ɔ z
שנאָרן	ʃ n ɔ ʁ n̩
שנויץ	ʃ n ɔ ɪ̯ t͡s
שנויץ־מויז	ʃ n ɔ ɪ̯ t͡s m ɔ ɪ̯ z
שנור	ʃ n ʊ ʁ
שנור	ʃ n ʊ ʁ
שניטקע	ʃ n ɪ t k ə
שניי	ʃ n ɛ ɪ̯
שנײַד	ʃ n a ɪ̯ d
שנײַדן	ʃ n a ɪ̯ d n̩
שנײַדער	ʃ n a ɪ̯ d ə ʁ
שנײַדער	ʃ n aː d ə ʁ
שנײַדער	ʃ n aː d ə
שנײַדער	ʃ n a d ə ʁ
שנייט	ʃ n ɛ ɪ̯ t
שנייען	ʃ n ɛ ɪ̯ ə n
שניצל	ʃ n ɪ t͡s ɫ̩
שנעל	ʃ n ɛ ɫ
שנעק	ʃ n ɛ k
־שע	ʃ ə
שעה	ʃ ɔ
שעה	ʃ ʊ
שׂעיר־לעזאָזל	s ɔ ə ʁ l ə z ɔ z l̩
שׂעיר־לעזאָזל	s uː ə ʁ l ə z uː z l̩
שׂעיר־לעזאָזל	s u ə ʁ l ə z u z l̩
שענער	ʃ ɛ n ə ʁ
שענק	ʃ ɛ n k
שענקל	ʃ ɛ ŋ k ɫ̩
שעפּס	ʃ ɛ p s
שעפֿעלע	ʃ ɛ f ə ɫ ə
שערי	ʃ ɛ r ɪ
שערל	ʃ ɛ ʁ l̩
שערלעך	ʃ ɛ ʁ l ə χ
שפּאָט	ʃ p ɔ t
שפּאַטל	ʃ p a t ɫ̩
שפּאַניע	ʃ p a n j ə
שפּאַניש	ʃ p a n ɪ ʃ
שפּאַנישער	ʃ p a n ɪ ʃ ə ʁ
שפּאַרגל	ʃ p a r ɡ ɫ̩
שפּור	ʃ p ʊ r
שפּור	ʃ p u r
שפּיגל	ʃ p ɪ ɡ l̩
שפּיזגלאָז	ʃ p ɪ z ɡ l ɔ z
שפּיזגעמזע	ʃ p ɪ z ɡ ɛ m z ə
שפּיטאָל	ʃ p ɪ t ɔ l
שפּיטאָל	ʃ p iː t uː l
שפּיטאָל	ʃ p i t u l
שפּײַז	ʃ p a j z
שפֿיכת־דמים	ʃ f ɪ χ ə s d ɔ m ə m
שפֿיכת־דמים	ʃ f iː χ ə s d uː m ə m
שפֿיכת־דמים	ʃ f i χ ə s d u m ə m
שפּיל	ʃ p ɪ ɫ
שפּיל	ʃ p ɪ ɫ
שפּילט	ʃ p ɪ ɫ t
שפּילן	ʃ p ɪ ɫ n̩
שפּילן	ʃ p ɪ ɫ n̩
שפּילער	ʃ p ɪ ɫ ə ʁ
שפּילצײַג	ʃ p ɪ ɫ t͡s a ɪ̯ ɡ
שפּין	ʃ p ɪ n
שפּינאַט	ʃ p ɪ n a t
שפּינאַק	ʃ p ɪ n a k
שפּינען	ʃ p ɪ n ə n
שפּיץ	ʃ p ɪ t͡s
שפּיץ־האַק	ʃ p ɪ t͡s h a k
שפּיציק	ʃ p ɪ t͡s ɪ k
שפן	ʃ a f a n
שפּעט	ʃ p ɛ t
שפּעטסט	ʃ p ɛ t s t
שפּעטסטן	ʃ p ɛ t s t n̩
שפּעטער	ʃ p ɛ t ə ɾ
שפּערל	ʃ p ɛ ɾ l̩
שפּערל	s p ɛ ɾ l̩
שפּערל	ʃ p e j ɾ l̩
שפּרײַזן	ʃ p ʁ a ɪ̯ z n̩
שפּרינגען	ʃ p ʁ ɪ ŋ ɡ ə n
שפּריץ	ʃ p ʁ ɪ t͡s
שקל	ʃ ɛ k ɫ̩
שקר	ʃ ɛ k ɜ r
שקר	ʃ e ɪ̯ k ɜ r
שקר	ʃ eː k ɜ r
שׂר	s a ʁ
שׂרה	s ɔ r ə
שׂרה	s uː r ə
שרומפּן	ʃ r ʊ m p n̩
שׂריד	s ɔ ʁ ə d
שׂריד	s uː ʁ ə d
שׂריד	s u ʁ ə d
שׂריד־ופּליט	s ɔ ʁ ə d ʊ p ɔ ɫ ə t
שׂריד־ופּליט	s uː ʁ ə d ɪ p uː ɫ ə t
שׂריד־ופּליט	s u ʁ ə d ɨ p u ɫ ə t
שריט	ʃ r ɪ t
שריט	ʃ r ɨ t
שרײַבטיש	ʃ r a ɪ̯ b t ɪ ʃ
שרײַבטיש	ʃ r a ɪ̯ p t ɪ ʃ
שרײַבטיש	ʃ r aː b t ɪ ʃ
שרײַבטיש	ʃ r a b t ɨ ʃ
שרײַבן	ʃ r a ɪ b n̩
שרײַער	ʃ r a ɪ̯ ə r
שׂריפֿה	s ʁ ɛ ɪ̯ f ə
שׂריפֿה	s ʁ e ɪ̯ f ə
שׂריפֿה	s ʁ a ɪ̯ f ə
שרעק	ʃ ʁ ɛ k
שרעק־חלום	ʃ ʁ ɛ k χ ɔ l ə m
שרעק־חלום	ʃ ʁ ɛ k χ uː l ə m
שרעק־חלום	ʃ ʁ ɛ k χ u l ə m
שרעקן	ʃ ʁ ɛ k n̩
שרעקסט	ʃ ʁ ɛ k s t
שׂרף	s ɔ ʁ ə f
שׂרף	s uː ʁ ə f
שׂרף	s u ʁ ə f
שׂרפֿען	s a ʁ f ə n
שרץ	ʃ ɛ ʁ ə t͡s
שׂררה	s ʁ ɔ ʁ ə
שׂררה	s ʁ uː ʁ ə
שׂררה	s ʁ u ʁ ə
שׂשׂון־ושׂמחה	s ɔ s n̩ v ə s ɪ m χ ə
שׂשׂון־ושׂמחה	s uː s n̩ v ə s ɪ m χ ə
שׂשׂון־ושׂמחה	s u s n̩ v ə s ɨ m χ ə
תּבֿה	t ɛ ɪ̯ v ə
תּבֿה	t a ɪ̯ v ə
תּהום	t h ɔ m
תּהום	t ɔ m
תּוצאה	t ɔ ɪ̯ t͡s ɔ j ə
תּוצאה	t ɔ ɪ̯ t͡s ɔ ə
תּוצאה	t e ɪ̯ t͡s ɔ j ə
תּוצאה	t e ɪ̯ t͡s ɔ ə
תּוצאה	t ɔ ɪ̯ t͡s uː j ə
תּוצאה	t ɔ ɪ̯ t͡s uː ə
תּוצאה	t ɔ ɪ̯ t͡s u j ə
תּוצאה	t ɔ ɪ̯ t͡s u ə
תּורה	t ɔ ɪ̯ ʁ ə
תּורה	t e ɪ̯ ʁ ə
תּושבֿ	t ɔ ɪ̯ ʃ ə v
תּושבֿ	t e ɪ̯ ʃ ə v
תּחום	t χ ʊ m
תּחום	t χ ɪ m
תּחום־המושבֿ	t χ ʊ m h a m ɔ ɪ̯ ʃ ə v
תּחום־המושבֿ	t χ ʊ m a m ɔ ɪ̯ ʃ ə v
תּחום־המושבֿ	t χ ʊ m h a m e ɪ̯ ʃ ə v
תּחום־המושבֿ	t χ ʊ m a m e ɪ̯ ʃ ə v
תּחום־המושבֿ	t χ ɪ m h a m ɔ ɪ̯ ʃ ɪ f
תּחום־המושבֿ	t χ ɪ m a m ɔ ɪ̯ ʃ ɪ f
תּחילת	t χ ɪ l ə s
תּחתער	t ɛ χ ə s ə ʁ
תּימן	t ɛ ɪ̯ m ɜ n
תּכונה	t χ ʊ n ə
תּכונה	t χ iː n ə
תּכונה	t χ i n ə
תּל	t ɛ ɫ
תּל־אָבֿיבֿ	t ɛ l a v ɪ v
תּלמיד	t a ɫ m ə d
תּלמידה	t a ɫ m ɪ d ə
תּלמידים	t a ɫ m ɪ d ə m
תּמוז	t a m ə z
תּמיד	t ɔ m ə d
תּמימותדיק	t ə m ɪ m ə s d ɪ k
תּמעוואַטע	t a m ə v a t ə
תּמצית	t a m t͡s ə s
תּנאַי	t n a ɪ̯
תּנ״ך	t a n a χ
תּענוג	t a ɪ̯ n ə ɡ
תּענוג	t aː n ə k
תּפֿוצות	t f ʊ t͡s ə s
תּפֿוצות	t f iː t͡s ə s
תּפֿוצות	t f i t͡s ə s
תּפֿילין	t ə f ɪ ɫ ə n
תּפֿילין	t f ɪ ɫ ə n
תּפֿילין	t ə f ɨ ɫ ə n
תּפֿילין	t f ɨ ɫ ə n
תּקופֿה	t k ʊ f ə
תּקופֿה	t k iː f ə
תּקופֿה	t k i f ə
תּקיעת־כּף	t k ɪ j ə s k a f
תּקיעת־כּף	t ə k ɪ j ə s k a f
תּרבות	t a ʀ b ɛ s
תּשובֿה	t͡ʃ ʊ v ə
תּשובֿה	t͡ʃ iː v ə
תּשובֿה	t͡ʃ i v ə
תּשרי	t ɪ ʃ ʁ ə
